/*******************************************************************************
 * Size: 18 px
 * Bpp: 4
 * Opts: --size 18 --bpp 4 --no-compress --format lvgl --lv-include lvgl.h --font assets/fonts/FunnelDisplay-SemiBold.ttf -r 0x20-0x7E -r 0xA0-0xFF -r 0x100-0x17F --lv-fallback lv_font_montserrat_18 --lv-font-name scry_font_funnel_display_semibold_18 -o src/fonts/scry_font_funnel_display_semibold_18.c
 ******************************************************************************/

#ifdef LV_LVGL_H_INCLUDE_SIMPLE
#include "lvgl.h"
#else
#include "lvgl.h"
#endif

#ifndef SCRY_FONT_FUNNEL_DISPLAY_SEMIBOLD_18
#define SCRY_FONT_FUNNEL_DISPLAY_SEMIBOLD_18 1
#endif

#if SCRY_FONT_FUNNEL_DISPLAY_SEMIBOLD_18

/*-----------------
 *    BITMAPS
 *----------------*/

/*Store the image of the glyphs*/
static LV_ATTRIBUTE_LARGE_CONST const uint8_t glyph_bitmap[] = {
    /* U+0020 " " */

    /* U+0021 "!" */
    0xbf, 0x9b, 0xf9, 0xbf, 0x9b, 0xf9, 0xaf, 0x89,
    0xf7, 0x8f, 0x68, 0xf5, 0x13, 0x13, 0x92, 0xdf,
    0xb8, 0xf6,

    /* U+0022 "\"" */
    0xf, 0xb0, 0x5f, 0x60, 0xfb, 0x5, 0xf6, 0xf,
    0xb0, 0x5f, 0x60, 0xfb, 0x5, 0xf6, 0x8, 0x60,
    0x28, 0x30,

    /* U+0023 "#" */
    0x0, 0xc, 0xf0, 0xf, 0xd0, 0x0, 0xf, 0xc0,
    0x2f, 0x90, 0x0, 0x3f, 0x90, 0x6f, 0x60, 0x1f,
    0xff, 0xff, 0xff, 0xfb, 0x9, 0xdf, 0x99, 0xef,
    0x97, 0x0, 0xcd, 0x0, 0xdc, 0x0, 0x0, 0xfa,
    0x0, 0xf9, 0x0, 0xdf, 0xff, 0xff, 0xff, 0xf0,
    0x7c, 0xfb, 0x9d, 0xfa, 0x90, 0x9, 0xf3, 0xb,
    0xf0, 0x0, 0xc, 0xf0, 0xe, 0xd0, 0x0, 0xf,
    0xd0, 0x1f, 0xa0, 0x0,

    /* U+0024 "$" */
    0x0, 0x0, 0x9f, 0x20, 0x0, 0x0, 0x39, 0xef,
    0xb6, 0x0, 0x5, 0xff, 0xff, 0xff, 0xc0, 0xe,
    0xf6, 0x0, 0x3e, 0xf8, 0x1f, 0xf1, 0x0, 0x5,
    0xa8, 0xd, 0xfd, 0x74, 0x0, 0x0, 0x3, 0xdf,
    0xff, 0xfc, 0x50, 0x0, 0x4, 0x8c, 0xff, 0xf6,
    0x1, 0x10, 0x0, 0x9, 0xfd, 0x6f, 0xe0, 0x0,
    0x4, 0xfe, 0x1e, 0xfc, 0x53, 0x5d, 0xfa, 0x3,
    0xef, 0xff, 0xff, 0xc1, 0x0, 0x4, 0xaf, 0xa4,
    0x0, 0x0, 0x0, 0x5f, 0x50, 0x0,

    /* U+0025 "%" */
    0x3, 0xdf, 0xe6, 0x0, 0x0, 0xaf, 0x20, 0x0,
    0x1f, 0xd5, 0xbf, 0x30, 0x3, 0xf8, 0x0, 0x0,
    0x4f, 0x70, 0x3f, 0x80, 0xd, 0xe0, 0x0, 0x0,
    0x5f, 0x60, 0x3f, 0x80, 0x7f, 0x50, 0x0, 0x0,
    0x2f, 0xb1, 0x8f, 0x51, 0xfb, 0x0, 0x0, 0x0,
    0x7, 0xff, 0xf9, 0xa, 0xf2, 0x0, 0x0, 0x0,
    0x0, 0x13, 0x10, 0x4f, 0x80, 0x9f, 0xfd, 0x30,
    0x0, 0x0, 0x0, 0xdd, 0x6, 0xf9, 0x5e, 0xe0,
    0x0, 0x0, 0x7, 0xf4, 0xa, 0xf1, 0x8, 0xf2,
    0x0, 0x0, 0x1f, 0xb0, 0xa, 0xf1, 0x9, 0xf2,
    0x0, 0x0, 0xaf, 0x20, 0x6, 0xfa, 0x6e, 0xd0,
    0x0, 0x4, 0xf7, 0x0, 0x0, 0x8e, 0xfc, 0x20,

    /* U+0026 "&" */
    0x0, 0x4c, 0xff, 0xfa, 0x0, 0x0, 0x0, 0x4f,
    0xff, 0xff, 0xa0, 0x0, 0x0, 0xa, 0xfd, 0x10,
    0x0, 0x0, 0x0, 0x0, 0xbf, 0x80, 0x0, 0xc,
    0xf5, 0x0, 0x5, 0xfd, 0x20, 0x0, 0xcf, 0x50,
    0x0, 0x6, 0xff, 0xff, 0xff, 0xff, 0xf0, 0x6,
    0xff, 0xdc, 0xcc, 0xff, 0xdc, 0x2, 0xff, 0x40,
    0x0, 0xd, 0xf5, 0x0, 0x5f, 0xf0, 0x0, 0x0,
    0xdf, 0x50, 0x3, 0xff, 0x60, 0x0, 0xd, 0xf5,
    0x0, 0xb, 0xff, 0xff, 0xff, 0xff, 0x50, 0x0,
    0x8, 0xdf, 0xff, 0xff, 0xf5, 0x0,

    /* U+0027 "'" */
    0xf, 0xb0, 0xfb, 0xf, 0xb0, 0xfb, 0x8, 0x60,

    /* U+0028 "(" */
    0x0, 0x7f, 0xb0, 0x1, 0xff, 0x20, 0x8, 0xfa,
    0x0, 0xd, 0xf4, 0x0, 0x1f, 0xf0, 0x0, 0x4f,
    0xd0, 0x0, 0x5f, 0xb0, 0x0, 0x6f, 0xb0, 0x0,
    0x5f, 0xc0, 0x0, 0x3f, 0xe0, 0x0, 0xf, 0xf2,
    0x0, 0xc, 0xf7, 0x0, 0x5, 0xfd, 0x0, 0x0,
    0xdf, 0x60, 0x0, 0x28, 0x70,

    /* U+0029 ")" */
    0x3f, 0xe1, 0x0, 0xaf, 0x90, 0x2, 0xff, 0x10,
    0xc, 0xf5, 0x0, 0x8f, 0x90, 0x5, 0xfc, 0x0,
    0x3f, 0xd0, 0x3, 0xfe, 0x0, 0x4f, 0xd0, 0x6,
    0xfb, 0x0, 0x9f, 0x80, 0xe, 0xf4, 0x5, 0xfd,
    0x0, 0xdf, 0x50, 0x38, 0x70, 0x0,

    /* U+002A "*" */
    0x0, 0x3, 0xf8, 0x0, 0x0, 0x0, 0x3f, 0x80,
    0x0, 0x1f, 0xb7, 0xf9, 0x9e, 0x53, 0xcf, 0xff,
    0xff, 0xe6, 0x0, 0x1e, 0xff, 0x40, 0x0, 0x9,
    0xf9, 0xfd, 0x0, 0x2, 0xfc, 0x8, 0xf6, 0x0,
    0x3, 0x10, 0x4, 0x0,

    /* U+002B "+" */
    0x0, 0x0, 0x57, 0x0, 0x0, 0x0, 0x0, 0xbf,
    0x10, 0x0, 0x0, 0x0, 0xbf, 0x10, 0x0, 0x0,
    0x0, 0xbf, 0x10, 0x0, 0x1f, 0xff, 0xff, 0xff,
    0xf6, 0xb, 0xbb, 0xef, 0xcb, 0xb4, 0x0, 0x0,
    0xbf, 0x10, 0x0, 0x0, 0x0, 0xbf, 0x10, 0x0,
    0x0, 0x0, 0xbf, 0x10, 0x0,

    /* U+002C "," */
    0x6, 0x62, 0x2f, 0xf6, 0x2f, 0xf6, 0x1, 0xf5,
    0x7f, 0xe1, 0x13, 0x0,

    /* U+002D "-" */
    0x5d, 0xdd, 0xd1, 0x6f, 0xff, 0xf2,

    /* U+002E "." */
    0x9, 0xa1, 0x4f, 0xf8, 0x1d, 0xe3,

    /* U+002F "/" */
    0x0, 0x0, 0x7f, 0x90, 0x0, 0xd, 0xf3, 0x0,
    0x3, 0xfd, 0x0, 0x0, 0x9f, 0x70, 0x0, 0xe,
    0xf1, 0x0, 0x5, 0xfb, 0x0, 0x0, 0xbf, 0x50,
    0x0, 0x1f, 0xf0, 0x0, 0x6, 0xf9, 0x0, 0x0,
    0xcf, 0x30, 0x0, 0x2f, 0xd0, 0x0, 0x8, 0xf7,
    0x0, 0x0,

    /* U+0030 "0" */
    0x0, 0x3b, 0xff, 0xd6, 0x0, 0x3, 0xff, 0xfe,
    0xff, 0x80, 0xc, 0xfa, 0x0, 0x5f, 0xf2, 0x1f,
    0xf2, 0x0, 0xc, 0xf7, 0x4f, 0xe0, 0x0, 0x9,
    0xfa, 0x6f, 0xd0, 0x0, 0x7, 0xfb, 0x6f, 0xd0,
    0x0, 0x7, 0xfb, 0x4f, 0xe0, 0x0, 0x9, 0xfa,
    0x1f, 0xf2, 0x0, 0xc, 0xf7, 0xc, 0xfa, 0x0,
    0x5f, 0xf2, 0x3, 0xff, 0xfe, 0xff, 0x80, 0x0,
    0x3b, 0xff, 0xd6, 0x0,

    /* U+0031 "1" */
    0x0, 0x1b, 0xfd, 0x0, 0x0, 0x6f, 0xff, 0xd0,
    0x0, 0x9f, 0xfc, 0xfd, 0x0, 0xc, 0xd3, 0x6f,
    0xd0, 0x0, 0x60, 0x6, 0xfd, 0x0, 0x0, 0x0,
    0x6f, 0xd0, 0x0, 0x0, 0x6, 0xfd, 0x0, 0x0,
    0x0, 0x6f, 0xd0, 0x0, 0x0, 0x6, 0xfd, 0x0,
    0x0, 0x0, 0x6f, 0xd0, 0x0, 0x6c, 0xcd, 0xff,
    0xcc, 0x58, 0xff, 0xff, 0xff, 0xf7,

    /* U+0032 "2" */
    0x0, 0x5c, 0xff, 0xd8, 0x0, 0x6, 0xff, 0xed,
    0xff, 0xc0, 0xf, 0xf7, 0x0, 0x3f, 0xf4, 0x3e,
    0xd0, 0x0, 0xd, 0xf6, 0x0, 0x0, 0x0, 0x2f,
    0xf3, 0x0, 0x0, 0x1, 0xdf, 0xa0, 0x0, 0x0,
    0x2d, 0xfc, 0x0, 0x0, 0x2, 0xef, 0xb0, 0x0,
    0x0, 0x3e, 0xfa, 0x0, 0x0, 0x4, 0xff, 0x90,
    0x0, 0x0, 0x2f, 0xff, 0xee, 0xee, 0xe8, 0x4f,
    0xff, 0xff, 0xff, 0xf9,

    /* U+0033 "3" */
    0x0, 0x5c, 0xff, 0xd8, 0x10, 0x7, 0xff, 0xdd,
    0xff, 0xd0, 0x1f, 0xf5, 0x0, 0x2f, 0xf4, 0x16,
    0x60, 0x0, 0xd, 0xf5, 0x0, 0x0, 0x0, 0x5f,
    0xe0, 0x0, 0xa, 0xff, 0xfd, 0x10, 0x0, 0x7,
    0xbc, 0xff, 0xb0, 0x0, 0x0, 0x0, 0xd, 0xf8,
    0x25, 0x40, 0x0, 0x8, 0xfb, 0x4f, 0xf3, 0x0,
    0x1d, 0xf8, 0xb, 0xff, 0xdd, 0xff, 0xe1, 0x0,
    0x7d, 0xff, 0xd9, 0x10,

    /* U+0034 "4" */
    0x0, 0x0, 0x1, 0xdf, 0x80, 0x0, 0x0, 0x0,
    0xbf, 0xf8, 0x0, 0x0, 0x0, 0x9f, 0xff, 0x80,
    0x0, 0x0, 0x6f, 0xc9, 0xf8, 0x0, 0x0, 0x4f,
    0xd1, 0x8f, 0x80, 0x0, 0x2f, 0xf2, 0x8, 0xf8,
    0x0, 0x1d, 0xf4, 0x0, 0x8f, 0x80, 0xb, 0xfe,
    0xbb, 0xbd, 0xfd, 0xb1, 0xdf, 0xff, 0xff, 0xff,
    0xff, 0x20, 0x0, 0x0, 0xa, 0xf8, 0x0, 0x0,
    0x0, 0x0, 0xaf, 0x80, 0x0, 0x0, 0x0, 0xa,
    0xf8, 0x0,

    /* U+0035 "5" */
    0x3, 0xff, 0xff, 0xff, 0xf0, 0x5, 0xff, 0xee,
    0xee, 0xe0, 0x7, 0xf9, 0x0, 0x0, 0x0, 0x9,
    0xf7, 0x0, 0x0, 0x0, 0xc, 0xfa, 0xdf, 0xea,
    0x20, 0xe, 0xff, 0xdc, 0xff, 0xe1, 0xa, 0xa3,
    0x0, 0x1e, 0xf8, 0x0, 0x0, 0x0, 0x8, 0xfb,
    0x26, 0x50, 0x0, 0x8, 0xfa, 0x4f, 0xf3, 0x0,
    0x2e, 0xf6, 0xb, 0xff, 0xed, 0xff, 0xd0, 0x0,
    0x7d, 0xff, 0xd8, 0x0,

    /* U+0036 "6" */
    0x0, 0x19, 0xef, 0xea, 0x20, 0x1, 0xdf, 0xfc,
    0xef, 0xf2, 0x9, 0xfc, 0x0, 0xa, 0xe9, 0xf,
    0xf3, 0x0, 0x0, 0x0, 0x3f, 0xf3, 0xbf, 0xfb,
    0x30, 0x5f, 0xff, 0xdc, 0xff, 0xf3, 0x5f, 0xf7,
    0x0, 0x1c, 0xfa, 0x4f, 0xf0, 0x0, 0x5, 0xfd,
    0x1f, 0xf1, 0x0, 0x5, 0xfd, 0xc, 0xfa, 0x0,
    0xc, 0xf9, 0x2, 0xff, 0xec, 0xff, 0xe1, 0x0,
    0x2a, 0xef, 0xe9, 0x10,

    /* U+0037 "7" */
    0x7f, 0xff, 0xff, 0xff, 0xfd, 0x7f, 0xff, 0xff,
    0xff, 0xfc, 0x0, 0x0, 0x0, 0x1f, 0xf4, 0x0,
    0x0, 0x0, 0x9f, 0xc0, 0x0, 0x0, 0x2, 0xff,
    0x40, 0x0, 0x0, 0xb, 0xfb, 0x0, 0x0, 0x0,
    0x3f, 0xf3, 0x0, 0x0, 0x0, 0xcf, 0xa0, 0x0,
    0x0, 0x5, 0xff, 0x20, 0x0, 0x0, 0xd, 0xf9,
    0x0, 0x0, 0x0, 0x6f, 0xf1, 0x0, 0x0, 0x0,
    0xef, 0x80, 0x0, 0x0,

    /* U+0038 "8" */
    0x0, 0x5c, 0xff, 0xd8, 0x0, 0x7, 0xff, 0xdc,
    0xff, 0xc0, 0xf, 0xf7, 0x0, 0x2f, 0xf4, 0xf,
    0xf2, 0x0, 0xc, 0xf5, 0xb, 0xfa, 0x10, 0x5f,
    0xf1, 0x1, 0xbf, 0xff, 0xfe, 0x30, 0x5, 0xef,
    0xdc, 0xff, 0xa0, 0x2f, 0xf4, 0x0, 0x1c, 0xf8,
    0x6f, 0xd0, 0x0, 0x7, 0xfc, 0x4f, 0xf4, 0x0,
    0x1d, 0xfa, 0xc, 0xff, 0xdd, 0xff, 0xf2, 0x0,
    0x7c, 0xff, 0xe9, 0x20,

    /* U+0039 "9" */
    0x0, 0x6d, 0xff, 0xc4, 0x0, 0x9, 0xff, 0xcd,
    0xff, 0x60, 0x3f, 0xf3, 0x0, 0x5f, 0xf1, 0x6f,
    0xb0, 0x0, 0xc, 0xf6, 0x6f, 0xc0, 0x0, 0xc,
    0xf9, 0x3f, 0xf7, 0x0, 0x6f, 0xfa, 0x9, 0xff,
    0xff, 0xfc, 0xfa, 0x0, 0x5a, 0xb9, 0x2a, 0xf8,
    0x1, 0x10, 0x0, 0xe, 0xf5, 0x4f, 0xf3, 0x0,
    0x6f, 0xe0, 0xb, 0xff, 0xcd, 0xff, 0x50, 0x0,
    0x8d, 0xff, 0xc4, 0x0,

    /* U+003A ":" */
    0x7f, 0x9c, 0xff, 0x4b, 0x60, 0x0, 0x0, 0x0,
    0x0, 0x4b, 0x6c, 0xff, 0x7f, 0x90,

    /* U+003B ";" */
    0x7f, 0x9c, 0xff, 0x4b, 0x60, 0x0, 0x0, 0x4,
    0x65, 0xbf, 0xdb, 0xfd, 0xa, 0xdf, 0xf7, 0x32,
    0x0,

    /* U+003C "<" */
    0x0, 0x0, 0x0, 0x0, 0x0, 0x0, 0x0, 0x6,
    0xd1, 0x0, 0x2, 0x8f, 0xff, 0x10, 0x4b, 0xff,
    0xd6, 0x0, 0xaf, 0xfa, 0x30, 0x0, 0xb, 0xfe,
    0x82, 0x0, 0x0, 0x6, 0xdf, 0xfb, 0x50, 0x0,
    0x0, 0x3a, 0xff, 0xe1, 0x0, 0x0, 0x1, 0x8e,
    0x10, 0x0, 0x0, 0x0, 0x0,

    /* U+003D "=" */
    0xef, 0xff, 0xff, 0xff, 0x3a, 0xcc, 0xcc, 0xcc,
    0xc2, 0x0, 0x0, 0x0, 0x0, 0xa, 0xcc, 0xcc,
    0xcc, 0xc2, 0xef, 0xff, 0xff, 0xff, 0x30,

    /* U+003E ">" */
    0x0, 0x0, 0x0, 0x0, 0xa, 0x82, 0x0, 0x0,
    0x0, 0xaf, 0xfb, 0x40, 0x0, 0x0, 0x4a, 0xff,
    0xd7, 0x10, 0x0, 0x1, 0x7e, 0xff, 0x10, 0x0,
    0x6, 0xdf, 0xf1, 0x2, 0x9f, 0xff, 0x82, 0x9,
    0xff, 0xd6, 0x0, 0x0, 0xba, 0x30, 0x0, 0x0,
    0x0, 0x0, 0x0, 0x0, 0x0,

    /* U+003F "?" */
    0x1, 0xae, 0xfe, 0xa2, 0x1, 0xef, 0xfd, 0xff,
    0xf2, 0x7f, 0xd1, 0x0, 0xdf, 0x72, 0x42, 0x0,
    0xb, 0xf8, 0x0, 0x0, 0x6, 0xff, 0x20, 0x0,
    0x9, 0xff, 0x40, 0x0, 0x8, 0xfe, 0x20, 0x0,
    0x0, 0xef, 0x20, 0x0, 0x0, 0x2, 0x20, 0x0,
    0x0, 0x0, 0x77, 0x0, 0x0, 0x0, 0x5f, 0xf3,
    0x0, 0x0, 0x1, 0xed, 0x10, 0x0,

    /* U+0040 "@" */
    0x0, 0x0, 0x17, 0xbe, 0xff, 0xeb, 0x50, 0x0,
    0x0, 0x0, 0x6f, 0xfe, 0xb9, 0x9b, 0xef, 0xd3,
    0x0, 0x0, 0x8f, 0xd4, 0x0, 0x0, 0x0, 0x5e,
    0xf3, 0x0, 0x4f, 0xc0, 0x1a, 0xff, 0x8d, 0xf2,
    0x2f, 0xd0, 0xc, 0xf2, 0xc, 0xfe, 0xbe, 0xff,
    0x20, 0x8f, 0x40, 0xfb, 0x2, 0xfe, 0x10, 0x1f,
    0xf2, 0x5, 0xf6, 0x2f, 0x90, 0x5f, 0xa0, 0x0,
    0xdf, 0x20, 0x5f, 0x62, 0xf9, 0x3, 0xfd, 0x0,
    0xe, 0xf2, 0xa, 0xf3, 0xf, 0xc0, 0xe, 0xfb,
    0x6b, 0xff, 0x48, 0xfa, 0x0, 0xbf, 0x30, 0x3e,
    0xff, 0xc9, 0xff, 0xfa, 0x0, 0x3, 0xfd, 0x20,
    0x4, 0x30, 0x3, 0x41, 0x0, 0x0, 0x6, 0xff,
    0x83, 0x10, 0x0, 0x0, 0x0, 0x0, 0x0, 0x4,
    0xdf, 0xff, 0xff, 0xff, 0xf3, 0x0, 0x0, 0x0,
    0x0, 0x26, 0x89, 0x99, 0x99, 0x10, 0x0,

    /* U+0041 "A" */
    0x0, 0x0, 0xe, 0xfd, 0x0, 0x0, 0x0, 0x0,
    0x6, 0xff, 0xf4, 0x0, 0x0, 0x0, 0x0, 0xdf,
    0xcf, 0xb0, 0x0, 0x0, 0x0, 0x4f, 0xe1, 0xff,
    0x20, 0x0, 0x0, 0xb, 0xf7, 0x9, 0xf8, 0x0,
    0x0, 0x2, 0xff, 0x10, 0x3f, 0xf0, 0x0, 0x0,
    0x8f, 0xa0, 0x0, 0xcf, 0x60, 0x0, 0xe, 0xff,
    0xff, 0xff, 0xfd, 0x0, 0x6, 0xff, 0xee, 0xee,
    0xef, 0xf4, 0x0, 0xdf, 0x70, 0x0, 0x0, 0xaf,
    0xb0, 0x4f, 0xf0, 0x0, 0x0, 0x3, 0xff, 0x2b,
    0xf9, 0x0, 0x0, 0x0, 0xc, 0xf8,

    /* U+0042 "B" */
    0xaf, 0xff, 0xff, 0xfe, 0x80, 0xa, 0xff, 0xff,
    0xff, 0xff, 0x90, 0xaf, 0xa0, 0x0, 0x8, 0xff,
    0xa, 0xfa, 0x0, 0x0, 0x3f, 0xf0, 0xaf, 0xa0,
    0x0, 0x9, 0xfb, 0xa, 0xff, 0xff, 0xff, 0xfb,
    0x0, 0xaf, 0xec, 0xcc, 0xcf, 0xfa, 0xa, 0xfa,
    0x0, 0x0, 0x1d, 0xf7, 0xaf, 0xa0, 0x0, 0x0,
    0x9f, 0xaa, 0xfa, 0x0, 0x0, 0x3e, 0xf9, 0xaf,
    0xff, 0xff, 0xff, 0xff, 0x2a, 0xff, 0xff, 0xff,
    0xfa, 0x20,

    /* U+0043 "C" */
    0x0, 0x2, 0x9e, 0xff, 0xd7, 0x0, 0x0, 0x7,
    0xff, 0xff, 0xff, 0xfd, 0x10, 0x4, 0xff, 0xa2,
    0x0, 0x4e, 0xfc, 0x0, 0xdf, 0xa0, 0x0, 0x0,
    0x4f, 0xf2, 0x1f, 0xf3, 0x0, 0x0, 0x0, 0x0,
    0x4, 0xff, 0x0, 0x0, 0x0, 0x0, 0x0, 0x4f,
    0xf0, 0x0, 0x0, 0x0, 0x0, 0x2, 0xff, 0x30,
    0x0, 0x0, 0x0, 0x0, 0xd, 0xfa, 0x0, 0x0,
    0x4, 0xff, 0x20, 0x4f, 0xfa, 0x20, 0x4, 0xef,
    0xc0, 0x0, 0x7f, 0xff, 0xff, 0xff, 0xd2, 0x0,
    0x0, 0x29, 0xef, 0xfd, 0x70, 0x0,

    /* U+0044 "D" */
    0xaf, 0xff, 0xff, 0xda, 0x30, 0x0, 0xaf, 0xfe,
    0xef, 0xff, 0xf8, 0x0, 0xaf, 0xa0, 0x0, 0x29,
    0xff, 0x60, 0xaf, 0xa0, 0x0, 0x0, 0x9f, 0xe0,
    0xaf, 0xa0, 0x0, 0x0, 0x1f, 0xf3, 0xaf, 0xa0,
    0x0, 0x0, 0xe, 0xf6, 0xaf, 0xa0, 0x0, 0x0,
    0xe, 0xf6, 0xaf, 0xa0, 0x0, 0x0, 0x1f, 0xf3,
    0xaf, 0xa0, 0x0, 0x0, 0x9f, 0xe0, 0xaf, 0xa0,
    0x0, 0x19, 0xff, 0x60, 0xaf, 0xfe, 0xee, 0xff,
    0xf8, 0x0, 0xaf, 0xff, 0xff, 0xda, 0x30, 0x0,

    /* U+0045 "E" */
    0xaf, 0xff, 0xff, 0xff, 0xf1, 0xaf, 0xff, 0xff,
    0xff, 0xf1, 0xaf, 0xa0, 0x0, 0x0, 0x0, 0xaf,
    0xa0, 0x0, 0x0, 0x0, 0xaf, 0xa0, 0x0, 0x0,
    0x0, 0xaf, 0xff, 0xff, 0xff, 0xa0, 0xaf, 0xfe,
    0xee, 0xee, 0x80, 0xaf, 0xa0, 0x0, 0x0, 0x0,
    0xaf, 0xa0, 0x0, 0x0, 0x0, 0xaf, 0xa0, 0x0,
    0x0, 0x0, 0xaf, 0xff, 0xff, 0xff, 0xf1, 0xaf,
    0xff, 0xff, 0xff, 0xf1,

    /* U+0046 "F" */
    0xaf, 0xff, 0xff, 0xff, 0xfa, 0xff, 0xff, 0xff,
    0xfe, 0xaf, 0xa0, 0x0, 0x0, 0xa, 0xfa, 0x0,
    0x0, 0x0, 0xaf, 0xa0, 0x0, 0x0, 0xa, 0xff,
    0xff, 0xff, 0xf7, 0xaf, 0xff, 0xff, 0xff, 0x7a,
    0xfa, 0x0, 0x0, 0x0, 0xaf, 0xa0, 0x0, 0x0,
    0xa, 0xfa, 0x0, 0x0, 0x0, 0xaf, 0xa0, 0x0,
    0x0, 0xa, 0xfa, 0x0, 0x0, 0x0,

    /* U+0047 "G" */
    0x0, 0x2, 0x9d, 0xff, 0xd9, 0x10, 0x0, 0x6,
    0xff, 0xff, 0xff, 0xff, 0x30, 0x4, 0xff, 0xb3,
    0x0, 0x3c, 0xfe, 0x0, 0xcf, 0xb0, 0x0, 0x0,
    0x1c, 0xc3, 0x1f, 0xf4, 0x0, 0x0, 0x0, 0x0,
    0x3, 0xff, 0x10, 0x3, 0xcc, 0xcb, 0x80, 0x3f,
    0xf0, 0x0, 0x4f, 0xff, 0xff, 0x41, 0xff, 0x40,
    0x0, 0x0, 0xe, 0xf5, 0xc, 0xfb, 0x0, 0x0,
    0x1, 0xff, 0x50, 0x4f, 0xfa, 0x10, 0x2, 0xcf,
    0xf5, 0x0, 0x7f, 0xff, 0xee, 0xff, 0xdf, 0x50,
    0x0, 0x3a, 0xef, 0xeb, 0x2c, 0xf5,

    /* U+0048 "H" */
    0xaf, 0xa0, 0x0, 0x0, 0x1f, 0xf3, 0xaf, 0xa0,
    0x0, 0x0, 0x1f, 0xf3, 0xaf, 0xa0, 0x0, 0x0,
    0x1f, 0xf3, 0xaf, 0xa0, 0x0, 0x0, 0x1f, 0xf3,
    0xaf, 0xa0, 0x0, 0x0, 0x1f, 0xf3, 0xaf, 0xff,
    0xff, 0xff, 0xff, 0xf3, 0xaf, 0xff, 0xff, 0xff,
    0xff, 0xf3, 0xaf, 0xa0, 0x0, 0x0, 0x1f, 0xf3,
    0xaf, 0xa0, 0x0, 0x0, 0x1f, 0xf3, 0xaf, 0xa0,
    0x0, 0x0, 0x1f, 0xf3, 0xaf, 0xa0, 0x0, 0x0,
    0x1f, 0xf3, 0xaf, 0xa0, 0x0, 0x0, 0x1f, 0xf3,

    /* U+0049 "I" */
    0x9f, 0xb9, 0xfb, 0x9f, 0xb9, 0xfb, 0x9f, 0xb9,
    0xfb, 0x9f, 0xb9, 0xfb, 0x9f, 0xb9, 0xfb, 0x9f,
    0xb9, 0xfb,

    /* U+004A "J" */
    0x0, 0xc, 0xf7, 0x0, 0xc, 0xf7, 0x0, 0xc,
    0xf7, 0x0, 0xc, 0xf7, 0x0, 0xc, 0xf7, 0x0,
    0xc, 0xf7, 0x0, 0xc, 0xf7, 0x0, 0xc, 0xf7,
    0x0, 0xc, 0xf7, 0x0, 0xc, 0xf7, 0xaf, 0xff,
    0xf7, 0xaf, 0xff, 0xd1,

    /* U+004B "K" */
    0xaf, 0xa0, 0x0, 0x5, 0xff, 0x70, 0xaf, 0xa0,
    0x0, 0x6f, 0xf6, 0x0, 0xaf, 0xa0, 0x7, 0xff,
    0x50, 0x0, 0xaf, 0xa0, 0x8f, 0xf4, 0x0, 0x0,
    0xaf, 0xa9, 0xfe, 0x30, 0x0, 0x0, 0xaf, 0xff,
    0xfe, 0x10, 0x0, 0x0, 0xaf, 0xfc, 0xdf, 0xc0,
    0x0, 0x0, 0xaf, 0xb0, 0x2f, 0xf9, 0x0, 0x0,
    0xaf, 0xa0, 0x5, 0xff, 0x50, 0x0, 0xaf, 0xa0,
    0x0, 0x9f, 0xf3, 0x0, 0xaf, 0xa0, 0x0, 0xc,
    0xfe, 0x10, 0xaf, 0xa0, 0x0, 0x1, 0xef, 0xb0,

    /* U+004C "L" */
    0xaf, 0xa0, 0x0, 0x0, 0xa, 0xfa, 0x0, 0x0,
    0x0, 0xaf, 0xa0, 0x0, 0x0, 0xa, 0xfa, 0x0,
    0x0, 0x0, 0xaf, 0xa0, 0x0, 0x0, 0xa, 0xfa,
    0x0, 0x0, 0x0, 0xaf, 0xa0, 0x0, 0x0, 0xa,
    0xfa, 0x0, 0x0, 0x0, 0xaf, 0xa0, 0x0, 0x0,
    0xa, 0xfa, 0x0, 0x0, 0x0, 0xaf, 0xff, 0xff,
    0xff, 0xea, 0xff, 0xff, 0xff, 0xff,

    /* U+004D "M" */
    0xaf, 0xfb, 0x0, 0x0, 0x0, 0x1f, 0xff, 0x4a,
    0xff, 0xf2, 0x0, 0x0, 0x8, 0xff, 0xf4, 0xaf,
    0xff, 0x90, 0x0, 0x0, 0xef, 0xff, 0x4a, 0xfb,
    0xff, 0x0, 0x0, 0x5f, 0xbf, 0xf4, 0xaf, 0x7d,
    0xf6, 0x0, 0xc, 0xf5, 0xff, 0x4a, 0xf7, 0x6f,
    0xd0, 0x3, 0xfe, 0xf, 0xf4, 0xaf, 0x70, 0xff,
    0x40, 0xaf, 0x70, 0xff, 0x4a, 0xf7, 0x9, 0xfb,
    0x1f, 0xf1, 0xf, 0xf4, 0xaf, 0x70, 0x2f, 0xfa,
    0xfa, 0x0, 0xff, 0x4a, 0xf7, 0x0, 0xcf, 0xff,
    0x30, 0xf, 0xf4, 0xaf, 0x70, 0x5, 0xff, 0xd0,
    0x0, 0xff, 0x4a, 0xf7, 0x0, 0xe, 0xf6, 0x0,
    0xf, 0xf4,

    /* U+004E "N" */
    0xaf, 0xf2, 0x0, 0x0, 0x7, 0xfb, 0xaf, 0xfd,
    0x0, 0x0, 0x7, 0xfb, 0xaf, 0xff, 0xa0, 0x0,
    0x7, 0xfb, 0xaf, 0xcf, 0xf6, 0x0, 0x7, 0xfb,
    0xaf, 0x87, 0xff, 0x20, 0x7, 0xfb, 0xaf, 0x80,
    0xbf, 0xd0, 0x7, 0xfb, 0xaf, 0x80, 0x1d, 0xfa,
    0x7, 0xfb, 0xaf, 0x80, 0x3, 0xff, 0x67, 0xfb,
    0xaf, 0x80, 0x0, 0x6f, 0xfa, 0xfb, 0xaf, 0x80,
    0x0, 0xa, 0xff, 0xfb, 0xaf, 0x80, 0x0, 0x0,
    0xdf, 0xfb, 0xaf, 0x80, 0x0, 0x0, 0x2f, 0xfb,

    /* U+004F "O" */
    0x0, 0x2, 0x9d, 0xff, 0xd8, 0x10, 0x0, 0x0,
    0x6f, 0xff, 0xff, 0xff, 0xf4, 0x0, 0x4, 0xff,
    0xa2, 0x0, 0x3c, 0xff, 0x20, 0xd, 0xfb, 0x0,
    0x0, 0x0, 0xdf, 0x90, 0x1f, 0xf3, 0x0, 0x0,
    0x0, 0x7f, 0xe0, 0x3f, 0xf0, 0x0, 0x0, 0x0,
    0x4f, 0xf0, 0x3f, 0xf0, 0x0, 0x0, 0x0, 0x4f,
    0xf0, 0x1f, 0xf4, 0x0, 0x0, 0x0, 0x7f, 0xe0,
    0xc, 0xfb, 0x0, 0x0, 0x0, 0xdf, 0x90, 0x4,
    0xff, 0xa2, 0x0, 0x3c, 0xff, 0x20, 0x0, 0x6f,
    0xff, 0xff, 0xff, 0xf4, 0x0, 0x0, 0x2, 0x9d,
    0xff, 0xd8, 0x10, 0x0,

    /* U+0050 "P" */
    0xaf, 0xff, 0xff, 0xfd, 0x60, 0xa, 0xff, 0xee,
    0xef, 0xff, 0x80, 0xaf, 0xa0, 0x0, 0x8, 0xff,
    0x1a, 0xfa, 0x0, 0x0, 0xf, 0xf4, 0xaf, 0xa0,
    0x0, 0x0, 0xff, 0x4a, 0xfa, 0x0, 0x1, 0x9f,
    0xf1, 0xaf, 0xff, 0xff, 0xff, 0xf7, 0xa, 0xff,
    0xee, 0xee, 0xb5, 0x0, 0xaf, 0xa0, 0x0, 0x0,
    0x0, 0xa, 0xfa, 0x0, 0x0, 0x0, 0x0, 0xaf,
    0xa0, 0x0, 0x0, 0x0, 0xa, 0xfa, 0x0, 0x0,
    0x0, 0x0,

    /* U+0051 "Q" */
    0x0, 0x2, 0x9d, 0xff, 0xd8, 0x10, 0x0, 0x0,
    0x6f, 0xff, 0xff, 0xff, 0xe4, 0x0, 0x4, 0xff,
    0xa2, 0x0, 0x3c, 0xff, 0x10, 0xc, 0xfb, 0x0,
    0x0, 0x0, 0xef, 0x90, 0x1f, 0xf4, 0x0, 0x0,
    0x0, 0x7f, 0xe0, 0x3f, 0xf1, 0x0, 0x0, 0x0,
    0x4f, 0xf0, 0x4f, 0xf0, 0x0, 0x0, 0x0, 0x4f,
    0xf0, 0x2f, 0xf3, 0x0, 0x0, 0x0, 0x6f, 0xe0,
    0xd, 0xf9, 0x0, 0x0, 0x0, 0xcf, 0xa0, 0x6,
    0xff, 0x60, 0x0, 0x9, 0xff, 0x30, 0x0, 0x9f,
    0xfe, 0xbb, 0xef, 0xf7, 0x0, 0x0, 0x5, 0xdf,
    0xff, 0xfc, 0x40, 0x0, 0x0, 0x0, 0x4, 0xff,
    0x10, 0x0, 0x0, 0x0, 0x0, 0x2, 0xff, 0xdd,
    0xd4, 0x0, 0x0, 0x0, 0x0, 0xaf, 0xff, 0xf5,
    0x0,

    /* U+0052 "R" */
    0xaf, 0xff, 0xff, 0xfe, 0xa2, 0xa, 0xff, 0xee,
    0xef, 0xff, 0xf2, 0xaf, 0xa0, 0x0, 0x3, 0xef,
    0x8a, 0xfa, 0x0, 0x0, 0xb, 0xf8, 0xaf, 0xa0,
    0x0, 0x2, 0xef, 0x3a, 0xff, 0xee, 0xee, 0xff,
    0x80, 0xaf, 0xff, 0xff, 0xff, 0xff, 0x6a, 0xfa,
    0x0, 0x0, 0xb, 0xf9, 0xaf, 0xa0, 0x0, 0x0,
    0xbf, 0x9a, 0xfa, 0x0, 0x0, 0xb, 0xf9, 0xaf,
    0xa0, 0x0, 0x0, 0xbf, 0x9a, 0xfa, 0x0, 0x0,
    0xb, 0xf9,

    /* U+0053 "S" */
    0x0, 0x2a, 0xef, 0xfc, 0x70, 0x0, 0x4f, 0xfe,
    0xce, 0xff, 0xd0, 0xb, 0xfa, 0x0, 0x4, 0xff,
    0x80, 0xdf, 0x60, 0x0, 0x6, 0xa7, 0xa, 0xfe,
    0x73, 0x0, 0x0, 0x0, 0x1c, 0xff, 0xff, 0xd9,
    0x20, 0x0, 0x4, 0x9c, 0xff, 0xff, 0x30, 0x0,
    0x0, 0x0, 0x3c, 0xfc, 0x4d, 0xd0, 0x0, 0x0,
    0x5f, 0xe1, 0xff, 0xa1, 0x0, 0xb, 0xfb, 0x6,
    0xff, 0xfd, 0xdf, 0xff, 0x30, 0x3, 0xae, 0xff,
    0xea, 0x20,

    /* U+0054 "T" */
    0xaf, 0xff, 0xff, 0xff, 0xff, 0xb9, 0xff, 0xff,
    0xff, 0xff, 0xfb, 0x0, 0x0, 0x9f, 0xa0, 0x0,
    0x0, 0x0, 0x9, 0xfa, 0x0, 0x0, 0x0, 0x0,
    0x9f, 0xa0, 0x0, 0x0, 0x0, 0x9, 0xfa, 0x0,
    0x0, 0x0, 0x0, 0x9f, 0xa0, 0x0, 0x0, 0x0,
    0x9, 0xfa, 0x0, 0x0, 0x0, 0x0, 0x9f, 0xa0,
    0x0, 0x0, 0x0, 0x9, 0xfa, 0x0, 0x0, 0x0,
    0x0, 0x9f, 0xa0, 0x0, 0x0, 0x0, 0x9, 0xfa,
    0x0, 0x0,

    /* U+0055 "U" */
    0xcf, 0x80, 0x0, 0x0, 0x6f, 0xec, 0xf8, 0x0,
    0x0, 0x6, 0xfe, 0xcf, 0x80, 0x0, 0x0, 0x6f,
    0xec, 0xf8, 0x0, 0x0, 0x6, 0xfe, 0xcf, 0x80,
    0x0, 0x0, 0x6f, 0xec, 0xf8, 0x0, 0x0, 0x6,
    0xfe, 0xcf, 0x80, 0x0, 0x0, 0x6f, 0xec, 0xf8,
    0x0, 0x0, 0x6, 0xfd, 0xbf, 0xc0, 0x0, 0x0,
    0xaf, 0xc6, 0xff, 0x93, 0x12, 0x8f, 0xf7, 0xb,
    0xff, 0xff, 0xff, 0xfc, 0x0, 0x6, 0xcf, 0xff,
    0xc6, 0x0,

    /* U+0056 "V" */
    0x9f, 0xe0, 0x0, 0x0, 0x0, 0xef, 0x73, 0xff,
    0x40, 0x0, 0x0, 0x5f, 0xf1, 0xc, 0xfa, 0x0,
    0x0, 0xb, 0xfa, 0x0, 0x6f, 0xf1, 0x0, 0x2,
    0xff, 0x30, 0x0, 0xff, 0x70, 0x0, 0x8f, 0xd0,
    0x0, 0x9, 0xfd, 0x0, 0xe, 0xf6, 0x0, 0x0,
    0x2f, 0xf4, 0x5, 0xff, 0x0, 0x0, 0x0, 0xcf,
    0xa0, 0xbf, 0x90, 0x0, 0x0, 0x5, 0xff, 0x2f,
    0xf3, 0x0, 0x0, 0x0, 0xe, 0xfd, 0xfc, 0x0,
    0x0, 0x0, 0x0, 0x8f, 0xff, 0x60, 0x0, 0x0,
    0x0, 0x2, 0xff, 0xe0, 0x0, 0x0,

    /* U+0057 "W" */
    0x6f, 0xf0, 0x0, 0x3, 0xff, 0x10, 0x0, 0xf,
    0xf5, 0x1f, 0xf3, 0x0, 0x8, 0xff, 0x60, 0x0,
    0x4f, 0xf1, 0xd, 0xf8, 0x0, 0xd, 0xff, 0xb0,
    0x0, 0x8f, 0xc0, 0x8, 0xfc, 0x0, 0x2f, 0xcf,
    0xf1, 0x0, 0xdf, 0x80, 0x3, 0xff, 0x10, 0x7f,
    0x7a, 0xf6, 0x1, 0xff, 0x30, 0x0, 0xef, 0x50,
    0xcf, 0x25, 0xfb, 0x5, 0xfe, 0x0, 0x0, 0xaf,
    0x91, 0xfe, 0x0, 0xff, 0xa, 0xfa, 0x0, 0x0,
    0x5f, 0xe6, 0xf9, 0x0, 0xbf, 0x5e, 0xf5, 0x0,
    0x0, 0x1f, 0xfd, 0xf4, 0x0, 0x6f, 0xdf, 0xf1,
    0x0, 0x0, 0xc, 0xff, 0xf0, 0x0, 0x1f, 0xff,
    0xc0, 0x0, 0x0, 0x7, 0xff, 0xb0, 0x0, 0xc,
    0xff, 0x70, 0x0, 0x0, 0x3, 0xff, 0x60, 0x0,
    0x7, 0xff, 0x20, 0x0,

    /* U+0058 "X" */
    0x2f, 0xf7, 0x0, 0x0, 0x3f, 0xf5, 0x0, 0x6f,
    0xf3, 0x0, 0xd, 0xf9, 0x0, 0x0, 0xaf, 0xd0,
    0x9, 0xfd, 0x0, 0x0, 0x1, 0xdf, 0xa5, 0xff,
    0x20, 0x0, 0x0, 0x3, 0xff, 0xff, 0x60, 0x0,
    0x0, 0x0, 0x8, 0xff, 0xb0, 0x0, 0x0, 0x0,
    0x0, 0xcf, 0xfe, 0x10, 0x0, 0x0, 0x0, 0x8f,
    0xec, 0xfc, 0x0, 0x0, 0x0, 0x4f, 0xf4, 0x2f,
    0xf8, 0x0, 0x0, 0x1e, 0xf8, 0x0, 0x6f, 0xf3,
    0x0, 0xb, 0xfc, 0x0, 0x0, 0xaf, 0xe1, 0x7,
    0xff, 0x20, 0x0, 0x1, 0xef, 0xa0,

    /* U+0059 "Y" */
    0x8f, 0xf1, 0x0, 0x0, 0x4f, 0xf2, 0xe, 0xfa,
    0x0, 0x0, 0xdf, 0x90, 0x5, 0xff, 0x30, 0x7,
    0xfe, 0x0, 0x0, 0xbf, 0xc0, 0x1f, 0xf5, 0x0,
    0x0, 0x2f, 0xf6, 0xaf, 0xc0, 0x0, 0x0, 0x8,
    0xff, 0xff, 0x20, 0x0, 0x0, 0x0, 0xef, 0xf8,
    0x0, 0x0, 0x0, 0x0, 0x6f, 0xf0, 0x0, 0x0,
    0x0, 0x0, 0x5f, 0xf0, 0x0, 0x0, 0x0, 0x0,
    0x5f, 0xf0, 0x0, 0x0, 0x0, 0x0, 0x5f, 0xf0,
    0x0, 0x0, 0x0, 0x0, 0x5f, 0xf0, 0x0, 0x0,

    /* U+005A "Z" */
    0x4f, 0xff, 0xff, 0xff, 0xff, 0x3, 0xff, 0xff,
    0xff, 0xff, 0xf0, 0x0, 0x0, 0x0, 0x5f, 0xf4,
    0x0, 0x0, 0x0, 0x2f, 0xf8, 0x0, 0x0, 0x0,
    0xd, 0xfb, 0x0, 0x0, 0x0, 0xa, 0xfe, 0x10,
    0x0, 0x0, 0x7, 0xff, 0x30, 0x0, 0x0, 0x3,
    0xff, 0x60, 0x0, 0x0, 0x1, 0xef, 0xa0, 0x0,
    0x0, 0x0, 0xcf, 0xd0, 0x0, 0x0, 0x0, 0x6f,
    0xff, 0xff, 0xff, 0xff, 0x38, 0xff, 0xff, 0xff,
    0xff, 0xf3,

    /* U+005B "[" */
    0xcf, 0xff, 0xac, 0xfc, 0xb7, 0xcf, 0x40, 0xc,
    0xf4, 0x0, 0xcf, 0x40, 0xc, 0xf4, 0x0, 0xcf,
    0x40, 0xc, 0xf4, 0x0, 0xcf, 0x40, 0xc, 0xf4,
    0x0, 0xcf, 0x40, 0xc, 0xf4, 0x0, 0xcf, 0x40,
    0xc, 0xff, 0xfa, 0x8b, 0xbb, 0x70,

    /* U+005C "\\" */
    0x8f, 0x70, 0x0, 0x2, 0xfd, 0x0, 0x0, 0xc,
    0xf3, 0x0, 0x0, 0x6f, 0x90, 0x0, 0x1, 0xff,
    0x0, 0x0, 0xb, 0xf5, 0x0, 0x0, 0x5f, 0xb0,
    0x0, 0x0, 0xef, 0x10, 0x0, 0x9, 0xf7, 0x0,
    0x0, 0x3f, 0xd0, 0x0, 0x0, 0xdf, 0x30, 0x0,
    0x7, 0xf9,

    /* U+005D "]" */
    0x8f, 0xff, 0xd6, 0xbb, 0xfd, 0x0, 0x2f, 0xd0,
    0x2, 0xfd, 0x0, 0x2f, 0xd0, 0x2, 0xfd, 0x0,
    0x2f, 0xd0, 0x2, 0xfd, 0x0, 0x2f, 0xd0, 0x2,
    0xfd, 0x0, 0x2f, 0xd0, 0x2, 0xfd, 0x0, 0x2f,
    0xd8, 0xff, 0xfd, 0x6b, 0xbb, 0x90,

    /* U+005E "^" */
    0x0, 0x0, 0x68, 0x10, 0x0, 0x0, 0x2, 0xff,
    0x70, 0x0, 0x0, 0x9, 0xff, 0xe0, 0x0, 0x0,
    0x1f, 0xc7, 0xf6, 0x0, 0x0, 0x7f, 0x51, 0xfd,
    0x0, 0x0, 0xee, 0x0, 0x9f, 0x40, 0x6, 0xf7,
    0x0, 0x2f, 0xb0, 0xd, 0xf1, 0x0, 0xb, 0xf2,

    /* U+005F "_" */
    0x1, 0x11, 0x11, 0x11, 0x11, 0x1, 0xff, 0xff,
    0xff, 0xff, 0xf1, 0x4, 0x44, 0x44, 0x44, 0x44,
    0x0,

    /* U+0060 "`" */
    0x2a, 0x90, 0x0, 0x8f, 0x90, 0x0, 0xaf, 0x30,

    /* U+0061 "a" */
    0x0, 0x8d, 0xff, 0xc6, 0x0, 0xb, 0xff, 0xcd,
    0xff, 0x70, 0x2c, 0xc2, 0x0, 0x6f, 0xd0, 0x0,
    0x47, 0x88, 0x9f, 0xe0, 0xc, 0xff, 0xff, 0xff,
    0xf0, 0x5f, 0xd1, 0x0, 0x3f, 0xf0, 0x6f, 0xc0,
    0x0, 0xbf, 0xf5, 0x2f, 0xfd, 0xbe, 0xe9, 0xff,
    0x4, 0xcf, 0xfb, 0x24, 0xff,

    /* U+0062 "b" */
    0x6, 0xfd, 0x0, 0x0, 0x0, 0x0, 0x6f, 0xd0,
    0x0, 0x0, 0x0, 0x6, 0xfd, 0x0, 0x0, 0x0,
    0x0, 0x6f, 0xd3, 0xcf, 0xfa, 0x20, 0x6, 0xff,
    0xff, 0xef, 0xfe, 0x10, 0x6f, 0xf8, 0x0, 0x3e,
    0xf9, 0x6, 0xfe, 0x0, 0x0, 0x7f, 0xd0, 0x6f,
    0xd0, 0x0, 0x5, 0xfe, 0x6, 0xfe, 0x0, 0x0,
    0x7f, 0xd2, 0x9f, 0xf8, 0x0, 0x3e, 0xf8, 0x7f,
    0xff, 0xff, 0xef, 0xfe, 0x17, 0xfd, 0x1a, 0xef,
    0xea, 0x10,

    /* U+0063 "c" */
    0x0, 0x4b, 0xff, 0xd7, 0x0, 0x6, 0xff, 0xff,
    0xff, 0xb0, 0x1f, 0xf9, 0x0, 0x4f, 0xf5, 0x5f,
    0xe0, 0x0, 0x2, 0x31, 0x6f, 0xd0, 0x0, 0x0,
    0x0, 0x5f, 0xe0, 0x0, 0x3, 0x52, 0x1f, 0xf9,
    0x0, 0x3f, 0xf5, 0x6, 0xff, 0xfe, 0xff, 0xc0,
    0x0, 0x4b, 0xff, 0xd8, 0x0,

    /* U+0064 "d" */
    0x0, 0x0, 0x0, 0x6, 0xfd, 0x0, 0x0, 0x0,
    0x0, 0x6f, 0xd0, 0x0, 0x0, 0x0, 0x6, 0xfd,
    0x0, 0x7, 0xdf, 0xe8, 0x6f, 0xd0, 0x8, 0xff,
    0xff, 0xfe, 0xfd, 0x1, 0xff, 0x90, 0x3, 0xef,
    0xd0, 0x5f, 0xe0, 0x0, 0x7, 0xfd, 0x6, 0xfd,
    0x0, 0x0, 0x6f, 0xd0, 0x5f, 0xe0, 0x0, 0x7,
    0xfd, 0x1, 0xff, 0x80, 0x3, 0xef, 0xe5, 0x8,
    0xff, 0xfe, 0xff, 0xff, 0xf0, 0x6, 0xdf, 0xfc,
    0x55, 0xff,

    /* U+0065 "e" */
    0x0, 0x4b, 0xff, 0xd7, 0x0, 0x6, 0xff, 0xdc,
    0xff, 0xa0, 0x1f, 0xf7, 0x0, 0x2e, 0xf4, 0x5f,
    0xe2, 0x22, 0x2a, 0xf8, 0x6f, 0xff, 0xff, 0xff,
    0xfa, 0x5f, 0xd5, 0x55, 0x55, 0x53, 0x1f, 0xf4,
    0x0, 0xa, 0xc5, 0x6, 0xff, 0xdc, 0xff, 0xe1,
    0x0, 0x4b, 0xff, 0xe9, 0x10,

    /* U+0066 "f" */
    0x0, 0x9f, 0xff, 0x60, 0xf, 0xfc, 0xb4, 0x0,
    0xff, 0x20, 0xb, 0xff, 0xff, 0xf3, 0x8b, 0xff,
    0xcb, 0x20, 0xf, 0xf3, 0x0, 0x0, 0xff, 0x30,
    0x0, 0xf, 0xf3, 0x0, 0x0, 0xff, 0x30, 0x0,
    0xf, 0xf3, 0x0, 0x0, 0xff, 0x30, 0x0, 0xf,
    0xf3, 0x0,

    /* U+0067 "g" */
    0x0, 0x5c, 0xff, 0xb2, 0x3f, 0xf1, 0x6, 0xff,
    0xff, 0xfe, 0x8f, 0xf1, 0xf, 0xfa, 0x10, 0x2d,
    0xff, 0x60, 0x4f, 0xf0, 0x0, 0x6, 0xff, 0x0,
    0x5f, 0xe0, 0x0, 0x5, 0xff, 0x0, 0x4f, 0xf0,
    0x0, 0x6, 0xff, 0x0, 0xf, 0xfa, 0x0, 0x2d,
    0xff, 0x0, 0x7, 0xff, 0xfe, 0xfe, 0xff, 0x0,
    0x0, 0x5d, 0xff, 0xa4, 0xff, 0x0, 0x12, 0x20,
    0x0, 0x5, 0xfe, 0x0, 0x3f, 0xf5, 0x0, 0x1c,
    0xfb, 0x0, 0xa, 0xff, 0xdc, 0xff, 0xf2, 0x0,
    0x0, 0x6c, 0xff, 0xea, 0x20, 0x0,

    /* U+0068 "h" */
    0xff, 0x40, 0x0, 0x0, 0xf, 0xf4, 0x0, 0x0,
    0x0, 0xff, 0x40, 0x0, 0x0, 0xf, 0xf5, 0x9e,
    0xfd, 0x50, 0xff, 0xef, 0xff, 0xff, 0x5f, 0xfd,
    0x20, 0x2c, 0xfd, 0xff, 0x50, 0x0, 0x5f, 0xff,
    0xf4, 0x0, 0x4, 0xff, 0xff, 0x40, 0x0, 0x4f,
    0xff, 0xf4, 0x0, 0x4, 0xff, 0xff, 0x40, 0x0,
    0x4f, 0xff, 0xf4, 0x0, 0x4, 0xff,

    /* U+0069 "i" */
    0xb, 0xe3, 0xf, 0xf6, 0x3, 0x60, 0xe, 0xf5,
    0xe, 0xf5, 0xe, 0xf5, 0xe, 0xf5, 0xe, 0xf5,
    0xe, 0xf5, 0xe, 0xf5, 0xe, 0xf5, 0xe, 0xf5,

    /* U+006A "j" */
    0x0, 0xaf, 0x40, 0xe, 0xf7, 0x0, 0x36, 0x0,
    0xd, 0xf6, 0x0, 0xdf, 0x60, 0xd, 0xf6, 0x0,
    0xdf, 0x60, 0xd, 0xf6, 0x0, 0xdf, 0x60, 0xd,
    0xf6, 0x0, 0xdf, 0x60, 0xd, 0xf6, 0x0, 0xdf,
    0x60, 0xd, 0xf6, 0x5b, 0xff, 0x57, 0xff, 0xb0,

    /* U+006B "k" */
    0xff, 0x40, 0x0, 0x0, 0x0, 0xff, 0x40, 0x0,
    0x0, 0x0, 0xff, 0x40, 0x0, 0x0, 0x0, 0xff,
    0x40, 0x6, 0xff, 0x40, 0xff, 0x40, 0x7f, 0xe3,
    0x0, 0xff, 0x49, 0xfe, 0x20, 0x0, 0xff, 0xdf,
    0xf2, 0x0, 0x0, 0xff, 0xff, 0xfa, 0x0, 0x0,
    0xff, 0x94, 0xff, 0x60, 0x0, 0xff, 0x40, 0x7f,
    0xf3, 0x0, 0xff, 0x40, 0xa, 0xfe, 0x10, 0xff,
    0x40, 0x0, 0xdf, 0xb0,

    /* U+006C "l" */
    0xef, 0x5e, 0xf5, 0xef, 0x5e, 0xf5, 0xef, 0x5e,
    0xf5, 0xef, 0x5e, 0xf5, 0xef, 0x5e, 0xf5, 0xef,
    0x5e, 0xf5,

    /* U+006D "m" */
    0x7f, 0xd0, 0x7d, 0xfe, 0x80, 0x5d, 0xfe, 0xa1,
    0x7, 0xfe, 0x9f, 0xdd, 0xff, 0xbf, 0xed, 0xff,
    0xd0, 0x17, 0xff, 0x40, 0x8, 0xff, 0x90, 0x3,
    0xff, 0x40, 0x6f, 0xe0, 0x0, 0x1f, 0xf3, 0x0,
    0xd, 0xf7, 0x6, 0xfd, 0x0, 0x1, 0xff, 0x20,
    0x0, 0xcf, 0x70, 0x6f, 0xd0, 0x0, 0x1f, 0xf2,
    0x0, 0xc, 0xf7, 0x6, 0xfd, 0x0, 0x1, 0xff,
    0x20, 0x0, 0xcf, 0x70, 0x6f, 0xd0, 0x0, 0x1f,
    0xf2, 0x0, 0xc, 0xf7, 0x6, 0xfd, 0x0, 0x1,
    0xff, 0x20, 0x0, 0xcf, 0x70,

    /* U+006E "n" */
    0x7f, 0xd0, 0x6d, 0xfe, 0xa1, 0x7, 0xfe, 0x9f,
    0xdd, 0xff, 0xe0, 0x17, 0xff, 0x50, 0x3, 0xff,
    0x60, 0x6f, 0xe0, 0x0, 0xb, 0xf8, 0x6, 0xfd,
    0x0, 0x0, 0xaf, 0x90, 0x6f, 0xd0, 0x0, 0xa,
    0xf9, 0x6, 0xfd, 0x0, 0x0, 0xaf, 0x90, 0x6f,
    0xd0, 0x0, 0xa, 0xf9, 0x6, 0xfd, 0x0, 0x0,
    0xaf, 0x90,

    /* U+006F "o" */
    0x0, 0x3b, 0xef, 0xe9, 0x10, 0x0, 0x6f, 0xff,
    0xff, 0xfe, 0x20, 0x1f, 0xf9, 0x0, 0x2d, 0xfa,
    0x5, 0xff, 0x0, 0x0, 0x4f, 0xf0, 0x6f, 0xd0,
    0x0, 0x2, 0xff, 0x15, 0xff, 0x0, 0x0, 0x4f,
    0xf0, 0x1f, 0xf9, 0x0, 0x2d, 0xfb, 0x0, 0x6f,
    0xff, 0xef, 0xfe, 0x20, 0x0, 0x4b, 0xff, 0xe9,
    0x10, 0x0,

    /* U+0070 "p" */
    0x7f, 0xd0, 0x4d, 0xfe, 0xa1, 0x7, 0xfd, 0x3f,
    0xdc, 0xff, 0xe1, 0x17, 0xff, 0x60, 0x1, 0xdf,
    0x80, 0x6f, 0xe0, 0x0, 0x7, 0xfd, 0x6, 0xfd,
    0x0, 0x0, 0x5f, 0xe0, 0x6f, 0xf0, 0x0, 0x8,
    0xfd, 0x6, 0xff, 0x80, 0x3, 0xef, 0x90, 0x6f,
    0xff, 0xfe, 0xff, 0xe1, 0x6, 0xfd, 0x3c, 0xff,
    0xa2, 0x0, 0x6f, 0xd0, 0x0, 0x0, 0x0, 0x6,
    0xfd, 0x0, 0x0, 0x0, 0x0, 0x6f, 0xd0, 0x0,
    0x0, 0x0, 0x6, 0xfd, 0x0, 0x0, 0x0, 0x0,

    /* U+0071 "q" */
    0x0, 0x6d, 0xfe, 0x90, 0x5f, 0xf0, 0x8f, 0xff,
    0xff, 0xb5, 0xff, 0x1f, 0xf9, 0x0, 0x3e, 0xfe,
    0x55, 0xfe, 0x0, 0x0, 0x7f, 0xd0, 0x6f, 0xd0,
    0x0, 0x6, 0xfd, 0x5, 0xfe, 0x0, 0x0, 0x7f,
    0xd0, 0x1f, 0xf8, 0x0, 0x3e, 0xfd, 0x0, 0x8f,
    0xff, 0xef, 0xef, 0xd0, 0x0, 0x7d, 0xfe, 0x86,
    0xfd, 0x0, 0x0, 0x0, 0x0, 0x6f, 0xd0, 0x0,
    0x0, 0x0, 0x6, 0xfd, 0x0, 0x0, 0x0, 0x0,
    0x6f, 0xd0, 0x0, 0x0, 0x0, 0x6, 0xfd, 0x0,

    /* U+0072 "r" */
    0x5f, 0xf0, 0x5d, 0xf4, 0x5f, 0xf4, 0xfe, 0xc3,
    0x16, 0xff, 0x90, 0x0, 0x3, 0xff, 0x10, 0x0,
    0x3, 0xff, 0x0, 0x0, 0x3, 0xff, 0x0, 0x0,
    0x3, 0xff, 0x0, 0x0, 0x3, 0xff, 0x0, 0x0,
    0x3, 0xff, 0x0, 0x0,

    /* U+0073 "s" */
    0x1, 0x9e, 0xff, 0xb3, 0x0, 0xbf, 0xda, 0xcf,
    0xf3, 0xf, 0xf1, 0x0, 0x9e, 0x80, 0xef, 0xc8,
    0x52, 0x0, 0x2, 0xbf, 0xff, 0xfc, 0x10, 0x0,
    0x3, 0x6d, 0xfa, 0x5f, 0xe1, 0x0, 0x6f, 0xb0,
    0xdf, 0xeb, 0xbf, 0xf6, 0x1, 0x9d, 0xff, 0xc6,
    0x0,

    /* U+0074 "t" */
    0x1, 0x88, 0x0, 0x0, 0x2f, 0xf1, 0x0, 0x2,
    0xff, 0x10, 0xb, 0xff, 0xff, 0xf3, 0x8b, 0xff,
    0xbb, 0x20, 0x2f, 0xf1, 0x0, 0x2, 0xff, 0x10,
    0x0, 0x2f, 0xf1, 0x0, 0x2, 0xff, 0x10, 0x0,
    0x2f, 0xf1, 0x0, 0x1, 0xff, 0xbb, 0x50, 0x9,
    0xff, 0xf7,

    /* U+0075 "u" */
    0xf, 0xf3, 0x0, 0x5, 0xff, 0x0, 0xf, 0xf3,
    0x0, 0x5, 0xff, 0x0, 0xf, 0xf3, 0x0, 0x5,
    0xff, 0x0, 0xf, 0xf3, 0x0, 0x5, 0xff, 0x0,
    0xf, 0xf3, 0x0, 0x5, 0xff, 0x0, 0xf, 0xf4,
    0x0, 0x6, 0xff, 0x0, 0xd, 0xfb, 0x10, 0x2d,
    0xff, 0x50, 0x6, 0xff, 0xff, 0xfe, 0x8f, 0xf1,
    0x0, 0x6d, 0xff, 0xb2, 0x3f, 0xf1,

    /* U+0076 "v" */
    0xbf, 0xa0, 0x0, 0x6, 0xfd, 0x4, 0xff, 0x10,
    0x0, 0xcf, 0x70, 0xd, 0xf7, 0x0, 0x3f, 0xf1,
    0x0, 0x6f, 0xd0, 0x9, 0xf9, 0x0, 0x0, 0xff,
    0x41, 0xff, 0x20, 0x0, 0x8, 0xfb, 0x6f, 0xb0,
    0x0, 0x0, 0x2f, 0xfe, 0xf4, 0x0, 0x0, 0x0,
    0xbf, 0xfd, 0x0, 0x0, 0x0, 0x4, 0xff, 0x70,
    0x0, 0x0,

    /* U+0077 "w" */
    0x9f, 0xb0, 0x0, 0x6f, 0xf1, 0x0, 0x1f, 0xf2,
    0x4f, 0xf0, 0x0, 0xcf, 0xf6, 0x0, 0x6f, 0xd0,
    0xe, 0xf5, 0x2, 0xff, 0xfc, 0x0, 0xaf, 0x80,
    0x9, 0xfa, 0x8, 0xf9, 0xef, 0x20, 0xff, 0x30,
    0x4, 0xfe, 0xd, 0xf3, 0x9f, 0x74, 0xfe, 0x0,
    0x0, 0xff, 0x7f, 0xd0, 0x3f, 0xd9, 0xf9, 0x0,
    0x0, 0xaf, 0xff, 0x70, 0xd, 0xff, 0xf4, 0x0,
    0x0, 0x5f, 0xff, 0x10, 0x7, 0xff, 0xe0, 0x0,
    0x0, 0xf, 0xfb, 0x0, 0x2, 0xff, 0xa0, 0x0,

    /* U+0078 "x" */
    0x3f, 0xf5, 0x0, 0x2f, 0xf5, 0x6, 0xff, 0x20,
    0xdf, 0x90, 0x0, 0xaf, 0xca, 0xfc, 0x0, 0x0,
    0xd, 0xff, 0xf2, 0x0, 0x0, 0x6, 0xff, 0x90,
    0x0, 0x0, 0x2e, 0xff, 0xf4, 0x0, 0x0, 0xcf,
    0xa7, 0xfe, 0x10, 0x9, 0xfd, 0x0, 0xbf, 0xc0,
    0x5f, 0xf2, 0x0, 0x1e, 0xf8,

    /* U+0079 "y" */
    0xbf, 0xa0, 0x0, 0x5, 0xfd, 0x4, 0xff, 0x10,
    0x0, 0xcf, 0x70, 0xd, 0xf7, 0x0, 0x2f, 0xf1,
    0x0, 0x6f, 0xd0, 0x8, 0xfa, 0x0, 0x0, 0xff,
    0x40, 0xef, 0x30, 0x0, 0x9, 0xfa, 0x5f, 0xc0,
    0x0, 0x0, 0x2f, 0xfc, 0xf6, 0x0, 0x0, 0x0,
    0xcf, 0xfe, 0x0, 0x0, 0x0, 0x5, 0xff, 0x80,
    0x0, 0x0, 0x0, 0x1f, 0xf2, 0x0, 0x0, 0x0,
    0x7, 0xfb, 0x0, 0x0, 0x0, 0x9c, 0xef, 0x40,
    0x0, 0x0, 0xc, 0xff, 0x90, 0x0, 0x0, 0x0,

    /* U+007A "z" */
    0x3f, 0xff, 0xff, 0xff, 0x32, 0xcc, 0xcc, 0xef,
    0xe1, 0x0, 0x0, 0x3f, 0xf4, 0x0, 0x0, 0x2e,
    0xf6, 0x0, 0x0, 0xd, 0xf9, 0x0, 0x0, 0xb,
    0xfb, 0x0, 0x0, 0x8, 0xfd, 0x10, 0x0, 0x5,
    0xff, 0xdc, 0xcc, 0xc3, 0x8f, 0xff, 0xff, 0xff,
    0x40,

    /* U+007B "{" */
    0x0, 0x6, 0xdf, 0x60, 0x5, 0xff, 0xd4, 0x0,
    0x8f, 0x90, 0x0, 0x8, 0xf8, 0x0, 0x0, 0x8f,
    0x80, 0x0, 0xb, 0xf7, 0x0, 0x4d, 0xfd, 0x10,
    0x6, 0xff, 0x90, 0x0, 0x2, 0xdf, 0x60, 0x0,
    0x9, 0xf7, 0x0, 0x0, 0x8f, 0x80, 0x0, 0x8,
    0xf8, 0x0, 0x0, 0x7f, 0xc1, 0x0, 0x2, 0xff,
    0xf6, 0x0, 0x2, 0x8b, 0x40,

    /* U+007C "|" */
    0x5f, 0x55, 0xf5, 0x5f, 0x55, 0xf5, 0x5f, 0x55,
    0xf5, 0x5f, 0x55, 0xf5, 0x5f, 0x55, 0xf5, 0x5f,
    0x55, 0xf5, 0x5f, 0x55, 0xf5, 0x5f, 0x50,

    /* U+007D "}" */
    0x8f, 0xc5, 0x0, 0x6, 0xdf, 0xf2, 0x0, 0x0,
    0xcf, 0x60, 0x0, 0xa, 0xf6, 0x0, 0x0, 0xaf,
    0x60, 0x0, 0x9, 0xf9, 0x0, 0x0, 0x3e, 0xfd,
    0x20, 0x1, 0xaf, 0xf3, 0x0, 0x8f, 0xb1, 0x0,
    0xa, 0xf6, 0x0, 0x0, 0xaf, 0x60, 0x0, 0xa,
    0xf6, 0x0, 0x2, 0xdf, 0x50, 0x8, 0xff, 0xe1,
    0x0, 0x6a, 0x81, 0x0, 0x0,

    /* U+007E "~" */
    0x3b, 0xc9, 0x30, 0x4, 0x2d, 0xff, 0xff, 0xed,
    0xf3, 0x92, 0x4, 0xae, 0xfa, 0x0, 0x0, 0x0,
    0x0, 0x0,

    /* U+00A0 " " */

    /* U+00A1 "¡" */
    0x8f, 0x6d, 0xfb, 0x39, 0x21, 0x20, 0x8f, 0x58,
    0xf6, 0x9f, 0x7a, 0xf8, 0xbf, 0x9b, 0xf9, 0xbf,
    0x9b, 0xf9,

    /* U+00A2 "¢" */
    0x0, 0x0, 0x6f, 0x40, 0x0, 0x0, 0x4, 0xbf,
    0xa3, 0x0, 0x0, 0xbf, 0xff, 0xff, 0x90, 0xa,
    0xff, 0x74, 0x8f, 0xf5, 0x1f, 0xf5, 0x0, 0x6,
    0x96, 0x3f, 0xf0, 0x0, 0x0, 0x0, 0x3f, 0xf0,
    0x0, 0x0, 0x0, 0xf, 0xf6, 0x0, 0x9, 0xe9,
    0x8, 0xff, 0xa7, 0xaf, 0xf4, 0x0, 0x9f, 0xff,
    0xff, 0x60, 0x0, 0x1, 0x9f, 0x71, 0x0, 0x0,
    0x0, 0x6f, 0x40, 0x0,

    /* U+00A3 "£" */
    0x0, 0x7, 0xdf, 0xfb, 0x20, 0x0, 0xaf, 0xfd,
    0xef, 0xf2, 0x1, 0xff, 0x40, 0xb, 0xf8, 0x2,
    0xff, 0x0, 0x1, 0x21, 0x1, 0xff, 0x0, 0x0,
    0x0, 0x89, 0xff, 0x99, 0x95, 0x0, 0xef, 0xff,
    0xff, 0xf9, 0x0, 0x0, 0xcf, 0x50, 0x0, 0x0,
    0x0, 0xbf, 0x50, 0x0, 0x0, 0x0, 0xed, 0x0,
    0x0, 0x0, 0xd, 0xfe, 0xdd, 0xdd, 0xda, 0x1f,
    0xff, 0xff, 0xff, 0xfc,

    /* U+00A4 "¤" */
    0x19, 0x0, 0x0, 0x83, 0x9, 0xfd, 0xef, 0xcf,
    0xc0, 0xd, 0xfb, 0xaf, 0xf1, 0x0, 0xec, 0x0,
    0x9f, 0x10, 0xe, 0xb0, 0x9, 0xf1, 0x0, 0xdf,
    0xba, 0xff, 0x10, 0x9f, 0xde, 0xfc, 0xfc, 0x1,
    0x90, 0x0, 0x8, 0x30,

    /* U+00A5 "¥" */
    0x9f, 0xd0, 0x0, 0x6, 0xfe, 0x1, 0xef, 0x70,
    0x1, 0xef, 0x50, 0x6, 0xfe, 0x10, 0x9f, 0xc0,
    0x0, 0xd, 0xf9, 0x2f, 0xf3, 0x0, 0x0, 0x4f,
    0xfc, 0xf9, 0x0, 0x0, 0x0, 0xaf, 0xfe, 0x10,
    0x0, 0xc, 0xff, 0xff, 0xff, 0xf2, 0x0, 0x23,
    0x3e, 0xf6, 0x33, 0x0, 0xc, 0xff, 0xff, 0xff,
    0xf2, 0x0, 0x23, 0x3e, 0xf6, 0x33, 0x0, 0x0,
    0x0, 0xef, 0x30, 0x0, 0x0, 0x0, 0xe, 0xf3,
    0x0, 0x0,

    /* U+00A6 "¦" */
    0x5f, 0x55, 0xf5, 0x5f, 0x55, 0xf5, 0x5f, 0x55,
    0xf5, 0x0, 0x0, 0x0, 0x0, 0x5, 0xf5, 0x5f,
    0x55, 0xf5, 0x5f, 0x55, 0xf5, 0x5f, 0x50,

    /* U+00A7 "§" */
    0x0, 0x6c, 0xff, 0xd7, 0x0, 0x8, 0xff, 0xbc,
    0xff, 0xc0, 0xf, 0xf2, 0x0, 0x2e, 0xf6, 0xf,
    0xf5, 0x0, 0x3, 0x52, 0x9, 0xff, 0xeb, 0x84,
    0x0, 0x4, 0xef, 0xff, 0xff, 0xd2, 0x2f, 0xe1,
    0x3, 0x7d, 0xfc, 0x5f, 0xd0, 0x0, 0x3, 0xfe,
    0x1f, 0xfe, 0xa6, 0x38, 0xf9, 0x3, 0xcf, 0xff,
    0xff, 0xc0, 0x0, 0x1, 0x48, 0xcf, 0xf5, 0x38,
    0x60, 0x0, 0x9, 0xfa, 0x4f, 0xf4, 0x0, 0xa,
    0xf8, 0xa, 0xff, 0xdc, 0xef, 0xe2, 0x0, 0x6c,
    0xff, 0xea, 0x20,

    /* U+00A8 "¨" */
    0x5, 0x10, 0x15, 0x9, 0xfb, 0xb, 0xf9, 0x5f,
    0x80, 0x8f, 0x50,

    /* U+00A9 "©" */
    0x0, 0x0, 0x18, 0xdf, 0xfd, 0x92, 0x0, 0x0,
    0x0, 0x5, 0xff, 0xc9, 0x9c, 0xff, 0x70, 0x0,
    0x0, 0x5f, 0xd3, 0x0, 0x0, 0x2b, 0xf8, 0x0,
    0x1, 0xfd, 0x0, 0x27, 0x84, 0x0, 0xaf, 0x40,
    0x9, 0xf3, 0x6, 0xff, 0xff, 0xa0, 0xe, 0xc0,
    0xe, 0xc0, 0x1f, 0xe2, 0x1c, 0xf3, 0x9, 0xf1,
    0xf, 0x90, 0x5f, 0x90, 0x0, 0x10, 0x6, 0xf3,
    0xf, 0x90, 0x5f, 0x80, 0x0, 0x10, 0x6, 0xf3,
    0xe, 0xc0, 0x1f, 0xe2, 0x1c, 0xf4, 0x9, 0xf1,
    0x9, 0xf3, 0x7, 0xff, 0xff, 0xb0, 0xe, 0xc0,
    0x1, 0xfd, 0x0, 0x48, 0x95, 0x0, 0xaf, 0x40,
    0x0, 0x5f, 0xd3, 0x0, 0x0, 0x2b, 0xf8, 0x0,
    0x0, 0x5, 0xff, 0xc9, 0x9c, 0xff, 0x80, 0x0,
    0x0, 0x0, 0x18, 0xdf, 0xfd, 0x92, 0x0, 0x0,

    /* U+00AA "ª" */
    0x8, 0xee, 0x80, 0x5f, 0x55, 0xf3, 0x2c, 0xee,
    0xf4, 0x9e, 0x4, 0xf6, 0x4f, 0xfc, 0x9f, 0x0,
    0x10, 0x12,

    /* U+00AB "«" */
    0x0, 0x8, 0x93, 0x3, 0x98, 0x0, 0x9, 0xfc,
    0x0, 0xdf, 0x70, 0x4, 0xff, 0x20, 0xaf, 0xb0,
    0x1, 0xef, 0x50, 0x5f, 0xe1, 0x0, 0x4f, 0xf1,
    0xa, 0xfb, 0x0, 0x0, 0x9f, 0xb0, 0x1e, 0xf6,
    0x0, 0x0, 0xdf, 0x70, 0x4f, 0xf2, 0x0, 0x3,
    0xff, 0x30, 0x8f, 0xd0,

    /* U+00AC "¬" */
    0xac, 0xcc, 0xcc, 0xcb, 0xef, 0xff, 0xff, 0xfe,
    0x0, 0x0, 0x0, 0xee, 0x0, 0x0, 0x0, 0xee,
    0x0, 0x0, 0x0, 0x77,

    /* U+00AE "®" */
    0x0, 0x0, 0x18, 0xdf, 0xfd, 0x92, 0x0, 0x0,
    0x0, 0x6, 0xff, 0xc9, 0x9c, 0xff, 0x80, 0x0,
    0x0, 0x6f, 0xd3, 0x0, 0x0, 0x2b, 0xf9, 0x0,
    0x2, 0xfc, 0x8, 0x99, 0x97, 0x10, 0xaf, 0x50,
    0xa, 0xf2, 0xe, 0xff, 0xff, 0xe0, 0xe, 0xd0,
    0xf, 0xc0, 0xe, 0xe0, 0xb, 0xf4, 0x9, 0xf2,
    0x1f, 0x90, 0xe, 0xe0, 0xa, 0xf1, 0x6, 0xf4,
    0x1f, 0x90, 0xe, 0xff, 0xff, 0xb0, 0x6, 0xf4,
    0xf, 0xc0, 0xe, 0xf8, 0x8c, 0xf4, 0x9, 0xf2,
    0xa, 0xf2, 0xe, 0xe0, 0x8, 0xf4, 0xe, 0xd0,
    0x2, 0xfc, 0x8, 0x80, 0x5, 0x92, 0xaf, 0x50,
    0x0, 0x6f, 0xd3, 0x0, 0x0, 0x1b, 0xf9, 0x0,
    0x0, 0x6, 0xff, 0xc9, 0x9b, 0xff, 0x80, 0x0,
    0x0, 0x0, 0x18, 0xdf, 0xfd, 0x92, 0x0, 0x0,

    /* U+00AF "¯" */
    0x48, 0x88, 0x88, 0x48, 0xff, 0xff, 0xf8,

    /* U+00B0 "°" */
    0x0, 0x0, 0x0, 0x0, 0x2d, 0xfe, 0x40, 0xd,
    0xc4, 0xaf, 0x11, 0xf4, 0x1, 0xf4, 0xe, 0xb2,
    0x8f, 0x20, 0x4f, 0xff, 0x70, 0x0, 0x13, 0x10,
    0x0,

    /* U+00B1 "±" */
    0x0, 0x0, 0x8b, 0x10, 0x0, 0x0, 0x0, 0xbf,
    0x10, 0x0, 0x0, 0x0, 0xbf, 0x10, 0x0, 0x1f,
    0xff, 0xff, 0xff, 0xf6, 0xb, 0xbb, 0xef, 0xcb,
    0xb4, 0x0, 0x0, 0xbf, 0x10, 0x0, 0x0, 0x0,
    0xbf, 0x10, 0x0, 0x0, 0x0, 0x0, 0x0, 0x0,
    0xa, 0xcc, 0xcc, 0xcc, 0xc2, 0xe, 0xff, 0xff,
    0xff, 0xf3,

    /* U+00B2 "²" */
    0x3c, 0xfe, 0x60, 0xdd, 0x5b, 0xf1, 0x21, 0xb,
    0xe0, 0x2, 0xdd, 0x30, 0x5f, 0xe6, 0x51, 0xff,
    0xff, 0xf3,

    /* U+00B3 "³" */
    0x4, 0xdf, 0xe8, 0x0, 0xed, 0x4b, 0xf0, 0x0,
    0x2f, 0xf8, 0x0, 0x0, 0x39, 0xf3, 0xf, 0xc5,
    0xaf, 0x30, 0x5d, 0xfe, 0x70,

    /* U+00B4 "´" */
    0x1, 0xab, 0x30, 0xaf, 0x80, 0x4f, 0x90, 0x0,

    /* U+00B6 "¶" */
    0x1, 0xae, 0xf7, 0x1f, 0x91, 0xef, 0xff, 0x71,
    0xf9, 0x7f, 0xff, 0xf7, 0x1f, 0x99, 0xff, 0xff,
    0x71, 0xf9, 0x8f, 0xff, 0xf7, 0x1f, 0x94, 0xff,
    0xff, 0x71, 0xf9, 0x7, 0xff, 0xf7, 0x1f, 0x90,
    0x2, 0x8f, 0x71, 0xf9, 0x0, 0x3, 0xf7, 0x1f,
    0x90, 0x0, 0x3f, 0x71, 0xf9, 0x0, 0x3, 0xf7,
    0x1f, 0x90, 0x0, 0x3f, 0x71, 0xf9, 0x0, 0x3,
    0xf7, 0x1f, 0x90, 0x0, 0x3f, 0x71, 0xf9, 0x0,
    0x2, 0x83, 0x8, 0x50,

    /* U+00B7 "·" */
    0x9, 0xa1, 0x4f, 0xf8, 0x1d, 0xe3,

    /* U+00B8 "¸" */
    0x0, 0x31, 0x0, 0x7f, 0x20, 0x9, 0xfb, 0x0,
    0x1b, 0xf4, 0x8f, 0xff, 0x22, 0x44, 0x20,

    /* U+00B9 "¹" */
    0x6, 0xee, 0x8f, 0xee, 0x42, 0xae, 0x0, 0xae,
    0x0, 0xae, 0x0, 0xae,

    /* U+00BA "º" */
    0x0, 0x0, 0x0, 0x0, 0x8f, 0xfc, 0x20, 0x5f,
    0x84, 0xdd, 0x8, 0xf0, 0x7, 0xf0, 0x6f, 0x51,
    0xce, 0x0, 0xbf, 0xff, 0x40, 0x0, 0x23, 0x0,
    0x0,

    /* U+00BB "»" */
    0x29, 0x80, 0x6, 0x96, 0x0, 0x0, 0xcf, 0x90,
    0x2f, 0xf4, 0x0, 0x1, 0xff, 0x50, 0x6f, 0xe1,
    0x0, 0x5, 0xfe, 0x10, 0xaf, 0xb0, 0x0, 0x1f,
    0xf5, 0x6, 0xfe, 0x10, 0xb, 0xfa, 0x2, 0xff,
    0x40, 0x7, 0xfd, 0x0, 0xcf, 0x90, 0x3, 0xff,
    0x30, 0x8f, 0xd0, 0x0,

    /* U+00BC "¼" */
    0x5, 0xee, 0x0, 0x0, 0x4, 0xf7, 0x0, 0x7,
    0xfe, 0xe0, 0x0, 0x0, 0xdd, 0x0, 0x0, 0x53,
    0xae, 0x0, 0x0, 0x7f, 0x40, 0x0, 0x0, 0xa,
    0xe0, 0x0, 0x1f, 0xa0, 0x0, 0x0, 0x0, 0xae,
    0x0, 0xb, 0xf1, 0x0, 0x0, 0x0, 0xa, 0xe0,
    0x4, 0xf7, 0x0, 0x2, 0x0, 0x0, 0x12, 0x0,
    0xdd, 0x0, 0xa, 0xf4, 0x0, 0x0, 0x0, 0x8f,
    0x40, 0x7, 0xff, 0x40, 0x0, 0x0, 0x2f, 0xa0,
    0x4, 0xf5, 0xf4, 0x0, 0x0, 0xb, 0xf1, 0x2,
    0xf6, 0x2f, 0x40, 0x0, 0x5, 0xf6, 0x0, 0xaf,
    0xff, 0xff, 0x20, 0x0, 0xed, 0x0, 0x1, 0x22,
    0x5f, 0x60,

    /* U+00BD "½" */
    0x5, 0xee, 0x0, 0x0, 0xc, 0xe0, 0x0, 0x7f,
    0xfe, 0x0, 0x0, 0x5f, 0x60, 0x0, 0x75, 0xae,
    0x0, 0x0, 0xec, 0x0, 0x0, 0x0, 0xae, 0x0,
    0x8, 0xf3, 0x0, 0x0, 0x0, 0xae, 0x0, 0x2f,
    0x90, 0x0, 0x0, 0x0, 0xae, 0x0, 0xbf, 0x10,
    0x0, 0x0, 0x0, 0x12, 0x5, 0xf6, 0x7, 0xef,
    0xd2, 0x0, 0x0, 0xe, 0xd0, 0x3f, 0x94, 0xeb,
    0x0, 0x0, 0x8f, 0x40, 0x1, 0x1, 0xea, 0x0,
    0x2, 0xfa, 0x0, 0x0, 0x3e, 0xd1, 0x0, 0xb,
    0xf1, 0x0, 0x6, 0xfb, 0x10, 0x0, 0x4f, 0x70,
    0x0, 0x4f, 0xff, 0xfd, 0x0, 0x24, 0x0, 0x0,
    0x14, 0x44, 0x43,

    /* U+00BE "¾" */
    0x4, 0xdf, 0xe8, 0x0, 0x0, 0x3f, 0x90, 0x0,
    0xd, 0xc3, 0xbf, 0x0, 0x0, 0xce, 0x0, 0x0,
    0x0, 0x2f, 0xf7, 0x0, 0x6, 0xf5, 0x0, 0x0,
    0x0, 0x2, 0x9f, 0x20, 0x1e, 0xc0, 0x0, 0x0,
    0xb, 0x80, 0x8f, 0x30, 0x9f, 0x20, 0x0, 0x0,
    0x8, 0xff, 0xfa, 0x3, 0xf9, 0x0, 0x2, 0x0,
    0x0, 0x13, 0x10, 0xc, 0xe0, 0x0, 0xaf, 0x40,
    0x0, 0x0, 0x0, 0x6f, 0x50, 0x7, 0xef, 0x40,
    0x0, 0x0, 0x1, 0xeb, 0x0, 0x4f, 0x5f, 0x40,
    0x0, 0x0, 0x9, 0xf2, 0x2, 0xf5, 0x2f, 0x40,
    0x0, 0x0, 0x3f, 0x80, 0xa, 0xff, 0xff, 0xf2,
    0x0, 0x0, 0xde, 0x0, 0x1, 0x22, 0x5f, 0x60,

    /* U+00BF "¿" */
    0x0, 0x0, 0xde, 0x20, 0x0, 0x0, 0x3f, 0xf6,
    0x0, 0x0, 0x0, 0x78, 0x0, 0x0, 0x0, 0x0,
    0x0, 0x0, 0x0, 0x0, 0xef, 0x0, 0x0, 0x0,
    0x9f, 0xc0, 0x0, 0x0, 0xbf, 0xf3, 0x0, 0x0,
    0xbf, 0xe3, 0x0, 0x0, 0x4f, 0xf3, 0x0, 0x0,
    0x7, 0xfb, 0x0, 0x3, 0x75, 0x5f, 0xe1, 0x1,
    0xdf, 0x80, 0xdf, 0xfd, 0xff, 0xe1, 0x1, 0x9e,
    0xfe, 0xa1, 0x0,

    /* U+00C0 "À" */
    0x0, 0x0, 0x9a, 0x30, 0x0, 0x0, 0x0, 0x0,
    0x4, 0xfd, 0x0, 0x0, 0x0, 0x0, 0x0, 0x6,
    0xf7, 0x0, 0x0, 0x0, 0x0, 0x0, 0x0, 0x0,
    0x0, 0x0, 0x0, 0x0, 0xe, 0xfd, 0x0, 0x0,
    0x0, 0x0, 0x6, 0xff, 0xf4, 0x0, 0x0, 0x0,
    0x0, 0xdf, 0xcf, 0xb0, 0x0, 0x0, 0x0, 0x4f,
    0xe1, 0xff, 0x20, 0x0, 0x0, 0xb, 0xf7, 0x9,
    0xf8, 0x0, 0x0, 0x2, 0xff, 0x10, 0x3f, 0xf0,
    0x0, 0x0, 0x8f, 0xa0, 0x0, 0xcf, 0x60, 0x0,
    0xe, 0xff, 0xff, 0xff, 0xfd, 0x0, 0x6, 0xff,
    0xee, 0xee, 0xef, 0xf4, 0x0, 0xdf, 0x70, 0x0,
    0x0, 0xaf, 0xb0, 0x4f, 0xf0, 0x0, 0x0, 0x3,
    0xff, 0x2b, 0xf9, 0x0, 0x0, 0x0, 0xc, 0xf8,

    /* U+00C1 "Á" */
    0x0, 0x0, 0x0, 0x4b, 0x90, 0x0, 0x0, 0x0,
    0x0, 0xe, 0xf3, 0x0, 0x0, 0x0, 0x0, 0x9,
    0xf5, 0x0, 0x0, 0x0, 0x0, 0x0, 0x0, 0x0,
    0x0, 0x0, 0x0, 0x0, 0xe, 0xfd, 0x0, 0x0,
    0x0, 0x0, 0x6, 0xff, 0xf4, 0x0, 0x0, 0x0,
    0x0, 0xdf, 0xcf, 0xb0, 0x0, 0x0, 0x0, 0x4f,
    0xe1, 0xff, 0x20, 0x0, 0x0, 0xb, 0xf7, 0x9,
    0xf8, 0x0, 0x0, 0x2, 0xff, 0x10, 0x3f, 0xf0,
    0x0, 0x0, 0x8f, 0xa0, 0x0, 0xcf, 0x60, 0x0,
    0xe, 0xff, 0xff, 0xff, 0xfd, 0x0, 0x6, 0xff,
    0xee, 0xee, 0xef, 0xf4, 0x0, 0xdf, 0x70, 0x0,
    0x0, 0xaf, 0xb0, 0x4f, 0xf0, 0x0, 0x0, 0x3,
    0xff, 0x2b, 0xf9, 0x0, 0x0, 0x0, 0xc, 0xf8,

    /* U+00C2 "Â" */
    0x0, 0x0, 0x6, 0x85, 0x0, 0x0, 0x0, 0x0,
    0x7, 0xff, 0xf5, 0x0, 0x0, 0x0, 0x4, 0xf9,
    0x1a, 0xf3, 0x0, 0x0, 0x0, 0x0, 0x0, 0x0,
    0x0, 0x0, 0x0, 0x0, 0xe, 0xfd, 0x0, 0x0,
    0x0, 0x0, 0x6, 0xff, 0xf4, 0x0, 0x0, 0x0,
    0x0, 0xdf, 0xcf, 0xb0, 0x0, 0x0, 0x0, 0x4f,
    0xe1, 0xff, 0x20, 0x0, 0x0, 0xb, 0xf7, 0x9,
    0xf8, 0x0, 0x0, 0x2, 0xff, 0x10, 0x3f, 0xf0,
    0x0, 0x0, 0x8f, 0xa0, 0x0, 0xcf, 0x60, 0x0,
    0xe, 0xff, 0xff, 0xff, 0xfd, 0x0, 0x6, 0xff,
    0xee, 0xee, 0xef, 0xf4, 0x0, 0xdf, 0x70, 0x0,
    0x0, 0xaf, 0xb0, 0x4f, 0xf0, 0x0, 0x0, 0x3,
    0xff, 0x2b, 0xf9, 0x0, 0x0, 0x0, 0xc, 0xf8,

    /* U+00C3 "Ã" */
    0x0, 0x0, 0x57, 0x10, 0x55, 0x0, 0x0, 0x0,
    0x6f, 0xff, 0x9f, 0x70, 0x0, 0x0, 0xa, 0xa1,
    0x8f, 0xc1, 0x0, 0x0, 0x0, 0x0, 0x0, 0x0,
    0x0, 0x0, 0x0, 0x0, 0xe, 0xfd, 0x0, 0x0,
    0x0, 0x0, 0x6, 0xff, 0xf4, 0x0, 0x0, 0x0,
    0x0, 0xdf, 0xcf, 0xb0, 0x0, 0x0, 0x0, 0x4f,
    0xe1, 0xff, 0x20, 0x0, 0x0, 0xb, 0xf7, 0x9,
    0xf8, 0x0, 0x0, 0x2, 0xff, 0x10, 0x3f, 0xf0,
    0x0, 0x0, 0x8f, 0xa0, 0x0, 0xcf, 0x60, 0x0,
    0xe, 0xff, 0xff, 0xff, 0xfd, 0x0, 0x6, 0xff,
    0xee, 0xee, 0xef, 0xf4, 0x0, 0xdf, 0x70, 0x0,
    0x0, 0xaf, 0xb0, 0x4f, 0xf0, 0x0, 0x0, 0x3,
    0xff, 0x2b, 0xf9, 0x0, 0x0, 0x0, 0xc, 0xf8,

    /* U+00C4 "Ä" */
    0x0, 0x0, 0x51, 0x1, 0x50, 0x0, 0x0, 0x0,
    0x9f, 0xb0, 0xcf, 0x80, 0x0, 0x0, 0x6, 0xf7,
    0x8, 0xf5, 0x0, 0x0, 0x0, 0x0, 0x0, 0x0,
    0x0, 0x0, 0x0, 0x0, 0xe, 0xfd, 0x0, 0x0,
    0x0, 0x0, 0x6, 0xff, 0xf4, 0x0, 0x0, 0x0,
    0x0, 0xdf, 0xcf, 0xb0, 0x0, 0x0, 0x0, 0x4f,
    0xe1, 0xff, 0x20, 0x0, 0x0, 0xb, 0xf7, 0x9,
    0xf8, 0x0, 0x0, 0x2, 0xff, 0x10, 0x3f, 0xf0,
    0x0, 0x0, 0x8f, 0xa0, 0x0, 0xcf, 0x60, 0x0,
    0xe, 0xff, 0xff, 0xff, 0xfd, 0x0, 0x6, 0xff,
    0xee, 0xee, 0xef, 0xf4, 0x0, 0xdf, 0x70, 0x0,
    0x0, 0xaf, 0xb0, 0x4f, 0xf0, 0x0, 0x0, 0x3,
    0xff, 0x2b, 0xf9, 0x0, 0x0, 0x0, 0xc, 0xf8,

    /* U+00C5 "Å" */
    0x0, 0x0, 0x0, 0x0, 0x0, 0x0, 0x0, 0x0,
    0x1, 0xcf, 0xb1, 0x0, 0x0, 0x0, 0x0, 0xac,
    0x4d, 0x90, 0x0, 0x0, 0x0, 0xb, 0xb1, 0xba,
    0x0, 0x0, 0x0, 0x0, 0x3e, 0xfe, 0x20, 0x0,
    0x0, 0x0, 0x0, 0x2, 0x0, 0x0, 0x0, 0x0,
    0x0, 0xe, 0xfd, 0x0, 0x0, 0x0, 0x0, 0x6,
    0xff, 0xf4, 0x0, 0x0, 0x0, 0x0, 0xdf, 0xcf,
    0xb0, 0x0, 0x0, 0x0, 0x4f, 0xe1, 0xff, 0x20,
    0x0, 0x0, 0xb, 0xf7, 0x9, 0xf8, 0x0, 0x0,
    0x2, 0xff, 0x10, 0x3f, 0xf0, 0x0, 0x0, 0x8f,
    0xa0, 0x0, 0xcf, 0x60, 0x0, 0xe, 0xff, 0xff,
    0xff, 0xfd, 0x0, 0x6, 0xff, 0xee, 0xee, 0xef,
    0xf4, 0x0, 0xdf, 0x70, 0x0, 0x0, 0xaf, 0xb0,
    0x4f, 0xf0, 0x0, 0x0, 0x3, 0xff, 0x2b, 0xf9,
    0x0, 0x0, 0x0, 0xc, 0xf8,

    /* U+00C6 "Æ" */
    0x0, 0x0, 0xe, 0xff, 0xff, 0xff, 0xff, 0x10,
    0x0, 0x0, 0x0, 0x6, 0xff, 0xff, 0xff, 0xff,
    0xf6, 0x0, 0x0, 0x0, 0x0, 0xdf, 0xcf, 0xb0,
    0x0, 0x0, 0x0, 0x0, 0x0, 0x0, 0x4f, 0xe1,
    0xff, 0x10, 0x0, 0x0, 0x0, 0x0, 0x0, 0xb,
    0xf7, 0x9, 0xf8, 0x0, 0x0, 0x0, 0x0, 0x0,
    0x2, 0xff, 0x10, 0x3f, 0xff, 0xff, 0xff, 0x70,
    0x0, 0x0, 0x8f, 0xa0, 0x0, 0xcf, 0xfe, 0xee,
    0xeb, 0x0, 0x0, 0xe, 0xff, 0xff, 0xff, 0xfc,
    0x0, 0x0, 0x0, 0x0, 0x6, 0xff, 0xee, 0xee,
    0xef, 0xf3, 0x0, 0x0, 0x0, 0x0, 0xdf, 0x70,
    0x0, 0x0, 0xaf, 0xa0, 0x0, 0x0, 0x0, 0x4f,
    0xf0, 0x0, 0x0, 0x3, 0xff, 0xff, 0xff, 0xfb,
    0xb, 0xf9, 0x0, 0x0, 0x0, 0xc, 0xff, 0xff,
    0xff, 0xf1,

    /* U+00C7 "Ç" */
    0x0, 0x2, 0x9e, 0xff, 0xd7, 0x0, 0x0, 0x7,
    0xff, 0xff, 0xff, 0xfd, 0x10, 0x4, 0xff, 0xa2,
    0x0, 0x4e, 0xfc, 0x0, 0xdf, 0xa0, 0x0, 0x0,
    0x4f, 0xf2, 0x1f, 0xf3, 0x0, 0x0, 0x0, 0x0,
    0x4, 0xff, 0x0, 0x0, 0x0, 0x0, 0x0, 0x4f,
    0xf0, 0x0, 0x0, 0x0, 0x0, 0x2, 0xff, 0x30,
    0x0, 0x0, 0x0, 0x0, 0xd, 0xfa, 0x0, 0x0,
    0x4, 0xff, 0x20, 0x4f, 0xfa, 0x20, 0x4, 0xef,
    0xc0, 0x0, 0x7f, 0xff, 0xff, 0xff, 0xd2, 0x0,
    0x0, 0x29, 0xef, 0xfd, 0x70, 0x0, 0x0, 0x0,
    0x4, 0xf8, 0x0, 0x0, 0x0, 0x0, 0x0, 0x2b,
    0xf7, 0x0, 0x0, 0x0, 0x0, 0x16, 0x9f, 0xa0,
    0x0, 0x0, 0x0, 0x2, 0xff, 0xf5, 0x0, 0x0,

    /* U+00C8 "È" */
    0x0, 0x7a, 0x50, 0x0, 0x0, 0x0, 0x2e, 0xf1,
    0x0, 0x0, 0x0, 0x3, 0xfb, 0x0, 0x0, 0x0,
    0x0, 0x0, 0x0, 0x0, 0xaf, 0xff, 0xff, 0xff,
    0xf1, 0xaf, 0xff, 0xff, 0xff, 0xf1, 0xaf, 0xa0,
    0x0, 0x0, 0x0, 0xaf, 0xa0, 0x0, 0x0, 0x0,
    0xaf, 0xa0, 0x0, 0x0, 0x0, 0xaf, 0xff, 0xff,
    0xff, 0xa0, 0xaf, 0xfe, 0xee, 0xee, 0x80, 0xaf,
    0xa0, 0x0, 0x0, 0x0, 0xaf, 0xa0, 0x0, 0x0,
    0x0, 0xaf, 0xa0, 0x0, 0x0, 0x0, 0xaf, 0xff,
    0xff, 0xff, 0xf1, 0xaf, 0xff, 0xff, 0xff, 0xf1,

    /* U+00C9 "É" */
    0x0, 0x0, 0x1b, 0xa2, 0x0, 0x0, 0x0, 0xbf,
    0x70, 0x0, 0x0, 0x5, 0xf8, 0x0, 0x0, 0x0,
    0x0, 0x0, 0x0, 0x0, 0xaf, 0xff, 0xff, 0xff,
    0xf1, 0xaf, 0xff, 0xff, 0xff, 0xf1, 0xaf, 0xa0,
    0x0, 0x0, 0x0, 0xaf, 0xa0, 0x0, 0x0, 0x0,
    0xaf, 0xa0, 0x0, 0x0, 0x0, 0xaf, 0xff, 0xff,
    0xff, 0xa0, 0xaf, 0xfe, 0xee, 0xee, 0x80, 0xaf,
    0xa0, 0x0, 0x0, 0x0, 0xaf, 0xa0, 0x0, 0x0,
    0x0, 0xaf, 0xa0, 0x0, 0x0, 0x0, 0xaf, 0xff,
    0xff, 0xff, 0xf1, 0xaf, 0xff, 0xff, 0xff, 0xf1,

    /* U+00CA "Ê" */
    0x0, 0x4, 0x87, 0x0, 0x0, 0x0, 0x3f, 0xff,
    0x90, 0x0, 0x1, 0xec, 0x17, 0xf6, 0x0, 0x0,
    0x0, 0x0, 0x0, 0x0, 0xaf, 0xff, 0xff, 0xff,
    0xf1, 0xaf, 0xff, 0xff, 0xff, 0xf1, 0xaf, 0xa0,
    0x0, 0x0, 0x0, 0xaf, 0xa0, 0x0, 0x0, 0x0,
    0xaf, 0xa0, 0x0, 0x0, 0x0, 0xaf, 0xff, 0xff,
    0xff, 0xa0, 0xaf, 0xfe, 0xee, 0xee, 0x80, 0xaf,
    0xa0, 0x0, 0x0, 0x0, 0xaf, 0xa0, 0x0, 0x0,
    0x0, 0xaf, 0xa0, 0x0, 0x0, 0x0, 0xaf, 0xff,
    0xff, 0xff, 0xf1, 0xaf, 0xff, 0xff, 0xff, 0xf1,

    /* U+00CB "Ë" */
    0x0, 0x52, 0x0, 0x51, 0x0, 0x5, 0xff, 0x8,
    0xfc, 0x0, 0x3, 0xeb, 0x5, 0xf8, 0x0, 0x0,
    0x0, 0x0, 0x0, 0x0, 0xaf, 0xff, 0xff, 0xff,
    0xf1, 0xaf, 0xff, 0xff, 0xff, 0xf1, 0xaf, 0xa0,
    0x0, 0x0, 0x0, 0xaf, 0xa0, 0x0, 0x0, 0x0,
    0xaf, 0xa0, 0x0, 0x0, 0x0, 0xaf, 0xff, 0xff,
    0xff, 0xa0, 0xaf, 0xfe, 0xee, 0xee, 0x80, 0xaf,
    0xa0, 0x0, 0x0, 0x0, 0xaf, 0xa0, 0x0, 0x0,
    0x0, 0xaf, 0xa0, 0x0, 0x0, 0x0, 0xaf, 0xff,
    0xff, 0xff, 0xf1, 0xaf, 0xff, 0xff, 0xff, 0xf1,

    /* U+00CC "Ì" */
    0x8, 0xa4, 0x0, 0x3f, 0xd0, 0x0, 0x5f, 0x80,
    0x0, 0x0, 0x0, 0x9f, 0xb0, 0x9, 0xfb, 0x0,
    0x9f, 0xb0, 0x9, 0xfb, 0x0, 0x9f, 0xb0, 0x9,
    0xfb, 0x0, 0x9f, 0xb0, 0x9, 0xfb, 0x0, 0x9f,
    0xb0, 0x9, 0xfb, 0x0, 0x9f, 0xb0, 0x9, 0xfb,

    /* U+00CD "Í" */
    0x3, 0xba, 0x10, 0xdf, 0x40, 0x7f, 0x60, 0x0,
    0x0, 0x0, 0x9f, 0xb0, 0x9, 0xfb, 0x0, 0x9f,
    0xb0, 0x9, 0xfb, 0x0, 0x9f, 0xb0, 0x9, 0xfb,
    0x0, 0x9f, 0xb0, 0x9, 0xfb, 0x0, 0x9f, 0xb0,
    0x9, 0xfb, 0x0, 0x9f, 0xb0, 0x9, 0xfb, 0x0,

    /* U+00CE "Î" */
    0x0, 0x58, 0x60, 0x0, 0x5f, 0xff, 0x60, 0x3f,
    0xa1, 0x9f, 0x40, 0x0, 0x0, 0x0, 0x0, 0x9f,
    0xb0, 0x0, 0x9, 0xfb, 0x0, 0x0, 0x9f, 0xb0,
    0x0, 0x9, 0xfb, 0x0, 0x0, 0x9f, 0xb0, 0x0,
    0x9, 0xfb, 0x0, 0x0, 0x9f, 0xb0, 0x0, 0x9,
    0xfb, 0x0, 0x0, 0x9f, 0xb0, 0x0, 0x9, 0xfb,
    0x0, 0x0, 0x9f, 0xb0, 0x0, 0x9, 0xfb, 0x0,

    /* U+00CF "Ï" */
    0x5, 0x10, 0x15, 0x18, 0xfc, 0xb, 0xf9, 0x5f,
    0x80, 0x7f, 0x60, 0x0, 0x0, 0x0, 0x0, 0x9f,
    0xb0, 0x0, 0x9, 0xfb, 0x0, 0x0, 0x9f, 0xb0,
    0x0, 0x9, 0xfb, 0x0, 0x0, 0x9f, 0xb0, 0x0,
    0x9, 0xfb, 0x0, 0x0, 0x9f, 0xb0, 0x0, 0x9,
    0xfb, 0x0, 0x0, 0x9f, 0xb0, 0x0, 0x9, 0xfb,
    0x0, 0x0, 0x9f, 0xb0, 0x0, 0x9, 0xfb, 0x0,

    /* U+00D0 "Ð" */
    0x3, 0xff, 0xff, 0xfe, 0xc6, 0x0, 0x0, 0x3f,
    0xfe, 0xee, 0xff, 0xfd, 0x20, 0x3, 0xff, 0x10,
    0x0, 0x5e, 0xfd, 0x0, 0x3f, 0xf1, 0x0, 0x0,
    0x2f, 0xf6, 0x3, 0xff, 0x10, 0x0, 0x0, 0xaf,
    0xb8, 0xff, 0xff, 0xff, 0x90, 0x7, 0xfd, 0x6c,
    0xff, 0xcc, 0xc6, 0x0, 0x7f, 0xd0, 0x3f, 0xf1,
    0x0, 0x0, 0xa, 0xfb, 0x3, 0xff, 0x10, 0x0,
    0x2, 0xff, 0x60, 0x3f, 0xf1, 0x0, 0x5, 0xef,
    0xd0, 0x3, 0xff, 0xee, 0xef, 0xff, 0xd1, 0x0,
    0x3f, 0xff, 0xff, 0xec, 0x60, 0x0,

    /* U+00D1 "Ñ" */
    0x0, 0x0, 0x76, 0x0, 0x72, 0x0, 0x0, 0xa,
    0xff, 0xda, 0xf2, 0x0, 0x0, 0xf, 0x52, 0xbf,
    0x90, 0x0, 0x0, 0x0, 0x0, 0x0, 0x0, 0x0,
    0xaf, 0xf2, 0x0, 0x0, 0x7, 0xfb, 0xaf, 0xfd,
    0x0, 0x0, 0x7, 0xfb, 0xaf, 0xff, 0xa0, 0x0,
    0x7, 0xfb, 0xaf, 0xcf, 0xf6, 0x0, 0x7, 0xfb,
    0xaf, 0x87, 0xff, 0x20, 0x7, 0xfb, 0xaf, 0x80,
    0xbf, 0xd0, 0x7, 0xfb, 0xaf, 0x80, 0x1d, 0xfa,
    0x7, 0xfb, 0xaf, 0x80, 0x3, 0xff, 0x67, 0xfb,
    0xaf, 0x80, 0x0, 0x6f, 0xfa, 0xfb, 0xaf, 0x80,
    0x0, 0xa, 0xff, 0xfb, 0xaf, 0x80, 0x0, 0x0,
    0xdf, 0xfb, 0xaf, 0x80, 0x0, 0x0, 0x2f, 0xfb,

    /* U+00D2 "Ò" */
    0x0, 0x0, 0x6f, 0xd0, 0x0, 0x0, 0x0, 0x0,
    0x0, 0x8, 0xf8, 0x0, 0x0, 0x0, 0x0, 0x0,
    0x0, 0x79, 0x0, 0x0, 0x0, 0x0, 0x0, 0x0,
    0x0, 0x0, 0x0, 0x0, 0x0, 0x2, 0x9d, 0xff,
    0xd8, 0x10, 0x0, 0x0, 0x6f, 0xff, 0xff, 0xff,
    0xf4, 0x0, 0x4, 0xff, 0xa2, 0x0, 0x3c, 0xff,
    0x20, 0xd, 0xfb, 0x0, 0x0, 0x0, 0xdf, 0x90,
    0x1f, 0xf3, 0x0, 0x0, 0x0, 0x7f, 0xe0, 0x3f,
    0xf0, 0x0, 0x0, 0x0, 0x4f, 0xf0, 0x3f, 0xf0,
    0x0, 0x0, 0x0, 0x4f, 0xf0, 0x1f, 0xf4, 0x0,
    0x0, 0x0, 0x7f, 0xe0, 0xc, 0xfb, 0x0, 0x0,
    0x0, 0xdf, 0x90, 0x4, 0xff, 0xa2, 0x0, 0x3c,
    0xff, 0x20, 0x0, 0x6f, 0xff, 0xff, 0xff, 0xf4,
    0x0, 0x0, 0x2, 0x9d, 0xff, 0xd8, 0x10, 0x0,

    /* U+00D3 "Ó" */
    0x0, 0x0, 0x0, 0x2f, 0xf4, 0x0, 0x0, 0x0,
    0x0, 0x0, 0xbf, 0x50, 0x0, 0x0, 0x0, 0x0,
    0x2, 0xb6, 0x0, 0x0, 0x0, 0x0, 0x0, 0x0,
    0x0, 0x0, 0x0, 0x0, 0x0, 0x2, 0x9d, 0xff,
    0xd8, 0x10, 0x0, 0x0, 0x6f, 0xff, 0xff, 0xff,
    0xf4, 0x0, 0x4, 0xff, 0xa2, 0x0, 0x3c, 0xff,
    0x20, 0xd, 0xfb, 0x0, 0x0, 0x0, 0xdf, 0x90,
    0x1f, 0xf3, 0x0, 0x0, 0x0, 0x7f, 0xe0, 0x3f,
    0xf0, 0x0, 0x0, 0x0, 0x4f, 0xf0, 0x3f, 0xf0,
    0x0, 0x0, 0x0, 0x4f, 0xf0, 0x1f, 0xf4, 0x0,
    0x0, 0x0, 0x7f, 0xe0, 0xc, 0xfb, 0x0, 0x0,
    0x0, 0xdf, 0x90, 0x4, 0xff, 0xa2, 0x0, 0x3c,
    0xff, 0x20, 0x0, 0x6f, 0xff, 0xff, 0xff, 0xf4,
    0x0, 0x0, 0x2, 0x9d, 0xff, 0xd8, 0x10, 0x0,

    /* U+00D4 "Ô" */
    0x0, 0x0, 0x8, 0xff, 0x40, 0x0, 0x0, 0x0,
    0x0, 0x3f, 0xdf, 0xe1, 0x0, 0x0, 0x0, 0x0,
    0xdd, 0x13, 0xfa, 0x0, 0x0, 0x0, 0x0, 0x0,
    0x0, 0x0, 0x0, 0x0, 0x0, 0x2, 0x9d, 0xff,
    0xd8, 0x10, 0x0, 0x0, 0x6f, 0xff, 0xff, 0xff,
    0xf4, 0x0, 0x4, 0xff, 0xa2, 0x0, 0x3c, 0xff,
    0x20, 0xd, 0xfb, 0x0, 0x0, 0x0, 0xdf, 0x90,
    0x1f, 0xf3, 0x0, 0x0, 0x0, 0x7f, 0xe0, 0x3f,
    0xf0, 0x0, 0x0, 0x0, 0x4f, 0xf0, 0x3f, 0xf0,
    0x0, 0x0, 0x0, 0x4f, 0xf0, 0x1f, 0xf4, 0x0,
    0x0, 0x0, 0x7f, 0xe0, 0xc, 0xfb, 0x0, 0x0,
    0x0, 0xdf, 0x90, 0x4, 0xff, 0xa2, 0x0, 0x3c,
    0xff, 0x20, 0x0, 0x6f, 0xff, 0xff, 0xff, 0xf4,
    0x0, 0x0, 0x2, 0x9d, 0xff, 0xd8, 0x10, 0x0,

    /* U+00D5 "Õ" */
    0x0, 0x0, 0x28, 0x40, 0x18, 0x0, 0x0, 0x0,
    0x0, 0xef, 0xfc, 0xbe, 0x0, 0x0, 0x0, 0x3,
    0xf2, 0x4d, 0xf5, 0x0, 0x0, 0x0, 0x0, 0x0,
    0x0, 0x0, 0x0, 0x0, 0x0, 0x2, 0x9d, 0xff,
    0xd8, 0x10, 0x0, 0x0, 0x6f, 0xff, 0xff, 0xff,
    0xf4, 0x0, 0x4, 0xff, 0xa2, 0x0, 0x3c, 0xff,
    0x20, 0xd, 0xfb, 0x0, 0x0, 0x0, 0xdf, 0x90,
    0x1f, 0xf3, 0x0, 0x0, 0x0, 0x7f, 0xe0, 0x3f,
    0xf0, 0x0, 0x0, 0x0, 0x4f, 0xf0, 0x3f, 0xf0,
    0x0, 0x0, 0x0, 0x4f, 0xf0, 0x1f, 0xf4, 0x0,
    0x0, 0x0, 0x7f, 0xe0, 0xc, 0xfb, 0x0, 0x0,
    0x0, 0xdf, 0x90, 0x4, 0xff, 0xa2, 0x0, 0x3c,
    0xff, 0x20, 0x0, 0x6f, 0xff, 0xff, 0xff, 0xf4,
    0x0, 0x0, 0x2, 0x9d, 0xff, 0xd8, 0x10, 0x0,

    /* U+00D6 "Ö" */
    0x0, 0x0, 0x44, 0x0, 0x53, 0x0, 0x0, 0x0,
    0x2, 0xff, 0x25, 0xff, 0x0, 0x0, 0x0, 0x1,
    0xdd, 0x2, 0xeb, 0x0, 0x0, 0x0, 0x0, 0x0,
    0x0, 0x0, 0x0, 0x0, 0x0, 0x2, 0x9d, 0xff,
    0xd8, 0x10, 0x0, 0x0, 0x6f, 0xff, 0xff, 0xff,
    0xf4, 0x0, 0x4, 0xff, 0xa2, 0x0, 0x3c, 0xff,
    0x20, 0xd, 0xfb, 0x0, 0x0, 0x0, 0xdf, 0x90,
    0x1f, 0xf3, 0x0, 0x0, 0x0, 0x7f, 0xe0, 0x3f,
    0xf0, 0x0, 0x0, 0x0, 0x4f, 0xf0, 0x3f, 0xf0,
    0x0, 0x0, 0x0, 0x4f, 0xf0, 0x1f, 0xf4, 0x0,
    0x0, 0x0, 0x7f, 0xe0, 0xc, 0xfb, 0x0, 0x0,
    0x0, 0xdf, 0x90, 0x4, 0xff, 0xa2, 0x0, 0x3c,
    0xff, 0x20, 0x0, 0x6f, 0xff, 0xff, 0xff, 0xf4,
    0x0, 0x0, 0x2, 0x9d, 0xff, 0xd8, 0x10, 0x0,

    /* U+00D7 "×" */
    0x9, 0x0, 0x0, 0x74, 0x8, 0xfc, 0x10, 0x7f,
    0xd0, 0xb, 0xfc, 0x8f, 0xe2, 0x0, 0xa, 0xff,
    0xd2, 0x0, 0x0, 0x8f, 0xfd, 0x10, 0x0, 0x8f,
    0xda, 0xfd, 0x10, 0x7f, 0xd1, 0x9, 0xfd, 0x1,
    0xa1, 0x0, 0x9, 0x40,

    /* U+00D8 "Ø" */
    0x0, 0x0, 0x0, 0x0, 0x0, 0x21, 0x0, 0x0,
    0x2, 0x9d, 0xff, 0xd8, 0xdc, 0x0, 0x0, 0x6f,
    0xff, 0xff, 0xff, 0xf6, 0x0, 0x4, 0xff, 0xa2,
    0x0, 0x8f, 0xff, 0x20, 0xd, 0xfb, 0x0, 0x2,
    0xfb, 0xef, 0x90, 0x1f, 0xf4, 0x0, 0xc, 0xe1,
    0x7f, 0xe0, 0x3f, 0xf1, 0x0, 0x8f, 0x30, 0x4f,
    0xf0, 0x3f, 0xf0, 0x4, 0xf7, 0x0, 0x4f, 0xf0,
    0x1f, 0xf3, 0x1e, 0xa0, 0x0, 0x7f, 0xe0, 0xc,
    0xfa, 0xbd, 0x0, 0x0, 0xdf, 0x90, 0x4, 0xff,
    0xf5, 0x0, 0x3c, 0xff, 0x20, 0x0, 0x9f, 0xff,
    0xff, 0xff, 0xf4, 0x0, 0x0, 0xeb, 0x9d, 0xff,
    0xd8, 0x10, 0x0, 0x0, 0x21, 0x0, 0x0, 0x0,
    0x0, 0x0,

    /* U+00D9 "Ù" */
    0x0, 0xb, 0xf8, 0x0, 0x0, 0x0, 0x0, 0xc,
    0xf2, 0x0, 0x0, 0x0, 0x0, 0x19, 0x60, 0x0,
    0x0, 0x0, 0x0, 0x0, 0x0, 0x0, 0xcf, 0x80,
    0x0, 0x0, 0x6f, 0xec, 0xf8, 0x0, 0x0, 0x6,
    0xfe, 0xcf, 0x80, 0x0, 0x0, 0x6f, 0xec, 0xf8,
    0x0, 0x0, 0x6, 0xfe, 0xcf, 0x80, 0x0, 0x0,
    0x6f, 0xec, 0xf8, 0x0, 0x0, 0x6, 0xfe, 0xcf,
    0x80, 0x0, 0x0, 0x6f, 0xec, 0xf8, 0x0, 0x0,
    0x6, 0xfd, 0xbf, 0xc0, 0x0, 0x0, 0xaf, 0xc6,
    0xff, 0x93, 0x12, 0x8f, 0xf7, 0xb, 0xff, 0xff,
    0xff, 0xfc, 0x0, 0x6, 0xcf, 0xff, 0xc6, 0x0,

    /* U+00DA "Ú" */
    0x0, 0x0, 0x7, 0xfd, 0x0, 0x0, 0x0, 0x1,
    0xfe, 0x10, 0x0, 0x0, 0x0, 0x6a, 0x20, 0x0,
    0x0, 0x0, 0x0, 0x0, 0x0, 0x0, 0xcf, 0x80,
    0x0, 0x0, 0x6f, 0xec, 0xf8, 0x0, 0x0, 0x6,
    0xfe, 0xcf, 0x80, 0x0, 0x0, 0x6f, 0xec, 0xf8,
    0x0, 0x0, 0x6, 0xfe, 0xcf, 0x80, 0x0, 0x0,
    0x6f, 0xec, 0xf8, 0x0, 0x0, 0x6, 0xfe, 0xcf,
    0x80, 0x0, 0x0, 0x6f, 0xec, 0xf8, 0x0, 0x0,
    0x6, 0xfd, 0xbf, 0xc0, 0x0, 0x0, 0xaf, 0xc6,
    0xff, 0x93, 0x12, 0x8f, 0xf7, 0xb, 0xff, 0xff,
    0xff, 0xfc, 0x0, 0x6, 0xcf, 0xff, 0xc6, 0x0,

    /* U+00DB "Û" */
    0x0, 0x0, 0xdf, 0xd0, 0x0, 0x0, 0x0, 0x9f,
    0xdf, 0x90, 0x0, 0x0, 0x4f, 0x90, 0x8f, 0x40,
    0x0, 0x0, 0x0, 0x0, 0x0, 0x0, 0xcf, 0x80,
    0x0, 0x0, 0x6f, 0xec, 0xf8, 0x0, 0x0, 0x6,
    0xfe, 0xcf, 0x80, 0x0, 0x0, 0x6f, 0xec, 0xf8,
    0x0, 0x0, 0x6, 0xfe, 0xcf, 0x80, 0x0, 0x0,
    0x6f, 0xec, 0xf8, 0x0, 0x0, 0x6, 0xfe, 0xcf,
    0x80, 0x0, 0x0, 0x6f, 0xec, 0xf8, 0x0, 0x0,
    0x6, 0xfd, 0xbf, 0xc0, 0x0, 0x0, 0xaf, 0xc6,
    0xff, 0x93, 0x12, 0x8f, 0xf7, 0xb, 0xff, 0xff,
    0xff, 0xfc, 0x0, 0x6, 0xcf, 0xff, 0xc6, 0x0,

    /* U+00DC "Ü" */
    0x0, 0x5, 0x10, 0x15, 0x0, 0x0, 0x8, 0xfc,
    0xb, 0xf9, 0x0, 0x0, 0x5f, 0x80, 0x7f, 0x60,
    0x0, 0x0, 0x0, 0x0, 0x0, 0x0, 0xcf, 0x80,
    0x0, 0x0, 0x6f, 0xec, 0xf8, 0x0, 0x0, 0x6,
    0xfe, 0xcf, 0x80, 0x0, 0x0, 0x6f, 0xec, 0xf8,
    0x0, 0x0, 0x6, 0xfe, 0xcf, 0x80, 0x0, 0x0,
    0x6f, 0xec, 0xf8, 0x0, 0x0, 0x6, 0xfe, 0xcf,
    0x80, 0x0, 0x0, 0x6f, 0xec, 0xf8, 0x0, 0x0,
    0x6, 0xfd, 0xbf, 0xc0, 0x0, 0x0, 0xaf, 0xc6,
    0xff, 0x93, 0x12, 0x8f, 0xf7, 0xb, 0xff, 0xff,
    0xff, 0xfc, 0x0, 0x6, 0xcf, 0xff, 0xc6, 0x0,

    /* U+00DD "Ý" */
    0x0, 0x0, 0x0, 0xab, 0x30, 0x0, 0x0, 0x0,
    0x9, 0xf8, 0x0, 0x0, 0x0, 0x0, 0x3f, 0xa0,
    0x0, 0x0, 0x0, 0x0, 0x0, 0x0, 0x0, 0x0,
    0x8f, 0xf1, 0x0, 0x0, 0x4f, 0xf2, 0xe, 0xfa,
    0x0, 0x0, 0xdf, 0x90, 0x5, 0xff, 0x30, 0x7,
    0xfe, 0x0, 0x0, 0xbf, 0xc0, 0x1f, 0xf5, 0x0,
    0x0, 0x2f, 0xf6, 0xaf, 0xc0, 0x0, 0x0, 0x8,
    0xff, 0xff, 0x20, 0x0, 0x0, 0x0, 0xef, 0xf8,
    0x0, 0x0, 0x0, 0x0, 0x6f, 0xf0, 0x0, 0x0,
    0x0, 0x0, 0x5f, 0xf0, 0x0, 0x0, 0x0, 0x0,
    0x5f, 0xf0, 0x0, 0x0, 0x0, 0x0, 0x5f, 0xf0,
    0x0, 0x0, 0x0, 0x0, 0x5f, 0xf0, 0x0, 0x0,

    /* U+00DE "Þ" */
    0xaf, 0xa0, 0x0, 0x0, 0x0, 0xa, 0xfa, 0x0,
    0x0, 0x0, 0x0, 0xaf, 0xfe, 0xee, 0xeb, 0x50,
    0xa, 0xff, 0xff, 0xff, 0xff, 0x80, 0xaf, 0xa0,
    0x0, 0x19, 0xff, 0x1a, 0xfa, 0x0, 0x0, 0xf,
    0xf4, 0xaf, 0xa0, 0x0, 0x0, 0xff, 0x4a, 0xfa,
    0x0, 0x1, 0x9f, 0xf1, 0xaf, 0xff, 0xff, 0xff,
    0xf8, 0xa, 0xff, 0xee, 0xee, 0xb5, 0x0, 0xaf,
    0xa0, 0x0, 0x0, 0x0, 0xa, 0xfa, 0x0, 0x0,
    0x0, 0x0,

    /* U+00DF "ß" */
    0x3, 0xbe, 0xfe, 0xb3, 0x0, 0x4f, 0xfe, 0xce,
    0xff, 0x20, 0xcf, 0xa0, 0x0, 0xdf, 0x70, 0xff,
    0x40, 0x0, 0xdf, 0x50, 0xff, 0x45, 0xcf, 0xe7,
    0x0, 0xff, 0x46, 0xff, 0xfb, 0x20, 0xff, 0x40,
    0x2, 0xaf, 0xd0, 0xff, 0x40, 0x0, 0xf, 0xf3,
    0xff, 0x40, 0x0, 0xf, 0xf4, 0xff, 0x40, 0x0,
    0x7f, 0xf2, 0xff, 0x45, 0xce, 0xff, 0x90, 0xff,
    0x46, 0xff, 0xc6, 0x0,

    /* U+00E0 "à" */
    0x0, 0x5f, 0xd0, 0x0, 0x0, 0x0, 0x7, 0xf8,
    0x0, 0x0, 0x0, 0x0, 0x79, 0x0, 0x0, 0x0,
    0x8d, 0xff, 0xc6, 0x0, 0xb, 0xff, 0xcd, 0xff,
    0x70, 0x2c, 0xc2, 0x0, 0x6f, 0xd0, 0x0, 0x47,
    0x88, 0x9f, 0xe0, 0xc, 0xff, 0xff, 0xff, 0xf0,
    0x5f, 0xd1, 0x0, 0x3f, 0xf0, 0x6f, 0xc0, 0x0,
    0xbf, 0xf5, 0x2f, 0xfd, 0xbe, 0xe9, 0xff, 0x4,
    0xcf, 0xfb, 0x24, 0xff,

    /* U+00E1 "á" */
    0x0, 0x0, 0x1f, 0xf4, 0x0, 0x0, 0x0, 0xaf,
    0x60, 0x0, 0x0, 0x2, 0xb7, 0x0, 0x0, 0x0,
    0x8d, 0xff, 0xc6, 0x0, 0xb, 0xff, 0xcd, 0xff,
    0x70, 0x2c, 0xc2, 0x0, 0x6f, 0xd0, 0x0, 0x47,
    0x88, 0x9f, 0xe0, 0xc, 0xff, 0xff, 0xff, 0xf0,
    0x5f, 0xd1, 0x0, 0x3f, 0xf0, 0x6f, 0xc0, 0x0,
    0xbf, 0xf5, 0x2f, 0xfd, 0xbe, 0xe9, 0xff, 0x4,
    0xcf, 0xfb, 0x24, 0xff,

    /* U+00E2 "â" */
    0x0, 0x9, 0xff, 0x70, 0x0, 0x0, 0x8f, 0x79,
    0xf6, 0x0, 0x0, 0x32, 0x0, 0x23, 0x0, 0x0,
    0x8d, 0xff, 0xc6, 0x0, 0xb, 0xff, 0xcd, 0xff,
    0x70, 0x2c, 0xc2, 0x0, 0x6f, 0xd0, 0x0, 0x47,
    0x88, 0x9f, 0xe0, 0xc, 0xff, 0xff, 0xff, 0xf0,
    0x5f, 0xd1, 0x0, 0x3f, 0xf0, 0x6f, 0xc0, 0x0,
    0xbf, 0xf5, 0x2f, 0xfd, 0xbe, 0xe9, 0xff, 0x4,
    0xcf, 0xfb, 0x24, 0xff,

    /* U+00E3 "ã" */
    0x0, 0x9f, 0xea, 0xaf, 0x0, 0x2, 0xf9, 0xae,
    0xf7, 0x0, 0x0, 0x0, 0x0, 0x0, 0x0, 0x0,
    0x8d, 0xff, 0xc6, 0x0, 0xb, 0xff, 0xcd, 0xff,
    0x70, 0x2c, 0xc2, 0x0, 0x6f, 0xd0, 0x0, 0x47,
    0x88, 0x9f, 0xe0, 0xc, 0xff, 0xff, 0xff, 0xf0,
    0x5f, 0xd1, 0x0, 0x3f, 0xf0, 0x6f, 0xc0, 0x0,
    0xbf, 0xf5, 0x2f, 0xfd, 0xbe, 0xe9, 0xff, 0x4,
    0xcf, 0xfb, 0x24, 0xff,

    /* U+00E4 "ä" */
    0x0, 0xdd, 0x12, 0xec, 0x0, 0x2, 0xff, 0x24,
    0xff, 0x0, 0x0, 0x44, 0x0, 0x53, 0x0, 0x0,
    0x8d, 0xff, 0xc6, 0x0, 0xb, 0xff, 0xcd, 0xff,
    0x70, 0x2c, 0xc2, 0x0, 0x6f, 0xd0, 0x0, 0x47,
    0x88, 0x9f, 0xe0, 0xc, 0xff, 0xff, 0xff, 0xf0,
    0x5f, 0xd1, 0x0, 0x3f, 0xf0, 0x6f, 0xc0, 0x0,
    0xbf, 0xf5, 0x2f, 0xfd, 0xbe, 0xe9, 0xff, 0x4,
    0xcf, 0xfb, 0x24, 0xff,

    /* U+00E5 "å" */
    0x0, 0x5, 0xed, 0x30, 0x0, 0x0, 0xf, 0x68,
    0xd0, 0x0, 0x0, 0xf, 0x46, 0xe0, 0x0, 0x0,
    0x7, 0xff, 0x50, 0x0, 0x0, 0x0, 0x11, 0x0,
    0x0, 0x0, 0x8d, 0xff, 0xc6, 0x0, 0xb, 0xff,
    0xcd, 0xff, 0x70, 0x2c, 0xc2, 0x0, 0x6f, 0xd0,
    0x0, 0x47, 0x88, 0x9f, 0xe0, 0xc, 0xff, 0xff,
    0xff, 0xf0, 0x5f, 0xd1, 0x0, 0x3f, 0xf0, 0x6f,
    0xc0, 0x0, 0xbf, 0xf5, 0x2f, 0xfd, 0xbe, 0xe9,
    0xff, 0x4, 0xcf, 0xfb, 0x24, 0xff,

    /* U+00E6 "æ" */
    0x0, 0x7d, 0xff, 0xb4, 0x19, 0xef, 0xd7, 0x0,
    0x9, 0xff, 0xcd, 0xff, 0xef, 0xec, 0xff, 0xb0,
    0x2f, 0xf3, 0x0, 0x9f, 0xfa, 0x0, 0x1e, 0xf4,
    0x0, 0x1, 0x22, 0x5f, 0xf3, 0x22, 0x29, 0xf9,
    0x6, 0xef, 0xff, 0xff, 0xff, 0xff, 0xff, 0xfb,
    0x3f, 0xf7, 0x55, 0x7f, 0xf5, 0x55, 0x55, 0x53,
    0x6f, 0xc0, 0x0, 0xaf, 0xf8, 0x0, 0xa, 0xc6,
    0x2f, 0xfe, 0xcf, 0xfb, 0xff, 0xec, 0xef, 0xe2,
    0x4, 0xcf, 0xfd, 0x70, 0x2a, 0xef, 0xe9, 0x10,

    /* U+00E7 "ç" */
    0x0, 0x4b, 0xff, 0xd7, 0x0, 0x6, 0xff, 0xff,
    0xff, 0xb0, 0x1f, 0xf9, 0x0, 0x4f, 0xf5, 0x5f,
    0xe0, 0x0, 0x2, 0x31, 0x6f, 0xd0, 0x0, 0x0,
    0x0, 0x5f, 0xe0, 0x0, 0x3, 0x52, 0x1f, 0xf9,
    0x0, 0x3f, 0xf5, 0x6, 0xff, 0xfe, 0xff, 0xc0,
    0x0, 0x4b, 0xff, 0xe8, 0x0, 0x0, 0x0, 0xdd,
    0x0, 0x0, 0x0, 0x0, 0x6f, 0xd0, 0x0, 0x0,
    0x4, 0x6f, 0xf1, 0x0, 0x0, 0xc, 0xff, 0xb0,
    0x0,

    /* U+00E8 "è" */
    0x0, 0x3f, 0xf1, 0x0, 0x0, 0x0, 0x5, 0xfb,
    0x0, 0x0, 0x0, 0x0, 0x5a, 0x20, 0x0, 0x0,
    0x4b, 0xff, 0xd7, 0x0, 0x6, 0xff, 0xdc, 0xff,
    0xa0, 0x1f, 0xf7, 0x0, 0x2e, 0xf4, 0x5f, 0xe2,
    0x22, 0x2a, 0xf8, 0x6f, 0xff, 0xff, 0xff, 0xfa,
    0x5f, 0xd5, 0x55, 0x55, 0x53, 0x1f, 0xf4, 0x0,
    0xa, 0xc5, 0x6, 0xff, 0xdc, 0xff, 0xe1, 0x0,
    0x4b, 0xff, 0xe9, 0x10,

    /* U+00E9 "é" */
    0x0, 0x0, 0xd, 0xf7, 0x0, 0x0, 0x0, 0x8f,
    0x80, 0x0, 0x0, 0x0, 0xa8, 0x0, 0x0, 0x0,
    0x4b, 0xff, 0xd7, 0x0, 0x6, 0xff, 0xdc, 0xff,
    0xa0, 0x1f, 0xf7, 0x0, 0x2e, 0xf4, 0x5f, 0xe2,
    0x22, 0x2a, 0xf8, 0x6f, 0xff, 0xff, 0xff, 0xfa,
    0x5f, 0xd5, 0x55, 0x55, 0x53, 0x1f, 0xf4, 0x0,
    0xa, 0xc5, 0x6, 0xff, 0xdc, 0xff, 0xe1, 0x0,
    0x4b, 0xff, 0xe9, 0x10,

    /* U+00EA "ê" */
    0x0, 0x7, 0xff, 0x90, 0x0, 0x0, 0x6f, 0x97,
    0xf8, 0x0, 0x0, 0x32, 0x0, 0x13, 0x0, 0x0,
    0x4b, 0xff, 0xd7, 0x0, 0x6, 0xff, 0xdc, 0xff,
    0xa0, 0x1f, 0xf7, 0x0, 0x2e, 0xf4, 0x5f, 0xe2,
    0x22, 0x2a, 0xf8, 0x6f, 0xff, 0xff, 0xff, 0xfa,
    0x5f, 0xd5, 0x55, 0x55, 0x53, 0x1f, 0xf4, 0x0,
    0xa, 0xc5, 0x6, 0xff, 0xdc, 0xff, 0xe1, 0x0,
    0x4b, 0xff, 0xe9, 0x10,

    /* U+00EB "ë" */
    0x0, 0xbe, 0x20, 0xdd, 0x10, 0x0, 0xff, 0x52,
    0xff, 0x20, 0x0, 0x35, 0x0, 0x44, 0x0, 0x0,
    0x4b, 0xff, 0xd7, 0x0, 0x6, 0xff, 0xdc, 0xff,
    0xa0, 0x1f, 0xf7, 0x0, 0x2e, 0xf4, 0x5f, 0xe2,
    0x22, 0x2a, 0xf8, 0x6f, 0xff, 0xff, 0xff, 0xfa,
    0x5f, 0xd5, 0x55, 0x55, 0x53, 0x1f, 0xf4, 0x0,
    0xa, 0xc5, 0x6, 0xff, 0xdc, 0xff, 0xe1, 0x0,
    0x4b, 0xff, 0xe9, 0x10,

    /* U+00EC "ì" */
    0x2e, 0xf3, 0x0, 0x3f, 0xd0, 0x0, 0x4a, 0x30,
    0xe, 0xf5, 0x0, 0xef, 0x50, 0xe, 0xf5, 0x0,
    0xef, 0x50, 0xe, 0xf5, 0x0, 0xef, 0x50, 0xe,
    0xf5, 0x0, 0xef, 0x50, 0xe, 0xf5,

    /* U+00ED "í" */
    0x0, 0xcf, 0x90, 0x5f, 0xa0, 0x9, 0x90, 0x0,
    0xef, 0x50, 0xe, 0xf5, 0x0, 0xef, 0x50, 0xe,
    0xf5, 0x0, 0xef, 0x50, 0xe, 0xf5, 0x0, 0xef,
    0x50, 0xe, 0xf5, 0x0, 0xef, 0x50,

    /* U+00EE "î" */
    0x5, 0xff, 0xb0, 0x5, 0xf9, 0x5e, 0xb0, 0x11,
    0x0, 0x1, 0x0, 0xe, 0xf5, 0x0, 0x0, 0xef,
    0x50, 0x0, 0xe, 0xf5, 0x0, 0x0, 0xef, 0x50,
    0x0, 0xe, 0xf5, 0x0, 0x0, 0xef, 0x50, 0x0,
    0xe, 0xf5, 0x0, 0x0, 0xef, 0x50, 0x0, 0xe,
    0xf5, 0x0,

    /* U+00EF "ï" */
    0xd, 0xa3, 0xf6, 0x1f, 0xc5, 0xf8, 0x3, 0x10,
    0x40, 0x0, 0xef, 0x50, 0x0, 0xef, 0x50, 0x0,
    0xef, 0x50, 0x0, 0xef, 0x50, 0x0, 0xef, 0x50,
    0x0, 0xef, 0x50, 0x0, 0xef, 0x50, 0x0, 0xef,
    0x50, 0x0, 0xef, 0x50,

    /* U+00F0 "ð" */
    0x0, 0x0, 0x0, 0x2, 0x0, 0x0, 0x28, 0xfd,
    0x8c, 0xe1, 0x0, 0x0, 0x2a, 0xff, 0xd1, 0x0,
    0x0, 0x1e, 0x92, 0x2c, 0xd1, 0x0, 0x0, 0x4b,
    0xff, 0xcf, 0xb0, 0x0, 0x6f, 0xff, 0xdf, 0xff,
    0x50, 0x1f, 0xfa, 0x0, 0xa, 0xfd, 0x5, 0xfe,
    0x0, 0x0, 0x1f, 0xf1, 0x6f, 0xb0, 0x0, 0x0,
    0xff, 0x25, 0xfd, 0x0, 0x0, 0x3f, 0xf0, 0xf,
    0xf8, 0x0, 0x2d, 0xfa, 0x0, 0x5f, 0xff, 0xdf,
    0xfe, 0x10, 0x0, 0x3b, 0xef, 0xe9, 0x10, 0x0,

    /* U+00F1 "ñ" */
    0x0, 0xa, 0xfe, 0xab, 0xf0, 0x0, 0x3, 0xf9,
    0xbe, 0xf6, 0x0, 0x0, 0x0, 0x0, 0x0, 0x0,
    0x7, 0xfd, 0x6, 0xdf, 0xea, 0x10, 0x7f, 0xe9,
    0xfd, 0xdf, 0xfe, 0x1, 0x7f, 0xf5, 0x0, 0x3f,
    0xf6, 0x6, 0xfe, 0x0, 0x0, 0xbf, 0x80, 0x6f,
    0xd0, 0x0, 0xa, 0xf9, 0x6, 0xfd, 0x0, 0x0,
    0xaf, 0x90, 0x6f, 0xd0, 0x0, 0xa, 0xf9, 0x6,
    0xfd, 0x0, 0x0, 0xaf, 0x90, 0x6f, 0xd0, 0x0,
    0xa, 0xf9,

    /* U+00F2 "ò" */
    0x0, 0x1e, 0xf4, 0x0, 0x0, 0x0, 0x0, 0x2e,
    0xd0, 0x0, 0x0, 0x0, 0x0, 0x3a, 0x40, 0x0,
    0x0, 0x3, 0xbe, 0xfe, 0x91, 0x0, 0x6, 0xff,
    0xff, 0xff, 0xe2, 0x1, 0xff, 0x90, 0x2, 0xdf,
    0xa0, 0x5f, 0xf0, 0x0, 0x4, 0xff, 0x6, 0xfd,
    0x0, 0x0, 0x2f, 0xf1, 0x5f, 0xf0, 0x0, 0x4,
    0xff, 0x1, 0xff, 0x90, 0x2, 0xdf, 0xb0, 0x6,
    0xff, 0xfe, 0xff, 0xe2, 0x0, 0x4, 0xbf, 0xfe,
    0x91, 0x0,

    /* U+00F3 "ó" */
    0x0, 0x0, 0xb, 0xfa, 0x0, 0x0, 0x0, 0x4,
    0xfb, 0x0, 0x0, 0x0, 0x0, 0x9a, 0x0, 0x0,
    0x0, 0x3, 0xbe, 0xfe, 0x91, 0x0, 0x6, 0xff,
    0xff, 0xff, 0xe2, 0x1, 0xff, 0x90, 0x2, 0xdf,
    0xa0, 0x5f, 0xf0, 0x0, 0x4, 0xff, 0x6, 0xfd,
    0x0, 0x0, 0x2f, 0xf1, 0x5f, 0xf0, 0x0, 0x4,
    0xff, 0x1, 0xff, 0x90, 0x2, 0xdf, 0xb0, 0x6,
    0xff, 0xfe, 0xff, 0xe2, 0x0, 0x4, 0xbf, 0xfe,
    0x91, 0x0,

    /* U+00F4 "ô" */
    0x0, 0x4, 0xff, 0xc0, 0x0, 0x0, 0x3, 0xfb,
    0x5e, 0xb0, 0x0, 0x0, 0x23, 0x0, 0x13, 0x10,
    0x0, 0x3, 0xbe, 0xfe, 0x91, 0x0, 0x6, 0xff,
    0xff, 0xff, 0xe2, 0x1, 0xff, 0x90, 0x2, 0xdf,
    0xa0, 0x5f, 0xf0, 0x0, 0x4, 0xff, 0x6, 0xfd,
    0x0, 0x0, 0x2f, 0xf1, 0x5f, 0xf0, 0x0, 0x4,
    0xff, 0x1, 0xff, 0x90, 0x2, 0xdf, 0xb0, 0x6,
    0xff, 0xfe, 0xff, 0xe2, 0x0, 0x4, 0xbf, 0xfe,
    0x91, 0x0,

    /* U+00F5 "õ" */
    0x0, 0x4e, 0xfb, 0x9e, 0x60, 0x0, 0xc, 0xc9,
    0xdf, 0xc1, 0x0, 0x0, 0x0, 0x0, 0x0, 0x0,
    0x0, 0x3, 0xbe, 0xfe, 0x91, 0x0, 0x6, 0xff,
    0xff, 0xff, 0xe2, 0x1, 0xff, 0x90, 0x2, 0xdf,
    0xa0, 0x5f, 0xf0, 0x0, 0x4, 0xff, 0x6, 0xfd,
    0x0, 0x0, 0x2f, 0xf1, 0x5f, 0xf0, 0x0, 0x4,
    0xff, 0x1, 0xff, 0x90, 0x2, 0xdf, 0xb0, 0x6,
    0xff, 0xfe, 0xff, 0xe2, 0x0, 0x4, 0xbf, 0xfe,
    0x91, 0x0,

    /* U+00F6 "ö" */
    0x0, 0x8f, 0x50, 0xbe, 0x30, 0x0, 0xc, 0xf8,
    0xe, 0xf5, 0x0, 0x0, 0x15, 0x0, 0x25, 0x0,
    0x0, 0x3, 0xbe, 0xfe, 0x91, 0x0, 0x6, 0xff,
    0xff, 0xff, 0xe2, 0x1, 0xff, 0x90, 0x2, 0xdf,
    0xa0, 0x5f, 0xf0, 0x0, 0x4, 0xff, 0x6, 0xfd,
    0x0, 0x0, 0x2f, 0xf1, 0x5f, 0xf0, 0x0, 0x4,
    0xff, 0x1, 0xff, 0x90, 0x2, 0xdf, 0xb0, 0x6,
    0xff, 0xfe, 0xff, 0xe2, 0x0, 0x4, 0xbf, 0xfe,
    0x91, 0x0,

    /* U+00F7 "÷" */
    0x0, 0x2, 0x40, 0x0, 0x0, 0x0, 0xef, 0x40,
    0x0, 0x0, 0xb, 0xe2, 0x0, 0x0, 0x0, 0x0,
    0x0, 0x0, 0xef, 0xff, 0xff, 0xff, 0x3a, 0xcc,
    0xcc, 0xcc, 0xc2, 0x0, 0x2, 0x40, 0x0, 0x0,
    0x0, 0xef, 0x40, 0x0, 0x0, 0xb, 0xe2, 0x0,
    0x0,

    /* U+00F8 "ø" */
    0x0, 0x0, 0x0, 0x0, 0x10, 0x0, 0x4, 0xbf,
    0xfe, 0x9d, 0x80, 0x6, 0xff, 0xfd, 0xff, 0xf2,
    0x1, 0xff, 0x80, 0x9, 0xff, 0xa0, 0x5f, 0xd0,
    0x7, 0xd4, 0xff, 0x6, 0xfa, 0x5, 0xe2, 0xf,
    0xf1, 0x5f, 0xc3, 0xe3, 0x2, 0xff, 0x0, 0xff,
    0xf4, 0x1, 0xcf, 0xb0, 0x7, 0xff, 0xed, 0xff,
    0xe2, 0x0, 0xda, 0xbe, 0xfe, 0x91, 0x0, 0x2,
    0x0, 0x0, 0x0, 0x0, 0x0,

    /* U+00F9 "ù" */
    0x0, 0xc, 0xf7, 0x0, 0x0, 0x0, 0x0, 0x1,
    0xdf, 0x10, 0x0, 0x0, 0x0, 0x0, 0x29, 0x50,
    0x0, 0x0, 0xf, 0xf3, 0x0, 0x5, 0xff, 0x0,
    0xf, 0xf3, 0x0, 0x5, 0xff, 0x0, 0xf, 0xf3,
    0x0, 0x5, 0xff, 0x0, 0xf, 0xf3, 0x0, 0x5,
    0xff, 0x0, 0xf, 0xf3, 0x0, 0x5, 0xff, 0x0,
    0xf, 0xf4, 0x0, 0x6, 0xff, 0x0, 0xd, 0xfb,
    0x10, 0x2d, 0xff, 0x50, 0x6, 0xff, 0xff, 0xfe,
    0x8f, 0xf1, 0x0, 0x6d, 0xff, 0xb2, 0x3f, 0xf1,

    /* U+00FA "ú" */
    0x0, 0x0, 0x8, 0xfc, 0x0, 0x0, 0x0, 0x0,
    0x2f, 0xd1, 0x0, 0x0, 0x0, 0x0, 0x7a, 0x20,
    0x0, 0x0, 0xf, 0xf3, 0x0, 0x5, 0xff, 0x0,
    0xf, 0xf3, 0x0, 0x5, 0xff, 0x0, 0xf, 0xf3,
    0x0, 0x5, 0xff, 0x0, 0xf, 0xf3, 0x0, 0x5,
    0xff, 0x0, 0xf, 0xf3, 0x0, 0x5, 0xff, 0x0,
    0xf, 0xf4, 0x0, 0x6, 0xff, 0x0, 0xd, 0xfb,
    0x10, 0x2d, 0xff, 0x50, 0x6, 0xff, 0xff, 0xfe,
    0x8f, 0xf1, 0x0, 0x6d, 0xff, 0xb2, 0x3f, 0xf1,

    /* U+00FB "û" */
    0x0, 0x2, 0xef, 0xe2, 0x0, 0x0, 0x0, 0x2e,
    0xb4, 0xce, 0x20, 0x0, 0x0, 0x1, 0x0, 0x1,
    0x0, 0x0, 0xf, 0xf3, 0x0, 0x5, 0xff, 0x0,
    0xf, 0xf3, 0x0, 0x5, 0xff, 0x0, 0xf, 0xf3,
    0x0, 0x5, 0xff, 0x0, 0xf, 0xf3, 0x0, 0x5,
    0xff, 0x0, 0xf, 0xf3, 0x0, 0x5, 0xff, 0x0,
    0xf, 0xf4, 0x0, 0x6, 0xff, 0x0, 0xd, 0xfb,
    0x10, 0x2d, 0xff, 0x50, 0x6, 0xff, 0xff, 0xfe,
    0x8f, 0xf1, 0x0, 0x6d, 0xff, 0xb2, 0x3f, 0xf1,

    /* U+00FC "ü" */
    0x0, 0x6f, 0x70, 0x8f, 0x50, 0x0, 0x0, 0x9f,
    0xb0, 0xbf, 0x80, 0x0, 0x0, 0x5, 0x10, 0x15,
    0x0, 0x0, 0xf, 0xf3, 0x0, 0x5, 0xff, 0x0,
    0xf, 0xf3, 0x0, 0x5, 0xff, 0x0, 0xf, 0xf3,
    0x0, 0x5, 0xff, 0x0, 0xf, 0xf3, 0x0, 0x5,
    0xff, 0x0, 0xf, 0xf3, 0x0, 0x5, 0xff, 0x0,
    0xf, 0xf4, 0x0, 0x6, 0xff, 0x0, 0xd, 0xfb,
    0x10, 0x2d, 0xff, 0x50, 0x6, 0xff, 0xff, 0xfe,
    0x8f, 0xf1, 0x0, 0x6d, 0xff, 0xb2, 0x3f, 0xf1,

    /* U+00FD "ý" */
    0x0, 0x0, 0xd, 0xf6, 0x0, 0x0, 0x0, 0x8,
    0xf8, 0x0, 0x0, 0x0, 0x0, 0xa8, 0x0, 0x0,
    0xb, 0xfa, 0x0, 0x0, 0x5f, 0xd0, 0x4f, 0xf1,
    0x0, 0xc, 0xf7, 0x0, 0xdf, 0x70, 0x2, 0xff,
    0x10, 0x6, 0xfd, 0x0, 0x8f, 0xa0, 0x0, 0xf,
    0xf4, 0xe, 0xf3, 0x0, 0x0, 0x9f, 0xa5, 0xfc,
    0x0, 0x0, 0x2, 0xff, 0xcf, 0x60, 0x0, 0x0,
    0xc, 0xff, 0xe0, 0x0, 0x0, 0x0, 0x5f, 0xf8,
    0x0, 0x0, 0x0, 0x1, 0xff, 0x20, 0x0, 0x0,
    0x0, 0x7f, 0xb0, 0x0, 0x0, 0x9, 0xce, 0xf4,
    0x0, 0x0, 0x0, 0xcf, 0xf9, 0x0, 0x0, 0x0,

    /* U+00FE "þ" */
    0xff, 0x40, 0x0, 0x0, 0x0, 0xff, 0x40, 0x0,
    0x0, 0x0, 0xff, 0x40, 0x0, 0x0, 0x0, 0xff,
    0x59, 0xef, 0xd6, 0x0, 0xff, 0xef, 0xef, 0xff,
    0x70, 0xff, 0xd2, 0x0, 0xaf, 0xf0, 0xff, 0x50,
    0x0, 0x1f, 0xf3, 0xff, 0x40, 0x0, 0xe, 0xf5,
    0xff, 0x50, 0x0, 0x1f, 0xf3, 0xff, 0xd2, 0x0,
    0xaf, 0xf0, 0xff, 0xef, 0xef, 0xff, 0x70, 0xff,
    0x59, 0xef, 0xd6, 0x0, 0xff, 0x40, 0x0, 0x0,
    0x0, 0xff, 0x40, 0x0, 0x0, 0x0, 0xff, 0x40,
    0x0, 0x0, 0x0, 0xff, 0x40, 0x0, 0x0, 0x0,

    /* U+00FF "ÿ" */
    0x0, 0xbe, 0x20, 0xdd, 0x10, 0x0, 0xf, 0xf4,
    0x2f, 0xf2, 0x0, 0x0, 0x35, 0x0, 0x44, 0x0,
    0xb, 0xfa, 0x0, 0x0, 0x5f, 0xd0, 0x4f, 0xf1,
    0x0, 0xc, 0xf7, 0x0, 0xdf, 0x70, 0x2, 0xff,
    0x10, 0x6, 0xfd, 0x0, 0x8f, 0xa0, 0x0, 0xf,
    0xf4, 0xe, 0xf3, 0x0, 0x0, 0x9f, 0xa5, 0xfc,
    0x0, 0x0, 0x2, 0xff, 0xcf, 0x60, 0x0, 0x0,
    0xc, 0xff, 0xe0, 0x0, 0x0, 0x0, 0x5f, 0xf8,
    0x0, 0x0, 0x0, 0x1, 0xff, 0x20, 0x0, 0x0,
    0x0, 0x7f, 0xb0, 0x0, 0x0, 0x9, 0xce, 0xf4,
    0x0, 0x0, 0x0, 0xcf, 0xf9, 0x0, 0x0, 0x0,

    /* U+0100 "Ā" */
    0x0, 0x9, 0xff, 0xff, 0xf8, 0x0, 0x0, 0x0,
    0x48, 0x88, 0x88, 0x40, 0x0, 0x0, 0x0, 0x0,
    0x0, 0x0, 0x0, 0x0, 0x0, 0x0, 0xef, 0xd0,
    0x0, 0x0, 0x0, 0x0, 0x6f, 0xff, 0x40, 0x0,
    0x0, 0x0, 0xd, 0xfc, 0xfb, 0x0, 0x0, 0x0,
    0x4, 0xfe, 0x1f, 0xf2, 0x0, 0x0, 0x0, 0xbf,
    0x70, 0x9f, 0x80, 0x0, 0x0, 0x2f, 0xf1, 0x3,
    0xff, 0x0, 0x0, 0x8, 0xfa, 0x0, 0xc, 0xf6,
    0x0, 0x0, 0xef, 0xff, 0xff, 0xff, 0xd0, 0x0,
    0x6f, 0xfe, 0xee, 0xee, 0xff, 0x40, 0xd, 0xf7,
    0x0, 0x0, 0xa, 0xfb, 0x4, 0xff, 0x0, 0x0,
    0x0, 0x3f, 0xf2, 0xbf, 0x90, 0x0, 0x0, 0x0,
    0xcf, 0x80,

    /* U+0101 "ā" */
    0x1, 0xff, 0xff, 0xff, 0x0, 0x0, 0x88, 0x88,
    0x87, 0x0, 0x0, 0x0, 0x0, 0x0, 0x0, 0x0,
    0x8d, 0xff, 0xc6, 0x0, 0xb, 0xff, 0xcd, 0xff,
    0x70, 0x2c, 0xc2, 0x0, 0x6f, 0xd0, 0x0, 0x47,
    0x88, 0x9f, 0xe0, 0xc, 0xff, 0xff, 0xff, 0xf0,
    0x5f, 0xd1, 0x0, 0x3f, 0xf0, 0x6f, 0xc0, 0x0,
    0xbf, 0xf5, 0x2f, 0xfd, 0xbe, 0xe9, 0xff, 0x4,
    0xcf, 0xfb, 0x24, 0xff,

    /* U+0102 "Ă" */
    0x0, 0x3, 0x81, 0x2, 0x82, 0x0, 0x0, 0x0,
    0x3f, 0xc8, 0xdf, 0x10, 0x0, 0x0, 0x0, 0x5d,
    0xfd, 0x40, 0x0, 0x0, 0x0, 0x0, 0x0, 0x0,
    0x0, 0x0, 0x0, 0x0, 0xe, 0xfd, 0x0, 0x0,
    0x0, 0x0, 0x6, 0xff, 0xf4, 0x0, 0x0, 0x0,
    0x0, 0xdf, 0xcf, 0xb0, 0x0, 0x0, 0x0, 0x4f,
    0xe1, 0xff, 0x20, 0x0, 0x0, 0xb, 0xf7, 0x9,
    0xf8, 0x0, 0x0, 0x2, 0xff, 0x10, 0x3f, 0xf0,
    0x0, 0x0, 0x8f, 0xa0, 0x0, 0xcf, 0x60, 0x0,
    0xe, 0xff, 0xff, 0xff, 0xfd, 0x0, 0x6, 0xff,
    0xee, 0xee, 0xef, 0xf4, 0x0, 0xdf, 0x70, 0x0,
    0x0, 0xaf, 0xb0, 0x4f, 0xf0, 0x0, 0x0, 0x3,
    0xff, 0x2b, 0xf9, 0x0, 0x0, 0x0, 0xc, 0xf8,

    /* U+0103 "ă" */
    0x0, 0xde, 0x88, 0xfb, 0x0, 0x0, 0x2c, 0xff,
    0xb1, 0x0, 0x0, 0x0, 0x0, 0x0, 0x0, 0x0,
    0x7d, 0xff, 0xc6, 0x0, 0xb, 0xff, 0xcd, 0xff,
    0x70, 0x2e, 0xe2, 0x0, 0x6f, 0xd0, 0x0, 0x47,
    0x88, 0x9f, 0xe0, 0xc, 0xff, 0xff, 0xff, 0xf0,
    0x5f, 0xd1, 0x0, 0x3f, 0xf0, 0x6f, 0xc0, 0x0,
    0xbf, 0xf5, 0x2f, 0xfd, 0xbe, 0xe9, 0xff, 0x4,
    0xcf, 0xfb, 0x24, 0xff,

    /* U+0104 "Ą" */
    0x0, 0x0, 0xe, 0xfd, 0x0, 0x0, 0x0, 0x0,
    0x0, 0x6f, 0xff, 0x40, 0x0, 0x0, 0x0, 0x0,
    0xdf, 0xcf, 0xb0, 0x0, 0x0, 0x0, 0x4, 0xfe,
    0x1f, 0xf2, 0x0, 0x0, 0x0, 0xb, 0xf8, 0xa,
    0xf8, 0x0, 0x0, 0x0, 0x2f, 0xf1, 0x3, 0xff,
    0x0, 0x0, 0x0, 0x8f, 0xa0, 0x0, 0xdf, 0x60,
    0x0, 0x0, 0xef, 0xfe, 0xee, 0xff, 0xd0, 0x0,
    0x6, 0xff, 0xff, 0xff, 0xff, 0xf4, 0x0, 0xd,
    0xf7, 0x0, 0x0, 0xb, 0xfb, 0x0, 0x4f, 0xf1,
    0x0, 0x0, 0x3, 0xff, 0x20, 0xbf, 0x90, 0x0,
    0x0, 0x0, 0xcf, 0x90, 0x0, 0x0, 0x0, 0x0,
    0x0, 0x8f, 0x40, 0x0, 0x0, 0x0, 0x0, 0x2,
    0xfb, 0x0, 0x0, 0x0, 0x0, 0x0, 0x5, 0xfd,
    0x91, 0x0, 0x0, 0x0, 0x0, 0x1, 0xef, 0xf1,

    /* U+0105 "ą" */
    0x0, 0x7d, 0xff, 0xc6, 0x0, 0x0, 0x9f, 0xfc,
    0xdf, 0xf7, 0x0, 0x2f, 0xf3, 0x0, 0x8f, 0xd0,
    0x0, 0x11, 0x0, 0x3, 0xfe, 0x0, 0x5, 0xcf,
    0xff, 0xff, 0xf0, 0x3, 0xff, 0x98, 0x89, 0xff,
    0x0, 0x6f, 0xb0, 0x0, 0x9f, 0xf5, 0x3, 0xff,
    0xcb, 0xee, 0x9f, 0xf0, 0x5, 0xcf, 0xfb, 0x24,
    0xff, 0x0, 0x0, 0x0, 0x0, 0x6f, 0x70, 0x0,
    0x0, 0x0, 0xe, 0xe0, 0x0, 0x0, 0x0, 0x1,
    0xff, 0x93, 0x0, 0x0, 0x0, 0xb, 0xff, 0x50,

    /* U+0106 "Ć" */
    0x0, 0x0, 0x0, 0x2f, 0xf3, 0x0, 0x0, 0x0,
    0x0, 0xb, 0xf5, 0x0, 0x0, 0x0, 0x0, 0x3,
    0xb6, 0x0, 0x0, 0x0, 0x0, 0x0, 0x0, 0x0,
    0x0, 0x0, 0x0, 0x2, 0x9e, 0xff, 0xd7, 0x0,
    0x0, 0x7, 0xff, 0xff, 0xff, 0xfd, 0x10, 0x4,
    0xff, 0xa2, 0x0, 0x4e, 0xfc, 0x0, 0xdf, 0xa0,
    0x0, 0x0, 0x4f, 0xf2, 0x1f, 0xf3, 0x0, 0x0,
    0x0, 0x0, 0x4, 0xff, 0x0, 0x0, 0x0, 0x0,
    0x0, 0x4f, 0xf0, 0x0, 0x0, 0x0, 0x0, 0x2,
    0xff, 0x30, 0x0, 0x0, 0x0, 0x0, 0xd, 0xfa,
    0x0, 0x0, 0x4, 0xff, 0x20, 0x4f, 0xfa, 0x20,
    0x4, 0xef, 0xc0, 0x0, 0x7f, 0xff, 0xff, 0xff,
    0xd2, 0x0, 0x0, 0x29, 0xef, 0xfd, 0x70, 0x0,

    /* U+0107 "ć" */
    0x0, 0x0, 0xb, 0xf9, 0x0, 0x0, 0x0, 0x5f,
    0xb0, 0x0, 0x0, 0x0, 0x9a, 0x0, 0x0, 0x0,
    0x4b, 0xff, 0xd7, 0x0, 0x6, 0xff, 0xff, 0xff,
    0xb0, 0x1f, 0xf9, 0x0, 0x4f, 0xf5, 0x5f, 0xe0,
    0x0, 0x2, 0x31, 0x6f, 0xd0, 0x0, 0x0, 0x0,
    0x5f, 0xe0, 0x0, 0x3, 0x52, 0x1f, 0xf9, 0x0,
    0x3f, 0xf5, 0x6, 0xff, 0xfe, 0xff, 0xc0, 0x0,
    0x4b, 0xff, 0xd8, 0x0,

    /* U+010A "Ċ" */
    0x0, 0x0, 0x0, 0x64, 0x0, 0x0, 0x0, 0x0,
    0x0, 0x5f, 0xf0, 0x0, 0x0, 0x0, 0x0, 0x2,
    0xec, 0x0, 0x0, 0x0, 0x0, 0x0, 0x0, 0x0,
    0x0, 0x0, 0x0, 0x2, 0x9e, 0xff, 0xd7, 0x0,
    0x0, 0x7, 0xff, 0xff, 0xff, 0xfd, 0x10, 0x4,
    0xff, 0xa2, 0x0, 0x4e, 0xfc, 0x0, 0xdf, 0xa0,
    0x0, 0x0, 0x4f, 0xf2, 0x1f, 0xf3, 0x0, 0x0,
    0x0, 0x0, 0x4, 0xff, 0x0, 0x0, 0x0, 0x0,
    0x0, 0x4f, 0xf0, 0x0, 0x0, 0x0, 0x0, 0x2,
    0xff, 0x30, 0x0, 0x0, 0x0, 0x0, 0xd, 0xfa,
    0x0, 0x0, 0x4, 0xff, 0x20, 0x4f, 0xfa, 0x20,
    0x4, 0xef, 0xc0, 0x0, 0x7f, 0xff, 0xff, 0xff,
    0xd2, 0x0, 0x0, 0x29, 0xef, 0xfd, 0x70, 0x0,

    /* U+010B "ċ" */
    0x0, 0x0, 0xaf, 0x40, 0x0, 0x0, 0x0, 0xef,
    0x70, 0x0, 0x0, 0x0, 0x36, 0x0, 0x0, 0x0,
    0x4b, 0xff, 0xd7, 0x0, 0x6, 0xff, 0xff, 0xff,
    0xb0, 0x1f, 0xf9, 0x0, 0x4f, 0xf5, 0x5f, 0xe0,
    0x0, 0x2, 0x31, 0x6f, 0xd0, 0x0, 0x0, 0x0,
    0x5f, 0xe0, 0x0, 0x3, 0x52, 0x1f, 0xf9, 0x0,
    0x3f, 0xf5, 0x6, 0xff, 0xfe, 0xff, 0xc0, 0x0,
    0x4b, 0xff, 0xd8, 0x0,

    /* U+010C "Č" */
    0x0, 0x0, 0xdd, 0x13, 0xfa, 0x0, 0x0, 0x0,
    0x3, 0xfd, 0xfe, 0x10, 0x0, 0x0, 0x0, 0x8,
    0xff, 0x40, 0x0, 0x0, 0x0, 0x0, 0x0, 0x0,
    0x0, 0x0, 0x0, 0x2, 0x9e, 0xff, 0xd7, 0x0,
    0x0, 0x7, 0xff, 0xff, 0xff, 0xfd, 0x10, 0x4,
    0xff, 0xa2, 0x0, 0x4e, 0xfc, 0x0, 0xdf, 0xa0,
    0x0, 0x0, 0x4f, 0xf2, 0x1f, 0xf3, 0x0, 0x0,
    0x0, 0x0, 0x4, 0xff, 0x0, 0x0, 0x0, 0x0,
    0x0, 0x4f, 0xf0, 0x0, 0x0, 0x0, 0x0, 0x2,
    0xff, 0x30, 0x0, 0x0, 0x0, 0x0, 0xd, 0xfa,
    0x0, 0x0, 0x4, 0xff, 0x20, 0x4f, 0xfa, 0x20,
    0x4, 0xef, 0xc0, 0x0, 0x7f, 0xff, 0xff, 0xff,
    0xd2, 0x0, 0x0, 0x29, 0xef, 0xfd, 0x70, 0x0,

    /* U+010D "č" */
    0x0, 0x6f, 0x82, 0xdd, 0x10, 0x0, 0x7, 0xff,
    0xe1, 0x0, 0x0, 0x0, 0x33, 0x10, 0x0, 0x0,
    0x4b, 0xff, 0xd6, 0x0, 0x6, 0xff, 0xff, 0xff,
    0x80, 0x1f, 0xf9, 0x0, 0x6f, 0xf2, 0x5f, 0xe0,
    0x0, 0xb, 0xd6, 0x6f, 0xd0, 0x0, 0x0, 0x0,
    0x5f, 0xe0, 0x0, 0x1, 0x10, 0x1f, 0xf9, 0x0,
    0x2e, 0xf6, 0x6, 0xff, 0xfe, 0xff, 0xc0, 0x0,
    0x4b, 0xff, 0xd8, 0x0,

    /* U+010E "Ď" */
    0x1, 0x75, 0x1, 0x75, 0x0, 0x0, 0x0, 0x8f,
    0x9d, 0xf2, 0x0, 0x0, 0x0, 0xb, 0xff, 0x40,
    0x0, 0x0, 0x0, 0x0, 0x0, 0x0, 0x0, 0x0,
    0xaf, 0xff, 0xff, 0xda, 0x30, 0x0, 0xaf, 0xfe,
    0xef, 0xff, 0xf8, 0x0, 0xaf, 0xa0, 0x0, 0x29,
    0xff, 0x60, 0xaf, 0xa0, 0x0, 0x0, 0x9f, 0xe0,
    0xaf, 0xa0, 0x0, 0x0, 0x1f, 0xf3, 0xaf, 0xa0,
    0x0, 0x0, 0xe, 0xf6, 0xaf, 0xa0, 0x0, 0x0,
    0xe, 0xf6, 0xaf, 0xa0, 0x0, 0x0, 0x1f, 0xf3,
    0xaf, 0xa0, 0x0, 0x0, 0x9f, 0xe0, 0xaf, 0xa0,
    0x0, 0x19, 0xff, 0x60, 0xaf, 0xfe, 0xee, 0xff,
    0xf8, 0x0, 0xaf, 0xff, 0xff, 0xda, 0x30, 0x0,

    /* U+010F "ď" */
    0x0, 0x0, 0x0, 0x6, 0xfd, 0xa, 0xf6, 0x0,
    0x0, 0x0, 0x6, 0xfd, 0xe, 0xf1, 0x0, 0x0,
    0x0, 0x6, 0xfd, 0x1f, 0xa0, 0x0, 0x7d, 0xfe,
    0x86, 0xfd, 0x5f, 0x50, 0x8, 0xff, 0xff, 0xfd,
    0xfd, 0x2, 0x0, 0x1f, 0xf9, 0x0, 0x3e, 0xfd,
    0x0, 0x0, 0x5f, 0xe0, 0x0, 0x7, 0xfd, 0x0,
    0x0, 0x6f, 0xd0, 0x0, 0x6, 0xfd, 0x0, 0x0,
    0x5f, 0xe0, 0x0, 0x7, 0xfd, 0x0, 0x0, 0x1f,
    0xf8, 0x0, 0x3e, 0xfe, 0x50, 0x0, 0x8, 0xff,
    0xfe, 0xff, 0xff, 0xf0, 0x0, 0x0, 0x6d, 0xff,
    0xc5, 0x5f, 0xf0, 0x0,

    /* U+0110 "Đ" */
    0x3, 0xff, 0xff, 0xfe, 0xc6, 0x0, 0x0, 0x3f,
    0xfe, 0xee, 0xff, 0xfd, 0x20, 0x3, 0xff, 0x10,
    0x0, 0x5e, 0xfd, 0x0, 0x3f, 0xf1, 0x0, 0x0,
    0x2f, 0xf6, 0x3, 0xff, 0x10, 0x0, 0x0, 0xaf,
    0xb8, 0xff, 0xff, 0xff, 0x90, 0x7, 0xfd, 0x6c,
    0xff, 0xcc, 0xc6, 0x0, 0x7f, 0xd0, 0x3f, 0xf1,
    0x0, 0x0, 0xa, 0xfb, 0x3, 0xff, 0x10, 0x0,
    0x2, 0xff, 0x60, 0x3f, 0xf1, 0x0, 0x5, 0xef,
    0xd0, 0x3, 0xff, 0xee, 0xef, 0xff, 0xd1, 0x0,
    0x3f, 0xff, 0xff, 0xec, 0x60, 0x0,

    /* U+0111 "đ" */
    0x0, 0x0, 0x12, 0x27, 0xfd, 0x10, 0x0, 0x8,
    0xff, 0xff, 0xfb, 0x0, 0x0, 0x25, 0x59, 0xfe,
    0x30, 0x6, 0xdf, 0xe8, 0x6f, 0xd0, 0x8, 0xff,
    0xfe, 0xfe, 0xfd, 0x1, 0xff, 0x90, 0x3, 0xef,
    0xd0, 0x5f, 0xf0, 0x0, 0x8, 0xfd, 0x6, 0xfd,
    0x0, 0x0, 0x6f, 0xd0, 0x5f, 0xf0, 0x0, 0x8,
    0xfd, 0x1, 0xff, 0x90, 0x3, 0xef, 0xd0, 0x8,
    0xff, 0xfe, 0xfe, 0xfd, 0x0, 0x6, 0xdf, 0xe8,
    0x5f, 0xd0,

    /* U+0112 "Ē" */
    0x5, 0xff, 0xff, 0xfc, 0x0, 0x2, 0x88, 0x88,
    0x86, 0x0, 0x0, 0x0, 0x0, 0x0, 0x0, 0xaf,
    0xff, 0xff, 0xff, 0xf1, 0xaf, 0xff, 0xff, 0xff,
    0xf1, 0xaf, 0xa0, 0x0, 0x0, 0x0, 0xaf, 0xa0,
    0x0, 0x0, 0x0, 0xaf, 0xa0, 0x0, 0x0, 0x0,
    0xaf, 0xff, 0xff, 0xff, 0xa0, 0xaf, 0xfe, 0xee,
    0xee, 0x80, 0xaf, 0xa0, 0x0, 0x0, 0x0, 0xaf,
    0xa0, 0x0, 0x0, 0x0, 0xaf, 0xa0, 0x0, 0x0,
    0x0, 0xaf, 0xff, 0xff, 0xff, 0xf1, 0xaf, 0xff,
    0xff, 0xff, 0xf1,

    /* U+0113 "ē" */
    0x0, 0xff, 0xff, 0xff, 0x20, 0x0, 0x78, 0x88,
    0x88, 0x10, 0x0, 0x0, 0x0, 0x0, 0x0, 0x0,
    0x4b, 0xff, 0xd7, 0x0, 0x6, 0xff, 0xdc, 0xff,
    0xa0, 0x1f, 0xf7, 0x0, 0x2e, 0xf4, 0x5f, 0xe2,
    0x22, 0x2a, 0xf8, 0x6f, 0xff, 0xff, 0xff, 0xfa,
    0x5f, 0xd5, 0x55, 0x55, 0x53, 0x1f, 0xf4, 0x0,
    0xa, 0xc5, 0x6, 0xff, 0xdc, 0xff, 0xe1, 0x0,
    0x4b, 0xff, 0xe9, 0x10,

    /* U+0116 "Ė" */
    0x0, 0x0, 0x63, 0x0, 0x0, 0x0, 0x7, 0xfe,
    0x0, 0x0, 0x0, 0x4, 0xfa, 0x0, 0x0, 0x0,
    0x0, 0x0, 0x0, 0x0, 0xaf, 0xff, 0xff, 0xff,
    0xf1, 0xaf, 0xff, 0xff, 0xff, 0xf1, 0xaf, 0xa0,
    0x0, 0x0, 0x0, 0xaf, 0xa0, 0x0, 0x0, 0x0,
    0xaf, 0xa0, 0x0, 0x0, 0x0, 0xaf, 0xff, 0xff,
    0xff, 0xa0, 0xaf, 0xfe, 0xee, 0xee, 0x80, 0xaf,
    0xa0, 0x0, 0x0, 0x0, 0xaf, 0xa0, 0x0, 0x0,
    0x0, 0xaf, 0xa0, 0x0, 0x0, 0x0, 0xaf, 0xff,
    0xff, 0xff, 0xf1, 0xaf, 0xff, 0xff, 0xff, 0xf1,

    /* U+0117 "ė" */
    0x0, 0x0, 0xce, 0x20, 0x0, 0x0, 0x1, 0xff,
    0x40, 0x0, 0x0, 0x0, 0x45, 0x0, 0x0, 0x0,
    0x4b, 0xff, 0xd7, 0x0, 0x6, 0xff, 0xdc, 0xff,
    0xa0, 0x1f, 0xf7, 0x0, 0x2e, 0xf4, 0x5f, 0xe2,
    0x22, 0x2a, 0xf8, 0x6f, 0xff, 0xff, 0xff, 0xfa,
    0x5f, 0xd5, 0x55, 0x55, 0x53, 0x1f, 0xf4, 0x0,
    0xa, 0xc5, 0x6, 0xff, 0xdc, 0xff, 0xe1, 0x0,
    0x4b, 0xff, 0xe9, 0x10,

    /* U+0118 "Ę" */
    0xaf, 0xff, 0xff, 0xff, 0xf1, 0xaf, 0xff, 0xff,
    0xff, 0xf1, 0xaf, 0xa0, 0x0, 0x0, 0x0, 0xaf,
    0xa0, 0x0, 0x0, 0x0, 0xaf, 0xa0, 0x0, 0x0,
    0x0, 0xaf, 0xfe, 0xee, 0xee, 0x80, 0xaf, 0xff,
    0xff, 0xff, 0xa0, 0xaf, 0xa0, 0x0, 0x0, 0x0,
    0xaf, 0xa0, 0x0, 0x0, 0x0, 0xaf, 0xa0, 0x0,
    0x0, 0x0, 0xaf, 0xff, 0xff, 0xff, 0xf1, 0xaf,
    0xff, 0xff, 0xff, 0xf1, 0x0, 0x0, 0x0, 0x4f,
    0x90, 0x0, 0x0, 0x0, 0xdf, 0x0, 0x0, 0x0,
    0x0, 0xff, 0x93, 0x0, 0x0, 0x0, 0xaf, 0xf6,

    /* U+0119 "ę" */
    0x0, 0x4b, 0xff, 0xd7, 0x0, 0x6, 0xff, 0xdc,
    0xff, 0xa0, 0x1f, 0xf7, 0x0, 0x2e, 0xf4, 0x5f,
    0xe2, 0x22, 0x2a, 0xf8, 0x6f, 0xff, 0xff, 0xff,
    0xfa, 0x5f, 0xd5, 0x55, 0x55, 0x53, 0x1f, 0xf4,
    0x0, 0xa, 0xc5, 0x6, 0xff, 0xdc, 0xff, 0xe1,
    0x0, 0x4b, 0xff, 0xfc, 0x10, 0x0, 0x0, 0x9,
    0xf1, 0x0, 0x0, 0x0, 0x1f, 0xc0, 0x0, 0x0,
    0x0, 0x3f, 0xe9, 0x20, 0x0, 0x0, 0xd, 0xff,
    0x30,

    /* U+011A "Ě" */
    0x1, 0x84, 0x1, 0x75, 0x0, 0x0, 0x9f, 0x8d,
    0xe1, 0x0, 0x0, 0xb, 0xff, 0x30, 0x0, 0x0,
    0x0, 0x0, 0x0, 0x0, 0xaf, 0xff, 0xff, 0xff,
    0xf1, 0xaf, 0xff, 0xff, 0xff, 0xf1, 0xaf, 0xa0,
    0x0, 0x0, 0x0, 0xaf, 0xa0, 0x0, 0x0, 0x0,
    0xaf, 0xa0, 0x0, 0x0, 0x0, 0xaf, 0xff, 0xff,
    0xff, 0xa0, 0xaf, 0xfe, 0xee, 0xee, 0x80, 0xaf,
    0xa0, 0x0, 0x0, 0x0, 0xaf, 0xa0, 0x0, 0x0,
    0x0, 0xaf, 0xa0, 0x0, 0x0, 0x0, 0xaf, 0xff,
    0xff, 0xff, 0xf1, 0xaf, 0xff, 0xff, 0xff, 0xf1,

    /* U+011B "ě" */
    0x0, 0x8f, 0x64, 0xec, 0x0, 0x0, 0x9, 0xff,
    0xc0, 0x0, 0x0, 0x0, 0x33, 0x0, 0x0, 0x0,
    0x4b, 0xff, 0xd7, 0x0, 0x6, 0xff, 0xdc, 0xff,
    0xa0, 0x1f, 0xf7, 0x0, 0x2e, 0xf4, 0x5f, 0xe2,
    0x22, 0x2a, 0xf8, 0x6f, 0xff, 0xff, 0xff, 0xfa,
    0x5f, 0xd5, 0x55, 0x55, 0x53, 0x1f, 0xf4, 0x0,
    0xa, 0xc5, 0x6, 0xff, 0xdc, 0xff, 0xe1, 0x0,
    0x4b, 0xff, 0xe9, 0x10,

    /* U+011E "Ğ" */
    0x0, 0x1, 0x83, 0x0, 0x74, 0x0, 0x0, 0x0,
    0xe, 0xe8, 0xbf, 0x50, 0x0, 0x0, 0x0, 0x3c,
    0xfe, 0x70, 0x0, 0x0, 0x0, 0x0, 0x0, 0x0,
    0x0, 0x0, 0x0, 0x2, 0x9d, 0xff, 0xd9, 0x10,
    0x0, 0x6, 0xff, 0xff, 0xff, 0xff, 0x30, 0x4,
    0xff, 0xb3, 0x0, 0x3c, 0xfe, 0x0, 0xcf, 0xb0,
    0x0, 0x0, 0x1c, 0xc3, 0x1f, 0xf4, 0x0, 0x0,
    0x0, 0x0, 0x3, 0xff, 0x10, 0x3, 0xcc, 0xcb,
    0x80, 0x3f, 0xf0, 0x0, 0x4f, 0xff, 0xff, 0x41,
    0xff, 0x40, 0x0, 0x0, 0xe, 0xf5, 0xc, 0xfb,
    0x0, 0x0, 0x1, 0xff, 0x50, 0x4f, 0xfa, 0x10,
    0x2, 0xcf, 0xf5, 0x0, 0x7f, 0xff, 0xee, 0xff,
    0xdf, 0x50, 0x0, 0x3a, 0xef, 0xeb, 0x2c, 0xf5,

    /* U+011F "ğ" */
    0x0, 0x5f, 0x60, 0x6f, 0x50, 0x0, 0x0, 0xc,
    0xff, 0xfc, 0x0, 0x0, 0x0, 0x0, 0x57, 0x50,
    0x0, 0x0, 0x0, 0x5c, 0xff, 0xb2, 0x3f, 0xf1,
    0x6, 0xff, 0xff, 0xfe, 0x8f, 0xf1, 0xf, 0xfa,
    0x10, 0x2d, 0xff, 0x60, 0x4f, 0xf0, 0x0, 0x6,
    0xff, 0x0, 0x5f, 0xe0, 0x0, 0x5, 0xff, 0x0,
    0x4f, 0xf0, 0x0, 0x6, 0xff, 0x0, 0xf, 0xfa,
    0x0, 0x2d, 0xff, 0x0, 0x7, 0xff, 0xfe, 0xfe,
    0xff, 0x0, 0x0, 0x5d, 0xff, 0xa4, 0xff, 0x0,
    0x12, 0x20, 0x0, 0x5, 0xfe, 0x0, 0x3f, 0xf5,
    0x0, 0x1c, 0xfb, 0x0, 0xa, 0xff, 0xdc, 0xff,
    0xf2, 0x0, 0x0, 0x6c, 0xff, 0xea, 0x20, 0x0,

    /* U+0120 "Ġ" */
    0x0, 0x0, 0x0, 0x63, 0x0, 0x0, 0x0, 0x0,
    0x0, 0x7f, 0xe0, 0x0, 0x0, 0x0, 0x0, 0x4,
    0xfa, 0x0, 0x0, 0x0, 0x0, 0x0, 0x0, 0x0,
    0x0, 0x0, 0x0, 0x2, 0x9d, 0xff, 0xd9, 0x10,
    0x0, 0x6, 0xff, 0xff, 0xff, 0xff, 0x30, 0x4,
    0xff, 0xb3, 0x0, 0x3c, 0xfe, 0x0, 0xcf, 0xb0,
    0x0, 0x0, 0x1c, 0xc3, 0x1f, 0xf4, 0x0, 0x0,
    0x0, 0x0, 0x3, 0xff, 0x10, 0x3, 0xcc, 0xcb,
    0x80, 0x3f, 0xf0, 0x0, 0x4f, 0xff, 0xff, 0x41,
    0xff, 0x40, 0x0, 0x0, 0xe, 0xf5, 0xc, 0xfb,
    0x0, 0x0, 0x1, 0xff, 0x50, 0x4f, 0xfa, 0x10,
    0x2, 0xcf, 0xf5, 0x0, 0x7f, 0xff, 0xee, 0xff,
    0xdf, 0x50, 0x0, 0x3a, 0xef, 0xeb, 0x2c, 0xf5,

    /* U+0121 "ġ" */
    0x0, 0x0, 0x7f, 0x60, 0x0, 0x0, 0x0, 0x0,
    0xbf, 0xa0, 0x0, 0x0, 0x0, 0x0, 0x16, 0x10,
    0x0, 0x0, 0x0, 0x5c, 0xff, 0xb2, 0x3f, 0xf1,
    0x6, 0xff, 0xff, 0xfe, 0x8f, 0xf1, 0xf, 0xfa,
    0x10, 0x2d, 0xff, 0x60, 0x4f, 0xf0, 0x0, 0x6,
    0xff, 0x0, 0x5f, 0xe0, 0x0, 0x5, 0xff, 0x0,
    0x4f, 0xf0, 0x0, 0x6, 0xff, 0x0, 0xf, 0xfa,
    0x0, 0x2d, 0xff, 0x0, 0x7, 0xff, 0xfe, 0xfe,
    0xff, 0x0, 0x0, 0x5d, 0xff, 0xa4, 0xff, 0x0,
    0x12, 0x20, 0x0, 0x5, 0xfe, 0x0, 0x3f, 0xf5,
    0x0, 0x1c, 0xfb, 0x0, 0xa, 0xff, 0xdc, 0xff,
    0xf2, 0x0, 0x0, 0x6c, 0xff, 0xea, 0x20, 0x0,

    /* U+0122 "Ģ" */
    0x0, 0x2, 0x9d, 0xff, 0xd9, 0x10, 0x0, 0x6,
    0xff, 0xff, 0xff, 0xff, 0x30, 0x4, 0xff, 0xb3,
    0x0, 0x3c, 0xfe, 0x0, 0xcf, 0xb0, 0x0, 0x0,
    0x1c, 0xc3, 0x1f, 0xf4, 0x0, 0x0, 0x0, 0x0,
    0x3, 0xff, 0x10, 0x3, 0xcc, 0xcb, 0x80, 0x3f,
    0xf0, 0x0, 0x4f, 0xff, 0xff, 0x41, 0xff, 0x40,
    0x0, 0x0, 0xe, 0xf5, 0xc, 0xfb, 0x0, 0x0,
    0x1, 0xff, 0x50, 0x4f, 0xfa, 0x10, 0x2, 0xcf,
    0xf5, 0x0, 0x7f, 0xff, 0xee, 0xff, 0xdf, 0x50,
    0x0, 0x3a, 0xef, 0xeb, 0x2c, 0xf5, 0x0, 0x0,
    0x0, 0x0, 0x0, 0x0, 0x0, 0x0, 0x0, 0x2f,
    0xf1, 0x0, 0x0, 0x0, 0x0, 0x1, 0xff, 0x10,
    0x0, 0x0, 0x0, 0x0, 0x4, 0xf0, 0x0, 0x0,
    0x0, 0x0, 0x6, 0xfb, 0x0, 0x0, 0x0, 0x0,
    0x0, 0x12, 0x0, 0x0, 0x0,

    /* U+0123 "ģ" */
    0x0, 0x0, 0x3e, 0xe0, 0x0, 0x0, 0x0, 0x0,
    0x9c, 0x20, 0x0, 0x0, 0x0, 0x0, 0x9f, 0x90,
    0x0, 0x0, 0x0, 0x0, 0x9f, 0x90, 0x0, 0x0,
    0x0, 0x0, 0x0, 0x0, 0x0, 0x0, 0x0, 0x5c,
    0xff, 0xb2, 0x3f, 0xf1, 0x6, 0xff, 0xff, 0xfe,
    0x8f, 0xf1, 0xf, 0xfa, 0x10, 0x2d, 0xff, 0x60,
    0x4f, 0xf0, 0x0, 0x6, 0xff, 0x0, 0x5f, 0xe0,
    0x0, 0x5, 0xff, 0x0, 0x4f, 0xf0, 0x0, 0x6,
    0xff, 0x0, 0xf, 0xfa, 0x0, 0x2d, 0xff, 0x0,
    0x7, 0xff, 0xfe, 0xfe, 0xff, 0x0, 0x0, 0x5d,
    0xff, 0xa4, 0xff, 0x0, 0x12, 0x20, 0x0, 0x5,
    0xfe, 0x0, 0x3f, 0xf5, 0x0, 0x1c, 0xfb, 0x0,
    0xa, 0xff, 0xdc, 0xff, 0xf2, 0x0, 0x0, 0x6c,
    0xff, 0xea, 0x20, 0x0,

    /* U+0126 "Ħ" */
    0x3, 0xff, 0x10, 0x0, 0x0, 0xaf, 0xa0, 0x0,
    0x4f, 0xf2, 0x11, 0x11, 0x1a, 0xfa, 0x10, 0x8f,
    0xff, 0xff, 0xff, 0xff, 0xff, 0xff, 0x12, 0x7f,
    0xf5, 0x44, 0x44, 0x4b, 0xfb, 0x40, 0x3, 0xff,
    0x10, 0x0, 0x0, 0xaf, 0xa0, 0x0, 0x3f, 0xff,
    0xff, 0xff, 0xff, 0xfa, 0x0, 0x3, 0xff, 0xff,
    0xff, 0xff, 0xff, 0xa0, 0x0, 0x3f, 0xf1, 0x0,
    0x0, 0xa, 0xfa, 0x0, 0x3, 0xff, 0x10, 0x0,
    0x0, 0xaf, 0xa0, 0x0, 0x3f, 0xf1, 0x0, 0x0,
    0xa, 0xfa, 0x0, 0x3, 0xff, 0x10, 0x0, 0x0,
    0xaf, 0xa0, 0x0, 0x3f, 0xf1, 0x0, 0x0, 0xa,
    0xfa, 0x0,

    /* U+0127 "ħ" */
    0x1f, 0xf5, 0x22, 0x0, 0x0, 0xdf, 0xff, 0xff,
    0x70, 0x0, 0x4f, 0xf8, 0x55, 0x20, 0x0, 0xf,
    0xf5, 0x9e, 0xfd, 0x50, 0xf, 0xfe, 0xff, 0xff,
    0xf5, 0xf, 0xfd, 0x20, 0x2d, 0xfc, 0xf, 0xf5,
    0x0, 0x5, 0xff, 0xf, 0xf4, 0x0, 0x4, 0xff,
    0xf, 0xf4, 0x0, 0x4, 0xff, 0xf, 0xf4, 0x0,
    0x4, 0xff, 0xf, 0xf4, 0x0, 0x4, 0xff, 0xf,
    0xf4, 0x0, 0x4, 0xff,

    /* U+012A "Ī" */
    0x7f, 0xff, 0xff, 0x93, 0x88, 0x88, 0x84, 0x0,
    0x0, 0x0, 0x0, 0x9, 0xfb, 0x0, 0x0, 0x9f,
    0xb0, 0x0, 0x9, 0xfb, 0x0, 0x0, 0x9f, 0xb0,
    0x0, 0x9, 0xfb, 0x0, 0x0, 0x9f, 0xb0, 0x0,
    0x9, 0xfb, 0x0, 0x0, 0x9f, 0xb0, 0x0, 0x9,
    0xfb, 0x0, 0x0, 0x9f, 0xb0, 0x0, 0x9, 0xfb,
    0x0, 0x0, 0x9f, 0xb0, 0x0,

    /* U+012B "ī" */
    0xef, 0xff, 0x57, 0x88, 0x82, 0x0, 0x0, 0x0,
    0xef, 0x50, 0xe, 0xf5, 0x0, 0xef, 0x50, 0xe,
    0xf5, 0x0, 0xef, 0x50, 0xe, 0xf5, 0x0, 0xef,
    0x50, 0xe, 0xf5, 0x0, 0xef, 0x50,

    /* U+012E "Į" */
    0x9, 0xfb, 0x0, 0x9f, 0xb0, 0x9, 0xfb, 0x0,
    0x9f, 0xb0, 0x9, 0xfb, 0x0, 0x9f, 0xb0, 0x9,
    0xfb, 0x0, 0x9f, 0xb0, 0x9, 0xfb, 0x0, 0x9f,
    0xb0, 0x9, 0xfb, 0x0, 0x9f, 0xb0, 0xa, 0xf4,
    0x3, 0xfa, 0x0, 0x6f, 0xc9, 0x2, 0xef, 0xf0,

    /* U+012F "į" */
    0xb, 0xe3, 0xf, 0xf6, 0x3, 0x60, 0xe, 0xf5,
    0xe, 0xf5, 0xe, 0xf5, 0xe, 0xf5, 0xe, 0xf5,
    0xe, 0xf5, 0xe, 0xf5, 0xe, 0xf5, 0xe, 0xf5,
    0x1e, 0xd0, 0x9f, 0x40, 0xcf, 0xa6, 0x6f, 0xfb,

    /* U+0130 "İ" */
    0x16, 0x1a, 0xfb, 0x6f, 0x70, 0x0, 0x9f, 0xb9,
    0xfb, 0x9f, 0xb9, 0xfb, 0x9f, 0xb9, 0xfb, 0x9f,
    0xb9, 0xfb, 0x9f, 0xb9, 0xfb, 0x9f, 0xb9, 0xfb,

    /* U+0131 "ı" */
    0xef, 0x5e, 0xf5, 0xef, 0x5e, 0xf5, 0xef, 0x5e,
    0xf5, 0xef, 0x5e, 0xf5, 0xef, 0x50,

    /* U+0132 "Ĳ" */
    0x9f, 0xb0, 0x0, 0xa, 0xf9, 0x9f, 0xb0, 0x0,
    0xa, 0xf9, 0x9f, 0xb0, 0x0, 0xa, 0xf9, 0x9f,
    0xb0, 0x0, 0xa, 0xf9, 0x9f, 0xb0, 0x0, 0xa,
    0xf9, 0x9f, 0xb0, 0x0, 0xa, 0xf9, 0x9f, 0xb0,
    0x0, 0xa, 0xf9, 0x9f, 0xb0, 0x0, 0xa, 0xf9,
    0x9f, 0xb0, 0x0, 0xa, 0xf9, 0x9f, 0xb0, 0x0,
    0xa, 0xf9, 0x9f, 0xb0, 0x8f, 0xff, 0xf9, 0x9f,
    0xb0, 0x9f, 0xff, 0xd2,

    /* U+0133 "ĳ" */
    0xb, 0xe3, 0x3, 0xfa, 0x0, 0xff, 0x60, 0x7f,
    0xf0, 0x3, 0x60, 0x0, 0x63, 0x0, 0xef, 0x50,
    0x5f, 0xd0, 0xe, 0xf5, 0x5, 0xfd, 0x0, 0xef,
    0x50, 0x5f, 0xd0, 0xe, 0xf5, 0x5, 0xfd, 0x0,
    0xef, 0x50, 0x5f, 0xd0, 0xe, 0xf5, 0x5, 0xfd,
    0x0, 0xef, 0x50, 0x5f, 0xd0, 0xe, 0xf5, 0x5,
    0xfd, 0x0, 0xef, 0x50, 0x5f, 0xd0, 0x0, 0x0,
    0x5, 0xfd, 0x0, 0x0, 0x0, 0x5f, 0xd0, 0x0,
    0x0, 0xbc, 0xfc, 0x0, 0x0, 0xf, 0xfe, 0x50,

    /* U+0136 "Ķ" */
    0xaf, 0xa0, 0x0, 0x5, 0xff, 0x70, 0xaf, 0xa0,
    0x0, 0x6f, 0xf6, 0x0, 0xaf, 0xa0, 0x7, 0xff,
    0x50, 0x0, 0xaf, 0xa0, 0x8f, 0xf4, 0x0, 0x0,
    0xaf, 0xa9, 0xfe, 0x30, 0x0, 0x0, 0xaf, 0xff,
    0xfe, 0x10, 0x0, 0x0, 0xaf, 0xfc, 0xdf, 0xc0,
    0x0, 0x0, 0xaf, 0xb0, 0x2f, 0xf9, 0x0, 0x0,
    0xaf, 0xa0, 0x5, 0xff, 0x50, 0x0, 0xaf, 0xa0,
    0x0, 0x9f, 0xf3, 0x0, 0xaf, 0xa0, 0x0, 0xc,
    0xfe, 0x10, 0xaf, 0xa0, 0x0, 0x1, 0xef, 0xb0,
    0x0, 0x0, 0x0, 0x0, 0x0, 0x0, 0x0, 0x0,
    0xbf, 0x60, 0x0, 0x0, 0x0, 0x0, 0xcf, 0x60,
    0x0, 0x0, 0x0, 0x0, 0xe, 0x60, 0x0, 0x0,
    0x0, 0x0, 0xfe, 0x20, 0x0, 0x0, 0x0, 0x0,
    0x20, 0x0, 0x0, 0x0,

    /* U+0137 "ķ" */
    0xff, 0x40, 0x0, 0x0, 0x0, 0xff, 0x40, 0x0,
    0x0, 0x0, 0xff, 0x40, 0x0, 0x0, 0x0, 0xff,
    0x40, 0x6, 0xff, 0x40, 0xff, 0x40, 0x7f, 0xe3,
    0x0, 0xff, 0x49, 0xfe, 0x20, 0x0, 0xff, 0xdf,
    0xf2, 0x0, 0x0, 0xff, 0xff, 0xfa, 0x0, 0x0,
    0xff, 0x94, 0xff, 0x60, 0x0, 0xff, 0x40, 0x7f,
    0xf3, 0x0, 0xff, 0x40, 0xa, 0xfe, 0x10, 0xff,
    0x40, 0x0, 0xdf, 0xb0, 0x0, 0x0, 0x0, 0x0,
    0x0, 0x0, 0x1f, 0xf1, 0x0, 0x0, 0x0, 0x1f,
    0xf1, 0x0, 0x0, 0x0, 0x3, 0xf1, 0x0, 0x0,
    0x0, 0x6f, 0xb0, 0x0, 0x0, 0x0, 0x12, 0x0,
    0x0, 0x0,

    /* U+0139 "Ĺ" */
    0x4, 0xb9, 0x0, 0x0, 0x0, 0xef, 0x30, 0x0,
    0x0, 0x9f, 0x50, 0x0, 0x0, 0x0, 0x0, 0x0,
    0x0, 0x0, 0xaf, 0xa0, 0x0, 0x0, 0xa, 0xfa,
    0x0, 0x0, 0x0, 0xaf, 0xa0, 0x0, 0x0, 0xa,
    0xfa, 0x0, 0x0, 0x0, 0xaf, 0xa0, 0x0, 0x0,
    0xa, 0xfa, 0x0, 0x0, 0x0, 0xaf, 0xa0, 0x0,
    0x0, 0xa, 0xfa, 0x0, 0x0, 0x0, 0xaf, 0xa0,
    0x0, 0x0, 0xa, 0xfa, 0x0, 0x0, 0x0, 0xaf,
    0xff, 0xff, 0xff, 0xea, 0xff, 0xff, 0xff, 0xff,

    /* U+013A "ĺ" */
    0x0, 0xcf, 0x90, 0x5f, 0xb0, 0x9, 0xa0, 0x0,
    0x0, 0x0, 0xe, 0xf5, 0x0, 0xef, 0x50, 0xe,
    0xf5, 0x0, 0xef, 0x50, 0xe, 0xf5, 0x0, 0xef,
    0x50, 0xe, 0xf5, 0x0, 0xef, 0x50, 0xe, 0xf5,
    0x0, 0xef, 0x50, 0xe, 0xf5, 0x0, 0xef, 0x50,

    /* U+013B "Ļ" */
    0xaf, 0xa0, 0x0, 0x0, 0xa, 0xfa, 0x0, 0x0,
    0x0, 0xaf, 0xa0, 0x0, 0x0, 0xa, 0xfa, 0x0,
    0x0, 0x0, 0xaf, 0xa0, 0x0, 0x0, 0xa, 0xfa,
    0x0, 0x0, 0x0, 0xaf, 0xa0, 0x0, 0x0, 0xa,
    0xfa, 0x0, 0x0, 0x0, 0xaf, 0xa0, 0x0, 0x0,
    0xa, 0xfa, 0x0, 0x0, 0x0, 0xaf, 0xff, 0xff,
    0xff, 0xea, 0xff, 0xff, 0xff, 0xff, 0x0, 0x0,
    0x0, 0x0, 0x0, 0x0, 0x6f, 0xb0, 0x0, 0x0,
    0x7, 0xfc, 0x0, 0x0, 0x0, 0x9, 0xb0, 0x0,
    0x0, 0xb, 0xf6, 0x0, 0x0, 0x0, 0x11, 0x0,
    0x0,

    /* U+013C "ļ" */
    0xe, 0xf5, 0xe, 0xf5, 0xe, 0xf5, 0xe, 0xf5,
    0xe, 0xf5, 0xe, 0xf5, 0xe, 0xf5, 0xe, 0xf5,
    0xe, 0xf5, 0xe, 0xf5, 0xe, 0xf5, 0xe, 0xf5,
    0x0, 0x0, 0xd, 0xf4, 0xe, 0xf5, 0x0, 0xf4,
    0x2f, 0xe1, 0x2, 0x0,

    /* U+013D "Ľ" */
    0xaf, 0xa0, 0xdf, 0x20, 0xa, 0xfa, 0x1f, 0xc0,
    0x0, 0xaf, 0xa5, 0xf7, 0x0, 0xa, 0xfa, 0x8f,
    0x10, 0x0, 0xaf, 0xa1, 0x20, 0x0, 0xa, 0xfa,
    0x0, 0x0, 0x0, 0xaf, 0xa0, 0x0, 0x0, 0xa,
    0xfa, 0x0, 0x0, 0x0, 0xaf, 0xa0, 0x0, 0x0,
    0xa, 0xfa, 0x0, 0x0, 0x0, 0xaf, 0xff, 0xff,
    0xff, 0xea, 0xff, 0xff, 0xff, 0xff,

    /* U+013E "ľ" */
    0xef, 0x51, 0xfe, 0xe, 0xf5, 0x5f, 0x90, 0xef,
    0x59, 0xf3, 0xe, 0xf5, 0xcd, 0x0, 0xef, 0x51,
    0x10, 0xe, 0xf5, 0x0, 0x0, 0xef, 0x50, 0x0,
    0xe, 0xf5, 0x0, 0x0, 0xef, 0x50, 0x0, 0xe,
    0xf5, 0x0, 0x0, 0xef, 0x50, 0x0, 0xe, 0xf5,
    0x0, 0x0,

    /* U+0141 "Ł" */
    0x3, 0xff, 0x10, 0x0, 0x0, 0x0, 0x3f, 0xf1,
    0x0, 0x0, 0x0, 0x3, 0xff, 0x10, 0x0, 0x0,
    0x0, 0x3f, 0xf1, 0x6, 0x80, 0x0, 0x3, 0xff,
    0x7d, 0xfa, 0x0, 0x0, 0x3f, 0xff, 0xf8, 0x10,
    0x0, 0x6e, 0xff, 0x81, 0x0, 0x0, 0xb, 0xff,
    0xf1, 0x0, 0x0, 0x0, 0x34, 0xff, 0x10, 0x0,
    0x0, 0x0, 0x3f, 0xf1, 0x0, 0x0, 0x0, 0x3,
    0xff, 0xff, 0xff, 0xff, 0x60, 0x3f, 0xff, 0xff,
    0xff, 0xf7,

    /* U+0142 "ł" */
    0x6, 0xfd, 0x0, 0x6, 0xfd, 0x0, 0x6, 0xfd,
    0x0, 0x6, 0xfd, 0x0, 0x6, 0xfd, 0x50, 0x6,
    0xff, 0xf1, 0x5d, 0xff, 0x60, 0xbf, 0xfd, 0x0,
    0x37, 0xfd, 0x0, 0x6, 0xfd, 0x0, 0x6, 0xfd,
    0x0, 0x6, 0xfd, 0x0,

    /* U+0143 "Ń" */
    0x0, 0x0, 0x0, 0x8b, 0x70, 0x0, 0x0, 0x0,
    0x4, 0xfd, 0x10, 0x0, 0x0, 0x0, 0xd, 0xe1,
    0x0, 0x0, 0x0, 0x0, 0x0, 0x0, 0x0, 0x0,
    0xaf, 0xf2, 0x0, 0x0, 0x7, 0xfb, 0xaf, 0xfd,
    0x0, 0x0, 0x7, 0xfb, 0xaf, 0xff, 0xa0, 0x0,
    0x7, 0xfb, 0xaf, 0xcf, 0xf6, 0x0, 0x7, 0xfb,
    0xaf, 0x87, 0xff, 0x20, 0x7, 0xfb, 0xaf, 0x80,
    0xbf, 0xd0, 0x7, 0xfb, 0xaf, 0x80, 0x1d, 0xfa,
    0x7, 0xfb, 0xaf, 0x80, 0x3, 0xff, 0x67, 0xfb,
    0xaf, 0x80, 0x0, 0x6f, 0xfa, 0xfb, 0xaf, 0x80,
    0x0, 0xa, 0xff, 0xfb, 0xaf, 0x80, 0x0, 0x0,
    0xdf, 0xfb, 0xaf, 0x80, 0x0, 0x0, 0x2f, 0xfb,

    /* U+0144 "ń" */
    0x0, 0x0, 0x2, 0xff, 0x30, 0x0, 0x0, 0x0,
    0xbf, 0x50, 0x0, 0x0, 0x0, 0x2b, 0x60, 0x0,
    0x7, 0xfd, 0x6, 0xdf, 0xea, 0x10, 0x7f, 0xe9,
    0xfd, 0xdf, 0xfe, 0x1, 0x7f, 0xf5, 0x0, 0x3f,
    0xf6, 0x6, 0xfe, 0x0, 0x0, 0xbf, 0x80, 0x6f,
    0xd0, 0x0, 0xa, 0xf9, 0x6, 0xfd, 0x0, 0x0,
    0xaf, 0x90, 0x6f, 0xd0, 0x0, 0xa, 0xf9, 0x6,
    0xfd, 0x0, 0x0, 0xaf, 0x90, 0x6f, 0xd0, 0x0,
    0xa, 0xf9,

    /* U+0145 "Ņ" */
    0xaf, 0xf2, 0x0, 0x0, 0x7, 0xfb, 0xaf, 0xfd,
    0x0, 0x0, 0x7, 0xfb, 0xaf, 0xff, 0xa0, 0x0,
    0x7, 0xfb, 0xaf, 0xcf, 0xf6, 0x0, 0x7, 0xfb,
    0xaf, 0x87, 0xff, 0x20, 0x7, 0xfb, 0xaf, 0x80,
    0xbf, 0xd0, 0x7, 0xfb, 0xaf, 0x80, 0x1d, 0xfa,
    0x7, 0xfb, 0xaf, 0x80, 0x3, 0xff, 0x67, 0xfb,
    0xaf, 0x80, 0x0, 0x6f, 0xfa, 0xfb, 0xaf, 0x80,
    0x0, 0xa, 0xff, 0xfb, 0xaf, 0x80, 0x0, 0x0,
    0xdf, 0xfb, 0xaf, 0x80, 0x0, 0x0, 0x2f, 0xfb,
    0x0, 0x0, 0x0, 0x0, 0x0, 0x0, 0x0, 0x0,
    0x3f, 0xe0, 0x0, 0x0, 0x0, 0x0, 0x4f, 0xf0,
    0x0, 0x0, 0x0, 0x0, 0x6, 0xe0, 0x0, 0x0,
    0x0, 0x0, 0x8f, 0x90, 0x0, 0x0, 0x0, 0x0,
    0x11, 0x0, 0x0, 0x0,

    /* U+0146 "ņ" */
    0x7f, 0xd0, 0x6d, 0xfe, 0xa1, 0x7, 0xfe, 0x9f,
    0xdd, 0xff, 0xe0, 0x17, 0xff, 0x50, 0x3, 0xff,
    0x60, 0x6f, 0xe0, 0x0, 0xb, 0xf8, 0x6, 0xfd,
    0x0, 0x0, 0xaf, 0x90, 0x6f, 0xd0, 0x0, 0xa,
    0xf9, 0x6, 0xfd, 0x0, 0x0, 0xaf, 0x90, 0x6f,
    0xd0, 0x0, 0xa, 0xf9, 0x6, 0xfd, 0x0, 0x0,
    0xaf, 0x90, 0x0, 0x0, 0x0, 0x0, 0x0, 0x0,
    0x0, 0x3f, 0xe0, 0x0, 0x0, 0x0, 0x4, 0xff,
    0x0, 0x0, 0x0, 0x0, 0x5, 0xe0, 0x0, 0x0,
    0x0, 0x8, 0xf9, 0x0, 0x0, 0x0, 0x0, 0x11,
    0x0, 0x0, 0x0,

    /* U+0147 "Ň" */
    0x0, 0x5, 0x70, 0x5, 0x71, 0x0, 0x0, 0x2,
    0xfd, 0x9f, 0x70, 0x0, 0x0, 0x0, 0x4f, 0xfa,
    0x0, 0x0, 0x0, 0x0, 0x0, 0x0, 0x0, 0x0,
    0xaf, 0xf2, 0x0, 0x0, 0x7, 0xfb, 0xaf, 0xfd,
    0x0, 0x0, 0x7, 0xfb, 0xaf, 0xff, 0xa0, 0x0,
    0x7, 0xfb, 0xaf, 0xcf, 0xf6, 0x0, 0x7, 0xfb,
    0xaf, 0x87, 0xff, 0x20, 0x7, 0xfb, 0xaf, 0x80,
    0xbf, 0xd0, 0x7, 0xfb, 0xaf, 0x80, 0x1d, 0xfa,
    0x7, 0xfb, 0xaf, 0x80, 0x3, 0xff, 0x67, 0xfb,
    0xaf, 0x80, 0x0, 0x6f, 0xfa, 0xfb, 0xaf, 0x80,
    0x0, 0xa, 0xff, 0xfb, 0xaf, 0x80, 0x0, 0x0,
    0xdf, 0xfb, 0xaf, 0x80, 0x0, 0x0, 0x2f, 0xfb,

    /* U+0148 "ň" */
    0x0, 0xb, 0xe4, 0x7f, 0x80, 0x0, 0x0, 0xb,
    0xff, 0x80, 0x0, 0x0, 0x0, 0x1, 0x10, 0x0,
    0x7, 0xfd, 0x6, 0xdf, 0xea, 0x10, 0x7f, 0xe9,
    0xfd, 0xdf, 0xfe, 0x1, 0x7f, 0xf5, 0x0, 0x3f,
    0xf6, 0x6, 0xfe, 0x0, 0x0, 0xbf, 0x80, 0x6f,
    0xd0, 0x0, 0xa, 0xf9, 0x6, 0xfd, 0x0, 0x0,
    0xaf, 0x90, 0x6f, 0xd0, 0x0, 0xa, 0xf9, 0x6,
    0xfd, 0x0, 0x0, 0xaf, 0x90, 0x6f, 0xd0, 0x0,
    0xa, 0xf9,

    /* U+014A "Ŋ" */
    0xaf, 0xf2, 0x0, 0x0, 0x7, 0xfb, 0xaf, 0xfd,
    0x10, 0x0, 0x7, 0xfb, 0xaf, 0xff, 0xb0, 0x0,
    0x7, 0xfb, 0xaf, 0xbf, 0xf8, 0x0, 0x7, 0xfb,
    0xaf, 0x86, 0xff, 0x50, 0x7, 0xfb, 0xaf, 0x80,
    0x9f, 0xf2, 0x7, 0xfb, 0xaf, 0x80, 0xc, 0xfd,
    0x7, 0xfb, 0xaf, 0x80, 0x1, 0xef, 0xb7, 0xfb,
    0xaf, 0x80, 0x0, 0x3f, 0xfe, 0xfb, 0xaf, 0x80,
    0x0, 0x6, 0xff, 0xfb, 0xaf, 0x80, 0x0, 0x0,
    0xaf, 0xfb, 0xaf, 0x80, 0x0, 0x0, 0xc, 0xfb,
    0x0, 0x0, 0x0, 0x0, 0x7, 0xfb, 0x0, 0x0,
    0x0, 0xb, 0xce, 0xfa, 0x0, 0x0, 0x0, 0xe,
    0xff, 0xe3,

    /* U+014B "ŋ" */
    0x7f, 0xd0, 0x6d, 0xfe, 0xa1, 0x7, 0xfe, 0x9f,
    0xdd, 0xff, 0xd0, 0x17, 0xff, 0x50, 0x3, 0xff,
    0x50, 0x6f, 0xe0, 0x0, 0xb, 0xf8, 0x6, 0xfd,
    0x0, 0x0, 0xaf, 0x90, 0x6f, 0xd0, 0x0, 0xa,
    0xf9, 0x6, 0xfd, 0x0, 0x0, 0xaf, 0x90, 0x6f,
    0xd0, 0x0, 0xa, 0xf9, 0x6, 0xfd, 0x0, 0x0,
    0xaf, 0x90, 0x0, 0x0, 0x0, 0xa, 0xf9, 0x0,
    0x0, 0x0, 0x0, 0xaf, 0x90, 0x0, 0x0, 0x4,
    0xbe, 0xf8, 0x0, 0x0, 0x0, 0x7f, 0xfd, 0x20,

    /* U+014C "Ō" */
    0x0, 0x2, 0xff, 0xff, 0xff, 0x0, 0x0, 0x0,
    0x1, 0x88, 0x88, 0x87, 0x0, 0x0, 0x0, 0x0,
    0x0, 0x0, 0x0, 0x0, 0x0, 0x0, 0x2, 0x9d,
    0xff, 0xd8, 0x10, 0x0, 0x0, 0x6f, 0xff, 0xff,
    0xff, 0xf4, 0x0, 0x4, 0xff, 0xa2, 0x0, 0x3c,
    0xff, 0x20, 0xd, 0xfb, 0x0, 0x0, 0x0, 0xdf,
    0x90, 0x1f, 0xf3, 0x0, 0x0, 0x0, 0x7f, 0xe0,
    0x3f, 0xf0, 0x0, 0x0, 0x0, 0x4f, 0xf0, 0x3f,
    0xf0, 0x0, 0x0, 0x0, 0x4f, 0xf0, 0x1f, 0xf4,
    0x0, 0x0, 0x0, 0x7f, 0xe0, 0xc, 0xfb, 0x0,
    0x0, 0x0, 0xdf, 0x90, 0x4, 0xff, 0xa2, 0x0,
    0x3c, 0xff, 0x20, 0x0, 0x6f, 0xff, 0xff, 0xff,
    0xf4, 0x0, 0x0, 0x2, 0x9d, 0xff, 0xd8, 0x10,
    0x0,

    /* U+014D "ō" */
    0x0, 0xbf, 0xff, 0xff, 0x50, 0x0, 0x5, 0x88,
    0x88, 0x82, 0x0, 0x0, 0x0, 0x0, 0x0, 0x0,
    0x0, 0x3, 0xbe, 0xfe, 0x91, 0x0, 0x6, 0xff,
    0xff, 0xff, 0xe2, 0x1, 0xff, 0x90, 0x2, 0xdf,
    0xa0, 0x5f, 0xf0, 0x0, 0x4, 0xff, 0x6, 0xfd,
    0x0, 0x0, 0x2f, 0xf1, 0x5f, 0xf0, 0x0, 0x4,
    0xff, 0x1, 0xff, 0x90, 0x2, 0xdf, 0xb0, 0x6,
    0xff, 0xfe, 0xff, 0xe2, 0x0, 0x4, 0xbf, 0xfe,
    0x91, 0x0,

    /* U+0150 "Ő" */
    0x0, 0x0, 0xd, 0xf4, 0x5f, 0xc0, 0x0, 0x0,
    0x0, 0x7f, 0x60, 0xee, 0x10, 0x0, 0x0, 0x0,
    0xa7, 0x4, 0xb2, 0x0, 0x0, 0x0, 0x0, 0x0,
    0x0, 0x0, 0x0, 0x0, 0x0, 0x2, 0x9d, 0xff,
    0xd8, 0x10, 0x0, 0x0, 0x6f, 0xff, 0xff, 0xff,
    0xf4, 0x0, 0x4, 0xff, 0xa2, 0x0, 0x3c, 0xff,
    0x20, 0xd, 0xfb, 0x0, 0x0, 0x0, 0xdf, 0x90,
    0x1f, 0xf3, 0x0, 0x0, 0x0, 0x7f, 0xe0, 0x3f,
    0xf0, 0x0, 0x0, 0x0, 0x4f, 0xf0, 0x3f, 0xf0,
    0x0, 0x0, 0x0, 0x4f, 0xf0, 0x1f, 0xf4, 0x0,
    0x0, 0x0, 0x7f, 0xe0, 0xc, 0xfb, 0x0, 0x0,
    0x0, 0xdf, 0x90, 0x4, 0xff, 0xa2, 0x0, 0x3c,
    0xff, 0x20, 0x0, 0x6f, 0xff, 0xff, 0xff, 0xf4,
    0x0, 0x0, 0x2, 0x9d, 0xff, 0xd8, 0x10, 0x0,

    /* U+0151 "ő" */
    0x0, 0x7, 0xfb, 0xe, 0xf3, 0x0, 0x1, 0xfc,
    0x8, 0xf6, 0x0, 0x0, 0x5a, 0x10, 0xa7, 0x0,
    0x0, 0x3, 0xbe, 0xfe, 0x91, 0x0, 0x6, 0xff,
    0xff, 0xff, 0xe2, 0x1, 0xff, 0x90, 0x2, 0xdf,
    0xa0, 0x5f, 0xf0, 0x0, 0x4, 0xff, 0x6, 0xfd,
    0x0, 0x0, 0x2f, 0xf1, 0x5f, 0xf0, 0x0, 0x4,
    0xff, 0x1, 0xff, 0x90, 0x2, 0xdf, 0xb0, 0x6,
    0xff, 0xfe, 0xff, 0xe2, 0x0, 0x4, 0xbf, 0xfe,
    0x91, 0x0,

    /* U+0152 "Œ" */
    0x0, 0x2, 0x9e, 0xff, 0xb3, 0xaf, 0xff, 0xff,
    0xff, 0xf0, 0x6, 0xff, 0xfe, 0xef, 0xfd, 0xff,
    0xff, 0xff, 0xff, 0x4, 0xff, 0xa2, 0x0, 0x2b,
    0xff, 0x91, 0x11, 0x11, 0x10, 0xcf, 0xb0, 0x0,
    0x0, 0xe, 0xf8, 0x0, 0x0, 0x0, 0x1f, 0xf4,
    0x0, 0x0, 0x0, 0xcf, 0x80, 0x0, 0x0, 0x3,
    0xff, 0x10, 0x0, 0x0, 0xc, 0xff, 0xff, 0xff,
    0xf8, 0x3f, 0xf1, 0x0, 0x0, 0x0, 0xcf, 0xfe,
    0xee, 0xee, 0x71, 0xff, 0x40, 0x0, 0x0, 0xc,
    0xf8, 0x0, 0x0, 0x0, 0xc, 0xfb, 0x0, 0x0,
    0x0, 0xef, 0x80, 0x0, 0x0, 0x0, 0x4f, 0xfa,
    0x10, 0x1, 0xbf, 0xf9, 0x11, 0x11, 0x11, 0x0,
    0x6f, 0xff, 0xee, 0xff, 0xdf, 0xff, 0xff, 0xff,
    0xf0, 0x0, 0x2a, 0xef, 0xfb, 0x3a, 0xff, 0xff,
    0xff, 0xff,

    /* U+0153 "œ" */
    0x0, 0x3b, 0xef, 0xd8, 0x1, 0x9e, 0xfe, 0x80,
    0x0, 0x5f, 0xff, 0xff, 0xfc, 0xef, 0xff, 0xff,
    0xc0, 0x1f, 0xfa, 0x10, 0x3e, 0xff, 0xc1, 0x3,
    0xef, 0x65, 0xff, 0x0, 0x0, 0x6f, 0xf4, 0x22,
    0x29, 0xfa, 0x6f, 0xd0, 0x0, 0x4, 0xff, 0xff,
    0xff, 0xff, 0xc5, 0xfe, 0x0, 0x0, 0x6f, 0xf5,
    0x55, 0x55, 0x54, 0x1f, 0xf8, 0x0, 0x1d, 0xff,
    0x80, 0x0, 0x9c, 0x70, 0x5f, 0xfe, 0xcf, 0xfc,
    0xdf, 0xec, 0xef, 0xf2, 0x0, 0x3b, 0xff, 0xd8,
    0x1, 0x9e, 0xfe, 0xa2, 0x0,

    /* U+0154 "Ŕ" */
    0x0, 0x0, 0x9, 0xb5, 0x0, 0x0, 0x0, 0x6,
    0xfb, 0x0, 0x0, 0x0, 0x1, 0xfc, 0x0, 0x0,
    0x0, 0x0, 0x0, 0x0, 0x0, 0x0, 0xaf, 0xff,
    0xff, 0xfe, 0xa2, 0xa, 0xff, 0xee, 0xef, 0xff,
    0xf2, 0xaf, 0xa0, 0x0, 0x3, 0xef, 0x8a, 0xfa,
    0x0, 0x0, 0xb, 0xf8, 0xaf, 0xa0, 0x0, 0x2,
    0xef, 0x3a, 0xff, 0xee, 0xee, 0xff, 0x80, 0xaf,
    0xff, 0xff, 0xff, 0xff, 0x6a, 0xfa, 0x0, 0x0,
    0xb, 0xf9, 0xaf, 0xa0, 0x0, 0x0, 0xbf, 0x9a,
    0xfa, 0x0, 0x0, 0xb, 0xf9, 0xaf, 0xa0, 0x0,
    0x0, 0xbf, 0x9a, 0xfa, 0x0, 0x0, 0xb, 0xf9,

    /* U+0155 "ŕ" */
    0x0, 0x0, 0x7f, 0xd1, 0x0, 0x1, 0xfe, 0x10,
    0x0, 0x6, 0xa2, 0x0, 0x5f, 0xf0, 0x5d, 0xf4,
    0x5f, 0xf4, 0xfe, 0xc3, 0x16, 0xff, 0x90, 0x0,
    0x3, 0xff, 0x10, 0x0, 0x3, 0xff, 0x0, 0x0,
    0x3, 0xff, 0x0, 0x0, 0x3, 0xff, 0x0, 0x0,
    0x3, 0xff, 0x0, 0x0, 0x3, 0xff, 0x0, 0x0,

    /* U+0156 "Ŗ" */
    0xaf, 0xff, 0xff, 0xfe, 0xa2, 0xa, 0xff, 0xee,
    0xef, 0xff, 0xf2, 0xaf, 0xa0, 0x0, 0x3, 0xef,
    0x8a, 0xfa, 0x0, 0x0, 0xb, 0xf8, 0xaf, 0xa0,
    0x0, 0x2, 0xef, 0x3a, 0xff, 0xee, 0xee, 0xff,
    0x80, 0xaf, 0xff, 0xff, 0xff, 0xff, 0x6a, 0xfa,
    0x0, 0x0, 0xb, 0xf9, 0xaf, 0xa0, 0x0, 0x0,
    0xbf, 0x9a, 0xfa, 0x0, 0x0, 0xb, 0xf9, 0xaf,
    0xa0, 0x0, 0x0, 0xbf, 0x9a, 0xfa, 0x0, 0x0,
    0xb, 0xf9,

    /* U+0157 "ŗ" */
    0x5f, 0xf0, 0x5d, 0xf4, 0x5f, 0xf4, 0xfe, 0xc3,
    0x16, 0xff, 0x90, 0x0, 0x3, 0xff, 0x10, 0x0,
    0x3, 0xff, 0x0, 0x0, 0x3, 0xff, 0x0, 0x0,
    0x3, 0xff, 0x0, 0x0, 0x3, 0xff, 0x0, 0x0,
    0x3, 0xff, 0x0, 0x0, 0x0, 0x0, 0x0, 0x0,
    0x3, 0xfe, 0x0, 0x0, 0x3, 0xff, 0x0, 0x0,
    0x0, 0x5f, 0x0, 0x0, 0x8, 0xf9, 0x0, 0x0,
    0x1, 0x10, 0x0, 0x0,

    /* U+0158 "Ř" */
    0x0, 0x76, 0x0, 0x67, 0x0, 0x0, 0x4, 0xfb,
    0xbf, 0x50, 0x0, 0x0, 0x7, 0xff, 0x80, 0x0,
    0x0, 0x0, 0x0, 0x0, 0x0, 0x0, 0xaf, 0xff,
    0xff, 0xfe, 0xa2, 0xa, 0xff, 0xee, 0xef, 0xff,
    0xf2, 0xaf, 0xa0, 0x0, 0x3, 0xef, 0x8a, 0xfa,
    0x0, 0x0, 0xb, 0xf8, 0xaf, 0xa0, 0x0, 0x2,
    0xef, 0x3a, 0xff, 0xee, 0xee, 0xff, 0x80, 0xaf,
    0xff, 0xff, 0xff, 0xff, 0x6a, 0xfa, 0x0, 0x0,
    0xb, 0xf9, 0xaf, 0xa0, 0x0, 0x0, 0xbf, 0x9a,
    0xfa, 0x0, 0x0, 0xb, 0xf9, 0xaf, 0xa0, 0x0,
    0x0, 0xbf, 0x9a, 0xfa, 0x0, 0x0, 0xb, 0xf9,

    /* U+0159 "ř" */
    0x2, 0xeb, 0x2a, 0xf3, 0x0, 0x3e, 0xff, 0x30,
    0x0, 0x1, 0x11, 0x0, 0x5f, 0xf0, 0x5d, 0xf4,
    0x5f, 0xf4, 0xfe, 0xc3, 0x16, 0xff, 0x90, 0x0,
    0x3, 0xff, 0x10, 0x0, 0x3, 0xff, 0x0, 0x0,
    0x3, 0xff, 0x0, 0x0, 0x3, 0xff, 0x0, 0x0,
    0x3, 0xff, 0x0, 0x0, 0x3, 0xff, 0x0, 0x0,

    /* U+015A "Ś" */
    0x0, 0x0, 0x4, 0xfe, 0x20, 0x0, 0x0, 0x0,
    0xdf, 0x30, 0x0, 0x0, 0x0, 0x4b, 0x40, 0x0,
    0x0, 0x0, 0x0, 0x0, 0x0, 0x0, 0x0, 0x2a,
    0xef, 0xfc, 0x70, 0x0, 0x4f, 0xfe, 0xce, 0xff,
    0xd0, 0xb, 0xfa, 0x0, 0x4, 0xff, 0x80, 0xdf,
    0x60, 0x0, 0x6, 0xa7, 0xa, 0xfe, 0x73, 0x0,
    0x0, 0x0, 0x1c, 0xff, 0xff, 0xd9, 0x20, 0x0,
    0x4, 0x9c, 0xff, 0xff, 0x30, 0x0, 0x0, 0x0,
    0x3c, 0xfc, 0x4d, 0xd0, 0x0, 0x0, 0x5f, 0xe1,
    0xff, 0xa1, 0x0, 0xb, 0xfb, 0x6, 0xff, 0xfd,
    0xdf, 0xff, 0x30, 0x3, 0xae, 0xff, 0xea, 0x20,

    /* U+015B "ś" */
    0x0, 0x0, 0x6f, 0xd1, 0x0, 0x0, 0x1e, 0xe2,
    0x0, 0x0, 0x5, 0xb3, 0x0, 0x0, 0x19, 0xef,
    0xfb, 0x30, 0xb, 0xfd, 0xac, 0xff, 0x30, 0xff,
    0x10, 0x9, 0xe8, 0xe, 0xfc, 0x85, 0x20, 0x0,
    0x2b, 0xff, 0xff, 0xc1, 0x0, 0x0, 0x36, 0xdf,
    0xa5, 0xfe, 0x10, 0x6, 0xfb, 0xd, 0xfe, 0xbb,
    0xff, 0x60, 0x19, 0xdf, 0xfc, 0x60,

    /* U+015E "Ş" */
    0x0, 0x2a, 0xef, 0xfc, 0x70, 0x0, 0x4f, 0xfe,
    0xce, 0xff, 0xd0, 0xb, 0xfa, 0x0, 0x4, 0xff,
    0x80, 0xdf, 0x60, 0x0, 0x6, 0xa7, 0xa, 0xfe,
    0x73, 0x0, 0x0, 0x0, 0x1c, 0xff, 0xff, 0xd9,
    0x20, 0x0, 0x4, 0x9c, 0xff, 0xff, 0x30, 0x0,
    0x0, 0x0, 0x3c, 0xfc, 0x4d, 0xd0, 0x0, 0x0,
    0x5f, 0xe1, 0xff, 0xa1, 0x0, 0xb, 0xfb, 0x6,
    0xff, 0xfd, 0xdf, 0xff, 0x30, 0x3, 0xae, 0xff,
    0xea, 0x20, 0x0, 0x0, 0x1f, 0xb0, 0x0, 0x0,
    0x0, 0x1, 0x8f, 0xa0, 0x0, 0x0, 0x0, 0x57,
    0xfe, 0x0, 0x0, 0x0, 0xf, 0xff, 0x80, 0x0,

    /* U+015F "ş" */
    0x1, 0x9e, 0xff, 0xb3, 0x0, 0xbf, 0xda, 0xcf,
    0xf3, 0xf, 0xf1, 0x0, 0x9e, 0x80, 0xef, 0xc8,
    0x52, 0x0, 0x2, 0xbf, 0xff, 0xfc, 0x10, 0x0,
    0x3, 0x6d, 0xfa, 0x5f, 0xe1, 0x0, 0x6f, 0xb0,
    0xdf, 0xeb, 0xbf, 0xf6, 0x1, 0x9e, 0xff, 0xc6,
    0x0, 0x0, 0x5f, 0x60, 0x0, 0x0, 0x3, 0xcf,
    0x50, 0x0, 0x1, 0x6a, 0xf9, 0x0, 0x0, 0x4f,
    0xff, 0x40, 0x0,

    /* U+0160 "Š" */
    0x0, 0x1f, 0xb0, 0x5f, 0x80, 0x0, 0x0, 0x5f,
    0xdf, 0xc0, 0x0, 0x0, 0x0, 0xaf, 0xf2, 0x0,
    0x0, 0x0, 0x0, 0x0, 0x0, 0x0, 0x0, 0x2a,
    0xef, 0xfc, 0x70, 0x0, 0x4f, 0xfe, 0xce, 0xff,
    0xd0, 0xb, 0xfa, 0x0, 0x4, 0xff, 0x80, 0xdf,
    0x60, 0x0, 0x6, 0xa7, 0xa, 0xfe, 0x73, 0x0,
    0x0, 0x0, 0x1c, 0xff, 0xff, 0xd9, 0x20, 0x0,
    0x4, 0x9c, 0xff, 0xff, 0x30, 0x0, 0x0, 0x0,
    0x3c, 0xfc, 0x4d, 0xd0, 0x0, 0x0, 0x5f, 0xe1,
    0xff, 0xa1, 0x0, 0xb, 0xfb, 0x6, 0xff, 0xfd,
    0xdf, 0xff, 0x30, 0x3, 0xae, 0xff, 0xea, 0x20,

    /* U+0161 "š" */
    0x2, 0xeb, 0x29, 0xf4, 0x0, 0x3, 0xff, 0xf5,
    0x0, 0x0, 0x1, 0x32, 0x0, 0x0, 0x19, 0xef,
    0xea, 0x20, 0xb, 0xfd, 0xad, 0xfe, 0x10, 0xff,
    0x10, 0xd, 0xf7, 0xe, 0xfc, 0x85, 0x68, 0x50,
    0x2b, 0xff, 0xff, 0xc1, 0x0, 0x0, 0x36, 0xdf,
    0xa4, 0xdb, 0x0, 0x6, 0xfb, 0x1e, 0xfe, 0xbb,
    0xff, 0x60, 0x19, 0xef, 0xfc, 0x60,

    /* U+0164 "Ť" */
    0x0, 0x28, 0x30, 0x28, 0x40, 0x0, 0x0, 0xbf,
    0x8f, 0xd0, 0x0, 0x0, 0x1, 0xdf, 0xe1, 0x0,
    0x0, 0x0, 0x0, 0x0, 0x0, 0x0, 0xaf, 0xff,
    0xff, 0xff, 0xff, 0xb9, 0xff, 0xff, 0xff, 0xff,
    0xfb, 0x0, 0x0, 0x9f, 0xa0, 0x0, 0x0, 0x0,
    0x9, 0xfa, 0x0, 0x0, 0x0, 0x0, 0x9f, 0xa0,
    0x0, 0x0, 0x0, 0x9, 0xfa, 0x0, 0x0, 0x0,
    0x0, 0x9f, 0xa0, 0x0, 0x0, 0x0, 0x9, 0xfa,
    0x0, 0x0, 0x0, 0x0, 0x9f, 0xa0, 0x0, 0x0,
    0x0, 0x9, 0xfa, 0x0, 0x0, 0x0, 0x0, 0x9f,
    0xa0, 0x0, 0x0, 0x0, 0x9, 0xfa, 0x0, 0x0,

    /* U+0165 "ť" */
    0x0, 0x0, 0x0, 0x21, 0x0, 0x0, 0x9, 0xf7,
    0x0, 0x0, 0xd, 0xf1, 0x1, 0x77, 0x1f, 0xb0,
    0x2, 0xff, 0x5f, 0x50, 0x2, 0xff, 0x10, 0x0,
    0xbf, 0xff, 0xff, 0x30, 0x8b, 0xff, 0xbb, 0x20,
    0x2, 0xff, 0x10, 0x0, 0x2, 0xff, 0x10, 0x0,
    0x2, 0xff, 0x10, 0x0, 0x2, 0xff, 0x10, 0x0,
    0x2, 0xff, 0x10, 0x0, 0x1, 0xff, 0xbb, 0x50,
    0x0, 0x9f, 0xff, 0x70,

    /* U+016A "Ū" */
    0x0, 0x7f, 0xff, 0xff, 0x90, 0x0, 0x3, 0x88,
    0x88, 0x84, 0x0, 0x0, 0x0, 0x0, 0x0, 0x0,
    0xc, 0xf8, 0x0, 0x0, 0x6, 0xfe, 0xcf, 0x80,
    0x0, 0x0, 0x6f, 0xec, 0xf8, 0x0, 0x0, 0x6,
    0xfe, 0xcf, 0x80, 0x0, 0x0, 0x6f, 0xec, 0xf8,
    0x0, 0x0, 0x6, 0xfe, 0xcf, 0x80, 0x0, 0x0,
    0x6f, 0xec, 0xf8, 0x0, 0x0, 0x6, 0xfe, 0xcf,
    0x80, 0x0, 0x0, 0x6f, 0xdb, 0xfc, 0x0, 0x0,
    0xa, 0xfc, 0x6f, 0xf9, 0x31, 0x28, 0xff, 0x70,
    0xbf, 0xff, 0xff, 0xff, 0xc0, 0x0, 0x6c, 0xff,
    0xfc, 0x60, 0x0,

    /* U+016B "ū" */
    0x0, 0x9f, 0xff, 0xff, 0x80, 0x0, 0x0, 0x48,
    0x88, 0x88, 0x40, 0x0, 0x0, 0x0, 0x0, 0x0,
    0x0, 0x0, 0xf, 0xf3, 0x0, 0x5, 0xff, 0x0,
    0xf, 0xf3, 0x0, 0x5, 0xff, 0x0, 0xf, 0xf3,
    0x0, 0x5, 0xff, 0x0, 0xf, 0xf3, 0x0, 0x5,
    0xff, 0x0, 0xf, 0xf3, 0x0, 0x5, 0xff, 0x0,
    0xf, 0xf4, 0x0, 0x6, 0xff, 0x0, 0xd, 0xfb,
    0x10, 0x2d, 0xff, 0x50, 0x6, 0xff, 0xff, 0xfe,
    0x8f, 0xf1, 0x0, 0x6d, 0xff, 0xb2, 0x3f, 0xf1,

    /* U+016C "Ŭ" */
    0x0, 0x28, 0x10, 0x18, 0x30, 0x0, 0x2, 0xfd,
    0x8c, 0xf3, 0x0, 0x0, 0x4, 0xdf, 0xd5, 0x0,
    0x0, 0x0, 0x0, 0x0, 0x0, 0x0, 0xcf, 0x80,
    0x0, 0x0, 0x6f, 0xec, 0xf8, 0x0, 0x0, 0x6,
    0xfe, 0xcf, 0x80, 0x0, 0x0, 0x6f, 0xec, 0xf8,
    0x0, 0x0, 0x6, 0xfe, 0xcf, 0x80, 0x0, 0x0,
    0x6f, 0xec, 0xf8, 0x0, 0x0, 0x6, 0xfe, 0xcf,
    0x80, 0x0, 0x0, 0x6f, 0xec, 0xf8, 0x0, 0x0,
    0x6, 0xfd, 0xbf, 0xc0, 0x0, 0x0, 0xaf, 0xc6,
    0xff, 0x93, 0x12, 0x8f, 0xf7, 0xb, 0xff, 0xff,
    0xff, 0xfc, 0x0, 0x6, 0xcf, 0xff, 0xc6, 0x0,

    /* U+016D "ŭ" */
    0x0, 0x5f, 0xb8, 0xbf, 0x40, 0x0, 0x0, 0x7,
    0xef, 0xe7, 0x0, 0x0, 0x0, 0x0, 0x0, 0x0,
    0x0, 0x0, 0xf, 0xf3, 0x0, 0x5, 0xff, 0x0,
    0xf, 0xf3, 0x0, 0x5, 0xff, 0x0, 0xf, 0xf3,
    0x0, 0x5, 0xff, 0x0, 0xf, 0xf3, 0x0, 0x5,
    0xff, 0x0, 0xf, 0xf3, 0x0, 0x5, 0xff, 0x0,
    0xf, 0xf4, 0x0, 0x6, 0xff, 0x0, 0xd, 0xfb,
    0x10, 0x2d, 0xff, 0x50, 0x6, 0xff, 0xff, 0xfe,
    0x8f, 0xf1, 0x0, 0x6d, 0xff, 0xb2, 0x3f, 0xf1,

    /* U+016E "Ů" */
    0x0, 0x0, 0x0, 0x0, 0x0, 0x0, 0x0, 0x1b,
    0xfc, 0x20, 0x0, 0x0, 0x9, 0xd4, 0xca, 0x0,
    0x0, 0x0, 0xac, 0x1a, 0xb0, 0x0, 0x0, 0x2,
    0xef, 0xe3, 0x0, 0x0, 0x0, 0x0, 0x20, 0x0,
    0x0, 0xcf, 0x80, 0x0, 0x0, 0x6f, 0xec, 0xf8,
    0x0, 0x0, 0x6, 0xfe, 0xcf, 0x80, 0x0, 0x0,
    0x6f, 0xec, 0xf8, 0x0, 0x0, 0x6, 0xfe, 0xcf,
    0x80, 0x0, 0x0, 0x6f, 0xec, 0xf8, 0x0, 0x0,
    0x6, 0xfe, 0xcf, 0x80, 0x0, 0x0, 0x6f, 0xec,
    0xf8, 0x0, 0x0, 0x6, 0xfd, 0xbf, 0xc0, 0x0,
    0x0, 0xaf, 0xc6, 0xff, 0x93, 0x12, 0x8f, 0xf7,
    0xb, 0xff, 0xff, 0xff, 0xfc, 0x0, 0x6, 0xcf,
    0xff, 0xc6, 0x0,

    /* U+016F "ů" */
    0x0, 0x0, 0xaf, 0xa0, 0x0, 0x0, 0x0, 0x6,
    0xd3, 0xe6, 0x0, 0x0, 0x0, 0x7, 0xc0, 0xd6,
    0x0, 0x0, 0x0, 0x1, 0xdf, 0xd1, 0x0, 0x0,
    0x0, 0x0, 0x2, 0x0, 0x0, 0x0, 0xf, 0xf3,
    0x0, 0x5, 0xff, 0x0, 0xf, 0xf3, 0x0, 0x5,
    0xff, 0x0, 0xf, 0xf3, 0x0, 0x5, 0xff, 0x0,
    0xf, 0xf3, 0x0, 0x5, 0xff, 0x0, 0xf, 0xf3,
    0x0, 0x5, 0xff, 0x0, 0xf, 0xf4, 0x0, 0x6,
    0xff, 0x0, 0xd, 0xfb, 0x10, 0x2d, 0xff, 0x50,
    0x6, 0xff, 0xff, 0xfe, 0x8f, 0xf1, 0x0, 0x6d,
    0xff, 0xb2, 0x3f, 0xf1,

    /* U+0170 "Ű" */
    0x0, 0x3, 0xfd, 0x1b, 0xf6, 0x0, 0x0, 0xce,
    0x24, 0xf9, 0x0, 0x0, 0x3b, 0x40, 0x89, 0x0,
    0x0, 0x0, 0x0, 0x0, 0x0, 0x0, 0xcf, 0x80,
    0x0, 0x0, 0x6f, 0xec, 0xf8, 0x0, 0x0, 0x6,
    0xfe, 0xcf, 0x80, 0x0, 0x0, 0x6f, 0xec, 0xf8,
    0x0, 0x0, 0x6, 0xfe, 0xcf, 0x80, 0x0, 0x0,
    0x6f, 0xec, 0xf8, 0x0, 0x0, 0x6, 0xfe, 0xcf,
    0x80, 0x0, 0x0, 0x6f, 0xec, 0xf8, 0x0, 0x0,
    0x6, 0xfd, 0xbf, 0xc0, 0x0, 0x0, 0xaf, 0xc6,
    0xff, 0x93, 0x12, 0x8f, 0xf7, 0xb, 0xff, 0xff,
    0xff, 0xfc, 0x0, 0x6, 0xcf, 0xff, 0xc6, 0x0,

    /* U+0171 "ű" */
    0x0, 0x5, 0xfc, 0xc, 0xf5, 0x0, 0x0, 0xd,
    0xe1, 0x5f, 0x80, 0x0, 0x0, 0x4b, 0x30, 0x99,
    0x0, 0x0, 0xf, 0xf3, 0x0, 0x5, 0xff, 0x0,
    0xf, 0xf3, 0x0, 0x5, 0xff, 0x0, 0xf, 0xf3,
    0x0, 0x5, 0xff, 0x0, 0xf, 0xf3, 0x0, 0x5,
    0xff, 0x0, 0xf, 0xf3, 0x0, 0x5, 0xff, 0x0,
    0xf, 0xf4, 0x0, 0x6, 0xff, 0x0, 0xd, 0xfb,
    0x10, 0x2d, 0xff, 0x50, 0x6, 0xff, 0xff, 0xfe,
    0x8f, 0xf1, 0x0, 0x6d, 0xff, 0xb2, 0x3f, 0xf1,

    /* U+0172 "Ų" */
    0xcf, 0x80, 0x0, 0x0, 0x6f, 0xec, 0xf8, 0x0,
    0x0, 0x6, 0xfe, 0xcf, 0x80, 0x0, 0x0, 0x6f,
    0xec, 0xf8, 0x0, 0x0, 0x6, 0xfe, 0xcf, 0x80,
    0x0, 0x0, 0x6f, 0xec, 0xf8, 0x0, 0x0, 0x6,
    0xfe, 0xcf, 0x80, 0x0, 0x0, 0x6f, 0xec, 0xf8,
    0x0, 0x0, 0x6, 0xfd, 0xbf, 0xc0, 0x0, 0x0,
    0xaf, 0xc6, 0xff, 0x93, 0x12, 0x8f, 0xf7, 0xb,
    0xff, 0xff, 0xff, 0xfc, 0x0, 0x6, 0xcf, 0xff,
    0xc6, 0x0, 0x0, 0x0, 0x4f, 0x80, 0x0, 0x0,
    0x0, 0xd, 0xf1, 0x0, 0x0, 0x0, 0x0, 0xff,
    0x94, 0x0, 0x0, 0x0, 0x9, 0xff, 0x70, 0x0,

    /* U+0173 "ų" */
    0xf, 0xf3, 0x0, 0x5, 0xff, 0x0, 0xf, 0xf3,
    0x0, 0x5, 0xff, 0x0, 0xf, 0xf3, 0x0, 0x5,
    0xff, 0x0, 0xf, 0xf3, 0x0, 0x5, 0xff, 0x0,
    0xf, 0xf3, 0x0, 0x5, 0xff, 0x0, 0xf, 0xf4,
    0x0, 0x6, 0xff, 0x0, 0xd, 0xfb, 0x10, 0x2d,
    0xff, 0x50, 0x6, 0xff, 0xff, 0xfe, 0x8f, 0xf1,
    0x0, 0x6d, 0xff, 0xb2, 0x3f, 0xf1, 0x0, 0x0,
    0x0, 0x0, 0x6f, 0x70, 0x0, 0x0, 0x0, 0x0,
    0xef, 0x0, 0x0, 0x0, 0x0, 0x0, 0xff, 0x93,
    0x0, 0x0, 0x0, 0x0, 0xaf, 0xf6,

    /* U+0174 "Ŵ" */
    0x0, 0x0, 0x0, 0x2, 0x88, 0x10, 0x0, 0x0,
    0x0, 0x0, 0x0, 0x0, 0x1d, 0xff, 0xc0, 0x0,
    0x0, 0x0, 0x0, 0x0, 0x0, 0xce, 0x34, 0xfa,
    0x0, 0x0, 0x0, 0x0, 0x0, 0x0, 0x0, 0x0,
    0x0, 0x0, 0x0, 0x0, 0x6f, 0xf0, 0x0, 0x3,
    0xff, 0x10, 0x0, 0xf, 0xf5, 0x1f, 0xf3, 0x0,
    0x8, 0xff, 0x60, 0x0, 0x4f, 0xf1, 0xd, 0xf8,
    0x0, 0xd, 0xff, 0xb0, 0x0, 0x8f, 0xc0, 0x8,
    0xfc, 0x0, 0x2f, 0xcf, 0xf1, 0x0, 0xdf, 0x80,
    0x3, 0xff, 0x10, 0x7f, 0x7a, 0xf6, 0x1, 0xff,
    0x30, 0x0, 0xef, 0x50, 0xcf, 0x25, 0xfb, 0x5,
    0xfe, 0x0, 0x0, 0xaf, 0x91, 0xfe, 0x0, 0xff,
    0xa, 0xfa, 0x0, 0x0, 0x5f, 0xe6, 0xf9, 0x0,
    0xbf, 0x5e, 0xf5, 0x0, 0x0, 0x1f, 0xfd, 0xf4,
    0x0, 0x6f, 0xdf, 0xf1, 0x0, 0x0, 0xc, 0xff,
    0xf0, 0x0, 0x1f, 0xff, 0xc0, 0x0, 0x0, 0x7,
    0xff, 0xb0, 0x0, 0xc, 0xff, 0x70, 0x0, 0x0,
    0x3, 0xff, 0x60, 0x0, 0x7, 0xff, 0x20, 0x0,

    /* U+0175 "ŵ" */
    0x0, 0x0, 0x0, 0xbf, 0xf5, 0x0, 0x0, 0x0,
    0x0, 0x0, 0xb, 0xe5, 0x9f, 0x50, 0x0, 0x0,
    0x0, 0x0, 0x1, 0x0, 0x1, 0x10, 0x0, 0x0,
    0x9f, 0xb0, 0x0, 0x6f, 0xf1, 0x0, 0x1f, 0xf2,
    0x4f, 0xf0, 0x0, 0xcf, 0xf6, 0x0, 0x6f, 0xd0,
    0xe, 0xf5, 0x2, 0xff, 0xfc, 0x0, 0xaf, 0x80,
    0x9, 0xfa, 0x8, 0xf9, 0xef, 0x20, 0xff, 0x30,
    0x4, 0xfe, 0xd, 0xf3, 0x9f, 0x74, 0xfe, 0x0,
    0x0, 0xff, 0x7f, 0xd0, 0x3f, 0xd9, 0xf9, 0x0,
    0x0, 0xaf, 0xff, 0x70, 0xd, 0xff, 0xf4, 0x0,
    0x0, 0x5f, 0xff, 0x10, 0x7, 0xff, 0xe0, 0x0,
    0x0, 0xf, 0xfb, 0x0, 0x2, 0xff, 0xa0, 0x0,

    /* U+0176 "Ŷ" */
    0x0, 0x0, 0x5b, 0xb1, 0x0, 0x0, 0x0, 0x3,
    0xfe, 0xfc, 0x0, 0x0, 0x0, 0x1c, 0xb1, 0x4d,
    0x80, 0x0, 0x0, 0x0, 0x0, 0x0, 0x0, 0x0,
    0x8f, 0xf1, 0x0, 0x0, 0x4f, 0xf2, 0xe, 0xfa,
    0x0, 0x0, 0xdf, 0x90, 0x5, 0xff, 0x30, 0x7,
    0xfe, 0x0, 0x0, 0xbf, 0xc0, 0x1f, 0xf5, 0x0,
    0x0, 0x2f, 0xf6, 0xaf, 0xc0, 0x0, 0x0, 0x8,
    0xff, 0xff, 0x20, 0x0, 0x0, 0x0, 0xef, 0xf8,
    0x0, 0x0, 0x0, 0x0, 0x6f, 0xf0, 0x0, 0x0,
    0x0, 0x0, 0x5f, 0xf0, 0x0, 0x0, 0x0, 0x0,
    0x5f, 0xf0, 0x0, 0x0, 0x0, 0x0, 0x5f, 0xf0,
    0x0, 0x0, 0x0, 0x0, 0x5f, 0xf0, 0x0, 0x0,

    /* U+0177 "ŷ" */
    0x0, 0x7, 0xff, 0x90, 0x0, 0x0, 0x7, 0xf7,
    0x6f, 0x90, 0x0, 0x0, 0x11, 0x0, 0x1, 0x0,
    0xb, 0xfa, 0x0, 0x0, 0x5f, 0xd0, 0x4f, 0xf1,
    0x0, 0xc, 0xf7, 0x0, 0xdf, 0x70, 0x2, 0xff,
    0x10, 0x6, 0xfd, 0x0, 0x8f, 0xa0, 0x0, 0xf,
    0xf4, 0xe, 0xf3, 0x0, 0x0, 0x9f, 0xa5, 0xfc,
    0x0, 0x0, 0x2, 0xff, 0xcf, 0x60, 0x0, 0x0,
    0xc, 0xff, 0xe0, 0x0, 0x0, 0x0, 0x5f, 0xf8,
    0x0, 0x0, 0x0, 0x1, 0xff, 0x20, 0x0, 0x0,
    0x0, 0x7f, 0xb0, 0x0, 0x0, 0x9, 0xce, 0xf4,
    0x0, 0x0, 0x0, 0xcf, 0xf9, 0x0, 0x0, 0x0,

    /* U+0178 "Ÿ" */
    0x0, 0x4, 0x30, 0x5, 0x20, 0x0, 0x0, 0x3f,
    0xf1, 0x6f, 0xe0, 0x0, 0x0, 0x1e, 0xc0, 0x3e,
    0xa0, 0x0, 0x0, 0x0, 0x0, 0x0, 0x0, 0x0,
    0x8f, 0xf1, 0x0, 0x0, 0x4f, 0xf2, 0xe, 0xfa,
    0x0, 0x0, 0xdf, 0x90, 0x5, 0xff, 0x30, 0x7,
    0xfe, 0x0, 0x0, 0xbf, 0xc0, 0x1f, 0xf5, 0x0,
    0x0, 0x2f, 0xf6, 0xaf, 0xc0, 0x0, 0x0, 0x8,
    0xff, 0xff, 0x20, 0x0, 0x0, 0x0, 0xef, 0xf8,
    0x0, 0x0, 0x0, 0x0, 0x6f, 0xf0, 0x0, 0x0,
    0x0, 0x0, 0x5f, 0xf0, 0x0, 0x0, 0x0, 0x0,
    0x5f, 0xf0, 0x0, 0x0, 0x0, 0x0, 0x5f, 0xf0,
    0x0, 0x0, 0x0, 0x0, 0x5f, 0xf0, 0x0, 0x0,

    /* U+0179 "Ź" */
    0x0, 0x0, 0x6, 0xb8, 0x0, 0x0, 0x0, 0x2,
    0xfe, 0x20, 0x0, 0x0, 0x0, 0xbf, 0x30, 0x0,
    0x0, 0x0, 0x0, 0x0, 0x0, 0x0, 0x4f, 0xff,
    0xff, 0xff, 0xff, 0x3, 0xff, 0xff, 0xff, 0xff,
    0xf0, 0x0, 0x0, 0x0, 0x5f, 0xf4, 0x0, 0x0,
    0x0, 0x2f, 0xf8, 0x0, 0x0, 0x0, 0xd, 0xfb,
    0x0, 0x0, 0x0, 0xa, 0xfe, 0x10, 0x0, 0x0,
    0x7, 0xff, 0x30, 0x0, 0x0, 0x3, 0xff, 0x60,
    0x0, 0x0, 0x1, 0xef, 0xa0, 0x0, 0x0, 0x0,
    0xcf, 0xd0, 0x0, 0x0, 0x0, 0x6f, 0xff, 0xff,
    0xff, 0xff, 0x38, 0xff, 0xff, 0xff, 0xff, 0xf3,

    /* U+017A "ź" */
    0x0, 0x0, 0xaf, 0xb0, 0x0, 0x0, 0x3f, 0xc0,
    0x0, 0x0, 0x8, 0xa1, 0x0, 0x3, 0xff, 0xff,
    0xff, 0xf3, 0x2c, 0xcc, 0xce, 0xfe, 0x10, 0x0,
    0x3, 0xff, 0x40, 0x0, 0x2, 0xef, 0x60, 0x0,
    0x0, 0xdf, 0x90, 0x0, 0x0, 0xbf, 0xb0, 0x0,
    0x0, 0x8f, 0xd1, 0x0, 0x0, 0x5f, 0xfd, 0xcc,
    0xcc, 0x38, 0xff, 0xff, 0xff, 0xf4,

    /* U+017B "Ż" */
    0x0, 0x0, 0x26, 0x0, 0x0, 0x0, 0x0, 0xd,
    0xf8, 0x0, 0x0, 0x0, 0x0, 0x9f, 0x40, 0x0,
    0x0, 0x0, 0x0, 0x0, 0x0, 0x0, 0x4f, 0xff,
    0xff, 0xff, 0xff, 0x3, 0xff, 0xff, 0xff, 0xff,
    0xf0, 0x0, 0x0, 0x0, 0x5f, 0xf4, 0x0, 0x0,
    0x0, 0x2f, 0xf8, 0x0, 0x0, 0x0, 0xd, 0xfb,
    0x0, 0x0, 0x0, 0xa, 0xfe, 0x10, 0x0, 0x0,
    0x7, 0xff, 0x30, 0x0, 0x0, 0x3, 0xff, 0x60,
    0x0, 0x0, 0x1, 0xef, 0xa0, 0x0, 0x0, 0x0,
    0xcf, 0xd0, 0x0, 0x0, 0x0, 0x6f, 0xff, 0xff,
    0xff, 0xff, 0x38, 0xff, 0xff, 0xff, 0xff, 0xf3,

    /* U+017C "ż" */
    0x0, 0x9, 0xf5, 0x0, 0x0, 0x0, 0xdf, 0x80,
    0x0, 0x0, 0x2, 0x61, 0x0, 0x3, 0xff, 0xff,
    0xff, 0xf3, 0x2c, 0xcc, 0xce, 0xfe, 0x10, 0x0,
    0x3, 0xff, 0x40, 0x0, 0x2, 0xef, 0x60, 0x0,
    0x0, 0xdf, 0x90, 0x0, 0x0, 0xbf, 0xb0, 0x0,
    0x0, 0x8f, 0xd1, 0x0, 0x0, 0x5f, 0xfd, 0xcc,
    0xcc, 0x38, 0xff, 0xff, 0xff, 0xf4,

    /* U+017D "Ž" */
    0x0, 0x47, 0x10, 0x48, 0x20, 0x0, 0x1, 0xee,
    0x8f, 0xa0, 0x0, 0x0, 0x2, 0xff, 0xc0, 0x0,
    0x0, 0x0, 0x0, 0x0, 0x0, 0x0, 0x4f, 0xff,
    0xff, 0xff, 0xff, 0x3, 0xff, 0xff, 0xff, 0xff,
    0xf0, 0x0, 0x0, 0x0, 0x5f, 0xf4, 0x0, 0x0,
    0x0, 0x2f, 0xf8, 0x0, 0x0, 0x0, 0xd, 0xfb,
    0x0, 0x0, 0x0, 0xa, 0xfe, 0x10, 0x0, 0x0,
    0x7, 0xff, 0x30, 0x0, 0x0, 0x3, 0xff, 0x60,
    0x0, 0x0, 0x1, 0xef, 0xa0, 0x0, 0x0, 0x0,
    0xcf, 0xd0, 0x0, 0x0, 0x0, 0x6f, 0xff, 0xff,
    0xff, 0xff, 0x38, 0xff, 0xff, 0xff, 0xff, 0xf3,

    /* U+017E "ž" */
    0x4, 0xf9, 0x3c, 0xe2, 0x0, 0x4, 0xff, 0xe2,
    0x0, 0x0, 0x1, 0x10, 0x0, 0x3, 0xff, 0xff,
    0xff, 0xf3, 0x2c, 0xcc, 0xce, 0xfe, 0x10, 0x0,
    0x3, 0xff, 0x40, 0x0, 0x2, 0xef, 0x60, 0x0,
    0x0, 0xdf, 0x90, 0x0, 0x0, 0xbf, 0xb0, 0x0,
    0x0, 0x8f, 0xd1, 0x0, 0x0, 0x5f, 0xfd, 0xcc,
    0xcc, 0x38, 0xff, 0xff, 0xff, 0xf4
};


/*---------------------
 *  GLYPH DESCRIPTION
 *--------------------*/

static const lv_font_fmt_txt_glyph_dsc_t glyph_dsc[] = {
    {.bitmap_index = 0, .adv_w = 0, .box_w = 0, .box_h = 0, .ofs_x = 0, .ofs_y = 0} /* id = 0 reserved */,
    {.bitmap_index = 0, .adv_w = 69, .box_w = 0, .box_h = 0, .ofs_x = 0, .ofs_y = 0},
    {.bitmap_index = 0, .adv_w = 78, .box_w = 3, .box_h = 12, .ofs_x = 1, .ofs_y = 0},
    {.bitmap_index = 18, .adv_w = 118, .box_w = 7, .box_h = 5, .ofs_x = 0, .ofs_y = 7},
    {.bitmap_index = 36, .adv_w = 158, .box_w = 10, .box_h = 12, .ofs_x = 0, .ofs_y = 0},
    {.bitmap_index = 96, .adv_w = 166, .box_w = 10, .box_h = 14, .ofs_x = 0, .ofs_y = -1},
    {.bitmap_index = 166, .adv_w = 254, .box_w = 16, .box_h = 12, .ofs_x = 0, .ofs_y = 0},
    {.bitmap_index = 262, .adv_w = 198, .box_w = 13, .box_h = 12, .ofs_x = 0, .ofs_y = 0},
    {.bitmap_index = 340, .adv_w = 59, .box_w = 3, .box_h = 5, .ofs_x = 0, .ofs_y = 7},
    {.bitmap_index = 348, .adv_w = 88, .box_w = 6, .box_h = 15, .ofs_x = 0, .ofs_y = -3},
    {.bitmap_index = 393, .adv_w = 88, .box_w = 5, .box_h = 15, .ofs_x = 0, .ofs_y = -3},
    {.bitmap_index = 431, .adv_w = 149, .box_w = 9, .box_h = 8, .ofs_x = 0, .ofs_y = 4},
    {.bitmap_index = 467, .adv_w = 166, .box_w = 10, .box_h = 9, .ofs_x = 0, .ofs_y = 2},
    {.bitmap_index = 512, .adv_w = 68, .box_w = 4, .box_h = 6, .ofs_x = 0, .ofs_y = -3},
    {.bitmap_index = 524, .adv_w = 92, .box_w = 6, .box_h = 2, .ofs_x = 0, .ofs_y = 3},
    {.bitmap_index = 530, .adv_w = 68, .box_w = 4, .box_h = 3, .ofs_x = 0, .ofs_y = 0},
    {.bitmap_index = 536, .adv_w = 113, .box_w = 7, .box_h = 12, .ofs_x = 0, .ofs_y = 0},
    {.bitmap_index = 578, .adv_w = 166, .box_w = 10, .box_h = 12, .ofs_x = 0, .ofs_y = 0},
    {.bitmap_index = 638, .adv_w = 166, .box_w = 9, .box_h = 12, .ofs_x = 1, .ofs_y = 0},
    {.bitmap_index = 692, .adv_w = 166, .box_w = 10, .box_h = 12, .ofs_x = 0, .ofs_y = 0},
    {.bitmap_index = 752, .adv_w = 166, .box_w = 10, .box_h = 12, .ofs_x = 0, .ofs_y = 0},
    {.bitmap_index = 812, .adv_w = 166, .box_w = 11, .box_h = 12, .ofs_x = 0, .ofs_y = 0},
    {.bitmap_index = 878, .adv_w = 166, .box_w = 10, .box_h = 12, .ofs_x = 0, .ofs_y = 0},
    {.bitmap_index = 938, .adv_w = 166, .box_w = 10, .box_h = 12, .ofs_x = 0, .ofs_y = 0},
    {.bitmap_index = 998, .adv_w = 166, .box_w = 10, .box_h = 12, .ofs_x = 0, .ofs_y = 0},
    {.bitmap_index = 1058, .adv_w = 166, .box_w = 10, .box_h = 12, .ofs_x = 0, .ofs_y = 0},
    {.bitmap_index = 1118, .adv_w = 166, .box_w = 10, .box_h = 12, .ofs_x = 0, .ofs_y = 0},
    {.bitmap_index = 1178, .adv_w = 83, .box_w = 3, .box_h = 9, .ofs_x = 1, .ofs_y = 0},
    {.bitmap_index = 1192, .adv_w = 83, .box_w = 3, .box_h = 11, .ofs_x = 1, .ofs_y = -2},
    {.bitmap_index = 1209, .adv_w = 166, .box_w = 9, .box_h = 10, .ofs_x = 1, .ofs_y = 1},
    {.bitmap_index = 1254, .adv_w = 166, .box_w = 9, .box_h = 5, .ofs_x = 1, .ofs_y = 4},
    {.bitmap_index = 1277, .adv_w = 166, .box_w = 9, .box_h = 10, .ofs_x = 1, .ofs_y = 1},
    {.bitmap_index = 1322, .adv_w = 145, .box_w = 9, .box_h = 12, .ofs_x = 0, .ofs_y = 0},
    {.bitmap_index = 1376, .adv_w = 274, .box_w = 17, .box_h = 14, .ofs_x = 0, .ofs_y = -2},
    {.bitmap_index = 1495, .adv_w = 206, .box_w = 13, .box_h = 12, .ofs_x = 0, .ofs_y = 0},
    {.bitmap_index = 1573, .adv_w = 197, .box_w = 11, .box_h = 12, .ofs_x = 1, .ofs_y = 0},
    {.bitmap_index = 1639, .adv_w = 201, .box_w = 13, .box_h = 12, .ofs_x = 0, .ofs_y = 0},
    {.bitmap_index = 1717, .adv_w = 210, .box_w = 12, .box_h = 12, .ofs_x = 1, .ofs_y = 0},
    {.bitmap_index = 1789, .adv_w = 173, .box_w = 10, .box_h = 12, .ofs_x = 1, .ofs_y = 0},
    {.bitmap_index = 1849, .adv_w = 164, .box_w = 9, .box_h = 12, .ofs_x = 1, .ofs_y = 0},
    {.bitmap_index = 1903, .adv_w = 213, .box_w = 13, .box_h = 12, .ofs_x = 0, .ofs_y = 0},
    {.bitmap_index = 1981, .adv_w = 216, .box_w = 12, .box_h = 12, .ofs_x = 1, .ofs_y = 0},
    {.bitmap_index = 2053, .adv_w = 82, .box_w = 3, .box_h = 12, .ofs_x = 1, .ofs_y = 0},
    {.bitmap_index = 2071, .adv_w = 111, .box_w = 6, .box_h = 12, .ofs_x = 0, .ofs_y = 0},
    {.bitmap_index = 2107, .adv_w = 196, .box_w = 12, .box_h = 12, .ofs_x = 1, .ofs_y = 0},
    {.bitmap_index = 2179, .adv_w = 165, .box_w = 9, .box_h = 12, .ofs_x = 1, .ofs_y = 0},
    {.bitmap_index = 2233, .adv_w = 266, .box_w = 15, .box_h = 12, .ofs_x = 1, .ofs_y = 0},
    {.bitmap_index = 2323, .adv_w = 225, .box_w = 12, .box_h = 12, .ofs_x = 1, .ofs_y = 0},
    {.bitmap_index = 2395, .adv_w = 221, .box_w = 14, .box_h = 12, .ofs_x = 0, .ofs_y = 0},
    {.bitmap_index = 2479, .adv_w = 188, .box_w = 11, .box_h = 12, .ofs_x = 1, .ofs_y = 0},
    {.bitmap_index = 2545, .adv_w = 221, .box_w = 14, .box_h = 15, .ofs_x = 0, .ofs_y = -3},
    {.bitmap_index = 2650, .adv_w = 204, .box_w = 11, .box_h = 12, .ofs_x = 1, .ofs_y = 0},
    {.bitmap_index = 2716, .adv_w = 185, .box_w = 11, .box_h = 12, .ofs_x = 0, .ofs_y = 0},
    {.bitmap_index = 2782, .adv_w = 178, .box_w = 11, .box_h = 12, .ofs_x = 0, .ofs_y = 0},
    {.bitmap_index = 2848, .adv_w = 209, .box_w = 11, .box_h = 12, .ofs_x = 1, .ofs_y = 0},
    {.bitmap_index = 2914, .adv_w = 206, .box_w = 13, .box_h = 12, .ofs_x = 0, .ofs_y = 0},
    {.bitmap_index = 2992, .adv_w = 288, .box_w = 18, .box_h = 12, .ofs_x = 0, .ofs_y = 0},
    {.bitmap_index = 3100, .adv_w = 195, .box_w = 13, .box_h = 12, .ofs_x = 0, .ofs_y = 0},
    {.bitmap_index = 3178, .adv_w = 186, .box_w = 12, .box_h = 12, .ofs_x = 0, .ofs_y = 0},
    {.bitmap_index = 3250, .adv_w = 171, .box_w = 11, .box_h = 12, .ofs_x = 0, .ofs_y = 0},
    {.bitmap_index = 3316, .adv_w = 98, .box_w = 5, .box_h = 15, .ofs_x = 1, .ofs_y = -3},
    {.bitmap_index = 3354, .adv_w = 113, .box_w = 7, .box_h = 12, .ofs_x = 0, .ofs_y = 0},
    {.bitmap_index = 3396, .adv_w = 98, .box_w = 5, .box_h = 15, .ofs_x = 0, .ofs_y = -3},
    {.bitmap_index = 3434, .adv_w = 166, .box_w = 10, .box_h = 8, .ofs_x = 0, .ofs_y = 2},
    {.bitmap_index = 3474, .adv_w = 144, .box_w = 11, .box_h = 3, .ofs_x = -1, .ofs_y = -3},
    {.bitmap_index = 3491, .adv_w = 144, .box_w = 5, .box_h = 3, .ofs_x = 2, .ofs_y = 10},
    {.bitmap_index = 3499, .adv_w = 168, .box_w = 10, .box_h = 9, .ofs_x = 0, .ofs_y = 0},
    {.bitmap_index = 3544, .adv_w = 183, .box_w = 11, .box_h = 12, .ofs_x = 0, .ofs_y = 0},
    {.bitmap_index = 3610, .adv_w = 156, .box_w = 10, .box_h = 9, .ofs_x = 0, .ofs_y = 0},
    {.bitmap_index = 3655, .adv_w = 183, .box_w = 11, .box_h = 12, .ofs_x = 0, .ofs_y = 0},
    {.bitmap_index = 3721, .adv_w = 163, .box_w = 10, .box_h = 9, .ofs_x = 0, .ofs_y = 0},
    {.bitmap_index = 3766, .adv_w = 104, .box_w = 7, .box_h = 12, .ofs_x = 0, .ofs_y = 0},
    {.bitmap_index = 3808, .adv_w = 185, .box_w = 12, .box_h = 13, .ofs_x = 0, .ofs_y = -4},
    {.bitmap_index = 3886, .adv_w = 176, .box_w = 9, .box_h = 12, .ofs_x = 1, .ofs_y = 0},
    {.bitmap_index = 3940, .adv_w = 72, .box_w = 4, .box_h = 12, .ofs_x = 0, .ofs_y = 0},
    {.bitmap_index = 3964, .adv_w = 71, .box_w = 5, .box_h = 16, .ofs_x = -1, .ofs_y = -4},
    {.bitmap_index = 4004, .adv_w = 165, .box_w = 10, .box_h = 12, .ofs_x = 1, .ofs_y = 0},
    {.bitmap_index = 4064, .adv_w = 72, .box_w = 3, .box_h = 12, .ofs_x = 1, .ofs_y = 0},
    {.bitmap_index = 4082, .adv_w = 279, .box_w = 17, .box_h = 9, .ofs_x = 0, .ofs_y = 0},
    {.bitmap_index = 4159, .adv_w = 185, .box_w = 11, .box_h = 9, .ofs_x = 0, .ofs_y = 0},
    {.bitmap_index = 4209, .adv_w = 170, .box_w = 11, .box_h = 9, .ofs_x = 0, .ofs_y = 0},
    {.bitmap_index = 4259, .adv_w = 183, .box_w = 11, .box_h = 13, .ofs_x = 0, .ofs_y = -4},
    {.bitmap_index = 4331, .adv_w = 183, .box_w = 11, .box_h = 13, .ofs_x = 0, .ofs_y = -4},
    {.bitmap_index = 4403, .adv_w = 122, .box_w = 8, .box_h = 9, .ofs_x = 0, .ofs_y = 0},
    {.bitmap_index = 4439, .adv_w = 147, .box_w = 9, .box_h = 9, .ofs_x = 0, .ofs_y = 0},
    {.bitmap_index = 4480, .adv_w = 109, .box_w = 7, .box_h = 12, .ofs_x = 0, .ofs_y = 0},
    {.bitmap_index = 4522, .adv_w = 185, .box_w = 12, .box_h = 9, .ofs_x = 0, .ofs_y = 0},
    {.bitmap_index = 4576, .adv_w = 163, .box_w = 11, .box_h = 9, .ofs_x = 0, .ofs_y = 0},
    {.bitmap_index = 4626, .adv_w = 250, .box_w = 16, .box_h = 9, .ofs_x = 0, .ofs_y = 0},
    {.bitmap_index = 4698, .adv_w = 163, .box_w = 10, .box_h = 9, .ofs_x = 0, .ofs_y = 0},
    {.bitmap_index = 4743, .adv_w = 163, .box_w = 11, .box_h = 13, .ofs_x = 0, .ofs_y = -4},
    {.bitmap_index = 4815, .adv_w = 141, .box_w = 9, .box_h = 9, .ofs_x = 0, .ofs_y = 0},
    {.bitmap_index = 4856, .adv_w = 110, .box_w = 7, .box_h = 15, .ofs_x = 0, .ofs_y = -3},
    {.bitmap_index = 4909, .adv_w = 144, .box_w = 3, .box_h = 15, .ofs_x = 3, .ofs_y = -3},
    {.bitmap_index = 4932, .adv_w = 110, .box_w = 7, .box_h = 15, .ofs_x = 0, .ofs_y = -3},
    {.bitmap_index = 4985, .adv_w = 166, .box_w = 9, .box_h = 4, .ofs_x = 1, .ofs_y = 4},
    {.bitmap_index = 5003, .adv_w = 69, .box_w = 0, .box_h = 0, .ofs_x = 0, .ofs_y = 0},
    {.bitmap_index = 5003, .adv_w = 78, .box_w = 3, .box_h = 12, .ofs_x = 1, .ofs_y = -3},
    {.bitmap_index = 5021, .adv_w = 166, .box_w = 10, .box_h = 12, .ofs_x = 0, .ofs_y = 0},
    {.bitmap_index = 5081, .adv_w = 166, .box_w = 10, .box_h = 12, .ofs_x = 0, .ofs_y = 0},
    {.bitmap_index = 5141, .adv_w = 163, .box_w = 9, .box_h = 8, .ofs_x = 1, .ofs_y = 2},
    {.bitmap_index = 5177, .adv_w = 166, .box_w = 11, .box_h = 12, .ofs_x = 0, .ofs_y = 0},
    {.bitmap_index = 5243, .adv_w = 144, .box_w = 3, .box_h = 15, .ofs_x = 3, .ofs_y = -3},
    {.bitmap_index = 5266, .adv_w = 166, .box_w = 10, .box_h = 15, .ofs_x = 0, .ofs_y = -3},
    {.bitmap_index = 5341, .adv_w = 144, .box_w = 7, .box_h = 3, .ofs_x = 1, .ofs_y = 10},
    {.bitmap_index = 5352, .adv_w = 259, .box_w = 16, .box_h = 14, .ofs_x = 0, .ofs_y = -2},
    {.bitmap_index = 5464, .adv_w = 101, .box_w = 6, .box_h = 6, .ofs_x = 0, .ofs_y = 5},
    {.bitmap_index = 5482, .adv_w = 171, .box_w = 11, .box_h = 8, .ofs_x = 0, .ofs_y = 1},
    {.bitmap_index = 5526, .adv_w = 166, .box_w = 8, .box_h = 5, .ofs_x = 1, .ofs_y = 2},
    {.bitmap_index = 5546, .adv_w = 259, .box_w = 16, .box_h = 14, .ofs_x = 0, .ofs_y = -2},
    {.bitmap_index = 5658, .adv_w = 144, .box_w = 7, .box_h = 2, .ofs_x = 1, .ofs_y = 10},
    {.bitmap_index = 5665, .adv_w = 115, .box_w = 7, .box_h = 7, .ofs_x = 0, .ofs_y = 6},
    {.bitmap_index = 5690, .adv_w = 166, .box_w = 10, .box_h = 10, .ofs_x = 0, .ofs_y = 1},
    {.bitmap_index = 5740, .adv_w = 115, .box_w = 6, .box_h = 6, .ofs_x = 1, .ofs_y = 9},
    {.bitmap_index = 5758, .adv_w = 115, .box_w = 7, .box_h = 6, .ofs_x = 0, .ofs_y = 9},
    {.bitmap_index = 5779, .adv_w = 144, .box_w = 5, .box_h = 3, .ofs_x = 2, .ofs_y = 10},
    {.bitmap_index = 5787, .adv_w = 158, .box_w = 9, .box_h = 15, .ofs_x = 0, .ofs_y = -3},
    {.bitmap_index = 5855, .adv_w = 68, .box_w = 4, .box_h = 3, .ofs_x = 0, .ofs_y = 3},
    {.bitmap_index = 5861, .adv_w = 144, .box_w = 5, .box_h = 6, .ofs_x = 2, .ofs_y = -5},
    {.bitmap_index = 5876, .adv_w = 115, .box_w = 4, .box_h = 6, .ofs_x = 1, .ofs_y = 9},
    {.bitmap_index = 5888, .adv_w = 104, .box_w = 7, .box_h = 7, .ofs_x = 0, .ofs_y = 5},
    {.bitmap_index = 5913, .adv_w = 171, .box_w = 11, .box_h = 8, .ofs_x = 0, .ofs_y = 1},
    {.bitmap_index = 5957, .adv_w = 279, .box_w = 15, .box_h = 12, .ofs_x = 1, .ofs_y = 0},
    {.bitmap_index = 6047, .adv_w = 274, .box_w = 14, .box_h = 13, .ofs_x = 1, .ofs_y = -1},
    {.bitmap_index = 6138, .adv_w = 257, .box_w = 16, .box_h = 12, .ofs_x = 0, .ofs_y = 0},
    {.bitmap_index = 6234, .adv_w = 145, .box_w = 9, .box_h = 13, .ofs_x = 0, .ofs_y = -4},
    {.bitmap_index = 6293, .adv_w = 206, .box_w = 13, .box_h = 16, .ofs_x = 0, .ofs_y = 0},
    {.bitmap_index = 6397, .adv_w = 206, .box_w = 13, .box_h = 16, .ofs_x = 0, .ofs_y = 0},
    {.bitmap_index = 6501, .adv_w = 206, .box_w = 13, .box_h = 16, .ofs_x = 0, .ofs_y = 0},
    {.bitmap_index = 6605, .adv_w = 206, .box_w = 13, .box_h = 16, .ofs_x = 0, .ofs_y = 0},
    {.bitmap_index = 6709, .adv_w = 206, .box_w = 13, .box_h = 16, .ofs_x = 0, .ofs_y = 0},
    {.bitmap_index = 6813, .adv_w = 206, .box_w = 13, .box_h = 18, .ofs_x = 0, .ofs_y = 0},
    {.bitmap_index = 6930, .adv_w = 287, .box_w = 19, .box_h = 12, .ofs_x = 0, .ofs_y = 0},
    {.bitmap_index = 7044, .adv_w = 201, .box_w = 13, .box_h = 16, .ofs_x = 0, .ofs_y = -4},
    {.bitmap_index = 7148, .adv_w = 173, .box_w = 10, .box_h = 16, .ofs_x = 1, .ofs_y = 0},
    {.bitmap_index = 7228, .adv_w = 173, .box_w = 10, .box_h = 16, .ofs_x = 1, .ofs_y = 0},
    {.bitmap_index = 7308, .adv_w = 173, .box_w = 10, .box_h = 16, .ofs_x = 1, .ofs_y = 0},
    {.bitmap_index = 7388, .adv_w = 173, .box_w = 10, .box_h = 16, .ofs_x = 1, .ofs_y = 0},
    {.bitmap_index = 7468, .adv_w = 82, .box_w = 5, .box_h = 16, .ofs_x = -1, .ofs_y = 0},
    {.bitmap_index = 7508, .adv_w = 82, .box_w = 5, .box_h = 16, .ofs_x = 1, .ofs_y = 0},
    {.bitmap_index = 7548, .adv_w = 82, .box_w = 7, .box_h = 16, .ofs_x = -1, .ofs_y = 0},
    {.bitmap_index = 7604, .adv_w = 82, .box_w = 7, .box_h = 16, .ofs_x = -1, .ofs_y = 0},
    {.bitmap_index = 7660, .adv_w = 215, .box_w = 13, .box_h = 12, .ofs_x = 0, .ofs_y = 0},
    {.bitmap_index = 7738, .adv_w = 225, .box_w = 12, .box_h = 16, .ofs_x = 1, .ofs_y = 0},
    {.bitmap_index = 7834, .adv_w = 221, .box_w = 14, .box_h = 16, .ofs_x = 0, .ofs_y = 0},
    {.bitmap_index = 7946, .adv_w = 221, .box_w = 14, .box_h = 16, .ofs_x = 0, .ofs_y = 0},
    {.bitmap_index = 8058, .adv_w = 221, .box_w = 14, .box_h = 16, .ofs_x = 0, .ofs_y = 0},
    {.bitmap_index = 8170, .adv_w = 221, .box_w = 14, .box_h = 16, .ofs_x = 0, .ofs_y = 0},
    {.bitmap_index = 8282, .adv_w = 221, .box_w = 14, .box_h = 16, .ofs_x = 0, .ofs_y = 0},
    {.bitmap_index = 8394, .adv_w = 166, .box_w = 9, .box_h = 8, .ofs_x = 1, .ofs_y = 2},
    {.bitmap_index = 8430, .adv_w = 221, .box_w = 14, .box_h = 14, .ofs_x = 0, .ofs_y = -1},
    {.bitmap_index = 8528, .adv_w = 209, .box_w = 11, .box_h = 16, .ofs_x = 1, .ofs_y = 0},
    {.bitmap_index = 8616, .adv_w = 209, .box_w = 11, .box_h = 16, .ofs_x = 1, .ofs_y = 0},
    {.bitmap_index = 8704, .adv_w = 209, .box_w = 11, .box_h = 16, .ofs_x = 1, .ofs_y = 0},
    {.bitmap_index = 8792, .adv_w = 209, .box_w = 11, .box_h = 16, .ofs_x = 1, .ofs_y = 0},
    {.bitmap_index = 8880, .adv_w = 186, .box_w = 12, .box_h = 16, .ofs_x = 0, .ofs_y = 0},
    {.bitmap_index = 8976, .adv_w = 188, .box_w = 11, .box_h = 12, .ofs_x = 1, .ofs_y = 0},
    {.bitmap_index = 9042, .adv_w = 174, .box_w = 10, .box_h = 12, .ofs_x = 1, .ofs_y = 0},
    {.bitmap_index = 9102, .adv_w = 168, .box_w = 10, .box_h = 12, .ofs_x = 0, .ofs_y = 0},
    {.bitmap_index = 9162, .adv_w = 168, .box_w = 10, .box_h = 12, .ofs_x = 0, .ofs_y = 0},
    {.bitmap_index = 9222, .adv_w = 168, .box_w = 10, .box_h = 12, .ofs_x = 0, .ofs_y = 0},
    {.bitmap_index = 9282, .adv_w = 168, .box_w = 10, .box_h = 12, .ofs_x = 0, .ofs_y = 0},
    {.bitmap_index = 9342, .adv_w = 168, .box_w = 10, .box_h = 12, .ofs_x = 0, .ofs_y = 0},
    {.bitmap_index = 9402, .adv_w = 168, .box_w = 10, .box_h = 14, .ofs_x = 0, .ofs_y = 0},
    {.bitmap_index = 9472, .adv_w = 260, .box_w = 16, .box_h = 9, .ofs_x = 0, .ofs_y = 0},
    {.bitmap_index = 9544, .adv_w = 156, .box_w = 10, .box_h = 13, .ofs_x = 0, .ofs_y = -4},
    {.bitmap_index = 9609, .adv_w = 163, .box_w = 10, .box_h = 12, .ofs_x = 0, .ofs_y = 0},
    {.bitmap_index = 9669, .adv_w = 163, .box_w = 10, .box_h = 12, .ofs_x = 0, .ofs_y = 0},
    {.bitmap_index = 9729, .adv_w = 163, .box_w = 10, .box_h = 12, .ofs_x = 0, .ofs_y = 0},
    {.bitmap_index = 9789, .adv_w = 163, .box_w = 10, .box_h = 12, .ofs_x = 0, .ofs_y = 0},
    {.bitmap_index = 9849, .adv_w = 72, .box_w = 5, .box_h = 12, .ofs_x = -1, .ofs_y = 0},
    {.bitmap_index = 9879, .adv_w = 72, .box_w = 5, .box_h = 12, .ofs_x = 0, .ofs_y = 0},
    {.bitmap_index = 9909, .adv_w = 72, .box_w = 7, .box_h = 12, .ofs_x = -1, .ofs_y = 0},
    {.bitmap_index = 9951, .adv_w = 72, .box_w = 6, .box_h = 12, .ofs_x = -1, .ofs_y = 0},
    {.bitmap_index = 9987, .adv_w = 171, .box_w = 11, .box_h = 13, .ofs_x = 0, .ofs_y = 0},
    {.bitmap_index = 10059, .adv_w = 185, .box_w = 11, .box_h = 12, .ofs_x = 0, .ofs_y = 0},
    {.bitmap_index = 10125, .adv_w = 170, .box_w = 11, .box_h = 12, .ofs_x = 0, .ofs_y = 0},
    {.bitmap_index = 10191, .adv_w = 170, .box_w = 11, .box_h = 12, .ofs_x = 0, .ofs_y = 0},
    {.bitmap_index = 10257, .adv_w = 170, .box_w = 11, .box_h = 12, .ofs_x = 0, .ofs_y = 0},
    {.bitmap_index = 10323, .adv_w = 170, .box_w = 11, .box_h = 12, .ofs_x = 0, .ofs_y = 0},
    {.bitmap_index = 10389, .adv_w = 170, .box_w = 11, .box_h = 12, .ofs_x = 0, .ofs_y = 0},
    {.bitmap_index = 10455, .adv_w = 166, .box_w = 9, .box_h = 9, .ofs_x = 1, .ofs_y = 2},
    {.bitmap_index = 10496, .adv_w = 170, .box_w = 11, .box_h = 11, .ofs_x = 0, .ofs_y = -1},
    {.bitmap_index = 10557, .adv_w = 185, .box_w = 12, .box_h = 12, .ofs_x = 0, .ofs_y = 0},
    {.bitmap_index = 10629, .adv_w = 185, .box_w = 12, .box_h = 12, .ofs_x = 0, .ofs_y = 0},
    {.bitmap_index = 10701, .adv_w = 185, .box_w = 12, .box_h = 12, .ofs_x = 0, .ofs_y = 0},
    {.bitmap_index = 10773, .adv_w = 185, .box_w = 12, .box_h = 12, .ofs_x = 0, .ofs_y = 0},
    {.bitmap_index = 10845, .adv_w = 163, .box_w = 11, .box_h = 16, .ofs_x = 0, .ofs_y = -4},
    {.bitmap_index = 10933, .adv_w = 174, .box_w = 10, .box_h = 16, .ofs_x = 1, .ofs_y = -4},
    {.bitmap_index = 11013, .adv_w = 163, .box_w = 11, .box_h = 16, .ofs_x = 0, .ofs_y = -4},
    {.bitmap_index = 11101, .adv_w = 206, .box_w = 13, .box_h = 15, .ofs_x = 0, .ofs_y = 0},
    {.bitmap_index = 11199, .adv_w = 168, .box_w = 10, .box_h = 12, .ofs_x = 0, .ofs_y = 0},
    {.bitmap_index = 11259, .adv_w = 206, .box_w = 13, .box_h = 16, .ofs_x = 0, .ofs_y = 0},
    {.bitmap_index = 11363, .adv_w = 168, .box_w = 10, .box_h = 12, .ofs_x = 0, .ofs_y = 0},
    {.bitmap_index = 11423, .adv_w = 206, .box_w = 14, .box_h = 16, .ofs_x = 0, .ofs_y = -4},
    {.bitmap_index = 11535, .adv_w = 168, .box_w = 11, .box_h = 13, .ofs_x = 0, .ofs_y = -4},
    {.bitmap_index = 11607, .adv_w = 201, .box_w = 13, .box_h = 16, .ofs_x = 0, .ofs_y = 0},
    {.bitmap_index = 11711, .adv_w = 156, .box_w = 10, .box_h = 12, .ofs_x = 0, .ofs_y = 0},
    {.bitmap_index = 11771, .adv_w = 201, .box_w = 13, .box_h = 16, .ofs_x = 0, .ofs_y = 0},
    {.bitmap_index = 11875, .adv_w = 156, .box_w = 10, .box_h = 12, .ofs_x = 0, .ofs_y = 0},
    {.bitmap_index = 11935, .adv_w = 201, .box_w = 13, .box_h = 16, .ofs_x = 0, .ofs_y = 0},
    {.bitmap_index = 12039, .adv_w = 156, .box_w = 10, .box_h = 12, .ofs_x = 0, .ofs_y = 0},
    {.bitmap_index = 12099, .adv_w = 210, .box_w = 12, .box_h = 16, .ofs_x = 1, .ofs_y = 0},
    {.bitmap_index = 12195, .adv_w = 210, .box_w = 14, .box_h = 12, .ofs_x = 0, .ofs_y = 0},
    {.bitmap_index = 12279, .adv_w = 215, .box_w = 13, .box_h = 12, .ofs_x = 0, .ofs_y = 0},
    {.bitmap_index = 12357, .adv_w = 174, .box_w = 11, .box_h = 12, .ofs_x = 0, .ofs_y = 0},
    {.bitmap_index = 12423, .adv_w = 173, .box_w = 10, .box_h = 15, .ofs_x = 1, .ofs_y = 0},
    {.bitmap_index = 12498, .adv_w = 163, .box_w = 10, .box_h = 12, .ofs_x = 0, .ofs_y = 0},
    {.bitmap_index = 12558, .adv_w = 173, .box_w = 10, .box_h = 16, .ofs_x = 1, .ofs_y = 0},
    {.bitmap_index = 12638, .adv_w = 163, .box_w = 10, .box_h = 12, .ofs_x = 0, .ofs_y = 0},
    {.bitmap_index = 12698, .adv_w = 173, .box_w = 10, .box_h = 16, .ofs_x = 1, .ofs_y = -4},
    {.bitmap_index = 12778, .adv_w = 163, .box_w = 10, .box_h = 13, .ofs_x = 0, .ofs_y = -4},
    {.bitmap_index = 12843, .adv_w = 173, .box_w = 10, .box_h = 16, .ofs_x = 1, .ofs_y = 0},
    {.bitmap_index = 12923, .adv_w = 163, .box_w = 10, .box_h = 12, .ofs_x = 0, .ofs_y = 0},
    {.bitmap_index = 12983, .adv_w = 213, .box_w = 13, .box_h = 16, .ofs_x = 0, .ofs_y = 0},
    {.bitmap_index = 13087, .adv_w = 185, .box_w = 12, .box_h = 16, .ofs_x = 0, .ofs_y = -4},
    {.bitmap_index = 13183, .adv_w = 213, .box_w = 13, .box_h = 16, .ofs_x = 0, .ofs_y = 0},
    {.bitmap_index = 13287, .adv_w = 185, .box_w = 12, .box_h = 16, .ofs_x = 0, .ofs_y = -4},
    {.bitmap_index = 13383, .adv_w = 213, .box_w = 13, .box_h = 18, .ofs_x = 0, .ofs_y = -6},
    {.bitmap_index = 13500, .adv_w = 185, .box_w = 12, .box_h = 18, .ofs_x = 0, .ofs_y = -4},
    {.bitmap_index = 13608, .adv_w = 232, .box_w = 15, .box_h = 12, .ofs_x = 0, .ofs_y = 0},
    {.bitmap_index = 13698, .adv_w = 176, .box_w = 10, .box_h = 12, .ofs_x = 0, .ofs_y = 0},
    {.bitmap_index = 13758, .adv_w = 82, .box_w = 7, .box_h = 15, .ofs_x = -1, .ofs_y = 0},
    {.bitmap_index = 13811, .adv_w = 72, .box_w = 5, .box_h = 12, .ofs_x = 0, .ofs_y = 0},
    {.bitmap_index = 13841, .adv_w = 82, .box_w = 5, .box_h = 16, .ofs_x = 0, .ofs_y = -4},
    {.bitmap_index = 13881, .adv_w = 72, .box_w = 4, .box_h = 16, .ofs_x = 0, .ofs_y = -4},
    {.bitmap_index = 13913, .adv_w = 82, .box_w = 3, .box_h = 16, .ofs_x = 1, .ofs_y = 0},
    {.bitmap_index = 13937, .adv_w = 72, .box_w = 3, .box_h = 9, .ofs_x = 1, .ofs_y = 0},
    {.bitmap_index = 13951, .adv_w = 192, .box_w = 10, .box_h = 12, .ofs_x = 1, .ofs_y = 0},
    {.bitmap_index = 14011, .adv_w = 142, .box_w = 9, .box_h = 16, .ofs_x = 0, .ofs_y = -4},
    {.bitmap_index = 14083, .adv_w = 196, .box_w = 12, .box_h = 18, .ofs_x = 1, .ofs_y = -6},
    {.bitmap_index = 14191, .adv_w = 165, .box_w = 10, .box_h = 18, .ofs_x = 1, .ofs_y = -6},
    {.bitmap_index = 14281, .adv_w = 165, .box_w = 9, .box_h = 16, .ofs_x = 1, .ofs_y = 0},
    {.bitmap_index = 14353, .adv_w = 72, .box_w = 5, .box_h = 16, .ofs_x = 0, .ofs_y = 0},
    {.bitmap_index = 14393, .adv_w = 165, .box_w = 9, .box_h = 18, .ofs_x = 1, .ofs_y = -6},
    {.bitmap_index = 14474, .adv_w = 72, .box_w = 4, .box_h = 18, .ofs_x = 0, .ofs_y = -6},
    {.bitmap_index = 14510, .adv_w = 165, .box_w = 9, .box_h = 12, .ofs_x = 1, .ofs_y = 0},
    {.bitmap_index = 14564, .adv_w = 106, .box_w = 7, .box_h = 12, .ofs_x = 1, .ofs_y = 0},
    {.bitmap_index = 14606, .adv_w = 172, .box_w = 11, .box_h = 12, .ofs_x = 0, .ofs_y = 0},
    {.bitmap_index = 14672, .adv_w = 86, .box_w = 6, .box_h = 12, .ofs_x = 0, .ofs_y = 0},
    {.bitmap_index = 14708, .adv_w = 225, .box_w = 12, .box_h = 16, .ofs_x = 1, .ofs_y = 0},
    {.bitmap_index = 14804, .adv_w = 185, .box_w = 11, .box_h = 12, .ofs_x = 0, .ofs_y = 0},
    {.bitmap_index = 14870, .adv_w = 225, .box_w = 12, .box_h = 18, .ofs_x = 1, .ofs_y = -6},
    {.bitmap_index = 14978, .adv_w = 185, .box_w = 11, .box_h = 15, .ofs_x = 0, .ofs_y = -6},
    {.bitmap_index = 15061, .adv_w = 225, .box_w = 12, .box_h = 16, .ofs_x = 1, .ofs_y = 0},
    {.bitmap_index = 15157, .adv_w = 185, .box_w = 11, .box_h = 12, .ofs_x = 0, .ofs_y = 0},
    {.bitmap_index = 15223, .adv_w = 225, .box_w = 12, .box_h = 15, .ofs_x = 1, .ofs_y = -3},
    {.bitmap_index = 15313, .adv_w = 182, .box_w = 11, .box_h = 13, .ofs_x = 0, .ofs_y = -4},
    {.bitmap_index = 15385, .adv_w = 221, .box_w = 14, .box_h = 15, .ofs_x = 0, .ofs_y = 0},
    {.bitmap_index = 15490, .adv_w = 170, .box_w = 11, .box_h = 12, .ofs_x = 0, .ofs_y = 0},
    {.bitmap_index = 15556, .adv_w = 221, .box_w = 14, .box_h = 16, .ofs_x = 0, .ofs_y = 0},
    {.bitmap_index = 15668, .adv_w = 170, .box_w = 11, .box_h = 12, .ofs_x = 0, .ofs_y = 0},
    {.bitmap_index = 15734, .adv_w = 315, .box_w = 19, .box_h = 12, .ofs_x = 0, .ofs_y = 0},
    {.bitmap_index = 15848, .adv_w = 277, .box_w = 17, .box_h = 9, .ofs_x = 0, .ofs_y = 0},
    {.bitmap_index = 15925, .adv_w = 204, .box_w = 11, .box_h = 16, .ofs_x = 1, .ofs_y = 0},
    {.bitmap_index = 16013, .adv_w = 122, .box_w = 8, .box_h = 12, .ofs_x = 0, .ofs_y = 0},
    {.bitmap_index = 16061, .adv_w = 204, .box_w = 11, .box_h = 12, .ofs_x = 1, .ofs_y = 0},
    {.bitmap_index = 16127, .adv_w = 122, .box_w = 8, .box_h = 15, .ofs_x = 0, .ofs_y = -6},
    {.bitmap_index = 16187, .adv_w = 204, .box_w = 11, .box_h = 16, .ofs_x = 1, .ofs_y = 0},
    {.bitmap_index = 16275, .adv_w = 122, .box_w = 8, .box_h = 12, .ofs_x = 0, .ofs_y = 0},
    {.bitmap_index = 16323, .adv_w = 185, .box_w = 11, .box_h = 16, .ofs_x = 0, .ofs_y = 0},
    {.bitmap_index = 16411, .adv_w = 147, .box_w = 9, .box_h = 12, .ofs_x = 0, .ofs_y = 0},
    {.bitmap_index = 16465, .adv_w = 185, .box_w = 11, .box_h = 16, .ofs_x = 0, .ofs_y = -4},
    {.bitmap_index = 16553, .adv_w = 147, .box_w = 9, .box_h = 13, .ofs_x = 0, .ofs_y = -4},
    {.bitmap_index = 16612, .adv_w = 185, .box_w = 11, .box_h = 16, .ofs_x = 0, .ofs_y = 0},
    {.bitmap_index = 16700, .adv_w = 147, .box_w = 9, .box_h = 12, .ofs_x = 0, .ofs_y = 0},
    {.bitmap_index = 16754, .adv_w = 178, .box_w = 11, .box_h = 16, .ofs_x = 0, .ofs_y = 0},
    {.bitmap_index = 16842, .adv_w = 109, .box_w = 8, .box_h = 15, .ofs_x = 0, .ofs_y = 0},
    {.bitmap_index = 16902, .adv_w = 209, .box_w = 11, .box_h = 15, .ofs_x = 1, .ofs_y = 0},
    {.bitmap_index = 16985, .adv_w = 185, .box_w = 12, .box_h = 12, .ofs_x = 0, .ofs_y = 0},
    {.bitmap_index = 17057, .adv_w = 209, .box_w = 11, .box_h = 16, .ofs_x = 1, .ofs_y = 0},
    {.bitmap_index = 17145, .adv_w = 185, .box_w = 12, .box_h = 12, .ofs_x = 0, .ofs_y = 0},
    {.bitmap_index = 17217, .adv_w = 209, .box_w = 11, .box_h = 18, .ofs_x = 1, .ofs_y = 0},
    {.bitmap_index = 17316, .adv_w = 185, .box_w = 12, .box_h = 14, .ofs_x = 0, .ofs_y = 0},
    {.bitmap_index = 17400, .adv_w = 209, .box_w = 11, .box_h = 16, .ofs_x = 1, .ofs_y = 0},
    {.bitmap_index = 17488, .adv_w = 185, .box_w = 12, .box_h = 12, .ofs_x = 0, .ofs_y = 0},
    {.bitmap_index = 17560, .adv_w = 209, .box_w = 11, .box_h = 16, .ofs_x = 1, .ofs_y = -4},
    {.bitmap_index = 17648, .adv_w = 185, .box_w = 12, .box_h = 13, .ofs_x = 0, .ofs_y = -4},
    {.bitmap_index = 17726, .adv_w = 288, .box_w = 18, .box_h = 16, .ofs_x = 0, .ofs_y = 0},
    {.bitmap_index = 17870, .adv_w = 250, .box_w = 16, .box_h = 12, .ofs_x = 0, .ofs_y = 0},
    {.bitmap_index = 17966, .adv_w = 186, .box_w = 12, .box_h = 16, .ofs_x = 0, .ofs_y = 0},
    {.bitmap_index = 18062, .adv_w = 163, .box_w = 11, .box_h = 16, .ofs_x = 0, .ofs_y = -4},
    {.bitmap_index = 18150, .adv_w = 186, .box_w = 12, .box_h = 16, .ofs_x = 0, .ofs_y = 0},
    {.bitmap_index = 18246, .adv_w = 171, .box_w = 11, .box_h = 16, .ofs_x = 0, .ofs_y = 0},
    {.bitmap_index = 18334, .adv_w = 141, .box_w = 9, .box_h = 12, .ofs_x = 0, .ofs_y = 0},
    {.bitmap_index = 18388, .adv_w = 171, .box_w = 11, .box_h = 16, .ofs_x = 0, .ofs_y = 0},
    {.bitmap_index = 18476, .adv_w = 141, .box_w = 9, .box_h = 12, .ofs_x = 0, .ofs_y = 0},
    {.bitmap_index = 18530, .adv_w = 171, .box_w = 11, .box_h = 16, .ofs_x = 0, .ofs_y = 0},
    {.bitmap_index = 18618, .adv_w = 141, .box_w = 9, .box_h = 12, .ofs_x = 0, .ofs_y = 0}
};

/*---------------------
 *  CHARACTER MAPPING
 *--------------------*/

static const uint8_t glyph_id_ofs_list_4[] = {
    0, 1, 2, 3, 4, 5, 6, 7,
    8, 9, 0, 0, 10, 11, 12, 13,
    14, 15, 0, 0, 16, 17, 18, 19,
    20, 21, 0, 0, 22, 23, 0, 0,
    24, 25, 0, 0, 26, 27, 28, 29,
    30, 31, 0, 0, 32, 33, 0, 34,
    35, 36, 37, 38, 39, 0, 0, 40,
    41, 42, 43, 44, 45, 46, 47, 0,
    48, 49, 50, 51, 0, 0, 52, 53,
    54, 55, 56, 57, 58, 59, 60, 61,
    62, 63, 0, 0, 64, 65, 66, 67,
    0, 0, 68, 69
};

/*Collect the unicode lists and glyph_id offsets*/
static const lv_font_fmt_txt_cmap_t cmaps[] =
{
    {
        .range_start = 32, .range_length = 95, .glyph_id_start = 1,
        .unicode_list = NULL, .glyph_id_ofs_list = NULL, .list_length = 0, .type = LV_FONT_FMT_TXT_CMAP_FORMAT0_TINY
    },
    {
        .range_start = 160, .range_length = 13, .glyph_id_start = 96,
        .unicode_list = NULL, .glyph_id_ofs_list = NULL, .list_length = 0, .type = LV_FONT_FMT_TXT_CMAP_FORMAT0_TINY
    },
    {
        .range_start = 174, .range_length = 7, .glyph_id_start = 109,
        .unicode_list = NULL, .glyph_id_ofs_list = NULL, .list_length = 0, .type = LV_FONT_FMT_TXT_CMAP_FORMAT0_TINY
    },
    {
        .range_start = 182, .range_length = 82, .glyph_id_start = 116,
        .unicode_list = NULL, .glyph_id_ofs_list = NULL, .list_length = 0, .type = LV_FONT_FMT_TXT_CMAP_FORMAT0_TINY
    },
    {
        .range_start = 266, .range_length = 92, .glyph_id_start = 198,
        .unicode_list = NULL, .glyph_id_ofs_list = glyph_id_ofs_list_4, .list_length = 92, .type = LV_FONT_FMT_TXT_CMAP_FORMAT0_FULL
    },
    {
        .range_start = 362, .range_length = 21, .glyph_id_start = 268,
        .unicode_list = NULL, .glyph_id_ofs_list = NULL, .list_length = 0, .type = LV_FONT_FMT_TXT_CMAP_FORMAT0_TINY
    }
};

/*-----------------
 *    KERNING
 *----------------*/


/*Map glyph_ids to kern left classes*/
static const uint8_t kern_left_class_mapping[] =
{
    0, 0, 1, 2, 0, 0, 0, 0,
    2, 3, 0, 0, 0, 4, 5, 4,
    0, 0, 0, 0, 0, 0, 0, 0,
    0, 0, 0, 0, 0, 0, 0, 0,
    0, 0, 6, 7, 8, 9, 10, 11,
    12, 13, 13, 13, 14, 15, 13, 13,
    9, 16, 9, 17, 18, 19, 20, 21,
    21, 14, 22, 23, 3, 0, 0, 0,
    0, 0, 24, 25, 26, 13, 27, 28,
    29, 30, 13, 13, 31, 13, 30, 30,
    25, 25, 29, 32, 33, 34, 35, 36,
    36, 31, 36, 37, 3, 0, 0, 0,
    0, 0, 0, 0, 0, 0, 0, 0,
    0, 0, 0, 38, 0, 0, 0, 0,
    0, 0, 0, 0, 0, 0, 0, 0,
    0, 39, 0, 0, 0, 0, 6, 6,
    6, 6, 6, 6, 6, 8, 10, 10,
    10, 10, 13, 13, 13, 13, 9, 13,
    9, 9, 9, 9, 9, 0, 9, 20,
    20, 20, 20, 22, 9, 25, 24, 24,
    24, 24, 24, 24, 27, 40, 27, 27,
    27, 27, 13, 13, 13, 13, 25, 30,
    25, 25, 25, 25, 41, 0, 25, 35,
    35, 35, 35, 36, 25, 36, 6, 24,
    6, 24, 6, 24, 8, 40, 8, 40,
    8, 40, 9, 42, 9, 13, 10, 27,
    10, 27, 10, 27, 10, 27, 12, 29,
    12, 29, 12, 29, 13, 30, 13, 13,
    13, 0, 13, 35, 13, 13, 14, 31,
    15, 13, 15, 13, 15, 42, 15, 13,
    13, 30, 13, 30, 13, 30, 13, 30,
    9, 25, 9, 25, 10, 27, 17, 32,
    17, 32, 17, 32, 18, 33, 18, 33,
    18, 33, 19, 43, 20, 35, 20, 35,
    20, 35, 20, 35, 20, 35, 21, 36,
    22, 36, 22, 23, 37, 23, 37, 23,
    37
};

/*Map glyph_ids to kern right classes*/
static const uint8_t kern_right_class_mapping[] =
{
    0, 0, 1, 2, 0, 0, 0, 0,
    2, 0, 3, 4, 0, 5, 6, 5,
    0, 0, 0, 0, 0, 0, 0, 0,
    0, 0, 0, 7, 7, 0, 0, 0,
    4, 0, 8, 9, 10, 9, 9, 9,
    10, 9, 9, 9, 9, 9, 9, 9,
    10, 9, 10, 9, 11, 12, 13, 14,
    14, 15, 16, 17, 0, 0, 3, 0,
    0, 0, 18, 19, 20, 20, 20, 21,
    22, 19, 19, 0, 19, 19, 23, 23,
    20, 23, 20, 23, 24, 25, 26, 27,
    27, 28, 27, 29, 0, 0, 3, 0,
    0, 0, 0, 0, 0, 0, 0, 0,
    0, 0, 0, 30, 0, 0, 0, 0,
    0, 0, 0, 0, 0, 31, 0, 0,
    0, 32, 0, 0, 0, 0, 8, 8,
    8, 8, 8, 8, 8, 10, 9, 9,
    9, 9, 9, 9, 9, 9, 9, 9,
    10, 10, 10, 10, 10, 0, 10, 13,
    13, 13, 13, 16, 9, 19, 18, 18,
    18, 18, 18, 18, 18, 20, 20, 20,
    20, 20, 19, 19, 19, 19, 20, 23,
    20, 20, 20, 20, 33, 0, 20, 26,
    26, 26, 26, 27, 19, 27, 8, 18,
    8, 18, 8, 18, 10, 20, 10, 20,
    10, 34, 9, 20, 9, 20, 9, 20,
    9, 20, 9, 20, 9, 20, 10, 22,
    10, 22, 10, 22, 9, 19, 9, 19,
    9, 0, 9, 23, 9, 19, 9, 19,
    9, 19, 9, 19, 9, 19, 9, 19,
    9, 23, 9, 23, 9, 23, 9, 23,
    10, 20, 10, 20, 10, 20, 9, 23,
    9, 23, 9, 23, 11, 24, 11, 24,
    11, 35, 12, 25, 13, 26, 13, 26,
    13, 26, 13, 26, 13, 26, 14, 27,
    16, 27, 16, 17, 29, 17, 29, 17,
    29
};

/*Kern values between classes*/
static const int8_t kern_class_values[] =
{
    14, 0, 0, 0, 7, 0, 0, 0,
    0, 0, 0, 0, 0, 0, 0, 0,
    0, 0, 0, 0, 0, 0, 0, 0,
    0, 0, 0, 0, 0, 0, 0, 0,
    0, 0, 0, 0, 0, 0, 0, 0,
    0, 0, -29, 0, -5, -5, 5, 0,
    0, -5, 0, 0, -7, 0, -12, 2,
    -12, 0, -12, 5, 0, 0, -5, 0,
    0, 0, 0, -12, -12, -12, 0, 0,
    0, 0, 0, 0, 0, 0, 6, 0,
    0, 0, 0, 0, 0, 0, 0, 0,
    0, 0, 0, 0, 0, 0, 0, 0,
    0, 0, 0, 0, 0, 0, 0, 0,
    0, 0, 0, 0, 0, 0, 0, 0,
    5, 4, -10, -5, -29, -7, -24, 0,
    -36, 5, 0, 0, -5, 0, -5, 0,
    0, -7, -5, -19, 0, 5, 0, 0,
    0, -5, -5, 0, 0, 0, 0, 0,
    0, 0, 0, -7, 0, 0, 0, -36,
    0, -22, -17, -29, 0, 0, 0, 0,
    -5, 0, 0, 0, 0, 0, -10, -17,
    -7, 0, 0, 0, 0, 0, 0, 0,
    -29, 0, 0, 5, -7, 0, 0, 0,
    -10, -2, -34, -5, -29, 0, -29, 0,
    0, 0, -2, 0, 0, 0, 0, 0,
    0, -12, 0, 0, 0, 0, 0, -2,
    -2, 0, 0, -7, 0, 0, 0, 0,
    0, -5, 0, -5, 0, -7, 0, -7,
    -10, -14, 0, 0, 0, 0, 0, 0,
    0, 0, 0, 0, 0, 0, 0, 0,
    0, 0, 0, 0, 0, 0, 7, 0,
    0, -5, 0, 0, -5, 0, 0, 0,
    -7, 0, -5, -10, -10, -5, 0, 0,
    0, 0, 0, 0, 0, 0, 0, 0,
    0, 0, 0, 0, 0, 0, 0, 0,
    0, -7, 0, 0, -10, 0, 0, -10,
    0, 0, 0, -14, 0, -12, -19, -12,
    -10, 0, 0, 0, 0, 0, 0, 0,
    0, 0, 0, -7, 0, 0, 0, 0,
    0, 0, 0, 0, 0, 0, 0, 0,
    -7, 0, 0, 0, -5, 0, 0, 0,
    0, 0, 0, 0, 0, 0, 0, 0,
    0, 0, 0, 0, 0, 0, 0, 0,
    0, 0, 0, 0, 0, 0, 0, 0,
    0, 0, -24, -5, 0, -22, 0, -2,
    0, 0, 0, 0, 0, 0, 0, 0,
    0, 0, 0, 0, 0, -5, 0, 0,
    0, -5, 0, 0, 0, 0, 0, 0,
    -5, 0, -5, 0, 0, 5, 2, 0,
    0, 0, 0, 0, -14, 0, -14, 0,
    -22, 0, 0, 0, 0, 0, 0, 0,
    0, 0, 0, 0, 0, 0, 0, 0,
    0, 0, 0, 0, 0, 0, 0, 0,
    0, 0, 0, 0, 0, 0, 0, 0,
    0, 0, 0, 0, 0, 0, 0, 0,
    0, 0, 0, 0, 0, 0, 0, -5,
    0, 0, 0, 0, 0, 0, 0, 0,
    -5, 0, 0, 0, -17, 0, 0, 0,
    -19, -14, -5, -7, -7, 0, 0, 0,
    -5, 0, -10, 0, -10, 0, -7, -7,
    -7, -14, 0, 0, 0, 0, 0, -10,
    -10, -7, 0, -29, 0, 0, 5, -7,
    0, 0, 0, -10, -7, -36, -5, -29,
    0, -36, 0, 0, 0, -5, -5, -5,
    0, 0, -10, -7, -14, 0, 0, 0,
    -21, 0, -5, -5, 0, 0, 0, 0,
    0, -26, -10, 0, -19, 0, 0, 0,
    0, 0, -5, -14, -10, 0, -5, 0,
    -7, 0, -7, 0, -7, 0, 0, 0,
    -5, 0, 0, 0, 0, -7, -7, -7,
    0, -7, 0, 0, 0, 0, 0, 0,
    0, 0, 0, -10, 0, -7, 0, -14,
    0, 0, 0, 0, 0, 0, 0, -2,
    0, 0, -2, -5, 0, 0, 0, 0,
    0, 0, -2, 0, -2, 0, 0, 0,
    0, 0, -5, 0, 0, 0, -7, 0,
    -7, -7, -12, 0, 0, 0, 0, 0,
    0, 0, 0, 0, 0, 0, -5, 0,
    0, 0, 0, 0, 0, 0, 0, 5,
    0, 0, -29, -36, 0, -34, 0, -14,
    -5, 0, 0, 0, 0, 0, 0, -24,
    0, -24, -5, -24, -22, -24, 0, -24,
    -24, -24, -24, 0, 0, 0, -24, -24,
    -24, 0, 0, 0, 0, -7, 0, 0,
    -5, 0, 0, 0, 0, 0, 0, -7,
    0, 0, 0, 0, 0, 0, 0, 0,
    0, 0, 0, 0, 0, 0, 0, 0,
    0, 0, 0, 0, 0, 0, 0, 0,
    -24, -22, 0, -29, 0, -12, -10, 0,
    0, 0, 0, 0, 0, -19, 0, -22,
    0, -22, -17, -22, 0, -22, -10, -22,
    -14, 0, 0, 0, -22, -22, -22, 0,
    0, 0, 0, -36, -29, 0, -29, 0,
    -12, -12, 0, 0, 0, 0, 0, 0,
    -24, 0, -24, -5, -24, -19, -26, 0,
    -17, -14, -24, -22, 0, 0, 0, -21,
    -24, -26, 0, 0, 0, 0, 5, -7,
    0, 0, 0, -10, 0, 0, 0, 0,
    0, 0, 0, 0, 0, -5, 0, -5,
    0, 0, -5, -5, -12, 0, 0, 0,
    0, 0, -5, -5, 0, 0, -17, 0,
    0, 0, 0, 0, 0, 0, 0, 0,
    -24, 0, -19, 0, -24, 0, 0, 1,
    0, 0, 0, -5, 0, 0, 0, -7,
    -7, 0, 0, 0, 0, 0, 0, 0,
    0, -12, 0, 0, -5, 0, 0, 0,
    0, 0, 0, -26, 0, -22, -10, -24,
    -5, 0, 0, 0, 0, 0, 0, 0,
    0, 0, -5, -7, 0, 0, 0, 0,
    0, 0, 0, 0, -7, 0, 0, 0,
    0, 0, 0, 0, 0, 0, -24, 0,
    -17, -7, -24, 0, 0, 0, 0, 0,
    0, 0, 0, 0, 0, -2, -7, -2,
    0, 0, 0, 0, 0, 0, 0, -12,
    0, 0, 0, 0, 0, 0, 0, 0,
    0, -24, 0, -24, -10, -24, -5, 0,
    0, 0, 0, 0, 0, 0, 0, 0,
    -5, -7, 0, 0, 0, 0, 0, 0,
    0, 7, 5, 5, 7, 0, 0, 0,
    0, 0, 0, 0, 0, 0, 0, 0,
    0, 0, 0, 0, 0, 0, 0, 0,
    0, 0, 0, 0, 0, 0, 0, 0,
    0, 0, 0, 0, 0, -5, 0, 0,
    0, 0, 0, 0, 0, 0, 0, -24,
    0, -22, 0, -24, 0, 0, 0, 0,
    0, 0, 1, 0, 0, 0, 0, -5,
    0, 0, 0, 0, 0, 0, 0, 0,
    -14, 0, 0, 0, 0, 0, 0, 0,
    0, 0, -24, 0, -22, 0, -24, 0,
    0, 0, 0, 0, 0, 0, 0, 0,
    0, -5, -5, 0, 0, 0, 0, 0,
    0, 0, 0, -5, 0, 0, 0, -17,
    0, 0, -5, -7, -5, -24, 0, -22,
    0, -24, 0, -5, -5, -7, -5, -12,
    -5, -10, 0, -7, -5, 0, 0, 0,
    0, 0, -7, -7, -10, 0, 0, 0,
    0, -19, 0, 0, 0, 0, 0, 0,
    0, 0, 0, 0, 0, 0, -5, 0,
    -7, 0, -7, 0, -5, 0, 0, 0,
    0, 0, 0, 0, 0, -7, -7, -5,
    0, -10, 0, 0, 0, 0, 0, 0,
    0, 0, 0, -24, 0, -22, -5, -22,
    0, 0, 0, 0, 0, 0, 0, 0,
    0, 0, -10, 0, 0, 0, 0, 0,
    0, 0, 0, 0, 0, 0, 0, 5,
    -10, 0, 0, 0, 0, 0, 0, 0,
    -5, 2, 0, 2, 0, 0, 0, 0,
    0, 0, 0, 0, 0, -5, 0, 12,
    0, 0, 0, 0, 0, 0, 0, 0,
    0, 0, 0, 0, 0, 0, 0, 0,
    0, -24, 0, -17, 0, -19, 0, 0,
    1, 0, 0, 0, -5, 0, 0, 0,
    0, -5, 0, 0, 0, 0, 0, 0,
    0, 0, 0, 0, 0, -19, -10, 0,
    -12, 0, 0, 0, -24, 0, -10, -14,
    -14, -12, -5, 0, -5, 0, -7, 0,
    -10, 0, 0, 0, -5, 0, 0, 0,
    0, -5, -5, -10, 0, 0, 0, 0,
    5, -10, 0, 0, 0, 0, 0, -24,
    0, -14, 0, -17, 0, 0, 0, -5,
    0, 0, 0, 0, 0, 0, 0, 0,
    0, 0, 0, 0, -5, -5, 0, 0,
    0, 0, 0, 0, 0, 0, 0, 0,
    0, 0, 0, 0, 0, 0, 0, 0,
    0, 0, 0, 0, 0, 0, 0, 0,
    0, 0, 0, 0, -22, 0, 0, 0,
    0, 0, 0, 0, 0, 0, 0, 0,
    0, 0, 0, 0, 0, 0, 0, 0,
    0, 0, 0, 0, 0, 0, 0, 0,
    0, 0, 0, 0, 0, 0, 0, 0,
    0, -22, 0, 0, 0, 0, -7, 0,
    0, 0, 0, 0, 0, 0, 0, 0,
    -24, 0, -17, -7, -24, 0, 0, 0,
    0, 0, 0, 0, 0, 0, 0, 0,
    0, 0, 0, 0, 0, 0, 0, 0,
    0, -12, 0, 0, -5, 0, 0, 0,
    0, 0, 0, -26, 0, -22, -10, -21,
    -5, 0, 0, 0, 0, 0, 0, 0,
    0, 0, -5, -7, 0, 0, 0, 0,
    0, 0, 0, 0, 0, 0, 0, -36,
    0, -14, 0, 0, 0, 0, 0, 0,
    0, 0, 0, 0, -22, 0, -24, 0,
    -29, -14, -20, 0, -14, 0, 0, 0,
    0, 0, 0, -24, -15, -8, 0, 5,
    12, 0, 0, -14, -7, 0, 0, 0,
    0, 0, 0, 0, 0, 0, 0, -7,
    0, -7, 0, 0, -7, -7, 0, -7,
    0, 0, 0, 0, 0, 0, -7, -7,
    -7
};


/*Collect the kern class' data in one place*/
static const lv_font_fmt_txt_kern_classes_t kern_classes =
{
    .class_pair_values   = kern_class_values,
    .left_class_mapping  = kern_left_class_mapping,
    .right_class_mapping = kern_right_class_mapping,
    .left_class_cnt      = 43,
    .right_class_cnt     = 35,
};

/*--------------------
 *  ALL CUSTOM DATA
 *--------------------*/

#if LVGL_VERSION_MAJOR == 8
/*Store all the custom data of the font*/
static  lv_font_fmt_txt_glyph_cache_t cache;
#endif

#if LVGL_VERSION_MAJOR >= 8
static const lv_font_fmt_txt_dsc_t font_dsc = {
#else
static lv_font_fmt_txt_dsc_t font_dsc = {
#endif
    .glyph_bitmap = glyph_bitmap,
    .glyph_dsc = glyph_dsc,
    .cmaps = cmaps,
    .kern_dsc = &kern_classes,
    .kern_scale = 16,
    .cmap_num = 6,
    .bpp = 4,
    .kern_classes = 1,
    .bitmap_format = 0,
#if LVGL_VERSION_MAJOR == 8
    .cache = &cache
#endif
};

extern const lv_font_t lv_font_montserrat_18;


/*-----------------
 *  PUBLIC FONT
 *----------------*/

/*Initialize a public general font descriptor*/
#if LVGL_VERSION_MAJOR >= 8
const lv_font_t scry_font_funnel_display_semibold_18 = {
#else
lv_font_t scry_font_funnel_display_semibold_18 = {
#endif
    .get_glyph_dsc = lv_font_get_glyph_dsc_fmt_txt,    /*Function pointer to get glyph's data*/
    .get_glyph_bitmap = lv_font_get_bitmap_fmt_txt,    /*Function pointer to get glyph's bitmap*/
    .line_height = 24,          /*The maximum line height required by the font*/
    .base_line = 6,             /*Baseline measured from the bottom of the line*/
#if !(LVGL_VERSION_MAJOR == 6 && LVGL_VERSION_MINOR == 0)
    .subpx = LV_FONT_SUBPX_NONE,
#endif
#if LV_VERSION_CHECK(7, 4, 0) || LVGL_VERSION_MAJOR >= 8
    .underline_position = -2,
    .underline_thickness = 1,
#endif
    .dsc = &font_dsc,          /*The custom font data. Will be accessed by `get_glyph_bitmap/dsc` */
#if LV_VERSION_CHECK(8, 2, 0) || LVGL_VERSION_MAJOR >= 9
    .fallback = &lv_font_montserrat_18,
#endif
    .user_data = NULL,
};



#endif /*#if SCRY_FONT_FUNNEL_DISPLAY_SEMIBOLD_18*/

