/*******************************************************************************
 * Size: 20 px
 * Bpp: 4
 * Opts: --size 20 --bpp 4 --no-compress --format lvgl --lv-include lvgl.h --font assets/fonts/FunnelDisplay-Regular.ttf -r 0x20-0x7E -r 0xA0-0xFF -r 0x100-0x17F --lv-fallback lv_font_montserrat_20 --lv-font-name scry_font_funnel_display_20 -o src/fonts/scry_font_funnel_display_20.c
 ******************************************************************************/

#ifdef LV_LVGL_H_INCLUDE_SIMPLE
#include "lvgl.h"
#else
#include "lvgl.h"
#endif

#ifndef SCRY_FONT_FUNNEL_DISPLAY_20
#define SCRY_FONT_FUNNEL_DISPLAY_20 1
#endif

#if SCRY_FONT_FUNNEL_DISPLAY_20

/*-----------------
 *    BITMAPS
 *----------------*/

/*Store the image of the glyphs*/
static LV_ATTRIBUTE_LARGE_CONST const uint8_t glyph_bitmap[] = {
    /* U+0020 " " */

    /* U+0021 "!" */
    0x6f, 0x86, 0xf8, 0x6f, 0x86, 0xf8, 0x6f, 0x85,
    0xf7, 0x4f, 0x64, 0xf6, 0x3f, 0x50, 0x30, 0x16,
    0x2a, 0xfc, 0x6f, 0x80,

    /* U+0022 "\"" */
    0xbc, 0x0, 0xbc, 0xbc, 0x0, 0xbc, 0xbc, 0x0,
    0xbc, 0xbc, 0x0, 0xbc, 0xbb, 0x0, 0xab,

    /* U+0023 "#" */
    0x0, 0x2, 0xf6, 0x0, 0xf8, 0x0, 0x0, 0x6f,
    0x20, 0x4f, 0x40, 0x0, 0xa, 0xe0, 0x8, 0xf0,
    0x0, 0xef, 0xff, 0xff, 0xff, 0xfb, 0x5, 0x6f,
    0x96, 0x6e, 0xb6, 0x40, 0x3, 0xf3, 0x0, 0xf6,
    0x0, 0x0, 0x6f, 0x0, 0x2f, 0x40, 0x1, 0x19,
    0xe1, 0x16, 0xf3, 0x10, 0xbf, 0xff, 0xff, 0xff,
    0xfe, 0x3, 0x4f, 0xb4, 0x4e, 0xc4, 0x40, 0x2,
    0xf6, 0x0, 0xf8, 0x0, 0x0, 0x5f, 0x30, 0x3f,
    0x40, 0x0, 0x8, 0xf0, 0x6, 0xf1, 0x0, 0x0,

    /* U+0024 "$" */
    0x0, 0x0, 0xe, 0xa0, 0x0, 0x0, 0x3, 0xcf,
    0xff, 0xd8, 0x0, 0x3, 0xff, 0x97, 0x8d, 0xfc,
    0x0, 0xaf, 0x30, 0x0, 0xb, 0xf6, 0xc, 0xf0,
    0x0, 0x0, 0x3c, 0x70, 0xaf, 0x80, 0x0, 0x0,
    0x0, 0x2, 0xef, 0xea, 0x73, 0x0, 0x0, 0x1,
    0x9e, 0xff, 0xfe, 0x60, 0x0, 0x0, 0x1, 0x59,
    0xff, 0x50, 0x0, 0x0, 0x0, 0x3, 0xfb, 0x4f,
    0xa0, 0x0, 0x0, 0xf, 0xd0, 0xff, 0x30, 0x0,
    0x4, 0xfa, 0x5, 0xff, 0xa8, 0x7a, 0xff, 0x20,
    0x4, 0xbf, 0xff, 0xfb, 0x20, 0x0, 0x0, 0xa,
    0xd0, 0x0, 0x0, 0x0, 0x0, 0xad, 0x0, 0x0,

    /* U+0025 "%" */
    0x2, 0xbf, 0xfb, 0x10, 0x0, 0x9, 0xd0, 0x0,
    0x0, 0xdd, 0x33, 0xdc, 0x0, 0x3, 0xf4, 0x0,
    0x0, 0x1f, 0x60, 0x6, 0xf1, 0x0, 0xcb, 0x0,
    0x0, 0x2, 0xf6, 0x0, 0x6f, 0x20, 0x6f, 0x20,
    0x0, 0x0, 0xe, 0xc1, 0x1c, 0xe0, 0xe, 0x80,
    0x0, 0x0, 0x0, 0x3d, 0xff, 0xd3, 0x9, 0xe0,
    0x0, 0x0, 0x0, 0x0, 0x2, 0x20, 0x2, 0xf5,
    0x8, 0xef, 0xb2, 0x0, 0x0, 0x0, 0x0, 0xbc,
    0x8, 0xf5, 0x3c, 0xd0, 0x0, 0x0, 0x0, 0x5f,
    0x30, 0xda, 0x0, 0x4f, 0x40, 0x0, 0x0, 0xe,
    0x90, 0xf, 0x80, 0x2, 0xf5, 0x0, 0x0, 0x8,
    0xe1, 0x0, 0xda, 0x0, 0x4f, 0x40, 0x0, 0x2,
    0xf6, 0x0, 0x8, 0xf5, 0x3c, 0xe0, 0x0, 0x0,
    0xad, 0x0, 0x0, 0x8, 0xef, 0xb2, 0x0,

    /* U+0026 "&" */
    0x0, 0x1a, 0xef, 0xff, 0xc0, 0x0, 0x0, 0x1,
    0xef, 0xda, 0x99, 0x70, 0x0, 0x0, 0x7, 0xfa,
    0x0, 0x0, 0x0, 0x0, 0x0, 0x8, 0xf5, 0x0,
    0x0, 0xa, 0xf2, 0x0, 0x3, 0xfa, 0x0, 0x0,
    0xa, 0xf2, 0x0, 0x0, 0x5e, 0xc8, 0x88, 0x8d,
    0xf9, 0x81, 0x0, 0x7d, 0xff, 0xff, 0xff, 0xff,
    0xf3, 0x9, 0xf9, 0x20, 0x0, 0xa, 0xf2, 0x0,
    0x1f, 0xd0, 0x0, 0x0, 0xa, 0xf2, 0x0, 0x3f,
    0xb0, 0x0, 0x0, 0xa, 0xf2, 0x0, 0xf, 0xf3,
    0x0, 0x0, 0xa, 0xf2, 0x0, 0x7, 0xff, 0xb9,
    0x99, 0x9d, 0xf2, 0x0, 0x0, 0x5c, 0xff, 0xff,
    0xff, 0xf2, 0x0,

    /* U+0027 "'" */
    0xbc, 0xbc, 0xbc, 0xbc, 0xbb,

    /* U+0028 "(" */
    0x0, 0x2f, 0xc0, 0x0, 0xaf, 0x30, 0x2, 0xfb,
    0x0, 0x8, 0xf4, 0x0, 0xc, 0xf0, 0x0, 0xf,
    0xc0, 0x0, 0x2f, 0x90, 0x0, 0x3f, 0x80, 0x0,
    0x3f, 0x80, 0x0, 0x2f, 0x90, 0x0, 0xf, 0xb0,
    0x0, 0xe, 0xe0, 0x0, 0x9, 0xf3, 0x0, 0x4,
    0xf9, 0x0, 0x0, 0xcf, 0x10, 0x0, 0x3f, 0xa0,
    0x0, 0x2, 0x20,

    /* U+0029 ")" */
    0x2f, 0xc0, 0x0, 0x7f, 0x60, 0x0, 0xfd, 0x0,
    0x9, 0xf3, 0x0, 0x4f, 0x80, 0x0, 0xfb, 0x0,
    0xe, 0xd0, 0x0, 0xde, 0x0, 0xd, 0xe0, 0x0,
    0xee, 0x0, 0xf, 0xc0, 0x3, 0xf9, 0x0, 0x8f,
    0x50, 0xe, 0xf0, 0x6, 0xf8, 0x1, 0xed, 0x0,
    0x12, 0x10, 0x0,

    /* U+002A "*" */
    0x0, 0x0, 0x9f, 0x0, 0x0, 0x0, 0x0, 0x9f,
    0x0, 0x0, 0x9, 0x50, 0x8e, 0x4, 0x92, 0x1e,
    0xff, 0xde, 0xdf, 0xf5, 0x0, 0x37, 0xff, 0xa4,
    0x0, 0x0, 0xa, 0xfc, 0xe1, 0x0, 0x0, 0x6f,
    0x62, 0xfb, 0x0, 0x0, 0xab, 0x0, 0x6d, 0x10,
    0x0, 0x0, 0x0, 0x0, 0x0,

    /* U+002B "+" */
    0x0, 0x0, 0x0, 0x0, 0x0, 0x0, 0x0, 0xf8,
    0x0, 0x0, 0x0, 0x0, 0xf8, 0x0, 0x0, 0x0,
    0x0, 0xf8, 0x0, 0x0, 0x12, 0x22, 0xf9, 0x22,
    0x20, 0xcf, 0xff, 0xff, 0xff, 0xf4, 0x35, 0x55,
    0xfa, 0x55, 0x51, 0x0, 0x0, 0xf8, 0x0, 0x0,
    0x0, 0x0, 0xf8, 0x0, 0x0, 0x0, 0x0, 0xf8,
    0x0, 0x0,

    /* U+002C "," */
    0x2, 0x31, 0xe, 0xf5, 0xe, 0xf5, 0x0, 0xe5,
    0x6f, 0xd1, 0x2, 0x0,

    /* U+002D "-" */
    0x29, 0x99, 0x94, 0x4f, 0xff, 0xf7,

    /* U+002E "." */
    0x5, 0x81, 0xf, 0xf7, 0xb, 0xe3,

    /* U+002F "/" */
    0x0, 0x0, 0xe, 0xc0, 0x0, 0x4, 0xf6, 0x0,
    0x0, 0x9f, 0x10, 0x0, 0xf, 0xb0, 0x0, 0x5,
    0xf5, 0x0, 0x0, 0xaf, 0x0, 0x0, 0x1f, 0xa0,
    0x0, 0x6, 0xf4, 0x0, 0x0, 0xce, 0x0, 0x0,
    0x1f, 0x90, 0x0, 0x7, 0xf3, 0x0, 0x0, 0xde,
    0x0, 0x0, 0x2f, 0x80, 0x0, 0x8, 0xf2, 0x0,
    0x0,

    /* U+0030 "0" */
    0x0, 0x8, 0xdf, 0xfb, 0x30, 0x0, 0xc, 0xfd,
    0x9a, 0xff, 0x40, 0x6, 0xfa, 0x0, 0x3, 0xfe,
    0x0, 0xcf, 0x10, 0x0, 0x9, 0xf4, 0xf, 0xc0,
    0x0, 0x0, 0x4f, 0x82, 0xfa, 0x0, 0x0, 0x2,
    0xfa, 0x2f, 0xa0, 0x0, 0x0, 0x2f, 0xa2, 0xfa,
    0x0, 0x0, 0x2, 0xfa, 0xf, 0xc0, 0x0, 0x0,
    0x5f, 0x80, 0xcf, 0x10, 0x0, 0x9, 0xf4, 0x6,
    0xfa, 0x0, 0x3, 0xfe, 0x0, 0xc, 0xfd, 0x9a,
    0xff, 0x40, 0x0, 0x8, 0xdf, 0xfb, 0x30, 0x0,

    /* U+0031 "1" */
    0x0, 0x3, 0xdf, 0x40, 0x0, 0x0, 0x9f, 0xff,
    0x40, 0x0, 0x3e, 0xf9, 0xaf, 0x40, 0x0, 0x7d,
    0x40, 0x9f, 0x40, 0x0, 0x20, 0x0, 0x9f, 0x40,
    0x0, 0x0, 0x0, 0x9f, 0x40, 0x0, 0x0, 0x0,
    0x9f, 0x40, 0x0, 0x0, 0x0, 0x9f, 0x40, 0x0,
    0x0, 0x0, 0x9f, 0x40, 0x0, 0x0, 0x0, 0x9f,
    0x40, 0x0, 0x0, 0x0, 0x9f, 0x40, 0x0, 0x18,
    0x88, 0xcf, 0xa8, 0x82, 0x2f, 0xff, 0xff, 0xff,
    0xf5,

    /* U+0032 "2" */
    0x0, 0x19, 0xef, 0xfc, 0x50, 0x0, 0x2e, 0xfc,
    0x9a, 0xef, 0x80, 0xa, 0xf6, 0x0, 0x1, 0xef,
    0x10, 0xfe, 0x0, 0x0, 0x9, 0xf4, 0x1, 0x0,
    0x0, 0x0, 0xcf, 0x20, 0x0, 0x0, 0x0, 0x6f,
    0xa0, 0x0, 0x0, 0x0, 0x6f, 0xc0, 0x0, 0x0,
    0x0, 0x8f, 0xc1, 0x0, 0x0, 0x0, 0x9f, 0xb0,
    0x0, 0x0, 0x0, 0xaf, 0x90, 0x0, 0x0, 0x0,
    0xbf, 0x80, 0x0, 0x0, 0x0, 0xcf, 0xe9, 0x99,
    0x99, 0x95, 0xf, 0xff, 0xff, 0xff, 0xff, 0x80,

    /* U+0033 "3" */
    0x0, 0x2a, 0xef, 0xfc, 0x70, 0x0, 0x4f, 0xfa,
    0x99, 0xef, 0xb0, 0xd, 0xf3, 0x0, 0x0, 0xdf,
    0x20, 0x32, 0x0, 0x0, 0xb, 0xf1, 0x0, 0x0,
    0x22, 0x38, 0xf8, 0x0, 0x0, 0x5f, 0xff, 0xf7,
    0x0, 0x0, 0x1, 0x55, 0x6c, 0xf9, 0x0, 0x0,
    0x0, 0x0, 0xb, 0xf3, 0x0, 0x0, 0x0, 0x0,
    0x5f, 0x72, 0xd9, 0x0, 0x0, 0x6, 0xf7, 0xe,
    0xf3, 0x0, 0x1, 0xdf, 0x30, 0x5f, 0xfb, 0x9a,
    0xff, 0x80, 0x0, 0x3a, 0xef, 0xfb, 0x50, 0x0,

    /* U+0034 "4" */
    0x0, 0x0, 0x0, 0x1e, 0xf3, 0x0, 0x0, 0x0,
    0x0, 0xcf, 0xf3, 0x0, 0x0, 0x0, 0xa, 0xfc,
    0xf3, 0x0, 0x0, 0x0, 0x7f, 0x69, 0xf3, 0x0,
    0x0, 0x4, 0xf9, 0x9, 0xf3, 0x0, 0x0, 0x2e,
    0xb0, 0x9, 0xf3, 0x0, 0x1, 0xdd, 0x10, 0x9,
    0xf3, 0x0, 0xb, 0xf2, 0x0, 0x9, 0xf3, 0x0,
    0x8f, 0xc8, 0x88, 0x8c, 0xf9, 0x81, 0xbf, 0xff,
    0xff, 0xff, 0xff, 0xf3, 0x0, 0x0, 0x0, 0xa,
    0xf3, 0x0, 0x0, 0x0, 0x0, 0xa, 0xf3, 0x0,
    0x0, 0x0, 0x0, 0xa, 0xf3, 0x0,

    /* U+0035 "5" */
    0x0, 0xef, 0xff, 0xff, 0xfb, 0x0, 0xf, 0xd9,
    0x99, 0x99, 0x70, 0x3, 0xf8, 0x0, 0x0, 0x0,
    0x0, 0x5f, 0x60, 0x0, 0x0, 0x0, 0x7, 0xf9,
    0xcf, 0xfc, 0x50, 0x0, 0x9f, 0xfa, 0x89, 0xff,
    0x80, 0x8, 0xa2, 0x0, 0x1, 0xef, 0x20, 0x0,
    0x0, 0x0, 0x7, 0xf6, 0x0, 0x0, 0x0, 0x0,
    0x5f, 0x72, 0xc8, 0x0, 0x0, 0x7, 0xf6, 0xe,
    0xf3, 0x0, 0x2, 0xef, 0x10, 0x5f, 0xfb, 0x9a,
    0xff, 0x60, 0x0, 0x3a, 0xef, 0xeb, 0x40, 0x0,

    /* U+0036 "6" */
    0x0, 0x5, 0xcf, 0xfd, 0x91, 0x0, 0x8, 0xfe,
    0x98, 0xbf, 0xe1, 0x3, 0xfb, 0x0, 0x0, 0x5c,
    0x60, 0xaf, 0x20, 0x0, 0x0, 0x0, 0xe, 0xd2,
    0xaf, 0xfd, 0x70, 0x1, 0xfd, 0xeb, 0x89, 0xef,
    0xc0, 0x2f, 0xf6, 0x0, 0x0, 0xcf, 0x61, 0xfe,
    0x0, 0x0, 0x3, 0xfa, 0xf, 0xd0, 0x0, 0x0,
    0x1f, 0xb0, 0xcf, 0x10, 0x0, 0x3, 0xfa, 0x6,
    0xfb, 0x0, 0x0, 0xcf, 0x40, 0xa, 0xfe, 0x99,
    0xef, 0xa0, 0x0, 0x6, 0xcf, 0xfd, 0x60, 0x0,

    /* U+0037 "7" */
    0x4f, 0xff, 0xff, 0xff, 0xff, 0xc2, 0xaa, 0xaa,
    0xaa, 0xac, 0xfa, 0x0, 0x0, 0x0, 0x0, 0xcf,
    0x20, 0x0, 0x0, 0x0, 0x5f, 0x90, 0x0, 0x0,
    0x0, 0xd, 0xf1, 0x0, 0x0, 0x0, 0x6, 0xf8,
    0x0, 0x0, 0x0, 0x1, 0xee, 0x10, 0x0, 0x0,
    0x0, 0x8f, 0x70, 0x0, 0x0, 0x0, 0x2f, 0xe0,
    0x0, 0x0, 0x0, 0xa, 0xf6, 0x0, 0x0, 0x0,
    0x3, 0xfd, 0x0, 0x0, 0x0, 0x0, 0xcf, 0x40,
    0x0, 0x0, 0x0, 0x5f, 0xc0, 0x0, 0x0, 0x0,

    /* U+0038 "8" */
    0x0, 0x2a, 0xef, 0xfc, 0x70, 0x0, 0x3f, 0xfb,
    0x89, 0xdf, 0xb0, 0xa, 0xf5, 0x0, 0x0, 0xcf,
    0x20, 0xbf, 0x10, 0x0, 0x9, 0xf3, 0x4, 0xfb,
    0x20, 0x16, 0xfb, 0x0, 0x4, 0xef, 0xff, 0xf9,
    0x0, 0x1, 0xbf, 0xb8, 0x9e, 0xf6, 0x0, 0xbf,
    0x40, 0x0, 0xb, 0xf3, 0x1f, 0xb0, 0x0, 0x0,
    0x3f, 0x92, 0xfc, 0x0, 0x0, 0x4, 0xfa, 0xe,
    0xf4, 0x0, 0x0, 0xbf, 0x60, 0x4f, 0xfb, 0x9a,
    0xef, 0xb0, 0x0, 0x2a, 0xef, 0xfc, 0x60, 0x0,

    /* U+0039 "9" */
    0x0, 0x3b, 0xef, 0xe9, 0x10, 0x0, 0x4f, 0xfa,
    0x8b, 0xfe, 0x10, 0xe, 0xf2, 0x0, 0x4, 0xfb,
    0x2, 0xf9, 0x0, 0x0, 0xa, 0xf1, 0x3f, 0x90,
    0x0, 0x0, 0x9f, 0x50, 0xfe, 0x20, 0x0, 0x1e,
    0xf7, 0x7, 0xff, 0xa8, 0xaf, 0xaf, 0x70, 0x5,
    0xcf, 0xfc, 0x56, 0xf7, 0x0, 0x0, 0x0, 0x0,
    0x8f, 0x50, 0x75, 0x0, 0x0, 0xc, 0xf1, 0xd,
    0xf3, 0x0, 0x5, 0xfb, 0x0, 0x4f, 0xfa, 0x9b,
    0xfe, 0x20, 0x0, 0x3b, 0xef, 0xea, 0x20, 0x0,

    /* U+003A ":" */
    0x18, 0x40, 0x8f, 0xf0, 0x4f, 0xb0, 0x0, 0x0,
    0x0, 0x0, 0x0, 0x0, 0x18, 0x40, 0x8f, 0xf0,
    0x4f, 0xb0,

    /* U+003B ";" */
    0x18, 0x40, 0x8f, 0xf0, 0x4f, 0xb0, 0x0, 0x0,
    0x0, 0x0, 0x0, 0x0, 0x6f, 0xd0, 0x6f, 0xd0,
    0x18, 0xd0, 0x8, 0xc0, 0xef, 0x50, 0x21, 0x0,

    /* U+003C "<" */
    0x0, 0x0, 0x0, 0x0, 0x0, 0x0, 0x0, 0x0,
    0x6c, 0x0, 0x0, 0x28, 0xef, 0xc0, 0x4, 0xbf,
    0xf9, 0x20, 0x4d, 0xfd, 0x60, 0x0, 0x8, 0xfb,
    0x10, 0x0, 0x0, 0x2a, 0xff, 0xa3, 0x0, 0x0,
    0x1, 0x7d, 0xfd, 0x60, 0x0, 0x0, 0x4, 0xbf,
    0xf0, 0x0, 0x0, 0x0, 0x29,

    /* U+003D "=" */
    0x12, 0x22, 0x22, 0x22, 0x20, 0x8f, 0xff, 0xff,
    0xff, 0xf0, 0x25, 0x55, 0x55, 0x55, 0x50, 0x12,
    0x22, 0x22, 0x22, 0x20, 0x8f, 0xff, 0xff, 0xff,
    0xf0, 0x25, 0x55, 0x55, 0x55, 0x50,

    /* U+003E ">" */
    0x0, 0x0, 0x0, 0x0, 0x7, 0x92, 0x0, 0x0,
    0x0, 0x5f, 0xfc, 0x50, 0x0, 0x0, 0x6, 0xcf,
    0xe7, 0x10, 0x0, 0x0, 0x3a, 0xff, 0xa0, 0x0,
    0x0, 0x5, 0xff, 0x0, 0x1, 0x7d, 0xfd, 0x60,
    0x39, 0xff, 0xa4, 0x0, 0x7f, 0xe8, 0x10, 0x0,
    0x5, 0x50, 0x0, 0x0, 0x0,

    /* U+003F "?" */
    0x0, 0x8d, 0xff, 0xd7, 0x0, 0xc, 0xfc, 0x89,
    0xef, 0xa0, 0x6f, 0x90, 0x0, 0xd, 0xf1, 0x13,
    0x10, 0x0, 0xa, 0xf2, 0x0, 0x0, 0x0, 0x3f,
    0xd0, 0x0, 0x0, 0x6, 0xfe, 0x20, 0x0, 0x0,
    0x9f, 0xb1, 0x0, 0x0, 0x4, 0xf9, 0x0, 0x0,
    0x0, 0x7, 0xd1, 0x0, 0x0, 0x0, 0x0, 0x0,
    0x0, 0x0, 0x0, 0x3, 0x60, 0x0, 0x0, 0x0,
    0xf, 0xf6, 0x0, 0x0, 0x0, 0xb, 0xe3, 0x0,
    0x0,

    /* U+0040 "@" */
    0x0, 0x0, 0x28, 0xce, 0xff, 0xeb, 0x71, 0x0,
    0x0, 0x0, 0x1a, 0xff, 0xb8, 0x77, 0x8c, 0xff,
    0x70, 0x0, 0x2, 0xef, 0x60, 0x0, 0x0, 0x0,
    0x1a, 0xfa, 0x0, 0xd, 0xe2, 0x1, 0xaf, 0xfa,
    0x6f, 0x40, 0x7f, 0x60, 0x6f, 0x40, 0xe, 0xf8,
    0x59, 0xef, 0x40, 0xc, 0xe0, 0xcd, 0x0, 0x6f,
    0x60, 0x0, 0x9f, 0x40, 0x7, 0xf2, 0xf9, 0x0,
    0xaf, 0x0, 0x0, 0x5f, 0x40, 0x5, 0xf3, 0xf9,
    0x0, 0xaf, 0x0, 0x0, 0x5f, 0x40, 0x7, 0xf1,
    0xea, 0x0, 0x7f, 0x30, 0x0, 0x7f, 0x40, 0xe,
    0xb0, 0xae, 0x0, 0x1f, 0xd2, 0x4, 0xdf, 0x43,
    0xcf, 0x20, 0x4f, 0x80, 0x3, 0xdf, 0xfd, 0x3d,
    0xff, 0xc3, 0x0, 0x9, 0xf8, 0x0, 0x2, 0x20,
    0x0, 0x21, 0x0, 0x0, 0x0, 0x9f, 0xe8, 0x42,
    0x22, 0x22, 0x21, 0x0, 0x0, 0x0, 0x3, 0xaf,
    0xff, 0xff, 0xff, 0xf9, 0x0, 0x0, 0x0, 0x0,
    0x0, 0x24, 0x45, 0x55, 0x52, 0x0, 0x0,

    /* U+0041 "A" */
    0x0, 0x0, 0x5, 0xff, 0x30, 0x0, 0x0, 0x0,
    0x0, 0xc, 0xff, 0xa0, 0x0, 0x0, 0x0, 0x0,
    0x3f, 0x8a, 0xf1, 0x0, 0x0, 0x0, 0x0, 0xaf,
    0x13, 0xf8, 0x0, 0x0, 0x0, 0x2, 0xfa, 0x0,
    0xcf, 0x0, 0x0, 0x0, 0x8, 0xf2, 0x0, 0x5f,
    0x70, 0x0, 0x0, 0xf, 0xb0, 0x0, 0xd, 0xd0,
    0x0, 0x0, 0x7f, 0xc9, 0x99, 0x9d, 0xf5, 0x0,
    0x0, 0xef, 0xff, 0xff, 0xff, 0xfc, 0x0, 0x5,
    0xf7, 0x0, 0x0, 0x0, 0xaf, 0x30, 0xc, 0xf1,
    0x0, 0x0, 0x0, 0x3f, 0xa0, 0x3f, 0xa0, 0x0,
    0x0, 0x0, 0xc, 0xf1, 0xaf, 0x30, 0x0, 0x0,
    0x0, 0x5, 0xf8,

    /* U+0042 "B" */
    0x5f, 0xff, 0xff, 0xff, 0xd7, 0x0, 0x5f, 0xd9,
    0x99, 0x9a, 0xff, 0x80, 0x5f, 0x90, 0x0, 0x0,
    0x2f, 0xf0, 0x5f, 0x90, 0x0, 0x0, 0xd, 0xf1,
    0x5f, 0x90, 0x0, 0x0, 0x1f, 0xc0, 0x5f, 0xc8,
    0x88, 0x89, 0xeb, 0x10, 0x5f, 0xff, 0xff, 0xff,
    0xfb, 0x30, 0x5f, 0x90, 0x0, 0x0, 0x3d, 0xf3,
    0x5f, 0x90, 0x0, 0x0, 0x4, 0xfa, 0x5f, 0x90,
    0x0, 0x0, 0x2, 0xfb, 0x5f, 0x90, 0x0, 0x0,
    0x9, 0xf9, 0x5f, 0xd9, 0x99, 0x99, 0xdf, 0xe1,
    0x5f, 0xff, 0xff, 0xff, 0xe9, 0x10,

    /* U+0043 "C" */
    0x0, 0x0, 0x6b, 0xef, 0xfc, 0x70, 0x0, 0x0,
    0x2d, 0xff, 0xba, 0xbe, 0xfd, 0x20, 0x0, 0xdf,
    0x90, 0x0, 0x0, 0x8f, 0xd0, 0x8, 0xf9, 0x0,
    0x0, 0x0, 0xb, 0xf4, 0xe, 0xf1, 0x0, 0x0,
    0x0, 0x0, 0x10, 0x1f, 0xd0, 0x0, 0x0, 0x0,
    0x0, 0x0, 0x2f, 0xc0, 0x0, 0x0, 0x0, 0x0,
    0x0, 0x1f, 0xd0, 0x0, 0x0, 0x0, 0x0, 0x0,
    0xe, 0xf1, 0x0, 0x0, 0x0, 0x0, 0x10, 0x8,
    0xf9, 0x0, 0x0, 0x0, 0xb, 0xf4, 0x0, 0xdf,
    0x91, 0x0, 0x0, 0x8f, 0xc0, 0x0, 0x2d, 0xff,
    0xca, 0xbe, 0xfd, 0x10, 0x0, 0x0, 0x6b, 0xef,
    0xfc, 0x70, 0x0,

    /* U+0044 "D" */
    0x5f, 0xff, 0xff, 0xfc, 0x82, 0x0, 0x5, 0xfd,
    0x99, 0x9a, 0xdf, 0xf7, 0x0, 0x5f, 0x90, 0x0,
    0x0, 0x4e, 0xf6, 0x5, 0xf9, 0x0, 0x0, 0x0,
    0x2f, 0xf1, 0x5f, 0x90, 0x0, 0x0, 0x0, 0xaf,
    0x65, 0xf9, 0x0, 0x0, 0x0, 0x6, 0xf9, 0x5f,
    0x90, 0x0, 0x0, 0x0, 0x4f, 0xa5, 0xf9, 0x0,
    0x0, 0x0, 0x6, 0xf9, 0x5f, 0x90, 0x0, 0x0,
    0x0, 0xaf, 0x65, 0xf9, 0x0, 0x0, 0x0, 0x2f,
    0xf0, 0x5f, 0x90, 0x0, 0x0, 0x4e, 0xf6, 0x5,
    0xfd, 0x99, 0x9a, 0xdf, 0xf6, 0x0, 0x5f, 0xff,
    0xff, 0xfc, 0x82, 0x0, 0x0,

    /* U+0045 "E" */
    0x5f, 0xff, 0xff, 0xff, 0xff, 0x15, 0xfd, 0x99,
    0x99, 0x99, 0x90, 0x5f, 0x90, 0x0, 0x0, 0x0,
    0x5, 0xf9, 0x0, 0x0, 0x0, 0x0, 0x5f, 0x90,
    0x0, 0x0, 0x0, 0x5, 0xfc, 0x99, 0x99, 0x99,
    0x60, 0x5f, 0xff, 0xff, 0xff, 0xfa, 0x5, 0xf9,
    0x0, 0x0, 0x0, 0x0, 0x5f, 0x90, 0x0, 0x0,
    0x0, 0x5, 0xf9, 0x0, 0x0, 0x0, 0x0, 0x5f,
    0x90, 0x0, 0x0, 0x0, 0x5, 0xfd, 0x99, 0x99,
    0x99, 0x90, 0x5f, 0xff, 0xff, 0xff, 0xff, 0x10,

    /* U+0046 "F" */
    0x5f, 0xff, 0xff, 0xff, 0xfe, 0x5f, 0xd9, 0x99,
    0x99, 0x98, 0x5f, 0x90, 0x0, 0x0, 0x0, 0x5f,
    0x90, 0x0, 0x0, 0x0, 0x5f, 0x90, 0x0, 0x0,
    0x0, 0x5f, 0xd9, 0x99, 0x99, 0x94, 0x5f, 0xff,
    0xff, 0xff, 0xf7, 0x5f, 0x90, 0x0, 0x0, 0x0,
    0x5f, 0x90, 0x0, 0x0, 0x0, 0x5f, 0x90, 0x0,
    0x0, 0x0, 0x5f, 0x90, 0x0, 0x0, 0x0, 0x5f,
    0x90, 0x0, 0x0, 0x0, 0x5f, 0x90, 0x0, 0x0,
    0x0,

    /* U+0047 "G" */
    0x0, 0x0, 0x5b, 0xef, 0xfd, 0x81, 0x0, 0x0,
    0x1c, 0xff, 0xca, 0xad, 0xff, 0x40, 0x0, 0xcf,
    0xa1, 0x0, 0x0, 0x5f, 0xe1, 0x7, 0xfb, 0x0,
    0x0, 0x0, 0x8, 0xe5, 0xd, 0xf2, 0x0, 0x0,
    0x0, 0x0, 0x0, 0xf, 0xe0, 0x0, 0x0, 0x0,
    0x0, 0x0, 0x1f, 0xd0, 0x0, 0x9, 0xff, 0xff,
    0xe2, 0xf, 0xe0, 0x0, 0x4, 0x88, 0x8a, 0xf8,
    0xd, 0xf2, 0x0, 0x0, 0x0, 0x5, 0xf8, 0x7,
    0xfb, 0x0, 0x0, 0x0, 0x9, 0xf8, 0x0, 0xdf,
    0xa0, 0x0, 0x0, 0x7f, 0xf8, 0x0, 0x1d, 0xff,
    0xa9, 0x9e, 0xf8, 0xf8, 0x0, 0x0, 0x6c, 0xef,
    0xea, 0x24, 0xf8,

    /* U+0048 "H" */
    0x5f, 0x90, 0x0, 0x0, 0x0, 0xaf, 0x45, 0xf9,
    0x0, 0x0, 0x0, 0xa, 0xf4, 0x5f, 0x90, 0x0,
    0x0, 0x0, 0xaf, 0x45, 0xf9, 0x0, 0x0, 0x0,
    0xa, 0xf4, 0x5f, 0x90, 0x0, 0x0, 0x0, 0xaf,
    0x45, 0xfd, 0x99, 0x99, 0x99, 0x9d, 0xf4, 0x5f,
    0xff, 0xff, 0xff, 0xff, 0xff, 0x45, 0xf9, 0x0,
    0x0, 0x0, 0xa, 0xf4, 0x5f, 0x90, 0x0, 0x0,
    0x0, 0xaf, 0x45, 0xf9, 0x0, 0x0, 0x0, 0xa,
    0xf4, 0x5f, 0x90, 0x0, 0x0, 0x0, 0xaf, 0x45,
    0xf9, 0x0, 0x0, 0x0, 0xa, 0xf4, 0x5f, 0x90,
    0x0, 0x0, 0x0, 0xaf, 0x40,

    /* U+0049 "I" */
    0x4f, 0x94, 0xf9, 0x4f, 0x94, 0xf9, 0x4f, 0x94,
    0xf9, 0x4f, 0x94, 0xf9, 0x4f, 0x94, 0xf9, 0x4f,
    0x94, 0xf9, 0x4f, 0x90,

    /* U+004A "J" */
    0x0, 0x4, 0xf9, 0x0, 0x4, 0xf9, 0x0, 0x4,
    0xf9, 0x0, 0x4, 0xf9, 0x0, 0x4, 0xf9, 0x0,
    0x4, 0xf9, 0x0, 0x4, 0xf9, 0x0, 0x4, 0xf9,
    0x0, 0x4, 0xf9, 0x0, 0x4, 0xf9, 0x0, 0x4,
    0xf9, 0x69, 0x9b, 0xf9, 0xaf, 0xff, 0xe3,

    /* U+004B "K" */
    0x5f, 0x90, 0x0, 0x0, 0x3e, 0xf4, 0x5f, 0x90,
    0x0, 0x4, 0xfe, 0x30, 0x5f, 0x90, 0x0, 0x5f,
    0xe2, 0x0, 0x5f, 0x90, 0x6, 0xfd, 0x10, 0x0,
    0x5f, 0x90, 0x8f, 0xc1, 0x0, 0x0, 0x5f, 0x99,
    0xfd, 0x0, 0x0, 0x0, 0x5f, 0xff, 0xef, 0x60,
    0x0, 0x0, 0x5f, 0xe4, 0x2e, 0xf4, 0x0, 0x0,
    0x5f, 0x90, 0x4, 0xff, 0x30, 0x0, 0x5f, 0x90,
    0x0, 0x5f, 0xe1, 0x0, 0x5f, 0x90, 0x0, 0x8,
    0xfc, 0x0, 0x5f, 0x90, 0x0, 0x0, 0xaf, 0xb0,
    0x5f, 0x90, 0x0, 0x0, 0xc, 0xf9,

    /* U+004C "L" */
    0x5f, 0x90, 0x0, 0x0, 0x0, 0x5f, 0x90, 0x0,
    0x0, 0x0, 0x5f, 0x90, 0x0, 0x0, 0x0, 0x5f,
    0x90, 0x0, 0x0, 0x0, 0x5f, 0x90, 0x0, 0x0,
    0x0, 0x5f, 0x90, 0x0, 0x0, 0x0, 0x5f, 0x90,
    0x0, 0x0, 0x0, 0x5f, 0x90, 0x0, 0x0, 0x0,
    0x5f, 0x90, 0x0, 0x0, 0x0, 0x5f, 0x90, 0x0,
    0x0, 0x0, 0x5f, 0x90, 0x0, 0x0, 0x0, 0x5f,
    0xd9, 0x99, 0x99, 0x98, 0x5f, 0xff, 0xff, 0xff,
    0xfe,

    /* U+004D "M" */
    0x5f, 0xfa, 0x0, 0x0, 0x0, 0x0, 0x6f, 0xf9,
    0x5f, 0xff, 0x10, 0x0, 0x0, 0x0, 0xdf, 0xf9,
    0x5f, 0xcf, 0x80, 0x0, 0x0, 0x4, 0xfc, 0xf9,
    0x5f, 0x7e, 0xf0, 0x0, 0x0, 0xb, 0xf6, 0xf9,
    0x5f, 0x77, 0xf7, 0x0, 0x0, 0x2f, 0x94, 0xf9,
    0x5f, 0x71, 0xfd, 0x0, 0x0, 0x9f, 0x24, 0xf9,
    0x5f, 0x70, 0x9f, 0x50, 0x1, 0xfb, 0x4, 0xf9,
    0x5f, 0x70, 0x2f, 0xc0, 0x7, 0xf4, 0x4, 0xf9,
    0x5f, 0x70, 0xb, 0xf3, 0xe, 0xd0, 0x4, 0xf9,
    0x5f, 0x70, 0x4, 0xfa, 0x6f, 0x60, 0x4, 0xf9,
    0x5f, 0x70, 0x0, 0xcf, 0xee, 0x0, 0x4, 0xf9,
    0x5f, 0x70, 0x0, 0x5f, 0xf8, 0x0, 0x4, 0xf9,
    0x5f, 0x70, 0x0, 0xe, 0xf1, 0x0, 0x4, 0xf9,

    /* U+004E "N" */
    0x5f, 0xf3, 0x0, 0x0, 0x0, 0xe, 0xe5, 0xff,
    0xe1, 0x0, 0x0, 0x0, 0xee, 0x5f, 0xdf, 0xb0,
    0x0, 0x0, 0xe, 0xe5, 0xf7, 0xaf, 0x80, 0x0,
    0x0, 0xee, 0x5f, 0x70, 0xdf, 0x40, 0x0, 0xe,
    0xe5, 0xf7, 0x2, 0xfe, 0x10, 0x0, 0xee, 0x5f,
    0x70, 0x5, 0xfc, 0x0, 0xe, 0xe5, 0xf7, 0x0,
    0x8, 0xf9, 0x0, 0xee, 0x5f, 0x70, 0x0, 0xc,
    0xf5, 0xe, 0xe5, 0xf7, 0x0, 0x0, 0x1e, 0xf2,
    0xee, 0x5f, 0x70, 0x0, 0x0, 0x3f, 0xdf, 0xe5,
    0xf7, 0x0, 0x0, 0x0, 0x6f, 0xfe, 0x5f, 0x70,
    0x0, 0x0, 0x0, 0xaf, 0xe0,

    /* U+004F "O" */
    0x0, 0x0, 0x6b, 0xef, 0xfc, 0x81, 0x0, 0x0,
    0x1, 0xdf, 0xfb, 0xaa, 0xef, 0xf5, 0x0, 0x0,
    0xdf, 0x91, 0x0, 0x0, 0x5f, 0xf3, 0x0, 0x7f,
    0xa0, 0x0, 0x0, 0x0, 0x5f, 0xd0, 0xd, 0xf2,
    0x0, 0x0, 0x0, 0x0, 0xdf, 0x20, 0xfe, 0x0,
    0x0, 0x0, 0x0, 0x9, 0xf5, 0x1f, 0xd0, 0x0,
    0x0, 0x0, 0x0, 0x8f, 0x60, 0xfe, 0x0, 0x0,
    0x0, 0x0, 0x9, 0xf5, 0xd, 0xf2, 0x0, 0x0,
    0x0, 0x0, 0xdf, 0x20, 0x7f, 0xa0, 0x0, 0x0,
    0x0, 0x5f, 0xc0, 0x0, 0xdf, 0xa1, 0x0, 0x0,
    0x6f, 0xf3, 0x0, 0x1, 0xcf, 0xfc, 0xab, 0xef,
    0xf4, 0x0, 0x0, 0x0, 0x6b, 0xef, 0xfc, 0x81,
    0x0, 0x0,

    /* U+0050 "P" */
    0x5f, 0xff, 0xff, 0xff, 0xc6, 0x0, 0x5f, 0xd9,
    0x99, 0x9b, 0xff, 0x80, 0x5f, 0x90, 0x0, 0x0,
    0x2e, 0xf2, 0x5f, 0x90, 0x0, 0x0, 0x9, 0xf5,
    0x5f, 0x90, 0x0, 0x0, 0x9, 0xf5, 0x5f, 0x90,
    0x0, 0x0, 0x2e, 0xf2, 0x5f, 0xd9, 0x99, 0x9b,
    0xff, 0x80, 0x5f, 0xff, 0xff, 0xff, 0xc5, 0x0,
    0x5f, 0x90, 0x0, 0x0, 0x0, 0x0, 0x5f, 0x90,
    0x0, 0x0, 0x0, 0x0, 0x5f, 0x90, 0x0, 0x0,
    0x0, 0x0, 0x5f, 0x90, 0x0, 0x0, 0x0, 0x0,
    0x5f, 0x90, 0x0, 0x0, 0x0, 0x0,

    /* U+0051 "Q" */
    0x0, 0x0, 0x5b, 0xef, 0xfc, 0x71, 0x0, 0x0,
    0x1, 0xcf, 0xfb, 0x9a, 0xef, 0xe4, 0x0, 0x0,
    0xcf, 0xa1, 0x0, 0x0, 0x6f, 0xf2, 0x0, 0x6f,
    0xb0, 0x0, 0x0, 0x0, 0x6f, 0xb0, 0xc, 0xf3,
    0x0, 0x0, 0x0, 0x0, 0xef, 0x10, 0xff, 0x0,
    0x0, 0x0, 0x0, 0x9, 0xf5, 0x1f, 0xd0, 0x0,
    0x0, 0x0, 0x0, 0x8f, 0x61, 0xfd, 0x0, 0x0,
    0x0, 0x0, 0x8, 0xf6, 0xe, 0xf0, 0x0, 0x0,
    0x0, 0x0, 0xaf, 0x40, 0xaf, 0x50, 0x0, 0x0,
    0x0, 0x1f, 0xf0, 0x3, 0xfe, 0x10, 0x0, 0x0,
    0xa, 0xf9, 0x0, 0x8, 0xfd, 0x50, 0x0, 0x3b,
    0xfd, 0x0, 0x0, 0x7, 0xff, 0xfe, 0xff, 0xfa,
    0x10, 0x0, 0x0, 0x1, 0x6a, 0xfd, 0x73, 0x0,
    0x0, 0x0, 0x0, 0x0, 0x3f, 0x90, 0x0, 0x0,
    0x0, 0x0, 0x0, 0x2, 0xff, 0xff, 0xf9, 0x0,
    0x0, 0x0, 0x0, 0x4, 0x99, 0x99, 0x50, 0x0,

    /* U+0052 "R" */
    0x5f, 0xff, 0xff, 0xff, 0xd9, 0x10, 0x5f, 0xd9,
    0x99, 0x9a, 0xef, 0xd0, 0x5f, 0x90, 0x0, 0x0,
    0xb, 0xf6, 0x5f, 0x90, 0x0, 0x0, 0x5, 0xf8,
    0x5f, 0x90, 0x0, 0x0, 0x7, 0xf5, 0x5f, 0x90,
    0x0, 0x0, 0x5e, 0xb0, 0x5f, 0xff, 0xff, 0xff,
    0xff, 0xb1, 0x5f, 0xc8, 0x88, 0x88, 0x8b, 0xf8,
    0x5f, 0x90, 0x0, 0x0, 0x5, 0xf8, 0x5f, 0x90,
    0x0, 0x0, 0x5, 0xf8, 0x5f, 0x90, 0x0, 0x0,
    0x5, 0xf8, 0x5f, 0x90, 0x0, 0x0, 0x5, 0xf8,
    0x5f, 0x90, 0x0, 0x0, 0x5, 0xf8,

    /* U+0053 "S" */
    0x0, 0x7, 0xcf, 0xfe, 0xb4, 0x0, 0x0, 0xdf,
    0xd9, 0x9b, 0xff, 0x80, 0x7, 0xf9, 0x0, 0x0,
    0x2e, 0xf4, 0x9, 0xf4, 0x0, 0x0, 0x6, 0xd7,
    0x7, 0xfa, 0x0, 0x0, 0x0, 0x0, 0x0, 0xcf,
    0xea, 0x74, 0x10, 0x0, 0x0, 0x6, 0xbe, 0xff,
    0xfc, 0x30, 0x0, 0x0, 0x0, 0x14, 0x9f, 0xf3,
    0x0, 0x0, 0x0, 0x0, 0x5, 0xfa, 0x3f, 0xd0,
    0x0, 0x0, 0x2, 0xfb, 0xd, 0xf8, 0x0, 0x0,
    0x9, 0xf8, 0x3, 0xef, 0xea, 0x9a, 0xef, 0xd1,
    0x0, 0x17, 0xcf, 0xff, 0xc7, 0x0,

    /* U+0054 "T" */
    0x9f, 0xff, 0xff, 0xff, 0xff, 0xff, 0x59, 0x99,
    0x9e, 0xfa, 0x99, 0x99, 0x0, 0x0, 0xc, 0xf1,
    0x0, 0x0, 0x0, 0x0, 0xc, 0xf1, 0x0, 0x0,
    0x0, 0x0, 0xc, 0xf1, 0x0, 0x0, 0x0, 0x0,
    0xc, 0xf1, 0x0, 0x0, 0x0, 0x0, 0xc, 0xf1,
    0x0, 0x0, 0x0, 0x0, 0xc, 0xf1, 0x0, 0x0,
    0x0, 0x0, 0xc, 0xf1, 0x0, 0x0, 0x0, 0x0,
    0xc, 0xf1, 0x0, 0x0, 0x0, 0x0, 0xc, 0xf1,
    0x0, 0x0, 0x0, 0x0, 0xc, 0xf1, 0x0, 0x0,
    0x0, 0x0, 0xc, 0xf1, 0x0, 0x0,

    /* U+0055 "U" */
    0x8f, 0x60, 0x0, 0x0, 0x0, 0xff, 0x8f, 0x60,
    0x0, 0x0, 0x0, 0xff, 0x8f, 0x60, 0x0, 0x0,
    0x0, 0xff, 0x8f, 0x60, 0x0, 0x0, 0x0, 0xff,
    0x8f, 0x60, 0x0, 0x0, 0x0, 0xff, 0x8f, 0x60,
    0x0, 0x0, 0x0, 0xff, 0x8f, 0x60, 0x0, 0x0,
    0x0, 0xff, 0x8f, 0x60, 0x0, 0x0, 0x0, 0xff,
    0x8f, 0x60, 0x0, 0x0, 0x0, 0xfe, 0x6f, 0xa0,
    0x0, 0x0, 0x3, 0xfc, 0x1f, 0xf6, 0x0, 0x0,
    0x2d, 0xf7, 0x5, 0xff, 0xeb, 0xbd, 0xff, 0xb0,
    0x0, 0x29, 0xdf, 0xfe, 0xb5, 0x0,

    /* U+0056 "V" */
    0x9f, 0x70, 0x0, 0x0, 0x0, 0x8, 0xf7, 0x2f,
    0xe0, 0x0, 0x0, 0x0, 0xe, 0xf1, 0xb, 0xf5,
    0x0, 0x0, 0x0, 0x6f, 0x90, 0x4, 0xfb, 0x0,
    0x0, 0x0, 0xcf, 0x20, 0x0, 0xdf, 0x20, 0x0,
    0x3, 0xfb, 0x0, 0x0, 0x7f, 0x90, 0x0, 0xa,
    0xf4, 0x0, 0x0, 0xf, 0xf0, 0x0, 0x1f, 0xd0,
    0x0, 0x0, 0x9, 0xf6, 0x0, 0x7f, 0x70, 0x0,
    0x0, 0x2, 0xfd, 0x0, 0xef, 0x0, 0x0, 0x0,
    0x0, 0xbf, 0x45, 0xf9, 0x0, 0x0, 0x0, 0x0,
    0x4f, 0xbb, 0xf2, 0x0, 0x0, 0x0, 0x0, 0xd,
    0xff, 0xb0, 0x0, 0x0, 0x0, 0x0, 0x6, 0xff,
    0x40, 0x0, 0x0,

    /* U+0057 "W" */
    0x4f, 0xa0, 0x0, 0x0, 0x4f, 0xe0, 0x0, 0x0,
    0xe, 0xf1, 0xf, 0xf0, 0x0, 0x0, 0x9f, 0xf3,
    0x0, 0x0, 0x3f, 0xb0, 0xa, 0xf4, 0x0, 0x0,
    0xdd, 0xf8, 0x0, 0x0, 0x8f, 0x60, 0x5, 0xf8,
    0x0, 0x2, 0xf6, 0xdd, 0x0, 0x0, 0xcf, 0x20,
    0x1, 0xfd, 0x0, 0x7, 0xf1, 0x7f, 0x20, 0x1,
    0xfd, 0x0, 0x0, 0xcf, 0x10, 0xc, 0xc0, 0x2f,
    0x70, 0x5, 0xf8, 0x0, 0x0, 0x7f, 0x60, 0x1f,
    0x80, 0xd, 0xc0, 0xa, 0xf3, 0x0, 0x0, 0x2f,
    0xb0, 0x6f, 0x30, 0x8, 0xf2, 0xe, 0xe0, 0x0,
    0x0, 0xd, 0xf0, 0xbe, 0x0, 0x3, 0xf7, 0x3f,
    0x90, 0x0, 0x0, 0x8, 0xf4, 0xf9, 0x0, 0x0,
    0xec, 0x8f, 0x40, 0x0, 0x0, 0x3, 0xfd, 0xf4,
    0x0, 0x0, 0x9f, 0xdf, 0x0, 0x0, 0x0, 0x0,
    0xef, 0xf0, 0x0, 0x0, 0x4f, 0xfa, 0x0, 0x0,
    0x0, 0x0, 0x9f, 0xb0, 0x0, 0x0, 0xf, 0xf5,
    0x0, 0x0,

    /* U+0058 "X" */
    0x1e, 0xf3, 0x0, 0x0, 0x1, 0xee, 0x10, 0x3f,
    0xd1, 0x0, 0x0, 0xcf, 0x40, 0x0, 0x7f, 0xa0,
    0x0, 0x8f, 0x80, 0x0, 0x0, 0xbf, 0x70, 0x4f,
    0xb0, 0x0, 0x0, 0x1, 0xef, 0x5e, 0xe1, 0x0,
    0x0, 0x0, 0x3, 0xff, 0xf3, 0x0, 0x0, 0x0,
    0x0, 0xd, 0xfe, 0x10, 0x0, 0x0, 0x0, 0x9,
    0xfc, 0xfa, 0x0, 0x0, 0x0, 0x5, 0xfb, 0xb,
    0xf6, 0x0, 0x0, 0x2, 0xfe, 0x10, 0x1e, 0xf3,
    0x0, 0x0, 0xcf, 0x30, 0x0, 0x4f, 0xd0, 0x0,
    0x9f, 0x70, 0x0, 0x0, 0x8f, 0xa0, 0x5f, 0xb0,
    0x0, 0x0, 0x0, 0xcf, 0x60,

    /* U+0059 "Y" */
    0x7f, 0xb0, 0x0, 0x0, 0x1, 0xfe, 0x10, 0xdf,
    0x50, 0x0, 0x0, 0xaf, 0x60, 0x3, 0xfe, 0x0,
    0x0, 0x4f, 0xb0, 0x0, 0x9, 0xf9, 0x0, 0xe,
    0xf2, 0x0, 0x0, 0x1e, 0xf3, 0x8, 0xf7, 0x0,
    0x0, 0x0, 0x5f, 0xc3, 0xfd, 0x0, 0x0, 0x0,
    0x0, 0xbf, 0xff, 0x30, 0x0, 0x0, 0x0, 0x1,
    0xff, 0x90, 0x0, 0x0, 0x0, 0x0, 0xb, 0xf3,
    0x0, 0x0, 0x0, 0x0, 0x0, 0xbf, 0x30, 0x0,
    0x0, 0x0, 0x0, 0xb, 0xf3, 0x0, 0x0, 0x0,
    0x0, 0x0, 0xbf, 0x30, 0x0, 0x0, 0x0, 0x0,
    0xb, 0xf3, 0x0, 0x0, 0x0,

    /* U+005A "Z" */
    0xf, 0xff, 0xff, 0xff, 0xff, 0xf1, 0x9, 0x99,
    0x99, 0x99, 0xcf, 0xe0, 0x0, 0x0, 0x0, 0x1,
    0xef, 0x30, 0x0, 0x0, 0x0, 0xc, 0xf5, 0x0,
    0x0, 0x0, 0x0, 0x9f, 0x90, 0x0, 0x0, 0x0,
    0x6, 0xfc, 0x0, 0x0, 0x0, 0x0, 0x3f, 0xe1,
    0x0, 0x0, 0x0, 0x1, 0xef, 0x30, 0x0, 0x0,
    0x0, 0xc, 0xf6, 0x0, 0x0, 0x0, 0x0, 0x9f,
    0x90, 0x0, 0x0, 0x0, 0x6, 0xfc, 0x0, 0x0,
    0x0, 0x0, 0x2f, 0xfa, 0x99, 0x99, 0x99, 0x92,
    0x5f, 0xff, 0xff, 0xff, 0xff, 0xf4,

    /* U+005B "[" */
    0x8f, 0xff, 0xd8, 0xf8, 0x65, 0x8f, 0x20, 0x8,
    0xf2, 0x0, 0x8f, 0x20, 0x8, 0xf2, 0x0, 0x8f,
    0x20, 0x8, 0xf2, 0x0, 0x8f, 0x20, 0x8, 0xf2,
    0x0, 0x8f, 0x20, 0x8, 0xf2, 0x0, 0x8f, 0x20,
    0x8, 0xf2, 0x0, 0x8f, 0x41, 0x18, 0xff, 0xfd,
    0x24, 0x44, 0x40,

    /* U+005C "\\" */
    0x8f, 0x20, 0x0, 0x2, 0xf8, 0x0, 0x0, 0xd,
    0xe0, 0x0, 0x0, 0x7f, 0x30, 0x0, 0x1, 0xf9,
    0x0, 0x0, 0xc, 0xe0, 0x0, 0x0, 0x6f, 0x40,
    0x0, 0x1, 0xfa, 0x0, 0x0, 0xa, 0xf0, 0x0,
    0x0, 0x5f, 0x50, 0x0, 0x0, 0xfb, 0x0, 0x0,
    0x9, 0xf1, 0x0, 0x0, 0x4f, 0x60, 0x0, 0x0,
    0xec,

    /* U+005D "]" */
    0x8f, 0xff, 0xe3, 0x66, 0xee, 0x0, 0xc, 0xe0,
    0x0, 0xce, 0x0, 0xc, 0xe0, 0x0, 0xce, 0x0,
    0xc, 0xe0, 0x0, 0xce, 0x0, 0xc, 0xe0, 0x0,
    0xce, 0x0, 0xc, 0xe0, 0x0, 0xce, 0x0, 0xc,
    0xe0, 0x0, 0xce, 0x1, 0x1d, 0xe8, 0xff, 0xfe,
    0x24, 0x44, 0x40,

    /* U+005E "^" */
    0x0, 0x1, 0x85, 0x0, 0x0, 0x0, 0x8, 0xff,
    0x0, 0x0, 0x0, 0xe, 0xbf, 0x70, 0x0, 0x0,
    0x5f, 0x2a, 0xd0, 0x0, 0x0, 0xcc, 0x4, 0xf4,
    0x0, 0x3, 0xf5, 0x0, 0xdb, 0x0, 0xa, 0xe0,
    0x0, 0x6f, 0x20, 0x1f, 0x70, 0x0, 0xf, 0x90,
    0x8f, 0x10, 0x0, 0x9, 0xf1,

    /* U+005F "_" */
    0x0, 0x0, 0x0, 0x0, 0x0, 0x0, 0x1f, 0xff,
    0xff, 0xff, 0xff, 0xf1, 0x3, 0x33, 0x33, 0x33,
    0x33, 0x30,

    /* U+0060 "`" */
    0x8f, 0x70, 0xa, 0xf1, 0x0, 0xca,

    /* U+0061 "a" */
    0x0, 0x5c, 0xff, 0xe9, 0x10, 0x0, 0x7f, 0xe9,
    0x8b, 0xfe, 0x10, 0xd, 0xd1, 0x0, 0x7, 0xf7,
    0x0, 0x0, 0x1, 0x11, 0x4f, 0x90, 0x3, 0xcf,
    0xff, 0xff, 0xf9, 0x0, 0xee, 0x64, 0x44, 0x6f,
    0x90, 0x4f, 0x80, 0x0, 0x5, 0xf9, 0x4, 0xf9,
    0x0, 0x1, 0xdf, 0xa0, 0xd, 0xfa, 0x79, 0xeb,
    0xaf, 0x80, 0x1a, 0xef, 0xd7, 0x7, 0xf8,

    /* U+0062 "b" */
    0x3, 0xfa, 0x0, 0x0, 0x0, 0x0, 0x3, 0xfa,
    0x0, 0x0, 0x0, 0x0, 0x3, 0xfa, 0x0, 0x0,
    0x0, 0x0, 0x3, 0xfa, 0x0, 0x0, 0x0, 0x0,
    0x3, 0xfa, 0x3b, 0xff, 0xd6, 0x0, 0x3, 0xfc,
    0xfc, 0x9a, 0xff, 0x80, 0x3, 0xff, 0x50, 0x0,
    0x2e, 0xf3, 0x3, 0xfc, 0x0, 0x0, 0x7, 0xf8,
    0x3, 0xfa, 0x0, 0x0, 0x3, 0xfa, 0x3, 0xfa,
    0x0, 0x0, 0x3, 0xfa, 0x3, 0xfc, 0x0, 0x0,
    0x7, 0xf8, 0x4, 0xff, 0x50, 0x0, 0x2e, 0xf3,
    0x3f, 0xd6, 0xfc, 0x9a, 0xff, 0x80, 0x3f, 0xd0,
    0x4c, 0xff, 0xc5, 0x0,

    /* U+0063 "c" */
    0x0, 0x18, 0xdf, 0xfc, 0x50, 0x0, 0x1d, 0xfd,
    0xaa, 0xef, 0x80, 0xa, 0xf8, 0x0, 0x1, 0xdf,
    0x20, 0xfe, 0x0, 0x0, 0x3, 0x62, 0x3f, 0xb0,
    0x0, 0x0, 0x0, 0x3, 0xfb, 0x0, 0x0, 0x0,
    0x0, 0xf, 0xe0, 0x0, 0x0, 0x38, 0x40, 0xaf,
    0x80, 0x0, 0x1d, 0xf2, 0x1, 0xdf, 0xda, 0xae,
    0xf8, 0x0, 0x1, 0x8d, 0xff, 0xc5, 0x0,

    /* U+0064 "d" */
    0x0, 0x0, 0x0, 0x0, 0x3f, 0xb0, 0x0, 0x0,
    0x0, 0x0, 0x3f, 0xb0, 0x0, 0x0, 0x0, 0x0,
    0x3f, 0xb0, 0x0, 0x0, 0x0, 0x0, 0x3f, 0xb0,
    0x0, 0x2a, 0xef, 0xd7, 0x3f, 0xb0, 0x2, 0xef,
    0xd9, 0xae, 0xbf, 0xb0, 0xb, 0xf8, 0x0, 0x1,
    0xdf, 0xb0, 0x1f, 0xe0, 0x0, 0x0, 0x5f, 0xb0,
    0x3f, 0xb0, 0x0, 0x0, 0x3f, 0xb0, 0x3f, 0xb0,
    0x0, 0x0, 0x3f, 0xb0, 0x1f, 0xe0, 0x0, 0x0,
    0x5f, 0xb0, 0xb, 0xf8, 0x0, 0x1, 0xdf, 0xb1,
    0x2, 0xef, 0xd9, 0xae, 0xb7, 0xfa, 0x0, 0x2a,
    0xef, 0xe9, 0x5, 0xfa,

    /* U+0065 "e" */
    0x0, 0x18, 0xdf, 0xfc, 0x50, 0x0, 0x1d, 0xfb,
    0x89, 0xef, 0x70, 0xa, 0xf6, 0x0, 0x0, 0xdf,
    0x20, 0xfd, 0x11, 0x11, 0x16, 0xf7, 0x3f, 0xff,
    0xff, 0xff, 0xff, 0x83, 0xfb, 0x44, 0x44, 0x44,
    0x42, 0xf, 0xd0, 0x0, 0x0, 0x12, 0x10, 0xaf,
    0x70, 0x0, 0xc, 0xf3, 0x1, 0xdf, 0xc9, 0x9e,
    0xf9, 0x0, 0x0, 0x8d, 0xff, 0xc6, 0x0,

    /* U+0066 "f" */
    0x0, 0x3e, 0xff, 0xd0, 0xa, 0xf8, 0x65, 0x0,
    0xaf, 0x30, 0x0, 0xa, 0xf3, 0x0, 0xbf, 0xff,
    0xff, 0xa4, 0x6c, 0xf8, 0x64, 0x0, 0xaf, 0x30,
    0x0, 0xa, 0xf3, 0x0, 0x0, 0xaf, 0x30, 0x0,
    0xa, 0xf3, 0x0, 0x0, 0xaf, 0x30, 0x0, 0xa,
    0xf3, 0x0, 0x0, 0xaf, 0x30, 0x0, 0xa, 0xf3,
    0x0,

    /* U+0067 "g" */
    0x0, 0x19, 0xef, 0xe9, 0x15, 0xfb, 0x1, 0xef,
    0xea, 0xae, 0xc8, 0xfb, 0xa, 0xf9, 0x0, 0x1,
    0xcf, 0xb1, 0xf, 0xe0, 0x0, 0x0, 0x4f, 0xb0,
    0x2f, 0xb0, 0x0, 0x0, 0x2f, 0xb0, 0x2f, 0xb0,
    0x0, 0x0, 0x2f, 0xb0, 0xf, 0xe0, 0x0, 0x0,
    0x4f, 0xb0, 0xa, 0xf9, 0x0, 0x1, 0xcf, 0xb0,
    0x2, 0xef, 0xda, 0xae, 0xbf, 0xb0, 0x0, 0x19,
    0xef, 0xe8, 0x2f, 0xb0, 0x2, 0x10, 0x0, 0x0,
    0x3f, 0xa0, 0x1f, 0xf2, 0x0, 0x0, 0xbf, 0x60,
    0x7, 0xff, 0xa8, 0x9e, 0xfb, 0x0, 0x0, 0x4b,
    0xef, 0xfc, 0x70, 0x0,

    /* U+0068 "h" */
    0xaf, 0x30, 0x0, 0x0, 0x0, 0xaf, 0x30, 0x0,
    0x0, 0x0, 0xaf, 0x30, 0x0, 0x0, 0x0, 0xaf,
    0x30, 0x0, 0x0, 0x0, 0xaf, 0x37, 0xdf, 0xea,
    0x20, 0xaf, 0xce, 0xaa, 0xdf, 0xe1, 0xaf, 0xc0,
    0x0, 0xa, 0xf8, 0xaf, 0x50, 0x0, 0x2, 0xfb,
    0xaf, 0x30, 0x0, 0x1, 0xfc, 0xaf, 0x30, 0x0,
    0x1, 0xfc, 0xaf, 0x30, 0x0, 0x1, 0xfc, 0xaf,
    0x30, 0x0, 0x1, 0xfc, 0xaf, 0x30, 0x0, 0x1,
    0xfc, 0xaf, 0x30, 0x0, 0x1, 0xfc,

    /* U+0069 "i" */
    0x7f, 0x4a, 0xf6, 0x2, 0x8, 0xf5, 0x8f, 0x58,
    0xf5, 0x8f, 0x58, 0xf5, 0x8f, 0x58, 0xf5, 0x8f,
    0x58, 0xf5, 0x8f, 0x50,

    /* U+006A "j" */
    0x0, 0x7f, 0x40, 0x9, 0xf6, 0x0, 0x2, 0x0,
    0x7, 0xf5, 0x0, 0x7f, 0x50, 0x7, 0xf5, 0x0,
    0x7f, 0x50, 0x7, 0xf5, 0x0, 0x7f, 0x50, 0x7,
    0xf5, 0x0, 0x7f, 0x50, 0x7, 0xf5, 0x0, 0x7f,
    0x50, 0x7, 0xf5, 0x0, 0x7f, 0x53, 0x6b, 0xf4,
    0x9f, 0xfc, 0x0,

    /* U+006B "k" */
    0xaf, 0x30, 0x0, 0x0, 0x0, 0xaf, 0x30, 0x0,
    0x0, 0x0, 0xaf, 0x30, 0x0, 0x0, 0x0, 0xaf,
    0x30, 0x0, 0x0, 0x0, 0xaf, 0x30, 0x0, 0x7f,
    0xc1, 0xaf, 0x30, 0x8, 0xfb, 0x0, 0xaf, 0x30,
    0x9f, 0x90, 0x0, 0xaf, 0x3a, 0xf8, 0x0, 0x0,
    0xaf, 0xdf, 0xf2, 0x0, 0x0, 0xaf, 0xf8, 0xfd,
    0x10, 0x0, 0xaf, 0x40, 0x7f, 0xc0, 0x0, 0xaf,
    0x30, 0x9, 0xfa, 0x0, 0xaf, 0x30, 0x0, 0xbf,
    0x70, 0xaf, 0x30, 0x0, 0x1d, 0xf5,

    /* U+006C "l" */
    0x8f, 0x58, 0xf5, 0x8f, 0x58, 0xf5, 0x8f, 0x58,
    0xf5, 0x8f, 0x58, 0xf5, 0x8f, 0x58, 0xf5, 0x8f,
    0x58, 0xf5, 0x8f, 0x58, 0xf5,

    /* U+006D "m" */
    0x3f, 0xd0, 0x4c, 0xff, 0xb2, 0x7, 0xdf, 0xea,
    0x10, 0x2e, 0xd6, 0xe8, 0x7b, 0xfe, 0x9d, 0x87,
    0xbf, 0xd0, 0x3, 0xff, 0x10, 0x0, 0x9f, 0xe1,
    0x0, 0x9, 0xf6, 0x3, 0xfb, 0x0, 0x0, 0x4f,
    0xb0, 0x0, 0x4, 0xf9, 0x3, 0xfa, 0x0, 0x0,
    0x3f, 0xa0, 0x0, 0x4, 0xf9, 0x3, 0xfa, 0x0,
    0x0, 0x3f, 0xa0, 0x0, 0x4, 0xf9, 0x3, 0xfa,
    0x0, 0x0, 0x3f, 0xa0, 0x0, 0x4, 0xf9, 0x3,
    0xfa, 0x0, 0x0, 0x3f, 0xa0, 0x0, 0x4, 0xf9,
    0x3, 0xfa, 0x0, 0x0, 0x3f, 0xa0, 0x0, 0x4,
    0xf9, 0x3, 0xfa, 0x0, 0x0, 0x3f, 0xa0, 0x0,
    0x4, 0xf9,

    /* U+006E "n" */
    0x3f, 0xd0, 0x4c, 0xff, 0xc5, 0x0, 0x2e, 0xd7,
    0xe8, 0x78, 0xef, 0x70, 0x3, 0xff, 0x20, 0x0,
    0x2f, 0xf0, 0x3, 0xfb, 0x0, 0x0, 0xb, 0xf3,
    0x3, 0xfa, 0x0, 0x0, 0xa, 0xf3, 0x3, 0xfa,
    0x0, 0x0, 0xa, 0xf3, 0x3, 0xfa, 0x0, 0x0,
    0xa, 0xf3, 0x3, 0xfa, 0x0, 0x0, 0xa, 0xf3,
    0x3, 0xfa, 0x0, 0x0, 0xa, 0xf3, 0x3, 0xfa,
    0x0, 0x0, 0xa, 0xf3,

    /* U+006F "o" */
    0x0, 0x8, 0xdf, 0xfc, 0x70, 0x0, 0x1, 0xdf,
    0xda, 0xae, 0xfc, 0x0, 0xa, 0xf9, 0x0, 0x0,
    0xbf, 0x70, 0xf, 0xe0, 0x0, 0x0, 0x1f, 0xd0,
    0x3f, 0xb0, 0x0, 0x0, 0xd, 0xf0, 0x3f, 0xb0,
    0x0, 0x0, 0xd, 0xf0, 0xf, 0xe0, 0x0, 0x0,
    0x1f, 0xd0, 0xa, 0xf9, 0x0, 0x0, 0xbf, 0x70,
    0x1, 0xdf, 0xda, 0xae, 0xfb, 0x0, 0x0, 0x8,
    0xdf, 0xfc, 0x70, 0x0,

    /* U+0070 "p" */
    0x3f, 0xd0, 0x4c, 0xff, 0xc5, 0x0, 0x2e, 0xd6,
    0xf9, 0x67, 0xdf, 0x80, 0x3, 0xff, 0x30, 0x0,
    0xd, 0xf3, 0x3, 0xfb, 0x0, 0x0, 0x6, 0xf8,
    0x3, 0xfa, 0x0, 0x0, 0x3, 0xfa, 0x3, 0xfa,
    0x0, 0x0, 0x3, 0xfa, 0x3, 0xfc, 0x0, 0x0,
    0x7, 0xf8, 0x3, 0xff, 0x60, 0x0, 0x2e, 0xf3,
    0x3, 0xfc, 0xfc, 0x9a, 0xff, 0x80, 0x3, 0xfa,
    0x2b, 0xff, 0xd6, 0x0, 0x3, 0xfa, 0x0, 0x0,
    0x0, 0x0, 0x3, 0xfa, 0x0, 0x0, 0x0, 0x0,
    0x3, 0xfa, 0x0, 0x0, 0x0, 0x0, 0x3, 0xfa,
    0x0, 0x0, 0x0, 0x0,

    /* U+0071 "q" */
    0x0, 0x2a, 0xef, 0xe8, 0x5, 0xfa, 0x2, 0xef,
    0xd9, 0xae, 0xb7, 0xfa, 0xb, 0xf8, 0x0, 0x1,
    0xdf, 0xb1, 0xf, 0xe0, 0x0, 0x0, 0x5f, 0xb0,
    0x3f, 0xb0, 0x0, 0x0, 0x3f, 0xb0, 0x3f, 0xb0,
    0x0, 0x0, 0x3f, 0xb0, 0x1f, 0xe0, 0x0, 0x0,
    0x5f, 0xb0, 0xb, 0xf8, 0x0, 0x1, 0xdf, 0xb0,
    0x2, 0xef, 0xd9, 0xae, 0xbf, 0xb0, 0x0, 0x2a,
    0xef, 0xd7, 0x3f, 0xb0, 0x0, 0x0, 0x0, 0x0,
    0x3f, 0xb0, 0x0, 0x0, 0x0, 0x0, 0x3f, 0xb0,
    0x0, 0x0, 0x0, 0x0, 0x3f, 0xb0, 0x0, 0x0,
    0x0, 0x0, 0x3f, 0xb0,

    /* U+0072 "r" */
    0xff, 0x2, 0xbf, 0xde, 0xf1, 0xec, 0x86, 0xf,
    0xf9, 0x0, 0x0, 0xff, 0x0, 0x0, 0xf, 0xd0,
    0x0, 0x0, 0xfd, 0x0, 0x0, 0xf, 0xd0, 0x0,
    0x0, 0xfd, 0x0, 0x0, 0xf, 0xd0, 0x0, 0x0,
    0xfd, 0x0, 0x0,

    /* U+0073 "s" */
    0x0, 0x6c, 0xff, 0xd7, 0x0, 0x8, 0xfc, 0x77,
    0xcf, 0xa0, 0xd, 0xe0, 0x0, 0xc, 0xf2, 0xc,
    0xf5, 0x0, 0x0, 0x0, 0x3, 0xef, 0xfd, 0xa6,
    0x0, 0x0, 0x5, 0x8a, 0xef, 0xc0, 0x2, 0x10,
    0x0, 0x9, 0xf4, 0x3f, 0xb0, 0x0, 0x7, 0xf4,
    0xb, 0xfd, 0x87, 0xaf, 0xe0, 0x0, 0x7c, 0xff,
    0xe9, 0x10,

    /* U+0074 "t" */
    0x0, 0x68, 0x0, 0x0, 0xd, 0xf0, 0x0, 0x0,
    0xdf, 0x0, 0xb, 0xff, 0xff, 0xfa, 0x46, 0xef,
    0x66, 0x40, 0xd, 0xf0, 0x0, 0x0, 0xdf, 0x0,
    0x0, 0xd, 0xf0, 0x0, 0x0, 0xdf, 0x0, 0x0,
    0xd, 0xf0, 0x0, 0x0, 0xdf, 0x0, 0x0, 0xc,
    0xf7, 0x76, 0x0, 0x6f, 0xff, 0xe0,

    /* U+0075 "u" */
    0xbf, 0x20, 0x0, 0x2, 0xfb, 0xb, 0xf2, 0x0,
    0x0, 0x2f, 0xb0, 0xbf, 0x20, 0x0, 0x2, 0xfb,
    0xb, 0xf2, 0x0, 0x0, 0x2f, 0xb0, 0xbf, 0x20,
    0x0, 0x2, 0xfb, 0xb, 0xf2, 0x0, 0x0, 0x2f,
    0xb0, 0xbf, 0x30, 0x0, 0x4, 0xfb, 0x8, 0xfb,
    0x0, 0x0, 0xcf, 0xb0, 0x1e, 0xfd, 0xaa, 0xec,
    0x8f, 0xb0, 0x2a, 0xef, 0xe9, 0x5, 0xfb,

    /* U+0076 "v" */
    0xbf, 0x40, 0x0, 0x0, 0x6f, 0x74, 0xfa, 0x0,
    0x0, 0xd, 0xf1, 0xd, 0xf1, 0x0, 0x4, 0xf9,
    0x0, 0x6f, 0x80, 0x0, 0xaf, 0x20, 0x0, 0xfe,
    0x0, 0x1f, 0xc0, 0x0, 0x8, 0xf5, 0x7, 0xf5,
    0x0, 0x0, 0x2f, 0xc0, 0xee, 0x0, 0x0, 0x0,
    0xbf, 0x7f, 0x70, 0x0, 0x0, 0x4, 0xff, 0xf1,
    0x0, 0x0, 0x0, 0xd, 0xf9, 0x0, 0x0,

    /* U+0077 "w" */
    0x8f, 0x60, 0x0, 0xc, 0xf7, 0x0, 0x0, 0xaf,
    0x33, 0xfa, 0x0, 0x2, 0xff, 0xd0, 0x0, 0xf,
    0xe0, 0xe, 0xf0, 0x0, 0x7f, 0xbf, 0x30, 0x4,
    0xf9, 0x0, 0x9f, 0x40, 0xd, 0xd3, 0xf8, 0x0,
    0x9f, 0x40, 0x4, 0xf9, 0x3, 0xf7, 0xd, 0xe0,
    0xd, 0xe0, 0x0, 0xf, 0xd0, 0x8f, 0x20, 0x7f,
    0x42, 0xfa, 0x0, 0x0, 0xaf, 0x2e, 0xc0, 0x1,
    0xf9, 0x7f, 0x50, 0x0, 0x5, 0xfb, 0xf6, 0x0,
    0xc, 0xfc, 0xf0, 0x0, 0x0, 0xf, 0xff, 0x10,
    0x0, 0x6f, 0xfb, 0x0, 0x0, 0x0, 0xbf, 0xb0,
    0x0, 0x1, 0xff, 0x60, 0x0,

    /* U+0078 "x" */
    0x2f, 0xe1, 0x0, 0x3, 0xfd, 0x0, 0x5f, 0xb0,
    0x1, 0xdf, 0x20, 0x0, 0x9f, 0x80, 0xbf, 0x50,
    0x0, 0x0, 0xcf, 0xaf, 0x80, 0x0, 0x0, 0x1,
    0xef, 0xc0, 0x0, 0x0, 0x0, 0x3f, 0xfe, 0x10,
    0x0, 0x0, 0x1e, 0xe7, 0xfc, 0x0, 0x0, 0xc,
    0xf4, 0x9, 0xf8, 0x0, 0x8, 0xf8, 0x0, 0xc,
    0xf5, 0x5, 0xfb, 0x0, 0x0, 0x1e, 0xf2,

    /* U+0079 "y" */
    0xaf, 0x40, 0x0, 0x0, 0x6f, 0x73, 0xfb, 0x0,
    0x0, 0xc, 0xf1, 0xc, 0xf2, 0x0, 0x3, 0xf9,
    0x0, 0x5f, 0x90, 0x0, 0xaf, 0x20, 0x0, 0xdf,
    0x10, 0x1f, 0xc0, 0x0, 0x7, 0xf7, 0x7, 0xf5,
    0x0, 0x0, 0xf, 0xe0, 0xde, 0x0, 0x0, 0x0,
    0x8f, 0xaf, 0x70, 0x0, 0x0, 0x1, 0xff, 0xf1,
    0x0, 0x0, 0x0, 0xa, 0xf9, 0x0, 0x0, 0x0,
    0x0, 0x9f, 0x30, 0x0, 0x0, 0x0, 0xf, 0xc0,
    0x0, 0x0, 0x6, 0x7a, 0xf5, 0x0, 0x0, 0x0,
    0xdf, 0xfb, 0x0, 0x0, 0x0,

    /* U+007A "z" */
    0xf, 0xff, 0xff, 0xff, 0xf0, 0x7, 0x77, 0x77,
    0xbf, 0xb0, 0x0, 0x0, 0x3, 0xfd, 0x0, 0x0,
    0x0, 0x1e, 0xe2, 0x0, 0x0, 0x0, 0xcf, 0x40,
    0x0, 0x0, 0xa, 0xf6, 0x0, 0x0, 0x0, 0x7f,
    0x90, 0x0, 0x0, 0x4, 0xfb, 0x0, 0x0, 0x0,
    0x2f, 0xf8, 0x77, 0x77, 0x70, 0x5f, 0xff, 0xff,
    0xff, 0xf0,

    /* U+007B "{" */
    0x0, 0x3, 0xbe, 0xb0, 0x0, 0xff, 0x95, 0x0,
    0x3f, 0x90, 0x0, 0x4, 0xf8, 0x0, 0x0, 0x4f,
    0x80, 0x0, 0x4, 0xf7, 0x0, 0x13, 0xcf, 0x40,
    0x7, 0xfe, 0x50, 0x0, 0x27, 0xef, 0x20, 0x0,
    0x5, 0xf7, 0x0, 0x0, 0x4f, 0x80, 0x0, 0x4,
    0xf8, 0x0, 0x0, 0x4f, 0x80, 0x0, 0x3, 0xf8,
    0x0, 0x0, 0x1f, 0xe4, 0x10, 0x0, 0x6f, 0xfb,
    0x0, 0x0, 0x3, 0x30,

    /* U+007C "|" */
    0xbb, 0xbb, 0xbb, 0xbb, 0xbb, 0xbb, 0xbb, 0xbb,
    0xbb, 0xbb, 0xbb, 0xbb, 0xbb, 0xbb, 0xbb, 0xbb,
    0x77,

    /* U+007D "}" */
    0x7f, 0xc4, 0x0, 0x3, 0x9f, 0xf2, 0x0, 0x0,
    0x6f, 0x60, 0x0, 0x4, 0xf7, 0x0, 0x0, 0x4f,
    0x70, 0x0, 0x4, 0xf7, 0x0, 0x0, 0x4f, 0x80,
    0x0, 0x1, 0xee, 0x51, 0x0, 0x3, 0xdf, 0xa0,
    0x0, 0xef, 0x73, 0x0, 0x4f, 0x80, 0x0, 0x4,
    0xf7, 0x0, 0x0, 0x4f, 0x70, 0x0, 0x5, 0xf7,
    0x0, 0x13, 0xcf, 0x40, 0x8, 0xff, 0x90, 0x0,
    0x24, 0x10, 0x0, 0x0,

    /* U+007E "~" */
    0x4, 0x76, 0x10, 0x0, 0x20, 0x7f, 0xff, 0xfc,
    0x89, 0xf0, 0x64, 0x1, 0x6c, 0xfe, 0x80,

    /* U+00A0 " " */

    /* U+00A1 "¡" */
    0x6f, 0x8a, 0xfc, 0x16, 0x20, 0x0, 0x3f, 0x54,
    0xf6, 0x4f, 0x65, 0xf7, 0x6f, 0x86, 0xf8, 0x6f,
    0x86, 0xf8, 0x6f, 0x81, 0x31,

    /* U+00A2 "¢" */
    0x0, 0x0, 0x8e, 0x0, 0x0, 0x0, 0x4, 0xbf,
    0x50, 0x0, 0x3, 0xdf, 0xff, 0xff, 0x50, 0x1f,
    0xf8, 0x32, 0x5e, 0xf3, 0x9f, 0x70, 0x0, 0x3,
    0xd9, 0xdf, 0x10, 0x0, 0x0, 0x0, 0xef, 0x0,
    0x0, 0x0, 0x0, 0xcf, 0x20, 0x0, 0x0, 0x32,
    0x7f, 0x90, 0x0, 0x5, 0xfa, 0xd, 0xfb, 0x65,
    0x9f, 0xf2, 0x1, 0xaf, 0xff, 0xfc, 0x30, 0x0,
    0x1, 0xaf, 0x20, 0x0, 0x0, 0x0, 0x8e, 0x0,
    0x0,

    /* U+00A3 "£" */
    0x0, 0x3, 0xbe, 0xfe, 0x91, 0x0, 0x3, 0xff,
    0xa8, 0xbf, 0xd0, 0x0, 0xbf, 0x30, 0x0, 0x8f,
    0x50, 0xd, 0xe0, 0x0, 0x0, 0x21, 0x0, 0xcf,
    0x0, 0x0, 0x0, 0x1, 0x1b, 0xf2, 0x11, 0x10,
    0x0, 0xdf, 0xff, 0xff, 0xff, 0x30, 0x3, 0x49,
    0xf7, 0x44, 0x40, 0x0, 0x0, 0x5f, 0x50, 0x0,
    0x0, 0x0, 0x5, 0xf6, 0x0, 0x0, 0x0, 0x0,
    0x9f, 0x10, 0x0, 0x0, 0x0, 0x9f, 0xb9, 0x99,
    0x99, 0x96, 0xf, 0xff, 0xff, 0xff, 0xff, 0xb0,

    /* U+00A4 "¤" */
    0x0, 0x0, 0x0, 0x0, 0x2, 0xc2, 0x0, 0x1,
    0xc4, 0x3e, 0xec, 0xfd, 0xdf, 0x30, 0x4f, 0xb6,
    0xaf, 0x60, 0x7, 0xe0, 0x0, 0xd9, 0x0, 0x8d,
    0x0, 0xc, 0x90, 0x4, 0xf7, 0x16, 0xf5, 0x0,
    0xcf, 0xff, 0xff, 0xd1, 0x4f, 0x41, 0x41, 0x3f,
    0x60, 0x10, 0x0, 0x0, 0x10,

    /* U+00A5 "¥" */
    0x6f, 0xa0, 0x0, 0x0, 0x1f, 0xd0, 0xb, 0xf5,
    0x0, 0x0, 0xbf, 0x30, 0x2, 0xfe, 0x10, 0x6,
    0xf9, 0x0, 0x0, 0x6f, 0xa0, 0x1f, 0xd0, 0x0,
    0x0, 0xb, 0xf4, 0xbf, 0x30, 0x0, 0x0, 0x2,
    0xff, 0xf9, 0x0, 0x0, 0x8, 0xff, 0xff, 0xff,
    0xff, 0x0, 0x1, 0x33, 0x4f, 0xb3, 0x33, 0x0,
    0x0, 0x0, 0x2f, 0xa0, 0x0, 0x0, 0x8, 0xff,
    0xff, 0xff, 0xff, 0x0, 0x1, 0x33, 0x4f, 0xb3,
    0x33, 0x0, 0x0, 0x0, 0x2f, 0xa0, 0x0, 0x0,
    0x0, 0x0, 0x2f, 0xa0, 0x0, 0x0,

    /* U+00A6 "¦" */
    0xbb, 0xbb, 0xbb, 0xbb, 0xbb, 0xbb, 0x55, 0x0,
    0x0, 0x0, 0xbb, 0xbb, 0xbb, 0xbb, 0xbb, 0xbb,
    0x55,

    /* U+00A7 "§" */
    0x0, 0x2a, 0xef, 0xeb, 0x40, 0x0, 0x3f, 0xfa,
    0x89, 0xef, 0x80, 0xa, 0xf2, 0x0, 0x1, 0xef,
    0x20, 0xcf, 0x0, 0x0, 0x4, 0x82, 0x7, 0xfc,
    0x51, 0x0, 0x0, 0x0, 0xa, 0xff, 0xfe, 0xb7,
    0x10, 0x7, 0xf6, 0x47, 0xae, 0xfe, 0x21, 0xfa,
    0x0, 0x0, 0x6, 0xfb, 0x1f, 0xd0, 0x0, 0x0,
    0xe, 0xc0, 0x9f, 0xe9, 0x63, 0x4, 0xf7, 0x0,
    0x5c, 0xff, 0xff, 0xf7, 0x0, 0x0, 0x0, 0x36,
    0xaf, 0xe1, 0x2, 0x10, 0x0, 0x0, 0x7f, 0x63,
    0xfc, 0x0, 0x0, 0x5, 0xf7, 0xc, 0xfa, 0x20,
    0x4, 0xdf, 0x20, 0x1b, 0xff, 0xff, 0xff, 0x50,
    0x0, 0x2, 0x68, 0x85, 0x10, 0x0,

    /* U+00A8 "¨" */
    0x0, 0x0, 0x0, 0x0, 0xe, 0xe0, 0xe, 0xe0,
    0xd, 0xd0, 0xd, 0xd0,

    /* U+00A9 "©" */
    0x0, 0x0, 0x0, 0x1, 0x10, 0x0, 0x0, 0x0,
    0x0, 0x0, 0x5b, 0xff, 0xff, 0xb5, 0x0, 0x0,
    0x0, 0x1c, 0xfc, 0x75, 0x57, 0xcf, 0xc1, 0x0,
    0x1, 0xde, 0x40, 0x0, 0x0, 0x4, 0xed, 0x10,
    0xb, 0xe2, 0x2, 0xbf, 0xfb, 0x20, 0x2e, 0xb0,
    0x4f, 0x50, 0x1e, 0xd5, 0x5d, 0xe0, 0x5, 0xf4,
    0xae, 0x0, 0x8f, 0x10, 0x3, 0xc4, 0x0, 0xea,
    0xd9, 0x0, 0xbc, 0x0, 0x0, 0x0, 0x0, 0x9d,
    0xf8, 0x0, 0xcc, 0x0, 0x0, 0x0, 0x0, 0x8f,
    0xe9, 0x0, 0x9f, 0x0, 0x1, 0xb4, 0x0, 0x9e,
    0xbd, 0x0, 0x2f, 0xb2, 0x2b, 0xf2, 0x0, 0xdb,
    0x5f, 0x40, 0x5, 0xef, 0xfe, 0x50, 0x4, 0xf5,
    0xd, 0xd1, 0x0, 0x3, 0x30, 0x0, 0x1d, 0xd0,
    0x2, 0xfd, 0x20, 0x0, 0x0, 0x2, 0xdf, 0x20,
    0x0, 0x3e, 0xf9, 0x42, 0x24, 0x9f, 0xe3, 0x0,
    0x0, 0x0, 0x8e, 0xff, 0xff, 0xe8, 0x0, 0x0,
    0x0, 0x0, 0x0, 0x24, 0x42, 0x0, 0x0, 0x0,

    /* U+00AA "ª" */
    0x5, 0xde, 0xa1, 0x2, 0xf6, 0x2d, 0x90, 0x0,
    0x0, 0x7c, 0x1, 0xbe, 0xef, 0xc0, 0x6e, 0x0,
    0xac, 0x2, 0xdf, 0xe4, 0xe7, 0x0, 0x10, 0x1,
    0x0,

    /* U+00AB "«" */
    0x0, 0x0, 0x0, 0x0, 0x0, 0x0, 0xd, 0xe1,
    0x5, 0xf7, 0x0, 0x9f, 0x40, 0x2f, 0xc0, 0x4,
    0xf9, 0x0, 0xcf, 0x20, 0x1e, 0xd0, 0x8, 0xf5,
    0x0, 0x1e, 0xd0, 0x8, 0xf5, 0x0, 0x4, 0xf9,
    0x0, 0xcf, 0x20, 0x0, 0x9f, 0x40, 0x2f, 0xc0,
    0x0, 0xd, 0xe1, 0x5, 0xf8,

    /* U+00AC "¬" */
    0x48, 0x88, 0x88, 0x88, 0x58, 0xff, 0xff, 0xff,
    0xfb, 0x0, 0x0, 0x0, 0xc, 0xb0, 0x0, 0x0,
    0x0, 0xcb, 0x0, 0x0, 0x0, 0xc, 0xb0,

    /* U+00AE "®" */
    0x0, 0x0, 0x0, 0x1, 0x10, 0x0, 0x0, 0x0,
    0x0, 0x0, 0x5b, 0xff, 0xff, 0xb5, 0x0, 0x0,
    0x0, 0x1c, 0xfc, 0x75, 0x57, 0xcf, 0xc1, 0x0,
    0x1, 0xde, 0x40, 0x0, 0x0, 0x4, 0xed, 0x10,
    0xb, 0xe2, 0x1, 0x11, 0x0, 0x0, 0x2e, 0xb0,
    0x4f, 0x50, 0x2f, 0xff, 0xff, 0x70, 0x5, 0xf4,
    0xae, 0x0, 0x2f, 0x84, 0x4b, 0xf3, 0x0, 0xea,
    0xe9, 0x0, 0x2f, 0x50, 0x3, 0xf5, 0x0, 0x9e,
    0xf8, 0x0, 0x2f, 0x60, 0x18, 0xe1, 0x0, 0x8f,
    0xe9, 0x0, 0x2f, 0xff, 0xff, 0xc1, 0x0, 0x9e,
    0xbd, 0x0, 0x2f, 0x83, 0x35, 0xf5, 0x0, 0xdb,
    0x6f, 0x40, 0x2f, 0x50, 0x2, 0xf5, 0x4, 0xf6,
    0xd, 0xd1, 0x1a, 0x30, 0x1, 0xa3, 0x1d, 0xd0,
    0x2, 0xfd, 0x20, 0x0, 0x0, 0x2, 0xdf, 0x20,
    0x0, 0x3e, 0xf9, 0x42, 0x24, 0x9f, 0xe3, 0x0,
    0x0, 0x0, 0x8e, 0xff, 0xff, 0xe8, 0x0, 0x0,
    0x0, 0x0, 0x0, 0x24, 0x42, 0x0, 0x0, 0x0,

    /* U+00AF "¯" */
    0x0, 0x0, 0x0, 0x0, 0x2f, 0xff, 0xff, 0xf2,
    0x3, 0x33, 0x33, 0x30,

    /* U+00B0 "°" */
    0x0, 0x0, 0x0, 0x9, 0xff, 0x90, 0x8e, 0x55,
    0xe8, 0xe6, 0x0, 0x6e, 0xe6, 0x0, 0x6e, 0xad,
    0x22, 0xda, 0x1c, 0xff, 0xc1, 0x0, 0x22, 0x0,

    /* U+00B1 "±" */
    0x0, 0x0, 0xf8, 0x0, 0x0, 0x0, 0x0, 0xf8,
    0x0, 0x0, 0x12, 0x22, 0xf9, 0x22, 0x20, 0xcf,
    0xff, 0xff, 0xff, 0xf4, 0x35, 0x55, 0xfa, 0x55,
    0x51, 0x0, 0x0, 0xf8, 0x0, 0x0, 0x0, 0x0,
    0xf8, 0x0, 0x0, 0x0, 0x0, 0x0, 0x0, 0x0,
    0x12, 0x22, 0x22, 0x22, 0x20, 0x8f, 0xff, 0xff,
    0xff, 0xf0, 0x25, 0x55, 0x55, 0x55, 0x50,

    /* U+00B2 "²" */
    0xa, 0xff, 0xa1, 0x9e, 0x33, 0xe8, 0x33, 0x0,
    0xc9, 0x0, 0x9, 0xe2, 0x1, 0xcd, 0x20, 0x3e,
    0xd3, 0x32, 0xcf, 0xff, 0xfc,

    /* U+00B3 "³" */
    0xa, 0xff, 0xb1, 0x9e, 0x33, 0xe9, 0x11, 0x0,
    0xd7, 0x0, 0xdf, 0xd1, 0x0, 0x13, 0xcb, 0xbc,
    0x33, 0xcc, 0x2c, 0xff, 0xb2,

    /* U+00B4 "´" */
    0x7, 0xf9, 0x2f, 0xb0, 0xbc, 0x0,

    /* U+00B6 "¶" */
    0x0, 0x8d, 0xff, 0x14, 0xf3, 0xb, 0xff, 0xff,
    0x14, 0xf3, 0x5f, 0xff, 0xff, 0x14, 0xf3, 0x8f,
    0xff, 0xff, 0x14, 0xf3, 0x9f, 0xff, 0xff, 0x14,
    0xf3, 0x6f, 0xff, 0xff, 0x14, 0xf3, 0xd, 0xff,
    0xff, 0x14, 0xf3, 0x1, 0xaf, 0xff, 0x14, 0xf3,
    0x0, 0x0, 0x7f, 0x14, 0xf3, 0x0, 0x0, 0x7f,
    0x14, 0xf3, 0x0, 0x0, 0x7f, 0x14, 0xf3, 0x0,
    0x0, 0x7f, 0x14, 0xf3, 0x0, 0x0, 0x7f, 0x14,
    0xf3, 0x0, 0x0, 0x7f, 0x14, 0xf3, 0x0, 0x0,
    0x7f, 0x14, 0xf3, 0x0, 0x0, 0x7f, 0x14, 0xf3,
    0x0, 0x0, 0x12, 0x0, 0x20,

    /* U+00B7 "·" */
    0x5, 0x81, 0xf, 0xf7, 0xb, 0xe3,

    /* U+00B8 "¸" */
    0x7, 0x90, 0x1f, 0x60, 0x18, 0xf7, 0x0, 0xcc,
    0xff, 0xf8, 0x33, 0x20,

    /* U+00B9 "¹" */
    0x1, 0xaf, 0x52, 0xed, 0xf5, 0x26, 0x1f, 0x50,
    0x1, 0xf5, 0x0, 0x1f, 0x50, 0x1, 0xf5, 0x0,
    0x1f, 0x50,

    /* U+00BA "º" */
    0x4, 0xdf, 0xd5, 0x1, 0xf9, 0x38, 0xf2, 0x6f,
    0x0, 0xe, 0x77, 0xf0, 0x0, 0xd8, 0x2f, 0x70,
    0x6f, 0x40, 0x6f, 0xff, 0x70, 0x0, 0x2, 0x0,
    0x0,

    /* U+00BB "»" */
    0x0, 0x0, 0x0, 0x0, 0x0, 0x1e, 0xd0, 0x7,
    0xf5, 0x0, 0x4, 0xf9, 0x0, 0xcf, 0x20, 0x0,
    0x9f, 0x40, 0x2f, 0xc0, 0x0, 0xd, 0xe1, 0x5,
    0xf8, 0x0, 0xd, 0xe1, 0x5, 0xf8, 0x0, 0x9f,
    0x40, 0x2f, 0xc0, 0x4, 0xf9, 0x0, 0xcf, 0x20,
    0x1e, 0xd0, 0x8, 0xf5, 0x0,

    /* U+00BC "¼" */
    0x1, 0xaf, 0x50, 0x0, 0x0, 0x2f, 0x50, 0x0,
    0x2f, 0xbf, 0x50, 0x0, 0x0, 0xbc, 0x0, 0x0,
    0x24, 0x1f, 0x50, 0x0, 0x5, 0xf2, 0x0, 0x0,
    0x0, 0x1f, 0x50, 0x0, 0xe, 0x90, 0x0, 0x0,
    0x0, 0x1f, 0x50, 0x0, 0x8e, 0x10, 0x0, 0x0,
    0x0, 0x1f, 0x50, 0x2, 0xf6, 0x0, 0x0, 0x0,
    0x0, 0x1d, 0x40, 0xa, 0xc0, 0x0, 0x6d, 0x30,
    0x0, 0x0, 0x0, 0x4f, 0x30, 0x5, 0xff, 0x40,
    0x0, 0x0, 0x0, 0xda, 0x0, 0x5e, 0x3f, 0x40,
    0x0, 0x0, 0x7, 0xf1, 0x4, 0xe3, 0xf, 0x40,
    0x0, 0x0, 0x1f, 0x70, 0xf, 0xfe, 0xef, 0xf5,
    0x0, 0x0, 0x9d, 0x0, 0x1, 0x11, 0x2f, 0x50,
    0x0, 0x3, 0xf4, 0x0, 0x0, 0x0, 0x1f, 0x40,

    /* U+00BD "½" */
    0x1, 0xaf, 0x50, 0x0, 0x0, 0xcb, 0x0, 0x2,
    0xfc, 0xf5, 0x0, 0x0, 0x5f, 0x20, 0x0, 0x24,
    0x1f, 0x50, 0x0, 0xe, 0x80, 0x0, 0x0, 0x1,
    0xf5, 0x0, 0x8, 0xe0, 0x0, 0x0, 0x0, 0x1f,
    0x50, 0x2, 0xf6, 0x0, 0x0, 0x0, 0x1, 0xf5,
    0x0, 0xbc, 0x0, 0x0, 0x0, 0x0, 0x1d, 0x40,
    0x4f, 0x30, 0x7d, 0xeb, 0x20, 0x0, 0x0, 0xd,
    0xa0, 0x5f, 0x53, 0xcb, 0x0, 0x0, 0x6, 0xf1,
    0x3, 0x40, 0x9, 0xd0, 0x0, 0x1, 0xe7, 0x0,
    0x0, 0x5, 0xf6, 0x0, 0x0, 0x9e, 0x0, 0x0,
    0x7, 0xf6, 0x0, 0x0, 0x2f, 0x50, 0x0, 0xa,
    0xe4, 0x0, 0x0, 0xc, 0xc0, 0x0, 0x8, 0xff,
    0xff, 0xf0, 0x0, 0x21, 0x0, 0x0, 0x12, 0x22,
    0x22,

    /* U+00BE "¾" */
    0x2b, 0xee, 0xc3, 0x0, 0x0, 0x2e, 0x60, 0x0,
    0x68, 0x23, 0xe9, 0x0, 0x0, 0xac, 0x0, 0x0,
    0x0, 0xcf, 0xd1, 0x0, 0x4, 0xf3, 0x0, 0x0,
    0x0, 0x13, 0xd9, 0x0, 0xd, 0xa0, 0x0, 0x0,
    0x42, 0x0, 0x9d, 0x0, 0x7f, 0x10, 0x0, 0x0,
    0xbd, 0x11, 0xdb, 0x1, 0xf7, 0x0, 0x0, 0x0,
    0x2d, 0xff, 0xd2, 0xa, 0xd0, 0x0, 0x6d, 0x30,
    0x0, 0x11, 0x0, 0x3f, 0x40, 0x5, 0xff, 0x40,
    0x0, 0x0, 0x0, 0xca, 0x0, 0x5f, 0x4f, 0x40,
    0x0, 0x0, 0x6, 0xf2, 0x4, 0xe3, 0xf, 0x40,
    0x0, 0x0, 0x1e, 0x80, 0xf, 0xfe, 0xef, 0xf5,
    0x0, 0x0, 0x9e, 0x0, 0x1, 0x11, 0x2f, 0x50,
    0x0, 0x2, 0xf5, 0x0, 0x0, 0x0, 0x1f, 0x40,

    /* U+00BF "¿" */
    0x0, 0x0, 0x5f, 0x80, 0x0, 0x0, 0x0, 0x9f,
    0xc0, 0x0, 0x0, 0x0, 0x16, 0x20, 0x0, 0x0,
    0x0, 0x0, 0x0, 0x0, 0x0, 0x0, 0x2a, 0x30,
    0x0, 0x0, 0x0, 0x8f, 0x30, 0x0, 0x0, 0x7,
    0xfc, 0x0, 0x0, 0x0, 0xaf, 0xc1, 0x0, 0x0,
    0xb, 0xfa, 0x0, 0x0, 0x0, 0x3f, 0xc0, 0x0,
    0x0, 0x0, 0x6f, 0x70, 0x0, 0x3, 0x62, 0x3f,
    0xb0, 0x0, 0xd, 0xf2, 0xb, 0xfd, 0x99, 0xef,
    0x90, 0x0, 0x8d, 0xff, 0xc6, 0x0,

    /* U+00C0 "À" */
    0x0, 0x0, 0x48, 0x30, 0x0, 0x0, 0x0, 0x0,
    0x0, 0x1e, 0xd0, 0x0, 0x0, 0x0, 0x0, 0x0,
    0x2, 0xf8, 0x0, 0x0, 0x0, 0x0, 0x0, 0x0,
    0x37, 0x0, 0x0, 0x0, 0x0, 0x0, 0x0, 0x0,
    0x0, 0x0, 0x0, 0x0, 0x0, 0x5, 0xff, 0x30,
    0x0, 0x0, 0x0, 0x0, 0xc, 0xff, 0xa0, 0x0,
    0x0, 0x0, 0x0, 0x3f, 0x8a, 0xf1, 0x0, 0x0,
    0x0, 0x0, 0xaf, 0x13, 0xf8, 0x0, 0x0, 0x0,
    0x2, 0xfa, 0x0, 0xcf, 0x0, 0x0, 0x0, 0x8,
    0xf2, 0x0, 0x5f, 0x70, 0x0, 0x0, 0xf, 0xb0,
    0x0, 0xd, 0xd0, 0x0, 0x0, 0x7f, 0xc9, 0x99,
    0x9d, 0xf5, 0x0, 0x0, 0xef, 0xff, 0xff, 0xff,
    0xfc, 0x0, 0x5, 0xf7, 0x0, 0x0, 0x0, 0xaf,
    0x30, 0xc, 0xf1, 0x0, 0x0, 0x0, 0x3f, 0xa0,
    0x3f, 0xa0, 0x0, 0x0, 0x0, 0xc, 0xf1, 0xaf,
    0x30, 0x0, 0x0, 0x0, 0x5, 0xf8,

    /* U+00C1 "Á" */
    0x0, 0x0, 0x0, 0x4, 0x84, 0x0, 0x0, 0x0,
    0x0, 0x0, 0x1f, 0xd1, 0x0, 0x0, 0x0, 0x0,
    0x0, 0xae, 0x10, 0x0, 0x0, 0x0, 0x0, 0x1,
    0x82, 0x0, 0x0, 0x0, 0x0, 0x0, 0x0, 0x0,
    0x0, 0x0, 0x0, 0x0, 0x0, 0x5, 0xff, 0x30,
    0x0, 0x0, 0x0, 0x0, 0xc, 0xff, 0xa0, 0x0,
    0x0, 0x0, 0x0, 0x3f, 0x8a, 0xf1, 0x0, 0x0,
    0x0, 0x0, 0xaf, 0x13, 0xf8, 0x0, 0x0, 0x0,
    0x2, 0xfa, 0x0, 0xcf, 0x0, 0x0, 0x0, 0x8,
    0xf2, 0x0, 0x5f, 0x70, 0x0, 0x0, 0xf, 0xb0,
    0x0, 0xd, 0xd0, 0x0, 0x0, 0x7f, 0xc9, 0x99,
    0x9d, 0xf5, 0x0, 0x0, 0xef, 0xff, 0xff, 0xff,
    0xfc, 0x0, 0x5, 0xf7, 0x0, 0x0, 0x0, 0xaf,
    0x30, 0xc, 0xf1, 0x0, 0x0, 0x0, 0x3f, 0xa0,
    0x3f, 0xa0, 0x0, 0x0, 0x0, 0xc, 0xf1, 0xaf,
    0x30, 0x0, 0x0, 0x0, 0x5, 0xf8,

    /* U+00C2 "Â" */
    0x0, 0x0, 0x1, 0x87, 0x0, 0x0, 0x0, 0x0,
    0x0, 0xb, 0xff, 0x90, 0x0, 0x0, 0x0, 0x0,
    0x8f, 0x45, 0xf6, 0x0, 0x0, 0x0, 0x0, 0x72,
    0x0, 0x37, 0x0, 0x0, 0x0, 0x0, 0x0, 0x0,
    0x0, 0x0, 0x0, 0x0, 0x0, 0x5, 0xff, 0x30,
    0x0, 0x0, 0x0, 0x0, 0xc, 0xff, 0xa0, 0x0,
    0x0, 0x0, 0x0, 0x3f, 0x8a, 0xf1, 0x0, 0x0,
    0x0, 0x0, 0xaf, 0x13, 0xf8, 0x0, 0x0, 0x0,
    0x2, 0xfa, 0x0, 0xcf, 0x0, 0x0, 0x0, 0x8,
    0xf2, 0x0, 0x5f, 0x70, 0x0, 0x0, 0xf, 0xb0,
    0x0, 0xd, 0xd0, 0x0, 0x0, 0x7f, 0xc9, 0x99,
    0x9d, 0xf5, 0x0, 0x0, 0xef, 0xff, 0xff, 0xff,
    0xfc, 0x0, 0x5, 0xf7, 0x0, 0x0, 0x0, 0xaf,
    0x30, 0xc, 0xf1, 0x0, 0x0, 0x0, 0x3f, 0xa0,
    0x3f, 0xa0, 0x0, 0x0, 0x0, 0xc, 0xf1, 0xaf,
    0x30, 0x0, 0x0, 0x0, 0x5, 0xf8,

    /* U+00C3 "Ã" */
    0x0, 0x0, 0x0, 0x0, 0x0, 0x0, 0x0, 0x0,
    0x0, 0xbf, 0xd5, 0x2d, 0x40, 0x0, 0x0, 0x5,
    0xd5, 0x9f, 0xfd, 0x0, 0x0, 0x0, 0x1, 0x20,
    0x1, 0x30, 0x0, 0x0, 0x0, 0x0, 0x0, 0x0,
    0x0, 0x0, 0x0, 0x0, 0x0, 0x5, 0xff, 0x30,
    0x0, 0x0, 0x0, 0x0, 0xc, 0xff, 0xa0, 0x0,
    0x0, 0x0, 0x0, 0x3f, 0x8a, 0xf1, 0x0, 0x0,
    0x0, 0x0, 0xaf, 0x13, 0xf8, 0x0, 0x0, 0x0,
    0x2, 0xfa, 0x0, 0xcf, 0x0, 0x0, 0x0, 0x8,
    0xf2, 0x0, 0x5f, 0x70, 0x0, 0x0, 0xf, 0xb0,
    0x0, 0xd, 0xd0, 0x0, 0x0, 0x7f, 0xc9, 0x99,
    0x9d, 0xf5, 0x0, 0x0, 0xef, 0xff, 0xff, 0xff,
    0xfc, 0x0, 0x5, 0xf7, 0x0, 0x0, 0x0, 0xaf,
    0x30, 0xc, 0xf1, 0x0, 0x0, 0x0, 0x3f, 0xa0,
    0x3f, 0xa0, 0x0, 0x0, 0x0, 0xc, 0xf1, 0xaf,
    0x30, 0x0, 0x0, 0x0, 0x5, 0xf8,

    /* U+00C4 "Ä" */
    0x0, 0x0, 0xdc, 0x0, 0xdc, 0x0, 0x0, 0x0,
    0x1, 0xfe, 0x1, 0xfe, 0x0, 0x0, 0x0, 0x0,
    0x10, 0x0, 0x10, 0x0, 0x0, 0x0, 0x0, 0x0,
    0x0, 0x0, 0x0, 0x0, 0x0, 0x0, 0x5, 0xff,
    0x30, 0x0, 0x0, 0x0, 0x0, 0xc, 0xff, 0xa0,
    0x0, 0x0, 0x0, 0x0, 0x3f, 0x8a, 0xf1, 0x0,
    0x0, 0x0, 0x0, 0xaf, 0x13, 0xf8, 0x0, 0x0,
    0x0, 0x2, 0xfa, 0x0, 0xcf, 0x0, 0x0, 0x0,
    0x8, 0xf2, 0x0, 0x5f, 0x70, 0x0, 0x0, 0xf,
    0xb0, 0x0, 0xd, 0xd0, 0x0, 0x0, 0x7f, 0xc9,
    0x99, 0x9d, 0xf5, 0x0, 0x0, 0xef, 0xff, 0xff,
    0xff, 0xfc, 0x0, 0x5, 0xf7, 0x0, 0x0, 0x0,
    0xaf, 0x30, 0xc, 0xf1, 0x0, 0x0, 0x0, 0x3f,
    0xa0, 0x3f, 0xa0, 0x0, 0x0, 0x0, 0xc, 0xf1,
    0xaf, 0x30, 0x0, 0x0, 0x0, 0x5, 0xf8,

    /* U+00C5 "Å" */
    0x0, 0x0, 0x6, 0xee, 0x50, 0x0, 0x0, 0x0,
    0x0, 0x2f, 0x56, 0xf1, 0x0, 0x0, 0x0, 0x0,
    0x6c, 0x0, 0xe4, 0x0, 0x0, 0x0, 0x0, 0x3f,
    0x23, 0xf2, 0x0, 0x0, 0x0, 0x0, 0x8, 0xff,
    0x70, 0x0, 0x0, 0x0, 0x0, 0x0, 0x11, 0x0,
    0x0, 0x0, 0x0, 0x0, 0x5, 0xff, 0x30, 0x0,
    0x0, 0x0, 0x0, 0xc, 0xff, 0xa0, 0x0, 0x0,
    0x0, 0x0, 0x3f, 0x8a, 0xf1, 0x0, 0x0, 0x0,
    0x0, 0xaf, 0x13, 0xf8, 0x0, 0x0, 0x0, 0x2,
    0xfa, 0x0, 0xcf, 0x0, 0x0, 0x0, 0x8, 0xf2,
    0x0, 0x5f, 0x70, 0x0, 0x0, 0xf, 0xb0, 0x0,
    0xd, 0xd0, 0x0, 0x0, 0x7f, 0xc9, 0x99, 0x9d,
    0xf5, 0x0, 0x0, 0xef, 0xff, 0xff, 0xff, 0xfc,
    0x0, 0x5, 0xf7, 0x0, 0x0, 0x0, 0xaf, 0x30,
    0xc, 0xf1, 0x0, 0x0, 0x0, 0x3f, 0xa0, 0x3f,
    0xa0, 0x0, 0x0, 0x0, 0xc, 0xf1, 0xaf, 0x30,
    0x0, 0x0, 0x0, 0x5, 0xf8,

    /* U+00C6 "Æ" */
    0x0, 0x0, 0x5, 0xff, 0xff, 0xff, 0xff, 0xf7,
    0x0, 0x0, 0x0, 0x0, 0x0, 0xcf, 0xfe, 0x99,
    0x99, 0x99, 0x70, 0x0, 0x0, 0x0, 0x0, 0x3f,
    0x9b, 0xf1, 0x0, 0x0, 0x0, 0x0, 0x0, 0x0,
    0x0, 0xa, 0xf2, 0x3f, 0x80, 0x0, 0x0, 0x0,
    0x0, 0x0, 0x0, 0x2, 0xfa, 0x0, 0xcf, 0x10,
    0x0, 0x0, 0x0, 0x0, 0x0, 0x0, 0x8f, 0x30,
    0x5, 0xfb, 0x99, 0x99, 0x99, 0x10, 0x0, 0x0,
    0xf, 0xb0, 0x0, 0xd, 0xff, 0xff, 0xff, 0xf6,
    0x0, 0x0, 0x7, 0xfc, 0x99, 0x99, 0xdf, 0x50,
    0x0, 0x0, 0x0, 0x0, 0x0, 0xef, 0xff, 0xff,
    0xff, 0xfc, 0x0, 0x0, 0x0, 0x0, 0x0, 0x5f,
    0x70, 0x0, 0x0, 0xa, 0xf3, 0x0, 0x0, 0x0,
    0x0, 0xc, 0xf1, 0x0, 0x0, 0x0, 0x3f, 0xa0,
    0x0, 0x0, 0x0, 0x3, 0xfa, 0x0, 0x0, 0x0,
    0x0, 0xcf, 0x99, 0x99, 0x99, 0x70, 0xaf, 0x30,
    0x0, 0x0, 0x0, 0x5, 0xff, 0xff, 0xff, 0xff,
    0x10,

    /* U+00C7 "Ç" */
    0x0, 0x0, 0x6b, 0xef, 0xfc, 0x70, 0x0, 0x0,
    0x2d, 0xff, 0xba, 0xbe, 0xfd, 0x20, 0x0, 0xdf,
    0x90, 0x0, 0x0, 0x8f, 0xd0, 0x8, 0xf9, 0x0,
    0x0, 0x0, 0xb, 0xf4, 0xe, 0xf1, 0x0, 0x0,
    0x0, 0x0, 0x10, 0x1f, 0xd0, 0x0, 0x0, 0x0,
    0x0, 0x0, 0x2f, 0xc0, 0x0, 0x0, 0x0, 0x0,
    0x0, 0x1f, 0xd0, 0x0, 0x0, 0x0, 0x0, 0x0,
    0xe, 0xf1, 0x0, 0x0, 0x0, 0x0, 0x10, 0x8,
    0xf9, 0x0, 0x0, 0x0, 0xb, 0xf4, 0x0, 0xdf,
    0x91, 0x0, 0x0, 0x8f, 0xc0, 0x0, 0x2d, 0xff,
    0xca, 0xbe, 0xfd, 0x10, 0x0, 0x0, 0x6b, 0xef,
    0xfc, 0x70, 0x0, 0x0, 0x0, 0x0, 0x6f, 0x10,
    0x0, 0x0, 0x0, 0x0, 0x0, 0x3a, 0xf2, 0x0,
    0x0, 0x0, 0x0, 0x1, 0x35, 0xf6, 0x0, 0x0,
    0x0, 0x0, 0x4, 0xff, 0xd2, 0x0, 0x0,

    /* U+00C8 "È" */
    0x0, 0x18, 0x60, 0x0, 0x0, 0x0, 0x0, 0x9f,
    0x40, 0x0, 0x0, 0x0, 0x0, 0xbd, 0x0, 0x0,
    0x0, 0x0, 0x0, 0x72, 0x0, 0x0, 0x0, 0x0,
    0x0, 0x0, 0x0, 0x5, 0xff, 0xff, 0xff, 0xff,
    0xf1, 0x5f, 0xd9, 0x99, 0x99, 0x99, 0x5, 0xf9,
    0x0, 0x0, 0x0, 0x0, 0x5f, 0x90, 0x0, 0x0,
    0x0, 0x5, 0xf9, 0x0, 0x0, 0x0, 0x0, 0x5f,
    0xc9, 0x99, 0x99, 0x96, 0x5, 0xff, 0xff, 0xff,
    0xff, 0xa0, 0x5f, 0x90, 0x0, 0x0, 0x0, 0x5,
    0xf9, 0x0, 0x0, 0x0, 0x0, 0x5f, 0x90, 0x0,
    0x0, 0x0, 0x5, 0xf9, 0x0, 0x0, 0x0, 0x0,
    0x5f, 0xd9, 0x99, 0x99, 0x99, 0x5, 0xff, 0xff,
    0xff, 0xff, 0xf1,

    /* U+00C9 "É" */
    0x0, 0x0, 0x1, 0x87, 0x0, 0x0, 0x0, 0x0,
    0xaf, 0x40, 0x0, 0x0, 0x0, 0x4f, 0x60, 0x0,
    0x0, 0x0, 0x5, 0x50, 0x0, 0x0, 0x0, 0x0,
    0x0, 0x0, 0x0, 0x5, 0xff, 0xff, 0xff, 0xff,
    0xf1, 0x5f, 0xd9, 0x99, 0x99, 0x99, 0x5, 0xf9,
    0x0, 0x0, 0x0, 0x0, 0x5f, 0x90, 0x0, 0x0,
    0x0, 0x5, 0xf9, 0x0, 0x0, 0x0, 0x0, 0x5f,
    0xc9, 0x99, 0x99, 0x96, 0x5, 0xff, 0xff, 0xff,
    0xff, 0xa0, 0x5f, 0x90, 0x0, 0x0, 0x0, 0x5,
    0xf9, 0x0, 0x0, 0x0, 0x0, 0x5f, 0x90, 0x0,
    0x0, 0x0, 0x5, 0xf9, 0x0, 0x0, 0x0, 0x0,
    0x5f, 0xd9, 0x99, 0x99, 0x99, 0x5, 0xff, 0xff,
    0xff, 0xff, 0xf1,

    /* U+00CA "Ê" */
    0x0, 0x0, 0x68, 0x30, 0x0, 0x0, 0x0, 0x5f,
    0xfe, 0x10, 0x0, 0x0, 0x2f, 0x92, 0xdb, 0x0,
    0x0, 0x5, 0x50, 0x1, 0x72, 0x0, 0x0, 0x0,
    0x0, 0x0, 0x0, 0x5, 0xff, 0xff, 0xff, 0xff,
    0xf1, 0x5f, 0xd9, 0x99, 0x99, 0x99, 0x5, 0xf9,
    0x0, 0x0, 0x0, 0x0, 0x5f, 0x90, 0x0, 0x0,
    0x0, 0x5, 0xf9, 0x0, 0x0, 0x0, 0x0, 0x5f,
    0xc9, 0x99, 0x99, 0x96, 0x5, 0xff, 0xff, 0xff,
    0xff, 0xa0, 0x5f, 0x90, 0x0, 0x0, 0x0, 0x5,
    0xf9, 0x0, 0x0, 0x0, 0x0, 0x5f, 0x90, 0x0,
    0x0, 0x0, 0x5, 0xf9, 0x0, 0x0, 0x0, 0x0,
    0x5f, 0xd9, 0x99, 0x99, 0x99, 0x5, 0xff, 0xff,
    0xff, 0xff, 0xf1,

    /* U+00CB "Ë" */
    0x0, 0x8f, 0x30, 0x8f, 0x30, 0x0, 0xa, 0xf4,
    0x9, 0xf5, 0x0, 0x0, 0x1, 0x0, 0x1, 0x0,
    0x0, 0x0, 0x0, 0x0, 0x0, 0x0, 0x5f, 0xff,
    0xff, 0xff, 0xff, 0x15, 0xfd, 0x99, 0x99, 0x99,
    0x90, 0x5f, 0x90, 0x0, 0x0, 0x0, 0x5, 0xf9,
    0x0, 0x0, 0x0, 0x0, 0x5f, 0x90, 0x0, 0x0,
    0x0, 0x5, 0xfc, 0x99, 0x99, 0x99, 0x60, 0x5f,
    0xff, 0xff, 0xff, 0xfa, 0x5, 0xf9, 0x0, 0x0,
    0x0, 0x0, 0x5f, 0x90, 0x0, 0x0, 0x0, 0x5,
    0xf9, 0x0, 0x0, 0x0, 0x0, 0x5f, 0x90, 0x0,
    0x0, 0x0, 0x5, 0xfd, 0x99, 0x99, 0x99, 0x90,
    0x5f, 0xff, 0xff, 0xff, 0xff, 0x10,

    /* U+00CC "Ì" */
    0x7, 0x81, 0x0, 0x4f, 0xa0, 0x0, 0x6f, 0x30,
    0x0, 0x55, 0x0, 0x0, 0x0, 0x4, 0xf9, 0x0,
    0x4f, 0x90, 0x4, 0xf9, 0x0, 0x4f, 0x90, 0x4,
    0xf9, 0x0, 0x4f, 0x90, 0x4, 0xf9, 0x0, 0x4f,
    0x90, 0x4, 0xf9, 0x0, 0x4f, 0x90, 0x4, 0xf9,
    0x0, 0x4f, 0x90, 0x4, 0xf9,

    /* U+00CD "Í" */
    0x0, 0x78, 0x20, 0x5f, 0x90, 0xe, 0xb0, 0x3,
    0x70, 0x0, 0x0, 0x0, 0x4, 0xf9, 0x0, 0x4f,
    0x90, 0x4, 0xf9, 0x0, 0x4f, 0x90, 0x4, 0xf9,
    0x0, 0x4f, 0x90, 0x4, 0xf9, 0x0, 0x4f, 0x90,
    0x4, 0xf9, 0x0, 0x4f, 0x90, 0x4, 0xf9, 0x0,
    0x4f, 0x90, 0x4, 0xf9, 0x0,

    /* U+00CE "Î" */
    0x0, 0x38, 0x50, 0x0, 0x1e, 0xff, 0x50, 0xc,
    0xc1, 0x9f, 0x23, 0x70, 0x0, 0x65, 0x0, 0x0,
    0x0, 0x0, 0x4, 0xf9, 0x0, 0x0, 0x4f, 0x90,
    0x0, 0x4, 0xf9, 0x0, 0x0, 0x4f, 0x90, 0x0,
    0x4, 0xf9, 0x0, 0x0, 0x4f, 0x90, 0x0, 0x4,
    0xf9, 0x0, 0x0, 0x4f, 0x90, 0x0, 0x4, 0xf9,
    0x0, 0x0, 0x4f, 0x90, 0x0, 0x4, 0xf9, 0x0,
    0x0, 0x4f, 0x90, 0x0, 0x4, 0xf9, 0x0,

    /* U+00CF "Ï" */
    0x3f, 0x80, 0x3f, 0x85, 0xf9, 0x4, 0xfa, 0x1,
    0x0, 0x1, 0x0, 0x0, 0x0, 0x0, 0x0, 0x4f,
    0x90, 0x0, 0x4, 0xf9, 0x0, 0x0, 0x4f, 0x90,
    0x0, 0x4, 0xf9, 0x0, 0x0, 0x4f, 0x90, 0x0,
    0x4, 0xf9, 0x0, 0x0, 0x4f, 0x90, 0x0, 0x4,
    0xf9, 0x0, 0x0, 0x4f, 0x90, 0x0, 0x4, 0xf9,
    0x0, 0x0, 0x4f, 0x90, 0x0, 0x4, 0xf9, 0x0,
    0x0, 0x4f, 0x90, 0x0,

    /* U+00D0 "Ð" */
    0x0, 0xdf, 0xff, 0xff, 0xeb, 0x50, 0x0, 0x0,
    0xd, 0xfa, 0x99, 0xac, 0xff, 0xc1, 0x0, 0x0,
    0xdf, 0x10, 0x0, 0x1, 0x9f, 0xd0, 0x0, 0xd,
    0xf1, 0x0, 0x0, 0x0, 0xaf, 0x80, 0x0, 0xdf,
    0x10, 0x0, 0x0, 0x2, 0xfe, 0x1, 0x2d, 0xf3,
    0x22, 0x20, 0x0, 0xe, 0xf1, 0x8f, 0xff, 0xff,
    0xff, 0x60, 0x0, 0xcf, 0x22, 0x5e, 0xf5, 0x55,
    0x52, 0x0, 0xe, 0xf1, 0x0, 0xdf, 0x10, 0x0,
    0x0, 0x2, 0xfe, 0x0, 0xd, 0xf1, 0x0, 0x0,
    0x0, 0xaf, 0x70, 0x0, 0xdf, 0x10, 0x0, 0x1,
    0x9f, 0xd0, 0x0, 0xd, 0xf9, 0x99, 0x9b, 0xff,
    0xc1, 0x0, 0x0, 0xdf, 0xff, 0xff, 0xeb, 0x50,
    0x0, 0x0,

    /* U+00D1 "Ñ" */
    0x0, 0x0, 0x0, 0x0, 0x0, 0x0, 0x0, 0x0,
    0xb, 0xfd, 0x52, 0xe4, 0x0, 0x0, 0x5, 0xd5,
    0x9f, 0xfc, 0x0, 0x0, 0x0, 0x22, 0x0, 0x13,
    0x0, 0x0, 0x0, 0x0, 0x0, 0x0, 0x0, 0x0,
    0x5, 0xff, 0x30, 0x0, 0x0, 0x0, 0xee, 0x5f,
    0xfe, 0x10, 0x0, 0x0, 0xe, 0xe5, 0xfd, 0xfb,
    0x0, 0x0, 0x0, 0xee, 0x5f, 0x7a, 0xf8, 0x0,
    0x0, 0xe, 0xe5, 0xf7, 0xd, 0xf4, 0x0, 0x0,
    0xee, 0x5f, 0x70, 0x2f, 0xe1, 0x0, 0xe, 0xe5,
    0xf7, 0x0, 0x5f, 0xc0, 0x0, 0xee, 0x5f, 0x70,
    0x0, 0x8f, 0x90, 0xe, 0xe5, 0xf7, 0x0, 0x0,
    0xcf, 0x50, 0xee, 0x5f, 0x70, 0x0, 0x1, 0xef,
    0x2e, 0xe5, 0xf7, 0x0, 0x0, 0x3, 0xfd, 0xfe,
    0x5f, 0x70, 0x0, 0x0, 0x6, 0xff, 0xe5, 0xf7,
    0x0, 0x0, 0x0, 0xa, 0xfe,

    /* U+00D2 "Ò" */
    0x0, 0x0, 0x6, 0x81, 0x0, 0x0, 0x0, 0x0,
    0x0, 0x0, 0x2e, 0xb0, 0x0, 0x0, 0x0, 0x0,
    0x0, 0x0, 0x2e, 0x70, 0x0, 0x0, 0x0, 0x0,
    0x0, 0x0, 0x0, 0x0, 0x0, 0x0, 0x0, 0x0,
    0x0, 0x0, 0x0, 0x0, 0x0, 0x0, 0x0, 0x6,
    0xbe, 0xff, 0xc8, 0x10, 0x0, 0x0, 0x1d, 0xff,
    0xba, 0xae, 0xff, 0x50, 0x0, 0xd, 0xf9, 0x10,
    0x0, 0x5, 0xff, 0x30, 0x7, 0xfa, 0x0, 0x0,
    0x0, 0x5, 0xfd, 0x0, 0xdf, 0x20, 0x0, 0x0,
    0x0, 0xd, 0xf2, 0xf, 0xe0, 0x0, 0x0, 0x0,
    0x0, 0x9f, 0x51, 0xfd, 0x0, 0x0, 0x0, 0x0,
    0x8, 0xf6, 0xf, 0xe0, 0x0, 0x0, 0x0, 0x0,
    0x9f, 0x50, 0xdf, 0x20, 0x0, 0x0, 0x0, 0xd,
    0xf2, 0x7, 0xfa, 0x0, 0x0, 0x0, 0x5, 0xfc,
    0x0, 0xd, 0xfa, 0x10, 0x0, 0x6, 0xff, 0x30,
    0x0, 0x1c, 0xff, 0xca, 0xbe, 0xff, 0x40, 0x0,
    0x0, 0x6, 0xbe, 0xff, 0xc8, 0x10, 0x0,

    /* U+00D3 "Ó" */
    0x0, 0x0, 0x0, 0x0, 0x78, 0x20, 0x0, 0x0,
    0x0, 0x0, 0x0, 0x5f, 0x90, 0x0, 0x0, 0x0,
    0x0, 0x0, 0xe, 0xb0, 0x0, 0x0, 0x0, 0x0,
    0x0, 0x3, 0x70, 0x0, 0x0, 0x0, 0x0, 0x0,
    0x0, 0x0, 0x0, 0x0, 0x0, 0x0, 0x0, 0x6,
    0xbe, 0xff, 0xc8, 0x10, 0x0, 0x0, 0x1d, 0xff,
    0xba, 0xae, 0xff, 0x50, 0x0, 0xd, 0xf9, 0x10,
    0x0, 0x5, 0xff, 0x30, 0x7, 0xfa, 0x0, 0x0,
    0x0, 0x5, 0xfd, 0x0, 0xdf, 0x20, 0x0, 0x0,
    0x0, 0xd, 0xf2, 0xf, 0xe0, 0x0, 0x0, 0x0,
    0x0, 0x9f, 0x51, 0xfd, 0x0, 0x0, 0x0, 0x0,
    0x8, 0xf6, 0xf, 0xe0, 0x0, 0x0, 0x0, 0x0,
    0x9f, 0x50, 0xdf, 0x20, 0x0, 0x0, 0x0, 0xd,
    0xf2, 0x7, 0xfa, 0x0, 0x0, 0x0, 0x5, 0xfc,
    0x0, 0xd, 0xfa, 0x10, 0x0, 0x6, 0xff, 0x30,
    0x0, 0x1c, 0xff, 0xca, 0xbe, 0xff, 0x40, 0x0,
    0x0, 0x6, 0xbe, 0xff, 0xc8, 0x10, 0x0,

    /* U+00D4 "Ô" */
    0x0, 0x0, 0x0, 0x38, 0x60, 0x0, 0x0, 0x0,
    0x0, 0x0, 0x3f, 0xdf, 0x70, 0x0, 0x0, 0x0,
    0x0, 0x3e, 0x70, 0x4e, 0x60, 0x0, 0x0, 0x0,
    0x0, 0x0, 0x0, 0x0, 0x0, 0x0, 0x0, 0x0,
    0x0, 0x0, 0x0, 0x0, 0x0, 0x0, 0x0, 0x6,
    0xbe, 0xff, 0xc8, 0x10, 0x0, 0x0, 0x1d, 0xff,
    0xba, 0xae, 0xff, 0x50, 0x0, 0xd, 0xf9, 0x10,
    0x0, 0x5, 0xff, 0x30, 0x7, 0xfa, 0x0, 0x0,
    0x0, 0x5, 0xfd, 0x0, 0xdf, 0x20, 0x0, 0x0,
    0x0, 0xd, 0xf2, 0xf, 0xe0, 0x0, 0x0, 0x0,
    0x0, 0x9f, 0x51, 0xfd, 0x0, 0x0, 0x0, 0x0,
    0x8, 0xf6, 0xf, 0xe0, 0x0, 0x0, 0x0, 0x0,
    0x9f, 0x50, 0xdf, 0x20, 0x0, 0x0, 0x0, 0xd,
    0xf2, 0x7, 0xfa, 0x0, 0x0, 0x0, 0x5, 0xfc,
    0x0, 0xd, 0xfa, 0x10, 0x0, 0x6, 0xff, 0x30,
    0x0, 0x1c, 0xff, 0xca, 0xbe, 0xff, 0x40, 0x0,
    0x0, 0x6, 0xbe, 0xff, 0xc8, 0x10, 0x0,

    /* U+00D5 "Õ" */
    0x0, 0x0, 0x0, 0x0, 0x0, 0x10, 0x0, 0x0,
    0x0, 0x2, 0xef, 0xb3, 0x4f, 0x0, 0x0, 0x0,
    0x0, 0xaa, 0x5b, 0xff, 0x80, 0x0, 0x0, 0x0,
    0x3, 0x10, 0x2, 0x30, 0x0, 0x0, 0x0, 0x0,
    0x0, 0x0, 0x0, 0x0, 0x0, 0x0, 0x0, 0x6,
    0xbe, 0xff, 0xc8, 0x10, 0x0, 0x0, 0x1d, 0xff,
    0xba, 0xae, 0xff, 0x50, 0x0, 0xd, 0xf9, 0x10,
    0x0, 0x5, 0xff, 0x30, 0x7, 0xfa, 0x0, 0x0,
    0x0, 0x5, 0xfd, 0x0, 0xdf, 0x20, 0x0, 0x0,
    0x0, 0xd, 0xf2, 0xf, 0xe0, 0x0, 0x0, 0x0,
    0x0, 0x9f, 0x51, 0xfd, 0x0, 0x0, 0x0, 0x0,
    0x8, 0xf6, 0xf, 0xe0, 0x0, 0x0, 0x0, 0x0,
    0x9f, 0x50, 0xdf, 0x20, 0x0, 0x0, 0x0, 0xd,
    0xf2, 0x7, 0xfa, 0x0, 0x0, 0x0, 0x5, 0xfc,
    0x0, 0xd, 0xfa, 0x10, 0x0, 0x6, 0xff, 0x30,
    0x0, 0x1c, 0xff, 0xca, 0xbe, 0xff, 0x40, 0x0,
    0x0, 0x6, 0xbe, 0xff, 0xc8, 0x10, 0x0,

    /* U+00D6 "Ö" */
    0x0, 0x0, 0x3f, 0x80, 0x3f, 0x80, 0x0, 0x0,
    0x0, 0x5, 0xf9, 0x4, 0xfa, 0x0, 0x0, 0x0,
    0x0, 0x1, 0x0, 0x1, 0x0, 0x0, 0x0, 0x0,
    0x0, 0x0, 0x0, 0x0, 0x0, 0x0, 0x0, 0x0,
    0x6b, 0xef, 0xfc, 0x81, 0x0, 0x0, 0x1, 0xdf,
    0xfb, 0xaa, 0xef, 0xf5, 0x0, 0x0, 0xdf, 0x91,
    0x0, 0x0, 0x5f, 0xf3, 0x0, 0x7f, 0xa0, 0x0,
    0x0, 0x0, 0x5f, 0xd0, 0xd, 0xf2, 0x0, 0x0,
    0x0, 0x0, 0xdf, 0x20, 0xfe, 0x0, 0x0, 0x0,
    0x0, 0x9, 0xf5, 0x1f, 0xd0, 0x0, 0x0, 0x0,
    0x0, 0x8f, 0x60, 0xfe, 0x0, 0x0, 0x0, 0x0,
    0x9, 0xf5, 0xd, 0xf2, 0x0, 0x0, 0x0, 0x0,
    0xdf, 0x20, 0x7f, 0xa0, 0x0, 0x0, 0x0, 0x5f,
    0xc0, 0x0, 0xdf, 0xa1, 0x0, 0x0, 0x6f, 0xf3,
    0x0, 0x1, 0xcf, 0xfc, 0xab, 0xef, 0xf4, 0x0,
    0x0, 0x0, 0x6b, 0xef, 0xfc, 0x81, 0x0, 0x0,

    /* U+00D7 "×" */
    0x6, 0x10, 0x0, 0x4, 0x22, 0xfc, 0x10, 0x5,
    0xf9, 0x4, 0xfd, 0x15, 0xfa, 0x0, 0x4, 0xfe,
    0xfa, 0x0, 0x0, 0x9, 0xff, 0x10, 0x0, 0x6,
    0xfb, 0xfd, 0x10, 0x6, 0xf9, 0x3, 0xfd, 0x12,
    0xf9, 0x0, 0x3, 0xfa, 0x3, 0x0, 0x0, 0x2,
    0x0,

    /* U+00D8 "Ø" */
    0x0, 0x0, 0x0, 0x0, 0x0, 0x0, 0x50, 0x0,
    0x0, 0x6, 0xbe, 0xff, 0xc7, 0x9f, 0x10, 0x0,
    0x2d, 0xff, 0xba, 0xae, 0xff, 0x80, 0x0, 0xd,
    0xfa, 0x10, 0x0, 0x2f, 0xff, 0x30, 0x7, 0xfb,
    0x0, 0x0, 0xc, 0xc5, 0xfc, 0x0, 0xdf, 0x30,
    0x0, 0x8, 0xe1, 0xd, 0xf2, 0xf, 0xe0, 0x0,
    0x4, 0xf4, 0x0, 0x9f, 0x51, 0xfd, 0x0, 0x1,
    0xe7, 0x0, 0x8, 0xf6, 0xf, 0xd0, 0x0, 0xbb,
    0x0, 0x0, 0x9f, 0x50, 0xcf, 0x10, 0x7d, 0x10,
    0x0, 0xd, 0xf2, 0x6, 0xf6, 0x3f, 0x30, 0x0,
    0x5, 0xfd, 0x0, 0xc, 0xed, 0x70, 0x0, 0x6,
    0xff, 0x30, 0x0, 0x3f, 0xff, 0xca, 0xbe, 0xff,
    0x50, 0x0, 0xb, 0xd5, 0xbe, 0xff, 0xc8, 0x10,
    0x0, 0x0, 0x22, 0x0, 0x0, 0x0, 0x0, 0x0,
    0x0,

    /* U+00D9 "Ù" */
    0x0, 0x2, 0x86, 0x0, 0x0, 0x0, 0x0, 0x0,
    0x8f, 0x40, 0x0, 0x0, 0x0, 0x0, 0x7, 0xe1,
    0x0, 0x0, 0x0, 0x0, 0x0, 0x0, 0x0, 0x0,
    0x0, 0x0, 0x0, 0x0, 0x0, 0x0, 0x8f, 0x60,
    0x0, 0x0, 0x0, 0xff, 0x8f, 0x60, 0x0, 0x0,
    0x0, 0xff, 0x8f, 0x60, 0x0, 0x0, 0x0, 0xff,
    0x8f, 0x60, 0x0, 0x0, 0x0, 0xff, 0x8f, 0x60,
    0x0, 0x0, 0x0, 0xff, 0x8f, 0x60, 0x0, 0x0,
    0x0, 0xff, 0x8f, 0x60, 0x0, 0x0, 0x0, 0xff,
    0x8f, 0x60, 0x0, 0x0, 0x0, 0xff, 0x8f, 0x60,
    0x0, 0x0, 0x0, 0xfe, 0x6f, 0xa0, 0x0, 0x0,
    0x3, 0xfc, 0x1f, 0xf6, 0x0, 0x0, 0x2d, 0xf7,
    0x5, 0xff, 0xeb, 0xbd, 0xff, 0xb0, 0x0, 0x29,
    0xdf, 0xfe, 0xb5, 0x0,

    /* U+00DA "Ú" */
    0x0, 0x0, 0x0, 0x28, 0x60, 0x0, 0x0, 0x0,
    0x0, 0xcf, 0x30, 0x0, 0x0, 0x0, 0x6, 0xf4,
    0x0, 0x0, 0x0, 0x0, 0x6, 0x40, 0x0, 0x0,
    0x0, 0x0, 0x0, 0x0, 0x0, 0x0, 0x8f, 0x60,
    0x0, 0x0, 0x0, 0xff, 0x8f, 0x60, 0x0, 0x0,
    0x0, 0xff, 0x8f, 0x60, 0x0, 0x0, 0x0, 0xff,
    0x8f, 0x60, 0x0, 0x0, 0x0, 0xff, 0x8f, 0x60,
    0x0, 0x0, 0x0, 0xff, 0x8f, 0x60, 0x0, 0x0,
    0x0, 0xff, 0x8f, 0x60, 0x0, 0x0, 0x0, 0xff,
    0x8f, 0x60, 0x0, 0x0, 0x0, 0xff, 0x8f, 0x60,
    0x0, 0x0, 0x0, 0xfe, 0x6f, 0xa0, 0x0, 0x0,
    0x3, 0xfc, 0x1f, 0xf6, 0x0, 0x0, 0x2d, 0xf7,
    0x5, 0xff, 0xeb, 0xbd, 0xff, 0xb0, 0x0, 0x29,
    0xdf, 0xfe, 0xb5, 0x0,

    /* U+00DB "Û" */
    0x0, 0x0, 0x7, 0x82, 0x0, 0x0, 0x0, 0x0,
    0xaf, 0xde, 0x20, 0x0, 0x0, 0x9, 0xd2, 0x9,
    0xd1, 0x0, 0x0, 0x0, 0x0, 0x0, 0x0, 0x0,
    0x0, 0x0, 0x0, 0x0, 0x0, 0x0, 0x8f, 0x60,
    0x0, 0x0, 0x0, 0xff, 0x8f, 0x60, 0x0, 0x0,
    0x0, 0xff, 0x8f, 0x60, 0x0, 0x0, 0x0, 0xff,
    0x8f, 0x60, 0x0, 0x0, 0x0, 0xff, 0x8f, 0x60,
    0x0, 0x0, 0x0, 0xff, 0x8f, 0x60, 0x0, 0x0,
    0x0, 0xff, 0x8f, 0x60, 0x0, 0x0, 0x0, 0xff,
    0x8f, 0x60, 0x0, 0x0, 0x0, 0xff, 0x8f, 0x60,
    0x0, 0x0, 0x0, 0xfe, 0x6f, 0xa0, 0x0, 0x0,
    0x3, 0xfc, 0x1f, 0xf6, 0x0, 0x0, 0x2d, 0xf7,
    0x5, 0xff, 0xeb, 0xbd, 0xff, 0xb0, 0x0, 0x29,
    0xdf, 0xfe, 0xb5, 0x0,

    /* U+00DC "Ü" */
    0x0, 0xa, 0xe2, 0xa, 0xe2, 0x0, 0x0, 0xc,
    0xf3, 0xb, 0xf3, 0x0, 0x0, 0x0, 0x10, 0x0,
    0x10, 0x0, 0x0, 0x0, 0x0, 0x0, 0x0, 0x0,
    0x8f, 0x60, 0x0, 0x0, 0x0, 0xff, 0x8f, 0x60,
    0x0, 0x0, 0x0, 0xff, 0x8f, 0x60, 0x0, 0x0,
    0x0, 0xff, 0x8f, 0x60, 0x0, 0x0, 0x0, 0xff,
    0x8f, 0x60, 0x0, 0x0, 0x0, 0xff, 0x8f, 0x60,
    0x0, 0x0, 0x0, 0xff, 0x8f, 0x60, 0x0, 0x0,
    0x0, 0xff, 0x8f, 0x60, 0x0, 0x0, 0x0, 0xff,
    0x8f, 0x60, 0x0, 0x0, 0x0, 0xfe, 0x6f, 0xa0,
    0x0, 0x0, 0x3, 0xfc, 0x1f, 0xf6, 0x0, 0x0,
    0x2d, 0xf7, 0x5, 0xff, 0xeb, 0xbd, 0xff, 0xb0,
    0x0, 0x29, 0xdf, 0xfe, 0xb5, 0x0,

    /* U+00DD "Ý" */
    0x0, 0x0, 0x0, 0x18, 0x70, 0x0, 0x0, 0x0,
    0x0, 0xb, 0xf4, 0x0, 0x0, 0x0, 0x0, 0x5,
    0xf5, 0x0, 0x0, 0x0, 0x0, 0x0, 0x65, 0x0,
    0x0, 0x0, 0x0, 0x0, 0x0, 0x0, 0x0, 0x0,
    0x7, 0xfb, 0x0, 0x0, 0x0, 0x1f, 0xe1, 0xd,
    0xf5, 0x0, 0x0, 0xa, 0xf6, 0x0, 0x3f, 0xe0,
    0x0, 0x4, 0xfb, 0x0, 0x0, 0x9f, 0x90, 0x0,
    0xef, 0x20, 0x0, 0x1, 0xef, 0x30, 0x8f, 0x70,
    0x0, 0x0, 0x5, 0xfc, 0x3f, 0xd0, 0x0, 0x0,
    0x0, 0xb, 0xff, 0xf3, 0x0, 0x0, 0x0, 0x0,
    0x1f, 0xf9, 0x0, 0x0, 0x0, 0x0, 0x0, 0xbf,
    0x30, 0x0, 0x0, 0x0, 0x0, 0xb, 0xf3, 0x0,
    0x0, 0x0, 0x0, 0x0, 0xbf, 0x30, 0x0, 0x0,
    0x0, 0x0, 0xb, 0xf3, 0x0, 0x0, 0x0, 0x0,
    0x0, 0xbf, 0x30, 0x0, 0x0,

    /* U+00DE "Þ" */
    0x5f, 0x90, 0x0, 0x0, 0x0, 0x0, 0x5f, 0x90,
    0x0, 0x0, 0x0, 0x0, 0x5f, 0xff, 0xff, 0xff,
    0xc5, 0x0, 0x5f, 0xd9, 0x99, 0x9b, 0xff, 0x70,
    0x5f, 0x90, 0x0, 0x0, 0x2f, 0xf1, 0x5f, 0x90,
    0x0, 0x0, 0x9, 0xf5, 0x5f, 0x90, 0x0, 0x0,
    0x8, 0xf6, 0x5f, 0x90, 0x0, 0x0, 0xc, 0xf3,
    0x5f, 0x90, 0x0, 0x1, 0x9f, 0xd0, 0x5f, 0xff,
    0xff, 0xff, 0xfe, 0x20, 0x5f, 0xd9, 0x99, 0x98,
    0x50, 0x0, 0x5f, 0x90, 0x0, 0x0, 0x0, 0x0,
    0x5f, 0x90, 0x0, 0x0, 0x0, 0x0,

    /* U+00DF "ß" */
    0x0, 0x7d, 0xff, 0xd7, 0x0, 0x0, 0xcf, 0xb7,
    0x7c, 0xfa, 0x0, 0x5f, 0xa0, 0x0, 0xd, 0xf2,
    0x9, 0xf4, 0x0, 0x0, 0x8f, 0x50, 0xaf, 0x30,
    0x0, 0xa, 0xf3, 0xa, 0xf3, 0x0, 0x17, 0xfa,
    0x0, 0xaf, 0x33, 0xff, 0xf9, 0x0, 0xa, 0xf3,
    0x18, 0x8b, 0xfe, 0x30, 0xaf, 0x30, 0x0, 0x3,
    0xfe, 0xa, 0xf3, 0x0, 0x0, 0xa, 0xf3, 0xaf,
    0x30, 0x0, 0x0, 0xaf, 0x3a, 0xf3, 0x0, 0x0,
    0x3f, 0xf0, 0xaf, 0x31, 0x78, 0xbf, 0xf5, 0xa,
    0xf3, 0x3f, 0xfe, 0xa3, 0x0,

    /* U+00E0 "à" */
    0x0, 0x1d, 0xf1, 0x0, 0x0, 0x0, 0x0, 0x2e,
    0xa0, 0x0, 0x0, 0x0, 0x0, 0x3d, 0x30, 0x0,
    0x0, 0x0, 0x0, 0x0, 0x0, 0x0, 0x0, 0x5c,
    0xff, 0xe9, 0x10, 0x0, 0x7f, 0xe9, 0x8b, 0xfe,
    0x10, 0xd, 0xd1, 0x0, 0x7, 0xf7, 0x0, 0x0,
    0x1, 0x11, 0x4f, 0x90, 0x3, 0xcf, 0xff, 0xff,
    0xf9, 0x0, 0xee, 0x64, 0x44, 0x6f, 0x90, 0x4f,
    0x80, 0x0, 0x5, 0xf9, 0x4, 0xf9, 0x0, 0x1,
    0xdf, 0xa0, 0xd, 0xfa, 0x79, 0xeb, 0xaf, 0x80,
    0x1a, 0xef, 0xd7, 0x7, 0xf8,

    /* U+00E1 "á" */
    0x0, 0x0, 0x6, 0xfa, 0x0, 0x0, 0x0, 0x2,
    0xf9, 0x0, 0x0, 0x0, 0x0, 0x56, 0x0, 0x0,
    0x0, 0x0, 0x0, 0x0, 0x0, 0x0, 0x0, 0x5c,
    0xff, 0xe9, 0x10, 0x0, 0x7f, 0xe9, 0x8b, 0xfe,
    0x10, 0xd, 0xd1, 0x0, 0x7, 0xf7, 0x0, 0x0,
    0x1, 0x11, 0x4f, 0x90, 0x3, 0xcf, 0xff, 0xff,
    0xf9, 0x0, 0xee, 0x64, 0x44, 0x6f, 0x90, 0x4f,
    0x80, 0x0, 0x5, 0xf9, 0x4, 0xf9, 0x0, 0x1,
    0xdf, 0xa0, 0xd, 0xfa, 0x79, 0xeb, 0xaf, 0x80,
    0x1a, 0xef, 0xd7, 0x7, 0xf8,

    /* U+00E2 "â" */
    0x0, 0x1, 0xef, 0xb0, 0x0, 0x0, 0x1, 0xdb,
    0x5e, 0xa0, 0x0, 0x0, 0x56, 0x0, 0x17, 0x20,
    0x0, 0x0, 0x0, 0x0, 0x0, 0x0, 0x0, 0x5c,
    0xff, 0xe9, 0x10, 0x0, 0x7f, 0xe9, 0x8b, 0xfe,
    0x10, 0xd, 0xd1, 0x0, 0x7, 0xf7, 0x0, 0x0,
    0x1, 0x11, 0x4f, 0x90, 0x3, 0xcf, 0xff, 0xff,
    0xf9, 0x0, 0xee, 0x64, 0x44, 0x6f, 0x90, 0x4f,
    0x80, 0x0, 0x5, 0xf9, 0x4, 0xf9, 0x0, 0x1,
    0xdf, 0xa0, 0xd, 0xfa, 0x79, 0xeb, 0xaf, 0x80,
    0x1a, 0xef, 0xd7, 0x7, 0xf8,

    /* U+00E3 "ã" */
    0x0, 0x5e, 0xe8, 0x28, 0xb0, 0x0, 0xe, 0x87,
    0xef, 0xf4, 0x0, 0x0, 0x40, 0x0, 0x31, 0x0,
    0x0, 0x0, 0x0, 0x0, 0x0, 0x0, 0x0, 0x5c,
    0xff, 0xe9, 0x10, 0x0, 0x7f, 0xe9, 0x8b, 0xfe,
    0x10, 0xd, 0xd1, 0x0, 0x7, 0xf7, 0x0, 0x0,
    0x1, 0x11, 0x4f, 0x90, 0x3, 0xcf, 0xff, 0xff,
    0xf9, 0x0, 0xee, 0x64, 0x44, 0x6f, 0x90, 0x4f,
    0x80, 0x0, 0x5, 0xf9, 0x4, 0xf9, 0x0, 0x1,
    0xdf, 0xa0, 0xd, 0xfa, 0x79, 0xeb, 0xaf, 0x80,
    0x1a, 0xef, 0xd7, 0x7, 0xf8,

    /* U+00E4 "ä" */
    0x0, 0x7f, 0x30, 0x7f, 0x40, 0x0, 0x9, 0xf5,
    0x9, 0xf5, 0x0, 0x0, 0x1, 0x0, 0x1, 0x0,
    0x0, 0x5, 0xcf, 0xfe, 0x91, 0x0, 0x7, 0xfe,
    0x98, 0xbf, 0xe1, 0x0, 0xdd, 0x10, 0x0, 0x7f,
    0x70, 0x0, 0x0, 0x11, 0x14, 0xf9, 0x0, 0x3c,
    0xff, 0xff, 0xff, 0x90, 0xe, 0xe6, 0x44, 0x46,
    0xf9, 0x4, 0xf8, 0x0, 0x0, 0x5f, 0x90, 0x4f,
    0x90, 0x0, 0x1d, 0xfa, 0x0, 0xdf, 0xa7, 0x9e,
    0xba, 0xf8, 0x1, 0xae, 0xfd, 0x70, 0x7f, 0x80,

    /* U+00E5 "å" */
    0x0, 0x1, 0xbe, 0x90, 0x0, 0x0, 0x0, 0x9a,
    0x2d, 0x50, 0x0, 0x0, 0xa, 0x70, 0xb6, 0x0,
    0x0, 0x0, 0x2e, 0xfb, 0x0, 0x0, 0x0, 0x0,
    0x1, 0x0, 0x0, 0x0, 0x5, 0xcf, 0xfe, 0x91,
    0x0, 0x7, 0xfe, 0x98, 0xbf, 0xe1, 0x0, 0xdd,
    0x10, 0x0, 0x7f, 0x70, 0x0, 0x0, 0x11, 0x14,
    0xf9, 0x0, 0x3c, 0xff, 0xff, 0xff, 0x90, 0xe,
    0xe6, 0x44, 0x46, 0xf9, 0x4, 0xf8, 0x0, 0x0,
    0x5f, 0x90, 0x4f, 0x90, 0x0, 0x1d, 0xfa, 0x0,
    0xdf, 0xa7, 0x9e, 0xba, 0xf8, 0x1, 0xae, 0xfd,
    0x70, 0x7f, 0x80,

    /* U+00E6 "æ" */
    0x0, 0x4b, 0xff, 0xe8, 0x0, 0x7d, 0xff, 0xb3,
    0x0, 0x6, 0xfe, 0x98, 0xcf, 0xcc, 0xfc, 0x89,
    0xff, 0x40, 0xe, 0xe1, 0x0, 0x8, 0xff, 0x60,
    0x0, 0x1e, 0xe0, 0x0, 0x0, 0x1, 0x14, 0xfc,
    0x11, 0x11, 0x18, 0xf3, 0x2, 0xbf, 0xff, 0xff,
    0xff, 0xff, 0xff, 0xff, 0xf5, 0xe, 0xf6, 0x44,
    0x46, 0xfa, 0x44, 0x44, 0x44, 0x41, 0x4f, 0x80,
    0x0, 0x4, 0xfd, 0x0, 0x0, 0x1, 0x20, 0x4f,
    0xa0, 0x0, 0x1d, 0xff, 0x70, 0x0, 0x1d, 0xf1,
    0xd, 0xfc, 0x9a, 0xff, 0x4d, 0xfc, 0x9a, 0xef,
    0x60, 0x1, 0x9e, 0xfe, 0xa2, 0x0, 0x8d, 0xff,
    0xb4, 0x0,

    /* U+00E7 "ç" */
    0x0, 0x18, 0xdf, 0xfc, 0x50, 0x0, 0x1d, 0xfd,
    0xaa, 0xef, 0x80, 0xa, 0xf8, 0x0, 0x1, 0xdf,
    0x20, 0xfe, 0x0, 0x0, 0x3, 0x62, 0x3f, 0xb0,
    0x0, 0x0, 0x0, 0x3, 0xfb, 0x0, 0x0, 0x0,
    0x0, 0xf, 0xe0, 0x0, 0x0, 0x38, 0x40, 0xaf,
    0x80, 0x0, 0x1d, 0xf2, 0x1, 0xdf, 0xda, 0xae,
    0xf8, 0x0, 0x1, 0x8d, 0xff, 0xc5, 0x0, 0x0,
    0x0, 0x2f, 0x40, 0x0, 0x0, 0x0, 0x2, 0x8f,
    0x50, 0x0, 0x0, 0x0, 0x33, 0xfa, 0x0, 0x0,
    0x0, 0xf, 0xff, 0x40, 0x0,

    /* U+00E8 "è" */
    0x0, 0xa, 0xf5, 0x0, 0x0, 0x0, 0x0, 0xb,
    0xe1, 0x0, 0x0, 0x0, 0x0, 0xb, 0x70, 0x0,
    0x0, 0x0, 0x0, 0x0, 0x0, 0x0, 0x0, 0x18,
    0xdf, 0xfc, 0x50, 0x0, 0x1d, 0xfb, 0x89, 0xef,
    0x70, 0xa, 0xf6, 0x0, 0x0, 0xdf, 0x20, 0xfd,
    0x11, 0x11, 0x16, 0xf7, 0x3f, 0xff, 0xff, 0xff,
    0xff, 0x83, 0xfb, 0x44, 0x44, 0x44, 0x42, 0xf,
    0xd0, 0x0, 0x0, 0x12, 0x10, 0xaf, 0x70, 0x0,
    0xc, 0xf3, 0x1, 0xdf, 0xc9, 0x9e, 0xf9, 0x0,
    0x0, 0x8d, 0xff, 0xc6, 0x0,

    /* U+00E9 "é" */
    0x0, 0x0, 0x2, 0xfd, 0x10, 0x0, 0x0, 0x0,
    0xcd, 0x10, 0x0, 0x0, 0x0, 0x27, 0x10, 0x0,
    0x0, 0x0, 0x0, 0x0, 0x0, 0x0, 0x0, 0x18,
    0xdf, 0xfc, 0x50, 0x0, 0x1d, 0xfb, 0x89, 0xef,
    0x70, 0xa, 0xf6, 0x0, 0x0, 0xdf, 0x20, 0xfd,
    0x11, 0x11, 0x16, 0xf7, 0x3f, 0xff, 0xff, 0xff,
    0xff, 0x83, 0xfb, 0x44, 0x44, 0x44, 0x42, 0xf,
    0xd0, 0x0, 0x0, 0x12, 0x10, 0xaf, 0x70, 0x0,
    0xc, 0xf3, 0x1, 0xdf, 0xc9, 0x9e, 0xf9, 0x0,
    0x0, 0x8d, 0xff, 0xc6, 0x0,

    /* U+00EA "ê" */
    0x0, 0x0, 0xbf, 0xe1, 0x0, 0x0, 0x0, 0xae,
    0x5b, 0xd1, 0x0, 0x0, 0x27, 0x10, 0x6, 0x50,
    0x0, 0x0, 0x0, 0x0, 0x0, 0x0, 0x0, 0x18,
    0xdf, 0xfc, 0x50, 0x0, 0x1d, 0xfb, 0x89, 0xef,
    0x70, 0xa, 0xf6, 0x0, 0x0, 0xdf, 0x20, 0xfd,
    0x11, 0x11, 0x16, 0xf7, 0x3f, 0xff, 0xff, 0xff,
    0xff, 0x83, 0xfb, 0x44, 0x44, 0x44, 0x42, 0xf,
    0xd0, 0x0, 0x0, 0x12, 0x10, 0xaf, 0x70, 0x0,
    0xc, 0xf3, 0x1, 0xdf, 0xc9, 0x9e, 0xf9, 0x0,
    0x0, 0x8d, 0xff, 0xc6, 0x0,

    /* U+00EB "ë" */
    0x0, 0x3f, 0x80, 0x3f, 0x80, 0x0, 0x4, 0xf9,
    0x4, 0xfa, 0x0, 0x0, 0x1, 0x0, 0x1, 0x0,
    0x0, 0x1, 0x8d, 0xff, 0xc5, 0x0, 0x1, 0xdf,
    0xb8, 0x9e, 0xf7, 0x0, 0xaf, 0x60, 0x0, 0xd,
    0xf2, 0xf, 0xd1, 0x11, 0x11, 0x6f, 0x73, 0xff,
    0xff, 0xff, 0xff, 0xf8, 0x3f, 0xb4, 0x44, 0x44,
    0x44, 0x20, 0xfd, 0x0, 0x0, 0x1, 0x21, 0xa,
    0xf7, 0x0, 0x0, 0xcf, 0x30, 0x1d, 0xfc, 0x99,
    0xef, 0x90, 0x0, 0x8, 0xdf, 0xfc, 0x60, 0x0,

    /* U+00EC "ì" */
    0x1d, 0xf1, 0x0, 0x1d, 0xb0, 0x0, 0x2b, 0x30,
    0x0, 0x0, 0x0, 0x8f, 0x50, 0x8, 0xf5, 0x0,
    0x8f, 0x50, 0x8, 0xf5, 0x0, 0x8f, 0x50, 0x8,
    0xf5, 0x0, 0x8f, 0x50, 0x8, 0xf5, 0x0, 0x8f,
    0x50, 0x8, 0xf5,

    /* U+00ED "í" */
    0x5, 0xfc, 0x0, 0xed, 0x10, 0x8e, 0x10, 0x0,
    0x0, 0x0, 0x8f, 0x50, 0x8, 0xf5, 0x0, 0x8f,
    0x50, 0x8, 0xf5, 0x0, 0x8f, 0x50, 0x8, 0xf5,
    0x0, 0x8f, 0x50, 0x8, 0xf5, 0x0, 0x8f, 0x50,
    0x8, 0xf5, 0x0,

    /* U+00EE "î" */
    0x1, 0xdf, 0xa0, 0x0, 0xbf, 0x9f, 0x60, 0x7e,
    0x20, 0x5f, 0x30, 0x0, 0x0, 0x0, 0x0, 0x8f,
    0x50, 0x0, 0x8, 0xf5, 0x0, 0x0, 0x8f, 0x50,
    0x0, 0x8, 0xf5, 0x0, 0x0, 0x8f, 0x50, 0x0,
    0x8, 0xf5, 0x0, 0x0, 0x8f, 0x50, 0x0, 0x8,
    0xf5, 0x0, 0x0, 0x8f, 0x50, 0x0, 0x8, 0xf5,
    0x0,

    /* U+00EF "ï" */
    0xcb, 0x1e, 0x8d, 0xc1, 0xf9, 0x0, 0x1, 0x0,
    0x8f, 0x50, 0x8, 0xf5, 0x0, 0x8f, 0x50, 0x8,
    0xf5, 0x0, 0x8f, 0x50, 0x8, 0xf5, 0x0, 0x8f,
    0x50, 0x8, 0xf5, 0x0, 0x8f, 0x50, 0x8, 0xf5,
    0x0,

    /* U+00F0 "ð" */
    0x0, 0x0, 0x0, 0x0, 0x10, 0x0, 0x0, 0x5d,
    0xe7, 0x5c, 0xd0, 0x0, 0x0, 0x0, 0xbf, 0xf9,
    0x0, 0x0, 0x0, 0x5d, 0xd6, 0xaf, 0x40, 0x0,
    0x0, 0x45, 0x0, 0x7, 0xf3, 0x0, 0x0, 0x8,
    0xdf, 0xfb, 0xad, 0x0, 0x1, 0xdf, 0xd9, 0x8b,
    0xff, 0x60, 0x9, 0xf9, 0x0, 0x0, 0x5f, 0xd0,
    0xf, 0xe0, 0x0, 0x0, 0xc, 0xf1, 0x3f, 0x90,
    0x0, 0x0, 0x9, 0xf2, 0x3f, 0x90, 0x0, 0x0,
    0xa, 0xf2, 0xf, 0xd0, 0x0, 0x0, 0xe, 0xe0,
    0x9, 0xf8, 0x0, 0x0, 0xaf, 0x70, 0x0, 0xcf,
    0xd9, 0x9e, 0xfb, 0x0, 0x0, 0x7, 0xdf, 0xfc,
    0x60, 0x0,

    /* U+00F1 "ñ" */
    0x0, 0x3, 0xed, 0x20, 0x4c, 0x0, 0x0, 0xb,
    0xa9, 0xe3, 0xa9, 0x0, 0x0, 0xf, 0x20, 0x8f,
    0xf2, 0x0, 0x0, 0x4, 0x0, 0x3, 0x10, 0x0,
    0x3f, 0xd0, 0x4c, 0xff, 0xc5, 0x0, 0x2e, 0xd7,
    0xe8, 0x78, 0xef, 0x70, 0x3, 0xff, 0x20, 0x0,
    0x2f, 0xf0, 0x3, 0xfb, 0x0, 0x0, 0xb, 0xf3,
    0x3, 0xfa, 0x0, 0x0, 0xa, 0xf3, 0x3, 0xfa,
    0x0, 0x0, 0xa, 0xf3, 0x3, 0xfa, 0x0, 0x0,
    0xa, 0xf3, 0x3, 0xfa, 0x0, 0x0, 0xa, 0xf3,
    0x3, 0xfa, 0x0, 0x0, 0xa, 0xf3, 0x3, 0xfa,
    0x0, 0x0, 0xa, 0xf3,

    /* U+00F2 "ò" */
    0x0, 0x6, 0xf9, 0x0, 0x0, 0x0, 0x0, 0x0,
    0x8f, 0x30, 0x0, 0x0, 0x0, 0x0, 0x9, 0xb0,
    0x0, 0x0, 0x0, 0x0, 0x0, 0x0, 0x0, 0x0,
    0x0, 0x8, 0xdf, 0xfc, 0x70, 0x0, 0x1, 0xdf,
    0xda, 0xae, 0xfc, 0x0, 0xa, 0xf9, 0x0, 0x0,
    0xbf, 0x70, 0xf, 0xe0, 0x0, 0x0, 0x1f, 0xd0,
    0x3f, 0xb0, 0x0, 0x0, 0xd, 0xf0, 0x3f, 0xb0,
    0x0, 0x0, 0xd, 0xf0, 0xf, 0xe0, 0x0, 0x0,
    0x1f, 0xd0, 0xa, 0xf9, 0x0, 0x0, 0xbf, 0x70,
    0x1, 0xdf, 0xda, 0xae, 0xfb, 0x0, 0x0, 0x8,
    0xdf, 0xfc, 0x70, 0x0,

    /* U+00F3 "ó" */
    0x0, 0x0, 0x0, 0xcf, 0x40, 0x0, 0x0, 0x0,
    0x9, 0xe3, 0x0, 0x0, 0x0, 0x0, 0x7, 0x20,
    0x0, 0x0, 0x0, 0x0, 0x0, 0x0, 0x0, 0x0,
    0x0, 0x8, 0xdf, 0xfc, 0x70, 0x0, 0x1, 0xdf,
    0xda, 0xae, 0xfc, 0x0, 0xa, 0xf9, 0x0, 0x0,
    0xbf, 0x70, 0xf, 0xe0, 0x0, 0x0, 0x1f, 0xd0,
    0x3f, 0xb0, 0x0, 0x0, 0xd, 0xf0, 0x3f, 0xb0,
    0x0, 0x0, 0xd, 0xf0, 0xf, 0xe0, 0x0, 0x0,
    0x1f, 0xd0, 0xa, 0xf9, 0x0, 0x0, 0xbf, 0x70,
    0x1, 0xdf, 0xda, 0xae, 0xfb, 0x0, 0x0, 0x8,
    0xdf, 0xfc, 0x70, 0x0,

    /* U+00F4 "ô" */
    0x0, 0x0, 0x7f, 0xf4, 0x0, 0x0, 0x0, 0x6,
    0xf6, 0x9f, 0x30, 0x0, 0x0, 0x7, 0x20, 0x4,
    0x60, 0x0, 0x0, 0x0, 0x0, 0x0, 0x0, 0x0,
    0x0, 0x8, 0xdf, 0xfc, 0x70, 0x0, 0x1, 0xdf,
    0xda, 0xae, 0xfc, 0x0, 0xa, 0xf9, 0x0, 0x0,
    0xbf, 0x70, 0xf, 0xe0, 0x0, 0x0, 0x1f, 0xd0,
    0x3f, 0xb0, 0x0, 0x0, 0xd, 0xf0, 0x3f, 0xb0,
    0x0, 0x0, 0xd, 0xf0, 0xf, 0xe0, 0x0, 0x0,
    0x1f, 0xd0, 0xa, 0xf9, 0x0, 0x0, 0xbf, 0x70,
    0x1, 0xdf, 0xda, 0xae, 0xfb, 0x0, 0x0, 0x8,
    0xdf, 0xfc, 0x70, 0x0,

    /* U+00F5 "õ" */
    0x0, 0xb, 0xfc, 0x52, 0xe4, 0x0, 0x0, 0x6d,
    0x6a, 0xff, 0xc0, 0x0, 0x0, 0x22, 0x0, 0x13,
    0x0, 0x0, 0x0, 0x0, 0x0, 0x0, 0x0, 0x0,
    0x0, 0x8, 0xdf, 0xfc, 0x70, 0x0, 0x1, 0xdf,
    0xda, 0xae, 0xfc, 0x0, 0xa, 0xf9, 0x0, 0x0,
    0xbf, 0x70, 0xf, 0xe0, 0x0, 0x0, 0x1f, 0xd0,
    0x3f, 0xb0, 0x0, 0x0, 0xd, 0xf0, 0x3f, 0xb0,
    0x0, 0x0, 0xd, 0xf0, 0xf, 0xe0, 0x0, 0x0,
    0x1f, 0xd0, 0xa, 0xf9, 0x0, 0x0, 0xbf, 0x70,
    0x1, 0xdf, 0xda, 0xae, 0xfb, 0x0, 0x0, 0x8,
    0xdf, 0xfc, 0x70, 0x0,

    /* U+00F6 "ö" */
    0x0, 0x1d, 0xc0, 0xd, 0xc0, 0x0, 0x0, 0x1f,
    0xd0, 0x1f, 0xe0, 0x0, 0x0, 0x1, 0x0, 0x1,
    0x0, 0x0, 0x0, 0x8, 0xdf, 0xfc, 0x70, 0x0,
    0x1, 0xdf, 0xda, 0xae, 0xfc, 0x0, 0xa, 0xf9,
    0x0, 0x0, 0xbf, 0x70, 0xf, 0xe0, 0x0, 0x0,
    0x1f, 0xd0, 0x3f, 0xb0, 0x0, 0x0, 0xd, 0xf0,
    0x3f, 0xb0, 0x0, 0x0, 0xd, 0xf0, 0xf, 0xe0,
    0x0, 0x0, 0x1f, 0xd0, 0xa, 0xf9, 0x0, 0x0,
    0xbf, 0x70, 0x1, 0xdf, 0xda, 0xae, 0xfb, 0x0,
    0x0, 0x8, 0xdf, 0xfc, 0x70, 0x0,

    /* U+00F7 "÷" */
    0x0, 0x3, 0xea, 0x0, 0x0, 0x0, 0x6, 0xfe,
    0x0, 0x0, 0x0, 0x0, 0x52, 0x0, 0x0, 0x0,
    0x0, 0x0, 0x0, 0x0, 0x8f, 0xff, 0xff, 0xff,
    0xf0, 0x48, 0x88, 0x88, 0x88, 0x80, 0x0, 0x0,
    0x42, 0x0, 0x0, 0x0, 0x6, 0xfe, 0x0, 0x0,
    0x0, 0x3, 0xea, 0x0, 0x0,

    /* U+00F8 "ø" */
    0x0, 0x0, 0x0, 0x0, 0x1, 0x0, 0x0, 0x8,
    0xdf, 0xfc, 0x7e, 0x70, 0x1, 0xdf, 0xc9, 0x9d,
    0xff, 0x0, 0xa, 0xf7, 0x0, 0xa, 0xff, 0x70,
    0xf, 0xd0, 0x0, 0x8e, 0x2e, 0xd0, 0x3f, 0x90,
    0x5, 0xe2, 0xb, 0xf0, 0x3f, 0x80, 0x3f, 0x40,
    0xb, 0xf0, 0xf, 0xc2, 0xe5, 0x0, 0xf, 0xd0,
    0x9, 0xfe, 0x70, 0x0, 0xaf, 0x70, 0x2, 0xff,
    0xd9, 0x9d, 0xfb, 0x0, 0xa, 0xc8, 0xdf, 0xfc,
    0x70, 0x0, 0x1, 0x10, 0x0, 0x0, 0x0, 0x0,

    /* U+00F9 "ù" */
    0x0, 0x4f, 0xb0, 0x0, 0x0, 0x0, 0x0, 0x5f,
    0x60, 0x0, 0x0, 0x0, 0x0, 0x6a, 0x0, 0x0,
    0x0, 0x0, 0x0, 0x0, 0x0, 0x0, 0xbf, 0x20,
    0x0, 0x2, 0xfb, 0xb, 0xf2, 0x0, 0x0, 0x2f,
    0xb0, 0xbf, 0x20, 0x0, 0x2, 0xfb, 0xb, 0xf2,
    0x0, 0x0, 0x2f, 0xb0, 0xbf, 0x20, 0x0, 0x2,
    0xfb, 0xb, 0xf2, 0x0, 0x0, 0x2f, 0xb0, 0xbf,
    0x30, 0x0, 0x4, 0xfb, 0x8, 0xfb, 0x0, 0x0,
    0xcf, 0xb0, 0x1e, 0xfd, 0xaa, 0xec, 0x8f, 0xb0,
    0x2a, 0xef, 0xe9, 0x5, 0xfb,

    /* U+00FA "ú" */
    0x0, 0x0, 0xb, 0xf5, 0x0, 0x0, 0x0, 0x7,
    0xf4, 0x0, 0x0, 0x0, 0x0, 0x73, 0x0, 0x0,
    0x0, 0x0, 0x0, 0x0, 0x0, 0x0, 0xbf, 0x20,
    0x0, 0x2, 0xfb, 0xb, 0xf2, 0x0, 0x0, 0x2f,
    0xb0, 0xbf, 0x20, 0x0, 0x2, 0xfb, 0xb, 0xf2,
    0x0, 0x0, 0x2f, 0xb0, 0xbf, 0x20, 0x0, 0x2,
    0xfb, 0xb, 0xf2, 0x0, 0x0, 0x2f, 0xb0, 0xbf,
    0x30, 0x0, 0x4, 0xfb, 0x8, 0xfb, 0x0, 0x0,
    0xcf, 0xb0, 0x1e, 0xfd, 0xaa, 0xec, 0x8f, 0xb0,
    0x2a, 0xef, 0xe9, 0x5, 0xfb,

    /* U+00FB "û" */
    0x0, 0x6, 0xff, 0x60, 0x0, 0x0, 0x5, 0xf7,
    0x8f, 0x40, 0x0, 0x0, 0x73, 0x0, 0x37, 0x0,
    0x0, 0x0, 0x0, 0x0, 0x0, 0x0, 0xbf, 0x20,
    0x0, 0x2, 0xfb, 0xb, 0xf2, 0x0, 0x0, 0x2f,
    0xb0, 0xbf, 0x20, 0x0, 0x2, 0xfb, 0xb, 0xf2,
    0x0, 0x0, 0x2f, 0xb0, 0xbf, 0x20, 0x0, 0x2,
    0xfb, 0xb, 0xf2, 0x0, 0x0, 0x2f, 0xb0, 0xbf,
    0x30, 0x0, 0x4, 0xfb, 0x8, 0xfb, 0x0, 0x0,
    0xcf, 0xb0, 0x1e, 0xfd, 0xaa, 0xec, 0x8f, 0xb0,
    0x2a, 0xef, 0xe9, 0x5, 0xfb,

    /* U+00FC "ü" */
    0x0, 0xdd, 0x0, 0xcd, 0x0, 0x0, 0xe, 0xe0,
    0xe, 0xe1, 0x0, 0x0, 0x0, 0x0, 0x1, 0x0,
    0xb, 0xf2, 0x0, 0x0, 0x2f, 0xb0, 0xbf, 0x20,
    0x0, 0x2, 0xfb, 0xb, 0xf2, 0x0, 0x0, 0x2f,
    0xb0, 0xbf, 0x20, 0x0, 0x2, 0xfb, 0xb, 0xf2,
    0x0, 0x0, 0x2f, 0xb0, 0xbf, 0x20, 0x0, 0x2,
    0xfb, 0xb, 0xf3, 0x0, 0x0, 0x4f, 0xb0, 0x8f,
    0xb0, 0x0, 0xc, 0xfb, 0x1, 0xef, 0xda, 0xae,
    0xc8, 0xfb, 0x2, 0xae, 0xfe, 0x90, 0x5f, 0xb0,

    /* U+00FD "ý" */
    0x0, 0x0, 0x5, 0xfc, 0x0, 0x0, 0x0, 0x0,
    0xed, 0x10, 0x0, 0x0, 0x0, 0x8e, 0x10, 0x0,
    0x0, 0x0, 0x0, 0x0, 0x0, 0x0, 0xaf, 0x40,
    0x0, 0x0, 0x6f, 0x73, 0xfb, 0x0, 0x0, 0xc,
    0xf1, 0xc, 0xf2, 0x0, 0x3, 0xf9, 0x0, 0x5f,
    0x90, 0x0, 0xaf, 0x20, 0x0, 0xdf, 0x10, 0x1f,
    0xc0, 0x0, 0x7, 0xf7, 0x7, 0xf5, 0x0, 0x0,
    0xf, 0xe0, 0xde, 0x0, 0x0, 0x0, 0x8f, 0xaf,
    0x70, 0x0, 0x0, 0x1, 0xff, 0xf1, 0x0, 0x0,
    0x0, 0xa, 0xf9, 0x0, 0x0, 0x0, 0x0, 0x9f,
    0x30, 0x0, 0x0, 0x0, 0xf, 0xc0, 0x0, 0x0,
    0x6, 0x7a, 0xf5, 0x0, 0x0, 0x0, 0xdf, 0xfb,
    0x0, 0x0, 0x0,

    /* U+00FE "þ" */
    0xaf, 0x30, 0x0, 0x0, 0x0, 0xa, 0xf3, 0x0,
    0x0, 0x0, 0x0, 0xaf, 0x30, 0x0, 0x0, 0x0,
    0xa, 0xf3, 0x0, 0x0, 0x0, 0x0, 0xaf, 0x37,
    0xdf, 0xea, 0x20, 0xa, 0xfb, 0xfa, 0x9d, 0xff,
    0x30, 0xaf, 0xd1, 0x0, 0x7, 0xfc, 0xa, 0xf5,
    0x0, 0x0, 0xd, 0xf1, 0xaf, 0x30, 0x0, 0x0,
    0xaf, 0x3a, 0xf3, 0x0, 0x0, 0xa, 0xf3, 0xaf,
    0x50, 0x0, 0x0, 0xdf, 0x1a, 0xfd, 0x10, 0x0,
    0x7f, 0xc0, 0xaf, 0xbf, 0xa9, 0xdf, 0xf3, 0xa,
    0xf3, 0x7d, 0xfe, 0xa2, 0x0, 0xaf, 0x30, 0x0,
    0x0, 0x0, 0xa, 0xf3, 0x0, 0x0, 0x0, 0x0,
    0xaf, 0x30, 0x0, 0x0, 0x0, 0xa, 0xf3, 0x0,
    0x0, 0x0, 0x0,

    /* U+00FF "ÿ" */
    0x0, 0x7f, 0x40, 0x7f, 0x40, 0x0, 0x9, 0xf5,
    0x9, 0xf5, 0x0, 0x0, 0x1, 0x0, 0x1, 0x0,
    0xa, 0xf4, 0x0, 0x0, 0x6, 0xf7, 0x3f, 0xb0,
    0x0, 0x0, 0xcf, 0x10, 0xcf, 0x20, 0x0, 0x3f,
    0x90, 0x5, 0xf9, 0x0, 0xa, 0xf2, 0x0, 0xd,
    0xf1, 0x1, 0xfc, 0x0, 0x0, 0x7f, 0x70, 0x7f,
    0x50, 0x0, 0x0, 0xfe, 0xd, 0xe0, 0x0, 0x0,
    0x8, 0xfa, 0xf7, 0x0, 0x0, 0x0, 0x1f, 0xff,
    0x10, 0x0, 0x0, 0x0, 0xaf, 0x90, 0x0, 0x0,
    0x0, 0x9, 0xf3, 0x0, 0x0, 0x0, 0x0, 0xfc,
    0x0, 0x0, 0x0, 0x67, 0xaf, 0x50, 0x0, 0x0,
    0xd, 0xff, 0xb0, 0x0, 0x0, 0x0,

    /* U+0100 "Ā" */
    0x0, 0x0, 0x0, 0x0, 0x0, 0x0, 0x0, 0x0,
    0x3, 0xff, 0xff, 0xff, 0x10, 0x0, 0x0, 0x0,
    0x33, 0x33, 0x33, 0x0, 0x0, 0x0, 0x0, 0x0,
    0x0, 0x0, 0x0, 0x0, 0x0, 0x0, 0x5, 0xff,
    0x30, 0x0, 0x0, 0x0, 0x0, 0xc, 0xff, 0xa0,
    0x0, 0x0, 0x0, 0x0, 0x3f, 0x8a, 0xf1, 0x0,
    0x0, 0x0, 0x0, 0xaf, 0x13, 0xf8, 0x0, 0x0,
    0x0, 0x2, 0xfa, 0x0, 0xcf, 0x0, 0x0, 0x0,
    0x8, 0xf2, 0x0, 0x5f, 0x70, 0x0, 0x0, 0xf,
    0xb0, 0x0, 0xd, 0xd0, 0x0, 0x0, 0x7f, 0xc9,
    0x99, 0x9d, 0xf5, 0x0, 0x0, 0xef, 0xff, 0xff,
    0xff, 0xfc, 0x0, 0x5, 0xf7, 0x0, 0x0, 0x0,
    0xaf, 0x30, 0xc, 0xf1, 0x0, 0x0, 0x0, 0x3f,
    0xa0, 0x3f, 0xa0, 0x0, 0x0, 0x0, 0xc, 0xf1,
    0xaf, 0x30, 0x0, 0x0, 0x0, 0x5, 0xf8,

    /* U+0101 "ā" */
    0x0, 0xcf, 0xff, 0xff, 0x80, 0x0, 0x3, 0x44,
    0x44, 0x42, 0x0, 0x0, 0x0, 0x0, 0x0, 0x0,
    0x0, 0x5, 0xcf, 0xfe, 0x91, 0x0, 0x7, 0xfe,
    0x98, 0xbf, 0xe1, 0x0, 0xdd, 0x10, 0x0, 0x7f,
    0x70, 0x0, 0x0, 0x11, 0x14, 0xf9, 0x0, 0x3c,
    0xff, 0xff, 0xff, 0x90, 0xe, 0xe6, 0x44, 0x46,
    0xf9, 0x4, 0xf8, 0x0, 0x0, 0x5f, 0x90, 0x4f,
    0x90, 0x0, 0x1d, 0xfa, 0x0, 0xdf, 0xa7, 0x9e,
    0xba, 0xf8, 0x1, 0xae, 0xfd, 0x70, 0x7f, 0x80,

    /* U+0102 "Ă" */
    0x0, 0x0, 0xe9, 0x12, 0xac, 0x0, 0x0, 0x0,
    0x0, 0x4f, 0xff, 0xe3, 0x0, 0x0, 0x0, 0x0,
    0x0, 0x33, 0x0, 0x0, 0x0, 0x0, 0x0, 0x0,
    0x0, 0x0, 0x0, 0x0, 0x0, 0x0, 0x5, 0xff,
    0x30, 0x0, 0x0, 0x0, 0x0, 0xc, 0xff, 0xa0,
    0x0, 0x0, 0x0, 0x0, 0x3f, 0x8a, 0xf1, 0x0,
    0x0, 0x0, 0x0, 0xaf, 0x13, 0xf8, 0x0, 0x0,
    0x0, 0x2, 0xfa, 0x0, 0xcf, 0x0, 0x0, 0x0,
    0x8, 0xf2, 0x0, 0x5f, 0x70, 0x0, 0x0, 0xf,
    0xb0, 0x0, 0xd, 0xd0, 0x0, 0x0, 0x7f, 0xc9,
    0x99, 0x9d, 0xf5, 0x0, 0x0, 0xef, 0xff, 0xff,
    0xff, 0xfc, 0x0, 0x5, 0xf7, 0x0, 0x0, 0x0,
    0xaf, 0x30, 0xc, 0xf1, 0x0, 0x0, 0x0, 0x3f,
    0xa0, 0x3f, 0xa0, 0x0, 0x0, 0x0, 0xc, 0xf1,
    0xaf, 0x30, 0x0, 0x0, 0x0, 0x5, 0xf8,

    /* U+0103 "ă" */
    0x0, 0x8b, 0x0, 0xf, 0x30, 0x0, 0x4, 0xf5,
    0x19, 0xe0, 0x0, 0x0, 0x9, 0xff, 0xf5, 0x0,
    0x0, 0x0, 0x2, 0x31, 0x0, 0x0, 0x0, 0x5c,
    0xff, 0xe9, 0x10, 0x0, 0x7f, 0xe9, 0x8b, 0xfe,
    0x10, 0xd, 0xd1, 0x0, 0x7, 0xf7, 0x0, 0x0,
    0x1, 0x11, 0x4f, 0x90, 0x3, 0xcf, 0xff, 0xff,
    0xf9, 0x0, 0xee, 0x64, 0x44, 0x6f, 0x90, 0x4f,
    0x80, 0x0, 0x5, 0xf9, 0x4, 0xf9, 0x0, 0x1,
    0xdf, 0xa0, 0xd, 0xfa, 0x79, 0xeb, 0xaf, 0x80,
    0x1a, 0xef, 0xd7, 0x7, 0xf8,

    /* U+0104 "Ą" */
    0x0, 0x0, 0x5, 0xff, 0x30, 0x0, 0x0, 0x0,
    0x0, 0x0, 0xcf, 0xfa, 0x0, 0x0, 0x0, 0x0,
    0x0, 0x3f, 0x8a, 0xf1, 0x0, 0x0, 0x0, 0x0,
    0xa, 0xf1, 0x3f, 0x80, 0x0, 0x0, 0x0, 0x2,
    0xfa, 0x0, 0xcf, 0x0, 0x0, 0x0, 0x0, 0x8f,
    0x20, 0x5, 0xf7, 0x0, 0x0, 0x0, 0xf, 0xb0,
    0x0, 0xd, 0xd0, 0x0, 0x0, 0x7, 0xfc, 0x99,
    0x99, 0xdf, 0x50, 0x0, 0x0, 0xef, 0xff, 0xff,
    0xff, 0xfc, 0x0, 0x0, 0x5f, 0x70, 0x0, 0x0,
    0xa, 0xf3, 0x0, 0xc, 0xf1, 0x0, 0x0, 0x0,
    0x3f, 0xa0, 0x3, 0xfa, 0x0, 0x0, 0x0, 0x0,
    0xcf, 0x10, 0xaf, 0x30, 0x0, 0x0, 0x0, 0x5,
    0xf8, 0x0, 0x0, 0x0, 0x0, 0x0, 0x0, 0x4f,
    0x40, 0x0, 0x0, 0x0, 0x0, 0x0, 0xe, 0x90,
    0x0, 0x0, 0x0, 0x0, 0x0, 0x2, 0xf9, 0x40,
    0x0, 0x0, 0x0, 0x0, 0x0, 0xc, 0xff, 0x30,

    /* U+0105 "ą" */
    0x0, 0x5c, 0xff, 0xe9, 0x10, 0x0, 0x7f, 0xe9,
    0x8b, 0xfe, 0x10, 0xd, 0xd1, 0x0, 0x7, 0xf7,
    0x0, 0x0, 0x1, 0x11, 0x4f, 0x90, 0x3, 0xcf,
    0xff, 0xff, 0xf9, 0x0, 0xee, 0x64, 0x44, 0x6f,
    0x90, 0x4f, 0x80, 0x0, 0x5, 0xf9, 0x4, 0xf9,
    0x0, 0x1, 0xdf, 0xa0, 0xd, 0xfa, 0x79, 0xeb,
    0xaf, 0x80, 0x1a, 0xef, 0xd7, 0x7, 0xf8, 0x0,
    0x0, 0x0, 0x0, 0x9c, 0x0, 0x0, 0x0, 0x0,
    0x3f, 0x40, 0x0, 0x0, 0x0, 0x6, 0xf6, 0x40,
    0x0, 0x0, 0x0, 0x1e, 0xff,

    /* U+0106 "Ć" */
    0x0, 0x0, 0x0, 0x0, 0x78, 0x20, 0x0, 0x0,
    0x0, 0x0, 0x5, 0xf9, 0x0, 0x0, 0x0, 0x0,
    0x0, 0x1e, 0xa0, 0x0, 0x0, 0x0, 0x0, 0x0,
    0x37, 0x0, 0x0, 0x0, 0x0, 0x0, 0x0, 0x0,
    0x0, 0x0, 0x0, 0x0, 0x0, 0x6b, 0xef, 0xfc,
    0x70, 0x0, 0x0, 0x2d, 0xff, 0xba, 0xbe, 0xfd,
    0x20, 0x0, 0xdf, 0x90, 0x0, 0x0, 0x8f, 0xd0,
    0x8, 0xf9, 0x0, 0x0, 0x0, 0xb, 0xf4, 0xe,
    0xf1, 0x0, 0x0, 0x0, 0x0, 0x10, 0x1f, 0xd0,
    0x0, 0x0, 0x0, 0x0, 0x0, 0x2f, 0xc0, 0x0,
    0x0, 0x0, 0x0, 0x0, 0x1f, 0xd0, 0x0, 0x0,
    0x0, 0x0, 0x0, 0xe, 0xf1, 0x0, 0x0, 0x0,
    0x0, 0x10, 0x8, 0xf9, 0x0, 0x0, 0x0, 0xb,
    0xf4, 0x0, 0xdf, 0x91, 0x0, 0x0, 0x8f, 0xc0,
    0x0, 0x2d, 0xff, 0xca, 0xbe, 0xfd, 0x10, 0x0,
    0x0, 0x6b, 0xef, 0xfc, 0x70, 0x0,

    /* U+0107 "ć" */
    0x0, 0x0, 0x0, 0xdf, 0x30, 0x0, 0x0, 0x0,
    0x9e, 0x30, 0x0, 0x0, 0x0, 0x18, 0x20, 0x0,
    0x0, 0x0, 0x0, 0x0, 0x0, 0x0, 0x0, 0x18,
    0xdf, 0xfc, 0x50, 0x0, 0x1d, 0xfd, 0xaa, 0xef,
    0x80, 0xa, 0xf8, 0x0, 0x1, 0xdf, 0x20, 0xfe,
    0x0, 0x0, 0x3, 0x62, 0x3f, 0xb0, 0x0, 0x0,
    0x0, 0x3, 0xfb, 0x0, 0x0, 0x0, 0x0, 0xf,
    0xe0, 0x0, 0x0, 0x38, 0x40, 0xaf, 0x80, 0x0,
    0x1d, 0xf2, 0x1, 0xdf, 0xda, 0xae, 0xf8, 0x0,
    0x1, 0x8d, 0xff, 0xc5, 0x0,

    /* U+010A "Ċ" */
    0x0, 0x0, 0x0, 0x4f, 0x80, 0x0, 0x0, 0x0,
    0x0, 0x0, 0x6f, 0xa0, 0x0, 0x0, 0x0, 0x0,
    0x0, 0x2, 0x0, 0x0, 0x0, 0x0, 0x0, 0x0,
    0x0, 0x0, 0x0, 0x0, 0x0, 0x0, 0x6b, 0xef,
    0xfc, 0x70, 0x0, 0x0, 0x2d, 0xff, 0xba, 0xbe,
    0xfd, 0x20, 0x0, 0xdf, 0x90, 0x0, 0x0, 0x8f,
    0xd0, 0x8, 0xf9, 0x0, 0x0, 0x0, 0xb, 0xf4,
    0xe, 0xf1, 0x0, 0x0, 0x0, 0x0, 0x10, 0x1f,
    0xd0, 0x0, 0x0, 0x0, 0x0, 0x0, 0x2f, 0xc0,
    0x0, 0x0, 0x0, 0x0, 0x0, 0x1f, 0xd0, 0x0,
    0x0, 0x0, 0x0, 0x0, 0xe, 0xf1, 0x0, 0x0,
    0x0, 0x0, 0x10, 0x8, 0xf9, 0x0, 0x0, 0x0,
    0xb, 0xf4, 0x0, 0xdf, 0x91, 0x0, 0x0, 0x8f,
    0xc0, 0x0, 0x2d, 0xff, 0xca, 0xbe, 0xfd, 0x10,
    0x0, 0x0, 0x6b, 0xef, 0xfc, 0x70, 0x0,

    /* U+010B "ċ" */
    0x0, 0x0, 0x1e, 0xb0, 0x0, 0x0, 0x0, 0x2,
    0xfe, 0x0, 0x0, 0x0, 0x0, 0x2, 0x10, 0x0,
    0x0, 0x1, 0x8d, 0xff, 0xc5, 0x0, 0x1, 0xdf,
    0xda, 0xae, 0xf8, 0x0, 0xaf, 0x80, 0x0, 0x1d,
    0xf2, 0xf, 0xe0, 0x0, 0x0, 0x36, 0x23, 0xfb,
    0x0, 0x0, 0x0, 0x0, 0x3f, 0xb0, 0x0, 0x0,
    0x0, 0x0, 0xfe, 0x0, 0x0, 0x3, 0x84, 0xa,
    0xf8, 0x0, 0x1, 0xdf, 0x20, 0x1d, 0xfd, 0xaa,
    0xef, 0x80, 0x0, 0x18, 0xdf, 0xfc, 0x50, 0x0,

    /* U+010C "Č" */
    0x0, 0x0, 0x37, 0x0, 0x6, 0x50, 0x0, 0x0,
    0x0, 0xc, 0xc1, 0x9f, 0x20, 0x0, 0x0, 0x0,
    0x1, 0xef, 0xf5, 0x0, 0x0, 0x0, 0x0, 0x0,
    0x38, 0x50, 0x0, 0x0, 0x0, 0x0, 0x0, 0x0,
    0x0, 0x0, 0x0, 0x0, 0x0, 0x6b, 0xef, 0xfc,
    0x70, 0x0, 0x0, 0x2d, 0xff, 0xba, 0xbe, 0xfd,
    0x20, 0x0, 0xdf, 0x90, 0x0, 0x0, 0x8f, 0xd0,
    0x8, 0xf9, 0x0, 0x0, 0x0, 0xb, 0xf4, 0xe,
    0xf1, 0x0, 0x0, 0x0, 0x0, 0x10, 0x1f, 0xd0,
    0x0, 0x0, 0x0, 0x0, 0x0, 0x2f, 0xc0, 0x0,
    0x0, 0x0, 0x0, 0x0, 0x1f, 0xd0, 0x0, 0x0,
    0x0, 0x0, 0x0, 0xe, 0xf1, 0x0, 0x0, 0x0,
    0x0, 0x10, 0x8, 0xf9, 0x0, 0x0, 0x0, 0xb,
    0xf4, 0x0, 0xdf, 0x91, 0x0, 0x0, 0x8f, 0xc0,
    0x0, 0x2d, 0xff, 0xca, 0xbe, 0xfd, 0x10, 0x0,
    0x0, 0x6b, 0xef, 0xfc, 0x70, 0x0,

    /* U+010D "č" */
    0x0, 0x1d, 0x80, 0x1c, 0xb0, 0x0, 0x0, 0x2f,
    0xbd, 0xd1, 0x0, 0x0, 0x0, 0x5e, 0xd2, 0x0,
    0x0, 0x0, 0x0, 0x0, 0x0, 0x0, 0x0, 0x18,
    0xdf, 0xfc, 0x50, 0x0, 0x1d, 0xfd, 0xaa, 0xef,
    0x70, 0xa, 0xf8, 0x0, 0x1, 0xdf, 0x20, 0xfe,
    0x0, 0x0, 0x3, 0x73, 0x3f, 0xb0, 0x0, 0x0,
    0x0, 0x3, 0xfb, 0x0, 0x0, 0x0, 0x0, 0xf,
    0xe0, 0x0, 0x0, 0x38, 0x30, 0xaf, 0x80, 0x0,
    0x1d, 0xf3, 0x1, 0xdf, 0xda, 0xae, 0xf8, 0x0,
    0x1, 0x8d, 0xff, 0xc5, 0x0,

    /* U+010E "Ď" */
    0x0, 0x27, 0x10, 0x5, 0x60, 0x0, 0x0, 0x0,
    0xbd, 0x18, 0xf3, 0x0, 0x0, 0x0, 0x1, 0xef,
    0xf6, 0x0, 0x0, 0x0, 0x0, 0x3, 0x86, 0x0,
    0x0, 0x0, 0x0, 0x0, 0x0, 0x0, 0x0, 0x0,
    0x5, 0xff, 0xff, 0xff, 0xc8, 0x20, 0x0, 0x5f,
    0xd9, 0x99, 0xad, 0xff, 0x70, 0x5, 0xf9, 0x0,
    0x0, 0x4, 0xef, 0x60, 0x5f, 0x90, 0x0, 0x0,
    0x2, 0xff, 0x15, 0xf9, 0x0, 0x0, 0x0, 0xa,
    0xf6, 0x5f, 0x90, 0x0, 0x0, 0x0, 0x6f, 0x95,
    0xf9, 0x0, 0x0, 0x0, 0x4, 0xfa, 0x5f, 0x90,
    0x0, 0x0, 0x0, 0x6f, 0x95, 0xf9, 0x0, 0x0,
    0x0, 0xa, 0xf6, 0x5f, 0x90, 0x0, 0x0, 0x2,
    0xff, 0x5, 0xf9, 0x0, 0x0, 0x4, 0xef, 0x60,
    0x5f, 0xd9, 0x99, 0xad, 0xff, 0x60, 0x5, 0xff,
    0xff, 0xff, 0xc8, 0x20, 0x0,

    /* U+010F "ď" */
    0x0, 0x0, 0x0, 0x0, 0x3f, 0xb0, 0x7f, 0x40,
    0x0, 0x0, 0x0, 0x3, 0xfb, 0xb, 0xe0, 0x0,
    0x0, 0x0, 0x0, 0x3f, 0xb0, 0xe9, 0x0, 0x0,
    0x0, 0x0, 0x3, 0xfb, 0x2f, 0x30, 0x0, 0x2a,
    0xef, 0xd7, 0x3f, 0xb2, 0x70, 0x0, 0x2e, 0xfd,
    0x9a, 0xeb, 0xfb, 0x0, 0x0, 0xb, 0xf8, 0x0,
    0x1, 0xdf, 0xb0, 0x0, 0x1, 0xfe, 0x0, 0x0,
    0x5, 0xfb, 0x0, 0x0, 0x3f, 0xb0, 0x0, 0x0,
    0x3f, 0xb0, 0x0, 0x3, 0xfb, 0x0, 0x0, 0x3,
    0xfb, 0x0, 0x0, 0x1f, 0xe0, 0x0, 0x0, 0x5f,
    0xb0, 0x0, 0x0, 0xbf, 0x80, 0x0, 0x1d, 0xfb,
    0x10, 0x0, 0x2, 0xef, 0xd9, 0xae, 0xb7, 0xfa,
    0x0, 0x0, 0x2, 0xae, 0xfe, 0x90, 0x5f, 0xa0,
    0x0,

    /* U+0110 "Đ" */
    0x0, 0xdf, 0xff, 0xff, 0xeb, 0x50, 0x0, 0x0,
    0xd, 0xfa, 0x99, 0xac, 0xff, 0xc1, 0x0, 0x0,
    0xdf, 0x10, 0x0, 0x1, 0x9f, 0xd0, 0x0, 0xd,
    0xf1, 0x0, 0x0, 0x0, 0xaf, 0x80, 0x0, 0xdf,
    0x10, 0x0, 0x0, 0x2, 0xfe, 0x1, 0x2d, 0xf3,
    0x22, 0x20, 0x0, 0xe, 0xf1, 0x8f, 0xff, 0xff,
    0xff, 0x60, 0x0, 0xcf, 0x22, 0x5e, 0xf5, 0x55,
    0x52, 0x0, 0xe, 0xf1, 0x0, 0xdf, 0x10, 0x0,
    0x0, 0x2, 0xfe, 0x0, 0xd, 0xf1, 0x0, 0x0,
    0x0, 0xaf, 0x70, 0x0, 0xdf, 0x10, 0x0, 0x1,
    0x9f, 0xd0, 0x0, 0xd, 0xf9, 0x99, 0x9b, 0xff,
    0xc1, 0x0, 0x0, 0xdf, 0xff, 0xff, 0xeb, 0x50,
    0x0, 0x0,

    /* U+0111 "đ" */
    0x0, 0x0, 0x0, 0x0, 0x3f, 0xb0, 0x0, 0x0,
    0xc, 0xff, 0xff, 0xfd, 0x0, 0x0, 0x2, 0x33,
    0x5f, 0xc2, 0x0, 0x0, 0x0, 0x0, 0x3f, 0xb0,
    0x0, 0x2a, 0xef, 0xd7, 0x3f, 0xb0, 0x2, 0xef,
    0xd9, 0xae, 0xbf, 0xb0, 0xb, 0xf8, 0x0, 0x1,
    0xdf, 0xb0, 0xf, 0xe0, 0x0, 0x0, 0x5f, 0xb0,
    0x3f, 0xb0, 0x0, 0x0, 0x3f, 0xb0, 0x3f, 0xb0,
    0x0, 0x0, 0x3f, 0xb0, 0xf, 0xe0, 0x0, 0x0,
    0x5f, 0xb0, 0xb, 0xf8, 0x0, 0x1, 0xdf, 0xb0,
    0x2, 0xef, 0xd9, 0xaf, 0xbf, 0xb0, 0x0, 0x2a,
    0xef, 0xd7, 0x2f, 0xb0,

    /* U+0112 "Ē" */
    0x0, 0x0, 0x0, 0x0, 0x0, 0x0, 0xd, 0xff,
    0xff, 0xf8, 0x0, 0x0, 0x23, 0x33, 0x33, 0x10,
    0x0, 0x0, 0x0, 0x0, 0x0, 0x0, 0x5f, 0xff,
    0xff, 0xff, 0xff, 0x15, 0xfd, 0x99, 0x99, 0x99,
    0x90, 0x5f, 0x90, 0x0, 0x0, 0x0, 0x5, 0xf9,
    0x0, 0x0, 0x0, 0x0, 0x5f, 0x90, 0x0, 0x0,
    0x0, 0x5, 0xfc, 0x99, 0x99, 0x99, 0x60, 0x5f,
    0xff, 0xff, 0xff, 0xfa, 0x5, 0xf9, 0x0, 0x0,
    0x0, 0x0, 0x5f, 0x90, 0x0, 0x0, 0x0, 0x5,
    0xf9, 0x0, 0x0, 0x0, 0x0, 0x5f, 0x90, 0x0,
    0x0, 0x0, 0x5, 0xfd, 0x99, 0x99, 0x99, 0x90,
    0x5f, 0xff, 0xff, 0xff, 0xff, 0x10,

    /* U+0113 "ē" */
    0x0, 0x8f, 0xff, 0xff, 0xd0, 0x0, 0x2, 0x44,
    0x44, 0x43, 0x0, 0x0, 0x0, 0x0, 0x0, 0x0,
    0x0, 0x1, 0x8d, 0xff, 0xc5, 0x0, 0x1, 0xdf,
    0xb8, 0x9e, 0xf7, 0x0, 0xaf, 0x60, 0x0, 0xd,
    0xf2, 0xf, 0xd1, 0x11, 0x11, 0x6f, 0x73, 0xff,
    0xff, 0xff, 0xff, 0xf8, 0x3f, 0xb4, 0x44, 0x44,
    0x44, 0x20, 0xfd, 0x0, 0x0, 0x1, 0x21, 0xa,
    0xf7, 0x0, 0x0, 0xcf, 0x30, 0x1d, 0xfc, 0x99,
    0xef, 0x90, 0x0, 0x8, 0xdf, 0xfc, 0x60, 0x0,

    /* U+0116 "Ė" */
    0x0, 0x0, 0x8f, 0x30, 0x0, 0x0, 0x0, 0xa,
    0xf5, 0x0, 0x0, 0x0, 0x0, 0x2, 0x0, 0x0,
    0x0, 0x0, 0x0, 0x0, 0x0, 0x0, 0x5f, 0xff,
    0xff, 0xff, 0xff, 0x15, 0xfd, 0x99, 0x99, 0x99,
    0x90, 0x5f, 0x90, 0x0, 0x0, 0x0, 0x5, 0xf9,
    0x0, 0x0, 0x0, 0x0, 0x5f, 0x90, 0x0, 0x0,
    0x0, 0x5, 0xfc, 0x99, 0x99, 0x99, 0x60, 0x5f,
    0xff, 0xff, 0xff, 0xfa, 0x5, 0xf9, 0x0, 0x0,
    0x0, 0x0, 0x5f, 0x90, 0x0, 0x0, 0x0, 0x5,
    0xf9, 0x0, 0x0, 0x0, 0x0, 0x5f, 0x90, 0x0,
    0x0, 0x0, 0x5, 0xfd, 0x99, 0x99, 0x99, 0x90,
    0x5f, 0xff, 0xff, 0xff, 0xff, 0x10,

    /* U+0117 "ė" */
    0x0, 0x0, 0x3f, 0x80, 0x0, 0x0, 0x0, 0x5,
    0xfa, 0x0, 0x0, 0x0, 0x0, 0x2, 0x0, 0x0,
    0x0, 0x1, 0x8d, 0xff, 0xc5, 0x0, 0x1, 0xdf,
    0xb8, 0x9e, 0xf7, 0x0, 0xaf, 0x60, 0x0, 0xd,
    0xf2, 0xf, 0xd1, 0x11, 0x11, 0x6f, 0x73, 0xff,
    0xff, 0xff, 0xff, 0xf8, 0x3f, 0xb4, 0x44, 0x44,
    0x44, 0x20, 0xfd, 0x0, 0x0, 0x1, 0x21, 0xa,
    0xf7, 0x0, 0x0, 0xcf, 0x30, 0x1d, 0xfc, 0x99,
    0xef, 0x90, 0x0, 0x8, 0xdf, 0xfc, 0x60, 0x0,

    /* U+0118 "Ę" */
    0x5f, 0xff, 0xff, 0xff, 0xff, 0x15, 0xfd, 0x99,
    0x99, 0x99, 0x90, 0x5f, 0x90, 0x0, 0x0, 0x0,
    0x5, 0xf9, 0x0, 0x0, 0x0, 0x0, 0x5f, 0x90,
    0x0, 0x0, 0x0, 0x5, 0xfc, 0x99, 0x99, 0x99,
    0x60, 0x5f, 0xff, 0xff, 0xff, 0xfa, 0x5, 0xf9,
    0x0, 0x0, 0x0, 0x0, 0x5f, 0x90, 0x0, 0x0,
    0x0, 0x5, 0xf9, 0x0, 0x0, 0x0, 0x0, 0x5f,
    0x90, 0x0, 0x0, 0x0, 0x5, 0xfd, 0x99, 0x99,
    0x99, 0x90, 0x5f, 0xff, 0xff, 0xff, 0xff, 0x10,
    0x0, 0x0, 0x0, 0x1e, 0x70, 0x0, 0x0, 0x0,
    0xa, 0xd0, 0x0, 0x0, 0x0, 0x0, 0xec, 0x42,
    0x0, 0x0, 0x0, 0x8, 0xff, 0x70,

    /* U+0119 "ę" */
    0x0, 0x18, 0xdf, 0xfc, 0x50, 0x0, 0x1d, 0xfb,
    0x89, 0xef, 0x70, 0xa, 0xf6, 0x0, 0x0, 0xdf,
    0x20, 0xfd, 0x11, 0x11, 0x16, 0xf7, 0x3f, 0xff,
    0xff, 0xff, 0xff, 0x83, 0xfb, 0x44, 0x44, 0x44,
    0x42, 0xf, 0xd0, 0x0, 0x0, 0x12, 0x10, 0xaf,
    0x70, 0x0, 0xc, 0xf3, 0x1, 0xdf, 0xc9, 0x9e,
    0xf9, 0x0, 0x0, 0x8d, 0xff, 0xf7, 0x0, 0x0,
    0x0, 0x0, 0xc9, 0x0, 0x0, 0x0, 0x0, 0x5f,
    0x20, 0x0, 0x0, 0x0, 0x7, 0xf5, 0x40, 0x0,
    0x0, 0x0, 0x2e, 0xfd, 0x0,

    /* U+011A "Ě" */
    0x0, 0x55, 0x0, 0x7, 0x30, 0x0, 0x2, 0xf8,
    0x1d, 0xc0, 0x0, 0x0, 0x5, 0xff, 0xe1, 0x0,
    0x0, 0x0, 0x6, 0x83, 0x0, 0x0, 0x0, 0x0,
    0x0, 0x0, 0x0, 0x5, 0xff, 0xff, 0xff, 0xff,
    0xf1, 0x5f, 0xd9, 0x99, 0x99, 0x99, 0x5, 0xf9,
    0x0, 0x0, 0x0, 0x0, 0x5f, 0x90, 0x0, 0x0,
    0x0, 0x5, 0xf9, 0x0, 0x0, 0x0, 0x0, 0x5f,
    0xc9, 0x99, 0x99, 0x96, 0x5, 0xff, 0xff, 0xff,
    0xff, 0xa0, 0x5f, 0x90, 0x0, 0x0, 0x0, 0x5,
    0xf9, 0x0, 0x0, 0x0, 0x0, 0x5f, 0x90, 0x0,
    0x0, 0x0, 0x5, 0xf9, 0x0, 0x0, 0x0, 0x0,
    0x5f, 0xd9, 0x99, 0x99, 0x99, 0x5, 0xff, 0xff,
    0xff, 0xff, 0xf1,

    /* U+011B "ě" */
    0x0, 0x2e, 0x50, 0x2e, 0x80, 0x0, 0x0, 0x5f,
    0x9f, 0xa0, 0x0, 0x0, 0x0, 0x8e, 0xc0, 0x0,
    0x0, 0x0, 0x0, 0x0, 0x0, 0x0, 0x0, 0x18,
    0xdf, 0xfc, 0x50, 0x0, 0x1d, 0xfb, 0x89, 0xef,
    0x70, 0xa, 0xf6, 0x0, 0x0, 0xdf, 0x20, 0xfd,
    0x11, 0x11, 0x16, 0xf7, 0x3f, 0xff, 0xff, 0xff,
    0xff, 0x83, 0xfb, 0x44, 0x44, 0x44, 0x42, 0xf,
    0xd0, 0x0, 0x0, 0x12, 0x10, 0xaf, 0x70, 0x0,
    0xc, 0xf3, 0x1, 0xdf, 0xc9, 0x9e, 0xf9, 0x0,
    0x0, 0x8d, 0xff, 0xc6, 0x0,

    /* U+011E "Ğ" */
    0x0, 0x0, 0x8d, 0x31, 0x5f, 0x20, 0x0, 0x0,
    0x0, 0x1c, 0xff, 0xf8, 0x0, 0x0, 0x0, 0x0,
    0x0, 0x34, 0x10, 0x0, 0x0, 0x0, 0x0, 0x0,
    0x0, 0x0, 0x0, 0x0, 0x0, 0x0, 0x5b, 0xef,
    0xfd, 0x81, 0x0, 0x0, 0x1c, 0xff, 0xca, 0xad,
    0xff, 0x40, 0x0, 0xcf, 0xa1, 0x0, 0x0, 0x5f,
    0xe1, 0x7, 0xfb, 0x0, 0x0, 0x0, 0x8, 0xe5,
    0xd, 0xf2, 0x0, 0x0, 0x0, 0x0, 0x0, 0xf,
    0xe0, 0x0, 0x0, 0x0, 0x0, 0x0, 0x1f, 0xd0,
    0x0, 0x9, 0xff, 0xff, 0xe2, 0xf, 0xe0, 0x0,
    0x4, 0x88, 0x8a, 0xf8, 0xd, 0xf2, 0x0, 0x0,
    0x0, 0x5, 0xf8, 0x7, 0xfb, 0x0, 0x0, 0x0,
    0x9, 0xf8, 0x0, 0xdf, 0xa0, 0x0, 0x0, 0x7f,
    0xf8, 0x0, 0x1d, 0xff, 0xa9, 0x9e, 0xf8, 0xf8,
    0x0, 0x0, 0x6c, 0xef, 0xea, 0x24, 0xf8,

    /* U+011F "ğ" */
    0x0, 0xe, 0x60, 0x5, 0xe0, 0x0, 0x0, 0x9,
    0xd2, 0x2d, 0xa0, 0x0, 0x0, 0x1, 0xdf, 0xfd,
    0x10, 0x0, 0x0, 0x0, 0x3, 0x30, 0x0, 0x0,
    0x0, 0x19, 0xef, 0xe9, 0x15, 0xfb, 0x1, 0xef,
    0xea, 0xae, 0xc8, 0xfb, 0xa, 0xf9, 0x0, 0x1,
    0xcf, 0xb1, 0xf, 0xe0, 0x0, 0x0, 0x4f, 0xb0,
    0x2f, 0xb0, 0x0, 0x0, 0x2f, 0xb0, 0x2f, 0xb0,
    0x0, 0x0, 0x2f, 0xb0, 0xf, 0xe0, 0x0, 0x0,
    0x4f, 0xb0, 0xa, 0xf9, 0x0, 0x1, 0xcf, 0xb0,
    0x2, 0xef, 0xda, 0xae, 0xbf, 0xb0, 0x0, 0x19,
    0xef, 0xe8, 0x2f, 0xb0, 0x2, 0x10, 0x0, 0x0,
    0x3f, 0xa0, 0x1f, 0xf2, 0x0, 0x0, 0xbf, 0x60,
    0x7, 0xff, 0xa8, 0x9e, 0xfb, 0x0, 0x0, 0x4b,
    0xef, 0xfc, 0x70, 0x0,

    /* U+0120 "Ġ" */
    0x0, 0x0, 0x0, 0x8f, 0x30, 0x0, 0x0, 0x0,
    0x0, 0x0, 0xbf, 0x50, 0x0, 0x0, 0x0, 0x0,
    0x0, 0x2, 0x0, 0x0, 0x0, 0x0, 0x0, 0x0,
    0x0, 0x0, 0x0, 0x0, 0x0, 0x0, 0x5b, 0xef,
    0xfd, 0x81, 0x0, 0x0, 0x1c, 0xff, 0xca, 0xad,
    0xff, 0x40, 0x0, 0xcf, 0xa1, 0x0, 0x0, 0x5f,
    0xe1, 0x7, 0xfb, 0x0, 0x0, 0x0, 0x8, 0xe5,
    0xd, 0xf2, 0x0, 0x0, 0x0, 0x0, 0x0, 0xf,
    0xe0, 0x0, 0x0, 0x0, 0x0, 0x0, 0x1f, 0xd0,
    0x0, 0x9, 0xff, 0xff, 0xe2, 0xf, 0xe0, 0x0,
    0x4, 0x88, 0x8a, 0xf8, 0xd, 0xf2, 0x0, 0x0,
    0x0, 0x5, 0xf8, 0x7, 0xfb, 0x0, 0x0, 0x0,
    0x9, 0xf8, 0x0, 0xdf, 0xa0, 0x0, 0x0, 0x7f,
    0xf8, 0x0, 0x1d, 0xff, 0xa9, 0x9e, 0xf8, 0xf8,
    0x0, 0x0, 0x6c, 0xef, 0xea, 0x24, 0xf8,

    /* U+0121 "ġ" */
    0x0, 0x0, 0xc, 0xd0, 0x0, 0x0, 0x0, 0x0,
    0xe, 0xf1, 0x0, 0x0, 0x0, 0x0, 0x1, 0x10,
    0x0, 0x0, 0x0, 0x19, 0xef, 0xe9, 0x15, 0xfb,
    0x1, 0xef, 0xea, 0xae, 0xc8, 0xfb, 0xa, 0xf9,
    0x0, 0x1, 0xcf, 0xb1, 0xf, 0xe0, 0x0, 0x0,
    0x4f, 0xb0, 0x2f, 0xb0, 0x0, 0x0, 0x2f, 0xb0,
    0x2f, 0xb0, 0x0, 0x0, 0x2f, 0xb0, 0xf, 0xe0,
    0x0, 0x0, 0x4f, 0xb0, 0xa, 0xf9, 0x0, 0x1,
    0xcf, 0xb0, 0x2, 0xef, 0xda, 0xae, 0xbf, 0xb0,
    0x0, 0x19, 0xef, 0xe8, 0x2f, 0xb0, 0x2, 0x10,
    0x0, 0x0, 0x3f, 0xa0, 0x1f, 0xf2, 0x0, 0x0,
    0xbf, 0x60, 0x7, 0xff, 0xa8, 0x9e, 0xfb, 0x0,
    0x0, 0x4b, 0xef, 0xfc, 0x70, 0x0,

    /* U+0122 "Ģ" */
    0x0, 0x0, 0x5b, 0xef, 0xfd, 0x81, 0x0, 0x0,
    0x1c, 0xff, 0xca, 0xad, 0xff, 0x40, 0x0, 0xcf,
    0xa1, 0x0, 0x0, 0x5f, 0xe1, 0x7, 0xfb, 0x0,
    0x0, 0x0, 0x8, 0xe5, 0xd, 0xf2, 0x0, 0x0,
    0x0, 0x0, 0x0, 0xf, 0xe0, 0x0, 0x0, 0x0,
    0x0, 0x0, 0x1f, 0xd0, 0x0, 0x9, 0xff, 0xff,
    0xe2, 0xf, 0xe0, 0x0, 0x4, 0x88, 0x8a, 0xf8,
    0xd, 0xf2, 0x0, 0x0, 0x0, 0x5, 0xf8, 0x7,
    0xfb, 0x0, 0x0, 0x0, 0x9, 0xf8, 0x0, 0xdf,
    0xa0, 0x0, 0x0, 0x7f, 0xf8, 0x0, 0x1d, 0xff,
    0xa9, 0x9e, 0xf8, 0xf8, 0x0, 0x0, 0x6c, 0xef,
    0xea, 0x24, 0xf8, 0x0, 0x0, 0x0, 0x0, 0x0,
    0x0, 0x0, 0x0, 0x0, 0x0, 0x4c, 0x60, 0x0,
    0x0, 0x0, 0x0, 0x0, 0x5f, 0x80, 0x0, 0x0,
    0x0, 0x0, 0x0, 0xa, 0x80, 0x0, 0x0, 0x0,
    0x0, 0x0, 0xcf, 0x30, 0x0, 0x0, 0x0, 0x0,
    0x0, 0x10, 0x0, 0x0, 0x0,

    /* U+0123 "ģ" */
    0x0, 0x0, 0x6, 0xe7, 0x0, 0x0, 0x0, 0x0,
    0xd, 0x61, 0x0, 0x0, 0x0, 0x0, 0xe, 0xf0,
    0x0, 0x0, 0x0, 0x0, 0xa, 0xc0, 0x0, 0x0,
    0x0, 0x0, 0x0, 0x0, 0x0, 0x0, 0x0, 0x19,
    0xef, 0xe9, 0x15, 0xfb, 0x1, 0xef, 0xea, 0xae,
    0xc8, 0xfb, 0xa, 0xf9, 0x0, 0x1, 0xcf, 0xb1,
    0xf, 0xe0, 0x0, 0x0, 0x4f, 0xb0, 0x2f, 0xb0,
    0x0, 0x0, 0x2f, 0xb0, 0x2f, 0xb0, 0x0, 0x0,
    0x2f, 0xb0, 0xf, 0xe0, 0x0, 0x0, 0x4f, 0xb0,
    0xa, 0xf9, 0x0, 0x1, 0xcf, 0xb0, 0x2, 0xef,
    0xda, 0xae, 0xbf, 0xb0, 0x0, 0x19, 0xef, 0xe8,
    0x2f, 0xb0, 0x2, 0x10, 0x0, 0x0, 0x3f, 0xa0,
    0x1f, 0xf2, 0x0, 0x0, 0xbf, 0x60, 0x7, 0xff,
    0xa8, 0x9e, 0xfb, 0x0, 0x0, 0x4b, 0xef, 0xfc,
    0x70, 0x0,

    /* U+0126 "Ħ" */
    0x0, 0xdf, 0x10, 0x0, 0x0, 0x2, 0xfc, 0x0,
    0x0, 0xdf, 0x10, 0x0, 0x0, 0x3, 0xfc, 0x0,
    0x8f, 0xff, 0xff, 0xff, 0xff, 0xff, 0xff, 0xf7,
    0x13, 0xef, 0x43, 0x33, 0x33, 0x35, 0xfc, 0x31,
    0x0, 0xdf, 0x10, 0x0, 0x0, 0x2, 0xfc, 0x0,
    0x0, 0xdf, 0x10, 0x0, 0x0, 0x2, 0xfc, 0x0,
    0x0, 0xdf, 0xff, 0xff, 0xff, 0xff, 0xfc, 0x0,
    0x0, 0xdf, 0xa9, 0x99, 0x99, 0x9a, 0xfc, 0x0,
    0x0, 0xdf, 0x10, 0x0, 0x0, 0x2, 0xfc, 0x0,
    0x0, 0xdf, 0x10, 0x0, 0x0, 0x2, 0xfc, 0x0,
    0x0, 0xdf, 0x10, 0x0, 0x0, 0x2, 0xfc, 0x0,
    0x0, 0xdf, 0x10, 0x0, 0x0, 0x2, 0xfc, 0x0,
    0x0, 0xdf, 0x10, 0x0, 0x0, 0x2, 0xfc, 0x0,

    /* U+0127 "ħ" */
    0xa, 0xf3, 0x0, 0x0, 0x0, 0x0, 0xaf, 0x30,
    0x0, 0x0, 0x0, 0xcf, 0xff, 0xff, 0xc0, 0x0,
    0x2, 0xbf, 0x63, 0x32, 0x0, 0x0, 0xa, 0xf3,
    0x7d, 0xfe, 0xa1, 0x0, 0xaf, 0xce, 0xaa, 0xdf,
    0xe1, 0xa, 0xfc, 0x0, 0x0, 0xbf, 0x70, 0xaf,
    0x50, 0x0, 0x3, 0xfb, 0xa, 0xf3, 0x0, 0x0,
    0x1f, 0xc0, 0xaf, 0x30, 0x0, 0x1, 0xfc, 0xa,
    0xf3, 0x0, 0x0, 0x1f, 0xc0, 0xaf, 0x30, 0x0,
    0x1, 0xfc, 0xa, 0xf3, 0x0, 0x0, 0x1f, 0xc0,
    0xaf, 0x30, 0x0, 0x1, 0xfc,

    /* U+012A "Ī" */
    0x0, 0x0, 0x0, 0x8, 0xff, 0xff, 0xfd, 0x13,
    0x33, 0x33, 0x20, 0x0, 0x0, 0x0, 0x0, 0x4f,
    0x90, 0x0, 0x4, 0xf9, 0x0, 0x0, 0x4f, 0x90,
    0x0, 0x4, 0xf9, 0x0, 0x0, 0x4f, 0x90, 0x0,
    0x4, 0xf9, 0x0, 0x0, 0x4f, 0x90, 0x0, 0x4,
    0xf9, 0x0, 0x0, 0x4f, 0x90, 0x0, 0x4, 0xf9,
    0x0, 0x0, 0x4f, 0x90, 0x0, 0x4, 0xf9, 0x0,
    0x0, 0x4f, 0x90, 0x0,

    /* U+012B "ī" */
    0xcf, 0xff, 0x83, 0x44, 0x42, 0x0, 0x0, 0x0,
    0x8f, 0x50, 0x8, 0xf5, 0x0, 0x8f, 0x50, 0x8,
    0xf5, 0x0, 0x8f, 0x50, 0x8, 0xf5, 0x0, 0x8f,
    0x50, 0x8, 0xf5, 0x0, 0x8f, 0x50, 0x8, 0xf5,
    0x0,

    /* U+012E "Į" */
    0x4, 0xf9, 0x0, 0x4f, 0x90, 0x4, 0xf9, 0x0,
    0x4f, 0x90, 0x4, 0xf9, 0x0, 0x4f, 0x90, 0x4,
    0xf9, 0x0, 0x4f, 0x90, 0x4, 0xf9, 0x0, 0x4f,
    0x90, 0x4, 0xf9, 0x0, 0x4f, 0x90, 0x4, 0xf9,
    0x0, 0x6e, 0x20, 0x1f, 0x60, 0x4, 0xf7, 0x40,
    0x1d, 0xff, 0x0,

    /* U+012F "į" */
    0x7, 0xf4, 0xa, 0xf6, 0x0, 0x20, 0x8, 0xf5,
    0x8, 0xf5, 0x8, 0xf5, 0x8, 0xf5, 0x8, 0xf5,
    0x8, 0xf5, 0x8, 0xf5, 0x8, 0xf5, 0x8, 0xf5,
    0x8, 0xf5, 0xb, 0xb0, 0x6f, 0x10, 0x9f, 0x43,
    0x4f, 0xfb,

    /* U+0130 "İ" */
    0x3f, 0x85, 0xfa, 0x2, 0x0, 0x0, 0x4f, 0x94,
    0xf9, 0x4f, 0x94, 0xf9, 0x4f, 0x94, 0xf9, 0x4f,
    0x94, 0xf9, 0x4f, 0x94, 0xf9, 0x4f, 0x94, 0xf9,
    0x4f, 0x90,

    /* U+0131 "ı" */
    0x8f, 0x58, 0xf5, 0x8f, 0x58, 0xf5, 0x8f, 0x58,
    0xf5, 0x8f, 0x58, 0xf5, 0x8f, 0x58, 0xf5,

    /* U+0132 "Ĳ" */
    0x4f, 0x90, 0x0, 0x0, 0xff, 0x4f, 0x90, 0x0,
    0x0, 0xff, 0x4f, 0x90, 0x0, 0x0, 0xff, 0x4f,
    0x90, 0x0, 0x0, 0xff, 0x4f, 0x90, 0x0, 0x0,
    0xff, 0x4f, 0x90, 0x0, 0x0, 0xff, 0x4f, 0x90,
    0x0, 0x0, 0xff, 0x4f, 0x90, 0x0, 0x0, 0xff,
    0x4f, 0x90, 0x0, 0x0, 0xff, 0x4f, 0x90, 0x0,
    0x0, 0xff, 0x4f, 0x90, 0x0, 0x0, 0xff, 0x4f,
    0x90, 0x39, 0x99, 0xfe, 0x4f, 0x90, 0x5f, 0xff,
    0xf8,

    /* U+0133 "ĳ" */
    0x7f, 0x40, 0xa, 0xe2, 0xaf, 0x60, 0xd, 0xf3,
    0x2, 0x0, 0x0, 0x20, 0x8f, 0x50, 0xb, 0xf1,
    0x8f, 0x50, 0xb, 0xf1, 0x8f, 0x50, 0xb, 0xf1,
    0x8f, 0x50, 0xb, 0xf1, 0x8f, 0x50, 0xb, 0xf1,
    0x8f, 0x50, 0xb, 0xf1, 0x8f, 0x50, 0xb, 0xf1,
    0x8f, 0x50, 0xb, 0xf1, 0x8f, 0x50, 0xb, 0xf1,
    0x8f, 0x50, 0xb, 0xf1, 0x0, 0x0, 0xb, 0xf1,
    0x0, 0x0, 0xb, 0xf1, 0x0, 0x5, 0x6d, 0xf1,
    0x0, 0xd, 0xff, 0x90,

    /* U+0136 "Ķ" */
    0x5f, 0x90, 0x0, 0x0, 0x3e, 0xf4, 0x5f, 0x90,
    0x0, 0x4, 0xfe, 0x30, 0x5f, 0x90, 0x0, 0x5f,
    0xe2, 0x0, 0x5f, 0x90, 0x6, 0xfd, 0x10, 0x0,
    0x5f, 0x90, 0x8f, 0xc1, 0x0, 0x0, 0x5f, 0x99,
    0xfd, 0x0, 0x0, 0x0, 0x5f, 0xff, 0xef, 0x60,
    0x0, 0x0, 0x5f, 0xe4, 0x2e, 0xf4, 0x0, 0x0,
    0x5f, 0x90, 0x4, 0xff, 0x30, 0x0, 0x5f, 0x90,
    0x0, 0x5f, 0xe1, 0x0, 0x5f, 0x90, 0x0, 0x8,
    0xfc, 0x0, 0x5f, 0x90, 0x0, 0x0, 0xaf, 0xb0,
    0x5f, 0x90, 0x0, 0x0, 0xc, 0xf9, 0x0, 0x0,
    0x0, 0x0, 0x0, 0x0, 0x0, 0x0, 0xb, 0xc0,
    0x0, 0x0, 0x0, 0x0, 0xe, 0xf0, 0x0, 0x0,
    0x0, 0x0, 0x3, 0xf0, 0x0, 0x0, 0x0, 0x0,
    0x5f, 0x90, 0x0, 0x0, 0x0, 0x0, 0x1, 0x0,
    0x0, 0x0,

    /* U+0137 "ķ" */
    0xaf, 0x30, 0x0, 0x0, 0x0, 0xaf, 0x30, 0x0,
    0x0, 0x0, 0xaf, 0x30, 0x0, 0x0, 0x0, 0xaf,
    0x30, 0x0, 0x0, 0x0, 0xaf, 0x30, 0x0, 0x7f,
    0xc1, 0xaf, 0x30, 0x8, 0xfb, 0x0, 0xaf, 0x30,
    0x9f, 0x90, 0x0, 0xaf, 0x3a, 0xf8, 0x0, 0x0,
    0xaf, 0xdf, 0xf2, 0x0, 0x0, 0xaf, 0xf8, 0xfd,
    0x10, 0x0, 0xaf, 0x40, 0x7f, 0xc0, 0x0, 0xaf,
    0x30, 0x9, 0xfa, 0x0, 0xaf, 0x30, 0x0, 0xbf,
    0x70, 0xaf, 0x30, 0x0, 0x1d, 0xf5, 0x0, 0x0,
    0x0, 0x0, 0x0, 0x0, 0x7, 0xc3, 0x0, 0x0,
    0x0, 0x9, 0xf4, 0x0, 0x0, 0x0, 0x0, 0xe4,
    0x0, 0x0, 0x0, 0x1f, 0xd0, 0x0, 0x0, 0x0,
    0x1, 0x0, 0x0, 0x0,

    /* U+0139 "Ĺ" */
    0x0, 0x78, 0x10, 0x0, 0x0, 0x6, 0xf9, 0x0,
    0x0, 0x0, 0x1e, 0xa0, 0x0, 0x0, 0x0, 0x37,
    0x0, 0x0, 0x0, 0x0, 0x0, 0x0, 0x0, 0x0,
    0x0, 0x5f, 0x90, 0x0, 0x0, 0x0, 0x5f, 0x90,
    0x0, 0x0, 0x0, 0x5f, 0x90, 0x0, 0x0, 0x0,
    0x5f, 0x90, 0x0, 0x0, 0x0, 0x5f, 0x90, 0x0,
    0x0, 0x0, 0x5f, 0x90, 0x0, 0x0, 0x0, 0x5f,
    0x90, 0x0, 0x0, 0x0, 0x5f, 0x90, 0x0, 0x0,
    0x0, 0x5f, 0x90, 0x0, 0x0, 0x0, 0x5f, 0x90,
    0x0, 0x0, 0x0, 0x5f, 0x90, 0x0, 0x0, 0x0,
    0x5f, 0xd9, 0x99, 0x99, 0x98, 0x5f, 0xff, 0xff,
    0xff, 0xfe,

    /* U+013A "ĺ" */
    0x5, 0xfc, 0x0, 0xed, 0x10, 0x8e, 0x10, 0x0,
    0x0, 0x0, 0x8f, 0x50, 0x8, 0xf5, 0x0, 0x8f,
    0x50, 0x8, 0xf5, 0x0, 0x8f, 0x50, 0x8, 0xf5,
    0x0, 0x8f, 0x50, 0x8, 0xf5, 0x0, 0x8f, 0x50,
    0x8, 0xf5, 0x0, 0x8f, 0x50, 0x8, 0xf5, 0x0,
    0x8f, 0x50, 0x8, 0xf5, 0x0,

    /* U+013B "Ļ" */
    0x5f, 0x90, 0x0, 0x0, 0x0, 0x5f, 0x90, 0x0,
    0x0, 0x0, 0x5f, 0x90, 0x0, 0x0, 0x0, 0x5f,
    0x90, 0x0, 0x0, 0x0, 0x5f, 0x90, 0x0, 0x0,
    0x0, 0x5f, 0x90, 0x0, 0x0, 0x0, 0x5f, 0x90,
    0x0, 0x0, 0x0, 0x5f, 0x90, 0x0, 0x0, 0x0,
    0x5f, 0x90, 0x0, 0x0, 0x0, 0x5f, 0x90, 0x0,
    0x0, 0x0, 0x5f, 0x90, 0x0, 0x0, 0x0, 0x5f,
    0xd9, 0x99, 0x99, 0x98, 0x5f, 0xff, 0xff, 0xff,
    0xfe, 0x0, 0x0, 0x0, 0x0, 0x0, 0x0, 0x0,
    0x8c, 0x20, 0x0, 0x0, 0x0, 0xbf, 0x30, 0x0,
    0x0, 0x0, 0xf, 0x30, 0x0, 0x0, 0x2, 0xfc,
    0x0, 0x0, 0x0, 0x0, 0x10, 0x0, 0x0,

    /* U+013C "ļ" */
    0x8, 0xf5, 0x8, 0xf5, 0x8, 0xf5, 0x8, 0xf5,
    0x8, 0xf5, 0x8, 0xf5, 0x8, 0xf5, 0x8, 0xf5,
    0x8, 0xf5, 0x8, 0xf5, 0x8, 0xf5, 0x8, 0xf5,
    0x8, 0xf5, 0x8, 0xf5, 0x0, 0x0, 0x7, 0xc3,
    0x9, 0xf4, 0x0, 0xe4, 0xf, 0xd1, 0x1, 0x0,

    /* U+013D "Ľ" */
    0x5f, 0x90, 0x9f, 0x20, 0x0, 0x5f, 0x90, 0xdc,
    0x0, 0x0, 0x5f, 0x91, 0xf6, 0x0, 0x0, 0x5f,
    0x95, 0xf1, 0x0, 0x0, 0x5f, 0x93, 0x60, 0x0,
    0x0, 0x5f, 0x90, 0x0, 0x0, 0x0, 0x5f, 0x90,
    0x0, 0x0, 0x0, 0x5f, 0x90, 0x0, 0x0, 0x0,
    0x5f, 0x90, 0x0, 0x0, 0x0, 0x5f, 0x90, 0x0,
    0x0, 0x0, 0x5f, 0x90, 0x0, 0x0, 0x0, 0x5f,
    0xd9, 0x99, 0x99, 0x98, 0x5f, 0xff, 0xff, 0xff,
    0xfe,

    /* U+013E "ľ" */
    0x8f, 0x50, 0xcf, 0x8, 0xf5, 0xf, 0xa0, 0x8f,
    0x53, 0xf4, 0x8, 0xf5, 0x7e, 0x0, 0x8f, 0x54,
    0x50, 0x8, 0xf5, 0x0, 0x0, 0x8f, 0x50, 0x0,
    0x8, 0xf5, 0x0, 0x0, 0x8f, 0x50, 0x0, 0x8,
    0xf5, 0x0, 0x0, 0x8f, 0x50, 0x0, 0x8, 0xf5,
    0x0, 0x0, 0x8f, 0x50, 0x0, 0x8, 0xf5, 0x0,
    0x0,

    /* U+0141 "Ł" */
    0x0, 0xdf, 0x10, 0x0, 0x0, 0x0, 0x0, 0xdf,
    0x10, 0x0, 0x0, 0x0, 0x0, 0xdf, 0x10, 0x0,
    0x0, 0x0, 0x0, 0xdf, 0x10, 0x0, 0x20, 0x0,
    0x0, 0xdf, 0x11, 0x8e, 0x70, 0x0, 0x0, 0xdf,
    0x9f, 0xf9, 0x10, 0x0, 0x2, 0xef, 0xe8, 0x10,
    0x0, 0x0, 0x8f, 0xff, 0x10, 0x0, 0x0, 0x0,
    0x86, 0xdf, 0x10, 0x0, 0x0, 0x0, 0x0, 0xdf,
    0x10, 0x0, 0x0, 0x0, 0x0, 0xdf, 0x10, 0x0,
    0x0, 0x0, 0x0, 0xdf, 0xa9, 0x99, 0x99, 0x94,
    0x0, 0xdf, 0xff, 0xff, 0xff, 0xf6,

    /* U+0142 "ł" */
    0x0, 0xfd, 0x0, 0x0, 0xfd, 0x0, 0x0, 0xfd,
    0x0, 0x0, 0xfd, 0x0, 0x0, 0xfd, 0x0, 0x0,
    0xfd, 0x13, 0x0, 0xff, 0xf6, 0x18, 0xff, 0x60,
    0xae, 0xfd, 0x0, 0x41, 0xfd, 0x0, 0x0, 0xfd,
    0x0, 0x0, 0xfd, 0x0, 0x0, 0xfd, 0x0, 0x0,
    0xfd, 0x0,

    /* U+0143 "Ń" */
    0x0, 0x0, 0x0, 0x4, 0x84, 0x0, 0x0, 0x0,
    0x0, 0x1, 0xfd, 0x10, 0x0, 0x0, 0x0, 0x0,
    0xae, 0x10, 0x0, 0x0, 0x0, 0x0, 0x18, 0x20,
    0x0, 0x0, 0x0, 0x0, 0x0, 0x0, 0x0, 0x0,
    0x5, 0xff, 0x30, 0x0, 0x0, 0x0, 0xee, 0x5f,
    0xfe, 0x10, 0x0, 0x0, 0xe, 0xe5, 0xfd, 0xfb,
    0x0, 0x0, 0x0, 0xee, 0x5f, 0x7a, 0xf8, 0x0,
    0x0, 0xe, 0xe5, 0xf7, 0xd, 0xf4, 0x0, 0x0,
    0xee, 0x5f, 0x70, 0x2f, 0xe1, 0x0, 0xe, 0xe5,
    0xf7, 0x0, 0x5f, 0xc0, 0x0, 0xee, 0x5f, 0x70,
    0x0, 0x8f, 0x90, 0xe, 0xe5, 0xf7, 0x0, 0x0,
    0xcf, 0x50, 0xee, 0x5f, 0x70, 0x0, 0x1, 0xef,
    0x2e, 0xe5, 0xf7, 0x0, 0x0, 0x3, 0xfd, 0xfe,
    0x5f, 0x70, 0x0, 0x0, 0x6, 0xff, 0xe5, 0xf7,
    0x0, 0x0, 0x0, 0xa, 0xfe,

    /* U+0144 "ń" */
    0x0, 0x0, 0x0, 0x4f, 0xc0, 0x0, 0x0, 0x0,
    0x0, 0xdd, 0x10, 0x0, 0x0, 0x0, 0x8, 0xe1,
    0x0, 0x0, 0x0, 0x0, 0x0, 0x0, 0x0, 0x0,
    0x3f, 0xd0, 0x4c, 0xff, 0xc5, 0x0, 0x2e, 0xd7,
    0xe8, 0x78, 0xef, 0x70, 0x3, 0xff, 0x20, 0x0,
    0x2f, 0xf0, 0x3, 0xfb, 0x0, 0x0, 0xb, 0xf3,
    0x3, 0xfa, 0x0, 0x0, 0xa, 0xf3, 0x3, 0xfa,
    0x0, 0x0, 0xa, 0xf3, 0x3, 0xfa, 0x0, 0x0,
    0xa, 0xf3, 0x3, 0xfa, 0x0, 0x0, 0xa, 0xf3,
    0x3, 0xfa, 0x0, 0x0, 0xa, 0xf3, 0x3, 0xfa,
    0x0, 0x0, 0xa, 0xf3,

    /* U+0145 "Ņ" */
    0x5f, 0xf3, 0x0, 0x0, 0x0, 0xe, 0xe5, 0xff,
    0xe1, 0x0, 0x0, 0x0, 0xee, 0x5f, 0xdf, 0xb0,
    0x0, 0x0, 0xe, 0xe5, 0xf7, 0xaf, 0x80, 0x0,
    0x0, 0xee, 0x5f, 0x70, 0xdf, 0x40, 0x0, 0xe,
    0xe5, 0xf7, 0x2, 0xfe, 0x10, 0x0, 0xee, 0x5f,
    0x70, 0x5, 0xfc, 0x0, 0xe, 0xe5, 0xf7, 0x0,
    0x8, 0xf9, 0x0, 0xee, 0x5f, 0x70, 0x0, 0xc,
    0xf5, 0xe, 0xe5, 0xf7, 0x0, 0x0, 0x1e, 0xf2,
    0xee, 0x5f, 0x70, 0x0, 0x0, 0x3f, 0xdf, 0xe5,
    0xf7, 0x0, 0x0, 0x0, 0x6f, 0xfe, 0x5f, 0x70,
    0x0, 0x0, 0x0, 0xaf, 0xe0, 0x0, 0x0, 0x0,
    0x0, 0x0, 0x0, 0x0, 0x0, 0x4, 0xc6, 0x0,
    0x0, 0x0, 0x0, 0x0, 0x5f, 0x80, 0x0, 0x0,
    0x0, 0x0, 0x0, 0xa8, 0x0, 0x0, 0x0, 0x0,
    0x0, 0xcf, 0x30, 0x0, 0x0, 0x0, 0x0, 0x1,
    0x0, 0x0, 0x0, 0x0,

    /* U+0146 "ņ" */
    0x3f, 0xd0, 0x4c, 0xff, 0xc5, 0x0, 0x2e, 0xd7,
    0xe8, 0x78, 0xef, 0x70, 0x3, 0xff, 0x20, 0x0,
    0x2f, 0xf0, 0x3, 0xfb, 0x0, 0x0, 0xb, 0xf3,
    0x3, 0xfa, 0x0, 0x0, 0xa, 0xf3, 0x3, 0xfa,
    0x0, 0x0, 0xa, 0xf3, 0x3, 0xfa, 0x0, 0x0,
    0xa, 0xf3, 0x3, 0xfa, 0x0, 0x0, 0xa, 0xf3,
    0x3, 0xfa, 0x0, 0x0, 0xa, 0xf3, 0x3, 0xfa,
    0x0, 0x0, 0xa, 0xf3, 0x0, 0x0, 0x0, 0x0,
    0x0, 0x0, 0x0, 0x0, 0x7, 0xc3, 0x0, 0x0,
    0x0, 0x0, 0x9, 0xf5, 0x0, 0x0, 0x0, 0x0,
    0x0, 0xd4, 0x0, 0x0, 0x0, 0x0, 0xf, 0xe1,
    0x0, 0x0, 0x0, 0x0, 0x1, 0x0, 0x0, 0x0,

    /* U+0147 "Ň" */
    0x0, 0x0, 0x72, 0x0, 0x37, 0x0, 0x0, 0x0,
    0x7, 0xe3, 0x5f, 0x60, 0x0, 0x0, 0x0, 0xb,
    0xff, 0x90, 0x0, 0x0, 0x0, 0x0, 0x18, 0x70,
    0x0, 0x0, 0x0, 0x0, 0x0, 0x0, 0x0, 0x0,
    0x5, 0xff, 0x30, 0x0, 0x0, 0x0, 0xee, 0x5f,
    0xfe, 0x10, 0x0, 0x0, 0xe, 0xe5, 0xfd, 0xfb,
    0x0, 0x0, 0x0, 0xee, 0x5f, 0x7a, 0xf8, 0x0,
    0x0, 0xe, 0xe5, 0xf7, 0xd, 0xf4, 0x0, 0x0,
    0xee, 0x5f, 0x70, 0x2f, 0xe1, 0x0, 0xe, 0xe5,
    0xf7, 0x0, 0x5f, 0xc0, 0x0, 0xee, 0x5f, 0x70,
    0x0, 0x8f, 0x90, 0xe, 0xe5, 0xf7, 0x0, 0x0,
    0xcf, 0x50, 0xee, 0x5f, 0x70, 0x0, 0x1, 0xef,
    0x2e, 0xe5, 0xf7, 0x0, 0x0, 0x3, 0xfd, 0xfe,
    0x5f, 0x70, 0x0, 0x0, 0x6, 0xff, 0xe5, 0xf7,
    0x0, 0x0, 0x0, 0xa, 0xfe,

    /* U+0148 "ň" */
    0x0, 0x6, 0xe3, 0x5, 0xf3, 0x0, 0x0, 0x0,
    0x9f, 0xaf, 0x50, 0x0, 0x0, 0x0, 0x9, 0xc7,
    0x0, 0x0, 0x0, 0x0, 0x0, 0x0, 0x0, 0x0,
    0x3f, 0xd0, 0x4c, 0xff, 0xc5, 0x0, 0x2e, 0xd7,
    0xe8, 0x78, 0xef, 0x70, 0x3, 0xff, 0x20, 0x0,
    0x2f, 0xf0, 0x3, 0xfb, 0x0, 0x0, 0xb, 0xf3,
    0x3, 0xfa, 0x0, 0x0, 0xa, 0xf3, 0x3, 0xfa,
    0x0, 0x0, 0xa, 0xf3, 0x3, 0xfa, 0x0, 0x0,
    0xa, 0xf3, 0x3, 0xfa, 0x0, 0x0, 0xa, 0xf3,
    0x3, 0xfa, 0x0, 0x0, 0xa, 0xf3, 0x3, 0xfa,
    0x0, 0x0, 0xa, 0xf3,

    /* U+014A "Ŋ" */
    0x5f, 0xf3, 0x0, 0x0, 0x0, 0xe, 0xe5, 0xff,
    0xe1, 0x0, 0x0, 0x0, 0xee, 0x5f, 0xdf, 0xc0,
    0x0, 0x0, 0xe, 0xe5, 0xf7, 0x9f, 0xa0, 0x0,
    0x0, 0xee, 0x5f, 0x70, 0xcf, 0x70, 0x0, 0xe,
    0xe5, 0xf7, 0x1, 0xef, 0x40, 0x0, 0xee, 0x5f,
    0x70, 0x3, 0xfe, 0x20, 0xe, 0xe5, 0xf7, 0x0,
    0x5, 0xfd, 0x0, 0xee, 0x5f, 0x70, 0x0, 0x8,
    0xfa, 0xe, 0xe5, 0xf7, 0x0, 0x0, 0xb, 0xf7,
    0xee, 0x5f, 0x70, 0x0, 0x0, 0x1d, 0xff, 0xe5,
    0xf7, 0x0, 0x0, 0x0, 0x2f, 0xfe, 0x5f, 0x70,
    0x0, 0x0, 0x0, 0x5f, 0xe0, 0x0, 0x0, 0x0,
    0x0, 0x0, 0xee, 0x0, 0x0, 0x0, 0x0, 0x68,
    0x8f, 0xd0, 0x0, 0x0, 0x0, 0xc, 0xff, 0xf7,

    /* U+014B "ŋ" */
    0x3f, 0xd0, 0x4c, 0xff, 0xc5, 0x0, 0x2e, 0xd7,
    0xe8, 0x78, 0xef, 0x60, 0x3, 0xff, 0x20, 0x0,
    0x2f, 0xf0, 0x3, 0xfb, 0x0, 0x0, 0xb, 0xf2,
    0x3, 0xfa, 0x0, 0x0, 0xa, 0xf3, 0x3, 0xfa,
    0x0, 0x0, 0xa, 0xf3, 0x3, 0xfa, 0x0, 0x0,
    0xa, 0xf3, 0x3, 0xfa, 0x0, 0x0, 0xa, 0xf3,
    0x3, 0xfa, 0x0, 0x0, 0xa, 0xf3, 0x3, 0xfa,
    0x0, 0x0, 0xa, 0xf3, 0x0, 0x0, 0x0, 0x0,
    0xa, 0xf3, 0x0, 0x0, 0x0, 0x0, 0xa, 0xf3,
    0x0, 0x0, 0x0, 0x5, 0x6c, 0xf3, 0x0, 0x0,
    0x0, 0xc, 0xff, 0xb0,

    /* U+014C "Ō" */
    0x0, 0x0, 0x0, 0x0, 0x0, 0x0, 0x0, 0x0,
    0x0, 0x8, 0xff, 0xff, 0xfd, 0x0, 0x0, 0x0,
    0x0, 0x13, 0x33, 0x33, 0x20, 0x0, 0x0, 0x0,
    0x0, 0x0, 0x0, 0x0, 0x0, 0x0, 0x0, 0x0,
    0x6b, 0xef, 0xfc, 0x81, 0x0, 0x0, 0x1, 0xdf,
    0xfb, 0xaa, 0xef, 0xf5, 0x0, 0x0, 0xdf, 0x91,
    0x0, 0x0, 0x5f, 0xf3, 0x0, 0x7f, 0xa0, 0x0,
    0x0, 0x0, 0x5f, 0xd0, 0xd, 0xf2, 0x0, 0x0,
    0x0, 0x0, 0xdf, 0x20, 0xfe, 0x0, 0x0, 0x0,
    0x0, 0x9, 0xf5, 0x1f, 0xd0, 0x0, 0x0, 0x0,
    0x0, 0x8f, 0x60, 0xfe, 0x0, 0x0, 0x0, 0x0,
    0x9, 0xf5, 0xd, 0xf2, 0x0, 0x0, 0x0, 0x0,
    0xdf, 0x20, 0x7f, 0xa0, 0x0, 0x0, 0x0, 0x5f,
    0xc0, 0x0, 0xdf, 0xa1, 0x0, 0x0, 0x6f, 0xf3,
    0x0, 0x1, 0xcf, 0xfc, 0xab, 0xef, 0xf4, 0x0,
    0x0, 0x0, 0x6b, 0xef, 0xfc, 0x81, 0x0, 0x0,

    /* U+014D "ō" */
    0x0, 0x4f, 0xff, 0xff, 0xf1, 0x0, 0x0, 0x14,
    0x44, 0x44, 0x40, 0x0, 0x0, 0x0, 0x0, 0x0,
    0x0, 0x0, 0x0, 0x8, 0xdf, 0xfc, 0x70, 0x0,
    0x1, 0xdf, 0xda, 0xae, 0xfc, 0x0, 0xa, 0xf9,
    0x0, 0x0, 0xbf, 0x70, 0xf, 0xe0, 0x0, 0x0,
    0x1f, 0xd0, 0x3f, 0xb0, 0x0, 0x0, 0xd, 0xf0,
    0x3f, 0xb0, 0x0, 0x0, 0xd, 0xf0, 0xf, 0xe0,
    0x0, 0x0, 0x1f, 0xd0, 0xa, 0xf9, 0x0, 0x0,
    0xbf, 0x70, 0x1, 0xdf, 0xda, 0xae, 0xfb, 0x0,
    0x0, 0x8, 0xdf, 0xfc, 0x70, 0x0,

    /* U+0150 "Ő" */
    0x0, 0x0, 0x0, 0xce, 0x25, 0xf8, 0x0, 0x0,
    0x0, 0x0, 0x6f, 0x40, 0xeb, 0x0, 0x0, 0x0,
    0x0, 0xe, 0x60, 0x7d, 0x10, 0x0, 0x0, 0x0,
    0x0, 0x0, 0x0, 0x0, 0x0, 0x0, 0x0, 0x0,
    0x0, 0x0, 0x0, 0x0, 0x0, 0x0, 0x0, 0x6,
    0xbe, 0xff, 0xc8, 0x10, 0x0, 0x0, 0x1d, 0xff,
    0xba, 0xae, 0xff, 0x50, 0x0, 0xd, 0xf9, 0x10,
    0x0, 0x5, 0xff, 0x30, 0x7, 0xfa, 0x0, 0x0,
    0x0, 0x5, 0xfd, 0x0, 0xdf, 0x20, 0x0, 0x0,
    0x0, 0xd, 0xf2, 0xf, 0xe0, 0x0, 0x0, 0x0,
    0x0, 0x9f, 0x51, 0xfd, 0x0, 0x0, 0x0, 0x0,
    0x8, 0xf6, 0xf, 0xe0, 0x0, 0x0, 0x0, 0x0,
    0x9f, 0x50, 0xdf, 0x20, 0x0, 0x0, 0x0, 0xd,
    0xf2, 0x7, 0xfa, 0x0, 0x0, 0x0, 0x5, 0xfc,
    0x0, 0xd, 0xfa, 0x10, 0x0, 0x6, 0xff, 0x30,
    0x0, 0x1c, 0xff, 0xca, 0xbe, 0xff, 0x40, 0x0,
    0x0, 0x6, 0xbe, 0xff, 0xc8, 0x10, 0x0,

    /* U+0151 "ő" */
    0x0, 0x0, 0x9f, 0x42, 0xfc, 0x0, 0x0, 0x2,
    0xf7, 0xa, 0xd1, 0x0, 0x0, 0xa, 0x90, 0x3e,
    0x20, 0x0, 0x0, 0x0, 0x0, 0x0, 0x0, 0x0,
    0x0, 0x8, 0xdf, 0xfc, 0x70, 0x0, 0x1, 0xdf,
    0xda, 0xae, 0xfc, 0x0, 0xa, 0xf9, 0x0, 0x0,
    0xbf, 0x70, 0xf, 0xe0, 0x0, 0x0, 0x1f, 0xd0,
    0x3f, 0xb0, 0x0, 0x0, 0xd, 0xf0, 0x3f, 0xb0,
    0x0, 0x0, 0xd, 0xf0, 0xf, 0xe0, 0x0, 0x0,
    0x1f, 0xd0, 0xa, 0xf9, 0x0, 0x0, 0xbf, 0x70,
    0x1, 0xdf, 0xda, 0xae, 0xfb, 0x0, 0x0, 0x8,
    0xdf, 0xfc, 0x70, 0x0,

    /* U+0152 "Œ" */
    0x0, 0x0, 0x5b, 0xef, 0xea, 0x33, 0xff, 0xff,
    0xff, 0xff, 0xf2, 0x0, 0x1c, 0xff, 0xb9, 0x9d,
    0xf8, 0xfe, 0xcc, 0xcc, 0xcc, 0xc1, 0x0, 0xcf,
    0xa1, 0x0, 0x0, 0x5f, 0xfa, 0x0, 0x0, 0x0,
    0x0, 0x6, 0xfb, 0x0, 0x0, 0x0, 0x8, 0xfa,
    0x0, 0x0, 0x0, 0x0, 0xd, 0xf3, 0x0, 0x0,
    0x0, 0x4, 0xfa, 0x0, 0x0, 0x0, 0x0, 0xf,
    0xe0, 0x0, 0x0, 0x0, 0x4, 0xff, 0xff, 0xff,
    0xff, 0xc0, 0x1f, 0xd0, 0x0, 0x0, 0x0, 0x4,
    0xfd, 0x99, 0x99, 0x99, 0x60, 0xf, 0xe0, 0x0,
    0x0, 0x0, 0x4, 0xfa, 0x0, 0x0, 0x0, 0x0,
    0xd, 0xf3, 0x0, 0x0, 0x0, 0x4, 0xfa, 0x0,
    0x0, 0x0, 0x0, 0x6, 0xfc, 0x0, 0x0, 0x0,
    0x8, 0xfa, 0x0, 0x0, 0x0, 0x0, 0x0, 0xcf,
    0xb1, 0x0, 0x0, 0x5f, 0xfa, 0x0, 0x0, 0x0,
    0x0, 0x0, 0x1c, 0xff, 0xb8, 0x9d, 0xf8, 0xfe,
    0xcc, 0xcc, 0xcc, 0xc1, 0x0, 0x0, 0x6b, 0xef,
    0xea, 0x33, 0xff, 0xff, 0xff, 0xff, 0xf2,

    /* U+0153 "œ" */
    0x0, 0x7, 0xdf, 0xfc, 0x60, 0x5, 0xcf, 0xfd,
    0x60, 0x0, 0x1d, 0xfe, 0xaa, 0xff, 0x97, 0xfe,
    0xaa, 0xef, 0xa0, 0x9, 0xfa, 0x0, 0x1, 0xcf,
    0xfb, 0x0, 0x0, 0xbf, 0x50, 0xfe, 0x0, 0x0,
    0x3, 0xff, 0x31, 0x11, 0x13, 0xfa, 0x3f, 0xb0,
    0x0, 0x0, 0xf, 0xff, 0xff, 0xff, 0xff, 0xb3,
    0xfb, 0x0, 0x0, 0x0, 0xff, 0x44, 0x44, 0x44,
    0x43, 0xf, 0xe0, 0x0, 0x0, 0x2f, 0xf3, 0x0,
    0x0, 0x2, 0x10, 0x9f, 0x90, 0x0, 0xc, 0xff,
    0xc1, 0x0, 0x9, 0xf7, 0x1, 0xcf, 0xd9, 0x9e,
    0xf8, 0x6f, 0xea, 0x9d, 0xfc, 0x0, 0x0, 0x7d,
    0xff, 0xc5, 0x0, 0x4b, 0xff, 0xd7, 0x0,

    /* U+0154 "Ŕ" */
    0x0, 0x0, 0x1, 0x87, 0x0, 0x0, 0x0, 0x0,
    0xa, 0xf4, 0x0, 0x0, 0x0, 0x0, 0x4f, 0x60,
    0x0, 0x0, 0x0, 0x0, 0x65, 0x0, 0x0, 0x0,
    0x0, 0x0, 0x0, 0x0, 0x0, 0x0, 0x5f, 0xff,
    0xff, 0xff, 0xd9, 0x10, 0x5f, 0xd9, 0x99, 0x9a,
    0xef, 0xd0, 0x5f, 0x90, 0x0, 0x0, 0xb, 0xf6,
    0x5f, 0x90, 0x0, 0x0, 0x5, 0xf8, 0x5f, 0x90,
    0x0, 0x0, 0x7, 0xf5, 0x5f, 0x90, 0x0, 0x0,
    0x5e, 0xb0, 0x5f, 0xff, 0xff, 0xff, 0xff, 0xb1,
    0x5f, 0xc8, 0x88, 0x88, 0x8b, 0xf8, 0x5f, 0x90,
    0x0, 0x0, 0x5, 0xf8, 0x5f, 0x90, 0x0, 0x0,
    0x5, 0xf8, 0x5f, 0x90, 0x0, 0x0, 0x5, 0xf8,
    0x5f, 0x90, 0x0, 0x0, 0x5, 0xf8, 0x5f, 0x90,
    0x0, 0x0, 0x5, 0xf8,

    /* U+0155 "ŕ" */
    0x0, 0x0, 0xcf, 0x50, 0x0, 0x5f, 0x60, 0x0,
    0x1e, 0x80, 0x0, 0x0, 0x0, 0x0, 0xff, 0x2,
    0xbf, 0xde, 0xf1, 0xec, 0x86, 0xf, 0xf9, 0x0,
    0x0, 0xff, 0x0, 0x0, 0xf, 0xd0, 0x0, 0x0,
    0xfd, 0x0, 0x0, 0xf, 0xd0, 0x0, 0x0, 0xfd,
    0x0, 0x0, 0xf, 0xd0, 0x0, 0x0, 0xfd, 0x0,
    0x0,

    /* U+0156 "Ŗ" */
    0x5f, 0xff, 0xff, 0xff, 0xd9, 0x10, 0x5f, 0xd9,
    0x99, 0x9a, 0xef, 0xd0, 0x5f, 0x90, 0x0, 0x0,
    0xb, 0xf6, 0x5f, 0x90, 0x0, 0x0, 0x5, 0xf8,
    0x5f, 0x90, 0x0, 0x0, 0x7, 0xf5, 0x5f, 0x90,
    0x0, 0x0, 0x5e, 0xb0, 0x5f, 0xff, 0xff, 0xff,
    0xff, 0xb1, 0x5f, 0xc8, 0x88, 0x88, 0x8b, 0xf8,
    0x5f, 0x90, 0x0, 0x0, 0x5, 0xf8, 0x5f, 0x90,
    0x0, 0x0, 0x5, 0xf8, 0x5f, 0x90, 0x0, 0x0,
    0x5, 0xf8, 0x5f, 0x90, 0x0, 0x0, 0x5, 0xf8,
    0x5f, 0x90, 0x0, 0x0, 0x5, 0xf8,

    /* U+0157 "ŗ" */
    0xff, 0x2, 0xbf, 0xde, 0xf1, 0xec, 0x86, 0xf,
    0xf9, 0x0, 0x0, 0xff, 0x0, 0x0, 0xf, 0xd0,
    0x0, 0x0, 0xfd, 0x0, 0x0, 0xf, 0xd0, 0x0,
    0x0, 0xfd, 0x0, 0x0, 0xf, 0xd0, 0x0, 0x0,
    0xfd, 0x0, 0x0, 0x0, 0x0, 0x0, 0x0, 0xca,
    0x0, 0x0, 0xf, 0xd0, 0x0, 0x0, 0x5d, 0x0,
    0x0, 0x8f, 0x70, 0x0, 0x1, 0x10, 0x0, 0x0,

    /* U+0158 "Ř" */
    0x0, 0x55, 0x0, 0x17, 0x30, 0x0, 0x0, 0x2f,
    0x81, 0xdc, 0x0, 0x0, 0x0, 0x5, 0xff, 0xe1,
    0x0, 0x0, 0x0, 0x0, 0x68, 0x30, 0x0, 0x0,
    0x0, 0x0, 0x0, 0x0, 0x0, 0x0, 0x5f, 0xff,
    0xff, 0xff, 0xd9, 0x10, 0x5f, 0xd9, 0x99, 0x9a,
    0xef, 0xd0, 0x5f, 0x90, 0x0, 0x0, 0xb, 0xf6,
    0x5f, 0x90, 0x0, 0x0, 0x5, 0xf8, 0x5f, 0x90,
    0x0, 0x0, 0x7, 0xf5, 0x5f, 0x90, 0x0, 0x0,
    0x5e, 0xb0, 0x5f, 0xff, 0xff, 0xff, 0xff, 0xb1,
    0x5f, 0xc8, 0x88, 0x88, 0x8b, 0xf8, 0x5f, 0x90,
    0x0, 0x0, 0x5, 0xf8, 0x5f, 0x90, 0x0, 0x0,
    0x5, 0xf8, 0x5f, 0x90, 0x0, 0x0, 0x5, 0xf8,
    0x5f, 0x90, 0x0, 0x0, 0x5, 0xf8, 0x5f, 0x90,
    0x0, 0x0, 0x5, 0xf8,

    /* U+0159 "ř" */
    0xc, 0x90, 0x1b, 0xb0, 0x1, 0xec, 0xdd, 0x10,
    0x0, 0x3c, 0xb2, 0x0, 0x0, 0x0, 0x0, 0x0,
    0xff, 0x2, 0xbf, 0xd0, 0xef, 0x1e, 0xc8, 0x60,
    0xf, 0xf9, 0x0, 0x0, 0xf, 0xf0, 0x0, 0x0,
    0xf, 0xd0, 0x0, 0x0, 0xf, 0xd0, 0x0, 0x0,
    0xf, 0xd0, 0x0, 0x0, 0xf, 0xd0, 0x0, 0x0,
    0xf, 0xd0, 0x0, 0x0, 0xf, 0xd0, 0x0, 0x0,

    /* U+015A "Ś" */
    0x0, 0x0, 0x0, 0x28, 0x60, 0x0, 0x0, 0x0,
    0x0, 0xcf, 0x30, 0x0, 0x0, 0x0, 0x6, 0xf5,
    0x0, 0x0, 0x0, 0x0, 0x6, 0x50, 0x0, 0x0,
    0x0, 0x0, 0x0, 0x0, 0x0, 0x0, 0x0, 0x7,
    0xcf, 0xfe, 0xb4, 0x0, 0x0, 0xdf, 0xd9, 0x9b,
    0xff, 0x80, 0x7, 0xf9, 0x0, 0x0, 0x2e, 0xf4,
    0x9, 0xf4, 0x0, 0x0, 0x6, 0xd7, 0x7, 0xfa,
    0x0, 0x0, 0x0, 0x0, 0x0, 0xcf, 0xea, 0x74,
    0x10, 0x0, 0x0, 0x6, 0xbe, 0xff, 0xfc, 0x30,
    0x0, 0x0, 0x0, 0x14, 0x9f, 0xf3, 0x0, 0x0,
    0x0, 0x0, 0x5, 0xfa, 0x3f, 0xd0, 0x0, 0x0,
    0x2, 0xfb, 0xd, 0xf8, 0x0, 0x0, 0x9, 0xf8,
    0x3, 0xef, 0xea, 0x9a, 0xef, 0xd1, 0x0, 0x17,
    0xcf, 0xff, 0xc7, 0x0,

    /* U+015B "ś" */
    0x0, 0x0, 0xc, 0xf4, 0x0, 0x0, 0x0, 0x8f,
    0x40, 0x0, 0x0, 0x0, 0x73, 0x0, 0x0, 0x0,
    0x0, 0x0, 0x0, 0x0, 0x0, 0x6c, 0xff, 0xd7,
    0x0, 0x8, 0xfc, 0x77, 0xcf, 0xa0, 0xd, 0xe0,
    0x0, 0xc, 0xf2, 0xc, 0xf5, 0x0, 0x0, 0x0,
    0x3, 0xef, 0xfd, 0xa6, 0x0, 0x0, 0x5, 0x8a,
    0xef, 0xc0, 0x2, 0x10, 0x0, 0x9, 0xf4, 0x3f,
    0xb0, 0x0, 0x7, 0xf4, 0xb, 0xfd, 0x87, 0xaf,
    0xe0, 0x0, 0x7c, 0xff, 0xe9, 0x10,

    /* U+015E "Ş" */
    0x0, 0x7, 0xcf, 0xfe, 0xb4, 0x0, 0x0, 0xdf,
    0xd9, 0x9b, 0xff, 0x80, 0x7, 0xf9, 0x0, 0x0,
    0x2e, 0xf4, 0x9, 0xf4, 0x0, 0x0, 0x6, 0xd7,
    0x7, 0xfa, 0x0, 0x0, 0x0, 0x0, 0x0, 0xcf,
    0xea, 0x74, 0x10, 0x0, 0x0, 0x6, 0xbe, 0xff,
    0xfc, 0x30, 0x0, 0x0, 0x0, 0x14, 0x9f, 0xf3,
    0x0, 0x0, 0x0, 0x0, 0x5, 0xfa, 0x3f, 0xd0,
    0x0, 0x0, 0x2, 0xfb, 0xd, 0xf8, 0x0, 0x0,
    0x9, 0xf8, 0x3, 0xef, 0xea, 0x9a, 0xef, 0xd1,
    0x0, 0x17, 0xcf, 0xff, 0xc7, 0x0, 0x0, 0x0,
    0x6, 0xe1, 0x0, 0x0, 0x0, 0x0, 0x3, 0xbe,
    0x20, 0x0, 0x0, 0x0, 0x13, 0x6f, 0x50, 0x0,
    0x0, 0x0, 0x5f, 0xfd, 0x10, 0x0,

    /* U+015F "ş" */
    0x0, 0x6c, 0xff, 0xd7, 0x0, 0x8, 0xfc, 0x77,
    0xcf, 0xa0, 0xd, 0xe0, 0x0, 0xc, 0xf2, 0xc,
    0xf5, 0x0, 0x0, 0x0, 0x3, 0xef, 0xfd, 0xa6,
    0x0, 0x0, 0x5, 0x8a, 0xef, 0xc0, 0x2, 0x10,
    0x0, 0x9, 0xf4, 0x3f, 0xb0, 0x0, 0x7, 0xf4,
    0xb, 0xfd, 0x87, 0xaf, 0xe0, 0x0, 0x7c, 0xff,
    0xe9, 0x10, 0x0, 0x0, 0xe7, 0x0, 0x0, 0x0,
    0x1, 0x7f, 0x80, 0x0, 0x0, 0x3, 0x3d, 0xc0,
    0x0, 0x0, 0xe, 0xff, 0x60, 0x0,

    /* U+0160 "Š" */
    0x0, 0x6, 0x40, 0x1, 0x72, 0x0, 0x0, 0x3,
    0xf7, 0x2d, 0xb0, 0x0, 0x0, 0x0, 0x7f, 0xfd,
    0x0, 0x0, 0x0, 0x0, 0x6, 0x82, 0x0, 0x0,
    0x0, 0x0, 0x0, 0x0, 0x0, 0x0, 0x0, 0x7,
    0xcf, 0xfe, 0xb4, 0x0, 0x0, 0xdf, 0xd9, 0x9b,
    0xff, 0x80, 0x7, 0xf9, 0x0, 0x0, 0x2e, 0xf4,
    0x9, 0xf4, 0x0, 0x0, 0x6, 0xd7, 0x7, 0xfa,
    0x0, 0x0, 0x0, 0x0, 0x0, 0xcf, 0xea, 0x74,
    0x10, 0x0, 0x0, 0x6, 0xbe, 0xff, 0xfc, 0x30,
    0x0, 0x0, 0x0, 0x14, 0x9f, 0xf3, 0x0, 0x0,
    0x0, 0x0, 0x5, 0xfa, 0x3f, 0xd0, 0x0, 0x0,
    0x2, 0xfb, 0xd, 0xf8, 0x0, 0x0, 0x9, 0xf8,
    0x3, 0xef, 0xea, 0x9a, 0xef, 0xd1, 0x0, 0x17,
    0xcf, 0xff, 0xc7, 0x0,

    /* U+0161 "š" */
    0x0, 0xca, 0x0, 0xbc, 0x0, 0x0, 0x1e, 0xcc,
    0xe1, 0x0, 0x0, 0x4, 0xee, 0x30, 0x0, 0x0,
    0x0, 0x0, 0x0, 0x0, 0x0, 0x6c, 0xff, 0xd7,
    0x0, 0x8, 0xfc, 0x77, 0xcf, 0xa0, 0xd, 0xe0,
    0x0, 0xc, 0xf2, 0xc, 0xf5, 0x0, 0x0, 0x10,
    0x3, 0xef, 0xfd, 0xa6, 0x0, 0x0, 0x5, 0x8a,
    0xef, 0xc0, 0x2, 0x10, 0x0, 0x9, 0xf4, 0x3f,
    0xb0, 0x0, 0x7, 0xf4, 0xb, 0xfc, 0x87, 0xaf,
    0xe0, 0x0, 0x7c, 0xff, 0xe9, 0x10,

    /* U+0164 "Ť" */
    0x0, 0x6, 0x40, 0x2, 0x81, 0x0, 0x0, 0x4,
    0xf6, 0x2e, 0xa0, 0x0, 0x0, 0x0, 0x8f, 0xfc,
    0x0, 0x0, 0x0, 0x0, 0x7, 0x81, 0x0, 0x0,
    0x0, 0x0, 0x0, 0x0, 0x0, 0x0, 0x9f, 0xff,
    0xff, 0xff, 0xff, 0xff, 0x59, 0x99, 0x9e, 0xfa,
    0x99, 0x99, 0x0, 0x0, 0xc, 0xf1, 0x0, 0x0,
    0x0, 0x0, 0xc, 0xf1, 0x0, 0x0, 0x0, 0x0,
    0xc, 0xf1, 0x0, 0x0, 0x0, 0x0, 0xc, 0xf1,
    0x0, 0x0, 0x0, 0x0, 0xc, 0xf1, 0x0, 0x0,
    0x0, 0x0, 0xc, 0xf1, 0x0, 0x0, 0x0, 0x0,
    0xc, 0xf1, 0x0, 0x0, 0x0, 0x0, 0xc, 0xf1,
    0x0, 0x0, 0x0, 0x0, 0xc, 0xf1, 0x0, 0x0,
    0x0, 0x0, 0xc, 0xf1, 0x0, 0x0, 0x0, 0x0,
    0xc, 0xf1, 0x0, 0x0,

    /* U+0165 "ť" */
    0x0, 0x0, 0x1, 0x74, 0x0, 0x0, 0x5, 0xf5,
    0x0, 0x0, 0x8, 0xf0, 0x0, 0x68, 0xc, 0xa0,
    0x0, 0xdf, 0x1f, 0x50, 0x0, 0xdf, 0x0, 0x0,
    0xbf, 0xff, 0xff, 0xa0, 0x46, 0xef, 0x66, 0x40,
    0x0, 0xdf, 0x0, 0x0, 0x0, 0xdf, 0x0, 0x0,
    0x0, 0xdf, 0x0, 0x0, 0x0, 0xdf, 0x0, 0x0,
    0x0, 0xdf, 0x0, 0x0, 0x0, 0xdf, 0x0, 0x0,
    0x0, 0xcf, 0x77, 0x60, 0x0, 0x6f, 0xff, 0xe0,

    /* U+016A "Ū" */
    0x0, 0x0, 0x0, 0x0, 0x0, 0x0, 0x0, 0xf,
    0xff, 0xff, 0xf6, 0x0, 0x0, 0x3, 0x33, 0x33,
    0x31, 0x0, 0x0, 0x0, 0x0, 0x0, 0x0, 0x0,
    0x8f, 0x60, 0x0, 0x0, 0x0, 0xff, 0x8f, 0x60,
    0x0, 0x0, 0x0, 0xff, 0x8f, 0x60, 0x0, 0x0,
    0x0, 0xff, 0x8f, 0x60, 0x0, 0x0, 0x0, 0xff,
    0x8f, 0x60, 0x0, 0x0, 0x0, 0xff, 0x8f, 0x60,
    0x0, 0x0, 0x0, 0xff, 0x8f, 0x60, 0x0, 0x0,
    0x0, 0xff, 0x8f, 0x60, 0x0, 0x0, 0x0, 0xff,
    0x8f, 0x60, 0x0, 0x0, 0x0, 0xfe, 0x6f, 0xa0,
    0x0, 0x0, 0x3, 0xfc, 0x1f, 0xf6, 0x0, 0x0,
    0x2d, 0xf7, 0x5, 0xff, 0xeb, 0xbd, 0xff, 0xb0,
    0x0, 0x29, 0xdf, 0xfe, 0xb5, 0x0,

    /* U+016B "ū" */
    0x2, 0xff, 0xff, 0xff, 0x30, 0x0, 0x4, 0x44,
    0x44, 0x40, 0x0, 0x0, 0x0, 0x0, 0x0, 0x0,
    0xb, 0xf2, 0x0, 0x0, 0x2f, 0xb0, 0xbf, 0x20,
    0x0, 0x2, 0xfb, 0xb, 0xf2, 0x0, 0x0, 0x2f,
    0xb0, 0xbf, 0x20, 0x0, 0x2, 0xfb, 0xb, 0xf2,
    0x0, 0x0, 0x2f, 0xb0, 0xbf, 0x20, 0x0, 0x2,
    0xfb, 0xb, 0xf3, 0x0, 0x0, 0x4f, 0xb0, 0x8f,
    0xb0, 0x0, 0xc, 0xfb, 0x1, 0xef, 0xda, 0xae,
    0xc8, 0xfb, 0x2, 0xae, 0xfe, 0x90, 0x5f, 0xb0,

    /* U+016C "Ŭ" */
    0x0, 0xa, 0xc2, 0x17, 0xf1, 0x0, 0x0, 0x2,
    0xdf, 0xff, 0x60, 0x0, 0x0, 0x0, 0x3, 0x41,
    0x0, 0x0, 0x0, 0x0, 0x0, 0x0, 0x0, 0x0,
    0x8f, 0x60, 0x0, 0x0, 0x0, 0xff, 0x8f, 0x60,
    0x0, 0x0, 0x0, 0xff, 0x8f, 0x60, 0x0, 0x0,
    0x0, 0xff, 0x8f, 0x60, 0x0, 0x0, 0x0, 0xff,
    0x8f, 0x60, 0x0, 0x0, 0x0, 0xff, 0x8f, 0x60,
    0x0, 0x0, 0x0, 0xff, 0x8f, 0x60, 0x0, 0x0,
    0x0, 0xff, 0x8f, 0x60, 0x0, 0x0, 0x0, 0xff,
    0x8f, 0x60, 0x0, 0x0, 0x0, 0xfe, 0x6f, 0xa0,
    0x0, 0x0, 0x3, 0xfc, 0x1f, 0xf6, 0x0, 0x0,
    0x2d, 0xf7, 0x5, 0xff, 0xeb, 0xbd, 0xff, 0xb0,
    0x0, 0x29, 0xdf, 0xfe, 0xb5, 0x0,

    /* U+016D "ŭ" */
    0x0, 0xe5, 0x0, 0x5e, 0x0, 0x0, 0x9, 0xd2,
    0x2d, 0x90, 0x0, 0x0, 0x1d, 0xff, 0xd1, 0x0,
    0x0, 0x0, 0x3, 0x30, 0x0, 0x0, 0xbf, 0x20,
    0x0, 0x2, 0xfb, 0xb, 0xf2, 0x0, 0x0, 0x2f,
    0xb0, 0xbf, 0x20, 0x0, 0x2, 0xfb, 0xb, 0xf2,
    0x0, 0x0, 0x2f, 0xb0, 0xbf, 0x20, 0x0, 0x2,
    0xfb, 0xb, 0xf2, 0x0, 0x0, 0x2f, 0xb0, 0xbf,
    0x30, 0x0, 0x4, 0xfb, 0x8, 0xfb, 0x0, 0x0,
    0xcf, 0xb0, 0x1e, 0xfd, 0xaa, 0xec, 0x8f, 0xb0,
    0x2a, 0xef, 0xe9, 0x5, 0xfb,

    /* U+016E "Ů" */
    0x0, 0x0, 0x3d, 0xe8, 0x0, 0x0, 0x0, 0x0,
    0xe8, 0x4e, 0x50, 0x0, 0x0, 0x2, 0xf1, 0xa,
    0x80, 0x0, 0x0, 0x0, 0xf5, 0x1d, 0x60, 0x0,
    0x0, 0x0, 0x5f, 0xfb, 0x0, 0x0, 0x0, 0x0,
    0x0, 0x10, 0x0, 0x0, 0x8f, 0x60, 0x0, 0x0,
    0x0, 0xff, 0x8f, 0x60, 0x0, 0x0, 0x0, 0xff,
    0x8f, 0x60, 0x0, 0x0, 0x0, 0xff, 0x8f, 0x60,
    0x0, 0x0, 0x0, 0xff, 0x8f, 0x60, 0x0, 0x0,
    0x0, 0xff, 0x8f, 0x60, 0x0, 0x0, 0x0, 0xff,
    0x8f, 0x60, 0x0, 0x0, 0x0, 0xff, 0x8f, 0x60,
    0x0, 0x0, 0x0, 0xff, 0x8f, 0x60, 0x0, 0x0,
    0x0, 0xfe, 0x6f, 0xa0, 0x0, 0x0, 0x3, 0xfc,
    0x1f, 0xf6, 0x0, 0x0, 0x2d, 0xf7, 0x5, 0xff,
    0xeb, 0xbd, 0xff, 0xb0, 0x0, 0x29, 0xdf, 0xfe,
    0xb5, 0x0,

    /* U+016F "ů" */
    0x0, 0x4, 0xdd, 0x40, 0x0, 0x0, 0x0, 0xf5,
    0x4f, 0x0, 0x0, 0x0, 0xf, 0x22, 0xf0, 0x0,
    0x0, 0x0, 0x6f, 0xf7, 0x0, 0x0, 0x0, 0x0,
    0x0, 0x0, 0x0, 0xb, 0xf2, 0x0, 0x0, 0x2f,
    0xb0, 0xbf, 0x20, 0x0, 0x2, 0xfb, 0xb, 0xf2,
    0x0, 0x0, 0x2f, 0xb0, 0xbf, 0x20, 0x0, 0x2,
    0xfb, 0xb, 0xf2, 0x0, 0x0, 0x2f, 0xb0, 0xbf,
    0x20, 0x0, 0x2, 0xfb, 0xb, 0xf3, 0x0, 0x0,
    0x4f, 0xb0, 0x8f, 0xb0, 0x0, 0xc, 0xfb, 0x1,
    0xef, 0xda, 0xae, 0xc8, 0xfb, 0x2, 0xae, 0xfe,
    0x90, 0x5f, 0xb0,

    /* U+0170 "Ű" */
    0x0, 0x0, 0x4f, 0x90, 0xce, 0x20, 0x0, 0x0,
    0xdc, 0x5, 0xf4, 0x0, 0x0, 0x6, 0xe1, 0xe,
    0x70, 0x0, 0x0, 0x0, 0x0, 0x0, 0x0, 0x0,
    0x0, 0x0, 0x0, 0x0, 0x0, 0x0, 0x8f, 0x60,
    0x0, 0x0, 0x0, 0xff, 0x8f, 0x60, 0x0, 0x0,
    0x0, 0xff, 0x8f, 0x60, 0x0, 0x0, 0x0, 0xff,
    0x8f, 0x60, 0x0, 0x0, 0x0, 0xff, 0x8f, 0x60,
    0x0, 0x0, 0x0, 0xff, 0x8f, 0x60, 0x0, 0x0,
    0x0, 0xff, 0x8f, 0x60, 0x0, 0x0, 0x0, 0xff,
    0x8f, 0x60, 0x0, 0x0, 0x0, 0xff, 0x8f, 0x60,
    0x0, 0x0, 0x0, 0xfe, 0x6f, 0xa0, 0x0, 0x0,
    0x3, 0xfc, 0x1f, 0xf6, 0x0, 0x0, 0x2d, 0xf7,
    0x5, 0xff, 0xeb, 0xbd, 0xff, 0xb0, 0x0, 0x29,
    0xdf, 0xfe, 0xb5, 0x0,

    /* U+0171 "ű" */
    0x0, 0x8, 0xf6, 0x1f, 0xd0, 0x0, 0x1, 0xf8,
    0x9, 0xe1, 0x0, 0x0, 0x9a, 0x2, 0xe3, 0x0,
    0x0, 0x0, 0x0, 0x0, 0x0, 0x0, 0xbf, 0x20,
    0x0, 0x2, 0xfb, 0xb, 0xf2, 0x0, 0x0, 0x2f,
    0xb0, 0xbf, 0x20, 0x0, 0x2, 0xfb, 0xb, 0xf2,
    0x0, 0x0, 0x2f, 0xb0, 0xbf, 0x20, 0x0, 0x2,
    0xfb, 0xb, 0xf2, 0x0, 0x0, 0x2f, 0xb0, 0xbf,
    0x30, 0x0, 0x4, 0xfb, 0x8, 0xfb, 0x0, 0x0,
    0xcf, 0xb0, 0x1e, 0xfd, 0xaa, 0xec, 0x8f, 0xb0,
    0x2a, 0xef, 0xe9, 0x5, 0xfb,

    /* U+0172 "Ų" */
    0x8f, 0x60, 0x0, 0x0, 0x0, 0xff, 0x8f, 0x60,
    0x0, 0x0, 0x0, 0xff, 0x8f, 0x60, 0x0, 0x0,
    0x0, 0xff, 0x8f, 0x60, 0x0, 0x0, 0x0, 0xff,
    0x8f, 0x60, 0x0, 0x0, 0x0, 0xff, 0x8f, 0x60,
    0x0, 0x0, 0x0, 0xff, 0x8f, 0x60, 0x0, 0x0,
    0x0, 0xff, 0x8f, 0x60, 0x0, 0x0, 0x0, 0xff,
    0x8f, 0x60, 0x0, 0x0, 0x0, 0xfe, 0x6f, 0xa0,
    0x0, 0x0, 0x3, 0xfc, 0x1f, 0xf6, 0x0, 0x0,
    0x2d, 0xf7, 0x5, 0xff, 0xeb, 0xbd, 0xff, 0xb0,
    0x0, 0x29, 0xdf, 0xff, 0xb5, 0x0, 0x0, 0x0,
    0x4, 0xf3, 0x0, 0x0, 0x0, 0x0, 0xd, 0xa0,
    0x0, 0x0, 0x0, 0x0, 0xf, 0xa4, 0x10, 0x0,
    0x0, 0x0, 0xa, 0xff, 0x40, 0x0,

    /* U+0173 "ų" */
    0xbf, 0x20, 0x0, 0x2, 0xfb, 0x0, 0xbf, 0x20,
    0x0, 0x2, 0xfb, 0x0, 0xbf, 0x20, 0x0, 0x2,
    0xfb, 0x0, 0xbf, 0x20, 0x0, 0x2, 0xfb, 0x0,
    0xbf, 0x20, 0x0, 0x2, 0xfb, 0x0, 0xbf, 0x20,
    0x0, 0x2, 0xfb, 0x0, 0xbf, 0x30, 0x0, 0x4,
    0xfb, 0x0, 0x8f, 0xb0, 0x0, 0xc, 0xfb, 0x0,
    0x1e, 0xfd, 0xaa, 0xec, 0x8f, 0xb0, 0x2, 0xae,
    0xfe, 0x90, 0x5f, 0xb0, 0x0, 0x0, 0x0, 0x0,
    0x7e, 0x10, 0x0, 0x0, 0x0, 0x1, 0xf7, 0x0,
    0x0, 0x0, 0x0, 0x3, 0xf8, 0x40, 0x0, 0x0,
    0x0, 0x0, 0xcf, 0xf1,

    /* U+0174 "Ŵ" */
    0x0, 0x0, 0x0, 0x0, 0x28, 0x70, 0x0, 0x0,
    0x0, 0x0, 0x0, 0x0, 0x0, 0x0, 0xdf, 0xf7,
    0x0, 0x0, 0x0, 0x0, 0x0, 0x0, 0x0, 0xa,
    0xe2, 0x7f, 0x40, 0x0, 0x0, 0x0, 0x0, 0x0,
    0x0, 0x27, 0x10, 0x4, 0x60, 0x0, 0x0, 0x0,
    0x0, 0x0, 0x0, 0x0, 0x0, 0x0, 0x0, 0x0,
    0x0, 0x0, 0x4f, 0xa0, 0x0, 0x0, 0x4f, 0xe0,
    0x0, 0x0, 0xe, 0xf1, 0xf, 0xf0, 0x0, 0x0,
    0x9f, 0xf3, 0x0, 0x0, 0x3f, 0xb0, 0xa, 0xf4,
    0x0, 0x0, 0xdd, 0xf8, 0x0, 0x0, 0x8f, 0x60,
    0x5, 0xf8, 0x0, 0x2, 0xf6, 0xdd, 0x0, 0x0,
    0xcf, 0x20, 0x1, 0xfd, 0x0, 0x7, 0xf1, 0x7f,
    0x20, 0x1, 0xfd, 0x0, 0x0, 0xcf, 0x10, 0xc,
    0xc0, 0x2f, 0x70, 0x5, 0xf8, 0x0, 0x0, 0x7f,
    0x60, 0x1f, 0x80, 0xd, 0xc0, 0xa, 0xf3, 0x0,
    0x0, 0x2f, 0xb0, 0x6f, 0x30, 0x8, 0xf2, 0xe,
    0xe0, 0x0, 0x0, 0xd, 0xf0, 0xbe, 0x0, 0x3,
    0xf7, 0x3f, 0x90, 0x0, 0x0, 0x8, 0xf4, 0xf9,
    0x0, 0x0, 0xec, 0x8f, 0x40, 0x0, 0x0, 0x3,
    0xfd, 0xf4, 0x0, 0x0, 0x9f, 0xdf, 0x0, 0x0,
    0x0, 0x0, 0xef, 0xf0, 0x0, 0x0, 0x4f, 0xfa,
    0x0, 0x0, 0x0, 0x0, 0x9f, 0xb0, 0x0, 0x0,
    0xf, 0xf5, 0x0, 0x0,

    /* U+0175 "ŵ" */
    0x0, 0x0, 0x0, 0x1e, 0xf9, 0x0, 0x0, 0x0,
    0x0, 0x0, 0x0, 0xb, 0xe9, 0xf5, 0x0, 0x0,
    0x0, 0x0, 0x0, 0x8, 0xd2, 0x6, 0xf2, 0x0,
    0x0, 0x0, 0x0, 0x0, 0x0, 0x0, 0x0, 0x0,
    0x0, 0x0, 0x8f, 0x60, 0x0, 0xc, 0xf7, 0x0,
    0x0, 0xaf, 0x33, 0xfa, 0x0, 0x2, 0xff, 0xd0,
    0x0, 0xf, 0xe0, 0xe, 0xf0, 0x0, 0x7f, 0xbf,
    0x30, 0x4, 0xf9, 0x0, 0x9f, 0x40, 0xd, 0xd3,
    0xf8, 0x0, 0x9f, 0x40, 0x4, 0xf9, 0x3, 0xf7,
    0xd, 0xe0, 0xd, 0xe0, 0x0, 0xf, 0xd0, 0x8f,
    0x20, 0x7f, 0x42, 0xfa, 0x0, 0x0, 0xaf, 0x2e,
    0xc0, 0x1, 0xf9, 0x7f, 0x50, 0x0, 0x5, 0xfb,
    0xf6, 0x0, 0xc, 0xfc, 0xf0, 0x0, 0x0, 0xf,
    0xff, 0x10, 0x0, 0x6f, 0xfb, 0x0, 0x0, 0x0,
    0xbf, 0xb0, 0x0, 0x1, 0xff, 0x60, 0x0,

    /* U+0176 "Ŷ" */
    0x0, 0x0, 0x6, 0x83, 0x0, 0x0, 0x0, 0x0,
    0x6, 0xff, 0xe1, 0x0, 0x0, 0x0, 0x3, 0xf8,
    0x2d, 0xb0, 0x0, 0x0, 0x0, 0x65, 0x0, 0x17,
    0x20, 0x0, 0x0, 0x0, 0x0, 0x0, 0x0, 0x0,
    0x7, 0xfb, 0x0, 0x0, 0x0, 0x1f, 0xe1, 0xd,
    0xf5, 0x0, 0x0, 0xa, 0xf6, 0x0, 0x3f, 0xe0,
    0x0, 0x4, 0xfb, 0x0, 0x0, 0x9f, 0x90, 0x0,
    0xef, 0x20, 0x0, 0x1, 0xef, 0x30, 0x8f, 0x70,
    0x0, 0x0, 0x5, 0xfc, 0x3f, 0xd0, 0x0, 0x0,
    0x0, 0xb, 0xff, 0xf3, 0x0, 0x0, 0x0, 0x0,
    0x1f, 0xf9, 0x0, 0x0, 0x0, 0x0, 0x0, 0xbf,
    0x30, 0x0, 0x0, 0x0, 0x0, 0xb, 0xf3, 0x0,
    0x0, 0x0, 0x0, 0x0, 0xbf, 0x30, 0x0, 0x0,
    0x0, 0x0, 0xb, 0xf3, 0x0, 0x0, 0x0, 0x0,
    0x0, 0xbf, 0x30, 0x0, 0x0,

    /* U+0177 "ŷ" */
    0x0, 0x1, 0xdf, 0xa0, 0x0, 0x0, 0x0, 0xbf,
    0x9f, 0x60, 0x0, 0x0, 0x7e, 0x20, 0x5f, 0x30,
    0x0, 0x0, 0x0, 0x0, 0x0, 0x0, 0xaf, 0x40,
    0x0, 0x0, 0x6f, 0x73, 0xfb, 0x0, 0x0, 0xc,
    0xf1, 0xc, 0xf2, 0x0, 0x3, 0xf9, 0x0, 0x5f,
    0x90, 0x0, 0xaf, 0x20, 0x0, 0xdf, 0x10, 0x1f,
    0xc0, 0x0, 0x7, 0xf7, 0x7, 0xf5, 0x0, 0x0,
    0xf, 0xe0, 0xde, 0x0, 0x0, 0x0, 0x8f, 0xaf,
    0x70, 0x0, 0x0, 0x1, 0xff, 0xf1, 0x0, 0x0,
    0x0, 0xa, 0xf9, 0x0, 0x0, 0x0, 0x0, 0x9f,
    0x30, 0x0, 0x0, 0x0, 0xf, 0xc0, 0x0, 0x0,
    0x6, 0x7a, 0xf5, 0x0, 0x0, 0x0, 0xdf, 0xfb,
    0x0, 0x0, 0x0,

    /* U+0178 "Ÿ" */
    0x0, 0x8, 0xe3, 0x8, 0xf3, 0x0, 0x0, 0x0,
    0xaf, 0x40, 0xaf, 0x40, 0x0, 0x0, 0x0, 0x10,
    0x0, 0x10, 0x0, 0x0, 0x0, 0x0, 0x0, 0x0,
    0x0, 0x0, 0x7f, 0xb0, 0x0, 0x0, 0x1, 0xfe,
    0x10, 0xdf, 0x50, 0x0, 0x0, 0xaf, 0x60, 0x3,
    0xfe, 0x0, 0x0, 0x4f, 0xb0, 0x0, 0x9, 0xf9,
    0x0, 0xe, 0xf2, 0x0, 0x0, 0x1e, 0xf3, 0x8,
    0xf7, 0x0, 0x0, 0x0, 0x5f, 0xc3, 0xfd, 0x0,
    0x0, 0x0, 0x0, 0xbf, 0xff, 0x30, 0x0, 0x0,
    0x0, 0x1, 0xff, 0x90, 0x0, 0x0, 0x0, 0x0,
    0xb, 0xf3, 0x0, 0x0, 0x0, 0x0, 0x0, 0xbf,
    0x30, 0x0, 0x0, 0x0, 0x0, 0xb, 0xf3, 0x0,
    0x0, 0x0, 0x0, 0x0, 0xbf, 0x30, 0x0, 0x0,
    0x0, 0x0, 0xb, 0xf3, 0x0, 0x0, 0x0,

    /* U+0179 "Ź" */
    0x0, 0x0, 0x0, 0x48, 0x40, 0x0, 0x0, 0x0,
    0x1, 0xfd, 0x10, 0x0, 0x0, 0x0, 0xb, 0xe1,
    0x0, 0x0, 0x0, 0x0, 0x18, 0x20, 0x0, 0x0,
    0x0, 0x0, 0x0, 0x0, 0x0, 0x0, 0xf, 0xff,
    0xff, 0xff, 0xff, 0xf1, 0x9, 0x99, 0x99, 0x99,
    0xcf, 0xe0, 0x0, 0x0, 0x0, 0x1, 0xef, 0x30,
    0x0, 0x0, 0x0, 0xc, 0xf5, 0x0, 0x0, 0x0,
    0x0, 0x9f, 0x90, 0x0, 0x0, 0x0, 0x6, 0xfc,
    0x0, 0x0, 0x0, 0x0, 0x3f, 0xe1, 0x0, 0x0,
    0x0, 0x1, 0xef, 0x30, 0x0, 0x0, 0x0, 0xc,
    0xf6, 0x0, 0x0, 0x0, 0x0, 0x9f, 0x90, 0x0,
    0x0, 0x0, 0x6, 0xfc, 0x0, 0x0, 0x0, 0x0,
    0x2f, 0xfa, 0x99, 0x99, 0x99, 0x92, 0x5f, 0xff,
    0xff, 0xff, 0xff, 0xf4,

    /* U+017A "ź" */
    0x0, 0x0, 0xd, 0xf4, 0x0, 0x0, 0x0, 0x7f,
    0x50, 0x0, 0x0, 0x1, 0xf7, 0x0, 0x0, 0x0,
    0x0, 0x0, 0x0, 0x0, 0xf, 0xff, 0xff, 0xff,
    0xf0, 0x7, 0x77, 0x77, 0xbf, 0xb0, 0x0, 0x0,
    0x3, 0xfd, 0x0, 0x0, 0x0, 0x1e, 0xe2, 0x0,
    0x0, 0x0, 0xcf, 0x40, 0x0, 0x0, 0xa, 0xf6,
    0x0, 0x0, 0x0, 0x7f, 0x90, 0x0, 0x0, 0x4,
    0xfb, 0x0, 0x0, 0x0, 0x2f, 0xf8, 0x77, 0x77,
    0x70, 0x5f, 0xff, 0xff, 0xff, 0xf0,

    /* U+017B "Ż" */
    0x0, 0x0, 0x1d, 0xc0, 0x0, 0x0, 0x0, 0x0,
    0x1f, 0xe0, 0x0, 0x0, 0x0, 0x0, 0x1, 0x10,
    0x0, 0x0, 0x0, 0x0, 0x0, 0x0, 0x0, 0x0,
    0xf, 0xff, 0xff, 0xff, 0xff, 0xf1, 0x9, 0x99,
    0x99, 0x99, 0xcf, 0xe0, 0x0, 0x0, 0x0, 0x1,
    0xef, 0x30, 0x0, 0x0, 0x0, 0xc, 0xf5, 0x0,
    0x0, 0x0, 0x0, 0x9f, 0x90, 0x0, 0x0, 0x0,
    0x6, 0xfc, 0x0, 0x0, 0x0, 0x0, 0x3f, 0xe1,
    0x0, 0x0, 0x0, 0x1, 0xef, 0x30, 0x0, 0x0,
    0x0, 0xc, 0xf6, 0x0, 0x0, 0x0, 0x0, 0x9f,
    0x90, 0x0, 0x0, 0x0, 0x6, 0xfc, 0x0, 0x0,
    0x0, 0x0, 0x2f, 0xfa, 0x99, 0x99, 0x99, 0x92,
    0x5f, 0xff, 0xff, 0xff, 0xff, 0xf4,

    /* U+017C "ż" */
    0x0, 0x1, 0xeb, 0x0, 0x0, 0x0, 0x2, 0xfd,
    0x0, 0x0, 0x0, 0x0, 0x21, 0x0, 0x0, 0xf,
    0xff, 0xff, 0xff, 0xf0, 0x7, 0x77, 0x77, 0xbf,
    0xb0, 0x0, 0x0, 0x3, 0xfd, 0x0, 0x0, 0x0,
    0x1e, 0xe2, 0x0, 0x0, 0x0, 0xcf, 0x40, 0x0,
    0x0, 0xa, 0xf6, 0x0, 0x0, 0x0, 0x7f, 0x90,
    0x0, 0x0, 0x4, 0xfb, 0x0, 0x0, 0x0, 0x2f,
    0xf8, 0x77, 0x77, 0x70, 0x5f, 0xff, 0xff, 0xff,
    0xf0,

    /* U+017D "Ž" */
    0x0, 0x7, 0x20, 0x3, 0x70, 0x0, 0x0, 0x8,
    0xe3, 0x5f, 0x60, 0x0, 0x0, 0x0, 0xbf, 0xf9,
    0x0, 0x0, 0x0, 0x0, 0x18, 0x70, 0x0, 0x0,
    0x0, 0x0, 0x0, 0x0, 0x0, 0x0, 0xf, 0xff,
    0xff, 0xff, 0xff, 0xf1, 0x9, 0x99, 0x99, 0x99,
    0xcf, 0xe0, 0x0, 0x0, 0x0, 0x1, 0xef, 0x30,
    0x0, 0x0, 0x0, 0xc, 0xf5, 0x0, 0x0, 0x0,
    0x0, 0x9f, 0x90, 0x0, 0x0, 0x0, 0x6, 0xfc,
    0x0, 0x0, 0x0, 0x0, 0x3f, 0xe1, 0x0, 0x0,
    0x0, 0x1, 0xef, 0x30, 0x0, 0x0, 0x0, 0xc,
    0xf6, 0x0, 0x0, 0x0, 0x0, 0x9f, 0x90, 0x0,
    0x0, 0x0, 0x6, 0xfc, 0x0, 0x0, 0x0, 0x0,
    0x2f, 0xfa, 0x99, 0x99, 0x99, 0x92, 0x5f, 0xff,
    0xff, 0xff, 0xff, 0xf4,

    /* U+017E "ž" */
    0x1, 0xd8, 0x1, 0xca, 0x0, 0x0, 0x2f, 0xbe,
    0xc0, 0x0, 0x0, 0x4, 0xcb, 0x10, 0x0, 0x0,
    0x0, 0x0, 0x0, 0x0, 0xf, 0xff, 0xff, 0xff,
    0xf0, 0x7, 0x77, 0x77, 0xbf, 0xb0, 0x0, 0x0,
    0x3, 0xfd, 0x0, 0x0, 0x0, 0x1e, 0xe2, 0x0,
    0x0, 0x0, 0xcf, 0x40, 0x0, 0x0, 0xa, 0xf6,
    0x0, 0x0, 0x0, 0x7f, 0x90, 0x0, 0x0, 0x4,
    0xfb, 0x0, 0x0, 0x0, 0x2f, 0xf8, 0x77, 0x77,
    0x70, 0x5f, 0xff, 0xff, 0xff, 0xf0
};


/*---------------------
 *  GLYPH DESCRIPTION
 *--------------------*/

static const lv_font_fmt_txt_glyph_dsc_t glyph_dsc[] = {
    {.bitmap_index = 0, .adv_w = 0, .box_w = 0, .box_h = 0, .ofs_x = 0, .ofs_y = 0} /* id = 0 reserved */,
    {.bitmap_index = 0, .adv_w = 79, .box_w = 0, .box_h = 0, .ofs_x = 0, .ofs_y = 0},
    {.bitmap_index = 0, .adv_w = 82, .box_w = 3, .box_h = 13, .ofs_x = 1, .ofs_y = 0},
    {.bitmap_index = 20, .adv_w = 129, .box_w = 6, .box_h = 5, .ofs_x = 1, .ofs_y = 8},
    {.bitmap_index = 35, .adv_w = 176, .box_w = 11, .box_h = 13, .ofs_x = 0, .ofs_y = 0},
    {.bitmap_index = 107, .adv_w = 184, .box_w = 11, .box_h = 16, .ofs_x = 0, .ofs_y = -2},
    {.bitmap_index = 195, .adv_w = 275, .box_w = 17, .box_h = 13, .ofs_x = 0, .ofs_y = 0},
    {.bitmap_index = 306, .adv_w = 215, .box_w = 14, .box_h = 13, .ofs_x = 0, .ofs_y = 0},
    {.bitmap_index = 397, .adv_w = 65, .box_w = 2, .box_h = 5, .ofs_x = 1, .ofs_y = 8},
    {.bitmap_index = 402, .adv_w = 91, .box_w = 6, .box_h = 17, .ofs_x = 0, .ofs_y = -4},
    {.bitmap_index = 453, .adv_w = 91, .box_w = 5, .box_h = 17, .ofs_x = 0, .ofs_y = -4},
    {.bitmap_index = 496, .adv_w = 165, .box_w = 10, .box_h = 9, .ofs_x = 0, .ofs_y = 5},
    {.bitmap_index = 541, .adv_w = 184, .box_w = 10, .box_h = 10, .ofs_x = 1, .ofs_y = 2},
    {.bitmap_index = 591, .adv_w = 71, .box_w = 4, .box_h = 6, .ofs_x = 0, .ofs_y = -3},
    {.bitmap_index = 603, .adv_w = 98, .box_w = 6, .box_h = 2, .ofs_x = 0, .ofs_y = 4},
    {.bitmap_index = 609, .adv_w = 71, .box_w = 4, .box_h = 3, .ofs_x = 0, .ofs_y = 0},
    {.bitmap_index = 615, .adv_w = 116, .box_w = 7, .box_h = 14, .ofs_x = 0, .ofs_y = 0},
    {.bitmap_index = 664, .adv_w = 184, .box_w = 11, .box_h = 13, .ofs_x = 0, .ofs_y = 0},
    {.bitmap_index = 736, .adv_w = 184, .box_w = 10, .box_h = 13, .ofs_x = 1, .ofs_y = 0},
    {.bitmap_index = 801, .adv_w = 184, .box_w = 11, .box_h = 13, .ofs_x = 0, .ofs_y = 0},
    {.bitmap_index = 873, .adv_w = 184, .box_w = 11, .box_h = 13, .ofs_x = 0, .ofs_y = 0},
    {.bitmap_index = 945, .adv_w = 184, .box_w = 12, .box_h = 13, .ofs_x = 0, .ofs_y = 0},
    {.bitmap_index = 1023, .adv_w = 184, .box_w = 11, .box_h = 13, .ofs_x = 0, .ofs_y = 0},
    {.bitmap_index = 1095, .adv_w = 184, .box_w = 11, .box_h = 13, .ofs_x = 0, .ofs_y = 0},
    {.bitmap_index = 1167, .adv_w = 184, .box_w = 11, .box_h = 13, .ofs_x = 0, .ofs_y = 0},
    {.bitmap_index = 1239, .adv_w = 184, .box_w = 11, .box_h = 13, .ofs_x = 0, .ofs_y = 0},
    {.bitmap_index = 1311, .adv_w = 184, .box_w = 11, .box_h = 13, .ofs_x = 0, .ofs_y = 0},
    {.bitmap_index = 1383, .adv_w = 87, .box_w = 4, .box_h = 9, .ofs_x = 1, .ofs_y = 1},
    {.bitmap_index = 1401, .adv_w = 87, .box_w = 4, .box_h = 12, .ofs_x = 1, .ofs_y = -3},
    {.bitmap_index = 1425, .adv_w = 184, .box_w = 9, .box_h = 10, .ofs_x = 1, .ofs_y = 2},
    {.bitmap_index = 1470, .adv_w = 184, .box_w = 10, .box_h = 6, .ofs_x = 1, .ofs_y = 3},
    {.bitmap_index = 1500, .adv_w = 184, .box_w = 9, .box_h = 10, .ofs_x = 1, .ofs_y = 2},
    {.bitmap_index = 1545, .adv_w = 157, .box_w = 10, .box_h = 13, .ofs_x = 0, .ofs_y = 0},
    {.bitmap_index = 1610, .adv_w = 304, .box_w = 18, .box_h = 15, .ofs_x = 1, .ofs_y = -2},
    {.bitmap_index = 1745, .adv_w = 222, .box_w = 14, .box_h = 13, .ofs_x = 0, .ofs_y = 0},
    {.bitmap_index = 1836, .adv_w = 217, .box_w = 12, .box_h = 13, .ofs_x = 1, .ofs_y = 0},
    {.bitmap_index = 1914, .adv_w = 222, .box_w = 14, .box_h = 13, .ofs_x = 0, .ofs_y = 0},
    {.bitmap_index = 2005, .adv_w = 233, .box_w = 13, .box_h = 13, .ofs_x = 1, .ofs_y = 0},
    {.bitmap_index = 2090, .adv_w = 190, .box_w = 11, .box_h = 13, .ofs_x = 1, .ofs_y = 0},
    {.bitmap_index = 2162, .adv_w = 180, .box_w = 10, .box_h = 13, .ofs_x = 1, .ofs_y = 0},
    {.bitmap_index = 2227, .adv_w = 234, .box_w = 14, .box_h = 13, .ofs_x = 0, .ofs_y = 0},
    {.bitmap_index = 2318, .adv_w = 238, .box_w = 13, .box_h = 13, .ofs_x = 1, .ofs_y = 0},
    {.bitmap_index = 2403, .adv_w = 85, .box_w = 3, .box_h = 13, .ofs_x = 1, .ofs_y = 0},
    {.bitmap_index = 2423, .adv_w = 117, .box_w = 6, .box_h = 13, .ofs_x = 0, .ofs_y = 0},
    {.bitmap_index = 2462, .adv_w = 211, .box_w = 12, .box_h = 13, .ofs_x = 1, .ofs_y = 0},
    {.bitmap_index = 2540, .adv_w = 180, .box_w = 10, .box_h = 13, .ofs_x = 1, .ofs_y = 0},
    {.bitmap_index = 2605, .adv_w = 292, .box_w = 16, .box_h = 13, .ofs_x = 1, .ofs_y = 0},
    {.bitmap_index = 2709, .adv_w = 249, .box_w = 13, .box_h = 13, .ofs_x = 1, .ofs_y = 0},
    {.bitmap_index = 2794, .adv_w = 245, .box_w = 15, .box_h = 13, .ofs_x = 0, .ofs_y = 0},
    {.bitmap_index = 2892, .adv_w = 206, .box_w = 12, .box_h = 13, .ofs_x = 1, .ofs_y = 0},
    {.bitmap_index = 2970, .adv_w = 245, .box_w = 15, .box_h = 17, .ofs_x = 0, .ofs_y = -4},
    {.bitmap_index = 3098, .adv_w = 223, .box_w = 12, .box_h = 13, .ofs_x = 1, .ofs_y = 0},
    {.bitmap_index = 3176, .adv_w = 204, .box_w = 12, .box_h = 13, .ofs_x = 0, .ofs_y = 0},
    {.bitmap_index = 3254, .adv_w = 197, .box_w = 12, .box_h = 13, .ofs_x = 0, .ofs_y = 0},
    {.bitmap_index = 3332, .adv_w = 230, .box_w = 12, .box_h = 13, .ofs_x = 1, .ofs_y = 0},
    {.bitmap_index = 3410, .adv_w = 222, .box_w = 14, .box_h = 13, .ofs_x = 0, .ofs_y = 0},
    {.bitmap_index = 3501, .adv_w = 316, .box_w = 20, .box_h = 13, .ofs_x = 0, .ofs_y = 0},
    {.bitmap_index = 3631, .adv_w = 209, .box_w = 13, .box_h = 13, .ofs_x = 0, .ofs_y = 0},
    {.bitmap_index = 3716, .adv_w = 201, .box_w = 13, .box_h = 13, .ofs_x = 0, .ofs_y = 0},
    {.bitmap_index = 3801, .adv_w = 191, .box_w = 12, .box_h = 13, .ofs_x = 0, .ofs_y = 0},
    {.bitmap_index = 3879, .adv_w = 102, .box_w = 5, .box_h = 17, .ofs_x = 1, .ofs_y = -4},
    {.bitmap_index = 3922, .adv_w = 116, .box_w = 7, .box_h = 14, .ofs_x = 0, .ofs_y = 0},
    {.bitmap_index = 3971, .adv_w = 102, .box_w = 5, .box_h = 17, .ofs_x = 0, .ofs_y = -4},
    {.bitmap_index = 4014, .adv_w = 184, .box_w = 10, .box_h = 9, .ofs_x = 1, .ofs_y = 2},
    {.bitmap_index = 4059, .adv_w = 160, .box_w = 12, .box_h = 3, .ofs_x = -1, .ofs_y = -3},
    {.bitmap_index = 4077, .adv_w = 160, .box_w = 4, .box_h = 3, .ofs_x = 3, .ofs_y = 11},
    {.bitmap_index = 4083, .adv_w = 181, .box_w = 11, .box_h = 10, .ofs_x = 0, .ofs_y = 0},
    {.bitmap_index = 4138, .adv_w = 199, .box_w = 12, .box_h = 14, .ofs_x = 0, .ofs_y = 0},
    {.bitmap_index = 4222, .adv_w = 173, .box_w = 11, .box_h = 10, .ofs_x = 0, .ofs_y = 0},
    {.bitmap_index = 4277, .adv_w = 199, .box_w = 12, .box_h = 14, .ofs_x = 0, .ofs_y = 0},
    {.bitmap_index = 4361, .adv_w = 181, .box_w = 11, .box_h = 10, .ofs_x = 0, .ofs_y = 0},
    {.bitmap_index = 4416, .adv_w = 111, .box_w = 7, .box_h = 14, .ofs_x = 0, .ofs_y = 0},
    {.bitmap_index = 4465, .adv_w = 200, .box_w = 12, .box_h = 14, .ofs_x = 0, .ofs_y = -4},
    {.bitmap_index = 4549, .adv_w = 193, .box_w = 10, .box_h = 14, .ofs_x = 1, .ofs_y = 0},
    {.bitmap_index = 4619, .adv_w = 76, .box_w = 3, .box_h = 13, .ofs_x = 1, .ofs_y = 0},
    {.bitmap_index = 4639, .adv_w = 74, .box_w = 5, .box_h = 17, .ofs_x = -1, .ofs_y = -4},
    {.bitmap_index = 4682, .adv_w = 177, .box_w = 10, .box_h = 14, .ofs_x = 1, .ofs_y = 0},
    {.bitmap_index = 4752, .adv_w = 76, .box_w = 3, .box_h = 14, .ofs_x = 1, .ofs_y = 0},
    {.bitmap_index = 4773, .adv_w = 302, .box_w = 18, .box_h = 10, .ofs_x = 0, .ofs_y = 0},
    {.bitmap_index = 4863, .adv_w = 200, .box_w = 12, .box_h = 10, .ofs_x = 0, .ofs_y = 0},
    {.bitmap_index = 4923, .adv_w = 189, .box_w = 12, .box_h = 10, .ofs_x = 0, .ofs_y = 0},
    {.bitmap_index = 4983, .adv_w = 199, .box_w = 12, .box_h = 14, .ofs_x = 0, .ofs_y = -4},
    {.bitmap_index = 5067, .adv_w = 199, .box_w = 12, .box_h = 14, .ofs_x = 0, .ofs_y = -4},
    {.bitmap_index = 5151, .adv_w = 132, .box_w = 7, .box_h = 10, .ofs_x = 1, .ofs_y = 0},
    {.bitmap_index = 5186, .adv_w = 159, .box_w = 10, .box_h = 10, .ofs_x = 0, .ofs_y = 0},
    {.bitmap_index = 5236, .adv_w = 117, .box_w = 7, .box_h = 13, .ofs_x = 0, .ofs_y = 0},
    {.bitmap_index = 5282, .adv_w = 200, .box_w = 11, .box_h = 10, .ofs_x = 1, .ofs_y = 0},
    {.bitmap_index = 5337, .adv_w = 172, .box_w = 11, .box_h = 10, .ofs_x = 0, .ofs_y = 0},
    {.bitmap_index = 5392, .adv_w = 267, .box_w = 17, .box_h = 10, .ofs_x = 0, .ofs_y = 0},
    {.bitmap_index = 5477, .adv_w = 172, .box_w = 11, .box_h = 10, .ofs_x = 0, .ofs_y = 0},
    {.bitmap_index = 5532, .adv_w = 172, .box_w = 11, .box_h = 14, .ofs_x = 0, .ofs_y = -4},
    {.bitmap_index = 5609, .adv_w = 155, .box_w = 10, .box_h = 10, .ofs_x = 0, .ofs_y = 0},
    {.bitmap_index = 5659, .adv_w = 115, .box_w = 7, .box_h = 17, .ofs_x = 0, .ofs_y = -4},
    {.bitmap_index = 5719, .adv_w = 160, .box_w = 2, .box_h = 17, .ofs_x = 4, .ofs_y = -3},
    {.bitmap_index = 5736, .adv_w = 115, .box_w = 7, .box_h = 17, .ofs_x = 0, .ofs_y = -4},
    {.bitmap_index = 5796, .adv_w = 184, .box_w = 10, .box_h = 3, .ofs_x = 1, .ofs_y = 5},
    {.bitmap_index = 5811, .adv_w = 79, .box_w = 0, .box_h = 0, .ofs_x = 0, .ofs_y = 0},
    {.bitmap_index = 5811, .adv_w = 82, .box_w = 3, .box_h = 14, .ofs_x = 1, .ofs_y = -4},
    {.bitmap_index = 5832, .adv_w = 184, .box_w = 10, .box_h = 13, .ofs_x = 1, .ofs_y = 0},
    {.bitmap_index = 5897, .adv_w = 184, .box_w = 11, .box_h = 13, .ofs_x = 0, .ofs_y = 0},
    {.bitmap_index = 5969, .adv_w = 178, .box_w = 9, .box_h = 10, .ofs_x = 1, .ofs_y = 2},
    {.bitmap_index = 6014, .adv_w = 184, .box_w = 12, .box_h = 13, .ofs_x = 0, .ofs_y = 0},
    {.bitmap_index = 6092, .adv_w = 160, .box_w = 2, .box_h = 17, .ofs_x = 4, .ofs_y = -3},
    {.bitmap_index = 6109, .adv_w = 184, .box_w = 11, .box_h = 17, .ofs_x = 0, .ofs_y = -4},
    {.bitmap_index = 6203, .adv_w = 160, .box_w = 8, .box_h = 3, .ofs_x = 1, .ofs_y = 11},
    {.bitmap_index = 6215, .adv_w = 288, .box_w = 16, .box_h = 17, .ofs_x = 1, .ofs_y = -3},
    {.bitmap_index = 6351, .adv_w = 110, .box_w = 7, .box_h = 7, .ofs_x = 0, .ofs_y = 5},
    {.bitmap_index = 6376, .adv_w = 168, .box_w = 10, .box_h = 9, .ofs_x = 0, .ofs_y = 1},
    {.bitmap_index = 6421, .adv_w = 184, .box_w = 9, .box_h = 5, .ofs_x = 1, .ofs_y = 3},
    {.bitmap_index = 6444, .adv_w = 288, .box_w = 16, .box_h = 17, .ofs_x = 1, .ofs_y = -3},
    {.bitmap_index = 6580, .adv_w = 160, .box_w = 8, .box_h = 3, .ofs_x = 1, .ofs_y = 11},
    {.bitmap_index = 6592, .adv_w = 128, .box_w = 6, .box_h = 8, .ofs_x = 1, .ofs_y = 7},
    {.bitmap_index = 6616, .adv_w = 184, .box_w = 10, .box_h = 11, .ofs_x = 1, .ofs_y = 1},
    {.bitmap_index = 6671, .adv_w = 128, .box_w = 6, .box_h = 7, .ofs_x = 1, .ofs_y = 10},
    {.bitmap_index = 6692, .adv_w = 128, .box_w = 6, .box_h = 7, .ofs_x = 1, .ofs_y = 10},
    {.bitmap_index = 6713, .adv_w = 160, .box_w = 4, .box_h = 3, .ofs_x = 3, .ofs_y = 11},
    {.bitmap_index = 6719, .adv_w = 176, .box_w = 10, .box_h = 17, .ofs_x = 0, .ofs_y = -4},
    {.bitmap_index = 6804, .adv_w = 71, .box_w = 4, .box_h = 3, .ofs_x = 0, .ofs_y = 4},
    {.bitmap_index = 6810, .adv_w = 160, .box_w = 4, .box_h = 6, .ofs_x = 3, .ofs_y = -5},
    {.bitmap_index = 6822, .adv_w = 128, .box_w = 5, .box_h = 7, .ofs_x = 1, .ofs_y = 10},
    {.bitmap_index = 6840, .adv_w = 113, .box_w = 7, .box_h = 7, .ofs_x = 0, .ofs_y = 5},
    {.bitmap_index = 6865, .adv_w = 168, .box_w = 10, .box_h = 9, .ofs_x = 0, .ofs_y = 1},
    {.bitmap_index = 6910, .adv_w = 305, .box_w = 16, .box_h = 13, .ofs_x = 1, .ofs_y = 0},
    {.bitmap_index = 7014, .adv_w = 298, .box_w = 15, .box_h = 14, .ofs_x = 1, .ofs_y = -1},
    {.bitmap_index = 7119, .adv_w = 280, .box_w = 16, .box_h = 13, .ofs_x = 1, .ofs_y = 0},
    {.bitmap_index = 7223, .adv_w = 157, .box_w = 10, .box_h = 14, .ofs_x = 0, .ofs_y = -4},
    {.bitmap_index = 7293, .adv_w = 222, .box_w = 14, .box_h = 18, .ofs_x = 0, .ofs_y = 0},
    {.bitmap_index = 7419, .adv_w = 222, .box_w = 14, .box_h = 18, .ofs_x = 0, .ofs_y = 0},
    {.bitmap_index = 7545, .adv_w = 222, .box_w = 14, .box_h = 18, .ofs_x = 0, .ofs_y = 0},
    {.bitmap_index = 7671, .adv_w = 222, .box_w = 14, .box_h = 18, .ofs_x = 0, .ofs_y = 0},
    {.bitmap_index = 7797, .adv_w = 222, .box_w = 14, .box_h = 17, .ofs_x = 0, .ofs_y = 0},
    {.bitmap_index = 7916, .adv_w = 222, .box_w = 14, .box_h = 19, .ofs_x = 0, .ofs_y = 0},
    {.bitmap_index = 8049, .adv_w = 318, .box_w = 21, .box_h = 13, .ofs_x = 0, .ofs_y = 0},
    {.bitmap_index = 8186, .adv_w = 222, .box_w = 14, .box_h = 17, .ofs_x = 0, .ofs_y = -4},
    {.bitmap_index = 8305, .adv_w = 190, .box_w = 11, .box_h = 18, .ofs_x = 1, .ofs_y = 0},
    {.bitmap_index = 8404, .adv_w = 190, .box_w = 11, .box_h = 18, .ofs_x = 1, .ofs_y = 0},
    {.bitmap_index = 8503, .adv_w = 190, .box_w = 11, .box_h = 18, .ofs_x = 1, .ofs_y = 0},
    {.bitmap_index = 8602, .adv_w = 190, .box_w = 11, .box_h = 17, .ofs_x = 1, .ofs_y = 0},
    {.bitmap_index = 8696, .adv_w = 85, .box_w = 5, .box_h = 18, .ofs_x = -1, .ofs_y = 0},
    {.bitmap_index = 8741, .adv_w = 85, .box_w = 5, .box_h = 18, .ofs_x = 1, .ofs_y = 0},
    {.bitmap_index = 8786, .adv_w = 85, .box_w = 7, .box_h = 18, .ofs_x = -1, .ofs_y = 0},
    {.bitmap_index = 8849, .adv_w = 85, .box_w = 7, .box_h = 17, .ofs_x = -1, .ofs_y = 0},
    {.bitmap_index = 8909, .adv_w = 234, .box_w = 15, .box_h = 13, .ofs_x = 0, .ofs_y = 0},
    {.bitmap_index = 9007, .adv_w = 249, .box_w = 13, .box_h = 18, .ofs_x = 1, .ofs_y = 0},
    {.bitmap_index = 9124, .adv_w = 245, .box_w = 15, .box_h = 18, .ofs_x = 0, .ofs_y = 0},
    {.bitmap_index = 9259, .adv_w = 245, .box_w = 15, .box_h = 18, .ofs_x = 0, .ofs_y = 0},
    {.bitmap_index = 9394, .adv_w = 245, .box_w = 15, .box_h = 18, .ofs_x = 0, .ofs_y = 0},
    {.bitmap_index = 9529, .adv_w = 245, .box_w = 15, .box_h = 18, .ofs_x = 0, .ofs_y = 0},
    {.bitmap_index = 9664, .adv_w = 245, .box_w = 15, .box_h = 17, .ofs_x = 0, .ofs_y = 0},
    {.bitmap_index = 9792, .adv_w = 184, .box_w = 9, .box_h = 9, .ofs_x = 1, .ofs_y = 2},
    {.bitmap_index = 9833, .adv_w = 245, .box_w = 15, .box_h = 15, .ofs_x = 0, .ofs_y = -1},
    {.bitmap_index = 9946, .adv_w = 230, .box_w = 12, .box_h = 18, .ofs_x = 1, .ofs_y = 0},
    {.bitmap_index = 10054, .adv_w = 230, .box_w = 12, .box_h = 18, .ofs_x = 1, .ofs_y = 0},
    {.bitmap_index = 10162, .adv_w = 230, .box_w = 12, .box_h = 18, .ofs_x = 1, .ofs_y = 0},
    {.bitmap_index = 10270, .adv_w = 230, .box_w = 12, .box_h = 17, .ofs_x = 1, .ofs_y = 0},
    {.bitmap_index = 10372, .adv_w = 201, .box_w = 13, .box_h = 18, .ofs_x = 0, .ofs_y = 0},
    {.bitmap_index = 10489, .adv_w = 206, .box_w = 12, .box_h = 13, .ofs_x = 1, .ofs_y = 0},
    {.bitmap_index = 10567, .adv_w = 193, .box_w = 11, .box_h = 14, .ofs_x = 1, .ofs_y = 0},
    {.bitmap_index = 10644, .adv_w = 181, .box_w = 11, .box_h = 14, .ofs_x = 0, .ofs_y = 0},
    {.bitmap_index = 10721, .adv_w = 181, .box_w = 11, .box_h = 14, .ofs_x = 0, .ofs_y = 0},
    {.bitmap_index = 10798, .adv_w = 181, .box_w = 11, .box_h = 14, .ofs_x = 0, .ofs_y = 0},
    {.bitmap_index = 10875, .adv_w = 181, .box_w = 11, .box_h = 14, .ofs_x = 0, .ofs_y = 0},
    {.bitmap_index = 10952, .adv_w = 181, .box_w = 11, .box_h = 13, .ofs_x = 0, .ofs_y = 0},
    {.bitmap_index = 11024, .adv_w = 181, .box_w = 11, .box_h = 15, .ofs_x = 0, .ofs_y = 0},
    {.bitmap_index = 11107, .adv_w = 290, .box_w = 18, .box_h = 10, .ofs_x = 0, .ofs_y = 0},
    {.bitmap_index = 11197, .adv_w = 173, .box_w = 11, .box_h = 14, .ofs_x = 0, .ofs_y = -4},
    {.bitmap_index = 11274, .adv_w = 181, .box_w = 11, .box_h = 14, .ofs_x = 0, .ofs_y = 0},
    {.bitmap_index = 11351, .adv_w = 181, .box_w = 11, .box_h = 14, .ofs_x = 0, .ofs_y = 0},
    {.bitmap_index = 11428, .adv_w = 181, .box_w = 11, .box_h = 14, .ofs_x = 0, .ofs_y = 0},
    {.bitmap_index = 11505, .adv_w = 181, .box_w = 11, .box_h = 13, .ofs_x = 0, .ofs_y = 0},
    {.bitmap_index = 11577, .adv_w = 76, .box_w = 5, .box_h = 14, .ofs_x = -1, .ofs_y = 0},
    {.bitmap_index = 11612, .adv_w = 76, .box_w = 5, .box_h = 14, .ofs_x = 1, .ofs_y = 0},
    {.bitmap_index = 11647, .adv_w = 76, .box_w = 7, .box_h = 14, .ofs_x = -1, .ofs_y = 0},
    {.bitmap_index = 11696, .adv_w = 76, .box_w = 5, .box_h = 13, .ofs_x = 0, .ofs_y = 0},
    {.bitmap_index = 11729, .adv_w = 191, .box_w = 12, .box_h = 15, .ofs_x = 0, .ofs_y = 0},
    {.bitmap_index = 11819, .adv_w = 200, .box_w = 12, .box_h = 14, .ofs_x = 0, .ofs_y = 0},
    {.bitmap_index = 11903, .adv_w = 189, .box_w = 12, .box_h = 14, .ofs_x = 0, .ofs_y = 0},
    {.bitmap_index = 11987, .adv_w = 189, .box_w = 12, .box_h = 14, .ofs_x = 0, .ofs_y = 0},
    {.bitmap_index = 12071, .adv_w = 189, .box_w = 12, .box_h = 14, .ofs_x = 0, .ofs_y = 0},
    {.bitmap_index = 12155, .adv_w = 189, .box_w = 12, .box_h = 14, .ofs_x = 0, .ofs_y = 0},
    {.bitmap_index = 12239, .adv_w = 189, .box_w = 12, .box_h = 13, .ofs_x = 0, .ofs_y = 0},
    {.bitmap_index = 12317, .adv_w = 184, .box_w = 10, .box_h = 9, .ofs_x = 1, .ofs_y = 2},
    {.bitmap_index = 12362, .adv_w = 189, .box_w = 12, .box_h = 12, .ofs_x = 0, .ofs_y = -1},
    {.bitmap_index = 12434, .adv_w = 200, .box_w = 11, .box_h = 14, .ofs_x = 1, .ofs_y = 0},
    {.bitmap_index = 12511, .adv_w = 200, .box_w = 11, .box_h = 14, .ofs_x = 1, .ofs_y = 0},
    {.bitmap_index = 12588, .adv_w = 200, .box_w = 11, .box_h = 14, .ofs_x = 1, .ofs_y = 0},
    {.bitmap_index = 12665, .adv_w = 200, .box_w = 11, .box_h = 13, .ofs_x = 1, .ofs_y = 0},
    {.bitmap_index = 12737, .adv_w = 172, .box_w = 11, .box_h = 18, .ofs_x = 0, .ofs_y = -4},
    {.bitmap_index = 12836, .adv_w = 193, .box_w = 11, .box_h = 18, .ofs_x = 1, .ofs_y = -4},
    {.bitmap_index = 12935, .adv_w = 172, .box_w = 11, .box_h = 17, .ofs_x = 0, .ofs_y = -4},
    {.bitmap_index = 13029, .adv_w = 222, .box_w = 14, .box_h = 17, .ofs_x = 0, .ofs_y = 0},
    {.bitmap_index = 13148, .adv_w = 181, .box_w = 11, .box_h = 13, .ofs_x = 0, .ofs_y = 0},
    {.bitmap_index = 13220, .adv_w = 222, .box_w = 14, .box_h = 17, .ofs_x = 0, .ofs_y = 0},
    {.bitmap_index = 13339, .adv_w = 181, .box_w = 11, .box_h = 14, .ofs_x = 0, .ofs_y = 0},
    {.bitmap_index = 13416, .adv_w = 222, .box_w = 15, .box_h = 17, .ofs_x = 0, .ofs_y = -4},
    {.bitmap_index = 13544, .adv_w = 181, .box_w = 11, .box_h = 14, .ofs_x = 0, .ofs_y = -4},
    {.bitmap_index = 13621, .adv_w = 222, .box_w = 14, .box_h = 18, .ofs_x = 0, .ofs_y = 0},
    {.bitmap_index = 13747, .adv_w = 173, .box_w = 11, .box_h = 14, .ofs_x = 0, .ofs_y = 0},
    {.bitmap_index = 13824, .adv_w = 222, .box_w = 14, .box_h = 17, .ofs_x = 0, .ofs_y = 0},
    {.bitmap_index = 13943, .adv_w = 173, .box_w = 11, .box_h = 13, .ofs_x = 0, .ofs_y = 0},
    {.bitmap_index = 14015, .adv_w = 222, .box_w = 14, .box_h = 18, .ofs_x = 0, .ofs_y = 0},
    {.bitmap_index = 14141, .adv_w = 173, .box_w = 11, .box_h = 14, .ofs_x = 0, .ofs_y = 0},
    {.bitmap_index = 14218, .adv_w = 233, .box_w = 13, .box_h = 18, .ofs_x = 1, .ofs_y = 0},
    {.bitmap_index = 14335, .adv_w = 223, .box_w = 15, .box_h = 14, .ofs_x = 0, .ofs_y = 0},
    {.bitmap_index = 14440, .adv_w = 234, .box_w = 15, .box_h = 13, .ofs_x = 0, .ofs_y = 0},
    {.bitmap_index = 14538, .adv_w = 193, .box_w = 12, .box_h = 14, .ofs_x = 0, .ofs_y = 0},
    {.bitmap_index = 14622, .adv_w = 190, .box_w = 11, .box_h = 17, .ofs_x = 1, .ofs_y = 0},
    {.bitmap_index = 14716, .adv_w = 181, .box_w = 11, .box_h = 13, .ofs_x = 0, .ofs_y = 0},
    {.bitmap_index = 14788, .adv_w = 190, .box_w = 11, .box_h = 17, .ofs_x = 1, .ofs_y = 0},
    {.bitmap_index = 14882, .adv_w = 181, .box_w = 11, .box_h = 13, .ofs_x = 0, .ofs_y = 0},
    {.bitmap_index = 14954, .adv_w = 190, .box_w = 11, .box_h = 17, .ofs_x = 1, .ofs_y = -4},
    {.bitmap_index = 15048, .adv_w = 181, .box_w = 11, .box_h = 14, .ofs_x = 0, .ofs_y = -4},
    {.bitmap_index = 15125, .adv_w = 190, .box_w = 11, .box_h = 18, .ofs_x = 1, .ofs_y = 0},
    {.bitmap_index = 15224, .adv_w = 181, .box_w = 11, .box_h = 14, .ofs_x = 0, .ofs_y = 0},
    {.bitmap_index = 15301, .adv_w = 234, .box_w = 14, .box_h = 17, .ofs_x = 0, .ofs_y = 0},
    {.bitmap_index = 15420, .adv_w = 200, .box_w = 12, .box_h = 18, .ofs_x = 0, .ofs_y = -4},
    {.bitmap_index = 15528, .adv_w = 234, .box_w = 14, .box_h = 17, .ofs_x = 0, .ofs_y = 0},
    {.bitmap_index = 15647, .adv_w = 200, .box_w = 12, .box_h = 17, .ofs_x = 0, .ofs_y = -4},
    {.bitmap_index = 15749, .adv_w = 234, .box_w = 14, .box_h = 19, .ofs_x = 0, .ofs_y = -6},
    {.bitmap_index = 15882, .adv_w = 200, .box_w = 12, .box_h = 19, .ofs_x = 0, .ofs_y = -4},
    {.bitmap_index = 15996, .adv_w = 255, .box_w = 16, .box_h = 13, .ofs_x = 0, .ofs_y = 0},
    {.bitmap_index = 16100, .adv_w = 193, .box_w = 11, .box_h = 14, .ofs_x = 0, .ofs_y = 0},
    {.bitmap_index = 16177, .adv_w = 85, .box_w = 7, .box_h = 17, .ofs_x = -1, .ofs_y = 0},
    {.bitmap_index = 16237, .adv_w = 76, .box_w = 5, .box_h = 13, .ofs_x = 0, .ofs_y = 0},
    {.bitmap_index = 16270, .adv_w = 85, .box_w = 5, .box_h = 17, .ofs_x = 0, .ofs_y = -4},
    {.bitmap_index = 16313, .adv_w = 76, .box_w = 4, .box_h = 17, .ofs_x = 0, .ofs_y = -4},
    {.bitmap_index = 16347, .adv_w = 85, .box_w = 3, .box_h = 17, .ofs_x = 1, .ofs_y = 0},
    {.bitmap_index = 16373, .adv_w = 76, .box_w = 3, .box_h = 10, .ofs_x = 1, .ofs_y = 0},
    {.bitmap_index = 16388, .adv_w = 203, .box_w = 10, .box_h = 13, .ofs_x = 1, .ofs_y = 0},
    {.bitmap_index = 16453, .adv_w = 150, .box_w = 8, .box_h = 17, .ofs_x = 1, .ofs_y = -4},
    {.bitmap_index = 16521, .adv_w = 211, .box_w = 12, .box_h = 19, .ofs_x = 1, .ofs_y = -6},
    {.bitmap_index = 16635, .adv_w = 177, .box_w = 10, .box_h = 20, .ofs_x = 1, .ofs_y = -6},
    {.bitmap_index = 16735, .adv_w = 180, .box_w = 10, .box_h = 18, .ofs_x = 1, .ofs_y = 0},
    {.bitmap_index = 16825, .adv_w = 76, .box_w = 5, .box_h = 18, .ofs_x = 1, .ofs_y = 0},
    {.bitmap_index = 16870, .adv_w = 180, .box_w = 10, .box_h = 19, .ofs_x = 1, .ofs_y = -6},
    {.bitmap_index = 16965, .adv_w = 76, .box_w = 4, .box_h = 20, .ofs_x = 0, .ofs_y = -6},
    {.bitmap_index = 17005, .adv_w = 180, .box_w = 10, .box_h = 13, .ofs_x = 1, .ofs_y = 0},
    {.bitmap_index = 17070, .adv_w = 107, .box_w = 7, .box_h = 14, .ofs_x = 1, .ofs_y = 0},
    {.bitmap_index = 17119, .adv_w = 187, .box_w = 12, .box_h = 13, .ofs_x = 0, .ofs_y = 0},
    {.bitmap_index = 17197, .adv_w = 92, .box_w = 6, .box_h = 14, .ofs_x = 0, .ofs_y = 0},
    {.bitmap_index = 17239, .adv_w = 249, .box_w = 13, .box_h = 18, .ofs_x = 1, .ofs_y = 0},
    {.bitmap_index = 17356, .adv_w = 200, .box_w = 12, .box_h = 14, .ofs_x = 0, .ofs_y = 0},
    {.bitmap_index = 17440, .adv_w = 249, .box_w = 13, .box_h = 19, .ofs_x = 1, .ofs_y = -6},
    {.bitmap_index = 17564, .adv_w = 200, .box_w = 12, .box_h = 16, .ofs_x = 0, .ofs_y = -6},
    {.bitmap_index = 17660, .adv_w = 249, .box_w = 13, .box_h = 18, .ofs_x = 1, .ofs_y = 0},
    {.bitmap_index = 17777, .adv_w = 200, .box_w = 12, .box_h = 14, .ofs_x = 0, .ofs_y = 0},
    {.bitmap_index = 17861, .adv_w = 249, .box_w = 13, .box_h = 16, .ofs_x = 1, .ofs_y = -3},
    {.bitmap_index = 17965, .adv_w = 194, .box_w = 12, .box_h = 14, .ofs_x = 0, .ofs_y = -4},
    {.bitmap_index = 18049, .adv_w = 245, .box_w = 15, .box_h = 17, .ofs_x = 0, .ofs_y = 0},
    {.bitmap_index = 18177, .adv_w = 189, .box_w = 12, .box_h = 13, .ofs_x = 0, .ofs_y = 0},
    {.bitmap_index = 18255, .adv_w = 245, .box_w = 15, .box_h = 18, .ofs_x = 0, .ofs_y = 0},
    {.bitmap_index = 18390, .adv_w = 189, .box_w = 12, .box_h = 14, .ofs_x = 0, .ofs_y = 0},
    {.bitmap_index = 18474, .adv_w = 351, .box_w = 22, .box_h = 13, .ofs_x = 0, .ofs_y = 0},
    {.bitmap_index = 18617, .adv_w = 313, .box_w = 19, .box_h = 10, .ofs_x = 0, .ofs_y = 0},
    {.bitmap_index = 18712, .adv_w = 223, .box_w = 12, .box_h = 18, .ofs_x = 1, .ofs_y = 0},
    {.bitmap_index = 18820, .adv_w = 132, .box_w = 7, .box_h = 14, .ofs_x = 1, .ofs_y = 0},
    {.bitmap_index = 18869, .adv_w = 223, .box_w = 12, .box_h = 13, .ofs_x = 1, .ofs_y = 0},
    {.bitmap_index = 18947, .adv_w = 132, .box_w = 7, .box_h = 16, .ofs_x = 1, .ofs_y = -6},
    {.bitmap_index = 19003, .adv_w = 223, .box_w = 12, .box_h = 18, .ofs_x = 1, .ofs_y = 0},
    {.bitmap_index = 19111, .adv_w = 132, .box_w = 8, .box_h = 14, .ofs_x = 1, .ofs_y = 0},
    {.bitmap_index = 19167, .adv_w = 204, .box_w = 12, .box_h = 18, .ofs_x = 0, .ofs_y = 0},
    {.bitmap_index = 19275, .adv_w = 159, .box_w = 10, .box_h = 14, .ofs_x = 0, .ofs_y = 0},
    {.bitmap_index = 19345, .adv_w = 204, .box_w = 12, .box_h = 17, .ofs_x = 0, .ofs_y = -4},
    {.bitmap_index = 19447, .adv_w = 159, .box_w = 10, .box_h = 14, .ofs_x = 0, .ofs_y = -4},
    {.bitmap_index = 19517, .adv_w = 204, .box_w = 12, .box_h = 18, .ofs_x = 0, .ofs_y = 0},
    {.bitmap_index = 19625, .adv_w = 159, .box_w = 10, .box_h = 14, .ofs_x = 0, .ofs_y = 0},
    {.bitmap_index = 19695, .adv_w = 197, .box_w = 12, .box_h = 18, .ofs_x = 0, .ofs_y = 0},
    {.bitmap_index = 19803, .adv_w = 117, .box_w = 8, .box_h = 16, .ofs_x = 0, .ofs_y = 0},
    {.bitmap_index = 19867, .adv_w = 230, .box_w = 12, .box_h = 17, .ofs_x = 1, .ofs_y = 0},
    {.bitmap_index = 19969, .adv_w = 200, .box_w = 11, .box_h = 13, .ofs_x = 1, .ofs_y = 0},
    {.bitmap_index = 20041, .adv_w = 230, .box_w = 12, .box_h = 17, .ofs_x = 1, .ofs_y = 0},
    {.bitmap_index = 20143, .adv_w = 200, .box_w = 11, .box_h = 14, .ofs_x = 1, .ofs_y = 0},
    {.bitmap_index = 20220, .adv_w = 230, .box_w = 12, .box_h = 19, .ofs_x = 1, .ofs_y = 0},
    {.bitmap_index = 20334, .adv_w = 200, .box_w = 11, .box_h = 15, .ofs_x = 1, .ofs_y = 0},
    {.bitmap_index = 20417, .adv_w = 230, .box_w = 12, .box_h = 18, .ofs_x = 1, .ofs_y = 0},
    {.bitmap_index = 20525, .adv_w = 200, .box_w = 11, .box_h = 14, .ofs_x = 1, .ofs_y = 0},
    {.bitmap_index = 20602, .adv_w = 230, .box_w = 12, .box_h = 17, .ofs_x = 1, .ofs_y = -4},
    {.bitmap_index = 20704, .adv_w = 200, .box_w = 12, .box_h = 14, .ofs_x = 1, .ofs_y = -4},
    {.bitmap_index = 20788, .adv_w = 316, .box_w = 20, .box_h = 18, .ofs_x = 0, .ofs_y = 0},
    {.bitmap_index = 20968, .adv_w = 267, .box_w = 17, .box_h = 14, .ofs_x = 0, .ofs_y = 0},
    {.bitmap_index = 21087, .adv_w = 201, .box_w = 13, .box_h = 18, .ofs_x = 0, .ofs_y = 0},
    {.bitmap_index = 21204, .adv_w = 172, .box_w = 11, .box_h = 18, .ofs_x = 0, .ofs_y = -4},
    {.bitmap_index = 21303, .adv_w = 201, .box_w = 13, .box_h = 17, .ofs_x = 0, .ofs_y = 0},
    {.bitmap_index = 21414, .adv_w = 191, .box_w = 12, .box_h = 18, .ofs_x = 0, .ofs_y = 0},
    {.bitmap_index = 21522, .adv_w = 155, .box_w = 10, .box_h = 14, .ofs_x = 0, .ofs_y = 0},
    {.bitmap_index = 21592, .adv_w = 191, .box_w = 12, .box_h = 17, .ofs_x = 0, .ofs_y = 0},
    {.bitmap_index = 21694, .adv_w = 155, .box_w = 10, .box_h = 13, .ofs_x = 0, .ofs_y = 0},
    {.bitmap_index = 21759, .adv_w = 191, .box_w = 12, .box_h = 18, .ofs_x = 0, .ofs_y = 0},
    {.bitmap_index = 21867, .adv_w = 155, .box_w = 10, .box_h = 14, .ofs_x = 0, .ofs_y = 0}
};

/*---------------------
 *  CHARACTER MAPPING
 *--------------------*/

static const uint8_t glyph_id_ofs_list_4[] = {
    0, 1, 2, 3, 4, 5, 6, 7,
    8, 9, 0, 0, 10, 11, 12, 13,
    14, 15, 0, 0, 16, 17, 18, 19,
    20, 21, 0, 0, 22, 23, 0, 0,
    24, 25, 0, 0, 26, 27, 28, 29,
    30, 31, 0, 0, 32, 33, 0, 34,
    35, 36, 37, 38, 39, 0, 0, 40,
    41, 42, 43, 44, 45, 46, 47, 0,
    48, 49, 50, 51, 0, 0, 52, 53,
    54, 55, 56, 57, 58, 59, 60, 61,
    62, 63, 0, 0, 64, 65, 66, 67,
    0, 0, 68, 69
};

/*Collect the unicode lists and glyph_id offsets*/
static const lv_font_fmt_txt_cmap_t cmaps[] =
{
    {
        .range_start = 32, .range_length = 95, .glyph_id_start = 1,
        .unicode_list = NULL, .glyph_id_ofs_list = NULL, .list_length = 0, .type = LV_FONT_FMT_TXT_CMAP_FORMAT0_TINY
    },
    {
        .range_start = 160, .range_length = 13, .glyph_id_start = 96,
        .unicode_list = NULL, .glyph_id_ofs_list = NULL, .list_length = 0, .type = LV_FONT_FMT_TXT_CMAP_FORMAT0_TINY
    },
    {
        .range_start = 174, .range_length = 7, .glyph_id_start = 109,
        .unicode_list = NULL, .glyph_id_ofs_list = NULL, .list_length = 0, .type = LV_FONT_FMT_TXT_CMAP_FORMAT0_TINY
    },
    {
        .range_start = 182, .range_length = 82, .glyph_id_start = 116,
        .unicode_list = NULL, .glyph_id_ofs_list = NULL, .list_length = 0, .type = LV_FONT_FMT_TXT_CMAP_FORMAT0_TINY
    },
    {
        .range_start = 266, .range_length = 92, .glyph_id_start = 198,
        .unicode_list = NULL, .glyph_id_ofs_list = glyph_id_ofs_list_4, .list_length = 92, .type = LV_FONT_FMT_TXT_CMAP_FORMAT0_FULL
    },
    {
        .range_start = 362, .range_length = 21, .glyph_id_start = 268,
        .unicode_list = NULL, .glyph_id_ofs_list = NULL, .list_length = 0, .type = LV_FONT_FMT_TXT_CMAP_FORMAT0_TINY
    }
};

/*-----------------
 *    KERNING
 *----------------*/


/*Map glyph_ids to kern left classes*/
static const uint8_t kern_left_class_mapping[] =
{
    0, 0, 1, 2, 0, 0, 0, 0,
    2, 3, 0, 0, 0, 4, 5, 4,
    0, 0, 0, 0, 0, 0, 0, 0,
    0, 0, 0, 0, 0, 0, 0, 0,
    0, 0, 6, 7, 8, 9, 10, 11,
    12, 13, 13, 13, 14, 15, 13, 13,
    9, 16, 9, 17, 18, 19, 20, 21,
    21, 14, 22, 23, 3, 0, 0, 0,
    0, 0, 24, 25, 26, 13, 27, 28,
    29, 30, 13, 13, 31, 13, 30, 30,
    25, 25, 29, 32, 33, 34, 35, 36,
    36, 31, 36, 37, 3, 0, 0, 0,
    0, 0, 0, 0, 0, 0, 0, 0,
    0, 0, 0, 38, 0, 0, 0, 0,
    0, 0, 0, 0, 0, 0, 0, 0,
    0, 39, 0, 0, 0, 0, 6, 6,
    6, 6, 6, 6, 6, 8, 10, 10,
    10, 10, 13, 13, 13, 13, 9, 13,
    9, 9, 9, 9, 9, 0, 9, 20,
    20, 20, 20, 22, 9, 25, 24, 24,
    24, 24, 24, 24, 27, 40, 27, 27,
    27, 27, 13, 13, 13, 13, 25, 30,
    25, 25, 25, 25, 41, 0, 25, 35,
    35, 35, 35, 36, 25, 36, 6, 24,
    6, 24, 6, 24, 8, 40, 8, 40,
    8, 40, 9, 42, 9, 13, 10, 27,
    10, 27, 10, 27, 10, 27, 12, 29,
    12, 29, 12, 29, 13, 30, 13, 13,
    13, 0, 13, 35, 13, 13, 14, 31,
    15, 13, 15, 13, 15, 42, 15, 13,
    13, 30, 13, 30, 13, 30, 13, 30,
    9, 25, 9, 25, 10, 27, 17, 32,
    17, 32, 17, 32, 18, 33, 18, 33,
    18, 33, 19, 43, 20, 35, 20, 35,
    20, 35, 20, 35, 20, 35, 21, 36,
    22, 36, 22, 23, 37, 23, 37, 23,
    37
};

/*Map glyph_ids to kern right classes*/
static const uint8_t kern_right_class_mapping[] =
{
    0, 0, 1, 2, 0, 0, 0, 0,
    2, 0, 3, 4, 0, 5, 6, 5,
    0, 0, 0, 0, 0, 0, 0, 0,
    0, 0, 0, 7, 7, 0, 0, 0,
    4, 0, 8, 9, 10, 9, 9, 9,
    10, 9, 9, 9, 9, 9, 9, 9,
    10, 9, 10, 9, 11, 12, 13, 14,
    14, 15, 16, 17, 0, 0, 3, 0,
    0, 0, 18, 19, 20, 20, 20, 21,
    22, 19, 19, 0, 19, 19, 23, 23,
    20, 23, 20, 23, 24, 25, 26, 27,
    27, 28, 27, 29, 0, 0, 3, 0,
    0, 0, 0, 0, 0, 0, 0, 0,
    0, 0, 0, 30, 0, 0, 0, 0,
    0, 0, 0, 0, 0, 31, 0, 0,
    0, 32, 0, 0, 0, 0, 8, 8,
    8, 8, 8, 8, 8, 10, 9, 9,
    9, 9, 9, 9, 9, 9, 9, 9,
    10, 10, 10, 10, 10, 0, 10, 13,
    13, 13, 13, 16, 9, 19, 18, 18,
    18, 18, 18, 18, 18, 20, 20, 20,
    20, 20, 19, 19, 19, 19, 20, 23,
    20, 20, 20, 20, 33, 0, 20, 26,
    26, 26, 26, 27, 19, 27, 8, 18,
    8, 18, 8, 18, 10, 20, 10, 20,
    10, 34, 9, 20, 9, 20, 9, 20,
    9, 20, 9, 20, 9, 20, 10, 22,
    10, 22, 10, 22, 9, 19, 9, 19,
    9, 0, 9, 23, 9, 19, 9, 19,
    9, 19, 9, 19, 9, 19, 9, 19,
    9, 23, 9, 23, 9, 23, 9, 23,
    10, 20, 10, 20, 10, 20, 9, 23,
    9, 23, 9, 23, 11, 24, 11, 24,
    11, 35, 12, 25, 13, 26, 13, 26,
    13, 26, 13, 26, 13, 26, 14, 27,
    16, 27, 16, 17, 29, 17, 29, 17,
    29
};

/*Kern values between classes*/
static const int8_t kern_class_values[] =
{
    16, 0, 0, 0, 8, 0, 0, 0,
    0, 0, 0, 0, 0, 0, 0, 0,
    0, 0, 0, 0, 0, 0, 0, 0,
    0, 0, 0, 0, 0, 0, 0, 0,
    0, 0, 0, 0, 0, 0, 0, 0,
    0, 0, -32, 0, -5, -5, 5, 0,
    0, -5, 0, 0, -8, 0, -13, 3,
    -13, 0, -13, 5, 0, 0, -5, 0,
    0, 0, 0, -13, -13, -13, 0, 0,
    0, 0, 0, 0, 0, 0, 13, 0,
    0, 0, 0, 0, 0, 0, 0, 0,
    0, 0, 0, 0, 0, 0, 0, 0,
    0, 0, 0, 0, 0, 0, 0, 0,
    0, 0, 0, 0, 0, 0, 0, 0,
    5, 2, -11, -5, -32, -8, -27, 0,
    -40, 5, 0, 0, -5, 0, -5, 0,
    0, -8, -5, -21, 0, 5, 0, 0,
    0, -5, -5, 0, 0, 0, 0, 0,
    0, 0, 0, -8, 0, 0, 0, -40,
    0, -24, -19, -32, 0, 0, 0, 0,
    -5, 0, 0, 0, 0, 0, -11, -19,
    -8, 0, 0, 0, 0, 0, 0, 0,
    -32, 0, 0, 5, -8, 0, 0, 0,
    -11, -3, -37, -5, -32, 0, -32, 0,
    0, 0, -3, 0, 0, 0, 0, 0,
    0, -13, 0, 0, 0, 0, 0, -3,
    -3, 0, 0, -8, 0, 0, 0, 0,
    0, -5, 0, -5, 0, -8, 0, -8,
    -11, -16, 0, 0, 0, 0, 0, 0,
    0, 0, 0, 0, 0, 0, 0, 0,
    0, 0, 0, 0, 0, 0, 8, 0,
    0, -5, 0, 0, -5, 0, 0, 0,
    -8, 0, -5, -11, -11, -5, 0, 0,
    0, 0, 0, 0, 0, 0, 0, 0,
    0, 0, 0, 0, 0, 0, 0, 0,
    0, -8, 0, 0, -11, 0, 0, -11,
    0, 0, 0, -16, 0, -13, -21, -13,
    -11, 0, 0, 0, 0, 0, 0, 0,
    0, 0, 0, -8, 0, 0, 0, 0,
    0, 0, 0, 0, 0, 0, 0, 0,
    -8, 0, 0, 0, -5, 0, 0, 0,
    0, 0, 0, 0, 0, 0, 0, 0,
    0, 0, 0, 0, 0, 0, 0, 0,
    0, 0, 0, 0, 0, 0, 0, 0,
    0, 0, -27, -5, 0, -24, 0, -3,
    0, 0, 0, 0, 0, 0, 0, 0,
    0, 0, 0, 0, 0, -5, 0, 0,
    0, -5, 0, 0, 0, 0, 0, 0,
    -5, 0, -5, 0, 0, 5, 3, 0,
    0, 0, 0, 0, -16, 0, -16, 0,
    -24, 0, 0, 0, 0, 0, 0, 0,
    0, 0, 0, 0, 0, 0, 0, 0,
    0, 0, 0, 0, 0, 0, 0, 0,
    0, 0, 0, 0, 0, 0, 0, 0,
    0, 0, 0, 0, 0, 0, 0, 0,
    0, 0, 0, 0, 0, 0, 0, -5,
    0, 0, 0, 0, 0, 0, 0, 0,
    -5, 0, 0, 0, -19, 0, 0, 0,
    -21, -16, -5, -8, -8, 0, 0, 0,
    -5, 0, -11, 0, -11, 0, -8, -8,
    -8, -16, 0, 0, 0, 0, 0, -11,
    -11, -8, 0, -32, 0, 0, 5, -8,
    0, 0, 0, -11, -8, -40, -5, -32,
    0, -40, 0, 0, 0, -5, -5, -5,
    0, 0, -11, -8, -16, 0, 0, 0,
    -36, 0, -5, -5, 0, 0, 0, 0,
    0, -29, -11, 0, -21, 0, 0, 0,
    0, 0, -5, -16, -11, 0, -5, 0,
    -8, 0, -8, 0, -8, 0, 0, 0,
    -5, 0, 0, 0, 0, -8, -8, -8,
    0, -8, 0, 0, 0, 0, 0, 0,
    0, 0, 0, -11, 0, -8, 0, -16,
    0, 0, 0, 0, 0, 0, 0, -3,
    0, 0, -3, -5, 0, 0, 0, 0,
    0, 0, -3, 0, -3, 0, 0, 0,
    0, 0, -5, 0, 0, 0, -8, 0,
    -8, -8, -13, 0, 0, 0, 0, 0,
    0, 0, 0, 0, 0, 0, -5, 0,
    0, 0, 0, 0, 0, 0, 0, 5,
    0, 0, -32, -40, 0, -37, 0, -16,
    -5, 0, 0, 0, 0, 0, 0, -27,
    0, -27, -5, -27, -24, -27, 0, -27,
    -27, -27, -27, 0, 0, 0, -27, -27,
    -27, 0, 0, 0, 0, -8, 0, 0,
    -5, 0, 0, 0, 0, 0, 0, -8,
    0, 0, 0, 0, 0, 0, 0, 0,
    0, 0, 0, 0, 0, 0, 0, 0,
    0, 0, 0, 0, 0, 0, 0, 0,
    -27, -24, 0, -32, 0, -13, -11, 0,
    0, 0, 0, 0, 0, -21, 0, -24,
    0, -24, -19, -24, 0, -24, -11, -24,
    -16, 0, 0, 0, -24, -24, -24, 0,
    0, 0, 0, -40, -32, 0, -32, 0,
    -13, -13, 0, 0, 0, 0, 0, 0,
    -27, 0, -27, -5, -27, -21, -29, 0,
    -19, -16, -27, -24, 0, 0, 0, -26,
    -27, -29, 0, 0, 0, 0, 5, -8,
    0, 0, 0, -11, 0, 0, 0, 0,
    0, 0, 0, 0, 0, -5, 0, -5,
    0, 0, -5, -5, -13, 0, 0, 0,
    0, 0, -5, -5, 0, 0, -19, 0,
    0, 0, 0, 0, 0, 0, 0, 0,
    -27, 0, -21, 0, -27, 0, 0, 1,
    0, 0, 0, -5, 0, 0, 0, -8,
    -8, 0, 0, 0, 0, 0, 0, 0,
    0, -13, 0, 0, -5, 0, 0, 0,
    0, 0, 0, -29, 0, -24, -11, -27,
    -5, 0, 0, 0, 0, 0, 0, 0,
    0, 0, -5, -8, 0, 0, 0, 0,
    0, 0, 0, 0, -8, 0, 0, 0,
    0, 0, 0, 0, 0, 0, -27, 0,
    -19, -8, -27, 0, 0, 0, 0, 0,
    0, 0, 0, 0, 0, -3, -8, -3,
    0, 0, 0, 0, 0, 0, 0, -13,
    0, 0, 0, 0, 0, 0, 0, 0,
    0, -27, 0, -27, -11, -27, -5, 0,
    0, 0, 0, 0, 0, 0, 0, 0,
    -5, -8, 0, 0, 0, 0, 0, 0,
    0, 8, 5, 5, 8, 0, 0, 0,
    0, 0, 0, 0, 0, 0, 0, 0,
    0, 0, 0, 0, 0, 0, 0, 0,
    0, 0, 0, 0, 0, 0, 0, 0,
    0, 0, 0, 0, 0, -5, 0, 0,
    0, 0, 0, 0, 0, 0, 0, -27,
    0, -24, 0, -27, 0, 0, 0, 0,
    0, 0, 1, 0, 0, 0, 0, -5,
    0, 0, 0, 0, 0, 0, 0, 0,
    -16, 0, 0, 0, 0, 0, 0, 0,
    0, 0, -27, 0, -24, 0, -27, 0,
    0, 0, 0, 0, 0, 0, 0, 0,
    0, -5, -5, 0, 0, 0, 0, 0,
    0, 0, 0, -5, 0, 0, 0, -19,
    0, 0, -5, -8, -5, -27, 0, -24,
    0, -27, 0, -5, -5, -8, -5, -13,
    -5, -11, 0, -8, -5, 0, 0, 0,
    0, 0, -8, -8, -11, 0, 0, 0,
    0, -21, 0, 0, 0, 0, 0, 0,
    0, 0, 0, 0, 0, 0, -5, 0,
    -8, 0, -8, 0, -5, 0, 0, 0,
    0, 0, 0, 0, 0, -8, -8, -5,
    0, -11, 0, 0, 0, 0, 0, 0,
    0, 0, 0, -27, 0, -24, -5, -24,
    0, 0, 0, 0, 0, 0, 0, 0,
    0, 0, -11, 0, 0, 0, 0, 0,
    0, 0, 0, 0, 0, 0, 0, 5,
    -11, 0, 0, 0, 0, 0, 0, 0,
    -5, 3, 0, 3, 0, 0, 0, 0,
    0, 0, 0, 0, 0, -5, 0, 13,
    0, 0, 0, 0, 0, 0, 0, 0,
    0, 0, 0, 0, 0, 0, 0, 0,
    0, -27, 0, -19, 0, -21, 0, 0,
    1, 0, 0, 0, -5, 0, 0, 0,
    0, -5, 0, 0, 0, 0, 0, 0,
    0, 0, 0, 0, 0, -21, -11, 0,
    -13, 0, 0, 0, -27, 0, -11, -16,
    -16, -13, -5, 0, -5, 0, -8, 0,
    -11, 0, 0, 0, -5, 0, 0, 0,
    0, -5, -5, -11, 0, 0, 0, 0,
    5, -11, 0, 0, 0, 0, 0, -27,
    0, -16, 0, -19, 0, 0, 0, -5,
    0, 0, 0, 0, 0, 0, 0, 0,
    0, 0, 0, 0, -5, -5, 0, 0,
    0, 0, 0, 0, 0, 0, 0, 0,
    0, 0, 0, 0, 0, 0, 0, 0,
    0, 0, 0, 0, 0, 0, 0, 0,
    0, 0, 0, 0, -24, 0, 0, 0,
    0, 0, 0, 0, 0, 0, 0, 0,
    0, 0, 0, 0, 0, 0, 0, 0,
    0, 0, 0, 0, 0, 0, 0, 0,
    0, 0, 0, 0, 0, 0, 0, 0,
    0, -24, 0, 0, 0, 0, -8, 0,
    0, 0, 0, 0, 0, 0, 0, 0,
    -27, 0, -19, -8, -27, 0, 0, 0,
    0, 0, 0, 0, 0, 0, 0, 0,
    0, 0, 0, 0, 0, 0, 0, 0,
    0, -13, 0, 0, -5, 0, 0, 0,
    0, 0, 0, -29, 0, -24, -11, -26,
    -5, 0, 0, 0, 0, 0, 0, 0,
    0, 0, -5, -8, 0, 0, 0, 0,
    0, 0, 0, 0, 0, 0, 0, -40,
    0, -16, 0, 0, 0, 0, 0, 0,
    0, 0, 0, 0, -22, 0, -21, 0,
    -32, -16, -20, 0, -16, 0, 0, 0,
    0, 0, 0, -21, -18, -10, 0, 5,
    13, 0, 0, -16, -8, 0, 0, 0,
    0, 0, 0, 0, 0, 0, 0, -8,
    0, -8, 0, 0, -8, -8, 0, -8,
    0, 0, 0, 0, 0, 0, -8, -8,
    -8
};


/*Collect the kern class' data in one place*/
static const lv_font_fmt_txt_kern_classes_t kern_classes =
{
    .class_pair_values   = kern_class_values,
    .left_class_mapping  = kern_left_class_mapping,
    .right_class_mapping = kern_right_class_mapping,
    .left_class_cnt      = 43,
    .right_class_cnt     = 35,
};

/*--------------------
 *  ALL CUSTOM DATA
 *--------------------*/

#if LVGL_VERSION_MAJOR == 8
/*Store all the custom data of the font*/
static  lv_font_fmt_txt_glyph_cache_t cache;
#endif

#if LVGL_VERSION_MAJOR >= 8
static const lv_font_fmt_txt_dsc_t font_dsc = {
#else
static lv_font_fmt_txt_dsc_t font_dsc = {
#endif
    .glyph_bitmap = glyph_bitmap,
    .glyph_dsc = glyph_dsc,
    .cmaps = cmaps,
    .kern_dsc = &kern_classes,
    .kern_scale = 16,
    .cmap_num = 6,
    .bpp = 4,
    .kern_classes = 1,
    .bitmap_format = 0,
#if LVGL_VERSION_MAJOR == 8
    .cache = &cache
#endif
};

extern const lv_font_t lv_font_montserrat_20;


/*-----------------
 *  PUBLIC FONT
 *----------------*/

/*Initialize a public general font descriptor*/
#if LVGL_VERSION_MAJOR >= 8
const lv_font_t scry_font_funnel_display_20 = {
#else
lv_font_t scry_font_funnel_display_20 = {
#endif
    .get_glyph_dsc = lv_font_get_glyph_dsc_fmt_txt,    /*Function pointer to get glyph's data*/
    .get_glyph_bitmap = lv_font_get_bitmap_fmt_txt,    /*Function pointer to get glyph's bitmap*/
    .line_height = 25,          /*The maximum line height required by the font*/
    .base_line = 6,             /*Baseline measured from the bottom of the line*/
#if !(LVGL_VERSION_MAJOR == 6 && LVGL_VERSION_MINOR == 0)
    .subpx = LV_FONT_SUBPX_NONE,
#endif
#if LV_VERSION_CHECK(7, 4, 0) || LVGL_VERSION_MAJOR >= 8
    .underline_position = -2,
    .underline_thickness = 1,
#endif
    .dsc = &font_dsc,          /*The custom font data. Will be accessed by `get_glyph_bitmap/dsc` */
#if LV_VERSION_CHECK(8, 2, 0) || LVGL_VERSION_MAJOR >= 9
    .fallback = &lv_font_montserrat_20,
#endif
    .user_data = NULL,
};



#endif /*#if SCRY_FONT_FUNNEL_DISPLAY_20*/

