/*******************************************************************************
 * Size: 23 px
 * Bpp: 4
 * Opts: --font assets/fonts/Montserrat-SemiBold.ttf --size 23 --bpp 4 --no-compress -r 0x20-0x024F,0x0370-0x03FF,0x0400-0x04FF,0x2000-0x206F,0x20A0-0x20CF,0x2190-0x21FF --format lvgl -o src/fonts/scry_font_montserrat_semibold_23.c --lv-include lvgl.h --lv-font-name scry_font_montserrat_semibold_23 --lv-fallback lv_font_montserrat_22
 ******************************************************************************/

#ifdef LV_LVGL_H_INCLUDE_SIMPLE
#include "lvgl.h"
#else
#include "lvgl.h"
#endif

#ifndef SCRY_FONT_MONTSERRAT_SEMIBOLD_23
#define SCRY_FONT_MONTSERRAT_SEMIBOLD_23 1
#endif

#if SCRY_FONT_MONTSERRAT_SEMIBOLD_23

/*-----------------
 *    BITMAPS
 *----------------*/

/*Store the image of the glyphs*/
static LV_ATTRIBUTE_LARGE_CONST const uint8_t glyph_bitmap[] = {
    /* U+0020 " " */

    /* U+0021 "!" */
    0x7f, 0xfe, 0x6, 0xff, 0xd0, 0x5f, 0xfc, 0x5,
    0xff, 0xb0, 0x4f, 0xfb, 0x3, 0xff, 0xa0, 0x2f,
    0xf9, 0x1, 0xff, 0x80, 0x1f, 0xf7, 0x0, 0xff,
    0x60, 0xf, 0xf6, 0x0, 0x44, 0x10, 0x0, 0x0,
    0x0, 0x8a, 0x30, 0x7f, 0xfe, 0x9, 0xff, 0xf0,
    0x1c, 0xf6, 0x0,

    /* U+0022 "\"" */
    0xbf, 0xb0, 0x4f, 0xf3, 0xaf, 0xb0, 0x3f, 0xf2,
    0xaf, 0xb0, 0x3f, 0xf2, 0x9f, 0xa0, 0x2f, 0xf1,
    0x9f, 0xa0, 0x2f, 0xf1, 0x9f, 0x90, 0x2f, 0xf0,
    0x5a, 0x60, 0x1a, 0xa0,

    /* U+0023 "#" */
    0x0, 0x0, 0xe, 0xf3, 0x0, 0xf, 0xf2, 0x0,
    0x0, 0x0, 0xf, 0xf1, 0x0, 0x1f, 0xf0, 0x0,
    0x0, 0x0, 0x2f, 0xf0, 0x0, 0x2f, 0xe0, 0x0,
    0x0, 0x0, 0x4f, 0xd0, 0x0, 0x4f, 0xc0, 0x0,
    0xb, 0xff, 0xff, 0xff, 0xff, 0xff, 0xff, 0xfc,
    0xb, 0xff, 0xff, 0xff, 0xff, 0xff, 0xff, 0xfd,
    0x2, 0x33, 0xcf, 0xa3, 0x33, 0xdf, 0xa3, 0x32,
    0x0, 0x0, 0xbf, 0x50, 0x0, 0xcf, 0x50, 0x0,
    0x0, 0x0, 0xdf, 0x30, 0x0, 0xef, 0x30, 0x0,
    0x0, 0x0, 0xff, 0x20, 0x0, 0xff, 0x10, 0x0,
    0x13, 0x34, 0xff, 0x33, 0x34, 0xff, 0x33, 0x30,
    0x7f, 0xff, 0xff, 0xff, 0xff, 0xff, 0xff, 0xf1,
    0x7f, 0xff, 0xff, 0xff, 0xff, 0xff, 0xff, 0xf1,
    0x0, 0x6, 0xfa, 0x0, 0x7, 0xfa, 0x0, 0x0,
    0x0, 0x8, 0xf8, 0x0, 0x9, 0xf8, 0x0, 0x0,
    0x0, 0xa, 0xf6, 0x0, 0xb, 0xf6, 0x0, 0x0,
    0x0, 0xc, 0xf4, 0x0, 0xd, 0xf4, 0x0, 0x0,

    /* U+0024 "$" */
    0x0, 0x0, 0x0, 0x9f, 0x40, 0x0, 0x0, 0x0,
    0x0, 0x0, 0x9f, 0x40, 0x0, 0x0, 0x0, 0x0,
    0x0, 0x9f, 0x40, 0x0, 0x0, 0x0, 0x1, 0x7c,
    0xff, 0xfd, 0x94, 0x0, 0x0, 0x4e, 0xff, 0xff,
    0xff, 0xff, 0xb0, 0x2, 0xff, 0xff, 0xff, 0xfd,
    0xff, 0x90, 0x9, 0xff, 0xb0, 0x9f, 0x40, 0x29,
    0x30, 0xc, 0xff, 0x20, 0x9f, 0x40, 0x0, 0x0,
    0xc, 0xff, 0x40, 0x9f, 0x40, 0x0, 0x0, 0x8,
    0xff, 0xe7, 0xaf, 0x40, 0x0, 0x0, 0x1, 0xef,
    0xff, 0xff, 0xd4, 0x0, 0x0, 0x0, 0x1a, 0xff,
    0xff, 0xff, 0xe7, 0x0, 0x0, 0x0, 0x16, 0xff,
    0xff, 0xff, 0xb0, 0x0, 0x0, 0x0, 0x9f, 0x8a,
    0xff, 0xf5, 0x0, 0x0, 0x0, 0x9f, 0x40, 0x8f,
    0xf9, 0x1, 0x10, 0x0, 0x9f, 0x40, 0x5f, 0xf9,
    0x8, 0xe6, 0x0, 0x9f, 0x41, 0xcf, 0xf6, 0xe,
    0xff, 0xfc, 0xff, 0xff, 0xff, 0xe0, 0x7, 0xff,
    0xff, 0xff, 0xff, 0xfd, 0x20, 0x0, 0x6, 0xad,
    0xff, 0xfb, 0x60, 0x0, 0x0, 0x0, 0x0, 0x9f,
    0x40, 0x0, 0x0, 0x0, 0x0, 0x0, 0x9f, 0x40,
    0x0, 0x0, 0x0, 0x0, 0x0, 0x48, 0x20, 0x0,
    0x0,

    /* U+0025 "%" */
    0x0, 0x5c, 0xfd, 0x70, 0x0, 0x0, 0x1, 0xff,
    0x30, 0x0, 0x5, 0xfe, 0x9c, 0xf8, 0x0, 0x0,
    0xb, 0xf8, 0x0, 0x0, 0xe, 0xf1, 0x0, 0xdf,
    0x10, 0x0, 0x5f, 0xd0, 0x0, 0x0, 0x2f, 0xb0,
    0x0, 0x8f, 0x50, 0x1, 0xef, 0x40, 0x0, 0x0,
    0x3f, 0xa0, 0x0, 0x7f, 0x70, 0xa, 0xf9, 0x0,
    0x0, 0x0, 0x2f, 0xc0, 0x0, 0x8f, 0x50, 0x4f,
    0xe0, 0x0, 0x0, 0x0, 0xe, 0xf3, 0x1, 0xef,
    0x10, 0xef, 0x40, 0x0, 0x0, 0x0, 0x5, 0xff,
    0xbe, 0xf8, 0x9, 0xfa, 0x0, 0x0, 0x0, 0x0,
    0x0, 0x5c, 0xfd, 0x70, 0x3f, 0xe1, 0x9, 0xef,
    0xb3, 0x0, 0x0, 0x0, 0x0, 0x0, 0xdf, 0x50,
    0xcf, 0xdc, 0xff, 0x20, 0x0, 0x0, 0x0, 0x8,
    0xfb, 0x5, 0xfb, 0x0, 0x7f, 0xa0, 0x0, 0x0,
    0x0, 0x3f, 0xf1, 0x9, 0xf4, 0x0, 0xf, 0xe0,
    0x0, 0x0, 0x0, 0xcf, 0x60, 0xa, 0xf3, 0x0,
    0xe, 0xf0, 0x0, 0x0, 0x7, 0xfc, 0x0, 0x9,
    0xf4, 0x0, 0xf, 0xe0, 0x0, 0x0, 0x2f, 0xf2,
    0x0, 0x5, 0xfa, 0x0, 0x5f, 0xa0, 0x0, 0x0,
    0xcf, 0x70, 0x0, 0x0, 0xcf, 0xb9, 0xff, 0x20,
    0x0, 0x6, 0xfd, 0x0, 0x0, 0x0, 0x9, 0xef,
    0xb3, 0x0,

    /* U+0026 "&" */
    0x0, 0x0, 0x2a, 0xef, 0xea, 0x20, 0x0, 0x0,
    0x0, 0x4, 0xff, 0xff, 0xff, 0xf2, 0x0, 0x0,
    0x0, 0xd, 0xff, 0x62, 0x5f, 0xfa, 0x0, 0x0,
    0x0, 0x1f, 0xf9, 0x0, 0xa, 0xfc, 0x0, 0x0,
    0x0, 0xf, 0xfa, 0x0, 0xc, 0xfb, 0x0, 0x0,
    0x0, 0xc, 0xff, 0x30, 0xaf, 0xf4, 0x0, 0x0,
    0x0, 0x3, 0xff, 0xff, 0xff, 0x70, 0x0, 0x0,
    0x0, 0x0, 0xaf, 0xff, 0xf4, 0x0, 0x0, 0x0,
    0x0, 0xa, 0xff, 0xff, 0xf3, 0x0, 0x4, 0x0,
    0x0, 0xcf, 0xf9, 0x7f, 0xfe, 0x30, 0x5f, 0xe1,
    0x8, 0xff, 0x70, 0x6, 0xff, 0xf3, 0xaf, 0xe0,
    0xe, 0xfe, 0x0, 0x0, 0x5f, 0xff, 0xff, 0x90,
    0xf, 0xfc, 0x0, 0x0, 0x5, 0xff, 0xff, 0x10,
    0xe, 0xff, 0x40, 0x0, 0x1, 0xff, 0xff, 0x40,
    0x7, 0xff, 0xfa, 0x78, 0xaf, 0xff, 0xff, 0xf4,
    0x0, 0x9f, 0xff, 0xff, 0xff, 0xf7, 0x5f, 0xf7,
    0x0, 0x4, 0xae, 0xfe, 0xc8, 0x20, 0x5, 0xa0,
    0x0, 0x0, 0x0, 0x0, 0x0, 0x0, 0x0, 0x0,

    /* U+0027 "'" */
    0xbf, 0xba, 0xfb, 0xaf, 0xb9, 0xfa, 0x9f, 0xa9,
    0xf9, 0x5a, 0x60,

    /* U+0028 "(" */
    0x0, 0x8, 0xff, 0x30, 0x1, 0xff, 0xc0, 0x0,
    0x7f, 0xf5, 0x0, 0xd, 0xff, 0x0, 0x2, 0xff,
    0xb0, 0x0, 0x6f, 0xf7, 0x0, 0x9, 0xff, 0x40,
    0x0, 0xcf, 0xf1, 0x0, 0xe, 0xfe, 0x0, 0x0,
    0xff, 0xd0, 0x0, 0xf, 0xfd, 0x0, 0x0, 0xff,
    0xc0, 0x0, 0xf, 0xfd, 0x0, 0x0, 0xff, 0xd0,
    0x0, 0xe, 0xfe, 0x0, 0x0, 0xcf, 0xf1, 0x0,
    0x9, 0xff, 0x40, 0x0, 0x6f, 0xf7, 0x0, 0x2,
    0xff, 0xb0, 0x0, 0xd, 0xff, 0x0, 0x0, 0x7f,
    0xf5, 0x0, 0x1, 0xff, 0xc0, 0x0, 0x8, 0xff,
    0x30,

    /* U+0029 ")" */
    0x4f, 0xf8, 0x0, 0x0, 0xdf, 0xf1, 0x0, 0x5,
    0xff, 0x70, 0x0, 0xf, 0xfc, 0x0, 0x0, 0xbf,
    0xf1, 0x0, 0x6, 0xff, 0x60, 0x0, 0x3f, 0xf9,
    0x0, 0x1, 0xff, 0xb0, 0x0, 0xe, 0xfe, 0x0,
    0x0, 0xdf, 0xe0, 0x0, 0xc, 0xff, 0x0, 0x0,
    0xcf, 0xf0, 0x0, 0xc, 0xff, 0x0, 0x0, 0xdf,
    0xe0, 0x0, 0xe, 0xfe, 0x0, 0x1, 0xff, 0xb0,
    0x0, 0x3f, 0xf8, 0x0, 0x6, 0xff, 0x60, 0x0,
    0xbf, 0xf1, 0x0, 0xf, 0xfc, 0x0, 0x5, 0xff,
    0x70, 0x0, 0xdf, 0xf1, 0x0, 0x4f, 0xf8, 0x0,
    0x0,

    /* U+002A "*" */
    0x0, 0x1, 0xfa, 0x0, 0x0, 0x5, 0x1, 0xfa,
    0x1, 0x30, 0x4f, 0xc4, 0xfa, 0x7f, 0xd0, 0x2c,
    0xff, 0xff, 0xff, 0x80, 0x0, 0x7f, 0xff, 0xf2,
    0x0, 0x8, 0xff, 0xff, 0xfd, 0x40, 0x6f, 0xe7,
    0xfc, 0xaf, 0xe0, 0x8, 0x11, 0xfa, 0x4, 0x50,
    0x0, 0x1, 0xfa, 0x0, 0x0, 0x0, 0x0, 0x32,
    0x0, 0x0,

    /* U+002B "+" */
    0x0, 0x0, 0x38, 0x80, 0x0, 0x0, 0x0, 0x0,
    0x7f, 0xf0, 0x0, 0x0, 0x0, 0x0, 0x7f, 0xf0,
    0x0, 0x0, 0x0, 0x0, 0x7f, 0xf0, 0x0, 0x0,
    0x36, 0x66, 0xdf, 0xf7, 0x66, 0x60, 0x8f, 0xff,
    0xff, 0xff, 0xff, 0xf1, 0x8f, 0xff, 0xff, 0xff,
    0xff, 0xf1, 0x0, 0x0, 0x7f, 0xf0, 0x0, 0x0,
    0x0, 0x0, 0x7f, 0xf0, 0x0, 0x0, 0x0, 0x0,
    0x7f, 0xf0, 0x0, 0x0, 0x0, 0x0, 0x7f, 0xf0,
    0x0, 0x0,

    /* U+002C "," */
    0x5, 0xdb, 0x10, 0xef, 0xf9, 0xf, 0xff, 0xa0,
    0x6f, 0xf6, 0x1, 0xff, 0x0, 0x5f, 0xa0, 0x9,
    0xf5, 0x0, 0x67, 0x0,

    /* U+002D "-" */
    0x58, 0x88, 0x88, 0x4b, 0xff, 0xff, 0xf9, 0xbf,
    0xff, 0xff, 0x90,

    /* U+002E "." */
    0x6, 0xed, 0x20, 0xff, 0xf9, 0xf, 0xff, 0x90,
    0x6e, 0xd2,

    /* U+002F "/" */
    0x0, 0x0, 0x0, 0x1, 0x88, 0x30, 0x0, 0x0,
    0x0, 0x6f, 0xf2, 0x0, 0x0, 0x0, 0xc, 0xfc,
    0x0, 0x0, 0x0, 0x1, 0xff, 0x70, 0x0, 0x0,
    0x0, 0x7f, 0xf1, 0x0, 0x0, 0x0, 0xc, 0xfc,
    0x0, 0x0, 0x0, 0x1, 0xff, 0x70, 0x0, 0x0,
    0x0, 0x7f, 0xf1, 0x0, 0x0, 0x0, 0xc, 0xfc,
    0x0, 0x0, 0x0, 0x2, 0xff, 0x60, 0x0, 0x0,
    0x0, 0x7f, 0xf1, 0x0, 0x0, 0x0, 0xc, 0xfc,
    0x0, 0x0, 0x0, 0x2, 0xff, 0x60, 0x0, 0x0,
    0x0, 0x7f, 0xf1, 0x0, 0x0, 0x0, 0xd, 0xfc,
    0x0, 0x0, 0x0, 0x2, 0xff, 0x60, 0x0, 0x0,
    0x0, 0x7f, 0xf1, 0x0, 0x0, 0x0, 0xd, 0xfb,
    0x0, 0x0, 0x0, 0x2, 0xff, 0x60, 0x0, 0x0,
    0x0, 0x8f, 0xf1, 0x0, 0x0, 0x0, 0xd, 0xfb,
    0x0, 0x0, 0x0, 0x2, 0xff, 0x60, 0x0, 0x0,
    0x0, 0x8f, 0xf1, 0x0, 0x0, 0x0, 0x0,

    /* U+0030 "0" */
    0x0, 0x1, 0x8d, 0xfe, 0xb4, 0x0, 0x0, 0x0,
    0x4f, 0xff, 0xff, 0xff, 0xb0, 0x0, 0x3, 0xff,
    0xff, 0xcd, 0xff, 0xfb, 0x0, 0xd, 0xff, 0xa0,
    0x0, 0x4f, 0xff, 0x50, 0x4f, 0xfd, 0x0, 0x0,
    0x6, 0xff, 0xc0, 0x9f, 0xf7, 0x0, 0x0, 0x0,
    0xff, 0xf1, 0xdf, 0xf3, 0x0, 0x0, 0x0, 0xbf,
    0xf4, 0xef, 0xf1, 0x0, 0x0, 0x0, 0x9f, 0xf6,
    0xff, 0xf0, 0x0, 0x0, 0x0, 0x9f, 0xf7, 0xef,
    0xf1, 0x0, 0x0, 0x0, 0x9f, 0xf6, 0xdf, 0xf3,
    0x0, 0x0, 0x0, 0xbf, 0xf4, 0x9f, 0xf7, 0x0,
    0x0, 0x0, 0xff, 0xf1, 0x4f, 0xfd, 0x0, 0x0,
    0x6, 0xff, 0xc0, 0xd, 0xff, 0xa0, 0x0, 0x4f,
    0xff, 0x50, 0x4, 0xff, 0xff, 0xcd, 0xff, 0xfb,
    0x0, 0x0, 0x5f, 0xff, 0xff, 0xff, 0xb0, 0x0,
    0x0, 0x2, 0x9d, 0xfe, 0xb5, 0x0, 0x0,

    /* U+0031 "1" */
    0xdf, 0xff, 0xff, 0x9d, 0xff, 0xff, 0xf9, 0x8a,
    0xaf, 0xff, 0x90, 0x0, 0x6f, 0xf9, 0x0, 0x6,
    0xff, 0x90, 0x0, 0x6f, 0xf9, 0x0, 0x6, 0xff,
    0x90, 0x0, 0x6f, 0xf9, 0x0, 0x6, 0xff, 0x90,
    0x0, 0x6f, 0xf9, 0x0, 0x6, 0xff, 0x90, 0x0,
    0x6f, 0xf9, 0x0, 0x6, 0xff, 0x90, 0x0, 0x6f,
    0xf9, 0x0, 0x6, 0xff, 0x90, 0x0, 0x6f, 0xf9,
    0x0, 0x6, 0xff, 0x90,

    /* U+0032 "2" */
    0x0, 0x28, 0xce, 0xfe, 0xa4, 0x0, 0x0, 0x7f,
    0xff, 0xff, 0xff, 0xfa, 0x0, 0x7f, 0xff, 0xfc,
    0xcf, 0xff, 0xf6, 0x2, 0xcf, 0x60, 0x0, 0xa,
    0xff, 0xd0, 0x0, 0x30, 0x0, 0x0, 0x1f, 0xff,
    0x0, 0x0, 0x0, 0x0, 0x0, 0xff, 0xf0, 0x0,
    0x0, 0x0, 0x0, 0x4f, 0xfc, 0x0, 0x0, 0x0,
    0x0, 0xc, 0xff, 0x60, 0x0, 0x0, 0x0, 0xb,
    0xff, 0xc0, 0x0, 0x0, 0x0, 0xb, 0xff, 0xd1,
    0x0, 0x0, 0x0, 0xb, 0xff, 0xd1, 0x0, 0x0,
    0x0, 0xb, 0xff, 0xd1, 0x0, 0x0, 0x0, 0xb,
    0xff, 0xd1, 0x0, 0x0, 0x0, 0xb, 0xff, 0xd1,
    0x0, 0x0, 0x0, 0xb, 0xff, 0xfb, 0xaa, 0xaa,
    0xaa, 0x63, 0xff, 0xff, 0xff, 0xff, 0xff, 0xfa,
    0x3f, 0xff, 0xff, 0xff, 0xff, 0xff, 0xa0,

    /* U+0033 "3" */
    0x3f, 0xff, 0xff, 0xff, 0xff, 0xfc, 0x3, 0xff,
    0xff, 0xff, 0xff, 0xff, 0xc0, 0x1a, 0xaa, 0xaa,
    0xaa, 0xff, 0xf7, 0x0, 0x0, 0x0, 0x0, 0x8f,
    0xfa, 0x0, 0x0, 0x0, 0x0, 0x5f, 0xfd, 0x0,
    0x0, 0x0, 0x0, 0x2f, 0xff, 0x20, 0x0, 0x0,
    0x0, 0xd, 0xff, 0x50, 0x0, 0x0, 0x0, 0x7,
    0xff, 0xfc, 0x71, 0x0, 0x0, 0x0, 0x8f, 0xff,
    0xff, 0xe2, 0x0, 0x0, 0x3, 0x77, 0xaf, 0xff,
    0xd0, 0x0, 0x0, 0x0, 0x0, 0x2e, 0xff, 0x30,
    0x0, 0x0, 0x0, 0x0, 0xaf, 0xf6, 0x1, 0x0,
    0x0, 0x0, 0xb, 0xff, 0x52, 0xf9, 0x20, 0x0,
    0x6, 0xff, 0xf2, 0xaf, 0xff, 0xec, 0xce, 0xff,
    0xfa, 0x5, 0xef, 0xff, 0xff, 0xff, 0xfb, 0x0,
    0x0, 0x6a, 0xdf, 0xfd, 0xa4, 0x0, 0x0,

    /* U+0034 "4" */
    0x0, 0x0, 0x0, 0x0, 0xaf, 0xf8, 0x0, 0x0,
    0x0, 0x0, 0x0, 0x6, 0xff, 0xc0, 0x0, 0x0,
    0x0, 0x0, 0x0, 0x2f, 0xff, 0x20, 0x0, 0x0,
    0x0, 0x0, 0x0, 0xdf, 0xf6, 0x0, 0x0, 0x0,
    0x0, 0x0, 0x9, 0xff, 0xa0, 0x0, 0x0, 0x0,
    0x0, 0x0, 0x4f, 0xfe, 0x10, 0x0, 0x0, 0x0,
    0x0, 0x1, 0xef, 0xf3, 0x0, 0x0, 0x0, 0x0,
    0x0, 0xc, 0xff, 0x80, 0x4, 0xff, 0x80, 0x0,
    0x0, 0x8f, 0xfc, 0x0, 0x4, 0xff, 0x80, 0x0,
    0x3, 0xff, 0xf1, 0x0, 0x4, 0xff, 0x80, 0x0,
    0x1e, 0xff, 0xfa, 0xaa, 0xaf, 0xff, 0xfa, 0xa3,
    0x3f, 0xff, 0xff, 0xff, 0xff, 0xff, 0xff, 0xf5,
    0x3f, 0xff, 0xff, 0xff, 0xff, 0xff, 0xff, 0xf5,
    0x0, 0x0, 0x0, 0x0, 0x6, 0xff, 0x80, 0x0,
    0x0, 0x0, 0x0, 0x0, 0x6, 0xff, 0x80, 0x0,
    0x0, 0x0, 0x0, 0x0, 0x6, 0xff, 0x80, 0x0,
    0x0, 0x0, 0x0, 0x0, 0x6, 0xff, 0x80, 0x0,

    /* U+0035 "5" */
    0x0, 0xbf, 0xff, 0xff, 0xff, 0xfc, 0x0, 0xd,
    0xff, 0xff, 0xff, 0xff, 0xc0, 0x0, 0xef, 0xfa,
    0xaa, 0xaa, 0xa7, 0x0, 0xf, 0xfc, 0x0, 0x0,
    0x0, 0x0, 0x1, 0xff, 0xa0, 0x0, 0x0, 0x0,
    0x0, 0x2f, 0xf9, 0x0, 0x0, 0x0, 0x0, 0x4,
    0xff, 0xfa, 0x98, 0x61, 0x0, 0x0, 0x5f, 0xff,
    0xff, 0xff, 0xf9, 0x0, 0x7, 0xff, 0xff, 0xff,
    0xff, 0xfb, 0x0, 0x0, 0x0, 0x1, 0x39, 0xff,
    0xf4, 0x0, 0x0, 0x0, 0x0, 0x9, 0xff, 0x90,
    0x0, 0x0, 0x0, 0x0, 0x5f, 0xfa, 0x2, 0x0,
    0x0, 0x0, 0x7, 0xff, 0x90, 0xec, 0x40, 0x0,
    0x4, 0xff, 0xf5, 0x6f, 0xff, 0xfc, 0xce, 0xff,
    0xfc, 0x3, 0xcf, 0xff, 0xff, 0xff, 0xfd, 0x20,
    0x0, 0x49, 0xdf, 0xfe, 0xb6, 0x0, 0x0,

    /* U+0036 "6" */
    0x0, 0x0, 0x5a, 0xef, 0xfd, 0xa4, 0x0, 0x1,
    0xbf, 0xff, 0xff, 0xff, 0xe0, 0x1, 0xdf, 0xff,
    0xda, 0xac, 0xf7, 0x0, 0xaf, 0xfd, 0x30, 0x0,
    0x2, 0x0, 0x2f, 0xfe, 0x10, 0x0, 0x0, 0x0,
    0x8, 0xff, 0x80, 0x0, 0x0, 0x0, 0x0, 0xcf,
    0xf3, 0x3, 0x67, 0x51, 0x0, 0xd, 0xff, 0x4d,
    0xff, 0xff, 0xf9, 0x0, 0xff, 0xff, 0xff, 0xff,
    0xff, 0xfb, 0xe, 0xff, 0xfb, 0x30, 0x16, 0xff,
    0xf5, 0xdf, 0xfe, 0x0, 0x0, 0x6, 0xff, 0xbb,
    0xff, 0x80, 0x0, 0x0, 0x1f, 0xfd, 0x6f, 0xf9,
    0x0, 0x0, 0x2, 0xff, 0xc1, 0xef, 0xf3, 0x0,
    0x0, 0xaf, 0xf8, 0x6, 0xff, 0xfa, 0x78, 0xdf,
    0xfe, 0x10, 0x6, 0xff, 0xff, 0xff, 0xfe, 0x30,
    0x0, 0x2, 0x9d, 0xff, 0xd8, 0x10, 0x0,

    /* U+0037 "7" */
    0x5f, 0xff, 0xff, 0xff, 0xff, 0xff, 0xf2, 0x5f,
    0xff, 0xff, 0xff, 0xff, 0xff, 0xf2, 0x5f, 0xff,
    0xaa, 0xaa, 0xad, 0xff, 0xf0, 0x5f, 0xf6, 0x0,
    0x0, 0x9, 0xff, 0x90, 0x5f, 0xf6, 0x0, 0x0,
    0x1f, 0xff, 0x20, 0x38, 0x83, 0x0, 0x0, 0x7f,
    0xfb, 0x0, 0x0, 0x0, 0x0, 0x0, 0xdf, 0xf4,
    0x0, 0x0, 0x0, 0x0, 0x4, 0xff, 0xe0, 0x0,
    0x0, 0x0, 0x0, 0xb, 0xff, 0x70, 0x0, 0x0,
    0x0, 0x0, 0x2f, 0xff, 0x10, 0x0, 0x0, 0x0,
    0x0, 0x8f, 0xfa, 0x0, 0x0, 0x0, 0x0, 0x0,
    0xef, 0xf3, 0x0, 0x0, 0x0, 0x0, 0x6, 0xff,
    0xc0, 0x0, 0x0, 0x0, 0x0, 0xd, 0xff, 0x50,
    0x0, 0x0, 0x0, 0x0, 0x3f, 0xfe, 0x0, 0x0,
    0x0, 0x0, 0x0, 0xaf, 0xf8, 0x0, 0x0, 0x0,
    0x0, 0x1, 0xff, 0xf2, 0x0, 0x0, 0x0,

    /* U+0038 "8" */
    0x0, 0x1, 0x7c, 0xef, 0xec, 0x70, 0x0, 0x0,
    0x3, 0xef, 0xff, 0xff, 0xff, 0xe3, 0x0, 0x0,
    0xef, 0xfe, 0x97, 0x9e, 0xff, 0xe0, 0x0, 0x5f,
    0xfc, 0x0, 0x0, 0xd, 0xff, 0x50, 0x7, 0xff,
    0x70, 0x0, 0x0, 0x7f, 0xf7, 0x0, 0x5f, 0xfb,
    0x0, 0x0, 0xb, 0xff, 0x50, 0x0, 0xdf, 0xfb,
    0x54, 0x6b, 0xff, 0xd0, 0x0, 0x1, 0xff, 0xff,
    0xff, 0xff, 0xe1, 0x0, 0x0, 0x8f, 0xff, 0xff,
    0xff, 0xff, 0x80, 0x0, 0x6f, 0xfe, 0x61, 0x1,
    0x7f, 0xff, 0x60, 0xd, 0xff, 0x40, 0x0, 0x0,
    0x5f, 0xfd, 0x0, 0xff, 0xf0, 0x0, 0x0, 0x0,
    0xff, 0xf0, 0xf, 0xff, 0x10, 0x0, 0x0, 0x1f,
    0xff, 0x0, 0xcf, 0xfa, 0x0, 0x0, 0xa, 0xff,
    0xc0, 0x4, 0xff, 0xfd, 0x97, 0x9e, 0xff, 0xf4,
    0x0, 0x6, 0xff, 0xff, 0xff, 0xff, 0xf5, 0x0,
    0x0, 0x1, 0x8c, 0xef, 0xec, 0x81, 0x0, 0x0,

    /* U+0039 "9" */
    0x0, 0x4, 0xbe, 0xfd, 0xb5, 0x0, 0x0, 0x0,
    0xaf, 0xff, 0xff, 0xff, 0xb1, 0x0, 0x9, 0xff,
    0xfa, 0x78, 0xef, 0xfc, 0x0, 0x1f, 0xfe, 0x20,
    0x0, 0xb, 0xff, 0x60, 0x5f, 0xf9, 0x0, 0x0,
    0x3, 0xff, 0xc0, 0x6f, 0xf8, 0x0, 0x0, 0x1,
    0xff, 0xf1, 0x4f, 0xfc, 0x0, 0x0, 0x7, 0xff,
    0xf4, 0xe, 0xff, 0xa3, 0x1, 0x7f, 0xff, 0xf5,
    0x5, 0xff, 0xff, 0xff, 0xff, 0xff, 0xf5, 0x0,
    0x4e, 0xff, 0xff, 0xf7, 0xaf, 0xf4, 0x0, 0x0,
    0x36, 0x64, 0x0, 0xcf, 0xf2, 0x0, 0x0, 0x0,
    0x0, 0x1, 0xff, 0xe0, 0x0, 0x0, 0x0, 0x0,
    0x9, 0xff, 0x90, 0x0, 0x30, 0x0, 0x0, 0x9f,
    0xff, 0x20, 0x1, 0xfe, 0xba, 0xbf, 0xff, 0xf5,
    0x0, 0x8, 0xff, 0xff, 0xff, 0xff, 0x40, 0x0,
    0x1, 0x8c, 0xef, 0xfc, 0x71, 0x0, 0x0,

    /* U+003A ":" */
    0x6, 0xed, 0x20, 0xff, 0xf9, 0xf, 0xff, 0x90,
    0x6e, 0xd2, 0x0, 0x0, 0x0, 0x0, 0x0, 0x0,
    0x0, 0x0, 0x0, 0x0, 0x0, 0x0, 0x0, 0x6e,
    0xd2, 0xf, 0xff, 0x90, 0xff, 0xf9, 0x6, 0xed,
    0x20,

    /* U+003B ";" */
    0x6, 0xed, 0x20, 0xff, 0xf9, 0xf, 0xff, 0x90,
    0x6e, 0xd2, 0x0, 0x0, 0x0, 0x0, 0x0, 0x0,
    0x0, 0x0, 0x0, 0x0, 0x0, 0x0, 0x0, 0x5d,
    0xb1, 0xe, 0xff, 0x90, 0xff, 0xfa, 0x6, 0xff,
    0x60, 0x1f, 0xf0, 0x5, 0xfa, 0x0, 0x9f, 0x50,
    0x6, 0x70, 0x0,

    /* U+003C "<" */
    0x0, 0x0, 0x0, 0x0, 0x0, 0x0, 0x0, 0x0,
    0x0, 0x0, 0x6, 0xc1, 0x0, 0x0, 0x0, 0x29,
    0xef, 0xf1, 0x0, 0x0, 0x5c, 0xff, 0xff, 0xb0,
    0x2, 0x8e, 0xff, 0xfd, 0x71, 0x0, 0x6f, 0xff,
    0xfa, 0x40, 0x0, 0x0, 0x8f, 0xfb, 0x10, 0x0,
    0x0, 0x0, 0x7f, 0xff, 0xe8, 0x10, 0x0, 0x0,
    0x4, 0xbf, 0xff, 0xfb, 0x50, 0x0, 0x0, 0x1,
    0x8e, 0xff, 0xfe, 0x80, 0x0, 0x0, 0x0, 0x5b,
    0xff, 0xf1, 0x0, 0x0, 0x0, 0x0, 0x28, 0xe1,
    0x0, 0x0, 0x0, 0x0, 0x0, 0x0,

    /* U+003D "=" */
    0x8f, 0xff, 0xff, 0xff, 0xff, 0xf1, 0x8f, 0xff,
    0xff, 0xff, 0xff, 0xf1, 0x36, 0x66, 0x66, 0x66,
    0x66, 0x60, 0x0, 0x0, 0x0, 0x0, 0x0, 0x0,
    0x0, 0x0, 0x0, 0x0, 0x0, 0x0, 0x0, 0x0,
    0x0, 0x0, 0x0, 0x0, 0x8f, 0xff, 0xff, 0xff,
    0xff, 0xf1, 0x8f, 0xff, 0xff, 0xff, 0xff, 0xf1,
    0x36, 0x66, 0x66, 0x66, 0x66, 0x60,

    /* U+003E ">" */
    0x0, 0x0, 0x0, 0x0, 0x0, 0x0, 0x79, 0x30,
    0x0, 0x0, 0x0, 0x0, 0x8f, 0xfc, 0x60, 0x0,
    0x0, 0x0, 0x4d, 0xff, 0xff, 0x92, 0x0, 0x0,
    0x0, 0x4a, 0xff, 0xff, 0xc5, 0x0, 0x0, 0x0,
    0x16, 0xdf, 0xff, 0xf1, 0x0, 0x0, 0x0, 0x4,
    0xff, 0xf1, 0x0, 0x0, 0x4, 0xaf, 0xff, 0xf1,
    0x0, 0x17, 0xef, 0xff, 0xe8, 0x20, 0x3b, 0xff,
    0xff, 0xb5, 0x0, 0x0, 0x8f, 0xfe, 0x92, 0x0,
    0x0, 0x0, 0x7c, 0x60, 0x0, 0x0, 0x0, 0x0,
    0x0, 0x0, 0x0, 0x0, 0x0, 0x0,

    /* U+003F "?" */
    0x0, 0x28, 0xce, 0xfe, 0xb5, 0x0, 0x7, 0xff,
    0xff, 0xff, 0xff, 0xb0, 0x8f, 0xff, 0xda, 0xae,
    0xff, 0xf8, 0x3d, 0xf5, 0x0, 0x0, 0x9f, 0xfd,
    0x0, 0x20, 0x0, 0x0, 0x1f, 0xfe, 0x0, 0x0,
    0x0, 0x0, 0x3f, 0xfc, 0x0, 0x0, 0x0, 0x0,
    0xcf, 0xf5, 0x0, 0x0, 0x0, 0xc, 0xff, 0xa0,
    0x0, 0x0, 0x0, 0xcf, 0xfa, 0x0, 0x0, 0x0,
    0x7, 0xff, 0xb0, 0x0, 0x0, 0x0, 0xc, 0xff,
    0x20, 0x0, 0x0, 0x0, 0x4, 0x44, 0x0, 0x0,
    0x0, 0x0, 0x0, 0x0, 0x0, 0x0, 0x0, 0x0,
    0x5, 0xa6, 0x0, 0x0, 0x0, 0x0, 0x2f, 0xff,
    0x30, 0x0, 0x0, 0x0, 0x3f, 0xff, 0x50, 0x0,
    0x0, 0x0, 0x9, 0xfb, 0x0, 0x0,

    /* U+0040 "@" */
    0x0, 0x0, 0x0, 0x27, 0xbd, 0xff, 0xdb, 0x72,
    0x0, 0x0, 0x0, 0x0, 0x0, 0x2a, 0xff, 0xff,
    0xff, 0xff, 0xff, 0xa1, 0x0, 0x0, 0x0, 0x4,
    0xef, 0xf9, 0x41, 0x0, 0x14, 0x9f, 0xfe, 0x40,
    0x0, 0x0, 0x4f, 0xfb, 0x10, 0x0, 0x0, 0x0,
    0x1, 0xaf, 0xf4, 0x0, 0x2, 0xff, 0x90, 0x0,
    0x0, 0x0, 0x0, 0x0, 0x7, 0xfe, 0x10, 0xa,
    0xfc, 0x0, 0x3, 0xae, 0xfd, 0x80, 0xdf, 0xb0,
    0xaf, 0x90, 0x2f, 0xf2, 0x0, 0x7f, 0xff, 0xff,
    0xfd, 0xef, 0xb0, 0x1f, 0xf1, 0x7f, 0xb0, 0x4,
    0xff, 0xe7, 0x34, 0xaf, 0xff, 0xb0, 0xa, 0xf6,
    0xbf, 0x70, 0xb, 0xff, 0x20, 0x0, 0x8, 0xff,
    0xb0, 0x5, 0xf9, 0xdf, 0x30, 0xf, 0xf9, 0x0,
    0x0, 0x1, 0xff, 0xb0, 0x3, 0xfb, 0xff, 0x20,
    0x2f, 0xf6, 0x0, 0x0, 0x0, 0xff, 0xb0, 0x2,
    0xfc, 0xff, 0x20, 0x2f, 0xf7, 0x0, 0x0, 0x0,
    0xff, 0xb0, 0x3, 0xfb, 0xdf, 0x30, 0xf, 0xfa,
    0x0, 0x0, 0x1, 0xff, 0xb0, 0x5, 0xf9, 0xbf,
    0x70, 0xb, 0xff, 0x30, 0x0, 0x9, 0xff, 0xc0,
    0x9, 0xf5, 0x7f, 0xb0, 0x3, 0xff, 0xf8, 0x45,
    0xbf, 0xff, 0xf6, 0x6f, 0xe0, 0x2f, 0xf2, 0x0,
    0x6f, 0xff, 0xff, 0xfd, 0x5f, 0xff, 0xff, 0x60,
    0xa, 0xfb, 0x0, 0x3, 0xae, 0xfd, 0x81, 0x6,
    0xdf, 0xc5, 0x0, 0x1, 0xef, 0x90, 0x0, 0x0,
    0x0, 0x0, 0x0, 0x0, 0x0, 0x0, 0x0, 0x4f,
    0xfb, 0x10, 0x0, 0x0, 0x0, 0x0, 0x0, 0x0,
    0x0, 0x0, 0x4, 0xff, 0xf9, 0x41, 0x0, 0x26,
    0xb9, 0x0, 0x0, 0x0, 0x0, 0x0, 0x2a, 0xff,
    0xff, 0xff, 0xff, 0xfd, 0x0, 0x0, 0x0, 0x0,
    0x0, 0x0, 0x27, 0xce, 0xff, 0xeb, 0x71, 0x0,
    0x0, 0x0,

    /* U+0041 "A" */
    0x0, 0x0, 0x0, 0x1, 0xff, 0xf4, 0x0, 0x0,
    0x0, 0x0, 0x0, 0x0, 0x0, 0x8f, 0xff, 0xb0,
    0x0, 0x0, 0x0, 0x0, 0x0, 0x0, 0xe, 0xff,
    0xff, 0x20, 0x0, 0x0, 0x0, 0x0, 0x0, 0x5,
    0xff, 0xbf, 0xf9, 0x0, 0x0, 0x0, 0x0, 0x0,
    0x0, 0xcf, 0xf1, 0xdf, 0xf0, 0x0, 0x0, 0x0,
    0x0, 0x0, 0x3f, 0xf9, 0x7, 0xff, 0x60, 0x0,
    0x0, 0x0, 0x0, 0xa, 0xff, 0x30, 0x1f, 0xfd,
    0x0, 0x0, 0x0, 0x0, 0x1, 0xff, 0xc0, 0x0,
    0xaf, 0xf4, 0x0, 0x0, 0x0, 0x0, 0x7f, 0xf6,
    0x0, 0x3, 0xff, 0xb0, 0x0, 0x0, 0x0, 0xe,
    0xff, 0x0, 0x0, 0xd, 0xff, 0x20, 0x0, 0x0,
    0x5, 0xff, 0xf7, 0x77, 0x77, 0xef, 0xf9, 0x0,
    0x0, 0x0, 0xcf, 0xff, 0xff, 0xff, 0xff, 0xff,
    0xf0, 0x0, 0x0, 0x3f, 0xff, 0xff, 0xff, 0xff,
    0xff, 0xff, 0x60, 0x0, 0x9, 0xff, 0x60, 0x0,
    0x0, 0x0, 0x3f, 0xfd, 0x0, 0x1, 0xff, 0xf0,
    0x0, 0x0, 0x0, 0x0, 0xcf, 0xf4, 0x0, 0x7f,
    0xf9, 0x0, 0x0, 0x0, 0x0, 0x6, 0xff, 0xb0,
    0xe, 0xff, 0x20, 0x0, 0x0, 0x0, 0x0, 0xf,
    0xff, 0x20,

    /* U+0042 "B" */
    0xdf, 0xff, 0xff, 0xff, 0xfd, 0x92, 0x0, 0xd,
    0xff, 0xff, 0xff, 0xff, 0xff, 0xf6, 0x0, 0xdf,
    0xf8, 0x77, 0x77, 0x9e, 0xff, 0xf2, 0xd, 0xff,
    0x20, 0x0, 0x0, 0xc, 0xff, 0x80, 0xdf, 0xf2,
    0x0, 0x0, 0x0, 0x7f, 0xf9, 0xd, 0xff, 0x20,
    0x0, 0x0, 0x9, 0xff, 0x80, 0xdf, 0xf2, 0x0,
    0x0, 0x17, 0xff, 0xf3, 0xd, 0xff, 0xff, 0xff,
    0xff, 0xff, 0xf8, 0x0, 0xdf, 0xff, 0xff, 0xff,
    0xff, 0xfe, 0x20, 0xd, 0xff, 0x97, 0x77, 0x77,
    0xaf, 0xff, 0x50, 0xdf, 0xf2, 0x0, 0x0, 0x0,
    0x2e, 0xff, 0x1d, 0xff, 0x20, 0x0, 0x0, 0x0,
    0xaf, 0xf5, 0xdf, 0xf2, 0x0, 0x0, 0x0, 0xa,
    0xff, 0x7d, 0xff, 0x20, 0x0, 0x0, 0x2, 0xef,
    0xf5, 0xdf, 0xf8, 0x77, 0x77, 0x8a, 0xff, 0xfe,
    0xd, 0xff, 0xff, 0xff, 0xff, 0xff, 0xff, 0x40,
    0xdf, 0xff, 0xff, 0xff, 0xfe, 0xc8, 0x10, 0x0,

    /* U+0043 "C" */
    0x0, 0x0, 0x17, 0xbe, 0xfe, 0xc8, 0x20, 0x0,
    0x0, 0x6, 0xff, 0xff, 0xff, 0xff, 0xf8, 0x0,
    0x0, 0x9f, 0xff, 0xfe, 0xcd, 0xff, 0xff, 0xa0,
    0x6, 0xff, 0xfb, 0x30, 0x0, 0x7, 0xff, 0x50,
    0x1f, 0xff, 0x80, 0x0, 0x0, 0x0, 0x34, 0x0,
    0x7f, 0xfc, 0x0, 0x0, 0x0, 0x0, 0x0, 0x0,
    0xbf, 0xf5, 0x0, 0x0, 0x0, 0x0, 0x0, 0x0,
    0xef, 0xf2, 0x0, 0x0, 0x0, 0x0, 0x0, 0x0,
    0xff, 0xf0, 0x0, 0x0, 0x0, 0x0, 0x0, 0x0,
    0xef, 0xf1, 0x0, 0x0, 0x0, 0x0, 0x0, 0x0,
    0xcf, 0xf5, 0x0, 0x0, 0x0, 0x0, 0x0, 0x0,
    0x7f, 0xfc, 0x0, 0x0, 0x0, 0x0, 0x0, 0x0,
    0x1f, 0xff, 0x80, 0x0, 0x0, 0x0, 0x34, 0x0,
    0x7, 0xff, 0xfb, 0x20, 0x0, 0x6, 0xff, 0x50,
    0x0, 0x9f, 0xff, 0xfe, 0xcc, 0xff, 0xff, 0xa0,
    0x0, 0x7, 0xff, 0xff, 0xff, 0xff, 0xf8, 0x0,
    0x0, 0x0, 0x17, 0xce, 0xfe, 0xc8, 0x20, 0x0,

    /* U+0044 "D" */
    0xdf, 0xff, 0xff, 0xff, 0xec, 0x71, 0x0, 0x0,
    0xdf, 0xff, 0xff, 0xff, 0xff, 0xff, 0x60, 0x0,
    0xdf, 0xfb, 0xaa, 0xab, 0xcf, 0xff, 0xfa, 0x0,
    0xdf, 0xf2, 0x0, 0x0, 0x1, 0x9f, 0xff, 0x70,
    0xdf, 0xf2, 0x0, 0x0, 0x0, 0x7, 0xff, 0xf1,
    0xdf, 0xf2, 0x0, 0x0, 0x0, 0x0, 0xbf, 0xf8,
    0xdf, 0xf2, 0x0, 0x0, 0x0, 0x0, 0x5f, 0xfc,
    0xdf, 0xf2, 0x0, 0x0, 0x0, 0x0, 0x2f, 0xfe,
    0xdf, 0xf2, 0x0, 0x0, 0x0, 0x0, 0xf, 0xff,
    0xdf, 0xf2, 0x0, 0x0, 0x0, 0x0, 0x2f, 0xfe,
    0xdf, 0xf2, 0x0, 0x0, 0x0, 0x0, 0x5f, 0xfc,
    0xdf, 0xf2, 0x0, 0x0, 0x0, 0x0, 0xcf, 0xf8,
    0xdf, 0xf2, 0x0, 0x0, 0x0, 0x7, 0xff, 0xf1,
    0xdf, 0xf2, 0x0, 0x0, 0x1, 0x9f, 0xff, 0x70,
    0xdf, 0xfb, 0xaa, 0xab, 0xcf, 0xff, 0xfa, 0x0,
    0xdf, 0xff, 0xff, 0xff, 0xff, 0xff, 0x60, 0x0,
    0xdf, 0xff, 0xff, 0xff, 0xec, 0x71, 0x0, 0x0,

    /* U+0045 "E" */
    0xdf, 0xff, 0xff, 0xff, 0xff, 0xfe, 0xd, 0xff,
    0xff, 0xff, 0xff, 0xff, 0xe0, 0xdf, 0xfa, 0xaa,
    0xaa, 0xaa, 0xa9, 0xd, 0xff, 0x20, 0x0, 0x0,
    0x0, 0x0, 0xdf, 0xf2, 0x0, 0x0, 0x0, 0x0,
    0xd, 0xff, 0x20, 0x0, 0x0, 0x0, 0x0, 0xdf,
    0xf2, 0x0, 0x0, 0x0, 0x0, 0xd, 0xff, 0xff,
    0xff, 0xff, 0xfe, 0x0, 0xdf, 0xff, 0xff, 0xff,
    0xff, 0xe0, 0xd, 0xff, 0xb9, 0x99, 0x99, 0x98,
    0x0, 0xdf, 0xf2, 0x0, 0x0, 0x0, 0x0, 0xd,
    0xff, 0x20, 0x0, 0x0, 0x0, 0x0, 0xdf, 0xf2,
    0x0, 0x0, 0x0, 0x0, 0xd, 0xff, 0x20, 0x0,
    0x0, 0x0, 0x0, 0xdf, 0xfa, 0xaa, 0xaa, 0xaa,
    0xaa, 0x2d, 0xff, 0xff, 0xff, 0xff, 0xff, 0xf3,
    0xdf, 0xff, 0xff, 0xff, 0xff, 0xff, 0x30,

    /* U+0046 "F" */
    0xdf, 0xff, 0xff, 0xff, 0xff, 0xfe, 0xdf, 0xff,
    0xff, 0xff, 0xff, 0xfe, 0xdf, 0xfa, 0xaa, 0xaa,
    0xaa, 0xa9, 0xdf, 0xf2, 0x0, 0x0, 0x0, 0x0,
    0xdf, 0xf2, 0x0, 0x0, 0x0, 0x0, 0xdf, 0xf2,
    0x0, 0x0, 0x0, 0x0, 0xdf, 0xf2, 0x0, 0x0,
    0x0, 0x0, 0xdf, 0xf2, 0x0, 0x0, 0x0, 0x0,
    0xdf, 0xff, 0xff, 0xff, 0xff, 0xe0, 0xdf, 0xff,
    0xff, 0xff, 0xff, 0xe0, 0xdf, 0xfc, 0xaa, 0xaa,
    0xaa, 0x90, 0xdf, 0xf2, 0x0, 0x0, 0x0, 0x0,
    0xdf, 0xf2, 0x0, 0x0, 0x0, 0x0, 0xdf, 0xf2,
    0x0, 0x0, 0x0, 0x0, 0xdf, 0xf2, 0x0, 0x0,
    0x0, 0x0, 0xdf, 0xf2, 0x0, 0x0, 0x0, 0x0,
    0xdf, 0xf2, 0x0, 0x0, 0x0, 0x0,

    /* U+0047 "G" */
    0x0, 0x0, 0x6, 0xbe, 0xfe, 0xd9, 0x30, 0x0,
    0x0, 0x6, 0xef, 0xff, 0xff, 0xff, 0xfa, 0x10,
    0x0, 0x8f, 0xff, 0xfe, 0xcd, 0xff, 0xff, 0xd0,
    0x6, 0xff, 0xfb, 0x30, 0x0, 0x5, 0xef, 0x70,
    0x1f, 0xff, 0x90, 0x0, 0x0, 0x0, 0x15, 0x0,
    0x7f, 0xfc, 0x0, 0x0, 0x0, 0x0, 0x0, 0x0,
    0xbf, 0xf5, 0x0, 0x0, 0x0, 0x0, 0x0, 0x0,
    0xef, 0xf2, 0x0, 0x0, 0x0, 0x0, 0x0, 0x0,
    0xff, 0xf0, 0x0, 0x0, 0x0, 0x0, 0x9b, 0xa0,
    0xef, 0xf2, 0x0, 0x0, 0x0, 0x0, 0xdf, 0xf0,
    0xcf, 0xf5, 0x0, 0x0, 0x0, 0x0, 0xdf, 0xf0,
    0x7f, 0xfd, 0x0, 0x0, 0x0, 0x0, 0xdf, 0xf0,
    0x1f, 0xff, 0x90, 0x0, 0x0, 0x0, 0xdf, 0xf0,
    0x6, 0xff, 0xfb, 0x20, 0x0, 0x4, 0xff, 0xf0,
    0x0, 0x9f, 0xff, 0xfe, 0xcc, 0xff, 0xff, 0xf0,
    0x0, 0x6, 0xff, 0xff, 0xff, 0xff, 0xfd, 0x30,
    0x0, 0x0, 0x17, 0xbe, 0xff, 0xd9, 0x40, 0x0,

    /* U+0048 "H" */
    0xdf, 0xf2, 0x0, 0x0, 0x0, 0x8, 0xff, 0x7d,
    0xff, 0x20, 0x0, 0x0, 0x0, 0x8f, 0xf7, 0xdf,
    0xf2, 0x0, 0x0, 0x0, 0x8, 0xff, 0x7d, 0xff,
    0x20, 0x0, 0x0, 0x0, 0x8f, 0xf7, 0xdf, 0xf2,
    0x0, 0x0, 0x0, 0x8, 0xff, 0x7d, 0xff, 0x20,
    0x0, 0x0, 0x0, 0x8f, 0xf7, 0xdf, 0xf2, 0x0,
    0x0, 0x0, 0x8, 0xff, 0x7d, 0xff, 0xff, 0xff,
    0xff, 0xff, 0xff, 0xf7, 0xdf, 0xff, 0xff, 0xff,
    0xff, 0xff, 0xff, 0x7d, 0xff, 0xda, 0xaa, 0xaa,
    0xaa, 0xff, 0xf7, 0xdf, 0xf2, 0x0, 0x0, 0x0,
    0x8, 0xff, 0x7d, 0xff, 0x20, 0x0, 0x0, 0x0,
    0x8f, 0xf7, 0xdf, 0xf2, 0x0, 0x0, 0x0, 0x8,
    0xff, 0x7d, 0xff, 0x20, 0x0, 0x0, 0x0, 0x8f,
    0xf7, 0xdf, 0xf2, 0x0, 0x0, 0x0, 0x8, 0xff,
    0x7d, 0xff, 0x20, 0x0, 0x0, 0x0, 0x8f, 0xf7,
    0xdf, 0xf2, 0x0, 0x0, 0x0, 0x8, 0xff, 0x70,

    /* U+0049 "I" */
    0xdf, 0xf2, 0xdf, 0xf2, 0xdf, 0xf2, 0xdf, 0xf2,
    0xdf, 0xf2, 0xdf, 0xf2, 0xdf, 0xf2, 0xdf, 0xf2,
    0xdf, 0xf2, 0xdf, 0xf2, 0xdf, 0xf2, 0xdf, 0xf2,
    0xdf, 0xf2, 0xdf, 0xf2, 0xdf, 0xf2, 0xdf, 0xf2,
    0xdf, 0xf2,

    /* U+004A "J" */
    0x0, 0xaf, 0xff, 0xff, 0xff, 0xf1, 0x0, 0xaf,
    0xff, 0xff, 0xff, 0xf1, 0x0, 0x6a, 0xaa, 0xaa,
    0xff, 0xf1, 0x0, 0x0, 0x0, 0x0, 0xef, 0xf1,
    0x0, 0x0, 0x0, 0x0, 0xef, 0xf1, 0x0, 0x0,
    0x0, 0x0, 0xef, 0xf1, 0x0, 0x0, 0x0, 0x0,
    0xef, 0xf1, 0x0, 0x0, 0x0, 0x0, 0xef, 0xf1,
    0x0, 0x0, 0x0, 0x0, 0xef, 0xf1, 0x0, 0x0,
    0x0, 0x0, 0xef, 0xf1, 0x0, 0x0, 0x0, 0x0,
    0xef, 0xf1, 0x0, 0x0, 0x0, 0x0, 0xef, 0xf1,
    0x0, 0x30, 0x0, 0x1, 0xff, 0xf0, 0x6, 0xf6,
    0x0, 0x8, 0xff, 0xc0, 0x1f, 0xff, 0xda, 0xdf,
    0xff, 0x60, 0x6, 0xff, 0xff, 0xff, 0xfa, 0x0,
    0x0, 0x29, 0xdf, 0xfc, 0x60, 0x0,

    /* U+004B "K" */
    0xdf, 0xf2, 0x0, 0x0, 0x0, 0x5f, 0xfe, 0x1d,
    0xff, 0x20, 0x0, 0x0, 0x4f, 0xff, 0x20, 0xdf,
    0xf2, 0x0, 0x0, 0x3f, 0xff, 0x40, 0xd, 0xff,
    0x20, 0x0, 0x2e, 0xff, 0x50, 0x0, 0xdf, 0xf2,
    0x0, 0x1e, 0xff, 0x70, 0x0, 0xd, 0xff, 0x20,
    0x1d, 0xff, 0x90, 0x0, 0x0, 0xdf, 0xf2, 0xc,
    0xff, 0xa0, 0x0, 0x0, 0xd, 0xff, 0x2b, 0xff,
    0xf0, 0x0, 0x0, 0x0, 0xdf, 0xfc, 0xff, 0xff,
    0x60, 0x0, 0x0, 0xd, 0xff, 0xff, 0xff, 0xff,
    0x20, 0x0, 0x0, 0xdf, 0xff, 0xf3, 0xcf, 0xfd,
    0x0, 0x0, 0xd, 0xff, 0xf3, 0x1, 0xef, 0xfa,
    0x0, 0x0, 0xdf, 0xf7, 0x0, 0x3, 0xff, 0xf7,
    0x0, 0xd, 0xff, 0x20, 0x0, 0x6, 0xff, 0xf3,
    0x0, 0xdf, 0xf2, 0x0, 0x0, 0x9, 0xff, 0xe1,
    0xd, 0xff, 0x20, 0x0, 0x0, 0xc, 0xff, 0xb0,
    0xdf, 0xf2, 0x0, 0x0, 0x0, 0x1e, 0xff, 0x70,

    /* U+004C "L" */
    0xdf, 0xf2, 0x0, 0x0, 0x0, 0x0, 0xdf, 0xf2,
    0x0, 0x0, 0x0, 0x0, 0xdf, 0xf2, 0x0, 0x0,
    0x0, 0x0, 0xdf, 0xf2, 0x0, 0x0, 0x0, 0x0,
    0xdf, 0xf2, 0x0, 0x0, 0x0, 0x0, 0xdf, 0xf2,
    0x0, 0x0, 0x0, 0x0, 0xdf, 0xf2, 0x0, 0x0,
    0x0, 0x0, 0xdf, 0xf2, 0x0, 0x0, 0x0, 0x0,
    0xdf, 0xf2, 0x0, 0x0, 0x0, 0x0, 0xdf, 0xf2,
    0x0, 0x0, 0x0, 0x0, 0xdf, 0xf2, 0x0, 0x0,
    0x0, 0x0, 0xdf, 0xf2, 0x0, 0x0, 0x0, 0x0,
    0xdf, 0xf2, 0x0, 0x0, 0x0, 0x0, 0xdf, 0xf2,
    0x0, 0x0, 0x0, 0x0, 0xdf, 0xfb, 0xaa, 0xaa,
    0xaa, 0xa5, 0xdf, 0xff, 0xff, 0xff, 0xff, 0xf9,
    0xdf, 0xff, 0xff, 0xff, 0xff, 0xf9,

    /* U+004D "M" */
    0xdf, 0xd0, 0x0, 0x0, 0x0, 0x0, 0x0, 0xe,
    0xfb, 0xdf, 0xf7, 0x0, 0x0, 0x0, 0x0, 0x0,
    0x8f, 0xfc, 0xdf, 0xff, 0x10, 0x0, 0x0, 0x0,
    0x1, 0xff, 0xfc, 0xdf, 0xff, 0x90, 0x0, 0x0,
    0x0, 0xa, 0xff, 0xfc, 0xdf, 0xff, 0xf2, 0x0,
    0x0, 0x0, 0x3f, 0xff, 0xfc, 0xdf, 0xff, 0xfb,
    0x0, 0x0, 0x0, 0xcf, 0xff, 0xfc, 0xdf, 0xfb,
    0xff, 0x40, 0x0, 0x5, 0xff, 0xaf, 0xfc, 0xdf,
    0xf2, 0xff, 0xd0, 0x0, 0xd, 0xfe, 0x2f, 0xfc,
    0xdf, 0xf0, 0x8f, 0xf6, 0x0, 0x6f, 0xf6, 0x1f,
    0xfc, 0xdf, 0xf0, 0xe, 0xfe, 0x10, 0xef, 0xd0,
    0x1f, 0xfc, 0xdf, 0xf0, 0x5, 0xff, 0x88, 0xff,
    0x40, 0x1f, 0xfc, 0xdf, 0xf0, 0x0, 0xcf, 0xff,
    0xfb, 0x0, 0x1f, 0xfc, 0xdf, 0xf0, 0x0, 0x3f,
    0xff, 0xf2, 0x0, 0xf, 0xfc, 0xdf, 0xf0, 0x0,
    0x9, 0xff, 0x80, 0x0, 0xf, 0xfc, 0xdf, 0xf0,
    0x0, 0x1, 0xfe, 0x0, 0x0, 0xf, 0xfc, 0xdf,
    0xf0, 0x0, 0x0, 0x0, 0x0, 0x0, 0xf, 0xfc,
    0xdf, 0xf0, 0x0, 0x0, 0x0, 0x0, 0x0, 0xf,
    0xfc,

    /* U+004E "N" */
    0xdf, 0xe1, 0x0, 0x0, 0x0, 0x8, 0xff, 0x7d,
    0xff, 0xc0, 0x0, 0x0, 0x0, 0x8f, 0xf7, 0xdf,
    0xff, 0x90, 0x0, 0x0, 0x8, 0xff, 0x7d, 0xff,
    0xff, 0x50, 0x0, 0x0, 0x8f, 0xf7, 0xdf, 0xff,
    0xff, 0x20, 0x0, 0x8, 0xff, 0x7d, 0xff, 0xff,
    0xfd, 0x0, 0x0, 0x8f, 0xf7, 0xdf, 0xf5, 0xff,
    0xfa, 0x0, 0x8, 0xff, 0x7d, 0xff, 0x26, 0xff,
    0xf7, 0x0, 0x8f, 0xf7, 0xdf, 0xf2, 0x9, 0xff,
    0xf4, 0x8, 0xff, 0x7d, 0xff, 0x20, 0xc, 0xff,
    0xe1, 0x8f, 0xf7, 0xdf, 0xf2, 0x0, 0x1e, 0xff,
    0xc8, 0xff, 0x7d, 0xff, 0x20, 0x0, 0x4f, 0xff,
    0xff, 0xf7, 0xdf, 0xf2, 0x0, 0x0, 0x7f, 0xff,
    0xff, 0x7d, 0xff, 0x20, 0x0, 0x0, 0xbf, 0xff,
    0xf7, 0xdf, 0xf2, 0x0, 0x0, 0x1, 0xdf, 0xff,
    0x7d, 0xff, 0x20, 0x0, 0x0, 0x3, 0xff, 0xf7,
    0xdf, 0xf2, 0x0, 0x0, 0x0, 0x6, 0xff, 0x70,

    /* U+004F "O" */
    0x0, 0x0, 0x6, 0xbe, 0xfe, 0xc8, 0x20, 0x0,
    0x0, 0x0, 0x6, 0xef, 0xff, 0xff, 0xff, 0xfa,
    0x0, 0x0, 0x0, 0x8f, 0xff, 0xfe, 0xcd, 0xff,
    0xff, 0xd1, 0x0, 0x6, 0xff, 0xfb, 0x20, 0x0,
    0x7, 0xff, 0xfc, 0x0, 0x1f, 0xff, 0x90, 0x0,
    0x0, 0x0, 0x3f, 0xff, 0x50, 0x7f, 0xfd, 0x0,
    0x0, 0x0, 0x0, 0x7, 0xff, 0xd0, 0xbf, 0xf6,
    0x0, 0x0, 0x0, 0x0, 0x0, 0xff, 0xf1, 0xef,
    0xf2, 0x0, 0x0, 0x0, 0x0, 0x0, 0xcf, 0xf4,
    0xff, 0xf0, 0x0, 0x0, 0x0, 0x0, 0x0, 0xaf,
    0xf5, 0xef, 0xf2, 0x0, 0x0, 0x0, 0x0, 0x0,
    0xcf, 0xf4, 0xbf, 0xf5, 0x0, 0x0, 0x0, 0x0,
    0x0, 0xff, 0xf1, 0x7f, 0xfc, 0x0, 0x0, 0x0,
    0x0, 0x7, 0xff, 0xd0, 0x1f, 0xff, 0x80, 0x0,
    0x0, 0x0, 0x3f, 0xff, 0x60, 0x6, 0xff, 0xfa,
    0x20, 0x0, 0x7, 0xff, 0xfc, 0x0, 0x0, 0x9f,
    0xff, 0xfd, 0xcc, 0xff, 0xff, 0xd1, 0x0, 0x0,
    0x6, 0xff, 0xff, 0xff, 0xff, 0xfa, 0x0, 0x0,
    0x0, 0x0, 0x17, 0xbe, 0xfe, 0xd8, 0x30, 0x0,
    0x0,

    /* U+0050 "P" */
    0xdf, 0xff, 0xff, 0xfe, 0xd9, 0x30, 0x0, 0xdf,
    0xff, 0xff, 0xff, 0xff, 0xf9, 0x0, 0xdf, 0xfc,
    0xaa, 0xac, 0xef, 0xff, 0x80, 0xdf, 0xf2, 0x0,
    0x0, 0x8, 0xff, 0xf1, 0xdf, 0xf2, 0x0, 0x0,
    0x0, 0xbf, 0xf7, 0xdf, 0xf2, 0x0, 0x0, 0x0,
    0x7f, 0xf9, 0xdf, 0xf2, 0x0, 0x0, 0x0, 0x7f,
    0xf9, 0xdf, 0xf2, 0x0, 0x0, 0x0, 0xbf, 0xf7,
    0xdf, 0xf2, 0x0, 0x0, 0x8, 0xff, 0xf1, 0xdf,
    0xfd, 0xaa, 0xac, 0xef, 0xff, 0x80, 0xdf, 0xff,
    0xff, 0xff, 0xff, 0xf9, 0x0, 0xdf, 0xff, 0xff,
    0xfe, 0xd9, 0x30, 0x0, 0xdf, 0xf2, 0x0, 0x0,
    0x0, 0x0, 0x0, 0xdf, 0xf2, 0x0, 0x0, 0x0,
    0x0, 0x0, 0xdf, 0xf2, 0x0, 0x0, 0x0, 0x0,
    0x0, 0xdf, 0xf2, 0x0, 0x0, 0x0, 0x0, 0x0,
    0xdf, 0xf2, 0x0, 0x0, 0x0, 0x0, 0x0,

    /* U+0051 "Q" */
    0x0, 0x0, 0x6, 0xbe, 0xfe, 0xc8, 0x20, 0x0,
    0x0, 0x0, 0x0, 0x6e, 0xff, 0xff, 0xff, 0xff,
    0xa0, 0x0, 0x0, 0x0, 0x8f, 0xff, 0xfe, 0xcd,
    0xff, 0xff, 0xd1, 0x0, 0x0, 0x6f, 0xff, 0xa2,
    0x0, 0x0, 0x7f, 0xff, 0xc0, 0x0, 0x1f, 0xff,
    0x80, 0x0, 0x0, 0x0, 0x3f, 0xff, 0x60, 0x7,
    0xff, 0xd0, 0x0, 0x0, 0x0, 0x0, 0x7f, 0xfd,
    0x0, 0xbf, 0xf6, 0x0, 0x0, 0x0, 0x0, 0x0,
    0xff, 0xf1, 0xe, 0xff, 0x20, 0x0, 0x0, 0x0,
    0x0, 0xc, 0xff, 0x40, 0xff, 0xf0, 0x0, 0x0,
    0x0, 0x0, 0x0, 0xaf, 0xf5, 0xe, 0xff, 0x20,
    0x0, 0x0, 0x0, 0x0, 0xc, 0xff, 0x40, 0xbf,
    0xf5, 0x0, 0x0, 0x0, 0x0, 0x0, 0xff, 0xf1,
    0x7, 0xff, 0xc0, 0x0, 0x0, 0x0, 0x0, 0x7f,
    0xfd, 0x0, 0x1f, 0xff, 0x80, 0x0, 0x0, 0x0,
    0x3f, 0xff, 0x60, 0x0, 0x6f, 0xff, 0xa2, 0x0,
    0x0, 0x7f, 0xff, 0xc0, 0x0, 0x0, 0x9f, 0xff,
    0xfd, 0xcc, 0xff, 0xff, 0xd1, 0x0, 0x0, 0x0,
    0x6f, 0xff, 0xff, 0xff, 0xff, 0xa0, 0x0, 0x0,
    0x0, 0x0, 0x17, 0xbf, 0xff, 0xfd, 0x30, 0x0,
    0x10, 0x0, 0x0, 0x0, 0x0, 0xa, 0xff, 0xf7,
    0x10, 0x5e, 0x60, 0x0, 0x0, 0x0, 0x0, 0x9,
    0xff, 0xff, 0xff, 0xfe, 0x0, 0x0, 0x0, 0x0,
    0x0, 0x5, 0xef, 0xff, 0xfc, 0x20, 0x0, 0x0,
    0x0, 0x0, 0x0, 0x0, 0x35, 0x52, 0x0, 0x0,

    /* U+0052 "R" */
    0xdf, 0xff, 0xff, 0xff, 0xd9, 0x30, 0x0, 0xdf,
    0xff, 0xff, 0xff, 0xff, 0xf9, 0x0, 0xdf, 0xfc,
    0xaa, 0xac, 0xef, 0xff, 0x90, 0xdf, 0xf2, 0x0,
    0x0, 0x8, 0xff, 0xf2, 0xdf, 0xf2, 0x0, 0x0,
    0x0, 0xbf, 0xf7, 0xdf, 0xf2, 0x0, 0x0, 0x0,
    0x7f, 0xf9, 0xdf, 0xf2, 0x0, 0x0, 0x0, 0x7f,
    0xf9, 0xdf, 0xf2, 0x0, 0x0, 0x0, 0xbf, 0xf7,
    0xdf, 0xf2, 0x0, 0x0, 0x7, 0xff, 0xf2, 0xdf,
    0xfb, 0x99, 0x9a, 0xef, 0xff, 0x90, 0xdf, 0xff,
    0xff, 0xff, 0xff, 0xf9, 0x0, 0xdf, 0xff, 0xff,
    0xff, 0xff, 0x80, 0x0, 0xdf, 0xf2, 0x0, 0x4,
    0xff, 0xe0, 0x0, 0xdf, 0xf2, 0x0, 0x0, 0x9f,
    0xf9, 0x0, 0xdf, 0xf2, 0x0, 0x0, 0xe, 0xff,
    0x40, 0xdf, 0xf2, 0x0, 0x0, 0x4, 0xff, 0xe0,
    0xdf, 0xf2, 0x0, 0x0, 0x0, 0xaf, 0xf9,

    /* U+0053 "S" */
    0x0, 0x1, 0x7c, 0xef, 0xfd, 0x94, 0x0, 0x0,
    0x4e, 0xff, 0xff, 0xff, 0xff, 0xb0, 0x2, 0xff,
    0xff, 0xba, 0xad, 0xff, 0x90, 0x9, 0xff, 0xb0,
    0x0, 0x0, 0x29, 0x30, 0xc, 0xff, 0x20, 0x0,
    0x0, 0x0, 0x0, 0xc, 0xff, 0x40, 0x0, 0x0,
    0x0, 0x0, 0x8, 0xff, 0xe7, 0x10, 0x0, 0x0,
    0x0, 0x1, 0xef, 0xff, 0xfd, 0x84, 0x0, 0x0,
    0x0, 0x1a, 0xff, 0xff, 0xff, 0xe7, 0x0, 0x0,
    0x0, 0x16, 0xbf, 0xff, 0xff, 0xb0, 0x0, 0x0,
    0x0, 0x0, 0x3a, 0xff, 0xf5, 0x0, 0x0, 0x0,
    0x0, 0x0, 0x8f, 0xf9, 0x1, 0x10, 0x0, 0x0,
    0x0, 0x5f, 0xf9, 0x8, 0xe6, 0x0, 0x0, 0x1,
    0xcf, 0xf6, 0xe, 0xff, 0xfc, 0xa9, 0xbf, 0xff,
    0xe0, 0x7, 0xff, 0xff, 0xff, 0xff, 0xfd, 0x20,
    0x0, 0x6, 0xad, 0xff, 0xeb, 0x60, 0x0,

    /* U+0054 "T" */
    0xef, 0xff, 0xff, 0xff, 0xff, 0xff, 0xfc, 0xef,
    0xff, 0xff, 0xff, 0xff, 0xff, 0xfc, 0x9a, 0xaa,
    0xad, 0xff, 0xca, 0xaa, 0xa7, 0x0, 0x0, 0x9,
    0xff, 0x60, 0x0, 0x0, 0x0, 0x0, 0x9, 0xff,
    0x60, 0x0, 0x0, 0x0, 0x0, 0x9, 0xff, 0x60,
    0x0, 0x0, 0x0, 0x0, 0x9, 0xff, 0x60, 0x0,
    0x0, 0x0, 0x0, 0x9, 0xff, 0x60, 0x0, 0x0,
    0x0, 0x0, 0x9, 0xff, 0x60, 0x0, 0x0, 0x0,
    0x0, 0x9, 0xff, 0x60, 0x0, 0x0, 0x0, 0x0,
    0x9, 0xff, 0x60, 0x0, 0x0, 0x0, 0x0, 0x9,
    0xff, 0x60, 0x0, 0x0, 0x0, 0x0, 0x9, 0xff,
    0x60, 0x0, 0x0, 0x0, 0x0, 0x9, 0xff, 0x60,
    0x0, 0x0, 0x0, 0x0, 0x9, 0xff, 0x60, 0x0,
    0x0, 0x0, 0x0, 0x9, 0xff, 0x60, 0x0, 0x0,
    0x0, 0x0, 0x9, 0xff, 0x60, 0x0, 0x0,

    /* U+0055 "U" */
    0xff, 0xf0, 0x0, 0x0, 0x0, 0xd, 0xff, 0x2f,
    0xff, 0x0, 0x0, 0x0, 0x0, 0xdf, 0xf2, 0xff,
    0xf0, 0x0, 0x0, 0x0, 0xd, 0xff, 0x2f, 0xff,
    0x0, 0x0, 0x0, 0x0, 0xdf, 0xf2, 0xff, 0xf0,
    0x0, 0x0, 0x0, 0xd, 0xff, 0x2f, 0xff, 0x0,
    0x0, 0x0, 0x0, 0xdf, 0xf2, 0xff, 0xf0, 0x0,
    0x0, 0x0, 0xd, 0xff, 0x2f, 0xff, 0x0, 0x0,
    0x0, 0x0, 0xdf, 0xf2, 0xff, 0xf0, 0x0, 0x0,
    0x0, 0xd, 0xff, 0x2f, 0xff, 0x0, 0x0, 0x0,
    0x0, 0xdf, 0xf1, 0xef, 0xf1, 0x0, 0x0, 0x0,
    0xe, 0xff, 0xc, 0xff, 0x40, 0x0, 0x0, 0x1,
    0xff, 0xe0, 0x8f, 0xfb, 0x0, 0x0, 0x0, 0x8f,
    0xfb, 0x2, 0xff, 0xf8, 0x0, 0x0, 0x6f, 0xff,
    0x40, 0x8, 0xff, 0xff, 0xcc, 0xef, 0xff, 0xa0,
    0x0, 0x9, 0xff, 0xff, 0xff, 0xff, 0xa0, 0x0,
    0x0, 0x3, 0x9d, 0xff, 0xea, 0x40, 0x0, 0x0,

    /* U+0056 "V" */
    0xe, 0xff, 0x50, 0x0, 0x0, 0x0, 0x0, 0x5f,
    0xfa, 0x7, 0xff, 0xb0, 0x0, 0x0, 0x0, 0x0,
    0xbf, 0xf4, 0x1, 0xff, 0xf2, 0x0, 0x0, 0x0,
    0x2, 0xff, 0xd0, 0x0, 0xaf, 0xf8, 0x0, 0x0,
    0x0, 0x8, 0xff, 0x60, 0x0, 0x4f, 0xfe, 0x0,
    0x0, 0x0, 0xe, 0xff, 0x0, 0x0, 0xd, 0xff,
    0x50, 0x0, 0x0, 0x6f, 0xf9, 0x0, 0x0, 0x6,
    0xff, 0xc0, 0x0, 0x0, 0xcf, 0xf3, 0x0, 0x0,
    0x0, 0xff, 0xf3, 0x0, 0x3, 0xff, 0xc0, 0x0,
    0x0, 0x0, 0x9f, 0xf9, 0x0, 0x9, 0xff, 0x50,
    0x0, 0x0, 0x0, 0x2f, 0xff, 0x0, 0x1f, 0xfe,
    0x0, 0x0, 0x0, 0x0, 0xc, 0xff, 0x60, 0x7f,
    0xf8, 0x0, 0x0, 0x0, 0x0, 0x5, 0xff, 0xd0,
    0xdf, 0xf2, 0x0, 0x0, 0x0, 0x0, 0x0, 0xef,
    0xf8, 0xff, 0xb0, 0x0, 0x0, 0x0, 0x0, 0x0,
    0x8f, 0xff, 0xff, 0x40, 0x0, 0x0, 0x0, 0x0,
    0x0, 0x1f, 0xff, 0xfe, 0x0, 0x0, 0x0, 0x0,
    0x0, 0x0, 0xb, 0xff, 0xf7, 0x0, 0x0, 0x0,
    0x0, 0x0, 0x0, 0x4, 0xff, 0xf1, 0x0, 0x0,
    0x0,

    /* U+0057 "W" */
    0x3f, 0xfd, 0x0, 0x0, 0x0, 0x4, 0xff, 0xc0,
    0x0, 0x0, 0x0, 0x5f, 0xf8, 0xe, 0xff, 0x20,
    0x0, 0x0, 0x9, 0xff, 0xf1, 0x0, 0x0, 0x0,
    0xaf, 0xf3, 0x9, 0xff, 0x70, 0x0, 0x0, 0xe,
    0xff, 0xf6, 0x0, 0x0, 0x0, 0xef, 0xe0, 0x4,
    0xff, 0xc0, 0x0, 0x0, 0x3f, 0xff, 0xfb, 0x0,
    0x0, 0x4, 0xff, 0x90, 0x0, 0xff, 0xf1, 0x0,
    0x0, 0x8f, 0xff, 0xff, 0x10, 0x0, 0x9, 0xff,
    0x40, 0x0, 0xaf, 0xf6, 0x0, 0x0, 0xdf, 0xd7,
    0xff, 0x50, 0x0, 0xe, 0xff, 0x0, 0x0, 0x5f,
    0xfb, 0x0, 0x3, 0xff, 0x82, 0xff, 0xa0, 0x0,
    0x3f, 0xfa, 0x0, 0x0, 0xf, 0xff, 0x0, 0x8,
    0xff, 0x30, 0xdf, 0xf0, 0x0, 0x8f, 0xf5, 0x0,
    0x0, 0xb, 0xff, 0x50, 0xd, 0xfe, 0x0, 0x8f,
    0xf4, 0x0, 0xdf, 0xf0, 0x0, 0x0, 0x6, 0xff,
    0xa0, 0x2f, 0xf9, 0x0, 0x3f, 0xf9, 0x2, 0xff,
    0xb0, 0x0, 0x0, 0x1, 0xff, 0xf0, 0x7f, 0xf3,
    0x0, 0xe, 0xfe, 0x7, 0xff, 0x60, 0x0, 0x0,
    0x0, 0xcf, 0xf4, 0xcf, 0xe0, 0x0, 0x8, 0xff,
    0x3c, 0xff, 0x10, 0x0, 0x0, 0x0, 0x7f, 0xfb,
    0xff, 0x90, 0x0, 0x3, 0xff, 0xaf, 0xfc, 0x0,
    0x0, 0x0, 0x0, 0x2f, 0xff, 0xff, 0x40, 0x0,
    0x0, 0xef, 0xff, 0xf7, 0x0, 0x0, 0x0, 0x0,
    0xd, 0xff, 0xfe, 0x0, 0x0, 0x0, 0x9f, 0xff,
    0xf2, 0x0, 0x0, 0x0, 0x0, 0x8, 0xff, 0xfa,
    0x0, 0x0, 0x0, 0x4f, 0xff, 0xd0, 0x0, 0x0,
    0x0, 0x0, 0x3, 0xff, 0xf5, 0x0, 0x0, 0x0,
    0xf, 0xff, 0x80, 0x0, 0x0,

    /* U+0058 "X" */
    0x2f, 0xff, 0x40, 0x0, 0x0, 0x4, 0xff, 0xe1,
    0x7, 0xff, 0xd0, 0x0, 0x0, 0xd, 0xff, 0x50,
    0x0, 0xcf, 0xf9, 0x0, 0x0, 0x9f, 0xfa, 0x0,
    0x0, 0x2f, 0xff, 0x40, 0x4, 0xff, 0xe0, 0x0,
    0x0, 0x6, 0xff, 0xe1, 0xe, 0xff, 0x40, 0x0,
    0x0, 0x0, 0xbf, 0xfa, 0x9f, 0xf9, 0x0, 0x0,
    0x0, 0x0, 0x1f, 0xff, 0xff, 0xd0, 0x0, 0x0,
    0x0, 0x0, 0x6, 0xff, 0xff, 0x30, 0x0, 0x0,
    0x0, 0x0, 0x1, 0xff, 0xff, 0x0, 0x0, 0x0,
    0x0, 0x0, 0xa, 0xff, 0xff, 0x90, 0x0, 0x0,
    0x0, 0x0, 0x5f, 0xff, 0xff, 0xf4, 0x0, 0x0,
    0x0, 0x1, 0xef, 0xf4, 0x6f, 0xfe, 0x10, 0x0,
    0x0, 0xb, 0xff, 0x90, 0xb, 0xff, 0xa0, 0x0,
    0x0, 0x6f, 0xfe, 0x0, 0x1, 0xff, 0xf5, 0x0,
    0x2, 0xff, 0xf4, 0x0, 0x0, 0x6f, 0xfe, 0x10,
    0xc, 0xff, 0x90, 0x0, 0x0, 0xb, 0xff, 0xb0,
    0x7f, 0xfe, 0x0, 0x0, 0x0, 0x1, 0xef, 0xf6,

    /* U+0059 "Y" */
    0xe, 0xff, 0x40, 0x0, 0x0, 0x0, 0xc, 0xff,
    0x20, 0x5f, 0xfd, 0x0, 0x0, 0x0, 0x6, 0xff,
    0x80, 0x0, 0xcf, 0xf6, 0x0, 0x0, 0x0, 0xef,
    0xe0, 0x0, 0x3, 0xff, 0xe1, 0x0, 0x0, 0x8f,
    0xf6, 0x0, 0x0, 0xa, 0xff, 0x80, 0x0, 0x2f,
    0xfd, 0x0, 0x0, 0x0, 0x1f, 0xff, 0x20, 0xb,
    0xff, 0x40, 0x0, 0x0, 0x0, 0x7f, 0xfb, 0x4,
    0xff, 0xb0, 0x0, 0x0, 0x0, 0x0, 0xef, 0xf4,
    0xdf, 0xf2, 0x0, 0x0, 0x0, 0x0, 0x5, 0xff,
    0xff, 0xf8, 0x0, 0x0, 0x0, 0x0, 0x0, 0xc,
    0xff, 0xfe, 0x0, 0x0, 0x0, 0x0, 0x0, 0x0,
    0x3f, 0xff, 0x70, 0x0, 0x0, 0x0, 0x0, 0x0,
    0x0, 0xff, 0xf1, 0x0, 0x0, 0x0, 0x0, 0x0,
    0x0, 0xe, 0xff, 0x10, 0x0, 0x0, 0x0, 0x0,
    0x0, 0x0, 0xef, 0xf1, 0x0, 0x0, 0x0, 0x0,
    0x0, 0x0, 0xe, 0xff, 0x10, 0x0, 0x0, 0x0,
    0x0, 0x0, 0x0, 0xef, 0xf1, 0x0, 0x0, 0x0,
    0x0, 0x0, 0x0, 0xe, 0xff, 0x10, 0x0, 0x0,
    0x0,

    /* U+005A "Z" */
    0xe, 0xff, 0xff, 0xff, 0xff, 0xff, 0xff, 0x60,
    0xef, 0xff, 0xff, 0xff, 0xff, 0xff, 0xf6, 0x9,
    0xaa, 0xaa, 0xaa, 0xaa, 0xff, 0xfe, 0x20, 0x0,
    0x0, 0x0, 0x0, 0x3f, 0xff, 0x40, 0x0, 0x0,
    0x0, 0x0, 0x1e, 0xff, 0x80, 0x0, 0x0, 0x0,
    0x0, 0xc, 0xff, 0xb0, 0x0, 0x0, 0x0, 0x0,
    0x8, 0xff, 0xe1, 0x0, 0x0, 0x0, 0x0, 0x5,
    0xff, 0xf3, 0x0, 0x0, 0x0, 0x0, 0x2, 0xff,
    0xf6, 0x0, 0x0, 0x0, 0x0, 0x0, 0xdf, 0xfa,
    0x0, 0x0, 0x0, 0x0, 0x0, 0xaf, 0xfd, 0x0,
    0x0, 0x0, 0x0, 0x0, 0x6f, 0xff, 0x20, 0x0,
    0x0, 0x0, 0x0, 0x3f, 0xff, 0x50, 0x0, 0x0,
    0x0, 0x0, 0x1e, 0xff, 0x80, 0x0, 0x0, 0x0,
    0x0, 0xb, 0xff, 0xfa, 0xaa, 0xaa, 0xaa, 0xaa,
    0x61, 0xff, 0xff, 0xff, 0xff, 0xff, 0xff, 0xfa,
    0x1f, 0xff, 0xff, 0xff, 0xff, 0xff, 0xff, 0xa0,

    /* U+005B "[" */
    0xdf, 0xff, 0xfa, 0xdf, 0xff, 0xfa, 0xdf, 0xf6,
    0x64, 0xdf, 0xf0, 0x0, 0xdf, 0xf0, 0x0, 0xdf,
    0xf0, 0x0, 0xdf, 0xf0, 0x0, 0xdf, 0xf0, 0x0,
    0xdf, 0xf0, 0x0, 0xdf, 0xf0, 0x0, 0xdf, 0xf0,
    0x0, 0xdf, 0xf0, 0x0, 0xdf, 0xf0, 0x0, 0xdf,
    0xf0, 0x0, 0xdf, 0xf0, 0x0, 0xdf, 0xf0, 0x0,
    0xdf, 0xf0, 0x0, 0xdf, 0xf0, 0x0, 0xdf, 0xf0,
    0x0, 0xdf, 0xf0, 0x0, 0xdf, 0xf6, 0x64, 0xdf,
    0xff, 0xfa, 0xdf, 0xff, 0xfa,

    /* U+005C "\\" */
    0x68, 0x50, 0x0, 0x0, 0x0, 0x9, 0xff, 0x0,
    0x0, 0x0, 0x0, 0x4f, 0xf5, 0x0, 0x0, 0x0,
    0x0, 0xef, 0xa0, 0x0, 0x0, 0x0, 0x9, 0xff,
    0x0, 0x0, 0x0, 0x0, 0x3f, 0xf5, 0x0, 0x0,
    0x0, 0x0, 0xef, 0xa0, 0x0, 0x0, 0x0, 0x9,
    0xff, 0x0, 0x0, 0x0, 0x0, 0x3f, 0xf5, 0x0,
    0x0, 0x0, 0x0, 0xef, 0xb0, 0x0, 0x0, 0x0,
    0x8, 0xff, 0x0, 0x0, 0x0, 0x0, 0x3f, 0xf5,
    0x0, 0x0, 0x0, 0x0, 0xdf, 0xb0, 0x0, 0x0,
    0x0, 0x8, 0xff, 0x10, 0x0, 0x0, 0x0, 0x3f,
    0xf6, 0x0, 0x0, 0x0, 0x0, 0xdf, 0xb0, 0x0,
    0x0, 0x0, 0x8, 0xff, 0x10, 0x0, 0x0, 0x0,
    0x3f, 0xf6, 0x0, 0x0, 0x0, 0x0, 0xdf, 0xb0,
    0x0, 0x0, 0x0, 0x8, 0xff, 0x10, 0x0, 0x0,
    0x0, 0x2f, 0xf6, 0x0, 0x0, 0x0, 0x0, 0xdf,
    0xb0, 0x0, 0x0, 0x0, 0x7, 0xff, 0x10,

    /* U+005D "]" */
    0x9f, 0xff, 0xfd, 0x9f, 0xff, 0xfd, 0x36, 0x6f,
    0xfd, 0x0, 0xf, 0xfd, 0x0, 0xf, 0xfd, 0x0,
    0xf, 0xfd, 0x0, 0xf, 0xfd, 0x0, 0xf, 0xfd,
    0x0, 0xf, 0xfd, 0x0, 0xf, 0xfd, 0x0, 0xf,
    0xfd, 0x0, 0xf, 0xfd, 0x0, 0xf, 0xfd, 0x0,
    0xf, 0xfd, 0x0, 0xf, 0xfd, 0x0, 0xf, 0xfd,
    0x0, 0xf, 0xfd, 0x0, 0xf, 0xfd, 0x0, 0xf,
    0xfd, 0x0, 0xf, 0xfd, 0x36, 0x6f, 0xfd, 0x9f,
    0xff, 0xfd, 0x9f, 0xff, 0xfd,

    /* U+005E "^" */
    0x0, 0x0, 0x9f, 0xf3, 0x0, 0x0, 0x0, 0x0,
    0xef, 0xf9, 0x0, 0x0, 0x0, 0x6, 0xff, 0xff,
    0x0, 0x0, 0x0, 0xc, 0xf6, 0xcf, 0x60, 0x0,
    0x0, 0x3f, 0xf0, 0x6f, 0xd0, 0x0, 0x0, 0xaf,
    0x90, 0xf, 0xf3, 0x0, 0x1, 0xff, 0x20, 0x9,
    0xfa, 0x0, 0x7, 0xfc, 0x0, 0x2, 0xff, 0x10,
    0xd, 0xf5, 0x0, 0x0, 0xcf, 0x70, 0x4f, 0xe0,
    0x0, 0x0, 0x6f, 0xd0,

    /* U+005F "_" */
    0xdd, 0xdd, 0xdd, 0xdd, 0xdd, 0xd6, 0xff, 0xff,
    0xff, 0xff, 0xff, 0xf8,

    /* U+0060 "`" */
    0x28, 0x87, 0x0, 0x0, 0x8f, 0xf9, 0x0, 0x0,
    0x6f, 0xf8, 0x0, 0x0, 0x4f, 0xf6,

    /* U+0061 "a" */
    0x1, 0x7c, 0xef, 0xec, 0x60, 0x0, 0x5f, 0xff,
    0xff, 0xff, 0xfc, 0x0, 0x2f, 0xfb, 0x88, 0xbf,
    0xff, 0x80, 0x4, 0x10, 0x0, 0x4, 0xff, 0xe0,
    0x0, 0x0, 0x0, 0x0, 0xdf, 0xf1, 0x1, 0x9d,
    0xff, 0xff, 0xff, 0xf2, 0x2f, 0xff, 0xff, 0xff,
    0xff, 0xf2, 0xbf, 0xf8, 0x10, 0x0, 0xbf, 0xf2,
    0xef, 0xe0, 0x0, 0x0, 0xbf, 0xf2, 0xef, 0xf0,
    0x0, 0x2, 0xff, 0xf2, 0xaf, 0xf9, 0x11, 0x5e,
    0xff, 0xf2, 0x2e, 0xff, 0xff, 0xff, 0xdf, 0xf2,
    0x1, 0x9e, 0xfe, 0xb3, 0x8f, 0xf2,

    /* U+0062 "b" */
    0x1f, 0xfc, 0x0, 0x0, 0x0, 0x0, 0x0, 0x1f,
    0xfc, 0x0, 0x0, 0x0, 0x0, 0x0, 0x1f, 0xfc,
    0x0, 0x0, 0x0, 0x0, 0x0, 0x1f, 0xfc, 0x0,
    0x0, 0x0, 0x0, 0x0, 0x1f, 0xfc, 0x0, 0x0,
    0x0, 0x0, 0x0, 0x1f, 0xfc, 0x18, 0xdf, 0xeb,
    0x50, 0x0, 0x1f, 0xfe, 0xdf, 0xff, 0xff, 0xfb,
    0x0, 0x1f, 0xff, 0xff, 0xa9, 0xbf, 0xff, 0xa0,
    0x1f, 0xff, 0xd1, 0x0, 0x4, 0xff, 0xf4, 0x1f,
    0xff, 0x30, 0x0, 0x0, 0x7f, 0xfa, 0x1f, 0xff,
    0x0, 0x0, 0x0, 0x1f, 0xfc, 0x1f, 0xff, 0x0,
    0x0, 0x0, 0xf, 0xfe, 0x1f, 0xff, 0x0, 0x0,
    0x0, 0x2f, 0xfc, 0x1f, 0xff, 0x30, 0x0, 0x0,
    0x7f, 0xfa, 0x1f, 0xff, 0xd2, 0x0, 0x4, 0xff,
    0xf4, 0x1f, 0xff, 0xff, 0xb9, 0xcf, 0xff, 0xa0,
    0x1f, 0xfc, 0xdf, 0xff, 0xff, 0xfb, 0x0, 0x1f,
    0xfa, 0x18, 0xdf, 0xeb, 0x50, 0x0,

    /* U+0063 "c" */
    0x0, 0x0, 0x5b, 0xef, 0xeb, 0x40, 0x0, 0x1,
    0xbf, 0xff, 0xff, 0xff, 0x90, 0x0, 0xcf, 0xff,
    0xb9, 0xbf, 0xff, 0x70, 0x6f, 0xfd, 0x20, 0x0,
    0x3e, 0xb2, 0xd, 0xff, 0x30, 0x0, 0x0, 0x10,
    0x0, 0xff, 0xe0, 0x0, 0x0, 0x0, 0x0, 0x1f,
    0xfc, 0x0, 0x0, 0x0, 0x0, 0x0, 0xff, 0xe0,
    0x0, 0x0, 0x0, 0x0, 0xc, 0xff, 0x30, 0x0,
    0x0, 0x20, 0x0, 0x6f, 0xfd, 0x20, 0x0, 0x3f,
    0xc2, 0x0, 0xbf, 0xff, 0xb9, 0xbf, 0xff, 0x60,
    0x1, 0xbf, 0xff, 0xff, 0xff, 0x90, 0x0, 0x0,
    0x5b, 0xef, 0xeb, 0x40, 0x0,

    /* U+0064 "d" */
    0x0, 0x0, 0x0, 0x0, 0x0, 0xf, 0xfe, 0x0,
    0x0, 0x0, 0x0, 0x0, 0xf, 0xfe, 0x0, 0x0,
    0x0, 0x0, 0x0, 0xf, 0xfe, 0x0, 0x0, 0x0,
    0x0, 0x0, 0xf, 0xfe, 0x0, 0x0, 0x0, 0x0,
    0x0, 0xf, 0xfe, 0x0, 0x0, 0x6c, 0xef, 0xc6,
    0xf, 0xfe, 0x0, 0x2d, 0xff, 0xff, 0xff, 0xbf,
    0xfe, 0x0, 0xdf, 0xff, 0xb9, 0xbf, 0xff, 0xfe,
    0x7, 0xff, 0xd2, 0x0, 0x3, 0xef, 0xfe, 0xd,
    0xff, 0x30, 0x0, 0x0, 0x6f, 0xfe, 0xf, 0xfe,
    0x0, 0x0, 0x0, 0xf, 0xfe, 0x1f, 0xfc, 0x0,
    0x0, 0x0, 0xf, 0xfe, 0xf, 0xfe, 0x0, 0x0,
    0x0, 0xf, 0xfe, 0xd, 0xff, 0x40, 0x0, 0x0,
    0x6f, 0xfe, 0x7, 0xff, 0xe2, 0x0, 0x3, 0xff,
    0xfe, 0x0, 0xdf, 0xff, 0xb9, 0xcf, 0xff, 0xfe,
    0x0, 0x2d, 0xff, 0xff, 0xff, 0xce, 0xfe, 0x0,
    0x0, 0x6c, 0xef, 0xc7, 0xd, 0xfe,

    /* U+0065 "e" */
    0x0, 0x0, 0x6c, 0xef, 0xd9, 0x20, 0x0, 0x0,
    0x1c, 0xff, 0xff, 0xff, 0xf6, 0x0, 0x0, 0xdf,
    0xfd, 0x87, 0xaf, 0xff, 0x40, 0x7, 0xff, 0xa0,
    0x0, 0x2, 0xff, 0xd0, 0xd, 0xff, 0x0, 0x0,
    0x0, 0x7f, 0xf3, 0xf, 0xff, 0xff, 0xff, 0xff,
    0xff, 0xf5, 0x1f, 0xff, 0xff, 0xff, 0xff, 0xff,
    0xf6, 0xf, 0xfc, 0x0, 0x0, 0x0, 0x0, 0x0,
    0xd, 0xff, 0x20, 0x0, 0x0, 0x0, 0x0, 0x6,
    0xff, 0xd2, 0x0, 0x0, 0x98, 0x0, 0x0, 0xcf,
    0xff, 0xb9, 0xae, 0xff, 0x40, 0x0, 0x1b, 0xff,
    0xff, 0xff, 0xfd, 0x10, 0x0, 0x0, 0x5b, 0xef,
    0xec, 0x60, 0x0,

    /* U+0066 "f" */
    0x0, 0x0, 0x8d, 0xfe, 0xa1, 0x0, 0xc, 0xff,
    0xff, 0xf0, 0x0, 0x5f, 0xfe, 0x78, 0x80, 0x0,
    0xaf, 0xf3, 0x0, 0x0, 0x0, 0xbf, 0xf1, 0x0,
    0x0, 0xcf, 0xff, 0xff, 0xff, 0x70, 0xcf, 0xff,
    0xff, 0xff, 0x70, 0x46, 0xff, 0xf8, 0x66, 0x20,
    0x0, 0xbf, 0xf2, 0x0, 0x0, 0x0, 0xbf, 0xf2,
    0x0, 0x0, 0x0, 0xbf, 0xf2, 0x0, 0x0, 0x0,
    0xbf, 0xf2, 0x0, 0x0, 0x0, 0xbf, 0xf2, 0x0,
    0x0, 0x0, 0xbf, 0xf2, 0x0, 0x0, 0x0, 0xbf,
    0xf2, 0x0, 0x0, 0x0, 0xbf, 0xf2, 0x0, 0x0,
    0x0, 0xbf, 0xf2, 0x0, 0x0, 0x0, 0xbf, 0xf2,
    0x0, 0x0,

    /* U+0067 "g" */
    0x0, 0x0, 0x7c, 0xef, 0xd7, 0xa, 0xff, 0x10,
    0x2, 0xdf, 0xff, 0xff, 0xfd, 0xbf, 0xf1, 0x1,
    0xef, 0xfe, 0x86, 0x8e, 0xff, 0xff, 0x10, 0x8f,
    0xfc, 0x0, 0x0, 0xc, 0xff, 0xf1, 0xe, 0xff,
    0x20, 0x0, 0x0, 0x2f, 0xff, 0x10, 0xff, 0xd0,
    0x0, 0x0, 0x0, 0xff, 0xf1, 0x1f, 0xfc, 0x0,
    0x0, 0x0, 0xf, 0xff, 0x10, 0xff, 0xf0, 0x0,
    0x0, 0x0, 0xff, 0xf1, 0xb, 0xff, 0x70, 0x0,
    0x0, 0x7f, 0xff, 0x10, 0x4f, 0xff, 0x92, 0x2,
    0x8f, 0xff, 0xf1, 0x0, 0x9f, 0xff, 0xff, 0xff,
    0xff, 0xff, 0x10, 0x0, 0x7f, 0xff, 0xff, 0xf6,
    0xdf, 0xf0, 0x0, 0x0, 0x5, 0x77, 0x50, 0xe,
    0xff, 0x0, 0x0, 0x0, 0x0, 0x0, 0x3, 0xff,
    0xc0, 0x0, 0x99, 0x20, 0x0, 0x1, 0xcf, 0xf8,
    0x0, 0x2f, 0xff, 0xca, 0x9a, 0xff, 0xfe, 0x10,
    0x2, 0xdf, 0xff, 0xff, 0xff, 0xfe, 0x30, 0x0,
    0x0, 0x49, 0xde, 0xfe, 0xc7, 0x10, 0x0,

    /* U+0068 "h" */
    0x1f, 0xfc, 0x0, 0x0, 0x0, 0x0, 0x1, 0xff,
    0xc0, 0x0, 0x0, 0x0, 0x0, 0x1f, 0xfc, 0x0,
    0x0, 0x0, 0x0, 0x1, 0xff, 0xc0, 0x0, 0x0,
    0x0, 0x0, 0x1f, 0xfc, 0x0, 0x0, 0x0, 0x0,
    0x1, 0xff, 0xc1, 0x8d, 0xfe, 0xb5, 0x0, 0x1f,
    0xfe, 0xef, 0xff, 0xff, 0xf9, 0x1, 0xff, 0xff,
    0xfb, 0xae, 0xff, 0xf4, 0x1f, 0xff, 0xc1, 0x0,
    0xb, 0xff, 0xa1, 0xff, 0xf2, 0x0, 0x0, 0x2f,
    0xfe, 0x1f, 0xfd, 0x0, 0x0, 0x0, 0xff, 0xf1,
    0xff, 0xc0, 0x0, 0x0, 0xe, 0xff, 0x1f, 0xfc,
    0x0, 0x0, 0x0, 0xef, 0xf1, 0xff, 0xc0, 0x0,
    0x0, 0xe, 0xff, 0x1f, 0xfc, 0x0, 0x0, 0x0,
    0xef, 0xf1, 0xff, 0xc0, 0x0, 0x0, 0xe, 0xff,
    0x1f, 0xfc, 0x0, 0x0, 0x0, 0xef, 0xf1, 0xff,
    0xc0, 0x0, 0x0, 0xe, 0xff,

    /* U+0069 "i" */
    0x4, 0x72, 0x4, 0xff, 0xe0, 0x7f, 0xff, 0x11,
    0xdf, 0x90, 0x0, 0x0, 0x0, 0x0, 0x0, 0x1f,
    0xfc, 0x1, 0xff, 0xc0, 0x1f, 0xfc, 0x1, 0xff,
    0xc0, 0x1f, 0xfc, 0x1, 0xff, 0xc0, 0x1f, 0xfc,
    0x1, 0xff, 0xc0, 0x1f, 0xfc, 0x1, 0xff, 0xc0,
    0x1f, 0xfc, 0x1, 0xff, 0xc0, 0x1f, 0xfc, 0x0,

    /* U+006A "j" */
    0x0, 0x0, 0x3, 0x72, 0x0, 0x0, 0x2, 0xff,
    0xf1, 0x0, 0x0, 0x5f, 0xff, 0x30, 0x0, 0x0,
    0xcf, 0xb0, 0x0, 0x0, 0x0, 0x10, 0x0, 0x0,
    0x0, 0x0, 0x0, 0x0, 0x0, 0xf, 0xfe, 0x0,
    0x0, 0x0, 0xff, 0xe0, 0x0, 0x0, 0xf, 0xfe,
    0x0, 0x0, 0x0, 0xff, 0xe0, 0x0, 0x0, 0xf,
    0xfe, 0x0, 0x0, 0x0, 0xff, 0xe0, 0x0, 0x0,
    0xf, 0xfe, 0x0, 0x0, 0x0, 0xff, 0xe0, 0x0,
    0x0, 0xf, 0xfe, 0x0, 0x0, 0x0, 0xff, 0xe0,
    0x0, 0x0, 0xf, 0xfe, 0x0, 0x0, 0x0, 0xff,
    0xe0, 0x0, 0x0, 0xf, 0xfe, 0x0, 0x0, 0x0,
    0xff, 0xe0, 0x0, 0x0, 0x2f, 0xfc, 0x0, 0x7a,
    0x8d, 0xff, 0x80, 0xd, 0xff, 0xff, 0xd1, 0x0,
    0x8e, 0xfe, 0xa1, 0x0,

    /* U+006B "k" */
    0x1f, 0xfc, 0x0, 0x0, 0x0, 0x0, 0x0, 0x1f,
    0xfc, 0x0, 0x0, 0x0, 0x0, 0x0, 0x1f, 0xfc,
    0x0, 0x0, 0x0, 0x0, 0x0, 0x1f, 0xfc, 0x0,
    0x0, 0x0, 0x0, 0x0, 0x1f, 0xfc, 0x0, 0x0,
    0x0, 0x0, 0x0, 0x1f, 0xfc, 0x0, 0x0, 0xb,
    0xff, 0xa0, 0x1f, 0xfc, 0x0, 0x0, 0xcf, 0xfb,
    0x0, 0x1f, 0xfc, 0x0, 0xc, 0xff, 0xc0, 0x0,
    0x1f, 0xfc, 0x1, 0xcf, 0xfd, 0x10, 0x0, 0x1f,
    0xfc, 0x1c, 0xff, 0xd1, 0x0, 0x0, 0x1f, 0xfd,
    0xdf, 0xff, 0x40, 0x0, 0x0, 0x1f, 0xff, 0xff,
    0xff, 0xc0, 0x0, 0x0, 0x1f, 0xff, 0xfe, 0xff,
    0xf9, 0x0, 0x0, 0x1f, 0xff, 0xc0, 0x4f, 0xff,
    0x40, 0x0, 0x1f, 0xff, 0x0, 0x8, 0xff, 0xe1,
    0x0, 0x1f, 0xfc, 0x0, 0x0, 0xbf, 0xfc, 0x0,
    0x1f, 0xfc, 0x0, 0x0, 0x1e, 0xff, 0x80, 0x1f,
    0xfc, 0x0, 0x0, 0x3, 0xff, 0xf4,

    /* U+006C "l" */
    0x1f, 0xfc, 0x1f, 0xfc, 0x1f, 0xfc, 0x1f, 0xfc,
    0x1f, 0xfc, 0x1f, 0xfc, 0x1f, 0xfc, 0x1f, 0xfc,
    0x1f, 0xfc, 0x1f, 0xfc, 0x1f, 0xfc, 0x1f, 0xfc,
    0x1f, 0xfc, 0x1f, 0xfc, 0x1f, 0xfc, 0x1f, 0xfc,
    0x1f, 0xfc, 0x1f, 0xfc,

    /* U+006D "m" */
    0x1f, 0xfa, 0x29, 0xdf, 0xea, 0x30, 0x4, 0xbe,
    0xfd, 0x91, 0x0, 0x1f, 0xfd, 0xff, 0xff, 0xff,
    0xf4, 0x9f, 0xff, 0xff, 0xfe, 0x20, 0x1f, 0xff,
    0xfd, 0x89, 0xef, 0xff, 0xff, 0xc8, 0x9f, 0xff,
    0xc0, 0x1f, 0xff, 0xa0, 0x0, 0x1e, 0xff, 0xf8,
    0x0, 0x2, 0xff, 0xf2, 0x1f, 0xff, 0x10, 0x0,
    0x7, 0xff, 0xe0, 0x0, 0x0, 0xaf, 0xf5, 0x1f,
    0xfd, 0x0, 0x0, 0x5, 0xff, 0xa0, 0x0, 0x0,
    0x8f, 0xf6, 0x1f, 0xfc, 0x0, 0x0, 0x4, 0xff,
    0x90, 0x0, 0x0, 0x7f, 0xf6, 0x1f, 0xfc, 0x0,
    0x0, 0x4, 0xff, 0x90, 0x0, 0x0, 0x7f, 0xf6,
    0x1f, 0xfc, 0x0, 0x0, 0x4, 0xff, 0x90, 0x0,
    0x0, 0x7f, 0xf6, 0x1f, 0xfc, 0x0, 0x0, 0x4,
    0xff, 0x90, 0x0, 0x0, 0x7f, 0xf6, 0x1f, 0xfc,
    0x0, 0x0, 0x4, 0xff, 0x90, 0x0, 0x0, 0x7f,
    0xf6, 0x1f, 0xfc, 0x0, 0x0, 0x4, 0xff, 0x90,
    0x0, 0x0, 0x7f, 0xf6, 0x1f, 0xfc, 0x0, 0x0,
    0x4, 0xff, 0x90, 0x0, 0x0, 0x7f, 0xf6,

    /* U+006E "n" */
    0x1f, 0xfa, 0x18, 0xdf, 0xeb, 0x50, 0x1, 0xff,
    0xde, 0xff, 0xff, 0xff, 0x90, 0x1f, 0xff, 0xfe,
    0x98, 0xcf, 0xff, 0x41, 0xff, 0xfb, 0x0, 0x0,
    0xaf, 0xfa, 0x1f, 0xff, 0x10, 0x0, 0x1, 0xff,
    0xe1, 0xff, 0xd0, 0x0, 0x0, 0xf, 0xff, 0x1f,
    0xfc, 0x0, 0x0, 0x0, 0xef, 0xf1, 0xff, 0xc0,
    0x0, 0x0, 0xe, 0xff, 0x1f, 0xfc, 0x0, 0x0,
    0x0, 0xef, 0xf1, 0xff, 0xc0, 0x0, 0x0, 0xe,
    0xff, 0x1f, 0xfc, 0x0, 0x0, 0x0, 0xef, 0xf1,
    0xff, 0xc0, 0x0, 0x0, 0xe, 0xff, 0x1f, 0xfc,
    0x0, 0x0, 0x0, 0xef, 0xf0,

    /* U+006F "o" */
    0x0, 0x0, 0x5b, 0xef, 0xda, 0x40, 0x0, 0x0,
    0x1b, 0xff, 0xff, 0xff, 0xfa, 0x0, 0x0, 0xcf,
    0xff, 0xb9, 0xbf, 0xff, 0xa0, 0x6, 0xff, 0xd2,
    0x0, 0x3, 0xef, 0xf4, 0xd, 0xff, 0x30, 0x0,
    0x0, 0x6f, 0xfa, 0xf, 0xfe, 0x0, 0x0, 0x0,
    0xf, 0xfd, 0x1f, 0xfc, 0x0, 0x0, 0x0, 0xf,
    0xff, 0xf, 0xfe, 0x0, 0x0, 0x0, 0x1f, 0xfd,
    0xc, 0xff, 0x40, 0x0, 0x0, 0x6f, 0xfa, 0x6,
    0xff, 0xd2, 0x0, 0x3, 0xff, 0xf4, 0x0, 0xcf,
    0xff, 0xb9, 0xcf, 0xff, 0x90, 0x0, 0x1b, 0xff,
    0xff, 0xff, 0xf9, 0x0, 0x0, 0x0, 0x5b, 0xef,
    0xea, 0x40, 0x0,

    /* U+0070 "p" */
    0x1f, 0xfa, 0x18, 0xdf, 0xeb, 0x50, 0x0, 0x1f,
    0xfc, 0xef, 0xff, 0xff, 0xfb, 0x0, 0x1f, 0xff,
    0xff, 0xa9, 0xbf, 0xff, 0xa0, 0x1f, 0xff, 0xd1,
    0x0, 0x4, 0xff, 0xf4, 0x1f, 0xff, 0x30, 0x0,
    0x0, 0x7f, 0xfa, 0x1f, 0xff, 0x0, 0x0, 0x0,
    0x1f, 0xfc, 0x1f, 0xff, 0x0, 0x0, 0x0, 0xf,
    0xfe, 0x1f, 0xff, 0x0, 0x0, 0x0, 0x2f, 0xfc,
    0x1f, 0xff, 0x30, 0x0, 0x0, 0x7f, 0xfa, 0x1f,
    0xff, 0xd2, 0x0, 0x4, 0xff, 0xf4, 0x1f, 0xff,
    0xff, 0xb9, 0xcf, 0xff, 0xa0, 0x1f, 0xfe, 0xdf,
    0xff, 0xff, 0xfb, 0x0, 0x1f, 0xfc, 0x8, 0xdf,
    0xeb, 0x50, 0x0, 0x1f, 0xfc, 0x0, 0x0, 0x0,
    0x0, 0x0, 0x1f, 0xfc, 0x0, 0x0, 0x0, 0x0,
    0x0, 0x1f, 0xfc, 0x0, 0x0, 0x0, 0x0, 0x0,
    0x1f, 0xfc, 0x0, 0x0, 0x0, 0x0, 0x0, 0x1f,
    0xfc, 0x0, 0x0, 0x0, 0x0, 0x0,

    /* U+0071 "q" */
    0x0, 0x0, 0x6c, 0xef, 0xc7, 0xd, 0xfe, 0x0,
    0x2d, 0xff, 0xff, 0xff, 0xce, 0xfe, 0x0, 0xdf,
    0xff, 0xa9, 0xbf, 0xff, 0xfe, 0x7, 0xff, 0xd2,
    0x0, 0x3, 0xff, 0xfe, 0xd, 0xff, 0x30, 0x0,
    0x0, 0x6f, 0xfe, 0xf, 0xfe, 0x0, 0x0, 0x0,
    0xf, 0xfe, 0x1f, 0xfc, 0x0, 0x0, 0x0, 0xf,
    0xfe, 0xf, 0xfe, 0x0, 0x0, 0x0, 0x1f, 0xfe,
    0xd, 0xff, 0x40, 0x0, 0x0, 0x6f, 0xfe, 0x7,
    0xff, 0xd2, 0x0, 0x3, 0xff, 0xfe, 0x0, 0xdf,
    0xff, 0xb9, 0xcf, 0xff, 0xfe, 0x0, 0x2d, 0xff,
    0xff, 0xff, 0xbf, 0xfe, 0x0, 0x0, 0x6c, 0xef,
    0xc6, 0xf, 0xfe, 0x0, 0x0, 0x0, 0x0, 0x0,
    0xf, 0xfe, 0x0, 0x0, 0x0, 0x0, 0x0, 0xf,
    0xfe, 0x0, 0x0, 0x0, 0x0, 0x0, 0xf, 0xfe,
    0x0, 0x0, 0x0, 0x0, 0x0, 0xf, 0xfe, 0x0,
    0x0, 0x0, 0x0, 0x0, 0xf, 0xfe,

    /* U+0072 "r" */
    0x1f, 0xfa, 0x18, 0xdf, 0x1f, 0xfb, 0xef, 0xff,
    0x1f, 0xff, 0xff, 0xca, 0x1f, 0xff, 0xd2, 0x0,
    0x1f, 0xff, 0x30, 0x0, 0x1f, 0xfe, 0x0, 0x0,
    0x1f, 0xfc, 0x0, 0x0, 0x1f, 0xfc, 0x0, 0x0,
    0x1f, 0xfc, 0x0, 0x0, 0x1f, 0xfc, 0x0, 0x0,
    0x1f, 0xfc, 0x0, 0x0, 0x1f, 0xfc, 0x0, 0x0,
    0x1f, 0xfc, 0x0, 0x0,

    /* U+0073 "s" */
    0x0, 0x18, 0xdf, 0xfe, 0xb7, 0x10, 0x3, 0xef,
    0xff, 0xff, 0xff, 0xa0, 0xc, 0xff, 0xc8, 0x79,
    0xcf, 0x20, 0x1f, 0xfc, 0x0, 0x0, 0x2, 0x0,
    0x1f, 0xfd, 0x20, 0x0, 0x0, 0x0, 0xd, 0xff,
    0xfc, 0x96, 0x20, 0x0, 0x2, 0xcf, 0xff, 0xff,
    0xfc, 0x20, 0x0, 0x3, 0x7b, 0xdf, 0xff, 0xd0,
    0x0, 0x0, 0x0, 0x2, 0xdf, 0xf2, 0x5, 0x30,
    0x0, 0x0, 0xbf, 0xf2, 0xe, 0xfd, 0x97, 0x8b,
    0xff, 0xe0, 0x4f, 0xff, 0xff, 0xff, 0xff, 0x30,
    0x2, 0x8c, 0xef, 0xfd, 0x81, 0x0,

    /* U+0074 "t" */
    0x0, 0xbf, 0xf2, 0x0, 0x0, 0x0, 0xbf, 0xf2,
    0x0, 0x0, 0x0, 0xbf, 0xf2, 0x0, 0x0, 0xcf,
    0xff, 0xff, 0xff, 0x70, 0xcf, 0xff, 0xff, 0xff,
    0x70, 0x46, 0xff, 0xf9, 0x66, 0x20, 0x0, 0xbf,
    0xf2, 0x0, 0x0, 0x0, 0xbf, 0xf2, 0x0, 0x0,
    0x0, 0xbf, 0xf2, 0x0, 0x0, 0x0, 0xbf, 0xf2,
    0x0, 0x0, 0x0, 0xbf, 0xf2, 0x0, 0x0, 0x0,
    0xbf, 0xf2, 0x0, 0x0, 0x0, 0xaf, 0xf5, 0x0,
    0x0, 0x0, 0x6f, 0xff, 0x89, 0x90, 0x0, 0xd,
    0xff, 0xff, 0xf1, 0x0, 0x1, 0x9e, 0xfd, 0x80,

    /* U+0075 "u" */
    0x3f, 0xfa, 0x0, 0x0, 0x1, 0xff, 0xc3, 0xff,
    0xa0, 0x0, 0x0, 0x1f, 0xfc, 0x3f, 0xfa, 0x0,
    0x0, 0x1, 0xff, 0xc3, 0xff, 0xa0, 0x0, 0x0,
    0x1f, 0xfc, 0x3f, 0xfa, 0x0, 0x0, 0x1, 0xff,
    0xc3, 0xff, 0xa0, 0x0, 0x0, 0x1f, 0xfc, 0x3f,
    0xfa, 0x0, 0x0, 0x1, 0xff, 0xc2, 0xff, 0xb0,
    0x0, 0x0, 0x3f, 0xfc, 0x1f, 0xfe, 0x0, 0x0,
    0x8, 0xff, 0xc0, 0xef, 0xf8, 0x0, 0x4, 0xff,
    0xfc, 0x8, 0xff, 0xfd, 0xbc, 0xff, 0xff, 0xc0,
    0xc, 0xff, 0xff, 0xff, 0xbf, 0xfc, 0x0, 0x7,
    0xcf, 0xfc, 0x60, 0xff, 0xc0,

    /* U+0076 "v" */
    0xe, 0xff, 0x10, 0x0, 0x0, 0x9, 0xff, 0x20,
    0x8f, 0xf7, 0x0, 0x0, 0x0, 0xff, 0xc0, 0x1,
    0xff, 0xd0, 0x0, 0x0, 0x6f, 0xf6, 0x0, 0xb,
    0xff, 0x40, 0x0, 0xc, 0xfe, 0x0, 0x0, 0x4f,
    0xfa, 0x0, 0x3, 0xff, 0x90, 0x0, 0x0, 0xdf,
    0xf1, 0x0, 0xaf, 0xf2, 0x0, 0x0, 0x7, 0xff,
    0x70, 0x1f, 0xfc, 0x0, 0x0, 0x0, 0x1f, 0xfd,
    0x7, 0xff, 0x50, 0x0, 0x0, 0x0, 0xaf, 0xf3,
    0xdf, 0xe0, 0x0, 0x0, 0x0, 0x4, 0xff, 0xef,
    0xf8, 0x0, 0x0, 0x0, 0x0, 0xd, 0xff, 0xff,
    0x20, 0x0, 0x0, 0x0, 0x0, 0x7f, 0xff, 0xb0,
    0x0, 0x0, 0x0, 0x0, 0x1, 0xff, 0xf5, 0x0,
    0x0, 0x0,

    /* U+0077 "w" */
    0xbf, 0xf0, 0x0, 0x0, 0xb, 0xff, 0x0, 0x0,
    0x0, 0xbf, 0xd0, 0x6f, 0xf5, 0x0, 0x0, 0x1f,
    0xff, 0x50, 0x0, 0x1, 0xff, 0x80, 0x1f, 0xfa,
    0x0, 0x0, 0x7f, 0xff, 0xb0, 0x0, 0x6, 0xff,
    0x20, 0xb, 0xff, 0x0, 0x0, 0xcf, 0xff, 0xf1,
    0x0, 0xb, 0xfd, 0x0, 0x5, 0xff, 0x50, 0x2,
    0xff, 0xaf, 0xf6, 0x0, 0x1f, 0xf7, 0x0, 0x0,
    0xff, 0xa0, 0x8, 0xff, 0x1e, 0xfb, 0x0, 0x6f,
    0xf2, 0x0, 0x0, 0xaf, 0xf0, 0xd, 0xfb, 0x8,
    0xff, 0x10, 0xcf, 0xc0, 0x0, 0x0, 0x5f, 0xf5,
    0x3f, 0xf5, 0x3, 0xff, 0x61, 0xff, 0x60, 0x0,
    0x0, 0xf, 0xfa, 0x9f, 0xf0, 0x0, 0xdf, 0xc7,
    0xff, 0x10, 0x0, 0x0, 0x9, 0xff, 0xff, 0x90,
    0x0, 0x7f, 0xfe, 0xfb, 0x0, 0x0, 0x0, 0x4,
    0xff, 0xff, 0x40, 0x0, 0x2f, 0xff, 0xf6, 0x0,
    0x0, 0x0, 0x0, 0xef, 0xfe, 0x0, 0x0, 0xc,
    0xff, 0xf1, 0x0, 0x0, 0x0, 0x0, 0x9f, 0xf8,
    0x0, 0x0, 0x6, 0xff, 0xb0, 0x0, 0x0,

    /* U+0078 "x" */
    0x3f, 0xfe, 0x10, 0x0, 0xb, 0xff, 0x50, 0x8f,
    0xfa, 0x0, 0x6, 0xff, 0xa0, 0x0, 0xcf, 0xf5,
    0x2, 0xff, 0xd0, 0x0, 0x2, 0xff, 0xf2, 0xdf,
    0xf3, 0x0, 0x0, 0x5, 0xff, 0xff, 0xf7, 0x0,
    0x0, 0x0, 0xa, 0xff, 0xfc, 0x0, 0x0, 0x0,
    0x0, 0x3f, 0xff, 0x50, 0x0, 0x0, 0x0, 0xc,
    0xff, 0xfe, 0x10, 0x0, 0x0, 0x8, 0xff, 0xff,
    0xfb, 0x0, 0x0, 0x4, 0xff, 0xd0, 0xbf, 0xf6,
    0x0, 0x1, 0xef, 0xf2, 0x1, 0xef, 0xf2, 0x0,
    0xbf, 0xf7, 0x0, 0x5, 0xff, 0xd0, 0x6f, 0xfb,
    0x0, 0x0, 0xa, 0xff, 0x90,

    /* U+0079 "y" */
    0xe, 0xff, 0x10, 0x0, 0x0, 0x9, 0xff, 0x20,
    0x7f, 0xf7, 0x0, 0x0, 0x0, 0xef, 0xc0, 0x1,
    0xff, 0xd0, 0x0, 0x0, 0x6f, 0xf5, 0x0, 0xa,
    0xff, 0x40, 0x0, 0xc, 0xfe, 0x0, 0x0, 0x4f,
    0xfa, 0x0, 0x2, 0xff, 0x80, 0x0, 0x0, 0xdf,
    0xf1, 0x0, 0x9f, 0xf2, 0x0, 0x0, 0x7, 0xff,
    0x70, 0xf, 0xfb, 0x0, 0x0, 0x0, 0x1f, 0xfd,
    0x6, 0xff, 0x50, 0x0, 0x0, 0x0, 0xaf, 0xf4,
    0xcf, 0xe0, 0x0, 0x0, 0x0, 0x3, 0xff, 0xdf,
    0xf8, 0x0, 0x0, 0x0, 0x0, 0xd, 0xff, 0xff,
    0x10, 0x0, 0x0, 0x0, 0x0, 0x6f, 0xff, 0xb0,
    0x0, 0x0, 0x0, 0x0, 0x0, 0xff, 0xf4, 0x0,
    0x0, 0x0, 0x0, 0x0, 0xf, 0xfe, 0x0, 0x0,
    0x0, 0x2, 0x0, 0x6, 0xff, 0x70, 0x0, 0x0,
    0x0, 0xbe, 0x9a, 0xff, 0xe0, 0x0, 0x0, 0x0,
    0x3f, 0xff, 0xff, 0xf4, 0x0, 0x0, 0x0, 0x0,
    0x6c, 0xff, 0xb3, 0x0, 0x0, 0x0, 0x0,

    /* U+007A "z" */
    0xf, 0xff, 0xff, 0xff, 0xff, 0xf4, 0xf, 0xff,
    0xff, 0xff, 0xff, 0xf4, 0x6, 0x66, 0x66, 0x6d,
    0xff, 0xc0, 0x0, 0x0, 0x0, 0x3f, 0xfe, 0x10,
    0x0, 0x0, 0x1, 0xef, 0xf4, 0x0, 0x0, 0x0,
    0xc, 0xff, 0x70, 0x0, 0x0, 0x0, 0x8f, 0xfa,
    0x0, 0x0, 0x0, 0x5, 0xff, 0xd0, 0x0, 0x0,
    0x0, 0x2f, 0xff, 0x20, 0x0, 0x0, 0x0, 0xdf,
    0xf5, 0x0, 0x0, 0x0, 0xa, 0xff, 0xf6, 0x66,
    0x66, 0x63, 0x1f, 0xff, 0xff, 0xff, 0xff, 0xf7,
    0x2f, 0xff, 0xff, 0xff, 0xff, 0xf7,

    /* U+007B "{" */
    0x0, 0x4, 0xcf, 0xf2, 0x0, 0x3f, 0xff, 0xf2,
    0x0, 0xaf, 0xfc, 0x70, 0x0, 0xdf, 0xf1, 0x0,
    0x0, 0xef, 0xf0, 0x0, 0x0, 0xff, 0xf0, 0x0,
    0x0, 0xff, 0xf0, 0x0, 0x0, 0xff, 0xf0, 0x0,
    0x0, 0xff, 0xf0, 0x0, 0x0, 0xff, 0xe0, 0x0,
    0x5a, 0xff, 0xc0, 0x0, 0xbf, 0xff, 0x20, 0x0,
    0xbf, 0xff, 0x80, 0x0, 0x2, 0xff, 0xd0, 0x0,
    0x0, 0xff, 0xe0, 0x0, 0x0, 0xff, 0xf0, 0x0,
    0x0, 0xff, 0xf0, 0x0, 0x0, 0xff, 0xf0, 0x0,
    0x0, 0xff, 0xf0, 0x0, 0x0, 0xef, 0xf1, 0x0,
    0x0, 0xbf, 0xfc, 0x70, 0x0, 0x4f, 0xff, 0xf2,
    0x0, 0x4, 0xce, 0xf2,

    /* U+007C "|" */
    0xdf, 0xdd, 0xfd, 0xdf, 0xdd, 0xfd, 0xdf, 0xdd,
    0xfd, 0xdf, 0xdd, 0xfd, 0xdf, 0xdd, 0xfd, 0xdf,
    0xdd, 0xfd, 0xdf, 0xdd, 0xfd, 0xdf, 0xdd, 0xfd,
    0xdf, 0xdd, 0xfd, 0xdf, 0xdd, 0xfd, 0xdf, 0xdd,
    0xfd, 0xdf, 0xd0,

    /* U+007D "}" */
    0x9f, 0xe9, 0x10, 0x0, 0x9f, 0xff, 0xb0, 0x0,
    0x38, 0xff, 0xf3, 0x0, 0x0, 0x9f, 0xf6, 0x0,
    0x0, 0x6f, 0xf7, 0x0, 0x0, 0x6f, 0xf7, 0x0,
    0x0, 0x6f, 0xf7, 0x0, 0x0, 0x6f, 0xf7, 0x0,
    0x0, 0x6f, 0xf7, 0x0, 0x0, 0x6f, 0xf8, 0x0,
    0x0, 0x3f, 0xfe, 0x71, 0x0, 0x9, 0xff, 0xf4,
    0x0, 0x1e, 0xff, 0xf4, 0x0, 0x5f, 0xfa, 0x0,
    0x0, 0x6f, 0xf7, 0x0, 0x0, 0x6f, 0xf7, 0x0,
    0x0, 0x6f, 0xf7, 0x0, 0x0, 0x6f, 0xf7, 0x0,
    0x0, 0x6f, 0xf7, 0x0, 0x0, 0x8f, 0xf6, 0x0,
    0x38, 0xff, 0xf3, 0x0, 0x9f, 0xff, 0xc0, 0x0,
    0x9f, 0xd9, 0x10, 0x0,

    /* U+007E "~" */
    0x0, 0x13, 0x10, 0x0, 0x2, 0x41, 0x7, 0xff,
    0xf9, 0x0, 0xa, 0xf4, 0x3f, 0xff, 0xff, 0xd5,
    0x6f, 0xf1, 0x9f, 0x90, 0x4e, 0xff, 0xff, 0xb0,
    0xbf, 0x20, 0x1, 0x9e, 0xfa, 0x0,

    /* U+00A0 " " */

    /* U+00A1 "¡" */
    0x1c, 0xf6, 0x9, 0xff, 0xf0, 0x7f, 0xfe, 0x0,
    0x8a, 0x30, 0x0, 0x0, 0x0, 0x0, 0x0, 0xf,
    0xf5, 0x0, 0xff, 0x60, 0x1f, 0xf7, 0x1, 0xff,
    0x80, 0x2f, 0xf9, 0x3, 0xff, 0xa0, 0x4f, 0xfa,
    0x5, 0xff, 0xb0, 0x5f, 0xfc, 0x6, 0xff, 0xd0,
    0x7f, 0xfd, 0x0,

    /* U+00A2 "¢" */
    0x0, 0x0, 0x0, 0x9f, 0x40, 0x0, 0x0, 0x0,
    0x0, 0x9, 0xf4, 0x0, 0x0, 0x0, 0x0, 0x0,
    0x9f, 0x40, 0x0, 0x0, 0x0, 0x5, 0xbf, 0xff,
    0xb4, 0x0, 0x0, 0x1b, 0xff, 0xff, 0xff, 0xf9,
    0x0, 0xc, 0xff, 0xff, 0xff, 0xff, 0xf7, 0x6,
    0xff, 0xd2, 0x9f, 0x43, 0xeb, 0x20, 0xdf, 0xf3,
    0x9, 0xf4, 0x1, 0x0, 0xf, 0xfe, 0x0, 0x9f,
    0x40, 0x0, 0x1, 0xff, 0xc0, 0x9, 0xf4, 0x0,
    0x0, 0xf, 0xfe, 0x0, 0x9f, 0x40, 0x0, 0x0,
    0xcf, 0xf3, 0x9, 0xf4, 0x2, 0x0, 0x6, 0xff,
    0xd2, 0x9f, 0x43, 0xfc, 0x20, 0xb, 0xff, 0xff,
    0xff, 0xff, 0xf6, 0x0, 0x1b, 0xff, 0xff, 0xff,
    0xf9, 0x0, 0x0, 0x5, 0xbf, 0xff, 0xb4, 0x0,
    0x0, 0x0, 0x0, 0x9f, 0x40, 0x0, 0x0, 0x0,
    0x0, 0x9, 0xf4, 0x0, 0x0, 0x0, 0x0, 0x0,
    0x48, 0x20, 0x0, 0x0,

    /* U+00A3 "£" */
    0x0, 0x0, 0x0, 0x39, 0xde, 0xfe, 0xc7, 0x10,
    0x0, 0x0, 0x8f, 0xff, 0xff, 0xff, 0xfa, 0x0,
    0x0, 0x8f, 0xff, 0xfd, 0xce, 0xff, 0x40, 0x0,
    0x3f, 0xff, 0x80, 0x0, 0x1, 0x80, 0x0, 0x9,
    0xff, 0x90, 0x0, 0x0, 0x0, 0x0, 0x0, 0xcf,
    0xf3, 0x0, 0x0, 0x0, 0x0, 0x0, 0xd, 0xff,
    0x10, 0x0, 0x0, 0x0, 0x0, 0x0, 0xef, 0xf1,
    0x0, 0x0, 0x0, 0x0, 0x5f, 0xff, 0xff, 0xff,
    0xff, 0xfe, 0x0, 0x4, 0xff, 0xff, 0xff, 0xff,
    0xff, 0xe0, 0x0, 0x0, 0xe, 0xff, 0x10, 0x0,
    0x0, 0x0, 0x0, 0x0, 0xef, 0xf1, 0x0, 0x0,
    0x0, 0x0, 0x0, 0xe, 0xff, 0x10, 0x0, 0x0,
    0x0, 0x0, 0x0, 0xef, 0xf1, 0x0, 0x0, 0x0,
    0x0, 0x3a, 0xaf, 0xff, 0xba, 0xaa, 0xaa, 0xaa,
    0x35, 0xff, 0xff, 0xff, 0xff, 0xff, 0xff, 0xf6,
    0x5f, 0xff, 0xff, 0xff, 0xff, 0xff, 0xff, 0x60,

    /* U+00A4 "¤" */
    0x1, 0x80, 0x0, 0x0, 0x0, 0x0, 0x7, 0x20,
    0x1d, 0xf8, 0x0, 0x36, 0x63, 0x0, 0x7f, 0xe1,
    0xc, 0xff, 0xcd, 0xff, 0xff, 0xec, 0xff, 0xd1,
    0x1, 0xdf, 0xff, 0xff, 0xff, 0xff, 0xfd, 0x10,
    0x0, 0x3f, 0xfe, 0x51, 0x5, 0xdf, 0xf5, 0x0,
    0x0, 0xaf, 0xe1, 0x0, 0x0, 0x1d, 0xfc, 0x0,
    0x0, 0xef, 0x70, 0x0, 0x0, 0x5, 0xff, 0x10,
    0x0, 0xff, 0x30, 0x0, 0x0, 0x1, 0xff, 0x20,
    0x0, 0xff, 0x40, 0x0, 0x0, 0x2, 0xff, 0x20,
    0x0, 0xdf, 0xa0, 0x0, 0x0, 0x8, 0xfe, 0x0,
    0x0, 0x7f, 0xf6, 0x0, 0x0, 0x5f, 0xf9, 0x0,
    0x0, 0x4f, 0xff, 0xc7, 0x7b, 0xff, 0xf5, 0x0,
    0x3, 0xff, 0xff, 0xff, 0xff, 0xff, 0xff, 0x40,
    0x2e, 0xff, 0x46, 0xcf, 0xfd, 0x74, 0xff, 0xf2,
    0xa, 0xf4, 0x0, 0x0, 0x0, 0x0, 0x4f, 0xb0,
    0x0, 0x40, 0x0, 0x0, 0x0, 0x0, 0x3, 0x0,

    /* U+00A5 "¥" */
    0xd, 0xff, 0x40, 0x0, 0x0, 0x0, 0x0, 0x8f,
    0xf7, 0x3, 0xff, 0xe1, 0x0, 0x0, 0x0, 0x3,
    0xff, 0xc0, 0x0, 0x8f, 0xfa, 0x0, 0x0, 0x0,
    0xd, 0xff, 0x20, 0x0, 0xd, 0xff, 0x40, 0x0,
    0x0, 0x9f, 0xf7, 0x0, 0x0, 0x3, 0xff, 0xe1,
    0x0, 0x3, 0xff, 0xc0, 0x0, 0x0, 0x0, 0x9f,
    0xfa, 0x0, 0xd, 0xff, 0x20, 0x0, 0x0, 0x0,
    0xd, 0xff, 0x40, 0x9f, 0xf7, 0x0, 0x0, 0x0,
    0x0, 0x4, 0xff, 0xe5, 0xff, 0xd0, 0x0, 0x0,
    0x0, 0x0, 0x0, 0x9f, 0xff, 0xff, 0x30, 0x0,
    0x0, 0x0, 0x8, 0xbb, 0xbf, 0xff, 0xff, 0xbb,
    0xb4, 0x0, 0x0, 0xc, 0xff, 0xff, 0xff, 0xff,
    0xff, 0xf6, 0x0, 0x0, 0x0, 0x0, 0x3, 0xff,
    0xd0, 0x0, 0x0, 0x0, 0x0, 0x0, 0x0, 0x3,
    0xff, 0xc0, 0x0, 0x0, 0x0, 0x0, 0xc, 0xff,
    0xff, 0xff, 0xff, 0xff, 0xf6, 0x0, 0x0, 0x8,
    0xbb, 0xbe, 0xff, 0xfb, 0xbb, 0xb4, 0x0, 0x0,
    0x0, 0x0, 0x3, 0xff, 0xc0, 0x0, 0x0, 0x0,
    0x0, 0x0, 0x0, 0x3, 0xff, 0xc0, 0x0, 0x0,
    0x0,

    /* U+00A6 "¦" */
    0xdf, 0xdd, 0xfd, 0xdf, 0xdd, 0xfd, 0xdf, 0xdd,
    0xfd, 0xdf, 0xdd, 0xfd, 0x56, 0x50, 0x0, 0x0,
    0x0, 0x0, 0x0, 0x0, 0x0, 0x56, 0x5d, 0xfd,
    0xdf, 0xdd, 0xfd, 0xdf, 0xdd, 0xfd, 0xdf, 0xdd,
    0xfd, 0xdf, 0xd0,

    /* U+00A7 "§" */
    0x0, 0x4, 0xae, 0xfe, 0xc8, 0x30, 0x0, 0xaf,
    0xff, 0xff, 0xff, 0xf0, 0x6, 0xff, 0xc6, 0x56,
    0x9e, 0xa0, 0xb, 0xfe, 0x0, 0x0, 0x0, 0x10,
    0xb, 0xfe, 0x0, 0x0, 0x0, 0x0, 0x7, 0xff,
    0xe8, 0x30, 0x0, 0x0, 0x0, 0xff, 0xff, 0xff,
    0x92, 0x0, 0x9, 0xff, 0xfd, 0xff, 0xff, 0x30,
    0x1f, 0xf8, 0x0, 0x17, 0xff, 0xc0, 0x3f, 0xf4,
    0x0, 0x0, 0x9f, 0xf0, 0x2f, 0xfb, 0x10, 0x0,
    0xaf, 0xe0, 0xb, 0xff, 0xfb, 0x8b, 0xff, 0x80,
    0x0, 0x8f, 0xff, 0xff, 0xfe, 0x0, 0x0, 0x0,
    0x48, 0xdf, 0xff, 0x10, 0x0, 0x0, 0x0, 0x6,
    0xff, 0x60, 0x2, 0x0, 0x0, 0x1, 0xff, 0x70,
    0xe, 0xb5, 0x10, 0x2a, 0xff, 0x40, 0x4f, 0xff,
    0xff, 0xff, 0xfb, 0x0, 0x6, 0xcf, 0xff, 0xff,
    0x90, 0x0, 0x0, 0x1, 0x34, 0x30, 0x0, 0x0,

    /* U+00A8 "¨" */
    0x4d, 0x80, 0xa, 0xc2, 0xaf, 0xf0, 0x3f, 0xf7,
    0x5f, 0xa0, 0xc, 0xe2,

    /* U+00A9 "©" */
    0x0, 0x0, 0x0, 0x0, 0x0, 0x0, 0x0, 0x0,
    0x0, 0x0, 0x2, 0x9d, 0xff, 0xea, 0x40, 0x0,
    0x0, 0x0, 0x8, 0xfc, 0x75, 0x46, 0xbf, 0xb1,
    0x0, 0x0, 0xa, 0xf5, 0x0, 0x0, 0x0, 0x3d,
    0xd1, 0x0, 0x6, 0xf3, 0x0, 0x0, 0x0, 0x0,
    0x1d, 0xb0, 0x1, 0xf7, 0x0, 0x2a, 0xef, 0xe8,
    0x0, 0x2f, 0x50, 0x7e, 0x0, 0x3f, 0xff, 0xff,
    0xfc, 0x0, 0xab, 0xb, 0x90, 0xe, 0xfc, 0x20,
    0x4e, 0x80, 0x5, 0xf0, 0xe6, 0x4, 0xff, 0x10,
    0x0, 0x10, 0x0, 0x2f, 0x2f, 0x50, 0x6f, 0xc0,
    0x0, 0x0, 0x0, 0x1, 0xf3, 0xe6, 0x6, 0xfc,
    0x0, 0x0, 0x0, 0x0, 0x2f, 0x2c, 0x90, 0x4f,
    0xf1, 0x0, 0x1, 0x0, 0x5, 0xf0, 0x8d, 0x0,
    0xdf, 0xc3, 0x15, 0xf9, 0x0, 0xac, 0x2, 0xf5,
    0x3, 0xff, 0xff, 0xff, 0xb0, 0x2f, 0x50, 0x9,
    0xe1, 0x2, 0xae, 0xfd, 0x70, 0xc, 0xc0, 0x0,
    0xc, 0xd2, 0x0, 0x0, 0x0, 0x1c, 0xe2, 0x0,
    0x0, 0xb, 0xf9, 0x42, 0x13, 0x8f, 0xd2, 0x0,
    0x0, 0x0, 0x5, 0xcf, 0xff, 0xfd, 0x70, 0x0,
    0x0, 0x0, 0x0, 0x0, 0x13, 0x31, 0x0, 0x0,
    0x0, 0x0,

    /* U+00AA "ª" */
    0x4, 0xbe, 0xfd, 0x80, 0x0, 0xbe, 0xa9, 0xef,
    0x90, 0x0, 0x0, 0x2, 0xfe, 0x0, 0x5d, 0xff,
    0xff, 0xf0, 0x1f, 0xe4, 0x33, 0xff, 0x2, 0xfd,
    0x21, 0x7f, 0xf0, 0x8, 0xff, 0xfd, 0xff, 0x0,
    0x1, 0x32, 0x3, 0x30,

    /* U+00AB "«" */
    0x0, 0x0, 0x45, 0x30, 0x4, 0x52, 0x0, 0x5,
    0xff, 0x40, 0x8f, 0xf1, 0x0, 0x1e, 0xf9, 0x4,
    0xff, 0x50, 0x0, 0xbf, 0xd0, 0x1e, 0xfb, 0x0,
    0x6, 0xff, 0x30, 0xaf, 0xe1, 0x0, 0xd, 0xfd,
    0x1, 0xff, 0x90, 0x0, 0x3, 0xff, 0x60, 0x7f,
    0xf3, 0x0, 0x0, 0x8f, 0xf2, 0xb, 0xfd, 0x0,
    0x0, 0xc, 0xfc, 0x1, 0xef, 0x90, 0x0, 0x2,
    0xff, 0x70, 0x5f, 0xf4,

    /* U+00AC "¬" */
    0x36, 0x66, 0x66, 0x66, 0x66, 0x60, 0x8f, 0xff,
    0xff, 0xff, 0xff, 0xf1, 0x8f, 0xff, 0xff, 0xff,
    0xff, 0xf1, 0x0, 0x0, 0x0, 0x0, 0x5f, 0xf1,
    0x0, 0x0, 0x0, 0x0, 0x5f, 0xf1, 0x0, 0x0,
    0x0, 0x0, 0x5f, 0xf1, 0x0, 0x0, 0x0, 0x0,
    0x5f, 0xf1, 0x0, 0x0, 0x0, 0x0, 0x28, 0x80,

    /* U+00AE "®" */
    0x0, 0x0, 0x0, 0x0, 0x0, 0x0, 0x0, 0x0,
    0x0, 0x0, 0x2, 0x9d, 0xff, 0xea, 0x40, 0x0,
    0x0, 0x0, 0x8, 0xfc, 0x75, 0x46, 0xbf, 0xb1,
    0x0, 0x0, 0xa, 0xf5, 0x0, 0x0, 0x0, 0x3d,
    0xd1, 0x0, 0x6, 0xf3, 0x0, 0x0, 0x0, 0x0,
    0x1d, 0xb0, 0x1, 0xf7, 0x4, 0xff, 0xff, 0xd8,
    0x0, 0x2f, 0x50, 0x7e, 0x0, 0x4f, 0xea, 0xae,
    0xfc, 0x0, 0xab, 0xb, 0x90, 0x4, 0xfb, 0x0,
    0xd, 0xf3, 0x5, 0xf0, 0xe6, 0x0, 0x4f, 0xb0,
    0x0, 0xaf, 0x40, 0x2f, 0x2f, 0x50, 0x4, 0xfb,
    0x0, 0x4f, 0xf1, 0x1, 0xf3, 0xe6, 0x0, 0x4f,
    0xff, 0xff, 0xf7, 0x0, 0x2f, 0x2c, 0x90, 0x4,
    0xfe, 0x9e, 0xfd, 0x0, 0x5, 0xf0, 0x8d, 0x0,
    0x4f, 0xb0, 0xb, 0xf4, 0x0, 0xac, 0x2, 0xf5,
    0x4, 0xfb, 0x0, 0x1f, 0xd0, 0x2f, 0x50, 0x9,
    0xe1, 0x27, 0x50, 0x0, 0x47, 0x3c, 0xc0, 0x0,
    0xc, 0xd2, 0x0, 0x0, 0x0, 0x1c, 0xe2, 0x0,
    0x0, 0xb, 0xf9, 0x42, 0x13, 0x8f, 0xd2, 0x0,
    0x0, 0x0, 0x5, 0xcf, 0xff, 0xfd, 0x70, 0x0,
    0x0, 0x0, 0x0, 0x0, 0x13, 0x31, 0x0, 0x0,
    0x0, 0x0,

    /* U+00AF "¯" */
    0xc, 0xcc, 0xcc, 0xcc, 0xb1, 0xff, 0xff, 0xff,
    0xfe,

    /* U+00B0 "°" */
    0x0, 0x3b, 0xfe, 0x90, 0x0, 0x3f, 0xea, 0xbf,
    0xc0, 0xc, 0xe1, 0x0, 0x6f, 0x60, 0xf8, 0x0,
    0x0, 0xfa, 0xf, 0x80, 0x0, 0xf, 0xa0, 0xce,
    0x20, 0x7, 0xf6, 0x4, 0xfe, 0x9b, 0xfc, 0x0,
    0x3, 0xcf, 0xe9, 0x0,

    /* U+00B1 "±" */
    0x0, 0x0, 0x7f, 0xf0, 0x0, 0x0, 0x0, 0x0,
    0x7f, 0xf0, 0x0, 0x0, 0x0, 0x0, 0x7f, 0xf0,
    0x0, 0x0, 0x0, 0x0, 0x7f, 0xf0, 0x0, 0x0,
    0x8f, 0xff, 0xff, 0xff, 0xff, 0xf1, 0x8f, 0xff,
    0xff, 0xff, 0xff, 0xf1, 0x36, 0x66, 0xdf, 0xf6,
    0x66, 0x60, 0x0, 0x0, 0x7f, 0xf0, 0x0, 0x0,
    0x0, 0x0, 0x7f, 0xf0, 0x0, 0x0, 0x0, 0x0,
    0x7f, 0xf0, 0x0, 0x0, 0x0, 0x0, 0x25, 0x50,
    0x0, 0x0, 0x0, 0x0, 0x0, 0x0, 0x0, 0x0,
    0x36, 0x66, 0x66, 0x66, 0x66, 0x60, 0x8f, 0xff,
    0xff, 0xff, 0xff, 0xf1, 0x8f, 0xff, 0xff, 0xff,
    0xff, 0xf1,

    /* U+00B2 "²" */
    0x2, 0xae, 0xfe, 0xa2, 0x2, 0xff, 0xec, 0xff,
    0xe1, 0x7, 0x50, 0x0, 0xdf, 0x60, 0x0, 0x0,
    0xc, 0xf5, 0x0, 0x0, 0x6, 0xfe, 0x0, 0x0,
    0x7, 0xfe, 0x20, 0x0, 0x8, 0xfe, 0x20, 0x0,
    0xa, 0xfd, 0x10, 0x0, 0xb, 0xff, 0xcb, 0xbb,
    0x90, 0xff, 0xff, 0xff, 0xfd,

    /* U+00B3 "³" */
    0x2f, 0xff, 0xff, 0xff, 0x71, 0xaa, 0xaa, 0xcf,
    0xf3, 0x0, 0x0, 0x1d, 0xf5, 0x0, 0x0, 0xc,
    0xf6, 0x0, 0x0, 0x6, 0xff, 0xd6, 0x0, 0x0,
    0x49, 0xaf, 0xf7, 0x0, 0x0, 0x0, 0x4f, 0xd0,
    0x72, 0x0, 0x6, 0xfd, 0x4f, 0xfe, 0xde, 0xff,
    0x50, 0x6b, 0xef, 0xeb, 0x40,

    /* U+00B4 "´" */
    0x0, 0x1, 0x78, 0x71, 0x0, 0xc, 0xff, 0x50,
    0x0, 0xbf, 0xe3, 0x0, 0x9, 0xfd, 0x20, 0x0,

    /* U+00B5 "µ" */
    0x1f, 0xfc, 0x0, 0x0, 0x0, 0xff, 0xe1, 0xff,
    0xc0, 0x0, 0x0, 0xf, 0xfe, 0x1f, 0xfc, 0x0,
    0x0, 0x0, 0xff, 0xe1, 0xff, 0xc0, 0x0, 0x0,
    0xf, 0xfe, 0x1f, 0xfc, 0x0, 0x0, 0x0, 0xff,
    0xe1, 0xff, 0xc0, 0x0, 0x0, 0xf, 0xfe, 0x1f,
    0xfc, 0x0, 0x0, 0x0, 0xff, 0xe1, 0xff, 0xd0,
    0x0, 0x0, 0x1f, 0xfe, 0x1f, 0xff, 0x0, 0x0,
    0x5, 0xff, 0xe1, 0xff, 0xf7, 0x0, 0x1, 0xdf,
    0xfe, 0x1f, 0xff, 0xfb, 0x89, 0xef, 0xff, 0xe1,
    0xff, 0xff, 0xff, 0xff, 0xee, 0xfe, 0x1f, 0xfc,
    0x7d, 0xfe, 0x91, 0xcf, 0xe1, 0xff, 0xc0, 0x0,
    0x0, 0x0, 0x0, 0x1f, 0xfc, 0x0, 0x0, 0x0,
    0x0, 0x1, 0xff, 0xc0, 0x0, 0x0, 0x0, 0x0,
    0x1f, 0xfc, 0x0, 0x0, 0x0, 0x0, 0x1, 0xff,
    0xc0, 0x0, 0x0, 0x0, 0x0,

    /* U+00B6 "¶" */
    0x0, 0x3a, 0xef, 0xff, 0xff, 0xff, 0xf2, 0x6,
    0xff, 0xff, 0xff, 0xff, 0xff, 0xf2, 0x2f, 0xff,
    0xff, 0xfb, 0x44, 0x6f, 0xf2, 0x7f, 0xff, 0xff,
    0xf9, 0x0, 0x3f, 0xf2, 0x9f, 0xff, 0xff, 0xf9,
    0x0, 0x3f, 0xf2, 0x7f, 0xff, 0xff, 0xf9, 0x0,
    0x3f, 0xf2, 0x2f, 0xff, 0xff, 0xf9, 0x0, 0x3f,
    0xf2, 0x6, 0xff, 0xff, 0xf9, 0x0, 0x3f, 0xf2,
    0x0, 0x3a, 0xdf, 0xf9, 0x0, 0x3f, 0xf2, 0x0,
    0x0, 0xc, 0xf9, 0x0, 0x3f, 0xf2, 0x0, 0x0,
    0xc, 0xf9, 0x0, 0x3f, 0xf2, 0x0, 0x0, 0xc,
    0xf9, 0x0, 0x3f, 0xf2, 0x0, 0x0, 0xc, 0xf9,
    0x0, 0x3f, 0xf2, 0x0, 0x0, 0xc, 0xf9, 0x0,
    0x3f, 0xf2, 0x0, 0x0, 0xc, 0xf9, 0x0, 0x3f,
    0xf2, 0x0, 0x0, 0xc, 0xf9, 0x0, 0x3f, 0xf2,
    0x0, 0x0, 0xc, 0xf9, 0x0, 0x3f, 0xf2, 0x0,
    0x0, 0xc, 0xf9, 0x0, 0x3f, 0xf2, 0x0, 0x0,
    0xc, 0xf9, 0x0, 0x3f, 0xf2, 0x0, 0x0, 0xc,
    0xf9, 0x0, 0x3f, 0xf2, 0x0, 0x0, 0x3, 0x42,
    0x0, 0x4, 0x40,

    /* U+00B7 "·" */
    0x0, 0x0, 0x1, 0xcf, 0x70, 0x8f, 0xff, 0x18,
    0xff, 0xf1, 0x1c, 0xf7, 0x0,

    /* U+00B8 "¸" */
    0x0, 0x64, 0x0, 0x1, 0xf7, 0x0, 0x5, 0xff,
    0xa0, 0x0, 0xb, 0xf4, 0x79, 0x9e, 0xf2, 0x8e,
    0xfd, 0x50,

    /* U+00B9 "¹" */
    0xf, 0xff, 0xf6, 0x0, 0xa, 0xaf, 0xf6, 0x0,
    0x0, 0xb, 0xf6, 0x0, 0x0, 0xb, 0xf6, 0x0,
    0x0, 0xb, 0xf6, 0x0, 0x0, 0xb, 0xf6, 0x0,
    0x0, 0xb, 0xf6, 0x0, 0x0, 0xb, 0xf6, 0x0,
    0x2b, 0xbf, 0xff, 0xb6, 0x3f, 0xff, 0xff, 0xf9,

    /* U+00BA "º" */
    0x0, 0x5c, 0xfe, 0xb3, 0x0, 0x7, 0xff, 0xcc,
    0xff, 0x30, 0x1f, 0xf2, 0x0, 0x6f, 0xc0, 0x5f,
    0xb0, 0x0, 0xf, 0xf0, 0x4f, 0xc0, 0x0, 0x1f,
    0xf0, 0xe, 0xf7, 0x1, 0xaf, 0xa0, 0x4, 0xff,
    0xff, 0xfd, 0x10, 0x0, 0x17, 0xa9, 0x60, 0x0,

    /* U+00BB "»" */
    0x15, 0x51, 0x2, 0x55, 0x0, 0x0, 0xb, 0xfd,
    0x1, 0xef, 0xa0, 0x0, 0x2, 0xff, 0x80, 0x4f,
    0xf5, 0x0, 0x0, 0x6f, 0xf4, 0x9, 0xfe, 0x10,
    0x0, 0xb, 0xfe, 0x10, 0xdf, 0xb0, 0x0, 0x4,
    0xff, 0x50, 0x8f, 0xf2, 0x0, 0xd, 0xfb, 0x2,
    0xff, 0x80, 0x0, 0x9f, 0xe1, 0xc, 0xfc, 0x0,
    0x4, 0xff, 0x50, 0x7f, 0xf2, 0x0, 0x1e, 0xfa,
    0x3, 0xff, 0x60, 0x0,

    /* U+00BC "¼" */
    0xb, 0xbb, 0xb4, 0x0, 0x0, 0x0, 0x0, 0x9,
    0xb3, 0x0, 0x0, 0x0, 0xff, 0xff, 0x60, 0x0,
    0x0, 0x0, 0x7, 0xfc, 0x0, 0x0, 0x0, 0x0,
    0xb, 0xf6, 0x0, 0x0, 0x0, 0x2, 0xff, 0x20,
    0x0, 0x0, 0x0, 0x0, 0xbf, 0x60, 0x0, 0x0,
    0x0, 0xcf, 0x70, 0x0, 0x0, 0x0, 0x0, 0xb,
    0xf6, 0x0, 0x0, 0x0, 0x7f, 0xc0, 0x0, 0x0,
    0x0, 0x0, 0x0, 0xbf, 0x60, 0x0, 0x0, 0x2f,
    0xf2, 0x0, 0x0, 0x0, 0x0, 0x0, 0xb, 0xf6,
    0x0, 0x0, 0xb, 0xf7, 0x0, 0x0, 0x0, 0x0,
    0x0, 0x0, 0xbf, 0x60, 0x0, 0x6, 0xfc, 0x0,
    0x0, 0x28, 0x70, 0x0, 0x0, 0xb, 0xf6, 0x0,
    0x1, 0xff, 0x20, 0x0, 0xd, 0xf6, 0x0, 0x3,
    0xff, 0xff, 0xff, 0x90, 0xbf, 0x80, 0x0, 0x9,
    0xfa, 0x0, 0x0, 0x2b, 0xbb, 0xbb, 0xb6, 0x6f,
    0xd0, 0x0, 0x5, 0xfd, 0x0, 0x0, 0x0, 0x0,
    0x0, 0x0, 0x1e, 0xf3, 0x0, 0x1, 0xef, 0x30,
    0x53, 0x0, 0x0, 0x0, 0x0, 0xb, 0xf8, 0x0,
    0x0, 0xcf, 0x70, 0x2f, 0xa0, 0x0, 0x0, 0x0,
    0x5, 0xfd, 0x0, 0x0, 0x7f, 0xfb, 0xbe, 0xff,
    0xb4, 0x0, 0x0, 0x1, 0xef, 0x30, 0x0, 0x9,
    0xff, 0xff, 0xff, 0xff, 0x60, 0x0, 0x0, 0xaf,
    0x80, 0x0, 0x0, 0x0, 0x0, 0x5, 0xfa, 0x0,
    0x0, 0x0, 0x5f, 0xd0, 0x0, 0x0, 0x0, 0x0,
    0x0, 0x5f, 0xa0, 0x0,

    /* U+00BD "½" */
    0xb, 0xbb, 0xb4, 0x0, 0x0, 0x0, 0x0, 0x9,
    0xb3, 0x0, 0x0, 0xf, 0xff, 0xf6, 0x0, 0x0,
    0x0, 0x0, 0x7f, 0xc0, 0x0, 0x0, 0x0, 0xb,
    0xf6, 0x0, 0x0, 0x0, 0x2, 0xff, 0x20, 0x0,
    0x0, 0x0, 0xb, 0xf6, 0x0, 0x0, 0x0, 0xc,
    0xf7, 0x0, 0x0, 0x0, 0x0, 0xb, 0xf6, 0x0,
    0x0, 0x0, 0x7f, 0xc0, 0x0, 0x0, 0x0, 0x0,
    0xb, 0xf6, 0x0, 0x0, 0x2, 0xff, 0x20, 0x0,
    0x0, 0x0, 0x0, 0xb, 0xf6, 0x0, 0x0, 0xb,
    0xf7, 0x0, 0x0, 0x0, 0x0, 0x0, 0xb, 0xf6,
    0x0, 0x0, 0x6f, 0xc0, 0x2a, 0xef, 0xea, 0x20,
    0x2b, 0xbf, 0xff, 0xb6, 0x1, 0xff, 0x22, 0xff,
    0xfd, 0xff, 0xe1, 0x3f, 0xff, 0xff, 0xf9, 0xb,
    0xf8, 0x0, 0x54, 0x0, 0xd, 0xf6, 0x0, 0x0,
    0x0, 0x0, 0x6f, 0xd0, 0x0, 0x0, 0x0, 0xc,
    0xf5, 0x0, 0x0, 0x0, 0x1, 0xef, 0x30, 0x0,
    0x0, 0x0, 0x6f, 0xe0, 0x0, 0x0, 0x0, 0xb,
    0xf8, 0x0, 0x0, 0x0, 0x7, 0xfe, 0x30, 0x0,
    0x0, 0x0, 0x5f, 0xd0, 0x0, 0x0, 0x0, 0x9f,
    0xe2, 0x0, 0x0, 0x0, 0x1, 0xef, 0x30, 0x0,
    0x0, 0xa, 0xfd, 0x10, 0x0, 0x0, 0x0, 0xa,
    0xf8, 0x0, 0x0, 0x0, 0xbf, 0xfc, 0xbb, 0xb9,
    0x0, 0x0, 0x5f, 0xd0, 0x0, 0x0, 0x0, 0xff,
    0xff, 0xff, 0xfd,

    /* U+00BE "¾" */
    0x1b, 0xbb, 0xbb, 0xbb, 0x40, 0x0, 0x0, 0x0,
    0x9b, 0x30, 0x0, 0x0, 0x2f, 0xff, 0xff, 0xff,
    0x60, 0x0, 0x0, 0x7, 0xfc, 0x0, 0x0, 0x0,
    0x0, 0x0, 0x9, 0xfa, 0x0, 0x0, 0x0, 0x2f,
    0xf2, 0x0, 0x0, 0x0, 0x0, 0x0, 0x7f, 0xb0,
    0x0, 0x0, 0x0, 0xcf, 0x70, 0x0, 0x0, 0x0,
    0x0, 0x4, 0xff, 0x70, 0x0, 0x0, 0x7, 0xfc,
    0x0, 0x0, 0x0, 0x0, 0x0, 0x7, 0xff, 0xfe,
    0x20, 0x0, 0x2f, 0xf2, 0x0, 0x0, 0x0, 0x0,
    0x0, 0x0, 0x1, 0x9f, 0xb0, 0x0, 0xbf, 0x70,
    0x0, 0x0, 0x0, 0x0, 0x0, 0x0, 0x0, 0x2f,
    0xe0, 0x6, 0xfc, 0x0, 0x0, 0x3a, 0x90, 0x0,
    0xc, 0x61, 0x1, 0xaf, 0xb0, 0x1f, 0xf2, 0x0,
    0x0, 0xdf, 0x50, 0x0, 0x4f, 0xff, 0xff, 0xff,
    0x30, 0xbf, 0x80, 0x0, 0xa, 0xf9, 0x0, 0x0,
    0x3, 0x8b, 0xcb, 0x81, 0x6, 0xfd, 0x0, 0x0,
    0x5f, 0xd0, 0x0, 0x0, 0x0, 0x0, 0x0, 0x0,
    0x1e, 0xf3, 0x0, 0x2, 0xff, 0x21, 0x64, 0x0,
    0x0, 0x0, 0x0, 0x0, 0xbf, 0x80, 0x0, 0xc,
    0xf6, 0x2, 0xfa, 0x0, 0x0, 0x0, 0x0, 0x5,
    0xfd, 0x0, 0x0, 0x7f, 0xfb, 0xbe, 0xff, 0xb4,
    0x0, 0x0, 0x0, 0x1e, 0xf3, 0x0, 0x0, 0x9f,
    0xff, 0xff, 0xff, 0xf6, 0x0, 0x0, 0x0, 0xaf,
    0x80, 0x0, 0x0, 0x0, 0x0, 0x5, 0xfa, 0x0,
    0x0, 0x0, 0x5, 0xfd, 0x0, 0x0, 0x0, 0x0,
    0x0, 0x5, 0xfa, 0x0,

    /* U+00BF "¿" */
    0x0, 0x0, 0x6e, 0xc1, 0x0, 0x0, 0x0, 0x0,
    0xf, 0xff, 0x80, 0x0, 0x0, 0x0, 0x0, 0xef,
    0xf7, 0x0, 0x0, 0x0, 0x0, 0x3, 0xa8, 0x0,
    0x0, 0x0, 0x0, 0x0, 0x0, 0x0, 0x0, 0x0,
    0x0, 0x0, 0x2, 0x44, 0x0, 0x0, 0x0, 0x0,
    0x0, 0xcf, 0xf2, 0x0, 0x0, 0x0, 0x0, 0x5f,
    0xfd, 0x0, 0x0, 0x0, 0x0, 0x5f, 0xff, 0x30,
    0x0, 0x0, 0x0, 0x4f, 0xff, 0x40, 0x0, 0x0,
    0x0, 0x1e, 0xff, 0x40, 0x0, 0x0, 0x0, 0x7,
    0xff, 0x90, 0x0, 0x0, 0x0, 0x0, 0x9f, 0xf7,
    0x0, 0x0, 0x1, 0x20, 0x7, 0xff, 0xd1, 0x0,
    0x2, 0xcf, 0x70, 0x2f, 0xff, 0xfb, 0xac, 0xff,
    0xfc, 0x0, 0x6f, 0xff, 0xff, 0xff, 0xfb, 0x10,
    0x0, 0x29, 0xdf, 0xfd, 0xa4, 0x0, 0x0,

    /* U+00C0 "À" */
    0x0, 0x0, 0x5, 0x88, 0x50, 0x0, 0x0, 0x0,
    0x0, 0x0, 0x0, 0x0, 0x1b, 0xff, 0x50, 0x0,
    0x0, 0x0, 0x0, 0x0, 0x0, 0x0, 0xa, 0xff,
    0x30, 0x0, 0x0, 0x0, 0x0, 0x0, 0x0, 0x0,
    0x8, 0xfe, 0x20, 0x0, 0x0, 0x0, 0x0, 0x0,
    0x0, 0x0, 0x0, 0x0, 0x0, 0x0, 0x0, 0x0,
    0x0, 0x0, 0x0, 0x1f, 0xff, 0x40, 0x0, 0x0,
    0x0, 0x0, 0x0, 0x0, 0x8, 0xff, 0xfb, 0x0,
    0x0, 0x0, 0x0, 0x0, 0x0, 0x0, 0xef, 0xff,
    0xf2, 0x0, 0x0, 0x0, 0x0, 0x0, 0x0, 0x5f,
    0xfb, 0xff, 0x90, 0x0, 0x0, 0x0, 0x0, 0x0,
    0xc, 0xff, 0x1d, 0xff, 0x0, 0x0, 0x0, 0x0,
    0x0, 0x3, 0xff, 0x90, 0x7f, 0xf6, 0x0, 0x0,
    0x0, 0x0, 0x0, 0xaf, 0xf3, 0x1, 0xff, 0xd0,
    0x0, 0x0, 0x0, 0x0, 0x1f, 0xfc, 0x0, 0xa,
    0xff, 0x40, 0x0, 0x0, 0x0, 0x7, 0xff, 0x60,
    0x0, 0x3f, 0xfb, 0x0, 0x0, 0x0, 0x0, 0xef,
    0xf0, 0x0, 0x0, 0xdf, 0xf2, 0x0, 0x0, 0x0,
    0x5f, 0xff, 0x77, 0x77, 0x7e, 0xff, 0x90, 0x0,
    0x0, 0xc, 0xff, 0xff, 0xff, 0xff, 0xff, 0xff,
    0x0, 0x0, 0x3, 0xff, 0xff, 0xff, 0xff, 0xff,
    0xff, 0xf6, 0x0, 0x0, 0x9f, 0xf6, 0x0, 0x0,
    0x0, 0x3, 0xff, 0xd0, 0x0, 0x1f, 0xff, 0x0,
    0x0, 0x0, 0x0, 0xc, 0xff, 0x40, 0x7, 0xff,
    0x90, 0x0, 0x0, 0x0, 0x0, 0x6f, 0xfb, 0x0,
    0xef, 0xf2, 0x0, 0x0, 0x0, 0x0, 0x0, 0xff,
    0xf2,

    /* U+00C1 "Á" */
    0x0, 0x0, 0x0, 0x0, 0x0, 0x38, 0x86, 0x0,
    0x0, 0x0, 0x0, 0x0, 0x0, 0x0, 0x2e, 0xfd,
    0x20, 0x0, 0x0, 0x0, 0x0, 0x0, 0x0, 0x1e,
    0xfc, 0x10, 0x0, 0x0, 0x0, 0x0, 0x0, 0x0,
    0xd, 0xfb, 0x0, 0x0, 0x0, 0x0, 0x0, 0x0,
    0x0, 0x0, 0x0, 0x0, 0x0, 0x0, 0x0, 0x0,
    0x0, 0x0, 0x0, 0x1f, 0xff, 0x40, 0x0, 0x0,
    0x0, 0x0, 0x0, 0x0, 0x8, 0xff, 0xfb, 0x0,
    0x0, 0x0, 0x0, 0x0, 0x0, 0x0, 0xef, 0xff,
    0xf2, 0x0, 0x0, 0x0, 0x0, 0x0, 0x0, 0x5f,
    0xfb, 0xff, 0x90, 0x0, 0x0, 0x0, 0x0, 0x0,
    0xc, 0xff, 0x1d, 0xff, 0x0, 0x0, 0x0, 0x0,
    0x0, 0x3, 0xff, 0x90, 0x7f, 0xf6, 0x0, 0x0,
    0x0, 0x0, 0x0, 0xaf, 0xf3, 0x1, 0xff, 0xd0,
    0x0, 0x0, 0x0, 0x0, 0x1f, 0xfc, 0x0, 0xa,
    0xff, 0x40, 0x0, 0x0, 0x0, 0x7, 0xff, 0x60,
    0x0, 0x3f, 0xfb, 0x0, 0x0, 0x0, 0x0, 0xef,
    0xf0, 0x0, 0x0, 0xdf, 0xf2, 0x0, 0x0, 0x0,
    0x5f, 0xff, 0x77, 0x77, 0x7e, 0xff, 0x90, 0x0,
    0x0, 0xc, 0xff, 0xff, 0xff, 0xff, 0xff, 0xff,
    0x0, 0x0, 0x3, 0xff, 0xff, 0xff, 0xff, 0xff,
    0xff, 0xf6, 0x0, 0x0, 0x9f, 0xf6, 0x0, 0x0,
    0x0, 0x3, 0xff, 0xd0, 0x0, 0x1f, 0xff, 0x0,
    0x0, 0x0, 0x0, 0xc, 0xff, 0x40, 0x7, 0xff,
    0x90, 0x0, 0x0, 0x0, 0x0, 0x6f, 0xfb, 0x0,
    0xef, 0xf2, 0x0, 0x0, 0x0, 0x0, 0x0, 0xff,
    0xf2,

    /* U+00C2 "Â" */
    0x0, 0x0, 0x0, 0x0, 0x78, 0x71, 0x0, 0x0,
    0x0, 0x0, 0x0, 0x0, 0x0, 0x9f, 0xff, 0xc0,
    0x0, 0x0, 0x0, 0x0, 0x0, 0x0, 0x7f, 0xe4,
    0xdf, 0xa0, 0x0, 0x0, 0x0, 0x0, 0x0, 0x5f,
    0xe2, 0x1, 0xdf, 0x80, 0x0, 0x0, 0x0, 0x0,
    0x0, 0x0, 0x0, 0x0, 0x0, 0x0, 0x0, 0x0,
    0x0, 0x0, 0x0, 0x1f, 0xff, 0x40, 0x0, 0x0,
    0x0, 0x0, 0x0, 0x0, 0x8, 0xff, 0xfb, 0x0,
    0x0, 0x0, 0x0, 0x0, 0x0, 0x0, 0xef, 0xff,
    0xf2, 0x0, 0x0, 0x0, 0x0, 0x0, 0x0, 0x5f,
    0xfb, 0xff, 0x90, 0x0, 0x0, 0x0, 0x0, 0x0,
    0xc, 0xff, 0x1d, 0xff, 0x0, 0x0, 0x0, 0x0,
    0x0, 0x3, 0xff, 0x90, 0x7f, 0xf6, 0x0, 0x0,
    0x0, 0x0, 0x0, 0xaf, 0xf3, 0x1, 0xff, 0xd0,
    0x0, 0x0, 0x0, 0x0, 0x1f, 0xfc, 0x0, 0xa,
    0xff, 0x40, 0x0, 0x0, 0x0, 0x7, 0xff, 0x60,
    0x0, 0x3f, 0xfb, 0x0, 0x0, 0x0, 0x0, 0xef,
    0xf0, 0x0, 0x0, 0xdf, 0xf2, 0x0, 0x0, 0x0,
    0x5f, 0xff, 0x77, 0x77, 0x7e, 0xff, 0x90, 0x0,
    0x0, 0xc, 0xff, 0xff, 0xff, 0xff, 0xff, 0xff,
    0x0, 0x0, 0x3, 0xff, 0xff, 0xff, 0xff, 0xff,
    0xff, 0xf6, 0x0, 0x0, 0x9f, 0xf6, 0x0, 0x0,
    0x0, 0x3, 0xff, 0xd0, 0x0, 0x1f, 0xff, 0x0,
    0x0, 0x0, 0x0, 0xc, 0xff, 0x40, 0x7, 0xff,
    0x90, 0x0, 0x0, 0x0, 0x0, 0x6f, 0xfb, 0x0,
    0xef, 0xf2, 0x0, 0x0, 0x0, 0x0, 0x0, 0xff,
    0xf2,

    /* U+00C3 "Ã" */
    0x0, 0x0, 0x0, 0x6d, 0xb2, 0x0, 0x9d, 0x0,
    0x0, 0x0, 0x0, 0x0, 0x3f, 0xff, 0xf5, 0x2f,
    0xc0, 0x0, 0x0, 0x0, 0x0, 0xa, 0xf4, 0x3e,
    0xff, 0xf6, 0x0, 0x0, 0x0, 0x0, 0x0, 0xbd,
    0x0, 0x1a, 0xe9, 0x0, 0x0, 0x0, 0x0, 0x0,
    0x0, 0x0, 0x0, 0x0, 0x0, 0x0, 0x0, 0x0,
    0x0, 0x0, 0x0, 0x1f, 0xff, 0x40, 0x0, 0x0,
    0x0, 0x0, 0x0, 0x0, 0x8, 0xff, 0xfb, 0x0,
    0x0, 0x0, 0x0, 0x0, 0x0, 0x0, 0xef, 0xff,
    0xf2, 0x0, 0x0, 0x0, 0x0, 0x0, 0x0, 0x5f,
    0xfb, 0xff, 0x90, 0x0, 0x0, 0x0, 0x0, 0x0,
    0xc, 0xff, 0x1d, 0xff, 0x0, 0x0, 0x0, 0x0,
    0x0, 0x3, 0xff, 0x90, 0x7f, 0xf6, 0x0, 0x0,
    0x0, 0x0, 0x0, 0xaf, 0xf3, 0x1, 0xff, 0xd0,
    0x0, 0x0, 0x0, 0x0, 0x1f, 0xfc, 0x0, 0xa,
    0xff, 0x40, 0x0, 0x0, 0x0, 0x7, 0xff, 0x60,
    0x0, 0x3f, 0xfb, 0x0, 0x0, 0x0, 0x0, 0xef,
    0xf0, 0x0, 0x0, 0xdf, 0xf2, 0x0, 0x0, 0x0,
    0x5f, 0xff, 0x77, 0x77, 0x7e, 0xff, 0x90, 0x0,
    0x0, 0xc, 0xff, 0xff, 0xff, 0xff, 0xff, 0xff,
    0x0, 0x0, 0x3, 0xff, 0xff, 0xff, 0xff, 0xff,
    0xff, 0xf6, 0x0, 0x0, 0x9f, 0xf6, 0x0, 0x0,
    0x0, 0x3, 0xff, 0xd0, 0x0, 0x1f, 0xff, 0x0,
    0x0, 0x0, 0x0, 0xc, 0xff, 0x40, 0x7, 0xff,
    0x90, 0x0, 0x0, 0x0, 0x0, 0x6f, 0xfb, 0x0,
    0xef, 0xf2, 0x0, 0x0, 0x0, 0x0, 0x0, 0xff,
    0xf2,

    /* U+00C4 "Ä" */
    0x0, 0x0, 0x0, 0x9f, 0x50, 0x3e, 0xb0, 0x0,
    0x0, 0x0, 0x0, 0x0, 0xf, 0xfb, 0x8, 0xff,
    0x20, 0x0, 0x0, 0x0, 0x0, 0x0, 0x8d, 0x50,
    0x2d, 0xb0, 0x0, 0x0, 0x0, 0x0, 0x0, 0x0,
    0x0, 0x0, 0x0, 0x0, 0x0, 0x0, 0x0, 0x0,
    0x0, 0x1, 0xff, 0xf4, 0x0, 0x0, 0x0, 0x0,
    0x0, 0x0, 0x0, 0x8f, 0xff, 0xb0, 0x0, 0x0,
    0x0, 0x0, 0x0, 0x0, 0xe, 0xff, 0xff, 0x20,
    0x0, 0x0, 0x0, 0x0, 0x0, 0x5, 0xff, 0xbf,
    0xf9, 0x0, 0x0, 0x0, 0x0, 0x0, 0x0, 0xcf,
    0xf1, 0xdf, 0xf0, 0x0, 0x0, 0x0, 0x0, 0x0,
    0x3f, 0xf9, 0x7, 0xff, 0x60, 0x0, 0x0, 0x0,
    0x0, 0xa, 0xff, 0x30, 0x1f, 0xfd, 0x0, 0x0,
    0x0, 0x0, 0x1, 0xff, 0xc0, 0x0, 0xaf, 0xf4,
    0x0, 0x0, 0x0, 0x0, 0x7f, 0xf6, 0x0, 0x3,
    0xff, 0xb0, 0x0, 0x0, 0x0, 0xe, 0xff, 0x0,
    0x0, 0xd, 0xff, 0x20, 0x0, 0x0, 0x5, 0xff,
    0xf7, 0x77, 0x77, 0xef, 0xf9, 0x0, 0x0, 0x0,
    0xcf, 0xff, 0xff, 0xff, 0xff, 0xff, 0xf0, 0x0,
    0x0, 0x3f, 0xff, 0xff, 0xff, 0xff, 0xff, 0xff,
    0x60, 0x0, 0x9, 0xff, 0x60, 0x0, 0x0, 0x0,
    0x3f, 0xfd, 0x0, 0x1, 0xff, 0xf0, 0x0, 0x0,
    0x0, 0x0, 0xcf, 0xf4, 0x0, 0x7f, 0xf9, 0x0,
    0x0, 0x0, 0x0, 0x6, 0xff, 0xb0, 0xe, 0xff,
    0x20, 0x0, 0x0, 0x0, 0x0, 0xf, 0xff, 0x20,

    /* U+00C5 "Å" */
    0x0, 0x0, 0x0, 0x0, 0x0, 0x0, 0x0, 0x0,
    0x0, 0x0, 0x0, 0x0, 0x0, 0x1b, 0xfd, 0x30,
    0x0, 0x0, 0x0, 0x0, 0x0, 0x0, 0xb, 0xb4,
    0xae, 0x0, 0x0, 0x0, 0x0, 0x0, 0x0, 0x0,
    0xf3, 0x0, 0xf3, 0x0, 0x0, 0x0, 0x0, 0x0,
    0x0, 0xf, 0x40, 0x1f, 0x20, 0x0, 0x0, 0x0,
    0x0, 0x0, 0x0, 0x9e, 0x8d, 0xc0, 0x0, 0x0,
    0x0, 0x0, 0x0, 0x0, 0x0, 0x7a, 0x80, 0x0,
    0x0, 0x0, 0x0, 0x0, 0x0, 0x0, 0x1f, 0xff,
    0x40, 0x0, 0x0, 0x0, 0x0, 0x0, 0x0, 0x8,
    0xff, 0xfb, 0x0, 0x0, 0x0, 0x0, 0x0, 0x0,
    0x0, 0xef, 0xff, 0xf2, 0x0, 0x0, 0x0, 0x0,
    0x0, 0x0, 0x5f, 0xfb, 0xff, 0x90, 0x0, 0x0,
    0x0, 0x0, 0x0, 0xc, 0xff, 0x1d, 0xff, 0x0,
    0x0, 0x0, 0x0, 0x0, 0x3, 0xff, 0x90, 0x7f,
    0xf6, 0x0, 0x0, 0x0, 0x0, 0x0, 0xaf, 0xf3,
    0x1, 0xff, 0xd0, 0x0, 0x0, 0x0, 0x0, 0x1f,
    0xfc, 0x0, 0xa, 0xff, 0x40, 0x0, 0x0, 0x0,
    0x7, 0xff, 0x60, 0x0, 0x3f, 0xfb, 0x0, 0x0,
    0x0, 0x0, 0xef, 0xf0, 0x0, 0x0, 0xdf, 0xf2,
    0x0, 0x0, 0x0, 0x5f, 0xff, 0x77, 0x77, 0x7e,
    0xff, 0x90, 0x0, 0x0, 0xc, 0xff, 0xff, 0xff,
    0xff, 0xff, 0xff, 0x0, 0x0, 0x3, 0xff, 0xff,
    0xff, 0xff, 0xff, 0xff, 0xf6, 0x0, 0x0, 0x9f,
    0xf6, 0x0, 0x0, 0x0, 0x3, 0xff, 0xd0, 0x0,
    0x1f, 0xff, 0x0, 0x0, 0x0, 0x0, 0xc, 0xff,
    0x40, 0x7, 0xff, 0x90, 0x0, 0x0, 0x0, 0x0,
    0x6f, 0xfb, 0x0, 0xef, 0xf2, 0x0, 0x0, 0x0,
    0x0, 0x0, 0xff, 0xf2,

    /* U+00C6 "Æ" */
    0x0, 0x0, 0x0, 0x0, 0x1, 0xff, 0xff, 0xff,
    0xff, 0xff, 0xff, 0xff, 0x0, 0x0, 0x0, 0x0,
    0x0, 0x9f, 0xff, 0xff, 0xff, 0xff, 0xff, 0xff,
    0xf0, 0x0, 0x0, 0x0, 0x0, 0x2f, 0xff, 0xff,
    0xfb, 0xaa, 0xaa, 0xaa, 0xa9, 0x0, 0x0, 0x0,
    0x0, 0xb, 0xff, 0x3c, 0xff, 0x30, 0x0, 0x0,
    0x0, 0x0, 0x0, 0x0, 0x0, 0x4, 0xff, 0xb0,
    0xcf, 0xf3, 0x0, 0x0, 0x0, 0x0, 0x0, 0x0,
    0x0, 0x0, 0xcf, 0xf2, 0xc, 0xff, 0x30, 0x0,
    0x0, 0x0, 0x0, 0x0, 0x0, 0x0, 0x5f, 0xfa,
    0x0, 0xcf, 0xf3, 0x0, 0x0, 0x0, 0x0, 0x0,
    0x0, 0x0, 0xd, 0xff, 0x10, 0xc, 0xff, 0xff,
    0xff, 0xff, 0xff, 0x0, 0x0, 0x0, 0x7, 0xff,
    0x80, 0x0, 0xcf, 0xff, 0xff, 0xff, 0xff, 0xf0,
    0x0, 0x0, 0x1, 0xef, 0xe1, 0x0, 0xc, 0xff,
    0xc9, 0x99, 0x99, 0x98, 0x0, 0x0, 0x0, 0x8f,
    0xfe, 0x77, 0x77, 0xff, 0xf3, 0x0, 0x0, 0x0,
    0x0, 0x0, 0x0, 0x1f, 0xff, 0xff, 0xff, 0xff,
    0xff, 0x30, 0x0, 0x0, 0x0, 0x0, 0x0, 0xa,
    0xff, 0xff, 0xff, 0xff, 0xff, 0xf3, 0x0, 0x0,
    0x0, 0x0, 0x0, 0x3, 0xff, 0xd0, 0x0, 0x0,
    0xc, 0xff, 0x30, 0x0, 0x0, 0x0, 0x0, 0x0,
    0xbf, 0xf5, 0x0, 0x0, 0x0, 0xcf, 0xfb, 0xaa,
    0xaa, 0xaa, 0xaa, 0x20, 0x4f, 0xfc, 0x0, 0x0,
    0x0, 0xc, 0xff, 0xff, 0xff, 0xff, 0xff, 0xf4,
    0xd, 0xff, 0x30, 0x0, 0x0, 0x0, 0xcf, 0xff,
    0xff, 0xff, 0xff, 0xff, 0x40,

    /* U+00C7 "Ç" */
    0x0, 0x0, 0x17, 0xbe, 0xfe, 0xc8, 0x20, 0x0,
    0x0, 0x6, 0xff, 0xff, 0xff, 0xff, 0xf8, 0x0,
    0x0, 0x9f, 0xff, 0xfe, 0xcd, 0xff, 0xff, 0xa0,
    0x6, 0xff, 0xfb, 0x30, 0x0, 0x7, 0xff, 0x50,
    0x1f, 0xff, 0x80, 0x0, 0x0, 0x0, 0x34, 0x0,
    0x7f, 0xfc, 0x0, 0x0, 0x0, 0x0, 0x0, 0x0,
    0xbf, 0xf5, 0x0, 0x0, 0x0, 0x0, 0x0, 0x0,
    0xef, 0xf2, 0x0, 0x0, 0x0, 0x0, 0x0, 0x0,
    0xff, 0xf0, 0x0, 0x0, 0x0, 0x0, 0x0, 0x0,
    0xef, 0xf1, 0x0, 0x0, 0x0, 0x0, 0x0, 0x0,
    0xcf, 0xf5, 0x0, 0x0, 0x0, 0x0, 0x0, 0x0,
    0x7f, 0xfc, 0x0, 0x0, 0x0, 0x0, 0x0, 0x0,
    0x1f, 0xff, 0x80, 0x0, 0x0, 0x0, 0x34, 0x0,
    0x7, 0xff, 0xfb, 0x20, 0x0, 0x6, 0xff, 0x50,
    0x0, 0x9f, 0xff, 0xfe, 0xcc, 0xff, 0xff, 0xa0,
    0x0, 0x7, 0xff, 0xff, 0xff, 0xff, 0xf8, 0x0,
    0x0, 0x0, 0x17, 0xcf, 0xff, 0xc8, 0x20, 0x0,
    0x0, 0x0, 0x0, 0x8, 0xf1, 0x0, 0x0, 0x0,
    0x0, 0x0, 0x0, 0xb, 0xff, 0x50, 0x0, 0x0,
    0x0, 0x0, 0x0, 0x0, 0x1f, 0xd0, 0x0, 0x0,
    0x0, 0x0, 0x0, 0xb9, 0xbf, 0xb0, 0x0, 0x0,
    0x0, 0x0, 0x2, 0xcf, 0xea, 0x10, 0x0, 0x0,

    /* U+00C8 "È" */
    0x1, 0x78, 0x70, 0x0, 0x0, 0x0, 0x0, 0x6,
    0xff, 0xb0, 0x0, 0x0, 0x0, 0x0, 0x4, 0xff,
    0xa0, 0x0, 0x0, 0x0, 0x0, 0x2, 0xef, 0x80,
    0x0, 0x0, 0x0, 0x0, 0x0, 0x0, 0x0, 0x0,
    0xd, 0xff, 0xff, 0xff, 0xff, 0xff, 0xe0, 0xdf,
    0xff, 0xff, 0xff, 0xff, 0xfe, 0xd, 0xff, 0xaa,
    0xaa, 0xaa, 0xaa, 0x90, 0xdf, 0xf2, 0x0, 0x0,
    0x0, 0x0, 0xd, 0xff, 0x20, 0x0, 0x0, 0x0,
    0x0, 0xdf, 0xf2, 0x0, 0x0, 0x0, 0x0, 0xd,
    0xff, 0x20, 0x0, 0x0, 0x0, 0x0, 0xdf, 0xff,
    0xff, 0xff, 0xff, 0xe0, 0xd, 0xff, 0xff, 0xff,
    0xff, 0xfe, 0x0, 0xdf, 0xfb, 0x99, 0x99, 0x99,
    0x80, 0xd, 0xff, 0x20, 0x0, 0x0, 0x0, 0x0,
    0xdf, 0xf2, 0x0, 0x0, 0x0, 0x0, 0xd, 0xff,
    0x20, 0x0, 0x0, 0x0, 0x0, 0xdf, 0xf2, 0x0,
    0x0, 0x0, 0x0, 0xd, 0xff, 0xaa, 0xaa, 0xaa,
    0xaa, 0xa2, 0xdf, 0xff, 0xff, 0xff, 0xff, 0xff,
    0x3d, 0xff, 0xff, 0xff, 0xff, 0xff, 0xf3,

    /* U+00C9 "É" */
    0x0, 0x0, 0x0, 0x7, 0x88, 0x20, 0x0, 0x0,
    0x0, 0xa, 0xff, 0x70, 0x0, 0x0, 0x0, 0x8,
    0xff, 0x50, 0x0, 0x0, 0x0, 0x6, 0xfe, 0x30,
    0x0, 0x0, 0x0, 0x0, 0x0, 0x0, 0x0, 0x0,
    0xd, 0xff, 0xff, 0xff, 0xff, 0xff, 0xe0, 0xdf,
    0xff, 0xff, 0xff, 0xff, 0xfe, 0xd, 0xff, 0xaa,
    0xaa, 0xaa, 0xaa, 0x90, 0xdf, 0xf2, 0x0, 0x0,
    0x0, 0x0, 0xd, 0xff, 0x20, 0x0, 0x0, 0x0,
    0x0, 0xdf, 0xf2, 0x0, 0x0, 0x0, 0x0, 0xd,
    0xff, 0x20, 0x0, 0x0, 0x0, 0x0, 0xdf, 0xff,
    0xff, 0xff, 0xff, 0xe0, 0xd, 0xff, 0xff, 0xff,
    0xff, 0xfe, 0x0, 0xdf, 0xfb, 0x99, 0x99, 0x99,
    0x80, 0xd, 0xff, 0x20, 0x0, 0x0, 0x0, 0x0,
    0xdf, 0xf2, 0x0, 0x0, 0x0, 0x0, 0xd, 0xff,
    0x20, 0x0, 0x0, 0x0, 0x0, 0xdf, 0xf2, 0x0,
    0x0, 0x0, 0x0, 0xd, 0xff, 0xaa, 0xaa, 0xaa,
    0xaa, 0xa2, 0xdf, 0xff, 0xff, 0xff, 0xff, 0xff,
    0x3d, 0xff, 0xff, 0xff, 0xff, 0xff, 0xf3,

    /* U+00CA "Ê" */
    0x0, 0x0, 0x38, 0x84, 0x0, 0x0, 0x0, 0x0,
    0x3f, 0xff, 0xf4, 0x0, 0x0, 0x0, 0x1e, 0xf9,
    0x7f, 0xf2, 0x0, 0x0, 0x1d, 0xf8, 0x0, 0x7f,
    0xe1, 0x0, 0x0, 0x0, 0x0, 0x0, 0x0, 0x0,
    0xd, 0xff, 0xff, 0xff, 0xff, 0xff, 0xe0, 0xdf,
    0xff, 0xff, 0xff, 0xff, 0xfe, 0xd, 0xff, 0xaa,
    0xaa, 0xaa, 0xaa, 0x90, 0xdf, 0xf2, 0x0, 0x0,
    0x0, 0x0, 0xd, 0xff, 0x20, 0x0, 0x0, 0x0,
    0x0, 0xdf, 0xf2, 0x0, 0x0, 0x0, 0x0, 0xd,
    0xff, 0x20, 0x0, 0x0, 0x0, 0x0, 0xdf, 0xff,
    0xff, 0xff, 0xff, 0xe0, 0xd, 0xff, 0xff, 0xff,
    0xff, 0xfe, 0x0, 0xdf, 0xfb, 0x99, 0x99, 0x99,
    0x80, 0xd, 0xff, 0x20, 0x0, 0x0, 0x0, 0x0,
    0xdf, 0xf2, 0x0, 0x0, 0x0, 0x0, 0xd, 0xff,
    0x20, 0x0, 0x0, 0x0, 0x0, 0xdf, 0xf2, 0x0,
    0x0, 0x0, 0x0, 0xd, 0xff, 0xaa, 0xaa, 0xaa,
    0xaa, 0xa2, 0xdf, 0xff, 0xff, 0xff, 0xff, 0xff,
    0x3d, 0xff, 0xff, 0xff, 0xff, 0xff, 0xf3,

    /* U+00CB "Ë" */
    0x0, 0x3e, 0xb0, 0xa, 0xe4, 0x0, 0x0, 0x8,
    0xff, 0x20, 0xff, 0x90, 0x0, 0x0, 0x2d, 0xa0,
    0x9, 0xd3, 0x0, 0x0, 0x0, 0x0, 0x0, 0x0,
    0x0, 0x0, 0xdf, 0xff, 0xff, 0xff, 0xff, 0xfe,
    0xd, 0xff, 0xff, 0xff, 0xff, 0xff, 0xe0, 0xdf,
    0xfa, 0xaa, 0xaa, 0xaa, 0xa9, 0xd, 0xff, 0x20,
    0x0, 0x0, 0x0, 0x0, 0xdf, 0xf2, 0x0, 0x0,
    0x0, 0x0, 0xd, 0xff, 0x20, 0x0, 0x0, 0x0,
    0x0, 0xdf, 0xf2, 0x0, 0x0, 0x0, 0x0, 0xd,
    0xff, 0xff, 0xff, 0xff, 0xfe, 0x0, 0xdf, 0xff,
    0xff, 0xff, 0xff, 0xe0, 0xd, 0xff, 0xb9, 0x99,
    0x99, 0x98, 0x0, 0xdf, 0xf2, 0x0, 0x0, 0x0,
    0x0, 0xd, 0xff, 0x20, 0x0, 0x0, 0x0, 0x0,
    0xdf, 0xf2, 0x0, 0x0, 0x0, 0x0, 0xd, 0xff,
    0x20, 0x0, 0x0, 0x0, 0x0, 0xdf, 0xfa, 0xaa,
    0xaa, 0xaa, 0xaa, 0x2d, 0xff, 0xff, 0xff, 0xff,
    0xff, 0xf3, 0xdf, 0xff, 0xff, 0xff, 0xff, 0xff,
    0x30,

    /* U+00CC "Ì" */
    0x48, 0x85, 0x0, 0x0, 0xbf, 0xf5, 0x0, 0x0,
    0x9f, 0xf4, 0x0, 0x0, 0x7f, 0xf3, 0x0, 0x0,
    0x0, 0x0, 0x0, 0xdf, 0xf2, 0x0, 0xd, 0xff,
    0x20, 0x0, 0xdf, 0xf2, 0x0, 0xd, 0xff, 0x20,
    0x0, 0xdf, 0xf2, 0x0, 0xd, 0xff, 0x20, 0x0,
    0xdf, 0xf2, 0x0, 0xd, 0xff, 0x20, 0x0, 0xdf,
    0xf2, 0x0, 0xd, 0xff, 0x20, 0x0, 0xdf, 0xf2,
    0x0, 0xd, 0xff, 0x20, 0x0, 0xdf, 0xf2, 0x0,
    0xd, 0xff, 0x20, 0x0, 0xdf, 0xf2, 0x0, 0xd,
    0xff, 0x20, 0x0, 0xdf, 0xf2,

    /* U+00CD "Í" */
    0x0, 0x3, 0x88, 0x70, 0x0, 0x2e, 0xfe, 0x20,
    0x1, 0xdf, 0xd1, 0x0, 0xc, 0xfb, 0x0, 0x0,
    0x0, 0x0, 0x0, 0x0, 0xd, 0xff, 0x20, 0x0,
    0xd, 0xff, 0x20, 0x0, 0xd, 0xff, 0x20, 0x0,
    0xd, 0xff, 0x20, 0x0, 0xd, 0xff, 0x20, 0x0,
    0xd, 0xff, 0x20, 0x0, 0xd, 0xff, 0x20, 0x0,
    0xd, 0xff, 0x20, 0x0, 0xd, 0xff, 0x20, 0x0,
    0xd, 0xff, 0x20, 0x0, 0xd, 0xff, 0x20, 0x0,
    0xd, 0xff, 0x20, 0x0, 0xd, 0xff, 0x20, 0x0,
    0xd, 0xff, 0x20, 0x0, 0xd, 0xff, 0x20, 0x0,
    0xd, 0xff, 0x20, 0x0, 0xd, 0xff, 0x20, 0x0,

    /* U+00CE "Î" */
    0x0, 0x6, 0x87, 0x10, 0x0, 0x0, 0x8f, 0xff,
    0xc0, 0x0, 0x6, 0xff, 0x5c, 0xfb, 0x0, 0x4f,
    0xf3, 0x0, 0xcf, 0x90, 0x0, 0x0, 0x0, 0x0,
    0x0, 0x0, 0xd, 0xff, 0x20, 0x0, 0x0, 0xd,
    0xff, 0x20, 0x0, 0x0, 0xd, 0xff, 0x20, 0x0,
    0x0, 0xd, 0xff, 0x20, 0x0, 0x0, 0xd, 0xff,
    0x20, 0x0, 0x0, 0xd, 0xff, 0x20, 0x0, 0x0,
    0xd, 0xff, 0x20, 0x0, 0x0, 0xd, 0xff, 0x20,
    0x0, 0x0, 0xd, 0xff, 0x20, 0x0, 0x0, 0xd,
    0xff, 0x20, 0x0, 0x0, 0xd, 0xff, 0x20, 0x0,
    0x0, 0xd, 0xff, 0x20, 0x0, 0x0, 0xd, 0xff,
    0x20, 0x0, 0x0, 0xd, 0xff, 0x20, 0x0, 0x0,
    0xd, 0xff, 0x20, 0x0, 0x0, 0xd, 0xff, 0x20,
    0x0, 0x0, 0xd, 0xff, 0x20, 0x0,

    /* U+00CF "Ï" */
    0x8f, 0x60, 0x2e, 0xc0, 0xef, 0xc0, 0x7f, 0xf3,
    0x7e, 0x50, 0x2d, 0xb0, 0x0, 0x0, 0x0, 0x0,
    0x0, 0xdf, 0xf2, 0x0, 0x0, 0xdf, 0xf2, 0x0,
    0x0, 0xdf, 0xf2, 0x0, 0x0, 0xdf, 0xf2, 0x0,
    0x0, 0xdf, 0xf2, 0x0, 0x0, 0xdf, 0xf2, 0x0,
    0x0, 0xdf, 0xf2, 0x0, 0x0, 0xdf, 0xf2, 0x0,
    0x0, 0xdf, 0xf2, 0x0, 0x0, 0xdf, 0xf2, 0x0,
    0x0, 0xdf, 0xf2, 0x0, 0x0, 0xdf, 0xf2, 0x0,
    0x0, 0xdf, 0xf2, 0x0, 0x0, 0xdf, 0xf2, 0x0,
    0x0, 0xdf, 0xf2, 0x0, 0x0, 0xdf, 0xf2, 0x0,
    0x0, 0xdf, 0xf2, 0x0,

    /* U+00D0 "Ð" */
    0x0, 0x9f, 0xff, 0xff, 0xff, 0xfc, 0x82, 0x0,
    0x0, 0x0, 0x9, 0xff, 0xff, 0xff, 0xff, 0xff,
    0xf9, 0x0, 0x0, 0x0, 0x9f, 0xfc, 0xaa, 0xaa,
    0xcf, 0xff, 0xfd, 0x0, 0x0, 0x9, 0xff, 0x60,
    0x0, 0x0, 0x7, 0xff, 0xfb, 0x0, 0x0, 0x9f,
    0xf6, 0x0, 0x0, 0x0, 0x4, 0xff, 0xf5, 0x0,
    0x9, 0xff, 0x60, 0x0, 0x0, 0x0, 0x8, 0xff,
    0xb0, 0x0, 0x9f, 0xf6, 0x0, 0x0, 0x0, 0x0,
    0x1f, 0xff, 0xd, 0xff, 0xff, 0xff, 0xff, 0xb0,
    0x0, 0x0, 0xef, 0xf2, 0xdf, 0xff, 0xff, 0xff,
    0xfb, 0x0, 0x0, 0xd, 0xff, 0x34, 0x4e, 0xff,
    0xa4, 0x44, 0x30, 0x0, 0x0, 0xef, 0xf2, 0x0,
    0x9f, 0xf6, 0x0, 0x0, 0x0, 0x0, 0x2f, 0xff,
    0x0, 0x9, 0xff, 0x60, 0x0, 0x0, 0x0, 0x8,
    0xff, 0xb0, 0x0, 0x9f, 0xf6, 0x0, 0x0, 0x0,
    0x4, 0xff, 0xf5, 0x0, 0x9, 0xff, 0x60, 0x0,
    0x0, 0x7, 0xff, 0xfb, 0x0, 0x0, 0x9f, 0xfc,
    0xaa, 0xaa, 0xcf, 0xff, 0xfd, 0x0, 0x0, 0x9,
    0xff, 0xff, 0xff, 0xff, 0xff, 0xf9, 0x0, 0x0,
    0x0, 0x9f, 0xff, 0xff, 0xff, 0xfc, 0x82, 0x0,
    0x0, 0x0,

    /* U+00D1 "Ñ" */
    0x0, 0x0, 0x9d, 0x90, 0x0, 0xd9, 0x0, 0x0,
    0x0, 0x8f, 0xff, 0xd2, 0x5f, 0x80, 0x0, 0x0,
    0xe, 0xe1, 0x6f, 0xff, 0xf2, 0x0, 0x0, 0x0,
    0xe9, 0x0, 0x3c, 0xd5, 0x0, 0x0, 0x0, 0x0,
    0x0, 0x0, 0x0, 0x0, 0x0, 0xd, 0xfe, 0x10,
    0x0, 0x0, 0x0, 0x8f, 0xf7, 0xdf, 0xfc, 0x0,
    0x0, 0x0, 0x8, 0xff, 0x7d, 0xff, 0xf9, 0x0,
    0x0, 0x0, 0x8f, 0xf7, 0xdf, 0xff, 0xf5, 0x0,
    0x0, 0x8, 0xff, 0x7d, 0xff, 0xff, 0xf2, 0x0,
    0x0, 0x8f, 0xf7, 0xdf, 0xff, 0xff, 0xd0, 0x0,
    0x8, 0xff, 0x7d, 0xff, 0x5f, 0xff, 0xa0, 0x0,
    0x8f, 0xf7, 0xdf, 0xf2, 0x6f, 0xff, 0x70, 0x8,
    0xff, 0x7d, 0xff, 0x20, 0x9f, 0xff, 0x40, 0x8f,
    0xf7, 0xdf, 0xf2, 0x0, 0xcf, 0xfe, 0x18, 0xff,
    0x7d, 0xff, 0x20, 0x1, 0xef, 0xfc, 0x8f, 0xf7,
    0xdf, 0xf2, 0x0, 0x4, 0xff, 0xff, 0xff, 0x7d,
    0xff, 0x20, 0x0, 0x7, 0xff, 0xff, 0xf7, 0xdf,
    0xf2, 0x0, 0x0, 0xb, 0xff, 0xff, 0x7d, 0xff,
    0x20, 0x0, 0x0, 0x1d, 0xff, 0xf7, 0xdf, 0xf2,
    0x0, 0x0, 0x0, 0x3f, 0xff, 0x7d, 0xff, 0x20,
    0x0, 0x0, 0x0, 0x6f, 0xf7,

    /* U+00D2 "Ò" */
    0x0, 0x0, 0x5f, 0xfd, 0x10, 0x0, 0x0, 0x0,
    0x0, 0x0, 0x0, 0x3, 0xef, 0xc0, 0x0, 0x0,
    0x0, 0x0, 0x0, 0x0, 0x0, 0x2d, 0xfb, 0x0,
    0x0, 0x0, 0x0, 0x0, 0x0, 0x0, 0x1, 0x78,
    0x30, 0x0, 0x0, 0x0, 0x0, 0x0, 0x0, 0x0,
    0x0, 0x0, 0x0, 0x0, 0x0, 0x0, 0x0, 0x6,
    0xbe, 0xfe, 0xc8, 0x20, 0x0, 0x0, 0x0, 0x6,
    0xef, 0xff, 0xff, 0xff, 0xfa, 0x0, 0x0, 0x0,
    0x8f, 0xff, 0xfe, 0xcd, 0xff, 0xff, 0xd1, 0x0,
    0x6, 0xff, 0xfb, 0x20, 0x0, 0x7, 0xff, 0xfc,
    0x0, 0x1f, 0xff, 0x90, 0x0, 0x0, 0x0, 0x3f,
    0xff, 0x50, 0x7f, 0xfd, 0x0, 0x0, 0x0, 0x0,
    0x7, 0xff, 0xd0, 0xbf, 0xf6, 0x0, 0x0, 0x0,
    0x0, 0x0, 0xff, 0xf1, 0xef, 0xf2, 0x0, 0x0,
    0x0, 0x0, 0x0, 0xcf, 0xf4, 0xff, 0xf0, 0x0,
    0x0, 0x0, 0x0, 0x0, 0xaf, 0xf5, 0xef, 0xf2,
    0x0, 0x0, 0x0, 0x0, 0x0, 0xcf, 0xf4, 0xbf,
    0xf5, 0x0, 0x0, 0x0, 0x0, 0x0, 0xff, 0xf1,
    0x7f, 0xfc, 0x0, 0x0, 0x0, 0x0, 0x7, 0xff,
    0xd0, 0x1f, 0xff, 0x80, 0x0, 0x0, 0x0, 0x3f,
    0xff, 0x60, 0x6, 0xff, 0xfa, 0x20, 0x0, 0x7,
    0xff, 0xfc, 0x0, 0x0, 0x9f, 0xff, 0xfd, 0xcc,
    0xff, 0xff, 0xd1, 0x0, 0x0, 0x6, 0xff, 0xff,
    0xff, 0xff, 0xfa, 0x0, 0x0, 0x0, 0x0, 0x17,
    0xbe, 0xfe, 0xd8, 0x30, 0x0, 0x0,

    /* U+00D3 "Ó" */
    0x0, 0x0, 0x0, 0x0, 0x9, 0xff, 0xa0, 0x0,
    0x0, 0x0, 0x0, 0x0, 0x0, 0x7f, 0xf8, 0x0,
    0x0, 0x0, 0x0, 0x0, 0x0, 0x5, 0xff, 0x60,
    0x0, 0x0, 0x0, 0x0, 0x0, 0x0, 0x7, 0x84,
    0x0, 0x0, 0x0, 0x0, 0x0, 0x0, 0x0, 0x0,
    0x0, 0x0, 0x0, 0x0, 0x0, 0x0, 0x0, 0x6,
    0xbe, 0xfe, 0xc8, 0x20, 0x0, 0x0, 0x0, 0x6,
    0xef, 0xff, 0xff, 0xff, 0xfa, 0x0, 0x0, 0x0,
    0x8f, 0xff, 0xfe, 0xcd, 0xff, 0xff, 0xd1, 0x0,
    0x6, 0xff, 0xfb, 0x20, 0x0, 0x7, 0xff, 0xfc,
    0x0, 0x1f, 0xff, 0x90, 0x0, 0x0, 0x0, 0x3f,
    0xff, 0x50, 0x7f, 0xfd, 0x0, 0x0, 0x0, 0x0,
    0x7, 0xff, 0xd0, 0xbf, 0xf6, 0x0, 0x0, 0x0,
    0x0, 0x0, 0xff, 0xf1, 0xef, 0xf2, 0x0, 0x0,
    0x0, 0x0, 0x0, 0xcf, 0xf4, 0xff, 0xf0, 0x0,
    0x0, 0x0, 0x0, 0x0, 0xaf, 0xf5, 0xef, 0xf2,
    0x0, 0x0, 0x0, 0x0, 0x0, 0xcf, 0xf4, 0xbf,
    0xf5, 0x0, 0x0, 0x0, 0x0, 0x0, 0xff, 0xf1,
    0x7f, 0xfc, 0x0, 0x0, 0x0, 0x0, 0x7, 0xff,
    0xd0, 0x1f, 0xff, 0x80, 0x0, 0x0, 0x0, 0x3f,
    0xff, 0x60, 0x6, 0xff, 0xfa, 0x20, 0x0, 0x7,
    0xff, 0xfc, 0x0, 0x0, 0x9f, 0xff, 0xfd, 0xcc,
    0xff, 0xff, 0xd1, 0x0, 0x0, 0x6, 0xff, 0xff,
    0xff, 0xff, 0xfa, 0x0, 0x0, 0x0, 0x0, 0x17,
    0xbe, 0xfe, 0xd8, 0x30, 0x0, 0x0,

    /* U+00D4 "Ô" */
    0x0, 0x0, 0x0, 0x2e, 0xff, 0x70, 0x0, 0x0,
    0x0, 0x0, 0x0, 0x1, 0xdf, 0xff, 0xf5, 0x0,
    0x0, 0x0, 0x0, 0x0, 0xc, 0xfc, 0x18, 0xff,
    0x30, 0x0, 0x0, 0x0, 0x0, 0x38, 0x70, 0x0,
    0x48, 0x60, 0x0, 0x0, 0x0, 0x0, 0x0, 0x0,
    0x0, 0x0, 0x0, 0x0, 0x0, 0x0, 0x0, 0x6,
    0xbe, 0xfe, 0xc8, 0x20, 0x0, 0x0, 0x0, 0x6,
    0xef, 0xff, 0xff, 0xff, 0xfa, 0x0, 0x0, 0x0,
    0x8f, 0xff, 0xfe, 0xcd, 0xff, 0xff, 0xd1, 0x0,
    0x6, 0xff, 0xfb, 0x20, 0x0, 0x7, 0xff, 0xfc,
    0x0, 0x1f, 0xff, 0x90, 0x0, 0x0, 0x0, 0x3f,
    0xff, 0x50, 0x7f, 0xfd, 0x0, 0x0, 0x0, 0x0,
    0x7, 0xff, 0xd0, 0xbf, 0xf6, 0x0, 0x0, 0x0,
    0x0, 0x0, 0xff, 0xf1, 0xef, 0xf2, 0x0, 0x0,
    0x0, 0x0, 0x0, 0xcf, 0xf4, 0xff, 0xf0, 0x0,
    0x0, 0x0, 0x0, 0x0, 0xaf, 0xf5, 0xef, 0xf2,
    0x0, 0x0, 0x0, 0x0, 0x0, 0xcf, 0xf4, 0xbf,
    0xf5, 0x0, 0x0, 0x0, 0x0, 0x0, 0xff, 0xf1,
    0x7f, 0xfc, 0x0, 0x0, 0x0, 0x0, 0x7, 0xff,
    0xd0, 0x1f, 0xff, 0x80, 0x0, 0x0, 0x0, 0x3f,
    0xff, 0x60, 0x6, 0xff, 0xfa, 0x20, 0x0, 0x7,
    0xff, 0xfc, 0x0, 0x0, 0x9f, 0xff, 0xfd, 0xcc,
    0xff, 0xff, 0xd1, 0x0, 0x0, 0x6, 0xff, 0xff,
    0xff, 0xff, 0xfa, 0x0, 0x0, 0x0, 0x0, 0x17,
    0xbe, 0xfe, 0xd8, 0x30, 0x0, 0x0,

    /* U+00D5 "Õ" */
    0x0, 0x0, 0x5, 0xdc, 0x30, 0x8, 0xd0, 0x0,
    0x0, 0x0, 0x0, 0x2f, 0xff, 0xf6, 0x1e, 0xe0,
    0x0, 0x0, 0x0, 0x0, 0x8f, 0x52, 0xdf, 0xff,
    0x80, 0x0, 0x0, 0x0, 0x0, 0xae, 0x0, 0x1a,
    0xea, 0x0, 0x0, 0x0, 0x0, 0x0, 0x0, 0x0,
    0x0, 0x0, 0x0, 0x0, 0x0, 0x0, 0x0, 0x6,
    0xbe, 0xfe, 0xc8, 0x20, 0x0, 0x0, 0x0, 0x6,
    0xef, 0xff, 0xff, 0xff, 0xfa, 0x0, 0x0, 0x0,
    0x8f, 0xff, 0xfe, 0xcd, 0xff, 0xff, 0xd1, 0x0,
    0x6, 0xff, 0xfb, 0x20, 0x0, 0x7, 0xff, 0xfc,
    0x0, 0x1f, 0xff, 0x90, 0x0, 0x0, 0x0, 0x3f,
    0xff, 0x50, 0x7f, 0xfd, 0x0, 0x0, 0x0, 0x0,
    0x7, 0xff, 0xd0, 0xbf, 0xf6, 0x0, 0x0, 0x0,
    0x0, 0x0, 0xff, 0xf1, 0xef, 0xf2, 0x0, 0x0,
    0x0, 0x0, 0x0, 0xcf, 0xf4, 0xff, 0xf0, 0x0,
    0x0, 0x0, 0x0, 0x0, 0xaf, 0xf5, 0xef, 0xf2,
    0x0, 0x0, 0x0, 0x0, 0x0, 0xcf, 0xf4, 0xbf,
    0xf5, 0x0, 0x0, 0x0, 0x0, 0x0, 0xff, 0xf1,
    0x7f, 0xfc, 0x0, 0x0, 0x0, 0x0, 0x7, 0xff,
    0xd0, 0x1f, 0xff, 0x80, 0x0, 0x0, 0x0, 0x3f,
    0xff, 0x60, 0x6, 0xff, 0xfa, 0x20, 0x0, 0x7,
    0xff, 0xfc, 0x0, 0x0, 0x9f, 0xff, 0xfd, 0xcc,
    0xff, 0xff, 0xd1, 0x0, 0x0, 0x6, 0xff, 0xff,
    0xff, 0xff, 0xfa, 0x0, 0x0, 0x0, 0x0, 0x17,
    0xbe, 0xfe, 0xd8, 0x30, 0x0, 0x0,

    /* U+00D6 "Ö" */
    0x0, 0x0, 0x7, 0xd5, 0x1, 0xcb, 0x0, 0x0,
    0x0, 0x0, 0x0, 0xe, 0xfc, 0x6, 0xff, 0x40,
    0x0, 0x0, 0x0, 0x0, 0x8, 0xf6, 0x2, 0xed,
    0x0, 0x0, 0x0, 0x0, 0x0, 0x0, 0x0, 0x0,
    0x0, 0x0, 0x0, 0x0, 0x0, 0x0, 0x0, 0x0,
    0x0, 0x0, 0x0, 0x0, 0x0, 0x0, 0x0, 0x6,
    0xbe, 0xfe, 0xc8, 0x20, 0x0, 0x0, 0x0, 0x6,
    0xef, 0xff, 0xff, 0xff, 0xfa, 0x0, 0x0, 0x0,
    0x8f, 0xff, 0xfe, 0xcd, 0xff, 0xff, 0xd1, 0x0,
    0x6, 0xff, 0xfb, 0x20, 0x0, 0x7, 0xff, 0xfc,
    0x0, 0x1f, 0xff, 0x90, 0x0, 0x0, 0x0, 0x3f,
    0xff, 0x50, 0x7f, 0xfd, 0x0, 0x0, 0x0, 0x0,
    0x7, 0xff, 0xd0, 0xbf, 0xf6, 0x0, 0x0, 0x0,
    0x0, 0x0, 0xff, 0xf1, 0xef, 0xf2, 0x0, 0x0,
    0x0, 0x0, 0x0, 0xcf, 0xf4, 0xff, 0xf0, 0x0,
    0x0, 0x0, 0x0, 0x0, 0xaf, 0xf5, 0xef, 0xf2,
    0x0, 0x0, 0x0, 0x0, 0x0, 0xcf, 0xf4, 0xbf,
    0xf5, 0x0, 0x0, 0x0, 0x0, 0x0, 0xff, 0xf1,
    0x7f, 0xfc, 0x0, 0x0, 0x0, 0x0, 0x7, 0xff,
    0xd0, 0x1f, 0xff, 0x80, 0x0, 0x0, 0x0, 0x3f,
    0xff, 0x60, 0x6, 0xff, 0xfa, 0x20, 0x0, 0x7,
    0xff, 0xfc, 0x0, 0x0, 0x9f, 0xff, 0xfd, 0xcc,
    0xff, 0xff, 0xd1, 0x0, 0x0, 0x6, 0xff, 0xff,
    0xff, 0xff, 0xfa, 0x0, 0x0, 0x0, 0x0, 0x17,
    0xbe, 0xfe, 0xd8, 0x30, 0x0, 0x0,

    /* U+00D7 "×" */
    0x0, 0x0, 0x0, 0x1, 0x0, 0xc, 0x80, 0x0,
    0x1d, 0x70, 0x7f, 0xf7, 0x1, 0xdf, 0xf2, 0xb,
    0xff, 0x7c, 0xff, 0x60, 0x0, 0xcf, 0xff, 0xf7,
    0x0, 0x0, 0x1f, 0xff, 0xd0, 0x0, 0x0, 0xaf,
    0xff, 0xf4, 0x0, 0x9, 0xff, 0xbe, 0xff, 0x40,
    0x7f, 0xf9, 0x2, 0xef, 0xf2, 0x1e, 0xa0, 0x0,
    0x2e, 0x90, 0x2, 0x0, 0x0, 0x2, 0x0,

    /* U+00D8 "Ø" */
    0x0, 0x0, 0x0, 0x0, 0x0, 0x0, 0x6f, 0xd0,
    0x0, 0x0, 0x0, 0x0, 0x0, 0x0, 0x0, 0xef,
    0x50, 0x0, 0x0, 0x0, 0x6, 0xbe, 0xfe, 0xcf,
    0xfd, 0x0, 0x0, 0x0, 0x6, 0xef, 0xff, 0xff,
    0xff, 0xff, 0x0, 0x0, 0x0, 0x8f, 0xff, 0xfe,
    0xcd, 0xff, 0xff, 0xd1, 0x0, 0x6, 0xff, 0xfb,
    0x20, 0x0, 0xff, 0xff, 0xfc, 0x0, 0x1f, 0xff,
    0x90, 0x0, 0x8, 0xfc, 0x3f, 0xff, 0x50, 0x7f,
    0xfd, 0x0, 0x0, 0x1f, 0xf4, 0x7, 0xff, 0xd0,
    0xbf, 0xf6, 0x0, 0x0, 0x8f, 0xc0, 0x0, 0xff,
    0xf1, 0xef, 0xf2, 0x0, 0x1, 0xff, 0x40, 0x0,
    0xcf, 0xf4, 0xff, 0xf0, 0x0, 0x9, 0xfb, 0x0,
    0x0, 0xaf, 0xf5, 0xef, 0xf2, 0x0, 0x1f, 0xf3,
    0x0, 0x0, 0xcf, 0xf4, 0xbf, 0xf5, 0x0, 0x9f,
    0xb0, 0x0, 0x0, 0xff, 0xf1, 0x7f, 0xfc, 0x2,
    0xff, 0x30, 0x0, 0x7, 0xff, 0xd0, 0x1f, 0xff,
    0x8a, 0xfa, 0x0, 0x0, 0x3f, 0xff, 0x60, 0x6,
    0xff, 0xff, 0xf2, 0x0, 0x7, 0xff, 0xfc, 0x0,
    0x0, 0x9f, 0xff, 0xfd, 0xcc, 0xff, 0xff, 0xd1,
    0x0, 0x0, 0x9, 0xff, 0xff, 0xff, 0xff, 0xfa,
    0x0, 0x0, 0x0, 0xb, 0xff, 0xbe, 0xfe, 0xd8,
    0x30, 0x0, 0x0, 0x0, 0x3f, 0xf2, 0x0, 0x0,
    0x0, 0x0, 0x0, 0x0, 0x0, 0x48, 0x50, 0x0,
    0x0, 0x0, 0x0, 0x0, 0x0,

    /* U+00D9 "Ù" */
    0x0, 0x1c, 0xff, 0x60, 0x0, 0x0, 0x0, 0x0,
    0x0, 0xb, 0xff, 0x40, 0x0, 0x0, 0x0, 0x0,
    0x0, 0x9, 0xff, 0x30, 0x0, 0x0, 0x0, 0x0,
    0x0, 0x5, 0x86, 0x0, 0x0, 0x0, 0x0, 0x0,
    0x0, 0x0, 0x0, 0x0, 0x0, 0xf, 0xff, 0x0,
    0x0, 0x0, 0x0, 0xdf, 0xf2, 0xff, 0xf0, 0x0,
    0x0, 0x0, 0xd, 0xff, 0x2f, 0xff, 0x0, 0x0,
    0x0, 0x0, 0xdf, 0xf2, 0xff, 0xf0, 0x0, 0x0,
    0x0, 0xd, 0xff, 0x2f, 0xff, 0x0, 0x0, 0x0,
    0x0, 0xdf, 0xf2, 0xff, 0xf0, 0x0, 0x0, 0x0,
    0xd, 0xff, 0x2f, 0xff, 0x0, 0x0, 0x0, 0x0,
    0xdf, 0xf2, 0xff, 0xf0, 0x0, 0x0, 0x0, 0xd,
    0xff, 0x2f, 0xff, 0x0, 0x0, 0x0, 0x0, 0xdf,
    0xf2, 0xff, 0xf0, 0x0, 0x0, 0x0, 0xd, 0xff,
    0x1e, 0xff, 0x10, 0x0, 0x0, 0x0, 0xef, 0xf0,
    0xcf, 0xf4, 0x0, 0x0, 0x0, 0x1f, 0xfe, 0x8,
    0xff, 0xb0, 0x0, 0x0, 0x8, 0xff, 0xb0, 0x2f,
    0xff, 0x80, 0x0, 0x6, 0xff, 0xf4, 0x0, 0x8f,
    0xff, 0xfc, 0xce, 0xff, 0xfa, 0x0, 0x0, 0x9f,
    0xff, 0xff, 0xff, 0xfa, 0x0, 0x0, 0x0, 0x39,
    0xdf, 0xfe, 0xa4, 0x0, 0x0,

    /* U+00DA "Ú" */
    0x0, 0x0, 0x0, 0x3, 0xff, 0xe3, 0x0, 0x0,
    0x0, 0x0, 0x2, 0xef, 0xd1, 0x0, 0x0, 0x0,
    0x0, 0x1, 0xdf, 0xb0, 0x0, 0x0, 0x0, 0x0,
    0x0, 0x48, 0x70, 0x0, 0x0, 0x0, 0x0, 0x0,
    0x0, 0x0, 0x0, 0x0, 0x0, 0xf, 0xff, 0x0,
    0x0, 0x0, 0x0, 0xdf, 0xf2, 0xff, 0xf0, 0x0,
    0x0, 0x0, 0xd, 0xff, 0x2f, 0xff, 0x0, 0x0,
    0x0, 0x0, 0xdf, 0xf2, 0xff, 0xf0, 0x0, 0x0,
    0x0, 0xd, 0xff, 0x2f, 0xff, 0x0, 0x0, 0x0,
    0x0, 0xdf, 0xf2, 0xff, 0xf0, 0x0, 0x0, 0x0,
    0xd, 0xff, 0x2f, 0xff, 0x0, 0x0, 0x0, 0x0,
    0xdf, 0xf2, 0xff, 0xf0, 0x0, 0x0, 0x0, 0xd,
    0xff, 0x2f, 0xff, 0x0, 0x0, 0x0, 0x0, 0xdf,
    0xf2, 0xff, 0xf0, 0x0, 0x0, 0x0, 0xd, 0xff,
    0x1e, 0xff, 0x10, 0x0, 0x0, 0x0, 0xef, 0xf0,
    0xcf, 0xf4, 0x0, 0x0, 0x0, 0x1f, 0xfe, 0x8,
    0xff, 0xb0, 0x0, 0x0, 0x8, 0xff, 0xb0, 0x2f,
    0xff, 0x80, 0x0, 0x6, 0xff, 0xf4, 0x0, 0x8f,
    0xff, 0xfc, 0xce, 0xff, 0xfa, 0x0, 0x0, 0x9f,
    0xff, 0xff, 0xff, 0xfa, 0x0, 0x0, 0x0, 0x39,
    0xdf, 0xfe, 0xa4, 0x0, 0x0,

    /* U+00DB "Û" */
    0x0, 0x0, 0xa, 0xff, 0xc0, 0x0, 0x0, 0x0,
    0x0, 0x8, 0xff, 0xff, 0xb0, 0x0, 0x0, 0x0,
    0x6, 0xff, 0x53, 0xef, 0x90, 0x0, 0x0, 0x0,
    0x78, 0x30, 0x1, 0x78, 0x20, 0x0, 0x0, 0x0,
    0x0, 0x0, 0x0, 0x0, 0x0, 0xf, 0xff, 0x0,
    0x0, 0x0, 0x0, 0xdf, 0xf2, 0xff, 0xf0, 0x0,
    0x0, 0x0, 0xd, 0xff, 0x2f, 0xff, 0x0, 0x0,
    0x0, 0x0, 0xdf, 0xf2, 0xff, 0xf0, 0x0, 0x0,
    0x0, 0xd, 0xff, 0x2f, 0xff, 0x0, 0x0, 0x0,
    0x0, 0xdf, 0xf2, 0xff, 0xf0, 0x0, 0x0, 0x0,
    0xd, 0xff, 0x2f, 0xff, 0x0, 0x0, 0x0, 0x0,
    0xdf, 0xf2, 0xff, 0xf0, 0x0, 0x0, 0x0, 0xd,
    0xff, 0x2f, 0xff, 0x0, 0x0, 0x0, 0x0, 0xdf,
    0xf2, 0xff, 0xf0, 0x0, 0x0, 0x0, 0xd, 0xff,
    0x1e, 0xff, 0x10, 0x0, 0x0, 0x0, 0xef, 0xf0,
    0xcf, 0xf4, 0x0, 0x0, 0x0, 0x1f, 0xfe, 0x8,
    0xff, 0xb0, 0x0, 0x0, 0x8, 0xff, 0xb0, 0x2f,
    0xff, 0x80, 0x0, 0x6, 0xff, 0xf4, 0x0, 0x8f,
    0xff, 0xfc, 0xce, 0xff, 0xfa, 0x0, 0x0, 0x9f,
    0xff, 0xff, 0xff, 0xfa, 0x0, 0x0, 0x0, 0x39,
    0xdf, 0xfe, 0xa4, 0x0, 0x0,

    /* U+00DC "Ü" */
    0x0, 0x2, 0xdb, 0x0, 0x8d, 0x40, 0x0, 0x0,
    0x0, 0x7f, 0xf3, 0xf, 0xfa, 0x0, 0x0, 0x0,
    0x2, 0xec, 0x0, 0xaf, 0x50, 0x0, 0x0, 0x0,
    0x0, 0x0, 0x0, 0x0, 0x0, 0x0, 0x0, 0x0,
    0x0, 0x0, 0x0, 0x0, 0x0, 0xf, 0xff, 0x0,
    0x0, 0x0, 0x0, 0xdf, 0xf2, 0xff, 0xf0, 0x0,
    0x0, 0x0, 0xd, 0xff, 0x2f, 0xff, 0x0, 0x0,
    0x0, 0x0, 0xdf, 0xf2, 0xff, 0xf0, 0x0, 0x0,
    0x0, 0xd, 0xff, 0x2f, 0xff, 0x0, 0x0, 0x0,
    0x0, 0xdf, 0xf2, 0xff, 0xf0, 0x0, 0x0, 0x0,
    0xd, 0xff, 0x2f, 0xff, 0x0, 0x0, 0x0, 0x0,
    0xdf, 0xf2, 0xff, 0xf0, 0x0, 0x0, 0x0, 0xd,
    0xff, 0x2f, 0xff, 0x0, 0x0, 0x0, 0x0, 0xdf,
    0xf2, 0xff, 0xf0, 0x0, 0x0, 0x0, 0xd, 0xff,
    0x1e, 0xff, 0x10, 0x0, 0x0, 0x0, 0xef, 0xf0,
    0xcf, 0xf4, 0x0, 0x0, 0x0, 0x1f, 0xfe, 0x8,
    0xff, 0xb0, 0x0, 0x0, 0x8, 0xff, 0xb0, 0x2f,
    0xff, 0x80, 0x0, 0x6, 0xff, 0xf4, 0x0, 0x8f,
    0xff, 0xfc, 0xce, 0xff, 0xfa, 0x0, 0x0, 0x9f,
    0xff, 0xff, 0xff, 0xfa, 0x0, 0x0, 0x0, 0x39,
    0xdf, 0xfe, 0xa4, 0x0, 0x0,

    /* U+00DD "Ý" */
    0x0, 0x0, 0x0, 0x0, 0x3, 0x88, 0x60, 0x0,
    0x0, 0x0, 0x0, 0x0, 0x3, 0xff, 0xc1, 0x0,
    0x0, 0x0, 0x0, 0x0, 0x3, 0xff, 0x90, 0x0,
    0x0, 0x0, 0x0, 0x0, 0x0, 0x9a, 0x60, 0x0,
    0x0, 0x0, 0x0, 0x0, 0x0, 0x0, 0x0, 0x0,
    0x0, 0x0, 0x0, 0xef, 0xf4, 0x0, 0x0, 0x0,
    0x0, 0xcf, 0xf2, 0x5, 0xff, 0xd0, 0x0, 0x0,
    0x0, 0x6f, 0xf8, 0x0, 0xc, 0xff, 0x60, 0x0,
    0x0, 0xe, 0xfe, 0x0, 0x0, 0x3f, 0xfe, 0x10,
    0x0, 0x8, 0xff, 0x60, 0x0, 0x0, 0xaf, 0xf8,
    0x0, 0x2, 0xff, 0xd0, 0x0, 0x0, 0x1, 0xff,
    0xf2, 0x0, 0xbf, 0xf4, 0x0, 0x0, 0x0, 0x7,
    0xff, 0xb0, 0x4f, 0xfb, 0x0, 0x0, 0x0, 0x0,
    0xe, 0xff, 0x4d, 0xff, 0x20, 0x0, 0x0, 0x0,
    0x0, 0x5f, 0xff, 0xff, 0x80, 0x0, 0x0, 0x0,
    0x0, 0x0, 0xcf, 0xff, 0xe0, 0x0, 0x0, 0x0,
    0x0, 0x0, 0x3, 0xff, 0xf7, 0x0, 0x0, 0x0,
    0x0, 0x0, 0x0, 0xf, 0xff, 0x10, 0x0, 0x0,
    0x0, 0x0, 0x0, 0x0, 0xef, 0xf1, 0x0, 0x0,
    0x0, 0x0, 0x0, 0x0, 0xe, 0xff, 0x10, 0x0,
    0x0, 0x0, 0x0, 0x0, 0x0, 0xef, 0xf1, 0x0,
    0x0, 0x0, 0x0, 0x0, 0x0, 0xe, 0xff, 0x10,
    0x0, 0x0, 0x0, 0x0, 0x0, 0x0, 0xef, 0xf1,
    0x0, 0x0, 0x0,

    /* U+00DE "Þ" */
    0xdf, 0xf2, 0x0, 0x0, 0x0, 0x0, 0x0, 0xdf,
    0xf2, 0x0, 0x0, 0x0, 0x0, 0x0, 0xdf, 0xff,
    0xff, 0xfe, 0xd9, 0x30, 0x0, 0xdf, 0xff, 0xff,
    0xff, 0xff, 0xf9, 0x0, 0xdf, 0xfc, 0xaa, 0xac,
    0xef, 0xff, 0x90, 0xdf, 0xf2, 0x0, 0x0, 0x8,
    0xff, 0xf2, 0xdf, 0xf2, 0x0, 0x0, 0x0, 0xbf,
    0xf7, 0xdf, 0xf2, 0x0, 0x0, 0x0, 0x7f, 0xf9,
    0xdf, 0xf2, 0x0, 0x0, 0x0, 0x7f, 0xf9, 0xdf,
    0xf2, 0x0, 0x0, 0x0, 0xbf, 0xf7, 0xdf, 0xf2,
    0x0, 0x0, 0x8, 0xff, 0xf1, 0xdf, 0xfc, 0xaa,
    0xab, 0xef, 0xff, 0x90, 0xdf, 0xff, 0xff, 0xff,
    0xff, 0xf9, 0x0, 0xdf, 0xff, 0xff, 0xfe, 0xd9,
    0x30, 0x0, 0xdf, 0xf2, 0x0, 0x0, 0x0, 0x0,
    0x0, 0xdf, 0xf2, 0x0, 0x0, 0x0, 0x0, 0x0,
    0xdf, 0xf2, 0x0, 0x0, 0x0, 0x0, 0x0,

    /* U+00DF "ß" */
    0x0, 0x1, 0x8d, 0xff, 0xc7, 0x0, 0x0, 0x0,
    0x4f, 0xff, 0xff, 0xff, 0xd2, 0x0, 0x2, 0xff,
    0xfd, 0x9a, 0xef, 0xfc, 0x0, 0x9, 0xff, 0x90,
    0x0, 0xd, 0xff, 0x30, 0xe, 0xff, 0x0, 0x0,
    0x6, 0xff, 0x60, 0xf, 0xfd, 0x0, 0x0, 0x5,
    0xff, 0x60, 0x1f, 0xfc, 0x0, 0x0, 0xa, 0xff,
    0x30, 0x1f, 0xfc, 0x0, 0x2, 0x9f, 0xfb, 0x0,
    0x1f, 0xfc, 0x0, 0x8f, 0xff, 0xf1, 0x0, 0x1f,
    0xfc, 0x0, 0x8f, 0xff, 0xfe, 0x40, 0x1f, 0xfc,
    0x0, 0x47, 0x9d, 0xff, 0xf2, 0x1f, 0xfc, 0x0,
    0x0, 0x0, 0x9f, 0xf9, 0x1f, 0xfc, 0x0, 0x0,
    0x0, 0x1f, 0xfc, 0x1f, 0xfc, 0x0, 0x0, 0x0,
    0x1f, 0xfd, 0x1f, 0xfc, 0x0, 0x0, 0x0, 0x9f,
    0xfa, 0x1f, 0xfc, 0x2, 0xb9, 0x9d, 0xff, 0xf3,
    0x1f, 0xfc, 0x4, 0xff, 0xff, 0xff, 0x70, 0x1f,
    0xfc, 0x4, 0xdf, 0xfe, 0xa3, 0x0,

    /* U+00E0 "à" */
    0x3, 0xef, 0xe2, 0x0, 0x0, 0x0, 0x0, 0x1d,
    0xfe, 0x20, 0x0, 0x0, 0x0, 0x0, 0xbf, 0xd1,
    0x0, 0x0, 0x0, 0x0, 0x5, 0x53, 0x0, 0x0,
    0x0, 0x0, 0x0, 0x0, 0x0, 0x0, 0x1, 0x7c,
    0xef, 0xec, 0x60, 0x0, 0x5f, 0xff, 0xff, 0xff,
    0xfc, 0x0, 0x2f, 0xfb, 0x88, 0xbf, 0xff, 0x80,
    0x4, 0x10, 0x0, 0x4, 0xff, 0xe0, 0x0, 0x0,
    0x0, 0x0, 0xdf, 0xf1, 0x1, 0x9d, 0xff, 0xff,
    0xff, 0xf2, 0x2f, 0xff, 0xff, 0xff, 0xff, 0xf2,
    0xbf, 0xf8, 0x10, 0x0, 0xbf, 0xf2, 0xef, 0xe0,
    0x0, 0x0, 0xbf, 0xf2, 0xef, 0xf0, 0x0, 0x2,
    0xff, 0xf2, 0xaf, 0xf9, 0x11, 0x5e, 0xff, 0xf2,
    0x2e, 0xff, 0xff, 0xff, 0xdf, 0xf2, 0x1, 0x9e,
    0xfe, 0xb3, 0x8f, 0xf2,

    /* U+00E1 "á" */
    0x0, 0x0, 0x0, 0x7f, 0xfb, 0x10, 0x0, 0x0,
    0x6, 0xff, 0x90, 0x0, 0x0, 0x0, 0x5f, 0xf6,
    0x0, 0x0, 0x0, 0x0, 0x55, 0x30, 0x0, 0x0,
    0x0, 0x0, 0x0, 0x0, 0x0, 0x0, 0x1, 0x7c,
    0xef, 0xec, 0x60, 0x0, 0x5f, 0xff, 0xff, 0xff,
    0xfc, 0x0, 0x2f, 0xfb, 0x88, 0xbf, 0xff, 0x80,
    0x4, 0x10, 0x0, 0x4, 0xff, 0xe0, 0x0, 0x0,
    0x0, 0x0, 0xdf, 0xf1, 0x1, 0x9d, 0xff, 0xff,
    0xff, 0xf2, 0x2f, 0xff, 0xff, 0xff, 0xff, 0xf2,
    0xbf, 0xf8, 0x10, 0x0, 0xbf, 0xf2, 0xef, 0xe0,
    0x0, 0x0, 0xbf, 0xf2, 0xef, 0xf0, 0x0, 0x2,
    0xff, 0xf2, 0xaf, 0xf9, 0x11, 0x5e, 0xff, 0xf2,
    0x2e, 0xff, 0xff, 0xff, 0xdf, 0xf2, 0x1, 0x9e,
    0xfe, 0xb3, 0x8f, 0xf2,

    /* U+00E2 "â" */
    0x0, 0x1, 0xef, 0xf9, 0x0, 0x0, 0x0, 0x1d,
    0xf7, 0xbf, 0x90, 0x0, 0x1, 0xdf, 0x70, 0xc,
    0xf9, 0x0, 0x1, 0x22, 0x0, 0x0, 0x22, 0x0,
    0x0, 0x0, 0x0, 0x0, 0x0, 0x0, 0x1, 0x7c,
    0xef, 0xec, 0x60, 0x0, 0x5f, 0xff, 0xff, 0xff,
    0xfc, 0x0, 0x2f, 0xfb, 0x88, 0xbf, 0xff, 0x80,
    0x4, 0x10, 0x0, 0x4, 0xff, 0xe0, 0x0, 0x0,
    0x0, 0x0, 0xdf, 0xf1, 0x1, 0x9d, 0xff, 0xff,
    0xff, 0xf2, 0x2f, 0xff, 0xff, 0xff, 0xff, 0xf2,
    0xbf, 0xf8, 0x10, 0x0, 0xbf, 0xf2, 0xef, 0xe0,
    0x0, 0x0, 0xbf, 0xf2, 0xef, 0xf0, 0x0, 0x2,
    0xff, 0xf2, 0xaf, 0xf9, 0x11, 0x5e, 0xff, 0xf2,
    0x2e, 0xff, 0xff, 0xff, 0xdf, 0xf2, 0x1, 0x9e,
    0xfe, 0xb3, 0x8f, 0xf2,

    /* U+00E3 "ã" */
    0x0, 0x4d, 0xfb, 0x31, 0xce, 0x0, 0x1, 0xff,
    0xdf, 0xff, 0xf9, 0x0, 0x3, 0xc5, 0x3, 0x9b,
    0x80, 0x0, 0x0, 0x0, 0x0, 0x0, 0x0, 0x0,
    0x0, 0x0, 0x0, 0x0, 0x0, 0x0, 0x1, 0x7c,
    0xef, 0xec, 0x60, 0x0, 0x5f, 0xff, 0xff, 0xff,
    0xfc, 0x0, 0x2f, 0xfb, 0x88, 0xbf, 0xff, 0x80,
    0x4, 0x10, 0x0, 0x4, 0xff, 0xe0, 0x0, 0x0,
    0x0, 0x0, 0xdf, 0xf1, 0x1, 0x9d, 0xff, 0xff,
    0xff, 0xf2, 0x2f, 0xff, 0xff, 0xff, 0xff, 0xf2,
    0xbf, 0xf8, 0x10, 0x0, 0xbf, 0xf2, 0xef, 0xe0,
    0x0, 0x0, 0xbf, 0xf2, 0xef, 0xf0, 0x0, 0x2,
    0xff, 0xf2, 0xaf, 0xf9, 0x11, 0x5e, 0xff, 0xf2,
    0x2e, 0xff, 0xff, 0xff, 0xdf, 0xf2, 0x1, 0x9e,
    0xfe, 0xb3, 0x8f, 0xf2,

    /* U+00E4 "ä" */
    0x0, 0x6f, 0x90, 0x1d, 0xd2, 0x0, 0x0, 0xbf,
    0xf0, 0x4f, 0xf6, 0x0, 0x0, 0x5d, 0x70, 0xb,
    0xc1, 0x0, 0x0, 0x0, 0x0, 0x0, 0x0, 0x0,
    0x0, 0x0, 0x0, 0x0, 0x0, 0x0, 0x1, 0x7c,
    0xef, 0xec, 0x60, 0x0, 0x5f, 0xff, 0xff, 0xff,
    0xfc, 0x0, 0x2f, 0xfb, 0x88, 0xbf, 0xff, 0x80,
    0x4, 0x10, 0x0, 0x4, 0xff, 0xe0, 0x0, 0x0,
    0x0, 0x0, 0xdf, 0xf1, 0x1, 0x9d, 0xff, 0xff,
    0xff, 0xf2, 0x2f, 0xff, 0xff, 0xff, 0xff, 0xf2,
    0xbf, 0xf8, 0x10, 0x0, 0xbf, 0xf2, 0xef, 0xe0,
    0x0, 0x0, 0xbf, 0xf2, 0xef, 0xf0, 0x0, 0x2,
    0xff, 0xf2, 0xaf, 0xf9, 0x11, 0x5e, 0xff, 0xf2,
    0x2e, 0xff, 0xff, 0xff, 0xdf, 0xf2, 0x1, 0x9e,
    0xfe, 0xb3, 0x8f, 0xf2,

    /* U+00E5 "å" */
    0x0, 0x0, 0x0, 0x0, 0x0, 0x0, 0x0, 0x0,
    0x9f, 0xe5, 0x0, 0x0, 0x0, 0x7, 0xe4, 0x7f,
    0x10, 0x0, 0x0, 0xc, 0x70, 0xd, 0x60, 0x0,
    0x0, 0xd, 0x60, 0xc, 0x70, 0x0, 0x0, 0x8,
    0xd1, 0x4f, 0x30, 0x0, 0x0, 0x0, 0xcf, 0xf8,
    0x0, 0x0, 0x0, 0x0, 0x2, 0x10, 0x0, 0x0,
    0x1, 0x7c, 0xef, 0xec, 0x60, 0x0, 0x5f, 0xff,
    0xff, 0xff, 0xfc, 0x0, 0x2f, 0xfb, 0x88, 0xbf,
    0xff, 0x80, 0x4, 0x10, 0x0, 0x4, 0xff, 0xe0,
    0x0, 0x0, 0x0, 0x0, 0xdf, 0xf1, 0x1, 0x9d,
    0xff, 0xff, 0xff, 0xf2, 0x2f, 0xff, 0xff, 0xff,
    0xff, 0xf2, 0xbf, 0xf8, 0x10, 0x0, 0xbf, 0xf2,
    0xef, 0xe0, 0x0, 0x0, 0xbf, 0xf2, 0xef, 0xf0,
    0x0, 0x2, 0xff, 0xf2, 0xaf, 0xf9, 0x11, 0x5e,
    0xff, 0xf2, 0x2e, 0xff, 0xff, 0xff, 0xdf, 0xf2,
    0x1, 0x9e, 0xfe, 0xb3, 0x8f, 0xf2,

    /* U+00E6 "æ" */
    0x1, 0x7c, 0xef, 0xec, 0x60, 0x2, 0x9d, 0xfe,
    0xb6, 0x0, 0x5, 0xff, 0xff, 0xff, 0xff, 0xb6,
    0xff, 0xff, 0xff, 0xfc, 0x10, 0x2f, 0xfb, 0x88,
    0xbf, 0xff, 0xff, 0xfb, 0x89, 0xef, 0xfc, 0x0,
    0x41, 0x0, 0x0, 0x4f, 0xff, 0xf4, 0x0, 0x0,
    0xbf, 0xf6, 0x0, 0x0, 0x0, 0x0, 0xdf, 0xf8,
    0x0, 0x0, 0x1, 0xff, 0xb0, 0x18, 0xde, 0xff,
    0xff, 0xff, 0xff, 0xff, 0xff, 0xff, 0xfe, 0x2e,
    0xff, 0xff, 0xff, 0xff, 0xff, 0xff, 0xff, 0xff,
    0xff, 0xfb, 0xff, 0x81, 0x0, 0xb, 0xff, 0x30,
    0x0, 0x0, 0x0, 0x0, 0xff, 0xe0, 0x0, 0x0,
    0xdf, 0xf9, 0x0, 0x0, 0x0, 0x0, 0xe, 0xff,
    0x0, 0x0, 0x2f, 0xff, 0xf6, 0x0, 0x0, 0x3c,
    0x10, 0xaf, 0xfb, 0x43, 0x6e, 0xff, 0xff, 0xfd,
    0xa9, 0xcf, 0xfc, 0x1, 0xdf, 0xff, 0xff, 0xfd,
    0x25, 0xff, 0xff, 0xff, 0xff, 0x70, 0x1, 0x8d,
    0xff, 0xc7, 0x10, 0x1, 0x8d, 0xff, 0xd9, 0x20,
    0x0,

    /* U+00E7 "ç" */
    0x0, 0x0, 0x5b, 0xef, 0xeb, 0x40, 0x0, 0x1,
    0xbf, 0xff, 0xff, 0xff, 0x90, 0x0, 0xcf, 0xff,
    0xb9, 0xbf, 0xff, 0x70, 0x6f, 0xfd, 0x20, 0x0,
    0x3e, 0xb2, 0xd, 0xff, 0x30, 0x0, 0x0, 0x10,
    0x0, 0xff, 0xe0, 0x0, 0x0, 0x0, 0x0, 0x1f,
    0xfc, 0x0, 0x0, 0x0, 0x0, 0x0, 0xff, 0xe0,
    0x0, 0x0, 0x0, 0x0, 0xc, 0xff, 0x30, 0x0,
    0x0, 0x20, 0x0, 0x6f, 0xfd, 0x20, 0x0, 0x3f,
    0xc2, 0x0, 0xbf, 0xff, 0xb9, 0xbf, 0xff, 0x60,
    0x1, 0xbf, 0xff, 0xff, 0xff, 0x90, 0x0, 0x0,
    0x5b, 0xff, 0xeb, 0x40, 0x0, 0x0, 0x0, 0xd,
    0xc0, 0x0, 0x0, 0x0, 0x0, 0x1, 0xff, 0xa0,
    0x0, 0x0, 0x0, 0x0, 0x3, 0xaf, 0x70, 0x0,
    0x0, 0x0, 0x3, 0x7, 0xf8, 0x0, 0x0, 0x0,
    0x6, 0xff, 0xff, 0x20, 0x0, 0x0, 0x0, 0x16,
    0x86, 0x10, 0x0, 0x0,

    /* U+00E8 "è" */
    0x0, 0x1b, 0xff, 0x70, 0x0, 0x0, 0x0, 0x0,
    0x0, 0x9f, 0xf5, 0x0, 0x0, 0x0, 0x0, 0x0,
    0x7, 0xff, 0x40, 0x0, 0x0, 0x0, 0x0, 0x0,
    0x35, 0x50, 0x0, 0x0, 0x0, 0x0, 0x0, 0x0,
    0x0, 0x0, 0x0, 0x0, 0x0, 0x6c, 0xef, 0xd9,
    0x20, 0x0, 0x0, 0x1c, 0xff, 0xff, 0xff, 0xf6,
    0x0, 0x0, 0xdf, 0xfd, 0x87, 0xaf, 0xff, 0x40,
    0x7, 0xff, 0xa0, 0x0, 0x2, 0xff, 0xd0, 0xd,
    0xff, 0x0, 0x0, 0x0, 0x7f, 0xf3, 0xf, 0xff,
    0xff, 0xff, 0xff, 0xff, 0xf5, 0x1f, 0xff, 0xff,
    0xff, 0xff, 0xff, 0xf6, 0xf, 0xfc, 0x0, 0x0,
    0x0, 0x0, 0x0, 0xd, 0xff, 0x20, 0x0, 0x0,
    0x0, 0x0, 0x6, 0xff, 0xd2, 0x0, 0x0, 0x98,
    0x0, 0x0, 0xcf, 0xff, 0xb9, 0xae, 0xff, 0x40,
    0x0, 0x1b, 0xff, 0xff, 0xff, 0xfd, 0x10, 0x0,
    0x0, 0x5b, 0xef, 0xec, 0x60, 0x0,

    /* U+00E9 "é" */
    0x0, 0x0, 0x0, 0x3, 0xff, 0xe3, 0x0, 0x0,
    0x0, 0x0, 0x2e, 0xfc, 0x10, 0x0, 0x0, 0x0,
    0x1, 0xef, 0xa0, 0x0, 0x0, 0x0, 0x0, 0x3,
    0x55, 0x0, 0x0, 0x0, 0x0, 0x0, 0x0, 0x0,
    0x0, 0x0, 0x0, 0x0, 0x0, 0x6c, 0xef, 0xd9,
    0x20, 0x0, 0x0, 0x1c, 0xff, 0xff, 0xff, 0xf6,
    0x0, 0x0, 0xdf, 0xfd, 0x87, 0xaf, 0xff, 0x40,
    0x7, 0xff, 0xa0, 0x0, 0x2, 0xff, 0xd0, 0xd,
    0xff, 0x0, 0x0, 0x0, 0x7f, 0xf3, 0xf, 0xff,
    0xff, 0xff, 0xff, 0xff, 0xf5, 0x1f, 0xff, 0xff,
    0xff, 0xff, 0xff, 0xf6, 0xf, 0xfc, 0x0, 0x0,
    0x0, 0x0, 0x0, 0xd, 0xff, 0x20, 0x0, 0x0,
    0x0, 0x0, 0x6, 0xff, 0xd2, 0x0, 0x0, 0x98,
    0x0, 0x0, 0xcf, 0xff, 0xb9, 0xae, 0xff, 0x40,
    0x0, 0x1b, 0xff, 0xff, 0xff, 0xfd, 0x10, 0x0,
    0x0, 0x5b, 0xef, 0xec, 0x60, 0x0,

    /* U+00EA "ê" */
    0x0, 0x0, 0xa, 0xff, 0xe1, 0x0, 0x0, 0x0,
    0x0, 0x9f, 0xb8, 0xfd, 0x10, 0x0, 0x0, 0x9,
    0xfb, 0x0, 0x7f, 0xd1, 0x0, 0x0, 0x2, 0x20,
    0x0, 0x2, 0x21, 0x0, 0x0, 0x0, 0x0, 0x0,
    0x0, 0x0, 0x0, 0x0, 0x0, 0x6c, 0xef, 0xd9,
    0x20, 0x0, 0x0, 0x1c, 0xff, 0xff, 0xff, 0xf6,
    0x0, 0x0, 0xdf, 0xfd, 0x87, 0xaf, 0xff, 0x40,
    0x7, 0xff, 0xa0, 0x0, 0x2, 0xff, 0xd0, 0xd,
    0xff, 0x0, 0x0, 0x0, 0x7f, 0xf3, 0xf, 0xff,
    0xff, 0xff, 0xff, 0xff, 0xf5, 0x1f, 0xff, 0xff,
    0xff, 0xff, 0xff, 0xf6, 0xf, 0xfc, 0x0, 0x0,
    0x0, 0x0, 0x0, 0xd, 0xff, 0x20, 0x0, 0x0,
    0x0, 0x0, 0x6, 0xff, 0xd2, 0x0, 0x0, 0x98,
    0x0, 0x0, 0xcf, 0xff, 0xb9, 0xae, 0xff, 0x40,
    0x0, 0x1b, 0xff, 0xff, 0xff, 0xfd, 0x10, 0x0,
    0x0, 0x5b, 0xef, 0xec, 0x60, 0x0,

    /* U+00EB "ë" */
    0x0, 0x2, 0xec, 0x0, 0x9f, 0x50, 0x0, 0x0,
    0x6, 0xff, 0x40, 0xff, 0xb0, 0x0, 0x0, 0x1,
    0xcb, 0x0, 0x8d, 0x50, 0x0, 0x0, 0x0, 0x0,
    0x0, 0x0, 0x0, 0x0, 0x0, 0x0, 0x0, 0x0,
    0x0, 0x0, 0x0, 0x0, 0x0, 0x6c, 0xef, 0xd9,
    0x20, 0x0, 0x0, 0x1c, 0xff, 0xff, 0xff, 0xf6,
    0x0, 0x0, 0xdf, 0xfd, 0x87, 0xaf, 0xff, 0x40,
    0x7, 0xff, 0xa0, 0x0, 0x2, 0xff, 0xd0, 0xd,
    0xff, 0x0, 0x0, 0x0, 0x7f, 0xf3, 0xf, 0xff,
    0xff, 0xff, 0xff, 0xff, 0xf5, 0x1f, 0xff, 0xff,
    0xff, 0xff, 0xff, 0xf6, 0xf, 0xfc, 0x0, 0x0,
    0x0, 0x0, 0x0, 0xd, 0xff, 0x20, 0x0, 0x0,
    0x0, 0x0, 0x6, 0xff, 0xd2, 0x0, 0x0, 0x98,
    0x0, 0x0, 0xcf, 0xff, 0xb9, 0xae, 0xff, 0x40,
    0x0, 0x1b, 0xff, 0xff, 0xff, 0xfd, 0x10, 0x0,
    0x0, 0x5b, 0xef, 0xec, 0x60, 0x0,

    /* U+00EC "ì" */
    0x9, 0xff, 0x90, 0x0, 0x0, 0x6f, 0xf9, 0x0,
    0x0, 0x3, 0xef, 0x80, 0x0, 0x0, 0x14, 0x40,
    0x0, 0x0, 0x0, 0x0, 0x0, 0x1, 0xff, 0xc0,
    0x0, 0x1, 0xff, 0xc0, 0x0, 0x1, 0xff, 0xc0,
    0x0, 0x1, 0xff, 0xc0, 0x0, 0x1, 0xff, 0xc0,
    0x0, 0x1, 0xff, 0xc0, 0x0, 0x1, 0xff, 0xc0,
    0x0, 0x1, 0xff, 0xc0, 0x0, 0x1, 0xff, 0xc0,
    0x0, 0x1, 0xff, 0xc0, 0x0, 0x1, 0xff, 0xc0,
    0x0, 0x1, 0xff, 0xc0, 0x0, 0x1, 0xff, 0xc0,

    /* U+00ED "í" */
    0x0, 0x1d, 0xff, 0x50, 0x1d, 0xfd, 0x20, 0xc,
    0xfc, 0x10, 0x1, 0x44, 0x0, 0x0, 0x0, 0x0,
    0x0, 0x1, 0xff, 0xc0, 0x0, 0x1f, 0xfc, 0x0,
    0x1, 0xff, 0xc0, 0x0, 0x1f, 0xfc, 0x0, 0x1,
    0xff, 0xc0, 0x0, 0x1f, 0xfc, 0x0, 0x1, 0xff,
    0xc0, 0x0, 0x1f, 0xfc, 0x0, 0x1, 0xff, 0xc0,
    0x0, 0x1f, 0xfc, 0x0, 0x1, 0xff, 0xc0, 0x0,
    0x1f, 0xfc, 0x0, 0x1, 0xff, 0xc0, 0x0,

    /* U+00EE "î" */
    0x0, 0x5f, 0xff, 0x10, 0x0, 0x3f, 0xe8, 0xfd,
    0x0, 0x1e, 0xf4, 0x9, 0xfa, 0x0, 0x10, 0x0,
    0x1, 0x10, 0x0, 0x0, 0x0, 0x0, 0x0, 0x1,
    0xff, 0xc0, 0x0, 0x0, 0x1f, 0xfc, 0x0, 0x0,
    0x1, 0xff, 0xc0, 0x0, 0x0, 0x1f, 0xfc, 0x0,
    0x0, 0x1, 0xff, 0xc0, 0x0, 0x0, 0x1f, 0xfc,
    0x0, 0x0, 0x1, 0xff, 0xc0, 0x0, 0x0, 0x1f,
    0xfc, 0x0, 0x0, 0x1, 0xff, 0xc0, 0x0, 0x0,
    0x1f, 0xfc, 0x0, 0x0, 0x1, 0xff, 0xc0, 0x0,
    0x0, 0x1f, 0xfc, 0x0, 0x0, 0x1, 0xff, 0xc0,
    0x0,

    /* U+00EF "ï" */
    0x5f, 0x80, 0xce, 0x2b, 0xfd, 0x3f, 0xf6, 0x4c,
    0x60, 0xab, 0x10, 0x0, 0x0, 0x0, 0x0, 0x0,
    0x0, 0x0, 0x1f, 0xfc, 0x0, 0x1, 0xff, 0xc0,
    0x0, 0x1f, 0xfc, 0x0, 0x1, 0xff, 0xc0, 0x0,
    0x1f, 0xfc, 0x0, 0x1, 0xff, 0xc0, 0x0, 0x1f,
    0xfc, 0x0, 0x1, 0xff, 0xc0, 0x0, 0x1f, 0xfc,
    0x0, 0x1, 0xff, 0xc0, 0x0, 0x1f, 0xfc, 0x0,
    0x1, 0xff, 0xc0, 0x0, 0x1f, 0xfc, 0x0,

    /* U+00F0 "ð" */
    0x0, 0x0, 0x20, 0x0, 0x0, 0x0, 0x0, 0x0,
    0x8f, 0xd4, 0x0, 0x5, 0x40, 0x0, 0x7, 0xef,
    0xf9, 0x6d, 0xfb, 0x0, 0x0, 0x1, 0xbf, 0xff,
    0xe6, 0x0, 0x0, 0x1, 0x7e, 0xff, 0xfb, 0x0,
    0x0, 0x5, 0xff, 0xd5, 0x7f, 0xf8, 0x0, 0x0,
    0x2c, 0x40, 0x0, 0x9f, 0xf2, 0x0, 0x0, 0x0,
    0x0, 0x0, 0xef, 0xb0, 0x0, 0x7, 0xcf, 0xfc,
    0x57, 0xff, 0x30, 0xc, 0xff, 0xff, 0xff, 0xcf,
    0xf8, 0x8, 0xff, 0xe7, 0x46, 0xcf, 0xff, 0xb0,
    0xef, 0xf2, 0x0, 0x0, 0xcf, 0xfd, 0x2f, 0xfb,
    0x0, 0x0, 0x5, 0xff, 0xe3, 0xff, 0x90, 0x0,
    0x0, 0x3f, 0xfc, 0x1f, 0xfc, 0x0, 0x0, 0x6,
    0xff, 0x90, 0xdf, 0xf4, 0x0, 0x1, 0xdf, 0xf4,
    0x6, 0xff, 0xfa, 0x78, 0xef, 0xfa, 0x0, 0x9,
    0xff, 0xff, 0xff, 0xfb, 0x0, 0x0, 0x4, 0xbe,
    0xfe, 0xb5, 0x0, 0x0,

    /* U+00F1 "ñ" */
    0x0, 0x3, 0xdf, 0xb4, 0x1a, 0xf0, 0x0, 0x0,
    0xef, 0xdf, 0xff, 0xfa, 0x0, 0x0, 0x1c, 0x50,
    0x29, 0xb8, 0x0, 0x0, 0x0, 0x0, 0x0, 0x0,
    0x0, 0x0, 0x0, 0x0, 0x0, 0x0, 0x0, 0x0,
    0x1, 0xff, 0xa1, 0x8d, 0xfe, 0xb5, 0x0, 0x1f,
    0xfd, 0xef, 0xff, 0xff, 0xf9, 0x1, 0xff, 0xff,
    0xe9, 0x8c, 0xff, 0xf4, 0x1f, 0xff, 0xb0, 0x0,
    0xa, 0xff, 0xa1, 0xff, 0xf1, 0x0, 0x0, 0x1f,
    0xfe, 0x1f, 0xfd, 0x0, 0x0, 0x0, 0xff, 0xf1,
    0xff, 0xc0, 0x0, 0x0, 0xe, 0xff, 0x1f, 0xfc,
    0x0, 0x0, 0x0, 0xef, 0xf1, 0xff, 0xc0, 0x0,
    0x0, 0xe, 0xff, 0x1f, 0xfc, 0x0, 0x0, 0x0,
    0xef, 0xf1, 0xff, 0xc0, 0x0, 0x0, 0xe, 0xff,
    0x1f, 0xfc, 0x0, 0x0, 0x0, 0xef, 0xf1, 0xff,
    0xc0, 0x0, 0x0, 0xe, 0xff,

    /* U+00F2 "ò" */
    0x0, 0x9, 0xff, 0xa0, 0x0, 0x0, 0x0, 0x0,
    0x0, 0x6f, 0xf9, 0x0, 0x0, 0x0, 0x0, 0x0,
    0x4, 0xef, 0x80, 0x0, 0x0, 0x0, 0x0, 0x0,
    0x25, 0x50, 0x0, 0x0, 0x0, 0x0, 0x0, 0x0,
    0x0, 0x0, 0x0, 0x0, 0x0, 0x5b, 0xef, 0xda,
    0x40, 0x0, 0x0, 0x1b, 0xff, 0xff, 0xff, 0xfa,
    0x0, 0x0, 0xcf, 0xff, 0xb9, 0xbf, 0xff, 0xa0,
    0x6, 0xff, 0xd2, 0x0, 0x3, 0xef, 0xf4, 0xd,
    0xff, 0x30, 0x0, 0x0, 0x6f, 0xfa, 0xf, 0xfe,
    0x0, 0x0, 0x0, 0xf, 0xfd, 0x1f, 0xfc, 0x0,
    0x0, 0x0, 0xf, 0xff, 0xf, 0xfe, 0x0, 0x0,
    0x0, 0x1f, 0xfd, 0xc, 0xff, 0x40, 0x0, 0x0,
    0x6f, 0xfa, 0x6, 0xff, 0xd2, 0x0, 0x3, 0xff,
    0xf4, 0x0, 0xcf, 0xff, 0xb9, 0xcf, 0xff, 0x90,
    0x0, 0x1b, 0xff, 0xff, 0xff, 0xf9, 0x0, 0x0,
    0x0, 0x5b, 0xef, 0xea, 0x40, 0x0,

    /* U+00F3 "ó" */
    0x0, 0x0, 0x0, 0x1, 0xdf, 0xf5, 0x0, 0x0,
    0x0, 0x0, 0xc, 0xfe, 0x30, 0x0, 0x0, 0x0,
    0x0, 0xbf, 0xd2, 0x0, 0x0, 0x0, 0x0, 0x2,
    0x55, 0x0, 0x0, 0x0, 0x0, 0x0, 0x0, 0x0,
    0x0, 0x0, 0x0, 0x0, 0x0, 0x5b, 0xef, 0xda,
    0x40, 0x0, 0x0, 0x1b, 0xff, 0xff, 0xff, 0xfa,
    0x0, 0x0, 0xcf, 0xff, 0xb9, 0xbf, 0xff, 0xa0,
    0x6, 0xff, 0xd2, 0x0, 0x3, 0xef, 0xf4, 0xd,
    0xff, 0x30, 0x0, 0x0, 0x6f, 0xfa, 0xf, 0xfe,
    0x0, 0x0, 0x0, 0xf, 0xfd, 0x1f, 0xfc, 0x0,
    0x0, 0x0, 0xf, 0xff, 0xf, 0xfe, 0x0, 0x0,
    0x0, 0x1f, 0xfd, 0xc, 0xff, 0x40, 0x0, 0x0,
    0x6f, 0xfa, 0x6, 0xff, 0xd2, 0x0, 0x3, 0xff,
    0xf4, 0x0, 0xcf, 0xff, 0xb9, 0xcf, 0xff, 0x90,
    0x0, 0x1b, 0xff, 0xff, 0xff, 0xf9, 0x0, 0x0,
    0x0, 0x5b, 0xef, 0xea, 0x40, 0x0,

    /* U+00F4 "ô" */
    0x0, 0x0, 0x6, 0xff, 0xf3, 0x0, 0x0, 0x0,
    0x0, 0x6f, 0xe6, 0xff, 0x30, 0x0, 0x0, 0x6,
    0xfe, 0x20, 0x4f, 0xe3, 0x0, 0x0, 0x2, 0x21,
    0x0, 0x1, 0x21, 0x0, 0x0, 0x0, 0x0, 0x0,
    0x0, 0x0, 0x0, 0x0, 0x0, 0x5b, 0xef, 0xda,
    0x40, 0x0, 0x0, 0x1b, 0xff, 0xff, 0xff, 0xfa,
    0x0, 0x0, 0xcf, 0xff, 0xb9, 0xbf, 0xff, 0xa0,
    0x6, 0xff, 0xd2, 0x0, 0x3, 0xef, 0xf4, 0xd,
    0xff, 0x30, 0x0, 0x0, 0x6f, 0xfa, 0xf, 0xfe,
    0x0, 0x0, 0x0, 0xf, 0xfd, 0x1f, 0xfc, 0x0,
    0x0, 0x0, 0xf, 0xff, 0xf, 0xfe, 0x0, 0x0,
    0x0, 0x1f, 0xfd, 0xc, 0xff, 0x40, 0x0, 0x0,
    0x6f, 0xfa, 0x6, 0xff, 0xd2, 0x0, 0x3, 0xff,
    0xf4, 0x0, 0xcf, 0xff, 0xb9, 0xcf, 0xff, 0x90,
    0x0, 0x1b, 0xff, 0xff, 0xff, 0xf9, 0x0, 0x0,
    0x0, 0x5b, 0xef, 0xea, 0x40, 0x0,

    /* U+00F5 "õ" */
    0x0, 0x0, 0xaf, 0xd8, 0x14, 0xf6, 0x0, 0x0,
    0x7, 0xfe, 0xef, 0xff, 0xf2, 0x0, 0x0, 0x8,
    0xb0, 0x6, 0xbb, 0x40, 0x0, 0x0, 0x0, 0x0,
    0x0, 0x0, 0x0, 0x0, 0x0, 0x0, 0x0, 0x0,
    0x0, 0x0, 0x0, 0x0, 0x0, 0x5b, 0xef, 0xda,
    0x40, 0x0, 0x0, 0x1b, 0xff, 0xff, 0xff, 0xfa,
    0x0, 0x0, 0xcf, 0xff, 0xb9, 0xbf, 0xff, 0xa0,
    0x6, 0xff, 0xd2, 0x0, 0x3, 0xef, 0xf4, 0xd,
    0xff, 0x30, 0x0, 0x0, 0x6f, 0xfa, 0xf, 0xfe,
    0x0, 0x0, 0x0, 0xf, 0xfd, 0x1f, 0xfc, 0x0,
    0x0, 0x0, 0xf, 0xff, 0xf, 0xfe, 0x0, 0x0,
    0x0, 0x1f, 0xfd, 0xc, 0xff, 0x40, 0x0, 0x0,
    0x6f, 0xfa, 0x6, 0xff, 0xd2, 0x0, 0x3, 0xff,
    0xf4, 0x0, 0xcf, 0xff, 0xb9, 0xcf, 0xff, 0x90,
    0x0, 0x1b, 0xff, 0xff, 0xff, 0xf9, 0x0, 0x0,
    0x0, 0x5b, 0xef, 0xea, 0x40, 0x0,

    /* U+00F6 "ö" */
    0x0, 0x0, 0xce, 0x30, 0x6f, 0x90, 0x0, 0x0,
    0x3, 0xff, 0x70, 0xbf, 0xf0, 0x0, 0x0, 0x0,
    0xad, 0x20, 0x5d, 0x80, 0x0, 0x0, 0x0, 0x0,
    0x0, 0x0, 0x0, 0x0, 0x0, 0x0, 0x0, 0x0,
    0x0, 0x0, 0x0, 0x0, 0x0, 0x5b, 0xef, 0xda,
    0x40, 0x0, 0x0, 0x1b, 0xff, 0xff, 0xff, 0xfa,
    0x0, 0x0, 0xcf, 0xff, 0xb9, 0xbf, 0xff, 0xa0,
    0x6, 0xff, 0xd2, 0x0, 0x3, 0xef, 0xf4, 0xd,
    0xff, 0x30, 0x0, 0x0, 0x6f, 0xfa, 0xf, 0xfe,
    0x0, 0x0, 0x0, 0xf, 0xfd, 0x1f, 0xfc, 0x0,
    0x0, 0x0, 0xf, 0xff, 0xf, 0xfe, 0x0, 0x0,
    0x0, 0x1f, 0xfd, 0xc, 0xff, 0x40, 0x0, 0x0,
    0x6f, 0xfa, 0x6, 0xff, 0xd2, 0x0, 0x3, 0xff,
    0xf4, 0x0, 0xcf, 0xff, 0xb9, 0xcf, 0xff, 0x90,
    0x0, 0x1b, 0xff, 0xff, 0xff, 0xf9, 0x0, 0x0,
    0x0, 0x5b, 0xef, 0xea, 0x40, 0x0,

    /* U+00F7 "÷" */
    0x0, 0x0, 0x4e, 0xc0, 0x0, 0x0, 0x0, 0x0,
    0xbf, 0xf5, 0x0, 0x0, 0x0, 0x0, 0x9f, 0xf2,
    0x0, 0x0, 0x0, 0x0, 0x5, 0x30, 0x0, 0x0,
    0x0, 0x0, 0x0, 0x0, 0x0, 0x0, 0x8f, 0xff,
    0xff, 0xff, 0xff, 0xf1, 0x8f, 0xff, 0xff, 0xff,
    0xff, 0xf1, 0x36, 0x66, 0x66, 0x66, 0x66, 0x60,
    0x0, 0x0, 0x0, 0x0, 0x0, 0x0, 0x0, 0x0,
    0x5, 0x30, 0x0, 0x0, 0x0, 0x0, 0x9f, 0xf3,
    0x0, 0x0, 0x0, 0x0, 0xbf, 0xf5, 0x0, 0x0,
    0x0, 0x0, 0x4e, 0xc0, 0x0, 0x0,

    /* U+00F8 "ø" */
    0x0, 0x0, 0x0, 0x0, 0x0, 0x67, 0x0, 0x0,
    0x0, 0x0, 0x0, 0x2, 0xfb, 0x0, 0x0, 0x0,
    0x5b, 0xef, 0xdf, 0xf3, 0x0, 0x0, 0x1b, 0xff,
    0xff, 0xff, 0xfa, 0x0, 0x0, 0xcf, 0xff, 0xb9,
    0xff, 0xff, 0xa0, 0x6, 0xff, 0xd2, 0x2, 0xfe,
    0xef, 0xf4, 0xd, 0xff, 0x30, 0xa, 0xf3, 0x6f,
    0xfa, 0xf, 0xfe, 0x0, 0x2f, 0xb0, 0xf, 0xfd,
    0x1f, 0xfc, 0x0, 0xaf, 0x30, 0xf, 0xff, 0xf,
    0xfe, 0x2, 0xfb, 0x0, 0x1f, 0xfd, 0xc, 0xff,
    0x4a, 0xf3, 0x0, 0x6f, 0xfa, 0x6, 0xff, 0xff,
    0xb0, 0x3, 0xff, 0xf4, 0x0, 0xcf, 0xff, 0xe9,
    0xcf, 0xff, 0x90, 0x0, 0x1e, 0xff, 0xff, 0xff,
    0xf9, 0x0, 0x0, 0xa, 0xfe, 0xef, 0xea, 0x40,
    0x0, 0x0, 0x2f, 0xb0, 0x0, 0x0, 0x0, 0x0,
    0x0, 0x48, 0x20, 0x0, 0x0, 0x0, 0x0,

    /* U+00F9 "ù" */
    0x0, 0x4e, 0xfe, 0x20, 0x0, 0x0, 0x0, 0x0,
    0x2d, 0xfe, 0x20, 0x0, 0x0, 0x0, 0x0, 0xa,
    0xfd, 0x10, 0x0, 0x0, 0x0, 0x0, 0x3, 0x42,
    0x0, 0x0, 0x0, 0x0, 0x0, 0x0, 0x0, 0x0,
    0x3, 0xff, 0xa0, 0x0, 0x0, 0x1f, 0xfc, 0x3f,
    0xfa, 0x0, 0x0, 0x1, 0xff, 0xc3, 0xff, 0xa0,
    0x0, 0x0, 0x1f, 0xfc, 0x3f, 0xfa, 0x0, 0x0,
    0x1, 0xff, 0xc3, 0xff, 0xa0, 0x0, 0x0, 0x1f,
    0xfc, 0x3f, 0xfa, 0x0, 0x0, 0x1, 0xff, 0xc3,
    0xff, 0xa0, 0x0, 0x0, 0x1f, 0xfc, 0x2f, 0xfb,
    0x0, 0x0, 0x3, 0xff, 0xc1, 0xff, 0xe0, 0x0,
    0x0, 0x8f, 0xfc, 0xe, 0xff, 0x80, 0x0, 0x4f,
    0xff, 0xc0, 0x8f, 0xff, 0xdb, 0xcf, 0xff, 0xfc,
    0x0, 0xcf, 0xff, 0xff, 0xfb, 0xff, 0xc0, 0x0,
    0x7c, 0xff, 0xc6, 0xf, 0xfc,

    /* U+00FA "ú" */
    0x0, 0x0, 0x0, 0x8, 0xff, 0xa0, 0x0, 0x0,
    0x0, 0x7, 0xff, 0x70, 0x0, 0x0, 0x0, 0x6,
    0xff, 0x50, 0x0, 0x0, 0x0, 0x0, 0x44, 0x20,
    0x0, 0x0, 0x0, 0x0, 0x0, 0x0, 0x0, 0x0,
    0x3, 0xff, 0xa0, 0x0, 0x0, 0x1f, 0xfc, 0x3f,
    0xfa, 0x0, 0x0, 0x1, 0xff, 0xc3, 0xff, 0xa0,
    0x0, 0x0, 0x1f, 0xfc, 0x3f, 0xfa, 0x0, 0x0,
    0x1, 0xff, 0xc3, 0xff, 0xa0, 0x0, 0x0, 0x1f,
    0xfc, 0x3f, 0xfa, 0x0, 0x0, 0x1, 0xff, 0xc3,
    0xff, 0xa0, 0x0, 0x0, 0x1f, 0xfc, 0x2f, 0xfb,
    0x0, 0x0, 0x3, 0xff, 0xc1, 0xff, 0xe0, 0x0,
    0x0, 0x8f, 0xfc, 0xe, 0xff, 0x80, 0x0, 0x4f,
    0xff, 0xc0, 0x8f, 0xff, 0xdb, 0xcf, 0xff, 0xfc,
    0x0, 0xcf, 0xff, 0xff, 0xfb, 0xff, 0xc0, 0x0,
    0x7c, 0xff, 0xc6, 0xf, 0xfc,

    /* U+00FB "û" */
    0x0, 0x0, 0x2f, 0xff, 0x90, 0x0, 0x0, 0x0,
    0x2e, 0xf6, 0xcf, 0x90, 0x0, 0x0, 0x2e, 0xf5,
    0x0, 0xbf, 0x90, 0x0, 0x0, 0x10, 0x0, 0x0,
    0x11, 0x0, 0x0, 0x0, 0x0, 0x0, 0x0, 0x0,
    0x3, 0xff, 0xa0, 0x0, 0x0, 0x1f, 0xfc, 0x3f,
    0xfa, 0x0, 0x0, 0x1, 0xff, 0xc3, 0xff, 0xa0,
    0x0, 0x0, 0x1f, 0xfc, 0x3f, 0xfa, 0x0, 0x0,
    0x1, 0xff, 0xc3, 0xff, 0xa0, 0x0, 0x0, 0x1f,
    0xfc, 0x3f, 0xfa, 0x0, 0x0, 0x1, 0xff, 0xc3,
    0xff, 0xa0, 0x0, 0x0, 0x1f, 0xfc, 0x2f, 0xfb,
    0x0, 0x0, 0x3, 0xff, 0xc1, 0xff, 0xe0, 0x0,
    0x0, 0x8f, 0xfc, 0xe, 0xff, 0x80, 0x0, 0x4f,
    0xff, 0xc0, 0x8f, 0xff, 0xdb, 0xcf, 0xff, 0xfc,
    0x0, 0xcf, 0xff, 0xff, 0xfb, 0xff, 0xc0, 0x0,
    0x7c, 0xff, 0xc6, 0xf, 0xfc,

    /* U+00FC "ü" */
    0x0, 0x6, 0xf8, 0x1, 0xdd, 0x10, 0x0, 0x0,
    0xcf, 0xe0, 0x5f, 0xf5, 0x0, 0x0, 0x6, 0xd7,
    0x1, 0xcc, 0x10, 0x0, 0x0, 0x0, 0x0, 0x0,
    0x0, 0x0, 0x0, 0x0, 0x0, 0x0, 0x0, 0x0,
    0x3, 0xff, 0xa0, 0x0, 0x0, 0x1f, 0xfc, 0x3f,
    0xfa, 0x0, 0x0, 0x1, 0xff, 0xc3, 0xff, 0xa0,
    0x0, 0x0, 0x1f, 0xfc, 0x3f, 0xfa, 0x0, 0x0,
    0x1, 0xff, 0xc3, 0xff, 0xa0, 0x0, 0x0, 0x1f,
    0xfc, 0x3f, 0xfa, 0x0, 0x0, 0x1, 0xff, 0xc3,
    0xff, 0xa0, 0x0, 0x0, 0x1f, 0xfc, 0x2f, 0xfb,
    0x0, 0x0, 0x3, 0xff, 0xc1, 0xff, 0xe0, 0x0,
    0x0, 0x8f, 0xfc, 0xe, 0xff, 0x80, 0x0, 0x4f,
    0xff, 0xc0, 0x8f, 0xff, 0xdb, 0xcf, 0xff, 0xfc,
    0x0, 0xcf, 0xff, 0xff, 0xfb, 0xff, 0xc0, 0x0,
    0x7c, 0xff, 0xc6, 0xf, 0xfc,

    /* U+00FD "ý" */
    0x0, 0x0, 0x0, 0x1, 0xdf, 0xf5, 0x0, 0x0,
    0x0, 0x0, 0x1, 0xdf, 0xe3, 0x0, 0x0, 0x0,
    0x0, 0x0, 0xcf, 0xc1, 0x0, 0x0, 0x0, 0x0,
    0x0, 0x14, 0x40, 0x0, 0x0, 0x0, 0x0, 0x0,
    0x0, 0x0, 0x0, 0x0, 0x0, 0x0, 0xef, 0xf1,
    0x0, 0x0, 0x0, 0x9f, 0xf2, 0x7, 0xff, 0x70,
    0x0, 0x0, 0xe, 0xfc, 0x0, 0x1f, 0xfd, 0x0,
    0x0, 0x6, 0xff, 0x50, 0x0, 0xaf, 0xf4, 0x0,
    0x0, 0xcf, 0xe0, 0x0, 0x4, 0xff, 0xa0, 0x0,
    0x2f, 0xf8, 0x0, 0x0, 0xd, 0xff, 0x10, 0x9,
    0xff, 0x20, 0x0, 0x0, 0x7f, 0xf7, 0x0, 0xff,
    0xb0, 0x0, 0x0, 0x1, 0xff, 0xd0, 0x6f, 0xf5,
    0x0, 0x0, 0x0, 0xa, 0xff, 0x4c, 0xfe, 0x0,
    0x0, 0x0, 0x0, 0x3f, 0xfd, 0xff, 0x80, 0x0,
    0x0, 0x0, 0x0, 0xdf, 0xff, 0xf1, 0x0, 0x0,
    0x0, 0x0, 0x6, 0xff, 0xfb, 0x0, 0x0, 0x0,
    0x0, 0x0, 0xf, 0xff, 0x40, 0x0, 0x0, 0x0,
    0x0, 0x0, 0xff, 0xe0, 0x0, 0x0, 0x0, 0x20,
    0x0, 0x6f, 0xf7, 0x0, 0x0, 0x0, 0xb, 0xe9,
    0xaf, 0xfe, 0x0, 0x0, 0x0, 0x3, 0xff, 0xff,
    0xff, 0x40, 0x0, 0x0, 0x0, 0x6, 0xcf, 0xfb,
    0x30, 0x0, 0x0, 0x0, 0x0,

    /* U+00FE "þ" */
    0x1f, 0xfc, 0x0, 0x0, 0x0, 0x0, 0x0, 0x1f,
    0xfc, 0x0, 0x0, 0x0, 0x0, 0x0, 0x1f, 0xfc,
    0x0, 0x0, 0x0, 0x0, 0x0, 0x1f, 0xfc, 0x0,
    0x0, 0x0, 0x0, 0x0, 0x1f, 0xfc, 0x0, 0x0,
    0x0, 0x0, 0x0, 0x1f, 0xfc, 0x18, 0xdf, 0xeb,
    0x50, 0x0, 0x1f, 0xfe, 0xef, 0xff, 0xff, 0xfb,
    0x0, 0x1f, 0xff, 0xff, 0xa9, 0xbf, 0xff, 0xa0,
    0x1f, 0xff, 0xd1, 0x0, 0x4, 0xff, 0xf4, 0x1f,
    0xff, 0x30, 0x0, 0x0, 0x7f, 0xfa, 0x1f, 0xff,
    0x0, 0x0, 0x0, 0x1f, 0xfc, 0x1f, 0xff, 0x0,
    0x0, 0x0, 0xf, 0xfe, 0x1f, 0xff, 0x0, 0x0,
    0x0, 0x2f, 0xfc, 0x1f, 0xff, 0x30, 0x0, 0x0,
    0x7f, 0xfa, 0x1f, 0xff, 0xd2, 0x0, 0x4, 0xff,
    0xf4, 0x1f, 0xff, 0xff, 0xb9, 0xcf, 0xff, 0xa0,
    0x1f, 0xfe, 0xdf, 0xff, 0xff, 0xfb, 0x0, 0x1f,
    0xfc, 0x8, 0xdf, 0xeb, 0x50, 0x0, 0x1f, 0xfc,
    0x0, 0x0, 0x0, 0x0, 0x0, 0x1f, 0xfc, 0x0,
    0x0, 0x0, 0x0, 0x0, 0x1f, 0xfc, 0x0, 0x0,
    0x0, 0x0, 0x0, 0x1f, 0xfc, 0x0, 0x0, 0x0,
    0x0, 0x0, 0x1f, 0xfc, 0x0, 0x0, 0x0, 0x0,
    0x0,

    /* U+00FF "ÿ" */
    0x0, 0x0, 0xce, 0x20, 0x6f, 0x80, 0x0, 0x0,
    0x0, 0x3f, 0xf7, 0xc, 0xfe, 0x0, 0x0, 0x0,
    0x0, 0xbc, 0x20, 0x5d, 0x70, 0x0, 0x0, 0x0,
    0x0, 0x0, 0x0, 0x0, 0x0, 0x0, 0x0, 0x0,
    0x0, 0x0, 0x0, 0x0, 0x0, 0x0, 0xef, 0xf1,
    0x0, 0x0, 0x0, 0x9f, 0xf2, 0x7, 0xff, 0x70,
    0x0, 0x0, 0xe, 0xfc, 0x0, 0x1f, 0xfd, 0x0,
    0x0, 0x6, 0xff, 0x50, 0x0, 0xaf, 0xf4, 0x0,
    0x0, 0xcf, 0xe0, 0x0, 0x4, 0xff, 0xa0, 0x0,
    0x2f, 0xf8, 0x0, 0x0, 0xd, 0xff, 0x10, 0x9,
    0xff, 0x20, 0x0, 0x0, 0x7f, 0xf7, 0x0, 0xff,
    0xb0, 0x0, 0x0, 0x1, 0xff, 0xd0, 0x6f, 0xf5,
    0x0, 0x0, 0x0, 0xa, 0xff, 0x4c, 0xfe, 0x0,
    0x0, 0x0, 0x0, 0x3f, 0xfd, 0xff, 0x80, 0x0,
    0x0, 0x0, 0x0, 0xdf, 0xff, 0xf1, 0x0, 0x0,
    0x0, 0x0, 0x6, 0xff, 0xfb, 0x0, 0x0, 0x0,
    0x0, 0x0, 0xf, 0xff, 0x40, 0x0, 0x0, 0x0,
    0x0, 0x0, 0xff, 0xe0, 0x0, 0x0, 0x0, 0x20,
    0x0, 0x6f, 0xf7, 0x0, 0x0, 0x0, 0xb, 0xe9,
    0xaf, 0xfe, 0x0, 0x0, 0x0, 0x3, 0xff, 0xff,
    0xff, 0x40, 0x0, 0x0, 0x0, 0x6, 0xcf, 0xfb,
    0x30, 0x0, 0x0, 0x0, 0x0,

    /* U+0100 "Ā" */
    0x0, 0x0, 0x4, 0xcc, 0xcc, 0xcc, 0xc7, 0x0,
    0x0, 0x0, 0x0, 0x0, 0x6f, 0xff, 0xff, 0xff,
    0x90, 0x0, 0x0, 0x0, 0x0, 0x0, 0x0, 0x0,
    0x0, 0x0, 0x0, 0x0, 0x0, 0x0, 0x0, 0x0,
    0x0, 0x0, 0x0, 0x0, 0x0, 0x0, 0x0, 0x0,
    0x0, 0x1, 0xff, 0xf4, 0x0, 0x0, 0x0, 0x0,
    0x0, 0x0, 0x0, 0x8f, 0xff, 0xb0, 0x0, 0x0,
    0x0, 0x0, 0x0, 0x0, 0xe, 0xff, 0xff, 0x20,
    0x0, 0x0, 0x0, 0x0, 0x0, 0x5, 0xff, 0xbf,
    0xf9, 0x0, 0x0, 0x0, 0x0, 0x0, 0x0, 0xcf,
    0xf1, 0xdf, 0xf0, 0x0, 0x0, 0x0, 0x0, 0x0,
    0x3f, 0xf9, 0x7, 0xff, 0x60, 0x0, 0x0, 0x0,
    0x0, 0xa, 0xff, 0x30, 0x1f, 0xfd, 0x0, 0x0,
    0x0, 0x0, 0x1, 0xff, 0xc0, 0x0, 0xaf, 0xf4,
    0x0, 0x0, 0x0, 0x0, 0x7f, 0xf6, 0x0, 0x3,
    0xff, 0xb0, 0x0, 0x0, 0x0, 0xe, 0xff, 0x0,
    0x0, 0xd, 0xff, 0x20, 0x0, 0x0, 0x5, 0xff,
    0xf7, 0x77, 0x77, 0xef, 0xf9, 0x0, 0x0, 0x0,
    0xcf, 0xff, 0xff, 0xff, 0xff, 0xff, 0xf0, 0x0,
    0x0, 0x3f, 0xff, 0xff, 0xff, 0xff, 0xff, 0xff,
    0x60, 0x0, 0x9, 0xff, 0x60, 0x0, 0x0, 0x0,
    0x3f, 0xfd, 0x0, 0x1, 0xff, 0xf0, 0x0, 0x0,
    0x0, 0x0, 0xcf, 0xf4, 0x0, 0x7f, 0xf9, 0x0,
    0x0, 0x0, 0x0, 0x6, 0xff, 0xb0, 0xe, 0xff,
    0x20, 0x0, 0x0, 0x0, 0x0, 0xf, 0xff, 0x20,

    /* U+0101 "ā" */
    0x2, 0xff, 0xff, 0xff, 0xfd, 0x0, 0x1, 0xcc,
    0xcc, 0xcc, 0xca, 0x0, 0x0, 0x0, 0x0, 0x0,
    0x0, 0x0, 0x0, 0x0, 0x0, 0x0, 0x0, 0x0,
    0x1, 0x7c, 0xef, 0xec, 0x60, 0x0, 0x5f, 0xff,
    0xff, 0xff, 0xfc, 0x0, 0x2f, 0xfb, 0x88, 0xbf,
    0xff, 0x80, 0x4, 0x10, 0x0, 0x4, 0xff, 0xe0,
    0x0, 0x0, 0x0, 0x0, 0xdf, 0xf1, 0x1, 0x9d,
    0xff, 0xff, 0xff, 0xf2, 0x2f, 0xff, 0xff, 0xff,
    0xff, 0xf2, 0xbf, 0xf8, 0x10, 0x0, 0xbf, 0xf2,
    0xef, 0xe0, 0x0, 0x0, 0xbf, 0xf2, 0xef, 0xf0,
    0x0, 0x2, 0xff, 0xf2, 0xaf, 0xf9, 0x11, 0x5e,
    0xff, 0xf2, 0x2e, 0xff, 0xff, 0xff, 0xdf, 0xf2,
    0x1, 0x9e, 0xfe, 0xb3, 0x8f, 0xf2,

    /* U+0102 "Ă" */
    0x0, 0x0, 0x5, 0xfa, 0x0, 0x6, 0xf8, 0x0,
    0x0, 0x0, 0x0, 0x0, 0x1f, 0xf5, 0x3, 0xef,
    0x30, 0x0, 0x0, 0x0, 0x0, 0x0, 0x5f, 0xff,
    0xff, 0x80, 0x0, 0x0, 0x0, 0x0, 0x0, 0x0,
    0x17, 0x98, 0x30, 0x0, 0x0, 0x0, 0x0, 0x0,
    0x0, 0x0, 0x0, 0x0, 0x0, 0x0, 0x0, 0x0,
    0x0, 0x0, 0x0, 0x1f, 0xff, 0x40, 0x0, 0x0,
    0x0, 0x0, 0x0, 0x0, 0x8, 0xff, 0xfb, 0x0,
    0x0, 0x0, 0x0, 0x0, 0x0, 0x0, 0xef, 0xff,
    0xf2, 0x0, 0x0, 0x0, 0x0, 0x0, 0x0, 0x5f,
    0xfb, 0xff, 0x90, 0x0, 0x0, 0x0, 0x0, 0x0,
    0xc, 0xff, 0x1d, 0xff, 0x0, 0x0, 0x0, 0x0,
    0x0, 0x3, 0xff, 0x90, 0x7f, 0xf6, 0x0, 0x0,
    0x0, 0x0, 0x0, 0xaf, 0xf3, 0x1, 0xff, 0xd0,
    0x0, 0x0, 0x0, 0x0, 0x1f, 0xfc, 0x0, 0xa,
    0xff, 0x40, 0x0, 0x0, 0x0, 0x7, 0xff, 0x60,
    0x0, 0x3f, 0xfb, 0x0, 0x0, 0x0, 0x0, 0xef,
    0xf0, 0x0, 0x0, 0xdf, 0xf2, 0x0, 0x0, 0x0,
    0x5f, 0xff, 0x77, 0x77, 0x7e, 0xff, 0x90, 0x0,
    0x0, 0xc, 0xff, 0xff, 0xff, 0xff, 0xff, 0xff,
    0x0, 0x0, 0x3, 0xff, 0xff, 0xff, 0xff, 0xff,
    0xff, 0xf6, 0x0, 0x0, 0x9f, 0xf6, 0x0, 0x0,
    0x0, 0x3, 0xff, 0xd0, 0x0, 0x1f, 0xff, 0x0,
    0x0, 0x0, 0x0, 0xc, 0xff, 0x40, 0x7, 0xff,
    0x90, 0x0, 0x0, 0x0, 0x0, 0x6f, 0xfb, 0x0,
    0xef, 0xf2, 0x0, 0x0, 0x0, 0x0, 0x0, 0xff,
    0xf2,

    /* U+0103 "ă" */
    0x1, 0xfd, 0x0, 0x2, 0xfb, 0x0, 0x0, 0xcf,
    0x80, 0x2c, 0xf7, 0x0, 0x0, 0x3e, 0xff, 0xff,
    0xb0, 0x0, 0x0, 0x0, 0x79, 0x95, 0x0, 0x0,
    0x0, 0x0, 0x0, 0x0, 0x0, 0x0, 0x1, 0x7c,
    0xef, 0xec, 0x60, 0x0, 0x5f, 0xff, 0xff, 0xff,
    0xfc, 0x0, 0x2f, 0xfb, 0x88, 0xbf, 0xff, 0x80,
    0x4, 0x10, 0x0, 0x4, 0xff, 0xe0, 0x0, 0x0,
    0x0, 0x0, 0xdf, 0xf1, 0x1, 0x9d, 0xff, 0xff,
    0xff, 0xf2, 0x2f, 0xff, 0xff, 0xff, 0xff, 0xf2,
    0xbf, 0xf8, 0x10, 0x0, 0xbf, 0xf2, 0xef, 0xe0,
    0x0, 0x0, 0xbf, 0xf2, 0xef, 0xf0, 0x0, 0x2,
    0xff, 0xf2, 0xaf, 0xf9, 0x11, 0x5e, 0xff, 0xf2,
    0x2e, 0xff, 0xff, 0xff, 0xdf, 0xf2, 0x1, 0x9e,
    0xfe, 0xb3, 0x8f, 0xf2,

    /* U+0104 "Ą" */
    0x0, 0x0, 0x0, 0x1, 0xff, 0xf4, 0x0, 0x0,
    0x0, 0x0, 0x0, 0x0, 0x0, 0x8f, 0xff, 0xb0,
    0x0, 0x0, 0x0, 0x0, 0x0, 0x0, 0xe, 0xff,
    0xff, 0x20, 0x0, 0x0, 0x0, 0x0, 0x0, 0x5,
    0xff, 0xbf, 0xf9, 0x0, 0x0, 0x0, 0x0, 0x0,
    0x0, 0xcf, 0xf1, 0xdf, 0xf0, 0x0, 0x0, 0x0,
    0x0, 0x0, 0x3f, 0xf9, 0x7, 0xff, 0x60, 0x0,
    0x0, 0x0, 0x0, 0xa, 0xff, 0x30, 0x1f, 0xfd,
    0x0, 0x0, 0x0, 0x0, 0x1, 0xff, 0xc0, 0x0,
    0xaf, 0xf4, 0x0, 0x0, 0x0, 0x0, 0x7f, 0xf6,
    0x0, 0x3, 0xff, 0xb0, 0x0, 0x0, 0x0, 0xe,
    0xff, 0x0, 0x0, 0xd, 0xff, 0x20, 0x0, 0x0,
    0x5, 0xff, 0xf7, 0x77, 0x77, 0xef, 0xf9, 0x0,
    0x0, 0x0, 0xcf, 0xff, 0xff, 0xff, 0xff, 0xff,
    0xf0, 0x0, 0x0, 0x3f, 0xff, 0xff, 0xff, 0xff,
    0xff, 0xff, 0x60, 0x0, 0x9, 0xff, 0x60, 0x0,
    0x0, 0x0, 0x3f, 0xfd, 0x0, 0x1, 0xff, 0xf0,
    0x0, 0x0, 0x0, 0x0, 0xcf, 0xf4, 0x0, 0x7f,
    0xf9, 0x0, 0x0, 0x0, 0x0, 0x6, 0xff, 0xb0,
    0xe, 0xff, 0x20, 0x0, 0x0, 0x0, 0x0, 0xf,
    0xff, 0x20, 0x0, 0x0, 0x0, 0x0, 0x0, 0x0,
    0x3, 0xef, 0x70, 0x0, 0x0, 0x0, 0x0, 0x0,
    0x0, 0x0, 0xef, 0x30, 0x0, 0x0, 0x0, 0x0,
    0x0, 0x0, 0x0, 0x3f, 0xa0, 0x0, 0x0, 0x0,
    0x0, 0x0, 0x0, 0x0, 0x3, 0xfd, 0x11, 0x20,
    0x0, 0x0, 0x0, 0x0, 0x0, 0x0, 0xc, 0xff,
    0xfa, 0x0, 0x0, 0x0, 0x0, 0x0, 0x0, 0x0,
    0x6, 0x98, 0x30,

    /* U+0105 "ą" */
    0x1, 0x7c, 0xef, 0xec, 0x60, 0x0, 0x5f, 0xff,
    0xff, 0xff, 0xfc, 0x0, 0x2f, 0xfb, 0x88, 0xbf,
    0xff, 0x80, 0x4, 0x10, 0x0, 0x4, 0xff, 0xe0,
    0x0, 0x0, 0x0, 0x0, 0xdf, 0xf1, 0x1, 0x9d,
    0xff, 0xff, 0xff, 0xf2, 0x2f, 0xff, 0xff, 0xff,
    0xff, 0xf2, 0xbf, 0xf8, 0x10, 0x0, 0xbf, 0xf2,
    0xef, 0xe0, 0x0, 0x0, 0xbf, 0xf2, 0xef, 0xf0,
    0x0, 0x2, 0xff, 0xf2, 0xaf, 0xf9, 0x11, 0x5e,
    0xff, 0xf2, 0x2e, 0xff, 0xff, 0xff, 0xdf, 0xf2,
    0x1, 0x9e, 0xfe, 0xb3, 0xbf, 0xf2, 0x0, 0x0,
    0x0, 0x4, 0xfe, 0x50, 0x0, 0x0, 0x0, 0x1f,
    0xe1, 0x0, 0x0, 0x0, 0x0, 0x6f, 0x80, 0x0,
    0x0, 0x0, 0x0, 0x5f, 0xb1, 0x11, 0x0, 0x0,
    0x0, 0x1e, 0xff, 0xf8, 0x0, 0x0, 0x0, 0x1,
    0x79, 0x72,

    /* U+0106 "Ć" */
    0x0, 0x0, 0x0, 0x0, 0xc, 0xff, 0x70, 0x0,
    0x0, 0x0, 0x0, 0x0, 0xaf, 0xf5, 0x0, 0x0,
    0x0, 0x0, 0x0, 0x9, 0xfe, 0x30, 0x0, 0x0,
    0x0, 0x0, 0x0, 0x18, 0x82, 0x0, 0x0, 0x0,
    0x0, 0x0, 0x0, 0x0, 0x0, 0x0, 0x0, 0x0,
    0x0, 0x0, 0x17, 0xbe, 0xfe, 0xc8, 0x20, 0x0,
    0x0, 0x6, 0xff, 0xff, 0xff, 0xff, 0xf8, 0x0,
    0x0, 0x9f, 0xff, 0xfe, 0xcd, 0xff, 0xff, 0xa0,
    0x6, 0xff, 0xfb, 0x30, 0x0, 0x7, 0xff, 0x50,
    0x1f, 0xff, 0x80, 0x0, 0x0, 0x0, 0x34, 0x0,
    0x7f, 0xfc, 0x0, 0x0, 0x0, 0x0, 0x0, 0x0,
    0xbf, 0xf5, 0x0, 0x0, 0x0, 0x0, 0x0, 0x0,
    0xef, 0xf2, 0x0, 0x0, 0x0, 0x0, 0x0, 0x0,
    0xff, 0xf0, 0x0, 0x0, 0x0, 0x0, 0x0, 0x0,
    0xef, 0xf1, 0x0, 0x0, 0x0, 0x0, 0x0, 0x0,
    0xcf, 0xf5, 0x0, 0x0, 0x0, 0x0, 0x0, 0x0,
    0x7f, 0xfc, 0x0, 0x0, 0x0, 0x0, 0x0, 0x0,
    0x1f, 0xff, 0x80, 0x0, 0x0, 0x0, 0x34, 0x0,
    0x7, 0xff, 0xfb, 0x20, 0x0, 0x6, 0xff, 0x50,
    0x0, 0x9f, 0xff, 0xfe, 0xcc, 0xff, 0xff, 0xa0,
    0x0, 0x7, 0xff, 0xff, 0xff, 0xff, 0xf8, 0x0,
    0x0, 0x0, 0x17, 0xce, 0xfe, 0xc8, 0x20, 0x0,

    /* U+0107 "ć" */
    0x0, 0x0, 0x0, 0x2, 0xef, 0xe3, 0x0, 0x0,
    0x0, 0x2, 0xef, 0xd1, 0x0, 0x0, 0x0, 0x1,
    0xdf, 0xb0, 0x0, 0x0, 0x0, 0x0, 0x35, 0x50,
    0x0, 0x0, 0x0, 0x0, 0x0, 0x0, 0x0, 0x0,
    0x0, 0x0, 0x5, 0xbe, 0xfe, 0xb4, 0x0, 0x0,
    0x1b, 0xff, 0xff, 0xff, 0xf9, 0x0, 0xc, 0xff,
    0xfb, 0x9b, 0xff, 0xf7, 0x6, 0xff, 0xd2, 0x0,
    0x3, 0xeb, 0x20, 0xdf, 0xf3, 0x0, 0x0, 0x1,
    0x0, 0xf, 0xfe, 0x0, 0x0, 0x0, 0x0, 0x1,
    0xff, 0xc0, 0x0, 0x0, 0x0, 0x0, 0xf, 0xfe,
    0x0, 0x0, 0x0, 0x0, 0x0, 0xcf, 0xf3, 0x0,
    0x0, 0x2, 0x0, 0x6, 0xff, 0xd2, 0x0, 0x3,
    0xfc, 0x20, 0xb, 0xff, 0xfb, 0x9b, 0xff, 0xf6,
    0x0, 0x1b, 0xff, 0xff, 0xff, 0xf9, 0x0, 0x0,
    0x5, 0xbe, 0xfe, 0xb4, 0x0,

    /* U+0108 "Ĉ" */
    0x0, 0x0, 0x0, 0x4f, 0xff, 0x30, 0x0, 0x0,
    0x0, 0x0, 0x3, 0xff, 0xff, 0xe2, 0x0, 0x0,
    0x0, 0x0, 0x2e, 0xfa, 0x1b, 0xfe, 0x10, 0x0,
    0x0, 0x0, 0x58, 0x60, 0x0, 0x68, 0x50, 0x0,
    0x0, 0x0, 0x0, 0x0, 0x0, 0x0, 0x0, 0x0,
    0x0, 0x0, 0x17, 0xbe, 0xfe, 0xc8, 0x20, 0x0,
    0x0, 0x6, 0xff, 0xff, 0xff, 0xff, 0xf8, 0x0,
    0x0, 0x9f, 0xff, 0xfe, 0xcd, 0xff, 0xff, 0xa0,
    0x6, 0xff, 0xfb, 0x30, 0x0, 0x7, 0xff, 0x50,
    0x1f, 0xff, 0x80, 0x0, 0x0, 0x0, 0x34, 0x0,
    0x7f, 0xfc, 0x0, 0x0, 0x0, 0x0, 0x0, 0x0,
    0xbf, 0xf5, 0x0, 0x0, 0x0, 0x0, 0x0, 0x0,
    0xef, 0xf2, 0x0, 0x0, 0x0, 0x0, 0x0, 0x0,
    0xff, 0xf0, 0x0, 0x0, 0x0, 0x0, 0x0, 0x0,
    0xef, 0xf1, 0x0, 0x0, 0x0, 0x0, 0x0, 0x0,
    0xcf, 0xf5, 0x0, 0x0, 0x0, 0x0, 0x0, 0x0,
    0x7f, 0xfc, 0x0, 0x0, 0x0, 0x0, 0x0, 0x0,
    0x1f, 0xff, 0x80, 0x0, 0x0, 0x0, 0x34, 0x0,
    0x7, 0xff, 0xfb, 0x20, 0x0, 0x6, 0xff, 0x50,
    0x0, 0x9f, 0xff, 0xfe, 0xcc, 0xff, 0xff, 0xa0,
    0x0, 0x7, 0xff, 0xff, 0xff, 0xff, 0xf8, 0x0,
    0x0, 0x0, 0x17, 0xce, 0xfe, 0xc8, 0x20, 0x0,

    /* U+0109 "ĉ" */
    0x0, 0x0, 0x9, 0xff, 0xe1, 0x0, 0x0, 0x0,
    0x9, 0xfc, 0x7f, 0xd1, 0x0, 0x0, 0x9, 0xfc,
    0x0, 0x7f, 0xd1, 0x0, 0x0, 0x22, 0x0, 0x0,
    0x22, 0x10, 0x0, 0x0, 0x0, 0x0, 0x0, 0x0,
    0x0, 0x0, 0x5, 0xbe, 0xfe, 0xb4, 0x0, 0x0,
    0x1b, 0xff, 0xff, 0xff, 0xf9, 0x0, 0xc, 0xff,
    0xfb, 0x9b, 0xff, 0xf7, 0x6, 0xff, 0xd2, 0x0,
    0x3, 0xeb, 0x20, 0xdf, 0xf3, 0x0, 0x0, 0x1,
    0x0, 0xf, 0xfe, 0x0, 0x0, 0x0, 0x0, 0x1,
    0xff, 0xc0, 0x0, 0x0, 0x0, 0x0, 0xf, 0xfe,
    0x0, 0x0, 0x0, 0x0, 0x0, 0xcf, 0xf3, 0x0,
    0x0, 0x2, 0x0, 0x6, 0xff, 0xd2, 0x0, 0x3,
    0xfc, 0x20, 0xb, 0xff, 0xfb, 0x9b, 0xff, 0xf6,
    0x0, 0x1b, 0xff, 0xff, 0xff, 0xf9, 0x0, 0x0,
    0x5, 0xbe, 0xfe, 0xb4, 0x0,

    /* U+010A "Ċ" */
    0x0, 0x0, 0x0, 0x9, 0xf8, 0x0, 0x0, 0x0,
    0x0, 0x0, 0x0, 0x1f, 0xff, 0x0, 0x0, 0x0,
    0x0, 0x0, 0x0, 0xe, 0xfd, 0x0, 0x0, 0x0,
    0x0, 0x0, 0x0, 0x1, 0x51, 0x0, 0x0, 0x0,
    0x0, 0x0, 0x0, 0x0, 0x0, 0x0, 0x0, 0x0,
    0x0, 0x0, 0x17, 0xbe, 0xfe, 0xc8, 0x20, 0x0,
    0x0, 0x6, 0xff, 0xff, 0xff, 0xff, 0xf8, 0x0,
    0x0, 0x9f, 0xff, 0xfe, 0xcd, 0xff, 0xff, 0xa0,
    0x6, 0xff, 0xfb, 0x30, 0x0, 0x7, 0xff, 0x50,
    0x1f, 0xff, 0x80, 0x0, 0x0, 0x0, 0x34, 0x0,
    0x7f, 0xfc, 0x0, 0x0, 0x0, 0x0, 0x0, 0x0,
    0xbf, 0xf5, 0x0, 0x0, 0x0, 0x0, 0x0, 0x0,
    0xef, 0xf2, 0x0, 0x0, 0x0, 0x0, 0x0, 0x0,
    0xff, 0xf0, 0x0, 0x0, 0x0, 0x0, 0x0, 0x0,
    0xef, 0xf1, 0x0, 0x0, 0x0, 0x0, 0x0, 0x0,
    0xcf, 0xf5, 0x0, 0x0, 0x0, 0x0, 0x0, 0x0,
    0x7f, 0xfc, 0x0, 0x0, 0x0, 0x0, 0x0, 0x0,
    0x1f, 0xff, 0x80, 0x0, 0x0, 0x0, 0x34, 0x0,
    0x7, 0xff, 0xfb, 0x20, 0x0, 0x6, 0xff, 0x50,
    0x0, 0x9f, 0xff, 0xfe, 0xcc, 0xff, 0xff, 0xa0,
    0x0, 0x7, 0xff, 0xff, 0xff, 0xff, 0xf8, 0x0,
    0x0, 0x0, 0x17, 0xce, 0xfe, 0xc8, 0x20, 0x0,

    /* U+010B "ċ" */
    0x0, 0x0, 0x0, 0x46, 0x0, 0x0, 0x0, 0x0,
    0x0, 0x4f, 0xf9, 0x0, 0x0, 0x0, 0x0, 0x6,
    0xff, 0xb0, 0x0, 0x0, 0x0, 0x0, 0xb, 0xd3,
    0x0, 0x0, 0x0, 0x0, 0x0, 0x0, 0x0, 0x0,
    0x0, 0x0, 0x0, 0x0, 0x0, 0x0, 0x0, 0x0,
    0x0, 0x5b, 0xef, 0xeb, 0x40, 0x0, 0x1, 0xbf,
    0xff, 0xff, 0xff, 0x90, 0x0, 0xcf, 0xff, 0xb9,
    0xbf, 0xff, 0x70, 0x6f, 0xfd, 0x20, 0x0, 0x3e,
    0xb2, 0xd, 0xff, 0x30, 0x0, 0x0, 0x10, 0x0,
    0xff, 0xe0, 0x0, 0x0, 0x0, 0x0, 0x1f, 0xfc,
    0x0, 0x0, 0x0, 0x0, 0x0, 0xff, 0xe0, 0x0,
    0x0, 0x0, 0x0, 0xc, 0xff, 0x30, 0x0, 0x0,
    0x20, 0x0, 0x6f, 0xfd, 0x20, 0x0, 0x3f, 0xc2,
    0x0, 0xbf, 0xff, 0xb9, 0xbf, 0xff, 0x60, 0x1,
    0xbf, 0xff, 0xff, 0xff, 0x90, 0x0, 0x0, 0x5b,
    0xef, 0xeb, 0x40, 0x0,

    /* U+010C "Č" */
    0x0, 0x0, 0x7f, 0xd1, 0x2, 0xef, 0x60, 0x0,
    0x0, 0x0, 0x9, 0xfe, 0x4e, 0xf8, 0x0, 0x0,
    0x0, 0x0, 0x0, 0xbf, 0xff, 0xa0, 0x0, 0x0,
    0x0, 0x0, 0x0, 0x7, 0x87, 0x0, 0x0, 0x0,
    0x0, 0x0, 0x0, 0x0, 0x0, 0x0, 0x0, 0x0,
    0x0, 0x0, 0x17, 0xbe, 0xfe, 0xc8, 0x20, 0x0,
    0x0, 0x6, 0xff, 0xff, 0xff, 0xff, 0xf8, 0x0,
    0x0, 0x9f, 0xff, 0xfe, 0xcd, 0xff, 0xff, 0xa0,
    0x6, 0xff, 0xfb, 0x30, 0x0, 0x7, 0xff, 0x50,
    0x1f, 0xff, 0x80, 0x0, 0x0, 0x0, 0x34, 0x0,
    0x7f, 0xfc, 0x0, 0x0, 0x0, 0x0, 0x0, 0x0,
    0xbf, 0xf5, 0x0, 0x0, 0x0, 0x0, 0x0, 0x0,
    0xef, 0xf2, 0x0, 0x0, 0x0, 0x0, 0x0, 0x0,
    0xff, 0xf0, 0x0, 0x0, 0x0, 0x0, 0x0, 0x0,
    0xef, 0xf1, 0x0, 0x0, 0x0, 0x0, 0x0, 0x0,
    0xcf, 0xf5, 0x0, 0x0, 0x0, 0x0, 0x0, 0x0,
    0x7f, 0xfc, 0x0, 0x0, 0x0, 0x0, 0x0, 0x0,
    0x1f, 0xff, 0x80, 0x0, 0x0, 0x0, 0x34, 0x0,
    0x7, 0xff, 0xfb, 0x20, 0x0, 0x6, 0xff, 0x50,
    0x0, 0x9f, 0xff, 0xfe, 0xcc, 0xff, 0xff, 0xa0,
    0x0, 0x7, 0xff, 0xff, 0xff, 0xff, 0xf8, 0x0,
    0x0, 0x0, 0x17, 0xce, 0xfe, 0xc8, 0x20, 0x0,

    /* U+010D "č" */
    0x0, 0xb, 0xfa, 0x0, 0x6f, 0xe2, 0x0, 0x0,
    0xc, 0xfc, 0x8f, 0xf3, 0x0, 0x0, 0x0, 0x1d,
    0xff, 0xf4, 0x0, 0x0, 0x0, 0x0, 0x15, 0x53,
    0x0, 0x0, 0x0, 0x0, 0x0, 0x0, 0x0, 0x0,
    0x0, 0x0, 0x5, 0xbe, 0xfe, 0xb4, 0x0, 0x0,
    0x1b, 0xff, 0xff, 0xff, 0xf9, 0x0, 0xc, 0xff,
    0xfb, 0x9b, 0xff, 0xf7, 0x6, 0xff, 0xd2, 0x0,
    0x3, 0xeb, 0x20, 0xdf, 0xf3, 0x0, 0x0, 0x1,
    0x0, 0xf, 0xfe, 0x0, 0x0, 0x0, 0x0, 0x1,
    0xff, 0xc0, 0x0, 0x0, 0x0, 0x0, 0xf, 0xfe,
    0x0, 0x0, 0x0, 0x0, 0x0, 0xcf, 0xf3, 0x0,
    0x0, 0x2, 0x0, 0x6, 0xff, 0xd2, 0x0, 0x3,
    0xfc, 0x20, 0xb, 0xff, 0xfb, 0x9b, 0xff, 0xf6,
    0x0, 0x1b, 0xff, 0xff, 0xff, 0xf9, 0x0, 0x0,
    0x5, 0xbe, 0xfe, 0xb4, 0x0,

    /* U+010E "Ď" */
    0x0, 0x48, 0x60, 0x0, 0x58, 0x60, 0x0, 0x0,
    0x0, 0xd, 0xfc, 0x19, 0xff, 0x30, 0x0, 0x0,
    0x0, 0x1, 0xef, 0xff, 0xf4, 0x0, 0x0, 0x0,
    0x0, 0x0, 0x2f, 0xff, 0x60, 0x0, 0x0, 0x0,
    0x0, 0x0, 0x0, 0x0, 0x0, 0x0, 0x0, 0x0,
    0xdf, 0xff, 0xff, 0xff, 0xec, 0x71, 0x0, 0x0,
    0xdf, 0xff, 0xff, 0xff, 0xff, 0xff, 0x60, 0x0,
    0xdf, 0xfb, 0xaa, 0xab, 0xcf, 0xff, 0xfa, 0x0,
    0xdf, 0xf2, 0x0, 0x0, 0x1, 0x9f, 0xff, 0x70,
    0xdf, 0xf2, 0x0, 0x0, 0x0, 0x7, 0xff, 0xf1,
    0xdf, 0xf2, 0x0, 0x0, 0x0, 0x0, 0xbf, 0xf8,
    0xdf, 0xf2, 0x0, 0x0, 0x0, 0x0, 0x5f, 0xfc,
    0xdf, 0xf2, 0x0, 0x0, 0x0, 0x0, 0x2f, 0xfe,
    0xdf, 0xf2, 0x0, 0x0, 0x0, 0x0, 0xf, 0xff,
    0xdf, 0xf2, 0x0, 0x0, 0x0, 0x0, 0x2f, 0xfe,
    0xdf, 0xf2, 0x0, 0x0, 0x0, 0x0, 0x5f, 0xfc,
    0xdf, 0xf2, 0x0, 0x0, 0x0, 0x0, 0xcf, 0xf8,
    0xdf, 0xf2, 0x0, 0x0, 0x0, 0x7, 0xff, 0xf1,
    0xdf, 0xf2, 0x0, 0x0, 0x1, 0x9f, 0xff, 0x70,
    0xdf, 0xfb, 0xaa, 0xab, 0xcf, 0xff, 0xfa, 0x0,
    0xdf, 0xff, 0xff, 0xff, 0xff, 0xff, 0x60, 0x0,
    0xdf, 0xff, 0xff, 0xff, 0xec, 0x71, 0x0, 0x0,

    /* U+010F "ď" */
    0x0, 0x0, 0x0, 0x0, 0x0, 0x0, 0x0, 0x1,
    0xff, 0x20, 0x0, 0x0, 0x0, 0x0, 0x0, 0xff,
    0xe0, 0x1f, 0xf0, 0x0, 0x0, 0x0, 0x0, 0x0,
    0xf, 0xfe, 0x1, 0xff, 0x0, 0x0, 0x0, 0x0,
    0x0, 0x0, 0xff, 0xe0, 0x1f, 0xe0, 0x0, 0x0,
    0x0, 0x0, 0x0, 0xf, 0xfe, 0x1, 0xb9, 0x0,
    0x0, 0x0, 0x0, 0x0, 0x0, 0xff, 0xe0, 0x0,
    0x0, 0x0, 0x0, 0x6c, 0xef, 0xc6, 0xf, 0xfe,
    0x0, 0x0, 0x0, 0x2, 0xdf, 0xff, 0xff, 0xfb,
    0xff, 0xe0, 0x0, 0x0, 0x0, 0xdf, 0xff, 0xb9,
    0xbf, 0xff, 0xfe, 0x0, 0x0, 0x0, 0x7f, 0xfd,
    0x20, 0x0, 0x3e, 0xff, 0xe0, 0x0, 0x0, 0xd,
    0xff, 0x30, 0x0, 0x0, 0x6f, 0xfe, 0x0, 0x0,
    0x0, 0xff, 0xe0, 0x0, 0x0, 0x0, 0xff, 0xe0,
    0x0, 0x0, 0x1f, 0xfc, 0x0, 0x0, 0x0, 0xf,
    0xfe, 0x0, 0x0, 0x0, 0xff, 0xe0, 0x0, 0x0,
    0x0, 0xff, 0xe0, 0x0, 0x0, 0xd, 0xff, 0x40,
    0x0, 0x0, 0x6f, 0xfe, 0x0, 0x0, 0x0, 0x7f,
    0xfe, 0x20, 0x0, 0x3f, 0xff, 0xe0, 0x0, 0x0,
    0x0, 0xdf, 0xff, 0xb9, 0xcf, 0xff, 0xfe, 0x0,
    0x0, 0x0, 0x2, 0xdf, 0xff, 0xff, 0xfc, 0xef,
    0xe0, 0x0, 0x0, 0x0, 0x0, 0x6c, 0xef, 0xc7,
    0xd, 0xfe, 0x0, 0x0, 0x0,

    /* U+0110 "Đ" */
    0x0, 0x9f, 0xff, 0xff, 0xff, 0xfc, 0x82, 0x0,
    0x0, 0x0, 0x9, 0xff, 0xff, 0xff, 0xff, 0xff,
    0xf9, 0x0, 0x0, 0x0, 0x9f, 0xfc, 0xaa, 0xaa,
    0xcf, 0xff, 0xfd, 0x0, 0x0, 0x9, 0xff, 0x60,
    0x0, 0x0, 0x7, 0xff, 0xfb, 0x0, 0x0, 0x9f,
    0xf6, 0x0, 0x0, 0x0, 0x4, 0xff, 0xf5, 0x0,
    0x9, 0xff, 0x60, 0x0, 0x0, 0x0, 0x8, 0xff,
    0xb0, 0x0, 0x9f, 0xf6, 0x0, 0x0, 0x0, 0x0,
    0x1f, 0xff, 0xd, 0xff, 0xff, 0xff, 0xff, 0xb0,
    0x0, 0x0, 0xef, 0xf2, 0xdf, 0xff, 0xff, 0xff,
    0xfb, 0x0, 0x0, 0xd, 0xff, 0x34, 0x4e, 0xff,
    0xa4, 0x44, 0x30, 0x0, 0x0, 0xef, 0xf2, 0x0,
    0x9f, 0xf6, 0x0, 0x0, 0x0, 0x0, 0x2f, 0xff,
    0x0, 0x9, 0xff, 0x60, 0x0, 0x0, 0x0, 0x8,
    0xff, 0xb0, 0x0, 0x9f, 0xf6, 0x0, 0x0, 0x0,
    0x4, 0xff, 0xf5, 0x0, 0x9, 0xff, 0x60, 0x0,
    0x0, 0x7, 0xff, 0xfb, 0x0, 0x0, 0x9f, 0xfc,
    0xaa, 0xaa, 0xcf, 0xff, 0xfd, 0x0, 0x0, 0x9,
    0xff, 0xff, 0xff, 0xff, 0xff, 0xf9, 0x0, 0x0,
    0x0, 0x9f, 0xff, 0xff, 0xff, 0xfc, 0x82, 0x0,
    0x0, 0x0,

    /* U+0111 "đ" */
    0x0, 0x0, 0x0, 0x0, 0x0, 0xf, 0xfe, 0x0,
    0x0, 0x0, 0x0, 0x0, 0x0, 0xf, 0xfe, 0x0,
    0x0, 0x0, 0x0, 0x7f, 0xff, 0xff, 0xff, 0xfc,
    0x0, 0x0, 0x0, 0x7f, 0xff, 0xff, 0xff, 0xfc,
    0x0, 0x0, 0x0, 0x0, 0x0, 0xf, 0xfe, 0x0,
    0x0, 0x0, 0x6c, 0xef, 0xc6, 0xf, 0xfe, 0x0,
    0x0, 0x2d, 0xff, 0xff, 0xff, 0xbf, 0xfe, 0x0,
    0x0, 0xdf, 0xff, 0xb9, 0xbf, 0xff, 0xfe, 0x0,
    0x7, 0xff, 0xd2, 0x0, 0x3, 0xef, 0xfe, 0x0,
    0xd, 0xff, 0x30, 0x0, 0x0, 0x6f, 0xfe, 0x0,
    0xf, 0xfe, 0x0, 0x0, 0x0, 0xf, 0xfe, 0x0,
    0x1f, 0xfc, 0x0, 0x0, 0x0, 0xf, 0xfe, 0x0,
    0xf, 0xfe, 0x0, 0x0, 0x0, 0xf, 0xfe, 0x0,
    0xd, 0xff, 0x40, 0x0, 0x0, 0x6f, 0xfe, 0x0,
    0x7, 0xff, 0xe2, 0x0, 0x3, 0xff, 0xfe, 0x0,
    0x0, 0xdf, 0xff, 0xb9, 0xcf, 0xff, 0xfe, 0x0,
    0x0, 0x2d, 0xff, 0xff, 0xff, 0xce, 0xfe, 0x0,
    0x0, 0x0, 0x6c, 0xef, 0xc7, 0xd, 0xfe, 0x0,

    /* U+0112 "Ē" */
    0x0, 0xbc, 0xcc, 0xcc, 0xcc, 0x0, 0x0, 0xe,
    0xff, 0xff, 0xff, 0xf0, 0x0, 0x0, 0x0, 0x0,
    0x0, 0x0, 0x0, 0x0, 0x0, 0x0, 0x0, 0x0,
    0x0, 0x0, 0xdf, 0xff, 0xff, 0xff, 0xff, 0xfe,
    0xd, 0xff, 0xff, 0xff, 0xff, 0xff, 0xe0, 0xdf,
    0xfa, 0xaa, 0xaa, 0xaa, 0xa9, 0xd, 0xff, 0x20,
    0x0, 0x0, 0x0, 0x0, 0xdf, 0xf2, 0x0, 0x0,
    0x0, 0x0, 0xd, 0xff, 0x20, 0x0, 0x0, 0x0,
    0x0, 0xdf, 0xf2, 0x0, 0x0, 0x0, 0x0, 0xd,
    0xff, 0xff, 0xff, 0xff, 0xfe, 0x0, 0xdf, 0xff,
    0xff, 0xff, 0xff, 0xe0, 0xd, 0xff, 0xb9, 0x99,
    0x99, 0x98, 0x0, 0xdf, 0xf2, 0x0, 0x0, 0x0,
    0x0, 0xd, 0xff, 0x20, 0x0, 0x0, 0x0, 0x0,
    0xdf, 0xf2, 0x0, 0x0, 0x0, 0x0, 0xd, 0xff,
    0x20, 0x0, 0x0, 0x0, 0x0, 0xdf, 0xfa, 0xaa,
    0xaa, 0xaa, 0xaa, 0x2d, 0xff, 0xff, 0xff, 0xff,
    0xff, 0xf3, 0xdf, 0xff, 0xff, 0xff, 0xff, 0xff,
    0x30,

    /* U+0113 "ē" */
    0x0, 0xd, 0xff, 0xff, 0xff, 0xf2, 0x0, 0x0,
    0xa, 0xcc, 0xcc, 0xcc, 0xc1, 0x0, 0x0, 0x0,
    0x0, 0x0, 0x0, 0x0, 0x0, 0x0, 0x0, 0x0,
    0x0, 0x0, 0x0, 0x0, 0x0, 0x0, 0x6c, 0xef,
    0xd9, 0x20, 0x0, 0x0, 0x1c, 0xff, 0xff, 0xff,
    0xf6, 0x0, 0x0, 0xdf, 0xfd, 0x87, 0xaf, 0xff,
    0x40, 0x7, 0xff, 0xa0, 0x0, 0x2, 0xff, 0xd0,
    0xd, 0xff, 0x0, 0x0, 0x0, 0x7f, 0xf3, 0xf,
    0xff, 0xff, 0xff, 0xff, 0xff, 0xf5, 0x1f, 0xff,
    0xff, 0xff, 0xff, 0xff, 0xf6, 0xf, 0xfc, 0x0,
    0x0, 0x0, 0x0, 0x0, 0xd, 0xff, 0x20, 0x0,
    0x0, 0x0, 0x0, 0x6, 0xff, 0xd2, 0x0, 0x0,
    0x98, 0x0, 0x0, 0xcf, 0xff, 0xb9, 0xae, 0xff,
    0x40, 0x0, 0x1b, 0xff, 0xff, 0xff, 0xfd, 0x10,
    0x0, 0x0, 0x5b, 0xef, 0xec, 0x60, 0x0,

    /* U+0114 "Ĕ" */
    0x0, 0xdf, 0x10, 0x0, 0xff, 0x0, 0x0, 0x9,
    0xfa, 0x11, 0x9f, 0xa0, 0x0, 0x0, 0x1c, 0xff,
    0xff, 0xd1, 0x0, 0x0, 0x0, 0x5, 0x99, 0x60,
    0x0, 0x0, 0x0, 0x0, 0x0, 0x0, 0x0, 0x0,
    0xd, 0xff, 0xff, 0xff, 0xff, 0xff, 0xe0, 0xdf,
    0xff, 0xff, 0xff, 0xff, 0xfe, 0xd, 0xff, 0xaa,
    0xaa, 0xaa, 0xaa, 0x90, 0xdf, 0xf2, 0x0, 0x0,
    0x0, 0x0, 0xd, 0xff, 0x20, 0x0, 0x0, 0x0,
    0x0, 0xdf, 0xf2, 0x0, 0x0, 0x0, 0x0, 0xd,
    0xff, 0x20, 0x0, 0x0, 0x0, 0x0, 0xdf, 0xff,
    0xff, 0xff, 0xff, 0xe0, 0xd, 0xff, 0xff, 0xff,
    0xff, 0xfe, 0x0, 0xdf, 0xfb, 0x99, 0x99, 0x99,
    0x80, 0xd, 0xff, 0x20, 0x0, 0x0, 0x0, 0x0,
    0xdf, 0xf2, 0x0, 0x0, 0x0, 0x0, 0xd, 0xff,
    0x20, 0x0, 0x0, 0x0, 0x0, 0xdf, 0xf2, 0x0,
    0x0, 0x0, 0x0, 0xd, 0xff, 0xaa, 0xaa, 0xaa,
    0xaa, 0xa2, 0xdf, 0xff, 0xff, 0xff, 0xff, 0xff,
    0x3d, 0xff, 0xff, 0xff, 0xff, 0xff, 0xf3,

    /* U+0115 "ĕ" */
    0x0, 0xc, 0xf2, 0x0, 0xd, 0xf0, 0x0, 0x0,
    0x7, 0xfc, 0x21, 0x8f, 0xc0, 0x0, 0x0, 0x0,
    0xbf, 0xff, 0xfe, 0x20, 0x0, 0x0, 0x0, 0x5,
    0x99, 0x60, 0x0, 0x0, 0x0, 0x0, 0x0, 0x0,
    0x0, 0x0, 0x0, 0x0, 0x0, 0x6c, 0xef, 0xd9,
    0x20, 0x0, 0x0, 0x1c, 0xff, 0xff, 0xff, 0xf6,
    0x0, 0x0, 0xdf, 0xfd, 0x87, 0xaf, 0xff, 0x40,
    0x7, 0xff, 0xa0, 0x0, 0x2, 0xff, 0xd0, 0xd,
    0xff, 0x0, 0x0, 0x0, 0x7f, 0xf3, 0xf, 0xff,
    0xff, 0xff, 0xff, 0xff, 0xf5, 0x1f, 0xff, 0xff,
    0xff, 0xff, 0xff, 0xf6, 0xf, 0xfc, 0x0, 0x0,
    0x0, 0x0, 0x0, 0xd, 0xff, 0x20, 0x0, 0x0,
    0x0, 0x0, 0x6, 0xff, 0xd2, 0x0, 0x0, 0x98,
    0x0, 0x0, 0xcf, 0xff, 0xb9, 0xae, 0xff, 0x40,
    0x0, 0x1b, 0xff, 0xff, 0xff, 0xfd, 0x10, 0x0,
    0x0, 0x5b, 0xef, 0xec, 0x60, 0x0,

    /* U+0116 "Ė" */
    0x0, 0x0, 0x2d, 0xe3, 0x0, 0x0, 0x0, 0x0,
    0x8, 0xff, 0xa0, 0x0, 0x0, 0x0, 0x0, 0x5f,
    0xf7, 0x0, 0x0, 0x0, 0x0, 0x0, 0x44, 0x0,
    0x0, 0x0, 0x0, 0x0, 0x0, 0x0, 0x0, 0x0,
    0xd, 0xff, 0xff, 0xff, 0xff, 0xff, 0xe0, 0xdf,
    0xff, 0xff, 0xff, 0xff, 0xfe, 0xd, 0xff, 0xaa,
    0xaa, 0xaa, 0xaa, 0x90, 0xdf, 0xf2, 0x0, 0x0,
    0x0, 0x0, 0xd, 0xff, 0x20, 0x0, 0x0, 0x0,
    0x0, 0xdf, 0xf2, 0x0, 0x0, 0x0, 0x0, 0xd,
    0xff, 0x20, 0x0, 0x0, 0x0, 0x0, 0xdf, 0xff,
    0xff, 0xff, 0xff, 0xe0, 0xd, 0xff, 0xff, 0xff,
    0xff, 0xfe, 0x0, 0xdf, 0xfb, 0x99, 0x99, 0x99,
    0x80, 0xd, 0xff, 0x20, 0x0, 0x0, 0x0, 0x0,
    0xdf, 0xf2, 0x0, 0x0, 0x0, 0x0, 0xd, 0xff,
    0x20, 0x0, 0x0, 0x0, 0x0, 0xdf, 0xf2, 0x0,
    0x0, 0x0, 0x0, 0xd, 0xff, 0xaa, 0xaa, 0xaa,
    0xaa, 0xa2, 0xdf, 0xff, 0xff, 0xff, 0xff, 0xff,
    0x3d, 0xff, 0xff, 0xff, 0xff, 0xff, 0xf3,

    /* U+0117 "ė" */
    0x0, 0x0, 0x0, 0x56, 0x0, 0x0, 0x0, 0x0,
    0x0, 0x4, 0xff, 0x90, 0x0, 0x0, 0x0, 0x0,
    0x6, 0xff, 0xb0, 0x0, 0x0, 0x0, 0x0, 0x1,
    0xbd, 0x30, 0x0, 0x0, 0x0, 0x0, 0x0, 0x0,
    0x0, 0x0, 0x0, 0x0, 0x0, 0x0, 0x0, 0x0,
    0x0, 0x0, 0x0, 0x0, 0x6c, 0xef, 0xd9, 0x20,
    0x0, 0x0, 0x1c, 0xff, 0xff, 0xff, 0xf6, 0x0,
    0x0, 0xdf, 0xfd, 0x87, 0xaf, 0xff, 0x40, 0x7,
    0xff, 0xa0, 0x0, 0x2, 0xff, 0xd0, 0xd, 0xff,
    0x0, 0x0, 0x0, 0x7f, 0xf3, 0xf, 0xff, 0xff,
    0xff, 0xff, 0xff, 0xf5, 0x1f, 0xff, 0xff, 0xff,
    0xff, 0xff, 0xf6, 0xf, 0xfc, 0x0, 0x0, 0x0,
    0x0, 0x0, 0xd, 0xff, 0x20, 0x0, 0x0, 0x0,
    0x0, 0x6, 0xff, 0xd2, 0x0, 0x0, 0x98, 0x0,
    0x0, 0xcf, 0xff, 0xb9, 0xae, 0xff, 0x40, 0x0,
    0x1b, 0xff, 0xff, 0xff, 0xfd, 0x10, 0x0, 0x0,
    0x5b, 0xef, 0xec, 0x60, 0x0,

    /* U+0118 "Ę" */
    0xdf, 0xff, 0xff, 0xff, 0xff, 0xfe, 0xd, 0xff,
    0xff, 0xff, 0xff, 0xff, 0xe0, 0xdf, 0xfa, 0xaa,
    0xaa, 0xaa, 0xa9, 0xd, 0xff, 0x20, 0x0, 0x0,
    0x0, 0x0, 0xdf, 0xf2, 0x0, 0x0, 0x0, 0x0,
    0xd, 0xff, 0x20, 0x0, 0x0, 0x0, 0x0, 0xdf,
    0xf2, 0x0, 0x0, 0x0, 0x0, 0xd, 0xff, 0xff,
    0xff, 0xff, 0xfe, 0x0, 0xdf, 0xff, 0xff, 0xff,
    0xff, 0xe0, 0xd, 0xff, 0xb9, 0x99, 0x99, 0x98,
    0x0, 0xdf, 0xf2, 0x0, 0x0, 0x0, 0x0, 0xd,
    0xff, 0x20, 0x0, 0x0, 0x0, 0x0, 0xdf, 0xf2,
    0x0, 0x0, 0x0, 0x0, 0xd, 0xff, 0x20, 0x0,
    0x0, 0x0, 0x0, 0xdf, 0xfa, 0xaa, 0xaa, 0xaa,
    0xaa, 0x2d, 0xff, 0xff, 0xff, 0xff, 0xff, 0xf3,
    0xdf, 0xff, 0xff, 0xff, 0xff, 0xff, 0x40, 0x0,
    0x0, 0x0, 0x4, 0xfe, 0x60, 0x0, 0x0, 0x0,
    0x1, 0xee, 0x20, 0x0, 0x0, 0x0, 0x0, 0x5f,
    0x90, 0x0, 0x0, 0x0, 0x0, 0x5, 0xfc, 0x11,
    0x10, 0x0, 0x0, 0x0, 0xd, 0xff, 0xf9, 0x0,
    0x0, 0x0, 0x0, 0x17, 0x98, 0x20,

    /* U+0119 "ę" */
    0x0, 0x0, 0x6c, 0xef, 0xd9, 0x20, 0x0, 0x0,
    0x1c, 0xff, 0xff, 0xff, 0xf6, 0x0, 0x0, 0xdf,
    0xfd, 0x87, 0xaf, 0xff, 0x40, 0x7, 0xff, 0xa0,
    0x0, 0x2, 0xff, 0xd0, 0xd, 0xff, 0x0, 0x0,
    0x0, 0x7f, 0xf3, 0xf, 0xff, 0xff, 0xff, 0xff,
    0xff, 0xf5, 0x1f, 0xff, 0xff, 0xff, 0xff, 0xff,
    0xf6, 0xf, 0xfc, 0x0, 0x0, 0x0, 0x0, 0x0,
    0xd, 0xff, 0x20, 0x0, 0x0, 0x0, 0x0, 0x6,
    0xff, 0xd2, 0x0, 0x0, 0x98, 0x0, 0x0, 0xcf,
    0xff, 0xb9, 0xae, 0xff, 0x40, 0x0, 0x1b, 0xff,
    0xff, 0xff, 0xfd, 0x20, 0x0, 0x0, 0x5b, 0xef,
    0xff, 0xb0, 0x0, 0x0, 0x0, 0x0, 0x2, 0xfc,
    0x0, 0x0, 0x0, 0x0, 0x0, 0x9, 0xf4, 0x0,
    0x0, 0x0, 0x0, 0x0, 0xc, 0xf3, 0x0, 0x0,
    0x0, 0x0, 0x0, 0x8, 0xfe, 0xad, 0x10, 0x0,
    0x0, 0x0, 0x0, 0x9e, 0xfc, 0x20,

    /* U+011A "Ě" */
    0x1, 0x78, 0x20, 0x1, 0x78, 0x10, 0x0, 0x7,
    0xff, 0x54, 0xef, 0x80, 0x0, 0x0, 0x9, 0xff,
    0xff, 0xa0, 0x0, 0x0, 0x0, 0xb, 0xff, 0xc0,
    0x0, 0x0, 0x0, 0x0, 0x0, 0x0, 0x0, 0x0,
    0xd, 0xff, 0xff, 0xff, 0xff, 0xff, 0xe0, 0xdf,
    0xff, 0xff, 0xff, 0xff, 0xfe, 0xd, 0xff, 0xaa,
    0xaa, 0xaa, 0xaa, 0x90, 0xdf, 0xf2, 0x0, 0x0,
    0x0, 0x0, 0xd, 0xff, 0x20, 0x0, 0x0, 0x0,
    0x0, 0xdf, 0xf2, 0x0, 0x0, 0x0, 0x0, 0xd,
    0xff, 0x20, 0x0, 0x0, 0x0, 0x0, 0xdf, 0xff,
    0xff, 0xff, 0xff, 0xe0, 0xd, 0xff, 0xff, 0xff,
    0xff, 0xfe, 0x0, 0xdf, 0xfb, 0x99, 0x99, 0x99,
    0x80, 0xd, 0xff, 0x20, 0x0, 0x0, 0x0, 0x0,
    0xdf, 0xf2, 0x0, 0x0, 0x0, 0x0, 0xd, 0xff,
    0x20, 0x0, 0x0, 0x0, 0x0, 0xdf, 0xf2, 0x0,
    0x0, 0x0, 0x0, 0xd, 0xff, 0xaa, 0xaa, 0xaa,
    0xaa, 0xa2, 0xdf, 0xff, 0xff, 0xff, 0xff, 0xff,
    0x3d, 0xff, 0xff, 0xff, 0xff, 0xff, 0xf3,

    /* U+011B "ě" */
    0x0, 0xb, 0xfa, 0x0, 0x6f, 0xe2, 0x0, 0x0,
    0x0, 0xcf, 0xb9, 0xff, 0x30, 0x0, 0x0, 0x0,
    0x1d, 0xff, 0xf4, 0x0, 0x0, 0x0, 0x0, 0x1,
    0x55, 0x30, 0x0, 0x0, 0x0, 0x0, 0x0, 0x0,
    0x0, 0x0, 0x0, 0x0, 0x0, 0x6c, 0xef, 0xd9,
    0x20, 0x0, 0x0, 0x1c, 0xff, 0xff, 0xff, 0xf6,
    0x0, 0x0, 0xdf, 0xfd, 0x87, 0xaf, 0xff, 0x40,
    0x7, 0xff, 0xa0, 0x0, 0x2, 0xff, 0xd0, 0xd,
    0xff, 0x0, 0x0, 0x0, 0x7f, 0xf3, 0xf, 0xff,
    0xff, 0xff, 0xff, 0xff, 0xf5, 0x1f, 0xff, 0xff,
    0xff, 0xff, 0xff, 0xf6, 0xf, 0xfc, 0x0, 0x0,
    0x0, 0x0, 0x0, 0xd, 0xff, 0x20, 0x0, 0x0,
    0x0, 0x0, 0x6, 0xff, 0xd2, 0x0, 0x0, 0x98,
    0x0, 0x0, 0xcf, 0xff, 0xb9, 0xae, 0xff, 0x40,
    0x0, 0x1b, 0xff, 0xff, 0xff, 0xfd, 0x10, 0x0,
    0x0, 0x5b, 0xef, 0xec, 0x60, 0x0,

    /* U+011C "Ĝ" */
    0x0, 0x0, 0x0, 0x4f, 0xff, 0x40, 0x0, 0x0,
    0x0, 0x0, 0x2, 0xef, 0xff, 0xf3, 0x0, 0x0,
    0x0, 0x0, 0x1e, 0xfb, 0x1a, 0xfe, 0x20, 0x0,
    0x0, 0x0, 0x58, 0x60, 0x0, 0x68, 0x50, 0x0,
    0x0, 0x0, 0x0, 0x0, 0x0, 0x0, 0x0, 0x0,
    0x0, 0x0, 0x6, 0xbe, 0xfe, 0xd9, 0x30, 0x0,
    0x0, 0x6, 0xef, 0xff, 0xff, 0xff, 0xfa, 0x10,
    0x0, 0x8f, 0xff, 0xfe, 0xcd, 0xff, 0xff, 0xd0,
    0x6, 0xff, 0xfb, 0x30, 0x0, 0x5, 0xef, 0x70,
    0x1f, 0xff, 0x90, 0x0, 0x0, 0x0, 0x15, 0x0,
    0x7f, 0xfc, 0x0, 0x0, 0x0, 0x0, 0x0, 0x0,
    0xbf, 0xf5, 0x0, 0x0, 0x0, 0x0, 0x0, 0x0,
    0xef, 0xf2, 0x0, 0x0, 0x0, 0x0, 0x0, 0x0,
    0xff, 0xf0, 0x0, 0x0, 0x0, 0x0, 0x9b, 0xa0,
    0xef, 0xf2, 0x0, 0x0, 0x0, 0x0, 0xdf, 0xf0,
    0xcf, 0xf5, 0x0, 0x0, 0x0, 0x0, 0xdf, 0xf0,
    0x7f, 0xfd, 0x0, 0x0, 0x0, 0x0, 0xdf, 0xf0,
    0x1f, 0xff, 0x90, 0x0, 0x0, 0x0, 0xdf, 0xf0,
    0x6, 0xff, 0xfb, 0x20, 0x0, 0x4, 0xff, 0xf0,
    0x0, 0x9f, 0xff, 0xfe, 0xcc, 0xff, 0xff, 0xf0,
    0x0, 0x6, 0xff, 0xff, 0xff, 0xff, 0xfd, 0x30,
    0x0, 0x0, 0x17, 0xbe, 0xff, 0xd9, 0x40, 0x0,

    /* U+011D "ĝ" */
    0x0, 0x0, 0x3, 0xff, 0xf8, 0x0, 0x0, 0x0,
    0x0, 0x3, 0xef, 0x6c, 0xf8, 0x0, 0x0, 0x0,
    0x3, 0xef, 0x40, 0xc, 0xf8, 0x0, 0x0, 0x0,
    0x1, 0x0, 0x0, 0x1, 0x10, 0x0, 0x0, 0x0,
    0x0, 0x0, 0x0, 0x0, 0x0, 0x0, 0x0, 0x7,
    0xce, 0xfd, 0x70, 0xaf, 0xf1, 0x0, 0x2d, 0xff,
    0xff, 0xff, 0xdb, 0xff, 0x10, 0x1e, 0xff, 0xe8,
    0x68, 0xef, 0xff, 0xf1, 0x8, 0xff, 0xc0, 0x0,
    0x0, 0xcf, 0xff, 0x10, 0xef, 0xf2, 0x0, 0x0,
    0x2, 0xff, 0xf1, 0xf, 0xfd, 0x0, 0x0, 0x0,
    0xf, 0xff, 0x11, 0xff, 0xc0, 0x0, 0x0, 0x0,
    0xff, 0xf1, 0xf, 0xff, 0x0, 0x0, 0x0, 0xf,
    0xff, 0x10, 0xbf, 0xf7, 0x0, 0x0, 0x7, 0xff,
    0xf1, 0x4, 0xff, 0xf9, 0x20, 0x28, 0xff, 0xff,
    0x10, 0x9, 0xff, 0xff, 0xff, 0xff, 0xff, 0xf1,
    0x0, 0x7, 0xff, 0xff, 0xff, 0x6d, 0xff, 0x0,
    0x0, 0x0, 0x57, 0x75, 0x0, 0xef, 0xf0, 0x0,
    0x0, 0x0, 0x0, 0x0, 0x3f, 0xfc, 0x0, 0x9,
    0x92, 0x0, 0x0, 0x1c, 0xff, 0x80, 0x2, 0xff,
    0xfc, 0xa9, 0xaf, 0xff, 0xe1, 0x0, 0x2d, 0xff,
    0xff, 0xff, 0xff, 0xe3, 0x0, 0x0, 0x4, 0x9d,
    0xef, 0xec, 0x71, 0x0, 0x0,

    /* U+011E "Ğ" */
    0x0, 0x0, 0x6f, 0x80, 0x0, 0x7f, 0x60, 0x0,
    0x0, 0x0, 0x1f, 0xf4, 0x4, 0xef, 0x20, 0x0,
    0x0, 0x0, 0x6, 0xff, 0xff, 0xf7, 0x0, 0x0,
    0x0, 0x0, 0x0, 0x27, 0x98, 0x20, 0x0, 0x0,
    0x0, 0x0, 0x0, 0x0, 0x0, 0x0, 0x0, 0x0,
    0x0, 0x0, 0x6, 0xbe, 0xfe, 0xd9, 0x30, 0x0,
    0x0, 0x6, 0xef, 0xff, 0xff, 0xff, 0xfa, 0x10,
    0x0, 0x8f, 0xff, 0xfe, 0xcd, 0xff, 0xff, 0xd0,
    0x6, 0xff, 0xfb, 0x30, 0x0, 0x5, 0xef, 0x70,
    0x1f, 0xff, 0x90, 0x0, 0x0, 0x0, 0x15, 0x0,
    0x7f, 0xfc, 0x0, 0x0, 0x0, 0x0, 0x0, 0x0,
    0xbf, 0xf5, 0x0, 0x0, 0x0, 0x0, 0x0, 0x0,
    0xef, 0xf2, 0x0, 0x0, 0x0, 0x0, 0x0, 0x0,
    0xff, 0xf0, 0x0, 0x0, 0x0, 0x0, 0x9b, 0xa0,
    0xef, 0xf2, 0x0, 0x0, 0x0, 0x0, 0xdf, 0xf0,
    0xcf, 0xf5, 0x0, 0x0, 0x0, 0x0, 0xdf, 0xf0,
    0x7f, 0xfd, 0x0, 0x0, 0x0, 0x0, 0xdf, 0xf0,
    0x1f, 0xff, 0x90, 0x0, 0x0, 0x0, 0xdf, 0xf0,
    0x6, 0xff, 0xfb, 0x20, 0x0, 0x4, 0xff, 0xf0,
    0x0, 0x9f, 0xff, 0xfe, 0xcc, 0xff, 0xff, 0xf0,
    0x0, 0x6, 0xff, 0xff, 0xff, 0xff, 0xfd, 0x30,
    0x0, 0x0, 0x17, 0xbe, 0xff, 0xd9, 0x40, 0x0,

    /* U+011F "ğ" */
    0x0, 0x3, 0xfb, 0x0, 0x4, 0xf9, 0x0, 0x0,
    0x0, 0xe, 0xf6, 0x2, 0xdf, 0x50, 0x0, 0x0,
    0x0, 0x4f, 0xff, 0xff, 0x90, 0x0, 0x0, 0x0,
    0x0, 0x17, 0xa8, 0x40, 0x0, 0x0, 0x0, 0x0,
    0x0, 0x0, 0x0, 0x0, 0x0, 0x0, 0x0, 0x7,
    0xce, 0xfd, 0x70, 0xaf, 0xf1, 0x0, 0x2d, 0xff,
    0xff, 0xff, 0xdb, 0xff, 0x10, 0x1e, 0xff, 0xe8,
    0x68, 0xef, 0xff, 0xf1, 0x8, 0xff, 0xc0, 0x0,
    0x0, 0xcf, 0xff, 0x10, 0xef, 0xf2, 0x0, 0x0,
    0x2, 0xff, 0xf1, 0xf, 0xfd, 0x0, 0x0, 0x0,
    0xf, 0xff, 0x11, 0xff, 0xc0, 0x0, 0x0, 0x0,
    0xff, 0xf1, 0xf, 0xff, 0x0, 0x0, 0x0, 0xf,
    0xff, 0x10, 0xbf, 0xf7, 0x0, 0x0, 0x7, 0xff,
    0xf1, 0x4, 0xff, 0xf9, 0x20, 0x28, 0xff, 0xff,
    0x10, 0x9, 0xff, 0xff, 0xff, 0xff, 0xff, 0xf1,
    0x0, 0x7, 0xff, 0xff, 0xff, 0x6d, 0xff, 0x0,
    0x0, 0x0, 0x57, 0x75, 0x0, 0xef, 0xf0, 0x0,
    0x0, 0x0, 0x0, 0x0, 0x3f, 0xfc, 0x0, 0x9,
    0x92, 0x0, 0x0, 0x1c, 0xff, 0x80, 0x2, 0xff,
    0xfc, 0xa9, 0xaf, 0xff, 0xe1, 0x0, 0x2d, 0xff,
    0xff, 0xff, 0xff, 0xe3, 0x0, 0x0, 0x4, 0x9d,
    0xef, 0xec, 0x71, 0x0, 0x0,

    /* U+0120 "Ġ" */
    0x0, 0x0, 0x0, 0x9, 0xf9, 0x0, 0x0, 0x0,
    0x0, 0x0, 0x0, 0xf, 0xff, 0x10, 0x0, 0x0,
    0x0, 0x0, 0x0, 0xe, 0xfe, 0x0, 0x0, 0x0,
    0x0, 0x0, 0x0, 0x1, 0x51, 0x0, 0x0, 0x0,
    0x0, 0x0, 0x0, 0x0, 0x0, 0x0, 0x0, 0x0,
    0x0, 0x0, 0x6, 0xbe, 0xfe, 0xd9, 0x30, 0x0,
    0x0, 0x6, 0xef, 0xff, 0xff, 0xff, 0xfa, 0x10,
    0x0, 0x8f, 0xff, 0xfe, 0xcd, 0xff, 0xff, 0xd0,
    0x6, 0xff, 0xfb, 0x30, 0x0, 0x5, 0xef, 0x70,
    0x1f, 0xff, 0x90, 0x0, 0x0, 0x0, 0x15, 0x0,
    0x7f, 0xfc, 0x0, 0x0, 0x0, 0x0, 0x0, 0x0,
    0xbf, 0xf5, 0x0, 0x0, 0x0, 0x0, 0x0, 0x0,
    0xef, 0xf2, 0x0, 0x0, 0x0, 0x0, 0x0, 0x0,
    0xff, 0xf0, 0x0, 0x0, 0x0, 0x0, 0x9b, 0xa0,
    0xef, 0xf2, 0x0, 0x0, 0x0, 0x0, 0xdf, 0xf0,
    0xcf, 0xf5, 0x0, 0x0, 0x0, 0x0, 0xdf, 0xf0,
    0x7f, 0xfd, 0x0, 0x0, 0x0, 0x0, 0xdf, 0xf0,
    0x1f, 0xff, 0x90, 0x0, 0x0, 0x0, 0xdf, 0xf0,
    0x6, 0xff, 0xfb, 0x20, 0x0, 0x4, 0xff, 0xf0,
    0x0, 0x9f, 0xff, 0xfe, 0xcc, 0xff, 0xff, 0xf0,
    0x0, 0x6, 0xff, 0xff, 0xff, 0xff, 0xfd, 0x30,
    0x0, 0x0, 0x17, 0xbe, 0xff, 0xd9, 0x40, 0x0,

    /* U+0121 "ġ" */
    0x0, 0x0, 0x0, 0x17, 0x30, 0x0, 0x0, 0x0,
    0x0, 0x0, 0xb, 0xff, 0x20, 0x0, 0x0, 0x0,
    0x0, 0x0, 0xdf, 0xf4, 0x0, 0x0, 0x0, 0x0,
    0x0, 0x5, 0xda, 0x0, 0x0, 0x0, 0x0, 0x0,
    0x0, 0x0, 0x0, 0x0, 0x0, 0x0, 0x0, 0x0,
    0x0, 0x0, 0x0, 0x0, 0x0, 0x0, 0x0, 0x7c,
    0xef, 0xd7, 0xa, 0xff, 0x10, 0x2, 0xdf, 0xff,
    0xff, 0xfd, 0xbf, 0xf1, 0x1, 0xef, 0xfe, 0x86,
    0x8e, 0xff, 0xff, 0x10, 0x8f, 0xfc, 0x0, 0x0,
    0xc, 0xff, 0xf1, 0xe, 0xff, 0x20, 0x0, 0x0,
    0x2f, 0xff, 0x10, 0xff, 0xd0, 0x0, 0x0, 0x0,
    0xff, 0xf1, 0x1f, 0xfc, 0x0, 0x0, 0x0, 0xf,
    0xff, 0x10, 0xff, 0xf0, 0x0, 0x0, 0x0, 0xff,
    0xf1, 0xb, 0xff, 0x70, 0x0, 0x0, 0x7f, 0xff,
    0x10, 0x4f, 0xff, 0x92, 0x2, 0x8f, 0xff, 0xf1,
    0x0, 0x9f, 0xff, 0xff, 0xff, 0xff, 0xff, 0x10,
    0x0, 0x7f, 0xff, 0xff, 0xf6, 0xdf, 0xf0, 0x0,
    0x0, 0x5, 0x77, 0x50, 0xe, 0xff, 0x0, 0x0,
    0x0, 0x0, 0x0, 0x3, 0xff, 0xc0, 0x0, 0x99,
    0x20, 0x0, 0x1, 0xcf, 0xf8, 0x0, 0x2f, 0xff,
    0xca, 0x9a, 0xff, 0xfe, 0x10, 0x2, 0xdf, 0xff,
    0xff, 0xff, 0xfe, 0x30, 0x0, 0x0, 0x49, 0xde,
    0xfe, 0xc7, 0x10, 0x0,

    /* U+0122 "Ģ" */
    0x0, 0x0, 0x6, 0xbe, 0xfe, 0xd9, 0x30, 0x0,
    0x0, 0x6, 0xef, 0xff, 0xff, 0xff, 0xfa, 0x10,
    0x0, 0x8f, 0xff, 0xfe, 0xcd, 0xff, 0xff, 0xd0,
    0x6, 0xff, 0xfb, 0x30, 0x0, 0x5, 0xef, 0x70,
    0x1f, 0xff, 0x90, 0x0, 0x0, 0x0, 0x15, 0x0,
    0x7f, 0xfc, 0x0, 0x0, 0x0, 0x0, 0x0, 0x0,
    0xbf, 0xf5, 0x0, 0x0, 0x0, 0x0, 0x0, 0x0,
    0xef, 0xf2, 0x0, 0x0, 0x0, 0x0, 0x0, 0x0,
    0xff, 0xf0, 0x0, 0x0, 0x0, 0x0, 0x9b, 0xa0,
    0xef, 0xf2, 0x0, 0x0, 0x0, 0x0, 0xdf, 0xf0,
    0xcf, 0xf5, 0x0, 0x0, 0x0, 0x0, 0xdf, 0xf0,
    0x7f, 0xfd, 0x0, 0x0, 0x0, 0x0, 0xdf, 0xf0,
    0x1f, 0xff, 0x90, 0x0, 0x0, 0x0, 0xdf, 0xf0,
    0x6, 0xff, 0xfb, 0x20, 0x0, 0x4, 0xff, 0xf0,
    0x0, 0x9f, 0xff, 0xfe, 0xcc, 0xff, 0xff, 0xf0,
    0x0, 0x6, 0xff, 0xff, 0xff, 0xff, 0xfd, 0x30,
    0x0, 0x0, 0x17, 0xbe, 0xff, 0xd9, 0x40, 0x0,
    0x0, 0x0, 0x0, 0x0, 0x0, 0x0, 0x0, 0x0,
    0x0, 0x0, 0x0, 0x0, 0x0, 0x0, 0x0, 0x0,
    0x0, 0x0, 0x0, 0x4, 0x71, 0x0, 0x0, 0x0,
    0x0, 0x0, 0x0, 0xf, 0xfa, 0x0, 0x0, 0x0,
    0x0, 0x0, 0x0, 0xd, 0xf9, 0x0, 0x0, 0x0,
    0x0, 0x0, 0x0, 0x6, 0xf3, 0x0, 0x0, 0x0,
    0x0, 0x0, 0x0, 0xa, 0xd0, 0x0, 0x0, 0x0,

    /* U+0123 "ģ" */
    0x0, 0x0, 0x0, 0xb, 0xe0, 0x0, 0x0, 0x0,
    0x0, 0x0, 0x2, 0xf9, 0x0, 0x0, 0x0, 0x0,
    0x0, 0x0, 0x9f, 0xf0, 0x0, 0x0, 0x0, 0x0,
    0x0, 0xc, 0xff, 0x20, 0x0, 0x0, 0x0, 0x0,
    0x0, 0x27, 0x50, 0x0, 0x0, 0x0, 0x0, 0x0,
    0x0, 0x0, 0x0, 0x0, 0x0, 0x0, 0x0, 0x7c,
    0xef, 0xd7, 0xa, 0xff, 0x10, 0x2, 0xdf, 0xff,
    0xff, 0xfd, 0xbf, 0xf1, 0x1, 0xef, 0xfe, 0x86,
    0x8e, 0xff, 0xff, 0x10, 0x8f, 0xfc, 0x0, 0x0,
    0xc, 0xff, 0xf1, 0xe, 0xff, 0x20, 0x0, 0x0,
    0x2f, 0xff, 0x10, 0xff, 0xd0, 0x0, 0x0, 0x0,
    0xff, 0xf1, 0x1f, 0xfc, 0x0, 0x0, 0x0, 0xf,
    0xff, 0x10, 0xff, 0xf0, 0x0, 0x0, 0x0, 0xff,
    0xf1, 0xb, 0xff, 0x70, 0x0, 0x0, 0x7f, 0xff,
    0x10, 0x4f, 0xff, 0x92, 0x2, 0x8f, 0xff, 0xf1,
    0x0, 0x9f, 0xff, 0xff, 0xff, 0xff, 0xff, 0x10,
    0x0, 0x7f, 0xff, 0xff, 0xf6, 0xdf, 0xf0, 0x0,
    0x0, 0x5, 0x77, 0x50, 0xe, 0xff, 0x0, 0x0,
    0x0, 0x0, 0x0, 0x3, 0xff, 0xc0, 0x0, 0x99,
    0x20, 0x0, 0x1, 0xcf, 0xf8, 0x0, 0x2f, 0xff,
    0xca, 0x9a, 0xff, 0xfe, 0x10, 0x2, 0xdf, 0xff,
    0xff, 0xff, 0xfe, 0x30, 0x0, 0x0, 0x49, 0xde,
    0xfe, 0xc7, 0x10, 0x0,

    /* U+0124 "Ĥ" */
    0x0, 0x0, 0x1, 0x88, 0x60, 0x0, 0x0, 0x0,
    0x0, 0x0, 0xdf, 0xff, 0x80, 0x0, 0x0, 0x0,
    0x0, 0xbf, 0xc5, 0xff, 0x60, 0x0, 0x0, 0x0,
    0xaf, 0xc0, 0x3, 0xff, 0x40, 0x0, 0x0, 0x0,
    0x0, 0x0, 0x0, 0x0, 0x0, 0xd, 0xff, 0x20,
    0x0, 0x0, 0x0, 0x8f, 0xf7, 0xdf, 0xf2, 0x0,
    0x0, 0x0, 0x8, 0xff, 0x7d, 0xff, 0x20, 0x0,
    0x0, 0x0, 0x8f, 0xf7, 0xdf, 0xf2, 0x0, 0x0,
    0x0, 0x8, 0xff, 0x7d, 0xff, 0x20, 0x0, 0x0,
    0x0, 0x8f, 0xf7, 0xdf, 0xf2, 0x0, 0x0, 0x0,
    0x8, 0xff, 0x7d, 0xff, 0x20, 0x0, 0x0, 0x0,
    0x8f, 0xf7, 0xdf, 0xff, 0xff, 0xff, 0xff, 0xff,
    0xff, 0x7d, 0xff, 0xff, 0xff, 0xff, 0xff, 0xff,
    0xf7, 0xdf, 0xfd, 0xaa, 0xaa, 0xaa, 0xaf, 0xff,
    0x7d, 0xff, 0x20, 0x0, 0x0, 0x0, 0x8f, 0xf7,
    0xdf, 0xf2, 0x0, 0x0, 0x0, 0x8, 0xff, 0x7d,
    0xff, 0x20, 0x0, 0x0, 0x0, 0x8f, 0xf7, 0xdf,
    0xf2, 0x0, 0x0, 0x0, 0x8, 0xff, 0x7d, 0xff,
    0x20, 0x0, 0x0, 0x0, 0x8f, 0xf7, 0xdf, 0xf2,
    0x0, 0x0, 0x0, 0x8, 0xff, 0x7d, 0xff, 0x20,
    0x0, 0x0, 0x0, 0x8f, 0xf7,

    /* U+0125 "ĥ" */
    0x0, 0x7, 0xff, 0xf3, 0x0, 0x0, 0x0, 0x0,
    0x0, 0x8f, 0xec, 0xff, 0x30, 0x0, 0x0, 0x0,
    0x8, 0xfc, 0x20, 0x5f, 0xf4, 0x0, 0x0, 0x0,
    0x0, 0x0, 0x0, 0x0, 0x0, 0x0, 0x0, 0x0,
    0x0, 0x1, 0xff, 0xc0, 0x0, 0x0, 0x0, 0x0,
    0x0, 0x1, 0xff, 0xc0, 0x0, 0x0, 0x0, 0x0,
    0x0, 0x1, 0xff, 0xc0, 0x0, 0x0, 0x0, 0x0,
    0x0, 0x1, 0xff, 0xc0, 0x0, 0x0, 0x0, 0x0,
    0x0, 0x1, 0xff, 0xc0, 0x0, 0x0, 0x0, 0x0,
    0x0, 0x1, 0xff, 0xc1, 0x8d, 0xfe, 0xb5, 0x0,
    0x0, 0x1, 0xff, 0xee, 0xff, 0xff, 0xff, 0x90,
    0x0, 0x1, 0xff, 0xff, 0xfb, 0xae, 0xff, 0xf4,
    0x0, 0x1, 0xff, 0xfc, 0x10, 0x0, 0xbf, 0xfa,
    0x0, 0x1, 0xff, 0xf2, 0x0, 0x0, 0x2f, 0xfe,
    0x0, 0x1, 0xff, 0xd0, 0x0, 0x0, 0xf, 0xff,
    0x0, 0x1, 0xff, 0xc0, 0x0, 0x0, 0xe, 0xff,
    0x0, 0x1, 0xff, 0xc0, 0x0, 0x0, 0xe, 0xff,
    0x0, 0x1, 0xff, 0xc0, 0x0, 0x0, 0xe, 0xff,
    0x0, 0x1, 0xff, 0xc0, 0x0, 0x0, 0xe, 0xff,
    0x0, 0x1, 0xff, 0xc0, 0x0, 0x0, 0xe, 0xff,
    0x0, 0x1, 0xff, 0xc0, 0x0, 0x0, 0xe, 0xff,
    0x0, 0x1, 0xff, 0xc0, 0x0, 0x0, 0xe, 0xff,

    /* U+0126 "Ħ" */
    0x0, 0x9f, 0xf6, 0x0, 0x0, 0x0, 0x4, 0xff,
    0xb0, 0x0, 0x9, 0xff, 0x60, 0x0, 0x0, 0x0,
    0x4f, 0xfb, 0x0, 0x35, 0xef, 0xfb, 0x55, 0x55,
    0x55, 0x59, 0xff, 0xf5, 0x4c, 0xff, 0xff, 0xff,
    0xff, 0xff, 0xff, 0xff, 0xff, 0xfe, 0xcf, 0xff,
    0xff, 0xff, 0xff, 0xff, 0xff, 0xff, 0xff, 0xe0,
    0x9, 0xff, 0x60, 0x0, 0x0, 0x0, 0x4f, 0xfb,
    0x0, 0x0, 0x9f, 0xf6, 0x0, 0x0, 0x0, 0x4,
    0xff, 0xb0, 0x0, 0x9, 0xff, 0xff, 0xff, 0xff,
    0xff, 0xff, 0xfb, 0x0, 0x0, 0x9f, 0xff, 0xff,
    0xff, 0xff, 0xff, 0xff, 0xb0, 0x0, 0x9, 0xff,
    0xea, 0xaa, 0xaa, 0xaa, 0xef, 0xfb, 0x0, 0x0,
    0x9f, 0xf6, 0x0, 0x0, 0x0, 0x4, 0xff, 0xb0,
    0x0, 0x9, 0xff, 0x60, 0x0, 0x0, 0x0, 0x4f,
    0xfb, 0x0, 0x0, 0x9f, 0xf6, 0x0, 0x0, 0x0,
    0x4, 0xff, 0xb0, 0x0, 0x9, 0xff, 0x60, 0x0,
    0x0, 0x0, 0x4f, 0xfb, 0x0, 0x0, 0x9f, 0xf6,
    0x0, 0x0, 0x0, 0x4, 0xff, 0xb0, 0x0, 0x9,
    0xff, 0x60, 0x0, 0x0, 0x0, 0x4f, 0xfb, 0x0,
    0x0, 0x9f, 0xf6, 0x0, 0x0, 0x0, 0x4, 0xff,
    0xb0, 0x0,

    /* U+0127 "ħ" */
    0x0, 0xdf, 0xf1, 0x0, 0x0, 0x0, 0x0, 0x0,
    0xd, 0xff, 0x10, 0x0, 0x0, 0x0, 0x0, 0xef,
    0xff, 0xff, 0xff, 0xf0, 0x0, 0x0, 0xd, 0xff,
    0xff, 0xff, 0xff, 0x0, 0x0, 0x0, 0x0, 0xdf,
    0xf1, 0x0, 0x0, 0x0, 0x0, 0x0, 0xd, 0xff,
    0x16, 0xce, 0xfd, 0x70, 0x0, 0x0, 0xdf, 0xfc,
    0xff, 0xff, 0xff, 0xc0, 0x0, 0xd, 0xff, 0xff,
    0xca, 0xdf, 0xff, 0x90, 0x0, 0xdf, 0xff, 0x30,
    0x0, 0x7f, 0xfe, 0x0, 0xd, 0xff, 0x70, 0x0,
    0x0, 0xdf, 0xf2, 0x0, 0xdf, 0xf2, 0x0, 0x0,
    0xa, 0xff, 0x30, 0xd, 0xff, 0x10, 0x0, 0x0,
    0x9f, 0xf4, 0x0, 0xdf, 0xf1, 0x0, 0x0, 0x9,
    0xff, 0x40, 0xd, 0xff, 0x10, 0x0, 0x0, 0x9f,
    0xf4, 0x0, 0xdf, 0xf1, 0x0, 0x0, 0x9, 0xff,
    0x40, 0xd, 0xff, 0x10, 0x0, 0x0, 0x9f, 0xf4,
    0x0, 0xdf, 0xf1, 0x0, 0x0, 0x9, 0xff, 0x40,
    0xd, 0xff, 0x10, 0x0, 0x0, 0x9f, 0xf4,

    /* U+0128 "Ĩ" */
    0x1, 0xbc, 0x50, 0x3d, 0x40, 0x9f, 0xff, 0x57,
    0xf3, 0xe, 0xc2, 0xef, 0xfe, 0x0, 0xd8, 0x2,
    0xbc, 0x30, 0x0, 0x0, 0x0, 0x0, 0x0, 0x0,
    0xdf, 0xf2, 0x0, 0x0, 0xd, 0xff, 0x20, 0x0,
    0x0, 0xdf, 0xf2, 0x0, 0x0, 0xd, 0xff, 0x20,
    0x0, 0x0, 0xdf, 0xf2, 0x0, 0x0, 0xd, 0xff,
    0x20, 0x0, 0x0, 0xdf, 0xf2, 0x0, 0x0, 0xd,
    0xff, 0x20, 0x0, 0x0, 0xdf, 0xf2, 0x0, 0x0,
    0xd, 0xff, 0x20, 0x0, 0x0, 0xdf, 0xf2, 0x0,
    0x0, 0xd, 0xff, 0x20, 0x0, 0x0, 0xdf, 0xf2,
    0x0, 0x0, 0xd, 0xff, 0x20, 0x0, 0x0, 0xdf,
    0xf2, 0x0, 0x0, 0xd, 0xff, 0x20, 0x0, 0x0,
    0xdf, 0xf2, 0x0,

    /* U+0129 "ĩ" */
    0x6, 0xee, 0x71, 0xcd, 0xf, 0xee, 0xff, 0xf9,
    0x1c, 0x50, 0x7b, 0x90, 0x0, 0x0, 0x0, 0x0,
    0x0, 0x0, 0x0, 0x0, 0x0, 0x1f, 0xfc, 0x0,
    0x0, 0x1f, 0xfc, 0x0, 0x0, 0x1f, 0xfc, 0x0,
    0x0, 0x1f, 0xfc, 0x0, 0x0, 0x1f, 0xfc, 0x0,
    0x0, 0x1f, 0xfc, 0x0, 0x0, 0x1f, 0xfc, 0x0,
    0x0, 0x1f, 0xfc, 0x0, 0x0, 0x1f, 0xfc, 0x0,
    0x0, 0x1f, 0xfc, 0x0, 0x0, 0x1f, 0xfc, 0x0,
    0x0, 0x1f, 0xfc, 0x0, 0x0, 0x1f, 0xfc, 0x0,

    /* U+012A "Ī" */
    0x7c, 0xcc, 0xcc, 0xb9, 0xff, 0xff, 0xfe, 0x0,
    0x0, 0x0, 0x0, 0x0, 0x0, 0x0, 0x0, 0xdf,
    0xf2, 0x0, 0xd, 0xff, 0x20, 0x0, 0xdf, 0xf2,
    0x0, 0xd, 0xff, 0x20, 0x0, 0xdf, 0xf2, 0x0,
    0xd, 0xff, 0x20, 0x0, 0xdf, 0xf2, 0x0, 0xd,
    0xff, 0x20, 0x0, 0xdf, 0xf2, 0x0, 0xd, 0xff,
    0x20, 0x0, 0xdf, 0xf2, 0x0, 0xd, 0xff, 0x20,
    0x0, 0xdf, 0xf2, 0x0, 0xd, 0xff, 0x20, 0x0,
    0xdf, 0xf2, 0x0, 0xd, 0xff, 0x20, 0x0, 0xdf,
    0xf2, 0x0,

    /* U+012B "ī" */
    0xef, 0xff, 0xff, 0x9b, 0xcc, 0xcc, 0xc7, 0x0,
    0x0, 0x0, 0x0, 0x0, 0x0, 0x0, 0x1, 0xff,
    0xc0, 0x0, 0x1f, 0xfc, 0x0, 0x1, 0xff, 0xc0,
    0x0, 0x1f, 0xfc, 0x0, 0x1, 0xff, 0xc0, 0x0,
    0x1f, 0xfc, 0x0, 0x1, 0xff, 0xc0, 0x0, 0x1f,
    0xfc, 0x0, 0x1, 0xff, 0xc0, 0x0, 0x1f, 0xfc,
    0x0, 0x1, 0xff, 0xc0, 0x0, 0x1f, 0xfc, 0x0,
    0x1, 0xff, 0xc0, 0x0,

    /* U+012C "Ĭ" */
    0x4f, 0xa0, 0x0, 0x5f, 0x90, 0xef, 0x50, 0x3d,
    0xf4, 0x4, 0xff, 0xff, 0xf9, 0x0, 0x1, 0x79,
    0x83, 0x0, 0x0, 0x0, 0x0, 0x0, 0x0, 0x0,
    0xdf, 0xf2, 0x0, 0x0, 0xd, 0xff, 0x20, 0x0,
    0x0, 0xdf, 0xf2, 0x0, 0x0, 0xd, 0xff, 0x20,
    0x0, 0x0, 0xdf, 0xf2, 0x0, 0x0, 0xd, 0xff,
    0x20, 0x0, 0x0, 0xdf, 0xf2, 0x0, 0x0, 0xd,
    0xff, 0x20, 0x0, 0x0, 0xdf, 0xf2, 0x0, 0x0,
    0xd, 0xff, 0x20, 0x0, 0x0, 0xdf, 0xf2, 0x0,
    0x0, 0xd, 0xff, 0x20, 0x0, 0x0, 0xdf, 0xf2,
    0x0, 0x0, 0xd, 0xff, 0x20, 0x0, 0x0, 0xdf,
    0xf2, 0x0, 0x0, 0xd, 0xff, 0x20, 0x0, 0x0,
    0xdf, 0xf2, 0x0,

    /* U+012D "ĭ" */
    0xf, 0xc0, 0x1, 0xfa, 0xc, 0xf4, 0x9, 0xf6,
    0x3, 0xff, 0xff, 0xc0, 0x0, 0x17, 0x96, 0x0,
    0x0, 0x0, 0x0, 0x0, 0x0, 0x1f, 0xfc, 0x0,
    0x0, 0x1f, 0xfc, 0x0, 0x0, 0x1f, 0xfc, 0x0,
    0x0, 0x1f, 0xfc, 0x0, 0x0, 0x1f, 0xfc, 0x0,
    0x0, 0x1f, 0xfc, 0x0, 0x0, 0x1f, 0xfc, 0x0,
    0x0, 0x1f, 0xfc, 0x0, 0x0, 0x1f, 0xfc, 0x0,
    0x0, 0x1f, 0xfc, 0x0, 0x0, 0x1f, 0xfc, 0x0,
    0x0, 0x1f, 0xfc, 0x0, 0x0, 0x1f, 0xfc, 0x0,

    /* U+012E "Į" */
    0xd, 0xff, 0x20, 0xdf, 0xf2, 0xd, 0xff, 0x20,
    0xdf, 0xf2, 0xd, 0xff, 0x20, 0xdf, 0xf2, 0xd,
    0xff, 0x20, 0xdf, 0xf2, 0xd, 0xff, 0x20, 0xdf,
    0xf2, 0xd, 0xff, 0x20, 0xdf, 0xf2, 0xd, 0xff,
    0x20, 0xdf, 0xf2, 0xd, 0xff, 0x20, 0xdf, 0xf2,
    0xd, 0xff, 0x20, 0x3f, 0xb0, 0xd, 0xf1, 0x1,
    0xfc, 0x0, 0x1f, 0xe1, 0x10, 0xcf, 0xfb, 0x0,
    0x79, 0x50,

    /* U+012F "į" */
    0x4, 0x72, 0x4, 0xff, 0xe0, 0x7f, 0xff, 0x11,
    0xdf, 0x90, 0x0, 0x0, 0x0, 0x0, 0x0, 0x1f,
    0xfc, 0x1, 0xff, 0xc0, 0x1f, 0xfc, 0x1, 0xff,
    0xc0, 0x1f, 0xfc, 0x1, 0xff, 0xc0, 0x1f, 0xfc,
    0x1, 0xff, 0xc0, 0x1f, 0xfc, 0x1, 0xff, 0xc0,
    0x1f, 0xfc, 0x1, 0xff, 0xc0, 0x1f, 0xff, 0x0,
    0x9f, 0x50, 0x3f, 0xa0, 0x7, 0xf6, 0x0, 0x8f,
    0x91, 0x2, 0xff, 0xf5, 0x3, 0x89, 0x20,

    /* U+0130 "İ" */
    0x7f, 0xb0, 0xef, 0xf3, 0xcf, 0xf1, 0x5, 0x20,
    0x0, 0x0, 0xdf, 0xf2, 0xdf, 0xf2, 0xdf, 0xf2,
    0xdf, 0xf2, 0xdf, 0xf2, 0xdf, 0xf2, 0xdf, 0xf2,
    0xdf, 0xf2, 0xdf, 0xf2, 0xdf, 0xf2, 0xdf, 0xf2,
    0xdf, 0xf2, 0xdf, 0xf2, 0xdf, 0xf2, 0xdf, 0xf2,
    0xdf, 0xf2, 0xdf, 0xf2,

    /* U+0131 "ı" */
    0x1f, 0xfc, 0x1f, 0xfc, 0x1f, 0xfc, 0x1f, 0xfc,
    0x1f, 0xfc, 0x1f, 0xfc, 0x1f, 0xfc, 0x1f, 0xfc,
    0x1f, 0xfc, 0x1f, 0xfc, 0x1f, 0xfc, 0x1f, 0xfc,
    0x1f, 0xfc,

    /* U+0132 "Ĳ" */
    0xf, 0xff, 0x0, 0x0, 0x0, 0x6f, 0xf9, 0xf,
    0xff, 0x0, 0x0, 0x0, 0x6f, 0xf9, 0xf, 0xff,
    0x0, 0x0, 0x0, 0x6f, 0xf9, 0xf, 0xff, 0x0,
    0x0, 0x0, 0x6f, 0xf9, 0xf, 0xff, 0x0, 0x0,
    0x0, 0x6f, 0xf9, 0xf, 0xff, 0x0, 0x0, 0x0,
    0x6f, 0xf9, 0xf, 0xff, 0x0, 0x0, 0x0, 0x6f,
    0xf9, 0xf, 0xff, 0x0, 0x0, 0x0, 0x6f, 0xf9,
    0xf, 0xff, 0x0, 0x0, 0x0, 0x6f, 0xf9, 0x4,
    0x44, 0x0, 0x0, 0x0, 0x6f, 0xf8, 0x0, 0x0,
    0x0, 0x0, 0x0, 0x7f, 0xf7, 0x0, 0x0, 0x0,
    0x0, 0x0, 0xaf, 0xf5, 0x0, 0x0, 0x0, 0x0,
    0x1, 0xff, 0xf1, 0x7, 0xc5, 0x0, 0x0, 0x2c,
    0xff, 0xa0, 0xe, 0xff, 0xfc, 0xbd, 0xff, 0xfe,
    0x10, 0x1b, 0xff, 0xff, 0xff, 0xff, 0xd3, 0x0,
    0x0, 0x28, 0xce, 0xfe, 0xc6, 0x0, 0x0,

    /* U+0133 "ĳ" */
    0x4, 0x72, 0x0, 0x0, 0x56, 0x4, 0xff, 0xe0,
    0x0, 0x7f, 0xfb, 0x7f, 0xff, 0x10, 0xa, 0xff,
    0xe1, 0xdf, 0x90, 0x0, 0x3f, 0xf6, 0x0, 0x0,
    0x0, 0x0, 0x0, 0x0, 0x0, 0x0, 0x0, 0x0,
    0x0, 0x1f, 0xfc, 0x0, 0x5, 0xff, 0x81, 0xff,
    0xc0, 0x0, 0x5f, 0xf8, 0x1f, 0xfc, 0x0, 0x5,
    0xff, 0x81, 0xff, 0xc0, 0x0, 0x5f, 0xf8, 0x1f,
    0xfc, 0x0, 0x5, 0xff, 0x81, 0xff, 0xc0, 0x0,
    0x5f, 0xf8, 0x1f, 0xfc, 0x0, 0x5, 0xff, 0x81,
    0xff, 0xc0, 0x0, 0x5f, 0xf8, 0x1f, 0xfc, 0x0,
    0x5, 0xff, 0x81, 0xff, 0xc0, 0x0, 0x5f, 0xf8,
    0x1f, 0xfc, 0x0, 0x5, 0xff, 0x81, 0xff, 0xc0,
    0x0, 0x5f, 0xf8, 0x1f, 0xfc, 0x0, 0x5, 0xff,
    0x80, 0x0, 0x0, 0x0, 0x5f, 0xf8, 0x0, 0x0,
    0x0, 0x8, 0xff, 0x60, 0x0, 0xb, 0x89, 0xff,
    0xf2, 0x0, 0x3, 0xff, 0xff, 0xf9, 0x0, 0x0,
    0x2b, 0xef, 0xd7, 0x0,

    /* U+0134 "Ĵ" */
    0x0, 0x0, 0x1e, 0xff, 0x80, 0x0, 0x0, 0x0,
    0xdf, 0xff, 0xf6, 0x0, 0x0, 0xb, 0xfd, 0x27,
    0xff, 0x40, 0x0, 0x38, 0x70, 0x0, 0x48, 0x70,
    0x0, 0x0, 0x0, 0x0, 0x0, 0x0, 0x0, 0xaf,
    0xff, 0xff, 0xff, 0xf1, 0x0, 0xaf, 0xff, 0xff,
    0xff, 0xf1, 0x0, 0x6a, 0xaa, 0xaa, 0xff, 0xf1,
    0x0, 0x0, 0x0, 0x0, 0xef, 0xf1, 0x0, 0x0,
    0x0, 0x0, 0xef, 0xf1, 0x0, 0x0, 0x0, 0x0,
    0xef, 0xf1, 0x0, 0x0, 0x0, 0x0, 0xef, 0xf1,
    0x0, 0x0, 0x0, 0x0, 0xef, 0xf1, 0x0, 0x0,
    0x0, 0x0, 0xef, 0xf1, 0x0, 0x0, 0x0, 0x0,
    0xef, 0xf1, 0x0, 0x0, 0x0, 0x0, 0xef, 0xf1,
    0x0, 0x0, 0x0, 0x0, 0xef, 0xf1, 0x0, 0x30,
    0x0, 0x1, 0xff, 0xf0, 0x6, 0xf6, 0x0, 0x8,
    0xff, 0xc0, 0x1f, 0xff, 0xda, 0xdf, 0xff, 0x60,
    0x6, 0xff, 0xff, 0xff, 0xfa, 0x0, 0x0, 0x29,
    0xdf, 0xfc, 0x60, 0x0,

    /* U+0135 "ĵ" */
    0x0, 0x0, 0x4f, 0xff, 0x30, 0x0, 0x0, 0x2e,
    0xf8, 0xfe, 0x10, 0x0, 0x1d, 0xf5, 0x7, 0xfc,
    0x0, 0x0, 0x10, 0x0, 0x0, 0x10, 0x0, 0x0,
    0x0, 0x0, 0x0, 0x0, 0x0, 0x0, 0xff, 0xe0,
    0x0, 0x0, 0x0, 0xf, 0xfe, 0x0, 0x0, 0x0,
    0x0, 0xff, 0xe0, 0x0, 0x0, 0x0, 0xf, 0xfe,
    0x0, 0x0, 0x0, 0x0, 0xff, 0xe0, 0x0, 0x0,
    0x0, 0xf, 0xfe, 0x0, 0x0, 0x0, 0x0, 0xff,
    0xe0, 0x0, 0x0, 0x0, 0xf, 0xfe, 0x0, 0x0,
    0x0, 0x0, 0xff, 0xe0, 0x0, 0x0, 0x0, 0xf,
    0xfe, 0x0, 0x0, 0x0, 0x0, 0xff, 0xe0, 0x0,
    0x0, 0x0, 0xf, 0xfe, 0x0, 0x0, 0x0, 0x0,
    0xff, 0xe0, 0x0, 0x0, 0x0, 0xf, 0xfe, 0x0,
    0x0, 0x0, 0x2, 0xff, 0xc0, 0x0, 0x7, 0xa8,
    0xdf, 0xf8, 0x0, 0x0, 0xdf, 0xff, 0xfd, 0x10,
    0x0, 0x8, 0xef, 0xea, 0x10, 0x0, 0x0,

    /* U+0136 "Ķ" */
    0xdf, 0xf2, 0x0, 0x0, 0x0, 0x5f, 0xfe, 0x1d,
    0xff, 0x20, 0x0, 0x0, 0x4f, 0xff, 0x20, 0xdf,
    0xf2, 0x0, 0x0, 0x3f, 0xff, 0x40, 0xd, 0xff,
    0x20, 0x0, 0x2e, 0xff, 0x50, 0x0, 0xdf, 0xf2,
    0x0, 0x1e, 0xff, 0x70, 0x0, 0xd, 0xff, 0x20,
    0x1d, 0xff, 0x90, 0x0, 0x0, 0xdf, 0xf2, 0xc,
    0xff, 0xa0, 0x0, 0x0, 0xd, 0xff, 0x2b, 0xff,
    0xf0, 0x0, 0x0, 0x0, 0xdf, 0xfc, 0xff, 0xff,
    0x60, 0x0, 0x0, 0xd, 0xff, 0xff, 0xff, 0xff,
    0x20, 0x0, 0x0, 0xdf, 0xff, 0xf3, 0xcf, 0xfd,
    0x0, 0x0, 0xd, 0xff, 0xf3, 0x1, 0xef, 0xfa,
    0x0, 0x0, 0xdf, 0xf7, 0x0, 0x3, 0xff, 0xf7,
    0x0, 0xd, 0xff, 0x20, 0x0, 0x6, 0xff, 0xf3,
    0x0, 0xdf, 0xf2, 0x0, 0x0, 0x9, 0xff, 0xe1,
    0xd, 0xff, 0x20, 0x0, 0x0, 0xc, 0xff, 0xb0,
    0xdf, 0xf2, 0x0, 0x0, 0x0, 0x1e, 0xff, 0x70,
    0x0, 0x0, 0x0, 0x0, 0x0, 0x0, 0x0, 0x0,
    0x0, 0x0, 0x0, 0x0, 0x0, 0x0, 0x0, 0x0,
    0x0, 0x17, 0x40, 0x0, 0x0, 0x0, 0x0, 0x0,
    0xa, 0xff, 0x0, 0x0, 0x0, 0x0, 0x0, 0x0,
    0x6f, 0xe0, 0x0, 0x0, 0x0, 0x0, 0x0, 0x1,
    0xf9, 0x0, 0x0, 0x0, 0x0, 0x0, 0x0, 0x5f,
    0x20, 0x0, 0x0, 0x0,

    /* U+0137 "ķ" */
    0x1f, 0xfc, 0x0, 0x0, 0x0, 0x0, 0x0, 0x1f,
    0xfc, 0x0, 0x0, 0x0, 0x0, 0x0, 0x1f, 0xfc,
    0x0, 0x0, 0x0, 0x0, 0x0, 0x1f, 0xfc, 0x0,
    0x0, 0x0, 0x0, 0x0, 0x1f, 0xfc, 0x0, 0x0,
    0x0, 0x0, 0x0, 0x1f, 0xfc, 0x0, 0x0, 0xb,
    0xff, 0xa0, 0x1f, 0xfc, 0x0, 0x0, 0xcf, 0xfb,
    0x0, 0x1f, 0xfc, 0x0, 0xc, 0xff, 0xc0, 0x0,
    0x1f, 0xfc, 0x1, 0xcf, 0xfd, 0x10, 0x0, 0x1f,
    0xfc, 0x1c, 0xff, 0xd1, 0x0, 0x0, 0x1f, 0xfd,
    0xdf, 0xff, 0x40, 0x0, 0x0, 0x1f, 0xff, 0xff,
    0xff, 0xc0, 0x0, 0x0, 0x1f, 0xff, 0xfe, 0xff,
    0xf9, 0x0, 0x0, 0x1f, 0xff, 0xc0, 0x4f, 0xff,
    0x40, 0x0, 0x1f, 0xff, 0x0, 0x8, 0xff, 0xe1,
    0x0, 0x1f, 0xfc, 0x0, 0x0, 0xbf, 0xfc, 0x0,
    0x1f, 0xfc, 0x0, 0x0, 0x1e, 0xff, 0x80, 0x1f,
    0xfc, 0x0, 0x0, 0x3, 0xff, 0xf4, 0x0, 0x0,
    0x0, 0x0, 0x0, 0x0, 0x0, 0x0, 0x0, 0x0,
    0x0, 0x0, 0x0, 0x0, 0x0, 0x0, 0x4, 0x71,
    0x0, 0x0, 0x0, 0x0, 0x0, 0x1f, 0xf8, 0x0,
    0x0, 0x0, 0x0, 0x0, 0xf, 0xf8, 0x0, 0x0,
    0x0, 0x0, 0x0, 0x7, 0xf2, 0x0, 0x0, 0x0,
    0x0, 0x0, 0xb, 0xb0, 0x0, 0x0, 0x0,

    /* U+0138 "ĸ" */
    0x1f, 0xfc, 0x0, 0x0, 0xb, 0xff, 0xa0, 0x1f,
    0xfc, 0x0, 0x0, 0xcf, 0xfb, 0x0, 0x1f, 0xfc,
    0x0, 0xc, 0xff, 0xc0, 0x0, 0x1f, 0xfc, 0x1,
    0xcf, 0xfd, 0x10, 0x0, 0x1f, 0xfc, 0x1c, 0xff,
    0xd1, 0x0, 0x0, 0x1f, 0xfd, 0xdf, 0xff, 0x40,
    0x0, 0x0, 0x1f, 0xff, 0xff, 0xff, 0xc0, 0x0,
    0x0, 0x1f, 0xff, 0xfe, 0xff, 0xf9, 0x0, 0x0,
    0x1f, 0xff, 0xc0, 0x4f, 0xff, 0x40, 0x0, 0x1f,
    0xff, 0x0, 0x8, 0xff, 0xe1, 0x0, 0x1f, 0xfc,
    0x0, 0x0, 0xbf, 0xfc, 0x0, 0x1f, 0xfc, 0x0,
    0x0, 0x1e, 0xff, 0x80, 0x1f, 0xfc, 0x0, 0x0,
    0x3, 0xff, 0xf4,

    /* U+0139 "Ĺ" */
    0x0, 0x3, 0x88, 0x70, 0x0, 0x0, 0x0, 0x2,
    0xef, 0xe2, 0x0, 0x0, 0x0, 0x1, 0xdf, 0xd1,
    0x0, 0x0, 0x0, 0x0, 0xcf, 0xb0, 0x0, 0x0,
    0x0, 0x0, 0x0, 0x0, 0x0, 0x0, 0x0, 0x0,
    0x0, 0xdf, 0xf2, 0x0, 0x0, 0x0, 0x0, 0xd,
    0xff, 0x20, 0x0, 0x0, 0x0, 0x0, 0xdf, 0xf2,
    0x0, 0x0, 0x0, 0x0, 0xd, 0xff, 0x20, 0x0,
    0x0, 0x0, 0x0, 0xdf, 0xf2, 0x0, 0x0, 0x0,
    0x0, 0xd, 0xff, 0x20, 0x0, 0x0, 0x0, 0x0,
    0xdf, 0xf2, 0x0, 0x0, 0x0, 0x0, 0xd, 0xff,
    0x20, 0x0, 0x0, 0x0, 0x0, 0xdf, 0xf2, 0x0,
    0x0, 0x0, 0x0, 0xd, 0xff, 0x20, 0x0, 0x0,
    0x0, 0x0, 0xdf, 0xf2, 0x0, 0x0, 0x0, 0x0,
    0xd, 0xff, 0x20, 0x0, 0x0, 0x0, 0x0, 0xdf,
    0xf2, 0x0, 0x0, 0x0, 0x0, 0xd, 0xff, 0x20,
    0x0, 0x0, 0x0, 0x0, 0xdf, 0xfb, 0xaa, 0xaa,
    0xaa, 0xa5, 0xd, 0xff, 0xff, 0xff, 0xff, 0xff,
    0x90, 0xdf, 0xff, 0xff, 0xff, 0xff, 0xf9,

    /* U+013A "ĺ" */
    0x0, 0x5, 0x88, 0x40, 0x8, 0xff, 0x80, 0x8,
    0xfe, 0x40, 0x2, 0x87, 0x10, 0x0, 0x0, 0x0,
    0x0, 0x1, 0xff, 0xc0, 0x0, 0x1f, 0xfc, 0x0,
    0x1, 0xff, 0xc0, 0x0, 0x1f, 0xfc, 0x0, 0x1,
    0xff, 0xc0, 0x0, 0x1f, 0xfc, 0x0, 0x1, 0xff,
    0xc0, 0x0, 0x1f, 0xfc, 0x0, 0x1, 0xff, 0xc0,
    0x0, 0x1f, 0xfc, 0x0, 0x1, 0xff, 0xc0, 0x0,
    0x1f, 0xfc, 0x0, 0x1, 0xff, 0xc0, 0x0, 0x1f,
    0xfc, 0x0, 0x1, 0xff, 0xc0, 0x0, 0x1f, 0xfc,
    0x0, 0x1, 0xff, 0xc0, 0x0, 0x1f, 0xfc, 0x0,
    0x0,

    /* U+013B "Ļ" */
    0xdf, 0xf2, 0x0, 0x0, 0x0, 0x0, 0xdf, 0xf2,
    0x0, 0x0, 0x0, 0x0, 0xdf, 0xf2, 0x0, 0x0,
    0x0, 0x0, 0xdf, 0xf2, 0x0, 0x0, 0x0, 0x0,
    0xdf, 0xf2, 0x0, 0x0, 0x0, 0x0, 0xdf, 0xf2,
    0x0, 0x0, 0x0, 0x0, 0xdf, 0xf2, 0x0, 0x0,
    0x0, 0x0, 0xdf, 0xf2, 0x0, 0x0, 0x0, 0x0,
    0xdf, 0xf2, 0x0, 0x0, 0x0, 0x0, 0xdf, 0xf2,
    0x0, 0x0, 0x0, 0x0, 0xdf, 0xf2, 0x0, 0x0,
    0x0, 0x0, 0xdf, 0xf2, 0x0, 0x0, 0x0, 0x0,
    0xdf, 0xf2, 0x0, 0x0, 0x0, 0x0, 0xdf, 0xf2,
    0x0, 0x0, 0x0, 0x0, 0xdf, 0xfb, 0xaa, 0xaa,
    0xaa, 0xa5, 0xdf, 0xff, 0xff, 0xff, 0xff, 0xf9,
    0xdf, 0xff, 0xff, 0xff, 0xff, 0xf9, 0x0, 0x0,
    0x0, 0x0, 0x0, 0x0, 0x0, 0x0, 0x0, 0x0,
    0x0, 0x0, 0x0, 0x0, 0x7, 0x50, 0x0, 0x0,
    0x0, 0x0, 0x6f, 0xf2, 0x0, 0x0, 0x0, 0x0,
    0x3f, 0xf2, 0x0, 0x0, 0x0, 0x0, 0xd, 0xc0,
    0x0, 0x0, 0x0, 0x0, 0x1f, 0x60, 0x0, 0x0,

    /* U+013C "ļ" */
    0x1f, 0xfc, 0x1f, 0xfc, 0x1f, 0xfc, 0x1f, 0xfc,
    0x1f, 0xfc, 0x1f, 0xfc, 0x1f, 0xfc, 0x1f, 0xfc,
    0x1f, 0xfc, 0x1f, 0xfc, 0x1f, 0xfc, 0x1f, 0xfc,
    0x1f, 0xfc, 0x1f, 0xfc, 0x1f, 0xfc, 0x1f, 0xfc,
    0x1f, 0xfc, 0x1f, 0xfc, 0x0, 0x0, 0x0, 0x0,
    0x4, 0x71, 0xf, 0xfa, 0xd, 0xf9, 0x6, 0xf3,
    0xa, 0xd0,

    /* U+013D "Ľ" */
    0x0, 0x0, 0x0, 0x0, 0xff, 0x30, 0xdf, 0xf2,
    0x0, 0x0, 0xff, 0x20, 0xdf, 0xf2, 0x0, 0x0,
    0xff, 0x10, 0xdf, 0xf2, 0x0, 0x0, 0xff, 0x0,
    0xdf, 0xf2, 0x0, 0x0, 0xba, 0x0, 0xdf, 0xf2,
    0x0, 0x0, 0x0, 0x0, 0xdf, 0xf2, 0x0, 0x0,
    0x0, 0x0, 0xdf, 0xf2, 0x0, 0x0, 0x0, 0x0,
    0xdf, 0xf2, 0x0, 0x0, 0x0, 0x0, 0xdf, 0xf2,
    0x0, 0x0, 0x0, 0x0, 0xdf, 0xf2, 0x0, 0x0,
    0x0, 0x0, 0xdf, 0xf2, 0x0, 0x0, 0x0, 0x0,
    0xdf, 0xf2, 0x0, 0x0, 0x0, 0x0, 0xdf, 0xf2,
    0x0, 0x0, 0x0, 0x0, 0xdf, 0xf2, 0x0, 0x0,
    0x0, 0x0, 0xdf, 0xfb, 0xaa, 0xaa, 0xaa, 0xa5,
    0xdf, 0xff, 0xff, 0xff, 0xff, 0xf9, 0xdf, 0xff,
    0xff, 0xff, 0xff, 0xf9,

    /* U+013E "ľ" */
    0x0, 0x0, 0x3, 0xbb, 0x1f, 0xfc, 0x5, 0xfd,
    0x1f, 0xfc, 0x5, 0xfc, 0x1f, 0xfc, 0x5, 0xfb,
    0x1f, 0xfc, 0x5, 0xfa, 0x1f, 0xfc, 0x0, 0x0,
    0x1f, 0xfc, 0x0, 0x0, 0x1f, 0xfc, 0x0, 0x0,
    0x1f, 0xfc, 0x0, 0x0, 0x1f, 0xfc, 0x0, 0x0,
    0x1f, 0xfc, 0x0, 0x0, 0x1f, 0xfc, 0x0, 0x0,
    0x1f, 0xfc, 0x0, 0x0, 0x1f, 0xfc, 0x0, 0x0,
    0x1f, 0xfc, 0x0, 0x0, 0x1f, 0xfc, 0x0, 0x0,
    0x1f, 0xfc, 0x0, 0x0, 0x1f, 0xfc, 0x0, 0x0,
    0x1f, 0xfc, 0x0, 0x0,

    /* U+013F "Ŀ" */
    0xdf, 0xf2, 0x0, 0x0, 0x0, 0x0, 0xdf, 0xf2,
    0x0, 0x0, 0x0, 0x0, 0xdf, 0xf2, 0x0, 0x0,
    0x0, 0x0, 0xdf, 0xf2, 0x0, 0x0, 0x0, 0x0,
    0xdf, 0xf2, 0x0, 0x0, 0x0, 0x0, 0xdf, 0xf2,
    0x0, 0x1, 0x86, 0x0, 0xdf, 0xf2, 0x0, 0xb,
    0xff, 0x40, 0xdf, 0xf2, 0x0, 0xd, 0xff, 0x60,
    0xdf, 0xf2, 0x0, 0x5, 0xec, 0x0, 0xdf, 0xf2,
    0x0, 0x0, 0x0, 0x0, 0xdf, 0xf2, 0x0, 0x0,
    0x0, 0x0, 0xdf, 0xf2, 0x0, 0x0, 0x0, 0x0,
    0xdf, 0xf2, 0x0, 0x0, 0x0, 0x0, 0xdf, 0xf2,
    0x0, 0x0, 0x0, 0x0, 0xdf, 0xfb, 0xaa, 0xaa,
    0xaa, 0xa5, 0xdf, 0xff, 0xff, 0xff, 0xff, 0xf9,
    0xdf, 0xff, 0xff, 0xff, 0xff, 0xf9,

    /* U+0140 "ŀ" */
    0x1f, 0xfc, 0x0, 0x0, 0x1, 0xff, 0xc0, 0x0,
    0x0, 0x1f, 0xfc, 0x0, 0x0, 0x1, 0xff, 0xc0,
    0x0, 0x0, 0x1f, 0xfc, 0x0, 0x0, 0x1, 0xff,
    0xc0, 0x0, 0x0, 0x1f, 0xfc, 0x0, 0x0, 0x1,
    0xff, 0xc0, 0x1, 0x20, 0x1f, 0xfc, 0x2, 0xff,
    0x61, 0xff, 0xc0, 0x6f, 0xfa, 0x1f, 0xfc, 0x1,
    0xce, 0x31, 0xff, 0xc0, 0x0, 0x0, 0x1f, 0xfc,
    0x0, 0x0, 0x1, 0xff, 0xc0, 0x0, 0x0, 0x1f,
    0xfc, 0x0, 0x0, 0x1, 0xff, 0xc0, 0x0, 0x0,
    0x1f, 0xfc, 0x0, 0x0, 0x1, 0xff, 0xc0, 0x0,
    0x0,

    /* U+0141 "Ł" */
    0x0, 0x9, 0xff, 0x60, 0x0, 0x0, 0x0, 0x0,
    0x0, 0x9f, 0xf6, 0x0, 0x0, 0x0, 0x0, 0x0,
    0x9, 0xff, 0x60, 0x0, 0x0, 0x0, 0x0, 0x0,
    0x9f, 0xf6, 0x0, 0x0, 0x0, 0x0, 0x0, 0x9,
    0xff, 0x62, 0xd6, 0x0, 0x0, 0x0, 0x0, 0x9f,
    0xfb, 0xff, 0xc0, 0x0, 0x0, 0x0, 0x9, 0xff,
    0xff, 0xb1, 0x0, 0x0, 0x0, 0x0, 0xaf, 0xff,
    0x80, 0x0, 0x0, 0x0, 0x0, 0x2f, 0xff, 0xb0,
    0x0, 0x0, 0x0, 0x0, 0x4f, 0xff, 0xf6, 0x0,
    0x0, 0x0, 0x0, 0xc, 0xff, 0xff, 0x60, 0x0,
    0x0, 0x0, 0x0, 0x28, 0x9f, 0xf6, 0x0, 0x0,
    0x0, 0x0, 0x0, 0x9, 0xff, 0x60, 0x0, 0x0,
    0x0, 0x0, 0x0, 0x9f, 0xf6, 0x0, 0x0, 0x0,
    0x0, 0x0, 0x9, 0xff, 0xca, 0xaa, 0xaa, 0xaa,
    0x80, 0x0, 0x9f, 0xff, 0xff, 0xff, 0xff, 0xfc,
    0x0, 0x9, 0xff, 0xff, 0xff, 0xff, 0xff, 0xc0,

    /* U+0142 "ł" */
    0x0, 0xe, 0xff, 0x0, 0x0, 0x0, 0xef, 0xf0,
    0x0, 0x0, 0xe, 0xff, 0x0, 0x0, 0x0, 0xef,
    0xf0, 0x0, 0x0, 0xe, 0xff, 0x0, 0x0, 0x0,
    0xef, 0xf0, 0x0, 0x0, 0xe, 0xff, 0x6b, 0x0,
    0x0, 0xef, 0xff, 0xf4, 0x0, 0xf, 0xff, 0xf7,
    0x0, 0x3, 0xff, 0xf4, 0x0, 0x6, 0xff, 0xff,
    0x0, 0x2, 0xff, 0xff, 0xf0, 0x0, 0x9, 0x7e,
    0xff, 0x0, 0x0, 0x0, 0xef, 0xf0, 0x0, 0x0,
    0xe, 0xff, 0x0, 0x0, 0x0, 0xef, 0xf0, 0x0,
    0x0, 0xe, 0xff, 0x0, 0x0, 0x0, 0xef, 0xf0,
    0x0,

    /* U+0143 "Ń" */
    0x0, 0x0, 0x0, 0x0, 0x58, 0x84, 0x0, 0x0,
    0x0, 0x0, 0x0, 0x6f, 0xfb, 0x0, 0x0, 0x0,
    0x0, 0x0, 0x4f, 0xf9, 0x0, 0x0, 0x0, 0x0,
    0x0, 0x3f, 0xf7, 0x0, 0x0, 0x0, 0x0, 0x0,
    0x0, 0x0, 0x0, 0x0, 0x0, 0xd, 0xfe, 0x10,
    0x0, 0x0, 0x0, 0x8f, 0xf7, 0xdf, 0xfc, 0x0,
    0x0, 0x0, 0x8, 0xff, 0x7d, 0xff, 0xf9, 0x0,
    0x0, 0x0, 0x8f, 0xf7, 0xdf, 0xff, 0xf5, 0x0,
    0x0, 0x8, 0xff, 0x7d, 0xff, 0xff, 0xf2, 0x0,
    0x0, 0x8f, 0xf7, 0xdf, 0xff, 0xff, 0xd0, 0x0,
    0x8, 0xff, 0x7d, 0xff, 0x5f, 0xff, 0xa0, 0x0,
    0x8f, 0xf7, 0xdf, 0xf2, 0x6f, 0xff, 0x70, 0x8,
    0xff, 0x7d, 0xff, 0x20, 0x9f, 0xff, 0x40, 0x8f,
    0xf7, 0xdf, 0xf2, 0x0, 0xcf, 0xfe, 0x18, 0xff,
    0x7d, 0xff, 0x20, 0x1, 0xef, 0xfc, 0x8f, 0xf7,
    0xdf, 0xf2, 0x0, 0x4, 0xff, 0xff, 0xff, 0x7d,
    0xff, 0x20, 0x0, 0x7, 0xff, 0xff, 0xf7, 0xdf,
    0xf2, 0x0, 0x0, 0xb, 0xff, 0xff, 0x7d, 0xff,
    0x20, 0x0, 0x0, 0x1d, 0xff, 0xf7, 0xdf, 0xf2,
    0x0, 0x0, 0x0, 0x3f, 0xff, 0x7d, 0xff, 0x20,
    0x0, 0x0, 0x0, 0x6f, 0xf7,

    /* U+0144 "ń" */
    0x0, 0x0, 0x0, 0x5, 0xff, 0xc1, 0x0, 0x0,
    0x0, 0x5, 0xff, 0x90, 0x0, 0x0, 0x0, 0x4,
    0xff, 0x70, 0x0, 0x0, 0x0, 0x0, 0x34, 0x20,
    0x0, 0x0, 0x0, 0x0, 0x0, 0x0, 0x0, 0x0,
    0x1, 0xff, 0xa1, 0x8d, 0xfe, 0xb5, 0x0, 0x1f,
    0xfd, 0xef, 0xff, 0xff, 0xf9, 0x1, 0xff, 0xff,
    0xe9, 0x8c, 0xff, 0xf4, 0x1f, 0xff, 0xb0, 0x0,
    0xa, 0xff, 0xa1, 0xff, 0xf1, 0x0, 0x0, 0x1f,
    0xfe, 0x1f, 0xfd, 0x0, 0x0, 0x0, 0xff, 0xf1,
    0xff, 0xc0, 0x0, 0x0, 0xe, 0xff, 0x1f, 0xfc,
    0x0, 0x0, 0x0, 0xef, 0xf1, 0xff, 0xc0, 0x0,
    0x0, 0xe, 0xff, 0x1f, 0xfc, 0x0, 0x0, 0x0,
    0xef, 0xf1, 0xff, 0xc0, 0x0, 0x0, 0xe, 0xff,
    0x1f, 0xfc, 0x0, 0x0, 0x0, 0xef, 0xf1, 0xff,
    0xc0, 0x0, 0x0, 0xe, 0xff,

    /* U+0145 "Ņ" */
    0xdf, 0xe1, 0x0, 0x0, 0x0, 0x8, 0xff, 0x7d,
    0xff, 0xc0, 0x0, 0x0, 0x0, 0x8f, 0xf7, 0xdf,
    0xff, 0x90, 0x0, 0x0, 0x8, 0xff, 0x7d, 0xff,
    0xff, 0x50, 0x0, 0x0, 0x8f, 0xf7, 0xdf, 0xff,
    0xff, 0x20, 0x0, 0x8, 0xff, 0x7d, 0xff, 0xff,
    0xfd, 0x0, 0x0, 0x8f, 0xf7, 0xdf, 0xf5, 0xff,
    0xfa, 0x0, 0x8, 0xff, 0x7d, 0xff, 0x26, 0xff,
    0xf7, 0x0, 0x8f, 0xf7, 0xdf, 0xf2, 0x9, 0xff,
    0xf4, 0x8, 0xff, 0x7d, 0xff, 0x20, 0xc, 0xff,
    0xe1, 0x8f, 0xf7, 0xdf, 0xf2, 0x0, 0x1e, 0xff,
    0xc8, 0xff, 0x7d, 0xff, 0x20, 0x0, 0x4f, 0xff,
    0xff, 0xf7, 0xdf, 0xf2, 0x0, 0x0, 0x7f, 0xff,
    0xff, 0x7d, 0xff, 0x20, 0x0, 0x0, 0xbf, 0xff,
    0xf7, 0xdf, 0xf2, 0x0, 0x0, 0x1, 0xdf, 0xff,
    0x7d, 0xff, 0x20, 0x0, 0x0, 0x3, 0xff, 0xf7,
    0xdf, 0xf2, 0x0, 0x0, 0x0, 0x6, 0xff, 0x70,
    0x0, 0x0, 0x0, 0x0, 0x0, 0x0, 0x0, 0x0,
    0x0, 0x0, 0x0, 0x0, 0x0, 0x0, 0x0, 0x0,
    0x0, 0x4, 0x71, 0x0, 0x0, 0x0, 0x0, 0x0,
    0x0, 0xff, 0x90, 0x0, 0x0, 0x0, 0x0, 0x0,
    0xd, 0xf9, 0x0, 0x0, 0x0, 0x0, 0x0, 0x0,
    0x6f, 0x30, 0x0, 0x0, 0x0, 0x0, 0x0, 0xa,
    0xc0, 0x0, 0x0, 0x0,

    /* U+0146 "ņ" */
    0x1f, 0xfa, 0x18, 0xdf, 0xeb, 0x50, 0x1, 0xff,
    0xde, 0xff, 0xff, 0xff, 0x90, 0x1f, 0xff, 0xfe,
    0x98, 0xcf, 0xff, 0x41, 0xff, 0xfb, 0x0, 0x0,
    0xaf, 0xfa, 0x1f, 0xff, 0x10, 0x0, 0x1, 0xff,
    0xe1, 0xff, 0xd0, 0x0, 0x0, 0xf, 0xff, 0x1f,
    0xfc, 0x0, 0x0, 0x0, 0xef, 0xf1, 0xff, 0xc0,
    0x0, 0x0, 0xe, 0xff, 0x1f, 0xfc, 0x0, 0x0,
    0x0, 0xef, 0xf1, 0xff, 0xc0, 0x0, 0x0, 0xe,
    0xff, 0x1f, 0xfc, 0x0, 0x0, 0x0, 0xef, 0xf1,
    0xff, 0xc0, 0x0, 0x0, 0xe, 0xff, 0x1f, 0xfc,
    0x0, 0x0, 0x0, 0xef, 0xf0, 0x0, 0x0, 0x0,
    0x0, 0x0, 0x0, 0x0, 0x0, 0x0, 0x0, 0x0,
    0x0, 0x0, 0x0, 0x0, 0x7, 0x60, 0x0, 0x0,
    0x0, 0x0, 0x5, 0xff, 0x30, 0x0, 0x0, 0x0,
    0x0, 0x2f, 0xf3, 0x0, 0x0, 0x0, 0x0, 0x0,
    0xcd, 0x0, 0x0, 0x0, 0x0, 0x0, 0x1f, 0x60,
    0x0, 0x0,

    /* U+0147 "Ň" */
    0x0, 0x6, 0x84, 0x0, 0x7, 0x83, 0x0, 0x0,
    0x0, 0x3f, 0xf8, 0x1c, 0xfc, 0x0, 0x0, 0x0,
    0x0, 0x5f, 0xff, 0xfd, 0x10, 0x0, 0x0, 0x0,
    0x0, 0x7f, 0xfe, 0x20, 0x0, 0x0, 0x0, 0x0,
    0x0, 0x0, 0x0, 0x0, 0x0, 0xd, 0xfe, 0x10,
    0x0, 0x0, 0x0, 0x8f, 0xf7, 0xdf, 0xfc, 0x0,
    0x0, 0x0, 0x8, 0xff, 0x7d, 0xff, 0xf9, 0x0,
    0x0, 0x0, 0x8f, 0xf7, 0xdf, 0xff, 0xf5, 0x0,
    0x0, 0x8, 0xff, 0x7d, 0xff, 0xff, 0xf2, 0x0,
    0x0, 0x8f, 0xf7, 0xdf, 0xff, 0xff, 0xd0, 0x0,
    0x8, 0xff, 0x7d, 0xff, 0x5f, 0xff, 0xa0, 0x0,
    0x8f, 0xf7, 0xdf, 0xf2, 0x6f, 0xff, 0x70, 0x8,
    0xff, 0x7d, 0xff, 0x20, 0x9f, 0xff, 0x40, 0x8f,
    0xf7, 0xdf, 0xf2, 0x0, 0xcf, 0xfe, 0x18, 0xff,
    0x7d, 0xff, 0x20, 0x1, 0xef, 0xfc, 0x8f, 0xf7,
    0xdf, 0xf2, 0x0, 0x4, 0xff, 0xff, 0xff, 0x7d,
    0xff, 0x20, 0x0, 0x7, 0xff, 0xff, 0xf7, 0xdf,
    0xf2, 0x0, 0x0, 0xb, 0xff, 0xff, 0x7d, 0xff,
    0x20, 0x0, 0x0, 0x1d, 0xff, 0xf7, 0xdf, 0xf2,
    0x0, 0x0, 0x0, 0x3f, 0xff, 0x7d, 0xff, 0x20,
    0x0, 0x0, 0x0, 0x6f, 0xf7,

    /* U+0148 "ň" */
    0x0, 0x1d, 0xf7, 0x0, 0x9f, 0xc0, 0x0, 0x0,
    0x2e, 0xfa, 0xbf, 0xd1, 0x0, 0x0, 0x0, 0x2f,
    0xff, 0xd1, 0x0, 0x0, 0x0, 0x0, 0x24, 0x41,
    0x0, 0x0, 0x0, 0x0, 0x0, 0x0, 0x0, 0x0,
    0x1, 0xff, 0xa1, 0x8d, 0xfe, 0xb5, 0x0, 0x1f,
    0xfd, 0xef, 0xff, 0xff, 0xf9, 0x1, 0xff, 0xff,
    0xe9, 0x8c, 0xff, 0xf4, 0x1f, 0xff, 0xb0, 0x0,
    0xa, 0xff, 0xa1, 0xff, 0xf1, 0x0, 0x0, 0x1f,
    0xfe, 0x1f, 0xfd, 0x0, 0x0, 0x0, 0xff, 0xf1,
    0xff, 0xc0, 0x0, 0x0, 0xe, 0xff, 0x1f, 0xfc,
    0x0, 0x0, 0x0, 0xef, 0xf1, 0xff, 0xc0, 0x0,
    0x0, 0xe, 0xff, 0x1f, 0xfc, 0x0, 0x0, 0x0,
    0xef, 0xf1, 0xff, 0xc0, 0x0, 0x0, 0xe, 0xff,
    0x1f, 0xfc, 0x0, 0x0, 0x0, 0xef, 0xf1, 0xff,
    0xc0, 0x0, 0x0, 0xe, 0xff,

    /* U+0149 "ŉ" */
    0x9, 0xfb, 0x0, 0x0, 0x0, 0x0, 0x0, 0x0,
    0x3, 0xff, 0xf5, 0x0, 0x0, 0x0, 0x0, 0x0,
    0x0, 0x2f, 0xff, 0x60, 0x0, 0x0, 0x0, 0x0,
    0x0, 0x0, 0xaf, 0xf1, 0x0, 0x0, 0x0, 0x0,
    0x0, 0x0, 0x6, 0xfb, 0x0, 0x0, 0x0, 0x0,
    0x0, 0x0, 0x0, 0xaf, 0x69, 0xff, 0x24, 0xbe,
    0xfd, 0x91, 0x0, 0xe, 0xf0, 0x9f, 0xfb, 0xff,
    0xff, 0xff, 0xe2, 0x0, 0x43, 0x9, 0xff, 0xfe,
    0x85, 0x7d, 0xff, 0xc0, 0x0, 0x0, 0x9f, 0xff,
    0x20, 0x0, 0x1e, 0xff, 0x30, 0x0, 0x9, 0xff,
    0x90, 0x0, 0x0, 0x8f, 0xf6, 0x0, 0x0, 0x9f,
    0xf5, 0x0, 0x0, 0x6, 0xff, 0x70, 0x0, 0x9,
    0xff, 0x40, 0x0, 0x0, 0x6f, 0xf8, 0x0, 0x0,
    0x9f, 0xf4, 0x0, 0x0, 0x6, 0xff, 0x80, 0x0,
    0x9, 0xff, 0x40, 0x0, 0x0, 0x6f, 0xf8, 0x0,
    0x0, 0x9f, 0xf4, 0x0, 0x0, 0x6, 0xff, 0x80,
    0x0, 0x9, 0xff, 0x40, 0x0, 0x0, 0x6f, 0xf8,
    0x0, 0x0, 0x9f, 0xf4, 0x0, 0x0, 0x6, 0xff,
    0x80, 0x0, 0x9, 0xff, 0x40, 0x0, 0x0, 0x6f,
    0xf8,

    /* U+014A "Ŋ" */
    0xdf, 0xe1, 0x0, 0x0, 0x0, 0x8, 0xff, 0x7d,
    0xff, 0xc0, 0x0, 0x0, 0x0, 0x8f, 0xf7, 0xdf,
    0xff, 0x80, 0x0, 0x0, 0x8, 0xff, 0x7d, 0xff,
    0xff, 0x50, 0x0, 0x0, 0x8f, 0xf7, 0xdf, 0xff,
    0xff, 0x20, 0x0, 0x8, 0xff, 0x7d, 0xff, 0xff,
    0xfd, 0x0, 0x0, 0x8f, 0xf7, 0xdf, 0xf5, 0xff,
    0xfa, 0x0, 0x8, 0xff, 0x7d, 0xff, 0x26, 0xff,
    0xf6, 0x0, 0x8f, 0xf7, 0xdf, 0xf2, 0x9, 0xff,
    0xf3, 0x8, 0xff, 0x7d, 0xff, 0x20, 0xc, 0xff,
    0xe1, 0x8f, 0xf7, 0xdf, 0xf2, 0x0, 0x1e, 0xff,
    0xb8, 0xff, 0x7d, 0xff, 0x20, 0x0, 0x4f, 0xff,
    0xff, 0xf7, 0xdf, 0xf2, 0x0, 0x0, 0x7f, 0xff,
    0xff, 0x7d, 0xff, 0x20, 0x0, 0x0, 0xbf, 0xff,
    0xf7, 0xdf, 0xf2, 0x0, 0x0, 0x1, 0xdf, 0xff,
    0x7d, 0xff, 0x20, 0x0, 0x0, 0x3, 0xff, 0xf7,
    0xdf, 0xf2, 0x0, 0x0, 0x0, 0xe, 0xff, 0x60,
    0x0, 0x0, 0x0, 0x0, 0x0, 0xaf, 0xf5, 0x0,
    0x0, 0x1, 0xb1, 0x0, 0x2f, 0xff, 0x10, 0x0,
    0x0, 0xaf, 0xfb, 0xbf, 0xff, 0xa0, 0x0, 0x0,
    0xb, 0xff, 0xff, 0xff, 0xd1, 0x0, 0x0, 0x0,
    0x6, 0xcf, 0xfd, 0x81, 0x0,

    /* U+014B "ŋ" */
    0x1f, 0xfa, 0x18, 0xdf, 0xeb, 0x50, 0x1, 0xff,
    0xde, 0xff, 0xff, 0xff, 0x90, 0x1f, 0xff, 0xfe,
    0x98, 0xcf, 0xff, 0x41, 0xff, 0xfb, 0x0, 0x0,
    0xaf, 0xfa, 0x1f, 0xff, 0x10, 0x0, 0x1, 0xff,
    0xd1, 0xff, 0xd0, 0x0, 0x0, 0xf, 0xff, 0x1f,
    0xfc, 0x0, 0x0, 0x0, 0xef, 0xf1, 0xff, 0xc0,
    0x0, 0x0, 0xe, 0xff, 0x1f, 0xfc, 0x0, 0x0,
    0x0, 0xef, 0xf1, 0xff, 0xc0, 0x0, 0x0, 0xe,
    0xff, 0x1f, 0xfc, 0x0, 0x0, 0x0, 0xef, 0xf1,
    0xff, 0xc0, 0x0, 0x0, 0xe, 0xff, 0x1f, 0xfc,
    0x0, 0x0, 0x0, 0xef, 0xf0, 0x0, 0x0, 0x0,
    0x0, 0xe, 0xff, 0x0, 0x0, 0x0, 0x0, 0x1,
    0xff, 0xd0, 0x0, 0x0, 0x6, 0xa8, 0xdf, 0xf9,
    0x0, 0x0, 0x0, 0xcf, 0xff, 0xfe, 0x10, 0x0,
    0x0, 0x8, 0xdf, 0xea, 0x20,

    /* U+014C "Ō" */
    0x0, 0x0, 0x4f, 0xff, 0xff, 0xff, 0xa0, 0x0,
    0x0, 0x0, 0x0, 0x3c, 0xcc, 0xcc, 0xcc, 0x80,
    0x0, 0x0, 0x0, 0x0, 0x0, 0x0, 0x0, 0x0,
    0x0, 0x0, 0x0, 0x0, 0x0, 0x0, 0x0, 0x0,
    0x0, 0x0, 0x0, 0x0, 0x0, 0x0, 0x6, 0xbe,
    0xfe, 0xc8, 0x20, 0x0, 0x0, 0x0, 0x6, 0xef,
    0xff, 0xff, 0xff, 0xfa, 0x0, 0x0, 0x0, 0x8f,
    0xff, 0xfe, 0xcd, 0xff, 0xff, 0xd1, 0x0, 0x6,
    0xff, 0xfb, 0x20, 0x0, 0x7, 0xff, 0xfc, 0x0,
    0x1f, 0xff, 0x90, 0x0, 0x0, 0x0, 0x3f, 0xff,
    0x50, 0x7f, 0xfd, 0x0, 0x0, 0x0, 0x0, 0x7,
    0xff, 0xd0, 0xbf, 0xf6, 0x0, 0x0, 0x0, 0x0,
    0x0, 0xff, 0xf1, 0xef, 0xf2, 0x0, 0x0, 0x0,
    0x0, 0x0, 0xcf, 0xf4, 0xff, 0xf0, 0x0, 0x0,
    0x0, 0x0, 0x0, 0xaf, 0xf5, 0xef, 0xf2, 0x0,
    0x0, 0x0, 0x0, 0x0, 0xcf, 0xf4, 0xbf, 0xf5,
    0x0, 0x0, 0x0, 0x0, 0x0, 0xff, 0xf1, 0x7f,
    0xfc, 0x0, 0x0, 0x0, 0x0, 0x7, 0xff, 0xd0,
    0x1f, 0xff, 0x80, 0x0, 0x0, 0x0, 0x3f, 0xff,
    0x60, 0x6, 0xff, 0xfa, 0x20, 0x0, 0x7, 0xff,
    0xfc, 0x0, 0x0, 0x9f, 0xff, 0xfd, 0xcc, 0xff,
    0xff, 0xd1, 0x0, 0x0, 0x6, 0xff, 0xff, 0xff,
    0xff, 0xfa, 0x0, 0x0, 0x0, 0x0, 0x17, 0xbe,
    0xfe, 0xd8, 0x30, 0x0, 0x0,

    /* U+014D "ō" */
    0x0, 0x9, 0xff, 0xff, 0xff, 0xf5, 0x0, 0x0,
    0x7, 0xcc, 0xcc, 0xcc, 0xc4, 0x0, 0x0, 0x0,
    0x0, 0x0, 0x0, 0x0, 0x0, 0x0, 0x0, 0x0,
    0x0, 0x0, 0x0, 0x0, 0x0, 0x0, 0x5b, 0xef,
    0xda, 0x40, 0x0, 0x0, 0x1b, 0xff, 0xff, 0xff,
    0xfa, 0x0, 0x0, 0xcf, 0xff, 0xb9, 0xbf, 0xff,
    0xa0, 0x6, 0xff, 0xd2, 0x0, 0x3, 0xef, 0xf4,
    0xd, 0xff, 0x30, 0x0, 0x0, 0x6f, 0xfa, 0xf,
    0xfe, 0x0, 0x0, 0x0, 0xf, 0xfd, 0x1f, 0xfc,
    0x0, 0x0, 0x0, 0xf, 0xff, 0xf, 0xfe, 0x0,
    0x0, 0x0, 0x1f, 0xfd, 0xc, 0xff, 0x40, 0x0,
    0x0, 0x6f, 0xfa, 0x6, 0xff, 0xd2, 0x0, 0x3,
    0xff, 0xf4, 0x0, 0xcf, 0xff, 0xb9, 0xcf, 0xff,
    0x90, 0x0, 0x1b, 0xff, 0xff, 0xff, 0xf9, 0x0,
    0x0, 0x0, 0x5b, 0xef, 0xea, 0x40, 0x0,

    /* U+014E "Ŏ" */
    0x0, 0x0, 0x3f, 0xb0, 0x0, 0x5f, 0x90, 0x0,
    0x0, 0x0, 0x0, 0xe, 0xf6, 0x3, 0xdf, 0x40,
    0x0, 0x0, 0x0, 0x0, 0x4, 0xff, 0xff, 0xf9,
    0x0, 0x0, 0x0, 0x0, 0x0, 0x0, 0x17, 0x98,
    0x30, 0x0, 0x0, 0x0, 0x0, 0x0, 0x0, 0x0,
    0x0, 0x0, 0x0, 0x0, 0x0, 0x0, 0x0, 0x6,
    0xbe, 0xfe, 0xc8, 0x20, 0x0, 0x0, 0x0, 0x6,
    0xef, 0xff, 0xff, 0xff, 0xfa, 0x0, 0x0, 0x0,
    0x8f, 0xff, 0xfe, 0xcd, 0xff, 0xff, 0xd1, 0x0,
    0x6, 0xff, 0xfb, 0x20, 0x0, 0x7, 0xff, 0xfc,
    0x0, 0x1f, 0xff, 0x90, 0x0, 0x0, 0x0, 0x3f,
    0xff, 0x50, 0x7f, 0xfd, 0x0, 0x0, 0x0, 0x0,
    0x7, 0xff, 0xd0, 0xbf, 0xf6, 0x0, 0x0, 0x0,
    0x0, 0x0, 0xff, 0xf1, 0xef, 0xf2, 0x0, 0x0,
    0x0, 0x0, 0x0, 0xcf, 0xf4, 0xff, 0xf0, 0x0,
    0x0, 0x0, 0x0, 0x0, 0xaf, 0xf5, 0xef, 0xf2,
    0x0, 0x0, 0x0, 0x0, 0x0, 0xcf, 0xf4, 0xbf,
    0xf5, 0x0, 0x0, 0x0, 0x0, 0x0, 0xff, 0xf1,
    0x7f, 0xfc, 0x0, 0x0, 0x0, 0x0, 0x7, 0xff,
    0xd0, 0x1f, 0xff, 0x80, 0x0, 0x0, 0x0, 0x3f,
    0xff, 0x60, 0x6, 0xff, 0xfa, 0x20, 0x0, 0x7,
    0xff, 0xfc, 0x0, 0x0, 0x9f, 0xff, 0xfd, 0xcc,
    0xff, 0xff, 0xd1, 0x0, 0x0, 0x6, 0xff, 0xff,
    0xff, 0xff, 0xfa, 0x0, 0x0, 0x0, 0x0, 0x17,
    0xbe, 0xfe, 0xd8, 0x30, 0x0, 0x0,

    /* U+014F "ŏ" */
    0x0, 0x8, 0xf6, 0x0, 0xa, 0xf4, 0x0, 0x0,
    0x3, 0xfe, 0x30, 0x5f, 0xf0, 0x0, 0x0, 0x0,
    0x8f, 0xff, 0xff, 0x50, 0x0, 0x0, 0x0, 0x3,
    0x8a, 0x71, 0x0, 0x0, 0x0, 0x0, 0x0, 0x0,
    0x0, 0x0, 0x0, 0x0, 0x0, 0x5b, 0xef, 0xda,
    0x40, 0x0, 0x0, 0x1b, 0xff, 0xff, 0xff, 0xfa,
    0x0, 0x0, 0xcf, 0xff, 0xb9, 0xbf, 0xff, 0xa0,
    0x6, 0xff, 0xd2, 0x0, 0x3, 0xef, 0xf4, 0xd,
    0xff, 0x30, 0x0, 0x0, 0x6f, 0xfa, 0xf, 0xfe,
    0x0, 0x0, 0x0, 0xf, 0xfd, 0x1f, 0xfc, 0x0,
    0x0, 0x0, 0xf, 0xff, 0xf, 0xfe, 0x0, 0x0,
    0x0, 0x1f, 0xfd, 0xc, 0xff, 0x40, 0x0, 0x0,
    0x6f, 0xfa, 0x6, 0xff, 0xd2, 0x0, 0x3, 0xff,
    0xf4, 0x0, 0xcf, 0xff, 0xb9, 0xcf, 0xff, 0x90,
    0x0, 0x1b, 0xff, 0xff, 0xff, 0xf9, 0x0, 0x0,
    0x0, 0x5b, 0xef, 0xea, 0x40, 0x0,

    /* U+0150 "Ő" */
    0x0, 0x0, 0x0, 0x1f, 0xfb, 0xb, 0xfe, 0x20,
    0x0, 0x0, 0x0, 0x0, 0x9f, 0xe1, 0x4f, 0xf5,
    0x0, 0x0, 0x0, 0x0, 0x2, 0xff, 0x40, 0xdf,
    0x90, 0x0, 0x0, 0x0, 0x0, 0x2, 0x43, 0x0,
    0x44, 0x0, 0x0, 0x0, 0x0, 0x0, 0x0, 0x0,
    0x0, 0x0, 0x0, 0x0, 0x0, 0x0, 0x0, 0x6,
    0xbe, 0xfe, 0xc8, 0x20, 0x0, 0x0, 0x0, 0x6,
    0xef, 0xff, 0xff, 0xff, 0xfa, 0x0, 0x0, 0x0,
    0x8f, 0xff, 0xfe, 0xcd, 0xff, 0xff, 0xd1, 0x0,
    0x6, 0xff, 0xfb, 0x20, 0x0, 0x7, 0xff, 0xfc,
    0x0, 0x1f, 0xff, 0x90, 0x0, 0x0, 0x0, 0x3f,
    0xff, 0x50, 0x7f, 0xfd, 0x0, 0x0, 0x0, 0x0,
    0x7, 0xff, 0xd0, 0xbf, 0xf6, 0x0, 0x0, 0x0,
    0x0, 0x0, 0xff, 0xf1, 0xef, 0xf2, 0x0, 0x0,
    0x0, 0x0, 0x0, 0xcf, 0xf4, 0xff, 0xf0, 0x0,
    0x0, 0x0, 0x0, 0x0, 0xaf, 0xf5, 0xef, 0xf2,
    0x0, 0x0, 0x0, 0x0, 0x0, 0xcf, 0xf4, 0xbf,
    0xf5, 0x0, 0x0, 0x0, 0x0, 0x0, 0xff, 0xf1,
    0x7f, 0xfc, 0x0, 0x0, 0x0, 0x0, 0x7, 0xff,
    0xd0, 0x1f, 0xff, 0x80, 0x0, 0x0, 0x0, 0x3f,
    0xff, 0x60, 0x6, 0xff, 0xfa, 0x20, 0x0, 0x7,
    0xff, 0xfc, 0x0, 0x0, 0x9f, 0xff, 0xfd, 0xcc,
    0xff, 0xff, 0xd1, 0x0, 0x0, 0x6, 0xff, 0xff,
    0xff, 0xff, 0xfa, 0x0, 0x0, 0x0, 0x0, 0x17,
    0xbe, 0xfe, 0xd8, 0x30, 0x0, 0x0,

    /* U+0151 "ő" */
    0x0, 0x0, 0x5, 0xff, 0x71, 0xff, 0xc0, 0x0,
    0x0, 0xd, 0xfb, 0x9, 0xfe, 0x10, 0x0, 0x0,
    0x7f, 0xe1, 0x2f, 0xf4, 0x0, 0x0, 0x0, 0x34,
    0x20, 0x24, 0x30, 0x0, 0x0, 0x0, 0x0, 0x0,
    0x0, 0x0, 0x0, 0x0, 0x0, 0x5b, 0xef, 0xda,
    0x40, 0x0, 0x0, 0x1b, 0xff, 0xff, 0xff, 0xfa,
    0x0, 0x0, 0xcf, 0xff, 0xb9, 0xbf, 0xff, 0xa0,
    0x6, 0xff, 0xd2, 0x0, 0x3, 0xef, 0xf4, 0xd,
    0xff, 0x30, 0x0, 0x0, 0x6f, 0xfa, 0xf, 0xfe,
    0x0, 0x0, 0x0, 0xf, 0xfd, 0x1f, 0xfc, 0x0,
    0x0, 0x0, 0xf, 0xff, 0xf, 0xfe, 0x0, 0x0,
    0x0, 0x1f, 0xfd, 0xc, 0xff, 0x40, 0x0, 0x0,
    0x6f, 0xfa, 0x6, 0xff, 0xd2, 0x0, 0x3, 0xff,
    0xf4, 0x0, 0xcf, 0xff, 0xb9, 0xcf, 0xff, 0x90,
    0x0, 0x1b, 0xff, 0xff, 0xff, 0xf9, 0x0, 0x0,
    0x0, 0x5b, 0xef, 0xea, 0x40, 0x0,

    /* U+0152 "Œ" */
    0x0, 0x0, 0x17, 0xce, 0xff, 0xff, 0xff, 0xff,
    0xff, 0xff, 0xff, 0xf8, 0x0, 0x7, 0xff, 0xff,
    0xff, 0xff, 0xff, 0xff, 0xff, 0xff, 0xff, 0xf8,
    0x0, 0xaf, 0xff, 0xfc, 0xba, 0xae, 0xff, 0xea,
    0xaa, 0xaa, 0xaa, 0xa5, 0x7, 0xff, 0xf9, 0x10,
    0x0, 0x3, 0xff, 0xb0, 0x0, 0x0, 0x0, 0x0,
    0x2f, 0xff, 0x70, 0x0, 0x0, 0x3, 0xff, 0xb0,
    0x0, 0x0, 0x0, 0x0, 0x8f, 0xfc, 0x0, 0x0,
    0x0, 0x3, 0xff, 0xb0, 0x0, 0x0, 0x0, 0x0,
    0xcf, 0xf5, 0x0, 0x0, 0x0, 0x3, 0xff, 0xb0,
    0x0, 0x0, 0x0, 0x0, 0xef, 0xf2, 0x0, 0x0,
    0x0, 0x3, 0xff, 0xff, 0xff, 0xff, 0xff, 0x80,
    0xff, 0xf0, 0x0, 0x0, 0x0, 0x3, 0xff, 0xff,
    0xff, 0xff, 0xff, 0x80, 0xef, 0xf2, 0x0, 0x0,
    0x0, 0x3, 0xff, 0xf9, 0x99, 0x99, 0x99, 0x40,
    0xcf, 0xf5, 0x0, 0x0, 0x0, 0x3, 0xff, 0xb0,
    0x0, 0x0, 0x0, 0x0, 0x8f, 0xfb, 0x0, 0x0,
    0x0, 0x3, 0xff, 0xb0, 0x0, 0x0, 0x0, 0x0,
    0x2f, 0xff, 0x70, 0x0, 0x0, 0x3, 0xff, 0xb0,
    0x0, 0x0, 0x0, 0x0, 0x7, 0xff, 0xf9, 0x10,
    0x0, 0x3, 0xff, 0xb0, 0x0, 0x0, 0x0, 0x0,
    0x0, 0xaf, 0xff, 0xfc, 0xba, 0xae, 0xff, 0xea,
    0xaa, 0xaa, 0xaa, 0xa8, 0x0, 0x6, 0xff, 0xff,
    0xff, 0xff, 0xff, 0xff, 0xff, 0xff, 0xff, 0xfd,
    0x0, 0x0, 0x17, 0xce, 0xff, 0xff, 0xff, 0xff,
    0xff, 0xff, 0xff, 0xfd,

    /* U+0153 "œ" */
    0x0, 0x0, 0x5b, 0xef, 0xda, 0x30, 0x0, 0x4b,
    0xef, 0xea, 0x40, 0x0, 0x0, 0x1b, 0xff, 0xff,
    0xff, 0xf8, 0x9, 0xff, 0xff, 0xff, 0xf9, 0x0,
    0x0, 0xcf, 0xff, 0xa9, 0xbf, 0xff, 0xef, 0xff,
    0xa9, 0xbf, 0xff, 0x80, 0x6, 0xff, 0xd2, 0x0,
    0x3, 0xef, 0xff, 0xd2, 0x0, 0x2, 0xef, 0xf1,
    0xd, 0xff, 0x30, 0x0, 0x0, 0x6f, 0xff, 0x40,
    0x0, 0x0, 0x4f, 0xf6, 0xf, 0xfe, 0x0, 0x0,
    0x0, 0xf, 0xff, 0xff, 0xff, 0xff, 0xff, 0xf8,
    0x1f, 0xfc, 0x0, 0x0, 0x0, 0xf, 0xff, 0xff,
    0xff, 0xff, 0xff, 0xf9, 0xf, 0xfe, 0x0, 0x0,
    0x0, 0x1f, 0xff, 0x0, 0x0, 0x0, 0x0, 0x0,
    0xc, 0xff, 0x40, 0x0, 0x0, 0x6f, 0xff, 0x50,
    0x0, 0x0, 0x0, 0x0, 0x6, 0xff, 0xd2, 0x0,
    0x3, 0xff, 0xff, 0xe3, 0x0, 0x0, 0x6b, 0x0,
    0x0, 0xcf, 0xff, 0xb9, 0xcf, 0xff, 0xdf, 0xff,
    0xc9, 0xad, 0xff, 0x70, 0x0, 0x1b, 0xff, 0xff,
    0xff, 0xf7, 0x8, 0xff, 0xff, 0xff, 0xfe, 0x30,
    0x0, 0x0, 0x5b, 0xef, 0xda, 0x30, 0x0, 0x39,
    0xdf, 0xfc, 0x81, 0x0,

    /* U+0154 "Ŕ" */
    0x0, 0x0, 0x0, 0x4, 0x88, 0x50, 0x0, 0x0,
    0x0, 0x0, 0x4f, 0xfc, 0x10, 0x0, 0x0, 0x0,
    0x3, 0xff, 0xa0, 0x0, 0x0, 0x0, 0x0, 0x2e,
    0xf9, 0x0, 0x0, 0x0, 0x0, 0x0, 0x0, 0x0,
    0x0, 0x0, 0x0, 0xdf, 0xff, 0xff, 0xff, 0xd9,
    0x30, 0x0, 0xdf, 0xff, 0xff, 0xff, 0xff, 0xf9,
    0x0, 0xdf, 0xfc, 0xaa, 0xac, 0xef, 0xff, 0x90,
    0xdf, 0xf2, 0x0, 0x0, 0x8, 0xff, 0xf2, 0xdf,
    0xf2, 0x0, 0x0, 0x0, 0xbf, 0xf7, 0xdf, 0xf2,
    0x0, 0x0, 0x0, 0x7f, 0xf9, 0xdf, 0xf2, 0x0,
    0x0, 0x0, 0x7f, 0xf9, 0xdf, 0xf2, 0x0, 0x0,
    0x0, 0xbf, 0xf7, 0xdf, 0xf2, 0x0, 0x0, 0x7,
    0xff, 0xf2, 0xdf, 0xfb, 0x99, 0x9a, 0xef, 0xff,
    0x90, 0xdf, 0xff, 0xff, 0xff, 0xff, 0xf9, 0x0,
    0xdf, 0xff, 0xff, 0xff, 0xff, 0x80, 0x0, 0xdf,
    0xf2, 0x0, 0x4, 0xff, 0xe0, 0x0, 0xdf, 0xf2,
    0x0, 0x0, 0x9f, 0xf9, 0x0, 0xdf, 0xf2, 0x0,
    0x0, 0xe, 0xff, 0x40, 0xdf, 0xf2, 0x0, 0x0,
    0x4, 0xff, 0xe0, 0xdf, 0xf2, 0x0, 0x0, 0x0,
    0xaf, 0xf9,

    /* U+0155 "ŕ" */
    0x0, 0x0, 0x1d, 0xff, 0x60, 0x0, 0xc, 0xfe,
    0x30, 0x0, 0xb, 0xfc, 0x10, 0x0, 0x1, 0x44,
    0x0, 0x0, 0x0, 0x0, 0x0, 0x0, 0x1, 0xff,
    0xa1, 0x8d, 0xf0, 0x1f, 0xfb, 0xef, 0xff, 0x1,
    0xff, 0xff, 0xfc, 0xa0, 0x1f, 0xff, 0xd2, 0x0,
    0x1, 0xff, 0xf3, 0x0, 0x0, 0x1f, 0xfe, 0x0,
    0x0, 0x1, 0xff, 0xc0, 0x0, 0x0, 0x1f, 0xfc,
    0x0, 0x0, 0x1, 0xff, 0xc0, 0x0, 0x0, 0x1f,
    0xfc, 0x0, 0x0, 0x1, 0xff, 0xc0, 0x0, 0x0,
    0x1f, 0xfc, 0x0, 0x0, 0x1, 0xff, 0xc0, 0x0,
    0x0,

    /* U+0156 "Ŗ" */
    0xdf, 0xff, 0xff, 0xff, 0xd9, 0x30, 0x0, 0xdf,
    0xff, 0xff, 0xff, 0xff, 0xf8, 0x0, 0xdf, 0xfc,
    0xaa, 0xac, 0xef, 0xff, 0x80, 0xdf, 0xf2, 0x0,
    0x0, 0x9, 0xff, 0xf1, 0xdf, 0xf2, 0x0, 0x0,
    0x0, 0xcf, 0xf6, 0xdf, 0xf2, 0x0, 0x0, 0x0,
    0x8f, 0xf9, 0xdf, 0xf2, 0x0, 0x0, 0x0, 0x6f,
    0xf9, 0xdf, 0xf2, 0x0, 0x0, 0x0, 0x9f, 0xf8,
    0xdf, 0xf2, 0x0, 0x0, 0x1, 0xef, 0xf4, 0xdf,
    0xf2, 0x0, 0x1, 0x5d, 0xff, 0xd0, 0xdf, 0xff,
    0xff, 0xff, 0xff, 0xff, 0x20, 0xdf, 0xff, 0xff,
    0xff, 0xff, 0xd2, 0x0, 0xdf, 0xfb, 0x99, 0x9f,
    0xff, 0xa0, 0x0, 0xdf, 0xf2, 0x0, 0x0, 0xcf,
    0xf5, 0x0, 0xdf, 0xf2, 0x0, 0x0, 0x2f, 0xff,
    0x20, 0xdf, 0xf2, 0x0, 0x0, 0x6, 0xff, 0xc0,
    0xdf, 0xf2, 0x0, 0x0, 0x0, 0xaf, 0xf8, 0x0,
    0x0, 0x0, 0x0, 0x0, 0x0, 0x0, 0x0, 0x0,
    0x0, 0x0, 0x0, 0x0, 0x0, 0x0, 0x0, 0x3,
    0x82, 0x0, 0x0, 0x0, 0x0, 0x0, 0xd, 0xfb,
    0x0, 0x0, 0x0, 0x0, 0x0, 0xa, 0xfb, 0x0,
    0x0, 0x0, 0x0, 0x0, 0x4, 0xf5, 0x0, 0x0,
    0x0, 0x0, 0x0, 0x8, 0xe0, 0x0, 0x0, 0x0,

    /* U+0157 "ŗ" */
    0x1f, 0xfa, 0x18, 0xdf, 0x1f, 0xfb, 0xef, 0xff,
    0x1f, 0xff, 0xff, 0xca, 0x1f, 0xff, 0xd2, 0x0,
    0x1f, 0xff, 0x30, 0x0, 0x1f, 0xfe, 0x0, 0x0,
    0x1f, 0xfc, 0x0, 0x0, 0x1f, 0xfc, 0x0, 0x0,
    0x1f, 0xfc, 0x0, 0x0, 0x1f, 0xfc, 0x0, 0x0,
    0x1f, 0xfc, 0x0, 0x0, 0x1f, 0xfc, 0x0, 0x0,
    0x1f, 0xfc, 0x0, 0x0, 0x0, 0x0, 0x0, 0x0,
    0x0, 0x0, 0x0, 0x0, 0x3, 0x82, 0x0, 0x0,
    0xd, 0xfb, 0x0, 0x0, 0xa, 0xfb, 0x0, 0x0,
    0x4, 0xf5, 0x0, 0x0, 0x8, 0xe0, 0x0, 0x0,

    /* U+0158 "Ř" */
    0x0, 0x58, 0x50, 0x0, 0x68, 0x40, 0x0, 0x0,
    0x2e, 0xfa, 0x1b, 0xfd, 0x10, 0x0, 0x0, 0x3,
    0xff, 0xff, 0xe2, 0x0, 0x0, 0x0, 0x0, 0x5f,
    0xff, 0x30, 0x0, 0x0, 0x0, 0x0, 0x0, 0x0,
    0x0, 0x0, 0x0, 0xdf, 0xff, 0xff, 0xff, 0xd9,
    0x30, 0x0, 0xdf, 0xff, 0xff, 0xff, 0xff, 0xf9,
    0x0, 0xdf, 0xfc, 0xaa, 0xac, 0xef, 0xff, 0x90,
    0xdf, 0xf2, 0x0, 0x0, 0x8, 0xff, 0xf2, 0xdf,
    0xf2, 0x0, 0x0, 0x0, 0xbf, 0xf7, 0xdf, 0xf2,
    0x0, 0x0, 0x0, 0x7f, 0xf9, 0xdf, 0xf2, 0x0,
    0x0, 0x0, 0x7f, 0xf9, 0xdf, 0xf2, 0x0, 0x0,
    0x0, 0xbf, 0xf7, 0xdf, 0xf2, 0x0, 0x0, 0x7,
    0xff, 0xf2, 0xdf, 0xfb, 0x99, 0x9a, 0xef, 0xff,
    0x90, 0xdf, 0xff, 0xff, 0xff, 0xff, 0xf9, 0x0,
    0xdf, 0xff, 0xff, 0xff, 0xff, 0x80, 0x0, 0xdf,
    0xf2, 0x0, 0x4, 0xff, 0xe0, 0x0, 0xdf, 0xf2,
    0x0, 0x0, 0x9f, 0xf9, 0x0, 0xdf, 0xf2, 0x0,
    0x0, 0xe, 0xff, 0x40, 0xdf, 0xf2, 0x0, 0x0,
    0x4, 0xff, 0xe0, 0xdf, 0xf2, 0x0, 0x0, 0x0,
    0xaf, 0xf9,

    /* U+0159 "ř" */
    0x8f, 0xd2, 0x3, 0xef, 0x50, 0x8f, 0xe8, 0xff,
    0x60, 0x0, 0x9f, 0xff, 0x70, 0x0, 0x0, 0x44,
    0x30, 0x0, 0x0, 0x0, 0x0, 0x0, 0x1, 0xff,
    0xa1, 0x8d, 0xf0, 0x1f, 0xfb, 0xef, 0xff, 0x1,
    0xff, 0xff, 0xfc, 0xa0, 0x1f, 0xff, 0xd2, 0x0,
    0x1, 0xff, 0xf3, 0x0, 0x0, 0x1f, 0xfe, 0x0,
    0x0, 0x1, 0xff, 0xc0, 0x0, 0x0, 0x1f, 0xfc,
    0x0, 0x0, 0x1, 0xff, 0xc0, 0x0, 0x0, 0x1f,
    0xfc, 0x0, 0x0, 0x1, 0xff, 0xc0, 0x0, 0x0,
    0x1f, 0xfc, 0x0, 0x0, 0x1, 0xff, 0xc0, 0x0,
    0x0,

    /* U+015A "Ś" */
    0x0, 0x0, 0x0, 0x0, 0xcf, 0xf7, 0x0, 0x0,
    0x0, 0x0, 0xb, 0xff, 0x50, 0x0, 0x0, 0x0,
    0x0, 0x9f, 0xe3, 0x0, 0x0, 0x0, 0x0, 0x2,
    0x88, 0x20, 0x0, 0x0, 0x0, 0x0, 0x0, 0x0,
    0x0, 0x0, 0x0, 0x0, 0x1, 0x7c, 0xef, 0xfd,
    0x94, 0x0, 0x0, 0x4e, 0xff, 0xff, 0xff, 0xff,
    0xb0, 0x2, 0xff, 0xff, 0xba, 0xad, 0xff, 0x90,
    0x9, 0xff, 0xb0, 0x0, 0x0, 0x29, 0x30, 0xc,
    0xff, 0x20, 0x0, 0x0, 0x0, 0x0, 0xc, 0xff,
    0x40, 0x0, 0x0, 0x0, 0x0, 0x8, 0xff, 0xe7,
    0x10, 0x0, 0x0, 0x0, 0x1, 0xef, 0xff, 0xfd,
    0x84, 0x0, 0x0, 0x0, 0x1a, 0xff, 0xff, 0xff,
    0xe7, 0x0, 0x0, 0x0, 0x16, 0xbf, 0xff, 0xff,
    0xb0, 0x0, 0x0, 0x0, 0x0, 0x3a, 0xff, 0xf5,
    0x0, 0x0, 0x0, 0x0, 0x0, 0x8f, 0xf9, 0x1,
    0x10, 0x0, 0x0, 0x0, 0x5f, 0xf9, 0x8, 0xe6,
    0x0, 0x0, 0x1, 0xcf, 0xf6, 0xe, 0xff, 0xfc,
    0xa9, 0xbf, 0xff, 0xe0, 0x7, 0xff, 0xff, 0xff,
    0xff, 0xfd, 0x20, 0x0, 0x6, 0xad, 0xff, 0xeb,
    0x60, 0x0,

    /* U+015B "ś" */
    0x0, 0x0, 0x0, 0x7f, 0xfb, 0x10, 0x0, 0x0,
    0x6, 0xff, 0x90, 0x0, 0x0, 0x0, 0x4f, 0xf6,
    0x0, 0x0, 0x0, 0x0, 0x55, 0x30, 0x0, 0x0,
    0x0, 0x0, 0x0, 0x0, 0x0, 0x0, 0x0, 0x18,
    0xdf, 0xfe, 0xb7, 0x10, 0x3, 0xef, 0xff, 0xff,
    0xff, 0xa0, 0xc, 0xff, 0xc8, 0x79, 0xcf, 0x20,
    0x1f, 0xfc, 0x0, 0x0, 0x2, 0x0, 0x1f, 0xfd,
    0x20, 0x0, 0x0, 0x0, 0xd, 0xff, 0xfc, 0x96,
    0x20, 0x0, 0x2, 0xcf, 0xff, 0xff, 0xfc, 0x20,
    0x0, 0x3, 0x7b, 0xdf, 0xff, 0xd0, 0x0, 0x0,
    0x0, 0x2, 0xdf, 0xf2, 0x5, 0x30, 0x0, 0x0,
    0xbf, 0xf2, 0xe, 0xfd, 0x97, 0x8b, 0xff, 0xe0,
    0x4f, 0xff, 0xff, 0xff, 0xff, 0x30, 0x2, 0x8c,
    0xef, 0xfd, 0x81, 0x0,

    /* U+015C "Ŝ" */
    0x0, 0x0, 0x4, 0xff, 0xf3, 0x0, 0x0, 0x0,
    0x0, 0x3f, 0xff, 0xfe, 0x20, 0x0, 0x0, 0x2,
    0xef, 0xa1, 0xbf, 0xd1, 0x0, 0x0, 0x5, 0x85,
    0x0, 0x6, 0x84, 0x0, 0x0, 0x0, 0x0, 0x0,
    0x0, 0x0, 0x0, 0x0, 0x1, 0x7c, 0xef, 0xfd,
    0x94, 0x0, 0x0, 0x4e, 0xff, 0xff, 0xff, 0xff,
    0xb0, 0x2, 0xff, 0xff, 0xba, 0xad, 0xff, 0x90,
    0x9, 0xff, 0xb0, 0x0, 0x0, 0x29, 0x30, 0xc,
    0xff, 0x20, 0x0, 0x0, 0x0, 0x0, 0xc, 0xff,
    0x40, 0x0, 0x0, 0x0, 0x0, 0x8, 0xff, 0xe7,
    0x10, 0x0, 0x0, 0x0, 0x1, 0xef, 0xff, 0xfd,
    0x84, 0x0, 0x0, 0x0, 0x1a, 0xff, 0xff, 0xff,
    0xe7, 0x0, 0x0, 0x0, 0x16, 0xbf, 0xff, 0xff,
    0xb0, 0x0, 0x0, 0x0, 0x0, 0x3a, 0xff, 0xf5,
    0x0, 0x0, 0x0, 0x0, 0x0, 0x8f, 0xf9, 0x1,
    0x10, 0x0, 0x0, 0x0, 0x5f, 0xf9, 0x8, 0xe6,
    0x0, 0x0, 0x1, 0xcf, 0xf6, 0xe, 0xff, 0xfc,
    0xa9, 0xbf, 0xff, 0xe0, 0x7, 0xff, 0xff, 0xff,
    0xff, 0xfd, 0x20, 0x0, 0x6, 0xad, 0xff, 0xeb,
    0x60, 0x0,

    /* U+015D "ŝ" */
    0x0, 0x1, 0xef, 0xfa, 0x0, 0x0, 0x0, 0x1d,
    0xf8, 0xbf, 0x90, 0x0, 0x1, 0xdf, 0x70, 0xc,
    0xf9, 0x0, 0x1, 0x22, 0x0, 0x0, 0x22, 0x0,
    0x0, 0x0, 0x0, 0x0, 0x0, 0x0, 0x0, 0x18,
    0xdf, 0xfe, 0xb7, 0x10, 0x3, 0xef, 0xff, 0xff,
    0xff, 0xa0, 0xc, 0xff, 0xc8, 0x79, 0xcf, 0x20,
    0x1f, 0xfc, 0x0, 0x0, 0x2, 0x0, 0x1f, 0xfd,
    0x20, 0x0, 0x0, 0x0, 0xd, 0xff, 0xfc, 0x96,
    0x20, 0x0, 0x2, 0xcf, 0xff, 0xff, 0xfc, 0x20,
    0x0, 0x3, 0x7b, 0xdf, 0xff, 0xd0, 0x0, 0x0,
    0x0, 0x2, 0xdf, 0xf2, 0x5, 0x30, 0x0, 0x0,
    0xbf, 0xf2, 0xe, 0xfd, 0x97, 0x8b, 0xff, 0xe0,
    0x4f, 0xff, 0xff, 0xff, 0xff, 0x30, 0x2, 0x8c,
    0xef, 0xfd, 0x81, 0x0,

    /* U+015E "Ş" */
    0x0, 0x1, 0x7c, 0xef, 0xfd, 0x94, 0x0, 0x0,
    0x4e, 0xff, 0xff, 0xff, 0xff, 0xb0, 0x2, 0xff,
    0xff, 0xba, 0xad, 0xff, 0x90, 0x9, 0xff, 0xb0,
    0x0, 0x0, 0x29, 0x30, 0xc, 0xff, 0x20, 0x0,
    0x0, 0x0, 0x0, 0xc, 0xff, 0x40, 0x0, 0x0,
    0x0, 0x0, 0x8, 0xff, 0xe7, 0x10, 0x0, 0x0,
    0x0, 0x1, 0xef, 0xff, 0xfd, 0x84, 0x0, 0x0,
    0x0, 0x1a, 0xff, 0xff, 0xff, 0xe7, 0x0, 0x0,
    0x0, 0x16, 0xbf, 0xff, 0xff, 0xb0, 0x0, 0x0,
    0x0, 0x0, 0x3a, 0xff, 0xf5, 0x0, 0x0, 0x0,
    0x0, 0x0, 0x8f, 0xf9, 0x1, 0x10, 0x0, 0x0,
    0x0, 0x5f, 0xf9, 0x8, 0xe6, 0x0, 0x0, 0x1,
    0xcf, 0xf6, 0xe, 0xff, 0xfc, 0xa9, 0xbf, 0xff,
    0xe0, 0x7, 0xff, 0xff, 0xff, 0xff, 0xfd, 0x20,
    0x0, 0x6, 0xad, 0xff, 0xfb, 0x60, 0x0, 0x0,
    0x0, 0x0, 0x9f, 0x0, 0x0, 0x0, 0x0, 0x0,
    0x0, 0xcf, 0xf4, 0x0, 0x0, 0x0, 0x0, 0x0,
    0x2, 0xfd, 0x0, 0x0, 0x0, 0x0, 0xb, 0x9b,
    0xfb, 0x0, 0x0, 0x0, 0x0, 0x2c, 0xfe, 0xa1,
    0x0, 0x0,

    /* U+015F "ş" */
    0x0, 0x18, 0xdf, 0xfe, 0xb7, 0x10, 0x3, 0xef,
    0xff, 0xff, 0xff, 0xa0, 0xc, 0xff, 0xc8, 0x79,
    0xcf, 0x20, 0x1f, 0xfc, 0x0, 0x0, 0x2, 0x0,
    0x1f, 0xfd, 0x20, 0x0, 0x0, 0x0, 0xd, 0xff,
    0xfc, 0x96, 0x20, 0x0, 0x2, 0xcf, 0xff, 0xff,
    0xfc, 0x20, 0x0, 0x3, 0x7b, 0xdf, 0xff, 0xd0,
    0x0, 0x0, 0x0, 0x2, 0xdf, 0xf2, 0x5, 0x30,
    0x0, 0x0, 0xbf, 0xf2, 0xf, 0xfd, 0x97, 0x8b,
    0xff, 0xe0, 0x4f, 0xff, 0xff, 0xff, 0xff, 0x30,
    0x2, 0x7c, 0xef, 0xfd, 0x81, 0x0, 0x0, 0x0,
    0x2f, 0x60, 0x0, 0x0, 0x0, 0x0, 0x6f, 0xe6,
    0x0, 0x0, 0x0, 0x0, 0x24, 0xdf, 0x20, 0x0,
    0x0, 0x2, 0x10, 0xcf, 0x30, 0x0, 0x0, 0xb,
    0xff, 0xfc, 0x0, 0x0, 0x0, 0x3, 0x77, 0x50,
    0x0, 0x0,

    /* U+0160 "Š" */
    0x0, 0x8, 0xfd, 0x10, 0x2e, 0xf6, 0x0, 0x0,
    0x0, 0x9f, 0xd4, 0xef, 0x80, 0x0, 0x0, 0x0,
    0xb, 0xff, 0xfa, 0x0, 0x0, 0x0, 0x0, 0x0,
    0x78, 0x70, 0x0, 0x0, 0x0, 0x0, 0x0, 0x0,
    0x0, 0x0, 0x0, 0x0, 0x1, 0x7c, 0xef, 0xfd,
    0x94, 0x0, 0x0, 0x4e, 0xff, 0xff, 0xff, 0xff,
    0xb0, 0x2, 0xff, 0xff, 0xba, 0xad, 0xff, 0x90,
    0x9, 0xff, 0xb0, 0x0, 0x0, 0x29, 0x30, 0xc,
    0xff, 0x20, 0x0, 0x0, 0x0, 0x0, 0xc, 0xff,
    0x40, 0x0, 0x0, 0x0, 0x0, 0x8, 0xff, 0xe7,
    0x10, 0x0, 0x0, 0x0, 0x1, 0xef, 0xff, 0xfd,
    0x84, 0x0, 0x0, 0x0, 0x1a, 0xff, 0xff, 0xff,
    0xe7, 0x0, 0x0, 0x0, 0x16, 0xbf, 0xff, 0xff,
    0xb0, 0x0, 0x0, 0x0, 0x0, 0x3a, 0xff, 0xf5,
    0x0, 0x0, 0x0, 0x0, 0x0, 0x8f, 0xf9, 0x1,
    0x10, 0x0, 0x0, 0x0, 0x5f, 0xf9, 0x8, 0xe6,
    0x0, 0x0, 0x1, 0xcf, 0xf6, 0xe, 0xff, 0xfc,
    0xa9, 0xbf, 0xff, 0xe0, 0x7, 0xff, 0xff, 0xff,
    0xff, 0xfd, 0x20, 0x0, 0x6, 0xad, 0xff, 0xeb,
    0x60, 0x0,

    /* U+0161 "š" */
    0x2, 0xef, 0x60, 0xa, 0xfb, 0x0, 0x0, 0x3f,
    0xf9, 0xcf, 0xc0, 0x0, 0x0, 0x4, 0xff, 0xfd,
    0x10, 0x0, 0x0, 0x0, 0x35, 0x51, 0x0, 0x0,
    0x0, 0x0, 0x0, 0x0, 0x0, 0x0, 0x0, 0x18,
    0xdf, 0xfe, 0xb7, 0x10, 0x3, 0xef, 0xff, 0xff,
    0xff, 0xa0, 0xc, 0xff, 0xc8, 0x79, 0xcf, 0x20,
    0x1f, 0xfc, 0x0, 0x0, 0x2, 0x0, 0x1f, 0xfd,
    0x20, 0x0, 0x0, 0x0, 0xd, 0xff, 0xfc, 0x96,
    0x20, 0x0, 0x2, 0xcf, 0xff, 0xff, 0xfc, 0x20,
    0x0, 0x3, 0x7b, 0xdf, 0xff, 0xd0, 0x0, 0x0,
    0x0, 0x2, 0xdf, 0xf2, 0x5, 0x30, 0x0, 0x0,
    0xbf, 0xf2, 0xe, 0xfd, 0x97, 0x8b, 0xff, 0xe0,
    0x4f, 0xff, 0xff, 0xff, 0xff, 0x30, 0x2, 0x8c,
    0xef, 0xfd, 0x81, 0x0,

    /* U+0162 "Ţ" */
    0xef, 0xff, 0xff, 0xff, 0xff, 0xff, 0xfc, 0xef,
    0xff, 0xff, 0xff, 0xff, 0xff, 0xfc, 0x9a, 0xaa,
    0xad, 0xff, 0xca, 0xaa, 0xa7, 0x0, 0x0, 0x9,
    0xff, 0x60, 0x0, 0x0, 0x0, 0x0, 0x9, 0xff,
    0x60, 0x0, 0x0, 0x0, 0x0, 0x9, 0xff, 0x60,
    0x0, 0x0, 0x0, 0x0, 0x9, 0xff, 0x60, 0x0,
    0x0, 0x0, 0x0, 0x9, 0xff, 0x60, 0x0, 0x0,
    0x0, 0x0, 0x9, 0xff, 0x60, 0x0, 0x0, 0x0,
    0x0, 0x9, 0xff, 0x60, 0x0, 0x0, 0x0, 0x0,
    0x9, 0xff, 0x60, 0x0, 0x0, 0x0, 0x0, 0x9,
    0xff, 0x60, 0x0, 0x0, 0x0, 0x0, 0x9, 0xff,
    0x60, 0x0, 0x0, 0x0, 0x0, 0x9, 0xff, 0x60,
    0x0, 0x0, 0x0, 0x0, 0x9, 0xff, 0x60, 0x0,
    0x0, 0x0, 0x0, 0x9, 0xff, 0x60, 0x0, 0x0,
    0x0, 0x0, 0x9, 0xff, 0x60, 0x0, 0x0, 0x0,
    0x0, 0x0, 0xf8, 0x0, 0x0, 0x0, 0x0, 0x0,
    0x4, 0xfd, 0x60, 0x0, 0x0, 0x0, 0x0, 0x2,
    0x5d, 0xf3, 0x0, 0x0, 0x0, 0x0, 0x21, 0xb,
    0xf5, 0x0, 0x0, 0x0, 0x0, 0xaf, 0xff, 0xd0,
    0x0, 0x0, 0x0, 0x0, 0x27, 0x75, 0x0, 0x0,
    0x0,

    /* U+0163 "ţ" */
    0x0, 0xbf, 0xf2, 0x0, 0x0, 0x0, 0xbf, 0xf2,
    0x0, 0x0, 0x0, 0xbf, 0xf2, 0x0, 0x0, 0xcf,
    0xff, 0xff, 0xff, 0x70, 0xcf, 0xff, 0xff, 0xff,
    0x70, 0x46, 0xff, 0xf9, 0x66, 0x20, 0x0, 0xbf,
    0xf2, 0x0, 0x0, 0x0, 0xbf, 0xf2, 0x0, 0x0,
    0x0, 0xbf, 0xf2, 0x0, 0x0, 0x0, 0xbf, 0xf2,
    0x0, 0x0, 0x0, 0xbf, 0xf2, 0x0, 0x0, 0x0,
    0xbf, 0xf2, 0x0, 0x0, 0x0, 0xaf, 0xf5, 0x0,
    0x0, 0x0, 0x6f, 0xff, 0x89, 0x90, 0x0, 0xd,
    0xff, 0xff, 0xf1, 0x0, 0x1, 0x9f, 0xfd, 0x80,
    0x0, 0x0, 0x1f, 0x70, 0x0, 0x0, 0x0, 0x5f,
    0xe7, 0x0, 0x0, 0x0, 0x14, 0xdf, 0x30, 0x0,
    0x2, 0x10, 0xbf, 0x40, 0x0, 0xa, 0xff, 0xfc,
    0x0, 0x0, 0x2, 0x77, 0x50, 0x0,

    /* U+0164 "Ť" */
    0x0, 0x28, 0x71, 0x0, 0x28, 0x70, 0x0, 0x0,
    0x9, 0xfe, 0x35, 0xff, 0x60, 0x0, 0x0, 0x0,
    0xbf, 0xff, 0xf8, 0x0, 0x0, 0x0, 0x0, 0xc,
    0xff, 0xa0, 0x0, 0x0, 0x0, 0x0, 0x0, 0x0,
    0x0, 0x0, 0x0, 0xef, 0xff, 0xff, 0xff, 0xff,
    0xff, 0xfc, 0xef, 0xff, 0xff, 0xff, 0xff, 0xff,
    0xfc, 0x9a, 0xaa, 0xad, 0xff, 0xca, 0xaa, 0xa7,
    0x0, 0x0, 0x9, 0xff, 0x60, 0x0, 0x0, 0x0,
    0x0, 0x9, 0xff, 0x60, 0x0, 0x0, 0x0, 0x0,
    0x9, 0xff, 0x60, 0x0, 0x0, 0x0, 0x0, 0x9,
    0xff, 0x60, 0x0, 0x0, 0x0, 0x0, 0x9, 0xff,
    0x60, 0x0, 0x0, 0x0, 0x0, 0x9, 0xff, 0x60,
    0x0, 0x0, 0x0, 0x0, 0x9, 0xff, 0x60, 0x0,
    0x0, 0x0, 0x0, 0x9, 0xff, 0x60, 0x0, 0x0,
    0x0, 0x0, 0x9, 0xff, 0x60, 0x0, 0x0, 0x0,
    0x0, 0x9, 0xff, 0x60, 0x0, 0x0, 0x0, 0x0,
    0x9, 0xff, 0x60, 0x0, 0x0, 0x0, 0x0, 0x9,
    0xff, 0x60, 0x0, 0x0, 0x0, 0x0, 0x9, 0xff,
    0x60, 0x0, 0x0, 0x0, 0x0, 0x9, 0xff, 0x60,
    0x0, 0x0,

    /* U+0165 "ť" */
    0x0, 0x0, 0x0, 0x2f, 0xf0, 0x0, 0x0, 0x0,
    0x2f, 0xe0, 0x0, 0x12, 0x20, 0x2f, 0xd0, 0x0,
    0xbf, 0xf2, 0x2f, 0xc0, 0x0, 0xbf, 0xf2, 0x3,
    0x20, 0x0, 0xbf, 0xf2, 0x0, 0x0, 0xcf, 0xff,
    0xff, 0xff, 0x70, 0xcf, 0xff, 0xff, 0xff, 0x70,
    0x46, 0xff, 0xf9, 0x66, 0x20, 0x0, 0xbf, 0xf2,
    0x0, 0x0, 0x0, 0xbf, 0xf2, 0x0, 0x0, 0x0,
    0xbf, 0xf2, 0x0, 0x0, 0x0, 0xbf, 0xf2, 0x0,
    0x0, 0x0, 0xbf, 0xf2, 0x0, 0x0, 0x0, 0xbf,
    0xf2, 0x0, 0x0, 0x0, 0xaf, 0xf5, 0x0, 0x0,
    0x0, 0x6f, 0xff, 0x89, 0x90, 0x0, 0xd, 0xff,
    0xff, 0xf1, 0x0, 0x1, 0x9e, 0xfd, 0x80,

    /* U+0166 "Ŧ" */
    0xef, 0xff, 0xff, 0xff, 0xff, 0xff, 0xfc, 0xef,
    0xff, 0xff, 0xff, 0xff, 0xff, 0xfc, 0x9a, 0xaa,
    0xad, 0xff, 0xca, 0xaa, 0xa7, 0x0, 0x0, 0x9,
    0xff, 0x60, 0x0, 0x0, 0x0, 0x0, 0x9, 0xff,
    0x60, 0x0, 0x0, 0x0, 0x0, 0x9, 0xff, 0x60,
    0x0, 0x0, 0x0, 0x0, 0x9, 0xff, 0x60, 0x0,
    0x0, 0x0, 0xef, 0xff, 0xff, 0xff, 0xfb, 0x0,
    0x0, 0xef, 0xff, 0xff, 0xff, 0xfb, 0x0, 0x0,
    0x45, 0x5e, 0xff, 0xb5, 0x53, 0x0, 0x0, 0x0,
    0x9, 0xff, 0x60, 0x0, 0x0, 0x0, 0x0, 0x9,
    0xff, 0x60, 0x0, 0x0, 0x0, 0x0, 0x9, 0xff,
    0x60, 0x0, 0x0, 0x0, 0x0, 0x9, 0xff, 0x60,
    0x0, 0x0, 0x0, 0x0, 0x9, 0xff, 0x60, 0x0,
    0x0, 0x0, 0x0, 0x9, 0xff, 0x60, 0x0, 0x0,
    0x0, 0x0, 0x9, 0xff, 0x60, 0x0, 0x0,

    /* U+0167 "ŧ" */
    0x0, 0xaf, 0xf3, 0x0, 0x0, 0x0, 0xaf, 0xf3,
    0x0, 0x0, 0x0, 0xaf, 0xf3, 0x0, 0x0, 0xaf,
    0xff, 0xff, 0xff, 0x80, 0xaf, 0xff, 0xff, 0xff,
    0x80, 0x46, 0xff, 0xfa, 0x66, 0x30, 0x0, 0xaf,
    0xf3, 0x0, 0x0, 0x0, 0xaf, 0xf3, 0x0, 0x0,
    0xaf, 0xff, 0xff, 0xf8, 0x0, 0xaf, 0xff, 0xff,
    0xf8, 0x0, 0x0, 0xaf, 0xf3, 0x0, 0x0, 0x0,
    0xaf, 0xf3, 0x0, 0x0, 0x0, 0x9f, 0xf6, 0x0,
    0x0, 0x0, 0x5f, 0xff, 0x99, 0xa0, 0x0, 0xd,
    0xff, 0xff, 0xf1, 0x0, 0x1, 0x9e, 0xfd, 0x91,

    /* U+0168 "Ũ" */
    0x0, 0x1, 0xbd, 0x80, 0x2, 0xe6, 0x0, 0x0,
    0x0, 0xbf, 0xff, 0xb1, 0x8f, 0x40, 0x0, 0x0,
    0x2f, 0xc1, 0x8f, 0xff, 0xe0, 0x0, 0x0, 0x3,
    0xe5, 0x0, 0x5d, 0xc3, 0x0, 0x0, 0x0, 0x0,
    0x0, 0x0, 0x0, 0x0, 0x0, 0xf, 0xff, 0x0,
    0x0, 0x0, 0x0, 0xdf, 0xf2, 0xff, 0xf0, 0x0,
    0x0, 0x0, 0xd, 0xff, 0x2f, 0xff, 0x0, 0x0,
    0x0, 0x0, 0xdf, 0xf2, 0xff, 0xf0, 0x0, 0x0,
    0x0, 0xd, 0xff, 0x2f, 0xff, 0x0, 0x0, 0x0,
    0x0, 0xdf, 0xf2, 0xff, 0xf0, 0x0, 0x0, 0x0,
    0xd, 0xff, 0x2f, 0xff, 0x0, 0x0, 0x0, 0x0,
    0xdf, 0xf2, 0xff, 0xf0, 0x0, 0x0, 0x0, 0xd,
    0xff, 0x2f, 0xff, 0x0, 0x0, 0x0, 0x0, 0xdf,
    0xf2, 0xff, 0xf0, 0x0, 0x0, 0x0, 0xd, 0xff,
    0x1e, 0xff, 0x10, 0x0, 0x0, 0x0, 0xef, 0xf0,
    0xcf, 0xf4, 0x0, 0x0, 0x0, 0x1f, 0xfe, 0x8,
    0xff, 0xb0, 0x0, 0x0, 0x8, 0xff, 0xb0, 0x2f,
    0xff, 0x80, 0x0, 0x6, 0xff, 0xf4, 0x0, 0x8f,
    0xff, 0xfc, 0xce, 0xff, 0xfa, 0x0, 0x0, 0x9f,
    0xff, 0xff, 0xff, 0xfa, 0x0, 0x0, 0x0, 0x39,
    0xdf, 0xfe, 0xa4, 0x0, 0x0,

    /* U+0169 "ũ" */
    0x0, 0x5, 0xee, 0xa3, 0x1d, 0xd0, 0x0, 0x1,
    0xff, 0xdf, 0xff, 0xf8, 0x0, 0x0, 0x3c, 0x40,
    0x3a, 0xb7, 0x0, 0x0, 0x0, 0x0, 0x0, 0x0,
    0x0, 0x0, 0x0, 0x0, 0x0, 0x0, 0x0, 0x0,
    0x3, 0xff, 0xa0, 0x0, 0x0, 0x1f, 0xfc, 0x3f,
    0xfa, 0x0, 0x0, 0x1, 0xff, 0xc3, 0xff, 0xa0,
    0x0, 0x0, 0x1f, 0xfc, 0x3f, 0xfa, 0x0, 0x0,
    0x1, 0xff, 0xc3, 0xff, 0xa0, 0x0, 0x0, 0x1f,
    0xfc, 0x3f, 0xfa, 0x0, 0x0, 0x1, 0xff, 0xc3,
    0xff, 0xa0, 0x0, 0x0, 0x1f, 0xfc, 0x2f, 0xfb,
    0x0, 0x0, 0x3, 0xff, 0xc1, 0xff, 0xe0, 0x0,
    0x0, 0x8f, 0xfc, 0xe, 0xff, 0x80, 0x0, 0x4f,
    0xff, 0xc0, 0x8f, 0xff, 0xdb, 0xcf, 0xff, 0xfc,
    0x0, 0xcf, 0xff, 0xff, 0xfb, 0xff, 0xc0, 0x0,
    0x7c, 0xff, 0xc6, 0xf, 0xfc,

    /* U+016A "Ū" */
    0x0, 0xe, 0xff, 0xff, 0xff, 0xf1, 0x0, 0x0,
    0x0, 0xbc, 0xcc, 0xcc, 0xcc, 0x10, 0x0, 0x0,
    0x0, 0x0, 0x0, 0x0, 0x0, 0x0, 0x0, 0x0,
    0x0, 0x0, 0x0, 0x0, 0x0, 0x0, 0xff, 0xf0,
    0x0, 0x0, 0x0, 0xd, 0xff, 0x2f, 0xff, 0x0,
    0x0, 0x0, 0x0, 0xdf, 0xf2, 0xff, 0xf0, 0x0,
    0x0, 0x0, 0xd, 0xff, 0x2f, 0xff, 0x0, 0x0,
    0x0, 0x0, 0xdf, 0xf2, 0xff, 0xf0, 0x0, 0x0,
    0x0, 0xd, 0xff, 0x2f, 0xff, 0x0, 0x0, 0x0,
    0x0, 0xdf, 0xf2, 0xff, 0xf0, 0x0, 0x0, 0x0,
    0xd, 0xff, 0x2f, 0xff, 0x0, 0x0, 0x0, 0x0,
    0xdf, 0xf2, 0xff, 0xf0, 0x0, 0x0, 0x0, 0xd,
    0xff, 0x2f, 0xff, 0x0, 0x0, 0x0, 0x0, 0xdf,
    0xf1, 0xef, 0xf1, 0x0, 0x0, 0x0, 0xe, 0xff,
    0xc, 0xff, 0x40, 0x0, 0x0, 0x1, 0xff, 0xe0,
    0x8f, 0xfb, 0x0, 0x0, 0x0, 0x8f, 0xfb, 0x2,
    0xff, 0xf8, 0x0, 0x0, 0x6f, 0xff, 0x40, 0x8,
    0xff, 0xff, 0xcc, 0xef, 0xff, 0xa0, 0x0, 0x9,
    0xff, 0xff, 0xff, 0xff, 0xa0, 0x0, 0x0, 0x3,
    0x9d, 0xff, 0xea, 0x40, 0x0, 0x0,

    /* U+016B "ū" */
    0x0, 0x3f, 0xff, 0xff, 0xff, 0xc0, 0x0, 0x2,
    0xcc, 0xcc, 0xcc, 0xc9, 0x0, 0x0, 0x0, 0x0,
    0x0, 0x0, 0x0, 0x0, 0x0, 0x0, 0x0, 0x0,
    0x0, 0x0, 0x3f, 0xfa, 0x0, 0x0, 0x1, 0xff,
    0xc3, 0xff, 0xa0, 0x0, 0x0, 0x1f, 0xfc, 0x3f,
    0xfa, 0x0, 0x0, 0x1, 0xff, 0xc3, 0xff, 0xa0,
    0x0, 0x0, 0x1f, 0xfc, 0x3f, 0xfa, 0x0, 0x0,
    0x1, 0xff, 0xc3, 0xff, 0xa0, 0x0, 0x0, 0x1f,
    0xfc, 0x3f, 0xfa, 0x0, 0x0, 0x1, 0xff, 0xc2,
    0xff, 0xb0, 0x0, 0x0, 0x3f, 0xfc, 0x1f, 0xfe,
    0x0, 0x0, 0x8, 0xff, 0xc0, 0xef, 0xf8, 0x0,
    0x4, 0xff, 0xfc, 0x8, 0xff, 0xfd, 0xbc, 0xff,
    0xff, 0xc0, 0xc, 0xff, 0xff, 0xff, 0xbf, 0xfc,
    0x0, 0x7, 0xcf, 0xfc, 0x60, 0xff, 0xc0,

    /* U+016C "Ŭ" */
    0x0, 0xc, 0xf2, 0x0, 0xe, 0xf0, 0x0, 0x0,
    0x0, 0x8f, 0xb1, 0x18, 0xfb, 0x0, 0x0, 0x0,
    0x0, 0xcf, 0xff, 0xfd, 0x20, 0x0, 0x0, 0x0,
    0x0, 0x58, 0x96, 0x0, 0x0, 0x0, 0x0, 0x0,
    0x0, 0x0, 0x0, 0x0, 0x0, 0xf, 0xff, 0x0,
    0x0, 0x0, 0x0, 0xdf, 0xf2, 0xff, 0xf0, 0x0,
    0x0, 0x0, 0xd, 0xff, 0x2f, 0xff, 0x0, 0x0,
    0x0, 0x0, 0xdf, 0xf2, 0xff, 0xf0, 0x0, 0x0,
    0x0, 0xd, 0xff, 0x2f, 0xff, 0x0, 0x0, 0x0,
    0x0, 0xdf, 0xf2, 0xff, 0xf0, 0x0, 0x0, 0x0,
    0xd, 0xff, 0x2f, 0xff, 0x0, 0x0, 0x0, 0x0,
    0xdf, 0xf2, 0xff, 0xf0, 0x0, 0x0, 0x0, 0xd,
    0xff, 0x2f, 0xff, 0x0, 0x0, 0x0, 0x0, 0xdf,
    0xf2, 0xff, 0xf0, 0x0, 0x0, 0x0, 0xd, 0xff,
    0x1e, 0xff, 0x10, 0x0, 0x0, 0x0, 0xef, 0xf0,
    0xcf, 0xf4, 0x0, 0x0, 0x0, 0x1f, 0xfe, 0x8,
    0xff, 0xb0, 0x0, 0x0, 0x8, 0xff, 0xb0, 0x2f,
    0xff, 0x80, 0x0, 0x6, 0xff, 0xf4, 0x0, 0x8f,
    0xff, 0xfc, 0xce, 0xff, 0xfa, 0x0, 0x0, 0x9f,
    0xff, 0xff, 0xff, 0xfa, 0x0, 0x0, 0x0, 0x39,
    0xdf, 0xfe, 0xa4, 0x0, 0x0,

    /* U+016D "ŭ" */
    0x0, 0x2f, 0xc0, 0x0, 0x3f, 0xa0, 0x0, 0x0,
    0xdf, 0x70, 0x2c, 0xf6, 0x0, 0x0, 0x3, 0xef,
    0xff, 0xfa, 0x0, 0x0, 0x0, 0x1, 0x79, 0x84,
    0x0, 0x0, 0x0, 0x0, 0x0, 0x0, 0x0, 0x0,
    0x3, 0xff, 0xa0, 0x0, 0x0, 0x1f, 0xfc, 0x3f,
    0xfa, 0x0, 0x0, 0x1, 0xff, 0xc3, 0xff, 0xa0,
    0x0, 0x0, 0x1f, 0xfc, 0x3f, 0xfa, 0x0, 0x0,
    0x1, 0xff, 0xc3, 0xff, 0xa0, 0x0, 0x0, 0x1f,
    0xfc, 0x3f, 0xfa, 0x0, 0x0, 0x1, 0xff, 0xc3,
    0xff, 0xa0, 0x0, 0x0, 0x1f, 0xfc, 0x2f, 0xfb,
    0x0, 0x0, 0x3, 0xff, 0xc1, 0xff, 0xe0, 0x0,
    0x0, 0x8f, 0xfc, 0xe, 0xff, 0x80, 0x0, 0x4f,
    0xff, 0xc0, 0x8f, 0xff, 0xdb, 0xcf, 0xff, 0xfc,
    0x0, 0xcf, 0xff, 0xff, 0xfb, 0xff, 0xc0, 0x0,
    0x7c, 0xff, 0xc6, 0xf, 0xfc,

    /* U+016E "Ů" */
    0x0, 0x0, 0x0, 0x0, 0x0, 0x0, 0x0, 0x0,
    0x0, 0x0, 0x5e, 0xf7, 0x0, 0x0, 0x0, 0x0,
    0x0, 0x2f, 0x75, 0xf5, 0x0, 0x0, 0x0, 0x0,
    0x7, 0xc0, 0x9, 0xa0, 0x0, 0x0, 0x0, 0x0,
    0x8a, 0x0, 0x7c, 0x0, 0x0, 0x0, 0x0, 0x6,
    0xd0, 0xb, 0x90, 0x0, 0x0, 0x0, 0x0, 0xe,
    0xba, 0xf2, 0x0, 0x0, 0x0, 0x0, 0x0, 0x19,
    0xa3, 0x0, 0x0, 0x0, 0xff, 0xf0, 0x0, 0x0,
    0x0, 0xd, 0xff, 0x2f, 0xff, 0x0, 0x0, 0x0,
    0x0, 0xdf, 0xf2, 0xff, 0xf0, 0x0, 0x0, 0x0,
    0xd, 0xff, 0x2f, 0xff, 0x0, 0x0, 0x0, 0x0,
    0xdf, 0xf2, 0xff, 0xf0, 0x0, 0x0, 0x0, 0xd,
    0xff, 0x2f, 0xff, 0x0, 0x0, 0x0, 0x0, 0xdf,
    0xf2, 0xff, 0xf0, 0x0, 0x0, 0x0, 0xd, 0xff,
    0x2f, 0xff, 0x0, 0x0, 0x0, 0x0, 0xdf, 0xf2,
    0xff, 0xf0, 0x0, 0x0, 0x0, 0xd, 0xff, 0x2f,
    0xff, 0x0, 0x0, 0x0, 0x0, 0xdf, 0xf1, 0xef,
    0xf1, 0x0, 0x0, 0x0, 0xe, 0xff, 0xc, 0xff,
    0x40, 0x0, 0x0, 0x1, 0xff, 0xe0, 0x8f, 0xfb,
    0x0, 0x0, 0x0, 0x8f, 0xfb, 0x2, 0xff, 0xf8,
    0x0, 0x0, 0x6f, 0xff, 0x40, 0x8, 0xff, 0xff,
    0xcc, 0xef, 0xff, 0xa0, 0x0, 0x9, 0xff, 0xff,
    0xff, 0xff, 0xa0, 0x0, 0x0, 0x3, 0x9d, 0xff,
    0xea, 0x40, 0x0, 0x0,

    /* U+016F "ů" */
    0x0, 0x0, 0x0, 0x0, 0x0, 0x0, 0x0, 0x0,
    0x1, 0xaf, 0xe5, 0x0, 0x0, 0x0, 0x0, 0xac,
    0x47, 0xf2, 0x0, 0x0, 0x0, 0xe, 0x50, 0xd,
    0x60, 0x0, 0x0, 0x0, 0xba, 0x14, 0xf4, 0x0,
    0x0, 0x0, 0x2, 0xdf, 0xf8, 0x0, 0x0, 0x0,
    0x0, 0x0, 0x21, 0x0, 0x0, 0x0, 0x0, 0x0,
    0x0, 0x0, 0x0, 0x0, 0x3f, 0xfa, 0x0, 0x0,
    0x1, 0xff, 0xc3, 0xff, 0xa0, 0x0, 0x0, 0x1f,
    0xfc, 0x3f, 0xfa, 0x0, 0x0, 0x1, 0xff, 0xc3,
    0xff, 0xa0, 0x0, 0x0, 0x1f, 0xfc, 0x3f, 0xfa,
    0x0, 0x0, 0x1, 0xff, 0xc3, 0xff, 0xa0, 0x0,
    0x0, 0x1f, 0xfc, 0x3f, 0xfa, 0x0, 0x0, 0x1,
    0xff, 0xc2, 0xff, 0xb0, 0x0, 0x0, 0x3f, 0xfc,
    0x1f, 0xfe, 0x0, 0x0, 0x8, 0xff, 0xc0, 0xef,
    0xf8, 0x0, 0x4, 0xff, 0xfc, 0x8, 0xff, 0xfd,
    0xbc, 0xff, 0xff, 0xc0, 0xc, 0xff, 0xff, 0xff,
    0xbf, 0xfc, 0x0, 0x7, 0xcf, 0xfc, 0x60, 0xff,
    0xc0,

    /* U+0170 "Ű" */
    0x0, 0x0, 0x9, 0xff, 0x34, 0xff, 0x70, 0x0,
    0x0, 0x2, 0xff, 0x60, 0xdf, 0xb0, 0x0, 0x0,
    0x0, 0xbf, 0xa0, 0x6f, 0xe1, 0x0, 0x0, 0x0,
    0x4, 0x40, 0x3, 0x42, 0x0, 0x0, 0x0, 0x0,
    0x0, 0x0, 0x0, 0x0, 0x0, 0xf, 0xff, 0x0,
    0x0, 0x0, 0x0, 0xdf, 0xf2, 0xff, 0xf0, 0x0,
    0x0, 0x0, 0xd, 0xff, 0x2f, 0xff, 0x0, 0x0,
    0x0, 0x0, 0xdf, 0xf2, 0xff, 0xf0, 0x0, 0x0,
    0x0, 0xd, 0xff, 0x2f, 0xff, 0x0, 0x0, 0x0,
    0x0, 0xdf, 0xf2, 0xff, 0xf0, 0x0, 0x0, 0x0,
    0xd, 0xff, 0x2f, 0xff, 0x0, 0x0, 0x0, 0x0,
    0xdf, 0xf2, 0xff, 0xf0, 0x0, 0x0, 0x0, 0xd,
    0xff, 0x2f, 0xff, 0x0, 0x0, 0x0, 0x0, 0xdf,
    0xf2, 0xff, 0xf0, 0x0, 0x0, 0x0, 0xd, 0xff,
    0x1e, 0xff, 0x10, 0x0, 0x0, 0x0, 0xef, 0xf0,
    0xcf, 0xf4, 0x0, 0x0, 0x0, 0x1f, 0xfe, 0x8,
    0xff, 0xb0, 0x0, 0x0, 0x8, 0xff, 0xb0, 0x2f,
    0xff, 0x80, 0x0, 0x6, 0xff, 0xf4, 0x0, 0x8f,
    0xff, 0xfc, 0xce, 0xff, 0xfa, 0x0, 0x0, 0x9f,
    0xff, 0xff, 0xff, 0xfa, 0x0, 0x0, 0x0, 0x39,
    0xdf, 0xfe, 0xa4, 0x0, 0x0,

    /* U+0171 "ű" */
    0x0, 0x0, 0xe, 0xfc, 0xa, 0xff, 0x20, 0x0,
    0x8, 0xff, 0x23, 0xff, 0x60, 0x0, 0x1, 0xff,
    0x50, 0xbf, 0xa0, 0x0, 0x0, 0x24, 0x40, 0x4,
    0x40, 0x0, 0x0, 0x0, 0x0, 0x0, 0x0, 0x0,
    0x3, 0xff, 0xa0, 0x0, 0x0, 0x1f, 0xfc, 0x3f,
    0xfa, 0x0, 0x0, 0x1, 0xff, 0xc3, 0xff, 0xa0,
    0x0, 0x0, 0x1f, 0xfc, 0x3f, 0xfa, 0x0, 0x0,
    0x1, 0xff, 0xc3, 0xff, 0xa0, 0x0, 0x0, 0x1f,
    0xfc, 0x3f, 0xfa, 0x0, 0x0, 0x1, 0xff, 0xc3,
    0xff, 0xa0, 0x0, 0x0, 0x1f, 0xfc, 0x2f, 0xfb,
    0x0, 0x0, 0x3, 0xff, 0xc1, 0xff, 0xe0, 0x0,
    0x0, 0x8f, 0xfc, 0xe, 0xff, 0x80, 0x0, 0x4f,
    0xff, 0xc0, 0x8f, 0xff, 0xdb, 0xcf, 0xff, 0xfc,
    0x0, 0xcf, 0xff, 0xff, 0xfb, 0xff, 0xc0, 0x0,
    0x7c, 0xff, 0xc6, 0xf, 0xfc,

    /* U+0172 "Ų" */
    0xff, 0xf0, 0x0, 0x0, 0x0, 0xd, 0xff, 0x2f,
    0xff, 0x0, 0x0, 0x0, 0x0, 0xdf, 0xf2, 0xff,
    0xf0, 0x0, 0x0, 0x0, 0xd, 0xff, 0x2f, 0xff,
    0x0, 0x0, 0x0, 0x0, 0xdf, 0xf2, 0xff, 0xf0,
    0x0, 0x0, 0x0, 0xd, 0xff, 0x2f, 0xff, 0x0,
    0x0, 0x0, 0x0, 0xdf, 0xf2, 0xff, 0xf0, 0x0,
    0x0, 0x0, 0xd, 0xff, 0x2f, 0xff, 0x0, 0x0,
    0x0, 0x0, 0xdf, 0xf2, 0xff, 0xf0, 0x0, 0x0,
    0x0, 0xd, 0xff, 0x2f, 0xff, 0x0, 0x0, 0x0,
    0x0, 0xdf, 0xf1, 0xef, 0xf1, 0x0, 0x0, 0x0,
    0xe, 0xff, 0xc, 0xff, 0x40, 0x0, 0x0, 0x1,
    0xff, 0xe0, 0x8f, 0xfb, 0x0, 0x0, 0x0, 0x8f,
    0xfa, 0x2, 0xff, 0xf8, 0x0, 0x0, 0x6f, 0xff,
    0x30, 0x8, 0xff, 0xff, 0xcc, 0xef, 0xff, 0x70,
    0x0, 0x9, 0xff, 0xff, 0xff, 0xff, 0x70, 0x0,
    0x0, 0x3, 0x9d, 0xff, 0xf8, 0x10, 0x0, 0x0,
    0x0, 0x0, 0x6f, 0xa1, 0x0, 0x0, 0x0, 0x0,
    0x0, 0x1f, 0xd0, 0x0, 0x0, 0x0, 0x0, 0x0,
    0x3, 0xfb, 0x0, 0x0, 0x0, 0x0, 0x0, 0x0,
    0x1f, 0xfb, 0xb8, 0x0, 0x0, 0x0, 0x0, 0x0,
    0x4c, 0xfe, 0x80, 0x0, 0x0,

    /* U+0173 "ų" */
    0x3f, 0xfa, 0x0, 0x0, 0x1, 0xff, 0xc0, 0x3f,
    0xfa, 0x0, 0x0, 0x1, 0xff, 0xc0, 0x3f, 0xfa,
    0x0, 0x0, 0x1, 0xff, 0xc0, 0x3f, 0xfa, 0x0,
    0x0, 0x1, 0xff, 0xc0, 0x3f, 0xfa, 0x0, 0x0,
    0x1, 0xff, 0xc0, 0x3f, 0xfa, 0x0, 0x0, 0x1,
    0xff, 0xc0, 0x3f, 0xfa, 0x0, 0x0, 0x1, 0xff,
    0xc0, 0x2f, 0xfb, 0x0, 0x0, 0x3, 0xff, 0xc0,
    0x1f, 0xfe, 0x0, 0x0, 0x8, 0xff, 0xc0, 0xe,
    0xff, 0x80, 0x0, 0x4f, 0xff, 0xc0, 0x8, 0xff,
    0xfd, 0xbc, 0xff, 0xff, 0xc0, 0x0, 0xcf, 0xff,
    0xff, 0xfb, 0xff, 0xc0, 0x0, 0x7, 0xcf, 0xfc,
    0x61, 0xff, 0xf0, 0x0, 0x0, 0x0, 0x0, 0x1d,
    0xf7, 0x0, 0x0, 0x0, 0x0, 0x0, 0x9f, 0x60,
    0x0, 0x0, 0x0, 0x0, 0x0, 0xcf, 0x20, 0x0,
    0x0, 0x0, 0x0, 0x0, 0x9f, 0xea, 0xd0, 0x0,
    0x0, 0x0, 0x0, 0xa, 0xef, 0xc2,

    /* U+0174 "Ŵ" */
    0x0, 0x0, 0x0, 0x0, 0x0, 0x2, 0x88, 0x50,
    0x0, 0x0, 0x0, 0x0, 0x0, 0x0, 0x0, 0x0,
    0x0, 0x0, 0x1e, 0xff, 0xf5, 0x0, 0x0, 0x0,
    0x0, 0x0, 0x0, 0x0, 0x0, 0x0, 0x1, 0xdf,
    0xb6, 0xff, 0x40, 0x0, 0x0, 0x0, 0x0, 0x0,
    0x0, 0x0, 0x0, 0xb, 0xfa, 0x0, 0x5f, 0xf3,
    0x0, 0x0, 0x0, 0x0, 0x0, 0x0, 0x0, 0x0,
    0x0, 0x0, 0x0, 0x0, 0x0, 0x0, 0x0, 0x0,
    0x0, 0x3f, 0xfd, 0x0, 0x0, 0x0, 0x4, 0xff,
    0xc0, 0x0, 0x0, 0x0, 0x5f, 0xf8, 0xe, 0xff,
    0x20, 0x0, 0x0, 0x9, 0xff, 0xf1, 0x0, 0x0,
    0x0, 0xaf, 0xf3, 0x9, 0xff, 0x70, 0x0, 0x0,
    0xe, 0xff, 0xf6, 0x0, 0x0, 0x0, 0xef, 0xe0,
    0x4, 0xff, 0xc0, 0x0, 0x0, 0x3f, 0xff, 0xfb,
    0x0, 0x0, 0x4, 0xff, 0x90, 0x0, 0xff, 0xf1,
    0x0, 0x0, 0x8f, 0xff, 0xff, 0x10, 0x0, 0x9,
    0xff, 0x40, 0x0, 0xaf, 0xf6, 0x0, 0x0, 0xdf,
    0xd7, 0xff, 0x50, 0x0, 0xe, 0xff, 0x0, 0x0,
    0x5f, 0xfb, 0x0, 0x3, 0xff, 0x82, 0xff, 0xa0,
    0x0, 0x3f, 0xfa, 0x0, 0x0, 0xf, 0xff, 0x0,
    0x8, 0xff, 0x30, 0xdf, 0xf0, 0x0, 0x8f, 0xf5,
    0x0, 0x0, 0xb, 0xff, 0x50, 0xd, 0xfe, 0x0,
    0x8f, 0xf4, 0x0, 0xdf, 0xf0, 0x0, 0x0, 0x6,
    0xff, 0xa0, 0x2f, 0xf9, 0x0, 0x3f, 0xf9, 0x2,
    0xff, 0xb0, 0x0, 0x0, 0x1, 0xff, 0xf0, 0x7f,
    0xf3, 0x0, 0xe, 0xfe, 0x7, 0xff, 0x60, 0x0,
    0x0, 0x0, 0xcf, 0xf4, 0xcf, 0xe0, 0x0, 0x8,
    0xff, 0x3c, 0xff, 0x10, 0x0, 0x0, 0x0, 0x7f,
    0xfb, 0xff, 0x90, 0x0, 0x3, 0xff, 0xaf, 0xfc,
    0x0, 0x0, 0x0, 0x0, 0x2f, 0xff, 0xff, 0x40,
    0x0, 0x0, 0xef, 0xff, 0xf7, 0x0, 0x0, 0x0,
    0x0, 0xd, 0xff, 0xfe, 0x0, 0x0, 0x0, 0x9f,
    0xff, 0xf2, 0x0, 0x0, 0x0, 0x0, 0x8, 0xff,
    0xfa, 0x0, 0x0, 0x0, 0x4f, 0xff, 0xd0, 0x0,
    0x0, 0x0, 0x0, 0x3, 0xff, 0xf5, 0x0, 0x0,
    0x0, 0xf, 0xff, 0x80, 0x0, 0x0,

    /* U+0175 "ŵ" */
    0x0, 0x0, 0x0, 0x0, 0x5f, 0xff, 0x50, 0x0,
    0x0, 0x0, 0x0, 0x0, 0x0, 0x0, 0x5, 0xfe,
    0x5e, 0xf5, 0x0, 0x0, 0x0, 0x0, 0x0, 0x0,
    0x0, 0x5f, 0xe2, 0x2, 0xef, 0x50, 0x0, 0x0,
    0x0, 0x0, 0x0, 0x0, 0x1, 0x0, 0x0, 0x1,
    0x0, 0x0, 0x0, 0x0, 0x0, 0x0, 0x0, 0x0,
    0x0, 0x0, 0x0, 0x0, 0x0, 0x0, 0x0, 0xbf,
    0xf0, 0x0, 0x0, 0xb, 0xff, 0x0, 0x0, 0x0,
    0xbf, 0xd0, 0x6f, 0xf5, 0x0, 0x0, 0x1f, 0xff,
    0x50, 0x0, 0x1, 0xff, 0x80, 0x1f, 0xfa, 0x0,
    0x0, 0x7f, 0xff, 0xb0, 0x0, 0x6, 0xff, 0x20,
    0xb, 0xff, 0x0, 0x0, 0xcf, 0xff, 0xf1, 0x0,
    0xb, 0xfd, 0x0, 0x5, 0xff, 0x50, 0x2, 0xff,
    0xaf, 0xf6, 0x0, 0x1f, 0xf7, 0x0, 0x0, 0xff,
    0xa0, 0x8, 0xff, 0x1e, 0xfb, 0x0, 0x6f, 0xf2,
    0x0, 0x0, 0xaf, 0xf0, 0xd, 0xfb, 0x8, 0xff,
    0x10, 0xcf, 0xc0, 0x0, 0x0, 0x5f, 0xf5, 0x3f,
    0xf5, 0x3, 0xff, 0x61, 0xff, 0x60, 0x0, 0x0,
    0xf, 0xfa, 0x9f, 0xf0, 0x0, 0xdf, 0xc7, 0xff,
    0x10, 0x0, 0x0, 0x9, 0xff, 0xff, 0x90, 0x0,
    0x7f, 0xfe, 0xfb, 0x0, 0x0, 0x0, 0x4, 0xff,
    0xff, 0x40, 0x0, 0x2f, 0xff, 0xf6, 0x0, 0x0,
    0x0, 0x0, 0xef, 0xfe, 0x0, 0x0, 0xc, 0xff,
    0xf1, 0x0, 0x0, 0x0, 0x0, 0x9f, 0xf8, 0x0,
    0x0, 0x6, 0xff, 0xb0, 0x0, 0x0,

    /* U+0176 "Ŷ" */
    0x0, 0x0, 0x0, 0x7, 0x88, 0x10, 0x0, 0x0,
    0x0, 0x0, 0x0, 0xa, 0xff, 0xfd, 0x10, 0x0,
    0x0, 0x0, 0x0, 0xa, 0xfd, 0x2b, 0xfc, 0x10,
    0x0, 0x0, 0x0, 0x4, 0xa9, 0x0, 0x7, 0xa7,
    0x0, 0x0, 0x0, 0x0, 0x0, 0x0, 0x0, 0x0,
    0x0, 0x0, 0x0, 0xef, 0xf4, 0x0, 0x0, 0x0,
    0x0, 0xcf, 0xf2, 0x5, 0xff, 0xd0, 0x0, 0x0,
    0x0, 0x6f, 0xf8, 0x0, 0xc, 0xff, 0x60, 0x0,
    0x0, 0xe, 0xfe, 0x0, 0x0, 0x3f, 0xfe, 0x0,
    0x0, 0x8, 0xff, 0x60, 0x0, 0x0, 0xaf, 0xf8,
    0x0, 0x2, 0xff, 0xd0, 0x0, 0x0, 0x1, 0xff,
    0xf2, 0x0, 0xaf, 0xf4, 0x0, 0x0, 0x0, 0x8,
    0xff, 0xa0, 0x3f, 0xfb, 0x0, 0x0, 0x0, 0x0,
    0xe, 0xff, 0x4c, 0xff, 0x20, 0x0, 0x0, 0x0,
    0x0, 0x5f, 0xff, 0xff, 0x80, 0x0, 0x0, 0x0,
    0x0, 0x0, 0xcf, 0xff, 0xe1, 0x0, 0x0, 0x0,
    0x0, 0x0, 0x3, 0xff, 0xf7, 0x0, 0x0, 0x0,
    0x0, 0x0, 0x0, 0xf, 0xff, 0x20, 0x0, 0x0,
    0x0, 0x0, 0x0, 0x0, 0xef, 0xf1, 0x0, 0x0,
    0x0, 0x0, 0x0, 0x0, 0xe, 0xff, 0x10, 0x0,
    0x0, 0x0, 0x0, 0x0, 0x0, 0xef, 0xf1, 0x0,
    0x0, 0x0, 0x0, 0x0, 0x0, 0xe, 0xff, 0x10,
    0x0, 0x0, 0x0, 0x0, 0x0, 0x0, 0xef, 0xf1,
    0x0, 0x0, 0x0,

    /* U+0177 "ŷ" */
    0x0, 0x0, 0x7, 0xff, 0xf3, 0x0, 0x0, 0x0,
    0x0, 0x7, 0xfd, 0x5f, 0xf3, 0x0, 0x0, 0x0,
    0x7, 0xfd, 0x10, 0x3f, 0xf3, 0x0, 0x0, 0x0,
    0x1, 0x0, 0x0, 0x1, 0x0, 0x0, 0x0, 0x0,
    0x0, 0x0, 0x0, 0x0, 0x0, 0x0, 0xef, 0xf1,
    0x0, 0x0, 0x0, 0x9f, 0xf2, 0x7, 0xff, 0x70,
    0x0, 0x0, 0xe, 0xfc, 0x0, 0x1f, 0xfd, 0x0,
    0x0, 0x6, 0xff, 0x50, 0x0, 0xaf, 0xf4, 0x0,
    0x0, 0xcf, 0xe0, 0x0, 0x4, 0xff, 0xa0, 0x0,
    0x2f, 0xf8, 0x0, 0x0, 0xd, 0xff, 0x10, 0x9,
    0xff, 0x20, 0x0, 0x0, 0x7f, 0xf7, 0x0, 0xff,
    0xb0, 0x0, 0x0, 0x1, 0xff, 0xd0, 0x6f, 0xf5,
    0x0, 0x0, 0x0, 0xa, 0xff, 0x4c, 0xfe, 0x0,
    0x0, 0x0, 0x0, 0x3f, 0xfd, 0xff, 0x80, 0x0,
    0x0, 0x0, 0x0, 0xdf, 0xff, 0xf1, 0x0, 0x0,
    0x0, 0x0, 0x6, 0xff, 0xfb, 0x0, 0x0, 0x0,
    0x0, 0x0, 0xf, 0xff, 0x40, 0x0, 0x0, 0x0,
    0x0, 0x0, 0xff, 0xe0, 0x0, 0x0, 0x0, 0x20,
    0x0, 0x6f, 0xf7, 0x0, 0x0, 0x0, 0xb, 0xe9,
    0xaf, 0xfe, 0x0, 0x0, 0x0, 0x3, 0xff, 0xff,
    0xff, 0x40, 0x0, 0x0, 0x0, 0x6, 0xcf, 0xfb,
    0x30, 0x0, 0x0, 0x0, 0x0,

    /* U+0178 "Ÿ" */
    0x0, 0x0, 0x9, 0xf5, 0x3, 0xec, 0x0, 0x0,
    0x0, 0x0, 0x0, 0xff, 0xb0, 0x7f, 0xf2, 0x0,
    0x0, 0x0, 0x0, 0x8, 0xd5, 0x2, 0xdb, 0x0,
    0x0, 0x0, 0x0, 0x0, 0x0, 0x0, 0x0, 0x0,
    0x0, 0x0, 0xe, 0xff, 0x40, 0x0, 0x0, 0x0,
    0xc, 0xff, 0x20, 0x5f, 0xfd, 0x0, 0x0, 0x0,
    0x6, 0xff, 0x80, 0x0, 0xcf, 0xf6, 0x0, 0x0,
    0x0, 0xef, 0xe0, 0x0, 0x3, 0xff, 0xe1, 0x0,
    0x0, 0x8f, 0xf6, 0x0, 0x0, 0xa, 0xff, 0x80,
    0x0, 0x2f, 0xfd, 0x0, 0x0, 0x0, 0x1f, 0xff,
    0x20, 0xb, 0xff, 0x40, 0x0, 0x0, 0x0, 0x7f,
    0xfb, 0x4, 0xff, 0xb0, 0x0, 0x0, 0x0, 0x0,
    0xef, 0xf4, 0xdf, 0xf2, 0x0, 0x0, 0x0, 0x0,
    0x5, 0xff, 0xff, 0xf8, 0x0, 0x0, 0x0, 0x0,
    0x0, 0xc, 0xff, 0xfe, 0x0, 0x0, 0x0, 0x0,
    0x0, 0x0, 0x3f, 0xff, 0x70, 0x0, 0x0, 0x0,
    0x0, 0x0, 0x0, 0xff, 0xf1, 0x0, 0x0, 0x0,
    0x0, 0x0, 0x0, 0xe, 0xff, 0x10, 0x0, 0x0,
    0x0, 0x0, 0x0, 0x0, 0xef, 0xf1, 0x0, 0x0,
    0x0, 0x0, 0x0, 0x0, 0xe, 0xff, 0x10, 0x0,
    0x0, 0x0, 0x0, 0x0, 0x0, 0xef, 0xf1, 0x0,
    0x0, 0x0, 0x0, 0x0, 0x0, 0xe, 0xff, 0x10,
    0x0, 0x0, 0x0,

    /* U+0179 "Ź" */
    0x0, 0x0, 0x0, 0x0, 0x18, 0x87, 0x0, 0x0,
    0x0, 0x0, 0x0, 0xd, 0xff, 0x40, 0x0, 0x0,
    0x0, 0x0, 0xb, 0xfe, 0x30, 0x0, 0x0, 0x0,
    0x0, 0xa, 0xfd, 0x10, 0x0, 0x0, 0x0, 0x0,
    0x0, 0x0, 0x0, 0x0, 0x0, 0x0, 0xef, 0xff,
    0xff, 0xff, 0xff, 0xff, 0xf6, 0xe, 0xff, 0xff,
    0xff, 0xff, 0xff, 0xff, 0x60, 0x9a, 0xaa, 0xaa,
    0xaa, 0xaf, 0xff, 0xe2, 0x0, 0x0, 0x0, 0x0,
    0x3, 0xff, 0xf4, 0x0, 0x0, 0x0, 0x0, 0x1,
    0xef, 0xf8, 0x0, 0x0, 0x0, 0x0, 0x0, 0xcf,
    0xfb, 0x0, 0x0, 0x0, 0x0, 0x0, 0x8f, 0xfe,
    0x10, 0x0, 0x0, 0x0, 0x0, 0x5f, 0xff, 0x30,
    0x0, 0x0, 0x0, 0x0, 0x2f, 0xff, 0x60, 0x0,
    0x0, 0x0, 0x0, 0xd, 0xff, 0xa0, 0x0, 0x0,
    0x0, 0x0, 0xa, 0xff, 0xd0, 0x0, 0x0, 0x0,
    0x0, 0x6, 0xff, 0xf2, 0x0, 0x0, 0x0, 0x0,
    0x3, 0xff, 0xf5, 0x0, 0x0, 0x0, 0x0, 0x1,
    0xef, 0xf8, 0x0, 0x0, 0x0, 0x0, 0x0, 0xbf,
    0xff, 0xaa, 0xaa, 0xaa, 0xaa, 0xa6, 0x1f, 0xff,
    0xff, 0xff, 0xff, 0xff, 0xff, 0xa1, 0xff, 0xff,
    0xff, 0xff, 0xff, 0xff, 0xfa,

    /* U+017A "ź" */
    0x0, 0x0, 0x0, 0x3f, 0xfe, 0x30, 0x0, 0x0,
    0x2, 0xef, 0xc1, 0x0, 0x0, 0x0, 0x2e, 0xfa,
    0x0, 0x0, 0x0, 0x0, 0x24, 0x30, 0x0, 0x0,
    0x0, 0x0, 0x0, 0x0, 0x0, 0x0, 0xf, 0xff,
    0xff, 0xff, 0xff, 0xf4, 0xf, 0xff, 0xff, 0xff,
    0xff, 0xf4, 0x6, 0x66, 0x66, 0x6d, 0xff, 0xc0,
    0x0, 0x0, 0x0, 0x3f, 0xfe, 0x10, 0x0, 0x0,
    0x1, 0xef, 0xf4, 0x0, 0x0, 0x0, 0xc, 0xff,
    0x70, 0x0, 0x0, 0x0, 0x8f, 0xfa, 0x0, 0x0,
    0x0, 0x5, 0xff, 0xd0, 0x0, 0x0, 0x0, 0x2f,
    0xff, 0x20, 0x0, 0x0, 0x0, 0xdf, 0xf5, 0x0,
    0x0, 0x0, 0xa, 0xff, 0xf6, 0x66, 0x66, 0x63,
    0x1f, 0xff, 0xff, 0xff, 0xff, 0xf7, 0x2f, 0xff,
    0xff, 0xff, 0xff, 0xf7,

    /* U+017B "Ż" */
    0x0, 0x0, 0x0, 0x5e, 0xc1, 0x0, 0x0, 0x0,
    0x0, 0x0, 0xc, 0xff, 0x60, 0x0, 0x0, 0x0,
    0x0, 0x0, 0x9f, 0xf3, 0x0, 0x0, 0x0, 0x0,
    0x0, 0x0, 0x53, 0x0, 0x0, 0x0, 0x0, 0x0,
    0x0, 0x0, 0x0, 0x0, 0x0, 0x0, 0xef, 0xff,
    0xff, 0xff, 0xff, 0xff, 0xf6, 0xe, 0xff, 0xff,
    0xff, 0xff, 0xff, 0xff, 0x60, 0x9a, 0xaa, 0xaa,
    0xaa, 0xaf, 0xff, 0xe2, 0x0, 0x0, 0x0, 0x0,
    0x3, 0xff, 0xf4, 0x0, 0x0, 0x0, 0x0, 0x1,
    0xef, 0xf8, 0x0, 0x0, 0x0, 0x0, 0x0, 0xcf,
    0xfb, 0x0, 0x0, 0x0, 0x0, 0x0, 0x8f, 0xfe,
    0x10, 0x0, 0x0, 0x0, 0x0, 0x5f, 0xff, 0x30,
    0x0, 0x0, 0x0, 0x0, 0x2f, 0xff, 0x60, 0x0,
    0x0, 0x0, 0x0, 0xd, 0xff, 0xa0, 0x0, 0x0,
    0x0, 0x0, 0xa, 0xff, 0xd0, 0x0, 0x0, 0x0,
    0x0, 0x6, 0xff, 0xf2, 0x0, 0x0, 0x0, 0x0,
    0x3, 0xff, 0xf5, 0x0, 0x0, 0x0, 0x0, 0x1,
    0xef, 0xf8, 0x0, 0x0, 0x0, 0x0, 0x0, 0xbf,
    0xff, 0xaa, 0xaa, 0xaa, 0xaa, 0xa6, 0x1f, 0xff,
    0xff, 0xff, 0xff, 0xff, 0xff, 0xa1, 0xff, 0xff,
    0xff, 0xff, 0xff, 0xff, 0xfa,

    /* U+017C "ż" */
    0x0, 0x0, 0x4, 0x60, 0x0, 0x0, 0x0, 0x0,
    0x4f, 0xf9, 0x0, 0x0, 0x0, 0x0, 0x6f, 0xfb,
    0x0, 0x0, 0x0, 0x0, 0x1b, 0xd3, 0x0, 0x0,
    0x0, 0x0, 0x0, 0x0, 0x0, 0x0, 0x0, 0x0,
    0x0, 0x0, 0x0, 0x0, 0xf, 0xff, 0xff, 0xff,
    0xff, 0xf4, 0xf, 0xff, 0xff, 0xff, 0xff, 0xf4,
    0x6, 0x66, 0x66, 0x6d, 0xff, 0xc0, 0x0, 0x0,
    0x0, 0x3f, 0xfe, 0x10, 0x0, 0x0, 0x1, 0xef,
    0xf4, 0x0, 0x0, 0x0, 0xc, 0xff, 0x70, 0x0,
    0x0, 0x0, 0x8f, 0xfa, 0x0, 0x0, 0x0, 0x5,
    0xff, 0xd0, 0x0, 0x0, 0x0, 0x2f, 0xff, 0x20,
    0x0, 0x0, 0x0, 0xdf, 0xf5, 0x0, 0x0, 0x0,
    0xa, 0xff, 0xf6, 0x66, 0x66, 0x63, 0x1f, 0xff,
    0xff, 0xff, 0xff, 0xf7, 0x2f, 0xff, 0xff, 0xff,
    0xff, 0xf7,

    /* U+017D "Ž" */
    0x0, 0x2, 0x87, 0x10, 0x3, 0x87, 0x0, 0x0,
    0x0, 0xa, 0xfd, 0x26, 0xff, 0x50, 0x0, 0x0,
    0x0, 0xc, 0xff, 0xff, 0x70, 0x0, 0x0, 0x0,
    0x0, 0x1d, 0xff, 0x90, 0x0, 0x0, 0x0, 0x0,
    0x0, 0x0, 0x0, 0x0, 0x0, 0x0, 0xef, 0xff,
    0xff, 0xff, 0xff, 0xff, 0xf6, 0xe, 0xff, 0xff,
    0xff, 0xff, 0xff, 0xff, 0x60, 0x9a, 0xaa, 0xaa,
    0xaa, 0xaf, 0xff, 0xe2, 0x0, 0x0, 0x0, 0x0,
    0x3, 0xff, 0xf4, 0x0, 0x0, 0x0, 0x0, 0x1,
    0xef, 0xf8, 0x0, 0x0, 0x0, 0x0, 0x0, 0xcf,
    0xfb, 0x0, 0x0, 0x0, 0x0, 0x0, 0x8f, 0xfe,
    0x10, 0x0, 0x0, 0x0, 0x0, 0x5f, 0xff, 0x30,
    0x0, 0x0, 0x0, 0x0, 0x2f, 0xff, 0x60, 0x0,
    0x0, 0x0, 0x0, 0xd, 0xff, 0xa0, 0x0, 0x0,
    0x0, 0x0, 0xa, 0xff, 0xd0, 0x0, 0x0, 0x0,
    0x0, 0x6, 0xff, 0xf2, 0x0, 0x0, 0x0, 0x0,
    0x3, 0xff, 0xf5, 0x0, 0x0, 0x0, 0x0, 0x1,
    0xef, 0xf8, 0x0, 0x0, 0x0, 0x0, 0x0, 0xbf,
    0xff, 0xaa, 0xaa, 0xaa, 0xaa, 0xa6, 0x1f, 0xff,
    0xff, 0xff, 0xff, 0xff, 0xff, 0xa1, 0xff, 0xff,
    0xff, 0xff, 0xff, 0xff, 0xfa,

    /* U+017E "ž" */
    0x0, 0xbf, 0xa0, 0x6, 0xfe, 0x20, 0x0, 0xc,
    0xfc, 0xaf, 0xf3, 0x0, 0x0, 0x0, 0xcf, 0xff,
    0x30, 0x0, 0x0, 0x0, 0x14, 0x42, 0x0, 0x0,
    0x0, 0x0, 0x0, 0x0, 0x0, 0x0, 0xf, 0xff,
    0xff, 0xff, 0xff, 0xf4, 0xf, 0xff, 0xff, 0xff,
    0xff, 0xf4, 0x6, 0x66, 0x66, 0x6d, 0xff, 0xc0,
    0x0, 0x0, 0x0, 0x3f, 0xfe, 0x10, 0x0, 0x0,
    0x1, 0xef, 0xf4, 0x0, 0x0, 0x0, 0xc, 0xff,
    0x70, 0x0, 0x0, 0x0, 0x8f, 0xfa, 0x0, 0x0,
    0x0, 0x5, 0xff, 0xd0, 0x0, 0x0, 0x0, 0x2f,
    0xff, 0x20, 0x0, 0x0, 0x0, 0xdf, 0xf5, 0x0,
    0x0, 0x0, 0xa, 0xff, 0xf6, 0x66, 0x66, 0x63,
    0x1f, 0xff, 0xff, 0xff, 0xff, 0xf7, 0x2f, 0xff,
    0xff, 0xff, 0xff, 0xf7,

    /* U+017F "ſ" */
    0x0, 0x0, 0x6d, 0xfe, 0xb3, 0x0, 0x8, 0xff,
    0xff, 0xf3, 0x0, 0x2f, 0xff, 0x97, 0xa0, 0x0,
    0x6f, 0xf9, 0x0, 0x0, 0x0, 0x7f, 0xf6, 0x0,
    0x0, 0x8f, 0xff, 0xf6, 0x0, 0x0, 0x8f, 0xff,
    0xf6, 0x0, 0x0, 0x36, 0xef, 0xf6, 0x0, 0x0,
    0x0, 0x8f, 0xf6, 0x0, 0x0, 0x0, 0x8f, 0xf6,
    0x0, 0x0, 0x0, 0x8f, 0xf6, 0x0, 0x0, 0x0,
    0x8f, 0xf6, 0x0, 0x0, 0x0, 0x8f, 0xf6, 0x0,
    0x0, 0x0, 0x8f, 0xf6, 0x0, 0x0, 0x0, 0x8f,
    0xf6, 0x0, 0x0, 0x0, 0x8f, 0xf6, 0x0, 0x0,
    0x0, 0x8f, 0xf6, 0x0, 0x0, 0x0, 0x8f, 0xf6,
    0x0, 0x0,

    /* U+0180 "ƀ" */
    0x0, 0xdf, 0xf1, 0x0, 0x0, 0x0, 0x0, 0x0,
    0x0, 0xdf, 0xf1, 0x0, 0x0, 0x0, 0x0, 0x0,
    0xef, 0xff, 0xff, 0xff, 0xf0, 0x0, 0x0, 0x0,
    0xdf, 0xff, 0xff, 0xff, 0xf0, 0x0, 0x0, 0x0,
    0x0, 0xdf, 0xf1, 0x0, 0x0, 0x0, 0x0, 0x0,
    0x0, 0xdf, 0xf1, 0x6c, 0xff, 0xc7, 0x10, 0x0,
    0x0, 0xdf, 0xfc, 0xff, 0xff, 0xff, 0xd2, 0x0,
    0x0, 0xdf, 0xff, 0xfc, 0x9a, 0xff, 0xfe, 0x10,
    0x0, 0xdf, 0xff, 0x40, 0x0, 0x1d, 0xff, 0x80,
    0x0, 0xdf, 0xf7, 0x0, 0x0, 0x2, 0xff, 0xe0,
    0x0, 0xdf, 0xf2, 0x0, 0x0, 0x0, 0xcf, 0xf1,
    0x0, 0xdf, 0xf0, 0x0, 0x0, 0x0, 0xbf, 0xf2,
    0x0, 0xdf, 0xf2, 0x0, 0x0, 0x0, 0xdf, 0xf1,
    0x0, 0xdf, 0xf8, 0x0, 0x0, 0x2, 0xff, 0xe0,
    0x0, 0xdf, 0xff, 0x40, 0x0, 0x1d, 0xff, 0x80,
    0x0, 0xdf, 0xff, 0xfc, 0x9b, 0xff, 0xfe, 0x10,
    0x0, 0xdf, 0xfb, 0xff, 0xff, 0xff, 0xd2, 0x0,
    0x0, 0xdf, 0xe0, 0x6c, 0xff, 0xc7, 0x0, 0x0,

    /* U+0181 "Ɓ" */
    0x0, 0x5c, 0xff, 0xff, 0xff, 0xff, 0xff, 0xfd,
    0xa3, 0x0, 0x0, 0x7f, 0xff, 0xff, 0xff, 0xff,
    0xff, 0xff, 0xff, 0xf8, 0x0, 0x1f, 0xff, 0xca,
    0xff, 0xfb, 0xaa, 0xaa, 0xbf, 0xff, 0xf4, 0x4,
    0xff, 0xa0, 0xa, 0xff, 0x40, 0x0, 0x0, 0xc,
    0xff, 0xa0, 0x5f, 0xf8, 0x0, 0xaf, 0xf4, 0x0,
    0x0, 0x0, 0x5f, 0xfc, 0x2, 0xff, 0xc0, 0xa,
    0xff, 0x40, 0x0, 0x0, 0x6, 0xff, 0xa0, 0xb,
    0xfe, 0x20, 0xaf, 0xf4, 0x0, 0x0, 0x16, 0xef,
    0xf5, 0x0, 0x2b, 0x20, 0xa, 0xff, 0xff, 0xff,
    0xff, 0xff, 0xfa, 0x0, 0x0, 0x0, 0x0, 0xaf,
    0xff, 0xff, 0xff, 0xff, 0xff, 0x40, 0x0, 0x0,
    0x0, 0xa, 0xff, 0xb7, 0x77, 0x77, 0x9e, 0xff,
    0x70, 0x0, 0x0, 0x0, 0xaf, 0xf4, 0x0, 0x0,
    0x0, 0x1d, 0xff, 0x20, 0x0, 0x0, 0xa, 0xff,
    0x40, 0x0, 0x0, 0x0, 0x8f, 0xf7, 0x0, 0x0,
    0x0, 0xaf, 0xf4, 0x0, 0x0, 0x0, 0x8, 0xff,
    0x90, 0x0, 0x0, 0xa, 0xff, 0x40, 0x0, 0x0,
    0x1, 0xdf, 0xf7, 0x0, 0x0, 0x0, 0xaf, 0xf9,
    0x77, 0x77, 0x79, 0xef, 0xff, 0x20, 0x0, 0x0,
    0xa, 0xff, 0xff, 0xff, 0xff, 0xff, 0xff, 0x50,
    0x0, 0x0, 0x0, 0xaf, 0xff, 0xff, 0xff, 0xff,
    0xc8, 0x20, 0x0,

    /* U+0182 "Ƃ" */
    0xdf, 0xff, 0xff, 0xff, 0xff, 0xff, 0xf0, 0xd,
    0xff, 0xff, 0xff, 0xff, 0xff, 0xff, 0x0, 0xdf,
    0xf8, 0x77, 0x77, 0x77, 0x77, 0x70, 0xd, 0xff,
    0x20, 0x0, 0x0, 0x0, 0x0, 0x0, 0xdf, 0xf2,
    0x0, 0x0, 0x0, 0x0, 0x0, 0xd, 0xff, 0x20,
    0x0, 0x0, 0x0, 0x0, 0x0, 0xdf, 0xf2, 0x0,
    0x0, 0x0, 0x0, 0x0, 0xd, 0xff, 0xff, 0xff,
    0xff, 0xec, 0x81, 0x0, 0xdf, 0xff, 0xff, 0xff,
    0xff, 0xff, 0xf3, 0xd, 0xff, 0x97, 0x77, 0x77,
    0xaf, 0xff, 0xe0, 0xdf, 0xf2, 0x0, 0x0, 0x0,
    0x2e, 0xff, 0x4d, 0xff, 0x20, 0x0, 0x0, 0x0,
    0xaf, 0xf6, 0xdf, 0xf2, 0x0, 0x0, 0x0, 0xa,
    0xff, 0x6d, 0xff, 0x20, 0x0, 0x0, 0x2, 0xef,
    0xf4, 0xdf, 0xf8, 0x77, 0x77, 0x8a, 0xff, 0xfd,
    0xd, 0xff, 0xff, 0xff, 0xff, 0xff, 0xfe, 0x20,
    0xdf, 0xff, 0xff, 0xff, 0xfe, 0xc7, 0x0, 0x0,

    /* U+0183 "ƃ" */
    0x1f, 0xff, 0xff, 0xff, 0xff, 0xf2, 0x0, 0x1f,
    0xff, 0xff, 0xff, 0xff, 0xf2, 0x0, 0x1f, 0xfe,
    0x55, 0x55, 0x55, 0x50, 0x0, 0x1f, 0xfc, 0x0,
    0x0, 0x0, 0x0, 0x0, 0x1f, 0xfc, 0x0, 0x0,
    0x0, 0x0, 0x0, 0x1f, 0xfc, 0x18, 0xdf, 0xeb,
    0x50, 0x0, 0x1f, 0xfe, 0xdf, 0xff, 0xff, 0xfb,
    0x0, 0x1f, 0xff, 0xff, 0xa8, 0xbf, 0xff, 0xa0,
    0x1f, 0xff, 0xd1, 0x0, 0x4, 0xff, 0xf4, 0x1f,
    0xff, 0x30, 0x0, 0x0, 0x7f, 0xfa, 0x1f, 0xff,
    0x0, 0x0, 0x0, 0x1f, 0xfc, 0x1f, 0xff, 0x0,
    0x0, 0x0, 0xf, 0xfe, 0x1f, 0xff, 0x0, 0x0,
    0x0, 0x2f, 0xfc, 0x1f, 0xff, 0x30, 0x0, 0x0,
    0x7f, 0xfa, 0x1f, 0xff, 0xd1, 0x0, 0x4, 0xff,
    0xf4, 0x1f, 0xff, 0xff, 0xa9, 0xcf, 0xff, 0xa0,
    0x1f, 0xfc, 0xef, 0xff, 0xff, 0xfb, 0x0, 0x1f,
    0xfa, 0x18, 0xdf, 0xeb, 0x50, 0x0,

    /* U+0186 "Ɔ" */
    0x0, 0x5, 0xad, 0xff, 0xd9, 0x40, 0x0, 0x0,
    0x3, 0xcf, 0xff, 0xff, 0xff, 0xfc, 0x10, 0x0,
    0x3f, 0xff, 0xfe, 0xcd, 0xff, 0xff, 0xe2, 0x0,
    0xb, 0xfc, 0x30, 0x0, 0x6, 0xef, 0xfd, 0x10,
    0x0, 0x70, 0x0, 0x0, 0x0, 0x2e, 0xff, 0x80,
    0x0, 0x0, 0x0, 0x0, 0x0, 0x4, 0xff, 0xf0,
    0x0, 0x0, 0x0, 0x0, 0x0, 0x0, 0xdf, 0xf4,
    0x0, 0x0, 0x0, 0x0, 0x0, 0x0, 0x9f, 0xf6,
    0x0, 0x0, 0x0, 0x0, 0x0, 0x0, 0x8f, 0xf7,
    0x0, 0x0, 0x0, 0x0, 0x0, 0x0, 0x9f, 0xf6,
    0x0, 0x0, 0x0, 0x0, 0x0, 0x0, 0xdf, 0xf4,
    0x0, 0x0, 0x0, 0x0, 0x0, 0x4, 0xff, 0xf0,
    0x0, 0x60, 0x0, 0x0, 0x0, 0x2e, 0xff, 0x80,
    0xb, 0xfb, 0x30, 0x0, 0x6, 0xef, 0xfe, 0x10,
    0x3f, 0xff, 0xfe, 0xcc, 0xff, 0xff, 0xe2, 0x0,
    0x3, 0xdf, 0xff, 0xff, 0xff, 0xfc, 0x20, 0x0,
    0x0, 0x5, 0xae, 0xff, 0xd9, 0x40, 0x0, 0x0,

    /* U+0187 "Ƈ" */
    0x0, 0x0, 0x0, 0x0, 0x0, 0x0, 0x0, 0x16,
    0x75, 0x0, 0x0, 0x0, 0x0, 0x0, 0x0, 0x0,
    0x3e, 0xff, 0xf2, 0x0, 0x0, 0x0, 0x0, 0x0,
    0x0, 0xe, 0xff, 0xfd, 0x0, 0x0, 0x0, 0x0,
    0x0, 0x0, 0x4, 0xff, 0xc3, 0x20, 0x0, 0x0,
    0x6, 0xae, 0xfe, 0xd9, 0xaf, 0xf3, 0x0, 0x0,
    0x0, 0x4e, 0xff, 0xff, 0xff, 0xff, 0xff, 0x30,
    0x0, 0x0, 0x6f, 0xff, 0xff, 0xdd, 0xff, 0xff,
    0xf2, 0x0, 0x0, 0x3f, 0xff, 0xd5, 0x0, 0x0,
    0x6e, 0xf7, 0x0, 0x0, 0xd, 0xff, 0xc0, 0x0,
    0x0, 0x0, 0x16, 0x0, 0x0, 0x4, 0xff, 0xf1,
    0x0, 0x0, 0x0, 0x0, 0x0, 0x0, 0x0, 0x8f,
    0xf8, 0x0, 0x0, 0x0, 0x0, 0x0, 0x0, 0x0,
    0xb, 0xff, 0x40, 0x0, 0x0, 0x0, 0x0, 0x0,
    0x0, 0x0, 0xcf, 0xf3, 0x0, 0x0, 0x0, 0x0,
    0x0, 0x0, 0x0, 0xb, 0xff, 0x40, 0x0, 0x0,
    0x0, 0x0, 0x0, 0x0, 0x0, 0x9f, 0xf8, 0x0,
    0x0, 0x0, 0x0, 0x0, 0x0, 0x0, 0x4, 0xff,
    0xe0, 0x0, 0x0, 0x0, 0x0, 0x0, 0x0, 0x0,
    0xd, 0xff, 0xb0, 0x0, 0x0, 0x0, 0x16, 0x0,
    0x0, 0x0, 0x4f, 0xff, 0xc4, 0x0, 0x0, 0x5e,
    0xf7, 0x0, 0x0, 0x0, 0x6f, 0xff, 0xfe, 0xcc,
    0xff, 0xff, 0xc0, 0x0, 0x0, 0x0, 0x4e, 0xff,
    0xff, 0xff, 0xff, 0xa1, 0x0, 0x0, 0x0, 0x0,
    0x6, 0xbe, 0xff, 0xd9, 0x30, 0x0, 0x0, 0x0,

    /* U+0188 "ƈ" */
    0x0, 0x0, 0x0, 0x0, 0x0, 0x3, 0xcf, 0xe6,
    0x0, 0x0, 0x0, 0x0, 0x0, 0x3f, 0xff, 0xf4,
    0x0, 0x0, 0x0, 0x0, 0x0, 0xaf, 0xf8, 0x60,
    0x0, 0x0, 0x0, 0x0, 0x0, 0xcf, 0xd0, 0x0,
    0x0, 0x0, 0x0, 0x0, 0x0, 0xdf, 0xc0, 0x0,
    0x0, 0x0, 0x5b, 0xef, 0xea, 0xff, 0xc0, 0x0,
    0x0, 0x1b, 0xff, 0xff, 0xff, 0xff, 0xc0, 0x0,
    0x0, 0xcf, 0xff, 0xb9, 0xbf, 0xff, 0xf0, 0x0,
    0x6, 0xff, 0xd2, 0x0, 0x3, 0xeb, 0x20, 0x0,
    0xd, 0xff, 0x30, 0x0, 0x0, 0x10, 0x0, 0x0,
    0xf, 0xfe, 0x0, 0x0, 0x0, 0x0, 0x0, 0x0,
    0x1f, 0xfc, 0x0, 0x0, 0x0, 0x0, 0x0, 0x0,
    0xf, 0xfe, 0x0, 0x0, 0x0, 0x0, 0x0, 0x0,
    0xc, 0xff, 0x30, 0x0, 0x0, 0x20, 0x0, 0x0,
    0x6, 0xff, 0xd2, 0x0, 0x3, 0xfc, 0x20, 0x0,
    0x0, 0xbf, 0xff, 0xb9, 0xbf, 0xff, 0x60, 0x0,
    0x0, 0x1b, 0xff, 0xff, 0xff, 0xf9, 0x0, 0x0,
    0x0, 0x0, 0x5b, 0xef, 0xeb, 0x40, 0x0, 0x0,

    /* U+0189 "Ɖ" */
    0x0, 0xd, 0xff, 0xff, 0xff, 0xfe, 0xc7, 0x10,
    0x0, 0x0, 0x0, 0xdf, 0xff, 0xff, 0xff, 0xff,
    0xff, 0x60, 0x0, 0x0, 0xd, 0xff, 0xba, 0xaa,
    0xbc, 0xff, 0xff, 0xa0, 0x0, 0x0, 0xdf, 0xf2,
    0x0, 0x0, 0x1, 0x9f, 0xff, 0x70, 0x0, 0xd,
    0xff, 0x20, 0x0, 0x0, 0x0, 0x7f, 0xff, 0x10,
    0x0, 0xdf, 0xf2, 0x0, 0x0, 0x0, 0x0, 0xbf,
    0xf8, 0x0, 0xd, 0xff, 0x20, 0x0, 0x0, 0x0,
    0x5, 0xff, 0xc1, 0xff, 0xff, 0xff, 0xff, 0xf7,
    0x0, 0x0, 0x2f, 0xfe, 0x1f, 0xff, 0xff, 0xff,
    0xff, 0x70, 0x0, 0x0, 0xff, 0xf0, 0x44, 0xff,
    0xf7, 0x44, 0x42, 0x0, 0x0, 0x2f, 0xfe, 0x0,
    0xd, 0xff, 0x20, 0x0, 0x0, 0x0, 0x5, 0xff,
    0xc0, 0x0, 0xdf, 0xf2, 0x0, 0x0, 0x0, 0x0,
    0xcf, 0xf8, 0x0, 0xd, 0xff, 0x20, 0x0, 0x0,
    0x0, 0x7f, 0xff, 0x10, 0x0, 0xdf, 0xf2, 0x0,
    0x0, 0x1, 0x9f, 0xff, 0x70, 0x0, 0xd, 0xff,
    0xba, 0xaa, 0xbc, 0xff, 0xff, 0xa0, 0x0, 0x0,
    0xdf, 0xff, 0xff, 0xff, 0xff, 0xff, 0x60, 0x0,
    0x0, 0xd, 0xff, 0xff, 0xff, 0xfe, 0xc7, 0x10,
    0x0, 0x0,

    /* U+018A "Ɗ" */
    0x0, 0x5c, 0xff, 0xff, 0xff, 0xff, 0xff, 0xec,
    0x82, 0x0, 0x0, 0x0, 0x6f, 0xff, 0xff, 0xff,
    0xff, 0xff, 0xff, 0xff, 0xf8, 0x0, 0x0, 0xf,
    0xff, 0xca, 0xff, 0xfb, 0xaa, 0xaa, 0xcf, 0xff,
    0xfc, 0x0, 0x4, 0xff, 0xb0, 0xa, 0xff, 0x40,
    0x0, 0x0, 0x18, 0xff, 0xf9, 0x0, 0x5f, 0xf8,
    0x0, 0xaf, 0xf4, 0x0, 0x0, 0x0, 0x5, 0xff,
    0xf3, 0x2, 0xff, 0xb0, 0xa, 0xff, 0x40, 0x0,
    0x0, 0x0, 0x9, 0xff, 0xa0, 0xc, 0xff, 0x20,
    0xaf, 0xf4, 0x0, 0x0, 0x0, 0x0, 0x3f, 0xfe,
    0x0, 0x3d, 0x30, 0xa, 0xff, 0x40, 0x0, 0x0,
    0x0, 0x0, 0xff, 0xf1, 0x0, 0x0, 0x0, 0xaf,
    0xf4, 0x0, 0x0, 0x0, 0x0, 0xe, 0xff, 0x10,
    0x0, 0x0, 0xa, 0xff, 0x40, 0x0, 0x0, 0x0,
    0x0, 0xff, 0xf1, 0x0, 0x0, 0x0, 0xaf, 0xf4,
    0x0, 0x0, 0x0, 0x0, 0x3f, 0xfe, 0x0, 0x0,
    0x0, 0xa, 0xff, 0x40, 0x0, 0x0, 0x0, 0xa,
    0xff, 0xa0, 0x0, 0x0, 0x0, 0xaf, 0xf4, 0x0,
    0x0, 0x0, 0x5, 0xff, 0xf3, 0x0, 0x0, 0x0,
    0xa, 0xff, 0x40, 0x0, 0x0, 0x18, 0xff, 0xf9,
    0x0, 0x0, 0x0, 0x0, 0xaf, 0xfb, 0xaa, 0xaa,
    0xcf, 0xff, 0xfc, 0x0, 0x0, 0x0, 0x0, 0xa,
    0xff, 0xff, 0xff, 0xff, 0xff, 0xf8, 0x0, 0x0,
    0x0, 0x0, 0x0, 0xaf, 0xff, 0xff, 0xff, 0xec,
    0x82, 0x0, 0x0, 0x0,

    /* U+018B "Ƌ" */
    0x0, 0x6f, 0xff, 0xff, 0xff, 0xff, 0xff, 0xf1,
    0x0, 0x6f, 0xff, 0xff, 0xff, 0xff, 0xff, 0xf1,
    0x0, 0x39, 0x99, 0x99, 0x99, 0x99, 0xff, 0xf1,
    0x0, 0x0, 0x0, 0x0, 0x0, 0x0, 0xdf, 0xf1,
    0x0, 0x0, 0x0, 0x0, 0x0, 0x0, 0xdf, 0xf1,
    0x0, 0x0, 0x0, 0x0, 0x0, 0x0, 0xdf, 0xf1,
    0x0, 0x0, 0x0, 0x0, 0x0, 0x0, 0xdf, 0xf1,
    0x0, 0x6, 0xbe, 0xff, 0xff, 0xff, 0xff, 0xf1,
    0x1, 0xcf, 0xff, 0xff, 0xff, 0xff, 0xff, 0xf1,
    0xa, 0xff, 0xfb, 0x87, 0x77, 0x77, 0xef, 0xf1,
    0x1f, 0xff, 0x50, 0x0, 0x0, 0x0, 0xdf, 0xf1,
    0x3f, 0xfd, 0x0, 0x0, 0x0, 0x0, 0xdf, 0xf1,
    0x2f, 0xfe, 0x0, 0x0, 0x0, 0x0, 0xdf, 0xf1,
    0xf, 0xff, 0x60, 0x0, 0x0, 0x0, 0xdf, 0xf1,
    0x8, 0xff, 0xfc, 0x87, 0x77, 0x77, 0xef, 0xf1,
    0x0, 0xaf, 0xff, 0xff, 0xff, 0xff, 0xff, 0xf1,
    0x0, 0x4, 0xae, 0xff, 0xff, 0xff, 0xff, 0xf1,

    /* U+018C "ƌ" */
    0x0, 0x6, 0xff, 0xff, 0xff, 0xff, 0xff, 0x0,
    0x6, 0xff, 0xff, 0xff, 0xff, 0xfe, 0x0, 0x1,
    0x55, 0x55, 0x55, 0x5f, 0xfe, 0x0, 0x0, 0x0,
    0x0, 0x0, 0xf, 0xfe, 0x0, 0x0, 0x0, 0x0,
    0x0, 0xf, 0xfe, 0x0, 0x0, 0x6c, 0xef, 0xc6,
    0xf, 0xfe, 0x0, 0x2d, 0xff, 0xff, 0xff, 0xbf,
    0xfe, 0x0, 0xdf, 0xff, 0xa8, 0xbf, 0xff, 0xfe,
    0x7, 0xff, 0xd2, 0x0, 0x3, 0xff, 0xfe, 0xd,
    0xff, 0x30, 0x0, 0x0, 0x6f, 0xfe, 0xf, 0xfe,
    0x0, 0x0, 0x0, 0xf, 0xfe, 0x1f, 0xfc, 0x0,
    0x0, 0x0, 0xf, 0xfe, 0xf, 0xfe, 0x0, 0x0,
    0x0, 0x1f, 0xfe, 0xd, 0xff, 0x30, 0x0, 0x0,
    0x6f, 0xfe, 0x7, 0xff, 0xd2, 0x0, 0x3, 0xff,
    0xfe, 0x0, 0xdf, 0xff, 0xb9, 0xbf, 0xff, 0xfe,
    0x0, 0x2d, 0xff, 0xff, 0xff, 0xce, 0xfe, 0x0,
    0x0, 0x6c, 0xef, 0xc7, 0xd, 0xfe,

    /* U+018E "Ǝ" */
    0x8f, 0xff, 0xff, 0xff, 0xff, 0xff, 0x48, 0xff,
    0xff, 0xff, 0xff, 0xff, 0xf4, 0x5a, 0xaa, 0xaa,
    0xaa, 0xae, 0xff, 0x40, 0x0, 0x0, 0x0, 0x0,
    0xbf, 0xf4, 0x0, 0x0, 0x0, 0x0, 0xb, 0xff,
    0x40, 0x0, 0x0, 0x0, 0x0, 0xbf, 0xf4, 0x0,
    0x0, 0x0, 0x0, 0xb, 0xff, 0x40, 0x8f, 0xff,
    0xff, 0xff, 0xff, 0xf4, 0x8, 0xff, 0xff, 0xff,
    0xff, 0xff, 0x40, 0x49, 0x99, 0x99, 0x99, 0xff,
    0xf4, 0x0, 0x0, 0x0, 0x0, 0xb, 0xff, 0x40,
    0x0, 0x0, 0x0, 0x0, 0xbf, 0xf4, 0x0, 0x0,
    0x0, 0x0, 0xb, 0xff, 0x40, 0x0, 0x0, 0x0,
    0x0, 0xbf, 0xf4, 0x8a, 0xaa, 0xaa, 0xaa, 0xae,
    0xff, 0x4d, 0xff, 0xff, 0xff, 0xff, 0xff, 0xf4,
    0xdf, 0xff, 0xff, 0xff, 0xff, 0xff, 0x40,

    /* U+018F "Ə" */
    0x0, 0x0, 0x5a, 0xdf, 0xfe, 0xb6, 0x0, 0x0,
    0x0, 0x3, 0xdf, 0xff, 0xff, 0xff, 0xfe, 0x50,
    0x0, 0x3, 0xff, 0xff, 0xfd, 0xce, 0xff, 0xff,
    0x60, 0x0, 0xa, 0xfc, 0x50, 0x0, 0x3, 0xcf,
    0xff, 0x40, 0x0, 0x6, 0x0, 0x0, 0x0, 0x0,
    0xbf, 0xfd, 0x0, 0x0, 0x0, 0x0, 0x0, 0x0,
    0x1, 0xef, 0xf4, 0x0, 0x0, 0x0, 0x0, 0x0,
    0x0, 0x8, 0xff, 0x87, 0x77, 0x77, 0x77, 0x77,
    0x77, 0x77, 0xcf, 0xfb, 0xff, 0xff, 0xff, 0xff,
    0xff, 0xff, 0xff, 0xff, 0xce, 0xff, 0xff, 0xff,
    0xff, 0xff, 0xff, 0xff, 0xfb, 0xbf, 0xf4, 0x0,
    0x0, 0x0, 0x0, 0x7, 0xff, 0x87, 0xff, 0xa0,
    0x0, 0x0, 0x0, 0x0, 0xcf, 0xf4, 0x1f, 0xff,
    0x40, 0x0, 0x0, 0x0, 0x6f, 0xfd, 0x0, 0x7f,
    0xff, 0x60, 0x0, 0x0, 0x8f, 0xff, 0x40, 0x0,
    0xaf, 0xff, 0xeb, 0xab, 0xff, 0xff, 0x60, 0x0,
    0x0, 0x7f, 0xff, 0xff, 0xff, 0xfe, 0x50, 0x0,
    0x0, 0x0, 0x17, 0xce, 0xfe, 0xb6, 0x0, 0x0,
    0x0,

    /* U+0190 "Ɛ" */
    0x0, 0x3, 0x9d, 0xff, 0xec, 0x94, 0x0, 0x0,
    0x9f, 0xff, 0xff, 0xff, 0xff, 0xd0, 0x8, 0xff,
    0xfe, 0xba, 0xbe, 0xff, 0xb0, 0xf, 0xff, 0x80,
    0x0, 0x0, 0x28, 0x50, 0x2f, 0xfe, 0x0, 0x0,
    0x0, 0x0, 0x0, 0xf, 0xff, 0x0, 0x0, 0x0,
    0x0, 0x0, 0xb, 0xff, 0xa2, 0x0, 0x0, 0x0,
    0x0, 0x2, 0xef, 0xff, 0xff, 0xff, 0x80, 0x0,
    0x0, 0x8f, 0xff, 0xff, 0xff, 0x80, 0x0, 0xb,
    0xff, 0xd8, 0x77, 0x77, 0x30, 0x0, 0x7f, 0xfa,
    0x0, 0x0, 0x0, 0x0, 0x0, 0xcf, 0xf3, 0x0,
    0x0, 0x0, 0x0, 0x0, 0xcf, 0xf4, 0x0, 0x0,
    0x0, 0x0, 0x0, 0x9f, 0xfd, 0x20, 0x0, 0x0,
    0x16, 0xe2, 0x2f, 0xff, 0xfd, 0xaa, 0xbd, 0xff,
    0xf9, 0x3, 0xdf, 0xff, 0xff, 0xff, 0xff, 0xe5,
    0x0, 0x5, 0xad, 0xef, 0xed, 0x95, 0x0,

    /* U+0191 "Ƒ" */
    0x0, 0x7, 0xff, 0xff, 0xff, 0xff, 0xff, 0xf4,
    0x0, 0x7, 0xff, 0xff, 0xff, 0xff, 0xff, 0xf4,
    0x0, 0x7, 0xff, 0xda, 0xaa, 0xaa, 0xaa, 0xa2,
    0x0, 0x7, 0xff, 0x80, 0x0, 0x0, 0x0, 0x0,
    0x0, 0x7, 0xff, 0x80, 0x0, 0x0, 0x0, 0x0,
    0x0, 0x7, 0xff, 0x80, 0x0, 0x0, 0x0, 0x0,
    0x0, 0x7, 0xff, 0x80, 0x0, 0x0, 0x0, 0x0,
    0x0, 0x7, 0xff, 0x80, 0x0, 0x0, 0x0, 0x0,
    0x0, 0x7, 0xff, 0xff, 0xff, 0xff, 0xff, 0x40,
    0x0, 0x7, 0xff, 0xff, 0xff, 0xff, 0xff, 0x40,
    0x0, 0x7, 0xff, 0xfa, 0xaa, 0xaa, 0xaa, 0x30,
    0x0, 0x7, 0xff, 0x80, 0x0, 0x0, 0x0, 0x0,
    0x0, 0x7, 0xff, 0x80, 0x0, 0x0, 0x0, 0x0,
    0x0, 0x7, 0xff, 0x80, 0x0, 0x0, 0x0, 0x0,
    0x0, 0x7, 0xff, 0x80, 0x0, 0x0, 0x0, 0x0,
    0x0, 0x7, 0xff, 0x80, 0x0, 0x0, 0x0, 0x0,
    0x0, 0x7, 0xff, 0x80, 0x0, 0x0, 0x0, 0x0,
    0x0, 0x7, 0xff, 0x80, 0x0, 0x0, 0x0, 0x0,
    0x0, 0xb, 0xff, 0x60, 0x0, 0x0, 0x0, 0x0,
    0xa, 0xcf, 0xff, 0x20, 0x0, 0x0, 0x0, 0x0,
    0x5f, 0xff, 0xf9, 0x0, 0x0, 0x0, 0x0, 0x0,
    0x6e, 0xfd, 0x60, 0x0, 0x0, 0x0, 0x0, 0x0,

    /* U+0192 "ƒ" */
    0x0, 0x0, 0x0, 0x8d, 0xfe, 0xa1, 0x0, 0x0,
    0xc, 0xff, 0xff, 0xf0, 0x0, 0x0, 0x5f, 0xfe,
    0x78, 0x80, 0x0, 0x0, 0x9f, 0xf3, 0x0, 0x0,
    0x0, 0x0, 0xbf, 0xf1, 0x0, 0x0, 0x0, 0xcf,
    0xff, 0xff, 0xff, 0x70, 0x0, 0xcf, 0xff, 0xff,
    0xff, 0x70, 0x0, 0x46, 0xff, 0xf8, 0x66, 0x20,
    0x0, 0x0, 0xbf, 0xf2, 0x0, 0x0, 0x0, 0x0,
    0xbf, 0xf2, 0x0, 0x0, 0x0, 0x0, 0xbf, 0xf2,
    0x0, 0x0, 0x0, 0x0, 0xbf, 0xf2, 0x0, 0x0,
    0x0, 0x0, 0xbf, 0xf2, 0x0, 0x0, 0x0, 0x0,
    0xbf, 0xf2, 0x0, 0x0, 0x0, 0x0, 0xbf, 0xf2,
    0x0, 0x0, 0x0, 0x0, 0xbf, 0xf2, 0x0, 0x0,
    0x0, 0x0, 0xbf, 0xf2, 0x0, 0x0, 0x0, 0x0,
    0xbf, 0xf2, 0x0, 0x0, 0x0, 0x0, 0xbf, 0xf2,
    0x0, 0x0, 0x0, 0x0, 0xef, 0xf0, 0x0, 0x0,
    0x3b, 0x8c, 0xff, 0xc0, 0x0, 0x0, 0x9f, 0xff,
    0xff, 0x30, 0x0, 0x0, 0x6d, 0xff, 0xb3, 0x0,
    0x0, 0x0,

    /* U+0193 "Ɠ" */
    0x0, 0x0, 0x0, 0x0, 0x0, 0x0, 0x0, 0x16,
    0x75, 0x0, 0x0, 0x0, 0x0, 0x0, 0x0, 0x0,
    0x3e, 0xff, 0xf2, 0x0, 0x0, 0x0, 0x0, 0x0,
    0x0, 0xe, 0xff, 0xfd, 0x0, 0x0, 0x0, 0x0,
    0x0, 0x0, 0x4, 0xff, 0xc3, 0x20, 0x0, 0x0,
    0x6, 0xbe, 0xfe, 0xd9, 0xaf, 0xf3, 0x0, 0x0,
    0x0, 0x6e, 0xff, 0xff, 0xff, 0xff, 0xff, 0x30,
    0x0, 0x0, 0x8f, 0xff, 0xfe, 0xcd, 0xff, 0xff,
    0xf2, 0x0, 0x0, 0x6f, 0xff, 0xb3, 0x0, 0x0,
    0x5e, 0xf7, 0x0, 0x0, 0x1f, 0xff, 0x90, 0x0,
    0x0, 0x0, 0x15, 0x0, 0x0, 0x7, 0xff, 0xc0,
    0x0, 0x0, 0x0, 0x0, 0x0, 0x0, 0x0, 0xbf,
    0xf5, 0x0, 0x0, 0x0, 0x0, 0x0, 0x0, 0x0,
    0xe, 0xff, 0x20, 0x0, 0x0, 0x0, 0x0, 0x0,
    0x0, 0x0, 0xff, 0xf0, 0x0, 0x0, 0x0, 0x0,
    0x9b, 0xa0, 0x0, 0xe, 0xff, 0x20, 0x0, 0x0,
    0x0, 0xd, 0xff, 0x0, 0x0, 0xcf, 0xf5, 0x0,
    0x0, 0x0, 0x0, 0xdf, 0xf0, 0x0, 0x7, 0xff,
    0xd0, 0x0, 0x0, 0x0, 0xd, 0xff, 0x0, 0x0,
    0x1f, 0xff, 0x90, 0x0, 0x0, 0x0, 0xdf, 0xf0,
    0x0, 0x0, 0x6f, 0xff, 0xb2, 0x0, 0x0, 0x4f,
    0xff, 0x0, 0x0, 0x0, 0x9f, 0xff, 0xfe, 0xcc,
    0xff, 0xff, 0xf0, 0x0, 0x0, 0x0, 0x6f, 0xff,
    0xff, 0xff, 0xff, 0xd3, 0x0, 0x0, 0x0, 0x0,
    0x17, 0xbe, 0xff, 0xd9, 0x40, 0x0, 0x0, 0x0,

    /* U+0194 "Ɣ" */
    0x2f, 0xff, 0x20, 0x0, 0x0, 0x0, 0x8, 0xff,
    0x70, 0xaf, 0xf9, 0x0, 0x0, 0x0, 0x0, 0xef,
    0xf1, 0x2, 0xff, 0xf1, 0x0, 0x0, 0x0, 0x6f,
    0xf9, 0x0, 0xa, 0xff, 0x80, 0x0, 0x0, 0xe,
    0xff, 0x10, 0x0, 0x3f, 0xfe, 0x0, 0x0, 0x5,
    0xff, 0xa0, 0x0, 0x0, 0xbf, 0xf6, 0x0, 0x0,
    0xdf, 0xf2, 0x0, 0x0, 0x4, 0xff, 0xe0, 0x0,
    0x4f, 0xfb, 0x0, 0x0, 0x0, 0xc, 0xff, 0x50,
    0xc, 0xff, 0x30, 0x0, 0x0, 0x0, 0x4f, 0xfd,
    0x3, 0xff, 0xc0, 0x0, 0x0, 0x0, 0x0, 0xdf,
    0xf4, 0xbf, 0xf4, 0x0, 0x0, 0x0, 0x0, 0x5,
    0xff, 0xef, 0xfd, 0x0, 0x0, 0x0, 0x0, 0x0,
    0xd, 0xff, 0xff, 0x50, 0x0, 0x0, 0x0, 0x0,
    0x0, 0x6f, 0xff, 0xd0, 0x0, 0x0, 0x0, 0x0,
    0x0, 0x0, 0xff, 0xf9, 0x0, 0x0, 0x0, 0x0,
    0x0, 0x0, 0x4f, 0xff, 0xb0, 0x0, 0x0, 0x0,
    0x0, 0x0, 0xc, 0xff, 0xff, 0x30, 0x0, 0x0,
    0x0, 0x0, 0x4, 0xff, 0xaf, 0xf9, 0x0, 0x0,
    0x0, 0x0, 0x0, 0xaf, 0xd0, 0x9f, 0xe0, 0x0,
    0x0, 0x0, 0x0, 0xc, 0xf8, 0x4, 0xff, 0x0,
    0x0, 0x0, 0x0, 0x0, 0xaf, 0xc3, 0xaf, 0xe0,
    0x0, 0x0, 0x0, 0x0, 0x3, 0xff, 0xff, 0xf7,
    0x0, 0x0, 0x0, 0x0, 0x0, 0x4, 0xcf, 0xd6,
    0x0, 0x0, 0x0,

    /* U+0196 "Ɩ" */
    0xff, 0xf0, 0x0, 0x0, 0xff, 0xf0, 0x0, 0x0,
    0xff, 0xf0, 0x0, 0x0, 0xff, 0xf0, 0x0, 0x0,
    0xff, 0xf0, 0x0, 0x0, 0xff, 0xf0, 0x0, 0x0,
    0xff, 0xf0, 0x0, 0x0, 0xff, 0xf0, 0x0, 0x0,
    0xff, 0xf0, 0x0, 0x0, 0xff, 0xf0, 0x0, 0x0,
    0xff, 0xf0, 0x0, 0x0, 0xff, 0xf0, 0x0, 0x0,
    0xff, 0xf0, 0x0, 0x0, 0xdf, 0xf4, 0x0, 0x0,
    0x9f, 0xff, 0xbc, 0x90, 0x1e, 0xff, 0xff, 0xe0,
    0x1, 0xae, 0xfc, 0x70,

    /* U+0197 "Ɨ" */
    0x0, 0x8f, 0xf7, 0x0, 0x0, 0x8f, 0xf7, 0x0,
    0x0, 0x8f, 0xf7, 0x0, 0x0, 0x8f, 0xf7, 0x0,
    0x0, 0x8f, 0xf7, 0x0, 0x0, 0x8f, 0xf7, 0x0,
    0x0, 0x8f, 0xf7, 0x0, 0xbf, 0xff, 0xff, 0xfb,
    0xbf, 0xff, 0xff, 0xfb, 0x34, 0xcf, 0xfc, 0x43,
    0x0, 0x8f, 0xf7, 0x0, 0x0, 0x8f, 0xf7, 0x0,
    0x0, 0x8f, 0xf7, 0x0, 0x0, 0x8f, 0xf7, 0x0,
    0x0, 0x8f, 0xf7, 0x0, 0x0, 0x8f, 0xf7, 0x0,
    0x0, 0x8f, 0xf7, 0x0,

    /* U+0198 "Ƙ" */
    0x0, 0x0, 0x0, 0x0, 0x0, 0x0, 0x20, 0x0,
    0x0, 0x0, 0x0, 0x0, 0x8, 0xff, 0xf7, 0xdf,
    0xf2, 0x0, 0x0, 0xa, 0xff, 0xff, 0x6d, 0xff,
    0x20, 0x0, 0x7, 0xff, 0xd7, 0x90, 0xdf, 0xf2,
    0x0, 0x3, 0xff, 0xd0, 0x0, 0xd, 0xff, 0x20,
    0x1, 0xef, 0xf2, 0x0, 0x0, 0xdf, 0xf2, 0x0,
    0xbf, 0xf5, 0x0, 0x0, 0xd, 0xff, 0x20, 0x8f,
    0xf9, 0x0, 0x0, 0x0, 0xdf, 0xf2, 0x4f, 0xfc,
    0x0, 0x0, 0x0, 0xd, 0xff, 0x4e, 0xff, 0xb0,
    0x0, 0x0, 0x0, 0xdf, 0xff, 0xff, 0xff, 0x60,
    0x0, 0x0, 0xd, 0xff, 0xff, 0xff, 0xff, 0x20,
    0x0, 0x0, 0xdf, 0xff, 0xb0, 0xcf, 0xfd, 0x0,
    0x0, 0xd, 0xff, 0xf1, 0x1, 0xef, 0xfa, 0x0,
    0x0, 0xdf, 0xf5, 0x0, 0x3, 0xff, 0xf7, 0x0,
    0xd, 0xff, 0x20, 0x0, 0x6, 0xff, 0xf3, 0x0,
    0xdf, 0xf2, 0x0, 0x0, 0x9, 0xff, 0xe1, 0xd,
    0xff, 0x20, 0x0, 0x0, 0xc, 0xff, 0xb0, 0xdf,
    0xf2, 0x0, 0x0, 0x0, 0x1e, 0xff, 0x70,

    /* U+0199 "ƙ" */
    0x0, 0x3b, 0xef, 0xd9, 0x20, 0x0, 0x0, 0x4,
    0xff, 0xff, 0xff, 0x90, 0x0, 0x0, 0xd, 0xff,
    0xb7, 0xae, 0x10, 0x0, 0x0, 0x2f, 0xfd, 0x0,
    0x0, 0x0, 0x0, 0x0, 0x3f, 0xfa, 0x0, 0x0,
    0x0, 0x0, 0x0, 0x3f, 0xfa, 0x0, 0x0, 0x1d,
    0xff, 0x90, 0x3f, 0xfa, 0x0, 0x1, 0xdf, 0xfa,
    0x0, 0x3f, 0xfa, 0x0, 0x1d, 0xff, 0xa0, 0x0,
    0x3f, 0xfa, 0x1, 0xdf, 0xfb, 0x0, 0x0, 0x3f,
    0xfa, 0x1d, 0xff, 0xc0, 0x0, 0x0, 0x3f, 0xfc,
    0xef, 0xff, 0x10, 0x0, 0x0, 0x3f, 0xff, 0xff,
    0xff, 0xa0, 0x0, 0x0, 0x3f, 0xff, 0xfd, 0xff,
    0xf6, 0x0, 0x0, 0x3f, 0xff, 0xb0, 0x6f, 0xff,
    0x30, 0x0, 0x3f, 0xff, 0x0, 0xa, 0xff, 0xd0,
    0x0, 0x3f, 0xfa, 0x0, 0x0, 0xdf, 0xfa, 0x0,
    0x3f, 0xfa, 0x0, 0x0, 0x2f, 0xff, 0x60, 0x3f,
    0xfa, 0x0, 0x0, 0x5, 0xff, 0xf3,

    /* U+019A "ƚ" */
    0x0, 0x9f, 0xf5, 0x0, 0x0, 0x9f, 0xf5, 0x0,
    0x0, 0x9f, 0xf5, 0x0, 0x0, 0x9f, 0xf5, 0x0,
    0x0, 0x9f, 0xf5, 0x0, 0x0, 0x9f, 0xf5, 0x0,
    0x0, 0x9f, 0xf5, 0x0, 0x0, 0x9f, 0xf5, 0x0,
    0x0, 0x9f, 0xf5, 0x0, 0xaf, 0xff, 0xff, 0xf6,
    0xaf, 0xff, 0xff, 0xf6, 0x0, 0x9f, 0xf5, 0x0,
    0x0, 0x9f, 0xf5, 0x0, 0x0, 0x9f, 0xf5, 0x0,
    0x0, 0x9f, 0xf5, 0x0, 0x0, 0x9f, 0xf5, 0x0,
    0x0, 0x9f, 0xf5, 0x0, 0x0, 0x9f, 0xf5, 0x0,

    /* U+019B "ƛ" */
    0x4, 0xbf, 0xfc, 0x50, 0x0, 0x0, 0x0, 0x0,
    0xff, 0xff, 0xff, 0x71, 0x7d, 0x50, 0x0, 0x8,
    0xe9, 0x9f, 0xff, 0xff, 0xf8, 0x0, 0x0, 0x1,
    0x28, 0xff, 0xff, 0x92, 0x0, 0x0, 0x0, 0x6f,
    0xff, 0xff, 0xf1, 0x0, 0x0, 0x0, 0x1, 0xe8,
    0x29, 0xff, 0x80, 0x0, 0x0, 0x0, 0x0, 0x0,
    0xcf, 0xfe, 0x0, 0x0, 0x0, 0x0, 0x0, 0x3f,
    0xff, 0xf6, 0x0, 0x0, 0x0, 0x0, 0xa, 0xff,
    0xff, 0xc0, 0x0, 0x0, 0x0, 0x1, 0xff, 0xaa,
    0xff, 0x30, 0x0, 0x0, 0x0, 0x8f, 0xf3, 0x3f,
    0xfa, 0x0, 0x0, 0x0, 0xe, 0xfc, 0x0, 0xdf,
    0xf1, 0x0, 0x0, 0x5, 0xff, 0x50, 0x6, 0xff,
    0x70, 0x0, 0x0, 0xcf, 0xe0, 0x0, 0xf, 0xfe,
    0x0, 0x0, 0x3f, 0xf8, 0x0, 0x0, 0x9f, 0xf5,
    0x0, 0xa, 0xff, 0x20, 0x0, 0x3, 0xff, 0xb0,
    0x1, 0xff, 0xb0, 0x0, 0x0, 0xc, 0xff, 0x20,
    0x7f, 0xf4, 0x0, 0x0, 0x0, 0x6f, 0xf9,

    /* U+019C "Ɯ" */
    0xff, 0xf0, 0x0, 0x0, 0x0, 0x7f, 0xf8, 0x0,
    0x0, 0x0, 0xf, 0xff, 0xf, 0xff, 0x0, 0x0,
    0x0, 0x7, 0xff, 0x80, 0x0, 0x0, 0x0, 0xff,
    0xf0, 0xff, 0xf0, 0x0, 0x0, 0x0, 0x7f, 0xf8,
    0x0, 0x0, 0x0, 0xf, 0xff, 0xf, 0xff, 0x0,
    0x0, 0x0, 0x7, 0xff, 0x80, 0x0, 0x0, 0x0,
    0xff, 0xf0, 0xff, 0xf0, 0x0, 0x0, 0x0, 0x7f,
    0xf8, 0x0, 0x0, 0x0, 0xf, 0xff, 0xf, 0xff,
    0x0, 0x0, 0x0, 0x7, 0xff, 0x80, 0x0, 0x0,
    0x0, 0xff, 0xf0, 0xff, 0xf0, 0x0, 0x0, 0x0,
    0x7f, 0xf8, 0x0, 0x0, 0x0, 0xf, 0xff, 0xf,
    0xff, 0x0, 0x0, 0x0, 0x7, 0xff, 0x80, 0x0,
    0x0, 0x0, 0xff, 0xf0, 0xff, 0xf0, 0x0, 0x0,
    0x0, 0x7f, 0xf8, 0x0, 0x0, 0x0, 0xf, 0xff,
    0xf, 0xff, 0x0, 0x0, 0x0, 0x7, 0xff, 0x80,
    0x0, 0x0, 0x0, 0xff, 0xf0, 0xff, 0xf0, 0x0,
    0x0, 0x0, 0x7f, 0xf9, 0x0, 0x0, 0x0, 0xf,
    0xff, 0xe, 0xff, 0x20, 0x0, 0x0, 0x9, 0xff,
    0xa0, 0x0, 0x0, 0x3, 0xff, 0xf0, 0xbf, 0xf7,
    0x0, 0x0, 0x1, 0xef, 0xff, 0x0, 0x0, 0x0,
    0x9f, 0xff, 0x7, 0xff, 0xf6, 0x0, 0x2, 0xcf,
    0xff, 0xfb, 0x10, 0x0, 0x7f, 0xff, 0xf0, 0x1e,
    0xff, 0xfe, 0xcd, 0xff, 0xfc, 0xff, 0xff, 0xdc,
    0xff, 0xff, 0xff, 0x0, 0x3e, 0xff, 0xff, 0xff,
    0xf5, 0xc, 0xff, 0xff, 0xff, 0xf4, 0xef, 0xf0,
    0x0, 0x18, 0xdf, 0xfd, 0x82, 0x0, 0x6, 0xce,
    0xfd, 0x92, 0xe, 0xff, 0x0,

    /* U+019D "Ɲ" */
    0x0, 0x8, 0xff, 0x60, 0x5b, 0xef, 0xeb, 0x40,
    0x0, 0x0, 0x8, 0xff, 0x6c, 0xff, 0xff, 0xff,
    0xf9, 0x0, 0x0, 0x8, 0xff, 0xff, 0xfe, 0xcd,
    0xff, 0xff, 0x70, 0x0, 0x8, 0xff, 0xfe, 0x50,
    0x0, 0x1c, 0xff, 0xe0, 0x0, 0x8, 0xff, 0xf3,
    0x0, 0x0, 0x1, 0xef, 0xf4, 0x0, 0x8, 0xff,
    0xc0, 0x0, 0x0, 0x0, 0x9f, 0xf8, 0x0, 0x8,
    0xff, 0x80, 0x0, 0x0, 0x0, 0x6f, 0xf9, 0x0,
    0x8, 0xff, 0x70, 0x0, 0x0, 0x0, 0x5f, 0xf9,
    0x0, 0x8, 0xff, 0x70, 0x0, 0x0, 0x0, 0x5f,
    0xfa, 0x0, 0x8, 0xff, 0x70, 0x0, 0x0, 0x0,
    0x5f, 0xfa, 0x0, 0x8, 0xff, 0x70, 0x0, 0x0,
    0x0, 0x5f, 0xfa, 0x0, 0x8, 0xff, 0x70, 0x0,
    0x0, 0x0, 0x5f, 0xfa, 0x0, 0x8, 0xff, 0x70,
    0x0, 0x0, 0x0, 0x5f, 0xfa, 0x0, 0x8, 0xff,
    0x70, 0x0, 0x0, 0x0, 0x5f, 0xfa, 0x0, 0x8,
    0xff, 0x70, 0x0, 0x0, 0x0, 0x5f, 0xfa, 0x0,
    0x8, 0xff, 0x70, 0x0, 0x0, 0x0, 0x5f, 0xfa,
    0x0, 0x8, 0xff, 0x70, 0x0, 0x0, 0x0, 0x5f,
    0xfa, 0x0, 0x8, 0xff, 0x70, 0x0, 0x0, 0x0,
    0x0, 0x0, 0x0, 0xc, 0xff, 0x60, 0x0, 0x0,
    0x0, 0x0, 0x0, 0x1b, 0xdf, 0xff, 0x10, 0x0,
    0x0, 0x0, 0x0, 0x0, 0x5f, 0xff, 0xf8, 0x0,
    0x0, 0x0, 0x0, 0x0, 0x0, 0x6e, 0xfd, 0x60,
    0x0, 0x0, 0x0, 0x0, 0x0, 0x0,

    /* U+019E "ƞ" */
    0x1f, 0xfa, 0x18, 0xdf, 0xeb, 0x50, 0x1, 0xff,
    0xde, 0xff, 0xff, 0xff, 0x90, 0x1f, 0xff, 0xfe,
    0x98, 0xcf, 0xff, 0x41, 0xff, 0xfb, 0x0, 0x0,
    0xaf, 0xfa, 0x1f, 0xff, 0x10, 0x0, 0x1, 0xff,
    0xd1, 0xff, 0xd0, 0x0, 0x0, 0xf, 0xff, 0x1f,
    0xfc, 0x0, 0x0, 0x0, 0xef, 0xf1, 0xff, 0xc0,
    0x0, 0x0, 0xe, 0xff, 0x1f, 0xfc, 0x0, 0x0,
    0x0, 0xef, 0xf1, 0xff, 0xc0, 0x0, 0x0, 0xe,
    0xff, 0x1f, 0xfc, 0x0, 0x0, 0x0, 0xef, 0xf1,
    0xff, 0xc0, 0x0, 0x0, 0xe, 0xff, 0x1f, 0xfc,
    0x0, 0x0, 0x0, 0xef, 0xf0, 0x0, 0x0, 0x0,
    0x0, 0xe, 0xff, 0x0, 0x0, 0x0, 0x0, 0x0,
    0xef, 0xf0, 0x0, 0x0, 0x0, 0x0, 0xe, 0xff,
    0x0, 0x0, 0x0, 0x0, 0x0, 0xef, 0xf0, 0x0,
    0x0, 0x0, 0x0, 0xe, 0xff,

    /* U+019F "Ɵ" */
    0x0, 0x0, 0x6, 0xbe, 0xfe, 0xd9, 0x30, 0x0,
    0x0, 0x0, 0x5, 0xef, 0xff, 0xff, 0xff, 0xfa,
    0x10, 0x0, 0x0, 0x8f, 0xff, 0xfe, 0xcd, 0xff,
    0xff, 0xd1, 0x0, 0x6, 0xff, 0xfa, 0x20, 0x0,
    0x6, 0xff, 0xfc, 0x0, 0xe, 0xff, 0x80, 0x0,
    0x0, 0x0, 0x3f, 0xff, 0x60, 0x6f, 0xfb, 0x0,
    0x0, 0x0, 0x0, 0x5, 0xff, 0xd0, 0xbf, 0xf5,
    0x0, 0x0, 0x0, 0x0, 0x0, 0xef, 0xf2, 0xef,
    0xff, 0xff, 0xff, 0xff, 0xff, 0xff, 0xff, 0xf4,
    0xff, 0xff, 0xff, 0xff, 0xff, 0xff, 0xff, 0xff,
    0xf5, 0xef, 0xf6, 0x44, 0x44, 0x44, 0x44, 0x44,
    0xdf, 0xf4, 0xbf, 0xf6, 0x0, 0x0, 0x0, 0x0,
    0x0, 0xff, 0xf2, 0x7f, 0xfd, 0x0, 0x0, 0x0,
    0x0, 0x8, 0xff, 0xd0, 0x1e, 0xff, 0xa0, 0x0,
    0x0, 0x0, 0x4f, 0xff, 0x60, 0x6, 0xff, 0xfb,
    0x20, 0x0, 0x7, 0xff, 0xfc, 0x0, 0x0, 0x8f,
    0xff, 0xfd, 0xcc, 0xff, 0xff, 0xd1, 0x0, 0x0,
    0x6, 0xef, 0xff, 0xff, 0xff, 0xfb, 0x10, 0x0,
    0x0, 0x0, 0x7, 0xbe, 0xfe, 0xd9, 0x30, 0x0,
    0x0,

    /* U+01A0 "Ơ" */
    0x0, 0x0, 0x0, 0x0, 0x0, 0x0, 0x0, 0x2,
    0x30, 0x0, 0x0, 0x0, 0x0, 0x0, 0x0, 0x0,
    0x1f, 0xe0, 0x0, 0x0, 0x0, 0x0, 0x0, 0x0,
    0x0, 0xe, 0xf1, 0x0, 0x0, 0x0, 0x0, 0x0,
    0x0, 0x0, 0x6f, 0xf0, 0x0, 0x0, 0x6, 0xbe,
    0xff, 0xff, 0xff, 0xff, 0x80, 0x0, 0x6, 0xef,
    0xff, 0xff, 0xff, 0xff, 0xe4, 0x0, 0x0, 0x8f,
    0xff, 0xfe, 0xcd, 0xff, 0xff, 0xf3, 0x0, 0x6,
    0xff, 0xfa, 0x20, 0x0, 0x17, 0xff, 0xfe, 0x0,
    0x1f, 0xff, 0x80, 0x0, 0x0, 0x0, 0x4f, 0xff,
    0x70, 0x7f, 0xfd, 0x0, 0x0, 0x0, 0x0, 0x7,
    0xff, 0xe0, 0xbf, 0xf6, 0x0, 0x0, 0x0, 0x0,
    0x0, 0xff, 0xf2, 0xef, 0xf2, 0x0, 0x0, 0x0,
    0x0, 0x0, 0xcf, 0xf4, 0xff, 0xf0, 0x0, 0x0,
    0x0, 0x0, 0x0, 0xaf, 0xf5, 0xef, 0xf2, 0x0,
    0x0, 0x0, 0x0, 0x0, 0xcf, 0xf4, 0xbf, 0xf5,
    0x0, 0x0, 0x0, 0x0, 0x0, 0xff, 0xf1, 0x7f,
    0xfc, 0x0, 0x0, 0x0, 0x0, 0x7, 0xff, 0xc0,
    0x1f, 0xff, 0x80, 0x0, 0x0, 0x0, 0x3f, 0xff,
    0x50, 0x6, 0xff, 0xfa, 0x20, 0x0, 0x7, 0xff,
    0xfb, 0x0, 0x0, 0x9f, 0xff, 0xfd, 0xcc, 0xff,
    0xff, 0xd1, 0x0, 0x0, 0x6, 0xff, 0xff, 0xff,
    0xff, 0xfa, 0x0, 0x0, 0x0, 0x0, 0x17, 0xbe,
    0xfe, 0xd8, 0x30, 0x0, 0x0,

    /* U+01A1 "ơ" */
    0x0, 0x0, 0x0, 0x0, 0x0, 0x0, 0x51, 0x0,
    0x0, 0x0, 0x0, 0x0, 0x7, 0xf8, 0x0, 0x0,
    0x0, 0x0, 0x0, 0x3, 0xfb, 0x0, 0x0, 0x0,
    0x0, 0x0, 0x9, 0xfa, 0x0, 0x0, 0x5b, 0xef,
    0xff, 0xff, 0xf4, 0x0, 0x1b, 0xff, 0xff, 0xff,
    0xff, 0x50, 0x0, 0xcf, 0xff, 0xa9, 0xbf, 0xff,
    0x90, 0x6, 0xff, 0xd2, 0x0, 0x3, 0xef, 0xf4,
    0xd, 0xff, 0x30, 0x0, 0x0, 0x6f, 0xfa, 0xf,
    0xfe, 0x0, 0x0, 0x0, 0xf, 0xfe, 0x1f, 0xfc,
    0x0, 0x0, 0x0, 0xf, 0xff, 0xf, 0xfe, 0x0,
    0x0, 0x0, 0x1f, 0xfd, 0xc, 0xff, 0x40, 0x0,
    0x0, 0x6f, 0xfa, 0x6, 0xff, 0xd2, 0x0, 0x3,
    0xff, 0xf4, 0x0, 0xcf, 0xff, 0xb9, 0xcf, 0xff,
    0x90, 0x0, 0x1b, 0xff, 0xff, 0xff, 0xf9, 0x0,
    0x0, 0x0, 0x5b, 0xef, 0xea, 0x40, 0x0,

    /* U+01A4 "Ƥ" */
    0x0, 0x5c, 0xff, 0xff, 0xff, 0xff, 0xff, 0xda,
    0x40, 0x0, 0x7, 0xff, 0xff, 0xff, 0xff, 0xff,
    0xff, 0xff, 0xfb, 0x0, 0x1f, 0xff, 0xca, 0xff,
    0xff, 0xaa, 0xab, 0xef, 0xff, 0xb0, 0x4f, 0xfa,
    0x0, 0xaf, 0xf4, 0x0, 0x0, 0x6, 0xff, 0xf3,
    0x5f, 0xf8, 0x0, 0xaf, 0xf4, 0x0, 0x0, 0x0,
    0x9f, 0xf9, 0x2f, 0xfc, 0x0, 0xaf, 0xf4, 0x0,
    0x0, 0x0, 0x5f, 0xfb, 0xc, 0xff, 0x20, 0xaf,
    0xf4, 0x0, 0x0, 0x0, 0x5f, 0xfb, 0x3, 0xd3,
    0x0, 0xaf, 0xf4, 0x0, 0x0, 0x0, 0x9f, 0xf9,
    0x0, 0x0, 0x0, 0xaf, 0xf4, 0x0, 0x0, 0x6,
    0xff, 0xf3, 0x0, 0x0, 0x0, 0xaf, 0xff, 0xaa,
    0xab, 0xef, 0xff, 0xb0, 0x0, 0x0, 0x0, 0xaf,
    0xff, 0xff, 0xff, 0xff, 0xfb, 0x0, 0x0, 0x0,
    0x0, 0xaf, 0xff, 0xff, 0xff, 0xda, 0x40, 0x0,
    0x0, 0x0, 0x0, 0xaf, 0xf4, 0x0, 0x0, 0x0,
    0x0, 0x0, 0x0, 0x0, 0x0, 0xaf, 0xf4, 0x0,
    0x0, 0x0, 0x0, 0x0, 0x0, 0x0, 0x0, 0xaf,
    0xf4, 0x0, 0x0, 0x0, 0x0, 0x0, 0x0, 0x0,
    0x0, 0xaf, 0xf4, 0x0, 0x0, 0x0, 0x0, 0x0,
    0x0, 0x0, 0x0, 0xaf, 0xf4, 0x0, 0x0, 0x0,
    0x0, 0x0,

    /* U+01A5 "ƥ" */
    0x0, 0x2a, 0xdf, 0xea, 0x30, 0x0, 0x0, 0x2,
    0xff, 0xff, 0xff, 0xb0, 0x0, 0x0, 0xb, 0xff,
    0xc7, 0x9f, 0x30, 0x0, 0x0, 0xf, 0xfe, 0x0,
    0x0, 0x0, 0x0, 0x0, 0x1f, 0xfc, 0x0, 0x0,
    0x0, 0x0, 0x0, 0x1f, 0xfc, 0x18, 0xdf, 0xeb,
    0x50, 0x0, 0x1f, 0xfe, 0xef, 0xff, 0xff, 0xfb,
    0x0, 0x1f, 0xff, 0xff, 0xa9, 0xbf, 0xff, 0xb0,
    0x1f, 0xff, 0xd1, 0x0, 0x4, 0xff, 0xf4, 0x1f,
    0xff, 0x30, 0x0, 0x0, 0x7f, 0xfa, 0x1f, 0xff,
    0x0, 0x0, 0x0, 0x1f, 0xfc, 0x1f, 0xff, 0x0,
    0x0, 0x0, 0xf, 0xfe, 0x1f, 0xff, 0x0, 0x0,
    0x0, 0x2f, 0xfc, 0x1f, 0xff, 0x30, 0x0, 0x0,
    0x7f, 0xfa, 0x1f, 0xff, 0xd2, 0x0, 0x4, 0xff,
    0xf4, 0x1f, 0xff, 0xff, 0xb9, 0xcf, 0xff, 0xa0,
    0x1f, 0xfe, 0xdf, 0xff, 0xff, 0xfb, 0x0, 0x1f,
    0xfc, 0x18, 0xdf, 0xeb, 0x50, 0x0, 0x1f, 0xfc,
    0x0, 0x0, 0x0, 0x0, 0x0, 0x1f, 0xfc, 0x0,
    0x0, 0x0, 0x0, 0x0, 0x1f, 0xfc, 0x0, 0x0,
    0x0, 0x0, 0x0, 0x1f, 0xfc, 0x0, 0x0, 0x0,
    0x0, 0x0, 0x1f, 0xfc, 0x0, 0x0, 0x0, 0x0,
    0x0,

    /* U+01A6 "Ʀ" */
    0xdf, 0xf2, 0x0, 0x0, 0x0, 0x0, 0x0, 0xdf,
    0xf2, 0x0, 0x0, 0x0, 0x0, 0x0, 0xdf, 0xff,
    0xff, 0xff, 0xda, 0x40, 0x0, 0xdf, 0xff, 0xff,
    0xff, 0xff, 0xfa, 0x0, 0xdf, 0xfd, 0xaa, 0xac,
    0xef, 0xff, 0xa0, 0xdf, 0xf2, 0x0, 0x0, 0x7,
    0xff, 0xf3, 0xdf, 0xf2, 0x0, 0x0, 0x0, 0xbf,
    0xf7, 0xdf, 0xf2, 0x0, 0x0, 0x0, 0x7f, 0xf9,
    0xdf, 0xf2, 0x0, 0x0, 0x0, 0x8f, 0xf8, 0xdf,
    0xf2, 0x0, 0x0, 0x0, 0xdf, 0xf6, 0xdf, 0xf2,
    0x0, 0x1, 0x4c, 0xff, 0xf0, 0xdf, 0xff, 0xff,
    0xff, 0xff, 0xff, 0x40, 0xdf, 0xff, 0xff, 0xff,
    0xff, 0xd3, 0x0, 0xdf, 0xfb, 0x99, 0xaf, 0xff,
    0x30, 0x0, 0xdf, 0xf2, 0x0, 0x6, 0xff, 0xc0,
    0x0, 0xdf, 0xf2, 0x0, 0x0, 0xcf, 0xf6, 0x0,
    0xdf, 0xf2, 0x0, 0x0, 0x2f, 0xff, 0x10, 0x0,
    0x0, 0x0, 0x0, 0x8, 0xff, 0xa0, 0x0, 0x0,
    0x0, 0x0, 0x0, 0xef, 0xf4, 0x0, 0x0, 0x0,
    0x0, 0x0, 0x38, 0x86,

    /* U+01A9 "Ʃ" */
    0x0, 0x0, 0x0, 0x8, 0xdf, 0xeb, 0x30, 0x0,
    0x0, 0x0, 0xcf, 0xff, 0xff, 0xf0, 0x0, 0x0,
    0x7, 0xff, 0xfd, 0xbf, 0xa0, 0x0, 0x0, 0xb,
    0xff, 0x80, 0x1, 0x20, 0x0, 0x0, 0xd, 0xff,
    0x20, 0x0, 0x0, 0x0, 0x0, 0xd, 0xff, 0x20,
    0x0, 0x0, 0x0, 0x0, 0xd, 0xff, 0x20, 0x0,
    0x0, 0x0, 0x0, 0xd, 0xff, 0x30, 0x0, 0x0,
    0x0, 0x0, 0xd, 0xff, 0x30, 0x0, 0x0, 0x0,
    0x0, 0xc, 0xff, 0x30, 0x0, 0x0, 0x0, 0x0,
    0xc, 0xff, 0x30, 0x0, 0x0, 0x0, 0x0, 0xc,
    0xff, 0x30, 0x0, 0x0, 0x0, 0x0, 0xc, 0xff,
    0x30, 0x0, 0x0, 0x3, 0x0, 0x2f, 0xff, 0x20,
    0x0, 0x0, 0x4f, 0xcb, 0xff, 0xfd, 0x0, 0x0,
    0x0, 0xaf, 0xff, 0xff, 0xf4, 0x0, 0x0, 0x0,
    0x18, 0xdf, 0xeb, 0x30, 0x0, 0x0, 0x0,

    /* U+01AC "Ƭ" */
    0x0, 0x5c, 0xff, 0xff, 0xff, 0xff, 0xff, 0xfb,
    0x7, 0xff, 0xff, 0xff, 0xff, 0xff, 0xff, 0xfb,
    0x1f, 0xff, 0xba, 0xaf, 0xff, 0xea, 0xaa, 0xa7,
    0x4f, 0xf7, 0x0, 0xa, 0xff, 0x50, 0x0, 0x0,
    0x4f, 0xf3, 0x0, 0xa, 0xff, 0x50, 0x0, 0x0,
    0x2f, 0xf7, 0x0, 0xa, 0xff, 0x50, 0x0, 0x0,
    0xc, 0xfe, 0x0, 0xa, 0xff, 0x50, 0x0, 0x0,
    0x3, 0xd4, 0x0, 0xa, 0xff, 0x50, 0x0, 0x0,
    0x0, 0x0, 0x0, 0xa, 0xff, 0x50, 0x0, 0x0,
    0x0, 0x0, 0x0, 0xa, 0xff, 0x50, 0x0, 0x0,
    0x0, 0x0, 0x0, 0xa, 0xff, 0x50, 0x0, 0x0,
    0x0, 0x0, 0x0, 0xa, 0xff, 0x50, 0x0, 0x0,
    0x0, 0x0, 0x0, 0xa, 0xff, 0x50, 0x0, 0x0,
    0x0, 0x0, 0x0, 0xa, 0xff, 0x50, 0x0, 0x0,
    0x0, 0x0, 0x0, 0xa, 0xff, 0x50, 0x0, 0x0,
    0x0, 0x0, 0x0, 0xa, 0xff, 0x50, 0x0, 0x0,
    0x0, 0x0, 0x0, 0xa, 0xff, 0x50, 0x0, 0x0,

    /* U+01AD "ƭ" */
    0x0, 0x0, 0x8d, 0xfd, 0x91, 0x0, 0xc, 0xff,
    0xff, 0xf0, 0x0, 0x6f, 0xfe, 0x78, 0x70, 0x0,
    0xaf, 0xf5, 0x0, 0x0, 0x0, 0xbf, 0xf2, 0x0,
    0x0, 0xcf, 0xff, 0xff, 0xff, 0x70, 0xcf, 0xff,
    0xff, 0xff, 0x70, 0x46, 0xff, 0xf9, 0x66, 0x20,
    0x0, 0xbf, 0xf2, 0x0, 0x0, 0x0, 0xbf, 0xf2,
    0x0, 0x0, 0x0, 0xbf, 0xf2, 0x0, 0x0, 0x0,
    0xbf, 0xf2, 0x0, 0x0, 0x0, 0xbf, 0xf2, 0x0,
    0x0, 0x0, 0xbf, 0xf2, 0x0, 0x0, 0x0, 0xaf,
    0xf5, 0x0, 0x0, 0x0, 0x7f, 0xfe, 0x89, 0x90,
    0x0, 0x1e, 0xff, 0xff, 0xf1, 0x0, 0x1, 0xae,
    0xfd, 0x80,

    /* U+01AE "Ʈ" */
    0xef, 0xff, 0xff, 0xff, 0xff, 0xff, 0xfc, 0xef,
    0xff, 0xff, 0xff, 0xff, 0xff, 0xfc, 0x9a, 0xaa,
    0xaf, 0xff, 0xfa, 0xaa, 0xa7, 0x0, 0x0, 0x9,
    0xff, 0x60, 0x0, 0x0, 0x0, 0x0, 0x9, 0xff,
    0x60, 0x0, 0x0, 0x0, 0x0, 0x9, 0xff, 0x60,
    0x0, 0x0, 0x0, 0x0, 0x9, 0xff, 0x60, 0x0,
    0x0, 0x0, 0x0, 0x9, 0xff, 0x60, 0x0, 0x0,
    0x0, 0x0, 0x9, 0xff, 0x60, 0x0, 0x0, 0x0,
    0x0, 0x9, 0xff, 0x60, 0x0, 0x0, 0x0, 0x0,
    0x9, 0xff, 0x60, 0x0, 0x0, 0x0, 0x0, 0x9,
    0xff, 0x60, 0x0, 0x0, 0x0, 0x0, 0x9, 0xff,
    0x60, 0x0, 0x0, 0x0, 0x0, 0x9, 0xff, 0x60,
    0x0, 0x0, 0x0, 0x0, 0x9, 0xff, 0x60, 0x0,
    0x0, 0x0, 0x0, 0x9, 0xff, 0x60, 0x0, 0x0,
    0x0, 0x0, 0x9, 0xff, 0x60, 0x0, 0x0, 0x0,
    0x0, 0x8, 0xff, 0x70, 0x0, 0x0, 0x0, 0x0,
    0x7, 0xff, 0xc1, 0x3, 0x0, 0x0, 0x0, 0x2,
    0xff, 0xff, 0xfe, 0x0, 0x0, 0x0, 0x0, 0x6f,
    0xff, 0xff, 0x40, 0x0, 0x0, 0x0, 0x3, 0x8a,
    0x94, 0x0,

    /* U+01AF "Ư" */
    0x0, 0x0, 0x0, 0x0, 0x0, 0x0, 0x0, 0x38,
    0x0, 0x0, 0x0, 0x0, 0x0, 0x0, 0x0, 0xa,
    0xf5, 0x0, 0x0, 0x0, 0x0, 0x0, 0x0, 0x0,
    0x8f, 0x70, 0x0, 0x0, 0x0, 0x0, 0x0, 0x0,
    0x1c, 0xf6, 0xff, 0xf0, 0x0, 0x0, 0x0, 0xd,
    0xff, 0xfe, 0x1f, 0xff, 0x0, 0x0, 0x0, 0x0,
    0xdf, 0xff, 0x30, 0xff, 0xf0, 0x0, 0x0, 0x0,
    0xd, 0xff, 0x20, 0xf, 0xff, 0x0, 0x0, 0x0,
    0x0, 0xdf, 0xf2, 0x0, 0xff, 0xf0, 0x0, 0x0,
    0x0, 0xd, 0xff, 0x20, 0xf, 0xff, 0x0, 0x0,
    0x0, 0x0, 0xdf, 0xf2, 0x0, 0xff, 0xf0, 0x0,
    0x0, 0x0, 0xd, 0xff, 0x20, 0xf, 0xff, 0x0,
    0x0, 0x0, 0x0, 0xdf, 0xf2, 0x0, 0xff, 0xf0,
    0x0, 0x0, 0x0, 0xd, 0xff, 0x20, 0xf, 0xff,
    0x0, 0x0, 0x0, 0x0, 0xdf, 0xf1, 0x0, 0xef,
    0xf1, 0x0, 0x0, 0x0, 0xe, 0xff, 0x0, 0xc,
    0xff, 0x40, 0x0, 0x0, 0x1, 0xff, 0xe0, 0x0,
    0x8f, 0xfb, 0x0, 0x0, 0x0, 0x8f, 0xfb, 0x0,
    0x2, 0xff, 0xf8, 0x0, 0x0, 0x6f, 0xff, 0x40,
    0x0, 0x8, 0xff, 0xff, 0xcc, 0xef, 0xff, 0xa0,
    0x0, 0x0, 0x9, 0xff, 0xff, 0xff, 0xff, 0xa0,
    0x0, 0x0, 0x0, 0x3, 0x9d, 0xff, 0xea, 0x40,
    0x0, 0x0, 0x0,

    /* U+01B0 "ư" */
    0x0, 0x0, 0x0, 0x0, 0x0, 0x0, 0x17, 0x30,
    0x0, 0x0, 0x0, 0x0, 0x0, 0x6, 0xfa, 0x0,
    0x0, 0x0, 0x0, 0x0, 0x0, 0x3f, 0xc0, 0x0,
    0x0, 0x0, 0x0, 0x0, 0x8, 0xfa, 0x3f, 0xfa,
    0x0, 0x0, 0x1, 0xff, 0xff, 0x53, 0xff, 0xa0,
    0x0, 0x0, 0x1f, 0xff, 0x70, 0x3f, 0xfa, 0x0,
    0x0, 0x1, 0xff, 0xc0, 0x3, 0xff, 0xa0, 0x0,
    0x0, 0x1f, 0xfc, 0x0, 0x3f, 0xfa, 0x0, 0x0,
    0x1, 0xff, 0xc0, 0x3, 0xff, 0xa0, 0x0, 0x0,
    0x1f, 0xfc, 0x0, 0x3f, 0xfa, 0x0, 0x0, 0x1,
    0xff, 0xc0, 0x2, 0xff, 0xb0, 0x0, 0x0, 0x3f,
    0xfc, 0x0, 0x1f, 0xfe, 0x0, 0x0, 0x8, 0xff,
    0xc0, 0x0, 0xef, 0xf8, 0x0, 0x4, 0xff, 0xfc,
    0x0, 0x8, 0xff, 0xfd, 0xbc, 0xff, 0xff, 0xc0,
    0x0, 0xc, 0xff, 0xff, 0xff, 0xbf, 0xfc, 0x0,
    0x0, 0x7, 0xcf, 0xfc, 0x60, 0xff, 0xc0, 0x0,

    /* U+01B1 "Ʊ" */
    0x8f, 0xff, 0xff, 0xff, 0x0, 0x4, 0xff, 0xff,
    0xff, 0xf3, 0x8f, 0xff, 0xff, 0xff, 0x0, 0x4,
    0xff, 0xff, 0xff, 0xf3, 0x5a, 0xac, 0xff, 0xfb,
    0x0, 0x2, 0xef, 0xff, 0xaa, 0xa2, 0x0, 0x1e,
    0xff, 0x80, 0x0, 0x0, 0x1b, 0xff, 0xa0, 0x0,
    0x0, 0xaf, 0xf9, 0x0, 0x0, 0x0, 0x0, 0xdf,
    0xf5, 0x0, 0x2, 0xff, 0xe0, 0x0, 0x0, 0x0,
    0x0, 0x4f, 0xfd, 0x0, 0x7, 0xff, 0x80, 0x0,
    0x0, 0x0, 0x0, 0xd, 0xff, 0x20, 0xa, 0xff,
    0x50, 0x0, 0x0, 0x0, 0x0, 0xa, 0xff, 0x50,
    0xc, 0xff, 0x30, 0x0, 0x0, 0x0, 0x0, 0x8,
    0xff, 0x70, 0xb, 0xff, 0x40, 0x0, 0x0, 0x0,
    0x0, 0x9, 0xff, 0x60, 0x9, 0xff, 0x80, 0x0,
    0x0, 0x0, 0x0, 0xd, 0xff, 0x40, 0x5, 0xff,
    0xe0, 0x0, 0x0, 0x0, 0x0, 0x4f, 0xff, 0x0,
    0x0, 0xef, 0xfa, 0x0, 0x0, 0x0, 0x1, 0xdf,
    0xf9, 0x0, 0x0, 0x5f, 0xff, 0xb3, 0x0, 0x0,
    0x5e, 0xff, 0xe1, 0x0, 0x0, 0x7, 0xff, 0xff,
    0xec, 0xcf, 0xff, 0xff, 0x30, 0x0, 0x0, 0x0,
    0x5e, 0xff, 0xff, 0xff, 0xff, 0xc2, 0x0, 0x0,
    0x0, 0x0, 0x0, 0x6b, 0xef, 0xfd, 0x94, 0x0,
    0x0, 0x0,

    /* U+01B2 "Ʋ" */
    0x0, 0x0, 0x0, 0x0, 0x3, 0x66, 0x30, 0x0,
    0xf, 0xff, 0x0, 0x0, 0xcf, 0xff, 0xfb, 0x0,
    0xf, 0xff, 0x0, 0x0, 0xaf, 0xff, 0xff, 0x80,
    0xf, 0xff, 0x0, 0x0, 0x36, 0x27, 0xff, 0xf0,
    0xf, 0xff, 0x0, 0x0, 0x0, 0x0, 0xef, 0xf1,
    0xf, 0xff, 0x0, 0x0, 0x0, 0x0, 0xdf, 0xf2,
    0xf, 0xff, 0x0, 0x0, 0x0, 0x0, 0xdf, 0xf2,
    0xf, 0xff, 0x0, 0x0, 0x0, 0x0, 0xdf, 0xf2,
    0xf, 0xff, 0x0, 0x0, 0x0, 0x0, 0xdf, 0xf2,
    0xf, 0xff, 0x0, 0x0, 0x0, 0x0, 0xdf, 0xf2,
    0xf, 0xff, 0x0, 0x0, 0x0, 0x0, 0xdf, 0xf1,
    0xf, 0xff, 0x0, 0x0, 0x0, 0x0, 0xff, 0xf0,
    0xd, 0xff, 0x30, 0x0, 0x0, 0x2, 0xff, 0xe0,
    0x9, 0xff, 0xa0, 0x0, 0x0, 0x8, 0xff, 0xa0,
    0x2, 0xff, 0xf8, 0x0, 0x0, 0x7f, 0xff, 0x40,
    0x0, 0x9f, 0xff, 0xfc, 0xce, 0xff, 0xfa, 0x0,
    0x0, 0x9, 0xff, 0xff, 0xff, 0xff, 0xa0, 0x0,
    0x0, 0x0, 0x39, 0xdf, 0xfd, 0xa4, 0x0, 0x0,

    /* U+01B3 "Ƴ" */
    0x0, 0x0, 0x0, 0x0, 0x0, 0x0, 0x0, 0x1,
    0x20, 0x0, 0x0, 0x0, 0x0, 0x0, 0x0, 0x0,
    0x1b, 0xff, 0xe4, 0xe, 0xff, 0x40, 0x0, 0x0,
    0x0, 0xc, 0xff, 0xff, 0x20, 0x5f, 0xfd, 0x0,
    0x0, 0x0, 0x6, 0xff, 0xc8, 0x70, 0x0, 0xcf,
    0xf6, 0x0, 0x0, 0x1, 0xef, 0xd0, 0x0, 0x0,
    0x3, 0xff, 0xe1, 0x0, 0x0, 0x9f, 0xf5, 0x0,
    0x0, 0x0, 0xa, 0xff, 0x80, 0x0, 0x2f, 0xfc,
    0x0, 0x0, 0x0, 0x0, 0x1f, 0xff, 0x20, 0xb,
    0xff, 0x30, 0x0, 0x0, 0x0, 0x0, 0x7f, 0xfb,
    0x4, 0xff, 0xa0, 0x0, 0x0, 0x0, 0x0, 0x0,
    0xef, 0xf4, 0xdf, 0xf1, 0x0, 0x0, 0x0, 0x0,
    0x0, 0x5, 0xff, 0xff, 0xf8, 0x0, 0x0, 0x0,
    0x0, 0x0, 0x0, 0xc, 0xff, 0xfe, 0x0, 0x0,
    0x0, 0x0, 0x0, 0x0, 0x0, 0x3f, 0xff, 0x70,
    0x0, 0x0, 0x0, 0x0, 0x0, 0x0, 0x0, 0xff,
    0xf1, 0x0, 0x0, 0x0, 0x0, 0x0, 0x0, 0x0,
    0xe, 0xff, 0x10, 0x0, 0x0, 0x0, 0x0, 0x0,
    0x0, 0x0, 0xef, 0xf1, 0x0, 0x0, 0x0, 0x0,
    0x0, 0x0, 0x0, 0xe, 0xff, 0x10, 0x0, 0x0,
    0x0, 0x0, 0x0, 0x0, 0x0, 0xef, 0xf1, 0x0,
    0x0, 0x0, 0x0, 0x0, 0x0, 0x0, 0xe, 0xff,
    0x10, 0x0, 0x0, 0x0, 0x0,

    /* U+01B4 "ƴ" */
    0x0, 0x0, 0x0, 0x0, 0x0, 0x0, 0x1, 0x30,
    0x0, 0x0, 0x0, 0x0, 0x0, 0x0, 0x9, 0xff,
    0xf1, 0xe, 0xff, 0x10, 0x0, 0x0, 0x6, 0xff,
    0xfc, 0x0, 0x7f, 0xf7, 0x0, 0x0, 0x0, 0xef,
    0xe6, 0x30, 0x1, 0xff, 0xd0, 0x0, 0x0, 0x6f,
    0xf6, 0x0, 0x0, 0xa, 0xff, 0x40, 0x0, 0xc,
    0xfe, 0x0, 0x0, 0x0, 0x4f, 0xfa, 0x0, 0x2,
    0xff, 0x80, 0x0, 0x0, 0x0, 0xdf, 0xf1, 0x0,
    0x9f, 0xf2, 0x0, 0x0, 0x0, 0x7, 0xff, 0x70,
    0xe, 0xfb, 0x0, 0x0, 0x0, 0x0, 0x1f, 0xfd,
    0x5, 0xff, 0x50, 0x0, 0x0, 0x0, 0x0, 0xaf,
    0xf4, 0xcf, 0xe0, 0x0, 0x0, 0x0, 0x0, 0x3,
    0xff, 0xdf, 0xf8, 0x0, 0x0, 0x0, 0x0, 0x0,
    0xd, 0xff, 0xff, 0x10, 0x0, 0x0, 0x0, 0x0,
    0x0, 0x6f, 0xff, 0xb0, 0x0, 0x0, 0x0, 0x0,
    0x0, 0x0, 0xff, 0xf4, 0x0, 0x0, 0x0, 0x0,
    0x0, 0x0, 0xf, 0xfe, 0x0, 0x0, 0x0, 0x0,
    0x2, 0x0, 0x6, 0xff, 0x70, 0x0, 0x0, 0x0,
    0x0, 0xbe, 0x9a, 0xff, 0xe0, 0x0, 0x0, 0x0,
    0x0, 0x3f, 0xff, 0xff, 0xf4, 0x0, 0x0, 0x0,
    0x0, 0x0, 0x6c, 0xff, 0xb3, 0x0, 0x0, 0x0,
    0x0, 0x0,

    /* U+01B5 "Ƶ" */
    0xe, 0xff, 0xff, 0xff, 0xff, 0xff, 0xff, 0x60,
    0xef, 0xff, 0xff, 0xff, 0xff, 0xff, 0xf6, 0x9,
    0xaa, 0xaa, 0xaa, 0xaa, 0xff, 0xfe, 0x20, 0x0,
    0x0, 0x0, 0x0, 0x3f, 0xff, 0x40, 0x0, 0x0,
    0x0, 0x0, 0x1e, 0xff, 0x80, 0x0, 0x0, 0x0,
    0x0, 0xc, 0xff, 0xb0, 0x0, 0x0, 0x0, 0x0,
    0x8, 0xff, 0xe1, 0x0, 0x0, 0x4, 0xff, 0xff,
    0xff, 0xff, 0xfe, 0x0, 0x0, 0x4f, 0xff, 0xff,
    0xff, 0xff, 0xe0, 0x0, 0x1, 0x45, 0xff, 0xfe,
    0x44, 0x44, 0x0, 0x0, 0x0, 0xaf, 0xfd, 0x0,
    0x0, 0x0, 0x0, 0x0, 0x6f, 0xff, 0x20, 0x0,
    0x0, 0x0, 0x0, 0x3f, 0xff, 0x50, 0x0, 0x0,
    0x0, 0x0, 0x1e, 0xff, 0x80, 0x0, 0x0, 0x0,
    0x0, 0xb, 0xff, 0xfa, 0xaa, 0xaa, 0xaa, 0xaa,
    0x61, 0xff, 0xff, 0xff, 0xff, 0xff, 0xff, 0xfa,
    0x1f, 0xff, 0xff, 0xff, 0xff, 0xff, 0xff, 0xa0,

    /* U+01B6 "ƶ" */
    0xf, 0xff, 0xff, 0xff, 0xff, 0xf4, 0xf, 0xff,
    0xff, 0xff, 0xff, 0xf4, 0x6, 0x66, 0x66, 0x6d,
    0xff, 0xc0, 0x0, 0x0, 0x0, 0x3f, 0xfe, 0x10,
    0x0, 0x0, 0x1, 0xef, 0xf4, 0x0, 0x0, 0xff,
    0xff, 0xff, 0xff, 0x50, 0x0, 0xff, 0xff, 0xff,
    0xff, 0x60, 0x0, 0x5, 0xff, 0xd0, 0x0, 0x0,
    0x0, 0x2f, 0xff, 0x20, 0x0, 0x0, 0x0, 0xdf,
    0xf5, 0x0, 0x0, 0x0, 0xa, 0xff, 0xf6, 0x66,
    0x66, 0x63, 0x1f, 0xff, 0xff, 0xff, 0xff, 0xf7,
    0x2f, 0xff, 0xff, 0xff, 0xff, 0xf7,

    /* U+01B7 "Ʒ" */
    0xb, 0xff, 0xff, 0xff, 0xff, 0xff, 0xb0, 0xb,
    0xff, 0xff, 0xff, 0xff, 0xff, 0xb0, 0x7, 0xaa,
    0xaa, 0xaa, 0xaf, 0xff, 0x60, 0x0, 0x0, 0x0,
    0x0, 0xaf, 0xf8, 0x0, 0x0, 0x0, 0x0, 0x8,
    0xff, 0xa0, 0x0, 0x0, 0x0, 0x0, 0x6f, 0xfc,
    0x0, 0x0, 0x0, 0x0, 0x4, 0xff, 0xe1, 0x0,
    0x0, 0x0, 0x0, 0xd, 0xff, 0xfc, 0x70, 0x0,
    0x0, 0x0, 0xd, 0xff, 0xff, 0xfe, 0x20, 0x0,
    0x0, 0x4, 0x56, 0x8e, 0xff, 0xe0, 0x0, 0x0,
    0x0, 0x0, 0x1, 0xdf, 0xf5, 0x0, 0x0, 0x0,
    0x0, 0x0, 0x8f, 0xf7, 0x1, 0x0, 0x0, 0x0,
    0x0, 0x9f, 0xf6, 0xa, 0xc4, 0x0, 0x0, 0x5,
    0xff, 0xf3, 0x1f, 0xff, 0xfc, 0xbb, 0xef, 0xff,
    0xa0, 0x1a, 0xff, 0xff, 0xff, 0xff, 0xfb, 0x0,
    0x0, 0x28, 0xbe, 0xff, 0xda, 0x40, 0x0,

    /* U+01B8 "Ƹ" */
    0x1f, 0xff, 0xff, 0xff, 0xff, 0xff, 0x51, 0xff,
    0xff, 0xff, 0xff, 0xff, 0xf5, 0xb, 0xff, 0xf9,
    0x99, 0x99, 0x99, 0x20, 0xd, 0xff, 0x60, 0x0,
    0x0, 0x0, 0x0, 0x1e, 0xff, 0x40, 0x0, 0x0,
    0x0, 0x0, 0x2f, 0xff, 0x20, 0x0, 0x0, 0x0,
    0x0, 0x4f, 0xfe, 0x10, 0x0, 0x0, 0x2, 0x9d,
    0xff, 0xf8, 0x0, 0x0, 0x7, 0xff, 0xff, 0xff,
    0x80, 0x0, 0x4, 0xff, 0xfd, 0x86, 0x52, 0x0,
    0x0, 0xbf, 0xf9, 0x0, 0x0, 0x0, 0x0, 0xd,
    0xff, 0x10, 0x0, 0x0, 0x0, 0x0, 0xcf, 0xf3,
    0x0, 0x0, 0x0, 0x1, 0x8, 0xff, 0xd2, 0x0,
    0x0, 0x17, 0xe4, 0x1e, 0xff, 0xfd, 0xbb, 0xdf,
    0xff, 0xb0, 0x3e, 0xff, 0xff, 0xff, 0xff, 0xe6,
    0x0, 0x7, 0xce, 0xff, 0xda, 0x50, 0x0,

    /* U+01B9 "ƹ" */
    0x9, 0xff, 0xff, 0xff, 0xff, 0xff, 0x60, 0x9,
    0xff, 0xff, 0xff, 0xff, 0xff, 0x60, 0x4, 0xff,
    0xfb, 0xaa, 0xaa, 0xaa, 0x30, 0x0, 0x8f, 0xfc,
    0x0, 0x0, 0x0, 0x0, 0x0, 0xb, 0xff, 0x80,
    0x0, 0x0, 0x0, 0x0, 0x1, 0xef, 0xf4, 0x0,
    0x0, 0x0, 0x0, 0x0, 0x3f, 0xfe, 0x10, 0x0,
    0x0, 0x0, 0x0, 0x2c, 0xff, 0xc0, 0x0, 0x0,
    0x0, 0x3d, 0xff, 0xff, 0xf1, 0x0, 0x0, 0x3,
    0xff, 0xff, 0xff, 0xf1, 0x0, 0x0, 0xc, 0xff,
    0xb3, 0x0, 0x0, 0x0, 0x0, 0x1f, 0xfe, 0x0,
    0x0, 0x0, 0x0, 0x0, 0x3f, 0xfb, 0x0, 0x0,
    0x0, 0x0, 0x0, 0x2f, 0xfd, 0x0, 0x0, 0x0,
    0x0, 0x0, 0xe, 0xff, 0x70, 0x0, 0x0, 0x6e,
    0x50, 0x6, 0xff, 0xfd, 0xaa, 0xcf, 0xff, 0xd0,
    0x0, 0x8f, 0xff, 0xff, 0xff, 0xff, 0x70, 0x0,
    0x2, 0x9d, 0xff, 0xdb, 0x61, 0x0,

    /* U+01C0 "ǀ" */
    0xdf, 0xdd, 0xfd, 0xdf, 0xdd, 0xfd, 0xdf, 0xdd,
    0xfd, 0xdf, 0xdd, 0xfd, 0xdf, 0xdd, 0xfd, 0xdf,
    0xdd, 0xfd, 0xdf, 0xdd, 0xfd, 0xdf, 0xdd, 0xfd,
    0xdf, 0xdd, 0xfd, 0xdf, 0xdd, 0xfd, 0xdf, 0xdd,
    0xfd, 0xdf, 0xd0,

    /* U+01C1 "ǁ" */
    0xdf, 0xd0, 0xc, 0xfd, 0xdf, 0xd0, 0xc, 0xfd,
    0xdf, 0xd0, 0xc, 0xfd, 0xdf, 0xd0, 0xc, 0xfd,
    0xdf, 0xd0, 0xc, 0xfd, 0xdf, 0xd0, 0xc, 0xfd,
    0xdf, 0xd0, 0xc, 0xfd, 0xdf, 0xd0, 0xc, 0xfd,
    0xdf, 0xd0, 0xc, 0xfd, 0xdf, 0xd0, 0xc, 0xfd,
    0xdf, 0xd0, 0xc, 0xfd, 0xdf, 0xd0, 0xc, 0xfd,
    0xdf, 0xd0, 0xc, 0xfd, 0xdf, 0xd0, 0xc, 0xfd,
    0xdf, 0xd0, 0xc, 0xfd, 0xdf, 0xd0, 0xc, 0xfd,
    0xdf, 0xd0, 0xc, 0xfd, 0xdf, 0xd0, 0xc, 0xfd,
    0xdf, 0xd0, 0xc, 0xfd, 0xdf, 0xd0, 0xc, 0xfd,
    0xdf, 0xd0, 0xc, 0xfd, 0xdf, 0xd0, 0xc, 0xfd,
    0xdf, 0xd0, 0xc, 0xfd,

    /* U+01C2 "ǂ" */
    0x0, 0x0, 0x3, 0xff, 0xb0, 0x0, 0x0, 0x0,
    0x0, 0x3, 0xff, 0xb0, 0x0, 0x0, 0x0, 0x0,
    0x3, 0xff, 0xb0, 0x0, 0x0, 0x0, 0x0, 0x3,
    0xff, 0xb0, 0x0, 0x0, 0x0, 0x0, 0x3, 0xff,
    0xb0, 0x0, 0x0, 0x0, 0x0, 0x3, 0xff, 0xb0,
    0x0, 0x0, 0x0, 0x0, 0x3, 0xff, 0xb0, 0x0,
    0x0, 0x29, 0x99, 0x9a, 0xff, 0xd9, 0x99, 0x97,
    0x5f, 0xff, 0xff, 0xff, 0xff, 0xff, 0xfd, 0x5f,
    0xff, 0xff, 0xff, 0xff, 0xff, 0xfd, 0x0, 0x0,
    0x3, 0xff, 0xb0, 0x0, 0x0, 0x0, 0x0, 0x3,
    0xff, 0xb0, 0x0, 0x0, 0x0, 0x0, 0x3, 0xff,
    0xb0, 0x0, 0x0, 0x5f, 0xff, 0xff, 0xff, 0xff,
    0xff, 0xfd, 0x5f, 0xff, 0xff, 0xff, 0xff, 0xff,
    0xfd, 0x28, 0x88, 0x89, 0xff, 0xd8, 0x88, 0x87,
    0x0, 0x0, 0x3, 0xff, 0xb0, 0x0, 0x0, 0x0,
    0x0, 0x3, 0xff, 0xb0, 0x0, 0x0, 0x0, 0x0,
    0x3, 0xff, 0xb0, 0x0, 0x0, 0x0, 0x0, 0x3,
    0xff, 0xb0, 0x0, 0x0, 0x0, 0x0, 0x3, 0xff,
    0xb0, 0x0, 0x0, 0x0, 0x0, 0x3, 0xff, 0xb0,
    0x0, 0x0, 0x0, 0x0, 0x3, 0xff, 0xb0, 0x0,
    0x0,

    /* U+01C3 "ǃ" */
    0x7f, 0xfe, 0x6, 0xff, 0xd0, 0x5f, 0xfc, 0x5,
    0xff, 0xb0, 0x4f, 0xfb, 0x3, 0xff, 0xa0, 0x2f,
    0xf9, 0x1, 0xff, 0x80, 0x1f, 0xf7, 0x0, 0xff,
    0x60, 0xf, 0xf6, 0x0, 0x44, 0x10, 0x0, 0x0,
    0x0, 0x8a, 0x30, 0x7f, 0xfe, 0x9, 0xff, 0xf0,
    0x1c, 0xf6, 0x0,

    /* U+01C4 "Ǆ" */
    0x0, 0x0, 0x0, 0x0, 0x0, 0x0, 0x0, 0x0,
    0x0, 0x0, 0x48, 0x70, 0x0, 0x58, 0x60, 0x0,
    0x0, 0x0, 0x0, 0x0, 0x0, 0x0, 0x0, 0x0,
    0x0, 0x0, 0xd, 0xfc, 0x19, 0xff, 0x30, 0x0,
    0x0, 0x0, 0x0, 0x0, 0x0, 0x0, 0x0, 0x0,
    0x0, 0x0, 0x1, 0xef, 0xff, 0xf4, 0x0, 0x0,
    0x0, 0x0, 0x0, 0x0, 0x0, 0x0, 0x0, 0x0,
    0x0, 0x0, 0x0, 0x2f, 0xff, 0x60, 0x0, 0x0,
    0x0, 0x0, 0x0, 0x0, 0x0, 0x0, 0x0, 0x0,
    0x0, 0x0, 0x0, 0x0, 0x0, 0x0, 0x0, 0x0,
    0xdf, 0xff, 0xff, 0xff, 0xec, 0x71, 0x0, 0x0,
    0x1, 0xff, 0xff, 0xff, 0xff, 0xff, 0xff, 0xf3,
    0xdf, 0xff, 0xff, 0xff, 0xff, 0xff, 0x60, 0x0,
    0x1, 0xff, 0xff, 0xff, 0xff, 0xff, 0xff, 0xf3,
    0xdf, 0xfb, 0xaa, 0xab, 0xcf, 0xff, 0xfa, 0x0,
    0x0, 0xaa, 0xaa, 0xaa, 0xaa, 0xaf, 0xff, 0xd0,
    0xdf, 0xf2, 0x0, 0x0, 0x1, 0x9f, 0xff, 0x70,
    0x0, 0x0, 0x0, 0x0, 0x0, 0x6f, 0xff, 0x20,
    0xdf, 0xf2, 0x0, 0x0, 0x0, 0x7, 0xff, 0xf1,
    0x0, 0x0, 0x0, 0x0, 0x3, 0xff, 0xf5, 0x0,
    0xdf, 0xf2, 0x0, 0x0, 0x0, 0x0, 0xbf, 0xf8,
    0x0, 0x0, 0x0, 0x0, 0x1e, 0xff, 0x80, 0x0,
    0xdf, 0xf2, 0x0, 0x0, 0x0, 0x0, 0x5f, 0xfc,
    0x0, 0x0, 0x0, 0x0, 0xbf, 0xfc, 0x0, 0x0,
    0xdf, 0xf2, 0x0, 0x0, 0x0, 0x0, 0x2f, 0xfe,
    0x0, 0x0, 0x0, 0x8, 0xff, 0xe1, 0x0, 0x0,
    0xdf, 0xf2, 0x0, 0x0, 0x0, 0x0, 0xf, 0xff,
    0x0, 0x0, 0x0, 0x4f, 0xff, 0x30, 0x0, 0x0,
    0xdf, 0xf2, 0x0, 0x0, 0x0, 0x0, 0x2f, 0xfe,
    0x0, 0x0, 0x2, 0xef, 0xf7, 0x0, 0x0, 0x0,
    0xdf, 0xf2, 0x0, 0x0, 0x0, 0x0, 0x5f, 0xfc,
    0x0, 0x0, 0xc, 0xff, 0xa0, 0x0, 0x0, 0x0,
    0xdf, 0xf2, 0x0, 0x0, 0x0, 0x0, 0xcf, 0xf8,
    0x0, 0x0, 0x9f, 0xfd, 0x0, 0x0, 0x0, 0x0,
    0xdf, 0xf2, 0x0, 0x0, 0x0, 0x7, 0xff, 0xf1,
    0x0, 0x6, 0xff, 0xf2, 0x0, 0x0, 0x0, 0x0,
    0xdf, 0xf2, 0x0, 0x0, 0x1, 0x9f, 0xff, 0x70,
    0x0, 0x3f, 0xff, 0x50, 0x0, 0x0, 0x0, 0x0,
    0xdf, 0xfb, 0xaa, 0xab, 0xcf, 0xff, 0xfa, 0x0,
    0x1, 0xdf, 0xff, 0xaa, 0xaa, 0xaa, 0xaa, 0xa4,
    0xdf, 0xff, 0xff, 0xff, 0xff, 0xff, 0x60, 0x0,
    0x4, 0xff, 0xff, 0xff, 0xff, 0xff, 0xff, 0xf7,
    0xdf, 0xff, 0xff, 0xff, 0xec, 0x71, 0x0, 0x0,
    0x4, 0xff, 0xff, 0xff, 0xff, 0xff, 0xff, 0xf7,

    /* U+01C5 "ǅ" */
    0x0, 0x0, 0x0, 0x0, 0x0, 0x0, 0x0, 0x0,
    0x0, 0xb, 0xfa, 0x0, 0x6f, 0xe2, 0xd, 0xff,
    0xff, 0xff, 0xfe, 0xc7, 0x10, 0x0, 0x0, 0x0,
    0xc, 0xfc, 0xaf, 0xe3, 0x0, 0xdf, 0xff, 0xff,
    0xff, 0xff, 0xff, 0x60, 0x0, 0x0, 0x0, 0xc,
    0xff, 0xf3, 0x0, 0xd, 0xff, 0xba, 0xaa, 0xbc,
    0xff, 0xff, 0xa0, 0x0, 0x0, 0x0, 0x13, 0x32,
    0x0, 0x0, 0xdf, 0xf2, 0x0, 0x0, 0x1, 0x9f,
    0xff, 0x70, 0x0, 0x0, 0x0, 0x0, 0x0, 0x0,
    0xd, 0xff, 0x20, 0x0, 0x0, 0x0, 0x7f, 0xff,
    0x10, 0xf, 0xff, 0xff, 0xff, 0xff, 0xf4, 0xdf,
    0xf2, 0x0, 0x0, 0x0, 0x0, 0xbf, 0xf8, 0x0,
    0xff, 0xff, 0xff, 0xff, 0xff, 0x4d, 0xff, 0x20,
    0x0, 0x0, 0x0, 0x5, 0xff, 0xc0, 0x6, 0x66,
    0x66, 0x6d, 0xff, 0xc0, 0xdf, 0xf2, 0x0, 0x0,
    0x0, 0x0, 0x2f, 0xfe, 0x0, 0x0, 0x0, 0x3,
    0xff, 0xe1, 0xd, 0xff, 0x20, 0x0, 0x0, 0x0,
    0x0, 0xff, 0xf0, 0x0, 0x0, 0x1, 0xef, 0xf4,
    0x0, 0xdf, 0xf2, 0x0, 0x0, 0x0, 0x0, 0x2f,
    0xfe, 0x0, 0x0, 0x0, 0xcf, 0xf7, 0x0, 0xd,
    0xff, 0x20, 0x0, 0x0, 0x0, 0x5, 0xff, 0xc0,
    0x0, 0x0, 0x8f, 0xfa, 0x0, 0x0, 0xdf, 0xf2,
    0x0, 0x0, 0x0, 0x0, 0xcf, 0xf8, 0x0, 0x0,
    0x5f, 0xfd, 0x0, 0x0, 0xd, 0xff, 0x20, 0x0,
    0x0, 0x0, 0x7f, 0xff, 0x10, 0x0, 0x2f, 0xff,
    0x20, 0x0, 0x0, 0xdf, 0xf2, 0x0, 0x0, 0x1,
    0x9f, 0xff, 0x70, 0x0, 0xd, 0xff, 0x50, 0x0,
    0x0, 0xd, 0xff, 0xba, 0xaa, 0xbc, 0xff, 0xff,
    0xa0, 0x0, 0xa, 0xff, 0xf6, 0x66, 0x66, 0x63,
    0xdf, 0xff, 0xff, 0xff, 0xff, 0xff, 0x60, 0x0,
    0x1, 0xff, 0xff, 0xff, 0xff, 0xff, 0x7d, 0xff,
    0xff, 0xff, 0xfe, 0xc7, 0x10, 0x0, 0x0, 0x2f,
    0xff, 0xff, 0xff, 0xff, 0xf7,

    /* U+01C6 "ǆ" */
    0x0, 0x0, 0x0, 0x0, 0x0, 0xf, 0xfe, 0x0,
    0x2, 0xef, 0x60, 0xa, 0xfc, 0x0, 0x0, 0x0,
    0x0, 0x0, 0x0, 0xf, 0xfe, 0x0, 0x0, 0x3f,
    0xf9, 0xcf, 0xc0, 0x0, 0x0, 0x0, 0x0, 0x0,
    0x0, 0xf, 0xfe, 0x0, 0x0, 0x4, 0xff, 0xfd,
    0x10, 0x0, 0x0, 0x0, 0x0, 0x0, 0x0, 0xf,
    0xfe, 0x0, 0x0, 0x0, 0x35, 0x51, 0x0, 0x0,
    0x0, 0x0, 0x0, 0x0, 0x0, 0xf, 0xfe, 0x0,
    0x0, 0x0, 0x0, 0x0, 0x0, 0x0, 0x0, 0x0,
    0x6c, 0xef, 0xc6, 0xf, 0xfe, 0x0, 0x5f, 0xff,
    0xff, 0xff, 0xff, 0xf0, 0x0, 0x2d, 0xff, 0xff,
    0xff, 0xbf, 0xfe, 0x0, 0x5f, 0xff, 0xff, 0xff,
    0xff, 0xf0, 0x0, 0xdf, 0xff, 0xb9, 0xbf, 0xff,
    0xfe, 0x0, 0x28, 0x88, 0x88, 0x8f, 0xff, 0x90,
    0x7, 0xff, 0xd2, 0x0, 0x3, 0xef, 0xfe, 0x0,
    0x0, 0x0, 0x0, 0x7f, 0xfb, 0x0, 0xd, 0xff,
    0x30, 0x0, 0x0, 0x6f, 0xfe, 0x0, 0x0, 0x0,
    0x4, 0xff, 0xe1, 0x0, 0xf, 0xfe, 0x0, 0x0,
    0x0, 0xf, 0xfe, 0x0, 0x0, 0x0, 0x2f, 0xff,
    0x30, 0x0, 0x1f, 0xfc, 0x0, 0x0, 0x0, 0xf,
    0xfe, 0x0, 0x0, 0x0, 0xdf, 0xf5, 0x0, 0x0,
    0xf, 0xfe, 0x0, 0x0, 0x0, 0xf, 0xfe, 0x0,
    0x0, 0xb, 0xff, 0x80, 0x0, 0x0, 0xd, 0xff,
    0x40, 0x0, 0x0, 0x6f, 0xfe, 0x0, 0x0, 0x8f,
    0xfb, 0x0, 0x0, 0x0, 0x7, 0xff, 0xe2, 0x0,
    0x3, 0xff, 0xfe, 0x0, 0x5, 0xff, 0xd1, 0x0,
    0x0, 0x0, 0x0, 0xdf, 0xff, 0xb9, 0xcf, 0xff,
    0xfe, 0x0, 0x2f, 0xff, 0xc9, 0x99, 0x99, 0x91,
    0x0, 0x2d, 0xff, 0xff, 0xff, 0xce, 0xfe, 0x0,
    0x7f, 0xff, 0xff, 0xff, 0xff, 0xf2, 0x0, 0x0,
    0x6c, 0xef, 0xc7, 0xd, 0xfe, 0x0, 0x7f, 0xff,
    0xff, 0xff, 0xff, 0xf2,

    /* U+01C7 "Ǉ" */
    0xdf, 0xf2, 0x0, 0x0, 0x0, 0x0, 0xb, 0xff,
    0xff, 0xff, 0xff, 0xd, 0xff, 0x20, 0x0, 0x0,
    0x0, 0x0, 0xbf, 0xff, 0xff, 0xff, 0xf0, 0xdf,
    0xf2, 0x0, 0x0, 0x0, 0x0, 0x6, 0xaa, 0xaa,
    0xaf, 0xff, 0xd, 0xff, 0x20, 0x0, 0x0, 0x0,
    0x0, 0x0, 0x0, 0x0, 0xff, 0xf0, 0xdf, 0xf2,
    0x0, 0x0, 0x0, 0x0, 0x0, 0x0, 0x0, 0xf,
    0xff, 0xd, 0xff, 0x20, 0x0, 0x0, 0x0, 0x0,
    0x0, 0x0, 0x0, 0xff, 0xf0, 0xdf, 0xf2, 0x0,
    0x0, 0x0, 0x0, 0x0, 0x0, 0x0, 0xf, 0xff,
    0xd, 0xff, 0x20, 0x0, 0x0, 0x0, 0x0, 0x0,
    0x0, 0x0, 0xff, 0xf0, 0xdf, 0xf2, 0x0, 0x0,
    0x0, 0x0, 0x0, 0x0, 0x0, 0xf, 0xff, 0xd,
    0xff, 0x20, 0x0, 0x0, 0x0, 0x0, 0x0, 0x0,
    0x0, 0xff, 0xf0, 0xdf, 0xf2, 0x0, 0x0, 0x0,
    0x0, 0x0, 0x0, 0x0, 0xf, 0xff, 0xd, 0xff,
    0x20, 0x0, 0x0, 0x0, 0x0, 0x0, 0x0, 0x0,
    0xff, 0xf0, 0xdf, 0xf2, 0x0, 0x0, 0x0, 0x0,
    0x1, 0x0, 0x0, 0x2f, 0xfe, 0xd, 0xff, 0x20,
    0x0, 0x0, 0x0, 0x6, 0xf4, 0x0, 0x9, 0xff,
    0xb0, 0xdf, 0xfb, 0xaa, 0xaa, 0xaa, 0xa8, 0xff,
    0xfc, 0xad, 0xff, 0xf5, 0xd, 0xff, 0xff, 0xff,
    0xff, 0xff, 0x97, 0xff, 0xff, 0xff, 0xf9, 0x0,
    0xdf, 0xff, 0xff, 0xff, 0xff, 0xf9, 0x3, 0xae,
    0xfe, 0xb5, 0x0, 0x0,

    /* U+01C8 "ǈ" */
    0x0, 0x0, 0x0, 0x0, 0x0, 0x0, 0x0, 0x47,
    0x10, 0x0, 0x0, 0x0, 0x0, 0x0, 0x0, 0x6,
    0xff, 0xd0, 0xdf, 0xf2, 0x0, 0x0, 0x0, 0x0,
    0x8, 0xff, 0xf0, 0xdf, 0xf2, 0x0, 0x0, 0x0,
    0x0, 0x2, 0xef, 0x80, 0xdf, 0xf2, 0x0, 0x0,
    0x0, 0x0, 0x0, 0x0, 0x0, 0xdf, 0xf2, 0x0,
    0x0, 0x0, 0x0, 0x0, 0x0, 0x0, 0xdf, 0xf2,
    0x0, 0x0, 0x0, 0x0, 0x3, 0xff, 0xa0, 0xdf,
    0xf2, 0x0, 0x0, 0x0, 0x0, 0x3, 0xff, 0xa0,
    0xdf, 0xf2, 0x0, 0x0, 0x0, 0x0, 0x3, 0xff,
    0xa0, 0xdf, 0xf2, 0x0, 0x0, 0x0, 0x0, 0x3,
    0xff, 0xa0, 0xdf, 0xf2, 0x0, 0x0, 0x0, 0x0,
    0x3, 0xff, 0xa0, 0xdf, 0xf2, 0x0, 0x0, 0x0,
    0x0, 0x3, 0xff, 0xa0, 0xdf, 0xf2, 0x0, 0x0,
    0x0, 0x0, 0x3, 0xff, 0xa0, 0xdf, 0xf2, 0x0,
    0x0, 0x0, 0x0, 0x3, 0xff, 0xa0, 0xdf, 0xf2,
    0x0, 0x0, 0x0, 0x0, 0x3, 0xff, 0xa0, 0xdf,
    0xf2, 0x0, 0x0, 0x0, 0x0, 0x3, 0xff, 0xa0,
    0xdf, 0xfb, 0xaa, 0xaa, 0xaa, 0xa5, 0x3, 0xff,
    0xa0, 0xdf, 0xff, 0xff, 0xff, 0xff, 0xf9, 0x3,
    0xff, 0xa0, 0xdf, 0xff, 0xff, 0xff, 0xff, 0xf9,
    0x3, 0xff, 0xa0, 0x0, 0x0, 0x0, 0x0, 0x0,
    0x0, 0x3, 0xff, 0xa0, 0x0, 0x0, 0x0, 0x0,
    0x0, 0x0, 0x6, 0xff, 0x80, 0x0, 0x0, 0x0,
    0x0, 0x0, 0xa9, 0x8f, 0xff, 0x40, 0x0, 0x0,
    0x0, 0x0, 0x1, 0xff, 0xff, 0xfb, 0x0, 0x0,
    0x0, 0x0, 0x0, 0x1, 0xae, 0xfd, 0x80, 0x0,

    /* U+01C9 "ǉ" */
    0x0, 0x0, 0x0, 0x0, 0x56, 0x1, 0xff, 0xc0,
    0x0, 0x7f, 0xfb, 0x1f, 0xfc, 0x0, 0xa, 0xff,
    0xe1, 0xff, 0xc0, 0x0, 0x3f, 0xf6, 0x1f, 0xfc,
    0x0, 0x0, 0x0, 0x1, 0xff, 0xc0, 0x0, 0x0,
    0x0, 0x1f, 0xfc, 0x0, 0x5, 0xff, 0x81, 0xff,
    0xc0, 0x0, 0x5f, 0xf8, 0x1f, 0xfc, 0x0, 0x5,
    0xff, 0x81, 0xff, 0xc0, 0x0, 0x5f, 0xf8, 0x1f,
    0xfc, 0x0, 0x5, 0xff, 0x81, 0xff, 0xc0, 0x0,
    0x5f, 0xf8, 0x1f, 0xfc, 0x0, 0x5, 0xff, 0x81,
    0xff, 0xc0, 0x0, 0x5f, 0xf8, 0x1f, 0xfc, 0x0,
    0x5, 0xff, 0x81, 0xff, 0xc0, 0x0, 0x5f, 0xf8,
    0x1f, 0xfc, 0x0, 0x5, 0xff, 0x81, 0xff, 0xc0,
    0x0, 0x5f, 0xf8, 0x1f, 0xfc, 0x0, 0x5, 0xff,
    0x80, 0x0, 0x0, 0x0, 0x5f, 0xf8, 0x0, 0x0,
    0x0, 0x8, 0xff, 0x60, 0x0, 0xb, 0x89, 0xff,
    0xf2, 0x0, 0x3, 0xff, 0xff, 0xf9, 0x0, 0x0,
    0x2b, 0xef, 0xd7, 0x0,

    /* U+01CA "Ǌ" */
    0xdf, 0xe1, 0x0, 0x0, 0x0, 0x8, 0xff, 0x70,
    0x0, 0xff, 0xff, 0xff, 0xff, 0xbd, 0xff, 0xc0,
    0x0, 0x0, 0x0, 0x8f, 0xf7, 0x0, 0xf, 0xff,
    0xff, 0xff, 0xfb, 0xdf, 0xff, 0x90, 0x0, 0x0,
    0x8, 0xff, 0x70, 0x0, 0x9a, 0xaa, 0xab, 0xff,
    0xbd, 0xff, 0xff, 0x50, 0x0, 0x0, 0x8f, 0xf7,
    0x0, 0x0, 0x0, 0x0, 0x4f, 0xfb, 0xdf, 0xff,
    0xff, 0x20, 0x0, 0x8, 0xff, 0x70, 0x0, 0x0,
    0x0, 0x4, 0xff, 0xbd, 0xff, 0xff, 0xfd, 0x0,
    0x0, 0x8f, 0xf7, 0x0, 0x0, 0x0, 0x0, 0x4f,
    0xfb, 0xdf, 0xf5, 0xff, 0xfa, 0x0, 0x8, 0xff,
    0x70, 0x0, 0x0, 0x0, 0x4, 0xff, 0xbd, 0xff,
    0x26, 0xff, 0xf7, 0x0, 0x8f, 0xf7, 0x0, 0x0,
    0x0, 0x0, 0x4f, 0xfb, 0xdf, 0xf2, 0x9, 0xff,
    0xf4, 0x8, 0xff, 0x70, 0x0, 0x0, 0x0, 0x4,
    0xff, 0xbd, 0xff, 0x20, 0xc, 0xff, 0xe1, 0x8f,
    0xf7, 0x0, 0x0, 0x0, 0x0, 0x4f, 0xfb, 0xdf,
    0xf2, 0x0, 0x1e, 0xff, 0xc8, 0xff, 0x70, 0x0,
    0x0, 0x0, 0x4, 0xff, 0xbd, 0xff, 0x20, 0x0,
    0x4f, 0xff, 0xff, 0xf7, 0x0, 0x0, 0x0, 0x0,
    0x4f, 0xfb, 0xdf, 0xf2, 0x0, 0x0, 0x7f, 0xff,
    0xff, 0x70, 0x1, 0x10, 0x0, 0x6, 0xff, 0xad,
    0xff, 0x20, 0x0, 0x0, 0xbf, 0xff, 0xf7, 0x0,
    0xcd, 0x20, 0x1, 0xdf, 0xf6, 0xdf, 0xf2, 0x0,
    0x0, 0x1, 0xdf, 0xff, 0x70, 0x7f, 0xff, 0xbb,
    0xef, 0xff, 0x1d, 0xff, 0x20, 0x0, 0x0, 0x3,
    0xff, 0xf7, 0x0, 0xcf, 0xff, 0xff, 0xff, 0x50,
    0xdf, 0xf2, 0x0, 0x0, 0x0, 0x6, 0xff, 0x70,
    0x0, 0x6b, 0xef, 0xea, 0x30, 0x0,

    /* U+01CB "ǋ" */
    0x0, 0x0, 0x0, 0x0, 0x0, 0x0, 0x0, 0x0,
    0x0, 0x2, 0x73, 0x0, 0x0, 0x0, 0x0, 0x0,
    0x0, 0x0, 0x0, 0x0, 0x1, 0xff, 0xf2, 0xdf,
    0xe1, 0x0, 0x0, 0x0, 0x8, 0xff, 0x70, 0x0,
    0x3f, 0xff, 0x5d, 0xff, 0xc0, 0x0, 0x0, 0x0,
    0x8f, 0xf7, 0x0, 0x0, 0xbf, 0xc0, 0xdf, 0xff,
    0x90, 0x0, 0x0, 0x8, 0xff, 0x70, 0x0, 0x0,
    0x10, 0xd, 0xff, 0xff, 0x50, 0x0, 0x0, 0x8f,
    0xf7, 0x0, 0x0, 0x0, 0x0, 0xdf, 0xff, 0xff,
    0x20, 0x0, 0x8, 0xff, 0x70, 0x0, 0xe, 0xff,
    0xd, 0xff, 0xff, 0xfd, 0x0, 0x0, 0x8f, 0xf7,
    0x0, 0x0, 0xef, 0xf0, 0xdf, 0xf5, 0xff, 0xfa,
    0x0, 0x8, 0xff, 0x70, 0x0, 0xe, 0xff, 0xd,
    0xff, 0x26, 0xff, 0xf7, 0x0, 0x8f, 0xf7, 0x0,
    0x0, 0xef, 0xf0, 0xdf, 0xf2, 0x9, 0xff, 0xf4,
    0x8, 0xff, 0x70, 0x0, 0xe, 0xff, 0xd, 0xff,
    0x20, 0xc, 0xff, 0xe1, 0x8f, 0xf7, 0x0, 0x0,
    0xef, 0xf0, 0xdf, 0xf2, 0x0, 0x1e, 0xff, 0xc8,
    0xff, 0x70, 0x0, 0xe, 0xff, 0xd, 0xff, 0x20,
    0x0, 0x4f, 0xff, 0xff, 0xf7, 0x0, 0x0, 0xef,
    0xf0, 0xdf, 0xf2, 0x0, 0x0, 0x7f, 0xff, 0xff,
    0x70, 0x0, 0xe, 0xff, 0xd, 0xff, 0x20, 0x0,
    0x0, 0xbf, 0xff, 0xf7, 0x0, 0x0, 0xef, 0xf0,
    0xdf, 0xf2, 0x0, 0x0, 0x1, 0xdf, 0xff, 0x70,
    0x0, 0xe, 0xff, 0xd, 0xff, 0x20, 0x0, 0x0,
    0x3, 0xff, 0xf7, 0x0, 0x0, 0xef, 0xf0, 0xdf,
    0xf2, 0x0, 0x0, 0x0, 0x6, 0xff, 0x70, 0x0,
    0xe, 0xff, 0x0, 0x0, 0x0, 0x0, 0x0, 0x0,
    0x0, 0x0, 0x0, 0x0, 0xef, 0xf0, 0x0, 0x0,
    0x0, 0x0, 0x0, 0x0, 0x0, 0x0, 0x0, 0x1f,
    0xfd, 0x0, 0x0, 0x0, 0x0, 0x0, 0x0, 0x0,
    0x0, 0x6a, 0x8d, 0xff, 0x90, 0x0, 0x0, 0x0,
    0x0, 0x0, 0x0, 0x0, 0xc, 0xff, 0xff, 0xe1,
    0x0, 0x0, 0x0, 0x0, 0x0, 0x0, 0x0, 0x0,
    0x8d, 0xfe, 0xa2, 0x0,

    /* U+01CC "ǌ" */
    0x0, 0x0, 0x0, 0x0, 0x0, 0x0, 0x0, 0x0,
    0x4, 0x71, 0x0, 0x0, 0x0, 0x0, 0x0, 0x0,
    0x0, 0x0, 0x6, 0xff, 0xd0, 0x0, 0x0, 0x0,
    0x0, 0x0, 0x0, 0x0, 0x0, 0x8f, 0xff, 0x0,
    0x0, 0x0, 0x0, 0x0, 0x0, 0x0, 0x0, 0x2,
    0xef, 0x80, 0x0, 0x0, 0x0, 0x0, 0x0, 0x0,
    0x0, 0x0, 0x0, 0x0, 0x0, 0x0, 0x0, 0x0,
    0x0, 0x0, 0x0, 0x0, 0x0, 0x0, 0x0, 0x1f,
    0xfa, 0x18, 0xdf, 0xeb, 0x50, 0x0, 0x0, 0x3f,
    0xfa, 0x1, 0xff, 0xde, 0xff, 0xff, 0xff, 0x90,
    0x0, 0x3, 0xff, 0xa0, 0x1f, 0xff, 0xfe, 0x98,
    0xcf, 0xff, 0x40, 0x0, 0x3f, 0xfa, 0x1, 0xff,
    0xfb, 0x0, 0x0, 0xaf, 0xfa, 0x0, 0x3, 0xff,
    0xa0, 0x1f, 0xff, 0x10, 0x0, 0x1, 0xff, 0xe0,
    0x0, 0x3f, 0xfa, 0x1, 0xff, 0xd0, 0x0, 0x0,
    0xf, 0xff, 0x0, 0x3, 0xff, 0xa0, 0x1f, 0xfc,
    0x0, 0x0, 0x0, 0xef, 0xf0, 0x0, 0x3f, 0xfa,
    0x1, 0xff, 0xc0, 0x0, 0x0, 0xe, 0xff, 0x0,
    0x3, 0xff, 0xa0, 0x1f, 0xfc, 0x0, 0x0, 0x0,
    0xef, 0xf0, 0x0, 0x3f, 0xfa, 0x1, 0xff, 0xc0,
    0x0, 0x0, 0xe, 0xff, 0x0, 0x3, 0xff, 0xa0,
    0x1f, 0xfc, 0x0, 0x0, 0x0, 0xef, 0xf0, 0x0,
    0x3f, 0xfa, 0x1, 0xff, 0xc0, 0x0, 0x0, 0xe,
    0xff, 0x0, 0x3, 0xff, 0xa0, 0x1f, 0xfc, 0x0,
    0x0, 0x0, 0xef, 0xf0, 0x0, 0x3f, 0xfa, 0x0,
    0x0, 0x0, 0x0, 0x0, 0x0, 0x0, 0x0, 0x3,
    0xff, 0xa0, 0x0, 0x0, 0x0, 0x0, 0x0, 0x0,
    0x0, 0x0, 0x6f, 0xf8, 0x0, 0x0, 0x0, 0x0,
    0x0, 0x0, 0x0, 0xa9, 0x9f, 0xff, 0x40, 0x0,
    0x0, 0x0, 0x0, 0x0, 0x0, 0x1f, 0xff, 0xff,
    0xa0, 0x0, 0x0, 0x0, 0x0, 0x0, 0x0, 0x1,
    0xae, 0xfd, 0x80, 0x0,

    /* U+01CD "Ǎ" */
    0x0, 0x0, 0x4, 0x86, 0x0, 0x5, 0x86, 0x0,
    0x0, 0x0, 0x0, 0x0, 0x1d, 0xfb, 0x19, 0xff,
    0x20, 0x0, 0x0, 0x0, 0x0, 0x0, 0x2e, 0xff,
    0xff, 0x40, 0x0, 0x0, 0x0, 0x0, 0x0, 0x0,
    0x3f, 0xff, 0x50, 0x0, 0x0, 0x0, 0x0, 0x0,
    0x0, 0x0, 0x0, 0x0, 0x0, 0x0, 0x0, 0x0,
    0x0, 0x0, 0x0, 0x1f, 0xff, 0x40, 0x0, 0x0,
    0x0, 0x0, 0x0, 0x0, 0x8, 0xff, 0xfb, 0x0,
    0x0, 0x0, 0x0, 0x0, 0x0, 0x0, 0xef, 0xff,
    0xf2, 0x0, 0x0, 0x0, 0x0, 0x0, 0x0, 0x5f,
    0xfb, 0xff, 0x90, 0x0, 0x0, 0x0, 0x0, 0x0,
    0xc, 0xff, 0x1d, 0xff, 0x0, 0x0, 0x0, 0x0,
    0x0, 0x3, 0xff, 0x90, 0x7f, 0xf6, 0x0, 0x0,
    0x0, 0x0, 0x0, 0xaf, 0xf3, 0x1, 0xff, 0xd0,
    0x0, 0x0, 0x0, 0x0, 0x1f, 0xfc, 0x0, 0xa,
    0xff, 0x40, 0x0, 0x0, 0x0, 0x7, 0xff, 0x60,
    0x0, 0x3f, 0xfb, 0x0, 0x0, 0x0, 0x0, 0xef,
    0xf0, 0x0, 0x0, 0xdf, 0xf2, 0x0, 0x0, 0x0,
    0x5f, 0xff, 0x77, 0x77, 0x7e, 0xff, 0x90, 0x0,
    0x0, 0xc, 0xff, 0xff, 0xff, 0xff, 0xff, 0xff,
    0x0, 0x0, 0x3, 0xff, 0xff, 0xff, 0xff, 0xff,
    0xff, 0xf6, 0x0, 0x0, 0x9f, 0xf6, 0x0, 0x0,
    0x0, 0x3, 0xff, 0xd0, 0x0, 0x1f, 0xff, 0x0,
    0x0, 0x0, 0x0, 0xc, 0xff, 0x40, 0x7, 0xff,
    0x90, 0x0, 0x0, 0x0, 0x0, 0x6f, 0xfb, 0x0,
    0xef, 0xf2, 0x0, 0x0, 0x0, 0x0, 0x0, 0xff,
    0xf2,

    /* U+01CE "ǎ" */
    0x2, 0xef, 0x60, 0xa, 0xfb, 0x0, 0x0, 0x3f,
    0xf9, 0xcf, 0xc0, 0x0, 0x0, 0x4, 0xff, 0xfd,
    0x10, 0x0, 0x0, 0x0, 0x35, 0x51, 0x0, 0x0,
    0x0, 0x0, 0x0, 0x0, 0x0, 0x0, 0x1, 0x7c,
    0xef, 0xec, 0x60, 0x0, 0x5f, 0xff, 0xff, 0xff,
    0xfc, 0x0, 0x2f, 0xfb, 0x88, 0xbf, 0xff, 0x80,
    0x4, 0x10, 0x0, 0x4, 0xff, 0xe0, 0x0, 0x0,
    0x0, 0x0, 0xdf, 0xf1, 0x1, 0x9d, 0xff, 0xff,
    0xff, 0xf2, 0x2f, 0xff, 0xff, 0xff, 0xff, 0xf2,
    0xbf, 0xf8, 0x10, 0x0, 0xbf, 0xf2, 0xef, 0xe0,
    0x0, 0x0, 0xbf, 0xf2, 0xef, 0xf0, 0x0, 0x2,
    0xff, 0xf2, 0xaf, 0xf9, 0x11, 0x5e, 0xff, 0xf2,
    0x2e, 0xff, 0xff, 0xff, 0xdf, 0xf2, 0x1, 0x9e,
    0xfe, 0xb3, 0x8f, 0xf2,

    /* U+01CF "Ǐ" */
    0x48, 0x70, 0x0, 0x58, 0x60, 0xc, 0xfc, 0x18,
    0xff, 0x30, 0x1, 0xef, 0xff, 0xf4, 0x0, 0x0,
    0x2e, 0xff, 0x60, 0x0, 0x0, 0x0, 0x0, 0x0,
    0x0, 0x0, 0xd, 0xff, 0x20, 0x0, 0x0, 0xd,
    0xff, 0x20, 0x0, 0x0, 0xd, 0xff, 0x20, 0x0,
    0x0, 0xd, 0xff, 0x20, 0x0, 0x0, 0xd, 0xff,
    0x20, 0x0, 0x0, 0xd, 0xff, 0x20, 0x0, 0x0,
    0xd, 0xff, 0x20, 0x0, 0x0, 0xd, 0xff, 0x20,
    0x0, 0x0, 0xd, 0xff, 0x20, 0x0, 0x0, 0xd,
    0xff, 0x20, 0x0, 0x0, 0xd, 0xff, 0x20, 0x0,
    0x0, 0xd, 0xff, 0x20, 0x0, 0x0, 0xd, 0xff,
    0x20, 0x0, 0x0, 0xd, 0xff, 0x20, 0x0, 0x0,
    0xd, 0xff, 0x20, 0x0, 0x0, 0xd, 0xff, 0x20,
    0x0, 0x0, 0xd, 0xff, 0x20, 0x0,

    /* U+01D0 "ǐ" */
    0x2f, 0xf4, 0x9, 0xfc, 0x0, 0x5f, 0xfb, 0xfe,
    0x10, 0x0, 0x8f, 0xff, 0x30, 0x0, 0x0, 0x44,
    0x30, 0x0, 0x0, 0x0, 0x0, 0x0, 0x0, 0x1,
    0xff, 0xc0, 0x0, 0x0, 0x1f, 0xfc, 0x0, 0x0,
    0x1, 0xff, 0xc0, 0x0, 0x0, 0x1f, 0xfc, 0x0,
    0x0, 0x1, 0xff, 0xc0, 0x0, 0x0, 0x1f, 0xfc,
    0x0, 0x0, 0x1, 0xff, 0xc0, 0x0, 0x0, 0x1f,
    0xfc, 0x0, 0x0, 0x1, 0xff, 0xc0, 0x0, 0x0,
    0x1f, 0xfc, 0x0, 0x0, 0x1, 0xff, 0xc0, 0x0,
    0x0, 0x1f, 0xfc, 0x0, 0x0, 0x1, 0xff, 0xc0,
    0x0,

    /* U+01D1 "Ǒ" */
    0x0, 0x0, 0x4f, 0xf3, 0x0, 0xcf, 0xa0, 0x0,
    0x0, 0x0, 0x0, 0x6, 0xff, 0x5c, 0xfb, 0x0,
    0x0, 0x0, 0x0, 0x0, 0x0, 0x8f, 0xff, 0xd0,
    0x0, 0x0, 0x0, 0x0, 0x0, 0x0, 0x6, 0x88,
    0x10, 0x0, 0x0, 0x0, 0x0, 0x0, 0x0, 0x0,
    0x0, 0x0, 0x0, 0x0, 0x0, 0x0, 0x0, 0x6,
    0xbe, 0xfe, 0xc8, 0x20, 0x0, 0x0, 0x0, 0x6,
    0xef, 0xff, 0xff, 0xff, 0xfa, 0x0, 0x0, 0x0,
    0x8f, 0xff, 0xfe, 0xcd, 0xff, 0xff, 0xd1, 0x0,
    0x6, 0xff, 0xfb, 0x20, 0x0, 0x7, 0xff, 0xfc,
    0x0, 0x1f, 0xff, 0x90, 0x0, 0x0, 0x0, 0x3f,
    0xff, 0x50, 0x7f, 0xfd, 0x0, 0x0, 0x0, 0x0,
    0x7, 0xff, 0xd0, 0xbf, 0xf6, 0x0, 0x0, 0x0,
    0x0, 0x0, 0xff, 0xf1, 0xef, 0xf2, 0x0, 0x0,
    0x0, 0x0, 0x0, 0xcf, 0xf4, 0xff, 0xf0, 0x0,
    0x0, 0x0, 0x0, 0x0, 0xaf, 0xf5, 0xef, 0xf2,
    0x0, 0x0, 0x0, 0x0, 0x0, 0xcf, 0xf4, 0xbf,
    0xf5, 0x0, 0x0, 0x0, 0x0, 0x0, 0xff, 0xf1,
    0x7f, 0xfc, 0x0, 0x0, 0x0, 0x0, 0x7, 0xff,
    0xd0, 0x1f, 0xff, 0x80, 0x0, 0x0, 0x0, 0x3f,
    0xff, 0x60, 0x6, 0xff, 0xfa, 0x20, 0x0, 0x7,
    0xff, 0xfc, 0x0, 0x0, 0x9f, 0xff, 0xfd, 0xcc,
    0xff, 0xff, 0xd1, 0x0, 0x0, 0x6, 0xff, 0xff,
    0xff, 0xff, 0xfa, 0x0, 0x0, 0x0, 0x0, 0x17,
    0xbe, 0xfe, 0xd8, 0x30, 0x0, 0x0,

    /* U+01D2 "ǒ" */
    0x0, 0x8, 0xfd, 0x10, 0x3e, 0xf5, 0x0, 0x0,
    0x0, 0xaf, 0xe7, 0xff, 0x60, 0x0, 0x0, 0x0,
    0xb, 0xff, 0xf7, 0x0, 0x0, 0x0, 0x0, 0x0,
    0x55, 0x40, 0x0, 0x0, 0x0, 0x0, 0x0, 0x0,
    0x0, 0x0, 0x0, 0x0, 0x0, 0x5b, 0xef, 0xda,
    0x40, 0x0, 0x0, 0x1b, 0xff, 0xff, 0xff, 0xfa,
    0x0, 0x0, 0xcf, 0xff, 0xb9, 0xbf, 0xff, 0xa0,
    0x6, 0xff, 0xd2, 0x0, 0x3, 0xef, 0xf4, 0xd,
    0xff, 0x30, 0x0, 0x0, 0x6f, 0xfa, 0xf, 0xfe,
    0x0, 0x0, 0x0, 0xf, 0xfd, 0x1f, 0xfc, 0x0,
    0x0, 0x0, 0xf, 0xff, 0xf, 0xfe, 0x0, 0x0,
    0x0, 0x1f, 0xfd, 0xc, 0xff, 0x40, 0x0, 0x0,
    0x6f, 0xfa, 0x6, 0xff, 0xd2, 0x0, 0x3, 0xff,
    0xf4, 0x0, 0xcf, 0xff, 0xb9, 0xcf, 0xff, 0x90,
    0x0, 0x1b, 0xff, 0xff, 0xff, 0xf9, 0x0, 0x0,
    0x0, 0x5b, 0xef, 0xea, 0x40, 0x0,

    /* U+01D3 "Ǔ" */
    0x0, 0xc, 0xf9, 0x0, 0x6f, 0xe2, 0x0, 0x0,
    0x0, 0x1d, 0xfa, 0x7f, 0xf3, 0x0, 0x0, 0x0,
    0x0, 0x2e, 0xff, 0xf4, 0x0, 0x0, 0x0, 0x0,
    0x0, 0x38, 0x85, 0x0, 0x0, 0x0, 0x0, 0x0,
    0x0, 0x0, 0x0, 0x0, 0x0, 0xf, 0xff, 0x0,
    0x0, 0x0, 0x0, 0xdf, 0xf2, 0xff, 0xf0, 0x0,
    0x0, 0x0, 0xd, 0xff, 0x2f, 0xff, 0x0, 0x0,
    0x0, 0x0, 0xdf, 0xf2, 0xff, 0xf0, 0x0, 0x0,
    0x0, 0xd, 0xff, 0x2f, 0xff, 0x0, 0x0, 0x0,
    0x0, 0xdf, 0xf2, 0xff, 0xf0, 0x0, 0x0, 0x0,
    0xd, 0xff, 0x2f, 0xff, 0x0, 0x0, 0x0, 0x0,
    0xdf, 0xf2, 0xff, 0xf0, 0x0, 0x0, 0x0, 0xd,
    0xff, 0x2f, 0xff, 0x0, 0x0, 0x0, 0x0, 0xdf,
    0xf2, 0xff, 0xf0, 0x0, 0x0, 0x0, 0xd, 0xff,
    0x1e, 0xff, 0x10, 0x0, 0x0, 0x0, 0xef, 0xf0,
    0xcf, 0xf4, 0x0, 0x0, 0x0, 0x1f, 0xfe, 0x8,
    0xff, 0xb0, 0x0, 0x0, 0x8, 0xff, 0xb0, 0x2f,
    0xff, 0x80, 0x0, 0x6, 0xff, 0xf4, 0x0, 0x8f,
    0xff, 0xfc, 0xce, 0xff, 0xfa, 0x0, 0x0, 0x9f,
    0xff, 0xff, 0xff, 0xfa, 0x0, 0x0, 0x0, 0x39,
    0xdf, 0xfe, 0xa4, 0x0, 0x0,

    /* U+01D4 "ǔ" */
    0x0, 0x3f, 0xf5, 0x0, 0xbf, 0xa0, 0x0, 0x0,
    0x3f, 0xf9, 0xdf, 0xb0, 0x0, 0x0, 0x0, 0x4f,
    0xff, 0xc0, 0x0, 0x0, 0x0, 0x0, 0x24, 0x40,
    0x0, 0x0, 0x0, 0x0, 0x0, 0x0, 0x0, 0x0,
    0x3, 0xff, 0xa0, 0x0, 0x0, 0x1f, 0xfc, 0x3f,
    0xfa, 0x0, 0x0, 0x1, 0xff, 0xc3, 0xff, 0xa0,
    0x0, 0x0, 0x1f, 0xfc, 0x3f, 0xfa, 0x0, 0x0,
    0x1, 0xff, 0xc3, 0xff, 0xa0, 0x0, 0x0, 0x1f,
    0xfc, 0x3f, 0xfa, 0x0, 0x0, 0x1, 0xff, 0xc3,
    0xff, 0xa0, 0x0, 0x0, 0x1f, 0xfc, 0x2f, 0xfb,
    0x0, 0x0, 0x3, 0xff, 0xc1, 0xff, 0xe0, 0x0,
    0x0, 0x8f, 0xfc, 0xe, 0xff, 0x80, 0x0, 0x4f,
    0xff, 0xc0, 0x8f, 0xff, 0xdb, 0xcf, 0xff, 0xfc,
    0x0, 0xcf, 0xff, 0xff, 0xfb, 0xff, 0xc0, 0x0,
    0x7c, 0xff, 0xc6, 0xf, 0xfc,

    /* U+01D5 "Ǖ" */
    0x0, 0x9, 0xbb, 0xbb, 0xbb, 0xb1, 0x0, 0x0,
    0x0, 0xef, 0xff, 0xff, 0xff, 0x10, 0x0, 0x0,
    0x0, 0x0, 0x0, 0x0, 0x0, 0x0, 0x0, 0x0,
    0x0, 0x0, 0x0, 0x0, 0x0, 0x0, 0x0, 0x1,
    0xdd, 0x0, 0xae, 0x40, 0x0, 0x0, 0x0, 0x5f,
    0xf3, 0xf, 0xf9, 0x0, 0x0, 0x0, 0x0, 0xa9,
    0x0, 0x6b, 0x20, 0x0, 0x0, 0x0, 0x0, 0x0,
    0x0, 0x0, 0x0, 0x0, 0xff, 0xf0, 0x0, 0x0,
    0x0, 0xd, 0xff, 0x2f, 0xff, 0x0, 0x0, 0x0,
    0x0, 0xdf, 0xf2, 0xff, 0xf0, 0x0, 0x0, 0x0,
    0xd, 0xff, 0x2f, 0xff, 0x0, 0x0, 0x0, 0x0,
    0xdf, 0xf2, 0xff, 0xf0, 0x0, 0x0, 0x0, 0xd,
    0xff, 0x2f, 0xff, 0x0, 0x0, 0x0, 0x0, 0xdf,
    0xf2, 0xff, 0xf0, 0x0, 0x0, 0x0, 0xd, 0xff,
    0x2f, 0xff, 0x0, 0x0, 0x0, 0x0, 0xdf, 0xf2,
    0xff, 0xf0, 0x0, 0x0, 0x0, 0xd, 0xff, 0x2f,
    0xff, 0x0, 0x0, 0x0, 0x0, 0xdf, 0xf1, 0xef,
    0xf1, 0x0, 0x0, 0x0, 0xe, 0xff, 0xc, 0xff,
    0x40, 0x0, 0x0, 0x1, 0xff, 0xe0, 0x8f, 0xfb,
    0x0, 0x0, 0x0, 0x8f, 0xfb, 0x2, 0xff, 0xf8,
    0x0, 0x0, 0x6f, 0xff, 0x40, 0x8, 0xff, 0xff,
    0xcc, 0xef, 0xff, 0xa0, 0x0, 0x9, 0xff, 0xff,
    0xff, 0xff, 0xa0, 0x0, 0x0, 0x3, 0x9d, 0xff,
    0xea, 0x40, 0x0, 0x0,

    /* U+01D6 "ǖ" */
    0x0, 0x2b, 0xbb, 0xbb, 0xbb, 0x80, 0x0, 0x3,
    0xff, 0xff, 0xff, 0xfc, 0x0, 0x0, 0x0, 0x0,
    0x0, 0x0, 0x0, 0x0, 0x0, 0x0, 0x0, 0x0,
    0x0, 0x0, 0x0, 0x5, 0xf8, 0x1, 0xdc, 0x0,
    0x0, 0x0, 0xaf, 0xe0, 0x5f, 0xf3, 0x0, 0x0,
    0x3, 0xb5, 0x0, 0xa9, 0x0, 0x0, 0x0, 0x0,
    0x0, 0x0, 0x0, 0x0, 0x3f, 0xfa, 0x0, 0x0,
    0x1, 0xff, 0xc3, 0xff, 0xa0, 0x0, 0x0, 0x1f,
    0xfc, 0x3f, 0xfa, 0x0, 0x0, 0x1, 0xff, 0xc3,
    0xff, 0xa0, 0x0, 0x0, 0x1f, 0xfc, 0x3f, 0xfa,
    0x0, 0x0, 0x1, 0xff, 0xc3, 0xff, 0xa0, 0x0,
    0x0, 0x1f, 0xfc, 0x3f, 0xfa, 0x0, 0x0, 0x1,
    0xff, 0xc2, 0xff, 0xb0, 0x0, 0x0, 0x3f, 0xfc,
    0x1f, 0xfe, 0x0, 0x0, 0x8, 0xff, 0xc0, 0xef,
    0xf8, 0x0, 0x4, 0xff, 0xfc, 0x8, 0xff, 0xfd,
    0xbc, 0xff, 0xff, 0xc0, 0xc, 0xff, 0xff, 0xff,
    0xbf, 0xfc, 0x0, 0x7, 0xcf, 0xfc, 0x60, 0xff,
    0xc0,

    /* U+01D7 "Ǘ" */
    0x0, 0x0, 0x0, 0x7, 0xff, 0x70, 0x0, 0x0,
    0x0, 0x0, 0x5, 0xff, 0x50, 0x0, 0x0, 0x0,
    0x0, 0x3, 0xfe, 0x30, 0x0, 0x0, 0x0, 0x0,
    0xa, 0x90, 0x6, 0xb2, 0x0, 0x0, 0x0, 0x5,
    0xff, 0x30, 0xff, 0x90, 0x0, 0x0, 0x0, 0x1d,
    0xd0, 0xa, 0xe4, 0x0, 0x0, 0x0, 0x0, 0x0,
    0x0, 0x0, 0x0, 0x0, 0x0, 0x0, 0x0, 0x0,
    0x0, 0x0, 0x0, 0x0, 0xff, 0xf0, 0x0, 0x0,
    0x0, 0xd, 0xff, 0x2f, 0xff, 0x0, 0x0, 0x0,
    0x0, 0xdf, 0xf2, 0xff, 0xf0, 0x0, 0x0, 0x0,
    0xd, 0xff, 0x2f, 0xff, 0x0, 0x0, 0x0, 0x0,
    0xdf, 0xf2, 0xff, 0xf0, 0x0, 0x0, 0x0, 0xd,
    0xff, 0x2f, 0xff, 0x0, 0x0, 0x0, 0x0, 0xdf,
    0xf2, 0xff, 0xf0, 0x0, 0x0, 0x0, 0xd, 0xff,
    0x2f, 0xff, 0x0, 0x0, 0x0, 0x0, 0xdf, 0xf2,
    0xff, 0xf0, 0x0, 0x0, 0x0, 0xd, 0xff, 0x2f,
    0xff, 0x0, 0x0, 0x0, 0x0, 0xdf, 0xf1, 0xef,
    0xf1, 0x0, 0x0, 0x0, 0xe, 0xff, 0xc, 0xff,
    0x40, 0x0, 0x0, 0x1, 0xff, 0xe0, 0x8f, 0xfb,
    0x0, 0x0, 0x0, 0x8f, 0xfb, 0x2, 0xff, 0xf8,
    0x0, 0x0, 0x6f, 0xff, 0x40, 0x8, 0xff, 0xff,
    0xcc, 0xef, 0xff, 0xa0, 0x0, 0x9, 0xff, 0xff,
    0xff, 0xff, 0xa0, 0x0, 0x0, 0x3, 0x9d, 0xff,
    0xea, 0x40, 0x0, 0x0,

    /* U+01D8 "ǘ" */
    0x0, 0x0, 0x0, 0x4, 0x88, 0x30, 0x0, 0x0,
    0x0, 0x4, 0xff, 0x80, 0x0, 0x0, 0x0, 0x2,
    0xff, 0x60, 0x0, 0x0, 0x0, 0x0, 0x68, 0x40,
    0x0, 0x0, 0x0, 0x5, 0xf8, 0x1, 0xdc, 0x0,
    0x0, 0x0, 0xaf, 0xe0, 0x5f, 0xf3, 0x0, 0x0,
    0x3, 0xb5, 0x0, 0xa9, 0x0, 0x0, 0x0, 0x0,
    0x0, 0x0, 0x0, 0x0, 0x0, 0x0, 0x0, 0x0,
    0x0, 0x0, 0x3, 0xff, 0xa0, 0x0, 0x0, 0x1f,
    0xfc, 0x3f, 0xfa, 0x0, 0x0, 0x1, 0xff, 0xc3,
    0xff, 0xa0, 0x0, 0x0, 0x1f, 0xfc, 0x3f, 0xfa,
    0x0, 0x0, 0x1, 0xff, 0xc3, 0xff, 0xa0, 0x0,
    0x0, 0x1f, 0xfc, 0x3f, 0xfa, 0x0, 0x0, 0x1,
    0xff, 0xc3, 0xff, 0xa0, 0x0, 0x0, 0x1f, 0xfc,
    0x2f, 0xfb, 0x0, 0x0, 0x3, 0xff, 0xc1, 0xff,
    0xe0, 0x0, 0x0, 0x8f, 0xfc, 0xe, 0xff, 0x80,
    0x0, 0x4f, 0xff, 0xc0, 0x8f, 0xff, 0xdb, 0xcf,
    0xff, 0xfc, 0x0, 0xcf, 0xff, 0xff, 0xfb, 0xff,
    0xc0, 0x0, 0x7c, 0xff, 0xc6, 0xf, 0xfc,

    /* U+01D9 "Ǚ" */
    0x0, 0x7, 0x83, 0x0, 0x17, 0x82, 0x0, 0x0,
    0x0, 0x6f, 0xf5, 0x3e, 0xf9, 0x0, 0x0, 0x0,
    0x0, 0x8f, 0xff, 0xfb, 0x0, 0x0, 0x0, 0x0,
    0x0, 0xaf, 0xfc, 0x0, 0x0, 0x0, 0x0, 0x2,
    0xdb, 0x0, 0x8d, 0x40, 0x0, 0x0, 0x0, 0x7f,
    0xf3, 0xf, 0xfa, 0x0, 0x0, 0x0, 0x2, 0xec,
    0x0, 0xaf, 0x50, 0x0, 0x0, 0x0, 0x0, 0x0,
    0x0, 0x0, 0x0, 0x0, 0x0, 0x0, 0x0, 0x0,
    0x0, 0x0, 0x0, 0xf, 0xff, 0x0, 0x0, 0x0,
    0x0, 0xdf, 0xf2, 0xff, 0xf0, 0x0, 0x0, 0x0,
    0xd, 0xff, 0x2f, 0xff, 0x0, 0x0, 0x0, 0x0,
    0xdf, 0xf2, 0xff, 0xf0, 0x0, 0x0, 0x0, 0xd,
    0xff, 0x2f, 0xff, 0x0, 0x0, 0x0, 0x0, 0xdf,
    0xf2, 0xff, 0xf0, 0x0, 0x0, 0x0, 0xd, 0xff,
    0x2f, 0xff, 0x0, 0x0, 0x0, 0x0, 0xdf, 0xf2,
    0xff, 0xf0, 0x0, 0x0, 0x0, 0xd, 0xff, 0x2f,
    0xff, 0x0, 0x0, 0x0, 0x0, 0xdf, 0xf2, 0xff,
    0xf0, 0x0, 0x0, 0x0, 0xd, 0xff, 0x1e, 0xff,
    0x10, 0x0, 0x0, 0x0, 0xef, 0xf0, 0xcf, 0xf4,
    0x0, 0x0, 0x0, 0x1f, 0xfe, 0x8, 0xff, 0xb0,
    0x0, 0x0, 0x8, 0xff, 0xb0, 0x2f, 0xff, 0x80,
    0x0, 0x6, 0xff, 0xf4, 0x0, 0x8f, 0xff, 0xfc,
    0xce, 0xff, 0xfa, 0x0, 0x0, 0x9f, 0xff, 0xff,
    0xff, 0xfa, 0x0, 0x0, 0x0, 0x39, 0xdf, 0xfe,
    0xa4, 0x0, 0x0,

    /* U+01DA "ǚ" */
    0x0, 0x3f, 0xf4, 0x0, 0xbf, 0xb0, 0x0, 0x0,
    0x4f, 0xf5, 0xbf, 0xc0, 0x0, 0x0, 0x0, 0x6f,
    0xff, 0xd1, 0x0, 0x0, 0x0, 0x0, 0x68, 0x82,
    0x0, 0x0, 0x0, 0x6, 0xf8, 0x1, 0xdd, 0x10,
    0x0, 0x0, 0xcf, 0xe0, 0x5f, 0xf5, 0x0, 0x0,
    0x6, 0xd7, 0x1, 0xcc, 0x10, 0x0, 0x0, 0x0,
    0x0, 0x0, 0x0, 0x0, 0x0, 0x0, 0x0, 0x0,
    0x0, 0x0, 0x3, 0xff, 0xa0, 0x0, 0x0, 0x1f,
    0xfc, 0x3f, 0xfa, 0x0, 0x0, 0x1, 0xff, 0xc3,
    0xff, 0xa0, 0x0, 0x0, 0x1f, 0xfc, 0x3f, 0xfa,
    0x0, 0x0, 0x1, 0xff, 0xc3, 0xff, 0xa0, 0x0,
    0x0, 0x1f, 0xfc, 0x3f, 0xfa, 0x0, 0x0, 0x1,
    0xff, 0xc3, 0xff, 0xa0, 0x0, 0x0, 0x1f, 0xfc,
    0x2f, 0xfb, 0x0, 0x0, 0x3, 0xff, 0xc1, 0xff,
    0xe0, 0x0, 0x0, 0x8f, 0xfc, 0xe, 0xff, 0x80,
    0x0, 0x4f, 0xff, 0xc0, 0x8f, 0xff, 0xdb, 0xcf,
    0xff, 0xfc, 0x0, 0xcf, 0xff, 0xff, 0xfb, 0xff,
    0xc0, 0x0, 0x7c, 0xff, 0xc6, 0xf, 0xfc,

    /* U+01DB "Ǜ" */
    0x0, 0x4, 0xff, 0xb0, 0x0, 0x0, 0x0, 0x0,
    0x0, 0x2, 0xef, 0x90, 0x0, 0x0, 0x0, 0x0,
    0x0, 0x1, 0xcf, 0x70, 0x0, 0x0, 0x0, 0x0,
    0xa, 0x90, 0x6, 0xb2, 0x0, 0x0, 0x0, 0x5,
    0xff, 0x30, 0xff, 0x90, 0x0, 0x0, 0x0, 0x1d,
    0xd0, 0xa, 0xe4, 0x0, 0x0, 0x0, 0x0, 0x0,
    0x0, 0x0, 0x0, 0x0, 0x0, 0x0, 0x0, 0x0,
    0x0, 0x0, 0x0, 0x0, 0xff, 0xf0, 0x0, 0x0,
    0x0, 0xd, 0xff, 0x2f, 0xff, 0x0, 0x0, 0x0,
    0x0, 0xdf, 0xf2, 0xff, 0xf0, 0x0, 0x0, 0x0,
    0xd, 0xff, 0x2f, 0xff, 0x0, 0x0, 0x0, 0x0,
    0xdf, 0xf2, 0xff, 0xf0, 0x0, 0x0, 0x0, 0xd,
    0xff, 0x2f, 0xff, 0x0, 0x0, 0x0, 0x0, 0xdf,
    0xf2, 0xff, 0xf0, 0x0, 0x0, 0x0, 0xd, 0xff,
    0x2f, 0xff, 0x0, 0x0, 0x0, 0x0, 0xdf, 0xf2,
    0xff, 0xf0, 0x0, 0x0, 0x0, 0xd, 0xff, 0x2f,
    0xff, 0x0, 0x0, 0x0, 0x0, 0xdf, 0xf1, 0xef,
    0xf1, 0x0, 0x0, 0x0, 0xe, 0xff, 0xc, 0xff,
    0x40, 0x0, 0x0, 0x1, 0xff, 0xe0, 0x8f, 0xfb,
    0x0, 0x0, 0x0, 0x8f, 0xfb, 0x2, 0xff, 0xf8,
    0x0, 0x0, 0x6f, 0xff, 0x40, 0x8, 0xff, 0xff,
    0xcc, 0xef, 0xff, 0xa0, 0x0, 0x9, 0xff, 0xff,
    0xff, 0xff, 0xa0, 0x0, 0x0, 0x3, 0x9d, 0xff,
    0xea, 0x40, 0x0, 0x0,

    /* U+01DC "ǜ" */
    0x0, 0x6, 0x87, 0x10, 0x0, 0x0, 0x0, 0x0,
    0x2d, 0xfc, 0x0, 0x0, 0x0, 0x0, 0x0, 0x1b,
    0xfa, 0x0, 0x0, 0x0, 0x0, 0x0, 0x7, 0x82,
    0x0, 0x0, 0x0, 0x5, 0xf8, 0x1, 0xdc, 0x0,
    0x0, 0x0, 0xaf, 0xe0, 0x5f, 0xf3, 0x0, 0x0,
    0x3, 0xb5, 0x0, 0xa9, 0x0, 0x0, 0x0, 0x0,
    0x0, 0x0, 0x0, 0x0, 0x0, 0x0, 0x0, 0x0,
    0x0, 0x0, 0x3, 0xff, 0xa0, 0x0, 0x0, 0x1f,
    0xfc, 0x3f, 0xfa, 0x0, 0x0, 0x1, 0xff, 0xc3,
    0xff, 0xa0, 0x0, 0x0, 0x1f, 0xfc, 0x3f, 0xfa,
    0x0, 0x0, 0x1, 0xff, 0xc3, 0xff, 0xa0, 0x0,
    0x0, 0x1f, 0xfc, 0x3f, 0xfa, 0x0, 0x0, 0x1,
    0xff, 0xc3, 0xff, 0xa0, 0x0, 0x0, 0x1f, 0xfc,
    0x2f, 0xfb, 0x0, 0x0, 0x3, 0xff, 0xc1, 0xff,
    0xe0, 0x0, 0x0, 0x8f, 0xfc, 0xe, 0xff, 0x80,
    0x0, 0x4f, 0xff, 0xc0, 0x8f, 0xff, 0xdb, 0xcf,
    0xff, 0xfc, 0x0, 0xcf, 0xff, 0xff, 0xfb, 0xff,
    0xc0, 0x0, 0x7c, 0xff, 0xc6, 0xf, 0xfc,

    /* U+01DD "ǝ" */
    0x0, 0x4, 0xae, 0xfe, 0xc7, 0x0, 0x0, 0x0,
    0xaf, 0xff, 0xff, 0xff, 0xe3, 0x0, 0x1, 0xdf,
    0xea, 0x9a, 0xef, 0xff, 0x20, 0x0, 0x16, 0x0,
    0x0, 0xa, 0xff, 0xb0, 0x0, 0x0, 0x0, 0x0,
    0x0, 0xdf, 0xf1, 0x1f, 0xff, 0xff, 0xff, 0xff,
    0xff, 0xf5, 0x1f, 0xff, 0xff, 0xff, 0xff, 0xff,
    0xf6, 0xf, 0xfb, 0x0, 0x0, 0x0, 0x7f, 0xf5,
    0xb, 0xff, 0x10, 0x0, 0x0, 0xbf, 0xf2, 0x5,
    0xff, 0xa0, 0x0, 0x6, 0xff, 0xb0, 0x0, 0xcf,
    0xfd, 0x87, 0xbf, 0xff, 0x20, 0x0, 0x1c, 0xff,
    0xff, 0xff, 0xe4, 0x0, 0x0, 0x0, 0x6c, 0xef,
    0xd8, 0x10, 0x0,

    /* U+01DE "Ǟ" */
    0x0, 0x0, 0x6, 0xff, 0xff, 0xff, 0xf9, 0x0,
    0x0, 0x0, 0x0, 0x0, 0x4b, 0xbb, 0xbb, 0xbb,
    0x60, 0x0, 0x0, 0x0, 0x0, 0x0, 0x0, 0x0,
    0x0, 0x0, 0x0, 0x0, 0x0, 0x0, 0x0, 0x7,
    0xf6, 0x3, 0xeb, 0x0, 0x0, 0x0, 0x0, 0x0,
    0x0, 0xdf, 0xb0, 0x7f, 0xf1, 0x0, 0x0, 0x0,
    0x0, 0x0, 0x5, 0xb3, 0x1, 0xa7, 0x0, 0x0,
    0x0, 0x0, 0x0, 0x0, 0x0, 0x0, 0x0, 0x0,
    0x0, 0x0, 0x0, 0x0, 0x0, 0x0, 0x1f, 0xff,
    0x40, 0x0, 0x0, 0x0, 0x0, 0x0, 0x0, 0x8,
    0xff, 0xfb, 0x0, 0x0, 0x0, 0x0, 0x0, 0x0,
    0x0, 0xef, 0xff, 0xf2, 0x0, 0x0, 0x0, 0x0,
    0x0, 0x0, 0x5f, 0xfb, 0xff, 0x90, 0x0, 0x0,
    0x0, 0x0, 0x0, 0xc, 0xff, 0x1d, 0xff, 0x0,
    0x0, 0x0, 0x0, 0x0, 0x3, 0xff, 0x90, 0x7f,
    0xf6, 0x0, 0x0, 0x0, 0x0, 0x0, 0xaf, 0xf3,
    0x1, 0xff, 0xd0, 0x0, 0x0, 0x0, 0x0, 0x1f,
    0xfc, 0x0, 0xa, 0xff, 0x40, 0x0, 0x0, 0x0,
    0x7, 0xff, 0x60, 0x0, 0x3f, 0xfb, 0x0, 0x0,
    0x0, 0x0, 0xef, 0xf0, 0x0, 0x0, 0xdf, 0xf2,
    0x0, 0x0, 0x0, 0x5f, 0xff, 0x77, 0x77, 0x7e,
    0xff, 0x90, 0x0, 0x0, 0xc, 0xff, 0xff, 0xff,
    0xff, 0xff, 0xff, 0x0, 0x0, 0x3, 0xff, 0xff,
    0xff, 0xff, 0xff, 0xff, 0xf6, 0x0, 0x0, 0x9f,
    0xf6, 0x0, 0x0, 0x0, 0x3, 0xff, 0xd0, 0x0,
    0x1f, 0xff, 0x0, 0x0, 0x0, 0x0, 0xc, 0xff,
    0x40, 0x7, 0xff, 0x90, 0x0, 0x0, 0x0, 0x0,
    0x6f, 0xfb, 0x0, 0xef, 0xf2, 0x0, 0x0, 0x0,
    0x0, 0x0, 0xff, 0xf2,

    /* U+01DF "ǟ" */
    0x1, 0xbb, 0xbb, 0xbb, 0xb8, 0x0, 0x2, 0xff,
    0xff, 0xff, 0xfd, 0x0, 0x0, 0x0, 0x0, 0x0,
    0x0, 0x0, 0x0, 0x0, 0x0, 0x0, 0x0, 0x0,
    0x0, 0x4f, 0x90, 0x1d, 0xd1, 0x0, 0x0, 0x9f,
    0xf0, 0x4f, 0xf4, 0x0, 0x0, 0x2b, 0x60, 0x9,
    0x90, 0x0, 0x0, 0x0, 0x0, 0x0, 0x0, 0x0,
    0x1, 0x7c, 0xef, 0xec, 0x60, 0x0, 0x5f, 0xff,
    0xff, 0xff, 0xfc, 0x0, 0x2f, 0xfb, 0x88, 0xbf,
    0xff, 0x80, 0x4, 0x10, 0x0, 0x4, 0xff, 0xe0,
    0x0, 0x0, 0x0, 0x0, 0xdf, 0xf1, 0x1, 0x9d,
    0xff, 0xff, 0xff, 0xf2, 0x2f, 0xff, 0xff, 0xff,
    0xff, 0xf2, 0xbf, 0xf8, 0x10, 0x0, 0xbf, 0xf2,
    0xef, 0xe0, 0x0, 0x0, 0xbf, 0xf2, 0xef, 0xf0,
    0x0, 0x2, 0xff, 0xf2, 0xaf, 0xf9, 0x11, 0x5e,
    0xff, 0xf2, 0x2e, 0xff, 0xff, 0xff, 0xdf, 0xf2,
    0x1, 0x9e, 0xfe, 0xb3, 0x8f, 0xf2,

    /* U+01E0 "Ǡ" */
    0x0, 0x0, 0x6, 0xff, 0xff, 0xff, 0xf9, 0x0,
    0x0, 0x0, 0x0, 0x0, 0x4b, 0xbb, 0xbb, 0xbb,
    0x60, 0x0, 0x0, 0x0, 0x0, 0x0, 0x0, 0x0,
    0x0, 0x0, 0x0, 0x0, 0x0, 0x0, 0x0, 0x0,
    0x6, 0xf9, 0x0, 0x0, 0x0, 0x0, 0x0, 0x0,
    0x0, 0x0, 0xbf, 0xf0, 0x0, 0x0, 0x0, 0x0,
    0x0, 0x0, 0x0, 0x5, 0xd7, 0x0, 0x0, 0x0,
    0x0, 0x0, 0x0, 0x0, 0x0, 0x0, 0x0, 0x0,
    0x0, 0x0, 0x0, 0x0, 0x0, 0x0, 0x1f, 0xff,
    0x40, 0x0, 0x0, 0x0, 0x0, 0x0, 0x0, 0x8,
    0xff, 0xfb, 0x0, 0x0, 0x0, 0x0, 0x0, 0x0,
    0x0, 0xef, 0xff, 0xf2, 0x0, 0x0, 0x0, 0x0,
    0x0, 0x0, 0x5f, 0xfb, 0xff, 0x90, 0x0, 0x0,
    0x0, 0x0, 0x0, 0xc, 0xff, 0x1d, 0xff, 0x0,
    0x0, 0x0, 0x0, 0x0, 0x3, 0xff, 0x90, 0x7f,
    0xf6, 0x0, 0x0, 0x0, 0x0, 0x0, 0xaf, 0xf3,
    0x1, 0xff, 0xd0, 0x0, 0x0, 0x0, 0x0, 0x1f,
    0xfc, 0x0, 0xa, 0xff, 0x40, 0x0, 0x0, 0x0,
    0x7, 0xff, 0x60, 0x0, 0x3f, 0xfb, 0x0, 0x0,
    0x0, 0x0, 0xef, 0xf0, 0x0, 0x0, 0xdf, 0xf2,
    0x0, 0x0, 0x0, 0x5f, 0xff, 0x77, 0x77, 0x7e,
    0xff, 0x90, 0x0, 0x0, 0xc, 0xff, 0xff, 0xff,
    0xff, 0xff, 0xff, 0x0, 0x0, 0x3, 0xff, 0xff,
    0xff, 0xff, 0xff, 0xff, 0xf6, 0x0, 0x0, 0x9f,
    0xf6, 0x0, 0x0, 0x0, 0x3, 0xff, 0xd0, 0x0,
    0x1f, 0xff, 0x0, 0x0, 0x0, 0x0, 0xc, 0xff,
    0x40, 0x7, 0xff, 0x90, 0x0, 0x0, 0x0, 0x0,
    0x6f, 0xfb, 0x0, 0xef, 0xf2, 0x0, 0x0, 0x0,
    0x0, 0x0, 0xff, 0xf2,

    /* U+01E1 "ǡ" */
    0x1, 0xbb, 0xbb, 0xbb, 0xb8, 0x0, 0x2, 0xff,
    0xff, 0xff, 0xfd, 0x0, 0x0, 0x0, 0x0, 0x0,
    0x0, 0x0, 0x0, 0x0, 0x3e, 0xc0, 0x0, 0x0,
    0x0, 0x0, 0x8f, 0xf2, 0x0, 0x0, 0x0, 0x0,
    0x2c, 0xa0, 0x0, 0x0, 0x0, 0x0, 0x0, 0x0,
    0x0, 0x0, 0x0, 0x0, 0x0, 0x0, 0x0, 0x0,
    0x1, 0x7c, 0xef, 0xec, 0x60, 0x0, 0x5f, 0xff,
    0xff, 0xff, 0xfc, 0x0, 0x2f, 0xfb, 0x88, 0xbf,
    0xff, 0x80, 0x4, 0x10, 0x0, 0x4, 0xff, 0xe0,
    0x0, 0x0, 0x0, 0x0, 0xdf, 0xf1, 0x1, 0x9d,
    0xff, 0xff, 0xff, 0xf2, 0x2f, 0xff, 0xff, 0xff,
    0xff, 0xf2, 0xbf, 0xf8, 0x10, 0x0, 0xbf, 0xf2,
    0xef, 0xe0, 0x0, 0x0, 0xbf, 0xf2, 0xef, 0xf0,
    0x0, 0x2, 0xff, 0xf2, 0xaf, 0xf9, 0x11, 0x5e,
    0xff, 0xf2, 0x2e, 0xff, 0xff, 0xff, 0xdf, 0xf2,
    0x1, 0x9e, 0xfe, 0xb3, 0x8f, 0xf2,

    /* U+01E2 "Ǣ" */
    0x0, 0x0, 0x0, 0x0, 0x0, 0x6, 0xcc, 0xcc,
    0xcc, 0xc5, 0x0, 0x0, 0x0, 0x0, 0x0, 0x0,
    0x0, 0x0, 0x7f, 0xff, 0xff, 0xff, 0x70, 0x0,
    0x0, 0x0, 0x0, 0x0, 0x0, 0x0, 0x0, 0x0,
    0x0, 0x0, 0x0, 0x0, 0x0, 0x0, 0x0, 0x0,
    0x0, 0x0, 0x0, 0x0, 0x0, 0x0, 0x0, 0x0,
    0x0, 0x0, 0x0, 0x0, 0x0, 0x0, 0x1, 0xff,
    0xff, 0xff, 0xff, 0xff, 0xff, 0xff, 0x0, 0x0,
    0x0, 0x0, 0x0, 0x9f, 0xff, 0xff, 0xff, 0xff,
    0xff, 0xff, 0xf0, 0x0, 0x0, 0x0, 0x0, 0x2f,
    0xff, 0xff, 0xfb, 0xaa, 0xaa, 0xaa, 0xa9, 0x0,
    0x0, 0x0, 0x0, 0xb, 0xff, 0x3c, 0xff, 0x30,
    0x0, 0x0, 0x0, 0x0, 0x0, 0x0, 0x0, 0x4,
    0xff, 0xb0, 0xcf, 0xf3, 0x0, 0x0, 0x0, 0x0,
    0x0, 0x0, 0x0, 0x0, 0xcf, 0xf2, 0xc, 0xff,
    0x30, 0x0, 0x0, 0x0, 0x0, 0x0, 0x0, 0x0,
    0x5f, 0xfa, 0x0, 0xcf, 0xf3, 0x0, 0x0, 0x0,
    0x0, 0x0, 0x0, 0x0, 0xd, 0xff, 0x10, 0xc,
    0xff, 0xff, 0xff, 0xff, 0xff, 0x0, 0x0, 0x0,
    0x7, 0xff, 0x80, 0x0, 0xcf, 0xff, 0xff, 0xff,
    0xff, 0xf0, 0x0, 0x0, 0x1, 0xef, 0xe1, 0x0,
    0xc, 0xff, 0xc9, 0x99, 0x99, 0x98, 0x0, 0x0,
    0x0, 0x8f, 0xfe, 0x77, 0x77, 0xff, 0xf3, 0x0,
    0x0, 0x0, 0x0, 0x0, 0x0, 0x1f, 0xff, 0xff,
    0xff, 0xff, 0xff, 0x30, 0x0, 0x0, 0x0, 0x0,
    0x0, 0xa, 0xff, 0xff, 0xff, 0xff, 0xff, 0xf3,
    0x0, 0x0, 0x0, 0x0, 0x0, 0x3, 0xff, 0xd0,
    0x0, 0x0, 0xc, 0xff, 0x30, 0x0, 0x0, 0x0,
    0x0, 0x0, 0xbf, 0xf5, 0x0, 0x0, 0x0, 0xcf,
    0xfb, 0xaa, 0xaa, 0xaa, 0xaa, 0x20, 0x4f, 0xfc,
    0x0, 0x0, 0x0, 0xc, 0xff, 0xff, 0xff, 0xff,
    0xff, 0xf4, 0xd, 0xff, 0x30, 0x0, 0x0, 0x0,
    0xcf, 0xff, 0xff, 0xff, 0xff, 0xff, 0x40,

    /* U+01E3 "ǣ" */
    0x0, 0x0, 0x3, 0xff, 0xff, 0xff, 0xfb, 0x0,
    0x0, 0x0, 0x0, 0x0, 0x0, 0x2c, 0xcc, 0xcc,
    0xcc, 0x90, 0x0, 0x0, 0x0, 0x0, 0x0, 0x0,
    0x0, 0x0, 0x0, 0x0, 0x0, 0x0, 0x0, 0x0,
    0x0, 0x0, 0x0, 0x0, 0x0, 0x0, 0x0, 0x0,
    0x0, 0x0, 0x1, 0x7c, 0xef, 0xec, 0x60, 0x2,
    0x9d, 0xfe, 0xb6, 0x0, 0x5, 0xff, 0xff, 0xff,
    0xff, 0xb6, 0xff, 0xff, 0xff, 0xfc, 0x10, 0x2f,
    0xfb, 0x88, 0xbf, 0xff, 0xff, 0xfb, 0x89, 0xef,
    0xfc, 0x0, 0x41, 0x0, 0x0, 0x4f, 0xff, 0xf4,
    0x0, 0x0, 0xbf, 0xf6, 0x0, 0x0, 0x0, 0x0,
    0xdf, 0xf8, 0x0, 0x0, 0x1, 0xff, 0xb0, 0x18,
    0xde, 0xff, 0xff, 0xff, 0xff, 0xff, 0xff, 0xff,
    0xfe, 0x2e, 0xff, 0xff, 0xff, 0xff, 0xff, 0xff,
    0xff, 0xff, 0xff, 0xfb, 0xff, 0x81, 0x0, 0xb,
    0xff, 0x30, 0x0, 0x0, 0x0, 0x0, 0xff, 0xe0,
    0x0, 0x0, 0xdf, 0xf9, 0x0, 0x0, 0x0, 0x0,
    0xe, 0xff, 0x0, 0x0, 0x2f, 0xff, 0xf6, 0x0,
    0x0, 0x3c, 0x10, 0xaf, 0xfb, 0x43, 0x6e, 0xff,
    0xff, 0xfd, 0xa9, 0xcf, 0xfc, 0x1, 0xdf, 0xff,
    0xff, 0xfd, 0x25, 0xff, 0xff, 0xff, 0xff, 0x70,
    0x1, 0x8d, 0xff, 0xc7, 0x10, 0x1, 0x8d, 0xff,
    0xd9, 0x20, 0x0,

    /* U+01E4 "Ǥ" */
    0x0, 0x0, 0x6, 0xbe, 0xfe, 0xd9, 0x30, 0x0,
    0x0, 0x0, 0x6, 0xef, 0xff, 0xff, 0xff, 0xfa,
    0x10, 0x0, 0x0, 0x8f, 0xff, 0xfe, 0xcd, 0xff,
    0xff, 0xd0, 0x0, 0x6, 0xff, 0xfb, 0x30, 0x0,
    0x5, 0xef, 0x70, 0x0, 0x1f, 0xff, 0x90, 0x0,
    0x0, 0x0, 0x15, 0x0, 0x0, 0x7f, 0xfc, 0x0,
    0x0, 0x0, 0x0, 0x0, 0x0, 0x0, 0xbf, 0xf5,
    0x0, 0x0, 0x0, 0x0, 0x0, 0x0, 0x0, 0xef,
    0xf2, 0x0, 0x0, 0x0, 0x0, 0x0, 0x0, 0x0,
    0xff, 0xf0, 0x0, 0x0, 0x0, 0x0, 0x8a, 0xa0,
    0x0, 0xef, 0xf2, 0x0, 0x0, 0x5, 0x55, 0xff,
    0xf5, 0x50, 0xcf, 0xf5, 0x0, 0x0, 0x2f, 0xff,
    0xff, 0xff, 0xf3, 0x7f, 0xfd, 0x0, 0x0, 0x2f,
    0xff, 0xff, 0xff, 0xf3, 0x1f, 0xff, 0x90, 0x0,
    0x0, 0x0, 0xdf, 0xf0, 0x0, 0x6, 0xff, 0xfb,
    0x20, 0x0, 0x3, 0xff, 0xf0, 0x0, 0x0, 0x9f,
    0xff, 0xfe, 0xcc, 0xef, 0xff, 0xf0, 0x0, 0x0,
    0x6, 0xff, 0xff, 0xff, 0xff, 0xfd, 0x30, 0x0,
    0x0, 0x0, 0x17, 0xbe, 0xff, 0xd9, 0x40, 0x0,
    0x0,

    /* U+01E5 "ǥ" */
    0x0, 0x1, 0x7c, 0xef, 0xd7, 0xa, 0xff, 0x10,
    0x0, 0x3e, 0xff, 0xff, 0xff, 0xdc, 0xff, 0x10,
    0x1, 0xef, 0xfc, 0x53, 0x5c, 0xff, 0xff, 0x10,
    0x9, 0xff, 0xa0, 0x0, 0x0, 0xaf, 0xff, 0x10,
    0xe, 0xff, 0x10, 0x0, 0x0, 0x1f, 0xff, 0x10,
    0x1f, 0xfc, 0x0, 0x0, 0x0, 0xf, 0xff, 0x10,
    0x1f, 0xfd, 0x0, 0x0, 0x0, 0xf, 0xff, 0x10,
    0xe, 0xff, 0x10, 0x0, 0x0, 0x1f, 0xff, 0x10,
    0x9, 0xff, 0xc0, 0x0, 0x0, 0xbf, 0xff, 0x10,
    0x1, 0xef, 0xfe, 0x86, 0x8e, 0xff, 0xff, 0x10,
    0x0, 0x3e, 0xff, 0xff, 0xff, 0xde, 0xff, 0x10,
    0x0, 0x1, 0x7c, 0xff, 0xd7, 0xc, 0xff, 0x0,
    0x0, 0x0, 0x0, 0x5, 0xdd, 0xdf, 0xff, 0xda,
    0x0, 0x20, 0x0, 0x7, 0xff, 0xff, 0xff, 0xfd,
    0x0, 0xbc, 0x30, 0x0, 0x0, 0xcf, 0xf7, 0x0,
    0x3, 0xff, 0xfd, 0x98, 0xae, 0xff, 0xe1, 0x0,
    0x2, 0xdf, 0xff, 0xff, 0xff, 0xfe, 0x30, 0x0,
    0x0, 0x4, 0x9d, 0xff, 0xec, 0x71, 0x0, 0x0,

    /* U+01E6 "Ǧ" */
    0x0, 0x0, 0x6f, 0xe2, 0x1, 0xdf, 0x70, 0x0,
    0x0, 0x0, 0x8, 0xfe, 0x4e, 0xf9, 0x0, 0x0,
    0x0, 0x0, 0x0, 0xaf, 0xff, 0xb0, 0x0, 0x0,
    0x0, 0x0, 0x0, 0x7, 0x87, 0x0, 0x0, 0x0,
    0x0, 0x0, 0x0, 0x0, 0x0, 0x0, 0x0, 0x0,
    0x0, 0x0, 0x6, 0xbe, 0xfe, 0xd9, 0x30, 0x0,
    0x0, 0x6, 0xef, 0xff, 0xff, 0xff, 0xfa, 0x10,
    0x0, 0x8f, 0xff, 0xfe, 0xcd, 0xff, 0xff, 0xd0,
    0x6, 0xff, 0xfb, 0x30, 0x0, 0x5, 0xef, 0x70,
    0x1f, 0xff, 0x90, 0x0, 0x0, 0x0, 0x15, 0x0,
    0x7f, 0xfc, 0x0, 0x0, 0x0, 0x0, 0x0, 0x0,
    0xbf, 0xf5, 0x0, 0x0, 0x0, 0x0, 0x0, 0x0,
    0xef, 0xf2, 0x0, 0x0, 0x0, 0x0, 0x0, 0x0,
    0xff, 0xf0, 0x0, 0x0, 0x0, 0x0, 0x9b, 0xa0,
    0xef, 0xf2, 0x0, 0x0, 0x0, 0x0, 0xdf, 0xf0,
    0xcf, 0xf5, 0x0, 0x0, 0x0, 0x0, 0xdf, 0xf0,
    0x7f, 0xfd, 0x0, 0x0, 0x0, 0x0, 0xdf, 0xf0,
    0x1f, 0xff, 0x90, 0x0, 0x0, 0x0, 0xdf, 0xf0,
    0x6, 0xff, 0xfb, 0x20, 0x0, 0x4, 0xff, 0xf0,
    0x0, 0x9f, 0xff, 0xfe, 0xcc, 0xff, 0xff, 0xf0,
    0x0, 0x6, 0xff, 0xff, 0xff, 0xff, 0xfd, 0x30,
    0x0, 0x0, 0x17, 0xbe, 0xff, 0xd9, 0x40, 0x0,

    /* U+01E7 "ǧ" */
    0x0, 0x4, 0xff, 0x40, 0x1c, 0xf9, 0x0, 0x0,
    0x0, 0x4, 0xff, 0x9d, 0xfa, 0x0, 0x0, 0x0,
    0x0, 0x5, 0xff, 0xfb, 0x0, 0x0, 0x0, 0x0,
    0x0, 0x3, 0x44, 0x0, 0x0, 0x0, 0x0, 0x0,
    0x0, 0x0, 0x0, 0x0, 0x0, 0x0, 0x0, 0x7,
    0xce, 0xfd, 0x70, 0xaf, 0xf1, 0x0, 0x2d, 0xff,
    0xff, 0xff, 0xdb, 0xff, 0x10, 0x1e, 0xff, 0xe8,
    0x68, 0xef, 0xff, 0xf1, 0x8, 0xff, 0xc0, 0x0,
    0x0, 0xcf, 0xff, 0x10, 0xef, 0xf2, 0x0, 0x0,
    0x2, 0xff, 0xf1, 0xf, 0xfd, 0x0, 0x0, 0x0,
    0xf, 0xff, 0x11, 0xff, 0xc0, 0x0, 0x0, 0x0,
    0xff, 0xf1, 0xf, 0xff, 0x0, 0x0, 0x0, 0xf,
    0xff, 0x10, 0xbf, 0xf7, 0x0, 0x0, 0x7, 0xff,
    0xf1, 0x4, 0xff, 0xf9, 0x20, 0x28, 0xff, 0xff,
    0x10, 0x9, 0xff, 0xff, 0xff, 0xff, 0xff, 0xf1,
    0x0, 0x7, 0xff, 0xff, 0xff, 0x6d, 0xff, 0x0,
    0x0, 0x0, 0x57, 0x75, 0x0, 0xef, 0xf0, 0x0,
    0x0, 0x0, 0x0, 0x0, 0x3f, 0xfc, 0x0, 0x9,
    0x92, 0x0, 0x0, 0x1c, 0xff, 0x80, 0x2, 0xff,
    0xfc, 0xa9, 0xaf, 0xff, 0xe1, 0x0, 0x2d, 0xff,
    0xff, 0xff, 0xff, 0xe3, 0x0, 0x0, 0x4, 0x9d,
    0xef, 0xec, 0x71, 0x0, 0x0,

    /* U+01E8 "Ǩ" */
    0x0, 0x48, 0x70, 0x0, 0x58, 0x60, 0x0, 0x0,
    0x0, 0xcf, 0xc1, 0x8f, 0xf3, 0x0, 0x0, 0x0,
    0x1, 0xdf, 0xff, 0xf5, 0x0, 0x0, 0x0, 0x0,
    0x2, 0xef, 0xf6, 0x0, 0x0, 0x0, 0x0, 0x0,
    0x0, 0x0, 0x0, 0x0, 0x0, 0xd, 0xff, 0x20,
    0x0, 0x0, 0x5, 0xff, 0xe1, 0xdf, 0xf2, 0x0,
    0x0, 0x4, 0xff, 0xf2, 0xd, 0xff, 0x20, 0x0,
    0x3, 0xff, 0xf4, 0x0, 0xdf, 0xf2, 0x0, 0x2,
    0xef, 0xf5, 0x0, 0xd, 0xff, 0x20, 0x1, 0xef,
    0xf7, 0x0, 0x0, 0xdf, 0xf2, 0x1, 0xdf, 0xf9,
    0x0, 0x0, 0xd, 0xff, 0x20, 0xcf, 0xfa, 0x0,
    0x0, 0x0, 0xdf, 0xf2, 0xbf, 0xff, 0x0, 0x0,
    0x0, 0xd, 0xff, 0xcf, 0xff, 0xf6, 0x0, 0x0,
    0x0, 0xdf, 0xff, 0xff, 0xff, 0xf2, 0x0, 0x0,
    0xd, 0xff, 0xff, 0x3c, 0xff, 0xd0, 0x0, 0x0,
    0xdf, 0xff, 0x30, 0x1e, 0xff, 0xa0, 0x0, 0xd,
    0xff, 0x70, 0x0, 0x3f, 0xff, 0x70, 0x0, 0xdf,
    0xf2, 0x0, 0x0, 0x6f, 0xff, 0x30, 0xd, 0xff,
    0x20, 0x0, 0x0, 0x9f, 0xfe, 0x10, 0xdf, 0xf2,
    0x0, 0x0, 0x0, 0xcf, 0xfb, 0xd, 0xff, 0x20,
    0x0, 0x0, 0x1, 0xef, 0xf7,

    /* U+01E9 "ǩ" */
    0x6, 0x84, 0x0, 0x7, 0x83, 0x0, 0x0, 0x0,
    0x0, 0x2e, 0xf8, 0x1c, 0xfa, 0x0, 0x0, 0x0,
    0x0, 0x0, 0x2d, 0xff, 0xfa, 0x0, 0x0, 0x0,
    0x0, 0x0, 0x0, 0x17, 0x87, 0x0, 0x0, 0x0,
    0x0, 0x0, 0x0, 0x0, 0x0, 0x0, 0x0, 0x0,
    0x0, 0x0, 0x0, 0x0, 0x1f, 0xfc, 0x0, 0x0,
    0x0, 0x0, 0x0, 0x0, 0x1, 0xff, 0xc0, 0x0,
    0x0, 0x0, 0x0, 0x0, 0x0, 0x1f, 0xfc, 0x0,
    0x0, 0x0, 0x0, 0x0, 0x0, 0x1, 0xff, 0xc0,
    0x0, 0x0, 0x0, 0x0, 0x0, 0x0, 0x1f, 0xfc,
    0x0, 0x0, 0x0, 0x0, 0x0, 0x0, 0x1, 0xff,
    0xc0, 0x0, 0x0, 0xbf, 0xfa, 0x0, 0x0, 0x1f,
    0xfc, 0x0, 0x0, 0xcf, 0xfb, 0x0, 0x0, 0x1,
    0xff, 0xc0, 0x0, 0xcf, 0xfc, 0x0, 0x0, 0x0,
    0x1f, 0xfc, 0x1, 0xcf, 0xfd, 0x10, 0x0, 0x0,
    0x1, 0xff, 0xc1, 0xcf, 0xfd, 0x10, 0x0, 0x0,
    0x0, 0x1f, 0xfd, 0xdf, 0xff, 0x40, 0x0, 0x0,
    0x0, 0x1, 0xff, 0xff, 0xff, 0xfc, 0x0, 0x0,
    0x0, 0x0, 0x1f, 0xff, 0xfe, 0xff, 0xf9, 0x0,
    0x0, 0x0, 0x1, 0xff, 0xfc, 0x4, 0xff, 0xf4,
    0x0, 0x0, 0x0, 0x1f, 0xff, 0x0, 0x8, 0xff,
    0xe1, 0x0, 0x0, 0x1, 0xff, 0xc0, 0x0, 0xb,
    0xff, 0xc0, 0x0, 0x0, 0x1f, 0xfc, 0x0, 0x0,
    0x1e, 0xff, 0x80, 0x0, 0x1, 0xff, 0xc0, 0x0,
    0x0, 0x3f, 0xff, 0x40,

    /* U+01EA "Ǫ" */
    0x0, 0x0, 0x17, 0xbe, 0xfe, 0xd8, 0x30, 0x0,
    0x0, 0x0, 0x6, 0xef, 0xff, 0xff, 0xff, 0xfa,
    0x10, 0x0, 0x0, 0x8f, 0xff, 0xfe, 0xcd, 0xff,
    0xff, 0xd1, 0x0, 0x6, 0xff, 0xfa, 0x20, 0x0,
    0x7, 0xff, 0xfc, 0x0, 0x1f, 0xff, 0x80, 0x0,
    0x0, 0x0, 0x3f, 0xff, 0x60, 0x7f, 0xfd, 0x0,
    0x0, 0x0, 0x0, 0x7, 0xff, 0xd0, 0xbf, 0xf6,
    0x0, 0x0, 0x0, 0x0, 0x0, 0xff, 0xf2, 0xef,
    0xf2, 0x0, 0x0, 0x0, 0x0, 0x0, 0xcf, 0xf4,
    0xff, 0xf0, 0x0, 0x0, 0x0, 0x0, 0x0, 0xaf,
    0xf5, 0xef, 0xf2, 0x0, 0x0, 0x0, 0x0, 0x0,
    0xcf, 0xf3, 0xcf, 0xf5, 0x0, 0x0, 0x0, 0x0,
    0x0, 0xff, 0xf1, 0x7f, 0xfc, 0x0, 0x0, 0x0,
    0x0, 0x7, 0xff, 0xc0, 0x1f, 0xff, 0x80, 0x0,
    0x0, 0x0, 0x3f, 0xff, 0x50, 0x6, 0xff, 0xfa,
    0x20, 0x0, 0x7, 0xff, 0xfa, 0x0, 0x0, 0x9f,
    0xff, 0xfd, 0xcc, 0xff, 0xff, 0xb0, 0x0, 0x0,
    0x6, 0xff, 0xff, 0xff, 0xff, 0xf7, 0x0, 0x0,
    0x0, 0x0, 0x17, 0xbf, 0xff, 0xb6, 0x0, 0x0,
    0x0, 0x0, 0x0, 0x0, 0x2e, 0xd3, 0x0, 0x0,
    0x0, 0x0, 0x0, 0x0, 0x0, 0xbf, 0x20, 0x0,
    0x0, 0x0, 0x0, 0x0, 0x0, 0x0, 0xef, 0x10,
    0x0, 0x0, 0x0, 0x0, 0x0, 0x0, 0x0, 0xbf,
    0xda, 0xc0, 0x0, 0x0, 0x0, 0x0, 0x0, 0x0,
    0x1a, 0xee, 0xb1, 0x0, 0x0, 0x0,

    /* U+01EB "ǫ" */
    0x0, 0x0, 0x5b, 0xef, 0xda, 0x40, 0x0, 0x0,
    0x1b, 0xff, 0xff, 0xff, 0xf9, 0x0, 0x0, 0xcf,
    0xff, 0xa9, 0xbf, 0xff, 0x90, 0x6, 0xff, 0xd2,
    0x0, 0x3, 0xef, 0xf3, 0xd, 0xff, 0x30, 0x0,
    0x0, 0x6f, 0xfa, 0xf, 0xfe, 0x0, 0x0, 0x0,
    0x1f, 0xfd, 0x1f, 0xfc, 0x0, 0x0, 0x0, 0xf,
    0xff, 0xf, 0xfe, 0x0, 0x0, 0x0, 0xf, 0xfe,
    0xc, 0xff, 0x30, 0x0, 0x0, 0x6f, 0xfb, 0x6,
    0xff, 0xd1, 0x0, 0x2, 0xef, 0xf5, 0x0, 0xcf,
    0xff, 0xa8, 0xaf, 0xff, 0xc0, 0x0, 0x1b, 0xff,
    0xff, 0xff, 0xfd, 0x10, 0x0, 0x0, 0x5b, 0xef,
    0xff, 0x80, 0x0, 0x0, 0x0, 0x0, 0xcf, 0xa1,
    0x0, 0x0, 0x0, 0x0, 0x8, 0xf9, 0x0, 0x0,
    0x0, 0x0, 0x0, 0xd, 0xf2, 0x0, 0x0, 0x0,
    0x0, 0x0, 0xc, 0xf6, 0x3, 0x0, 0x0, 0x0,
    0x0, 0x5, 0xff, 0xff, 0x10, 0x0, 0x0, 0x0,
    0x0, 0x48, 0x96, 0x0, 0x0,

    /* U+01EC "Ǭ" */
    0x0, 0x0, 0x4f, 0xff, 0xff, 0xff, 0xa0, 0x0,
    0x0, 0x0, 0x0, 0x3c, 0xcc, 0xcc, 0xcc, 0x80,
    0x0, 0x0, 0x0, 0x0, 0x0, 0x0, 0x0, 0x0,
    0x0, 0x0, 0x0, 0x0, 0x0, 0x0, 0x0, 0x0,
    0x0, 0x0, 0x0, 0x0, 0x0, 0x0, 0x17, 0xbe,
    0xfe, 0xd8, 0x30, 0x0, 0x0, 0x0, 0x6, 0xef,
    0xff, 0xff, 0xff, 0xfa, 0x10, 0x0, 0x0, 0x8f,
    0xff, 0xfe, 0xcd, 0xff, 0xff, 0xd1, 0x0, 0x6,
    0xff, 0xfa, 0x20, 0x0, 0x7, 0xff, 0xfc, 0x0,
    0x1f, 0xff, 0x80, 0x0, 0x0, 0x0, 0x3f, 0xff,
    0x60, 0x7f, 0xfd, 0x0, 0x0, 0x0, 0x0, 0x7,
    0xff, 0xd0, 0xbf, 0xf6, 0x0, 0x0, 0x0, 0x0,
    0x0, 0xff, 0xf2, 0xef, 0xf2, 0x0, 0x0, 0x0,
    0x0, 0x0, 0xcf, 0xf4, 0xff, 0xf0, 0x0, 0x0,
    0x0, 0x0, 0x0, 0xaf, 0xf5, 0xef, 0xf2, 0x0,
    0x0, 0x0, 0x0, 0x0, 0xcf, 0xf3, 0xcf, 0xf5,
    0x0, 0x0, 0x0, 0x0, 0x0, 0xff, 0xf1, 0x7f,
    0xfc, 0x0, 0x0, 0x0, 0x0, 0x7, 0xff, 0xc0,
    0x1f, 0xff, 0x80, 0x0, 0x0, 0x0, 0x3f, 0xff,
    0x50, 0x6, 0xff, 0xfa, 0x20, 0x0, 0x7, 0xff,
    0xfa, 0x0, 0x0, 0x9f, 0xff, 0xfd, 0xcc, 0xff,
    0xff, 0xb0, 0x0, 0x0, 0x6, 0xff, 0xff, 0xff,
    0xff, 0xf7, 0x0, 0x0, 0x0, 0x0, 0x17, 0xbf,
    0xff, 0xb6, 0x0, 0x0, 0x0, 0x0, 0x0, 0x0,
    0x2e, 0xd3, 0x0, 0x0, 0x0, 0x0, 0x0, 0x0,
    0x0, 0xbf, 0x20, 0x0, 0x0, 0x0, 0x0, 0x0,
    0x0, 0x0, 0xef, 0x10, 0x0, 0x0, 0x0, 0x0,
    0x0, 0x0, 0x0, 0xbf, 0xda, 0xc0, 0x0, 0x0,
    0x0, 0x0, 0x0, 0x0, 0x1a, 0xee, 0xb1, 0x0,
    0x0, 0x0,

    /* U+01ED "ǭ" */
    0x0, 0x9, 0xff, 0xff, 0xff, 0xf5, 0x0, 0x0,
    0x7, 0xcc, 0xcc, 0xcc, 0xc4, 0x0, 0x0, 0x0,
    0x0, 0x0, 0x0, 0x0, 0x0, 0x0, 0x0, 0x0,
    0x0, 0x0, 0x0, 0x0, 0x0, 0x0, 0x5b, 0xef,
    0xda, 0x40, 0x0, 0x0, 0x1b, 0xff, 0xff, 0xff,
    0xf9, 0x0, 0x0, 0xcf, 0xff, 0xa9, 0xbf, 0xff,
    0x90, 0x6, 0xff, 0xd2, 0x0, 0x3, 0xef, 0xf3,
    0xd, 0xff, 0x30, 0x0, 0x0, 0x6f, 0xfa, 0xf,
    0xfe, 0x0, 0x0, 0x0, 0x1f, 0xfd, 0x1f, 0xfc,
    0x0, 0x0, 0x0, 0xf, 0xff, 0xf, 0xfe, 0x0,
    0x0, 0x0, 0xf, 0xfe, 0xc, 0xff, 0x30, 0x0,
    0x0, 0x6f, 0xfb, 0x6, 0xff, 0xd1, 0x0, 0x2,
    0xef, 0xf5, 0x0, 0xcf, 0xff, 0xa8, 0xaf, 0xff,
    0xc0, 0x0, 0x1b, 0xff, 0xff, 0xff, 0xfd, 0x10,
    0x0, 0x0, 0x5b, 0xef, 0xff, 0x80, 0x0, 0x0,
    0x0, 0x0, 0xcf, 0xa1, 0x0, 0x0, 0x0, 0x0,
    0x8, 0xf9, 0x0, 0x0, 0x0, 0x0, 0x0, 0xd,
    0xf2, 0x0, 0x0, 0x0, 0x0, 0x0, 0xc, 0xf6,
    0x3, 0x0, 0x0, 0x0, 0x0, 0x5, 0xff, 0xff,
    0x10, 0x0, 0x0, 0x0, 0x0, 0x48, 0x96, 0x0,
    0x0,

    /* U+01EE "Ǯ" */
    0x0, 0xd, 0xf8, 0x0, 0x7f, 0xe1, 0x0, 0x0,
    0x1, 0xef, 0x97, 0xff, 0x20, 0x0, 0x0, 0x0,
    0x2f, 0xff, 0xf4, 0x0, 0x0, 0x0, 0x0, 0x3,
    0x88, 0x40, 0x0, 0x0, 0x0, 0x0, 0x0, 0x0,
    0x0, 0x0, 0x0, 0xb, 0xff, 0xff, 0xff, 0xff,
    0xff, 0xb0, 0xb, 0xff, 0xff, 0xff, 0xff, 0xff,
    0xb0, 0x7, 0xaa, 0xaa, 0xaa, 0xaf, 0xff, 0x60,
    0x0, 0x0, 0x0, 0x0, 0xaf, 0xf8, 0x0, 0x0,
    0x0, 0x0, 0x8, 0xff, 0xa0, 0x0, 0x0, 0x0,
    0x0, 0x6f, 0xfc, 0x0, 0x0, 0x0, 0x0, 0x4,
    0xff, 0xe1, 0x0, 0x0, 0x0, 0x0, 0xd, 0xff,
    0xfc, 0x70, 0x0, 0x0, 0x0, 0xd, 0xff, 0xff,
    0xfe, 0x20, 0x0, 0x0, 0x4, 0x56, 0x8e, 0xff,
    0xe0, 0x0, 0x0, 0x0, 0x0, 0x1, 0xdf, 0xf5,
    0x0, 0x0, 0x0, 0x0, 0x0, 0x8f, 0xf7, 0x1,
    0x0, 0x0, 0x0, 0x0, 0x9f, 0xf6, 0xa, 0xc4,
    0x0, 0x0, 0x5, 0xff, 0xf3, 0x1f, 0xff, 0xfc,
    0xbb, 0xef, 0xff, 0xa0, 0x1a, 0xff, 0xff, 0xff,
    0xff, 0xfb, 0x0, 0x0, 0x28, 0xbe, 0xff, 0xda,
    0x40, 0x0,

    /* U+01EF "ǯ" */
    0x0, 0x8f, 0xd1, 0x3, 0xef, 0x50, 0x0, 0x0,
    0x9f, 0xe8, 0xff, 0x50, 0x0, 0x0, 0x0, 0xaf,
    0xff, 0x60, 0x0, 0x0, 0x0, 0x0, 0x44, 0x30,
    0x0, 0x0, 0x0, 0x0, 0x0, 0x0, 0x0, 0x0,
    0x0, 0xdf, 0xff, 0xff, 0xff, 0xff, 0xf0, 0xd,
    0xff, 0xff, 0xff, 0xff, 0xff, 0x0, 0x79, 0x99,
    0x99, 0x9e, 0xff, 0xc0, 0x0, 0x0, 0x0, 0x1,
    0xef, 0xe1, 0x0, 0x0, 0x0, 0x0, 0xcf, 0xf5,
    0x0, 0x0, 0x0, 0x0, 0x8f, 0xf9, 0x0, 0x0,
    0x0, 0x0, 0x4f, 0xfd, 0x0, 0x0, 0x0, 0x0,
    0x1e, 0xff, 0x60, 0x0, 0x0, 0x0, 0x5, 0xff,
    0xff, 0xf8, 0x0, 0x0, 0x0, 0x5f, 0xff, 0xff,
    0xfb, 0x0, 0x0, 0x0, 0x0, 0x16, 0xff, 0xf5,
    0x0, 0x0, 0x0, 0x0, 0x6, 0xff, 0xa0, 0x0,
    0x0, 0x0, 0x0, 0x2f, 0xfc, 0x1, 0x0, 0x0,
    0x0, 0x5, 0xff, 0xa0, 0xcb, 0x20, 0x0, 0x1,
    0xdf, 0xf6, 0x3f, 0xff, 0xda, 0x9b, 0xff, 0xfd,
    0x1, 0xaf, 0xff, 0xff, 0xff, 0xfd, 0x20, 0x0,
    0x38, 0xce, 0xfe, 0xc7, 0x0, 0x0,

    /* U+01F0 "ǰ" */
    0x0, 0x1e, 0xf5, 0x7, 0xfd, 0x0, 0x0, 0x3f,
    0xfa, 0xff, 0x20, 0x0, 0x0, 0x7f, 0xff, 0x50,
    0x0, 0x0, 0x0, 0x44, 0x30, 0x0, 0x0, 0x0,
    0x0, 0x0, 0x0, 0x0, 0x0, 0x0, 0xff, 0xe0,
    0x0, 0x0, 0x0, 0xf, 0xfe, 0x0, 0x0, 0x0,
    0x0, 0xff, 0xe0, 0x0, 0x0, 0x0, 0xf, 0xfe,
    0x0, 0x0, 0x0, 0x0, 0xff, 0xe0, 0x0, 0x0,
    0x0, 0xf, 0xfe, 0x0, 0x0, 0x0, 0x0, 0xff,
    0xe0, 0x0, 0x0, 0x0, 0xf, 0xfe, 0x0, 0x0,
    0x0, 0x0, 0xff, 0xe0, 0x0, 0x0, 0x0, 0xf,
    0xfe, 0x0, 0x0, 0x0, 0x0, 0xff, 0xe0, 0x0,
    0x0, 0x0, 0xf, 0xfe, 0x0, 0x0, 0x0, 0x0,
    0xff, 0xe0, 0x0, 0x0, 0x0, 0xf, 0xfe, 0x0,
    0x0, 0x0, 0x2, 0xff, 0xc0, 0x0, 0x7, 0xa8,
    0xdf, 0xf8, 0x0, 0x0, 0xdf, 0xff, 0xfd, 0x10,
    0x0, 0x8, 0xef, 0xea, 0x10, 0x0, 0x0,

    /* U+01F1 "Ǳ" */
    0xdf, 0xff, 0xff, 0xff, 0xec, 0x71, 0x0, 0x0,
    0x1, 0xff, 0xff, 0xff, 0xff, 0xff, 0xff, 0xf3,
    0xdf, 0xff, 0xff, 0xff, 0xff, 0xff, 0x60, 0x0,
    0x1, 0xff, 0xff, 0xff, 0xff, 0xff, 0xff, 0xf3,
    0xdf, 0xfb, 0xaa, 0xab, 0xcf, 0xff, 0xfa, 0x0,
    0x0, 0xaa, 0xaa, 0xaa, 0xaa, 0xaf, 0xff, 0xd0,
    0xdf, 0xf2, 0x0, 0x0, 0x1, 0x9f, 0xff, 0x70,
    0x0, 0x0, 0x0, 0x0, 0x0, 0x6f, 0xff, 0x20,
    0xdf, 0xf2, 0x0, 0x0, 0x0, 0x7, 0xff, 0xf1,
    0x0, 0x0, 0x0, 0x0, 0x3, 0xff, 0xf5, 0x0,
    0xdf, 0xf2, 0x0, 0x0, 0x0, 0x0, 0xbf, 0xf8,
    0x0, 0x0, 0x0, 0x0, 0x1e, 0xff, 0x80, 0x0,
    0xdf, 0xf2, 0x0, 0x0, 0x0, 0x0, 0x5f, 0xfc,
    0x0, 0x0, 0x0, 0x0, 0xbf, 0xfc, 0x0, 0x0,
    0xdf, 0xf2, 0x0, 0x0, 0x0, 0x0, 0x2f, 0xfe,
    0x0, 0x0, 0x0, 0x8, 0xff, 0xe1, 0x0, 0x0,
    0xdf, 0xf2, 0x0, 0x0, 0x0, 0x0, 0xf, 0xff,
    0x0, 0x0, 0x0, 0x4f, 0xff, 0x30, 0x0, 0x0,
    0xdf, 0xf2, 0x0, 0x0, 0x0, 0x0, 0x2f, 0xfe,
    0x0, 0x0, 0x2, 0xef, 0xf7, 0x0, 0x0, 0x0,
    0xdf, 0xf2, 0x0, 0x0, 0x0, 0x0, 0x5f, 0xfc,
    0x0, 0x0, 0xc, 0xff, 0xa0, 0x0, 0x0, 0x0,
    0xdf, 0xf2, 0x0, 0x0, 0x0, 0x0, 0xcf, 0xf8,
    0x0, 0x0, 0x9f, 0xfd, 0x0, 0x0, 0x0, 0x0,
    0xdf, 0xf2, 0x0, 0x0, 0x0, 0x7, 0xff, 0xf1,
    0x0, 0x6, 0xff, 0xf2, 0x0, 0x0, 0x0, 0x0,
    0xdf, 0xf2, 0x0, 0x0, 0x1, 0x9f, 0xff, 0x70,
    0x0, 0x3f, 0xff, 0x50, 0x0, 0x0, 0x0, 0x0,
    0xdf, 0xfb, 0xaa, 0xab, 0xcf, 0xff, 0xfa, 0x0,
    0x1, 0xdf, 0xff, 0xaa, 0xaa, 0xaa, 0xaa, 0xa4,
    0xdf, 0xff, 0xff, 0xff, 0xff, 0xff, 0x60, 0x0,
    0x4, 0xff, 0xff, 0xff, 0xff, 0xff, 0xff, 0xf7,
    0xdf, 0xff, 0xff, 0xff, 0xec, 0x71, 0x0, 0x0,
    0x4, 0xff, 0xff, 0xff, 0xff, 0xff, 0xff, 0xf7,

    /* U+01F2 "ǲ" */
    0xdf, 0xff, 0xff, 0xff, 0xec, 0x71, 0x0, 0x0,
    0x0, 0x0, 0x0, 0x0, 0x0, 0x0, 0xd, 0xff,
    0xff, 0xff, 0xff, 0xff, 0xf6, 0x0, 0x0, 0x0,
    0x0, 0x0, 0x0, 0x0, 0x0, 0xdf, 0xfb, 0xaa,
    0xab, 0xcf, 0xff, 0xfa, 0x0, 0x0, 0x0, 0x0,
    0x0, 0x0, 0x0, 0xd, 0xff, 0x20, 0x0, 0x0,
    0x19, 0xff, 0xf7, 0x0, 0x0, 0x0, 0x0, 0x0,
    0x0, 0x0, 0xdf, 0xf2, 0x0, 0x0, 0x0, 0x7,
    0xff, 0xf1, 0x0, 0xff, 0xff, 0xff, 0xff, 0xff,
    0x4d, 0xff, 0x20, 0x0, 0x0, 0x0, 0xb, 0xff,
    0x80, 0xf, 0xff, 0xff, 0xff, 0xff, 0xf4, 0xdf,
    0xf2, 0x0, 0x0, 0x0, 0x0, 0x5f, 0xfc, 0x0,
    0x66, 0x66, 0x66, 0xdf, 0xfc, 0xd, 0xff, 0x20,
    0x0, 0x0, 0x0, 0x2, 0xff, 0xe0, 0x0, 0x0,
    0x0, 0x3f, 0xfe, 0x10, 0xdf, 0xf2, 0x0, 0x0,
    0x0, 0x0, 0xf, 0xff, 0x0, 0x0, 0x0, 0x1e,
    0xff, 0x40, 0xd, 0xff, 0x20, 0x0, 0x0, 0x0,
    0x2, 0xff, 0xe0, 0x0, 0x0, 0xc, 0xff, 0x70,
    0x0, 0xdf, 0xf2, 0x0, 0x0, 0x0, 0x0, 0x5f,
    0xfc, 0x0, 0x0, 0x8, 0xff, 0xa0, 0x0, 0xd,
    0xff, 0x20, 0x0, 0x0, 0x0, 0xc, 0xff, 0x80,
    0x0, 0x5, 0xff, 0xd0, 0x0, 0x0, 0xdf, 0xf2,
    0x0, 0x0, 0x0, 0x7, 0xff, 0xf1, 0x0, 0x2,
    0xff, 0xf2, 0x0, 0x0, 0xd, 0xff, 0x20, 0x0,
    0x0, 0x19, 0xff, 0xf7, 0x0, 0x0, 0xdf, 0xf5,
    0x0, 0x0, 0x0, 0xdf, 0xfb, 0xaa, 0xab, 0xcf,
    0xff, 0xfa, 0x0, 0x0, 0xaf, 0xff, 0x66, 0x66,
    0x66, 0x3d, 0xff, 0xff, 0xff, 0xff, 0xff, 0xf6,
    0x0, 0x0, 0x1f, 0xff, 0xff, 0xff, 0xff, 0xf7,
    0xdf, 0xff, 0xff, 0xff, 0xec, 0x71, 0x0, 0x0,
    0x2, 0xff, 0xff, 0xff, 0xff, 0xff, 0x70,

    /* U+01F3 "ǳ" */
    0x0, 0x0, 0x0, 0x0, 0x0, 0xf, 0xfe, 0x0,
    0x0, 0x0, 0x0, 0x0, 0x0, 0x0, 0x0, 0x0,
    0x0, 0x0, 0x0, 0xf, 0xfe, 0x0, 0x0, 0x0,
    0x0, 0x0, 0x0, 0x0, 0x0, 0x0, 0x0, 0x0,
    0x0, 0xf, 0xfe, 0x0, 0x0, 0x0, 0x0, 0x0,
    0x0, 0x0, 0x0, 0x0, 0x0, 0x0, 0x0, 0xf,
    0xfe, 0x0, 0x0, 0x0, 0x0, 0x0, 0x0, 0x0,
    0x0, 0x0, 0x0, 0x0, 0x0, 0xf, 0xfe, 0x0,
    0x0, 0x0, 0x0, 0x0, 0x0, 0x0, 0x0, 0x0,
    0x6c, 0xef, 0xc6, 0xf, 0xfe, 0x0, 0x3f, 0xff,
    0xff, 0xff, 0xff, 0xf1, 0x0, 0x2d, 0xff, 0xff,
    0xff, 0xbf, 0xfe, 0x0, 0x3f, 0xff, 0xff, 0xff,
    0xff, 0xf1, 0x0, 0xdf, 0xff, 0xb9, 0xbf, 0xff,
    0xfe, 0x0, 0x18, 0x88, 0x88, 0x8f, 0xff, 0xb0,
    0x7, 0xff, 0xd2, 0x0, 0x3, 0xef, 0xfe, 0x0,
    0x0, 0x0, 0x0, 0x5f, 0xfd, 0x0, 0xd, 0xff,
    0x30, 0x0, 0x0, 0x6f, 0xfe, 0x0, 0x0, 0x0,
    0x3, 0xff, 0xf2, 0x0, 0xf, 0xfe, 0x0, 0x0,
    0x0, 0xf, 0xfe, 0x0, 0x0, 0x0, 0x1e, 0xff,
    0x40, 0x0, 0x1f, 0xfc, 0x0, 0x0, 0x0, 0xf,
    0xfe, 0x0, 0x0, 0x0, 0xcf, 0xf7, 0x0, 0x0,
    0xf, 0xfe, 0x0, 0x0, 0x0, 0xf, 0xfe, 0x0,
    0x0, 0x9, 0xff, 0xa0, 0x0, 0x0, 0xd, 0xff,
    0x40, 0x0, 0x0, 0x6f, 0xfe, 0x0, 0x0, 0x6f,
    0xfd, 0x0, 0x0, 0x0, 0x7, 0xff, 0xe2, 0x0,
    0x3, 0xff, 0xfe, 0x0, 0x3, 0xff, 0xe2, 0x0,
    0x0, 0x0, 0x0, 0xdf, 0xff, 0xb9, 0xcf, 0xff,
    0xfe, 0x0, 0x1e, 0xff, 0xd9, 0x99, 0x99, 0x92,
    0x0, 0x2d, 0xff, 0xff, 0xff, 0xce, 0xfe, 0x0,
    0x5f, 0xff, 0xff, 0xff, 0xff, 0xf4, 0x0, 0x0,
    0x6c, 0xef, 0xc7, 0xd, 0xfe, 0x0, 0x5f, 0xff,
    0xff, 0xff, 0xff, 0xf4,

    /* U+01F4 "Ǵ" */
    0x0, 0x0, 0x0, 0x0, 0xb, 0xff, 0x80, 0x0,
    0x0, 0x0, 0x0, 0x0, 0xaf, 0xf6, 0x0, 0x0,
    0x0, 0x0, 0x0, 0x8, 0xff, 0x40, 0x0, 0x0,
    0x0, 0x0, 0x0, 0x17, 0x82, 0x0, 0x0, 0x0,
    0x0, 0x0, 0x0, 0x0, 0x0, 0x0, 0x0, 0x0,
    0x0, 0x0, 0x6, 0xbe, 0xfe, 0xd9, 0x30, 0x0,
    0x0, 0x6, 0xef, 0xff, 0xff, 0xff, 0xfa, 0x10,
    0x0, 0x8f, 0xff, 0xfe, 0xcd, 0xff, 0xff, 0xd0,
    0x6, 0xff, 0xfb, 0x30, 0x0, 0x5, 0xef, 0x70,
    0x1f, 0xff, 0x90, 0x0, 0x0, 0x0, 0x15, 0x0,
    0x7f, 0xfc, 0x0, 0x0, 0x0, 0x0, 0x0, 0x0,
    0xbf, 0xf5, 0x0, 0x0, 0x0, 0x0, 0x0, 0x0,
    0xef, 0xf2, 0x0, 0x0, 0x0, 0x0, 0x0, 0x0,
    0xff, 0xf0, 0x0, 0x0, 0x0, 0x0, 0x9b, 0xa0,
    0xef, 0xf2, 0x0, 0x0, 0x0, 0x0, 0xdf, 0xf0,
    0xcf, 0xf5, 0x0, 0x0, 0x0, 0x0, 0xdf, 0xf0,
    0x7f, 0xfd, 0x0, 0x0, 0x0, 0x0, 0xdf, 0xf0,
    0x1f, 0xff, 0x90, 0x0, 0x0, 0x0, 0xdf, 0xf0,
    0x6, 0xff, 0xfb, 0x20, 0x0, 0x4, 0xff, 0xf0,
    0x0, 0x9f, 0xff, 0xfe, 0xcc, 0xff, 0xff, 0xf0,
    0x0, 0x6, 0xff, 0xff, 0xff, 0xff, 0xfd, 0x30,
    0x0, 0x0, 0x17, 0xbe, 0xff, 0xd9, 0x40, 0x0,

    /* U+01F5 "ǵ" */
    0x0, 0x0, 0x0, 0x0, 0x9f, 0xf9, 0x0, 0x0,
    0x0, 0x0, 0x0, 0x8f, 0xf7, 0x0, 0x0, 0x0,
    0x0, 0x0, 0x8f, 0xe4, 0x0, 0x0, 0x0, 0x0,
    0x0, 0x4, 0x41, 0x0, 0x0, 0x0, 0x0, 0x0,
    0x0, 0x0, 0x0, 0x0, 0x0, 0x0, 0x0, 0x7,
    0xce, 0xfd, 0x70, 0xaf, 0xf1, 0x0, 0x2d, 0xff,
    0xff, 0xff, 0xdb, 0xff, 0x10, 0x1e, 0xff, 0xe8,
    0x68, 0xef, 0xff, 0xf1, 0x8, 0xff, 0xc0, 0x0,
    0x0, 0xcf, 0xff, 0x10, 0xef, 0xf2, 0x0, 0x0,
    0x2, 0xff, 0xf1, 0xf, 0xfd, 0x0, 0x0, 0x0,
    0xf, 0xff, 0x11, 0xff, 0xc0, 0x0, 0x0, 0x0,
    0xff, 0xf1, 0xf, 0xff, 0x0, 0x0, 0x0, 0xf,
    0xff, 0x10, 0xbf, 0xf7, 0x0, 0x0, 0x7, 0xff,
    0xf1, 0x4, 0xff, 0xf9, 0x20, 0x28, 0xff, 0xff,
    0x10, 0x9, 0xff, 0xff, 0xff, 0xff, 0xff, 0xf1,
    0x0, 0x7, 0xff, 0xff, 0xff, 0x6d, 0xff, 0x0,
    0x0, 0x0, 0x57, 0x75, 0x0, 0xef, 0xf0, 0x0,
    0x0, 0x0, 0x0, 0x0, 0x3f, 0xfc, 0x0, 0x9,
    0x92, 0x0, 0x0, 0x1c, 0xff, 0x80, 0x2, 0xff,
    0xfc, 0xa9, 0xaf, 0xff, 0xe1, 0x0, 0x2d, 0xff,
    0xff, 0xff, 0xff, 0xe3, 0x0, 0x0, 0x4, 0x9d,
    0xef, 0xec, 0x71, 0x0, 0x0,

    /* U+01F8 "Ǹ" */
    0x0, 0x7, 0x88, 0x20, 0x0, 0x0, 0x0, 0x0,
    0x0, 0x3e, 0xfe, 0x20, 0x0, 0x0, 0x0, 0x0,
    0x0, 0x1d, 0xfd, 0x10, 0x0, 0x0, 0x0, 0x0,
    0x0, 0x1b, 0xfc, 0x0, 0x0, 0x0, 0x0, 0x0,
    0x0, 0x0, 0x0, 0x0, 0x0, 0xd, 0xfe, 0x10,
    0x0, 0x0, 0x0, 0x8f, 0xf7, 0xdf, 0xfc, 0x0,
    0x0, 0x0, 0x8, 0xff, 0x7d, 0xff, 0xf9, 0x0,
    0x0, 0x0, 0x8f, 0xf7, 0xdf, 0xff, 0xf5, 0x0,
    0x0, 0x8, 0xff, 0x7d, 0xff, 0xff, 0xf2, 0x0,
    0x0, 0x8f, 0xf7, 0xdf, 0xff, 0xff, 0xd0, 0x0,
    0x8, 0xff, 0x7d, 0xff, 0x5f, 0xff, 0xa0, 0x0,
    0x8f, 0xf7, 0xdf, 0xf2, 0x6f, 0xff, 0x70, 0x8,
    0xff, 0x7d, 0xff, 0x20, 0x9f, 0xff, 0x40, 0x8f,
    0xf7, 0xdf, 0xf2, 0x0, 0xcf, 0xfe, 0x18, 0xff,
    0x7d, 0xff, 0x20, 0x1, 0xef, 0xfc, 0x8f, 0xf7,
    0xdf, 0xf2, 0x0, 0x4, 0xff, 0xff, 0xff, 0x7d,
    0xff, 0x20, 0x0, 0x7, 0xff, 0xff, 0xf7, 0xdf,
    0xf2, 0x0, 0x0, 0xb, 0xff, 0xff, 0x7d, 0xff,
    0x20, 0x0, 0x0, 0x1d, 0xff, 0xf7, 0xdf, 0xf2,
    0x0, 0x0, 0x0, 0x3f, 0xff, 0x7d, 0xff, 0x20,
    0x0, 0x0, 0x0, 0x6f, 0xf7,

    /* U+01F9 "ǹ" */
    0x0, 0x2d, 0xff, 0x40, 0x0, 0x0, 0x0, 0x0,
    0x1b, 0xff, 0x30, 0x0, 0x0, 0x0, 0x0, 0x8,
    0xff, 0x30, 0x0, 0x0, 0x0, 0x0, 0x3, 0x43,
    0x0, 0x0, 0x0, 0x0, 0x0, 0x0, 0x0, 0x0,
    0x1, 0xff, 0xa1, 0x8d, 0xfe, 0xb5, 0x0, 0x1f,
    0xfd, 0xef, 0xff, 0xff, 0xf9, 0x1, 0xff, 0xff,
    0xe9, 0x8c, 0xff, 0xf4, 0x1f, 0xff, 0xb0, 0x0,
    0xa, 0xff, 0xa1, 0xff, 0xf1, 0x0, 0x0, 0x1f,
    0xfe, 0x1f, 0xfd, 0x0, 0x0, 0x0, 0xff, 0xf1,
    0xff, 0xc0, 0x0, 0x0, 0xe, 0xff, 0x1f, 0xfc,
    0x0, 0x0, 0x0, 0xef, 0xf1, 0xff, 0xc0, 0x0,
    0x0, 0xe, 0xff, 0x1f, 0xfc, 0x0, 0x0, 0x0,
    0xef, 0xf1, 0xff, 0xc0, 0x0, 0x0, 0xe, 0xff,
    0x1f, 0xfc, 0x0, 0x0, 0x0, 0xef, 0xf1, 0xff,
    0xc0, 0x0, 0x0, 0xe, 0xff,

    /* U+01FA "Ǻ" */
    0x0, 0x0, 0x0, 0x0, 0x0, 0x0, 0x73, 0x0,
    0x0, 0x0, 0x0, 0x0, 0x0, 0x0, 0x0, 0x7f,
    0xd0, 0x0, 0x0, 0x0, 0x0, 0x0, 0x1, 0xbf,
    0xff, 0xc1, 0x0, 0x0, 0x0, 0x0, 0x0, 0x0,
    0xbb, 0x4b, 0xf0, 0x0, 0x0, 0x0, 0x0, 0x0,
    0x0, 0xf, 0x30, 0xf, 0x30, 0x0, 0x0, 0x0,
    0x0, 0x0, 0x0, 0xf4, 0x1, 0xf2, 0x0, 0x0,
    0x0, 0x0, 0x0, 0x0, 0x9, 0xe8, 0xdc, 0x0,
    0x0, 0x0, 0x0, 0x0, 0x0, 0x0, 0x7, 0xa8,
    0x0, 0x0, 0x0, 0x0, 0x0, 0x0, 0x0, 0x1,
    0xff, 0xf4, 0x0, 0x0, 0x0, 0x0, 0x0, 0x0,
    0x0, 0x8f, 0xff, 0xb0, 0x0, 0x0, 0x0, 0x0,
    0x0, 0x0, 0xe, 0xff, 0xff, 0x20, 0x0, 0x0,
    0x0, 0x0, 0x0, 0x5, 0xff, 0xbf, 0xf9, 0x0,
    0x0, 0x0, 0x0, 0x0, 0x0, 0xcf, 0xf1, 0xdf,
    0xf0, 0x0, 0x0, 0x0, 0x0, 0x0, 0x3f, 0xf9,
    0x7, 0xff, 0x60, 0x0, 0x0, 0x0, 0x0, 0xa,
    0xff, 0x30, 0x1f, 0xfd, 0x0, 0x0, 0x0, 0x0,
    0x1, 0xff, 0xc0, 0x0, 0xaf, 0xf4, 0x0, 0x0,
    0x0, 0x0, 0x7f, 0xf6, 0x0, 0x3, 0xff, 0xb0,
    0x0, 0x0, 0x0, 0xe, 0xff, 0x0, 0x0, 0xd,
    0xff, 0x20, 0x0, 0x0, 0x5, 0xff, 0xf7, 0x77,
    0x77, 0xef, 0xf9, 0x0, 0x0, 0x0, 0xcf, 0xff,
    0xff, 0xff, 0xff, 0xff, 0xf0, 0x0, 0x0, 0x3f,
    0xff, 0xff, 0xff, 0xff, 0xff, 0xff, 0x60, 0x0,
    0x9, 0xff, 0x60, 0x0, 0x0, 0x0, 0x3f, 0xfd,
    0x0, 0x1, 0xff, 0xf0, 0x0, 0x0, 0x0, 0x0,
    0xcf, 0xf4, 0x0, 0x7f, 0xf9, 0x0, 0x0, 0x0,
    0x0, 0x6, 0xff, 0xb0, 0xe, 0xff, 0x20, 0x0,
    0x0, 0x0, 0x0, 0xf, 0xff, 0x20,

    /* U+01FB "ǻ" */
    0x0, 0x0, 0x0, 0x0, 0x56, 0x0, 0x0, 0x0,
    0x0, 0x4, 0xff, 0x20, 0x0, 0x0, 0x9f, 0xff,
    0xd3, 0x0, 0x0, 0x7, 0xe4, 0x8f, 0x30, 0x0,
    0x0, 0xc, 0x70, 0xd, 0x60, 0x0, 0x0, 0xd,
    0x60, 0xc, 0x70, 0x0, 0x0, 0x8, 0xd1, 0x4f,
    0x30, 0x0, 0x0, 0x0, 0xcf, 0xf8, 0x0, 0x0,
    0x0, 0x0, 0x2, 0x10, 0x0, 0x0, 0x1, 0x7c,
    0xef, 0xec, 0x60, 0x0, 0x5f, 0xff, 0xff, 0xff,
    0xfc, 0x0, 0x2f, 0xfb, 0x88, 0xbf, 0xff, 0x80,
    0x4, 0x10, 0x0, 0x4, 0xff, 0xe0, 0x0, 0x0,
    0x0, 0x0, 0xdf, 0xf1, 0x1, 0x9d, 0xff, 0xff,
    0xff, 0xf2, 0x2f, 0xff, 0xff, 0xff, 0xff, 0xf2,
    0xbf, 0xf8, 0x10, 0x0, 0xbf, 0xf2, 0xef, 0xe0,
    0x0, 0x0, 0xbf, 0xf2, 0xef, 0xf0, 0x0, 0x2,
    0xff, 0xf2, 0xaf, 0xf9, 0x11, 0x5e, 0xff, 0xf2,
    0x2e, 0xff, 0xff, 0xff, 0xdf, 0xf2, 0x1, 0x9e,
    0xfe, 0xb3, 0x8f, 0xf2,

    /* U+01FC "Ǽ" */
    0x0, 0x0, 0x0, 0x0, 0x0, 0x0, 0x0, 0x0,
    0x48, 0x86, 0x0, 0x0, 0x0, 0x0, 0x0, 0x0,
    0x0, 0x0, 0x0, 0x0, 0x4f, 0xfc, 0x10, 0x0,
    0x0, 0x0, 0x0, 0x0, 0x0, 0x0, 0x0, 0x0,
    0x2f, 0xfb, 0x0, 0x0, 0x0, 0x0, 0x0, 0x0,
    0x0, 0x0, 0x0, 0x0, 0x1e, 0xf9, 0x0, 0x0,
    0x0, 0x0, 0x0, 0x0, 0x0, 0x0, 0x0, 0x0,
    0x0, 0x0, 0x0, 0x0, 0x0, 0x0, 0x0, 0x0,
    0x0, 0x0, 0x0, 0x1f, 0xff, 0xff, 0xff, 0xff,
    0xff, 0xff, 0xf0, 0x0, 0x0, 0x0, 0x0, 0x9,
    0xff, 0xff, 0xff, 0xff, 0xff, 0xff, 0xff, 0x0,
    0x0, 0x0, 0x0, 0x2, 0xff, 0xff, 0xff, 0xba,
    0xaa, 0xaa, 0xaa, 0x90, 0x0, 0x0, 0x0, 0x0,
    0xbf, 0xf3, 0xcf, 0xf3, 0x0, 0x0, 0x0, 0x0,
    0x0, 0x0, 0x0, 0x0, 0x4f, 0xfb, 0xc, 0xff,
    0x30, 0x0, 0x0, 0x0, 0x0, 0x0, 0x0, 0x0,
    0xc, 0xff, 0x20, 0xcf, 0xf3, 0x0, 0x0, 0x0,
    0x0, 0x0, 0x0, 0x0, 0x5, 0xff, 0xa0, 0xc,
    0xff, 0x30, 0x0, 0x0, 0x0, 0x0, 0x0, 0x0,
    0x0, 0xdf, 0xf1, 0x0, 0xcf, 0xff, 0xff, 0xff,
    0xff, 0xf0, 0x0, 0x0, 0x0, 0x7f, 0xf8, 0x0,
    0xc, 0xff, 0xff, 0xff, 0xff, 0xff, 0x0, 0x0,
    0x0, 0x1e, 0xfe, 0x10, 0x0, 0xcf, 0xfc, 0x99,
    0x99, 0x99, 0x80, 0x0, 0x0, 0x8, 0xff, 0xe7,
    0x77, 0x7f, 0xff, 0x30, 0x0, 0x0, 0x0, 0x0,
    0x0, 0x1, 0xff, 0xff, 0xff, 0xff, 0xff, 0xf3,
    0x0, 0x0, 0x0, 0x0, 0x0, 0x0, 0xaf, 0xff,
    0xff, 0xff, 0xff, 0xff, 0x30, 0x0, 0x0, 0x0,
    0x0, 0x0, 0x3f, 0xfd, 0x0, 0x0, 0x0, 0xcf,
    0xf3, 0x0, 0x0, 0x0, 0x0, 0x0, 0xb, 0xff,
    0x50, 0x0, 0x0, 0xc, 0xff, 0xba, 0xaa, 0xaa,
    0xaa, 0xa2, 0x4, 0xff, 0xc0, 0x0, 0x0, 0x0,
    0xcf, 0xff, 0xff, 0xff, 0xff, 0xff, 0x40, 0xdf,
    0xf3, 0x0, 0x0, 0x0, 0xc, 0xff, 0xff, 0xff,
    0xff, 0xff, 0xf4,

    /* U+01FD "ǽ" */
    0x0, 0x0, 0x0, 0x0, 0x0, 0x8f, 0xfa, 0x0,
    0x0, 0x0, 0x0, 0x0, 0x0, 0x0, 0x0, 0x7f,
    0xf8, 0x0, 0x0, 0x0, 0x0, 0x0, 0x0, 0x0,
    0x0, 0x6f, 0xf5, 0x0, 0x0, 0x0, 0x0, 0x0,
    0x0, 0x0, 0x0, 0x5, 0x52, 0x0, 0x0, 0x0,
    0x0, 0x0, 0x0, 0x0, 0x0, 0x0, 0x0, 0x0,
    0x0, 0x0, 0x0, 0x0, 0x0, 0x17, 0xce, 0xfe,
    0xc6, 0x0, 0x29, 0xdf, 0xeb, 0x60, 0x0, 0x5f,
    0xff, 0xff, 0xff, 0xfb, 0x6f, 0xff, 0xff, 0xff,
    0xc1, 0x2, 0xff, 0xb8, 0x8b, 0xff, 0xff, 0xff,
    0xb8, 0x9e, 0xff, 0xc0, 0x4, 0x10, 0x0, 0x4,
    0xff, 0xff, 0x40, 0x0, 0xb, 0xff, 0x60, 0x0,
    0x0, 0x0, 0xd, 0xff, 0x80, 0x0, 0x0, 0x1f,
    0xfb, 0x1, 0x8d, 0xef, 0xff, 0xff, 0xff, 0xff,
    0xff, 0xff, 0xff, 0xe2, 0xef, 0xff, 0xff, 0xff,
    0xff, 0xff, 0xff, 0xff, 0xff, 0xff, 0xbf, 0xf8,
    0x10, 0x0, 0xbf, 0xf3, 0x0, 0x0, 0x0, 0x0,
    0xf, 0xfe, 0x0, 0x0, 0xd, 0xff, 0x90, 0x0,
    0x0, 0x0, 0x0, 0xef, 0xf0, 0x0, 0x2, 0xff,
    0xff, 0x60, 0x0, 0x3, 0xc1, 0xa, 0xff, 0xb4,
    0x36, 0xef, 0xff, 0xff, 0xda, 0x9c, 0xff, 0xc0,
    0x1d, 0xff, 0xff, 0xff, 0xd2, 0x5f, 0xff, 0xff,
    0xff, 0xf7, 0x0, 0x18, 0xdf, 0xfc, 0x71, 0x0,
    0x18, 0xdf, 0xfd, 0x92, 0x0,

    /* U+01FE "Ǿ" */
    0x0, 0x0, 0x0, 0x0, 0x9, 0xff, 0xa0, 0x0,
    0x0, 0x0, 0x0, 0x0, 0x0, 0x7f, 0xf8, 0x0,
    0x0, 0x0, 0x0, 0x0, 0x0, 0x5, 0xff, 0x60,
    0x0, 0x0, 0x0, 0x0, 0x0, 0x0, 0x7, 0x84,
    0x0, 0x6f, 0xd0, 0x0, 0x0, 0x0, 0x0, 0x0,
    0x0, 0x0, 0xef, 0x50, 0x0, 0x0, 0x0, 0x6,
    0xbe, 0xfe, 0xcf, 0xfd, 0x0, 0x0, 0x0, 0x6,
    0xef, 0xff, 0xff, 0xff, 0xff, 0x0, 0x0, 0x0,
    0x8f, 0xff, 0xfe, 0xcd, 0xff, 0xff, 0xd1, 0x0,
    0x6, 0xff, 0xfb, 0x20, 0x0, 0xff, 0xff, 0xfc,
    0x0, 0x1f, 0xff, 0x90, 0x0, 0x8, 0xfc, 0x3f,
    0xff, 0x50, 0x7f, 0xfd, 0x0, 0x0, 0x1f, 0xf4,
    0x7, 0xff, 0xd0, 0xbf, 0xf6, 0x0, 0x0, 0x8f,
    0xc0, 0x0, 0xff, 0xf1, 0xef, 0xf2, 0x0, 0x1,
    0xff, 0x40, 0x0, 0xcf, 0xf4, 0xff, 0xf0, 0x0,
    0x9, 0xfb, 0x0, 0x0, 0xaf, 0xf5, 0xef, 0xf2,
    0x0, 0x1f, 0xf3, 0x0, 0x0, 0xcf, 0xf4, 0xbf,
    0xf5, 0x0, 0x9f, 0xb0, 0x0, 0x0, 0xff, 0xf1,
    0x7f, 0xfc, 0x2, 0xff, 0x30, 0x0, 0x7, 0xff,
    0xd0, 0x1f, 0xff, 0x8a, 0xfa, 0x0, 0x0, 0x3f,
    0xff, 0x60, 0x6, 0xff, 0xff, 0xf2, 0x0, 0x7,
    0xff, 0xfc, 0x0, 0x0, 0x9f, 0xff, 0xfd, 0xcc,
    0xff, 0xff, 0xd1, 0x0, 0x0, 0x9, 0xff, 0xff,
    0xff, 0xff, 0xfa, 0x0, 0x0, 0x0, 0xb, 0xff,
    0xbe, 0xfe, 0xd8, 0x30, 0x0, 0x0, 0x0, 0x3f,
    0xf2, 0x0, 0x0, 0x0, 0x0, 0x0, 0x0, 0x0,
    0x48, 0x50, 0x0, 0x0, 0x0, 0x0, 0x0, 0x0,

    /* U+01FF "ǿ" */
    0x0, 0x0, 0x0, 0x1, 0xdf, 0xf5, 0x0, 0x0,
    0x0, 0x0, 0xc, 0xfe, 0x30, 0x0, 0x0, 0x0,
    0x0, 0xcf, 0xc1, 0x0, 0x0, 0x0, 0x0, 0x2,
    0x55, 0x0, 0x35, 0x0, 0x0, 0x0, 0x0, 0x0,
    0x1, 0xfc, 0x0, 0x0, 0x0, 0x5b, 0xef, 0xdf,
    0xf4, 0x0, 0x0, 0x1b, 0xff, 0xff, 0xff, 0xfa,
    0x0, 0x0, 0xcf, 0xff, 0xb9, 0xff, 0xff, 0xa0,
    0x6, 0xff, 0xd2, 0x1, 0xff, 0xef, 0xf4, 0xd,
    0xff, 0x30, 0x9, 0xf4, 0x6f, 0xfa, 0xf, 0xfe,
    0x0, 0x1f, 0xc0, 0xf, 0xfd, 0x1f, 0xfc, 0x0,
    0x9f, 0x40, 0xf, 0xff, 0xf, 0xfe, 0x2, 0xfb,
    0x0, 0x1f, 0xfd, 0xc, 0xff, 0x4a, 0xf3, 0x0,
    0x6f, 0xfa, 0x6, 0xff, 0xff, 0xb0, 0x3, 0xff,
    0xf4, 0x0, 0xcf, 0xff, 0xe9, 0xcf, 0xff, 0x90,
    0x0, 0x1e, 0xff, 0xff, 0xff, 0xf9, 0x0, 0x0,
    0xa, 0xfe, 0xef, 0xea, 0x40, 0x0, 0x0, 0x2f,
    0xb0, 0x0, 0x0, 0x0, 0x0, 0x0, 0x48, 0x20,
    0x0, 0x0, 0x0, 0x0,

    /* U+0200 "Ȁ" */
    0x0, 0x0, 0x44, 0x30, 0x34, 0x40, 0x0, 0x0,
    0x0, 0x0, 0x0, 0x8, 0xff, 0x24, 0xff, 0x70,
    0x0, 0x0, 0x0, 0x0, 0x0, 0xc, 0xfb, 0x7,
    0xff, 0x10, 0x0, 0x0, 0x0, 0x0, 0x0, 0x2e,
    0xf4, 0xb, 0xf9, 0x0, 0x0, 0x0, 0x0, 0x0,
    0x0, 0x0, 0x0, 0x0, 0x0, 0x0, 0x0, 0x0,
    0x0, 0x0, 0x0, 0x1f, 0xff, 0x40, 0x0, 0x0,
    0x0, 0x0, 0x0, 0x0, 0x8, 0xff, 0xfb, 0x0,
    0x0, 0x0, 0x0, 0x0, 0x0, 0x0, 0xef, 0xff,
    0xf2, 0x0, 0x0, 0x0, 0x0, 0x0, 0x0, 0x5f,
    0xfb, 0xff, 0x90, 0x0, 0x0, 0x0, 0x0, 0x0,
    0xc, 0xff, 0x1d, 0xff, 0x0, 0x0, 0x0, 0x0,
    0x0, 0x3, 0xff, 0x90, 0x7f, 0xf6, 0x0, 0x0,
    0x0, 0x0, 0x0, 0xaf, 0xf3, 0x1, 0xff, 0xd0,
    0x0, 0x0, 0x0, 0x0, 0x1f, 0xfc, 0x0, 0xa,
    0xff, 0x40, 0x0, 0x0, 0x0, 0x7, 0xff, 0x60,
    0x0, 0x3f, 0xfb, 0x0, 0x0, 0x0, 0x0, 0xef,
    0xf0, 0x0, 0x0, 0xdf, 0xf2, 0x0, 0x0, 0x0,
    0x5f, 0xff, 0x77, 0x77, 0x7e, 0xff, 0x90, 0x0,
    0x0, 0xc, 0xff, 0xff, 0xff, 0xff, 0xff, 0xff,
    0x0, 0x0, 0x3, 0xff, 0xff, 0xff, 0xff, 0xff,
    0xff, 0xf6, 0x0, 0x0, 0x9f, 0xf6, 0x0, 0x0,
    0x0, 0x3, 0xff, 0xd0, 0x0, 0x1f, 0xff, 0x0,
    0x0, 0x0, 0x0, 0xc, 0xff, 0x40, 0x7, 0xff,
    0x90, 0x0, 0x0, 0x0, 0x0, 0x6f, 0xfb, 0x0,
    0xef, 0xf2, 0x0, 0x0, 0x0, 0x0, 0x0, 0xff,
    0xf2,

    /* U+0201 "ȁ" */
    0x8f, 0xf3, 0x4f, 0xf8, 0x0, 0x0, 0xc, 0xfc,
    0x7, 0xff, 0x20, 0x0, 0x1, 0xef, 0x50, 0xbf,
    0xa0, 0x0, 0x0, 0x24, 0x30, 0x14, 0x40, 0x0,
    0x0, 0x0, 0x0, 0x0, 0x0, 0x0, 0x1, 0x7c,
    0xef, 0xec, 0x60, 0x0, 0x5f, 0xff, 0xff, 0xff,
    0xfc, 0x0, 0x2f, 0xfb, 0x88, 0xbf, 0xff, 0x80,
    0x4, 0x10, 0x0, 0x4, 0xff, 0xe0, 0x0, 0x0,
    0x0, 0x0, 0xdf, 0xf1, 0x1, 0x9d, 0xff, 0xff,
    0xff, 0xf2, 0x2f, 0xff, 0xff, 0xff, 0xff, 0xf2,
    0xbf, 0xf8, 0x10, 0x0, 0xbf, 0xf2, 0xef, 0xe0,
    0x0, 0x0, 0xbf, 0xf2, 0xef, 0xf0, 0x0, 0x2,
    0xff, 0xf2, 0xaf, 0xf9, 0x11, 0x5e, 0xff, 0xf2,
    0x2e, 0xff, 0xff, 0xff, 0xdf, 0xf2, 0x1, 0x9e,
    0xfe, 0xb3, 0x8f, 0xf2,

    /* U+0202 "Ȃ" */
    0x0, 0x0, 0x0, 0x2, 0x79, 0x83, 0x0, 0x0,
    0x0, 0x0, 0x0, 0x0, 0x6, 0xff, 0xff, 0xf9,
    0x0, 0x0, 0x0, 0x0, 0x0, 0x1, 0xff, 0x40,
    0x3d, 0xf4, 0x0, 0x0, 0x0, 0x0, 0x0, 0x3b,
    0x60, 0x0, 0x4b, 0x60, 0x0, 0x0, 0x0, 0x0,
    0x0, 0x0, 0x0, 0x0, 0x0, 0x0, 0x0, 0x0,
    0x0, 0x0, 0x0, 0x1f, 0xff, 0x40, 0x0, 0x0,
    0x0, 0x0, 0x0, 0x0, 0x8, 0xff, 0xfb, 0x0,
    0x0, 0x0, 0x0, 0x0, 0x0, 0x0, 0xef, 0xff,
    0xf2, 0x0, 0x0, 0x0, 0x0, 0x0, 0x0, 0x5f,
    0xfb, 0xff, 0x90, 0x0, 0x0, 0x0, 0x0, 0x0,
    0xc, 0xff, 0x1d, 0xff, 0x0, 0x0, 0x0, 0x0,
    0x0, 0x3, 0xff, 0x90, 0x7f, 0xf6, 0x0, 0x0,
    0x0, 0x0, 0x0, 0xaf, 0xf3, 0x1, 0xff, 0xd0,
    0x0, 0x0, 0x0, 0x0, 0x1f, 0xfc, 0x0, 0xa,
    0xff, 0x40, 0x0, 0x0, 0x0, 0x7, 0xff, 0x60,
    0x0, 0x3f, 0xfb, 0x0, 0x0, 0x0, 0x0, 0xef,
    0xf0, 0x0, 0x0, 0xdf, 0xf2, 0x0, 0x0, 0x0,
    0x5f, 0xff, 0x77, 0x77, 0x7e, 0xff, 0x90, 0x0,
    0x0, 0xc, 0xff, 0xff, 0xff, 0xff, 0xff, 0xff,
    0x0, 0x0, 0x3, 0xff, 0xff, 0xff, 0xff, 0xff,
    0xff, 0xf6, 0x0, 0x0, 0x9f, 0xf6, 0x0, 0x0,
    0x0, 0x3, 0xff, 0xd0, 0x0, 0x1f, 0xff, 0x0,
    0x0, 0x0, 0x0, 0xc, 0xff, 0x40, 0x7, 0xff,
    0x90, 0x0, 0x0, 0x0, 0x0, 0x6f, 0xfb, 0x0,
    0xef, 0xf2, 0x0, 0x0, 0x0, 0x0, 0x0, 0xff,
    0xf2,

    /* U+0203 "ȃ" */
    0x0, 0x5, 0xcf, 0xea, 0x20, 0x0, 0x0, 0x7f,
    0xfb, 0xcf, 0xf2, 0x0, 0x0, 0xff, 0x20, 0x6,
    0xfa, 0x0, 0x0, 0x65, 0x0, 0x0, 0x65, 0x0,
    0x0, 0x0, 0x0, 0x0, 0x0, 0x0, 0x1, 0x7c,
    0xef, 0xec, 0x60, 0x0, 0x5f, 0xff, 0xff, 0xff,
    0xfc, 0x0, 0x2f, 0xfb, 0x88, 0xbf, 0xff, 0x80,
    0x4, 0x10, 0x0, 0x4, 0xff, 0xe0, 0x0, 0x0,
    0x0, 0x0, 0xdf, 0xf1, 0x1, 0x9d, 0xff, 0xff,
    0xff, 0xf2, 0x2f, 0xff, 0xff, 0xff, 0xff, 0xf2,
    0xbf, 0xf8, 0x10, 0x0, 0xbf, 0xf2, 0xef, 0xe0,
    0x0, 0x0, 0xbf, 0xf2, 0xef, 0xf0, 0x0, 0x2,
    0xff, 0xf2, 0xaf, 0xf9, 0x11, 0x5e, 0xff, 0xf2,
    0x2e, 0xff, 0xff, 0xff, 0xdf, 0xf2, 0x1, 0x9e,
    0xfe, 0xb3, 0x8f, 0xf2,

    /* U+0204 "Ȅ" */
    0x24, 0x41, 0x14, 0x42, 0x0, 0x0, 0x2, 0xff,
    0x90, 0xcf, 0xe0, 0x0, 0x0, 0x5, 0xff, 0x21,
    0xef, 0x70, 0x0, 0x0, 0x9, 0xfb, 0x4, 0xff,
    0x10, 0x0, 0x0, 0x0, 0x0, 0x0, 0x0, 0x0,
    0xd, 0xff, 0xff, 0xff, 0xff, 0xff, 0xe0, 0xdf,
    0xff, 0xff, 0xff, 0xff, 0xfe, 0xd, 0xff, 0xaa,
    0xaa, 0xaa, 0xaa, 0x90, 0xdf, 0xf2, 0x0, 0x0,
    0x0, 0x0, 0xd, 0xff, 0x20, 0x0, 0x0, 0x0,
    0x0, 0xdf, 0xf2, 0x0, 0x0, 0x0, 0x0, 0xd,
    0xff, 0x20, 0x0, 0x0, 0x0, 0x0, 0xdf, 0xff,
    0xff, 0xff, 0xff, 0xe0, 0xd, 0xff, 0xff, 0xff,
    0xff, 0xfe, 0x0, 0xdf, 0xfb, 0x99, 0x99, 0x99,
    0x80, 0xd, 0xff, 0x20, 0x0, 0x0, 0x0, 0x0,
    0xdf, 0xf2, 0x0, 0x0, 0x0, 0x0, 0xd, 0xff,
    0x20, 0x0, 0x0, 0x0, 0x0, 0xdf, 0xf2, 0x0,
    0x0, 0x0, 0x0, 0xd, 0xff, 0xaa, 0xaa, 0xaa,
    0xaa, 0xa2, 0xdf, 0xff, 0xff, 0xff, 0xff, 0xff,
    0x3d, 0xff, 0xff, 0xff, 0xff, 0xff, 0xf3,

    /* U+0205 "ȅ" */
    0x3, 0xff, 0x80, 0xdf, 0xd0, 0x0, 0x0, 0x0,
    0x7f, 0xf2, 0x3f, 0xf6, 0x0, 0x0, 0x0, 0xb,
    0xfa, 0x6, 0xfe, 0x10, 0x0, 0x0, 0x1, 0x44,
    0x0, 0x44, 0x10, 0x0, 0x0, 0x0, 0x0, 0x0,
    0x0, 0x0, 0x0, 0x0, 0x0, 0x6c, 0xef, 0xd9,
    0x20, 0x0, 0x0, 0x1c, 0xff, 0xff, 0xff, 0xf6,
    0x0, 0x0, 0xdf, 0xfd, 0x87, 0xaf, 0xff, 0x40,
    0x7, 0xff, 0xa0, 0x0, 0x2, 0xff, 0xd0, 0xd,
    0xff, 0x0, 0x0, 0x0, 0x7f, 0xf3, 0xf, 0xff,
    0xff, 0xff, 0xff, 0xff, 0xf5, 0x1f, 0xff, 0xff,
    0xff, 0xff, 0xff, 0xf6, 0xf, 0xfc, 0x0, 0x0,
    0x0, 0x0, 0x0, 0xd, 0xff, 0x20, 0x0, 0x0,
    0x0, 0x0, 0x6, 0xff, 0xd2, 0x0, 0x0, 0x98,
    0x0, 0x0, 0xcf, 0xff, 0xb9, 0xae, 0xff, 0x40,
    0x0, 0x1b, 0xff, 0xff, 0xff, 0xfd, 0x10, 0x0,
    0x0, 0x5b, 0xef, 0xec, 0x60, 0x0,

    /* U+0206 "Ȇ" */
    0x0, 0x0, 0x58, 0x96, 0x0, 0x0, 0x0, 0x1,
    0xdf, 0xff, 0xfe, 0x20, 0x0, 0x0, 0xaf, 0x91,
    0x18, 0xfb, 0x0, 0x0, 0xa, 0xb0, 0x0, 0xa,
    0xb0, 0x0, 0x0, 0x0, 0x0, 0x0, 0x0, 0x0,
    0xd, 0xff, 0xff, 0xff, 0xff, 0xff, 0xe0, 0xdf,
    0xff, 0xff, 0xff, 0xff, 0xfe, 0xd, 0xff, 0xaa,
    0xaa, 0xaa, 0xaa, 0x90, 0xdf, 0xf2, 0x0, 0x0,
    0x0, 0x0, 0xd, 0xff, 0x20, 0x0, 0x0, 0x0,
    0x0, 0xdf, 0xf2, 0x0, 0x0, 0x0, 0x0, 0xd,
    0xff, 0x20, 0x0, 0x0, 0x0, 0x0, 0xdf, 0xff,
    0xff, 0xff, 0xff, 0xe0, 0xd, 0xff, 0xff, 0xff,
    0xff, 0xfe, 0x0, 0xdf, 0xfb, 0x99, 0x99, 0x99,
    0x80, 0xd, 0xff, 0x20, 0x0, 0x0, 0x0, 0x0,
    0xdf, 0xf2, 0x0, 0x0, 0x0, 0x0, 0xd, 0xff,
    0x20, 0x0, 0x0, 0x0, 0x0, 0xdf, 0xf2, 0x0,
    0x0, 0x0, 0x0, 0xd, 0xff, 0xaa, 0xaa, 0xaa,
    0xaa, 0xa2, 0xdf, 0xff, 0xff, 0xff, 0xff, 0xff,
    0x3d, 0xff, 0xff, 0xff, 0xff, 0xff, 0xf3,

    /* U+0207 "ȇ" */
    0x0, 0x0, 0x2a, 0xef, 0xc5, 0x0, 0x0, 0x0,
    0x3, 0xff, 0xcb, 0xff, 0x70, 0x0, 0x0, 0xa,
    0xf6, 0x0, 0x2f, 0xf0, 0x0, 0x0, 0x5, 0x60,
    0x0, 0x5, 0x60, 0x0, 0x0, 0x0, 0x0, 0x0,
    0x0, 0x0, 0x0, 0x0, 0x0, 0x6c, 0xef, 0xd9,
    0x20, 0x0, 0x0, 0x1c, 0xff, 0xff, 0xff, 0xf6,
    0x0, 0x0, 0xdf, 0xfd, 0x87, 0xaf, 0xff, 0x40,
    0x7, 0xff, 0xa0, 0x0, 0x2, 0xff, 0xd0, 0xd,
    0xff, 0x0, 0x0, 0x0, 0x7f, 0xf3, 0xf, 0xff,
    0xff, 0xff, 0xff, 0xff, 0xf5, 0x1f, 0xff, 0xff,
    0xff, 0xff, 0xff, 0xf6, 0xf, 0xfc, 0x0, 0x0,
    0x0, 0x0, 0x0, 0xd, 0xff, 0x20, 0x0, 0x0,
    0x0, 0x0, 0x6, 0xff, 0xd2, 0x0, 0x0, 0x98,
    0x0, 0x0, 0xcf, 0xff, 0xb9, 0xae, 0xff, 0x40,
    0x0, 0x1b, 0xff, 0xff, 0xff, 0xfd, 0x10, 0x0,
    0x0, 0x5b, 0xef, 0xec, 0x60, 0x0,

    /* U+0208 "Ȉ" */
    0x4, 0x44, 0x3, 0x44, 0x0, 0x8, 0xff, 0x33,
    0xff, 0x80, 0x0, 0xbf, 0xc0, 0x7f, 0xf2, 0x0,
    0x1e, 0xf5, 0xa, 0xfa, 0x0, 0x0, 0x0, 0x0,
    0x0, 0x0, 0x0, 0xd, 0xff, 0x20, 0x0, 0x0,
    0xd, 0xff, 0x20, 0x0, 0x0, 0xd, 0xff, 0x20,
    0x0, 0x0, 0xd, 0xff, 0x20, 0x0, 0x0, 0xd,
    0xff, 0x20, 0x0, 0x0, 0xd, 0xff, 0x20, 0x0,
    0x0, 0xd, 0xff, 0x20, 0x0, 0x0, 0xd, 0xff,
    0x20, 0x0, 0x0, 0xd, 0xff, 0x20, 0x0, 0x0,
    0xd, 0xff, 0x20, 0x0, 0x0, 0xd, 0xff, 0x20,
    0x0, 0x0, 0xd, 0xff, 0x20, 0x0, 0x0, 0xd,
    0xff, 0x20, 0x0, 0x0, 0xd, 0xff, 0x20, 0x0,
    0x0, 0xd, 0xff, 0x20, 0x0, 0x0, 0xd, 0xff,
    0x20, 0x0, 0x0, 0xd, 0xff, 0x20,

    /* U+0209 "ȉ" */
    0x1e, 0xfb, 0xb, 0xff, 0x10, 0x4, 0xff, 0x41,
    0xef, 0x90, 0x0, 0x8f, 0xd0, 0x3f, 0xf2, 0x0,
    0x4, 0x41, 0x3, 0x42, 0x0, 0x0, 0x0, 0x0,
    0x0, 0x0, 0x0, 0x1f, 0xfc, 0x0, 0x0, 0x0,
    0x1f, 0xfc, 0x0, 0x0, 0x0, 0x1f, 0xfc, 0x0,
    0x0, 0x0, 0x1f, 0xfc, 0x0, 0x0, 0x0, 0x1f,
    0xfc, 0x0, 0x0, 0x0, 0x1f, 0xfc, 0x0, 0x0,
    0x0, 0x1f, 0xfc, 0x0, 0x0, 0x0, 0x1f, 0xfc,
    0x0, 0x0, 0x0, 0x1f, 0xfc, 0x0, 0x0, 0x0,
    0x1f, 0xfc, 0x0, 0x0, 0x0, 0x1f, 0xfc, 0x0,
    0x0, 0x0, 0x1f, 0xfc, 0x0, 0x0, 0x0, 0x1f,
    0xfc, 0x0,

    /* U+020A "Ȋ" */
    0x0, 0x17, 0x98, 0x30, 0x0, 0x5f, 0xff, 0xff,
    0xa0, 0x1f, 0xf5, 0x2, 0xcf, 0x53, 0xb7, 0x0,
    0x3, 0xb6, 0x0, 0x0, 0x0, 0x0, 0x0, 0x0,
    0xdf, 0xf2, 0x0, 0x0, 0xd, 0xff, 0x20, 0x0,
    0x0, 0xdf, 0xf2, 0x0, 0x0, 0xd, 0xff, 0x20,
    0x0, 0x0, 0xdf, 0xf2, 0x0, 0x0, 0xd, 0xff,
    0x20, 0x0, 0x0, 0xdf, 0xf2, 0x0, 0x0, 0xd,
    0xff, 0x20, 0x0, 0x0, 0xdf, 0xf2, 0x0, 0x0,
    0xd, 0xff, 0x20, 0x0, 0x0, 0xdf, 0xf2, 0x0,
    0x0, 0xd, 0xff, 0x20, 0x0, 0x0, 0xdf, 0xf2,
    0x0, 0x0, 0xd, 0xff, 0x20, 0x0, 0x0, 0xdf,
    0xf2, 0x0, 0x0, 0xd, 0xff, 0x20, 0x0, 0x0,
    0xdf, 0xf2, 0x0,

    /* U+020B "ȋ" */
    0x0, 0x7d, 0xfc, 0x30, 0x7, 0xfd, 0xbf, 0xf2,
    0xe, 0xe0, 0x4, 0xf9, 0x5, 0x40, 0x0, 0x54,
    0x0, 0x0, 0x0, 0x0, 0x0, 0x1f, 0xfc, 0x0,
    0x0, 0x1f, 0xfc, 0x0, 0x0, 0x1f, 0xfc, 0x0,
    0x0, 0x1f, 0xfc, 0x0, 0x0, 0x1f, 0xfc, 0x0,
    0x0, 0x1f, 0xfc, 0x0, 0x0, 0x1f, 0xfc, 0x0,
    0x0, 0x1f, 0xfc, 0x0, 0x0, 0x1f, 0xfc, 0x0,
    0x0, 0x1f, 0xfc, 0x0, 0x0, 0x1f, 0xfc, 0x0,
    0x0, 0x1f, 0xfc, 0x0, 0x0, 0x1f, 0xfc, 0x0,

    /* U+020C "Ȍ" */
    0x0, 0xb, 0xff, 0x16, 0xff, 0x60, 0x0, 0x0,
    0x0, 0x0, 0x1, 0xef, 0xa0, 0xaf, 0xe0, 0x0,
    0x0, 0x0, 0x0, 0x0, 0x3f, 0xf3, 0xd, 0xf8,
    0x0, 0x0, 0x0, 0x0, 0x0, 0x3, 0x42, 0x1,
    0x44, 0x0, 0x0, 0x0, 0x0, 0x0, 0x0, 0x0,
    0x0, 0x0, 0x0, 0x0, 0x0, 0x0, 0x0, 0x6,
    0xbe, 0xfe, 0xc8, 0x20, 0x0, 0x0, 0x0, 0x6,
    0xef, 0xff, 0xff, 0xff, 0xfa, 0x0, 0x0, 0x0,
    0x8f, 0xff, 0xfe, 0xcd, 0xff, 0xff, 0xd1, 0x0,
    0x6, 0xff, 0xfb, 0x20, 0x0, 0x7, 0xff, 0xfc,
    0x0, 0x1f, 0xff, 0x90, 0x0, 0x0, 0x0, 0x3f,
    0xff, 0x50, 0x7f, 0xfd, 0x0, 0x0, 0x0, 0x0,
    0x7, 0xff, 0xd0, 0xbf, 0xf6, 0x0, 0x0, 0x0,
    0x0, 0x0, 0xff, 0xf1, 0xef, 0xf2, 0x0, 0x0,
    0x0, 0x0, 0x0, 0xcf, 0xf4, 0xff, 0xf0, 0x0,
    0x0, 0x0, 0x0, 0x0, 0xaf, 0xf5, 0xef, 0xf2,
    0x0, 0x0, 0x0, 0x0, 0x0, 0xcf, 0xf4, 0xbf,
    0xf5, 0x0, 0x0, 0x0, 0x0, 0x0, 0xff, 0xf1,
    0x7f, 0xfc, 0x0, 0x0, 0x0, 0x0, 0x7, 0xff,
    0xd0, 0x1f, 0xff, 0x80, 0x0, 0x0, 0x0, 0x3f,
    0xff, 0x60, 0x6, 0xff, 0xfa, 0x20, 0x0, 0x7,
    0xff, 0xfc, 0x0, 0x0, 0x9f, 0xff, 0xfd, 0xcc,
    0xff, 0xff, 0xd1, 0x0, 0x0, 0x6, 0xff, 0xff,
    0xff, 0xff, 0xfa, 0x0, 0x0, 0x0, 0x0, 0x17,
    0xbe, 0xfe, 0xd8, 0x30, 0x0, 0x0,

    /* U+020D "ȍ" */
    0x1, 0xef, 0xc0, 0xaf, 0xf1, 0x0, 0x0, 0x0,
    0x4f, 0xf5, 0x1d, 0xfa, 0x0, 0x0, 0x0, 0x8,
    0xfd, 0x3, 0xff, 0x30, 0x0, 0x0, 0x0, 0x44,
    0x10, 0x34, 0x20, 0x0, 0x0, 0x0, 0x0, 0x0,
    0x0, 0x0, 0x0, 0x0, 0x0, 0x5b, 0xef, 0xda,
    0x40, 0x0, 0x0, 0x1b, 0xff, 0xff, 0xff, 0xfa,
    0x0, 0x0, 0xcf, 0xff, 0xb9, 0xbf, 0xff, 0xa0,
    0x6, 0xff, 0xd2, 0x0, 0x3, 0xef, 0xf4, 0xd,
    0xff, 0x30, 0x0, 0x0, 0x6f, 0xfa, 0xf, 0xfe,
    0x0, 0x0, 0x0, 0xf, 0xfd, 0x1f, 0xfc, 0x0,
    0x0, 0x0, 0xf, 0xff, 0xf, 0xfe, 0x0, 0x0,
    0x0, 0x1f, 0xfd, 0xc, 0xff, 0x40, 0x0, 0x0,
    0x6f, 0xfa, 0x6, 0xff, 0xd2, 0x0, 0x3, 0xff,
    0xf4, 0x0, 0xcf, 0xff, 0xb9, 0xcf, 0xff, 0x90,
    0x0, 0x1b, 0xff, 0xff, 0xff, 0xf9, 0x0, 0x0,
    0x0, 0x5b, 0xef, 0xea, 0x40, 0x0,

    /* U+020E "Ȏ" */
    0x0, 0x0, 0x0, 0x5c, 0xfd, 0x91, 0x0, 0x0,
    0x0, 0x0, 0x0, 0x8, 0xff, 0xbd, 0xfd, 0x0,
    0x0, 0x0, 0x0, 0x0, 0x1f, 0xe1, 0x0, 0xaf,
    0x60, 0x0, 0x0, 0x0, 0x0, 0x2b, 0x70, 0x0,
    0x3b, 0x70, 0x0, 0x0, 0x0, 0x0, 0x0, 0x0,
    0x0, 0x0, 0x0, 0x0, 0x0, 0x0, 0x0, 0x6,
    0xbe, 0xfe, 0xc8, 0x20, 0x0, 0x0, 0x0, 0x6,
    0xef, 0xff, 0xff, 0xff, 0xfa, 0x0, 0x0, 0x0,
    0x8f, 0xff, 0xfe, 0xcd, 0xff, 0xff, 0xd1, 0x0,
    0x6, 0xff, 0xfb, 0x20, 0x0, 0x7, 0xff, 0xfc,
    0x0, 0x1f, 0xff, 0x90, 0x0, 0x0, 0x0, 0x3f,
    0xff, 0x50, 0x7f, 0xfd, 0x0, 0x0, 0x0, 0x0,
    0x7, 0xff, 0xd0, 0xbf, 0xf6, 0x0, 0x0, 0x0,
    0x0, 0x0, 0xff, 0xf1, 0xef, 0xf2, 0x0, 0x0,
    0x0, 0x0, 0x0, 0xcf, 0xf4, 0xff, 0xf0, 0x0,
    0x0, 0x0, 0x0, 0x0, 0xaf, 0xf5, 0xef, 0xf2,
    0x0, 0x0, 0x0, 0x0, 0x0, 0xcf, 0xf4, 0xbf,
    0xf5, 0x0, 0x0, 0x0, 0x0, 0x0, 0xff, 0xf1,
    0x7f, 0xfc, 0x0, 0x0, 0x0, 0x0, 0x7, 0xff,
    0xd0, 0x1f, 0xff, 0x80, 0x0, 0x0, 0x0, 0x3f,
    0xff, 0x60, 0x6, 0xff, 0xfa, 0x20, 0x0, 0x7,
    0xff, 0xfc, 0x0, 0x0, 0x9f, 0xff, 0xfd, 0xcc,
    0xff, 0xff, 0xd1, 0x0, 0x0, 0x6, 0xff, 0xff,
    0xff, 0xff, 0xfa, 0x0, 0x0, 0x0, 0x0, 0x17,
    0xbe, 0xfe, 0xd8, 0x30, 0x0, 0x0,

    /* U+020F "ȏ" */
    0x0, 0x0, 0x19, 0xdf, 0xd7, 0x0, 0x0, 0x0,
    0x0, 0xdf, 0xda, 0xef, 0xa0, 0x0, 0x0, 0x6,
    0xfa, 0x0, 0xd, 0xf3, 0x0, 0x0, 0x3, 0x62,
    0x0, 0x3, 0x62, 0x0, 0x0, 0x0, 0x0, 0x0,
    0x0, 0x0, 0x0, 0x0, 0x0, 0x5b, 0xef, 0xda,
    0x40, 0x0, 0x0, 0x1b, 0xff, 0xff, 0xff, 0xfa,
    0x0, 0x0, 0xcf, 0xff, 0xb9, 0xbf, 0xff, 0xa0,
    0x6, 0xff, 0xd2, 0x0, 0x3, 0xef, 0xf4, 0xd,
    0xff, 0x30, 0x0, 0x0, 0x6f, 0xfa, 0xf, 0xfe,
    0x0, 0x0, 0x0, 0xf, 0xfd, 0x1f, 0xfc, 0x0,
    0x0, 0x0, 0xf, 0xff, 0xf, 0xfe, 0x0, 0x0,
    0x0, 0x1f, 0xfd, 0xc, 0xff, 0x40, 0x0, 0x0,
    0x6f, 0xfa, 0x6, 0xff, 0xd2, 0x0, 0x3, 0xff,
    0xf4, 0x0, 0xcf, 0xff, 0xb9, 0xcf, 0xff, 0x90,
    0x0, 0x1b, 0xff, 0xff, 0xff, 0xf9, 0x0, 0x0,
    0x0, 0x5b, 0xef, 0xea, 0x40, 0x0,

    /* U+0210 "Ȑ" */
    0x4, 0x43, 0x4, 0x44, 0x0, 0x0, 0x0, 0xb,
    0xfe, 0x16, 0xff, 0x40, 0x0, 0x0, 0x1, 0xef,
    0x90, 0xaf, 0xd0, 0x0, 0x0, 0x0, 0x3f, 0xf2,
    0xd, 0xf7, 0x0, 0x0, 0x0, 0x0, 0x0, 0x0,
    0x0, 0x0, 0x0, 0xdf, 0xff, 0xff, 0xff, 0xd9,
    0x30, 0x0, 0xdf, 0xff, 0xff, 0xff, 0xff, 0xf9,
    0x0, 0xdf, 0xfc, 0xaa, 0xac, 0xef, 0xff, 0x90,
    0xdf, 0xf2, 0x0, 0x0, 0x8, 0xff, 0xf2, 0xdf,
    0xf2, 0x0, 0x0, 0x0, 0xbf, 0xf7, 0xdf, 0xf2,
    0x0, 0x0, 0x0, 0x7f, 0xf9, 0xdf, 0xf2, 0x0,
    0x0, 0x0, 0x7f, 0xf9, 0xdf, 0xf2, 0x0, 0x0,
    0x0, 0xbf, 0xf7, 0xdf, 0xf2, 0x0, 0x0, 0x7,
    0xff, 0xf2, 0xdf, 0xfb, 0x99, 0x9a, 0xef, 0xff,
    0x90, 0xdf, 0xff, 0xff, 0xff, 0xff, 0xf9, 0x0,
    0xdf, 0xff, 0xff, 0xff, 0xff, 0x80, 0x0, 0xdf,
    0xf2, 0x0, 0x4, 0xff, 0xe0, 0x0, 0xdf, 0xf2,
    0x0, 0x0, 0x9f, 0xf9, 0x0, 0xdf, 0xf2, 0x0,
    0x0, 0xe, 0xff, 0x40, 0xdf, 0xf2, 0x0, 0x0,
    0x4, 0xff, 0xe0, 0xdf, 0xf2, 0x0, 0x0, 0x0,
    0xaf, 0xf9,

    /* U+0211 "ȑ" */
    0x1e, 0xfd, 0xa, 0xff, 0x20, 0x3, 0xff, 0x60,
    0xdf, 0xb0, 0x0, 0x7f, 0xe0, 0x2f, 0xf4, 0x0,
    0x4, 0x41, 0x3, 0x43, 0x0, 0x0, 0x0, 0x0,
    0x0, 0x0, 0x1f, 0xfa, 0x18, 0xdf, 0x0, 0x1f,
    0xfb, 0xef, 0xff, 0x0, 0x1f, 0xff, 0xff, 0xca,
    0x0, 0x1f, 0xff, 0xd2, 0x0, 0x0, 0x1f, 0xff,
    0x30, 0x0, 0x0, 0x1f, 0xfe, 0x0, 0x0, 0x0,
    0x1f, 0xfc, 0x0, 0x0, 0x0, 0x1f, 0xfc, 0x0,
    0x0, 0x0, 0x1f, 0xfc, 0x0, 0x0, 0x0, 0x1f,
    0xfc, 0x0, 0x0, 0x0, 0x1f, 0xfc, 0x0, 0x0,
    0x0, 0x1f, 0xfc, 0x0, 0x0, 0x0, 0x1f, 0xfc,
    0x0, 0x0,

    /* U+0212 "Ȓ" */
    0x0, 0x0, 0x38, 0x97, 0x20, 0x0, 0x0, 0x0,
    0x8, 0xff, 0xff, 0xf7, 0x0, 0x0, 0x0, 0x4f,
    0xd3, 0x4, 0xef, 0x20, 0x0, 0x0, 0x5b, 0x50,
    0x0, 0x6b, 0x40, 0x0, 0x0, 0x0, 0x0, 0x0,
    0x0, 0x0, 0x0, 0xdf, 0xff, 0xff, 0xff, 0xd9,
    0x30, 0x0, 0xdf, 0xff, 0xff, 0xff, 0xff, 0xf9,
    0x0, 0xdf, 0xfc, 0xaa, 0xac, 0xef, 0xff, 0x90,
    0xdf, 0xf2, 0x0, 0x0, 0x8, 0xff, 0xf2, 0xdf,
    0xf2, 0x0, 0x0, 0x0, 0xbf, 0xf7, 0xdf, 0xf2,
    0x0, 0x0, 0x0, 0x7f, 0xf9, 0xdf, 0xf2, 0x0,
    0x0, 0x0, 0x7f, 0xf9, 0xdf, 0xf2, 0x0, 0x0,
    0x0, 0xbf, 0xf7, 0xdf, 0xf2, 0x0, 0x0, 0x7,
    0xff, 0xf2, 0xdf, 0xfb, 0x99, 0x9a, 0xef, 0xff,
    0x90, 0xdf, 0xff, 0xff, 0xff, 0xff, 0xf9, 0x0,
    0xdf, 0xff, 0xff, 0xff, 0xff, 0x80, 0x0, 0xdf,
    0xf2, 0x0, 0x4, 0xff, 0xe0, 0x0, 0xdf, 0xf2,
    0x0, 0x0, 0x9f, 0xf9, 0x0, 0xdf, 0xf2, 0x0,
    0x0, 0xe, 0xff, 0x40, 0xdf, 0xf2, 0x0, 0x0,
    0x4, 0xff, 0xe0, 0xdf, 0xf2, 0x0, 0x0, 0x0,
    0xaf, 0xf9,

    /* U+0213 "ȓ" */
    0x1, 0x8d, 0xfd, 0x70, 0x0, 0xdf, 0xda, 0xef,
    0xb0, 0x6f, 0xa0, 0x0, 0xcf, 0x33, 0x52, 0x0,
    0x3, 0x52, 0x0, 0x0, 0x0, 0x0, 0x1, 0xff,
    0xa1, 0x8d, 0xf0, 0x1f, 0xfb, 0xef, 0xff, 0x1,
    0xff, 0xff, 0xfc, 0xa0, 0x1f, 0xff, 0xd2, 0x0,
    0x1, 0xff, 0xf3, 0x0, 0x0, 0x1f, 0xfe, 0x0,
    0x0, 0x1, 0xff, 0xc0, 0x0, 0x0, 0x1f, 0xfc,
    0x0, 0x0, 0x1, 0xff, 0xc0, 0x0, 0x0, 0x1f,
    0xfc, 0x0, 0x0, 0x1, 0xff, 0xc0, 0x0, 0x0,
    0x1f, 0xfc, 0x0, 0x0, 0x1, 0xff, 0xc0, 0x0,
    0x0,

    /* U+0214 "Ȕ" */
    0x4, 0xff, 0x81, 0xef, 0xc0, 0x0, 0x0, 0x0,
    0x8, 0xff, 0x13, 0xff, 0x60, 0x0, 0x0, 0x0,
    0xc, 0xfa, 0x7, 0xfe, 0x0, 0x0, 0x0, 0x0,
    0x14, 0x40, 0x4, 0x41, 0x0, 0x0, 0x0, 0x0,
    0x0, 0x0, 0x0, 0x0, 0x0, 0xf, 0xff, 0x0,
    0x0, 0x0, 0x0, 0xdf, 0xf2, 0xff, 0xf0, 0x0,
    0x0, 0x0, 0xd, 0xff, 0x2f, 0xff, 0x0, 0x0,
    0x0, 0x0, 0xdf, 0xf2, 0xff, 0xf0, 0x0, 0x0,
    0x0, 0xd, 0xff, 0x2f, 0xff, 0x0, 0x0, 0x0,
    0x0, 0xdf, 0xf2, 0xff, 0xf0, 0x0, 0x0, 0x0,
    0xd, 0xff, 0x2f, 0xff, 0x0, 0x0, 0x0, 0x0,
    0xdf, 0xf2, 0xff, 0xf0, 0x0, 0x0, 0x0, 0xd,
    0xff, 0x2f, 0xff, 0x0, 0x0, 0x0, 0x0, 0xdf,
    0xf2, 0xff, 0xf0, 0x0, 0x0, 0x0, 0xd, 0xff,
    0x1e, 0xff, 0x10, 0x0, 0x0, 0x0, 0xef, 0xf0,
    0xcf, 0xf4, 0x0, 0x0, 0x0, 0x1f, 0xfe, 0x8,
    0xff, 0xb0, 0x0, 0x0, 0x8, 0xff, 0xb0, 0x2f,
    0xff, 0x80, 0x0, 0x6, 0xff, 0xf4, 0x0, 0x8f,
    0xff, 0xfc, 0xce, 0xff, 0xfa, 0x0, 0x0, 0x9f,
    0xff, 0xff, 0xff, 0xfa, 0x0, 0x0, 0x0, 0x39,
    0xdf, 0xfe, 0xa4, 0x0, 0x0,

    /* U+0215 "ȕ" */
    0x9, 0xff, 0x34, 0xff, 0x70, 0x0, 0x0, 0xd,
    0xfb, 0x8, 0xff, 0x10, 0x0, 0x0, 0x2f, 0xf4,
    0xc, 0xf9, 0x0, 0x0, 0x0, 0x24, 0x30, 0x14,
    0x40, 0x0, 0x0, 0x0, 0x0, 0x0, 0x0, 0x0,
    0x3, 0xff, 0xa0, 0x0, 0x0, 0x1f, 0xfc, 0x3f,
    0xfa, 0x0, 0x0, 0x1, 0xff, 0xc3, 0xff, 0xa0,
    0x0, 0x0, 0x1f, 0xfc, 0x3f, 0xfa, 0x0, 0x0,
    0x1, 0xff, 0xc3, 0xff, 0xa0, 0x0, 0x0, 0x1f,
    0xfc, 0x3f, 0xfa, 0x0, 0x0, 0x1, 0xff, 0xc3,
    0xff, 0xa0, 0x0, 0x0, 0x1f, 0xfc, 0x2f, 0xfb,
    0x0, 0x0, 0x3, 0xff, 0xc1, 0xff, 0xe0, 0x0,
    0x0, 0x8f, 0xfc, 0xe, 0xff, 0x80, 0x0, 0x4f,
    0xff, 0xc0, 0x8f, 0xff, 0xdb, 0xcf, 0xff, 0xfc,
    0x0, 0xcf, 0xff, 0xff, 0xfb, 0xff, 0xc0, 0x0,
    0x7c, 0xff, 0xc6, 0xf, 0xfc,

    /* U+0216 "Ȗ" */
    0x0, 0x0, 0x2a, 0xee, 0xc4, 0x0, 0x0, 0x0,
    0x0, 0x3f, 0xfc, 0xbf, 0xf5, 0x0, 0x0, 0x0,
    0xa, 0xf6, 0x0, 0x3f, 0xe0, 0x0, 0x0, 0x0,
    0x79, 0x0, 0x0, 0x79, 0x0, 0x0, 0x0, 0x0,
    0x0, 0x0, 0x0, 0x0, 0x0, 0xf, 0xff, 0x0,
    0x0, 0x0, 0x0, 0xdf, 0xf2, 0xff, 0xf0, 0x0,
    0x0, 0x0, 0xd, 0xff, 0x2f, 0xff, 0x0, 0x0,
    0x0, 0x0, 0xdf, 0xf2, 0xff, 0xf0, 0x0, 0x0,
    0x0, 0xd, 0xff, 0x2f, 0xff, 0x0, 0x0, 0x0,
    0x0, 0xdf, 0xf2, 0xff, 0xf0, 0x0, 0x0, 0x0,
    0xd, 0xff, 0x2f, 0xff, 0x0, 0x0, 0x0, 0x0,
    0xdf, 0xf2, 0xff, 0xf0, 0x0, 0x0, 0x0, 0xd,
    0xff, 0x2f, 0xff, 0x0, 0x0, 0x0, 0x0, 0xdf,
    0xf2, 0xff, 0xf0, 0x0, 0x0, 0x0, 0xd, 0xff,
    0x1e, 0xff, 0x10, 0x0, 0x0, 0x0, 0xef, 0xf0,
    0xcf, 0xf4, 0x0, 0x0, 0x0, 0x1f, 0xfe, 0x8,
    0xff, 0xb0, 0x0, 0x0, 0x8, 0xff, 0xb0, 0x2f,
    0xff, 0x80, 0x0, 0x6, 0xff, 0xf4, 0x0, 0x8f,
    0xff, 0xfc, 0xce, 0xff, 0xfa, 0x0, 0x0, 0x9f,
    0xff, 0xff, 0xff, 0xfa, 0x0, 0x0, 0x0, 0x39,
    0xdf, 0xfe, 0xa4, 0x0, 0x0,

    /* U+0217 "ȗ" */
    0x0, 0x0, 0x6c, 0xfe, 0xa2, 0x0, 0x0, 0x0,
    0x8f, 0xfb, 0xcf, 0xf2, 0x0, 0x0, 0x1f, 0xe1,
    0x0, 0x7f, 0x90, 0x0, 0x1, 0x54, 0x0, 0x1,
    0x54, 0x0, 0x0, 0x0, 0x0, 0x0, 0x0, 0x0,
    0x3, 0xff, 0xa0, 0x0, 0x0, 0x1f, 0xfc, 0x3f,
    0xfa, 0x0, 0x0, 0x1, 0xff, 0xc3, 0xff, 0xa0,
    0x0, 0x0, 0x1f, 0xfc, 0x3f, 0xfa, 0x0, 0x0,
    0x1, 0xff, 0xc3, 0xff, 0xa0, 0x0, 0x0, 0x1f,
    0xfc, 0x3f, 0xfa, 0x0, 0x0, 0x1, 0xff, 0xc3,
    0xff, 0xa0, 0x0, 0x0, 0x1f, 0xfc, 0x2f, 0xfb,
    0x0, 0x0, 0x3, 0xff, 0xc1, 0xff, 0xe0, 0x0,
    0x0, 0x8f, 0xfc, 0xe, 0xff, 0x80, 0x0, 0x4f,
    0xff, 0xc0, 0x8f, 0xff, 0xdb, 0xcf, 0xff, 0xfc,
    0x0, 0xcf, 0xff, 0xff, 0xfb, 0xff, 0xc0, 0x0,
    0x7c, 0xff, 0xc6, 0xf, 0xfc,

    /* U+0218 "Ș" */
    0x0, 0x1, 0x7c, 0xef, 0xfd, 0x94, 0x0, 0x0,
    0x4e, 0xff, 0xff, 0xff, 0xff, 0xb0, 0x2, 0xff,
    0xff, 0xba, 0xad, 0xff, 0x90, 0x9, 0xff, 0xb0,
    0x0, 0x0, 0x29, 0x30, 0xc, 0xff, 0x20, 0x0,
    0x0, 0x0, 0x0, 0xc, 0xff, 0x40, 0x0, 0x0,
    0x0, 0x0, 0x8, 0xff, 0xe7, 0x10, 0x0, 0x0,
    0x0, 0x1, 0xef, 0xff, 0xfd, 0x84, 0x0, 0x0,
    0x0, 0x1a, 0xff, 0xff, 0xff, 0xe7, 0x0, 0x0,
    0x0, 0x16, 0xbf, 0xff, 0xff, 0xb0, 0x0, 0x0,
    0x0, 0x0, 0x3a, 0xff, 0xf5, 0x0, 0x0, 0x0,
    0x0, 0x0, 0x8f, 0xf9, 0x1, 0x10, 0x0, 0x0,
    0x0, 0x5f, 0xf9, 0x8, 0xe6, 0x0, 0x0, 0x1,
    0xcf, 0xf6, 0xe, 0xff, 0xfc, 0xa9, 0xbf, 0xff,
    0xe0, 0x7, 0xff, 0xff, 0xff, 0xff, 0xfd, 0x20,
    0x0, 0x6, 0xad, 0xff, 0xeb, 0x60, 0x0, 0x0,
    0x0, 0x0, 0x0, 0x0, 0x0, 0x0, 0x0, 0x0,
    0x0, 0x0, 0x0, 0x0, 0x0, 0x0, 0x0, 0x0,
    0x38, 0x20, 0x0, 0x0, 0x0, 0x0, 0x0, 0xdf,
    0xb0, 0x0, 0x0, 0x0, 0x0, 0x0, 0x9f, 0xb0,
    0x0, 0x0, 0x0, 0x0, 0x0, 0x4f, 0x50, 0x0,
    0x0, 0x0, 0x0, 0x0, 0x8e, 0x0, 0x0, 0x0,

    /* U+0219 "ș" */
    0x0, 0x18, 0xdf, 0xfe, 0xb7, 0x10, 0x3, 0xef,
    0xff, 0xff, 0xff, 0xa0, 0xc, 0xff, 0xc8, 0x79,
    0xcf, 0x20, 0x1f, 0xfc, 0x0, 0x0, 0x2, 0x0,
    0x1f, 0xfd, 0x20, 0x0, 0x0, 0x0, 0xd, 0xff,
    0xfc, 0x96, 0x20, 0x0, 0x2, 0xcf, 0xff, 0xff,
    0xfc, 0x20, 0x0, 0x3, 0x7b, 0xdf, 0xff, 0xd0,
    0x0, 0x0, 0x0, 0x2, 0xdf, 0xf2, 0x5, 0x30,
    0x0, 0x0, 0xbf, 0xf2, 0xe, 0xfd, 0x97, 0x8b,
    0xff, 0xe0, 0x4f, 0xff, 0xff, 0xff, 0xff, 0x30,
    0x2, 0x8c, 0xef, 0xfd, 0x81, 0x0, 0x0, 0x0,
    0x0, 0x0, 0x0, 0x0, 0x0, 0x0, 0x0, 0x0,
    0x0, 0x0, 0x0, 0x0, 0x7, 0x50, 0x0, 0x0,
    0x0, 0x0, 0x7f, 0xf2, 0x0, 0x0, 0x0, 0x0,
    0x4f, 0xf1, 0x0, 0x0, 0x0, 0x0, 0xe, 0xc0,
    0x0, 0x0, 0x0, 0x0, 0x2f, 0x50, 0x0, 0x0,

    /* U+021A "Ț" */
    0xef, 0xff, 0xff, 0xff, 0xff, 0xff, 0xfc, 0xef,
    0xff, 0xff, 0xff, 0xff, 0xff, 0xfc, 0x9a, 0xaa,
    0xad, 0xff, 0xca, 0xaa, 0xa7, 0x0, 0x0, 0x9,
    0xff, 0x60, 0x0, 0x0, 0x0, 0x0, 0x9, 0xff,
    0x60, 0x0, 0x0, 0x0, 0x0, 0x9, 0xff, 0x60,
    0x0, 0x0, 0x0, 0x0, 0x9, 0xff, 0x60, 0x0,
    0x0, 0x0, 0x0, 0x9, 0xff, 0x60, 0x0, 0x0,
    0x0, 0x0, 0x9, 0xff, 0x60, 0x0, 0x0, 0x0,
    0x0, 0x9, 0xff, 0x60, 0x0, 0x0, 0x0, 0x0,
    0x9, 0xff, 0x60, 0x0, 0x0, 0x0, 0x0, 0x9,
    0xff, 0x60, 0x0, 0x0, 0x0, 0x0, 0x9, 0xff,
    0x60, 0x0, 0x0, 0x0, 0x0, 0x9, 0xff, 0x60,
    0x0, 0x0, 0x0, 0x0, 0x9, 0xff, 0x60, 0x0,
    0x0, 0x0, 0x0, 0x9, 0xff, 0x60, 0x0, 0x0,
    0x0, 0x0, 0x9, 0xff, 0x60, 0x0, 0x0, 0x0,
    0x0, 0x0, 0x0, 0x0, 0x0, 0x0, 0x0, 0x0,
    0x0, 0x0, 0x0, 0x0, 0x0, 0x0, 0x0, 0x0,
    0x76, 0x0, 0x0, 0x0, 0x0, 0x0, 0x6, 0xff,
    0x30, 0x0, 0x0, 0x0, 0x0, 0x3, 0xff, 0x30,
    0x0, 0x0, 0x0, 0x0, 0x0, 0xcd, 0x0, 0x0,
    0x0, 0x0, 0x0, 0x1, 0xf6, 0x0, 0x0, 0x0,

    /* U+021B "ț" */
    0x0, 0xbf, 0xf2, 0x0, 0x0, 0x0, 0xbf, 0xf2,
    0x0, 0x0, 0xcf, 0xff, 0xff, 0xff, 0x70, 0xcf,
    0xff, 0xff, 0xff, 0x70, 0x46, 0xff, 0xf9, 0x66,
    0x20, 0x0, 0xbf, 0xf2, 0x0, 0x0, 0x0, 0xbf,
    0xf2, 0x0, 0x0, 0x0, 0xbf, 0xf2, 0x0, 0x0,
    0x0, 0xbf, 0xf2, 0x0, 0x0, 0x0, 0xbf, 0xf2,
    0x0, 0x0, 0x0, 0xbf, 0xf2, 0x0, 0x0, 0x0,
    0xaf, 0xf5, 0x0, 0x0, 0x0, 0x7f, 0xfe, 0x89,
    0x90, 0x0, 0x1e, 0xff, 0xff, 0xf1, 0x0, 0x2,
    0xae, 0xfd, 0x80, 0x0, 0x0, 0x0, 0x0, 0x0,
    0x0, 0x0, 0x0, 0x0, 0x0, 0x0, 0x0, 0x7,
    0x60, 0x0, 0x0, 0x0, 0x6f, 0xf3, 0x0, 0x0,
    0x0, 0x3f, 0xf2, 0x0, 0x0, 0x0, 0xd, 0xd0,
    0x0, 0x0, 0x0, 0x1f, 0x60, 0x0,

    /* U+021C "Ȝ" */
    0x0, 0x0, 0x5a, 0xdf, 0xfe, 0xa3, 0x0, 0x0,
    0x19, 0xff, 0xff, 0xff, 0xff, 0xf7, 0x0, 0xf,
    0xff, 0xff, 0xda, 0xbf, 0xff, 0xf3, 0x0, 0xbf,
    0xc6, 0x10, 0x0, 0x1d, 0xff, 0x80, 0x3, 0x40,
    0x0, 0x0, 0x0, 0x7f, 0xf8, 0x0, 0x0, 0x0,
    0x0, 0x0, 0x9, 0xff, 0x50, 0x0, 0x0, 0x0,
    0x0, 0x5, 0xff, 0xc0, 0x0, 0x0, 0x0, 0x1,
    0x6c, 0xff, 0xb1, 0x0, 0x0, 0x0, 0x8d, 0xff,
    0xff, 0xf8, 0x10, 0x0, 0x0, 0xc, 0xff, 0xff,
    0xff, 0xff, 0x30, 0x0, 0x0, 0xbb, 0x84, 0x12,
    0x9f, 0xfd, 0x0, 0x0, 0x0, 0x0, 0x0, 0x0,
    0xef, 0xf2, 0x0, 0x0, 0x0, 0x0, 0x0, 0xe,
    0xff, 0x30, 0x0, 0x0, 0x0, 0x0, 0x5, 0xff,
    0xf0, 0x0, 0x0, 0x0, 0x0, 0x6, 0xff, 0xf9,
    0x0, 0x0, 0x0, 0x1, 0x6c, 0xff, 0xfc, 0x0,
    0x0, 0x25, 0x8c, 0xff, 0xff, 0xfa, 0x0, 0x4,
    0xff, 0xff, 0xff, 0xff, 0xb4, 0x0, 0x0, 0x4f,
    0xff, 0xff, 0xc7, 0x20, 0x0, 0x0, 0x2, 0xa8,
    0x63, 0x0, 0x0, 0x0, 0x0, 0x0,

    /* U+021D "ȝ" */
    0x0, 0x27, 0xce, 0xfd, 0x91, 0x0, 0x2a, 0xff,
    0xff, 0xff, 0xfe, 0x10, 0x6f, 0xff, 0xb8, 0x8e,
    0xff, 0x90, 0xe, 0x81, 0x0, 0x4, 0xff, 0xd0,
    0x0, 0x0, 0x0, 0x1, 0xff, 0xc0, 0x0, 0x0,
    0x0, 0x6, 0xff, 0x70, 0x0, 0x0, 0x1, 0x8f,
    0xf9, 0x0, 0x0, 0x8, 0xcf, 0xff, 0xd3, 0x0,
    0x0, 0xf, 0xff, 0xff, 0xff, 0x60, 0x0, 0xc,
    0x95, 0x37, 0xff, 0xf1, 0x0, 0x0, 0x0, 0x0,
    0xaf, 0xf4, 0x0, 0x0, 0x0, 0x0, 0xaf, 0xf5,
    0x0, 0x0, 0x0, 0x2, 0xff, 0xf1, 0x0, 0x0,
    0x0, 0x5e, 0xff, 0x90, 0x0, 0x14, 0x9e, 0xff,
    0xfb, 0x0, 0x7d, 0xff, 0xff, 0xfe, 0x60, 0x0,
    0x9f, 0xff, 0xfb, 0x60, 0x0, 0x0, 0x69, 0x63,
    0x0, 0x0, 0x0, 0x0,

    /* U+021E "Ȟ" */
    0x0, 0x6, 0x84, 0x0, 0x7, 0x83, 0x0, 0x0,
    0x0, 0x3f, 0xf8, 0x1c, 0xfc, 0x0, 0x0, 0x0,
    0x0, 0x5f, 0xff, 0xfd, 0x10, 0x0, 0x0, 0x0,
    0x0, 0x7f, 0xfe, 0x20, 0x0, 0x0, 0x0, 0x0,
    0x0, 0x0, 0x0, 0x0, 0x0, 0xd, 0xff, 0x20,
    0x0, 0x0, 0x0, 0x8f, 0xf7, 0xdf, 0xf2, 0x0,
    0x0, 0x0, 0x8, 0xff, 0x7d, 0xff, 0x20, 0x0,
    0x0, 0x0, 0x8f, 0xf7, 0xdf, 0xf2, 0x0, 0x0,
    0x0, 0x8, 0xff, 0x7d, 0xff, 0x20, 0x0, 0x0,
    0x0, 0x8f, 0xf7, 0xdf, 0xf2, 0x0, 0x0, 0x0,
    0x8, 0xff, 0x7d, 0xff, 0x20, 0x0, 0x0, 0x0,
    0x8f, 0xf7, 0xdf, 0xff, 0xff, 0xff, 0xff, 0xff,
    0xff, 0x7d, 0xff, 0xff, 0xff, 0xff, 0xff, 0xff,
    0xf7, 0xdf, 0xfd, 0xaa, 0xaa, 0xaa, 0xaf, 0xff,
    0x7d, 0xff, 0x20, 0x0, 0x0, 0x0, 0x8f, 0xf7,
    0xdf, 0xf2, 0x0, 0x0, 0x0, 0x8, 0xff, 0x7d,
    0xff, 0x20, 0x0, 0x0, 0x0, 0x8f, 0xf7, 0xdf,
    0xf2, 0x0, 0x0, 0x0, 0x8, 0xff, 0x7d, 0xff,
    0x20, 0x0, 0x0, 0x0, 0x8f, 0xf7, 0xdf, 0xf2,
    0x0, 0x0, 0x0, 0x8, 0xff, 0x7d, 0xff, 0x20,
    0x0, 0x0, 0x0, 0x8f, 0xf7,

    /* U+021F "ȟ" */
    0x6, 0x84, 0x0, 0x7, 0x83, 0x0, 0x0, 0x0,
    0x2, 0xef, 0x81, 0xcf, 0xa0, 0x0, 0x0, 0x0,
    0x0, 0x2d, 0xff, 0xfa, 0x0, 0x0, 0x0, 0x0,
    0x0, 0x1, 0x78, 0x70, 0x0, 0x0, 0x0, 0x0,
    0x0, 0x0, 0x0, 0x0, 0x0, 0x0, 0x0, 0x0,
    0x0, 0x1, 0xff, 0xc0, 0x0, 0x0, 0x0, 0x0,
    0x0, 0x1, 0xff, 0xc0, 0x0, 0x0, 0x0, 0x0,
    0x0, 0x1, 0xff, 0xc0, 0x0, 0x0, 0x0, 0x0,
    0x0, 0x1, 0xff, 0xc0, 0x0, 0x0, 0x0, 0x0,
    0x0, 0x1, 0xff, 0xc0, 0x0, 0x0, 0x0, 0x0,
    0x0, 0x1, 0xff, 0xc1, 0x8d, 0xfe, 0xb5, 0x0,
    0x0, 0x1, 0xff, 0xee, 0xff, 0xff, 0xff, 0x90,
    0x0, 0x1, 0xff, 0xff, 0xfb, 0xae, 0xff, 0xf4,
    0x0, 0x1, 0xff, 0xfc, 0x10, 0x0, 0xbf, 0xfa,
    0x0, 0x1, 0xff, 0xf2, 0x0, 0x0, 0x2f, 0xfe,
    0x0, 0x1, 0xff, 0xd0, 0x0, 0x0, 0xf, 0xff,
    0x0, 0x1, 0xff, 0xc0, 0x0, 0x0, 0xe, 0xff,
    0x0, 0x1, 0xff, 0xc0, 0x0, 0x0, 0xe, 0xff,
    0x0, 0x1, 0xff, 0xc0, 0x0, 0x0, 0xe, 0xff,
    0x0, 0x1, 0xff, 0xc0, 0x0, 0x0, 0xe, 0xff,
    0x0, 0x1, 0xff, 0xc0, 0x0, 0x0, 0xe, 0xff,
    0x0, 0x1, 0xff, 0xc0, 0x0, 0x0, 0xe, 0xff,
    0x0, 0x1, 0xff, 0xc0, 0x0, 0x0, 0xe, 0xff,

    /* U+0220 "Ƞ" */
    0x9f, 0xf5, 0x5, 0xbe, 0xfe, 0xa3, 0x0, 0x9,
    0xff, 0x6c, 0xff, 0xff, 0xff, 0xf8, 0x0, 0x9f,
    0xff, 0xff, 0xec, 0xdf, 0xff, 0xf5, 0x9, 0xff,
    0xfe, 0x40, 0x0, 0x2d, 0xff, 0xd0, 0x9f, 0xff,
    0x20, 0x0, 0x0, 0x1f, 0xff, 0x39, 0xff, 0xb0,
    0x0, 0x0, 0x0, 0xaf, 0xf6, 0x9f, 0xf7, 0x0,
    0x0, 0x0, 0x7, 0xff, 0x89, 0xff, 0x60, 0x0,
    0x0, 0x0, 0x7f, 0xf8, 0x9f, 0xf6, 0x0, 0x0,
    0x0, 0x7, 0xff, 0x99, 0xff, 0x60, 0x0, 0x0,
    0x0, 0x7f, 0xf9, 0x9f, 0xf6, 0x0, 0x0, 0x0,
    0x7, 0xff, 0x99, 0xff, 0x60, 0x0, 0x0, 0x0,
    0x7f, 0xf9, 0x9f, 0xf6, 0x0, 0x0, 0x0, 0x7,
    0xff, 0x99, 0xff, 0x60, 0x0, 0x0, 0x0, 0x7f,
    0xf9, 0x9f, 0xf6, 0x0, 0x0, 0x0, 0x7, 0xff,
    0x99, 0xff, 0x60, 0x0, 0x0, 0x0, 0x7f, 0xf9,
    0x9f, 0xf6, 0x0, 0x0, 0x0, 0x7, 0xff, 0x90,
    0x0, 0x0, 0x0, 0x0, 0x0, 0x7f, 0xf9, 0x0,
    0x0, 0x0, 0x0, 0x0, 0x7, 0xff, 0x90, 0x0,
    0x0, 0x0, 0x0, 0x0, 0x7f, 0xf9, 0x0, 0x0,
    0x0, 0x0, 0x0, 0x7, 0xff, 0x90, 0x0, 0x0,
    0x0, 0x0, 0x0, 0x7f, 0xf9,

    /* U+0222 "Ȣ" */
    0x4f, 0xfb, 0x0, 0x0, 0x0, 0xa, 0xff, 0x50,
    0x4f, 0xfb, 0x0, 0x0, 0x0, 0xa, 0xff, 0x50,
    0x4f, 0xfb, 0x0, 0x0, 0x0, 0xa, 0xff, 0x50,
    0x2f, 0xfe, 0x0, 0x0, 0x0, 0xc, 0xff, 0x30,
    0xd, 0xff, 0x70, 0x0, 0x0, 0x5f, 0xfe, 0x0,
    0x4, 0xff, 0xfb, 0x64, 0x6a, 0xff, 0xf5, 0x0,
    0x0, 0x5f, 0xff, 0xff, 0xff, 0xff, 0x50, 0x0,
    0x1, 0xcf, 0xff, 0xff, 0xff, 0xff, 0xc2, 0x0,
    0x1e, 0xff, 0xc5, 0x21, 0x25, 0xcf, 0xfe, 0x10,
    0x8f, 0xfa, 0x0, 0x0, 0x0, 0x9, 0xff, 0x90,
    0xdf, 0xf2, 0x0, 0x0, 0x0, 0x1, 0xff, 0xe0,
    0xef, 0xf1, 0x0, 0x0, 0x0, 0x0, 0xff, 0xf0,
    0xcf, 0xf5, 0x0, 0x0, 0x0, 0x4, 0xff, 0xd0,
    0x7f, 0xfe, 0x40, 0x0, 0x0, 0x4e, 0xff, 0x80,
    0xd, 0xff, 0xfd, 0xa9, 0xad, 0xff, 0xfd, 0x10,
    0x1, 0xbf, 0xff, 0xff, 0xff, 0xff, 0xc1, 0x0,
    0x0, 0x4, 0x9d, 0xef, 0xed, 0x94, 0x0, 0x0,

    /* U+0223 "ȣ" */
    0x8, 0xff, 0x70, 0x0, 0x0, 0x7f, 0xf8, 0x0,
    0x8f, 0xf7, 0x0, 0x0, 0x7, 0xff, 0x80, 0x7,
    0xff, 0x70, 0x0, 0x0, 0x7f, 0xf7, 0x0, 0x6f,
    0xf8, 0x0, 0x0, 0x8, 0xff, 0x60, 0x4, 0xff,
    0xc0, 0x0, 0x0, 0xcf, 0xf4, 0x0, 0xd, 0xff,
    0x91, 0x1, 0x9f, 0xfd, 0x0, 0x0, 0x2e, 0xff,
    0xff, 0xff, 0xfd, 0x20, 0x0, 0x1, 0xbf, 0xff,
    0xff, 0xff, 0xb1, 0x0, 0x0, 0xdf, 0xfd, 0x75,
    0x7d, 0xff, 0xd0, 0x0, 0x8f, 0xfb, 0x0, 0x0,
    0xb, 0xff, 0x80, 0xe, 0xff, 0x30, 0x0, 0x0,
    0x2f, 0xfe, 0x0, 0xff, 0xf0, 0x0, 0x0, 0x0,
    0xff, 0xf0, 0xf, 0xff, 0x0, 0x0, 0x0, 0xf,
    0xff, 0x0, 0xef, 0xf4, 0x0, 0x0, 0x4, 0xff,
    0xe0, 0x8, 0xff, 0xd1, 0x0, 0x1, 0xdf, 0xf8,
    0x0, 0x1e, 0xff, 0xe9, 0x79, 0xff, 0xfe, 0x10,
    0x0, 0x3d, 0xff, 0xff, 0xff, 0xfd, 0x20, 0x0,
    0x0, 0x6, 0xce, 0xfe, 0xb6, 0x0, 0x0,

    /* U+0226 "Ȧ" */
    0x0, 0x0, 0x0, 0x0, 0x7f, 0xa0, 0x0, 0x0,
    0x0, 0x0, 0x0, 0x0, 0x0, 0xf, 0xff, 0x20,
    0x0, 0x0, 0x0, 0x0, 0x0, 0x0, 0x0, 0xdf,
    0xf1, 0x0, 0x0, 0x0, 0x0, 0x0, 0x0, 0x0,
    0x1, 0x52, 0x0, 0x0, 0x0, 0x0, 0x0, 0x0,
    0x0, 0x0, 0x0, 0x0, 0x0, 0x0, 0x0, 0x0,
    0x0, 0x0, 0x0, 0x1f, 0xff, 0x40, 0x0, 0x0,
    0x0, 0x0, 0x0, 0x0, 0x8, 0xff, 0xfb, 0x0,
    0x0, 0x0, 0x0, 0x0, 0x0, 0x0, 0xef, 0xff,
    0xf2, 0x0, 0x0, 0x0, 0x0, 0x0, 0x0, 0x5f,
    0xfb, 0xff, 0x90, 0x0, 0x0, 0x0, 0x0, 0x0,
    0xc, 0xff, 0x1d, 0xff, 0x0, 0x0, 0x0, 0x0,
    0x0, 0x3, 0xff, 0x90, 0x7f, 0xf6, 0x0, 0x0,
    0x0, 0x0, 0x0, 0xaf, 0xf3, 0x1, 0xff, 0xd0,
    0x0, 0x0, 0x0, 0x0, 0x1f, 0xfc, 0x0, 0xa,
    0xff, 0x40, 0x0, 0x0, 0x0, 0x7, 0xff, 0x60,
    0x0, 0x3f, 0xfb, 0x0, 0x0, 0x0, 0x0, 0xef,
    0xf0, 0x0, 0x0, 0xdf, 0xf2, 0x0, 0x0, 0x0,
    0x5f, 0xff, 0x77, 0x77, 0x7e, 0xff, 0x90, 0x0,
    0x0, 0xc, 0xff, 0xff, 0xff, 0xff, 0xff, 0xff,
    0x0, 0x0, 0x3, 0xff, 0xff, 0xff, 0xff, 0xff,
    0xff, 0xf6, 0x0, 0x0, 0x9f, 0xf6, 0x0, 0x0,
    0x0, 0x3, 0xff, 0xd0, 0x0, 0x1f, 0xff, 0x0,
    0x0, 0x0, 0x0, 0xc, 0xff, 0x40, 0x7, 0xff,
    0x90, 0x0, 0x0, 0x0, 0x0, 0x6f, 0xfb, 0x0,
    0xef, 0xf2, 0x0, 0x0, 0x0, 0x0, 0x0, 0xff,
    0xf2,

    /* U+0227 "ȧ" */
    0x0, 0x0, 0x6, 0x40, 0x0, 0x0, 0x0, 0x0,
    0x9f, 0xf4, 0x0, 0x0, 0x0, 0x0, 0xbf, 0xf6,
    0x0, 0x0, 0x0, 0x0, 0x3d, 0xb0, 0x0, 0x0,
    0x0, 0x0, 0x0, 0x0, 0x0, 0x0, 0x0, 0x0,
    0x0, 0x0, 0x0, 0x0, 0x1, 0x7c, 0xef, 0xec,
    0x60, 0x0, 0x5f, 0xff, 0xff, 0xff, 0xfc, 0x0,
    0x2f, 0xfb, 0x88, 0xbf, 0xff, 0x80, 0x4, 0x10,
    0x0, 0x4, 0xff, 0xe0, 0x0, 0x0, 0x0, 0x0,
    0xdf, 0xf1, 0x1, 0x9d, 0xff, 0xff, 0xff, 0xf2,
    0x2f, 0xff, 0xff, 0xff, 0xff, 0xf2, 0xbf, 0xf8,
    0x10, 0x0, 0xbf, 0xf2, 0xef, 0xe0, 0x0, 0x0,
    0xbf, 0xf2, 0xef, 0xf0, 0x0, 0x2, 0xff, 0xf2,
    0xaf, 0xf9, 0x11, 0x5e, 0xff, 0xf2, 0x2e, 0xff,
    0xff, 0xff, 0xdf, 0xf2, 0x1, 0x9e, 0xfe, 0xb3,
    0x8f, 0xf2,

    /* U+0228 "Ȩ" */
    0xdf, 0xff, 0xff, 0xff, 0xff, 0xfe, 0xd, 0xff,
    0xff, 0xff, 0xff, 0xff, 0xe0, 0xdf, 0xfa, 0xaa,
    0xaa, 0xaa, 0xa9, 0xd, 0xff, 0x20, 0x0, 0x0,
    0x0, 0x0, 0xdf, 0xf2, 0x0, 0x0, 0x0, 0x0,
    0xd, 0xff, 0x20, 0x0, 0x0, 0x0, 0x0, 0xdf,
    0xf2, 0x0, 0x0, 0x0, 0x0, 0xd, 0xff, 0xff,
    0xff, 0xff, 0xfe, 0x0, 0xdf, 0xff, 0xff, 0xff,
    0xff, 0xe0, 0xd, 0xff, 0xb9, 0x99, 0x99, 0x98,
    0x0, 0xdf, 0xf2, 0x0, 0x0, 0x0, 0x0, 0xd,
    0xff, 0x20, 0x0, 0x0, 0x0, 0x0, 0xdf, 0xf2,
    0x0, 0x0, 0x0, 0x0, 0xd, 0xff, 0x20, 0x0,
    0x0, 0x0, 0x0, 0xdf, 0xfa, 0xaa, 0xaa, 0xaa,
    0xaa, 0x2d, 0xff, 0xff, 0xff, 0xff, 0xff, 0xf3,
    0xdf, 0xff, 0xff, 0xff, 0xff, 0xff, 0x30, 0x0,
    0x0, 0xea, 0x0, 0x0, 0x0, 0x0, 0x0, 0x2f,
    0xe7, 0x0, 0x0, 0x0, 0x0, 0x1, 0x5c, 0xf5,
    0x0, 0x0, 0x0, 0x1, 0x20, 0x9f, 0x70, 0x0,
    0x0, 0x0, 0x8f, 0xff, 0xe1, 0x0, 0x0, 0x0,
    0x2, 0x68, 0x60, 0x0, 0x0, 0x0,

    /* U+0229 "ȩ" */
    0x0, 0x0, 0x6c, 0xef, 0xd9, 0x20, 0x0, 0x0,
    0x1c, 0xff, 0xff, 0xff, 0xf6, 0x0, 0x0, 0xdf,
    0xfd, 0x87, 0xaf, 0xff, 0x40, 0x7, 0xff, 0xa0,
    0x0, 0x2, 0xff, 0xd0, 0xd, 0xff, 0x0, 0x0,
    0x0, 0x7f, 0xf3, 0xf, 0xff, 0xff, 0xff, 0xff,
    0xff, 0xf5, 0x1f, 0xff, 0xff, 0xff, 0xff, 0xff,
    0xf6, 0xf, 0xfc, 0x0, 0x0, 0x0, 0x0, 0x0,
    0xd, 0xff, 0x20, 0x0, 0x0, 0x0, 0x0, 0x6,
    0xff, 0xd2, 0x0, 0x0, 0x98, 0x0, 0x0, 0xcf,
    0xff, 0xb9, 0xae, 0xff, 0x40, 0x0, 0x1b, 0xff,
    0xff, 0xff, 0xfd, 0x10, 0x0, 0x0, 0x5b, 0xff,
    0xec, 0x60, 0x0, 0x0, 0x0, 0x0, 0xdb, 0x0,
    0x0, 0x0, 0x0, 0x0, 0x1, 0xff, 0xa0, 0x0,
    0x0, 0x0, 0x0, 0x0, 0x3a, 0xf7, 0x0, 0x0,
    0x0, 0x0, 0x12, 0x8, 0xf8, 0x0, 0x0, 0x0,
    0x0, 0x6f, 0xff, 0xe2, 0x0, 0x0, 0x0, 0x0,
    0x16, 0x86, 0x10, 0x0, 0x0,

    /* U+022A "Ȫ" */
    0x0, 0x0, 0x3b, 0xbb, 0xbb, 0xbb, 0x70, 0x0,
    0x0, 0x0, 0x0, 0x4f, 0xff, 0xff, 0xff, 0xa0,
    0x0, 0x0, 0x0, 0x0, 0x0, 0x0, 0x0, 0x0,
    0x0, 0x0, 0x0, 0x0, 0x0, 0x0, 0x0, 0x0,
    0x0, 0x0, 0x0, 0x0, 0x0, 0x0, 0x6, 0xf7,
    0x2, 0xec, 0x0, 0x0, 0x0, 0x0, 0x0, 0xc,
    0xfc, 0x6, 0xff, 0x20, 0x0, 0x0, 0x0, 0x0,
    0x4, 0xb4, 0x1, 0xa8, 0x0, 0x0, 0x0, 0x0,
    0x0, 0x0, 0x0, 0x0, 0x0, 0x0, 0x0, 0x0,
    0x0, 0x0, 0x6, 0xbe, 0xfe, 0xc8, 0x20, 0x0,
    0x0, 0x0, 0x6, 0xef, 0xff, 0xff, 0xff, 0xfa,
    0x0, 0x0, 0x0, 0x8f, 0xff, 0xfe, 0xcd, 0xff,
    0xff, 0xd1, 0x0, 0x6, 0xff, 0xfb, 0x20, 0x0,
    0x7, 0xff, 0xfc, 0x0, 0x1f, 0xff, 0x90, 0x0,
    0x0, 0x0, 0x3f, 0xff, 0x50, 0x7f, 0xfd, 0x0,
    0x0, 0x0, 0x0, 0x7, 0xff, 0xd0, 0xbf, 0xf6,
    0x0, 0x0, 0x0, 0x0, 0x0, 0xff, 0xf1, 0xef,
    0xf2, 0x0, 0x0, 0x0, 0x0, 0x0, 0xcf, 0xf4,
    0xff, 0xf0, 0x0, 0x0, 0x0, 0x0, 0x0, 0xaf,
    0xf5, 0xef, 0xf2, 0x0, 0x0, 0x0, 0x0, 0x0,
    0xcf, 0xf4, 0xbf, 0xf5, 0x0, 0x0, 0x0, 0x0,
    0x0, 0xff, 0xf1, 0x7f, 0xfc, 0x0, 0x0, 0x0,
    0x0, 0x7, 0xff, 0xd0, 0x1f, 0xff, 0x80, 0x0,
    0x0, 0x0, 0x3f, 0xff, 0x60, 0x6, 0xff, 0xfa,
    0x20, 0x0, 0x7, 0xff, 0xfc, 0x0, 0x0, 0x9f,
    0xff, 0xfd, 0xcc, 0xff, 0xff, 0xd1, 0x0, 0x0,
    0x6, 0xff, 0xff, 0xff, 0xff, 0xfa, 0x0, 0x0,
    0x0, 0x0, 0x17, 0xbe, 0xfe, 0xd8, 0x30, 0x0,
    0x0,

    /* U+022B "ȫ" */
    0x0, 0x6, 0xbb, 0xbb, 0xbb, 0xb3, 0x0, 0x0,
    0x9, 0xff, 0xff, 0xff, 0xf5, 0x0, 0x0, 0x0,
    0x0, 0x0, 0x0, 0x0, 0x0, 0x0, 0x0, 0x0,
    0x0, 0x0, 0x0, 0x0, 0x0, 0x0, 0xbe, 0x30,
    0x6f, 0x70, 0x0, 0x0, 0x0, 0xff, 0x80, 0xbf,
    0xd0, 0x0, 0x0, 0x0, 0x7b, 0x10, 0x3b, 0x50,
    0x0, 0x0, 0x0, 0x0, 0x0, 0x0, 0x0, 0x0,
    0x0, 0x0, 0x5b, 0xef, 0xda, 0x40, 0x0, 0x0,
    0x1b, 0xff, 0xff, 0xff, 0xfa, 0x0, 0x0, 0xcf,
    0xff, 0xb9, 0xbf, 0xff, 0xa0, 0x6, 0xff, 0xd2,
    0x0, 0x3, 0xef, 0xf4, 0xd, 0xff, 0x30, 0x0,
    0x0, 0x6f, 0xfa, 0xf, 0xfe, 0x0, 0x0, 0x0,
    0xf, 0xfd, 0x1f, 0xfc, 0x0, 0x0, 0x0, 0xf,
    0xff, 0xf, 0xfe, 0x0, 0x0, 0x0, 0x1f, 0xfd,
    0xc, 0xff, 0x40, 0x0, 0x0, 0x6f, 0xfa, 0x6,
    0xff, 0xd2, 0x0, 0x3, 0xff, 0xf4, 0x0, 0xcf,
    0xff, 0xb9, 0xcf, 0xff, 0x90, 0x0, 0x1b, 0xff,
    0xff, 0xff, 0xf9, 0x0, 0x0, 0x0, 0x5b, 0xef,
    0xea, 0x40, 0x0,

    /* U+022C "Ȭ" */
    0x0, 0x0, 0x3b, 0xbb, 0xbb, 0xbb, 0x70, 0x0,
    0x0, 0x0, 0x0, 0x4f, 0xff, 0xff, 0xff, 0xa0,
    0x0, 0x0, 0x0, 0x0, 0x0, 0x0, 0x0, 0x0,
    0x0, 0x0, 0x0, 0x0, 0x0, 0x0, 0x77, 0x10,
    0x7, 0x60, 0x0, 0x0, 0x0, 0x0, 0xc, 0xff,
    0xe4, 0x2f, 0x90, 0x0, 0x0, 0x0, 0x0, 0x3f,
    0x72, 0xcf, 0xff, 0x30, 0x0, 0x0, 0x0, 0x0,
    0x39, 0x10, 0x6, 0x83, 0x0, 0x0, 0x0, 0x0,
    0x0, 0x0, 0x0, 0x0, 0x0, 0x0, 0x0, 0x0,
    0x0, 0x0, 0x6, 0xbe, 0xfe, 0xc8, 0x20, 0x0,
    0x0, 0x0, 0x6, 0xef, 0xff, 0xff, 0xff, 0xfa,
    0x0, 0x0, 0x0, 0x8f, 0xff, 0xfe, 0xcd, 0xff,
    0xff, 0xd1, 0x0, 0x6, 0xff, 0xfb, 0x20, 0x0,
    0x7, 0xff, 0xfc, 0x0, 0x1f, 0xff, 0x90, 0x0,
    0x0, 0x0, 0x3f, 0xff, 0x50, 0x7f, 0xfd, 0x0,
    0x0, 0x0, 0x0, 0x7, 0xff, 0xd0, 0xbf, 0xf6,
    0x0, 0x0, 0x0, 0x0, 0x0, 0xff, 0xf1, 0xef,
    0xf2, 0x0, 0x0, 0x0, 0x0, 0x0, 0xcf, 0xf4,
    0xff, 0xf0, 0x0, 0x0, 0x0, 0x0, 0x0, 0xaf,
    0xf5, 0xef, 0xf2, 0x0, 0x0, 0x0, 0x0, 0x0,
    0xcf, 0xf4, 0xbf, 0xf5, 0x0, 0x0, 0x0, 0x0,
    0x0, 0xff, 0xf1, 0x7f, 0xfc, 0x0, 0x0, 0x0,
    0x0, 0x7, 0xff, 0xd0, 0x1f, 0xff, 0x80, 0x0,
    0x0, 0x0, 0x3f, 0xff, 0x60, 0x6, 0xff, 0xfa,
    0x20, 0x0, 0x7, 0xff, 0xfc, 0x0, 0x0, 0x9f,
    0xff, 0xfd, 0xcc, 0xff, 0xff, 0xd1, 0x0, 0x0,
    0x6, 0xff, 0xff, 0xff, 0xff, 0xfa, 0x0, 0x0,
    0x0, 0x0, 0x17, 0xbe, 0xfe, 0xd8, 0x30, 0x0,
    0x0,

    /* U+022D "ȭ" */
    0x0, 0x6, 0xbb, 0xbb, 0xbb, 0xb3, 0x0, 0x0,
    0x9, 0xff, 0xff, 0xff, 0xf5, 0x0, 0x0, 0x0,
    0x0, 0x0, 0x0, 0x0, 0x0, 0x0, 0x0, 0x9f,
    0xd4, 0x3, 0xf6, 0x0, 0x0, 0x6, 0xfb, 0xcf,
    0xbd, 0xf2, 0x0, 0x0, 0x9, 0xf0, 0x7, 0xee,
    0x60, 0x0, 0x0, 0x0, 0x0, 0x0, 0x0, 0x0,
    0x0, 0x0, 0x0, 0x0, 0x0, 0x0, 0x0, 0x0,
    0x0, 0x0, 0x5b, 0xef, 0xda, 0x40, 0x0, 0x0,
    0x1b, 0xff, 0xff, 0xff, 0xfa, 0x0, 0x0, 0xcf,
    0xff, 0xb9, 0xbf, 0xff, 0xa0, 0x6, 0xff, 0xd2,
    0x0, 0x3, 0xef, 0xf4, 0xd, 0xff, 0x30, 0x0,
    0x0, 0x6f, 0xfa, 0xf, 0xfe, 0x0, 0x0, 0x0,
    0xf, 0xfd, 0x1f, 0xfc, 0x0, 0x0, 0x0, 0xf,
    0xff, 0xf, 0xfe, 0x0, 0x0, 0x0, 0x1f, 0xfd,
    0xc, 0xff, 0x40, 0x0, 0x0, 0x6f, 0xfa, 0x6,
    0xff, 0xd2, 0x0, 0x3, 0xff, 0xf4, 0x0, 0xcf,
    0xff, 0xb9, 0xcf, 0xff, 0x90, 0x0, 0x1b, 0xff,
    0xff, 0xff, 0xf9, 0x0, 0x0, 0x0, 0x5b, 0xef,
    0xea, 0x40, 0x0,

    /* U+022E "Ȯ" */
    0x0, 0x0, 0x0, 0x6, 0xfb, 0x0, 0x0, 0x0,
    0x0, 0x0, 0x0, 0x0, 0xe, 0xff, 0x40, 0x0,
    0x0, 0x0, 0x0, 0x0, 0x0, 0xb, 0xff, 0x10,
    0x0, 0x0, 0x0, 0x0, 0x0, 0x0, 0x0, 0x52,
    0x0, 0x0, 0x0, 0x0, 0x0, 0x0, 0x0, 0x0,
    0x0, 0x0, 0x0, 0x0, 0x0, 0x0, 0x0, 0x6,
    0xbe, 0xfe, 0xc8, 0x20, 0x0, 0x0, 0x0, 0x6,
    0xef, 0xff, 0xff, 0xff, 0xfa, 0x0, 0x0, 0x0,
    0x8f, 0xff, 0xfe, 0xcd, 0xff, 0xff, 0xd1, 0x0,
    0x6, 0xff, 0xfb, 0x20, 0x0, 0x7, 0xff, 0xfc,
    0x0, 0x1f, 0xff, 0x90, 0x0, 0x0, 0x0, 0x3f,
    0xff, 0x50, 0x7f, 0xfd, 0x0, 0x0, 0x0, 0x0,
    0x7, 0xff, 0xd0, 0xbf, 0xf6, 0x0, 0x0, 0x0,
    0x0, 0x0, 0xff, 0xf1, 0xef, 0xf2, 0x0, 0x0,
    0x0, 0x0, 0x0, 0xcf, 0xf4, 0xff, 0xf0, 0x0,
    0x0, 0x0, 0x0, 0x0, 0xaf, 0xf5, 0xef, 0xf2,
    0x0, 0x0, 0x0, 0x0, 0x0, 0xcf, 0xf4, 0xbf,
    0xf5, 0x0, 0x0, 0x0, 0x0, 0x0, 0xff, 0xf1,
    0x7f, 0xfc, 0x0, 0x0, 0x0, 0x0, 0x7, 0xff,
    0xd0, 0x1f, 0xff, 0x80, 0x0, 0x0, 0x0, 0x3f,
    0xff, 0x60, 0x6, 0xff, 0xfa, 0x20, 0x0, 0x7,
    0xff, 0xfc, 0x0, 0x0, 0x9f, 0xff, 0xfd, 0xcc,
    0xff, 0xff, 0xd1, 0x0, 0x0, 0x6, 0xff, 0xff,
    0xff, 0xff, 0xfa, 0x0, 0x0, 0x0, 0x0, 0x17,
    0xbe, 0xfe, 0xd8, 0x30, 0x0, 0x0,

    /* U+022F "ȯ" */
    0x0, 0x0, 0x0, 0x37, 0x10, 0x0, 0x0, 0x0,
    0x0, 0x1, 0xff, 0xd0, 0x0, 0x0, 0x0, 0x0,
    0x3, 0xff, 0xf0, 0x0, 0x0, 0x0, 0x0, 0x0,
    0x9d, 0x60, 0x0, 0x0, 0x0, 0x0, 0x0, 0x0,
    0x0, 0x0, 0x0, 0x0, 0x0, 0x0, 0x0, 0x0,
    0x0, 0x0, 0x0, 0x0, 0x5b, 0xef, 0xda, 0x40,
    0x0, 0x0, 0x1b, 0xff, 0xff, 0xff, 0xfa, 0x0,
    0x0, 0xcf, 0xff, 0xb9, 0xbf, 0xff, 0xa0, 0x6,
    0xff, 0xd2, 0x0, 0x3, 0xef, 0xf4, 0xd, 0xff,
    0x30, 0x0, 0x0, 0x6f, 0xfa, 0xf, 0xfe, 0x0,
    0x0, 0x0, 0xf, 0xfd, 0x1f, 0xfc, 0x0, 0x0,
    0x0, 0xf, 0xff, 0xf, 0xfe, 0x0, 0x0, 0x0,
    0x1f, 0xfd, 0xc, 0xff, 0x40, 0x0, 0x0, 0x6f,
    0xfa, 0x6, 0xff, 0xd2, 0x0, 0x3, 0xff, 0xf4,
    0x0, 0xcf, 0xff, 0xb9, 0xcf, 0xff, 0x90, 0x0,
    0x1b, 0xff, 0xff, 0xff, 0xf9, 0x0, 0x0, 0x0,
    0x5b, 0xef, 0xea, 0x40, 0x0,

    /* U+0230 "Ȱ" */
    0x0, 0x0, 0x3b, 0xbb, 0xbb, 0xbb, 0x70, 0x0,
    0x0, 0x0, 0x0, 0x4f, 0xff, 0xff, 0xff, 0xa0,
    0x0, 0x0, 0x0, 0x0, 0x0, 0x0, 0x0, 0x0,
    0x0, 0x0, 0x0, 0x0, 0x0, 0x0, 0x4, 0xd8,
    0x0, 0x0, 0x0, 0x0, 0x0, 0x0, 0x0, 0xa,
    0xff, 0x0, 0x0, 0x0, 0x0, 0x0, 0x0, 0x0,
    0x5, 0xfa, 0x0, 0x0, 0x0, 0x0, 0x0, 0x0,
    0x0, 0x0, 0x0, 0x0, 0x0, 0x0, 0x0, 0x0,
    0x0, 0x0, 0x0, 0x0, 0x0, 0x0, 0x0, 0x0,
    0x0, 0x0, 0x6, 0xbe, 0xfe, 0xc8, 0x20, 0x0,
    0x0, 0x0, 0x6, 0xef, 0xff, 0xff, 0xff, 0xfa,
    0x0, 0x0, 0x0, 0x8f, 0xff, 0xfe, 0xcd, 0xff,
    0xff, 0xd1, 0x0, 0x6, 0xff, 0xfb, 0x20, 0x0,
    0x7, 0xff, 0xfc, 0x0, 0x1f, 0xff, 0x90, 0x0,
    0x0, 0x0, 0x3f, 0xff, 0x50, 0x7f, 0xfd, 0x0,
    0x0, 0x0, 0x0, 0x7, 0xff, 0xd0, 0xbf, 0xf6,
    0x0, 0x0, 0x0, 0x0, 0x0, 0xff, 0xf1, 0xef,
    0xf2, 0x0, 0x0, 0x0, 0x0, 0x0, 0xcf, 0xf4,
    0xff, 0xf0, 0x0, 0x0, 0x0, 0x0, 0x0, 0xaf,
    0xf5, 0xef, 0xf2, 0x0, 0x0, 0x0, 0x0, 0x0,
    0xcf, 0xf4, 0xbf, 0xf5, 0x0, 0x0, 0x0, 0x0,
    0x0, 0xff, 0xf1, 0x7f, 0xfc, 0x0, 0x0, 0x0,
    0x0, 0x7, 0xff, 0xd0, 0x1f, 0xff, 0x80, 0x0,
    0x0, 0x0, 0x3f, 0xff, 0x60, 0x6, 0xff, 0xfa,
    0x20, 0x0, 0x7, 0xff, 0xfc, 0x0, 0x0, 0x9f,
    0xff, 0xfd, 0xcc, 0xff, 0xff, 0xd1, 0x0, 0x0,
    0x6, 0xff, 0xff, 0xff, 0xff, 0xfa, 0x0, 0x0,
    0x0, 0x0, 0x17, 0xbe, 0xfe, 0xd8, 0x30, 0x0,
    0x0,

    /* U+0231 "ȱ" */
    0x0, 0x6, 0xbb, 0xbb, 0xbb, 0xb3, 0x0, 0x0,
    0x9, 0xff, 0xff, 0xff, 0xf5, 0x0, 0x0, 0x0,
    0x0, 0x0, 0x0, 0x0, 0x0, 0x0, 0x0, 0x0,
    0x9f, 0x50, 0x0, 0x0, 0x0, 0x0, 0x0, 0xff,
    0xb0, 0x0, 0x0, 0x0, 0x0, 0x0, 0x7d, 0x40,
    0x0, 0x0, 0x0, 0x0, 0x0, 0x0, 0x0, 0x0,
    0x0, 0x0, 0x0, 0x0, 0x0, 0x0, 0x0, 0x0,
    0x0, 0x0, 0x5b, 0xef, 0xda, 0x40, 0x0, 0x0,
    0x1b, 0xff, 0xff, 0xff, 0xfa, 0x0, 0x0, 0xcf,
    0xff, 0xb9, 0xbf, 0xff, 0xa0, 0x6, 0xff, 0xd2,
    0x0, 0x3, 0xef, 0xf4, 0xd, 0xff, 0x30, 0x0,
    0x0, 0x6f, 0xfa, 0xf, 0xfe, 0x0, 0x0, 0x0,
    0xf, 0xfd, 0x1f, 0xfc, 0x0, 0x0, 0x0, 0xf,
    0xff, 0xf, 0xfe, 0x0, 0x0, 0x0, 0x1f, 0xfd,
    0xc, 0xff, 0x40, 0x0, 0x0, 0x6f, 0xfa, 0x6,
    0xff, 0xd2, 0x0, 0x3, 0xff, 0xf4, 0x0, 0xcf,
    0xff, 0xb9, 0xcf, 0xff, 0x90, 0x0, 0x1b, 0xff,
    0xff, 0xff, 0xf9, 0x0, 0x0, 0x0, 0x5b, 0xef,
    0xea, 0x40, 0x0,

    /* U+0232 "Ȳ" */
    0x0, 0x0, 0x4c, 0xcc, 0xcc, 0xcc, 0x70, 0x0,
    0x0, 0x0, 0x5, 0xff, 0xff, 0xff, 0xf9, 0x0,
    0x0, 0x0, 0x0, 0x0, 0x0, 0x0, 0x0, 0x0,
    0x0, 0x0, 0x0, 0x0, 0x0, 0x0, 0x0, 0x0,
    0x0, 0x0, 0xe, 0xff, 0x40, 0x0, 0x0, 0x0,
    0xc, 0xff, 0x20, 0x5f, 0xfd, 0x0, 0x0, 0x0,
    0x6, 0xff, 0x80, 0x0, 0xcf, 0xf6, 0x0, 0x0,
    0x0, 0xef, 0xe0, 0x0, 0x3, 0xff, 0xe1, 0x0,
    0x0, 0x8f, 0xf6, 0x0, 0x0, 0xa, 0xff, 0x80,
    0x0, 0x2f, 0xfd, 0x0, 0x0, 0x0, 0x1f, 0xff,
    0x20, 0xb, 0xff, 0x40, 0x0, 0x0, 0x0, 0x7f,
    0xfb, 0x4, 0xff, 0xb0, 0x0, 0x0, 0x0, 0x0,
    0xef, 0xf4, 0xdf, 0xf2, 0x0, 0x0, 0x0, 0x0,
    0x5, 0xff, 0xff, 0xf8, 0x0, 0x0, 0x0, 0x0,
    0x0, 0xc, 0xff, 0xfe, 0x0, 0x0, 0x0, 0x0,
    0x0, 0x0, 0x3f, 0xff, 0x70, 0x0, 0x0, 0x0,
    0x0, 0x0, 0x0, 0xff, 0xf1, 0x0, 0x0, 0x0,
    0x0, 0x0, 0x0, 0xe, 0xff, 0x10, 0x0, 0x0,
    0x0, 0x0, 0x0, 0x0, 0xef, 0xf1, 0x0, 0x0,
    0x0, 0x0, 0x0, 0x0, 0xe, 0xff, 0x10, 0x0,
    0x0, 0x0, 0x0, 0x0, 0x0, 0xef, 0xf1, 0x0,
    0x0, 0x0, 0x0, 0x0, 0x0, 0xe, 0xff, 0x10,
    0x0, 0x0, 0x0,

    /* U+0233 "ȳ" */
    0x0, 0xa, 0xff, 0xff, 0xff, 0xf5, 0x0, 0x0,
    0x0, 0x7c, 0xcc, 0xcc, 0xcc, 0x40, 0x0, 0x0,
    0x0, 0x0, 0x0, 0x0, 0x0, 0x0, 0x0, 0x0,
    0x0, 0x0, 0x0, 0x0, 0x0, 0x0, 0xe, 0xff,
    0x10, 0x0, 0x0, 0x9, 0xff, 0x20, 0x7f, 0xf7,
    0x0, 0x0, 0x0, 0xef, 0xc0, 0x1, 0xff, 0xd0,
    0x0, 0x0, 0x6f, 0xf5, 0x0, 0xa, 0xff, 0x40,
    0x0, 0xc, 0xfe, 0x0, 0x0, 0x4f, 0xfa, 0x0,
    0x2, 0xff, 0x80, 0x0, 0x0, 0xdf, 0xf1, 0x0,
    0x9f, 0xf2, 0x0, 0x0, 0x7, 0xff, 0x70, 0xf,
    0xfb, 0x0, 0x0, 0x0, 0x1f, 0xfd, 0x6, 0xff,
    0x50, 0x0, 0x0, 0x0, 0xaf, 0xf4, 0xcf, 0xe0,
    0x0, 0x0, 0x0, 0x3, 0xff, 0xdf, 0xf8, 0x0,
    0x0, 0x0, 0x0, 0xd, 0xff, 0xff, 0x10, 0x0,
    0x0, 0x0, 0x0, 0x6f, 0xff, 0xb0, 0x0, 0x0,
    0x0, 0x0, 0x0, 0xff, 0xf4, 0x0, 0x0, 0x0,
    0x0, 0x0, 0xf, 0xfe, 0x0, 0x0, 0x0, 0x2,
    0x0, 0x6, 0xff, 0x70, 0x0, 0x0, 0x0, 0xbe,
    0x9a, 0xff, 0xe0, 0x0, 0x0, 0x0, 0x3f, 0xff,
    0xff, 0xf4, 0x0, 0x0, 0x0, 0x0, 0x6c, 0xff,
    0xb3, 0x0, 0x0, 0x0, 0x0,

    /* U+0237 "ȷ" */
    0x0, 0x0, 0xf, 0xfe, 0x0, 0x0, 0xf, 0xfe,
    0x0, 0x0, 0xf, 0xfe, 0x0, 0x0, 0xf, 0xfe,
    0x0, 0x0, 0xf, 0xfe, 0x0, 0x0, 0xf, 0xfe,
    0x0, 0x0, 0xf, 0xfe, 0x0, 0x0, 0xf, 0xfe,
    0x0, 0x0, 0xf, 0xfe, 0x0, 0x0, 0xf, 0xfe,
    0x0, 0x0, 0xf, 0xfe, 0x0, 0x0, 0xf, 0xfe,
    0x0, 0x0, 0xf, 0xfe, 0x0, 0x0, 0xf, 0xfe,
    0x0, 0x0, 0x2f, 0xfc, 0x7, 0xa8, 0xdf, 0xf8,
    0xd, 0xff, 0xff, 0xd1, 0x8, 0xef, 0xea, 0x10,

    /* U+023A "Ⱥ" */
    0x0, 0x0, 0x0, 0x0, 0x0, 0x0, 0x2, 0x86,
    0x0, 0x0, 0x0, 0x0, 0x0, 0x0, 0x0, 0x0,
    0xaf, 0x70, 0x0, 0x0, 0x0, 0x0, 0x1, 0xff,
    0xf3, 0x1f, 0xf1, 0x0, 0x0, 0x0, 0x0, 0x0,
    0x8f, 0xff, 0x98, 0xfa, 0x0, 0x0, 0x0, 0x0,
    0x0, 0xe, 0xff, 0xff, 0xff, 0x40, 0x0, 0x0,
    0x0, 0x0, 0x5, 0xff, 0x9f, 0xff, 0xd0, 0x0,
    0x0, 0x0, 0x0, 0x0, 0xcf, 0xe0, 0xdf, 0xf7,
    0x0, 0x0, 0x0, 0x0, 0x0, 0x3f, 0xf8, 0x9,
    0xff, 0x60, 0x0, 0x0, 0x0, 0x0, 0xa, 0xff,
    0x10, 0xaf, 0xfc, 0x0, 0x0, 0x0, 0x0, 0x1,
    0xff, 0xb0, 0xe, 0xff, 0xf3, 0x0, 0x0, 0x0,
    0x0, 0x7f, 0xf4, 0x6, 0xff, 0xff, 0x90, 0x0,
    0x0, 0x0, 0xe, 0xfe, 0x0, 0xcf, 0x6d, 0xff,
    0x10, 0x0, 0x0, 0x5, 0xff, 0xb4, 0x7f, 0xf4,
    0xaf, 0xf7, 0x0, 0x0, 0x0, 0xcf, 0xff, 0xff,
    0xff, 0xff, 0xff, 0xe0, 0x0, 0x0, 0x3f, 0xff,
    0xff, 0xff, 0xff, 0xff, 0xff, 0x50, 0x0, 0x9,
    0xff, 0x40, 0x7f, 0xb0, 0x0, 0x3f, 0xfc, 0x0,
    0x1, 0xff, 0xd0, 0xd, 0xf5, 0x0, 0x0, 0xcf,
    0xf2, 0x0, 0x7f, 0xf7, 0x4, 0xfe, 0x0, 0x0,
    0x6, 0xff, 0x90, 0xe, 0xff, 0x10, 0xbf, 0x70,
    0x0, 0x0, 0xe, 0xff, 0x10, 0x0, 0x0, 0x1f,
    0xf1, 0x0, 0x0, 0x0, 0x0, 0x0, 0x0, 0x0,
    0x3, 0x86, 0x0, 0x0, 0x0, 0x0, 0x0, 0x0,

    /* U+023B "Ȼ" */
    0x0, 0x0, 0x0, 0x0, 0x0, 0x7, 0xfb, 0x0,
    0x0, 0x0, 0x0, 0x0, 0x0, 0xe, 0xf4, 0x0,
    0x0, 0x0, 0x17, 0xbe, 0xfe, 0xff, 0xf0, 0x0,
    0x0, 0x6, 0xff, 0xff, 0xff, 0xff, 0xf8, 0x0,
    0x0, 0x9f, 0xff, 0xfe, 0xcf, 0xff, 0xff, 0xa0,
    0x6, 0xff, 0xfb, 0x30, 0xa, 0xff, 0xff, 0x50,
    0x1f, 0xff, 0x80, 0x0, 0x1f, 0xf2, 0x34, 0x0,
    0x7f, 0xfc, 0x0, 0x0, 0x7f, 0xb0, 0x0, 0x0,
    0xbf, 0xf5, 0x0, 0x0, 0xef, 0x40, 0x0, 0x0,
    0xef, 0xf2, 0x0, 0x5, 0xfd, 0x0, 0x0, 0x0,
    0xff, 0xf0, 0x0, 0xc, 0xf7, 0x0, 0x0, 0x0,
    0xef, 0xf1, 0x0, 0x3f, 0xf0, 0x0, 0x0, 0x0,
    0xcf, 0xf5, 0x0, 0xaf, 0x90, 0x0, 0x0, 0x0,
    0x7f, 0xfc, 0x1, 0xff, 0x20, 0x0, 0x0, 0x0,
    0x1f, 0xff, 0x88, 0xfb, 0x0, 0x0, 0x34, 0x0,
    0x7, 0xff, 0xff, 0xf4, 0x0, 0x6, 0xff, 0x50,
    0x0, 0x9f, 0xff, 0xfe, 0xcc, 0xff, 0xff, 0xa0,
    0x0, 0x7, 0xff, 0xff, 0xff, 0xff, 0xf8, 0x0,
    0x0, 0x3, 0xff, 0xce, 0xfe, 0xc8, 0x20, 0x0,
    0x0, 0xa, 0xf9, 0x0, 0x0, 0x0, 0x0, 0x0,
    0x0, 0x7, 0x81, 0x0, 0x0, 0x0, 0x0, 0x0,

    /* U+023C "ȼ" */
    0x0, 0x0, 0x0, 0x0, 0x8, 0xf3, 0x0, 0x0,
    0x0, 0x0, 0x0, 0xec, 0x0, 0x0, 0x0, 0x5b,
    0xef, 0xff, 0xb0, 0x0, 0x1, 0xbf, 0xff, 0xff,
    0xff, 0x90, 0x0, 0xcf, 0xff, 0xba, 0xff, 0xff,
    0x70, 0x6f, 0xfd, 0x20, 0x7f, 0x7e, 0xb2, 0xd,
    0xff, 0x30, 0xe, 0xd0, 0x10, 0x0, 0xff, 0xe0,
    0x4, 0xf6, 0x0, 0x0, 0x1f, 0xfc, 0x0, 0xaf,
    0x10, 0x0, 0x0, 0xff, 0xe0, 0x1f, 0xa0, 0x0,
    0x0, 0xc, 0xff, 0x37, 0xf3, 0x0, 0x20, 0x0,
    0x6f, 0xfe, 0xfd, 0x0, 0x3f, 0xc2, 0x0, 0xbf,
    0xff, 0xf9, 0xbf, 0xff, 0x60, 0x1, 0xbf, 0xff,
    0xff, 0xff, 0x90, 0x0, 0x1, 0xff, 0xef, 0xeb,
    0x40, 0x0, 0x0, 0x7f, 0x40, 0x0, 0x0, 0x0,
    0x0, 0x5, 0x70, 0x0, 0x0, 0x0, 0x0,

    /* U+023D "Ƚ" */
    0x0, 0x9f, 0xf6, 0x0, 0x0, 0x0, 0x0, 0x0,
    0x9f, 0xf6, 0x0, 0x0, 0x0, 0x0, 0x0, 0x9f,
    0xf6, 0x0, 0x0, 0x0, 0x0, 0x0, 0x9f, 0xf6,
    0x0, 0x0, 0x0, 0x0, 0x0, 0x9f, 0xf6, 0x0,
    0x0, 0x0, 0x0, 0x0, 0x9f, 0xf6, 0x0, 0x0,
    0x0, 0x0, 0x0, 0x9f, 0xf6, 0x0, 0x0, 0x0,
    0x0, 0xdf, 0xff, 0xff, 0xff, 0xb0, 0x0, 0x0,
    0xdf, 0xff, 0xff, 0xff, 0xb0, 0x0, 0x0, 0x34,
    0xdf, 0xfa, 0x44, 0x30, 0x0, 0x0, 0x0, 0x9f,
    0xf6, 0x0, 0x0, 0x0, 0x0, 0x0, 0x9f, 0xf6,
    0x0, 0x0, 0x0, 0x0, 0x0, 0x9f, 0xf6, 0x0,
    0x0, 0x0, 0x0, 0x0, 0x9f, 0xf6, 0x0, 0x0,
    0x0, 0x0, 0x0, 0x9f, 0xfc, 0xaa, 0xaa, 0xaa,
    0xa8, 0x0, 0x9f, 0xff, 0xff, 0xff, 0xff, 0xfc,
    0x0, 0x9f, 0xff, 0xff, 0xff, 0xff, 0xfc,

    /* U+023E "Ⱦ" */
    0x0, 0x0, 0x0, 0x0, 0x0, 0x7, 0x80, 0x0,
    0x0, 0x0, 0x0, 0x0, 0x5f, 0xc0, 0xef, 0xff,
    0xff, 0xff, 0xff, 0xff, 0xfa, 0xef, 0xff, 0xff,
    0xff, 0xff, 0xff, 0xfa, 0x9a, 0xaa, 0xad, 0xff,
    0xbf, 0xff, 0xa6, 0x0, 0x0, 0x8, 0xff, 0x6f,
    0xf1, 0x0, 0x0, 0x0, 0x8, 0xff, 0xdf, 0x90,
    0x0, 0x0, 0x0, 0x8, 0xff, 0xff, 0x20, 0x0,
    0x0, 0x0, 0x8, 0xff, 0xfb, 0x0, 0x0, 0x0,
    0x0, 0x8, 0xff, 0xf4, 0x0, 0x0, 0x0, 0x0,
    0x8, 0xff, 0xf0, 0x0, 0x0, 0x0, 0x0, 0x8,
    0xff, 0xb0, 0x0, 0x0, 0x0, 0x0, 0xb, 0xff,
    0x50, 0x0, 0x0, 0x0, 0x0, 0xf, 0xff, 0x40,
    0x0, 0x0, 0x0, 0x0, 0xf, 0xff, 0x40, 0x0,
    0x0, 0x0, 0x0, 0x7f, 0xff, 0x40, 0x0, 0x0,
    0x0, 0x0, 0xdf, 0xff, 0x40, 0x0, 0x0, 0x0,
    0x5, 0xff, 0xff, 0x40, 0x0, 0x0, 0x0, 0xc,
    0xfe, 0xff, 0x40, 0x0, 0x0, 0x0, 0x3f, 0xe0,
    0x0, 0x0, 0x0, 0x0, 0x0, 0x48, 0x40, 0x0,
    0x0, 0x0, 0x0,

    /* U+0241 "Ɂ" */
    0x0, 0x3, 0x9d, 0xff, 0xeb, 0x60, 0x0, 0x0,
    0x1b, 0xff, 0xff, 0xff, 0xff, 0xe3, 0x0, 0x1e,
    0xff, 0xfe, 0xca, 0xdf, 0xff, 0xf3, 0x6, 0xff,
    0xe5, 0x0, 0x0, 0x2d, 0xff, 0xb0, 0x4, 0xc1,
    0x0, 0x0, 0x0, 0x1f, 0xff, 0x0, 0x0, 0x0,
    0x0, 0x0, 0x0, 0xef, 0xf1, 0x0, 0x0, 0x0,
    0x0, 0x0, 0x2f, 0xff, 0x0, 0x0, 0x0, 0x0,
    0x0, 0x2d, 0xff, 0x90, 0x0, 0x0, 0x0, 0x0,
    0x6f, 0xff, 0xd1, 0x0, 0x0, 0x0, 0x1, 0xbf,
    0xff, 0xa0, 0x0, 0x0, 0x0, 0x0, 0xbf, 0xff,
    0x60, 0x0, 0x0, 0x0, 0x0, 0x4f, 0xff, 0x40,
    0x0, 0x0, 0x0, 0x0, 0x7, 0xff, 0x90, 0x0,
    0x0, 0x0, 0x0, 0x0, 0x8f, 0xf7, 0x0, 0x0,
    0x0, 0x0, 0x0, 0x8, 0xff, 0x70, 0x0, 0x0,
    0x0, 0x0, 0x0, 0x8f, 0xf7, 0x0, 0x0, 0x0,
    0x0, 0x0, 0x8, 0xff, 0x70, 0x0, 0x0, 0x0,

    /* U+0242 "ɂ" */
    0x0, 0x5, 0xae, 0xfe, 0xc7, 0x0, 0x0, 0x2c,
    0xff, 0xff, 0xff, 0xfe, 0x20, 0x1e, 0xff, 0xfc,
    0xac, 0xff, 0xfd, 0x0, 0xaf, 0xb1, 0x0, 0x4,
    0xff, 0xf4, 0x0, 0x40, 0x0, 0x0, 0xa, 0xff,
    0x60, 0x0, 0x0, 0x0, 0x0, 0xaf, 0xf5, 0x0,
    0x0, 0x0, 0x0, 0x3f, 0xff, 0x10, 0x0, 0x0,
    0x0, 0x3e, 0xff, 0x60, 0x0, 0x0, 0x0, 0x2e,
    0xff, 0x70, 0x0, 0x0, 0x0, 0xb, 0xff, 0x90,
    0x0, 0x0, 0x0, 0x2, 0xff, 0xe0, 0x0, 0x0,
    0x0, 0x0, 0x5f, 0xf8, 0x0, 0x0, 0x0, 0x0,
    0x6, 0xff, 0x70, 0x0, 0x0,

    /* U+0243 "Ƀ" */
    0x0, 0x6f, 0xff, 0xff, 0xff, 0xfe, 0xb6, 0x0,
    0x0, 0x6, 0xff, 0xff, 0xff, 0xff, 0xff, 0xfc,
    0x0, 0x0, 0x6f, 0xfc, 0x77, 0x77, 0x8b, 0xff,
    0xf9, 0x0, 0x6, 0xff, 0x90, 0x0, 0x0, 0x5,
    0xff, 0xf0, 0x0, 0x6f, 0xf9, 0x0, 0x0, 0x0,
    0xf, 0xff, 0x10, 0x6, 0xff, 0x90, 0x0, 0x0,
    0x1, 0xff, 0xf0, 0x0, 0x6f, 0xf9, 0x0, 0x0,
    0x14, 0xcf, 0xfa, 0x0, 0x6, 0xff, 0xff, 0xff,
    0xff, 0xff, 0xfe, 0x10, 0x0, 0x6f, 0xff, 0xff,
    0xff, 0xff, 0xff, 0x80, 0x0, 0x6, 0xff, 0xd5,
    0x55, 0x56, 0x7c, 0xff, 0xc0, 0x0, 0x6f, 0xf9,
    0x0, 0x0, 0x0, 0xa, 0xff, 0x79, 0xff, 0xff,
    0xff, 0xfe, 0x0, 0x0, 0x3f, 0xfc, 0x9f, 0xff,
    0xff, 0xff, 0xe0, 0x0, 0x3, 0xff, 0xe1, 0x28,
    0xff, 0xc2, 0x22, 0x0, 0x0, 0xaf, 0xfc, 0x0,
    0x6f, 0xfc, 0x77, 0x77, 0x78, 0xdf, 0xff, 0x60,
    0x6, 0xff, 0xff, 0xff, 0xff, 0xff, 0xff, 0x90,
    0x0, 0x6f, 0xff, 0xff, 0xff, 0xff, 0xda, 0x30,
    0x0,

    /* U+0244 "Ʉ" */
    0x0, 0xf, 0xff, 0x0, 0x0, 0x0, 0x0, 0xdf,
    0xf1, 0x0, 0x0, 0xf, 0xff, 0x0, 0x0, 0x0,
    0x0, 0xdf, 0xf1, 0x0, 0x0, 0xf, 0xff, 0x0,
    0x0, 0x0, 0x0, 0xdf, 0xf1, 0x0, 0x0, 0xf,
    0xff, 0x0, 0x0, 0x0, 0x0, 0xdf, 0xf1, 0x0,
    0x0, 0xf, 0xff, 0x0, 0x0, 0x0, 0x0, 0xdf,
    0xf1, 0x0, 0x0, 0xf, 0xff, 0x0, 0x0, 0x0,
    0x0, 0xdf, 0xf1, 0x0, 0x0, 0xf, 0xff, 0x0,
    0x0, 0x0, 0x0, 0xdf, 0xf1, 0x0, 0x3f, 0xff,
    0xff, 0xff, 0xff, 0xff, 0xff, 0xff, 0xff, 0xf5,
    0x3f, 0xff, 0xff, 0xff, 0xff, 0xff, 0xff, 0xff,
    0xff, 0xf5, 0x4, 0x4f, 0xff, 0x44, 0x44, 0x44,
    0x44, 0xff, 0xf5, 0x41, 0x0, 0xe, 0xff, 0x10,
    0x0, 0x0, 0x0, 0xef, 0xf0, 0x0, 0x0, 0xc,
    0xff, 0x40, 0x0, 0x0, 0x1, 0xff, 0xe0, 0x0,
    0x0, 0x8, 0xff, 0xb0, 0x0, 0x0, 0x8, 0xff,
    0xa0, 0x0, 0x0, 0x2, 0xff, 0xf8, 0x0, 0x0,
    0x6f, 0xff, 0x40, 0x0, 0x0, 0x0, 0x8f, 0xff,
    0xfc, 0xce, 0xff, 0xfa, 0x0, 0x0, 0x0, 0x0,
    0x9, 0xff, 0xff, 0xff, 0xff, 0xa0, 0x0, 0x0,
    0x0, 0x0, 0x0, 0x39, 0xdf, 0xfe, 0xa4, 0x0,
    0x0, 0x0,

    /* U+0245 "Ʌ" */
    0x0, 0x0, 0x0, 0x4, 0xff, 0xf1, 0x0, 0x0,
    0x0, 0x0, 0x0, 0x0, 0xb, 0xff, 0xf7, 0x0,
    0x0, 0x0, 0x0, 0x0, 0x0, 0x2f, 0xff, 0xfd,
    0x0, 0x0, 0x0, 0x0, 0x0, 0x0, 0x8f, 0xff,
    0xff, 0x40, 0x0, 0x0, 0x0, 0x0, 0x0, 0xef,
    0xf8, 0xff, 0xb0, 0x0, 0x0, 0x0, 0x0, 0x5,
    0xff, 0x91, 0xff, 0xf2, 0x0, 0x0, 0x0, 0x0,
    0xc, 0xff, 0x30, 0xaf, 0xf8, 0x0, 0x0, 0x0,
    0x0, 0x3f, 0xfc, 0x0, 0x3f, 0xfe, 0x0, 0x0,
    0x0, 0x0, 0x9f, 0xf5, 0x0, 0xd, 0xff, 0x50,
    0x0, 0x0, 0x0, 0xff, 0xe0, 0x0, 0x6, 0xff,
    0xc0, 0x0, 0x0, 0x6, 0xff, 0x80, 0x0, 0x0,
    0xff, 0xf2, 0x0, 0x0, 0xd, 0xff, 0x20, 0x0,
    0x0, 0x9f, 0xf9, 0x0, 0x0, 0x4f, 0xfb, 0x0,
    0x0, 0x0, 0x3f, 0xff, 0x0, 0x0, 0xaf, 0xf4,
    0x0, 0x0, 0x0, 0xc, 0xff, 0x60, 0x1, 0xff,
    0xe0, 0x0, 0x0, 0x0, 0x6, 0xff, 0xd0, 0x7,
    0xff, 0x70, 0x0, 0x0, 0x0, 0x0, 0xef, 0xf4,
    0xe, 0xff, 0x10, 0x0, 0x0, 0x0, 0x0, 0x9f,
    0xfa,

    /* U+0246 "Ɇ" */
    0x0, 0x0, 0x0, 0x0, 0x1, 0x87, 0x0, 0x0,
    0x0, 0x0, 0x0, 0x7f, 0xb0, 0xdf, 0xff, 0xff,
    0xff, 0xff, 0xff, 0xd, 0xff, 0xff, 0xff, 0xff,
    0xff, 0xe0, 0xdf, 0xfa, 0xaa, 0xaa, 0xff, 0xf9,
    0xd, 0xff, 0x20, 0x0, 0x3f, 0xe0, 0x0, 0xdf,
    0xf2, 0x0, 0xa, 0xf8, 0x0, 0xd, 0xff, 0x20,
    0x1, 0xff, 0x10, 0x0, 0xdf, 0xf2, 0x0, 0x8f,
    0xa0, 0x0, 0xd, 0xff, 0xff, 0xff, 0xff, 0xfe,
    0x0, 0xdf, 0xff, 0xff, 0xff, 0xff, 0xe0, 0xd,
    0xff, 0xb9, 0xff, 0xe9, 0x98, 0x0, 0xdf, 0xf2,
    0x4f, 0xe0, 0x0, 0x0, 0xd, 0xff, 0x2a, 0xf7,
    0x0, 0x0, 0x0, 0xdf, 0xf4, 0xff, 0x10, 0x0,
    0x0, 0xd, 0xff, 0xbf, 0x90, 0x0, 0x0, 0x0,
    0xdf, 0xff, 0xfc, 0xaa, 0xaa, 0xaa, 0x2d, 0xff,
    0xff, 0xff, 0xff, 0xff, 0xf3, 0xdf, 0xff, 0xff,
    0xff, 0xff, 0xff, 0x30, 0x4f, 0xd0, 0x0, 0x0,
    0x0, 0x0, 0x5, 0x84, 0x0, 0x0, 0x0, 0x0,
    0x0,

    /* U+0247 "ɇ" */
    0x0, 0x0, 0x0, 0x0, 0x9, 0xf2, 0x0, 0x0,
    0x0, 0x0, 0x0, 0xf, 0xb0, 0x0, 0x0, 0x0,
    0x6c, 0xef, 0xff, 0x80, 0x0, 0x0, 0x1c, 0xff,
    0xff, 0xff, 0xf6, 0x0, 0x0, 0xdf, 0xfd, 0x89,
    0xff, 0xff, 0x40, 0x7, 0xff, 0xa0, 0x9, 0xf5,
    0xff, 0xd0, 0xd, 0xff, 0x0, 0xe, 0xc0, 0x7f,
    0xf3, 0xf, 0xff, 0xff, 0xff, 0xff, 0xff, 0xf5,
    0x1f, 0xff, 0xff, 0xff, 0xff, 0xff, 0xf6, 0xf,
    0xfc, 0x2, 0xf9, 0x0, 0x0, 0x0, 0xd, 0xff,
    0x28, 0xf2, 0x0, 0x0, 0x0, 0x6, 0xff, 0xdf,
    0xc0, 0x0, 0x98, 0x0, 0x0, 0xcf, 0xff, 0xf9,
    0xae, 0xff, 0x40, 0x0, 0x1b, 0xff, 0xff, 0xff,
    0xfd, 0x10, 0x0, 0x2, 0xff, 0xef, 0xec, 0x60,
    0x0, 0x0, 0x8, 0xf3, 0x0, 0x0, 0x0, 0x0,
    0x0, 0x6, 0x70, 0x0, 0x0, 0x0, 0x0,

    /* U+0248 "Ɉ" */
    0x0, 0xaf, 0xff, 0xff, 0xff, 0xf1, 0x0, 0x0,
    0xaf, 0xff, 0xff, 0xff, 0xf1, 0x0, 0x0, 0x6a,
    0xaa, 0xaa, 0xff, 0xf1, 0x0, 0x0, 0x0, 0x0,
    0x0, 0xef, 0xf1, 0x0, 0x0, 0x0, 0x0, 0x0,
    0xef, 0xf1, 0x0, 0x0, 0x0, 0x0, 0x0, 0xef,
    0xf1, 0x0, 0x0, 0x0, 0x0, 0x0, 0xef, 0xf1,
    0x0, 0x0, 0x0, 0x3f, 0xff, 0xff, 0xff, 0xf5,
    0x0, 0x0, 0x3f, 0xff, 0xff, 0xff, 0xf5, 0x0,
    0x0, 0x4, 0x44, 0xff, 0xf6, 0x41, 0x0, 0x0,
    0x0, 0x0, 0xef, 0xf1, 0x0, 0x0, 0x0, 0x0,
    0x0, 0xef, 0xf1, 0x0, 0x0, 0x40, 0x0, 0x1,
    0xff, 0xf0, 0x0, 0x7, 0xf6, 0x0, 0x8, 0xff,
    0xc0, 0x0, 0x1f, 0xff, 0xda, 0xdf, 0xff, 0x60,
    0x0, 0x6, 0xff, 0xff, 0xff, 0xfa, 0x0, 0x0,
    0x0, 0x29, 0xdf, 0xfc, 0x60, 0x0, 0x0,

    /* U+0249 "ɉ" */
    0x0, 0x0, 0x6, 0x60, 0x0, 0x0, 0x0, 0xaf,
    0xf9, 0x0, 0x0, 0x0, 0xdf, 0xfc, 0x0, 0x0,
    0x0, 0x5f, 0xf4, 0x0, 0x0, 0x0, 0x0, 0x0,
    0x0, 0x0, 0x0, 0x0, 0x0, 0x0, 0x0, 0x0,
    0x7f, 0xf6, 0x0, 0x0, 0x0, 0x7f, 0xf6, 0x0,
    0x0, 0x0, 0x7f, 0xf6, 0x0, 0x0, 0x0, 0x7f,
    0xf6, 0x0, 0x0, 0x0, 0x7f, 0xf6, 0x0, 0x0,
    0x0, 0x7f, 0xf6, 0x0, 0x0, 0xcf, 0xff, 0xff,
    0xf8, 0x0, 0xcf, 0xff, 0xff, 0xf7, 0x0, 0x0,
    0x7f, 0xf6, 0x0, 0x0, 0x0, 0x7f, 0xf6, 0x0,
    0x0, 0x0, 0x7f, 0xf6, 0x0, 0x0, 0x0, 0x7f,
    0xf6, 0x0, 0x0, 0x0, 0x7f, 0xf6, 0x0, 0x0,
    0x0, 0x7f, 0xf6, 0x0, 0x0, 0x0, 0xaf, 0xf4,
    0x0, 0xc, 0x8a, 0xff, 0xf0, 0x0, 0x5f, 0xff,
    0xff, 0x70, 0x0, 0x3c, 0xef, 0xc5, 0x0, 0x0,

    /* U+024A "Ɋ" */
    0x0, 0x0, 0x17, 0xce, 0xfe, 0xb5, 0x0, 0xcf,
    0xf3, 0x0, 0x0, 0x0, 0x7f, 0xff, 0xff, 0xff,
    0xfd, 0x2c, 0xff, 0x30, 0x0, 0x0, 0x9f, 0xff,
    0xfe, 0xcd, 0xff, 0xff, 0xff, 0xf3, 0x0, 0x0,
    0x7f, 0xff, 0xa2, 0x0, 0x0, 0x7f, 0xff, 0xff,
    0x30, 0x0, 0x1f, 0xff, 0x80, 0x0, 0x0, 0x0,
    0x3f, 0xff, 0xf3, 0x0, 0x7, 0xff, 0xc0, 0x0,
    0x0, 0x0, 0x0, 0x7f, 0xff, 0x30, 0x0, 0xbf,
    0xf5, 0x0, 0x0, 0x0, 0x0, 0x0, 0xff, 0xf3,
    0x0, 0xe, 0xff, 0x20, 0x0, 0x0, 0x0, 0x0,
    0xf, 0xff, 0x30, 0x0, 0xff, 0xf0, 0x0, 0x0,
    0x0, 0x0, 0x0, 0xff, 0xf3, 0x0, 0xe, 0xff,
    0x10, 0x0, 0x0, 0x0, 0x0, 0xf, 0xff, 0x30,
    0x0, 0xcf, 0xf5, 0x0, 0x0, 0x0, 0x0, 0x0,
    0xff, 0xf3, 0x0, 0x7, 0xff, 0xc0, 0x0, 0x0,
    0x0, 0x0, 0x7f, 0xff, 0x30, 0x0, 0x1f, 0xff,
    0x80, 0x0, 0x0, 0x0, 0x3f, 0xff, 0xf3, 0x0,
    0x0, 0x7f, 0xff, 0xa2, 0x0, 0x0, 0x7f, 0xff,
    0xff, 0x30, 0x0, 0x0, 0x9f, 0xff, 0xfd, 0xcc,
    0xff, 0xff, 0xff, 0xf3, 0x0, 0x0, 0x0, 0x7f,
    0xff, 0xff, 0xff, 0xfd, 0x2c, 0xff, 0x30, 0x0,
    0x0, 0x0, 0x18, 0xce, 0xfe, 0xb6, 0x0, 0xcf,
    0xf3, 0x0, 0x0, 0x0, 0x0, 0x0, 0x0, 0x0,
    0x0, 0xc, 0xff, 0x30, 0x0, 0x0, 0x0, 0x0,
    0x0, 0x0, 0x0, 0x0, 0xaf, 0xf9, 0x0, 0x0,
    0x0, 0x0, 0x0, 0x0, 0x0, 0x0, 0x6, 0xff,
    0xfe, 0xb0, 0x0, 0x0, 0x0, 0x0, 0x0, 0x0,
    0x0, 0xc, 0xff, 0xff, 0x10, 0x0, 0x0, 0x0,
    0x0, 0x0, 0x0, 0x0, 0x9, 0xef, 0xd3,

    /* U+024B "ɋ" */
    0x0, 0x0, 0x6c, 0xef, 0xc7, 0xd, 0xfe, 0x0,
    0x0, 0x2, 0xdf, 0xff, 0xff, 0xfc, 0xef, 0xe0,
    0x0, 0x0, 0xdf, 0xff, 0xa9, 0xbf, 0xff, 0xfe,
    0x0, 0x0, 0x7f, 0xfd, 0x20, 0x0, 0x3f, 0xff,
    0xe0, 0x0, 0xd, 0xff, 0x30, 0x0, 0x0, 0x6f,
    0xfe, 0x0, 0x0, 0xff, 0xe0, 0x0, 0x0, 0x0,
    0xff, 0xe0, 0x0, 0x1f, 0xfc, 0x0, 0x0, 0x0,
    0xf, 0xfe, 0x0, 0x0, 0xff, 0xe0, 0x0, 0x0,
    0x1, 0xff, 0xe0, 0x0, 0xd, 0xff, 0x40, 0x0,
    0x0, 0x6f, 0xfe, 0x0, 0x0, 0x7f, 0xfd, 0x20,
    0x0, 0x3f, 0xff, 0xe0, 0x0, 0x0, 0xdf, 0xff,
    0xb9, 0xcf, 0xff, 0xfe, 0x0, 0x0, 0x2, 0xdf,
    0xff, 0xff, 0xfb, 0xff, 0xe0, 0x0, 0x0, 0x0,
    0x6c, 0xef, 0xc6, 0xf, 0xfe, 0x0, 0x0, 0x0,
    0x0, 0x0, 0x0, 0x0, 0xff, 0xe0, 0x0, 0x0,
    0x0, 0x0, 0x0, 0x0, 0xe, 0xff, 0x10, 0x0,
    0x0, 0x0, 0x0, 0x0, 0x0, 0xaf, 0xfe, 0x95,
    0x0, 0x0, 0x0, 0x0, 0x0, 0x2, 0xff, 0xff,
    0xa0, 0x0, 0x0, 0x0, 0x0, 0x0, 0x2, 0xae,
    0xfa,

    /* U+024C "Ɍ" */
    0x0, 0xd, 0xff, 0xff, 0xff, 0xfd, 0x93, 0x0,
    0x0, 0x0, 0xdf, 0xff, 0xff, 0xff, 0xff, 0xf9,
    0x0, 0x0, 0xd, 0xff, 0xca, 0xaa, 0xce, 0xff,
    0xf9, 0x0, 0x0, 0xdf, 0xf2, 0x0, 0x0, 0x8,
    0xff, 0xf2, 0x0, 0xd, 0xff, 0x20, 0x0, 0x0,
    0xb, 0xff, 0x70, 0x0, 0xdf, 0xf2, 0x0, 0x0,
    0x0, 0x7f, 0xf9, 0x0, 0xd, 0xff, 0x20, 0x0,
    0x0, 0x7, 0xff, 0x90, 0x0, 0xdf, 0xf2, 0x0,
    0x0, 0x0, 0xbf, 0xf7, 0x0, 0xd, 0xff, 0x20,
    0x0, 0x0, 0x7f, 0xff, 0x20, 0x99, 0xff, 0xff,
    0xff, 0x9a, 0xef, 0xff, 0x90, 0xf, 0xff, 0xff,
    0xff, 0xff, 0xff, 0xff, 0x90, 0x0, 0xbb, 0xff,
    0xff, 0xff, 0xff, 0xff, 0x80, 0x0, 0x0, 0xd,
    0xff, 0x20, 0x0, 0x4f, 0xfe, 0x0, 0x0, 0x0,
    0xdf, 0xf2, 0x0, 0x0, 0x9f, 0xf9, 0x0, 0x0,
    0xd, 0xff, 0x20, 0x0, 0x0, 0xef, 0xf4, 0x0,
    0x0, 0xdf, 0xf2, 0x0, 0x0, 0x4, 0xff, 0xe0,
    0x0, 0xd, 0xff, 0x20, 0x0, 0x0, 0xa, 0xff,
    0x90,

    /* U+024D "ɍ" */
    0x0, 0x9f, 0xf2, 0x4a, 0xe8, 0x0, 0x9f, 0xf9,
    0xff, 0xf8, 0x0, 0x9f, 0xff, 0xfe, 0xb6, 0x0,
    0x9f, 0xff, 0x80, 0x0, 0x0, 0x9f, 0xfc, 0x0,
    0x0, 0x0, 0x9f, 0xf7, 0x0, 0x0, 0xaf, 0xff,
    0xff, 0xfa, 0x0, 0x9f, 0xff, 0xff, 0xf9, 0x0,
    0x0, 0x9f, 0xf5, 0x0, 0x0, 0x0, 0x9f, 0xf5,
    0x0, 0x0, 0x0, 0x9f, 0xf5, 0x0, 0x0, 0x0,
    0x9f, 0xf5, 0x0, 0x0, 0x0, 0x9f, 0xf5, 0x0,
    0x0,

    /* U+024E "Ɏ" */
    0xe, 0xff, 0x30, 0x0, 0x0, 0x0, 0xb, 0xff,
    0x20, 0x6f, 0xfb, 0x0, 0x0, 0x0, 0x4, 0xff,
    0x90, 0x15, 0xff, 0xf9, 0x55, 0x55, 0x55, 0xff,
    0xf6, 0x23, 0xff, 0xff, 0xff, 0xff, 0xff, 0xff,
    0xff, 0xf6, 0x3f, 0xff, 0xff, 0xff, 0xff, 0xff,
    0xff, 0xff, 0x60, 0x0, 0x3f, 0xfd, 0x0, 0x7,
    0xff, 0x60, 0x0, 0x0, 0x0, 0xaf, 0xf6, 0x0,
    0xef, 0xd0, 0x0, 0x0, 0x0, 0x2, 0xff, 0xe0,
    0x8f, 0xf4, 0x0, 0x0, 0x0, 0x0, 0x8, 0xff,
    0x9f, 0xfb, 0x0, 0x0, 0x0, 0x0, 0x0, 0x1e,
    0xff, 0xff, 0x30, 0x0, 0x0, 0x0, 0x0, 0x0,
    0x7f, 0xff, 0xa0, 0x0, 0x0, 0x0, 0x0, 0x0,
    0x0, 0xff, 0xf3, 0x0, 0x0, 0x0, 0x0, 0x0,
    0x0, 0xe, 0xff, 0x10, 0x0, 0x0, 0x0, 0x0,
    0x0, 0x0, 0xef, 0xf1, 0x0, 0x0, 0x0, 0x0,
    0x0, 0x0, 0xe, 0xff, 0x10, 0x0, 0x0, 0x0,
    0x0, 0x0, 0x0, 0xef, 0xf1, 0x0, 0x0, 0x0,
    0x0, 0x0, 0x0, 0xe, 0xff, 0x10, 0x0, 0x0,
    0x0,

    /* U+024F "ɏ" */
    0xc, 0xff, 0x20, 0x0, 0x0, 0x6, 0xff, 0x40,
    0x6f, 0xf8, 0x0, 0x0, 0x0, 0xcf, 0xe0, 0x0,
    0xef, 0xe0, 0x0, 0x0, 0x3f, 0xf7, 0x0, 0x8,
    0xff, 0x40, 0x0, 0x9, 0xff, 0x10, 0x0, 0x2f,
    0xfa, 0x0, 0x0, 0xef, 0xa0, 0x0, 0x9f, 0xff,
    0xff, 0xff, 0xff, 0xff, 0xf2, 0x9, 0xff, 0xff,
    0xff, 0xff, 0xff, 0xff, 0x20, 0x0, 0xe, 0xfc,
    0x1, 0xff, 0x70, 0x0, 0x0, 0x0, 0x7f, 0xf3,
    0x7f, 0xf1, 0x0, 0x0, 0x0, 0x1, 0xff, 0x9d,
    0xfa, 0x0, 0x0, 0x0, 0x0, 0xa, 0xff, 0xff,
    0x30, 0x0, 0x0, 0x0, 0x0, 0x4f, 0xff, 0xd0,
    0x0, 0x0, 0x0, 0x0, 0x0, 0xff, 0xf6, 0x0,
    0x0, 0x0, 0x0, 0x0, 0xf, 0xff, 0x0, 0x0,
    0x0, 0x1, 0x10, 0x5, 0xff, 0x90, 0x0, 0x0,
    0x0, 0x9e, 0x99, 0xff, 0xf1, 0x0, 0x0, 0x0,
    0x1f, 0xff, 0xff, 0xf5, 0x0, 0x0, 0x0, 0x0,
    0x5c, 0xff, 0xc4, 0x0, 0x0, 0x0, 0x0,

    /* U+0394 "Δ" */
    0x0, 0x0, 0x0, 0x1, 0xff, 0xf4, 0x0, 0x0,
    0x0, 0x0, 0x0, 0x0, 0x0, 0x8f, 0xff, 0xc0,
    0x0, 0x0, 0x0, 0x0, 0x0, 0x0, 0xf, 0xff,
    0xff, 0x30, 0x0, 0x0, 0x0, 0x0, 0x0, 0x7,
    0xff, 0x8f, 0xfa, 0x0, 0x0, 0x0, 0x0, 0x0,
    0x0, 0xef, 0xe0, 0xbf, 0xf2, 0x0, 0x0, 0x0,
    0x0, 0x0, 0x5f, 0xf7, 0x4, 0xff, 0x90, 0x0,
    0x0, 0x0, 0x0, 0xd, 0xff, 0x10, 0xd, 0xff,
    0x10, 0x0, 0x0, 0x0, 0x4, 0xff, 0x90, 0x0,
    0x7f, 0xf7, 0x0, 0x0, 0x0, 0x0, 0xbf, 0xf2,
    0x0, 0x0, 0xff, 0xe0, 0x0, 0x0, 0x0, 0x2f,
    0xfb, 0x0, 0x0, 0x9, 0xff, 0x60, 0x0, 0x0,
    0xa, 0xff, 0x40, 0x0, 0x0, 0x2f, 0xfd, 0x0,
    0x0, 0x1, 0xff, 0xd0, 0x0, 0x0, 0x0, 0xbf,
    0xf4, 0x0, 0x0, 0x8f, 0xf6, 0x0, 0x0, 0x0,
    0x4, 0xff, 0xc0, 0x0, 0xe, 0xff, 0x87, 0x77,
    0x77, 0x77, 0x7f, 0xff, 0x30, 0x6, 0xff, 0xff,
    0xff, 0xff, 0xff, 0xff, 0xff, 0xfa, 0x0, 0xdf,
    0xff, 0xff, 0xff, 0xff, 0xff, 0xff, 0xff, 0xf2,

    /* U+039B "Λ" */
    0x0, 0x0, 0x0, 0x5, 0xff, 0xf1, 0x0, 0x0,
    0x0, 0x0, 0x0, 0x0, 0xc, 0xff, 0xf8, 0x0,
    0x0, 0x0, 0x0, 0x0, 0x0, 0x3f, 0xff, 0xfe,
    0x0, 0x0, 0x0, 0x0, 0x0, 0x0, 0xaf, 0xff,
    0xff, 0x60, 0x0, 0x0, 0x0, 0x0, 0x1, 0xff,
    0xe6, 0xff, 0xd0, 0x0, 0x0, 0x0, 0x0, 0x8,
    0xff, 0x70, 0xef, 0xf4, 0x0, 0x0, 0x0, 0x0,
    0xe, 0xff, 0x10, 0x7f, 0xfb, 0x0, 0x0, 0x0,
    0x0, 0x6f, 0xf9, 0x0, 0x1f, 0xff, 0x20, 0x0,
    0x0, 0x0, 0xdf, 0xf2, 0x0, 0x9, 0xff, 0x90,
    0x0, 0x0, 0x4, 0xff, 0xb0, 0x0, 0x2, 0xff,
    0xf1, 0x0, 0x0, 0xb, 0xff, 0x40, 0x0, 0x0,
    0xcf, 0xf7, 0x0, 0x0, 0x2f, 0xfd, 0x0, 0x0,
    0x0, 0x5f, 0xfe, 0x0, 0x0, 0x9f, 0xf6, 0x0,
    0x0, 0x0, 0xd, 0xff, 0x50, 0x0, 0xff, 0xe0,
    0x0, 0x0, 0x0, 0x7, 0xff, 0xc0, 0x7, 0xff,
    0x80, 0x0, 0x0, 0x0, 0x0, 0xff, 0xf3, 0xe,
    0xff, 0x10, 0x0, 0x0, 0x0, 0x0, 0x9f, 0xfa,

    /* U+03A7 "Χ" */
    0x7, 0xdf, 0xd6, 0x0, 0x0, 0x0, 0x8, 0xff,
    0xa0, 0x0, 0x9f, 0xff, 0xff, 0x70, 0x0, 0x0,
    0x2f, 0xfe, 0x10, 0x0, 0x1c, 0x96, 0xef, 0xf2,
    0x0, 0x0, 0xbf, 0xf6, 0x0, 0x0, 0x0, 0x0,
    0x5f, 0xfa, 0x0, 0x4, 0xff, 0xc0, 0x0, 0x0,
    0x0, 0x0, 0xd, 0xff, 0x20, 0xd, 0xff, 0x30,
    0x0, 0x0, 0x0, 0x0, 0x4, 0xff, 0xa0, 0x7f,
    0xf9, 0x0, 0x0, 0x0, 0x0, 0x0, 0x0, 0xcf,
    0xf4, 0xef, 0xe0, 0x0, 0x0, 0x0, 0x0, 0x0,
    0x0, 0x3f, 0xff, 0xff, 0x50, 0x0, 0x0, 0x0,
    0x0, 0x0, 0x0, 0xb, 0xff, 0xfb, 0x0, 0x0,
    0x0, 0x0, 0x0, 0x0, 0x0, 0x5, 0xff, 0xf2,
    0x0, 0x0, 0x0, 0x0, 0x0, 0x0, 0x0, 0xb,
    0xff, 0xf6, 0x0, 0x0, 0x0, 0x0, 0x0, 0x0,
    0x0, 0x5f, 0xff, 0xfe, 0x0, 0x0, 0x0, 0x0,
    0x0, 0x0, 0x0, 0xdf, 0xf7, 0xff, 0x80, 0x0,
    0x0, 0x0, 0x0, 0x0, 0x7, 0xff, 0x70, 0xdf,
    0xf1, 0x0, 0x0, 0x0, 0x0, 0x0, 0x1f, 0xfe,
    0x0, 0x6f, 0xf9, 0x0, 0x0, 0x0, 0x0, 0x0,
    0xaf, 0xf5, 0x0, 0xd, 0xff, 0x10, 0x0, 0x0,
    0x0, 0x3, 0xff, 0xc0, 0x0, 0x6, 0xff, 0xa0,
    0x0, 0x0, 0x0, 0xd, 0xff, 0x40, 0x0, 0x0,
    0xdf, 0xf8, 0x6e, 0x50, 0x0, 0x6f, 0xfb, 0x0,
    0x0, 0x0, 0x3f, 0xff, 0xff, 0xe0, 0x1, 0xef,
    0xf2, 0x0, 0x0, 0x0, 0x3, 0xbf, 0xe9, 0x10,

    /* U+03A9 "Ω" */
    0x0, 0x0, 0x2, 0x8c, 0xef, 0xec, 0x93, 0x0,
    0x0, 0x0, 0x0, 0x9, 0xff, 0xff, 0xff, 0xff,
    0xfb, 0x10, 0x0, 0x0, 0xc, 0xff, 0xfe, 0xa9,
    0xad, 0xff, 0xfe, 0x20, 0x0, 0xb, 0xff, 0xe5,
    0x0, 0x0, 0x4, 0xdf, 0xfd, 0x0, 0x4, 0xff,
    0xf3, 0x0, 0x0, 0x0, 0x1, 0xef, 0xf7, 0x0,
    0xaf, 0xf8, 0x0, 0x0, 0x0, 0x0, 0x5, 0xff,
    0xd0, 0xe, 0xff, 0x20, 0x0, 0x0, 0x0, 0x0,
    0xf, 0xff, 0x10, 0xff, 0xf0, 0x0, 0x0, 0x0,
    0x0, 0x0, 0xdf, 0xf2, 0xf, 0xff, 0x0, 0x0,
    0x0, 0x0, 0x0, 0xd, 0xff, 0x20, 0xdf, 0xf2,
    0x0, 0x0, 0x0, 0x0, 0x0, 0xff, 0xf0, 0x8,
    0xff, 0x80, 0x0, 0x0, 0x0, 0x0, 0x6f, 0xfb,
    0x0, 0x2f, 0xff, 0x20, 0x0, 0x0, 0x0, 0x1d,
    0xff, 0x40, 0x0, 0x7f, 0xfd, 0x10, 0x0, 0x0,
    0x1c, 0xff, 0x90, 0x5, 0x77, 0xdf, 0xff, 0x50,
    0x0, 0x3e, 0xff, 0xf7, 0x77, 0xcf, 0xff, 0xff,
    0xfb, 0x0, 0x8, 0xff, 0xff, 0xff, 0xfc, 0xff,
    0xff, 0xff, 0xb0, 0x0, 0x8f, 0xff, 0xff, 0xff,

    /* U+03BB "λ" */
    0x18, 0xdf, 0xea, 0x20, 0x0, 0x0, 0x0, 0x5,
    0xff, 0xff, 0xff, 0x30, 0x0, 0x0, 0x0, 0xc,
    0x96, 0x8f, 0xfd, 0x0, 0x0, 0x0, 0x0, 0x0,
    0x0, 0x7f, 0xf6, 0x0, 0x0, 0x0, 0x0, 0x0,
    0x0, 0xff, 0xd0, 0x0, 0x0, 0x0, 0x0, 0x0,
    0xf, 0xff, 0x40, 0x0, 0x0, 0x0, 0x0, 0x5,
    0xff, 0xfb, 0x0, 0x0, 0x0, 0x0, 0x0, 0xcf,
    0xff, 0xf2, 0x0, 0x0, 0x0, 0x0, 0x4f, 0xfa,
    0xff, 0x90, 0x0, 0x0, 0x0, 0xb, 0xfe, 0xd,
    0xff, 0x10, 0x0, 0x0, 0x2, 0xff, 0x80, 0x6f,
    0xf7, 0x0, 0x0, 0x0, 0x9f, 0xf1, 0x0, 0xef,
    0xe0, 0x0, 0x0, 0x1f, 0xfa, 0x0, 0x8, 0xff,
    0x60, 0x0, 0x8, 0xff, 0x30, 0x0, 0x1f, 0xfd,
    0x0, 0x0, 0xef, 0xc0, 0x0, 0x0, 0xaf, 0xf4,
    0x0, 0x6f, 0xf5, 0x0, 0x0, 0x3, 0xff, 0xb0,
    0xd, 0xfe, 0x0, 0x0, 0x0, 0xc, 0xff, 0x20,

    /* U+03BC "μ" */
    0x1f, 0xfc, 0x0, 0x0, 0x0, 0xff, 0xe1, 0xff,
    0xc0, 0x0, 0x0, 0xf, 0xfe, 0x1f, 0xfc, 0x0,
    0x0, 0x0, 0xff, 0xe1, 0xff, 0xc0, 0x0, 0x0,
    0xf, 0xfe, 0x1f, 0xfc, 0x0, 0x0, 0x0, 0xff,
    0xe1, 0xff, 0xc0, 0x0, 0x0, 0xf, 0xfe, 0x1f,
    0xfc, 0x0, 0x0, 0x0, 0xff, 0xe1, 0xff, 0xe0,
    0x0, 0x0, 0x4f, 0xfe, 0x1f, 0xff, 0x60, 0x0,
    0xc, 0xff, 0xe1, 0xff, 0xff, 0xb8, 0x9e, 0xff,
    0xfe, 0x1f, 0xff, 0xff, 0xff, 0xfe, 0xef, 0xe1,
    0xff, 0xc7, 0xdf, 0xda, 0x1c, 0xfe, 0x1f, 0xfc,
    0x0, 0x0, 0x0, 0x0, 0x1, 0xff, 0xc0, 0x0,
    0x0, 0x0, 0x0, 0x1f, 0xfc, 0x0, 0x0, 0x0,
    0x0, 0x1, 0xff, 0xc0, 0x0, 0x0, 0x0, 0x0,

    /* U+03C0 "π" */
    0x0, 0x6c, 0xff, 0xff, 0xff, 0xff, 0xff, 0xff,
    0xf7, 0x9, 0xff, 0xdb, 0xff, 0xfb, 0xbf, 0xff,
    0xfb, 0xb5, 0x2f, 0xf8, 0x0, 0xff, 0xb0, 0x7,
    0xff, 0x50, 0x0, 0x3f, 0xf3, 0x2, 0xff, 0x90,
    0x7, 0xff, 0x50, 0x0, 0xf, 0xf7, 0x4, 0xff,
    0x80, 0x7, 0xff, 0x50, 0x0, 0x8, 0xb5, 0x5,
    0xff, 0x60, 0x7, 0xff, 0x50, 0x0, 0x0, 0x0,
    0x7, 0xff, 0x40, 0x7, 0xff, 0x50, 0x0, 0x0,
    0x0, 0x9, 0xff, 0x20, 0x7, 0xff, 0x50, 0x0,
    0x0, 0x0, 0xb, 0xff, 0x0, 0x7, 0xff, 0x50,
    0x0, 0x0, 0x0, 0xd, 0xff, 0x0, 0x7, 0xff,
    0x50, 0x0, 0x0, 0x0, 0xe, 0xfd, 0x0, 0x7,
    0xff, 0x50, 0x0, 0x0, 0x0, 0xf, 0xfb, 0x0,
    0x7, 0xff, 0x50, 0x0,

    /* U+03C7 "χ" */
    0x1a, 0xfe, 0x90, 0x0, 0x0, 0x2f, 0xfd, 0x0,
    0xa, 0xff, 0xff, 0xb0, 0x0, 0xb, 0xff, 0x30,
    0x0, 0x7, 0x27, 0xff, 0x50, 0x4, 0xff, 0x90,
    0x0, 0x0, 0x0, 0xc, 0xfd, 0x0, 0xcf, 0xe1,
    0x0, 0x0, 0x0, 0x0, 0x3f, 0xf6, 0x6f, 0xf5,
    0x0, 0x0, 0x0, 0x0, 0x0, 0xaf, 0xff, 0xfc,
    0x0, 0x0, 0x0, 0x0, 0x0, 0x2, 0xff, 0xff,
    0x20, 0x0, 0x0, 0x0, 0x0, 0x0, 0xf, 0xff,
    0xc0, 0x0, 0x0, 0x0, 0x0, 0x0, 0x1, 0xff,
    0xfd, 0x0, 0x0, 0x0, 0x0, 0x0, 0x0, 0x9f,
    0xff, 0xf5, 0x0, 0x0, 0x0, 0x0, 0x0, 0x2f,
    0xf8, 0xbf, 0xe0, 0x0, 0x0, 0x0, 0x0, 0xc,
    0xfe, 0x12, 0xff, 0x70, 0x0, 0x0, 0x0, 0x5,
    0xff, 0x70, 0xa, 0xff, 0x10, 0x0, 0x0, 0x0,
    0xef, 0xe0, 0x0, 0x2f, 0xfa, 0x17, 0x10, 0x0,
    0x8f, 0xf5, 0x0, 0x0, 0x8f, 0xff, 0xfd, 0x0,
    0x2f, 0xfd, 0x0, 0x0, 0x0, 0x8e, 0xfc, 0x40,

    /* U+0400 "Ѐ" */
    0x1, 0x78, 0x71, 0x0, 0x0, 0x0, 0x0, 0x4,
    0xff, 0xc0, 0x0, 0x0, 0x0, 0x0, 0x3, 0xef,
    0xb0, 0x0, 0x0, 0x0, 0x0, 0x2, 0xdf, 0xa0,
    0x0, 0x0, 0x0, 0x0, 0x0, 0x0, 0x0, 0x0,
    0xc, 0xff, 0xff, 0xff, 0xff, 0xff, 0xf0, 0xcf,
    0xff, 0xff, 0xff, 0xff, 0xff, 0xc, 0xff, 0xba,
    0xaa, 0xaa, 0xaa, 0xa0, 0xcf, 0xf4, 0x0, 0x0,
    0x0, 0x0, 0xc, 0xff, 0x40, 0x0, 0x0, 0x0,
    0x0, 0xcf, 0xf4, 0x0, 0x0, 0x0, 0x0, 0xc,
    0xff, 0x40, 0x0, 0x0, 0x0, 0x0, 0xcf, 0xff,
    0xff, 0xff, 0xff, 0xf0, 0xc, 0xff, 0xff, 0xff,
    0xff, 0xff, 0x0, 0xcf, 0xfd, 0x99, 0x99, 0x99,
    0x90, 0xc, 0xff, 0x40, 0x0, 0x0, 0x0, 0x0,
    0xcf, 0xf4, 0x0, 0x0, 0x0, 0x0, 0xc, 0xff,
    0x40, 0x0, 0x0, 0x0, 0x0, 0xcf, 0xf4, 0x0,
    0x0, 0x0, 0x0, 0xc, 0xff, 0xba, 0xaa, 0xaa,
    0xaa, 0xa3, 0xcf, 0xff, 0xff, 0xff, 0xff, 0xff,
    0x5c, 0xff, 0xff, 0xff, 0xff, 0xff, 0xf5,

    /* U+0401 "Ё" */
    0x0, 0x2e, 0xc0, 0x9, 0xf5, 0x0, 0x0, 0x6,
    0xff, 0x40, 0xff, 0xb0, 0x0, 0x0, 0x2c, 0xb0,
    0x8, 0xd5, 0x0, 0x0, 0x0, 0x0, 0x0, 0x0,
    0x0, 0x0, 0xcf, 0xff, 0xff, 0xff, 0xff, 0xff,
    0xc, 0xff, 0xff, 0xff, 0xff, 0xff, 0xf0, 0xcf,
    0xfb, 0xaa, 0xaa, 0xaa, 0xaa, 0xc, 0xff, 0x40,
    0x0, 0x0, 0x0, 0x0, 0xcf, 0xf4, 0x0, 0x0,
    0x0, 0x0, 0xc, 0xff, 0x40, 0x0, 0x0, 0x0,
    0x0, 0xcf, 0xf4, 0x0, 0x0, 0x0, 0x0, 0xc,
    0xff, 0xff, 0xff, 0xff, 0xff, 0x0, 0xcf, 0xff,
    0xff, 0xff, 0xff, 0xf0, 0xc, 0xff, 0xd9, 0x99,
    0x99, 0x99, 0x0, 0xcf, 0xf4, 0x0, 0x0, 0x0,
    0x0, 0xc, 0xff, 0x40, 0x0, 0x0, 0x0, 0x0,
    0xcf, 0xf4, 0x0, 0x0, 0x0, 0x0, 0xc, 0xff,
    0x40, 0x0, 0x0, 0x0, 0x0, 0xcf, 0xfb, 0xaa,
    0xaa, 0xaa, 0xaa, 0x3c, 0xff, 0xff, 0xff, 0xff,
    0xff, 0xf5, 0xcf, 0xff, 0xff, 0xff, 0xff, 0xff,
    0x50,

    /* U+0402 "Ђ" */
    0xaf, 0xff, 0xff, 0xff, 0xff, 0xff, 0xff, 0x90,
    0x0, 0xa, 0xff, 0xff, 0xff, 0xff, 0xff, 0xff,
    0xf9, 0x0, 0x0, 0x6a, 0xaa, 0xae, 0xff, 0xfa,
    0xaa, 0xaa, 0x50, 0x0, 0x0, 0x0, 0x0, 0x5f,
    0xfa, 0x0, 0x0, 0x0, 0x0, 0x0, 0x0, 0x0,
    0x5, 0xff, 0xa0, 0x0, 0x0, 0x0, 0x0, 0x0,
    0x0, 0x0, 0x5f, 0xfa, 0x0, 0x0, 0x0, 0x0,
    0x0, 0x0, 0x0, 0x5, 0xff, 0xa0, 0x35, 0x65,
    0x20, 0x0, 0x0, 0x0, 0x0, 0x5f, 0xff, 0xff,
    0xff, 0xff, 0xe6, 0x0, 0x0, 0x0, 0x5, 0xff,
    0xff, 0xff, 0xff, 0xff, 0xf7, 0x0, 0x0, 0x0,
    0x5f, 0xff, 0xb6, 0x33, 0x5c, 0xff, 0xf1, 0x0,
    0x0, 0x5, 0xff, 0xb0, 0x0, 0x0, 0xc, 0xff,
    0x60, 0x0, 0x0, 0x5f, 0xfa, 0x0, 0x0, 0x0,
    0x7f, 0xf8, 0x0, 0x0, 0x5, 0xff, 0xa0, 0x0,
    0x0, 0x7, 0xff, 0x80, 0x0, 0x0, 0x5f, 0xfa,
    0x0, 0x0, 0x0, 0xdf, 0xf5, 0x0, 0x0, 0x5,
    0xff, 0xa0, 0x5, 0x88, 0xef, 0xfe, 0x0, 0x0,
    0x0, 0x5f, 0xfa, 0x0, 0xaf, 0xff, 0xff, 0x40,
    0x0, 0x0, 0x5, 0xff, 0xa0, 0xb, 0xff, 0xea,
    0x20, 0x0, 0x0, 0x0, 0x0, 0x0, 0x0, 0x1,
    0x10, 0x0, 0x0,

    /* U+0403 "Ѓ" */
    0x0, 0x0, 0x0, 0x48, 0x86, 0x0, 0x0, 0x0,
    0x3, 0xff, 0xd1, 0x0, 0x0, 0x0, 0x2e, 0xfb,
    0x10, 0x0, 0x0, 0x1, 0xdf, 0xa0, 0x0, 0x0,
    0x0, 0x0, 0x0, 0x0, 0x0, 0x0, 0xbf, 0xff,
    0xff, 0xff, 0xff, 0xf3, 0xbf, 0xff, 0xff, 0xff,
    0xff, 0xf2, 0xbf, 0xfd, 0xaa, 0xaa, 0xaa, 0xa1,
    0xbf, 0xf3, 0x0, 0x0, 0x0, 0x0, 0xbf, 0xf3,
    0x0, 0x0, 0x0, 0x0, 0xbf, 0xf3, 0x0, 0x0,
    0x0, 0x0, 0xbf, 0xf3, 0x0, 0x0, 0x0, 0x0,
    0xbf, 0xf3, 0x0, 0x0, 0x0, 0x0, 0xbf, 0xf3,
    0x0, 0x0, 0x0, 0x0, 0xbf, 0xf3, 0x0, 0x0,
    0x0, 0x0, 0xbf, 0xf3, 0x0, 0x0, 0x0, 0x0,
    0xbf, 0xf3, 0x0, 0x0, 0x0, 0x0, 0xbf, 0xf3,
    0x0, 0x0, 0x0, 0x0, 0xbf, 0xf3, 0x0, 0x0,
    0x0, 0x0, 0xbf, 0xf3, 0x0, 0x0, 0x0, 0x0,
    0xbf, 0xf3, 0x0, 0x0, 0x0, 0x0, 0xbf, 0xf3,
    0x0, 0x0, 0x0, 0x0,

    /* U+0404 "Є" */
    0x0, 0x0, 0x18, 0xce, 0xfe, 0xb6, 0x0, 0x0,
    0x0, 0x7f, 0xff, 0xff, 0xff, 0xfe, 0x50, 0x0,
    0xaf, 0xff, 0xfd, 0xcd, 0xff, 0xff, 0x60, 0x7f,
    0xff, 0xa2, 0x0, 0x1, 0x8f, 0xd2, 0x1f, 0xff,
    0x80, 0x0, 0x0, 0x0, 0x31, 0x6, 0xff, 0xd0,
    0x0, 0x0, 0x0, 0x0, 0x0, 0xbf, 0xf6, 0x0,
    0x0, 0x0, 0x0, 0x0, 0xd, 0xff, 0xff, 0xff,
    0xff, 0xf6, 0x0, 0x0, 0xef, 0xff, 0xff, 0xff,
    0xff, 0x60, 0x0, 0xd, 0xff, 0xa7, 0x77, 0x77,
    0x73, 0x0, 0x0, 0xbf, 0xf6, 0x0, 0x0, 0x0,
    0x0, 0x0, 0x6, 0xff, 0xc0, 0x0, 0x0, 0x0,
    0x0, 0x0, 0x1f, 0xff, 0x80, 0x0, 0x0, 0x0,
    0x63, 0x0, 0x7f, 0xff, 0xa1, 0x0, 0x2, 0xaf,
    0xf3, 0x0, 0xaf, 0xff, 0xfd, 0xcd, 0xff, 0xff,
    0x60, 0x0, 0x8f, 0xff, 0xff, 0xff, 0xfe, 0x60,
    0x0, 0x0, 0x28, 0xce, 0xfe, 0xb7, 0x10, 0x0,

    /* U+0405 "Ѕ" */
    0x0, 0x6, 0xbe, 0xff, 0xda, 0x50, 0x0, 0x2d,
    0xff, 0xff, 0xff, 0xff, 0xd1, 0xd, 0xff, 0xfb,
    0xaa, 0xdf, 0xfc, 0x6, 0xff, 0xd1, 0x0, 0x0,
    0x18, 0x50, 0x9f, 0xf6, 0x0, 0x0, 0x0, 0x0,
    0x9, 0xff, 0x80, 0x0, 0x0, 0x0, 0x0, 0x5f,
    0xff, 0x82, 0x0, 0x0, 0x0, 0x0, 0xcf, 0xff,
    0xfd, 0x95, 0x0, 0x0, 0x0, 0x8f, 0xff, 0xff,
    0xff, 0x91, 0x0, 0x0, 0x5, 0xae, 0xff, 0xff,
    0xd1, 0x0, 0x0, 0x0, 0x2, 0x8f, 0xff, 0x90,
    0x0, 0x0, 0x0, 0x0, 0x5f, 0xfc, 0x2, 0x0,
    0x0, 0x0, 0x2, 0xff, 0xd5, 0xf8, 0x10, 0x0,
    0x0, 0xaf, 0xf9, 0xcf, 0xff, 0xda, 0x9a, 0xef,
    0xff, 0x25, 0xef, 0xff, 0xff, 0xff, 0xff, 0x50,
    0x0, 0x59, 0xde, 0xfe, 0xc8, 0x10, 0x0,

    /* U+0406 "І" */
    0xbf, 0xf3, 0xbf, 0xf3, 0xbf, 0xf3, 0xbf, 0xf3,
    0xbf, 0xf3, 0xbf, 0xf3, 0xbf, 0xf3, 0xbf, 0xf3,
    0xbf, 0xf3, 0xbf, 0xf3, 0xbf, 0xf3, 0xbf, 0xf3,
    0xbf, 0xf3, 0xbf, 0xf3, 0xbf, 0xf3, 0xbf, 0xf3,
    0xbf, 0xf3,

    /* U+0407 "Ї" */
    0x8f, 0x60, 0x2e, 0xc0, 0xef, 0xc0, 0x7f, 0xf4,
    0x7e, 0x50, 0x2d, 0xb0, 0x0, 0x0, 0x0, 0x0,
    0x0, 0xdf, 0xf2, 0x0, 0x0, 0xdf, 0xf2, 0x0,
    0x0, 0xdf, 0xf2, 0x0, 0x0, 0xdf, 0xf2, 0x0,
    0x0, 0xdf, 0xf2, 0x0, 0x0, 0xdf, 0xf2, 0x0,
    0x0, 0xdf, 0xf2, 0x0, 0x0, 0xdf, 0xf2, 0x0,
    0x0, 0xdf, 0xf2, 0x0, 0x0, 0xdf, 0xf2, 0x0,
    0x0, 0xdf, 0xf2, 0x0, 0x0, 0xdf, 0xf2, 0x0,
    0x0, 0xdf, 0xf2, 0x0, 0x0, 0xdf, 0xf2, 0x0,
    0x0, 0xdf, 0xf2, 0x0, 0x0, 0xdf, 0xf2, 0x0,
    0x0, 0xdf, 0xf2, 0x0,

    /* U+0408 "Ј" */
    0x0, 0xff, 0xff, 0xff, 0xff, 0xb0, 0xf, 0xff,
    0xff, 0xff, 0xfb, 0x0, 0x9a, 0xaa, 0xab, 0xff,
    0xb0, 0x0, 0x0, 0x0, 0x4f, 0xfb, 0x0, 0x0,
    0x0, 0x4, 0xff, 0xb0, 0x0, 0x0, 0x0, 0x4f,
    0xfb, 0x0, 0x0, 0x0, 0x4, 0xff, 0xb0, 0x0,
    0x0, 0x0, 0x4f, 0xfb, 0x0, 0x0, 0x0, 0x4,
    0xff, 0xb0, 0x0, 0x0, 0x0, 0x4f, 0xfb, 0x0,
    0x0, 0x0, 0x4, 0xff, 0xb0, 0x0, 0x0, 0x0,
    0x4f, 0xfb, 0x1, 0x20, 0x0, 0x6, 0xff, 0xa0,
    0xcd, 0x20, 0x1, 0xdf, 0xf6, 0x7f, 0xff, 0xcb,
    0xef, 0xff, 0x10, 0xbf, 0xff, 0xff, 0xff, 0x50,
    0x0, 0x5b, 0xef, 0xea, 0x30, 0x0,

    /* U+0409 "Љ" */
    0x0, 0x0, 0xdf, 0xff, 0xff, 0xff, 0xff, 0xff,
    0x0, 0x0, 0x0, 0x0, 0x0, 0x0, 0x0, 0xe,
    0xff, 0xff, 0xff, 0xff, 0xff, 0xf0, 0x0, 0x0,
    0x0, 0x0, 0x0, 0x0, 0x0, 0xef, 0xfa, 0xaa,
    0xaa, 0xaf, 0xff, 0x0, 0x0, 0x0, 0x0, 0x0,
    0x0, 0x0, 0xf, 0xfa, 0x0, 0x0, 0x0, 0xff,
    0xf0, 0x0, 0x0, 0x0, 0x0, 0x0, 0x0, 0x0,
    0xff, 0xa0, 0x0, 0x0, 0xf, 0xff, 0x0, 0x0,
    0x0, 0x0, 0x0, 0x0, 0x0, 0xf, 0xf9, 0x0,
    0x0, 0x0, 0xff, 0xf6, 0x66, 0x65, 0x42, 0x0,
    0x0, 0x0, 0x0, 0xff, 0x90, 0x0, 0x0, 0xf,
    0xff, 0xff, 0xff, 0xff, 0xfd, 0x40, 0x0, 0x0,
    0x1f, 0xf8, 0x0, 0x0, 0x0, 0xff, 0xff, 0xff,
    0xff, 0xff, 0xff, 0x50, 0x0, 0x2, 0xff, 0x70,
    0x0, 0x0, 0xf, 0xff, 0x0, 0x0, 0x14, 0xcf,
    0xfe, 0x0, 0x0, 0x3f, 0xf6, 0x0, 0x0, 0x0,
    0xff, 0xf0, 0x0, 0x0, 0x0, 0xdf, 0xf4, 0x0,
    0x5, 0xff, 0x50, 0x0, 0x0, 0xf, 0xff, 0x0,
    0x0, 0x0, 0x9, 0xff, 0x60, 0x0, 0x8f, 0xf3,
    0x0, 0x0, 0x0, 0xff, 0xf0, 0x0, 0x0, 0x0,
    0x9f, 0xf6, 0x0, 0xc, 0xff, 0x0, 0x0, 0x0,
    0xf, 0xff, 0x0, 0x0, 0x0, 0xd, 0xff, 0x50,
    0x4, 0xff, 0xc0, 0x0, 0x0, 0x0, 0xff, 0xf0,
    0x0, 0x0, 0x8, 0xff, 0xf1, 0x5b, 0xff, 0xf6,
    0x0, 0x0, 0x0, 0xf, 0xff, 0xaa, 0xaa, 0xbe,
    0xff, 0xf9, 0x8, 0xff, 0xfd, 0x0, 0x0, 0x0,
    0x0, 0xff, 0xff, 0xff, 0xff, 0xff, 0xfa, 0x0,
    0xaf, 0xea, 0x10, 0x0, 0x0, 0x0, 0xf, 0xff,
    0xff, 0xff, 0xfe, 0xa4, 0x0, 0x0,

    /* U+040A "Њ" */
    0xbf, 0xf3, 0x0, 0x0, 0x0, 0xf, 0xff, 0x70,
    0x0, 0x0, 0x0, 0x0, 0xb, 0xff, 0x30, 0x0,
    0x0, 0x0, 0xff, 0xf7, 0x0, 0x0, 0x0, 0x0,
    0x0, 0xbf, 0xf3, 0x0, 0x0, 0x0, 0xf, 0xff,
    0x70, 0x0, 0x0, 0x0, 0x0, 0xb, 0xff, 0x30,
    0x0, 0x0, 0x0, 0xff, 0xf7, 0x0, 0x0, 0x0,
    0x0, 0x0, 0xbf, 0xf3, 0x0, 0x0, 0x0, 0xf,
    0xff, 0x70, 0x0, 0x0, 0x0, 0x0, 0xb, 0xff,
    0x30, 0x0, 0x0, 0x0, 0xff, 0xf7, 0x0, 0x0,
    0x0, 0x0, 0x0, 0xbf, 0xf3, 0x0, 0x0, 0x0,
    0xf, 0xff, 0x70, 0x0, 0x0, 0x0, 0x0, 0xb,
    0xff, 0xff, 0xff, 0xff, 0xff, 0xff, 0xff, 0xff,
    0xff, 0xfc, 0x70, 0x0, 0xbf, 0xff, 0xff, 0xff,
    0xff, 0xff, 0xff, 0xff, 0xff, 0xff, 0xff, 0xe2,
    0xb, 0xff, 0xba, 0xaa, 0xaa, 0xaa, 0xff, 0xfc,
    0x55, 0x56, 0x9f, 0xff, 0xc0, 0xbf, 0xf3, 0x0,
    0x0, 0x0, 0xf, 0xff, 0x70, 0x0, 0x0, 0x3f,
    0xff, 0x2b, 0xff, 0x30, 0x0, 0x0, 0x0, 0xff,
    0xf7, 0x0, 0x0, 0x0, 0xcf, 0xf4, 0xbf, 0xf3,
    0x0, 0x0, 0x0, 0xf, 0xff, 0x70, 0x0, 0x0,
    0xd, 0xff, 0x4b, 0xff, 0x30, 0x0, 0x0, 0x0,
    0xff, 0xf7, 0x0, 0x0, 0x4, 0xff, 0xf1, 0xbf,
    0xf3, 0x0, 0x0, 0x0, 0xf, 0xff, 0xd6, 0x66,
    0x7a, 0xff, 0xfa, 0xb, 0xff, 0x30, 0x0, 0x0,
    0x0, 0xff, 0xff, 0xff, 0xff, 0xff, 0xfc, 0x0,
    0xbf, 0xf3, 0x0, 0x0, 0x0, 0xf, 0xff, 0xff,
    0xff, 0xfe, 0xb5, 0x0, 0x0,

    /* U+040B "Ћ" */
    0xaf, 0xff, 0xff, 0xff, 0xff, 0xff, 0xff, 0x60,
    0x0, 0xa, 0xff, 0xff, 0xff, 0xff, 0xff, 0xff,
    0xf6, 0x0, 0x0, 0x6a, 0xaa, 0xaf, 0xff, 0xfa,
    0xaa, 0xaa, 0x40, 0x0, 0x0, 0x0, 0x0, 0x5f,
    0xf9, 0x0, 0x0, 0x0, 0x0, 0x0, 0x0, 0x0,
    0x5, 0xff, 0x90, 0x0, 0x0, 0x0, 0x0, 0x0,
    0x0, 0x0, 0x5f, 0xf9, 0x0, 0x0, 0x0, 0x0,
    0x0, 0x0, 0x0, 0x5, 0xff, 0x90, 0x0, 0x0,
    0x0, 0x0, 0x0, 0x0, 0x0, 0x5f, 0xfb, 0x7b,
    0xdf, 0xfc, 0x71, 0x0, 0x0, 0x0, 0x5, 0xff,
    0xff, 0xff, 0xff, 0xff, 0xe2, 0x0, 0x0, 0x0,
    0x5f, 0xff, 0xff, 0xcc, 0xef, 0xff, 0xc0, 0x0,
    0x0, 0x5, 0xff, 0xf4, 0x0, 0x0, 0x8f, 0xff,
    0x30, 0x0, 0x0, 0x5f, 0xf9, 0x0, 0x0, 0x0,
    0xcf, 0xf6, 0x0, 0x0, 0x5, 0xff, 0x90, 0x0,
    0x0, 0x8, 0xff, 0x80, 0x0, 0x0, 0x5f, 0xf9,
    0x0, 0x0, 0x0, 0x6f, 0xf8, 0x0, 0x0, 0x5,
    0xff, 0x90, 0x0, 0x0, 0x6, 0xff, 0x80, 0x0,
    0x0, 0x5f, 0xf9, 0x0, 0x0, 0x0, 0x6f, 0xf8,
    0x0, 0x0, 0x5, 0xff, 0x90, 0x0, 0x0, 0x6,
    0xff, 0x80,

    /* U+040C "Ќ" */
    0x0, 0x0, 0x0, 0x4, 0x88, 0x50, 0x0, 0x0,
    0x0, 0x0, 0x4, 0xff, 0xc1, 0x0, 0x0, 0x0,
    0x0, 0x3, 0xff, 0xa0, 0x0, 0x0, 0x0, 0x0,
    0x2, 0xef, 0x90, 0x0, 0x0, 0x0, 0x0, 0x0,
    0x0, 0x0, 0x0, 0x0, 0x0, 0xc, 0xff, 0x30,
    0x0, 0x0, 0x6, 0xff, 0xb0, 0xcf, 0xf3, 0x0,
    0x0, 0x1, 0xff, 0xf2, 0xc, 0xff, 0x30, 0x0,
    0x0, 0xaf, 0xf6, 0x0, 0xcf, 0xf3, 0x0, 0x0,
    0x5f, 0xfc, 0x0, 0xc, 0xff, 0x30, 0x0, 0xe,
    0xff, 0x20, 0x0, 0xcf, 0xf3, 0x0, 0x9, 0xff,
    0x70, 0x0, 0xc, 0xff, 0x30, 0x3, 0xff, 0xc0,
    0x0, 0x0, 0xcf, 0xfe, 0xbb, 0xff, 0xf2, 0x0,
    0x0, 0xc, 0xff, 0xff, 0xff, 0xff, 0x0, 0x0,
    0x0, 0xcf, 0xff, 0xff, 0xff, 0xf4, 0x0, 0x0,
    0xc, 0xff, 0x30, 0x7, 0xff, 0xe1, 0x0, 0x0,
    0xcf, 0xf3, 0x0, 0xc, 0xff, 0xa0, 0x0, 0xc,
    0xff, 0x30, 0x0, 0x2f, 0xff, 0x40, 0x0, 0xcf,
    0xf3, 0x0, 0x0, 0x7f, 0xfe, 0x10, 0xc, 0xff,
    0x30, 0x0, 0x0, 0xcf, 0xf9, 0x0, 0xcf, 0xf3,
    0x0, 0x0, 0x2, 0xff, 0xf4, 0xc, 0xff, 0x30,
    0x0, 0x0, 0x6, 0xff, 0xe0,

    /* U+040D "Ѝ" */
    0x0, 0x6, 0x88, 0x30, 0x0, 0x0, 0x0, 0x0,
    0x0, 0x2d, 0xff, 0x30, 0x0, 0x0, 0x0, 0x0,
    0x0, 0x1c, 0xfe, 0x10, 0x0, 0x0, 0x0, 0x0,
    0x0, 0xa, 0xfd, 0x10, 0x0, 0x0, 0x0, 0x0,
    0x0, 0x0, 0x0, 0x0, 0x0, 0xb, 0xff, 0x30,
    0x0, 0x0, 0x0, 0x7f, 0xfa, 0xbf, 0xf3, 0x0,
    0x0, 0x0, 0x3f, 0xff, 0xab, 0xff, 0x30, 0x0,
    0x0, 0xd, 0xff, 0xfa, 0xbf, 0xf3, 0x0, 0x0,
    0xa, 0xff, 0xff, 0xab, 0xff, 0x30, 0x0, 0x5,
    0xff, 0xff, 0xfa, 0xbf, 0xf3, 0x0, 0x2, 0xff,
    0xf9, 0xff, 0xab, 0xff, 0x30, 0x0, 0xcf, 0xf9,
    0x4f, 0xfa, 0xbf, 0xf3, 0x0, 0x8f, 0xfd, 0x4,
    0xff, 0xab, 0xff, 0x30, 0x3f, 0xff, 0x20, 0x4f,
    0xfa, 0xbf, 0xf3, 0x1e, 0xff, 0x70, 0x4, 0xff,
    0xab, 0xff, 0x3a, 0xff, 0xb0, 0x0, 0x4f, 0xfa,
    0xbf, 0xf9, 0xff, 0xe1, 0x0, 0x4, 0xff, 0xab,
    0xff, 0xff, 0xf4, 0x0, 0x0, 0x4f, 0xfa, 0xbf,
    0xff, 0xf9, 0x0, 0x0, 0x4, 0xff, 0xab, 0xff,
    0xfd, 0x0, 0x0, 0x0, 0x4f, 0xfa, 0xbf, 0xff,
    0x20, 0x0, 0x0, 0x4, 0xff, 0xab, 0xff, 0x60,
    0x0, 0x0, 0x0, 0x4f, 0xfa,

    /* U+040E "Ў" */
    0x0, 0x1, 0x87, 0x0, 0x0, 0x78, 0x10, 0x0,
    0x0, 0x0, 0xf, 0xf4, 0x0, 0x3f, 0xf1, 0x0,
    0x0, 0x0, 0x0, 0x9f, 0xfb, 0xbf, 0xfa, 0x0,
    0x0, 0x0, 0x0, 0x0, 0x7d, 0xff, 0xc6, 0x0,
    0x0, 0x0, 0x0, 0x0, 0x0, 0x0, 0x0, 0x0,
    0x0, 0x0, 0x7, 0xff, 0xb0, 0x0, 0x0, 0x0,
    0x2, 0xff, 0xd0, 0xe, 0xff, 0x30, 0x0, 0x0,
    0x0, 0x9f, 0xf4, 0x0, 0x7f, 0xfa, 0x0, 0x0,
    0x0, 0x1f, 0xfc, 0x0, 0x0, 0xef, 0xf2, 0x0,
    0x0, 0x9, 0xff, 0x40, 0x0, 0x6, 0xff, 0xa0,
    0x0, 0x1, 0xff, 0xc0, 0x0, 0x0, 0xe, 0xff,
    0x20, 0x0, 0x9f, 0xf3, 0x0, 0x0, 0x0, 0x6f,
    0xf9, 0x0, 0x1f, 0xfb, 0x0, 0x0, 0x0, 0x0,
    0xdf, 0xf1, 0x9, 0xff, 0x30, 0x0, 0x0, 0x0,
    0x6, 0xff, 0x91, 0xff, 0xb0, 0x0, 0x0, 0x0,
    0x0, 0xd, 0xff, 0xaf, 0xf3, 0x0, 0x0, 0x0,
    0x0, 0x0, 0x5f, 0xff, 0xfa, 0x0, 0x0, 0x0,
    0x0, 0x0, 0x0, 0xdf, 0xff, 0x20, 0x0, 0x0,
    0x0, 0x0, 0x0, 0x9, 0xff, 0xa0, 0x0, 0x0,
    0x0, 0x0, 0x0, 0x1, 0xef, 0xf2, 0x0, 0x0,
    0x0, 0x0, 0x7, 0x99, 0xef, 0xf8, 0x0, 0x0,
    0x0, 0x0, 0x0, 0xef, 0xff, 0xfb, 0x0, 0x0,
    0x0, 0x0, 0x0, 0x1e, 0xff, 0xf8, 0x0, 0x0,
    0x0, 0x0, 0x0, 0x0, 0x2, 0x20, 0x0, 0x0,
    0x0, 0x0, 0x0, 0x0,

    /* U+040F "Џ" */
    0xbf, 0xf3, 0x0, 0x0, 0x0, 0xa, 0xff, 0x5b,
    0xff, 0x30, 0x0, 0x0, 0x0, 0xaf, 0xf5, 0xbf,
    0xf3, 0x0, 0x0, 0x0, 0xa, 0xff, 0x5b, 0xff,
    0x30, 0x0, 0x0, 0x0, 0xaf, 0xf5, 0xbf, 0xf3,
    0x0, 0x0, 0x0, 0xa, 0xff, 0x5b, 0xff, 0x30,
    0x0, 0x0, 0x0, 0xaf, 0xf5, 0xbf, 0xf3, 0x0,
    0x0, 0x0, 0xa, 0xff, 0x5b, 0xff, 0x30, 0x0,
    0x0, 0x0, 0xaf, 0xf5, 0xbf, 0xf3, 0x0, 0x0,
    0x0, 0xa, 0xff, 0x5b, 0xff, 0x30, 0x0, 0x0,
    0x0, 0xaf, 0xf5, 0xbf, 0xf3, 0x0, 0x0, 0x0,
    0xa, 0xff, 0x5b, 0xff, 0x30, 0x0, 0x0, 0x0,
    0xaf, 0xf5, 0xbf, 0xf3, 0x0, 0x0, 0x0, 0xa,
    0xff, 0x5b, 0xff, 0x30, 0x0, 0x0, 0x0, 0xaf,
    0xf5, 0xbf, 0xfb, 0xaa, 0xaa, 0xaa, 0xae, 0xff,
    0x5b, 0xff, 0xff, 0xff, 0xff, 0xff, 0xff, 0xf5,
    0xbf, 0xff, 0xff, 0xff, 0xff, 0xff, 0xff, 0x50,
    0x0, 0x0, 0x1f, 0xfa, 0x0, 0x0, 0x0, 0x0,
    0x0, 0x1, 0xff, 0xa0, 0x0, 0x0, 0x0, 0x0,
    0x0, 0x1f, 0xfa, 0x0, 0x0, 0x0, 0x0, 0x0,
    0x0, 0x88, 0x50, 0x0, 0x0, 0x0,

    /* U+0410 "А" */
    0x0, 0x0, 0x0, 0xc, 0xff, 0x90, 0x0, 0x0,
    0x0, 0x0, 0x0, 0x0, 0x3f, 0xff, 0xf1, 0x0,
    0x0, 0x0, 0x0, 0x0, 0x0, 0x9f, 0xff, 0xf7,
    0x0, 0x0, 0x0, 0x0, 0x0, 0x1, 0xff, 0xce,
    0xfd, 0x0, 0x0, 0x0, 0x0, 0x0, 0x7, 0xff,
    0x58, 0xff, 0x50, 0x0, 0x0, 0x0, 0x0, 0xe,
    0xfe, 0x2, 0xff, 0xb0, 0x0, 0x0, 0x0, 0x0,
    0x5f, 0xf8, 0x0, 0xbf, 0xf2, 0x0, 0x0, 0x0,
    0x0, 0xbf, 0xf2, 0x0, 0x5f, 0xf9, 0x0, 0x0,
    0x0, 0x2, 0xff, 0xb0, 0x0, 0xe, 0xff, 0x10,
    0x0, 0x0, 0x9, 0xff, 0x50, 0x0, 0x8, 0xff,
    0x70, 0x0, 0x0, 0x1f, 0xff, 0x77, 0x77, 0x79,
    0xff, 0xd0, 0x0, 0x0, 0x7f, 0xff, 0xff, 0xff,
    0xff, 0xff, 0xf4, 0x0, 0x0, 0xdf, 0xff, 0xff,
    0xff, 0xff, 0xff, 0xfb, 0x0, 0x4, 0xff, 0xb0,
    0x0, 0x0, 0x0, 0xe, 0xff, 0x20, 0xb, 0xff,
    0x40, 0x0, 0x0, 0x0, 0x7, 0xff, 0x90, 0x2f,
    0xfe, 0x0, 0x0, 0x0, 0x0, 0x1, 0xff, 0xf0,
    0x9f, 0xf7, 0x0, 0x0, 0x0, 0x0, 0x0, 0xaf,
    0xf7,

    /* U+0411 "Б" */
    0xbf, 0xff, 0xff, 0xff, 0xff, 0xff, 0xd0, 0xbf,
    0xff, 0xff, 0xff, 0xff, 0xff, 0xd0, 0xbf, 0xfa,
    0x99, 0x99, 0x99, 0x99, 0x70, 0xbf, 0xf3, 0x0,
    0x0, 0x0, 0x0, 0x0, 0xbf, 0xf3, 0x0, 0x0,
    0x0, 0x0, 0x0, 0xbf, 0xf3, 0x0, 0x0, 0x0,
    0x0, 0x0, 0xbf, 0xf3, 0x0, 0x0, 0x0, 0x0,
    0x0, 0xbf, 0xff, 0xff, 0xff, 0xfe, 0xa4, 0x0,
    0xbf, 0xff, 0xff, 0xff, 0xff, 0xff, 0x90, 0xbf,
    0xf8, 0x66, 0x66, 0x8d, 0xff, 0xf5, 0xbf, 0xf3,
    0x0, 0x0, 0x0, 0xaf, 0xfb, 0xbf, 0xf3, 0x0,
    0x0, 0x0, 0x3f, 0xfd, 0xbf, 0xf3, 0x0, 0x0,
    0x0, 0x3f, 0xfd, 0xbf, 0xf3, 0x0, 0x0, 0x0,
    0xaf, 0xfa, 0xbf, 0xf8, 0x66, 0x66, 0x8d, 0xff,
    0xf3, 0xbf, 0xff, 0xff, 0xff, 0xff, 0xff, 0x50,
    0xbf, 0xff, 0xff, 0xff, 0xfc, 0x82, 0x0,

    /* U+0412 "В" */
    0xbf, 0xff, 0xff, 0xff, 0xec, 0x70, 0x0, 0xb,
    0xff, 0xff, 0xff, 0xff, 0xff, 0xe2, 0x0, 0xbf,
    0xf8, 0x66, 0x67, 0x9f, 0xff, 0xc0, 0xb, 0xff,
    0x30, 0x0, 0x0, 0x3f, 0xff, 0x10, 0xbf, 0xf3,
    0x0, 0x0, 0x0, 0xdf, 0xf3, 0xb, 0xff, 0x30,
    0x0, 0x0, 0xf, 0xff, 0x10, 0xbf, 0xf3, 0x0,
    0x0, 0x3b, 0xff, 0xc0, 0xb, 0xff, 0xff, 0xff,
    0xff, 0xff, 0xe2, 0x0, 0xbf, 0xff, 0xff, 0xff,
    0xff, 0xf6, 0x0, 0xb, 0xff, 0x74, 0x44, 0x46,
    0x9f, 0xfc, 0x0, 0xbf, 0xf3, 0x0, 0x0, 0x0,
    0x6f, 0xf9, 0xb, 0xff, 0x30, 0x0, 0x0, 0x1,
    0xff, 0xe0, 0xbf, 0xf3, 0x0, 0x0, 0x0, 0x1f,
    0xff, 0xb, 0xff, 0x30, 0x0, 0x0, 0x7, 0xff,
    0xd0, 0xbf, 0xf8, 0x66, 0x66, 0x7b, 0xff, 0xf8,
    0xb, 0xff, 0xff, 0xff, 0xff, 0xff, 0xfb, 0x0,
    0xbf, 0xff, 0xff, 0xff, 0xfe, 0xb5, 0x0, 0x0,

    /* U+0413 "Г" */
    0xbf, 0xff, 0xff, 0xff, 0xff, 0xf3, 0xbf, 0xff,
    0xff, 0xff, 0xff, 0xf2, 0xbf, 0xfd, 0xaa, 0xaa,
    0xaa, 0xa1, 0xbf, 0xf3, 0x0, 0x0, 0x0, 0x0,
    0xbf, 0xf3, 0x0, 0x0, 0x0, 0x0, 0xbf, 0xf3,
    0x0, 0x0, 0x0, 0x0, 0xbf, 0xf3, 0x0, 0x0,
    0x0, 0x0, 0xbf, 0xf3, 0x0, 0x0, 0x0, 0x0,
    0xbf, 0xf3, 0x0, 0x0, 0x0, 0x0, 0xbf, 0xf3,
    0x0, 0x0, 0x0, 0x0, 0xbf, 0xf3, 0x0, 0x0,
    0x0, 0x0, 0xbf, 0xf3, 0x0, 0x0, 0x0, 0x0,
    0xbf, 0xf3, 0x0, 0x0, 0x0, 0x0, 0xbf, 0xf3,
    0x0, 0x0, 0x0, 0x0, 0xbf, 0xf3, 0x0, 0x0,
    0x0, 0x0, 0xbf, 0xf3, 0x0, 0x0, 0x0, 0x0,
    0xbf, 0xf3, 0x0, 0x0, 0x0, 0x0,

    /* U+0414 "Д" */
    0x0, 0x0, 0xef, 0xff, 0xff, 0xff, 0xff, 0xfe,
    0x0, 0x0, 0x0, 0xf, 0xff, 0xff, 0xff, 0xff,
    0xff, 0xe0, 0x0, 0x0, 0x0, 0xff, 0xda, 0xaa,
    0xaa, 0xaf, 0xfe, 0x0, 0x0, 0x0, 0xf, 0xf9,
    0x0, 0x0, 0x0, 0xff, 0xe0, 0x0, 0x0, 0x1,
    0xff, 0x90, 0x0, 0x0, 0xf, 0xfe, 0x0, 0x0,
    0x0, 0x1f, 0xf8, 0x0, 0x0, 0x0, 0xff, 0xe0,
    0x0, 0x0, 0x2, 0xff, 0x70, 0x0, 0x0, 0xf,
    0xfe, 0x0, 0x0, 0x0, 0x3f, 0xf6, 0x0, 0x0,
    0x0, 0xff, 0xe0, 0x0, 0x0, 0x4, 0xff, 0x50,
    0x0, 0x0, 0xf, 0xfe, 0x0, 0x0, 0x0, 0x6f,
    0xf4, 0x0, 0x0, 0x0, 0xff, 0xe0, 0x0, 0x0,
    0x8, 0xff, 0x20, 0x0, 0x0, 0xf, 0xfe, 0x0,
    0x0, 0x0, 0xcf, 0xf0, 0x0, 0x0, 0x0, 0xff,
    0xe0, 0x0, 0x0, 0x1f, 0xfb, 0x0, 0x0, 0x0,
    0xf, 0xfe, 0x0, 0x0, 0x9, 0xff, 0x50, 0x0,
    0x0, 0x0, 0xff, 0xe0, 0x0, 0x6e, 0xff, 0xfa,
    0xaa, 0xaa, 0xaa, 0xaf, 0xff, 0xaa, 0x2a, 0xff,
    0xff, 0xff, 0xff, 0xff, 0xff, 0xff, 0xff, 0xf3,
    0xaf, 0xff, 0xff, 0xff, 0xff, 0xff, 0xff, 0xff,
    0xff, 0x3a, 0xff, 0x10, 0x0, 0x0, 0x0, 0x0,
    0x0, 0x8f, 0xf3, 0xaf, 0xf1, 0x0, 0x0, 0x0,
    0x0, 0x0, 0x8, 0xff, 0x3a, 0xff, 0x10, 0x0,
    0x0, 0x0, 0x0, 0x0, 0x8f, 0xf3, 0x58, 0x80,
    0x0, 0x0, 0x0, 0x0, 0x0, 0x4, 0x88, 0x10,

    /* U+0415 "Е" */
    0xcf, 0xff, 0xff, 0xff, 0xff, 0xff, 0xc, 0xff,
    0xff, 0xff, 0xff, 0xff, 0xf0, 0xcf, 0xfb, 0xaa,
    0xaa, 0xaa, 0xaa, 0xc, 0xff, 0x40, 0x0, 0x0,
    0x0, 0x0, 0xcf, 0xf4, 0x0, 0x0, 0x0, 0x0,
    0xc, 0xff, 0x40, 0x0, 0x0, 0x0, 0x0, 0xcf,
    0xf4, 0x0, 0x0, 0x0, 0x0, 0xc, 0xff, 0xff,
    0xff, 0xff, 0xff, 0x0, 0xcf, 0xff, 0xff, 0xff,
    0xff, 0xf0, 0xc, 0xff, 0xd9, 0x99, 0x99, 0x99,
    0x0, 0xcf, 0xf4, 0x0, 0x0, 0x0, 0x0, 0xc,
    0xff, 0x40, 0x0, 0x0, 0x0, 0x0, 0xcf, 0xf4,
    0x0, 0x0, 0x0, 0x0, 0xc, 0xff, 0x40, 0x0,
    0x0, 0x0, 0x0, 0xcf, 0xfb, 0xaa, 0xaa, 0xaa,
    0xaa, 0x3c, 0xff, 0xff, 0xff, 0xff, 0xff, 0xf5,
    0xcf, 0xff, 0xff, 0xff, 0xff, 0xff, 0x50,

    /* U+0416 "Ж" */
    0x1e, 0xff, 0x20, 0x0, 0x0, 0x5f, 0xf9, 0x0,
    0x0, 0x0, 0xef, 0xf3, 0x6, 0xff, 0xb0, 0x0,
    0x0, 0x5f, 0xf9, 0x0, 0x0, 0x8, 0xff, 0xa0,
    0x0, 0xdf, 0xf3, 0x0, 0x0, 0x5f, 0xf9, 0x0,
    0x0, 0x1f, 0xff, 0x10, 0x0, 0x4f, 0xfc, 0x0,
    0x0, 0x5f, 0xf9, 0x0, 0x0, 0x9f, 0xf8, 0x0,
    0x0, 0xb, 0xff, 0x50, 0x0, 0x5f, 0xf9, 0x0,
    0x2, 0xff, 0xe0, 0x0, 0x0, 0x2, 0xff, 0xd0,
    0x0, 0x5f, 0xf9, 0x0, 0xb, 0xff, 0x50, 0x0,
    0x0, 0x0, 0x9f, 0xf6, 0x0, 0x5f, 0xf9, 0x0,
    0x3f, 0xfc, 0x0, 0x0, 0x0, 0x0, 0x1f, 0xff,
    0xcb, 0xff, 0xff, 0xbb, 0xff, 0xf3, 0x0, 0x0,
    0x0, 0x0, 0xf, 0xff, 0xff, 0xff, 0xff, 0xff,
    0xff, 0xf0, 0x0, 0x0, 0x0, 0x0, 0x4f, 0xff,
    0xff, 0xff, 0xff, 0xff, 0xff, 0xf7, 0x0, 0x0,
    0x0, 0x0, 0xdf, 0xf9, 0x0, 0x5f, 0xf9, 0x0,
    0x6f, 0xff, 0x10, 0x0, 0x0, 0x7, 0xff, 0xe1,
    0x0, 0x5f, 0xf9, 0x0, 0xc, 0xff, 0xa0, 0x0,
    0x0, 0x1e, 0xff, 0x60, 0x0, 0x5f, 0xf9, 0x0,
    0x3, 0xff, 0xf3, 0x0, 0x0, 0x9f, 0xfd, 0x0,
    0x0, 0x5f, 0xf9, 0x0, 0x0, 0xaf, 0xfc, 0x0,
    0x3, 0xff, 0xf4, 0x0, 0x0, 0x5f, 0xf9, 0x0,
    0x0, 0x1f, 0xff, 0x60, 0xc, 0xff, 0xa0, 0x0,
    0x0, 0x5f, 0xf9, 0x0, 0x0, 0x7, 0xff, 0xe0,
    0x5f, 0xff, 0x20, 0x0, 0x0, 0x5f, 0xf9, 0x0,
    0x0, 0x0, 0xef, 0xf8,

    /* U+0417 "З" */
    0x0, 0x5, 0x9d, 0xff, 0xec, 0x82, 0x0, 0x0,
    0x2e, 0xff, 0xff, 0xff, 0xff, 0xf7, 0x0, 0x0,
    0xef, 0xfd, 0xba, 0xcf, 0xff, 0xf5, 0x0, 0x7,
    0x71, 0x0, 0x0, 0xa, 0xff, 0xc0, 0x0, 0x0,
    0x0, 0x0, 0x0, 0x2f, 0xfe, 0x0, 0x0, 0x0,
    0x0, 0x0, 0x2, 0xff, 0xd0, 0x0, 0x0, 0x0,
    0x0, 0x3, 0xcf, 0xf8, 0x0, 0x0, 0xc, 0xff,
    0xff, 0xff, 0xfd, 0x0, 0x0, 0x0, 0xcf, 0xff,
    0xff, 0xff, 0x50, 0x0, 0x0, 0x5, 0x77, 0x77,
    0x9e, 0xff, 0x80, 0x0, 0x0, 0x0, 0x0, 0x0,
    0xd, 0xff, 0x30, 0x0, 0x0, 0x0, 0x0, 0x0,
    0x6f, 0xf8, 0x0, 0x0, 0x0, 0x0, 0x0, 0x8,
    0xff, 0x90, 0x5d, 0x50, 0x0, 0x0, 0x4, 0xff,
    0xf6, 0xc, 0xff, 0xfc, 0xaa, 0xbd, 0xff, 0xfd,
    0x0, 0x7f, 0xff, 0xff, 0xff, 0xff, 0xfc, 0x10,
    0x0, 0x16, 0xad, 0xff, 0xed, 0x94, 0x0, 0x0,

    /* U+0418 "И" */
    0xbf, 0xf3, 0x0, 0x0, 0x0, 0x7, 0xff, 0xab,
    0xff, 0x30, 0x0, 0x0, 0x3, 0xff, 0xfa, 0xbf,
    0xf3, 0x0, 0x0, 0x0, 0xdf, 0xff, 0xab, 0xff,
    0x30, 0x0, 0x0, 0xaf, 0xff, 0xfa, 0xbf, 0xf3,
    0x0, 0x0, 0x5f, 0xff, 0xff, 0xab, 0xff, 0x30,
    0x0, 0x2f, 0xff, 0x9f, 0xfa, 0xbf, 0xf3, 0x0,
    0xc, 0xff, 0x94, 0xff, 0xab, 0xff, 0x30, 0x8,
    0xff, 0xd0, 0x4f, 0xfa, 0xbf, 0xf3, 0x3, 0xff,
    0xf2, 0x4, 0xff, 0xab, 0xff, 0x31, 0xef, 0xf7,
    0x0, 0x4f, 0xfa, 0xbf, 0xf3, 0xaf, 0xfb, 0x0,
    0x4, 0xff, 0xab, 0xff, 0x9f, 0xfe, 0x10, 0x0,
    0x4f, 0xfa, 0xbf, 0xff, 0xff, 0x40, 0x0, 0x4,
    0xff, 0xab, 0xff, 0xff, 0x90, 0x0, 0x0, 0x4f,
    0xfa, 0xbf, 0xff, 0xd0, 0x0, 0x0, 0x4, 0xff,
    0xab, 0xff, 0xf2, 0x0, 0x0, 0x0, 0x4f, 0xfa,
    0xbf, 0xf6, 0x0, 0x0, 0x0, 0x4, 0xff, 0xa0,

    /* U+0419 "Й" */
    0x0, 0x5, 0x83, 0x0, 0x3, 0x84, 0x0, 0x0,
    0x0, 0x9f, 0xa0, 0x0, 0xcf, 0x70, 0x0, 0x0,
    0x3, 0xff, 0xda, 0xdf, 0xe1, 0x0, 0x0, 0x0,
    0x3, 0xbe, 0xfe, 0xa2, 0x0, 0x0, 0x0, 0x0,
    0x0, 0x0, 0x0, 0x0, 0x0, 0xb, 0xff, 0x30,
    0x0, 0x0, 0x0, 0x7f, 0xfa, 0xbf, 0xf3, 0x0,
    0x0, 0x0, 0x3f, 0xff, 0xab, 0xff, 0x30, 0x0,
    0x0, 0xd, 0xff, 0xfa, 0xbf, 0xf3, 0x0, 0x0,
    0xa, 0xff, 0xff, 0xab, 0xff, 0x30, 0x0, 0x5,
    0xff, 0xff, 0xfa, 0xbf, 0xf3, 0x0, 0x2, 0xff,
    0xf9, 0xff, 0xab, 0xff, 0x30, 0x0, 0xcf, 0xf9,
    0x4f, 0xfa, 0xbf, 0xf3, 0x0, 0x8f, 0xfd, 0x4,
    0xff, 0xab, 0xff, 0x30, 0x3f, 0xff, 0x20, 0x4f,
    0xfa, 0xbf, 0xf3, 0x1e, 0xff, 0x70, 0x4, 0xff,
    0xab, 0xff, 0x3a, 0xff, 0xb0, 0x0, 0x4f, 0xfa,
    0xbf, 0xf9, 0xff, 0xe1, 0x0, 0x4, 0xff, 0xab,
    0xff, 0xff, 0xf4, 0x0, 0x0, 0x4f, 0xfa, 0xbf,
    0xff, 0xf9, 0x0, 0x0, 0x4, 0xff, 0xab, 0xff,
    0xfd, 0x0, 0x0, 0x0, 0x4f, 0xfa, 0xbf, 0xff,
    0x20, 0x0, 0x0, 0x4, 0xff, 0xab, 0xff, 0x60,
    0x0, 0x0, 0x0, 0x4f, 0xfa,

    /* U+041A "К" */
    0xcf, 0xf3, 0x0, 0x0, 0x0, 0x6f, 0xfb, 0xc,
    0xff, 0x30, 0x0, 0x0, 0x1f, 0xff, 0x20, 0xcf,
    0xf3, 0x0, 0x0, 0xa, 0xff, 0x60, 0xc, 0xff,
    0x30, 0x0, 0x5, 0xff, 0xc0, 0x0, 0xcf, 0xf3,
    0x0, 0x0, 0xef, 0xf2, 0x0, 0xc, 0xff, 0x30,
    0x0, 0x9f, 0xf7, 0x0, 0x0, 0xcf, 0xf3, 0x0,
    0x3f, 0xfc, 0x0, 0x0, 0xc, 0xff, 0xeb, 0xbf,
    0xff, 0x20, 0x0, 0x0, 0xcf, 0xff, 0xff, 0xff,
    0xf0, 0x0, 0x0, 0xc, 0xff, 0xff, 0xff, 0xff,
    0x40, 0x0, 0x0, 0xcf, 0xf3, 0x0, 0x7f, 0xfe,
    0x10, 0x0, 0xc, 0xff, 0x30, 0x0, 0xcf, 0xfa,
    0x0, 0x0, 0xcf, 0xf3, 0x0, 0x2, 0xff, 0xf4,
    0x0, 0xc, 0xff, 0x30, 0x0, 0x7, 0xff, 0xe1,
    0x0, 0xcf, 0xf3, 0x0, 0x0, 0xc, 0xff, 0x90,
    0xc, 0xff, 0x30, 0x0, 0x0, 0x2f, 0xff, 0x40,
    0xcf, 0xf3, 0x0, 0x0, 0x0, 0x6f, 0xfe, 0x0,

    /* U+041B "Л" */
    0x0, 0x0, 0xdf, 0xff, 0xff, 0xff, 0xff, 0xff,
    0x0, 0x0, 0xe, 0xff, 0xff, 0xff, 0xff, 0xff,
    0xf0, 0x0, 0x0, 0xef, 0xfa, 0xaa, 0xaa, 0xaf,
    0xff, 0x0, 0x0, 0xf, 0xfa, 0x0, 0x0, 0x0,
    0xff, 0xf0, 0x0, 0x0, 0xff, 0xa0, 0x0, 0x0,
    0xf, 0xff, 0x0, 0x0, 0xf, 0xf9, 0x0, 0x0,
    0x0, 0xff, 0xf0, 0x0, 0x0, 0xff, 0x90, 0x0,
    0x0, 0xf, 0xff, 0x0, 0x0, 0x1f, 0xf8, 0x0,
    0x0, 0x0, 0xff, 0xf0, 0x0, 0x2, 0xff, 0x70,
    0x0, 0x0, 0xf, 0xff, 0x0, 0x0, 0x4f, 0xf6,
    0x0, 0x0, 0x0, 0xff, 0xf0, 0x0, 0x5, 0xff,
    0x50, 0x0, 0x0, 0xf, 0xff, 0x0, 0x0, 0x9f,
    0xf3, 0x0, 0x0, 0x0, 0xff, 0xf0, 0x0, 0xd,
    0xff, 0x0, 0x0, 0x0, 0xf, 0xff, 0x0, 0x7,
    0xff, 0xc0, 0x0, 0x0, 0x0, 0xff, 0xf0, 0x7e,
    0xff, 0xf6, 0x0, 0x0, 0x0, 0xf, 0xff, 0x9,
    0xff, 0xfd, 0x0, 0x0, 0x0, 0x0, 0xff, 0xf0,
    0xaf, 0xea, 0x10, 0x0, 0x0, 0x0, 0xf, 0xff,
    0x0,

    /* U+041C "М" */
    0xbf, 0xe1, 0x0, 0x0, 0x0, 0x0, 0x0, 0xd,
    0xfd, 0xbf, 0xf9, 0x0, 0x0, 0x0, 0x0, 0x0,
    0x6f, 0xfd, 0xbf, 0xff, 0x20, 0x0, 0x0, 0x0,
    0x1, 0xef, 0xfd, 0xbf, 0xff, 0xb0, 0x0, 0x0,
    0x0, 0x8, 0xff, 0xfd, 0xbf, 0xff, 0xf4, 0x0,
    0x0, 0x0, 0x2f, 0xff, 0xfd, 0xbf, 0xff, 0xfd,
    0x0, 0x0, 0x0, 0xaf, 0xff, 0xfd, 0xbf, 0xfb,
    0xff, 0x60, 0x0, 0x3, 0xff, 0xaf, 0xfd, 0xbf,
    0xf2, 0xef, 0xe0, 0x0, 0xc, 0xff, 0x1f, 0xfd,
    0xbf, 0xf1, 0x6f, 0xf8, 0x0, 0x5f, 0xf8, 0xf,
    0xfd, 0xbf, 0xf1, 0xd, 0xff, 0x20, 0xdf, 0xe0,
    0xf, 0xfd, 0xbf, 0xf1, 0x4, 0xff, 0xa7, 0xff,
    0x50, 0xf, 0xfd, 0xbf, 0xf1, 0x0, 0xbf, 0xff,
    0xfc, 0x0, 0xf, 0xfd, 0xbf, 0xf1, 0x0, 0x2f,
    0xff, 0xf3, 0x0, 0xf, 0xfe, 0xbf, 0xf1, 0x0,
    0x8, 0xff, 0xa0, 0x0, 0xf, 0xfe, 0xbf, 0xf1,
    0x0, 0x0, 0xef, 0x10, 0x0, 0xf, 0xfe, 0xbf,
    0xf1, 0x0, 0x0, 0x0, 0x0, 0x0, 0xf, 0xfe,
    0xbf, 0xf1, 0x0, 0x0, 0x0, 0x0, 0x0, 0xf,
    0xfe,

    /* U+041D "Н" */
    0xcf, 0xf4, 0x0, 0x0, 0x0, 0x7, 0xff, 0x9c,
    0xff, 0x40, 0x0, 0x0, 0x0, 0x7f, 0xf9, 0xcf,
    0xf4, 0x0, 0x0, 0x0, 0x7, 0xff, 0x9c, 0xff,
    0x40, 0x0, 0x0, 0x0, 0x7f, 0xf9, 0xcf, 0xf4,
    0x0, 0x0, 0x0, 0x7, 0xff, 0x9c, 0xff, 0x40,
    0x0, 0x0, 0x0, 0x7f, 0xf9, 0xcf, 0xf4, 0x0,
    0x0, 0x0, 0x7, 0xff, 0x9c, 0xff, 0xff, 0xff,
    0xff, 0xff, 0xff, 0xf9, 0xcf, 0xff, 0xff, 0xff,
    0xff, 0xff, 0xff, 0x9c, 0xff, 0xea, 0xaa, 0xaa,
    0xaa, 0xff, 0xf9, 0xcf, 0xf4, 0x0, 0x0, 0x0,
    0x7, 0xff, 0x9c, 0xff, 0x40, 0x0, 0x0, 0x0,
    0x7f, 0xf9, 0xcf, 0xf4, 0x0, 0x0, 0x0, 0x7,
    0xff, 0x9c, 0xff, 0x40, 0x0, 0x0, 0x0, 0x7f,
    0xf9, 0xcf, 0xf4, 0x0, 0x0, 0x0, 0x7, 0xff,
    0x9c, 0xff, 0x40, 0x0, 0x0, 0x0, 0x7f, 0xf9,
    0xcf, 0xf4, 0x0, 0x0, 0x0, 0x7, 0xff, 0x90,

    /* U+041E "О" */
    0x0, 0x0, 0x6, 0xbe, 0xfe, 0xd8, 0x30, 0x0,
    0x0, 0x0, 0x5, 0xef, 0xff, 0xff, 0xff, 0xfa,
    0x0, 0x0, 0x0, 0x8f, 0xff, 0xfe, 0xcd, 0xff,
    0xff, 0xd1, 0x0, 0x6, 0xff, 0xfb, 0x20, 0x0,
    0x7, 0xff, 0xfc, 0x0, 0x1e, 0xff, 0x90, 0x0,
    0x0, 0x0, 0x3f, 0xff, 0x60, 0x7f, 0xfd, 0x0,
    0x0, 0x0, 0x0, 0x7, 0xff, 0xd0, 0xbf, 0xf6,
    0x0, 0x0, 0x0, 0x0, 0x0, 0xff, 0xf2, 0xef,
    0xf2, 0x0, 0x0, 0x0, 0x0, 0x0, 0xbf, 0xf4,
    0xff, 0xf1, 0x0, 0x0, 0x0, 0x0, 0x0, 0xaf,
    0xf5, 0xef, 0xf2, 0x0, 0x0, 0x0, 0x0, 0x0,
    0xbf, 0xf4, 0xbf, 0xf6, 0x0, 0x0, 0x0, 0x0,
    0x0, 0xff, 0xf2, 0x7f, 0xfd, 0x0, 0x0, 0x0,
    0x0, 0x6, 0xff, 0xd0, 0x1e, 0xff, 0x90, 0x0,
    0x0, 0x0, 0x3f, 0xff, 0x60, 0x6, 0xff, 0xfb,
    0x20, 0x0, 0x7, 0xff, 0xfc, 0x0, 0x0, 0x8f,
    0xff, 0xfd, 0xcc, 0xff, 0xff, 0xd1, 0x0, 0x0,
    0x6, 0xef, 0xff, 0xff, 0xff, 0xfa, 0x10, 0x0,
    0x0, 0x0, 0x7, 0xbe, 0xfe, 0xd9, 0x30, 0x0,
    0x0,

    /* U+041F "П" */
    0xbf, 0xff, 0xff, 0xff, 0xff, 0xff, 0xff, 0x8b,
    0xff, 0xff, 0xff, 0xff, 0xff, 0xff, 0xf8, 0xbf,
    0xfd, 0xaa, 0xaa, 0xaa, 0xaf, 0xff, 0x8b, 0xff,
    0x30, 0x0, 0x0, 0x0, 0x7f, 0xf8, 0xbf, 0xf3,
    0x0, 0x0, 0x0, 0x7, 0xff, 0x8b, 0xff, 0x30,
    0x0, 0x0, 0x0, 0x7f, 0xf8, 0xbf, 0xf3, 0x0,
    0x0, 0x0, 0x7, 0xff, 0x8b, 0xff, 0x30, 0x0,
    0x0, 0x0, 0x7f, 0xf8, 0xbf, 0xf3, 0x0, 0x0,
    0x0, 0x7, 0xff, 0x8b, 0xff, 0x30, 0x0, 0x0,
    0x0, 0x7f, 0xf8, 0xbf, 0xf3, 0x0, 0x0, 0x0,
    0x7, 0xff, 0x8b, 0xff, 0x30, 0x0, 0x0, 0x0,
    0x7f, 0xf8, 0xbf, 0xf3, 0x0, 0x0, 0x0, 0x7,
    0xff, 0x8b, 0xff, 0x30, 0x0, 0x0, 0x0, 0x7f,
    0xf8, 0xbf, 0xf3, 0x0, 0x0, 0x0, 0x7, 0xff,
    0x8b, 0xff, 0x30, 0x0, 0x0, 0x0, 0x7f, 0xf8,
    0xbf, 0xf3, 0x0, 0x0, 0x0, 0x7, 0xff, 0x80,

    /* U+0420 "Р" */
    0xcf, 0xff, 0xff, 0xff, 0xd9, 0x40, 0x0, 0xcf,
    0xff, 0xff, 0xff, 0xff, 0xfa, 0x0, 0xcf, 0xfe,
    0xaa, 0xab, 0xef, 0xff, 0xa0, 0xcf, 0xf4, 0x0,
    0x0, 0x6, 0xff, 0xf3, 0xcf, 0xf4, 0x0, 0x0,
    0x0, 0xaf, 0xf8, 0xcf, 0xf4, 0x0, 0x0, 0x0,
    0x5f, 0xfa, 0xcf, 0xf4, 0x0, 0x0, 0x0, 0x5f,
    0xfa, 0xcf, 0xf4, 0x0, 0x0, 0x0, 0xaf, 0xf8,
    0xcf, 0xf4, 0x0, 0x0, 0x7, 0xff, 0xf3, 0xcf,
    0xfe, 0xaa, 0xac, 0xef, 0xff, 0xa0, 0xcf, 0xff,
    0xff, 0xff, 0xff, 0xfa, 0x0, 0xcf, 0xff, 0xff,
    0xff, 0xd9, 0x40, 0x0, 0xcf, 0xf4, 0x0, 0x0,
    0x0, 0x0, 0x0, 0xcf, 0xf4, 0x0, 0x0, 0x0,
    0x0, 0x0, 0xcf, 0xf4, 0x0, 0x0, 0x0, 0x0,
    0x0, 0xcf, 0xf4, 0x0, 0x0, 0x0, 0x0, 0x0,
    0xcf, 0xf4, 0x0, 0x0, 0x0, 0x0, 0x0,

    /* U+0421 "С" */
    0x0, 0x0, 0x7, 0xbe, 0xfe, 0xc8, 0x20, 0x0,
    0x0, 0x6, 0xef, 0xff, 0xff, 0xff, 0xf9, 0x0,
    0x0, 0x8f, 0xff, 0xfe, 0xcd, 0xff, 0xff, 0xa0,
    0x6, 0xff, 0xfb, 0x30, 0x0, 0x6, 0xff, 0x50,
    0xe, 0xff, 0x90, 0x0, 0x0, 0x0, 0x24, 0x0,
    0x6f, 0xfd, 0x0, 0x0, 0x0, 0x0, 0x0, 0x0,
    0xbf, 0xf6, 0x0, 0x0, 0x0, 0x0, 0x0, 0x0,
    0xdf, 0xf2, 0x0, 0x0, 0x0, 0x0, 0x0, 0x0,
    0xef, 0xf1, 0x0, 0x0, 0x0, 0x0, 0x0, 0x0,
    0xdf, 0xf2, 0x0, 0x0, 0x0, 0x0, 0x0, 0x0,
    0xbf, 0xf6, 0x0, 0x0, 0x0, 0x0, 0x0, 0x0,
    0x6f, 0xfd, 0x0, 0x0, 0x0, 0x0, 0x0, 0x0,
    0xe, 0xff, 0x90, 0x0, 0x0, 0x0, 0x24, 0x0,
    0x6, 0xff, 0xfb, 0x30, 0x0, 0x6, 0xef, 0x50,
    0x0, 0x8f, 0xff, 0xfe, 0xcc, 0xff, 0xff, 0xb0,
    0x0, 0x6, 0xff, 0xff, 0xff, 0xff, 0xf9, 0x0,
    0x0, 0x0, 0x17, 0xbe, 0xfe, 0xc8, 0x20, 0x0,

    /* U+0422 "Т" */
    0xaf, 0xff, 0xff, 0xff, 0xff, 0xff, 0xff, 0xaf,
    0xff, 0xff, 0xff, 0xff, 0xff, 0xff, 0x6a, 0xaa,
    0xaf, 0xff, 0xfa, 0xaa, 0xa9, 0x0, 0x0, 0x5,
    0xff, 0x90, 0x0, 0x0, 0x0, 0x0, 0x5, 0xff,
    0x90, 0x0, 0x0, 0x0, 0x0, 0x5, 0xff, 0x90,
    0x0, 0x0, 0x0, 0x0, 0x5, 0xff, 0x90, 0x0,
    0x0, 0x0, 0x0, 0x5, 0xff, 0x90, 0x0, 0x0,
    0x0, 0x0, 0x5, 0xff, 0x90, 0x0, 0x0, 0x0,
    0x0, 0x5, 0xff, 0x90, 0x0, 0x0, 0x0, 0x0,
    0x5, 0xff, 0x90, 0x0, 0x0, 0x0, 0x0, 0x5,
    0xff, 0x90, 0x0, 0x0, 0x0, 0x0, 0x5, 0xff,
    0x90, 0x0, 0x0, 0x0, 0x0, 0x5, 0xff, 0x90,
    0x0, 0x0, 0x0, 0x0, 0x5, 0xff, 0x90, 0x0,
    0x0, 0x0, 0x0, 0x5, 0xff, 0x90, 0x0, 0x0,
    0x0, 0x0, 0x5, 0xff, 0x90, 0x0, 0x0,

    /* U+0423 "У" */
    0x7f, 0xfb, 0x0, 0x0, 0x0, 0x0, 0x2f, 0xfd,
    0x0, 0xef, 0xf3, 0x0, 0x0, 0x0, 0x9, 0xff,
    0x40, 0x7, 0xff, 0xa0, 0x0, 0x0, 0x1, 0xff,
    0xc0, 0x0, 0xe, 0xff, 0x20, 0x0, 0x0, 0x9f,
    0xf4, 0x0, 0x0, 0x6f, 0xfa, 0x0, 0x0, 0x1f,
    0xfc, 0x0, 0x0, 0x0, 0xef, 0xf2, 0x0, 0x9,
    0xff, 0x30, 0x0, 0x0, 0x6, 0xff, 0x90, 0x1,
    0xff, 0xb0, 0x0, 0x0, 0x0, 0xd, 0xff, 0x10,
    0x9f, 0xf3, 0x0, 0x0, 0x0, 0x0, 0x6f, 0xf9,
    0x1f, 0xfb, 0x0, 0x0, 0x0, 0x0, 0x0, 0xdf,
    0xfa, 0xff, 0x30, 0x0, 0x0, 0x0, 0x0, 0x5,
    0xff, 0xff, 0xa0, 0x0, 0x0, 0x0, 0x0, 0x0,
    0xd, 0xff, 0xf2, 0x0, 0x0, 0x0, 0x0, 0x0,
    0x0, 0x9f, 0xfa, 0x0, 0x0, 0x0, 0x0, 0x0,
    0x0, 0x1e, 0xff, 0x20, 0x0, 0x0, 0x0, 0x0,
    0x79, 0x9e, 0xff, 0x80, 0x0, 0x0, 0x0, 0x0,
    0xe, 0xff, 0xff, 0xb0, 0x0, 0x0, 0x0, 0x0,
    0x1, 0xef, 0xff, 0x80, 0x0, 0x0, 0x0, 0x0,
    0x0, 0x0, 0x22, 0x0, 0x0, 0x0, 0x0, 0x0,
    0x0,

    /* U+0424 "Ф" */
    0x0, 0x0, 0x0, 0x0, 0x4, 0x88, 0x10, 0x0,
    0x0, 0x0, 0x0, 0x0, 0x0, 0x0, 0x0, 0x9f,
    0xf2, 0x0, 0x0, 0x0, 0x0, 0x0, 0x0, 0x2,
    0x7b, 0xdf, 0xff, 0xfd, 0xa5, 0x10, 0x0, 0x0,
    0x0, 0x1a, 0xff, 0xff, 0xff, 0xff, 0xff, 0xff,
    0x70, 0x0, 0x0, 0x2e, 0xff, 0xfe, 0xaf, 0xff,
    0xbb, 0xff, 0xff, 0xb0, 0x0, 0x1e, 0xff, 0xc3,
    0x0, 0x9f, 0xf2, 0x0, 0x7f, 0xff, 0x80, 0x8,
    0xff, 0xc0, 0x0, 0x9, 0xff, 0x20, 0x0, 0x3f,
    0xff, 0x10, 0xdf, 0xf3, 0x0, 0x0, 0x9f, 0xf2,
    0x0, 0x0, 0xaf, 0xf6, 0xf, 0xfe, 0x0, 0x0,
    0x9, 0xff, 0x20, 0x0, 0x5, 0xff, 0x91, 0xff,
    0xd0, 0x0, 0x0, 0x9f, 0xf2, 0x0, 0x0, 0x4f,
    0xfa, 0xf, 0xff, 0x0, 0x0, 0x9, 0xff, 0x20,
    0x0, 0x5, 0xff, 0x90, 0xdf, 0xf3, 0x0, 0x0,
    0x9f, 0xf2, 0x0, 0x0, 0xaf, 0xf6, 0x8, 0xff,
    0xc0, 0x0, 0x9, 0xff, 0x20, 0x0, 0x3f, 0xff,
    0x10, 0x1e, 0xff, 0xc3, 0x0, 0x9f, 0xf2, 0x0,
    0x6f, 0xff, 0x80, 0x0, 0x2e, 0xff, 0xfd, 0xaf,
    0xff, 0xbb, 0xef, 0xff, 0xb0, 0x0, 0x0, 0x2a,
    0xff, 0xff, 0xff, 0xff, 0xff, 0xff, 0x70, 0x0,
    0x0, 0x0, 0x2, 0x7b, 0xdf, 0xff, 0xfd, 0xa6,
    0x10, 0x0, 0x0, 0x0, 0x0, 0x0, 0x0, 0x9f,
    0xf2, 0x0, 0x0, 0x0, 0x0, 0x0, 0x0, 0x0,
    0x0, 0x4, 0x88, 0x10, 0x0, 0x0, 0x0, 0x0,

    /* U+0425 "Х" */
    0x1e, 0xff, 0x70, 0x0, 0x0, 0xa, 0xff, 0xd0,
    0x5, 0xff, 0xf2, 0x0, 0x0, 0x4f, 0xff, 0x30,
    0x0, 0xaf, 0xfc, 0x0, 0x1, 0xef, 0xf8, 0x0,
    0x0, 0x1e, 0xff, 0x70, 0xa, 0xff, 0xd0, 0x0,
    0x0, 0x5, 0xff, 0xf2, 0x4f, 0xff, 0x30, 0x0,
    0x0, 0x0, 0xbf, 0xfc, 0xef, 0xf8, 0x0, 0x0,
    0x0, 0x0, 0x1f, 0xff, 0xff, 0xd0, 0x0, 0x0,
    0x0, 0x0, 0x6, 0xff, 0xff, 0x30, 0x0, 0x0,
    0x0, 0x0, 0x1, 0xff, 0xff, 0x10, 0x0, 0x0,
    0x0, 0x0, 0xb, 0xff, 0xff, 0xa0, 0x0, 0x0,
    0x0, 0x0, 0x5f, 0xff, 0xff, 0xf5, 0x0, 0x0,
    0x0, 0x1, 0xef, 0xf7, 0xaf, 0xfe, 0x10, 0x0,
    0x0, 0xb, 0xff, 0xc0, 0x1e, 0xff, 0xa0, 0x0,
    0x0, 0x5f, 0xff, 0x20, 0x4, 0xff, 0xf5, 0x0,
    0x1, 0xef, 0xf6, 0x0, 0x0, 0x9f, 0xfe, 0x10,
    0xb, 0xff, 0xb0, 0x0, 0x0, 0xd, 0xff, 0xa0,
    0x5f, 0xff, 0x20, 0x0, 0x0, 0x4, 0xff, 0xf4,

    /* U+0426 "Ц" */
    0xbf, 0xf3, 0x0, 0x0, 0x0, 0xa, 0xff, 0x50,
    0xb, 0xff, 0x30, 0x0, 0x0, 0x0, 0xaf, 0xf5,
    0x0, 0xbf, 0xf3, 0x0, 0x0, 0x0, 0xa, 0xff,
    0x50, 0xb, 0xff, 0x30, 0x0, 0x0, 0x0, 0xaf,
    0xf5, 0x0, 0xbf, 0xf3, 0x0, 0x0, 0x0, 0xa,
    0xff, 0x50, 0xb, 0xff, 0x30, 0x0, 0x0, 0x0,
    0xaf, 0xf5, 0x0, 0xbf, 0xf3, 0x0, 0x0, 0x0,
    0xa, 0xff, 0x50, 0xb, 0xff, 0x30, 0x0, 0x0,
    0x0, 0xaf, 0xf5, 0x0, 0xbf, 0xf3, 0x0, 0x0,
    0x0, 0xa, 0xff, 0x50, 0xb, 0xff, 0x30, 0x0,
    0x0, 0x0, 0xaf, 0xf5, 0x0, 0xbf, 0xf3, 0x0,
    0x0, 0x0, 0xa, 0xff, 0x50, 0xb, 0xff, 0x30,
    0x0, 0x0, 0x0, 0xaf, 0xf5, 0x0, 0xbf, 0xf3,
    0x0, 0x0, 0x0, 0xa, 0xff, 0x50, 0xb, 0xff,
    0x30, 0x0, 0x0, 0x0, 0xaf, 0xf5, 0x0, 0xbf,
    0xfb, 0xaa, 0xaa, 0xaa, 0xaf, 0xff, 0xfa, 0x7b,
    0xff, 0xff, 0xff, 0xff, 0xff, 0xff, 0xff, 0xfb,
    0xbf, 0xff, 0xff, 0xff, 0xff, 0xff, 0xff, 0xff,
    0xb0, 0x0, 0x0, 0x0, 0x0, 0x0, 0x0, 0x1f,
    0xfb, 0x0, 0x0, 0x0, 0x0, 0x0, 0x0, 0x1,
    0xff, 0xb0, 0x0, 0x0, 0x0, 0x0, 0x0, 0x0,
    0x1f, 0xfb, 0x0, 0x0, 0x0, 0x0, 0x0, 0x0,
    0x0, 0x88, 0x50,

    /* U+0427 "Ч" */
    0x5f, 0xf9, 0x0, 0x0, 0x0, 0x9, 0xff, 0x55,
    0xff, 0x90, 0x0, 0x0, 0x0, 0x9f, 0xf5, 0x5f,
    0xf9, 0x0, 0x0, 0x0, 0x9, 0xff, 0x55, 0xff,
    0x90, 0x0, 0x0, 0x0, 0x9f, 0xf5, 0x5f, 0xf9,
    0x0, 0x0, 0x0, 0x9, 0xff, 0x55, 0xff, 0xa0,
    0x0, 0x0, 0x0, 0x9f, 0xf5, 0x4f, 0xfc, 0x0,
    0x0, 0x0, 0x9, 0xff, 0x51, 0xff, 0xf4, 0x0,
    0x0, 0x0, 0xaf, 0xf5, 0xc, 0xff, 0xe6, 0x20,
    0x13, 0x8f, 0xff, 0x50, 0x3f, 0xff, 0xff, 0xff,
    0xff, 0xff, 0xf5, 0x0, 0x4e, 0xff, 0xff, 0xff,
    0xff, 0xff, 0x50, 0x0, 0x5, 0x8a, 0xa9, 0x61,
    0x9f, 0xf5, 0x0, 0x0, 0x0, 0x0, 0x0, 0x9,
    0xff, 0x50, 0x0, 0x0, 0x0, 0x0, 0x0, 0x9f,
    0xf5, 0x0, 0x0, 0x0, 0x0, 0x0, 0x9, 0xff,
    0x50, 0x0, 0x0, 0x0, 0x0, 0x0, 0x9f, 0xf5,
    0x0, 0x0, 0x0, 0x0, 0x0, 0x9, 0xff, 0x50,

    /* U+0428 "Ш" */
    0xbf, 0xf3, 0x0, 0x0, 0xd, 0xff, 0x10, 0x0,
    0x0, 0xff, 0xfb, 0xff, 0x30, 0x0, 0x0, 0xdf,
    0xf1, 0x0, 0x0, 0xf, 0xff, 0xbf, 0xf3, 0x0,
    0x0, 0xd, 0xff, 0x10, 0x0, 0x0, 0xff, 0xfb,
    0xff, 0x30, 0x0, 0x0, 0xdf, 0xf1, 0x0, 0x0,
    0xf, 0xff, 0xbf, 0xf3, 0x0, 0x0, 0xd, 0xff,
    0x10, 0x0, 0x0, 0xff, 0xfb, 0xff, 0x30, 0x0,
    0x0, 0xdf, 0xf1, 0x0, 0x0, 0xf, 0xff, 0xbf,
    0xf3, 0x0, 0x0, 0xd, 0xff, 0x10, 0x0, 0x0,
    0xff, 0xfb, 0xff, 0x30, 0x0, 0x0, 0xdf, 0xf1,
    0x0, 0x0, 0xf, 0xff, 0xbf, 0xf3, 0x0, 0x0,
    0xd, 0xff, 0x10, 0x0, 0x0, 0xff, 0xfb, 0xff,
    0x30, 0x0, 0x0, 0xdf, 0xf1, 0x0, 0x0, 0xf,
    0xff, 0xbf, 0xf3, 0x0, 0x0, 0xd, 0xff, 0x10,
    0x0, 0x0, 0xff, 0xfb, 0xff, 0x30, 0x0, 0x0,
    0xdf, 0xf1, 0x0, 0x0, 0xf, 0xff, 0xbf, 0xf3,
    0x0, 0x0, 0xd, 0xff, 0x10, 0x0, 0x0, 0xff,
    0xfb, 0xff, 0x30, 0x0, 0x0, 0xdf, 0xf1, 0x0,
    0x0, 0xf, 0xff, 0xbf, 0xfd, 0xaa, 0xaa, 0xaf,
    0xff, 0xba, 0xaa, 0xaa, 0xff, 0xfb, 0xff, 0xff,
    0xff, 0xff, 0xff, 0xff, 0xff, 0xff, 0xff, 0xff,
    0xbf, 0xff, 0xff, 0xff, 0xff, 0xff, 0xff, 0xff,
    0xff, 0xff, 0xf0,

    /* U+0429 "Щ" */
    0xbf, 0xf3, 0x0, 0x0, 0xd, 0xff, 0x10, 0x0,
    0x0, 0xff, 0xf0, 0x0, 0xbf, 0xf3, 0x0, 0x0,
    0xd, 0xff, 0x10, 0x0, 0x0, 0xff, 0xf0, 0x0,
    0xbf, 0xf3, 0x0, 0x0, 0xd, 0xff, 0x10, 0x0,
    0x0, 0xff, 0xf0, 0x0, 0xbf, 0xf3, 0x0, 0x0,
    0xd, 0xff, 0x10, 0x0, 0x0, 0xff, 0xf0, 0x0,
    0xbf, 0xf3, 0x0, 0x0, 0xd, 0xff, 0x10, 0x0,
    0x0, 0xff, 0xf0, 0x0, 0xbf, 0xf3, 0x0, 0x0,
    0xd, 0xff, 0x10, 0x0, 0x0, 0xff, 0xf0, 0x0,
    0xbf, 0xf3, 0x0, 0x0, 0xd, 0xff, 0x10, 0x0,
    0x0, 0xff, 0xf0, 0x0, 0xbf, 0xf3, 0x0, 0x0,
    0xd, 0xff, 0x10, 0x0, 0x0, 0xff, 0xf0, 0x0,
    0xbf, 0xf3, 0x0, 0x0, 0xd, 0xff, 0x10, 0x0,
    0x0, 0xff, 0xf0, 0x0, 0xbf, 0xf3, 0x0, 0x0,
    0xd, 0xff, 0x10, 0x0, 0x0, 0xff, 0xf0, 0x0,
    0xbf, 0xf3, 0x0, 0x0, 0xd, 0xff, 0x10, 0x0,
    0x0, 0xff, 0xf0, 0x0, 0xbf, 0xf3, 0x0, 0x0,
    0xd, 0xff, 0x10, 0x0, 0x0, 0xff, 0xf0, 0x0,
    0xbf, 0xf3, 0x0, 0x0, 0xd, 0xff, 0x10, 0x0,
    0x0, 0xff, 0xf0, 0x0, 0xbf, 0xf3, 0x0, 0x0,
    0xd, 0xff, 0x10, 0x0, 0x0, 0xff, 0xf0, 0x0,
    0xbf, 0xfd, 0xaa, 0xaa, 0xaf, 0xff, 0xba, 0xaa,
    0xaa, 0xff, 0xfa, 0xa2, 0xbf, 0xff, 0xff, 0xff,
    0xff, 0xff, 0xff, 0xff, 0xff, 0xff, 0xff, 0xf4,
    0xbf, 0xff, 0xff, 0xff, 0xff, 0xff, 0xff, 0xff,
    0xff, 0xff, 0xff, 0xf4, 0x0, 0x0, 0x0, 0x0,
    0x0, 0x0, 0x0, 0x0, 0x0, 0x0, 0x7f, 0xf4,
    0x0, 0x0, 0x0, 0x0, 0x0, 0x0, 0x0, 0x0,
    0x0, 0x0, 0x7f, 0xf4, 0x0, 0x0, 0x0, 0x0,
    0x0, 0x0, 0x0, 0x0, 0x0, 0x0, 0x7f, 0xf4,
    0x0, 0x0, 0x0, 0x0, 0x0, 0x0, 0x0, 0x0,
    0x0, 0x0, 0x38, 0x82,

    /* U+042A "Ъ" */
    0xaf, 0xff, 0xff, 0xff, 0x0, 0x0, 0x0, 0x0,
    0x0, 0xa, 0xff, 0xff, 0xff, 0xf0, 0x0, 0x0,
    0x0, 0x0, 0x0, 0x6a, 0xaa, 0xaf, 0xff, 0x0,
    0x0, 0x0, 0x0, 0x0, 0x0, 0x0, 0x0, 0xff,
    0xf0, 0x0, 0x0, 0x0, 0x0, 0x0, 0x0, 0x0,
    0xf, 0xff, 0x0, 0x0, 0x0, 0x0, 0x0, 0x0,
    0x0, 0x0, 0xff, 0xf0, 0x0, 0x0, 0x0, 0x0,
    0x0, 0x0, 0x0, 0xf, 0xff, 0xff, 0xff, 0xfe,
    0xc7, 0x0, 0x0, 0x0, 0x0, 0xff, 0xff, 0xff,
    0xff, 0xff, 0xfd, 0x20, 0x0, 0x0, 0xf, 0xff,
    0x66, 0x66, 0x7a, 0xff, 0xfc, 0x0, 0x0, 0x0,
    0xff, 0xf0, 0x0, 0x0, 0x3, 0xff, 0xf3, 0x0,
    0x0, 0xf, 0xff, 0x0, 0x0, 0x0, 0xb, 0xff,
    0x60, 0x0, 0x0, 0xff, 0xf0, 0x0, 0x0, 0x0,
    0x9f, 0xf6, 0x0, 0x0, 0xf, 0xff, 0x0, 0x0,
    0x0, 0xc, 0xff, 0x50, 0x0, 0x0, 0xff, 0xf0,
    0x0, 0x0, 0x5, 0xff, 0xf1, 0x0, 0x0, 0xf,
    0xff, 0x66, 0x66, 0x7b, 0xff, 0xf9, 0x0, 0x0,
    0x0, 0xff, 0xff, 0xff, 0xff, 0xff, 0xfb, 0x0,
    0x0, 0x0, 0xf, 0xff, 0xff, 0xff, 0xfe, 0xa4,
    0x0, 0x0,

    /* U+042B "Ы" */
    0xbf, 0xf3, 0x0, 0x0, 0x0, 0x0, 0x0, 0x0,
    0xff, 0xfb, 0xff, 0x30, 0x0, 0x0, 0x0, 0x0,
    0x0, 0xf, 0xff, 0xbf, 0xf3, 0x0, 0x0, 0x0,
    0x0, 0x0, 0x0, 0xff, 0xfb, 0xff, 0x30, 0x0,
    0x0, 0x0, 0x0, 0x0, 0xf, 0xff, 0xbf, 0xf3,
    0x0, 0x0, 0x0, 0x0, 0x0, 0x0, 0xff, 0xfb,
    0xff, 0x30, 0x0, 0x0, 0x0, 0x0, 0x0, 0xf,
    0xff, 0xbf, 0xff, 0xff, 0xff, 0xfd, 0x82, 0x0,
    0x0, 0xff, 0xfb, 0xff, 0xff, 0xff, 0xff, 0xff,
    0xf4, 0x0, 0xf, 0xff, 0xbf, 0xf8, 0x66, 0x66,
    0x9e, 0xff, 0xf1, 0x0, 0xff, 0xfb, 0xff, 0x30,
    0x0, 0x0, 0x1d, 0xff, 0x60, 0xf, 0xff, 0xbf,
    0xf3, 0x0, 0x0, 0x0, 0x7f, 0xf9, 0x0, 0xff,
    0xfb, 0xff, 0x30, 0x0, 0x0, 0x5, 0xff, 0xa0,
    0xf, 0xff, 0xbf, 0xf3, 0x0, 0x0, 0x0, 0x8f,
    0xf9, 0x0, 0xff, 0xfb, 0xff, 0x30, 0x0, 0x0,
    0x2f, 0xff, 0x50, 0xf, 0xff, 0xbf, 0xf8, 0x66,
    0x67, 0xaf, 0xff, 0xd0, 0x0, 0xff, 0xfb, 0xff,
    0xff, 0xff, 0xff, 0xff, 0xd2, 0x0, 0xf, 0xff,
    0xbf, 0xff, 0xff, 0xff, 0xeb, 0x60, 0x0, 0x0,
    0xff, 0xf0,

    /* U+042C "Ь" */
    0xbf, 0xf3, 0x0, 0x0, 0x0, 0x0, 0x0, 0xbf,
    0xf3, 0x0, 0x0, 0x0, 0x0, 0x0, 0xbf, 0xf3,
    0x0, 0x0, 0x0, 0x0, 0x0, 0xbf, 0xf3, 0x0,
    0x0, 0x0, 0x0, 0x0, 0xbf, 0xf3, 0x0, 0x0,
    0x0, 0x0, 0x0, 0xbf, 0xf3, 0x0, 0x0, 0x0,
    0x0, 0x0, 0xbf, 0xff, 0xff, 0xff, 0xfd, 0x82,
    0x0, 0xbf, 0xff, 0xff, 0xff, 0xff, 0xff, 0x40,
    0xbf, 0xf8, 0x66, 0x66, 0x9e, 0xff, 0xf1, 0xbf,
    0xf3, 0x0, 0x0, 0x1, 0xdf, 0xf6, 0xbf, 0xf3,
    0x0, 0x0, 0x0, 0x7f, 0xf9, 0xbf, 0xf3, 0x0,
    0x0, 0x0, 0x5f, 0xfa, 0xbf, 0xf3, 0x0, 0x0,
    0x0, 0x8f, 0xf9, 0xbf, 0xf3, 0x0, 0x0, 0x2,
    0xff, 0xf5, 0xbf, 0xf8, 0x66, 0x67, 0xaf, 0xff,
    0xd0, 0xbf, 0xff, 0xff, 0xff, 0xff, 0xfd, 0x20,
    0xbf, 0xff, 0xff, 0xff, 0xeb, 0x60, 0x0,

    /* U+042D "Э" */
    0x0, 0x4, 0xad, 0xff, 0xd9, 0x40, 0x0, 0x0,
    0x2, 0xcf, 0xff, 0xff, 0xff, 0xfb, 0x10, 0x0,
    0x2e, 0xff, 0xfe, 0xcd, 0xff, 0xff, 0xd1, 0x0,
    0xb, 0xfb, 0x30, 0x0, 0x7, 0xff, 0xfc, 0x0,
    0x0, 0x60, 0x0, 0x0, 0x0, 0x3f, 0xff, 0x50,
    0x0, 0x0, 0x0, 0x0, 0x0, 0x8, 0xff, 0xb0,
    0x0, 0x0, 0x0, 0x0, 0x0, 0x1, 0xff, 0xf0,
    0x0, 0x0, 0x1f, 0xff, 0xff, 0xff, 0xff, 0xf2,
    0x0, 0x0, 0x1f, 0xff, 0xff, 0xff, 0xff, 0xf3,
    0x0, 0x0, 0x7, 0x77, 0x77, 0x77, 0xff, 0xf2,
    0x0, 0x0, 0x0, 0x0, 0x0, 0x1, 0xff, 0xf0,
    0x0, 0x0, 0x0, 0x0, 0x0, 0x8, 0xff, 0xc0,
    0x0, 0x70, 0x0, 0x0, 0x0, 0x3f, 0xff, 0x50,
    0xb, 0xfc, 0x30, 0x0, 0x6, 0xff, 0xfc, 0x0,
    0x2e, 0xff, 0xfe, 0xcc, 0xff, 0xff, 0xd1, 0x0,
    0x2, 0xcf, 0xff, 0xff, 0xff, 0xfb, 0x10, 0x0,
    0x0, 0x5, 0xad, 0xff, 0xda, 0x40, 0x0, 0x0,

    /* U+042E "Ю" */
    0xbf, 0xf3, 0x0, 0x0, 0x0, 0x39, 0xdf, 0xfd,
    0x94, 0x0, 0x0, 0xb, 0xff, 0x30, 0x0, 0x1,
    0xbf, 0xff, 0xff, 0xff, 0xfb, 0x10, 0x0, 0xbf,
    0xf3, 0x0, 0x1, 0xdf, 0xff, 0xfc, 0xcf, 0xff,
    0xfe, 0x20, 0xb, 0xff, 0x30, 0x0, 0xcf, 0xff,
    0x60, 0x0, 0x6, 0xef, 0xfd, 0x0, 0xbf, 0xf3,
    0x0, 0x5f, 0xff, 0x30, 0x0, 0x0, 0x2, 0xff,
    0xf6, 0xb, 0xff, 0x30, 0xc, 0xff, 0x70, 0x0,
    0x0, 0x0, 0x6, 0xff, 0xd0, 0xbf, 0xf3, 0x1,
    0xff, 0xf0, 0x0, 0x0, 0x0, 0x0, 0xf, 0xff,
    0x2b, 0xff, 0xff, 0xff, 0xfc, 0x0, 0x0, 0x0,
    0x0, 0x0, 0xbf, 0xf4, 0xbf, 0xff, 0xff, 0xff,
    0xb0, 0x0, 0x0, 0x0, 0x0, 0xa, 0xff, 0x5b,
    0xff, 0xdc, 0xff, 0xfc, 0x0, 0x0, 0x0, 0x0,
    0x0, 0xbf, 0xf4, 0xbf, 0xf3, 0x1, 0xff, 0xf0,
    0x0, 0x0, 0x0, 0x0, 0xf, 0xff, 0x2b, 0xff,
    0x30, 0xc, 0xff, 0x70, 0x0, 0x0, 0x0, 0x6,
    0xff, 0xd0, 0xbf, 0xf3, 0x0, 0x6f, 0xff, 0x20,
    0x0, 0x0, 0x2, 0xef, 0xf6, 0xb, 0xff, 0x30,
    0x0, 0xcf, 0xff, 0x60, 0x0, 0x5, 0xef, 0xfd,
    0x0, 0xbf, 0xf3, 0x0, 0x1, 0xdf, 0xff, 0xfc,
    0xcf, 0xff, 0xfe, 0x20, 0xb, 0xff, 0x30, 0x0,
    0x1, 0xbf, 0xff, 0xff, 0xff, 0xfb, 0x10, 0x0,
    0xbf, 0xf3, 0x0, 0x0, 0x0, 0x39, 0xdf, 0xfd,
    0x94, 0x0, 0x0, 0x0,

    /* U+042F "Я" */
    0x0, 0x4, 0xad, 0xff, 0xff, 0xff, 0xf9, 0x0,
    0xaf, 0xff, 0xff, 0xff, 0xff, 0xf9, 0xa, 0xff,
    0xfd, 0xba, 0xaa, 0xff, 0xf9, 0x4f, 0xff, 0x60,
    0x0, 0x0, 0x6f, 0xf9, 0xaf, 0xf9, 0x0, 0x0,
    0x0, 0x6f, 0xf9, 0xcf, 0xf4, 0x0, 0x0, 0x0,
    0x6f, 0xf9, 0xdf, 0xf3, 0x0, 0x0, 0x0, 0x6f,
    0xf9, 0xcf, 0xf5, 0x0, 0x0, 0x0, 0x6f, 0xf9,
    0x8f, 0xfc, 0x0, 0x0, 0x0, 0x6f, 0xf9, 0x2f,
    0xff, 0xb3, 0x0, 0x0, 0x6f, 0xf9, 0x7, 0xff,
    0xff, 0xff, 0xff, 0xff, 0xf9, 0x0, 0x6f, 0xff,
    0xff, 0xff, 0xff, 0xf9, 0x0, 0xb, 0xff, 0xd9,
    0x99, 0xef, 0xf9, 0x0, 0x6f, 0xfa, 0x0, 0x0,
    0x6f, 0xf9, 0x2, 0xff, 0xe1, 0x0, 0x0, 0x6f,
    0xf9, 0xc, 0xff, 0x50, 0x0, 0x0, 0x6f, 0xf9,
    0x7f, 0xfa, 0x0, 0x0, 0x0, 0x6f, 0xf9,

    /* U+0430 "а" */
    0x0, 0x28, 0xce, 0xfe, 0xb6, 0x0, 0x0, 0x6f,
    0xff, 0xff, 0xff, 0xfb, 0x0, 0x2, 0xff, 0xb8,
    0x8b, 0xff, 0xf7, 0x0, 0x5, 0x0, 0x0, 0x6,
    0xff, 0xd0, 0x0, 0x0, 0x0, 0x0, 0xe, 0xff,
    0x0, 0x2, 0x9d, 0xff, 0xff, 0xff, 0xf1, 0x3,
    0xff, 0xff, 0xff, 0xff, 0xff, 0x10, 0xcf, 0xf7,
    0x10, 0x0, 0xcf, 0xf1, 0xf, 0xfd, 0x0, 0x0,
    0xd, 0xff, 0x10, 0xff, 0xe0, 0x0, 0x3, 0xff,
    0xf1, 0xb, 0xff, 0x81, 0x15, 0xef, 0xff, 0x10,
    0x2f, 0xff, 0xff, 0xff, 0xdf, 0xf1, 0x0, 0x29,
    0xef, 0xea, 0x39, 0xff, 0x10,

    /* U+0431 "б" */
    0x0, 0x0, 0x0, 0x0, 0x0, 0x15, 0x30, 0x0,
    0x0, 0x0, 0x36, 0xad, 0xff, 0x80, 0x0, 0x0,
    0x7e, 0xff, 0xff, 0xff, 0xb0, 0x0, 0x2d, 0xff,
    0xff, 0xfe, 0xa7, 0x30, 0x0, 0xdf, 0xff, 0x95,
    0x10, 0x0, 0x0, 0x9, 0xff, 0xb1, 0x0, 0x0,
    0x0, 0x0, 0x1f, 0xfd, 0x0, 0x0, 0x0, 0x0,
    0x0, 0x6f, 0xf6, 0x29, 0xef, 0xeb, 0x40, 0x0,
    0x9f, 0xf7, 0xff, 0xff, 0xff, 0xf9, 0x0, 0xbf,
    0xff, 0xfd, 0x99, 0xdf, 0xff, 0x70, 0xcf, 0xff,
    0x70, 0x0, 0x8, 0xff, 0xf0, 0xbf, 0xfc, 0x0,
    0x0, 0x0, 0xcf, 0xf4, 0xaf, 0xf7, 0x0, 0x0,
    0x0, 0x8f, 0xf6, 0x8f, 0xf7, 0x0, 0x0, 0x0,
    0x8f, 0xf6, 0x4f, 0xfc, 0x0, 0x0, 0x0, 0xcf,
    0xf4, 0xe, 0xff, 0x70, 0x0, 0x7, 0xff, 0xe0,
    0x5, 0xff, 0xfc, 0x77, 0xbf, 0xff, 0x50, 0x0,
    0x7f, 0xff, 0xff, 0xff, 0xf6, 0x0, 0x0, 0x3,
    0xae, 0xfe, 0xd8, 0x20, 0x0,

    /* U+0432 "в" */
    0x1f, 0xff, 0xff, 0xfe, 0xd8, 0x10, 0x1, 0xff,
    0xff, 0xff, 0xff, 0xfe, 0x10, 0x1f, 0xfb, 0x33,
    0x35, 0xdf, 0xf9, 0x1, 0xff, 0xa0, 0x0, 0x3,
    0xff, 0xb0, 0x1f, 0xfa, 0x0, 0x0, 0x2f, 0xf8,
    0x1, 0xff, 0xa0, 0x0, 0x2b, 0xfd, 0x10, 0x1f,
    0xff, 0xff, 0xff, 0xff, 0x50, 0x1, 0xff, 0xff,
    0xff, 0xff, 0xff, 0x70, 0x1f, 0xfa, 0x0, 0x0,
    0x4f, 0xff, 0x1, 0xff, 0xa0, 0x0, 0x0, 0xbf,
    0xf1, 0x1f, 0xfb, 0x33, 0x33, 0x7f, 0xfe, 0x1,
    0xff, 0xff, 0xff, 0xff, 0xff, 0x60, 0x1f, 0xff,
    0xff, 0xff, 0xeb, 0x40, 0x0,

    /* U+0433 "г" */
    0x1f, 0xff, 0xff, 0xff, 0xff, 0x51, 0xff, 0xff,
    0xff, 0xff, 0xf5, 0x1f, 0xff, 0x99, 0x99, 0x99,
    0x31, 0xff, 0xd0, 0x0, 0x0, 0x0, 0x1f, 0xfd,
    0x0, 0x0, 0x0, 0x1, 0xff, 0xd0, 0x0, 0x0,
    0x0, 0x1f, 0xfd, 0x0, 0x0, 0x0, 0x1, 0xff,
    0xd0, 0x0, 0x0, 0x0, 0x1f, 0xfd, 0x0, 0x0,
    0x0, 0x1, 0xff, 0xd0, 0x0, 0x0, 0x0, 0x1f,
    0xfd, 0x0, 0x0, 0x0, 0x1, 0xff, 0xd0, 0x0,
    0x0, 0x0, 0x1f, 0xfd, 0x0, 0x0, 0x0, 0x0,

    /* U+0434 "д" */
    0x0, 0xe, 0xff, 0xff, 0xff, 0xff, 0xf3, 0x0,
    0x0, 0xf, 0xff, 0xff, 0xff, 0xff, 0xf3, 0x0,
    0x0, 0xf, 0xfd, 0x99, 0x99, 0xdf, 0xf3, 0x0,
    0x0, 0xf, 0xf9, 0x0, 0x0, 0xaf, 0xf3, 0x0,
    0x0, 0x1f, 0xf9, 0x0, 0x0, 0xaf, 0xf3, 0x0,
    0x0, 0x2f, 0xf8, 0x0, 0x0, 0xaf, 0xf3, 0x0,
    0x0, 0x3f, 0xf7, 0x0, 0x0, 0xaf, 0xf3, 0x0,
    0x0, 0x5f, 0xf5, 0x0, 0x0, 0xaf, 0xf3, 0x0,
    0x0, 0x8f, 0xf2, 0x0, 0x0, 0xaf, 0xf3, 0x0,
    0x0, 0xef, 0xd0, 0x0, 0x0, 0xaf, 0xf3, 0x0,
    0x7f, 0xff, 0xc8, 0x88, 0x88, 0xff, 0xfc, 0x80,
    0xcf, 0xff, 0xff, 0xff, 0xff, 0xff, 0xff, 0xf0,
    0xcf, 0xff, 0xff, 0xff, 0xff, 0xff, 0xff, 0xf0,
    0xcf, 0xe0, 0x0, 0x0, 0x0, 0x0, 0xaf, 0xf0,
    0xcf, 0xe0, 0x0, 0x0, 0x0, 0x0, 0xaf, 0xf0,
    0xcf, 0xe0, 0x0, 0x0, 0x0, 0x0, 0xaf, 0xf0,

    /* U+0435 "е" */
    0x0, 0x0, 0x6c, 0xef, 0xd9, 0x20, 0x0, 0x0,
    0x1c, 0xff, 0xff, 0xff, 0xf6, 0x0, 0x0, 0xdf,
    0xfd, 0x87, 0xaf, 0xff, 0x40, 0x7, 0xff, 0xa0,
    0x0, 0x2, 0xff, 0xd0, 0xd, 0xff, 0x0, 0x0,
    0x0, 0x7f, 0xf3, 0xf, 0xff, 0xff, 0xff, 0xff,
    0xff, 0xf5, 0x1f, 0xff, 0xff, 0xff, 0xff, 0xff,
    0xf6, 0xf, 0xfc, 0x0, 0x0, 0x0, 0x0, 0x0,
    0xd, 0xff, 0x20, 0x0, 0x0, 0x0, 0x0, 0x6,
    0xff, 0xd2, 0x0, 0x0, 0x98, 0x0, 0x0, 0xcf,
    0xff, 0xb9, 0xae, 0xff, 0x40, 0x0, 0x1b, 0xff,
    0xff, 0xff, 0xfd, 0x10, 0x0, 0x0, 0x5b, 0xef,
    0xec, 0x60, 0x0,

    /* U+0436 "ж" */
    0x3f, 0xfd, 0x0, 0x0, 0x5f, 0xf8, 0x0, 0x0,
    0xaf, 0xf6, 0x0, 0xaf, 0xf6, 0x0, 0x5, 0xff,
    0x80, 0x0, 0x3f, 0xfd, 0x0, 0x1, 0xff, 0xe0,
    0x0, 0x5f, 0xf8, 0x0, 0xc, 0xff, 0x40, 0x0,
    0x7, 0xff, 0x70, 0x5, 0xff, 0x80, 0x4, 0xff,
    0xa0, 0x0, 0x0, 0xe, 0xff, 0x10, 0x5f, 0xf8,
    0x0, 0xdf, 0xf2, 0x0, 0x0, 0x0, 0x5f, 0xff,
    0x8d, 0xff, 0xf8, 0xef, 0xf8, 0x0, 0x0, 0x0,
    0x0, 0xff, 0xff, 0xff, 0xff, 0xff, 0xff, 0x10,
    0x0, 0x0, 0x0, 0x6f, 0xff, 0xff, 0xff, 0xff,
    0xff, 0xf9, 0x0, 0x0, 0x0, 0x1e, 0xff, 0x40,
    0x5f, 0xf8, 0x2, 0xff, 0xf3, 0x0, 0x0, 0xa,
    0xff, 0xb0, 0x5, 0xff, 0x80, 0x8, 0xff, 0xd0,
    0x0, 0x4, 0xff, 0xf2, 0x0, 0x5f, 0xf8, 0x0,
    0xd, 0xff, 0x70, 0x0, 0xdf, 0xf8, 0x0, 0x5,
    0xff, 0x80, 0x0, 0x5f, 0xff, 0x20, 0x7f, 0xfd,
    0x0, 0x0, 0x5f, 0xf8, 0x0, 0x0, 0xbf, 0xfb,
    0x0,

    /* U+0437 "з" */
    0x0, 0x6b, 0xef, 0xec, 0x82, 0x0, 0xd, 0xff,
    0xff, 0xff, 0xff, 0x50, 0x8, 0xfc, 0x97, 0x8c,
    0xff, 0xf1, 0x1, 0x0, 0x0, 0x0, 0xbf, 0xf4,
    0x0, 0x0, 0x0, 0x3, 0xdf, 0xf2, 0x0, 0x7,
    0xff, 0xff, 0xff, 0x80, 0x0, 0x7, 0xff, 0xff,
    0xfb, 0x0, 0x0, 0x0, 0x0, 0x3, 0xcf, 0xe2,
    0x0, 0x0, 0x0, 0x0, 0x4f, 0xf9, 0x6, 0x20,
    0x0, 0x0, 0x8f, 0xfa, 0xf, 0xfc, 0x98, 0x8c,
    0xff, 0xf5, 0x3f, 0xff, 0xff, 0xff, 0xff, 0x80,
    0x1, 0x7b, 0xef, 0xfd, 0x93, 0x0,

    /* U+0438 "и" */
    0x1f, 0xfd, 0x0, 0x0, 0x0, 0xcf, 0xf3, 0x1f,
    0xfd, 0x0, 0x0, 0x9, 0xff, 0xf3, 0x1f, 0xfd,
    0x0, 0x0, 0x6f, 0xff, 0xf3, 0x1f, 0xfd, 0x0,
    0x3, 0xff, 0xff, 0xf3, 0x1f, 0xfd, 0x0, 0x1e,
    0xff, 0xef, 0xf3, 0x1f, 0xfd, 0x0, 0xbf, 0xf8,
    0xaf, 0xf3, 0x1f, 0xfd, 0x8, 0xff, 0xb0, 0xaf,
    0xf3, 0x1f, 0xfd, 0x5f, 0xfd, 0x10, 0xaf, 0xf3,
    0x1f, 0xfe, 0xff, 0xf2, 0x0, 0xaf, 0xf3, 0x1f,
    0xff, 0xff, 0x50, 0x0, 0xaf, 0xf3, 0x1f, 0xff,
    0xf8, 0x0, 0x0, 0xaf, 0xf3, 0x1f, 0xff, 0xb0,
    0x0, 0x0, 0xaf, 0xf3, 0x1f, 0xfe, 0x10, 0x0,
    0x0, 0xaf, 0xf3,

    /* U+0439 "й" */
    0x0, 0xd, 0xf0, 0x0, 0x4f, 0xa0, 0x0, 0x0,
    0xa, 0xf9, 0x12, 0xcf, 0x70, 0x0, 0x0, 0x2,
    0xef, 0xff, 0xfd, 0x0, 0x0, 0x0, 0x0, 0x17,
    0x99, 0x60, 0x0, 0x0, 0x0, 0x0, 0x0, 0x0,
    0x0, 0x0, 0x0, 0x1f, 0xfd, 0x0, 0x0, 0x0,
    0xcf, 0xf3, 0x1f, 0xfd, 0x0, 0x0, 0x9, 0xff,
    0xf3, 0x1f, 0xfd, 0x0, 0x0, 0x6f, 0xff, 0xf3,
    0x1f, 0xfd, 0x0, 0x3, 0xff, 0xff, 0xf3, 0x1f,
    0xfd, 0x0, 0x1e, 0xff, 0xef, 0xf3, 0x1f, 0xfd,
    0x0, 0xbf, 0xf8, 0xaf, 0xf3, 0x1f, 0xfd, 0x8,
    0xff, 0xb0, 0xaf, 0xf3, 0x1f, 0xfd, 0x5f, 0xfd,
    0x10, 0xaf, 0xf3, 0x1f, 0xfe, 0xff, 0xf2, 0x0,
    0xaf, 0xf3, 0x1f, 0xff, 0xff, 0x50, 0x0, 0xaf,
    0xf3, 0x1f, 0xff, 0xf8, 0x0, 0x0, 0xaf, 0xf3,
    0x1f, 0xff, 0xb0, 0x0, 0x0, 0xaf, 0xf3, 0x1f,
    0xfe, 0x10, 0x0, 0x0, 0xaf, 0xf3,

    /* U+043A "к" */
    0x1f, 0xfd, 0x0, 0x0, 0x9, 0xff, 0x70, 0x1f,
    0xfd, 0x0, 0x0, 0x4f, 0xfc, 0x0, 0x1f, 0xfd,
    0x0, 0x0, 0xef, 0xf2, 0x0, 0x1f, 0xfd, 0x0,
    0x9, 0xff, 0x60, 0x0, 0x1f, 0xfd, 0x0, 0x4f,
    0xfb, 0x0, 0x0, 0x1f, 0xff, 0x88, 0xff, 0xe1,
    0x0, 0x0, 0x1f, 0xff, 0xff, 0xff, 0xb0, 0x0,
    0x0, 0x1f, 0xff, 0xff, 0xff, 0xf2, 0x0, 0x0,
    0x1f, 0xfd, 0x0, 0x9f, 0xfd, 0x0, 0x0, 0x1f,
    0xfd, 0x0, 0xd, 0xff, 0x90, 0x0, 0x1f, 0xfd,
    0x0, 0x2, 0xff, 0xf4, 0x0, 0x1f, 0xfd, 0x0,
    0x0, 0x5f, 0xfe, 0x10, 0x1f, 0xfd, 0x0, 0x0,
    0xa, 0xff, 0xb0,

    /* U+043B "л" */
    0x0, 0xe, 0xff, 0xff, 0xff, 0xff, 0xf1, 0x0,
    0xf, 0xff, 0xff, 0xff, 0xff, 0xf1, 0x0, 0xf,
    0xff, 0x99, 0x99, 0xff, 0xf1, 0x0, 0xf, 0xf8,
    0x0, 0x0, 0xdf, 0xf1, 0x0, 0xf, 0xf7, 0x0,
    0x0, 0xdf, 0xf1, 0x0, 0x1f, 0xf6, 0x0, 0x0,
    0xdf, 0xf1, 0x0, 0x2f, 0xf5, 0x0, 0x0, 0xdf,
    0xf1, 0x0, 0x4f, 0xf4, 0x0, 0x0, 0xdf, 0xf1,
    0x0, 0x7f, 0xf2, 0x0, 0x0, 0xdf, 0xf1, 0x0,
    0xdf, 0xf0, 0x0, 0x0, 0xdf, 0xf1, 0x8e, 0xff,
    0xa0, 0x0, 0x0, 0xdf, 0xf1, 0xcf, 0xff, 0x30,
    0x0, 0x0, 0xdf, 0xf1, 0xdf, 0xd5, 0x0, 0x0,
    0x0, 0xdf, 0xf1,

    /* U+043C "м" */
    0x1f, 0xff, 0x30, 0x0, 0x0, 0x0, 0x6f, 0xf9,
    0x1f, 0xff, 0xb0, 0x0, 0x0, 0x0, 0xef, 0xf9,
    0x1f, 0xff, 0xf4, 0x0, 0x0, 0x8, 0xff, 0xf9,
    0x1f, 0xff, 0xfc, 0x0, 0x0, 0x1f, 0xff, 0xf9,
    0x1f, 0xfe, 0xff, 0x50, 0x0, 0xaf, 0xef, 0xf9,
    0x1f, 0xf8, 0xcf, 0xd0, 0x3, 0xff, 0x5f, 0xf9,
    0x1f, 0xf8, 0x3f, 0xf6, 0xc, 0xfc, 0xf, 0xf9,
    0x1f, 0xf8, 0xb, 0xfe, 0x6f, 0xf3, 0xf, 0xf9,
    0x1f, 0xf8, 0x2, 0xff, 0xff, 0xa0, 0xf, 0xf9,
    0x1f, 0xf8, 0x0, 0x9f, 0xff, 0x10, 0xf, 0xf9,
    0x1f, 0xf8, 0x0, 0x1e, 0xf8, 0x0, 0xf, 0xf9,
    0x1f, 0xf8, 0x0, 0x5, 0x90, 0x0, 0xf, 0xf9,
    0x1f, 0xf8, 0x0, 0x0, 0x0, 0x0, 0xf, 0xf9,

    /* U+043D "н" */
    0x1f, 0xfd, 0x0, 0x0, 0x0, 0xff, 0xe1, 0xff,
    0xd0, 0x0, 0x0, 0xf, 0xfe, 0x1f, 0xfd, 0x0,
    0x0, 0x0, 0xff, 0xe1, 0xff, 0xd0, 0x0, 0x0,
    0xf, 0xfe, 0x1f, 0xfd, 0x0, 0x0, 0x0, 0xff,
    0xe1, 0xff, 0xe8, 0x88, 0x88, 0x8f, 0xfe, 0x1f,
    0xff, 0xff, 0xff, 0xff, 0xff, 0xe1, 0xff, 0xff,
    0xff, 0xff, 0xff, 0xfe, 0x1f, 0xfd, 0x0, 0x0,
    0x0, 0xff, 0xe1, 0xff, 0xd0, 0x0, 0x0, 0xf,
    0xfe, 0x1f, 0xfd, 0x0, 0x0, 0x0, 0xff, 0xe1,
    0xff, 0xd0, 0x0, 0x0, 0xf, 0xfe, 0x1f, 0xfd,
    0x0, 0x0, 0x0, 0xff, 0xe0,

    /* U+043E "о" */
    0x0, 0x0, 0x5b, 0xef, 0xda, 0x40, 0x0, 0x0,
    0x1b, 0xff, 0xff, 0xff, 0xfa, 0x0, 0x0, 0xcf,
    0xff, 0xb9, 0xbf, 0xff, 0xa0, 0x6, 0xff, 0xd2,
    0x0, 0x3, 0xef, 0xf4, 0xd, 0xff, 0x30, 0x0,
    0x0, 0x6f, 0xfa, 0xf, 0xfe, 0x0, 0x0, 0x0,
    0xf, 0xfd, 0x1f, 0xfc, 0x0, 0x0, 0x0, 0xf,
    0xff, 0xf, 0xfe, 0x0, 0x0, 0x0, 0x1f, 0xfd,
    0xc, 0xff, 0x40, 0x0, 0x0, 0x6f, 0xfa, 0x6,
    0xff, 0xd2, 0x0, 0x3, 0xff, 0xf4, 0x0, 0xcf,
    0xff, 0xb9, 0xcf, 0xff, 0x90, 0x0, 0x1b, 0xff,
    0xff, 0xff, 0xf9, 0x0, 0x0, 0x0, 0x5b, 0xef,
    0xea, 0x40, 0x0,

    /* U+043F "п" */
    0x1f, 0xff, 0xff, 0xff, 0xff, 0xff, 0xb1, 0xff,
    0xff, 0xff, 0xff, 0xff, 0xfb, 0x1f, 0xff, 0x99,
    0x99, 0x9b, 0xff, 0xb1, 0xff, 0xd0, 0x0, 0x0,
    0x2f, 0xfb, 0x1f, 0xfd, 0x0, 0x0, 0x2, 0xff,
    0xb1, 0xff, 0xd0, 0x0, 0x0, 0x2f, 0xfb, 0x1f,
    0xfd, 0x0, 0x0, 0x2, 0xff, 0xb1, 0xff, 0xd0,
    0x0, 0x0, 0x2f, 0xfb, 0x1f, 0xfd, 0x0, 0x0,
    0x2, 0xff, 0xb1, 0xff, 0xd0, 0x0, 0x0, 0x2f,
    0xfb, 0x1f, 0xfd, 0x0, 0x0, 0x2, 0xff, 0xb1,
    0xff, 0xd0, 0x0, 0x0, 0x2f, 0xfb, 0x1f, 0xfd,
    0x0, 0x0, 0x2, 0xff, 0xb0,

    /* U+0440 "р" */
    0x1f, 0xfa, 0x18, 0xdf, 0xeb, 0x50, 0x0, 0x1f,
    0xfc, 0xdf, 0xff, 0xff, 0xfb, 0x10, 0x1f, 0xff,
    0xff, 0xb9, 0xbf, 0xff, 0xb0, 0x1f, 0xff, 0xd2,
    0x0, 0x3, 0xff, 0xf5, 0x1f, 0xff, 0x30, 0x0,
    0x0, 0x6f, 0xfb, 0x1f, 0xff, 0x0, 0x0, 0x0,
    0x1f, 0xfd, 0x1f, 0xff, 0x0, 0x0, 0x0, 0xf,
    0xff, 0x1f, 0xff, 0x0, 0x0, 0x0, 0x1f, 0xfd,
    0x1f, 0xff, 0x40, 0x0, 0x0, 0x7f, 0xfa, 0x1f,
    0xff, 0xd2, 0x0, 0x4, 0xff, 0xf5, 0x1f, 0xff,
    0xff, 0xb9, 0xcf, 0xff, 0xb0, 0x1f, 0xfe, 0xdf,
    0xff, 0xff, 0xfb, 0x10, 0x1f, 0xfd, 0x7, 0xdf,
    0xeb, 0x50, 0x0, 0x1f, 0xfd, 0x0, 0x0, 0x0,
    0x0, 0x0, 0x1f, 0xfd, 0x0, 0x0, 0x0, 0x0,
    0x0, 0x1f, 0xfd, 0x0, 0x0, 0x0, 0x0, 0x0,
    0x1f, 0xfd, 0x0, 0x0, 0x0, 0x0, 0x0, 0x1f,
    0xfd, 0x0, 0x0, 0x0, 0x0, 0x0,

    /* U+0441 "с" */
    0x0, 0x0, 0x5b, 0xef, 0xeb, 0x40, 0x0, 0x1,
    0xbf, 0xff, 0xff, 0xff, 0x90, 0x0, 0xcf, 0xff,
    0xb9, 0xbf, 0xff, 0x70, 0x6f, 0xfd, 0x20, 0x0,
    0x3e, 0xb2, 0xd, 0xff, 0x30, 0x0, 0x0, 0x10,
    0x0, 0xff, 0xe0, 0x0, 0x0, 0x0, 0x0, 0x1f,
    0xfc, 0x0, 0x0, 0x0, 0x0, 0x0, 0xff, 0xe0,
    0x0, 0x0, 0x0, 0x0, 0xc, 0xff, 0x30, 0x0,
    0x0, 0x20, 0x0, 0x6f, 0xfd, 0x20, 0x0, 0x3f,
    0xc2, 0x0, 0xbf, 0xff, 0xb9, 0xbf, 0xff, 0x60,
    0x1, 0xbf, 0xff, 0xff, 0xff, 0x90, 0x0, 0x0,
    0x5b, 0xef, 0xeb, 0x40, 0x0,

    /* U+0442 "т" */
    0xdf, 0xff, 0xff, 0xff, 0xff, 0xfa, 0xdf, 0xff,
    0xff, 0xff, 0xff, 0xfa, 0x79, 0x99, 0xff, 0xfe,
    0x99, 0x95, 0x0, 0x0, 0x8f, 0xf5, 0x0, 0x0,
    0x0, 0x0, 0x8f, 0xf5, 0x0, 0x0, 0x0, 0x0,
    0x8f, 0xf5, 0x0, 0x0, 0x0, 0x0, 0x8f, 0xf5,
    0x0, 0x0, 0x0, 0x0, 0x8f, 0xf5, 0x0, 0x0,
    0x0, 0x0, 0x8f, 0xf5, 0x0, 0x0, 0x0, 0x0,
    0x8f, 0xf5, 0x0, 0x0, 0x0, 0x0, 0x8f, 0xf5,
    0x0, 0x0, 0x0, 0x0, 0x8f, 0xf5, 0x0, 0x0,
    0x0, 0x0, 0x8f, 0xf5, 0x0, 0x0,

    /* U+0443 "у" */
    0xc, 0xff, 0x30, 0x0, 0x0, 0x7, 0xff, 0x50,
    0x5f, 0xf9, 0x0, 0x0, 0x0, 0xdf, 0xe0, 0x0,
    0xef, 0xf0, 0x0, 0x0, 0x3f, 0xf8, 0x0, 0x8,
    0xff, 0x60, 0x0, 0xa, 0xff, 0x10, 0x0, 0x2f,
    0xfc, 0x0, 0x1, 0xff, 0xb0, 0x0, 0x0, 0xbf,
    0xf3, 0x0, 0x7f, 0xf4, 0x0, 0x0, 0x5, 0xff,
    0x90, 0xd, 0xfd, 0x0, 0x0, 0x0, 0xe, 0xff,
    0x3, 0xff, 0x70, 0x0, 0x0, 0x0, 0x7f, 0xf6,
    0xaf, 0xf1, 0x0, 0x0, 0x0, 0x1, 0xff, 0xdf,
    0xfa, 0x0, 0x0, 0x0, 0x0, 0xa, 0xff, 0xff,
    0x40, 0x0, 0x0, 0x0, 0x0, 0x4f, 0xff, 0xd0,
    0x0, 0x0, 0x0, 0x0, 0x0, 0xff, 0xf7, 0x0,
    0x0, 0x0, 0x0, 0x0, 0xe, 0xff, 0x10, 0x0,
    0x0, 0x1, 0x10, 0x4, 0xff, 0x90, 0x0, 0x0,
    0x0, 0x9e, 0x99, 0xff, 0xf2, 0x0, 0x0, 0x0,
    0x1f, 0xff, 0xff, 0xf6, 0x0, 0x0, 0x0, 0x0,
    0x5c, 0xff, 0xc5, 0x0, 0x0, 0x0, 0x0,

    /* U+0444 "ф" */
    0x0, 0x0, 0x0, 0x0, 0x68, 0x60, 0x0, 0x0,
    0x0, 0x0, 0x0, 0x0, 0x0, 0xd, 0xfd, 0x0,
    0x0, 0x0, 0x0, 0x0, 0x0, 0x0, 0x0, 0xdf,
    0xd0, 0x0, 0x0, 0x0, 0x0, 0x0, 0x0, 0x0,
    0xd, 0xfd, 0x0, 0x0, 0x0, 0x0, 0x0, 0x0,
    0x0, 0x0, 0xdf, 0xd0, 0x0, 0x0, 0x0, 0x0,
    0x0, 0x2, 0x8c, 0xef, 0xff, 0xeb, 0x82, 0x0,
    0x0, 0x0, 0xa, 0xff, 0xff, 0xff, 0xff, 0xff,
    0xf9, 0x0, 0x0, 0xc, 0xff, 0xfd, 0xaf, 0xff,
    0xad, 0xff, 0xfc, 0x0, 0x7, 0xff, 0xe4, 0x0,
    0xdf, 0xd0, 0x4, 0xef, 0xf7, 0x0, 0xdf, 0xf3,
    0x0, 0xd, 0xfd, 0x0, 0x2, 0xff, 0xd0, 0x1f,
    0xfc, 0x0, 0x0, 0xdf, 0xd0, 0x0, 0xc, 0xff,
    0x12, 0xff, 0xb0, 0x0, 0xd, 0xfd, 0x0, 0x0,
    0xaf, 0xf2, 0x1f, 0xfd, 0x0, 0x0, 0xdf, 0xd0,
    0x0, 0xc, 0xff, 0x10, 0xdf, 0xf3, 0x0, 0xd,
    0xfd, 0x0, 0x3, 0xff, 0xd0, 0x7, 0xff, 0xe4,
    0x0, 0xdf, 0xd0, 0x4, 0xef, 0xf7, 0x0, 0xc,
    0xff, 0xfd, 0x9f, 0xff, 0xad, 0xff, 0xfb, 0x0,
    0x0, 0xa, 0xff, 0xff, 0xff, 0xff, 0xff, 0xf9,
    0x0, 0x0, 0x0, 0x2, 0x8c, 0xef, 0xff, 0xeb,
    0x72, 0x0, 0x0, 0x0, 0x0, 0x0, 0x0, 0xdf,
    0xd0, 0x0, 0x0, 0x0, 0x0, 0x0, 0x0, 0x0,
    0xd, 0xfd, 0x0, 0x0, 0x0, 0x0, 0x0, 0x0,
    0x0, 0x0, 0xdf, 0xd0, 0x0, 0x0, 0x0, 0x0,
    0x0, 0x0, 0x0, 0xd, 0xfd, 0x0, 0x0, 0x0,
    0x0, 0x0, 0x0, 0x0, 0x0, 0xdf, 0xd0, 0x0,
    0x0, 0x0, 0x0,

    /* U+0445 "х" */
    0x5f, 0xfd, 0x0, 0x0, 0xc, 0xff, 0x40, 0x9f,
    0xf9, 0x0, 0x8, 0xff, 0x90, 0x0, 0xdf, 0xf4,
    0x3, 0xff, 0xd0, 0x0, 0x3, 0xff, 0xe2, 0xef,
    0xf2, 0x0, 0x0, 0x7, 0xff, 0xff, 0xf6, 0x0,
    0x0, 0x0, 0xb, 0xff, 0xfa, 0x0, 0x0, 0x0,
    0x0, 0x4f, 0xff, 0x30, 0x0, 0x0, 0x0, 0xd,
    0xff, 0xfd, 0x0, 0x0, 0x0, 0x9, 0xff, 0xff,
    0xf9, 0x0, 0x0, 0x5, 0xff, 0xc0, 0xdf, 0xf5,
    0x0, 0x2, 0xff, 0xf1, 0x2, 0xff, 0xe1, 0x0,
    0xcf, 0xf5, 0x0, 0x7, 0xff, 0xc0, 0x8f, 0xfa,
    0x0, 0x0, 0xb, 0xff, 0x70,

    /* U+0446 "ц" */
    0x1f, 0xfd, 0x0, 0x0, 0x5, 0xff, 0x80, 0x1,
    0xff, 0xd0, 0x0, 0x0, 0x5f, 0xf8, 0x0, 0x1f,
    0xfd, 0x0, 0x0, 0x5, 0xff, 0x80, 0x1, 0xff,
    0xd0, 0x0, 0x0, 0x5f, 0xf8, 0x0, 0x1f, 0xfd,
    0x0, 0x0, 0x5, 0xff, 0x80, 0x1, 0xff, 0xd0,
    0x0, 0x0, 0x5f, 0xf8, 0x0, 0x1f, 0xfd, 0x0,
    0x0, 0x5, 0xff, 0x80, 0x1, 0xff, 0xd0, 0x0,
    0x0, 0x5f, 0xf8, 0x0, 0x1f, 0xfd, 0x0, 0x0,
    0x5, 0xff, 0x80, 0x1, 0xff, 0xd0, 0x0, 0x0,
    0x5f, 0xf8, 0x0, 0x1f, 0xfe, 0x88, 0x88, 0x8e,
    0xff, 0xf8, 0x31, 0xff, 0xff, 0xff, 0xff, 0xff,
    0xff, 0xf6, 0x1f, 0xff, 0xff, 0xff, 0xff, 0xff,
    0xff, 0x60, 0x0, 0x0, 0x0, 0x0, 0x0, 0x4f,
    0xf6, 0x0, 0x0, 0x0, 0x0, 0x0, 0x4, 0xff,
    0x60, 0x0, 0x0, 0x0, 0x0, 0x0, 0x4f, 0xf6,

    /* U+0447 "ч" */
    0x2f, 0xfc, 0x0, 0x0, 0x8, 0xff, 0x52, 0xff,
    0xc0, 0x0, 0x0, 0x8f, 0xf5, 0x2f, 0xfc, 0x0,
    0x0, 0x8, 0xff, 0x52, 0xff, 0xc0, 0x0, 0x0,
    0x8f, 0xf5, 0x1f, 0xfd, 0x0, 0x0, 0x8, 0xff,
    0x50, 0xff, 0xf2, 0x0, 0x0, 0x9f, 0xf5, 0xb,
    0xff, 0xe8, 0x78, 0xcf, 0xff, 0x50, 0x2f, 0xff,
    0xff, 0xff, 0xff, 0xf5, 0x0, 0x29, 0xef, 0xfc,
    0x7a, 0xff, 0x50, 0x0, 0x0, 0x0, 0x0, 0x8f,
    0xf5, 0x0, 0x0, 0x0, 0x0, 0x8, 0xff, 0x50,
    0x0, 0x0, 0x0, 0x0, 0x8f, 0xf5, 0x0, 0x0,
    0x0, 0x0, 0x8, 0xff, 0x50,

    /* U+0448 "ш" */
    0x1f, 0xfd, 0x0, 0x0, 0x7f, 0xf7, 0x0, 0x0,
    0xdf, 0xf0, 0x1f, 0xfd, 0x0, 0x0, 0x7f, 0xf7,
    0x0, 0x0, 0xdf, 0xf0, 0x1f, 0xfd, 0x0, 0x0,
    0x7f, 0xf7, 0x0, 0x0, 0xdf, 0xf0, 0x1f, 0xfd,
    0x0, 0x0, 0x7f, 0xf7, 0x0, 0x0, 0xdf, 0xf0,
    0x1f, 0xfd, 0x0, 0x0, 0x7f, 0xf7, 0x0, 0x0,
    0xdf, 0xf0, 0x1f, 0xfd, 0x0, 0x0, 0x7f, 0xf7,
    0x0, 0x0, 0xdf, 0xf0, 0x1f, 0xfd, 0x0, 0x0,
    0x7f, 0xf7, 0x0, 0x0, 0xdf, 0xf0, 0x1f, 0xfd,
    0x0, 0x0, 0x7f, 0xf7, 0x0, 0x0, 0xdf, 0xf0,
    0x1f, 0xfd, 0x0, 0x0, 0x7f, 0xf7, 0x0, 0x0,
    0xdf, 0xf0, 0x1f, 0xfd, 0x0, 0x0, 0x7f, 0xf7,
    0x0, 0x0, 0xdf, 0xf0, 0x1f, 0xff, 0x88, 0x88,
    0xef, 0xff, 0x88, 0x88, 0xff, 0xf0, 0x1f, 0xff,
    0xff, 0xff, 0xff, 0xff, 0xff, 0xff, 0xff, 0xf0,
    0x1f, 0xff, 0xff, 0xff, 0xff, 0xff, 0xff, 0xff,
    0xff, 0xf0,

    /* U+0449 "щ" */
    0x1f, 0xfd, 0x0, 0x0, 0x7f, 0xf7, 0x0, 0x0,
    0xdf, 0xf0, 0x1, 0xff, 0xd0, 0x0, 0x7, 0xff,
    0x70, 0x0, 0xd, 0xff, 0x0, 0x1f, 0xfd, 0x0,
    0x0, 0x7f, 0xf7, 0x0, 0x0, 0xdf, 0xf0, 0x1,
    0xff, 0xd0, 0x0, 0x7, 0xff, 0x70, 0x0, 0xd,
    0xff, 0x0, 0x1f, 0xfd, 0x0, 0x0, 0x7f, 0xf7,
    0x0, 0x0, 0xdf, 0xf0, 0x1, 0xff, 0xd0, 0x0,
    0x7, 0xff, 0x70, 0x0, 0xd, 0xff, 0x0, 0x1f,
    0xfd, 0x0, 0x0, 0x7f, 0xf7, 0x0, 0x0, 0xdf,
    0xf0, 0x1, 0xff, 0xd0, 0x0, 0x7, 0xff, 0x70,
    0x0, 0xd, 0xff, 0x0, 0x1f, 0xfd, 0x0, 0x0,
    0x7f, 0xf7, 0x0, 0x0, 0xdf, 0xf0, 0x1, 0xff,
    0xd0, 0x0, 0x7, 0xff, 0x70, 0x0, 0xd, 0xff,
    0x0, 0x1f, 0xff, 0x88, 0x88, 0xef, 0xff, 0x88,
    0x88, 0xff, 0xf9, 0x61, 0xff, 0xff, 0xff, 0xff,
    0xff, 0xff, 0xff, 0xff, 0xff, 0xfc, 0x1f, 0xff,
    0xff, 0xff, 0xff, 0xff, 0xff, 0xff, 0xff, 0xff,
    0xc0, 0x0, 0x0, 0x0, 0x0, 0x0, 0x0, 0x0,
    0x0, 0xe, 0xfc, 0x0, 0x0, 0x0, 0x0, 0x0,
    0x0, 0x0, 0x0, 0x0, 0xef, 0xc0, 0x0, 0x0,
    0x0, 0x0, 0x0, 0x0, 0x0, 0x0, 0x7, 0x86,

    /* U+044A "ъ" */
    0xdf, 0xff, 0xff, 0xa0, 0x0, 0x0, 0x0, 0xd,
    0xff, 0xff, 0xfa, 0x0, 0x0, 0x0, 0x0, 0x79,
    0x9a, 0xff, 0xa0, 0x0, 0x0, 0x0, 0x0, 0x0,
    0x3f, 0xfa, 0x0, 0x0, 0x0, 0x0, 0x0, 0x3,
    0xff, 0xff, 0xff, 0xfc, 0x60, 0x0, 0x0, 0x3f,
    0xff, 0xff, 0xff, 0xff, 0x90, 0x0, 0x3, 0xff,
    0xb1, 0x12, 0x5f, 0xff, 0x30, 0x0, 0x3f, 0xfa,
    0x0, 0x0, 0x8f, 0xf7, 0x0, 0x3, 0xff, 0xa0,
    0x0, 0x6, 0xff, 0x80, 0x0, 0x3f, 0xfa, 0x0,
    0x0, 0x9f, 0xf7, 0x0, 0x3, 0xff, 0xb3, 0x34,
    0x8f, 0xff, 0x20, 0x0, 0x3f, 0xff, 0xff, 0xff,
    0xff, 0x70, 0x0, 0x3, 0xff, 0xff, 0xff, 0xeb,
    0x40, 0x0,

    /* U+044B "ы" */
    0x1f, 0xfd, 0x0, 0x0, 0x0, 0x0, 0xa, 0xff,
    0x31, 0xff, 0xd0, 0x0, 0x0, 0x0, 0x0, 0xaf,
    0xf3, 0x1f, 0xfd, 0x0, 0x0, 0x0, 0x0, 0xa,
    0xff, 0x31, 0xff, 0xd0, 0x0, 0x0, 0x0, 0x0,
    0xaf, 0xf3, 0x1f, 0xff, 0xff, 0xff, 0xd7, 0x0,
    0xa, 0xff, 0x31, 0xff, 0xff, 0xff, 0xff, 0xfc,
    0x0, 0xaf, 0xf3, 0x1f, 0xfd, 0x11, 0x14, 0xdf,
    0xf6, 0xa, 0xff, 0x31, 0xff, 0xd0, 0x0, 0x5,
    0xff, 0xa0, 0xaf, 0xf3, 0x1f, 0xfd, 0x0, 0x0,
    0x3f, 0xfb, 0xa, 0xff, 0x31, 0xff, 0xd0, 0x0,
    0x6, 0xff, 0x90, 0xaf, 0xf3, 0x1f, 0xfd, 0x33,
    0x47, 0xff, 0xf4, 0xa, 0xff, 0x31, 0xff, 0xff,
    0xff, 0xff, 0xf9, 0x0, 0xaf, 0xf3, 0x1f, 0xff,
    0xff, 0xfe, 0xb5, 0x0, 0xa, 0xff, 0x30,

    /* U+044C "ь" */
    0x1f, 0xfd, 0x0, 0x0, 0x0, 0x0, 0x1f, 0xfd,
    0x0, 0x0, 0x0, 0x0, 0x1f, 0xfd, 0x0, 0x0,
    0x0, 0x0, 0x1f, 0xfd, 0x0, 0x0, 0x0, 0x0,
    0x1f, 0xff, 0xff, 0xff, 0xd9, 0x10, 0x1f, 0xff,
    0xff, 0xff, 0xff, 0xe1, 0x1f, 0xfd, 0x11, 0x13,
    0xcf, 0xf9, 0x1f, 0xfd, 0x0, 0x0, 0x2f, 0xfd,
    0x1f, 0xfd, 0x0, 0x0, 0xf, 0xfe, 0x1f, 0xfd,
    0x0, 0x0, 0x3f, 0xfd, 0x1f, 0xfd, 0x33, 0x36,
    0xef, 0xf8, 0x1f, 0xff, 0xff, 0xff, 0xff, 0xc0,
    0x1f, 0xff, 0xff, 0xff, 0xc7, 0x0,

    /* U+044D "э" */
    0x0, 0x4a, 0xef, 0xec, 0x71, 0x0, 0x0, 0xbf,
    0xff, 0xff, 0xff, 0xe3, 0x0, 0x4f, 0xfd, 0x86,
    0x7c, 0xff, 0xf2, 0x0, 0x35, 0x0, 0x0, 0x7,
    0xff, 0xc0, 0x0, 0x0, 0x0, 0x0, 0xa, 0xff,
    0x30, 0x0, 0xe, 0xff, 0xff, 0xff, 0xf6, 0x0,
    0x0, 0xef, 0xff, 0xff, 0xff, 0x70, 0x0, 0x2,
    0x22, 0x22, 0x7f, 0xf6, 0x0, 0x0, 0x0, 0x0,
    0xa, 0xff, 0x30, 0x69, 0x0, 0x0, 0x7, 0xff,
    0xc0, 0x4f, 0xfe, 0x86, 0x8d, 0xff, 0xf2, 0x0,
    0xbf, 0xff, 0xff, 0xff, 0xe3, 0x0, 0x0, 0x4a,
    0xef, 0xec, 0x71, 0x0, 0x0,

    /* U+044E "ю" */
    0x1f, 0xfd, 0x0, 0x0, 0x6, 0xce, 0xfd, 0x82,
    0x0, 0x1, 0xff, 0xd0, 0x0, 0x2d, 0xff, 0xff,
    0xff, 0xf5, 0x0, 0x1f, 0xfd, 0x0, 0x1d, 0xff,
    0xea, 0x9d, 0xff, 0xf4, 0x1, 0xff, 0xd0, 0x8,
    0xff, 0xc1, 0x0, 0x7, 0xff, 0xd0, 0x1f, 0xfd,
    0x0, 0xef, 0xf1, 0x0, 0x0, 0xb, 0xff, 0x41,
    0xff, 0xff, 0xff, 0xfc, 0x0, 0x0, 0x0, 0x6f,
    0xf6, 0x1f, 0xff, 0xff, 0xff, 0xa0, 0x0, 0x0,
    0x5, 0xff, 0x81, 0xff, 0xfb, 0xdf, 0xfc, 0x0,
    0x0, 0x0, 0x6f, 0xf6, 0x1f, 0xfd, 0x0, 0xef,
    0xf1, 0x0, 0x0, 0xc, 0xff, 0x31, 0xff, 0xd0,
    0x8, 0xff, 0xc1, 0x0, 0x8, 0xff, 0xd0, 0x1f,
    0xfd, 0x0, 0xd, 0xff, 0xfa, 0x9d, 0xff, 0xf3,
    0x1, 0xff, 0xd0, 0x0, 0x2d, 0xff, 0xff, 0xff,
    0xf5, 0x0, 0x1f, 0xfd, 0x0, 0x0, 0x6, 0xce,
    0xfd, 0x82, 0x0, 0x0,

    /* U+044F "я" */
    0x0, 0x5, 0xbe, 0xff, 0xff, 0xff, 0x50, 0xa,
    0xff, 0xff, 0xff, 0xff, 0xf5, 0x7, 0xff, 0xfb,
    0x98, 0x8c, 0xff, 0x50, 0xcf, 0xf6, 0x0, 0x0,
    0x4f, 0xf5, 0xe, 0xff, 0x0, 0x0, 0x4, 0xff,
    0x50, 0xdf, 0xf1, 0x0, 0x0, 0x4f, 0xf5, 0x9,
    0xff, 0xb2, 0x0, 0x4, 0xff, 0x50, 0x1d, 0xff,
    0xff, 0xff, 0xff, 0xf5, 0x0, 0x1a, 0xff, 0xff,
    0xff, 0xff, 0x50, 0x0, 0xcf, 0xf5, 0x11, 0x5f,
    0xf5, 0x0, 0x6f, 0xf9, 0x0, 0x4, 0xff, 0x50,
    0x2f, 0xfe, 0x0, 0x0, 0x4f, 0xf5, 0xc, 0xff,
    0x40, 0x0, 0x4, 0xff, 0x50,

    /* U+0450 "ѐ" */
    0x0, 0xa, 0xff, 0x80, 0x0, 0x0, 0x0, 0x0,
    0x0, 0x6f, 0xf8, 0x0, 0x0, 0x0, 0x0, 0x0,
    0x3, 0xdf, 0x90, 0x0, 0x0, 0x0, 0x0, 0x0,
    0x0, 0x0, 0x0, 0x0, 0x0, 0x0, 0x0, 0x0,
    0x0, 0x0, 0x0, 0x0, 0x0, 0x6c, 0xef, 0xd9,
    0x20, 0x0, 0x0, 0x1c, 0xff, 0xff, 0xff, 0xf6,
    0x0, 0x0, 0xdf, 0xfd, 0x87, 0xaf, 0xff, 0x40,
    0x7, 0xff, 0xa0, 0x0, 0x2, 0xff, 0xd0, 0xd,
    0xff, 0x0, 0x0, 0x0, 0x7f, 0xf3, 0xf, 0xff,
    0xff, 0xff, 0xff, 0xff, 0xf5, 0x1f, 0xff, 0xff,
    0xff, 0xff, 0xff, 0xf6, 0xf, 0xfc, 0x0, 0x0,
    0x0, 0x0, 0x0, 0xd, 0xff, 0x20, 0x0, 0x0,
    0x0, 0x0, 0x6, 0xff, 0xd2, 0x0, 0x0, 0x98,
    0x0, 0x0, 0xcf, 0xff, 0xb9, 0xae, 0xff, 0x40,
    0x0, 0x1b, 0xff, 0xff, 0xff, 0xfd, 0x10, 0x0,
    0x0, 0x5b, 0xef, 0xec, 0x60, 0x0,

    /* U+0451 "ё" */
    0x0, 0x2, 0xdd, 0x10, 0x8f, 0x60, 0x0, 0x0,
    0x6, 0xff, 0x40, 0xef, 0xb0, 0x0, 0x0, 0x1,
    0xcb, 0x0, 0x7d, 0x50, 0x0, 0x0, 0x0, 0x0,
    0x0, 0x0, 0x0, 0x0, 0x0, 0x0, 0x0, 0x0,
    0x0, 0x0, 0x0, 0x0, 0x0, 0x6c, 0xef, 0xd9,
    0x20, 0x0, 0x0, 0x1c, 0xff, 0xff, 0xff, 0xf6,
    0x0, 0x0, 0xdf, 0xfd, 0x87, 0xaf, 0xff, 0x40,
    0x7, 0xff, 0xa0, 0x0, 0x2, 0xff, 0xd0, 0xd,
    0xff, 0x0, 0x0, 0x0, 0x7f, 0xf3, 0xf, 0xff,
    0xff, 0xff, 0xff, 0xff, 0xf5, 0x1f, 0xff, 0xff,
    0xff, 0xff, 0xff, 0xf6, 0xf, 0xfc, 0x0, 0x0,
    0x0, 0x0, 0x0, 0xd, 0xff, 0x20, 0x0, 0x0,
    0x0, 0x0, 0x6, 0xff, 0xd2, 0x0, 0x0, 0x98,
    0x0, 0x0, 0xcf, 0xff, 0xb9, 0xae, 0xff, 0x40,
    0x0, 0x1b, 0xff, 0xff, 0xff, 0xfd, 0x10, 0x0,
    0x0, 0x5b, 0xef, 0xec, 0x60, 0x0,

    /* U+0452 "ђ" */
    0x0, 0x8, 0x85, 0x0, 0x0, 0x0, 0x0, 0x0,
    0x0, 0x1f, 0xfb, 0x0, 0x0, 0x0, 0x0, 0x0,
    0x5f, 0xff, 0xff, 0xff, 0xff, 0xf0, 0x0, 0x0,
    0x4f, 0xff, 0xff, 0xff, 0xff, 0xf0, 0x0, 0x0,
    0x0, 0x1f, 0xfb, 0x0, 0x0, 0x0, 0x0, 0x0,
    0x0, 0x1f, 0xfb, 0x7, 0xdf, 0xec, 0x50, 0x0,
    0x0, 0x1f, 0xfc, 0xdf, 0xff, 0xff, 0xf9, 0x0,
    0x0, 0x1f, 0xff, 0xff, 0xba, 0xef, 0xff, 0x50,
    0x0, 0x1f, 0xff, 0xd1, 0x0, 0xa, 0xff, 0xb0,
    0x0, 0x1f, 0xff, 0x30, 0x0, 0x1, 0xff, 0xe0,
    0x0, 0x1f, 0xfe, 0x0, 0x0, 0x0, 0xef, 0xf0,
    0x0, 0x1f, 0xfd, 0x0, 0x0, 0x0, 0xdf, 0xf0,
    0x0, 0x1f, 0xfd, 0x0, 0x0, 0x0, 0xdf, 0xf0,
    0x0, 0x1f, 0xfd, 0x0, 0x0, 0x0, 0xdf, 0xf0,
    0x0, 0x1f, 0xfd, 0x0, 0x0, 0x0, 0xdf, 0xf0,
    0x0, 0x1f, 0xfd, 0x0, 0x0, 0x0, 0xdf, 0xf0,
    0x0, 0x1f, 0xfd, 0x0, 0x0, 0x0, 0xdf, 0xf0,
    0x0, 0x1f, 0xfd, 0x0, 0x0, 0x0, 0xdf, 0xf0,
    0x0, 0x0, 0x0, 0x0, 0x0, 0x0, 0xdf, 0xf0,
    0x0, 0x0, 0x0, 0x0, 0x0, 0x1, 0xff, 0xe0,
    0x0, 0x0, 0x0, 0x0, 0x5b, 0x8d, 0xff, 0xa0,
    0x0, 0x0, 0x0, 0x0, 0xbf, 0xff, 0xff, 0x20,
    0x0, 0x0, 0x0, 0x0, 0x7d, 0xfe, 0xb2, 0x0,

    /* U+0453 "ѓ" */
    0x0, 0x0, 0x0, 0x9f, 0xfa, 0x0, 0x0, 0x0,
    0x7f, 0xf8, 0x0, 0x0, 0x0, 0x5f, 0xf6, 0x0,
    0x0, 0x0, 0x7, 0x84, 0x0, 0x0, 0x0, 0x0,
    0x0, 0x0, 0x0, 0x1, 0xff, 0xff, 0xff, 0xff,
    0xf5, 0x1f, 0xff, 0xff, 0xff, 0xff, 0x51, 0xff,
    0xf9, 0x99, 0x99, 0x93, 0x1f, 0xfd, 0x0, 0x0,
    0x0, 0x1, 0xff, 0xd0, 0x0, 0x0, 0x0, 0x1f,
    0xfd, 0x0, 0x0, 0x0, 0x1, 0xff, 0xd0, 0x0,
    0x0, 0x0, 0x1f, 0xfd, 0x0, 0x0, 0x0, 0x1,
    0xff, 0xd0, 0x0, 0x0, 0x0, 0x1f, 0xfd, 0x0,
    0x0, 0x0, 0x1, 0xff, 0xd0, 0x0, 0x0, 0x0,
    0x1f, 0xfd, 0x0, 0x0, 0x0, 0x1, 0xff, 0xd0,
    0x0, 0x0, 0x0,

    /* U+0454 "є" */
    0x0, 0x0, 0x4a, 0xdf, 0xec, 0x70, 0x0, 0x0,
    0xaf, 0xff, 0xff, 0xff, 0xe3, 0x0, 0xbf, 0xfe,
    0x97, 0x7a, 0xff, 0x90, 0x6f, 0xfc, 0x10, 0x0,
    0x1, 0x60, 0xc, 0xff, 0x10, 0x0, 0x0, 0x0,
    0x0, 0xff, 0xff, 0xff, 0xff, 0x50, 0x0, 0x1f,
    0xff, 0xff, 0xff, 0xf5, 0x0, 0x0, 0xff, 0xd2,
    0x22, 0x22, 0x0, 0x0, 0xc, 0xff, 0x10, 0x0,
    0x0, 0x0, 0x0, 0x6f, 0xfc, 0x10, 0x0, 0x5,
    0xc0, 0x0, 0xbf, 0xfe, 0x96, 0x7b, 0xff, 0xa0,
    0x1, 0xbf, 0xff, 0xff, 0xff, 0xe3, 0x0, 0x0,
    0x4a, 0xdf, 0xec, 0x70, 0x0,

    /* U+0455 "ѕ" */
    0x0, 0x5, 0xbe, 0xff, 0xc9, 0x30, 0x0, 0xbf,
    0xff, 0xff, 0xff, 0xf0, 0x7, 0xff, 0xe9, 0x78,
    0xbf, 0x80, 0xb, 0xff, 0x20, 0x0, 0x1, 0x10,
    0xb, 0xff, 0x50, 0x0, 0x0, 0x0, 0x7, 0xff,
    0xfd, 0xa7, 0x40, 0x0, 0x0, 0x9f, 0xff, 0xff,
    0xfe, 0x50, 0x0, 0x1, 0x69, 0xcf, 0xff, 0xf3,
    0x0, 0x0, 0x0, 0x0, 0x8f, 0xf8, 0x2, 0x60,
    0x0, 0x0, 0x5f, 0xf8, 0xa, 0xff, 0xa8, 0x79,
    0xff, 0xf4, 0xe, 0xff, 0xff, 0xff, 0xff, 0x90,
    0x0, 0x6a, 0xdf, 0xfe, 0xa4, 0x0,

    /* U+0456 "і" */
    0x5, 0x83, 0x4, 0xff, 0xf1, 0x6f, 0xff, 0x20,
    0xbf, 0x80, 0x0, 0x0, 0x0, 0x0, 0x0, 0x1f,
    0xfd, 0x1, 0xff, 0xd0, 0x1f, 0xfd, 0x1, 0xff,
    0xd0, 0x1f, 0xfd, 0x1, 0xff, 0xd0, 0x1f, 0xfd,
    0x1, 0xff, 0xd0, 0x1f, 0xfd, 0x1, 0xff, 0xd0,
    0x1f, 0xfd, 0x1, 0xff, 0xd0, 0x1f, 0xfd, 0x0,

    /* U+0457 "ї" */
    0x4c, 0x60, 0xab, 0x1b, 0xfd, 0x3f, 0xf6, 0x6f,
    0x80, 0xce, 0x20, 0x0, 0x0, 0x0, 0x0, 0x0,
    0x0, 0x0, 0x1f, 0xfc, 0x0, 0x1, 0xff, 0xc0,
    0x0, 0x1f, 0xfc, 0x0, 0x1, 0xff, 0xc0, 0x0,
    0x1f, 0xfc, 0x0, 0x1, 0xff, 0xc0, 0x0, 0x1f,
    0xfc, 0x0, 0x1, 0xff, 0xc0, 0x0, 0x1f, 0xfc,
    0x0, 0x1, 0xff, 0xc0, 0x0, 0x1f, 0xfc, 0x0,
    0x1, 0xff, 0xc0, 0x0, 0x1f, 0xfc, 0x0,

    /* U+0458 "ј" */
    0x0, 0x0, 0x5, 0x93, 0x0, 0x0, 0x4, 0xff,
    0xf1, 0x0, 0x0, 0x5f, 0xff, 0x20, 0x0, 0x0,
    0xbf, 0x90, 0x0, 0x0, 0x0, 0x0, 0x0, 0x0,
    0x0, 0x0, 0x0, 0x0, 0x0, 0xf, 0xfd, 0x0,
    0x0, 0x0, 0xff, 0xd0, 0x0, 0x0, 0xf, 0xfd,
    0x0, 0x0, 0x0, 0xff, 0xd0, 0x0, 0x0, 0xf,
    0xfd, 0x0, 0x0, 0x0, 0xff, 0xd0, 0x0, 0x0,
    0xf, 0xfd, 0x0, 0x0, 0x0, 0xff, 0xd0, 0x0,
    0x0, 0xf, 0xfd, 0x0, 0x0, 0x0, 0xff, 0xd0,
    0x0, 0x0, 0xf, 0xfd, 0x0, 0x0, 0x0, 0xff,
    0xd0, 0x0, 0x0, 0xf, 0xfd, 0x0, 0x0, 0x0,
    0xff, 0xd0, 0x0, 0x0, 0x3f, 0xfb, 0x0, 0x8a,
    0x8e, 0xff, 0x70, 0xe, 0xff, 0xff, 0xd0, 0x0,
    0x9e, 0xfe, 0x91, 0x0,

    /* U+0459 "љ" */
    0x0, 0xe, 0xff, 0xff, 0xff, 0xff, 0xf2, 0x0,
    0x0, 0x0, 0x0, 0x0, 0xf, 0xff, 0xff, 0xff,
    0xff, 0xf2, 0x0, 0x0, 0x0, 0x0, 0x0, 0xf,
    0xff, 0x99, 0x99, 0xff, 0xf2, 0x0, 0x0, 0x0,
    0x0, 0x0, 0xf, 0xf8, 0x0, 0x0, 0xff, 0xf2,
    0x0, 0x0, 0x0, 0x0, 0x0, 0xf, 0xf7, 0x0,
    0x0, 0xff, 0xff, 0xff, 0xfe, 0xa3, 0x0, 0x0,
    0x1f, 0xf6, 0x0, 0x0, 0xff, 0xff, 0xff, 0xff,
    0xff, 0x40, 0x0, 0x2f, 0xf5, 0x0, 0x0, 0xff,
    0xf3, 0x11, 0x29, 0xff, 0xd0, 0x0, 0x4f, 0xf4,
    0x0, 0x0, 0xff, 0xf2, 0x0, 0x0, 0xdf, 0xf1,
    0x0, 0x7f, 0xf2, 0x0, 0x0, 0xff, 0xf2, 0x0,
    0x0, 0xcf, 0xf2, 0x0, 0xdf, 0xf0, 0x0, 0x0,
    0xff, 0xf2, 0x0, 0x1, 0xff, 0xf1, 0x8e, 0xff,
    0xa0, 0x0, 0x0, 0xff, 0xf8, 0x66, 0x8e, 0xff,
    0xc0, 0xcf, 0xff, 0x30, 0x0, 0x0, 0xff, 0xff,
    0xff, 0xff, 0xfe, 0x20, 0xdf, 0xd5, 0x0, 0x0,
    0x0, 0xff, 0xff, 0xff, 0xfd, 0x81, 0x0,

    /* U+045A "њ" */
    0x1f, 0xfd, 0x0, 0x0, 0x3, 0xff, 0xa0, 0x0,
    0x0, 0x0, 0x1, 0xff, 0xd0, 0x0, 0x0, 0x3f,
    0xfa, 0x0, 0x0, 0x0, 0x0, 0x1f, 0xfd, 0x0,
    0x0, 0x3, 0xff, 0xa0, 0x0, 0x0, 0x0, 0x1,
    0xff, 0xd0, 0x0, 0x0, 0x3f, 0xfa, 0x0, 0x0,
    0x0, 0x0, 0x1f, 0xfd, 0x0, 0x0, 0x3, 0xff,
    0xa0, 0x0, 0x0, 0x0, 0x1, 0xff, 0xff, 0xff,
    0xff, 0xff, 0xff, 0xff, 0xff, 0xd8, 0x0, 0x1f,
    0xff, 0xff, 0xff, 0xff, 0xff, 0xff, 0xff, 0xff,
    0xfc, 0x1, 0xff, 0xe8, 0x88, 0x88, 0xaf, 0xfc,
    0x55, 0x58, 0xff, 0xf5, 0x1f, 0xfd, 0x0, 0x0,
    0x3, 0xff, 0xa0, 0x0, 0x7, 0xff, 0x81, 0xff,
    0xd0, 0x0, 0x0, 0x3f, 0xfa, 0x0, 0x0, 0x7f,
    0xf8, 0x1f, 0xfd, 0x0, 0x0, 0x3, 0xff, 0xb2,
    0x23, 0x6e, 0xff, 0x41, 0xff, 0xd0, 0x0, 0x0,
    0x3f, 0xff, 0xff, 0xff, 0xff, 0x90, 0x1f, 0xfd,
    0x0, 0x0, 0x3, 0xff, 0xff, 0xff, 0xeb, 0x50,
    0x0,

    /* U+045B "ћ" */
    0x0, 0x1f, 0xfd, 0x0, 0x0, 0x0, 0x0, 0x0,
    0x0, 0x1f, 0xfd, 0x0, 0x0, 0x0, 0x0, 0x0,
    0xef, 0xff, 0xff, 0xff, 0xff, 0xf0, 0x0, 0x0,
    0x9a, 0xbf, 0xff, 0xaa, 0xaa, 0xa0, 0x0, 0x0,
    0x0, 0x1f, 0xfd, 0x0, 0x0, 0x0, 0x0, 0x0,
    0x0, 0x1f, 0xfd, 0x7, 0xdf, 0xec, 0x50, 0x0,
    0x0, 0x1f, 0xfe, 0xdf, 0xff, 0xff, 0xfa, 0x0,
    0x0, 0x1f, 0xff, 0xff, 0xba, 0xef, 0xff, 0x50,
    0x0, 0x1f, 0xff, 0xd1, 0x0, 0xa, 0xff, 0xb0,
    0x0, 0x1f, 0xff, 0x30, 0x0, 0x1, 0xff, 0xe0,
    0x0, 0x1f, 0xfe, 0x0, 0x0, 0x0, 0xef, 0xf0,
    0x0, 0x1f, 0xfd, 0x0, 0x0, 0x0, 0xdf, 0xf0,
    0x0, 0x1f, 0xfd, 0x0, 0x0, 0x0, 0xdf, 0xf0,
    0x0, 0x1f, 0xfd, 0x0, 0x0, 0x0, 0xdf, 0xf0,
    0x0, 0x1f, 0xfd, 0x0, 0x0, 0x0, 0xdf, 0xf0,
    0x0, 0x1f, 0xfd, 0x0, 0x0, 0x0, 0xdf, 0xf0,
    0x0, 0x1f, 0xfd, 0x0, 0x0, 0x0, 0xdf, 0xf0,
    0x0, 0x1f, 0xfd, 0x0, 0x0, 0x0, 0xdf, 0xf0,

    /* U+045C "ќ" */
    0x0, 0x0, 0x0, 0x1d, 0xff, 0x50, 0x0, 0x0,
    0x0, 0x0, 0xcf, 0xe3, 0x0, 0x0, 0x0, 0x0,
    0xb, 0xfd, 0x20, 0x0, 0x0, 0x0, 0x0, 0x38,
    0x71, 0x0, 0x0, 0x0, 0x0, 0x0, 0x0, 0x0,
    0x0, 0x0, 0x0, 0x1f, 0xfd, 0x0, 0x0, 0x9,
    0xff, 0x70, 0x1f, 0xfd, 0x0, 0x0, 0x4f, 0xfc,
    0x0, 0x1f, 0xfd, 0x0, 0x0, 0xef, 0xf2, 0x0,
    0x1f, 0xfd, 0x0, 0x9, 0xff, 0x60, 0x0, 0x1f,
    0xfd, 0x0, 0x4f, 0xfb, 0x0, 0x0, 0x1f, 0xff,
    0x88, 0xff, 0xe1, 0x0, 0x0, 0x1f, 0xff, 0xff,
    0xff, 0xb0, 0x0, 0x0, 0x1f, 0xff, 0xff, 0xff,
    0xf2, 0x0, 0x0, 0x1f, 0xfd, 0x0, 0x9f, 0xfd,
    0x0, 0x0, 0x1f, 0xfd, 0x0, 0xd, 0xff, 0x90,
    0x0, 0x1f, 0xfd, 0x0, 0x2, 0xff, 0xf4, 0x0,
    0x1f, 0xfd, 0x0, 0x0, 0x5f, 0xfe, 0x10, 0x1f,
    0xfd, 0x0, 0x0, 0xa, 0xff, 0xb0,

    /* U+045D "ѝ" */
    0x0, 0x3e, 0xff, 0x30, 0x0, 0x0, 0x0, 0x0,
    0x1, 0xdf, 0xe2, 0x0, 0x0, 0x0, 0x0, 0x0,
    0x1b, 0xfd, 0x10, 0x0, 0x0, 0x0, 0x0, 0x0,
    0x78, 0x40, 0x0, 0x0, 0x0, 0x0, 0x0, 0x0,
    0x0, 0x0, 0x0, 0x1f, 0xfd, 0x0, 0x0, 0x0,
    0xcf, 0xf3, 0x1f, 0xfd, 0x0, 0x0, 0x9, 0xff,
    0xf3, 0x1f, 0xfd, 0x0, 0x0, 0x6f, 0xff, 0xf3,
    0x1f, 0xfd, 0x0, 0x3, 0xff, 0xff, 0xf3, 0x1f,
    0xfd, 0x0, 0x1e, 0xff, 0xef, 0xf3, 0x1f, 0xfd,
    0x0, 0xbf, 0xf8, 0xaf, 0xf3, 0x1f, 0xfd, 0x8,
    0xff, 0xb0, 0xaf, 0xf3, 0x1f, 0xfd, 0x5f, 0xfd,
    0x10, 0xaf, 0xf3, 0x1f, 0xfe, 0xff, 0xf2, 0x0,
    0xaf, 0xf3, 0x1f, 0xff, 0xff, 0x50, 0x0, 0xaf,
    0xf3, 0x1f, 0xff, 0xf8, 0x0, 0x0, 0xaf, 0xf3,
    0x1f, 0xff, 0xb0, 0x0, 0x0, 0xaf, 0xf3, 0x1f,
    0xfe, 0x10, 0x0, 0x0, 0xaf, 0xf3,

    /* U+045E "ў" */
    0x0, 0x4, 0xfa, 0x0, 0xa, 0xf4, 0x0, 0x0,
    0x0, 0x1f, 0xf4, 0x4, 0xff, 0x10, 0x0, 0x0,
    0x0, 0x7f, 0xff, 0xff, 0x70, 0x0, 0x0, 0x0,
    0x0, 0x38, 0x98, 0x30, 0x0, 0x0, 0x0, 0x0,
    0x0, 0x0, 0x0, 0x0, 0x0, 0x0, 0xcf, 0xf3,
    0x0, 0x0, 0x0, 0x7f, 0xf5, 0x5, 0xff, 0x90,
    0x0, 0x0, 0xd, 0xfe, 0x0, 0xe, 0xff, 0x0,
    0x0, 0x3, 0xff, 0x80, 0x0, 0x8f, 0xf6, 0x0,
    0x0, 0xaf, 0xf1, 0x0, 0x2, 0xff, 0xc0, 0x0,
    0x1f, 0xfb, 0x0, 0x0, 0xb, 0xff, 0x30, 0x7,
    0xff, 0x40, 0x0, 0x0, 0x5f, 0xf9, 0x0, 0xdf,
    0xd0, 0x0, 0x0, 0x0, 0xef, 0xf0, 0x3f, 0xf7,
    0x0, 0x0, 0x0, 0x7, 0xff, 0x6a, 0xff, 0x10,
    0x0, 0x0, 0x0, 0x1f, 0xfd, 0xff, 0xa0, 0x0,
    0x0, 0x0, 0x0, 0xaf, 0xff, 0xf4, 0x0, 0x0,
    0x0, 0x0, 0x4, 0xff, 0xfd, 0x0, 0x0, 0x0,
    0x0, 0x0, 0xf, 0xff, 0x70, 0x0, 0x0, 0x0,
    0x0, 0x0, 0xef, 0xf1, 0x0, 0x0, 0x0, 0x11,
    0x0, 0x4f, 0xf9, 0x0, 0x0, 0x0, 0x9, 0xe9,
    0x9f, 0xff, 0x20, 0x0, 0x0, 0x1, 0xff, 0xff,
    0xff, 0x60, 0x0, 0x0, 0x0, 0x5, 0xcf, 0xfc,
    0x50, 0x0, 0x0, 0x0, 0x0,

    /* U+045F "џ" */
    0x1f, 0xfd, 0x0, 0x0, 0xc, 0xff, 0x11, 0xff,
    0xd0, 0x0, 0x0, 0xcf, 0xf1, 0x1f, 0xfd, 0x0,
    0x0, 0xc, 0xff, 0x11, 0xff, 0xd0, 0x0, 0x0,
    0xcf, 0xf1, 0x1f, 0xfd, 0x0, 0x0, 0xc, 0xff,
    0x11, 0xff, 0xd0, 0x0, 0x0, 0xcf, 0xf1, 0x1f,
    0xfd, 0x0, 0x0, 0xc, 0xff, 0x11, 0xff, 0xd0,
    0x0, 0x0, 0xcf, 0xf1, 0x1f, 0xfd, 0x0, 0x0,
    0xc, 0xff, 0x11, 0xff, 0xd0, 0x0, 0x0, 0xcf,
    0xf1, 0x1f, 0xfe, 0x88, 0x88, 0x8e, 0xff, 0x11,
    0xff, 0xff, 0xff, 0xff, 0xff, 0xf1, 0x1f, 0xff,
    0xff, 0xff, 0xff, 0xff, 0x10, 0x0, 0x0, 0xdf,
    0xe0, 0x0, 0x0, 0x0, 0x0, 0xd, 0xfe, 0x0,
    0x0, 0x0, 0x0, 0x0, 0xdf, 0xe0, 0x0, 0x0,

    /* U+0462 "Ѣ" */
    0x0, 0x0, 0x6f, 0xf9, 0x0, 0x0, 0x0, 0x0,
    0x0, 0x0, 0x0, 0x6, 0xff, 0x90, 0x0, 0x0,
    0x0, 0x0, 0x0, 0x13, 0x33, 0x9f, 0xfc, 0x33,
    0x33, 0x10, 0x0, 0x0, 0x9, 0xff, 0xff, 0xff,
    0xff, 0xff, 0xf6, 0x0, 0x0, 0x0, 0x9f, 0xff,
    0xff, 0xff, 0xff, 0xff, 0x60, 0x0, 0x0, 0x0,
    0x0, 0x6, 0xff, 0x90, 0x0, 0x0, 0x0, 0x0,
    0x0, 0x0, 0x0, 0x6f, 0xf9, 0x0, 0x0, 0x0,
    0x0, 0x0, 0x0, 0x0, 0x6, 0xff, 0xff, 0xff,
    0xff, 0xeb, 0x40, 0x0, 0x0, 0x0, 0x6f, 0xff,
    0xff, 0xff, 0xff, 0xff, 0xa0, 0x0, 0x0, 0x6,
    0xff, 0xb6, 0x66, 0x68, 0xdf, 0xff, 0x60, 0x0,
    0x0, 0x6f, 0xf9, 0x0, 0x0, 0x0, 0x9f, 0xfd,
    0x0, 0x0, 0x6, 0xff, 0x90, 0x0, 0x0, 0x1,
    0xff, 0xf0, 0x0, 0x0, 0x6f, 0xf9, 0x0, 0x0,
    0x0, 0xf, 0xff, 0x0, 0x0, 0x6, 0xff, 0x90,
    0x0, 0x0, 0x2, 0xff, 0xf0, 0x0, 0x0, 0x6f,
    0xf9, 0x0, 0x0, 0x0, 0xaf, 0xfb, 0x0, 0x0,
    0x6, 0xff, 0xb6, 0x66, 0x68, 0xdf, 0xff, 0x40,
    0x0, 0x0, 0x6f, 0xff, 0xff, 0xff, 0xff, 0xff,
    0x60, 0x0, 0x0, 0x6, 0xff, 0xff, 0xff, 0xff,
    0xd9, 0x20, 0x0,

    /* U+0463 "ѣ" */
    0x0, 0x2, 0xff, 0xc0, 0x0, 0x0, 0x0, 0x0,
    0x0, 0x2f, 0xfc, 0x0, 0x0, 0x0, 0x0, 0x0,
    0x2, 0xff, 0xc0, 0x0, 0x0, 0x0, 0x0, 0x0,
    0x2f, 0xfc, 0x0, 0x0, 0x0, 0x0, 0xf, 0xff,
    0xff, 0xff, 0xff, 0xf3, 0x0, 0x0, 0xff, 0xff,
    0xff, 0xff, 0xff, 0x30, 0x0, 0x1, 0x13, 0xff,
    0xd1, 0x11, 0x10, 0x0, 0x0, 0x0, 0x2f, 0xfc,
    0x0, 0x0, 0x0, 0x0, 0x0, 0x2, 0xff, 0xc0,
    0x0, 0x0, 0x0, 0x0, 0x0, 0x2f, 0xff, 0xff,
    0xff, 0xd8, 0x10, 0x0, 0x2, 0xff, 0xff, 0xff,
    0xff, 0xfd, 0x10, 0x0, 0x2f, 0xfc, 0x11, 0x14,
    0xcf, 0xf8, 0x0, 0x2, 0xff, 0xc0, 0x0, 0x3,
    0xff, 0xc0, 0x0, 0x2f, 0xfc, 0x0, 0x0, 0x1f,
    0xfd, 0x0, 0x2, 0xff, 0xc0, 0x0, 0x4, 0xff,
    0xc0, 0x0, 0x2f, 0xfc, 0x33, 0x36, 0xef, 0xf7,
    0x0, 0x2, 0xff, 0xff, 0xff, 0xff, 0xfb, 0x0,
    0x0, 0x2f, 0xff, 0xff, 0xff, 0xc6, 0x0,

    /* U+046A "Ѫ" */
    0x0, 0xaf, 0xff, 0xff, 0xff, 0xff, 0xff, 0xff,
    0xff, 0xd0, 0x0, 0xa, 0xff, 0xff, 0xff, 0xff,
    0xff, 0xff, 0xff, 0xfd, 0x0, 0x0, 0x3f, 0xfe,
    0x55, 0x55, 0x55, 0x55, 0x5d, 0xff, 0x50, 0x0,
    0x0, 0x6f, 0xfb, 0x0, 0x0, 0x0, 0x8, 0xff,
    0x80, 0x0, 0x0, 0x0, 0x8f, 0xfa, 0x0, 0x0,
    0x7, 0xff, 0xa0, 0x0, 0x0, 0x0, 0x0, 0xbf,
    0xf8, 0x0, 0x5, 0xff, 0xd0, 0x0, 0x0, 0x0,
    0x0, 0x0, 0xdf, 0xf7, 0x4, 0xff, 0xe1, 0x0,
    0x0, 0x0, 0x0, 0x0, 0x2, 0xef, 0xf8, 0xff,
    0xf3, 0x0, 0x0, 0x0, 0x0, 0x0, 0x4, 0xaf,
    0xff, 0xff, 0xff, 0xa6, 0x0, 0x0, 0x0, 0x0,
    0xa, 0xff, 0xff, 0xff, 0xff, 0xff, 0xfc, 0x10,
    0x0, 0x0, 0xa, 0xff, 0xf8, 0x6d, 0xff, 0x68,
    0xef, 0xfd, 0x0, 0x0, 0x4, 0xff, 0xd1, 0x0,
    0xcf, 0xf0, 0x0, 0xcf, 0xf7, 0x0, 0x0, 0xcf,
    0xf3, 0x0, 0xc, 0xff, 0x0, 0x1, 0xff, 0xf0,
    0x0, 0x3f, 0xfb, 0x0, 0x0, 0xcf, 0xf0, 0x0,
    0x9, 0xff, 0x60, 0xa, 0xff, 0x50, 0x0, 0xc,
    0xff, 0x0, 0x0, 0x3f, 0xfd, 0x1, 0xff, 0xf0,
    0x0, 0x0, 0xcf, 0xf0, 0x0, 0x0, 0xdf, 0xf3,
    0x7f, 0xf9, 0x0, 0x0, 0xc, 0xff, 0x0, 0x0,
    0x7, 0xff, 0xa0,

    /* U+046B "ѫ" */
    0x3, 0xff, 0xff, 0xff, 0xff, 0xff, 0xff, 0xf0,
    0x0, 0x2f, 0xff, 0xff, 0xff, 0xff, 0xff, 0xff,
    0x0, 0x0, 0x9f, 0xf4, 0x0, 0x0, 0x7, 0xff,
    0x60, 0x0, 0x0, 0xbf, 0xf3, 0x0, 0x6, 0xff,
    0x80, 0x0, 0x0, 0x0, 0xdf, 0xf3, 0x5, 0xff,
    0xa0, 0x0, 0x0, 0x0, 0x1, 0xef, 0xe6, 0xff,
    0xc0, 0x0, 0x0, 0x0, 0x1, 0x8e, 0xff, 0xff,
    0xfd, 0x81, 0x0, 0x0, 0x2, 0xef, 0xff, 0xff,
    0xff, 0xff, 0xe1, 0x0, 0x0, 0xcf, 0xf7, 0x3d,
    0xfb, 0x38, 0xff, 0xb0, 0x0, 0x5f, 0xf7, 0x0,
    0xdf, 0xa0, 0x8, 0xff, 0x30, 0xc, 0xfe, 0x0,
    0xd, 0xfa, 0x0, 0x1f, 0xfa, 0x2, 0xff, 0x90,
    0x0, 0xdf, 0xa0, 0x0, 0xbf, 0xf1, 0x8f, 0xf3,
    0x0, 0xd, 0xfa, 0x0, 0x5, 0xff, 0x70,

    /* U+0472 "Ѳ" */
    0x0, 0x0, 0x6, 0xbe, 0xfe, 0xd9, 0x30, 0x0,
    0x0, 0x0, 0x5, 0xef, 0xff, 0xff, 0xff, 0xfa,
    0x10, 0x0, 0x0, 0x8f, 0xff, 0xfe, 0xcd, 0xff,
    0xff, 0xd1, 0x0, 0x6, 0xff, 0xfa, 0x20, 0x0,
    0x6, 0xff, 0xfc, 0x0, 0xe, 0xff, 0x80, 0x0,
    0x0, 0x0, 0x3f, 0xff, 0x60, 0x6f, 0xfb, 0x0,
    0x0, 0x0, 0x0, 0x5, 0xff, 0xd0, 0xbf, 0xf5,
    0x0, 0x0, 0x0, 0x0, 0x0, 0xef, 0xf2, 0xef,
    0xff, 0xff, 0xff, 0xff, 0xff, 0xff, 0xff, 0xf4,
    0xff, 0xff, 0xff, 0xff, 0xff, 0xff, 0xff, 0xff,
    0xf5, 0xef, 0xf6, 0x44, 0x44, 0x44, 0x44, 0x44,
    0xdf, 0xf4, 0xbf, 0xf6, 0x0, 0x0, 0x0, 0x0,
    0x0, 0xff, 0xf2, 0x7f, 0xfd, 0x0, 0x0, 0x0,
    0x0, 0x8, 0xff, 0xd0, 0x1e, 0xff, 0xa0, 0x0,
    0x0, 0x0, 0x4f, 0xff, 0x60, 0x6, 0xff, 0xfb,
    0x20, 0x0, 0x7, 0xff, 0xfc, 0x0, 0x0, 0x8f,
    0xff, 0xfd, 0xcc, 0xff, 0xff, 0xd1, 0x0, 0x0,
    0x6, 0xef, 0xff, 0xff, 0xff, 0xfb, 0x10, 0x0,
    0x0, 0x0, 0x7, 0xbe, 0xfe, 0xd9, 0x30, 0x0,
    0x0,

    /* U+0473 "ѳ" */
    0x0, 0x0, 0x5b, 0xef, 0xda, 0x40, 0x0, 0x0,
    0x1b, 0xff, 0xff, 0xff, 0xfa, 0x0, 0x0, 0xcf,
    0xff, 0xa8, 0xaf, 0xff, 0xa0, 0x6, 0xff, 0xd1,
    0x0, 0x2, 0xef, 0xf4, 0xd, 0xff, 0x30, 0x0,
    0x0, 0x5f, 0xfa, 0xf, 0xff, 0xff, 0xff, 0xff,
    0xff, 0xfd, 0x1f, 0xff, 0xff, 0xff, 0xff, 0xff,
    0xff, 0xf, 0xfe, 0x0, 0x0, 0x0, 0xf, 0xfd,
    0xc, 0xff, 0x30, 0x0, 0x0, 0x5f, 0xfa, 0x6,
    0xff, 0xd2, 0x0, 0x3, 0xef, 0xf4, 0x0, 0xcf,
    0xff, 0xa8, 0xbf, 0xff, 0xa0, 0x0, 0x1b, 0xff,
    0xff, 0xff, 0xfa, 0x0, 0x0, 0x0, 0x5b, 0xef,
    0xea, 0x40, 0x0,

    /* U+0474 "Ѵ" */
    0x0, 0x0, 0x0, 0x0, 0x0, 0x0, 0x0, 0x3,
    0x20, 0x8f, 0xfb, 0x0, 0x0, 0x0, 0x0, 0x8,
    0xff, 0xf7, 0x2f, 0xff, 0x10, 0x0, 0x0, 0x0,
    0x8f, 0xff, 0xf6, 0xc, 0xff, 0x70, 0x0, 0x0,
    0x2, 0xff, 0xff, 0xf4, 0x6, 0xff, 0xd0, 0x0,
    0x0, 0x8, 0xff, 0xc1, 0x0, 0x0, 0xff, 0xf3,
    0x0, 0x0, 0xe, 0xff, 0x30, 0x0, 0x0, 0x9f,
    0xf9, 0x0, 0x0, 0x3f, 0xfc, 0x0, 0x0, 0x0,
    0x3f, 0xff, 0x0, 0x0, 0x9f, 0xf6, 0x0, 0x0,
    0x0, 0xd, 0xff, 0x60, 0x0, 0xef, 0xf1, 0x0,
    0x0, 0x0, 0x7, 0xff, 0xc0, 0x4, 0xff, 0xb0,
    0x0, 0x0, 0x0, 0x1, 0xff, 0xf2, 0xa, 0xff,
    0x60, 0x0, 0x0, 0x0, 0x0, 0xbf, 0xf8, 0xf,
    0xff, 0x10, 0x0, 0x0, 0x0, 0x0, 0x4f, 0xfe,
    0x5f, 0xfb, 0x0, 0x0, 0x0, 0x0, 0x0, 0xe,
    0xff, 0xef, 0xf5, 0x0, 0x0, 0x0, 0x0, 0x0,
    0x8, 0xff, 0xff, 0xf0, 0x0, 0x0, 0x0, 0x0,
    0x0, 0x2, 0xff, 0xff, 0xa0, 0x0, 0x0, 0x0,
    0x0, 0x0, 0x0, 0xcf, 0xff, 0x50, 0x0, 0x0,
    0x0, 0x0, 0x0, 0x0, 0x5f, 0xff, 0x0, 0x0,
    0x0, 0x0,

    /* U+0475 "ѵ" */
    0x0, 0x0, 0x0, 0x0, 0x0, 0x1, 0x31, 0xc,
    0xff, 0x60, 0x0, 0x0, 0x8, 0xff, 0xf1, 0x5f,
    0xfc, 0x0, 0x0, 0x4, 0xff, 0xff, 0x0, 0xef,
    0xf3, 0x0, 0x0, 0xcf, 0xfe, 0xc0, 0x8, 0xff,
    0x90, 0x0, 0x2f, 0xfe, 0x0, 0x0, 0x1f, 0xff,
    0x0, 0x7, 0xff, 0x70, 0x0, 0x0, 0xbf, 0xf6,
    0x0, 0xdf, 0xf1, 0x0, 0x0, 0x4, 0xff, 0xc0,
    0x3f, 0xfb, 0x0, 0x0, 0x0, 0xd, 0xff, 0x39,
    0xff, 0x50, 0x0, 0x0, 0x0, 0x7f, 0xfa, 0xef,
    0xe0, 0x0, 0x0, 0x0, 0x1, 0xff, 0xff, 0xf9,
    0x0, 0x0, 0x0, 0x0, 0xa, 0xff, 0xff, 0x30,
    0x0, 0x0, 0x0, 0x0, 0x3f, 0xff, 0xd0, 0x0,
    0x0, 0x0, 0x0, 0x0, 0xcf, 0xf7, 0x0, 0x0,
    0x0,

    /* U+048A "Ҋ" */
    0x0, 0x5, 0x82, 0x0, 0x3, 0x84, 0x0, 0x0,
    0x0, 0x0, 0x9f, 0xa0, 0x0, 0xcf, 0x70, 0x0,
    0x0, 0x0, 0x3, 0xff, 0xda, 0xdf, 0xe1, 0x0,
    0x0, 0x0, 0x0, 0x3, 0xbe, 0xfe, 0xa2, 0x0,
    0x0, 0x0, 0x0, 0x0, 0x0, 0x0, 0x0, 0x0,
    0x0, 0x0, 0xb, 0xff, 0x30, 0x0, 0x0, 0x0,
    0x7f, 0xfa, 0x0, 0xbf, 0xf3, 0x0, 0x0, 0x0,
    0x3f, 0xff, 0xa0, 0xb, 0xff, 0x30, 0x0, 0x0,
    0xd, 0xff, 0xfa, 0x0, 0xbf, 0xf3, 0x0, 0x0,
    0xa, 0xff, 0xff, 0xa0, 0xb, 0xff, 0x30, 0x0,
    0x5, 0xff, 0xff, 0xfa, 0x0, 0xbf, 0xf3, 0x0,
    0x1, 0xff, 0xf9, 0xff, 0xa0, 0xb, 0xff, 0x30,
    0x0, 0xcf, 0xf9, 0x4f, 0xfa, 0x0, 0xbf, 0xf3,
    0x0, 0x7f, 0xfd, 0x4, 0xff, 0xa0, 0xb, 0xff,
    0x30, 0x3f, 0xff, 0x30, 0x4f, 0xfa, 0x0, 0xbf,
    0xf3, 0xd, 0xff, 0x70, 0x4, 0xff, 0xa0, 0xb,
    0xff, 0x3a, 0xff, 0xb0, 0x0, 0x4f, 0xfa, 0x0,
    0xbf, 0xf9, 0xff, 0xe1, 0x0, 0x4, 0xff, 0xa0,
    0xb, 0xff, 0xff, 0xf4, 0x0, 0x0, 0x4f, 0xfa,
    0x0, 0xbf, 0xff, 0xf9, 0x0, 0x0, 0x4, 0xff,
    0xa0, 0xb, 0xff, 0xfd, 0x0, 0x0, 0x0, 0x7f,
    0xff, 0xa9, 0xbf, 0xff, 0x20, 0x0, 0x0, 0x9,
    0xff, 0xff, 0xab, 0xff, 0x60, 0x0, 0x0, 0x0,
    0x9f, 0xff, 0xf5, 0x0, 0x0, 0x0, 0x0, 0x0,
    0x0, 0x7, 0xff, 0x10, 0x0, 0x0, 0x0, 0x0,
    0x0, 0x0, 0xbf, 0xc0, 0x0, 0x0, 0x0, 0x0,
    0x0, 0x0, 0xe, 0xf8, 0x0, 0x0, 0x0, 0x0,
    0x0, 0x0, 0x0, 0x88, 0x20,

    /* U+048B "ҋ" */
    0x0, 0xf, 0xe0, 0x0, 0x2f, 0xc0, 0x0, 0x0,
    0x0, 0xb, 0xf8, 0x11, 0xbf, 0x80, 0x0, 0x0,
    0x0, 0x2, 0xef, 0xff, 0xfc, 0x0, 0x0, 0x0,
    0x0, 0x0, 0x6, 0x99, 0x50, 0x0, 0x0, 0x0,
    0x0, 0x0, 0x0, 0x0, 0x0, 0x0, 0x0, 0x0,
    0x1f, 0xfd, 0x0, 0x0, 0x0, 0xcf, 0xf3, 0x0,
    0x1f, 0xfd, 0x0, 0x0, 0x9, 0xff, 0xf3, 0x0,
    0x1f, 0xfd, 0x0, 0x0, 0x6f, 0xff, 0xf3, 0x0,
    0x1f, 0xfd, 0x0, 0x3, 0xff, 0xff, 0xf3, 0x0,
    0x1f, 0xfd, 0x0, 0x1e, 0xff, 0xef, 0xf3, 0x0,
    0x1f, 0xfd, 0x0, 0xbf, 0xf8, 0xaf, 0xf3, 0x0,
    0x1f, 0xfd, 0x8, 0xff, 0xb0, 0xaf, 0xf3, 0x0,
    0x1f, 0xfd, 0x5f, 0xfd, 0x10, 0xaf, 0xf3, 0x0,
    0x1f, 0xfe, 0xff, 0xf2, 0x0, 0xaf, 0xf3, 0x0,
    0x1f, 0xff, 0xff, 0x50, 0x0, 0xaf, 0xf3, 0x0,
    0x1f, 0xff, 0xf8, 0x0, 0x0, 0xff, 0xfc, 0x80,
    0x1f, 0xff, 0xb0, 0x0, 0x0, 0xff, 0xff, 0xd0,
    0x1f, 0xfe, 0x10, 0x0, 0x0, 0xff, 0xff, 0x80,
    0x0, 0x0, 0x0, 0x0, 0x0, 0x2, 0xff, 0x30,
    0x0, 0x0, 0x0, 0x0, 0x0, 0x6, 0xff, 0x0,
    0x0, 0x0, 0x0, 0x0, 0x0, 0x4, 0x85, 0x0,

    /* U+048C "Ҍ" */
    0x0, 0x2f, 0xfd, 0x0, 0x0, 0x0, 0x0, 0x0,
    0x0, 0x2, 0xff, 0xd0, 0x0, 0x0, 0x0, 0x0,
    0x0, 0x13, 0x5f, 0xff, 0x33, 0x33, 0x10, 0x0,
    0x0, 0x5, 0xff, 0xff, 0xff, 0xff, 0xfa, 0x0,
    0x0, 0x0, 0x5f, 0xff, 0xff, 0xff, 0xff, 0xa0,
    0x0, 0x0, 0x0, 0x2, 0xff, 0xd0, 0x0, 0x0,
    0x0, 0x0, 0x0, 0x0, 0x2f, 0xfd, 0x0, 0x0,
    0x0, 0x0, 0x0, 0x0, 0x2, 0xff, 0xff, 0xff,
    0xff, 0xec, 0x60, 0x0, 0x0, 0x2f, 0xff, 0xff,
    0xff, 0xff, 0xff, 0xc1, 0x0, 0x2, 0xff, 0xe6,
    0x66, 0x67, 0xbf, 0xff, 0xa0, 0x0, 0x2f, 0xfd,
    0x0, 0x0, 0x0, 0x5f, 0xff, 0x10, 0x2, 0xff,
    0xd0, 0x0, 0x0, 0x0, 0xdf, 0xf4, 0x0, 0x2f,
    0xfd, 0x0, 0x0, 0x0, 0xb, 0xff, 0x40, 0x2,
    0xff, 0xd0, 0x0, 0x0, 0x0, 0xef, 0xf3, 0x0,
    0x2f, 0xfd, 0x0, 0x0, 0x0, 0x6f, 0xff, 0x0,
    0x2, 0xff, 0xe6, 0x66, 0x67, 0xbf, 0xff, 0x70,
    0x0, 0x2f, 0xff, 0xff, 0xff, 0xff, 0xff, 0xa0,
    0x0, 0x2, 0xff, 0xff, 0xff, 0xff, 0xda, 0x40,
    0x0,

    /* U+048D "ҍ" */
    0x0, 0x4f, 0xf9, 0x0, 0x0, 0x0, 0x0, 0x9f,
    0xff, 0xff, 0xff, 0xff, 0x0, 0x0, 0x9f, 0xff,
    0xff, 0xff, 0xff, 0x0, 0x0, 0x0, 0x5f, 0xfa,
    0x0, 0x0, 0x0, 0x0, 0x0, 0x4f, 0xfa, 0x11,
    0x10, 0x0, 0x0, 0x0, 0x4f, 0xff, 0xff, 0xff,
    0xea, 0x20, 0x0, 0x4f, 0xff, 0xff, 0xff, 0xff,
    0xe1, 0x0, 0x4f, 0xf9, 0x0, 0x2, 0xbf, 0xf8,
    0x0, 0x4f, 0xf9, 0x0, 0x0, 0x4f, 0xfb, 0x0,
    0x4f, 0xf9, 0x0, 0x0, 0x5f, 0xfa, 0x0, 0x4f,
    0xfa, 0x22, 0x36, 0xef, 0xf6, 0x0, 0x4f, 0xff,
    0xff, 0xff, 0xff, 0xb0, 0x0, 0x4f, 0xff, 0xff,
    0xfe, 0xc6, 0x0,

    /* U+048E "Ҏ" */
    0xbf, 0xff, 0xff, 0xff, 0xd9, 0x30, 0x0, 0xbf,
    0xff, 0xff, 0xff, 0xff, 0xf9, 0x0, 0xbf, 0xfe,
    0xaa, 0xab, 0xef, 0xff, 0x90, 0xbf, 0xf4, 0x0,
    0x0, 0x8, 0xff, 0xf2, 0xbf, 0xf4, 0x0, 0x0,
    0x0, 0xaf, 0xf7, 0xbf, 0xf4, 0x0, 0x1, 0x0,
    0x5f, 0xfa, 0xbf, 0xf4, 0x0, 0xac, 0x0, 0x4f,
    0xfb, 0xbf, 0xf4, 0x0, 0xcf, 0x80, 0x7f, 0xf9,
    0xbf, 0xf4, 0x0, 0x2f, 0xf4, 0xdf, 0xf6, 0xbf,
    0xf4, 0x0, 0x7, 0xff, 0xff, 0xe0, 0xbf, 0xff,
    0xff, 0xff, 0xff, 0xff, 0x40, 0xbf, 0xff, 0xff,
    0xff, 0xff, 0xfa, 0x0, 0xbf, 0xfe, 0xaa, 0xa9,
    0x87, 0xff, 0x20, 0xbf, 0xf4, 0x0, 0x0, 0x0,
    0x7f, 0xd0, 0xbf, 0xf4, 0x0, 0x0, 0x0, 0xb,
    0xa0, 0xbf, 0xf4, 0x0, 0x0, 0x0, 0x1, 0x0,
    0xbf, 0xf4, 0x0, 0x0, 0x0, 0x0, 0x0,

    /* U+048F "ҏ" */
    0x1f, 0xfb, 0x5, 0xce, 0xfc, 0x70, 0x0, 0x1,
    0xff, 0xb9, 0xff, 0xff, 0xff, 0xd1, 0x0, 0x1f,
    0xff, 0xff, 0xb9, 0xbf, 0xff, 0xc0, 0x1, 0xff,
    0xfe, 0x20, 0x0, 0x2e, 0xff, 0x60, 0x1f, 0xff,
    0x40, 0x0, 0x0, 0x4f, 0xfc, 0x1, 0xff, 0xf0,
    0x0, 0x0, 0x0, 0xef, 0xe0, 0x1f, 0xff, 0x0,
    0x0, 0x0, 0xd, 0xff, 0x1, 0xff, 0xf0, 0x0,
    0xb, 0x50, 0xef, 0xe0, 0x1f, 0xff, 0x30, 0x3,
    0xff, 0x6f, 0xfc, 0x1, 0xff, 0xfd, 0x20, 0x7,
    0xff, 0xff, 0x60, 0x1f, 0xff, 0xff, 0xb9, 0xbf,
    0xff, 0xc0, 0x1, 0xff, 0xd9, 0xff, 0xff, 0xff,
    0xf7, 0x0, 0x1f, 0xfd, 0x5, 0xce, 0xfc, 0xaf,
    0xf2, 0x1, 0xff, 0xd0, 0x0, 0x0, 0x0, 0x6f,
    0x50, 0x1f, 0xfd, 0x0, 0x0, 0x0, 0x0, 0x20,
    0x1, 0xff, 0xd0, 0x0, 0x0, 0x0, 0x0, 0x0,
    0x1f, 0xfd, 0x0, 0x0, 0x0, 0x0, 0x0, 0x1,
    0xff, 0xd0, 0x0, 0x0, 0x0, 0x0, 0x0,

    /* U+0490 "Ґ" */
    0x0, 0x0, 0x0, 0x0, 0x48, 0x81, 0x0, 0x0,
    0x0, 0x0, 0x9f, 0xf3, 0x0, 0x0, 0x0, 0x0,
    0x9f, 0xf3, 0x0, 0x0, 0x0, 0x0, 0x9f, 0xf3,
    0xbf, 0xff, 0xff, 0xff, 0xff, 0xf3, 0xbf, 0xff,
    0xff, 0xff, 0xff, 0xf3, 0xbf, 0xfb, 0xaa, 0xaa,
    0xaa, 0xa2, 0xbf, 0xf3, 0x0, 0x0, 0x0, 0x0,
    0xbf, 0xf3, 0x0, 0x0, 0x0, 0x0, 0xbf, 0xf3,
    0x0, 0x0, 0x0, 0x0, 0xbf, 0xf3, 0x0, 0x0,
    0x0, 0x0, 0xbf, 0xf3, 0x0, 0x0, 0x0, 0x0,
    0xbf, 0xf3, 0x0, 0x0, 0x0, 0x0, 0xbf, 0xf3,
    0x0, 0x0, 0x0, 0x0, 0xbf, 0xf3, 0x0, 0x0,
    0x0, 0x0, 0xbf, 0xf3, 0x0, 0x0, 0x0, 0x0,
    0xbf, 0xf3, 0x0, 0x0, 0x0, 0x0, 0xbf, 0xf3,
    0x0, 0x0, 0x0, 0x0, 0xbf, 0xf3, 0x0, 0x0,
    0x0, 0x0, 0xbf, 0xf3, 0x0, 0x0, 0x0, 0x0,
    0xbf, 0xf3, 0x0, 0x0, 0x0, 0x0,

    /* U+0491 "ґ" */
    0x0, 0x0, 0x0, 0x6, 0x87, 0x0, 0x0, 0x0,
    0xc, 0xff, 0x0, 0x0, 0x0, 0xc, 0xff, 0x1f,
    0xff, 0xff, 0xff, 0xff, 0x1f, 0xff, 0xff, 0xff,
    0xff, 0x1f, 0xfe, 0x99, 0x99, 0x98, 0x1f, 0xfd,
    0x0, 0x0, 0x0, 0x1f, 0xfd, 0x0, 0x0, 0x0,
    0x1f, 0xfd, 0x0, 0x0, 0x0, 0x1f, 0xfd, 0x0,
    0x0, 0x0, 0x1f, 0xfd, 0x0, 0x0, 0x0, 0x1f,
    0xfd, 0x0, 0x0, 0x0, 0x1f, 0xfd, 0x0, 0x0,
    0x0, 0x1f, 0xfd, 0x0, 0x0, 0x0, 0x1f, 0xfd,
    0x0, 0x0, 0x0, 0x1f, 0xfd, 0x0, 0x0, 0x0,

    /* U+0492 "Ғ" */
    0x0, 0xf, 0xff, 0xff, 0xff, 0xff, 0xfe, 0x0,
    0xf, 0xff, 0xff, 0xff, 0xff, 0xfe, 0x0, 0xf,
    0xff, 0xaa, 0xaa, 0xaa, 0xa9, 0x0, 0xf, 0xfe,
    0x0, 0x0, 0x0, 0x0, 0x0, 0xf, 0xfe, 0x0,
    0x0, 0x0, 0x0, 0x0, 0xf, 0xfe, 0x0, 0x0,
    0x0, 0x0, 0x0, 0xf, 0xfe, 0x0, 0x0, 0x0,
    0x0, 0x0, 0xf, 0xfe, 0x0, 0x0, 0x0, 0x0,
    0x6f, 0xff, 0xff, 0xff, 0xff, 0xff, 0x70, 0x6f,
    0xff, 0xff, 0xff, 0xff, 0xff, 0x70, 0x12, 0x2f,
    0xff, 0x22, 0x22, 0x22, 0x10, 0x0, 0xf, 0xfe,
    0x0, 0x0, 0x0, 0x0, 0x0, 0xf, 0xfe, 0x0,
    0x0, 0x0, 0x0, 0x0, 0xf, 0xfe, 0x0, 0x0,
    0x0, 0x0, 0x0, 0xf, 0xfe, 0x0, 0x0, 0x0,
    0x0, 0x0, 0xf, 0xfe, 0x0, 0x0, 0x0, 0x0,
    0x0, 0xf, 0xfe, 0x0, 0x0, 0x0, 0x0,

    /* U+0493 "ғ" */
    0x0, 0x9f, 0xff, 0xff, 0xff, 0xfd, 0x0, 0x9f,
    0xff, 0xff, 0xff, 0xfd, 0x0, 0x9f, 0xfd, 0x99,
    0x99, 0x97, 0x0, 0x9f, 0xf4, 0x0, 0x0, 0x0,
    0x0, 0x9f, 0xf4, 0x0, 0x0, 0x0, 0x0, 0x9f,
    0xf4, 0x0, 0x0, 0x0, 0x0, 0x9f, 0xf4, 0x0,
    0x0, 0x0, 0x2f, 0xff, 0xff, 0xff, 0xff, 0x30,
    0x1f, 0xff, 0xff, 0xff, 0xff, 0x30, 0x0, 0x9f,
    0xf4, 0x0, 0x0, 0x0, 0x0, 0x9f, 0xf4, 0x0,
    0x0, 0x0, 0x0, 0x9f, 0xf4, 0x0, 0x0, 0x0,
    0x0, 0x9f, 0xf4, 0x0, 0x0, 0x0,

    /* U+0494 "Ҕ" */
    0xbf, 0xff, 0xff, 0xff, 0xff, 0xfa, 0x0, 0xbf,
    0xff, 0xff, 0xff, 0xff, 0xfa, 0x0, 0xbf, 0xfd,
    0xaa, 0xaa, 0xaa, 0xa6, 0x0, 0xbf, 0xf3, 0x0,
    0x0, 0x0, 0x0, 0x0, 0xbf, 0xf3, 0x0, 0x0,
    0x0, 0x0, 0x0, 0xbf, 0xf3, 0x0, 0x0, 0x0,
    0x0, 0x0, 0xbf, 0xf3, 0x0, 0x0, 0x0, 0x0,
    0x0, 0xbf, 0xf3, 0x36, 0x99, 0x73, 0x0, 0x0,
    0xbf, 0xff, 0xff, 0xff, 0xff, 0xb1, 0x0, 0xbf,
    0xff, 0xff, 0xef, 0xff, 0xfd, 0x10, 0xbf, 0xff,
    0x40, 0x0, 0x6f, 0xff, 0x90, 0xbf, 0xf3, 0x0,
    0x0, 0x5, 0xff, 0xe0, 0xbf, 0xf3, 0x0, 0x0,
    0x0, 0xef, 0xf2, 0xbf, 0xf3, 0x0, 0x0, 0x0,
    0xbf, 0xf3, 0xbf, 0xf3, 0x0, 0x0, 0x0, 0xbf,
    0xf2, 0xbf, 0xf3, 0x0, 0x0, 0x0, 0xef, 0xf0,
    0xbf, 0xf3, 0x0, 0x0, 0x7, 0xff, 0xb0, 0x0,
    0x0, 0x0, 0x2, 0x8f, 0xff, 0x40, 0x0, 0x0,
    0x4, 0xff, 0xff, 0xf8, 0x0, 0x0, 0x0, 0x7,
    0xff, 0xff, 0x70, 0x0, 0x0, 0x0, 0x4, 0x88,
    0x50, 0x0, 0x0,

    /* U+0495 "ҕ" */
    0x1f, 0xff, 0xff, 0xff, 0xff, 0x20, 0x1, 0xff,
    0xff, 0xff, 0xff, 0xf2, 0x0, 0x1f, 0xff, 0x99,
    0x99, 0x99, 0x10, 0x1, 0xff, 0xd0, 0x0, 0x0,
    0x0, 0x0, 0x1f, 0xfd, 0x0, 0x0, 0x0, 0x0,
    0x1, 0xff, 0xd0, 0x0, 0x0, 0x0, 0x0, 0x1f,
    0xff, 0xae, 0xff, 0xe9, 0x10, 0x1, 0xff, 0xff,
    0xff, 0xff, 0xfe, 0x20, 0x1f, 0xff, 0xe9, 0x79,
    0xef, 0xfd, 0x1, 0xff, 0xf0, 0x0, 0x1, 0xef,
    0xf4, 0x1f, 0xfd, 0x0, 0x0, 0x7, 0xff, 0x81,
    0xff, 0xd0, 0x0, 0x0, 0x5f, 0xfa, 0x1f, 0xfd,
    0x0, 0x0, 0x5, 0xff, 0x90, 0x0, 0x0, 0x0,
    0x0, 0xaf, 0xf6, 0x0, 0x0, 0x0, 0x0, 0x8f,
    0xff, 0x10, 0x0, 0x0, 0xbd, 0xff, 0xff, 0x60,
    0x0, 0x0, 0xf, 0xff, 0xff, 0x70, 0x0, 0x0,
    0x2, 0xbc, 0xb8, 0x20, 0x0,

    /* U+0496 "Җ" */
    0x1e, 0xff, 0x20, 0x0, 0x0, 0x5f, 0xf9, 0x0,
    0x0, 0x0, 0xef, 0xf3, 0x0, 0x6f, 0xfb, 0x0,
    0x0, 0x5, 0xff, 0x90, 0x0, 0x0, 0x8f, 0xfa,
    0x0, 0x0, 0xdf, 0xf3, 0x0, 0x0, 0x5f, 0xf9,
    0x0, 0x0, 0x1f, 0xff, 0x10, 0x0, 0x4, 0xff,
    0xc0, 0x0, 0x5, 0xff, 0x90, 0x0, 0x9, 0xff,
    0x80, 0x0, 0x0, 0xb, 0xff, 0x50, 0x0, 0x5f,
    0xf9, 0x0, 0x2, 0xff, 0xe0, 0x0, 0x0, 0x0,
    0x2f, 0xfd, 0x0, 0x5, 0xff, 0x90, 0x0, 0xbf,
    0xf5, 0x0, 0x0, 0x0, 0x0, 0x9f, 0xf6, 0x0,
    0x5f, 0xf9, 0x0, 0x3f, 0xfc, 0x0, 0x0, 0x0,
    0x0, 0x1, 0xff, 0xfc, 0xbf, 0xff, 0xfb, 0xbf,
    0xff, 0x30, 0x0, 0x0, 0x0, 0x0, 0xf, 0xff,
    0xff, 0xff, 0xff, 0xff, 0xff, 0xf0, 0x0, 0x0,
    0x0, 0x0, 0x4, 0xff, 0xff, 0xff, 0xff, 0xff,
    0xff, 0xff, 0x70, 0x0, 0x0, 0x0, 0x0, 0xdf,
    0xf9, 0x0, 0x5f, 0xf9, 0x0, 0x6f, 0xff, 0x10,
    0x0, 0x0, 0x0, 0x7f, 0xfe, 0x10, 0x5, 0xff,
    0x90, 0x0, 0xcf, 0xfa, 0x0, 0x0, 0x0, 0x1e,
    0xff, 0x60, 0x0, 0x5f, 0xf9, 0x0, 0x3, 0xff,
    0xf3, 0x0, 0x0, 0x9, 0xff, 0xd0, 0x0, 0x5,
    0xff, 0x90, 0x0, 0xa, 0xff, 0xc0, 0x0, 0x3,
    0xff, 0xf4, 0x0, 0x0, 0x5f, 0xf9, 0x0, 0x0,
    0x1f, 0xff, 0xfa, 0x70, 0xcf, 0xfa, 0x0, 0x0,
    0x5, 0xff, 0x90, 0x0, 0x0, 0x7f, 0xff, 0xfb,
    0x5f, 0xff, 0x20, 0x0, 0x0, 0x5f, 0xf9, 0x0,
    0x0, 0x0, 0xff, 0xff, 0xb0, 0x0, 0x0, 0x0,
    0x0, 0x0, 0x0, 0x0, 0x0, 0x0, 0x0, 0x1f,
    0xfb, 0x0, 0x0, 0x0, 0x0, 0x0, 0x0, 0x0,
    0x0, 0x0, 0x0, 0x1, 0xff, 0xb0, 0x0, 0x0,
    0x0, 0x0, 0x0, 0x0, 0x0, 0x0, 0x0, 0x0,
    0x1f, 0xfb, 0x0, 0x0, 0x0, 0x0, 0x0, 0x0,
    0x0, 0x0, 0x0, 0x0, 0x0, 0x88, 0x50,

    /* U+0497 "җ" */
    0x3f, 0xfd, 0x0, 0x0, 0x5f, 0xf8, 0x0, 0x0,
    0xaf, 0xf6, 0x0, 0xaf, 0xf6, 0x0, 0x5, 0xff,
    0x80, 0x0, 0x3f, 0xfd, 0x0, 0x1, 0xff, 0xe0,
    0x0, 0x5f, 0xf8, 0x0, 0xc, 0xff, 0x40, 0x0,
    0x7, 0xff, 0x70, 0x5, 0xff, 0x80, 0x4, 0xff,
    0xa0, 0x0, 0x0, 0xe, 0xff, 0x10, 0x5f, 0xf8,
    0x0, 0xdf, 0xf2, 0x0, 0x0, 0x0, 0x5f, 0xff,
    0x8d, 0xff, 0xf8, 0xef, 0xf8, 0x0, 0x0, 0x0,
    0x0, 0xff, 0xff, 0xff, 0xff, 0xff, 0xff, 0x10,
    0x0, 0x0, 0x0, 0x6f, 0xff, 0xff, 0xff, 0xff,
    0xff, 0xf9, 0x0, 0x0, 0x0, 0x1e, 0xff, 0x40,
    0x5f, 0xf8, 0x2, 0xff, 0xf3, 0x0, 0x0, 0xa,
    0xff, 0xb0, 0x5, 0xff, 0x80, 0x8, 0xff, 0xd0,
    0x0, 0x4, 0xff, 0xf2, 0x0, 0x5f, 0xf8, 0x0,
    0xd, 0xff, 0xf8, 0x60, 0xdf, 0xf8, 0x0, 0x5,
    0xff, 0x80, 0x0, 0x5f, 0xff, 0xfc, 0x7f, 0xfd,
    0x0, 0x0, 0x5f, 0xf8, 0x0, 0x0, 0xff, 0xff,
    0xc0, 0x0, 0x0, 0x0, 0x0, 0x0, 0x0, 0x0,
    0x0, 0xd, 0xfc, 0x0, 0x0, 0x0, 0x0, 0x0,
    0x0, 0x0, 0x0, 0x0, 0xdf, 0xc0, 0x0, 0x0,
    0x0, 0x0, 0x0, 0x0, 0x0, 0x0, 0x6, 0x86,

    /* U+0498 "Ҙ" */
    0x0, 0x5, 0x9d, 0xff, 0xec, 0x82, 0x0, 0x0,
    0x2e, 0xff, 0xff, 0xff, 0xff, 0xf7, 0x0, 0x0,
    0xef, 0xfd, 0xba, 0xcf, 0xff, 0xf5, 0x0, 0x7,
    0x71, 0x0, 0x0, 0xa, 0xff, 0xc0, 0x0, 0x0,
    0x0, 0x0, 0x0, 0x2f, 0xfe, 0x0, 0x0, 0x0,
    0x0, 0x0, 0x2, 0xff, 0xd0, 0x0, 0x0, 0x0,
    0x0, 0x3, 0xcf, 0xf8, 0x0, 0x0, 0xc, 0xff,
    0xff, 0xff, 0xfd, 0x0, 0x0, 0x0, 0xcf, 0xff,
    0xff, 0xff, 0x50, 0x0, 0x0, 0x5, 0x77, 0x77,
    0x9e, 0xff, 0x80, 0x0, 0x0, 0x0, 0x0, 0x0,
    0xd, 0xff, 0x30, 0x0, 0x0, 0x0, 0x0, 0x0,
    0x6f, 0xf8, 0x0, 0x0, 0x0, 0x0, 0x0, 0x8,
    0xff, 0x90, 0x5d, 0x50, 0x0, 0x0, 0x4, 0xff,
    0xf6, 0xc, 0xff, 0xfc, 0xaa, 0xbd, 0xff, 0xfd,
    0x0, 0x7f, 0xff, 0xff, 0xff, 0xff, 0xfc, 0x10,
    0x0, 0x16, 0xaf, 0xff, 0xfd, 0x94, 0x0, 0x0,
    0x0, 0x0, 0x2f, 0xfa, 0x0, 0x0, 0x0, 0x0,
    0x0, 0x2, 0xff, 0xa0, 0x0, 0x0, 0x0, 0x0,
    0x0, 0x2f, 0xfa, 0x0, 0x0, 0x0, 0x0, 0x0,
    0x1, 0x88, 0x50, 0x0, 0x0, 0x0,

    /* U+0499 "ҙ" */
    0x0, 0x6b, 0xef, 0xec, 0x82, 0x0, 0xd, 0xff,
    0xff, 0xff, 0xff, 0x50, 0x8, 0xfc, 0x97, 0x8c,
    0xff, 0xf1, 0x1, 0x0, 0x0, 0x0, 0xbf, 0xf4,
    0x0, 0x0, 0x0, 0x3, 0xdf, 0xf2, 0x0, 0x7,
    0xff, 0xff, 0xff, 0x80, 0x0, 0x7, 0xff, 0xff,
    0xfb, 0x0, 0x0, 0x0, 0x0, 0x3, 0xcf, 0xe2,
    0x0, 0x0, 0x0, 0x0, 0x4f, 0xf9, 0x6, 0x30,
    0x0, 0x0, 0x9f, 0xfa, 0xf, 0xfd, 0xa9, 0x9d,
    0xff, 0xf5, 0x3f, 0xff, 0xff, 0xff, 0xff, 0x80,
    0x1, 0x7b, 0xff, 0xff, 0x93, 0x0, 0x0, 0x0,
    0x7f, 0xf4, 0x0, 0x0, 0x0, 0x0, 0x7f, 0xf4,
    0x0, 0x0, 0x0, 0x0, 0x38, 0x82, 0x0, 0x0,

    /* U+049A "Қ" */
    0xcf, 0xf3, 0x0, 0x0, 0x0, 0x6f, 0xfb, 0x0,
    0xcf, 0xf3, 0x0, 0x0, 0x1, 0xff, 0xf2, 0x0,
    0xcf, 0xf3, 0x0, 0x0, 0xa, 0xff, 0x60, 0x0,
    0xcf, 0xf3, 0x0, 0x0, 0x5f, 0xfc, 0x0, 0x0,
    0xcf, 0xf3, 0x0, 0x0, 0xef, 0xf2, 0x0, 0x0,
    0xcf, 0xf3, 0x0, 0x9, 0xff, 0x70, 0x0, 0x0,
    0xcf, 0xf3, 0x0, 0x3f, 0xfc, 0x0, 0x0, 0x0,
    0xcf, 0xfe, 0xbb, 0xff, 0xf2, 0x0, 0x0, 0x0,
    0xcf, 0xff, 0xff, 0xff, 0xf0, 0x0, 0x0, 0x0,
    0xcf, 0xff, 0xff, 0xff, 0xf4, 0x0, 0x0, 0x0,
    0xcf, 0xf3, 0x0, 0x7f, 0xfe, 0x10, 0x0, 0x0,
    0xcf, 0xf3, 0x0, 0xc, 0xff, 0xa0, 0x0, 0x0,
    0xcf, 0xf3, 0x0, 0x2, 0xff, 0xf4, 0x0, 0x0,
    0xcf, 0xf3, 0x0, 0x0, 0x7f, 0xfe, 0x10, 0x0,
    0xcf, 0xf3, 0x0, 0x0, 0xc, 0xff, 0xfa, 0xa2,
    0xcf, 0xf3, 0x0, 0x0, 0x2, 0xff, 0xff, 0xf3,
    0xcf, 0xf3, 0x0, 0x0, 0x0, 0x8f, 0xff, 0xf3,
    0x0, 0x0, 0x0, 0x0, 0x0, 0x0, 0x8f, 0xf3,
    0x0, 0x0, 0x0, 0x0, 0x0, 0x0, 0x8f, 0xf3,
    0x0, 0x0, 0x0, 0x0, 0x0, 0x0, 0x8f, 0xf3,
    0x0, 0x0, 0x0, 0x0, 0x0, 0x0, 0x48, 0x81,

    /* U+049B "қ" */
    0x1f, 0xfd, 0x0, 0x0, 0x9, 0xff, 0x70, 0x1f,
    0xfd, 0x0, 0x0, 0x4f, 0xfc, 0x0, 0x1f, 0xfd,
    0x0, 0x0, 0xef, 0xf2, 0x0, 0x1f, 0xfd, 0x0,
    0x9, 0xff, 0x60, 0x0, 0x1f, 0xfd, 0x0, 0x4f,
    0xfb, 0x0, 0x0, 0x1f, 0xff, 0x88, 0xff, 0xe1,
    0x0, 0x0, 0x1f, 0xff, 0xff, 0xff, 0xb0, 0x0,
    0x0, 0x1f, 0xff, 0xff, 0xff, 0xf2, 0x0, 0x0,
    0x1f, 0xfd, 0x0, 0x9f, 0xfd, 0x0, 0x0, 0x1f,
    0xfd, 0x0, 0xd, 0xff, 0x90, 0x0, 0x1f, 0xfd,
    0x0, 0x2, 0xff, 0xfc, 0x87, 0x1f, 0xfd, 0x0,
    0x0, 0x5f, 0xff, 0xfe, 0x1f, 0xfd, 0x0, 0x0,
    0xe, 0xff, 0xfe, 0x0, 0x0, 0x0, 0x0, 0x0,
    0xb, 0xfe, 0x0, 0x0, 0x0, 0x0, 0x0, 0xb,
    0xfe, 0x0, 0x0, 0x0, 0x0, 0x0, 0x5, 0x87,

    /* U+049C "Ҝ" */
    0xcf, 0xf3, 0x0, 0x0, 0x0, 0xc, 0xff, 0x50,
    0xcf, 0xf3, 0x0, 0x0, 0x0, 0x5f, 0xfc, 0x0,
    0xcf, 0xf3, 0x0, 0x0, 0x0, 0xef, 0xf3, 0x0,
    0xcf, 0xf3, 0x0, 0x0, 0x7, 0xff, 0x90, 0x0,
    0xcf, 0xf3, 0x7f, 0x70, 0x1f, 0xff, 0x10, 0x0,
    0xcf, 0xf3, 0x7f, 0x70, 0x9f, 0xf7, 0x0, 0x0,
    0xcf, 0xf3, 0x7f, 0x72, 0xff, 0xd0, 0x0, 0x0,
    0xcf, 0xfe, 0xff, 0xff, 0xff, 0x40, 0x0, 0x0,
    0xcf, 0xff, 0xff, 0xff, 0xff, 0x0, 0x0, 0x0,
    0xcf, 0xff, 0xff, 0xff, 0xff, 0x70, 0x0, 0x0,
    0xcf, 0xf3, 0x7f, 0x75, 0xff, 0xf1, 0x0, 0x0,
    0xcf, 0xf3, 0x7f, 0x70, 0xbf, 0xfa, 0x0, 0x0,
    0xcf, 0xf3, 0x7f, 0x70, 0x2f, 0xff, 0x40, 0x0,
    0xcf, 0xf3, 0x0, 0x0, 0x8, 0xff, 0xd0, 0x0,
    0xcf, 0xf3, 0x0, 0x0, 0x0, 0xef, 0xf8, 0x0,
    0xcf, 0xf3, 0x0, 0x0, 0x0, 0x5f, 0xff, 0x20,
    0xcf, 0xf3, 0x0, 0x0, 0x0, 0xc, 0xff, 0xb0,

    /* U+049D "ҝ" */
    0x1f, 0xfc, 0x0, 0x0, 0x2, 0xff, 0xc0, 0x1f,
    0xfc, 0x0, 0x0, 0xb, 0xff, 0x30, 0x1f, 0xfc,
    0x0, 0x0, 0x4f, 0xf9, 0x0, 0x1f, 0xfc, 0x3d,
    0x60, 0xdf, 0xf1, 0x0, 0x1f, 0xfc, 0x4f, 0x86,
    0xff, 0x70, 0x0, 0x1f, 0xff, 0xcf, 0xff, 0xfd,
    0x0, 0x0, 0x1f, 0xff, 0xff, 0xff, 0xf9, 0x0,
    0x0, 0x1f, 0xff, 0xff, 0xff, 0xfe, 0x0, 0x0,
    0x1f, 0xfc, 0x4f, 0x8a, 0xff, 0x90, 0x0, 0x1f,
    0xfc, 0x5f, 0x81, 0xff, 0xf3, 0x0, 0x1f, 0xfc,
    0x1, 0x0, 0x7f, 0xfd, 0x0, 0x1f, 0xfc, 0x0,
    0x0, 0xc, 0xff, 0x70, 0x1f, 0xfc, 0x0, 0x0,
    0x3, 0xff, 0xf2,

    /* U+049E "Ҟ" */
    0x0, 0x3f, 0xfb, 0x0, 0x0, 0x0, 0xd, 0xff,
    0x40, 0x3, 0xff, 0xb0, 0x0, 0x0, 0x8, 0xff,
    0x90, 0x4f, 0xff, 0xff, 0xff, 0xf3, 0x2, 0xff,
    0xe0, 0x4, 0xff, 0xff, 0xff, 0xff, 0x30, 0xcf,
    0xf4, 0x0, 0x0, 0x3f, 0xfb, 0x0, 0x0, 0x7f,
    0xfa, 0x0, 0x0, 0x3, 0xff, 0xb0, 0x0, 0x1f,
    0xfe, 0x10, 0x0, 0x0, 0x3f, 0xfb, 0x0, 0xb,
    0xff, 0x50, 0x0, 0x0, 0x3, 0xff, 0xfa, 0xaf,
    0xff, 0xa0, 0x0, 0x0, 0x0, 0x3f, 0xff, 0xff,
    0xff, 0xf4, 0x0, 0x0, 0x0, 0x3, 0xff, 0xff,
    0xff, 0xff, 0xc0, 0x0, 0x0, 0x0, 0x3f, 0xfb,
    0x0, 0x1e, 0xff, 0x70, 0x0, 0x0, 0x3, 0xff,
    0xb0, 0x0, 0x4f, 0xff, 0x20, 0x0, 0x0, 0x3f,
    0xfb, 0x0, 0x0, 0x9f, 0xfc, 0x0, 0x0, 0x3,
    0xff, 0xb0, 0x0, 0x0, 0xef, 0xf7, 0x0, 0x0,
    0x3f, 0xfb, 0x0, 0x0, 0x4, 0xff, 0xf2, 0x0,
    0x3, 0xff, 0xb0, 0x0, 0x0, 0x9, 0xff, 0xc0,
    0x0, 0x3f, 0xfb, 0x0, 0x0, 0x0, 0xe, 0xff,
    0x70,

    /* U+049F "ҟ" */
    0x0, 0x1f, 0xfd, 0x0, 0x0, 0x0, 0x0, 0x0,
    0x0, 0x1f, 0xfd, 0x0, 0x0, 0x0, 0x0, 0x0,
    0x1f, 0xff, 0xff, 0xff, 0xf2, 0x0, 0x0, 0x0,
    0x1f, 0xff, 0xff, 0xff, 0xf2, 0x0, 0x0, 0x0,
    0x0, 0x1f, 0xfd, 0x0, 0x0, 0x0, 0x0, 0x0,
    0x0, 0x1f, 0xfd, 0x0, 0x0, 0x9, 0xff, 0x70,
    0x0, 0x1f, 0xfd, 0x0, 0x0, 0x4f, 0xfb, 0x0,
    0x0, 0x1f, 0xfd, 0x0, 0x0, 0xef, 0xf1, 0x0,
    0x0, 0x1f, 0xfd, 0x0, 0xa, 0xff, 0x50, 0x0,
    0x0, 0x1f, 0xfd, 0x0, 0x4f, 0xfa, 0x0, 0x0,
    0x0, 0x1f, 0xff, 0x89, 0xff, 0xe1, 0x0, 0x0,
    0x0, 0x1f, 0xff, 0xff, 0xff, 0xa0, 0x0, 0x0,
    0x0, 0x1f, 0xff, 0xff, 0xff, 0xf2, 0x0, 0x0,
    0x0, 0x1f, 0xfd, 0x0, 0x9f, 0xfc, 0x0, 0x0,
    0x0, 0x1f, 0xfd, 0x0, 0xd, 0xff, 0x80, 0x0,
    0x0, 0x1f, 0xfd, 0x0, 0x2, 0xff, 0xf4, 0x0,
    0x0, 0x1f, 0xfd, 0x0, 0x0, 0x6f, 0xfe, 0x10,
    0x0, 0x1f, 0xfd, 0x0, 0x0, 0xa, 0xff, 0xb0,

    /* U+04A0 "Ҡ" */
    0xaf, 0xff, 0xff, 0xff, 0x0, 0x0, 0x0, 0xa,
    0xff, 0x80, 0xaf, 0xff, 0xff, 0xff, 0x0, 0x0,
    0x0, 0x4f, 0xfd, 0x0, 0x6a, 0xaa, 0xaf, 0xff,
    0x0, 0x0, 0x0, 0xdf, 0xf3, 0x0, 0x0, 0x0,
    0xf, 0xff, 0x0, 0x0, 0x8, 0xff, 0x80, 0x0,
    0x0, 0x0, 0xf, 0xff, 0x0, 0x0, 0x3f, 0xfd,
    0x0, 0x0, 0x0, 0x0, 0xf, 0xff, 0x0, 0x0,
    0xcf, 0xf3, 0x0, 0x0, 0x0, 0x0, 0xf, 0xff,
    0x0, 0x7, 0xff, 0x90, 0x0, 0x0, 0x0, 0x0,
    0xf, 0xff, 0xbb, 0xdf, 0xfe, 0x0, 0x0, 0x0,
    0x0, 0x0, 0xf, 0xff, 0xff, 0xff, 0xfb, 0x0,
    0x0, 0x0, 0x0, 0x0, 0xf, 0xff, 0xff, 0xff,
    0xff, 0x20, 0x0, 0x0, 0x0, 0x0, 0xf, 0xff,
    0x0, 0xa, 0xff, 0xc0, 0x0, 0x0, 0x0, 0x0,
    0xf, 0xff, 0x0, 0x1, 0xef, 0xf7, 0x0, 0x0,
    0x0, 0x0, 0xf, 0xff, 0x0, 0x0, 0x5f, 0xff,
    0x20, 0x0, 0x0, 0x0, 0xf, 0xff, 0x0, 0x0,
    0xa, 0xff, 0xc0, 0x0, 0x0, 0x0, 0xf, 0xff,
    0x0, 0x0, 0x1, 0xef, 0xf6, 0x0, 0x0, 0x0,
    0xf, 0xff, 0x0, 0x0, 0x0, 0x5f, 0xff, 0x20,
    0x0, 0x0, 0xf, 0xff, 0x0, 0x0, 0x0, 0xa,
    0xff, 0xc0,

    /* U+04A1 "ҡ" */
    0xdf, 0xff, 0xff, 0xf0, 0x0, 0x0, 0xbf, 0xf4,
    0xdf, 0xff, 0xff, 0xf0, 0x0, 0x6, 0xff, 0x90,
    0x68, 0x8c, 0xff, 0xf0, 0x0, 0x2f, 0xfe, 0x0,
    0x0, 0x3, 0xff, 0xa0, 0x0, 0xbf, 0xf4, 0x0,
    0x0, 0x3, 0xff, 0xa0, 0x6, 0xff, 0x80, 0x0,
    0x0, 0x3, 0xff, 0xf8, 0xaf, 0xfd, 0x0, 0x0,
    0x0, 0x3, 0xff, 0xff, 0xff, 0xf7, 0x0, 0x0,
    0x0, 0x3, 0xff, 0xff, 0xff, 0xfe, 0x10, 0x0,
    0x0, 0x3, 0xff, 0xa0, 0xb, 0xff, 0xa0, 0x0,
    0x0, 0x3, 0xff, 0xa0, 0x1, 0xef, 0xf6, 0x0,
    0x0, 0x3, 0xff, 0xa0, 0x0, 0x4f, 0xff, 0x20,
    0x0, 0x3, 0xff, 0xa0, 0x0, 0x8, 0xff, 0xd0,
    0x0, 0x3, 0xff, 0xa0, 0x0, 0x0, 0xcf, 0xf9,

    /* U+04A2 "Ң" */
    0xcf, 0xf4, 0x0, 0x0, 0x0, 0x7, 0xff, 0x90,
    0xc, 0xff, 0x40, 0x0, 0x0, 0x0, 0x7f, 0xf9,
    0x0, 0xcf, 0xf4, 0x0, 0x0, 0x0, 0x7, 0xff,
    0x90, 0xc, 0xff, 0x40, 0x0, 0x0, 0x0, 0x7f,
    0xf9, 0x0, 0xcf, 0xf4, 0x0, 0x0, 0x0, 0x7,
    0xff, 0x90, 0xc, 0xff, 0x40, 0x0, 0x0, 0x0,
    0x7f, 0xf9, 0x0, 0xcf, 0xf4, 0x0, 0x0, 0x0,
    0x7, 0xff, 0x90, 0xc, 0xff, 0xff, 0xff, 0xff,
    0xff, 0xff, 0xf9, 0x0, 0xcf, 0xff, 0xff, 0xff,
    0xff, 0xff, 0xff, 0x90, 0xc, 0xff, 0xea, 0xaa,
    0xaa, 0xaa, 0xff, 0xf9, 0x0, 0xcf, 0xf4, 0x0,
    0x0, 0x0, 0x7, 0xff, 0x90, 0xc, 0xff, 0x40,
    0x0, 0x0, 0x0, 0x7f, 0xf9, 0x0, 0xcf, 0xf4,
    0x0, 0x0, 0x0, 0x7, 0xff, 0x90, 0xc, 0xff,
    0x40, 0x0, 0x0, 0x0, 0x7f, 0xf9, 0x0, 0xcf,
    0xf4, 0x0, 0x0, 0x0, 0xa, 0xff, 0xfa, 0x9c,
    0xff, 0x40, 0x0, 0x0, 0x0, 0xcf, 0xff, 0xff,
    0xcf, 0xf4, 0x0, 0x0, 0x0, 0xc, 0xff, 0xff,
    0xf0, 0x0, 0x0, 0x0, 0x0, 0x0, 0x0, 0xc,
    0xff, 0x0, 0x0, 0x0, 0x0, 0x0, 0x0, 0x0,
    0xcf, 0xf0, 0x0, 0x0, 0x0, 0x0, 0x0, 0x0,
    0xc, 0xff, 0x0, 0x0, 0x0, 0x0, 0x0, 0x0,
    0x0, 0x68, 0x70,

    /* U+04A3 "ң" */
    0x1f, 0xfd, 0x0, 0x0, 0x0, 0xff, 0xe0, 0x1,
    0xff, 0xd0, 0x0, 0x0, 0xf, 0xfe, 0x0, 0x1f,
    0xfd, 0x0, 0x0, 0x0, 0xff, 0xe0, 0x1, 0xff,
    0xd0, 0x0, 0x0, 0xf, 0xfe, 0x0, 0x1f, 0xfd,
    0x0, 0x0, 0x0, 0xff, 0xe0, 0x1, 0xff, 0xe8,
    0x88, 0x88, 0x8f, 0xfe, 0x0, 0x1f, 0xff, 0xff,
    0xff, 0xff, 0xff, 0xe0, 0x1, 0xff, 0xff, 0xff,
    0xff, 0xff, 0xfe, 0x0, 0x1f, 0xfd, 0x0, 0x0,
    0x0, 0xff, 0xe0, 0x1, 0xff, 0xd0, 0x0, 0x0,
    0xf, 0xfe, 0x0, 0x1f, 0xfd, 0x0, 0x0, 0x0,
    0xff, 0xf8, 0x61, 0xff, 0xd0, 0x0, 0x0, 0xf,
    0xff, 0xfb, 0x1f, 0xfd, 0x0, 0x0, 0x0, 0xff,
    0xff, 0xb0, 0x0, 0x0, 0x0, 0x0, 0x0, 0xf,
    0xfb, 0x0, 0x0, 0x0, 0x0, 0x0, 0x0, 0xff,
    0xb0, 0x0, 0x0, 0x0, 0x0, 0x0, 0x7, 0x85,

    /* U+04A4 "Ҥ" */
    0xcf, 0xf4, 0x0, 0x0, 0x0, 0xc, 0xff, 0xff,
    0xff, 0xff, 0xff, 0x9c, 0xff, 0x40, 0x0, 0x0,
    0x0, 0xcf, 0xff, 0xff, 0xff, 0xff, 0xf9, 0xcf,
    0xf4, 0x0, 0x0, 0x0, 0xc, 0xff, 0xfa, 0xaa,
    0xaa, 0xaa, 0x5c, 0xff, 0x40, 0x0, 0x0, 0x0,
    0xcf, 0xff, 0x0, 0x0, 0x0, 0x0, 0xcf, 0xf4,
    0x0, 0x0, 0x0, 0xc, 0xff, 0xf0, 0x0, 0x0,
    0x0, 0xc, 0xff, 0x40, 0x0, 0x0, 0x0, 0xcf,
    0xff, 0x0, 0x0, 0x0, 0x0, 0xcf, 0xf4, 0x0,
    0x0, 0x0, 0xc, 0xff, 0xf0, 0x0, 0x0, 0x0,
    0xc, 0xff, 0xff, 0xff, 0xff, 0xff, 0xff, 0xff,
    0x0, 0x0, 0x0, 0x0, 0xcf, 0xff, 0xff, 0xff,
    0xff, 0xff, 0xff, 0xf0, 0x0, 0x0, 0x0, 0xc,
    0xff, 0xea, 0xaa, 0xaa, 0xaa, 0xff, 0xff, 0x0,
    0x0, 0x0, 0x0, 0xcf, 0xf4, 0x0, 0x0, 0x0,
    0xc, 0xff, 0xf0, 0x0, 0x0, 0x0, 0xc, 0xff,
    0x40, 0x0, 0x0, 0x0, 0xcf, 0xff, 0x0, 0x0,
    0x0, 0x0, 0xcf, 0xf4, 0x0, 0x0, 0x0, 0xc,
    0xff, 0xf0, 0x0, 0x0, 0x0, 0xc, 0xff, 0x40,
    0x0, 0x0, 0x0, 0xcf, 0xff, 0x0, 0x0, 0x0,
    0x0, 0xcf, 0xf4, 0x0, 0x0, 0x0, 0xc, 0xff,
    0xf0, 0x0, 0x0, 0x0, 0xc, 0xff, 0x40, 0x0,
    0x0, 0x0, 0xcf, 0xff, 0x0, 0x0, 0x0, 0x0,
    0xcf, 0xf4, 0x0, 0x0, 0x0, 0xc, 0xff, 0xf0,
    0x0, 0x0, 0x0, 0x0,

    /* U+04A5 "ҥ" */
    0x1f, 0xfd, 0x0, 0x0, 0x0, 0xff, 0xff, 0xff,
    0xff, 0xf6, 0x1f, 0xfd, 0x0, 0x0, 0x0, 0xff,
    0xff, 0xff, 0xff, 0xf6, 0x1f, 0xfd, 0x0, 0x0,
    0x0, 0xff, 0xf9, 0x99, 0x99, 0x93, 0x1f, 0xfd,
    0x0, 0x0, 0x0, 0xff, 0xf0, 0x0, 0x0, 0x0,
    0x1f, 0xfd, 0x0, 0x0, 0x0, 0xff, 0xf0, 0x0,
    0x0, 0x0, 0x1f, 0xfe, 0x88, 0x88, 0x88, 0xff,
    0xf0, 0x0, 0x0, 0x0, 0x1f, 0xff, 0xff, 0xff,
    0xff, 0xff, 0xf0, 0x0, 0x0, 0x0, 0x1f, 0xff,
    0xff, 0xff, 0xff, 0xff, 0xf0, 0x0, 0x0, 0x0,
    0x1f, 0xfd, 0x0, 0x0, 0x0, 0xff, 0xf0, 0x0,
    0x0, 0x0, 0x1f, 0xfd, 0x0, 0x0, 0x0, 0xff,
    0xf0, 0x0, 0x0, 0x0, 0x1f, 0xfd, 0x0, 0x0,
    0x0, 0xff, 0xf0, 0x0, 0x0, 0x0, 0x1f, 0xfd,
    0x0, 0x0, 0x0, 0xff, 0xf0, 0x0, 0x0, 0x0,
    0x1f, 0xfd, 0x0, 0x0, 0x0, 0xff, 0xf0, 0x0,
    0x0, 0x0,

    /* U+04A6 "Ҧ" */
    0xbf, 0xff, 0xff, 0xff, 0xff, 0xff, 0xff, 0x80,
    0x0, 0x0, 0x0, 0x0, 0xb, 0xff, 0xff, 0xff,
    0xff, 0xff, 0xff, 0xf8, 0x0, 0x0, 0x0, 0x0,
    0x0, 0xbf, 0xfd, 0xaa, 0xaa, 0xaa, 0xaf, 0xff,
    0x80, 0x0, 0x0, 0x0, 0x0, 0xb, 0xff, 0x30,
    0x0, 0x0, 0x0, 0x7f, 0xf8, 0x0, 0x0, 0x0,
    0x0, 0x0, 0xbf, 0xf3, 0x0, 0x0, 0x0, 0x7,
    0xff, 0x80, 0x0, 0x0, 0x0, 0x0, 0xb, 0xff,
    0x30, 0x0, 0x0, 0x0, 0x7f, 0xf8, 0x0, 0x0,
    0x0, 0x0, 0x0, 0xbf, 0xf3, 0x0, 0x0, 0x0,
    0x7, 0xff, 0x80, 0x0, 0x0, 0x0, 0x0, 0xb,
    0xff, 0x30, 0x0, 0x0, 0x0, 0x7f, 0xf8, 0x16,
    0x89, 0x84, 0x0, 0x0, 0xbf, 0xf3, 0x0, 0x0,
    0x0, 0x7, 0xff, 0xff, 0xff, 0xff, 0xfd, 0x30,
    0xb, 0xff, 0x30, 0x0, 0x0, 0x0, 0x7f, 0xff,
    0xff, 0xff, 0xff, 0xff, 0x30, 0xbf, 0xf3, 0x0,
    0x0, 0x0, 0x7, 0xff, 0xf6, 0x10, 0x4, 0xef,
    0xfc, 0xb, 0xff, 0x30, 0x0, 0x0, 0x0, 0x7f,
    0xf8, 0x0, 0x0, 0x2, 0xff, 0xf3, 0xbf, 0xf3,
    0x0, 0x0, 0x0, 0x7, 0xff, 0x80, 0x0, 0x0,
    0xa, 0xff, 0x6b, 0xff, 0x30, 0x0, 0x0, 0x0,
    0x7f, 0xf8, 0x0, 0x0, 0x0, 0x7f, 0xf7, 0xbf,
    0xf3, 0x0, 0x0, 0x0, 0x7, 0xff, 0x80, 0x0,
    0x0, 0x8, 0xff, 0x6b, 0xff, 0x30, 0x0, 0x0,
    0x0, 0x7f, 0xf8, 0x0, 0x0, 0x0, 0xbf, 0xf4,
    0xbf, 0xf3, 0x0, 0x0, 0x0, 0x7, 0xff, 0x80,
    0x0, 0x0, 0x3f, 0xff, 0x0, 0x0, 0x0, 0x0,
    0x0, 0x0, 0x0, 0x0, 0x0, 0x1, 0x6e, 0xff,
    0x80, 0x0, 0x0, 0x0, 0x0, 0x0, 0x0, 0x0,
    0x0, 0xf, 0xff, 0xff, 0xc0, 0x0, 0x0, 0x0,
    0x0, 0x0, 0x0, 0x0, 0x0, 0x4, 0xff, 0xff,
    0x90, 0x0, 0x0, 0x0, 0x0, 0x0, 0x0, 0x0,
    0x0, 0x0, 0x28, 0x86, 0x10, 0x0, 0x0,

    /* U+04A7 "ҧ" */
    0x1f, 0xff, 0xff, 0xff, 0xff, 0xff, 0x70, 0x0,
    0x0, 0x0, 0x0, 0x1f, 0xff, 0xff, 0xff, 0xff,
    0xff, 0x70, 0x0, 0x0, 0x0, 0x0, 0x1f, 0xff,
    0x99, 0x99, 0x9f, 0xff, 0x70, 0x0, 0x0, 0x0,
    0x0, 0x1f, 0xfd, 0x0, 0x0, 0x6, 0xff, 0x70,
    0x0, 0x0, 0x0, 0x0, 0x1f, 0xfd, 0x0, 0x0,
    0x6, 0xff, 0x70, 0x0, 0x0, 0x0, 0x0, 0x1f,
    0xfd, 0x0, 0x0, 0x6, 0xff, 0x70, 0x0, 0x0,
    0x0, 0x0, 0x1f, 0xfd, 0x0, 0x0, 0x6, 0xff,
    0xec, 0xff, 0xfc, 0x60, 0x0, 0x1f, 0xfd, 0x0,
    0x0, 0x6, 0xff, 0xff, 0xff, 0xff, 0xfa, 0x0,
    0x1f, 0xfd, 0x0, 0x0, 0x6, 0xff, 0xfc, 0x87,
    0xbf, 0xff, 0x70, 0x1f, 0xfd, 0x0, 0x0, 0x6,
    0xff, 0xa0, 0x0, 0x7, 0xff, 0xe0, 0x1f, 0xfd,
    0x0, 0x0, 0x6, 0xff, 0x70, 0x0, 0x0, 0xef,
    0xf2, 0x1f, 0xfd, 0x0, 0x0, 0x6, 0xff, 0x70,
    0x0, 0x0, 0xbf, 0xf3, 0x1f, 0xfd, 0x0, 0x0,
    0x6, 0xff, 0x70, 0x0, 0x0, 0xcf, 0xf2, 0x0,
    0x0, 0x0, 0x0, 0x0, 0x0, 0x0, 0x0, 0x1,
    0xff, 0xf0, 0x0, 0x0, 0x0, 0x0, 0x0, 0x0,
    0x0, 0x0, 0x2c, 0xff, 0xa0, 0x0, 0x0, 0x0,
    0x0, 0x0, 0x0, 0x2, 0xde, 0xff, 0xfe, 0x10,
    0x0, 0x0, 0x0, 0x0, 0x0, 0x0, 0x6, 0xff,
    0xff, 0xd3, 0x0, 0x0, 0x0, 0x0, 0x0, 0x0,
    0x0, 0x6, 0xcc, 0xa6, 0x0, 0x0,

    /* U+04A8 "Ҩ" */
    0x0, 0x7, 0xa2, 0x0, 0x0, 0x3a, 0xdf, 0xeb,
    0x40, 0x0, 0x0, 0x7, 0xff, 0xf1, 0x0, 0x7f,
    0xff, 0xff, 0xff, 0x90, 0x0, 0x3, 0xff, 0xf4,
    0x0, 0x6f, 0xff, 0xdb, 0xdf, 0xff, 0x80, 0x0,
    0xcf, 0xf8, 0x0, 0x1f, 0xff, 0x60, 0x0, 0x6f,
    0xff, 0x20, 0x2f, 0xfe, 0x0, 0x6, 0xff, 0xa0,
    0x0, 0x0, 0xaf, 0xf7, 0x8, 0xff, 0x90, 0x0,
    0xbf, 0xf4, 0x0, 0x0, 0x4, 0xff, 0xb0, 0xaf,
    0xf5, 0x0, 0xc, 0xff, 0x10, 0x0, 0x0, 0x2f,
    0xfc, 0xc, 0xff, 0x30, 0x0, 0xdf, 0xf1, 0x0,
    0x0, 0x1, 0xff, 0xc0, 0xcf, 0xf3, 0x0, 0xc,
    0xff, 0x20, 0x0, 0x0, 0x2f, 0xfb, 0xb, 0xff,
    0x50, 0x0, 0xaf, 0xf4, 0x0, 0x0, 0x6, 0xff,
    0x70, 0x8f, 0xf9, 0x0, 0x5, 0xff, 0xa0, 0x0,
    0x0, 0xbf, 0xf2, 0x3, 0xff, 0xe0, 0x0, 0xe,
    0xff, 0x20, 0x0, 0x3f, 0xfb, 0x0, 0xb, 0xff,
    0xa0, 0x0, 0x7f, 0xfc, 0x0, 0x1d, 0xff, 0x10,
    0x0, 0x2f, 0xff, 0xb1, 0x0, 0xbf, 0xfc, 0x5d,
    0xff, 0x40, 0x0, 0x0, 0x4f, 0xff, 0xfa, 0x65,
    0xff, 0xff, 0xff, 0x84, 0x67, 0x0, 0x0, 0x2c,
    0xff, 0xff, 0xff, 0xff, 0xff, 0xff, 0xff, 0xe0,
    0x0, 0x0, 0x4, 0x9d, 0xef, 0xec, 0x99, 0xbe,
    0xff, 0xda, 0x0, 0x0, 0x0, 0x0, 0x0, 0x0,
    0x0, 0x0, 0x0, 0x0, 0x0,

    /* U+04A9 "ҩ" */
    0x0, 0x8, 0xb2, 0x0, 0x5, 0xbe, 0xfd, 0x81,
    0x0, 0x0, 0x8f, 0xfe, 0x0, 0x9f, 0xff, 0xff,
    0xfe, 0x20, 0x3, 0xff, 0xf2, 0x5, 0xff, 0xf9,
    0x7d, 0xff, 0xc0, 0x9, 0xff, 0x70, 0xc, 0xff,
    0x20, 0x0, 0xcf, 0xf2, 0xe, 0xff, 0x10, 0xf,
    0xfa, 0x0, 0x0, 0x6f, 0xf5, 0xf, 0xfe, 0x0,
    0x2f, 0xf9, 0x0, 0x0, 0x4f, 0xf6, 0xf, 0xfd,
    0x0, 0x1f, 0xfa, 0x0, 0x0, 0x6f, 0xf4, 0xe,
    0xff, 0x0, 0xe, 0xfe, 0x0, 0x0, 0xbf, 0xf0,
    0x9, 0xff, 0x70, 0x9, 0xff, 0x60, 0x3, 0xff,
    0x90, 0x2, 0xff, 0xf4, 0x1, 0xff, 0xf5, 0x3e,
    0xfe, 0x10, 0x0, 0x6f, 0xff, 0xb5, 0x9f, 0xff,
    0xff, 0xf6, 0x52, 0x0, 0x6, 0xff, 0xff, 0xff,
    0xff, 0xff, 0xff, 0xf7, 0x0, 0x0, 0x17, 0xce,
    0xfe, 0xdf, 0xfe, 0xfe, 0xd5,

    /* U+04AA "Ҫ" */
    0x0, 0x0, 0x7, 0xbe, 0xfe, 0xc8, 0x20, 0x0,
    0x0, 0x6, 0xef, 0xff, 0xff, 0xff, 0xf8, 0x0,
    0x0, 0x8f, 0xff, 0xfe, 0xcd, 0xff, 0xff, 0xa0,
    0x6, 0xff, 0xfb, 0x30, 0x0, 0x6, 0xff, 0x50,
    0xe, 0xff, 0x90, 0x0, 0x0, 0x0, 0x24, 0x0,
    0x6f, 0xfd, 0x0, 0x0, 0x0, 0x0, 0x0, 0x0,
    0xbf, 0xf6, 0x0, 0x0, 0x0, 0x0, 0x0, 0x0,
    0xdf, 0xf2, 0x0, 0x0, 0x0, 0x0, 0x0, 0x0,
    0xef, 0xf1, 0x0, 0x0, 0x0, 0x0, 0x0, 0x0,
    0xdf, 0xf2, 0x0, 0x0, 0x0, 0x0, 0x0, 0x0,
    0xbf, 0xf6, 0x0, 0x0, 0x0, 0x0, 0x0, 0x0,
    0x6f, 0xfd, 0x0, 0x0, 0x0, 0x0, 0x0, 0x0,
    0xe, 0xff, 0x80, 0x0, 0x0, 0x0, 0x24, 0x0,
    0x6, 0xff, 0xfa, 0x20, 0x0, 0x5, 0xef, 0x50,
    0x0, 0x8f, 0xff, 0xfd, 0xbc, 0xef, 0xff, 0xb0,
    0x0, 0x6, 0xff, 0xff, 0xff, 0xff, 0xf9, 0x0,
    0x0, 0x0, 0x17, 0xbf, 0xff, 0xc8, 0x20, 0x0,
    0x0, 0x0, 0x0, 0xd, 0xff, 0x0, 0x0, 0x0,
    0x0, 0x0, 0x0, 0xd, 0xff, 0x0, 0x0, 0x0,
    0x0, 0x0, 0x0, 0xd, 0xff, 0x0, 0x0, 0x0,
    0x0, 0x0, 0x0, 0x6, 0x87, 0x0, 0x0, 0x0,

    /* U+04AB "ҫ" */
    0x0, 0x0, 0x5b, 0xef, 0xeb, 0x40, 0x0, 0x1,
    0xbf, 0xff, 0xff, 0xff, 0x90, 0x0, 0xcf, 0xff,
    0xb9, 0xbf, 0xff, 0x70, 0x6f, 0xfd, 0x20, 0x0,
    0x3e, 0xb2, 0xd, 0xff, 0x30, 0x0, 0x0, 0x10,
    0x0, 0xff, 0xe0, 0x0, 0x0, 0x0, 0x0, 0x1f,
    0xfc, 0x0, 0x0, 0x0, 0x0, 0x0, 0xff, 0xe0,
    0x0, 0x0, 0x0, 0x0, 0xc, 0xff, 0x30, 0x0,
    0x0, 0x10, 0x0, 0x6f, 0xfd, 0x20, 0x0, 0x3e,
    0xb2, 0x0, 0xbf, 0xff, 0xb9, 0xbf, 0xff, 0x60,
    0x1, 0xbf, 0xff, 0xff, 0xff, 0x90, 0x0, 0x0,
    0x5c, 0xff, 0xfb, 0x40, 0x0, 0x0, 0x0, 0x1f,
    0xf9, 0x0, 0x0, 0x0, 0x0, 0x1, 0xff, 0x90,
    0x0, 0x0, 0x0, 0x0, 0x8, 0x84, 0x0, 0x0,

    /* U+04AC "Ҭ" */
    0xaf, 0xff, 0xff, 0xff, 0xff, 0xff, 0xff, 0xaf,
    0xff, 0xff, 0xff, 0xff, 0xff, 0xff, 0x6a, 0xaa,
    0xaf, 0xff, 0xfa, 0xaa, 0xa9, 0x0, 0x0, 0x5,
    0xff, 0x90, 0x0, 0x0, 0x0, 0x0, 0x5, 0xff,
    0x90, 0x0, 0x0, 0x0, 0x0, 0x5, 0xff, 0x90,
    0x0, 0x0, 0x0, 0x0, 0x5, 0xff, 0x90, 0x0,
    0x0, 0x0, 0x0, 0x5, 0xff, 0x90, 0x0, 0x0,
    0x0, 0x0, 0x5, 0xff, 0x90, 0x0, 0x0, 0x0,
    0x0, 0x5, 0xff, 0x90, 0x0, 0x0, 0x0, 0x0,
    0x5, 0xff, 0x90, 0x0, 0x0, 0x0, 0x0, 0x5,
    0xff, 0x90, 0x0, 0x0, 0x0, 0x0, 0x5, 0xff,
    0x90, 0x0, 0x0, 0x0, 0x0, 0x5, 0xff, 0x90,
    0x0, 0x0, 0x0, 0x0, 0x9, 0xff, 0xfa, 0x90,
    0x0, 0x0, 0x0, 0xb, 0xff, 0xff, 0xf0, 0x0,
    0x0, 0x0, 0xb, 0xff, 0xff, 0xf0, 0x0, 0x0,
    0x0, 0x0, 0x0, 0xcf, 0xf0, 0x0, 0x0, 0x0,
    0x0, 0x0, 0xcf, 0xf0, 0x0, 0x0, 0x0, 0x0,
    0x0, 0xcf, 0xf0, 0x0, 0x0, 0x0, 0x0, 0x0,
    0x68, 0x70, 0x0,

    /* U+04AD "ҭ" */
    0xdf, 0xff, 0xff, 0xff, 0xff, 0xfa, 0xdf, 0xff,
    0xff, 0xff, 0xff, 0xfa, 0x79, 0x99, 0xff, 0xfe,
    0x99, 0x95, 0x0, 0x0, 0x8f, 0xf5, 0x0, 0x0,
    0x0, 0x0, 0x8f, 0xf5, 0x0, 0x0, 0x0, 0x0,
    0x8f, 0xf5, 0x0, 0x0, 0x0, 0x0, 0x8f, 0xf5,
    0x0, 0x0, 0x0, 0x0, 0x8f, 0xf5, 0x0, 0x0,
    0x0, 0x0, 0x8f, 0xf5, 0x0, 0x0, 0x0, 0x0,
    0x8f, 0xf5, 0x0, 0x0, 0x0, 0x0, 0xcf, 0xfe,
    0x81, 0x0, 0x0, 0x0, 0xff, 0xff, 0xf3, 0x0,
    0x0, 0x0, 0xff, 0xff, 0xf3, 0x0, 0x0, 0x0,
    0x0, 0x7f, 0xf3, 0x0, 0x0, 0x0, 0x0, 0x7f,
    0xf3, 0x0, 0x0, 0x0, 0x0, 0x38, 0x81, 0x0,

    /* U+04AE "Ү" */
    0x9f, 0xf9, 0x0, 0x0, 0x0, 0x0, 0x8f, 0xf6,
    0x1f, 0xff, 0x20, 0x0, 0x0, 0x2, 0xff, 0xd0,
    0x7, 0xff, 0xb0, 0x0, 0x0, 0xa, 0xff, 0x40,
    0x0, 0xdf, 0xf4, 0x0, 0x0, 0x3f, 0xfb, 0x0,
    0x0, 0x5f, 0xfd, 0x0, 0x0, 0xcf, 0xf2, 0x0,
    0x0, 0xb, 0xff, 0x60, 0x6, 0xff, 0x80, 0x0,
    0x0, 0x2, 0xff, 0xe1, 0xe, 0xfe, 0x10, 0x0,
    0x0, 0x0, 0x9f, 0xf9, 0x8f, 0xf6, 0x0, 0x0,
    0x0, 0x0, 0x1f, 0xff, 0xff, 0xd0, 0x0, 0x0,
    0x0, 0x0, 0x7, 0xff, 0xff, 0x40, 0x0, 0x0,
    0x0, 0x0, 0x0, 0xff, 0xfc, 0x0, 0x0, 0x0,
    0x0, 0x0, 0x0, 0xbf, 0xf8, 0x0, 0x0, 0x0,
    0x0, 0x0, 0x0, 0x9f, 0xf6, 0x0, 0x0, 0x0,
    0x0, 0x0, 0x0, 0x9f, 0xf6, 0x0, 0x0, 0x0,
    0x0, 0x0, 0x0, 0x9f, 0xf6, 0x0, 0x0, 0x0,
    0x0, 0x0, 0x0, 0x9f, 0xf6, 0x0, 0x0, 0x0,
    0x0, 0x0, 0x0, 0x9f, 0xf6, 0x0, 0x0, 0x0,

    /* U+04AF "ү" */
    0xbf, 0xf4, 0x0, 0x0, 0x0, 0x6f, 0xf5, 0x5f,
    0xfa, 0x0, 0x0, 0x0, 0xcf, 0xe0, 0xe, 0xff,
    0x0, 0x0, 0x2, 0xff, 0x90, 0x9, 0xff, 0x60,
    0x0, 0x8, 0xff, 0x20, 0x2, 0xff, 0xc0, 0x0,
    0xe, 0xfc, 0x0, 0x0, 0xcf, 0xf2, 0x0, 0x5f,
    0xf6, 0x0, 0x0, 0x6f, 0xf8, 0x0, 0xbf, 0xf0,
    0x0, 0x0, 0xf, 0xfe, 0x2, 0xff, 0x90, 0x0,
    0x0, 0x9, 0xff, 0x48, 0xff, 0x30, 0x0, 0x0,
    0x3, 0xff, 0xbe, 0xfd, 0x0, 0x0, 0x0, 0x0,
    0xdf, 0xff, 0xf6, 0x0, 0x0, 0x0, 0x0, 0x6f,
    0xff, 0xf1, 0x0, 0x0, 0x0, 0x0, 0x1f, 0xff,
    0xe0, 0x0, 0x0, 0x0, 0x0, 0xf, 0xff, 0x70,
    0x0, 0x0, 0x0, 0x0, 0xe, 0xff, 0x40, 0x0,
    0x0, 0x0, 0x0, 0xa, 0xff, 0x40, 0x0, 0x0,
    0x0, 0x0, 0xa, 0xff, 0x40, 0x0, 0x0, 0x0,
    0x0, 0xa, 0xff, 0x40, 0x0, 0x0,

    /* U+04B0 "Ұ" */
    0xaf, 0xf8, 0x0, 0x0, 0x0, 0x0, 0x8f, 0xf6,
    0x1f, 0xff, 0x20, 0x0, 0x0, 0x1, 0xff, 0xd0,
    0x7, 0xff, 0xb0, 0x0, 0x0, 0xa, 0xff, 0x40,
    0x0, 0xef, 0xf4, 0x0, 0x0, 0x3f, 0xfb, 0x0,
    0x0, 0x5f, 0xfd, 0x0, 0x0, 0xcf, 0xf2, 0x0,
    0x0, 0xc, 0xff, 0x60, 0x5, 0xff, 0x90, 0x0,
    0x0, 0x3, 0xff, 0xe0, 0xd, 0xff, 0x10, 0x0,
    0x0, 0x0, 0xaf, 0xf8, 0x7f, 0xf7, 0x0, 0x0,
    0x0, 0x0, 0x1f, 0xff, 0xff, 0xd0, 0x0, 0x0,
    0x0, 0x0, 0x8, 0xff, 0xff, 0x50, 0x0, 0x0,
    0x0, 0x3f, 0xff, 0xff, 0xff, 0xff, 0xd0, 0x0,
    0x0, 0x2f, 0xff, 0xff, 0xff, 0xff, 0xc0, 0x0,
    0x0, 0x0, 0x0, 0x9f, 0xf6, 0x0, 0x0, 0x0,
    0x0, 0x0, 0x0, 0x9f, 0xf6, 0x0, 0x0, 0x0,
    0x0, 0x0, 0x0, 0x9f, 0xf6, 0x0, 0x0, 0x0,
    0x0, 0x0, 0x0, 0x9f, 0xf6, 0x0, 0x0, 0x0,
    0x0, 0x0, 0x0, 0x9f, 0xf6, 0x0, 0x0, 0x0,

    /* U+04B1 "ұ" */
    0xbf, 0xf4, 0x0, 0x0, 0x0, 0x6f, 0xf5, 0x5f,
    0xfa, 0x0, 0x0, 0x0, 0xcf, 0xe0, 0xe, 0xff,
    0x10, 0x0, 0x3, 0xff, 0x80, 0x8, 0xff, 0x60,
    0x0, 0x9, 0xff, 0x20, 0x2, 0xff, 0xd0, 0x0,
    0xf, 0xfc, 0x0, 0x0, 0xbf, 0xf3, 0x0, 0x6f,
    0xf5, 0x0, 0x0, 0x5f, 0xf9, 0x0, 0xcf, 0xe0,
    0x0, 0x0, 0xe, 0xff, 0x3, 0xff, 0x80, 0x0,
    0x0, 0x8, 0xff, 0x69, 0xff, 0x20, 0x0, 0x0,
    0x2, 0xff, 0xdf, 0xfb, 0x0, 0x0, 0x0, 0x0,
    0xbf, 0xff, 0xf5, 0x0, 0x0, 0x0, 0x0, 0x5f,
    0xff, 0xf0, 0x0, 0x0, 0x6, 0xff, 0xff, 0xff,
    0xff, 0xff, 0x0, 0x6, 0xff, 0xff, 0xff, 0xff,
    0xff, 0x0, 0x0, 0x0, 0xc, 0xff, 0x40, 0x0,
    0x0, 0x0, 0x0, 0xa, 0xff, 0x40, 0x0, 0x0,
    0x0, 0x0, 0xa, 0xff, 0x40, 0x0, 0x0, 0x0,
    0x0, 0xa, 0xff, 0x40, 0x0, 0x0,

    /* U+04B2 "Ҳ" */
    0x1e, 0xff, 0x70, 0x0, 0x0, 0xa, 0xff, 0xd0,
    0x0, 0x5f, 0xff, 0x20, 0x0, 0x4, 0xff, 0xf3,
    0x0, 0x0, 0xaf, 0xfc, 0x0, 0x1, 0xef, 0xf8,
    0x0, 0x0, 0x1, 0xef, 0xf7, 0x0, 0xaf, 0xfd,
    0x0, 0x0, 0x0, 0x5, 0xff, 0xf2, 0x4f, 0xff,
    0x30, 0x0, 0x0, 0x0, 0xb, 0xff, 0xce, 0xff,
    0x90, 0x0, 0x0, 0x0, 0x0, 0x1f, 0xff, 0xff,
    0xd0, 0x0, 0x0, 0x0, 0x0, 0x0, 0x6f, 0xff,
    0xf3, 0x0, 0x0, 0x0, 0x0, 0x0, 0x1, 0xff,
    0xff, 0x10, 0x0, 0x0, 0x0, 0x0, 0x0, 0xaf,
    0xff, 0xfa, 0x0, 0x0, 0x0, 0x0, 0x0, 0x5f,
    0xff, 0xff, 0xf5, 0x0, 0x0, 0x0, 0x0, 0x1e,
    0xff, 0x7a, 0xff, 0xe1, 0x0, 0x0, 0x0, 0xb,
    0xff, 0xc0, 0x1e, 0xff, 0xa0, 0x0, 0x0, 0x5,
    0xff, 0xf2, 0x0, 0x4f, 0xff, 0x50, 0x0, 0x1,
    0xef, 0xf6, 0x0, 0x0, 0x9f, 0xff, 0xba, 0x40,
    0xbf, 0xfc, 0x0, 0x0, 0x0, 0xdf, 0xff, 0xf7,
    0x5f, 0xff, 0x20, 0x0, 0x0, 0x4, 0xff, 0xff,
    0x70, 0x0, 0x0, 0x0, 0x0, 0x0, 0x0, 0x5f,
    0xf7, 0x0, 0x0, 0x0, 0x0, 0x0, 0x0, 0x5,
    0xff, 0x70, 0x0, 0x0, 0x0, 0x0, 0x0, 0x0,
    0x5f, 0xf7, 0x0, 0x0, 0x0, 0x0, 0x0, 0x0,
    0x2, 0x88, 0x30,

    /* U+04B3 "ҳ" */
    0x5f, 0xfd, 0x0, 0x0, 0xc, 0xff, 0x40, 0x9,
    0xff, 0x90, 0x0, 0x8f, 0xf9, 0x0, 0x0, 0xdf,
    0xf4, 0x3, 0xff, 0xd0, 0x0, 0x0, 0x3f, 0xfe,
    0x2e, 0xff, 0x20, 0x0, 0x0, 0x7, 0xff, 0xff,
    0xf6, 0x0, 0x0, 0x0, 0x0, 0xbf, 0xff, 0xa0,
    0x0, 0x0, 0x0, 0x0, 0x4f, 0xff, 0x40, 0x0,
    0x0, 0x0, 0x0, 0xdf, 0xff, 0xd0, 0x0, 0x0,
    0x0, 0x9, 0xff, 0xff, 0xf9, 0x0, 0x0, 0x0,
    0x5f, 0xfc, 0xd, 0xff, 0x50, 0x0, 0x2, 0xff,
    0xf1, 0x2, 0xff, 0xf9, 0x86, 0xc, 0xff, 0x50,
    0x0, 0x7f, 0xff, 0xfc, 0x8f, 0xfa, 0x0, 0x0,
    0xf, 0xff, 0xfc, 0x0, 0x0, 0x0, 0x0, 0x0,
    0xd, 0xfc, 0x0, 0x0, 0x0, 0x0, 0x0, 0xd,
    0xfc, 0x0, 0x0, 0x0, 0x0, 0x0, 0x6, 0x86,

    /* U+04B4 "Ҵ" */
    0xaf, 0xff, 0xff, 0xff, 0xff, 0xff, 0xf2, 0x0,
    0x4f, 0xfb, 0x0, 0xa, 0xff, 0xff, 0xff, 0xff,
    0xff, 0xff, 0x20, 0x4, 0xff, 0xb0, 0x0, 0x6a,
    0xaa, 0xae, 0xff, 0xfa, 0xaa, 0xa1, 0x0, 0x4f,
    0xfb, 0x0, 0x0, 0x0, 0x0, 0x5f, 0xfa, 0x0,
    0x0, 0x0, 0x4, 0xff, 0xb0, 0x0, 0x0, 0x0,
    0x5, 0xff, 0xa0, 0x0, 0x0, 0x0, 0x4f, 0xfb,
    0x0, 0x0, 0x0, 0x0, 0x5f, 0xfa, 0x0, 0x0,
    0x0, 0x4, 0xff, 0xb0, 0x0, 0x0, 0x0, 0x5,
    0xff, 0xa0, 0x0, 0x0, 0x0, 0x4f, 0xfb, 0x0,
    0x0, 0x0, 0x0, 0x5f, 0xfa, 0x0, 0x0, 0x0,
    0x4, 0xff, 0xb0, 0x0, 0x0, 0x0, 0x5, 0xff,
    0xa0, 0x0, 0x0, 0x0, 0x4f, 0xfb, 0x0, 0x0,
    0x0, 0x0, 0x5f, 0xfa, 0x0, 0x0, 0x0, 0x4,
    0xff, 0xb0, 0x0, 0x0, 0x0, 0x5, 0xff, 0xa0,
    0x0, 0x0, 0x0, 0x4f, 0xfb, 0x0, 0x0, 0x0,
    0x0, 0x5f, 0xfa, 0x0, 0x0, 0x0, 0x4, 0xff,
    0xb0, 0x0, 0x0, 0x0, 0x5, 0xff, 0xa0, 0x0,
    0x0, 0x0, 0x4f, 0xfb, 0x0, 0x0, 0x0, 0x0,
    0x5f, 0xfa, 0x0, 0x0, 0x0, 0x4, 0xff, 0xb0,
    0x0, 0x0, 0x0, 0x5, 0xff, 0xea, 0xaa, 0xaa,
    0xaa, 0xef, 0xff, 0xaa, 0x10, 0x0, 0x0, 0x5f,
    0xff, 0xff, 0xff, 0xff, 0xff, 0xff, 0xff, 0xf2,
    0x0, 0x0, 0x5, 0xff, 0xff, 0xff, 0xff, 0xff,
    0xff, 0xff, 0xff, 0x20, 0x0, 0x0, 0x0, 0x0,
    0x0, 0x0, 0x0, 0x0, 0x0, 0xaf, 0xf2, 0x0,
    0x0, 0x0, 0x0, 0x0, 0x0, 0x0, 0x0, 0x0,
    0xa, 0xff, 0x20, 0x0, 0x0, 0x0, 0x0, 0x0,
    0x0, 0x0, 0x0, 0x0, 0xaf, 0xf2, 0x0, 0x0,
    0x0, 0x0, 0x0, 0x0, 0x0, 0x0, 0x0, 0x5,
    0x88, 0x10,

    /* U+04B5 "ҵ" */
    0xdf, 0xff, 0xff, 0xff, 0xff, 0x90, 0x3f, 0xfa,
    0x0, 0xdf, 0xff, 0xff, 0xff, 0xff, 0x90, 0x3f,
    0xfa, 0x0, 0x79, 0x99, 0xff, 0xfe, 0x99, 0x50,
    0x3f, 0xfa, 0x0, 0x0, 0x0, 0x7f, 0xf5, 0x0,
    0x0, 0x3f, 0xfa, 0x0, 0x0, 0x0, 0x7f, 0xf5,
    0x0, 0x0, 0x3f, 0xfa, 0x0, 0x0, 0x0, 0x7f,
    0xf5, 0x0, 0x0, 0x3f, 0xfa, 0x0, 0x0, 0x0,
    0x7f, 0xf5, 0x0, 0x0, 0x3f, 0xfa, 0x0, 0x0,
    0x0, 0x7f, 0xf5, 0x0, 0x0, 0x3f, 0xfa, 0x0,
    0x0, 0x0, 0x7f, 0xf5, 0x0, 0x0, 0x3f, 0xfa,
    0x0, 0x0, 0x0, 0x7f, 0xf5, 0x0, 0x0, 0x3f,
    0xfa, 0x0, 0x0, 0x0, 0x7f, 0xfb, 0x88, 0x88,
    0xcf, 0xff, 0x83, 0x0, 0x0, 0x7f, 0xff, 0xff,
    0xff, 0xff, 0xff, 0xf5, 0x0, 0x0, 0x7f, 0xff,
    0xff, 0xff, 0xff, 0xff, 0xf5, 0x0, 0x0, 0x0,
    0x0, 0x0, 0x0, 0x0, 0x5f, 0xf5, 0x0, 0x0,
    0x0, 0x0, 0x0, 0x0, 0x0, 0x5f, 0xf5, 0x0,
    0x0, 0x0, 0x0, 0x0, 0x0, 0x0, 0x28, 0x82,

    /* U+04B6 "Ҷ" */
    0x5f, 0xf9, 0x0, 0x0, 0x0, 0x9, 0xff, 0x50,
    0x5, 0xff, 0x90, 0x0, 0x0, 0x0, 0x9f, 0xf5,
    0x0, 0x5f, 0xf9, 0x0, 0x0, 0x0, 0x9, 0xff,
    0x50, 0x5, 0xff, 0x90, 0x0, 0x0, 0x0, 0x9f,
    0xf5, 0x0, 0x5f, 0xf9, 0x0, 0x0, 0x0, 0x9,
    0xff, 0x50, 0x5, 0xff, 0xa0, 0x0, 0x0, 0x0,
    0x9f, 0xf5, 0x0, 0x4f, 0xfc, 0x0, 0x0, 0x0,
    0x9, 0xff, 0x50, 0x1, 0xff, 0xf4, 0x0, 0x0,
    0x0, 0xaf, 0xf5, 0x0, 0xc, 0xff, 0xe6, 0x20,
    0x13, 0x8f, 0xff, 0x50, 0x0, 0x3f, 0xff, 0xff,
    0xff, 0xff, 0xff, 0xf5, 0x0, 0x0, 0x4e, 0xff,
    0xff, 0xff, 0xff, 0xff, 0x50, 0x0, 0x0, 0x5,
    0x8a, 0xa9, 0x61, 0x9f, 0xf5, 0x0, 0x0, 0x0,
    0x0, 0x0, 0x0, 0x9, 0xff, 0x50, 0x0, 0x0,
    0x0, 0x0, 0x0, 0x0, 0x9f, 0xf5, 0x0, 0x0,
    0x0, 0x0, 0x0, 0x0, 0xf, 0xff, 0xfa, 0x70,
    0x0, 0x0, 0x0, 0x0, 0x0, 0xff, 0xff, 0xfb,
    0x0, 0x0, 0x0, 0x0, 0x0, 0xf, 0xff, 0xff,
    0xb0, 0x0, 0x0, 0x0, 0x0, 0x0, 0x0, 0xf,
    0xfb, 0x0, 0x0, 0x0, 0x0, 0x0, 0x0, 0x0,
    0xff, 0xb0, 0x0, 0x0, 0x0, 0x0, 0x0, 0x0,
    0xf, 0xfb, 0x0, 0x0, 0x0, 0x0, 0x0, 0x0,
    0x0, 0x88, 0x50,

    /* U+04B7 "ҷ" */
    0x2f, 0xfc, 0x0, 0x0, 0x8, 0xff, 0x50, 0x2,
    0xff, 0xc0, 0x0, 0x0, 0x8f, 0xf5, 0x0, 0x2f,
    0xfc, 0x0, 0x0, 0x8, 0xff, 0x50, 0x2, 0xff,
    0xc0, 0x0, 0x0, 0x8f, 0xf5, 0x0, 0x1f, 0xfd,
    0x0, 0x0, 0x8, 0xff, 0x50, 0x0, 0xff, 0xf2,
    0x0, 0x0, 0x9f, 0xf5, 0x0, 0xb, 0xff, 0xe8,
    0x78, 0xcf, 0xff, 0x50, 0x0, 0x2f, 0xff, 0xff,
    0xff, 0xff, 0xf5, 0x0, 0x0, 0x29, 0xef, 0xfc,
    0x7a, 0xff, 0x50, 0x0, 0x0, 0x0, 0x0, 0x0,
    0x8f, 0xf5, 0x0, 0x0, 0x0, 0x0, 0x0, 0xd,
    0xff, 0xe8, 0x10, 0x0, 0x0, 0x0, 0x0, 0xff,
    0xff, 0xf3, 0x0, 0x0, 0x0, 0x0, 0xf, 0xff,
    0xff, 0x30, 0x0, 0x0, 0x0, 0x0, 0x0, 0x7f,
    0xf3, 0x0, 0x0, 0x0, 0x0, 0x0, 0x7, 0xff,
    0x30, 0x0, 0x0, 0x0, 0x0, 0x0, 0x38, 0x81,

    /* U+04B8 "Ҹ" */
    0x6f, 0xf9, 0x0, 0x0, 0x0, 0x9, 0xff, 0x56,
    0xff, 0x90, 0x0, 0x0, 0x0, 0x9f, 0xf5, 0x6f,
    0xf9, 0x0, 0x0, 0x0, 0x9, 0xff, 0x56, 0xff,
    0x90, 0x0, 0x0, 0x0, 0x9f, 0xf5, 0x6f, 0xf9,
    0x0, 0x0, 0x0, 0x9, 0xff, 0x55, 0xff, 0xa0,
    0x1, 0x42, 0x0, 0x9f, 0xf5, 0x4f, 0xfc, 0x0,
    0x7f, 0x80, 0x9, 0xff, 0x52, 0xff, 0xf4, 0x7,
    0xf8, 0x0, 0xaf, 0xf5, 0xc, 0xff, 0xe6, 0x9f,
    0x94, 0x8f, 0xff, 0x50, 0x3f, 0xff, 0xff, 0xff,
    0xff, 0xff, 0xf5, 0x0, 0x4e, 0xff, 0xff, 0xff,
    0xff, 0xff, 0x50, 0x0, 0x5, 0x8f, 0xff, 0x61,
    0x9f, 0xf5, 0x0, 0x0, 0x0, 0x7f, 0x80, 0x9,
    0xff, 0x50, 0x0, 0x0, 0x7, 0xf8, 0x0, 0x9f,
    0xf5, 0x0, 0x0, 0x0, 0x5b, 0x50, 0x9, 0xff,
    0x50, 0x0, 0x0, 0x0, 0x0, 0x0, 0x9f, 0xf5,
    0x0, 0x0, 0x0, 0x0, 0x0, 0x9, 0xff, 0x50,

    /* U+04B9 "ҹ" */
    0x2f, 0xfb, 0x0, 0x0, 0x8, 0xff, 0x52, 0xff,
    0xb0, 0x0, 0x0, 0x8f, 0xf5, 0x2f, 0xfb, 0x0,
    0x0, 0x8, 0xff, 0x52, 0xff, 0xb0, 0x0, 0x0,
    0x8f, 0xf5, 0x2f, 0xfc, 0x4, 0xd7, 0x8, 0xff,
    0x50, 0xff, 0xf2, 0x4f, 0x80, 0xaf, 0xf5, 0xc,
    0xff, 0xed, 0xff, 0xcf, 0xff, 0x50, 0x3f, 0xff,
    0xff, 0xff, 0xff, 0xf5, 0x0, 0x29, 0xef, 0xff,
    0x7a, 0xff, 0x50, 0x0, 0x0, 0x4f, 0x80, 0x8f,
    0xf5, 0x0, 0x0, 0x4, 0xf8, 0x8, 0xff, 0x50,
    0x0, 0x0, 0x3, 0x10, 0x8f, 0xf5, 0x0, 0x0,
    0x0, 0x0, 0x8, 0xff, 0x50,

    /* U+04BA "Һ" */
    0xbf, 0xf3, 0x0, 0x0, 0x0, 0x0, 0x0, 0xbf,
    0xf3, 0x0, 0x0, 0x0, 0x0, 0x0, 0xbf, 0xf3,
    0x0, 0x0, 0x0, 0x0, 0x0, 0xbf, 0xf3, 0x0,
    0x0, 0x0, 0x0, 0x0, 0xbf, 0xf3, 0x0, 0x0,
    0x0, 0x0, 0x0, 0xbf, 0xf3, 0x37, 0xaa, 0xa7,
    0x30, 0x0, 0xbf, 0xff, 0xff, 0xff, 0xff, 0xfa,
    0x10, 0xbf, 0xff, 0xff, 0xff, 0xff, 0xff, 0xc0,
    0xbf, 0xff, 0x62, 0x0, 0x3a, 0xff, 0xf6, 0xbf,
    0xf3, 0x0, 0x0, 0x0, 0xaf, 0xfb, 0xbf, 0xf3,
    0x0, 0x0, 0x0, 0x2f, 0xfe, 0xbf, 0xf3, 0x0,
    0x0, 0x0, 0xf, 0xff, 0xbf, 0xf3, 0x0, 0x0,
    0x0, 0xf, 0xff, 0xbf, 0xf3, 0x0, 0x0, 0x0,
    0xf, 0xff, 0xbf, 0xf3, 0x0, 0x0, 0x0, 0xf,
    0xff, 0xbf, 0xf3, 0x0, 0x0, 0x0, 0xf, 0xff,
    0xbf, 0xf3, 0x0, 0x0, 0x0, 0xf, 0xff,

    /* U+04BB "һ" */
    0xd, 0xdb, 0x0, 0x0, 0x0, 0x0, 0x0, 0x1f,
    0xfd, 0x0, 0x0, 0x0, 0x0, 0x0, 0x1f, 0xfd,
    0x0, 0x0, 0x0, 0x0, 0x0, 0x1f, 0xfd, 0x0,
    0x0, 0x0, 0x0, 0x0, 0x1f, 0xfd, 0x0, 0x0,
    0x0, 0x0, 0x0, 0x1f, 0xfd, 0x7, 0xdf, 0xec,
    0x50, 0x0, 0x1f, 0xfe, 0xdf, 0xff, 0xff, 0xf9,
    0x0, 0x1f, 0xff, 0xff, 0xba, 0xef, 0xff, 0x50,
    0x1f, 0xff, 0xd1, 0x0, 0xa, 0xff, 0xb0, 0x1f,
    0xff, 0x30, 0x0, 0x1, 0xff, 0xe0, 0x1f, 0xfe,
    0x0, 0x0, 0x0, 0xef, 0xf0, 0x1f, 0xfd, 0x0,
    0x0, 0x0, 0xdf, 0xf0, 0x1f, 0xfd, 0x0, 0x0,
    0x0, 0xdf, 0xf0, 0x1f, 0xfd, 0x0, 0x0, 0x0,
    0xdf, 0xf0, 0x1f, 0xfd, 0x0, 0x0, 0x0, 0xdf,
    0xf0, 0x1f, 0xfd, 0x0, 0x0, 0x0, 0xdf, 0xf0,
    0x1f, 0xfd, 0x0, 0x0, 0x0, 0xdf, 0xf0, 0x1f,
    0xfd, 0x0, 0x0, 0x0, 0xdf, 0xf0,

    /* U+04BC "Ҽ" */
    0x0, 0x0, 0x0, 0x0, 0x0, 0x49, 0xdf, 0xfd,
    0x93, 0x0, 0x0, 0x0, 0x0, 0x0, 0x0, 0x2,
    0xcf, 0xff, 0xff, 0xff, 0xfb, 0x10, 0x0, 0x0,
    0x0, 0x0, 0x3, 0xff, 0xff, 0xeb, 0xcf, 0xff,
    0xfe, 0x10, 0x0, 0xba, 0x70, 0x1, 0xef, 0xfd,
    0x40, 0x0, 0x5, 0xef, 0xfd, 0x0, 0x3f, 0xf8,
    0x0, 0x9f, 0xfd, 0x10, 0x0, 0x0, 0x2, 0xef,
    0xf6, 0x5, 0xff, 0x60, 0xf, 0xff, 0x30, 0x0,
    0x0, 0x0, 0x6, 0xff, 0xc0, 0x4f, 0xfd, 0x24,
    0xff, 0xc0, 0x0, 0x0, 0x0, 0x0, 0xf, 0xff,
    0x0, 0xdf, 0xff, 0xff, 0xff, 0xff, 0xff, 0xff,
    0xff, 0xff, 0xff, 0xf2, 0x2, 0xdf, 0xff, 0xff,
    0xff, 0xff, 0xff, 0xff, 0xff, 0xff, 0xff, 0x30,
    0x0, 0x47, 0xef, 0xff, 0x77, 0x77, 0x77, 0x77,
    0x77, 0x77, 0x71, 0x0, 0x0, 0x5, 0xff, 0xc0,
    0x0, 0x0, 0x0, 0x0, 0x0, 0x0, 0x0, 0x0,
    0x0, 0xf, 0xff, 0x40, 0x0, 0x0, 0x0, 0x0,
    0x0, 0x0, 0x0, 0x0, 0x0, 0xaf, 0xfe, 0x10,
    0x0, 0x0, 0x0, 0x91, 0x0, 0x0, 0x0, 0x0,
    0x1, 0xef, 0xfe, 0x50, 0x0, 0x4, 0xdf, 0xd2,
    0x0, 0x0, 0x0, 0x0, 0x3, 0xff, 0xff, 0xec,
    0xce, 0xff, 0xff, 0x60, 0x0, 0x0, 0x0, 0x0,
    0x2, 0xcf, 0xff, 0xff, 0xff, 0xfd, 0x40, 0x0,
    0x0, 0x0, 0x0, 0x0, 0x0, 0x49, 0xdf, 0xfd,
    0xa5, 0x0, 0x0, 0x0,

    /* U+04BD "ҽ" */
    0x0, 0x0, 0x0, 0x1, 0x8d, 0xff, 0xd8, 0x10,
    0x0, 0x0, 0x0, 0x0, 0x5e, 0xff, 0xff, 0xff,
    0xf5, 0x0, 0x17, 0x40, 0x3, 0xff, 0xfb, 0x77,
    0xbf, 0xff, 0x40, 0x6f, 0xf0, 0xd, 0xff, 0x60,
    0x0, 0x4, 0xff, 0xd0, 0x8f, 0xf3, 0x3f, 0xfb,
    0x0, 0x0, 0x0, 0x9f, 0xf2, 0x4f, 0xff, 0xff,
    0xff, 0xff, 0xff, 0xff, 0xff, 0xf5, 0x5, 0xcf,
    0xff, 0xff, 0xff, 0xff, 0xff, 0xff, 0xf6, 0x0,
    0x0, 0x6f, 0xf7, 0x0, 0x0, 0x0, 0x0, 0x0,
    0x0, 0x0, 0x3f, 0xfd, 0x0, 0x0, 0x0, 0x0,
    0x0, 0x0, 0x0, 0xc, 0xff, 0xa0, 0x0, 0x1,
    0xa7, 0x0, 0x0, 0x0, 0x2, 0xff, 0xff, 0xa9,
    0xaf, 0xff, 0x40, 0x0, 0x0, 0x0, 0x3e, 0xff,
    0xff, 0xff, 0xfc, 0x10, 0x0, 0x0, 0x0, 0x1,
    0x6c, 0xef, 0xeb, 0x50, 0x0,

    /* U+04BE "Ҿ" */
    0x0, 0x0, 0x0, 0x0, 0x0, 0x49, 0xdf, 0xfd,
    0x93, 0x0, 0x0, 0x0, 0x0, 0x0, 0x0, 0x2,
    0xcf, 0xff, 0xff, 0xff, 0xfb, 0x10, 0x0, 0x0,
    0x0, 0x0, 0x3, 0xff, 0xff, 0xeb, 0xcf, 0xff,
    0xfe, 0x10, 0x0, 0xba, 0x70, 0x1, 0xef, 0xfd,
    0x40, 0x0, 0x5, 0xef, 0xfd, 0x0, 0x3f, 0xf8,
    0x0, 0x9f, 0xfd, 0x10, 0x0, 0x0, 0x2, 0xef,
    0xf6, 0x5, 0xff, 0x60, 0xf, 0xff, 0x30, 0x0,
    0x0, 0x0, 0x6, 0xff, 0xc0, 0x4f, 0xfd, 0x24,
    0xff, 0xc0, 0x0, 0x0, 0x0, 0x0, 0xf, 0xff,
    0x0, 0xdf, 0xff, 0xff, 0xff, 0xff, 0xff, 0xff,
    0xff, 0xff, 0xff, 0xf2, 0x2, 0xdf, 0xff, 0xff,
    0xff, 0xff, 0xff, 0xff, 0xff, 0xff, 0xff, 0x30,
    0x0, 0x47, 0xef, 0xff, 0x77, 0x77, 0x77, 0x77,
    0x77, 0x77, 0x71, 0x0, 0x0, 0x5, 0xff, 0xd0,
    0x0, 0x0, 0x0, 0x0, 0x0, 0x0, 0x0, 0x0,
    0x0, 0xf, 0xff, 0x40, 0x0, 0x0, 0x0, 0x0,
    0x0, 0x0, 0x0, 0x0, 0x0, 0xaf, 0xfe, 0x20,
    0x0, 0x0, 0x1, 0xa2, 0x0, 0x0, 0x0, 0x0,
    0x1, 0xef, 0xfe, 0x60, 0x0, 0x5, 0xef, 0xe2,
    0x0, 0x0, 0x0, 0x0, 0x3, 0xff, 0xff, 0xfd,
    0xdf, 0xff, 0xff, 0x60, 0x0, 0x0, 0x0, 0x0,
    0x2, 0xcf, 0xff, 0xff, 0xff, 0xfd, 0x30, 0x0,
    0x0, 0x0, 0x0, 0x0, 0x0, 0x49, 0xff, 0xff,
    0xa4, 0x0, 0x0, 0x0, 0x0, 0x0, 0x0, 0x0,
    0x0, 0x4, 0xff, 0x70, 0x0, 0x0, 0x0, 0x0,
    0x0, 0x0, 0x0, 0x0, 0x0, 0x4f, 0xf7, 0x0,
    0x0, 0x0, 0x0, 0x0, 0x0, 0x0, 0x0, 0x0,
    0x4, 0xff, 0x70, 0x0, 0x0, 0x0, 0x0, 0x0,
    0x0, 0x0, 0x0, 0x0, 0x28, 0x83, 0x0, 0x0,
    0x0, 0x0,

    /* U+04BF "ҿ" */
    0x0, 0x0, 0x0, 0x1, 0x8d, 0xff, 0xd8, 0x10,
    0x0, 0x0, 0x0, 0x0, 0x5e, 0xff, 0xff, 0xff,
    0xf5, 0x0, 0x17, 0x40, 0x3, 0xff, 0xfb, 0x77,
    0xbf, 0xff, 0x40, 0x6f, 0xf0, 0xd, 0xff, 0x60,
    0x0, 0x4, 0xff, 0xd0, 0x8f, 0xf3, 0x3f, 0xfb,
    0x0, 0x0, 0x0, 0x9f, 0xf2, 0x4f, 0xff, 0xff,
    0xff, 0xff, 0xff, 0xff, 0xff, 0xf5, 0x5, 0xcf,
    0xff, 0xff, 0xff, 0xff, 0xff, 0xff, 0xf6, 0x0,
    0x0, 0x6f, 0xf7, 0x0, 0x0, 0x0, 0x0, 0x0,
    0x0, 0x0, 0x3f, 0xfd, 0x0, 0x0, 0x0, 0x0,
    0x0, 0x0, 0x0, 0xc, 0xff, 0xb1, 0x0, 0x2,
    0xb8, 0x0, 0x0, 0x0, 0x2, 0xff, 0xff, 0xcb,
    0xcf, 0xff, 0x40, 0x0, 0x0, 0x0, 0x3e, 0xff,
    0xff, 0xff, 0xfb, 0x0, 0x0, 0x0, 0x0, 0x1,
    0x6f, 0xff, 0xfb, 0x50, 0x0, 0x0, 0x0, 0x0,
    0x0, 0x4, 0xff, 0x70, 0x0, 0x0, 0x0, 0x0,
    0x0, 0x0, 0x4, 0xff, 0x70, 0x0, 0x0, 0x0,
    0x0, 0x0, 0x0, 0x2, 0x88, 0x30, 0x0, 0x0,

    /* U+04C0 "Ӏ" */
    0xbf, 0xf4, 0xbf, 0xf4, 0xbf, 0xf4, 0xbf, 0xf4,
    0xbf, 0xf4, 0xbf, 0xf4, 0xbf, 0xf4, 0xbf, 0xf4,
    0xbf, 0xf4, 0xbf, 0xf4, 0xbf, 0xf4, 0xbf, 0xf4,
    0xbf, 0xf4, 0xbf, 0xf4, 0xbf, 0xf4, 0xbf, 0xf4,
    0xbf, 0xf4,

    /* U+04C1 "Ӂ" */
    0x0, 0x0, 0x0, 0x0, 0x88, 0x0, 0x0, 0x68,
    0x20, 0x0, 0x0, 0x0, 0x0, 0x0, 0x0, 0x0,
    0xef, 0x50, 0x2, 0xff, 0x20, 0x0, 0x0, 0x0,
    0x0, 0x0, 0x0, 0x0, 0x7f, 0xfb, 0xbf, 0xfb,
    0x0, 0x0, 0x0, 0x0, 0x0, 0x0, 0x0, 0x0,
    0x6, 0xcf, 0xfd, 0x70, 0x0, 0x0, 0x0, 0x0,
    0x0, 0x0, 0x0, 0x0, 0x0, 0x0, 0x0, 0x0,
    0x0, 0x0, 0x0, 0x0, 0x1e, 0xff, 0x20, 0x0,
    0x0, 0x5f, 0xf9, 0x0, 0x0, 0x0, 0xef, 0xf3,
    0x6, 0xff, 0xb0, 0x0, 0x0, 0x5f, 0xf9, 0x0,
    0x0, 0x8, 0xff, 0xa0, 0x0, 0xdf, 0xf3, 0x0,
    0x0, 0x5f, 0xf9, 0x0, 0x0, 0x1f, 0xff, 0x10,
    0x0, 0x4f, 0xfc, 0x0, 0x0, 0x5f, 0xf9, 0x0,
    0x0, 0x9f, 0xf8, 0x0, 0x0, 0xb, 0xff, 0x50,
    0x0, 0x5f, 0xf9, 0x0, 0x2, 0xff, 0xe0, 0x0,
    0x0, 0x2, 0xff, 0xd0, 0x0, 0x5f, 0xf9, 0x0,
    0xb, 0xff, 0x50, 0x0, 0x0, 0x0, 0x9f, 0xf6,
    0x0, 0x5f, 0xf9, 0x0, 0x3f, 0xfc, 0x0, 0x0,
    0x0, 0x0, 0x1f, 0xff, 0xcb, 0xff, 0xff, 0xbb,
    0xff, 0xf3, 0x0, 0x0, 0x0, 0x0, 0xf, 0xff,
    0xff, 0xff, 0xff, 0xff, 0xff, 0xf0, 0x0, 0x0,
    0x0, 0x0, 0x4f, 0xff, 0xff, 0xff, 0xff, 0xff,
    0xff, 0xf7, 0x0, 0x0, 0x0, 0x0, 0xdf, 0xf9,
    0x0, 0x5f, 0xf9, 0x0, 0x6f, 0xff, 0x10, 0x0,
    0x0, 0x7, 0xff, 0xe1, 0x0, 0x5f, 0xf9, 0x0,
    0xc, 0xff, 0xa0, 0x0, 0x0, 0x1e, 0xff, 0x60,
    0x0, 0x5f, 0xf9, 0x0, 0x3, 0xff, 0xf3, 0x0,
    0x0, 0x9f, 0xfd, 0x0, 0x0, 0x5f, 0xf9, 0x0,
    0x0, 0xaf, 0xfc, 0x0, 0x3, 0xff, 0xf4, 0x0,
    0x0, 0x5f, 0xf9, 0x0, 0x0, 0x1f, 0xff, 0x60,
    0xc, 0xff, 0xa0, 0x0, 0x0, 0x5f, 0xf9, 0x0,
    0x0, 0x7, 0xff, 0xe0, 0x5f, 0xff, 0x20, 0x0,
    0x0, 0x5f, 0xf9, 0x0, 0x0, 0x0, 0xef, 0xf8,

    /* U+04C2 "ӂ" */
    0x0, 0x0, 0x0, 0xaf, 0x40, 0x1, 0xfe, 0x0,
    0x0, 0x0, 0x0, 0x0, 0x0, 0x6, 0xfc, 0x11,
    0xaf, 0xb0, 0x0, 0x0, 0x0, 0x0, 0x0, 0x0,
    0xc, 0xff, 0xff, 0xe2, 0x0, 0x0, 0x0, 0x0,
    0x0, 0x0, 0x0, 0x6, 0x99, 0x71, 0x0, 0x0,
    0x0, 0x0, 0x0, 0x0, 0x0, 0x0, 0x0, 0x0,
    0x0, 0x0, 0x0, 0x0, 0x3, 0xff, 0xd0, 0x0,
    0x5, 0xff, 0x80, 0x0, 0xa, 0xff, 0x60, 0xa,
    0xff, 0x60, 0x0, 0x5f, 0xf8, 0x0, 0x3, 0xff,
    0xd0, 0x0, 0x1f, 0xfe, 0x0, 0x5, 0xff, 0x80,
    0x0, 0xcf, 0xf4, 0x0, 0x0, 0x7f, 0xf7, 0x0,
    0x5f, 0xf8, 0x0, 0x4f, 0xfa, 0x0, 0x0, 0x0,
    0xef, 0xf1, 0x5, 0xff, 0x80, 0xd, 0xff, 0x20,
    0x0, 0x0, 0x5, 0xff, 0xf8, 0xdf, 0xff, 0x8e,
    0xff, 0x80, 0x0, 0x0, 0x0, 0xf, 0xff, 0xff,
    0xff, 0xff, 0xff, 0xf1, 0x0, 0x0, 0x0, 0x6,
    0xff, 0xff, 0xff, 0xff, 0xff, 0xff, 0x90, 0x0,
    0x0, 0x1, 0xef, 0xf4, 0x5, 0xff, 0x80, 0x2f,
    0xff, 0x30, 0x0, 0x0, 0xaf, 0xfb, 0x0, 0x5f,
    0xf8, 0x0, 0x8f, 0xfd, 0x0, 0x0, 0x4f, 0xff,
    0x20, 0x5, 0xff, 0x80, 0x0, 0xdf, 0xf7, 0x0,
    0xd, 0xff, 0x80, 0x0, 0x5f, 0xf8, 0x0, 0x5,
    0xff, 0xf2, 0x7, 0xff, 0xd0, 0x0, 0x5, 0xff,
    0x80, 0x0, 0xb, 0xff, 0xb0,

    /* U+04C3 "Ӄ" */
    0xbf, 0xf3, 0x0, 0x0, 0x0, 0x6f, 0xfb, 0xb,
    0xff, 0x30, 0x0, 0x0, 0x1f, 0xff, 0x20, 0xbf,
    0xf3, 0x0, 0x0, 0xa, 0xff, 0x70, 0xb, 0xff,
    0x30, 0x0, 0x5, 0xff, 0xc0, 0x0, 0xbf, 0xf3,
    0x0, 0x0, 0xef, 0xf2, 0x0, 0xb, 0xff, 0x30,
    0x0, 0x9f, 0xf7, 0x0, 0x0, 0xbf, 0xf3, 0x0,
    0x3f, 0xfc, 0x0, 0x0, 0xb, 0xff, 0xeb, 0xbf,
    0xff, 0x20, 0x0, 0x0, 0xbf, 0xff, 0xff, 0xff,
    0xf0, 0x0, 0x0, 0xb, 0xff, 0xff, 0xff, 0xff,
    0x90, 0x0, 0x0, 0xbf, 0xf3, 0x0, 0x5f, 0xff,
    0x60, 0x0, 0xb, 0xff, 0x30, 0x0, 0x6f, 0xff,
    0x40, 0x0, 0xbf, 0xf3, 0x0, 0x0, 0x9f, 0xfe,
    0x10, 0xb, 0xff, 0x30, 0x0, 0x0, 0xcf, 0xfb,
    0x0, 0xbf, 0xf3, 0x0, 0x0, 0x2, 0xff, 0xf5,
    0xb, 0xff, 0x30, 0x0, 0x0, 0x9, 0xff, 0xc0,
    0xbf, 0xf3, 0x0, 0x0, 0x0, 0x2f, 0xff, 0x20,
    0x0, 0x0, 0x0, 0x0, 0x0, 0xff, 0xf4, 0x0,
    0x0, 0x0, 0x0, 0x0, 0x2f, 0xff, 0x30, 0x0,
    0x0, 0x0, 0x3d, 0xae, 0xff, 0xf0, 0x0, 0x0,
    0x0, 0x8, 0xff, 0xff, 0xf6, 0x0, 0x0, 0x0,
    0x0, 0x4b, 0xef, 0xc5, 0x0,

    /* U+04C4 "ӄ" */
    0x1f, 0xfd, 0x0, 0x0, 0x9, 0xff, 0x71, 0xff,
    0xd0, 0x0, 0x4, 0xff, 0xc0, 0x1f, 0xfd, 0x0,
    0x0, 0xef, 0xf2, 0x1, 0xff, 0xd0, 0x0, 0x9f,
    0xf6, 0x0, 0x1f, 0xfd, 0x0, 0x4f, 0xfb, 0x0,
    0x1, 0xff, 0xf8, 0x8f, 0xfe, 0x10, 0x0, 0x1f,
    0xff, 0xff, 0xff, 0xf0, 0x0, 0x1, 0xff, 0xff,
    0xff, 0xff, 0x90, 0x0, 0x1f, 0xfd, 0x0, 0x2e,
    0xff, 0x70, 0x1, 0xff, 0xd0, 0x0, 0x3f, 0xff,
    0x20, 0x1f, 0xfd, 0x0, 0x0, 0x6f, 0xfb, 0x1,
    0xff, 0xd0, 0x0, 0x0, 0xdf, 0xf3, 0x1f, 0xfd,
    0x0, 0x0, 0x6, 0xff, 0x80, 0x0, 0x0, 0x0,
    0x0, 0x3f, 0xfb, 0x0, 0x0, 0x0, 0x0, 0x5,
    0xff, 0xa0, 0x0, 0x0, 0x7, 0x98, 0xff, 0xf6,
    0x0, 0x0, 0x0, 0xef, 0xff, 0xfd, 0x0, 0x0,
    0x0, 0x9, 0xdf, 0xe9, 0x10,

    /* U+04C5 "Ӆ" */
    0x0, 0x0, 0xdf, 0xff, 0xff, 0xff, 0xff, 0xff,
    0x0, 0x0, 0x0, 0xe, 0xff, 0xff, 0xff, 0xff,
    0xff, 0xf0, 0x0, 0x0, 0x0, 0xef, 0xfa, 0xaa,
    0xaa, 0xaf, 0xff, 0x0, 0x0, 0x0, 0xf, 0xfa,
    0x0, 0x0, 0x0, 0xff, 0xf0, 0x0, 0x0, 0x0,
    0xff, 0xa0, 0x0, 0x0, 0xf, 0xff, 0x0, 0x0,
    0x0, 0xf, 0xf9, 0x0, 0x0, 0x0, 0xff, 0xf0,
    0x0, 0x0, 0x0, 0xff, 0x90, 0x0, 0x0, 0xf,
    0xff, 0x0, 0x0, 0x0, 0x1f, 0xf8, 0x0, 0x0,
    0x0, 0xff, 0xf0, 0x0, 0x0, 0x2, 0xff, 0x70,
    0x0, 0x0, 0xf, 0xff, 0x0, 0x0, 0x0, 0x3f,
    0xf6, 0x0, 0x0, 0x0, 0xff, 0xf0, 0x0, 0x0,
    0x5, 0xff, 0x50, 0x0, 0x0, 0xf, 0xff, 0x0,
    0x0, 0x0, 0x8f, 0xf3, 0x0, 0x0, 0x0, 0xff,
    0xf0, 0x0, 0x0, 0xc, 0xff, 0x0, 0x0, 0x0,
    0xf, 0xff, 0x0, 0x0, 0x4, 0xff, 0xc0, 0x0,
    0x0, 0x0, 0xff, 0xf0, 0x0, 0x5b, 0xff, 0xf6,
    0x0, 0x0, 0x0, 0xf, 0xff, 0xaa, 0x28, 0xff,
    0xfd, 0x0, 0x0, 0x0, 0x0, 0xff, 0xff, 0xf0,
    0xaf, 0xea, 0x10, 0x0, 0x0, 0x0, 0xf, 0xff,
    0xfb, 0x0, 0x0, 0x0, 0x0, 0x0, 0x0, 0x0,
    0x1, 0xff, 0x70, 0x0, 0x0, 0x0, 0x0, 0x0,
    0x0, 0x0, 0x5f, 0xf2, 0x0, 0x0, 0x0, 0x0,
    0x0, 0x0, 0x0, 0x8, 0xfe, 0x0, 0x0, 0x0,
    0x0, 0x0, 0x0, 0x0, 0x0, 0x58, 0x50, 0x0,

    /* U+04C6 "ӆ" */
    0x0, 0xe, 0xff, 0xff, 0xff, 0xff, 0xf1, 0x0,
    0x0, 0xff, 0xff, 0xff, 0xff, 0xff, 0x10, 0x0,
    0xf, 0xff, 0x99, 0x99, 0xff, 0xf1, 0x0, 0x0,
    0xff, 0x80, 0x0, 0xd, 0xff, 0x10, 0x0, 0xf,
    0xf7, 0x0, 0x0, 0xdf, 0xf1, 0x0, 0x1, 0xff,
    0x60, 0x0, 0xd, 0xff, 0x10, 0x0, 0x2f, 0xf5,
    0x0, 0x0, 0xdf, 0xf1, 0x0, 0x4, 0xff, 0x40,
    0x0, 0xd, 0xff, 0x10, 0x0, 0x7f, 0xf2, 0x0,
    0x0, 0xdf, 0xf1, 0x0, 0xc, 0xff, 0x0, 0x0,
    0xd, 0xff, 0x10, 0x6b, 0xff, 0xa0, 0x0, 0x0,
    0xff, 0xf9, 0x8c, 0xff, 0xf3, 0x0, 0x0, 0xf,
    0xff, 0xfb, 0xdf, 0xd5, 0x0, 0x0, 0x0, 0xff,
    0xff, 0x60, 0x0, 0x0, 0x0, 0x0, 0x0, 0x4f,
    0xf1, 0x0, 0x0, 0x0, 0x0, 0x0, 0x8, 0xfd,
    0x0, 0x0, 0x0, 0x0, 0x0, 0x0, 0x58, 0x40,

    /* U+04C7 "Ӈ" */
    0xbf, 0xf4, 0x0, 0x0, 0x0, 0x7, 0xff, 0x9b,
    0xff, 0x40, 0x0, 0x0, 0x0, 0x7f, 0xf9, 0xbf,
    0xf4, 0x0, 0x0, 0x0, 0x7, 0xff, 0x9b, 0xff,
    0x40, 0x0, 0x0, 0x0, 0x7f, 0xf9, 0xbf, 0xf4,
    0x0, 0x0, 0x0, 0x7, 0xff, 0x9b, 0xff, 0x40,
    0x0, 0x0, 0x0, 0x7f, 0xf9, 0xbf, 0xf4, 0x0,
    0x0, 0x0, 0x7, 0xff, 0x9b, 0xff, 0xff, 0xff,
    0xff, 0xff, 0xff, 0xf9, 0xbf, 0xff, 0xff, 0xff,
    0xff, 0xff, 0xff, 0x9b, 0xff, 0xea, 0xaa, 0xaa,
    0xaa, 0xff, 0xf9, 0xbf, 0xf4, 0x0, 0x0, 0x0,
    0x7, 0xff, 0x9b, 0xff, 0x40, 0x0, 0x0, 0x0,
    0x7f, 0xf9, 0xbf, 0xf4, 0x0, 0x0, 0x0, 0x7,
    0xff, 0x9b, 0xff, 0x40, 0x0, 0x0, 0x0, 0x7f,
    0xf9, 0xbf, 0xf4, 0x0, 0x0, 0x0, 0x7, 0xff,
    0x9b, 0xff, 0x40, 0x0, 0x0, 0x0, 0x7f, 0xf9,
    0xbf, 0xf4, 0x0, 0x0, 0x0, 0x7, 0xff, 0x90,
    0x0, 0x0, 0x0, 0x0, 0x0, 0x7f, 0xf8, 0x0,
    0x0, 0x0, 0x0, 0x0, 0xb, 0xff, 0x70, 0x0,
    0x0, 0x0, 0xe, 0xbd, 0xff, 0xf2, 0x0, 0x0,
    0x0, 0x5, 0xff, 0xff, 0xf8, 0x0, 0x0, 0x0,
    0x0, 0x18, 0xcd, 0xb4, 0x0,

    /* U+04C8 "ӈ" */
    0x1f, 0xfd, 0x0, 0x0, 0x0, 0xef, 0xf1, 0xff,
    0xd0, 0x0, 0x0, 0xe, 0xff, 0x1f, 0xfd, 0x0,
    0x0, 0x0, 0xef, 0xf1, 0xff, 0xd0, 0x0, 0x0,
    0xe, 0xff, 0x1f, 0xfd, 0x0, 0x0, 0x0, 0xef,
    0xf1, 0xff, 0xe8, 0x88, 0x88, 0x8f, 0xff, 0x1f,
    0xff, 0xff, 0xff, 0xff, 0xff, 0xf1, 0xff, 0xff,
    0xff, 0xff, 0xff, 0xff, 0x1f, 0xfd, 0x0, 0x0,
    0x0, 0xef, 0xf1, 0xff, 0xd0, 0x0, 0x0, 0xe,
    0xff, 0x1f, 0xfd, 0x0, 0x0, 0x0, 0xef, 0xf1,
    0xff, 0xd0, 0x0, 0x0, 0xe, 0xff, 0x1f, 0xfd,
    0x0, 0x0, 0x0, 0xef, 0xf0, 0x0, 0x0, 0x0,
    0x0, 0xe, 0xff, 0x0, 0x0, 0x0, 0x0, 0x1,
    0xff, 0xd0, 0x0, 0x0, 0x6, 0xa8, 0xdf, 0xf9,
    0x0, 0x0, 0x0, 0xcf, 0xff, 0xfe, 0x10, 0x0,
    0x0, 0x7, 0xdf, 0xfb, 0x20,

    /* U+04C9 "Ӊ" */
    0xbf, 0xf4, 0x0, 0x0, 0x0, 0x7, 0xff, 0x90,
    0xb, 0xff, 0x40, 0x0, 0x0, 0x0, 0x7f, 0xf9,
    0x0, 0xbf, 0xf4, 0x0, 0x0, 0x0, 0x7, 0xff,
    0x90, 0xb, 0xff, 0x40, 0x0, 0x0, 0x0, 0x7f,
    0xf9, 0x0, 0xbf, 0xf4, 0x0, 0x0, 0x0, 0x7,
    0xff, 0x90, 0xb, 0xff, 0x40, 0x0, 0x0, 0x0,
    0x7f, 0xf9, 0x0, 0xbf, 0xf4, 0x0, 0x0, 0x0,
    0x7, 0xff, 0x90, 0xb, 0xff, 0xff, 0xff, 0xff,
    0xff, 0xff, 0xf9, 0x0, 0xbf, 0xff, 0xff, 0xff,
    0xff, 0xff, 0xff, 0x90, 0xb, 0xff, 0xea, 0xaa,
    0xaa, 0xaa, 0xff, 0xf9, 0x0, 0xbf, 0xf4, 0x0,
    0x0, 0x0, 0x7, 0xff, 0x90, 0xb, 0xff, 0x40,
    0x0, 0x0, 0x0, 0x7f, 0xf9, 0x0, 0xbf, 0xf4,
    0x0, 0x0, 0x0, 0x7, 0xff, 0x90, 0xb, 0xff,
    0x40, 0x0, 0x0, 0x0, 0x7f, 0xf9, 0x0, 0xbf,
    0xf4, 0x0, 0x0, 0x0, 0xa, 0xff, 0xfa, 0x8b,
    0xff, 0x40, 0x0, 0x0, 0x0, 0xcf, 0xff, 0xf9,
    0xbf, 0xf4, 0x0, 0x0, 0x0, 0xc, 0xff, 0xff,
    0x50, 0x0, 0x0, 0x0, 0x0, 0x0, 0x0, 0x8f,
    0xf0, 0x0, 0x0, 0x0, 0x0, 0x0, 0x0, 0xb,
    0xfc, 0x0, 0x0, 0x0, 0x0, 0x0, 0x0, 0x0,
    0xff, 0x70, 0x0, 0x0, 0x0, 0x0, 0x0, 0x0,
    0x8, 0x82, 0x0,

    /* U+04CA "ӊ" */
    0x1f, 0xfd, 0x0, 0x0, 0x0, 0xff, 0xe0, 0x1,
    0xff, 0xd0, 0x0, 0x0, 0xf, 0xfe, 0x0, 0x1f,
    0xfd, 0x0, 0x0, 0x0, 0xff, 0xe0, 0x1, 0xff,
    0xd0, 0x0, 0x0, 0xf, 0xfe, 0x0, 0x1f, 0xfd,
    0x0, 0x0, 0x0, 0xff, 0xe0, 0x1, 0xff, 0xe8,
    0x88, 0x88, 0x8f, 0xfe, 0x0, 0x1f, 0xff, 0xff,
    0xff, 0xff, 0xff, 0xe0, 0x1, 0xff, 0xff, 0xff,
    0xff, 0xff, 0xfe, 0x0, 0x1f, 0xfd, 0x0, 0x0,
    0x0, 0xff, 0xe0, 0x1, 0xff, 0xd0, 0x0, 0x0,
    0xf, 0xfe, 0x0, 0x1f, 0xfd, 0x0, 0x0, 0x0,
    0xff, 0xf8, 0x61, 0xff, 0xd0, 0x0, 0x0, 0xf,
    0xff, 0xf7, 0x1f, 0xfd, 0x0, 0x0, 0x0, 0xff,
    0xff, 0x30, 0x0, 0x0, 0x0, 0x0, 0x0, 0x7f,
    0xe0, 0x0, 0x0, 0x0, 0x0, 0x0, 0xb, 0xf9,
    0x0, 0x0, 0x0, 0x0, 0x0, 0x0, 0x78, 0x30,

    /* U+04CB "Ӌ" */
    0xff, 0xf0, 0x0, 0x0, 0x0, 0x4f, 0xfb, 0xff,
    0xf0, 0x0, 0x0, 0x0, 0x4f, 0xfb, 0xff, 0xf0,
    0x0, 0x0, 0x0, 0x4f, 0xfb, 0xff, 0xf0, 0x0,
    0x0, 0x0, 0x4f, 0xfb, 0xff, 0xf0, 0x0, 0x0,
    0x0, 0x4f, 0xfb, 0xff, 0xf1, 0x0, 0x0, 0x0,
    0x4f, 0xfb, 0xdf, 0xf6, 0x0, 0x0, 0x0, 0x4f,
    0xfb, 0x9f, 0xff, 0x40, 0x0, 0x2, 0xcf, 0xfb,
    0x1f, 0xff, 0xfd, 0xbb, 0xdf, 0xff, 0xfb, 0x4,
    0xef, 0xff, 0xff, 0xff, 0xff, 0xfb, 0x0, 0x18,
    0xcf, 0xfe, 0xc8, 0x6f, 0xfb, 0x0, 0x0, 0x0,
    0x0, 0x0, 0x4f, 0xfb, 0x0, 0x0, 0x0, 0x0,
    0x0, 0x4f, 0xfb, 0x0, 0x0, 0x0, 0x0, 0x0,
    0x4f, 0xfb, 0x0, 0x0, 0x0, 0x0, 0xaa, 0xef,
    0xff, 0x0, 0x0, 0x0, 0x1, 0xff, 0xff, 0xff,
    0x0, 0x0, 0x0, 0x1, 0xff, 0xff, 0xff, 0x0,
    0x0, 0x0, 0x1, 0xff, 0xb0, 0x0, 0x0, 0x0,
    0x0, 0x1, 0xff, 0xb0, 0x0, 0x0, 0x0, 0x0,
    0x1, 0xff, 0xb0, 0x0, 0x0, 0x0, 0x0, 0x0,
    0x88, 0x50, 0x0,

    /* U+04CC "ӌ" */
    0x3f, 0xfa, 0x0, 0x0, 0x9, 0xff, 0x43, 0xff,
    0xa0, 0x0, 0x0, 0x9f, 0xf4, 0x3f, 0xfa, 0x0,
    0x0, 0x9, 0xff, 0x43, 0xff, 0xa0, 0x0, 0x0,
    0x9f, 0xf4, 0x2f, 0xfd, 0x0, 0x0, 0x9, 0xff,
    0x40, 0xff, 0xf9, 0x10, 0x26, 0xff, 0xf4, 0x8,
    0xff, 0xff, 0xff, 0xff, 0xff, 0x40, 0x9, 0xff,
    0xff, 0xfd, 0xef, 0xf4, 0x0, 0x1, 0x45, 0x52,
    0x9, 0xff, 0x40, 0x0, 0x0, 0x0, 0x0, 0x9f,
    0xf4, 0x0, 0x0, 0x0, 0x5, 0x7f, 0xff, 0x40,
    0x0, 0x0, 0x0, 0xbf, 0xff, 0xf4, 0x0, 0x0,
    0x0, 0xb, 0xff, 0xff, 0x40, 0x0, 0x0, 0x0,
    0xbf, 0xf0, 0x0, 0x0, 0x0, 0x0, 0xb, 0xff,
    0x0, 0x0, 0x0, 0x0, 0x0, 0x58, 0x70, 0x0,

    /* U+04CD "Ӎ" */
    0xbf, 0xe1, 0x0, 0x0, 0x0, 0x0, 0x0, 0xd,
    0xfd, 0x0, 0xb, 0xff, 0x90, 0x0, 0x0, 0x0,
    0x0, 0x6, 0xff, 0xd0, 0x0, 0xbf, 0xff, 0x20,
    0x0, 0x0, 0x0, 0x1, 0xef, 0xfd, 0x0, 0xb,
    0xff, 0xfb, 0x0, 0x0, 0x0, 0x0, 0x8f, 0xff,
    0xd0, 0x0, 0xbf, 0xff, 0xf4, 0x0, 0x0, 0x0,
    0x2f, 0xff, 0xfd, 0x0, 0xb, 0xff, 0xff, 0xd0,
    0x0, 0x0, 0xa, 0xff, 0xff, 0xd0, 0x0, 0xbf,
    0xfb, 0xff, 0x60, 0x0, 0x3, 0xff, 0xaf, 0xfd,
    0x0, 0xb, 0xff, 0x2e, 0xfe, 0x0, 0x0, 0xcf,
    0xf1, 0xff, 0xd0, 0x0, 0xbf, 0xf1, 0x6f, 0xf8,
    0x0, 0x5f, 0xf8, 0xf, 0xfd, 0x0, 0xb, 0xff,
    0x10, 0xdf, 0xf2, 0xd, 0xfe, 0x0, 0xff, 0xd0,
    0x0, 0xbf, 0xf1, 0x4, 0xff, 0xa7, 0xff, 0x50,
    0xf, 0xfd, 0x0, 0xb, 0xff, 0x10, 0xb, 0xff,
    0xff, 0xc0, 0x0, 0xff, 0xd0, 0x0, 0xbf, 0xf1,
    0x0, 0x2f, 0xff, 0xf3, 0x0, 0xf, 0xfe, 0x0,
    0xb, 0xff, 0x10, 0x0, 0x8f, 0xfa, 0x0, 0x0,
    0xff, 0xe0, 0x0, 0xbf, 0xf1, 0x0, 0x0, 0xef,
    0x10, 0x0, 0xf, 0xff, 0xaa, 0x4b, 0xff, 0x10,
    0x0, 0x0, 0x0, 0x0, 0x0, 0xff, 0xff, 0xf2,
    0xbf, 0xf1, 0x0, 0x0, 0x0, 0x0, 0x0, 0xf,
    0xff, 0xfe, 0x0, 0x0, 0x0, 0x0, 0x0, 0x0,
    0x0, 0x0, 0x0, 0xff, 0x90, 0x0, 0x0, 0x0,
    0x0, 0x0, 0x0, 0x0, 0x0, 0x2f, 0xf5, 0x0,
    0x0, 0x0, 0x0, 0x0, 0x0, 0x0, 0x0, 0x6,
    0xff, 0x10, 0x0, 0x0, 0x0, 0x0, 0x0, 0x0,
    0x0, 0x0, 0x48, 0x60, 0x0,

    /* U+04CE "ӎ" */
    0x1f, 0xff, 0x30, 0x0, 0x0, 0x0, 0x6f, 0xf9,
    0x0, 0x1f, 0xff, 0xb0, 0x0, 0x0, 0x0, 0xef,
    0xf9, 0x0, 0x1f, 0xff, 0xf4, 0x0, 0x0, 0x8,
    0xff, 0xf9, 0x0, 0x1f, 0xff, 0xfc, 0x0, 0x0,
    0x1f, 0xff, 0xf9, 0x0, 0x1f, 0xfe, 0xff, 0x50,
    0x0, 0xaf, 0xef, 0xf9, 0x0, 0x1f, 0xf8, 0xcf,
    0xd0, 0x3, 0xff, 0x5f, 0xf9, 0x0, 0x1f, 0xf8,
    0x4f, 0xf6, 0xc, 0xfc, 0xf, 0xf9, 0x0, 0x1f,
    0xf8, 0xb, 0xfe, 0x6f, 0xf3, 0xf, 0xf9, 0x0,
    0x1f, 0xf8, 0x2, 0xff, 0xff, 0xa0, 0xf, 0xf9,
    0x0, 0x1f, 0xf8, 0x0, 0x9f, 0xff, 0x10, 0xf,
    0xf9, 0x0, 0x1f, 0xf8, 0x0, 0x1f, 0xf8, 0x0,
    0xf, 0xff, 0x86, 0x1f, 0xf8, 0x0, 0x5, 0xa0,
    0x0, 0xf, 0xff, 0xf7, 0x1f, 0xf8, 0x0, 0x0,
    0x0, 0x0, 0xf, 0xff, 0xf3, 0x0, 0x0, 0x0,
    0x0, 0x0, 0x0, 0x0, 0x7f, 0xe0, 0x0, 0x0,
    0x0, 0x0, 0x0, 0x0, 0x0, 0xbf, 0xa0, 0x0,
    0x0, 0x0, 0x0, 0x0, 0x0, 0x0, 0x78, 0x30,

    /* U+04CF "ӏ" */
    0xd, 0xdb, 0x1f, 0xfd, 0x1f, 0xfd, 0x1f, 0xfd,
    0x1f, 0xfd, 0x1f, 0xfd, 0x1f, 0xfd, 0x1f, 0xfd,
    0x1f, 0xfd, 0x1f, 0xfd, 0x1f, 0xfd, 0x1f, 0xfd,
    0x1f, 0xfd, 0x1f, 0xfd, 0x1f, 0xfd, 0x1f, 0xfd,
    0x1f, 0xfd, 0x1f, 0xfd,

    /* U+04D0 "Ӑ" */
    0x0, 0x0, 0x18, 0x70, 0x0, 0x7, 0x80, 0x0,
    0x0, 0x0, 0x0, 0x1f, 0xf2, 0x0, 0x4f, 0xf0,
    0x0, 0x0, 0x0, 0x0, 0xa, 0xff, 0xbb, 0xff,
    0x80, 0x0, 0x0, 0x0, 0x0, 0x0, 0x8d, 0xff,
    0xd6, 0x0, 0x0, 0x0, 0x0, 0x0, 0x0, 0x0,
    0x0, 0x0, 0x0, 0x0, 0x0, 0x0, 0x0, 0x0,
    0xc, 0xff, 0x90, 0x0, 0x0, 0x0, 0x0, 0x0,
    0x0, 0x3f, 0xff, 0xf1, 0x0, 0x0, 0x0, 0x0,
    0x0, 0x0, 0x9f, 0xff, 0xf7, 0x0, 0x0, 0x0,
    0x0, 0x0, 0x1, 0xff, 0xce, 0xfd, 0x0, 0x0,
    0x0, 0x0, 0x0, 0x7, 0xff, 0x58, 0xff, 0x50,
    0x0, 0x0, 0x0, 0x0, 0xe, 0xfe, 0x2, 0xff,
    0xb0, 0x0, 0x0, 0x0, 0x0, 0x5f, 0xf8, 0x0,
    0xbf, 0xf2, 0x0, 0x0, 0x0, 0x0, 0xbf, 0xf2,
    0x0, 0x5f, 0xf9, 0x0, 0x0, 0x0, 0x2, 0xff,
    0xb0, 0x0, 0xe, 0xff, 0x10, 0x0, 0x0, 0x9,
    0xff, 0x50, 0x0, 0x8, 0xff, 0x70, 0x0, 0x0,
    0x1f, 0xff, 0x77, 0x77, 0x79, 0xff, 0xd0, 0x0,
    0x0, 0x7f, 0xff, 0xff, 0xff, 0xff, 0xff, 0xf4,
    0x0, 0x0, 0xdf, 0xff, 0xff, 0xff, 0xff, 0xff,
    0xfb, 0x0, 0x4, 0xff, 0xb0, 0x0, 0x0, 0x0,
    0xe, 0xff, 0x20, 0xb, 0xff, 0x40, 0x0, 0x0,
    0x0, 0x7, 0xff, 0x90, 0x2f, 0xfe, 0x0, 0x0,
    0x0, 0x0, 0x1, 0xff, 0xf0, 0x9f, 0xf7, 0x0,
    0x0, 0x0, 0x0, 0x0, 0xaf, 0xf7,

    /* U+04D1 "ӑ" */
    0x0, 0xf, 0xe0, 0x0, 0x6f, 0x90, 0x0, 0x0,
    0xcf, 0x80, 0x2d, 0xf5, 0x0, 0x0, 0x3, 0xff,
    0xff, 0xfb, 0x0, 0x0, 0x0, 0x1, 0x79, 0x85,
    0x0, 0x0, 0x0, 0x0, 0x0, 0x0, 0x0, 0x0,
    0x0, 0x2, 0x8c, 0xef, 0xeb, 0x60, 0x0, 0x6,
    0xff, 0xff, 0xff, 0xff, 0xb0, 0x0, 0x2f, 0xfb,
    0x88, 0xbf, 0xff, 0x70, 0x0, 0x50, 0x0, 0x0,
    0x6f, 0xfd, 0x0, 0x0, 0x0, 0x0, 0x0, 0xef,
    0xf0, 0x0, 0x29, 0xdf, 0xff, 0xff, 0xff, 0x10,
    0x3f, 0xff, 0xff, 0xff, 0xff, 0xf1, 0xc, 0xff,
    0x71, 0x0, 0xc, 0xff, 0x10, 0xff, 0xd0, 0x0,
    0x0, 0xdf, 0xf1, 0xf, 0xfe, 0x0, 0x0, 0x3f,
    0xff, 0x10, 0xbf, 0xf8, 0x11, 0x5e, 0xff, 0xf1,
    0x2, 0xff, 0xff, 0xff, 0xfd, 0xff, 0x10, 0x2,
    0x9e, 0xfe, 0xa3, 0x9f, 0xf1,

    /* U+04D2 "Ӓ" */
    0x0, 0x0, 0x4, 0xea, 0x0, 0xce, 0x20, 0x0,
    0x0, 0x0, 0x0, 0xa, 0xff, 0x2, 0xff, 0x70,
    0x0, 0x0, 0x0, 0x0, 0x4, 0xd9, 0x0, 0xbd,
    0x20, 0x0, 0x0, 0x0, 0x0, 0x0, 0x0, 0x0,
    0x0, 0x0, 0x0, 0x0, 0x0, 0x0, 0x0, 0xc,
    0xff, 0x90, 0x0, 0x0, 0x0, 0x0, 0x0, 0x0,
    0x3f, 0xff, 0xf1, 0x0, 0x0, 0x0, 0x0, 0x0,
    0x0, 0x9f, 0xff, 0xf7, 0x0, 0x0, 0x0, 0x0,
    0x0, 0x1, 0xff, 0xce, 0xfd, 0x0, 0x0, 0x0,
    0x0, 0x0, 0x7, 0xff, 0x58, 0xff, 0x50, 0x0,
    0x0, 0x0, 0x0, 0xe, 0xfe, 0x2, 0xff, 0xb0,
    0x0, 0x0, 0x0, 0x0, 0x5f, 0xf8, 0x0, 0xbf,
    0xf2, 0x0, 0x0, 0x0, 0x0, 0xbf, 0xf2, 0x0,
    0x5f, 0xf9, 0x0, 0x0, 0x0, 0x2, 0xff, 0xb0,
    0x0, 0xe, 0xff, 0x10, 0x0, 0x0, 0x9, 0xff,
    0x50, 0x0, 0x8, 0xff, 0x70, 0x0, 0x0, 0x1f,
    0xff, 0x77, 0x77, 0x79, 0xff, 0xd0, 0x0, 0x0,
    0x7f, 0xff, 0xff, 0xff, 0xff, 0xff, 0xf4, 0x0,
    0x0, 0xdf, 0xff, 0xff, 0xff, 0xff, 0xff, 0xfb,
    0x0, 0x4, 0xff, 0xb0, 0x0, 0x0, 0x0, 0xe,
    0xff, 0x20, 0xb, 0xff, 0x40, 0x0, 0x0, 0x0,
    0x7, 0xff, 0x90, 0x2f, 0xfe, 0x0, 0x0, 0x0,
    0x0, 0x1, 0xff, 0xf0, 0x9f, 0xf7, 0x0, 0x0,
    0x0, 0x0, 0x0, 0xaf, 0xf7,

    /* U+04D3 "ӓ" */
    0x0, 0x5, 0xd7, 0x1, 0xcc, 0x10, 0x0, 0x0,
    0xcf, 0xe0, 0x5f, 0xf5, 0x0, 0x0, 0x6, 0xf8,
    0x1, 0xdd, 0x10, 0x0, 0x0, 0x0, 0x0, 0x0,
    0x0, 0x0, 0x0, 0x0, 0x0, 0x0, 0x0, 0x0,
    0x0, 0x2, 0x8c, 0xef, 0xeb, 0x60, 0x0, 0x6,
    0xff, 0xff, 0xff, 0xff, 0xb0, 0x0, 0x2f, 0xfb,
    0x88, 0xbf, 0xff, 0x70, 0x0, 0x50, 0x0, 0x0,
    0x6f, 0xfd, 0x0, 0x0, 0x0, 0x0, 0x0, 0xef,
    0xf0, 0x0, 0x29, 0xdf, 0xff, 0xff, 0xff, 0x10,
    0x3f, 0xff, 0xff, 0xff, 0xff, 0xf1, 0xc, 0xff,
    0x71, 0x0, 0xc, 0xff, 0x10, 0xff, 0xd0, 0x0,
    0x0, 0xdf, 0xf1, 0xf, 0xfe, 0x0, 0x0, 0x3f,
    0xff, 0x10, 0xbf, 0xf8, 0x11, 0x5e, 0xff, 0xf1,
    0x2, 0xff, 0xff, 0xff, 0xfd, 0xff, 0x10, 0x2,
    0x9e, 0xfe, 0xa3, 0x9f, 0xf1,

    /* U+04D4 "Ӕ" */
    0x0, 0x0, 0x0, 0x0, 0xd, 0xff, 0xff, 0xff,
    0xff, 0xff, 0xff, 0xf3, 0x0, 0x0, 0x0, 0x0,
    0x5f, 0xff, 0xff, 0xff, 0xff, 0xff, 0xff, 0xf3,
    0x0, 0x0, 0x0, 0x0, 0xef, 0xff, 0xff, 0xca,
    0xaa, 0xaa, 0xaa, 0xa1, 0x0, 0x0, 0x0, 0x7,
    0xff, 0x79, 0xff, 0x60, 0x0, 0x0, 0x0, 0x0,
    0x0, 0x0, 0x0, 0x1f, 0xfe, 0x9, 0xff, 0x60,
    0x0, 0x0, 0x0, 0x0, 0x0, 0x0, 0x0, 0x9f,
    0xf6, 0x9, 0xff, 0x60, 0x0, 0x0, 0x0, 0x0,
    0x0, 0x0, 0x2, 0xff, 0xd0, 0x9, 0xff, 0x60,
    0x0, 0x0, 0x0, 0x0, 0x0, 0x0, 0xa, 0xff,
    0x40, 0x9, 0xff, 0xff, 0xff, 0xff, 0xff, 0x30,
    0x0, 0x0, 0x3f, 0xfc, 0x0, 0x9, 0xff, 0xff,
    0xff, 0xff, 0xff, 0x30, 0x0, 0x0, 0xcf, 0xf3,
    0x0, 0x9, 0xff, 0xe9, 0x99, 0x99, 0x99, 0x10,
    0x0, 0x5, 0xff, 0xf7, 0x77, 0x7f, 0xff, 0x60,
    0x0, 0x0, 0x0, 0x0, 0x0, 0xd, 0xff, 0xff,
    0xff, 0xff, 0xff, 0x60, 0x0, 0x0, 0x0, 0x0,
    0x0, 0x6f, 0xff, 0xff, 0xff, 0xff, 0xff, 0x60,
    0x0, 0x0, 0x0, 0x0, 0x0, 0xef, 0xf1, 0x0,
    0x0, 0x9, 0xff, 0x60, 0x0, 0x0, 0x0, 0x0,
    0x8, 0xff, 0x80, 0x0, 0x0, 0x9, 0xff, 0xca,
    0xaa, 0xaa, 0xaa, 0xa5, 0x1f, 0xfe, 0x10, 0x0,
    0x0, 0x9, 0xff, 0xff, 0xff, 0xff, 0xff, 0xf8,
    0x9f, 0xf7, 0x0, 0x0, 0x0, 0x9, 0xff, 0xff,
    0xff, 0xff, 0xff, 0xf8,

    /* U+04D5 "ӕ" */
    0x0, 0x28, 0xce, 0xfe, 0xb5, 0x0, 0x39, 0xdf,
    0xeb, 0x50, 0x0, 0x6, 0xff, 0xff, 0xff, 0xff,
    0xa7, 0xff, 0xff, 0xff, 0xfc, 0x10, 0x2, 0xff,
    0xb8, 0x8b, 0xff, 0xff, 0xff, 0xb8, 0xae, 0xff,
    0xc0, 0x0, 0x50, 0x0, 0x0, 0x6f, 0xff, 0xf3,
    0x0, 0x1, 0xbf, 0xf5, 0x0, 0x0, 0x0, 0x0,
    0xe, 0xff, 0x70, 0x0, 0x0, 0x1f, 0xfa, 0x0,
    0x19, 0xde, 0xff, 0xff, 0xff, 0xff, 0xff, 0xff,
    0xff, 0xfd, 0x3, 0xff, 0xff, 0xff, 0xff, 0xff,
    0xff, 0xff, 0xff, 0xff, 0xfd, 0xc, 0xff, 0x71,
    0x0, 0xc, 0xff, 0x20, 0x0, 0x0, 0x0, 0x0,
    0xf, 0xfd, 0x0, 0x0, 0xf, 0xff, 0x80, 0x0,
    0x0, 0x0, 0x0, 0xf, 0xfe, 0x0, 0x0, 0x3f,
    0xff, 0xf5, 0x0, 0x0, 0x4c, 0x0, 0xb, 0xff,
    0xb4, 0x37, 0xef, 0xff, 0xff, 0xd9, 0x9c, 0xff,
    0xb0, 0x2, 0xef, 0xff, 0xff, 0xfd, 0x16, 0xff,
    0xff, 0xff, 0xff, 0x60, 0x0, 0x19, 0xdf, 0xfc,
    0x70, 0x0, 0x29, 0xdf, 0xfd, 0x92, 0x0,

    /* U+04D6 "Ӗ" */
    0x0, 0x88, 0x0, 0x0, 0x68, 0x20, 0x0, 0xe,
    0xf6, 0x0, 0x1f, 0xf3, 0x0, 0x0, 0x7f, 0xfb,
    0xbf, 0xfb, 0x0, 0x0, 0x0, 0x6c, 0xff, 0xd8,
    0x0, 0x0, 0x0, 0x0, 0x0, 0x0, 0x0, 0x0,
    0xc, 0xff, 0xff, 0xff, 0xff, 0xff, 0xf0, 0xcf,
    0xff, 0xff, 0xff, 0xff, 0xff, 0xc, 0xff, 0xba,
    0xaa, 0xaa, 0xaa, 0xa0, 0xcf, 0xf4, 0x0, 0x0,
    0x0, 0x0, 0xc, 0xff, 0x40, 0x0, 0x0, 0x0,
    0x0, 0xcf, 0xf4, 0x0, 0x0, 0x0, 0x0, 0xc,
    0xff, 0x40, 0x0, 0x0, 0x0, 0x0, 0xcf, 0xff,
    0xff, 0xff, 0xff, 0xf0, 0xc, 0xff, 0xff, 0xff,
    0xff, 0xff, 0x0, 0xcf, 0xfd, 0x99, 0x99, 0x99,
    0x90, 0xc, 0xff, 0x40, 0x0, 0x0, 0x0, 0x0,
    0xcf, 0xf4, 0x0, 0x0, 0x0, 0x0, 0xc, 0xff,
    0x40, 0x0, 0x0, 0x0, 0x0, 0xcf, 0xf4, 0x0,
    0x0, 0x0, 0x0, 0xc, 0xff, 0xba, 0xaa, 0xaa,
    0xaa, 0xa3, 0xcf, 0xff, 0xff, 0xff, 0xff, 0xff,
    0x5c, 0xff, 0xff, 0xff, 0xff, 0xff, 0xf5,

    /* U+04D7 "ӗ" */
    0x0, 0x9, 0xf5, 0x0, 0xf, 0xf0, 0x0, 0x0,
    0x6, 0xfc, 0x21, 0x9f, 0xb0, 0x0, 0x0, 0x0,
    0xcf, 0xff, 0xff, 0x30, 0x0, 0x0, 0x0, 0x5,
    0x99, 0x71, 0x0, 0x0, 0x0, 0x0, 0x0, 0x0,
    0x0, 0x0, 0x0, 0x0, 0x0, 0x6c, 0xef, 0xd9,
    0x20, 0x0, 0x0, 0x1c, 0xff, 0xff, 0xff, 0xf6,
    0x0, 0x0, 0xdf, 0xfd, 0x87, 0xaf, 0xff, 0x40,
    0x7, 0xff, 0xa0, 0x0, 0x2, 0xff, 0xd0, 0xd,
    0xff, 0x0, 0x0, 0x0, 0x7f, 0xf3, 0xf, 0xff,
    0xff, 0xff, 0xff, 0xff, 0xf5, 0x1f, 0xff, 0xff,
    0xff, 0xff, 0xff, 0xf6, 0xf, 0xfc, 0x0, 0x0,
    0x0, 0x0, 0x0, 0xd, 0xff, 0x20, 0x0, 0x0,
    0x0, 0x0, 0x6, 0xff, 0xd2, 0x0, 0x0, 0x98,
    0x0, 0x0, 0xcf, 0xff, 0xb9, 0xae, 0xff, 0x40,
    0x0, 0x1b, 0xff, 0xff, 0xff, 0xfd, 0x10, 0x0,
    0x0, 0x5b, 0xef, 0xec, 0x60, 0x0,

    /* U+04D8 "Ә" */
    0x0, 0x0, 0x4, 0x9d, 0xef, 0xea, 0x50, 0x0,
    0x0, 0x0, 0x3, 0xcf, 0xff, 0xff, 0xff, 0xfe,
    0x40, 0x0, 0x0, 0x5f, 0xff, 0xff, 0xcc, 0xef,
    0xff, 0xf7, 0x0, 0x0, 0xb, 0xfc, 0x40, 0x0,
    0x3, 0xcf, 0xff, 0x50, 0x0, 0x0, 0x50, 0x0,
    0x0, 0x0, 0xa, 0xff, 0xe0, 0x0, 0x0, 0x0,
    0x0, 0x0, 0x0, 0x0, 0xef, 0xf5, 0x0, 0x0,
    0x0, 0x0, 0x0, 0x0, 0x0, 0x7f, 0xfa, 0x1f,
    0xff, 0xff, 0xff, 0xff, 0xff, 0xff, 0xff, 0xfc,
    0x2f, 0xff, 0xff, 0xff, 0xff, 0xff, 0xff, 0xff,
    0xfd, 0xf, 0xff, 0x33, 0x33, 0x33, 0x33, 0x33,
    0x6f, 0xfb, 0xe, 0xff, 0x20, 0x0, 0x0, 0x0,
    0x0, 0x7f, 0xf9, 0x9, 0xff, 0x90, 0x0, 0x0,
    0x0, 0x0, 0xef, 0xf5, 0x3, 0xff, 0xf4, 0x0,
    0x0, 0x0, 0xa, 0xff, 0xe0, 0x0, 0x9f, 0xff,
    0x70, 0x0, 0x2, 0xbf, 0xff, 0x50, 0x0, 0xc,
    0xff, 0xff, 0xcb, 0xdf, 0xff, 0xf7, 0x0, 0x0,
    0x0, 0x9f, 0xff, 0xff, 0xff, 0xfe, 0x40, 0x0,
    0x0, 0x0, 0x2, 0x8c, 0xef, 0xeb, 0x60, 0x0,
    0x0,

    /* U+04D9 "ә" */
    0x0, 0x4, 0xae, 0xfe, 0xc6, 0x0, 0x0, 0x0,
    0xaf, 0xff, 0xff, 0xff, 0xe3, 0x0, 0x1, 0xdf,
    0xea, 0x8a, 0xef, 0xff, 0x20, 0x0, 0x16, 0x0,
    0x0, 0x9, 0xff, 0xb0, 0x0, 0x0, 0x0, 0x0,
    0x0, 0xdf, 0xf2, 0x1f, 0xff, 0xff, 0xff, 0xff,
    0xff, 0xf5, 0x1f, 0xff, 0xff, 0xff, 0xff, 0xff,
    0xf6, 0xf, 0xfb, 0x0, 0x0, 0x0, 0x7f, 0xf5,
    0xb, 0xff, 0x10, 0x0, 0x0, 0xbf, 0xf2, 0x5,
    0xff, 0xa0, 0x0, 0x6, 0xff, 0xb0, 0x0, 0xcf,
    0xfd, 0x87, 0xbf, 0xff, 0x20, 0x0, 0x1c, 0xff,
    0xff, 0xff, 0xe4, 0x0, 0x0, 0x0, 0x6c, 0xef,
    0xd8, 0x10, 0x0,

    /* U+04DA "Ӛ" */
    0x0, 0x0, 0x0, 0x9d, 0x30, 0x3d, 0x90, 0x0,
    0x0, 0x0, 0x0, 0x1, 0xff, 0x90, 0xaf, 0xf0,
    0x0, 0x0, 0x0, 0x0, 0x0, 0xbe, 0x40, 0x4f,
    0xa0, 0x0, 0x0, 0x0, 0x0, 0x0, 0x0, 0x0,
    0x0, 0x0, 0x0, 0x0, 0x0, 0x0, 0x0, 0x0,
    0x0, 0x0, 0x0, 0x0, 0x0, 0x0, 0x0, 0x4,
    0x9d, 0xef, 0xea, 0x50, 0x0, 0x0, 0x0, 0x3,
    0xcf, 0xff, 0xff, 0xff, 0xfe, 0x40, 0x0, 0x0,
    0x5f, 0xff, 0xff, 0xcc, 0xef, 0xff, 0xf7, 0x0,
    0x0, 0xb, 0xfc, 0x40, 0x0, 0x3, 0xcf, 0xff,
    0x50, 0x0, 0x0, 0x50, 0x0, 0x0, 0x0, 0xa,
    0xff, 0xe0, 0x0, 0x0, 0x0, 0x0, 0x0, 0x0,
    0x0, 0xef, 0xf5, 0x0, 0x0, 0x0, 0x0, 0x0,
    0x0, 0x0, 0x7f, 0xfa, 0x1f, 0xff, 0xff, 0xff,
    0xff, 0xff, 0xff, 0xff, 0xfc, 0x2f, 0xff, 0xff,
    0xff, 0xff, 0xff, 0xff, 0xff, 0xfd, 0xf, 0xff,
    0x33, 0x33, 0x33, 0x33, 0x33, 0x6f, 0xfb, 0xe,
    0xff, 0x20, 0x0, 0x0, 0x0, 0x0, 0x7f, 0xf9,
    0x9, 0xff, 0x90, 0x0, 0x0, 0x0, 0x0, 0xef,
    0xf5, 0x3, 0xff, 0xf4, 0x0, 0x0, 0x0, 0xa,
    0xff, 0xe0, 0x0, 0x9f, 0xff, 0x70, 0x0, 0x2,
    0xbf, 0xff, 0x50, 0x0, 0xc, 0xff, 0xff, 0xcb,
    0xdf, 0xff, 0xf7, 0x0, 0x0, 0x0, 0x9f, 0xff,
    0xff, 0xff, 0xfe, 0x40, 0x0, 0x0, 0x0, 0x2,
    0x8c, 0xef, 0xeb, 0x60, 0x0, 0x0,

    /* U+04DB "ӛ" */
    0x0, 0x2, 0xec, 0x0, 0x9f, 0x50, 0x0, 0x0,
    0x7, 0xff, 0x30, 0xff, 0xb0, 0x0, 0x0, 0x2,
    0xcb, 0x0, 0x8d, 0x40, 0x0, 0x0, 0x0, 0x0,
    0x0, 0x0, 0x0, 0x0, 0x0, 0x0, 0x0, 0x0,
    0x0, 0x0, 0x0, 0x0, 0x4, 0xae, 0xfe, 0xc6,
    0x0, 0x0, 0x0, 0xaf, 0xff, 0xff, 0xff, 0xe3,
    0x0, 0x1, 0xdf, 0xea, 0x8a, 0xef, 0xff, 0x20,
    0x0, 0x16, 0x0, 0x0, 0x9, 0xff, 0xb0, 0x0,
    0x0, 0x0, 0x0, 0x0, 0xdf, 0xf2, 0x1f, 0xff,
    0xff, 0xff, 0xff, 0xff, 0xf5, 0x1f, 0xff, 0xff,
    0xff, 0xff, 0xff, 0xf6, 0xf, 0xfb, 0x0, 0x0,
    0x0, 0x7f, 0xf5, 0xb, 0xff, 0x10, 0x0, 0x0,
    0xbf, 0xf2, 0x5, 0xff, 0xa0, 0x0, 0x6, 0xff,
    0xb0, 0x0, 0xcf, 0xfd, 0x87, 0xbf, 0xff, 0x20,
    0x0, 0x1c, 0xff, 0xff, 0xff, 0xe4, 0x0, 0x0,
    0x0, 0x6c, 0xef, 0xd8, 0x10, 0x0,

    /* U+04DC "Ӝ" */
    0x0, 0x0, 0x0, 0x0, 0x2e, 0xc0, 0x9, 0xf5,
    0x0, 0x0, 0x0, 0x0, 0x0, 0x0, 0x0, 0x0,
    0x6f, 0xf4, 0xf, 0xfb, 0x0, 0x0, 0x0, 0x0,
    0x0, 0x0, 0x0, 0x0, 0x2c, 0xb0, 0x8, 0xd5,
    0x0, 0x0, 0x0, 0x0, 0x0, 0x0, 0x0, 0x0,
    0x0, 0x0, 0x0, 0x0, 0x0, 0x0, 0x0, 0x0,
    0x1e, 0xff, 0x20, 0x0, 0x0, 0x5f, 0xf9, 0x0,
    0x0, 0x0, 0xef, 0xf3, 0x6, 0xff, 0xb0, 0x0,
    0x0, 0x5f, 0xf9, 0x0, 0x0, 0x8, 0xff, 0xa0,
    0x0, 0xdf, 0xf3, 0x0, 0x0, 0x5f, 0xf9, 0x0,
    0x0, 0x1f, 0xff, 0x10, 0x0, 0x4f, 0xfc, 0x0,
    0x0, 0x5f, 0xf9, 0x0, 0x0, 0x9f, 0xf8, 0x0,
    0x0, 0xb, 0xff, 0x50, 0x0, 0x5f, 0xf9, 0x0,
    0x2, 0xff, 0xe0, 0x0, 0x0, 0x2, 0xff, 0xd0,
    0x0, 0x5f, 0xf9, 0x0, 0xb, 0xff, 0x50, 0x0,
    0x0, 0x0, 0x9f, 0xf6, 0x0, 0x5f, 0xf9, 0x0,
    0x3f, 0xfc, 0x0, 0x0, 0x0, 0x0, 0x1f, 0xff,
    0xcb, 0xff, 0xff, 0xbb, 0xff, 0xf3, 0x0, 0x0,
    0x0, 0x0, 0xf, 0xff, 0xff, 0xff, 0xff, 0xff,
    0xff, 0xf0, 0x0, 0x0, 0x0, 0x0, 0x4f, 0xff,
    0xff, 0xff, 0xff, 0xff, 0xff, 0xf7, 0x0, 0x0,
    0x0, 0x0, 0xdf, 0xf9, 0x0, 0x5f, 0xf9, 0x0,
    0x6f, 0xff, 0x10, 0x0, 0x0, 0x7, 0xff, 0xe1,
    0x0, 0x5f, 0xf9, 0x0, 0xc, 0xff, 0xa0, 0x0,
    0x0, 0x1e, 0xff, 0x60, 0x0, 0x5f, 0xf9, 0x0,
    0x3, 0xff, 0xf3, 0x0, 0x0, 0x9f, 0xfd, 0x0,
    0x0, 0x5f, 0xf9, 0x0, 0x0, 0xaf, 0xfc, 0x0,
    0x3, 0xff, 0xf4, 0x0, 0x0, 0x5f, 0xf9, 0x0,
    0x0, 0x1f, 0xff, 0x60, 0xc, 0xff, 0xa0, 0x0,
    0x0, 0x5f, 0xf9, 0x0, 0x0, 0x7, 0xff, 0xe0,
    0x5f, 0xff, 0x20, 0x0, 0x0, 0x5f, 0xf9, 0x0,
    0x0, 0x0, 0xef, 0xf8,

    /* U+04DD "ӝ" */
    0x0, 0x0, 0x0, 0x2c, 0xa0, 0x8, 0xd4, 0x0,
    0x0, 0x0, 0x0, 0x0, 0x0, 0x7, 0xff, 0x30,
    0xff, 0xa0, 0x0, 0x0, 0x0, 0x0, 0x0, 0x0,
    0x3e, 0xc0, 0xa, 0xf5, 0x0, 0x0, 0x0, 0x0,
    0x0, 0x0, 0x0, 0x0, 0x0, 0x0, 0x0, 0x0,
    0x0, 0x0, 0x0, 0x0, 0x0, 0x0, 0x0, 0x0,
    0x0, 0x0, 0x0, 0x0, 0x3, 0xff, 0xd0, 0x0,
    0x5, 0xff, 0x80, 0x0, 0xa, 0xff, 0x60, 0xa,
    0xff, 0x60, 0x0, 0x5f, 0xf8, 0x0, 0x3, 0xff,
    0xd0, 0x0, 0x1f, 0xfe, 0x0, 0x5, 0xff, 0x80,
    0x0, 0xcf, 0xf4, 0x0, 0x0, 0x7f, 0xf7, 0x0,
    0x5f, 0xf8, 0x0, 0x4f, 0xfa, 0x0, 0x0, 0x0,
    0xef, 0xf1, 0x5, 0xff, 0x80, 0xd, 0xff, 0x20,
    0x0, 0x0, 0x5, 0xff, 0xf8, 0xdf, 0xff, 0x8e,
    0xff, 0x80, 0x0, 0x0, 0x0, 0xf, 0xff, 0xff,
    0xff, 0xff, 0xff, 0xf1, 0x0, 0x0, 0x0, 0x6,
    0xff, 0xff, 0xff, 0xff, 0xff, 0xff, 0x90, 0x0,
    0x0, 0x1, 0xef, 0xf4, 0x5, 0xff, 0x80, 0x2f,
    0xff, 0x30, 0x0, 0x0, 0xaf, 0xfb, 0x0, 0x5f,
    0xf8, 0x0, 0x8f, 0xfd, 0x0, 0x0, 0x4f, 0xff,
    0x20, 0x5, 0xff, 0x80, 0x0, 0xdf, 0xf7, 0x0,
    0xd, 0xff, 0x80, 0x0, 0x5f, 0xf8, 0x0, 0x5,
    0xff, 0xf2, 0x7, 0xff, 0xd0, 0x0, 0x5, 0xff,
    0x80, 0x0, 0xb, 0xff, 0xb0,

    /* U+04DE "Ӟ" */
    0x0, 0x1, 0xcc, 0x0, 0x7d, 0x50, 0x0, 0x0,
    0x0, 0x5f, 0xf5, 0xe, 0xfc, 0x0, 0x0, 0x0,
    0x1, 0xdd, 0x10, 0x8f, 0x60, 0x0, 0x0, 0x0,
    0x0, 0x0, 0x0, 0x0, 0x0, 0x0, 0x0, 0x0,
    0x0, 0x0, 0x0, 0x0, 0x0, 0x0, 0x0, 0x59,
    0xdf, 0xfe, 0xc8, 0x20, 0x0, 0x2, 0xef, 0xff,
    0xff, 0xff, 0xff, 0x70, 0x0, 0xe, 0xff, 0xdb,
    0xac, 0xff, 0xff, 0x50, 0x0, 0x77, 0x10, 0x0,
    0x0, 0xaf, 0xfc, 0x0, 0x0, 0x0, 0x0, 0x0,
    0x2, 0xff, 0xe0, 0x0, 0x0, 0x0, 0x0, 0x0,
    0x2f, 0xfd, 0x0, 0x0, 0x0, 0x0, 0x0, 0x3c,
    0xff, 0x80, 0x0, 0x0, 0xcf, 0xff, 0xff, 0xff,
    0xd0, 0x0, 0x0, 0xc, 0xff, 0xff, 0xff, 0xf5,
    0x0, 0x0, 0x0, 0x57, 0x77, 0x79, 0xef, 0xf8,
    0x0, 0x0, 0x0, 0x0, 0x0, 0x0, 0xdf, 0xf3,
    0x0, 0x0, 0x0, 0x0, 0x0, 0x6, 0xff, 0x80,
    0x0, 0x0, 0x0, 0x0, 0x0, 0x8f, 0xf9, 0x5,
    0xd5, 0x0, 0x0, 0x0, 0x4f, 0xff, 0x60, 0xcf,
    0xff, 0xca, 0xab, 0xdf, 0xff, 0xd0, 0x7, 0xff,
    0xff, 0xff, 0xff, 0xff, 0xc1, 0x0, 0x1, 0x6a,
    0xdf, 0xfe, 0xd9, 0x40, 0x0,

    /* U+04DF "ӟ" */
    0x0, 0x1d, 0xd1, 0x8, 0xf6, 0x0, 0x0, 0x5f,
    0xf5, 0xe, 0xfc, 0x0, 0x0, 0x1c, 0xc1, 0x7,
    0xd5, 0x0, 0x0, 0x0, 0x0, 0x0, 0x0, 0x0,
    0x0, 0x0, 0x0, 0x0, 0x0, 0x0, 0x0, 0x6b,
    0xef, 0xec, 0x82, 0x0, 0xd, 0xff, 0xff, 0xff,
    0xff, 0x50, 0x8, 0xfc, 0x97, 0x8c, 0xff, 0xf1,
    0x1, 0x0, 0x0, 0x0, 0xbf, 0xf4, 0x0, 0x0,
    0x0, 0x3, 0xdf, 0xf2, 0x0, 0x7, 0xff, 0xff,
    0xff, 0x80, 0x0, 0x7, 0xff, 0xff, 0xfb, 0x0,
    0x0, 0x0, 0x0, 0x3, 0xcf, 0xe2, 0x0, 0x0,
    0x0, 0x0, 0x4f, 0xf9, 0x6, 0x20, 0x0, 0x0,
    0x8f, 0xfa, 0xf, 0xfc, 0x98, 0x8c, 0xff, 0xf5,
    0x3f, 0xff, 0xff, 0xff, 0xff, 0x80, 0x1, 0x7b,
    0xef, 0xfd, 0x93, 0x0,

    /* U+04E0 "Ӡ" */
    0xb, 0xff, 0xff, 0xff, 0xff, 0xff, 0xb0, 0xb,
    0xff, 0xff, 0xff, 0xff, 0xff, 0xb0, 0x7, 0xaa,
    0xaa, 0xaa, 0xaf, 0xff, 0x60, 0x0, 0x0, 0x0,
    0x0, 0xaf, 0xf8, 0x0, 0x0, 0x0, 0x0, 0x8,
    0xff, 0xa0, 0x0, 0x0, 0x0, 0x0, 0x6f, 0xfc,
    0x0, 0x0, 0x0, 0x0, 0x4, 0xff, 0xe1, 0x0,
    0x0, 0x0, 0x0, 0xd, 0xff, 0xfc, 0x70, 0x0,
    0x0, 0x0, 0xd, 0xff, 0xff, 0xfe, 0x20, 0x0,
    0x0, 0x4, 0x56, 0x8e, 0xff, 0xe0, 0x0, 0x0,
    0x0, 0x0, 0x1, 0xdf, 0xf5, 0x0, 0x0, 0x0,
    0x0, 0x0, 0x8f, 0xf7, 0x1, 0x0, 0x0, 0x0,
    0x0, 0x9f, 0xf6, 0xa, 0xc4, 0x0, 0x0, 0x5,
    0xff, 0xf3, 0x1f, 0xff, 0xfc, 0xbb, 0xef, 0xff,
    0xa0, 0x1a, 0xff, 0xff, 0xff, 0xff, 0xfb, 0x0,
    0x0, 0x28, 0xbe, 0xff, 0xda, 0x40, 0x0,

    /* U+04E1 "ӡ" */
    0xd, 0xff, 0xff, 0xff, 0xff, 0xff, 0x0, 0xdf,
    0xff, 0xff, 0xff, 0xff, 0xf0, 0x7, 0x99, 0x99,
    0x99, 0xef, 0xfc, 0x0, 0x0, 0x0, 0x0, 0x1e,
    0xfe, 0x10, 0x0, 0x0, 0x0, 0xc, 0xff, 0x50,
    0x0, 0x0, 0x0, 0x8, 0xff, 0x90, 0x0, 0x0,
    0x0, 0x4, 0xff, 0xd0, 0x0, 0x0, 0x0, 0x1,
    0xef, 0xf6, 0x0, 0x0, 0x0, 0x0, 0x5f, 0xff,
    0xff, 0x80, 0x0, 0x0, 0x5, 0xff, 0xff, 0xff,
    0xb0, 0x0, 0x0, 0x0, 0x1, 0x6f, 0xff, 0x50,
    0x0, 0x0, 0x0, 0x0, 0x6f, 0xfa, 0x0, 0x0,
    0x0, 0x0, 0x2, 0xff, 0xc0, 0x10, 0x0, 0x0,
    0x0, 0x5f, 0xfa, 0xc, 0xb2, 0x0, 0x0, 0x1d,
    0xff, 0x63, 0xff, 0xfd, 0xa9, 0xbf, 0xff, 0xd0,
    0x1a, 0xff, 0xff, 0xff, 0xff, 0xd2, 0x0, 0x3,
    0x8c, 0xef, 0xec, 0x70, 0x0,

    /* U+04E2 "Ӣ" */
    0x0, 0x6, 0xcc, 0xcc, 0xcc, 0xc5, 0x0, 0x0,
    0x0, 0x8f, 0xff, 0xff, 0xff, 0x60, 0x0, 0x0,
    0x0, 0x0, 0x0, 0x0, 0x0, 0x0, 0x0, 0x0,
    0x0, 0x0, 0x0, 0x0, 0x0, 0x0, 0xbf, 0xf3,
    0x0, 0x0, 0x0, 0x7, 0xff, 0xab, 0xff, 0x30,
    0x0, 0x0, 0x3, 0xff, 0xfa, 0xbf, 0xf3, 0x0,
    0x0, 0x0, 0xdf, 0xff, 0xab, 0xff, 0x30, 0x0,
    0x0, 0xaf, 0xff, 0xfa, 0xbf, 0xf3, 0x0, 0x0,
    0x5f, 0xff, 0xff, 0xab, 0xff, 0x30, 0x0, 0x2f,
    0xff, 0x9f, 0xfa, 0xbf, 0xf3, 0x0, 0xc, 0xff,
    0x94, 0xff, 0xab, 0xff, 0x30, 0x8, 0xff, 0xd0,
    0x4f, 0xfa, 0xbf, 0xf3, 0x3, 0xff, 0xf2, 0x4,
    0xff, 0xab, 0xff, 0x31, 0xef, 0xf7, 0x0, 0x4f,
    0xfa, 0xbf, 0xf3, 0xaf, 0xfb, 0x0, 0x4, 0xff,
    0xab, 0xff, 0x9f, 0xfe, 0x10, 0x0, 0x4f, 0xfa,
    0xbf, 0xff, 0xff, 0x40, 0x0, 0x4, 0xff, 0xab,
    0xff, 0xff, 0x90, 0x0, 0x0, 0x4f, 0xfa, 0xbf,
    0xff, 0xd0, 0x0, 0x0, 0x4, 0xff, 0xab, 0xff,
    0xf2, 0x0, 0x0, 0x0, 0x4f, 0xfa, 0xbf, 0xf6,
    0x0, 0x0, 0x0, 0x4, 0xff, 0xa0,

    /* U+04E3 "ӣ" */
    0x0, 0x1f, 0xff, 0xff, 0xff, 0xe0, 0x0, 0x0,
    0x1c, 0xcc, 0xcc, 0xcc, 0xb0, 0x0, 0x0, 0x0,
    0x0, 0x0, 0x0, 0x0, 0x0, 0x0, 0x0, 0x0,
    0x0, 0x0, 0x0, 0x0, 0x1f, 0xfd, 0x0, 0x0,
    0x0, 0xcf, 0xf3, 0x1f, 0xfd, 0x0, 0x0, 0x9,
    0xff, 0xf3, 0x1f, 0xfd, 0x0, 0x0, 0x6f, 0xff,
    0xf3, 0x1f, 0xfd, 0x0, 0x3, 0xff, 0xff, 0xf3,
    0x1f, 0xfd, 0x0, 0x1e, 0xff, 0xef, 0xf3, 0x1f,
    0xfd, 0x0, 0xbf, 0xf8, 0xaf, 0xf3, 0x1f, 0xfd,
    0x8, 0xff, 0xb0, 0xaf, 0xf3, 0x1f, 0xfd, 0x5f,
    0xfd, 0x10, 0xaf, 0xf3, 0x1f, 0xfe, 0xff, 0xf2,
    0x0, 0xaf, 0xf3, 0x1f, 0xff, 0xff, 0x50, 0x0,
    0xaf, 0xf3, 0x1f, 0xff, 0xf8, 0x0, 0x0, 0xaf,
    0xf3, 0x1f, 0xff, 0xb0, 0x0, 0x0, 0xaf, 0xf3,
    0x1f, 0xfe, 0x10, 0x0, 0x0, 0xaf, 0xf3,

    /* U+04E4 "Ӥ" */
    0x0, 0x0, 0xbe, 0x30, 0x5f, 0x90, 0x0, 0x0,
    0x0, 0x2f, 0xf8, 0xa, 0xff, 0x0, 0x0, 0x0,
    0x0, 0xad, 0x30, 0x4d, 0x80, 0x0, 0x0, 0x0,
    0x0, 0x0, 0x0, 0x0, 0x0, 0x0, 0xbf, 0xf3,
    0x0, 0x0, 0x0, 0x7, 0xff, 0xab, 0xff, 0x30,
    0x0, 0x0, 0x3, 0xff, 0xfa, 0xbf, 0xf3, 0x0,
    0x0, 0x0, 0xdf, 0xff, 0xab, 0xff, 0x30, 0x0,
    0x0, 0xaf, 0xff, 0xfa, 0xbf, 0xf3, 0x0, 0x0,
    0x5f, 0xff, 0xff, 0xab, 0xff, 0x30, 0x0, 0x2f,
    0xff, 0x9f, 0xfa, 0xbf, 0xf3, 0x0, 0xc, 0xff,
    0x94, 0xff, 0xab, 0xff, 0x30, 0x8, 0xff, 0xd0,
    0x4f, 0xfa, 0xbf, 0xf3, 0x3, 0xff, 0xf2, 0x4,
    0xff, 0xab, 0xff, 0x31, 0xef, 0xf7, 0x0, 0x4f,
    0xfa, 0xbf, 0xf3, 0xaf, 0xfb, 0x0, 0x4, 0xff,
    0xab, 0xff, 0x9f, 0xfe, 0x10, 0x0, 0x4f, 0xfa,
    0xbf, 0xff, 0xff, 0x40, 0x0, 0x4, 0xff, 0xab,
    0xff, 0xff, 0x90, 0x0, 0x0, 0x4f, 0xfa, 0xbf,
    0xff, 0xd0, 0x0, 0x0, 0x4, 0xff, 0xab, 0xff,
    0xf2, 0x0, 0x0, 0x0, 0x4f, 0xfa, 0xbf, 0xf6,
    0x0, 0x0, 0x0, 0x4, 0xff, 0xa0,

    /* U+04E5 "ӥ" */
    0x0, 0x4, 0xd8, 0x0, 0xbc, 0x20, 0x0, 0x0,
    0xa, 0xff, 0x3, 0xff, 0x70, 0x0, 0x0, 0x5,
    0xf9, 0x0, 0xce, 0x20, 0x0, 0x0, 0x0, 0x0,
    0x0, 0x0, 0x0, 0x0, 0x0, 0x0, 0x0, 0x0,
    0x0, 0x0, 0x0, 0x1f, 0xfd, 0x0, 0x0, 0x0,
    0xcf, 0xf3, 0x1f, 0xfd, 0x0, 0x0, 0x9, 0xff,
    0xf3, 0x1f, 0xfd, 0x0, 0x0, 0x6f, 0xff, 0xf3,
    0x1f, 0xfd, 0x0, 0x3, 0xff, 0xff, 0xf3, 0x1f,
    0xfd, 0x0, 0x1e, 0xff, 0xef, 0xf3, 0x1f, 0xfd,
    0x0, 0xbf, 0xf8, 0xaf, 0xf3, 0x1f, 0xfd, 0x8,
    0xff, 0xb0, 0xaf, 0xf3, 0x1f, 0xfd, 0x5f, 0xfd,
    0x10, 0xaf, 0xf3, 0x1f, 0xfe, 0xff, 0xf2, 0x0,
    0xaf, 0xf3, 0x1f, 0xff, 0xff, 0x50, 0x0, 0xaf,
    0xf3, 0x1f, 0xff, 0xf8, 0x0, 0x0, 0xaf, 0xf3,
    0x1f, 0xff, 0xb0, 0x0, 0x0, 0xaf, 0xf3, 0x1f,
    0xfe, 0x10, 0x0, 0x0, 0xaf, 0xf3,

    /* U+04E6 "Ӧ" */
    0x0, 0x0, 0x6, 0xd6, 0x1, 0xcb, 0x0, 0x0,
    0x0, 0x0, 0x0, 0xd, 0xfd, 0x6, 0xff, 0x40,
    0x0, 0x0, 0x0, 0x0, 0x8, 0xf7, 0x2, 0xed,
    0x10, 0x0, 0x0, 0x0, 0x0, 0x0, 0x0, 0x0,
    0x0, 0x0, 0x0, 0x0, 0x0, 0x0, 0x0, 0x0,
    0x0, 0x0, 0x0, 0x0, 0x0, 0x0, 0x0, 0x6,
    0xbe, 0xfe, 0xd8, 0x30, 0x0, 0x0, 0x0, 0x5,
    0xef, 0xff, 0xff, 0xff, 0xfa, 0x0, 0x0, 0x0,
    0x8f, 0xff, 0xfe, 0xcd, 0xff, 0xff, 0xd1, 0x0,
    0x6, 0xff, 0xfb, 0x20, 0x0, 0x7, 0xff, 0xfc,
    0x0, 0x1e, 0xff, 0x90, 0x0, 0x0, 0x0, 0x3f,
    0xff, 0x60, 0x7f, 0xfd, 0x0, 0x0, 0x0, 0x0,
    0x7, 0xff, 0xd0, 0xbf, 0xf6, 0x0, 0x0, 0x0,
    0x0, 0x0, 0xff, 0xf2, 0xef, 0xf2, 0x0, 0x0,
    0x0, 0x0, 0x0, 0xbf, 0xf4, 0xff, 0xf1, 0x0,
    0x0, 0x0, 0x0, 0x0, 0xaf, 0xf5, 0xef, 0xf2,
    0x0, 0x0, 0x0, 0x0, 0x0, 0xbf, 0xf4, 0xbf,
    0xf6, 0x0, 0x0, 0x0, 0x0, 0x0, 0xff, 0xf2,
    0x7f, 0xfd, 0x0, 0x0, 0x0, 0x0, 0x6, 0xff,
    0xd0, 0x1e, 0xff, 0x90, 0x0, 0x0, 0x0, 0x3f,
    0xff, 0x60, 0x6, 0xff, 0xfb, 0x20, 0x0, 0x7,
    0xff, 0xfc, 0x0, 0x0, 0x8f, 0xff, 0xfd, 0xcc,
    0xff, 0xff, 0xd1, 0x0, 0x0, 0x6, 0xef, 0xff,
    0xff, 0xff, 0xfa, 0x10, 0x0, 0x0, 0x0, 0x7,
    0xbe, 0xfe, 0xd9, 0x30, 0x0, 0x0,

    /* U+04E7 "ӧ" */
    0x0, 0x0, 0xce, 0x30, 0x5f, 0x90, 0x0, 0x0,
    0x2, 0xff, 0x80, 0xbf, 0xf0, 0x0, 0x0, 0x0,
    0xad, 0x20, 0x4d, 0x80, 0x0, 0x0, 0x0, 0x0,
    0x0, 0x0, 0x0, 0x0, 0x0, 0x0, 0x0, 0x0,
    0x0, 0x0, 0x0, 0x0, 0x0, 0x5b, 0xef, 0xda,
    0x40, 0x0, 0x0, 0x1b, 0xff, 0xff, 0xff, 0xfa,
    0x0, 0x0, 0xcf, 0xff, 0xb9, 0xbf, 0xff, 0xa0,
    0x6, 0xff, 0xd2, 0x0, 0x3, 0xef, 0xf4, 0xd,
    0xff, 0x30, 0x0, 0x0, 0x6f, 0xfa, 0xf, 0xfe,
    0x0, 0x0, 0x0, 0xf, 0xfd, 0x1f, 0xfc, 0x0,
    0x0, 0x0, 0xf, 0xff, 0xf, 0xfe, 0x0, 0x0,
    0x0, 0x1f, 0xfd, 0xc, 0xff, 0x40, 0x0, 0x0,
    0x6f, 0xfa, 0x6, 0xff, 0xd2, 0x0, 0x3, 0xff,
    0xf4, 0x0, 0xcf, 0xff, 0xb9, 0xcf, 0xff, 0x90,
    0x0, 0x1b, 0xff, 0xff, 0xff, 0xf9, 0x0, 0x0,
    0x0, 0x5b, 0xef, 0xea, 0x40, 0x0,

    /* U+04E8 "Ө" */
    0x0, 0x0, 0x6, 0xbe, 0xfe, 0xd9, 0x30, 0x0,
    0x0, 0x0, 0x5, 0xef, 0xff, 0xff, 0xff, 0xfa,
    0x10, 0x0, 0x0, 0x8f, 0xff, 0xfe, 0xcd, 0xff,
    0xff, 0xd1, 0x0, 0x6, 0xff, 0xfa, 0x20, 0x0,
    0x6, 0xff, 0xfc, 0x0, 0xe, 0xff, 0x80, 0x0,
    0x0, 0x0, 0x3f, 0xff, 0x60, 0x6f, 0xfb, 0x0,
    0x0, 0x0, 0x0, 0x5, 0xff, 0xd0, 0xbf, 0xf5,
    0x0, 0x0, 0x0, 0x0, 0x0, 0xef, 0xf2, 0xef,
    0xff, 0xff, 0xff, 0xff, 0xff, 0xff, 0xff, 0xf4,
    0xff, 0xff, 0xff, 0xff, 0xff, 0xff, 0xff, 0xff,
    0xf5, 0xef, 0xf6, 0x44, 0x44, 0x44, 0x44, 0x44,
    0xdf, 0xf4, 0xbf, 0xf6, 0x0, 0x0, 0x0, 0x0,
    0x0, 0xff, 0xf2, 0x7f, 0xfd, 0x0, 0x0, 0x0,
    0x0, 0x8, 0xff, 0xd0, 0x1e, 0xff, 0xa0, 0x0,
    0x0, 0x0, 0x4f, 0xff, 0x60, 0x6, 0xff, 0xfb,
    0x20, 0x0, 0x7, 0xff, 0xfc, 0x0, 0x0, 0x8f,
    0xff, 0xfd, 0xcc, 0xff, 0xff, 0xd1, 0x0, 0x0,
    0x6, 0xef, 0xff, 0xff, 0xff, 0xfb, 0x10, 0x0,
    0x0, 0x0, 0x7, 0xbe, 0xfe, 0xd9, 0x30, 0x0,
    0x0,

    /* U+04E9 "ө" */
    0x0, 0x0, 0x5b, 0xef, 0xda, 0x40, 0x0, 0x0,
    0x1b, 0xff, 0xff, 0xff, 0xfa, 0x0, 0x0, 0xcf,
    0xff, 0xa8, 0xaf, 0xff, 0xa0, 0x6, 0xff, 0xd1,
    0x0, 0x2, 0xef, 0xf4, 0xd, 0xff, 0x30, 0x0,
    0x0, 0x5f, 0xfa, 0xf, 0xff, 0xff, 0xff, 0xff,
    0xff, 0xfd, 0x1f, 0xff, 0xff, 0xff, 0xff, 0xff,
    0xff, 0xf, 0xfe, 0x0, 0x0, 0x0, 0xf, 0xfd,
    0xc, 0xff, 0x30, 0x0, 0x0, 0x5f, 0xfa, 0x6,
    0xff, 0xd2, 0x0, 0x3, 0xef, 0xf4, 0x0, 0xcf,
    0xff, 0xa8, 0xbf, 0xff, 0xa0, 0x0, 0x1b, 0xff,
    0xff, 0xff, 0xfa, 0x0, 0x0, 0x0, 0x5b, 0xef,
    0xea, 0x40, 0x0,

    /* U+04EA "Ӫ" */
    0x0, 0x0, 0x6, 0xd6, 0x1, 0xcb, 0x0, 0x0,
    0x0, 0x0, 0x0, 0xd, 0xfd, 0x6, 0xff, 0x40,
    0x0, 0x0, 0x0, 0x0, 0x8, 0xf7, 0x2, 0xed,
    0x10, 0x0, 0x0, 0x0, 0x0, 0x0, 0x0, 0x0,
    0x0, 0x0, 0x0, 0x0, 0x0, 0x0, 0x0, 0x0,
    0x0, 0x0, 0x0, 0x0, 0x0, 0x0, 0x0, 0x6,
    0xbe, 0xfe, 0xd9, 0x30, 0x0, 0x0, 0x0, 0x5,
    0xef, 0xff, 0xff, 0xff, 0xfa, 0x10, 0x0, 0x0,
    0x8f, 0xff, 0xfe, 0xcd, 0xff, 0xff, 0xd1, 0x0,
    0x6, 0xff, 0xfa, 0x20, 0x0, 0x6, 0xff, 0xfc,
    0x0, 0xe, 0xff, 0x80, 0x0, 0x0, 0x0, 0x3f,
    0xff, 0x60, 0x6f, 0xfb, 0x0, 0x0, 0x0, 0x0,
    0x5, 0xff, 0xd0, 0xbf, 0xf5, 0x0, 0x0, 0x0,
    0x0, 0x0, 0xef, 0xf2, 0xef, 0xff, 0xff, 0xff,
    0xff, 0xff, 0xff, 0xff, 0xf4, 0xff, 0xff, 0xff,
    0xff, 0xff, 0xff, 0xff, 0xff, 0xf5, 0xef, 0xf6,
    0x44, 0x44, 0x44, 0x44, 0x44, 0xdf, 0xf4, 0xbf,
    0xf6, 0x0, 0x0, 0x0, 0x0, 0x0, 0xff, 0xf2,
    0x7f, 0xfd, 0x0, 0x0, 0x0, 0x0, 0x8, 0xff,
    0xd0, 0x1e, 0xff, 0xa0, 0x0, 0x0, 0x0, 0x4f,
    0xff, 0x60, 0x6, 0xff, 0xfb, 0x20, 0x0, 0x7,
    0xff, 0xfc, 0x0, 0x0, 0x8f, 0xff, 0xfd, 0xcc,
    0xff, 0xff, 0xd1, 0x0, 0x0, 0x6, 0xef, 0xff,
    0xff, 0xff, 0xfb, 0x10, 0x0, 0x0, 0x0, 0x7,
    0xbe, 0xfe, 0xd9, 0x30, 0x0, 0x0,

    /* U+04EB "ӫ" */
    0x0, 0x0, 0xce, 0x30, 0x5f, 0x90, 0x0, 0x0,
    0x3, 0xff, 0x80, 0xbf, 0xf0, 0x0, 0x0, 0x0,
    0xad, 0x20, 0x5d, 0x80, 0x0, 0x0, 0x0, 0x0,
    0x0, 0x0, 0x0, 0x0, 0x0, 0x0, 0x0, 0x0,
    0x0, 0x0, 0x0, 0x0, 0x0, 0x5b, 0xef, 0xda,
    0x40, 0x0, 0x0, 0x1b, 0xff, 0xff, 0xff, 0xfa,
    0x0, 0x0, 0xcf, 0xff, 0xa8, 0xaf, 0xff, 0xa0,
    0x6, 0xff, 0xd1, 0x0, 0x2, 0xef, 0xf4, 0xd,
    0xff, 0x30, 0x0, 0x0, 0x5f, 0xfa, 0xf, 0xff,
    0xff, 0xff, 0xff, 0xff, 0xfd, 0x1f, 0xff, 0xff,
    0xff, 0xff, 0xff, 0xff, 0xf, 0xfe, 0x0, 0x0,
    0x0, 0xf, 0xfd, 0xc, 0xff, 0x30, 0x0, 0x0,
    0x5f, 0xfa, 0x6, 0xff, 0xd2, 0x0, 0x3, 0xef,
    0xf4, 0x0, 0xcf, 0xff, 0xa8, 0xbf, 0xff, 0xa0,
    0x0, 0x1b, 0xff, 0xff, 0xff, 0xfa, 0x0, 0x0,
    0x0, 0x5b, 0xef, 0xea, 0x40, 0x0,

    /* U+04EC "Ӭ" */
    0x0, 0x0, 0xad, 0x30, 0x4d, 0x80, 0x0, 0x0,
    0x0, 0x1, 0xff, 0x80, 0xaf, 0xf0, 0x0, 0x0,
    0x0, 0x0, 0xbe, 0x30, 0x5f, 0xa0, 0x0, 0x0,
    0x0, 0x0, 0x0, 0x0, 0x0, 0x0, 0x0, 0x0,
    0x0, 0x0, 0x0, 0x0, 0x0, 0x0, 0x0, 0x0,
    0x0, 0x4, 0xad, 0xff, 0xd9, 0x40, 0x0, 0x0,
    0x2, 0xcf, 0xff, 0xff, 0xff, 0xfb, 0x10, 0x0,
    0x2e, 0xff, 0xfe, 0xcd, 0xff, 0xff, 0xd1, 0x0,
    0xb, 0xfb, 0x30, 0x0, 0x7, 0xff, 0xfc, 0x0,
    0x0, 0x60, 0x0, 0x0, 0x0, 0x3f, 0xff, 0x50,
    0x0, 0x0, 0x0, 0x0, 0x0, 0x8, 0xff, 0xb0,
    0x0, 0x0, 0x0, 0x0, 0x0, 0x1, 0xff, 0xf0,
    0x0, 0x0, 0x1f, 0xff, 0xff, 0xff, 0xff, 0xf2,
    0x0, 0x0, 0x1f, 0xff, 0xff, 0xff, 0xff, 0xf3,
    0x0, 0x0, 0x7, 0x77, 0x77, 0x77, 0xff, 0xf2,
    0x0, 0x0, 0x0, 0x0, 0x0, 0x1, 0xff, 0xf0,
    0x0, 0x0, 0x0, 0x0, 0x0, 0x8, 0xff, 0xc0,
    0x0, 0x70, 0x0, 0x0, 0x0, 0x3f, 0xff, 0x50,
    0xb, 0xfc, 0x30, 0x0, 0x6, 0xff, 0xfc, 0x0,
    0x2e, 0xff, 0xfe, 0xcc, 0xff, 0xff, 0xd1, 0x0,
    0x2, 0xcf, 0xff, 0xff, 0xff, 0xfb, 0x10, 0x0,
    0x0, 0x5, 0xad, 0xff, 0xda, 0x40, 0x0, 0x0,

    /* U+04ED "ӭ" */
    0x0, 0x2d, 0xd1, 0x8, 0xf6, 0x0, 0x0, 0x6,
    0xff, 0x40, 0xef, 0xc0, 0x0, 0x0, 0x1c, 0xb0,
    0x7, 0xd5, 0x0, 0x0, 0x0, 0x0, 0x0, 0x0,
    0x0, 0x0, 0x0, 0x0, 0x0, 0x0, 0x0, 0x0,
    0x0, 0x4, 0xae, 0xfe, 0xc7, 0x10, 0x0, 0xb,
    0xff, 0xff, 0xff, 0xfe, 0x30, 0x4, 0xff, 0xd8,
    0x67, 0xcf, 0xff, 0x20, 0x3, 0x50, 0x0, 0x0,
    0x7f, 0xfc, 0x0, 0x0, 0x0, 0x0, 0x0, 0xaf,
    0xf3, 0x0, 0x0, 0xef, 0xff, 0xff, 0xff, 0x60,
    0x0, 0xe, 0xff, 0xff, 0xff, 0xf7, 0x0, 0x0,
    0x22, 0x22, 0x27, 0xff, 0x60, 0x0, 0x0, 0x0,
    0x0, 0xaf, 0xf3, 0x6, 0x90, 0x0, 0x0, 0x7f,
    0xfc, 0x4, 0xff, 0xe8, 0x68, 0xdf, 0xff, 0x20,
    0xb, 0xff, 0xff, 0xff, 0xfe, 0x30, 0x0, 0x4,
    0xae, 0xfe, 0xc7, 0x10, 0x0,

    /* U+04EE "Ӯ" */
    0x0, 0x0, 0xff, 0xff, 0xff, 0xff, 0x0, 0x0,
    0x0, 0x0, 0xc, 0xcc, 0xcc, 0xcc, 0xc0, 0x0,
    0x0, 0x0, 0x0, 0x0, 0x0, 0x0, 0x0, 0x0,
    0x0, 0x0, 0x0, 0x0, 0x0, 0x0, 0x0, 0x0,
    0x0, 0x0, 0x7f, 0xfb, 0x0, 0x0, 0x0, 0x0,
    0x2f, 0xfd, 0x0, 0xef, 0xf3, 0x0, 0x0, 0x0,
    0x9, 0xff, 0x40, 0x7, 0xff, 0xa0, 0x0, 0x0,
    0x1, 0xff, 0xc0, 0x0, 0xe, 0xff, 0x20, 0x0,
    0x0, 0x9f, 0xf4, 0x0, 0x0, 0x6f, 0xfa, 0x0,
    0x0, 0x1f, 0xfc, 0x0, 0x0, 0x0, 0xef, 0xf2,
    0x0, 0x9, 0xff, 0x30, 0x0, 0x0, 0x6, 0xff,
    0x90, 0x1, 0xff, 0xb0, 0x0, 0x0, 0x0, 0xd,
    0xff, 0x10, 0x9f, 0xf3, 0x0, 0x0, 0x0, 0x0,
    0x6f, 0xf9, 0x1f, 0xfb, 0x0, 0x0, 0x0, 0x0,
    0x0, 0xdf, 0xfa, 0xff, 0x30, 0x0, 0x0, 0x0,
    0x0, 0x5, 0xff, 0xff, 0xa0, 0x0, 0x0, 0x0,
    0x0, 0x0, 0xd, 0xff, 0xf2, 0x0, 0x0, 0x0,
    0x0, 0x0, 0x0, 0x9f, 0xfa, 0x0, 0x0, 0x0,
    0x0, 0x0, 0x0, 0x1e, 0xff, 0x20, 0x0, 0x0,
    0x0, 0x0, 0x79, 0x9e, 0xff, 0x80, 0x0, 0x0,
    0x0, 0x0, 0xe, 0xff, 0xff, 0xb0, 0x0, 0x0,
    0x0, 0x0, 0x1, 0xef, 0xff, 0x80, 0x0, 0x0,
    0x0, 0x0, 0x0, 0x0, 0x22, 0x0, 0x0, 0x0,
    0x0, 0x0, 0x0,

    /* U+04EF "ӯ" */
    0x0, 0x8, 0xff, 0xff, 0xff, 0xf7, 0x0, 0x0,
    0x0, 0x6c, 0xcc, 0xcc, 0xcc, 0x50, 0x0, 0x0,
    0x0, 0x0, 0x0, 0x0, 0x0, 0x0, 0x0, 0x0,
    0x0, 0x0, 0x0, 0x0, 0x0, 0x0, 0xc, 0xff,
    0x30, 0x0, 0x0, 0x7, 0xff, 0x50, 0x5f, 0xf9,
    0x0, 0x0, 0x0, 0xdf, 0xe0, 0x0, 0xef, 0xf0,
    0x0, 0x0, 0x3f, 0xf8, 0x0, 0x8, 0xff, 0x60,
    0x0, 0xa, 0xff, 0x10, 0x0, 0x2f, 0xfc, 0x0,
    0x1, 0xff, 0xb0, 0x0, 0x0, 0xbf, 0xf3, 0x0,
    0x7f, 0xf4, 0x0, 0x0, 0x5, 0xff, 0x90, 0xd,
    0xfd, 0x0, 0x0, 0x0, 0xe, 0xff, 0x3, 0xff,
    0x70, 0x0, 0x0, 0x0, 0x7f, 0xf6, 0xaf, 0xf1,
    0x0, 0x0, 0x0, 0x1, 0xff, 0xdf, 0xfa, 0x0,
    0x0, 0x0, 0x0, 0xa, 0xff, 0xff, 0x40, 0x0,
    0x0, 0x0, 0x0, 0x4f, 0xff, 0xd0, 0x0, 0x0,
    0x0, 0x0, 0x0, 0xff, 0xf7, 0x0, 0x0, 0x0,
    0x0, 0x0, 0xe, 0xff, 0x10, 0x0, 0x0, 0x1,
    0x10, 0x4, 0xff, 0x90, 0x0, 0x0, 0x0, 0x9e,
    0x99, 0xff, 0xf2, 0x0, 0x0, 0x0, 0x1f, 0xff,
    0xff, 0xf6, 0x0, 0x0, 0x0, 0x0, 0x5c, 0xff,
    0xc5, 0x0, 0x0, 0x0, 0x0,

    /* U+04F0 "Ӱ" */
    0x0, 0x0, 0x2d, 0xa0, 0x9, 0xd3, 0x0, 0x0,
    0x0, 0x0, 0x8, 0xff, 0x21, 0xff, 0x90, 0x0,
    0x0, 0x0, 0x0, 0x3e, 0xb0, 0xb, 0xe4, 0x0,
    0x0, 0x0, 0x0, 0x0, 0x0, 0x0, 0x0, 0x0,
    0x0, 0x0, 0x0, 0x0, 0x0, 0x0, 0x0, 0x0,
    0x0, 0x0, 0x7, 0xff, 0xb0, 0x0, 0x0, 0x0,
    0x2, 0xff, 0xd0, 0xe, 0xff, 0x30, 0x0, 0x0,
    0x0, 0x9f, 0xf4, 0x0, 0x7f, 0xfa, 0x0, 0x0,
    0x0, 0x1f, 0xfc, 0x0, 0x0, 0xef, 0xf2, 0x0,
    0x0, 0x9, 0xff, 0x40, 0x0, 0x6, 0xff, 0xa0,
    0x0, 0x1, 0xff, 0xc0, 0x0, 0x0, 0xe, 0xff,
    0x20, 0x0, 0x9f, 0xf3, 0x0, 0x0, 0x0, 0x6f,
    0xf9, 0x0, 0x1f, 0xfb, 0x0, 0x0, 0x0, 0x0,
    0xdf, 0xf1, 0x9, 0xff, 0x30, 0x0, 0x0, 0x0,
    0x6, 0xff, 0x91, 0xff, 0xb0, 0x0, 0x0, 0x0,
    0x0, 0xd, 0xff, 0xaf, 0xf3, 0x0, 0x0, 0x0,
    0x0, 0x0, 0x5f, 0xff, 0xfa, 0x0, 0x0, 0x0,
    0x0, 0x0, 0x0, 0xdf, 0xff, 0x20, 0x0, 0x0,
    0x0, 0x0, 0x0, 0x9, 0xff, 0xa0, 0x0, 0x0,
    0x0, 0x0, 0x0, 0x1, 0xef, 0xf2, 0x0, 0x0,
    0x0, 0x0, 0x7, 0x99, 0xef, 0xf8, 0x0, 0x0,
    0x0, 0x0, 0x0, 0xef, 0xff, 0xfb, 0x0, 0x0,
    0x0, 0x0, 0x0, 0x1e, 0xff, 0xf8, 0x0, 0x0,
    0x0, 0x0, 0x0, 0x0, 0x2, 0x20, 0x0, 0x0,
    0x0, 0x0, 0x0, 0x0,

    /* U+04F1 "ӱ" */
    0x0, 0x0, 0x9d, 0x30, 0x3d, 0x90, 0x0, 0x0,
    0x0, 0x1f, 0xf9, 0x9, 0xff, 0x0, 0x0, 0x0,
    0x0, 0xbe, 0x40, 0x4f, 0xa0, 0x0, 0x0, 0x0,
    0x0, 0x0, 0x0, 0x0, 0x0, 0x0, 0x0, 0x0,
    0x0, 0x0, 0x0, 0x0, 0x0, 0x0, 0xcf, 0xf3,
    0x0, 0x0, 0x0, 0x7f, 0xf5, 0x5, 0xff, 0x90,
    0x0, 0x0, 0xd, 0xfe, 0x0, 0xe, 0xff, 0x0,
    0x0, 0x3, 0xff, 0x80, 0x0, 0x8f, 0xf6, 0x0,
    0x0, 0xaf, 0xf1, 0x0, 0x2, 0xff, 0xc0, 0x0,
    0x1f, 0xfb, 0x0, 0x0, 0xb, 0xff, 0x30, 0x7,
    0xff, 0x40, 0x0, 0x0, 0x5f, 0xf9, 0x0, 0xdf,
    0xd0, 0x0, 0x0, 0x0, 0xef, 0xf0, 0x3f, 0xf7,
    0x0, 0x0, 0x0, 0x7, 0xff, 0x6a, 0xff, 0x10,
    0x0, 0x0, 0x0, 0x1f, 0xfd, 0xff, 0xa0, 0x0,
    0x0, 0x0, 0x0, 0xaf, 0xff, 0xf4, 0x0, 0x0,
    0x0, 0x0, 0x4, 0xff, 0xfd, 0x0, 0x0, 0x0,
    0x0, 0x0, 0xf, 0xff, 0x70, 0x0, 0x0, 0x0,
    0x0, 0x0, 0xef, 0xf1, 0x0, 0x0, 0x0, 0x11,
    0x0, 0x4f, 0xf9, 0x0, 0x0, 0x0, 0x9, 0xe9,
    0x9f, 0xff, 0x20, 0x0, 0x0, 0x1, 0xff, 0xff,
    0xff, 0x60, 0x0, 0x0, 0x0, 0x5, 0xcf, 0xfc,
    0x50, 0x0, 0x0, 0x0, 0x0,

    /* U+04F2 "Ӳ" */
    0x0, 0x0, 0x0, 0xbf, 0xf2, 0x6f, 0xf6, 0x0,
    0x0, 0x0, 0x0, 0x4f, 0xf5, 0xe, 0xfa, 0x0,
    0x0, 0x0, 0x0, 0xc, 0xf9, 0x7, 0xfd, 0x0,
    0x0, 0x0, 0x0, 0x0, 0x44, 0x0, 0x44, 0x20,
    0x0, 0x0, 0x0, 0x0, 0x0, 0x0, 0x0, 0x0,
    0x0, 0x0, 0x7, 0xff, 0xb0, 0x0, 0x0, 0x0,
    0x2, 0xff, 0xd0, 0xe, 0xff, 0x30, 0x0, 0x0,
    0x0, 0x9f, 0xf4, 0x0, 0x7f, 0xfa, 0x0, 0x0,
    0x0, 0x1f, 0xfc, 0x0, 0x0, 0xef, 0xf2, 0x0,
    0x0, 0x9, 0xff, 0x40, 0x0, 0x6, 0xff, 0xa0,
    0x0, 0x1, 0xff, 0xc0, 0x0, 0x0, 0xe, 0xff,
    0x20, 0x0, 0x9f, 0xf3, 0x0, 0x0, 0x0, 0x6f,
    0xf9, 0x0, 0x1f, 0xfb, 0x0, 0x0, 0x0, 0x0,
    0xdf, 0xf1, 0x9, 0xff, 0x30, 0x0, 0x0, 0x0,
    0x6, 0xff, 0x91, 0xff, 0xb0, 0x0, 0x0, 0x0,
    0x0, 0xd, 0xff, 0xaf, 0xf3, 0x0, 0x0, 0x0,
    0x0, 0x0, 0x5f, 0xff, 0xfa, 0x0, 0x0, 0x0,
    0x0, 0x0, 0x0, 0xdf, 0xff, 0x20, 0x0, 0x0,
    0x0, 0x0, 0x0, 0x9, 0xff, 0xa0, 0x0, 0x0,
    0x0, 0x0, 0x0, 0x1, 0xef, 0xf2, 0x0, 0x0,
    0x0, 0x0, 0x7, 0x99, 0xef, 0xf8, 0x0, 0x0,
    0x0, 0x0, 0x0, 0xef, 0xff, 0xfb, 0x0, 0x0,
    0x0, 0x0, 0x0, 0x1e, 0xff, 0xf8, 0x0, 0x0,
    0x0, 0x0, 0x0, 0x0, 0x2, 0x20, 0x0, 0x0,
    0x0, 0x0, 0x0, 0x0,

    /* U+04F3 "ӳ" */
    0x0, 0x0, 0x3, 0xff, 0x80, 0xef, 0xd0, 0x0,
    0x0, 0x0, 0xcf, 0xc0, 0x7f, 0xf2, 0x0, 0x0,
    0x0, 0x5f, 0xe1, 0x1f, 0xf5, 0x0, 0x0, 0x0,
    0x3, 0x42, 0x1, 0x44, 0x0, 0x0, 0x0, 0x0,
    0x0, 0x0, 0x0, 0x0, 0x0, 0x0, 0xcf, 0xf3,
    0x0, 0x0, 0x0, 0x7f, 0xf5, 0x5, 0xff, 0x90,
    0x0, 0x0, 0xd, 0xfe, 0x0, 0xe, 0xff, 0x0,
    0x0, 0x3, 0xff, 0x80, 0x0, 0x8f, 0xf6, 0x0,
    0x0, 0xaf, 0xf1, 0x0, 0x2, 0xff, 0xc0, 0x0,
    0x1f, 0xfb, 0x0, 0x0, 0xb, 0xff, 0x30, 0x7,
    0xff, 0x40, 0x0, 0x0, 0x5f, 0xf9, 0x0, 0xdf,
    0xd0, 0x0, 0x0, 0x0, 0xef, 0xf0, 0x3f, 0xf7,
    0x0, 0x0, 0x0, 0x7, 0xff, 0x6a, 0xff, 0x10,
    0x0, 0x0, 0x0, 0x1f, 0xfd, 0xff, 0xa0, 0x0,
    0x0, 0x0, 0x0, 0xaf, 0xff, 0xf4, 0x0, 0x0,
    0x0, 0x0, 0x4, 0xff, 0xfd, 0x0, 0x0, 0x0,
    0x0, 0x0, 0xf, 0xff, 0x70, 0x0, 0x0, 0x0,
    0x0, 0x0, 0xef, 0xf1, 0x0, 0x0, 0x0, 0x11,
    0x0, 0x4f, 0xf9, 0x0, 0x0, 0x0, 0x9, 0xe9,
    0x9f, 0xff, 0x20, 0x0, 0x0, 0x1, 0xff, 0xff,
    0xff, 0x60, 0x0, 0x0, 0x0, 0x5, 0xcf, 0xfc,
    0x50, 0x0, 0x0, 0x0, 0x0,

    /* U+04F4 "Ӵ" */
    0x0, 0x0, 0xae, 0x40, 0x4e, 0xa0, 0x0, 0x0,
    0x0, 0xf, 0xfa, 0x9, 0xff, 0x10, 0x0, 0x0,
    0x0, 0x9d, 0x40, 0x3d, 0xa0, 0x0, 0x0, 0x0,
    0x0, 0x0, 0x0, 0x0, 0x0, 0x0, 0x5f, 0xf9,
    0x0, 0x0, 0x0, 0x9, 0xff, 0x55, 0xff, 0x90,
    0x0, 0x0, 0x0, 0x9f, 0xf5, 0x5f, 0xf9, 0x0,
    0x0, 0x0, 0x9, 0xff, 0x55, 0xff, 0x90, 0x0,
    0x0, 0x0, 0x9f, 0xf5, 0x5f, 0xf9, 0x0, 0x0,
    0x0, 0x9, 0xff, 0x55, 0xff, 0xa0, 0x0, 0x0,
    0x0, 0x9f, 0xf5, 0x4f, 0xfc, 0x0, 0x0, 0x0,
    0x9, 0xff, 0x51, 0xff, 0xf4, 0x0, 0x0, 0x0,
    0xaf, 0xf5, 0xc, 0xff, 0xe6, 0x20, 0x13, 0x8f,
    0xff, 0x50, 0x3f, 0xff, 0xff, 0xff, 0xff, 0xff,
    0xf5, 0x0, 0x4e, 0xff, 0xff, 0xff, 0xff, 0xff,
    0x50, 0x0, 0x5, 0x8a, 0xa9, 0x61, 0x9f, 0xf5,
    0x0, 0x0, 0x0, 0x0, 0x0, 0x9, 0xff, 0x50,
    0x0, 0x0, 0x0, 0x0, 0x0, 0x9f, 0xf5, 0x0,
    0x0, 0x0, 0x0, 0x0, 0x9, 0xff, 0x50, 0x0,
    0x0, 0x0, 0x0, 0x0, 0x9f, 0xf5, 0x0, 0x0,
    0x0, 0x0, 0x0, 0x9, 0xff, 0x50,

    /* U+04F5 "ӵ" */
    0x0, 0x9, 0xd3, 0x3, 0xd9, 0x0, 0x0, 0x0,
    0xff, 0xa0, 0x9f, 0xf1, 0x0, 0x0, 0xa, 0xf5,
    0x4, 0xeb, 0x0, 0x0, 0x0, 0x0, 0x0, 0x0,
    0x0, 0x0, 0x0, 0x0, 0x0, 0x0, 0x0, 0x0,
    0x2, 0xff, 0xc0, 0x0, 0x0, 0x8f, 0xf5, 0x2f,
    0xfc, 0x0, 0x0, 0x8, 0xff, 0x52, 0xff, 0xc0,
    0x0, 0x0, 0x8f, 0xf5, 0x2f, 0xfc, 0x0, 0x0,
    0x8, 0xff, 0x51, 0xff, 0xd0, 0x0, 0x0, 0x8f,
    0xf5, 0xf, 0xff, 0x20, 0x0, 0x9, 0xff, 0x50,
    0xbf, 0xfe, 0x87, 0x8c, 0xff, 0xf5, 0x2, 0xff,
    0xff, 0xff, 0xff, 0xff, 0x50, 0x2, 0x9e, 0xff,
    0xc7, 0xaf, 0xf5, 0x0, 0x0, 0x0, 0x0, 0x8,
    0xff, 0x50, 0x0, 0x0, 0x0, 0x0, 0x8f, 0xf5,
    0x0, 0x0, 0x0, 0x0, 0x8, 0xff, 0x50, 0x0,
    0x0, 0x0, 0x0, 0x8f, 0xf5,

    /* U+04F6 "Ӷ" */
    0xbf, 0xff, 0xff, 0xff, 0xff, 0xf3, 0xbf, 0xff,
    0xff, 0xff, 0xff, 0xf2, 0xbf, 0xfd, 0xaa, 0xaa,
    0xaa, 0xa1, 0xbf, 0xf3, 0x0, 0x0, 0x0, 0x0,
    0xbf, 0xf3, 0x0, 0x0, 0x0, 0x0, 0xbf, 0xf3,
    0x0, 0x0, 0x0, 0x0, 0xbf, 0xf3, 0x0, 0x0,
    0x0, 0x0, 0xbf, 0xf3, 0x0, 0x0, 0x0, 0x0,
    0xbf, 0xf3, 0x0, 0x0, 0x0, 0x0, 0xbf, 0xf3,
    0x0, 0x0, 0x0, 0x0, 0xbf, 0xf3, 0x0, 0x0,
    0x0, 0x0, 0xbf, 0xf3, 0x0, 0x0, 0x0, 0x0,
    0xbf, 0xf3, 0x0, 0x0, 0x0, 0x0, 0xbf, 0xf3,
    0x0, 0x0, 0x0, 0x0, 0xff, 0xfd, 0xa6, 0x0,
    0x0, 0x0, 0xff, 0xff, 0xf9, 0x0, 0x0, 0x0,
    0xff, 0xff, 0xf9, 0x0, 0x0, 0x0, 0x0, 0x2f,
    0xf9, 0x0, 0x0, 0x0, 0x0, 0x2f, 0xf9, 0x0,
    0x0, 0x0, 0x0, 0x2f, 0xf9, 0x0, 0x0, 0x0,
    0x0, 0x18, 0x84, 0x0, 0x0, 0x0,

    /* U+04F7 "ӷ" */
    0x1f, 0xff, 0xff, 0xff, 0xff, 0x51, 0xff, 0xff,
    0xff, 0xff, 0xf5, 0x1f, 0xff, 0x99, 0x99, 0x99,
    0x31, 0xff, 0xd0, 0x0, 0x0, 0x0, 0x1f, 0xfd,
    0x0, 0x0, 0x0, 0x1, 0xff, 0xd0, 0x0, 0x0,
    0x0, 0x1f, 0xfd, 0x0, 0x0, 0x0, 0x1, 0xff,
    0xd0, 0x0, 0x0, 0x0, 0x1f, 0xfd, 0x0, 0x0,
    0x0, 0x1, 0xff, 0xd0, 0x0, 0x0, 0x0, 0x1f,
    0xff, 0x85, 0x0, 0x0, 0x2, 0xff, 0xff, 0xa0,
    0x0, 0x0, 0x2f, 0xff, 0xfa, 0x0, 0x0, 0x0,
    0x0, 0xff, 0xa0, 0x0, 0x0, 0x0, 0xf, 0xfa,
    0x0, 0x0, 0x0, 0x0, 0x88, 0x50, 0x0, 0x0,

    /* U+04F8 "Ӹ" */
    0x0, 0x0, 0x0, 0x8f, 0x60, 0x2e, 0xc0, 0x0,
    0x0, 0x0, 0x0, 0x0, 0xe, 0xfc, 0x6, 0xff,
    0x40, 0x0, 0x0, 0x0, 0x0, 0x0, 0x7e, 0x50,
    0x2c, 0xb0, 0x0, 0x0, 0x0, 0x0, 0x0, 0x0,
    0x0, 0x0, 0x0, 0x0, 0x0, 0x0, 0xbf, 0xf3,
    0x0, 0x0, 0x0, 0x0, 0x0, 0x0, 0xff, 0xfb,
    0xff, 0x30, 0x0, 0x0, 0x0, 0x0, 0x0, 0xf,
    0xff, 0xbf, 0xf3, 0x0, 0x0, 0x0, 0x0, 0x0,
    0x0, 0xff, 0xfb, 0xff, 0x30, 0x0, 0x0, 0x0,
    0x0, 0x0, 0xf, 0xff, 0xbf, 0xf3, 0x0, 0x0,
    0x0, 0x0, 0x0, 0x0, 0xff, 0xfb, 0xff, 0x30,
    0x0, 0x0, 0x0, 0x0, 0x0, 0xf, 0xff, 0xbf,
    0xff, 0xff, 0xff, 0xfd, 0x82, 0x0, 0x0, 0xff,
    0xfb, 0xff, 0xff, 0xff, 0xff, 0xff, 0xf4, 0x0,
    0xf, 0xff, 0xbf, 0xf8, 0x66, 0x66, 0x9e, 0xff,
    0xf1, 0x0, 0xff, 0xfb, 0xff, 0x30, 0x0, 0x0,
    0x1d, 0xff, 0x60, 0xf, 0xff, 0xbf, 0xf3, 0x0,
    0x0, 0x0, 0x7f, 0xf9, 0x0, 0xff, 0xfb, 0xff,
    0x30, 0x0, 0x0, 0x5, 0xff, 0xa0, 0xf, 0xff,
    0xbf, 0xf3, 0x0, 0x0, 0x0, 0x8f, 0xf9, 0x0,
    0xff, 0xfb, 0xff, 0x30, 0x0, 0x0, 0x2f, 0xff,
    0x50, 0xf, 0xff, 0xbf, 0xf8, 0x66, 0x67, 0xaf,
    0xff, 0xd0, 0x0, 0xff, 0xfb, 0xff, 0xff, 0xff,
    0xff, 0xff, 0xd2, 0x0, 0xf, 0xff, 0xbf, 0xff,
    0xff, 0xff, 0xeb, 0x60, 0x0, 0x0, 0xff, 0xf0,

    /* U+04F9 "ӹ" */
    0x0, 0x0, 0x5, 0xd7, 0x0, 0xbc, 0x10, 0x0,
    0x0, 0x0, 0x0, 0xcf, 0xe0, 0x4f, 0xf5, 0x0,
    0x0, 0x0, 0x0, 0x6, 0xf8, 0x1, 0xdd, 0x10,
    0x0, 0x0, 0x0, 0x0, 0x0, 0x0, 0x0, 0x0,
    0x0, 0x0, 0x0, 0x0, 0x0, 0x0, 0x0, 0x0,
    0x0, 0x0, 0x1, 0xff, 0xd0, 0x0, 0x0, 0x0,
    0x0, 0xaf, 0xf3, 0x1f, 0xfd, 0x0, 0x0, 0x0,
    0x0, 0xa, 0xff, 0x31, 0xff, 0xd0, 0x0, 0x0,
    0x0, 0x0, 0xaf, 0xf3, 0x1f, 0xfd, 0x0, 0x0,
    0x0, 0x0, 0xa, 0xff, 0x31, 0xff, 0xff, 0xff,
    0xfd, 0x70, 0x0, 0xaf, 0xf3, 0x1f, 0xff, 0xff,
    0xff, 0xff, 0xc0, 0xa, 0xff, 0x31, 0xff, 0xd1,
    0x11, 0x4d, 0xff, 0x60, 0xaf, 0xf3, 0x1f, 0xfd,
    0x0, 0x0, 0x5f, 0xfa, 0xa, 0xff, 0x31, 0xff,
    0xd0, 0x0, 0x3, 0xff, 0xb0, 0xaf, 0xf3, 0x1f,
    0xfd, 0x0, 0x0, 0x6f, 0xf9, 0xa, 0xff, 0x31,
    0xff, 0xd3, 0x34, 0x7f, 0xff, 0x40, 0xaf, 0xf3,
    0x1f, 0xff, 0xff, 0xff, 0xff, 0x90, 0xa, 0xff,
    0x31, 0xff, 0xff, 0xff, 0xeb, 0x50, 0x0, 0xaf,
    0xf3,

    /* U+04FA "Ӻ" */
    0x0, 0xf, 0xff, 0xff, 0xff, 0xff, 0xff, 0x0,
    0xf, 0xff, 0xff, 0xff, 0xff, 0xff, 0x0, 0xf,
    0xff, 0xaa, 0xaa, 0xaa, 0xa9, 0x0, 0xf, 0xff,
    0x0, 0x0, 0x0, 0x0, 0x0, 0xf, 0xff, 0x0,
    0x0, 0x0, 0x0, 0x0, 0xf, 0xff, 0x0, 0x0,
    0x0, 0x0, 0x0, 0xf, 0xff, 0x0, 0x0, 0x0,
    0x0, 0x0, 0xf, 0xff, 0x0, 0x0, 0x0, 0x0,
    0x7f, 0xff, 0xff, 0xff, 0xff, 0xff, 0x70, 0x7f,
    0xff, 0xff, 0xff, 0xff, 0xff, 0x70, 0x12, 0x3f,
    0xff, 0x22, 0x22, 0x22, 0x10, 0x0, 0xf, 0xff,
    0x0, 0x0, 0x0, 0x0, 0x0, 0xf, 0xff, 0x0,
    0x0, 0x0, 0x0, 0x0, 0xf, 0xff, 0x0, 0x0,
    0x0, 0x0, 0x0, 0xf, 0xff, 0x77, 0x0, 0x0,
    0x0, 0x0, 0x1f, 0xff, 0xff, 0x0, 0x0, 0x0,
    0x0, 0x1f, 0xff, 0xff, 0x0, 0x0, 0x0, 0x0,
    0x0, 0xd, 0xff, 0x0, 0x0, 0x0, 0x0, 0x0,
    0x1f, 0xff, 0x0, 0x0, 0x0, 0x5, 0xa8, 0xdf,
    0xfb, 0x0, 0x0, 0x0, 0xb, 0xff, 0xff, 0xf2,
    0x0, 0x0, 0x0, 0x6, 0xcf, 0xfb, 0x20, 0x0,
    0x0, 0x0,

    /* U+04FB "ӻ" */
    0x0, 0x6f, 0xff, 0xff, 0xff, 0xf1, 0x0, 0x6f,
    0xff, 0xff, 0xff, 0xf1, 0x0, 0x6f, 0xfc, 0x99,
    0x99, 0x90, 0x0, 0x6f, 0xf7, 0x0, 0x0, 0x0,
    0x0, 0x6f, 0xf7, 0x0, 0x0, 0x0, 0x0, 0x6f,
    0xf7, 0x0, 0x0, 0x0, 0x5f, 0xff, 0xff, 0xff,
    0xff, 0x0, 0x6f, 0xff, 0xff, 0xff, 0xff, 0x0,
    0x0, 0x6f, 0xf7, 0x0, 0x0, 0x0, 0x0, 0x6f,
    0xf7, 0x0, 0x0, 0x0, 0x0, 0x9f, 0xfd, 0x61,
    0x0, 0x0, 0x0, 0xdf, 0xff, 0xf4, 0x0, 0x0,
    0x0, 0xdf, 0xff, 0xf4, 0x0, 0x0, 0x0, 0x0,
    0x9f, 0xf4, 0x0, 0x0, 0x0, 0x0, 0xcf, 0xf3,
    0x0, 0x0, 0x1b, 0x79, 0xff, 0xe0, 0x0, 0x0,
    0x6f, 0xff, 0xff, 0x50, 0x0, 0x0, 0x3b, 0xef,
    0xc4, 0x0, 0x0, 0x0,

    /* U+04FC "Ӽ" */
    0x2f, 0xff, 0x40, 0x0, 0x0, 0x3, 0xff, 0xe1,
    0x7, 0xff, 0xe1, 0x0, 0x0, 0xd, 0xff, 0x50,
    0x0, 0xcf, 0xfa, 0x0, 0x0, 0x9f, 0xfa, 0x0,
    0x0, 0x2f, 0xff, 0x50, 0x3, 0xff, 0xe1, 0x0,
    0x0, 0x6, 0xff, 0xe1, 0xd, 0xff, 0x40, 0x0,
    0x0, 0x0, 0xbf, 0xfb, 0x9f, 0xf9, 0x0, 0x0,
    0x0, 0x0, 0x1e, 0xff, 0xff, 0xd0, 0x0, 0x0,
    0x0, 0x0, 0x5, 0xff, 0xff, 0x30, 0x0, 0x0,
    0x0, 0x0, 0x0, 0xff, 0xff, 0x10, 0x0, 0x0,
    0x0, 0x0, 0x9, 0xff, 0xff, 0xc0, 0x0, 0x0,
    0x0, 0x0, 0x4f, 0xff, 0xff, 0xf9, 0x0, 0x0,
    0x0, 0x1, 0xef, 0xf4, 0x4f, 0xff, 0x50, 0x0,
    0x0, 0xa, 0xff, 0xa0, 0x8, 0xff, 0xe1, 0x0,
    0x0, 0x6f, 0xfe, 0x10, 0x0, 0xcf, 0xfb, 0x0,
    0x2, 0xff, 0xf5, 0x0, 0x0, 0x2f, 0xff, 0x40,
    0xc, 0xff, 0xa0, 0x0, 0x0, 0x9, 0xff, 0xc0,
    0x7f, 0xfe, 0x10, 0x0, 0x0, 0x2, 0xff, 0xf2,
    0x0, 0x0, 0x0, 0x0, 0x0, 0x0, 0xef, 0xf5,
    0x0, 0x0, 0x0, 0x0, 0x0, 0x1, 0xff, 0xf4,
    0x0, 0x0, 0x0, 0x0, 0x1b, 0x8c, 0xff, 0xf1,
    0x0, 0x0, 0x0, 0x0, 0x7f, 0xff, 0xff, 0x70,
    0x0, 0x0, 0x0, 0x0, 0x4b, 0xef, 0xc5, 0x0,

    /* U+04FD "ӽ" */
    0x4f, 0xfd, 0x0, 0x0, 0xc, 0xff, 0x50, 0x9f,
    0xfa, 0x0, 0x8, 0xff, 0x90, 0x0, 0xdf, 0xf5,
    0x3, 0xff, 0xd0, 0x0, 0x2, 0xff, 0xf2, 0xdf,
    0xf3, 0x0, 0x0, 0x6, 0xff, 0xff, 0xf7, 0x0,
    0x0, 0x0, 0xb, 0xff, 0xfb, 0x0, 0x0, 0x0,
    0x0, 0x4f, 0xff, 0x90, 0x0, 0x0, 0x0, 0xd,
    0xff, 0xff, 0x40, 0x0, 0x0, 0x9, 0xff, 0xef,
    0xfe, 0x20, 0x0, 0x5, 0xff, 0xd0, 0x8f, 0xfc,
    0x0, 0x1, 0xef, 0xf2, 0x0, 0xbf, 0xf7, 0x0,
    0xcf, 0xf6, 0x0, 0x1, 0xff, 0xf1, 0x7f, 0xfb,
    0x0, 0x0, 0x8, 0xff, 0x70, 0x0, 0x0, 0x0,
    0x0, 0x2f, 0xfb, 0x0, 0x0, 0x0, 0x0, 0x3,
    0xff, 0xb0, 0x0, 0x0, 0x7, 0xa8, 0xef, 0xf8,
    0x0, 0x0, 0x0, 0xdf, 0xff, 0xfe, 0x10, 0x0,
    0x0, 0x7, 0xdf, 0xea, 0x10,

    /* U+04FE "Ӿ" */
    0xc, 0xff, 0x90, 0x0, 0x0, 0x7, 0xff, 0xe1,
    0x2, 0xff, 0xf5, 0x0, 0x0, 0x2f, 0xff, 0x50,
    0x0, 0x7f, 0xfe, 0x10, 0x0, 0xdf, 0xfa, 0x0,
    0x0, 0xc, 0xff, 0xb0, 0x8, 0xff, 0xe1, 0x0,
    0x0, 0x2, 0xff, 0xf6, 0x3f, 0xff, 0x40, 0x0,
    0x0, 0x0, 0x7f, 0xff, 0xef, 0xf9, 0x0, 0x0,
    0x0, 0x0, 0xc, 0xff, 0xff, 0xd0, 0x0, 0x0,
    0x0, 0xff, 0xff, 0xff, 0xff, 0xff, 0xff, 0x0,
    0x0, 0xff, 0xff, 0xff, 0xff, 0xff, 0xff, 0x0,
    0x0, 0x23, 0x3d, 0xff, 0xff, 0xf4, 0x33, 0x0,
    0x0, 0x0, 0x5f, 0xff, 0xef, 0xfa, 0x0, 0x0,
    0x0, 0x1, 0xef, 0xf7, 0x5f, 0xff, 0x40, 0x0,
    0x0, 0xa, 0xff, 0xd0, 0xa, 0xff, 0xd0, 0x0,
    0x0, 0x4f, 0xff, 0x30, 0x1, 0xef, 0xf9, 0x0,
    0x0, 0xef, 0xf8, 0x0, 0x0, 0x5f, 0xff, 0x30,
    0x9, 0xff, 0xd0, 0x0, 0x0, 0xb, 0xff, 0xd0,
    0x3f, 0xff, 0x30, 0x0, 0x0, 0x1, 0xff, 0xf8,

    /* U+04FF "ӿ" */
    0x2f, 0xff, 0x20, 0x0, 0x7, 0xff, 0x90, 0x7,
    0xff, 0xc0, 0x0, 0x2f, 0xfd, 0x0, 0x0, 0xcf,
    0xf7, 0x0, 0xcf, 0xf3, 0x0, 0x0, 0x2f, 0xff,
    0x27, 0xff, 0x80, 0x0, 0x0, 0x7, 0xff, 0xef,
    0xfd, 0x0, 0x0, 0x0, 0x0, 0xcf, 0xff, 0xf3,
    0x0, 0x0, 0x2, 0xff, 0xff, 0xff, 0xff, 0xfa,
    0x0, 0x2, 0xff, 0xff, 0xff, 0xff, 0xfa, 0x0,
    0x0, 0x3, 0xff, 0xff, 0xfb, 0x0, 0x0, 0x0,
    0x1d, 0xff, 0x4c, 0xff, 0x70, 0x0, 0x0, 0xbf,
    0xf7, 0x2, 0xff, 0xf3, 0x0, 0x7, 0xff, 0xb0,
    0x0, 0x5f, 0xfe, 0x10, 0x4f, 0xfd, 0x0, 0x0,
    0x9, 0xff, 0xb0,

    /* U+2007 " " */

    /* U+2008 " " */

    /* U+2009 " " */

    /* U+200A " " */

    /* U+200B "​" */

    /* U+2010 "‐" */
    0x58, 0x88, 0x88, 0x4b, 0xff, 0xff, 0xf9, 0xbf,
    0xff, 0xff, 0x90,

    /* U+2012 "‒" */
    0xff, 0xff, 0xff, 0xff, 0xff, 0xff, 0xff, 0xf,
    0xff, 0xff, 0xff, 0xff, 0xff, 0xff, 0xf1,

    /* U+2013 "–" */
    0xff, 0xff, 0xff, 0xff, 0xff, 0xf7, 0xff, 0xff,
    0xff, 0xff, 0xff, 0xf8,

    /* U+2014 "—" */
    0xff, 0xff, 0xff, 0xff, 0xff, 0xff, 0xff, 0xff,
    0xff, 0xff, 0xff, 0xff, 0xff, 0xff, 0xff, 0xff,
    0xff, 0xff, 0xff, 0xff, 0xff, 0xff, 0xff,

    /* U+2015 "―" */
    0xff, 0xff, 0xff, 0xff, 0xff, 0xff, 0xff, 0xff,
    0xff, 0xff, 0xff, 0xff, 0xff, 0xff, 0xff, 0xff,
    0xff, 0xff, 0xff, 0xff, 0xff, 0xff, 0xff,

    /* U+2018 "‘" */
    0x0, 0x8f, 0x50, 0xe, 0xf1, 0x4, 0xfc, 0x0,
    0xaf, 0xf1, 0xf, 0xff, 0x80, 0xff, 0xf8, 0x7,
    0xfd, 0x10,

    /* U+2019 "’" */
    0x6, 0xed, 0x20, 0xff, 0xf9, 0xe, 0xff, 0xa0,
    0x5f, 0xf6, 0x2, 0xff, 0x0, 0x6f, 0xa0, 0xa,
    0xf4, 0x0, 0x56, 0x0,

    /* U+201A "‚" */
    0x5, 0xdb, 0x10, 0xef, 0xf9, 0xf, 0xff, 0xa0,
    0x6f, 0xf6, 0x1, 0xff, 0x0, 0x5f, 0xa0, 0x9,
    0xf5, 0x0, 0x67, 0x0,

    /* U+201C "“" */
    0x0, 0x8f, 0x50, 0xa, 0xf3, 0x0, 0xef, 0x10,
    0x1f, 0xe0, 0x4, 0xfc, 0x0, 0x6f, 0xa0, 0xa,
    0xff, 0x10, 0xcf, 0xf0, 0xf, 0xff, 0x81, 0xff,
    0xf6, 0xf, 0xff, 0x82, 0xff, 0xf6, 0x7, 0xfd,
    0x10, 0x8f, 0xc0,

    /* U+201D "”" */
    0x6, 0xed, 0x20, 0x7f, 0xc1, 0xf, 0xff, 0x91,
    0xff, 0xf7, 0xe, 0xff, 0xa1, 0xff, 0xf8, 0x5,
    0xff, 0x60, 0x7f, 0xf4, 0x2, 0xff, 0x0, 0x4f,
    0xe0, 0x6, 0xfa, 0x0, 0x8f, 0x80, 0xa, 0xf4,
    0x0, 0xcf, 0x20, 0x5, 0x60, 0x0, 0x66, 0x0,

    /* U+201E "„" */
    0x5, 0xdb, 0x10, 0x6d, 0xa0, 0xe, 0xff, 0x91,
    0xff, 0xf7, 0xf, 0xff, 0xa1, 0xff, 0xf8, 0x6,
    0xff, 0x60, 0x8f, 0xf4, 0x1, 0xff, 0x0, 0x3f,
    0xe0, 0x5, 0xfa, 0x0, 0x7f, 0x80, 0x9, 0xf5,
    0x0, 0xbf, 0x30, 0x6, 0x70, 0x0, 0x77, 0x0,

    /* U+2020 "†" */
    0x0, 0x0, 0xd, 0xff, 0x0, 0x0, 0x0, 0x0,
    0x0, 0xdf, 0xf0, 0x0, 0x0, 0x0, 0x0, 0xd,
    0xff, 0x0, 0x0, 0x0, 0x0, 0x0, 0xdf, 0xf0,
    0x0, 0x0, 0x0, 0x0, 0xd, 0xff, 0x0, 0x0,
    0x0, 0x0, 0x0, 0xdf, 0xf0, 0x0, 0x0, 0x5f,
    0xff, 0xff, 0xff, 0xff, 0xff, 0x85, 0xff, 0xff,
    0xff, 0xff, 0xff, 0xf8, 0x29, 0x99, 0x9e, 0xff,
    0x99, 0x99, 0x40, 0x0, 0x0, 0xdf, 0xf0, 0x0,
    0x0, 0x0, 0x0, 0xd, 0xff, 0x0, 0x0, 0x0,
    0x0, 0x0, 0xdf, 0xf0, 0x0, 0x0, 0x0, 0x0,
    0xd, 0xff, 0x0, 0x0, 0x0, 0x0, 0x0, 0xdf,
    0xf0, 0x0, 0x0, 0x0, 0x0, 0xd, 0xff, 0x0,
    0x0, 0x0, 0x0, 0x0, 0xdf, 0xf0, 0x0, 0x0,
    0x0, 0x0, 0xd, 0xff, 0x0, 0x0, 0x0, 0x0,
    0x0, 0xdf, 0xf0, 0x0, 0x0, 0x0, 0x0, 0xd,
    0xff, 0x0, 0x0, 0x0, 0x0, 0x0, 0xdf, 0xf0,
    0x0, 0x0, 0x0, 0x0, 0xd, 0xff, 0x0, 0x0,
    0x0, 0x0, 0x0, 0xdf, 0xf0, 0x0, 0x0,

    /* U+2021 "‡" */
    0x0, 0x0, 0xd, 0xff, 0x0, 0x0, 0x0, 0x0,
    0x0, 0xdf, 0xf0, 0x0, 0x0, 0x0, 0x0, 0xd,
    0xff, 0x0, 0x0, 0x0, 0x0, 0x0, 0xdf, 0xf0,
    0x0, 0x0, 0x0, 0x0, 0xd, 0xff, 0x0, 0x0,
    0x0, 0x0, 0x0, 0xdf, 0xf0, 0x0, 0x0, 0x5f,
    0xff, 0xff, 0xff, 0xff, 0xff, 0x85, 0xff, 0xff,
    0xff, 0xff, 0xff, 0xf8, 0x29, 0x99, 0x9e, 0xff,
    0x99, 0x99, 0x40, 0x0, 0x0, 0xdf, 0xf0, 0x0,
    0x0, 0x0, 0x0, 0xd, 0xff, 0x0, 0x0, 0x0,
    0x0, 0x0, 0xdf, 0xf0, 0x0, 0x0, 0x0, 0x0,
    0xd, 0xff, 0x0, 0x0, 0x0, 0x0, 0x0, 0xdf,
    0xf0, 0x0, 0x0, 0x5f, 0xff, 0xff, 0xff, 0xff,
    0xff, 0x85, 0xff, 0xff, 0xff, 0xff, 0xff, 0xf8,
    0x28, 0x88, 0x8e, 0xff, 0x88, 0x88, 0x40, 0x0,
    0x0, 0xdf, 0xf0, 0x0, 0x0, 0x0, 0x0, 0xd,
    0xff, 0x0, 0x0, 0x0, 0x0, 0x0, 0xdf, 0xf0,
    0x0, 0x0, 0x0, 0x0, 0xd, 0xff, 0x0, 0x0,
    0x0, 0x0, 0x0, 0xdf, 0xf0, 0x0, 0x0,

    /* U+2022 "•" */
    0x0, 0x21, 0x0, 0xc, 0xff, 0x80, 0x7f, 0xff,
    0xf2, 0x9f, 0xff, 0xf4, 0x5f, 0xff, 0xf1, 0x8,
    0xfe, 0x40,

    /* U+2026 "…" */
    0x6, 0xed, 0x20, 0xa, 0xfa, 0x0, 0x1c, 0xf7,
    0x0, 0xff, 0xf9, 0x4, 0xff, 0xf5, 0x8, 0xff,
    0xf1, 0xf, 0xff, 0x90, 0x4f, 0xff, 0x50, 0x8f,
    0xff, 0x10, 0x6e, 0xd2, 0x0, 0xaf, 0xa0, 0x1,
    0xcf, 0x70,

    /* U+2030 "‰" */
    0x0, 0x5c, 0xfd, 0x70, 0x0, 0x0, 0x1, 0xff,
    0x30, 0x0, 0x0, 0x0, 0x0, 0x0, 0x5, 0xfe,
    0x9c, 0xf8, 0x0, 0x0, 0xb, 0xf8, 0x0, 0x0,
    0x0, 0x0, 0x0, 0x0, 0xe, 0xf1, 0x0, 0xdf,
    0x10, 0x0, 0x5f, 0xd0, 0x0, 0x0, 0x0, 0x0,
    0x0, 0x0, 0x2f, 0xb0, 0x0, 0x8f, 0x50, 0x1,
    0xef, 0x40, 0x0, 0x0, 0x0, 0x0, 0x0, 0x0,
    0x3f, 0xa0, 0x0, 0x7f, 0x70, 0xa, 0xf9, 0x0,
    0x0, 0x0, 0x0, 0x0, 0x0, 0x0, 0x2f, 0xc0,
    0x0, 0x8f, 0x50, 0x4f, 0xe0, 0x0, 0x0, 0x0,
    0x0, 0x0, 0x0, 0x0, 0xe, 0xf3, 0x1, 0xef,
    0x10, 0xef, 0x40, 0x0, 0x0, 0x0, 0x0, 0x0,
    0x0, 0x0, 0x5, 0xff, 0xbe, 0xf8, 0x9, 0xfa,
    0x0, 0x0, 0x0, 0x0, 0x0, 0x0, 0x0, 0x0,
    0x0, 0x5c, 0xfd, 0x70, 0x3f, 0xe1, 0x9, 0xef,
    0xb3, 0x0, 0x3, 0xcf, 0xe8, 0x0, 0x0, 0x0,
    0x0, 0x0, 0xdf, 0x50, 0xcf, 0xdc, 0xff, 0x20,
    0x3f, 0xfc, 0xef, 0xb0, 0x0, 0x0, 0x0, 0x8,
    0xfb, 0x5, 0xfb, 0x0, 0x7f, 0xa0, 0xbf, 0x50,
    0xd, 0xf3, 0x0, 0x0, 0x0, 0x3f, 0xf1, 0x9,
    0xf4, 0x0, 0xf, 0xe0, 0xfe, 0x0, 0x6, 0xf7,
    0x0, 0x0, 0x0, 0xcf, 0x60, 0xa, 0xf3, 0x0,
    0xe, 0xf1, 0xfc, 0x0, 0x4, 0xf9, 0x0, 0x0,
    0x7, 0xfc, 0x0, 0x9, 0xf4, 0x0, 0xf, 0xe0,
    0xfe, 0x0, 0x6, 0xf7, 0x0, 0x0, 0x2f, 0xf2,
    0x0, 0x5, 0xfa, 0x0, 0x5f, 0xa0, 0xcf, 0x30,
    0xb, 0xf3, 0x0, 0x0, 0xcf, 0x70, 0x0, 0x0,
    0xcf, 0xb9, 0xff, 0x20, 0x3f, 0xe9, 0xbf, 0xb0,
    0x0, 0x6, 0xfd, 0x0, 0x0, 0x0, 0x9, 0xef,
    0xb3, 0x0, 0x3, 0xcf, 0xe8, 0x0,

    /* U+2032 "′" */
    0xbf, 0xba, 0xfb, 0xaf, 0xb9, 0xfa, 0x9f, 0xa9,
    0xf9, 0x5a, 0x60,

    /* U+2033 "″" */
    0xbf, 0xb0, 0x3f, 0xf3, 0xaf, 0xb0, 0x3f, 0xf2,
    0xaf, 0xb0, 0x2f, 0xf2, 0x9f, 0xa0, 0x2f, 0xf1,
    0x9f, 0xa0, 0x2f, 0xf1, 0x9f, 0x90, 0x1f, 0xf0,
    0x5a, 0x60, 0xa, 0xa0,

    /* U+2039 "‹" */
    0x0, 0x0, 0x45, 0x30, 0x0, 0x5f, 0xf4, 0x0,
    0x1e, 0xf9, 0x0, 0xb, 0xfd, 0x0, 0x6, 0xff,
    0x30, 0x0, 0xdf, 0xd0, 0x0, 0x3, 0xff, 0x60,
    0x0, 0x8, 0xff, 0x20, 0x0, 0xc, 0xfc, 0x0,
    0x0, 0x2f, 0xf7,

    /* U+203A "›" */
    0x15, 0x51, 0x0, 0x0, 0xbf, 0xd0, 0x0, 0x2,
    0xff, 0x80, 0x0, 0x6, 0xff, 0x40, 0x0, 0xb,
    0xfe, 0x10, 0x0, 0x4f, 0xf5, 0x0, 0xd, 0xfb,
    0x0, 0x9, 0xfe, 0x10, 0x4, 0xff, 0x50, 0x1,
    0xef, 0xa0, 0x0,

    /* U+2044 "⁄" */
    0x0, 0x0, 0x0, 0x0, 0x0, 0xd, 0xf5, 0x0,
    0x0, 0x0, 0x0, 0x0, 0x8f, 0xb0, 0x0, 0x0,
    0x0, 0x0, 0x3, 0xff, 0x10, 0x0, 0x0, 0x0,
    0x0, 0xc, 0xf6, 0x0, 0x0, 0x0, 0x0, 0x0,
    0x7f, 0xc0, 0x0, 0x0, 0x0, 0x0, 0x2, 0xff,
    0x20, 0x0, 0x0, 0x0, 0x0, 0xc, 0xf7, 0x0,
    0x0, 0x0, 0x0, 0x0, 0x6f, 0xc0, 0x0, 0x0,
    0x0, 0x0, 0x1, 0xff, 0x30, 0x0, 0x0, 0x0,
    0x0, 0xb, 0xf8, 0x0, 0x0, 0x0, 0x0, 0x0,
    0x5f, 0xd0, 0x0, 0x0, 0x0, 0x0, 0x1, 0xef,
    0x30, 0x0, 0x0, 0x0, 0x0, 0xa, 0xf9, 0x0,
    0x0, 0x0, 0x0, 0x0, 0x4f, 0xe0, 0x0, 0x0,
    0x0, 0x0, 0x0, 0xef, 0x40, 0x0, 0x0, 0x0,
    0x0, 0x9, 0xfa, 0x0, 0x0, 0x0, 0x0, 0x0,
    0x3f, 0xe1, 0x0, 0x0, 0x0, 0x0, 0x0,

    /* U+2052 "⁒" */
    0x1d, 0xe4, 0x0, 0xd, 0xf5, 0x7, 0xff, 0xb0,
    0x2, 0xff, 0x0, 0x3f, 0xf8, 0x0, 0x8f, 0xa0,
    0x0, 0x24, 0x0, 0xd, 0xf4, 0x0, 0x0, 0x0,
    0x3, 0xfe, 0x0, 0x0, 0x0, 0x0, 0x8f, 0x90,
    0x0, 0x0, 0x0, 0xe, 0xf4, 0x0, 0x0, 0x0,
    0x3, 0xfe, 0x0, 0x0, 0x0, 0x0, 0x9f, 0x90,
    0x0, 0x0, 0x0, 0xe, 0xf3, 0x0, 0x0, 0x0,
    0x4, 0xfe, 0x0, 0x0, 0x0, 0x0, 0x9f, 0x80,
    0x0, 0x0, 0x0, 0xe, 0xf3, 0x0, 0x0, 0x0,
    0x5, 0xfd, 0x0, 0x4, 0x30, 0x0, 0xaf, 0x80,
    0x8, 0xff, 0x30, 0xf, 0xf2, 0x0, 0xbf, 0xf6,
    0x5, 0xfd, 0x0, 0x4, 0xec, 0x10,

    /* U+20A1 "₡" */
    0x0, 0x0, 0x0, 0x0, 0xde, 0x5, 0xf7, 0x0,
    0x0, 0x0, 0x0, 0x1, 0xfa, 0x8, 0xf3, 0x0,
    0x0, 0x0, 0x0, 0x5, 0xf6, 0xc, 0xf0, 0x0,
    0x0, 0x0, 0x17, 0xbf, 0xff, 0xdf, 0xd0, 0x0,
    0x0, 0x6, 0xff, 0xff, 0xff, 0xff, 0xf8, 0x0,
    0x0, 0x9f, 0xff, 0xff, 0xfd, 0xff, 0xff, 0xa0,
    0x6, 0xff, 0xfb, 0x8f, 0x60, 0xdf, 0xff, 0x50,
    0x1f, 0xff, 0x80, 0x9f, 0x20, 0xfb, 0x34, 0x0,
    0x7f, 0xfc, 0x0, 0xde, 0x4, 0xf7, 0x0, 0x0,
    0xbf, 0xf5, 0x1, 0xfb, 0x8, 0xf3, 0x0, 0x0,
    0xef, 0xf2, 0x4, 0xf7, 0xc, 0xf0, 0x0, 0x0,
    0xff, 0xf0, 0x8, 0xf3, 0xf, 0xc0, 0x0, 0x0,
    0xef, 0xf1, 0xc, 0xf0, 0x3f, 0x80, 0x0, 0x0,
    0xcf, 0xf5, 0xf, 0xb0, 0x7f, 0x40, 0x0, 0x0,
    0x7f, 0xfc, 0x4f, 0x70, 0xbf, 0x0, 0x0, 0x0,
    0x1f, 0xff, 0xff, 0x30, 0xfc, 0x0, 0x34, 0x0,
    0x7, 0xff, 0xff, 0x33, 0xf8, 0x6, 0xff, 0x50,
    0x0, 0x9f, 0xff, 0xff, 0xff, 0xff, 0xff, 0xa0,
    0x0, 0xb, 0xff, 0xff, 0xff, 0xff, 0xf8, 0x0,
    0x0, 0x8, 0xfb, 0xcf, 0xfe, 0xc8, 0x20, 0x0,
    0x0, 0xb, 0xf0, 0x3f, 0x80, 0x0, 0x0, 0x0,
    0x0, 0xf, 0xc0, 0x7f, 0x40, 0x0, 0x0, 0x0,
    0x0, 0x18, 0x40, 0x58, 0x0, 0x0, 0x0, 0x0,

    /* U+20A3 "₣" */
    0x0, 0xf, 0xff, 0xff, 0xff, 0xff, 0xff, 0xc0,
    0x0, 0xff, 0xff, 0xff, 0xff, 0xff, 0xfc, 0x0,
    0xf, 0xff, 0xaa, 0xaa, 0xaa, 0xaa, 0x70, 0x0,
    0xff, 0xf0, 0x0, 0x0, 0x0, 0x0, 0x0, 0xf,
    0xff, 0x0, 0x0, 0x0, 0x0, 0x0, 0x0, 0xff,
    0xf0, 0x0, 0x0, 0x0, 0x0, 0x0, 0xf, 0xff,
    0x0, 0x0, 0x0, 0x0, 0x0, 0x0, 0xff, 0xf0,
    0x0, 0x0, 0x0, 0x0, 0x0, 0xf, 0xff, 0xff,
    0xff, 0xff, 0xfc, 0x0, 0x0, 0xff, 0xff, 0xff,
    0xff, 0xff, 0xc0, 0x0, 0xf, 0xff, 0xaa, 0xaa,
    0xaa, 0xa7, 0x0, 0x0, 0xff, 0xf0, 0x0, 0x0,
    0x0, 0x0, 0x0, 0xf, 0xff, 0x0, 0x0, 0x0,
    0x0, 0x5, 0xff, 0xff, 0xff, 0xff, 0xff, 0x0,
    0x0, 0x3b, 0xbf, 0xff, 0xbb, 0xbb, 0xb0, 0x0,
    0x0, 0x0, 0xff, 0xf0, 0x0, 0x0, 0x0, 0x0,
    0x0, 0xf, 0xff, 0x0, 0x0, 0x0, 0x0, 0x0,

    /* U+20A4 "₤" */
    0x0, 0x0, 0x0, 0x39, 0xde, 0xfe, 0xc7, 0x10,
    0x0, 0x0, 0x8f, 0xff, 0xff, 0xff, 0xf9, 0x0,
    0x0, 0x8f, 0xff, 0xfd, 0xce, 0xff, 0x40, 0x0,
    0x3f, 0xff, 0x80, 0x0, 0x1, 0x60, 0x0, 0x9,
    0xff, 0x90, 0x0, 0x0, 0x0, 0x0, 0x0, 0xcf,
    0xf3, 0x0, 0x0, 0x0, 0x0, 0x5f, 0xff, 0xff,
    0xff, 0xff, 0xfe, 0x0, 0x3, 0xaa, 0xff, 0xfc,
    0xaa, 0xaa, 0x90, 0x0, 0x0, 0xe, 0xff, 0x10,
    0x0, 0x0, 0x0, 0x3, 0xbb, 0xff, 0xfc, 0xbb,
    0xbb, 0x90, 0x0, 0x5f, 0xff, 0xff, 0xff, 0xff,
    0xfe, 0x0, 0x0, 0x0, 0xef, 0xf1, 0x0, 0x0,
    0x0, 0x0, 0x0, 0xe, 0xff, 0x10, 0x0, 0x0,
    0x0, 0x0, 0x0, 0xef, 0xf1, 0x0, 0x0, 0x0,
    0x0, 0x3a, 0xaf, 0xff, 0xba, 0xaa, 0xaa, 0xaa,
    0x35, 0xff, 0xff, 0xff, 0xff, 0xff, 0xff, 0xf6,
    0x5f, 0xff, 0xff, 0xff, 0xff, 0xff, 0xff, 0x60,

    /* U+20A6 "₦" */
    0x0, 0xe, 0xfd, 0x10, 0x0, 0x0, 0x0, 0x9f,
    0xf6, 0x0, 0x0, 0xe, 0xff, 0xb0, 0x0, 0x0,
    0x0, 0x9f, 0xf6, 0x0, 0x0, 0xe, 0xff, 0xf7,
    0x0, 0x0, 0x0, 0x9f, 0xf6, 0x0, 0x0, 0xe,
    0xff, 0xff, 0x40, 0x0, 0x0, 0x9f, 0xf6, 0x0,
    0x0, 0xe, 0xff, 0xff, 0xe1, 0x0, 0x0, 0x9f,
    0xf6, 0x0, 0x0, 0xe, 0xff, 0xff, 0xfc, 0x0,
    0x0, 0x9f, 0xf6, 0x0, 0x5f, 0xff, 0xff, 0xff,
    0xff, 0xff, 0xff, 0xff, 0xff, 0xfc, 0x3a, 0xaf,
    0xff, 0xcf, 0xff, 0xff, 0xaa, 0xff, 0xff, 0xa8,
    0x0, 0xe, 0xff, 0x10, 0xaf, 0xff, 0x20, 0x9f,
    0xf6, 0x0, 0x3b, 0xbf, 0xff, 0xcb, 0xbf, 0xff,
    0xfb, 0xff, 0xff, 0xb8, 0x5f, 0xff, 0xff, 0xff,
    0xff, 0xff, 0xff, 0xff, 0xff, 0xfc, 0x0, 0xe,
    0xff, 0x10, 0x0, 0x5f, 0xff, 0xff, 0xf6, 0x0,
    0x0, 0xe, 0xff, 0x10, 0x0, 0x9, 0xff, 0xff,
    0xf6, 0x0, 0x0, 0xe, 0xff, 0x10, 0x0, 0x0,
    0xcf, 0xff, 0xf6, 0x0, 0x0, 0xe, 0xff, 0x10,
    0x0, 0x0, 0x1e, 0xff, 0xf6, 0x0, 0x0, 0xe,
    0xff, 0x10, 0x0, 0x0, 0x4, 0xff, 0xf6, 0x0,
    0x0, 0xe, 0xff, 0x10, 0x0, 0x0, 0x0, 0x7f,
    0xf6, 0x0,

    /* U+20A7 "₧" */
    0xdf, 0xff, 0xff, 0xfe, 0xd9, 0x30, 0x0, 0x0,
    0x0, 0x0, 0x0, 0x0, 0x0, 0x0, 0x0, 0x0,
    0x0, 0x0, 0xdf, 0xff, 0xff, 0xff, 0xff, 0xf9,
    0x0, 0x0, 0xc, 0xdd, 0x0, 0x0, 0x0, 0x0,
    0x0, 0x0, 0x0, 0x0, 0xdf, 0xfc, 0xaa, 0xac,
    0xef, 0xff, 0x80, 0x0, 0xe, 0xff, 0x0, 0x0,
    0x0, 0x0, 0x0, 0x0, 0x0, 0x0, 0xdf, 0xf2,
    0x0, 0x0, 0x8, 0xff, 0xf1, 0x0, 0xe, 0xff,
    0x0, 0x0, 0x0, 0x0, 0x0, 0x0, 0x0, 0x0,
    0xdf, 0xf2, 0x0, 0x0, 0x0, 0xbf, 0xf7, 0xf,
    0xff, 0xff, 0xff, 0xf4, 0x0, 0x3, 0xae, 0xfe,
    0xdb, 0x60, 0xdf, 0xf2, 0x0, 0x0, 0x0, 0x7f,
    0xf9, 0xf, 0xff, 0xff, 0xff, 0xf4, 0x0, 0x8f,
    0xff, 0xff, 0xff, 0xf2, 0xdf, 0xf2, 0x0, 0x0,
    0x0, 0x7f, 0xf9, 0x6, 0x6f, 0xff, 0x66, 0x61,
    0x3, 0xff, 0xf9, 0x77, 0x9d, 0xb0, 0xdf, 0xf2,
    0x0, 0x0, 0x0, 0xbf, 0xf7, 0x0, 0xe, 0xff,
    0x0, 0x0, 0x7, 0xff, 0x50, 0x0, 0x0, 0x10,
    0xdf, 0xf2, 0x0, 0x0, 0x8, 0xff, 0xf1, 0x0,
    0xe, 0xff, 0x0, 0x0, 0x8, 0xff, 0x90, 0x0,
    0x0, 0x0, 0xdf, 0xfd, 0xaa, 0xac, 0xef, 0xff,
    0x80, 0x0, 0xe, 0xff, 0x0, 0x0, 0x4, 0xff,
    0xfe, 0xb8, 0x50, 0x0, 0xdf, 0xff, 0xff, 0xff,
    0xff, 0xf9, 0x0, 0x0, 0xe, 0xff, 0x0, 0x0,
    0x0, 0x8f, 0xff, 0xff, 0xff, 0x80, 0xdf, 0xff,
    0xff, 0xfe, 0xd9, 0x30, 0x0, 0x0, 0xe, 0xff,
    0x0, 0x0, 0x0, 0x1, 0x7b, 0xdf, 0xff, 0xf7,
    0xdf, 0xf2, 0x0, 0x0, 0x0, 0x0, 0x0, 0x0,
    0xe, 0xff, 0x0, 0x0, 0x0, 0x0, 0x0, 0x0,
    0x7f, 0xfc, 0xdf, 0xf2, 0x0, 0x0, 0x0, 0x0,
    0x0, 0x0, 0xd, 0xff, 0x10, 0x0, 0x0, 0x60,
    0x0, 0x0, 0xf, 0xfc, 0xdf, 0xf2, 0x0, 0x0,
    0x0, 0x0, 0x0, 0x0, 0x9, 0xff, 0xc5, 0x75,
    0x5, 0xfe, 0x96, 0x56, 0xcf, 0xf7, 0xdf, 0xf2,
    0x0, 0x0, 0x0, 0x0, 0x0, 0x0, 0x2, 0xff,
    0xff, 0xfc, 0xb, 0xff, 0xff, 0xff, 0xff, 0xb0,
    0xdf, 0xf2, 0x0, 0x0, 0x0, 0x0, 0x0, 0x0,
    0x0, 0x2b, 0xef, 0xd8, 0x0, 0x5a, 0xdf, 0xfe,
    0xb5, 0x0,

    /* U+20A9 "₩" */
    0xc, 0xff, 0x40, 0x0, 0x0, 0x0, 0x8f, 0xfb,
    0x0, 0x0, 0x0, 0x1, 0xff, 0xd0, 0x7, 0xff,
    0x90, 0x0, 0x0, 0x0, 0xdf, 0xff, 0x0, 0x0,
    0x0, 0x6, 0xff, 0x80, 0x2, 0xff, 0xe0, 0x0,
    0x0, 0x2, 0xff, 0xff, 0x50, 0x0, 0x0, 0xc,
    0xff, 0x30, 0x0, 0xdf, 0xf3, 0x0, 0x0, 0x8,
    0xff, 0xff, 0xa0, 0x0, 0x0, 0x1f, 0xfe, 0x0,
    0x0, 0x8f, 0xf9, 0x0, 0x0, 0xd, 0xff, 0xff,
    0xf0, 0x0, 0x0, 0x6f, 0xf8, 0x0, 0x0, 0x2f,
    0xfe, 0x0, 0x0, 0x2f, 0xfa, 0x9f, 0xf5, 0x0,
    0x0, 0xbf, 0xf3, 0x0, 0x5f, 0xff, 0xff, 0xff,
    0xff, 0xff, 0xff, 0xff, 0xff, 0xff, 0xff, 0xff,
    0xff, 0xf5, 0x3a, 0xaf, 0xff, 0xfa, 0xaa, 0xff,
    0xfb, 0xaf, 0xff, 0xba, 0xaf, 0xff, 0xfa, 0xa3,
    0x0, 0x3, 0xff, 0xd0, 0x3, 0xff, 0xa0, 0x9,
    0xff, 0x40, 0xb, 0xff, 0x30, 0x0, 0x3b, 0xbb,
    0xff, 0xfe, 0xbf, 0xff, 0xfb, 0xbf, 0xff, 0xfb,
    0xcf, 0xff, 0xbb, 0xb3, 0x5f, 0xff, 0xff, 0xff,
    0xff, 0xff, 0xff, 0xff, 0xff, 0xff, 0xff, 0xff,
    0xff, 0xf5, 0x0, 0x0, 0x3f, 0xfd, 0x3f, 0xfa,
    0x0, 0x0, 0x9f, 0xf4, 0xbf, 0xf4, 0x0, 0x0,
    0x0, 0x0, 0xe, 0xff, 0xbf, 0xf4, 0x0, 0x0,
    0x4f, 0xfb, 0xff, 0xe0, 0x0, 0x0, 0x0, 0x0,
    0x9, 0xff, 0xff, 0xf0, 0x0, 0x0, 0xe, 0xff,
    0xff, 0x90, 0x0, 0x0, 0x0, 0x0, 0x3, 0xff,
    0xff, 0xa0, 0x0, 0x0, 0x9, 0xff, 0xff, 0x40,
    0x0, 0x0, 0x0, 0x0, 0x0, 0xef, 0xff, 0x40,
    0x0, 0x0, 0x3, 0xff, 0xfe, 0x0, 0x0, 0x0,
    0x0, 0x0, 0x0, 0x9f, 0xfe, 0x0, 0x0, 0x0,
    0x0, 0xef, 0xf9, 0x0, 0x0, 0x0,

    /* U+20AB "₫" */
    0x0, 0x0, 0x0, 0x0, 0x0, 0xf, 0xfe, 0x0,
    0x0, 0x0, 0x0, 0x0, 0x0, 0xf, 0xfe, 0x0,
    0x0, 0x0, 0x0, 0x7f, 0xff, 0xff, 0xff, 0xfc,
    0x0, 0x0, 0x0, 0x5a, 0xaa, 0xaf, 0xff, 0xa8,
    0x0, 0x0, 0x0, 0x0, 0x0, 0xf, 0xfe, 0x0,
    0x0, 0x0, 0x6c, 0xef, 0xc6, 0xf, 0xfe, 0x0,
    0x0, 0x2d, 0xff, 0xff, 0xff, 0xbf, 0xfe, 0x0,
    0x0, 0xdf, 0xff, 0xb9, 0xbf, 0xff, 0xfe, 0x0,
    0x7, 0xff, 0xd2, 0x0, 0x3, 0xef, 0xfe, 0x0,
    0xd, 0xff, 0x30, 0x0, 0x0, 0x6f, 0xfe, 0x0,
    0xf, 0xfe, 0x0, 0x0, 0x0, 0xf, 0xfe, 0x0,
    0x1f, 0xfc, 0x0, 0x0, 0x0, 0xf, 0xfe, 0x0,
    0xf, 0xfe, 0x0, 0x0, 0x0, 0xf, 0xfe, 0x0,
    0xd, 0xff, 0x40, 0x0, 0x0, 0x6f, 0xfe, 0x0,
    0x7, 0xff, 0xe2, 0x0, 0x3, 0xff, 0xfe, 0x0,
    0x0, 0xdf, 0xff, 0xb9, 0xcf, 0xff, 0xfe, 0x0,
    0x0, 0x2d, 0xff, 0xff, 0xff, 0xce, 0xfe, 0x0,
    0x0, 0x0, 0x6c, 0xef, 0xc7, 0xd, 0xfe, 0x0,
    0x0, 0x0, 0x0, 0x0, 0x0, 0x0, 0x0, 0x0,
    0x6, 0xaa, 0xaa, 0xaa, 0xaa, 0xaa, 0xa9, 0x0,
    0xa, 0xff, 0xff, 0xff, 0xff, 0xff, 0xfe, 0x0,

    /* U+20AC "€" */
    0x0, 0x0, 0x0, 0x1, 0x7c, 0xef, 0xec, 0x82,
    0x0, 0x0, 0x0, 0x0, 0x7f, 0xff, 0xff, 0xff,
    0xff, 0x80, 0x0, 0x0, 0x9, 0xff, 0xff, 0xec,
    0xdf, 0xff, 0xf9, 0x0, 0x0, 0x7f, 0xff, 0xa2,
    0x0, 0x0, 0x7f, 0xf4, 0x0, 0x1, 0xff, 0xf8,
    0x0, 0x0, 0x0, 0x3, 0x30, 0x0, 0x7, 0xff,
    0xc0, 0x0, 0x0, 0x0, 0x0, 0x0, 0x5f, 0xff,
    0xff, 0xff, 0xff, 0xff, 0xf1, 0x0, 0x0, 0x3a,
    0xaf, 0xff, 0xca, 0xaa, 0xaa, 0xa0, 0x0, 0x0,
    0x0, 0xf, 0xff, 0x0, 0x0, 0x0, 0x0, 0x0,
    0x0, 0x5f, 0xff, 0xff, 0xff, 0xff, 0xff, 0xf1,
    0x0, 0x0, 0x3b, 0xbf, 0xff, 0xfb, 0xbb, 0xbb,
    0xb0, 0x0, 0x0, 0x0, 0x7, 0xff, 0xc0, 0x0,
    0x0, 0x0, 0x0, 0x0, 0x0, 0x1, 0xff, 0xf8,
    0x0, 0x0, 0x0, 0x4, 0x50, 0x0, 0x0, 0x7f,
    0xff, 0xa2, 0x0, 0x1, 0x8f, 0xf5, 0x0, 0x0,
    0xa, 0xff, 0xff, 0xdc, 0xcf, 0xff, 0xf9, 0x0,
    0x0, 0x0, 0x7f, 0xff, 0xff, 0xff, 0xff, 0x80,
    0x0, 0x0, 0x0, 0x1, 0x7c, 0xef, 0xec, 0x82,
    0x0,

    /* U+20AD "₭" */
    0x0, 0xf, 0xff, 0x0, 0x0, 0x0, 0xbf, 0xfb,
    0x0, 0x0, 0xff, 0xf0, 0x0, 0x0, 0x7f, 0xfe,
    0x10, 0x0, 0xf, 0xff, 0x0, 0x0, 0x4f, 0xff,
    0x40, 0x0, 0x0, 0xff, 0xf0, 0x0, 0x1e, 0xff,
    0x70, 0x0, 0x0, 0xf, 0xff, 0x0, 0xc, 0xff,
    0xb0, 0x0, 0x0, 0x0, 0xff, 0xf0, 0x8, 0xff,
    0xe1, 0x0, 0x0, 0x0, 0xf, 0xff, 0x4, 0xff,
    0xf3, 0x0, 0x0, 0x0, 0x0, 0xff, 0xf2, 0xef,
    0xf7, 0x0, 0x0, 0x0, 0x5f, 0xff, 0xff, 0xff,
    0xff, 0xff, 0xff, 0x60, 0x4, 0xff, 0xff, 0xff,
    0xff, 0xff, 0xff, 0xf6, 0x0, 0x0, 0xf, 0xff,
    0x1d, 0xff, 0x90, 0x0, 0x0, 0x0, 0x0, 0xff,
    0xf0, 0x2e, 0xff, 0x70, 0x0, 0x0, 0x0, 0xf,
    0xff, 0x0, 0x3f, 0xff, 0x50, 0x0, 0x0, 0x0,
    0xff, 0xf0, 0x0, 0x5f, 0xff, 0x30, 0x0, 0x0,
    0xf, 0xff, 0x0, 0x0, 0x7f, 0xfe, 0x10, 0x0,
    0x0, 0xff, 0xf0, 0x0, 0x0, 0xaf, 0xfc, 0x0,
    0x0, 0xf, 0xff, 0x0, 0x0, 0x0, 0xbf, 0xfb,
    0x0,

    /* U+20AE "₮" */
    0xef, 0xff, 0xff, 0xff, 0xff, 0xff, 0xfc, 0xef,
    0xff, 0xff, 0xff, 0xff, 0xff, 0xfc, 0x8a, 0xaa,
    0xaf, 0xff, 0xfa, 0xaa, 0xa8, 0x0, 0x0, 0x8,
    0xff, 0x70, 0x0, 0x0, 0x0, 0x0, 0x8, 0xff,
    0x70, 0x4, 0x0, 0x0, 0x0, 0x8, 0xff, 0x75,
    0xde, 0x0, 0x0, 0x0, 0x8, 0xff, 0xff, 0xe6,
    0x0, 0x0, 0x0, 0xc, 0xff, 0xf7, 0x0, 0x0,
    0x0, 0x3, 0xbf, 0xff, 0x80, 0x5c, 0x0, 0x0,
    0xaf, 0xff, 0xff, 0xcd, 0xfd, 0x0, 0x0, 0xf9,
    0x18, 0xff, 0xfe, 0x60, 0x0, 0x0, 0x10, 0x4f,
    0xff, 0xe0, 0x0, 0x0, 0x0, 0x3b, 0xff, 0xff,
    0x70, 0x0, 0x0, 0x0, 0xff, 0x89, 0xff, 0x70,
    0x0, 0x0, 0x0, 0x81, 0x8, 0xff, 0x70, 0x0,
    0x0, 0x0, 0x0, 0x8, 0xff, 0x70, 0x0, 0x0,
    0x0, 0x0, 0x8, 0xff, 0x70, 0x0, 0x0,

    /* U+20B1 "₱" */
    0x0, 0xe, 0xff, 0xff, 0xff, 0xed, 0x83, 0x0,
    0x0, 0x0, 0x0, 0xef, 0xff, 0xff, 0xff, 0xff,
    0xf8, 0x0, 0x0, 0x0, 0xe, 0xff, 0xba, 0xaa,
    0xce, 0xff, 0xf7, 0x0, 0x3, 0xaa, 0xff, 0xfc,
    0xaa, 0xaa, 0xbf, 0xff, 0xfb, 0xaa, 0x5f, 0xff,
    0xff, 0xff, 0xff, 0xff, 0xff, 0xff, 0xff, 0xf0,
    0x0, 0xef, 0xf1, 0x0, 0x0, 0x0, 0x8f, 0xf8,
    0x0, 0x0, 0xe, 0xff, 0x10, 0x0, 0x0, 0x8,
    0xff, 0x80, 0x5, 0xff, 0xff, 0xff, 0xff, 0xff,
    0xff, 0xff, 0xff, 0xff, 0x3a, 0xaf, 0xff, 0xca,
    0xaa, 0xab, 0xff, 0xff, 0xba, 0xa0, 0x0, 0xef,
    0xfc, 0xaa, 0xac, 0xff, 0xff, 0x70, 0x0, 0x0,
    0xe, 0xff, 0xff, 0xff, 0xff, 0xff, 0x80, 0x0,
    0x0, 0x0, 0xef, 0xff, 0xff, 0xfe, 0xd9, 0x30,
    0x0, 0x0, 0x0, 0xe, 0xff, 0x10, 0x0, 0x0,
    0x0, 0x0, 0x0, 0x0, 0x0, 0xef, 0xf1, 0x0,
    0x0, 0x0, 0x0, 0x0, 0x0, 0x0, 0xe, 0xff,
    0x10, 0x0, 0x0, 0x0, 0x0, 0x0, 0x0, 0x0,
    0xef, 0xf1, 0x0, 0x0, 0x0, 0x0, 0x0, 0x0,
    0x0, 0xe, 0xff, 0x10, 0x0, 0x0, 0x0, 0x0,
    0x0, 0x0,

    /* U+20B2 "₲" */
    0x0, 0x0, 0x0, 0x9, 0xf5, 0x0, 0x0, 0x0,
    0x0, 0x0, 0x0, 0x9, 0xf5, 0x0, 0x0, 0x0,
    0x0, 0x0, 0x0, 0x9, 0xf5, 0x0, 0x0, 0x0,
    0x0, 0x0, 0x6, 0xbf, 0xff, 0xd9, 0x30, 0x0,
    0x0, 0x6, 0xef, 0xff, 0xff, 0xff, 0xfa, 0x10,
    0x0, 0x8f, 0xff, 0xff, 0xff, 0xff, 0xff, 0xd0,
    0x6, 0xff, 0xfb, 0x39, 0xf5, 0x5, 0xef, 0x70,
    0x1f, 0xff, 0x90, 0x9, 0xf5, 0x0, 0x15, 0x0,
    0x7f, 0xfc, 0x0, 0x9, 0xf5, 0x0, 0x0, 0x0,
    0xbf, 0xf5, 0x0, 0x9, 0xf5, 0x0, 0x0, 0x0,
    0xef, 0xf2, 0x0, 0x9, 0xf5, 0x0, 0x0, 0x0,
    0xff, 0xf0, 0x0, 0x9, 0xf5, 0x0, 0x9b, 0xa0,
    0xef, 0xf2, 0x0, 0x9, 0xf5, 0x0, 0xdf, 0xf0,
    0xcf, 0xf5, 0x0, 0x9, 0xf5, 0x0, 0xdf, 0xf0,
    0x7f, 0xfd, 0x0, 0x9, 0xf5, 0x0, 0xdf, 0xf0,
    0x1f, 0xff, 0x90, 0x9, 0xf5, 0x0, 0xdf, 0xf0,
    0x6, 0xff, 0xfb, 0x29, 0xf5, 0x4, 0xff, 0xf0,
    0x0, 0x9f, 0xff, 0xff, 0xff, 0xff, 0xff, 0xf0,
    0x0, 0x6, 0xff, 0xff, 0xff, 0xff, 0xfd, 0x30,
    0x0, 0x0, 0x17, 0xbf, 0xff, 0xd9, 0x40, 0x0,
    0x0, 0x0, 0x0, 0x9, 0xf5, 0x0, 0x0, 0x0,
    0x0, 0x0, 0x0, 0x9, 0xf5, 0x0, 0x0, 0x0,
    0x0, 0x0, 0x0, 0x4, 0x82, 0x0, 0x0, 0x0,

    /* U+20B4 "₴" */
    0x0, 0x0, 0x6a, 0xdf, 0xfe, 0xb6, 0x0, 0x0,
    0x0, 0x0, 0xef, 0xff, 0xff, 0xff, 0xfd, 0x20,
    0x0, 0x0, 0xb, 0xff, 0xca, 0xac, 0xff, 0xfe,
    0x0, 0x0, 0x0, 0x45, 0x0, 0x0, 0x1, 0xdf,
    0xf6, 0x0, 0x0, 0x0, 0x0, 0x0, 0x0, 0x5,
    0xff, 0x90, 0x0, 0x0, 0x0, 0x0, 0x0, 0x0,
    0x9f, 0xf9, 0x0, 0x3f, 0xff, 0xff, 0xff, 0xff,
    0xff, 0xff, 0xff, 0x12, 0xaa, 0xaa, 0xaa, 0xaa,
    0xaa, 0xaa, 0xaa, 0xa0, 0x0, 0x0, 0x0, 0x0,
    0x0, 0x0, 0x0, 0x0, 0x3, 0xff, 0xff, 0xff,
    0xff, 0xff, 0xff, 0xff, 0xf1, 0x2a, 0xff, 0xff,
    0xfb, 0xaa, 0xaa, 0xaa, 0xaa, 0x0, 0xc, 0xff,
    0x50, 0x0, 0x0, 0x0, 0x0, 0x0, 0x0, 0xcf,
    0xf3, 0x0, 0x0, 0x0, 0x0, 0x0, 0x0, 0x8,
    0xff, 0xb0, 0x0, 0x0, 0x16, 0xd5, 0x0, 0x0,
    0x1f, 0xff, 0xfb, 0xaa, 0xdf, 0xff, 0xa0, 0x0,
    0x0, 0x3e, 0xff, 0xff, 0xff, 0xff, 0xe6, 0x0,
    0x0, 0x0, 0x7, 0xce, 0xff, 0xda, 0x50, 0x0,
    0x0,

    /* U+20B5 "₵" */
    0x0, 0x0, 0x0, 0x9, 0xf5, 0x0, 0x0, 0x0,
    0x0, 0x0, 0x0, 0x9, 0xf5, 0x0, 0x0, 0x0,
    0x0, 0x0, 0x0, 0x9, 0xf5, 0x0, 0x0, 0x0,
    0x0, 0x0, 0x17, 0xbf, 0xff, 0xc8, 0x20, 0x0,
    0x0, 0x6, 0xff, 0xff, 0xff, 0xff, 0xf8, 0x0,
    0x0, 0x9f, 0xff, 0xff, 0xff, 0xff, 0xff, 0xa0,
    0x6, 0xff, 0xfb, 0x39, 0xf5, 0x7, 0xff, 0x50,
    0x1f, 0xff, 0x80, 0x9, 0xf5, 0x0, 0x34, 0x0,
    0x7f, 0xfc, 0x0, 0x9, 0xf5, 0x0, 0x0, 0x0,
    0xbf, 0xf5, 0x0, 0x9, 0xf5, 0x0, 0x0, 0x0,
    0xef, 0xf2, 0x0, 0x9, 0xf5, 0x0, 0x0, 0x0,
    0xff, 0xf0, 0x0, 0x9, 0xf5, 0x0, 0x0, 0x0,
    0xef, 0xf1, 0x0, 0x9, 0xf5, 0x0, 0x0, 0x0,
    0xcf, 0xf5, 0x0, 0x9, 0xf5, 0x0, 0x0, 0x0,
    0x7f, 0xfc, 0x0, 0x9, 0xf5, 0x0, 0x0, 0x0,
    0x1f, 0xff, 0x80, 0x9, 0xf5, 0x0, 0x34, 0x0,
    0x7, 0xff, 0xfb, 0x29, 0xf5, 0x6, 0xff, 0x50,
    0x0, 0x9f, 0xff, 0xff, 0xff, 0xff, 0xff, 0xa0,
    0x0, 0x7, 0xff, 0xff, 0xff, 0xff, 0xf8, 0x0,
    0x0, 0x0, 0x17, 0xcf, 0xff, 0xc8, 0x20, 0x0,
    0x0, 0x0, 0x0, 0x9, 0xf5, 0x0, 0x0, 0x0,
    0x0, 0x0, 0x0, 0x9, 0xf5, 0x0, 0x0, 0x0,
    0x0, 0x0, 0x0, 0x4, 0x82, 0x0, 0x0, 0x0,

    /* U+20B8 "₸" */
    0x6f, 0xff, 0xff, 0xff, 0xff, 0xff, 0xff, 0x44,
    0xbb, 0xbb, 0xbb, 0xbb, 0xbb, 0xbb, 0xb2, 0x0,
    0x0, 0x0, 0x0, 0x0, 0x0, 0x0, 0x4, 0xbb,
    0xbb, 0xbb, 0xbb, 0xbb, 0xbb, 0xb2, 0x6f, 0xff,
    0xff, 0xff, 0xff, 0xff, 0xff, 0x40, 0x0, 0x0,
    0xf, 0xfe, 0x0, 0x0, 0x0, 0x0, 0x0, 0x0,
    0xff, 0xe0, 0x0, 0x0, 0x0, 0x0, 0x0, 0xf,
    0xfe, 0x0, 0x0, 0x0, 0x0, 0x0, 0x0, 0xff,
    0xe0, 0x0, 0x0, 0x0, 0x0, 0x0, 0xf, 0xfe,
    0x0, 0x0, 0x0, 0x0, 0x0, 0x0, 0xff, 0xe0,
    0x0, 0x0, 0x0, 0x0, 0x0, 0xf, 0xfe, 0x0,
    0x0, 0x0, 0x0, 0x0, 0x0, 0xff, 0xe0, 0x0,
    0x0, 0x0, 0x0, 0x0, 0xf, 0xfe, 0x0, 0x0,
    0x0, 0x0, 0x0, 0x0, 0xff, 0xe0, 0x0, 0x0,
    0x0, 0x0, 0x0, 0xf, 0xfe, 0x0, 0x0, 0x0,
    0x0, 0x0, 0x0, 0xff, 0xe0, 0x0, 0x0, 0x0,

    /* U+20B9 "₹" */
    0x1, 0x11, 0x11, 0x11, 0x11, 0x11, 0x11, 0x10,
    0x3f, 0xff, 0xff, 0xff, 0xff, 0xff, 0xff, 0xf7,
    0x18, 0x88, 0x88, 0x8a, 0xef, 0xff, 0x88, 0x83,
    0x0, 0x0, 0x0, 0x0, 0xb, 0xff, 0x90, 0x0,
    0x2e, 0xee, 0xee, 0xee, 0xef, 0xff, 0xff, 0xe6,
    0x2b, 0xbb, 0xbb, 0xbb, 0xbb, 0xff, 0xfe, 0xb5,
    0x0, 0x0, 0x0, 0x0, 0x0, 0xcf, 0xf4, 0x0,
    0x0, 0x0, 0x0, 0x0, 0x2, 0xff, 0xf2, 0x0,
    0x0, 0x0, 0x0, 0x0, 0x4d, 0xff, 0xc0, 0x0,
    0x0, 0xce, 0xee, 0xef, 0xff, 0xfe, 0x20, 0x0,
    0x0, 0xdf, 0xff, 0xff, 0xff, 0xc2, 0x0, 0x0,
    0x0, 0x8a, 0xaa, 0xdf, 0xff, 0x10, 0x0, 0x0,
    0x0, 0x0, 0x0, 0x8, 0xff, 0xa0, 0x0, 0x0,
    0x0, 0x0, 0x0, 0x0, 0xdf, 0xf5, 0x0, 0x0,
    0x0, 0x0, 0x0, 0x0, 0x3f, 0xfe, 0x10, 0x0,
    0x0, 0x0, 0x0, 0x0, 0x9, 0xff, 0xa0, 0x0,
    0x0, 0x0, 0x0, 0x0, 0x0, 0xef, 0xf4, 0x0,

    /* U+20BA "₺" */
    0x0, 0xe, 0xff, 0x0, 0x0, 0x1, 0x0, 0x0,
    0x0, 0xe, 0xff, 0x0, 0x0, 0x8d, 0x0, 0x0,
    0x0, 0xe, 0xff, 0x0, 0x6e, 0xfa, 0x0, 0x0,
    0x0, 0xe, 0xff, 0x5d, 0xfd, 0x40, 0x0, 0x0,
    0x0, 0xe, 0xff, 0xfe, 0x60, 0x18, 0x0, 0x0,
    0x0, 0x1f, 0xff, 0x80, 0x8, 0xfe, 0x0, 0x0,
    0x7, 0xff, 0xff, 0x6, 0xef, 0xb2, 0x0, 0x0,
    0x5f, 0xbf, 0xff, 0xdf, 0xd4, 0x0, 0x0, 0x0,
    0x34, 0xf, 0xff, 0xf6, 0x0, 0x0, 0x9, 0x98,
    0x1, 0x9f, 0xff, 0x10, 0x0, 0x0, 0x2f, 0xfd,
    0x3f, 0xff, 0xff, 0x0, 0x0, 0x0, 0x5f, 0xfb,
    0x5b, 0x3e, 0xff, 0x0, 0x0, 0x0, 0xbf, 0xf7,
    0x0, 0xe, 0xff, 0x0, 0x0, 0x5, 0xff, 0xf1,
    0x0, 0xe, 0xff, 0x0, 0x0, 0x7f, 0xff, 0x80,
    0x0, 0xe, 0xff, 0xaa, 0xcf, 0xff, 0xfa, 0x0,
    0x0, 0xe, 0xff, 0xff, 0xff, 0xff, 0x70, 0x0,
    0x0, 0xe, 0xff, 0xff, 0xda, 0x61, 0x0, 0x0,

    /* U+20BC "₼" */
    0x0, 0x0, 0x0, 0x3, 0x83, 0x0, 0x0, 0x0,
    0x0, 0x0, 0x0, 0x0, 0x6f, 0x70, 0x0, 0x0,
    0x0, 0x0, 0x0, 0x0, 0x6, 0xf7, 0x0, 0x0,
    0x0, 0x0, 0x0, 0x1, 0x7c, 0xff, 0xfc, 0x71,
    0x0, 0x0, 0x0, 0x5, 0xff, 0xff, 0xff, 0xff,
    0xf5, 0x0, 0x0, 0x7, 0xff, 0xff, 0xff, 0xff,
    0xff, 0xf7, 0x0, 0x3, 0xff, 0xf8, 0x16, 0xf7,
    0x18, 0xff, 0xf3, 0x0, 0xdf, 0xf5, 0x0, 0x6f,
    0x70, 0x5, 0xff, 0xd0, 0x4f, 0xfb, 0x0, 0x6,
    0xf7, 0x0, 0xb, 0xff, 0x48, 0xff, 0x50, 0x0,
    0x6f, 0x70, 0x0, 0x5f, 0xf8, 0xbf, 0xf1, 0x0,
    0x6, 0xf7, 0x0, 0x1, 0xff, 0xbc, 0xff, 0x0,
    0x0, 0x6f, 0x70, 0x0, 0xf, 0xfc, 0xdf, 0xf0,
    0x0, 0x6, 0xf7, 0x0, 0x0, 0xef, 0xdd, 0xff,
    0x0, 0x0, 0x6f, 0x70, 0x0, 0xe, 0xfd, 0xdf,
    0xf0, 0x0, 0x6, 0xf7, 0x0, 0x0, 0xef, 0xdd,
    0xff, 0x0, 0x0, 0x6f, 0x70, 0x0, 0xe, 0xfd,
    0xdf, 0xf0, 0x0, 0x6, 0xf7, 0x0, 0x0, 0xef,
    0xdd, 0xff, 0x0, 0x0, 0x2, 0x0, 0x0, 0xe,
    0xfd, 0xdf, 0xf0, 0x0, 0x0, 0x0, 0x0, 0x0,
    0xef, 0xdd, 0xff, 0x0, 0x0, 0x0, 0x0, 0x0,
    0xe, 0xfd,

    /* U+20BD "₽" */
    0x0, 0xf, 0xff, 0xff, 0xff, 0xfd, 0x93, 0x0,
    0x0, 0x0, 0xff, 0xff, 0xff, 0xff, 0xff, 0xf9,
    0x0, 0x0, 0xf, 0xff, 0xaa, 0xaa, 0xce, 0xff,
    0xf8, 0x0, 0x0, 0xff, 0xf0, 0x0, 0x0, 0x9,
    0xff, 0xf1, 0x0, 0xf, 0xff, 0x0, 0x0, 0x0,
    0xd, 0xff, 0x40, 0x0, 0xff, 0xf0, 0x0, 0x0,
    0x0, 0xaf, 0xf6, 0x0, 0xf, 0xff, 0x0, 0x0,
    0x0, 0xb, 0xff, 0x50, 0x0, 0xff, 0xf0, 0x0,
    0x0, 0x2, 0xff, 0xf3, 0x0, 0xf, 0xff, 0x0,
    0x0, 0x15, 0xdf, 0xfd, 0x0, 0x0, 0xff, 0xff,
    0xff, 0xff, 0xff, 0xff, 0x30, 0x0, 0xf, 0xff,
    0xff, 0xff, 0xff, 0xfb, 0x20, 0x0, 0x0, 0xff,
    0xf8, 0x88, 0x87, 0x52, 0x0, 0x0, 0x0, 0xf,
    0xff, 0x0, 0x0, 0x0, 0x0, 0x0, 0x5, 0xff,
    0xff, 0xff, 0xff, 0xff, 0x0, 0x0, 0x0, 0x3b,
    0xbf, 0xff, 0xbb, 0xbb, 0xb0, 0x0, 0x0, 0x0,
    0x0, 0xff, 0xf0, 0x0, 0x0, 0x0, 0x0, 0x0,
    0x0, 0xf, 0xff, 0x0, 0x0, 0x0, 0x0, 0x0,
    0x0,

    /* U+20BF "₿" */
    0x0, 0x0, 0x68, 0x10, 0x78, 0x0, 0x0, 0x0,
    0x0, 0xc, 0xf2, 0xe, 0xf0, 0x0, 0x0, 0x0,
    0x0, 0xcf, 0x20, 0xef, 0x0, 0x0, 0x4, 0xff,
    0xff, 0xff, 0xff, 0xfb, 0x60, 0x0, 0x4f, 0xff,
    0xff, 0xff, 0xff, 0xff, 0xd1, 0x4, 0xff, 0xd7,
    0x77, 0x78, 0xbf, 0xff, 0xb0, 0x4f, 0xfb, 0x0,
    0x0, 0x0, 0x4f, 0xff, 0x14, 0xff, 0xb0, 0x0,
    0x0, 0x0, 0xef, 0xf2, 0x4f, 0xfb, 0x0, 0x0,
    0x0, 0xf, 0xff, 0x14, 0xff, 0xb0, 0x0, 0x0,
    0x3b, 0xff, 0xb0, 0x4f, 0xff, 0xff, 0xff, 0xff,
    0xff, 0xe2, 0x4, 0xff, 0xff, 0xff, 0xff, 0xff,
    0xf8, 0x0, 0x4f, 0xfe, 0x77, 0x77, 0x78, 0xcf,
    0xfc, 0x4, 0xff, 0xb0, 0x0, 0x0, 0x0, 0x8f,
    0xf8, 0x4f, 0xfb, 0x0, 0x0, 0x0, 0x1, 0xff,
    0xe4, 0xff, 0xb0, 0x0, 0x0, 0x0, 0x1f, 0xff,
    0x4f, 0xfb, 0x0, 0x0, 0x0, 0x8, 0xff, 0xd4,
    0xff, 0xd7, 0x77, 0x77, 0x8c, 0xff, 0xf8, 0x4f,
    0xff, 0xff, 0xff, 0xff, 0xff, 0xfb, 0x4, 0xff,
    0xff, 0xff, 0xff, 0xfd, 0xa4, 0x0, 0x0, 0x0,
    0xcf, 0x20, 0xef, 0x0, 0x0, 0x0, 0x0, 0xc,
    0xf2, 0xe, 0xf0, 0x0, 0x0, 0x0, 0x0, 0xcf,
    0x20, 0xef, 0x0, 0x0, 0x0,

    /* U+2190 "←" */
    0x0, 0x0, 0x11, 0x0, 0x0, 0x0, 0x0, 0x3,
    0xff, 0x50, 0x0, 0x0, 0x0, 0xd, 0xfb, 0x0,
    0x0, 0x0, 0x0, 0x8f, 0xf2, 0x0, 0x0, 0x0,
    0x3, 0xff, 0xa2, 0x22, 0x22, 0x20, 0xd, 0xff,
    0xff, 0xff, 0xff, 0xf5, 0xb, 0xff, 0xff, 0xff,
    0xff, 0xf5, 0x1, 0xff, 0xa0, 0x0, 0x0, 0x0,
    0x0, 0x6f, 0xf4, 0x0, 0x0, 0x0, 0x0, 0xb,
    0xfd, 0x0, 0x0, 0x0, 0x0, 0x1, 0xdd, 0x60,
    0x0, 0x0,

    /* U+2191 "↑" */
    0x0, 0x0, 0x6, 0x40, 0x0, 0x0, 0x0, 0x1b,
    0xff, 0x90, 0x0, 0x0, 0x5f, 0xff, 0xff, 0xd3,
    0x0, 0xbf, 0xff, 0xff, 0xef, 0xf8, 0xf, 0xe6,
    0x3f, 0xf1, 0x8f, 0xd0, 0xa1, 0x3, 0xff, 0x0,
    0x29, 0x0, 0x0, 0x3f, 0xf0, 0x0, 0x0, 0x0,
    0x3, 0xff, 0x0, 0x0, 0x0, 0x0, 0x3f, 0xf0,
    0x0, 0x0, 0x0, 0x3, 0xff, 0x0, 0x0, 0x0,
    0x0, 0x3f, 0xf0, 0x0, 0x0,

    /* U+2192 "→" */
    0x0, 0x0, 0x0, 0x0, 0x0, 0x0, 0x0, 0x0,
    0xdf, 0xa0, 0x0, 0x0, 0x0, 0x4, 0xff, 0x50,
    0x0, 0x0, 0x0, 0xa, 0xfe, 0x10, 0x12, 0x22,
    0x22, 0x3f, 0xfb, 0xd, 0xff, 0xff, 0xff, 0xff,
    0xf5, 0xdf, 0xff, 0xff, 0xff, 0xff, 0x30, 0x0,
    0x0, 0x2, 0xff, 0x80, 0x0, 0x0, 0x0, 0xbf,
    0xd0, 0x0, 0x0, 0x0, 0x5f, 0xf3, 0x0, 0x0,
    0x0, 0xc, 0xe8, 0x0, 0x0,

    /* U+2193 "↓" */
    0x0, 0x0, 0x88, 0x10, 0x0, 0x0, 0x0, 0xff,
    0x30, 0x0, 0x0, 0x0, 0xff, 0x30, 0x0, 0x0,
    0x0, 0xff, 0x30, 0x0, 0x0, 0x0, 0xff, 0x30,
    0x0, 0x40, 0x0, 0xff, 0x30, 0x3, 0xdb, 0x20,
    0xff, 0x31, 0x9f, 0xcf, 0xf8, 0xff, 0x9e, 0xff,
    0x1b, 0xff, 0xff, 0xff, 0xc2, 0x0, 0x5e, 0xff,
    0xf7, 0x0, 0x0, 0x1, 0xbd, 0x30, 0x0, 0x0,
    0x0, 0x0, 0x0, 0x0,

    /* U+2194 "↔" */
    0x0, 0x0, 0x11, 0x0, 0x0, 0x1, 0x10, 0x0,
    0x0, 0x0, 0x2f, 0xf6, 0x0, 0x0, 0xef, 0x90,
    0x0, 0x0, 0xc, 0xfc, 0x0, 0x0, 0x5, 0xff,
    0x40, 0x0, 0x7, 0xff, 0x20, 0x0, 0x0, 0xb,
    0xfe, 0x0, 0x2, 0xff, 0xa2, 0x22, 0x22, 0x22,
    0x4f, 0xf9, 0x0, 0xcf, 0xff, 0xff, 0xff, 0xff,
    0xff, 0xff, 0xf4, 0xa, 0xff, 0xff, 0xff, 0xff,
    0xff, 0xff, 0xff, 0x20, 0x1e, 0xfa, 0x0, 0x0,
    0x0, 0x3, 0xff, 0x70, 0x0, 0x5f, 0xf4, 0x0,
    0x0, 0x0, 0xdf, 0xc0, 0x0, 0x0, 0xaf, 0xd0,
    0x0, 0x0, 0x7f, 0xf2, 0x0, 0x0, 0x1, 0xdd,
    0x60, 0x0, 0x1d, 0xd7, 0x0, 0x0,

    /* U+2195 "↕" */
    0x0, 0x0, 0x1, 0x0, 0x0, 0x0, 0x0, 0x6,
    0xfd, 0x40, 0x0, 0x0, 0x1b, 0xff, 0xff, 0x90,
    0x0, 0x5e, 0xff, 0xff, 0xff, 0xd3, 0xf, 0xfc,
    0x6f, 0xf4, 0xdf, 0xd0, 0xe6, 0x3, 0xff, 0x0,
    0x8c, 0x1, 0x0, 0x3f, 0xf0, 0x0, 0x10, 0x0,
    0x3, 0xff, 0x0, 0x0, 0x0, 0x0, 0x3f, 0xf0,
    0x0, 0x0, 0x10, 0x3, 0xff, 0x0, 0x1, 0xe,
    0x50, 0x3f, 0xf0, 0x7, 0xc0, 0xff, 0xb5, 0xff,
    0x4d, 0xfc, 0x6, 0xff, 0xff, 0xff, 0xfd, 0x30,
    0x2, 0xcf, 0xff, 0xf9, 0x0, 0x0, 0x0, 0x7f,
    0xe4, 0x0, 0x0, 0x0, 0x0, 0x21, 0x0, 0x0,

    /* U+2196 "↖" */
    0x0, 0x0, 0x0, 0x42, 0x0, 0x2, 0x7a, 0xdf,
    0xfe, 0x20, 0xb, 0xff, 0xff, 0xc9, 0x40, 0xe,
    0xff, 0xf1, 0x0, 0x0, 0x1f, 0xff, 0xfb, 0x0,
    0x0, 0x4f, 0xb9, 0xff, 0xb0, 0x0, 0x7f, 0x70,
    0x9f, 0xfb, 0x0, 0x9f, 0x40, 0x9, 0xff, 0xb0,
    0x1c, 0x0, 0x0, 0x9f, 0xf6, 0x0, 0x0, 0x0,
    0x9, 0x90, 0x0, 0x0, 0x0, 0x0, 0x0,

    /* U+2197 "↗" */
    0x0, 0x12, 0x0, 0x0, 0x0, 0x0, 0xcf, 0xeb,
    0x85, 0x10, 0x4, 0xae, 0xff, 0xff, 0xc0, 0x0,
    0x0, 0x2e, 0xff, 0xf0, 0x0, 0x0, 0x8f, 0xff,
    0xf3, 0x0, 0x8, 0xff, 0xcb, 0xf6, 0x0, 0x8f,
    0xfc, 0x6, 0xf9, 0x8, 0xff, 0xc0, 0x3, 0xfc,
    0x5f, 0xfc, 0x0, 0x0, 0xe3, 0xa, 0xc0, 0x0,
    0x0, 0x10, 0x0, 0x0, 0x0, 0x0, 0x0,

    /* U+2198 "↘" */
    0x0, 0x0, 0x0, 0x0, 0x0, 0x7, 0xa0, 0x0,
    0x0, 0x0, 0x4f, 0xfa, 0x0, 0x0, 0xc1, 0xa,
    0xff, 0xa0, 0x2, 0xfb, 0x0, 0xaf, 0xfa, 0x5,
    0xf9, 0x0, 0xa, 0xff, 0xa9, 0xf6, 0x0, 0x0,
    0xaf, 0xff, 0xf3, 0x0, 0x0, 0xd, 0xff, 0xf0,
    0x3, 0x8b, 0xff, 0xff, 0xd0, 0x2, 0xef, 0xfe,
    0xb8, 0x30, 0x0, 0x25, 0x10, 0x0, 0x0,

    /* U+2199 "↙" */
    0x0, 0x0, 0x0, 0x0, 0x0, 0x1, 0x0, 0x0,
    0xa, 0xb0, 0x1e, 0x10, 0x0, 0xaf, 0xf7, 0xaf,
    0x40, 0xa, 0xff, 0xa0, 0x7f, 0x80, 0xaf, 0xfa,
    0x0, 0x4f, 0xca, 0xff, 0xa0, 0x0, 0x1f, 0xff,
    0xfa, 0x0, 0x0, 0xd, 0xff, 0xf2, 0x0, 0x0,
    0xa, 0xff, 0xff, 0xea, 0x40, 0x1, 0x58, 0xbf,
    0xfe, 0x10, 0x0, 0x0, 0x0, 0x21, 0x0
};


/*---------------------
 *  GLYPH DESCRIPTION
 *--------------------*/

static const lv_font_fmt_txt_glyph_dsc_t glyph_dsc[] = {
    {.bitmap_index = 0, .adv_w = 0, .box_w = 0, .box_h = 0, .ofs_x = 0, .ofs_y = 0} /* id = 0 reserved */,
    {.bitmap_index = 0, .adv_w = 102, .box_w = 0, .box_h = 0, .ofs_x = 0, .ofs_y = 0},
    {.bitmap_index = 0, .adv_w = 102, .box_w = 5, .box_h = 17, .ofs_x = 1, .ofs_y = 0},
    {.bitmap_index = 43, .adv_w = 152, .box_w = 8, .box_h = 7, .ofs_x = 1, .ofs_y = 10},
    {.bitmap_index = 71, .adv_w = 262, .box_w = 16, .box_h = 17, .ofs_x = 0, .ofs_y = 0},
    {.bitmap_index = 207, .adv_w = 231, .box_w = 14, .box_h = 23, .ofs_x = 0, .ofs_y = -3},
    {.bitmap_index = 368, .adv_w = 316, .box_w = 20, .box_h = 17, .ofs_x = 0, .ofs_y = 0},
    {.bitmap_index = 538, .adv_w = 260, .box_w = 16, .box_h = 18, .ofs_x = 0, .ofs_y = -1},
    {.bitmap_index = 682, .adv_w = 81, .box_w = 3, .box_h = 7, .ofs_x = 1, .ofs_y = 10},
    {.bitmap_index = 693, .adv_w = 128, .box_w = 7, .box_h = 23, .ofs_x = 1, .ofs_y = -5},
    {.bitmap_index = 774, .adv_w = 128, .box_w = 7, .box_h = 23, .ofs_x = 0, .ofs_y = -5},
    {.bitmap_index = 855, .adv_w = 153, .box_w = 10, .box_h = 10, .ofs_x = 0, .ofs_y = 8},
    {.bitmap_index = 905, .adv_w = 217, .box_w = 12, .box_h = 11, .ofs_x = 1, .ofs_y = 3},
    {.bitmap_index = 971, .adv_w = 90, .box_w = 5, .box_h = 8, .ofs_x = 0, .ofs_y = -4},
    {.bitmap_index = 991, .adv_w = 142, .box_w = 7, .box_h = 3, .ofs_x = 1, .ofs_y = 5},
    {.bitmap_index = 1002, .adv_w = 90, .box_w = 5, .box_h = 4, .ofs_x = 0, .ofs_y = 0},
    {.bitmap_index = 1012, .adv_w = 137, .box_w = 11, .box_h = 23, .ofs_x = -1, .ofs_y = -2},
    {.bitmap_index = 1139, .adv_w = 248, .box_w = 14, .box_h = 17, .ofs_x = 1, .ofs_y = 0},
    {.bitmap_index = 1258, .adv_w = 140, .box_w = 7, .box_h = 17, .ofs_x = 0, .ofs_y = 0},
    {.bitmap_index = 1318, .adv_w = 214, .box_w = 13, .box_h = 17, .ofs_x = 0, .ofs_y = 0},
    {.bitmap_index = 1429, .adv_w = 214, .box_w = 13, .box_h = 17, .ofs_x = 0, .ofs_y = 0},
    {.bitmap_index = 1540, .adv_w = 250, .box_w = 16, .box_h = 17, .ofs_x = 0, .ofs_y = 0},
    {.bitmap_index = 1676, .adv_w = 215, .box_w = 13, .box_h = 17, .ofs_x = 0, .ofs_y = 0},
    {.bitmap_index = 1787, .adv_w = 231, .box_w = 13, .box_h = 17, .ofs_x = 1, .ofs_y = 0},
    {.bitmap_index = 1898, .adv_w = 224, .box_w = 14, .box_h = 17, .ofs_x = 0, .ofs_y = 0},
    {.bitmap_index = 2017, .adv_w = 240, .box_w = 15, .box_h = 17, .ofs_x = 0, .ofs_y = 0},
    {.bitmap_index = 2145, .adv_w = 231, .box_w = 14, .box_h = 17, .ofs_x = 0, .ofs_y = 0},
    {.bitmap_index = 2264, .adv_w = 90, .box_w = 5, .box_h = 13, .ofs_x = 0, .ofs_y = 0},
    {.bitmap_index = 2297, .adv_w = 90, .box_w = 5, .box_h = 17, .ofs_x = 0, .ofs_y = -4},
    {.bitmap_index = 2340, .adv_w = 217, .box_w = 12, .box_h = 13, .ofs_x = 1, .ofs_y = 2},
    {.bitmap_index = 2418, .adv_w = 217, .box_w = 12, .box_h = 9, .ofs_x = 1, .ofs_y = 4},
    {.bitmap_index = 2472, .adv_w = 217, .box_w = 12, .box_h = 13, .ofs_x = 1, .ofs_y = 2},
    {.bitmap_index = 2550, .adv_w = 214, .box_w = 12, .box_h = 17, .ofs_x = 0, .ofs_y = 0},
    {.bitmap_index = 2652, .adv_w = 381, .box_w = 22, .box_h = 22, .ofs_x = 1, .ofs_y = -5},
    {.bitmap_index = 2894, .adv_w = 276, .box_w = 19, .box_h = 17, .ofs_x = -1, .ofs_y = 0},
    {.bitmap_index = 3056, .adv_w = 280, .box_w = 15, .box_h = 17, .ofs_x = 2, .ofs_y = 0},
    {.bitmap_index = 3184, .adv_w = 264, .box_w = 16, .box_h = 17, .ofs_x = 1, .ofs_y = 0},
    {.bitmap_index = 3320, .adv_w = 304, .box_w = 16, .box_h = 17, .ofs_x = 2, .ofs_y = 0},
    {.bitmap_index = 3456, .adv_w = 247, .box_w = 13, .box_h = 17, .ofs_x = 2, .ofs_y = 0},
    {.bitmap_index = 3567, .adv_w = 234, .box_w = 12, .box_h = 17, .ofs_x = 2, .ofs_y = 0},
    {.bitmap_index = 3669, .adv_w = 284, .box_w = 16, .box_h = 17, .ofs_x = 1, .ofs_y = 0},
    {.bitmap_index = 3805, .adv_w = 298, .box_w = 15, .box_h = 17, .ofs_x = 2, .ofs_y = 0},
    {.bitmap_index = 3933, .adv_w = 117, .box_w = 4, .box_h = 17, .ofs_x = 2, .ofs_y = 0},
    {.bitmap_index = 3967, .adv_w = 194, .box_w = 12, .box_h = 17, .ofs_x = -1, .ofs_y = 0},
    {.bitmap_index = 4069, .adv_w = 268, .box_w = 15, .box_h = 17, .ofs_x = 2, .ofs_y = 0},
    {.bitmap_index = 4197, .adv_w = 220, .box_w = 12, .box_h = 17, .ofs_x = 2, .ofs_y = 0},
    {.bitmap_index = 4299, .adv_w = 351, .box_w = 18, .box_h = 17, .ofs_x = 2, .ofs_y = 0},
    {.bitmap_index = 4452, .adv_w = 298, .box_w = 15, .box_h = 17, .ofs_x = 2, .ofs_y = 0},
    {.bitmap_index = 4580, .adv_w = 310, .box_w = 18, .box_h = 17, .ofs_x = 1, .ofs_y = 0},
    {.bitmap_index = 4733, .adv_w = 267, .box_w = 14, .box_h = 17, .ofs_x = 2, .ofs_y = 0},
    {.bitmap_index = 4852, .adv_w = 310, .box_w = 19, .box_h = 21, .ofs_x = 1, .ofs_y = -4},
    {.bitmap_index = 5052, .adv_w = 269, .box_w = 14, .box_h = 17, .ofs_x = 2, .ofs_y = 0},
    {.bitmap_index = 5171, .adv_w = 231, .box_w = 14, .box_h = 17, .ofs_x = 0, .ofs_y = 0},
    {.bitmap_index = 5290, .adv_w = 222, .box_w = 14, .box_h = 17, .ofs_x = 0, .ofs_y = 0},
    {.bitmap_index = 5409, .adv_w = 290, .box_w = 15, .box_h = 17, .ofs_x = 2, .ofs_y = 0},
    {.bitmap_index = 5537, .adv_w = 268, .box_w = 18, .box_h = 17, .ofs_x = -1, .ofs_y = 0},
    {.bitmap_index = 5690, .adv_w = 421, .box_w = 26, .box_h = 17, .ofs_x = 0, .ofs_y = 0},
    {.bitmap_index = 5911, .adv_w = 255, .box_w = 16, .box_h = 17, .ofs_x = 0, .ofs_y = 0},
    {.bitmap_index = 6047, .adv_w = 243, .box_w = 17, .box_h = 17, .ofs_x = -1, .ofs_y = 0},
    {.bitmap_index = 6192, .adv_w = 244, .box_w = 15, .box_h = 17, .ofs_x = 0, .ofs_y = 0},
    {.bitmap_index = 6320, .adv_w = 129, .box_w = 6, .box_h = 23, .ofs_x = 2, .ofs_y = -5},
    {.bitmap_index = 6389, .adv_w = 137, .box_w = 11, .box_h = 23, .ofs_x = -1, .ofs_y = -2},
    {.bitmap_index = 6516, .adv_w = 129, .box_w = 6, .box_h = 23, .ofs_x = 0, .ofs_y = -5},
    {.bitmap_index = 6585, .adv_w = 217, .box_w = 12, .box_h = 10, .ofs_x = 1, .ofs_y = 3},
    {.bitmap_index = 6645, .adv_w = 184, .box_w = 12, .box_h = 2, .ofs_x = 0, .ofs_y = -2},
    {.bitmap_index = 6657, .adv_w = 221, .box_w = 7, .box_h = 4, .ofs_x = 2, .ofs_y = 15},
    {.bitmap_index = 6671, .adv_w = 223, .box_w = 12, .box_h = 13, .ofs_x = 1, .ofs_y = 0},
    {.bitmap_index = 6749, .adv_w = 252, .box_w = 14, .box_h = 18, .ofs_x = 1, .ofs_y = 0},
    {.bitmap_index = 6875, .adv_w = 214, .box_w = 13, .box_h = 13, .ofs_x = 0, .ofs_y = 0},
    {.bitmap_index = 6960, .adv_w = 253, .box_w = 14, .box_h = 18, .ofs_x = 0, .ofs_y = 0},
    {.bitmap_index = 7086, .adv_w = 229, .box_w = 14, .box_h = 13, .ofs_x = 0, .ofs_y = 0},
    {.bitmap_index = 7177, .adv_w = 136, .box_w = 10, .box_h = 18, .ofs_x = 0, .ofs_y = 0},
    {.bitmap_index = 7267, .adv_w = 255, .box_w = 15, .box_h = 18, .ofs_x = 0, .ofs_y = -5},
    {.bitmap_index = 7402, .adv_w = 252, .box_w = 13, .box_h = 18, .ofs_x = 1, .ofs_y = 0},
    {.bitmap_index = 7519, .adv_w = 106, .box_w = 5, .box_h = 19, .ofs_x = 1, .ofs_y = 0},
    {.bitmap_index = 7567, .adv_w = 109, .box_w = 9, .box_h = 24, .ofs_x = -3, .ofs_y = -5},
    {.bitmap_index = 7675, .adv_w = 234, .box_w = 14, .box_h = 18, .ofs_x = 1, .ofs_y = 0},
    {.bitmap_index = 7801, .adv_w = 106, .box_w = 4, .box_h = 18, .ofs_x = 1, .ofs_y = 0},
    {.bitmap_index = 7837, .adv_w = 388, .box_w = 22, .box_h = 13, .ofs_x = 1, .ofs_y = 0},
    {.bitmap_index = 7980, .adv_w = 252, .box_w = 13, .box_h = 13, .ofs_x = 1, .ofs_y = 0},
    {.bitmap_index = 8065, .adv_w = 237, .box_w = 14, .box_h = 13, .ofs_x = 0, .ofs_y = 0},
    {.bitmap_index = 8156, .adv_w = 252, .box_w = 14, .box_h = 18, .ofs_x = 1, .ofs_y = -5},
    {.bitmap_index = 8282, .adv_w = 252, .box_w = 14, .box_h = 18, .ofs_x = 0, .ofs_y = -5},
    {.bitmap_index = 8408, .adv_w = 155, .box_w = 8, .box_h = 13, .ofs_x = 1, .ofs_y = 0},
    {.bitmap_index = 8460, .adv_w = 190, .box_w = 12, .box_h = 13, .ofs_x = 0, .ofs_y = 0},
    {.bitmap_index = 8538, .adv_w = 156, .box_w = 10, .box_h = 16, .ofs_x = 0, .ofs_y = 0},
    {.bitmap_index = 8618, .adv_w = 251, .box_w = 13, .box_h = 13, .ofs_x = 1, .ofs_y = 0},
    {.bitmap_index = 8703, .adv_w = 213, .box_w = 15, .box_h = 13, .ofs_x = -1, .ofs_y = 0},
    {.bitmap_index = 8801, .adv_w = 338, .box_w = 22, .box_h = 13, .ofs_x = 0, .ofs_y = 0},
    {.bitmap_index = 8944, .adv_w = 211, .box_w = 13, .box_h = 13, .ofs_x = 0, .ofs_y = 0},
    {.bitmap_index = 9029, .adv_w = 213, .box_w = 15, .box_h = 18, .ofs_x = -1, .ofs_y = -5},
    {.bitmap_index = 9164, .adv_w = 196, .box_w = 12, .box_h = 13, .ofs_x = 0, .ofs_y = 0},
    {.bitmap_index = 9242, .adv_w = 136, .box_w = 8, .box_h = 23, .ofs_x = 1, .ofs_y = -5},
    {.bitmap_index = 9334, .adv_w = 112, .box_w = 3, .box_h = 23, .ofs_x = 2, .ofs_y = -5},
    {.bitmap_index = 9369, .adv_w = 136, .box_w = 8, .box_h = 23, .ofs_x = 0, .ofs_y = -5},
    {.bitmap_index = 9461, .adv_w = 217, .box_w = 12, .box_h = 5, .ofs_x = 1, .ofs_y = 6},
    {.bitmap_index = 9491, .adv_w = 101, .box_w = 0, .box_h = 0, .ofs_x = 0, .ofs_y = 0},
    {.bitmap_index = 9491, .adv_w = 102, .box_w = 5, .box_h = 17, .ofs_x = 1, .ofs_y = -4},
    {.bitmap_index = 9534, .adv_w = 214, .box_w = 13, .box_h = 19, .ofs_x = 0, .ofs_y = -3},
    {.bitmap_index = 9658, .adv_w = 242, .box_w = 15, .box_h = 17, .ofs_x = 0, .ofs_y = 0},
    {.bitmap_index = 9786, .adv_w = 258, .box_w = 16, .box_h = 16, .ofs_x = 0, .ofs_y = -1},
    {.bitmap_index = 9914, .adv_w = 265, .box_w = 18, .box_h = 17, .ofs_x = -1, .ofs_y = 0},
    {.bitmap_index = 10067, .adv_w = 112, .box_w = 3, .box_h = 23, .ofs_x = 2, .ofs_y = -5},
    {.bitmap_index = 10102, .adv_w = 188, .box_w = 12, .box_h = 20, .ofs_x = 0, .ofs_y = -3},
    {.bitmap_index = 10222, .adv_w = 221, .box_w = 8, .box_h = 3, .ofs_x = 3, .ofs_y = 15},
    {.bitmap_index = 10234, .adv_w = 292, .box_w = 17, .box_h = 19, .ofs_x = 1, .ofs_y = -1},
    {.bitmap_index = 10396, .adv_w = 150, .box_w = 9, .box_h = 8, .ofs_x = 0, .ofs_y = 10},
    {.bitmap_index = 10432, .adv_w = 197, .box_w = 12, .box_h = 10, .ofs_x = 0, .ofs_y = 2},
    {.bitmap_index = 10492, .adv_w = 217, .box_w = 12, .box_h = 8, .ofs_x = 1, .ofs_y = 2},
    {.bitmap_index = 10540, .adv_w = 292, .box_w = 17, .box_h = 19, .ofs_x = 1, .ofs_y = -1},
    {.bitmap_index = 10702, .adv_w = 221, .box_w = 9, .box_h = 2, .ofs_x = 2, .ofs_y = 15},
    {.bitmap_index = 10711, .adv_w = 154, .box_w = 9, .box_h = 8, .ofs_x = 0, .ofs_y = 9},
    {.bitmap_index = 10747, .adv_w = 217, .box_w = 12, .box_h = 15, .ofs_x = 1, .ofs_y = 0},
    {.bitmap_index = 10837, .adv_w = 158, .box_w = 9, .box_h = 10, .ofs_x = 0, .ofs_y = 8},
    {.bitmap_index = 10882, .adv_w = 158, .box_w = 9, .box_h = 10, .ofs_x = 0, .ofs_y = 8},
    {.bitmap_index = 10927, .adv_w = 221, .box_w = 8, .box_h = 4, .ofs_x = 4, .ofs_y = 15},
    {.bitmap_index = 10943, .adv_w = 252, .box_w = 13, .box_h = 18, .ofs_x = 1, .ofs_y = -5},
    {.bitmap_index = 11060, .adv_w = 245, .box_w = 14, .box_h = 21, .ofs_x = 0, .ofs_y = -3},
    {.bitmap_index = 11207, .adv_w = 105, .box_w = 5, .box_h = 5, .ofs_x = 1, .ofs_y = 5},
    {.bitmap_index = 11220, .adv_w = 221, .box_w = 6, .box_h = 6, .ofs_x = 4, .ofs_y = -5},
    {.bitmap_index = 11238, .adv_w = 158, .box_w = 8, .box_h = 10, .ofs_x = 1, .ofs_y = 8},
    {.bitmap_index = 11278, .adv_w = 155, .box_w = 10, .box_h = 8, .ofs_x = 0, .ofs_y = 10},
    {.bitmap_index = 11318, .adv_w = 197, .box_w = 12, .box_h = 10, .ofs_x = 0, .ofs_y = 2},
    {.bitmap_index = 11378, .adv_w = 382, .box_w = 23, .box_h = 17, .ofs_x = 1, .ofs_y = 0},
    {.bitmap_index = 11574, .adv_w = 382, .box_w = 22, .box_h = 17, .ofs_x = 1, .ofs_y = 0},
    {.bitmap_index = 11761, .adv_w = 382, .box_w = 24, .box_h = 17, .ofs_x = 0, .ofs_y = 0},
    {.bitmap_index = 11965, .adv_w = 214, .box_w = 13, .box_h = 17, .ofs_x = 1, .ofs_y = -4},
    {.bitmap_index = 12076, .adv_w = 276, .box_w = 19, .box_h = 22, .ofs_x = -1, .ofs_y = 0},
    {.bitmap_index = 12285, .adv_w = 276, .box_w = 19, .box_h = 22, .ofs_x = -1, .ofs_y = 0},
    {.bitmap_index = 12494, .adv_w = 276, .box_w = 19, .box_h = 22, .ofs_x = -1, .ofs_y = 0},
    {.bitmap_index = 12703, .adv_w = 276, .box_w = 19, .box_h = 22, .ofs_x = -1, .ofs_y = 0},
    {.bitmap_index = 12912, .adv_w = 276, .box_w = 19, .box_h = 21, .ofs_x = -1, .ofs_y = 0},
    {.bitmap_index = 13112, .adv_w = 276, .box_w = 19, .box_h = 24, .ofs_x = -1, .ofs_y = 0},
    {.bitmap_index = 13340, .adv_w = 391, .box_w = 25, .box_h = 17, .ofs_x = -1, .ofs_y = 0},
    {.bitmap_index = 13553, .adv_w = 264, .box_w = 16, .box_h = 22, .ofs_x = 1, .ofs_y = -5},
    {.bitmap_index = 13729, .adv_w = 247, .box_w = 13, .box_h = 22, .ofs_x = 2, .ofs_y = 0},
    {.bitmap_index = 13872, .adv_w = 247, .box_w = 13, .box_h = 22, .ofs_x = 2, .ofs_y = 0},
    {.bitmap_index = 14015, .adv_w = 247, .box_w = 13, .box_h = 22, .ofs_x = 2, .ofs_y = 0},
    {.bitmap_index = 14158, .adv_w = 247, .box_w = 13, .box_h = 21, .ofs_x = 2, .ofs_y = 0},
    {.bitmap_index = 14295, .adv_w = 117, .box_w = 7, .box_h = 22, .ofs_x = -1, .ofs_y = 0},
    {.bitmap_index = 14372, .adv_w = 117, .box_w = 8, .box_h = 22, .ofs_x = 1, .ofs_y = 0},
    {.bitmap_index = 14460, .adv_w = 117, .box_w = 10, .box_h = 22, .ofs_x = -1, .ofs_y = 0},
    {.bitmap_index = 14570, .adv_w = 117, .box_w = 8, .box_h = 21, .ofs_x = 0, .ofs_y = 0},
    {.bitmap_index = 14654, .adv_w = 308, .box_w = 19, .box_h = 17, .ofs_x = 0, .ofs_y = 0},
    {.bitmap_index = 14816, .adv_w = 298, .box_w = 15, .box_h = 22, .ofs_x = 2, .ofs_y = 0},
    {.bitmap_index = 14981, .adv_w = 310, .box_w = 18, .box_h = 22, .ofs_x = 1, .ofs_y = 0},
    {.bitmap_index = 15179, .adv_w = 310, .box_w = 18, .box_h = 22, .ofs_x = 1, .ofs_y = 0},
    {.bitmap_index = 15377, .adv_w = 310, .box_w = 18, .box_h = 22, .ofs_x = 1, .ofs_y = 0},
    {.bitmap_index = 15575, .adv_w = 310, .box_w = 18, .box_h = 22, .ofs_x = 1, .ofs_y = 0},
    {.bitmap_index = 15773, .adv_w = 310, .box_w = 18, .box_h = 22, .ofs_x = 1, .ofs_y = 0},
    {.bitmap_index = 15971, .adv_w = 217, .box_w = 10, .box_h = 11, .ofs_x = 2, .ofs_y = 3},
    {.bitmap_index = 16026, .adv_w = 310, .box_w = 18, .box_h = 21, .ofs_x = 1, .ofs_y = -2},
    {.bitmap_index = 16215, .adv_w = 290, .box_w = 15, .box_h = 22, .ofs_x = 2, .ofs_y = 0},
    {.bitmap_index = 16380, .adv_w = 290, .box_w = 15, .box_h = 22, .ofs_x = 2, .ofs_y = 0},
    {.bitmap_index = 16545, .adv_w = 290, .box_w = 15, .box_h = 22, .ofs_x = 2, .ofs_y = 0},
    {.bitmap_index = 16710, .adv_w = 290, .box_w = 15, .box_h = 22, .ofs_x = 2, .ofs_y = 0},
    {.bitmap_index = 16875, .adv_w = 243, .box_w = 17, .box_h = 22, .ofs_x = -1, .ofs_y = 0},
    {.bitmap_index = 17062, .adv_w = 267, .box_w = 14, .box_h = 17, .ofs_x = 2, .ofs_y = 0},
    {.bitmap_index = 17181, .adv_w = 252, .box_w = 14, .box_h = 18, .ofs_x = 1, .ofs_y = 0},
    {.bitmap_index = 17307, .adv_w = 223, .box_w = 12, .box_h = 18, .ofs_x = 1, .ofs_y = 0},
    {.bitmap_index = 17415, .adv_w = 223, .box_w = 12, .box_h = 18, .ofs_x = 1, .ofs_y = 0},
    {.bitmap_index = 17523, .adv_w = 223, .box_w = 12, .box_h = 18, .ofs_x = 1, .ofs_y = 0},
    {.bitmap_index = 17631, .adv_w = 223, .box_w = 12, .box_h = 18, .ofs_x = 1, .ofs_y = 0},
    {.bitmap_index = 17739, .adv_w = 223, .box_w = 12, .box_h = 18, .ofs_x = 1, .ofs_y = 0},
    {.bitmap_index = 17847, .adv_w = 223, .box_w = 12, .box_h = 21, .ofs_x = 1, .ofs_y = 0},
    {.bitmap_index = 17973, .adv_w = 365, .box_w = 21, .box_h = 13, .ofs_x = 1, .ofs_y = 0},
    {.bitmap_index = 18110, .adv_w = 214, .box_w = 13, .box_h = 19, .ofs_x = 0, .ofs_y = -6},
    {.bitmap_index = 18234, .adv_w = 229, .box_w = 14, .box_h = 18, .ofs_x = 0, .ofs_y = 0},
    {.bitmap_index = 18360, .adv_w = 229, .box_w = 14, .box_h = 18, .ofs_x = 0, .ofs_y = 0},
    {.bitmap_index = 18486, .adv_w = 229, .box_w = 14, .box_h = 18, .ofs_x = 0, .ofs_y = 0},
    {.bitmap_index = 18612, .adv_w = 229, .box_w = 14, .box_h = 18, .ofs_x = 0, .ofs_y = 0},
    {.bitmap_index = 18738, .adv_w = 106, .box_w = 8, .box_h = 18, .ofs_x = -2, .ofs_y = 0},
    {.bitmap_index = 18810, .adv_w = 106, .box_w = 7, .box_h = 18, .ofs_x = 1, .ofs_y = 0},
    {.bitmap_index = 18873, .adv_w = 106, .box_w = 9, .box_h = 18, .ofs_x = -1, .ofs_y = 0},
    {.bitmap_index = 18954, .adv_w = 106, .box_w = 7, .box_h = 18, .ofs_x = 0, .ofs_y = 0},
    {.bitmap_index = 19017, .adv_w = 223, .box_w = 13, .box_h = 19, .ofs_x = 0, .ofs_y = 0},
    {.bitmap_index = 19141, .adv_w = 252, .box_w = 13, .box_h = 18, .ofs_x = 1, .ofs_y = 0},
    {.bitmap_index = 19258, .adv_w = 237, .box_w = 14, .box_h = 18, .ofs_x = 0, .ofs_y = 0},
    {.bitmap_index = 19384, .adv_w = 237, .box_w = 14, .box_h = 18, .ofs_x = 0, .ofs_y = 0},
    {.bitmap_index = 19510, .adv_w = 237, .box_w = 14, .box_h = 18, .ofs_x = 0, .ofs_y = 0},
    {.bitmap_index = 19636, .adv_w = 237, .box_w = 14, .box_h = 18, .ofs_x = 0, .ofs_y = 0},
    {.bitmap_index = 19762, .adv_w = 237, .box_w = 14, .box_h = 18, .ofs_x = 0, .ofs_y = 0},
    {.bitmap_index = 19888, .adv_w = 217, .box_w = 12, .box_h = 13, .ofs_x = 1, .ofs_y = 2},
    {.bitmap_index = 19966, .adv_w = 237, .box_w = 14, .box_h = 17, .ofs_x = 0, .ofs_y = -2},
    {.bitmap_index = 20085, .adv_w = 251, .box_w = 13, .box_h = 18, .ofs_x = 1, .ofs_y = 0},
    {.bitmap_index = 20202, .adv_w = 251, .box_w = 13, .box_h = 18, .ofs_x = 1, .ofs_y = 0},
    {.bitmap_index = 20319, .adv_w = 251, .box_w = 13, .box_h = 18, .ofs_x = 1, .ofs_y = 0},
    {.bitmap_index = 20436, .adv_w = 251, .box_w = 13, .box_h = 18, .ofs_x = 1, .ofs_y = 0},
    {.bitmap_index = 20553, .adv_w = 213, .box_w = 15, .box_h = 23, .ofs_x = -1, .ofs_y = -5},
    {.bitmap_index = 20726, .adv_w = 252, .box_w = 14, .box_h = 23, .ofs_x = 1, .ofs_y = -5},
    {.bitmap_index = 20887, .adv_w = 213, .box_w = 15, .box_h = 23, .ofs_x = -1, .ofs_y = -5},
    {.bitmap_index = 21060, .adv_w = 276, .box_w = 19, .box_h = 21, .ofs_x = -1, .ofs_y = 0},
    {.bitmap_index = 21260, .adv_w = 223, .box_w = 12, .box_h = 17, .ofs_x = 1, .ofs_y = 0},
    {.bitmap_index = 21362, .adv_w = 276, .box_w = 19, .box_h = 22, .ofs_x = -1, .ofs_y = 0},
    {.bitmap_index = 21571, .adv_w = 223, .box_w = 12, .box_h = 18, .ofs_x = 1, .ofs_y = 0},
    {.bitmap_index = 21679, .adv_w = 276, .box_w = 19, .box_h = 23, .ofs_x = -1, .ofs_y = -6},
    {.bitmap_index = 21898, .adv_w = 223, .box_w = 12, .box_h = 19, .ofs_x = 1, .ofs_y = -6},
    {.bitmap_index = 22012, .adv_w = 264, .box_w = 16, .box_h = 22, .ofs_x = 1, .ofs_y = 0},
    {.bitmap_index = 22188, .adv_w = 214, .box_w = 13, .box_h = 18, .ofs_x = 0, .ofs_y = 0},
    {.bitmap_index = 22305, .adv_w = 264, .box_w = 16, .box_h = 22, .ofs_x = 1, .ofs_y = 0},
    {.bitmap_index = 22481, .adv_w = 214, .box_w = 13, .box_h = 18, .ofs_x = 0, .ofs_y = 0},
    {.bitmap_index = 22598, .adv_w = 264, .box_w = 16, .box_h = 22, .ofs_x = 1, .ofs_y = 0},
    {.bitmap_index = 22774, .adv_w = 214, .box_w = 13, .box_h = 19, .ofs_x = 0, .ofs_y = 0},
    {.bitmap_index = 22898, .adv_w = 264, .box_w = 16, .box_h = 22, .ofs_x = 1, .ofs_y = 0},
    {.bitmap_index = 23074, .adv_w = 214, .box_w = 13, .box_h = 18, .ofs_x = 0, .ofs_y = 0},
    {.bitmap_index = 23191, .adv_w = 304, .box_w = 16, .box_h = 22, .ofs_x = 2, .ofs_y = 0},
    {.bitmap_index = 23367, .adv_w = 253, .box_w = 19, .box_h = 19, .ofs_x = 0, .ofs_y = 0},
    {.bitmap_index = 23548, .adv_w = 308, .box_w = 19, .box_h = 17, .ofs_x = 0, .ofs_y = 0},
    {.bitmap_index = 23710, .adv_w = 253, .box_w = 16, .box_h = 18, .ofs_x = 0, .ofs_y = 0},
    {.bitmap_index = 23854, .adv_w = 247, .box_w = 13, .box_h = 21, .ofs_x = 2, .ofs_y = 0},
    {.bitmap_index = 23991, .adv_w = 229, .box_w = 14, .box_h = 17, .ofs_x = 0, .ofs_y = 0},
    {.bitmap_index = 24110, .adv_w = 247, .box_w = 13, .box_h = 22, .ofs_x = 2, .ofs_y = 0},
    {.bitmap_index = 24253, .adv_w = 229, .box_w = 14, .box_h = 18, .ofs_x = 0, .ofs_y = 0},
    {.bitmap_index = 24379, .adv_w = 247, .box_w = 13, .box_h = 22, .ofs_x = 2, .ofs_y = 0},
    {.bitmap_index = 24522, .adv_w = 229, .box_w = 14, .box_h = 19, .ofs_x = 0, .ofs_y = 0},
    {.bitmap_index = 24655, .adv_w = 247, .box_w = 13, .box_h = 23, .ofs_x = 2, .ofs_y = -6},
    {.bitmap_index = 24805, .adv_w = 229, .box_w = 14, .box_h = 18, .ofs_x = 0, .ofs_y = -5},
    {.bitmap_index = 24931, .adv_w = 247, .box_w = 13, .box_h = 22, .ofs_x = 2, .ofs_y = 0},
    {.bitmap_index = 25074, .adv_w = 229, .box_w = 14, .box_h = 18, .ofs_x = 0, .ofs_y = 0},
    {.bitmap_index = 25200, .adv_w = 284, .box_w = 16, .box_h = 22, .ofs_x = 1, .ofs_y = 0},
    {.bitmap_index = 25376, .adv_w = 255, .box_w = 15, .box_h = 23, .ofs_x = 0, .ofs_y = -5},
    {.bitmap_index = 25549, .adv_w = 284, .box_w = 16, .box_h = 22, .ofs_x = 1, .ofs_y = 0},
    {.bitmap_index = 25725, .adv_w = 255, .box_w = 15, .box_h = 23, .ofs_x = 0, .ofs_y = -5},
    {.bitmap_index = 25898, .adv_w = 284, .box_w = 16, .box_h = 22, .ofs_x = 1, .ofs_y = 0},
    {.bitmap_index = 26074, .adv_w = 255, .box_w = 15, .box_h = 24, .ofs_x = 0, .ofs_y = -5},
    {.bitmap_index = 26254, .adv_w = 284, .box_w = 16, .box_h = 24, .ofs_x = 1, .ofs_y = -7},
    {.bitmap_index = 26446, .adv_w = 255, .box_w = 15, .box_h = 24, .ofs_x = 0, .ofs_y = -5},
    {.bitmap_index = 26626, .adv_w = 298, .box_w = 15, .box_h = 22, .ofs_x = 2, .ofs_y = 0},
    {.bitmap_index = 26791, .adv_w = 252, .box_w = 16, .box_h = 22, .ofs_x = -2, .ofs_y = 0},
    {.bitmap_index = 26967, .adv_w = 306, .box_w = 19, .box_h = 17, .ofs_x = 0, .ofs_y = 0},
    {.bitmap_index = 27129, .adv_w = 257, .box_w = 15, .box_h = 18, .ofs_x = 0, .ofs_y = 0},
    {.bitmap_index = 27264, .adv_w = 117, .box_w = 9, .box_h = 22, .ofs_x = -1, .ofs_y = 0},
    {.bitmap_index = 27363, .adv_w = 106, .box_w = 8, .box_h = 18, .ofs_x = -1, .ofs_y = 0},
    {.bitmap_index = 27435, .adv_w = 117, .box_w = 7, .box_h = 21, .ofs_x = 0, .ofs_y = 0},
    {.bitmap_index = 27509, .adv_w = 106, .box_w = 7, .box_h = 17, .ofs_x = 0, .ofs_y = 0},
    {.bitmap_index = 27569, .adv_w = 117, .box_w = 9, .box_h = 22, .ofs_x = -1, .ofs_y = 0},
    {.bitmap_index = 27668, .adv_w = 106, .box_w = 8, .box_h = 18, .ofs_x = -1, .ofs_y = 0},
    {.bitmap_index = 27740, .adv_w = 117, .box_w = 5, .box_h = 23, .ofs_x = 1, .ofs_y = -6},
    {.bitmap_index = 27798, .adv_w = 106, .box_w = 5, .box_h = 25, .ofs_x = 1, .ofs_y = -6},
    {.bitmap_index = 27861, .adv_w = 117, .box_w = 4, .box_h = 22, .ofs_x = 2, .ofs_y = 0},
    {.bitmap_index = 27905, .adv_w = 106, .box_w = 4, .box_h = 13, .ofs_x = 1, .ofs_y = 0},
    {.bitmap_index = 27931, .adv_w = 266, .box_w = 14, .box_h = 17, .ofs_x = 1, .ofs_y = 0},
    {.bitmap_index = 28050, .adv_w = 215, .box_w = 11, .box_h = 24, .ofs_x = 1, .ofs_y = -5},
    {.bitmap_index = 28182, .adv_w = 194, .box_w = 12, .box_h = 22, .ofs_x = -1, .ofs_y = 0},
    {.bitmap_index = 28314, .adv_w = 109, .box_w = 11, .box_h = 23, .ofs_x = -3, .ofs_y = -5},
    {.bitmap_index = 28441, .adv_w = 268, .box_w = 15, .box_h = 24, .ofs_x = 2, .ofs_y = -7},
    {.bitmap_index = 28621, .adv_w = 234, .box_w = 14, .box_h = 25, .ofs_x = 1, .ofs_y = -7},
    {.bitmap_index = 28796, .adv_w = 234, .box_w = 14, .box_h = 13, .ofs_x = 1, .ofs_y = 0},
    {.bitmap_index = 28887, .adv_w = 220, .box_w = 13, .box_h = 22, .ofs_x = 1, .ofs_y = 0},
    {.bitmap_index = 29030, .adv_w = 106, .box_w = 7, .box_h = 23, .ofs_x = 1, .ofs_y = 0},
    {.bitmap_index = 29111, .adv_w = 220, .box_w = 12, .box_h = 24, .ofs_x = 2, .ofs_y = -7},
    {.bitmap_index = 29255, .adv_w = 106, .box_w = 4, .box_h = 25, .ofs_x = 1, .ofs_y = -7},
    {.bitmap_index = 29305, .adv_w = 220, .box_w = 12, .box_h = 18, .ofs_x = 2, .ofs_y = 0},
    {.bitmap_index = 29413, .adv_w = 106, .box_w = 8, .box_h = 19, .ofs_x = 1, .ofs_y = 0},
    {.bitmap_index = 29489, .adv_w = 220, .box_w = 12, .box_h = 17, .ofs_x = 2, .ofs_y = 0},
    {.bitmap_index = 29591, .adv_w = 156, .box_w = 9, .box_h = 18, .ofs_x = 1, .ofs_y = 0},
    {.bitmap_index = 29672, .adv_w = 224, .box_w = 15, .box_h = 17, .ofs_x = -1, .ofs_y = 0},
    {.bitmap_index = 29800, .adv_w = 114, .box_w = 9, .box_h = 18, .ofs_x = -1, .ofs_y = 0},
    {.bitmap_index = 29881, .adv_w = 298, .box_w = 15, .box_h = 22, .ofs_x = 2, .ofs_y = 0},
    {.bitmap_index = 30046, .adv_w = 252, .box_w = 13, .box_h = 18, .ofs_x = 1, .ofs_y = 0},
    {.bitmap_index = 30163, .adv_w = 298, .box_w = 15, .box_h = 24, .ofs_x = 2, .ofs_y = -7},
    {.bitmap_index = 30343, .adv_w = 252, .box_w = 13, .box_h = 20, .ofs_x = 1, .ofs_y = -7},
    {.bitmap_index = 30473, .adv_w = 298, .box_w = 15, .box_h = 22, .ofs_x = 2, .ofs_y = 0},
    {.bitmap_index = 30638, .adv_w = 252, .box_w = 13, .box_h = 18, .ofs_x = 1, .ofs_y = 0},
    {.bitmap_index = 30755, .adv_w = 277, .box_w = 17, .box_h = 18, .ofs_x = -1, .ofs_y = 0},
    {.bitmap_index = 30908, .adv_w = 298, .box_w = 15, .box_h = 22, .ofs_x = 2, .ofs_y = -5},
    {.bitmap_index = 31073, .adv_w = 252, .box_w = 13, .box_h = 18, .ofs_x = 1, .ofs_y = -5},
    {.bitmap_index = 31190, .adv_w = 310, .box_w = 18, .box_h = 21, .ofs_x = 1, .ofs_y = 0},
    {.bitmap_index = 31379, .adv_w = 237, .box_w = 14, .box_h = 17, .ofs_x = 0, .ofs_y = 0},
    {.bitmap_index = 31498, .adv_w = 310, .box_w = 18, .box_h = 22, .ofs_x = 1, .ofs_y = 0},
    {.bitmap_index = 31696, .adv_w = 237, .box_w = 14, .box_h = 18, .ofs_x = 0, .ofs_y = 0},
    {.bitmap_index = 31822, .adv_w = 310, .box_w = 18, .box_h = 22, .ofs_x = 1, .ofs_y = 0},
    {.bitmap_index = 32020, .adv_w = 237, .box_w = 14, .box_h = 18, .ofs_x = 0, .ofs_y = 0},
    {.bitmap_index = 32146, .adv_w = 416, .box_w = 24, .box_h = 17, .ofs_x = 1, .ofs_y = 0},
    {.bitmap_index = 32350, .adv_w = 392, .box_w = 24, .box_h = 13, .ofs_x = 0, .ofs_y = 0},
    {.bitmap_index = 32506, .adv_w = 269, .box_w = 14, .box_h = 22, .ofs_x = 2, .ofs_y = 0},
    {.bitmap_index = 32660, .adv_w = 155, .box_w = 9, .box_h = 18, .ofs_x = 1, .ofs_y = 0},
    {.bitmap_index = 32741, .adv_w = 269, .box_w = 14, .box_h = 24, .ofs_x = 2, .ofs_y = -7},
    {.bitmap_index = 32909, .adv_w = 155, .box_w = 8, .box_h = 20, .ofs_x = 1, .ofs_y = -7},
    {.bitmap_index = 32989, .adv_w = 269, .box_w = 14, .box_h = 22, .ofs_x = 2, .ofs_y = 0},
    {.bitmap_index = 33143, .adv_w = 155, .box_w = 9, .box_h = 18, .ofs_x = 1, .ofs_y = 0},
    {.bitmap_index = 33224, .adv_w = 231, .box_w = 14, .box_h = 22, .ofs_x = 0, .ofs_y = 0},
    {.bitmap_index = 33378, .adv_w = 190, .box_w = 12, .box_h = 18, .ofs_x = 0, .ofs_y = 0},
    {.bitmap_index = 33486, .adv_w = 231, .box_w = 14, .box_h = 22, .ofs_x = 0, .ofs_y = 0},
    {.bitmap_index = 33640, .adv_w = 190, .box_w = 12, .box_h = 18, .ofs_x = 0, .ofs_y = 0},
    {.bitmap_index = 33748, .adv_w = 231, .box_w = 14, .box_h = 22, .ofs_x = 0, .ofs_y = -5},
    {.bitmap_index = 33902, .adv_w = 190, .box_w = 12, .box_h = 19, .ofs_x = 0, .ofs_y = -6},
    {.bitmap_index = 34016, .adv_w = 231, .box_w = 14, .box_h = 22, .ofs_x = 0, .ofs_y = 0},
    {.bitmap_index = 34170, .adv_w = 190, .box_w = 12, .box_h = 18, .ofs_x = 0, .ofs_y = 0},
    {.bitmap_index = 34278, .adv_w = 222, .box_w = 14, .box_h = 23, .ofs_x = 0, .ofs_y = -6},
    {.bitmap_index = 34439, .adv_w = 156, .box_w = 10, .box_h = 22, .ofs_x = 0, .ofs_y = -6},
    {.bitmap_index = 34549, .adv_w = 222, .box_w = 14, .box_h = 22, .ofs_x = 0, .ofs_y = 0},
    {.bitmap_index = 34703, .adv_w = 156, .box_w = 10, .box_h = 19, .ofs_x = 0, .ofs_y = 0},
    {.bitmap_index = 34798, .adv_w = 222, .box_w = 14, .box_h = 17, .ofs_x = 0, .ofs_y = 0},
    {.bitmap_index = 34917, .adv_w = 157, .box_w = 10, .box_h = 16, .ofs_x = 0, .ofs_y = 0},
    {.bitmap_index = 34997, .adv_w = 290, .box_w = 15, .box_h = 22, .ofs_x = 2, .ofs_y = 0},
    {.bitmap_index = 35162, .adv_w = 251, .box_w = 13, .box_h = 18, .ofs_x = 1, .ofs_y = 0},
    {.bitmap_index = 35279, .adv_w = 290, .box_w = 15, .box_h = 21, .ofs_x = 2, .ofs_y = 0},
    {.bitmap_index = 35437, .adv_w = 251, .box_w = 13, .box_h = 17, .ofs_x = 1, .ofs_y = 0},
    {.bitmap_index = 35548, .adv_w = 290, .box_w = 15, .box_h = 22, .ofs_x = 2, .ofs_y = 0},
    {.bitmap_index = 35713, .adv_w = 251, .box_w = 13, .box_h = 18, .ofs_x = 1, .ofs_y = 0},
    {.bitmap_index = 35830, .adv_w = 290, .box_w = 15, .box_h = 25, .ofs_x = 2, .ofs_y = 0},
    {.bitmap_index = 36018, .adv_w = 251, .box_w = 13, .box_h = 21, .ofs_x = 1, .ofs_y = 0},
    {.bitmap_index = 36155, .adv_w = 290, .box_w = 15, .box_h = 22, .ofs_x = 2, .ofs_y = 0},
    {.bitmap_index = 36320, .adv_w = 251, .box_w = 13, .box_h = 18, .ofs_x = 1, .ofs_y = 0},
    {.bitmap_index = 36437, .adv_w = 290, .box_w = 15, .box_h = 22, .ofs_x = 2, .ofs_y = -5},
    {.bitmap_index = 36602, .adv_w = 251, .box_w = 14, .box_h = 18, .ofs_x = 1, .ofs_y = -5},
    {.bitmap_index = 36728, .adv_w = 421, .box_w = 26, .box_h = 22, .ofs_x = 0, .ofs_y = 0},
    {.bitmap_index = 37014, .adv_w = 338, .box_w = 22, .box_h = 18, .ofs_x = 0, .ofs_y = 0},
    {.bitmap_index = 37212, .adv_w = 243, .box_w = 17, .box_h = 22, .ofs_x = -1, .ofs_y = 0},
    {.bitmap_index = 37399, .adv_w = 213, .box_w = 15, .box_h = 23, .ofs_x = -1, .ofs_y = -5},
    {.bitmap_index = 37572, .adv_w = 243, .box_w = 17, .box_h = 21, .ofs_x = -1, .ofs_y = 0},
    {.bitmap_index = 37751, .adv_w = 244, .box_w = 15, .box_h = 22, .ofs_x = 0, .ofs_y = 0},
    {.bitmap_index = 37916, .adv_w = 196, .box_w = 12, .box_h = 18, .ofs_x = 0, .ofs_y = 0},
    {.bitmap_index = 38024, .adv_w = 244, .box_w = 15, .box_h = 22, .ofs_x = 0, .ofs_y = 0},
    {.bitmap_index = 38189, .adv_w = 196, .box_w = 12, .box_h = 19, .ofs_x = 0, .ofs_y = 0},
    {.bitmap_index = 38303, .adv_w = 244, .box_w = 15, .box_h = 22, .ofs_x = 0, .ofs_y = 0},
    {.bitmap_index = 38468, .adv_w = 196, .box_w = 12, .box_h = 18, .ofs_x = 0, .ofs_y = 0},
    {.bitmap_index = 38576, .adv_w = 121, .box_w = 10, .box_h = 18, .ofs_x = 0, .ofs_y = 0},
    {.bitmap_index = 38666, .adv_w = 257, .box_w = 16, .box_h = 18, .ofs_x = 0, .ofs_y = 0},
    {.bitmap_index = 38810, .adv_w = 346, .box_w = 21, .box_h = 17, .ofs_x = 0, .ofs_y = 0},
    {.bitmap_index = 38989, .adv_w = 280, .box_w = 15, .box_h = 17, .ofs_x = 2, .ofs_y = 0},
    {.bitmap_index = 39117, .adv_w = 252, .box_w = 14, .box_h = 18, .ofs_x = 1, .ofs_y = 0},
    {.bitmap_index = 39243, .adv_w = 264, .box_w = 16, .box_h = 17, .ofs_x = 0, .ofs_y = 0},
    {.bitmap_index = 39379, .adv_w = 277, .box_w = 19, .box_h = 21, .ofs_x = 1, .ofs_y = 0},
    {.bitmap_index = 39579, .adv_w = 221, .box_w = 16, .box_h = 18, .ofs_x = 0, .ofs_y = 0},
    {.bitmap_index = 39723, .adv_w = 304, .box_w = 19, .box_h = 17, .ofs_x = -1, .ofs_y = 0},
    {.bitmap_index = 39885, .adv_w = 370, .box_w = 23, .box_h = 17, .ofs_x = 0, .ofs_y = 0},
    {.bitmap_index = 40081, .adv_w = 276, .box_w = 16, .box_h = 17, .ofs_x = 0, .ofs_y = 0},
    {.bitmap_index = 40217, .adv_w = 252, .box_w = 14, .box_h = 18, .ofs_x = 0, .ofs_y = 0},
    {.bitmap_index = 40343, .adv_w = 247, .box_w = 13, .box_h = 17, .ofs_x = 1, .ofs_y = 0},
    {.bitmap_index = 40454, .adv_w = 301, .box_w = 17, .box_h = 17, .ofs_x = 1, .ofs_y = 0},
    {.bitmap_index = 40599, .adv_w = 237, .box_w = 14, .box_h = 17, .ofs_x = 1, .ofs_y = 0},
    {.bitmap_index = 40718, .adv_w = 242, .box_w = 16, .box_h = 22, .ofs_x = -1, .ofs_y = -5},
    {.bitmap_index = 40894, .adv_w = 136, .box_w = 12, .box_h = 23, .ofs_x = -2, .ofs_y = -5},
    {.bitmap_index = 41032, .adv_w = 289, .box_w = 19, .box_h = 21, .ofs_x = 1, .ofs_y = 0},
    {.bitmap_index = 41232, .adv_w = 243, .box_w = 17, .box_h = 22, .ofs_x = -1, .ofs_y = -5},
    {.bitmap_index = 41419, .adv_w = 145, .box_w = 8, .box_h = 17, .ofs_x = 2, .ofs_y = 0},
    {.bitmap_index = 41487, .adv_w = 127, .box_w = 8, .box_h = 17, .ofs_x = 0, .ofs_y = 0},
    {.bitmap_index = 41555, .adv_w = 262, .box_w = 15, .box_h = 19, .ofs_x = 2, .ofs_y = 0},
    {.bitmap_index = 41698, .adv_w = 231, .box_w = 14, .box_h = 18, .ofs_x = 1, .ofs_y = 0},
    {.bitmap_index = 41824, .adv_w = 124, .box_w = 8, .box_h = 18, .ofs_x = 0, .ofs_y = 0},
    {.bitmap_index = 41896, .adv_w = 213, .box_w = 15, .box_h = 18, .ofs_x = -1, .ofs_y = 0},
    {.bitmap_index = 42031, .adv_w = 451, .box_w = 25, .box_h = 17, .ofs_x = 2, .ofs_y = 0},
    {.bitmap_index = 42244, .adv_w = 299, .box_w = 18, .box_h = 22, .ofs_x = -1, .ofs_y = -5},
    {.bitmap_index = 42442, .adv_w = 252, .box_w = 13, .box_h = 18, .ofs_x = 1, .ofs_y = -5},
    {.bitmap_index = 42559, .adv_w = 311, .box_w = 18, .box_h = 17, .ofs_x = 1, .ofs_y = 0},
    {.bitmap_index = 42712, .adv_w = 310, .box_w = 18, .box_h = 21, .ofs_x = 1, .ofs_y = 0},
    {.bitmap_index = 42901, .adv_w = 237, .box_w = 14, .box_h = 17, .ofs_x = 0, .ofs_y = 0},
    {.bitmap_index = 43020, .adv_w = 334, .box_w = 20, .box_h = 17, .ofs_x = 0, .ofs_y = 0},
    {.bitmap_index = 43190, .adv_w = 252, .box_w = 14, .box_h = 23, .ofs_x = 1, .ofs_y = -5},
    {.bitmap_index = 43351, .adv_w = 269, .box_w = 14, .box_h = 20, .ofs_x = 2, .ofs_y = -3},
    {.bitmap_index = 43491, .adv_w = 184, .box_w = 14, .box_h = 17, .ofs_x = -1, .ofs_y = 0},
    {.bitmap_index = 43610, .adv_w = 252, .box_w = 16, .box_h = 17, .ofs_x = 0, .ofs_y = 0},
    {.bitmap_index = 43746, .adv_w = 157, .box_w = 10, .box_h = 18, .ofs_x = 0, .ofs_y = 0},
    {.bitmap_index = 43836, .adv_w = 222, .box_w = 14, .box_h = 22, .ofs_x = 0, .ofs_y = -5},
    {.bitmap_index = 43990, .adv_w = 294, .box_w = 17, .box_h = 21, .ofs_x = 2, .ofs_y = 0},
    {.bitmap_index = 44169, .adv_w = 255, .box_w = 15, .box_h = 17, .ofs_x = 1, .ofs_y = 0},
    {.bitmap_index = 44297, .adv_w = 315, .box_w = 20, .box_h = 17, .ofs_x = 0, .ofs_y = 0},
    {.bitmap_index = 44467, .adv_w = 287, .box_w = 16, .box_h = 18, .ofs_x = 1, .ofs_y = 0},
    {.bitmap_index = 44611, .adv_w = 258, .box_w = 19, .box_h = 19, .ofs_x = -1, .ofs_y = 0},
    {.bitmap_index = 44792, .adv_w = 240, .box_w = 17, .box_h = 20, .ofs_x = -1, .ofs_y = -5},
    {.bitmap_index = 44962, .adv_w = 244, .box_w = 15, .box_h = 17, .ofs_x = 0, .ofs_y = 0},
    {.bitmap_index = 45090, .adv_w = 196, .box_w = 12, .box_h = 13, .ofs_x = 0, .ofs_y = 0},
    {.bitmap_index = 45168, .adv_w = 233, .box_w = 14, .box_h = 17, .ofs_x = 0, .ofs_y = 0},
    {.bitmap_index = 45287, .adv_w = 234, .box_w = 13, .box_h = 17, .ofs_x = 1, .ofs_y = 0},
    {.bitmap_index = 45398, .adv_w = 201, .box_w = 14, .box_h = 18, .ofs_x = 0, .ofs_y = -5},
    {.bitmap_index = 45524, .adv_w = 112, .box_w = 3, .box_h = 23, .ofs_x = 2, .ofs_y = -5},
    {.bitmap_index = 45559, .adv_w = 192, .box_w = 8, .box_h = 23, .ofs_x = 2, .ofs_y = -5},
    {.bitmap_index = 45651, .adv_w = 233, .box_w = 14, .box_h = 23, .ofs_x = 0, .ofs_y = -5},
    {.bitmap_index = 45812, .adv_w = 102, .box_w = 5, .box_h = 17, .ofs_x = 1, .ofs_y = 0},
    {.bitmap_index = 45855, .adv_w = 545, .box_w = 32, .box_h = 22, .ofs_x = 2, .ofs_y = 0},
    {.bitmap_index = 46207, .adv_w = 500, .box_w = 29, .box_h = 18, .ofs_x = 2, .ofs_y = 0},
    {.bitmap_index = 46468, .adv_w = 449, .box_w = 28, .box_h = 18, .ofs_x = 0, .ofs_y = 0},
    {.bitmap_index = 46720, .adv_w = 417, .box_w = 23, .box_h = 17, .ofs_x = 2, .ofs_y = 0},
    {.bitmap_index = 46916, .adv_w = 329, .box_w = 18, .box_h = 24, .ofs_x = 2, .ofs_y = -5},
    {.bitmap_index = 47132, .adv_w = 215, .box_w = 11, .box_h = 24, .ofs_x = 1, .ofs_y = -5},
    {.bitmap_index = 47264, .adv_w = 492, .box_w = 27, .box_h = 17, .ofs_x = 2, .ofs_y = 0},
    {.bitmap_index = 47494, .adv_w = 414, .box_w = 23, .box_h = 24, .ofs_x = 2, .ofs_y = -5},
    {.bitmap_index = 47770, .adv_w = 361, .box_w = 21, .box_h = 24, .ofs_x = 1, .ofs_y = -5},
    {.bitmap_index = 48022, .adv_w = 276, .box_w = 19, .box_h = 22, .ofs_x = -1, .ofs_y = 0},
    {.bitmap_index = 48231, .adv_w = 223, .box_w = 12, .box_h = 18, .ofs_x = 1, .ofs_y = 0},
    {.bitmap_index = 48339, .adv_w = 117, .box_w = 10, .box_h = 22, .ofs_x = -1, .ofs_y = 0},
    {.bitmap_index = 48449, .adv_w = 106, .box_w = 9, .box_h = 18, .ofs_x = -1, .ofs_y = 0},
    {.bitmap_index = 48530, .adv_w = 310, .box_w = 18, .box_h = 22, .ofs_x = 1, .ofs_y = 0},
    {.bitmap_index = 48728, .adv_w = 237, .box_w = 14, .box_h = 18, .ofs_x = 0, .ofs_y = 0},
    {.bitmap_index = 48854, .adv_w = 290, .box_w = 15, .box_h = 22, .ofs_x = 2, .ofs_y = 0},
    {.bitmap_index = 49019, .adv_w = 251, .box_w = 13, .box_h = 18, .ofs_x = 1, .ofs_y = 0},
    {.bitmap_index = 49136, .adv_w = 290, .box_w = 15, .box_h = 25, .ofs_x = 2, .ofs_y = 0},
    {.bitmap_index = 49324, .adv_w = 251, .box_w = 13, .box_h = 21, .ofs_x = 1, .ofs_y = 0},
    {.bitmap_index = 49461, .adv_w = 290, .box_w = 15, .box_h = 25, .ofs_x = 2, .ofs_y = 0},
    {.bitmap_index = 49649, .adv_w = 251, .box_w = 13, .box_h = 22, .ofs_x = 1, .ofs_y = 0},
    {.bitmap_index = 49792, .adv_w = 290, .box_w = 15, .box_h = 26, .ofs_x = 2, .ofs_y = 0},
    {.bitmap_index = 49987, .adv_w = 251, .box_w = 13, .box_h = 22, .ofs_x = 1, .ofs_y = 0},
    {.bitmap_index = 50130, .adv_w = 290, .box_w = 15, .box_h = 25, .ofs_x = 2, .ofs_y = 0},
    {.bitmap_index = 50318, .adv_w = 251, .box_w = 13, .box_h = 22, .ofs_x = 1, .ofs_y = 0},
    {.bitmap_index = 50461, .adv_w = 229, .box_w = 14, .box_h = 13, .ofs_x = 0, .ofs_y = 0},
    {.bitmap_index = 50552, .adv_w = 276, .box_w = 19, .box_h = 24, .ofs_x = -1, .ofs_y = 0},
    {.bitmap_index = 50780, .adv_w = 223, .box_w = 12, .box_h = 21, .ofs_x = 1, .ofs_y = 0},
    {.bitmap_index = 50906, .adv_w = 276, .box_w = 19, .box_h = 24, .ofs_x = -1, .ofs_y = 0},
    {.bitmap_index = 51134, .adv_w = 223, .box_w = 12, .box_h = 21, .ofs_x = 1, .ofs_y = 0},
    {.bitmap_index = 51260, .adv_w = 391, .box_w = 25, .box_h = 21, .ofs_x = -1, .ofs_y = 0},
    {.bitmap_index = 51523, .adv_w = 365, .box_w = 21, .box_h = 17, .ofs_x = 1, .ofs_y = 0},
    {.bitmap_index = 51702, .adv_w = 296, .box_w = 18, .box_h = 17, .ofs_x = 1, .ofs_y = 0},
    {.bitmap_index = 51855, .adv_w = 259, .box_w = 16, .box_h = 18, .ofs_x = 0, .ofs_y = -5},
    {.bitmap_index = 51999, .adv_w = 284, .box_w = 16, .box_h = 22, .ofs_x = 1, .ofs_y = 0},
    {.bitmap_index = 52175, .adv_w = 255, .box_w = 15, .box_h = 23, .ofs_x = 0, .ofs_y = -5},
    {.bitmap_index = 52348, .adv_w = 268, .box_w = 15, .box_h = 22, .ofs_x = 2, .ofs_y = 0},
    {.bitmap_index = 52513, .adv_w = 234, .box_w = 17, .box_h = 23, .ofs_x = -2, .ofs_y = 0},
    {.bitmap_index = 52709, .adv_w = 310, .box_w = 18, .box_h = 22, .ofs_x = 1, .ofs_y = -5},
    {.bitmap_index = 52907, .adv_w = 237, .box_w = 14, .box_h = 19, .ofs_x = 0, .ofs_y = -6},
    {.bitmap_index = 53040, .adv_w = 310, .box_w = 18, .box_h = 26, .ofs_x = 1, .ofs_y = -5},
    {.bitmap_index = 53274, .adv_w = 237, .box_w = 14, .box_h = 23, .ofs_x = 0, .ofs_y = -6},
    {.bitmap_index = 53435, .adv_w = 233, .box_w = 14, .box_h = 22, .ofs_x = 0, .ofs_y = 0},
    {.bitmap_index = 53589, .adv_w = 199, .box_w = 13, .box_h = 23, .ofs_x = -1, .ofs_y = -5},
    {.bitmap_index = 53739, .adv_w = 109, .box_w = 11, .box_h = 23, .ofs_x = -3, .ofs_y = -5},
    {.bitmap_index = 53866, .adv_w = 545, .box_w = 32, .box_h = 17, .ofs_x = 2, .ofs_y = 0},
    {.bitmap_index = 54138, .adv_w = 500, .box_w = 29, .box_h = 17, .ofs_x = 2, .ofs_y = 0},
    {.bitmap_index = 54385, .adv_w = 448, .box_w = 28, .box_h = 18, .ofs_x = 0, .ofs_y = 0},
    {.bitmap_index = 54637, .adv_w = 284, .box_w = 16, .box_h = 22, .ofs_x = 1, .ofs_y = 0},
    {.bitmap_index = 54813, .adv_w = 255, .box_w = 15, .box_h = 23, .ofs_x = 0, .ofs_y = -5},
    {.bitmap_index = 54986, .adv_w = 298, .box_w = 15, .box_h = 22, .ofs_x = 2, .ofs_y = 0},
    {.bitmap_index = 55151, .adv_w = 252, .box_w = 13, .box_h = 18, .ofs_x = 1, .ofs_y = 0},
    {.bitmap_index = 55268, .adv_w = 276, .box_w = 19, .box_h = 25, .ofs_x = -1, .ofs_y = 0},
    {.bitmap_index = 55506, .adv_w = 223, .box_w = 12, .box_h = 22, .ofs_x = 1, .ofs_y = 0},
    {.bitmap_index = 55638, .adv_w = 391, .box_w = 25, .box_h = 22, .ofs_x = -1, .ofs_y = 0},
    {.bitmap_index = 55913, .adv_w = 365, .box_w = 21, .box_h = 18, .ofs_x = 1, .ofs_y = 0},
    {.bitmap_index = 56102, .adv_w = 310, .box_w = 18, .box_h = 24, .ofs_x = 1, .ofs_y = -2},
    {.bitmap_index = 56318, .adv_w = 237, .box_w = 14, .box_h = 20, .ofs_x = 0, .ofs_y = -2},
    {.bitmap_index = 56458, .adv_w = 276, .box_w = 19, .box_h = 22, .ofs_x = -1, .ofs_y = 0},
    {.bitmap_index = 56667, .adv_w = 223, .box_w = 12, .box_h = 18, .ofs_x = 1, .ofs_y = 0},
    {.bitmap_index = 56775, .adv_w = 276, .box_w = 19, .box_h = 22, .ofs_x = -1, .ofs_y = 0},
    {.bitmap_index = 56984, .adv_w = 223, .box_w = 12, .box_h = 18, .ofs_x = 1, .ofs_y = 0},
    {.bitmap_index = 57092, .adv_w = 247, .box_w = 13, .box_h = 22, .ofs_x = 2, .ofs_y = 0},
    {.bitmap_index = 57235, .adv_w = 229, .box_w = 14, .box_h = 18, .ofs_x = 0, .ofs_y = 0},
    {.bitmap_index = 57361, .adv_w = 247, .box_w = 13, .box_h = 22, .ofs_x = 2, .ofs_y = 0},
    {.bitmap_index = 57504, .adv_w = 229, .box_w = 14, .box_h = 18, .ofs_x = 0, .ofs_y = 0},
    {.bitmap_index = 57630, .adv_w = 117, .box_w = 10, .box_h = 22, .ofs_x = -3, .ofs_y = 0},
    {.bitmap_index = 57740, .adv_w = 106, .box_w = 10, .box_h = 18, .ofs_x = -3, .ofs_y = 0},
    {.bitmap_index = 57830, .adv_w = 117, .box_w = 9, .box_h = 22, .ofs_x = -1, .ofs_y = 0},
    {.bitmap_index = 57929, .adv_w = 106, .box_w = 8, .box_h = 18, .ofs_x = -1, .ofs_y = 0},
    {.bitmap_index = 58001, .adv_w = 310, .box_w = 18, .box_h = 22, .ofs_x = 1, .ofs_y = 0},
    {.bitmap_index = 58199, .adv_w = 237, .box_w = 14, .box_h = 18, .ofs_x = 0, .ofs_y = 0},
    {.bitmap_index = 58325, .adv_w = 310, .box_w = 18, .box_h = 22, .ofs_x = 1, .ofs_y = 0},
    {.bitmap_index = 58523, .adv_w = 237, .box_w = 14, .box_h = 18, .ofs_x = 0, .ofs_y = 0},
    {.bitmap_index = 58649, .adv_w = 269, .box_w = 14, .box_h = 22, .ofs_x = 2, .ofs_y = 0},
    {.bitmap_index = 58803, .adv_w = 155, .box_w = 10, .box_h = 18, .ofs_x = -1, .ofs_y = 0},
    {.bitmap_index = 58893, .adv_w = 269, .box_w = 14, .box_h = 22, .ofs_x = 2, .ofs_y = 0},
    {.bitmap_index = 59047, .adv_w = 155, .box_w = 9, .box_h = 18, .ofs_x = 1, .ofs_y = 0},
    {.bitmap_index = 59128, .adv_w = 290, .box_w = 15, .box_h = 22, .ofs_x = 2, .ofs_y = 0},
    {.bitmap_index = 59293, .adv_w = 251, .box_w = 13, .box_h = 18, .ofs_x = 1, .ofs_y = 0},
    {.bitmap_index = 59410, .adv_w = 290, .box_w = 15, .box_h = 22, .ofs_x = 2, .ofs_y = 0},
    {.bitmap_index = 59575, .adv_w = 251, .box_w = 13, .box_h = 18, .ofs_x = 1, .ofs_y = 0},
    {.bitmap_index = 59692, .adv_w = 231, .box_w = 14, .box_h = 24, .ofs_x = 0, .ofs_y = -7},
    {.bitmap_index = 59860, .adv_w = 190, .box_w = 12, .box_h = 20, .ofs_x = 0, .ofs_y = -7},
    {.bitmap_index = 59980, .adv_w = 222, .box_w = 14, .box_h = 24, .ofs_x = 0, .ofs_y = -7},
    {.bitmap_index = 60148, .adv_w = 156, .box_w = 10, .box_h = 22, .ofs_x = 0, .ofs_y = -7},
    {.bitmap_index = 60258, .adv_w = 230, .box_w = 15, .box_h = 20, .ofs_x = -1, .ofs_y = -3},
    {.bitmap_index = 60408, .adv_w = 197, .box_w = 12, .box_h = 18, .ofs_x = 0, .ofs_y = -5},
    {.bitmap_index = 60516, .adv_w = 298, .box_w = 15, .box_h = 22, .ofs_x = 2, .ofs_y = 0},
    {.bitmap_index = 60681, .adv_w = 252, .box_w = 16, .box_h = 23, .ofs_x = -2, .ofs_y = 0},
    {.bitmap_index = 60865, .adv_w = 298, .box_w = 15, .box_h = 22, .ofs_x = 2, .ofs_y = -5},
    {.bitmap_index = 61030, .adv_w = 273, .box_w = 16, .box_h = 17, .ofs_x = 1, .ofs_y = 0},
    {.bitmap_index = 61166, .adv_w = 240, .box_w = 15, .box_h = 18, .ofs_x = 0, .ofs_y = 0},
    {.bitmap_index = 61301, .adv_w = 276, .box_w = 19, .box_h = 22, .ofs_x = -1, .ofs_y = 0},
    {.bitmap_index = 61510, .adv_w = 223, .box_w = 12, .box_h = 19, .ofs_x = 1, .ofs_y = 0},
    {.bitmap_index = 61624, .adv_w = 247, .box_w = 13, .box_h = 23, .ofs_x = 2, .ofs_y = -6},
    {.bitmap_index = 61774, .adv_w = 229, .box_w = 14, .box_h = 19, .ofs_x = 0, .ofs_y = -6},
    {.bitmap_index = 61907, .adv_w = 310, .box_w = 18, .box_h = 25, .ofs_x = 1, .ofs_y = 0},
    {.bitmap_index = 62132, .adv_w = 237, .box_w = 14, .box_h = 21, .ofs_x = 0, .ofs_y = 0},
    {.bitmap_index = 62279, .adv_w = 310, .box_w = 18, .box_h = 25, .ofs_x = 1, .ofs_y = 0},
    {.bitmap_index = 62504, .adv_w = 237, .box_w = 14, .box_h = 21, .ofs_x = 0, .ofs_y = 0},
    {.bitmap_index = 62651, .adv_w = 310, .box_w = 18, .box_h = 22, .ofs_x = 1, .ofs_y = 0},
    {.bitmap_index = 62849, .adv_w = 237, .box_w = 14, .box_h = 19, .ofs_x = 0, .ofs_y = 0},
    {.bitmap_index = 62982, .adv_w = 310, .box_w = 18, .box_h = 25, .ofs_x = 1, .ofs_y = 0},
    {.bitmap_index = 63207, .adv_w = 237, .box_w = 14, .box_h = 21, .ofs_x = 0, .ofs_y = 0},
    {.bitmap_index = 63354, .adv_w = 243, .box_w = 17, .box_h = 21, .ofs_x = -1, .ofs_y = 0},
    {.bitmap_index = 63533, .adv_w = 213, .box_w = 15, .box_h = 22, .ofs_x = -1, .ofs_y = -5},
    {.bitmap_index = 63698, .adv_w = 109, .box_w = 8, .box_h = 18, .ofs_x = -3, .ofs_y = -5},
    {.bitmap_index = 63770, .adv_w = 274, .box_w = 19, .box_h = 21, .ofs_x = -1, .ofs_y = -2},
    {.bitmap_index = 63970, .adv_w = 264, .box_w = 16, .box_h = 21, .ofs_x = 1, .ofs_y = -2},
    {.bitmap_index = 64138, .adv_w = 214, .box_w = 13, .box_h = 17, .ofs_x = 0, .ofs_y = -2},
    {.bitmap_index = 64249, .adv_w = 224, .box_w = 14, .box_h = 17, .ofs_x = 0, .ofs_y = 0},
    {.bitmap_index = 64368, .adv_w = 220, .box_w = 14, .box_h = 21, .ofs_x = 0, .ofs_y = -2},
    {.bitmap_index = 64515, .adv_w = 214, .box_w = 15, .box_h = 17, .ofs_x = -1, .ofs_y = 0},
    {.bitmap_index = 64643, .adv_w = 195, .box_w = 13, .box_h = 13, .ofs_x = -1, .ofs_y = 0},
    {.bitmap_index = 64728, .adv_w = 287, .box_w = 17, .box_h = 17, .ofs_x = 0, .ofs_y = 0},
    {.bitmap_index = 64873, .adv_w = 291, .box_w = 20, .box_h = 17, .ofs_x = -1, .ofs_y = 0},
    {.bitmap_index = 65043, .adv_w = 268, .box_w = 18, .box_h = 17, .ofs_x = -1, .ofs_y = 0},
    {.bitmap_index = 65196, .adv_w = 247, .box_w = 13, .box_h = 21, .ofs_x = 2, .ofs_y = -2},
    {.bitmap_index = 65333, .adv_w = 229, .box_w = 14, .box_h = 17, .ofs_x = 0, .ofs_y = -2},
    {.bitmap_index = 65452, .adv_w = 196, .box_w = 14, .box_h = 17, .ofs_x = -1, .ofs_y = 0},
    {.bitmap_index = 65571, .adv_w = 125, .box_w = 10, .box_h = 24, .ofs_x = -2, .ofs_y = -5},
    {.bitmap_index = 65691, .adv_w = 324, .box_w = 21, .box_h = 22, .ofs_x = 1, .ofs_y = -5},
    {.bitmap_index = 65922, .adv_w = 251, .box_w = 17, .box_h = 18, .ofs_x = 0, .ofs_y = -5},
    {.bitmap_index = 66075, .adv_w = 269, .box_w = 17, .box_h = 17, .ofs_x = -1, .ofs_y = 0},
    {.bitmap_index = 66220, .adv_w = 163, .box_w = 10, .box_h = 13, .ofs_x = 0, .ofs_y = 0},
    {.bitmap_index = 66285, .adv_w = 243, .box_w = 17, .box_h = 17, .ofs_x = -1, .ofs_y = 0},
    {.bitmap_index = 66430, .adv_w = 216, .box_w = 15, .box_h = 18, .ofs_x = -1, .ofs_y = -5},
    {.bitmap_index = 66565, .adv_w = 276, .box_w = 19, .box_h = 16, .ofs_x = -1, .ofs_y = 0},
    {.bitmap_index = 66717, .adv_w = 268, .box_w = 18, .box_h = 16, .ofs_x = -1, .ofs_y = 0},
    {.bitmap_index = 66861, .adv_w = 213, .box_w = 20, .box_h = 20, .ofs_x = -3, .ofs_y = -4},
    {.bitmap_index = 67061, .adv_w = 307, .box_w = 19, .box_h = 16, .ofs_x = 0, .ofs_y = 0},
    {.bitmap_index = 67213, .adv_w = 213, .box_w = 15, .box_h = 17, .ofs_x = -1, .ofs_y = 0},
    {.bitmap_index = 67341, .adv_w = 252, .box_w = 13, .box_h = 16, .ofs_x = 1, .ofs_y = -4},
    {.bitmap_index = 67445, .adv_w = 267, .box_w = 18, .box_h = 12, .ofs_x = -1, .ofs_y = 0},
    {.bitmap_index = 67553, .adv_w = 209, .box_w = 17, .box_h = 16, .ofs_x = -1, .ofs_y = -4},
    {.bitmap_index = 67689, .adv_w = 247, .box_w = 13, .box_h = 22, .ofs_x = 2, .ofs_y = 0},
    {.bitmap_index = 67832, .adv_w = 247, .box_w = 13, .box_h = 21, .ofs_x = 2, .ofs_y = 0},
    {.bitmap_index = 67969, .adv_w = 309, .box_w = 19, .box_h = 18, .ofs_x = 0, .ofs_y = -1},
    {.bitmap_index = 68140, .adv_w = 215, .box_w = 12, .box_h = 22, .ofs_x = 2, .ofs_y = 0},
    {.bitmap_index = 68272, .adv_w = 262, .box_w = 15, .box_h = 17, .ofs_x = 1, .ofs_y = 0},
    {.bitmap_index = 68400, .adv_w = 237, .box_w = 13, .box_h = 17, .ofs_x = 1, .ofs_y = 0},
    {.bitmap_index = 68511, .adv_w = 120, .box_w = 4, .box_h = 17, .ofs_x = 2, .ofs_y = 0},
    {.bitmap_index = 68545, .adv_w = 117, .box_w = 8, .box_h = 21, .ofs_x = 0, .ofs_y = 0},
    {.bitmap_index = 68629, .adv_w = 204, .box_w = 11, .box_h = 17, .ofs_x = 0, .ofs_y = 0},
    {.bitmap_index = 68723, .adv_w = 436, .box_w = 27, .box_h = 17, .ofs_x = 0, .ofs_y = 0},
    {.bitmap_index = 68953, .adv_w = 433, .box_w = 25, .box_h = 17, .ofs_x = 2, .ofs_y = 0},
    {.bitmap_index = 69166, .adv_w = 312, .box_w = 19, .box_h = 17, .ofs_x = 0, .ofs_y = 0},
    {.bitmap_index = 69328, .adv_w = 266, .box_w = 15, .box_h = 22, .ofs_x = 2, .ofs_y = 0},
    {.bitmap_index = 69493, .adv_w = 302, .box_w = 15, .box_h = 22, .ofs_x = 2, .ofs_y = 0},
    {.bitmap_index = 69658, .adv_w = 260, .box_w = 17, .box_h = 23, .ofs_x = 0, .ofs_y = -1},
    {.bitmap_index = 69854, .adv_w = 297, .box_w = 15, .box_h = 21, .ofs_x = 2, .ofs_y = -4},
    {.bitmap_index = 70012, .adv_w = 286, .box_w = 18, .box_h = 17, .ofs_x = 0, .ofs_y = 0},
    {.bitmap_index = 70165, .adv_w = 270, .box_w = 14, .box_h = 17, .ofs_x = 2, .ofs_y = 0},
    {.bitmap_index = 70284, .adv_w = 275, .box_w = 15, .box_h = 17, .ofs_x = 2, .ofs_y = 0},
    {.bitmap_index = 70412, .adv_w = 215, .box_w = 12, .box_h = 17, .ofs_x = 2, .ofs_y = 0},
    {.bitmap_index = 70514, .adv_w = 300, .box_w = 19, .box_h = 21, .ofs_x = 0, .ofs_y = -4},
    {.bitmap_index = 70714, .adv_w = 247, .box_w = 13, .box_h = 17, .ofs_x = 2, .ofs_y = 0},
    {.bitmap_index = 70825, .adv_w = 387, .box_w = 24, .box_h = 17, .ofs_x = 0, .ofs_y = 0},
    {.bitmap_index = 71029, .adv_w = 237, .box_w = 15, .box_h = 17, .ofs_x = -1, .ofs_y = 0},
    {.bitmap_index = 71157, .adv_w = 302, .box_w = 15, .box_h = 17, .ofs_x = 2, .ofs_y = 0},
    {.bitmap_index = 71285, .adv_w = 302, .box_w = 15, .box_h = 22, .ofs_x = 2, .ofs_y = 0},
    {.bitmap_index = 71450, .adv_w = 266, .box_w = 15, .box_h = 17, .ofs_x = 2, .ofs_y = 0},
    {.bitmap_index = 71578, .adv_w = 293, .box_w = 17, .box_h = 17, .ofs_x = 0, .ofs_y = 0},
    {.bitmap_index = 71723, .adv_w = 354, .box_w = 18, .box_h = 17, .ofs_x = 2, .ofs_y = 0},
    {.bitmap_index = 71876, .adv_w = 301, .box_w = 15, .box_h = 17, .ofs_x = 2, .ofs_y = 0},
    {.bitmap_index = 72004, .adv_w = 311, .box_w = 18, .box_h = 17, .ofs_x = 1, .ofs_y = 0},
    {.bitmap_index = 72157, .adv_w = 301, .box_w = 15, .box_h = 17, .ofs_x = 2, .ofs_y = 0},
    {.bitmap_index = 72285, .adv_w = 265, .box_w = 14, .box_h = 17, .ofs_x = 2, .ofs_y = 0},
    {.bitmap_index = 72404, .adv_w = 265, .box_w = 16, .box_h = 17, .ofs_x = 1, .ofs_y = 0},
    {.bitmap_index = 72540, .adv_w = 228, .box_w = 14, .box_h = 17, .ofs_x = 0, .ofs_y = 0},
    {.bitmap_index = 72659, .adv_w = 260, .box_w = 17, .box_h = 18, .ofs_x = 0, .ofs_y = -1},
    {.bitmap_index = 72812, .adv_w = 345, .box_w = 21, .box_h = 19, .ofs_x = 0, .ofs_y = -1},
    {.bitmap_index = 73012, .adv_w = 255, .box_w = 16, .box_h = 17, .ofs_x = 0, .ofs_y = 0},
    {.bitmap_index = 73148, .adv_w = 307, .box_w = 17, .box_h = 21, .ofs_x = 2, .ofs_y = -4},
    {.bitmap_index = 73327, .adv_w = 266, .box_w = 15, .box_h = 17, .ofs_x = 0, .ofs_y = 0},
    {.bitmap_index = 73455, .adv_w = 404, .box_w = 21, .box_h = 17, .ofs_x = 2, .ofs_y = 0},
    {.bitmap_index = 73634, .adv_w = 414, .box_w = 24, .box_h = 21, .ofs_x = 2, .ofs_y = -4},
    {.bitmap_index = 73886, .adv_w = 308, .box_w = 19, .box_h = 17, .ofs_x = 0, .ofs_y = 0},
    {.bitmap_index = 74048, .adv_w = 372, .box_w = 19, .box_h = 17, .ofs_x = 2, .ofs_y = 0},
    {.bitmap_index = 74210, .adv_w = 264, .box_w = 14, .box_h = 17, .ofs_x = 2, .ofs_y = 0},
    {.bitmap_index = 74329, .adv_w = 261, .box_w = 16, .box_h = 17, .ofs_x = 0, .ofs_y = 0},
    {.bitmap_index = 74465, .adv_w = 407, .box_w = 23, .box_h = 17, .ofs_x = 2, .ofs_y = 0},
    {.bitmap_index = 74661, .adv_w = 269, .box_w = 14, .box_h = 17, .ofs_x = 1, .ofs_y = 0},
    {.bitmap_index = 74780, .adv_w = 220, .box_w = 13, .box_h = 13, .ofs_x = 0, .ofs_y = 0},
    {.bitmap_index = 74865, .adv_w = 245, .box_w = 14, .box_h = 19, .ofs_x = 1, .ofs_y = 0},
    {.bitmap_index = 74998, .adv_w = 228, .box_w = 13, .box_h = 13, .ofs_x = 1, .ofs_y = 0},
    {.bitmap_index = 75083, .adv_w = 184, .box_w = 11, .box_h = 13, .ofs_x = 1, .ofs_y = 0},
    {.bitmap_index = 75155, .adv_w = 251, .box_w = 16, .box_h = 16, .ofs_x = 0, .ofs_y = -3},
    {.bitmap_index = 75283, .adv_w = 234, .box_w = 14, .box_h = 13, .ofs_x = 0, .ofs_y = 0},
    {.bitmap_index = 75374, .adv_w = 323, .box_w = 21, .box_h = 13, .ofs_x = 0, .ofs_y = 0},
    {.bitmap_index = 75511, .adv_w = 204, .box_w = 12, .box_h = 13, .ofs_x = 0, .ofs_y = 0},
    {.bitmap_index = 75589, .adv_w = 258, .box_w = 14, .box_h = 13, .ofs_x = 1, .ofs_y = 0},
    {.bitmap_index = 75680, .adv_w = 258, .box_w = 14, .box_h = 18, .ofs_x = 1, .ofs_y = 0},
    {.bitmap_index = 75806, .adv_w = 227, .box_w = 14, .box_h = 13, .ofs_x = 1, .ofs_y = 0},
    {.bitmap_index = 75897, .adv_w = 240, .box_w = 14, .box_h = 13, .ofs_x = 0, .ofs_y = 0},
    {.bitmap_index = 75988, .adv_w = 297, .box_w = 16, .box_h = 13, .ofs_x = 1, .ofs_y = 0},
    {.bitmap_index = 76092, .adv_w = 253, .box_w = 13, .box_h = 13, .ofs_x = 1, .ofs_y = 0},
    {.bitmap_index = 76177, .adv_w = 238, .box_w = 14, .box_h = 13, .ofs_x = 0, .ofs_y = 0},
    {.bitmap_index = 76268, .adv_w = 251, .box_w = 13, .box_h = 13, .ofs_x = 1, .ofs_y = 0},
    {.bitmap_index = 76353, .adv_w = 254, .box_w = 14, .box_h = 18, .ofs_x = 1, .ofs_y = -5},
    {.bitmap_index = 76479, .adv_w = 214, .box_w = 13, .box_h = 13, .ofs_x = 0, .ofs_y = 0},
    {.bitmap_index = 76564, .adv_w = 189, .box_w = 12, .box_h = 13, .ofs_x = 0, .ofs_y = 0},
    {.bitmap_index = 76642, .adv_w = 217, .box_w = 15, .box_h = 18, .ofs_x = -1, .ofs_y = -5},
    {.bitmap_index = 76777, .adv_w = 304, .box_w = 19, .box_h = 23, .ofs_x = 0, .ofs_y = -5},
    {.bitmap_index = 76996, .adv_w = 208, .box_w = 13, .box_h = 13, .ofs_x = 0, .ofs_y = 0},
    {.bitmap_index = 77081, .adv_w = 256, .box_w = 15, .box_h = 16, .ofs_x = 1, .ofs_y = -3},
    {.bitmap_index = 77201, .adv_w = 229, .box_w = 13, .box_h = 13, .ofs_x = 0, .ofs_y = 0},
    {.bitmap_index = 77286, .adv_w = 351, .box_w = 20, .box_h = 13, .ofs_x = 1, .ofs_y = 0},
    {.bitmap_index = 77416, .adv_w = 351, .box_w = 21, .box_h = 16, .ofs_x = 1, .ofs_y = -3},
    {.bitmap_index = 77584, .adv_w = 243, .box_w = 15, .box_h = 13, .ofs_x = 0, .ofs_y = 0},
    {.bitmap_index = 77682, .adv_w = 306, .box_w = 17, .box_h = 13, .ofs_x = 1, .ofs_y = 0},
    {.bitmap_index = 77793, .adv_w = 217, .box_w = 12, .box_h = 13, .ofs_x = 1, .ofs_y = 0},
    {.bitmap_index = 77871, .adv_w = 214, .box_w = 13, .box_h = 13, .ofs_x = 0, .ofs_y = 0},
    {.bitmap_index = 77956, .adv_w = 327, .box_w = 19, .box_h = 13, .ofs_x = 1, .ofs_y = 0},
    {.bitmap_index = 78080, .adv_w = 228, .box_w = 13, .box_h = 13, .ofs_x = 0, .ofs_y = 0},
    {.bitmap_index = 78165, .adv_w = 234, .box_w = 14, .box_h = 18, .ofs_x = 0, .ofs_y = 0},
    {.bitmap_index = 78291, .adv_w = 234, .box_w = 14, .box_h = 18, .ofs_x = 0, .ofs_y = 0},
    {.bitmap_index = 78417, .adv_w = 250, .box_w = 16, .box_h = 23, .ofs_x = -1, .ofs_y = -5},
    {.bitmap_index = 78601, .adv_w = 184, .box_w = 11, .box_h = 18, .ofs_x = 1, .ofs_y = 0},
    {.bitmap_index = 78700, .adv_w = 215, .box_w = 13, .box_h = 13, .ofs_x = 0, .ofs_y = 0},
    {.bitmap_index = 78785, .adv_w = 200, .box_w = 12, .box_h = 13, .ofs_x = 0, .ofs_y = 0},
    {.bitmap_index = 78863, .adv_w = 108, .box_w = 5, .box_h = 19, .ofs_x = 1, .ofs_y = 0},
    {.bitmap_index = 78911, .adv_w = 106, .box_w = 7, .box_h = 18, .ofs_x = 0, .ofs_y = 0},
    {.bitmap_index = 78974, .adv_w = 109, .box_w = 9, .box_h = 24, .ofs_x = -3, .ofs_y = -5},
    {.bitmap_index = 79082, .adv_w = 349, .box_w = 22, .box_h = 13, .ofs_x = 0, .ofs_y = 0},
    {.bitmap_index = 79225, .adv_w = 354, .box_w = 21, .box_h = 13, .ofs_x = 1, .ofs_y = 0},
    {.bitmap_index = 79362, .adv_w = 250, .box_w = 16, .box_h = 18, .ofs_x = -1, .ofs_y = 0},
    {.bitmap_index = 79506, .adv_w = 227, .box_w = 14, .box_h = 18, .ofs_x = 1, .ofs_y = 0},
    {.bitmap_index = 79632, .adv_w = 258, .box_w = 14, .box_h = 18, .ofs_x = 1, .ofs_y = 0},
    {.bitmap_index = 79758, .adv_w = 217, .box_w = 15, .box_h = 23, .ofs_x = -1, .ofs_y = -5},
    {.bitmap_index = 79931, .adv_w = 240, .box_w = 13, .box_h = 16, .ofs_x = 1, .ofs_y = -3},
    {.bitmap_index = 80035, .adv_w = 302, .box_w = 19, .box_h = 18, .ofs_x = 0, .ofs_y = 0},
    {.bitmap_index = 80206, .adv_w = 232, .box_w = 15, .box_h = 18, .ofs_x = -1, .ofs_y = 0},
    {.bitmap_index = 80341, .adv_w = 339, .box_w = 21, .box_h = 17, .ofs_x = 0, .ofs_y = 0},
    {.bitmap_index = 80520, .adv_w = 270, .box_w = 17, .box_h = 13, .ofs_x = 0, .ofs_y = 0},
    {.bitmap_index = 80631, .adv_w = 311, .box_w = 18, .box_h = 17, .ofs_x = 1, .ofs_y = 0},
    {.bitmap_index = 80784, .adv_w = 241, .box_w = 14, .box_h = 13, .ofs_x = 0, .ofs_y = 0},
    {.bitmap_index = 80875, .adv_w = 286, .box_w = 18, .box_h = 18, .ofs_x = 0, .ofs_y = 0},
    {.bitmap_index = 81037, .adv_w = 229, .box_w = 15, .box_h = 14, .ofs_x = 0, .ofs_y = 0},
    {.bitmap_index = 81142, .adv_w = 311, .box_w = 17, .box_h = 26, .ofs_x = 2, .ofs_y = -4},
    {.bitmap_index = 81363, .adv_w = 267, .box_w = 16, .box_h = 21, .ofs_x = 1, .ofs_y = -3},
    {.bitmap_index = 81531, .adv_w = 274, .box_w = 17, .box_h = 18, .ofs_x = 0, .ofs_y = 0},
    {.bitmap_index = 81684, .adv_w = 229, .box_w = 14, .box_h = 13, .ofs_x = 0, .ofs_y = 0},
    {.bitmap_index = 81775, .adv_w = 270, .box_w = 14, .box_h = 17, .ofs_x = 2, .ofs_y = 0},
    {.bitmap_index = 81894, .adv_w = 258, .box_w = 15, .box_h = 18, .ofs_x = 1, .ofs_y = -5},
    {.bitmap_index = 82029, .adv_w = 216, .box_w = 12, .box_h = 21, .ofs_x = 2, .ofs_y = 0},
    {.bitmap_index = 82155, .adv_w = 178, .box_w = 10, .box_h = 16, .ofs_x = 1, .ofs_y = 0},
    {.bitmap_index = 82235, .adv_w = 231, .box_w = 14, .box_h = 17, .ofs_x = 0, .ofs_y = 0},
    {.bitmap_index = 82354, .adv_w = 196, .box_w = 12, .box_h = 13, .ofs_x = 0, .ofs_y = 0},
    {.bitmap_index = 82432, .adv_w = 259, .box_w = 14, .box_h = 21, .ofs_x = 2, .ofs_y = -4},
    {.bitmap_index = 82579, .adv_w = 226, .box_w = 13, .box_h = 18, .ofs_x = 1, .ofs_y = -5},
    {.bitmap_index = 82696, .adv_w = 400, .box_w = 25, .box_h = 21, .ofs_x = 0, .ofs_y = -4},
    {.bitmap_index = 82959, .adv_w = 335, .box_w = 21, .box_h = 16, .ofs_x = 0, .ofs_y = -3},
    {.bitmap_index = 83127, .adv_w = 237, .box_w = 15, .box_h = 21, .ofs_x = -1, .ofs_y = -4},
    {.bitmap_index = 83285, .adv_w = 204, .box_w = 12, .box_h = 16, .ofs_x = 0, .ofs_y = -3},
    {.bitmap_index = 83381, .adv_w = 281, .box_w = 16, .box_h = 21, .ofs_x = 2, .ofs_y = -4},
    {.bitmap_index = 83549, .adv_w = 227, .box_w = 14, .box_h = 16, .ofs_x = 1, .ofs_y = -3},
    {.bitmap_index = 83661, .adv_w = 278, .box_w = 16, .box_h = 17, .ofs_x = 2, .ofs_y = 0},
    {.bitmap_index = 83797, .adv_w = 234, .box_w = 14, .box_h = 13, .ofs_x = 1, .ofs_y = 0},
    {.bitmap_index = 83888, .adv_w = 274, .box_w = 17, .box_h = 17, .ofs_x = 0, .ofs_y = 0},
    {.bitmap_index = 84033, .adv_w = 227, .box_w = 16, .box_h = 18, .ofs_x = -1, .ofs_y = 0},
    {.bitmap_index = 84177, .adv_w = 311, .box_w = 20, .box_h = 17, .ofs_x = 0, .ofs_y = 0},
    {.bitmap_index = 84347, .adv_w = 257, .box_w = 16, .box_h = 13, .ofs_x = 0, .ofs_y = 0},
    {.bitmap_index = 84451, .adv_w = 312, .box_w = 17, .box_h = 21, .ofs_x = 2, .ofs_y = -4},
    {.bitmap_index = 84630, .adv_w = 262, .box_w = 15, .box_h = 16, .ofs_x = 1, .ofs_y = -3},
    {.bitmap_index = 84750, .adv_w = 399, .box_w = 23, .box_h = 17, .ofs_x = 2, .ofs_y = 0},
    {.bitmap_index = 84946, .adv_w = 329, .box_w = 20, .box_h = 13, .ofs_x = 1, .ofs_y = 0},
    {.bitmap_index = 85076, .adv_w = 437, .box_w = 25, .box_h = 21, .ofs_x = 2, .ofs_y = -4},
    {.bitmap_index = 85339, .adv_w = 362, .box_w = 22, .box_h = 18, .ofs_x = 1, .ofs_y = -5},
    {.bitmap_index = 85537, .adv_w = 359, .box_w = 21, .box_h = 18, .ofs_x = 1, .ofs_y = -1},
    {.bitmap_index = 85726, .adv_w = 297, .box_w = 18, .box_h = 13, .ofs_x = 0, .ofs_y = 0},
    {.bitmap_index = 85843, .adv_w = 265, .box_w = 16, .box_h = 21, .ofs_x = 1, .ofs_y = -4},
    {.bitmap_index = 86011, .adv_w = 214, .box_w = 13, .box_h = 16, .ofs_x = 0, .ofs_y = -3},
    {.bitmap_index = 86115, .adv_w = 228, .box_w = 14, .box_h = 21, .ofs_x = 0, .ofs_y = -4},
    {.bitmap_index = 86262, .adv_w = 189, .box_w = 12, .box_h = 16, .ofs_x = 0, .ofs_y = -3},
    {.bitmap_index = 86358, .adv_w = 253, .box_w = 16, .box_h = 17, .ofs_x = 0, .ofs_y = 0},
    {.bitmap_index = 86494, .adv_w = 218, .box_w = 14, .box_h = 18, .ofs_x = 0, .ofs_y = -5},
    {.bitmap_index = 86620, .adv_w = 253, .box_w = 16, .box_h = 17, .ofs_x = 0, .ofs_y = 0},
    {.bitmap_index = 86756, .adv_w = 218, .box_w = 14, .box_h = 18, .ofs_x = 0, .ofs_y = -5},
    {.bitmap_index = 86882, .adv_w = 267, .box_w = 17, .box_h = 21, .ofs_x = 0, .ofs_y = -4},
    {.bitmap_index = 87061, .adv_w = 208, .box_w = 14, .box_h = 16, .ofs_x = 0, .ofs_y = -3},
    {.bitmap_index = 87173, .adv_w = 362, .box_w = 23, .box_h = 21, .ofs_x = 0, .ofs_y = -4},
    {.bitmap_index = 87415, .adv_w = 289, .box_w = 18, .box_h = 16, .ofs_x = 0, .ofs_y = -3},
    {.bitmap_index = 87559, .adv_w = 277, .box_w = 17, .box_h = 21, .ofs_x = 0, .ofs_y = -4},
    {.bitmap_index = 87738, .adv_w = 239, .box_w = 15, .box_h = 16, .ofs_x = 0, .ofs_y = -3},
    {.bitmap_index = 87858, .adv_w = 273, .box_w = 15, .box_h = 17, .ofs_x = 0, .ofs_y = 0},
    {.bitmap_index = 87986, .adv_w = 229, .box_w = 13, .box_h = 13, .ofs_x = 0, .ofs_y = 0},
    {.bitmap_index = 88071, .adv_w = 273, .box_w = 14, .box_h = 17, .ofs_x = 2, .ofs_y = 0},
    {.bitmap_index = 88190, .adv_w = 250, .box_w = 14, .box_h = 18, .ofs_x = 1, .ofs_y = 0},
    {.bitmap_index = 88316, .adv_w = 369, .box_w = 23, .box_h = 17, .ofs_x = 0, .ofs_y = 0},
    {.bitmap_index = 88512, .adv_w = 292, .box_w = 18, .box_h = 13, .ofs_x = 0, .ofs_y = 0},
    {.bitmap_index = 88629, .adv_w = 369, .box_w = 23, .box_h = 21, .ofs_x = 0, .ofs_y = -4},
    {.bitmap_index = 88871, .adv_w = 292, .box_w = 18, .box_h = 16, .ofs_x = 0, .ofs_y = -3},
    {.bitmap_index = 89015, .adv_w = 120, .box_w = 4, .box_h = 17, .ofs_x = 2, .ofs_y = 0},
    {.bitmap_index = 89049, .adv_w = 387, .box_w = 24, .box_h = 22, .ofs_x = 0, .ofs_y = 0},
    {.bitmap_index = 89313, .adv_w = 323, .box_w = 21, .box_h = 18, .ofs_x = 0, .ofs_y = 0},
    {.bitmap_index = 89502, .adv_w = 268, .box_w = 15, .box_h = 22, .ofs_x = 2, .ofs_y = -5},
    {.bitmap_index = 89667, .adv_w = 227, .box_w = 13, .box_h = 18, .ofs_x = 1, .ofs_y = -5},
    {.bitmap_index = 89784, .adv_w = 300, .box_w = 19, .box_h = 21, .ofs_x = 0, .ofs_y = -4},
    {.bitmap_index = 89984, .adv_w = 249, .box_w = 15, .box_h = 16, .ofs_x = 0, .ofs_y = -3},
    {.bitmap_index = 90104, .adv_w = 301, .box_w = 15, .box_h = 22, .ofs_x = 2, .ofs_y = -5},
    {.bitmap_index = 90269, .adv_w = 255, .box_w = 13, .box_h = 18, .ofs_x = 1, .ofs_y = -5},
    {.bitmap_index = 90386, .adv_w = 310, .box_w = 17, .box_h = 21, .ofs_x = 2, .ofs_y = -4},
    {.bitmap_index = 90565, .adv_w = 262, .box_w = 15, .box_h = 16, .ofs_x = 1, .ofs_y = -3},
    {.bitmap_index = 90685, .adv_w = 271, .box_w = 14, .box_h = 21, .ofs_x = 1, .ofs_y = -4},
    {.bitmap_index = 90832, .adv_w = 227, .box_w = 13, .box_h = 16, .ofs_x = 0, .ofs_y = -3},
    {.bitmap_index = 90936, .adv_w = 367, .box_w = 21, .box_h = 21, .ofs_x = 2, .ofs_y = -4},
    {.bitmap_index = 91157, .adv_w = 310, .box_w = 18, .box_h = 16, .ofs_x = 1, .ofs_y = -3},
    {.bitmap_index = 91301, .adv_w = 108, .box_w = 4, .box_h = 18, .ofs_x = 1, .ofs_y = 0},
    {.bitmap_index = 91337, .adv_w = 286, .box_w = 18, .box_h = 22, .ofs_x = 0, .ofs_y = 0},
    {.bitmap_index = 91535, .adv_w = 220, .box_w = 13, .box_h = 18, .ofs_x = 0, .ofs_y = 0},
    {.bitmap_index = 91652, .adv_w = 286, .box_w = 18, .box_h = 21, .ofs_x = 0, .ofs_y = 0},
    {.bitmap_index = 91841, .adv_w = 220, .box_w = 13, .box_h = 18, .ofs_x = 0, .ofs_y = 0},
    {.bitmap_index = 91958, .adv_w = 393, .box_w = 24, .box_h = 17, .ofs_x = 0, .ofs_y = 0},
    {.bitmap_index = 92162, .adv_w = 367, .box_w = 22, .box_h = 13, .ofs_x = 0, .ofs_y = 0},
    {.bitmap_index = 92305, .adv_w = 247, .box_w = 13, .box_h = 22, .ofs_x = 2, .ofs_y = 0},
    {.bitmap_index = 92448, .adv_w = 234, .box_w = 14, .box_h = 18, .ofs_x = 0, .ofs_y = 0},
    {.bitmap_index = 92574, .adv_w = 302, .box_w = 18, .box_h = 17, .ofs_x = 0, .ofs_y = 0},
    {.bitmap_index = 92727, .adv_w = 229, .box_w = 14, .box_h = 13, .ofs_x = 0, .ofs_y = 0},
    {.bitmap_index = 92818, .adv_w = 302, .box_w = 18, .box_h = 22, .ofs_x = 0, .ofs_y = 0},
    {.bitmap_index = 93016, .adv_w = 229, .box_w = 14, .box_h = 18, .ofs_x = 0, .ofs_y = 0},
    {.bitmap_index = 93142, .adv_w = 387, .box_w = 24, .box_h = 21, .ofs_x = 0, .ofs_y = 0},
    {.bitmap_index = 93394, .adv_w = 323, .box_w = 21, .box_h = 18, .ofs_x = 0, .ofs_y = 0},
    {.bitmap_index = 93583, .adv_w = 237, .box_w = 15, .box_h = 22, .ofs_x = -1, .ofs_y = 0},
    {.bitmap_index = 93748, .adv_w = 204, .box_w = 12, .box_h = 18, .ofs_x = 0, .ofs_y = 0},
    {.bitmap_index = 93856, .adv_w = 233, .box_w = 14, .box_h = 17, .ofs_x = 0, .ofs_y = 0},
    {.bitmap_index = 93975, .adv_w = 199, .box_w = 13, .box_h = 18, .ofs_x = -1, .ofs_y = -5},
    {.bitmap_index = 94092, .adv_w = 302, .box_w = 15, .box_h = 21, .ofs_x = 2, .ofs_y = 0},
    {.bitmap_index = 94250, .adv_w = 258, .box_w = 14, .box_h = 17, .ofs_x = 1, .ofs_y = 0},
    {.bitmap_index = 94369, .adv_w = 302, .box_w = 15, .box_h = 21, .ofs_x = 2, .ofs_y = 0},
    {.bitmap_index = 94527, .adv_w = 258, .box_w = 14, .box_h = 18, .ofs_x = 1, .ofs_y = 0},
    {.bitmap_index = 94653, .adv_w = 311, .box_w = 18, .box_h = 22, .ofs_x = 1, .ofs_y = 0},
    {.bitmap_index = 94851, .adv_w = 238, .box_w = 14, .box_h = 18, .ofs_x = 0, .ofs_y = 0},
    {.bitmap_index = 94977, .adv_w = 311, .box_w = 18, .box_h = 17, .ofs_x = 1, .ofs_y = 0},
    {.bitmap_index = 95130, .adv_w = 238, .box_w = 14, .box_h = 13, .ofs_x = 0, .ofs_y = 0},
    {.bitmap_index = 95221, .adv_w = 311, .box_w = 18, .box_h = 22, .ofs_x = 1, .ofs_y = 0},
    {.bitmap_index = 95419, .adv_w = 238, .box_w = 14, .box_h = 18, .ofs_x = 0, .ofs_y = 0},
    {.bitmap_index = 95545, .adv_w = 261, .box_w = 16, .box_h = 22, .ofs_x = 0, .ofs_y = 0},
    {.bitmap_index = 95721, .adv_w = 214, .box_w = 13, .box_h = 18, .ofs_x = 0, .ofs_y = 0},
    {.bitmap_index = 95838, .adv_w = 260, .box_w = 17, .box_h = 22, .ofs_x = 0, .ofs_y = -1},
    {.bitmap_index = 96025, .adv_w = 217, .box_w = 15, .box_h = 22, .ofs_x = -1, .ofs_y = -5},
    {.bitmap_index = 96190, .adv_w = 260, .box_w = 17, .box_h = 23, .ofs_x = 0, .ofs_y = -1},
    {.bitmap_index = 96386, .adv_w = 217, .box_w = 15, .box_h = 23, .ofs_x = -1, .ofs_y = -5},
    {.bitmap_index = 96559, .adv_w = 260, .box_w = 17, .box_h = 23, .ofs_x = 0, .ofs_y = -1},
    {.bitmap_index = 96755, .adv_w = 217, .box_w = 15, .box_h = 23, .ofs_x = -1, .ofs_y = -5},
    {.bitmap_index = 96928, .adv_w = 266, .box_w = 15, .box_h = 21, .ofs_x = 0, .ofs_y = 0},
    {.bitmap_index = 97086, .adv_w = 229, .box_w = 13, .box_h = 18, .ofs_x = 0, .ofs_y = 0},
    {.bitmap_index = 97203, .adv_w = 215, .box_w = 12, .box_h = 21, .ofs_x = 2, .ofs_y = -4},
    {.bitmap_index = 97329, .adv_w = 184, .box_w = 11, .box_h = 16, .ofs_x = 1, .ofs_y = -3},
    {.bitmap_index = 97417, .adv_w = 372, .box_w = 19, .box_h = 21, .ofs_x = 2, .ofs_y = 0},
    {.bitmap_index = 97617, .adv_w = 306, .box_w = 17, .box_h = 18, .ofs_x = 1, .ofs_y = 0},
    {.bitmap_index = 97770, .adv_w = 231, .box_w = 14, .box_h = 22, .ofs_x = 0, .ofs_y = -5},
    {.bitmap_index = 97924, .adv_w = 186, .box_w = 12, .box_h = 18, .ofs_x = 0, .ofs_y = -5},
    {.bitmap_index = 98032, .adv_w = 256, .box_w = 16, .box_h = 22, .ofs_x = 0, .ofs_y = -5},
    {.bitmap_index = 98208, .adv_w = 208, .box_w = 13, .box_h = 18, .ofs_x = 0, .ofs_y = -5},
    {.bitmap_index = 98325, .adv_w = 259, .box_w = 16, .box_h = 17, .ofs_x = 0, .ofs_y = 0},
    {.bitmap_index = 98461, .adv_w = 216, .box_w = 14, .box_h = 13, .ofs_x = 0, .ofs_y = 0},
    {.bitmap_index = 98552, .adv_w = 258, .box_w = 0, .box_h = 0, .ofs_x = 0, .ofs_y = 0},
    {.bitmap_index = 98552, .adv_w = 90, .box_w = 0, .box_h = 0, .ofs_x = 0, .ofs_y = 0},
    {.bitmap_index = 98552, .adv_w = 51, .box_w = 0, .box_h = 0, .ofs_x = 0, .ofs_y = 0},
    {.bitmap_index = 98552, .adv_w = 37, .box_w = 0, .box_h = 0, .ofs_x = 0, .ofs_y = 0},
    {.bitmap_index = 98552, .adv_w = 0, .box_w = 0, .box_h = 0, .ofs_x = 0, .ofs_y = 0},
    {.bitmap_index = 98552, .adv_w = 142, .box_w = 7, .box_h = 3, .ofs_x = 1, .ofs_y = 5},
    {.bitmap_index = 98563, .adv_w = 258, .box_w = 15, .box_h = 2, .ofs_x = 1, .ofs_y = 8},
    {.bitmap_index = 98578, .adv_w = 184, .box_w = 12, .box_h = 2, .ofs_x = 0, .ofs_y = 6},
    {.bitmap_index = 98590, .adv_w = 368, .box_w = 23, .box_h = 2, .ofs_x = 0, .ofs_y = 6},
    {.bitmap_index = 98613, .adv_w = 368, .box_w = 23, .box_h = 2, .ofs_x = 0, .ofs_y = 6},
    {.bitmap_index = 98636, .adv_w = 90, .box_w = 5, .box_h = 7, .ofs_x = 0, .ofs_y = 11},
    {.bitmap_index = 98654, .adv_w = 90, .box_w = 5, .box_h = 8, .ofs_x = 0, .ofs_y = 10},
    {.bitmap_index = 98674, .adv_w = 90, .box_w = 5, .box_h = 8, .ofs_x = 0, .ofs_y = -4},
    {.bitmap_index = 98694, .adv_w = 168, .box_w = 10, .box_h = 7, .ofs_x = 0, .ofs_y = 11},
    {.bitmap_index = 98729, .adv_w = 168, .box_w = 10, .box_h = 8, .ofs_x = 0, .ofs_y = 10},
    {.bitmap_index = 98769, .adv_w = 168, .box_w = 10, .box_h = 8, .ofs_x = 0, .ofs_y = -4},
    {.bitmap_index = 98809, .adv_w = 212, .box_w = 13, .box_h = 22, .ofs_x = 0, .ofs_y = -5},
    {.bitmap_index = 98952, .adv_w = 212, .box_w = 13, .box_h = 22, .ofs_x = 0, .ofs_y = -5},
    {.bitmap_index = 99095, .adv_w = 123, .box_w = 6, .box_h = 6, .ofs_x = 1, .ofs_y = 4},
    {.bitmap_index = 99113, .adv_w = 273, .box_w = 17, .box_h = 4, .ofs_x = 0, .ofs_y = 0},
    {.bitmap_index = 99147, .adv_w = 454, .box_w = 28, .box_h = 17, .ofs_x = 0, .ofs_y = 0},
    {.bitmap_index = 99385, .adv_w = 81, .box_w = 3, .box_h = 7, .ofs_x = 1, .ofs_y = 10},
    {.bitmap_index = 99396, .adv_w = 152, .box_w = 8, .box_h = 7, .ofs_x = 1, .ofs_y = 10},
    {.bitmap_index = 99424, .adv_w = 120, .box_w = 7, .box_h = 10, .ofs_x = 0, .ofs_y = 2},
    {.bitmap_index = 99459, .adv_w = 120, .box_w = 7, .box_h = 10, .ofs_x = 0, .ofs_y = 2},
    {.bitmap_index = 99494, .adv_w = 66, .box_w = 14, .box_h = 17, .ofs_x = -5, .ofs_y = 0},
    {.bitmap_index = 99613, .adv_w = 208, .box_w = 11, .box_h = 17, .ofs_x = 1, .ofs_y = 0},
    {.bitmap_index = 99707, .adv_w = 264, .box_w = 16, .box_h = 23, .ofs_x = 1, .ofs_y = -3},
    {.bitmap_index = 99891, .adv_w = 248, .box_w = 15, .box_h = 17, .ofs_x = 0, .ofs_y = 0},
    {.bitmap_index = 100019, .adv_w = 242, .box_w = 15, .box_h = 17, .ofs_x = 0, .ofs_y = 0},
    {.bitmap_index = 100147, .adv_w = 328, .box_w = 20, .box_h = 17, .ofs_x = 0, .ofs_y = 0},
    {.bitmap_index = 100317, .adv_w = 615, .box_w = 36, .box_h = 17, .ofs_x = 2, .ofs_y = 0},
    {.bitmap_index = 100623, .adv_w = 449, .box_w = 28, .box_h = 17, .ofs_x = 0, .ofs_y = 0},
    {.bitmap_index = 100861, .adv_w = 253, .box_w = 16, .box_h = 21, .ofs_x = 0, .ofs_y = -3},
    {.bitmap_index = 101029, .adv_w = 296, .box_w = 18, .box_h = 17, .ofs_x = 0, .ofs_y = 0},
    {.bitmap_index = 101182, .adv_w = 256, .box_w = 17, .box_h = 17, .ofs_x = 0, .ofs_y = 0},
    {.bitmap_index = 101327, .adv_w = 255, .box_w = 14, .box_h = 17, .ofs_x = 1, .ofs_y = 0},
    {.bitmap_index = 101446, .adv_w = 315, .box_w = 19, .box_h = 17, .ofs_x = 0, .ofs_y = 0},
    {.bitmap_index = 101608, .adv_w = 284, .box_w = 16, .box_h = 23, .ofs_x = 1, .ofs_y = -3},
    {.bitmap_index = 101792, .adv_w = 304, .box_w = 17, .box_h = 17, .ofs_x = 1, .ofs_y = 0},
    {.bitmap_index = 101937, .adv_w = 264, .box_w = 16, .box_h = 23, .ofs_x = 1, .ofs_y = -3},
    {.bitmap_index = 102121, .adv_w = 267, .box_w = 15, .box_h = 17, .ofs_x = 1, .ofs_y = 0},
    {.bitmap_index = 102249, .adv_w = 266, .box_w = 16, .box_h = 17, .ofs_x = 0, .ofs_y = 0},
    {.bitmap_index = 102385, .adv_w = 269, .box_w = 16, .box_h = 17, .ofs_x = 0, .ofs_y = 0},
    {.bitmap_index = 102521, .adv_w = 336, .box_w = 17, .box_h = 20, .ofs_x = 2, .ofs_y = 0},
    {.bitmap_index = 102691, .adv_w = 280, .box_w = 17, .box_h = 17, .ofs_x = 0, .ofs_y = 0},
    {.bitmap_index = 102836, .adv_w = 298, .box_w = 15, .box_h = 23, .ofs_x = 2, .ofs_y = -3},
    {.bitmap_index = 103009, .adv_w = 221, .box_w = 12, .box_h = 11, .ofs_x = 1, .ofs_y = 1},
    {.bitmap_index = 103075, .adv_w = 221, .box_w = 11, .box_h = 11, .ofs_x = 1, .ofs_y = 1},
    {.bitmap_index = 103136, .adv_w = 221, .box_w = 11, .box_h = 11, .ofs_x = 1, .ofs_y = 1},
    {.bitmap_index = 103197, .adv_w = 221, .box_w = 10, .box_h = 12, .ofs_x = 2, .ofs_y = 0},
    {.bitmap_index = 103257, .adv_w = 286, .box_w = 17, .box_h = 11, .ofs_x = 0, .ofs_y = 1},
    {.bitmap_index = 103351, .adv_w = 221, .box_w = 11, .box_h = 16, .ofs_x = 1, .ofs_y = 0},
    {.bitmap_index = 103439, .adv_w = 221, .box_w = 10, .box_h = 11, .ofs_x = 2, .ofs_y = 1},
    {.bitmap_index = 103494, .adv_w = 221, .box_w = 10, .box_h = 11, .ofs_x = 2, .ofs_y = 1},
    {.bitmap_index = 103549, .adv_w = 221, .box_w = 10, .box_h = 11, .ofs_x = 2, .ofs_y = 1},
    {.bitmap_index = 103604, .adv_w = 221, .box_w = 10, .box_h = 11, .ofs_x = 2, .ofs_y = 1}
};

/*---------------------
 *  CHARACTER MAPPING
 *--------------------*/

static const uint8_t glyph_id_ofs_list_3[] = {
    0, 1, 2, 3, 4, 5, 6, 0,
    7, 8, 9, 10, 11, 12, 13, 0,
    14, 15, 16, 17, 18, 19, 20, 21,
    22, 23, 24, 25, 0, 0, 26, 27,
    28, 0, 0, 29, 0, 0, 30, 31,
    32, 33, 34, 35, 36, 37, 38, 39,
    40, 41, 42, 43
};

static const uint8_t glyph_id_ofs_list_6[] = {
    0, 1, 0, 0, 2, 3, 4, 5,
    6, 7, 8, 9, 10, 11, 12, 13,
    14, 15, 0, 0, 0, 16, 0, 0,
    17, 18, 19, 20, 21
};

static const uint16_t unicode_list_8[] = {
    0x0, 0x7, 0x13, 0x15, 0x27, 0x28, 0x2c, 0x33
};

static const uint16_t unicode_list_10[] = {
    0x0, 0x1, 0x8, 0x9, 0x10, 0x11, 0x12, 0x13
};

static const uint16_t unicode_list_12[] = {
    0x0, 0x1, 0x2, 0x3, 0x4, 0x9, 0xb, 0xc,
    0xd, 0xe, 0x11, 0x12, 0x13, 0x15, 0x16, 0x17,
    0x19, 0x1a, 0x1b, 0x1f, 0x29, 0x2b, 0x2c, 0x32,
    0x33, 0x3d, 0x4b, 0x9a, 0x9c, 0x9d, 0x9f, 0xa0,
    0xa2, 0xa4, 0xa5, 0xa6, 0xa7, 0xaa, 0xab, 0xad,
    0xae, 0xb1, 0xb2, 0xb3, 0xb5, 0xb6, 0xb8
};

/*Collect the unicode lists and glyph_id offsets*/
static const lv_font_fmt_txt_cmap_t cmaps[] =
{
    {
        .range_start = 32, .range_length = 95, .glyph_id_start = 1,
        .unicode_list = NULL, .glyph_id_ofs_list = NULL, .list_length = 0, .type = LV_FONT_FMT_TXT_CMAP_FORMAT0_TINY
    },
    {
        .range_start = 160, .range_length = 13, .glyph_id_start = 96,
        .unicode_list = NULL, .glyph_id_ofs_list = NULL, .list_length = 0, .type = LV_FONT_FMT_TXT_CMAP_FORMAT0_TINY
    },
    {
        .range_start = 174, .range_length = 214, .glyph_id_start = 109,
        .unicode_list = NULL, .glyph_id_ofs_list = NULL, .list_length = 0, .type = LV_FONT_FMT_TXT_CMAP_FORMAT0_TINY
    },
    {
        .range_start = 390, .range_length = 52, .glyph_id_start = 323,
        .unicode_list = NULL, .glyph_id_ofs_list = glyph_id_ofs_list_3, .list_length = 52, .type = LV_FONT_FMT_TXT_CMAP_FORMAT0_FULL
    },
    {
        .range_start = 448, .range_length = 54, .glyph_id_start = 367,
        .unicode_list = NULL, .glyph_id_ofs_list = NULL, .list_length = 0, .type = LV_FONT_FMT_TXT_CMAP_FORMAT0_TINY
    },
    {
        .range_start = 504, .range_length = 41, .glyph_id_start = 421,
        .unicode_list = NULL, .glyph_id_ofs_list = NULL, .list_length = 0, .type = LV_FONT_FMT_TXT_CMAP_FORMAT0_TINY
    },
    {
        .range_start = 546, .range_length = 29, .glyph_id_start = 462,
        .unicode_list = NULL, .glyph_id_ofs_list = glyph_id_ofs_list_6, .list_length = 29, .type = LV_FONT_FMT_TXT_CMAP_FORMAT0_FULL
    },
    {
        .range_start = 577, .range_length = 15, .glyph_id_start = 484,
        .unicode_list = NULL, .glyph_id_ofs_list = NULL, .list_length = 0, .type = LV_FONT_FMT_TXT_CMAP_FORMAT0_TINY
    },
    {
        .range_start = 916, .range_length = 52, .glyph_id_start = 499,
        .unicode_list = unicode_list_8, .glyph_id_ofs_list = NULL, .list_length = 8, .type = LV_FONT_FMT_TXT_CMAP_SPARSE_TINY
    },
    {
        .range_start = 1024, .range_length = 96, .glyph_id_start = 507,
        .unicode_list = NULL, .glyph_id_ofs_list = NULL, .list_length = 0, .type = LV_FONT_FMT_TXT_CMAP_FORMAT0_TINY
    },
    {
        .range_start = 1122, .range_length = 20, .glyph_id_start = 603,
        .unicode_list = unicode_list_10, .glyph_id_ofs_list = NULL, .list_length = 8, .type = LV_FONT_FMT_TXT_CMAP_SPARSE_TINY
    },
    {
        .range_start = 1162, .range_length = 118, .glyph_id_start = 611,
        .unicode_list = NULL, .glyph_id_ofs_list = NULL, .list_length = 0, .type = LV_FONT_FMT_TXT_CMAP_FORMAT0_TINY
    },
    {
        .range_start = 8199, .range_length = 185, .glyph_id_start = 729,
        .unicode_list = unicode_list_12, .glyph_id_ofs_list = NULL, .list_length = 47, .type = LV_FONT_FMT_TXT_CMAP_SPARSE_TINY
    },
    {
        .range_start = 8592, .range_length = 10, .glyph_id_start = 776,
        .unicode_list = NULL, .glyph_id_ofs_list = NULL, .list_length = 0, .type = LV_FONT_FMT_TXT_CMAP_FORMAT0_TINY
    }
};



/*--------------------
 *  ALL CUSTOM DATA
 *--------------------*/

#if LVGL_VERSION_MAJOR == 8
/*Store all the custom data of the font*/
static  lv_font_fmt_txt_glyph_cache_t cache;
#endif

#if LVGL_VERSION_MAJOR >= 8
static const lv_font_fmt_txt_dsc_t font_dsc = {
#else
static lv_font_fmt_txt_dsc_t font_dsc = {
#endif
    .glyph_bitmap = glyph_bitmap,
    .glyph_dsc = glyph_dsc,
    .cmaps = cmaps,
    .kern_dsc = NULL,
    .kern_scale = 0,
    .cmap_num = 14,
    .bpp = 4,
    .kern_classes = 0,
    .bitmap_format = 0,
#if LVGL_VERSION_MAJOR == 8
    .cache = &cache
#endif
};

extern const lv_font_t lv_font_montserrat_22;


/*-----------------
 *  PUBLIC FONT
 *----------------*/

/*Initialize a public general font descriptor*/
#if LVGL_VERSION_MAJOR >= 8
const lv_font_t scry_font_montserrat_semibold_23 = {
#else
lv_font_t scry_font_montserrat_semibold_23 = {
#endif
    .get_glyph_dsc = lv_font_get_glyph_dsc_fmt_txt,    /*Function pointer to get glyph's data*/
    .get_glyph_bitmap = lv_font_get_bitmap_fmt_txt,    /*Function pointer to get glyph's bitmap*/
    .line_height = 33,          /*The maximum line height required by the font*/
    .base_line = 7,             /*Baseline measured from the bottom of the line*/
#if !(LVGL_VERSION_MAJOR == 6 && LVGL_VERSION_MINOR == 0)
    .subpx = LV_FONT_SUBPX_NONE,
#endif
#if LV_VERSION_CHECK(7, 4, 0) || LVGL_VERSION_MAJOR >= 8
    .underline_position = -2,
    .underline_thickness = 1,
#endif
    .dsc = &font_dsc,          /*The custom font data. Will be accessed by `get_glyph_bitmap/dsc` */
#if LV_VERSION_CHECK(8, 2, 0) || LVGL_VERSION_MAJOR >= 9
    .fallback = &lv_font_montserrat_22,
#endif
    .user_data = NULL,
};



#endif /*#if SCRY_FONT_MONTSERRAT_SEMIBOLD_23*/

