/*******************************************************************************
 * Size: 20 px
 * Bpp: 4
 * Opts: --size 20 --bpp 4 --no-compress --format lvgl --lv-include lvgl.h --font assets/fonts/Dosis-SemiBold.ttf -r 0x20-0x7E -r 0xA0-0xFF -r 0x100-0x17F --lv-fallback lv_font_montserrat_20 --lv-font-name scry_font_dosis_semibold_20 -o src/fonts/scry_font_dosis_semibold_20.c
 ******************************************************************************/

#ifdef LV_LVGL_H_INCLUDE_SIMPLE
#include "lvgl.h"
#else
#include "lvgl.h"
#endif

#ifndef SCRY_FONT_DOSIS_SEMIBOLD_20
#define SCRY_FONT_DOSIS_SEMIBOLD_20 1
#endif

#if SCRY_FONT_DOSIS_SEMIBOLD_20

/*-----------------
 *    BITMAPS
 *----------------*/

/*Store the image of the glyphs*/
static LV_ATTRIBUTE_LARGE_CONST const uint8_t glyph_bitmap[] = {
    /* U+0020 " " */

    /* U+0021 "!" */
    0xb, 0xe1, 0xe, 0xf3, 0xe, 0xf2, 0xe, 0xf2,
    0xd, 0xf2, 0xd, 0xf1, 0xc, 0xf0, 0xc, 0xf0,
    0xb, 0xf0, 0xb, 0xf0, 0xa, 0xf0, 0x2, 0x50,
    0x3, 0x60, 0xf, 0xf4, 0xb, 0xe1,

    /* U+0022 "\"" */
    0x4e, 0x35, 0xe1, 0x5f, 0x37, 0xf2, 0x4f, 0x25,
    0xf0, 0x2f, 0x14, 0xf0, 0x1, 0x0, 0x10,

    /* U+0023 "#" */
    0x0, 0x0, 0x6e, 0x20, 0x3e, 0x60, 0x0, 0x0,
    0xa, 0xf3, 0x7, 0xf7, 0x0, 0x0, 0x0, 0xdf,
    0x0, 0x9f, 0x40, 0x0, 0x0, 0xf, 0xe0, 0xc,
    0xf2, 0x0, 0x9, 0xff, 0xff, 0xff, 0xff, 0xff,
    0x40, 0x5a, 0xcf, 0xda, 0xbf, 0xea, 0xa2, 0x0,
    0x8, 0xf6, 0x4, 0xfa, 0x0, 0x0, 0x0, 0xbf,
    0x30, 0x7f, 0x70, 0x0, 0x2a, 0xae, 0xfb, 0xad,
    0xfc, 0xa4, 0x5, 0xff, 0xff, 0xff, 0xff, 0xff,
    0x80, 0x0, 0x3f, 0xa0, 0xf, 0xe0, 0x0, 0x0,
    0x6, 0xf8, 0x3, 0xfb, 0x0, 0x0, 0x0, 0x9f,
    0x50, 0x5f, 0x90, 0x0, 0x0, 0x7, 0xe2, 0x5,
    0xe4, 0x0, 0x0,

    /* U+0024 "$" */
    0x0, 0x0, 0x2e, 0x0, 0x0, 0x0, 0x2a, 0xef,
    0xfc, 0x60, 0x3, 0xff, 0xff, 0xff, 0xf3, 0xb,
    0xf9, 0x2f, 0x5, 0x90, 0xf, 0xf1, 0x1f, 0x0,
    0x0, 0xf, 0xf3, 0x1f, 0x0, 0x0, 0xa, 0xfe,
    0x8f, 0x0, 0x0, 0x1, 0xdf, 0xff, 0x92, 0x0,
    0x0, 0x7, 0xef, 0xff, 0x50, 0x0, 0x0, 0x3f,
    0xdf, 0xf2, 0x0, 0x0, 0x3e, 0xc, 0xf8, 0x0,
    0x0, 0x3e, 0x6, 0xf9, 0x8, 0x20, 0x3e, 0x7,
    0xf8, 0x4f, 0xe6, 0x4e, 0x4e, 0xf4, 0xd, 0xff,
    0xff, 0xff, 0xa0, 0x0, 0x8d, 0xff, 0xc6, 0x0,
    0x0, 0x0, 0x2f, 0x0, 0x0, 0x0, 0x0, 0x0,
    0x0, 0x0,

    /* U+0025 "%" */
    0x0, 0x0, 0x0, 0x0, 0x0, 0x3e, 0x20, 0x0,
    0x6d, 0xfc, 0x30, 0x0, 0xb, 0xf1, 0x0, 0x2f,
    0xa5, 0xdd, 0x0, 0x2, 0xf8, 0x0, 0x5, 0xf2,
    0x6, 0xf0, 0x0, 0xaf, 0x10, 0x0, 0x5f, 0x20,
    0x5f, 0x10, 0x2f, 0x80, 0x0, 0x5, 0xf2, 0x5,
    0xf1, 0xa, 0xf1, 0x0, 0x0, 0x5f, 0x20, 0x5f,
    0x11, 0xf9, 0x0, 0x0, 0x3, 0xf7, 0x1a, 0xf0,
    0x9f, 0x10, 0x0, 0x0, 0x9, 0xff, 0xf6, 0x1f,
    0x90, 0x8f, 0xfc, 0x20, 0x1, 0x31, 0x8, 0xf2,
    0x4f, 0x74, 0xdb, 0x0, 0x0, 0x1, 0xf9, 0x7,
    0xf0, 0x8, 0xe0, 0x0, 0x0, 0x8f, 0x20, 0x7f,
    0x0, 0x8e, 0x0, 0x0, 0x1f, 0xa0, 0x7, 0xf0,
    0x8, 0xe0, 0x0, 0x7, 0xf2, 0x0, 0x7f, 0x0,
    0x8e, 0x0, 0x0, 0xea, 0x0, 0x4, 0xf9, 0x6e,
    0xb0, 0x0, 0x7f, 0x20, 0x0, 0x7, 0xef, 0xb2,
    0x0, 0x2, 0x50, 0x0, 0x0, 0x0, 0x0, 0x0,

    /* U+0026 "&" */
    0x0, 0x7, 0xdf, 0xe9, 0x10, 0x0, 0x0, 0x9,
    0xff, 0xdf, 0xfd, 0x0, 0x0, 0x2, 0xff, 0x30,
    0xb, 0xf3, 0x0, 0x0, 0x4f, 0xb0, 0x0, 0x4,
    0x0, 0x0, 0x4, 0xfc, 0x0, 0x0, 0x0, 0x0,
    0x0, 0xf, 0xf3, 0x0, 0x0, 0x0, 0x0, 0x0,
    0x6f, 0xd1, 0x0, 0x0, 0x0, 0x0, 0x4, 0xff,
    0xc0, 0x0, 0x7, 0x20, 0x4, 0xff, 0xdf, 0xa0,
    0x4, 0xf8, 0x0, 0xef, 0x60, 0xcf, 0x80, 0x5f,
    0x70, 0x5f, 0xd0, 0x1, 0xdf, 0x78, 0xf5, 0x6,
    0xfc, 0x0, 0x1, 0xef, 0xef, 0x10, 0x4f, 0xf1,
    0x0, 0x2, 0xff, 0xa0, 0x0, 0xef, 0xb2, 0x1,
    0x9f, 0xff, 0x30, 0x4, 0xff, 0xff, 0xff, 0xe7,
    0xfe, 0x10, 0x2, 0xae, 0xfe, 0x91, 0x5, 0xe2,

    /* U+0027 "'" */
    0x4e, 0x35, 0xf3, 0x4f, 0x22, 0xf1, 0x1, 0x0,

    /* U+0028 "(" */
    0x1, 0x9e, 0xe0, 0x1e, 0xff, 0xe0, 0xaf, 0xd2,
    0x0, 0xef, 0x40, 0x0, 0xff, 0x30, 0x0, 0xff,
    0x30, 0x0, 0xff, 0x30, 0x0, 0xff, 0x30, 0x0,
    0xff, 0x30, 0x0, 0xff, 0x30, 0x0, 0xff, 0x30,
    0x0, 0xff, 0x30, 0x0, 0xef, 0x30, 0x0, 0xbf,
    0xb1, 0x0, 0x3f, 0xff, 0xe0, 0x3, 0xbf, 0xe0,

    /* U+0029 ")" */
    0x7f, 0xc5, 0x0, 0x7f, 0xff, 0x70, 0x0, 0x8f,
    0xf2, 0x0, 0xc, 0xf6, 0x0, 0xb, 0xf7, 0x0,
    0xb, 0xf7, 0x0, 0xb, 0xf7, 0x0, 0xb, 0xf7,
    0x0, 0xb, 0xf7, 0x0, 0xb, 0xf7, 0x0, 0xb,
    0xf7, 0x0, 0xb, 0xf7, 0x0, 0xb, 0xf6, 0x0,
    0x5f, 0xf3, 0x7f, 0xff, 0xb0, 0x7f, 0xd7, 0x0,

    /* U+002A "*" */
    0x0, 0x1, 0xe3, 0x0, 0x0, 0x0, 0x2f, 0x50,
    0x0, 0x2a, 0x52, 0xf4, 0x39, 0x34, 0xff, 0xff,
    0xff, 0xf6, 0x1, 0x5d, 0xff, 0x51, 0x0, 0x3,
    0xfd, 0xf7, 0x0, 0x0, 0xde, 0x1c, 0xf2, 0x0,
    0x1e, 0x40, 0x2e, 0x40,

    /* U+002B "+" */
    0x0, 0x4, 0xe2, 0x0, 0x0, 0x0, 0x7f, 0x50,
    0x0, 0x0, 0x7, 0xf5, 0x0, 0x3, 0xdd, 0xef,
    0xed, 0xd2, 0x4f, 0xff, 0xff, 0xff, 0x20, 0x0,
    0x7f, 0x50, 0x0, 0x0, 0x7, 0xf5, 0x0, 0x0,
    0x0, 0x5f, 0x30, 0x0, 0x0, 0x0, 0x0, 0x0,
    0x0,

    /* U+002C "," */
    0x3, 0x10, 0x3f, 0xe0, 0x2f, 0xd0, 0xd, 0x80,
    0x1e, 0x10,

    /* U+002D "-" */
    0x1c, 0xdd, 0xdd, 0xd2, 0x1f, 0xff, 0xff, 0xf3,

    /* U+002E "." */
    0x6, 0x30, 0x4f, 0xe0, 0x2e, 0xa0,

    /* U+002F "/" */
    0x0, 0x0, 0x0, 0x3, 0xe2, 0x0, 0x0, 0x0,
    0xb, 0xf1, 0x0, 0x0, 0x0, 0x3f, 0x80, 0x0,
    0x0, 0x0, 0xaf, 0x10, 0x0, 0x0, 0x2, 0xf9,
    0x0, 0x0, 0x0, 0x9, 0xf2, 0x0, 0x0, 0x0,
    0x1f, 0xa0, 0x0, 0x0, 0x0, 0x9f, 0x20, 0x0,
    0x0, 0x1, 0xfb, 0x0, 0x0, 0x0, 0x8, 0xf3,
    0x0, 0x0, 0x0, 0xe, 0xb0, 0x0, 0x0, 0x0,
    0x7f, 0x40, 0x0, 0x0, 0x0, 0xec, 0x0, 0x0,
    0x0, 0x6, 0xf5, 0x0, 0x0, 0x0, 0xd, 0xd0,
    0x0, 0x0, 0x0, 0x5f, 0x50, 0x0, 0x0, 0x0,
    0x7d, 0x0, 0x0, 0x0, 0x0,

    /* U+0030 "0" */
    0x2, 0xae, 0xfe, 0x91, 0x2, 0xef, 0xff, 0xff,
    0xe2, 0xaf, 0xd2, 0x2, 0xdf, 0x9e, 0xf4, 0x0,
    0x5, 0xfe, 0xff, 0x20, 0x0, 0x2f, 0xff, 0xf2,
    0x0, 0x2, 0xff, 0xff, 0x21, 0xa1, 0x2f, 0xff,
    0xf2, 0x3e, 0x22, 0xff, 0xff, 0x20, 0x0, 0x2f,
    0xff, 0xf2, 0x0, 0x2, 0xff, 0xff, 0x20, 0x0,
    0x2f, 0xfe, 0xf4, 0x0, 0x5, 0xfe, 0xaf, 0xd2,
    0x2, 0xdf, 0x92, 0xef, 0xff, 0xff, 0xe2, 0x2,
    0xae, 0xfe, 0x91, 0x0,

    /* U+0031 "1" */
    0x0, 0x9d, 0x0, 0xaf, 0xf2, 0x9f, 0xff, 0x2b,
    0x8f, 0xf2, 0x0, 0xff, 0x20, 0xf, 0xf2, 0x0,
    0xff, 0x20, 0xf, 0xf2, 0x0, 0xff, 0x20, 0xf,
    0xf2, 0x0, 0xff, 0x20, 0xf, 0xf2, 0x0, 0xff,
    0x20, 0xf, 0xf2, 0x0, 0xcd, 0x0,

    /* U+0032 "2" */
    0x0, 0x4b, 0xff, 0xb3, 0x0, 0x5, 0xff, 0xff,
    0xff, 0x40, 0xe, 0xfa, 0x11, 0xaf, 0xe0, 0x1f,
    0xf0, 0x0, 0xf, 0xf3, 0xb, 0x90, 0x0, 0xe,
    0xf3, 0x0, 0x0, 0x0, 0x4f, 0xf0, 0x0, 0x0,
    0x2, 0xef, 0x70, 0x0, 0x0, 0x5f, 0xfa, 0x0,
    0x0, 0x8, 0xff, 0x80, 0x0, 0x0, 0xbf, 0xe5,
    0x0, 0x0, 0xb, 0xfd, 0x10, 0x0, 0x0, 0x4f,
    0xf1, 0x0, 0x0, 0x0, 0x6f, 0xc0, 0x0, 0x0,
    0x0, 0x6f, 0xff, 0xff, 0xff, 0xe2, 0x4f, 0xff,
    0xff, 0xff, 0xf2,

    /* U+0033 "3" */
    0x0, 0x6c, 0xff, 0xc6, 0x0, 0x8, 0xff, 0xff,
    0xff, 0x70, 0xf, 0xf5, 0x0, 0x9f, 0xd0, 0x2f,
    0xd0, 0x0, 0x1f, 0xf0, 0x4, 0x20, 0x0, 0x1f,
    0xe0, 0x0, 0x0, 0x1, 0x9f, 0x90, 0x0, 0x0,
    0xaf, 0xfc, 0x0, 0x0, 0x0, 0x7d, 0xff, 0x60,
    0x0, 0x0, 0x0, 0x4f, 0xf2, 0x0, 0x0, 0x0,
    0xc, 0xf5, 0x39, 0x30, 0x0, 0xb, 0xf6, 0x8f,
    0xa0, 0x0, 0xd, 0xf5, 0x4f, 0xf4, 0x0, 0x7f,
    0xf1, 0xb, 0xff, 0xff, 0xff, 0x70, 0x0, 0x7d,
    0xff, 0xc5, 0x0,

    /* U+0034 "4" */
    0x0, 0x0, 0xd, 0xb0, 0x0, 0x0, 0x0, 0x7f,
    0xb0, 0x0, 0x0, 0x0, 0xef, 0x40, 0x0, 0x0,
    0x6, 0xfc, 0x0, 0x0, 0x0, 0xd, 0xf5, 0x0,
    0x0, 0x0, 0x5f, 0xd0, 0x0, 0x0, 0x0, 0xdf,
    0x63, 0xfa, 0x0, 0x5, 0xfe, 0x5, 0xfc, 0x0,
    0xc, 0xf7, 0x5, 0xfc, 0x0, 0x4f, 0xf1, 0x15,
    0xfc, 0x0, 0xbf, 0xff, 0xff, 0xff, 0xf5, 0xcf,
    0xff, 0xff, 0xff, 0xf5, 0x0, 0x0, 0x5, 0xfc,
    0x0, 0x0, 0x0, 0x5, 0xfc, 0x0, 0x0, 0x0,
    0x3, 0xea, 0x0,

    /* U+0035 "5" */
    0x5, 0xff, 0xff, 0xff, 0x80, 0x7, 0xff, 0xff,
    0xff, 0x70, 0x8, 0xf5, 0x0, 0x0, 0x0, 0xa,
    0xf4, 0x0, 0x0, 0x0, 0xb, 0xf3, 0x0, 0x0,
    0x0, 0xc, 0xf2, 0x0, 0x0, 0x0, 0xd, 0xff,
    0xff, 0xc6, 0x0, 0x8, 0xcc, 0xcd, 0xff, 0x80,
    0x0, 0x0, 0x0, 0x5f, 0xf1, 0x0, 0x0, 0x0,
    0xd, 0xf5, 0x27, 0x20, 0x0, 0xb, 0xf6, 0x8f,
    0x90, 0x0, 0xd, 0xf4, 0x5f, 0xf4, 0x0, 0x8f,
    0xf1, 0xc, 0xff, 0xff, 0xff, 0x80, 0x0, 0x7d,
    0xff, 0xc5, 0x0,

    /* U+0036 "6" */
    0x1, 0x9e, 0xfe, 0xa2, 0x2, 0xef, 0xff, 0xff,
    0xf3, 0xaf, 0xd3, 0x2, 0xbf, 0xbe, 0xf5, 0x0,
    0x3, 0xff, 0xff, 0x20, 0x0, 0x7, 0x6f, 0xf2,
    0x0, 0x0, 0x0, 0xff, 0x5b, 0xff, 0xc4, 0xf,
    0xff, 0xed, 0xff, 0xf4, 0xff, 0xa0, 0x0, 0xbf,
    0xbf, 0xf3, 0x0, 0x3, 0xfe, 0xff, 0x20, 0x0,
    0x2f, 0xfe, 0xf4, 0x0, 0x4, 0xfe, 0xaf, 0xc1,
    0x1, 0xcf, 0xa2, 0xef, 0xfe, 0xff, 0xe2, 0x2,
    0xae, 0xfe, 0xa2, 0x0,

    /* U+0037 "7" */
    0x6f, 0xff, 0xff, 0xff, 0xf4, 0x9f, 0xff, 0xff,
    0xff, 0xf6, 0x9f, 0x80, 0x0, 0xb, 0xf6, 0x9f,
    0x80, 0x0, 0xd, 0xf3, 0x28, 0x20, 0x0, 0x6f,
    0xc0, 0x0, 0x0, 0x0, 0xef, 0x40, 0x0, 0x0,
    0x7, 0xfc, 0x0, 0x0, 0x0, 0x1e, 0xf4, 0x0,
    0x0, 0x0, 0x8f, 0xc0, 0x0, 0x0, 0x1, 0xff,
    0x40, 0x0, 0x0, 0x9, 0xfb, 0x0, 0x0, 0x0,
    0x2f, 0xf3, 0x0, 0x0, 0x0, 0xaf, 0xb0, 0x0,
    0x0, 0x2, 0xff, 0x30, 0x0, 0x0, 0x1, 0xda,
    0x0, 0x0, 0x0,

    /* U+0038 "8" */
    0x0, 0x4b, 0xff, 0xd8, 0x0, 0x3, 0xff, 0xfe,
    0xff, 0xa0, 0xa, 0xfa, 0x0, 0x4f, 0xf1, 0xc,
    0xf4, 0x0, 0xd, 0xf4, 0xb, 0xf4, 0x0, 0xd,
    0xf2, 0x6, 0xfc, 0x20, 0x6f, 0xd0, 0x0, 0x9f,
    0xff, 0xfd, 0x20, 0x1, 0xcf, 0xfe, 0xff, 0x60,
    0xc, 0xf8, 0x0, 0x2e, 0xf3, 0x2f, 0xf0, 0x0,
    0x8, 0xf9, 0x4f, 0xd0, 0x0, 0x6, 0xfb, 0x3f,
    0xf0, 0x0, 0x8, 0xfa, 0xf, 0xf8, 0x0, 0x2e,
    0xf6, 0x7, 0xff, 0xfe, 0xff, 0xd0, 0x0, 0x5c,
    0xff, 0xd8, 0x10,

    /* U+0039 "9" */
    0x0, 0x4b, 0xef, 0xd8, 0x0, 0x5, 0xff, 0xfe,
    0xff, 0xc0, 0xd, 0xf9, 0x0, 0x2e, 0xf6, 0x1f,
    0xf0, 0x0, 0x7, 0xfa, 0x3f, 0xe0, 0x0, 0x5,
    0xfc, 0x2f, 0xf0, 0x0, 0x6, 0xfc, 0xf, 0xf7,
    0x0, 0x1d, 0xfc, 0x8, 0xff, 0xec, 0xff, 0xfc,
    0x0, 0x7d, 0xff, 0xa7, 0xfc, 0x0, 0x0, 0x0,
    0x5, 0xfc, 0x8, 0x50, 0x0, 0x5, 0xfc, 0x2f,
    0xe0, 0x0, 0x8, 0xfa, 0xe, 0xf9, 0x10, 0x4f,
    0xf6, 0x6, 0xff, 0xff, 0xff, 0xc0, 0x0, 0x4b,
    0xef, 0xd8, 0x0,

    /* U+003A ":" */
    0xb, 0xd1, 0xf, 0xf3, 0x4, 0x50, 0x0, 0x0,
    0x0, 0x0, 0x0, 0x0, 0x4, 0x50, 0xf, 0xf3,
    0xb, 0xd1,

    /* U+003B ";" */
    0xa, 0xe1, 0xf, 0xf4, 0x3, 0x60, 0x0, 0x0,
    0x0, 0x0, 0x0, 0x0, 0x2, 0x30, 0xf, 0xf2,
    0xd, 0xf2, 0x9, 0xc0, 0xc, 0x50,

    /* U+003C "<" */
    0x0, 0x0, 0x7, 0xe3, 0x0, 0x2, 0xcf, 0xf3,
    0x0, 0x6f, 0xfc, 0x20, 0x1b, 0xff, 0x70, 0x0,
    0x7f, 0xf4, 0x0, 0x0, 0x1b, 0xff, 0x60, 0x0,
    0x0, 0x6f, 0xfb, 0x10, 0x0, 0x2, 0xcf, 0xe3,
    0x0, 0x0, 0x7, 0xf3, 0x0, 0x0, 0x0, 0x0,

    /* U+003D "=" */
    0xaf, 0xff, 0xff, 0x78, 0xdd, 0xdd, 0xd6, 0x0,
    0x0, 0x0, 0x0, 0x0, 0x0, 0x0, 0x8d, 0xdd,
    0xdd, 0x6a, 0xff, 0xff, 0xf7,

    /* U+003E ">" */
    0xd, 0xa1, 0x0, 0x0, 0xd, 0xfe, 0x40, 0x0,
    0x0, 0x9f, 0xf9, 0x0, 0x0, 0x4, 0xef, 0xd3,
    0x0, 0x0, 0x1e, 0xfb, 0x0, 0x3, 0xdf, 0xe3,
    0x0, 0x8f, 0xfa, 0x0, 0xc, 0xfe, 0x40, 0x0,
    0xe, 0xa1, 0x0, 0x0, 0x0, 0x0, 0x0, 0x0,

    /* U+003F "?" */
    0x5, 0xcf, 0xfb, 0x30, 0x5f, 0xfb, 0xcf, 0xf3,
    0x5c, 0x10, 0x4, 0xfb, 0x0, 0x0, 0x0, 0xee,
    0x0, 0x0, 0x0, 0xfb, 0x0, 0x0, 0xa, 0xf4,
    0x0, 0x0, 0x9f, 0x80, 0x0, 0x7, 0xf8, 0x0,
    0x0, 0xe, 0xc0, 0x0, 0x0, 0xf, 0x90, 0x0,
    0x0, 0xe, 0x70, 0x0, 0x0, 0x0, 0x0, 0x0,
    0x0, 0x6, 0x20, 0x0, 0x0, 0x6f, 0xd0, 0x0,
    0x0, 0x3e, 0x90, 0x0,

    /* U+0040 "@" */
    0x0, 0x0, 0x0, 0x0, 0x0, 0x0, 0x0, 0x0,
    0x0, 0x6c, 0xff, 0xfd, 0x81, 0x0, 0x0, 0x1c,
    0xf9, 0x54, 0x58, 0xfe, 0x20, 0x0, 0xbd, 0x21,
    0x68, 0x50, 0x1d, 0xd0, 0x5, 0xf3, 0x2f, 0xff,
    0xfd, 0x2, 0xf7, 0xa, 0xc0, 0x17, 0x10, 0x8f,
    0x50, 0xbc, 0xe, 0x80, 0x0, 0x0, 0x1f, 0x70,
    0x8e, 0xf, 0x60, 0x6, 0xbd, 0xef, 0x80, 0x6f,
    0xf, 0x50, 0x8f, 0x93, 0x1f, 0x80, 0x7e, 0xf,
    0x70, 0xbf, 0x0, 0x2f, 0x80, 0x9c, 0xd, 0x90,
    0x9f, 0x64, 0xce, 0xc4, 0xe6, 0x8, 0xe0, 0x1b,
    0xfd, 0x43, 0xdf, 0x90, 0x1, 0xf9, 0x0, 0x0,
    0x0, 0x0, 0x0, 0x0, 0x5f, 0xb4, 0x11, 0x5a,
    0x10, 0x0, 0x0, 0x4, 0xcf, 0xff, 0xfa, 0x0,
    0x0, 0x0, 0x0, 0x1, 0x33, 0x0, 0x0, 0x0,

    /* U+0041 "A" */
    0x0, 0x0, 0x8f, 0xb0, 0x0, 0x0, 0x0, 0xf,
    0xff, 0x20, 0x0, 0x0, 0x4, 0xff, 0xf7, 0x0,
    0x0, 0x0, 0x9f, 0xbf, 0xc0, 0x0, 0x0, 0xd,
    0xf2, 0xff, 0x10, 0x0, 0x2, 0xfd, 0xb, 0xf6,
    0x0, 0x0, 0x7f, 0x90, 0x6f, 0xa0, 0x0, 0xc,
    0xf4, 0x1, 0xff, 0x0, 0x1, 0xff, 0x0, 0xd,
    0xf4, 0x0, 0x6f, 0xb0, 0x0, 0x8f, 0x90, 0xa,
    0xff, 0xff, 0xff, 0xfe, 0x0, 0xff, 0xcc, 0xcc,
    0xcf, 0xf2, 0x4f, 0xe0, 0x0, 0x0, 0xbf, 0x79,
    0xfa, 0x0, 0x0, 0x6, 0xfc, 0x7f, 0x40, 0x0,
    0x0, 0x1e, 0xa0,

    /* U+0042 "B" */
    0x8f, 0xff, 0xff, 0xc6, 0x0, 0xbf, 0xff, 0xff,
    0xff, 0x60, 0xbf, 0x70, 0x1, 0xbf, 0xc0, 0xbf,
    0x70, 0x0, 0x4f, 0xe0, 0xbf, 0x70, 0x0, 0x4f,
    0xd0, 0xbf, 0x70, 0x1, 0xcf, 0x80, 0xbf, 0xff,
    0xff, 0xfb, 0x0, 0xbf, 0xec, 0xcd, 0xfe, 0x30,
    0xbf, 0x70, 0x0, 0x6f, 0xe0, 0xbf, 0x70, 0x0,
    0xe, 0xf3, 0xbf, 0x70, 0x0, 0xd, 0xf4, 0xbf,
    0x70, 0x0, 0xf, 0xf3, 0xbf, 0x70, 0x0, 0x9f,
    0xf0, 0xbf, 0xff, 0xff, 0xff, 0x80, 0x8f, 0xff,
    0xff, 0xd7, 0x0,

    /* U+0043 "C" */
    0x1, 0x8d, 0xfe, 0xb3, 0x0, 0xd, 0xff, 0xff,
    0xff, 0x50, 0x7f, 0xe4, 0x1, 0xaf, 0xe0, 0xbf,
    0x70, 0x0, 0x1f, 0xf1, 0xcf, 0x50, 0x0, 0x9,
    0xb0, 0xdf, 0x40, 0x0, 0x0, 0x0, 0xdf, 0x40,
    0x0, 0x0, 0x0, 0xdf, 0x40, 0x0, 0x0, 0x0,
    0xdf, 0x40, 0x0, 0x0, 0x0, 0xdf, 0x40, 0x0,
    0x0, 0x0, 0xcf, 0x50, 0x0, 0xc, 0xd0, 0xbf,
    0x70, 0x0, 0x1f, 0xf1, 0x7f, 0xe3, 0x1, 0xbf,
    0xd0, 0xd, 0xff, 0xff, 0xff, 0x40, 0x1, 0x8d,
    0xfe, 0xa3, 0x0,

    /* U+0044 "D" */
    0x8f, 0xff, 0xfe, 0xb4, 0x0, 0xbf, 0xff, 0xff,
    0xff, 0x50, 0xbf, 0x70, 0x1, 0xaf, 0xe0, 0xbf,
    0x70, 0x0, 0xf, 0xf2, 0xbf, 0x70, 0x0, 0xd,
    0xf4, 0xbf, 0x70, 0x0, 0xd, 0xf4, 0xbf, 0x70,
    0x0, 0xd, 0xf4, 0xbf, 0x70, 0x0, 0xd, 0xf4,
    0xbf, 0x70, 0x0, 0xd, 0xf4, 0xbf, 0x70, 0x0,
    0xd, 0xf4, 0xbf, 0x70, 0x0, 0xd, 0xf4, 0xbf,
    0x70, 0x0, 0xf, 0xf2, 0xbf, 0x70, 0x1, 0xaf,
    0xe0, 0xbf, 0xff, 0xff, 0xff, 0x50, 0x8f, 0xff,
    0xff, 0xb4, 0x0,

    /* U+0045 "E" */
    0x8f, 0xff, 0xff, 0xff, 0xe0, 0xbf, 0xff, 0xff,
    0xff, 0xd0, 0xbf, 0x70, 0x0, 0x0, 0x0, 0xbf,
    0x70, 0x0, 0x0, 0x0, 0xbf, 0x70, 0x0, 0x0,
    0x0, 0xbf, 0x70, 0x0, 0x0, 0x0, 0xbf, 0xec,
    0xcb, 0x0, 0x0, 0xbf, 0xff, 0xff, 0x10, 0x0,
    0xbf, 0x70, 0x0, 0x0, 0x0, 0xbf, 0x70, 0x0,
    0x0, 0x0, 0xbf, 0x70, 0x0, 0x0, 0x0, 0xbf,
    0x70, 0x0, 0x0, 0x0, 0xbf, 0x70, 0x0, 0x0,
    0x0, 0xbf, 0xff, 0xff, 0xff, 0xd0, 0x8f, 0xff,
    0xff, 0xff, 0xe0,

    /* U+0046 "F" */
    0x8f, 0xff, 0xff, 0xff, 0xdb, 0xff, 0xff, 0xff,
    0xfc, 0xbf, 0x70, 0x0, 0x0, 0xb, 0xf7, 0x0,
    0x0, 0x0, 0xbf, 0x70, 0x0, 0x0, 0xb, 0xf7,
    0x0, 0x0, 0x0, 0xbf, 0xec, 0xcb, 0x0, 0xb,
    0xff, 0xff, 0xf1, 0x0, 0xbf, 0x70, 0x0, 0x0,
    0xb, 0xf7, 0x0, 0x0, 0x0, 0xbf, 0x70, 0x0,
    0x0, 0xb, 0xf7, 0x0, 0x0, 0x0, 0xbf, 0x70,
    0x0, 0x0, 0xb, 0xf7, 0x0, 0x0, 0x0, 0x8e,
    0x40, 0x0, 0x0, 0x0,

    /* U+0047 "G" */
    0x1, 0x9d, 0xfe, 0xa3, 0x0, 0xd, 0xff, 0xff,
    0xff, 0x50, 0x7f, 0xe3, 0x1, 0xaf, 0xe0, 0xbf,
    0x70, 0x0, 0x1f, 0xf1, 0xcf, 0x50, 0x0, 0x9,
    0xb0, 0xdf, 0x40, 0x0, 0x0, 0x0, 0xdf, 0x40,
    0x0, 0x0, 0x0, 0xdf, 0x40, 0x8f, 0xff, 0xe1,
    0xdf, 0x40, 0x5c, 0xcf, 0xf2, 0xdf, 0x40, 0x0,
    0xf, 0xf2, 0xcf, 0x50, 0x0, 0xf, 0xf2, 0xbf,
    0x70, 0x0, 0x2f, 0xf0, 0x7f, 0xe3, 0x1, 0xbf,
    0xc0, 0xd, 0xff, 0xff, 0xff, 0x30, 0x1, 0x9d,
    0xfe, 0xa3, 0x0,

    /* U+0048 "H" */
    0x8f, 0x50, 0x0, 0x7, 0xf6, 0xbf, 0x70, 0x0,
    0x9, 0xf8, 0xbf, 0x70, 0x0, 0x9, 0xf8, 0xbf,
    0x70, 0x0, 0x9, 0xf8, 0xbf, 0x70, 0x0, 0x9,
    0xf8, 0xbf, 0x70, 0x0, 0x9, 0xf8, 0xbf, 0xdc,
    0xcc, 0xce, 0xf8, 0xbf, 0xff, 0xff, 0xff, 0xf8,
    0xbf, 0x70, 0x0, 0x9, 0xf8, 0xbf, 0x70, 0x0,
    0x9, 0xf8, 0xbf, 0x70, 0x0, 0x9, 0xf8, 0xbf,
    0x70, 0x0, 0x9, 0xf8, 0xbf, 0x70, 0x0, 0x9,
    0xf8, 0xbf, 0x70, 0x0, 0x9, 0xf8, 0x8e, 0x40,
    0x0, 0x6, 0xe6,

    /* U+0049 "I" */
    0x8e, 0x4b, 0xf7, 0xbf, 0x7b, 0xf7, 0xbf, 0x7b,
    0xf7, 0xbf, 0x7b, 0xf7, 0xbf, 0x7b, 0xf7, 0xbf,
    0x7b, 0xf7, 0xbf, 0x7b, 0xf7, 0x8e, 0x40,

    /* U+004A "J" */
    0x0, 0x0, 0xbf, 0xff, 0xe2, 0x0, 0x0, 0xaf,
    0xff, 0xf4, 0x0, 0x0, 0x0, 0xd, 0xf4, 0x0,
    0x0, 0x0, 0xd, 0xf4, 0x0, 0x0, 0x0, 0xd,
    0xf4, 0x0, 0x0, 0x0, 0xd, 0xf4, 0x0, 0x0,
    0x0, 0xd, 0xf4, 0x0, 0x0, 0x0, 0xd, 0xf4,
    0x0, 0x0, 0x0, 0xd, 0xf4, 0x0, 0x0, 0x0,
    0xd, 0xf4, 0x8e, 0x40, 0x0, 0xd, 0xf4, 0xaf,
    0x90, 0x0, 0xf, 0xf2, 0x6f, 0xf4, 0x1, 0xaf,
    0xe0, 0xc, 0xff, 0xff, 0xff, 0x50, 0x0, 0x7d,
    0xff, 0xb4, 0x0,

    /* U+004B "K" */
    0x8e, 0x40, 0x0, 0xc, 0xc0, 0xbf, 0x70, 0x0,
    0x9f, 0xe0, 0xbf, 0x70, 0x4, 0xff, 0x40, 0xbf,
    0x70, 0x1e, 0xf7, 0x0, 0xbf, 0x70, 0xcf, 0xa0,
    0x0, 0xbf, 0x78, 0xfd, 0x0, 0x0, 0xbf, 0xaf,
    0xf5, 0x0, 0x0, 0xbf, 0xff, 0xfc, 0x0, 0x0,
    0xbf, 0xfb, 0xff, 0x70, 0x0, 0xbf, 0xc0, 0x7f,
    0xf2, 0x0, 0xbf, 0x70, 0xd, 0xfb, 0x0, 0xbf,
    0x70, 0x3, 0xff, 0x60, 0xbf, 0x70, 0x0, 0x8f,
    0xe1, 0xbf, 0x70, 0x0, 0xd, 0xfa, 0x8e, 0x40,
    0x0, 0x3, 0xf7,

    /* U+004C "L" */
    0x8e, 0x40, 0x0, 0x0, 0xb, 0xf7, 0x0, 0x0,
    0x0, 0xbf, 0x70, 0x0, 0x0, 0xb, 0xf7, 0x0,
    0x0, 0x0, 0xbf, 0x70, 0x0, 0x0, 0xb, 0xf7,
    0x0, 0x0, 0x0, 0xbf, 0x70, 0x0, 0x0, 0xb,
    0xf7, 0x0, 0x0, 0x0, 0xbf, 0x70, 0x0, 0x0,
    0xb, 0xf7, 0x0, 0x0, 0x0, 0xbf, 0x70, 0x0,
    0x0, 0xb, 0xf7, 0x0, 0x0, 0x0, 0xbf, 0x70,
    0x0, 0x0, 0xb, 0xff, 0xff, 0xff, 0xe2, 0x8f,
    0xff, 0xff, 0xff, 0x20,

    /* U+004D "M" */
    0x7f, 0x70, 0x0, 0x0, 0xb, 0xe3, 0xaf, 0xf3,
    0x0, 0x0, 0x6f, 0xf6, 0xbf, 0xfb, 0x0, 0x0,
    0xef, 0xf6, 0xbf, 0xff, 0x30, 0x7, 0xff, 0xf6,
    0xbf, 0xef, 0xc0, 0x1e, 0xfe, 0xf6, 0xbf, 0x7e,
    0xf4, 0x8f, 0xbb, 0xf6, 0xbf, 0x77, 0xfd, 0xff,
    0x3b, 0xf6, 0xbf, 0x70, 0xef, 0xfb, 0xb, 0xf6,
    0xbf, 0x70, 0x6f, 0xf2, 0xb, 0xf6, 0xbf, 0x70,
    0xd, 0x90, 0xb, 0xf6, 0xbf, 0x70, 0x0, 0x0,
    0xb, 0xf6, 0xbf, 0x70, 0x0, 0x0, 0xb, 0xf6,
    0xbf, 0x70, 0x0, 0x0, 0xb, 0xf6, 0xbf, 0x70,
    0x0, 0x0, 0xb, 0xf6, 0x8e, 0x40, 0x0, 0x0,
    0x8, 0xe4,

    /* U+004E "N" */
    0x8f, 0x70, 0x0, 0x6, 0xf6, 0xbf, 0xf2, 0x0,
    0x9, 0xf8, 0xbf, 0xf9, 0x0, 0x9, 0xf8, 0xbf,
    0xff, 0x20, 0x9, 0xf8, 0xbf, 0xff, 0x90, 0x9,
    0xf8, 0xbf, 0xaf, 0xf2, 0x9, 0xf8, 0xbf, 0x7b,
    0xf9, 0x9, 0xf8, 0xbf, 0x73, 0xff, 0x29, 0xf8,
    0xbf, 0x70, 0xbf, 0x99, 0xf8, 0xbf, 0x70, 0x3f,
    0xfb, 0xf8, 0xbf, 0x70, 0xa, 0xff, 0xf8, 0xbf,
    0x70, 0x2, 0xff, 0xf8, 0xbf, 0x70, 0x0, 0xaf,
    0xf8, 0xbf, 0x70, 0x0, 0x2f, 0xf8, 0x8e, 0x40,
    0x0, 0x7, 0xe6,

    /* U+004F "O" */
    0x1, 0x9d, 0xfe, 0xa3, 0x0, 0xd, 0xff, 0xff,
    0xff, 0x30, 0x7f, 0xe3, 0x1, 0xbf, 0xc0, 0xbf,
    0x70, 0x0, 0x2f, 0xf0, 0xcf, 0x50, 0x0, 0xf,
    0xf2, 0xdf, 0x40, 0x0, 0xf, 0xf2, 0xdf, 0x40,
    0x0, 0xf, 0xf2, 0xdf, 0x40, 0x0, 0xf, 0xf2,
    0xdf, 0x40, 0x0, 0xf, 0xf2, 0xdf, 0x40, 0x0,
    0xf, 0xf2, 0xcf, 0x50, 0x0, 0xf, 0xf2, 0xbf,
    0x70, 0x0, 0x2f, 0xf0, 0x7f, 0xe3, 0x1, 0xbf,
    0xc0, 0xd, 0xff, 0xff, 0xff, 0x30, 0x1, 0x9d,
    0xfe, 0xa3, 0x0,

    /* U+0050 "P" */
    0x8f, 0xff, 0xff, 0xc6, 0x0, 0xbf, 0xff, 0xff,
    0xff, 0x90, 0xbf, 0x70, 0x0, 0x8f, 0xf1, 0xbf,
    0x70, 0x0, 0xd, 0xf5, 0xbf, 0x70, 0x0, 0xb,
    0xf6, 0xbf, 0x70, 0x0, 0xd, 0xf5, 0xbf, 0x70,
    0x0, 0x5f, 0xf1, 0xbf, 0xec, 0xcd, 0xff, 0x80,
    0xbf, 0xff, 0xff, 0xc5, 0x0, 0xbf, 0x70, 0x0,
    0x0, 0x0, 0xbf, 0x70, 0x0, 0x0, 0x0, 0xbf,
    0x70, 0x0, 0x0, 0x0, 0xbf, 0x70, 0x0, 0x0,
    0x0, 0xbf, 0x70, 0x0, 0x0, 0x0, 0x8e, 0x40,
    0x0, 0x0, 0x0,

    /* U+0051 "Q" */
    0x1, 0x9d, 0xfe, 0xa3, 0x0, 0xd, 0xff, 0xff,
    0xff, 0x30, 0x7f, 0xe3, 0x1, 0xbf, 0xc0, 0xbf,
    0x70, 0x0, 0x2f, 0xf0, 0xcf, 0x50, 0x0, 0xf,
    0xf2, 0xdf, 0x40, 0x0, 0xf, 0xf2, 0xdf, 0x40,
    0x0, 0xf, 0xf2, 0xdf, 0x40, 0x0, 0xf, 0xf2,
    0xdf, 0x40, 0x0, 0xf, 0xf2, 0xdf, 0x40, 0x0,
    0xf, 0xf2, 0xcf, 0x40, 0x0, 0xf, 0xf2, 0xbf,
    0x70, 0xd4, 0x1f, 0xf0, 0x7f, 0xe4, 0xf7, 0xbf,
    0xc0, 0x1e, 0xff, 0xff, 0xff, 0x40, 0x1, 0xae,
    0xff, 0xc4, 0x0, 0x0, 0x0, 0xf6, 0x0, 0x0,
    0x0, 0x0, 0xf4, 0x0, 0x0, 0x0, 0x0, 0x10,
    0x0, 0x0,

    /* U+0052 "R" */
    0x8f, 0xff, 0xff, 0xc6, 0x0, 0xbf, 0xff, 0xff,
    0xff, 0x90, 0xbf, 0x70, 0x0, 0x8f, 0xf2, 0xbf,
    0x70, 0x0, 0xd, 0xf5, 0xbf, 0x70, 0x0, 0xb,
    0xf6, 0xbf, 0x70, 0x0, 0xd, 0xf4, 0xbf, 0x70,
    0x1, 0x8f, 0xe0, 0xbf, 0xff, 0xff, 0xff, 0x40,
    0xbf, 0xdc, 0xef, 0xd1, 0x0, 0xbf, 0x70, 0x2f,
    0xf3, 0x0, 0xbf, 0x70, 0xa, 0xfb, 0x0, 0xbf,
    0x70, 0x2, 0xff, 0x40, 0xbf, 0x70, 0x0, 0x9f,
    0xc0, 0xbf, 0x70, 0x0, 0x1f, 0xf5, 0x8e, 0x40,
    0x0, 0x7, 0xe3,

    /* U+0053 "S" */
    0x0, 0x29, 0xdf, 0xeb, 0x50, 0x4, 0xff, 0xff,
    0xff, 0xf2, 0xd, 0xfa, 0x10, 0x6, 0x80, 0xf,
    0xf2, 0x0, 0x0, 0x0, 0xf, 0xf4, 0x0, 0x0,
    0x0, 0xb, 0xff, 0x60, 0x0, 0x0, 0x1, 0xdf,
    0xfe, 0x81, 0x0, 0x0, 0x8, 0xef, 0xfe, 0x40,
    0x0, 0x0, 0x7, 0xef, 0xf1, 0x0, 0x0, 0x0,
    0x2e, 0xf6, 0x0, 0x0, 0x0, 0x9, 0xf8, 0x7,
    0x10, 0x0, 0xb, 0xf7, 0x5f, 0xd4, 0x1, 0x7f,
    0xf3, 0x1d, 0xff, 0xff, 0xff, 0xa0, 0x1, 0x8d,
    0xff, 0xc6, 0x0,

    /* U+0054 "T" */
    0x9f, 0xff, 0xff, 0xff, 0xfb, 0x9f, 0xff, 0xff,
    0xff, 0xfb, 0x0, 0x0, 0xff, 0x20, 0x0, 0x0,
    0x0, 0xff, 0x20, 0x0, 0x0, 0x0, 0xff, 0x20,
    0x0, 0x0, 0x0, 0xff, 0x20, 0x0, 0x0, 0x0,
    0xff, 0x20, 0x0, 0x0, 0x0, 0xff, 0x20, 0x0,
    0x0, 0x0, 0xff, 0x20, 0x0, 0x0, 0x0, 0xff,
    0x20, 0x0, 0x0, 0x0, 0xff, 0x20, 0x0, 0x0,
    0x0, 0xff, 0x20, 0x0, 0x0, 0x0, 0xff, 0x20,
    0x0, 0x0, 0x0, 0xff, 0x20, 0x0, 0x0, 0x0,
    0xcd, 0x0, 0x0,

    /* U+0055 "U" */
    0x9e, 0x40, 0x0, 0x9, 0xe4, 0xbf, 0x60, 0x0,
    0xb, 0xf6, 0xbf, 0x60, 0x0, 0xb, 0xf6, 0xbf,
    0x60, 0x0, 0xb, 0xf6, 0xbf, 0x60, 0x0, 0xb,
    0xf6, 0xbf, 0x60, 0x0, 0xb, 0xf6, 0xbf, 0x60,
    0x0, 0xb, 0xf6, 0xbf, 0x60, 0x0, 0xb, 0xf6,
    0xbf, 0x60, 0x0, 0xb, 0xf6, 0xbf, 0x60, 0x0,
    0xb, 0xf6, 0xbf, 0x60, 0x0, 0xb, 0xf6, 0xaf,
    0x90, 0x0, 0xe, 0xf4, 0x6f, 0xf4, 0x1, 0x9f,
    0xf1, 0xc, 0xff, 0xff, 0xff, 0x70, 0x0, 0x8d,
    0xff, 0xb5, 0x0,

    /* U+0056 "V" */
    0x7e, 0x40, 0x0, 0x0, 0x1e, 0xa9, 0xf9, 0x0,
    0x0, 0x6, 0xfc, 0x4f, 0xe0, 0x0, 0x0, 0xbf,
    0x70, 0xff, 0x20, 0x0, 0xf, 0xf3, 0xb, 0xf7,
    0x0, 0x4, 0xfe, 0x0, 0x6f, 0xb0, 0x0, 0x8f,
    0x90, 0x1, 0xff, 0x0, 0xd, 0xf4, 0x0, 0xc,
    0xf4, 0x1, 0xff, 0x0, 0x0, 0x7f, 0x90, 0x6f,
    0xa0, 0x0, 0x2, 0xfd, 0xb, 0xf6, 0x0, 0x0,
    0xd, 0xf2, 0xff, 0x10, 0x0, 0x0, 0x9f, 0xbf,
    0xc0, 0x0, 0x0, 0x4, 0xff, 0xf7, 0x0, 0x0,
    0x0, 0xf, 0xff, 0x20, 0x0, 0x0, 0x0, 0x8f,
    0xb0, 0x0, 0x0,

    /* U+0057 "W" */
    0x7e, 0x40, 0x0, 0x0, 0x0, 0x0, 0x0, 0x6e,
    0x69, 0xf9, 0x0, 0x0, 0x0, 0x0, 0x0, 0xb,
    0xf7, 0x4f, 0xe0, 0x0, 0x0, 0x0, 0x0, 0x0,
    0xff, 0x20, 0xff, 0x20, 0x0, 0x0, 0x0, 0x0,
    0x4f, 0xd0, 0xb, 0xf7, 0x0, 0x5, 0xc4, 0x0,
    0x9, 0xf9, 0x0, 0x6f, 0xb0, 0x0, 0xcf, 0xa0,
    0x0, 0xdf, 0x40, 0x1, 0xff, 0x0, 0xf, 0xfe,
    0x0, 0x2f, 0xf0, 0x0, 0xc, 0xf4, 0x4, 0xff,
    0xf2, 0x6, 0xfa, 0x0, 0x0, 0x7f, 0x90, 0x8f,
    0xcf, 0x60, 0xbf, 0x60, 0x0, 0x3, 0xfd, 0xc,
    0xf5, 0xfa, 0xf, 0xf1, 0x0, 0x0, 0xe, 0xf3,
    0xfd, 0xf, 0xe4, 0xfc, 0x0, 0x0, 0x0, 0x9f,
    0xbf, 0x90, 0xbf, 0xbf, 0x70, 0x0, 0x0, 0x4,
    0xff, 0xf5, 0x7, 0xff, 0xf2, 0x0, 0x0, 0x0,
    0xf, 0xff, 0x10, 0x3f, 0xfe, 0x0, 0x0, 0x0,
    0x0, 0x8f, 0xb0, 0x0, 0xcf, 0x70, 0x0, 0x0,

    /* U+0058 "X" */
    0x5e, 0x60, 0x0, 0x0, 0xcd, 0x16, 0xfe, 0x0,
    0x0, 0x6f, 0xf1, 0xd, 0xf8, 0x0, 0xe, 0xf8,
    0x0, 0x5f, 0xf1, 0x7, 0xfe, 0x0, 0x0, 0xcf,
    0x91, 0xef, 0x60, 0x0, 0x3, 0xff, 0xaf, 0xd0,
    0x0, 0x0, 0xa, 0xff, 0xf4, 0x0, 0x0, 0x0,
    0x3f, 0xfd, 0x0, 0x0, 0x0, 0xa, 0xff, 0xf4,
    0x0, 0x0, 0x3, 0xff, 0x9f, 0xd0, 0x0, 0x0,
    0xcf, 0x80, 0xef, 0x60, 0x0, 0x6f, 0xe1, 0x6,
    0xfe, 0x10, 0xe, 0xf7, 0x0, 0xd, 0xf9, 0x8,
    0xfe, 0x0, 0x0, 0x5f, 0xf2, 0x5e, 0x50, 0x0,
    0x0, 0xbd, 0x10,

    /* U+0059 "Y" */
    0x7e, 0x30, 0x0, 0x0, 0x2e, 0x98, 0xfc, 0x0,
    0x0, 0xa, 0xfa, 0x1e, 0xf4, 0x0, 0x2, 0xff,
    0x20, 0x7f, 0xc0, 0x0, 0xaf, 0x90, 0x0, 0xef,
    0x40, 0x2f, 0xf1, 0x0, 0x6, 0xfc, 0xa, 0xf8,
    0x0, 0x0, 0xd, 0xf7, 0xfe, 0x0, 0x0, 0x0,
    0x4f, 0xff, 0x60, 0x0, 0x0, 0x0, 0xcf, 0xd0,
    0x0, 0x0, 0x0, 0x8, 0xfa, 0x0, 0x0, 0x0,
    0x0, 0x8f, 0xa0, 0x0, 0x0, 0x0, 0x8, 0xfa,
    0x0, 0x0, 0x0, 0x0, 0x8f, 0xa0, 0x0, 0x0,
    0x0, 0x8, 0xfa, 0x0, 0x0, 0x0, 0x0, 0x5e,
    0x70, 0x0, 0x0,

    /* U+005A "Z" */
    0x3f, 0xff, 0xff, 0xff, 0xf5, 0x3f, 0xff, 0xff,
    0xff, 0xf2, 0x0, 0x0, 0x0, 0x8f, 0xa0, 0x0,
    0x0, 0x1, 0xff, 0x20, 0x0, 0x0, 0x9, 0xf9,
    0x0, 0x0, 0x0, 0x2f, 0xf1, 0x0, 0x0, 0x0,
    0xaf, 0x80, 0x0, 0x0, 0x3, 0xfe, 0x10, 0x0,
    0x0, 0xb, 0xf7, 0x0, 0x0, 0x0, 0x4f, 0xe0,
    0x0, 0x0, 0x0, 0xcf, 0x60, 0x0, 0x0, 0x5,
    0xfd, 0x0, 0x0, 0x0, 0xd, 0xf5, 0x0, 0x0,
    0x0, 0x5f, 0xff, 0xff, 0xff, 0xf9, 0x8f, 0xff,
    0xff, 0xff, 0xf9,

    /* U+005B "[" */
    0xaf, 0xff, 0xf1, 0xcf, 0xff, 0xe0, 0xcf, 0x50,
    0x0, 0xcf, 0x50, 0x0, 0xcf, 0x50, 0x0, 0xcf,
    0x50, 0x0, 0xcf, 0x50, 0x0, 0xcf, 0x50, 0x0,
    0xcf, 0x50, 0x0, 0xcf, 0x50, 0x0, 0xcf, 0x50,
    0x0, 0xcf, 0x50, 0x0, 0xcf, 0x50, 0x0, 0xcf,
    0x50, 0x0, 0xcf, 0xff, 0xe0, 0xaf, 0xff, 0xf1,

    /* U+005C "\\" */
    0x5d, 0x0, 0x0, 0x5, 0xf4, 0x0, 0x0, 0xf,
    0x90, 0x0, 0x0, 0xae, 0x0, 0x0, 0x5, 0xf4,
    0x0, 0x0, 0xf, 0x90, 0x0, 0x0, 0xae, 0x0,
    0x0, 0x5, 0xf4, 0x0, 0x0, 0xf, 0xa0, 0x0,
    0x0, 0xaf, 0x0, 0x0, 0x5, 0xf4, 0x0, 0x0,
    0xf, 0xa0, 0x0, 0x0, 0xaf, 0x0, 0x0, 0x4,
    0xf5, 0x0, 0x0, 0xe, 0xa0, 0x0, 0x0, 0x8a,

    /* U+005D "]" */
    0x7f, 0xff, 0xf3, 0x7f, 0xff, 0xf5, 0x0, 0xc,
    0xf5, 0x0, 0xc, 0xf5, 0x0, 0xc, 0xf5, 0x0,
    0xc, 0xf5, 0x0, 0xc, 0xf5, 0x0, 0xc, 0xf5,
    0x0, 0xc, 0xf5, 0x0, 0xc, 0xf5, 0x0, 0xc,
    0xf5, 0x0, 0xc, 0xf5, 0x0, 0xc, 0xf5, 0x0,
    0xc, 0xf5, 0x7f, 0xff, 0xf5, 0x7f, 0xff, 0xf3,

    /* U+005E "^" */
    0x0, 0x63, 0x0, 0x5d, 0xff, 0xa1, 0xd8, 0x3,
    0xb7,

    /* U+005F "_" */
    0x6d, 0xdd, 0xdd, 0xdc, 0x7, 0xff, 0xff, 0xff,
    0xe0,

    /* U+0060 "`" */
    0xd9, 0x10, 0x9f, 0xf5, 0x3, 0xc8,

    /* U+0061 "a" */
    0x4, 0xbe, 0xfc, 0x50, 0x0, 0xdf, 0xdd, 0xff,
    0x60, 0x2, 0x10, 0x6, 0xfe, 0x0, 0x0, 0x0,
    0xf, 0xf1, 0x2, 0xad, 0xff, 0xff, 0x21, 0xff,
    0x84, 0x3f, 0xf2, 0x6f, 0xb0, 0x0, 0xff, 0x27,
    0xfc, 0x0, 0x9f, 0xf2, 0x3f, 0xfc, 0xde, 0xef,
    0x20, 0x6e, 0xfb, 0x19, 0xe1,

    /* U+0062 "b" */
    0xbe, 0x10, 0x0, 0x0, 0xe, 0xf3, 0x0, 0x0,
    0x0, 0xef, 0x30, 0x0, 0x0, 0xe, 0xf3, 0x0,
    0x0, 0x0, 0xef, 0x30, 0x0, 0x0, 0xe, 0xf3,
    0x0, 0x0, 0x0, 0xef, 0x4a, 0xfe, 0x70, 0xe,
    0xfe, 0xff, 0xff, 0x80, 0xef, 0xd2, 0x8, 0xff,
    0x1e, 0xf4, 0x0, 0xd, 0xf5, 0xef, 0x30, 0x0,
    0xbf, 0x5e, 0xf3, 0x0, 0xb, 0xf5, 0xef, 0x40,
    0x0, 0xdf, 0x4e, 0xfd, 0x20, 0x8f, 0xf1, 0xef,
    0xdf, 0xff, 0xf7, 0xa, 0xd1, 0xaf, 0xe7, 0x0,

    /* U+0063 "c" */
    0x0, 0x5c, 0xfe, 0xb4, 0x0, 0x7f, 0xff, 0xff,
    0xe0, 0xf, 0xf8, 0x0, 0x45, 0x2, 0xff, 0x0,
    0x0, 0x0, 0x3f, 0xd0, 0x0, 0x0, 0x3, 0xfd,
    0x0, 0x0, 0x0, 0x2f, 0xf0, 0x0, 0x0, 0x0,
    0xff, 0x80, 0x5, 0x60, 0x7, 0xff, 0xff, 0xff,
    0x0, 0x6, 0xcf, 0xeb, 0x40,

    /* U+0064 "d" */
    0x0, 0x0, 0x0, 0xd, 0xc0, 0x0, 0x0, 0x1,
    0xff, 0x0, 0x0, 0x0, 0x1f, 0xf0, 0x0, 0x0,
    0x1, 0xff, 0x0, 0x0, 0x0, 0x1f, 0xf0, 0x0,
    0x0, 0x1, 0xff, 0x0, 0x6d, 0xfb, 0x3f, 0xf0,
    0x6f, 0xff, 0xfe, 0xff, 0xe, 0xf9, 0x1, 0xcf,
    0xf3, 0xfe, 0x0, 0x3, 0xff, 0x4f, 0xd0, 0x0,
    0x1f, 0xf4, 0xfd, 0x0, 0x1, 0xff, 0x3f, 0xf0,
    0x0, 0x2f, 0xf0, 0xef, 0xa0, 0x1c, 0xff, 0x6,
    0xff, 0xff, 0xef, 0xf0, 0x5, 0xdf, 0xb2, 0xcc,

    /* U+0065 "e" */
    0x0, 0x3b, 0xfe, 0xa2, 0x0, 0x4f, 0xfb, 0xcf,
    0xf2, 0xe, 0xf3, 0x0, 0x7f, 0xb3, 0xfd, 0x11,
    0x14, 0xfd, 0x4f, 0xff, 0xff, 0xff, 0xb4, 0xfe,
    0x44, 0x44, 0x30, 0x3f, 0xf0, 0x0, 0x0, 0x0,
    0xef, 0x90, 0x0, 0x74, 0x4, 0xff, 0xec, 0xff,
    0x90, 0x3, 0xae, 0xfe, 0x80,

    /* U+0066 "f" */
    0x2, 0xbf, 0xf3, 0x1e, 0xff, 0xd2, 0x9f, 0xb0,
    0x0, 0xdf, 0x40, 0x0, 0xdf, 0x30, 0x0, 0xef,
    0x30, 0x0, 0xef, 0xff, 0xf4, 0xef, 0xba, 0x92,
    0xef, 0x30, 0x0, 0xef, 0x30, 0x0, 0xef, 0x30,
    0x0, 0xef, 0x30, 0x0, 0xef, 0x30, 0x0, 0xef,
    0x30, 0x0, 0xef, 0x30, 0x0, 0xbe, 0x10, 0x0,

    /* U+0067 "g" */
    0x0, 0x0, 0x0, 0x3, 0x50, 0x0, 0x7d, 0xfd,
    0x7e, 0xb0, 0x9, 0xfc, 0x7b, 0xfd, 0x0, 0xf,
    0xf1, 0x0, 0xef, 0x30, 0x2f, 0xe0, 0x0, 0xbf,
    0x50, 0x1f, 0xf0, 0x0, 0xcf, 0x40, 0xb, 0xf9,
    0x26, 0xfe, 0x0, 0x3, 0xff, 0xff, 0xd2, 0x0,
    0xd, 0xe1, 0x32, 0x0, 0x0, 0xe, 0xfb, 0x75,
    0x10, 0x0, 0x6, 0xff, 0xff, 0xfb, 0x10, 0x2e,
    0xe4, 0x26, 0xdf, 0xa0, 0x8f, 0x70, 0x0, 0x3f,
    0xd0, 0x8f, 0xa0, 0x0, 0x6f, 0xb0, 0x1e, 0xfb,
    0x79, 0xff, 0x40, 0x1, 0x9e, 0xfe, 0xb3, 0x0,

    /* U+0068 "h" */
    0xbe, 0x10, 0x0, 0x0, 0xe, 0xf3, 0x0, 0x0,
    0x0, 0xef, 0x30, 0x0, 0x0, 0xe, 0xf3, 0x0,
    0x0, 0x0, 0xef, 0x30, 0x0, 0x0, 0xe, 0xf3,
    0x0, 0x0, 0x0, 0xef, 0x4a, 0xfd, 0x60, 0xe,
    0xfe, 0xff, 0xff, 0x60, 0xef, 0xd1, 0xa, 0xfe,
    0xe, 0xf5, 0x0, 0xf, 0xf3, 0xef, 0x30, 0x0,
    0xdf, 0x4e, 0xf3, 0x0, 0xd, 0xf4, 0xef, 0x30,
    0x0, 0xdf, 0x4e, 0xf3, 0x0, 0xd, 0xf4, 0xef,
    0x30, 0x0, 0xdf, 0x4a, 0xe1, 0x0, 0xa, 0xe2,

    /* U+0069 "i" */
    0xc, 0xe1, 0xe, 0xf3, 0x1, 0x30, 0x0, 0x0,
    0x0, 0x0, 0xb, 0xe1, 0xe, 0xf3, 0xe, 0xf3,
    0xe, 0xf3, 0xe, 0xf3, 0xe, 0xf3, 0xe, 0xf3,
    0xe, 0xf3, 0xe, 0xf3, 0xb, 0xe1,

    /* U+006A "j" */
    0x0, 0x13, 0x0, 0xe, 0xf3, 0x0, 0xce, 0x10,
    0x0, 0x0, 0x0, 0x0, 0x0, 0xb, 0xe1, 0x0,
    0xef, 0x30, 0xe, 0xf3, 0x0, 0xef, 0x30, 0xe,
    0xf3, 0x0, 0xef, 0x30, 0xe, 0xf3, 0x0, 0xef,
    0x30, 0xe, 0xf3, 0x0, 0xef, 0x30, 0xe, 0xf3,
    0x0, 0xef, 0x20, 0x2f, 0xf0, 0x7f, 0xfa, 0x9,
    0xfb, 0x10,

    /* U+006B "k" */
    0xbe, 0x10, 0x0, 0x0, 0xe, 0xf3, 0x0, 0x0,
    0x0, 0xef, 0x30, 0x0, 0x0, 0xe, 0xf3, 0x0,
    0x0, 0x0, 0xef, 0x30, 0x0, 0x0, 0xe, 0xf3,
    0x0, 0x0, 0x0, 0xef, 0x30, 0x1, 0xc9, 0xe,
    0xf3, 0x1, 0xdf, 0x90, 0xef, 0x32, 0xdf, 0x90,
    0xe, 0xf5, 0xef, 0x80, 0x0, 0xef, 0xff, 0xf7,
    0x0, 0xe, 0xff, 0x9f, 0xf3, 0x0, 0xef, 0x70,
    0x7f, 0xd0, 0xe, 0xf3, 0x0, 0xcf, 0x80, 0xef,
    0x30, 0x2, 0xff, 0x2a, 0xe1, 0x0, 0x7, 0xe2,

    /* U+006C "l" */
    0x8e, 0x3b, 0xf6, 0xbf, 0x6b, 0xf6, 0xbf, 0x6b,
    0xf6, 0xbf, 0x6b, 0xf6, 0xbf, 0x6b, 0xf6, 0xbf,
    0x6b, 0xf6, 0xbf, 0x6b, 0xf6, 0xbf, 0x68, 0xe3,

    /* U+006D "m" */
    0xbd, 0x3b, 0xfd, 0x40, 0x5d, 0xfc, 0x30, 0xef,
    0xee, 0xef, 0xf7, 0xfe, 0xef, 0xf2, 0xef, 0xb0,
    0x9, 0xff, 0x90, 0xb, 0xf9, 0xef, 0x40, 0x2,
    0xff, 0x10, 0x4, 0xfc, 0xef, 0x30, 0x1, 0xff,
    0x0, 0x3, 0xfd, 0xef, 0x30, 0x1, 0xff, 0x0,
    0x3, 0xfd, 0xef, 0x30, 0x1, 0xff, 0x0, 0x3,
    0xfd, 0xef, 0x30, 0x1, 0xff, 0x0, 0x3, 0xfd,
    0xef, 0x30, 0x1, 0xff, 0x0, 0x3, 0xfd, 0xbd,
    0x10, 0x0, 0xed, 0x0, 0x2, 0xea,

    /* U+006E "n" */
    0xbd, 0x3b, 0xfd, 0x60, 0xe, 0xfe, 0xfe, 0xff,
    0x60, 0xef, 0xb0, 0x8, 0xfe, 0xe, 0xf4, 0x0,
    0xf, 0xf2, 0xef, 0x30, 0x0, 0xdf, 0x3e, 0xf3,
    0x0, 0xd, 0xf3, 0xef, 0x30, 0x0, 0xdf, 0x3e,
    0xf3, 0x0, 0xd, 0xf3, 0xef, 0x30, 0x0, 0xdf,
    0x3b, 0xe1, 0x0, 0xa, 0xe2,

    /* U+006F "o" */
    0x0, 0x3b, 0xfe, 0x91, 0x0, 0x4f, 0xff, 0xff,
    0xe1, 0xe, 0xf9, 0x1, 0xdf, 0xa3, 0xfe, 0x0,
    0x3, 0xfe, 0x4f, 0xd0, 0x0, 0x1f, 0xf4, 0xfd,
    0x0, 0x1, 0xff, 0x2f, 0xe0, 0x0, 0x3f, 0xe0,
    0xdf, 0x90, 0x1d, 0xf9, 0x4, 0xff, 0xff, 0xfd,
    0x10, 0x3, 0xbf, 0xe9, 0x10,

    /* U+0070 "p" */
    0xbd, 0x2b, 0xfe, 0x70, 0xe, 0xfe, 0xfd, 0xff,
    0x80, 0xef, 0xc0, 0x6, 0xff, 0x1e, 0xf4, 0x0,
    0xc, 0xf5, 0xef, 0x30, 0x0, 0xbf, 0x5e, 0xf3,
    0x0, 0xb, 0xf5, 0xef, 0x40, 0x0, 0xdf, 0x4e,
    0xfd, 0x20, 0x9f, 0xf1, 0xef, 0xdf, 0xff, 0xf7,
    0xe, 0xf4, 0xaf, 0xe7, 0x0, 0xef, 0x30, 0x0,
    0x0, 0xe, 0xf3, 0x0, 0x0, 0x0, 0xef, 0x30,
    0x0, 0x0, 0xe, 0xf3, 0x0, 0x0, 0x0, 0xae,
    0x10, 0x0, 0x0, 0x0,

    /* U+0071 "q" */
    0x0, 0x6d, 0xfb, 0x2c, 0xd0, 0x6f, 0xff, 0xfe,
    0xff, 0xe, 0xfa, 0x1, 0xbf, 0xf3, 0xfe, 0x0,
    0x3, 0xff, 0x4f, 0xd0, 0x0, 0x1f, 0xf4, 0xfd,
    0x0, 0x1, 0xff, 0x3f, 0xf0, 0x0, 0x2f, 0xf0,
    0xef, 0xa0, 0x1c, 0xff, 0x6, 0xff, 0xff, 0xdf,
    0xf0, 0x5, 0xdf, 0xb3, 0xff, 0x0, 0x0, 0x0,
    0x1f, 0xf0, 0x0, 0x0, 0x1, 0xff, 0x0, 0x0,
    0x0, 0x1f, 0xf0, 0x0, 0x0, 0x1, 0xff, 0x0,
    0x0, 0x0, 0xd, 0xc0,

    /* U+0072 "r" */
    0xbd, 0x2b, 0xfd, 0xe, 0xfd, 0xfd, 0xa0, 0xef,
    0xf3, 0x0, 0xe, 0xf7, 0x0, 0x0, 0xef, 0x30,
    0x0, 0xe, 0xf3, 0x0, 0x0, 0xef, 0x30, 0x0,
    0xe, 0xf3, 0x0, 0x0, 0xef, 0x30, 0x0, 0xb,
    0xe1, 0x0, 0x0,

    /* U+0073 "s" */
    0x1, 0xae, 0xfd, 0x70, 0xc, 0xfd, 0xbe, 0xf2,
    0x2f, 0xc0, 0x0, 0x20, 0x1f, 0xe3, 0x0, 0x0,
    0x9, 0xff, 0xd8, 0x10, 0x0, 0x49, 0xef, 0xd1,
    0x0, 0x0, 0xa, 0xf6, 0x17, 0x0, 0x7, 0xf6,
    0x5f, 0xeb, 0xcf, 0xf2, 0x6, 0xce, 0xfc, 0x40,

    /* U+0074 "t" */
    0x45, 0x0, 0x0, 0xef, 0x20, 0x0, 0xff, 0x20,
    0x0, 0xff, 0x20, 0x0, 0xff, 0x20, 0x0, 0xff,
    0xff, 0xf1, 0xff, 0xaa, 0x90, 0xff, 0x20, 0x0,
    0xff, 0x20, 0x0, 0xff, 0x20, 0x0, 0xff, 0x20,
    0x0, 0xef, 0x20, 0x0, 0xdf, 0x50, 0x0, 0x8f,
    0xfe, 0xc0, 0x8, 0xdf, 0xe0,

    /* U+0075 "u" */
    0xcd, 0x0, 0x0, 0xae, 0x2f, 0xf1, 0x0, 0xd,
    0xf4, 0xff, 0x10, 0x0, 0xdf, 0x4f, 0xf1, 0x0,
    0xd, 0xf4, 0xff, 0x10, 0x0, 0xdf, 0x4f, 0xf1,
    0x0, 0xd, 0xf4, 0xef, 0x30, 0x0, 0xef, 0x29,
    0xfc, 0x10, 0x9f, 0xd0, 0x1e, 0xff, 0xff, 0xf4,
    0x0, 0x19, 0xef, 0xb3, 0x0,

    /* U+0076 "v" */
    0x8f, 0x30, 0x0, 0x1e, 0x9a, 0xf9, 0x0, 0x7,
    0xfc, 0x3f, 0xe0, 0x0, 0xdf, 0x60, 0xdf, 0x50,
    0x2f, 0xf0, 0x6, 0xfb, 0x8, 0xf9, 0x0, 0x1f,
    0xf1, 0xef, 0x20, 0x0, 0x9f, 0xbf, 0xc0, 0x0,
    0x3, 0xff, 0xf5, 0x0, 0x0, 0xc, 0xfe, 0x0,
    0x0, 0x0, 0x5f, 0x70, 0x0,

    /* U+0077 "w" */
    0x8f, 0x20, 0x0, 0x31, 0x0, 0x8, 0xe3, 0xaf,
    0x80, 0x1, 0xfb, 0x0, 0xe, 0xf4, 0x4f, 0xe0,
    0x5, 0xff, 0x0, 0x4f, 0xe0, 0xe, 0xf3, 0xa,
    0xff, 0x40, 0x9f, 0x80, 0x8, 0xf9, 0xe, 0xdf,
    0x80, 0xef, 0x20, 0x2, 0xfe, 0x4f, 0x6c, 0xd4,
    0xfc, 0x0, 0x0, 0xcf, 0xcf, 0x17, 0xfc, 0xf6,
    0x0, 0x0, 0x6f, 0xfc, 0x2, 0xff, 0xf1, 0x0,
    0x0, 0xf, 0xf6, 0x0, 0xcf, 0xa0, 0x0, 0x0,
    0x9, 0xe1, 0x0, 0x6f, 0x30, 0x0,

    /* U+0078 "x" */
    0x2d, 0x90, 0x0, 0x9d, 0x13, 0xff, 0x30, 0x4f,
    0xf3, 0x9, 0xfc, 0xd, 0xf8, 0x0, 0xd, 0xfd,
    0xfd, 0x0, 0x0, 0x3f, 0xff, 0x20, 0x0, 0x5,
    0xff, 0xf4, 0x0, 0x1, 0xef, 0xbf, 0xe1, 0x0,
    0xbf, 0xb0, 0xcf, 0xa0, 0x5f, 0xf2, 0x3, 0xff,
    0x43, 0xe6, 0x0, 0x8, 0xe3,

    /* U+0079 "y" */
    0x7e, 0x30, 0x0, 0x2e, 0x7b, 0xf9, 0x0, 0x7,
    0xfb, 0x4f, 0xe0, 0x0, 0xcf, 0x60, 0xef, 0x40,
    0x1f, 0xf1, 0x7, 0xfa, 0x6, 0xfa, 0x0, 0x1f,
    0xf1, 0xbf, 0x50, 0x0, 0xaf, 0x7f, 0xe0, 0x0,
    0x4, 0xff, 0xf9, 0x0, 0x0, 0xd, 0xff, 0x30,
    0x0, 0x0, 0x7f, 0xd0, 0x0, 0x0, 0x9, 0xf8,
    0x0, 0x0, 0x1, 0xef, 0x20, 0x0, 0x1, 0xcf,
    0xb0, 0x0, 0x9, 0xff, 0xf2, 0x0, 0x0, 0xaf,
    0xc3, 0x0, 0x0, 0x0,

    /* U+007A "z" */
    0x4f, 0xff, 0xff, 0xf9, 0x2, 0xcd, 0xdd, 0xff,
    0x80, 0x0, 0x0, 0x6f, 0xd0, 0x0, 0x0, 0x1f,
    0xf3, 0x0, 0x0, 0xb, 0xf9, 0x0, 0x0, 0x6,
    0xfd, 0x0, 0x0, 0x1, 0xef, 0x40, 0x0, 0x0,
    0xbf, 0x90, 0x0, 0x0, 0x5f, 0xfd, 0xdd, 0xdb,
    0x6, 0xff, 0xff, 0xff, 0xe0,

    /* U+007B "{" */
    0x0, 0x8, 0xef, 0x40, 0xc, 0xff, 0xf4, 0x7,
    0xfe, 0x40, 0x0, 0xaf, 0x80, 0x0, 0x9, 0xf8,
    0x0, 0x0, 0x6f, 0xa0, 0x0, 0x6, 0xfc, 0x0,
    0x6, 0xff, 0x60, 0x0, 0x2c, 0xfa, 0x0, 0x0,
    0x5f, 0xb0, 0x0, 0x7, 0xfa, 0x0, 0x0, 0x9f,
    0x80, 0x0, 0xa, 0xf7, 0x0, 0x0, 0x8f, 0xd3,
    0x0, 0x1, 0xef, 0xff, 0x40, 0x1, 0x9e, 0xf5,

    /* U+007C "|" */
    0x9e, 0x2c, 0xf4, 0xcf, 0x4c, 0xf4, 0xcf, 0x4c,
    0xf4, 0xcf, 0x4c, 0xf4, 0xcf, 0x4c, 0xf4, 0xcf,
    0x4c, 0xf4, 0xcf, 0x4c, 0xf4, 0xcf, 0x49, 0xe2,

    /* U+007D "}" */
    0x7f, 0xd6, 0x0, 0x7, 0xff, 0xfa, 0x0, 0x0,
    0x6f, 0xf4, 0x0, 0x0, 0xbf, 0x70, 0x0, 0xb,
    0xf5, 0x0, 0x0, 0xdf, 0x30, 0x0, 0xf, 0xf3,
    0x0, 0x0, 0xaf, 0xf3, 0x0, 0xd, 0xfa, 0x10,
    0x0, 0xff, 0x20, 0x0, 0xd, 0xf4, 0x0, 0x0,
    0xbf, 0x50, 0x0, 0xa, 0xf7, 0x0, 0x4, 0xff,
    0x50, 0x7f, 0xff, 0xc0, 0x8, 0xfd, 0x80, 0x0,

    /* U+007E "~" */
    0xb, 0xfd, 0x98, 0xd4, 0x2e, 0x99, 0xdf, 0xc1,

    /* U+00A0 " " */

    /* U+00A1 "¡" */
    0xb, 0xe1, 0xf, 0xf3, 0x4, 0x60, 0x3, 0x50,
    0xb, 0xf0, 0xb, 0xf0, 0xb, 0xf0, 0xc, 0xf0,
    0xc, 0xf0, 0xd, 0xf1, 0xd, 0xf2, 0xe, 0xf2,
    0xe, 0xf2, 0xe, 0xf3, 0xa, 0xd1,

    /* U+00A2 "¢" */
    0x0, 0x0, 0x72, 0x0, 0x0, 0x0, 0xf6, 0x0,
    0x0, 0x0, 0xf7, 0x0, 0x0, 0xaf, 0xff, 0xe5,
    0xb, 0xfe, 0xfd, 0xfc, 0x2f, 0xd0, 0xf6, 0x11,
    0x5f, 0x80, 0xf6, 0x0, 0x5f, 0x80, 0xf6, 0x0,
    0x3f, 0xb0, 0xf6, 0x0, 0xd, 0xfb, 0xfb, 0xdc,
    0x2, 0xef, 0xff, 0xf8, 0x0, 0x4, 0xf9, 0x20,
    0x0, 0x0, 0xf6, 0x0, 0x0, 0x0, 0xc4, 0x0,

    /* U+00A3 "£" */
    0x0, 0x0, 0x0, 0x8e, 0xf8, 0x0, 0x0, 0x1d,
    0xff, 0xf8, 0x0, 0x0, 0xbf, 0xb1, 0x0, 0x0,
    0x3, 0xfe, 0x0, 0x0, 0x0, 0x6, 0xfa, 0x0,
    0x0, 0x0, 0x9, 0xf8, 0x0, 0x0, 0x0, 0xb,
    0xf6, 0x0, 0x0, 0xb, 0xff, 0xff, 0xff, 0x50,
    0x6, 0xaf, 0xfa, 0xaa, 0x30, 0x0, 0x2f, 0xf0,
    0x0, 0x0, 0x0, 0x4f, 0xc0, 0x0, 0x0, 0x0,
    0x6f, 0xa0, 0x0, 0x0, 0x0, 0x9f, 0x80, 0x0,
    0x0, 0x0, 0xbf, 0x50, 0x0, 0x0, 0x6f, 0xff,
    0xff, 0xff, 0xf8, 0x6f, 0xff, 0xff, 0xff, 0xf8,

    /* U+00A4 "¤" */
    0x0, 0x0, 0x0, 0x0, 0xb8, 0xdf, 0xe8, 0xd0,
    0x6f, 0xa4, 0x7f, 0x90, 0xba, 0x0, 0x6, 0xf0,
    0xe5, 0x0, 0x1, 0xf2, 0xc8, 0x0, 0x5, 0xf0,
    0x6f, 0x61, 0x4e, 0x90, 0xc8, 0xff, 0xf9, 0xd0,
    0x0, 0x3, 0x10, 0x0,

    /* U+00A5 "¥" */
    0x4e, 0x40, 0x0, 0x0, 0x6e, 0x34, 0xfd, 0x0,
    0x0, 0x1e, 0xf2, 0xb, 0xf6, 0x0, 0x8, 0xf8,
    0x0, 0x2f, 0xe0, 0x1, 0xfe, 0x0, 0x0, 0x9f,
    0x60, 0x9f, 0x50, 0x0, 0x1, 0xee, 0x3f, 0xc0,
    0x0, 0x0, 0x6, 0xfe, 0xf3, 0x0, 0x0, 0x3f,
    0xff, 0xff, 0xff, 0x10, 0x1, 0x99, 0xdf, 0xc9,
    0x80, 0x0, 0x0, 0xa, 0xf7, 0x0, 0x0, 0x3,
    0xff, 0xff, 0xff, 0xf1, 0x0, 0x19, 0x9d, 0xfc,
    0x98, 0x0, 0x0, 0x0, 0xaf, 0x70, 0x0, 0x0,
    0x0, 0xa, 0xf7, 0x0, 0x0, 0x0, 0x0, 0x7e,
    0x40, 0x0, 0x0,

    /* U+00A6 "¦" */
    0x9e, 0x3c, 0xf5, 0xcf, 0x5c, 0xf5, 0xcf, 0x5c,
    0xf5, 0x7c, 0x20, 0x0, 0x0, 0x7, 0xc2, 0xcf,
    0x5c, 0xf5, 0xcf, 0x5c, 0xf5, 0xcf, 0x59, 0xe2,

    /* U+00A7 "§" */
    0x0, 0x4c, 0xfe, 0x90, 0x0, 0x4f, 0xfe, 0xef,
    0xa0, 0xb, 0xf7, 0x0, 0xdf, 0x10, 0xef, 0x0,
    0x7, 0xf3, 0xf, 0xf2, 0x0, 0x14, 0x0, 0xff,
    0xe5, 0x0, 0x0, 0xf, 0xee, 0xfd, 0x50, 0x0,
    0xed, 0x17, 0xef, 0xa0, 0xa, 0xf6, 0x0, 0xbf,
    0x40, 0x1d, 0xfb, 0x43, 0xf8, 0x0, 0x7, 0xef,
    0xcf, 0x90, 0x0, 0x0, 0x8f, 0xfa, 0x7, 0x40,
    0x0, 0xaf, 0x91, 0xfc, 0x0, 0x9, 0xf8, 0xe,
    0xf4, 0x3, 0xef, 0x40, 0x5f, 0xff, 0xff, 0xb0,
    0x0, 0x3a, 0xdb, 0x70, 0x0,

    /* U+00A8 "¨" */
    0xb8, 0xd, 0x5c, 0x90, 0xe6,

    /* U+00A9 "©" */
    0x0, 0x0, 0x5b, 0xee, 0xc6, 0x0, 0x0, 0x0,
    0x1c, 0xd6, 0x33, 0x6c, 0xd1, 0x0, 0x0, 0xc9,
    0x6, 0xee, 0x70, 0x9d, 0x0, 0x7, 0xc0, 0x1f,
    0x65, 0xf3, 0xc, 0x70, 0xd, 0x50, 0x3f, 0x0,
    0xa3, 0x5, 0xd0, 0xf, 0x10, 0x4f, 0x0, 0x0,
    0x1, 0xf0, 0x1f, 0x0, 0x4f, 0x0, 0x0, 0x0,
    0xf1, 0x1f, 0x0, 0x4f, 0x0, 0x82, 0x0, 0xf0,
    0xe, 0x40, 0x2f, 0x42, 0xf4, 0x4, 0xe0, 0x9,
    0xa0, 0x9, 0xff, 0xa0, 0xb, 0x80, 0x1, 0xe6,
    0x0, 0x11, 0x0, 0x7e, 0x10, 0x0, 0x3e, 0x93,
    0x0, 0x3a, 0xe2, 0x0, 0x0, 0x1, 0x9f, 0xff,
    0xe8, 0x10, 0x0, 0x0, 0x0, 0x0, 0x11, 0x0,
    0x0, 0x0,

    /* U+00AA "ª" */
    0x9, 0xee, 0x90, 0x9, 0x46, 0xf6, 0x0, 0x0,
    0xda, 0x8, 0xcd, 0xfa, 0x5f, 0x30, 0xea, 0x3f,
    0xdc, 0xda, 0x1, 0x20, 0x11,

    /* U+00AB "«" */
    0x0, 0x8e, 0x20, 0x6e, 0x40, 0x2f, 0xf4, 0xe,
    0xf6, 0xa, 0xfc, 0x7, 0xfe, 0x2, 0xff, 0x31,
    0xef, 0x60, 0x5f, 0xf1, 0x2f, 0xf2, 0x0, 0xdf,
    0x80, 0xbf, 0xa0, 0x5, 0xff, 0x13, 0xff, 0x30,
    0xc, 0xf5, 0xa, 0xf7, 0x0, 0x25, 0x0, 0x16,
    0x0,

    /* U+00AC "¬" */
    0xc, 0xdd, 0xdd, 0xdd, 0x71, 0xff, 0xff, 0xff,
    0xfc, 0x0, 0x0, 0x0, 0x5f, 0xc0, 0x0, 0x0,
    0x5, 0xfc, 0x0, 0x0, 0x0, 0x2e, 0x90,

    /* U+00AD "­" */
    0x1c, 0xdd, 0xdd, 0xdd, 0x41, 0xff, 0xff, 0xff,
    0xf6,

    /* U+00AE "®" */
    0x0, 0x0, 0x5b, 0xee, 0xc6, 0x0, 0x0, 0x0,
    0x1c, 0xd6, 0x33, 0x6c, 0xd1, 0x0, 0x0, 0xc9,
    0xe, 0xfe, 0x90, 0x9d, 0x0, 0x7, 0xc0, 0xf,
    0x43, 0xe5, 0xc, 0x70, 0xd, 0x50, 0xf, 0x20,
    0xb7, 0x5, 0xd0, 0xf, 0x10, 0xf, 0x20, 0xd5,
    0x1, 0xf0, 0x1f, 0x0, 0xf, 0xff, 0xb0, 0x0,
    0xf1, 0x1f, 0x0, 0xf, 0x3c, 0x70, 0x0, 0xf0,
    0xe, 0x40, 0xf, 0x24, 0xe0, 0x4, 0xe0, 0x9,
    0xa0, 0xf, 0x20, 0xc5, 0xb, 0x80, 0x1, 0xe6,
    0x3, 0x0, 0x10, 0x7e, 0x10, 0x0, 0x3e, 0x93,
    0x0, 0x3a, 0xe2, 0x0, 0x0, 0x1, 0x9f, 0xff,
    0xe8, 0x10, 0x0, 0x0, 0x0, 0x0, 0x11, 0x0,
    0x0, 0x0,

    /* U+00AF "¯" */
    0x58, 0x88, 0x72, 0xdf, 0xff, 0xf6,

    /* U+00B0 "°" */
    0x0, 0x0, 0x0, 0x0, 0x1, 0xaf, 0xfb, 0x10,
    0xc, 0xd5, 0x5d, 0xd0, 0x4f, 0x20, 0x1, 0xe6,
    0x7c, 0x0, 0x0, 0xa8, 0x5e, 0x0, 0x0, 0xd6,
    0xd, 0xc2, 0x2b, 0xe1, 0x2, 0xdf, 0xfd, 0x30,
    0x0, 0x2, 0x20, 0x0,

    /* U+00B1 "±" */
    0x0, 0x0, 0xc6, 0x0, 0x0, 0x0, 0x2f, 0xa0,
    0x0, 0x0, 0x2, 0xfa, 0x0, 0x0, 0xcd, 0xdf,
    0xfd, 0xd5, 0xe, 0xff, 0xff, 0xff, 0x70, 0x0,
    0x2f, 0xa0, 0x0, 0x0, 0x2, 0xfa, 0x0, 0x0,
    0x0, 0xe, 0x70, 0x0, 0x0, 0x0, 0x0, 0x0,
    0x0, 0xcd, 0xdd, 0xdd, 0xd5, 0xe, 0xff, 0xff,
    0xff, 0x70,

    /* U+00B2 "²" */
    0x6, 0xdf, 0x90, 0x3f, 0x96, 0xf9, 0x2b, 0x0,
    0xcb, 0x0, 0x8, 0xf4, 0x1, 0xcf, 0x50, 0x1e,
    0xb1, 0x0, 0x7f, 0x54, 0x42, 0x5f, 0xff, 0xfa,

    /* U+00B3 "³" */
    0x9, 0xef, 0xb1, 0x4f, 0x75, 0xe8, 0x15, 0x0,
    0xe7, 0x0, 0x3f, 0xe1, 0x0, 0x3, 0xda, 0x48,
    0x0, 0x9d, 0x6f, 0x75, 0xea, 0x9, 0xef, 0xb1,

    /* U+00B4 "´" */
    0x3, 0xc8, 0x9f, 0xf5, 0xc9, 0x10,

    /* U+00B5 "µ" */
    0x9e, 0x30, 0x0, 0x7e, 0x4c, 0xf5, 0x0, 0xa,
    0xf7, 0xcf, 0x50, 0x0, 0xaf, 0x7c, 0xf5, 0x0,
    0xa, 0xf7, 0xcf, 0x50, 0x0, 0xaf, 0x7c, 0xf5,
    0x0, 0xa, 0xf7, 0xcf, 0x70, 0x0, 0xcf, 0x6c,
    0xfe, 0x30, 0x7f, 0xf1, 0xcf, 0xff, 0xff, 0xf7,
    0xc, 0xf6, 0xdf, 0xc5, 0x0, 0xcf, 0x10, 0x0,
    0x0, 0xc, 0xf1, 0x0, 0x0, 0x0, 0xcf, 0x10,
    0x0, 0x0, 0xc, 0xf1, 0x0, 0x0, 0x0, 0x9d,
    0x0, 0x0, 0x0, 0x0,

    /* U+00B6 "¶" */
    0x0, 0x8d, 0xff, 0xff, 0xf6, 0xb, 0xff, 0xff,
    0x81, 0xd9, 0x2f, 0xff, 0xff, 0x80, 0xd9, 0x5f,
    0xff, 0xff, 0x80, 0xd9, 0x6f, 0xff, 0xff, 0x80,
    0xd9, 0x5f, 0xff, 0xff, 0x80, 0xd9, 0x1f, 0xff,
    0xff, 0x80, 0xd9, 0x7, 0xff, 0xff, 0x80, 0xd9,
    0x0, 0x49, 0xbf, 0x80, 0xd9, 0x0, 0x0, 0xe,
    0x80, 0xd9, 0x0, 0x0, 0xe, 0x80, 0xd9, 0x0,
    0x0, 0xe, 0x80, 0xd9, 0x0, 0x0, 0xe, 0x80,
    0xd9, 0x0, 0x0, 0xe, 0x80, 0xd9, 0x0, 0x0,
    0xc, 0x60, 0xb6,

    /* U+00B7 "·" */
    0x3, 0x30, 0x2f, 0xf2, 0x1d, 0xd0,

    /* U+00B8 "¸" */
    0x7, 0x0, 0x4e, 0x50, 0x14, 0xc7, 0x51, 0xa8,
    0xcf, 0xc1,

    /* U+00B9 "¹" */
    0x1a, 0xab, 0xfc, 0x1a, 0xc0, 0xac, 0xa, 0xc0,
    0xac, 0xa, 0xc0, 0x9b,

    /* U+00BA "º" */
    0x3, 0xdf, 0xb1, 0x1, 0xfb, 0x6d, 0xd0, 0x5f,
    0x20, 0x6f, 0x15, 0xf1, 0x5, 0xf1, 0x3f, 0x71,
    0xbe, 0x0, 0x6f, 0xfe, 0x40, 0x0, 0x13, 0x0,
    0x0,

    /* U+00BB "»" */
    0x1d, 0xb0, 0xc, 0xc0, 0x2, 0xff, 0x40, 0xff,
    0x50, 0xa, 0xfc, 0x8, 0xfd, 0x0, 0x2f, 0xf4,
    0xe, 0xf6, 0x0, 0xef, 0x70, 0xcf, 0x90, 0x6f,
    0xe0, 0x4f, 0xf1, 0xe, 0xf7, 0xc, 0xf9, 0x3,
    0xfe, 0x1, 0xff, 0x10, 0x4, 0x30, 0x3, 0x40,
    0x0,

    /* U+00BC "¼" */
    0x0, 0x10, 0x0, 0x0, 0xaa, 0x0, 0x2, 0xcc,
    0x0, 0x0, 0x2f, 0x80, 0x0, 0xbe, 0xc0, 0x0,
    0xa, 0xf1, 0x0, 0x0, 0xac, 0x0, 0x2, 0xf9,
    0x0, 0x0, 0xa, 0xc0, 0x0, 0x9f, 0x10, 0x0,
    0x0, 0xac, 0x0, 0x1f, 0x90, 0x0, 0x0, 0xa,
    0xc0, 0x9, 0xf1, 0x0, 0x0, 0x0, 0xac, 0x1,
    0xf9, 0x0, 0x0, 0x0, 0x9, 0xb0, 0x8f, 0x20,
    0x1, 0xe4, 0x0, 0x0, 0x1f, 0xa0, 0x0, 0x9e,
    0x0, 0x0, 0x8, 0xf2, 0x0, 0x2f, 0x50, 0x0,
    0x0, 0xea, 0x0, 0xa, 0xd4, 0x90, 0x0, 0x7f,
    0x20, 0x3, 0xf6, 0x8f, 0x10, 0xe, 0xa0, 0x0,
    0xaf, 0xff, 0xfe, 0x6, 0xf3, 0x0, 0x2, 0x44,
    0xaf, 0x30, 0xeb, 0x0, 0x0, 0x0, 0x6, 0xd0,
    0x6, 0x20, 0x0, 0x0, 0x0, 0x0, 0x0,

    /* U+00BD "½" */
    0x0, 0x0, 0x0, 0x0, 0x77, 0x0, 0x1, 0xaa,
    0x0, 0x0, 0x1f, 0xa0, 0x0, 0xbf, 0xc0, 0x0,
    0x8, 0xf2, 0x0, 0x0, 0xac, 0x0, 0x1, 0xfa,
    0x0, 0x0, 0xa, 0xc0, 0x0, 0x8f, 0x30, 0x0,
    0x0, 0xac, 0x0, 0xe, 0xb0, 0x0, 0x0, 0xa,
    0xc0, 0x7, 0xf3, 0x0, 0x0, 0x0, 0xac, 0x0,
    0xeb, 0x0, 0x0, 0x0, 0xa, 0xc0, 0x6f, 0x30,
    0x6f, 0xfb, 0x10, 0x1, 0xe, 0xb0, 0x2f, 0xa5,
    0xea, 0x0, 0x6, 0xf4, 0x2, 0xe1, 0xb, 0xc0,
    0x0, 0xdc, 0x0, 0x0, 0x7, 0xf6, 0x0, 0x5f,
    0x40, 0x0, 0xa, 0xf7, 0x0, 0xd, 0xc0, 0x0,
    0xc, 0xe3, 0x0, 0x5, 0xf4, 0x0, 0x5, 0xf3,
    0x11, 0x0, 0xcd, 0x0, 0x0, 0x6f, 0xff, 0xfc,
    0xa, 0x40, 0x0, 0x0, 0x34, 0x44, 0x20,

    /* U+00BE "¾" */
    0x0, 0x0, 0x0, 0x0, 0x0, 0xc, 0x70, 0x0,
    0x9, 0xff, 0xc2, 0x0, 0x0, 0x5f, 0x50, 0x0,
    0x4f, 0x75, 0xe8, 0x0, 0x0, 0xdd, 0x0, 0x0,
    0x14, 0x1, 0xe7, 0x0, 0x4, 0xf6, 0x0, 0x0,
    0x0, 0x4f, 0xe1, 0x0, 0xc, 0xe0, 0x0, 0x0,
    0x0, 0x4, 0xda, 0x0, 0x4f, 0x60, 0x0, 0x0,
    0x36, 0x0, 0x9d, 0x0, 0xce, 0x0, 0x0, 0x0,
    0x7f, 0x32, 0xcb, 0x3, 0xf6, 0x0, 0x0, 0x0,
    0x1c, 0xff, 0xe3, 0xb, 0xe0, 0x0, 0x3f, 0x10,
    0x0, 0x23, 0x0, 0x3f, 0x70, 0x0, 0xcc, 0x0,
    0x0, 0x0, 0x0, 0xae, 0x0, 0x5, 0xf3, 0x0,
    0x0, 0x0, 0x2, 0xf7, 0x0, 0xd, 0xa6, 0x70,
    0x0, 0x0, 0xa, 0xe0, 0x0, 0x6f, 0x3b, 0xc0,
    0x0, 0x0, 0x2f, 0x70, 0x0, 0xef, 0xff, 0xfb,
    0x0, 0x0, 0x9f, 0x0, 0x0, 0x34, 0x4c, 0xd2,
    0x0, 0x1, 0xf8, 0x0, 0x0, 0x0, 0x9, 0xa0,
    0x0, 0x0, 0x60, 0x0, 0x0, 0x0, 0x0, 0x0,

    /* U+00BF "¿" */
    0x0, 0x2, 0xe9, 0x0, 0x0, 0x0, 0x5f, 0xd0,
    0x0, 0x0, 0x0, 0x63, 0x0, 0x0, 0x0, 0x0,
    0x0, 0x0, 0x0, 0x0, 0xe6, 0x0, 0x0, 0x0,
    0x1f, 0x80, 0x0, 0x0, 0x5, 0xf5, 0x0, 0x0,
    0x2, 0xee, 0x0, 0x0, 0x2, 0xee, 0x30, 0x0,
    0x0, 0xcf, 0x20, 0x0, 0x0, 0x4f, 0x70, 0x0,
    0x0, 0x6, 0xf6, 0x0, 0x0, 0x0, 0x4f, 0xb0,
    0x0, 0x7c, 0x0, 0xcf, 0xeb, 0xdf, 0xc0, 0x0,
    0x8e, 0xfe, 0x91, 0x0,

    /* U+00C0 "À" */
    0x0, 0x6, 0xd4, 0x0, 0x0, 0x0, 0x0, 0x3e,
    0xfb, 0x0, 0x0, 0x0, 0x0, 0x8, 0xe0, 0x0,
    0x0, 0x0, 0x0, 0x0, 0x0, 0x0, 0x0, 0x0,
    0x0, 0x0, 0x0, 0x0, 0x0, 0x8, 0xfb, 0x0,
    0x0, 0x0, 0x0, 0xff, 0xf2, 0x0, 0x0, 0x0,
    0x4f, 0xff, 0x70, 0x0, 0x0, 0x9, 0xfb, 0xfc,
    0x0, 0x0, 0x0, 0xdf, 0x2f, 0xf1, 0x0, 0x0,
    0x2f, 0xd0, 0xbf, 0x60, 0x0, 0x7, 0xf9, 0x6,
    0xfa, 0x0, 0x0, 0xcf, 0x40, 0x1f, 0xf0, 0x0,
    0x1f, 0xf0, 0x0, 0xdf, 0x40, 0x6, 0xfb, 0x0,
    0x8, 0xf9, 0x0, 0xaf, 0xff, 0xff, 0xff, 0xe0,
    0xf, 0xfc, 0xcc, 0xcc, 0xff, 0x24, 0xfe, 0x0,
    0x0, 0xb, 0xf7, 0x9f, 0xa0, 0x0, 0x0, 0x6f,
    0xc7, 0xf4, 0x0, 0x0, 0x1, 0xea,

    /* U+00C1 "Á" */
    0x0, 0x0, 0x2, 0xbb, 0x0, 0x0, 0x0, 0x7,
    0xff, 0x70, 0x0, 0x0, 0x0, 0xab, 0x20, 0x0,
    0x0, 0x0, 0x0, 0x0, 0x0, 0x0, 0x0, 0x0,
    0x0, 0x0, 0x0, 0x0, 0x0, 0x8, 0xfb, 0x0,
    0x0, 0x0, 0x0, 0xff, 0xf2, 0x0, 0x0, 0x0,
    0x4f, 0xff, 0x70, 0x0, 0x0, 0x9, 0xfb, 0xfc,
    0x0, 0x0, 0x0, 0xdf, 0x2f, 0xf1, 0x0, 0x0,
    0x2f, 0xd0, 0xbf, 0x60, 0x0, 0x7, 0xf9, 0x6,
    0xfa, 0x0, 0x0, 0xcf, 0x40, 0x1f, 0xf0, 0x0,
    0x1f, 0xf0, 0x0, 0xdf, 0x40, 0x6, 0xfb, 0x0,
    0x8, 0xf9, 0x0, 0xaf, 0xff, 0xff, 0xff, 0xe0,
    0xf, 0xfc, 0xcc, 0xcc, 0xff, 0x24, 0xfe, 0x0,
    0x0, 0xb, 0xf7, 0x9f, 0xa0, 0x0, 0x0, 0x6f,
    0xc7, 0xf4, 0x0, 0x0, 0x1, 0xea,

    /* U+00C2 "Â" */
    0x0, 0x0, 0x7e, 0x91, 0x0, 0x0, 0x1, 0xee,
    0x7c, 0xf4, 0x0, 0x0, 0x6, 0x0, 0x5, 0x10,
    0x0, 0x0, 0x0, 0x0, 0x0, 0x0, 0x0, 0x0,
    0x0, 0x0, 0x0, 0x0, 0x0, 0x8, 0xfb, 0x0,
    0x0, 0x0, 0x0, 0xff, 0xf2, 0x0, 0x0, 0x0,
    0x4f, 0xff, 0x70, 0x0, 0x0, 0x9, 0xfb, 0xfc,
    0x0, 0x0, 0x0, 0xdf, 0x2f, 0xf1, 0x0, 0x0,
    0x2f, 0xd0, 0xbf, 0x60, 0x0, 0x7, 0xf9, 0x6,
    0xfa, 0x0, 0x0, 0xcf, 0x40, 0x1f, 0xf0, 0x0,
    0x1f, 0xf0, 0x0, 0xdf, 0x40, 0x6, 0xfb, 0x0,
    0x8, 0xf9, 0x0, 0xaf, 0xff, 0xff, 0xff, 0xe0,
    0xf, 0xfc, 0xcc, 0xcc, 0xff, 0x24, 0xfe, 0x0,
    0x0, 0xb, 0xf7, 0x9f, 0xa0, 0x0, 0x0, 0x6f,
    0xc7, 0xf4, 0x0, 0x0, 0x1, 0xea,

    /* U+00C3 "Ã" */
    0x0, 0x6, 0x73, 0x2, 0x50, 0x0, 0x9, 0xff,
    0xff, 0xfd, 0x0, 0x0, 0x44, 0x3, 0x67, 0x10,
    0x0, 0x0, 0x0, 0x0, 0x0, 0x0, 0x0, 0x0,
    0x0, 0x0, 0x0, 0x0, 0x0, 0x8, 0xfb, 0x0,
    0x0, 0x0, 0x0, 0xff, 0xf2, 0x0, 0x0, 0x0,
    0x4f, 0xff, 0x70, 0x0, 0x0, 0x9, 0xfb, 0xfc,
    0x0, 0x0, 0x0, 0xdf, 0x2f, 0xf1, 0x0, 0x0,
    0x2f, 0xd0, 0xbf, 0x60, 0x0, 0x7, 0xf9, 0x6,
    0xfa, 0x0, 0x0, 0xcf, 0x40, 0x1f, 0xf0, 0x0,
    0x1f, 0xf0, 0x0, 0xdf, 0x40, 0x6, 0xfb, 0x0,
    0x8, 0xf9, 0x0, 0xaf, 0xff, 0xff, 0xff, 0xe0,
    0xf, 0xfc, 0xcc, 0xcc, 0xff, 0x24, 0xfe, 0x0,
    0x0, 0xb, 0xf7, 0x9f, 0xa0, 0x0, 0x0, 0x6f,
    0xc7, 0xf4, 0x0, 0x0, 0x1, 0xea,

    /* U+00C4 "Ä" */
    0x0, 0x8, 0xe0, 0xbb, 0x0, 0x0, 0x0, 0x7c,
    0xa, 0xa0, 0x0, 0x0, 0x0, 0x0, 0x0, 0x0,
    0x0, 0x0, 0x0, 0x0, 0x0, 0x0, 0x0, 0x0,
    0x8f, 0xb0, 0x0, 0x0, 0x0, 0xf, 0xff, 0x20,
    0x0, 0x0, 0x4, 0xff, 0xf7, 0x0, 0x0, 0x0,
    0x9f, 0xbf, 0xc0, 0x0, 0x0, 0xd, 0xf2, 0xff,
    0x10, 0x0, 0x2, 0xfd, 0xb, 0xf6, 0x0, 0x0,
    0x7f, 0x90, 0x6f, 0xa0, 0x0, 0xc, 0xf4, 0x1,
    0xff, 0x0, 0x1, 0xff, 0x0, 0xd, 0xf4, 0x0,
    0x6f, 0xb0, 0x0, 0x8f, 0x90, 0xa, 0xff, 0xff,
    0xff, 0xfe, 0x0, 0xff, 0xcc, 0xcc, 0xcf, 0xf2,
    0x4f, 0xe0, 0x0, 0x0, 0xbf, 0x79, 0xfa, 0x0,
    0x0, 0x6, 0xfc, 0x7f, 0x40, 0x0, 0x0, 0x1e,
    0xa0,

    /* U+00C5 "Å" */
    0x0, 0x0, 0x8f, 0xa0, 0x0, 0x0, 0x0, 0x3c,
    0x19, 0x70, 0x0, 0x0, 0x2, 0xc0, 0x96, 0x0,
    0x0, 0x0, 0x7, 0xea, 0x0, 0x0, 0x0, 0x0,
    0x0, 0x0, 0x0, 0x0, 0x0, 0x0, 0x0, 0x0,
    0x0, 0x0, 0x0, 0x8f, 0xb0, 0x0, 0x0, 0x0,
    0xf, 0xff, 0x20, 0x0, 0x0, 0x4, 0xff, 0xf7,
    0x0, 0x0, 0x0, 0x9f, 0xbf, 0xc0, 0x0, 0x0,
    0xd, 0xf2, 0xff, 0x10, 0x0, 0x2, 0xfd, 0xb,
    0xf6, 0x0, 0x0, 0x7f, 0x90, 0x6f, 0xa0, 0x0,
    0xc, 0xf4, 0x1, 0xff, 0x0, 0x1, 0xff, 0x0,
    0xd, 0xf4, 0x0, 0x6f, 0xb0, 0x0, 0x8f, 0x90,
    0xa, 0xff, 0xff, 0xff, 0xfe, 0x0, 0xff, 0xcc,
    0xcc, 0xcf, 0xf2, 0x4f, 0xe0, 0x0, 0x0, 0xbf,
    0x79, 0xfa, 0x0, 0x0, 0x6, 0xfc, 0x7f, 0x40,
    0x0, 0x0, 0x1e, 0xa0,

    /* U+00C6 "Æ" */
    0x0, 0x8d, 0xff, 0xff, 0xff, 0xff, 0xfa, 0xc,
    0xff, 0xff, 0xff, 0xff, 0xff, 0xf9, 0x6f, 0xe3,
    0x0, 0xaf, 0x80, 0x0, 0x0, 0xaf, 0x60, 0x0,
    0xaf, 0x80, 0x0, 0x0, 0xbf, 0x40, 0x0, 0xaf,
    0x80, 0x0, 0x0, 0xbf, 0x40, 0x0, 0xaf, 0x80,
    0x0, 0x0, 0xbf, 0xdc, 0xcc, 0xef, 0xec, 0xc7,
    0x0, 0xbf, 0xff, 0xff, 0xff, 0xff, 0xfa, 0x0,
    0xbf, 0x40, 0x0, 0xaf, 0x80, 0x0, 0x0, 0xbf,
    0x40, 0x0, 0xaf, 0x80, 0x0, 0x0, 0xbf, 0x40,
    0x0, 0xaf, 0x80, 0x0, 0x0, 0xbf, 0x40, 0x0,
    0xaf, 0x80, 0x0, 0x0, 0xbf, 0x40, 0x0, 0xaf,
    0x80, 0x0, 0x0, 0xbf, 0x40, 0x0, 0xaf, 0xff,
    0xff, 0xf9, 0x9f, 0x20, 0x0, 0x7f, 0xff, 0xff,
    0xfa,

    /* U+00C7 "Ç" */
    0x1, 0x8d, 0xfe, 0xb3, 0x0, 0xd, 0xff, 0xff,
    0xff, 0x50, 0x7f, 0xe4, 0x1, 0xaf, 0xe0, 0xbf,
    0x70, 0x0, 0x1f, 0xf1, 0xcf, 0x50, 0x0, 0x9,
    0xb0, 0xdf, 0x40, 0x0, 0x0, 0x0, 0xdf, 0x40,
    0x0, 0x0, 0x0, 0xdf, 0x40, 0x0, 0x0, 0x0,
    0xdf, 0x40, 0x0, 0x0, 0x0, 0xdf, 0x40, 0x0,
    0x0, 0x0, 0xcf, 0x50, 0x0, 0xc, 0xd0, 0xbf,
    0x70, 0x0, 0x1f, 0xf1, 0x7f, 0xe3, 0x1, 0xbf,
    0xd0, 0xd, 0xff, 0xff, 0xff, 0x40, 0x1, 0x8d,
    0xff, 0xa3, 0x0, 0x0, 0x0, 0xd1, 0x0, 0x0,
    0x0, 0x1, 0xfb, 0x20, 0x0, 0x0, 0x0, 0x28,
    0xc0, 0x0, 0x0, 0x2, 0x16, 0xc0, 0x0, 0x0,
    0x8, 0xfe, 0x30, 0x0,

    /* U+00C8 "È" */
    0x0, 0x6d, 0x40, 0x0, 0x0, 0x0, 0x3e, 0xfb,
    0x0, 0x0, 0x0, 0x0, 0x8e, 0x0, 0x0, 0x0,
    0x0, 0x0, 0x0, 0x0, 0x0, 0x0, 0x0, 0x0,
    0x0, 0x8f, 0xff, 0xff, 0xff, 0xe0, 0xbf, 0xff,
    0xff, 0xff, 0xd0, 0xbf, 0x70, 0x0, 0x0, 0x0,
    0xbf, 0x70, 0x0, 0x0, 0x0, 0xbf, 0x70, 0x0,
    0x0, 0x0, 0xbf, 0x70, 0x0, 0x0, 0x0, 0xbf,
    0xec, 0xcb, 0x0, 0x0, 0xbf, 0xff, 0xff, 0x10,
    0x0, 0xbf, 0x70, 0x0, 0x0, 0x0, 0xbf, 0x70,
    0x0, 0x0, 0x0, 0xbf, 0x70, 0x0, 0x0, 0x0,
    0xbf, 0x70, 0x0, 0x0, 0x0, 0xbf, 0x70, 0x0,
    0x0, 0x0, 0xbf, 0xff, 0xff, 0xff, 0xd0, 0x8f,
    0xff, 0xff, 0xff, 0xe0,

    /* U+00C9 "É" */
    0x0, 0x0, 0x2b, 0xb0, 0x0, 0x0, 0x7, 0xff,
    0x70, 0x0, 0x0, 0xa, 0xb2, 0x0, 0x0, 0x0,
    0x0, 0x0, 0x0, 0x0, 0x0, 0x0, 0x0, 0x0,
    0x0, 0x8f, 0xff, 0xff, 0xff, 0xe0, 0xbf, 0xff,
    0xff, 0xff, 0xd0, 0xbf, 0x70, 0x0, 0x0, 0x0,
    0xbf, 0x70, 0x0, 0x0, 0x0, 0xbf, 0x70, 0x0,
    0x0, 0x0, 0xbf, 0x70, 0x0, 0x0, 0x0, 0xbf,
    0xec, 0xcb, 0x0, 0x0, 0xbf, 0xff, 0xff, 0x10,
    0x0, 0xbf, 0x70, 0x0, 0x0, 0x0, 0xbf, 0x70,
    0x0, 0x0, 0x0, 0xbf, 0x70, 0x0, 0x0, 0x0,
    0xbf, 0x70, 0x0, 0x0, 0x0, 0xbf, 0x70, 0x0,
    0x0, 0x0, 0xbf, 0xff, 0xff, 0xff, 0xd0, 0x8f,
    0xff, 0xff, 0xff, 0xe0,

    /* U+00CA "Ê" */
    0x0, 0x7, 0xe9, 0x10, 0x0, 0x1, 0xee, 0x7c,
    0xf4, 0x0, 0x0, 0x60, 0x0, 0x51, 0x0, 0x0,
    0x0, 0x0, 0x0, 0x0, 0x0, 0x0, 0x0, 0x0,
    0x0, 0x8f, 0xff, 0xff, 0xff, 0xe0, 0xbf, 0xff,
    0xff, 0xff, 0xd0, 0xbf, 0x70, 0x0, 0x0, 0x0,
    0xbf, 0x70, 0x0, 0x0, 0x0, 0xbf, 0x70, 0x0,
    0x0, 0x0, 0xbf, 0x70, 0x0, 0x0, 0x0, 0xbf,
    0xec, 0xcb, 0x0, 0x0, 0xbf, 0xff, 0xff, 0x10,
    0x0, 0xbf, 0x70, 0x0, 0x0, 0x0, 0xbf, 0x70,
    0x0, 0x0, 0x0, 0xbf, 0x70, 0x0, 0x0, 0x0,
    0xbf, 0x70, 0x0, 0x0, 0x0, 0xbf, 0x70, 0x0,
    0x0, 0x0, 0xbf, 0xff, 0xff, 0xff, 0xd0, 0x8f,
    0xff, 0xff, 0xff, 0xe0,

    /* U+00CB "Ë" */
    0x0, 0x8e, 0xb, 0xb0, 0x0, 0x0, 0x7c, 0xa,
    0xa0, 0x0, 0x0, 0x0, 0x0, 0x0, 0x0, 0x0,
    0x0, 0x0, 0x0, 0x0, 0x8f, 0xff, 0xff, 0xff,
    0xe0, 0xbf, 0xff, 0xff, 0xff, 0xd0, 0xbf, 0x70,
    0x0, 0x0, 0x0, 0xbf, 0x70, 0x0, 0x0, 0x0,
    0xbf, 0x70, 0x0, 0x0, 0x0, 0xbf, 0x70, 0x0,
    0x0, 0x0, 0xbf, 0xec, 0xcb, 0x0, 0x0, 0xbf,
    0xff, 0xff, 0x10, 0x0, 0xbf, 0x70, 0x0, 0x0,
    0x0, 0xbf, 0x70, 0x0, 0x0, 0x0, 0xbf, 0x70,
    0x0, 0x0, 0x0, 0xbf, 0x70, 0x0, 0x0, 0x0,
    0xbf, 0x70, 0x0, 0x0, 0x0, 0xbf, 0xff, 0xff,
    0xff, 0xd0, 0x8f, 0xff, 0xff, 0xff, 0xe0,

    /* U+00CC "Ì" */
    0x9b, 0x20, 0x6f, 0xf8, 0x1, 0xab, 0x0, 0x0,
    0x0, 0x0, 0x8, 0xe4, 0xb, 0xf7, 0xb, 0xf7,
    0xb, 0xf7, 0xb, 0xf7, 0xb, 0xf7, 0xb, 0xf7,
    0xb, 0xf7, 0xb, 0xf7, 0xb, 0xf7, 0xb, 0xf7,
    0xb, 0xf7, 0xb, 0xf7, 0xb, 0xf7, 0x8, 0xe4,

    /* U+00CD "Í" */
    0x0, 0x4d, 0x70, 0xaf, 0xe4, 0xd, 0x91, 0x0,
    0x0, 0x0, 0x0, 0x0, 0x0, 0x8e, 0x40, 0xb,
    0xf7, 0x0, 0xbf, 0x70, 0xb, 0xf7, 0x0, 0xbf,
    0x70, 0xb, 0xf7, 0x0, 0xbf, 0x70, 0xb, 0xf7,
    0x0, 0xbf, 0x70, 0xb, 0xf7, 0x0, 0xbf, 0x70,
    0xb, 0xf7, 0x0, 0xbf, 0x70, 0xb, 0xf7, 0x0,
    0x8e, 0x40,

    /* U+00CE "Î" */
    0x1, 0x9e, 0x70, 0x3, 0xfc, 0x7e, 0xe1, 0x15,
    0x0, 0x6, 0x0, 0x0, 0x0, 0x0, 0x0, 0x0,
    0x0, 0x0, 0x8, 0xe4, 0x0, 0x0, 0xbf, 0x70,
    0x0, 0xb, 0xf7, 0x0, 0x0, 0xbf, 0x70, 0x0,
    0xb, 0xf7, 0x0, 0x0, 0xbf, 0x70, 0x0, 0xb,
    0xf7, 0x0, 0x0, 0xbf, 0x70, 0x0, 0xb, 0xf7,
    0x0, 0x0, 0xbf, 0x70, 0x0, 0xb, 0xf7, 0x0,
    0x0, 0xbf, 0x70, 0x0, 0xb, 0xf7, 0x0, 0x0,
    0xbf, 0x70, 0x0, 0x8, 0xe4, 0x0,

    /* U+00CF "Ï" */
    0xba, 0xe, 0x7a, 0x90, 0xd6, 0x0, 0x0, 0x0,
    0x0, 0x0, 0x8, 0xe4, 0x0, 0xbf, 0x70, 0xb,
    0xf7, 0x0, 0xbf, 0x70, 0xb, 0xf7, 0x0, 0xbf,
    0x70, 0xb, 0xf7, 0x0, 0xbf, 0x70, 0xb, 0xf7,
    0x0, 0xbf, 0x70, 0xb, 0xf7, 0x0, 0xbf, 0x70,
    0xb, 0xf7, 0x0, 0xbf, 0x70, 0x8, 0xe4, 0x0,

    /* U+00D0 "Ð" */
    0x0, 0x5f, 0xff, 0xff, 0xc5, 0x0, 0x0, 0x8f,
    0xff, 0xff, 0xff, 0x80, 0x0, 0x8f, 0x90, 0x0,
    0x8f, 0xf1, 0x0, 0x8f, 0x90, 0x0, 0xd, 0xf5,
    0x0, 0x8f, 0x90, 0x0, 0xa, 0xf6, 0x0, 0x8f,
    0x90, 0x0, 0xa, 0xf7, 0x8, 0xdf, 0xda, 0x70,
    0xa, 0xf7, 0xe, 0xff, 0xff, 0xd0, 0xa, 0xf7,
    0x0, 0x8f, 0x90, 0x0, 0xa, 0xf7, 0x0, 0x8f,
    0x90, 0x0, 0xa, 0xf7, 0x0, 0x8f, 0x90, 0x0,
    0xa, 0xf6, 0x0, 0x8f, 0x90, 0x0, 0xd, 0xf5,
    0x0, 0x8f, 0x90, 0x0, 0x8f, 0xf1, 0x0, 0x8f,
    0xff, 0xff, 0xff, 0x80, 0x0, 0x5f, 0xff, 0xff,
    0xc5, 0x0,

    /* U+00D1 "Ñ" */
    0x0, 0x47, 0x51, 0x16, 0x0, 0x4, 0xff, 0xff,
    0xff, 0x20, 0x1, 0x61, 0x15, 0x74, 0x0, 0x0,
    0x0, 0x0, 0x0, 0x0, 0x0, 0x0, 0x0, 0x0,
    0x0, 0x8f, 0x70, 0x0, 0x6, 0xf6, 0xbf, 0xf2,
    0x0, 0x9, 0xf8, 0xbf, 0xf9, 0x0, 0x9, 0xf8,
    0xbf, 0xff, 0x20, 0x9, 0xf8, 0xbf, 0xff, 0x90,
    0x9, 0xf8, 0xbf, 0xaf, 0xf2, 0x9, 0xf8, 0xbf,
    0x7b, 0xf9, 0x9, 0xf8, 0xbf, 0x73, 0xff, 0x29,
    0xf8, 0xbf, 0x70, 0xbf, 0x99, 0xf8, 0xbf, 0x70,
    0x3f, 0xfb, 0xf8, 0xbf, 0x70, 0xa, 0xff, 0xf8,
    0xbf, 0x70, 0x2, 0xff, 0xf8, 0xbf, 0x70, 0x0,
    0xaf, 0xf8, 0xbf, 0x70, 0x0, 0x2f, 0xf8, 0x8e,
    0x40, 0x0, 0x7, 0xe6,

    /* U+00D2 "Ò" */
    0x0, 0x5e, 0x70, 0x0, 0x0, 0x0, 0x19, 0xfe,
    0x10, 0x0, 0x0, 0x0, 0x16, 0x0, 0x0, 0x0,
    0x0, 0x0, 0x0, 0x0, 0x0, 0x0, 0x0, 0x0,
    0x0, 0x1, 0x9d, 0xfe, 0xa3, 0x0, 0xd, 0xff,
    0xff, 0xff, 0x30, 0x7f, 0xe3, 0x1, 0xbf, 0xc0,
    0xbf, 0x70, 0x0, 0x2f, 0xf0, 0xcf, 0x50, 0x0,
    0xf, 0xf2, 0xdf, 0x40, 0x0, 0xf, 0xf2, 0xdf,
    0x40, 0x0, 0xf, 0xf2, 0xdf, 0x40, 0x0, 0xf,
    0xf2, 0xdf, 0x40, 0x0, 0xf, 0xf2, 0xdf, 0x40,
    0x0, 0xf, 0xf2, 0xcf, 0x50, 0x0, 0xf, 0xf2,
    0xbf, 0x70, 0x0, 0x2f, 0xf0, 0x7f, 0xe3, 0x1,
    0xbf, 0xc0, 0xd, 0xff, 0xff, 0xff, 0x30, 0x1,
    0x9d, 0xfe, 0xa3, 0x0,

    /* U+00D3 "Ó" */
    0x0, 0x0, 0x4b, 0xb0, 0x0, 0x0, 0x9, 0xfc,
    0x40, 0x0, 0x0, 0x3, 0x40, 0x0, 0x0, 0x0,
    0x0, 0x0, 0x0, 0x0, 0x0, 0x0, 0x0, 0x0,
    0x0, 0x1, 0x9d, 0xfe, 0xa3, 0x0, 0xd, 0xff,
    0xff, 0xff, 0x30, 0x7f, 0xe3, 0x1, 0xbf, 0xc0,
    0xbf, 0x70, 0x0, 0x2f, 0xf0, 0xcf, 0x50, 0x0,
    0xf, 0xf2, 0xdf, 0x40, 0x0, 0xf, 0xf2, 0xdf,
    0x40, 0x0, 0xf, 0xf2, 0xdf, 0x40, 0x0, 0xf,
    0xf2, 0xdf, 0x40, 0x0, 0xf, 0xf2, 0xdf, 0x40,
    0x0, 0xf, 0xf2, 0xcf, 0x50, 0x0, 0xf, 0xf2,
    0xbf, 0x70, 0x0, 0x2f, 0xf0, 0x7f, 0xe3, 0x1,
    0xbf, 0xc0, 0xd, 0xff, 0xff, 0xff, 0x30, 0x1,
    0x9d, 0xfe, 0xa3, 0x0,

    /* U+00D4 "Ô" */
    0x0, 0x7, 0xea, 0x20, 0x0, 0x0, 0xee, 0x7c,
    0xf4, 0x0, 0x0, 0x60, 0x0, 0x42, 0x0, 0x0,
    0x0, 0x0, 0x0, 0x0, 0x0, 0x0, 0x0, 0x0,
    0x0, 0x1, 0x9d, 0xfe, 0xa3, 0x0, 0xd, 0xff,
    0xff, 0xff, 0x30, 0x7f, 0xe3, 0x1, 0xbf, 0xc0,
    0xbf, 0x70, 0x0, 0x2f, 0xf0, 0xcf, 0x50, 0x0,
    0xf, 0xf2, 0xdf, 0x40, 0x0, 0xf, 0xf2, 0xdf,
    0x40, 0x0, 0xf, 0xf2, 0xdf, 0x40, 0x0, 0xf,
    0xf2, 0xdf, 0x40, 0x0, 0xf, 0xf2, 0xdf, 0x40,
    0x0, 0xf, 0xf2, 0xcf, 0x50, 0x0, 0xf, 0xf2,
    0xbf, 0x70, 0x0, 0x2f, 0xf0, 0x7f, 0xe3, 0x1,
    0xbf, 0xc0, 0xd, 0xff, 0xff, 0xff, 0x30, 0x1,
    0x9d, 0xfe, 0xa3, 0x0,

    /* U+00D5 "Õ" */
    0x3, 0xde, 0x71, 0x4c, 0x0, 0x9, 0xe8, 0xdf,
    0xfd, 0x0, 0x3, 0x20, 0x5, 0x71, 0x0, 0x0,
    0x0, 0x0, 0x0, 0x0, 0x0, 0x0, 0x0, 0x0,
    0x0, 0x1, 0x9d, 0xfe, 0xa3, 0x0, 0xd, 0xff,
    0xff, 0xff, 0x30, 0x7f, 0xe3, 0x1, 0xbf, 0xc0,
    0xbf, 0x70, 0x0, 0x2f, 0xf0, 0xcf, 0x50, 0x0,
    0xf, 0xf2, 0xdf, 0x40, 0x0, 0xf, 0xf2, 0xdf,
    0x40, 0x0, 0xf, 0xf2, 0xdf, 0x40, 0x0, 0xf,
    0xf2, 0xdf, 0x40, 0x0, 0xf, 0xf2, 0xdf, 0x40,
    0x0, 0xf, 0xf2, 0xcf, 0x50, 0x0, 0xf, 0xf2,
    0xbf, 0x70, 0x0, 0x2f, 0xf0, 0x7f, 0xe3, 0x1,
    0xbf, 0xc0, 0xd, 0xff, 0xff, 0xff, 0x30, 0x1,
    0x9d, 0xfe, 0xa3, 0x0,

    /* U+00D6 "Ö" */
    0x0, 0x7e, 0x1a, 0xc0, 0x0, 0x0, 0x6d, 0x9,
    0xa0, 0x0, 0x0, 0x0, 0x0, 0x0, 0x0, 0x0,
    0x0, 0x0, 0x0, 0x0, 0x1, 0x9d, 0xfe, 0xa3,
    0x0, 0xd, 0xff, 0xff, 0xff, 0x30, 0x7f, 0xe3,
    0x1, 0xbf, 0xc0, 0xbf, 0x70, 0x0, 0x2f, 0xf0,
    0xcf, 0x50, 0x0, 0xf, 0xf2, 0xdf, 0x40, 0x0,
    0xf, 0xf2, 0xdf, 0x40, 0x0, 0xf, 0xf2, 0xdf,
    0x40, 0x0, 0xf, 0xf2, 0xdf, 0x40, 0x0, 0xf,
    0xf2, 0xdf, 0x40, 0x0, 0xf, 0xf2, 0xcf, 0x50,
    0x0, 0xf, 0xf2, 0xbf, 0x70, 0x0, 0x2f, 0xf0,
    0x7f, 0xe3, 0x1, 0xbf, 0xc0, 0xd, 0xff, 0xff,
    0xff, 0x30, 0x1, 0x9d, 0xfe, 0xa3, 0x0,

    /* U+00D7 "×" */
    0x3, 0x20, 0x2, 0x30, 0xe, 0xe2, 0x2e, 0xf0,
    0x6, 0xfe, 0xdf, 0x70, 0x0, 0x7f, 0xf7, 0x0,
    0x1, 0xcf, 0xfd, 0x10, 0xc, 0xf9, 0x9f, 0xd0,
    0xc, 0xa0, 0x9, 0xc0,

    /* U+00D8 "Ø" */
    0x0, 0x0, 0x0, 0x3, 0xe1, 0x1, 0x9d, 0xfe,
    0xaf, 0xe0, 0xd, 0xff, 0xff, 0xff, 0xb0, 0x7f,
    0xe3, 0x1, 0xff, 0xd0, 0xbf, 0x70, 0x3, 0xff,
    0xf0, 0xcf, 0x50, 0xb, 0xff, 0xf2, 0xdf, 0x40,
    0x2f, 0x8f, 0xf2, 0xdf, 0x40, 0xaf, 0x1f, 0xf2,
    0xdf, 0x42, 0xf8, 0xf, 0xf2, 0xdf, 0x49, 0xf1,
    0xf, 0xf2, 0xdf, 0x6f, 0x80, 0xf, 0xf2, 0xcf,
    0xef, 0x10, 0xf, 0xf2, 0xbf, 0xf9, 0x0, 0x2f,
    0xf0, 0x7f, 0xf5, 0x1, 0xbf, 0xc0, 0x2f, 0xff,
    0xff, 0xff, 0x30, 0x8f, 0xbd, 0xfe, 0xa3, 0x0,
    0x35, 0x0, 0x0, 0x0, 0x0,

    /* U+00D9 "Ù" */
    0x0, 0x2e, 0x81, 0x0, 0x0, 0x0, 0x8, 0xff,
    0x30, 0x0, 0x0, 0x0, 0x6, 0x0, 0x0, 0x0,
    0x0, 0x0, 0x0, 0x0, 0x0, 0x0, 0x0, 0x0,
    0x0, 0x9e, 0x40, 0x0, 0x9, 0xe4, 0xbf, 0x60,
    0x0, 0xb, 0xf6, 0xbf, 0x60, 0x0, 0xb, 0xf6,
    0xbf, 0x60, 0x0, 0xb, 0xf6, 0xbf, 0x60, 0x0,
    0xb, 0xf6, 0xbf, 0x60, 0x0, 0xb, 0xf6, 0xbf,
    0x60, 0x0, 0xb, 0xf6, 0xbf, 0x60, 0x0, 0xb,
    0xf6, 0xbf, 0x60, 0x0, 0xb, 0xf6, 0xbf, 0x60,
    0x0, 0xb, 0xf6, 0xbf, 0x60, 0x0, 0xb, 0xf6,
    0xaf, 0x90, 0x0, 0xe, 0xf4, 0x6f, 0xf4, 0x1,
    0x9f, 0xf1, 0xc, 0xff, 0xff, 0xff, 0x70, 0x0,
    0x8d, 0xff, 0xb5, 0x0,

    /* U+00DA "Ú" */
    0x0, 0x0, 0x2a, 0xe0, 0x0, 0x0, 0x7, 0xfd,
    0x60, 0x0, 0x0, 0x2, 0x50, 0x0, 0x0, 0x0,
    0x0, 0x0, 0x0, 0x0, 0x0, 0x0, 0x0, 0x0,
    0x0, 0x9e, 0x40, 0x0, 0x9, 0xe4, 0xbf, 0x60,
    0x0, 0xb, 0xf6, 0xbf, 0x60, 0x0, 0xb, 0xf6,
    0xbf, 0x60, 0x0, 0xb, 0xf6, 0xbf, 0x60, 0x0,
    0xb, 0xf6, 0xbf, 0x60, 0x0, 0xb, 0xf6, 0xbf,
    0x60, 0x0, 0xb, 0xf6, 0xbf, 0x60, 0x0, 0xb,
    0xf6, 0xbf, 0x60, 0x0, 0xb, 0xf6, 0xbf, 0x60,
    0x0, 0xb, 0xf6, 0xbf, 0x60, 0x0, 0xb, 0xf6,
    0xaf, 0x90, 0x0, 0xe, 0xf4, 0x6f, 0xf4, 0x1,
    0x9f, 0xf1, 0xc, 0xff, 0xff, 0xff, 0x70, 0x0,
    0x8d, 0xff, 0xb5, 0x0,

    /* U+00DB "Û" */
    0x0, 0x6, 0xdb, 0x30, 0x0, 0x0, 0xcf, 0x8b,
    0xf6, 0x0, 0x0, 0x51, 0x0, 0x33, 0x0, 0x0,
    0x0, 0x0, 0x0, 0x0, 0x0, 0x0, 0x0, 0x0,
    0x0, 0x9e, 0x40, 0x0, 0x9, 0xe4, 0xbf, 0x60,
    0x0, 0xb, 0xf6, 0xbf, 0x60, 0x0, 0xb, 0xf6,
    0xbf, 0x60, 0x0, 0xb, 0xf6, 0xbf, 0x60, 0x0,
    0xb, 0xf6, 0xbf, 0x60, 0x0, 0xb, 0xf6, 0xbf,
    0x60, 0x0, 0xb, 0xf6, 0xbf, 0x60, 0x0, 0xb,
    0xf6, 0xbf, 0x60, 0x0, 0xb, 0xf6, 0xbf, 0x60,
    0x0, 0xb, 0xf6, 0xbf, 0x60, 0x0, 0xb, 0xf6,
    0xaf, 0x90, 0x0, 0xe, 0xf4, 0x6f, 0xf4, 0x1,
    0x9f, 0xf1, 0xc, 0xff, 0xff, 0xff, 0x70, 0x0,
    0x8d, 0xff, 0xb5, 0x0,

    /* U+00DC "Ü" */
    0x0, 0x5e, 0x27, 0xd0, 0x0, 0x0, 0x4d, 0x26,
    0xc0, 0x0, 0x0, 0x0, 0x0, 0x0, 0x0, 0x0,
    0x0, 0x0, 0x0, 0x0, 0x9e, 0x40, 0x0, 0x9,
    0xe4, 0xbf, 0x60, 0x0, 0xb, 0xf6, 0xbf, 0x60,
    0x0, 0xb, 0xf6, 0xbf, 0x60, 0x0, 0xb, 0xf6,
    0xbf, 0x60, 0x0, 0xb, 0xf6, 0xbf, 0x60, 0x0,
    0xb, 0xf6, 0xbf, 0x60, 0x0, 0xb, 0xf6, 0xbf,
    0x60, 0x0, 0xb, 0xf6, 0xbf, 0x60, 0x0, 0xb,
    0xf6, 0xbf, 0x60, 0x0, 0xb, 0xf6, 0xbf, 0x60,
    0x0, 0xb, 0xf6, 0xaf, 0x90, 0x0, 0xe, 0xf4,
    0x6f, 0xf4, 0x1, 0x9f, 0xf1, 0xc, 0xff, 0xff,
    0xff, 0x70, 0x0, 0x8d, 0xff, 0xb5, 0x0,

    /* U+00DD "Ý" */
    0x0, 0x0, 0x2, 0xba, 0x0, 0x0, 0x0, 0x8,
    0xff, 0x70, 0x0, 0x0, 0x0, 0xba, 0x20, 0x0,
    0x0, 0x0, 0x0, 0x0, 0x0, 0x0, 0x0, 0x0,
    0x0, 0x0, 0x0, 0x7, 0xe3, 0x0, 0x0, 0x2,
    0xe9, 0x8f, 0xc0, 0x0, 0x0, 0xaf, 0xa1, 0xef,
    0x40, 0x0, 0x2f, 0xf2, 0x7, 0xfc, 0x0, 0xa,
    0xf9, 0x0, 0xe, 0xf4, 0x2, 0xff, 0x10, 0x0,
    0x6f, 0xc0, 0xaf, 0x80, 0x0, 0x0, 0xdf, 0x7f,
    0xe0, 0x0, 0x0, 0x4, 0xff, 0xf6, 0x0, 0x0,
    0x0, 0xc, 0xfd, 0x0, 0x0, 0x0, 0x0, 0x8f,
    0xa0, 0x0, 0x0, 0x0, 0x8, 0xfa, 0x0, 0x0,
    0x0, 0x0, 0x8f, 0xa0, 0x0, 0x0, 0x0, 0x8,
    0xfa, 0x0, 0x0, 0x0, 0x0, 0x8f, 0xa0, 0x0,
    0x0, 0x0, 0x5, 0xe7, 0x0, 0x0,

    /* U+00DE "Þ" */
    0x8e, 0x40, 0x0, 0x0, 0xb, 0xf6, 0x0, 0x0,
    0x0, 0xbf, 0x67, 0xde, 0x91, 0xb, 0xfd, 0xff,
    0xff, 0xc0, 0xbf, 0xe4, 0x4, 0xff, 0x5b, 0xf7,
    0x0, 0x9, 0xf8, 0xbf, 0x60, 0x0, 0x8f, 0x9b,
    0xf6, 0x0, 0x8, 0xf9, 0xbf, 0x70, 0x0, 0x9f,
    0x8b, 0xfe, 0x40, 0x4f, 0xf5, 0xbf, 0xdf, 0xff,
    0xfc, 0xb, 0xf6, 0x7e, 0xfa, 0x10, 0xbf, 0x60,
    0x0, 0x0, 0xb, 0xf6, 0x0, 0x0, 0x0, 0x8e,
    0x40, 0x0, 0x0, 0x0,

    /* U+00DF "ß" */
    0x0, 0x7, 0xdf, 0xe8, 0x0, 0x0, 0x7, 0xff,
    0xff, 0xfa, 0x0, 0x0, 0xef, 0x80, 0x2e, 0xf1,
    0x0, 0x1f, 0xf1, 0x0, 0x8f, 0x40, 0x2, 0xff,
    0x0, 0x7, 0xf3, 0x0, 0x2f, 0xf0, 0x0, 0xbf,
    0x0, 0xcf, 0xff, 0x2, 0xaf, 0x70, 0x7, 0xaf,
    0xf0, 0x6f, 0xfb, 0x20, 0x2, 0xff, 0x0, 0x39,
    0xfe, 0x10, 0x2f, 0xf0, 0x0, 0x9, 0xf9, 0x2,
    0xff, 0x0, 0x0, 0x3f, 0xe0, 0x2f, 0xf0, 0x0,
    0x1, 0xfe, 0x2, 0xff, 0x0, 0x0, 0x3f, 0xd0,
    0x2f, 0xf0, 0x10, 0xb, 0xf8, 0x2, 0xff, 0x1f,
    0xef, 0xfe, 0x10, 0xe, 0xc0, 0xcf, 0xe9, 0x10,

    /* U+00E0 "à" */
    0x0, 0x9b, 0x20, 0x0, 0x0, 0x6, 0xff, 0x80,
    0x0, 0x0, 0x2, 0xab, 0x0, 0x0, 0x0, 0x0,
    0x0, 0x0, 0x0, 0x0, 0x0, 0x0, 0x0, 0x4b,
    0xef, 0xc5, 0x0, 0xd, 0xfd, 0xdf, 0xf6, 0x0,
    0x21, 0x0, 0x6f, 0xe0, 0x0, 0x0, 0x0, 0xff,
    0x10, 0x2a, 0xdf, 0xff, 0xf2, 0x1f, 0xf8, 0x43,
    0xff, 0x26, 0xfb, 0x0, 0xf, 0xf2, 0x7f, 0xc0,
    0x9, 0xff, 0x23, 0xff, 0xcd, 0xee, 0xf2, 0x6,
    0xef, 0xb1, 0x9e, 0x10,

    /* U+00E1 "á" */
    0x0, 0x0, 0x4d, 0x60, 0x0, 0x0, 0xaf, 0xe4,
    0x0, 0x0, 0xd, 0x91, 0x0, 0x0, 0x0, 0x0,
    0x0, 0x0, 0x0, 0x0, 0x0, 0x0, 0x0, 0x4b,
    0xef, 0xc5, 0x0, 0xd, 0xfd, 0xdf, 0xf6, 0x0,
    0x21, 0x0, 0x6f, 0xe0, 0x0, 0x0, 0x0, 0xff,
    0x10, 0x2a, 0xdf, 0xff, 0xf2, 0x1f, 0xf8, 0x43,
    0xff, 0x26, 0xfb, 0x0, 0xf, 0xf2, 0x7f, 0xc0,
    0x9, 0xff, 0x23, 0xff, 0xcd, 0xee, 0xf2, 0x6,
    0xef, 0xb1, 0x9e, 0x10,

    /* U+00E2 "â" */
    0x0, 0x19, 0xe7, 0x0, 0x0, 0x4f, 0xc7, 0xee,
    0x0, 0x1, 0x40, 0x0, 0x60, 0x0, 0x0, 0x0,
    0x0, 0x0, 0x0, 0x0, 0x0, 0x0, 0x0, 0x4b,
    0xef, 0xc5, 0x0, 0xd, 0xfd, 0xdf, 0xf6, 0x0,
    0x21, 0x0, 0x6f, 0xe0, 0x0, 0x0, 0x0, 0xff,
    0x10, 0x2a, 0xdf, 0xff, 0xf2, 0x1f, 0xf8, 0x43,
    0xff, 0x26, 0xfb, 0x0, 0xf, 0xf2, 0x7f, 0xc0,
    0x9, 0xff, 0x23, 0xff, 0xcd, 0xee, 0xf2, 0x6,
    0xef, 0xb1, 0x9e, 0x10,

    /* U+00E3 "ã" */
    0x1, 0x76, 0x20, 0x43, 0x0, 0xdf, 0xff, 0xff,
    0x90, 0x6, 0x20, 0x47, 0x60, 0x0, 0x0, 0x0,
    0x0, 0x0, 0x0, 0x0, 0x0, 0x0, 0x0, 0x4b,
    0xef, 0xc5, 0x0, 0xd, 0xfd, 0xdf, 0xf6, 0x0,
    0x21, 0x0, 0x6f, 0xe0, 0x0, 0x0, 0x0, 0xff,
    0x10, 0x2a, 0xdf, 0xff, 0xf2, 0x1f, 0xf8, 0x43,
    0xff, 0x26, 0xfb, 0x0, 0xf, 0xf2, 0x7f, 0xc0,
    0x9, 0xff, 0x23, 0xff, 0xcd, 0xee, 0xf2, 0x6,
    0xef, 0xb1, 0x9e, 0x10,

    /* U+00E4 "ä" */
    0x0, 0xba, 0xe, 0x70, 0x0, 0xa, 0x90, 0xd6,
    0x0, 0x0, 0x0, 0x0, 0x0, 0x0, 0x0, 0x0,
    0x0, 0x0, 0x4, 0xbe, 0xfc, 0x50, 0x0, 0xdf,
    0xdd, 0xff, 0x60, 0x2, 0x10, 0x6, 0xfe, 0x0,
    0x0, 0x0, 0xf, 0xf1, 0x2, 0xad, 0xff, 0xff,
    0x21, 0xff, 0x84, 0x3f, 0xf2, 0x6f, 0xb0, 0x0,
    0xff, 0x27, 0xfc, 0x0, 0x9f, 0xf2, 0x3f, 0xfc,
    0xde, 0xef, 0x20, 0x6e, 0xfb, 0x19, 0xe1,

    /* U+00E5 "å" */
    0x0, 0xb, 0xf7, 0x0, 0x0, 0x7, 0x91, 0xd3,
    0x0, 0x0, 0x69, 0xc, 0x20, 0x0, 0x0, 0xae,
    0x70, 0x0, 0x0, 0x0, 0x0, 0x0, 0x0, 0x0,
    0x0, 0x0, 0x0, 0x4, 0xbe, 0xfc, 0x50, 0x0,
    0xdf, 0xdd, 0xff, 0x60, 0x2, 0x10, 0x6, 0xfe,
    0x0, 0x0, 0x0, 0xf, 0xf1, 0x2, 0xad, 0xff,
    0xff, 0x21, 0xff, 0x84, 0x3f, 0xf2, 0x6f, 0xb0,
    0x0, 0xff, 0x27, 0xfc, 0x0, 0x9f, 0xf2, 0x3f,
    0xfc, 0xde, 0xef, 0x20, 0x6e, 0xfb, 0x19, 0xe1,

    /* U+00E6 "æ" */
    0x4, 0xbe, 0xfb, 0x20, 0x7e, 0xfc, 0x50, 0x0,
    0xdf, 0xdd, 0xfe, 0xaf, 0xed, 0xff, 0x70, 0x3,
    0x10, 0x7, 0xff, 0x90, 0x4, 0xff, 0x0, 0x0,
    0x0, 0xf, 0xf2, 0x0, 0xd, 0xf2, 0x2, 0xad,
    0xff, 0xff, 0xff, 0xff, 0xfe, 0x11, 0xff, 0x84,
    0x3f, 0xf5, 0x33, 0x32, 0x0, 0x6f, 0xa0, 0x1,
    0xff, 0x40, 0x0, 0x0, 0x7, 0xfc, 0x0, 0xaf,
    0xfd, 0x10, 0x5, 0x70, 0x3f, 0xfe, 0xef, 0x79,
    0xff, 0xde, 0xfe, 0x0, 0x5d, 0xfc, 0x50, 0x7,
    0xdf, 0xda, 0x20,

    /* U+00E7 "ç" */
    0x0, 0x5c, 0xfe, 0xb4, 0x0, 0x7f, 0xff, 0xff,
    0xe0, 0xf, 0xf8, 0x0, 0x45, 0x2, 0xff, 0x0,
    0x0, 0x0, 0x3f, 0xd0, 0x0, 0x0, 0x3, 0xfd,
    0x0, 0x0, 0x0, 0x2f, 0xf0, 0x0, 0x0, 0x0,
    0xff, 0x80, 0x5, 0x60, 0x7, 0xff, 0xff, 0xff,
    0x0, 0x6, 0xcf, 0xfb, 0x40, 0x0, 0x0, 0xc3,
    0x0, 0x0, 0x0, 0xf, 0xc4, 0x0, 0x0, 0x0,
    0x16, 0xe0, 0x0, 0x0, 0x11, 0x4e, 0x0, 0x0,
    0x6, 0xfe, 0x50, 0x0,

    /* U+00E8 "è" */
    0x0, 0x1e, 0x70, 0x0, 0x0, 0x0, 0xbf, 0xe3,
    0x0, 0x0, 0x0, 0x4c, 0x30, 0x0, 0x0, 0x0,
    0x0, 0x0, 0x0, 0x0, 0x0, 0x0, 0x0, 0x3,
    0xbf, 0xea, 0x20, 0x4, 0xff, 0xbc, 0xff, 0x20,
    0xef, 0x30, 0x7, 0xfb, 0x3f, 0xd1, 0x11, 0x4f,
    0xd4, 0xff, 0xff, 0xff, 0xfb, 0x4f, 0xe4, 0x44,
    0x43, 0x3, 0xff, 0x0, 0x0, 0x0, 0xe, 0xf9,
    0x0, 0x7, 0x40, 0x4f, 0xfe, 0xcf, 0xf9, 0x0,
    0x3a, 0xef, 0xe8, 0x0,

    /* U+00E9 "é" */
    0x0, 0x0, 0x18, 0xe0, 0x0, 0x0, 0x4e, 0xfa,
    0x0, 0x0, 0x5, 0xc3, 0x0, 0x0, 0x0, 0x0,
    0x0, 0x0, 0x0, 0x0, 0x0, 0x0, 0x0, 0x3,
    0xbf, 0xea, 0x20, 0x4, 0xff, 0xbc, 0xff, 0x20,
    0xef, 0x30, 0x7, 0xfb, 0x3f, 0xd1, 0x11, 0x4f,
    0xd4, 0xff, 0xff, 0xff, 0xfb, 0x4f, 0xe4, 0x44,
    0x43, 0x3, 0xff, 0x0, 0x0, 0x0, 0xe, 0xf9,
    0x0, 0x7, 0x40, 0x4f, 0xfe, 0xcf, 0xf9, 0x0,
    0x3a, 0xef, 0xe8, 0x0,

    /* U+00EA "ê" */
    0x0, 0x4, 0xdb, 0x20, 0x0, 0x9, 0xfb, 0xdf,
    0x60, 0x0, 0x85, 0x0, 0x66, 0x0, 0x0, 0x0,
    0x0, 0x0, 0x0, 0x0, 0x0, 0x0, 0x0, 0x3,
    0xbf, 0xea, 0x20, 0x4, 0xff, 0xbc, 0xff, 0x20,
    0xef, 0x30, 0x7, 0xfb, 0x3f, 0xd1, 0x11, 0x4f,
    0xd4, 0xff, 0xff, 0xff, 0xfb, 0x4f, 0xe4, 0x44,
    0x43, 0x3, 0xff, 0x0, 0x0, 0x0, 0xe, 0xf9,
    0x0, 0x7, 0x40, 0x4f, 0xfe, 0xcf, 0xf9, 0x0,
    0x3a, 0xef, 0xe8, 0x0,

    /* U+00EB "ë" */
    0x0, 0x3f, 0x36, 0xe1, 0x0, 0x3, 0xe3, 0x6d,
    0x0, 0x0, 0x0, 0x0, 0x0, 0x0, 0x0, 0x0,
    0x0, 0x0, 0x0, 0x3b, 0xfe, 0xa2, 0x0, 0x4f,
    0xfb, 0xcf, 0xf2, 0xe, 0xf3, 0x0, 0x7f, 0xb3,
    0xfd, 0x11, 0x14, 0xfd, 0x4f, 0xff, 0xff, 0xff,
    0xb4, 0xfe, 0x44, 0x44, 0x30, 0x3f, 0xf0, 0x0,
    0x0, 0x0, 0xef, 0x90, 0x0, 0x74, 0x4, 0xff,
    0xec, 0xff, 0x90, 0x3, 0xae, 0xfe, 0x80,

    /* U+00EC "ì" */
    0x5, 0x20, 0x0, 0xdf, 0xb2, 0x0, 0x5d, 0x70,
    0x0, 0x0, 0x0, 0x0, 0x0, 0xb, 0xe1, 0x0,
    0xef, 0x30, 0xe, 0xf3, 0x0, 0xef, 0x30, 0xe,
    0xf3, 0x0, 0xef, 0x30, 0xe, 0xf3, 0x0, 0xef,
    0x30, 0xe, 0xf3, 0x0, 0xbe, 0x10,

    /* U+00ED "í" */
    0x0, 0x6e, 0x32, 0xdf, 0xc1, 0x1b, 0x40, 0x0,
    0x0, 0x0, 0x0, 0x0, 0x0, 0xbe, 0x10, 0xe,
    0xf3, 0x0, 0xef, 0x30, 0xe, 0xf3, 0x0, 0xef,
    0x30, 0xe, 0xf3, 0x0, 0xef, 0x30, 0xe, 0xf3,
    0x0, 0xef, 0x30, 0xb, 0xe1, 0x0,

    /* U+00EE "î" */
    0x0, 0x35, 0x0, 0x2b, 0xff, 0xd4, 0x8b, 0x21,
    0x8c, 0x0, 0x0, 0x0, 0x0, 0x0, 0x0, 0x0,
    0xbe, 0x10, 0x0, 0xef, 0x30, 0x0, 0xef, 0x30,
    0x0, 0xef, 0x30, 0x0, 0xef, 0x30, 0x0, 0xef,
    0x30, 0x0, 0xef, 0x30, 0x0, 0xef, 0x30, 0x0,
    0xef, 0x30, 0x0, 0xbe, 0x10,

    /* U+00EF "ï" */
    0x1e, 0x73, 0xf3, 0xd, 0x62, 0xd3, 0x0, 0x0,
    0x0, 0x0, 0x0, 0x0, 0x0, 0xbe, 0x10, 0x0,
    0xef, 0x30, 0x0, 0xef, 0x30, 0x0, 0xef, 0x30,
    0x0, 0xef, 0x30, 0x0, 0xef, 0x30, 0x0, 0xef,
    0x30, 0x0, 0xef, 0x30, 0x0, 0xef, 0x30, 0x0,
    0xbe, 0x10,

    /* U+00F0 "ð" */
    0x0, 0x7, 0xfa, 0x0, 0x0, 0x0, 0x8, 0xff,
    0xcb, 0xc0, 0x0, 0x0, 0x6f, 0xfd, 0x30, 0x0,
    0x3, 0xff, 0xfe, 0x0, 0x0, 0x2, 0xa2, 0xdf,
    0x50, 0x0, 0x0, 0x0, 0x7f, 0xa0, 0x0, 0x6d,
    0xfb, 0x5f, 0xd0, 0x6, 0xff, 0xff, 0xef, 0xf0,
    0xe, 0xf9, 0x1, 0xcf, 0xf0, 0x3f, 0xe0, 0x0,
    0x2f, 0xf0, 0x4f, 0xd0, 0x0, 0x1f, 0xf0, 0x4f,
    0xd0, 0x0, 0x1f, 0xf0, 0x2f, 0xe0, 0x0, 0x2f,
    0xf0, 0xd, 0xf9, 0x1, 0xcf, 0xa0, 0x4, 0xff,
    0xff, 0xfe, 0x10, 0x0, 0x3b, 0xfe, 0x91, 0x0,

    /* U+00F1 "ñ" */
    0x2, 0x74, 0x0, 0x41, 0x1, 0xff, 0xfb, 0x9f,
    0x60, 0x1d, 0x22, 0xae, 0xc1, 0x0, 0x0, 0x0,
    0x0, 0x0, 0x0, 0x0, 0x0, 0x0, 0xb, 0xd3,
    0xbf, 0xd6, 0x0, 0xef, 0xef, 0xef, 0xf6, 0xe,
    0xfb, 0x0, 0x8f, 0xe0, 0xef, 0x40, 0x0, 0xff,
    0x2e, 0xf3, 0x0, 0xd, 0xf3, 0xef, 0x30, 0x0,
    0xdf, 0x3e, 0xf3, 0x0, 0xd, 0xf3, 0xef, 0x30,
    0x0, 0xdf, 0x3e, 0xf3, 0x0, 0xd, 0xf3, 0xbe,
    0x10, 0x0, 0xae, 0x20,

    /* U+00F2 "ò" */
    0x0, 0x2e, 0x70, 0x0, 0x0, 0x1, 0xcf, 0xd2,
    0x0, 0x0, 0x0, 0x6e, 0x30, 0x0, 0x0, 0x0,
    0x0, 0x0, 0x0, 0x0, 0x0, 0x0, 0x0, 0x3,
    0xbf, 0xe9, 0x10, 0x4, 0xff, 0xff, 0xfe, 0x10,
    0xef, 0x90, 0x1d, 0xfa, 0x3f, 0xe0, 0x0, 0x3f,
    0xe4, 0xfd, 0x0, 0x1, 0xff, 0x4f, 0xd0, 0x0,
    0x1f, 0xf2, 0xfe, 0x0, 0x3, 0xfe, 0xd, 0xf9,
    0x1, 0xdf, 0x90, 0x4f, 0xff, 0xff, 0xd1, 0x0,
    0x3b, 0xfe, 0x91, 0x0,

    /* U+00F3 "ó" */
    0x0, 0x0, 0x19, 0xe0, 0x0, 0x0, 0x4e, 0xfa,
    0x0, 0x0, 0x5, 0xb3, 0x0, 0x0, 0x0, 0x0,
    0x0, 0x0, 0x0, 0x0, 0x0, 0x0, 0x0, 0x3,
    0xbf, 0xe9, 0x10, 0x4, 0xff, 0xff, 0xfe, 0x10,
    0xef, 0x90, 0x1d, 0xfa, 0x3f, 0xe0, 0x0, 0x3f,
    0xe4, 0xfd, 0x0, 0x1, 0xff, 0x4f, 0xd0, 0x0,
    0x1f, 0xf2, 0xfe, 0x0, 0x3, 0xfe, 0xd, 0xf9,
    0x1, 0xdf, 0x90, 0x4f, 0xff, 0xff, 0xd1, 0x0,
    0x3b, 0xfe, 0x91, 0x0,

    /* U+00F4 "ô" */
    0x0, 0x5, 0xdb, 0x30, 0x0, 0xb, 0xf8, 0xaf,
    0x70, 0x0, 0x51, 0x0, 0x33, 0x0, 0x0, 0x0,
    0x0, 0x0, 0x0, 0x0, 0x0, 0x0, 0x0, 0x3,
    0xbf, 0xe9, 0x10, 0x4, 0xff, 0xff, 0xfe, 0x10,
    0xef, 0x90, 0x1d, 0xfa, 0x3f, 0xe0, 0x0, 0x3f,
    0xe4, 0xfd, 0x0, 0x1, 0xff, 0x4f, 0xd0, 0x0,
    0x1f, 0xf2, 0xfe, 0x0, 0x3, 0xfe, 0xd, 0xf9,
    0x1, 0xdf, 0x90, 0x4f, 0xff, 0xff, 0xd1, 0x0,
    0x3b, 0xfe, 0x91, 0x0,

    /* U+00F5 "õ" */
    0x1, 0xcf, 0x92, 0x2d, 0x10, 0x6f, 0x9b, 0xff,
    0xf1, 0x1, 0x40, 0x4, 0x72, 0x0, 0x0, 0x0,
    0x0, 0x0, 0x0, 0x0, 0x0, 0x0, 0x0, 0x3,
    0xbf, 0xe9, 0x10, 0x4, 0xff, 0xff, 0xfe, 0x10,
    0xef, 0x90, 0x1d, 0xfa, 0x3f, 0xe0, 0x0, 0x3f,
    0xe4, 0xfd, 0x0, 0x1, 0xff, 0x4f, 0xd0, 0x0,
    0x1f, 0xf2, 0xfe, 0x0, 0x3, 0xfe, 0xd, 0xf9,
    0x1, 0xdf, 0x90, 0x4f, 0xff, 0xff, 0xd1, 0x0,
    0x3b, 0xfe, 0x91, 0x0,

    /* U+00F6 "ö" */
    0x0, 0x4e, 0x37, 0xe0, 0x0, 0x3, 0xd2, 0x6d,
    0x0, 0x0, 0x0, 0x0, 0x0, 0x0, 0x0, 0x0,
    0x0, 0x0, 0x0, 0x3b, 0xfe, 0x91, 0x0, 0x4f,
    0xff, 0xff, 0xe1, 0xe, 0xf9, 0x1, 0xdf, 0xa3,
    0xfe, 0x0, 0x3, 0xfe, 0x4f, 0xd0, 0x0, 0x1f,
    0xf4, 0xfd, 0x0, 0x1, 0xff, 0x2f, 0xe0, 0x0,
    0x3f, 0xe0, 0xdf, 0x90, 0x1d, 0xf9, 0x4, 0xff,
    0xff, 0xfd, 0x10, 0x3, 0xbf, 0xe9, 0x10,

    /* U+00F7 "÷" */
    0x0, 0x0, 0x30, 0x0, 0x0, 0x0, 0x8f, 0x80,
    0x0, 0x0, 0x5, 0xf5, 0x0, 0x0, 0x0, 0x0,
    0x0, 0x0, 0x1b, 0xcc, 0xcc, 0xcb, 0x32, 0xff,
    0xff, 0xff, 0xf5, 0x0, 0x0, 0x0, 0x0, 0x0,
    0x0, 0x3, 0x0, 0x0, 0x0, 0x8, 0xf8, 0x0,
    0x0, 0x0, 0x5f, 0x50, 0x0,

    /* U+00F8 "ø" */
    0x0, 0x0, 0x0, 0x8, 0x60, 0x3, 0xbf, 0xec,
    0xf4, 0x4, 0xff, 0xff, 0xff, 0x10, 0xef, 0x90,
    0x7f, 0xfa, 0x3f, 0xe0, 0x1e, 0x8f, 0xe4, 0xfd,
    0x9, 0xb1, 0xff, 0x4f, 0xd3, 0xf1, 0x1f, 0xf2,
    0xff, 0xd6, 0x3, 0xfe, 0xd, 0xff, 0x1, 0xdf,
    0x90, 0x5f, 0xff, 0xff, 0xd1, 0xa, 0xbb, 0xfe,
    0x91, 0x0, 0x50, 0x0, 0x0, 0x0,

    /* U+00F9 "ù" */
    0x0, 0xd9, 0x10, 0x0, 0x0, 0xa, 0xff, 0x50,
    0x0, 0x0, 0x3, 0xc7, 0x0, 0x0, 0x0, 0x0,
    0x0, 0x0, 0x0, 0x0, 0x0, 0x0, 0xc, 0xd0,
    0x0, 0xa, 0xe2, 0xff, 0x10, 0x0, 0xdf, 0x4f,
    0xf1, 0x0, 0xd, 0xf4, 0xff, 0x10, 0x0, 0xdf,
    0x4f, 0xf1, 0x0, 0xd, 0xf4, 0xff, 0x10, 0x0,
    0xdf, 0x4e, 0xf3, 0x0, 0xe, 0xf2, 0x9f, 0xc1,
    0x9, 0xfd, 0x1, 0xef, 0xff, 0xff, 0x40, 0x1,
    0x9e, 0xfb, 0x30, 0x0,

    /* U+00FA "ú" */
    0x0, 0x0, 0x6e, 0x30, 0x0, 0x1, 0xcf, 0xd2,
    0x0, 0x0, 0x2e, 0x70, 0x0, 0x0, 0x0, 0x0,
    0x0, 0x0, 0x0, 0x0, 0x0, 0x0, 0xc, 0xd0,
    0x0, 0xa, 0xe2, 0xff, 0x10, 0x0, 0xdf, 0x4f,
    0xf1, 0x0, 0xd, 0xf4, 0xff, 0x10, 0x0, 0xdf,
    0x4f, 0xf1, 0x0, 0xd, 0xf4, 0xff, 0x10, 0x0,
    0xdf, 0x4e, 0xf3, 0x0, 0xe, 0xf2, 0x9f, 0xc1,
    0x9, 0xfd, 0x1, 0xef, 0xff, 0xff, 0x40, 0x1,
    0x9e, 0xfb, 0x30, 0x0,

    /* U+00FB "û" */
    0x0, 0x1a, 0xd4, 0x0, 0x0, 0x4f, 0xed, 0xf8,
    0x0, 0x8, 0xa1, 0x7, 0xc0, 0x0, 0x0, 0x0,
    0x0, 0x0, 0x0, 0x0, 0x0, 0x0, 0xc, 0xd0,
    0x0, 0xa, 0xe2, 0xff, 0x10, 0x0, 0xdf, 0x4f,
    0xf1, 0x0, 0xd, 0xf4, 0xff, 0x10, 0x0, 0xdf,
    0x4f, 0xf1, 0x0, 0xd, 0xf4, 0xff, 0x10, 0x0,
    0xdf, 0x4e, 0xf3, 0x0, 0xe, 0xf2, 0x9f, 0xc1,
    0x9, 0xfd, 0x1, 0xef, 0xff, 0xff, 0x40, 0x1,
    0x9e, 0xfb, 0x30, 0x0,

    /* U+00FC "ü" */
    0x1, 0xe7, 0x3f, 0x30, 0x0, 0x1d, 0x62, 0xe3,
    0x0, 0x0, 0x0, 0x0, 0x0, 0x0, 0x0, 0x0,
    0x0, 0x0, 0xcd, 0x0, 0x0, 0xae, 0x2f, 0xf1,
    0x0, 0xd, 0xf4, 0xff, 0x10, 0x0, 0xdf, 0x4f,
    0xf1, 0x0, 0xd, 0xf4, 0xff, 0x10, 0x0, 0xdf,
    0x4f, 0xf1, 0x0, 0xd, 0xf4, 0xef, 0x30, 0x0,
    0xef, 0x29, 0xfc, 0x10, 0x9f, 0xd0, 0x1e, 0xff,
    0xff, 0xf4, 0x0, 0x19, 0xef, 0xb3, 0x0,

    /* U+00FD "ý" */
    0x0, 0x0, 0x3, 0x30, 0x0, 0x0, 0x1a, 0xfb,
    0x0, 0x0, 0xd, 0xf9, 0x10, 0x0, 0x0, 0x43,
    0x0, 0x0, 0x0, 0x0, 0x0, 0x0, 0x7, 0xe3,
    0x0, 0x2, 0xe7, 0xbf, 0x90, 0x0, 0x7f, 0xb4,
    0xfe, 0x0, 0xc, 0xf6, 0xe, 0xf4, 0x1, 0xff,
    0x10, 0x7f, 0xa0, 0x6f, 0xa0, 0x1, 0xff, 0x1b,
    0xf5, 0x0, 0xa, 0xf7, 0xfe, 0x0, 0x0, 0x4f,
    0xff, 0x90, 0x0, 0x0, 0xdf, 0xf3, 0x0, 0x0,
    0x7, 0xfd, 0x0, 0x0, 0x0, 0x9f, 0x80, 0x0,
    0x0, 0x1e, 0xf2, 0x0, 0x0, 0x1c, 0xfb, 0x0,
    0x0, 0x9f, 0xff, 0x20, 0x0, 0xa, 0xfc, 0x30,
    0x0, 0x0,

    /* U+00FE "þ" */
    0xae, 0x10, 0x0, 0x0, 0xe, 0xf3, 0x0, 0x0,
    0x0, 0xef, 0x30, 0x0, 0x0, 0xe, 0xf3, 0x0,
    0x0, 0x0, 0xef, 0x30, 0x0, 0x0, 0xe, 0xf3,
    0x0, 0x0, 0x0, 0xef, 0x4a, 0xfe, 0x70, 0xe,
    0xfe, 0xff, 0xff, 0x80, 0xef, 0xd2, 0x8, 0xff,
    0x1e, 0xf5, 0x0, 0xd, 0xf5, 0xef, 0x30, 0x0,
    0xbf, 0x5e, 0xf3, 0x0, 0xb, 0xf5, 0xef, 0x40,
    0x0, 0xdf, 0x4e, 0xfd, 0x20, 0x8f, 0xf1, 0xef,
    0xdf, 0xff, 0xf7, 0xe, 0xf4, 0xaf, 0xe7, 0x0,
    0xef, 0x30, 0x0, 0x0, 0xe, 0xf3, 0x0, 0x0,
    0x0, 0xef, 0x30, 0x0, 0x0, 0xe, 0xf3, 0x0,
    0x0, 0x0, 0xae, 0x10, 0x0, 0x0, 0x0,

    /* U+00FF "ÿ" */
    0x0, 0x8c, 0xb, 0x90, 0x0, 0x9, 0xd0, 0xc9,
    0x0, 0x0, 0x0, 0x0, 0x0, 0x0, 0x0, 0x0,
    0x0, 0x0, 0x7e, 0x30, 0x0, 0x2e, 0x7b, 0xf9,
    0x0, 0x7, 0xfb, 0x4f, 0xe0, 0x0, 0xcf, 0x60,
    0xef, 0x40, 0x1f, 0xf1, 0x7, 0xfa, 0x6, 0xfa,
    0x0, 0x1f, 0xf1, 0xbf, 0x50, 0x0, 0xaf, 0x7f,
    0xe0, 0x0, 0x4, 0xff, 0xf9, 0x0, 0x0, 0xd,
    0xff, 0x30, 0x0, 0x0, 0x7f, 0xd0, 0x0, 0x0,
    0x9, 0xf8, 0x0, 0x0, 0x1, 0xef, 0x20, 0x0,
    0x1, 0xcf, 0xb0, 0x0, 0x9, 0xff, 0xf2, 0x0,
    0x0, 0xaf, 0xc3, 0x0, 0x0, 0x0,

    /* U+0100 "Ā" */
    0x0, 0x7, 0x88, 0x87, 0x10, 0x0, 0x1, 0xff,
    0xff, 0xf3, 0x0, 0x0, 0x0, 0x0, 0x0, 0x0,
    0x0, 0x0, 0x0, 0x0, 0x0, 0x0, 0x0, 0x0,
    0x0, 0x0, 0x0, 0x0, 0x0, 0x8, 0xfb, 0x0,
    0x0, 0x0, 0x0, 0xff, 0xf2, 0x0, 0x0, 0x0,
    0x4f, 0xff, 0x70, 0x0, 0x0, 0x9, 0xfb, 0xfc,
    0x0, 0x0, 0x0, 0xdf, 0x2f, 0xf1, 0x0, 0x0,
    0x2f, 0xd0, 0xbf, 0x60, 0x0, 0x7, 0xf9, 0x6,
    0xfa, 0x0, 0x0, 0xcf, 0x40, 0x1f, 0xf0, 0x0,
    0x1f, 0xf0, 0x0, 0xdf, 0x40, 0x6, 0xfb, 0x0,
    0x8, 0xf9, 0x0, 0xaf, 0xff, 0xff, 0xff, 0xe0,
    0xf, 0xfc, 0xcc, 0xcc, 0xff, 0x24, 0xfe, 0x0,
    0x0, 0xb, 0xf7, 0x9f, 0xa0, 0x0, 0x0, 0x6f,
    0xc7, 0xf4, 0x0, 0x0, 0x1, 0xea,

    /* U+0101 "ā" */
    0x1, 0x78, 0x88, 0x60, 0x0, 0x4f, 0xff, 0xfe,
    0x0, 0x0, 0x0, 0x0, 0x0, 0x0, 0x0, 0x0,
    0x0, 0x0, 0x0, 0x0, 0x0, 0x0, 0x0, 0x4b,
    0xef, 0xc5, 0x0, 0xd, 0xfd, 0xdf, 0xf6, 0x0,
    0x21, 0x0, 0x6f, 0xe0, 0x0, 0x0, 0x0, 0xff,
    0x10, 0x2a, 0xdf, 0xff, 0xf2, 0x1f, 0xf8, 0x43,
    0xff, 0x26, 0xfb, 0x0, 0xf, 0xf2, 0x7f, 0xc0,
    0x9, 0xff, 0x23, 0xff, 0xcd, 0xee, 0xf2, 0x6,
    0xef, 0xb1, 0x9e, 0x10,

    /* U+0102 "Ă" */
    0x0, 0xb, 0x70, 0x5e, 0x0, 0x0, 0x0, 0x2d,
    0xfe, 0x50, 0x0, 0x0, 0x0, 0x1, 0x0, 0x0,
    0x0, 0x0, 0x0, 0x0, 0x0, 0x0, 0x0, 0x0,
    0x0, 0x0, 0x0, 0x0, 0x0, 0x8, 0xfb, 0x0,
    0x0, 0x0, 0x0, 0xff, 0xf2, 0x0, 0x0, 0x0,
    0x4f, 0xff, 0x70, 0x0, 0x0, 0x9, 0xfb, 0xfc,
    0x0, 0x0, 0x0, 0xdf, 0x2f, 0xf1, 0x0, 0x0,
    0x2f, 0xd0, 0xbf, 0x60, 0x0, 0x7, 0xf9, 0x6,
    0xfa, 0x0, 0x0, 0xcf, 0x40, 0x1f, 0xf0, 0x0,
    0x1f, 0xf0, 0x0, 0xdf, 0x40, 0x6, 0xfb, 0x0,
    0x8, 0xf9, 0x0, 0xaf, 0xff, 0xff, 0xff, 0xe0,
    0xf, 0xfc, 0xcc, 0xcc, 0xff, 0x24, 0xfe, 0x0,
    0x0, 0xb, 0xf7, 0x9f, 0xa0, 0x0, 0x0, 0x6f,
    0xc7, 0xf4, 0x0, 0x0, 0x1, 0xea,

    /* U+0103 "ă" */
    0x0, 0xe4, 0x8, 0xb0, 0x0, 0x5, 0xef, 0xd2,
    0x0, 0x0, 0x0, 0x0, 0x0, 0x0, 0x0, 0x0,
    0x0, 0x0, 0x0, 0x0, 0x0, 0x0, 0x0, 0x4b,
    0xef, 0xc5, 0x0, 0xd, 0xfd, 0xdf, 0xf6, 0x0,
    0x21, 0x0, 0x6f, 0xe0, 0x0, 0x0, 0x0, 0xff,
    0x10, 0x2a, 0xdf, 0xff, 0xf2, 0x1f, 0xf8, 0x43,
    0xff, 0x26, 0xfb, 0x0, 0xf, 0xf2, 0x7f, 0xc0,
    0x9, 0xff, 0x23, 0xff, 0xcd, 0xee, 0xf2, 0x6,
    0xef, 0xb1, 0x9e, 0x10,

    /* U+0104 "Ą" */
    0x0, 0x0, 0x8f, 0xb0, 0x0, 0x0, 0x0, 0xf,
    0xff, 0x20, 0x0, 0x0, 0x4, 0xff, 0xf7, 0x0,
    0x0, 0x0, 0x9f, 0xbf, 0xc0, 0x0, 0x0, 0xd,
    0xf3, 0xff, 0x10, 0x0, 0x2, 0xfe, 0xb, 0xf6,
    0x0, 0x0, 0x7f, 0xa0, 0x7f, 0xa0, 0x0, 0xc,
    0xf5, 0x2, 0xff, 0x0, 0x1, 0xff, 0x10, 0xe,
    0xf4, 0x0, 0x5f, 0xc0, 0x0, 0x9f, 0x90, 0xa,
    0xfe, 0xcc, 0xcd, 0xfd, 0x0, 0xff, 0xff, 0xff,
    0xff, 0xf2, 0x4f, 0xf0, 0x0, 0x0, 0xcf, 0x79,
    0xfa, 0x0, 0x0, 0x7, 0xfc, 0x7f, 0x40, 0x0,
    0x0, 0x1f, 0xc0, 0x0, 0x0, 0x0, 0x4, 0xd1,
    0x0, 0x0, 0x0, 0x0, 0xd3, 0x0, 0x0, 0x0,
    0x0, 0x2e, 0x0, 0x0, 0x0, 0x0, 0x2, 0xf2,
    0x0, 0x0, 0x0, 0x0, 0x8, 0xe6,

    /* U+0105 "ą" */
    0x3, 0xbe, 0xfc, 0x50, 0x0, 0xdf, 0xde, 0xff,
    0x60, 0x5, 0x40, 0x9, 0xfe, 0x0, 0x0, 0x0,
    0x1f, 0xf1, 0x0, 0x0, 0x0, 0xff, 0x20, 0x4b,
    0xef, 0xff, 0xf2, 0x3f, 0xe6, 0x33, 0xff, 0x27,
    0xfb, 0x0, 0x5f, 0xf2, 0x4f, 0xfc, 0xce, 0xef,
    0x20, 0x8e, 0xfb, 0x1e, 0xf1, 0x0, 0x0, 0x2,
    0xe1, 0x0, 0x0, 0x0, 0xa7, 0x0, 0x0, 0x0,
    0xd, 0x30, 0x0, 0x0, 0x0, 0xd6, 0x0, 0x0,
    0x0, 0x4, 0xda, 0x0,

    /* U+0106 "Ć" */
    0x0, 0x0, 0x4c, 0xa0, 0x0, 0x0, 0xb, 0xfc,
    0x30, 0x0, 0x0, 0x4, 0x30, 0x0, 0x0, 0x0,
    0x0, 0x0, 0x0, 0x0, 0x0, 0x0, 0x0, 0x0,
    0x0, 0x1, 0x8d, 0xfe, 0xb3, 0x0, 0xd, 0xff,
    0xff, 0xff, 0x50, 0x7f, 0xe4, 0x1, 0xaf, 0xe0,
    0xbf, 0x70, 0x0, 0x1f, 0xf1, 0xcf, 0x50, 0x0,
    0x9, 0xb0, 0xdf, 0x40, 0x0, 0x0, 0x0, 0xdf,
    0x40, 0x0, 0x0, 0x0, 0xdf, 0x40, 0x0, 0x0,
    0x0, 0xdf, 0x40, 0x0, 0x0, 0x0, 0xdf, 0x40,
    0x0, 0x0, 0x0, 0xcf, 0x50, 0x0, 0xc, 0xd0,
    0xbf, 0x70, 0x0, 0x1f, 0xf1, 0x7f, 0xe3, 0x1,
    0xbf, 0xd0, 0xd, 0xff, 0xff, 0xff, 0x40, 0x1,
    0x8d, 0xfe, 0xa3, 0x0,

    /* U+0107 "ć" */
    0x0, 0x0, 0x19, 0xd0, 0x0, 0x0, 0x5f, 0xfa,
    0x0, 0x0, 0x5, 0xb3, 0x0, 0x0, 0x0, 0x0,
    0x0, 0x0, 0x0, 0x0, 0x0, 0x0, 0x0, 0x5,
    0xcf, 0xeb, 0x40, 0x7, 0xff, 0xff, 0xfe, 0x0,
    0xff, 0x80, 0x4, 0x50, 0x2f, 0xf0, 0x0, 0x0,
    0x3, 0xfd, 0x0, 0x0, 0x0, 0x3f, 0xd0, 0x0,
    0x0, 0x2, 0xff, 0x0, 0x0, 0x0, 0xf, 0xf8,
    0x0, 0x56, 0x0, 0x7f, 0xff, 0xff, 0xf0, 0x0,
    0x6c, 0xfe, 0xb4, 0x0,

    /* U+0108 "Ĉ" */
    0x0, 0x18, 0xe9, 0x10, 0x0, 0x1, 0xed, 0x7d,
    0xf2, 0x0, 0x0, 0x50, 0x0, 0x51, 0x0, 0x0,
    0x0, 0x0, 0x0, 0x0, 0x0, 0x0, 0x0, 0x0,
    0x0, 0x1, 0x8d, 0xfe, 0xb3, 0x0, 0xd, 0xff,
    0xff, 0xff, 0x50, 0x7f, 0xe4, 0x1, 0xaf, 0xe0,
    0xbf, 0x70, 0x0, 0x1f, 0xf1, 0xcf, 0x50, 0x0,
    0x9, 0xb0, 0xdf, 0x40, 0x0, 0x0, 0x0, 0xdf,
    0x40, 0x0, 0x0, 0x0, 0xdf, 0x40, 0x0, 0x0,
    0x0, 0xdf, 0x40, 0x0, 0x0, 0x0, 0xdf, 0x40,
    0x0, 0x0, 0x0, 0xcf, 0x50, 0x0, 0xc, 0xd0,
    0xbf, 0x70, 0x0, 0x1f, 0xf1, 0x7f, 0xe3, 0x1,
    0xbf, 0xd0, 0xd, 0xff, 0xff, 0xff, 0x40, 0x1,
    0x8d, 0xfe, 0xa3, 0x0,

    /* U+0109 "ĉ" */
    0x0, 0x4, 0xdb, 0x20, 0x0, 0xa, 0xfb, 0xdf,
    0x50, 0x0, 0x94, 0x0, 0x76, 0x0, 0x0, 0x0,
    0x0, 0x0, 0x0, 0x0, 0x0, 0x0, 0x0, 0x5,
    0xcf, 0xeb, 0x40, 0x7, 0xff, 0xff, 0xfe, 0x0,
    0xff, 0x80, 0x4, 0x50, 0x2f, 0xf0, 0x0, 0x0,
    0x3, 0xfd, 0x0, 0x0, 0x0, 0x3f, 0xd0, 0x0,
    0x0, 0x2, 0xff, 0x0, 0x0, 0x0, 0xf, 0xf8,
    0x0, 0x56, 0x0, 0x7f, 0xff, 0xff, 0xf0, 0x0,
    0x6c, 0xfe, 0xb4, 0x0,

    /* U+010A "Ċ" */
    0x0, 0x3, 0xf4, 0x0, 0x0, 0x0, 0x3, 0xf4,
    0x0, 0x0, 0x0, 0x0, 0x0, 0x0, 0x0, 0x0,
    0x0, 0x0, 0x0, 0x0, 0x1, 0x8d, 0xfe, 0xb3,
    0x0, 0xd, 0xff, 0xff, 0xff, 0x50, 0x7f, 0xe4,
    0x1, 0xaf, 0xe0, 0xbf, 0x70, 0x0, 0x1f, 0xf1,
    0xcf, 0x50, 0x0, 0x9, 0xb0, 0xdf, 0x40, 0x0,
    0x0, 0x0, 0xdf, 0x40, 0x0, 0x0, 0x0, 0xdf,
    0x40, 0x0, 0x0, 0x0, 0xdf, 0x40, 0x0, 0x0,
    0x0, 0xdf, 0x40, 0x0, 0x0, 0x0, 0xcf, 0x50,
    0x0, 0xc, 0xd0, 0xbf, 0x70, 0x0, 0x1f, 0xf1,
    0x7f, 0xe3, 0x1, 0xbf, 0xd0, 0xd, 0xff, 0xff,
    0xff, 0x40, 0x1, 0x8d, 0xfe, 0xa3, 0x0,

    /* U+010B "ċ" */
    0x0, 0x0, 0xd8, 0x0, 0x0, 0x0, 0xd, 0x80,
    0x0, 0x0, 0x0, 0x0, 0x0, 0x0, 0x0, 0x0,
    0x0, 0x0, 0x0, 0x5c, 0xfe, 0xb4, 0x0, 0x7f,
    0xff, 0xff, 0xe0, 0xf, 0xf8, 0x0, 0x45, 0x2,
    0xff, 0x0, 0x0, 0x0, 0x3f, 0xd0, 0x0, 0x0,
    0x3, 0xfd, 0x0, 0x0, 0x0, 0x2f, 0xf0, 0x0,
    0x0, 0x0, 0xff, 0x80, 0x5, 0x60, 0x7, 0xff,
    0xff, 0xff, 0x0, 0x6, 0xcf, 0xeb, 0x40,

    /* U+010C "Č" */
    0x0, 0x50, 0x0, 0x41, 0x0, 0x1, 0xfa, 0x19,
    0xf2, 0x0, 0x0, 0x2d, 0xfd, 0x30, 0x0, 0x0,
    0x0, 0x60, 0x0, 0x0, 0x0, 0x0, 0x0, 0x0,
    0x0, 0x0, 0x0, 0x0, 0x0, 0x0, 0x1, 0x8d,
    0xfe, 0xb3, 0x0, 0xd, 0xff, 0xff, 0xff, 0x50,
    0x7f, 0xe4, 0x1, 0xaf, 0xe0, 0xbf, 0x70, 0x0,
    0x1f, 0xf1, 0xcf, 0x50, 0x0, 0x9, 0xb0, 0xdf,
    0x40, 0x0, 0x0, 0x0, 0xdf, 0x40, 0x0, 0x0,
    0x0, 0xdf, 0x40, 0x0, 0x0, 0x0, 0xdf, 0x40,
    0x0, 0x0, 0x0, 0xdf, 0x40, 0x0, 0x0, 0x0,
    0xcf, 0x50, 0x0, 0xc, 0xd0, 0xbf, 0x70, 0x0,
    0x1f, 0xf1, 0x7f, 0xe3, 0x1, 0xbf, 0xd0, 0xd,
    0xff, 0xff, 0xff, 0x40, 0x1, 0x8d, 0xfe, 0xa3,
    0x0,

    /* U+010D "č" */
    0x0, 0xc6, 0x0, 0x98, 0x0, 0x5, 0xfa, 0xdd,
    0x20, 0x0, 0x2, 0xc9, 0x0, 0x0, 0x0, 0x0,
    0x0, 0x0, 0x0, 0x0, 0x0, 0x0, 0x0, 0x5,
    0xcf, 0xeb, 0x30, 0x7, 0xff, 0xff, 0xfe, 0x0,
    0xff, 0x80, 0x7, 0x80, 0x2f, 0xf0, 0x0, 0x0,
    0x3, 0xfd, 0x0, 0x0, 0x0, 0x3f, 0xd0, 0x0,
    0x0, 0x2, 0xff, 0x0, 0x0, 0x0, 0xf, 0xf8,
    0x0, 0x46, 0x0, 0x7f, 0xff, 0xff, 0xf0, 0x0,
    0x6c, 0xfe, 0xb4, 0x0,

    /* U+010E "Ď" */
    0x0, 0x50, 0x0, 0x32, 0x0, 0x0, 0xec, 0x17,
    0xf5, 0x0, 0x0, 0x1b, 0xfe, 0x50, 0x0, 0x0,
    0x0, 0x51, 0x0, 0x0, 0x0, 0x0, 0x0, 0x0,
    0x0, 0x0, 0x0, 0x0, 0x0, 0x0, 0x8f, 0xff,
    0xfe, 0xb4, 0x0, 0xbf, 0xff, 0xff, 0xff, 0x50,
    0xbf, 0x70, 0x1, 0xaf, 0xe0, 0xbf, 0x70, 0x0,
    0xf, 0xf2, 0xbf, 0x70, 0x0, 0xd, 0xf4, 0xbf,
    0x70, 0x0, 0xd, 0xf4, 0xbf, 0x70, 0x0, 0xd,
    0xf4, 0xbf, 0x70, 0x0, 0xd, 0xf4, 0xbf, 0x70,
    0x0, 0xd, 0xf4, 0xbf, 0x70, 0x0, 0xd, 0xf4,
    0xbf, 0x70, 0x0, 0xd, 0xf4, 0xbf, 0x70, 0x0,
    0xf, 0xf2, 0xbf, 0x70, 0x1, 0xaf, 0xe0, 0xbf,
    0xff, 0xff, 0xff, 0x50, 0x8f, 0xff, 0xff, 0xb4,
    0x0,

    /* U+010F "ď" */
    0x0, 0x0, 0x0, 0xd, 0xc0, 0x0, 0x0, 0x0,
    0x0, 0x1, 0xff, 0x9, 0xe2, 0x0, 0x0, 0x0,
    0x1f, 0xf0, 0xdf, 0x60, 0x0, 0x0, 0x1, 0xff,
    0x6, 0xf1, 0x0, 0x0, 0x0, 0x1f, 0xf0, 0x9a,
    0x0, 0x0, 0x0, 0x1, 0xff, 0x2, 0x10, 0x0,
    0x6d, 0xfb, 0x3f, 0xf0, 0x0, 0x0, 0x6f, 0xff,
    0xfe, 0xff, 0x0, 0x0, 0xe, 0xf9, 0x1, 0xcf,
    0xf0, 0x0, 0x3, 0xfe, 0x0, 0x3, 0xff, 0x0,
    0x0, 0x4f, 0xd0, 0x0, 0x1f, 0xf0, 0x0, 0x4,
    0xfd, 0x0, 0x1, 0xff, 0x0, 0x0, 0x3f, 0xf0,
    0x0, 0x2f, 0xf0, 0x0, 0x0, 0xef, 0xa0, 0x1c,
    0xff, 0x0, 0x0, 0x6, 0xff, 0xff, 0xef, 0xf0,
    0x0, 0x0, 0x5, 0xdf, 0xb2, 0xcc, 0x0, 0x0,

    /* U+0110 "Đ" */
    0x0, 0x5f, 0xff, 0xff, 0xc5, 0x0, 0x0, 0x8f,
    0xff, 0xff, 0xff, 0x80, 0x0, 0x8f, 0x90, 0x0,
    0x8f, 0xf1, 0x0, 0x8f, 0x90, 0x0, 0xd, 0xf5,
    0x0, 0x8f, 0x90, 0x0, 0xa, 0xf6, 0x0, 0x8f,
    0x90, 0x0, 0xa, 0xf7, 0x8, 0xdf, 0xda, 0x70,
    0xa, 0xf7, 0xe, 0xff, 0xff, 0xd0, 0xa, 0xf7,
    0x0, 0x8f, 0x90, 0x0, 0xa, 0xf7, 0x0, 0x8f,
    0x90, 0x0, 0xa, 0xf7, 0x0, 0x8f, 0x90, 0x0,
    0xa, 0xf6, 0x0, 0x8f, 0x90, 0x0, 0xd, 0xf5,
    0x0, 0x8f, 0x90, 0x0, 0x8f, 0xf1, 0x0, 0x8f,
    0xff, 0xff, 0xff, 0x80, 0x0, 0x5f, 0xff, 0xff,
    0xc5, 0x0,

    /* U+0111 "đ" */
    0x0, 0x0, 0x0, 0xd, 0xd0, 0x0, 0x0, 0x0,
    0x1, 0xff, 0x0, 0x0, 0x0, 0x3a, 0xbf, 0xfa,
    0x10, 0x0, 0x6, 0xff, 0xff, 0xf3, 0x0, 0x0,
    0x0, 0x1f, 0xf0, 0x0, 0x0, 0x0, 0x1, 0xff,
    0x0, 0x0, 0x6d, 0xfb, 0x3f, 0xf0, 0x0, 0x6f,
    0xff, 0xfe, 0xff, 0x0, 0xe, 0xf9, 0x1, 0xcf,
    0xf0, 0x3, 0xfe, 0x0, 0x3, 0xff, 0x0, 0x4f,
    0xd0, 0x0, 0x1f, 0xf0, 0x4, 0xfd, 0x0, 0x1,
    0xff, 0x0, 0x3f, 0xf0, 0x0, 0x2f, 0xf0, 0x0,
    0xef, 0xa0, 0x1c, 0xff, 0x0, 0x6, 0xff, 0xff,
    0xef, 0xf0, 0x0, 0x5, 0xdf, 0xb2, 0xcc, 0x0,

    /* U+0112 "Ē" */
    0x0, 0x68, 0x88, 0x71, 0x0, 0x1, 0xff, 0xff,
    0xf4, 0x0, 0x0, 0x0, 0x0, 0x0, 0x0, 0x0,
    0x0, 0x0, 0x0, 0x0, 0x0, 0x0, 0x0, 0x0,
    0x0, 0x8f, 0xff, 0xff, 0xff, 0xe0, 0xbf, 0xff,
    0xff, 0xff, 0xd0, 0xbf, 0x70, 0x0, 0x0, 0x0,
    0xbf, 0x70, 0x0, 0x0, 0x0, 0xbf, 0x70, 0x0,
    0x0, 0x0, 0xbf, 0x70, 0x0, 0x0, 0x0, 0xbf,
    0xec, 0xcb, 0x0, 0x0, 0xbf, 0xff, 0xff, 0x10,
    0x0, 0xbf, 0x70, 0x0, 0x0, 0x0, 0xbf, 0x70,
    0x0, 0x0, 0x0, 0xbf, 0x70, 0x0, 0x0, 0x0,
    0xbf, 0x70, 0x0, 0x0, 0x0, 0xbf, 0x70, 0x0,
    0x0, 0x0, 0xbf, 0xff, 0xff, 0xff, 0xd0, 0x8f,
    0xff, 0xff, 0xff, 0xe0,

    /* U+0113 "ē" */
    0x0, 0x48, 0x88, 0x73, 0x0, 0xb, 0xff, 0xff,
    0x80, 0x0, 0x0, 0x0, 0x0, 0x0, 0x0, 0x0,
    0x0, 0x0, 0x0, 0x0, 0x0, 0x0, 0x0, 0x3,
    0xbf, 0xea, 0x20, 0x4, 0xff, 0xbc, 0xff, 0x20,
    0xef, 0x30, 0x7, 0xfb, 0x3f, 0xd1, 0x11, 0x4f,
    0xd4, 0xff, 0xff, 0xff, 0xfb, 0x4f, 0xe4, 0x44,
    0x43, 0x3, 0xff, 0x0, 0x0, 0x0, 0xe, 0xf9,
    0x0, 0x7, 0x40, 0x4f, 0xfe, 0xcf, 0xf9, 0x0,
    0x3a, 0xef, 0xe8, 0x0,

    /* U+0114 "Ĕ" */
    0x0, 0xb7, 0x5, 0xe0, 0x0, 0x0, 0x2d, 0xfe,
    0x50, 0x0, 0x0, 0x0, 0x10, 0x0, 0x0, 0x0,
    0x0, 0x0, 0x0, 0x0, 0x0, 0x0, 0x0, 0x0,
    0x0, 0x8f, 0xff, 0xff, 0xff, 0xe0, 0xbf, 0xff,
    0xff, 0xff, 0xd0, 0xbf, 0x70, 0x0, 0x0, 0x0,
    0xbf, 0x70, 0x0, 0x0, 0x0, 0xbf, 0x70, 0x0,
    0x0, 0x0, 0xbf, 0x70, 0x0, 0x0, 0x0, 0xbf,
    0xec, 0xcb, 0x0, 0x0, 0xbf, 0xff, 0xff, 0x10,
    0x0, 0xbf, 0x70, 0x0, 0x0, 0x0, 0xbf, 0x70,
    0x0, 0x0, 0x0, 0xbf, 0x70, 0x0, 0x0, 0x0,
    0xbf, 0x70, 0x0, 0x0, 0x0, 0xbf, 0x70, 0x0,
    0x0, 0x0, 0xbf, 0xff, 0xff, 0xff, 0xd0, 0x8f,
    0xff, 0xff, 0xff, 0xe0,

    /* U+0115 "ĕ" */
    0x0, 0x7b, 0x1, 0xe3, 0x0, 0x0, 0xaf, 0xf8,
    0x0, 0x0, 0x0, 0x0, 0x0, 0x0, 0x0, 0x0,
    0x0, 0x0, 0x0, 0x0, 0x0, 0x0, 0x0, 0x3,
    0xbf, 0xea, 0x20, 0x4, 0xff, 0xbc, 0xff, 0x20,
    0xef, 0x30, 0x7, 0xfb, 0x3f, 0xd1, 0x11, 0x4f,
    0xd4, 0xff, 0xff, 0xff, 0xfb, 0x4f, 0xe4, 0x44,
    0x43, 0x3, 0xff, 0x0, 0x0, 0x0, 0xe, 0xf9,
    0x0, 0x7, 0x40, 0x4f, 0xfe, 0xcf, 0xf9, 0x0,
    0x3a, 0xef, 0xe8, 0x0,

    /* U+0116 "Ė" */
    0x0, 0x2, 0xe5, 0x0, 0x0, 0x0, 0x2, 0xe5,
    0x0, 0x0, 0x0, 0x0, 0x0, 0x0, 0x0, 0x0,
    0x0, 0x0, 0x0, 0x0, 0x8f, 0xff, 0xff, 0xff,
    0xe0, 0xbf, 0xff, 0xff, 0xff, 0xd0, 0xbf, 0x70,
    0x0, 0x0, 0x0, 0xbf, 0x70, 0x0, 0x0, 0x0,
    0xbf, 0x70, 0x0, 0x0, 0x0, 0xbf, 0x70, 0x0,
    0x0, 0x0, 0xbf, 0xec, 0xcb, 0x0, 0x0, 0xbf,
    0xff, 0xff, 0x10, 0x0, 0xbf, 0x70, 0x0, 0x0,
    0x0, 0xbf, 0x70, 0x0, 0x0, 0x0, 0xbf, 0x70,
    0x0, 0x0, 0x0, 0xbf, 0x70, 0x0, 0x0, 0x0,
    0xbf, 0x70, 0x0, 0x0, 0x0, 0xbf, 0xff, 0xff,
    0xff, 0xd0, 0x8f, 0xff, 0xff, 0xff, 0xe0,

    /* U+0117 "ė" */
    0x0, 0x0, 0xd9, 0x0, 0x0, 0x0, 0xd, 0x90,
    0x0, 0x0, 0x0, 0x0, 0x0, 0x0, 0x0, 0x0,
    0x0, 0x0, 0x0, 0x3b, 0xfe, 0xa2, 0x0, 0x4f,
    0xfb, 0xcf, 0xf2, 0xe, 0xf3, 0x0, 0x7f, 0xb3,
    0xfd, 0x11, 0x14, 0xfd, 0x4f, 0xff, 0xff, 0xff,
    0xb4, 0xfe, 0x44, 0x44, 0x30, 0x3f, 0xf0, 0x0,
    0x0, 0x0, 0xef, 0x90, 0x0, 0x74, 0x4, 0xff,
    0xec, 0xff, 0x90, 0x3, 0xae, 0xfe, 0x80,

    /* U+0118 "Ę" */
    0x8f, 0xff, 0xff, 0xff, 0xe0, 0xbf, 0xff, 0xff,
    0xff, 0xd0, 0xbf, 0x70, 0x0, 0x0, 0x0, 0xbf,
    0x70, 0x0, 0x0, 0x0, 0xbf, 0x70, 0x0, 0x0,
    0x0, 0xbf, 0x70, 0x0, 0x0, 0x0, 0xbf, 0x70,
    0x0, 0x0, 0x0, 0xbf, 0xec, 0xcb, 0x0, 0x0,
    0xbf, 0xff, 0xff, 0x10, 0x0, 0xbf, 0x70, 0x0,
    0x0, 0x0, 0xbf, 0x70, 0x0, 0x0, 0x0, 0xbf,
    0x70, 0x0, 0x0, 0x0, 0xbf, 0x70, 0x0, 0x0,
    0x0, 0xbf, 0xff, 0xff, 0xff, 0xd0, 0x8f, 0xff,
    0xff, 0xff, 0xf0, 0x0, 0x0, 0x0, 0x1e, 0x40,
    0x0, 0x0, 0x0, 0x89, 0x0, 0x0, 0x0, 0x0,
    0xc4, 0x0, 0x0, 0x0, 0x0, 0xc7, 0x0, 0x0,
    0x0, 0x0, 0x3d, 0xb0,

    /* U+0119 "ę" */
    0x0, 0x3b, 0xfe, 0xa2, 0x0, 0x4f, 0xfb, 0xcf,
    0xf2, 0xe, 0xf3, 0x0, 0x7f, 0xb3, 0xfd, 0x11,
    0x14, 0xfd, 0x4f, 0xff, 0xff, 0xff, 0xb4, 0xfe,
    0x44, 0x44, 0x30, 0x3f, 0xf0, 0x0, 0x0, 0x0,
    0xef, 0x90, 0x0, 0x74, 0x4, 0xff, 0xec, 0xff,
    0x90, 0x3, 0xae, 0xff, 0xe0, 0x0, 0x0, 0x7,
    0xb0, 0x0, 0x0, 0x0, 0xd3, 0x0, 0x0, 0x0,
    0xe, 0x50, 0x0, 0x0, 0x0, 0x5d, 0xa0,

    /* U+011A "Ě" */
    0x0, 0x50, 0x0, 0x41, 0x0, 0x0, 0xeb, 0x18,
    0xf4, 0x0, 0x0, 0x1c, 0xfe, 0x40, 0x0, 0x0,
    0x0, 0x61, 0x0, 0x0, 0x0, 0x0, 0x0, 0x0,
    0x0, 0x0, 0x0, 0x0, 0x0, 0x0, 0x8f, 0xff,
    0xff, 0xff, 0xe0, 0xbf, 0xff, 0xff, 0xff, 0xd0,
    0xbf, 0x70, 0x0, 0x0, 0x0, 0xbf, 0x70, 0x0,
    0x0, 0x0, 0xbf, 0x70, 0x0, 0x0, 0x0, 0xbf,
    0x70, 0x0, 0x0, 0x0, 0xbf, 0xec, 0xcb, 0x0,
    0x0, 0xbf, 0xff, 0xff, 0x10, 0x0, 0xbf, 0x70,
    0x0, 0x0, 0x0, 0xbf, 0x70, 0x0, 0x0, 0x0,
    0xbf, 0x70, 0x0, 0x0, 0x0, 0xbf, 0x70, 0x0,
    0x0, 0x0, 0xbf, 0x70, 0x0, 0x0, 0x0, 0xbf,
    0xff, 0xff, 0xff, 0xd0, 0x8f, 0xff, 0xff, 0xff,
    0xe0,

    /* U+011B "ě" */
    0x0, 0xb7, 0x0, 0x99, 0x0, 0x4, 0xeb, 0xcd,
    0x30, 0x0, 0x1, 0xba, 0x0, 0x0, 0x0, 0x0,
    0x0, 0x0, 0x0, 0x0, 0x0, 0x0, 0x0, 0x3,
    0xbf, 0xea, 0x20, 0x4, 0xff, 0xbc, 0xff, 0x20,
    0xef, 0x30, 0x7, 0xfb, 0x3f, 0xd1, 0x11, 0x4f,
    0xd4, 0xff, 0xff, 0xff, 0xfb, 0x4f, 0xe4, 0x44,
    0x43, 0x3, 0xff, 0x0, 0x0, 0x0, 0xe, 0xf9,
    0x0, 0x7, 0x40, 0x4f, 0xfe, 0xcf, 0xf9, 0x0,
    0x3a, 0xef, 0xe8, 0x0,

    /* U+011C "Ĝ" */
    0x0, 0x7, 0xe9, 0x10, 0x0, 0x1, 0xee, 0x7c,
    0xf4, 0x0, 0x0, 0x60, 0x0, 0x51, 0x0, 0x0,
    0x0, 0x0, 0x0, 0x0, 0x0, 0x0, 0x0, 0x0,
    0x0, 0x1, 0x9d, 0xfe, 0xa3, 0x0, 0xd, 0xff,
    0xff, 0xff, 0x50, 0x7f, 0xe3, 0x1, 0xaf, 0xe0,
    0xbf, 0x70, 0x0, 0x1f, 0xf1, 0xcf, 0x50, 0x0,
    0x9, 0xb0, 0xdf, 0x40, 0x0, 0x0, 0x0, 0xdf,
    0x40, 0x0, 0x0, 0x0, 0xdf, 0x40, 0x8f, 0xff,
    0xe1, 0xdf, 0x40, 0x5c, 0xcf, 0xf2, 0xdf, 0x40,
    0x0, 0xf, 0xf2, 0xcf, 0x50, 0x0, 0xf, 0xf2,
    0xbf, 0x70, 0x0, 0x2f, 0xf0, 0x7f, 0xe3, 0x1,
    0xbf, 0xc0, 0xd, 0xff, 0xff, 0xff, 0x30, 0x1,
    0x9d, 0xfe, 0xa3, 0x0,

    /* U+011D "ĝ" */
    0x0, 0x19, 0xe6, 0x0, 0x0, 0x3, 0xee, 0xaf,
    0xd0, 0x0, 0x3, 0x91, 0x2, 0xa0, 0x0, 0x0,
    0x0, 0x0, 0x0, 0x0, 0x0, 0x0, 0x0, 0x5,
    0x80, 0x0, 0x7d, 0xfd, 0x8f, 0xa0, 0x9, 0xfc,
    0x7b, 0xfd, 0x0, 0xf, 0xf1, 0x0, 0xef, 0x30,
    0x2f, 0xe0, 0x0, 0xbf, 0x50, 0x1f, 0xf0, 0x0,
    0xcf, 0x40, 0xb, 0xf9, 0x26, 0xfe, 0x0, 0x3,
    0xff, 0xff, 0xd2, 0x0, 0xd, 0xe1, 0x32, 0x0,
    0x0, 0xe, 0xfb, 0x75, 0x10, 0x0, 0x6, 0xff,
    0xff, 0xfb, 0x10, 0x2e, 0xe4, 0x26, 0xdf, 0xa0,
    0x8f, 0x70, 0x0, 0x3f, 0xd0, 0x8f, 0xa0, 0x0,
    0x6f, 0xb0, 0x1e, 0xfb, 0x79, 0xff, 0x40, 0x1,
    0x9e, 0xfe, 0xb3, 0x0,

    /* U+011E "Ğ" */
    0x0, 0x51, 0x0, 0x60, 0x0, 0x0, 0xab, 0x7,
    0xe0, 0x0, 0x0, 0x1c, 0xfe, 0x30, 0x0, 0x0,
    0x0, 0x0, 0x0, 0x0, 0x0, 0x0, 0x0, 0x0,
    0x0, 0x0, 0x0, 0x0, 0x0, 0x0, 0x1, 0x9d,
    0xfe, 0xa3, 0x0, 0xd, 0xff, 0xff, 0xff, 0x50,
    0x7f, 0xe3, 0x1, 0xaf, 0xe0, 0xbf, 0x70, 0x0,
    0x1f, 0xf1, 0xcf, 0x50, 0x0, 0x9, 0xb0, 0xdf,
    0x40, 0x0, 0x0, 0x0, 0xdf, 0x40, 0x0, 0x0,
    0x0, 0xdf, 0x40, 0x8f, 0xff, 0xe1, 0xdf, 0x40,
    0x5c, 0xcf, 0xf2, 0xdf, 0x40, 0x0, 0xf, 0xf2,
    0xcf, 0x50, 0x0, 0xf, 0xf2, 0xbf, 0x70, 0x0,
    0x2f, 0xf0, 0x7f, 0xe3, 0x1, 0xbf, 0xc0, 0xd,
    0xff, 0xff, 0xff, 0x30, 0x1, 0x9d, 0xfe, 0xa3,
    0x0,

    /* U+011F "ğ" */
    0x1, 0xe1, 0x5, 0xb0, 0x0, 0x0, 0xc7, 0xc,
    0x80, 0x0, 0x0, 0x2d, 0xfa, 0x0, 0x0, 0x0,
    0x0, 0x0, 0x0, 0x0, 0x0, 0x0, 0x0, 0x3,
    0x60, 0x0, 0x7d, 0xfd, 0x7e, 0xb0, 0x9, 0xfc,
    0x7b, 0xfd, 0x0, 0xf, 0xf1, 0x0, 0xef, 0x30,
    0x2f, 0xe0, 0x0, 0xbf, 0x50, 0x1f, 0xf0, 0x0,
    0xcf, 0x40, 0xb, 0xf9, 0x26, 0xfe, 0x0, 0x3,
    0xff, 0xff, 0xd2, 0x0, 0xd, 0xe1, 0x32, 0x0,
    0x0, 0xe, 0xfb, 0x75, 0x10, 0x0, 0x6, 0xff,
    0xff, 0xfb, 0x10, 0x2e, 0xe4, 0x26, 0xdf, 0xa0,
    0x8f, 0x70, 0x0, 0x3f, 0xd0, 0x8f, 0xa0, 0x0,
    0x6f, 0xb0, 0x1e, 0xfb, 0x79, 0xff, 0x40, 0x1,
    0x9e, 0xfe, 0xb3, 0x0,

    /* U+0120 "Ġ" */
    0x0, 0x2, 0xe5, 0x0, 0x0, 0x0, 0x2, 0xe5,
    0x0, 0x0, 0x0, 0x0, 0x0, 0x0, 0x0, 0x0,
    0x0, 0x0, 0x0, 0x0, 0x1, 0x9d, 0xfe, 0xa3,
    0x0, 0xd, 0xff, 0xff, 0xff, 0x50, 0x7f, 0xe3,
    0x1, 0xaf, 0xe0, 0xbf, 0x70, 0x0, 0x1f, 0xf1,
    0xcf, 0x50, 0x0, 0x9, 0xb0, 0xdf, 0x40, 0x0,
    0x0, 0x0, 0xdf, 0x40, 0x0, 0x0, 0x0, 0xdf,
    0x40, 0x8f, 0xff, 0xe1, 0xdf, 0x40, 0x5c, 0xcf,
    0xf2, 0xdf, 0x40, 0x0, 0xf, 0xf2, 0xcf, 0x50,
    0x0, 0xf, 0xf2, 0xbf, 0x70, 0x0, 0x2f, 0xf0,
    0x7f, 0xe3, 0x1, 0xbf, 0xc0, 0xd, 0xff, 0xff,
    0xff, 0x30, 0x1, 0x9d, 0xfe, 0xa3, 0x0,

    /* U+0121 "ġ" */
    0x0, 0x5, 0xe2, 0x0, 0x0, 0x0, 0x5, 0xe2,
    0x0, 0x0, 0x0, 0x0, 0x0, 0x0, 0x0, 0x0,
    0x0, 0x0, 0x4, 0x70, 0x0, 0x7d, 0xfd, 0x7f,
    0xb0, 0x9, 0xfc, 0x7b, 0xfd, 0x0, 0xf, 0xf1,
    0x0, 0xef, 0x30, 0x2f, 0xe0, 0x0, 0xbf, 0x50,
    0x1f, 0xf0, 0x0, 0xcf, 0x40, 0xb, 0xf9, 0x26,
    0xfe, 0x0, 0x3, 0xff, 0xff, 0xd2, 0x0, 0xd,
    0xe1, 0x32, 0x0, 0x0, 0xe, 0xfb, 0x75, 0x10,
    0x0, 0x6, 0xff, 0xff, 0xfb, 0x10, 0x2e, 0xe4,
    0x26, 0xdf, 0xa0, 0x8f, 0x70, 0x0, 0x3f, 0xd0,
    0x8f, 0xa0, 0x0, 0x6f, 0xb0, 0x1e, 0xfb, 0x79,
    0xff, 0x40, 0x1, 0x9e, 0xfe, 0xb3, 0x0,

    /* U+0122 "Ģ" */
    0x1, 0x9d, 0xfe, 0xa3, 0x0, 0xd, 0xff, 0xff,
    0xff, 0x50, 0x7f, 0xe3, 0x1, 0xaf, 0xe0, 0xbf,
    0x70, 0x0, 0x1f, 0xf1, 0xcf, 0x50, 0x0, 0x9,
    0xb0, 0xdf, 0x40, 0x0, 0x0, 0x0, 0xdf, 0x40,
    0x0, 0x0, 0x0, 0xdf, 0x40, 0x8f, 0xff, 0xe1,
    0xdf, 0x40, 0x5c, 0xcf, 0xf2, 0xdf, 0x40, 0x0,
    0xf, 0xf2, 0xcf, 0x50, 0x0, 0xf, 0xf2, 0xbf,
    0x70, 0x0, 0x2f, 0xf0, 0x7f, 0xe3, 0x1, 0xbf,
    0xc0, 0xd, 0xff, 0xff, 0xff, 0x30, 0x1, 0x9d,
    0xfe, 0xa3, 0x0, 0x0, 0x0, 0x1, 0x0, 0x0,
    0x0, 0x1, 0x9f, 0x40, 0x0, 0x0, 0x2f, 0xf8,
    0x0, 0x0, 0x0, 0x6, 0x10, 0x0, 0x0,

    /* U+0123 "ģ" */
    0x0, 0x0, 0x3c, 0x80, 0x0, 0x0, 0xa, 0xfe,
    0x50, 0x0, 0x0, 0xa, 0x80, 0x0, 0x0, 0x0,
    0x0, 0x0, 0x0, 0x0, 0x0, 0x0, 0x0, 0x5,
    0x80, 0x0, 0x7d, 0xfd, 0x8f, 0xa0, 0x9, 0xfc,
    0x7b, 0xfd, 0x0, 0xf, 0xf1, 0x0, 0xef, 0x30,
    0x2f, 0xe0, 0x0, 0xbf, 0x50, 0x1f, 0xf0, 0x0,
    0xcf, 0x40, 0xb, 0xf9, 0x26, 0xfe, 0x0, 0x3,
    0xff, 0xff, 0xd2, 0x0, 0xd, 0xe1, 0x32, 0x0,
    0x0, 0xe, 0xfb, 0x75, 0x10, 0x0, 0x6, 0xff,
    0xff, 0xfb, 0x10, 0x2e, 0xe4, 0x26, 0xdf, 0xa0,
    0x8f, 0x70, 0x0, 0x3f, 0xd0, 0x8f, 0xa0, 0x0,
    0x6f, 0xb0, 0x1e, 0xfb, 0x79, 0xff, 0x40, 0x1,
    0x9e, 0xfe, 0xb3, 0x0,

    /* U+0124 "Ĥ" */
    0x0, 0x5, 0xdc, 0x40, 0x0, 0x0, 0xaf, 0x9a,
    0xf8, 0x0, 0x0, 0x42, 0x0, 0x24, 0x0, 0x0,
    0x0, 0x0, 0x0, 0x0, 0x0, 0x0, 0x0, 0x0,
    0x0, 0x8f, 0x50, 0x0, 0x7, 0xf6, 0xbf, 0x70,
    0x0, 0x9, 0xf8, 0xbf, 0x70, 0x0, 0x9, 0xf8,
    0xbf, 0x70, 0x0, 0x9, 0xf8, 0xbf, 0x70, 0x0,
    0x9, 0xf8, 0xbf, 0x70, 0x0, 0x9, 0xf8, 0xbf,
    0xdc, 0xcc, 0xce, 0xf8, 0xbf, 0xff, 0xff, 0xff,
    0xf8, 0xbf, 0x70, 0x0, 0x9, 0xf8, 0xbf, 0x70,
    0x0, 0x9, 0xf8, 0xbf, 0x70, 0x0, 0x9, 0xf8,
    0xbf, 0x70, 0x0, 0x9, 0xf8, 0xbf, 0x70, 0x0,
    0x9, 0xf8, 0xbf, 0x70, 0x0, 0x9, 0xf8, 0x8e,
    0x40, 0x0, 0x6, 0xe6,

    /* U+0125 "ĥ" */
    0x0, 0x44, 0x0, 0x0, 0x0, 0x1, 0xaf, 0xfa,
    0x10, 0x0, 0x0, 0xbf, 0x66, 0xfb, 0x0, 0x0,
    0x4, 0x10, 0x1, 0x40, 0x0, 0x0, 0x0, 0x0,
    0x0, 0x0, 0x0, 0x0, 0xb, 0xe1, 0x0, 0x0,
    0x0, 0x0, 0xef, 0x30, 0x0, 0x0, 0x0, 0xe,
    0xf3, 0x0, 0x0, 0x0, 0x0, 0xef, 0x30, 0x0,
    0x0, 0x0, 0xe, 0xf3, 0x0, 0x0, 0x0, 0x0,
    0xef, 0x30, 0x0, 0x0, 0x0, 0xe, 0xf4, 0xaf,
    0xd6, 0x0, 0x0, 0xef, 0xef, 0xff, 0xf6, 0x0,
    0xe, 0xfd, 0x10, 0xaf, 0xe0, 0x0, 0xef, 0x50,
    0x0, 0xff, 0x30, 0xe, 0xf3, 0x0, 0xd, 0xf4,
    0x0, 0xef, 0x30, 0x0, 0xdf, 0x40, 0xe, 0xf3,
    0x0, 0xd, 0xf4, 0x0, 0xef, 0x30, 0x0, 0xdf,
    0x40, 0xe, 0xf3, 0x0, 0xd, 0xf4, 0x0, 0xae,
    0x10, 0x0, 0xae, 0x20,

    /* U+0126 "Ħ" */
    0x8, 0xf5, 0x0, 0x0, 0x7f, 0x70, 0xb, 0xf8,
    0x22, 0x22, 0x9f, 0x90, 0x8f, 0xff, 0xff, 0xff,
    0xff, 0xf7, 0x1c, 0xfa, 0x55, 0x55, 0xbf, 0xb1,
    0xa, 0xf7, 0x0, 0x0, 0x9f, 0x90, 0xa, 0xf7,
    0x0, 0x0, 0x9f, 0x90, 0xa, 0xfd, 0xcc, 0xcc,
    0xef, 0x90, 0xa, 0xff, 0xff, 0xff, 0xff, 0x90,
    0xa, 0xf7, 0x0, 0x0, 0x9f, 0x90, 0xa, 0xf7,
    0x0, 0x0, 0x9f, 0x90, 0xa, 0xf7, 0x0, 0x0,
    0x9f, 0x90, 0xa, 0xf7, 0x0, 0x0, 0x9f, 0x90,
    0xa, 0xf7, 0x0, 0x0, 0x9f, 0x90, 0xa, 0xf7,
    0x0, 0x0, 0x9f, 0x90, 0x7, 0xe4, 0x0, 0x0,
    0x6f, 0x60,

    /* U+0127 "ħ" */
    0x0, 0xbe, 0x10, 0x0, 0x0, 0x0, 0xe, 0xf3,
    0x0, 0x0, 0x0, 0x6, 0xff, 0x97, 0x10, 0x0,
    0x0, 0xef, 0xff, 0xf4, 0x0, 0x0, 0x0, 0xef,
    0x30, 0x0, 0x0, 0x0, 0xe, 0xf3, 0x0, 0x0,
    0x0, 0x0, 0xef, 0x4a, 0xfd, 0x60, 0x0, 0xe,
    0xfe, 0xff, 0xff, 0x60, 0x0, 0xef, 0xd1, 0xa,
    0xfe, 0x0, 0xe, 0xf5, 0x0, 0xf, 0xf3, 0x0,
    0xef, 0x30, 0x0, 0xdf, 0x40, 0xe, 0xf3, 0x0,
    0xd, 0xf4, 0x0, 0xef, 0x30, 0x0, 0xdf, 0x40,
    0xe, 0xf3, 0x0, 0xd, 0xf4, 0x0, 0xef, 0x30,
    0x0, 0xdf, 0x40, 0xa, 0xe1, 0x0, 0xa, 0xe2,

    /* U+0128 "Ĩ" */
    0x17, 0x62, 0x4, 0x4d, 0xff, 0xff, 0xf9, 0x52,
    0x4, 0x76, 0x0, 0x0, 0x0, 0x0, 0x0, 0x0,
    0x0, 0x0, 0x8, 0xe4, 0x0, 0x0, 0xbf, 0x70,
    0x0, 0xb, 0xf7, 0x0, 0x0, 0xbf, 0x70, 0x0,
    0xb, 0xf7, 0x0, 0x0, 0xbf, 0x70, 0x0, 0xb,
    0xf7, 0x0, 0x0, 0xbf, 0x70, 0x0, 0xb, 0xf7,
    0x0, 0x0, 0xbf, 0x70, 0x0, 0xb, 0xf7, 0x0,
    0x0, 0xbf, 0x70, 0x0, 0xb, 0xf7, 0x0, 0x0,
    0xbf, 0x70, 0x0, 0x8, 0xe4, 0x0,

    /* U+0129 "ĩ" */
    0x3, 0x75, 0x10, 0x52, 0x1f, 0xff, 0xff, 0xf5,
    0x6, 0x11, 0x57, 0x50, 0x0, 0x0, 0x0, 0x0,
    0x0, 0x0, 0x0, 0x0, 0x0, 0xb, 0xe1, 0x0,
    0x0, 0xe, 0xf3, 0x0, 0x0, 0xe, 0xf3, 0x0,
    0x0, 0xe, 0xf3, 0x0, 0x0, 0xe, 0xf3, 0x0,
    0x0, 0xe, 0xf3, 0x0, 0x0, 0xe, 0xf3, 0x0,
    0x0, 0xe, 0xf3, 0x0, 0x0, 0xe, 0xf3, 0x0,
    0x0, 0xb, 0xe1, 0x0,

    /* U+012A "Ī" */
    0x17, 0x88, 0x86, 0x4, 0xff, 0xff, 0xe0, 0x0,
    0x0, 0x0, 0x0, 0x0, 0x0, 0x0, 0x0, 0x0,
    0x0, 0x0, 0x8, 0xe4, 0x0, 0x0, 0xbf, 0x70,
    0x0, 0xb, 0xf7, 0x0, 0x0, 0xbf, 0x70, 0x0,
    0xb, 0xf7, 0x0, 0x0, 0xbf, 0x70, 0x0, 0xb,
    0xf7, 0x0, 0x0, 0xbf, 0x70, 0x0, 0xb, 0xf7,
    0x0, 0x0, 0xbf, 0x70, 0x0, 0xb, 0xf7, 0x0,
    0x0, 0xbf, 0x70, 0x0, 0xb, 0xf7, 0x0, 0x0,
    0xbf, 0x70, 0x0, 0x8, 0xe4, 0x0,

    /* U+012B "ī" */
    0x27, 0x88, 0x85, 0x7f, 0xff, 0xfc, 0x0, 0x0,
    0x0, 0x0, 0x0, 0x0, 0x0, 0x0, 0x0, 0x0,
    0xbe, 0x10, 0x0, 0xef, 0x30, 0x0, 0xef, 0x30,
    0x0, 0xef, 0x30, 0x0, 0xef, 0x30, 0x0, 0xef,
    0x30, 0x0, 0xef, 0x30, 0x0, 0xef, 0x30, 0x0,
    0xef, 0x30, 0x0, 0xbe, 0x10,

    /* U+012C "Ĭ" */
    0xe, 0x40, 0x8b, 0x5, 0xef, 0xd2, 0x0, 0x1,
    0x0, 0x0, 0x0, 0x0, 0x0, 0x0, 0x0, 0x0,
    0x8e, 0x40, 0x0, 0xbf, 0x70, 0x0, 0xbf, 0x70,
    0x0, 0xbf, 0x70, 0x0, 0xbf, 0x70, 0x0, 0xbf,
    0x70, 0x0, 0xbf, 0x70, 0x0, 0xbf, 0x70, 0x0,
    0xbf, 0x70, 0x0, 0xbf, 0x70, 0x0, 0xbf, 0x70,
    0x0, 0xbf, 0x70, 0x0, 0xbf, 0x70, 0x0, 0xbf,
    0x70, 0x0, 0x8e, 0x40,

    /* U+012D "ĭ" */
    0x4c, 0x0, 0x88, 0x1f, 0x41, 0xe4, 0x4, 0xef,
    0x80, 0x0, 0x0, 0x0, 0x0, 0x0, 0x0, 0x0,
    0xbe, 0x10, 0x0, 0xef, 0x30, 0x0, 0xef, 0x30,
    0x0, 0xef, 0x30, 0x0, 0xef, 0x30, 0x0, 0xef,
    0x30, 0x0, 0xef, 0x30, 0x0, 0xef, 0x30, 0x0,
    0xef, 0x30, 0x0, 0xbe, 0x10,

    /* U+012E "Į" */
    0x8, 0xe4, 0xb, 0xf7, 0xb, 0xf7, 0xb, 0xf7,
    0xb, 0xf7, 0xb, 0xf7, 0xb, 0xf7, 0xb, 0xf7,
    0xb, 0xf7, 0xb, 0xf7, 0xb, 0xf7, 0xb, 0xf7,
    0xb, 0xf7, 0xb, 0xf7, 0x9, 0xf4, 0xb, 0x80,
    0x4d, 0x0, 0x89, 0x0, 0x7b, 0x0, 0x1b, 0xe1,

    /* U+012F "į" */
    0x9, 0xd0, 0x9, 0xd0, 0x0, 0x0, 0xb, 0xe1,
    0xe, 0xf3, 0xe, 0xf3, 0xe, 0xf3, 0xe, 0xf3,
    0xe, 0xf3, 0xe, 0xf3, 0xe, 0xf3, 0xe, 0xf3,
    0xe, 0xf1, 0x2e, 0x30, 0x98, 0x0, 0xd3, 0x0,
    0xd6, 0x0, 0x4d, 0xa0,

    /* U+0130 "İ" */
    0x5e, 0x25, 0xe2, 0x0, 0x0, 0x0, 0x8e, 0x4b,
    0xf7, 0xbf, 0x7b, 0xf7, 0xbf, 0x7b, 0xf7, 0xbf,
    0x7b, 0xf7, 0xbf, 0x7b, 0xf7, 0xbf, 0x7b, 0xf7,
    0xbf, 0x7b, 0xf7, 0x8e, 0x40,

    /* U+0131 "ı" */
    0xbe, 0x1e, 0xf3, 0xef, 0x3e, 0xf3, 0xef, 0x3e,
    0xf3, 0xef, 0x3e, 0xf3, 0xef, 0x3b, 0xe1,

    /* U+0132 "Ĳ" */
    0x8e, 0x40, 0x0, 0x0, 0xef, 0xff, 0xd0, 0xbf,
    0x70, 0x0, 0x0, 0xef, 0xff, 0xf0, 0xbf, 0x70,
    0x0, 0x0, 0x0, 0x1f, 0xf0, 0xbf, 0x70, 0x0,
    0x0, 0x0, 0x1f, 0xf0, 0xbf, 0x70, 0x0, 0x0,
    0x0, 0x1f, 0xf0, 0xbf, 0x70, 0x0, 0x0, 0x0,
    0x1f, 0xf0, 0xbf, 0x70, 0x0, 0x0, 0x0, 0x1f,
    0xf0, 0xbf, 0x70, 0x0, 0x0, 0x0, 0x1f, 0xf0,
    0xbf, 0x70, 0x0, 0x0, 0x0, 0x1f, 0xf0, 0xbf,
    0x70, 0x0, 0x0, 0x0, 0x1f, 0xf0, 0xbf, 0x70,
    0xac, 0x10, 0x0, 0x1f, 0xf0, 0xbf, 0x70, 0xef,
    0x40, 0x0, 0x3f, 0xf0, 0xbf, 0x70, 0xbf, 0xc1,
    0x1, 0xcf, 0xa0, 0xbf, 0x70, 0x2e, 0xff, 0xdf,
    0xff, 0x20, 0x8e, 0x40, 0x1, 0x9e, 0xfe, 0xa2,
    0x0,

    /* U+0133 "ĳ" */
    0x1, 0x30, 0x2, 0x20, 0xe, 0xf3, 0xf, 0xf2,
    0xc, 0xe1, 0xc, 0xd1, 0x0, 0x0, 0x0, 0x0,
    0x0, 0x0, 0x0, 0x0, 0xb, 0xe1, 0xc, 0xe1,
    0xe, 0xf3, 0xf, 0xf2, 0xe, 0xf3, 0xf, 0xf2,
    0xe, 0xf3, 0xf, 0xf2, 0xe, 0xf3, 0xf, 0xf2,
    0xe, 0xf3, 0xf, 0xf2, 0xe, 0xf3, 0xf, 0xf2,
    0xe, 0xf3, 0xf, 0xf2, 0xe, 0xf3, 0xf, 0xf2,
    0xb, 0xe1, 0xf, 0xf2, 0x0, 0x0, 0xf, 0xf2,
    0x0, 0x0, 0xf, 0xf1, 0x0, 0x0, 0x2f, 0xf0,
    0x0, 0x8, 0xff, 0x90, 0x0, 0x9, 0xfb, 0x10,

    /* U+0134 "Ĵ" */
    0x0, 0x2, 0xae, 0x60, 0x0, 0x0, 0x5f, 0xb8,
    0xed, 0x0, 0x0, 0x24, 0x0, 0x15, 0x0, 0x0,
    0x0, 0x0, 0x0, 0x0, 0x0, 0x0, 0x0, 0x0,
    0x0, 0x0, 0x0, 0xbf, 0xff, 0xe2, 0x0, 0x0,
    0xaf, 0xff, 0xf4, 0x0, 0x0, 0x0, 0xd, 0xf4,
    0x0, 0x0, 0x0, 0xd, 0xf4, 0x0, 0x0, 0x0,
    0xd, 0xf4, 0x0, 0x0, 0x0, 0xd, 0xf4, 0x0,
    0x0, 0x0, 0xd, 0xf4, 0x0, 0x0, 0x0, 0xd,
    0xf4, 0x0, 0x0, 0x0, 0xd, 0xf4, 0x0, 0x0,
    0x0, 0xd, 0xf4, 0x8e, 0x40, 0x0, 0xd, 0xf4,
    0xaf, 0x90, 0x0, 0xf, 0xf2, 0x6f, 0xf4, 0x1,
    0xaf, 0xe0, 0xc, 0xff, 0xff, 0xff, 0x50, 0x0,
    0x7d, 0xff, 0xb4, 0x0,

    /* U+0135 "ĵ" */
    0x3, 0xcc, 0x40, 0x7f, 0xcb, 0xf9, 0x65, 0x0,
    0x47, 0x0, 0x0, 0x0, 0x0, 0x0, 0x0, 0x0,
    0xbe, 0x10, 0x0, 0xef, 0x30, 0x0, 0xef, 0x30,
    0x0, 0xef, 0x30, 0x0, 0xef, 0x30, 0x0, 0xef,
    0x30, 0x0, 0xef, 0x30, 0x0, 0xef, 0x30, 0x0,
    0xef, 0x30, 0x0, 0xef, 0x30, 0x0, 0xef, 0x30,
    0x0, 0xef, 0x20, 0x2, 0xff, 0x0, 0x7f, 0xfa,
    0x0, 0x9f, 0xb1, 0x0,

    /* U+0136 "Ķ" */
    0x8e, 0x40, 0x0, 0xc, 0xc0, 0xbf, 0x70, 0x0,
    0x9f, 0xe0, 0xbf, 0x70, 0x4, 0xff, 0x40, 0xbf,
    0x70, 0x1e, 0xf7, 0x0, 0xbf, 0x70, 0xcf, 0xa0,
    0x0, 0xbf, 0x78, 0xfd, 0x0, 0x0, 0xbf, 0xaf,
    0xf5, 0x0, 0x0, 0xbf, 0xff, 0xfc, 0x0, 0x0,
    0xbf, 0xfb, 0xff, 0x70, 0x0, 0xbf, 0xc0, 0x7f,
    0xf2, 0x0, 0xbf, 0x70, 0xd, 0xfb, 0x0, 0xbf,
    0x70, 0x3, 0xff, 0x60, 0xbf, 0x70, 0x0, 0x8f,
    0xe1, 0xbf, 0x70, 0x0, 0xd, 0xfa, 0x8e, 0x40,
    0x0, 0x3, 0xf7, 0x0, 0x0, 0x0, 0x0, 0x0,
    0x0, 0x0, 0x6d, 0x10, 0x0, 0x0, 0x2d, 0xfd,
    0x10, 0x0, 0x0, 0x4d, 0x60, 0x0, 0x0,

    /* U+0137 "ķ" */
    0xbe, 0x10, 0x0, 0x0, 0xe, 0xf3, 0x0, 0x0,
    0x0, 0xef, 0x30, 0x0, 0x0, 0xe, 0xf3, 0x0,
    0x0, 0x0, 0xef, 0x30, 0x0, 0x0, 0xe, 0xf3,
    0x0, 0x0, 0x0, 0xef, 0x30, 0x1, 0xc9, 0xe,
    0xf3, 0x1, 0xdf, 0x90, 0xef, 0x32, 0xdf, 0x90,
    0xe, 0xf5, 0xef, 0x80, 0x0, 0xef, 0xff, 0xf7,
    0x0, 0xe, 0xff, 0x9f, 0xf3, 0x0, 0xef, 0x70,
    0x7f, 0xd0, 0xe, 0xf3, 0x0, 0xcf, 0x80, 0xef,
    0x30, 0x2, 0xff, 0x2a, 0xe1, 0x0, 0x7, 0xe2,
    0x0, 0x0, 0x0, 0x0, 0x0, 0x0, 0x3b, 0x60,
    0x0, 0x0, 0x9f, 0xf5, 0x0, 0x0, 0xd, 0x91,
    0x0, 0x0,

    /* U+0138 "ĸ" */
    0xbe, 0x10, 0x1, 0xd8, 0xe, 0xf3, 0x2, 0xdf,
    0x80, 0xef, 0x32, 0xef, 0x80, 0xe, 0xf6, 0xef,
    0x70, 0x0, 0xef, 0xff, 0xf8, 0x0, 0xe, 0xff,
    0x8f, 0xf3, 0x0, 0xef, 0x60, 0x8f, 0xd0, 0xe,
    0xf3, 0x0, 0xdf, 0x80, 0xef, 0x30, 0x3, 0xff,
    0x2b, 0xe1, 0x0, 0x8, 0xd1,

    /* U+0139 "Ĺ" */
    0x0, 0x1, 0x9d, 0x0, 0x0, 0x5, 0xff, 0x90,
    0x0, 0x0, 0x8c, 0x30, 0x0, 0x0, 0x0, 0x0,
    0x0, 0x0, 0x0, 0x0, 0x0, 0x0, 0x8, 0xe4,
    0x0, 0x0, 0x0, 0xbf, 0x70, 0x0, 0x0, 0xb,
    0xf7, 0x0, 0x0, 0x0, 0xbf, 0x70, 0x0, 0x0,
    0xb, 0xf7, 0x0, 0x0, 0x0, 0xbf, 0x70, 0x0,
    0x0, 0xb, 0xf7, 0x0, 0x0, 0x0, 0xbf, 0x70,
    0x0, 0x0, 0xb, 0xf7, 0x0, 0x0, 0x0, 0xbf,
    0x70, 0x0, 0x0, 0xb, 0xf7, 0x0, 0x0, 0x0,
    0xbf, 0x70, 0x0, 0x0, 0xb, 0xf7, 0x0, 0x0,
    0x0, 0xbf, 0xff, 0xff, 0xfe, 0x28, 0xff, 0xff,
    0xff, 0xf2,

    /* U+013A "ĺ" */
    0x0, 0x5, 0x10, 0x3c, 0xf6, 0x1f, 0xf7, 0x0,
    0x61, 0x0, 0x8, 0xe3, 0x0, 0xbf, 0x60, 0xb,
    0xf6, 0x0, 0xbf, 0x60, 0xb, 0xf6, 0x0, 0xbf,
    0x60, 0xb, 0xf6, 0x0, 0xbf, 0x60, 0xb, 0xf6,
    0x0, 0xbf, 0x60, 0xb, 0xf6, 0x0, 0xbf, 0x60,
    0xb, 0xf6, 0x0, 0xbf, 0x60, 0xb, 0xf6, 0x0,
    0x8e, 0x30,

    /* U+013B "Ļ" */
    0x8e, 0x40, 0x0, 0x0, 0xb, 0xf7, 0x0, 0x0,
    0x0, 0xbf, 0x70, 0x0, 0x0, 0xb, 0xf7, 0x0,
    0x0, 0x0, 0xbf, 0x70, 0x0, 0x0, 0xb, 0xf7,
    0x0, 0x0, 0x0, 0xbf, 0x70, 0x0, 0x0, 0xb,
    0xf7, 0x0, 0x0, 0x0, 0xbf, 0x70, 0x0, 0x0,
    0xb, 0xf7, 0x0, 0x0, 0x0, 0xbf, 0x70, 0x0,
    0x0, 0xb, 0xf7, 0x0, 0x0, 0x0, 0xbf, 0x70,
    0x0, 0x0, 0xb, 0xff, 0xff, 0xff, 0xe2, 0x8f,
    0xff, 0xff, 0xff, 0x20, 0x0, 0x0, 0x0, 0x0,
    0x0, 0x2, 0xa9, 0x0, 0x0, 0x7, 0xff, 0x70,
    0x0, 0x0, 0xba, 0x20, 0x0, 0x0,

    /* U+013C "ļ" */
    0x8, 0xe3, 0x0, 0xbf, 0x60, 0xb, 0xf6, 0x0,
    0xbf, 0x60, 0xb, 0xf6, 0x0, 0xbf, 0x60, 0xb,
    0xf6, 0x0, 0xbf, 0x60, 0xb, 0xf6, 0x0, 0xbf,
    0x60, 0xb, 0xf6, 0x0, 0xbf, 0x60, 0xb, 0xf6,
    0x0, 0xbf, 0x60, 0xb, 0xf6, 0x0, 0x8e, 0x30,
    0x0, 0x0, 0x0, 0x7, 0xd0, 0x3d, 0xfc, 0x5,
    0xd5, 0x0,

    /* U+013D "Ľ" */
    0x8e, 0x40, 0xa, 0xe3, 0xb, 0xf7, 0x0, 0xcf,
    0x50, 0xbf, 0x70, 0x6, 0xe0, 0xb, 0xf7, 0x0,
    0xa8, 0x0, 0xbf, 0x70, 0x0, 0x0, 0xb, 0xf7,
    0x0, 0x0, 0x0, 0xbf, 0x70, 0x0, 0x0, 0xb,
    0xf7, 0x0, 0x0, 0x0, 0xbf, 0x70, 0x0, 0x0,
    0xb, 0xf7, 0x0, 0x0, 0x0, 0xbf, 0x70, 0x0,
    0x0, 0xb, 0xf7, 0x0, 0x0, 0x0, 0xbf, 0x70,
    0x0, 0x0, 0xb, 0xff, 0xff, 0xff, 0xe2, 0x8f,
    0xff, 0xff, 0xff, 0x20,

    /* U+013E "ľ" */
    0x8e, 0x30, 0x0, 0xbf, 0x63, 0xe9, 0xbf, 0x66,
    0xfd, 0xbf, 0x60, 0xe8, 0xbf, 0x62, 0xf2, 0xbf,
    0x60, 0x30, 0xbf, 0x60, 0x0, 0xbf, 0x60, 0x0,
    0xbf, 0x60, 0x0, 0xbf, 0x60, 0x0, 0xbf, 0x60,
    0x0, 0xbf, 0x60, 0x0, 0xbf, 0x60, 0x0, 0xbf,
    0x60, 0x0, 0xbf, 0x60, 0x0, 0x8e, 0x30, 0x0,

    /* U+013F "Ŀ" */
    0x8e, 0x40, 0x0, 0x0, 0xb, 0xf7, 0x0, 0x0,
    0x0, 0xbf, 0x70, 0x0, 0x0, 0xb, 0xf7, 0x0,
    0x0, 0x0, 0xbf, 0x70, 0x0, 0x0, 0xb, 0xf7,
    0x0, 0xce, 0x20, 0xbf, 0x70, 0xf, 0xf4, 0xb,
    0xf7, 0x0, 0x23, 0x0, 0xbf, 0x70, 0x0, 0x0,
    0xb, 0xf7, 0x0, 0x0, 0x0, 0xbf, 0x70, 0x0,
    0x0, 0xb, 0xf7, 0x0, 0x0, 0x0, 0xbf, 0x70,
    0x0, 0x0, 0xb, 0xff, 0xff, 0xff, 0xe2, 0x8f,
    0xff, 0xff, 0xff, 0x20,

    /* U+0140 "ŀ" */
    0x8e, 0x30, 0x0, 0xbf, 0x60, 0x0, 0xbf, 0x60,
    0x0, 0xbf, 0x60, 0x0, 0xbf, 0x60, 0x0, 0xbf,
    0x60, 0x0, 0xbf, 0x60, 0x0, 0xbf, 0x60, 0x0,
    0xbf, 0x60, 0x41, 0xbf, 0x67, 0xfd, 0xbf, 0x64,
    0xf9, 0xbf, 0x60, 0x0, 0xbf, 0x60, 0x0, 0xbf,
    0x60, 0x0, 0xbf, 0x60, 0x0, 0x8e, 0x30, 0x0,

    /* U+0141 "Ł" */
    0x0, 0x6f, 0x60, 0x0, 0x0, 0x0, 0x9, 0xf9,
    0x0, 0x0, 0x0, 0x0, 0x9f, 0x90, 0x0, 0x0,
    0x0, 0x9, 0xf9, 0x0, 0x0, 0x0, 0x0, 0x9f,
    0x90, 0x0, 0x0, 0x0, 0x9, 0xfa, 0x9c, 0x0,
    0x0, 0x0, 0x9f, 0xff, 0xb0, 0x0, 0x0, 0x5e,
    0xfe, 0x50, 0x0, 0x0, 0xf, 0xff, 0x90, 0x0,
    0x0, 0x0, 0x4a, 0xf9, 0x0, 0x0, 0x0, 0x0,
    0x9f, 0x90, 0x0, 0x0, 0x0, 0x9, 0xf9, 0x0,
    0x0, 0x0, 0x0, 0x9f, 0x90, 0x0, 0x0, 0x0,
    0x9, 0xff, 0xff, 0xff, 0xf3, 0x0, 0x6f, 0xff,
    0xff, 0xff, 0x40,

    /* U+0142 "ł" */
    0x0, 0xbe, 0x10, 0x0, 0xe, 0xf3, 0x0, 0x0,
    0xef, 0x30, 0x0, 0xe, 0xf3, 0x0, 0x0, 0xef,
    0x30, 0x0, 0xe, 0xf3, 0x0, 0x0, 0xef, 0x45,
    0x0, 0xe, 0xff, 0xf0, 0x7, 0xff, 0xc3, 0x9,
    0xff, 0xf3, 0x0, 0x36, 0xef, 0x30, 0x0, 0xe,
    0xf3, 0x0, 0x0, 0xef, 0x30, 0x0, 0xe, 0xf3,
    0x0, 0x0, 0xef, 0x30, 0x0, 0xb, 0xe1, 0x0,

    /* U+0143 "Ń" */
    0x0, 0x0, 0x8, 0xe1, 0x0, 0x0, 0x3, 0xef,
    0xb0, 0x0, 0x0, 0x5, 0xd5, 0x0, 0x0, 0x0,
    0x0, 0x0, 0x0, 0x0, 0x0, 0x0, 0x0, 0x0,
    0x0, 0x8f, 0x70, 0x0, 0x6, 0xf6, 0xbf, 0xf2,
    0x0, 0x9, 0xf8, 0xbf, 0xf9, 0x0, 0x9, 0xf8,
    0xbf, 0xff, 0x20, 0x9, 0xf8, 0xbf, 0xff, 0x90,
    0x9, 0xf8, 0xbf, 0xaf, 0xf2, 0x9, 0xf8, 0xbf,
    0x7b, 0xf9, 0x9, 0xf8, 0xbf, 0x73, 0xff, 0x29,
    0xf8, 0xbf, 0x70, 0xbf, 0x99, 0xf8, 0xbf, 0x70,
    0x3f, 0xfb, 0xf8, 0xbf, 0x70, 0xa, 0xff, 0xf8,
    0xbf, 0x70, 0x2, 0xff, 0xf8, 0xbf, 0x70, 0x0,
    0xaf, 0xf8, 0xbf, 0x70, 0x0, 0x2f, 0xf8, 0x8e,
    0x40, 0x0, 0x7, 0xe6,

    /* U+0144 "ń" */
    0x0, 0x0, 0x6, 0x10, 0x0, 0x0, 0x8f, 0xf3,
    0x0, 0x0, 0x2e, 0x81, 0x0, 0x0, 0x0, 0x0,
    0x0, 0x0, 0x0, 0x0, 0x0, 0x0, 0xb, 0xd3,
    0xbf, 0xd6, 0x0, 0xef, 0xef, 0xef, 0xf6, 0xe,
    0xfb, 0x0, 0x8f, 0xe0, 0xef, 0x40, 0x0, 0xff,
    0x2e, 0xf3, 0x0, 0xd, 0xf3, 0xef, 0x30, 0x0,
    0xdf, 0x3e, 0xf3, 0x0, 0xd, 0xf3, 0xef, 0x30,
    0x0, 0xdf, 0x3e, 0xf3, 0x0, 0xd, 0xf3, 0xbe,
    0x10, 0x0, 0xae, 0x20,

    /* U+0145 "Ņ" */
    0x8f, 0x70, 0x0, 0x6, 0xf6, 0xbf, 0xf2, 0x0,
    0x9, 0xf8, 0xbf, 0xf9, 0x0, 0x9, 0xf8, 0xbf,
    0xff, 0x20, 0x9, 0xf8, 0xbf, 0xff, 0x90, 0x9,
    0xf8, 0xbf, 0xaf, 0xf2, 0x9, 0xf8, 0xbf, 0x7b,
    0xf9, 0x9, 0xf8, 0xbf, 0x73, 0xff, 0x29, 0xf8,
    0xbf, 0x70, 0xbf, 0x99, 0xf8, 0xbf, 0x70, 0x3f,
    0xfb, 0xf8, 0xbf, 0x70, 0xa, 0xff, 0xf8, 0xbf,
    0x70, 0x2, 0xff, 0xf8, 0xbf, 0x70, 0x0, 0xaf,
    0xf8, 0xbf, 0x70, 0x0, 0x2f, 0xf8, 0x8e, 0x40,
    0x0, 0x7, 0xe6, 0x0, 0x0, 0x0, 0x0, 0x0,
    0x0, 0x0, 0x2a, 0x90, 0x0, 0x0, 0x7, 0xff,
    0x70, 0x0, 0x0, 0xb, 0xa2, 0x0, 0x0,

    /* U+0146 "ņ" */
    0xbd, 0x3b, 0xfd, 0x60, 0xe, 0xfe, 0xfe, 0xff,
    0x60, 0xef, 0xb0, 0x8, 0xfe, 0xe, 0xf4, 0x0,
    0xf, 0xf2, 0xef, 0x30, 0x0, 0xdf, 0x3e, 0xf3,
    0x0, 0xd, 0xf3, 0xef, 0x30, 0x0, 0xdf, 0x3e,
    0xf3, 0x0, 0xd, 0xf3, 0xef, 0x30, 0x0, 0xdf,
    0x3b, 0xe1, 0x0, 0xa, 0xe2, 0x0, 0x0, 0x0,
    0x0, 0x0, 0x0, 0x19, 0xb0, 0x0, 0x0, 0x5e,
    0xf9, 0x0, 0x0, 0x8, 0xc3, 0x0, 0x0,

    /* U+0147 "Ň" */
    0x0, 0x41, 0x0, 0x14, 0x0, 0x0, 0xae, 0x34,
    0xe9, 0x0, 0x0, 0x8, 0xff, 0x70, 0x0, 0x0,
    0x0, 0x43, 0x0, 0x0, 0x0, 0x0, 0x0, 0x0,
    0x0, 0x0, 0x0, 0x0, 0x0, 0x0, 0x8f, 0x70,
    0x0, 0x6, 0xf6, 0xbf, 0xf2, 0x0, 0x9, 0xf8,
    0xbf, 0xf9, 0x0, 0x9, 0xf8, 0xbf, 0xff, 0x20,
    0x9, 0xf8, 0xbf, 0xff, 0x90, 0x9, 0xf8, 0xbf,
    0xaf, 0xf2, 0x9, 0xf8, 0xbf, 0x7b, 0xf9, 0x9,
    0xf8, 0xbf, 0x73, 0xff, 0x29, 0xf8, 0xbf, 0x70,
    0xbf, 0x99, 0xf8, 0xbf, 0x70, 0x3f, 0xfb, 0xf8,
    0xbf, 0x70, 0xa, 0xff, 0xf8, 0xbf, 0x70, 0x2,
    0xff, 0xf8, 0xbf, 0x70, 0x0, 0xaf, 0xf8, 0xbf,
    0x70, 0x0, 0x2f, 0xf8, 0x8e, 0x40, 0x0, 0x7,
    0xe6,

    /* U+0148 "ň" */
    0x8, 0x90, 0x6, 0xc0, 0x0, 0x2d, 0xda, 0xf5,
    0x0, 0x0, 0x9, 0xc2, 0x0, 0x0, 0x0, 0x0,
    0x0, 0x0, 0x0, 0x0, 0x0, 0x0, 0xb, 0xd3,
    0xbf, 0xd6, 0x0, 0xef, 0xef, 0xef, 0xf6, 0xe,
    0xfb, 0x0, 0x8f, 0xe0, 0xef, 0x40, 0x0, 0xff,
    0x2e, 0xf3, 0x0, 0xd, 0xf3, 0xef, 0x30, 0x0,
    0xdf, 0x3e, 0xf3, 0x0, 0xd, 0xf3, 0xef, 0x30,
    0x0, 0xdf, 0x3e, 0xf3, 0x0, 0xd, 0xf3, 0xbe,
    0x10, 0x0, 0xae, 0x20,

    /* U+014A "Ŋ" */
    0x8f, 0x70, 0x0, 0x6, 0xf6, 0xbf, 0xf2, 0x0,
    0x9, 0xf8, 0xbf, 0xf9, 0x0, 0x9, 0xf8, 0xbf,
    0xff, 0x20, 0x9, 0xf8, 0xbf, 0xff, 0x90, 0x9,
    0xf8, 0xbf, 0xaf, 0xf2, 0x9, 0xf8, 0xbf, 0x7b,
    0xf9, 0x9, 0xf8, 0xbf, 0x73, 0xff, 0x29, 0xf8,
    0xbf, 0x70, 0xbf, 0x99, 0xf8, 0xbf, 0x70, 0x3f,
    0xfb, 0xf8, 0xbf, 0x70, 0xc, 0xff, 0xf8, 0xbf,
    0x70, 0x3, 0xff, 0xf8, 0xbf, 0x70, 0x0, 0xcf,
    0xf8, 0xbf, 0x70, 0x0, 0x4f, 0xf8, 0x8e, 0x40,
    0x0, 0xc, 0xf8, 0x0, 0x0, 0x0, 0x9, 0xf8,
    0x0, 0x0, 0x0, 0x9, 0xf7, 0x0, 0x0, 0x0,
    0xc, 0xf5, 0x0, 0x0, 0x3, 0xef, 0xf0, 0x0,
    0x0, 0x3, 0xfd, 0x40,

    /* U+014B "ŋ" */
    0xbd, 0x3b, 0xfd, 0x60, 0xe, 0xfe, 0xfe, 0xff,
    0x50, 0xef, 0xb0, 0x8, 0xfe, 0xe, 0xf4, 0x0,
    0xf, 0xf2, 0xef, 0x30, 0x0, 0xdf, 0x3e, 0xf3,
    0x0, 0xd, 0xf3, 0xef, 0x30, 0x0, 0xdf, 0x3e,
    0xf3, 0x0, 0xd, 0xf3, 0xef, 0x30, 0x0, 0xdf,
    0x3b, 0xe1, 0x0, 0xd, 0xf3, 0x0, 0x0, 0x0,
    0xdf, 0x30, 0x0, 0x0, 0xe, 0xf2, 0x0, 0x0,
    0x1, 0xff, 0x0, 0x0, 0x6, 0xff, 0xb0, 0x0,
    0x0, 0x8f, 0xc1, 0x0,

    /* U+014C "Ō" */
    0x0, 0x68, 0x88, 0x71, 0x0, 0x0, 0xef, 0xff,
    0xf4, 0x0, 0x0, 0x0, 0x0, 0x0, 0x0, 0x0,
    0x0, 0x0, 0x0, 0x0, 0x0, 0x0, 0x0, 0x0,
    0x0, 0x1, 0x9d, 0xfe, 0xa3, 0x0, 0xd, 0xff,
    0xff, 0xff, 0x30, 0x7f, 0xe3, 0x1, 0xbf, 0xc0,
    0xbf, 0x70, 0x0, 0x2f, 0xf0, 0xcf, 0x50, 0x0,
    0xf, 0xf2, 0xdf, 0x40, 0x0, 0xf, 0xf2, 0xdf,
    0x40, 0x0, 0xf, 0xf2, 0xdf, 0x40, 0x0, 0xf,
    0xf2, 0xdf, 0x40, 0x0, 0xf, 0xf2, 0xdf, 0x40,
    0x0, 0xf, 0xf2, 0xcf, 0x50, 0x0, 0xf, 0xf2,
    0xbf, 0x70, 0x0, 0x2f, 0xf0, 0x7f, 0xe3, 0x1,
    0xbf, 0xc0, 0xd, 0xff, 0xff, 0xff, 0x30, 0x1,
    0x9d, 0xfe, 0xa3, 0x0,

    /* U+014D "ō" */
    0x0, 0x58, 0x88, 0x72, 0x0, 0xc, 0xff, 0xff,
    0x70, 0x0, 0x0, 0x0, 0x0, 0x0, 0x0, 0x0,
    0x0, 0x0, 0x0, 0x0, 0x0, 0x0, 0x0, 0x3,
    0xbf, 0xe9, 0x10, 0x4, 0xff, 0xff, 0xfe, 0x10,
    0xef, 0x90, 0x1d, 0xfa, 0x3f, 0xe0, 0x0, 0x3f,
    0xe4, 0xfd, 0x0, 0x1, 0xff, 0x4f, 0xd0, 0x0,
    0x1f, 0xf2, 0xfe, 0x0, 0x3, 0xfe, 0xd, 0xf9,
    0x1, 0xdf, 0x90, 0x4f, 0xff, 0xff, 0xd1, 0x0,
    0x3b, 0xfe, 0x91, 0x0,

    /* U+014E "Ŏ" */
    0x0, 0x52, 0x0, 0x60, 0x0, 0x0, 0x9b, 0x6,
    0xe0, 0x0, 0x0, 0x1b, 0xfe, 0x40, 0x0, 0x0,
    0x0, 0x0, 0x0, 0x0, 0x0, 0x0, 0x0, 0x0,
    0x0, 0x0, 0x0, 0x0, 0x0, 0x0, 0x1, 0x9d,
    0xfe, 0xa3, 0x0, 0xd, 0xff, 0xff, 0xff, 0x30,
    0x7f, 0xe3, 0x1, 0xbf, 0xc0, 0xbf, 0x70, 0x0,
    0x2f, 0xf0, 0xcf, 0x50, 0x0, 0xf, 0xf2, 0xdf,
    0x40, 0x0, 0xf, 0xf2, 0xdf, 0x40, 0x0, 0xf,
    0xf2, 0xdf, 0x40, 0x0, 0xf, 0xf2, 0xdf, 0x40,
    0x0, 0xf, 0xf2, 0xdf, 0x40, 0x0, 0xf, 0xf2,
    0xcf, 0x50, 0x0, 0xf, 0xf2, 0xbf, 0x70, 0x0,
    0x2f, 0xf0, 0x7f, 0xe3, 0x1, 0xbf, 0xc0, 0xd,
    0xff, 0xff, 0xff, 0x30, 0x1, 0x9d, 0xfe, 0xa3,
    0x0,

    /* U+014F "ŏ" */
    0x0, 0x8b, 0x2, 0xe3, 0x0, 0x1, 0xbf, 0xf8,
    0x0, 0x0, 0x0, 0x0, 0x0, 0x0, 0x0, 0x0,
    0x0, 0x0, 0x0, 0x0, 0x0, 0x0, 0x0, 0x3,
    0xbf, 0xe9, 0x10, 0x4, 0xff, 0xff, 0xfe, 0x10,
    0xef, 0x90, 0x1d, 0xfa, 0x3f, 0xe0, 0x0, 0x3f,
    0xe4, 0xfd, 0x0, 0x1, 0xff, 0x4f, 0xd0, 0x0,
    0x1f, 0xf2, 0xfe, 0x0, 0x3, 0xfe, 0xd, 0xf9,
    0x1, 0xdf, 0x90, 0x4f, 0xff, 0xff, 0xd1, 0x0,
    0x3b, 0xfe, 0x91, 0x0,

    /* U+0150 "Ő" */
    0x0, 0x2, 0x30, 0x24, 0x0, 0x0, 0x3e, 0x82,
    0xe9, 0x0, 0x1, 0xea, 0xd, 0xb0, 0x0, 0x0,
    0x50, 0x5, 0x0, 0x0, 0x0, 0x0, 0x0, 0x0,
    0x0, 0x0, 0x0, 0x0, 0x0, 0x0, 0x1, 0x9d,
    0xfe, 0xa3, 0x0, 0xd, 0xff, 0xff, 0xff, 0x30,
    0x7f, 0xe3, 0x1, 0xbf, 0xc0, 0xbf, 0x70, 0x0,
    0x2f, 0xf0, 0xcf, 0x50, 0x0, 0xf, 0xf2, 0xdf,
    0x40, 0x0, 0xf, 0xf2, 0xdf, 0x40, 0x0, 0xf,
    0xf2, 0xdf, 0x40, 0x0, 0xf, 0xf2, 0xdf, 0x40,
    0x0, 0xf, 0xf2, 0xdf, 0x40, 0x0, 0xf, 0xf2,
    0xcf, 0x50, 0x0, 0xf, 0xf2, 0xbf, 0x70, 0x0,
    0x2f, 0xf0, 0x7f, 0xe3, 0x1, 0xbf, 0xc0, 0xd,
    0xff, 0xff, 0xff, 0x30, 0x1, 0x9d, 0xfe, 0xa3,
    0x0,

    /* U+0151 "ő" */
    0x0, 0x7, 0xb0, 0x5c, 0x0, 0x8, 0xf4, 0x6f,
    0x50, 0x0, 0x94, 0x8, 0x50, 0x0, 0x0, 0x0,
    0x0, 0x0, 0x0, 0x0, 0x0, 0x0, 0x0, 0x3,
    0xbf, 0xe9, 0x10, 0x4, 0xff, 0xff, 0xfe, 0x10,
    0xef, 0x90, 0x1d, 0xfa, 0x3f, 0xe0, 0x0, 0x3f,
    0xe4, 0xfd, 0x0, 0x1, 0xff, 0x4f, 0xd0, 0x0,
    0x1f, 0xf2, 0xfe, 0x0, 0x3, 0xfe, 0xd, 0xf9,
    0x1, 0xdf, 0x90, 0x4f, 0xff, 0xff, 0xd1, 0x0,
    0x3b, 0xfe, 0x91, 0x0,

    /* U+0152 "Œ" */
    0x1, 0xae, 0xfc, 0x58, 0xff, 0xff, 0xff, 0xf2,
    0x1e, 0xff, 0xff, 0xfe, 0xff, 0xff, 0xff, 0xe2,
    0x7f, 0xe3, 0x1, 0xbf, 0xf3, 0x0, 0x0, 0x0,
    0xbf, 0x70, 0x0, 0x2f, 0xf3, 0x0, 0x0, 0x0,
    0xcf, 0x50, 0x0, 0xf, 0xf3, 0x0, 0x0, 0x0,
    0xdf, 0x40, 0x0, 0xf, 0xf3, 0x0, 0x0, 0x0,
    0xdf, 0x40, 0x0, 0xf, 0xfd, 0xcc, 0x30, 0x0,
    0xdf, 0x40, 0x0, 0xf, 0xff, 0xff, 0x40, 0x0,
    0xdf, 0x40, 0x0, 0xf, 0xf3, 0x0, 0x0, 0x0,
    0xdf, 0x40, 0x0, 0xf, 0xf3, 0x0, 0x0, 0x0,
    0xcf, 0x50, 0x0, 0xf, 0xf3, 0x0, 0x0, 0x0,
    0xbf, 0x80, 0x0, 0x2f, 0xf3, 0x0, 0x0, 0x0,
    0x7f, 0xf5, 0x13, 0xcf, 0xf4, 0x11, 0x11, 0x0,
    0x1e, 0xff, 0xff, 0xfe, 0xff, 0xff, 0xff, 0xf2,
    0x1, 0xae, 0xfc, 0x58, 0xff, 0xff, 0xff, 0xf2,

    /* U+0153 "œ" */
    0x0, 0x3b, 0xfe, 0x80, 0x9, 0xef, 0xb3, 0x0,
    0x4, 0xff, 0xff, 0xfc, 0xbf, 0xcb, 0xff, 0x40,
    0xe, 0xf9, 0x1, 0xdf, 0xf5, 0x0, 0x4f, 0xd0,
    0x3f, 0xf0, 0x0, 0x3f, 0xf1, 0x11, 0x2f, 0xf0,
    0x4f, 0xd0, 0x0, 0x1f, 0xff, 0xff, 0xff, 0xd0,
    0x4f, 0xd0, 0x0, 0x1f, 0xf4, 0x44, 0x43, 0x0,
    0x2f, 0xe0, 0x0, 0x2f, 0xf2, 0x0, 0x0, 0x0,
    0xd, 0xf7, 0x0, 0xbf, 0xfb, 0x10, 0x6, 0x50,
    0x4, 0xff, 0xde, 0xfc, 0xbf, 0xfd, 0xef, 0xb0,
    0x0, 0x3b, 0xfe, 0x80, 0x7, 0xdf, 0xe9, 0x10,

    /* U+0154 "Ŕ" */
    0x0, 0x0, 0x1a, 0xc0, 0x0, 0x0, 0x6, 0xff,
    0x80, 0x0, 0x0, 0x9, 0xc3, 0x0, 0x0, 0x0,
    0x0, 0x0, 0x0, 0x0, 0x0, 0x0, 0x0, 0x0,
    0x0, 0x8f, 0xff, 0xff, 0xc6, 0x0, 0xbf, 0xff,
    0xff, 0xff, 0x90, 0xbf, 0x70, 0x0, 0x8f, 0xf2,
    0xbf, 0x70, 0x0, 0xd, 0xf5, 0xbf, 0x70, 0x0,
    0xb, 0xf6, 0xbf, 0x70, 0x0, 0xd, 0xf4, 0xbf,
    0x70, 0x1, 0x8f, 0xe0, 0xbf, 0xff, 0xff, 0xff,
    0x40, 0xbf, 0xdc, 0xef, 0xd1, 0x0, 0xbf, 0x70,
    0x2f, 0xf3, 0x0, 0xbf, 0x70, 0xa, 0xfb, 0x0,
    0xbf, 0x70, 0x2, 0xff, 0x40, 0xbf, 0x70, 0x0,
    0x9f, 0xc0, 0xbf, 0x70, 0x0, 0x1f, 0xf5, 0x8e,
    0x40, 0x0, 0x7, 0xe3,

    /* U+0155 "ŕ" */
    0x0, 0x3b, 0x90, 0x0, 0x9f, 0xe5, 0x0, 0x8,
    0x70, 0x0, 0x0, 0x0, 0x0, 0x0, 0x0, 0x0,
    0x0, 0xb, 0xd2, 0xbf, 0xd0, 0xef, 0xdf, 0xda,
    0xe, 0xff, 0x30, 0x0, 0xef, 0x70, 0x0, 0xe,
    0xf3, 0x0, 0x0, 0xef, 0x30, 0x0, 0xe, 0xf3,
    0x0, 0x0, 0xef, 0x30, 0x0, 0xe, 0xf3, 0x0,
    0x0, 0xbe, 0x10, 0x0, 0x0,

    /* U+0156 "Ŗ" */
    0x8f, 0xff, 0xff, 0xc6, 0x0, 0xbf, 0xff, 0xff,
    0xff, 0x90, 0xbf, 0x70, 0x0, 0x8f, 0xf2, 0xbf,
    0x70, 0x0, 0xd, 0xf5, 0xbf, 0x70, 0x0, 0xb,
    0xf6, 0xbf, 0x70, 0x0, 0xd, 0xf4, 0xbf, 0x70,
    0x1, 0x8f, 0xe0, 0xbf, 0xff, 0xff, 0xff, 0x40,
    0xbf, 0xdc, 0xef, 0xd1, 0x0, 0xbf, 0x70, 0x2f,
    0xf3, 0x0, 0xbf, 0x70, 0xa, 0xfb, 0x0, 0xbf,
    0x70, 0x2, 0xff, 0x40, 0xbf, 0x70, 0x0, 0x9f,
    0xc0, 0xbf, 0x70, 0x0, 0x1f, 0xf5, 0x8e, 0x40,
    0x0, 0x7, 0xe3, 0x0, 0x0, 0x0, 0x0, 0x0,
    0x0, 0x2, 0x9f, 0x20, 0x0, 0x0, 0x4f, 0xe7,
    0x0, 0x0, 0x0, 0x16, 0x0, 0x0, 0x0,

    /* U+0157 "ŗ" */
    0xb, 0xd2, 0xbf, 0xd0, 0xe, 0xfd, 0xfd, 0xa0,
    0xe, 0xff, 0x30, 0x0, 0xe, 0xf7, 0x0, 0x0,
    0xe, 0xf3, 0x0, 0x0, 0xe, 0xf3, 0x0, 0x0,
    0xe, 0xf3, 0x0, 0x0, 0xe, 0xf3, 0x0, 0x0,
    0xe, 0xf3, 0x0, 0x0, 0xb, 0xe1, 0x0, 0x0,
    0x0, 0x0, 0x0, 0x0, 0x2, 0xa8, 0x0, 0x0,
    0x8f, 0xf6, 0x0, 0x0, 0xba, 0x10, 0x0, 0x0,

    /* U+0158 "Ř" */
    0x0, 0x50, 0x0, 0x32, 0x0, 0x0, 0xec, 0x17,
    0xf4, 0x0, 0x0, 0x1b, 0xfe, 0x40, 0x0, 0x0,
    0x0, 0x61, 0x0, 0x0, 0x0, 0x0, 0x0, 0x0,
    0x0, 0x0, 0x0, 0x0, 0x0, 0x0, 0x8f, 0xff,
    0xff, 0xc6, 0x0, 0xbf, 0xff, 0xff, 0xff, 0x90,
    0xbf, 0x70, 0x0, 0x8f, 0xf2, 0xbf, 0x70, 0x0,
    0xd, 0xf5, 0xbf, 0x70, 0x0, 0xb, 0xf6, 0xbf,
    0x70, 0x0, 0xd, 0xf4, 0xbf, 0x70, 0x1, 0x8f,
    0xe0, 0xbf, 0xff, 0xff, 0xff, 0x40, 0xbf, 0xdc,
    0xef, 0xd1, 0x0, 0xbf, 0x70, 0x2f, 0xf3, 0x0,
    0xbf, 0x70, 0xa, 0xfb, 0x0, 0xbf, 0x70, 0x2,
    0xff, 0x40, 0xbf, 0x70, 0x0, 0x9f, 0xc0, 0xbf,
    0x70, 0x0, 0x1f, 0xf5, 0x8e, 0x40, 0x0, 0x7,
    0xe3,

    /* U+0159 "ř" */
    0xb7, 0x0, 0x99, 0x4, 0xeb, 0xcd, 0x20, 0x1,
    0xa9, 0x0, 0x0, 0x0, 0x0, 0x0, 0x0, 0x0,
    0x0, 0xb, 0xd2, 0xbf, 0xd0, 0xef, 0xdf, 0xda,
    0xe, 0xff, 0x30, 0x0, 0xef, 0x70, 0x0, 0xe,
    0xf3, 0x0, 0x0, 0xef, 0x30, 0x0, 0xe, 0xf3,
    0x0, 0x0, 0xef, 0x30, 0x0, 0xe, 0xf3, 0x0,
    0x0, 0xbe, 0x10, 0x0, 0x0,

    /* U+015A "Ś" */
    0x0, 0x0, 0x18, 0xe3, 0x0, 0x0, 0x2, 0xff,
    0x80, 0x0, 0x0, 0x0, 0x61, 0x0, 0x0, 0x0,
    0x0, 0x0, 0x0, 0x0, 0x0, 0x0, 0x0, 0x0,
    0x0, 0x0, 0x29, 0xdf, 0xeb, 0x50, 0x4, 0xff,
    0xff, 0xff, 0xf2, 0xd, 0xfa, 0x10, 0x6, 0x80,
    0xf, 0xf2, 0x0, 0x0, 0x0, 0xf, 0xf4, 0x0,
    0x0, 0x0, 0xb, 0xff, 0x60, 0x0, 0x0, 0x1,
    0xdf, 0xfe, 0x81, 0x0, 0x0, 0x8, 0xef, 0xfe,
    0x40, 0x0, 0x0, 0x7, 0xef, 0xf1, 0x0, 0x0,
    0x0, 0x2e, 0xf6, 0x0, 0x0, 0x0, 0x9, 0xf8,
    0x7, 0x10, 0x0, 0xb, 0xf7, 0x5f, 0xd4, 0x1,
    0x7f, 0xf3, 0x1d, 0xff, 0xff, 0xff, 0xa0, 0x1,
    0x8d, 0xff, 0xc6, 0x0,

    /* U+015B "ś" */
    0x0, 0x0, 0x6e, 0x20, 0x0, 0x2d, 0xfd, 0x10,
    0x0, 0x3e, 0x60, 0x0, 0x0, 0x0, 0x0, 0x0,
    0x0, 0x0, 0x0, 0x0, 0x1, 0xae, 0xfd, 0x70,
    0xc, 0xfd, 0xbe, 0xf2, 0x2f, 0xc0, 0x0, 0x20,
    0x1f, 0xe3, 0x0, 0x0, 0x9, 0xff, 0xd8, 0x10,
    0x0, 0x49, 0xef, 0xd1, 0x0, 0x0, 0xa, 0xf6,
    0x17, 0x0, 0x7, 0xf6, 0x5f, 0xeb, 0xcf, 0xf2,
    0x6, 0xce, 0xfc, 0x40,

    /* U+015C "Ŝ" */
    0x0, 0x3, 0xbd, 0x50, 0x0, 0x0, 0x7f, 0xa8,
    0xfb, 0x0, 0x0, 0x33, 0x0, 0x15, 0x0, 0x0,
    0x0, 0x0, 0x0, 0x0, 0x0, 0x0, 0x0, 0x0,
    0x0, 0x0, 0x29, 0xdf, 0xeb, 0x50, 0x4, 0xff,
    0xff, 0xff, 0xf2, 0xd, 0xfa, 0x10, 0x6, 0x80,
    0xf, 0xf2, 0x0, 0x0, 0x0, 0xf, 0xf4, 0x0,
    0x0, 0x0, 0xb, 0xff, 0x60, 0x0, 0x0, 0x1,
    0xdf, 0xfe, 0x81, 0x0, 0x0, 0x8, 0xef, 0xfe,
    0x40, 0x0, 0x0, 0x7, 0xef, 0xf1, 0x0, 0x0,
    0x0, 0x2e, 0xf6, 0x0, 0x0, 0x0, 0x9, 0xf8,
    0x7, 0x10, 0x0, 0xb, 0xf7, 0x5f, 0xd4, 0x1,
    0x7f, 0xf3, 0x1d, 0xff, 0xff, 0xff, 0xa0, 0x1,
    0x8d, 0xff, 0xc6, 0x0,

    /* U+015D "ŝ" */
    0x0, 0x2b, 0xc3, 0x0, 0x5, 0xfe, 0xdf, 0x70,
    0x9, 0x90, 0x8, 0xb0, 0x0, 0x0, 0x0, 0x0,
    0x0, 0x0, 0x0, 0x0, 0x1, 0xae, 0xfd, 0x70,
    0xc, 0xfd, 0xbe, 0xf2, 0x2f, 0xc0, 0x0, 0x20,
    0x1f, 0xe3, 0x0, 0x0, 0x9, 0xff, 0xd8, 0x10,
    0x0, 0x49, 0xef, 0xd1, 0x0, 0x0, 0xa, 0xf6,
    0x17, 0x0, 0x7, 0xf6, 0x5f, 0xeb, 0xcf, 0xf2,
    0x6, 0xce, 0xfc, 0x40,

    /* U+015E "Ş" */
    0x0, 0x29, 0xdf, 0xeb, 0x50, 0x4, 0xff, 0xff,
    0xff, 0xf2, 0xd, 0xfa, 0x10, 0x6, 0x80, 0xf,
    0xf2, 0x0, 0x0, 0x0, 0xf, 0xf4, 0x0, 0x0,
    0x0, 0xb, 0xff, 0x60, 0x0, 0x0, 0x1, 0xdf,
    0xfe, 0x81, 0x0, 0x0, 0x8, 0xef, 0xfe, 0x40,
    0x0, 0x0, 0x7, 0xef, 0xf1, 0x0, 0x0, 0x0,
    0x2e, 0xf6, 0x0, 0x0, 0x0, 0x9, 0xf8, 0x7,
    0x10, 0x0, 0xb, 0xf7, 0x5f, 0xd4, 0x1, 0x7f,
    0xf3, 0x1d, 0xff, 0xff, 0xff, 0xa0, 0x1, 0x8d,
    0xff, 0xc6, 0x0, 0x0, 0x0, 0x4b, 0x0, 0x0,
    0x0, 0x0, 0x7e, 0x90, 0x0, 0x0, 0x0, 0x2,
    0xd6, 0x0, 0x0, 0x0, 0x30, 0xb6, 0x0, 0x0,
    0x0, 0xdf, 0xb0, 0x0,

    /* U+015F "ş" */
    0x1, 0xae, 0xfd, 0x70, 0xc, 0xfd, 0xbe, 0xf2,
    0x2f, 0xc0, 0x0, 0x20, 0x1f, 0xe3, 0x0, 0x0,
    0x9, 0xff, 0xd8, 0x10, 0x0, 0x49, 0xef, 0xd1,
    0x0, 0x0, 0xa, 0xf6, 0x17, 0x0, 0x7, 0xf6,
    0x5f, 0xeb, 0xcf, 0xf2, 0x6, 0xcf, 0xfc, 0x40,
    0x0, 0x7, 0x80, 0x0, 0x0, 0xb, 0xd7, 0x0,
    0x0, 0x1, 0x4f, 0x30, 0x0, 0x2, 0x1e, 0x20,
    0x0, 0x2e, 0xf8, 0x0,

    /* U+0160 "Š" */
    0x0, 0x32, 0x0, 0x5, 0x0, 0x0, 0x7f, 0x52,
    0xdc, 0x0, 0x0, 0x6, 0xff, 0xa0, 0x0, 0x0,
    0x0, 0x24, 0x0, 0x0, 0x0, 0x0, 0x0, 0x0,
    0x0, 0x0, 0x0, 0x0, 0x0, 0x0, 0x0, 0x29,
    0xdf, 0xeb, 0x50, 0x4, 0xff, 0xff, 0xff, 0xf2,
    0xd, 0xfa, 0x10, 0x6, 0x80, 0xf, 0xf2, 0x0,
    0x0, 0x0, 0xf, 0xf4, 0x0, 0x0, 0x0, 0xb,
    0xff, 0x60, 0x0, 0x0, 0x1, 0xdf, 0xfe, 0x81,
    0x0, 0x0, 0x8, 0xef, 0xfe, 0x40, 0x0, 0x0,
    0x7, 0xef, 0xf1, 0x0, 0x0, 0x0, 0x2e, 0xf6,
    0x0, 0x0, 0x0, 0x9, 0xf8, 0x7, 0x10, 0x0,
    0xb, 0xf7, 0x5f, 0xd4, 0x1, 0x7f, 0xf3, 0x1d,
    0xff, 0xff, 0xff, 0xa0, 0x1, 0x8d, 0xff, 0xc6,
    0x0,

    /* U+0161 "š" */
    0x9, 0x80, 0x7, 0xb0, 0x3, 0xec, 0xaf, 0x50,
    0x0, 0x1b, 0xd2, 0x0, 0x0, 0x0, 0x0, 0x0,
    0x0, 0x0, 0x0, 0x0, 0x1, 0xae, 0xfd, 0x70,
    0xc, 0xfd, 0xbf, 0xf2, 0x2f, 0xc0, 0x0, 0x30,
    0x1f, 0xe3, 0x0, 0x0, 0x9, 0xff, 0xd8, 0x10,
    0x0, 0x49, 0xef, 0xd1, 0x0, 0x0, 0xa, 0xf6,
    0x17, 0x0, 0x7, 0xf6, 0x5f, 0xeb, 0xcf, 0xf2,
    0x6, 0xce, 0xfc, 0x40,

    /* U+0162 "Ţ" */
    0x9f, 0xff, 0xff, 0xff, 0xfb, 0x9f, 0xff, 0xff,
    0xff, 0xfb, 0x0, 0x0, 0xff, 0x20, 0x0, 0x0,
    0x0, 0xff, 0x20, 0x0, 0x0, 0x0, 0xff, 0x20,
    0x0, 0x0, 0x0, 0xff, 0x20, 0x0, 0x0, 0x0,
    0xff, 0x20, 0x0, 0x0, 0x0, 0xff, 0x20, 0x0,
    0x0, 0x0, 0xff, 0x20, 0x0, 0x0, 0x0, 0xff,
    0x20, 0x0, 0x0, 0x0, 0xff, 0x20, 0x0, 0x0,
    0x0, 0xff, 0x20, 0x0, 0x0, 0x0, 0xff, 0x20,
    0x0, 0x0, 0x0, 0xff, 0x20, 0x0, 0x0, 0x0,
    0xcd, 0x0, 0x0, 0x0, 0x0, 0x0, 0x0, 0x0,
    0x0, 0x0, 0x19, 0xa0, 0x0, 0x0, 0x6, 0xff,
    0x90, 0x0, 0x0, 0x9, 0xb3, 0x0, 0x0,

    /* U+0163 "ţ" */
    0x1, 0x0, 0x0, 0xdf, 0x10, 0x0, 0xff, 0x20,
    0x0, 0xff, 0x20, 0x0, 0xff, 0x20, 0x0, 0xff,
    0xff, 0xf1, 0xff, 0xaa, 0x90, 0xff, 0x20, 0x0,
    0xff, 0x20, 0x0, 0xff, 0x20, 0x0, 0xff, 0x20,
    0x0, 0xef, 0x20, 0x0, 0xdf, 0x50, 0x0, 0x8f,
    0xfe, 0xc0, 0x8, 0xdf, 0xe0, 0x0, 0x0, 0x0,
    0x0, 0x7c, 0x0, 0x4e, 0xfb, 0x0, 0x6d, 0x40,
    0x0,

    /* U+0164 "Ť" */
    0x0, 0x42, 0x0, 0x14, 0x0, 0x0, 0x8e, 0x43,
    0xeb, 0x0, 0x0, 0x7, 0xff, 0x90, 0x0, 0x0,
    0x0, 0x34, 0x0, 0x0, 0x0, 0x0, 0x0, 0x0,
    0x0, 0x0, 0x0, 0x0, 0x0, 0x0, 0x9f, 0xff,
    0xff, 0xff, 0xfb, 0x9f, 0xff, 0xff, 0xff, 0xfb,
    0x0, 0x0, 0xff, 0x20, 0x0, 0x0, 0x0, 0xff,
    0x20, 0x0, 0x0, 0x0, 0xff, 0x20, 0x0, 0x0,
    0x0, 0xff, 0x20, 0x0, 0x0, 0x0, 0xff, 0x20,
    0x0, 0x0, 0x0, 0xff, 0x20, 0x0, 0x0, 0x0,
    0xff, 0x20, 0x0, 0x0, 0x0, 0xff, 0x20, 0x0,
    0x0, 0x0, 0xff, 0x20, 0x0, 0x0, 0x0, 0xff,
    0x20, 0x0, 0x0, 0x0, 0xff, 0x20, 0x0, 0x0,
    0x0, 0xff, 0x20, 0x0, 0x0, 0x0, 0xcd, 0x0,
    0x0,

    /* U+0165 "ť" */
    0x0, 0x8, 0xe4, 0x67, 0xc, 0xf7, 0xef, 0x24,
    0xf2, 0xff, 0x28, 0xc0, 0xff, 0x21, 0x20, 0xff,
    0x20, 0x0, 0xff, 0xff, 0xf1, 0xff, 0xaa, 0x90,
    0xff, 0x20, 0x0, 0xff, 0x20, 0x0, 0xff, 0x20,
    0x0, 0xff, 0x20, 0x0, 0xef, 0x20, 0x0, 0xdf,
    0x50, 0x0, 0x7f, 0xfe, 0xc0, 0x8, 0xdf, 0xe0,

    /* U+0166 "Ŧ" */
    0x9f, 0xff, 0xff, 0xff, 0xfc, 0x9f, 0xff, 0xff,
    0xff, 0xfc, 0x0, 0x0, 0xff, 0x20, 0x0, 0x0,
    0x0, 0xff, 0x20, 0x0, 0x0, 0x0, 0xff, 0x20,
    0x0, 0x0, 0x0, 0xff, 0x20, 0x0, 0x4, 0xaa,
    0xff, 0xba, 0x50, 0x7, 0xff, 0xff, 0xff, 0x90,
    0x0, 0x0, 0xff, 0x20, 0x0, 0x0, 0x0, 0xff,
    0x20, 0x0, 0x0, 0x0, 0xff, 0x20, 0x0, 0x0,
    0x0, 0xff, 0x20, 0x0, 0x0, 0x0, 0xff, 0x20,
    0x0, 0x0, 0x0, 0xff, 0x20, 0x0, 0x0, 0x0,
    0xce, 0x10, 0x0,

    /* U+0167 "ŧ" */
    0x45, 0x0, 0x0, 0xef, 0x20, 0x0, 0xff, 0x20,
    0x0, 0xff, 0x20, 0x0, 0xff, 0x20, 0x0, 0xff,
    0xff, 0xf1, 0xff, 0xaa, 0x90, 0xff, 0x20, 0x0,
    0xff, 0xba, 0x90, 0xff, 0xff, 0xf1, 0xff, 0x20,
    0x0, 0xef, 0x20, 0x0, 0xdf, 0x50, 0x0, 0x8f,
    0xfe, 0xc0, 0x8, 0xdf, 0xe0,

    /* U+0168 "Ũ" */
    0x1, 0xcf, 0x92, 0x3d, 0x0, 0x7, 0xf9, 0xcf,
    0xff, 0x0, 0x2, 0x30, 0x4, 0x72, 0x0, 0x0,
    0x0, 0x0, 0x0, 0x0, 0x0, 0x0, 0x0, 0x0,
    0x0, 0x9e, 0x40, 0x0, 0x9, 0xe4, 0xbf, 0x60,
    0x0, 0xb, 0xf6, 0xbf, 0x60, 0x0, 0xb, 0xf6,
    0xbf, 0x60, 0x0, 0xb, 0xf6, 0xbf, 0x60, 0x0,
    0xb, 0xf6, 0xbf, 0x60, 0x0, 0xb, 0xf6, 0xbf,
    0x60, 0x0, 0xb, 0xf6, 0xbf, 0x60, 0x0, 0xb,
    0xf6, 0xbf, 0x60, 0x0, 0xb, 0xf6, 0xbf, 0x60,
    0x0, 0xb, 0xf6, 0xbf, 0x60, 0x0, 0xb, 0xf6,
    0xaf, 0x90, 0x0, 0xe, 0xf4, 0x6f, 0xf4, 0x1,
    0x9f, 0xf1, 0xc, 0xff, 0xff, 0xff, 0x70, 0x0,
    0x8d, 0xff, 0xb5, 0x0,

    /* U+0169 "ũ" */
    0x3, 0x76, 0x10, 0x62, 0x1, 0xff, 0xff, 0xff,
    0x50, 0x6, 0x11, 0x57, 0x50, 0x0, 0x0, 0x0,
    0x0, 0x0, 0x0, 0x0, 0x0, 0x0, 0xc, 0xd0,
    0x0, 0xa, 0xe2, 0xff, 0x10, 0x0, 0xdf, 0x4f,
    0xf1, 0x0, 0xd, 0xf4, 0xff, 0x10, 0x0, 0xdf,
    0x4f, 0xf1, 0x0, 0xd, 0xf4, 0xff, 0x10, 0x0,
    0xdf, 0x4e, 0xf3, 0x0, 0xe, 0xf2, 0x9f, 0xc1,
    0x9, 0xfd, 0x1, 0xef, 0xff, 0xff, 0x40, 0x1,
    0x9e, 0xfb, 0x30, 0x0,

    /* U+016A "Ū" */
    0x0, 0x58, 0x88, 0x72, 0x0, 0x0, 0xcf, 0xff,
    0xf6, 0x0, 0x0, 0x0, 0x0, 0x0, 0x0, 0x0,
    0x0, 0x0, 0x0, 0x0, 0x0, 0x0, 0x0, 0x0,
    0x0, 0x9e, 0x40, 0x0, 0x9, 0xe4, 0xbf, 0x60,
    0x0, 0xb, 0xf6, 0xbf, 0x60, 0x0, 0xb, 0xf6,
    0xbf, 0x60, 0x0, 0xb, 0xf6, 0xbf, 0x60, 0x0,
    0xb, 0xf6, 0xbf, 0x60, 0x0, 0xb, 0xf6, 0xbf,
    0x60, 0x0, 0xb, 0xf6, 0xbf, 0x60, 0x0, 0xb,
    0xf6, 0xbf, 0x60, 0x0, 0xb, 0xf6, 0xbf, 0x60,
    0x0, 0xb, 0xf6, 0xbf, 0x60, 0x0, 0xb, 0xf6,
    0xaf, 0x90, 0x0, 0xe, 0xf4, 0x6f, 0xf4, 0x1,
    0x9f, 0xf1, 0xc, 0xff, 0xff, 0xff, 0x70, 0x0,
    0x8d, 0xff, 0xb5, 0x0,

    /* U+016B "ū" */
    0x2, 0x78, 0x88, 0x50, 0x0, 0x7f, 0xff, 0xfc,
    0x0, 0x0, 0x0, 0x0, 0x0, 0x0, 0x0, 0x0,
    0x0, 0x0, 0x0, 0x0, 0x0, 0x0, 0xc, 0xd0,
    0x0, 0xa, 0xe2, 0xff, 0x10, 0x0, 0xdf, 0x4f,
    0xf1, 0x0, 0xd, 0xf4, 0xff, 0x10, 0x0, 0xdf,
    0x4f, 0xf1, 0x0, 0xd, 0xf4, 0xff, 0x10, 0x0,
    0xdf, 0x4e, 0xf3, 0x0, 0xe, 0xf2, 0x9f, 0xc1,
    0x9, 0xfd, 0x1, 0xef, 0xff, 0xff, 0x40, 0x1,
    0x9e, 0xfb, 0x30, 0x0,

    /* U+016C "Ŭ" */
    0x0, 0x43, 0x0, 0x61, 0x0, 0x0, 0x7c, 0x4,
    0xf1, 0x0, 0x0, 0xa, 0xfe, 0x50, 0x0, 0x0,
    0x0, 0x0, 0x0, 0x0, 0x0, 0x0, 0x0, 0x0,
    0x0, 0x0, 0x0, 0x0, 0x0, 0x0, 0x9e, 0x40,
    0x0, 0x9, 0xe4, 0xbf, 0x60, 0x0, 0xb, 0xf6,
    0xbf, 0x60, 0x0, 0xb, 0xf6, 0xbf, 0x60, 0x0,
    0xb, 0xf6, 0xbf, 0x60, 0x0, 0xb, 0xf6, 0xbf,
    0x60, 0x0, 0xb, 0xf6, 0xbf, 0x60, 0x0, 0xb,
    0xf6, 0xbf, 0x60, 0x0, 0xb, 0xf6, 0xbf, 0x60,
    0x0, 0xb, 0xf6, 0xbf, 0x60, 0x0, 0xb, 0xf6,
    0xbf, 0x60, 0x0, 0xb, 0xf6, 0xaf, 0x90, 0x0,
    0xe, 0xf4, 0x6f, 0xf4, 0x1, 0x9f, 0xf1, 0xc,
    0xff, 0xff, 0xff, 0x70, 0x0, 0x8d, 0xff, 0xb5,
    0x0,

    /* U+016D "ŭ" */
    0x4, 0xc0, 0x8, 0x80, 0x0, 0x1f, 0x41, 0xf4,
    0x0, 0x0, 0x4e, 0xf8, 0x0, 0x0, 0x0, 0x0,
    0x0, 0x0, 0x0, 0x0, 0x0, 0x0, 0xc, 0xd0,
    0x0, 0xa, 0xe2, 0xff, 0x10, 0x0, 0xdf, 0x4f,
    0xf1, 0x0, 0xd, 0xf4, 0xff, 0x10, 0x0, 0xdf,
    0x4f, 0xf1, 0x0, 0xd, 0xf4, 0xff, 0x10, 0x0,
    0xdf, 0x4e, 0xf3, 0x0, 0xe, 0xf2, 0x9f, 0xc1,
    0x9, 0xfd, 0x1, 0xef, 0xff, 0xff, 0x40, 0x1,
    0x9e, 0xfb, 0x30, 0x0,

    /* U+016E "Ů" */
    0x0, 0x5, 0xec, 0x10, 0x0, 0x0, 0xe, 0x26,
    0xa0, 0x0, 0x0, 0xd, 0x16, 0xa0, 0x0, 0x0,
    0x5, 0xec, 0x10, 0x0, 0x0, 0x0, 0x0, 0x0,
    0x0, 0x0, 0x0, 0x0, 0x0, 0x0, 0x9e, 0x40,
    0x0, 0x9, 0xe4, 0xbf, 0x60, 0x0, 0xb, 0xf6,
    0xbf, 0x60, 0x0, 0xb, 0xf6, 0xbf, 0x60, 0x0,
    0xb, 0xf6, 0xbf, 0x60, 0x0, 0xb, 0xf6, 0xbf,
    0x60, 0x0, 0xb, 0xf6, 0xbf, 0x60, 0x0, 0xb,
    0xf6, 0xbf, 0x60, 0x0, 0xb, 0xf6, 0xbf, 0x60,
    0x0, 0xb, 0xf6, 0xbf, 0x60, 0x0, 0xb, 0xf6,
    0xbf, 0x60, 0x0, 0xb, 0xf6, 0xaf, 0x90, 0x0,
    0xe, 0xf4, 0x6f, 0xf4, 0x1, 0x9f, 0xf1, 0xc,
    0xff, 0xff, 0xff, 0x70, 0x0, 0x8d, 0xff, 0xb5,
    0x0,

    /* U+016F "ů" */
    0x0, 0x2d, 0xe4, 0x0, 0x0, 0xa, 0x52, 0xe0,
    0x0, 0x0, 0xa5, 0x2e, 0x0, 0x0, 0x1, 0xde,
    0x40, 0x0, 0x0, 0x0, 0x0, 0x0, 0x0, 0x0,
    0x0, 0x0, 0x0, 0xcd, 0x0, 0x0, 0xae, 0x2f,
    0xf1, 0x0, 0xd, 0xf4, 0xff, 0x10, 0x0, 0xdf,
    0x4f, 0xf1, 0x0, 0xd, 0xf4, 0xff, 0x10, 0x0,
    0xdf, 0x4f, 0xf1, 0x0, 0xd, 0xf4, 0xef, 0x30,
    0x0, 0xef, 0x29, 0xfc, 0x10, 0x9f, 0xd0, 0x1e,
    0xff, 0xff, 0xf4, 0x0, 0x19, 0xef, 0xb3, 0x0,

    /* U+0170 "Ű" */
    0x0, 0x1, 0x40, 0x15, 0x0, 0x0, 0x1d, 0xa0,
    0xcc, 0x0, 0x0, 0xdc, 0xb, 0xd1, 0x0, 0x0,
    0x50, 0x4, 0x10, 0x0, 0x0, 0x0, 0x0, 0x0,
    0x0, 0x0, 0x0, 0x0, 0x0, 0x0, 0x9e, 0x40,
    0x0, 0x9, 0xe4, 0xbf, 0x60, 0x0, 0xb, 0xf6,
    0xbf, 0x60, 0x0, 0xb, 0xf6, 0xbf, 0x60, 0x0,
    0xb, 0xf6, 0xbf, 0x60, 0x0, 0xb, 0xf6, 0xbf,
    0x60, 0x0, 0xb, 0xf6, 0xbf, 0x60, 0x0, 0xb,
    0xf6, 0xbf, 0x60, 0x0, 0xb, 0xf6, 0xbf, 0x60,
    0x0, 0xb, 0xf6, 0xbf, 0x60, 0x0, 0xb, 0xf6,
    0xbf, 0x60, 0x0, 0xb, 0xf6, 0xaf, 0x90, 0x0,
    0xe, 0xf4, 0x6f, 0xf4, 0x1, 0x9f, 0xf1, 0xc,
    0xff, 0xff, 0xff, 0x70, 0x0, 0x8d, 0xff, 0xb5,
    0x0,

    /* U+0171 "ű" */
    0x0, 0x3e, 0x12, 0xd2, 0x0, 0x4f, 0x82, 0xea,
    0x0, 0x6, 0x70, 0x58, 0x0, 0x0, 0x0, 0x0,
    0x0, 0x0, 0x0, 0x0, 0x0, 0x0, 0xc, 0xd0,
    0x0, 0xa, 0xe2, 0xff, 0x10, 0x0, 0xdf, 0x4f,
    0xf1, 0x0, 0xd, 0xf4, 0xff, 0x10, 0x0, 0xdf,
    0x4f, 0xf1, 0x0, 0xd, 0xf4, 0xff, 0x10, 0x0,
    0xdf, 0x4e, 0xf3, 0x0, 0xe, 0xf2, 0x9f, 0xc1,
    0x9, 0xfd, 0x1, 0xef, 0xff, 0xff, 0x40, 0x1,
    0x9e, 0xfb, 0x30, 0x0,

    /* U+0172 "Ų" */
    0x9e, 0x40, 0x0, 0x9, 0xe4, 0xbf, 0x60, 0x0,
    0xb, 0xf6, 0xbf, 0x60, 0x0, 0xb, 0xf6, 0xbf,
    0x60, 0x0, 0xb, 0xf6, 0xbf, 0x60, 0x0, 0xb,
    0xf6, 0xbf, 0x60, 0x0, 0xb, 0xf6, 0xbf, 0x60,
    0x0, 0xb, 0xf6, 0xbf, 0x60, 0x0, 0xb, 0xf6,
    0xbf, 0x60, 0x0, 0xb, 0xf6, 0xbf, 0x60, 0x0,
    0xb, 0xf6, 0xbf, 0x60, 0x0, 0xb, 0xf6, 0xaf,
    0x90, 0x0, 0xe, 0xf4, 0x6f, 0xf4, 0x1, 0x9f,
    0xf1, 0xc, 0xff, 0xff, 0xff, 0x70, 0x0, 0x8d,
    0xff, 0xe5, 0x0, 0x0, 0x0, 0x4e, 0x10, 0x0,
    0x0, 0x0, 0xc5, 0x0, 0x0, 0x0, 0x0, 0xf0,
    0x0, 0x0, 0x0, 0x0, 0xf4, 0x0, 0x0, 0x0,
    0x0, 0x6e, 0x80, 0x0,

    /* U+0173 "ų" */
    0xcd, 0x0, 0x0, 0xae, 0x2f, 0xf1, 0x0, 0xd,
    0xf4, 0xff, 0x10, 0x0, 0xdf, 0x4f, 0xf1, 0x0,
    0xd, 0xf4, 0xff, 0x10, 0x0, 0xdf, 0x4f, 0xf1,
    0x0, 0xd, 0xf4, 0xef, 0x30, 0x0, 0xef, 0x29,
    0xfc, 0x10, 0x9f, 0xd0, 0x1e, 0xff, 0xff, 0xf4,
    0x0, 0x19, 0xef, 0xf3, 0x0, 0x0, 0x3, 0xe1,
    0x0, 0x0, 0x0, 0xb6, 0x0, 0x0, 0x0, 0xf,
    0x20, 0x0, 0x0, 0x0, 0xe5, 0x0, 0x0, 0x0,
    0x5, 0xe9, 0x0, 0x0,

    /* U+0174 "Ŵ" */
    0x0, 0x0, 0x0, 0x19, 0xe8, 0x10, 0x0, 0x0,
    0x0, 0x0, 0x0, 0x3f, 0xd7, 0xee, 0x10, 0x0,
    0x0, 0x0, 0x0, 0x1, 0x50, 0x0, 0x50, 0x0,
    0x0, 0x0, 0x0, 0x0, 0x0, 0x0, 0x0, 0x0,
    0x0, 0x0, 0x0, 0x0, 0x0, 0x0, 0x0, 0x0,
    0x0, 0x0, 0x7, 0xe4, 0x0, 0x0, 0x0, 0x0,
    0x0, 0x6, 0xe6, 0x9f, 0x90, 0x0, 0x0, 0x0,
    0x0, 0x0, 0xbf, 0x74, 0xfe, 0x0, 0x0, 0x0,
    0x0, 0x0, 0xf, 0xf2, 0xf, 0xf2, 0x0, 0x0,
    0x0, 0x0, 0x4, 0xfd, 0x0, 0xbf, 0x70, 0x0,
    0x5c, 0x40, 0x0, 0x9f, 0x90, 0x6, 0xfb, 0x0,
    0xc, 0xfa, 0x0, 0xd, 0xf4, 0x0, 0x1f, 0xf0,
    0x0, 0xff, 0xe0, 0x2, 0xff, 0x0, 0x0, 0xcf,
    0x40, 0x4f, 0xff, 0x20, 0x6f, 0xa0, 0x0, 0x7,
    0xf9, 0x8, 0xfc, 0xf6, 0xb, 0xf6, 0x0, 0x0,
    0x3f, 0xd0, 0xcf, 0x5f, 0xa0, 0xff, 0x10, 0x0,
    0x0, 0xef, 0x3f, 0xd0, 0xfe, 0x4f, 0xc0, 0x0,
    0x0, 0x9, 0xfb, 0xf9, 0xb, 0xfb, 0xf7, 0x0,
    0x0, 0x0, 0x4f, 0xff, 0x50, 0x7f, 0xff, 0x20,
    0x0, 0x0, 0x0, 0xff, 0xf1, 0x3, 0xff, 0xe0,
    0x0, 0x0, 0x0, 0x8, 0xfb, 0x0, 0xc, 0xf7,
    0x0, 0x0,

    /* U+0175 "ŵ" */
    0x0, 0x0, 0x3, 0xda, 0x10, 0x0, 0x0, 0x0,
    0x0, 0x8f, 0xdf, 0xf4, 0x0, 0x0, 0x0, 0x0,
    0xc7, 0x1, 0xa7, 0x0, 0x0, 0x0, 0x0, 0x0,
    0x0, 0x0, 0x0, 0x0, 0x0, 0x0, 0x0, 0x0,
    0x0, 0x0, 0x0, 0x8f, 0x20, 0x0, 0x31, 0x0,
    0x8, 0xe3, 0xaf, 0x80, 0x1, 0xfb, 0x0, 0xe,
    0xf4, 0x4f, 0xe0, 0x5, 0xff, 0x0, 0x4f, 0xe0,
    0xe, 0xf3, 0xa, 0xff, 0x40, 0x9f, 0x80, 0x8,
    0xf9, 0xe, 0xdf, 0x80, 0xef, 0x20, 0x2, 0xfe,
    0x4f, 0x6c, 0xd4, 0xfc, 0x0, 0x0, 0xcf, 0xcf,
    0x17, 0xfc, 0xf6, 0x0, 0x0, 0x6f, 0xfc, 0x2,
    0xff, 0xf1, 0x0, 0x0, 0xf, 0xf6, 0x0, 0xcf,
    0xa0, 0x0, 0x0, 0x9, 0xe1, 0x0, 0x6f, 0x30,
    0x0,

    /* U+0176 "Ŷ" */
    0x0, 0x0, 0x6d, 0x70, 0x0, 0x0, 0x0, 0xcf,
    0xbf, 0xd2, 0x0, 0x0, 0x1b, 0x30, 0x2a, 0x30,
    0x0, 0x0, 0x0, 0x0, 0x0, 0x0, 0x0, 0x0,
    0x0, 0x0, 0x0, 0x7, 0xe3, 0x0, 0x0, 0x2,
    0xe9, 0x8f, 0xc0, 0x0, 0x0, 0xaf, 0xa1, 0xef,
    0x40, 0x0, 0x2f, 0xf2, 0x7, 0xfc, 0x0, 0xa,
    0xf9, 0x0, 0xe, 0xf4, 0x2, 0xff, 0x10, 0x0,
    0x6f, 0xc0, 0xaf, 0x80, 0x0, 0x0, 0xdf, 0x7f,
    0xe0, 0x0, 0x0, 0x4, 0xff, 0xf6, 0x0, 0x0,
    0x0, 0xc, 0xfd, 0x0, 0x0, 0x0, 0x0, 0x8f,
    0xa0, 0x0, 0x0, 0x0, 0x8, 0xfa, 0x0, 0x0,
    0x0, 0x0, 0x8f, 0xa0, 0x0, 0x0, 0x0, 0x8,
    0xfa, 0x0, 0x0, 0x0, 0x0, 0x8f, 0xa0, 0x0,
    0x0, 0x0, 0x5, 0xe7, 0x0, 0x0,

    /* U+0177 "ŷ" */
    0x0, 0x0, 0x61, 0x0, 0x0, 0x4, 0xef, 0xe5,
    0x0, 0x2, 0xfc, 0x4b, 0xf4, 0x0, 0x5, 0x0,
    0x4, 0x10, 0x0, 0x0, 0x0, 0x0, 0x7, 0xe3,
    0x0, 0x2, 0xe7, 0xbf, 0x90, 0x0, 0x7f, 0xb4,
    0xfe, 0x0, 0xc, 0xf6, 0xe, 0xf4, 0x1, 0xff,
    0x10, 0x7f, 0xa0, 0x6f, 0xa0, 0x1, 0xff, 0x1b,
    0xf5, 0x0, 0xa, 0xf7, 0xfe, 0x0, 0x0, 0x4f,
    0xff, 0x90, 0x0, 0x0, 0xdf, 0xf3, 0x0, 0x0,
    0x7, 0xfd, 0x0, 0x0, 0x0, 0x9f, 0x80, 0x0,
    0x0, 0x1e, 0xf2, 0x0, 0x0, 0x1c, 0xfb, 0x0,
    0x0, 0x9f, 0xff, 0x20, 0x0, 0xa, 0xfc, 0x30,
    0x0, 0x0,

    /* U+0178 "Ÿ" */
    0x0, 0x9, 0xd0, 0xba, 0x0, 0x0, 0x0, 0x8c,
    0xa, 0x90, 0x0, 0x0, 0x0, 0x0, 0x0, 0x0,
    0x0, 0x0, 0x0, 0x0, 0x0, 0x0, 0x7e, 0x30,
    0x0, 0x0, 0x2e, 0x98, 0xfc, 0x0, 0x0, 0xa,
    0xfa, 0x1e, 0xf4, 0x0, 0x2, 0xff, 0x20, 0x7f,
    0xc0, 0x0, 0xaf, 0x90, 0x0, 0xef, 0x40, 0x2f,
    0xf1, 0x0, 0x6, 0xfc, 0xa, 0xf8, 0x0, 0x0,
    0xd, 0xf7, 0xfe, 0x0, 0x0, 0x0, 0x4f, 0xff,
    0x60, 0x0, 0x0, 0x0, 0xcf, 0xd0, 0x0, 0x0,
    0x0, 0x8, 0xfa, 0x0, 0x0, 0x0, 0x0, 0x8f,
    0xa0, 0x0, 0x0, 0x0, 0x8, 0xfa, 0x0, 0x0,
    0x0, 0x0, 0x8f, 0xa0, 0x0, 0x0, 0x0, 0x8,
    0xfa, 0x0, 0x0, 0x0, 0x0, 0x5e, 0x70, 0x0,
    0x0,

    /* U+0179 "Ź" */
    0x0, 0x0, 0x7, 0xe1, 0x0, 0x0, 0x3, 0xef,
    0xc0, 0x0, 0x0, 0x4, 0xe5, 0x0, 0x0, 0x0,
    0x0, 0x0, 0x0, 0x0, 0x0, 0x0, 0x0, 0x0,
    0x0, 0x3f, 0xff, 0xff, 0xff, 0xf5, 0x3f, 0xff,
    0xff, 0xff, 0xf2, 0x0, 0x0, 0x0, 0x8f, 0xa0,
    0x0, 0x0, 0x1, 0xff, 0x20, 0x0, 0x0, 0x9,
    0xf9, 0x0, 0x0, 0x0, 0x2f, 0xf1, 0x0, 0x0,
    0x0, 0xaf, 0x80, 0x0, 0x0, 0x3, 0xfe, 0x10,
    0x0, 0x0, 0xb, 0xf7, 0x0, 0x0, 0x0, 0x4f,
    0xe0, 0x0, 0x0, 0x0, 0xcf, 0x60, 0x0, 0x0,
    0x5, 0xfd, 0x0, 0x0, 0x0, 0xd, 0xf5, 0x0,
    0x0, 0x0, 0x5f, 0xff, 0xff, 0xff, 0xf9, 0x8f,
    0xff, 0xff, 0xff, 0xf9,

    /* U+017A "ź" */
    0x0, 0x0, 0x6, 0x10, 0x0, 0x0, 0x7e, 0xf4,
    0x0, 0x0, 0x1e, 0x91, 0x0, 0x0, 0x0, 0x0,
    0x0, 0x0, 0x0, 0x0, 0x0, 0x0, 0x4, 0xff,
    0xff, 0xff, 0x90, 0x2c, 0xdd, 0xdf, 0xf8, 0x0,
    0x0, 0x6, 0xfd, 0x0, 0x0, 0x1, 0xff, 0x30,
    0x0, 0x0, 0xbf, 0x90, 0x0, 0x0, 0x6f, 0xd0,
    0x0, 0x0, 0x1e, 0xf4, 0x0, 0x0, 0xb, 0xf9,
    0x0, 0x0, 0x5, 0xff, 0xdd, 0xdd, 0xb0, 0x6f,
    0xff, 0xff, 0xfe, 0x0,

    /* U+017B "Ż" */
    0x0, 0x0, 0xca, 0x0, 0x0, 0x0, 0x0, 0xca,
    0x0, 0x0, 0x0, 0x0, 0x0, 0x0, 0x0, 0x0,
    0x0, 0x0, 0x0, 0x0, 0x3f, 0xff, 0xff, 0xff,
    0xf5, 0x3f, 0xff, 0xff, 0xff, 0xf2, 0x0, 0x0,
    0x0, 0x8f, 0xa0, 0x0, 0x0, 0x1, 0xff, 0x20,
    0x0, 0x0, 0x9, 0xf9, 0x0, 0x0, 0x0, 0x2f,
    0xf1, 0x0, 0x0, 0x0, 0xaf, 0x80, 0x0, 0x0,
    0x3, 0xfe, 0x10, 0x0, 0x0, 0xb, 0xf7, 0x0,
    0x0, 0x0, 0x4f, 0xe0, 0x0, 0x0, 0x0, 0xcf,
    0x60, 0x0, 0x0, 0x5, 0xfd, 0x0, 0x0, 0x0,
    0xd, 0xf5, 0x0, 0x0, 0x0, 0x5f, 0xff, 0xff,
    0xff, 0xf9, 0x8f, 0xff, 0xff, 0xff, 0xf9,

    /* U+017C "ż" */
    0x0, 0x8, 0xe0, 0x0, 0x0, 0x0, 0x8e, 0x0,
    0x0, 0x0, 0x0, 0x0, 0x0, 0x0, 0x0, 0x0,
    0x0, 0x0, 0x4f, 0xff, 0xff, 0xf9, 0x2, 0xcd,
    0xdd, 0xff, 0x80, 0x0, 0x0, 0x6f, 0xd0, 0x0,
    0x0, 0x1f, 0xf3, 0x0, 0x0, 0xb, 0xf9, 0x0,
    0x0, 0x6, 0xfd, 0x0, 0x0, 0x1, 0xef, 0x40,
    0x0, 0x0, 0xbf, 0x90, 0x0, 0x0, 0x5f, 0xfd,
    0xdd, 0xdb, 0x6, 0xff, 0xff, 0xff, 0xe0,

    /* U+017D "Ž" */
    0x0, 0x41, 0x0, 0x14, 0x0, 0x0, 0xae, 0x34,
    0xe9, 0x0, 0x0, 0x8, 0xff, 0x80, 0x0, 0x0,
    0x0, 0x43, 0x0, 0x0, 0x0, 0x0, 0x0, 0x0,
    0x0, 0x0, 0x0, 0x0, 0x0, 0x0, 0x3f, 0xff,
    0xff, 0xff, 0xf5, 0x3f, 0xff, 0xff, 0xff, 0xf2,
    0x0, 0x0, 0x0, 0x8f, 0xa0, 0x0, 0x0, 0x1,
    0xff, 0x20, 0x0, 0x0, 0x9, 0xf9, 0x0, 0x0,
    0x0, 0x2f, 0xf1, 0x0, 0x0, 0x0, 0xaf, 0x80,
    0x0, 0x0, 0x3, 0xfe, 0x10, 0x0, 0x0, 0xb,
    0xf7, 0x0, 0x0, 0x0, 0x4f, 0xe0, 0x0, 0x0,
    0x0, 0xcf, 0x60, 0x0, 0x0, 0x5, 0xfd, 0x0,
    0x0, 0x0, 0xd, 0xf5, 0x0, 0x0, 0x0, 0x5f,
    0xff, 0xff, 0xff, 0xf9, 0x8f, 0xff, 0xff, 0xff,
    0xf9,

    /* U+017E "ž" */
    0x7, 0xa0, 0x5, 0xd0, 0x0, 0x1c, 0xd9, 0xf6,
    0x0, 0x0, 0x8, 0xd3, 0x0, 0x0, 0x0, 0x0,
    0x0, 0x0, 0x0, 0x0, 0x0, 0x0, 0x4, 0xff,
    0xff, 0xff, 0x90, 0x2c, 0xdd, 0xdf, 0xf8, 0x0,
    0x0, 0x6, 0xfd, 0x0, 0x0, 0x1, 0xff, 0x30,
    0x0, 0x0, 0xbf, 0x90, 0x0, 0x0, 0x6f, 0xd0,
    0x0, 0x0, 0x1e, 0xf4, 0x0, 0x0, 0xb, 0xf9,
    0x0, 0x0, 0x5, 0xff, 0xdd, 0xdd, 0xb0, 0x6f,
    0xff, 0xff, 0xfe, 0x0
};


/*---------------------
 *  GLYPH DESCRIPTION
 *--------------------*/

static const lv_font_fmt_txt_glyph_dsc_t glyph_dsc[] = {
    {.bitmap_index = 0, .adv_w = 0, .box_w = 0, .box_h = 0, .ofs_x = 0, .ofs_y = 0} /* id = 0 reserved */,
    {.bitmap_index = 0, .adv_w = 64, .box_w = 0, .box_h = 0, .ofs_x = 0, .ofs_y = 0},
    {.bitmap_index = 0, .adv_w = 68, .box_w = 4, .box_h = 15, .ofs_x = 0, .ofs_y = 0},
    {.bitmap_index = 30, .adv_w = 93, .box_w = 6, .box_h = 5, .ofs_x = 0, .ofs_y = 11},
    {.bitmap_index = 45, .adv_w = 207, .box_w = 13, .box_h = 14, .ofs_x = 0, .ofs_y = 1},
    {.bitmap_index = 136, .adv_w = 165, .box_w = 10, .box_h = 18, .ofs_x = 0, .ofs_y = -2},
    {.bitmap_index = 226, .adv_w = 250, .box_w = 15, .box_h = 17, .ofs_x = 0, .ofs_y = -1},
    {.bitmap_index = 354, .adv_w = 202, .box_w = 13, .box_h = 16, .ofs_x = 0, .ofs_y = 0},
    {.bitmap_index = 458, .adv_w = 47, .box_w = 3, .box_h = 5, .ofs_x = 0, .ofs_y = 11},
    {.bitmap_index = 466, .adv_w = 104, .box_w = 6, .box_h = 16, .ofs_x = 1, .ofs_y = 0},
    {.bitmap_index = 514, .adv_w = 104, .box_w = 6, .box_h = 16, .ofs_x = 0, .ofs_y = 0},
    {.bitmap_index = 562, .adv_w = 147, .box_w = 9, .box_h = 8, .ofs_x = 0, .ofs_y = 7},
    {.bitmap_index = 598, .adv_w = 142, .box_w = 9, .box_h = 9, .ofs_x = 0, .ofs_y = 1},
    {.bitmap_index = 639, .adv_w = 59, .box_w = 4, .box_h = 5, .ofs_x = 0, .ofs_y = -2},
    {.bitmap_index = 649, .adv_w = 130, .box_w = 8, .box_h = 2, .ofs_x = 0, .ofs_y = 4},
    {.bitmap_index = 657, .adv_w = 59, .box_w = 4, .box_h = 3, .ofs_x = 0, .ofs_y = 0},
    {.bitmap_index = 663, .adv_w = 154, .box_w = 10, .box_h = 17, .ofs_x = 0, .ofs_y = -1},
    {.bitmap_index = 748, .adv_w = 176, .box_w = 9, .box_h = 15, .ofs_x = 1, .ofs_y = 0},
    {.bitmap_index = 816, .adv_w = 85, .box_w = 5, .box_h = 15, .ofs_x = 0, .ofs_y = 0},
    {.bitmap_index = 854, .adv_w = 158, .box_w = 10, .box_h = 15, .ofs_x = 0, .ofs_y = 0},
    {.bitmap_index = 929, .adv_w = 163, .box_w = 10, .box_h = 15, .ofs_x = 0, .ofs_y = 0},
    {.bitmap_index = 1004, .adv_w = 154, .box_w = 10, .box_h = 15, .ofs_x = 0, .ofs_y = 0},
    {.bitmap_index = 1079, .adv_w = 158, .box_w = 10, .box_h = 15, .ofs_x = 0, .ofs_y = 0},
    {.bitmap_index = 1154, .adv_w = 172, .box_w = 9, .box_h = 15, .ofs_x = 1, .ofs_y = 0},
    {.bitmap_index = 1222, .adv_w = 155, .box_w = 10, .box_h = 15, .ofs_x = 0, .ofs_y = 0},
    {.bitmap_index = 1297, .adv_w = 167, .box_w = 10, .box_h = 15, .ofs_x = 0, .ofs_y = 0},
    {.bitmap_index = 1372, .adv_w = 172, .box_w = 10, .box_h = 15, .ofs_x = 0, .ofs_y = 0},
    {.bitmap_index = 1447, .adv_w = 68, .box_w = 4, .box_h = 9, .ofs_x = 0, .ofs_y = 0},
    {.bitmap_index = 1465, .adv_w = 68, .box_w = 4, .box_h = 11, .ofs_x = 0, .ofs_y = -2},
    {.bitmap_index = 1487, .adv_w = 132, .box_w = 8, .box_h = 10, .ofs_x = 0, .ofs_y = 0},
    {.bitmap_index = 1527, .adv_w = 141, .box_w = 7, .box_h = 6, .ofs_x = 1, .ofs_y = 3},
    {.bitmap_index = 1548, .adv_w = 132, .box_w = 8, .box_h = 10, .ofs_x = 0, .ofs_y = 0},
    {.bitmap_index = 1588, .adv_w = 136, .box_w = 8, .box_h = 15, .ofs_x = 0, .ofs_y = 0},
    {.bitmap_index = 1648, .adv_w = 235, .box_w = 14, .box_h = 16, .ofs_x = 0, .ofs_y = -4},
    {.bitmap_index = 1760, .adv_w = 180, .box_w = 11, .box_h = 15, .ofs_x = 0, .ofs_y = 0},
    {.bitmap_index = 1843, .adv_w = 177, .box_w = 10, .box_h = 15, .ofs_x = 1, .ofs_y = 0},
    {.bitmap_index = 1918, .adv_w = 173, .box_w = 10, .box_h = 15, .ofs_x = 1, .ofs_y = 0},
    {.bitmap_index = 1993, .adv_w = 183, .box_w = 10, .box_h = 15, .ofs_x = 1, .ofs_y = 0},
    {.bitmap_index = 2068, .adv_w = 167, .box_w = 10, .box_h = 15, .ofs_x = 1, .ofs_y = 0},
    {.bitmap_index = 2143, .adv_w = 161, .box_w = 9, .box_h = 15, .ofs_x = 1, .ofs_y = 0},
    {.bitmap_index = 2211, .adv_w = 178, .box_w = 10, .box_h = 15, .ofs_x = 1, .ofs_y = 0},
    {.bitmap_index = 2286, .adv_w = 190, .box_w = 10, .box_h = 15, .ofs_x = 1, .ofs_y = 0},
    {.bitmap_index = 2361, .adv_w = 76, .box_w = 3, .box_h = 15, .ofs_x = 1, .ofs_y = 0},
    {.bitmap_index = 2384, .adv_w = 168, .box_w = 10, .box_h = 15, .ofs_x = 0, .ofs_y = 0},
    {.bitmap_index = 2459, .adv_w = 173, .box_w = 10, .box_h = 15, .ofs_x = 1, .ofs_y = 0},
    {.bitmap_index = 2534, .adv_w = 152, .box_w = 9, .box_h = 15, .ofs_x = 1, .ofs_y = 0},
    {.bitmap_index = 2602, .adv_w = 220, .box_w = 12, .box_h = 15, .ofs_x = 1, .ofs_y = 0},
    {.bitmap_index = 2692, .adv_w = 190, .box_w = 10, .box_h = 15, .ofs_x = 1, .ofs_y = 0},
    {.bitmap_index = 2767, .adv_w = 181, .box_w = 10, .box_h = 15, .ofs_x = 1, .ofs_y = 0},
    {.bitmap_index = 2842, .adv_w = 175, .box_w = 10, .box_h = 15, .ofs_x = 1, .ofs_y = 0},
    {.bitmap_index = 2917, .adv_w = 181, .box_w = 10, .box_h = 18, .ofs_x = 1, .ofs_y = -3},
    {.bitmap_index = 3007, .adv_w = 177, .box_w = 10, .box_h = 15, .ofs_x = 1, .ofs_y = 0},
    {.bitmap_index = 3082, .adv_w = 164, .box_w = 10, .box_h = 15, .ofs_x = 0, .ofs_y = 0},
    {.bitmap_index = 3157, .adv_w = 162, .box_w = 10, .box_h = 15, .ofs_x = 0, .ofs_y = 0},
    {.bitmap_index = 3232, .adv_w = 186, .box_w = 10, .box_h = 15, .ofs_x = 1, .ofs_y = 0},
    {.bitmap_index = 3307, .adv_w = 179, .box_w = 11, .box_h = 15, .ofs_x = 0, .ofs_y = 0},
    {.bitmap_index = 3390, .adv_w = 270, .box_w = 17, .box_h = 15, .ofs_x = 0, .ofs_y = 0},
    {.bitmap_index = 3518, .adv_w = 170, .box_w = 11, .box_h = 15, .ofs_x = 0, .ofs_y = 0},
    {.bitmap_index = 3601, .adv_w = 178, .box_w = 11, .box_h = 15, .ofs_x = 0, .ofs_y = 0},
    {.bitmap_index = 3684, .adv_w = 162, .box_w = 10, .box_h = 15, .ofs_x = 0, .ofs_y = 0},
    {.bitmap_index = 3759, .adv_w = 104, .box_w = 6, .box_h = 16, .ofs_x = 1, .ofs_y = 0},
    {.bitmap_index = 3807, .adv_w = 117, .box_w = 7, .box_h = 16, .ofs_x = 0, .ofs_y = 0},
    {.bitmap_index = 3863, .adv_w = 104, .box_w = 6, .box_h = 16, .ofs_x = 0, .ofs_y = 0},
    {.bitmap_index = 3911, .adv_w = 89, .box_w = 6, .box_h = 3, .ofs_x = 0, .ofs_y = 12},
    {.bitmap_index = 3920, .adv_w = 103, .box_w = 9, .box_h = 2, .ofs_x = -1, .ofs_y = -2},
    {.bitmap_index = 3929, .adv_w = 59, .box_w = 4, .box_h = 3, .ofs_x = 0, .ofs_y = 12},
    {.bitmap_index = 3935, .adv_w = 147, .box_w = 9, .box_h = 10, .ofs_x = 0, .ofs_y = 0},
    {.bitmap_index = 3980, .adv_w = 162, .box_w = 9, .box_h = 16, .ofs_x = 1, .ofs_y = 0},
    {.bitmap_index = 4052, .adv_w = 136, .box_w = 9, .box_h = 10, .ofs_x = 0, .ofs_y = 0},
    {.bitmap_index = 4097, .adv_w = 162, .box_w = 9, .box_h = 16, .ofs_x = 0, .ofs_y = 0},
    {.bitmap_index = 4169, .adv_w = 152, .box_w = 9, .box_h = 10, .ofs_x = 0, .ofs_y = 0},
    {.bitmap_index = 4214, .adv_w = 105, .box_w = 6, .box_h = 16, .ofs_x = 1, .ofs_y = 0},
    {.bitmap_index = 4262, .adv_w = 149, .box_w = 10, .box_h = 16, .ofs_x = 0, .ofs_y = -5},
    {.bitmap_index = 4342, .adv_w = 164, .box_w = 9, .box_h = 16, .ofs_x = 1, .ofs_y = 0},
    {.bitmap_index = 4414, .adv_w = 68, .box_w = 4, .box_h = 15, .ofs_x = 0, .ofs_y = 0},
    {.bitmap_index = 4444, .adv_w = 69, .box_w = 5, .box_h = 20, .ofs_x = -1, .ofs_y = -5},
    {.bitmap_index = 4494, .adv_w = 153, .box_w = 9, .box_h = 16, .ofs_x = 1, .ofs_y = 0},
    {.bitmap_index = 4566, .adv_w = 74, .box_w = 3, .box_h = 16, .ofs_x = 1, .ofs_y = 0},
    {.bitmap_index = 4590, .adv_w = 254, .box_w = 14, .box_h = 10, .ofs_x = 1, .ofs_y = 0},
    {.bitmap_index = 4660, .adv_w = 164, .box_w = 9, .box_h = 10, .ofs_x = 1, .ofs_y = 0},
    {.bitmap_index = 4705, .adv_w = 156, .box_w = 9, .box_h = 10, .ofs_x = 0, .ofs_y = 0},
    {.bitmap_index = 4750, .adv_w = 162, .box_w = 9, .box_h = 15, .ofs_x = 1, .ofs_y = -5},
    {.bitmap_index = 4818, .adv_w = 162, .box_w = 9, .box_h = 15, .ofs_x = 0, .ofs_y = -5},
    {.bitmap_index = 4886, .adv_w = 115, .box_w = 7, .box_h = 10, .ofs_x = 1, .ofs_y = 0},
    {.bitmap_index = 4921, .adv_w = 130, .box_w = 8, .box_h = 10, .ofs_x = 0, .ofs_y = 0},
    {.bitmap_index = 4961, .adv_w = 104, .box_w = 6, .box_h = 15, .ofs_x = 1, .ofs_y = 0},
    {.bitmap_index = 5006, .adv_w = 164, .box_w = 9, .box_h = 10, .ofs_x = 1, .ofs_y = 0},
    {.bitmap_index = 5051, .adv_w = 146, .box_w = 9, .box_h = 10, .ofs_x = 0, .ofs_y = 0},
    {.bitmap_index = 5096, .adv_w = 218, .box_w = 14, .box_h = 10, .ofs_x = 0, .ofs_y = 0},
    {.bitmap_index = 5166, .adv_w = 143, .box_w = 9, .box_h = 10, .ofs_x = 0, .ofs_y = 0},
    {.bitmap_index = 5211, .adv_w = 145, .box_w = 9, .box_h = 15, .ofs_x = 0, .ofs_y = -5},
    {.bitmap_index = 5279, .adv_w = 135, .box_w = 9, .box_h = 10, .ofs_x = 0, .ofs_y = 0},
    {.bitmap_index = 5324, .adv_w = 109, .box_w = 7, .box_h = 16, .ofs_x = 0, .ofs_y = 0},
    {.bitmap_index = 5380, .adv_w = 72, .box_w = 3, .box_h = 16, .ofs_x = 1, .ofs_y = 0},
    {.bitmap_index = 5404, .adv_w = 109, .box_w = 7, .box_h = 16, .ofs_x = 0, .ofs_y = 0},
    {.bitmap_index = 5460, .adv_w = 130, .box_w = 8, .box_h = 2, .ofs_x = 0, .ofs_y = 4},
    {.bitmap_index = 5468, .adv_w = 64, .box_w = 0, .box_h = 0, .ofs_x = 0, .ofs_y = 0},
    {.bitmap_index = 5468, .adv_w = 68, .box_w = 4, .box_h = 15, .ofs_x = 0, .ofs_y = 0},
    {.bitmap_index = 5498, .adv_w = 138, .box_w = 8, .box_h = 14, .ofs_x = 0, .ofs_y = 1},
    {.bitmap_index = 5554, .adv_w = 167, .box_w = 10, .box_h = 16, .ofs_x = 0, .ofs_y = 0},
    {.bitmap_index = 5634, .adv_w = 147, .box_w = 8, .box_h = 9, .ofs_x = 1, .ofs_y = 5},
    {.bitmap_index = 5670, .adv_w = 173, .box_w = 11, .box_h = 15, .ofs_x = 0, .ofs_y = 0},
    {.bitmap_index = 5753, .adv_w = 72, .box_w = 3, .box_h = 16, .ofs_x = 1, .ofs_y = 0},
    {.bitmap_index = 5777, .adv_w = 152, .box_w = 9, .box_h = 17, .ofs_x = 0, .ofs_y = -2},
    {.bitmap_index = 5854, .adv_w = 74, .box_w = 5, .box_h = 2, .ofs_x = 0, .ofs_y = 12},
    {.bitmap_index = 5859, .adv_w = 224, .box_w = 14, .box_h = 14, .ofs_x = 0, .ofs_y = 0},
    {.bitmap_index = 5957, .adv_w = 104, .box_w = 6, .box_h = 7, .ofs_x = 0, .ofs_y = 8},
    {.bitmap_index = 5978, .adv_w = 148, .box_w = 9, .box_h = 9, .ofs_x = 0, .ofs_y = 1},
    {.bitmap_index = 6019, .adv_w = 158, .box_w = 9, .box_h = 5, .ofs_x = 0, .ofs_y = 3},
    {.bitmap_index = 6042, .adv_w = 149, .box_w = 9, .box_h = 2, .ofs_x = 0, .ofs_y = 4},
    {.bitmap_index = 6051, .adv_w = 224, .box_w = 14, .box_h = 14, .ofs_x = 0, .ofs_y = 0},
    {.bitmap_index = 6149, .adv_w = 0, .box_w = 6, .box_h = 2, .ofs_x = 0, .ofs_y = 13},
    {.bitmap_index = 6155, .adv_w = 130, .box_w = 8, .box_h = 9, .ofs_x = 0, .ofs_y = 8},
    {.bitmap_index = 6191, .adv_w = 152, .box_w = 9, .box_h = 11, .ofs_x = 0, .ofs_y = 1},
    {.bitmap_index = 6241, .adv_w = 101, .box_w = 6, .box_h = 8, .ofs_x = 0, .ofs_y = 7},
    {.bitmap_index = 6265, .adv_w = 104, .box_w = 6, .box_h = 8, .ofs_x = 0, .ofs_y = 7},
    {.bitmap_index = 6289, .adv_w = 59, .box_w = 4, .box_h = 3, .ofs_x = 0, .ofs_y = 12},
    {.bitmap_index = 6295, .adv_w = 162, .box_w = 9, .box_h = 15, .ofs_x = 1, .ofs_y = -5},
    {.bitmap_index = 6363, .adv_w = 175, .box_w = 10, .box_h = 15, .ofs_x = 0, .ofs_y = 0},
    {.bitmap_index = 6438, .adv_w = 63, .box_w = 4, .box_h = 3, .ofs_x = 0, .ofs_y = 5},
    {.bitmap_index = 6444, .adv_w = 58, .box_w = 4, .box_h = 5, .ofs_x = 0, .ofs_y = -4},
    {.bitmap_index = 6454, .adv_w = 59, .box_w = 3, .box_h = 8, .ofs_x = 0, .ofs_y = 7},
    {.bitmap_index = 6466, .adv_w = 108, .box_w = 7, .box_h = 7, .ofs_x = 0, .ofs_y = 8},
    {.bitmap_index = 6491, .adv_w = 148, .box_w = 9, .box_h = 9, .ofs_x = 0, .ofs_y = 1},
    {.bitmap_index = 6532, .adv_w = 211, .box_w = 13, .box_h = 17, .ofs_x = 0, .ofs_y = -1},
    {.bitmap_index = 6643, .adv_w = 214, .box_w = 13, .box_h = 17, .ofs_x = 0, .ofs_y = -1},
    {.bitmap_index = 6754, .adv_w = 255, .box_w = 16, .box_h = 17, .ofs_x = 0, .ofs_y = -1},
    {.bitmap_index = 6890, .adv_w = 135, .box_w = 9, .box_h = 15, .ofs_x = 0, .ofs_y = 0},
    {.bitmap_index = 6958, .adv_w = 180, .box_w = 11, .box_h = 20, .ofs_x = 0, .ofs_y = 0},
    {.bitmap_index = 7068, .adv_w = 180, .box_w = 11, .box_h = 20, .ofs_x = 0, .ofs_y = 0},
    {.bitmap_index = 7178, .adv_w = 180, .box_w = 11, .box_h = 20, .ofs_x = 0, .ofs_y = 0},
    {.bitmap_index = 7288, .adv_w = 180, .box_w = 11, .box_h = 20, .ofs_x = 0, .ofs_y = 0},
    {.bitmap_index = 7398, .adv_w = 180, .box_w = 11, .box_h = 19, .ofs_x = 0, .ofs_y = 0},
    {.bitmap_index = 7503, .adv_w = 180, .box_w = 11, .box_h = 21, .ofs_x = 0, .ofs_y = 0},
    {.bitmap_index = 7619, .adv_w = 243, .box_w = 14, .box_h = 15, .ofs_x = 1, .ofs_y = 0},
    {.bitmap_index = 7724, .adv_w = 173, .box_w = 10, .box_h = 20, .ofs_x = 1, .ofs_y = -5},
    {.bitmap_index = 7824, .adv_w = 167, .box_w = 10, .box_h = 20, .ofs_x = 1, .ofs_y = 0},
    {.bitmap_index = 7924, .adv_w = 167, .box_w = 10, .box_h = 20, .ofs_x = 1, .ofs_y = 0},
    {.bitmap_index = 8024, .adv_w = 167, .box_w = 10, .box_h = 20, .ofs_x = 1, .ofs_y = 0},
    {.bitmap_index = 8124, .adv_w = 167, .box_w = 10, .box_h = 19, .ofs_x = 1, .ofs_y = 0},
    {.bitmap_index = 8219, .adv_w = 76, .box_w = 4, .box_h = 20, .ofs_x = 0, .ofs_y = 0},
    {.bitmap_index = 8259, .adv_w = 76, .box_w = 5, .box_h = 20, .ofs_x = 0, .ofs_y = 0},
    {.bitmap_index = 8309, .adv_w = 76, .box_w = 7, .box_h = 20, .ofs_x = -1, .ofs_y = 0},
    {.bitmap_index = 8379, .adv_w = 76, .box_w = 5, .box_h = 19, .ofs_x = 0, .ofs_y = 0},
    {.bitmap_index = 8427, .adv_w = 186, .box_w = 12, .box_h = 15, .ofs_x = -1, .ofs_y = 0},
    {.bitmap_index = 8517, .adv_w = 190, .box_w = 10, .box_h = 20, .ofs_x = 1, .ofs_y = 0},
    {.bitmap_index = 8617, .adv_w = 181, .box_w = 10, .box_h = 20, .ofs_x = 1, .ofs_y = 0},
    {.bitmap_index = 8717, .adv_w = 181, .box_w = 10, .box_h = 20, .ofs_x = 1, .ofs_y = 0},
    {.bitmap_index = 8817, .adv_w = 181, .box_w = 10, .box_h = 20, .ofs_x = 1, .ofs_y = 0},
    {.bitmap_index = 8917, .adv_w = 181, .box_w = 10, .box_h = 20, .ofs_x = 1, .ofs_y = 0},
    {.bitmap_index = 9017, .adv_w = 181, .box_w = 10, .box_h = 19, .ofs_x = 1, .ofs_y = 0},
    {.bitmap_index = 9112, .adv_w = 129, .box_w = 8, .box_h = 7, .ofs_x = 0, .ofs_y = 3},
    {.bitmap_index = 9140, .adv_w = 181, .box_w = 10, .box_h = 17, .ofs_x = 1, .ofs_y = -1},
    {.bitmap_index = 9225, .adv_w = 186, .box_w = 10, .box_h = 20, .ofs_x = 1, .ofs_y = 0},
    {.bitmap_index = 9325, .adv_w = 186, .box_w = 10, .box_h = 20, .ofs_x = 1, .ofs_y = 0},
    {.bitmap_index = 9425, .adv_w = 186, .box_w = 10, .box_h = 20, .ofs_x = 1, .ofs_y = 0},
    {.bitmap_index = 9525, .adv_w = 186, .box_w = 10, .box_h = 19, .ofs_x = 1, .ofs_y = 0},
    {.bitmap_index = 9620, .adv_w = 178, .box_w = 11, .box_h = 20, .ofs_x = 0, .ofs_y = 0},
    {.bitmap_index = 9730, .adv_w = 163, .box_w = 9, .box_h = 15, .ofs_x = 1, .ofs_y = 0},
    {.bitmap_index = 9798, .adv_w = 186, .box_w = 11, .box_h = 16, .ofs_x = 0, .ofs_y = 0},
    {.bitmap_index = 9886, .adv_w = 147, .box_w = 9, .box_h = 15, .ofs_x = 0, .ofs_y = 0},
    {.bitmap_index = 9954, .adv_w = 147, .box_w = 9, .box_h = 15, .ofs_x = 0, .ofs_y = 0},
    {.bitmap_index = 10022, .adv_w = 147, .box_w = 9, .box_h = 15, .ofs_x = 0, .ofs_y = 0},
    {.bitmap_index = 10090, .adv_w = 147, .box_w = 9, .box_h = 15, .ofs_x = 0, .ofs_y = 0},
    {.bitmap_index = 10158, .adv_w = 147, .box_w = 9, .box_h = 14, .ofs_x = 0, .ofs_y = 0},
    {.bitmap_index = 10221, .adv_w = 147, .box_w = 9, .box_h = 16, .ofs_x = 0, .ofs_y = 0},
    {.bitmap_index = 10293, .adv_w = 237, .box_w = 15, .box_h = 10, .ofs_x = 0, .ofs_y = 0},
    {.bitmap_index = 10368, .adv_w = 136, .box_w = 9, .box_h = 15, .ofs_x = 0, .ofs_y = -5},
    {.bitmap_index = 10436, .adv_w = 152, .box_w = 9, .box_h = 15, .ofs_x = 0, .ofs_y = 0},
    {.bitmap_index = 10504, .adv_w = 152, .box_w = 9, .box_h = 15, .ofs_x = 0, .ofs_y = 0},
    {.bitmap_index = 10572, .adv_w = 152, .box_w = 9, .box_h = 15, .ofs_x = 0, .ofs_y = 0},
    {.bitmap_index = 10640, .adv_w = 152, .box_w = 9, .box_h = 14, .ofs_x = 0, .ofs_y = 0},
    {.bitmap_index = 10703, .adv_w = 68, .box_w = 5, .box_h = 15, .ofs_x = -1, .ofs_y = 0},
    {.bitmap_index = 10741, .adv_w = 68, .box_w = 5, .box_h = 15, .ofs_x = 0, .ofs_y = 0},
    {.bitmap_index = 10779, .adv_w = 68, .box_w = 6, .box_h = 15, .ofs_x = -1, .ofs_y = 0},
    {.bitmap_index = 10824, .adv_w = 68, .box_w = 6, .box_h = 14, .ofs_x = -1, .ofs_y = 0},
    {.bitmap_index = 10866, .adv_w = 160, .box_w = 10, .box_h = 16, .ofs_x = 0, .ofs_y = 0},
    {.bitmap_index = 10946, .adv_w = 164, .box_w = 9, .box_h = 15, .ofs_x = 1, .ofs_y = 0},
    {.bitmap_index = 11014, .adv_w = 156, .box_w = 9, .box_h = 15, .ofs_x = 0, .ofs_y = 0},
    {.bitmap_index = 11082, .adv_w = 156, .box_w = 9, .box_h = 15, .ofs_x = 0, .ofs_y = 0},
    {.bitmap_index = 11150, .adv_w = 156, .box_w = 9, .box_h = 15, .ofs_x = 0, .ofs_y = 0},
    {.bitmap_index = 11218, .adv_w = 156, .box_w = 9, .box_h = 15, .ofs_x = 0, .ofs_y = 0},
    {.bitmap_index = 11286, .adv_w = 156, .box_w = 9, .box_h = 14, .ofs_x = 0, .ofs_y = 0},
    {.bitmap_index = 11349, .adv_w = 147, .box_w = 9, .box_h = 10, .ofs_x = 0, .ofs_y = 1},
    {.bitmap_index = 11394, .adv_w = 156, .box_w = 9, .box_h = 12, .ofs_x = 0, .ofs_y = -1},
    {.bitmap_index = 11448, .adv_w = 164, .box_w = 9, .box_h = 15, .ofs_x = 1, .ofs_y = 0},
    {.bitmap_index = 11516, .adv_w = 164, .box_w = 9, .box_h = 15, .ofs_x = 1, .ofs_y = 0},
    {.bitmap_index = 11584, .adv_w = 164, .box_w = 9, .box_h = 15, .ofs_x = 1, .ofs_y = 0},
    {.bitmap_index = 11652, .adv_w = 164, .box_w = 9, .box_h = 14, .ofs_x = 1, .ofs_y = 0},
    {.bitmap_index = 11715, .adv_w = 145, .box_w = 9, .box_h = 20, .ofs_x = 0, .ofs_y = -5},
    {.bitmap_index = 11805, .adv_w = 162, .box_w = 9, .box_h = 21, .ofs_x = 1, .ofs_y = -5},
    {.bitmap_index = 11900, .adv_w = 145, .box_w = 9, .box_h = 19, .ofs_x = 0, .ofs_y = -5},
    {.bitmap_index = 11986, .adv_w = 180, .box_w = 11, .box_h = 20, .ofs_x = 0, .ofs_y = 0},
    {.bitmap_index = 12096, .adv_w = 147, .box_w = 9, .box_h = 15, .ofs_x = 0, .ofs_y = 0},
    {.bitmap_index = 12164, .adv_w = 180, .box_w = 11, .box_h = 20, .ofs_x = 0, .ofs_y = 0},
    {.bitmap_index = 12274, .adv_w = 147, .box_w = 9, .box_h = 15, .ofs_x = 0, .ofs_y = 0},
    {.bitmap_index = 12342, .adv_w = 180, .box_w = 11, .box_h = 20, .ofs_x = 0, .ofs_y = -5},
    {.bitmap_index = 12452, .adv_w = 147, .box_w = 9, .box_h = 15, .ofs_x = 0, .ofs_y = -5},
    {.bitmap_index = 12520, .adv_w = 173, .box_w = 10, .box_h = 20, .ofs_x = 1, .ofs_y = 0},
    {.bitmap_index = 12620, .adv_w = 136, .box_w = 9, .box_h = 15, .ofs_x = 0, .ofs_y = 0},
    {.bitmap_index = 12688, .adv_w = 173, .box_w = 10, .box_h = 20, .ofs_x = 1, .ofs_y = 0},
    {.bitmap_index = 12788, .adv_w = 136, .box_w = 9, .box_h = 15, .ofs_x = 0, .ofs_y = 0},
    {.bitmap_index = 12856, .adv_w = 173, .box_w = 10, .box_h = 19, .ofs_x = 1, .ofs_y = 0},
    {.bitmap_index = 12951, .adv_w = 136, .box_w = 9, .box_h = 14, .ofs_x = 0, .ofs_y = 0},
    {.bitmap_index = 13014, .adv_w = 173, .box_w = 10, .box_h = 21, .ofs_x = 1, .ofs_y = 0},
    {.bitmap_index = 13119, .adv_w = 136, .box_w = 9, .box_h = 15, .ofs_x = 0, .ofs_y = 0},
    {.bitmap_index = 13187, .adv_w = 183, .box_w = 10, .box_h = 21, .ofs_x = 1, .ofs_y = 0},
    {.bitmap_index = 13292, .adv_w = 162, .box_w = 13, .box_h = 16, .ofs_x = 0, .ofs_y = 0},
    {.bitmap_index = 13396, .adv_w = 186, .box_w = 12, .box_h = 15, .ofs_x = -1, .ofs_y = 0},
    {.bitmap_index = 13486, .adv_w = 162, .box_w = 11, .box_h = 16, .ofs_x = 0, .ofs_y = 0},
    {.bitmap_index = 13574, .adv_w = 167, .box_w = 10, .box_h = 20, .ofs_x = 1, .ofs_y = 0},
    {.bitmap_index = 13674, .adv_w = 152, .box_w = 9, .box_h = 15, .ofs_x = 0, .ofs_y = 0},
    {.bitmap_index = 13742, .adv_w = 167, .box_w = 10, .box_h = 20, .ofs_x = 1, .ofs_y = 0},
    {.bitmap_index = 13842, .adv_w = 152, .box_w = 9, .box_h = 15, .ofs_x = 0, .ofs_y = 0},
    {.bitmap_index = 13910, .adv_w = 167, .box_w = 10, .box_h = 19, .ofs_x = 1, .ofs_y = 0},
    {.bitmap_index = 14005, .adv_w = 152, .box_w = 9, .box_h = 14, .ofs_x = 0, .ofs_y = 0},
    {.bitmap_index = 14068, .adv_w = 167, .box_w = 10, .box_h = 20, .ofs_x = 1, .ofs_y = -5},
    {.bitmap_index = 14168, .adv_w = 152, .box_w = 9, .box_h = 14, .ofs_x = 0, .ofs_y = -4},
    {.bitmap_index = 14231, .adv_w = 167, .box_w = 10, .box_h = 21, .ofs_x = 1, .ofs_y = 0},
    {.bitmap_index = 14336, .adv_w = 152, .box_w = 9, .box_h = 15, .ofs_x = 0, .ofs_y = 0},
    {.bitmap_index = 14404, .adv_w = 178, .box_w = 10, .box_h = 20, .ofs_x = 1, .ofs_y = 0},
    {.bitmap_index = 14504, .adv_w = 149, .box_w = 10, .box_h = 20, .ofs_x = 0, .ofs_y = -5},
    {.bitmap_index = 14604, .adv_w = 178, .box_w = 10, .box_h = 21, .ofs_x = 1, .ofs_y = 0},
    {.bitmap_index = 14709, .adv_w = 149, .box_w = 10, .box_h = 20, .ofs_x = 0, .ofs_y = -5},
    {.bitmap_index = 14809, .adv_w = 178, .box_w = 10, .box_h = 19, .ofs_x = 1, .ofs_y = 0},
    {.bitmap_index = 14904, .adv_w = 149, .box_w = 10, .box_h = 19, .ofs_x = 0, .ofs_y = -5},
    {.bitmap_index = 14999, .adv_w = 178, .box_w = 10, .box_h = 19, .ofs_x = 1, .ofs_y = -4},
    {.bitmap_index = 15094, .adv_w = 149, .box_w = 10, .box_h = 20, .ofs_x = 0, .ofs_y = -5},
    {.bitmap_index = 15194, .adv_w = 190, .box_w = 10, .box_h = 20, .ofs_x = 1, .ofs_y = 0},
    {.bitmap_index = 15294, .adv_w = 164, .box_w = 11, .box_h = 21, .ofs_x = -1, .ofs_y = 0},
    {.bitmap_index = 15410, .adv_w = 191, .box_w = 12, .box_h = 15, .ofs_x = 0, .ofs_y = 0},
    {.bitmap_index = 15500, .adv_w = 164, .box_w = 11, .box_h = 16, .ofs_x = -1, .ofs_y = 0},
    {.bitmap_index = 15588, .adv_w = 76, .box_w = 7, .box_h = 20, .ofs_x = -1, .ofs_y = 0},
    {.bitmap_index = 15658, .adv_w = 68, .box_w = 8, .box_h = 15, .ofs_x = -2, .ofs_y = 0},
    {.bitmap_index = 15718, .adv_w = 76, .box_w = 7, .box_h = 20, .ofs_x = -1, .ofs_y = 0},
    {.bitmap_index = 15788, .adv_w = 68, .box_w = 6, .box_h = 15, .ofs_x = -1, .ofs_y = 0},
    {.bitmap_index = 15833, .adv_w = 76, .box_w = 6, .box_h = 20, .ofs_x = -1, .ofs_y = 0},
    {.bitmap_index = 15893, .adv_w = 68, .box_w = 6, .box_h = 15, .ofs_x = -1, .ofs_y = 0},
    {.bitmap_index = 15938, .adv_w = 76, .box_w = 4, .box_h = 20, .ofs_x = 0, .ofs_y = -5},
    {.bitmap_index = 15978, .adv_w = 68, .box_w = 4, .box_h = 18, .ofs_x = 0, .ofs_y = -5},
    {.bitmap_index = 16014, .adv_w = 76, .box_w = 3, .box_h = 19, .ofs_x = 1, .ofs_y = 0},
    {.bitmap_index = 16043, .adv_w = 68, .box_w = 3, .box_h = 10, .ofs_x = 1, .ofs_y = 0},
    {.bitmap_index = 16058, .adv_w = 245, .box_w = 14, .box_h = 15, .ofs_x = 1, .ofs_y = 0},
    {.bitmap_index = 16163, .adv_w = 132, .box_w = 8, .box_h = 20, .ofs_x = 0, .ofs_y = -5},
    {.bitmap_index = 16243, .adv_w = 168, .box_w = 10, .box_h = 20, .ofs_x = 0, .ofs_y = 0},
    {.bitmap_index = 16343, .adv_w = 69, .box_w = 6, .box_h = 20, .ofs_x = -1, .ofs_y = -5},
    {.bitmap_index = 16403, .adv_w = 173, .box_w = 10, .box_h = 19, .ofs_x = 1, .ofs_y = -4},
    {.bitmap_index = 16498, .adv_w = 153, .box_w = 9, .box_h = 20, .ofs_x = 1, .ofs_y = -4},
    {.bitmap_index = 16588, .adv_w = 153, .box_w = 9, .box_h = 10, .ofs_x = 1, .ofs_y = 0},
    {.bitmap_index = 16633, .adv_w = 152, .box_w = 9, .box_h = 20, .ofs_x = 1, .ofs_y = 0},
    {.bitmap_index = 16723, .adv_w = 74, .box_w = 5, .box_h = 20, .ofs_x = 0, .ofs_y = 0},
    {.bitmap_index = 16773, .adv_w = 152, .box_w = 9, .box_h = 19, .ofs_x = 1, .ofs_y = -4},
    {.bitmap_index = 16859, .adv_w = 74, .box_w = 5, .box_h = 20, .ofs_x = 0, .ofs_y = -4},
    {.bitmap_index = 16909, .adv_w = 153, .box_w = 9, .box_h = 15, .ofs_x = 1, .ofs_y = 0},
    {.bitmap_index = 16977, .adv_w = 74, .box_w = 6, .box_h = 16, .ofs_x = 1, .ofs_y = 0},
    {.bitmap_index = 17025, .adv_w = 152, .box_w = 9, .box_h = 15, .ofs_x = 1, .ofs_y = 0},
    {.bitmap_index = 17093, .adv_w = 111, .box_w = 6, .box_h = 16, .ofs_x = 1, .ofs_y = 0},
    {.bitmap_index = 17141, .adv_w = 154, .box_w = 11, .box_h = 15, .ofs_x = -1, .ofs_y = 0},
    {.bitmap_index = 17224, .adv_w = 102, .box_w = 7, .box_h = 16, .ofs_x = 0, .ofs_y = 0},
    {.bitmap_index = 17280, .adv_w = 190, .box_w = 10, .box_h = 20, .ofs_x = 1, .ofs_y = 0},
    {.bitmap_index = 17380, .adv_w = 164, .box_w = 9, .box_h = 15, .ofs_x = 1, .ofs_y = 0},
    {.bitmap_index = 17448, .adv_w = 190, .box_w = 10, .box_h = 19, .ofs_x = 1, .ofs_y = -4},
    {.bitmap_index = 17543, .adv_w = 164, .box_w = 9, .box_h = 14, .ofs_x = 1, .ofs_y = -4},
    {.bitmap_index = 17606, .adv_w = 190, .box_w = 10, .box_h = 21, .ofs_x = 1, .ofs_y = 0},
    {.bitmap_index = 17711, .adv_w = 164, .box_w = 9, .box_h = 15, .ofs_x = 1, .ofs_y = 0},
    {.bitmap_index = 17779, .adv_w = 190, .box_w = 10, .box_h = 20, .ofs_x = 1, .ofs_y = -5},
    {.bitmap_index = 17879, .adv_w = 164, .box_w = 9, .box_h = 15, .ofs_x = 1, .ofs_y = -5},
    {.bitmap_index = 17947, .adv_w = 181, .box_w = 10, .box_h = 20, .ofs_x = 1, .ofs_y = 0},
    {.bitmap_index = 18047, .adv_w = 156, .box_w = 9, .box_h = 15, .ofs_x = 0, .ofs_y = 0},
    {.bitmap_index = 18115, .adv_w = 181, .box_w = 10, .box_h = 21, .ofs_x = 1, .ofs_y = 0},
    {.bitmap_index = 18220, .adv_w = 156, .box_w = 9, .box_h = 15, .ofs_x = 0, .ofs_y = 0},
    {.bitmap_index = 18288, .adv_w = 181, .box_w = 10, .box_h = 21, .ofs_x = 1, .ofs_y = 0},
    {.bitmap_index = 18393, .adv_w = 156, .box_w = 9, .box_h = 15, .ofs_x = 0, .ofs_y = 0},
    {.bitmap_index = 18461, .adv_w = 267, .box_w = 16, .box_h = 15, .ofs_x = 1, .ofs_y = 0},
    {.bitmap_index = 18581, .adv_w = 251, .box_w = 16, .box_h = 10, .ofs_x = 0, .ofs_y = 0},
    {.bitmap_index = 18661, .adv_w = 177, .box_w = 10, .box_h = 20, .ofs_x = 1, .ofs_y = 0},
    {.bitmap_index = 18761, .adv_w = 115, .box_w = 7, .box_h = 15, .ofs_x = 1, .ofs_y = 0},
    {.bitmap_index = 18814, .adv_w = 177, .box_w = 10, .box_h = 19, .ofs_x = 1, .ofs_y = -4},
    {.bitmap_index = 18909, .adv_w = 115, .box_w = 8, .box_h = 14, .ofs_x = 0, .ofs_y = -4},
    {.bitmap_index = 18965, .adv_w = 177, .box_w = 10, .box_h = 21, .ofs_x = 1, .ofs_y = 0},
    {.bitmap_index = 19070, .adv_w = 115, .box_w = 7, .box_h = 15, .ofs_x = 1, .ofs_y = 0},
    {.bitmap_index = 19123, .adv_w = 164, .box_w = 10, .box_h = 20, .ofs_x = 0, .ofs_y = 0},
    {.bitmap_index = 19223, .adv_w = 130, .box_w = 8, .box_h = 15, .ofs_x = 0, .ofs_y = 0},
    {.bitmap_index = 19283, .adv_w = 164, .box_w = 10, .box_h = 20, .ofs_x = 0, .ofs_y = 0},
    {.bitmap_index = 19383, .adv_w = 130, .box_w = 8, .box_h = 15, .ofs_x = 0, .ofs_y = 0},
    {.bitmap_index = 19443, .adv_w = 164, .box_w = 10, .box_h = 20, .ofs_x = 0, .ofs_y = -5},
    {.bitmap_index = 19543, .adv_w = 130, .box_w = 8, .box_h = 15, .ofs_x = 0, .ofs_y = -5},
    {.bitmap_index = 19603, .adv_w = 164, .box_w = 10, .box_h = 21, .ofs_x = 0, .ofs_y = 0},
    {.bitmap_index = 19708, .adv_w = 130, .box_w = 8, .box_h = 15, .ofs_x = 0, .ofs_y = 0},
    {.bitmap_index = 19768, .adv_w = 162, .box_w = 10, .box_h = 19, .ofs_x = 0, .ofs_y = -4},
    {.bitmap_index = 19863, .adv_w = 104, .box_w = 6, .box_h = 19, .ofs_x = 1, .ofs_y = -4},
    {.bitmap_index = 19920, .adv_w = 162, .box_w = 10, .box_h = 21, .ofs_x = 0, .ofs_y = 0},
    {.bitmap_index = 20025, .adv_w = 104, .box_w = 6, .box_h = 16, .ofs_x = 1, .ofs_y = 0},
    {.bitmap_index = 20073, .adv_w = 162, .box_w = 10, .box_h = 15, .ofs_x = 0, .ofs_y = 0},
    {.bitmap_index = 20148, .adv_w = 105, .box_w = 6, .box_h = 15, .ofs_x = 1, .ofs_y = 0},
    {.bitmap_index = 20193, .adv_w = 186, .box_w = 10, .box_h = 20, .ofs_x = 1, .ofs_y = 0},
    {.bitmap_index = 20293, .adv_w = 164, .box_w = 9, .box_h = 15, .ofs_x = 1, .ofs_y = 0},
    {.bitmap_index = 20361, .adv_w = 186, .box_w = 10, .box_h = 20, .ofs_x = 1, .ofs_y = 0},
    {.bitmap_index = 20461, .adv_w = 164, .box_w = 9, .box_h = 15, .ofs_x = 1, .ofs_y = 0},
    {.bitmap_index = 20529, .adv_w = 186, .box_w = 10, .box_h = 21, .ofs_x = 1, .ofs_y = 0},
    {.bitmap_index = 20634, .adv_w = 164, .box_w = 9, .box_h = 15, .ofs_x = 1, .ofs_y = 0},
    {.bitmap_index = 20702, .adv_w = 186, .box_w = 10, .box_h = 21, .ofs_x = 1, .ofs_y = 0},
    {.bitmap_index = 20807, .adv_w = 164, .box_w = 9, .box_h = 16, .ofs_x = 1, .ofs_y = 0},
    {.bitmap_index = 20879, .adv_w = 186, .box_w = 10, .box_h = 21, .ofs_x = 1, .ofs_y = 0},
    {.bitmap_index = 20984, .adv_w = 164, .box_w = 9, .box_h = 15, .ofs_x = 1, .ofs_y = 0},
    {.bitmap_index = 21052, .adv_w = 186, .box_w = 10, .box_h = 20, .ofs_x = 1, .ofs_y = -5},
    {.bitmap_index = 21152, .adv_w = 164, .box_w = 9, .box_h = 15, .ofs_x = 1, .ofs_y = -5},
    {.bitmap_index = 21220, .adv_w = 270, .box_w = 17, .box_h = 20, .ofs_x = 0, .ofs_y = 0},
    {.bitmap_index = 21390, .adv_w = 218, .box_w = 14, .box_h = 15, .ofs_x = 0, .ofs_y = 0},
    {.bitmap_index = 21495, .adv_w = 178, .box_w = 11, .box_h = 20, .ofs_x = 0, .ofs_y = 0},
    {.bitmap_index = 21605, .adv_w = 145, .box_w = 9, .box_h = 20, .ofs_x = 0, .ofs_y = -5},
    {.bitmap_index = 21695, .adv_w = 178, .box_w = 11, .box_h = 19, .ofs_x = 0, .ofs_y = 0},
    {.bitmap_index = 21800, .adv_w = 162, .box_w = 10, .box_h = 20, .ofs_x = 0, .ofs_y = 0},
    {.bitmap_index = 21900, .adv_w = 135, .box_w = 9, .box_h = 15, .ofs_x = 0, .ofs_y = 0},
    {.bitmap_index = 21968, .adv_w = 162, .box_w = 10, .box_h = 19, .ofs_x = 0, .ofs_y = 0},
    {.bitmap_index = 22063, .adv_w = 135, .box_w = 9, .box_h = 14, .ofs_x = 0, .ofs_y = 0},
    {.bitmap_index = 22126, .adv_w = 162, .box_w = 10, .box_h = 21, .ofs_x = 0, .ofs_y = 0},
    {.bitmap_index = 22231, .adv_w = 135, .box_w = 9, .box_h = 15, .ofs_x = 0, .ofs_y = 0}
};

/*---------------------
 *  CHARACTER MAPPING
 *--------------------*/



/*Collect the unicode lists and glyph_id offsets*/
static const lv_font_fmt_txt_cmap_t cmaps[] =
{
    {
        .range_start = 32, .range_length = 95, .glyph_id_start = 1,
        .unicode_list = NULL, .glyph_id_ofs_list = NULL, .list_length = 0, .type = LV_FONT_FMT_TXT_CMAP_FORMAT0_TINY
    },
    {
        .range_start = 160, .range_length = 169, .glyph_id_start = 96,
        .unicode_list = NULL, .glyph_id_ofs_list = NULL, .list_length = 0, .type = LV_FONT_FMT_TXT_CMAP_FORMAT0_TINY
    },
    {
        .range_start = 330, .range_length = 53, .glyph_id_start = 265,
        .unicode_list = NULL, .glyph_id_ofs_list = NULL, .list_length = 0, .type = LV_FONT_FMT_TXT_CMAP_FORMAT0_TINY
    }
};

/*-----------------
 *    KERNING
 *----------------*/


/*Map glyph_ids to kern left classes*/
static const uint8_t kern_left_class_mapping[] =
{
    0, 0, 0, 1, 2, 0, 0, 3,
    4, 5, 6, 7, 8, 9, 10, 9,
    11, 12, 0, 13, 14, 15, 16, 17,
    18, 19, 20, 21, 21, 0, 22, 0,
    0, 23, 24, 25, 26, 27, 28, 29,
    30, 31, 31, 32, 33, 34, 31, 31,
    27, 35, 27, 36, 37, 38, 32, 39,
    40, 41, 42, 43, 44, 45, 0, 0,
    0, 0, 46, 47, 48, 49, 50, 51,
    52, 53, 54, 54, 55, 56, 53, 53,
    47, 47, 57, 58, 59, 60, 61, 62,
    63, 64, 65, 66, 67, 68, 69, 0,
    0, 70, 0, 71, 0, 0, 0, 0,
    0, 0, 0, 72, 0, 10, 73, 0,
    74, 0, 0, 0, 0, 0, 0, 75,
    0, 0, 0, 76, 0, 0, 0, 77,
    24, 24, 24, 24, 24, 24, 28, 26,
    28, 28, 28, 28, 31, 31, 31, 31,
    27, 31, 27, 27, 27, 27, 27, 0,
    27, 32, 32, 32, 32, 42, 78, 79,
    46, 46, 46, 46, 46, 46, 50, 48,
    50, 50, 50, 50, 54, 80, 81, 82,
    83, 53, 47, 47, 47, 47, 47, 0,
    47, 61, 61, 61, 61, 65, 47, 65,
    24, 46, 24, 46, 24, 46, 26, 48,
    26, 48, 26, 48, 26, 48, 27, 84,
    27, 85, 28, 50, 28, 50, 28, 50,
    86, 50, 28, 50, 30, 52, 30, 52,
    30, 52, 30, 52, 31, 53, 87, 53,
    31, 88, 31, 89, 31, 90, 31, 54,
    31, 54, 32, 54, 32, 91, 33, 55,
    0, 34, 56, 34, 56, 92, 93, 34,
    0, 34, 94, 31, 53, 31, 53, 31,
    53, 31, 53, 27, 47, 27, 47, 27,
    47, 28, 50, 36, 58, 36, 58, 36,
    58, 37, 59, 37, 59, 37, 59, 37,
    59, 38, 60, 38, 95, 38, 60, 32,
    61, 32, 61, 32, 61, 32, 61, 32,
    61, 32, 61, 40, 63, 42, 65, 42,
    43, 66, 43, 66, 43, 66
};

/*Map glyph_ids to kern right classes*/
static const uint8_t kern_right_class_mapping[] =
{
    0, 0, 1, 2, 3, 0, 0, 4,
    5, 6, 7, 8, 9, 10, 11, 10,
    12, 13, 14, 15, 16, 17, 18, 19,
    20, 21, 22, 23, 23, 0, 24, 0,
    25, 26, 27, 28, 29, 28, 28, 28,
    29, 28, 28, 30, 28, 28, 28, 28,
    29, 28, 29, 28, 31, 32, 33, 34,
    35, 36, 37, 38, 0, 39, 40, 0,
    0, 0, 41, 42, 43, 43, 43, 44,
    45, 42, 46, 47, 42, 48, 49, 49,
    43, 50, 43, 49, 51, 52, 53, 54,
    55, 56, 57, 58, 59, 60, 61, 0,
    0, 0, 62, 0, 0, 0, 0, 0,
    0, 0, 0, 63, 0, 11, 64, 0,
    65, 0, 0, 0, 0, 0, 0, 66,
    0, 0, 0, 67, 0, 0, 0, 0,
    27, 27, 27, 27, 27, 27, 68, 29,
    28, 28, 28, 28, 28, 28, 28, 28,
    28, 28, 29, 29, 29, 29, 29, 0,
    29, 33, 33, 33, 33, 37, 28, 69,
    41, 70, 71, 72, 41, 73, 41, 43,
    43, 43, 43, 43, 74, 75, 76, 77,
    43, 78, 43, 43, 79, 80, 43, 0,
    43, 53, 81, 53, 53, 57, 42, 57,
    27, 82, 27, 83, 27, 41, 29, 43,
    29, 84, 29, 43, 29, 85, 28, 43,
    28, 43, 28, 86, 28, 87, 28, 43,
    28, 43, 28, 88, 29, 89, 29, 90,
    29, 45, 29, 45, 28, 42, 91, 92,
    28, 93, 28, 94, 28, 95, 28, 46,
    28, 96, 0, 46, 30, 97, 28, 42,
    0, 28, 48, 28, 48, 28, 48, 0,
    48, 28, 48, 28, 49, 28, 49, 28,
    98, 28, 49, 29, 99, 29, 100, 29,
    43, 29, 43, 28, 49, 28, 49, 28,
    101, 31, 51, 31, 102, 31, 51, 31,
    103, 32, 52, 32, 52, 32, 52, 33,
    104, 33, 53, 33, 53, 33, 105, 33,
    53, 33, 53, 35, 55, 37, 57, 37,
    38, 58, 38, 58, 38, 106
};

/*Kern values between classes*/
static const int8_t kern_class_values[] =
{
    0, 0, 0, 0, 0, 0, 0, 0,
    0, -29, -29, -21, 0, 0, 0, 0,
    -14, 0, 0, 0, 0, 0, -13, 0,
    0, -17, -12, 0, 0, -15, 0, 0,
    0, 0, 0, 0, 0, 0, 0, 0,
    -4, 0, -5, 0, -5, 0, 0, 0,
    -4, -4, -5, 0, -4, -3, -3, -3,
    -3, -4, 0, 0, 0, 0, -21, -1,
    0, 0, -17, 0, 0, -4, -4, -4,
    -4, 0, 0, 4, 0, -4, -5, -5,
    -4, -4, -4, -5, -5, -5, -5, -5,
    -5, -5, 0, 2, 13, 5, 3, 0,
    4, -4, -5, -5, -4, -5, -5, -4,
    -4, -4, 0, 0, 0, 0, 0, 0,
    0, 0, 0, 0, 0, 0, 0, 0,
    -2, 0, 0, 0, 0, 0, 0, 0,
    0, 0, 0, 0, 0, 0, 0, 0,
    0, 0, 0, 0, 0, 0, 0, 0,
    0, 0, 0, 0, 0, 0, 0, 0,
    0, 0, 0, 0, 0, 0, 0, 0,
    0, 0, 0, 0, 0, 0, 0, 0,
    0, 0, 0, 0, 0, 0, 0, 0,
    0, 0, 0, 0, 0, 0, 0, 0,
    0, 0, 0, 0, 0, 0, 0, 0,
    0, 0, 0, 0, 0, 0, 0, 0,
    0, 0, 0, 0, 0, 0, 0, 0,
    0, 0, 0, 0, 0, -10, 0, 0,
    -10, 0, 0, 0, 0, 0, 0, 0,
    0, 0, 0, 0, 0, 0, 0, 0,
    0, 0, 0, 0, 0, 0, 0, 0,
    0, 0, 0, -22, -1, -11, -12, 0,
    -21, 0, 0, 0, 0, 0, 0, 0,
    0, 0, 0, 0, 0, 0, 0, -1,
    -1, -2, -2, 0, -2, 0, 0, 0,
    0, 0, 0, 0, 0, 0, 0, 0,
    0, 0, 0, 0, 0, 0, 0, 0,
    0, 0, 0, 0, -1, 0, 0, 0,
    0, 0, 0, 0, 0, 0, 0, 0,
    0, 0, 0, 0, 0, 0, 0, 0,
    0, 0, 0, -1, -1, 0, 0, 0,
    0, 0, 0, 0, 0, 0, 0, -24,
    -24, -21, 0, 0, 0, 0, -14, 0,
    0, 0, 0, 0, -13, 0, 0, -17,
    -12, 0, 0, -15, 0, 0, 0, 0,
    0, 0, 0, 0, 0, 0, -4, 0,
    -5, 0, -5, 0, 0, 0, -4, -4,
    -5, 0, -4, -3, -3, -3, -3, -4,
    0, 0, 0, 0, -21, -1, 0, 0,
    -17, 0, 0, -4, -4, -4, -4, 0,
    0, 4, 0, -4, -5, -5, -4, -4,
    -4, -5, -5, -5, -5, -5, -5, -5,
    0, 2, 13, 5, 3, 0, 4, -4,
    -5, -5, -4, -5, -5, -4, -4, -4,
    0, 0, 0, 0, 0, -2, 0, 0,
    0, 0, 0, 0, -6, -2, 0, -2,
    -10, 0, -6, 0, -3, -3, 0, 0,
    0, 0, 1, 0, -2, 0, 0, 0,
    0, 0, 1, 0, 0, 0, 0, 0,
    0, 0, -5, 0, 0, 0, 0, 0,
    0, 0, 0, -2, -6, -10, -9, 0,
    -10, 0, -5, 0, 0, 0, 0, 0,
    0, 0, 0, 0, 0, 0, 0, 0,
    0, 2, 0, 0, 0, 0, -5, -5,
    -6, 0, 0, -5, -5, -5, -5, -5,
    0, 0, 0, 0, 10, 4, 4, 0,
    0, 0, -5, -5, 0, 0, 0, -6,
    -6, 0, 0, 0, 0, 0, 0, 0,
    -2, 0, 0, 0, 0, 0, 0, 0,
    0, 0, 0, 0, 0, 0, 0, 0,
    0, 0, 0, 0, 0, 0, 0, 0,
    0, 0, 0, 0, 0, 0, 0, 0,
    0, -3, 0, 0, 0, 0, 0, 0,
    0, 0, 0, 0, 0, 0, 0, 0,
    0, 0, 0, 0, 0, 0, -2, 0,
    0, 0, 0, 0, 0, 0, 0, 0,
    0, 0, 0, 0, 0, 0, 0, 0,
    0, 0, 0, 0, 0, 0, 0, 0,
    0, 0, 0, 0, 0, 0, 0, 0,
    0, 0, 0, 0, 0, 0, 0, 0,
    0, 0, 0, 0, 0, 0, 0, 0,
    0, 0, 0, 0, 0, 0, 0, 0,
    0, 0, 0, 0, 0, 0, 0, 0,
    0, 0, 0, 0, 0, 0, -9, 0,
    0, -16, 0, -3, 0, 0, 0, 0,
    0, -4, 0, 0, 0, 0, 0, 0,
    0, 0, 0, 0, 0, 0, 0, 0,
    0, 0, 0, 0, 0, 0, 0, 0,
    0, 0, 0, 0, 0, 0, 0, 0,
    0, 0, 0, 0, 0, 0, 0, 12,
    2, 0, 0, 0, 0, 0, 0, 0,
    0, 0, 0, 0, 0, 0, 2, 8,
    16, 0, 0, 0, 12, 0, 0, 0,
    0, 0, 0, 0, 0, 0, 0, 0,
    0, 0, 0, 0, 0, 0, 0, 0,
    0, 0, 0, -8, -1, 0, 1, 0,
    0, -19, 0, -2, 0, 0, 0, 0,
    0, 0, 0, 0, 0, 0, 0, 0,
    0, 0, 0, 0, 0, 0, 0, 0,
    0, 0, 0, 0, 0, 0, 0, 0,
    0, 0, 0, 0, 0, 0, 0, 0,
    0, 0, 0, 0, 0, 0, 0, 0,
    0, 0, 0, 0, 0, 0, 0, 0,
    0, 0, 0, 0, 0, 0, 0, 0,
    0, 0, 0, 0, 0, 0, 0, 0,
    0, 0, 0, 0, 0, 0, 0, 0,
    0, 0, 0, 0, 0, 0, 0, 0,
    0, -29, 0, 0, -24, 0, 0, 0,
    0, 0, 0, 0, -2, -5, 0, 0,
    -4, 0, -2, -3, 0, 0, 0, 0,
    0, 0, 0, 0, -2, 0, 0, -16,
    -3, -15, -15, 0, -18, 0, 0, 0,
    0, 0, 0, 0, 0, 0, 0, 0,
    0, 0, 0, 0, -1, -10, -9, 0,
    -10, 0, 0, 0, 0, 0, 0, 0,
    0, 0, 0, 0, 0, 0, 0, 0,
    0, 0, 0, 0, 0, 0, 0, 0,
    -1, 0, 0, 0, 0, 0, 0, 0,
    0, 0, 0, 0, 0, 0, 0, 0,
    0, 0, 0, 0, 0, 0, 0, -1,
    -1, 0, 0, -29, 0, 0, -24, 0,
    0, 0, 0, 0, 0, 0, 0, -6,
    -2, -2, 0, -2, 0, -14, 0, -2,
    0, 0, 0, 0, 0, 0, 0, -2,
    -4, -17, 0, -10, -10, -4, -19, -6,
    0, 0, -2, 0, 0, 0, 0, 0,
    0, 0, 0, 0, -2, 0, 0, -4,
    -3, -8, -4, -9, 0, 0, 0, 0,
    0, 0, 0, 0, 0, 0, 0, -2,
    -2, -2, -2, 0, 0, 0, 0, 0,
    0, 0, 0, -2, -2, 0, 0, 0,
    0, 0, 0, 0, 0, 0, 0, 0,
    0, 0, 0, 0, 0, 0, 0, -2,
    -2, 0, 0, -9, 0, 0, 0, 0,
    0, 0, 0, 0, 0, 0, 0, -77,
    -5, 0, -2, 0, -23, 0, -5, 0,
    -5, -2, 0, 0, 0, 0, -14, 0,
    -4, -16, 0, 0, 0, 0, 0, 0,
    0, 0, 0, 0, -15, 0, -16, 0,
    -15, 0, 0, 0, -13, -13, -15, 0,
    -13, -9, -9, -11, -9, -11, 0, 0,
    0, 0, 0, 0, 0, 0, 0, -4,
    0, -15, -15, -15, -15, 0, 0, 0,
    0, -13, -16, -16, -13, -15, -15, -16,
    -16, -16, -16, -16, -15, -15, 0, 0,
    8, 1, 4, 0, 0, -13, -16, -16,
    -11, -15, -15, -13, -13, -11, 0, 0,
    0, 0, 0, 0, -6, 0, 0, -2,
    0, -4, 0, 0, 0, 0, 0, 0,
    0, 0, 0, 0, 0, 0, 0, 0,
    0, 0, 0, 0, 0, -2, 0, 0,
    0, 0, -2, 0, 0, -6, 0, 0,
    0, 0, 0, 0, 0, 0, 0, 0,
    0, 0, 0, 0, 0, 0, 0, 0,
    0, 0, -5, 0, 0, 0, 0, 0,
    0, 0, 0, 0, 0, 0, 0, 0,
    0, 0, 0, 0, 0, 0, 0, 0,
    0, 0, 0, 0, 0, 0, 0, 0,
    0, 0, 0, 0, 0, 0, 0, 0,
    0, 0, 0, 0, 0, 0, 0, 0,
    0, 0, 0, 0, 0, 0, 0, 0,
    -15, 0, -12, 0, 0, 0, 0, 0,
    -8, 0, 0, 0, 0, 0, 0, -2,
    0, 0, 0, 0, 0, 0, 0, -1,
    0, 0, 0, 0, 0, 0, 0, 0,
    0, 0, 0, 0, 0, 0, 0, 0,
    0, 0, 0, 0, 0, 0, 0, 0,
    0, 0, 0, 0, 0, 0, 0, 0,
    0, -9, 0, 0, 0, 0, 0, 0,
    0, 0, 0, 0, 0, 0, 0, 0,
    0, 0, 0, 0, 0, 0, 0, 0,
    0, 0, 0, 0, 0, 0, 0, 0,
    0, 0, 0, 0, 0, 0, 0, 0,
    0, 0, 0, 0, 0, 0, 0, 0,
    -3, 0, 0, 0, 0, 0, 0, 0,
    0, 0, 0, 0, 0, 0, 0, 0,
    0, 0, 0, 0, 0, 0, 0, 0,
    0, -2, 0, 0, 0, 0, -2, 0,
    0, -3, 0, 0, 0, 0, 0, 0,
    0, 0, 0, 0, 0, 0, 0, 0,
    0, 0, 0, 0, 0, 0, -3, 0,
    0, 0, 0, 0, 0, 0, 0, 0,
    0, 0, 0, 0, 0, 0, 0, 0,
    0, 0, 0, 0, 0, 0, 0, 0,
    0, 0, 0, 0, 0, 0, 0, 0,
    0, 0, 0, 0, 0, 0, 0, 0,
    0, 0, 0, 0, 0, -7, 0, 0,
    -7, 0, -5, 0, 1, -1, 0, 0,
    0, -4, 0, 1, 5, 2, 0, -10,
    0, 0, 0, 0, 0, 0, 0, 0,
    0, 4, 0, -8, 0, -5, -5, 0,
    -8, 0, -10, -5, 0, 0, 0, 0,
    0, 0, 0, 0, 0, 0, 0, 0,
    0, 0, 0, 0, 0, 0, 0, 0,
    -5, 0, 0, 0, -9, 0, 0, 0,
    0, 0, 0, 0, 0, 0, 0, 0,
    0, 0, 0, 0, 0, 0, 0, 0,
    0, 0, 0, 0, 0, 0, 0, 0,
    0, 0, 0, 0, 0, 0, 0, 0,
    0, 0, 0, 0, 0, 0, 0, 0,
    0, 0, 0, 0, 0, 0, 0, 0,
    0, 0, 0, 0, 0, 0, 2, 0,
    0, 0, 0, 0, 0, 0, 0, 0,
    0, 0, 0, 0, 0, 0, 0, 0,
    0, 0, 0, 0, 0, 0, 0, 0,
    0, 0, 0, 0, 0, 0, 0, 0,
    0, 0, 0, 0, 0, 0, 0, 0,
    0, 0, 0, 0, 0, 0, -2, 0,
    0, 0, 0, 0, 0, 0, 0, 0,
    0, 0, 0, 0, 0, 0, 0, 0,
    0, 0, 0, 0, 0, 0, 0, 0,
    0, 0, 0, 0, 0, 0, 0, 0,
    0, 0, 0, 0, 0, 0, 0, 0,
    0, 0, 0, 0, 0, 0, -3, 0,
    0, 0, 0, 0, 0, 0, 0, 0,
    0, 0, 0, 0, 0, 0, 0, 0,
    0, 0, 0, 0, 0, 0, 0, -1,
    0, 0, 0, 0, 0, 0, 0, -3,
    0, 0, 0, 0, 0, 0, 0, 0,
    0, 0, 0, 0, 0, 0, 0, 0,
    0, 0, 0, 0, -3, 0, 0, 0,
    0, 0, 0, 0, 0, 0, 0, 0,
    0, 0, 0, 0, 0, 0, 0, 0,
    0, 0, 0, 0, 0, 0, 0, 0,
    0, 0, 0, 0, 0, 0, 0, 0,
    0, 0, 0, 0, 0, 0, 0, 0,
    0, 0, 0, 0, -4, 0, 0, 0,
    0, 0, -20, -21, -14, -28, 0, 3,
    0, 0, -15, 0, 0, 0, 0, 0,
    0, -8, 0, 0, -10, 0, 0, -12,
    0, 2, 0, 3, 3, 0, 3, 0,
    0, 0, 0, 0, 0, 0, 0, 0,
    0, 0, 0, 0, 0, 0, 0, 0,
    0, 0, 0, 0, 0, 0, 0, -3,
    0, 0, 0, -10, 0, 0, 0, 0,
    0, 0, 0, 0, 0, 0, 0, 0,
    0, 0, 0, 0, 0, 0, 0, 0,
    0, 0, 0, 0, 0, 0, 0, 0,
    0, 0, 0, 0, 0, 0, 0, 0,
    0, 0, 0, 0, 0, 0, 0, 0,
    0, 0, -3, 0, 0, 0, 0, 0,
    0, 0, 0, 0, 0, 0, 0, 0,
    0, 0, 0, 0, 0, 0, 0, 0,
    0, 0, 0, -2, 0, 0, 0, 0,
    -2, 0, 0, -4, 0, 0, 0, 0,
    0, 0, 0, 0, 0, 0, 0, 0,
    0, 0, 0, 0, 0, 0, 0, 0,
    -3, 0, 0, 0, 0, 0, 0, 0,
    0, 0, 0, 0, 0, 0, 0, 0,
    0, 0, 0, 0, 0, 0, 0, 0,
    0, 0, 0, 0, 0, 0, 0, 0,
    0, 0, 0, 0, 0, 0, 0, 0,
    0, 0, 0, 0, 0, 0, 0, 0,
    0, 0, 0, 0, -6, 0, 0, -2,
    0, -4, 0, 0, 0, 0, 0, 0,
    0, 0, 0, 0, 0, 0, 0, 0,
    0, 0, 0, 0, 0, -2, 0, 0,
    0, 0, -2, 0, 0, -6, 0, 0,
    0, 0, 0, 0, 0, 0, 0, 0,
    0, 0, 0, 0, 0, 0, 0, 0,
    0, 0, -6, 0, 0, 0, 0, 0,
    0, 0, 0, 0, 0, 0, 0, 0,
    0, 0, 0, 0, 0, 0, 0, 0,
    0, 0, 0, 0, 0, 0, 0, 0,
    0, 0, 0, 0, 0, 0, 0, 0,
    0, 0, 0, 0, 0, 0, 0, 0,
    0, -13, 0, 0, -13, 0, 0, 0,
    0, 0, 0, 0, 0, 0, 0, 0,
    0, 0, 0, 0, 0, 0, 0, 0,
    0, 0, 0, 0, 0, 0, 0, -15,
    0, -6, -6, 0, -14, 0, 0, 0,
    0, 0, 0, 0, 0, 0, 0, 0,
    0, 0, 0, 0, 0, 0, 0, 0,
    0, 0, 0, 0, 0, 0, 0, 0,
    0, 0, 0, 0, 0, 0, 0, 0,
    0, 0, 0, 0, 0, 0, 0, 0,
    0, 0, 0, 0, 0, 0, 0, 0,
    0, 0, 0, 0, 0, 0, 0, 0,
    0, 0, 0, 0, 0, 0, 0, 0,
    0, 0, 0, 0, 0, 0, 0, 0,
    0, 0, 0, 0, 0, 0, 0, -4,
    0, 0, 0, 0, 0, -8, 0, 0,
    0, 0, 0, 0, 0, 0, 0, 0,
    0, 0, 0, 0, 0, 0, 0, 0,
    0, 0, 0, 0, 0, 0, 0, 0,
    0, 0, 0, 0, 0, 0, 0, 0,
    0, 0, 0, 0, 0, 0, 0, 0,
    0, 0, 0, 0, 0, 0, 0, 0,
    0, 0, 0, 0, 0, 0, 0, 0,
    0, 0, 0, 0, 0, 0, 0, 0,
    0, 0, 0, 0, 0, 0, 0, 0,
    0, 0, 0, 0, 0, 0, 0, 0,
    0, 0, 0, 0, 0, -15, 0, 0,
    -15, 0, 0, 0, 0, 0, 0, 0,
    0, 0, 0, 0, 0, 0, 0, 0,
    0, 0, 0, 0, 0, 0, 0, 0,
    0, 0, 0, -14, 0, -5, -5, 0,
    -12, 0, 0, 0, 0, 0, 0, 0,
    0, 0, 0, 0, 0, 0, 0, 0,
    0, 0, 0, 0, 0, 0, 0, 0,
    0, 0, 0, 0, 0, 0, 0, 0,
    0, 0, 0, 0, 0, 0, 0, 0,
    0, 0, 0, 0, 0, 0, 0, 0,
    0, 0, 0, 0, 0, 0, 0, 0,
    0, 0, 0, 0, 0, 0, 0, 0,
    0, 0, 0, 0, 0, 0, 0, -12,
    0, 0, -12, 0, 1, -9, 0, 0,
    0, 0, 0, -2, 0, 0, 0, 0,
    0, -3, 0, 0, 0, 0, -4, 0,
    0, 0, 0, 0, 0, -19, 0, -12,
    -12, 0, -20, 0, -11, 1, 0, 0,
    0, 0, 0, 0, 0, 0, 0, 0,
    0, -1, -1, -7, -6, 0, -7, 0,
    0, 0, 2, 0, 0, -1, 0, 0,
    0, 0, 0, 0, 0, 0, 0, 0,
    0, 0, 0, 0, 0, 0, -1, 0,
    0, 0, 0, 0, 0, 0, 0, 0,
    0, 0, 0, 0, 0, 0, 0, 0,
    0, 0, 0, 0, 0, -1, -1, 0,
    0, 0, 0, 0, 0, 0, -3, 0,
    0, 0, 0, 0, 0, 0, 0, 0,
    0, 0, 0, 0, 0, 0, 0, 0,
    0, 0, 0, 0, 0, 0, 0, -5,
    0, 0, 0, -2, -3, -1, 0, -3,
    0, 0, 0, 0, 0, 0, 0, 0,
    0, 0, -1, 0, 0, -2, -2, -4,
    -2, -3, 0, 0, -2, 0, 0, 0,
    0, 0, 0, 0, 0, 0, 0, 0,
    0, 0, 0, 0, 0, 0, 0, 0,
    0, 0, 0, 0, 0, 0, 0, 0,
    0, 0, 0, 0, 4, 0, 0, 0,
    0, 0, 0, 0, 0, -1, -1, 0,
    0, -3, 0, 0, 0, 0, 0, 0,
    0, 0, 0, 0, -1, 0, 0, 0,
    0, 0, 1, 0, 0, 0, 0, 0,
    0, 0, 0, 0, 0, 0, 0, 0,
    0, 0, 0, 0, 0, -2, -1, 0,
    0, 0, -1, 0, 0, 0, -1, 0,
    0, 0, 0, 0, -1, 0, -1, -5,
    -5, -3, -5, -1, 0, 0, 0, 0,
    0, 0, 0, 0, 0, 0, 0, -1,
    -1, -1, -1, 0, 0, 4, 0, 0,
    0, 0, -1, -1, -1, 0, 0, 0,
    0, 0, -1, -1, 0, 3, 9, 0,
    0, 0, 3, 0, 0, 0, 0, -1,
    -1, -1, -1, -1, 0, 0, 0, 0,
    0, 0, -2, 0, 0, -2, 0, 0,
    0, 0, 0, 0, 0, 0, 0, 0,
    0, 0, 0, 0, 0, 0, 0, 0,
    0, 0, 0, -5, 0, 0, 0, -3,
    -4, -2, 0, -2, -1, -1, 0, -1,
    -1, -1, -1, -1, -1, -1, -1, -1,
    -1, 0, 0, -2, 0, -1, 0, 0,
    -2, 0, 0, 0, 0, 0, 0, 0,
    -1, -1, -1, -1, -1, -1, -1, -1,
    -1, -1, 0, 0, -1, -1, -1, 0,
    0, 0, 0, 0, -1, -1, 0, -1,
    -1, -1, -1, -1, -1, -1, 0, 0,
    -1, -1, -1, -1, -1, -1, 0, 0,
    0, -2, 0, 0, 0, 0, 0, 0,
    -9, 0, 0, 0, 0, 0, -2, 0,
    0, 0, 0, 0, 0, 0, 0, 0,
    0, 0, -4, -1, 0, 0, 0, 0,
    0, 0, 0, 0, 0, 0, 0, 0,
    -6, 0, -1, 0, 0, 0, 0, 0,
    0, 0, -10, -20, -19, 0, -21, 0,
    0, 0, 0, 0, -7, -5, 0, 0,
    0, 0, 0, 0, 0, 0, 0, 3,
    0, 4, 3, 0, -6, -6, -10, 0,
    0, -6, -6, -6, -6, -6, -1, -1,
    0, 3, 11, 6, 6, 0, 4, 0,
    -6, -6, 0, 0, 0, -10, -10, 0,
    0, 0, 0, -5, 0, 0, 2, -3,
    0, -25, -19, -21, -2, 3, -2, 0,
    -13, 0, -2, 3, -2, -1, -12, 0,
    0, -14, -27, 0, -4, -34, -2, 0,
    0, 0, 0, 0, 0, 0, 0, 2,
    -40, 0, -32, -4, -30, -4, -4, 0,
    -30, -31, -29, -3, -29, -26, -25, -32,
    -26, -36, 0, 0, 2, 0, -14, -9,
    0, 0, -13, -5, -4, -40, -36, -31,
    -30, 2, -8, 4, 2, -29, -32, -28,
    -29, -37, -28, -32, -23, -32, -30, -27,
    -30, -29, 0, 6, 10, 5, 10, -25,
    3, -27, -32, -29, -9, -26, -15, -29,
    -29, -18, 0, 0, 0, 0, 0, 0,
    -2, 0, 0, -1, 0, 0, 0, 0,
    0, 0, 0, 0, 0, 0, 0, 0,
    0, 0, 0, 0, 0, 0, 0, 0,
    0, -3, 0, 0, 0, -2, -2, 0,
    0, -2, 0, 0, 0, 0, 0, 0,
    0, 0, -1, -1, 0, 0, -1, -1,
    -1, -4, -1, -2, 0, 0, -2, 0,
    0, 0, 0, 0, 0, 0, 0, 0,
    0, 0, 0, 0, 0, 0, 0, -1,
    0, 0, -1, 0, 0, 0, 0, 0,
    0, 0, 0, 0, 0, 0, 4, 0,
    0, 0, 0, -1, 0, 0, -1, 0,
    0, -1, -1, -2, 0, 0, 0, 0,
    0, 0, 0, 0, 0, 0, 0, 0,
    0, 0, 0, 0, 0, 0, 0, 0,
    0, 0, 0, 0, 0, 0, 0, 0,
    0, 0, 0, 0, 0, 0, 0, 0,
    0, 0, 0, 0, 0, -1, -1, -1,
    -1, 0, 0, -1, -1, -1, 0, -1,
    -2, 0, 0, 0, 0, 0, 0, 0,
    0, 0, 0, 0, 0, 0, 0, 0,
    -1, 0, 0, 0, 0, 0, 0, 0,
    0, -1, -1, -1, -2, 0, 0, -1,
    -1, -1, -1, -1, -1, -1, 0, -1,
    4, 0, 0, 0, 0, -1, -1, -1,
    -1, 0, 0, -2, -2, 0, 0, 0,
    0, 0, 0, 0, 0, 0, 0, -2,
    0, -4, 0, 0, 0, 0, 0, 0,
    0, 0, 0, 0, 0, 0, 0, 0,
    -1, 0, 0, 0, 0, 0, 0, 0,
    0, 0, 0, 0, 0, 0, -2, 0,
    -2, -1, -3, -1, -1, 0, -2, -2,
    -2, 0, -2, 0, 0, -2, 0, -2,
    0, 0, 0, 0, 0, 0, 0, 0,
    0, 0, -1, -2, -2, -2, -2, -1,
    -1, -1, -1, -2, -2, -2, -2, -2,
    -2, -2, -2, -2, -2, -2, -3, -3,
    0, 0, 5, -1, -1, -1, -1, -2,
    -2, -2, -2, -2, -2, -2, -2, -2,
    0, 0, 0, -2, 0, 0, 4, 0,
    0, 1, -2, 0, 0, 0, 2, 0,
    0, 0, 0, 0, 0, 0, 0, 0,
    0, 0, 0, 0, -4, 0, 0, 0,
    0, 0, 0, 0, 0, 0, 0, 4,
    0, 0, -2, 0, 0, 0, 0, 0,
    0, 0, 0, 0, -4, -12, -11, 0,
    -12, 0, 0, 0, 4, 0, -2, -2,
    0, 0, 0, 0, 0, 0, 0, 0,
    0, 0, 0, 0, 0, 0, -2, -2,
    -4, 0, 0, -2, -2, -2, -2, -2,
    0, 0, 0, 0, 7, 2, 1, 0,
    0, 0, -2, -2, 0, 0, 0, -4,
    -4, 0, 0, -22, 0, -2, -22, 0,
    0, -24, 0, 0, -13, 0, -2, -3,
    0, 0, -4, 0, -2, -3, 0, 0,
    0, 0, -5, 0, 0, 0, -5, 0,
    0, -31, -6, -26, -26, 0, -29, 0,
    -18, 0, 0, 0, -4, 0, 0, 0,
    0, 0, 0, 0, 0, -3, -7, -27,
    -24, 0, -28, 0, 0, 0, 0, 0,
    -10, -12, 0, -21, -2, 0, 0, 0,
    0, 0, 0, 0, 0, 0, 0, 0,
    -4, -4, -7, 0, 0, -4, -4, -4,
    -4, -4, 0, 0, 0, 0, 0, 0,
    0, 0, 0, 0, -4, -4, 0, 0,
    0, -7, -7, 0, 0, 0, 0, -2,
    0, 0, -3, 3, 0, -24, -12, -15,
    0, 0, 0, 0, -5, 0, 0, 0,
    0, 0, 0, 0, 0, -2, -12, 0,
    0, -27, 0, -1, 0, 0, 0, -3,
    -1, -3, 0, -3, -5, 0, -8, 0,
    -6, 0, 0, 0, -2, -3, -4, 0,
    -2, 0, 0, 0, 0, 0, 0, 0,
    -3, 0, -4, 0, 0, 0, 0, 0,
    0, -5, -5, -5, -5, 0, 0, 4,
    0, -2, -8, -8, -2, -5, -5, -8,
    -8, -8, -8, -8, -6, -6, 0, 4,
    11, 0, 0, -1, 4, -2, -8, -8,
    -2, -4, -4, -2, -2, 0, 0, 0,
    0, 0, 0, 0, 0, 0, 0, 0,
    -1, 0, 0, 0, 0, 0, -2, 0,
    0, 0, 0, 0, 0, 0, 0, 0,
    0, 0, 0, 0, 0, -3, 0, 0,
    0, 0, -2, 0, 0, 0, 0, 0,
    -3, 0, -2, 0, 0, 0, 0, 0,
    0, 0, -3, 0, 0, 0, 0, 0,
    0, 0, 0, 0, -4, 0, 0, 0,
    0, 0, 0, 0, 0, 0, 0, 0,
    0, 3, 0, 0, -3, -3, -3, 0,
    0, -3, -3, -3, -3, -3, -2, -2,
    0, 2, 10, 0, 0, 0, 3, 0,
    -3, -3, 0, 0, 0, -3, -3, 0,
    0, 0, 0, 0, 0, 0, 0, -1,
    0, 0, 0, 0, 0, 0, 0, 0,
    2, 0, 0, 0, 0, 0, 0, 0,
    0, 0, 0, 0, 0, 0, 0, -1,
    0, 0, 0, 0, 0, 0, 0, 0,
    0, 0, 0, 0, 0, 0, 0, 0,
    0, 0, 0, 0, 0, -4, -4, -4,
    -4, -3, 0, 0, 0, 0, 0, 0,
    0, 0, 0, 0, 0, 0, 0, 0,
    0, 0, 0, 0, 0, 0, 0, 0,
    0, 0, 0, 0, 0, 0, 0, 0,
    0, 0, 0, 0, 6, 0, 0, 0,
    0, 0, 0, 0, 0, 0, 0, 0,
    0, -3, 0, 0, 0, -6, 0, 0,
    0, -3, 0, -16, -16, -16, -2, 1,
    0, 0, -13, 0, -2, 1, -2, 0,
    -15, 0, 0, -15, -19, 0, -5, -28,
    -3, 0, 0, 0, 0, 0, 0, 0,
    0, 0, -28, 0, -29, -4, -30, -2,
    -2, 0, -30, -30, -28, -2, -31, -27,
    -27, -28, -27, -28, 0, 0, 0, 0,
    -17, -11, 0, 0, -16, -6, -4, -28,
    -25, -20, -28, 2, -5, 4, 2, -26,
    -29, -24, -31, -26, -28, -28, -24, -29,
    -29, -29, -28, -30, 0, 4, 10, 5,
    8, -29, 3, -30, -29, -29, -10, -22,
    -17, -27, -31, -20, 0, 0, 0, -3,
    0, 0, 0, 0, 0, -15, -10, -13,
    0, 0, 0, 0, -7, 0, 0, 2,
    0, 0, -6, 0, 0, -7, -12, 0,
    0, -18, 0, 0, 0, 0, 0, 0,
    0, 0, 0, 0, -14, 0, -16, -2,
    -14, 0, 0, 0, -12, -12, -14, 0,
    -12, -5, -5, -9, -5, -8, 0, 0,
    1, 0, -8, -2, 0, 0, -4, -2,
    -2, -14, -14, -14, -14, 5, 0, 7,
    4, -12, -16, -16, -12, -14, -14, -16,
    -16, -16, -16, -16, -14, -14, 0, 4,
    18, 11, 7, -12, 7, -12, -16, -16,
    -9, -14, -14, -12, -12, -8, 0, 0,
    0, -3, 0, 0, 1, 0, 0, -15,
    -10, -14, 0, 1, 0, 0, -7, 0,
    0, 3, 0, 0, -6, 0, 0, -7,
    -12, 0, 0, -18, 0, 0, 0, 0,
    0, 0, 0, 0, 0, 1, -14, 0,
    -16, -2, -15, 0, 0, 0, -12, -12,
    -14, 0, -11, -5, -5, -8, -5, -8,
    0, 0, 1, 0, -8, 0, 0, 0,
    -3, -1, -2, -14, -14, -14, -14, 5,
    0, 7, 4, -12, -16, -16, -11, -14,
    -14, -16, -16, -16, -16, -16, -15, -15,
    0, 4, 18, 11, 7, -12, 7, -12,
    -16, -16, -9, -14, -14, -11, -11, -8,
    0, 0, 0, -2, 0, 0, 0, 0,
    0, 0, -4, 0, 0, 0, 0, 0,
    0, 0, 0, 0, 0, 0, 0, 0,
    0, 0, 0, 0, -3, 0, 0, 0,
    0, 0, 0, 0, 0, 0, 0, 0,
    0, 0, -4, 0, -1, 0, 0, 0,
    0, 0, 0, 0, -6, -12, -11, 0,
    -12, 0, 0, 0, 0, 0, -4, -2,
    0, 0, 0, 0, 0, 0, 0, 0,
    0, 3, 0, 4, 2, 0, -4, -4,
    -6, 0, 0, -4, -4, -4, -4, -4,
    -1, -1, 0, 2, 14, 8, 4, 0,
    4, 0, -4, -4, 0, 0, 0, -6,
    -6, 0, 0, 0, 0, -6, 0, 0,
    0, 0, 0, -18, -19, -18, -2, 0,
    0, 0, -14, 0, -2, 2, -2, 0,
    -14, 0, 0, -15, -20, 0, -4, -29,
    -2, 0, 0, 0, 0, 0, 0, 0,
    0, 0, -28, 0, -32, -3, -30, 0,
    0, 0, -23, -23, -28, 0, -24, -18,
    -18, -21, -18, -21, 0, 0, 0, 0,
    -16, -8, 0, 0, -11, -4, -3, -28,
    -28, -20, -28, 4, 0, 4, 4, -23,
    -32, -25, -24, -26, -28, -31, -25, -30,
    -32, -31, -30, -30, 0, 2, 17, 11,
    7, -23, 4, -23, -30, -32, -11, -24,
    -18, -24, -24, -21, 0, 0, 0, -1,
    0, 0, 0, 0, 0, 0, -12, 0,
    0, 0, 0, 0, -4, 0, 0, 0,
    0, 0, 0, 0, 0, 0, 0, 0,
    -3, 0, 0, 0, 0, 0, 0, 0,
    0, 0, 0, 0, -1, 0, -7, -1,
    -1, 0, 0, 0, -1, -1, 0, -2,
    -9, -18, -16, 0, -18, 0, 0, 0,
    0, 0, -10, -7, 0, 0, -2, 0,
    -1, -1, -1, -1, -1, 0, 0, 0,
    0, -1, -7, -7, -9, -1, -1, -7,
    -7, -7, -7, -7, -1, -1, 0, 0,
    9, 3, 2, 0, 0, -1, -7, -7,
    -1, 0, 0, -9, -9, 0, 0, 0,
    0, 0, 0, -2, 0, 0, 0, 0,
    0, 0, -6, -2, 0, -2, -11, 0,
    -6, 0, -4, -3, 0, 0, 0, 0,
    1, 0, -2, -1, 0, 0, 0, 0,
    1, 0, 0, 0, 0, 0, 0, 0,
    -5, 0, 0, 0, 0, 0, 0, 0,
    0, -2, -6, -9, -9, 0, -10, 0,
    -5, 0, 0, 0, 0, 0, 0, 0,
    0, 0, 0, 0, 0, 0, 0, 2,
    0, 0, 0, 0, -5, -5, -6, 0,
    0, -5, -5, -5, -5, -5, 0, 0,
    0, 0, 10, 4, 4, 0, 0, 0,
    -5, -5, 0, 0, 0, -6, -6, 0,
    0, -14, 0, 0, -14, 0, 0, 0,
    0, 0, 0, 0, 0, -4, 0, 0,
    0, 0, 0, -4, 0, 0, 0, 0,
    0, 0, 0, 0, 0, 0, 0, -13,
    0, -10, -10, 0, -14, 0, 0, 0,
    0, 0, 0, 0, 0, 0, 0, 0,
    0, 0, 0, 0, 0, -4, -4, 0,
    -5, 0, 0, 0, 0, 0, 0, 0,
    0, 0, 0, 0, 0, 0, 0, 0,
    0, 0, 0, 0, 0, 0, 0, 0,
    0, 0, 0, 0, 0, 0, 0, 0,
    0, 0, 0, 0, 0, 0, 0, 0,
    0, 0, 0, 0, 0, 0, 0, 0,
    0, 0, 0, -5, 0, 0, -5, 0,
    0, 0, 0, 0, 0, 0, 0, 0,
    0, 0, 0, 0, 0, 0, 0, 0,
    0, 0, -8, 0, 0, -2, -2, 0,
    -1, -31, -3, -14, -14, 0, -33, 0,
    -11, 0, 0, 0, 0, 0, 0, 0,
    0, 0, 0, 0, 0, 0, 0, -2,
    -2, 0, -2, 0, 0, 0, 0, 0,
    0, 0, 0, 0, 0, 0, 0, 0,
    0, 0, 0, 0, 0, 0, 0, 0,
    0, 0, 0, 0, 0, 0, 0, 0,
    0, 0, 0, 0, -2, 0, 0, 0,
    0, 0, 0, 0, 0, 0, 0, 0,
    0, 0, 0, 0, 0, -5, 0, 0,
    -5, 0, -5, 0, 0, 0, 0, 0,
    0, 0, 0, 0, 0, 0, 0, 0,
    0, 0, 0, 0, -8, 0, 0, -1,
    0, 0, -1, -29, -2, -16, -16, -4,
    -32, -4, -11, -5, 0, 0, 0, 0,
    0, 0, 0, 0, 0, 0, 0, 0,
    0, -1, 0, -3, -1, -2, 0, 0,
    -5, 0, 0, 0, 0, 0, 0, 0,
    0, 0, 0, 0, 0, 0, 0, 0,
    0, 0, 0, 0, 0, 0, 0, 0,
    0, 0, 0, 0, 0, 0, -1, 0,
    0, 0, 0, 0, 0, 0, 0, 0,
    0, 0, 0, 0, 0, -2, 0, -1,
    0, -4, -1, 0, 0, 0, 0, 0,
    -8, 0, 0, 0, 0, 0, 0, 0,
    0, 0, 0, 0, 0, 0, -5, 0,
    0, 0, -3, -2, -2, -29, 0, -10,
    -10, 0, -25, 0, -6, 0, 0, 0,
    -2, 0, 0, 0, 0, 0, 0, 0,
    0, 0, 0, 0, 0, 0, 0, 0,
    0, 0, 0, 0, 0, 0, 0, 0,
    0, 0, 0, 0, 0, 0, 0, 0,
    0, 0, 0, 0, -2, -2, 0, 0,
    0, -2, -2, -2, -2, -2, 0, 0,
    0, 0, 0, 0, 0, 0, 0, 0,
    -2, -2, 0, 0, 0, 0, 0, 0,
    0, 0, 0, 0, 0, 0, 0, 0,
    0, 0, 0, 0, 0, 0, 0, 0,
    0, 0, 0, 0, 0, 0, 0, 0,
    0, 0, 0, -1, -1, 0, 0, 0,
    0, 0, 0, 0, 0, 0, 0, 0,
    0, 0, 0, 0, 0, 0, 0, 0,
    0, 0, 0, 0, 0, 0, 0, 0,
    0, 0, 0, 0, 0, 0, 0, 0,
    0, 0, 0, 0, 0, 0, 0, 0,
    0, 0, 0, 0, 0, 0, 0, 0,
    0, 0, 0, 0, 0, 0, 0, 0,
    0, 0, -1, 0, 4, 0, 0, 0,
    0, 0, 0, 0, 0, 0, 0, 0,
    0, 0, 0, -5, 0, 0, -5, 0,
    0, 0, 0, 0, 0, 0, 0, 0,
    0, 0, 0, 0, 0, 0, 0, 0,
    0, 0, -7, 0, 0, 0, 0, -1,
    -1, -29, -2, -15, -14, 0, -29, 0,
    -10, 0, 0, 0, 0, 0, 0, 0,
    0, 0, 0, 0, 0, 0, 0, 0,
    0, 0, 0, 0, 0, 0, 0, 0,
    0, 0, 0, 0, 0, 0, 0, 0,
    0, 0, 0, 0, 0, 0, 0, 0,
    0, 0, 0, 0, 0, 0, 0, 0,
    0, 0, 0, 0, 0, 0, 0, 0,
    0, 0, 0, 0, 0, 0, 0, 0,
    0, 0, 0, 0, 0, 0, 0, -5,
    0, 0, 1, 0, 0, -12, -13, -11,
    0, 0, 0, 0, 0, 0, 0, 0,
    0, 0, 0, 0, 0, -1, -12, 0,
    0, -21, 0, 0, 0, 3, 3, -1,
    2, -4, 0, 1, -3, 0, -4, 0,
    -2, -4, -4, -4, 0, 0, -1, 0,
    0, 0, 0, 0, 0, 0, 0, 0,
    2, 0, -2, 0, 0, 0, 0, 0,
    1, -3, -3, -3, -3, 3, -4, 2,
    1, 0, -4, -4, 0, -3, -3, -4,
    -4, -4, -4, -4, -2, -2, 0, 0,
    10, 5, 4, -4, 2, 0, -4, -4,
    0, -1, -1, 0, 0, 0, 0, 0,
    0, 0, 0, 0, 0, 0, 0, -2,
    0, 0, 0, 0, 0, 0, 0, 0,
    0, 0, 0, 0, 0, 0, -4, 0,
    -2, 0, 0, -2, 0, -26, 0, -3,
    -3, -5, -13, -5, -2, 0, 0, 0,
    -1, 0, -1, 0, 5, 0, 0, 0,
    0, 0, 0, 0, 0, 0, 0, 0,
    0, 0, 0, 0, 0, 0, 0, 0,
    0, 0, 0, 0, 0, 0, 0, 0,
    0, 0, 0, 0, -1, -1, 0, 0,
    0, -1, -1, -1, -1, -1, -1, -1,
    0, 0, 0, 0, 0, 0, 5, 0,
    -1, -1, 0, 0, 0, 0, 0, 0,
    0, -5, 0, 0, -5, 0, 0, 0,
    0, 0, 0, 0, 0, 0, 0, 0,
    0, 0, 0, 0, 0, 0, 0, 0,
    -8, 0, 0, -2, -2, 0, -1, -31,
    -3, -15, -14, 0, -34, 0, -11, 0,
    0, 0, 0, 0, 0, 0, 0, 0,
    0, 0, 0, 0, 0, -2, -2, 0,
    -2, 0, 0, 0, 0, 0, 0, 0,
    0, 0, 0, 0, 0, 0, 0, 0,
    0, 0, 0, 0, 0, 0, 0, 0,
    0, 0, 0, 0, 0, 0, 0, 0,
    0, 0, -2, 0, 0, 0, 0, 0,
    0, 0, 0, 0, 0, 0, 0, 0,
    0, 0, 0, 0, 0, 0, 0, 0,
    0, 0, 0, 0, 0, 0, 0, 0,
    0, 0, 0, 0, 0, 0, 0, 0,
    0, 0, 0, 0, 0, -1, -1, 0,
    0, -2, -1, 0, 0, 0, 0, 0,
    0, 0, 0, 0, 0, 0, 0, 0,
    0, 0, 0, 0, 0, 0, 0, 0,
    0, 0, 0, 0, 0, 0, 0, 0,
    0, 0, 0, 0, 0, 0, 0, 0,
    0, 0, 0, 0, 0, 0, 0, 0,
    0, 0, 0, 0, 0, 0, 0, 0,
    0, 0, 0, 0, -1, 0, 6, 0,
    0, 0, 0, 0, 0, 0, 0, 0,
    0, 0, 0, 0, 0, -2, 0, -3,
    -2, 0, 0, 0, 0, 0, -7, 0,
    0, 0, 0, 0, 0, 0, 0, 0,
    0, 0, 0, 0, -4, 0, 0, 0,
    -3, 0, 0, -27, -2, -11, -10, 0,
    -23, 0, -6, 0, 0, 0, -3, 0,
    -1, 0, 0, 0, 0, 0, 0, 0,
    -1, 0, 0, 0, 0, 0, 0, 0,
    0, 0, -2, 0, 0, 0, 0, 0,
    0, 0, 0, 0, 0, 0, 0, 0,
    0, 0, -3, -3, -1, 0, 0, -3,
    -3, -3, -3, -3, -1, -1, 0, 0,
    0, 0, 0, 0, 0, 0, -3, -3,
    0, 0, 0, -1, -1, 0, 0, 0,
    0, 0, 0, 0, 0, 0, 0, 0,
    0, 0, 0, 0, 0, 0, 0, 0,
    0, 0, 0, 0, 0, 0, 0, 0,
    0, -1, -1, 0, 0, 0, 0, 0,
    0, 0, 0, 0, 0, 0, 0, 0,
    0, 0, 0, 0, 0, 0, 0, 0,
    0, 0, 0, 0, 0, 0, 0, 0,
    0, 0, 0, 0, 0, 0, 0, -14,
    0, 0, 0, 0, 0, 0, 0, 0,
    0, 0, 0, 0, 0, 0, 0, 0,
    0, 0, 0, 0, 0, 0, 0, 0,
    -1, 0, 2, 0, 0, 0, 0, 0,
    0, 0, 0, 0, 0, 0, 0, 0,
    0, -4, 0, 0, -4, 0, 0, 0,
    0, 0, 0, 0, 0, 0, 0, 0,
    0, 0, 0, 0, 0, 0, 0, 0,
    -7, 0, 0, -1, -1, 0, -1, -30,
    -2, -12, -12, 0, -23, -1, -8, 0,
    0, 0, 0, 0, 0, 0, 0, 0,
    0, 0, 0, 0, 0, 0, 0, 0,
    0, 0, 0, 0, 0, 0, 0, 0,
    0, 0, 0, 0, 0, 0, 0, 0,
    0, 0, 0, 0, 0, 0, 0, 0,
    0, 0, 0, 0, 0, 0, 0, 0,
    0, 0, -1, 0, 0, 0, 0, 0,
    0, 0, 0, 0, 0, 0, 0, 0,
    0, 0, 0, -3, 0, -6, -3, 0,
    -11, 0, 0, -15, -14, -13, 0, 0,
    0, 0, 0, 0, 0, 0, 0, 0,
    0, 0, -10, -2, -13, 0, 0, -23,
    -1, -25, 0, -3, -4, -14, -15, -19,
    -2, -11, -4, 0, -5, 0, -3, 0,
    0, 0, 0, 0, -1, 0, 0, 0,
    0, 0, 0, 0, 0, 0, -10, 0,
    -2, 0, 0, 0, 0, 0, 2, -4,
    -4, -4, -4, 0, 0, 0, 0, 0,
    -5, -5, 0, -4, -4, -5, -5, -5,
    -5, -5, -3, -3, 0, 0, 0, 0,
    0, 0, 0, 0, -5, -5, 0, -1,
    -1, 0, 0, 0, 0, -4, 0, 0,
    -4, 0, 0, 0, 0, 0, -2, 0,
    0, 0, 0, 0, 0, 0, 0, 0,
    0, 0, 0, 0, -7, 0, 0, 0,
    -1, 0, 0, -28, -2, -12, -12, 0,
    -27, 0, -8, 0, 0, 0, 0, 0,
    0, 0, 0, 0, 0, 0, 0, 0,
    0, 0, 0, 0, 0, 0, 0, 0,
    0, 0, 0, 0, 0, 0, 0, 0,
    0, 0, 0, 0, 0, 0, 0, 0,
    0, 0, 0, 0, 0, 0, 0, 0,
    0, 0, 0, 0, 0, 0, 0, 0,
    0, 0, 0, 0, 0, 0, 0, 0,
    0, 0, 0, 0, 0, 0, 0, 0,
    0, -3, 0, 0, 0, 0, 0, 0,
    -10, 0, 0, 0, 0, 0, 0, 0,
    0, 0, 0, 0, 0, 0, -5, 0,
    0, 0, 0, -1, 0, -25, 0, -5,
    -5, 0, -17, 0, -4, 0, 0, 0,
    -2, 0, 0, 0, 0, 0, 0, 0,
    0, 0, 0, 0, 0, 0, 0, 0,
    0, 0, 0, 0, -2, 0, 0, 0,
    0, 0, 0, 0, 0, 0, 0, 0,
    0, 0, 0, 0, -2, -2, 0, 0,
    0, -2, -2, -2, -2, -2, 0, 0,
    0, 0, 0, 0, 0, 0, 0, 0,
    -2, -2, 0, 0, 0, 0, 0, 0,
    0, -4, 0, 0, -4, 0, -6, 0,
    0, -1, 0, -2, 0, 0, 0, 0,
    0, 0, 0, 0, 0, 0, 0, 0,
    -8, 0, -1, -2, -1, 0, -2, -31,
    -2, -12, -11, -6, -24, -7, -7, -6,
    0, 0, 0, 0, 0, 0, 0, 0,
    0, 0, 0, 0, 0, 0, 0, -1,
    0, 0, 0, 0, -5, 0, 0, 0,
    0, 0, 0, 0, 0, 0, 0, 0,
    0, 0, 0, 0, 0, 0, 0, 0,
    0, 0, 0, 0, 0, 0, 0, 0,
    0, 0, -2, 0, 0, 0, 0, 0,
    0, 0, 0, 0, 0, 0, 0, 0,
    0, 0, 0, -3, 0, -3, -3, 0,
    -10, 0, 0, -9, -4, -9, 0, 0,
    0, 0, 0, 0, 0, 0, 0, 0,
    0, 0, -9, 0, -7, 0, 0, -9,
    -2, -27, 0, -5, -5, -12, -18, -14,
    -4, -9, 0, 0, -1, 0, 0, 0,
    0, 0, 0, 0, 0, 0, 0, 0,
    0, 0, 0, 0, 0, 0, -9, 0,
    0, 0, 0, 0, 0, 0, 0, 0,
    0, 0, 0, 0, 0, 0, 0, 0,
    -1, -1, 0, 0, 0, -1, -1, -1,
    -1, -1, 0, 0, 0, 0, 0, 0,
    0, 0, 0, 0, -1, -1, 0, 0,
    0, 0, 0, 0, 0, -3, 0, -3,
    -3, 0, -9, 0, 0, -9, -3, -8,
    0, 0, 0, 0, 0, 0, 0, 0,
    0, 0, 0, 0, -9, 0, -6, 0,
    0, -8, -1, -27, 0, -5, -5, -11,
    -18, -14, -4, -9, 0, 0, -1, 0,
    -1, 0, 0, 0, 0, 0, 0, 0,
    0, 0, 0, 0, 0, 0, 0, 0,
    -9, 0, 0, 0, 0, 0, 0, 0,
    0, 0, 0, 0, 0, 0, 0, 0,
    0, 0, -1, -1, 0, 0, 0, -1,
    -1, -1, -1, -1, -1, -1, 0, 0,
    0, 0, 0, 0, 0, 0, -1, -1,
    0, 0, 0, 0, 0, 0, 0, -3,
    0, -4, -3, 0, 0, 0, 0, 0,
    -8, 0, 0, 0, 0, 0, 0, 0,
    0, 0, 0, 0, 0, 0, -6, 0,
    0, 0, -2, -1, 0, -28, -2, -9,
    -9, 0, -21, 0, -6, 0, 0, 0,
    -3, 0, -1, 0, 0, 0, 0, 0,
    0, 0, -1, 0, 0, 0, 0, 0,
    0, 0, 0, 0, -4, 0, 0, 0,
    0, 0, 0, 0, 0, 0, 0, 0,
    0, 0, 0, 0, -3, -3, -1, 0,
    0, -3, -3, -3, -3, -3, -1, -1,
    0, 0, 0, 0, 0, 0, 0, 0,
    -3, -3, 0, 0, 0, -1, -1, 0,
    0, -3, 0, -2, -3, 0, -9, 0,
    0, -8, -2, -8, 0, 0, 0, 0,
    0, 0, 0, 0, 0, 0, 0, 0,
    -9, 0, -6, 0, 0, -8, -1, -27,
    0, -5, -5, -11, -18, -13, -4, -9,
    0, 0, 0, 0, -1, 0, 0, 0,
    0, 0, 0, 0, 0, 0, 0, 0,
    0, 0, 0, 0, -9, 0, 0, 0,
    0, 0, 0, 0, 0, 0, 0, 0,
    0, 0, 0, 0, 0, 0, 0, 0,
    0, 0, 0, 0, 0, 0, 0, 0,
    -1, -1, 0, 0, 0, 0, 0, 0,
    0, 0, 0, 0, 0, 0, 0, 0,
    0, 0, 0, -4, 0, -3, -4, 0,
    0, 0, 0, 0, -9, 0, 0, 0,
    0, 0, 0, 0, 0, 0, 0, 0,
    0, 0, -6, 0, 0, 0, -2, -1,
    0, -27, -2, -10, -10, 0, -22, 0,
    -6, 0, 0, 0, -3, 0, 0, 0,
    0, 0, 0, 0, 0, 0, 0, 0,
    0, 0, 0, 0, 0, 0, 0, 0,
    -4, 0, 0, 0, 0, 0, 0, 0,
    0, 0, 0, 0, 0, 0, 0, 0,
    -3, -3, 0, 0, 0, -3, -3, -3,
    -3, -3, 0, 0, 0, 0, 0, 0,
    0, 0, 0, 0, -3, -3, 0, 0,
    0, 0, 0, 0, 0, 0, 0, 0,
    0, -2, 0, 0, 0, 0, 0, 0,
    -6, -1, 0, -2, -10, 0, -6, 0,
    -3, -3, 0, 0, 0, 0, 2, 0,
    -2, 0, 0, 0, 0, 0, 1, 0,
    0, 0, 0, 0, 0, 0, -5, 0,
    0, 0, 0, 0, 0, 0, 0, -2,
    -6, -9, -9, 0, -9, 0, -5, 0,
    0, 0, 0, 0, 0, 0, 0, 0,
    0, 0, 0, 0, 0, 2, 0, 0,
    0, 0, -5, -5, -6, 0, 0, -5,
    -5, -5, -5, -5, 0, 0, 0, 0,
    10, 4, 5, 0, 0, 0, -5, -5,
    0, 0, 0, -6, -6, 0, 0, 0,
    0, 0, 0, 0, 0, 0, 0, 0,
    0, 0, 0, 0, 0, 0, 0, 0,
    0, 0, 0, 0, 0, 0, 0, 0,
    0, 0, 0, 0, 0, 0, 0, 0,
    0, 0, 0, 0, 0, 0, 0, 0,
    0, 0, 0, 0, 0, 0, 0, 0,
    0, 0, 0, 0, 0, 0, 0, 0,
    0, 0, 0, 0, 0, 0, 0, 0,
    0, 0, 0, 0, 0, 0, 0, 0,
    0, 0, 0, 0, 0, 0, 0, 0,
    0, 0, 0, 0, 0, 0, 0, 0,
    0, 0, 6, 0, 0, 0, 0, 0,
    0, 0, 0, 0, 0, 0, 0, 0,
    0, 0, 0, 0, 0, 0, -5, 0,
    0, 0, 0, 0, 0, 0, 0, 0,
    0, 0, 0, 0, 0, 0, 0, 0,
    0, 0, 0, 0, 0, 0, 0, 0,
    0, 0, 0, 0, 0, 0, 0, -5,
    0, 0, 0, 0, 0, 0, 0, 0,
    0, 0, 0, 0, 0, 0, 0, 0,
    0, 0, 0, 0, -5, 0, 0, 0,
    0, 0, 0, 0, 0, 0, 0, 0,
    0, 0, 0, 0, 0, 0, 0, 0,
    0, 0, 0, 0, 0, 0, 0, 0,
    0, 0, 0, 0, 0, 0, 0, 0,
    0, 0, 0, 0, 0, 0, 0, 0,
    0, 0, 0, 0, 0, 0, 0, 0,
    0, 0, 0, 0, 0, 0, 0, 0,
    0, 0, 0, 0, 0, 0, 0, 0,
    0, 0, 0, 0, 0, 0, 0, 0,
    0, 0, 0, 0, 0, 0, 0, 0,
    0, 0, 0, 0, 0, 0, 0, 0,
    0, 0, 0, 0, 0, 0, 0, 0,
    0, 0, 0, 0, 0, 0, 0, 0,
    0, 0, 0, 0, 0, 0, 0, 0,
    0, 0, 0, 0, 0, 0, 0, 0,
    0, 0, 0, 0, 0, 0, 0, 0,
    0, 0, 0, 0, 0, 0, 7, 1,
    0, 0, 0, 0, 0, 0, 0, 0,
    0, 0, 0, 0, 0, 0, 0, 0,
    0, 0, 0, 0, 0, 0, 0, 0,
    -2, 0, 0, -1, -7, 0, -2, 0,
    -2, 0, 0, 0, 0, 0, 0, 0,
    0, 0, 0, 0, 0, 0, 0, 0,
    0, 0, 0, 0, 0, 0, 0, 0,
    0, 0, 0, 0, 0, 0, 0, 0,
    0, 0, 0, 0, 0, 0, 0, 0,
    0, 0, 0, 0, 0, 0, 0, 0,
    0, 0, 0, 0, 0, 0, 0, 0,
    0, 0, 0, 0, 0, 0, 0, 0,
    0, 0, 0, 0, 0, 0, 0, 0,
    0, 0, 0, 0, 0, 0, 0, 0,
    0, 0, 0, 0, 0, 0, 0, -17,
    0, 0, -17, 0, 0, 0, 0, 0,
    0, 0, 0, 0, 0, 0, 0, 0,
    0, 0, 0, 0, 0, 0, 0, 0,
    0, 0, 0, 0, 0, -16, 0, -4,
    -4, 0, -11, 0, 0, 0, 0, 0,
    0, 0, 0, 0, 0, 0, 0, 0,
    0, 0, 0, 0, 0, 0, 0, 0,
    0, 0, 0, 0, 0, 0, 0, 0,
    0, 0, 0, 0, 0, 0, 0, 0,
    0, 0, 0, 0, 0, 0, 0, 0,
    0, 0, 0, 0, 0, 0, 0, 0,
    0, 0, 0, 0, 0, 0, 0, 0,
    0, 0, 0, 0, 0, 0, 0, 0,
    0, 0, 0, 0, 0, 0, 0, 0,
    0, 0, 0, 0, 0, 0, 0, 0,
    0, 0, 0, 0, 0, 0, 0, 0,
    0, 0, -2, 0, 0, 0, 0, -10,
    0, -2, -3, -2, -8, -6, 0, 0,
    0, 0, 0, 0, 0, 0, 0, 0,
    0, 0, 0, 0, 0, 0, 0, 0,
    0, 0, 0, 0, 0, 0, 0, 0,
    0, 0, 0, 0, 0, 0, 0, 0,
    0, 0, 0, 0, 0, 0, 0, 0,
    0, 0, 0, 0, 0, 0, 0, 0,
    0, 0, 0, 0, 0, 0, 0, 0,
    0, 0, 0, 0, 0, 0, 0, 0,
    0, 0, 0, 0, 0, 0, 0, 0,
    0, 0, 0, 0, 0, 0, 0, 2,
    0, 0, -11, 0, 0, 0, 0, 0,
    0, 0, 0, 0, 0, 0, 0, 0,
    0, 0, 0, 0, 0, 0, 0, 0,
    0, 0, 0, 0, 0, 0, 0, 0,
    0, 0, 0, 0, 0, 0, 0, 0,
    0, 0, 0, 0, 0, 0, 0, 0,
    0, 0, 0, 0, 0, 0, 0, 0,
    0, 0, 0, 0, 0, 0, 0, 0,
    0, 0, 0, 0, 0, 0, 0, 0,
    0, 0, 0, 0, 0, 0, 0, 0,
    0, 0, 0, 0, 0, 0, 0, 0,
    0, 0, 0, 0, 0, 0, 0, 0,
    0, 0, 0, 0, 0, 0, 0, 0,
    0, -5, -6, -4, 0, -3, 0, -15,
    0, -2, 0, 0, 0, 0, 0, 0,
    0, 0, 0, 0, 0, 0, 0, 0,
    0, 0, 0, 0, 0, 0, 0, 0,
    0, 0, 0, -14, 0, 0, 0, 0,
    0, 0, 0, 0, 0, 0, 0, 0,
    0, 0, 0, 0, 0, 0, 0, 0,
    0, 0, 0, 0, 0, 0, 0, 0,
    0, 0, 0, 0, 0, 0, 0, 0,
    0, 0, 0, 0, 0, 0, 0, 0,
    0, 0, 0, 0, 0, 0, 0, 0,
    0, 0, 0, 0, 0, 0, 0, -21,
    0, 0, -21, 0, 0, 0, 0, 0,
    0, 0, 0, 0, 0, 0, 0, 0,
    0, 0, 0, 0, 0, 0, 0, 0,
    0, 0, 0, 0, -4, -17, 0, -8,
    -8, -4, -16, -6, 0, 0, 0, 0,
    0, 0, 0, 0, 0, 0, 0, 0,
    0, 0, 0, 0, 0, -4, 0, -4,
    0, 0, 0, 0, 0, 0, 0, 0,
    0, 0, 0, 0, 0, 0, 0, 0,
    0, 0, 0, 0, 0, 0, 0, 0,
    0, 0, 0, 0, 0, 0, 0, 0,
    0, 0, 0, 0, 0, 0, 0, 0,
    0, 0, 0, 0, 0, 0, 0, -4,
    0, 0, 0, 0, 0, 0, 0, 0,
    0, 0, 0, 0, 0, 0, 0, 0,
    0, 0, 0, 0, 0, 0, 0, 0,
    0, 0, 0, 0, 0, 0, 0, -5,
    0, -4, -4, 0, -5, 0, 0, 0,
    0, 0, 0, 0, 0, 0, 0, 0,
    0, 0, 0, 0, 0, -5, -4, 0,
    -5, 0, 0, 0, 0, 0, 0, 0,
    0, 0, 0, 0, 0, 0, 0, 0,
    0, 0, 0, 0, 0, 0, 0, 0,
    0, 0, 0, 0, 0, 0, 0, 0,
    0, 0, 0, 0, 0, 0, 0, 0,
    0, 0, 0, 0, 0, 0, 0, 0,
    0, 0, 0, 0, 0, 0, 0, 0,
    -8, 0, 0, -12, 0, -7, 0, 0,
    0, 0, 0, 0, 0, 0, 0, 0,
    0, 0, -2, 0, -3, 0, 0, -1,
    0, -15, 0, -1, -1, -9, -8, -9,
    0, -7, -1, 0, 0, 0, 0, 0,
    0, 0, 0, 0, 0, 0, 0, 0,
    0, 0, 0, 0, 0, 0, -7, 0,
    0, 0, 0, 0, 0, 0, 0, -1,
    -1, -1, -1, 0, 0, 0, 0, 0,
    0, 0, 0, -1, -1, 0, 0, 0,
    0, 0, 0, 0, 0, 0, 0, 0,
    0, 0, 0, 0, 0, 0, 0, 0,
    0, 0, 0, 0, 0, 0, 0, 0,
    0, 0, -2, 0, 0, 0, 0, 0,
    0, 0, 0, 0, 0, 0, 0, 0,
    0, 0, 0, 0, -4, 0, 0, 0,
    0, 0, 0, 0, 0, 0, 0, 0,
    0, 0, -6, -2, 0, 0, 0, 0,
    0, 0, 0, 0, 0, 0, 0, 0,
    0, -3, -3, -3, -4, -2, 0, 0,
    -2, 0, 0, 0, 0, 0, 0, 0,
    0, 0, 0, 0, 0, 0, 0, 0,
    0, 0, 0, 0, 0, 0, 0, 0,
    0, 0, 0, 0, 0, 0, 0, 0,
    0, 0, 0, 0, 0, 0, 0, 0,
    0, 0, 0, 0, 0, -2, 0, 0,
    0, 0, 0, 0, 3, 0, 0, 0,
    0, 0, 0, 0, 0, 0, 0, 0,
    0, 0, 0, 0, 0, 0, 0, 0,
    0, -1, -1, 0, 0, -2, -1, 0,
    0, 0, 0, 0, 1, 3, 0, 0,
    0, 0, 0, 0, 0, 0, 0, 0,
    0, 0, 0, 0, 0, 0, 0, 0,
    0, 0, 3, 0, 0, 0, 0, 0,
    0, 0, 0, 0, 0, 0, 0, 0,
    0, 0, 0, 0, 0, 0, 0, 0,
    0, 0, 0, 0, 0, 0, 0, 0,
    -1, 0, 6, 0, 0, 0, 0, 0,
    0, 0, 0, 0, 0, 0, 0, 0,
    0, 4, 0, 0, 4, 0, 0, 13,
    0, 0, 0, 0, 0, 0, 0, 0,
    0, 0, 0, 0, 0, 0, 0, 0,
    5, 0, 0, -1, -1, 0, 0, -2,
    -1, 0, 0, 0, 0, 0, 0, 1,
    0, 0, 0, 0, 0, 0, 0, 0,
    0, 0, 0, 0, 0, 0, 0, 0,
    0, 0, 0, 0, 0, 0, 0, 0,
    0, 0, 0, 0, 0, 0, 0, 0,
    0, 0, 0, 0, 0, 0, 0, 0,
    0, 0, 0, 0, 0, 0, 0, 0,
    0, 0, -1, 0, 6, 0, 0, 0,
    0, 0, 0, 0, 0, 0, 0, 0,
    0, 0, 0, 2, 0, 0, 2, 0,
    2, 4, 0, 0, 0, 0, 0, 0,
    0, 0, 0, 0, 0, 0, 0, 0,
    0, 0, 4, 0, 0, -1, -1, 0,
    0, -2, -1, 0, 0, 0, 0, 0,
    0, 2, 0, 0, 0, 0, 0, 0,
    0, 0, 0, 0, 0, 0, 0, 0,
    0, 0, 0, 0, 0, 0, 2, 0,
    0, 0, 0, 0, 0, 0, 0, 0,
    0, 0, 0, 0, 0, 0, 0, 0,
    0, 0, 0, 0, 0, 0, 0, 0,
    0, 0, 0, 0, -1, 0, 6, 0,
    0, 0, 0, 0, 0, 0, 0, 0,
    0, 0, 0, 0, 0, 0, 0, 0,
    0, 0, 0, 0, 0, -1, 0, -4,
    0, 0, 0, 0, 0, 0, 0, 0,
    0, 0, 0, 0, 0, 0, 0, 0,
    0, 0, 0, 0, 0, 0, 0, 0,
    0, 0, 0, 0, 0, 0, 0, 0,
    0, 0, 0, 0, 0, 0, 0, 0,
    0, 0, 0, -1, 0, -1, 0, 0,
    0, 0, 0, 0, 0, 0, 0, 0,
    0, 0, 0, 0, 0, 0, 0, 0,
    0, 0, 0, 0, 0, 0, 0, 0,
    0, 0, 0, 0, 0, 0, 0, 0,
    0, 0, 0, 0, 0, 0, 0, 0,
    0, 0, 0, 0, 0, -1, 29, 36,
    0, 21, 36, 0, 39, 32, 0, 0,
    0, 0, 0, 0, 0, 0, 0, 0,
    0, 0, 0, 0, 0, 0, 35, 0,
    0, -1, -1, 0, 0, 0, 0, 0,
    0, 0, 0, 0, 39, 39, 0, 36,
    0, 28, 0, 37, 37, 33, 0, 0,
    0, 35, 0, 0, 0, 0, 0, 0,
    0, 28, 40, 0, 0, 10, 0, 0,
    0, 0, 28, 9, 0, 0, 0, 37,
    37, 37, 37, 0, 0, 0, 4, 0,
    0, 0, 0, 0, 0, 0, 0, 0,
    -1, 36, 37, 37, 37, 37, 37, 0,
    0, 0, 0, 0, 0, 0, 7, 30,
    0, 0, 0, 0, 0, 0, 0, 8,
    0, 0, 0, 0, 0, 0, 0, 0,
    0, 0, 0, 0, 0, 0, 0, 0,
    3, 0, 0, -1, -1, 0, 0, 0,
    0, 0, 0, 0, 0, 0, 0, 0,
    0, 0, 0, 0, 0, 0, 0, 0,
    0, 0, 0, 0, 0, 0, 0, 0,
    0, 0, 0, 0, 0, 0, 0, 0,
    0, 0, 0, 0, 0, 0, 0, 0,
    0, 0, 0, 0, 0, 0, 0, 0,
    0, 0, 0, 0, 0, 0, 0, 0,
    0, 0, -1, 0, 4, 0, 0, 0,
    0, 0, 0, 0, 0, 0, 0, 0,
    0, 0, 0, 0, 0, -2, 0, 0,
    0, 0, 0, 0, -9, 0, 0, 0,
    0, 0, -2, 0, 0, 0, 0, 0,
    0, 0, 0, 0, 0, 0, -4, -1,
    0, 0, 0, 0, 0, 0, 0, 0,
    0, 0, 0, 0, -6, 0, -1, 0,
    5, 0, 0, 0, 0, 0, -10, -20,
    -19, 0, -13, 0, 0, 0, 0, 0,
    -7, -5, 0, 0, 0, 0, 0, 0,
    0, 0, 0, 3, 0, 4, 3, 0,
    -6, -6, -10, 0, 0, -6, -6, -6,
    -6, -6, -1, -1, 0, 3, 11, 6,
    6, 0, 4, 0, -6, -6, 0, 0,
    0, -10, -10, 0, 0, 0, 0, 0,
    0, 0, 0, 2, 0, 0, 0, 0,
    0, 0, 0, 0, 0, 0, 0, 0,
    0, 0, 0, 0, 0, 0, 0, 0,
    0, 0, 0, 0, 0, 0, 0, 0,
    0, 0, 0, 0, 0, -1, -1, -1,
    -1, 0, 0, -1, -1, -1, 0, -1,
    -2, 0, 0, 0, 0, 0, 0, 0,
    0, 0, 0, 0, 0, 0, 0, 0,
    -1, 0, 0, 0, 0, 0, 0, 0,
    0, -1, -1, -1, -2, 0, 0, -1,
    -1, -1, -1, -1, -1, -1, 0, -1,
    4, 0, 0, 0, 0, -1, -1, -1,
    -1, 0, 0, -2, -2, 0, 8, 13,
    0, 0, 13, 0, 11, 11, 0, 0,
    0, 0, 0, 0, 0, 0, 0, 0,
    0, 0, 0, 0, 0, 0, 17, 0,
    0, -1, -1, 0, 0, -2, -1, 0,
    0, 0, 0, 0, 14, 11, 0, 4,
    0, 0, 0, 7, 7, 3, 0, 0,
    0, 4, 0, 0, 0, 0, 0, 0,
    0, 6, 11, 0, 0, 0, 0, 0,
    0, 0, 0, 0, 0, 0, 0, 7,
    7, 7, 7, 0, 0, 0, 0, 0,
    0, 0, 0, 0, 0, 0, 0, 0,
    -1, 4, 7, 7, 7, 7, 7, 0,
    0, 0, 0, 0, 0, 0, 0, 0,
    1, 5, 0, 0, 5, 0, 5, 1,
    0, 0, 0, 0, 0, 0, 0, 0,
    0, 0, 0, 0, 0, 0, 0, 0,
    7, 0, 0, -1, -1, 0, 0, -2,
    -1, 0, 0, 0, 0, 0, 5, 5,
    0, 0, 0, 0, 0, 0, 0, 0,
    0, 0, 0, 0, 0, 0, 0, 0,
    0, 0, 0, 0, 5, 0, 0, 0,
    0, 0, 0, 0, 0, 0, 0, 0,
    0, 0, 0, 0, 0, 0, 0, 0,
    0, 0, 0, 0, 0, 0, 0, 0,
    0, 0, -1, 0, 6, 0, 0, 0,
    0, 0, 0, 0, 0, 0, 0, 0,
    0, 0, 0, 3, 0, 0, 3, 0,
    4, 0, 0, 0, 0, 0, 0, 0,
    0, 0, 0, 0, 0, 0, 0, 0,
    0, 0, 3, 0, 0, -1, -1, 0,
    0, -2, -1, 0, 0, 0, 0, 0,
    5, 4, 0, 0, 0, 0, 0, 0,
    0, 0, 0, 0, 0, 0, 0, 0,
    0, 0, 0, 0, 0, 0, 5, 0,
    0, 0, 0, 0, 0, 0, 0, 0,
    0, 0, 0, 0, 0, 0, 0, 0,
    0, 0, 0, 0, 0, 0, 0, 0,
    0, 0, 0, 0, -1, 0, 6, 0,
    0, 0, 0, 0, 0, 0, 0, 0,
    0, 0, 0, 0, 0, 4, 0, 0,
    4, 0, 0, 13, 0, 0, 0, 0,
    0, 0, 0, 0, 0, 0, 0, 0,
    0, 0, 0, 0, 5, 0, 0, -1,
    -1, 0, 0, -2, -1, 0, 0, 0,
    0, 0, 0, 1, 0, 0, 0, 0,
    0, 0, 0, 0, 0, 0, 0, 0,
    0, 0, 0, 0, 0, 0, 0, 0,
    0, 0, 0, 0, 0, 0, 0, 0,
    0, 0, 0, 0, 0, 0, 0, 0,
    0, 0, 0, 0, 0, 0, 0, 0,
    0, 0, 0, 0, 0, 0, -1, 0,
    6, 0, 0, 0, 0, 0, 0, 0,
    0, 0, 0, 0, 0, 0, 0, -15,
    0, -2, -15, 0, 0, -16, 0, 0,
    -13, 0, -2, -3, 0, 0, -4, 0,
    -2, -3, 0, 0, 0, 0, -5, 0,
    0, 0, -5, 0, 0, -13, -6, -13,
    -12, 0, -13, 0, -13, 0, 0, 0,
    -4, 0, 0, 0, 0, 0, 0, 0,
    0, -3, -7, -27, -24, 0, -28, 0,
    0, 0, 0, 0, -10, -12, 0, -21,
    -2, 0, 0, 0, 0, 0, 0, 0,
    0, 0, 0, 0, -4, -4, -7, 0,
    0, -4, -4, -4, -4, -4, 0, 0,
    0, 0, 0, 0, 0, 0, 0, 0,
    -4, -4, 0, 0, 0, -7, -7, 0,
    28, 35, 0, 20, 35, 0, 38, 31,
    0, 0, 0, 0, 0, 0, 0, 0,
    0, 0, 0, 0, 0, 0, 0, 0,
    33, 0, 0, -1, -1, 0, 0, 0,
    0, 0, 0, 0, 0, 0, 38, 38,
    0, 34, 0, 26, 0, 36, 36, 32,
    0, 0, 0, 34, 0, 0, 0, 0,
    0, 0, 0, 27, 39, 0, 0, 9,
    0, -14, 0, 0, 26, 8, 0, 0,
    0, 36, 36, 36, 36, 0, 15, 0,
    3, 0, 0, 0, 24, 0, 0, 0,
    0, 0, -1, 34, 36, 36, 36, 36,
    36, 15, 0, 0, 0, 0, 32, 0,
    6, 28, 0, 0, 0, 0, 0, 0,
    0, 0, 0, 0, 0, 0, 0, 0,
    0, 0, 0, 0, 0, 0, 0, 0,
    0, 0, 0, 0, 0, -1, -1, 0,
    0, 0, 0, 0, 0, 0, 0, 0,
    0, 0, 0, 0, 0, 0, 0, 0,
    0, 0, 0, 0, 0, 0, 0, 0,
    0, 0, 1, 0, 0, 0, 0, 0,
    0, 0, 0, -14, 0, 0, 0, 0,
    0, 0, 0, 0, 0, 0, 0, 0,
    0, 0, 0, 0, 0, 0, 0, 0,
    0, 0, 0, 0, -1, 0, 2, 0,
    0, 0, 0, 0, 0, 0, 0, 0,
    0, 0, 0, 0, 5, 9, 0, -3,
    9, 0, 11, 2, 0, 0, -10, 0,
    0, 0, 0, 0, 0, 0, 0, 0,
    0, 0, 0, 0, 5, 0, 0, 0,
    0, -1, 0, -25, 0, -5, -5, 0,
    -17, 0, 10, 11, 0, 4, -2, 0,
    0, 4, 4, 3, 0, 0, 0, 2,
    0, 0, 0, 0, 0, 0, 0, 4,
    11, 0, -2, 0, 0, 0, 0, 0,
    0, 0, 0, 0, 0, 4, 3, 4,
    4, 0, -2, -2, 0, 0, 0, -2,
    -2, -2, -2, -2, 0, 0, 0, 4,
    4, 4, 4, 4, 4, 0, -2, -2,
    0, 0, 0, 0, 0, 0
};


/*Collect the kern class' data in one place*/
static const lv_font_fmt_txt_kern_classes_t kern_classes =
{
    .class_pair_values   = kern_class_values,
    .left_class_mapping  = kern_left_class_mapping,
    .right_class_mapping = kern_right_class_mapping,
    .left_class_cnt      = 95,
    .right_class_cnt     = 106,
};

/*--------------------
 *  ALL CUSTOM DATA
 *--------------------*/

#if LVGL_VERSION_MAJOR == 8
/*Store all the custom data of the font*/
static  lv_font_fmt_txt_glyph_cache_t cache;
#endif

#if LVGL_VERSION_MAJOR >= 8
static const lv_font_fmt_txt_dsc_t font_dsc = {
#else
static lv_font_fmt_txt_dsc_t font_dsc = {
#endif
    .glyph_bitmap = glyph_bitmap,
    .glyph_dsc = glyph_dsc,
    .cmaps = cmaps,
    .kern_dsc = &kern_classes,
    .kern_scale = 16,
    .cmap_num = 3,
    .bpp = 4,
    .kern_classes = 1,
    .bitmap_format = 0,
#if LVGL_VERSION_MAJOR == 8
    .cache = &cache
#endif
};

extern const lv_font_t lv_font_montserrat_20;


/*-----------------
 *  PUBLIC FONT
 *----------------*/

/*Initialize a public general font descriptor*/
#if LVGL_VERSION_MAJOR >= 8
const lv_font_t scry_font_dosis_semibold_20 = {
#else
lv_font_t scry_font_dosis_semibold_20 = {
#endif
    .get_glyph_dsc = lv_font_get_glyph_dsc_fmt_txt,    /*Function pointer to get glyph's data*/
    .get_glyph_bitmap = lv_font_get_bitmap_fmt_txt,    /*Function pointer to get glyph's bitmap*/
    .line_height = 26,          /*The maximum line height required by the font*/
    .base_line = 5,             /*Baseline measured from the bottom of the line*/
#if !(LVGL_VERSION_MAJOR == 6 && LVGL_VERSION_MINOR == 0)
    .subpx = LV_FONT_SUBPX_NONE,
#endif
#if LV_VERSION_CHECK(7, 4, 0) || LVGL_VERSION_MAJOR >= 8
    .underline_position = -2,
    .underline_thickness = 1,
#endif
    .dsc = &font_dsc,          /*The custom font data. Will be accessed by `get_glyph_bitmap/dsc` */
#if LV_VERSION_CHECK(8, 2, 0) || LVGL_VERSION_MAJOR >= 9
    .fallback = &lv_font_montserrat_20,
#endif
    .user_data = NULL,
};



#endif /*#if SCRY_FONT_DOSIS_SEMIBOLD_20*/
