/*******************************************************************************
 * Size: 22 px
 * Bpp: 4
 * Opts: --font assets/fonts/Montserrat-SemiBold.ttf --size 22 --bpp 4 --no-compress -r 0x20-0x024F,0x0370-0x03FF,0x0400-0x04FF,0x2000-0x206F,0x20A0-0x20CF,0x2190-0x21FF --format lvgl -o src/fonts/scry_font_montserrat_semibold_22.c --lv-include lvgl.h --lv-font-name scry_font_montserrat_semibold_22 --lv-fallback lv_font_montserrat_22
 ******************************************************************************/

#ifdef LV_LVGL_H_INCLUDE_SIMPLE
#include "lvgl.h"
#else
#include "lvgl.h"
#endif

#ifndef SCRY_FONT_MONTSERRAT_SEMIBOLD_22
#define SCRY_FONT_MONTSERRAT_SEMIBOLD_22 1
#endif

#if SCRY_FONT_MONTSERRAT_SEMIBOLD_22

/*-----------------
 *    BITMAPS
 *----------------*/

/*Store the image of the glyphs*/
static LV_ATTRIBUTE_LARGE_CONST const uint8_t glyph_bitmap[] = {
    /* U+0020 " " */

    /* U+0021 "!" */
    0x8f, 0xfa, 0x7f, 0xf9, 0x6f, 0xf9, 0x5f, 0xf8,
    0x5f, 0xf7, 0x4f, 0xf6, 0x3f, 0xf5, 0x2f, 0xf4,
    0x1f, 0xf4, 0x1f, 0xf3, 0x6, 0x61, 0x0, 0x0,
    0x5, 0x50, 0x7f, 0xf9, 0xaf, 0xfc, 0x3d, 0xe4,

    /* U+0022 "\"" */
    0xcf, 0x90, 0x8f, 0xdb, 0xf8, 0x7, 0xfc, 0xbf,
    0x80, 0x7f, 0xca, 0xf7, 0x6, 0xfb, 0xaf, 0x70,
    0x6f, 0xb9, 0xf6, 0x5, 0xfa, 0x12, 0x10, 0x2,
    0x10,

    /* U+0023 "#" */
    0x0, 0x0, 0x2f, 0xe0, 0x0, 0x7f, 0x90, 0x0,
    0x0, 0x0, 0x4f, 0xc0, 0x0, 0x8f, 0x70, 0x0,
    0x0, 0x0, 0x6f, 0xa0, 0x0, 0xaf, 0x50, 0x0,
    0x0, 0x0, 0x7f, 0x80, 0x0, 0xcf, 0x30, 0x0,
    0xc, 0xff, 0xff, 0xff, 0xff, 0xff, 0xff, 0xf1,
    0xc, 0xff, 0xff, 0xff, 0xff, 0xff, 0xff, 0xf2,
    0x0, 0x0, 0xdf, 0x20, 0x2, 0xfd, 0x0, 0x0,
    0x0, 0x0, 0xff, 0x0, 0x4, 0xfb, 0x0, 0x0,
    0x0, 0x1, 0xfe, 0x0, 0x6, 0xf9, 0x0, 0x0,
    0x0, 0x3, 0xfc, 0x0, 0x8, 0xf8, 0x0, 0x0,
    0x8f, 0xff, 0xff, 0xff, 0xff, 0xff, 0xff, 0x60,
    0x8f, 0xff, 0xff, 0xff, 0xff, 0xff, 0xff, 0x60,
    0x0, 0x9, 0xf7, 0x0, 0xd, 0xf2, 0x0, 0x0,
    0x0, 0xb, 0xf5, 0x0, 0xf, 0xf0, 0x0, 0x0,
    0x0, 0xc, 0xf3, 0x0, 0x1f, 0xe0, 0x0, 0x0,
    0x0, 0xe, 0xf1, 0x0, 0x3f, 0xc0, 0x0, 0x0,

    /* U+0024 "$" */
    0x0, 0x0, 0x0, 0x67, 0x0, 0x0, 0x0, 0x0,
    0x0, 0x0, 0xdf, 0x0, 0x0, 0x0, 0x0, 0x0,
    0x0, 0xdf, 0x0, 0x0, 0x0, 0x0, 0x2, 0x9d,
    0xff, 0xeb, 0x72, 0x0, 0x0, 0x7f, 0xff, 0xff,
    0xff, 0xff, 0x30, 0x4, 0xff, 0xfa, 0xff, 0x8c,
    0xff, 0x0, 0xb, 0xff, 0x40, 0xdf, 0x0, 0x15,
    0x0, 0xd, 0xff, 0x0, 0xdf, 0x0, 0x0, 0x0,
    0xc, 0xff, 0x50, 0xdf, 0x0, 0x0, 0x0, 0x7,
    0xff, 0xfc, 0xff, 0x0, 0x0, 0x0, 0x0, 0xaf,
    0xff, 0xff, 0xea, 0x30, 0x0, 0x0, 0x3, 0xaf,
    0xff, 0xff, 0xfb, 0x0, 0x0, 0x0, 0x0, 0xff,
    0xcf, 0xff, 0x90, 0x0, 0x0, 0x0, 0xdf, 0x4,
    0xff, 0xf0, 0x0, 0x0, 0x0, 0xdf, 0x0, 0xcf,
    0xf0, 0x8, 0xa2, 0x0, 0xdf, 0x2, 0xff, 0xe0,
    0xe, 0xff, 0xc8, 0xff, 0x9f, 0xff, 0x70, 0x9,
    0xff, 0xff, 0xff, 0xff, 0xf9, 0x0, 0x0, 0x28,
    0xbe, 0xff, 0xda, 0x40, 0x0, 0x0, 0x0, 0x0,
    0xdf, 0x0, 0x0, 0x0, 0x0, 0x0, 0x0, 0xdf,
    0x0, 0x0, 0x0, 0x0, 0x0, 0x0, 0x67, 0x0,
    0x0, 0x0,

    /* U+0025 "%" */
    0x0, 0x6d, 0xfc, 0x40, 0x0, 0x0, 0xb, 0xf7,
    0x0, 0x0, 0x6f, 0xc7, 0xdf, 0x30, 0x0, 0x5,
    0xfc, 0x0, 0x0, 0xe, 0xe0, 0x1, 0xfb, 0x0,
    0x1, 0xef, 0x20, 0x0, 0x2, 0xf9, 0x0, 0xc,
    0xf0, 0x0, 0xaf, 0x70, 0x0, 0x0, 0x4f, 0x80,
    0x0, 0xbf, 0x10, 0x5f, 0xd0, 0x0, 0x0, 0x2,
    0xfa, 0x0, 0xd, 0xf0, 0x1e, 0xf3, 0x0, 0x0,
    0x0, 0xe, 0xe1, 0x2, 0xfb, 0xa, 0xf8, 0x0,
    0x0, 0x0, 0x0, 0x6f, 0xd9, 0xef, 0x34, 0xfd,
    0x0, 0x68, 0x60, 0x0, 0x0, 0x6d, 0xfc, 0x40,
    0xef, 0x31, 0xdf, 0xff, 0xd1, 0x0, 0x0, 0x0,
    0x0, 0x9f, 0x80, 0xbf, 0x60, 0x6f, 0xb0, 0x0,
    0x0, 0x0, 0x4f, 0xd0, 0xf, 0xd0, 0x0, 0xdf,
    0x0, 0x0, 0x0, 0xd, 0xf3, 0x2, 0xfa, 0x0,
    0xa, 0xf2, 0x0, 0x0, 0x9, 0xf9, 0x0, 0x1f,
    0xa0, 0x0, 0xaf, 0x10, 0x0, 0x3, 0xfe, 0x0,
    0x0, 0xde, 0x0, 0xe, 0xe0, 0x0, 0x0, 0xdf,
    0x40, 0x0, 0x5, 0xfc, 0x7c, 0xf6, 0x0, 0x0,
    0x8f, 0x90, 0x0, 0x0, 0x5, 0xdf, 0xd6, 0x0,

    /* U+0026 "&" */
    0x0, 0x0, 0x5b, 0xef, 0xd7, 0x0, 0x0, 0x0,
    0x0, 0x7, 0xff, 0xff, 0xff, 0xb0, 0x0, 0x0,
    0x0, 0xf, 0xfb, 0x10, 0x7f, 0xf2, 0x0, 0x0,
    0x0, 0x3f, 0xf5, 0x0, 0xf, 0xf4, 0x0, 0x0,
    0x0, 0x1f, 0xf8, 0x0, 0x6f, 0xf2, 0x0, 0x0,
    0x0, 0xb, 0xff, 0x48, 0xff, 0x90, 0x0, 0x0,
    0x0, 0x2, 0xff, 0xff, 0xf9, 0x0, 0x0, 0x0,
    0x0, 0x4, 0xff, 0xff, 0x80, 0x0, 0x0, 0x0,
    0x0, 0x8f, 0xff, 0xff, 0xf4, 0x0, 0xa9, 0x20,
    0x5, 0xff, 0xa0, 0x2e, 0xff, 0x50, 0xff, 0x50,
    0xd, 0xfd, 0x0, 0x2, 0xef, 0xfc, 0xff, 0x10,
    0xf, 0xfa, 0x0, 0x0, 0x2e, 0xff, 0xf9, 0x0,
    0xf, 0xfd, 0x0, 0x0, 0x4, 0xff, 0xf7, 0x0,
    0xa, 0xff, 0xd6, 0x45, 0x9f, 0xff, 0xff, 0x60,
    0x1, 0xcf, 0xff, 0xff, 0xff, 0xe5, 0xdf, 0xd0,
    0x0, 0x6, 0xbe, 0xfe, 0xb6, 0x0, 0x1c, 0x20,
    0x0, 0x0, 0x0, 0x0, 0x0, 0x0, 0x0, 0x0,

    /* U+0027 "'" */
    0xcf, 0x9b, 0xf8, 0xbf, 0x8a, 0xf7, 0xaf, 0x79,
    0xf6, 0x12, 0x10,

    /* U+0028 "(" */
    0x0, 0xb, 0xfe, 0x0, 0x4, 0xff, 0x70, 0x0,
    0xbf, 0xf0, 0x0, 0x1f, 0xfa, 0x0, 0x6, 0xff,
    0x50, 0x0, 0x9f, 0xf1, 0x0, 0xc, 0xfe, 0x0,
    0x0, 0xff, 0xb0, 0x0, 0xf, 0xfa, 0x0, 0x1,
    0xff, 0x90, 0x0, 0x2f, 0xf8, 0x0, 0x1, 0xff,
    0x90, 0x0, 0xf, 0xfa, 0x0, 0x0, 0xff, 0xb0,
    0x0, 0xc, 0xfe, 0x0, 0x0, 0x9f, 0xf1, 0x0,
    0x6, 0xff, 0x50, 0x0, 0x1f, 0xfa, 0x0, 0x0,
    0xbf, 0xf0, 0x0, 0x4, 0xff, 0x70, 0x0, 0xb,
    0xfe, 0x0,

    /* U+0029 ")" */
    0x4f, 0xf5, 0x0, 0xc, 0xfe, 0x0, 0x5, 0xff,
    0x50, 0x0, 0xff, 0xb0, 0x0, 0xbf, 0xf0, 0x0,
    0x7f, 0xf3, 0x0, 0x4f, 0xf6, 0x0, 0x1f, 0xf9,
    0x0, 0xf, 0xfa, 0x0, 0xf, 0xfb, 0x0, 0xe,
    0xfc, 0x0, 0xf, 0xfb, 0x0, 0xf, 0xfa, 0x0,
    0x1f, 0xf9, 0x0, 0x4f, 0xf6, 0x0, 0x7f, 0xf3,
    0x0, 0xbf, 0xf0, 0x0, 0xff, 0xb0, 0x5, 0xff,
    0x50, 0xc, 0xfd, 0x0, 0x4f, 0xf5, 0x0,

    /* U+002A "*" */
    0x0, 0x4, 0xf6, 0x0, 0x0, 0x70, 0x4f, 0x60,
    0x61, 0x6f, 0xd8, 0xf9, 0xcf, 0x90, 0x8f, 0xff,
    0xff, 0x91, 0x0, 0x9f, 0xff, 0xc1, 0x4, 0xef,
    0xff, 0xff, 0xf6, 0x2e, 0x74, 0xf6, 0x5e, 0x50,
    0x0, 0x4f, 0x60, 0x0, 0x0, 0x2, 0x83, 0x0,
    0x0,

    /* U+002B "+" */
    0x0, 0x0, 0xaf, 0xa0, 0x0, 0x0, 0x0, 0xa,
    0xfa, 0x0, 0x0, 0x0, 0x0, 0xaf, 0xa0, 0x0,
    0x1, 0x33, 0x3e, 0xfe, 0x33, 0x32, 0x9f, 0xff,
    0xff, 0xff, 0xff, 0x99, 0xff, 0xff, 0xff, 0xff,
    0xf9, 0x0, 0x0, 0xaf, 0xa0, 0x0, 0x0, 0x0,
    0xa, 0xfa, 0x0, 0x0, 0x0, 0x0, 0xaf, 0xa0,
    0x0, 0x0, 0x0, 0xa, 0xfa, 0x0, 0x0,

    /* U+002C "," */
    0x2, 0x96, 0x0, 0xef, 0xf4, 0xf, 0xff, 0x70,
    0x7f, 0xf3, 0x2, 0xfe, 0x0, 0x6f, 0x80, 0xa,
    0xf3, 0x0, 0x67, 0x0,

    /* U+002D "-" */
    0x35, 0x55, 0x55, 0x1c, 0xff, 0xff, 0xf4, 0xcf,
    0xff, 0xff, 0x40,

    /* U+002E "." */
    0x3, 0xa7, 0x0, 0xff, 0xf5, 0xf, 0xff, 0x60,
    0x7f, 0xc0,

    /* U+002F "/" */
    0x0, 0x0, 0x0, 0x9, 0xfe, 0x0, 0x0, 0x0,
    0x0, 0xef, 0x80, 0x0, 0x0, 0x0, 0x4f, 0xf3,
    0x0, 0x0, 0x0, 0x9, 0xfd, 0x0, 0x0, 0x0,
    0x0, 0xef, 0x80, 0x0, 0x0, 0x0, 0x4f, 0xf2,
    0x0, 0x0, 0x0, 0xa, 0xfc, 0x0, 0x0, 0x0,
    0x0, 0xff, 0x70, 0x0, 0x0, 0x0, 0x5f, 0xf2,
    0x0, 0x0, 0x0, 0xb, 0xfc, 0x0, 0x0, 0x0,
    0x0, 0xff, 0x60, 0x0, 0x0, 0x0, 0x6f, 0xf1,
    0x0, 0x0, 0x0, 0xb, 0xfb, 0x0, 0x0, 0x0,
    0x1, 0xff, 0x60, 0x0, 0x0, 0x0, 0x6f, 0xf1,
    0x0, 0x0, 0x0, 0xc, 0xfb, 0x0, 0x0, 0x0,
    0x1, 0xff, 0x50, 0x0, 0x0, 0x0, 0x7f, 0xf0,
    0x0, 0x0, 0x0, 0xc, 0xfa, 0x0, 0x0, 0x0,
    0x2, 0xff, 0x50, 0x0, 0x0, 0x0, 0x7f, 0xf0,
    0x0, 0x0, 0x0, 0x0,

    /* U+0030 "0" */
    0x0, 0x0, 0x3a, 0xef, 0xd9, 0x20, 0x0, 0x0,
    0x8, 0xff, 0xff, 0xff, 0xf5, 0x0, 0x0, 0x7f,
    0xff, 0xa8, 0xbf, 0xff, 0x40, 0x1, 0xff, 0xf3,
    0x0, 0x6, 0xff, 0xd0, 0x7, 0xff, 0x80, 0x0,
    0x0, 0xbf, 0xf4, 0xc, 0xff, 0x20, 0x0, 0x0,
    0x5f, 0xf9, 0xe, 0xff, 0x0, 0x0, 0x0, 0x2f,
    0xfb, 0xf, 0xfe, 0x0, 0x0, 0x0, 0x1f, 0xfc,
    0xf, 0xfd, 0x0, 0x0, 0x0, 0x1f, 0xfc, 0xe,
    0xff, 0x0, 0x0, 0x0, 0x2f, 0xfb, 0xc, 0xff,
    0x20, 0x0, 0x0, 0x5f, 0xf9, 0x7, 0xff, 0x80,
    0x0, 0x0, 0xbf, 0xf4, 0x2, 0xff, 0xf3, 0x0,
    0x6, 0xff, 0xd0, 0x0, 0x7f, 0xff, 0xa8, 0xbf,
    0xff, 0x40, 0x0, 0x8, 0xff, 0xff, 0xff, 0xf5,
    0x0, 0x0, 0x0, 0x4a, 0xef, 0xd9, 0x20, 0x0,

    /* U+0031 "1" */
    0xdf, 0xff, 0xff, 0x4d, 0xff, 0xff, 0xf4, 0x56,
    0x6f, 0xff, 0x40, 0x0, 0x9f, 0xf4, 0x0, 0x9,
    0xff, 0x40, 0x0, 0x9f, 0xf4, 0x0, 0x9, 0xff,
    0x40, 0x0, 0x9f, 0xf4, 0x0, 0x9, 0xff, 0x40,
    0x0, 0x9f, 0xf4, 0x0, 0x9, 0xff, 0x40, 0x0,
    0x9f, 0xf4, 0x0, 0x9, 0xff, 0x40, 0x0, 0x9f,
    0xf4, 0x0, 0x9, 0xff, 0x40, 0x0, 0x9f, 0xf4,

    /* U+0032 "2" */
    0x0, 0x39, 0xdf, 0xfd, 0x92, 0x0, 0x0, 0xaf,
    0xff, 0xff, 0xff, 0xf4, 0x0, 0x8f, 0xff, 0xb8,
    0x9e, 0xff, 0xf1, 0x0, 0xac, 0x10, 0x0, 0xc,
    0xff, 0x60, 0x0, 0x0, 0x0, 0x0, 0x6f, 0xf7,
    0x0, 0x0, 0x0, 0x0, 0x7, 0xff, 0x60, 0x0,
    0x0, 0x0, 0x0, 0xdf, 0xf2, 0x0, 0x0, 0x0,
    0x0, 0x8f, 0xfa, 0x0, 0x0, 0x0, 0x0, 0x8f,
    0xfd, 0x10, 0x0, 0x0, 0x0, 0x8f, 0xfd, 0x10,
    0x0, 0x0, 0x0, 0x9f, 0xfd, 0x10, 0x0, 0x0,
    0x0, 0x9f, 0xfd, 0x10, 0x0, 0x0, 0x0, 0x9f,
    0xfd, 0x10, 0x0, 0x0, 0x0, 0xaf, 0xff, 0x87,
    0x77, 0x77, 0x70, 0x3f, 0xff, 0xff, 0xff, 0xff,
    0xff, 0x23, 0xff, 0xff, 0xff, 0xff, 0xff, 0xf2,

    /* U+0033 "3" */
    0x3f, 0xff, 0xff, 0xff, 0xff, 0xf4, 0x3f, 0xff,
    0xff, 0xff, 0xff, 0xf4, 0x16, 0x66, 0x66, 0x6a,
    0xff, 0xc0, 0x0, 0x0, 0x0, 0x1e, 0xfe, 0x20,
    0x0, 0x0, 0x0, 0xcf, 0xf4, 0x0, 0x0, 0x0,
    0x9, 0xff, 0x80, 0x0, 0x0, 0x0, 0x5f, 0xfe,
    0x0, 0x0, 0x0, 0x0, 0xbf, 0xff, 0xf9, 0x10,
    0x0, 0x0, 0xbf, 0xff, 0xff, 0xd1, 0x0, 0x0,
    0x0, 0x14, 0xdf, 0xf8, 0x0, 0x0, 0x0, 0x0,
    0x2f, 0xfd, 0x0, 0x0, 0x0, 0x0, 0xf, 0xfd,
    0x1b, 0x40, 0x0, 0x0, 0x8f, 0xfa, 0x9f, 0xfd,
    0xa8, 0x9d, 0xff, 0xf3, 0x7f, 0xff, 0xff, 0xff,
    0xff, 0x60, 0x1, 0x7b, 0xef, 0xfd, 0x92, 0x0,

    /* U+0034 "4" */
    0x0, 0x0, 0x0, 0x1, 0xef, 0xe1, 0x0, 0x0,
    0x0, 0x0, 0x0, 0xbf, 0xf5, 0x0, 0x0, 0x0,
    0x0, 0x0, 0x7f, 0xf9, 0x0, 0x0, 0x0, 0x0,
    0x0, 0x3f, 0xfd, 0x0, 0x0, 0x0, 0x0, 0x0,
    0xd, 0xff, 0x30, 0x0, 0x0, 0x0, 0x0, 0xa,
    0xff, 0x70, 0x0, 0x0, 0x0, 0x0, 0x6, 0xff,
    0xb0, 0x3, 0x44, 0x0, 0x0, 0x2, 0xff, 0xe1,
    0x0, 0xbf, 0xf0, 0x0, 0x0, 0xcf, 0xf5, 0x0,
    0xb, 0xff, 0x0, 0x0, 0x8f, 0xf9, 0x0, 0x0,
    0xbf, 0xf0, 0x0, 0x2f, 0xff, 0xff, 0xff, 0xff,
    0xff, 0xff, 0xb4, 0xff, 0xff, 0xff, 0xff, 0xff,
    0xff, 0xfb, 0x17, 0x77, 0x77, 0x77, 0x7f, 0xff,
    0x77, 0x50, 0x0, 0x0, 0x0, 0x0, 0xcf, 0xf0,
    0x0, 0x0, 0x0, 0x0, 0x0, 0xc, 0xff, 0x0,
    0x0, 0x0, 0x0, 0x0, 0x0, 0xcf, 0xf0, 0x0,

    /* U+0035 "5" */
    0x0, 0xdf, 0xff, 0xff, 0xff, 0xf4, 0x0, 0xe,
    0xff, 0xff, 0xff, 0xff, 0x40, 0x0, 0xff, 0xf6,
    0x66, 0x66, 0x61, 0x0, 0x1f, 0xf8, 0x0, 0x0,
    0x0, 0x0, 0x3, 0xff, 0x70, 0x0, 0x0, 0x0,
    0x0, 0x4f, 0xf5, 0x0, 0x0, 0x0, 0x0, 0x6,
    0xff, 0xff, 0xfd, 0xa5, 0x0, 0x0, 0x7f, 0xff,
    0xff, 0xff, 0xfb, 0x0, 0x3, 0x77, 0x77, 0x8b,
    0xff, 0xf8, 0x0, 0x0, 0x0, 0x0, 0x4, 0xff,
    0xf0, 0x0, 0x0, 0x0, 0x0, 0xc, 0xff, 0x10,
    0x0, 0x0, 0x0, 0x0, 0xdf, 0xf1, 0xc, 0x70,
    0x0, 0x0, 0x5f, 0xfe, 0x5, 0xff, 0xfb, 0x89,
    0xcf, 0xff, 0x60, 0x4e, 0xff, 0xff, 0xff, 0xff,
    0x90, 0x0, 0x5, 0xad, 0xff, 0xda, 0x30, 0x0,

    /* U+0036 "6" */
    0x0, 0x0, 0x6, 0xbe, 0xfe, 0xc8, 0x10, 0x0,
    0x3, 0xef, 0xff, 0xff, 0xff, 0x40, 0x0, 0x3f,
    0xff, 0xd8, 0x78, 0xbc, 0x0, 0x0, 0xdf, 0xf7,
    0x0, 0x0, 0x0, 0x0, 0x5, 0xff, 0x90, 0x0,
    0x0, 0x0, 0x0, 0xa, 0xff, 0x20, 0x0, 0x0,
    0x0, 0x0, 0xd, 0xfe, 0x18, 0xdf, 0xfc, 0x60,
    0x0, 0xf, 0xff, 0xef, 0xff, 0xff, 0xfc, 0x0,
    0xf, 0xff, 0xfd, 0x64, 0x7e, 0xff, 0xa0, 0xe,
    0xff, 0xc0, 0x0, 0x1, 0xef, 0xf1, 0xd, 0xff,
    0x60, 0x0, 0x0, 0x9f, 0xf3, 0x8, 0xff, 0x50,
    0x0, 0x0, 0x9f, 0xf2, 0x3, 0xff, 0xc0, 0x0,
    0x1, 0xef, 0xf0, 0x0, 0x9f, 0xfc, 0x64, 0x6d,
    0xff, 0x80, 0x0, 0xa, 0xff, 0xff, 0xff, 0xfa,
    0x0, 0x0, 0x0, 0x4a, 0xdf, 0xeb, 0x50, 0x0,

    /* U+0037 "7" */
    0x6f, 0xff, 0xff, 0xff, 0xff, 0xff, 0x96, 0xff,
    0xff, 0xff, 0xff, 0xff, 0xf9, 0x6f, 0xfb, 0x77,
    0x77, 0x7f, 0xff, 0x56, 0xff, 0x40, 0x0, 0x1,
    0xff, 0xe0, 0x6f, 0xf4, 0x0, 0x0, 0x8f, 0xf7,
    0x1, 0x33, 0x0, 0x0, 0xe, 0xff, 0x10, 0x0,
    0x0, 0x0, 0x6, 0xff, 0xa0, 0x0, 0x0, 0x0,
    0x0, 0xcf, 0xf3, 0x0, 0x0, 0x0, 0x0, 0x3f,
    0xfc, 0x0, 0x0, 0x0, 0x0, 0xa, 0xff, 0x50,
    0x0, 0x0, 0x0, 0x1, 0xff, 0xe0, 0x0, 0x0,
    0x0, 0x0, 0x8f, 0xf8, 0x0, 0x0, 0x0, 0x0,
    0xe, 0xff, 0x10, 0x0, 0x0, 0x0, 0x6, 0xff,
    0xa0, 0x0, 0x0, 0x0, 0x0, 0xcf, 0xf3, 0x0,
    0x0, 0x0, 0x0, 0x3f, 0xfc, 0x0, 0x0, 0x0,

    /* U+0038 "8" */
    0x0, 0x1, 0x8d, 0xff, 0xea, 0x40, 0x0, 0x0,
    0x5f, 0xff, 0xff, 0xff, 0xf9, 0x0, 0x1, 0xff,
    0xfa, 0x55, 0x8e, 0xff, 0x60, 0x7, 0xff, 0x80,
    0x0, 0x3, 0xff, 0xc0, 0x8, 0xff, 0x40, 0x0,
    0x0, 0xff, 0xd0, 0x6, 0xff, 0x80, 0x0, 0x3,
    0xff, 0xb0, 0x0, 0xdf, 0xfa, 0x54, 0x7e, 0xff,
    0x40, 0x0, 0x2f, 0xff, 0xff, 0xff, 0xf5, 0x0,
    0x1, 0xcf, 0xff, 0xff, 0xff, 0xfe, 0x30, 0xa,
    0xff, 0xa1, 0x0, 0x7, 0xff, 0xe0, 0xf, 0xfe,
    0x0, 0x0, 0x0, 0x9f, 0xf5, 0x1f, 0xfd, 0x0,
    0x0, 0x0, 0x7f, 0xf6, 0xe, 0xff, 0x30, 0x0,
    0x0, 0xdf, 0xf4, 0x8, 0xff, 0xe8, 0x54, 0x7d,
    0xff, 0xd0, 0x0, 0xaf, 0xff, 0xff, 0xff, 0xfd,
    0x10, 0x0, 0x4, 0xad, 0xff, 0xeb, 0x60, 0x0,

    /* U+0039 "9" */
    0x0, 0x6, 0xce, 0xfd, 0x93, 0x0, 0x0, 0x1c,
    0xff, 0xff, 0xff, 0xf7, 0x0, 0xb, 0xff, 0xc5,
    0x47, 0xef, 0xf6, 0x3, 0xff, 0xb0, 0x0, 0x1,
    0xef, 0xe0, 0x6f, 0xf5, 0x0, 0x0, 0x9, 0xff,
    0x56, 0xff, 0x60, 0x0, 0x0, 0x9f, 0xf9, 0x4f,
    0xfc, 0x0, 0x0, 0x1f, 0xff, 0xb0, 0xdf, 0xfc,
    0x64, 0x7e, 0xff, 0xfc, 0x2, 0xef, 0xff, 0xff,
    0xfd, 0xff, 0xc0, 0x1, 0x8d, 0xff, 0xc6, 0x2f,
    0xfa, 0x0, 0x0, 0x0, 0x0, 0x6, 0xff, 0x70,
    0x0, 0x0, 0x0, 0x0, 0xcf, 0xf2, 0x0, 0x0,
    0x0, 0x0, 0xaf, 0xfa, 0x0, 0x1e, 0xa7, 0x79,
    0xef, 0xfe, 0x10, 0x8, 0xff, 0xff, 0xff, 0xfc,
    0x10, 0x0, 0x29, 0xde, 0xfd, 0xb5, 0x0, 0x0,

    /* U+003A ":" */
    0x7, 0xfc, 0x10, 0xff, 0xf6, 0xe, 0xff, 0x50,
    0x3a, 0x70, 0x0, 0x0, 0x0, 0x0, 0x0, 0x0,
    0x0, 0x0, 0x0, 0x0, 0x3, 0xa7, 0x0, 0xff,
    0xf5, 0xf, 0xff, 0x60, 0x7f, 0xc0,

    /* U+003B ";" */
    0x7, 0xfc, 0x10, 0xff, 0xf6, 0xe, 0xff, 0x50,
    0x3a, 0x70, 0x0, 0x0, 0x0, 0x0, 0x0, 0x0,
    0x0, 0x0, 0x0, 0x0, 0x2, 0x96, 0x0, 0xef,
    0xf4, 0xf, 0xff, 0x70, 0x7f, 0xf3, 0x2, 0xfe,
    0x0, 0x6f, 0x80, 0xa, 0xf3, 0x0, 0x67, 0x0,

    /* U+003C "<" */
    0x0, 0x0, 0x0, 0x0, 0x28, 0x70, 0x0, 0x0,
    0x5, 0xcf, 0xf9, 0x0, 0x3, 0x9e, 0xff, 0xfc,
    0x40, 0x6c, 0xff, 0xfe, 0x82, 0x0, 0x8f, 0xff,
    0xa4, 0x0, 0x0, 0x9, 0xff, 0xa3, 0x0, 0x0,
    0x0, 0x4d, 0xff, 0xfd, 0x71, 0x0, 0x0, 0x3,
    0xaf, 0xff, 0xfb, 0x40, 0x0, 0x0, 0x6, 0xcf,
    0xff, 0x90, 0x0, 0x0, 0x0, 0x39, 0xf9, 0x0,
    0x0, 0x0, 0x0, 0x0, 0x20,

    /* U+003D "=" */
    0x9f, 0xff, 0xff, 0xff, 0xff, 0x99, 0xff, 0xff,
    0xff, 0xff, 0xf9, 0x13, 0x33, 0x33, 0x33, 0x33,
    0x20, 0x0, 0x0, 0x0, 0x0, 0x0, 0x0, 0x0,
    0x0, 0x0, 0x0, 0x9, 0xff, 0xff, 0xff, 0xff,
    0xf9, 0x9f, 0xff, 0xff, 0xff, 0xff, 0x91, 0x33,
    0x33, 0x33, 0x33, 0x32,

    /* U+003E ">" */
    0x78, 0x20, 0x0, 0x0, 0x0, 0x9, 0xff, 0xc5,
    0x0, 0x0, 0x0, 0x4b, 0xff, 0xff, 0x93, 0x0,
    0x0, 0x2, 0x8e, 0xff, 0xfc, 0x60, 0x0, 0x0,
    0x4, 0xaf, 0xff, 0x90, 0x0, 0x0, 0x3, 0xaf,
    0xf9, 0x0, 0x1, 0x7d, 0xff, 0xfd, 0x40, 0x4a,
    0xff, 0xff, 0xa3, 0x0, 0x8f, 0xff, 0xc6, 0x0,
    0x0, 0x9, 0xf9, 0x30, 0x0, 0x0, 0x0, 0x20,
    0x0, 0x0, 0x0, 0x0, 0x0,

    /* U+003F "?" */
    0x0, 0x39, 0xdf, 0xfd, 0x92, 0x0, 0xa, 0xff,
    0xff, 0xff, 0xff, 0x60, 0x9f, 0xfe, 0x96, 0x7c,
    0xff, 0xf1, 0x1a, 0xb1, 0x0, 0x0, 0xcf, 0xf5,
    0x0, 0x0, 0x0, 0x0, 0x7f, 0xf6, 0x0, 0x0,
    0x0, 0x0, 0xbf, 0xf2, 0x0, 0x0, 0x0, 0x8,
    0xff, 0x90, 0x0, 0x0, 0x0, 0x9f, 0xfb, 0x0,
    0x0, 0x0, 0x6, 0xff, 0xb0, 0x0, 0x0, 0x0,
    0xe, 0xfe, 0x10, 0x0, 0x0, 0x0, 0xa, 0xa7,
    0x0, 0x0, 0x0, 0x0, 0x0, 0x0, 0x0, 0x0,
    0x0, 0x0, 0x3, 0x61, 0x0, 0x0, 0x0, 0x0,
    0x3f, 0xfc, 0x0, 0x0, 0x0, 0x0, 0x6f, 0xff,
    0x0, 0x0, 0x0, 0x0, 0x1c, 0xf7, 0x0, 0x0,

    /* U+0040 "@" */
    0x0, 0x0, 0x0, 0x5, 0x9d, 0xef, 0xed, 0x94,
    0x0, 0x0, 0x0, 0x0, 0x0, 0x6, 0xef, 0xff,
    0xed, 0xef, 0xff, 0xd4, 0x0, 0x0, 0x0, 0x0,
    0xaf, 0xfb, 0x40, 0x0, 0x0, 0x4b, 0xff, 0x80,
    0x0, 0x0, 0xb, 0xfe, 0x30, 0x0, 0x0, 0x0,
    0x0, 0x3e, 0xf8, 0x0, 0x0, 0x7f, 0xe1, 0x0,
    0x6c, 0xfe, 0xa3, 0x8f, 0xf1, 0xef, 0x40, 0x1,
    0xff, 0x30, 0xb, 0xff, 0xff, 0xff, 0xcf, 0xf0,
    0x4f, 0xd0, 0x6, 0xfb, 0x0, 0x8f, 0xf9, 0x21,
    0x4e, 0xff, 0xf0, 0xb, 0xf3, 0xb, 0xf5, 0x0,
    0xff, 0xa0, 0x0, 0x2, 0xff, 0xf0, 0x6, 0xf8,
    0xe, 0xf1, 0x4, 0xff, 0x30, 0x0, 0x0, 0xff,
    0xf0, 0x2, 0xfa, 0xf, 0xf0, 0x6, 0xff, 0x10,
    0x0, 0x0, 0xdf, 0xf0, 0x1, 0xfc, 0xf, 0xf0,
    0x6, 0xff, 0x10, 0x0, 0x0, 0xdf, 0xf0, 0x1,
    0xfb, 0xe, 0xf1, 0x4, 0xff, 0x40, 0x0, 0x0,
    0xff, 0xf0, 0x3, 0xfa, 0xb, 0xf5, 0x0, 0xff,
    0xb0, 0x0, 0x2, 0xff, 0xf0, 0x6, 0xf7, 0x6,
    0xfb, 0x0, 0x7f, 0xfa, 0x31, 0x5e, 0xff, 0xf5,
    0x3e, 0xf2, 0x1, 0xef, 0x30, 0xa, 0xff, 0xff,
    0xff, 0x5e, 0xff, 0xff, 0x80, 0x0, 0x7f, 0xe1,
    0x0, 0x6c, 0xfe, 0xb3, 0x3, 0xcf, 0xd7, 0x0,
    0x0, 0xb, 0xfe, 0x30, 0x0, 0x0, 0x0, 0x0,
    0x0, 0x0, 0x0, 0x0, 0x0, 0xaf, 0xfa, 0x40,
    0x0, 0x1, 0x57, 0x0, 0x0, 0x0, 0x0, 0x0,
    0x6, 0xef, 0xff, 0xed, 0xff, 0xff, 0x10, 0x0,
    0x0, 0x0, 0x0, 0x0, 0x5, 0xad, 0xef, 0xec,
    0x94, 0x0, 0x0, 0x0,

    /* U+0041 "A" */
    0x0, 0x0, 0x0, 0x6, 0xff, 0xd0, 0x0, 0x0,
    0x0, 0x0, 0x0, 0x0, 0xd, 0xff, 0xf4, 0x0,
    0x0, 0x0, 0x0, 0x0, 0x0, 0x4f, 0xff, 0xfb,
    0x0, 0x0, 0x0, 0x0, 0x0, 0x0, 0xbf, 0xf9,
    0xff, 0x20, 0x0, 0x0, 0x0, 0x0, 0x2, 0xff,
    0x92, 0xff, 0x90, 0x0, 0x0, 0x0, 0x0, 0x9,
    0xff, 0x20, 0xbf, 0xf1, 0x0, 0x0, 0x0, 0x0,
    0xf, 0xfc, 0x0, 0x5f, 0xf7, 0x0, 0x0, 0x0,
    0x0, 0x6f, 0xf5, 0x0, 0xe, 0xfe, 0x0, 0x0,
    0x0, 0x0, 0xdf, 0xe0, 0x0, 0x8, 0xff, 0x50,
    0x0, 0x0, 0x4, 0xff, 0x80, 0x0, 0x1, 0xff,
    0xc0, 0x0, 0x0, 0xb, 0xff, 0xff, 0xff, 0xff,
    0xff, 0xf3, 0x0, 0x0, 0x2f, 0xff, 0xff, 0xff,
    0xff, 0xff, 0xfa, 0x0, 0x0, 0x9f, 0xf9, 0x44,
    0x44, 0x44, 0x4f, 0xff, 0x10, 0x1, 0xff, 0xd0,
    0x0, 0x0, 0x0, 0x7, 0xff, 0x80, 0x7, 0xff,
    0x70, 0x0, 0x0, 0x0, 0x1, 0xff, 0xe0, 0xe,
    0xff, 0x10, 0x0, 0x0, 0x0, 0x0, 0x9f, 0xf6,

    /* U+0042 "B" */
    0xff, 0xff, 0xff, 0xff, 0xeb, 0x50, 0x0, 0xff,
    0xff, 0xff, 0xff, 0xff, 0xfb, 0x0, 0xff, 0xf4,
    0x44, 0x45, 0x8f, 0xff, 0x70, 0xff, 0xe0, 0x0,
    0x0, 0x4, 0xff, 0xd0, 0xff, 0xe0, 0x0, 0x0,
    0x0, 0xff, 0xe0, 0xff, 0xe0, 0x0, 0x0, 0x2,
    0xff, 0xd0, 0xff, 0xe0, 0x0, 0x0, 0x4c, 0xff,
    0x80, 0xff, 0xff, 0xff, 0xff, 0xff, 0xfd, 0x0,
    0xff, 0xff, 0xff, 0xff, 0xff, 0xf7, 0x0, 0xff,
    0xf3, 0x33, 0x33, 0x59, 0xff, 0xb0, 0xff, 0xe0,
    0x0, 0x0, 0x0, 0x6f, 0xf6, 0xff, 0xe0, 0x0,
    0x0, 0x0, 0x2f, 0xfa, 0xff, 0xe0, 0x0, 0x0,
    0x0, 0x6f, 0xfb, 0xff, 0xf4, 0x44, 0x44, 0x59,
    0xff, 0xf6, 0xff, 0xff, 0xff, 0xff, 0xff, 0xff,
    0xb0, 0xff, 0xff, 0xff, 0xff, 0xfe, 0xa5, 0x0,

    /* U+0043 "C" */
    0x0, 0x0, 0x3, 0x9d, 0xef, 0xeb, 0x60, 0x0,
    0x0, 0x0, 0xaf, 0xff, 0xff, 0xff, 0xfd, 0x30,
    0x0, 0xd, 0xff, 0xfd, 0x98, 0xae, 0xff, 0xf1,
    0x0, 0xbf, 0xfe, 0x40, 0x0, 0x0, 0x8f, 0x60,
    0x4, 0xff, 0xe1, 0x0, 0x0, 0x0, 0x2, 0x0,
    0xa, 0xff, 0x60, 0x0, 0x0, 0x0, 0x0, 0x0,
    0xe, 0xff, 0x0, 0x0, 0x0, 0x0, 0x0, 0x0,
    0xf, 0xfe, 0x0, 0x0, 0x0, 0x0, 0x0, 0x0,
    0xf, 0xfe, 0x0, 0x0, 0x0, 0x0, 0x0, 0x0,
    0xe, 0xff, 0x0, 0x0, 0x0, 0x0, 0x0, 0x0,
    0xa, 0xff, 0x60, 0x0, 0x0, 0x0, 0x0, 0x0,
    0x4, 0xff, 0xe1, 0x0, 0x0, 0x0, 0x2, 0x0,
    0x0, 0xbf, 0xfe, 0x40, 0x0, 0x0, 0x8f, 0x60,
    0x0, 0xd, 0xff, 0xfd, 0x98, 0xae, 0xff, 0xf1,
    0x0, 0x0, 0xaf, 0xff, 0xff, 0xff, 0xfd, 0x30,
    0x0, 0x0, 0x3, 0x9d, 0xff, 0xeb, 0x60, 0x0,

    /* U+0044 "D" */
    0xff, 0xff, 0xff, 0xff, 0xda, 0x40, 0x0, 0x0,
    0xff, 0xff, 0xff, 0xff, 0xff, 0xfc, 0x10, 0x0,
    0xff, 0xf7, 0x77, 0x78, 0xbf, 0xff, 0xe2, 0x0,
    0xff, 0xe0, 0x0, 0x0, 0x1, 0xbf, 0xfd, 0x0,
    0xff, 0xe0, 0x0, 0x0, 0x0, 0xc, 0xff, 0x70,
    0xff, 0xe0, 0x0, 0x0, 0x0, 0x3, 0xff, 0xd0,
    0xff, 0xe0, 0x0, 0x0, 0x0, 0x0, 0xdf, 0xf1,
    0xff, 0xe0, 0x0, 0x0, 0x0, 0x0, 0xbf, 0xf2,
    0xff, 0xe0, 0x0, 0x0, 0x0, 0x0, 0xbf, 0xf2,
    0xff, 0xe0, 0x0, 0x0, 0x0, 0x0, 0xdf, 0xf1,
    0xff, 0xe0, 0x0, 0x0, 0x0, 0x3, 0xff, 0xd0,
    0xff, 0xe0, 0x0, 0x0, 0x0, 0xc, 0xff, 0x70,
    0xff, 0xe0, 0x0, 0x0, 0x1, 0xbf, 0xfd, 0x0,
    0xff, 0xf7, 0x77, 0x78, 0xbf, 0xff, 0xe2, 0x0,
    0xff, 0xff, 0xff, 0xff, 0xff, 0xfc, 0x20, 0x0,
    0xff, 0xff, 0xff, 0xfe, 0xd9, 0x40, 0x0, 0x0,

    /* U+0045 "E" */
    0xff, 0xff, 0xff, 0xff, 0xff, 0xf5, 0xff, 0xff,
    0xff, 0xff, 0xff, 0xf5, 0xff, 0xf6, 0x66, 0x66,
    0x66, 0x62, 0xff, 0xe0, 0x0, 0x0, 0x0, 0x0,
    0xff, 0xe0, 0x0, 0x0, 0x0, 0x0, 0xff, 0xe0,
    0x0, 0x0, 0x0, 0x0, 0xff, 0xe0, 0x0, 0x0,
    0x0, 0x0, 0xff, 0xff, 0xff, 0xff, 0xff, 0x50,
    0xff, 0xff, 0xff, 0xff, 0xff, 0x50, 0xff, 0xf6,
    0x66, 0x66, 0x66, 0x20, 0xff, 0xe0, 0x0, 0x0,
    0x0, 0x0, 0xff, 0xe0, 0x0, 0x0, 0x0, 0x0,
    0xff, 0xe0, 0x0, 0x0, 0x0, 0x0, 0xff, 0xf6,
    0x66, 0x66, 0x66, 0x64, 0xff, 0xff, 0xff, 0xff,
    0xff, 0xfa, 0xff, 0xff, 0xff, 0xff, 0xff, 0xfa,

    /* U+0046 "F" */
    0xff, 0xff, 0xff, 0xff, 0xff, 0xf5, 0xff, 0xff,
    0xff, 0xff, 0xff, 0xf5, 0xff, 0xf6, 0x66, 0x66,
    0x66, 0x62, 0xff, 0xe0, 0x0, 0x0, 0x0, 0x0,
    0xff, 0xe0, 0x0, 0x0, 0x0, 0x0, 0xff, 0xe0,
    0x0, 0x0, 0x0, 0x0, 0xff, 0xe0, 0x0, 0x0,
    0x0, 0x0, 0xff, 0xf7, 0x77, 0x77, 0x77, 0x20,
    0xff, 0xff, 0xff, 0xff, 0xff, 0x50, 0xff, 0xff,
    0xff, 0xff, 0xff, 0x50, 0xff, 0xe0, 0x0, 0x0,
    0x0, 0x0, 0xff, 0xe0, 0x0, 0x0, 0x0, 0x0,
    0xff, 0xe0, 0x0, 0x0, 0x0, 0x0, 0xff, 0xe0,
    0x0, 0x0, 0x0, 0x0, 0xff, 0xe0, 0x0, 0x0,
    0x0, 0x0, 0xff, 0xe0, 0x0, 0x0, 0x0, 0x0,

    /* U+0047 "G" */
    0x0, 0x0, 0x2, 0x8c, 0xef, 0xeb, 0x71, 0x0,
    0x0, 0x0, 0xaf, 0xff, 0xff, 0xff, 0xfe, 0x50,
    0x0, 0xd, 0xff, 0xfd, 0x98, 0xae, 0xff, 0xf3,
    0x0, 0xaf, 0xfe, 0x40, 0x0, 0x0, 0x6f, 0x80,
    0x4, 0xff, 0xe2, 0x0, 0x0, 0x0, 0x1, 0x0,
    0xa, 0xff, 0x60, 0x0, 0x0, 0x0, 0x0, 0x0,
    0xe, 0xff, 0x0, 0x0, 0x0, 0x0, 0x0, 0x0,
    0xf, 0xfe, 0x0, 0x0, 0x0, 0x0, 0x12, 0x20,
    0xf, 0xfe, 0x0, 0x0, 0x0, 0x0, 0x6f, 0xf4,
    0xe, 0xff, 0x10, 0x0, 0x0, 0x0, 0x6f, 0xf4,
    0xa, 0xff, 0x60, 0x0, 0x0, 0x0, 0x6f, 0xf4,
    0x4, 0xff, 0xe2, 0x0, 0x0, 0x0, 0x6f, 0xf4,
    0x0, 0xbf, 0xfe, 0x40, 0x0, 0x0, 0xbf, 0xf4,
    0x0, 0xd, 0xff, 0xfd, 0x98, 0xad, 0xff, 0xf5,
    0x0, 0x0, 0xaf, 0xff, 0xff, 0xff, 0xff, 0x80,
    0x0, 0x0, 0x3, 0x9d, 0xff, 0xeb, 0x71, 0x0,

    /* U+0048 "H" */
    0xff, 0xe0, 0x0, 0x0, 0x0, 0x1f, 0xfc, 0xff,
    0xe0, 0x0, 0x0, 0x0, 0x1f, 0xfc, 0xff, 0xe0,
    0x0, 0x0, 0x0, 0x1f, 0xfc, 0xff, 0xe0, 0x0,
    0x0, 0x0, 0x1f, 0xfc, 0xff, 0xe0, 0x0, 0x0,
    0x0, 0x1f, 0xfc, 0xff, 0xe0, 0x0, 0x0, 0x0,
    0x1f, 0xfc, 0xff, 0xe0, 0x0, 0x0, 0x0, 0x1f,
    0xfc, 0xff, 0xff, 0xff, 0xff, 0xff, 0xff, 0xfc,
    0xff, 0xff, 0xff, 0xff, 0xff, 0xff, 0xfc, 0xff,
    0xf7, 0x77, 0x77, 0x77, 0x9f, 0xfc, 0xff, 0xe0,
    0x0, 0x0, 0x0, 0x1f, 0xfc, 0xff, 0xe0, 0x0,
    0x0, 0x0, 0x1f, 0xfc, 0xff, 0xe0, 0x0, 0x0,
    0x0, 0x1f, 0xfc, 0xff, 0xe0, 0x0, 0x0, 0x0,
    0x1f, 0xfc, 0xff, 0xe0, 0x0, 0x0, 0x0, 0x1f,
    0xfc, 0xff, 0xe0, 0x0, 0x0, 0x0, 0x1f, 0xfc,

    /* U+0049 "I" */
    0xff, 0xef, 0xfe, 0xff, 0xef, 0xfe, 0xff, 0xef,
    0xfe, 0xff, 0xef, 0xfe, 0xff, 0xef, 0xfe, 0xff,
    0xef, 0xfe, 0xff, 0xef, 0xfe, 0xff, 0xef, 0xfe,

    /* U+004A "J" */
    0x0, 0xbf, 0xff, 0xff, 0xff, 0xa0, 0xb, 0xff,
    0xff, 0xff, 0xfa, 0x0, 0x46, 0x66, 0x68, 0xff,
    0xa0, 0x0, 0x0, 0x0, 0x3f, 0xfa, 0x0, 0x0,
    0x0, 0x3, 0xff, 0xa0, 0x0, 0x0, 0x0, 0x3f,
    0xfa, 0x0, 0x0, 0x0, 0x3, 0xff, 0xa0, 0x0,
    0x0, 0x0, 0x3f, 0xfa, 0x0, 0x0, 0x0, 0x3,
    0xff, 0xa0, 0x0, 0x0, 0x0, 0x3f, 0xfa, 0x0,
    0x0, 0x0, 0x3, 0xff, 0xa0, 0x0, 0x0, 0x0,
    0x4f, 0xf9, 0x4, 0xd2, 0x0, 0xa, 0xff, 0x61,
    0xef, 0xf9, 0x7b, 0xff, 0xf1, 0x9, 0xff, 0xff,
    0xff, 0xf6, 0x0, 0x4, 0xae, 0xfe, 0xb4, 0x0,

    /* U+004B "K" */
    0xff, 0xe0, 0x0, 0x0, 0x1, 0xdf, 0xf4, 0xf,
    0xfe, 0x0, 0x0, 0x0, 0xcf, 0xf6, 0x0, 0xff,
    0xe0, 0x0, 0x0, 0xbf, 0xf7, 0x0, 0xf, 0xfe,
    0x0, 0x0, 0xaf, 0xf9, 0x0, 0x0, 0xff, 0xe0,
    0x0, 0x9f, 0xfa, 0x0, 0x0, 0xf, 0xfe, 0x0,
    0x8f, 0xfb, 0x0, 0x0, 0x0, 0xff, 0xe0, 0x7f,
    0xfd, 0x0, 0x0, 0x0, 0xf, 0xfe, 0x6f, 0xff,
    0xa0, 0x0, 0x0, 0x0, 0xff, 0xff, 0xff, 0xff,
    0x50, 0x0, 0x0, 0xf, 0xff, 0xff, 0xaf, 0xff,
    0x20, 0x0, 0x0, 0xff, 0xff, 0x40, 0xaf, 0xfd,
    0x0, 0x0, 0xf, 0xff, 0x50, 0x0, 0xcf, 0xfa,
    0x0, 0x0, 0xff, 0xf0, 0x0, 0x1, 0xef, 0xf6,
    0x0, 0xf, 0xfe, 0x0, 0x0, 0x3, 0xff, 0xf3,
    0x0, 0xff, 0xe0, 0x0, 0x0, 0x6, 0xff, 0xe1,
    0xf, 0xfe, 0x0, 0x0, 0x0, 0x9, 0xff, 0xb0,

    /* U+004C "L" */
    0xff, 0xe0, 0x0, 0x0, 0x0, 0xf, 0xfe, 0x0,
    0x0, 0x0, 0x0, 0xff, 0xe0, 0x0, 0x0, 0x0,
    0xf, 0xfe, 0x0, 0x0, 0x0, 0x0, 0xff, 0xe0,
    0x0, 0x0, 0x0, 0xf, 0xfe, 0x0, 0x0, 0x0,
    0x0, 0xff, 0xe0, 0x0, 0x0, 0x0, 0xf, 0xfe,
    0x0, 0x0, 0x0, 0x0, 0xff, 0xe0, 0x0, 0x0,
    0x0, 0xf, 0xfe, 0x0, 0x0, 0x0, 0x0, 0xff,
    0xe0, 0x0, 0x0, 0x0, 0xf, 0xfe, 0x0, 0x0,
    0x0, 0x0, 0xff, 0xe0, 0x0, 0x0, 0x0, 0xf,
    0xff, 0x77, 0x77, 0x77, 0x77, 0xff, 0xff, 0xff,
    0xff, 0xff, 0xff, 0xff, 0xff, 0xff, 0xff, 0xff,

    /* U+004D "M" */
    0xff, 0xb0, 0x0, 0x0, 0x0, 0x0, 0x0, 0xbf,
    0xef, 0xff, 0x40, 0x0, 0x0, 0x0, 0x0, 0x4f,
    0xfe, 0xff, 0xfd, 0x0, 0x0, 0x0, 0x0, 0xd,
    0xff, 0xef, 0xff, 0xf6, 0x0, 0x0, 0x0, 0x6,
    0xff, 0xfe, 0xff, 0xff, 0xe1, 0x0, 0x0, 0x0,
    0xef, 0xff, 0xef, 0xff, 0xff, 0x80, 0x0, 0x0,
    0x8f, 0xff, 0xfe, 0xff, 0xcc, 0xff, 0x20, 0x0,
    0x2f, 0xfb, 0xcf, 0xef, 0xfc, 0x3f, 0xfb, 0x0,
    0xa, 0xff, 0x2c, 0xfe, 0xff, 0xc0, 0x9f, 0xf4,
    0x3, 0xff, 0x80, 0xcf, 0xef, 0xfc, 0x1, 0xef,
    0xd0, 0xcf, 0xe0, 0xc, 0xfe, 0xff, 0xc0, 0x6,
    0xff, 0xcf, 0xf5, 0x0, 0xcf, 0xef, 0xfc, 0x0,
    0xc, 0xff, 0xfb, 0x0, 0xc, 0xfe, 0xff, 0xc0,
    0x0, 0x3f, 0xff, 0x20, 0x0, 0xcf, 0xef, 0xfc,
    0x0, 0x0, 0x9f, 0x80, 0x0, 0xc, 0xfe, 0xff,
    0xc0, 0x0, 0x0, 0x30, 0x0, 0x0, 0xcf, 0xef,
    0xfc, 0x0, 0x0, 0x0, 0x0, 0x0, 0xc, 0xfe,

    /* U+004E "N" */
    0xff, 0xc0, 0x0, 0x0, 0x0, 0x1f, 0xfc, 0xff,
    0xfa, 0x0, 0x0, 0x0, 0x1f, 0xfc, 0xff, 0xff,
    0x60, 0x0, 0x0, 0x1f, 0xfc, 0xff, 0xff, 0xf4,
    0x0, 0x0, 0x1f, 0xfc, 0xff, 0xff, 0xfe, 0x20,
    0x0, 0x1f, 0xfc, 0xff, 0xfe, 0xff, 0xc0, 0x0,
    0x1f, 0xfc, 0xff, 0xe4, 0xff, 0xfa, 0x0, 0x1f,
    0xfc, 0xff, 0xe0, 0x7f, 0xff, 0x70, 0x1f, 0xfc,
    0xff, 0xe0, 0xa, 0xff, 0xf4, 0x1f, 0xfc, 0xff,
    0xe0, 0x0, 0xcf, 0xfe, 0x3f, 0xfc, 0xff, 0xe0,
    0x0, 0x1e, 0xff, 0xef, 0xfc, 0xff, 0xe0, 0x0,
    0x4, 0xff, 0xff, 0xfc, 0xff, 0xe0, 0x0, 0x0,
    0x6f, 0xff, 0xfc, 0xff, 0xe0, 0x0, 0x0, 0x9,
    0xff, 0xfc, 0xff, 0xe0, 0x0, 0x0, 0x0, 0xcf,
    0xfc, 0xff, 0xe0, 0x0, 0x0, 0x0, 0x1e, 0xfc,

    /* U+004F "O" */
    0x0, 0x0, 0x2, 0x8d, 0xef, 0xeb, 0x60, 0x0,
    0x0, 0x0, 0x0, 0x9f, 0xff, 0xff, 0xff, 0xfe,
    0x40, 0x0, 0x0, 0xc, 0xff, 0xfd, 0x98, 0xaf,
    0xff, 0xf6, 0x0, 0x0, 0xaf, 0xfe, 0x40, 0x0,
    0x0, 0x9f, 0xff, 0x30, 0x3, 0xff, 0xe2, 0x0,
    0x0, 0x0, 0x8, 0xff, 0xc0, 0xa, 0xff, 0x60,
    0x0, 0x0, 0x0, 0x0, 0xef, 0xf2, 0xe, 0xff,
    0x10, 0x0, 0x0, 0x0, 0x0, 0x8f, 0xf6, 0xf,
    0xfe, 0x0, 0x0, 0x0, 0x0, 0x0, 0x5f, 0xf8,
    0xf, 0xfe, 0x0, 0x0, 0x0, 0x0, 0x0, 0x6f,
    0xf8, 0xe, 0xff, 0x10, 0x0, 0x0, 0x0, 0x0,
    0x8f, 0xf6, 0xa, 0xff, 0x60, 0x0, 0x0, 0x0,
    0x0, 0xef, 0xf2, 0x3, 0xff, 0xe1, 0x0, 0x0,
    0x0, 0x8, 0xff, 0xc0, 0x0, 0xaf, 0xfe, 0x30,
    0x0, 0x0, 0x9f, 0xff, 0x30, 0x0, 0xc, 0xff,
    0xfc, 0x98, 0xaf, 0xff, 0xf6, 0x0, 0x0, 0x0,
    0x9f, 0xff, 0xff, 0xff, 0xfe, 0x40, 0x0, 0x0,
    0x0, 0x2, 0x8d, 0xef, 0xeb, 0x60, 0x0, 0x0,

    /* U+0050 "P" */
    0xff, 0xff, 0xff, 0xfe, 0xc7, 0x0, 0xf, 0xff,
    0xff, 0xff, 0xff, 0xfe, 0x30, 0xff, 0xf7, 0x77,
    0x79, 0xef, 0xfe, 0x1f, 0xfe, 0x0, 0x0, 0x0,
    0xbf, 0xf8, 0xff, 0xe0, 0x0, 0x0, 0x2, 0xff,
    0xcf, 0xfe, 0x0, 0x0, 0x0, 0xf, 0xfe, 0xff,
    0xe0, 0x0, 0x0, 0x0, 0xff, 0xdf, 0xfe, 0x0,
    0x0, 0x0, 0x7f, 0xfa, 0xff, 0xe0, 0x0, 0x2,
    0x8f, 0xff, 0x4f, 0xff, 0xff, 0xff, 0xff, 0xff,
    0x80, 0xff, 0xff, 0xff, 0xff, 0xfe, 0x60, 0xf,
    0xff, 0x77, 0x77, 0x53, 0x0, 0x0, 0xff, 0xe0,
    0x0, 0x0, 0x0, 0x0, 0xf, 0xfe, 0x0, 0x0,
    0x0, 0x0, 0x0, 0xff, 0xe0, 0x0, 0x0, 0x0,
    0x0, 0xf, 0xfe, 0x0, 0x0, 0x0, 0x0, 0x0,

    /* U+0051 "Q" */
    0x0, 0x0, 0x2, 0x8d, 0xef, 0xeb, 0x60, 0x0,
    0x0, 0x0, 0x0, 0x9, 0xff, 0xff, 0xff, 0xff,
    0xe4, 0x0, 0x0, 0x0, 0xc, 0xff, 0xfd, 0x98,
    0xaf, 0xff, 0xf6, 0x0, 0x0, 0xa, 0xff, 0xe4,
    0x0, 0x0, 0x9, 0xff, 0xf3, 0x0, 0x3, 0xff,
    0xe1, 0x0, 0x0, 0x0, 0x8, 0xff, 0xc0, 0x0,
    0xaf, 0xf6, 0x0, 0x0, 0x0, 0x0, 0xe, 0xff,
    0x20, 0xe, 0xff, 0x10, 0x0, 0x0, 0x0, 0x0,
    0x8f, 0xf6, 0x0, 0xff, 0xe0, 0x0, 0x0, 0x0,
    0x0, 0x5, 0xff, 0x80, 0xf, 0xfe, 0x0, 0x0,
    0x0, 0x0, 0x0, 0x6f, 0xf8, 0x0, 0xef, 0xf1,
    0x0, 0x0, 0x0, 0x0, 0x8, 0xff, 0x60, 0xa,
    0xff, 0x60, 0x0, 0x0, 0x0, 0x0, 0xef, 0xf2,
    0x0, 0x3f, 0xfe, 0x10, 0x0, 0x0, 0x0, 0x8f,
    0xfc, 0x0, 0x0, 0xaf, 0xfe, 0x30, 0x0, 0x0,
    0x9f, 0xff, 0x30, 0x0, 0x0, 0xcf, 0xff, 0xc9,
    0x8a, 0xff, 0xff, 0x60, 0x0, 0x0, 0x0, 0x9f,
    0xff, 0xff, 0xff, 0xfe, 0x40, 0x0, 0x0, 0x0,
    0x0, 0x28, 0xdf, 0xff, 0xf6, 0x0, 0x0, 0x0,
    0x0, 0x0, 0x0, 0x0, 0x2e, 0xff, 0xb2, 0x3,
    0xc9, 0x0, 0x0, 0x0, 0x0, 0x0, 0x2d, 0xff,
    0xff, 0xff, 0xf1, 0x0, 0x0, 0x0, 0x0, 0x0,
    0x7, 0xef, 0xff, 0xb2, 0x0, 0x0, 0x0, 0x0,
    0x0, 0x0, 0x0, 0x12, 0x10, 0x0,

    /* U+0052 "R" */
    0xff, 0xff, 0xff, 0xfe, 0xc7, 0x10, 0x0, 0xff,
    0xff, 0xff, 0xff, 0xff, 0xe3, 0x0, 0xff, 0xf7,
    0x77, 0x79, 0xef, 0xfe, 0x10, 0xff, 0xe0, 0x0,
    0x0, 0xb, 0xff, 0x80, 0xff, 0xe0, 0x0, 0x0,
    0x2, 0xff, 0xd0, 0xff, 0xe0, 0x0, 0x0, 0x0,
    0xff, 0xe0, 0xff, 0xe0, 0x0, 0x0, 0x1, 0xff,
    0xd0, 0xff, 0xe0, 0x0, 0x0, 0x7, 0xff, 0xa0,
    0xff, 0xe0, 0x0, 0x2, 0x8f, 0xff, 0x40, 0xff,
    0xff, 0xff, 0xff, 0xff, 0xf8, 0x0, 0xff, 0xff,
    0xff, 0xff, 0xff, 0x50, 0x0, 0xff, 0xf6, 0x66,
    0x6f, 0xff, 0x20, 0x0, 0xff, 0xe0, 0x0, 0x3,
    0xff, 0xc0, 0x0, 0xff, 0xe0, 0x0, 0x0, 0x8f,
    0xf8, 0x0, 0xff, 0xe0, 0x0, 0x0, 0xd, 0xff,
    0x30, 0xff, 0xe0, 0x0, 0x0, 0x3, 0xff, 0xd0,

    /* U+0053 "S" */
    0x0, 0x2, 0x9d, 0xef, 0xeb, 0x72, 0x0, 0x0,
    0x7f, 0xff, 0xff, 0xff, 0xff, 0x30, 0x4, 0xff,
    0xfa, 0x76, 0x8c, 0xff, 0x0, 0xb, 0xff, 0x40,
    0x0, 0x0, 0x15, 0x0, 0xd, 0xff, 0x0, 0x0,
    0x0, 0x0, 0x0, 0xc, 0xff, 0x50, 0x0, 0x0,
    0x0, 0x0, 0x7, 0xff, 0xfc, 0x73, 0x0, 0x0,
    0x0, 0x0, 0xaf, 0xff, 0xff, 0xea, 0x30, 0x0,
    0x0, 0x3, 0xaf, 0xff, 0xff, 0xfb, 0x0, 0x0,
    0x0, 0x0, 0x37, 0xcf, 0xff, 0x90, 0x0, 0x0,
    0x0, 0x0, 0x4, 0xff, 0xf0, 0x0, 0x0, 0x0,
    0x0, 0x0, 0xcf, 0xf0, 0x8, 0xa2, 0x0, 0x0,
    0x2, 0xff, 0xe0, 0xe, 0xff, 0xc8, 0x66, 0x9f,
    0xff, 0x70, 0x9, 0xff, 0xff, 0xff, 0xff, 0xf9,
    0x0, 0x0, 0x28, 0xbe, 0xff, 0xda, 0x40, 0x0,

    /* U+0054 "T" */
    0xef, 0xff, 0xff, 0xff, 0xff, 0xff, 0xf2, 0xef,
    0xff, 0xff, 0xff, 0xff, 0xff, 0xf2, 0x67, 0x77,
    0x7e, 0xff, 0x77, 0x77, 0x71, 0x0, 0x0, 0xd,
    0xff, 0x0, 0x0, 0x0, 0x0, 0x0, 0xd, 0xff,
    0x0, 0x0, 0x0, 0x0, 0x0, 0xd, 0xff, 0x0,
    0x0, 0x0, 0x0, 0x0, 0xd, 0xff, 0x0, 0x0,
    0x0, 0x0, 0x0, 0xd, 0xff, 0x0, 0x0, 0x0,
    0x0, 0x0, 0xd, 0xff, 0x0, 0x0, 0x0, 0x0,
    0x0, 0xd, 0xff, 0x0, 0x0, 0x0, 0x0, 0x0,
    0xd, 0xff, 0x0, 0x0, 0x0, 0x0, 0x0, 0xd,
    0xff, 0x0, 0x0, 0x0, 0x0, 0x0, 0xd, 0xff,
    0x0, 0x0, 0x0, 0x0, 0x0, 0xd, 0xff, 0x0,
    0x0, 0x0, 0x0, 0x0, 0xd, 0xff, 0x0, 0x0,
    0x0, 0x0, 0x0, 0xd, 0xff, 0x0, 0x0, 0x0,

    /* U+0055 "U" */
    0x1f, 0xfc, 0x0, 0x0, 0x0, 0x6, 0xff, 0x61,
    0xff, 0xc0, 0x0, 0x0, 0x0, 0x6f, 0xf6, 0x1f,
    0xfc, 0x0, 0x0, 0x0, 0x6, 0xff, 0x61, 0xff,
    0xc0, 0x0, 0x0, 0x0, 0x6f, 0xf6, 0x1f, 0xfc,
    0x0, 0x0, 0x0, 0x6, 0xff, 0x61, 0xff, 0xc0,
    0x0, 0x0, 0x0, 0x6f, 0xf6, 0x1f, 0xfc, 0x0,
    0x0, 0x0, 0x6, 0xff, 0x61, 0xff, 0xc0, 0x0,
    0x0, 0x0, 0x6f, 0xf6, 0xf, 0xfc, 0x0, 0x0,
    0x0, 0x6, 0xff, 0x60, 0xff, 0xd0, 0x0, 0x0,
    0x0, 0x6f, 0xf6, 0xf, 0xff, 0x0, 0x0, 0x0,
    0x9, 0xff, 0x40, 0xbf, 0xf4, 0x0, 0x0, 0x0,
    0xdf, 0xf1, 0x5, 0xff, 0xd2, 0x0, 0x0, 0x9f,
    0xfb, 0x0, 0xc, 0xff, 0xfb, 0x89, 0xdf, 0xff,
    0x20, 0x0, 0x1c, 0xff, 0xff, 0xff, 0xff, 0x40,
    0x0, 0x0, 0x5, 0xbe, 0xff, 0xc8, 0x10, 0x0,

    /* U+0056 "V" */
    0xe, 0xff, 0x30, 0x0, 0x0, 0x0, 0x0, 0xef,
    0xe0, 0x7, 0xff, 0x90, 0x0, 0x0, 0x0, 0x5,
    0xff, 0x80, 0x1, 0xff, 0xf1, 0x0, 0x0, 0x0,
    0xc, 0xff, 0x10, 0x0, 0xaf, 0xf7, 0x0, 0x0,
    0x0, 0x3f, 0xfa, 0x0, 0x0, 0x3f, 0xfd, 0x0,
    0x0, 0x0, 0x9f, 0xf4, 0x0, 0x0, 0xc, 0xff,
    0x40, 0x0, 0x1, 0xff, 0xd0, 0x0, 0x0, 0x6,
    0xff, 0xa0, 0x0, 0x7, 0xff, 0x60, 0x0, 0x0,
    0x0, 0xef, 0xf1, 0x0, 0xd, 0xff, 0x0, 0x0,
    0x0, 0x0, 0x8f, 0xf8, 0x0, 0x4f, 0xf9, 0x0,
    0x0, 0x0, 0x0, 0x1f, 0xfe, 0x0, 0xbf, 0xf2,
    0x0, 0x0, 0x0, 0x0, 0xb, 0xff, 0x52, 0xff,
    0xb0, 0x0, 0x0, 0x0, 0x0, 0x4, 0xff, 0xc8,
    0xff, 0x50, 0x0, 0x0, 0x0, 0x0, 0x0, 0xdf,
    0xff, 0xfe, 0x0, 0x0, 0x0, 0x0, 0x0, 0x0,
    0x6f, 0xff, 0xf7, 0x0, 0x0, 0x0, 0x0, 0x0,
    0x0, 0xf, 0xff, 0xf1, 0x0, 0x0, 0x0, 0x0,
    0x0, 0x0, 0x9, 0xff, 0xa0, 0x0, 0x0, 0x0,

    /* U+0057 "W" */
    0x4f, 0xfb, 0x0, 0x0, 0x0, 0xc, 0xff, 0x20,
    0x0, 0x0, 0x5, 0xff, 0x60, 0xef, 0xf0, 0x0,
    0x0, 0x1, 0xff, 0xf7, 0x0, 0x0, 0x0, 0xaf,
    0xf1, 0x9, 0xff, 0x50, 0x0, 0x0, 0x7f, 0xff,
    0xc0, 0x0, 0x0, 0xf, 0xfc, 0x0, 0x4f, 0xfa,
    0x0, 0x0, 0xc, 0xff, 0xff, 0x20, 0x0, 0x4,
    0xff, 0x70, 0x0, 0xff, 0xf0, 0x0, 0x1, 0xff,
    0xcf, 0xf7, 0x0, 0x0, 0x9f, 0xf2, 0x0, 0xa,
    0xff, 0x40, 0x0, 0x6f, 0xf3, 0xef, 0xc0, 0x0,
    0xe, 0xfd, 0x0, 0x0, 0x5f, 0xf9, 0x0, 0xc,
    0xfd, 0xa, 0xff, 0x10, 0x4, 0xff, 0x80, 0x0,
    0x0, 0xff, 0xe0, 0x1, 0xff, 0x80, 0x4f, 0xf6,
    0x0, 0x9f, 0xf2, 0x0, 0x0, 0xb, 0xff, 0x30,
    0x6f, 0xf3, 0x0, 0xff, 0xb0, 0xe, 0xfd, 0x0,
    0x0, 0x0, 0x6f, 0xf8, 0xb, 0xfe, 0x0, 0xa,
    0xff, 0x3, 0xff, 0x80, 0x0, 0x0, 0x1, 0xff,
    0xd1, 0xff, 0x80, 0x0, 0x5f, 0xf5, 0x8f, 0xf3,
    0x0, 0x0, 0x0, 0xb, 0xff, 0x9f, 0xf3, 0x0,
    0x0, 0xff, 0xad, 0xfe, 0x0, 0x0, 0x0, 0x0,
    0x6f, 0xff, 0xfe, 0x0, 0x0, 0xb, 0xff, 0xff,
    0x90, 0x0, 0x0, 0x0, 0x1, 0xff, 0xff, 0x90,
    0x0, 0x0, 0x5f, 0xff, 0xf4, 0x0, 0x0, 0x0,
    0x0, 0xc, 0xff, 0xf3, 0x0, 0x0, 0x1, 0xff,
    0xfe, 0x0, 0x0, 0x0, 0x0, 0x0, 0x7f, 0xfe,
    0x0, 0x0, 0x0, 0xb, 0xff, 0xa0, 0x0, 0x0,

    /* U+0058 "X" */
    0x2f, 0xff, 0x20, 0x0, 0x0, 0xc, 0xff, 0x50,
    0x7, 0xff, 0xc0, 0x0, 0x0, 0x7f, 0xfa, 0x0,
    0x0, 0xcf, 0xf7, 0x0, 0x2, 0xff, 0xd0, 0x0,
    0x0, 0x2f, 0xff, 0x20, 0xc, 0xff, 0x30, 0x0,
    0x0, 0x6, 0xff, 0xd0, 0x8f, 0xf8, 0x0, 0x0,
    0x0, 0x0, 0xbf, 0xfb, 0xff, 0xd0, 0x0, 0x0,
    0x0, 0x0, 0x1e, 0xff, 0xff, 0x20, 0x0, 0x0,
    0x0, 0x0, 0x5, 0xff, 0xf9, 0x0, 0x0, 0x0,
    0x0, 0x0, 0x8, 0xff, 0xfc, 0x0, 0x0, 0x0,
    0x0, 0x0, 0x4f, 0xff, 0xff, 0x80, 0x0, 0x0,
    0x0, 0x1, 0xef, 0xf4, 0xef, 0xf3, 0x0, 0x0,
    0x0, 0xa, 0xff, 0x80, 0x5f, 0xfd, 0x0, 0x0,
    0x0, 0x5f, 0xfc, 0x0, 0xa, 0xff, 0x90, 0x0,
    0x1, 0xef, 0xf2, 0x0, 0x1, 0xef, 0xf5, 0x0,
    0xb, 0xff, 0x70, 0x0, 0x0, 0x4f, 0xfe, 0x10,
    0x7f, 0xfc, 0x0, 0x0, 0x0, 0x9, 0xff, 0xb0,

    /* U+0059 "Y" */
    0xe, 0xff, 0x20, 0x0, 0x0, 0x0, 0x5f, 0xf7,
    0x5, 0xff, 0xb0, 0x0, 0x0, 0x0, 0xef, 0xd0,
    0x0, 0xbf, 0xf4, 0x0, 0x0, 0x8, 0xff, 0x40,
    0x0, 0x2f, 0xfd, 0x0, 0x0, 0x2f, 0xfb, 0x0,
    0x0, 0x9, 0xff, 0x70, 0x0, 0xbf, 0xf2, 0x0,
    0x0, 0x1, 0xef, 0xf1, 0x4, 0xff, 0x80, 0x0,
    0x0, 0x0, 0x6f, 0xfa, 0xd, 0xfe, 0x0, 0x0,
    0x0, 0x0, 0xd, 0xff, 0xaf, 0xf5, 0x0, 0x0,
    0x0, 0x0, 0x4, 0xff, 0xff, 0xc0, 0x0, 0x0,
    0x0, 0x0, 0x0, 0xbf, 0xff, 0x30, 0x0, 0x0,
    0x0, 0x0, 0x0, 0x4f, 0xff, 0x0, 0x0, 0x0,
    0x0, 0x0, 0x0, 0x2f, 0xfb, 0x0, 0x0, 0x0,
    0x0, 0x0, 0x0, 0x2f, 0xfb, 0x0, 0x0, 0x0,
    0x0, 0x0, 0x0, 0x2f, 0xfb, 0x0, 0x0, 0x0,
    0x0, 0x0, 0x0, 0x2f, 0xfb, 0x0, 0x0, 0x0,
    0x0, 0x0, 0x0, 0x2f, 0xfb, 0x0, 0x0, 0x0,

    /* U+005A "Z" */
    0xf, 0xff, 0xff, 0xff, 0xff, 0xff, 0xfc, 0x0,
    0xff, 0xff, 0xff, 0xff, 0xff, 0xff, 0xb0, 0x6,
    0x77, 0x77, 0x77, 0x79, 0xff, 0xf5, 0x0, 0x0,
    0x0, 0x0, 0x0, 0xcf, 0xf8, 0x0, 0x0, 0x0,
    0x0, 0x0, 0x9f, 0xfb, 0x0, 0x0, 0x0, 0x0,
    0x0, 0x6f, 0xfe, 0x10, 0x0, 0x0, 0x0, 0x0,
    0x3f, 0xff, 0x30, 0x0, 0x0, 0x0, 0x0, 0x1e,
    0xff, 0x60, 0x0, 0x0, 0x0, 0x0, 0xb, 0xff,
    0x90, 0x0, 0x0, 0x0, 0x0, 0x8, 0xff, 0xc0,
    0x0, 0x0, 0x0, 0x0, 0x4, 0xff, 0xe2, 0x0,
    0x0, 0x0, 0x0, 0x2, 0xff, 0xf4, 0x0, 0x0,
    0x0, 0x0, 0x0, 0xdf, 0xf7, 0x0, 0x0, 0x0,
    0x0, 0x0, 0xaf, 0xff, 0x77, 0x77, 0x77, 0x77,
    0x70, 0x1f, 0xff, 0xff, 0xff, 0xff, 0xff, 0xff,
    0x1, 0xff, 0xff, 0xff, 0xff, 0xff, 0xff, 0xf0,

    /* U+005B "[" */
    0xff, 0xff, 0xf5, 0xff, 0xff, 0xf5, 0xff, 0xd3,
    0x31, 0xff, 0xd0, 0x0, 0xff, 0xd0, 0x0, 0xff,
    0xd0, 0x0, 0xff, 0xd0, 0x0, 0xff, 0xd0, 0x0,
    0xff, 0xd0, 0x0, 0xff, 0xd0, 0x0, 0xff, 0xd0,
    0x0, 0xff, 0xd0, 0x0, 0xff, 0xd0, 0x0, 0xff,
    0xd0, 0x0, 0xff, 0xd0, 0x0, 0xff, 0xd0, 0x0,
    0xff, 0xd0, 0x0, 0xff, 0xd0, 0x0, 0xff, 0xd3,
    0x31, 0xff, 0xff, 0xf5, 0xff, 0xff, 0xf5,

    /* U+005C "\\" */
    0xbf, 0xb0, 0x0, 0x0, 0x0, 0x5f, 0xf1, 0x0,
    0x0, 0x0, 0xf, 0xf7, 0x0, 0x0, 0x0, 0xa,
    0xfc, 0x0, 0x0, 0x0, 0x5, 0xff, 0x20, 0x0,
    0x0, 0x0, 0xff, 0x70, 0x0, 0x0, 0x0, 0xaf,
    0xd0, 0x0, 0x0, 0x0, 0x4f, 0xf2, 0x0, 0x0,
    0x0, 0xe, 0xf8, 0x0, 0x0, 0x0, 0x9, 0xfd,
    0x0, 0x0, 0x0, 0x4, 0xff, 0x30, 0x0, 0x0,
    0x0, 0xef, 0x80, 0x0, 0x0, 0x0, 0x9f, 0xe0,
    0x0, 0x0, 0x0, 0x3f, 0xf3, 0x0, 0x0, 0x0,
    0xd, 0xf9, 0x0, 0x0, 0x0, 0x8, 0xfe, 0x0,
    0x0, 0x0, 0x2, 0xff, 0x40, 0x0, 0x0, 0x0,
    0xdf, 0xa0, 0x0, 0x0, 0x0, 0x7f, 0xf0, 0x0,
    0x0, 0x0, 0x2f, 0xf5, 0x0, 0x0, 0x0, 0xc,
    0xfa,

    /* U+005D "]" */
    0xaf, 0xff, 0xf9, 0xaf, 0xff, 0xf9, 0x23, 0x5f,
    0xf9, 0x0, 0x2f, 0xf9, 0x0, 0x2f, 0xf9, 0x0,
    0x2f, 0xf9, 0x0, 0x2f, 0xf9, 0x0, 0x2f, 0xf9,
    0x0, 0x2f, 0xf9, 0x0, 0x2f, 0xf9, 0x0, 0x2f,
    0xf9, 0x0, 0x2f, 0xf9, 0x0, 0x2f, 0xf9, 0x0,
    0x2f, 0xf9, 0x0, 0x2f, 0xf9, 0x0, 0x2f, 0xf9,
    0x0, 0x2f, 0xf9, 0x0, 0x2f, 0xf9, 0x23, 0x5f,
    0xf9, 0xaf, 0xff, 0xf9, 0xaf, 0xff, 0xf9,

    /* U+005E "^" */
    0x0, 0x0, 0x58, 0x50, 0x0, 0x0, 0x0, 0x1f,
    0xff, 0x10, 0x0, 0x0, 0x7, 0xff, 0xf7, 0x0,
    0x0, 0x0, 0xdf, 0x8f, 0xd0, 0x0, 0x0, 0x4f,
    0xd0, 0xdf, 0x40, 0x0, 0xa, 0xf7, 0x7, 0xfb,
    0x0, 0x1, 0xff, 0x10, 0x1f, 0xf1, 0x0, 0x8f,
    0xa0, 0x0, 0xaf, 0x80, 0xe, 0xf3, 0x0, 0x3,
    0xfe, 0x5, 0xfd, 0x0, 0x0, 0xd, 0xf5,

    /* U+005F "_" */
    0xbb, 0xbb, 0xbb, 0xbb, 0xbb, 0xbf, 0xff, 0xff,
    0xff, 0xff, 0xff,

    /* U+0060 "`" */
    0x3e, 0xfd, 0x10, 0x0, 0x1b, 0xfd, 0x10, 0x0,
    0x8, 0xfd, 0x10,

    /* U+0061 "a" */
    0x0, 0x39, 0xdf, 0xfe, 0xa4, 0x0, 0x6, 0xff,
    0xff, 0xff, 0xff, 0x70, 0x2, 0xfd, 0x75, 0x6a,
    0xff, 0xf2, 0x0, 0x30, 0x0, 0x0, 0x8f, 0xf7,
    0x0, 0x0, 0x0, 0x0, 0x2f, 0xf9, 0x0, 0x4a,
    0xef, 0xff, 0xff, 0xfa, 0x5, 0xff, 0xfe, 0xdd,
    0xff, 0xfa, 0xd, 0xfe, 0x20, 0x0, 0x1f, 0xfa,
    0xf, 0xfb, 0x0, 0x0, 0x5f, 0xfa, 0xd, 0xff,
    0x30, 0x4, 0xef, 0xfa, 0x5, 0xff, 0xfe, 0xff,
    0xef, 0xfa, 0x0, 0x3b, 0xef, 0xe9, 0x1f, 0xfa,

    /* U+0062 "b" */
    0x3f, 0xf8, 0x0, 0x0, 0x0, 0x0, 0x0, 0x3f,
    0xf8, 0x0, 0x0, 0x0, 0x0, 0x0, 0x3f, 0xf8,
    0x0, 0x0, 0x0, 0x0, 0x0, 0x3f, 0xf8, 0x0,
    0x0, 0x0, 0x0, 0x0, 0x3f, 0xf8, 0x0, 0x0,
    0x0, 0x0, 0x0, 0x3f, 0xf8, 0x3a, 0xef, 0xd9,
    0x20, 0x0, 0x3f, 0xfe, 0xff, 0xff, 0xff, 0xf6,
    0x0, 0x3f, 0xff, 0xfa, 0x66, 0xaf, 0xff, 0x40,
    0x3f, 0xff, 0x60, 0x0, 0x6, 0xff, 0xc0, 0x3f,
    0xff, 0x0, 0x0, 0x0, 0xcf, 0xf1, 0x3f, 0xfe,
    0x0, 0x0, 0x0, 0x9f, 0xf3, 0x3f, 0xfe, 0x0,
    0x0, 0x0, 0x9f, 0xf3, 0x3f, 0xff, 0x0, 0x0,
    0x0, 0xdf, 0xf1, 0x3f, 0xff, 0x60, 0x0, 0x7,
    0xff, 0xc0, 0x3f, 0xff, 0xfb, 0x66, 0xbf, 0xff,
    0x30, 0x3f, 0xfc, 0xff, 0xff, 0xff, 0xf5, 0x0,
    0x3f, 0xf6, 0x3a, 0xef, 0xd9, 0x20, 0x0,

    /* U+0063 "c" */
    0x0, 0x0, 0x7c, 0xef, 0xd9, 0x20, 0x0, 0x3,
    0xef, 0xff, 0xff, 0xff, 0x40, 0x1, 0xef, 0xfb,
    0x66, 0xaf, 0xfe, 0x0, 0x9f, 0xf8, 0x0, 0x0,
    0x5b, 0x20, 0xf, 0xfe, 0x0, 0x0, 0x0, 0x0,
    0x1, 0xff, 0xa0, 0x0, 0x0, 0x0, 0x0, 0x1f,
    0xfa, 0x0, 0x0, 0x0, 0x0, 0x0, 0xff, 0xe0,
    0x0, 0x0, 0x0, 0x0, 0x9, 0xff, 0x80, 0x0,
    0x5, 0xb2, 0x0, 0x1e, 0xff, 0xc7, 0x6a, 0xff,
    0xe0, 0x0, 0x3d, 0xff, 0xff, 0xff, 0xe4, 0x0,
    0x0, 0x7, 0xce, 0xfd, 0x81, 0x0,

    /* U+0064 "d" */
    0x0, 0x0, 0x0, 0x0, 0x0, 0x7f, 0xf4, 0x0,
    0x0, 0x0, 0x0, 0x0, 0x7f, 0xf4, 0x0, 0x0,
    0x0, 0x0, 0x0, 0x7f, 0xf4, 0x0, 0x0, 0x0,
    0x0, 0x0, 0x7f, 0xf4, 0x0, 0x0, 0x0, 0x0,
    0x0, 0x7f, 0xf4, 0x0, 0x2, 0x8d, 0xfe, 0xb3,
    0x7f, 0xf4, 0x0, 0x4f, 0xff, 0xff, 0xff, 0xdf,
    0xf4, 0x2, 0xff, 0xfb, 0x66, 0xaf, 0xff, 0xf4,
    0xa, 0xff, 0x80, 0x0, 0x5, 0xff, 0xf4, 0xf,
    0xfe, 0x0, 0x0, 0x0, 0xff, 0xf4, 0x1f, 0xfa,
    0x0, 0x0, 0x0, 0xbf, 0xf4, 0x1f, 0xfa, 0x0,
    0x0, 0x0, 0xbf, 0xf4, 0xf, 0xfe, 0x0, 0x0,
    0x0, 0xff, 0xf4, 0xa, 0xff, 0x80, 0x0, 0x5,
    0xff, 0xf4, 0x2, 0xff, 0xfc, 0x76, 0xaf, 0xff,
    0xf4, 0x0, 0x4f, 0xff, 0xff, 0xff, 0xcf, 0xf4,
    0x0, 0x2, 0x8d, 0xfe, 0xb4, 0x5f, 0xf4,

    /* U+0065 "e" */
    0x0, 0x1, 0x8d, 0xfe, 0xc7, 0x0, 0x0, 0x4,
    0xef, 0xff, 0xff, 0xfd, 0x10, 0x2, 0xff, 0xf8,
    0x44, 0x9f, 0xfc, 0x0, 0xaf, 0xf3, 0x0, 0x0,
    0x6f, 0xf5, 0xf, 0xfb, 0x0, 0x0, 0x0, 0xef,
    0xa1, 0xff, 0xff, 0xff, 0xff, 0xff, 0xfc, 0x1f,
    0xff, 0xdd, 0xdd, 0xdd, 0xdd, 0xb0, 0xff, 0xc0,
    0x0, 0x0, 0x0, 0x0, 0x9, 0xff, 0x70, 0x0,
    0x0, 0x60, 0x0, 0x1e, 0xff, 0xc7, 0x67, 0xdf,
    0x90, 0x0, 0x3d, 0xff, 0xff, 0xff, 0xf9, 0x0,
    0x0, 0x7, 0xce, 0xfe, 0xa4, 0x0,

    /* U+0066 "f" */
    0x0, 0x1, 0xae, 0xfd, 0x60, 0x1, 0xef, 0xff,
    0xf8, 0x0, 0x8f, 0xfa, 0x47, 0x20, 0xc, 0xff,
    0x0, 0x0, 0x0, 0xdf, 0xd0, 0x0, 0xc, 0xff,
    0xff, 0xff, 0xf1, 0xcf, 0xff, 0xff, 0xff, 0x12,
    0x3f, 0xff, 0x33, 0x30, 0x0, 0xdf, 0xe0, 0x0,
    0x0, 0xd, 0xfe, 0x0, 0x0, 0x0, 0xdf, 0xe0,
    0x0, 0x0, 0xd, 0xfe, 0x0, 0x0, 0x0, 0xdf,
    0xe0, 0x0, 0x0, 0xd, 0xfe, 0x0, 0x0, 0x0,
    0xdf, 0xe0, 0x0, 0x0, 0xd, 0xfe, 0x0, 0x0,
    0x0, 0xdf, 0xe0, 0x0, 0x0,

    /* U+0067 "g" */
    0x0, 0x2, 0x9d, 0xfe, 0xb5, 0x2f, 0xf7, 0x0,
    0x6f, 0xff, 0xff, 0xff, 0xcf, 0xf7, 0x4, 0xff,
    0xf9, 0x44, 0x6d, 0xff, 0xf7, 0xc, 0xff, 0x40,
    0x0, 0x0, 0xff, 0xf7, 0xf, 0xfc, 0x0, 0x0,
    0x0, 0x7f, 0xf7, 0x2f, 0xfa, 0x0, 0x0, 0x0,
    0x5f, 0xf7, 0xf, 0xfd, 0x0, 0x0, 0x0, 0x9f,
    0xf7, 0xc, 0xff, 0x60, 0x0, 0x2, 0xff, 0xf7,
    0x4, 0xff, 0xfb, 0x66, 0x9f, 0xff, 0xf7, 0x0,
    0x6f, 0xff, 0xff, 0xff, 0xef, 0xf7, 0x0, 0x2,
    0x9d, 0xfe, 0xb5, 0x5f, 0xf6, 0x0, 0x0, 0x0,
    0x0, 0x0, 0x8f, 0xf5, 0x0, 0x63, 0x0, 0x0,
    0x1, 0xff, 0xf1, 0x2, 0xff, 0xc8, 0x66, 0x9e,
    0xff, 0x90, 0x4, 0xef, 0xff, 0xff, 0xff, 0xfb,
    0x0, 0x0, 0x6, 0xad, 0xff, 0xeb, 0x50, 0x0,

    /* U+0068 "h" */
    0x3f, 0xf8, 0x0, 0x0, 0x0, 0x0, 0x3, 0xff,
    0x80, 0x0, 0x0, 0x0, 0x0, 0x3f, 0xf8, 0x0,
    0x0, 0x0, 0x0, 0x3, 0xff, 0x80, 0x0, 0x0,
    0x0, 0x0, 0x3f, 0xf8, 0x0, 0x0, 0x0, 0x0,
    0x3, 0xff, 0x83, 0xae, 0xfe, 0x92, 0x0, 0x3f,
    0xfe, 0xff, 0xff, 0xff, 0xf3, 0x3, 0xff, 0xff,
    0xa7, 0x8e, 0xff, 0xd0, 0x3f, 0xff, 0x50, 0x0,
    0x1e, 0xff, 0x23, 0xff, 0xc0, 0x0, 0x0, 0x8f,
    0xf4, 0x3f, 0xf9, 0x0, 0x0, 0x6, 0xff, 0x53,
    0xff, 0x80, 0x0, 0x0, 0x6f, 0xf6, 0x3f, 0xf8,
    0x0, 0x0, 0x6, 0xff, 0x63, 0xff, 0x80, 0x0,
    0x0, 0x6f, 0xf6, 0x3f, 0xf8, 0x0, 0x0, 0x6,
    0xff, 0x63, 0xff, 0x80, 0x0, 0x0, 0x6f, 0xf6,
    0x3f, 0xf8, 0x0, 0x0, 0x6, 0xff, 0x60,

    /* U+0069 "i" */
    0x5, 0x71, 0x5f, 0xfc, 0x7f, 0xfd, 0x1a, 0xc4,
    0x0, 0x0, 0x0, 0x0, 0x3f, 0xf8, 0x3f, 0xf8,
    0x3f, 0xf8, 0x3f, 0xf8, 0x3f, 0xf8, 0x3f, 0xf8,
    0x3f, 0xf8, 0x3f, 0xf8, 0x3f, 0xf8, 0x3f, 0xf8,
    0x3f, 0xf8, 0x3f, 0xf8,

    /* U+006A "j" */
    0x0, 0x0, 0x4, 0x71, 0x0, 0x0, 0x4, 0xff,
    0xe0, 0x0, 0x0, 0x5f, 0xff, 0x0, 0x0, 0x0,
    0x9c, 0x50, 0x0, 0x0, 0x0, 0x0, 0x0, 0x0,
    0x0, 0x0, 0x0, 0x0, 0x0, 0x1f, 0xfb, 0x0,
    0x0, 0x1, 0xff, 0xb0, 0x0, 0x0, 0x1f, 0xfb,
    0x0, 0x0, 0x1, 0xff, 0xb0, 0x0, 0x0, 0x1f,
    0xfb, 0x0, 0x0, 0x1, 0xff, 0xb0, 0x0, 0x0,
    0x1f, 0xfb, 0x0, 0x0, 0x1, 0xff, 0xb0, 0x0,
    0x0, 0x1f, 0xfb, 0x0, 0x0, 0x1, 0xff, 0xb0,
    0x0, 0x0, 0x1f, 0xfb, 0x0, 0x0, 0x1, 0xff,
    0xa0, 0x0, 0x0, 0x2f, 0xfa, 0x0, 0x47, 0x5c,
    0xff, 0x60, 0xb, 0xff, 0xff, 0xd0, 0x0, 0x8e,
    0xfe, 0x91, 0x0,

    /* U+006B "k" */
    0x3f, 0xf8, 0x0, 0x0, 0x0, 0x0, 0x0, 0x3f,
    0xf8, 0x0, 0x0, 0x0, 0x0, 0x0, 0x3f, 0xf8,
    0x0, 0x0, 0x0, 0x0, 0x0, 0x3f, 0xf8, 0x0,
    0x0, 0x0, 0x0, 0x0, 0x3f, 0xf8, 0x0, 0x0,
    0x0, 0x0, 0x0, 0x3f, 0xf8, 0x0, 0x0, 0x4f,
    0xfe, 0x20, 0x3f, 0xf8, 0x0, 0x5, 0xff, 0xe2,
    0x0, 0x3f, 0xf8, 0x0, 0x6f, 0xfe, 0x20, 0x0,
    0x3f, 0xf8, 0x7, 0xff, 0xf3, 0x0, 0x0, 0x3f,
    0xf8, 0x8f, 0xff, 0x30, 0x0, 0x0, 0x3f, 0xff,
    0xff, 0xff, 0x10, 0x0, 0x0, 0x3f, 0xff, 0xff,
    0xff, 0xc0, 0x0, 0x0, 0x3f, 0xff, 0xd2, 0xdf,
    0xf8, 0x0, 0x0, 0x3f, 0xff, 0x10, 0x2f, 0xff,
    0x50, 0x0, 0x3f, 0xf9, 0x0, 0x5, 0xff, 0xf2,
    0x0, 0x3f, 0xf8, 0x0, 0x0, 0x8f, 0xfd, 0x0,
    0x3f, 0xf8, 0x0, 0x0, 0xb, 0xff, 0xa0,

    /* U+006C "l" */
    0x3f, 0xf8, 0x3f, 0xf8, 0x3f, 0xf8, 0x3f, 0xf8,
    0x3f, 0xf8, 0x3f, 0xf8, 0x3f, 0xf8, 0x3f, 0xf8,
    0x3f, 0xf8, 0x3f, 0xf8, 0x3f, 0xf8, 0x3f, 0xf8,
    0x3f, 0xf8, 0x3f, 0xf8, 0x3f, 0xf8, 0x3f, 0xf8,
    0x3f, 0xf8,

    /* U+006D "m" */
    0x3f, 0xf6, 0x4b, 0xef, 0xd7, 0x0, 0x29, 0xdf,
    0xea, 0x30, 0x3, 0xff, 0xef, 0xff, 0xff, 0xfc,
    0x6f, 0xff, 0xff, 0xff, 0x40, 0x3f, 0xff, 0xf8,
    0x57, 0xef, 0xff, 0xfb, 0x55, 0xbf, 0xfe, 0x3,
    0xff, 0xf3, 0x0, 0x3, 0xff, 0xfa, 0x0, 0x0,
    0xcf, 0xf3, 0x3f, 0xfb, 0x0, 0x0, 0xd, 0xff,
    0x30, 0x0, 0x6, 0xff, 0x63, 0xff, 0x90, 0x0,
    0x0, 0xcf, 0xf0, 0x0, 0x0, 0x4f, 0xf7, 0x3f,
    0xf8, 0x0, 0x0, 0xc, 0xff, 0x0, 0x0, 0x4,
    0xff, 0x73, 0xff, 0x80, 0x0, 0x0, 0xcf, 0xf0,
    0x0, 0x0, 0x4f, 0xf7, 0x3f, 0xf8, 0x0, 0x0,
    0xc, 0xff, 0x0, 0x0, 0x4, 0xff, 0x73, 0xff,
    0x80, 0x0, 0x0, 0xcf, 0xf0, 0x0, 0x0, 0x4f,
    0xf7, 0x3f, 0xf8, 0x0, 0x0, 0xc, 0xff, 0x0,
    0x0, 0x4, 0xff, 0x73, 0xff, 0x80, 0x0, 0x0,
    0xcf, 0xf0, 0x0, 0x0, 0x4f, 0xf7,

    /* U+006E "n" */
    0x3f, 0xf6, 0x3a, 0xef, 0xe9, 0x20, 0x3, 0xff,
    0xdf, 0xff, 0xff, 0xff, 0x30, 0x3f, 0xff, 0xf8,
    0x56, 0xcf, 0xfd, 0x3, 0xff, 0xf4, 0x0, 0x0,
    0xdf, 0xf2, 0x3f, 0xfc, 0x0, 0x0, 0x8, 0xff,
    0x43, 0xff, 0x90, 0x0, 0x0, 0x6f, 0xf5, 0x3f,
    0xf8, 0x0, 0x0, 0x6, 0xff, 0x63, 0xff, 0x80,
    0x0, 0x0, 0x6f, 0xf6, 0x3f, 0xf8, 0x0, 0x0,
    0x6, 0xff, 0x63, 0xff, 0x80, 0x0, 0x0, 0x6f,
    0xf6, 0x3f, 0xf8, 0x0, 0x0, 0x6, 0xff, 0x63,
    0xff, 0x80, 0x0, 0x0, 0x6f, 0xf6,

    /* U+006F "o" */
    0x0, 0x1, 0x7c, 0xef, 0xd8, 0x20, 0x0, 0x0,
    0x3e, 0xff, 0xff, 0xff, 0xf5, 0x0, 0x1, 0xef,
    0xfb, 0x66, 0xaf, 0xff, 0x40, 0x9, 0xff, 0x70,
    0x0, 0x4, 0xff, 0xc0, 0xf, 0xfe, 0x0, 0x0,
    0x0, 0xbf, 0xf2, 0x1f, 0xfa, 0x0, 0x0, 0x0,
    0x7f, 0xf4, 0x1f, 0xfa, 0x0, 0x0, 0x0, 0x7f,
    0xf4, 0xf, 0xfe, 0x0, 0x0, 0x0, 0xbf, 0xf2,
    0x9, 0xff, 0x80, 0x0, 0x5, 0xff, 0xc0, 0x1,
    0xef, 0xfc, 0x76, 0xaf, 0xff, 0x30, 0x0, 0x3e,
    0xff, 0xff, 0xff, 0xf5, 0x0, 0x0, 0x1, 0x7c,
    0xef, 0xd8, 0x20, 0x0,

    /* U+0070 "p" */
    0x3f, 0xf6, 0x3a, 0xef, 0xd9, 0x20, 0x0, 0x3f,
    0xfc, 0xff, 0xff, 0xff, 0xf6, 0x0, 0x3f, 0xff,
    0xfa, 0x66, 0xaf, 0xff, 0x40, 0x3f, 0xff, 0x60,
    0x0, 0x6, 0xff, 0xc0, 0x3f, 0xff, 0x0, 0x0,
    0x0, 0xcf, 0xf1, 0x3f, 0xfe, 0x0, 0x0, 0x0,
    0x9f, 0xf3, 0x3f, 0xff, 0x0, 0x0, 0x0, 0x9f,
    0xf3, 0x3f, 0xff, 0x0, 0x0, 0x0, 0xdf, 0xf1,
    0x3f, 0xff, 0x60, 0x0, 0x7, 0xff, 0xc0, 0x3f,
    0xff, 0xfb, 0x66, 0xbf, 0xff, 0x30, 0x3f, 0xfd,
    0xff, 0xff, 0xff, 0xf6, 0x0, 0x3f, 0xf8, 0x3a,
    0xef, 0xd9, 0x20, 0x0, 0x3f, 0xf8, 0x0, 0x0,
    0x0, 0x0, 0x0, 0x3f, 0xf8, 0x0, 0x0, 0x0,
    0x0, 0x0, 0x3f, 0xf8, 0x0, 0x0, 0x0, 0x0,
    0x0, 0x3f, 0xf8, 0x0, 0x0, 0x0, 0x0, 0x0,

    /* U+0071 "q" */
    0x0, 0x2, 0x8d, 0xfe, 0xb4, 0x5f, 0xf4, 0x0,
    0x4f, 0xff, 0xff, 0xff, 0xcf, 0xf4, 0x2, 0xff,
    0xfb, 0x66, 0xaf, 0xff, 0xf4, 0xa, 0xff, 0x70,
    0x0, 0x5, 0xff, 0xf4, 0xf, 0xfe, 0x0, 0x0,
    0x0, 0xff, 0xf4, 0x1f, 0xfa, 0x0, 0x0, 0x0,
    0xbf, 0xf4, 0x1f, 0xfa, 0x0, 0x0, 0x0, 0xcf,
    0xf4, 0xf, 0xfe, 0x0, 0x0, 0x0, 0xff, 0xf4,
    0xa, 0xff, 0x80, 0x0, 0x5, 0xff, 0xf4, 0x2,
    0xff, 0xfc, 0x76, 0xaf, 0xff, 0xf4, 0x0, 0x4f,
    0xff, 0xff, 0xff, 0xdf, 0xf4, 0x0, 0x2, 0x8d,
    0xfe, 0xb3, 0x7f, 0xf4, 0x0, 0x0, 0x0, 0x0,
    0x0, 0x7f, 0xf4, 0x0, 0x0, 0x0, 0x0, 0x0,
    0x7f, 0xf4, 0x0, 0x0, 0x0, 0x0, 0x0, 0x7f,
    0xf4, 0x0, 0x0, 0x0, 0x0, 0x0, 0x7f, 0xf4,

    /* U+0072 "r" */
    0x3f, 0xf6, 0x3a, 0xe9, 0x3f, 0xfb, 0xff, 0xf9,
    0x3f, 0xff, 0xfc, 0x84, 0x3f, 0xff, 0x70, 0x0,
    0x3f, 0xfd, 0x0, 0x0, 0x3f, 0xfa, 0x0, 0x0,
    0x3f, 0xf8, 0x0, 0x0, 0x3f, 0xf8, 0x0, 0x0,
    0x3f, 0xf8, 0x0, 0x0, 0x3f, 0xf8, 0x0, 0x0,
    0x3f, 0xf8, 0x0, 0x0, 0x3f, 0xf8, 0x0, 0x0,

    /* U+0073 "s" */
    0x0, 0x29, 0xdf, 0xfe, 0xb6, 0x0, 0x5f, 0xff,
    0xff, 0xff, 0xf2, 0xe, 0xff, 0x74, 0x46, 0xba,
    0x2, 0xff, 0x90, 0x0, 0x0, 0x0, 0x1f, 0xfe,
    0x62, 0x0, 0x0, 0x0, 0x8f, 0xff, 0xff, 0xc7,
    0x10, 0x0, 0x5b, 0xff, 0xff, 0xfe, 0x20, 0x0,
    0x0, 0x25, 0xaf, 0xf9, 0x2, 0x0, 0x0, 0x0,
    0xff, 0xb0, 0xee, 0x95, 0x45, 0xbf, 0xf8, 0x5f,
    0xff, 0xff, 0xff, 0xfc, 0x0, 0x39, 0xcf, 0xfe,
    0xc6, 0x0,

    /* U+0074 "t" */
    0x0, 0x68, 0x70, 0x0, 0x0, 0xd, 0xfe, 0x0,
    0x0, 0x0, 0xdf, 0xe0, 0x0, 0xc, 0xff, 0xff,
    0xff, 0xf1, 0xcf, 0xff, 0xff, 0xff, 0x12, 0x3f,
    0xff, 0x33, 0x30, 0x0, 0xdf, 0xe0, 0x0, 0x0,
    0xd, 0xfe, 0x0, 0x0, 0x0, 0xdf, 0xe0, 0x0,
    0x0, 0xd, 0xfe, 0x0, 0x0, 0x0, 0xdf, 0xe0,
    0x0, 0x0, 0xc, 0xff, 0x0, 0x0, 0x0, 0x9f,
    0xfa, 0x57, 0x30, 0x2, 0xff, 0xff, 0xf9, 0x0,
    0x2, 0xbe, 0xfc, 0x50,

    /* U+0075 "u" */
    0x4f, 0xf7, 0x0, 0x0, 0x9, 0xff, 0x24, 0xff,
    0x70, 0x0, 0x0, 0x9f, 0xf2, 0x4f, 0xf7, 0x0,
    0x0, 0x9, 0xff, 0x24, 0xff, 0x70, 0x0, 0x0,
    0x9f, 0xf2, 0x4f, 0xf7, 0x0, 0x0, 0x9, 0xff,
    0x24, 0xff, 0x70, 0x0, 0x0, 0x9f, 0xf2, 0x4f,
    0xf7, 0x0, 0x0, 0xa, 0xff, 0x23, 0xff, 0x90,
    0x0, 0x0, 0xdf, 0xf2, 0x1f, 0xff, 0x10, 0x0,
    0x6f, 0xff, 0x20, 0xbf, 0xfe, 0x97, 0xbf, 0xff,
    0xf2, 0x1, 0xef, 0xff, 0xff, 0xfc, 0xff, 0x20,
    0x1, 0x9d, 0xfe, 0xb3, 0x7f, 0xf2,

    /* U+0076 "v" */
    0xe, 0xfe, 0x0, 0x0, 0x0, 0x1f, 0xf9, 0x7,
    0xff, 0x50, 0x0, 0x0, 0x7f, 0xf2, 0x1, 0xff,
    0xc0, 0x0, 0x0, 0xef, 0xb0, 0x0, 0xaf, 0xf2,
    0x0, 0x5, 0xff, 0x50, 0x0, 0x3f, 0xf9, 0x0,
    0xc, 0xfe, 0x0, 0x0, 0xc, 0xff, 0x0, 0x2f,
    0xf7, 0x0, 0x0, 0x6, 0xff, 0x60, 0x9f, 0xf1,
    0x0, 0x0, 0x0, 0xef, 0xd1, 0xff, 0xa0, 0x0,
    0x0, 0x0, 0x8f, 0xfa, 0xff, 0x30, 0x0, 0x0,
    0x0, 0x2f, 0xff, 0xfc, 0x0, 0x0, 0x0, 0x0,
    0xb, 0xff, 0xf6, 0x0, 0x0, 0x0, 0x0, 0x4,
    0xff, 0xe0, 0x0, 0x0,

    /* U+0077 "w" */
    0xbf, 0xd0, 0x0, 0x0, 0x2f, 0xf8, 0x0, 0x0,
    0x7, 0xfe, 0x5, 0xff, 0x30, 0x0, 0x8, 0xff,
    0xd0, 0x0, 0x0, 0xdf, 0x90, 0xf, 0xf8, 0x0,
    0x0, 0xef, 0xff, 0x30, 0x0, 0x3f, 0xf3, 0x0,
    0xaf, 0xe0, 0x0, 0x4f, 0xff, 0xf9, 0x0, 0x9,
    0xfd, 0x0, 0x4, 0xff, 0x40, 0xa, 0xfd, 0x9f,
    0xe0, 0x0, 0xef, 0x80, 0x0, 0xe, 0xf9, 0x0,
    0xff, 0x73, 0xff, 0x40, 0x4f, 0xf2, 0x0, 0x0,
    0x9f, 0xe0, 0x5f, 0xf1, 0xd, 0xfa, 0xa, 0xfc,
    0x0, 0x0, 0x3, 0xff, 0x4b, 0xfb, 0x0, 0x8f,
    0xf1, 0xff, 0x60, 0x0, 0x0, 0xd, 0xfc, 0xff,
    0x50, 0x2, 0xff, 0xbf, 0xf1, 0x0, 0x0, 0x0,
    0x7f, 0xff, 0xf0, 0x0, 0xc, 0xff, 0xfb, 0x0,
    0x0, 0x0, 0x2, 0xff, 0xf9, 0x0, 0x0, 0x6f,
    0xff, 0x50, 0x0, 0x0, 0x0, 0xc, 0xff, 0x30,
    0x0, 0x0, 0xff, 0xf0, 0x0, 0x0,

    /* U+0078 "x" */
    0x4f, 0xfc, 0x0, 0x0, 0x2f, 0xfc, 0x0, 0x7f,
    0xf8, 0x0, 0xd, 0xfe, 0x20, 0x0, 0xbf, 0xf4,
    0xa, 0xff, 0x50, 0x0, 0x1, 0xef, 0xe7, 0xff,
    0x80, 0x0, 0x0, 0x4, 0xff, 0xff, 0xc0, 0x0,
    0x0, 0x0, 0x9, 0xff, 0xf2, 0x0, 0x0, 0x0,
    0x0, 0xaf, 0xff, 0x40, 0x0, 0x0, 0x0, 0x6f,
    0xff, 0xfe, 0x10, 0x0, 0x0, 0x3f, 0xfc, 0x4f,
    0xfb, 0x0, 0x0, 0xd, 0xff, 0x20, 0x8f, 0xf8,
    0x0, 0xa, 0xff, 0x50, 0x0, 0xcf, 0xf4, 0x6,
    0xff, 0x90, 0x0, 0x2, 0xff, 0xe1,

    /* U+0079 "y" */
    0xe, 0xfe, 0x0, 0x0, 0x0, 0x1f, 0xf9, 0x7,
    0xff, 0x60, 0x0, 0x0, 0x7f, 0xf2, 0x0, 0xff,
    0xd0, 0x0, 0x0, 0xef, 0xb0, 0x0, 0x9f, 0xf4,
    0x0, 0x5, 0xff, 0x40, 0x0, 0x2f, 0xfb, 0x0,
    0xc, 0xfd, 0x0, 0x0, 0xb, 0xff, 0x20, 0x3f,
    0xf6, 0x0, 0x0, 0x4, 0xff, 0x80, 0xaf, 0xe0,
    0x0, 0x0, 0x0, 0xcf, 0xe2, 0xff, 0x80, 0x0,
    0x0, 0x0, 0x5f, 0xff, 0xff, 0x10, 0x0, 0x0,
    0x0, 0xe, 0xff, 0xfa, 0x0, 0x0, 0x0, 0x0,
    0x7, 0xff, 0xf3, 0x0, 0x0, 0x0, 0x0, 0x1,
    0xff, 0xc0, 0x0, 0x0, 0x0, 0x0, 0x6, 0xff,
    0x50, 0x0, 0x0, 0x9, 0xa5, 0x7f, 0xfd, 0x0,
    0x0, 0x0, 0x2f, 0xff, 0xff, 0xf3, 0x0, 0x0,
    0x0, 0x7, 0xdf, 0xeb, 0x20, 0x0, 0x0, 0x0,

    /* U+007A "z" */
    0xf, 0xff, 0xff, 0xff, 0xff, 0xc0, 0xff, 0xff,
    0xff, 0xff, 0xfc, 0x3, 0x33, 0x33, 0x4f, 0xff,
    0x30, 0x0, 0x0, 0xb, 0xff, 0x50, 0x0, 0x0,
    0x8, 0xff, 0x90, 0x0, 0x0, 0x5, 0xff, 0xb0,
    0x0, 0x0, 0x2, 0xff, 0xe1, 0x0, 0x0, 0x1,
    0xdf, 0xf3, 0x0, 0x0, 0x0, 0xbf, 0xf5, 0x0,
    0x0, 0x0, 0x8f, 0xfc, 0x33, 0x33, 0x33, 0x2f,
    0xff, 0xff, 0xff, 0xff, 0xf2, 0xff, 0xff, 0xff,
    0xff, 0xff,

    /* U+007B "{" */
    0x0, 0x6, 0xdf, 0xc0, 0x7, 0xff, 0xfc, 0x0,
    0xef, 0xf7, 0x20, 0xf, 0xfc, 0x0, 0x1, 0xff,
    0xa0, 0x0, 0x1f, 0xfa, 0x0, 0x1, 0xff, 0xa0,
    0x0, 0x1f, 0xfa, 0x0, 0x1, 0xff, 0xa0, 0x3,
    0x8f, 0xf8, 0x0, 0xcf, 0xfd, 0x10, 0xc, 0xff,
    0xf3, 0x0, 0x4, 0xff, 0x90, 0x0, 0x1f, 0xfa,
    0x0, 0x1, 0xff, 0xa0, 0x0, 0x1f, 0xfa, 0x0,
    0x1, 0xff, 0xa0, 0x0, 0xf, 0xfb, 0x0, 0x0,
    0xef, 0xf6, 0x20, 0x8, 0xff, 0xfc, 0x0, 0x7,
    0xdf, 0xc0,

    /* U+007C "|" */
    0xff, 0x9f, 0xf9, 0xff, 0x9f, 0xf9, 0xff, 0x9f,
    0xf9, 0xff, 0x9f, 0xf9, 0xff, 0x9f, 0xf9, 0xff,
    0x9f, 0xf9, 0xff, 0x9f, 0xf9, 0xff, 0x9f, 0xf9,
    0xff, 0x9f, 0xf9, 0xff, 0x9f, 0xf9, 0xff, 0x90,

    /* U+007D "}" */
    0xaf, 0xd8, 0x0, 0xa, 0xff, 0xf9, 0x0, 0x26,
    0xff, 0xf0, 0x0, 0x9, 0xff, 0x30, 0x0, 0x8f,
    0xf3, 0x0, 0x8, 0xff, 0x30, 0x0, 0x8f, 0xf3,
    0x0, 0x8, 0xff, 0x30, 0x0, 0x8f, 0xf3, 0x0,
    0x6, 0xff, 0xa4, 0x0, 0xb, 0xff, 0xf0, 0x2,
    0xef, 0xff, 0x0, 0x7f, 0xf7, 0x0, 0x8, 0xff,
    0x30, 0x0, 0x8f, 0xf3, 0x0, 0x8, 0xff, 0x30,
    0x0, 0x8f, 0xf3, 0x0, 0x9, 0xff, 0x30, 0x25,
    0xef, 0xf1, 0xa, 0xff, 0xfa, 0x0, 0xaf, 0xd8,
    0x0, 0x0,

    /* U+007E "~" */
    0x0, 0x0, 0x0, 0x0, 0x1, 0x10, 0x6f, 0xfc,
    0x30, 0x0, 0xfc, 0x4f, 0xff, 0xff, 0x81, 0x8f,
    0x99, 0xf7, 0x7, 0xff, 0xff, 0xf3, 0xcf, 0x0,
    0x3, 0xbf, 0xd5, 0x0,

    /* U+00A0 " " */

    /* U+00A1 "¡" */
    0x3d, 0xe4, 0xaf, 0xfc, 0x7f, 0xf9, 0x4, 0x50,
    0x0, 0x0, 0xf, 0xf2, 0x1f, 0xf3, 0x2f, 0xf4,
    0x3f, 0xf5, 0x4f, 0xf6, 0x4f, 0xf7, 0x5f, 0xf8,
    0x6f, 0xf8, 0x7f, 0xf9, 0x8f, 0xfa, 0x12, 0x21,

    /* U+00A2 "¢" */
    0x0, 0x0, 0x0, 0x77, 0x0, 0x0, 0x0, 0x0,
    0x0, 0xe, 0xe0, 0x0, 0x0, 0x0, 0x0, 0x0,
    0xee, 0x0, 0x0, 0x0, 0x0, 0x7, 0xcf, 0xfd,
    0x92, 0x0, 0x0, 0x3e, 0xff, 0xff, 0xff, 0xf4,
    0x0, 0x1e, 0xff, 0xbf, 0xfa, 0xff, 0xe0, 0x9,
    0xff, 0x80, 0xee, 0x5, 0xb2, 0x0, 0xff, 0xe0,
    0xe, 0xe0, 0x0, 0x0, 0x1f, 0xfa, 0x0, 0xee,
    0x0, 0x0, 0x1, 0xff, 0xa0, 0xe, 0xe0, 0x0,
    0x0, 0xf, 0xfe, 0x0, 0xee, 0x0, 0x0, 0x0,
    0x9f, 0xf8, 0xe, 0xe0, 0x5b, 0x20, 0x1, 0xef,
    0xfc, 0xff, 0xaf, 0xfe, 0x0, 0x3, 0xdf, 0xff,
    0xff, 0xfe, 0x40, 0x0, 0x0, 0x7c, 0xff, 0xd8,
    0x10, 0x0, 0x0, 0x0, 0xe, 0xe0, 0x0, 0x0,
    0x0, 0x0, 0x0, 0xee, 0x0, 0x0, 0x0, 0x0,
    0x0, 0x7, 0x70, 0x0, 0x0,

    /* U+00A3 "£" */
    0x0, 0x0, 0x0, 0x5b, 0xdf, 0xfd, 0xa4, 0x0,
    0x0, 0x1, 0xcf, 0xff, 0xff, 0xff, 0xe0, 0x0,
    0x0, 0xdf, 0xff, 0xb9, 0x9b, 0xf9, 0x0, 0x0,
    0x7f, 0xfc, 0x10, 0x0, 0x1, 0x10, 0x0, 0xc,
    0xff, 0x20, 0x0, 0x0, 0x0, 0x0, 0x0, 0xff,
    0xe0, 0x0, 0x0, 0x0, 0x0, 0x0, 0xf, 0xfd,
    0x0, 0x0, 0x0, 0x0, 0x4, 0xdd, 0xff, 0xfd,
    0xdd, 0xdd, 0x50, 0x0, 0x5f, 0xff, 0xff, 0xff,
    0xff, 0xf6, 0x0, 0x0, 0x0, 0xff, 0xd0, 0x0,
    0x0, 0x0, 0x0, 0x0, 0xf, 0xfd, 0x0, 0x0,
    0x0, 0x0, 0x0, 0x0, 0xff, 0xd0, 0x0, 0x0,
    0x0, 0x0, 0x0, 0xf, 0xfd, 0x0, 0x0, 0x0,
    0x0, 0x2, 0x67, 0xff, 0xf6, 0x66, 0x66, 0x66,
    0x50, 0x5f, 0xff, 0xff, 0xff, 0xff, 0xff, 0xfc,
    0x5, 0xff, 0xff, 0xff, 0xff, 0xff, 0xff, 0xc0,

    /* U+00A4 "¤" */
    0x0, 0x10, 0x0, 0x0, 0x0, 0x0, 0x1, 0x0,
    0x9d, 0x10, 0x0, 0x0, 0x0, 0x9, 0xd1, 0x2f,
    0xfd, 0x28, 0xdf, 0xeb, 0x49, 0xff, 0x80, 0x4f,
    0xff, 0xff, 0xff, 0xff, 0xff, 0xa0, 0x0, 0x6f,
    0xfe, 0x74, 0x5c, 0xff, 0xf0, 0x0, 0x9, 0xfe,
    0x10, 0x0, 0x9, 0xff, 0x10, 0x0, 0xff, 0x50,
    0x0, 0x0, 0xe, 0xf5, 0x0, 0x2f, 0xf1, 0x0,
    0x0, 0x0, 0xaf, 0x80, 0x2, 0xff, 0x10, 0x0,
    0x0, 0xa, 0xf8, 0x0, 0xf, 0xf5, 0x0, 0x0,
    0x0, 0xef, 0x60, 0x0, 0xaf, 0xe1, 0x0, 0x0,
    0x9f, 0xf1, 0x0, 0x5, 0xff, 0xe7, 0x45, 0xcf,
    0xfe, 0x0, 0x3, 0xff, 0xff, 0xff, 0xff, 0xff,
    0xf8, 0x2, 0xef, 0xe4, 0x8d, 0xfe, 0xb4, 0xbf,
    0xf7, 0xa, 0xe2, 0x0, 0x0, 0x0, 0x0, 0xbe,
    0x20, 0x2, 0x0, 0x0, 0x0, 0x0, 0x0, 0x20,

    /* U+00A5 "¥" */
    0xd, 0xff, 0x30, 0x0, 0x0, 0x0, 0x2, 0xff,
    0xb0, 0x3, 0xff, 0xd0, 0x0, 0x0, 0x0, 0xc,
    0xff, 0x10, 0x0, 0x8f, 0xf7, 0x0, 0x0, 0x0,
    0x7f, 0xf6, 0x0, 0x0, 0xd, 0xff, 0x20, 0x0,
    0x2, 0xff, 0xb0, 0x0, 0x0, 0x3, 0xff, 0xc0,
    0x0, 0xc, 0xff, 0x10, 0x0, 0x0, 0x0, 0x8f,
    0xf7, 0x0, 0x7f, 0xf6, 0x0, 0x0, 0x0, 0x0,
    0xd, 0xff, 0x22, 0xff, 0xb0, 0x0, 0x0, 0x0,
    0x0, 0x3, 0xff, 0xcc, 0xff, 0x10, 0x0, 0x0,
    0x0, 0x0, 0x0, 0x8f, 0xff, 0xf6, 0x0, 0x0,
    0x0, 0x0, 0xd, 0xff, 0xff, 0xff, 0xff, 0xff,
    0xc0, 0x0, 0x0, 0x7, 0x99, 0x9f, 0xff, 0xf9,
    0x99, 0x60, 0x0, 0x0, 0x0, 0x0, 0x7, 0xff,
    0x60, 0x0, 0x0, 0x0, 0x0, 0xd, 0xff, 0xff,
    0xff, 0xff, 0xff, 0xc0, 0x0, 0x0, 0x7, 0x99,
    0x9f, 0xff, 0xf9, 0x99, 0x60, 0x0, 0x0, 0x0,
    0x0, 0x7, 0xff, 0x60, 0x0, 0x0, 0x0, 0x0,
    0x0, 0x0, 0x7, 0xff, 0x60, 0x0, 0x0, 0x0,

    /* U+00A6 "¦" */
    0xff, 0x9f, 0xf9, 0xff, 0x9f, 0xf9, 0xff, 0x9f,
    0xf9, 0xff, 0x9b, 0xc7, 0x0, 0x0, 0x0, 0x0,
    0x0, 0x0, 0x0, 0xb, 0xc7, 0xff, 0x9f, 0xf9,
    0xff, 0x9f, 0xf9, 0xff, 0x9f, 0xf9, 0xff, 0x90,

    /* U+00A7 "§" */
    0x0, 0x6, 0xce, 0xfe, 0xb7, 0x0, 0x1c, 0xff,
    0xff, 0xff, 0xf8, 0x8, 0xff, 0x73, 0x24, 0x7e,
    0x20, 0xcf, 0xb0, 0x0, 0x0, 0x0, 0xb, 0xfe,
    0x30, 0x0, 0x0, 0x0, 0x5f, 0xff, 0xc8, 0x40,
    0x0, 0x3, 0xff, 0xff, 0xff, 0xd4, 0x0, 0xef,
    0xc5, 0x6b, 0xff, 0xf2, 0x3f, 0xf3, 0x0, 0x3,
    0xff, 0x73, 0xff, 0x50, 0x0, 0xe, 0xf7, 0xe,
    0xff, 0xa5, 0x28, 0xff, 0x30, 0x2d, 0xff, 0xff,
    0xff, 0x80, 0x0, 0x4, 0x8d, 0xff, 0xf8, 0x0,
    0x0, 0x0, 0x2, 0xcf, 0xf0, 0x1, 0x0, 0x0,
    0x6, 0xff, 0x0, 0xea, 0x41, 0x3, 0xdf, 0xd0,
    0x5f, 0xff, 0xff, 0xff, 0xf4, 0x0, 0x5a, 0xff,
    0xff, 0xb3, 0x0, 0x0, 0x0, 0x1, 0x0, 0x0,
    0x0,

    /* U+00A8 "¨" */
    0x4a, 0x30, 0x19, 0x50, 0xcf, 0xb0, 0x8f, 0xf0,
    0x7f, 0x60, 0x4e, 0xa0,

    /* U+00A9 "©" */
    0x0, 0x0, 0x0, 0x0, 0x0, 0x0, 0x0, 0x0,
    0x0, 0x0, 0x0, 0x5a, 0xef, 0xfd, 0x81, 0x0,
    0x0, 0x0, 0x1, 0xcf, 0x95, 0x34, 0x7c, 0xf7,
    0x0, 0x0, 0x2, 0xeb, 0x10, 0x0, 0x0, 0x5,
    0xf8, 0x0, 0x0, 0xcb, 0x0, 0x5c, 0xfe, 0xb3,
    0x4, 0xf5, 0x0, 0x5f, 0x10, 0x9f, 0xff, 0xff,
    0xf4, 0x9, 0xd0, 0xb, 0x90, 0x3f, 0xf6, 0x0,
    0x7a, 0x10, 0x2f, 0x30, 0xe5, 0x9, 0xf9, 0x0,
    0x0, 0x0, 0x0, 0xe6, 0xf, 0x30, 0xaf, 0x70,
    0x0, 0x0, 0x0, 0xc, 0x70, 0xf4, 0x8, 0xfa,
    0x0, 0x0, 0x0, 0x0, 0xd6, 0xc, 0x80, 0x3f,
    0xf8, 0x1, 0x8c, 0x20, 0x1f, 0x30, 0x7e, 0x0,
    0x7f, 0xff, 0xff, 0xf3, 0x7, 0xe0, 0x0, 0xe8,
    0x0, 0x4a, 0xdd, 0x92, 0x2, 0xf6, 0x0, 0x3,
    0xf8, 0x0, 0x0, 0x0, 0x3, 0xea, 0x0, 0x0,
    0x4, 0xed, 0x62, 0x1, 0x4a, 0xf9, 0x0, 0x0,
    0x0, 0x1, 0x8d, 0xff, 0xff, 0xb3, 0x0, 0x0,
    0x0, 0x0, 0x0, 0x1, 0x22, 0x0, 0x0, 0x0,
    0x0,

    /* U+00AA "ª" */
    0x5, 0xbf, 0xfc, 0x50, 0xb, 0xc8, 0x8e, 0xf4,
    0x0, 0x0, 0x5, 0xf9, 0x5, 0xce, 0xff, 0xfa,
    0x2f, 0xc3, 0x26, 0xfa, 0x3f, 0xb1, 0x1b, 0xfa,
    0x9, 0xff, 0xfb, 0xfa, 0x0, 0x2, 0x10, 0x32,

    /* U+00AB "«" */
    0x0, 0x1, 0x99, 0x30, 0x59, 0x80, 0x0, 0xb,
    0xfb, 0x3, 0xff, 0x50, 0x0, 0x7f, 0xe1, 0xd,
    0xf9, 0x0, 0x3, 0xff, 0x50, 0xaf, 0xd0, 0x0,
    0xd, 0xfa, 0x4, 0xff, 0x40, 0x0, 0x8, 0xfe,
    0x10, 0xdf, 0x90, 0x0, 0x0, 0xcf, 0xb0, 0x3f,
    0xf5, 0x0, 0x0, 0x1e, 0xf7, 0x7, 0xfe, 0x10,
    0x0, 0x5, 0xff, 0x30, 0xbf, 0xb0,

    /* U+00AC "¬" */
    0x23, 0x33, 0x33, 0x33, 0x33, 0x29, 0xff, 0xff,
    0xff, 0xff, 0xf9, 0x9f, 0xff, 0xff, 0xff, 0xff,
    0x90, 0x0, 0x0, 0x0, 0xc, 0xf9, 0x0, 0x0,
    0x0, 0x0, 0xcf, 0x90, 0x0, 0x0, 0x0, 0xc,
    0xf9, 0x0, 0x0, 0x0, 0x0, 0xcf, 0x90,

    /* U+00AE "®" */
    0x0, 0x0, 0x0, 0x0, 0x0, 0x0, 0x0, 0x0,
    0x0, 0x0, 0x0, 0x5a, 0xef, 0xfd, 0x81, 0x0,
    0x0, 0x0, 0x1, 0xcf, 0x95, 0x34, 0x7c, 0xf7,
    0x0, 0x0, 0x2, 0xeb, 0x10, 0x0, 0x0, 0x5,
    0xf8, 0x0, 0x0, 0xcb, 0x8, 0xff, 0xff, 0xc4,
    0x4, 0xf5, 0x0, 0x5f, 0x10, 0x8f, 0xa8, 0x9e,
    0xf4, 0x9, 0xd0, 0xb, 0x90, 0x8, 0xf5, 0x0,
    0x3f, 0xa0, 0x2f, 0x30, 0xe5, 0x0, 0x8f, 0x50,
    0x3, 0xfa, 0x0, 0xe6, 0xf, 0x30, 0x8, 0xfa,
    0x89, 0xef, 0x40, 0xc, 0x70, 0xf4, 0x0, 0x8f,
    0xff, 0xff, 0x50, 0x0, 0xd6, 0xc, 0x80, 0x8,
    0xf6, 0x5, 0xf8, 0x0, 0x1f, 0x30, 0x7e, 0x0,
    0x8f, 0x60, 0xb, 0xf3, 0x7, 0xe0, 0x0, 0xe8,
    0x5, 0xb4, 0x0, 0x2b, 0x82, 0xf6, 0x0, 0x3,
    0xf8, 0x0, 0x0, 0x0, 0x3, 0xea, 0x0, 0x0,
    0x4, 0xed, 0x62, 0x1, 0x4a, 0xf9, 0x0, 0x0,
    0x0, 0x1, 0x8d, 0xff, 0xff, 0xb3, 0x0, 0x0,
    0x0, 0x0, 0x0, 0x1, 0x22, 0x0, 0x0, 0x0,
    0x0,

    /* U+00AF "¯" */
    0x2a, 0xaa, 0xaa, 0xaa, 0x43, 0xff, 0xff, 0xff,
    0xf6,

    /* U+00B0 "°" */
    0x0, 0x0, 0x10, 0x0, 0x0, 0x7, 0xef, 0xf9,
    0x0, 0x7, 0xfa, 0x58, 0xfa, 0x0, 0xeb, 0x0,
    0x8, 0xf2, 0x1f, 0x60, 0x0, 0x3f, 0x40, 0xf9,
    0x0, 0x6, 0xf3, 0x9, 0xf7, 0x25, 0xfc, 0x0,
    0xa, 0xff, 0xfc, 0x10, 0x0, 0x2, 0x43, 0x0,
    0x0,

    /* U+00B1 "±" */
    0x0, 0x0, 0xaf, 0xa0, 0x0, 0x0, 0x0, 0xa,
    0xfa, 0x0, 0x0, 0x0, 0x0, 0xaf, 0xa0, 0x0,
    0x1, 0x33, 0x3e, 0xfe, 0x33, 0x31, 0x9f, 0xff,
    0xff, 0xff, 0xff, 0x99, 0xff, 0xff, 0xff, 0xff,
    0xf9, 0x0, 0x0, 0xaf, 0xa0, 0x0, 0x0, 0x0,
    0xa, 0xfa, 0x0, 0x0, 0x0, 0x0, 0xaf, 0xa0,
    0x0, 0x0, 0x0, 0x7, 0xa7, 0x0, 0x0, 0x0,
    0x0, 0x0, 0x0, 0x0, 0x1, 0x33, 0x33, 0x33,
    0x33, 0x32, 0x9f, 0xff, 0xff, 0xff, 0xff, 0x99,
    0xff, 0xff, 0xff, 0xff, 0xf9,

    /* U+00B2 "²" */
    0x3, 0xbe, 0xfd, 0x70, 0x3, 0xff, 0xcb, 0xef,
    0x90, 0x6, 0x30, 0x1, 0xff, 0x0, 0x0, 0x0,
    0x1f, 0xf0, 0x0, 0x0, 0xa, 0xf9, 0x0, 0x0,
    0xa, 0xfc, 0x0, 0x0, 0xa, 0xfc, 0x10, 0x0,
    0xb, 0xfb, 0x0, 0x0, 0xb, 0xff, 0x99, 0x99,
    0x40, 0xff, 0xff, 0xff, 0xf7,

    /* U+00B3 "³" */
    0x2f, 0xff, 0xff, 0xff, 0x11, 0x99, 0x99, 0xef,
    0xc0, 0x0, 0x0, 0x3f, 0xd1, 0x0, 0x0, 0x2f,
    0xf1, 0x0, 0x0, 0x9, 0xff, 0xd5, 0x0, 0x0,
    0x35, 0x7f, 0xf3, 0x0, 0x0, 0x0, 0x8f, 0x70,
    0x81, 0x0, 0xa, 0xf7, 0x5f, 0xfc, 0xbd, 0xfe,
    0x10, 0x7c, 0xef, 0xe9, 0x10,

    /* U+00B4 "´" */
    0x0, 0xb, 0xff, 0x50, 0xb, 0xfd, 0x20, 0xb,
    0xfb, 0x10, 0x0,

    /* U+00B5 "µ" */
    0x3f, 0xf8, 0x0, 0x0, 0x7, 0xff, 0x43, 0xff,
    0x80, 0x0, 0x0, 0x7f, 0xf4, 0x3f, 0xf8, 0x0,
    0x0, 0x7, 0xff, 0x43, 0xff, 0x80, 0x0, 0x0,
    0x7f, 0xf4, 0x3f, 0xf8, 0x0, 0x0, 0x7, 0xff,
    0x43, 0xff, 0x80, 0x0, 0x0, 0x7f, 0xf4, 0x3f,
    0xf9, 0x0, 0x0, 0x8, 0xff, 0x43, 0xff, 0xa0,
    0x0, 0x0, 0xaf, 0xf4, 0x3f, 0xff, 0x10, 0x0,
    0x3f, 0xff, 0x43, 0xff, 0xfe, 0x75, 0x8f, 0xff,
    0xf4, 0x3f, 0xff, 0xff, 0xff, 0xfd, 0xff, 0x43,
    0xff, 0xa9, 0xef, 0xd7, 0x4f, 0xf4, 0x3f, 0xf8,
    0x0, 0x0, 0x0, 0x0, 0x3, 0xff, 0x80, 0x0,
    0x0, 0x0, 0x0, 0x3f, 0xf8, 0x0, 0x0, 0x0,
    0x0, 0x3, 0xff, 0x80, 0x0, 0x0, 0x0, 0x0,

    /* U+00B6 "¶" */
    0x0, 0x5b, 0xef, 0xff, 0xff, 0xff, 0x90, 0x9f,
    0xff, 0xff, 0xff, 0xff, 0xf9, 0x4f, 0xff, 0xff,
    0xf5, 0x11, 0xbf, 0x98, 0xff, 0xff, 0xff, 0x40,
    0xb, 0xf9, 0x9f, 0xff, 0xff, 0xf4, 0x0, 0xbf,
    0x95, 0xff, 0xff, 0xff, 0x40, 0xb, 0xf9, 0xc,
    0xff, 0xff, 0xf4, 0x0, 0xbf, 0x90, 0x9, 0xff,
    0xff, 0x40, 0xb, 0xf9, 0x0, 0x0, 0x2f, 0xf4,
    0x0, 0xbf, 0x90, 0x0, 0x0, 0xff, 0x40, 0xb,
    0xf9, 0x0, 0x0, 0xf, 0xf4, 0x0, 0xbf, 0x90,
    0x0, 0x0, 0xff, 0x40, 0xb, 0xf9, 0x0, 0x0,
    0xf, 0xf4, 0x0, 0xbf, 0x90, 0x0, 0x0, 0xff,
    0x40, 0xb, 0xf9, 0x0, 0x0, 0xf, 0xf4, 0x0,
    0xbf, 0x90, 0x0, 0x0, 0xff, 0x40, 0xb, 0xf9,
    0x0, 0x0, 0xf, 0xf4, 0x0, 0xbf, 0x90, 0x0,
    0x0, 0xff, 0x40, 0xb, 0xf9, 0x0, 0x0, 0x9,
    0x92, 0x0, 0x69, 0x50,

    /* U+00B7 "·" */
    0x8, 0xa2, 0x8f, 0xfc, 0x9f, 0xfd, 0x2d, 0xe5,

    /* U+00B8 "¸" */
    0x0, 0x4f, 0x30, 0x0, 0x8f, 0xa2, 0x0, 0x26,
    0xfc, 0x4, 0x23, 0xfd, 0xe, 0xff, 0xf5, 0x1,
    0x33, 0x0,

    /* U+00B9 "¹" */
    0x2f, 0xff, 0xf1, 0x0, 0x19, 0x9f, 0xf1, 0x0,
    0x0, 0xe, 0xf1, 0x0, 0x0, 0xe, 0xf1, 0x0,
    0x0, 0xe, 0xf1, 0x0, 0x0, 0xe, 0xf1, 0x0,
    0x0, 0xe, 0xf1, 0x0, 0x0, 0xe, 0xf1, 0x0,
    0x29, 0x9f, 0xfb, 0x92, 0x5f, 0xff, 0xff, 0xf3,

    /* U+00BA "º" */
    0x0, 0x7d, 0xfe, 0x91, 0x0, 0xaf, 0xd9, 0xcf,
    0xe1, 0x3f, 0xd0, 0x0, 0x8f, 0x75, 0xf9, 0x0,
    0x4, 0xfa, 0x3f, 0xd0, 0x0, 0x8f, 0x70, 0xaf,
    0xd9, 0xcf, 0xe1, 0x0, 0x7d, 0xfe, 0x91, 0x0,

    /* U+00BB "»" */
    0x19, 0x93, 0x5, 0x98, 0x0, 0x0, 0x8f, 0xe1,
    0x1e, 0xf8, 0x0, 0x0, 0xdf, 0xa0, 0x4f, 0xf4,
    0x0, 0x2, 0xff, 0x60, 0x8f, 0xe1, 0x0, 0x7,
    0xff, 0x10, 0xef, 0xa0, 0x0, 0xdf, 0xa0, 0x4f,
    0xf4, 0x0, 0x9f, 0xe1, 0x1e, 0xf8, 0x0, 0x4f,
    0xf3, 0xb, 0xfc, 0x0, 0x1e, 0xf8, 0x6, 0xff,
    0x20, 0x0,

    /* U+00BC "¼" */
    0x19, 0x99, 0x91, 0x0, 0x0, 0x0, 0x0, 0x59,
    0x50, 0x0, 0x0, 0x2f, 0xff, 0xf1, 0x0, 0x0,
    0x0, 0x2, 0xfe, 0x10, 0x0, 0x0, 0x0, 0xe,
    0xf1, 0x0, 0x0, 0x0, 0xc, 0xf5, 0x0, 0x0,
    0x0, 0x0, 0xe, 0xf1, 0x0, 0x0, 0x0, 0x7f,
    0xa0, 0x0, 0x0, 0x0, 0x0, 0xe, 0xf1, 0x0,
    0x0, 0x2, 0xfe, 0x10, 0x0, 0x0, 0x0, 0x0,
    0xe, 0xf1, 0x0, 0x0, 0xc, 0xf5, 0x0, 0x0,
    0x0, 0x0, 0x0, 0xe, 0xf1, 0x0, 0x0, 0x7f,
    0xa0, 0x0, 0x4, 0x40, 0x0, 0x0, 0xe, 0xf1,
    0x0, 0x2, 0xfe, 0x10, 0x0, 0x8f, 0xa0, 0x0,
    0x5f, 0xff, 0xff, 0xf3, 0xc, 0xf4, 0x0, 0x3,
    0xfe, 0x10, 0x0, 0x29, 0x99, 0x99, 0x92, 0x8f,
    0x90, 0x0, 0xd, 0xf3, 0x0, 0x0, 0x0, 0x0,
    0x0, 0x3, 0xfe, 0x0, 0x0, 0xaf, 0x70, 0x54,
    0x0, 0x0, 0x0, 0x0, 0xd, 0xf4, 0x0, 0x5,
    0xfc, 0x0, 0xfb, 0x0, 0x0, 0x0, 0x0, 0x8f,
    0x90, 0x0, 0x1f, 0xfb, 0x9a, 0xff, 0x93, 0x0,
    0x0, 0x3, 0xfd, 0x0, 0x0, 0x3f, 0xff, 0xff,
    0xff, 0xf5, 0x0, 0x0, 0xd, 0xf4, 0x0, 0x0,
    0x0, 0x0, 0x3, 0xfb, 0x0, 0x0, 0x0, 0x8f,
    0x90, 0x0, 0x0, 0x0, 0x0, 0x3, 0xfb, 0x0,

    /* U+00BD "½" */
    0x19, 0x99, 0x91, 0x0, 0x0, 0x0, 0x0, 0x59,
    0x50, 0x0, 0x2, 0xff, 0xff, 0x10, 0x0, 0x0,
    0x0, 0x2f, 0xe1, 0x0, 0x0, 0x0, 0xe, 0xf1,
    0x0, 0x0, 0x0, 0xc, 0xf5, 0x0, 0x0, 0x0,
    0x0, 0xef, 0x10, 0x0, 0x0, 0x7, 0xfa, 0x0,
    0x0, 0x0, 0x0, 0xe, 0xf1, 0x0, 0x0, 0x2,
    0xfe, 0x10, 0x0, 0x0, 0x0, 0x0, 0xef, 0x10,
    0x0, 0x0, 0xcf, 0x50, 0x0, 0x0, 0x0, 0x0,
    0xe, 0xf1, 0x0, 0x0, 0x7f, 0xa0, 0x38, 0xa8,
    0x50, 0x0, 0x0, 0xef, 0x10, 0x0, 0x2f, 0xe1,
    0x9f, 0xff, 0xff, 0xc0, 0x5f, 0xff, 0xff, 0xf3,
    0xc, 0xf4, 0x7, 0xc3, 0x2, 0xdf, 0x52, 0x99,
    0x99, 0x99, 0x28, 0xf9, 0x0, 0x0, 0x0, 0x9,
    0xf6, 0x0, 0x0, 0x0, 0x3, 0xfe, 0x0, 0x0,
    0x0, 0x2, 0xff, 0x20, 0x0, 0x0, 0x0, 0xdf,
    0x40, 0x0, 0x0, 0x3, 0xef, 0x50, 0x0, 0x0,
    0x0, 0x8f, 0x90, 0x0, 0x0, 0x4, 0xff, 0x50,
    0x0, 0x0, 0x0, 0x3f, 0xd0, 0x0, 0x0, 0x5,
    0xff, 0x40, 0x0, 0x0, 0x0, 0xd, 0xf4, 0x0,
    0x0, 0x5, 0xff, 0xc9, 0x99, 0x70, 0x0, 0x8,
    0xf9, 0x0, 0x0, 0x0, 0xaf, 0xff, 0xff, 0xfd,

    /* U+00BE "¾" */
    0x19, 0x99, 0x99, 0x99, 0x0, 0x0, 0x0, 0x5,
    0x95, 0x0, 0x0, 0x2, 0xff, 0xff, 0xff, 0xf0,
    0x0, 0x0, 0x2, 0xfe, 0x10, 0x0, 0x0, 0x0,
    0x0, 0x2d, 0xf4, 0x0, 0x0, 0x0, 0xcf, 0x50,
    0x0, 0x0, 0x0, 0x0, 0x2f, 0xf3, 0x0, 0x0,
    0x0, 0x7f, 0xa0, 0x0, 0x0, 0x0, 0x0, 0x9,
    0xff, 0xe5, 0x0, 0x0, 0x2f, 0xe1, 0x0, 0x0,
    0x0, 0x0, 0x0, 0x35, 0x7f, 0xf3, 0x0, 0xc,
    0xf5, 0x0, 0x0, 0x0, 0x0, 0x0, 0x0, 0x0,
    0x8f, 0x70, 0x7, 0xfa, 0x0, 0x0, 0x44, 0x0,
    0x0, 0x81, 0x0, 0xa, 0xf7, 0x2, 0xfe, 0x10,
    0x0, 0x8f, 0xa0, 0x0, 0x5f, 0xfb, 0xad, 0xfe,
    0x10, 0xcf, 0x40, 0x0, 0x3f, 0xe0, 0x0, 0x0,
    0x7c, 0xff, 0xe9, 0x10, 0x8f, 0x90, 0x0, 0xe,
    0xf3, 0x0, 0x0, 0x0, 0x0, 0x0, 0x0, 0x3f,
    0xe0, 0x0, 0xa, 0xf7, 0x3, 0x20, 0x0, 0x0,
    0x0, 0x0, 0xd, 0xf4, 0x0, 0x6, 0xfc, 0x0,
    0xfb, 0x0, 0x0, 0x0, 0x0, 0x8, 0xf9, 0x0,
    0x1, 0xff, 0xb9, 0xaf, 0xf9, 0x30, 0x0, 0x0,
    0x3, 0xfd, 0x0, 0x0, 0x3f, 0xff, 0xff, 0xff,
    0xf5, 0x0, 0x0, 0x0, 0xdf, 0x40, 0x0, 0x0,
    0x0, 0x0, 0x3f, 0xb0, 0x0, 0x0, 0x0, 0x8f,
    0x90, 0x0, 0x0, 0x0, 0x0, 0x3, 0xfb, 0x0,

    /* U+00BF "¿" */
    0x0, 0x0, 0xaf, 0xa0, 0x0, 0x0, 0x0, 0x3,
    0xff, 0xf3, 0x0, 0x0, 0x0, 0x1, 0xef, 0xe1,
    0x0, 0x0, 0x0, 0x0, 0x26, 0x20, 0x0, 0x0,
    0x0, 0x0, 0x0, 0x0, 0x0, 0x0, 0x0, 0x0,
    0xbc, 0xa0, 0x0, 0x0, 0x0, 0x5, 0xff, 0xa0,
    0x0, 0x0, 0x0, 0x4f, 0xfe, 0x10, 0x0, 0x0,
    0x4, 0xff, 0xe3, 0x0, 0x0, 0x0, 0x1f, 0xfe,
    0x20, 0x0, 0x0, 0x0, 0x8f, 0xf5, 0x0, 0x0,
    0x0, 0x0, 0xaf, 0xf5, 0x0, 0x0, 0x7, 0x10,
    0x7f, 0xfe, 0x40, 0x3, 0xbf, 0xf4, 0x1e, 0xff,
    0xff, 0xff, 0xff, 0xd1, 0x2, 0xbf, 0xff, 0xff,
    0xe8, 0x0, 0x0, 0x1, 0x45, 0x53, 0x0, 0x0,

    /* U+00C0 "À" */
    0x0, 0x0, 0x7, 0xff, 0x90, 0x0, 0x0, 0x0,
    0x0, 0x0, 0x0, 0x0, 0x4e, 0xf9, 0x0, 0x0,
    0x0, 0x0, 0x0, 0x0, 0x0, 0x2, 0xcf, 0x90,
    0x0, 0x0, 0x0, 0x0, 0x0, 0x0, 0x0, 0x0,
    0x0, 0x0, 0x0, 0x0, 0x0, 0x0, 0x0, 0x6,
    0xff, 0xd0, 0x0, 0x0, 0x0, 0x0, 0x0, 0x0,
    0xd, 0xff, 0xf4, 0x0, 0x0, 0x0, 0x0, 0x0,
    0x0, 0x4f, 0xff, 0xfb, 0x0, 0x0, 0x0, 0x0,
    0x0, 0x0, 0xbf, 0xf9, 0xff, 0x20, 0x0, 0x0,
    0x0, 0x0, 0x2, 0xff, 0x92, 0xff, 0x90, 0x0,
    0x0, 0x0, 0x0, 0x9, 0xff, 0x20, 0xbf, 0xf1,
    0x0, 0x0, 0x0, 0x0, 0xf, 0xfc, 0x0, 0x5f,
    0xf7, 0x0, 0x0, 0x0, 0x0, 0x6f, 0xf5, 0x0,
    0xe, 0xfe, 0x0, 0x0, 0x0, 0x0, 0xdf, 0xe0,
    0x0, 0x8, 0xff, 0x50, 0x0, 0x0, 0x4, 0xff,
    0x80, 0x0, 0x1, 0xff, 0xc0, 0x0, 0x0, 0xb,
    0xff, 0xff, 0xff, 0xff, 0xff, 0xf3, 0x0, 0x0,
    0x2f, 0xff, 0xff, 0xff, 0xff, 0xff, 0xfa, 0x0,
    0x0, 0x9f, 0xf9, 0x44, 0x44, 0x44, 0x4f, 0xff,
    0x10, 0x1, 0xff, 0xd0, 0x0, 0x0, 0x0, 0x7,
    0xff, 0x80, 0x7, 0xff, 0x70, 0x0, 0x0, 0x0,
    0x1, 0xff, 0xe0, 0xe, 0xff, 0x10, 0x0, 0x0,
    0x0, 0x0, 0x9f, 0xf6,

    /* U+00C1 "Á" */
    0x0, 0x0, 0x0, 0x0, 0x3, 0xff, 0xc2, 0x0,
    0x0, 0x0, 0x0, 0x0, 0x0, 0x3e, 0xfa, 0x0,
    0x0, 0x0, 0x0, 0x0, 0x0, 0x3, 0xef, 0x60,
    0x0, 0x0, 0x0, 0x0, 0x0, 0x0, 0x0, 0x0,
    0x0, 0x0, 0x0, 0x0, 0x0, 0x0, 0x0, 0x6,
    0xff, 0xd0, 0x0, 0x0, 0x0, 0x0, 0x0, 0x0,
    0xd, 0xff, 0xf4, 0x0, 0x0, 0x0, 0x0, 0x0,
    0x0, 0x4f, 0xff, 0xfb, 0x0, 0x0, 0x0, 0x0,
    0x0, 0x0, 0xbf, 0xf9, 0xff, 0x20, 0x0, 0x0,
    0x0, 0x0, 0x2, 0xff, 0x92, 0xff, 0x90, 0x0,
    0x0, 0x0, 0x0, 0x9, 0xff, 0x20, 0xbf, 0xf1,
    0x0, 0x0, 0x0, 0x0, 0xf, 0xfc, 0x0, 0x5f,
    0xf7, 0x0, 0x0, 0x0, 0x0, 0x6f, 0xf5, 0x0,
    0xe, 0xfe, 0x0, 0x0, 0x0, 0x0, 0xdf, 0xe0,
    0x0, 0x8, 0xff, 0x50, 0x0, 0x0, 0x4, 0xff,
    0x80, 0x0, 0x1, 0xff, 0xc0, 0x0, 0x0, 0xb,
    0xff, 0xff, 0xff, 0xff, 0xff, 0xf3, 0x0, 0x0,
    0x2f, 0xff, 0xff, 0xff, 0xff, 0xff, 0xfa, 0x0,
    0x0, 0x9f, 0xf9, 0x44, 0x44, 0x44, 0x4f, 0xff,
    0x10, 0x1, 0xff, 0xd0, 0x0, 0x0, 0x0, 0x7,
    0xff, 0x80, 0x7, 0xff, 0x70, 0x0, 0x0, 0x0,
    0x1, 0xff, 0xe0, 0xe, 0xff, 0x10, 0x0, 0x0,
    0x0, 0x0, 0x9f, 0xf6,

    /* U+00C2 "Â" */
    0x0, 0x0, 0x0, 0x8, 0xff, 0xe1, 0x0, 0x0,
    0x0, 0x0, 0x0, 0x0, 0x8f, 0xec, 0xfd, 0x10,
    0x0, 0x0, 0x0, 0x0, 0x7, 0xfc, 0x10, 0x7f,
    0xd1, 0x0, 0x0, 0x0, 0x0, 0x0, 0x0, 0x0,
    0x0, 0x0, 0x0, 0x0, 0x0, 0x0, 0x0, 0x6,
    0xff, 0xd0, 0x0, 0x0, 0x0, 0x0, 0x0, 0x0,
    0xd, 0xff, 0xf4, 0x0, 0x0, 0x0, 0x0, 0x0,
    0x0, 0x4f, 0xff, 0xfb, 0x0, 0x0, 0x0, 0x0,
    0x0, 0x0, 0xbf, 0xf9, 0xff, 0x20, 0x0, 0x0,
    0x0, 0x0, 0x2, 0xff, 0x92, 0xff, 0x90, 0x0,
    0x0, 0x0, 0x0, 0x9, 0xff, 0x20, 0xbf, 0xf1,
    0x0, 0x0, 0x0, 0x0, 0xf, 0xfc, 0x0, 0x5f,
    0xf7, 0x0, 0x0, 0x0, 0x0, 0x6f, 0xf5, 0x0,
    0xe, 0xfe, 0x0, 0x0, 0x0, 0x0, 0xdf, 0xe0,
    0x0, 0x8, 0xff, 0x50, 0x0, 0x0, 0x4, 0xff,
    0x80, 0x0, 0x1, 0xff, 0xc0, 0x0, 0x0, 0xb,
    0xff, 0xff, 0xff, 0xff, 0xff, 0xf3, 0x0, 0x0,
    0x2f, 0xff, 0xff, 0xff, 0xff, 0xff, 0xfa, 0x0,
    0x0, 0x9f, 0xf9, 0x44, 0x44, 0x44, 0x4f, 0xff,
    0x10, 0x1, 0xff, 0xd0, 0x0, 0x0, 0x0, 0x7,
    0xff, 0x80, 0x7, 0xff, 0x70, 0x0, 0x0, 0x0,
    0x1, 0xff, 0xe0, 0xe, 0xff, 0x10, 0x0, 0x0,
    0x0, 0x0, 0x9f, 0xf6,

    /* U+00C3 "Ã" */
    0x0, 0x0, 0x1, 0xbf, 0xc4, 0x4, 0xf5, 0x0,
    0x0, 0x0, 0x0, 0xa, 0xfd, 0xff, 0xdf, 0xf1,
    0x0, 0x0, 0x0, 0x0, 0xf, 0xb0, 0x19, 0xee,
    0x50, 0x0, 0x0, 0x0, 0x0, 0x0, 0x0, 0x0,
    0x0, 0x0, 0x0, 0x0, 0x0, 0x0, 0x0, 0x6,
    0xff, 0xd0, 0x0, 0x0, 0x0, 0x0, 0x0, 0x0,
    0xd, 0xff, 0xf4, 0x0, 0x0, 0x0, 0x0, 0x0,
    0x0, 0x4f, 0xff, 0xfb, 0x0, 0x0, 0x0, 0x0,
    0x0, 0x0, 0xbf, 0xf9, 0xff, 0x20, 0x0, 0x0,
    0x0, 0x0, 0x2, 0xff, 0x92, 0xff, 0x90, 0x0,
    0x0, 0x0, 0x0, 0x9, 0xff, 0x20, 0xbf, 0xf1,
    0x0, 0x0, 0x0, 0x0, 0xf, 0xfc, 0x0, 0x5f,
    0xf7, 0x0, 0x0, 0x0, 0x0, 0x6f, 0xf5, 0x0,
    0xe, 0xfe, 0x0, 0x0, 0x0, 0x0, 0xdf, 0xe0,
    0x0, 0x8, 0xff, 0x50, 0x0, 0x0, 0x4, 0xff,
    0x80, 0x0, 0x1, 0xff, 0xc0, 0x0, 0x0, 0xb,
    0xff, 0xff, 0xff, 0xff, 0xff, 0xf3, 0x0, 0x0,
    0x2f, 0xff, 0xff, 0xff, 0xff, 0xff, 0xfa, 0x0,
    0x0, 0x9f, 0xf9, 0x44, 0x44, 0x44, 0x4f, 0xff,
    0x10, 0x1, 0xff, 0xd0, 0x0, 0x0, 0x0, 0x7,
    0xff, 0x80, 0x7, 0xff, 0x70, 0x0, 0x0, 0x0,
    0x1, 0xff, 0xe0, 0xe, 0xff, 0x10, 0x0, 0x0,
    0x0, 0x0, 0x9f, 0xf6,

    /* U+00C4 "Ä" */
    0x0, 0x0, 0x0, 0x79, 0x0, 0x5a, 0x20, 0x0,
    0x0, 0x0, 0x0, 0x2, 0xff, 0x50, 0xef, 0xa0,
    0x0, 0x0, 0x0, 0x0, 0x0, 0xce, 0x20, 0x9f,
    0x50, 0x0, 0x0, 0x0, 0x0, 0x0, 0x0, 0x0,
    0x0, 0x0, 0x0, 0x0, 0x0, 0x0, 0x0, 0x6,
    0xff, 0xd0, 0x0, 0x0, 0x0, 0x0, 0x0, 0x0,
    0xd, 0xff, 0xf4, 0x0, 0x0, 0x0, 0x0, 0x0,
    0x0, 0x4f, 0xff, 0xfb, 0x0, 0x0, 0x0, 0x0,
    0x0, 0x0, 0xbf, 0xf9, 0xff, 0x20, 0x0, 0x0,
    0x0, 0x0, 0x2, 0xff, 0x92, 0xff, 0x90, 0x0,
    0x0, 0x0, 0x0, 0x9, 0xff, 0x20, 0xbf, 0xf1,
    0x0, 0x0, 0x0, 0x0, 0xf, 0xfc, 0x0, 0x5f,
    0xf7, 0x0, 0x0, 0x0, 0x0, 0x6f, 0xf5, 0x0,
    0xe, 0xfe, 0x0, 0x0, 0x0, 0x0, 0xdf, 0xe0,
    0x0, 0x8, 0xff, 0x50, 0x0, 0x0, 0x4, 0xff,
    0x80, 0x0, 0x1, 0xff, 0xc0, 0x0, 0x0, 0xb,
    0xff, 0xff, 0xff, 0xff, 0xff, 0xf3, 0x0, 0x0,
    0x2f, 0xff, 0xff, 0xff, 0xff, 0xff, 0xfa, 0x0,
    0x0, 0x9f, 0xf9, 0x44, 0x44, 0x44, 0x4f, 0xff,
    0x10, 0x1, 0xff, 0xd0, 0x0, 0x0, 0x0, 0x7,
    0xff, 0x80, 0x7, 0xff, 0x70, 0x0, 0x0, 0x0,
    0x1, 0xff, 0xe0, 0xe, 0xff, 0x10, 0x0, 0x0,
    0x0, 0x0, 0x9f, 0xf6,

    /* U+00C5 "Å" */
    0x0, 0x0, 0x0, 0x3, 0xde, 0x80, 0x0, 0x0,
    0x0, 0x0, 0x0, 0x0, 0xe, 0x73, 0xd7, 0x0,
    0x0, 0x0, 0x0, 0x0, 0x0, 0x4d, 0x0, 0x7b,
    0x0, 0x0, 0x0, 0x0, 0x0, 0x0, 0x4e, 0x0,
    0x8a, 0x0, 0x0, 0x0, 0x0, 0x0, 0x0, 0xc,
    0xc9, 0xf4, 0x0, 0x0, 0x0, 0x0, 0x0, 0x0,
    0x0, 0x79, 0x30, 0x0, 0x0, 0x0, 0x0, 0x0,
    0x0, 0x6, 0xff, 0xd0, 0x0, 0x0, 0x0, 0x0,
    0x0, 0x0, 0xd, 0xff, 0xf4, 0x0, 0x0, 0x0,
    0x0, 0x0, 0x0, 0x4f, 0xff, 0xfb, 0x0, 0x0,
    0x0, 0x0, 0x0, 0x0, 0xbf, 0xf9, 0xff, 0x20,
    0x0, 0x0, 0x0, 0x0, 0x2, 0xff, 0x92, 0xff,
    0x90, 0x0, 0x0, 0x0, 0x0, 0x9, 0xff, 0x20,
    0xbf, 0xf1, 0x0, 0x0, 0x0, 0x0, 0xf, 0xfc,
    0x0, 0x5f, 0xf7, 0x0, 0x0, 0x0, 0x0, 0x6f,
    0xf5, 0x0, 0xe, 0xfe, 0x0, 0x0, 0x0, 0x0,
    0xdf, 0xe0, 0x0, 0x8, 0xff, 0x50, 0x0, 0x0,
    0x4, 0xff, 0x80, 0x0, 0x1, 0xff, 0xc0, 0x0,
    0x0, 0xb, 0xff, 0xff, 0xff, 0xff, 0xff, 0xf3,
    0x0, 0x0, 0x2f, 0xff, 0xff, 0xff, 0xff, 0xff,
    0xfa, 0x0, 0x0, 0x9f, 0xf9, 0x44, 0x44, 0x44,
    0x4f, 0xff, 0x10, 0x1, 0xff, 0xd0, 0x0, 0x0,
    0x0, 0x7, 0xff, 0x80, 0x7, 0xff, 0x70, 0x0,
    0x0, 0x0, 0x1, 0xff, 0xe0, 0xe, 0xff, 0x10,
    0x0, 0x0, 0x0, 0x0, 0x9f, 0xf6,

    /* U+00C6 "Æ" */
    0x0, 0x0, 0x0, 0x0, 0x7, 0xff, 0xff, 0xff,
    0xff, 0xff, 0xff, 0xf0, 0x0, 0x0, 0x0, 0x0,
    0x1e, 0xff, 0xff, 0xff, 0xff, 0xff, 0xff, 0xf0,
    0x0, 0x0, 0x0, 0x0, 0x9f, 0xfe, 0xff, 0xc6,
    0x66, 0x66, 0x66, 0x60, 0x0, 0x0, 0x0, 0x2,
    0xff, 0xa4, 0xff, 0x90, 0x0, 0x0, 0x0, 0x0,
    0x0, 0x0, 0x0, 0xb, 0xff, 0x24, 0xff, 0x90,
    0x0, 0x0, 0x0, 0x0, 0x0, 0x0, 0x0, 0x3f,
    0xf9, 0x4, 0xff, 0x90, 0x0, 0x0, 0x0, 0x0,
    0x0, 0x0, 0x0, 0xcf, 0xf1, 0x4, 0xff, 0x90,
    0x0, 0x0, 0x0, 0x0, 0x0, 0x0, 0x5, 0xff,
    0x70, 0x4, 0xff, 0xff, 0xff, 0xff, 0xff, 0x0,
    0x0, 0x0, 0xe, 0xfe, 0x0, 0x4, 0xff, 0xff,
    0xff, 0xff, 0xff, 0x0, 0x0, 0x0, 0x7f, 0xf6,
    0x0, 0x4, 0xff, 0xd6, 0x66, 0x66, 0x66, 0x0,
    0x0, 0x1, 0xff, 0xff, 0xff, 0xff, 0xff, 0x90,
    0x0, 0x0, 0x0, 0x0, 0x0, 0x9, 0xff, 0xff,
    0xff, 0xff, 0xff, 0x90, 0x0, 0x0, 0x0, 0x0,
    0x0, 0x2f, 0xff, 0x44, 0x44, 0x49, 0xff, 0x90,
    0x0, 0x0, 0x0, 0x0, 0x0, 0xbf, 0xf3, 0x0,
    0x0, 0x4, 0xff, 0xc6, 0x66, 0x66, 0x66, 0x61,
    0x4, 0xff, 0xa0, 0x0, 0x0, 0x4, 0xff, 0xff,
    0xff, 0xff, 0xff, 0xf4, 0xd, 0xff, 0x20, 0x0,
    0x0, 0x4, 0xff, 0xff, 0xff, 0xff, 0xff, 0xf4,

    /* U+00C7 "Ç" */
    0x0, 0x0, 0x3, 0x9d, 0xef, 0xeb, 0x60, 0x0,
    0x0, 0x0, 0xaf, 0xff, 0xff, 0xff, 0xfd, 0x30,
    0x0, 0xd, 0xff, 0xfd, 0x98, 0xae, 0xff, 0xf1,
    0x0, 0xbf, 0xfe, 0x40, 0x0, 0x0, 0x8f, 0x60,
    0x4, 0xff, 0xe1, 0x0, 0x0, 0x0, 0x2, 0x0,
    0xa, 0xff, 0x60, 0x0, 0x0, 0x0, 0x0, 0x0,
    0xe, 0xff, 0x0, 0x0, 0x0, 0x0, 0x0, 0x0,
    0xf, 0xfe, 0x0, 0x0, 0x0, 0x0, 0x0, 0x0,
    0xf, 0xfe, 0x0, 0x0, 0x0, 0x0, 0x0, 0x0,
    0xe, 0xff, 0x0, 0x0, 0x0, 0x0, 0x0, 0x0,
    0xa, 0xff, 0x60, 0x0, 0x0, 0x0, 0x0, 0x0,
    0x4, 0xff, 0xe1, 0x0, 0x0, 0x0, 0x2, 0x0,
    0x0, 0xbf, 0xfe, 0x40, 0x0, 0x0, 0x8f, 0x60,
    0x0, 0xd, 0xff, 0xfd, 0x98, 0xae, 0xff, 0xf1,
    0x0, 0x0, 0xaf, 0xff, 0xff, 0xff, 0xfd, 0x30,
    0x0, 0x0, 0x3, 0x9d, 0xff, 0xeb, 0x60, 0x0,
    0x0, 0x0, 0x0, 0x0, 0xe9, 0x0, 0x0, 0x0,
    0x0, 0x0, 0x0, 0x2, 0xff, 0xa0, 0x0, 0x0,
    0x0, 0x0, 0x0, 0x0, 0x2b, 0xf5, 0x0, 0x0,
    0x0, 0x0, 0x0, 0x14, 0x2a, 0xf5, 0x0, 0x0,
    0x0, 0x0, 0x0, 0x6f, 0xff, 0xa0, 0x0, 0x0,
    0x0, 0x0, 0x0, 0x2, 0x42, 0x0, 0x0, 0x0,

    /* U+00C8 "È" */
    0x2, 0xdf, 0xe2, 0x0, 0x0, 0x0, 0x0, 0xa,
    0xfe, 0x20, 0x0, 0x0, 0x0, 0x0, 0x7f, 0xe2,
    0x0, 0x0, 0x0, 0x0, 0x0, 0x0, 0x0, 0x0,
    0xff, 0xff, 0xff, 0xff, 0xff, 0xf5, 0xff, 0xff,
    0xff, 0xff, 0xff, 0xf5, 0xff, 0xf6, 0x66, 0x66,
    0x66, 0x62, 0xff, 0xe0, 0x0, 0x0, 0x0, 0x0,
    0xff, 0xe0, 0x0, 0x0, 0x0, 0x0, 0xff, 0xe0,
    0x0, 0x0, 0x0, 0x0, 0xff, 0xe0, 0x0, 0x0,
    0x0, 0x0, 0xff, 0xff, 0xff, 0xff, 0xff, 0x50,
    0xff, 0xff, 0xff, 0xff, 0xff, 0x50, 0xff, 0xf6,
    0x66, 0x66, 0x66, 0x20, 0xff, 0xe0, 0x0, 0x0,
    0x0, 0x0, 0xff, 0xe0, 0x0, 0x0, 0x0, 0x0,
    0xff, 0xe0, 0x0, 0x0, 0x0, 0x0, 0xff, 0xf6,
    0x66, 0x66, 0x66, 0x64, 0xff, 0xff, 0xff, 0xff,
    0xff, 0xfa, 0xff, 0xff, 0xff, 0xff, 0xff, 0xfa,

    /* U+00C9 "É" */
    0x0, 0x0, 0x0, 0xaf, 0xf7, 0x0, 0x0, 0x0,
    0xa, 0xfe, 0x30, 0x0, 0x0, 0x0, 0xaf, 0xc1,
    0x0, 0x0, 0x0, 0x0, 0x0, 0x0, 0x0, 0x0,
    0xff, 0xff, 0xff, 0xff, 0xff, 0xf5, 0xff, 0xff,
    0xff, 0xff, 0xff, 0xf5, 0xff, 0xf6, 0x66, 0x66,
    0x66, 0x62, 0xff, 0xe0, 0x0, 0x0, 0x0, 0x0,
    0xff, 0xe0, 0x0, 0x0, 0x0, 0x0, 0xff, 0xe0,
    0x0, 0x0, 0x0, 0x0, 0xff, 0xe0, 0x0, 0x0,
    0x0, 0x0, 0xff, 0xff, 0xff, 0xff, 0xff, 0x50,
    0xff, 0xff, 0xff, 0xff, 0xff, 0x50, 0xff, 0xf6,
    0x66, 0x66, 0x66, 0x20, 0xff, 0xe0, 0x0, 0x0,
    0x0, 0x0, 0xff, 0xe0, 0x0, 0x0, 0x0, 0x0,
    0xff, 0xe0, 0x0, 0x0, 0x0, 0x0, 0xff, 0xf6,
    0x66, 0x66, 0x66, 0x64, 0xff, 0xff, 0xff, 0xff,
    0xff, 0xfa, 0xff, 0xff, 0xff, 0xff, 0xff, 0xfa,

    /* U+00CA "Ê" */
    0x0, 0x2, 0xff, 0xf7, 0x0, 0x0, 0x0, 0x2e,
    0xfc, 0xef, 0x60, 0x0, 0x2, 0xef, 0x60, 0x2d,
    0xf6, 0x0, 0x0, 0x0, 0x0, 0x0, 0x0, 0x0,
    0xff, 0xff, 0xff, 0xff, 0xff, 0xf5, 0xff, 0xff,
    0xff, 0xff, 0xff, 0xf5, 0xff, 0xf6, 0x66, 0x66,
    0x66, 0x62, 0xff, 0xe0, 0x0, 0x0, 0x0, 0x0,
    0xff, 0xe0, 0x0, 0x0, 0x0, 0x0, 0xff, 0xe0,
    0x0, 0x0, 0x0, 0x0, 0xff, 0xe0, 0x0, 0x0,
    0x0, 0x0, 0xff, 0xff, 0xff, 0xff, 0xff, 0x50,
    0xff, 0xff, 0xff, 0xff, 0xff, 0x50, 0xff, 0xf6,
    0x66, 0x66, 0x66, 0x20, 0xff, 0xe0, 0x0, 0x0,
    0x0, 0x0, 0xff, 0xe0, 0x0, 0x0, 0x0, 0x0,
    0xff, 0xe0, 0x0, 0x0, 0x0, 0x0, 0xff, 0xf6,
    0x66, 0x66, 0x66, 0x64, 0xff, 0xff, 0xff, 0xff,
    0xff, 0xfa, 0xff, 0xff, 0xff, 0xff, 0xff, 0xfa,

    /* U+00CB "Ë" */
    0x0, 0x3a, 0x40, 0x19, 0x70, 0x0, 0x0, 0xbf,
    0xd0, 0x6f, 0xf1, 0x0, 0x0, 0x6f, 0x80, 0x3e,
    0xc0, 0x0, 0x0, 0x0, 0x0, 0x0, 0x0, 0x0,
    0xff, 0xff, 0xff, 0xff, 0xff, 0xf5, 0xff, 0xff,
    0xff, 0xff, 0xff, 0xf5, 0xff, 0xf6, 0x66, 0x66,
    0x66, 0x62, 0xff, 0xe0, 0x0, 0x0, 0x0, 0x0,
    0xff, 0xe0, 0x0, 0x0, 0x0, 0x0, 0xff, 0xe0,
    0x0, 0x0, 0x0, 0x0, 0xff, 0xe0, 0x0, 0x0,
    0x0, 0x0, 0xff, 0xff, 0xff, 0xff, 0xff, 0x50,
    0xff, 0xff, 0xff, 0xff, 0xff, 0x50, 0xff, 0xf6,
    0x66, 0x66, 0x66, 0x20, 0xff, 0xe0, 0x0, 0x0,
    0x0, 0x0, 0xff, 0xe0, 0x0, 0x0, 0x0, 0x0,
    0xff, 0xe0, 0x0, 0x0, 0x0, 0x0, 0xff, 0xf6,
    0x66, 0x66, 0x66, 0x64, 0xff, 0xff, 0xff, 0xff,
    0xff, 0xfa, 0xff, 0xff, 0xff, 0xff, 0xff, 0xfa,

    /* U+00CC "Ì" */
    0x4e, 0xfc, 0x10, 0x0, 0x2d, 0xfc, 0x0, 0x0,
    0xa, 0xfc, 0x0, 0x0, 0x0, 0x0, 0x0, 0xf,
    0xfe, 0x0, 0x0, 0xff, 0xe0, 0x0, 0xf, 0xfe,
    0x0, 0x0, 0xff, 0xe0, 0x0, 0xf, 0xfe, 0x0,
    0x0, 0xff, 0xe0, 0x0, 0xf, 0xfe, 0x0, 0x0,
    0xff, 0xe0, 0x0, 0xf, 0xfe, 0x0, 0x0, 0xff,
    0xe0, 0x0, 0xf, 0xfe, 0x0, 0x0, 0xff, 0xe0,
    0x0, 0xf, 0xfe, 0x0, 0x0, 0xff, 0xe0, 0x0,
    0xf, 0xfe, 0x0, 0x0, 0xff, 0xe0,

    /* U+00CD "Í" */
    0x0, 0x1c, 0xfe, 0x40, 0x1c, 0xfd, 0x20, 0xc,
    0xfa, 0x0, 0x0, 0x0, 0x0, 0x0, 0xf, 0xfe,
    0x0, 0x0, 0xff, 0xe0, 0x0, 0xf, 0xfe, 0x0,
    0x0, 0xff, 0xe0, 0x0, 0xf, 0xfe, 0x0, 0x0,
    0xff, 0xe0, 0x0, 0xf, 0xfe, 0x0, 0x0, 0xff,
    0xe0, 0x0, 0xf, 0xfe, 0x0, 0x0, 0xff, 0xe0,
    0x0, 0xf, 0xfe, 0x0, 0x0, 0xff, 0xe0, 0x0,
    0xf, 0xfe, 0x0, 0x0, 0xff, 0xe0, 0x0, 0xf,
    0xfe, 0x0, 0x0, 0xff, 0xe0, 0x0,

    /* U+00CE "Î" */
    0x0, 0x4f, 0xff, 0x40, 0x0, 0x4f, 0xfc, 0xff,
    0x40, 0x3f, 0xe3, 0x3, 0xef, 0x30, 0x0, 0x0,
    0x0, 0x0, 0x0, 0xf, 0xfe, 0x0, 0x0, 0x0,
    0xff, 0xe0, 0x0, 0x0, 0xf, 0xfe, 0x0, 0x0,
    0x0, 0xff, 0xe0, 0x0, 0x0, 0xf, 0xfe, 0x0,
    0x0, 0x0, 0xff, 0xe0, 0x0, 0x0, 0xf, 0xfe,
    0x0, 0x0, 0x0, 0xff, 0xe0, 0x0, 0x0, 0xf,
    0xfe, 0x0, 0x0, 0x0, 0xff, 0xe0, 0x0, 0x0,
    0xf, 0xfe, 0x0, 0x0, 0x0, 0xff, 0xe0, 0x0,
    0x0, 0xf, 0xfe, 0x0, 0x0, 0x0, 0xff, 0xe0,
    0x0, 0x0, 0xf, 0xfe, 0x0, 0x0, 0x0, 0xff,
    0xe0, 0x0,

    /* U+00CF "Ï" */
    0x5a, 0x20, 0x2a, 0x4e, 0xfa, 0xa, 0xfe, 0x9f,
    0x50, 0x5f, 0x90, 0x0, 0x0, 0x0, 0x0, 0xff,
    0xe0, 0x0, 0xf, 0xfe, 0x0, 0x0, 0xff, 0xe0,
    0x0, 0xf, 0xfe, 0x0, 0x0, 0xff, 0xe0, 0x0,
    0xf, 0xfe, 0x0, 0x0, 0xff, 0xe0, 0x0, 0xf,
    0xfe, 0x0, 0x0, 0xff, 0xe0, 0x0, 0xf, 0xfe,
    0x0, 0x0, 0xff, 0xe0, 0x0, 0xf, 0xfe, 0x0,
    0x0, 0xff, 0xe0, 0x0, 0xf, 0xfe, 0x0, 0x0,
    0xff, 0xe0, 0x0, 0xf, 0xfe, 0x0,

    /* U+00D0 "Ð" */
    0x0, 0xbf, 0xff, 0xff, 0xff, 0xeb, 0x60, 0x0,
    0x0, 0x0, 0xbf, 0xff, 0xff, 0xff, 0xff, 0xfd,
    0x30, 0x0, 0x0, 0xbf, 0xf8, 0x77, 0x78, 0xaf,
    0xff, 0xf5, 0x0, 0x0, 0xbf, 0xf2, 0x0, 0x0,
    0x0, 0x9f, 0xff, 0x20, 0x0, 0xbf, 0xf2, 0x0,
    0x0, 0x0, 0x9, 0xff, 0xb0, 0x0, 0xbf, 0xf2,
    0x0, 0x0, 0x0, 0x0, 0xff, 0xf1, 0x0, 0xbf,
    0xf2, 0x0, 0x0, 0x0, 0x0, 0xaf, 0xf4, 0xef,
    0xff, 0xff, 0xff, 0xf4, 0x0, 0x0, 0x8f, 0xf6,
    0xef, 0xff, 0xff, 0xff, 0xf4, 0x0, 0x0, 0x8f,
    0xf6, 0x12, 0xdf, 0xf4, 0x22, 0x20, 0x0, 0x0,
    0xaf, 0xf4, 0x0, 0xbf, 0xf2, 0x0, 0x0, 0x0,
    0x0, 0xff, 0xf1, 0x0, 0xbf, 0xf2, 0x0, 0x0,
    0x0, 0x9, 0xff, 0xb0, 0x0, 0xbf, 0xf2, 0x0,
    0x0, 0x0, 0x9f, 0xff, 0x20, 0x0, 0xbf, 0xf8,
    0x77, 0x78, 0xaf, 0xff, 0xf5, 0x0, 0x0, 0xbf,
    0xff, 0xff, 0xff, 0xff, 0xfe, 0x30, 0x0, 0x0,
    0xbf, 0xff, 0xff, 0xff, 0xda, 0x50, 0x0, 0x0,

    /* U+00D1 "Ñ" */
    0x0, 0x4, 0xde, 0xa2, 0x9, 0xf0, 0x0, 0x0,
    0xe, 0xfc, 0xff, 0xcf, 0xc0, 0x0, 0x0, 0x4f,
    0x70, 0x3b, 0xfc, 0x20, 0x0, 0x0, 0x0, 0x0,
    0x0, 0x0, 0x0, 0x0, 0xff, 0xc0, 0x0, 0x0,
    0x0, 0x1f, 0xfc, 0xff, 0xfa, 0x0, 0x0, 0x0,
    0x1f, 0xfc, 0xff, 0xff, 0x60, 0x0, 0x0, 0x1f,
    0xfc, 0xff, 0xff, 0xf4, 0x0, 0x0, 0x1f, 0xfc,
    0xff, 0xff, 0xfe, 0x20, 0x0, 0x1f, 0xfc, 0xff,
    0xfe, 0xff, 0xc0, 0x0, 0x1f, 0xfc, 0xff, 0xe4,
    0xff, 0xfa, 0x0, 0x1f, 0xfc, 0xff, 0xe0, 0x7f,
    0xff, 0x70, 0x1f, 0xfc, 0xff, 0xe0, 0xa, 0xff,
    0xf4, 0x1f, 0xfc, 0xff, 0xe0, 0x0, 0xcf, 0xfe,
    0x3f, 0xfc, 0xff, 0xe0, 0x0, 0x1e, 0xff, 0xef,
    0xfc, 0xff, 0xe0, 0x0, 0x4, 0xff, 0xff, 0xfc,
    0xff, 0xe0, 0x0, 0x0, 0x6f, 0xff, 0xfc, 0xff,
    0xe0, 0x0, 0x0, 0x9, 0xff, 0xfc, 0xff, 0xe0,
    0x0, 0x0, 0x0, 0xcf, 0xfc, 0xff, 0xe0, 0x0,
    0x0, 0x0, 0x1e, 0xfc,

    /* U+00D2 "Ò" */
    0x0, 0x0, 0x7, 0xff, 0x90, 0x0, 0x0, 0x0,
    0x0, 0x0, 0x0, 0x0, 0x4e, 0xf9, 0x0, 0x0,
    0x0, 0x0, 0x0, 0x0, 0x0, 0x1, 0xcf, 0x90,
    0x0, 0x0, 0x0, 0x0, 0x0, 0x0, 0x0, 0x0,
    0x0, 0x0, 0x0, 0x0, 0x0, 0x0, 0x2, 0x8d,
    0xef, 0xeb, 0x60, 0x0, 0x0, 0x0, 0x0, 0x9f,
    0xff, 0xff, 0xff, 0xfe, 0x40, 0x0, 0x0, 0xc,
    0xff, 0xfd, 0x98, 0xaf, 0xff, 0xf6, 0x0, 0x0,
    0xaf, 0xfe, 0x40, 0x0, 0x0, 0x9f, 0xff, 0x30,
    0x3, 0xff, 0xe2, 0x0, 0x0, 0x0, 0x8, 0xff,
    0xc0, 0xa, 0xff, 0x60, 0x0, 0x0, 0x0, 0x0,
    0xef, 0xf2, 0xe, 0xff, 0x10, 0x0, 0x0, 0x0,
    0x0, 0x8f, 0xf6, 0xf, 0xfe, 0x0, 0x0, 0x0,
    0x0, 0x0, 0x5f, 0xf8, 0xf, 0xfe, 0x0, 0x0,
    0x0, 0x0, 0x0, 0x6f, 0xf8, 0xe, 0xff, 0x10,
    0x0, 0x0, 0x0, 0x0, 0x8f, 0xf6, 0xa, 0xff,
    0x60, 0x0, 0x0, 0x0, 0x0, 0xef, 0xf2, 0x3,
    0xff, 0xe1, 0x0, 0x0, 0x0, 0x8, 0xff, 0xc0,
    0x0, 0xaf, 0xfe, 0x30, 0x0, 0x0, 0x9f, 0xff,
    0x30, 0x0, 0xc, 0xff, 0xfc, 0x98, 0xaf, 0xff,
    0xf6, 0x0, 0x0, 0x0, 0x9f, 0xff, 0xff, 0xff,
    0xfe, 0x40, 0x0, 0x0, 0x0, 0x2, 0x8d, 0xef,
    0xeb, 0x60, 0x0, 0x0,

    /* U+00D3 "Ó" */
    0x0, 0x0, 0x0, 0x0, 0x2, 0xef, 0xd2, 0x0,
    0x0, 0x0, 0x0, 0x0, 0x0, 0x2e, 0xfa, 0x0,
    0x0, 0x0, 0x0, 0x0, 0x0, 0x2, 0xef, 0x70,
    0x0, 0x0, 0x0, 0x0, 0x0, 0x0, 0x0, 0x0,
    0x0, 0x0, 0x0, 0x0, 0x0, 0x0, 0x2, 0x8d,
    0xef, 0xeb, 0x60, 0x0, 0x0, 0x0, 0x0, 0x9f,
    0xff, 0xff, 0xff, 0xfe, 0x40, 0x0, 0x0, 0xc,
    0xff, 0xfd, 0x98, 0xaf, 0xff, 0xf6, 0x0, 0x0,
    0xaf, 0xfe, 0x40, 0x0, 0x0, 0x9f, 0xff, 0x30,
    0x3, 0xff, 0xe2, 0x0, 0x0, 0x0, 0x8, 0xff,
    0xc0, 0xa, 0xff, 0x60, 0x0, 0x0, 0x0, 0x0,
    0xef, 0xf2, 0xe, 0xff, 0x10, 0x0, 0x0, 0x0,
    0x0, 0x8f, 0xf6, 0xf, 0xfe, 0x0, 0x0, 0x0,
    0x0, 0x0, 0x5f, 0xf8, 0xf, 0xfe, 0x0, 0x0,
    0x0, 0x0, 0x0, 0x6f, 0xf8, 0xe, 0xff, 0x10,
    0x0, 0x0, 0x0, 0x0, 0x8f, 0xf6, 0xa, 0xff,
    0x60, 0x0, 0x0, 0x0, 0x0, 0xef, 0xf2, 0x3,
    0xff, 0xe1, 0x0, 0x0, 0x0, 0x8, 0xff, 0xc0,
    0x0, 0xaf, 0xfe, 0x30, 0x0, 0x0, 0x9f, 0xff,
    0x30, 0x0, 0xc, 0xff, 0xfc, 0x98, 0xaf, 0xff,
    0xf6, 0x0, 0x0, 0x0, 0x9f, 0xff, 0xff, 0xff,
    0xfe, 0x40, 0x0, 0x0, 0x0, 0x2, 0x8d, 0xef,
    0xeb, 0x60, 0x0, 0x0,

    /* U+00D4 "Ô" */
    0x0, 0x0, 0x0, 0x7, 0xff, 0xe2, 0x0, 0x0,
    0x0, 0x0, 0x0, 0x0, 0x7f, 0xec, 0xfd, 0x10,
    0x0, 0x0, 0x0, 0x0, 0x7, 0xfc, 0x10, 0x6f,
    0xd1, 0x0, 0x0, 0x0, 0x0, 0x0, 0x0, 0x0,
    0x0, 0x0, 0x0, 0x0, 0x0, 0x0, 0x2, 0x8d,
    0xef, 0xeb, 0x60, 0x0, 0x0, 0x0, 0x0, 0x9f,
    0xff, 0xff, 0xff, 0xfe, 0x40, 0x0, 0x0, 0xc,
    0xff, 0xfd, 0x98, 0xaf, 0xff, 0xf6, 0x0, 0x0,
    0xaf, 0xfe, 0x40, 0x0, 0x0, 0x9f, 0xff, 0x30,
    0x3, 0xff, 0xe2, 0x0, 0x0, 0x0, 0x8, 0xff,
    0xc0, 0xa, 0xff, 0x60, 0x0, 0x0, 0x0, 0x0,
    0xef, 0xf2, 0xe, 0xff, 0x10, 0x0, 0x0, 0x0,
    0x0, 0x8f, 0xf6, 0xf, 0xfe, 0x0, 0x0, 0x0,
    0x0, 0x0, 0x5f, 0xf8, 0xf, 0xfe, 0x0, 0x0,
    0x0, 0x0, 0x0, 0x6f, 0xf8, 0xe, 0xff, 0x10,
    0x0, 0x0, 0x0, 0x0, 0x8f, 0xf6, 0xa, 0xff,
    0x60, 0x0, 0x0, 0x0, 0x0, 0xef, 0xf2, 0x3,
    0xff, 0xe1, 0x0, 0x0, 0x0, 0x8, 0xff, 0xc0,
    0x0, 0xaf, 0xfe, 0x30, 0x0, 0x0, 0x9f, 0xff,
    0x30, 0x0, 0xc, 0xff, 0xfc, 0x98, 0xaf, 0xff,
    0xf6, 0x0, 0x0, 0x0, 0x9f, 0xff, 0xff, 0xff,
    0xfe, 0x40, 0x0, 0x0, 0x0, 0x2, 0x8d, 0xef,
    0xeb, 0x60, 0x0, 0x0,

    /* U+00D5 "Õ" */
    0x0, 0x0, 0x1, 0xbf, 0xc5, 0x4, 0xf6, 0x0,
    0x0, 0x0, 0x0, 0xa, 0xfd, 0xff, 0xde, 0xf2,
    0x0, 0x0, 0x0, 0x0, 0xe, 0xc0, 0x19, 0xee,
    0x50, 0x0, 0x0, 0x0, 0x0, 0x0, 0x0, 0x0,
    0x0, 0x0, 0x0, 0x0, 0x0, 0x0, 0x2, 0x8d,
    0xef, 0xeb, 0x60, 0x0, 0x0, 0x0, 0x0, 0x9f,
    0xff, 0xff, 0xff, 0xfe, 0x40, 0x0, 0x0, 0xc,
    0xff, 0xfd, 0x98, 0xaf, 0xff, 0xf6, 0x0, 0x0,
    0xaf, 0xfe, 0x40, 0x0, 0x0, 0x9f, 0xff, 0x30,
    0x3, 0xff, 0xe2, 0x0, 0x0, 0x0, 0x8, 0xff,
    0xc0, 0xa, 0xff, 0x60, 0x0, 0x0, 0x0, 0x0,
    0xef, 0xf2, 0xe, 0xff, 0x10, 0x0, 0x0, 0x0,
    0x0, 0x8f, 0xf6, 0xf, 0xfe, 0x0, 0x0, 0x0,
    0x0, 0x0, 0x5f, 0xf8, 0xf, 0xfe, 0x0, 0x0,
    0x0, 0x0, 0x0, 0x6f, 0xf8, 0xe, 0xff, 0x10,
    0x0, 0x0, 0x0, 0x0, 0x8f, 0xf6, 0xa, 0xff,
    0x60, 0x0, 0x0, 0x0, 0x0, 0xef, 0xf2, 0x3,
    0xff, 0xe1, 0x0, 0x0, 0x0, 0x8, 0xff, 0xc0,
    0x0, 0xaf, 0xfe, 0x30, 0x0, 0x0, 0x9f, 0xff,
    0x30, 0x0, 0xc, 0xff, 0xfc, 0x98, 0xaf, 0xff,
    0xf6, 0x0, 0x0, 0x0, 0x9f, 0xff, 0xff, 0xff,
    0xfe, 0x40, 0x0, 0x0, 0x0, 0x2, 0x8d, 0xef,
    0xeb, 0x60, 0x0, 0x0,

    /* U+00D6 "Ö" */
    0x0, 0x0, 0x0, 0xce, 0x20, 0x8f, 0x50, 0x0,
    0x0, 0x0, 0x0, 0x2, 0xff, 0x60, 0xdf, 0xa0,
    0x0, 0x0, 0x0, 0x0, 0x0, 0x79, 0x0, 0x4a,
    0x20, 0x0, 0x0, 0x0, 0x0, 0x0, 0x0, 0x0,
    0x0, 0x0, 0x0, 0x0, 0x0, 0x0, 0x2, 0x8d,
    0xef, 0xeb, 0x60, 0x0, 0x0, 0x0, 0x0, 0x9f,
    0xff, 0xff, 0xff, 0xfe, 0x40, 0x0, 0x0, 0xc,
    0xff, 0xfd, 0x98, 0xaf, 0xff, 0xf6, 0x0, 0x0,
    0xaf, 0xfe, 0x40, 0x0, 0x0, 0x9f, 0xff, 0x30,
    0x3, 0xff, 0xe2, 0x0, 0x0, 0x0, 0x8, 0xff,
    0xc0, 0xa, 0xff, 0x60, 0x0, 0x0, 0x0, 0x0,
    0xef, 0xf2, 0xe, 0xff, 0x10, 0x0, 0x0, 0x0,
    0x0, 0x8f, 0xf6, 0xf, 0xfe, 0x0, 0x0, 0x0,
    0x0, 0x0, 0x5f, 0xf8, 0xf, 0xfe, 0x0, 0x0,
    0x0, 0x0, 0x0, 0x6f, 0xf8, 0xe, 0xff, 0x10,
    0x0, 0x0, 0x0, 0x0, 0x8f, 0xf6, 0xa, 0xff,
    0x60, 0x0, 0x0, 0x0, 0x0, 0xef, 0xf2, 0x3,
    0xff, 0xe1, 0x0, 0x0, 0x0, 0x8, 0xff, 0xc0,
    0x0, 0xaf, 0xfe, 0x30, 0x0, 0x0, 0x9f, 0xff,
    0x30, 0x0, 0xc, 0xff, 0xfc, 0x98, 0xaf, 0xff,
    0xf6, 0x0, 0x0, 0x0, 0x9f, 0xff, 0xff, 0xff,
    0xfe, 0x40, 0x0, 0x0, 0x0, 0x2, 0x8d, 0xef,
    0xeb, 0x60, 0x0, 0x0,

    /* U+00D7 "×" */
    0x0, 0x0, 0x0, 0x0, 0x2, 0xe6, 0x0, 0x6,
    0xe2, 0x9f, 0xf6, 0x6, 0xff, 0x90, 0xbf, 0xfb,
    0xff, 0xb0, 0x0, 0xbf, 0xff, 0xb0, 0x0, 0x5,
    0xff, 0xf5, 0x0, 0x5, 0xff, 0xff, 0xf5, 0x4,
    0xff, 0xc1, 0xcf, 0xf4, 0x6f, 0xc0, 0x0, 0xcf,
    0x60, 0x60, 0x0, 0x0, 0x60,

    /* U+00D8 "Ø" */
    0x0, 0x0, 0x0, 0x0, 0x0, 0x0, 0x7, 0x82,
    0x0, 0x0, 0x0, 0x0, 0x0, 0x0, 0x0, 0x4f,
    0xe0, 0x0, 0x0, 0x0, 0x2, 0x8d, 0xef, 0xeb,
    0xff, 0x50, 0x0, 0x0, 0x0, 0x9f, 0xff, 0xff,
    0xff, 0xff, 0x40, 0x0, 0x0, 0xc, 0xff, 0xfd,
    0x98, 0xbf, 0xff, 0xf6, 0x0, 0x0, 0xaf, 0xfe,
    0x40, 0x0, 0x6f, 0xff, 0xff, 0x30, 0x3, 0xff,
    0xe2, 0x0, 0x0, 0xef, 0x38, 0xff, 0xc0, 0xa,
    0xff, 0x60, 0x0, 0x7, 0xfb, 0x0, 0xef, 0xf2,
    0xe, 0xff, 0x10, 0x0, 0x1f, 0xf3, 0x0, 0x8f,
    0xf6, 0xf, 0xfe, 0x0, 0x0, 0x8f, 0xa0, 0x0,
    0x5f, 0xf8, 0xf, 0xfe, 0x0, 0x1, 0xff, 0x20,
    0x0, 0x6f, 0xf8, 0xe, 0xff, 0x10, 0x9, 0xf9,
    0x0, 0x0, 0x8f, 0xf6, 0xa, 0xff, 0x60, 0x2f,
    0xf1, 0x0, 0x0, 0xef, 0xf2, 0x3, 0xff, 0xe1,
    0xaf, 0x80, 0x0, 0x8, 0xff, 0xc0, 0x0, 0xaf,
    0xff, 0xfe, 0x10, 0x0, 0x9f, 0xff, 0x30, 0x0,
    0xc, 0xff, 0xff, 0x98, 0xaf, 0xff, 0xf6, 0x0,
    0x0, 0x0, 0xef, 0xff, 0xff, 0xff, 0xfe, 0x40,
    0x0, 0x0, 0x0, 0xcf, 0xfd, 0xef, 0xeb, 0x60,
    0x0, 0x0, 0x0, 0x5, 0xfd, 0x0, 0x0, 0x0,
    0x0, 0x0, 0x0, 0x0, 0x5, 0x83, 0x0, 0x0,
    0x0, 0x0, 0x0, 0x0,

    /* U+00D9 "Ù" */
    0x0, 0x2, 0xdf, 0xe2, 0x0, 0x0, 0x0, 0x0,
    0x0, 0x0, 0xaf, 0xe2, 0x0, 0x0, 0x0, 0x0,
    0x0, 0x0, 0x7f, 0xe2, 0x0, 0x0, 0x0, 0x0,
    0x0, 0x0, 0x0, 0x0, 0x0, 0x0, 0x1f, 0xfc,
    0x0, 0x0, 0x0, 0x6, 0xff, 0x61, 0xff, 0xc0,
    0x0, 0x0, 0x0, 0x6f, 0xf6, 0x1f, 0xfc, 0x0,
    0x0, 0x0, 0x6, 0xff, 0x61, 0xff, 0xc0, 0x0,
    0x0, 0x0, 0x6f, 0xf6, 0x1f, 0xfc, 0x0, 0x0,
    0x0, 0x6, 0xff, 0x61, 0xff, 0xc0, 0x0, 0x0,
    0x0, 0x6f, 0xf6, 0x1f, 0xfc, 0x0, 0x0, 0x0,
    0x6, 0xff, 0x61, 0xff, 0xc0, 0x0, 0x0, 0x0,
    0x6f, 0xf6, 0xf, 0xfc, 0x0, 0x0, 0x0, 0x6,
    0xff, 0x60, 0xff, 0xd0, 0x0, 0x0, 0x0, 0x6f,
    0xf6, 0xf, 0xff, 0x0, 0x0, 0x0, 0x9, 0xff,
    0x40, 0xbf, 0xf4, 0x0, 0x0, 0x0, 0xdf, 0xf1,
    0x5, 0xff, 0xd2, 0x0, 0x0, 0x9f, 0xfb, 0x0,
    0xc, 0xff, 0xfb, 0x89, 0xdf, 0xff, 0x20, 0x0,
    0x1c, 0xff, 0xff, 0xff, 0xff, 0x40, 0x0, 0x0,
    0x5, 0xbe, 0xff, 0xc8, 0x10, 0x0,

    /* U+00DA "Ú" */
    0x0, 0x0, 0x0, 0x0, 0xaf, 0xf7, 0x0, 0x0,
    0x0, 0x0, 0x0, 0xaf, 0xe3, 0x0, 0x0, 0x0,
    0x0, 0x0, 0xaf, 0xc1, 0x0, 0x0, 0x0, 0x0,
    0x0, 0x0, 0x0, 0x0, 0x0, 0x0, 0x1f, 0xfc,
    0x0, 0x0, 0x0, 0x6, 0xff, 0x61, 0xff, 0xc0,
    0x0, 0x0, 0x0, 0x6f, 0xf6, 0x1f, 0xfc, 0x0,
    0x0, 0x0, 0x6, 0xff, 0x61, 0xff, 0xc0, 0x0,
    0x0, 0x0, 0x6f, 0xf6, 0x1f, 0xfc, 0x0, 0x0,
    0x0, 0x6, 0xff, 0x61, 0xff, 0xc0, 0x0, 0x0,
    0x0, 0x6f, 0xf6, 0x1f, 0xfc, 0x0, 0x0, 0x0,
    0x6, 0xff, 0x61, 0xff, 0xc0, 0x0, 0x0, 0x0,
    0x6f, 0xf6, 0xf, 0xfc, 0x0, 0x0, 0x0, 0x6,
    0xff, 0x60, 0xff, 0xd0, 0x0, 0x0, 0x0, 0x6f,
    0xf6, 0xf, 0xff, 0x0, 0x0, 0x0, 0x9, 0xff,
    0x40, 0xbf, 0xf4, 0x0, 0x0, 0x0, 0xdf, 0xf1,
    0x5, 0xff, 0xd2, 0x0, 0x0, 0x9f, 0xfb, 0x0,
    0xc, 0xff, 0xfb, 0x89, 0xdf, 0xff, 0x20, 0x0,
    0x1c, 0xff, 0xff, 0xff, 0xff, 0x40, 0x0, 0x0,
    0x5, 0xbe, 0xff, 0xc8, 0x10, 0x0,

    /* U+00DB "Û" */
    0x0, 0x0, 0x2, 0xff, 0xf7, 0x0, 0x0, 0x0,
    0x0, 0x2, 0xef, 0xce, 0xf7, 0x0, 0x0, 0x0,
    0x1, 0xef, 0x60, 0x2d, 0xf6, 0x0, 0x0, 0x0,
    0x0, 0x0, 0x0, 0x0, 0x0, 0x0, 0x1f, 0xfc,
    0x0, 0x0, 0x0, 0x6, 0xff, 0x61, 0xff, 0xc0,
    0x0, 0x0, 0x0, 0x6f, 0xf6, 0x1f, 0xfc, 0x0,
    0x0, 0x0, 0x6, 0xff, 0x61, 0xff, 0xc0, 0x0,
    0x0, 0x0, 0x6f, 0xf6, 0x1f, 0xfc, 0x0, 0x0,
    0x0, 0x6, 0xff, 0x61, 0xff, 0xc0, 0x0, 0x0,
    0x0, 0x6f, 0xf6, 0x1f, 0xfc, 0x0, 0x0, 0x0,
    0x6, 0xff, 0x61, 0xff, 0xc0, 0x0, 0x0, 0x0,
    0x6f, 0xf6, 0xf, 0xfc, 0x0, 0x0, 0x0, 0x6,
    0xff, 0x60, 0xff, 0xd0, 0x0, 0x0, 0x0, 0x6f,
    0xf6, 0xf, 0xff, 0x0, 0x0, 0x0, 0x9, 0xff,
    0x40, 0xbf, 0xf4, 0x0, 0x0, 0x0, 0xdf, 0xf1,
    0x5, 0xff, 0xd2, 0x0, 0x0, 0x9f, 0xfb, 0x0,
    0xc, 0xff, 0xfb, 0x89, 0xdf, 0xff, 0x20, 0x0,
    0x1c, 0xff, 0xff, 0xff, 0xff, 0x40, 0x0, 0x0,
    0x5, 0xbe, 0xff, 0xc8, 0x10, 0x0,

    /* U+00DC "Ü" */
    0x0, 0x0, 0x6f, 0x80, 0x2e, 0xc0, 0x0, 0x0,
    0x0, 0xa, 0xfd, 0x6, 0xff, 0x10, 0x0, 0x0,
    0x0, 0x3a, 0x40, 0x19, 0x70, 0x0, 0x0, 0x0,
    0x0, 0x0, 0x0, 0x0, 0x0, 0x0, 0x1f, 0xfc,
    0x0, 0x0, 0x0, 0x6, 0xff, 0x61, 0xff, 0xc0,
    0x0, 0x0, 0x0, 0x6f, 0xf6, 0x1f, 0xfc, 0x0,
    0x0, 0x0, 0x6, 0xff, 0x61, 0xff, 0xc0, 0x0,
    0x0, 0x0, 0x6f, 0xf6, 0x1f, 0xfc, 0x0, 0x0,
    0x0, 0x6, 0xff, 0x61, 0xff, 0xc0, 0x0, 0x0,
    0x0, 0x6f, 0xf6, 0x1f, 0xfc, 0x0, 0x0, 0x0,
    0x6, 0xff, 0x61, 0xff, 0xc0, 0x0, 0x0, 0x0,
    0x6f, 0xf6, 0xf, 0xfc, 0x0, 0x0, 0x0, 0x6,
    0xff, 0x60, 0xff, 0xd0, 0x0, 0x0, 0x0, 0x6f,
    0xf6, 0xf, 0xff, 0x0, 0x0, 0x0, 0x9, 0xff,
    0x40, 0xbf, 0xf4, 0x0, 0x0, 0x0, 0xdf, 0xf1,
    0x5, 0xff, 0xd2, 0x0, 0x0, 0x9f, 0xfb, 0x0,
    0xc, 0xff, 0xfb, 0x89, 0xdf, 0xff, 0x20, 0x0,
    0x1c, 0xff, 0xff, 0xff, 0xff, 0x40, 0x0, 0x0,
    0x5, 0xbe, 0xff, 0xc8, 0x10, 0x0,

    /* U+00DD "Ý" */
    0x0, 0x0, 0x0, 0x0, 0x2c, 0xec, 0x20, 0x0,
    0x0, 0x0, 0x0, 0x2, 0xef, 0xa0, 0x0, 0x0,
    0x0, 0x0, 0x0, 0x2c, 0xd5, 0x0, 0x0, 0x0,
    0x0, 0x0, 0x0, 0x0, 0x0, 0x0, 0x0, 0x0,
    0xe, 0xff, 0x20, 0x0, 0x0, 0x0, 0x5f, 0xf7,
    0x5, 0xff, 0xb0, 0x0, 0x0, 0x0, 0xef, 0xd0,
    0x0, 0xbf, 0xf4, 0x0, 0x0, 0x8, 0xff, 0x40,
    0x0, 0x2f, 0xfd, 0x0, 0x0, 0x2f, 0xfb, 0x0,
    0x0, 0x9, 0xff, 0x70, 0x0, 0xbf, 0xf2, 0x0,
    0x0, 0x1, 0xef, 0xf1, 0x4, 0xff, 0x80, 0x0,
    0x0, 0x0, 0x6f, 0xfa, 0xd, 0xfe, 0x0, 0x0,
    0x0, 0x0, 0xd, 0xff, 0xaf, 0xf5, 0x0, 0x0,
    0x0, 0x0, 0x4, 0xff, 0xff, 0xc0, 0x0, 0x0,
    0x0, 0x0, 0x0, 0xbf, 0xff, 0x30, 0x0, 0x0,
    0x0, 0x0, 0x0, 0x4f, 0xff, 0x0, 0x0, 0x0,
    0x0, 0x0, 0x0, 0x2f, 0xfb, 0x0, 0x0, 0x0,
    0x0, 0x0, 0x0, 0x2f, 0xfb, 0x0, 0x0, 0x0,
    0x0, 0x0, 0x0, 0x2f, 0xfb, 0x0, 0x0, 0x0,
    0x0, 0x0, 0x0, 0x2f, 0xfb, 0x0, 0x0, 0x0,
    0x0, 0x0, 0x0, 0x2f, 0xfb, 0x0, 0x0, 0x0,

    /* U+00DE "Þ" */
    0xff, 0xe0, 0x0, 0x0, 0x0, 0x0, 0xf, 0xfe,
    0x0, 0x0, 0x0, 0x0, 0x0, 0xff, 0xff, 0xff,
    0xfe, 0xc7, 0x0, 0xf, 0xff, 0xff, 0xff, 0xff,
    0xfe, 0x30, 0xff, 0xf7, 0x77, 0x79, 0xef, 0xfe,
    0x1f, 0xfe, 0x0, 0x0, 0x0, 0xbf, 0xf8, 0xff,
    0xe0, 0x0, 0x0, 0x2, 0xff, 0xcf, 0xfe, 0x0,
    0x0, 0x0, 0xf, 0xfe, 0xff, 0xe0, 0x0, 0x0,
    0x0, 0xff, 0xdf, 0xfe, 0x0, 0x0, 0x0, 0x7f,
    0xfa, 0xff, 0xe0, 0x0, 0x2, 0x8f, 0xff, 0x4f,
    0xff, 0xff, 0xff, 0xff, 0xff, 0x80, 0xff, 0xff,
    0xff, 0xff, 0xfe, 0x50, 0xf, 0xff, 0x77, 0x76,
    0x53, 0x0, 0x0, 0xff, 0xe0, 0x0, 0x0, 0x0,
    0x0, 0xf, 0xfe, 0x0, 0x0, 0x0, 0x0, 0x0,

    /* U+00DF "ß" */
    0x0, 0x3, 0xae, 0xfe, 0xb4, 0x0, 0x0, 0x0,
    0x7f, 0xff, 0xff, 0xff, 0x80, 0x0, 0x4, 0xff,
    0xf8, 0x68, 0xff, 0xf4, 0x0, 0xc, 0xff, 0x30,
    0x0, 0x2f, 0xfb, 0x0, 0xf, 0xfb, 0x0, 0x0,
    0xd, 0xfd, 0x0, 0x2f, 0xf9, 0x0, 0x0, 0xd,
    0xfc, 0x0, 0x3f, 0xf8, 0x0, 0x0, 0x4f, 0xf8,
    0x0, 0x3f, 0xf8, 0x0, 0x59, 0xff, 0xd0, 0x0,
    0x3f, 0xf8, 0x0, 0xef, 0xff, 0x91, 0x0, 0x3f,
    0xf8, 0x0, 0xef, 0xff, 0xfe, 0x20, 0x3f, 0xf8,
    0x0, 0x0, 0x29, 0xff, 0xc0, 0x3f, 0xf8, 0x0,
    0x0, 0x0, 0xbf, 0xf1, 0x3f, 0xf8, 0x0, 0x0,
    0x0, 0x9f, 0xf3, 0x3f, 0xf8, 0x0, 0x0, 0x0,
    0xdf, 0xf1, 0x3f, 0xf8, 0x4, 0x75, 0x7d, 0xff,
    0xb0, 0x3f, 0xf8, 0x9, 0xff, 0xff, 0xfd, 0x10,
    0x3f, 0xf8, 0x8, 0xef, 0xfc, 0x70, 0x0,

    /* U+00E0 "à" */
    0x0, 0x4f, 0xfc, 0x0, 0x0, 0x0, 0x0, 0x3,
    0xef, 0xb0, 0x0, 0x0, 0x0, 0x0, 0x2d, 0xf9,
    0x0, 0x0, 0x0, 0x0, 0x1, 0x55, 0x10, 0x0,
    0x0, 0x0, 0x0, 0x0, 0x0, 0x0, 0x0, 0x39,
    0xdf, 0xfe, 0xa4, 0x0, 0x6, 0xff, 0xff, 0xff,
    0xff, 0x70, 0x2, 0xfd, 0x75, 0x6a, 0xff, 0xf2,
    0x0, 0x30, 0x0, 0x0, 0x8f, 0xf7, 0x0, 0x0,
    0x0, 0x0, 0x2f, 0xf9, 0x0, 0x4a, 0xef, 0xff,
    0xff, 0xfa, 0x5, 0xff, 0xfe, 0xdd, 0xff, 0xfa,
    0xd, 0xfe, 0x20, 0x0, 0x1f, 0xfa, 0xf, 0xfb,
    0x0, 0x0, 0x5f, 0xfa, 0xd, 0xff, 0x30, 0x4,
    0xef, 0xfa, 0x5, 0xff, 0xfe, 0xff, 0xef, 0xfa,
    0x0, 0x3b, 0xef, 0xe9, 0x1f, 0xfa,

    /* U+00E1 "á" */
    0x0, 0x0, 0x0, 0xc, 0xff, 0x50, 0x0, 0x0,
    0x0, 0xaf, 0xe3, 0x0, 0x0, 0x0, 0x9, 0xfd,
    0x20, 0x0, 0x0, 0x0, 0x5, 0x51, 0x0, 0x0,
    0x0, 0x0, 0x0, 0x0, 0x0, 0x0, 0x0, 0x39,
    0xdf, 0xfe, 0xa4, 0x0, 0x6, 0xff, 0xff, 0xff,
    0xff, 0x70, 0x2, 0xfd, 0x75, 0x6a, 0xff, 0xf2,
    0x0, 0x30, 0x0, 0x0, 0x8f, 0xf7, 0x0, 0x0,
    0x0, 0x0, 0x2f, 0xf9, 0x0, 0x4a, 0xef, 0xff,
    0xff, 0xfa, 0x5, 0xff, 0xfe, 0xdd, 0xff, 0xfa,
    0xd, 0xfe, 0x20, 0x0, 0x1f, 0xfa, 0xf, 0xfb,
    0x0, 0x0, 0x5f, 0xfa, 0xd, 0xff, 0x30, 0x4,
    0xef, 0xfa, 0x5, 0xff, 0xfe, 0xff, 0xef, 0xfa,
    0x0, 0x3b, 0xef, 0xe9, 0x1f, 0xfa,

    /* U+00E2 "â" */
    0x0, 0x0, 0x3f, 0xff, 0x40, 0x0, 0x0, 0x3,
    0xff, 0x6e, 0xf3, 0x0, 0x0, 0x2e, 0xf3, 0x3,
    0xff, 0x30, 0x0, 0x12, 0x10, 0x0, 0x12, 0x10,
    0x0, 0x0, 0x0, 0x0, 0x0, 0x0, 0x0, 0x39,
    0xdf, 0xfe, 0xa4, 0x0, 0x6, 0xff, 0xff, 0xff,
    0xff, 0x70, 0x2, 0xfd, 0x75, 0x6a, 0xff, 0xf2,
    0x0, 0x30, 0x0, 0x0, 0x8f, 0xf7, 0x0, 0x0,
    0x0, 0x0, 0x2f, 0xf9, 0x0, 0x4a, 0xef, 0xff,
    0xff, 0xfa, 0x5, 0xff, 0xfe, 0xdd, 0xff, 0xfa,
    0xd, 0xfe, 0x20, 0x0, 0x1f, 0xfa, 0xf, 0xfb,
    0x0, 0x0, 0x5f, 0xfa, 0xd, 0xff, 0x30, 0x4,
    0xef, 0xfa, 0x5, 0xff, 0xfe, 0xff, 0xef, 0xfa,
    0x0, 0x3b, 0xef, 0xe9, 0x1f, 0xfa,

    /* U+00E3 "ã" */
    0x0, 0x7, 0xee, 0x91, 0x3f, 0x60, 0x0, 0x2f,
    0xdc, 0xff, 0xff, 0x10, 0x0, 0x3a, 0x10, 0x38,
    0x92, 0x0, 0x0, 0x0, 0x0, 0x0, 0x0, 0x0,
    0x0, 0x0, 0x0, 0x0, 0x0, 0x0, 0x0, 0x39,
    0xdf, 0xfe, 0xa4, 0x0, 0x6, 0xff, 0xff, 0xff,
    0xff, 0x70, 0x2, 0xfd, 0x75, 0x6a, 0xff, 0xf2,
    0x0, 0x30, 0x0, 0x0, 0x8f, 0xf7, 0x0, 0x0,
    0x0, 0x0, 0x2f, 0xf9, 0x0, 0x4a, 0xef, 0xff,
    0xff, 0xfa, 0x5, 0xff, 0xfe, 0xdd, 0xff, 0xfa,
    0xd, 0xfe, 0x20, 0x0, 0x1f, 0xfa, 0xf, 0xfb,
    0x0, 0x0, 0x5f, 0xfa, 0xd, 0xff, 0x30, 0x4,
    0xef, 0xfa, 0x5, 0xff, 0xfe, 0xff, 0xef, 0xfa,
    0x0, 0x3b, 0xef, 0xe9, 0x1f, 0xfa,

    /* U+00E4 "ä" */
    0x0, 0x8, 0xf5, 0x5, 0xf9, 0x0, 0x0, 0xd,
    0xfa, 0x9, 0xfe, 0x0, 0x0, 0x4, 0xa2, 0x2,
    0xa5, 0x0, 0x0, 0x0, 0x0, 0x0, 0x0, 0x0,
    0x0, 0x0, 0x0, 0x0, 0x0, 0x0, 0x0, 0x39,
    0xdf, 0xfe, 0xa4, 0x0, 0x6, 0xff, 0xff, 0xff,
    0xff, 0x70, 0x2, 0xfd, 0x75, 0x6a, 0xff, 0xf2,
    0x0, 0x30, 0x0, 0x0, 0x8f, 0xf7, 0x0, 0x0,
    0x0, 0x0, 0x2f, 0xf9, 0x0, 0x4a, 0xef, 0xff,
    0xff, 0xfa, 0x5, 0xff, 0xfe, 0xdd, 0xff, 0xfa,
    0xd, 0xfe, 0x20, 0x0, 0x1f, 0xfa, 0xf, 0xfb,
    0x0, 0x0, 0x5f, 0xfa, 0xd, 0xff, 0x30, 0x4,
    0xef, 0xfa, 0x5, 0xff, 0xfe, 0xff, 0xef, 0xfa,
    0x0, 0x3b, 0xef, 0xe9, 0x1f, 0xfa,

    /* U+00E5 "å" */
    0x0, 0x0, 0x1b, 0xec, 0x10, 0x0, 0x0, 0x0,
    0xca, 0x3a, 0xc0, 0x0, 0x0, 0x0, 0xf2, 0x2,
    0xf0, 0x0, 0x0, 0x0, 0xd8, 0x7, 0xe0, 0x0,
    0x0, 0x0, 0x3e, 0xfe, 0x30, 0x0, 0x0, 0x0,
    0x0, 0x20, 0x0, 0x0, 0x0, 0x39, 0xdf, 0xfe,
    0xa4, 0x0, 0x6, 0xff, 0xff, 0xff, 0xff, 0x70,
    0x2, 0xfd, 0x75, 0x6a, 0xff, 0xf2, 0x0, 0x30,
    0x0, 0x0, 0x8f, 0xf7, 0x0, 0x0, 0x0, 0x0,
    0x2f, 0xf9, 0x0, 0x4a, 0xef, 0xff, 0xff, 0xfa,
    0x5, 0xff, 0xfe, 0xdd, 0xff, 0xfa, 0xd, 0xfe,
    0x20, 0x0, 0x1f, 0xfa, 0xf, 0xfb, 0x0, 0x0,
    0x5f, 0xfa, 0xd, 0xff, 0x30, 0x4, 0xef, 0xfa,
    0x5, 0xff, 0xfe, 0xff, 0xef, 0xfa, 0x0, 0x3b,
    0xef, 0xe9, 0x1f, 0xfa,

    /* U+00E6 "æ" */
    0x0, 0x39, 0xdf, 0xfd, 0xa3, 0x0, 0x7c, 0xef,
    0xd8, 0x10, 0x0, 0x6, 0xff, 0xff, 0xff, 0xff,
    0x7d, 0xff, 0xff, 0xff, 0xe3, 0x0, 0x2, 0xfd,
    0x75, 0x6a, 0xff, 0xff, 0xfa, 0x65, 0xaf, 0xfe,
    0x10, 0x0, 0x30, 0x0, 0x0, 0x7f, 0xff, 0x60,
    0x0, 0x6, 0xff, 0x80, 0x0, 0x0, 0x0, 0x0,
    0x2f, 0xfd, 0x0, 0x0, 0x0, 0xdf, 0xd0, 0x0,
    0x4a, 0xef, 0xff, 0xff, 0xff, 0xff, 0xff, 0xff,
    0xff, 0xf0, 0x6, 0xff, 0xfd, 0xdd, 0xef, 0xff,
    0xdd, 0xdd, 0xdd, 0xdd, 0xc0, 0xe, 0xfe, 0x20,
    0x0, 0x2f, 0xfe, 0x0, 0x0, 0x0, 0x0, 0x0,
    0xf, 0xfb, 0x0, 0x0, 0x6f, 0xff, 0x80, 0x0,
    0x0, 0x50, 0x0, 0xd, 0xff, 0x61, 0x16, 0xff,
    0xff, 0xfc, 0x76, 0x7c, 0xfa, 0x0, 0x4, 0xff,
    0xff, 0xff, 0xfb, 0x2d, 0xff, 0xff, 0xff, 0xfa,
    0x0, 0x0, 0x2a, 0xef, 0xfc, 0x60, 0x0, 0x6c,
    0xef, 0xeb, 0x50, 0x0,

    /* U+00E7 "ç" */
    0x0, 0x0, 0x7c, 0xef, 0xd9, 0x20, 0x0, 0x3,
    0xef, 0xff, 0xff, 0xff, 0x40, 0x1, 0xef, 0xfb,
    0x66, 0xaf, 0xfe, 0x0, 0x9f, 0xf8, 0x0, 0x0,
    0x5b, 0x20, 0xf, 0xfe, 0x0, 0x0, 0x0, 0x0,
    0x1, 0xff, 0xa0, 0x0, 0x0, 0x0, 0x0, 0x1f,
    0xfa, 0x0, 0x0, 0x0, 0x0, 0x0, 0xff, 0xe0,
    0x0, 0x0, 0x0, 0x0, 0x9, 0xff, 0x80, 0x0,
    0x5, 0xb2, 0x0, 0x1e, 0xff, 0xc7, 0x6a, 0xff,
    0xe0, 0x0, 0x3d, 0xff, 0xff, 0xff, 0xe4, 0x0,
    0x0, 0x7, 0xcf, 0xfd, 0x81, 0x0, 0x0, 0x0,
    0x1, 0xf6, 0x0, 0x0, 0x0, 0x0, 0x0, 0x5f,
    0xe6, 0x0, 0x0, 0x0, 0x0, 0x1, 0x3d, 0xf1,
    0x0, 0x0, 0x0, 0x2, 0x32, 0xcf, 0x10, 0x0,
    0x0, 0x0, 0xaf, 0xff, 0x80, 0x0, 0x0, 0x0,
    0x0, 0x34, 0x10, 0x0, 0x0,

    /* U+00E8 "è" */
    0x0, 0x1d, 0xff, 0x30, 0x0, 0x0, 0x0, 0x0,
    0xb, 0xfe, 0x20, 0x0, 0x0, 0x0, 0x0, 0xa,
    0xfd, 0x10, 0x0, 0x0, 0x0, 0x0, 0x4, 0x52,
    0x0, 0x0, 0x0, 0x0, 0x0, 0x0, 0x0, 0x0,
    0x0, 0x0, 0x18, 0xdf, 0xec, 0x70, 0x0, 0x0,
    0x4e, 0xff, 0xff, 0xff, 0xd1, 0x0, 0x2f, 0xff,
    0x84, 0x49, 0xff, 0xc0, 0xa, 0xff, 0x30, 0x0,
    0x6, 0xff, 0x50, 0xff, 0xb0, 0x0, 0x0, 0xe,
    0xfa, 0x1f, 0xff, 0xff, 0xff, 0xff, 0xff, 0xc1,
    0xff, 0xfd, 0xdd, 0xdd, 0xdd, 0xdb, 0xf, 0xfc,
    0x0, 0x0, 0x0, 0x0, 0x0, 0x9f, 0xf7, 0x0,
    0x0, 0x6, 0x0, 0x1, 0xef, 0xfc, 0x76, 0x7d,
    0xf9, 0x0, 0x3, 0xdf, 0xff, 0xff, 0xff, 0x90,
    0x0, 0x0, 0x7c, 0xef, 0xea, 0x40, 0x0,

    /* U+00E9 "é" */
    0x0, 0x0, 0x0, 0x7, 0xff, 0x90, 0x0, 0x0,
    0x0, 0x5, 0xff, 0x70, 0x0, 0x0, 0x0, 0x4,
    0xff, 0x50, 0x0, 0x0, 0x0, 0x0, 0x45, 0x30,
    0x0, 0x0, 0x0, 0x0, 0x0, 0x0, 0x0, 0x0,
    0x0, 0x0, 0x18, 0xdf, 0xec, 0x70, 0x0, 0x0,
    0x4e, 0xff, 0xff, 0xff, 0xd1, 0x0, 0x2f, 0xff,
    0x84, 0x49, 0xff, 0xc0, 0xa, 0xff, 0x30, 0x0,
    0x6, 0xff, 0x50, 0xff, 0xb0, 0x0, 0x0, 0xe,
    0xfa, 0x1f, 0xff, 0xff, 0xff, 0xff, 0xff, 0xc1,
    0xff, 0xfd, 0xdd, 0xdd, 0xdd, 0xdb, 0xf, 0xfc,
    0x0, 0x0, 0x0, 0x0, 0x0, 0x9f, 0xf7, 0x0,
    0x0, 0x6, 0x0, 0x1, 0xef, 0xfc, 0x76, 0x7d,
    0xf9, 0x0, 0x3, 0xdf, 0xff, 0xff, 0xff, 0x90,
    0x0, 0x0, 0x7c, 0xef, 0xea, 0x40, 0x0,

    /* U+00EA "ê" */
    0x0, 0x0, 0x1d, 0xff, 0x80, 0x0, 0x0, 0x0,
    0xc, 0xf8, 0xcf, 0x80, 0x0, 0x0, 0xb, 0xf8,
    0x0, 0xcf, 0x70, 0x0, 0x0, 0x22, 0x0, 0x0,
    0x22, 0x0, 0x0, 0x0, 0x0, 0x0, 0x0, 0x0,
    0x0, 0x0, 0x18, 0xdf, 0xec, 0x70, 0x0, 0x0,
    0x4e, 0xff, 0xff, 0xff, 0xd1, 0x0, 0x2f, 0xff,
    0x84, 0x49, 0xff, 0xc0, 0xa, 0xff, 0x30, 0x0,
    0x6, 0xff, 0x50, 0xff, 0xb0, 0x0, 0x0, 0xe,
    0xfa, 0x1f, 0xff, 0xff, 0xff, 0xff, 0xff, 0xc1,
    0xff, 0xfd, 0xdd, 0xdd, 0xdd, 0xdb, 0xf, 0xfc,
    0x0, 0x0, 0x0, 0x0, 0x0, 0x9f, 0xf7, 0x0,
    0x0, 0x6, 0x0, 0x1, 0xef, 0xfc, 0x76, 0x7d,
    0xf9, 0x0, 0x3, 0xdf, 0xff, 0xff, 0xff, 0x90,
    0x0, 0x0, 0x7c, 0xef, 0xea, 0x40, 0x0,

    /* U+00EB "ë" */
    0x0, 0x4, 0xea, 0x1, 0xdd, 0x10, 0x0, 0x0,
    0x8f, 0xf0, 0x4f, 0xf3, 0x0, 0x0, 0x2, 0xa5,
    0x0, 0x88, 0x0, 0x0, 0x0, 0x0, 0x0, 0x0,
    0x0, 0x0, 0x0, 0x0, 0x0, 0x0, 0x0, 0x0,
    0x0, 0x0, 0x18, 0xdf, 0xec, 0x70, 0x0, 0x0,
    0x4e, 0xff, 0xff, 0xff, 0xd1, 0x0, 0x2f, 0xff,
    0x84, 0x49, 0xff, 0xc0, 0xa, 0xff, 0x30, 0x0,
    0x6, 0xff, 0x50, 0xff, 0xb0, 0x0, 0x0, 0xe,
    0xfa, 0x1f, 0xff, 0xff, 0xff, 0xff, 0xff, 0xc1,
    0xff, 0xfd, 0xdd, 0xdd, 0xdd, 0xdb, 0xf, 0xfc,
    0x0, 0x0, 0x0, 0x0, 0x0, 0x9f, 0xf7, 0x0,
    0x0, 0x6, 0x0, 0x1, 0xef, 0xfc, 0x76, 0x7d,
    0xf9, 0x0, 0x3, 0xdf, 0xff, 0xff, 0xff, 0x90,
    0x0, 0x0, 0x7c, 0xef, 0xea, 0x40, 0x0,

    /* U+00EC "ì" */
    0x9, 0xff, 0x80, 0x0, 0x0, 0x6f, 0xf6, 0x0,
    0x0, 0x4, 0xff, 0x50, 0x0, 0x0, 0x24, 0x30,
    0x0, 0x0, 0x0, 0x0, 0x0, 0x3, 0xff, 0x80,
    0x0, 0x3, 0xff, 0x80, 0x0, 0x3, 0xff, 0x80,
    0x0, 0x3, 0xff, 0x80, 0x0, 0x3, 0xff, 0x80,
    0x0, 0x3, 0xff, 0x80, 0x0, 0x3, 0xff, 0x80,
    0x0, 0x3, 0xff, 0x80, 0x0, 0x3, 0xff, 0x80,
    0x0, 0x3, 0xff, 0x80, 0x0, 0x3, 0xff, 0x80,
    0x0, 0x3, 0xff, 0x80,

    /* U+00ED "í" */
    0x0, 0x3f, 0xfd, 0x20, 0x2e, 0xfb, 0x0, 0x1d,
    0xf9, 0x0, 0x2, 0x43, 0x0, 0x0, 0x0, 0x0,
    0x0, 0x3, 0xff, 0x80, 0x0, 0x3f, 0xf8, 0x0,
    0x3, 0xff, 0x80, 0x0, 0x3f, 0xf8, 0x0, 0x3,
    0xff, 0x80, 0x0, 0x3f, 0xf8, 0x0, 0x3, 0xff,
    0x80, 0x0, 0x3f, 0xf8, 0x0, 0x3, 0xff, 0x80,
    0x0, 0x3f, 0xf8, 0x0, 0x3, 0xff, 0x80, 0x0,
    0x3f, 0xf8, 0x0, 0x0,

    /* U+00EE "î" */
    0x0, 0x7f, 0xfc, 0x0, 0x4, 0xfd, 0x9f, 0x90,
    0x1e, 0xf2, 0xb, 0xf6, 0x0, 0x0, 0x0, 0x0,
    0x0, 0x0, 0x0, 0x0, 0x0, 0x3f, 0xf8, 0x0,
    0x0, 0x3f, 0xf8, 0x0, 0x0, 0x3f, 0xf8, 0x0,
    0x0, 0x3f, 0xf8, 0x0, 0x0, 0x3f, 0xf8, 0x0,
    0x0, 0x3f, 0xf8, 0x0, 0x0, 0x3f, 0xf8, 0x0,
    0x0, 0x3f, 0xf8, 0x0, 0x0, 0x3f, 0xf8, 0x0,
    0x0, 0x3f, 0xf8, 0x0, 0x0, 0x3f, 0xf8, 0x0,
    0x0, 0x3f, 0xf8, 0x0,

    /* U+00EF "ï" */
    0x6f, 0x62, 0xec, 0xb, 0xfb, 0x5f, 0xf1, 0x29,
    0x30, 0x86, 0x0, 0x0, 0x0, 0x0, 0x0, 0x0,
    0x0, 0x0, 0x3f, 0xf8, 0x0, 0x3, 0xff, 0x80,
    0x0, 0x3f, 0xf8, 0x0, 0x3, 0xff, 0x80, 0x0,
    0x3f, 0xf8, 0x0, 0x3, 0xff, 0x80, 0x0, 0x3f,
    0xf8, 0x0, 0x3, 0xff, 0x80, 0x0, 0x3f, 0xf8,
    0x0, 0x3, 0xff, 0x80, 0x0, 0x3f, 0xf8, 0x0,
    0x3, 0xff, 0x80, 0x0,

    /* U+00F0 "ð" */
    0x0, 0x2, 0x93, 0x0, 0x0, 0x0, 0x0, 0x1,
    0xef, 0xfa, 0x2, 0x9f, 0x10, 0x0, 0x0, 0x8f,
    0xff, 0xff, 0x91, 0x0, 0x0, 0x4, 0xff, 0xff,
    0x30, 0x0, 0x0, 0x4d, 0xfd, 0x8e, 0xfd, 0x10,
    0x0, 0x5, 0xc5, 0x0, 0x2e, 0xfa, 0x0, 0x0,
    0x0, 0x0, 0x0, 0x5f, 0xf3, 0x0, 0x1, 0x8d,
    0xfe, 0xa3, 0xdf, 0xa0, 0x1, 0xef, 0xff, 0xff,
    0xfd, 0xff, 0x0, 0xbf, 0xfa, 0x31, 0x4d, 0xff,
    0xf3, 0x1f, 0xfc, 0x0, 0x0, 0x1e, 0xff, 0x43,
    0xff, 0x70, 0x0, 0x0, 0xbf, 0xf4, 0x3f, 0xf8,
    0x0, 0x0, 0xb, 0xff, 0x20, 0xff, 0xd0, 0x0,
    0x2, 0xff, 0xd0, 0x9, 0xff, 0xd6, 0x47, 0xef,
    0xf5, 0x0, 0xc, 0xff, 0xff, 0xff, 0xf7, 0x0,
    0x0, 0x6, 0xce, 0xfd, 0x93, 0x0, 0x0,

    /* U+00F1 "ñ" */
    0x0, 0x6, 0xee, 0x92, 0x2f, 0x70, 0x0, 0x2,
    0xfd, 0xbf, 0xff, 0xf2, 0x0, 0x0, 0x3a, 0x20,
    0x28, 0x93, 0x0, 0x0, 0x0, 0x0, 0x0, 0x0,
    0x0, 0x0, 0x0, 0x0, 0x0, 0x0, 0x0, 0x0,
    0x3, 0xff, 0x63, 0xae, 0xfe, 0x92, 0x0, 0x3f,
    0xfd, 0xff, 0xff, 0xff, 0xf3, 0x3, 0xff, 0xff,
    0x85, 0x6c, 0xff, 0xd0, 0x3f, 0xff, 0x40, 0x0,
    0xd, 0xff, 0x23, 0xff, 0xc0, 0x0, 0x0, 0x8f,
    0xf4, 0x3f, 0xf9, 0x0, 0x0, 0x6, 0xff, 0x53,
    0xff, 0x80, 0x0, 0x0, 0x6f, 0xf6, 0x3f, 0xf8,
    0x0, 0x0, 0x6, 0xff, 0x63, 0xff, 0x80, 0x0,
    0x0, 0x6f, 0xf6, 0x3f, 0xf8, 0x0, 0x0, 0x6,
    0xff, 0x63, 0xff, 0x80, 0x0, 0x0, 0x6f, 0xf6,
    0x3f, 0xf8, 0x0, 0x0, 0x6, 0xff, 0x60,

    /* U+00F2 "ò" */
    0x0, 0xa, 0xff, 0x60, 0x0, 0x0, 0x0, 0x0,
    0x0, 0x9f, 0xf4, 0x0, 0x0, 0x0, 0x0, 0x0,
    0x7, 0xff, 0x30, 0x0, 0x0, 0x0, 0x0, 0x0,
    0x35, 0x40, 0x0, 0x0, 0x0, 0x0, 0x0, 0x0,
    0x0, 0x0, 0x0, 0x0, 0x1, 0x7c, 0xef, 0xd8,
    0x20, 0x0, 0x0, 0x3e, 0xff, 0xff, 0xff, 0xf5,
    0x0, 0x1, 0xef, 0xfb, 0x66, 0xaf, 0xff, 0x40,
    0x9, 0xff, 0x70, 0x0, 0x4, 0xff, 0xc0, 0xf,
    0xfe, 0x0, 0x0, 0x0, 0xbf, 0xf2, 0x1f, 0xfa,
    0x0, 0x0, 0x0, 0x7f, 0xf4, 0x1f, 0xfa, 0x0,
    0x0, 0x0, 0x7f, 0xf4, 0xf, 0xfe, 0x0, 0x0,
    0x0, 0xbf, 0xf2, 0x9, 0xff, 0x80, 0x0, 0x5,
    0xff, 0xc0, 0x1, 0xef, 0xfc, 0x76, 0xaf, 0xff,
    0x30, 0x0, 0x3e, 0xff, 0xff, 0xff, 0xf5, 0x0,
    0x0, 0x1, 0x7c, 0xef, 0xd8, 0x20, 0x0,

    /* U+00F3 "ó" */
    0x0, 0x0, 0x0, 0x4, 0xff, 0xc1, 0x0, 0x0,
    0x0, 0x0, 0x3f, 0xfa, 0x0, 0x0, 0x0, 0x0,
    0x2, 0xef, 0x80, 0x0, 0x0, 0x0, 0x0, 0x3,
    0x54, 0x0, 0x0, 0x0, 0x0, 0x0, 0x0, 0x0,
    0x0, 0x0, 0x0, 0x0, 0x1, 0x7c, 0xef, 0xd8,
    0x20, 0x0, 0x0, 0x3e, 0xff, 0xff, 0xff, 0xf5,
    0x0, 0x1, 0xef, 0xfb, 0x66, 0xaf, 0xff, 0x40,
    0x9, 0xff, 0x70, 0x0, 0x4, 0xff, 0xc0, 0xf,
    0xfe, 0x0, 0x0, 0x0, 0xbf, 0xf2, 0x1f, 0xfa,
    0x0, 0x0, 0x0, 0x7f, 0xf4, 0x1f, 0xfa, 0x0,
    0x0, 0x0, 0x7f, 0xf4, 0xf, 0xfe, 0x0, 0x0,
    0x0, 0xbf, 0xf2, 0x9, 0xff, 0x80, 0x0, 0x5,
    0xff, 0xc0, 0x1, 0xef, 0xfc, 0x76, 0xaf, 0xff,
    0x30, 0x0, 0x3e, 0xff, 0xff, 0xff, 0xf5, 0x0,
    0x0, 0x1, 0x7c, 0xef, 0xd8, 0x20, 0x0,

    /* U+00F4 "ô" */
    0x0, 0x0, 0xa, 0xff, 0xc0, 0x0, 0x0, 0x0,
    0x0, 0x9f, 0xa9, 0xfb, 0x0, 0x0, 0x0, 0x8,
    0xfb, 0x0, 0x9f, 0xa0, 0x0, 0x0, 0x2, 0x20,
    0x0, 0x2, 0x20, 0x0, 0x0, 0x0, 0x0, 0x0,
    0x0, 0x0, 0x0, 0x0, 0x1, 0x7c, 0xef, 0xd8,
    0x20, 0x0, 0x0, 0x3e, 0xff, 0xff, 0xff, 0xf5,
    0x0, 0x1, 0xef, 0xfb, 0x66, 0xaf, 0xff, 0x40,
    0x9, 0xff, 0x70, 0x0, 0x4, 0xff, 0xc0, 0xf,
    0xfe, 0x0, 0x0, 0x0, 0xbf, 0xf2, 0x1f, 0xfa,
    0x0, 0x0, 0x0, 0x7f, 0xf4, 0x1f, 0xfa, 0x0,
    0x0, 0x0, 0x7f, 0xf4, 0xf, 0xfe, 0x0, 0x0,
    0x0, 0xbf, 0xf2, 0x9, 0xff, 0x80, 0x0, 0x5,
    0xff, 0xc0, 0x1, 0xef, 0xfc, 0x76, 0xaf, 0xff,
    0x30, 0x0, 0x3e, 0xff, 0xff, 0xff, 0xf5, 0x0,
    0x0, 0x1, 0x7c, 0xef, 0xd8, 0x20, 0x0,

    /* U+00F5 "õ" */
    0x0, 0x1, 0xbf, 0xc5, 0xa, 0xe0, 0x0, 0x0,
    0xa, 0xfb, 0xef, 0xff, 0x90, 0x0, 0x0, 0x8,
    0x70, 0x6, 0x96, 0x0, 0x0, 0x0, 0x0, 0x0,
    0x0, 0x0, 0x0, 0x0, 0x0, 0x0, 0x0, 0x0,
    0x0, 0x0, 0x0, 0x0, 0x1, 0x7c, 0xef, 0xd8,
    0x20, 0x0, 0x0, 0x3e, 0xff, 0xff, 0xff, 0xf5,
    0x0, 0x1, 0xef, 0xfb, 0x66, 0xaf, 0xff, 0x40,
    0x9, 0xff, 0x70, 0x0, 0x4, 0xff, 0xc0, 0xf,
    0xfe, 0x0, 0x0, 0x0, 0xbf, 0xf2, 0x1f, 0xfa,
    0x0, 0x0, 0x0, 0x7f, 0xf4, 0x1f, 0xfa, 0x0,
    0x0, 0x0, 0x7f, 0xf4, 0xf, 0xfe, 0x0, 0x0,
    0x0, 0xbf, 0xf2, 0x9, 0xff, 0x80, 0x0, 0x5,
    0xff, 0xc0, 0x1, 0xef, 0xfc, 0x76, 0xaf, 0xff,
    0x30, 0x0, 0x3e, 0xff, 0xff, 0xff, 0xf5, 0x0,
    0x0, 0x1, 0x7c, 0xef, 0xd8, 0x20, 0x0,

    /* U+00F6 "ö" */
    0x0, 0x2, 0xec, 0x0, 0xbe, 0x30, 0x0, 0x0,
    0x5, 0xff, 0x31, 0xff, 0x70, 0x0, 0x0, 0x0,
    0x98, 0x0, 0x69, 0x10, 0x0, 0x0, 0x0, 0x0,
    0x0, 0x0, 0x0, 0x0, 0x0, 0x0, 0x0, 0x0,
    0x0, 0x0, 0x0, 0x0, 0x1, 0x7c, 0xef, 0xd8,
    0x20, 0x0, 0x0, 0x3e, 0xff, 0xff, 0xff, 0xf5,
    0x0, 0x1, 0xef, 0xfb, 0x66, 0xaf, 0xff, 0x40,
    0x9, 0xff, 0x70, 0x0, 0x4, 0xff, 0xc0, 0xf,
    0xfe, 0x0, 0x0, 0x0, 0xbf, 0xf2, 0x1f, 0xfa,
    0x0, 0x0, 0x0, 0x7f, 0xf4, 0x1f, 0xfa, 0x0,
    0x0, 0x0, 0x7f, 0xf4, 0xf, 0xfe, 0x0, 0x0,
    0x0, 0xbf, 0xf2, 0x9, 0xff, 0x80, 0x0, 0x5,
    0xff, 0xc0, 0x1, 0xef, 0xfc, 0x76, 0xaf, 0xff,
    0x30, 0x0, 0x3e, 0xff, 0xff, 0xff, 0xf5, 0x0,
    0x0, 0x1, 0x7c, 0xef, 0xd8, 0x20, 0x0,

    /* U+00F7 "÷" */
    0x0, 0x0, 0x2, 0x0, 0x0, 0x0, 0x0, 0xb,
    0xfb, 0x0, 0x0, 0x0, 0x0, 0xff, 0xf0, 0x0,
    0x0, 0x0, 0x8, 0xf8, 0x0, 0x0, 0x0, 0x0,
    0x0, 0x0, 0x0, 0x1, 0x33, 0x33, 0x33, 0x33,
    0x32, 0x9f, 0xff, 0xff, 0xff, 0xff, 0x99, 0xff,
    0xff, 0xff, 0xff, 0xf9, 0x0, 0x0, 0x0, 0x0,
    0x0, 0x0, 0x0, 0x0, 0x20, 0x0, 0x0, 0x0,
    0x0, 0xbf, 0xb0, 0x0, 0x0, 0x0, 0xf, 0xff,
    0x0, 0x0, 0x0, 0x0, 0x8f, 0x80, 0x0, 0x0,

    /* U+00F8 "ø" */
    0x0, 0x0, 0x0, 0x0, 0x1, 0x84, 0x0, 0x0,
    0x0, 0x0, 0x0, 0x9, 0xf3, 0x0, 0x0, 0x1,
    0x7c, 0xef, 0xff, 0xc0, 0x0, 0x0, 0x3e, 0xff,
    0xff, 0xff, 0xf5, 0x0, 0x1, 0xef, 0xfb, 0x68,
    0xff, 0xff, 0x40, 0x9, 0xff, 0x70, 0xa, 0xf7,
    0xff, 0xc0, 0xf, 0xfe, 0x0, 0x2f, 0x90, 0xbf,
    0xf2, 0x1f, 0xfa, 0x0, 0xaf, 0x20, 0x7f, 0xf4,
    0x1f, 0xfa, 0x3, 0xf9, 0x0, 0x7f, 0xf4, 0xf,
    0xfe, 0xb, 0xf1, 0x0, 0xbf, 0xf2, 0x9, 0xff,
    0xbf, 0x90, 0x5, 0xff, 0xc0, 0x1, 0xef, 0xff,
    0x86, 0xaf, 0xff, 0x30, 0x0, 0x3f, 0xff, 0xff,
    0xff, 0xf5, 0x0, 0x0, 0xd, 0xfe, 0xef, 0xd8,
    0x20, 0x0, 0x0, 0x4f, 0x80, 0x0, 0x0, 0x0,
    0x0, 0x0, 0x58, 0x10, 0x0, 0x0, 0x0, 0x0,

    /* U+00F9 "ù" */
    0x0, 0x5f, 0xfb, 0x0, 0x0, 0x0, 0x0, 0x0,
    0x3e, 0xfa, 0x0, 0x0, 0x0, 0x0, 0x0, 0x2d,
    0xf9, 0x0, 0x0, 0x0, 0x0, 0x0, 0x14, 0x40,
    0x0, 0x0, 0x0, 0x0, 0x0, 0x0, 0x0, 0x0,
    0x4, 0xff, 0x70, 0x0, 0x0, 0x9f, 0xf2, 0x4f,
    0xf7, 0x0, 0x0, 0x9, 0xff, 0x24, 0xff, 0x70,
    0x0, 0x0, 0x9f, 0xf2, 0x4f, 0xf7, 0x0, 0x0,
    0x9, 0xff, 0x24, 0xff, 0x70, 0x0, 0x0, 0x9f,
    0xf2, 0x4f, 0xf7, 0x0, 0x0, 0x9, 0xff, 0x24,
    0xff, 0x70, 0x0, 0x0, 0xaf, 0xf2, 0x3f, 0xf9,
    0x0, 0x0, 0xd, 0xff, 0x21, 0xff, 0xf1, 0x0,
    0x6, 0xff, 0xf2, 0xb, 0xff, 0xe9, 0x7b, 0xff,
    0xff, 0x20, 0x1e, 0xff, 0xff, 0xff, 0xcf, 0xf2,
    0x0, 0x19, 0xdf, 0xeb, 0x37, 0xff, 0x20,

    /* U+00FA "ú" */
    0x0, 0x0, 0x0, 0x1d, 0xff, 0x40, 0x0, 0x0,
    0x0, 0xc, 0xfd, 0x20, 0x0, 0x0, 0x0, 0xb,
    0xfc, 0x10, 0x0, 0x0, 0x0, 0x1, 0x44, 0x0,
    0x0, 0x0, 0x0, 0x0, 0x0, 0x0, 0x0, 0x0,
    0x4, 0xff, 0x70, 0x0, 0x0, 0x9f, 0xf2, 0x4f,
    0xf7, 0x0, 0x0, 0x9, 0xff, 0x24, 0xff, 0x70,
    0x0, 0x0, 0x9f, 0xf2, 0x4f, 0xf7, 0x0, 0x0,
    0x9, 0xff, 0x24, 0xff, 0x70, 0x0, 0x0, 0x9f,
    0xf2, 0x4f, 0xf7, 0x0, 0x0, 0x9, 0xff, 0x24,
    0xff, 0x70, 0x0, 0x0, 0xaf, 0xf2, 0x3f, 0xf9,
    0x0, 0x0, 0xd, 0xff, 0x21, 0xff, 0xf1, 0x0,
    0x6, 0xff, 0xf2, 0xb, 0xff, 0xe9, 0x7b, 0xff,
    0xff, 0x20, 0x1e, 0xff, 0xff, 0xff, 0xcf, 0xf2,
    0x0, 0x19, 0xdf, 0xeb, 0x37, 0xff, 0x20,

    /* U+00FB "û" */
    0x0, 0x0, 0x5f, 0xff, 0x30, 0x0, 0x0, 0x0,
    0x4f, 0xe5, 0xff, 0x30, 0x0, 0x0, 0x4f, 0xe2,
    0x3, 0xfe, 0x20, 0x0, 0x0, 0x0, 0x0, 0x0,
    0x0, 0x0, 0x0, 0x0, 0x0, 0x0, 0x0, 0x0,
    0x4, 0xff, 0x70, 0x0, 0x0, 0x9f, 0xf2, 0x4f,
    0xf7, 0x0, 0x0, 0x9, 0xff, 0x24, 0xff, 0x70,
    0x0, 0x0, 0x9f, 0xf2, 0x4f, 0xf7, 0x0, 0x0,
    0x9, 0xff, 0x24, 0xff, 0x70, 0x0, 0x0, 0x9f,
    0xf2, 0x4f, 0xf7, 0x0, 0x0, 0x9, 0xff, 0x24,
    0xff, 0x70, 0x0, 0x0, 0xaf, 0xf2, 0x3f, 0xf9,
    0x0, 0x0, 0xd, 0xff, 0x21, 0xff, 0xf1, 0x0,
    0x6, 0xff, 0xf2, 0xb, 0xff, 0xe9, 0x7b, 0xff,
    0xff, 0x20, 0x1e, 0xff, 0xff, 0xff, 0xcf, 0xf2,
    0x0, 0x19, 0xdf, 0xeb, 0x37, 0xff, 0x20,

    /* U+00FC "ü" */
    0x0, 0xa, 0xe4, 0x6, 0xf8, 0x0, 0x0, 0x0,
    0xff, 0x90, 0xbf, 0xd0, 0x0, 0x0, 0x5, 0xa2,
    0x3, 0xa4, 0x0, 0x0, 0x0, 0x0, 0x0, 0x0,
    0x0, 0x0, 0x0, 0x0, 0x0, 0x0, 0x0, 0x0,
    0x4, 0xff, 0x70, 0x0, 0x0, 0x9f, 0xf2, 0x4f,
    0xf7, 0x0, 0x0, 0x9, 0xff, 0x24, 0xff, 0x70,
    0x0, 0x0, 0x9f, 0xf2, 0x4f, 0xf7, 0x0, 0x0,
    0x9, 0xff, 0x24, 0xff, 0x70, 0x0, 0x0, 0x9f,
    0xf2, 0x4f, 0xf7, 0x0, 0x0, 0x9, 0xff, 0x24,
    0xff, 0x70, 0x0, 0x0, 0xaf, 0xf2, 0x3f, 0xf9,
    0x0, 0x0, 0xd, 0xff, 0x21, 0xff, 0xf1, 0x0,
    0x6, 0xff, 0xf2, 0xb, 0xff, 0xe9, 0x7b, 0xff,
    0xff, 0x20, 0x1e, 0xff, 0xff, 0xff, 0xcf, 0xf2,
    0x0, 0x19, 0xdf, 0xeb, 0x37, 0xff, 0x20,

    /* U+00FD "ý" */
    0x0, 0x0, 0x0, 0x4, 0xff, 0xc1, 0x0, 0x0,
    0x0, 0x0, 0x3f, 0xfa, 0x0, 0x0, 0x0, 0x0,
    0x2, 0xef, 0x70, 0x0, 0x0, 0x0, 0x0, 0x2,
    0x43, 0x0, 0x0, 0x0, 0x0, 0x0, 0x0, 0x0,
    0x0, 0x0, 0x0, 0xe, 0xfe, 0x0, 0x0, 0x0,
    0x1f, 0xf9, 0x7, 0xff, 0x60, 0x0, 0x0, 0x7f,
    0xf2, 0x0, 0xff, 0xd0, 0x0, 0x0, 0xef, 0xb0,
    0x0, 0x9f, 0xf4, 0x0, 0x5, 0xff, 0x40, 0x0,
    0x2f, 0xfb, 0x0, 0xc, 0xfd, 0x0, 0x0, 0xb,
    0xff, 0x20, 0x3f, 0xf6, 0x0, 0x0, 0x4, 0xff,
    0x80, 0xaf, 0xe0, 0x0, 0x0, 0x0, 0xcf, 0xe2,
    0xff, 0x80, 0x0, 0x0, 0x0, 0x5f, 0xff, 0xff,
    0x10, 0x0, 0x0, 0x0, 0xe, 0xff, 0xfa, 0x0,
    0x0, 0x0, 0x0, 0x7, 0xff, 0xf3, 0x0, 0x0,
    0x0, 0x0, 0x1, 0xff, 0xc0, 0x0, 0x0, 0x0,
    0x0, 0x6, 0xff, 0x50, 0x0, 0x0, 0x9, 0xa5,
    0x7f, 0xfd, 0x0, 0x0, 0x0, 0x2f, 0xff, 0xff,
    0xf3, 0x0, 0x0, 0x0, 0x7, 0xdf, 0xeb, 0x20,
    0x0, 0x0, 0x0,

    /* U+00FE "þ" */
    0x3f, 0xf8, 0x0, 0x0, 0x0, 0x0, 0x0, 0x3f,
    0xf8, 0x0, 0x0, 0x0, 0x0, 0x0, 0x3f, 0xf8,
    0x0, 0x0, 0x0, 0x0, 0x0, 0x3f, 0xf8, 0x0,
    0x0, 0x0, 0x0, 0x0, 0x3f, 0xf8, 0x0, 0x0,
    0x0, 0x0, 0x0, 0x3f, 0xf8, 0x3a, 0xef, 0xd9,
    0x20, 0x0, 0x3f, 0xfe, 0xff, 0xff, 0xff, 0xf6,
    0x0, 0x3f, 0xff, 0xfa, 0x66, 0xaf, 0xff, 0x40,
    0x3f, 0xff, 0x60, 0x0, 0x6, 0xff, 0xc0, 0x3f,
    0xff, 0x0, 0x0, 0x0, 0xcf, 0xf1, 0x3f, 0xfe,
    0x0, 0x0, 0x0, 0x9f, 0xf3, 0x3f, 0xff, 0x0,
    0x0, 0x0, 0x9f, 0xf3, 0x3f, 0xff, 0x0, 0x0,
    0x0, 0xdf, 0xf1, 0x3f, 0xff, 0x60, 0x0, 0x7,
    0xff, 0xc0, 0x3f, 0xff, 0xfb, 0x66, 0xbf, 0xff,
    0x30, 0x3f, 0xfd, 0xff, 0xff, 0xff, 0xf6, 0x0,
    0x3f, 0xf8, 0x3a, 0xef, 0xd9, 0x20, 0x0, 0x3f,
    0xf8, 0x0, 0x0, 0x0, 0x0, 0x0, 0x3f, 0xf8,
    0x0, 0x0, 0x0, 0x0, 0x0, 0x3f, 0xf8, 0x0,
    0x0, 0x0, 0x0, 0x0, 0x3f, 0xf8, 0x0, 0x0,
    0x0, 0x0, 0x0,

    /* U+00FF "ÿ" */
    0x0, 0x1, 0xed, 0x0, 0xbe, 0x30, 0x0, 0x0,
    0x5, 0xff, 0x30, 0xff, 0x70, 0x0, 0x0, 0x0,
    0x98, 0x0, 0x69, 0x10, 0x0, 0x0, 0x0, 0x0,
    0x0, 0x0, 0x0, 0x0, 0x0, 0x0, 0x0, 0x0,
    0x0, 0x0, 0x0, 0xe, 0xfe, 0x0, 0x0, 0x0,
    0x1f, 0xf9, 0x7, 0xff, 0x60, 0x0, 0x0, 0x7f,
    0xf2, 0x0, 0xff, 0xd0, 0x0, 0x0, 0xef, 0xb0,
    0x0, 0x9f, 0xf4, 0x0, 0x5, 0xff, 0x40, 0x0,
    0x2f, 0xfb, 0x0, 0xc, 0xfd, 0x0, 0x0, 0xb,
    0xff, 0x20, 0x3f, 0xf6, 0x0, 0x0, 0x4, 0xff,
    0x80, 0xaf, 0xe0, 0x0, 0x0, 0x0, 0xcf, 0xe2,
    0xff, 0x80, 0x0, 0x0, 0x0, 0x5f, 0xff, 0xff,
    0x10, 0x0, 0x0, 0x0, 0xe, 0xff, 0xfa, 0x0,
    0x0, 0x0, 0x0, 0x7, 0xff, 0xf3, 0x0, 0x0,
    0x0, 0x0, 0x1, 0xff, 0xc0, 0x0, 0x0, 0x0,
    0x0, 0x6, 0xff, 0x50, 0x0, 0x0, 0x9, 0xa5,
    0x7f, 0xfd, 0x0, 0x0, 0x0, 0x2f, 0xff, 0xff,
    0xf3, 0x0, 0x0, 0x0, 0x7, 0xdf, 0xeb, 0x20,
    0x0, 0x0, 0x0,

    /* U+0100 "Ā" */
    0x0, 0x0, 0x9, 0xff, 0xff, 0xff, 0xf0, 0x0,
    0x0, 0x0, 0x0, 0x6, 0xaa, 0xaa, 0xaa, 0xa0,
    0x0, 0x0, 0x0, 0x0, 0x0, 0x0, 0x0, 0x0,
    0x0, 0x0, 0x0, 0x0, 0x0, 0x0, 0x6, 0xff,
    0xd0, 0x0, 0x0, 0x0, 0x0, 0x0, 0x0, 0xd,
    0xff, 0xf4, 0x0, 0x0, 0x0, 0x0, 0x0, 0x0,
    0x4f, 0xff, 0xfb, 0x0, 0x0, 0x0, 0x0, 0x0,
    0x0, 0xbf, 0xf9, 0xff, 0x20, 0x0, 0x0, 0x0,
    0x0, 0x2, 0xff, 0x92, 0xff, 0x90, 0x0, 0x0,
    0x0, 0x0, 0x9, 0xff, 0x20, 0xbf, 0xf1, 0x0,
    0x0, 0x0, 0x0, 0xf, 0xfc, 0x0, 0x5f, 0xf7,
    0x0, 0x0, 0x0, 0x0, 0x6f, 0xf5, 0x0, 0xe,
    0xfe, 0x0, 0x0, 0x0, 0x0, 0xdf, 0xe0, 0x0,
    0x8, 0xff, 0x50, 0x0, 0x0, 0x4, 0xff, 0x80,
    0x0, 0x1, 0xff, 0xc0, 0x0, 0x0, 0xb, 0xff,
    0xff, 0xff, 0xff, 0xff, 0xf3, 0x0, 0x0, 0x2f,
    0xff, 0xff, 0xff, 0xff, 0xff, 0xfa, 0x0, 0x0,
    0x9f, 0xf9, 0x44, 0x44, 0x44, 0x4f, 0xff, 0x10,
    0x1, 0xff, 0xd0, 0x0, 0x0, 0x0, 0x7, 0xff,
    0x80, 0x7, 0xff, 0x70, 0x0, 0x0, 0x0, 0x1,
    0xff, 0xe0, 0xe, 0xff, 0x10, 0x0, 0x0, 0x0,
    0x0, 0x9f, 0xf6,

    /* U+0101 "ā" */
    0x0, 0x4f, 0xff, 0xff, 0xff, 0x50, 0x0, 0x2a,
    0xaa, 0xaa, 0xaa, 0x30, 0x0, 0x0, 0x0, 0x0,
    0x0, 0x0, 0x0, 0x0, 0x0, 0x0, 0x0, 0x0,
    0x0, 0x39, 0xdf, 0xfe, 0xa4, 0x0, 0x6, 0xff,
    0xff, 0xff, 0xff, 0x70, 0x2, 0xfd, 0x75, 0x6a,
    0xff, 0xf2, 0x0, 0x30, 0x0, 0x0, 0x8f, 0xf7,
    0x0, 0x0, 0x0, 0x0, 0x2f, 0xf9, 0x0, 0x4a,
    0xef, 0xff, 0xff, 0xfa, 0x5, 0xff, 0xfe, 0xdd,
    0xff, 0xfa, 0xd, 0xfe, 0x20, 0x0, 0x1f, 0xfa,
    0xf, 0xfb, 0x0, 0x0, 0x5f, 0xfa, 0xd, 0xff,
    0x30, 0x4, 0xef, 0xfa, 0x5, 0xff, 0xfe, 0xff,
    0xef, 0xfa, 0x0, 0x3b, 0xef, 0xe9, 0x1f, 0xfa,

    /* U+0102 "Ă" */
    0x0, 0x0, 0x7, 0xf6, 0x0, 0xe, 0xf0, 0x0,
    0x0, 0x0, 0x0, 0x1, 0xef, 0xa9, 0xdf, 0x80,
    0x0, 0x0, 0x0, 0x0, 0x0, 0x2a, 0xef, 0xc6,
    0x0, 0x0, 0x0, 0x0, 0x0, 0x0, 0x0, 0x0,
    0x0, 0x0, 0x0, 0x0, 0x0, 0x0, 0x0, 0x6,
    0xff, 0xd0, 0x0, 0x0, 0x0, 0x0, 0x0, 0x0,
    0xd, 0xff, 0xf4, 0x0, 0x0, 0x0, 0x0, 0x0,
    0x0, 0x4f, 0xff, 0xfb, 0x0, 0x0, 0x0, 0x0,
    0x0, 0x0, 0xbf, 0xf9, 0xff, 0x20, 0x0, 0x0,
    0x0, 0x0, 0x2, 0xff, 0x92, 0xff, 0x90, 0x0,
    0x0, 0x0, 0x0, 0x9, 0xff, 0x20, 0xbf, 0xf1,
    0x0, 0x0, 0x0, 0x0, 0xf, 0xfc, 0x0, 0x5f,
    0xf7, 0x0, 0x0, 0x0, 0x0, 0x6f, 0xf5, 0x0,
    0xe, 0xfe, 0x0, 0x0, 0x0, 0x0, 0xdf, 0xe0,
    0x0, 0x8, 0xff, 0x50, 0x0, 0x0, 0x4, 0xff,
    0x80, 0x0, 0x1, 0xff, 0xc0, 0x0, 0x0, 0xb,
    0xff, 0xff, 0xff, 0xff, 0xff, 0xf3, 0x0, 0x0,
    0x2f, 0xff, 0xff, 0xff, 0xff, 0xff, 0xfa, 0x0,
    0x0, 0x9f, 0xf9, 0x44, 0x44, 0x44, 0x4f, 0xff,
    0x10, 0x1, 0xff, 0xd0, 0x0, 0x0, 0x0, 0x7,
    0xff, 0x80, 0x7, 0xff, 0x70, 0x0, 0x0, 0x0,
    0x1, 0xff, 0xe0, 0xe, 0xff, 0x10, 0x0, 0x0,
    0x0, 0x0, 0x9f, 0xf6,

    /* U+0103 "ă" */
    0x0, 0x2f, 0xa0, 0x0, 0x9f, 0x40, 0x0, 0xd,
    0xf5, 0x4, 0xfe, 0x0, 0x0, 0x3, 0xef, 0xff,
    0xe4, 0x0, 0x0, 0x0, 0x5, 0x76, 0x10, 0x0,
    0x0, 0x0, 0x0, 0x0, 0x0, 0x0, 0x0, 0x39,
    0xdf, 0xfe, 0xa4, 0x0, 0x6, 0xff, 0xff, 0xff,
    0xff, 0x70, 0x2, 0xfd, 0x75, 0x6a, 0xff, 0xf2,
    0x0, 0x30, 0x0, 0x0, 0x8f, 0xf7, 0x0, 0x0,
    0x0, 0x0, 0x2f, 0xf9, 0x0, 0x4a, 0xef, 0xff,
    0xff, 0xfa, 0x5, 0xff, 0xfe, 0xdd, 0xff, 0xfa,
    0xd, 0xfe, 0x20, 0x0, 0x1f, 0xfa, 0xf, 0xfb,
    0x0, 0x0, 0x5f, 0xfa, 0xd, 0xff, 0x30, 0x4,
    0xef, 0xfa, 0x5, 0xff, 0xfe, 0xff, 0xef, 0xfa,
    0x0, 0x3b, 0xef, 0xe9, 0x1f, 0xfa,

    /* U+0104 "Ą" */
    0x0, 0x0, 0x0, 0x6, 0xff, 0xd0, 0x0, 0x0,
    0x0, 0x0, 0x0, 0x0, 0x0, 0xdf, 0xff, 0x40,
    0x0, 0x0, 0x0, 0x0, 0x0, 0x0, 0x4f, 0xff,
    0xfb, 0x0, 0x0, 0x0, 0x0, 0x0, 0x0, 0xb,
    0xff, 0x9f, 0xf2, 0x0, 0x0, 0x0, 0x0, 0x0,
    0x2, 0xff, 0x92, 0xff, 0x90, 0x0, 0x0, 0x0,
    0x0, 0x0, 0x9f, 0xf2, 0xb, 0xff, 0x10, 0x0,
    0x0, 0x0, 0x0, 0xf, 0xfc, 0x0, 0x5f, 0xf7,
    0x0, 0x0, 0x0, 0x0, 0x6, 0xff, 0x50, 0x0,
    0xef, 0xe0, 0x0, 0x0, 0x0, 0x0, 0xdf, 0xe0,
    0x0, 0x8, 0xff, 0x50, 0x0, 0x0, 0x0, 0x4f,
    0xf8, 0x0, 0x0, 0x1f, 0xfc, 0x0, 0x0, 0x0,
    0xb, 0xff, 0xff, 0xff, 0xff, 0xff, 0xf3, 0x0,
    0x0, 0x2, 0xff, 0xff, 0xff, 0xff, 0xff, 0xff,
    0xa0, 0x0, 0x0, 0x9f, 0xf9, 0x44, 0x44, 0x44,
    0x4f, 0xff, 0x10, 0x0, 0x1f, 0xfd, 0x0, 0x0,
    0x0, 0x0, 0x7f, 0xf8, 0x0, 0x7, 0xff, 0x70,
    0x0, 0x0, 0x0, 0x1, 0xff, 0xe0, 0x0, 0xef,
    0xf1, 0x0, 0x0, 0x0, 0x0, 0xa, 0xff, 0x70,
    0x0, 0x0, 0x0, 0x0, 0x0, 0x0, 0x0, 0xcf,
    0x91, 0x0, 0x0, 0x0, 0x0, 0x0, 0x0, 0x0,
    0x9f, 0x50, 0x0, 0x0, 0x0, 0x0, 0x0, 0x0,
    0x0, 0xd, 0xf0, 0x0, 0x0, 0x0, 0x0, 0x0,
    0x0, 0x0, 0x0, 0xaf, 0xb8, 0x90, 0x0, 0x0,
    0x0, 0x0, 0x0, 0x0, 0x1, 0xae, 0xfb, 0x0,

    /* U+0105 "ą" */
    0x0, 0x39, 0xdf, 0xfe, 0xa4, 0x0, 0x0, 0x6f,
    0xff, 0xff, 0xff, 0xf7, 0x0, 0x2, 0xfd, 0x75,
    0x6a, 0xff, 0xf2, 0x0, 0x3, 0x0, 0x0, 0x8,
    0xff, 0x70, 0x0, 0x0, 0x0, 0x0, 0x2f, 0xf9,
    0x0, 0x4, 0xae, 0xff, 0xff, 0xff, 0xa0, 0x5,
    0xff, 0xfe, 0xdd, 0xff, 0xfa, 0x0, 0xdf, 0xe2,
    0x0, 0x1, 0xff, 0xa0, 0xf, 0xfb, 0x0, 0x0,
    0x5f, 0xfa, 0x0, 0xdf, 0xf3, 0x0, 0x4e, 0xff,
    0xa0, 0x5, 0xff, 0xfe, 0xff, 0xef, 0xfa, 0x0,
    0x3, 0xbe, 0xfe, 0x91, 0xff, 0xc0, 0x0, 0x0,
    0x0, 0x0, 0xbf, 0x91, 0x0, 0x0, 0x0, 0x0,
    0x7f, 0x70, 0x0, 0x0, 0x0, 0x0, 0xb, 0xf1,
    0x0, 0x0, 0x0, 0x0, 0x0, 0x9f, 0xc8, 0x90,
    0x0, 0x0, 0x0, 0x0, 0xae, 0xfb, 0x0,

    /* U+0106 "Ć" */
    0x0, 0x0, 0x0, 0x0, 0x5, 0xff, 0xb1, 0x0,
    0x0, 0x0, 0x0, 0x0, 0x5f, 0xf8, 0x0, 0x0,
    0x0, 0x0, 0x0, 0x4, 0xfe, 0x40, 0x0, 0x0,
    0x0, 0x0, 0x0, 0x0, 0x0, 0x0, 0x0, 0x0,
    0x0, 0x0, 0x3, 0x9d, 0xef, 0xeb, 0x60, 0x0,
    0x0, 0x0, 0xaf, 0xff, 0xff, 0xff, 0xfd, 0x30,
    0x0, 0xd, 0xff, 0xfd, 0x98, 0xae, 0xff, 0xf1,
    0x0, 0xbf, 0xfe, 0x40, 0x0, 0x0, 0x8f, 0x60,
    0x4, 0xff, 0xe1, 0x0, 0x0, 0x0, 0x2, 0x0,
    0xa, 0xff, 0x60, 0x0, 0x0, 0x0, 0x0, 0x0,
    0xe, 0xff, 0x0, 0x0, 0x0, 0x0, 0x0, 0x0,
    0xf, 0xfe, 0x0, 0x0, 0x0, 0x0, 0x0, 0x0,
    0xf, 0xfe, 0x0, 0x0, 0x0, 0x0, 0x0, 0x0,
    0xe, 0xff, 0x0, 0x0, 0x0, 0x0, 0x0, 0x0,
    0xa, 0xff, 0x60, 0x0, 0x0, 0x0, 0x0, 0x0,
    0x4, 0xff, 0xe1, 0x0, 0x0, 0x0, 0x2, 0x0,
    0x0, 0xbf, 0xfe, 0x40, 0x0, 0x0, 0x8f, 0x60,
    0x0, 0xd, 0xff, 0xfd, 0x98, 0xae, 0xff, 0xf1,
    0x0, 0x0, 0xaf, 0xff, 0xff, 0xff, 0xfd, 0x30,
    0x0, 0x0, 0x3, 0x9d, 0xff, 0xeb, 0x60, 0x0,

    /* U+0107 "ć" */
    0x0, 0x0, 0x0, 0x7, 0xff, 0x90, 0x0, 0x0,
    0x0, 0x5, 0xff, 0x80, 0x0, 0x0, 0x0, 0x4,
    0xff, 0x60, 0x0, 0x0, 0x0, 0x0, 0x45, 0x30,
    0x0, 0x0, 0x0, 0x0, 0x0, 0x0, 0x0, 0x0,
    0x0, 0x0, 0x7, 0xce, 0xfd, 0x92, 0x0, 0x0,
    0x3e, 0xff, 0xff, 0xff, 0xf4, 0x0, 0x1e, 0xff,
    0xb6, 0x6a, 0xff, 0xe0, 0x9, 0xff, 0x80, 0x0,
    0x5, 0xb2, 0x0, 0xff, 0xe0, 0x0, 0x0, 0x0,
    0x0, 0x1f, 0xfa, 0x0, 0x0, 0x0, 0x0, 0x1,
    0xff, 0xa0, 0x0, 0x0, 0x0, 0x0, 0xf, 0xfe,
    0x0, 0x0, 0x0, 0x0, 0x0, 0x9f, 0xf8, 0x0,
    0x0, 0x5b, 0x20, 0x1, 0xef, 0xfc, 0x76, 0xaf,
    0xfe, 0x0, 0x3, 0xdf, 0xff, 0xff, 0xfe, 0x40,
    0x0, 0x0, 0x7c, 0xef, 0xd8, 0x10, 0x0,

    /* U+0108 "Ĉ" */
    0x0, 0x0, 0x0, 0xa, 0xff, 0xc0, 0x0, 0x0,
    0x0, 0x0, 0x0, 0xaf, 0xed, 0xfb, 0x0, 0x0,
    0x0, 0x0, 0xa, 0xfa, 0x0, 0x9f, 0xb0, 0x0,
    0x0, 0x0, 0x0, 0x0, 0x0, 0x0, 0x0, 0x0,
    0x0, 0x0, 0x3, 0x9d, 0xef, 0xeb, 0x60, 0x0,
    0x0, 0x0, 0xaf, 0xff, 0xff, 0xff, 0xfd, 0x30,
    0x0, 0xd, 0xff, 0xfd, 0x98, 0xae, 0xff, 0xf1,
    0x0, 0xbf, 0xfe, 0x40, 0x0, 0x0, 0x8f, 0x60,
    0x4, 0xff, 0xe1, 0x0, 0x0, 0x0, 0x2, 0x0,
    0xa, 0xff, 0x60, 0x0, 0x0, 0x0, 0x0, 0x0,
    0xe, 0xff, 0x0, 0x0, 0x0, 0x0, 0x0, 0x0,
    0xf, 0xfe, 0x0, 0x0, 0x0, 0x0, 0x0, 0x0,
    0xf, 0xfe, 0x0, 0x0, 0x0, 0x0, 0x0, 0x0,
    0xe, 0xff, 0x0, 0x0, 0x0, 0x0, 0x0, 0x0,
    0xa, 0xff, 0x60, 0x0, 0x0, 0x0, 0x0, 0x0,
    0x4, 0xff, 0xe1, 0x0, 0x0, 0x0, 0x2, 0x0,
    0x0, 0xbf, 0xfe, 0x40, 0x0, 0x0, 0x8f, 0x60,
    0x0, 0xd, 0xff, 0xfd, 0x98, 0xae, 0xff, 0xf1,
    0x0, 0x0, 0xaf, 0xff, 0xff, 0xff, 0xfd, 0x30,
    0x0, 0x0, 0x3, 0x9d, 0xff, 0xeb, 0x60, 0x0,

    /* U+0109 "ĉ" */
    0x0, 0x0, 0xd, 0xff, 0x90, 0x0, 0x0, 0x0,
    0xc, 0xf8, 0xbf, 0x80, 0x0, 0x0, 0xb, 0xf8,
    0x0, 0xcf, 0x70, 0x0, 0x0, 0x22, 0x0, 0x0,
    0x22, 0x0, 0x0, 0x0, 0x0, 0x0, 0x0, 0x0,
    0x0, 0x0, 0x7, 0xce, 0xfd, 0x92, 0x0, 0x0,
    0x3e, 0xff, 0xff, 0xff, 0xf4, 0x0, 0x1e, 0xff,
    0xb6, 0x6a, 0xff, 0xe0, 0x9, 0xff, 0x80, 0x0,
    0x5, 0xb2, 0x0, 0xff, 0xe0, 0x0, 0x0, 0x0,
    0x0, 0x1f, 0xfa, 0x0, 0x0, 0x0, 0x0, 0x1,
    0xff, 0xa0, 0x0, 0x0, 0x0, 0x0, 0xf, 0xfe,
    0x0, 0x0, 0x0, 0x0, 0x0, 0x9f, 0xf8, 0x0,
    0x0, 0x5b, 0x20, 0x1, 0xef, 0xfc, 0x76, 0xaf,
    0xfe, 0x0, 0x3, 0xdf, 0xff, 0xff, 0xfe, 0x40,
    0x0, 0x0, 0x7c, 0xef, 0xd8, 0x10, 0x0,

    /* U+010A "Ċ" */
    0x0, 0x0, 0x0, 0x0, 0x1, 0x0, 0x0, 0x0,
    0x0, 0x0, 0x0, 0x3, 0xff, 0x40, 0x0, 0x0,
    0x0, 0x0, 0x0, 0x7, 0xff, 0x90, 0x0, 0x0,
    0x0, 0x0, 0x0, 0x2, 0xde, 0x30, 0x0, 0x0,
    0x0, 0x0, 0x0, 0x0, 0x0, 0x0, 0x0, 0x0,
    0x0, 0x0, 0x3, 0x9d, 0xef, 0xeb, 0x60, 0x0,
    0x0, 0x0, 0xaf, 0xff, 0xff, 0xff, 0xfd, 0x30,
    0x0, 0xd, 0xff, 0xfd, 0x98, 0xae, 0xff, 0xf1,
    0x0, 0xbf, 0xfe, 0x40, 0x0, 0x0, 0x8f, 0x60,
    0x4, 0xff, 0xe1, 0x0, 0x0, 0x0, 0x2, 0x0,
    0xa, 0xff, 0x60, 0x0, 0x0, 0x0, 0x0, 0x0,
    0xe, 0xff, 0x0, 0x0, 0x0, 0x0, 0x0, 0x0,
    0xf, 0xfe, 0x0, 0x0, 0x0, 0x0, 0x0, 0x0,
    0xf, 0xfe, 0x0, 0x0, 0x0, 0x0, 0x0, 0x0,
    0xe, 0xff, 0x0, 0x0, 0x0, 0x0, 0x0, 0x0,
    0xa, 0xff, 0x60, 0x0, 0x0, 0x0, 0x0, 0x0,
    0x4, 0xff, 0xe1, 0x0, 0x0, 0x0, 0x2, 0x0,
    0x0, 0xbf, 0xfe, 0x40, 0x0, 0x0, 0x8f, 0x60,
    0x0, 0xd, 0xff, 0xfd, 0x98, 0xae, 0xff, 0xf1,
    0x0, 0x0, 0xaf, 0xff, 0xff, 0xff, 0xfd, 0x30,
    0x0, 0x0, 0x3, 0x9d, 0xff, 0xeb, 0x60, 0x0,

    /* U+010B "ċ" */
    0x0, 0x0, 0x0, 0x64, 0x0, 0x0, 0x0, 0x0,
    0x0, 0x8f, 0xf4, 0x0, 0x0, 0x0, 0x0, 0x9,
    0xff, 0x50, 0x0, 0x0, 0x0, 0x0, 0x19, 0x70,
    0x0, 0x0, 0x0, 0x0, 0x0, 0x0, 0x0, 0x0,
    0x0, 0x0, 0x0, 0x0, 0x0, 0x0, 0x0, 0x0,
    0x0, 0x7c, 0xef, 0xd9, 0x20, 0x0, 0x3, 0xef,
    0xff, 0xff, 0xff, 0x40, 0x1, 0xef, 0xfb, 0x66,
    0xaf, 0xfe, 0x0, 0x9f, 0xf8, 0x0, 0x0, 0x5b,
    0x20, 0xf, 0xfe, 0x0, 0x0, 0x0, 0x0, 0x1,
    0xff, 0xa0, 0x0, 0x0, 0x0, 0x0, 0x1f, 0xfa,
    0x0, 0x0, 0x0, 0x0, 0x0, 0xff, 0xe0, 0x0,
    0x0, 0x0, 0x0, 0x9, 0xff, 0x80, 0x0, 0x5,
    0xb2, 0x0, 0x1e, 0xff, 0xc7, 0x6a, 0xff, 0xe0,
    0x0, 0x3d, 0xff, 0xff, 0xff, 0xe4, 0x0, 0x0,
    0x7, 0xce, 0xfd, 0x81, 0x0,

    /* U+010C "Č" */
    0x0, 0x0, 0xa, 0xfa, 0x0, 0x9f, 0xb0, 0x0,
    0x0, 0x0, 0x0, 0xaf, 0xdd, 0xfb, 0x0, 0x0,
    0x0, 0x0, 0x0, 0xa, 0xff, 0xc0, 0x0, 0x0,
    0x0, 0x0, 0x0, 0x0, 0x0, 0x0, 0x0, 0x0,
    0x0, 0x0, 0x3, 0x9d, 0xef, 0xeb, 0x60, 0x0,
    0x0, 0x0, 0xaf, 0xff, 0xff, 0xff, 0xfd, 0x30,
    0x0, 0xd, 0xff, 0xfd, 0x98, 0xae, 0xff, 0xf1,
    0x0, 0xbf, 0xfe, 0x40, 0x0, 0x0, 0x8f, 0x60,
    0x4, 0xff, 0xe1, 0x0, 0x0, 0x0, 0x2, 0x0,
    0xa, 0xff, 0x60, 0x0, 0x0, 0x0, 0x0, 0x0,
    0xe, 0xff, 0x0, 0x0, 0x0, 0x0, 0x0, 0x0,
    0xf, 0xfe, 0x0, 0x0, 0x0, 0x0, 0x0, 0x0,
    0xf, 0xfe, 0x0, 0x0, 0x0, 0x0, 0x0, 0x0,
    0xe, 0xff, 0x0, 0x0, 0x0, 0x0, 0x0, 0x0,
    0xa, 0xff, 0x60, 0x0, 0x0, 0x0, 0x0, 0x0,
    0x4, 0xff, 0xe1, 0x0, 0x0, 0x0, 0x2, 0x0,
    0x0, 0xbf, 0xfe, 0x40, 0x0, 0x0, 0x8f, 0x60,
    0x0, 0xd, 0xff, 0xfd, 0x98, 0xae, 0xff, 0xf1,
    0x0, 0x0, 0xaf, 0xff, 0xff, 0xff, 0xfd, 0x30,
    0x0, 0x0, 0x3, 0x9d, 0xff, 0xeb, 0x60, 0x0,

    /* U+010D "č" */
    0x0, 0x1d, 0xf7, 0x0, 0xbf, 0x90, 0x0, 0x0,
    0x1e, 0xf9, 0xcf, 0xb0, 0x0, 0x0, 0x0, 0x3f,
    0xff, 0xd0, 0x0, 0x0, 0x0, 0x0, 0x25, 0x51,
    0x0, 0x0, 0x0, 0x0, 0x0, 0x0, 0x0, 0x0,
    0x0, 0x0, 0x7, 0xce, 0xfd, 0x92, 0x0, 0x0,
    0x3e, 0xff, 0xff, 0xff, 0xf4, 0x0, 0x1e, 0xff,
    0xb6, 0x6a, 0xff, 0xe0, 0x9, 0xff, 0x80, 0x0,
    0x5, 0xb2, 0x0, 0xff, 0xe0, 0x0, 0x0, 0x0,
    0x0, 0x1f, 0xfa, 0x0, 0x0, 0x0, 0x0, 0x1,
    0xff, 0xa0, 0x0, 0x0, 0x0, 0x0, 0xf, 0xfe,
    0x0, 0x0, 0x0, 0x0, 0x0, 0x9f, 0xf8, 0x0,
    0x0, 0x5b, 0x20, 0x1, 0xef, 0xfc, 0x76, 0xaf,
    0xfe, 0x0, 0x3, 0xdf, 0xff, 0xff, 0xfe, 0x40,
    0x0, 0x0, 0x7c, 0xef, 0xd8, 0x10, 0x0,

    /* U+010E "Ď" */
    0x0, 0x7f, 0xc1, 0x6, 0xfd, 0x10, 0x0, 0x0,
    0x0, 0x7, 0xfe, 0xcf, 0xd1, 0x0, 0x0, 0x0,
    0x0, 0x0, 0x7f, 0xfe, 0x10, 0x0, 0x0, 0x0,
    0x0, 0x0, 0x0, 0x0, 0x0, 0x0, 0x0, 0x0,
    0xff, 0xff, 0xff, 0xff, 0xda, 0x40, 0x0, 0x0,
    0xff, 0xff, 0xff, 0xff, 0xff, 0xfc, 0x10, 0x0,
    0xff, 0xf7, 0x77, 0x78, 0xbf, 0xff, 0xe2, 0x0,
    0xff, 0xe0, 0x0, 0x0, 0x1, 0xbf, 0xfd, 0x0,
    0xff, 0xe0, 0x0, 0x0, 0x0, 0xc, 0xff, 0x70,
    0xff, 0xe0, 0x0, 0x0, 0x0, 0x3, 0xff, 0xd0,
    0xff, 0xe0, 0x0, 0x0, 0x0, 0x0, 0xdf, 0xf1,
    0xff, 0xe0, 0x0, 0x0, 0x0, 0x0, 0xbf, 0xf2,
    0xff, 0xe0, 0x0, 0x0, 0x0, 0x0, 0xbf, 0xf2,
    0xff, 0xe0, 0x0, 0x0, 0x0, 0x0, 0xdf, 0xf1,
    0xff, 0xe0, 0x0, 0x0, 0x0, 0x3, 0xff, 0xd0,
    0xff, 0xe0, 0x0, 0x0, 0x0, 0xc, 0xff, 0x70,
    0xff, 0xe0, 0x0, 0x0, 0x1, 0xbf, 0xfd, 0x0,
    0xff, 0xf7, 0x77, 0x78, 0xbf, 0xff, 0xe2, 0x0,
    0xff, 0xff, 0xff, 0xff, 0xff, 0xfc, 0x20, 0x0,
    0xff, 0xff, 0xff, 0xfe, 0xd9, 0x40, 0x0, 0x0,

    /* U+010F "ď" */
    0x0, 0x0, 0x0, 0x0, 0x0, 0x0, 0x0, 0x4,
    0x62, 0x0, 0x0, 0x0, 0x0, 0x0, 0x7f, 0xf4,
    0xc, 0xf4, 0x0, 0x0, 0x0, 0x0, 0x0, 0x7f,
    0xf4, 0xc, 0xf3, 0x0, 0x0, 0x0, 0x0, 0x0,
    0x7f, 0xf4, 0xc, 0xf2, 0x0, 0x0, 0x0, 0x0,
    0x0, 0x7f, 0xf4, 0xc, 0xf1, 0x0, 0x0, 0x0,
    0x0, 0x0, 0x7f, 0xf4, 0x0, 0x0, 0x0, 0x2,
    0x8d, 0xfe, 0xb3, 0x7f, 0xf4, 0x0, 0x0, 0x0,
    0x4f, 0xff, 0xff, 0xff, 0xdf, 0xf4, 0x0, 0x0,
    0x2, 0xff, 0xfb, 0x66, 0xaf, 0xff, 0xf4, 0x0,
    0x0, 0xa, 0xff, 0x80, 0x0, 0x5, 0xff, 0xf4,
    0x0, 0x0, 0xf, 0xfe, 0x0, 0x0, 0x0, 0xff,
    0xf4, 0x0, 0x0, 0x1f, 0xfa, 0x0, 0x0, 0x0,
    0xbf, 0xf4, 0x0, 0x0, 0x1f, 0xfa, 0x0, 0x0,
    0x0, 0xbf, 0xf4, 0x0, 0x0, 0xf, 0xfe, 0x0,
    0x0, 0x0, 0xff, 0xf4, 0x0, 0x0, 0xa, 0xff,
    0x80, 0x0, 0x5, 0xff, 0xf4, 0x0, 0x0, 0x2,
    0xff, 0xfc, 0x76, 0xaf, 0xff, 0xf4, 0x0, 0x0,
    0x0, 0x4f, 0xff, 0xff, 0xff, 0xcf, 0xf4, 0x0,
    0x0, 0x0, 0x2, 0x8d, 0xfe, 0xb4, 0x5f, 0xf4,
    0x0, 0x0,

    /* U+0110 "Đ" */
    0x0, 0xbf, 0xff, 0xff, 0xff, 0xeb, 0x60, 0x0,
    0x0, 0x0, 0xbf, 0xff, 0xff, 0xff, 0xff, 0xfd,
    0x30, 0x0, 0x0, 0xbf, 0xf8, 0x77, 0x78, 0xaf,
    0xff, 0xf5, 0x0, 0x0, 0xbf, 0xf2, 0x0, 0x0,
    0x0, 0x9f, 0xff, 0x20, 0x0, 0xbf, 0xf2, 0x0,
    0x0, 0x0, 0x9, 0xff, 0xb0, 0x0, 0xbf, 0xf2,
    0x0, 0x0, 0x0, 0x0, 0xff, 0xf1, 0x0, 0xbf,
    0xf2, 0x0, 0x0, 0x0, 0x0, 0xaf, 0xf4, 0xef,
    0xff, 0xff, 0xff, 0xf4, 0x0, 0x0, 0x8f, 0xf6,
    0xef, 0xff, 0xff, 0xff, 0xf4, 0x0, 0x0, 0x8f,
    0xf6, 0x12, 0xdf, 0xf4, 0x22, 0x20, 0x0, 0x0,
    0xaf, 0xf4, 0x0, 0xbf, 0xf2, 0x0, 0x0, 0x0,
    0x0, 0xff, 0xf1, 0x0, 0xbf, 0xf2, 0x0, 0x0,
    0x0, 0x9, 0xff, 0xb0, 0x0, 0xbf, 0xf2, 0x0,
    0x0, 0x0, 0x9f, 0xff, 0x20, 0x0, 0xbf, 0xf8,
    0x77, 0x78, 0xaf, 0xff, 0xf5, 0x0, 0x0, 0xbf,
    0xff, 0xff, 0xff, 0xff, 0xfe, 0x30, 0x0, 0x0,
    0xbf, 0xff, 0xff, 0xff, 0xda, 0x50, 0x0, 0x0,

    /* U+0111 "đ" */
    0x0, 0x0, 0x0, 0x0, 0x0, 0x7f, 0xf4, 0x0,
    0x0, 0x0, 0x0, 0x0, 0x0, 0x7f, 0xf4, 0x0,
    0x0, 0x0, 0x0, 0xcf, 0xff, 0xff, 0xff, 0xf1,
    0x0, 0x0, 0x0, 0xad, 0xdd, 0xff, 0xff, 0xd1,
    0x0, 0x0, 0x0, 0x0, 0x0, 0x7f, 0xf4, 0x0,
    0x0, 0x2, 0x8d, 0xfe, 0xb3, 0x7f, 0xf4, 0x0,
    0x0, 0x4f, 0xff, 0xff, 0xff, 0xdf, 0xf4, 0x0,
    0x2, 0xff, 0xfb, 0x66, 0xaf, 0xff, 0xf4, 0x0,
    0xa, 0xff, 0x80, 0x0, 0x5, 0xff, 0xf4, 0x0,
    0xf, 0xfe, 0x0, 0x0, 0x0, 0xff, 0xf4, 0x0,
    0x1f, 0xfa, 0x0, 0x0, 0x0, 0xbf, 0xf4, 0x0,
    0x1f, 0xfa, 0x0, 0x0, 0x0, 0xbf, 0xf4, 0x0,
    0xf, 0xfe, 0x0, 0x0, 0x0, 0xff, 0xf4, 0x0,
    0xa, 0xff, 0x80, 0x0, 0x5, 0xff, 0xf4, 0x0,
    0x2, 0xff, 0xfc, 0x76, 0xaf, 0xff, 0xf4, 0x0,
    0x0, 0x4f, 0xff, 0xff, 0xff, 0xcf, 0xf4, 0x0,
    0x0, 0x2, 0x8d, 0xfe, 0xb4, 0x5f, 0xf4, 0x0,

    /* U+0112 "Ē" */
    0x1, 0xff, 0xff, 0xff, 0xf8, 0x0, 0x1, 0xaa,
    0xaa, 0xaa, 0xa5, 0x0, 0x0, 0x0, 0x0, 0x0,
    0x0, 0x0, 0xff, 0xff, 0xff, 0xff, 0xff, 0xf5,
    0xff, 0xff, 0xff, 0xff, 0xff, 0xf5, 0xff, 0xf6,
    0x66, 0x66, 0x66, 0x62, 0xff, 0xe0, 0x0, 0x0,
    0x0, 0x0, 0xff, 0xe0, 0x0, 0x0, 0x0, 0x0,
    0xff, 0xe0, 0x0, 0x0, 0x0, 0x0, 0xff, 0xe0,
    0x0, 0x0, 0x0, 0x0, 0xff, 0xff, 0xff, 0xff,
    0xff, 0x50, 0xff, 0xff, 0xff, 0xff, 0xff, 0x50,
    0xff, 0xf6, 0x66, 0x66, 0x66, 0x20, 0xff, 0xe0,
    0x0, 0x0, 0x0, 0x0, 0xff, 0xe0, 0x0, 0x0,
    0x0, 0x0, 0xff, 0xe0, 0x0, 0x0, 0x0, 0x0,
    0xff, 0xf6, 0x66, 0x66, 0x66, 0x64, 0xff, 0xff,
    0xff, 0xff, 0xff, 0xfa, 0xff, 0xff, 0xff, 0xff,
    0xff, 0xfa,

    /* U+0113 "ē" */
    0x0, 0xf, 0xff, 0xff, 0xff, 0xa0, 0x0, 0x0,
    0xaa, 0xaa, 0xaa, 0xa6, 0x0, 0x0, 0x0, 0x0,
    0x0, 0x0, 0x0, 0x0, 0x0, 0x0, 0x0, 0x0,
    0x0, 0x0, 0x0, 0x1, 0x8d, 0xfe, 0xc7, 0x0,
    0x0, 0x4, 0xef, 0xff, 0xff, 0xfd, 0x10, 0x2,
    0xff, 0xf8, 0x44, 0x9f, 0xfc, 0x0, 0xaf, 0xf3,
    0x0, 0x0, 0x6f, 0xf5, 0xf, 0xfb, 0x0, 0x0,
    0x0, 0xef, 0xa1, 0xff, 0xff, 0xff, 0xff, 0xff,
    0xfc, 0x1f, 0xff, 0xdd, 0xdd, 0xdd, 0xdd, 0xb0,
    0xff, 0xc0, 0x0, 0x0, 0x0, 0x0, 0x9, 0xff,
    0x70, 0x0, 0x0, 0x60, 0x0, 0x1e, 0xff, 0xc7,
    0x67, 0xdf, 0x90, 0x0, 0x3d, 0xff, 0xff, 0xff,
    0xf9, 0x0, 0x0, 0x7, 0xce, 0xfe, 0xa4, 0x0,

    /* U+0114 "Ĕ" */
    0x0, 0xfd, 0x0, 0x7, 0xf5, 0x0, 0x0, 0x8f,
    0xd9, 0xbf, 0xd1, 0x0, 0x0, 0x6, 0xdf, 0xea,
    0x10, 0x0, 0x0, 0x0, 0x0, 0x0, 0x0, 0x0,
    0xff, 0xff, 0xff, 0xff, 0xff, 0xf5, 0xff, 0xff,
    0xff, 0xff, 0xff, 0xf5, 0xff, 0xf6, 0x66, 0x66,
    0x66, 0x62, 0xff, 0xe0, 0x0, 0x0, 0x0, 0x0,
    0xff, 0xe0, 0x0, 0x0, 0x0, 0x0, 0xff, 0xe0,
    0x0, 0x0, 0x0, 0x0, 0xff, 0xe0, 0x0, 0x0,
    0x0, 0x0, 0xff, 0xff, 0xff, 0xff, 0xff, 0x50,
    0xff, 0xff, 0xff, 0xff, 0xff, 0x50, 0xff, 0xf6,
    0x66, 0x66, 0x66, 0x20, 0xff, 0xe0, 0x0, 0x0,
    0x0, 0x0, 0xff, 0xe0, 0x0, 0x0, 0x0, 0x0,
    0xff, 0xe0, 0x0, 0x0, 0x0, 0x0, 0xff, 0xf6,
    0x66, 0x66, 0x66, 0x64, 0xff, 0xff, 0xff, 0xff,
    0xff, 0xfa, 0xff, 0xff, 0xff, 0xff, 0xff, 0xfa,

    /* U+0115 "ĕ" */
    0x0, 0xd, 0xf0, 0x0, 0x4f, 0x80, 0x0, 0x0,
    0x8f, 0x91, 0x2c, 0xf3, 0x0, 0x0, 0x0, 0xcf,
    0xff, 0xf7, 0x0, 0x0, 0x0, 0x0, 0x47, 0x62,
    0x0, 0x0, 0x0, 0x0, 0x0, 0x0, 0x0, 0x0,
    0x0, 0x0, 0x18, 0xdf, 0xec, 0x70, 0x0, 0x0,
    0x4e, 0xff, 0xff, 0xff, 0xd1, 0x0, 0x2f, 0xff,
    0x84, 0x49, 0xff, 0xc0, 0xa, 0xff, 0x30, 0x0,
    0x6, 0xff, 0x50, 0xff, 0xb0, 0x0, 0x0, 0xe,
    0xfa, 0x1f, 0xff, 0xff, 0xff, 0xff, 0xff, 0xc1,
    0xff, 0xfd, 0xdd, 0xdd, 0xdd, 0xdb, 0xf, 0xfc,
    0x0, 0x0, 0x0, 0x0, 0x0, 0x9f, 0xf7, 0x0,
    0x0, 0x6, 0x0, 0x1, 0xef, 0xfc, 0x76, 0x7d,
    0xf9, 0x0, 0x3, 0xdf, 0xff, 0xff, 0xff, 0x90,
    0x0, 0x0, 0x7c, 0xef, 0xea, 0x40, 0x0,

    /* U+0116 "Ė" */
    0x0, 0x0, 0x1, 0x0, 0x0, 0x0, 0x0, 0x0,
    0x8f, 0xd0, 0x0, 0x0, 0x0, 0x0, 0xdf, 0xf3,
    0x0, 0x0, 0x0, 0x0, 0x6f, 0xb0, 0x0, 0x0,
    0x0, 0x0, 0x0, 0x0, 0x0, 0x0, 0xff, 0xff,
    0xff, 0xff, 0xff, 0xf5, 0xff, 0xff, 0xff, 0xff,
    0xff, 0xf5, 0xff, 0xf6, 0x66, 0x66, 0x66, 0x62,
    0xff, 0xe0, 0x0, 0x0, 0x0, 0x0, 0xff, 0xe0,
    0x0, 0x0, 0x0, 0x0, 0xff, 0xe0, 0x0, 0x0,
    0x0, 0x0, 0xff, 0xe0, 0x0, 0x0, 0x0, 0x0,
    0xff, 0xff, 0xff, 0xff, 0xff, 0x50, 0xff, 0xff,
    0xff, 0xff, 0xff, 0x50, 0xff, 0xf6, 0x66, 0x66,
    0x66, 0x20, 0xff, 0xe0, 0x0, 0x0, 0x0, 0x0,
    0xff, 0xe0, 0x0, 0x0, 0x0, 0x0, 0xff, 0xe0,
    0x0, 0x0, 0x0, 0x0, 0xff, 0xf6, 0x66, 0x66,
    0x66, 0x64, 0xff, 0xff, 0xff, 0xff, 0xff, 0xfa,
    0xff, 0xff, 0xff, 0xff, 0xff, 0xfa,

    /* U+0117 "ė" */
    0x0, 0x0, 0x0, 0x64, 0x0, 0x0, 0x0, 0x0,
    0x0, 0x9f, 0xf3, 0x0, 0x0, 0x0, 0x0, 0x9,
    0xff, 0x40, 0x0, 0x0, 0x0, 0x0, 0x19, 0x70,
    0x0, 0x0, 0x0, 0x0, 0x0, 0x0, 0x0, 0x0,
    0x0, 0x0, 0x0, 0x0, 0x0, 0x0, 0x0, 0x0,
    0x1, 0x8d, 0xfe, 0xc7, 0x0, 0x0, 0x4, 0xef,
    0xff, 0xff, 0xfd, 0x10, 0x2, 0xff, 0xf8, 0x44,
    0x9f, 0xfc, 0x0, 0xaf, 0xf3, 0x0, 0x0, 0x6f,
    0xf5, 0xf, 0xfb, 0x0, 0x0, 0x0, 0xef, 0xa1,
    0xff, 0xff, 0xff, 0xff, 0xff, 0xfc, 0x1f, 0xff,
    0xdd, 0xdd, 0xdd, 0xdd, 0xb0, 0xff, 0xc0, 0x0,
    0x0, 0x0, 0x0, 0x9, 0xff, 0x70, 0x0, 0x0,
    0x60, 0x0, 0x1e, 0xff, 0xc7, 0x67, 0xdf, 0x90,
    0x0, 0x3d, 0xff, 0xff, 0xff, 0xf9, 0x0, 0x0,
    0x7, 0xce, 0xfe, 0xa4, 0x0,

    /* U+0118 "Ę" */
    0xff, 0xff, 0xff, 0xff, 0xff, 0xf5, 0xf, 0xff,
    0xff, 0xff, 0xff, 0xff, 0x50, 0xff, 0xf6, 0x66,
    0x66, 0x66, 0x62, 0xf, 0xfe, 0x0, 0x0, 0x0,
    0x0, 0x0, 0xff, 0xe0, 0x0, 0x0, 0x0, 0x0,
    0xf, 0xfe, 0x0, 0x0, 0x0, 0x0, 0x0, 0xff,
    0xe0, 0x0, 0x0, 0x0, 0x0, 0xf, 0xff, 0xff,
    0xff, 0xff, 0xf5, 0x0, 0xff, 0xff, 0xff, 0xff,
    0xff, 0x50, 0xf, 0xff, 0x66, 0x66, 0x66, 0x62,
    0x0, 0xff, 0xe0, 0x0, 0x0, 0x0, 0x0, 0xf,
    0xfe, 0x0, 0x0, 0x0, 0x0, 0x0, 0xff, 0xe0,
    0x0, 0x0, 0x0, 0x0, 0xf, 0xff, 0x66, 0x66,
    0x66, 0x66, 0x40, 0xff, 0xff, 0xff, 0xff, 0xff,
    0xfa, 0xf, 0xff, 0xff, 0xff, 0xff, 0xff, 0xc0,
    0x0, 0x0, 0x0, 0x0, 0xbf, 0x91, 0x0, 0x0,
    0x0, 0x0, 0x8f, 0x60, 0x0, 0x0, 0x0, 0x0,
    0xc, 0xf1, 0x0, 0x0, 0x0, 0x0, 0x0, 0x9f,
    0xc8, 0x90, 0x0, 0x0, 0x0, 0x1, 0xae, 0xfb,
    0x0,

    /* U+0119 "ę" */
    0x0, 0x1, 0x8d, 0xfe, 0xc7, 0x0, 0x0, 0x4,
    0xef, 0xff, 0xff, 0xfd, 0x10, 0x2, 0xff, 0xf8,
    0x44, 0x9f, 0xfc, 0x0, 0xaf, 0xf3, 0x0, 0x0,
    0x6f, 0xf5, 0xf, 0xfb, 0x0, 0x0, 0x0, 0xef,
    0xa1, 0xff, 0xff, 0xff, 0xff, 0xff, 0xfc, 0x1f,
    0xff, 0xdd, 0xdd, 0xdd, 0xdd, 0xb0, 0xff, 0xc0,
    0x0, 0x0, 0x0, 0x0, 0x9, 0xff, 0x70, 0x0,
    0x0, 0x60, 0x0, 0x1e, 0xff, 0xc7, 0x67, 0xdf,
    0x90, 0x0, 0x3d, 0xff, 0xff, 0xff, 0xf9, 0x0,
    0x0, 0x7, 0xce, 0xff, 0xf7, 0x0, 0x0, 0x0,
    0x0, 0x7, 0xf8, 0x0, 0x0, 0x0, 0x0, 0x0,
    0xee, 0x0, 0x0, 0x0, 0x0, 0x0, 0x1f, 0xc0,
    0x0, 0x0, 0x0, 0x0, 0x0, 0xdf, 0xa9, 0x60,
    0x0, 0x0, 0x0, 0x3, 0xcf, 0xe8, 0x0,

    /* U+011A "Ě" */
    0x2, 0xef, 0x60, 0x2d, 0xf6, 0x0, 0x0, 0x2e,
    0xfc, 0xef, 0x60, 0x0, 0x0, 0x2, 0xff, 0xf7,
    0x0, 0x0, 0x0, 0x0, 0x0, 0x0, 0x0, 0x0,
    0xff, 0xff, 0xff, 0xff, 0xff, 0xf5, 0xff, 0xff,
    0xff, 0xff, 0xff, 0xf5, 0xff, 0xf6, 0x66, 0x66,
    0x66, 0x62, 0xff, 0xe0, 0x0, 0x0, 0x0, 0x0,
    0xff, 0xe0, 0x0, 0x0, 0x0, 0x0, 0xff, 0xe0,
    0x0, 0x0, 0x0, 0x0, 0xff, 0xe0, 0x0, 0x0,
    0x0, 0x0, 0xff, 0xff, 0xff, 0xff, 0xff, 0x50,
    0xff, 0xff, 0xff, 0xff, 0xff, 0x50, 0xff, 0xf6,
    0x66, 0x66, 0x66, 0x20, 0xff, 0xe0, 0x0, 0x0,
    0x0, 0x0, 0xff, 0xe0, 0x0, 0x0, 0x0, 0x0,
    0xff, 0xe0, 0x0, 0x0, 0x0, 0x0, 0xff, 0xf6,
    0x66, 0x66, 0x66, 0x64, 0xff, 0xff, 0xff, 0xff,
    0xff, 0xfa, 0xff, 0xff, 0xff, 0xff, 0xff, 0xfa,

    /* U+011B "ě" */
    0x0, 0x1d, 0xf7, 0x0, 0xbf, 0x90, 0x0, 0x0,
    0x2e, 0xf9, 0xcf, 0xb0, 0x0, 0x0, 0x0, 0x3f,
    0xff, 0xc0, 0x0, 0x0, 0x0, 0x0, 0x35, 0x51,
    0x0, 0x0, 0x0, 0x0, 0x0, 0x0, 0x0, 0x0,
    0x0, 0x0, 0x18, 0xdf, 0xec, 0x70, 0x0, 0x0,
    0x4e, 0xff, 0xff, 0xff, 0xd1, 0x0, 0x2f, 0xff,
    0x84, 0x49, 0xff, 0xc0, 0xa, 0xff, 0x30, 0x0,
    0x6, 0xff, 0x50, 0xff, 0xb0, 0x0, 0x0, 0xe,
    0xfa, 0x1f, 0xff, 0xff, 0xff, 0xff, 0xff, 0xc1,
    0xff, 0xfd, 0xdd, 0xdd, 0xdd, 0xdb, 0xf, 0xfc,
    0x0, 0x0, 0x0, 0x0, 0x0, 0x9f, 0xf7, 0x0,
    0x0, 0x6, 0x0, 0x1, 0xef, 0xfc, 0x76, 0x7d,
    0xf9, 0x0, 0x3, 0xdf, 0xff, 0xff, 0xff, 0x90,
    0x0, 0x0, 0x7c, 0xef, 0xea, 0x40, 0x0,

    /* U+011C "Ĝ" */
    0x0, 0x0, 0x0, 0xa, 0xff, 0xc0, 0x0, 0x0,
    0x0, 0x0, 0x0, 0x9f, 0xed, 0xfc, 0x0, 0x0,
    0x0, 0x0, 0x9, 0xfb, 0x0, 0x8f, 0xc0, 0x0,
    0x0, 0x0, 0x0, 0x0, 0x0, 0x0, 0x0, 0x0,
    0x0, 0x0, 0x2, 0x8c, 0xef, 0xeb, 0x71, 0x0,
    0x0, 0x0, 0xaf, 0xff, 0xff, 0xff, 0xfe, 0x50,
    0x0, 0xd, 0xff, 0xfd, 0x98, 0xae, 0xff, 0xf3,
    0x0, 0xaf, 0xfe, 0x40, 0x0, 0x0, 0x6f, 0x80,
    0x4, 0xff, 0xe2, 0x0, 0x0, 0x0, 0x1, 0x0,
    0xa, 0xff, 0x60, 0x0, 0x0, 0x0, 0x0, 0x0,
    0xe, 0xff, 0x0, 0x0, 0x0, 0x0, 0x0, 0x0,
    0xf, 0xfe, 0x0, 0x0, 0x0, 0x0, 0x12, 0x20,
    0xf, 0xfe, 0x0, 0x0, 0x0, 0x0, 0x6f, 0xf4,
    0xe, 0xff, 0x10, 0x0, 0x0, 0x0, 0x6f, 0xf4,
    0xa, 0xff, 0x60, 0x0, 0x0, 0x0, 0x6f, 0xf4,
    0x4, 0xff, 0xe2, 0x0, 0x0, 0x0, 0x6f, 0xf4,
    0x0, 0xbf, 0xfe, 0x40, 0x0, 0x0, 0xbf, 0xf4,
    0x0, 0xd, 0xff, 0xfd, 0x98, 0xad, 0xff, 0xf5,
    0x0, 0x0, 0xaf, 0xff, 0xff, 0xff, 0xff, 0x80,
    0x0, 0x0, 0x3, 0x9d, 0xff, 0xeb, 0x71, 0x0,

    /* U+011D "ĝ" */
    0x0, 0x0, 0x6, 0xff, 0xf2, 0x0, 0x0, 0x0,
    0x0, 0x5f, 0xd5, 0xfe, 0x20, 0x0, 0x0, 0x5,
    0xfd, 0x10, 0x4f, 0xe2, 0x0, 0x0, 0x0, 0x0,
    0x0, 0x0, 0x0, 0x0, 0x0, 0x0, 0x0, 0x0,
    0x0, 0x0, 0x0, 0x0, 0x2, 0x9d, 0xfe, 0xb5,
    0x2f, 0xf7, 0x0, 0x6f, 0xff, 0xff, 0xff, 0xcf,
    0xf7, 0x4, 0xff, 0xf9, 0x44, 0x6d, 0xff, 0xf7,
    0xc, 0xff, 0x40, 0x0, 0x0, 0xff, 0xf7, 0xf,
    0xfc, 0x0, 0x0, 0x0, 0x7f, 0xf7, 0x2f, 0xfa,
    0x0, 0x0, 0x0, 0x5f, 0xf7, 0xf, 0xfd, 0x0,
    0x0, 0x0, 0x9f, 0xf7, 0xc, 0xff, 0x60, 0x0,
    0x2, 0xff, 0xf7, 0x4, 0xff, 0xfb, 0x66, 0x9f,
    0xff, 0xf7, 0x0, 0x6f, 0xff, 0xff, 0xff, 0xef,
    0xf7, 0x0, 0x2, 0x9d, 0xfe, 0xb5, 0x5f, 0xf6,
    0x0, 0x0, 0x0, 0x0, 0x0, 0x8f, 0xf5, 0x0,
    0x63, 0x0, 0x0, 0x1, 0xff, 0xf1, 0x2, 0xff,
    0xc8, 0x66, 0x9e, 0xff, 0x90, 0x4, 0xef, 0xff,
    0xff, 0xff, 0xfb, 0x0, 0x0, 0x6, 0xad, 0xff,
    0xeb, 0x50, 0x0,

    /* U+011E "Ğ" */
    0x0, 0x0, 0x5, 0x81, 0x0, 0x7, 0x60, 0x0,
    0x0, 0x0, 0x7, 0xf7, 0x0, 0x3f, 0xb0, 0x0,
    0x0, 0x0, 0x1, 0xef, 0xa9, 0xff, 0x30, 0x0,
    0x0, 0x0, 0x0, 0x2a, 0xee, 0xb3, 0x0, 0x0,
    0x0, 0x0, 0x0, 0x0, 0x0, 0x0, 0x0, 0x0,
    0x0, 0x0, 0x2, 0x8c, 0xef, 0xeb, 0x71, 0x0,
    0x0, 0x0, 0xaf, 0xff, 0xff, 0xff, 0xfe, 0x50,
    0x0, 0xd, 0xff, 0xfd, 0x98, 0xae, 0xff, 0xf3,
    0x0, 0xaf, 0xfe, 0x40, 0x0, 0x0, 0x6f, 0x80,
    0x4, 0xff, 0xe2, 0x0, 0x0, 0x0, 0x1, 0x0,
    0xa, 0xff, 0x60, 0x0, 0x0, 0x0, 0x0, 0x0,
    0xe, 0xff, 0x0, 0x0, 0x0, 0x0, 0x0, 0x0,
    0xf, 0xfe, 0x0, 0x0, 0x0, 0x0, 0x12, 0x20,
    0xf, 0xfe, 0x0, 0x0, 0x0, 0x0, 0x6f, 0xf4,
    0xe, 0xff, 0x10, 0x0, 0x0, 0x0, 0x6f, 0xf4,
    0xa, 0xff, 0x60, 0x0, 0x0, 0x0, 0x6f, 0xf4,
    0x4, 0xff, 0xe2, 0x0, 0x0, 0x0, 0x6f, 0xf4,
    0x0, 0xbf, 0xfe, 0x40, 0x0, 0x0, 0xbf, 0xf4,
    0x0, 0xd, 0xff, 0xfd, 0x98, 0xad, 0xff, 0xf5,
    0x0, 0x0, 0xaf, 0xff, 0xff, 0xff, 0xff, 0x80,
    0x0, 0x0, 0x3, 0x9d, 0xff, 0xeb, 0x71, 0x0,

    /* U+011F "ğ" */
    0x0, 0x5, 0xf8, 0x0, 0xc, 0xf1, 0x0, 0x0,
    0x0, 0xdf, 0xb9, 0xcf, 0xa0, 0x0, 0x0, 0x0,
    0x19, 0xef, 0xd7, 0x0, 0x0, 0x0, 0x0, 0x0,
    0x0, 0x0, 0x0, 0x0, 0x0, 0x0, 0x0, 0x0,
    0x0, 0x0, 0x0, 0x0, 0x2, 0x9d, 0xfe, 0xb5,
    0x2f, 0xf7, 0x0, 0x6f, 0xff, 0xff, 0xff, 0xcf,
    0xf7, 0x4, 0xff, 0xf9, 0x44, 0x6d, 0xff, 0xf7,
    0xc, 0xff, 0x40, 0x0, 0x0, 0xff, 0xf7, 0xf,
    0xfc, 0x0, 0x0, 0x0, 0x7f, 0xf7, 0x2f, 0xfa,
    0x0, 0x0, 0x0, 0x5f, 0xf7, 0xf, 0xfd, 0x0,
    0x0, 0x0, 0x9f, 0xf7, 0xc, 0xff, 0x60, 0x0,
    0x2, 0xff, 0xf7, 0x4, 0xff, 0xfb, 0x66, 0x9f,
    0xff, 0xf7, 0x0, 0x6f, 0xff, 0xff, 0xff, 0xef,
    0xf7, 0x0, 0x2, 0x9d, 0xfe, 0xb5, 0x5f, 0xf6,
    0x0, 0x0, 0x0, 0x0, 0x0, 0x8f, 0xf5, 0x0,
    0x63, 0x0, 0x0, 0x1, 0xff, 0xf1, 0x2, 0xff,
    0xc8, 0x66, 0x9e, 0xff, 0x90, 0x4, 0xef, 0xff,
    0xff, 0xff, 0xfb, 0x0, 0x0, 0x6, 0xad, 0xff,
    0xeb, 0x50, 0x0,

    /* U+0120 "Ġ" */
    0x0, 0x0, 0x0, 0x0, 0x1, 0x0, 0x0, 0x0,
    0x0, 0x0, 0x0, 0x2, 0xff, 0x50, 0x0, 0x0,
    0x0, 0x0, 0x0, 0x6, 0xff, 0x90, 0x0, 0x0,
    0x0, 0x0, 0x0, 0x1, 0xde, 0x30, 0x0, 0x0,
    0x0, 0x0, 0x0, 0x0, 0x0, 0x0, 0x0, 0x0,
    0x0, 0x0, 0x2, 0x8c, 0xef, 0xeb, 0x71, 0x0,
    0x0, 0x0, 0xaf, 0xff, 0xff, 0xff, 0xfe, 0x50,
    0x0, 0xd, 0xff, 0xfd, 0x98, 0xae, 0xff, 0xf3,
    0x0, 0xaf, 0xfe, 0x40, 0x0, 0x0, 0x6f, 0x80,
    0x4, 0xff, 0xe2, 0x0, 0x0, 0x0, 0x1, 0x0,
    0xa, 0xff, 0x60, 0x0, 0x0, 0x0, 0x0, 0x0,
    0xe, 0xff, 0x0, 0x0, 0x0, 0x0, 0x0, 0x0,
    0xf, 0xfe, 0x0, 0x0, 0x0, 0x0, 0x12, 0x20,
    0xf, 0xfe, 0x0, 0x0, 0x0, 0x0, 0x6f, 0xf4,
    0xe, 0xff, 0x10, 0x0, 0x0, 0x0, 0x6f, 0xf4,
    0xa, 0xff, 0x60, 0x0, 0x0, 0x0, 0x6f, 0xf4,
    0x4, 0xff, 0xe2, 0x0, 0x0, 0x0, 0x6f, 0xf4,
    0x0, 0xbf, 0xfe, 0x40, 0x0, 0x0, 0xbf, 0xf4,
    0x0, 0xd, 0xff, 0xfd, 0x98, 0xad, 0xff, 0xf5,
    0x0, 0x0, 0xaf, 0xff, 0xff, 0xff, 0xff, 0x80,
    0x0, 0x0, 0x3, 0x9d, 0xff, 0xeb, 0x71, 0x0,

    /* U+0121 "ġ" */
    0x0, 0x0, 0x0, 0x37, 0x10, 0x0, 0x0, 0x0,
    0x0, 0x1, 0xff, 0xc0, 0x0, 0x0, 0x0, 0x0,
    0x1, 0xff, 0xd0, 0x0, 0x0, 0x0, 0x0, 0x0,
    0x59, 0x30, 0x0, 0x0, 0x0, 0x0, 0x0, 0x0,
    0x0, 0x0, 0x0, 0x0, 0x0, 0x0, 0x0, 0x0,
    0x0, 0x0, 0x0, 0x2, 0x9d, 0xfe, 0xb5, 0x2f,
    0xf7, 0x0, 0x6f, 0xff, 0xff, 0xff, 0xcf, 0xf7,
    0x4, 0xff, 0xf9, 0x44, 0x6d, 0xff, 0xf7, 0xc,
    0xff, 0x40, 0x0, 0x0, 0xff, 0xf7, 0xf, 0xfc,
    0x0, 0x0, 0x0, 0x7f, 0xf7, 0x2f, 0xfa, 0x0,
    0x0, 0x0, 0x5f, 0xf7, 0xf, 0xfd, 0x0, 0x0,
    0x0, 0x9f, 0xf7, 0xc, 0xff, 0x60, 0x0, 0x2,
    0xff, 0xf7, 0x4, 0xff, 0xfb, 0x66, 0x9f, 0xff,
    0xf7, 0x0, 0x6f, 0xff, 0xff, 0xff, 0xef, 0xf7,
    0x0, 0x2, 0x9d, 0xfe, 0xb5, 0x5f, 0xf6, 0x0,
    0x0, 0x0, 0x0, 0x0, 0x8f, 0xf5, 0x0, 0x63,
    0x0, 0x0, 0x1, 0xff, 0xf1, 0x2, 0xff, 0xc8,
    0x66, 0x9e, 0xff, 0x90, 0x4, 0xef, 0xff, 0xff,
    0xff, 0xfb, 0x0, 0x0, 0x6, 0xad, 0xff, 0xeb,
    0x50, 0x0,

    /* U+0122 "Ģ" */
    0x0, 0x0, 0x2, 0x8c, 0xef, 0xeb, 0x71, 0x0,
    0x0, 0x0, 0xaf, 0xff, 0xff, 0xff, 0xfe, 0x50,
    0x0, 0xd, 0xff, 0xfd, 0x98, 0xae, 0xff, 0xf3,
    0x0, 0xaf, 0xfe, 0x40, 0x0, 0x0, 0x6f, 0x80,
    0x4, 0xff, 0xe2, 0x0, 0x0, 0x0, 0x1, 0x0,
    0xa, 0xff, 0x60, 0x0, 0x0, 0x0, 0x0, 0x0,
    0xe, 0xff, 0x0, 0x0, 0x0, 0x0, 0x0, 0x0,
    0xf, 0xfe, 0x0, 0x0, 0x0, 0x0, 0x12, 0x20,
    0xf, 0xfe, 0x0, 0x0, 0x0, 0x0, 0x6f, 0xf4,
    0xe, 0xff, 0x10, 0x0, 0x0, 0x0, 0x6f, 0xf4,
    0xa, 0xff, 0x60, 0x0, 0x0, 0x0, 0x6f, 0xf4,
    0x4, 0xff, 0xe2, 0x0, 0x0, 0x0, 0x6f, 0xf4,
    0x0, 0xbf, 0xfe, 0x40, 0x0, 0x0, 0xbf, 0xf4,
    0x0, 0xd, 0xff, 0xfd, 0x98, 0xad, 0xff, 0xf5,
    0x0, 0x0, 0xaf, 0xff, 0xff, 0xff, 0xff, 0x80,
    0x0, 0x0, 0x3, 0x9d, 0xff, 0xeb, 0x71, 0x0,
    0x0, 0x0, 0x0, 0x0, 0x0, 0x0, 0x0, 0x0,
    0x0, 0x0, 0x0, 0x0, 0x43, 0x0, 0x0, 0x0,
    0x0, 0x0, 0x0, 0x4, 0xff, 0x20, 0x0, 0x0,
    0x0, 0x0, 0x0, 0x2, 0xff, 0x10, 0x0, 0x0,
    0x0, 0x0, 0x0, 0x0, 0xda, 0x0, 0x0, 0x0,
    0x0, 0x0, 0x0, 0x0, 0x72, 0x0, 0x0, 0x0,

    /* U+0123 "ģ" */
    0x0, 0x0, 0x0, 0x7, 0x50, 0x0, 0x0, 0x0,
    0x0, 0x0, 0x3f, 0x60, 0x0, 0x0, 0x0, 0x0,
    0x0, 0x9f, 0x20, 0x0, 0x0, 0x0, 0x0, 0x0,
    0xff, 0x80, 0x0, 0x0, 0x0, 0x0, 0x0, 0xff,
    0xb0, 0x0, 0x0, 0x0, 0x0, 0x0, 0x14, 0x10,
    0x0, 0x0, 0x0, 0x0, 0x0, 0x0, 0x0, 0x0,
    0x0, 0x0, 0x2, 0x9d, 0xfe, 0xb5, 0x2f, 0xf7,
    0x0, 0x6f, 0xff, 0xff, 0xff, 0xcf, 0xf7, 0x4,
    0xff, 0xf9, 0x44, 0x6d, 0xff, 0xf7, 0xc, 0xff,
    0x40, 0x0, 0x0, 0xff, 0xf7, 0xf, 0xfc, 0x0,
    0x0, 0x0, 0x7f, 0xf7, 0x2f, 0xfa, 0x0, 0x0,
    0x0, 0x5f, 0xf7, 0xf, 0xfd, 0x0, 0x0, 0x0,
    0x9f, 0xf7, 0xc, 0xff, 0x60, 0x0, 0x2, 0xff,
    0xf7, 0x4, 0xff, 0xfb, 0x66, 0x9f, 0xff, 0xf7,
    0x0, 0x6f, 0xff, 0xff, 0xff, 0xef, 0xf7, 0x0,
    0x2, 0x9d, 0xfe, 0xb5, 0x5f, 0xf6, 0x0, 0x0,
    0x0, 0x0, 0x0, 0x8f, 0xf5, 0x0, 0x63, 0x0,
    0x0, 0x1, 0xff, 0xf1, 0x2, 0xff, 0xc8, 0x66,
    0x9e, 0xff, 0x90, 0x4, 0xef, 0xff, 0xff, 0xff,
    0xfb, 0x0, 0x0, 0x6, 0xad, 0xff, 0xeb, 0x50,
    0x0,

    /* U+0124 "Ĥ" */
    0x0, 0x0, 0xc, 0xff, 0xa0, 0x0, 0x0, 0x0,
    0x0, 0xcf, 0xde, 0xf9, 0x0, 0x0, 0x0, 0xc,
    0xf8, 0x0, 0xbf, 0x90, 0x0, 0x0, 0x0, 0x0,
    0x0, 0x0, 0x0, 0x0, 0xff, 0xe0, 0x0, 0x0,
    0x0, 0x1f, 0xfc, 0xff, 0xe0, 0x0, 0x0, 0x0,
    0x1f, 0xfc, 0xff, 0xe0, 0x0, 0x0, 0x0, 0x1f,
    0xfc, 0xff, 0xe0, 0x0, 0x0, 0x0, 0x1f, 0xfc,
    0xff, 0xe0, 0x0, 0x0, 0x0, 0x1f, 0xfc, 0xff,
    0xe0, 0x0, 0x0, 0x0, 0x1f, 0xfc, 0xff, 0xe0,
    0x0, 0x0, 0x0, 0x1f, 0xfc, 0xff, 0xff, 0xff,
    0xff, 0xff, 0xff, 0xfc, 0xff, 0xff, 0xff, 0xff,
    0xff, 0xff, 0xfc, 0xff, 0xf7, 0x77, 0x77, 0x77,
    0x9f, 0xfc, 0xff, 0xe0, 0x0, 0x0, 0x0, 0x1f,
    0xfc, 0xff, 0xe0, 0x0, 0x0, 0x0, 0x1f, 0xfc,
    0xff, 0xe0, 0x0, 0x0, 0x0, 0x1f, 0xfc, 0xff,
    0xe0, 0x0, 0x0, 0x0, 0x1f, 0xfc, 0xff, 0xe0,
    0x0, 0x0, 0x0, 0x1f, 0xfc, 0xff, 0xe0, 0x0,
    0x0, 0x0, 0x1f, 0xfc,

    /* U+0125 "ĥ" */
    0x0, 0x2, 0x88, 0x50, 0x0, 0x0, 0x0, 0x0,
    0x0, 0x2e, 0xff, 0xf6, 0x0, 0x0, 0x0, 0x0,
    0x2, 0xef, 0x73, 0xef, 0x60, 0x0, 0x0, 0x0,
    0x6, 0x84, 0x0, 0x17, 0x71, 0x0, 0x0, 0x0,
    0x0, 0x3, 0xff, 0x80, 0x0, 0x0, 0x0, 0x0,
    0x0, 0x3, 0xff, 0x80, 0x0, 0x0, 0x0, 0x0,
    0x0, 0x3, 0xff, 0x80, 0x0, 0x0, 0x0, 0x0,
    0x0, 0x3, 0xff, 0x80, 0x0, 0x0, 0x0, 0x0,
    0x0, 0x3, 0xff, 0x80, 0x0, 0x0, 0x0, 0x0,
    0x0, 0x3, 0xff, 0x83, 0xae, 0xfe, 0x92, 0x0,
    0x0, 0x3, 0xff, 0xef, 0xff, 0xff, 0xff, 0x30,
    0x0, 0x3, 0xff, 0xff, 0xa7, 0x8e, 0xff, 0xd0,
    0x0, 0x3, 0xff, 0xf5, 0x0, 0x1, 0xef, 0xf2,
    0x0, 0x3, 0xff, 0xc0, 0x0, 0x0, 0x8f, 0xf4,
    0x0, 0x3, 0xff, 0x90, 0x0, 0x0, 0x6f, 0xf5,
    0x0, 0x3, 0xff, 0x80, 0x0, 0x0, 0x6f, 0xf6,
    0x0, 0x3, 0xff, 0x80, 0x0, 0x0, 0x6f, 0xf6,
    0x0, 0x3, 0xff, 0x80, 0x0, 0x0, 0x6f, 0xf6,
    0x0, 0x3, 0xff, 0x80, 0x0, 0x0, 0x6f, 0xf6,
    0x0, 0x3, 0xff, 0x80, 0x0, 0x0, 0x6f, 0xf6,
    0x0, 0x3, 0xff, 0x80, 0x0, 0x0, 0x6f, 0xf6,

    /* U+0126 "Ħ" */
    0x0, 0xbf, 0xf2, 0x0, 0x0, 0x0, 0xe, 0xff,
    0x0, 0x0, 0xb, 0xff, 0x20, 0x0, 0x0, 0x0,
    0xef, 0xf0, 0x0, 0x12, 0xdf, 0xf5, 0x22, 0x22,
    0x22, 0x2f, 0xff, 0x22, 0xc, 0xff, 0xff, 0xff,
    0xff, 0xff, 0xff, 0xff, 0xff, 0xf1, 0xcf, 0xff,
    0xff, 0xff, 0xff, 0xff, 0xff, 0xff, 0xff, 0x10,
    0xb, 0xff, 0x20, 0x0, 0x0, 0x0, 0xef, 0xf0,
    0x0, 0x0, 0xbf, 0xf2, 0x0, 0x0, 0x0, 0xe,
    0xff, 0x0, 0x0, 0xb, 0xff, 0xff, 0xff, 0xff,
    0xff, 0xff, 0xf0, 0x0, 0x0, 0xbf, 0xff, 0xff,
    0xff, 0xff, 0xff, 0xff, 0x0, 0x0, 0xb, 0xff,
    0x97, 0x77, 0x77, 0x77, 0xff, 0xf0, 0x0, 0x0,
    0xbf, 0xf2, 0x0, 0x0, 0x0, 0xe, 0xff, 0x0,
    0x0, 0xb, 0xff, 0x20, 0x0, 0x0, 0x0, 0xef,
    0xf0, 0x0, 0x0, 0xbf, 0xf2, 0x0, 0x0, 0x0,
    0xe, 0xff, 0x0, 0x0, 0xb, 0xff, 0x20, 0x0,
    0x0, 0x0, 0xef, 0xf0, 0x0, 0x0, 0xbf, 0xf2,
    0x0, 0x0, 0x0, 0xe, 0xff, 0x0, 0x0, 0xb,
    0xff, 0x20, 0x0, 0x0, 0x0, 0xef, 0xf0, 0x0,

    /* U+0127 "ħ" */
    0x0, 0xef, 0xd0, 0x0, 0x0, 0x0, 0x0, 0x0,
    0xef, 0xd0, 0x0, 0x0, 0x0, 0x0, 0xef, 0xff,
    0xff, 0xff, 0xa0, 0x0, 0x0, 0xbc, 0xff, 0xfc,
    0xcc, 0x70, 0x0, 0x0, 0x0, 0xef, 0xd0, 0x0,
    0x0, 0x0, 0x0, 0x0, 0xef, 0xd1, 0x8d, 0xfe,
    0xb4, 0x0, 0x0, 0xef, 0xfe, 0xff, 0xff, 0xff,
    0x60, 0x0, 0xef, 0xff, 0xc7, 0x7c, 0xff, 0xf1,
    0x0, 0xef, 0xfa, 0x0, 0x0, 0xbf, 0xf6, 0x0,
    0xef, 0xf1, 0x0, 0x0, 0x4f, 0xf9, 0x0, 0xef,
    0xe0, 0x0, 0x0, 0x2f, 0xfa, 0x0, 0xef, 0xd0,
    0x0, 0x0, 0x1f, 0xfa, 0x0, 0xef, 0xd0, 0x0,
    0x0, 0x1f, 0xfa, 0x0, 0xef, 0xd0, 0x0, 0x0,
    0x1f, 0xfa, 0x0, 0xef, 0xd0, 0x0, 0x0, 0x1f,
    0xfa, 0x0, 0xef, 0xd0, 0x0, 0x0, 0x1f, 0xfa,
    0x0, 0xef, 0xd0, 0x0, 0x0, 0x1f, 0xfa,

    /* U+0128 "Ĩ" */
    0x3, 0xde, 0x80, 0x9f, 0x0, 0xcf, 0xdf, 0xdf,
    0xc0, 0xf, 0x90, 0x8e, 0xd3, 0x0, 0x0, 0x0,
    0x0, 0x0, 0x0, 0xf, 0xfe, 0x0, 0x0, 0x0,
    0xff, 0xe0, 0x0, 0x0, 0xf, 0xfe, 0x0, 0x0,
    0x0, 0xff, 0xe0, 0x0, 0x0, 0xf, 0xfe, 0x0,
    0x0, 0x0, 0xff, 0xe0, 0x0, 0x0, 0xf, 0xfe,
    0x0, 0x0, 0x0, 0xff, 0xe0, 0x0, 0x0, 0xf,
    0xfe, 0x0, 0x0, 0x0, 0xff, 0xe0, 0x0, 0x0,
    0xf, 0xfe, 0x0, 0x0, 0x0, 0xff, 0xe0, 0x0,
    0x0, 0xf, 0xfe, 0x0, 0x0, 0x0, 0xff, 0xe0,
    0x0, 0x0, 0xf, 0xfe, 0x0, 0x0, 0x0, 0xff,
    0xe0, 0x0,

    /* U+0129 "ĩ" */
    0x6, 0xed, 0x61, 0xf8, 0xf, 0xdd, 0xff, 0xf4,
    0x1a, 0x30, 0x69, 0x50, 0x0, 0x0, 0x0, 0x0,
    0x0, 0x0, 0x0, 0x0, 0x0, 0x3f, 0xf8, 0x0,
    0x0, 0x3f, 0xf8, 0x0, 0x0, 0x3f, 0xf8, 0x0,
    0x0, 0x3f, 0xf8, 0x0, 0x0, 0x3f, 0xf8, 0x0,
    0x0, 0x3f, 0xf8, 0x0, 0x0, 0x3f, 0xf8, 0x0,
    0x0, 0x3f, 0xf8, 0x0, 0x0, 0x3f, 0xf8, 0x0,
    0x0, 0x3f, 0xf8, 0x0, 0x0, 0x3f, 0xf8, 0x0,
    0x0, 0x3f, 0xf8, 0x0,

    /* U+012A "Ī" */
    0x9f, 0xff, 0xff, 0x96, 0xaa, 0xaa, 0xa6, 0x0,
    0x0, 0x0, 0x0, 0xf, 0xfe, 0x0, 0x0, 0xff,
    0xe0, 0x0, 0xf, 0xfe, 0x0, 0x0, 0xff, 0xe0,
    0x0, 0xf, 0xfe, 0x0, 0x0, 0xff, 0xe0, 0x0,
    0xf, 0xfe, 0x0, 0x0, 0xff, 0xe0, 0x0, 0xf,
    0xfe, 0x0, 0x0, 0xff, 0xe0, 0x0, 0xf, 0xfe,
    0x0, 0x0, 0xff, 0xe0, 0x0, 0xf, 0xfe, 0x0,
    0x0, 0xff, 0xe0, 0x0, 0xf, 0xfe, 0x0, 0x0,
    0xff, 0xe0, 0x0,

    /* U+012B "ī" */
    0xef, 0xff, 0xff, 0x49, 0xaa, 0xaa, 0xa3, 0x0,
    0x0, 0x0, 0x0, 0x0, 0x0, 0x0, 0x3, 0xff,
    0x80, 0x0, 0x3f, 0xf8, 0x0, 0x3, 0xff, 0x80,
    0x0, 0x3f, 0xf8, 0x0, 0x3, 0xff, 0x80, 0x0,
    0x3f, 0xf8, 0x0, 0x3, 0xff, 0x80, 0x0, 0x3f,
    0xf8, 0x0, 0x3, 0xff, 0x80, 0x0, 0x3f, 0xf8,
    0x0, 0x3, 0xff, 0x80, 0x0, 0x3f, 0xf8, 0x0,

    /* U+012C "Ĭ" */
    0x2f, 0xb0, 0x0, 0xaf, 0x20, 0xbf, 0xc9, 0xcf,
    0xb0, 0x0, 0x8d, 0xfd, 0x80, 0x0, 0x0, 0x0,
    0x0, 0x0, 0x0, 0xf, 0xfe, 0x0, 0x0, 0x0,
    0xff, 0xe0, 0x0, 0x0, 0xf, 0xfe, 0x0, 0x0,
    0x0, 0xff, 0xe0, 0x0, 0x0, 0xf, 0xfe, 0x0,
    0x0, 0x0, 0xff, 0xe0, 0x0, 0x0, 0xf, 0xfe,
    0x0, 0x0, 0x0, 0xff, 0xe0, 0x0, 0x0, 0xf,
    0xfe, 0x0, 0x0, 0x0, 0xff, 0xe0, 0x0, 0x0,
    0xf, 0xfe, 0x0, 0x0, 0x0, 0xff, 0xe0, 0x0,
    0x0, 0xf, 0xfe, 0x0, 0x0, 0x0, 0xff, 0xe0,
    0x0, 0x0, 0xf, 0xfe, 0x0, 0x0, 0x0, 0xff,
    0xe0, 0x0,

    /* U+012D "ĭ" */
    0xf, 0xb0, 0x5, 0xf5, 0xb, 0xf3, 0x1b, 0xf2,
    0x2, 0xef, 0xff, 0x70, 0x0, 0x16, 0x63, 0x0,
    0x0, 0x0, 0x0, 0x0, 0x0, 0x3f, 0xf8, 0x0,
    0x0, 0x3f, 0xf8, 0x0, 0x0, 0x3f, 0xf8, 0x0,
    0x0, 0x3f, 0xf8, 0x0, 0x0, 0x3f, 0xf8, 0x0,
    0x0, 0x3f, 0xf8, 0x0, 0x0, 0x3f, 0xf8, 0x0,
    0x0, 0x3f, 0xf8, 0x0, 0x0, 0x3f, 0xf8, 0x0,
    0x0, 0x3f, 0xf8, 0x0, 0x0, 0x3f, 0xf8, 0x0,
    0x0, 0x3f, 0xf8, 0x0,

    /* U+012E "Į" */
    0xf, 0xfe, 0x0, 0xff, 0xe0, 0xf, 0xfe, 0x0,
    0xff, 0xe0, 0xf, 0xfe, 0x0, 0xff, 0xe0, 0xf,
    0xfe, 0x0, 0xff, 0xe0, 0xf, 0xfe, 0x0, 0xff,
    0xe0, 0xf, 0xfe, 0x0, 0xff, 0xe0, 0xf, 0xfe,
    0x0, 0xff, 0xe0, 0xf, 0xfe, 0x0, 0xff, 0xf0,
    0x6, 0xf7, 0x0, 0xfd, 0x0, 0x3f, 0xa0, 0x1,
    0xff, 0x94, 0x6, 0xef, 0x70,

    /* U+012F "į" */
    0x5, 0x71, 0x5, 0xff, 0xc0, 0x7f, 0xfd, 0x1,
    0xac, 0x40, 0x0, 0x0, 0x0, 0x0, 0x0, 0x3f,
    0xf8, 0x3, 0xff, 0x80, 0x3f, 0xf8, 0x3, 0xff,
    0x80, 0x3f, 0xf8, 0x3, 0xff, 0x80, 0x3f, 0xf8,
    0x3, 0xff, 0x80, 0x3f, 0xf8, 0x3, 0xff, 0x80,
    0x3f, 0xf8, 0x3, 0xff, 0xa0, 0xc, 0xe2, 0x5,
    0xf7, 0x0, 0x9f, 0x40, 0x7, 0xfc, 0x90, 0xa,
    0xfe, 0x20,

    /* U+0130 "İ" */
    0x0, 0x10, 0x0, 0xbf, 0xb0, 0xf, 0xff, 0x0,
    0x9f, 0x90, 0x0, 0x0, 0x0, 0xff, 0xe0, 0xf,
    0xfe, 0x0, 0xff, 0xe0, 0xf, 0xfe, 0x0, 0xff,
    0xe0, 0xf, 0xfe, 0x0, 0xff, 0xe0, 0xf, 0xfe,
    0x0, 0xff, 0xe0, 0xf, 0xfe, 0x0, 0xff, 0xe0,
    0xf, 0xfe, 0x0, 0xff, 0xe0, 0xf, 0xfe, 0x0,
    0xff, 0xe0, 0xf, 0xfe, 0x0,

    /* U+0131 "ı" */
    0x3f, 0xf8, 0x3f, 0xf8, 0x3f, 0xf8, 0x3f, 0xf8,
    0x3f, 0xf8, 0x3f, 0xf8, 0x3f, 0xf8, 0x3f, 0xf8,
    0x3f, 0xf8, 0x3f, 0xf8, 0x3f, 0xf8, 0x3f, 0xf8,

    /* U+0132 "Ĳ" */
    0x1f, 0xfc, 0x0, 0x0, 0x0, 0xef, 0xf1, 0xff,
    0xc0, 0x0, 0x0, 0xe, 0xff, 0x1f, 0xfc, 0x0,
    0x0, 0x0, 0xef, 0xf1, 0xff, 0xc0, 0x0, 0x0,
    0xe, 0xff, 0x1f, 0xfc, 0x0, 0x0, 0x0, 0xef,
    0xf1, 0xff, 0xc0, 0x0, 0x0, 0xe, 0xff, 0x1f,
    0xfc, 0x0, 0x0, 0x0, 0xef, 0xf1, 0xff, 0xc0,
    0x0, 0x0, 0xe, 0xff, 0x9, 0x97, 0x0, 0x0,
    0x0, 0xef, 0xf0, 0x0, 0x0, 0x0, 0x0, 0xf,
    0xfe, 0x0, 0x0, 0x0, 0x0, 0x1, 0xff, 0xc0,
    0x0, 0x0, 0x0, 0x0, 0x6f, 0xf8, 0x7, 0x71,
    0x0, 0x0, 0x2e, 0xff, 0x20, 0xef, 0xfb, 0x98,
    0xbf, 0xff, 0x80, 0x2d, 0xff, 0xff, 0xff, 0xff,
    0x90, 0x0, 0x4, 0xad, 0xff, 0xda, 0x40, 0x0,

    /* U+0133 "ĳ" */
    0x5, 0x71, 0x0, 0x1, 0x74, 0x5, 0xff, 0xc0,
    0x0, 0xef, 0xf4, 0x7f, 0xfd, 0x0, 0xf, 0xff,
    0x51, 0xac, 0x40, 0x0, 0x5c, 0x90, 0x0, 0x0,
    0x0, 0x0, 0x0, 0x0, 0x0, 0x0, 0x0, 0x0,
    0x0, 0x3f, 0xf8, 0x0, 0xb, 0xff, 0x3, 0xff,
    0x80, 0x0, 0xbf, 0xf0, 0x3f, 0xf8, 0x0, 0xb,
    0xff, 0x3, 0xff, 0x80, 0x0, 0xbf, 0xf0, 0x3f,
    0xf8, 0x0, 0xb, 0xff, 0x3, 0xff, 0x80, 0x0,
    0xbf, 0xf0, 0x3f, 0xf8, 0x0, 0xb, 0xff, 0x3,
    0xff, 0x80, 0x0, 0xbf, 0xf0, 0x3f, 0xf8, 0x0,
    0xb, 0xff, 0x3, 0xff, 0x80, 0x0, 0xbf, 0xf0,
    0x3f, 0xf8, 0x0, 0xb, 0xff, 0x3, 0xff, 0x80,
    0x0, 0xbf, 0xf0, 0x0, 0x0, 0x0, 0xd, 0xff,
    0x0, 0x0, 0x7, 0x58, 0xff, 0xc0, 0x0, 0x5,
    0xff, 0xff, 0xf4, 0x0, 0x0, 0x4c, 0xff, 0xc4,
    0x0,

    /* U+0134 "Ĵ" */
    0x0, 0x0, 0x4f, 0xff, 0x40, 0x0, 0x0, 0x4f,
    0xfc, 0xff, 0x40, 0x0, 0x3f, 0xe3, 0x3, 0xef,
    0x30, 0x0, 0x0, 0x0, 0x0, 0x0, 0x0, 0xbf,
    0xff, 0xff, 0xff, 0xa0, 0xb, 0xff, 0xff, 0xff,
    0xfa, 0x0, 0x46, 0x66, 0x68, 0xff, 0xa0, 0x0,
    0x0, 0x0, 0x3f, 0xfa, 0x0, 0x0, 0x0, 0x3,
    0xff, 0xa0, 0x0, 0x0, 0x0, 0x3f, 0xfa, 0x0,
    0x0, 0x0, 0x3, 0xff, 0xa0, 0x0, 0x0, 0x0,
    0x3f, 0xfa, 0x0, 0x0, 0x0, 0x3, 0xff, 0xa0,
    0x0, 0x0, 0x0, 0x3f, 0xfa, 0x0, 0x0, 0x0,
    0x3, 0xff, 0xa0, 0x0, 0x0, 0x0, 0x4f, 0xf9,
    0x4, 0xd2, 0x0, 0xa, 0xff, 0x61, 0xef, 0xf9,
    0x7b, 0xff, 0xf1, 0x9, 0xff, 0xff, 0xff, 0xf6,
    0x0, 0x4, 0xae, 0xfe, 0xb4, 0x0,

    /* U+0135 "ĵ" */
    0x0, 0x0, 0x5f, 0xfe, 0x10, 0x0, 0x2, 0xfe,
    0x9f, 0xb0, 0x0, 0x1d, 0xf4, 0xa, 0xf8, 0x0,
    0x0, 0x0, 0x0, 0x0, 0x0, 0x0, 0x0, 0x0,
    0x0, 0x0, 0x0, 0x1f, 0xfb, 0x0, 0x0, 0x0,
    0x1f, 0xfb, 0x0, 0x0, 0x0, 0x1f, 0xfb, 0x0,
    0x0, 0x0, 0x1f, 0xfb, 0x0, 0x0, 0x0, 0x1f,
    0xfb, 0x0, 0x0, 0x0, 0x1f, 0xfb, 0x0, 0x0,
    0x0, 0x1f, 0xfb, 0x0, 0x0, 0x0, 0x1f, 0xfb,
    0x0, 0x0, 0x0, 0x1f, 0xfb, 0x0, 0x0, 0x0,
    0x1f, 0xfb, 0x0, 0x0, 0x0, 0x1f, 0xfb, 0x0,
    0x0, 0x0, 0x1f, 0xfa, 0x0, 0x0, 0x0, 0x2f,
    0xfa, 0x0, 0x4, 0x75, 0xcf, 0xf6, 0x0, 0xb,
    0xff, 0xff, 0xd0, 0x0, 0x8, 0xef, 0xe9, 0x10,
    0x0,

    /* U+0136 "Ķ" */
    0xff, 0xe0, 0x0, 0x0, 0x1, 0xdf, 0xf4, 0xf,
    0xfe, 0x0, 0x0, 0x0, 0xcf, 0xf6, 0x0, 0xff,
    0xe0, 0x0, 0x0, 0xbf, 0xf7, 0x0, 0xf, 0xfe,
    0x0, 0x0, 0xaf, 0xf9, 0x0, 0x0, 0xff, 0xe0,
    0x0, 0x9f, 0xfa, 0x0, 0x0, 0xf, 0xfe, 0x0,
    0x8f, 0xfb, 0x0, 0x0, 0x0, 0xff, 0xe0, 0x7f,
    0xfd, 0x0, 0x0, 0x0, 0xf, 0xfe, 0x6f, 0xff,
    0xa0, 0x0, 0x0, 0x0, 0xff, 0xff, 0xff, 0xff,
    0x50, 0x0, 0x0, 0xf, 0xff, 0xff, 0xaf, 0xff,
    0x20, 0x0, 0x0, 0xff, 0xff, 0x40, 0xaf, 0xfd,
    0x0, 0x0, 0xf, 0xff, 0x50, 0x0, 0xcf, 0xfa,
    0x0, 0x0, 0xff, 0xf0, 0x0, 0x1, 0xef, 0xf6,
    0x0, 0xf, 0xfe, 0x0, 0x0, 0x3, 0xff, 0xf3,
    0x0, 0xff, 0xe0, 0x0, 0x0, 0x6, 0xff, 0xe1,
    0xf, 0xfe, 0x0, 0x0, 0x0, 0x9, 0xff, 0xb0,
    0x0, 0x0, 0x0, 0x0, 0x0, 0x0, 0x0, 0x0,
    0x0, 0x0, 0x24, 0x0, 0x0, 0x0, 0x0, 0x0,
    0x0, 0xe, 0xf8, 0x0, 0x0, 0x0, 0x0, 0x0,
    0x0, 0xdf, 0x70, 0x0, 0x0, 0x0, 0x0, 0x0,
    0x7, 0xf1, 0x0, 0x0, 0x0, 0x0, 0x0, 0x0,
    0x55, 0x0, 0x0, 0x0, 0x0,

    /* U+0137 "ķ" */
    0x3f, 0xf8, 0x0, 0x0, 0x0, 0x0, 0x0, 0x3f,
    0xf8, 0x0, 0x0, 0x0, 0x0, 0x0, 0x3f, 0xf8,
    0x0, 0x0, 0x0, 0x0, 0x0, 0x3f, 0xf8, 0x0,
    0x0, 0x0, 0x0, 0x0, 0x3f, 0xf8, 0x0, 0x0,
    0x0, 0x0, 0x0, 0x3f, 0xf8, 0x0, 0x0, 0x4f,
    0xfe, 0x20, 0x3f, 0xf8, 0x0, 0x5, 0xff, 0xe2,
    0x0, 0x3f, 0xf8, 0x0, 0x6f, 0xfe, 0x20, 0x0,
    0x3f, 0xf8, 0x7, 0xff, 0xf3, 0x0, 0x0, 0x3f,
    0xf8, 0x8f, 0xff, 0x30, 0x0, 0x0, 0x3f, 0xff,
    0xff, 0xff, 0x10, 0x0, 0x0, 0x3f, 0xff, 0xff,
    0xff, 0xc0, 0x0, 0x0, 0x3f, 0xff, 0xd2, 0xdf,
    0xf8, 0x0, 0x0, 0x3f, 0xff, 0x10, 0x2f, 0xff,
    0x50, 0x0, 0x3f, 0xf9, 0x0, 0x5, 0xff, 0xf2,
    0x0, 0x3f, 0xf8, 0x0, 0x0, 0x8f, 0xfd, 0x0,
    0x3f, 0xf8, 0x0, 0x0, 0xb, 0xff, 0xa0, 0x0,
    0x0, 0x0, 0x0, 0x0, 0x0, 0x0, 0x0, 0x0,
    0x4, 0x30, 0x0, 0x0, 0x0, 0x0, 0x0, 0x4f,
    0xf2, 0x0, 0x0, 0x0, 0x0, 0x0, 0x2f, 0xf1,
    0x0, 0x0, 0x0, 0x0, 0x0, 0xd, 0xa0, 0x0,
    0x0, 0x0, 0x0, 0x0, 0x7, 0x20, 0x0, 0x0,
    0x0,

    /* U+0138 "ĸ" */
    0x3f, 0xf8, 0x0, 0x0, 0x4f, 0xfe, 0x20, 0x3f,
    0xf8, 0x0, 0x5, 0xff, 0xe2, 0x0, 0x3f, 0xf8,
    0x0, 0x6f, 0xfe, 0x20, 0x0, 0x3f, 0xf8, 0x7,
    0xff, 0xf3, 0x0, 0x0, 0x3f, 0xf8, 0x8f, 0xff,
    0x30, 0x0, 0x0, 0x3f, 0xff, 0xff, 0xff, 0x10,
    0x0, 0x0, 0x3f, 0xff, 0xff, 0xff, 0xc0, 0x0,
    0x0, 0x3f, 0xff, 0xd2, 0xdf, 0xf8, 0x0, 0x0,
    0x3f, 0xff, 0x10, 0x2f, 0xff, 0x50, 0x0, 0x3f,
    0xf9, 0x0, 0x5, 0xff, 0xf2, 0x0, 0x3f, 0xf8,
    0x0, 0x0, 0x8f, 0xfd, 0x0, 0x3f, 0xf8, 0x0,
    0x0, 0xb, 0xff, 0xa0,

    /* U+0139 "Ĺ" */
    0x0, 0x1c, 0xfe, 0x40, 0x0, 0x0, 0x1, 0xcf,
    0xd2, 0x0, 0x0, 0x0, 0xc, 0xfa, 0x0, 0x0,
    0x0, 0x0, 0x0, 0x0, 0x0, 0x0, 0x0, 0x0,
    0xf, 0xfe, 0x0, 0x0, 0x0, 0x0, 0xf, 0xfe,
    0x0, 0x0, 0x0, 0x0, 0xf, 0xfe, 0x0, 0x0,
    0x0, 0x0, 0xf, 0xfe, 0x0, 0x0, 0x0, 0x0,
    0xf, 0xfe, 0x0, 0x0, 0x0, 0x0, 0xf, 0xfe,
    0x0, 0x0, 0x0, 0x0, 0xf, 0xfe, 0x0, 0x0,
    0x0, 0x0, 0xf, 0xfe, 0x0, 0x0, 0x0, 0x0,
    0xf, 0xfe, 0x0, 0x0, 0x0, 0x0, 0xf, 0xfe,
    0x0, 0x0, 0x0, 0x0, 0xf, 0xfe, 0x0, 0x0,
    0x0, 0x0, 0xf, 0xfe, 0x0, 0x0, 0x0, 0x0,
    0xf, 0xfe, 0x0, 0x0, 0x0, 0x0, 0xf, 0xff,
    0x77, 0x77, 0x77, 0x77, 0xf, 0xff, 0xff, 0xff,
    0xff, 0xff, 0xf, 0xff, 0xff, 0xff, 0xff, 0xff,

    /* U+013A "ĺ" */
    0x0, 0x3f, 0xfc, 0x10, 0x3f, 0xf9, 0x0, 0x3f,
    0xf6, 0x0, 0x0, 0x0, 0x0, 0x0, 0x3f, 0xf8,
    0x0, 0x3, 0xff, 0x80, 0x0, 0x3f, 0xf8, 0x0,
    0x3, 0xff, 0x80, 0x0, 0x3f, 0xf8, 0x0, 0x3,
    0xff, 0x80, 0x0, 0x3f, 0xf8, 0x0, 0x3, 0xff,
    0x80, 0x0, 0x3f, 0xf8, 0x0, 0x3, 0xff, 0x80,
    0x0, 0x3f, 0xf8, 0x0, 0x3, 0xff, 0x80, 0x0,
    0x3f, 0xf8, 0x0, 0x3, 0xff, 0x80, 0x0, 0x3f,
    0xf8, 0x0, 0x3, 0xff, 0x80, 0x0, 0x3f, 0xf8,
    0x0, 0x0,

    /* U+013B "Ļ" */
    0xff, 0xe0, 0x0, 0x0, 0x0, 0xf, 0xfe, 0x0,
    0x0, 0x0, 0x0, 0xff, 0xe0, 0x0, 0x0, 0x0,
    0xf, 0xfe, 0x0, 0x0, 0x0, 0x0, 0xff, 0xe0,
    0x0, 0x0, 0x0, 0xf, 0xfe, 0x0, 0x0, 0x0,
    0x0, 0xff, 0xe0, 0x0, 0x0, 0x0, 0xf, 0xfe,
    0x0, 0x0, 0x0, 0x0, 0xff, 0xe0, 0x0, 0x0,
    0x0, 0xf, 0xfe, 0x0, 0x0, 0x0, 0x0, 0xff,
    0xe0, 0x0, 0x0, 0x0, 0xf, 0xfe, 0x0, 0x0,
    0x0, 0x0, 0xff, 0xe0, 0x0, 0x0, 0x0, 0xf,
    0xff, 0x77, 0x77, 0x77, 0x77, 0xff, 0xff, 0xff,
    0xff, 0xff, 0xff, 0xff, 0xff, 0xff, 0xff, 0xff,
    0x0, 0x0, 0x0, 0x0, 0x0, 0x0, 0x0, 0x0,
    0x51, 0x0, 0x0, 0x0, 0x0, 0xaf, 0xc0, 0x0,
    0x0, 0x0, 0x7, 0xfb, 0x0, 0x0, 0x0, 0x0,
    0x3f, 0x40, 0x0, 0x0, 0x0, 0x3, 0x70, 0x0,
    0x0,

    /* U+013C "ļ" */
    0x3f, 0xf8, 0x3f, 0xf8, 0x3f, 0xf8, 0x3f, 0xf8,
    0x3f, 0xf8, 0x3f, 0xf8, 0x3f, 0xf8, 0x3f, 0xf8,
    0x3f, 0xf8, 0x3f, 0xf8, 0x3f, 0xf8, 0x3f, 0xf8,
    0x3f, 0xf8, 0x3f, 0xf8, 0x3f, 0xf8, 0x3f, 0xf8,
    0x3f, 0xf8, 0x0, 0x0, 0x2, 0x40, 0xf, 0xf6,
    0xf, 0xf5, 0x9, 0xe0, 0x6, 0x40,

    /* U+013D "Ľ" */
    0x0, 0x0, 0x0, 0x7, 0xfa, 0xf, 0xfe, 0x0,
    0x0, 0x7f, 0x90, 0xff, 0xe0, 0x0, 0x7, 0xf8,
    0xf, 0xfe, 0x0, 0x0, 0x7f, 0x70, 0xff, 0xe0,
    0x0, 0x2, 0x62, 0xf, 0xfe, 0x0, 0x0, 0x0,
    0x0, 0xff, 0xe0, 0x0, 0x0, 0x0, 0xf, 0xfe,
    0x0, 0x0, 0x0, 0x0, 0xff, 0xe0, 0x0, 0x0,
    0x0, 0xf, 0xfe, 0x0, 0x0, 0x0, 0x0, 0xff,
    0xe0, 0x0, 0x0, 0x0, 0xf, 0xfe, 0x0, 0x0,
    0x0, 0x0, 0xff, 0xe0, 0x0, 0x0, 0x0, 0xf,
    0xfe, 0x0, 0x0, 0x0, 0x0, 0xff, 0xf7, 0x77,
    0x77, 0x77, 0x7f, 0xff, 0xff, 0xff, 0xff, 0xff,
    0xff, 0xff, 0xff, 0xff, 0xff, 0xf0,

    /* U+013E "ľ" */
    0x0, 0x0, 0x3, 0x63, 0x3f, 0xf8, 0x9, 0xf8,
    0x3f, 0xf8, 0x9, 0xf6, 0x3f, 0xf8, 0x9, 0xf5,
    0x3f, 0xf8, 0x9, 0xf4, 0x3f, 0xf8, 0x0, 0x0,
    0x3f, 0xf8, 0x0, 0x0, 0x3f, 0xf8, 0x0, 0x0,
    0x3f, 0xf8, 0x0, 0x0, 0x3f, 0xf8, 0x0, 0x0,
    0x3f, 0xf8, 0x0, 0x0, 0x3f, 0xf8, 0x0, 0x0,
    0x3f, 0xf8, 0x0, 0x0, 0x3f, 0xf8, 0x0, 0x0,
    0x3f, 0xf8, 0x0, 0x0, 0x3f, 0xf8, 0x0, 0x0,
    0x3f, 0xf8, 0x0, 0x0, 0x3f, 0xf8, 0x0, 0x0,

    /* U+013F "Ŀ" */
    0xff, 0xe0, 0x0, 0x0, 0x0, 0xf, 0xfe, 0x0,
    0x0, 0x0, 0x0, 0xff, 0xe0, 0x0, 0x0, 0x0,
    0xf, 0xfe, 0x0, 0x0, 0x0, 0x0, 0xff, 0xe0,
    0x0, 0x0, 0x0, 0xf, 0xfe, 0x0, 0x0, 0xbf,
    0x60, 0xff, 0xe0, 0x0, 0x3f, 0xfd, 0xf, 0xfe,
    0x0, 0x1, 0xff, 0xa0, 0xff, 0xe0, 0x0, 0x1,
    0x40, 0xf, 0xfe, 0x0, 0x0, 0x0, 0x0, 0xff,
    0xe0, 0x0, 0x0, 0x0, 0xf, 0xfe, 0x0, 0x0,
    0x0, 0x0, 0xff, 0xe0, 0x0, 0x0, 0x0, 0xf,
    0xff, 0x77, 0x77, 0x77, 0x77, 0xff, 0xff, 0xff,
    0xff, 0xff, 0xff, 0xff, 0xff, 0xff, 0xff, 0xff,

    /* U+0140 "ŀ" */
    0x3f, 0xf8, 0x0, 0x0, 0x3, 0xff, 0x80, 0x0,
    0x0, 0x3f, 0xf8, 0x0, 0x0, 0x3, 0xff, 0x80,
    0x0, 0x0, 0x3f, 0xf8, 0x0, 0x0, 0x3, 0xff,
    0x80, 0x0, 0x0, 0x3f, 0xf8, 0x0, 0x0, 0x3,
    0xff, 0x80, 0x4e, 0xc0, 0x3f, 0xf8, 0xa, 0xff,
    0x33, 0xff, 0x80, 0x4f, 0xc0, 0x3f, 0xf8, 0x0,
    0x0, 0x3, 0xff, 0x80, 0x0, 0x0, 0x3f, 0xf8,
    0x0, 0x0, 0x3, 0xff, 0x80, 0x0, 0x0, 0x3f,
    0xf8, 0x0, 0x0, 0x3, 0xff, 0x80, 0x0, 0x0,
    0x3f, 0xf8, 0x0, 0x0, 0x0,

    /* U+0141 "Ł" */
    0x0, 0xb, 0xff, 0x20, 0x0, 0x0, 0x0, 0x0,
    0x0, 0xbf, 0xf2, 0x0, 0x0, 0x0, 0x0, 0x0,
    0xb, 0xff, 0x20, 0x0, 0x0, 0x0, 0x0, 0x0,
    0xbf, 0xf2, 0x2, 0x0, 0x0, 0x0, 0x0, 0xb,
    0xff, 0x29, 0xf3, 0x0, 0x0, 0x0, 0x0, 0xbf,
    0xfe, 0xfe, 0x40, 0x0, 0x0, 0x0, 0xb, 0xff,
    0xfd, 0x20, 0x0, 0x0, 0x0, 0x0, 0xff, 0xfc,
    0x0, 0x0, 0x0, 0x0, 0x0, 0xaf, 0xff, 0x20,
    0x0, 0x0, 0x0, 0x0, 0xcf, 0xff, 0xf2, 0x0,
    0x0, 0x0, 0x0, 0x6, 0xcd, 0xff, 0x20, 0x0,
    0x0, 0x0, 0x0, 0x0, 0xbf, 0xf2, 0x0, 0x0,
    0x0, 0x0, 0x0, 0xb, 0xff, 0x20, 0x0, 0x0,
    0x0, 0x0, 0x0, 0xbf, 0xf8, 0x77, 0x77, 0x77,
    0x71, 0x0, 0xb, 0xff, 0xff, 0xff, 0xff, 0xff,
    0x30, 0x0, 0xbf, 0xff, 0xff, 0xff, 0xff, 0xf3,

    /* U+0142 "ł" */
    0x0, 0xf, 0xfc, 0x0, 0x0, 0x0, 0xff, 0xc0,
    0x0, 0x0, 0xf, 0xfc, 0x0, 0x0, 0x0, 0xff,
    0xc0, 0x0, 0x0, 0xf, 0xfc, 0x0, 0x0, 0x0,
    0xff, 0xc1, 0x10, 0x0, 0xf, 0xff, 0xdb, 0x0,
    0x0, 0xff, 0xff, 0xb0, 0x0, 0xf, 0xff, 0x80,
    0x0, 0x1c, 0xff, 0xf0, 0x0, 0x2e, 0xff, 0xfc,
    0x0, 0x0, 0xca, 0xff, 0xc0, 0x0, 0x0, 0xf,
    0xfc, 0x0, 0x0, 0x0, 0xff, 0xc0, 0x0, 0x0,
    0xf, 0xfc, 0x0, 0x0, 0x0, 0xff, 0xc0, 0x0,
    0x0, 0xf, 0xfc, 0x0, 0x0,

    /* U+0143 "Ń" */
    0x0, 0x0, 0x0, 0x7, 0xff, 0x90, 0x0, 0x0,
    0x0, 0x0, 0x7f, 0xf6, 0x0, 0x0, 0x0, 0x0,
    0x7, 0xfe, 0x30, 0x0, 0x0, 0x0, 0x0, 0x0,
    0x0, 0x0, 0x0, 0x0, 0xff, 0xc0, 0x0, 0x0,
    0x0, 0x1f, 0xfc, 0xff, 0xfa, 0x0, 0x0, 0x0,
    0x1f, 0xfc, 0xff, 0xff, 0x60, 0x0, 0x0, 0x1f,
    0xfc, 0xff, 0xff, 0xf4, 0x0, 0x0, 0x1f, 0xfc,
    0xff, 0xff, 0xfe, 0x20, 0x0, 0x1f, 0xfc, 0xff,
    0xfe, 0xff, 0xc0, 0x0, 0x1f, 0xfc, 0xff, 0xe4,
    0xff, 0xfa, 0x0, 0x1f, 0xfc, 0xff, 0xe0, 0x7f,
    0xff, 0x70, 0x1f, 0xfc, 0xff, 0xe0, 0xa, 0xff,
    0xf4, 0x1f, 0xfc, 0xff, 0xe0, 0x0, 0xcf, 0xfe,
    0x3f, 0xfc, 0xff, 0xe0, 0x0, 0x1e, 0xff, 0xef,
    0xfc, 0xff, 0xe0, 0x0, 0x4, 0xff, 0xff, 0xfc,
    0xff, 0xe0, 0x0, 0x0, 0x6f, 0xff, 0xfc, 0xff,
    0xe0, 0x0, 0x0, 0x9, 0xff, 0xfc, 0xff, 0xe0,
    0x0, 0x0, 0x0, 0xcf, 0xfc, 0xff, 0xe0, 0x0,
    0x0, 0x0, 0x1e, 0xfc,

    /* U+0144 "ń" */
    0x0, 0x0, 0x0, 0xb, 0xff, 0x60, 0x0, 0x0,
    0x0, 0xa, 0xfe, 0x40, 0x0, 0x0, 0x0, 0x9,
    0xfd, 0x20, 0x0, 0x0, 0x0, 0x0, 0x44, 0x10,
    0x0, 0x0, 0x0, 0x0, 0x0, 0x0, 0x0, 0x0,
    0x3, 0xff, 0x63, 0xae, 0xfe, 0x92, 0x0, 0x3f,
    0xfd, 0xff, 0xff, 0xff, 0xf3, 0x3, 0xff, 0xff,
    0x85, 0x6c, 0xff, 0xd0, 0x3f, 0xff, 0x40, 0x0,
    0xd, 0xff, 0x23, 0xff, 0xc0, 0x0, 0x0, 0x8f,
    0xf4, 0x3f, 0xf9, 0x0, 0x0, 0x6, 0xff, 0x53,
    0xff, 0x80, 0x0, 0x0, 0x6f, 0xf6, 0x3f, 0xf8,
    0x0, 0x0, 0x6, 0xff, 0x63, 0xff, 0x80, 0x0,
    0x0, 0x6f, 0xf6, 0x3f, 0xf8, 0x0, 0x0, 0x6,
    0xff, 0x63, 0xff, 0x80, 0x0, 0x0, 0x6f, 0xf6,
    0x3f, 0xf8, 0x0, 0x0, 0x6, 0xff, 0x60,

    /* U+0145 "Ņ" */
    0xff, 0xc0, 0x0, 0x0, 0x0, 0x1f, 0xfc, 0xff,
    0xfa, 0x0, 0x0, 0x0, 0x1f, 0xfc, 0xff, 0xff,
    0x60, 0x0, 0x0, 0x1f, 0xfc, 0xff, 0xff, 0xf4,
    0x0, 0x0, 0x1f, 0xfc, 0xff, 0xff, 0xfe, 0x20,
    0x0, 0x1f, 0xfc, 0xff, 0xfe, 0xff, 0xc0, 0x0,
    0x1f, 0xfc, 0xff, 0xe4, 0xff, 0xfa, 0x0, 0x1f,
    0xfc, 0xff, 0xe0, 0x7f, 0xff, 0x70, 0x1f, 0xfc,
    0xff, 0xe0, 0xa, 0xff, 0xf4, 0x1f, 0xfc, 0xff,
    0xe0, 0x0, 0xcf, 0xfe, 0x3f, 0xfc, 0xff, 0xe0,
    0x0, 0x1e, 0xff, 0xef, 0xfc, 0xff, 0xe0, 0x0,
    0x4, 0xff, 0xff, 0xfc, 0xff, 0xe0, 0x0, 0x0,
    0x6f, 0xff, 0xfc, 0xff, 0xe0, 0x0, 0x0, 0x9,
    0xff, 0xfc, 0xff, 0xe0, 0x0, 0x0, 0x0, 0xcf,
    0xfc, 0xff, 0xe0, 0x0, 0x0, 0x0, 0x1e, 0xfc,
    0x0, 0x0, 0x0, 0x0, 0x0, 0x0, 0x0, 0x0,
    0x0, 0x0, 0x43, 0x0, 0x0, 0x0, 0x0, 0x0,
    0x4, 0xff, 0x20, 0x0, 0x0, 0x0, 0x0, 0x2,
    0xff, 0x10, 0x0, 0x0, 0x0, 0x0, 0x0, 0xda,
    0x0, 0x0, 0x0, 0x0, 0x0, 0x0, 0x82, 0x0,
    0x0, 0x0,

    /* U+0146 "ņ" */
    0x3f, 0xf6, 0x3a, 0xef, 0xe9, 0x20, 0x3, 0xff,
    0xdf, 0xff, 0xff, 0xff, 0x30, 0x3f, 0xff, 0xf8,
    0x56, 0xcf, 0xfd, 0x3, 0xff, 0xf4, 0x0, 0x0,
    0xdf, 0xf2, 0x3f, 0xfc, 0x0, 0x0, 0x8, 0xff,
    0x43, 0xff, 0x90, 0x0, 0x0, 0x6f, 0xf5, 0x3f,
    0xf8, 0x0, 0x0, 0x6, 0xff, 0x63, 0xff, 0x80,
    0x0, 0x0, 0x6f, 0xf6, 0x3f, 0xf8, 0x0, 0x0,
    0x6, 0xff, 0x63, 0xff, 0x80, 0x0, 0x0, 0x6f,
    0xf6, 0x3f, 0xf8, 0x0, 0x0, 0x6, 0xff, 0x63,
    0xff, 0x80, 0x0, 0x0, 0x6f, 0xf6, 0x0, 0x0,
    0x0, 0x0, 0x0, 0x0, 0x0, 0x0, 0x0, 0x5,
    0x10, 0x0, 0x0, 0x0, 0x0, 0xa, 0xfc, 0x0,
    0x0, 0x0, 0x0, 0x0, 0x7f, 0xc0, 0x0, 0x0,
    0x0, 0x0, 0x2, 0xf5, 0x0, 0x0, 0x0, 0x0,
    0x0, 0x37, 0x0, 0x0, 0x0,

    /* U+0147 "Ň" */
    0x0, 0xc, 0xf8, 0x0, 0xbf, 0x90, 0x0, 0x0,
    0x0, 0xcf, 0xde, 0xf9, 0x0, 0x0, 0x0, 0x0,
    0xc, 0xff, 0xa0, 0x0, 0x0, 0x0, 0x0, 0x0,
    0x0, 0x0, 0x0, 0x0, 0xff, 0xc0, 0x0, 0x0,
    0x0, 0x1f, 0xfc, 0xff, 0xfa, 0x0, 0x0, 0x0,
    0x1f, 0xfc, 0xff, 0xff, 0x60, 0x0, 0x0, 0x1f,
    0xfc, 0xff, 0xff, 0xf4, 0x0, 0x0, 0x1f, 0xfc,
    0xff, 0xff, 0xfe, 0x20, 0x0, 0x1f, 0xfc, 0xff,
    0xfe, 0xff, 0xc0, 0x0, 0x1f, 0xfc, 0xff, 0xe4,
    0xff, 0xfa, 0x0, 0x1f, 0xfc, 0xff, 0xe0, 0x7f,
    0xff, 0x70, 0x1f, 0xfc, 0xff, 0xe0, 0xa, 0xff,
    0xf4, 0x1f, 0xfc, 0xff, 0xe0, 0x0, 0xcf, 0xfe,
    0x3f, 0xfc, 0xff, 0xe0, 0x0, 0x1e, 0xff, 0xef,
    0xfc, 0xff, 0xe0, 0x0, 0x4, 0xff, 0xff, 0xfc,
    0xff, 0xe0, 0x0, 0x0, 0x6f, 0xff, 0xfc, 0xff,
    0xe0, 0x0, 0x0, 0x9, 0xff, 0xfc, 0xff, 0xe0,
    0x0, 0x0, 0x0, 0xcf, 0xfc, 0xff, 0xe0, 0x0,
    0x0, 0x0, 0x1e, 0xfc,

    /* U+0148 "ň" */
    0x0, 0x3f, 0xf4, 0x2, 0xdf, 0x50, 0x0, 0x0,
    0x4f, 0xf8, 0xef, 0x70, 0x0, 0x0, 0x0, 0x5f,
    0xff, 0x80, 0x0, 0x0, 0x0, 0x0, 0x34, 0x40,
    0x0, 0x0, 0x0, 0x0, 0x0, 0x0, 0x0, 0x0,
    0x3, 0xff, 0x63, 0xae, 0xfe, 0x92, 0x0, 0x3f,
    0xfd, 0xff, 0xff, 0xff, 0xf3, 0x3, 0xff, 0xff,
    0x85, 0x6c, 0xff, 0xd0, 0x3f, 0xff, 0x40, 0x0,
    0xd, 0xff, 0x23, 0xff, 0xc0, 0x0, 0x0, 0x8f,
    0xf4, 0x3f, 0xf9, 0x0, 0x0, 0x6, 0xff, 0x53,
    0xff, 0x80, 0x0, 0x0, 0x6f, 0xf6, 0x3f, 0xf8,
    0x0, 0x0, 0x6, 0xff, 0x63, 0xff, 0x80, 0x0,
    0x0, 0x6f, 0xf6, 0x3f, 0xf8, 0x0, 0x0, 0x6,
    0xff, 0x63, 0xff, 0x80, 0x0, 0x0, 0x6f, 0xf6,
    0x3f, 0xf8, 0x0, 0x0, 0x6, 0xff, 0x60,

    /* U+0149 "ŉ" */
    0xa, 0xfa, 0x0, 0x0, 0x0, 0x0, 0x0, 0x0,
    0x3f, 0xff, 0x30, 0x0, 0x0, 0x0, 0x0, 0x0,
    0x1f, 0xff, 0x30, 0x0, 0x0, 0x0, 0x0, 0x0,
    0x7, 0xfe, 0x0, 0x0, 0x0, 0x0, 0x0, 0x0,
    0x7, 0xf9, 0x0, 0x0, 0x0, 0x0, 0x0, 0x0,
    0xb, 0xf3, 0xcf, 0xe0, 0x8d, 0xfe, 0xc5, 0x0,
    0xf, 0xe0, 0xcf, 0xfe, 0xff, 0xff, 0xff, 0x90,
    0x1, 0x10, 0xcf, 0xff, 0x93, 0x26, 0xef, 0xf4,
    0x0, 0x0, 0xcf, 0xf9, 0x0, 0x0, 0x5f, 0xf9,
    0x0, 0x0, 0xcf, 0xf2, 0x0, 0x0, 0xf, 0xfc,
    0x0, 0x0, 0xcf, 0xf0, 0x0, 0x0, 0xe, 0xfd,
    0x0, 0x0, 0xcf, 0xf0, 0x0, 0x0, 0xe, 0xfd,
    0x0, 0x0, 0xcf, 0xf0, 0x0, 0x0, 0xe, 0xfd,
    0x0, 0x0, 0xcf, 0xf0, 0x0, 0x0, 0xe, 0xfd,
    0x0, 0x0, 0xcf, 0xf0, 0x0, 0x0, 0xe, 0xfd,
    0x0, 0x0, 0xcf, 0xf0, 0x0, 0x0, 0xe, 0xfd,
    0x0, 0x0, 0xcf, 0xf0, 0x0, 0x0, 0xe, 0xfd,

    /* U+014A "Ŋ" */
    0xff, 0xc0, 0x0, 0x0, 0x0, 0x1f, 0xfc, 0xff,
    0xf9, 0x0, 0x0, 0x0, 0x1f, 0xfc, 0xff, 0xff,
    0x60, 0x0, 0x0, 0x1f, 0xfc, 0xff, 0xff, 0xf3,
    0x0, 0x0, 0x1f, 0xfc, 0xff, 0xff, 0xfd, 0x10,
    0x0, 0x1f, 0xfc, 0xff, 0xfe, 0xff, 0xb0, 0x0,
    0x1f, 0xfc, 0xff, 0xe4, 0xff, 0xf8, 0x0, 0x1f,
    0xfc, 0xff, 0xe0, 0x7f, 0xff, 0x40, 0x1f, 0xfc,
    0xff, 0xe0, 0xa, 0xff, 0xf2, 0x1f, 0xfc, 0xff,
    0xe0, 0x0, 0xcf, 0xfd, 0x2f, 0xfc, 0xff, 0xe0,
    0x0, 0x1e, 0xff, 0xbf, 0xfc, 0xff, 0xe0, 0x0,
    0x4, 0xff, 0xff, 0xfc, 0xff, 0xe0, 0x0, 0x0,
    0x6f, 0xff, 0xfc, 0xff, 0xe0, 0x0, 0x0, 0x9,
    0xff, 0xfc, 0xff, 0xe0, 0x0, 0x0, 0x0, 0xef,
    0xfb, 0xff, 0xe0, 0x0, 0x0, 0x0, 0x4f, 0xfa,
    0x0, 0x0, 0x1, 0x10, 0x0, 0x8f, 0xf7, 0x0,
    0x0, 0xb, 0xf9, 0x7a, 0xff, 0xf2, 0x0, 0x0,
    0x2f, 0xff, 0xff, 0xff, 0x70, 0x0, 0x0, 0x2,
    0x9e, 0xfe, 0xb4, 0x0,

    /* U+014B "ŋ" */
    0x3f, 0xf6, 0x3a, 0xef, 0xe9, 0x20, 0x3, 0xff,
    0xdf, 0xff, 0xff, 0xff, 0x30, 0x3f, 0xff, 0xf8,
    0x56, 0xcf, 0xfd, 0x3, 0xff, 0xf4, 0x0, 0x0,
    0xdf, 0xf3, 0x3f, 0xfc, 0x0, 0x0, 0x7, 0xff,
    0x53, 0xff, 0x90, 0x0, 0x0, 0x6f, 0xf5, 0x3f,
    0xf8, 0x0, 0x0, 0x6, 0xff, 0x63, 0xff, 0x80,
    0x0, 0x0, 0x6f, 0xf6, 0x3f, 0xf8, 0x0, 0x0,
    0x6, 0xff, 0x63, 0xff, 0x80, 0x0, 0x0, 0x6f,
    0xf6, 0x3f, 0xf8, 0x0, 0x0, 0x6, 0xff, 0x63,
    0xff, 0x80, 0x0, 0x0, 0x6f, 0xf5, 0x0, 0x0,
    0x0, 0x0, 0x7, 0xff, 0x50, 0x0, 0x0, 0x6,
    0x56, 0xef, 0xf1, 0x0, 0x0, 0x1, 0xff, 0xff,
    0xf9, 0x0, 0x0, 0x0, 0x1b, 0xef, 0xd7, 0x0,

    /* U+014C "Ō" */
    0x0, 0x0, 0x5, 0xaa, 0xaa, 0xaa, 0xa0, 0x0,
    0x0, 0x0, 0x0, 0x8, 0xff, 0xff, 0xff, 0xf1,
    0x0, 0x0, 0x0, 0x0, 0x0, 0x0, 0x0, 0x0,
    0x0, 0x0, 0x0, 0x0, 0x0, 0x0, 0x0, 0x0,
    0x0, 0x0, 0x0, 0x0, 0x0, 0x0, 0x2, 0x8d,
    0xef, 0xeb, 0x60, 0x0, 0x0, 0x0, 0x0, 0x9f,
    0xff, 0xff, 0xff, 0xfe, 0x40, 0x0, 0x0, 0xc,
    0xff, 0xfd, 0x98, 0xaf, 0xff, 0xf6, 0x0, 0x0,
    0xaf, 0xfe, 0x40, 0x0, 0x0, 0x9f, 0xff, 0x30,
    0x3, 0xff, 0xe2, 0x0, 0x0, 0x0, 0x8, 0xff,
    0xc0, 0xa, 0xff, 0x60, 0x0, 0x0, 0x0, 0x0,
    0xef, 0xf2, 0xe, 0xff, 0x10, 0x0, 0x0, 0x0,
    0x0, 0x8f, 0xf6, 0xf, 0xfe, 0x0, 0x0, 0x0,
    0x0, 0x0, 0x5f, 0xf8, 0xf, 0xfe, 0x0, 0x0,
    0x0, 0x0, 0x0, 0x6f, 0xf8, 0xe, 0xff, 0x10,
    0x0, 0x0, 0x0, 0x0, 0x8f, 0xf6, 0xa, 0xff,
    0x60, 0x0, 0x0, 0x0, 0x0, 0xef, 0xf2, 0x3,
    0xff, 0xe1, 0x0, 0x0, 0x0, 0x8, 0xff, 0xc0,
    0x0, 0xaf, 0xfe, 0x30, 0x0, 0x0, 0x9f, 0xff,
    0x30, 0x0, 0xc, 0xff, 0xfc, 0x98, 0xaf, 0xff,
    0xf6, 0x0, 0x0, 0x0, 0x9f, 0xff, 0xff, 0xff,
    0xfe, 0x40, 0x0, 0x0, 0x0, 0x2, 0x8d, 0xef,
    0xeb, 0x60, 0x0, 0x0,

    /* U+014D "ō" */
    0x0, 0xc, 0xff, 0xff, 0xff, 0xe0, 0x0, 0x0,
    0x7, 0xaa, 0xaa, 0xaa, 0x90, 0x0, 0x0, 0x0,
    0x0, 0x0, 0x0, 0x0, 0x0, 0x0, 0x0, 0x0,
    0x0, 0x0, 0x0, 0x0, 0x0, 0x1, 0x7c, 0xef,
    0xd8, 0x20, 0x0, 0x0, 0x3e, 0xff, 0xff, 0xff,
    0xf5, 0x0, 0x1, 0xef, 0xfb, 0x66, 0xaf, 0xff,
    0x40, 0x9, 0xff, 0x70, 0x0, 0x4, 0xff, 0xc0,
    0xf, 0xfe, 0x0, 0x0, 0x0, 0xbf, 0xf2, 0x1f,
    0xfa, 0x0, 0x0, 0x0, 0x7f, 0xf4, 0x1f, 0xfa,
    0x0, 0x0, 0x0, 0x7f, 0xf4, 0xf, 0xfe, 0x0,
    0x0, 0x0, 0xbf, 0xf2, 0x9, 0xff, 0x80, 0x0,
    0x5, 0xff, 0xc0, 0x1, 0xef, 0xfc, 0x76, 0xaf,
    0xff, 0x30, 0x0, 0x3e, 0xff, 0xff, 0xff, 0xf5,
    0x0, 0x0, 0x1, 0x7c, 0xef, 0xd8, 0x20, 0x0,

    /* U+014E "Ŏ" */
    0x0, 0x0, 0x3, 0x82, 0x0, 0x6, 0x70, 0x0,
    0x0, 0x0, 0x0, 0x5, 0xf9, 0x0, 0x1f, 0xd0,
    0x0, 0x0, 0x0, 0x0, 0x0, 0xcf, 0xb9, 0xef,
    0x50, 0x0, 0x0, 0x0, 0x0, 0x0, 0x19, 0xef,
    0xc5, 0x0, 0x0, 0x0, 0x0, 0x0, 0x0, 0x0,
    0x0, 0x0, 0x0, 0x0, 0x0, 0x0, 0x0, 0x2,
    0x8d, 0xef, 0xeb, 0x60, 0x0, 0x0, 0x0, 0x0,
    0x9f, 0xff, 0xff, 0xff, 0xfe, 0x40, 0x0, 0x0,
    0xc, 0xff, 0xfd, 0x98, 0xaf, 0xff, 0xf6, 0x0,
    0x0, 0xaf, 0xfe, 0x40, 0x0, 0x0, 0x9f, 0xff,
    0x30, 0x3, 0xff, 0xe2, 0x0, 0x0, 0x0, 0x8,
    0xff, 0xc0, 0xa, 0xff, 0x60, 0x0, 0x0, 0x0,
    0x0, 0xef, 0xf2, 0xe, 0xff, 0x10, 0x0, 0x0,
    0x0, 0x0, 0x8f, 0xf6, 0xf, 0xfe, 0x0, 0x0,
    0x0, 0x0, 0x0, 0x5f, 0xf8, 0xf, 0xfe, 0x0,
    0x0, 0x0, 0x0, 0x0, 0x6f, 0xf8, 0xe, 0xff,
    0x10, 0x0, 0x0, 0x0, 0x0, 0x8f, 0xf6, 0xa,
    0xff, 0x60, 0x0, 0x0, 0x0, 0x0, 0xef, 0xf2,
    0x3, 0xff, 0xe1, 0x0, 0x0, 0x0, 0x8, 0xff,
    0xc0, 0x0, 0xaf, 0xfe, 0x30, 0x0, 0x0, 0x9f,
    0xff, 0x30, 0x0, 0xc, 0xff, 0xfc, 0x98, 0xaf,
    0xff, 0xf6, 0x0, 0x0, 0x0, 0x9f, 0xff, 0xff,
    0xff, 0xfe, 0x40, 0x0, 0x0, 0x0, 0x2, 0x8d,
    0xef, 0xeb, 0x60, 0x0, 0x0,

    /* U+014F "ŏ" */
    0x0, 0xa, 0xf2, 0x0, 0xf, 0xc0, 0x0, 0x0,
    0x5, 0xfb, 0x11, 0xaf, 0x70, 0x0, 0x0, 0x0,
    0x9f, 0xff, 0xfb, 0x0, 0x0, 0x0, 0x0, 0x3,
    0x77, 0x40, 0x0, 0x0, 0x0, 0x0, 0x0, 0x0,
    0x0, 0x0, 0x0, 0x0, 0x1, 0x7c, 0xef, 0xd8,
    0x20, 0x0, 0x0, 0x3e, 0xff, 0xff, 0xff, 0xf5,
    0x0, 0x1, 0xef, 0xfb, 0x66, 0xaf, 0xff, 0x40,
    0x9, 0xff, 0x70, 0x0, 0x4, 0xff, 0xc0, 0xf,
    0xfe, 0x0, 0x0, 0x0, 0xbf, 0xf2, 0x1f, 0xfa,
    0x0, 0x0, 0x0, 0x7f, 0xf4, 0x1f, 0xfa, 0x0,
    0x0, 0x0, 0x7f, 0xf4, 0xf, 0xfe, 0x0, 0x0,
    0x0, 0xbf, 0xf2, 0x9, 0xff, 0x80, 0x0, 0x5,
    0xff, 0xc0, 0x1, 0xef, 0xfc, 0x76, 0xaf, 0xff,
    0x30, 0x0, 0x3e, 0xff, 0xff, 0xff, 0xf5, 0x0,
    0x0, 0x1, 0x7c, 0xef, 0xd8, 0x20, 0x0,

    /* U+0150 "Ő" */
    0x0, 0x0, 0x0, 0x0, 0x0, 0x0, 0x0, 0x0,
    0x0, 0x0, 0x0, 0x0, 0x6, 0xff, 0x34, 0xff,
    0x50, 0x0, 0x0, 0x0, 0x0, 0x1e, 0xf6, 0xd,
    0xf9, 0x0, 0x0, 0x0, 0x0, 0x0, 0x9f, 0xa0,
    0x7f, 0xc0, 0x0, 0x0, 0x0, 0x0, 0x0, 0x0,
    0x0, 0x0, 0x0, 0x0, 0x0, 0x0, 0x0, 0x2,
    0x8d, 0xef, 0xeb, 0x60, 0x0, 0x0, 0x0, 0x0,
    0x9f, 0xff, 0xff, 0xff, 0xfe, 0x40, 0x0, 0x0,
    0xc, 0xff, 0xfd, 0x98, 0xaf, 0xff, 0xf6, 0x0,
    0x0, 0xaf, 0xfe, 0x40, 0x0, 0x0, 0x9f, 0xff,
    0x30, 0x3, 0xff, 0xe2, 0x0, 0x0, 0x0, 0x8,
    0xff, 0xc0, 0xa, 0xff, 0x60, 0x0, 0x0, 0x0,
    0x0, 0xef, 0xf2, 0xe, 0xff, 0x10, 0x0, 0x0,
    0x0, 0x0, 0x8f, 0xf6, 0xf, 0xfe, 0x0, 0x0,
    0x0, 0x0, 0x0, 0x5f, 0xf8, 0xf, 0xfe, 0x0,
    0x0, 0x0, 0x0, 0x0, 0x6f, 0xf8, 0xe, 0xff,
    0x10, 0x0, 0x0, 0x0, 0x0, 0x8f, 0xf6, 0xa,
    0xff, 0x60, 0x0, 0x0, 0x0, 0x0, 0xef, 0xf2,
    0x3, 0xff, 0xe1, 0x0, 0x0, 0x0, 0x8, 0xff,
    0xc0, 0x0, 0xaf, 0xfe, 0x30, 0x0, 0x0, 0x9f,
    0xff, 0x30, 0x0, 0xc, 0xff, 0xfc, 0x98, 0xaf,
    0xff, 0xf6, 0x0, 0x0, 0x0, 0x9f, 0xff, 0xff,
    0xff, 0xfe, 0x40, 0x0, 0x0, 0x0, 0x2, 0x8d,
    0xef, 0xeb, 0x60, 0x0, 0x0,

    /* U+0151 "ő" */
    0x0, 0x0, 0x9, 0xfe, 0x27, 0xff, 0x30, 0x0,
    0x0, 0x2f, 0xf4, 0x1f, 0xf6, 0x0, 0x0, 0x0,
    0xcf, 0x80, 0xaf, 0xa0, 0x0, 0x0, 0x0, 0x0,
    0x0, 0x0, 0x0, 0x0, 0x0, 0x0, 0x0, 0x0,
    0x0, 0x0, 0x0, 0x0, 0x1, 0x7c, 0xef, 0xd8,
    0x20, 0x0, 0x0, 0x3e, 0xff, 0xff, 0xff, 0xf5,
    0x0, 0x1, 0xef, 0xfb, 0x66, 0xaf, 0xff, 0x40,
    0x9, 0xff, 0x70, 0x0, 0x4, 0xff, 0xc0, 0xf,
    0xfe, 0x0, 0x0, 0x0, 0xbf, 0xf2, 0x1f, 0xfa,
    0x0, 0x0, 0x0, 0x7f, 0xf4, 0x1f, 0xfa, 0x0,
    0x0, 0x0, 0x7f, 0xf4, 0xf, 0xfe, 0x0, 0x0,
    0x0, 0xbf, 0xf2, 0x9, 0xff, 0x80, 0x0, 0x5,
    0xff, 0xc0, 0x1, 0xef, 0xfc, 0x76, 0xaf, 0xff,
    0x30, 0x0, 0x3e, 0xff, 0xff, 0xff, 0xf5, 0x0,
    0x0, 0x1, 0x7c, 0xef, 0xd8, 0x20, 0x0,

    /* U+0152 "Œ" */
    0x0, 0x0, 0x3, 0x9d, 0xff, 0xff, 0xff, 0xff,
    0xff, 0xff, 0xff, 0xf7, 0x0, 0x0, 0xaf, 0xff,
    0xff, 0xff, 0xff, 0xff, 0xff, 0xff, 0xff, 0xf7,
    0x0, 0x1d, 0xff, 0xfc, 0x97, 0x77, 0xff, 0xf7,
    0x77, 0x77, 0x77, 0x73, 0x0, 0xbf, 0xfd, 0x30,
    0x0, 0x0, 0xcf, 0xf0, 0x0, 0x0, 0x0, 0x0,
    0x5, 0xff, 0xe1, 0x0, 0x0, 0x0, 0xcf, 0xf0,
    0x0, 0x0, 0x0, 0x0, 0xa, 0xff, 0x60, 0x0,
    0x0, 0x0, 0xcf, 0xf0, 0x0, 0x0, 0x0, 0x0,
    0xe, 0xff, 0x0, 0x0, 0x0, 0x0, 0xcf, 0xf0,
    0x0, 0x0, 0x0, 0x0, 0xf, 0xfe, 0x0, 0x0,
    0x0, 0x0, 0xcf, 0xff, 0xff, 0xff, 0xff, 0x80,
    0xf, 0xfe, 0x0, 0x0, 0x0, 0x0, 0xcf, 0xff,
    0xff, 0xff, 0xff, 0x80, 0xe, 0xff, 0x0, 0x0,
    0x0, 0x0, 0xcf, 0xf6, 0x66, 0x66, 0x66, 0x30,
    0xa, 0xff, 0x50, 0x0, 0x0, 0x0, 0xcf, 0xf0,
    0x0, 0x0, 0x0, 0x0, 0x5, 0xff, 0xe1, 0x0,
    0x0, 0x0, 0xcf, 0xf0, 0x0, 0x0, 0x0, 0x0,
    0x0, 0xbf, 0xfd, 0x30, 0x0, 0x0, 0xcf, 0xf0,
    0x0, 0x0, 0x0, 0x0, 0x0, 0x1d, 0xff, 0xfc,
    0x87, 0x77, 0xff, 0xf7, 0x77, 0x77, 0x77, 0x75,
    0x0, 0x1, 0xaf, 0xff, 0xff, 0xff, 0xff, 0xff,
    0xff, 0xff, 0xff, 0xfb, 0x0, 0x0, 0x3, 0x9c,
    0xef, 0xff, 0xff, 0xff, 0xff, 0xff, 0xff, 0xfb,

    /* U+0153 "œ" */
    0x0, 0x1, 0x7c, 0xef, 0xd8, 0x10, 0x2, 0x9d,
    0xfe, 0xb5, 0x0, 0x0, 0x3, 0xef, 0xff, 0xff,
    0xfe, 0x35, 0xff, 0xff, 0xff, 0xfb, 0x0, 0x1,
    0xef, 0xfb, 0x66, 0xaf, 0xff, 0xff, 0xf8, 0x67,
    0xdf, 0xf9, 0x0, 0x9f, 0xf7, 0x0, 0x0, 0x4f,
    0xff, 0xe2, 0x0, 0x0, 0xbf, 0xf1, 0xf, 0xfe,
    0x0, 0x0, 0x0, 0xcf, 0xf7, 0x0, 0x0, 0x2,
    0xff, 0x61, 0xff, 0xa0, 0x0, 0x0, 0xa, 0xff,
    0xff, 0xff, 0xff, 0xff, 0xf8, 0x1f, 0xfa, 0x0,
    0x0, 0x0, 0xaf, 0xff, 0xdd, 0xdd, 0xdd, 0xdd,
    0x80, 0xff, 0xe0, 0x0, 0x0, 0xc, 0xff, 0x80,
    0x0, 0x0, 0x0, 0x0, 0x9, 0xff, 0x80, 0x0,
    0x5, 0xff, 0xff, 0x30, 0x0, 0x1, 0x50, 0x0,
    0x1e, 0xff, 0xc7, 0x6a, 0xff, 0xff, 0xff, 0xa6,
    0x68, 0xef, 0x50, 0x0, 0x3e, 0xff, 0xff, 0xff,
    0xe3, 0x4e, 0xff, 0xff, 0xff, 0xf5, 0x0, 0x0,
    0x17, 0xce, 0xfd, 0x81, 0x0, 0x18, 0xdf, 0xfd,
    0x92, 0x0,

    /* U+0154 "Ŕ" */
    0x0, 0x0, 0x0, 0x5f, 0xfb, 0x10, 0x0, 0x0,
    0x0, 0x4, 0xff, 0x80, 0x0, 0x0, 0x0, 0x0,
    0x4f, 0xf4, 0x0, 0x0, 0x0, 0x0, 0x0, 0x0,
    0x0, 0x0, 0x0, 0x0, 0xff, 0xff, 0xff, 0xfe,
    0xc7, 0x10, 0x0, 0xff, 0xff, 0xff, 0xff, 0xff,
    0xe3, 0x0, 0xff, 0xf7, 0x77, 0x79, 0xef, 0xfe,
    0x10, 0xff, 0xe0, 0x0, 0x0, 0xb, 0xff, 0x80,
    0xff, 0xe0, 0x0, 0x0, 0x2, 0xff, 0xd0, 0xff,
    0xe0, 0x0, 0x0, 0x0, 0xff, 0xe0, 0xff, 0xe0,
    0x0, 0x0, 0x1, 0xff, 0xd0, 0xff, 0xe0, 0x0,
    0x0, 0x7, 0xff, 0xa0, 0xff, 0xe0, 0x0, 0x2,
    0x8f, 0xff, 0x40, 0xff, 0xff, 0xff, 0xff, 0xff,
    0xf8, 0x0, 0xff, 0xff, 0xff, 0xff, 0xff, 0x50,
    0x0, 0xff, 0xf6, 0x66, 0x6f, 0xff, 0x20, 0x0,
    0xff, 0xe0, 0x0, 0x3, 0xff, 0xc0, 0x0, 0xff,
    0xe0, 0x0, 0x0, 0x8f, 0xf8, 0x0, 0xff, 0xe0,
    0x0, 0x0, 0xd, 0xff, 0x30, 0xff, 0xe0, 0x0,
    0x0, 0x3, 0xff, 0xd0,

    /* U+0155 "ŕ" */
    0x0, 0x0, 0x3f, 0xfd, 0x20, 0x0, 0x2e, 0xfb,
    0x0, 0x0, 0x1d, 0xf9, 0x0, 0x0, 0x2, 0x43,
    0x0, 0x0, 0x0, 0x0, 0x0, 0x0, 0x3, 0xff,
    0x63, 0xae, 0x90, 0x3f, 0xfb, 0xff, 0xf9, 0x3,
    0xff, 0xff, 0xc8, 0x40, 0x3f, 0xff, 0x70, 0x0,
    0x3, 0xff, 0xd0, 0x0, 0x0, 0x3f, 0xfa, 0x0,
    0x0, 0x3, 0xff, 0x80, 0x0, 0x0, 0x3f, 0xf8,
    0x0, 0x0, 0x3, 0xff, 0x80, 0x0, 0x0, 0x3f,
    0xf8, 0x0, 0x0, 0x3, 0xff, 0x80, 0x0, 0x0,
    0x3f, 0xf8, 0x0, 0x0, 0x0,

    /* U+0156 "Ŗ" */
    0xff, 0xff, 0xff, 0xfe, 0xc7, 0x10, 0x0, 0xff,
    0xff, 0xff, 0xff, 0xff, 0xe3, 0x0, 0xff, 0xf7,
    0x77, 0x79, 0xef, 0xfe, 0x10, 0xff, 0xe0, 0x0,
    0x0, 0xb, 0xff, 0x80, 0xff, 0xe0, 0x0, 0x0,
    0x2, 0xff, 0xd0, 0xff, 0xe0, 0x0, 0x0, 0x0,
    0xff, 0xe0, 0xff, 0xe0, 0x0, 0x0, 0x1, 0xff,
    0xd0, 0xff, 0xe0, 0x0, 0x0, 0x7, 0xff, 0xa0,
    0xff, 0xe0, 0x0, 0x2, 0x8f, 0xff, 0x40, 0xff,
    0xff, 0xff, 0xff, 0xff, 0xf8, 0x0, 0xff, 0xff,
    0xff, 0xff, 0xff, 0x50, 0x0, 0xff, 0xf6, 0x66,
    0x6f, 0xff, 0x20, 0x0, 0xff, 0xe0, 0x0, 0x3,
    0xff, 0xc0, 0x0, 0xff, 0xe0, 0x0, 0x0, 0x8f,
    0xf8, 0x0, 0xff, 0xe0, 0x0, 0x0, 0xd, 0xff,
    0x30, 0xff, 0xe0, 0x0, 0x0, 0x3, 0xff, 0xd0,
    0x0, 0x0, 0x0, 0x0, 0x0, 0x0, 0x0, 0x0,
    0x0, 0x3, 0x40, 0x0, 0x0, 0x0, 0x0, 0x0,
    0x2f, 0xf4, 0x0, 0x0, 0x0, 0x0, 0x0, 0x1f,
    0xf3, 0x0, 0x0, 0x0, 0x0, 0x0, 0xb, 0xd0,
    0x0, 0x0, 0x0, 0x0, 0x0, 0x7, 0x30, 0x0,
    0x0, 0x0,

    /* U+0157 "ŗ" */
    0x3f, 0xf6, 0x3a, 0xe9, 0x3f, 0xfb, 0xff, 0xf9,
    0x3f, 0xff, 0xfc, 0x84, 0x3f, 0xff, 0x70, 0x0,
    0x3f, 0xfd, 0x0, 0x0, 0x3f, 0xfa, 0x0, 0x0,
    0x3f, 0xf8, 0x0, 0x0, 0x3f, 0xf8, 0x0, 0x0,
    0x3f, 0xf8, 0x0, 0x0, 0x3f, 0xf8, 0x0, 0x0,
    0x3f, 0xf8, 0x0, 0x0, 0x3f, 0xf8, 0x0, 0x0,
    0x0, 0x0, 0x0, 0x0, 0x2, 0x40, 0x0, 0x0,
    0xe, 0xf8, 0x0, 0x0, 0xd, 0xf7, 0x0, 0x0,
    0x7, 0xf1, 0x0, 0x0, 0x5, 0x50, 0x0, 0x0,

    /* U+0158 "Ř" */
    0x0, 0xaf, 0xb0, 0x9, 0xfb, 0x0, 0x0, 0x0,
    0xa, 0xfd, 0xdf, 0xc0, 0x0, 0x0, 0x0, 0x0,
    0xaf, 0xfc, 0x0, 0x0, 0x0, 0x0, 0x0, 0x0,
    0x0, 0x0, 0x0, 0x0, 0xff, 0xff, 0xff, 0xfe,
    0xc7, 0x10, 0x0, 0xff, 0xff, 0xff, 0xff, 0xff,
    0xe3, 0x0, 0xff, 0xf7, 0x77, 0x79, 0xef, 0xfe,
    0x10, 0xff, 0xe0, 0x0, 0x0, 0xb, 0xff, 0x80,
    0xff, 0xe0, 0x0, 0x0, 0x2, 0xff, 0xd0, 0xff,
    0xe0, 0x0, 0x0, 0x0, 0xff, 0xe0, 0xff, 0xe0,
    0x0, 0x0, 0x1, 0xff, 0xd0, 0xff, 0xe0, 0x0,
    0x0, 0x7, 0xff, 0xa0, 0xff, 0xe0, 0x0, 0x2,
    0x8f, 0xff, 0x40, 0xff, 0xff, 0xff, 0xff, 0xff,
    0xf8, 0x0, 0xff, 0xff, 0xff, 0xff, 0xff, 0x50,
    0x0, 0xff, 0xf6, 0x66, 0x6f, 0xff, 0x20, 0x0,
    0xff, 0xe0, 0x0, 0x3, 0xff, 0xc0, 0x0, 0xff,
    0xe0, 0x0, 0x0, 0x8f, 0xf8, 0x0, 0xff, 0xe0,
    0x0, 0x0, 0xd, 0xff, 0x30, 0xff, 0xe0, 0x0,
    0x0, 0x3, 0xff, 0xd0,

    /* U+0159 "ř" */
    0x9, 0xfb, 0x0, 0x6f, 0xd1, 0x0, 0xaf, 0xc9,
    0xfe, 0x20, 0x0, 0xb, 0xff, 0xf3, 0x0, 0x0,
    0x0, 0x44, 0x20, 0x0, 0x0, 0x0, 0x0, 0x0,
    0x0, 0x3, 0xff, 0x63, 0xae, 0x90, 0x3, 0xff,
    0xbf, 0xff, 0x90, 0x3, 0xff, 0xff, 0xc8, 0x40,
    0x3, 0xff, 0xf7, 0x0, 0x0, 0x3, 0xff, 0xd0,
    0x0, 0x0, 0x3, 0xff, 0xa0, 0x0, 0x0, 0x3,
    0xff, 0x80, 0x0, 0x0, 0x3, 0xff, 0x80, 0x0,
    0x0, 0x3, 0xff, 0x80, 0x0, 0x0, 0x3, 0xff,
    0x80, 0x0, 0x0, 0x3, 0xff, 0x80, 0x0, 0x0,
    0x3, 0xff, 0x80, 0x0, 0x0,

    /* U+015A "Ś" */
    0x0, 0x0, 0x0, 0x4, 0xff, 0xc1, 0x0, 0x0,
    0x0, 0x0, 0x4f, 0xf8, 0x0, 0x0, 0x0, 0x0,
    0x4, 0xff, 0x50, 0x0, 0x0, 0x0, 0x0, 0x0,
    0x0, 0x0, 0x0, 0x0, 0x0, 0x2, 0x9d, 0xef,
    0xeb, 0x72, 0x0, 0x0, 0x7f, 0xff, 0xff, 0xff,
    0xff, 0x30, 0x4, 0xff, 0xfa, 0x76, 0x8c, 0xff,
    0x0, 0xb, 0xff, 0x40, 0x0, 0x0, 0x15, 0x0,
    0xd, 0xff, 0x0, 0x0, 0x0, 0x0, 0x0, 0xc,
    0xff, 0x50, 0x0, 0x0, 0x0, 0x0, 0x7, 0xff,
    0xfc, 0x73, 0x0, 0x0, 0x0, 0x0, 0xaf, 0xff,
    0xff, 0xea, 0x30, 0x0, 0x0, 0x3, 0xaf, 0xff,
    0xff, 0xfb, 0x0, 0x0, 0x0, 0x0, 0x37, 0xcf,
    0xff, 0x90, 0x0, 0x0, 0x0, 0x0, 0x4, 0xff,
    0xf0, 0x0, 0x0, 0x0, 0x0, 0x0, 0xcf, 0xf0,
    0x8, 0xa2, 0x0, 0x0, 0x2, 0xff, 0xe0, 0xe,
    0xff, 0xc8, 0x66, 0x9f, 0xff, 0x70, 0x9, 0xff,
    0xff, 0xff, 0xff, 0xf9, 0x0, 0x0, 0x28, 0xbe,
    0xff, 0xda, 0x40, 0x0,

    /* U+015B "ś" */
    0x0, 0x0, 0x0, 0xbf, 0xf6, 0x0, 0x0, 0x0,
    0xaf, 0xf4, 0x0, 0x0, 0x0, 0x8f, 0xe2, 0x0,
    0x0, 0x0, 0x5, 0x51, 0x0, 0x0, 0x0, 0x0,
    0x0, 0x0, 0x0, 0x0, 0x2, 0x9d, 0xff, 0xeb,
    0x60, 0x5, 0xff, 0xff, 0xff, 0xff, 0x20, 0xef,
    0xf7, 0x44, 0x6b, 0xa0, 0x2f, 0xf9, 0x0, 0x0,
    0x0, 0x1, 0xff, 0xe6, 0x20, 0x0, 0x0, 0x8,
    0xff, 0xff, 0xfc, 0x71, 0x0, 0x5, 0xbf, 0xff,
    0xff, 0xe2, 0x0, 0x0, 0x2, 0x5a, 0xff, 0x90,
    0x20, 0x0, 0x0, 0xf, 0xfb, 0xe, 0xe9, 0x54,
    0x5b, 0xff, 0x85, 0xff, 0xff, 0xff, 0xff, 0xc0,
    0x3, 0x9c, 0xff, 0xec, 0x60, 0x0,

    /* U+015C "Ŝ" */
    0x0, 0x0, 0x9, 0xff, 0xd1, 0x0, 0x0, 0x0,
    0x0, 0x9f, 0xed, 0xfc, 0x0, 0x0, 0x0, 0x9,
    0xfb, 0x10, 0x8f, 0xc0, 0x0, 0x0, 0x0, 0x0,
    0x0, 0x0, 0x0, 0x0, 0x0, 0x2, 0x9d, 0xef,
    0xeb, 0x72, 0x0, 0x0, 0x7f, 0xff, 0xff, 0xff,
    0xff, 0x30, 0x4, 0xff, 0xfa, 0x76, 0x8c, 0xff,
    0x0, 0xb, 0xff, 0x40, 0x0, 0x0, 0x15, 0x0,
    0xd, 0xff, 0x0, 0x0, 0x0, 0x0, 0x0, 0xc,
    0xff, 0x50, 0x0, 0x0, 0x0, 0x0, 0x7, 0xff,
    0xfc, 0x73, 0x0, 0x0, 0x0, 0x0, 0xaf, 0xff,
    0xff, 0xea, 0x30, 0x0, 0x0, 0x3, 0xaf, 0xff,
    0xff, 0xfb, 0x0, 0x0, 0x0, 0x0, 0x37, 0xcf,
    0xff, 0x90, 0x0, 0x0, 0x0, 0x0, 0x4, 0xff,
    0xf0, 0x0, 0x0, 0x0, 0x0, 0x0, 0xcf, 0xf0,
    0x8, 0xa2, 0x0, 0x0, 0x2, 0xff, 0xe0, 0xe,
    0xff, 0xc8, 0x66, 0x9f, 0xff, 0x70, 0x9, 0xff,
    0xff, 0xff, 0xff, 0xf9, 0x0, 0x0, 0x28, 0xbe,
    0xff, 0xda, 0x40, 0x0,

    /* U+015D "ŝ" */
    0x0, 0x3, 0xff, 0xf5, 0x0, 0x0, 0x2, 0xef,
    0x6e, 0xf4, 0x0, 0x1, 0xef, 0x40, 0x2e, 0xf3,
    0x0, 0x12, 0x10, 0x0, 0x12, 0x10, 0x0, 0x0,
    0x0, 0x0, 0x0, 0x0, 0x2, 0x9d, 0xff, 0xeb,
    0x60, 0x5, 0xff, 0xff, 0xff, 0xff, 0x20, 0xef,
    0xf7, 0x44, 0x6b, 0xa0, 0x2f, 0xf9, 0x0, 0x0,
    0x0, 0x1, 0xff, 0xe6, 0x20, 0x0, 0x0, 0x8,
    0xff, 0xff, 0xfc, 0x71, 0x0, 0x5, 0xbf, 0xff,
    0xff, 0xe2, 0x0, 0x0, 0x2, 0x5a, 0xff, 0x90,
    0x20, 0x0, 0x0, 0xf, 0xfb, 0xe, 0xe9, 0x54,
    0x5b, 0xff, 0x85, 0xff, 0xff, 0xff, 0xff, 0xc0,
    0x3, 0x9c, 0xff, 0xec, 0x60, 0x0,

    /* U+015E "Ş" */
    0x0, 0x2, 0x9d, 0xef, 0xeb, 0x72, 0x0, 0x0,
    0x7f, 0xff, 0xff, 0xff, 0xff, 0x30, 0x4, 0xff,
    0xfa, 0x76, 0x8c, 0xff, 0x0, 0xb, 0xff, 0x40,
    0x0, 0x0, 0x15, 0x0, 0xd, 0xff, 0x0, 0x0,
    0x0, 0x0, 0x0, 0xc, 0xff, 0x50, 0x0, 0x0,
    0x0, 0x0, 0x7, 0xff, 0xfc, 0x73, 0x0, 0x0,
    0x0, 0x0, 0xaf, 0xff, 0xff, 0xea, 0x30, 0x0,
    0x0, 0x3, 0xaf, 0xff, 0xff, 0xfb, 0x0, 0x0,
    0x0, 0x0, 0x37, 0xcf, 0xff, 0x90, 0x0, 0x0,
    0x0, 0x0, 0x4, 0xff, 0xf0, 0x0, 0x0, 0x0,
    0x0, 0x0, 0xcf, 0xf0, 0x8, 0xa2, 0x0, 0x0,
    0x2, 0xff, 0xe0, 0xe, 0xff, 0xc8, 0x66, 0x9f,
    0xff, 0x70, 0x9, 0xff, 0xff, 0xff, 0xff, 0xf9,
    0x0, 0x0, 0x28, 0xbe, 0xff, 0xda, 0x40, 0x0,
    0x0, 0x0, 0x0, 0xda, 0x0, 0x0, 0x0, 0x0,
    0x0, 0x1, 0xff, 0xa0, 0x0, 0x0, 0x0, 0x0,
    0x0, 0x2a, 0xf6, 0x0, 0x0, 0x0, 0x0, 0x14,
    0x29, 0xf6, 0x0, 0x0, 0x0, 0x0, 0x5f, 0xff,
    0xb0, 0x0, 0x0, 0x0, 0x0, 0x2, 0x42, 0x0,
    0x0, 0x0,

    /* U+015F "ş" */
    0x0, 0x29, 0xdf, 0xfe, 0xb6, 0x0, 0x5f, 0xff,
    0xff, 0xff, 0xf2, 0xe, 0xff, 0x74, 0x46, 0xba,
    0x2, 0xff, 0x90, 0x0, 0x0, 0x0, 0x1f, 0xfe,
    0x62, 0x0, 0x0, 0x0, 0x8f, 0xff, 0xff, 0xc7,
    0x10, 0x0, 0x5b, 0xff, 0xff, 0xfe, 0x20, 0x0,
    0x0, 0x25, 0xaf, 0xf9, 0x2, 0x0, 0x0, 0x0,
    0xff, 0xb0, 0xee, 0x95, 0x45, 0xbf, 0xf8, 0x5f,
    0xff, 0xff, 0xff, 0xfc, 0x0, 0x39, 0xcf, 0xff,
    0xc6, 0x0, 0x0, 0x0, 0x5f, 0x20, 0x0, 0x0,
    0x0, 0x9, 0xfd, 0x30, 0x0, 0x0, 0x0, 0x25,
    0xfd, 0x0, 0x0, 0x0, 0x42, 0x3f, 0xd0, 0x0,
    0x0, 0xe, 0xff, 0xf4, 0x0, 0x0, 0x0, 0x13,
    0x30, 0x0, 0x0,

    /* U+0160 "Š" */
    0x0, 0x9, 0xfb, 0x0, 0x8f, 0xc0, 0x0, 0x0,
    0x0, 0x9f, 0xed, 0xfc, 0x0, 0x0, 0x0, 0x0,
    0x9, 0xff, 0xd1, 0x0, 0x0, 0x0, 0x0, 0x0,
    0x0, 0x0, 0x0, 0x0, 0x0, 0x2, 0x9d, 0xef,
    0xeb, 0x72, 0x0, 0x0, 0x7f, 0xff, 0xff, 0xff,
    0xff, 0x30, 0x4, 0xff, 0xfa, 0x76, 0x8c, 0xff,
    0x0, 0xb, 0xff, 0x40, 0x0, 0x0, 0x15, 0x0,
    0xd, 0xff, 0x0, 0x0, 0x0, 0x0, 0x0, 0xc,
    0xff, 0x50, 0x0, 0x0, 0x0, 0x0, 0x7, 0xff,
    0xfc, 0x73, 0x0, 0x0, 0x0, 0x0, 0xaf, 0xff,
    0xff, 0xea, 0x30, 0x0, 0x0, 0x3, 0xaf, 0xff,
    0xff, 0xfb, 0x0, 0x0, 0x0, 0x0, 0x37, 0xcf,
    0xff, 0x90, 0x0, 0x0, 0x0, 0x0, 0x4, 0xff,
    0xf0, 0x0, 0x0, 0x0, 0x0, 0x0, 0xcf, 0xf0,
    0x8, 0xa2, 0x0, 0x0, 0x2, 0xff, 0xe0, 0xe,
    0xff, 0xc8, 0x66, 0x9f, 0xff, 0x70, 0x9, 0xff,
    0xff, 0xff, 0xff, 0xf9, 0x0, 0x0, 0x28, 0xbe,
    0xff, 0xda, 0x40, 0x0,

    /* U+0161 "š" */
    0x3, 0xff, 0x30, 0x2d, 0xf5, 0x0, 0x4, 0xff,
    0x7e, 0xf7, 0x0, 0x0, 0x6, 0xff, 0xf9, 0x0,
    0x0, 0x0, 0x4, 0x55, 0x0, 0x0, 0x0, 0x0,
    0x0, 0x0, 0x0, 0x0, 0x2, 0x9d, 0xff, 0xeb,
    0x60, 0x5, 0xff, 0xff, 0xff, 0xff, 0x20, 0xef,
    0xf7, 0x44, 0x6b, 0xa0, 0x2f, 0xf9, 0x0, 0x0,
    0x0, 0x1, 0xff, 0xe6, 0x20, 0x0, 0x0, 0x8,
    0xff, 0xff, 0xfc, 0x71, 0x0, 0x5, 0xbf, 0xff,
    0xff, 0xe2, 0x0, 0x0, 0x2, 0x5a, 0xff, 0x90,
    0x20, 0x0, 0x0, 0xf, 0xfb, 0xe, 0xe9, 0x54,
    0x5b, 0xff, 0x85, 0xff, 0xff, 0xff, 0xff, 0xc0,
    0x3, 0x9c, 0xff, 0xec, 0x60, 0x0,

    /* U+0162 "Ţ" */
    0xef, 0xff, 0xff, 0xff, 0xff, 0xff, 0xf2, 0xef,
    0xff, 0xff, 0xff, 0xff, 0xff, 0xf2, 0x67, 0x77,
    0x7e, 0xff, 0x77, 0x77, 0x71, 0x0, 0x0, 0xd,
    0xff, 0x0, 0x0, 0x0, 0x0, 0x0, 0xd, 0xff,
    0x0, 0x0, 0x0, 0x0, 0x0, 0xd, 0xff, 0x0,
    0x0, 0x0, 0x0, 0x0, 0xd, 0xff, 0x0, 0x0,
    0x0, 0x0, 0x0, 0xd, 0xff, 0x0, 0x0, 0x0,
    0x0, 0x0, 0xd, 0xff, 0x0, 0x0, 0x0, 0x0,
    0x0, 0xd, 0xff, 0x0, 0x0, 0x0, 0x0, 0x0,
    0xd, 0xff, 0x0, 0x0, 0x0, 0x0, 0x0, 0xd,
    0xff, 0x0, 0x0, 0x0, 0x0, 0x0, 0xd, 0xff,
    0x0, 0x0, 0x0, 0x0, 0x0, 0xd, 0xff, 0x0,
    0x0, 0x0, 0x0, 0x0, 0xd, 0xff, 0x0, 0x0,
    0x0, 0x0, 0x0, 0xd, 0xff, 0x0, 0x0, 0x0,
    0x0, 0x0, 0x4, 0xf3, 0x0, 0x0, 0x0, 0x0,
    0x0, 0x8, 0xfb, 0x30, 0x0, 0x0, 0x0, 0x0,
    0x2, 0x5f, 0xd0, 0x0, 0x0, 0x0, 0x0, 0x32,
    0x3f, 0xe0, 0x0, 0x0, 0x0, 0x0, 0xdf, 0xff,
    0x50, 0x0, 0x0, 0x0, 0x0, 0x3, 0x30, 0x0,
    0x0, 0x0,

    /* U+0163 "ţ" */
    0x0, 0x68, 0x70, 0x0, 0x0, 0xd, 0xfe, 0x0,
    0x0, 0x0, 0xdf, 0xe0, 0x0, 0xc, 0xff, 0xff,
    0xff, 0xf1, 0xcf, 0xff, 0xff, 0xff, 0x12, 0x3f,
    0xff, 0x33, 0x30, 0x0, 0xdf, 0xe0, 0x0, 0x0,
    0xd, 0xfe, 0x0, 0x0, 0x0, 0xdf, 0xe0, 0x0,
    0x0, 0xd, 0xfe, 0x0, 0x0, 0x0, 0xdf, 0xe0,
    0x0, 0x0, 0xc, 0xff, 0x0, 0x0, 0x0, 0x9f,
    0xfa, 0x57, 0x30, 0x2, 0xff, 0xff, 0xf9, 0x0,
    0x2, 0xbf, 0xfc, 0x50, 0x0, 0x4, 0xf3, 0x0,
    0x0, 0x0, 0x8f, 0xd4, 0x0, 0x0, 0x1, 0x4f,
    0xe0, 0x0, 0x3, 0x23, 0xfe, 0x0, 0x0, 0xdf,
    0xff, 0x50, 0x0, 0x0, 0x33, 0x0, 0x0,

    /* U+0164 "Ť" */
    0x0, 0x2e, 0xf5, 0x2, 0xdf, 0x50, 0x0, 0x0,
    0x2, 0xef, 0xcf, 0xf5, 0x0, 0x0, 0x0, 0x0,
    0x3f, 0xff, 0x50, 0x0, 0x0, 0x0, 0x0, 0x0,
    0x0, 0x0, 0x0, 0x0, 0xef, 0xff, 0xff, 0xff,
    0xff, 0xff, 0xf2, 0xef, 0xff, 0xff, 0xff, 0xff,
    0xff, 0xf2, 0x67, 0x77, 0x7e, 0xff, 0x77, 0x77,
    0x71, 0x0, 0x0, 0xd, 0xff, 0x0, 0x0, 0x0,
    0x0, 0x0, 0xd, 0xff, 0x0, 0x0, 0x0, 0x0,
    0x0, 0xd, 0xff, 0x0, 0x0, 0x0, 0x0, 0x0,
    0xd, 0xff, 0x0, 0x0, 0x0, 0x0, 0x0, 0xd,
    0xff, 0x0, 0x0, 0x0, 0x0, 0x0, 0xd, 0xff,
    0x0, 0x0, 0x0, 0x0, 0x0, 0xd, 0xff, 0x0,
    0x0, 0x0, 0x0, 0x0, 0xd, 0xff, 0x0, 0x0,
    0x0, 0x0, 0x0, 0xd, 0xff, 0x0, 0x0, 0x0,
    0x0, 0x0, 0xd, 0xff, 0x0, 0x0, 0x0, 0x0,
    0x0, 0xd, 0xff, 0x0, 0x0, 0x0, 0x0, 0x0,
    0xd, 0xff, 0x0, 0x0, 0x0, 0x0, 0x0, 0xd,
    0xff, 0x0, 0x0, 0x0,

    /* U+0165 "ť" */
    0x0, 0x0, 0x0, 0x6f, 0x90, 0x0, 0x0, 0x6,
    0xf8, 0x0, 0x56, 0x50, 0x6f, 0x70, 0xd, 0xfe,
    0x6, 0xe5, 0x0, 0xdf, 0xe0, 0x0, 0xc, 0xff,
    0xff, 0xff, 0xf1, 0xcf, 0xff, 0xff, 0xff, 0x12,
    0x3f, 0xff, 0x33, 0x30, 0x0, 0xdf, 0xe0, 0x0,
    0x0, 0xd, 0xfe, 0x0, 0x0, 0x0, 0xdf, 0xe0,
    0x0, 0x0, 0xd, 0xfe, 0x0, 0x0, 0x0, 0xdf,
    0xe0, 0x0, 0x0, 0xc, 0xff, 0x0, 0x0, 0x0,
    0x9f, 0xfa, 0x57, 0x30, 0x2, 0xff, 0xff, 0xf9,
    0x0, 0x2, 0xbe, 0xfc, 0x50,

    /* U+0166 "Ŧ" */
    0xef, 0xff, 0xff, 0xff, 0xff, 0xff, 0xf2, 0xef,
    0xff, 0xff, 0xff, 0xff, 0xff, 0xf2, 0x67, 0x77,
    0x7e, 0xff, 0x77, 0x77, 0x71, 0x0, 0x0, 0xd,
    0xff, 0x0, 0x0, 0x0, 0x0, 0x0, 0xd, 0xff,
    0x0, 0x0, 0x0, 0x0, 0x0, 0xd, 0xff, 0x0,
    0x0, 0x0, 0x0, 0x0, 0xd, 0xff, 0x0, 0x0,
    0x0, 0x0, 0xff, 0xff, 0xff, 0xff, 0xf3, 0x0,
    0x0, 0xff, 0xff, 0xff, 0xff, 0xf3, 0x0, 0x0,
    0x22, 0x2f, 0xff, 0x32, 0x20, 0x0, 0x0, 0x0,
    0xd, 0xff, 0x0, 0x0, 0x0, 0x0, 0x0, 0xd,
    0xff, 0x0, 0x0, 0x0, 0x0, 0x0, 0xd, 0xff,
    0x0, 0x0, 0x0, 0x0, 0x0, 0xd, 0xff, 0x0,
    0x0, 0x0, 0x0, 0x0, 0xd, 0xff, 0x0, 0x0,
    0x0, 0x0, 0x0, 0xd, 0xff, 0x0, 0x0, 0x0,

    /* U+0167 "ŧ" */
    0x0, 0x68, 0x80, 0x0, 0x0, 0xc, 0xff, 0x0,
    0x0, 0x0, 0xcf, 0xf0, 0x0, 0xb, 0xff, 0xff,
    0xff, 0xf2, 0xbf, 0xff, 0xff, 0xff, 0x22, 0x3f,
    0xff, 0x33, 0x30, 0x0, 0xcf, 0xf0, 0x0, 0x0,
    0xc, 0xff, 0x0, 0x0, 0xaf, 0xff, 0xff, 0xf3,
    0x8, 0xcf, 0xff, 0xcc, 0x20, 0x0, 0xcf, 0xf0,
    0x0, 0x0, 0xb, 0xff, 0x10, 0x0, 0x0, 0x8f,
    0xfb, 0x57, 0x30, 0x2, 0xff, 0xff, 0xfa, 0x0,
    0x2, 0xae, 0xfd, 0x60,

    /* U+0168 "Ũ" */
    0x0, 0x0, 0x6e, 0xe9, 0x10, 0xdd, 0x0, 0x0,
    0x0, 0x2f, 0xed, 0xff, 0xdf, 0x80, 0x0, 0x0,
    0x7, 0xf3, 0x5, 0xcf, 0xb0, 0x0, 0x0, 0x0,
    0x0, 0x0, 0x0, 0x0, 0x0, 0x0, 0x1f, 0xfc,
    0x0, 0x0, 0x0, 0x6, 0xff, 0x61, 0xff, 0xc0,
    0x0, 0x0, 0x0, 0x6f, 0xf6, 0x1f, 0xfc, 0x0,
    0x0, 0x0, 0x6, 0xff, 0x61, 0xff, 0xc0, 0x0,
    0x0, 0x0, 0x6f, 0xf6, 0x1f, 0xfc, 0x0, 0x0,
    0x0, 0x6, 0xff, 0x61, 0xff, 0xc0, 0x0, 0x0,
    0x0, 0x6f, 0xf6, 0x1f, 0xfc, 0x0, 0x0, 0x0,
    0x6, 0xff, 0x61, 0xff, 0xc0, 0x0, 0x0, 0x0,
    0x6f, 0xf6, 0xf, 0xfc, 0x0, 0x0, 0x0, 0x6,
    0xff, 0x60, 0xff, 0xd0, 0x0, 0x0, 0x0, 0x6f,
    0xf6, 0xf, 0xff, 0x0, 0x0, 0x0, 0x9, 0xff,
    0x40, 0xbf, 0xf4, 0x0, 0x0, 0x0, 0xdf, 0xf1,
    0x5, 0xff, 0xd2, 0x0, 0x0, 0x9f, 0xfb, 0x0,
    0xc, 0xff, 0xfb, 0x89, 0xdf, 0xff, 0x20, 0x0,
    0x1c, 0xff, 0xff, 0xff, 0xff, 0x40, 0x0, 0x0,
    0x5, 0xbe, 0xff, 0xc8, 0x10, 0x0,

    /* U+0169 "ũ" */
    0x0, 0x8, 0xee, 0x81, 0x4f, 0x40, 0x0, 0x4,
    0xfc, 0xcf, 0xff, 0xe0, 0x0, 0x0, 0x4a, 0x10,
    0x39, 0x82, 0x0, 0x0, 0x0, 0x0, 0x0, 0x0,
    0x0, 0x0, 0x0, 0x0, 0x0, 0x0, 0x0, 0x0,
    0x4, 0xff, 0x70, 0x0, 0x0, 0x9f, 0xf2, 0x4f,
    0xf7, 0x0, 0x0, 0x9, 0xff, 0x24, 0xff, 0x70,
    0x0, 0x0, 0x9f, 0xf2, 0x4f, 0xf7, 0x0, 0x0,
    0x9, 0xff, 0x24, 0xff, 0x70, 0x0, 0x0, 0x9f,
    0xf2, 0x4f, 0xf7, 0x0, 0x0, 0x9, 0xff, 0x24,
    0xff, 0x70, 0x0, 0x0, 0xaf, 0xf2, 0x3f, 0xf9,
    0x0, 0x0, 0xd, 0xff, 0x21, 0xff, 0xf1, 0x0,
    0x6, 0xff, 0xf2, 0xb, 0xff, 0xe9, 0x7b, 0xff,
    0xff, 0x20, 0x1e, 0xff, 0xff, 0xff, 0xcf, 0xf2,
    0x0, 0x19, 0xdf, 0xeb, 0x37, 0xff, 0x20,

    /* U+016A "Ū" */
    0x0, 0x1, 0xaa, 0xaa, 0xaa, 0xa5, 0x0, 0x0,
    0x0, 0x1f, 0xff, 0xff, 0xff, 0x80, 0x0, 0x0,
    0x0, 0x0, 0x0, 0x0, 0x0, 0x0, 0x0, 0x0,
    0x0, 0x0, 0x0, 0x0, 0x0, 0x0, 0x1f, 0xfc,
    0x0, 0x0, 0x0, 0x6, 0xff, 0x61, 0xff, 0xc0,
    0x0, 0x0, 0x0, 0x6f, 0xf6, 0x1f, 0xfc, 0x0,
    0x0, 0x0, 0x6, 0xff, 0x61, 0xff, 0xc0, 0x0,
    0x0, 0x0, 0x6f, 0xf6, 0x1f, 0xfc, 0x0, 0x0,
    0x0, 0x6, 0xff, 0x61, 0xff, 0xc0, 0x0, 0x0,
    0x0, 0x6f, 0xf6, 0x1f, 0xfc, 0x0, 0x0, 0x0,
    0x6, 0xff, 0x61, 0xff, 0xc0, 0x0, 0x0, 0x0,
    0x6f, 0xf6, 0xf, 0xfc, 0x0, 0x0, 0x0, 0x6,
    0xff, 0x60, 0xff, 0xd0, 0x0, 0x0, 0x0, 0x6f,
    0xf6, 0xf, 0xff, 0x0, 0x0, 0x0, 0x9, 0xff,
    0x40, 0xbf, 0xf4, 0x0, 0x0, 0x0, 0xdf, 0xf1,
    0x5, 0xff, 0xd2, 0x0, 0x0, 0x9f, 0xfb, 0x0,
    0xc, 0xff, 0xfb, 0x89, 0xdf, 0xff, 0x20, 0x0,
    0x1c, 0xff, 0xff, 0xff, 0xff, 0x40, 0x0, 0x0,
    0x5, 0xbe, 0xff, 0xc8, 0x10, 0x0,

    /* U+016B "ū" */
    0x0, 0x6f, 0xff, 0xff, 0xff, 0x30, 0x0, 0x3,
    0xaa, 0xaa, 0xaa, 0xa2, 0x0, 0x0, 0x0, 0x0,
    0x0, 0x0, 0x0, 0x0, 0x0, 0x0, 0x0, 0x0,
    0x0, 0x0, 0x4f, 0xf7, 0x0, 0x0, 0x9, 0xff,
    0x24, 0xff, 0x70, 0x0, 0x0, 0x9f, 0xf2, 0x4f,
    0xf7, 0x0, 0x0, 0x9, 0xff, 0x24, 0xff, 0x70,
    0x0, 0x0, 0x9f, 0xf2, 0x4f, 0xf7, 0x0, 0x0,
    0x9, 0xff, 0x24, 0xff, 0x70, 0x0, 0x0, 0x9f,
    0xf2, 0x4f, 0xf7, 0x0, 0x0, 0xa, 0xff, 0x23,
    0xff, 0x90, 0x0, 0x0, 0xdf, 0xf2, 0x1f, 0xff,
    0x10, 0x0, 0x6f, 0xff, 0x20, 0xbf, 0xfe, 0x97,
    0xbf, 0xff, 0xf2, 0x1, 0xef, 0xff, 0xff, 0xfc,
    0xff, 0x20, 0x1, 0x9d, 0xfe, 0xb3, 0x7f, 0xf2,

    /* U+016C "Ŭ" */
    0x0, 0x0, 0x76, 0x0, 0x2, 0x83, 0x0, 0x0,
    0x0, 0xe, 0xf1, 0x0, 0x9f, 0x50, 0x0, 0x0,
    0x0, 0x6f, 0xe9, 0xbf, 0xd0, 0x0, 0x0, 0x0,
    0x0, 0x5c, 0xfe, 0x91, 0x0, 0x0, 0x0, 0x0,
    0x0, 0x0, 0x0, 0x0, 0x0, 0x1, 0xff, 0xc0,
    0x0, 0x0, 0x0, 0x6f, 0xf6, 0x1f, 0xfc, 0x0,
    0x0, 0x0, 0x6, 0xff, 0x61, 0xff, 0xc0, 0x0,
    0x0, 0x0, 0x6f, 0xf6, 0x1f, 0xfc, 0x0, 0x0,
    0x0, 0x6, 0xff, 0x61, 0xff, 0xc0, 0x0, 0x0,
    0x0, 0x6f, 0xf6, 0x1f, 0xfc, 0x0, 0x0, 0x0,
    0x6, 0xff, 0x61, 0xff, 0xc0, 0x0, 0x0, 0x0,
    0x6f, 0xf6, 0x1f, 0xfc, 0x0, 0x0, 0x0, 0x6,
    0xff, 0x60, 0xff, 0xc0, 0x0, 0x0, 0x0, 0x6f,
    0xf6, 0xf, 0xfd, 0x0, 0x0, 0x0, 0x6, 0xff,
    0x60, 0xff, 0xf0, 0x0, 0x0, 0x0, 0x9f, 0xf4,
    0xb, 0xff, 0x40, 0x0, 0x0, 0xd, 0xff, 0x10,
    0x5f, 0xfd, 0x20, 0x0, 0x9, 0xff, 0xb0, 0x0,
    0xcf, 0xff, 0xb8, 0x9d, 0xff, 0xf2, 0x0, 0x1,
    0xcf, 0xff, 0xff, 0xff, 0xf4, 0x0, 0x0, 0x0,
    0x5b, 0xef, 0xfc, 0x81, 0x0, 0x0,

    /* U+016D "ŭ" */
    0x0, 0x4f, 0x80, 0x0, 0xaf, 0x20, 0x0, 0x0,
    0xef, 0x40, 0x5f, 0xd0, 0x0, 0x0, 0x4, 0xef,
    0xff, 0xe3, 0x0, 0x0, 0x0, 0x1, 0x67, 0x50,
    0x0, 0x0, 0x0, 0x0, 0x0, 0x0, 0x0, 0x0,
    0x4, 0xff, 0x70, 0x0, 0x0, 0x9f, 0xf2, 0x4f,
    0xf7, 0x0, 0x0, 0x9, 0xff, 0x24, 0xff, 0x70,
    0x0, 0x0, 0x9f, 0xf2, 0x4f, 0xf7, 0x0, 0x0,
    0x9, 0xff, 0x24, 0xff, 0x70, 0x0, 0x0, 0x9f,
    0xf2, 0x4f, 0xf7, 0x0, 0x0, 0x9, 0xff, 0x24,
    0xff, 0x70, 0x0, 0x0, 0xaf, 0xf2, 0x3f, 0xf9,
    0x0, 0x0, 0xd, 0xff, 0x21, 0xff, 0xf1, 0x0,
    0x6, 0xff, 0xf2, 0xb, 0xff, 0xe9, 0x7b, 0xff,
    0xff, 0x20, 0x1e, 0xff, 0xff, 0xff, 0xcf, 0xf2,
    0x0, 0x19, 0xdf, 0xeb, 0x37, 0xff, 0x20,

    /* U+016E "Ů" */
    0x0, 0x0, 0x0, 0x9e, 0xc3, 0x0, 0x0, 0x0,
    0x0, 0x0, 0x8d, 0x38, 0xe0, 0x0, 0x0, 0x0,
    0x0, 0xd, 0x50, 0xf, 0x30, 0x0, 0x0, 0x0,
    0x0, 0xc7, 0x1, 0xf2, 0x0, 0x0, 0x0, 0x0,
    0x4, 0xf9, 0xcc, 0x0, 0x0, 0x0, 0x0, 0x0,
    0x4, 0x97, 0x0, 0x0, 0x0, 0x1f, 0xfc, 0x0,
    0x0, 0x0, 0x6, 0xff, 0x61, 0xff, 0xc0, 0x0,
    0x0, 0x0, 0x6f, 0xf6, 0x1f, 0xfc, 0x0, 0x0,
    0x0, 0x6, 0xff, 0x61, 0xff, 0xc0, 0x0, 0x0,
    0x0, 0x6f, 0xf6, 0x1f, 0xfc, 0x0, 0x0, 0x0,
    0x6, 0xff, 0x61, 0xff, 0xc0, 0x0, 0x0, 0x0,
    0x6f, 0xf6, 0x1f, 0xfc, 0x0, 0x0, 0x0, 0x6,
    0xff, 0x61, 0xff, 0xc0, 0x0, 0x0, 0x0, 0x6f,
    0xf6, 0xf, 0xfc, 0x0, 0x0, 0x0, 0x6, 0xff,
    0x60, 0xff, 0xd0, 0x0, 0x0, 0x0, 0x6f, 0xf6,
    0xf, 0xff, 0x0, 0x0, 0x0, 0x9, 0xff, 0x40,
    0xbf, 0xf4, 0x0, 0x0, 0x0, 0xdf, 0xf1, 0x5,
    0xff, 0xd2, 0x0, 0x0, 0x9f, 0xfb, 0x0, 0xc,
    0xff, 0xfb, 0x89, 0xdf, 0xff, 0x20, 0x0, 0x1c,
    0xff, 0xff, 0xff, 0xff, 0x40, 0x0, 0x0, 0x5,
    0xbe, 0xff, 0xc8, 0x10, 0x0,

    /* U+016F "ů" */
    0x0, 0x0, 0x3c, 0xfc, 0x20, 0x0, 0x0, 0x0,
    0xf, 0x73, 0x9d, 0x0, 0x0, 0x0, 0x1, 0xf4,
    0x6, 0xe0, 0x0, 0x0, 0x0, 0x6, 0xff, 0xe4,
    0x0, 0x0, 0x0, 0x0, 0x0, 0x20, 0x0, 0x0,
    0x0, 0x0, 0x0, 0x0, 0x0, 0x0, 0x0, 0x4f,
    0xf7, 0x0, 0x0, 0x9, 0xff, 0x24, 0xff, 0x70,
    0x0, 0x0, 0x9f, 0xf2, 0x4f, 0xf7, 0x0, 0x0,
    0x9, 0xff, 0x24, 0xff, 0x70, 0x0, 0x0, 0x9f,
    0xf2, 0x4f, 0xf7, 0x0, 0x0, 0x9, 0xff, 0x24,
    0xff, 0x70, 0x0, 0x0, 0x9f, 0xf2, 0x4f, 0xf7,
    0x0, 0x0, 0xa, 0xff, 0x23, 0xff, 0x90, 0x0,
    0x0, 0xdf, 0xf2, 0x1f, 0xff, 0x10, 0x0, 0x6f,
    0xff, 0x20, 0xbf, 0xfe, 0x97, 0xbf, 0xff, 0xf2,
    0x1, 0xef, 0xff, 0xff, 0xfc, 0xff, 0x20, 0x1,
    0x9d, 0xfe, 0xb3, 0x7f, 0xf2,

    /* U+0170 "Ű" */
    0x0, 0x0, 0x0, 0x0, 0x0, 0x0, 0x0, 0x0,
    0x0, 0x0, 0xe, 0xfa, 0xd, 0xfc, 0x0, 0x0,
    0x0, 0x9, 0xfd, 0x6, 0xfe, 0x10, 0x0, 0x0,
    0x2, 0xff, 0x21, 0xef, 0x40, 0x0, 0x0, 0x0,
    0x0, 0x0, 0x0, 0x0, 0x0, 0x1, 0xff, 0xc0,
    0x0, 0x0, 0x0, 0x6f, 0xf6, 0x1f, 0xfc, 0x0,
    0x0, 0x0, 0x6, 0xff, 0x61, 0xff, 0xc0, 0x0,
    0x0, 0x0, 0x6f, 0xf6, 0x1f, 0xfc, 0x0, 0x0,
    0x0, 0x6, 0xff, 0x61, 0xff, 0xc0, 0x0, 0x0,
    0x0, 0x6f, 0xf6, 0x1f, 0xfc, 0x0, 0x0, 0x0,
    0x6, 0xff, 0x61, 0xff, 0xc0, 0x0, 0x0, 0x0,
    0x6f, 0xf6, 0x1f, 0xfc, 0x0, 0x0, 0x0, 0x6,
    0xff, 0x60, 0xff, 0xc0, 0x0, 0x0, 0x0, 0x6f,
    0xf6, 0xf, 0xfd, 0x0, 0x0, 0x0, 0x6, 0xff,
    0x60, 0xff, 0xf0, 0x0, 0x0, 0x0, 0x9f, 0xf4,
    0xb, 0xff, 0x40, 0x0, 0x0, 0xd, 0xff, 0x10,
    0x5f, 0xfd, 0x20, 0x0, 0x9, 0xff, 0xb0, 0x0,
    0xcf, 0xff, 0xb8, 0x9d, 0xff, 0xf2, 0x0, 0x1,
    0xcf, 0xff, 0xff, 0xff, 0xf4, 0x0, 0x0, 0x0,
    0x5b, 0xef, 0xfc, 0x81, 0x0, 0x0,

    /* U+0171 "ű" */
    0x0, 0x0, 0x3f, 0xf6, 0x2f, 0xf8, 0x0, 0x0,
    0xc, 0xfa, 0xa, 0xfc, 0x0, 0x0, 0x6, 0xfd,
    0x4, 0xfe, 0x10, 0x0, 0x0, 0x0, 0x0, 0x0,
    0x0, 0x0, 0x0, 0x0, 0x0, 0x0, 0x0, 0x0,
    0x4, 0xff, 0x70, 0x0, 0x0, 0x9f, 0xf2, 0x4f,
    0xf7, 0x0, 0x0, 0x9, 0xff, 0x24, 0xff, 0x70,
    0x0, 0x0, 0x9f, 0xf2, 0x4f, 0xf7, 0x0, 0x0,
    0x9, 0xff, 0x24, 0xff, 0x70, 0x0, 0x0, 0x9f,
    0xf2, 0x4f, 0xf7, 0x0, 0x0, 0x9, 0xff, 0x24,
    0xff, 0x70, 0x0, 0x0, 0xaf, 0xf2, 0x3f, 0xf9,
    0x0, 0x0, 0xd, 0xff, 0x21, 0xff, 0xf1, 0x0,
    0x6, 0xff, 0xf2, 0xb, 0xff, 0xe9, 0x7b, 0xff,
    0xff, 0x20, 0x1e, 0xff, 0xff, 0xff, 0xcf, 0xf2,
    0x0, 0x19, 0xdf, 0xeb, 0x37, 0xff, 0x20,

    /* U+0172 "Ų" */
    0x1f, 0xfc, 0x0, 0x0, 0x0, 0x6, 0xff, 0x61,
    0xff, 0xc0, 0x0, 0x0, 0x0, 0x6f, 0xf6, 0x1f,
    0xfc, 0x0, 0x0, 0x0, 0x6, 0xff, 0x61, 0xff,
    0xc0, 0x0, 0x0, 0x0, 0x6f, 0xf6, 0x1f, 0xfc,
    0x0, 0x0, 0x0, 0x6, 0xff, 0x61, 0xff, 0xc0,
    0x0, 0x0, 0x0, 0x6f, 0xf6, 0x1f, 0xfc, 0x0,
    0x0, 0x0, 0x6, 0xff, 0x61, 0xff, 0xc0, 0x0,
    0x0, 0x0, 0x6f, 0xf6, 0xf, 0xfc, 0x0, 0x0,
    0x0, 0x6, 0xff, 0x60, 0xff, 0xd0, 0x0, 0x0,
    0x0, 0x6f, 0xf6, 0xf, 0xff, 0x0, 0x0, 0x0,
    0x9, 0xff, 0x40, 0xbf, 0xf4, 0x0, 0x0, 0x0,
    0xdf, 0xf1, 0x5, 0xff, 0xd2, 0x0, 0x0, 0x9f,
    0xfc, 0x0, 0xc, 0xff, 0xfb, 0x89, 0xdf, 0xff,
    0x30, 0x0, 0x1c, 0xff, 0xff, 0xff, 0xff, 0x40,
    0x0, 0x0, 0x5, 0xbe, 0xff, 0xf9, 0x10, 0x0,
    0x0, 0x0, 0x0, 0xaf, 0x91, 0x0, 0x0, 0x0,
    0x0, 0x0, 0x5f, 0x90, 0x0, 0x0, 0x0, 0x0,
    0x0, 0x8, 0xf5, 0x0, 0x0, 0x0, 0x0, 0x0,
    0x0, 0x5f, 0xd8, 0xb0, 0x0, 0x0, 0x0, 0x0,
    0x0, 0x8e, 0xfc, 0x20, 0x0, 0x0,

    /* U+0173 "ų" */
    0x4f, 0xf7, 0x0, 0x0, 0x9, 0xff, 0x24, 0xff,
    0x70, 0x0, 0x0, 0x9f, 0xf2, 0x4f, 0xf7, 0x0,
    0x0, 0x9, 0xff, 0x24, 0xff, 0x70, 0x0, 0x0,
    0x9f, 0xf2, 0x4f, 0xf7, 0x0, 0x0, 0x9, 0xff,
    0x24, 0xff, 0x70, 0x0, 0x0, 0x9f, 0xf2, 0x4f,
    0xf7, 0x0, 0x0, 0xa, 0xff, 0x23, 0xff, 0x90,
    0x0, 0x0, 0xdf, 0xf2, 0x1f, 0xff, 0x10, 0x0,
    0x6f, 0xff, 0x20, 0xbf, 0xfe, 0x97, 0xbf, 0xff,
    0xf2, 0x1, 0xef, 0xff, 0xff, 0xfc, 0xff, 0x20,
    0x1, 0x9d, 0xfe, 0xb3, 0xaf, 0xf3, 0x0, 0x0,
    0x0, 0x0, 0x5f, 0xd3, 0x0, 0x0, 0x0, 0x0,
    0xf, 0xe0, 0x0, 0x0, 0x0, 0x0, 0x3, 0xfa,
    0x0, 0x0, 0x0, 0x0, 0x0, 0x1f, 0xf9, 0x95,
    0x0, 0x0, 0x0, 0x0, 0x4d, 0xfe, 0x60,

    /* U+0174 "Ŵ" */
    0x0, 0x0, 0x0, 0x0, 0x0, 0x3f, 0xff, 0x50,
    0x0, 0x0, 0x0, 0x0, 0x0, 0x0, 0x0, 0x0,
    0x0, 0x3e, 0xfc, 0xff, 0x50, 0x0, 0x0, 0x0,
    0x0, 0x0, 0x0, 0x0, 0x0, 0x2e, 0xf5, 0x2,
    0xef, 0x50, 0x0, 0x0, 0x0, 0x0, 0x0, 0x0,
    0x0, 0x0, 0x0, 0x0, 0x0, 0x0, 0x0, 0x0,
    0x0, 0x0, 0x4f, 0xfb, 0x0, 0x0, 0x0, 0xc,
    0xff, 0x20, 0x0, 0x0, 0x5, 0xff, 0x60, 0xef,
    0xf0, 0x0, 0x0, 0x1, 0xff, 0xf7, 0x0, 0x0,
    0x0, 0xaf, 0xf1, 0x9, 0xff, 0x50, 0x0, 0x0,
    0x7f, 0xff, 0xc0, 0x0, 0x0, 0xf, 0xfc, 0x0,
    0x4f, 0xfa, 0x0, 0x0, 0xc, 0xff, 0xff, 0x20,
    0x0, 0x4, 0xff, 0x70, 0x0, 0xff, 0xf0, 0x0,
    0x1, 0xff, 0xcf, 0xf7, 0x0, 0x0, 0x9f, 0xf2,
    0x0, 0xa, 0xff, 0x40, 0x0, 0x6f, 0xf3, 0xef,
    0xc0, 0x0, 0xe, 0xfd, 0x0, 0x0, 0x5f, 0xf9,
    0x0, 0xc, 0xfd, 0xa, 0xff, 0x10, 0x4, 0xff,
    0x80, 0x0, 0x0, 0xff, 0xe0, 0x1, 0xff, 0x80,
    0x4f, 0xf6, 0x0, 0x9f, 0xf2, 0x0, 0x0, 0xb,
    0xff, 0x30, 0x6f, 0xf3, 0x0, 0xff, 0xb0, 0xe,
    0xfd, 0x0, 0x0, 0x0, 0x6f, 0xf8, 0xb, 0xfe,
    0x0, 0xa, 0xff, 0x3, 0xff, 0x80, 0x0, 0x0,
    0x1, 0xff, 0xd1, 0xff, 0x80, 0x0, 0x5f, 0xf5,
    0x8f, 0xf3, 0x0, 0x0, 0x0, 0xb, 0xff, 0x9f,
    0xf3, 0x0, 0x0, 0xff, 0xad, 0xfe, 0x0, 0x0,
    0x0, 0x0, 0x6f, 0xff, 0xfe, 0x0, 0x0, 0xb,
    0xff, 0xff, 0x90, 0x0, 0x0, 0x0, 0x1, 0xff,
    0xff, 0x90, 0x0, 0x0, 0x5f, 0xff, 0xf4, 0x0,
    0x0, 0x0, 0x0, 0xc, 0xff, 0xf3, 0x0, 0x0,
    0x1, 0xff, 0xfe, 0x0, 0x0, 0x0, 0x0, 0x0,
    0x7f, 0xfe, 0x0, 0x0, 0x0, 0xb, 0xff, 0xa0,
    0x0, 0x0,

    /* U+0175 "ŵ" */
    0x0, 0x0, 0x0, 0x0, 0xaf, 0xfc, 0x0, 0x0,
    0x0, 0x0, 0x0, 0x0, 0x0, 0x0, 0xaf, 0xa8,
    0xfb, 0x0, 0x0, 0x0, 0x0, 0x0, 0x0, 0x0,
    0x9f, 0xa0, 0x8, 0xfb, 0x0, 0x0, 0x0, 0x0,
    0x0, 0x0, 0x0, 0x0, 0x0, 0x0, 0x0, 0x0,
    0x0, 0x0, 0x0, 0x0, 0x0, 0x0, 0x0, 0x0,
    0x0, 0x0, 0x0, 0x0, 0xb, 0xfd, 0x0, 0x0,
    0x2, 0xff, 0x80, 0x0, 0x0, 0x7f, 0xe0, 0x5f,
    0xf3, 0x0, 0x0, 0x8f, 0xfd, 0x0, 0x0, 0xd,
    0xf9, 0x0, 0xff, 0x80, 0x0, 0xe, 0xff, 0xf3,
    0x0, 0x3, 0xff, 0x30, 0xa, 0xfe, 0x0, 0x4,
    0xff, 0xff, 0x90, 0x0, 0x9f, 0xd0, 0x0, 0x4f,
    0xf4, 0x0, 0xaf, 0xd9, 0xfe, 0x0, 0xe, 0xf8,
    0x0, 0x0, 0xef, 0x90, 0xf, 0xf7, 0x3f, 0xf4,
    0x4, 0xff, 0x20, 0x0, 0x9, 0xfe, 0x5, 0xff,
    0x10, 0xdf, 0xa0, 0xaf, 0xc0, 0x0, 0x0, 0x3f,
    0xf4, 0xbf, 0xb0, 0x8, 0xff, 0x1f, 0xf6, 0x0,
    0x0, 0x0, 0xdf, 0xcf, 0xf5, 0x0, 0x2f, 0xfb,
    0xff, 0x10, 0x0, 0x0, 0x7, 0xff, 0xff, 0x0,
    0x0, 0xcf, 0xff, 0xb0, 0x0, 0x0, 0x0, 0x2f,
    0xff, 0x90, 0x0, 0x6, 0xff, 0xf5, 0x0, 0x0,
    0x0, 0x0, 0xcf, 0xf3, 0x0, 0x0, 0xf, 0xff,
    0x0, 0x0, 0x0,

    /* U+0176 "Ŷ" */
    0x0, 0x0, 0x0, 0x17, 0x76, 0x0, 0x0, 0x0,
    0x0, 0x0, 0x3, 0xef, 0xff, 0xa0, 0x0, 0x0,
    0x0, 0x0, 0x5f, 0xd3, 0x8, 0xfc, 0x10, 0x0,
    0x0, 0x0, 0x0, 0x0, 0x0, 0x0, 0x0, 0x0,
    0xe, 0xff, 0x20, 0x0, 0x0, 0x0, 0x5f, 0xf7,
    0x5, 0xff, 0xa0, 0x0, 0x0, 0x0, 0xdf, 0xd0,
    0x0, 0xcf, 0xf3, 0x0, 0x0, 0x7, 0xff, 0x50,
    0x0, 0x3f, 0xfc, 0x0, 0x0, 0x1e, 0xfc, 0x0,
    0x0, 0xa, 0xff, 0x50, 0x0, 0x8f, 0xf3, 0x0,
    0x0, 0x2, 0xff, 0xd0, 0x2, 0xff, 0xa0, 0x0,
    0x0, 0x0, 0x8f, 0xf6, 0xa, 0xff, 0x10, 0x0,
    0x0, 0x0, 0xe, 0xfe, 0x4f, 0xf8, 0x0, 0x0,
    0x0, 0x0, 0x6, 0xff, 0xff, 0xe0, 0x0, 0x0,
    0x0, 0x0, 0x0, 0xdf, 0xff, 0x60, 0x0, 0x0,
    0x0, 0x0, 0x0, 0x6f, 0xff, 0x0, 0x0, 0x0,
    0x0, 0x0, 0x0, 0x2f, 0xfc, 0x0, 0x0, 0x0,
    0x0, 0x0, 0x0, 0x2f, 0xfb, 0x0, 0x0, 0x0,
    0x0, 0x0, 0x0, 0x2f, 0xfb, 0x0, 0x0, 0x0,
    0x0, 0x0, 0x0, 0x2f, 0xfb, 0x0, 0x0, 0x0,
    0x0, 0x0, 0x0, 0x2f, 0xfb, 0x0, 0x0, 0x0,

    /* U+0177 "ŷ" */
    0x0, 0x0, 0xa, 0xff, 0xc0, 0x0, 0x0, 0x0,
    0x0, 0xaf, 0xa8, 0xfb, 0x0, 0x0, 0x0, 0x9,
    0xfa, 0x0, 0x8f, 0xb0, 0x0, 0x0, 0x0, 0x0,
    0x0, 0x0, 0x0, 0x0, 0x0, 0x0, 0x0, 0x0,
    0x0, 0x0, 0x0, 0xe, 0xfe, 0x0, 0x0, 0x0,
    0x1f, 0xf9, 0x7, 0xff, 0x60, 0x0, 0x0, 0x7f,
    0xf2, 0x0, 0xff, 0xd0, 0x0, 0x0, 0xef, 0xb0,
    0x0, 0x9f, 0xf4, 0x0, 0x5, 0xff, 0x40, 0x0,
    0x2f, 0xfb, 0x0, 0xc, 0xfd, 0x0, 0x0, 0xb,
    0xff, 0x20, 0x3f, 0xf6, 0x0, 0x0, 0x4, 0xff,
    0x80, 0xaf, 0xe0, 0x0, 0x0, 0x0, 0xcf, 0xe2,
    0xff, 0x80, 0x0, 0x0, 0x0, 0x5f, 0xff, 0xff,
    0x10, 0x0, 0x0, 0x0, 0xe, 0xff, 0xfa, 0x0,
    0x0, 0x0, 0x0, 0x7, 0xff, 0xf3, 0x0, 0x0,
    0x0, 0x0, 0x1, 0xff, 0xc0, 0x0, 0x0, 0x0,
    0x0, 0x6, 0xff, 0x50, 0x0, 0x0, 0x9, 0xa5,
    0x7f, 0xfd, 0x0, 0x0, 0x0, 0x2f, 0xff, 0xff,
    0xf3, 0x0, 0x0, 0x0, 0x7, 0xdf, 0xeb, 0x20,
    0x0, 0x0, 0x0,

    /* U+0178 "Ÿ" */
    0x0, 0x0, 0x7, 0x90, 0x4, 0xa2, 0x0, 0x0,
    0x0, 0x0, 0x1f, 0xf6, 0xd, 0xfa, 0x0, 0x0,
    0x0, 0x0, 0xc, 0xe2, 0x8, 0xf6, 0x0, 0x0,
    0x0, 0x0, 0x0, 0x0, 0x0, 0x0, 0x0, 0x0,
    0xe, 0xff, 0x20, 0x0, 0x0, 0x0, 0x5f, 0xf7,
    0x5, 0xff, 0xb0, 0x0, 0x0, 0x0, 0xef, 0xd0,
    0x0, 0xbf, 0xf4, 0x0, 0x0, 0x8, 0xff, 0x40,
    0x0, 0x2f, 0xfd, 0x0, 0x0, 0x2f, 0xfb, 0x0,
    0x0, 0x9, 0xff, 0x70, 0x0, 0xbf, 0xf2, 0x0,
    0x0, 0x1, 0xef, 0xf1, 0x4, 0xff, 0x80, 0x0,
    0x0, 0x0, 0x6f, 0xfa, 0xd, 0xfe, 0x0, 0x0,
    0x0, 0x0, 0xd, 0xff, 0xaf, 0xf5, 0x0, 0x0,
    0x0, 0x0, 0x4, 0xff, 0xff, 0xc0, 0x0, 0x0,
    0x0, 0x0, 0x0, 0xbf, 0xff, 0x30, 0x0, 0x0,
    0x0, 0x0, 0x0, 0x4f, 0xff, 0x0, 0x0, 0x0,
    0x0, 0x0, 0x0, 0x2f, 0xfb, 0x0, 0x0, 0x0,
    0x0, 0x0, 0x0, 0x2f, 0xfb, 0x0, 0x0, 0x0,
    0x0, 0x0, 0x0, 0x2f, 0xfb, 0x0, 0x0, 0x0,
    0x0, 0x0, 0x0, 0x2f, 0xfb, 0x0, 0x0, 0x0,
    0x0, 0x0, 0x0, 0x2f, 0xfb, 0x0, 0x0, 0x0,

    /* U+0179 "Ź" */
    0x0, 0x0, 0x0, 0x1, 0xdf, 0xe4, 0x0, 0x0,
    0x0, 0x0, 0x1, 0xcf, 0xc2, 0x0, 0x0, 0x0,
    0x0, 0x1, 0xcf, 0x90, 0x0, 0x0, 0x0, 0x0,
    0x0, 0x0, 0x0, 0x0, 0x0, 0x0, 0xf, 0xff,
    0xff, 0xff, 0xff, 0xff, 0xfc, 0x0, 0xff, 0xff,
    0xff, 0xff, 0xff, 0xff, 0xb0, 0x6, 0x77, 0x77,
    0x77, 0x79, 0xff, 0xf5, 0x0, 0x0, 0x0, 0x0,
    0x0, 0xcf, 0xf8, 0x0, 0x0, 0x0, 0x0, 0x0,
    0x9f, 0xfb, 0x0, 0x0, 0x0, 0x0, 0x0, 0x6f,
    0xfe, 0x10, 0x0, 0x0, 0x0, 0x0, 0x3f, 0xff,
    0x30, 0x0, 0x0, 0x0, 0x0, 0x1e, 0xff, 0x60,
    0x0, 0x0, 0x0, 0x0, 0xb, 0xff, 0x90, 0x0,
    0x0, 0x0, 0x0, 0x8, 0xff, 0xc0, 0x0, 0x0,
    0x0, 0x0, 0x4, 0xff, 0xe2, 0x0, 0x0, 0x0,
    0x0, 0x2, 0xff, 0xf4, 0x0, 0x0, 0x0, 0x0,
    0x0, 0xdf, 0xf7, 0x0, 0x0, 0x0, 0x0, 0x0,
    0xaf, 0xff, 0x77, 0x77, 0x77, 0x77, 0x70, 0x1f,
    0xff, 0xff, 0xff, 0xff, 0xff, 0xff, 0x1, 0xff,
    0xff, 0xff, 0xff, 0xff, 0xff, 0xf0,

    /* U+017A "ź" */
    0x0, 0x0, 0x0, 0x7f, 0xfa, 0x0, 0x0, 0x0,
    0x5f, 0xf7, 0x0, 0x0, 0x0, 0x4f, 0xf5, 0x0,
    0x0, 0x0, 0x3, 0x42, 0x0, 0x0, 0x0, 0x0,
    0x0, 0x0, 0x0, 0x0, 0xff, 0xff, 0xff, 0xff,
    0xfc, 0xf, 0xff, 0xff, 0xff, 0xff, 0xc0, 0x33,
    0x33, 0x34, 0xff, 0xf3, 0x0, 0x0, 0x0, 0xbf,
    0xf5, 0x0, 0x0, 0x0, 0x8f, 0xf9, 0x0, 0x0,
    0x0, 0x5f, 0xfb, 0x0, 0x0, 0x0, 0x2f, 0xfe,
    0x10, 0x0, 0x0, 0x1d, 0xff, 0x30, 0x0, 0x0,
    0xb, 0xff, 0x50, 0x0, 0x0, 0x8, 0xff, 0xc3,
    0x33, 0x33, 0x32, 0xff, 0xff, 0xff, 0xff, 0xff,
    0x2f, 0xff, 0xff, 0xff, 0xff, 0xf0,

    /* U+017B "Ż" */
    0x0, 0x0, 0x0, 0x1, 0x0, 0x0, 0x0, 0x0,
    0x0, 0x0, 0xb, 0xfa, 0x0, 0x0, 0x0, 0x0,
    0x0, 0x0, 0xff, 0xf0, 0x0, 0x0, 0x0, 0x0,
    0x0, 0x9, 0xf8, 0x0, 0x0, 0x0, 0x0, 0x0,
    0x0, 0x0, 0x0, 0x0, 0x0, 0x0, 0xff, 0xff,
    0xff, 0xff, 0xff, 0xff, 0xc0, 0xf, 0xff, 0xff,
    0xff, 0xff, 0xff, 0xfb, 0x0, 0x67, 0x77, 0x77,
    0x77, 0x9f, 0xff, 0x50, 0x0, 0x0, 0x0, 0x0,
    0xc, 0xff, 0x80, 0x0, 0x0, 0x0, 0x0, 0x9,
    0xff, 0xb0, 0x0, 0x0, 0x0, 0x0, 0x6, 0xff,
    0xe1, 0x0, 0x0, 0x0, 0x0, 0x3, 0xff, 0xf3,
    0x0, 0x0, 0x0, 0x0, 0x1, 0xef, 0xf6, 0x0,
    0x0, 0x0, 0x0, 0x0, 0xbf, 0xf9, 0x0, 0x0,
    0x0, 0x0, 0x0, 0x8f, 0xfc, 0x0, 0x0, 0x0,
    0x0, 0x0, 0x4f, 0xfe, 0x20, 0x0, 0x0, 0x0,
    0x0, 0x2f, 0xff, 0x40, 0x0, 0x0, 0x0, 0x0,
    0xd, 0xff, 0x70, 0x0, 0x0, 0x0, 0x0, 0xa,
    0xff, 0xf7, 0x77, 0x77, 0x77, 0x77, 0x1, 0xff,
    0xff, 0xff, 0xff, 0xff, 0xff, 0xf0, 0x1f, 0xff,
    0xff, 0xff, 0xff, 0xff, 0xff, 0x0,

    /* U+017C "ż" */
    0x0, 0x0, 0x6, 0x50, 0x0, 0x0, 0x0, 0x8,
    0xff, 0x40, 0x0, 0x0, 0x0, 0x9f, 0xf5, 0x0,
    0x0, 0x0, 0x1, 0x97, 0x0, 0x0, 0x0, 0x0,
    0x0, 0x0, 0x0, 0x0, 0x0, 0x0, 0x0, 0x0,
    0x0, 0xf, 0xff, 0xff, 0xff, 0xff, 0xc0, 0xff,
    0xff, 0xff, 0xff, 0xfc, 0x3, 0x33, 0x33, 0x4f,
    0xff, 0x30, 0x0, 0x0, 0xb, 0xff, 0x50, 0x0,
    0x0, 0x8, 0xff, 0x90, 0x0, 0x0, 0x5, 0xff,
    0xb0, 0x0, 0x0, 0x2, 0xff, 0xe1, 0x0, 0x0,
    0x1, 0xdf, 0xf3, 0x0, 0x0, 0x0, 0xbf, 0xf5,
    0x0, 0x0, 0x0, 0x8f, 0xfc, 0x33, 0x33, 0x33,
    0x2f, 0xff, 0xff, 0xff, 0xff, 0xf2, 0xff, 0xff,
    0xff, 0xff, 0xff,

    /* U+017D "Ž" */
    0x0, 0x4, 0xfe, 0x30, 0x4e, 0xf3, 0x0, 0x0,
    0x0, 0x4, 0xff, 0xcf, 0xf3, 0x0, 0x0, 0x0,
    0x0, 0x4, 0xff, 0xf4, 0x0, 0x0, 0x0, 0x0,
    0x0, 0x0, 0x0, 0x0, 0x0, 0x0, 0xf, 0xff,
    0xff, 0xff, 0xff, 0xff, 0xfc, 0x0, 0xff, 0xff,
    0xff, 0xff, 0xff, 0xff, 0xb0, 0x6, 0x77, 0x77,
    0x77, 0x79, 0xff, 0xf5, 0x0, 0x0, 0x0, 0x0,
    0x0, 0xcf, 0xf8, 0x0, 0x0, 0x0, 0x0, 0x0,
    0x9f, 0xfb, 0x0, 0x0, 0x0, 0x0, 0x0, 0x6f,
    0xfe, 0x10, 0x0, 0x0, 0x0, 0x0, 0x3f, 0xff,
    0x30, 0x0, 0x0, 0x0, 0x0, 0x1e, 0xff, 0x60,
    0x0, 0x0, 0x0, 0x0, 0xb, 0xff, 0x90, 0x0,
    0x0, 0x0, 0x0, 0x8, 0xff, 0xc0, 0x0, 0x0,
    0x0, 0x0, 0x4, 0xff, 0xe2, 0x0, 0x0, 0x0,
    0x0, 0x2, 0xff, 0xf4, 0x0, 0x0, 0x0, 0x0,
    0x0, 0xdf, 0xf7, 0x0, 0x0, 0x0, 0x0, 0x0,
    0xaf, 0xff, 0x77, 0x77, 0x77, 0x77, 0x70, 0x1f,
    0xff, 0xff, 0xff, 0xff, 0xff, 0xff, 0x1, 0xff,
    0xff, 0xff, 0xff, 0xff, 0xff, 0xf0,

    /* U+017E "ž" */
    0x0, 0xcf, 0x80, 0xa, 0xfa, 0x0, 0x1, 0xdf,
    0xac, 0xfb, 0x0, 0x0, 0x2, 0xef, 0xfc, 0x0,
    0x0, 0x0, 0x2, 0x44, 0x10, 0x0, 0x0, 0x0,
    0x0, 0x0, 0x0, 0x0, 0xff, 0xff, 0xff, 0xff,
    0xfc, 0xf, 0xff, 0xff, 0xff, 0xff, 0xc0, 0x33,
    0x33, 0x34, 0xff, 0xf3, 0x0, 0x0, 0x0, 0xbf,
    0xf5, 0x0, 0x0, 0x0, 0x8f, 0xf9, 0x0, 0x0,
    0x0, 0x5f, 0xfb, 0x0, 0x0, 0x0, 0x2f, 0xfe,
    0x10, 0x0, 0x0, 0x1d, 0xff, 0x30, 0x0, 0x0,
    0xb, 0xff, 0x50, 0x0, 0x0, 0x8, 0xff, 0xc3,
    0x33, 0x33, 0x32, 0xff, 0xff, 0xff, 0xff, 0xff,
    0x2f, 0xff, 0xff, 0xff, 0xff, 0xf0,

    /* U+017F "ſ" */
    0x0, 0x0, 0x8d, 0xfe, 0x90, 0x0, 0xc, 0xff,
    0xff, 0xc0, 0x0, 0x5f, 0xfc, 0x46, 0x50, 0x0,
    0x8f, 0xf3, 0x0, 0x0, 0x0, 0x9f, 0xf2, 0x0,
    0x0, 0x8f, 0xff, 0xf2, 0x0, 0x0, 0x8f, 0xff,
    0xf2, 0x0, 0x0, 0x13, 0xdf, 0xf2, 0x0, 0x0,
    0x0, 0x9f, 0xf2, 0x0, 0x0, 0x0, 0x9f, 0xf2,
    0x0, 0x0, 0x0, 0x9f, 0xf2, 0x0, 0x0, 0x0,
    0x9f, 0xf2, 0x0, 0x0, 0x0, 0x9f, 0xf2, 0x0,
    0x0, 0x0, 0x9f, 0xf2, 0x0, 0x0, 0x0, 0x9f,
    0xf2, 0x0, 0x0, 0x0, 0x9f, 0xf2, 0x0, 0x0,
    0x0, 0x9f, 0xf2, 0x0, 0x0,

    /* U+0180 "ƀ" */
    0x0, 0xef, 0xd0, 0x0, 0x0, 0x0, 0x0, 0x0,
    0xe, 0xfd, 0x0, 0x0, 0x0, 0x0, 0x0, 0xef,
    0xff, 0xff, 0xff, 0xa0, 0x0, 0x0, 0xb, 0xcf,
    0xff, 0xcc, 0xc7, 0x0, 0x0, 0x0, 0x0, 0xef,
    0xd0, 0x0, 0x0, 0x0, 0x0, 0x0, 0xe, 0xfd,
    0x18, 0xdf, 0xeb, 0x40, 0x0, 0x0, 0xef, 0xfe,
    0xff, 0xff, 0xff, 0x90, 0x0, 0xe, 0xff, 0xfc,
    0x76, 0x9f, 0xff, 0x80, 0x0, 0xef, 0xfa, 0x0,
    0x0, 0x2f, 0xff, 0x10, 0xe, 0xff, 0x10, 0x0,
    0x0, 0x8f, 0xf5, 0x0, 0xef, 0xf0, 0x0, 0x0,
    0x4, 0xff, 0x70, 0xe, 0xff, 0x0, 0x0, 0x0,
    0x4f, 0xf7, 0x0, 0xef, 0xf1, 0x0, 0x0, 0x8,
    0xff, 0x50, 0xe, 0xff, 0xb0, 0x0, 0x3, 0xff,
    0xf0, 0x0, 0xef, 0xff, 0xd7, 0x69, 0xff, 0xf7,
    0x0, 0xe, 0xfd, 0xef, 0xff, 0xff, 0xf9, 0x0,
    0x0, 0xef, 0xb1, 0x9d, 0xfe, 0xb4, 0x0, 0x0,

    /* U+0181 "Ɓ" */
    0x0, 0x6c, 0xff, 0xff, 0xff, 0xff, 0xff, 0xeb,
    0x50, 0x0, 0x8, 0xff, 0xff, 0xff, 0xff, 0xff,
    0xff, 0xff, 0xfa, 0x0, 0x1f, 0xff, 0x87, 0xff,
    0xf7, 0x77, 0x78, 0xbf, 0xff, 0x70, 0x5f, 0xf7,
    0x0, 0xff, 0xe0, 0x0, 0x0, 0x6, 0xff, 0xc0,
    0x5f, 0xf5, 0x0, 0xff, 0xe0, 0x0, 0x0, 0x0,
    0xff, 0xe0, 0x2f, 0xfa, 0x0, 0xff, 0xe0, 0x0,
    0x0, 0x2, 0xff, 0xc0, 0xc, 0xfd, 0x0, 0xff,
    0xe0, 0x0, 0x0, 0x4c, 0xff, 0x70, 0x2, 0x90,
    0x0, 0xff, 0xff, 0xff, 0xff, 0xff, 0xfc, 0x0,
    0x0, 0x0, 0x0, 0xff, 0xff, 0xff, 0xff, 0xff,
    0xf6, 0x0, 0x0, 0x0, 0x0, 0xff, 0xf3, 0x33,
    0x33, 0x59, 0xff, 0xb0, 0x0, 0x0, 0x0, 0xff,
    0xe0, 0x0, 0x0, 0x0, 0x7f, 0xf6, 0x0, 0x0,
    0x0, 0xff, 0xe0, 0x0, 0x0, 0x0, 0x3f, 0xfa,
    0x0, 0x0, 0x0, 0xff, 0xe0, 0x0, 0x0, 0x0,
    0x7f, 0xfa, 0x0, 0x0, 0x0, 0xff, 0xe4, 0x44,
    0x44, 0x59, 0xff, 0xf6, 0x0, 0x0, 0x0, 0xff,
    0xff, 0xff, 0xff, 0xff, 0xff, 0xa0, 0x0, 0x0,
    0x0, 0xff, 0xff, 0xff, 0xff, 0xfd, 0xa5, 0x0,

    /* U+0182 "Ƃ" */
    0xff, 0xff, 0xff, 0xff, 0xff, 0xff, 0x50, 0xff,
    0xff, 0xff, 0xff, 0xff, 0xff, 0x50, 0xff, 0xf4,
    0x44, 0x44, 0x44, 0x44, 0x10, 0xff, 0xe0, 0x0,
    0x0, 0x0, 0x0, 0x0, 0xff, 0xe0, 0x0, 0x0,
    0x0, 0x0, 0x0, 0xff, 0xe0, 0x0, 0x0, 0x0,
    0x0, 0x0, 0xff, 0xe0, 0x0, 0x0, 0x0, 0x0,
    0x0, 0xff, 0xff, 0xff, 0xff, 0xfe, 0xa5, 0x0,
    0xff, 0xff, 0xff, 0xff, 0xff, 0xff, 0xa0, 0xff,
    0xf4, 0x44, 0x44, 0x59, 0xff, 0xf5, 0xff, 0xe0,
    0x0, 0x0, 0x0, 0x6f, 0xfa, 0xff, 0xe0, 0x0,
    0x0, 0x0, 0x2f, 0xfb, 0xff, 0xe0, 0x0, 0x0,
    0x0, 0x6f, 0xfa, 0xff, 0xf4, 0x44, 0x44, 0x59,
    0xff, 0xf4, 0xff, 0xff, 0xff, 0xff, 0xff, 0xff,
    0x90, 0xff, 0xff, 0xff, 0xff, 0xfd, 0xa4, 0x0,

    /* U+0183 "ƃ" */
    0x3f, 0xff, 0xff, 0xff, 0xff, 0xa0, 0x0, 0x3f,
    0xff, 0xff, 0xff, 0xff, 0xa0, 0x0, 0x3f, 0xf9,
    0x22, 0x22, 0x22, 0x10, 0x0, 0x3f, 0xf8, 0x0,
    0x0, 0x0, 0x0, 0x0, 0x3f, 0xf8, 0x0, 0x0,
    0x0, 0x0, 0x0, 0x3f, 0xf8, 0x3a, 0xef, 0xd9,
    0x20, 0x0, 0x3f, 0xfe, 0xff, 0xff, 0xff, 0xf5,
    0x0, 0x3f, 0xff, 0xfa, 0x66, 0xaf, 0xff, 0x30,
    0x3f, 0xff, 0x60, 0x0, 0x6, 0xff, 0xc0, 0x3f,
    0xff, 0x0, 0x0, 0x0, 0xcf, 0xf1, 0x3f, 0xfe,
    0x0, 0x0, 0x0, 0x9f, 0xf3, 0x3f, 0xfe, 0x0,
    0x0, 0x0, 0x9f, 0xf3, 0x3f, 0xff, 0x0, 0x0,
    0x0, 0xdf, 0xf1, 0x3f, 0xff, 0x60, 0x0, 0x6,
    0xff, 0xc0, 0x3f, 0xff, 0xfb, 0x66, 0xbf, 0xff,
    0x30, 0x3f, 0xfc, 0xff, 0xff, 0xff, 0xf6, 0x0,
    0x3f, 0xf6, 0x3a, 0xef, 0xd9, 0x20, 0x0,

    /* U+0186 "Ɔ" */
    0x0, 0x7, 0xbe, 0xfe, 0xc8, 0x10, 0x0, 0x0,
    0x5e, 0xff, 0xff, 0xff, 0xff, 0x80, 0x0, 0x3f,
    0xff, 0xea, 0x8a, 0xef, 0xff, 0xa0, 0x0, 0x9f,
    0x60, 0x0, 0x0, 0x6f, 0xff, 0x70, 0x0, 0x20,
    0x0, 0x0, 0x0, 0x4f, 0xff, 0x10, 0x0, 0x0,
    0x0, 0x0, 0x0, 0xaf, 0xf6, 0x0, 0x0, 0x0,
    0x0, 0x0, 0x4, 0xff, 0xa0, 0x0, 0x0, 0x0,
    0x0, 0x0, 0x1f, 0xfc, 0x0, 0x0, 0x0, 0x0,
    0x0, 0x1, 0xff, 0xc0, 0x0, 0x0, 0x0, 0x0,
    0x0, 0x4f, 0xfa, 0x0, 0x0, 0x0, 0x0, 0x0,
    0xa, 0xff, 0x60, 0x2, 0x0, 0x0, 0x0, 0x4,
    0xff, 0xf1, 0x9, 0xf6, 0x0, 0x0, 0x6, 0xff,
    0xf7, 0x3, 0xff, 0xfe, 0xa8, 0xae, 0xff, 0xfa,
    0x0, 0x5, 0xef, 0xff, 0xff, 0xff, 0xf8, 0x0,
    0x0, 0x1, 0x7c, 0xef, 0xec, 0x81, 0x0, 0x0,

    /* U+0187 "Ƈ" */
    0x0, 0x0, 0x0, 0x0, 0x0, 0x0, 0x5, 0xdf,
    0xe4, 0x0, 0x0, 0x0, 0x0, 0x0, 0x0, 0x5f,
    0xff, 0xf1, 0x0, 0x0, 0x0, 0x0, 0x0, 0x0,
    0xdf, 0xf6, 0x40, 0x0, 0x0, 0x18, 0xce, 0xfe,
    0xb7, 0xff, 0x80, 0x0, 0x0, 0x8, 0xff, 0xff,
    0xff, 0xff, 0xff, 0x70, 0x0, 0x0, 0xaf, 0xff,
    0xea, 0x9a, 0xef, 0xff, 0x80, 0x0, 0x8, 0xff,
    0xf7, 0x0, 0x0, 0x7, 0xf8, 0x0, 0x0, 0x1f,
    0xff, 0x40, 0x0, 0x0, 0x0, 0x20, 0x0, 0x0,
    0x7f, 0xf9, 0x0, 0x0, 0x0, 0x0, 0x0, 0x0,
    0x0, 0xbf, 0xf3, 0x0, 0x0, 0x0, 0x0, 0x0,
    0x0, 0x0, 0xdf, 0xf1, 0x0, 0x0, 0x0, 0x0,
    0x0, 0x0, 0x0, 0xdf, 0xf1, 0x0, 0x0, 0x0,
    0x0, 0x0, 0x0, 0x0, 0xbf, 0xf3, 0x0, 0x0,
    0x0, 0x0, 0x0, 0x0, 0x0, 0x7f, 0xf9, 0x0,
    0x0, 0x0, 0x0, 0x0, 0x0, 0x0, 0x1f, 0xff,
    0x30, 0x0, 0x0, 0x0, 0x20, 0x0, 0x0, 0x8,
    0xff, 0xf6, 0x0, 0x0, 0x6, 0xf8, 0x0, 0x0,
    0x0, 0xbf, 0xff, 0xea, 0x8a, 0xef, 0xff, 0x30,
    0x0, 0x0, 0x8, 0xff, 0xff, 0xff, 0xff, 0xe5,
    0x0, 0x0, 0x0, 0x0, 0x28, 0xce, 0xfe, 0xb7,
    0x0, 0x0, 0x0,

    /* U+0188 "ƈ" */
    0x0, 0x0, 0x0, 0x0, 0x0, 0x9, 0xef, 0xa0,
    0x0, 0x0, 0x0, 0x0, 0xa, 0xff, 0xfa, 0x0,
    0x0, 0x0, 0x0, 0x1, 0xff, 0xc6, 0x30, 0x0,
    0x0, 0x0, 0x0, 0x4f, 0xf4, 0x0, 0x0, 0x0,
    0x0, 0x0, 0x4, 0xff, 0x30, 0x0, 0x0, 0x7,
    0xce, 0xfd, 0xdf, 0xf3, 0x0, 0x0, 0x3e, 0xff,
    0xff, 0xff, 0xff, 0x30, 0x0, 0x1e, 0xff, 0xb6,
    0x6a, 0xff, 0xf3, 0x0, 0x9, 0xff, 0x80, 0x0,
    0x5, 0xb2, 0x0, 0x0, 0xff, 0xe0, 0x0, 0x0,
    0x0, 0x0, 0x0, 0x1f, 0xfa, 0x0, 0x0, 0x0,
    0x0, 0x0, 0x1, 0xff, 0xa0, 0x0, 0x0, 0x0,
    0x0, 0x0, 0xf, 0xfe, 0x0, 0x0, 0x0, 0x0,
    0x0, 0x0, 0x9f, 0xf8, 0x0, 0x0, 0x5b, 0x20,
    0x0, 0x1, 0xef, 0xfc, 0x76, 0xaf, 0xfe, 0x0,
    0x0, 0x3, 0xdf, 0xff, 0xff, 0xfe, 0x40, 0x0,
    0x0, 0x0, 0x7c, 0xef, 0xd8, 0x10, 0x0, 0x0,

    /* U+0189 "Ɖ" */
    0x0, 0xf, 0xff, 0xff, 0xff, 0xfd, 0xa4, 0x0,
    0x0, 0x0, 0x0, 0xff, 0xff, 0xff, 0xff, 0xff,
    0xfc, 0x10, 0x0, 0x0, 0xf, 0xff, 0x77, 0x77,
    0x8b, 0xff, 0xfe, 0x20, 0x0, 0x0, 0xff, 0xe0,
    0x0, 0x0, 0x1, 0xbf, 0xfd, 0x0, 0x0, 0xf,
    0xfe, 0x0, 0x0, 0x0, 0x0, 0xcf, 0xf7, 0x0,
    0x0, 0xff, 0xe0, 0x0, 0x0, 0x0, 0x3, 0xff,
    0xd0, 0x0, 0xf, 0xfe, 0x0, 0x0, 0x0, 0x0,
    0xd, 0xff, 0x11, 0xff, 0xff, 0xff, 0xff, 0xf0,
    0x0, 0x0, 0xbf, 0xf2, 0x1f, 0xff, 0xff, 0xff,
    0xff, 0x0, 0x0, 0xb, 0xff, 0x20, 0x22, 0xff,
    0xf2, 0x22, 0x20, 0x0, 0x0, 0xdf, 0xf1, 0x0,
    0xf, 0xfe, 0x0, 0x0, 0x0, 0x0, 0x3f, 0xfd,
    0x0, 0x0, 0xff, 0xe0, 0x0, 0x0, 0x0, 0xc,
    0xff, 0x70, 0x0, 0xf, 0xfe, 0x0, 0x0, 0x0,
    0x1b, 0xff, 0xd0, 0x0, 0x0, 0xff, 0xf7, 0x77,
    0x78, 0xbf, 0xff, 0xe2, 0x0, 0x0, 0xf, 0xff,
    0xff, 0xff, 0xff, 0xff, 0xc2, 0x0, 0x0, 0x0,
    0xff, 0xff, 0xff, 0xfe, 0xd9, 0x40, 0x0, 0x0,

    /* U+018A "Ɗ" */
    0x0, 0x6d, 0xff, 0xff, 0xff, 0xff, 0xff, 0xda,
    0x40, 0x0, 0x0, 0x9, 0xff, 0xff, 0xff, 0xff,
    0xff, 0xff, 0xff, 0xfb, 0x10, 0x0, 0x2f, 0xfe,
    0x87, 0xff, 0xf7, 0x77, 0x78, 0xbf, 0xff, 0xe2,
    0x0, 0x5f, 0xf6, 0x0, 0xff, 0xe0, 0x0, 0x0,
    0x2, 0xcf, 0xfd, 0x0, 0x5f, 0xf6, 0x0, 0xff,
    0xe0, 0x0, 0x0, 0x0, 0xd, 0xff, 0x70, 0x1f,
    0xfb, 0x0, 0xff, 0xe0, 0x0, 0x0, 0x0, 0x4,
    0xff, 0xd0, 0xa, 0xfa, 0x0, 0xff, 0xe0, 0x0,
    0x0, 0x0, 0x0, 0xef, 0xf0, 0x1, 0x50, 0x0,
    0xff, 0xe0, 0x0, 0x0, 0x0, 0x0, 0xcf, 0xf2,
    0x0, 0x0, 0x0, 0xff, 0xe0, 0x0, 0x0, 0x0,
    0x0, 0xcf, 0xf2, 0x0, 0x0, 0x0, 0xff, 0xe0,
    0x0, 0x0, 0x0, 0x0, 0xef, 0xf0, 0x0, 0x0,
    0x0, 0xff, 0xe0, 0x0, 0x0, 0x0, 0x4, 0xff,
    0xd0, 0x0, 0x0, 0x0, 0xff, 0xe0, 0x0, 0x0,
    0x0, 0xd, 0xff, 0x70, 0x0, 0x0, 0x0, 0xff,
    0xe0, 0x0, 0x0, 0x2, 0xcf, 0xfd, 0x0, 0x0,
    0x0, 0x0, 0xff, 0xf7, 0x77, 0x78, 0xbf, 0xff,
    0xe2, 0x0, 0x0, 0x0, 0x0, 0xff, 0xff, 0xff,
    0xff, 0xff, 0xfb, 0x10, 0x0, 0x0, 0x0, 0x0,
    0xff, 0xff, 0xff, 0xfe, 0xd9, 0x30, 0x0, 0x0,

    /* U+018B "Ƌ" */
    0x0, 0x7f, 0xff, 0xff, 0xff, 0xff, 0xff, 0x70,
    0x7, 0xff, 0xff, 0xff, 0xff, 0xff, 0xf7, 0x0,
    0x36, 0x66, 0x66, 0x66, 0x6a, 0xff, 0x70, 0x0,
    0x0, 0x0, 0x0, 0x0, 0x6f, 0xf7, 0x0, 0x0,
    0x0, 0x0, 0x0, 0x6, 0xff, 0x70, 0x0, 0x0,
    0x0, 0x0, 0x0, 0x6f, 0xf7, 0x0, 0x0, 0x2,
    0x34, 0x44, 0x48, 0xff, 0x70, 0x3, 0xbf, 0xff,
    0xff, 0xff, 0xff, 0xf7, 0x5, 0xff, 0xff, 0xff,
    0xff, 0xff, 0xff, 0x70, 0xef, 0xfa, 0x30, 0x0,
    0x0, 0x6f, 0xf7, 0x3f, 0xfc, 0x0, 0x0, 0x0,
    0x6, 0xff, 0x74, 0xff, 0xa0, 0x0, 0x0, 0x0,
    0x6f, 0xf7, 0x1f, 0xfe, 0x10, 0x0, 0x0, 0x6,
    0xff, 0x70, 0xbf, 0xfe, 0x75, 0x44, 0x44, 0x8f,
    0xf7, 0x1, 0xdf, 0xff, 0xff, 0xff, 0xff, 0xff,
    0x70, 0x0, 0x6b, 0xef, 0xff, 0xff, 0xff, 0xf7,

    /* U+018C "ƌ" */
    0x0, 0x8, 0xff, 0xff, 0xff, 0xff, 0xf4, 0x0,
    0x8, 0xff, 0xff, 0xff, 0xff, 0xf4, 0x0, 0x1,
    0x22, 0x22, 0x22, 0x8f, 0xf4, 0x0, 0x0, 0x0,
    0x0, 0x0, 0x7f, 0xf4, 0x0, 0x0, 0x0, 0x0,
    0x0, 0x7f, 0xf4, 0x0, 0x2, 0x8d, 0xfe, 0xb3,
    0x7f, 0xf4, 0x0, 0x4f, 0xff, 0xff, 0xff, 0xef,
    0xf4, 0x2, 0xff, 0xfb, 0x66, 0xaf, 0xff, 0xf4,
    0xa, 0xff, 0x80, 0x0, 0x5, 0xff, 0xf4, 0xf,
    0xfe, 0x0, 0x0, 0x0, 0xff, 0xf4, 0x1f, 0xfa,
    0x0, 0x0, 0x0, 0xbf, 0xf4, 0x1f, 0xfa, 0x0,
    0x0, 0x0, 0xbf, 0xf4, 0xf, 0xfe, 0x0, 0x0,
    0x0, 0xff, 0xf4, 0xa, 0xff, 0x80, 0x0, 0x5,
    0xff, 0xf4, 0x2, 0xff, 0xfb, 0x66, 0xaf, 0xff,
    0xf4, 0x0, 0x4f, 0xff, 0xff, 0xff, 0xcf, 0xf4,
    0x0, 0x2, 0x8d, 0xfe, 0xb4, 0x5f, 0xf4,

    /* U+018E "Ǝ" */
    0x9f, 0xff, 0xff, 0xff, 0xff, 0xfa, 0x9f, 0xff,
    0xff, 0xff, 0xff, 0xfa, 0x36, 0x66, 0x66, 0x66,
    0x8f, 0xfa, 0x0, 0x0, 0x0, 0x0, 0x2f, 0xfa,
    0x0, 0x0, 0x0, 0x0, 0x2f, 0xfa, 0x0, 0x0,
    0x0, 0x0, 0x2f, 0xfa, 0x0, 0x0, 0x0, 0x0,
    0x2f, 0xfa, 0xa, 0xff, 0xff, 0xff, 0xff, 0xfa,
    0xa, 0xff, 0xff, 0xff, 0xff, 0xfa, 0x3, 0x66,
    0x66, 0x66, 0x9f, 0xfa, 0x0, 0x0, 0x0, 0x0,
    0x2f, 0xfa, 0x0, 0x0, 0x0, 0x0, 0x2f, 0xfa,
    0x0, 0x0, 0x0, 0x0, 0x2f, 0xfa, 0x56, 0x66,
    0x66, 0x66, 0x8f, 0xfa, 0xef, 0xff, 0xff, 0xff,
    0xff, 0xfa, 0xef, 0xff, 0xff, 0xff, 0xff, 0xfa,

    /* U+018F "Ə" */
    0x0, 0x0, 0x17, 0xbe, 0xff, 0xd9, 0x30, 0x0,
    0x0, 0x0, 0x7f, 0xff, 0xff, 0xff, 0xff, 0xa1,
    0x0, 0x0, 0x5f, 0xff, 0xeb, 0x99, 0xdf, 0xff,
    0xd1, 0x0, 0x0, 0x9e, 0x50, 0x0, 0x0, 0x4e,
    0xff, 0xb0, 0x0, 0x0, 0x10, 0x0, 0x0, 0x0,
    0x2e, 0xff, 0x30, 0x0, 0x0, 0x0, 0x0, 0x0,
    0x0, 0x6f, 0xf9, 0x0, 0x0, 0x0, 0x0, 0x0,
    0x0, 0x1, 0xff, 0xd0, 0xff, 0xff, 0xff, 0xff,
    0xff, 0xff, 0xff, 0xff, 0xf, 0xff, 0xff, 0xff,
    0xff, 0xff, 0xff, 0xff, 0xf0, 0xdf, 0xf4, 0x44,
    0x44, 0x44, 0x44, 0x4f, 0xfd, 0x9, 0xff, 0x50,
    0x0, 0x0, 0x0, 0x4, 0xff, 0x90, 0x3f, 0xfd,
    0x0, 0x0, 0x0, 0x0, 0xcf, 0xf3, 0x0, 0xaf,
    0xfb, 0x10, 0x0, 0x1, 0xaf, 0xfa, 0x0, 0x0,
    0xdf, 0xff, 0xa7, 0x7a, 0xef, 0xfd, 0x0, 0x0,
    0x0, 0xaf, 0xff, 0xff, 0xff, 0xfa, 0x0, 0x0,
    0x0, 0x0, 0x39, 0xdf, 0xfd, 0x93, 0x0, 0x0,

    /* U+0190 "Ɛ" */
    0x0, 0x6, 0xbd, 0xff, 0xeb, 0x72, 0x0, 0x2,
    0xdf, 0xff, 0xff, 0xff, 0xff, 0x40, 0xc, 0xff,
    0xfa, 0x77, 0x9d, 0xff, 0x10, 0x2f, 0xff, 0x20,
    0x0, 0x0, 0x26, 0x0, 0x2f, 0xfb, 0x0, 0x0,
    0x0, 0x0, 0x0, 0xe, 0xfd, 0x0, 0x0, 0x0,
    0x0, 0x0, 0x5, 0xff, 0xb5, 0x44, 0x44, 0x0,
    0x0, 0x0, 0xaf, 0xff, 0xff, 0xff, 0x0, 0x0,
    0xc, 0xff, 0xff, 0xff, 0xff, 0x0, 0x0, 0x8f,
    0xfd, 0x41, 0x0, 0x0, 0x0, 0x0, 0xdf, 0xf2,
    0x0, 0x0, 0x0, 0x0, 0x0, 0xdf, 0xf1, 0x0,
    0x0, 0x0, 0x0, 0x0, 0xaf, 0xf8, 0x0, 0x0,
    0x0, 0x6, 0x60, 0x3f, 0xff, 0xd8, 0x77, 0x8b,
    0xff, 0xd0, 0x4, 0xef, 0xff, 0xff, 0xff, 0xff,
    0xb0, 0x0, 0x6, 0xbe, 0xff, 0xec, 0x83, 0x0,

    /* U+0191 "Ƒ" */
    0x0, 0x9, 0xff, 0xff, 0xff, 0xff, 0xff, 0xa0,
    0x0, 0x9f, 0xff, 0xff, 0xff, 0xff, 0xfa, 0x0,
    0x9, 0xff, 0x96, 0x66, 0x66, 0x66, 0x40, 0x0,
    0x9f, 0xf4, 0x0, 0x0, 0x0, 0x0, 0x0, 0x9,
    0xff, 0x40, 0x0, 0x0, 0x0, 0x0, 0x0, 0x9f,
    0xf4, 0x0, 0x0, 0x0, 0x0, 0x0, 0x9, 0xff,
    0x40, 0x0, 0x0, 0x0, 0x0, 0x0, 0x9f, 0xff,
    0xff, 0xff, 0xff, 0xb0, 0x0, 0x9, 0xff, 0xff,
    0xff, 0xff, 0xfb, 0x0, 0x0, 0x9f, 0xfb, 0x77,
    0x77, 0x77, 0x50, 0x0, 0x9, 0xff, 0x40, 0x0,
    0x0, 0x0, 0x0, 0x0, 0x9f, 0xf4, 0x0, 0x0,
    0x0, 0x0, 0x0, 0x9, 0xff, 0x40, 0x0, 0x0,
    0x0, 0x0, 0x0, 0x9f, 0xf4, 0x0, 0x0, 0x0,
    0x0, 0x0, 0x9, 0xff, 0x40, 0x0, 0x0, 0x0,
    0x0, 0x0, 0x9f, 0xf4, 0x0, 0x0, 0x0, 0x0,
    0x0, 0xb, 0xff, 0x30, 0x0, 0x0, 0x0, 0x0,
    0x79, 0xff, 0xf0, 0x0, 0x0, 0x0, 0x0, 0x4f,
    0xff, 0xf7, 0x0, 0x0, 0x0, 0x0, 0x6, 0xef,
    0xd6, 0x0, 0x0, 0x0, 0x0, 0x0,

    /* U+0192 "ƒ" */
    0x0, 0x0, 0x2, 0xae, 0xfd, 0x60, 0x0, 0x1,
    0xef, 0xff, 0xf8, 0x0, 0x0, 0x8f, 0xfa, 0x47,
    0x20, 0x0, 0xc, 0xff, 0x0, 0x0, 0x0, 0x0,
    0xdf, 0xd0, 0x0, 0x0, 0xc, 0xff, 0xff, 0xff,
    0xf1, 0x0, 0xcf, 0xff, 0xff, 0xff, 0x10, 0x2,
    0x3f, 0xff, 0x33, 0x30, 0x0, 0x0, 0xdf, 0xe0,
    0x0, 0x0, 0x0, 0xd, 0xfe, 0x0, 0x0, 0x0,
    0x0, 0xdf, 0xe0, 0x0, 0x0, 0x0, 0xd, 0xfe,
    0x0, 0x0, 0x0, 0x0, 0xdf, 0xe0, 0x0, 0x0,
    0x0, 0xd, 0xfe, 0x0, 0x0, 0x0, 0x0, 0xdf,
    0xe0, 0x0, 0x0, 0x0, 0xd, 0xfe, 0x0, 0x0,
    0x0, 0x0, 0xdf, 0xe0, 0x0, 0x0, 0x0, 0xe,
    0xfd, 0x0, 0x0, 0x18, 0x5a, 0xff, 0xa0, 0x0,
    0x7, 0xff, 0xff, 0xf2, 0x0, 0x0, 0x6d, 0xff,
    0xb3, 0x0, 0x0, 0x0,

    /* U+0193 "Ɠ" */
    0x0, 0x0, 0x0, 0x0, 0x0, 0x0, 0x0, 0x5d,
    0xfe, 0x40, 0x0, 0x0, 0x0, 0x0, 0x0, 0x0,
    0x5f, 0xff, 0xf1, 0x0, 0x0, 0x0, 0x0, 0x0,
    0x0, 0xd, 0xff, 0x64, 0x0, 0x0, 0x0, 0x28,
    0xce, 0xfe, 0xb7, 0xff, 0x80, 0x0, 0x0, 0x0,
    0xaf, 0xff, 0xff, 0xff, 0xff, 0xf7, 0x0, 0x0,
    0x0, 0xdf, 0xff, 0xd9, 0x8a, 0xef, 0xff, 0x70,
    0x0, 0x0, 0xaf, 0xfe, 0x40, 0x0, 0x0, 0x6f,
    0x80, 0x0, 0x0, 0x4f, 0xfe, 0x20, 0x0, 0x0,
    0x0, 0x10, 0x0, 0x0, 0xa, 0xff, 0x60, 0x0,
    0x0, 0x0, 0x0, 0x0, 0x0, 0x0, 0xef, 0xf0,
    0x0, 0x0, 0x0, 0x0, 0x0, 0x0, 0x0, 0xf,
    0xfe, 0x0, 0x0, 0x0, 0x0, 0x12, 0x20, 0x0,
    0x0, 0xff, 0xe0, 0x0, 0x0, 0x0, 0x6, 0xff,
    0x40, 0x0, 0xe, 0xff, 0x10, 0x0, 0x0, 0x0,
    0x6f, 0xf4, 0x0, 0x0, 0xaf, 0xf6, 0x0, 0x0,
    0x0, 0x6, 0xff, 0x40, 0x0, 0x4, 0xff, 0xe2,
    0x0, 0x0, 0x0, 0x6f, 0xf4, 0x0, 0x0, 0xb,
    0xff, 0xe4, 0x0, 0x0, 0xb, 0xff, 0x40, 0x0,
    0x0, 0xd, 0xff, 0xfd, 0x98, 0xad, 0xff, 0xf5,
    0x0, 0x0, 0x0, 0xa, 0xff, 0xff, 0xff, 0xff,
    0xf8, 0x0, 0x0, 0x0, 0x0, 0x3, 0x9d, 0xff,
    0xeb, 0x71, 0x0, 0x0, 0x0,

    /* U+0194 "Ɣ" */
    0x1f, 0xff, 0x10, 0x0, 0x0, 0x0, 0x1f, 0xfc,
    0x0, 0x9f, 0xf7, 0x0, 0x0, 0x0, 0x8, 0xff,
    0x40, 0x1, 0xff, 0xe0, 0x0, 0x0, 0x1, 0xff,
    0xc0, 0x0, 0x9, 0xff, 0x70, 0x0, 0x0, 0x8f,
    0xf5, 0x0, 0x0, 0x1f, 0xfe, 0x0, 0x0, 0x1f,
    0xfd, 0x0, 0x0, 0x0, 0x9f, 0xf7, 0x0, 0x8,
    0xff, 0x50, 0x0, 0x0, 0x1, 0xff, 0xe0, 0x1,
    0xff, 0xd0, 0x0, 0x0, 0x0, 0x9, 0xff, 0x60,
    0x7f, 0xf5, 0x0, 0x0, 0x0, 0x0, 0x1f, 0xfe,
    0x1e, 0xfd, 0x0, 0x0, 0x0, 0x0, 0x0, 0x9f,
    0xfd, 0xff, 0x50, 0x0, 0x0, 0x0, 0x0, 0x1,
    0xff, 0xff, 0xd0, 0x0, 0x0, 0x0, 0x0, 0x0,
    0x9, 0xff, 0xf6, 0x0, 0x0, 0x0, 0x0, 0x0,
    0x0, 0x3f, 0xff, 0x0, 0x0, 0x0, 0x0, 0x0,
    0x0, 0xb, 0xff, 0xf7, 0x0, 0x0, 0x0, 0x0,
    0x0, 0x3, 0xff, 0xff, 0xe0, 0x0, 0x0, 0x0,
    0x0, 0x0, 0xbf, 0xc3, 0xff, 0x50, 0x0, 0x0,
    0x0, 0x0, 0xf, 0xf4, 0xb, 0xf8, 0x0, 0x0,
    0x0, 0x0, 0x0, 0xef, 0x71, 0xcf, 0x70, 0x0,
    0x0, 0x0, 0x0, 0x8, 0xff, 0xff, 0xf2, 0x0,
    0x0, 0x0, 0x0, 0x0, 0x7, 0xef, 0xc3, 0x0,
    0x0, 0x0,

    /* U+0196 "Ɩ" */
    0x1f, 0xfc, 0x0, 0x0, 0x1f, 0xfc, 0x0, 0x0,
    0x1f, 0xfc, 0x0, 0x0, 0x1f, 0xfc, 0x0, 0x0,
    0x1f, 0xfc, 0x0, 0x0, 0x1f, 0xfc, 0x0, 0x0,
    0x1f, 0xfc, 0x0, 0x0, 0x1f, 0xfc, 0x0, 0x0,
    0x1f, 0xfc, 0x0, 0x0, 0x1f, 0xfc, 0x0, 0x0,
    0x1f, 0xfc, 0x0, 0x0, 0xf, 0xfc, 0x0, 0x0,
    0xf, 0xfe, 0x0, 0x0, 0xc, 0xff, 0xc7, 0xb2,
    0x4, 0xff, 0xff, 0xf8, 0x0, 0x3b, 0xfe, 0xb4,

    /* U+0197 "Ɨ" */
    0x0, 0xaf, 0xf3, 0x0, 0x0, 0xaf, 0xf3, 0x0,
    0x0, 0xaf, 0xf3, 0x0, 0x0, 0xaf, 0xf3, 0x0,
    0x0, 0xaf, 0xf3, 0x0, 0x0, 0xaf, 0xf3, 0x0,
    0x0, 0xaf, 0xf3, 0x0, 0xbf, 0xff, 0xff, 0xf5,
    0xbf, 0xff, 0xff, 0xf5, 0x12, 0xcf, 0xf5, 0x20,
    0x0, 0xaf, 0xf3, 0x0, 0x0, 0xaf, 0xf3, 0x0,
    0x0, 0xaf, 0xf3, 0x0, 0x0, 0xaf, 0xf3, 0x0,
    0x0, 0xaf, 0xf3, 0x0, 0x0, 0xaf, 0xf3, 0x0,

    /* U+0198 "Ƙ" */
    0x0, 0x0, 0x0, 0x0, 0x0, 0x1, 0x0, 0x0,
    0x0, 0x0, 0x0, 0x0, 0x3c, 0xff, 0xa0, 0xff,
    0xe0, 0x0, 0x0, 0x3f, 0xff, 0xfa, 0xf, 0xfe,
    0x0, 0x0, 0x1e, 0xff, 0x78, 0x10, 0xff, 0xe0,
    0x0, 0xb, 0xff, 0x40, 0x0, 0xf, 0xfe, 0x0,
    0x8, 0xff, 0x70, 0x0, 0x0, 0xff, 0xe0, 0x5,
    0xff, 0xa0, 0x0, 0x0, 0xf, 0xfe, 0x2, 0xff,
    0xd0, 0x0, 0x0, 0x0, 0xff, 0xe0, 0xdf, 0xf2,
    0x0, 0x0, 0x0, 0xf, 0xfe, 0xaf, 0xff, 0x80,
    0x0, 0x0, 0x0, 0xff, 0xff, 0xff, 0xff, 0x50,
    0x0, 0x0, 0xf, 0xff, 0xfb, 0x7f, 0xff, 0x20,
    0x0, 0x0, 0xff, 0xfd, 0x10, 0xaf, 0xfd, 0x0,
    0x0, 0xf, 0xff, 0x30, 0x0, 0xcf, 0xfa, 0x0,
    0x0, 0xff, 0xf0, 0x0, 0x1, 0xef, 0xf6, 0x0,
    0xf, 0xfe, 0x0, 0x0, 0x3, 0xff, 0xf3, 0x0,
    0xff, 0xe0, 0x0, 0x0, 0x6, 0xff, 0xe1, 0xf,
    0xfe, 0x0, 0x0, 0x0, 0x9, 0xff, 0xb0,

    /* U+0199 "ƙ" */
    0x0, 0x5b, 0xef, 0xd7, 0x0, 0x0, 0x0, 0x6f,
    0xff, 0xff, 0xf2, 0x0, 0x0, 0xf, 0xff, 0x65,
    0x98, 0x0, 0x0, 0x4, 0xff, 0x80, 0x0, 0x0,
    0x0, 0x0, 0x4f, 0xf7, 0x0, 0x0, 0x0, 0x0,
    0x5, 0xff, 0x70, 0x0, 0x6, 0xff, 0xd1, 0x5f,
    0xf7, 0x0, 0x7, 0xff, 0xd1, 0x5, 0xff, 0x70,
    0x8, 0xff, 0xd1, 0x0, 0x5f, 0xf7, 0x9, 0xff,
    0xe2, 0x0, 0x5, 0xff, 0x79, 0xff, 0xf2, 0x0,
    0x0, 0x5f, 0xff, 0xff, 0xff, 0x0, 0x0, 0x5,
    0xff, 0xff, 0xff, 0xfa, 0x0, 0x0, 0x5f, 0xff,
    0xc2, 0xef, 0xf6, 0x0, 0x5, 0xff, 0xf0, 0x3,
    0xff, 0xf3, 0x0, 0x5f, 0xf7, 0x0, 0x6, 0xff,
    0xe1, 0x5, 0xff, 0x70, 0x0, 0xa, 0xff, 0xb0,
    0x5f, 0xf7, 0x0, 0x0, 0xc, 0xff, 0x80,

    /* U+019A "ƚ" */
    0x0, 0xaf, 0xf1, 0x0, 0x0, 0xaf, 0xf1, 0x0,
    0x0, 0xaf, 0xf1, 0x0, 0x0, 0xaf, 0xf1, 0x0,
    0x0, 0xaf, 0xf1, 0x0, 0x0, 0xaf, 0xf1, 0x0,
    0x0, 0xaf, 0xf1, 0x0, 0x0, 0xaf, 0xf1, 0x0,
    0x8c, 0xff, 0xfe, 0xc0, 0xaf, 0xff, 0xff, 0xf1,
    0x0, 0xaf, 0xf1, 0x0, 0x0, 0xaf, 0xf1, 0x0,
    0x0, 0xaf, 0xf1, 0x0, 0x0, 0xaf, 0xf1, 0x0,
    0x0, 0xaf, 0xf1, 0x0, 0x0, 0xaf, 0xf1, 0x0,
    0x0, 0xaf, 0xf1, 0x0,

    /* U+019B "ƛ" */
    0x5, 0xcf, 0xfb, 0x30, 0x0, 0x0, 0x0, 0x0,
    0xef, 0xff, 0xff, 0x45, 0xbe, 0x0, 0x0, 0x7,
    0xb6, 0x6f, 0xff, 0xff, 0xc1, 0x0, 0x0, 0x1,
    0x6d, 0xff, 0xff, 0x20, 0x0, 0x0, 0x0, 0x7f,
    0xfb, 0xff, 0xd0, 0x0, 0x0, 0x0, 0x1, 0x71,
    0xf, 0xff, 0x40, 0x0, 0x0, 0x0, 0x0, 0x2,
    0xff, 0xfb, 0x0, 0x0, 0x0, 0x0, 0x0, 0x9f,
    0xff, 0xf2, 0x0, 0x0, 0x0, 0x0, 0x1f, 0xfa,
    0xff, 0x90, 0x0, 0x0, 0x0, 0x7, 0xff, 0x1b,
    0xff, 0x0, 0x0, 0x0, 0x0, 0xef, 0xa0, 0x5f,
    0xf6, 0x0, 0x0, 0x0, 0x5f, 0xf4, 0x0, 0xef,
    0xd0, 0x0, 0x0, 0xc, 0xfd, 0x0, 0x8, 0xff,
    0x40, 0x0, 0x3, 0xff, 0x60, 0x0, 0x1f, 0xfb,
    0x0, 0x0, 0xaf, 0xf0, 0x0, 0x0, 0xaf, 0xf2,
    0x0, 0x1f, 0xf9, 0x0, 0x0, 0x4, 0xff, 0x80,
    0x8, 0xff, 0x20, 0x0, 0x0, 0xd, 0xff, 0x0,

    /* U+019C "Ɯ" */
    0x1f, 0xfc, 0x0, 0x0, 0x0, 0xf, 0xfe, 0x0,
    0x0, 0x0, 0xf, 0xfe, 0x1f, 0xfc, 0x0, 0x0,
    0x0, 0xf, 0xfe, 0x0, 0x0, 0x0, 0xf, 0xfe,
    0x1f, 0xfc, 0x0, 0x0, 0x0, 0xf, 0xfe, 0x0,
    0x0, 0x0, 0xf, 0xfe, 0x1f, 0xfc, 0x0, 0x0,
    0x0, 0xf, 0xfe, 0x0, 0x0, 0x0, 0xf, 0xfe,
    0x1f, 0xfc, 0x0, 0x0, 0x0, 0xf, 0xfe, 0x0,
    0x0, 0x0, 0xf, 0xfe, 0x1f, 0xfc, 0x0, 0x0,
    0x0, 0xf, 0xfe, 0x0, 0x0, 0x0, 0xf, 0xfe,
    0x1f, 0xfc, 0x0, 0x0, 0x0, 0xf, 0xfe, 0x0,
    0x0, 0x0, 0xf, 0xfe, 0x1f, 0xfc, 0x0, 0x0,
    0x0, 0xf, 0xfe, 0x0, 0x0, 0x0, 0xf, 0xfe,
    0x1f, 0xfc, 0x0, 0x0, 0x0, 0xf, 0xfe, 0x0,
    0x0, 0x0, 0xf, 0xfe, 0xf, 0xfc, 0x0, 0x0,
    0x0, 0xf, 0xfe, 0x0, 0x0, 0x0, 0xf, 0xfe,
    0xf, 0xfd, 0x0, 0x0, 0x0, 0xf, 0xfe, 0x0,
    0x0, 0x0, 0x1f, 0xfe, 0xe, 0xff, 0x10, 0x0,
    0x0, 0x4f, 0xff, 0x10, 0x0, 0x0, 0x5f, 0xfe,
    0xa, 0xff, 0x90, 0x0, 0x1, 0xdf, 0xff, 0x90,
    0x0, 0x1, 0xdf, 0xfe, 0x3, 0xff, 0xfc, 0x75,
    0x8e, 0xff, 0xff, 0xfc, 0x65, 0x8e, 0xff, 0xfe,
    0x0, 0x6f, 0xff, 0xff, 0xff, 0xd2, 0x9f, 0xff,
    0xff, 0xff, 0x8e, 0xfe, 0x0, 0x3, 0xae, 0xfe,
    0xc6, 0x0, 0x5, 0xbe, 0xfe, 0xa4, 0xe, 0xfe,

    /* U+019D "Ɲ" */
    0x0, 0x9, 0xff, 0x22, 0x8d, 0xff, 0xd8, 0x10,
    0x0, 0x0, 0x9f, 0xf6, 0xff, 0xff, 0xff, 0xfe,
    0x20, 0x0, 0x9, 0xff, 0xff, 0xb6, 0x57, 0xef,
    0xfd, 0x0, 0x0, 0x9f, 0xff, 0x50, 0x0, 0x1,
    0xdf, 0xf5, 0x0, 0x9, 0xff, 0xa0, 0x0, 0x0,
    0x4, 0xff, 0xa0, 0x0, 0x9f, 0xf5, 0x0, 0x0,
    0x0, 0xf, 0xfd, 0x0, 0x9, 0xff, 0x40, 0x0,
    0x0, 0x0, 0xff, 0xe0, 0x0, 0x9f, 0xf3, 0x0,
    0x0, 0x0, 0xf, 0xfe, 0x0, 0x9, 0xff, 0x30,
    0x0, 0x0, 0x0, 0xff, 0xe0, 0x0, 0x9f, 0xf3,
    0x0, 0x0, 0x0, 0xf, 0xfe, 0x0, 0x9, 0xff,
    0x30, 0x0, 0x0, 0x0, 0xff, 0xe0, 0x0, 0x9f,
    0xf3, 0x0, 0x0, 0x0, 0xf, 0xfe, 0x0, 0x9,
    0xff, 0x30, 0x0, 0x0, 0x0, 0xff, 0xe0, 0x0,
    0x9f, 0xf3, 0x0, 0x0, 0x0, 0xf, 0xfe, 0x0,
    0x9, 0xff, 0x30, 0x0, 0x0, 0x0, 0xff, 0xe0,
    0x0, 0x9f, 0xf3, 0x0, 0x0, 0x0, 0xf, 0xfe,
    0x0, 0xa, 0xff, 0x20, 0x0, 0x0, 0x0, 0x0,
    0x0, 0x24, 0xff, 0xe0, 0x0, 0x0, 0x0, 0x0,
    0x0, 0x3f, 0xff, 0xf7, 0x0, 0x0, 0x0, 0x0,
    0x0, 0x6, 0xef, 0xd6, 0x0, 0x0, 0x0, 0x0,
    0x0, 0x0,

    /* U+019E "ƞ" */
    0x3f, 0xf6, 0x3a, 0xef, 0xe9, 0x20, 0x3, 0xff,
    0xdf, 0xff, 0xff, 0xff, 0x30, 0x3f, 0xff, 0xf8,
    0x56, 0xcf, 0xfd, 0x3, 0xff, 0xf4, 0x0, 0x0,
    0xdf, 0xf2, 0x3f, 0xfc, 0x0, 0x0, 0x7, 0xff,
    0x53, 0xff, 0x90, 0x0, 0x0, 0x6f, 0xf5, 0x3f,
    0xf8, 0x0, 0x0, 0x6, 0xff, 0x63, 0xff, 0x80,
    0x0, 0x0, 0x6f, 0xf6, 0x3f, 0xf8, 0x0, 0x0,
    0x6, 0xff, 0x63, 0xff, 0x80, 0x0, 0x0, 0x6f,
    0xf6, 0x3f, 0xf8, 0x0, 0x0, 0x6, 0xff, 0x63,
    0xff, 0x80, 0x0, 0x0, 0x6f, 0xf6, 0x0, 0x0,
    0x0, 0x0, 0x6, 0xff, 0x60, 0x0, 0x0, 0x0,
    0x0, 0x6f, 0xf6, 0x0, 0x0, 0x0, 0x0, 0x6,
    0xff, 0x60, 0x0, 0x0, 0x0, 0x0, 0x6f, 0xf6,

    /* U+019F "Ɵ" */
    0x0, 0x0, 0x2, 0x8c, 0xef, 0xeb, 0x60, 0x0,
    0x0, 0x0, 0x0, 0x9f, 0xff, 0xff, 0xff, 0xfe,
    0x50, 0x0, 0x0, 0xc, 0xff, 0xfd, 0x98, 0xaf,
    0xff, 0xf6, 0x0, 0x0, 0xaf, 0xfe, 0x40, 0x0,
    0x0, 0x9f, 0xff, 0x30, 0x3, 0xff, 0xf3, 0x0,
    0x0, 0x0, 0x9, 0xff, 0xc0, 0x9, 0xff, 0x70,
    0x0, 0x0, 0x0, 0x0, 0xdf, 0xf2, 0xd, 0xff,
    0x32, 0x22, 0x22, 0x22, 0x22, 0x9f, 0xf6, 0xf,
    0xff, 0xff, 0xff, 0xff, 0xff, 0xff, 0xff, 0xf8,
    0xf, 0xff, 0xff, 0xff, 0xff, 0xff, 0xff, 0xff,
    0xf8, 0xd, 0xff, 0x10, 0x0, 0x0, 0x0, 0x0,
    0x8f, 0xf6, 0x9, 0xff, 0x60, 0x0, 0x0, 0x0,
    0x0, 0xdf, 0xf2, 0x3, 0xff, 0xe2, 0x0, 0x0,
    0x0, 0x8, 0xff, 0xc0, 0x0, 0xaf, 0xfe, 0x30,
    0x0, 0x0, 0x8f, 0xff, 0x30, 0x0, 0xc, 0xff,
    0xfc, 0x98, 0xae, 0xff, 0xf6, 0x0, 0x0, 0x0,
    0x9f, 0xff, 0xff, 0xff, 0xfe, 0x50, 0x0, 0x0,
    0x0, 0x2, 0x8d, 0xef, 0xeb, 0x60, 0x0, 0x0,

    /* U+01A0 "Ơ" */
    0x0, 0x0, 0x0, 0x0, 0x0, 0x0, 0x0, 0x0,
    0x10, 0x0, 0x0, 0x0, 0x0, 0x0, 0x0, 0x0,
    0xb, 0xf1, 0x0, 0x0, 0x0, 0x0, 0x0, 0x0,
    0x0, 0x9, 0xf4, 0x0, 0x0, 0x0, 0x0, 0x0,
    0x0, 0x0, 0x2d, 0xf3, 0x0, 0x0, 0x2, 0x8c,
    0xef, 0xff, 0xff, 0xff, 0xb0, 0x0, 0x0, 0x9f,
    0xff, 0xff, 0xff, 0xff, 0xf5, 0x0, 0x0, 0xd,
    0xff, 0xfd, 0x98, 0xbf, 0xff, 0xf9, 0x0, 0x0,
    0xaf, 0xfe, 0x40, 0x0, 0x1, 0x9f, 0xff, 0x50,
    0x4, 0xff, 0xe1, 0x0, 0x0, 0x0, 0x8, 0xff,
    0xd0, 0xa, 0xff, 0x60, 0x0, 0x0, 0x0, 0x0,
    0xef, 0xf3, 0xe, 0xff, 0x10, 0x0, 0x0, 0x0,
    0x0, 0x8f, 0xf7, 0xf, 0xfe, 0x0, 0x0, 0x0,
    0x0, 0x0, 0x6f, 0xf8, 0xf, 0xfe, 0x0, 0x0,
    0x0, 0x0, 0x0, 0x6f, 0xf7, 0xe, 0xff, 0x10,
    0x0, 0x0, 0x0, 0x0, 0x8f, 0xf6, 0xa, 0xff,
    0x60, 0x0, 0x0, 0x0, 0x0, 0xef, 0xf1, 0x3,
    0xff, 0xe1, 0x0, 0x0, 0x0, 0x8, 0xff, 0xb0,
    0x0, 0xaf, 0xfe, 0x30, 0x0, 0x0, 0x9f, 0xff,
    0x20, 0x0, 0xc, 0xff, 0xfc, 0x98, 0xaf, 0xff,
    0xf5, 0x0, 0x0, 0x0, 0x9f, 0xff, 0xff, 0xff,
    0xfe, 0x40, 0x0, 0x0, 0x0, 0x2, 0x8d, 0xff,
    0xeb, 0x60, 0x0, 0x0,

    /* U+01A1 "ơ" */
    0x0, 0x0, 0x0, 0x0, 0x0, 0x0, 0x20, 0x0,
    0x0, 0x0, 0x0, 0x0, 0xe, 0xe0, 0x0, 0x0,
    0x0, 0x0, 0x0, 0xc, 0xf1, 0x0, 0x0, 0x0,
    0x0, 0x0, 0x2e, 0xf1, 0x0, 0x1, 0x7c, 0xef,
    0xff, 0xff, 0xa0, 0x0, 0x3e, 0xff, 0xff, 0xff,
    0xfc, 0x0, 0x1, 0xef, 0xfb, 0x66, 0xaf, 0xff,
    0x30, 0x9, 0xff, 0x70, 0x0, 0x4, 0xff, 0xd0,
    0xf, 0xfe, 0x0, 0x0, 0x0, 0xbf, 0xf2, 0x1f,
    0xfa, 0x0, 0x0, 0x0, 0x7f, 0xf5, 0x1f, 0xfa,
    0x0, 0x0, 0x0, 0x7f, 0xf4, 0xf, 0xfe, 0x0,
    0x0, 0x0, 0xbf, 0xf2, 0x9, 0xff, 0x80, 0x0,
    0x5, 0xff, 0xc0, 0x1, 0xef, 0xfc, 0x76, 0xaf,
    0xff, 0x30, 0x0, 0x3e, 0xff, 0xff, 0xff, 0xf5,
    0x0, 0x0, 0x1, 0x7c, 0xef, 0xd8, 0x20, 0x0,

    /* U+01A4 "Ƥ" */
    0x0, 0x6d, 0xff, 0xff, 0xff, 0xff, 0xfe, 0xb6,
    0x0, 0x0, 0x9f, 0xff, 0xff, 0xff, 0xff, 0xff,
    0xff, 0xfd, 0x20, 0x1f, 0xff, 0x87, 0xff, 0xf7,
    0x77, 0x79, 0xef, 0xfe, 0x15, 0xff, 0x60, 0xf,
    0xfe, 0x0, 0x0, 0x0, 0xcf, 0xf7, 0x5f, 0xf5,
    0x0, 0xff, 0xe0, 0x0, 0x0, 0x3, 0xff, 0xc2,
    0xff, 0xb0, 0xf, 0xfe, 0x0, 0x0, 0x0, 0xf,
    0xfe, 0xb, 0xfb, 0x0, 0xff, 0xe0, 0x0, 0x0,
    0x1, 0xff, 0xd0, 0x16, 0x0, 0xf, 0xfe, 0x0,
    0x0, 0x0, 0x7f, 0xfa, 0x0, 0x0, 0x0, 0xff,
    0xe0, 0x0, 0x2, 0x8f, 0xff, 0x30, 0x0, 0x0,
    0xf, 0xff, 0xff, 0xff, 0xff, 0xff, 0x80, 0x0,
    0x0, 0x0, 0xff, 0xff, 0xff, 0xff, 0xfe, 0x50,
    0x0, 0x0, 0x0, 0xf, 0xff, 0x77, 0x76, 0x53,
    0x0, 0x0, 0x0, 0x0, 0x0, 0xff, 0xe0, 0x0,
    0x0, 0x0, 0x0, 0x0, 0x0, 0x0, 0xf, 0xfe,
    0x0, 0x0, 0x0, 0x0, 0x0, 0x0, 0x0, 0x0,
    0xff, 0xe0, 0x0, 0x0, 0x0, 0x0, 0x0, 0x0,
    0x0, 0xf, 0xfe, 0x0, 0x0, 0x0, 0x0, 0x0,

    /* U+01A5 "ƥ" */
    0x0, 0x4b, 0xef, 0xd8, 0x10, 0x0, 0x0, 0x5,
    0xff, 0xff, 0xff, 0x40, 0x0, 0x0, 0xe, 0xff,
    0x75, 0x8a, 0x0, 0x0, 0x0, 0x2f, 0xfa, 0x0,
    0x0, 0x0, 0x0, 0x0, 0x3f, 0xf8, 0x0, 0x0,
    0x0, 0x0, 0x0, 0x3f, 0xf8, 0x3a, 0xef, 0xd9,
    0x20, 0x0, 0x3f, 0xfe, 0xff, 0xff, 0xff, 0xf5,
    0x0, 0x3f, 0xff, 0xfb, 0x66, 0xbf, 0xff, 0x30,
    0x3f, 0xff, 0x60, 0x0, 0x6, 0xff, 0xc0, 0x3f,
    0xff, 0x0, 0x0, 0x0, 0xcf, 0xf1, 0x3f, 0xfe,
    0x0, 0x0, 0x0, 0x9f, 0xf3, 0x3f, 0xff, 0x0,
    0x0, 0x0, 0x9f, 0xf3, 0x3f, 0xff, 0x0, 0x0,
    0x0, 0xdf, 0xf1, 0x3f, 0xff, 0x60, 0x0, 0x7,
    0xff, 0xc0, 0x3f, 0xff, 0xfb, 0x66, 0xbf, 0xff,
    0x30, 0x3f, 0xfe, 0xff, 0xff, 0xff, 0xf6, 0x0,
    0x3f, 0xf8, 0x3a, 0xef, 0xd9, 0x20, 0x0, 0x3f,
    0xf8, 0x0, 0x0, 0x0, 0x0, 0x0, 0x3f, 0xf8,
    0x0, 0x0, 0x0, 0x0, 0x0, 0x3f, 0xf8, 0x0,
    0x0, 0x0, 0x0, 0x0, 0x3f, 0xf8, 0x0, 0x0,
    0x0, 0x0, 0x0,

    /* U+01A6 "Ʀ" */
    0xff, 0xe0, 0x0, 0x0, 0x0, 0x0, 0x0, 0xff,
    0xe0, 0x0, 0x0, 0x0, 0x0, 0x0, 0xff, 0xff,
    0xff, 0xfe, 0xc7, 0x10, 0x0, 0xff, 0xff, 0xff,
    0xff, 0xff, 0xe4, 0x0, 0xff, 0xf7, 0x77, 0x79,
    0xef, 0xff, 0x20, 0xff, 0xe0, 0x0, 0x0, 0xb,
    0xff, 0x90, 0xff, 0xe0, 0x0, 0x0, 0x2, 0xff,
    0xd0, 0xff, 0xe0, 0x0, 0x0, 0x0, 0xff, 0xe0,
    0xff, 0xe0, 0x0, 0x0, 0x1, 0xff, 0xd0, 0xff,
    0xe0, 0x0, 0x0, 0xa, 0xff, 0x90, 0xff, 0xf6,
    0x66, 0x68, 0xdf, 0xff, 0x20, 0xff, 0xff, 0xff,
    0xff, 0xff, 0xe4, 0x0, 0xff, 0xff, 0xff, 0xff,
    0xfc, 0x10, 0x0, 0xff, 0xe0, 0x0, 0x1e, 0xff,
    0x10, 0x0, 0xff, 0xe0, 0x0, 0x4, 0xff, 0xc0,
    0x0, 0xff, 0xe0, 0x0, 0x0, 0x9f, 0xf7, 0x0,
    0x0, 0x0, 0x0, 0x0, 0xd, 0xff, 0x30, 0x0,
    0x0, 0x0, 0x0, 0x3, 0xff, 0xd0,

    /* U+01A9 "Ʃ" */
    0x0, 0x0, 0x0, 0x2a, 0xef, 0xd8, 0x0, 0x0,
    0x0, 0x2f, 0xff, 0xff, 0xf7, 0x0, 0x0, 0xb,
    0xff, 0xd8, 0x9f, 0x10, 0x0, 0x0, 0xff, 0xf1,
    0x0, 0x10, 0x0, 0x0, 0xf, 0xfd, 0x0, 0x0,
    0x0, 0x0, 0x0, 0xff, 0xd0, 0x0, 0x0, 0x0,
    0x0, 0xf, 0xfd, 0x0, 0x0, 0x0, 0x0, 0x0,
    0xff, 0xe0, 0x0, 0x0, 0x0, 0x0, 0xf, 0xfe,
    0x0, 0x0, 0x0, 0x0, 0x0, 0xff, 0xe0, 0x0,
    0x0, 0x0, 0x0, 0xf, 0xfe, 0x0, 0x0, 0x0,
    0x0, 0x0, 0xff, 0xe0, 0x0, 0x0, 0x0, 0x0,
    0x2f, 0xfd, 0x0, 0x0, 0x3, 0xe8, 0x8e, 0xff,
    0x90, 0x0, 0x0, 0x9f, 0xff, 0xff, 0xe1, 0x0,
    0x0, 0x1, 0x9e, 0xfe, 0xa2, 0x0, 0x0, 0x0,

    /* U+01AC "Ƭ" */
    0x0, 0x7d, 0xff, 0xff, 0xff, 0xff, 0xff, 0xf0,
    0x9f, 0xff, 0xff, 0xff, 0xff, 0xff, 0xff, 0x2f,
    0xfd, 0x77, 0x7f, 0xff, 0x77, 0x77, 0x75, 0xff,
    0x30, 0x0, 0xff, 0xe0, 0x0, 0x0, 0x4f, 0xf2,
    0x0, 0xf, 0xfe, 0x0, 0x0, 0x1, 0xff, 0x70,
    0x0, 0xff, 0xe0, 0x0, 0x0, 0xa, 0xfa, 0x0,
    0xf, 0xfe, 0x0, 0x0, 0x0, 0x5, 0x0, 0x0,
    0xff, 0xe0, 0x0, 0x0, 0x0, 0x0, 0x0, 0xf,
    0xfe, 0x0, 0x0, 0x0, 0x0, 0x0, 0x0, 0xff,
    0xe0, 0x0, 0x0, 0x0, 0x0, 0x0, 0xf, 0xfe,
    0x0, 0x0, 0x0, 0x0, 0x0, 0x0, 0xff, 0xe0,
    0x0, 0x0, 0x0, 0x0, 0x0, 0xf, 0xfe, 0x0,
    0x0, 0x0, 0x0, 0x0, 0x0, 0xff, 0xe0, 0x0,
    0x0, 0x0, 0x0, 0x0, 0xf, 0xfe, 0x0, 0x0,
    0x0, 0x0, 0x0, 0x0, 0xff, 0xe0, 0x0, 0x0,

    /* U+01AD "ƭ" */
    0x0, 0x2, 0xae, 0xfd, 0x60, 0x1, 0xef, 0xff,
    0xf9, 0x0, 0x8f, 0xfa, 0x47, 0x20, 0xc, 0xff,
    0x0, 0x0, 0x0, 0xdf, 0xe0, 0x0, 0xc, 0xff,
    0xff, 0xff, 0xf1, 0xcf, 0xff, 0xff, 0xff, 0x12,
    0x3f, 0xff, 0x33, 0x30, 0x0, 0xdf, 0xe0, 0x0,
    0x0, 0xd, 0xfe, 0x0, 0x0, 0x0, 0xdf, 0xe0,
    0x0, 0x0, 0xd, 0xfe, 0x0, 0x0, 0x0, 0xdf,
    0xe0, 0x0, 0x0, 0xc, 0xff, 0x0, 0x0, 0x0,
    0x9f, 0xfb, 0x58, 0x30, 0x2, 0xff, 0xff, 0xf9,
    0x0, 0x3, 0xbf, 0xfc, 0x50,

    /* U+01AE "Ʈ" */
    0xef, 0xff, 0xff, 0xff, 0xff, 0xff, 0xf2, 0xef,
    0xff, 0xff, 0xff, 0xff, 0xff, 0xf2, 0x67, 0x77,
    0x7f, 0xff, 0x77, 0x77, 0x71, 0x0, 0x0, 0xd,
    0xff, 0x0, 0x0, 0x0, 0x0, 0x0, 0xd, 0xff,
    0x0, 0x0, 0x0, 0x0, 0x0, 0xd, 0xff, 0x0,
    0x0, 0x0, 0x0, 0x0, 0xd, 0xff, 0x0, 0x0,
    0x0, 0x0, 0x0, 0xd, 0xff, 0x0, 0x0, 0x0,
    0x0, 0x0, 0xd, 0xff, 0x0, 0x0, 0x0, 0x0,
    0x0, 0xd, 0xff, 0x0, 0x0, 0x0, 0x0, 0x0,
    0xd, 0xff, 0x0, 0x0, 0x0, 0x0, 0x0, 0xd,
    0xff, 0x0, 0x0, 0x0, 0x0, 0x0, 0xd, 0xff,
    0x0, 0x0, 0x0, 0x0, 0x0, 0xd, 0xff, 0x0,
    0x0, 0x0, 0x0, 0x0, 0xd, 0xff, 0x0, 0x0,
    0x0, 0x0, 0x0, 0xd, 0xff, 0x0, 0x0, 0x0,
    0x0, 0x0, 0xc, 0xff, 0x20, 0x0, 0x0, 0x0,
    0x0, 0x9, 0xff, 0xc6, 0x92, 0x0, 0x0, 0x0,
    0x2, 0xff, 0xff, 0xf9, 0x0, 0x0, 0x0, 0x0,
    0x3b, 0xff, 0xd6, 0x0, 0x0, 0x0, 0x0, 0x0,
    0x0, 0x0, 0x0,

    /* U+01AF "Ư" */
    0x0, 0x0, 0x0, 0x0, 0x0, 0x0, 0x0, 0x3,
    0x10, 0x0, 0x0, 0x0, 0x0, 0x0, 0x0, 0x6,
    0xf7, 0x0, 0x0, 0x0, 0x0, 0x0, 0x0, 0x0,
    0x3f, 0xb0, 0x0, 0x0, 0x0, 0x0, 0x0, 0x0,
    0x8, 0xf9, 0x1f, 0xfc, 0x0, 0x0, 0x0, 0x6,
    0xff, 0xff, 0x31, 0xff, 0xc0, 0x0, 0x0, 0x0,
    0x6f, 0xff, 0x40, 0x1f, 0xfc, 0x0, 0x0, 0x0,
    0x6, 0xff, 0x60, 0x1, 0xff, 0xc0, 0x0, 0x0,
    0x0, 0x6f, 0xf6, 0x0, 0x1f, 0xfc, 0x0, 0x0,
    0x0, 0x6, 0xff, 0x60, 0x1, 0xff, 0xc0, 0x0,
    0x0, 0x0, 0x6f, 0xf6, 0x0, 0x1f, 0xfc, 0x0,
    0x0, 0x0, 0x6, 0xff, 0x60, 0x1, 0xff, 0xc0,
    0x0, 0x0, 0x0, 0x6f, 0xf6, 0x0, 0xf, 0xfc,
    0x0, 0x0, 0x0, 0x6, 0xff, 0x60, 0x0, 0xff,
    0xd0, 0x0, 0x0, 0x0, 0x6f, 0xf6, 0x0, 0xf,
    0xff, 0x0, 0x0, 0x0, 0x9, 0xff, 0x40, 0x0,
    0xbf, 0xf4, 0x0, 0x0, 0x0, 0xdf, 0xf1, 0x0,
    0x5, 0xff, 0xd2, 0x0, 0x0, 0x9f, 0xfb, 0x0,
    0x0, 0xc, 0xff, 0xfb, 0x89, 0xdf, 0xff, 0x20,
    0x0, 0x0, 0x1c, 0xff, 0xff, 0xff, 0xff, 0x40,
    0x0, 0x0, 0x0, 0x5, 0xbe, 0xff, 0xc8, 0x10,
    0x0, 0x0,

    /* U+01B0 "ư" */
    0x0, 0x0, 0x0, 0x0, 0x0, 0x0, 0x13, 0x0,
    0x0, 0x0, 0x0, 0x0, 0x0, 0xf, 0xe0, 0x0,
    0x0, 0x0, 0x0, 0x0, 0x0, 0xdf, 0x10, 0x0,
    0x0, 0x0, 0x0, 0x0, 0x3f, 0xf0, 0x4f, 0xf7,
    0x0, 0x0, 0x9, 0xff, 0xfa, 0x4, 0xff, 0x70,
    0x0, 0x0, 0x9f, 0xfb, 0x0, 0x4f, 0xf7, 0x0,
    0x0, 0x9, 0xff, 0x20, 0x4, 0xff, 0x70, 0x0,
    0x0, 0x9f, 0xf2, 0x0, 0x4f, 0xf7, 0x0, 0x0,
    0x9, 0xff, 0x20, 0x4, 0xff, 0x70, 0x0, 0x0,
    0x9f, 0xf2, 0x0, 0x4f, 0xf7, 0x0, 0x0, 0xa,
    0xff, 0x20, 0x3, 0xff, 0x90, 0x0, 0x0, 0xdf,
    0xf2, 0x0, 0x1f, 0xff, 0x10, 0x0, 0x6f, 0xff,
    0x20, 0x0, 0xbf, 0xfe, 0x97, 0xbf, 0xff, 0xf2,
    0x0, 0x1, 0xef, 0xff, 0xff, 0xfc, 0xff, 0x20,
    0x0, 0x1, 0x9d, 0xfe, 0xb3, 0x7f, 0xf2, 0x0,

    /* U+01B1 "Ʊ" */
    0x9f, 0xff, 0xff, 0xf9, 0x0, 0xc, 0xff, 0xff,
    0xff, 0x69, 0xff, 0xff, 0xff, 0x90, 0x0, 0xcf,
    0xff, 0xff, 0xf6, 0x47, 0x7c, 0xff, 0xe4, 0x0,
    0x6, 0xff, 0xfb, 0x77, 0x20, 0x4, 0xff, 0xd1,
    0x0, 0x0, 0x3, 0xff, 0xf3, 0x0, 0x0, 0xef,
    0xf2, 0x0, 0x0, 0x0, 0x4, 0xff, 0xc0, 0x0,
    0x5f, 0xf9, 0x0, 0x0, 0x0, 0x0, 0xc, 0xff,
    0x30, 0xa, 0xff, 0x30, 0x0, 0x0, 0x0, 0x0,
    0x6f, 0xf7, 0x0, 0xcf, 0xf1, 0x0, 0x0, 0x0,
    0x0, 0x4, 0xff, 0x90, 0xc, 0xff, 0x10, 0x0,
    0x0, 0x0, 0x0, 0x3f, 0xfa, 0x0, 0xbf, 0xf3,
    0x0, 0x0, 0x0, 0x0, 0x6, 0xff, 0x80, 0x7,
    0xff, 0x80, 0x0, 0x0, 0x0, 0x0, 0xbf, 0xf5,
    0x0, 0x2f, 0xff, 0x20, 0x0, 0x0, 0x0, 0x5f,
    0xfe, 0x0, 0x0, 0x9f, 0xfe, 0x40, 0x0, 0x0,
    0x6f, 0xff, 0x60, 0x0, 0x0, 0xcf, 0xff, 0xd9,
    0x8a, 0xef, 0xff, 0x90, 0x0, 0x0, 0x0, 0x9f,
    0xff, 0xff, 0xff, 0xff, 0x70, 0x0, 0x0, 0x0,
    0x0, 0x28, 0xce, 0xfe, 0xc7, 0x10, 0x0, 0x0,

    /* U+01B2 "Ʋ" */
    0x0, 0x0, 0x0, 0x0, 0x15, 0x64, 0x0, 0x1,
    0xff, 0xc0, 0x0, 0x3f, 0xff, 0xfe, 0x30, 0x1f,
    0xfc, 0x0, 0x0, 0xff, 0xff, 0xfe, 0x1, 0xff,
    0xc0, 0x0, 0x4, 0x11, 0xdf, 0xf4, 0x1f, 0xfc,
    0x0, 0x0, 0x0, 0x7, 0xff, 0x61, 0xff, 0xc0,
    0x0, 0x0, 0x0, 0x7f, 0xf6, 0x1f, 0xfc, 0x0,
    0x0, 0x0, 0x7, 0xff, 0x61, 0xff, 0xc0, 0x0,
    0x0, 0x0, 0x7f, 0xf6, 0x1f, 0xfc, 0x0, 0x0,
    0x0, 0x7, 0xff, 0x61, 0xff, 0xc0, 0x0, 0x0,
    0x0, 0x7f, 0xf6, 0x1f, 0xfc, 0x0, 0x0, 0x0,
    0x7, 0xff, 0x60, 0xff, 0xe0, 0x0, 0x0, 0x0,
    0x9f, 0xf4, 0xc, 0xff, 0x30, 0x0, 0x0, 0xe,
    0xff, 0x10, 0x6f, 0xfd, 0x10, 0x0, 0xa, 0xff,
    0xb0, 0x0, 0xdf, 0xff, 0xa8, 0x9e, 0xff, 0xf2,
    0x0, 0x1, 0xcf, 0xff, 0xff, 0xff, 0xe4, 0x0,
    0x0, 0x0, 0x6b, 0xef, 0xec, 0x81, 0x0, 0x0,

    /* U+01B3 "Ƴ" */
    0x0, 0x0, 0x0, 0x0, 0x0, 0x0, 0x0, 0x0,
    0x0, 0x0, 0x0, 0x0, 0x0, 0x0, 0x0, 0x5,
    0xef, 0xe6, 0xe, 0xff, 0x20, 0x0, 0x0, 0x0,
    0x4f, 0xff, 0xf5, 0x5, 0xff, 0xb0, 0x0, 0x0,
    0x0, 0xef, 0xe7, 0x80, 0x0, 0xbf, 0xf4, 0x0,
    0x0, 0x8, 0xff, 0x30, 0x0, 0x0, 0x2f, 0xfd,
    0x0, 0x0, 0x2f, 0xfa, 0x0, 0x0, 0x0, 0x9,
    0xff, 0x70, 0x0, 0xbf, 0xf1, 0x0, 0x0, 0x0,
    0x1, 0xef, 0xf1, 0x4, 0xff, 0x70, 0x0, 0x0,
    0x0, 0x0, 0x6f, 0xfa, 0xd, 0xfe, 0x0, 0x0,
    0x0, 0x0, 0x0, 0xd, 0xff, 0xaf, 0xf5, 0x0,
    0x0, 0x0, 0x0, 0x0, 0x4, 0xff, 0xff, 0xc0,
    0x0, 0x0, 0x0, 0x0, 0x0, 0x0, 0xbf, 0xff,
    0x30, 0x0, 0x0, 0x0, 0x0, 0x0, 0x0, 0x4f,
    0xfe, 0x0, 0x0, 0x0, 0x0, 0x0, 0x0, 0x0,
    0x2f, 0xfb, 0x0, 0x0, 0x0, 0x0, 0x0, 0x0,
    0x0, 0x2f, 0xfb, 0x0, 0x0, 0x0, 0x0, 0x0,
    0x0, 0x0, 0x2f, 0xfb, 0x0, 0x0, 0x0, 0x0,
    0x0, 0x0, 0x0, 0x2f, 0xfb, 0x0, 0x0, 0x0,
    0x0, 0x0, 0x0, 0x0, 0x2f, 0xfb, 0x0, 0x0,
    0x0, 0x0,

    /* U+01B4 "ƴ" */
    0x0, 0x0, 0x0, 0x0, 0x0, 0x0, 0x2, 0x10,
    0x0, 0x0, 0x0, 0x0, 0x0, 0x2, 0xdf, 0xf5,
    0xe, 0xfe, 0x0, 0x0, 0x0, 0xe, 0xff, 0xf1,
    0x7, 0xff, 0x60, 0x0, 0x0, 0x7f, 0xf6, 0x30,
    0x0, 0xff, 0xd0, 0x0, 0x0, 0xef, 0xb0, 0x0,
    0x0, 0x9f, 0xf4, 0x0, 0x5, 0xff, 0x40, 0x0,
    0x0, 0x2f, 0xfb, 0x0, 0xc, 0xfd, 0x0, 0x0,
    0x0, 0xb, 0xff, 0x20, 0x3f, 0xf6, 0x0, 0x0,
    0x0, 0x4, 0xff, 0x80, 0xaf, 0xe0, 0x0, 0x0,
    0x0, 0x0, 0xcf, 0xe2, 0xff, 0x80, 0x0, 0x0,
    0x0, 0x0, 0x5f, 0xfe, 0xff, 0x10, 0x0, 0x0,
    0x0, 0x0, 0xe, 0xff, 0xfa, 0x0, 0x0, 0x0,
    0x0, 0x0, 0x7, 0xff, 0xf3, 0x0, 0x0, 0x0,
    0x0, 0x0, 0x1, 0xff, 0xc0, 0x0, 0x0, 0x0,
    0x0, 0x0, 0x6, 0xff, 0x50, 0x0, 0x0, 0x0,
    0x9, 0xa5, 0x7f, 0xfd, 0x0, 0x0, 0x0, 0x0,
    0x2f, 0xff, 0xff, 0xf2, 0x0, 0x0, 0x0, 0x0,
    0x7, 0xdf, 0xea, 0x20, 0x0, 0x0, 0x0, 0x0,

    /* U+01B5 "Ƶ" */
    0xf, 0xff, 0xff, 0xff, 0xff, 0xff, 0xfc, 0x0,
    0xff, 0xff, 0xff, 0xff, 0xff, 0xff, 0xb0, 0x6,
    0x77, 0x77, 0x77, 0x79, 0xff, 0xf5, 0x0, 0x0,
    0x0, 0x0, 0x0, 0xcf, 0xf8, 0x0, 0x0, 0x0,
    0x0, 0x0, 0x9f, 0xfb, 0x0, 0x0, 0x0, 0x0,
    0x0, 0x6f, 0xfe, 0x10, 0x0, 0x0, 0x0, 0x0,
    0x3f, 0xff, 0x30, 0x0, 0x0, 0x6, 0xff, 0xff,
    0xff, 0xff, 0xf5, 0x0, 0x0, 0x6f, 0xff, 0xff,
    0xff, 0xff, 0x50, 0x0, 0x0, 0x2a, 0xff, 0xe2,
    0x22, 0x20, 0x0, 0x0, 0x4, 0xff, 0xe2, 0x0,
    0x0, 0x0, 0x0, 0x2, 0xff, 0xf4, 0x0, 0x0,
    0x0, 0x0, 0x0, 0xdf, 0xf7, 0x0, 0x0, 0x0,
    0x0, 0x0, 0xaf, 0xff, 0x77, 0x77, 0x77, 0x77,
    0x70, 0x1f, 0xff, 0xff, 0xff, 0xff, 0xff, 0xff,
    0x1, 0xff, 0xff, 0xff, 0xff, 0xff, 0xff, 0xf0,

    /* U+01B6 "ƶ" */
    0xf, 0xff, 0xff, 0xff, 0xff, 0xc0, 0xff, 0xff,
    0xff, 0xff, 0xfc, 0x3, 0x33, 0x33, 0x4f, 0xff,
    0x30, 0x0, 0x0, 0xb, 0xff, 0x50, 0x0, 0x0,
    0x8, 0xff, 0x90, 0x0, 0x1f, 0xff, 0xff, 0xff,
    0xe0, 0x1, 0xcf, 0xff, 0xfe, 0xcb, 0x0, 0x1,
    0xdf, 0xf3, 0x0, 0x0, 0x0, 0xbf, 0xf5, 0x0,
    0x0, 0x0, 0x8f, 0xfc, 0x33, 0x33, 0x33, 0x2f,
    0xff, 0xff, 0xff, 0xff, 0xf2, 0xff, 0xff, 0xff,
    0xff, 0xff,

    /* U+01B7 "Ʒ" */
    0xc, 0xff, 0xff, 0xff, 0xff, 0xff, 0x30, 0xcf,
    0xff, 0xff, 0xff, 0xff, 0xf2, 0x5, 0x66, 0x66,
    0x66, 0xbf, 0xfb, 0x0, 0x0, 0x0, 0x0, 0x2f,
    0xfd, 0x0, 0x0, 0x0, 0x0, 0x1e, 0xfe, 0x20,
    0x0, 0x0, 0x0, 0xc, 0xff, 0x30, 0x0, 0x0,
    0x0, 0xa, 0xff, 0x70, 0x0, 0x0, 0x0, 0x0,
    0xff, 0xff, 0xd7, 0x0, 0x0, 0x0, 0xf, 0xff,
    0xff, 0xfc, 0x0, 0x0, 0x0, 0x0, 0x15, 0xdf,
    0xf8, 0x0, 0x0, 0x0, 0x0, 0x1, 0xff, 0xd0,
    0x0, 0x0, 0x0, 0x0, 0xf, 0xfe, 0x8, 0x60,
    0x0, 0x0, 0x6, 0xff, 0xb1, 0xff, 0xfb, 0x87,
    0x9c, 0xff, 0xf4, 0x2c, 0xff, 0xff, 0xff, 0xff,
    0xf6, 0x0, 0x4, 0x9c, 0xef, 0xed, 0x82, 0x0,

    /* U+01B8 "Ƹ" */
    0x3f, 0xff, 0xff, 0xff, 0xff, 0xfb, 0x3, 0xff,
    0xff, 0xff, 0xff, 0xff, 0xb0, 0xb, 0xff, 0xb6,
    0x66, 0x66, 0x64, 0x0, 0xd, 0xff, 0x30, 0x0,
    0x0, 0x0, 0x0, 0x1e, 0xfe, 0x20, 0x0, 0x0,
    0x0, 0x0, 0x3f, 0xfd, 0x10, 0x0, 0x0, 0x0,
    0x0, 0x6f, 0xfc, 0x0, 0x0, 0x0, 0x7, 0xdf,
    0xff, 0xf1, 0x0, 0x0, 0x1d, 0xff, 0xff, 0xff,
    0x10, 0x0, 0x8, 0xff, 0xd5, 0x10, 0x0, 0x0,
    0x0, 0xdf, 0xf1, 0x0, 0x0, 0x0, 0x0, 0xe,
    0xff, 0x0, 0x0, 0x0, 0x0, 0x0, 0xbf, 0xf6,
    0x0, 0x0, 0x0, 0x77, 0x4, 0xff, 0xfc, 0x97,
    0x8b, 0xff, 0xf1, 0x6, 0xff, 0xff, 0xff, 0xff,
    0xfc, 0x10, 0x2, 0x8d, 0xef, 0xec, 0x93, 0x0,

    /* U+01B9 "ƹ" */
    0xa, 0xff, 0xff, 0xff, 0xff, 0xfd, 0x0, 0xaf,
    0xff, 0xff, 0xff, 0xff, 0xd0, 0x2, 0xef, 0xf9,
    0x66, 0x66, 0x65, 0x0, 0x3, 0xff, 0xe2, 0x0,
    0x0, 0x0, 0x0, 0x3, 0xff, 0xe2, 0x0, 0x0,
    0x0, 0x0, 0x4, 0xff, 0xd1, 0x0, 0x0, 0x0,
    0x7, 0xcf, 0xff, 0xa0, 0x0, 0x0, 0x1d, 0xff,
    0xff, 0xfb, 0x0, 0x0, 0xb, 0xff, 0xd6, 0x44,
    0x20, 0x0, 0x1, 0xff, 0xd0, 0x0, 0x0, 0x0,
    0x0, 0x3f, 0xf9, 0x0, 0x0, 0x0, 0x0, 0x3,
    0xff, 0x90, 0x0, 0x0, 0x0, 0x0, 0xf, 0xfe,
    0x10, 0x0, 0x0, 0x6a, 0x0, 0x9f, 0xff, 0x96,
    0x7a, 0xef, 0xf3, 0x0, 0xaf, 0xff, 0xff, 0xff,
    0xfd, 0x30, 0x0, 0x4a, 0xef, 0xfd, 0xa5, 0x0,

    /* U+01C0 "ǀ" */
    0xff, 0x9f, 0xf9, 0xff, 0x9f, 0xf9, 0xff, 0x9f,
    0xf9, 0xff, 0x9f, 0xf9, 0xff, 0x9f, 0xf9, 0xff,
    0x9f, 0xf9, 0xff, 0x9f, 0xf9, 0xff, 0x9f, 0xf9,
    0xff, 0x9f, 0xf9, 0xff, 0x9f, 0xf9, 0xff, 0x90,

    /* U+01C1 "ǁ" */
    0xff, 0x90, 0x1f, 0xf6, 0xff, 0x90, 0x1f, 0xf6,
    0xff, 0x90, 0x1f, 0xf6, 0xff, 0x90, 0x1f, 0xf6,
    0xff, 0x90, 0x1f, 0xf6, 0xff, 0x90, 0x1f, 0xf6,
    0xff, 0x90, 0x1f, 0xf6, 0xff, 0x90, 0x1f, 0xf6,
    0xff, 0x90, 0x1f, 0xf6, 0xff, 0x90, 0x1f, 0xf6,
    0xff, 0x90, 0x1f, 0xf6, 0xff, 0x90, 0x1f, 0xf6,
    0xff, 0x90, 0x1f, 0xf6, 0xff, 0x90, 0x1f, 0xf6,
    0xff, 0x90, 0x1f, 0xf6, 0xff, 0x90, 0x1f, 0xf6,
    0xff, 0x90, 0x1f, 0xf6, 0xff, 0x90, 0x1f, 0xf6,
    0xff, 0x90, 0x1f, 0xf6, 0xff, 0x90, 0x1f, 0xf6,
    0xff, 0x90, 0x1f, 0xf6,

    /* U+01C2 "ǂ" */
    0x0, 0x0, 0x7, 0xff, 0x50, 0x0, 0x0, 0x0,
    0x0, 0x7, 0xff, 0x50, 0x0, 0x0, 0x0, 0x0,
    0x7, 0xff, 0x50, 0x0, 0x0, 0x0, 0x0, 0x7,
    0xff, 0x50, 0x0, 0x0, 0x0, 0x0, 0x7, 0xff,
    0x50, 0x0, 0x0, 0x0, 0x0, 0x7, 0xff, 0x50,
    0x0, 0x0, 0x15, 0x55, 0x5a, 0xff, 0x85, 0x55,
    0x51, 0x5f, 0xff, 0xff, 0xff, 0xff, 0xff, 0xf4,
    0x5f, 0xff, 0xff, 0xff, 0xff, 0xff, 0xf4, 0x0,
    0x0, 0x7, 0xff, 0x50, 0x0, 0x0, 0x0, 0x0,
    0x7, 0xff, 0x50, 0x0, 0x0, 0x15, 0x55, 0x59,
    0xff, 0x85, 0x55, 0x51, 0x5f, 0xff, 0xff, 0xff,
    0xff, 0xff, 0xf4, 0x5f, 0xff, 0xff, 0xff, 0xff,
    0xff, 0xf4, 0x0, 0x0, 0x7, 0xff, 0x50, 0x0,
    0x0, 0x0, 0x0, 0x7, 0xff, 0x50, 0x0, 0x0,
    0x0, 0x0, 0x7, 0xff, 0x50, 0x0, 0x0, 0x0,
    0x0, 0x7, 0xff, 0x50, 0x0, 0x0, 0x0, 0x0,
    0x7, 0xff, 0x50, 0x0, 0x0, 0x0, 0x0, 0x7,
    0xff, 0x50, 0x0, 0x0, 0x0, 0x0, 0x7, 0xff,
    0x50, 0x0, 0x0,

    /* U+01C3 "ǃ" */
    0x8f, 0xfa, 0x7f, 0xf9, 0x6f, 0xf9, 0x5f, 0xf8,
    0x5f, 0xf7, 0x4f, 0xf6, 0x3f, 0xf5, 0x2f, 0xf4,
    0x1f, 0xf4, 0x1f, 0xf3, 0x6, 0x61, 0x0, 0x0,
    0x5, 0x50, 0x7f, 0xf9, 0xaf, 0xfc, 0x3d, 0xe4,

    /* U+01C4 "Ǆ" */
    0x0, 0x0, 0x0, 0x0, 0x0, 0x0, 0x0, 0x0,
    0x0, 0x4, 0xfe, 0x30, 0x4e, 0xf3, 0x0, 0x0,
    0x0, 0x0, 0x0, 0x0, 0x0, 0x0, 0x0, 0x0,
    0x0, 0x4, 0xff, 0xcf, 0xf3, 0x0, 0x0, 0x0,
    0x0, 0x0, 0x0, 0x0, 0x0, 0x0, 0x0, 0x0,
    0x0, 0x4, 0xff, 0xf4, 0x0, 0x0, 0x0, 0x0,
    0x0, 0x0, 0x0, 0x0, 0x0, 0x0, 0x0, 0x0,
    0x0, 0x0, 0x0, 0x0, 0x0, 0x0, 0xff, 0xff,
    0xff, 0xff, 0xda, 0x40, 0x0, 0x0, 0xf, 0xff,
    0xff, 0xff, 0xff, 0xff, 0xfc, 0xf, 0xff, 0xff,
    0xff, 0xff, 0xff, 0xc1, 0x0, 0x0, 0xff, 0xff,
    0xff, 0xff, 0xff, 0xff, 0xb0, 0xff, 0xf7, 0x77,
    0x78, 0xbf, 0xff, 0xe2, 0x0, 0x6, 0x77, 0x77,
    0x77, 0x79, 0xff, 0xf5, 0xf, 0xfe, 0x0, 0x0,
    0x0, 0x1b, 0xff, 0xd0, 0x0, 0x0, 0x0, 0x0,
    0x0, 0xcf, 0xf8, 0x0, 0xff, 0xe0, 0x0, 0x0,
    0x0, 0xc, 0xff, 0x70, 0x0, 0x0, 0x0, 0x0,
    0x9f, 0xfb, 0x0, 0xf, 0xfe, 0x0, 0x0, 0x0,
    0x0, 0x3f, 0xfd, 0x0, 0x0, 0x0, 0x0, 0x6f,
    0xfe, 0x10, 0x0, 0xff, 0xe0, 0x0, 0x0, 0x0,
    0x0, 0xdf, 0xf1, 0x0, 0x0, 0x0, 0x3f, 0xff,
    0x30, 0x0, 0xf, 0xfe, 0x0, 0x0, 0x0, 0x0,
    0xb, 0xff, 0x20, 0x0, 0x0, 0x1e, 0xff, 0x60,
    0x0, 0x0, 0xff, 0xe0, 0x0, 0x0, 0x0, 0x0,
    0xbf, 0xf2, 0x0, 0x0, 0xb, 0xff, 0x90, 0x0,
    0x0, 0xf, 0xfe, 0x0, 0x0, 0x0, 0x0, 0xd,
    0xff, 0x10, 0x0, 0x8, 0xff, 0xc0, 0x0, 0x0,
    0x0, 0xff, 0xe0, 0x0, 0x0, 0x0, 0x3, 0xff,
    0xd0, 0x0, 0x5, 0xff, 0xe1, 0x0, 0x0, 0x0,
    0xf, 0xfe, 0x0, 0x0, 0x0, 0x0, 0xcf, 0xf7,
    0x0, 0x2, 0xff, 0xf4, 0x0, 0x0, 0x0, 0x0,
    0xff, 0xe0, 0x0, 0x0, 0x1, 0xbf, 0xfd, 0x0,
    0x0, 0xdf, 0xf7, 0x0, 0x0, 0x0, 0x0, 0xf,
    0xff, 0x77, 0x77, 0x8b, 0xff, 0xfe, 0x20, 0x0,
    0xaf, 0xff, 0x77, 0x77, 0x77, 0x77, 0x70, 0xff,
    0xff, 0xff, 0xff, 0xff, 0xfc, 0x20, 0x0, 0x1f,
    0xff, 0xff, 0xff, 0xff, 0xff, 0xff, 0xf, 0xff,
    0xff, 0xff, 0xed, 0x94, 0x0, 0x0, 0x1, 0xff,
    0xff, 0xff, 0xff, 0xff, 0xff, 0xf0,

    /* U+01C5 "ǅ" */
    0x0, 0x0, 0x0, 0x0, 0x0, 0x0, 0x0, 0x0,
    0x0, 0xaf, 0xa0, 0x9, 0xfb, 0x0, 0xff, 0xff,
    0xff, 0xff, 0xda, 0x40, 0x0, 0x0, 0x0, 0xa,
    0xfd, 0xcf, 0xc0, 0x0, 0xff, 0xff, 0xff, 0xff,
    0xff, 0xfc, 0x10, 0x0, 0x0, 0x0, 0xbf, 0xfc,
    0x0, 0x0, 0xff, 0xf7, 0x77, 0x78, 0xbf, 0xff,
    0xe2, 0x0, 0x0, 0x0, 0x1, 0x10, 0x0, 0x0,
    0xff, 0xe0, 0x0, 0x0, 0x1, 0xbf, 0xfd, 0x0,
    0x0, 0x0, 0x0, 0x0, 0x0, 0x0, 0xff, 0xe0,
    0x0, 0x0, 0x0, 0xc, 0xff, 0x70, 0xd, 0xff,
    0xff, 0xff, 0xff, 0xf0, 0xff, 0xe0, 0x0, 0x0,
    0x0, 0x3, 0xff, 0xd0, 0xd, 0xff, 0xff, 0xff,
    0xff, 0xe0, 0xff, 0xe0, 0x0, 0x0, 0x0, 0x0,
    0xdf, 0xf1, 0x3, 0x33, 0x33, 0x3f, 0xff, 0x50,
    0xff, 0xe0, 0x0, 0x0, 0x0, 0x0, 0xbf, 0xf2,
    0x0, 0x0, 0x0, 0x8f, 0xf8, 0x0, 0xff, 0xe0,
    0x0, 0x0, 0x0, 0x0, 0xbf, 0xf2, 0x0, 0x0,
    0x5, 0xff, 0xb0, 0x0, 0xff, 0xe0, 0x0, 0x0,
    0x0, 0x0, 0xdf, 0xf1, 0x0, 0x0, 0x3f, 0xfd,
    0x10, 0x0, 0xff, 0xe0, 0x0, 0x0, 0x0, 0x3,
    0xff, 0xd0, 0x0, 0x1, 0xef, 0xf2, 0x0, 0x0,
    0xff, 0xe0, 0x0, 0x0, 0x0, 0xc, 0xff, 0x70,
    0x0, 0xc, 0xff, 0x50, 0x0, 0x0, 0xff, 0xe0,
    0x0, 0x0, 0x1, 0xbf, 0xfd, 0x0, 0x0, 0x9f,
    0xf8, 0x0, 0x0, 0x0, 0xff, 0xf7, 0x77, 0x78,
    0xbf, 0xff, 0xe2, 0x0, 0x6, 0xff, 0xf7, 0x77,
    0x77, 0x71, 0xff, 0xff, 0xff, 0xff, 0xff, 0xfc,
    0x20, 0x0, 0xf, 0xff, 0xff, 0xff, 0xff, 0xf2,
    0xff, 0xff, 0xff, 0xfe, 0xd9, 0x40, 0x0, 0x0,
    0xf, 0xff, 0xff, 0xff, 0xff, 0xf2,

    /* U+01C6 "ǆ" */
    0x0, 0x0, 0x0, 0x0, 0x0, 0x7f, 0xf4, 0x0,
    0xc, 0xf8, 0x0, 0xaf, 0xa0, 0x0, 0x0, 0x0,
    0x0, 0x0, 0x7f, 0xf4, 0x0, 0x1, 0xef, 0xab,
    0xfc, 0x0, 0x0, 0x0, 0x0, 0x0, 0x0, 0x7f,
    0xf4, 0x0, 0x0, 0x2f, 0xff, 0xd1, 0x0, 0x0,
    0x0, 0x0, 0x0, 0x0, 0x7f, 0xf4, 0x0, 0x0,
    0x2, 0x55, 0x10, 0x0, 0x0, 0x0, 0x0, 0x0,
    0x0, 0x7f, 0xf4, 0x0, 0x0, 0x0, 0x0, 0x0,
    0x0, 0x0, 0x2, 0x8d, 0xfe, 0xb3, 0x7f, 0xf4,
    0x0, 0xff, 0xff, 0xff, 0xff, 0xfc, 0x0, 0x4f,
    0xff, 0xff, 0xff, 0xdf, 0xf4, 0x0, 0xff, 0xff,
    0xff, 0xff, 0xfc, 0x2, 0xff, 0xfb, 0x66, 0xaf,
    0xff, 0xf4, 0x0, 0x55, 0x55, 0x56, 0xff, 0xf4,
    0xa, 0xff, 0x80, 0x0, 0x5, 0xff, 0xf4, 0x0,
    0x0, 0x0, 0xb, 0xff, 0x60, 0xf, 0xfe, 0x0,
    0x0, 0x0, 0xff, 0xf4, 0x0, 0x0, 0x0, 0x8f,
    0xf9, 0x0, 0x1f, 0xfa, 0x0, 0x0, 0x0, 0xbf,
    0xf4, 0x0, 0x0, 0x5, 0xff, 0xb0, 0x0, 0x1f,
    0xfa, 0x0, 0x0, 0x0, 0xbf, 0xf4, 0x0, 0x0,
    0x3f, 0xfd, 0x10, 0x0, 0xf, 0xfe, 0x0, 0x0,
    0x0, 0xff, 0xf4, 0x0, 0x1, 0xef, 0xe2, 0x0,
    0x0, 0xa, 0xff, 0x80, 0x0, 0x5, 0xff, 0xf4,
    0x0, 0xd, 0xff, 0x40, 0x0, 0x0, 0x2, 0xff,
    0xfc, 0x76, 0xaf, 0xff, 0xf4, 0x0, 0xaf, 0xfc,
    0x66, 0x66, 0x65, 0x0, 0x4f, 0xff, 0xff, 0xff,
    0xcf, 0xf4, 0x2, 0xff, 0xff, 0xff, 0xff, 0xff,
    0x0, 0x2, 0x8d, 0xfe, 0xb4, 0x5f, 0xf4, 0x3,
    0xff, 0xff, 0xff, 0xff, 0xff,

    /* U+01C7 "Ǉ" */
    0xff, 0xe0, 0x0, 0x0, 0x0, 0x0, 0x5f, 0xff,
    0xff, 0xff, 0xff, 0xfe, 0x0, 0x0, 0x0, 0x0,
    0x5, 0xff, 0xff, 0xff, 0xff, 0xff, 0xe0, 0x0,
    0x0, 0x0, 0x0, 0x26, 0x66, 0x66, 0xef, 0xff,
    0xfe, 0x0, 0x0, 0x0, 0x0, 0x0, 0x0, 0x0,
    0xe, 0xff, 0xff, 0xe0, 0x0, 0x0, 0x0, 0x0,
    0x0, 0x0, 0x0, 0xef, 0xff, 0xfe, 0x0, 0x0,
    0x0, 0x0, 0x0, 0x0, 0x0, 0xe, 0xff, 0xff,
    0xe0, 0x0, 0x0, 0x0, 0x0, 0x0, 0x0, 0x0,
    0xef, 0xff, 0xfe, 0x0, 0x0, 0x0, 0x0, 0x0,
    0x0, 0x0, 0xe, 0xff, 0xff, 0xe0, 0x0, 0x0,
    0x0, 0x0, 0x0, 0x0, 0x0, 0xef, 0xff, 0xfe,
    0x0, 0x0, 0x0, 0x0, 0x0, 0x0, 0x0, 0xe,
    0xff, 0xff, 0xe0, 0x0, 0x0, 0x0, 0x0, 0x0,
    0x0, 0x0, 0xef, 0xff, 0xfe, 0x0, 0x0, 0x0,
    0x0, 0x0, 0x0, 0x0, 0xf, 0xfe, 0xff, 0xe0,
    0x0, 0x0, 0x0, 0x0, 0xb4, 0x0, 0x5, 0xff,
    0xbf, 0xff, 0x77, 0x77, 0x77, 0x77, 0x9f, 0xfb,
    0x79, 0xff, 0xf6, 0xff, 0xff, 0xff, 0xff, 0xff,
    0xf6, 0xff, 0xff, 0xff, 0xfb, 0xf, 0xff, 0xff,
    0xff, 0xff, 0xff, 0x2, 0x9d, 0xff, 0xc6, 0x0,

    /* U+01C8 "ǈ" */
    0x0, 0x0, 0x0, 0x0, 0x0, 0x0, 0x3, 0x73,
    0x0, 0x0, 0x0, 0x0, 0x0, 0x0, 0x1, 0xff,
    0xf1, 0xff, 0xe0, 0x0, 0x0, 0x0, 0x0, 0x3f,
    0xff, 0x2f, 0xfe, 0x0, 0x0, 0x0, 0x0, 0x0,
    0x8c, 0x70, 0xff, 0xe0, 0x0, 0x0, 0x0, 0x0,
    0x0, 0x0, 0xf, 0xfe, 0x0, 0x0, 0x0, 0x0,
    0x0, 0x0, 0x0, 0xff, 0xe0, 0x0, 0x0, 0x0,
    0x0, 0xe, 0xfd, 0xf, 0xfe, 0x0, 0x0, 0x0,
    0x0, 0x0, 0xef, 0xd0, 0xff, 0xe0, 0x0, 0x0,
    0x0, 0x0, 0xe, 0xfd, 0xf, 0xfe, 0x0, 0x0,
    0x0, 0x0, 0x0, 0xef, 0xd0, 0xff, 0xe0, 0x0,
    0x0, 0x0, 0x0, 0xe, 0xfd, 0xf, 0xfe, 0x0,
    0x0, 0x0, 0x0, 0x0, 0xef, 0xd0, 0xff, 0xe0,
    0x0, 0x0, 0x0, 0x0, 0xe, 0xfd, 0xf, 0xfe,
    0x0, 0x0, 0x0, 0x0, 0x0, 0xef, 0xd0, 0xff,
    0xe0, 0x0, 0x0, 0x0, 0x0, 0xe, 0xfd, 0xf,
    0xff, 0x77, 0x77, 0x77, 0x77, 0x0, 0xef, 0xd0,
    0xff, 0xff, 0xff, 0xff, 0xff, 0xf0, 0xe, 0xfd,
    0xf, 0xff, 0xff, 0xff, 0xff, 0xff, 0x0, 0xef,
    0xd0, 0x0, 0x0, 0x0, 0x0, 0x0, 0x0, 0xf,
    0xfc, 0x0, 0x0, 0x0, 0x0, 0x0, 0x27, 0x5a,
    0xff, 0x90, 0x0, 0x0, 0x0, 0x0, 0x8, 0xff,
    0xff, 0xf2, 0x0, 0x0, 0x0, 0x0, 0x0, 0x6d,
    0xfe, 0xb2, 0x0,

    /* U+01C9 "ǉ" */
    0x0, 0x0, 0x0, 0x1, 0x74, 0x3, 0xff, 0x80,
    0x0, 0xef, 0xf4, 0x3f, 0xf8, 0x0, 0xf, 0xff,
    0x53, 0xff, 0x80, 0x0, 0x5c, 0x90, 0x3f, 0xf8,
    0x0, 0x0, 0x0, 0x3, 0xff, 0x80, 0x0, 0x0,
    0x0, 0x3f, 0xf8, 0x0, 0xb, 0xff, 0x3, 0xff,
    0x80, 0x0, 0xbf, 0xf0, 0x3f, 0xf8, 0x0, 0xb,
    0xff, 0x3, 0xff, 0x80, 0x0, 0xbf, 0xf0, 0x3f,
    0xf8, 0x0, 0xb, 0xff, 0x3, 0xff, 0x80, 0x0,
    0xbf, 0xf0, 0x3f, 0xf8, 0x0, 0xb, 0xff, 0x3,
    0xff, 0x80, 0x0, 0xbf, 0xf0, 0x3f, 0xf8, 0x0,
    0xb, 0xff, 0x3, 0xff, 0x80, 0x0, 0xbf, 0xf0,
    0x3f, 0xf8, 0x0, 0xb, 0xff, 0x3, 0xff, 0x80,
    0x0, 0xbf, 0xf0, 0x0, 0x0, 0x0, 0xd, 0xff,
    0x0, 0x0, 0x7, 0x58, 0xff, 0xc0, 0x0, 0x5,
    0xff, 0xff, 0xf4, 0x0, 0x0, 0x4c, 0xff, 0xc4,
    0x0,

    /* U+01CA "Ǌ" */
    0xff, 0xc0, 0x0, 0x0, 0x0, 0x1f, 0xfc, 0x0,
    0xd, 0xff, 0xff, 0xff, 0xf7, 0xff, 0xfa, 0x0,
    0x0, 0x0, 0x1f, 0xfc, 0x0, 0xd, 0xff, 0xff,
    0xff, 0xf7, 0xff, 0xff, 0x60, 0x0, 0x0, 0x1f,
    0xfc, 0x0, 0x5, 0x66, 0x66, 0xaf, 0xf7, 0xff,
    0xff, 0xf4, 0x0, 0x0, 0x1f, 0xfc, 0x0, 0x0,
    0x0, 0x0, 0x6f, 0xf7, 0xff, 0xff, 0xfe, 0x20,
    0x0, 0x1f, 0xfc, 0x0, 0x0, 0x0, 0x0, 0x6f,
    0xf7, 0xff, 0xfe, 0xff, 0xc0, 0x0, 0x1f, 0xfc,
    0x0, 0x0, 0x0, 0x0, 0x6f, 0xf7, 0xff, 0xe4,
    0xff, 0xfa, 0x0, 0x1f, 0xfc, 0x0, 0x0, 0x0,
    0x0, 0x6f, 0xf7, 0xff, 0xe0, 0x7f, 0xff, 0x70,
    0x1f, 0xfc, 0x0, 0x0, 0x0, 0x0, 0x6f, 0xf7,
    0xff, 0xe0, 0xa, 0xff, 0xf4, 0x1f, 0xfc, 0x0,
    0x0, 0x0, 0x0, 0x6f, 0xf7, 0xff, 0xe0, 0x0,
    0xcf, 0xfe, 0x3f, 0xfc, 0x0, 0x0, 0x0, 0x0,
    0x6f, 0xf7, 0xff, 0xe0, 0x0, 0x1e, 0xff, 0xef,
    0xfc, 0x0, 0x0, 0x0, 0x0, 0x6f, 0xf7, 0xff,
    0xe0, 0x0, 0x4, 0xff, 0xff, 0xfc, 0x0, 0x1,
    0x0, 0x0, 0x7f, 0xf6, 0xff, 0xe0, 0x0, 0x0,
    0x6f, 0xff, 0xfc, 0x0, 0x7c, 0x0, 0x0, 0xbf,
    0xf3, 0xff, 0xe0, 0x0, 0x0, 0x9, 0xff, 0xfc,
    0x2, 0xff, 0xc5, 0x49, 0xff, 0xd0, 0xff, 0xe0,
    0x0, 0x0, 0x0, 0xcf, 0xfc, 0x1, 0xdf, 0xff,
    0xff, 0xff, 0x40, 0xff, 0xe0, 0x0, 0x0, 0x0,
    0x1e, 0xfc, 0x0, 0x6, 0xce, 0xfe, 0xa2, 0x0,

    /* U+01CB "ǋ" */
    0x0, 0x0, 0x0, 0x0, 0x0, 0x0, 0x0, 0x0,
    0x0, 0x27, 0x30, 0x0, 0x0, 0x0, 0x0, 0x0,
    0x0, 0x0, 0x0, 0x1, 0xff, 0xf2, 0xff, 0xc0,
    0x0, 0x0, 0x0, 0x1f, 0xfc, 0x0, 0x1, 0xff,
    0xf3, 0xff, 0xfa, 0x0, 0x0, 0x0, 0x1f, 0xfc,
    0x0, 0x0, 0x6c, 0x80, 0xff, 0xff, 0x60, 0x0,
    0x0, 0x1f, 0xfc, 0x0, 0x0, 0x0, 0x0, 0xff,
    0xff, 0xf4, 0x0, 0x0, 0x1f, 0xfc, 0x0, 0x0,
    0x0, 0x0, 0xff, 0xff, 0xfe, 0x20, 0x0, 0x1f,
    0xfc, 0x0, 0x0, 0xcf, 0xf0, 0xff, 0xfe, 0xff,
    0xc0, 0x0, 0x1f, 0xfc, 0x0, 0x0, 0xcf, 0xf0,
    0xff, 0xe4, 0xff, 0xfa, 0x0, 0x1f, 0xfc, 0x0,
    0x0, 0xcf, 0xf0, 0xff, 0xe0, 0x7f, 0xff, 0x70,
    0x1f, 0xfc, 0x0, 0x0, 0xcf, 0xf0, 0xff, 0xe0,
    0xa, 0xff, 0xf4, 0x1f, 0xfc, 0x0, 0x0, 0xcf,
    0xf0, 0xff, 0xe0, 0x0, 0xcf, 0xfe, 0x3f, 0xfc,
    0x0, 0x0, 0xcf, 0xf0, 0xff, 0xe0, 0x0, 0x1e,
    0xff, 0xef, 0xfc, 0x0, 0x0, 0xcf, 0xf0, 0xff,
    0xe0, 0x0, 0x4, 0xff, 0xff, 0xfc, 0x0, 0x0,
    0xcf, 0xf0, 0xff, 0xe0, 0x0, 0x0, 0x6f, 0xff,
    0xfc, 0x0, 0x0, 0xcf, 0xf0, 0xff, 0xe0, 0x0,
    0x0, 0x9, 0xff, 0xfc, 0x0, 0x0, 0xcf, 0xf0,
    0xff, 0xe0, 0x0, 0x0, 0x0, 0xcf, 0xfc, 0x0,
    0x0, 0xcf, 0xf0, 0xff, 0xe0, 0x0, 0x0, 0x0,
    0x1e, 0xfc, 0x0, 0x0, 0xcf, 0xf0, 0x0, 0x0,
    0x0, 0x0, 0x0, 0x0, 0x0, 0x0, 0x0, 0xef,
    0xe0, 0x0, 0x0, 0x0, 0x0, 0x0, 0x0, 0x0,
    0x17, 0x59, 0xff, 0xa0, 0x0, 0x0, 0x0, 0x0,
    0x0, 0x0, 0x0, 0x7f, 0xff, 0xff, 0x20, 0x0,
    0x0, 0x0, 0x0, 0x0, 0x0, 0x0, 0x5d, 0xff,
    0xb3, 0x0,

    /* U+01CC "ǌ" */
    0x0, 0x0, 0x0, 0x0, 0x0, 0x0, 0x0, 0x0,
    0x37, 0x20, 0x0, 0x0, 0x0, 0x0, 0x0, 0x0,
    0x0, 0x3, 0xff, 0xe0, 0x0, 0x0, 0x0, 0x0,
    0x0, 0x0, 0x0, 0x4, 0xff, 0xf1, 0x0, 0x0,
    0x0, 0x0, 0x0, 0x0, 0x0, 0x0, 0x8c, 0x60,
    0x0, 0x0, 0x0, 0x0, 0x0, 0x0, 0x0, 0x0,
    0x0, 0x0, 0x0, 0x0, 0x0, 0x0, 0x0, 0x0,
    0x0, 0x0, 0x0, 0x0, 0x3f, 0xf6, 0x3a, 0xef,
    0xe9, 0x20, 0x0, 0x0, 0xff, 0xc0, 0x3f, 0xfd,
    0xff, 0xff, 0xff, 0xf3, 0x0, 0x0, 0xff, 0xc0,
    0x3f, 0xff, 0xf8, 0x56, 0xcf, 0xfd, 0x0, 0x0,
    0xff, 0xc0, 0x3f, 0xff, 0x40, 0x0, 0xd, 0xff,
    0x20, 0x0, 0xff, 0xc0, 0x3f, 0xfc, 0x0, 0x0,
    0x8, 0xff, 0x40, 0x0, 0xff, 0xc0, 0x3f, 0xf9,
    0x0, 0x0, 0x6, 0xff, 0x50, 0x0, 0xff, 0xc0,
    0x3f, 0xf8, 0x0, 0x0, 0x6, 0xff, 0x60, 0x0,
    0xff, 0xc0, 0x3f, 0xf8, 0x0, 0x0, 0x6, 0xff,
    0x60, 0x0, 0xff, 0xc0, 0x3f, 0xf8, 0x0, 0x0,
    0x6, 0xff, 0x60, 0x0, 0xff, 0xc0, 0x3f, 0xf8,
    0x0, 0x0, 0x6, 0xff, 0x60, 0x0, 0xff, 0xc0,
    0x3f, 0xf8, 0x0, 0x0, 0x6, 0xff, 0x60, 0x0,
    0xff, 0xc0, 0x3f, 0xf8, 0x0, 0x0, 0x6, 0xff,
    0x60, 0x0, 0xff, 0xb0, 0x0, 0x0, 0x0, 0x0,
    0x0, 0x0, 0x0, 0x1, 0xff, 0xb0, 0x0, 0x0,
    0x0, 0x0, 0x0, 0x0, 0x36, 0x5b, 0xff, 0x70,
    0x0, 0x0, 0x0, 0x0, 0x0, 0x0, 0xaf, 0xff,
    0xfe, 0x10, 0x0, 0x0, 0x0, 0x0, 0x0, 0x0,
    0x7d, 0xfe, 0xa1, 0x0,

    /* U+01CD "Ǎ" */
    0x0, 0x0, 0x7, 0xfc, 0x10, 0x7f, 0xd1, 0x0,
    0x0, 0x0, 0x0, 0x0, 0x8f, 0xec, 0xfd, 0x10,
    0x0, 0x0, 0x0, 0x0, 0x0, 0x8, 0xff, 0xe1,
    0x0, 0x0, 0x0, 0x0, 0x0, 0x0, 0x0, 0x0,
    0x0, 0x0, 0x0, 0x0, 0x0, 0x0, 0x0, 0x6,
    0xff, 0xd0, 0x0, 0x0, 0x0, 0x0, 0x0, 0x0,
    0xd, 0xff, 0xf4, 0x0, 0x0, 0x0, 0x0, 0x0,
    0x0, 0x4f, 0xff, 0xfb, 0x0, 0x0, 0x0, 0x0,
    0x0, 0x0, 0xbf, 0xf9, 0xff, 0x20, 0x0, 0x0,
    0x0, 0x0, 0x2, 0xff, 0x92, 0xff, 0x90, 0x0,
    0x0, 0x0, 0x0, 0x9, 0xff, 0x20, 0xbf, 0xf1,
    0x0, 0x0, 0x0, 0x0, 0xf, 0xfc, 0x0, 0x5f,
    0xf7, 0x0, 0x0, 0x0, 0x0, 0x6f, 0xf5, 0x0,
    0xe, 0xfe, 0x0, 0x0, 0x0, 0x0, 0xdf, 0xe0,
    0x0, 0x8, 0xff, 0x50, 0x0, 0x0, 0x4, 0xff,
    0x80, 0x0, 0x1, 0xff, 0xc0, 0x0, 0x0, 0xb,
    0xff, 0xff, 0xff, 0xff, 0xff, 0xf3, 0x0, 0x0,
    0x2f, 0xff, 0xff, 0xff, 0xff, 0xff, 0xfa, 0x0,
    0x0, 0x9f, 0xf9, 0x44, 0x44, 0x44, 0x4f, 0xff,
    0x10, 0x1, 0xff, 0xd0, 0x0, 0x0, 0x0, 0x7,
    0xff, 0x80, 0x7, 0xff, 0x70, 0x0, 0x0, 0x0,
    0x1, 0xff, 0xe0, 0xe, 0xff, 0x10, 0x0, 0x0,
    0x0, 0x0, 0x9f, 0xf6,

    /* U+01CE "ǎ" */
    0x0, 0x4f, 0xe3, 0x2, 0xef, 0x40, 0x0, 0x5,
    0xff, 0x7e, 0xf6, 0x0, 0x0, 0x0, 0x7f, 0xff,
    0x80, 0x0, 0x0, 0x0, 0x4, 0x55, 0x0, 0x0,
    0x0, 0x0, 0x0, 0x0, 0x0, 0x0, 0x0, 0x39,
    0xdf, 0xfe, 0xa4, 0x0, 0x6, 0xff, 0xff, 0xff,
    0xff, 0x70, 0x2, 0xfd, 0x75, 0x6a, 0xff, 0xf2,
    0x0, 0x30, 0x0, 0x0, 0x8f, 0xf7, 0x0, 0x0,
    0x0, 0x0, 0x2f, 0xf9, 0x0, 0x4a, 0xef, 0xff,
    0xff, 0xfa, 0x5, 0xff, 0xfe, 0xdd, 0xff, 0xfa,
    0xd, 0xfe, 0x20, 0x0, 0x1f, 0xfa, 0xf, 0xfb,
    0x0, 0x0, 0x5f, 0xfa, 0xd, 0xff, 0x30, 0x4,
    0xef, 0xfa, 0x5, 0xff, 0xfe, 0xff, 0xef, 0xfa,
    0x0, 0x3b, 0xef, 0xe9, 0x1f, 0xfa,

    /* U+01CF "Ǐ" */
    0x4f, 0xe3, 0x3, 0xef, 0x30, 0x4f, 0xfc, 0xff,
    0x40, 0x0, 0x4f, 0xff, 0x40, 0x0, 0x0, 0x0,
    0x0, 0x0, 0x0, 0xf, 0xfe, 0x0, 0x0, 0x0,
    0xff, 0xe0, 0x0, 0x0, 0xf, 0xfe, 0x0, 0x0,
    0x0, 0xff, 0xe0, 0x0, 0x0, 0xf, 0xfe, 0x0,
    0x0, 0x0, 0xff, 0xe0, 0x0, 0x0, 0xf, 0xfe,
    0x0, 0x0, 0x0, 0xff, 0xe0, 0x0, 0x0, 0xf,
    0xfe, 0x0, 0x0, 0x0, 0xff, 0xe0, 0x0, 0x0,
    0xf, 0xfe, 0x0, 0x0, 0x0, 0xff, 0xe0, 0x0,
    0x0, 0xf, 0xfe, 0x0, 0x0, 0x0, 0xff, 0xe0,
    0x0, 0x0, 0xf, 0xfe, 0x0, 0x0, 0x0, 0xff,
    0xe0, 0x0,

    /* U+01D0 "ǐ" */
    0x2f, 0xf2, 0xb, 0xf7, 0x5, 0xfe, 0xcf, 0xb0,
    0x0, 0x9f, 0xfe, 0x10, 0x0, 0x4, 0x42, 0x0,
    0x0, 0x0, 0x0, 0x0, 0x0, 0x3f, 0xf8, 0x0,
    0x0, 0x3f, 0xf8, 0x0, 0x0, 0x3f, 0xf8, 0x0,
    0x0, 0x3f, 0xf8, 0x0, 0x0, 0x3f, 0xf8, 0x0,
    0x0, 0x3f, 0xf8, 0x0, 0x0, 0x3f, 0xf8, 0x0,
    0x0, 0x3f, 0xf8, 0x0, 0x0, 0x3f, 0xf8, 0x0,
    0x0, 0x3f, 0xf8, 0x0, 0x0, 0x3f, 0xf8, 0x0,
    0x0, 0x3f, 0xf8, 0x0,

    /* U+01D1 "Ǒ" */
    0x0, 0x0, 0x7, 0xfc, 0x10, 0x6f, 0xd1, 0x0,
    0x0, 0x0, 0x0, 0x0, 0x7f, 0xec, 0xfd, 0x10,
    0x0, 0x0, 0x0, 0x0, 0x0, 0x7, 0xff, 0xe2,
    0x0, 0x0, 0x0, 0x0, 0x0, 0x0, 0x0, 0x0,
    0x0, 0x0, 0x0, 0x0, 0x0, 0x0, 0x2, 0x8d,
    0xef, 0xeb, 0x60, 0x0, 0x0, 0x0, 0x0, 0x9f,
    0xff, 0xff, 0xff, 0xfe, 0x40, 0x0, 0x0, 0xc,
    0xff, 0xfd, 0x98, 0xaf, 0xff, 0xf6, 0x0, 0x0,
    0xaf, 0xfe, 0x40, 0x0, 0x0, 0x9f, 0xff, 0x30,
    0x3, 0xff, 0xe2, 0x0, 0x0, 0x0, 0x8, 0xff,
    0xc0, 0xa, 0xff, 0x60, 0x0, 0x0, 0x0, 0x0,
    0xef, 0xf2, 0xe, 0xff, 0x10, 0x0, 0x0, 0x0,
    0x0, 0x8f, 0xf6, 0xf, 0xfe, 0x0, 0x0, 0x0,
    0x0, 0x0, 0x5f, 0xf8, 0xf, 0xfe, 0x0, 0x0,
    0x0, 0x0, 0x0, 0x6f, 0xf8, 0xe, 0xff, 0x10,
    0x0, 0x0, 0x0, 0x0, 0x8f, 0xf6, 0xa, 0xff,
    0x60, 0x0, 0x0, 0x0, 0x0, 0xef, 0xf2, 0x3,
    0xff, 0xe1, 0x0, 0x0, 0x0, 0x8, 0xff, 0xc0,
    0x0, 0xaf, 0xfe, 0x30, 0x0, 0x0, 0x9f, 0xff,
    0x30, 0x0, 0xc, 0xff, 0xfc, 0x98, 0xaf, 0xff,
    0xf6, 0x0, 0x0, 0x0, 0x9f, 0xff, 0xff, 0xff,
    0xfe, 0x40, 0x0, 0x0, 0x0, 0x2, 0x8d, 0xef,
    0xeb, 0x60, 0x0, 0x0,

    /* U+01D2 "ǒ" */
    0x0, 0xb, 0xfa, 0x0, 0x8f, 0xc0, 0x0, 0x0,
    0x0, 0xcf, 0xba, 0xfd, 0x10, 0x0, 0x0, 0x0,
    0x1d, 0xff, 0xe2, 0x0, 0x0, 0x0, 0x0, 0x1,
    0x55, 0x20, 0x0, 0x0, 0x0, 0x0, 0x0, 0x0,
    0x0, 0x0, 0x0, 0x0, 0x1, 0x7c, 0xef, 0xd8,
    0x20, 0x0, 0x0, 0x3e, 0xff, 0xff, 0xff, 0xf5,
    0x0, 0x1, 0xef, 0xfb, 0x66, 0xaf, 0xff, 0x40,
    0x9, 0xff, 0x70, 0x0, 0x4, 0xff, 0xc0, 0xf,
    0xfe, 0x0, 0x0, 0x0, 0xbf, 0xf2, 0x1f, 0xfa,
    0x0, 0x0, 0x0, 0x7f, 0xf4, 0x1f, 0xfa, 0x0,
    0x0, 0x0, 0x7f, 0xf4, 0xf, 0xfe, 0x0, 0x0,
    0x0, 0xbf, 0xf2, 0x9, 0xff, 0x80, 0x0, 0x5,
    0xff, 0xc0, 0x1, 0xef, 0xfc, 0x76, 0xaf, 0xff,
    0x30, 0x0, 0x3e, 0xff, 0xff, 0xff, 0xf5, 0x0,
    0x0, 0x1, 0x7c, 0xef, 0xd8, 0x20, 0x0,

    /* U+01D3 "Ǔ" */
    0x0, 0x1, 0xef, 0x60, 0x2d, 0xf6, 0x0, 0x0,
    0x0, 0x2, 0xef, 0xce, 0xf7, 0x0, 0x0, 0x0,
    0x0, 0x2, 0xff, 0xf7, 0x0, 0x0, 0x0, 0x0,
    0x0, 0x0, 0x0, 0x0, 0x0, 0x0, 0x1f, 0xfc,
    0x0, 0x0, 0x0, 0x6, 0xff, 0x61, 0xff, 0xc0,
    0x0, 0x0, 0x0, 0x6f, 0xf6, 0x1f, 0xfc, 0x0,
    0x0, 0x0, 0x6, 0xff, 0x61, 0xff, 0xc0, 0x0,
    0x0, 0x0, 0x6f, 0xf6, 0x1f, 0xfc, 0x0, 0x0,
    0x0, 0x6, 0xff, 0x61, 0xff, 0xc0, 0x0, 0x0,
    0x0, 0x6f, 0xf6, 0x1f, 0xfc, 0x0, 0x0, 0x0,
    0x6, 0xff, 0x61, 0xff, 0xc0, 0x0, 0x0, 0x0,
    0x6f, 0xf6, 0xf, 0xfc, 0x0, 0x0, 0x0, 0x6,
    0xff, 0x60, 0xff, 0xd0, 0x0, 0x0, 0x0, 0x6f,
    0xf6, 0xf, 0xff, 0x0, 0x0, 0x0, 0x9, 0xff,
    0x40, 0xbf, 0xf4, 0x0, 0x0, 0x0, 0xdf, 0xf1,
    0x5, 0xff, 0xd2, 0x0, 0x0, 0x9f, 0xfb, 0x0,
    0xc, 0xff, 0xfb, 0x89, 0xdf, 0xff, 0x20, 0x0,
    0x1c, 0xff, 0xff, 0xff, 0xff, 0x40, 0x0, 0x0,
    0x5, 0xbe, 0xff, 0xc8, 0x10, 0x0,

    /* U+01D4 "ǔ" */
    0x0, 0x5f, 0xe2, 0x3, 0xef, 0x30, 0x0, 0x0,
    0x6f, 0xe8, 0xff, 0x40, 0x0, 0x0, 0x0, 0x8f,
    0xff, 0x60, 0x0, 0x0, 0x0, 0x0, 0x34, 0x30,
    0x0, 0x0, 0x0, 0x0, 0x0, 0x0, 0x0, 0x0,
    0x4, 0xff, 0x70, 0x0, 0x0, 0x9f, 0xf2, 0x4f,
    0xf7, 0x0, 0x0, 0x9, 0xff, 0x24, 0xff, 0x70,
    0x0, 0x0, 0x9f, 0xf2, 0x4f, 0xf7, 0x0, 0x0,
    0x9, 0xff, 0x24, 0xff, 0x70, 0x0, 0x0, 0x9f,
    0xf2, 0x4f, 0xf7, 0x0, 0x0, 0x9, 0xff, 0x24,
    0xff, 0x70, 0x0, 0x0, 0xaf, 0xf2, 0x3f, 0xf9,
    0x0, 0x0, 0xd, 0xff, 0x21, 0xff, 0xf1, 0x0,
    0x6, 0xff, 0xf2, 0xb, 0xff, 0xe9, 0x7b, 0xff,
    0xff, 0x20, 0x1e, 0xff, 0xff, 0xff, 0xcf, 0xf2,
    0x0, 0x19, 0xdf, 0xeb, 0x37, 0xff, 0x20,

    /* U+01D5 "Ǖ" */
    0x0, 0x0, 0x99, 0x99, 0x99, 0x94, 0x0, 0x0,
    0x0, 0x1f, 0xff, 0xff, 0xff, 0x80, 0x0, 0x0,
    0x0, 0x0, 0x0, 0x0, 0x0, 0x0, 0x0, 0x0,
    0x1, 0x83, 0x0, 0x74, 0x0, 0x0, 0x0, 0x0,
    0x8f, 0xd0, 0x6f, 0xf0, 0x0, 0x0, 0x0, 0x5,
    0xf9, 0x3, 0xeb, 0x0, 0x0, 0x0, 0x0, 0x0,
    0x0, 0x0, 0x0, 0x0, 0x1, 0xff, 0xc0, 0x0,
    0x0, 0x0, 0x6f, 0xf6, 0x1f, 0xfc, 0x0, 0x0,
    0x0, 0x6, 0xff, 0x61, 0xff, 0xc0, 0x0, 0x0,
    0x0, 0x6f, 0xf6, 0x1f, 0xfc, 0x0, 0x0, 0x0,
    0x6, 0xff, 0x61, 0xff, 0xc0, 0x0, 0x0, 0x0,
    0x6f, 0xf6, 0x1f, 0xfc, 0x0, 0x0, 0x0, 0x6,
    0xff, 0x61, 0xff, 0xc0, 0x0, 0x0, 0x0, 0x6f,
    0xf6, 0x1f, 0xfc, 0x0, 0x0, 0x0, 0x6, 0xff,
    0x60, 0xff, 0xc0, 0x0, 0x0, 0x0, 0x6f, 0xf6,
    0xf, 0xfd, 0x0, 0x0, 0x0, 0x6, 0xff, 0x60,
    0xff, 0xf0, 0x0, 0x0, 0x0, 0x9f, 0xf4, 0xb,
    0xff, 0x40, 0x0, 0x0, 0xd, 0xff, 0x10, 0x5f,
    0xfd, 0x20, 0x0, 0x9, 0xff, 0xb0, 0x0, 0xcf,
    0xff, 0xb8, 0x9d, 0xff, 0xf2, 0x0, 0x1, 0xcf,
    0xff, 0xff, 0xff, 0xf4, 0x0, 0x0, 0x0, 0x5b,
    0xef, 0xfc, 0x81, 0x0, 0x0,

    /* U+01D6 "ǖ" */
    0x0, 0x6f, 0xff, 0xff, 0xff, 0x30, 0x0, 0x3,
    0x88, 0x88, 0x88, 0x82, 0x0, 0x0, 0x0, 0x0,
    0x0, 0x0, 0x0, 0x0, 0x0, 0x8f, 0x50, 0x6f,
    0x70, 0x0, 0x0, 0xd, 0xf9, 0xa, 0xfb, 0x0,
    0x0, 0x0, 0x37, 0x10, 0x28, 0x20, 0x0, 0x0,
    0x0, 0x0, 0x0, 0x0, 0x0, 0x4, 0xff, 0x70,
    0x0, 0x0, 0x9f, 0xf2, 0x4f, 0xf7, 0x0, 0x0,
    0x9, 0xff, 0x24, 0xff, 0x70, 0x0, 0x0, 0x9f,
    0xf2, 0x4f, 0xf7, 0x0, 0x0, 0x9, 0xff, 0x24,
    0xff, 0x70, 0x0, 0x0, 0x9f, 0xf2, 0x4f, 0xf7,
    0x0, 0x0, 0x9, 0xff, 0x24, 0xff, 0x70, 0x0,
    0x0, 0xaf, 0xf2, 0x3f, 0xf9, 0x0, 0x0, 0xd,
    0xff, 0x21, 0xff, 0xf1, 0x0, 0x6, 0xff, 0xf2,
    0xb, 0xff, 0xe9, 0x7b, 0xff, 0xff, 0x20, 0x1e,
    0xff, 0xff, 0xff, 0xcf, 0xf2, 0x0, 0x19, 0xdf,
    0xeb, 0x37, 0xff, 0x20,

    /* U+01D7 "Ǘ" */
    0x0, 0x0, 0x0, 0x1, 0xdf, 0xb1, 0x0, 0x0,
    0x0, 0x0, 0x1, 0xdf, 0x70, 0x0, 0x0, 0x0,
    0x0, 0x0, 0x58, 0x30, 0x0, 0x0, 0x0, 0x0,
    0x1, 0x83, 0x0, 0x74, 0x0, 0x0, 0x0, 0x0,
    0x8f, 0xd0, 0x6f, 0xf0, 0x0, 0x0, 0x0, 0x5,
    0xf9, 0x3, 0xeb, 0x0, 0x0, 0x0, 0x0, 0x0,
    0x0, 0x0, 0x0, 0x0, 0x1, 0xff, 0xc0, 0x0,
    0x0, 0x0, 0x6f, 0xf6, 0x1f, 0xfc, 0x0, 0x0,
    0x0, 0x6, 0xff, 0x61, 0xff, 0xc0, 0x0, 0x0,
    0x0, 0x6f, 0xf6, 0x1f, 0xfc, 0x0, 0x0, 0x0,
    0x6, 0xff, 0x61, 0xff, 0xc0, 0x0, 0x0, 0x0,
    0x6f, 0xf6, 0x1f, 0xfc, 0x0, 0x0, 0x0, 0x6,
    0xff, 0x61, 0xff, 0xc0, 0x0, 0x0, 0x0, 0x6f,
    0xf6, 0x1f, 0xfc, 0x0, 0x0, 0x0, 0x6, 0xff,
    0x60, 0xff, 0xc0, 0x0, 0x0, 0x0, 0x6f, 0xf6,
    0xf, 0xfd, 0x0, 0x0, 0x0, 0x6, 0xff, 0x60,
    0xff, 0xf0, 0x0, 0x0, 0x0, 0x9f, 0xf4, 0xb,
    0xff, 0x40, 0x0, 0x0, 0xd, 0xff, 0x10, 0x5f,
    0xfd, 0x20, 0x0, 0x9, 0xff, 0xb0, 0x0, 0xcf,
    0xff, 0xb8, 0x9d, 0xff, 0xf2, 0x0, 0x1, 0xcf,
    0xff, 0xff, 0xff, 0xf4, 0x0, 0x0, 0x0, 0x5b,
    0xef, 0xfc, 0x81, 0x0, 0x0,

    /* U+01D8 "ǘ" */
    0x0, 0x0, 0x0, 0x7, 0x86, 0x0, 0x0, 0x0,
    0x0, 0xb, 0xfc, 0x10, 0x0, 0x0, 0x0, 0xb,
    0xf8, 0x0, 0x0, 0x0, 0x0, 0x8f, 0x50, 0x6f,
    0x70, 0x0, 0x0, 0xd, 0xf9, 0xa, 0xfb, 0x0,
    0x0, 0x0, 0x37, 0x10, 0x28, 0x20, 0x0, 0x0,
    0x0, 0x0, 0x0, 0x0, 0x0, 0x0, 0x0, 0x0,
    0x0, 0x0, 0x0, 0x0, 0x4f, 0xf7, 0x0, 0x0,
    0x9, 0xff, 0x24, 0xff, 0x70, 0x0, 0x0, 0x9f,
    0xf2, 0x4f, 0xf7, 0x0, 0x0, 0x9, 0xff, 0x24,
    0xff, 0x70, 0x0, 0x0, 0x9f, 0xf2, 0x4f, 0xf7,
    0x0, 0x0, 0x9, 0xff, 0x24, 0xff, 0x70, 0x0,
    0x0, 0x9f, 0xf2, 0x4f, 0xf7, 0x0, 0x0, 0xa,
    0xff, 0x23, 0xff, 0x90, 0x0, 0x0, 0xdf, 0xf2,
    0x1f, 0xff, 0x10, 0x0, 0x6f, 0xff, 0x20, 0xbf,
    0xfe, 0x97, 0xbf, 0xff, 0xf2, 0x1, 0xef, 0xff,
    0xff, 0xfc, 0xff, 0x20, 0x1, 0x9d, 0xfe, 0xb3,
    0x7f, 0xf2,

    /* U+01D9 "Ǚ" */
    0x0, 0x1, 0x77, 0x0, 0x5, 0x85, 0x0, 0x0,
    0x0, 0x8, 0xfd, 0x28, 0xfd, 0x10, 0x0, 0x0,
    0x0, 0x8, 0xff, 0xfd, 0x10, 0x0, 0x0, 0x0,
    0x0, 0x6, 0x87, 0x10, 0x0, 0x0, 0x0, 0x0,
    0x6f, 0x80, 0x2e, 0xc0, 0x0, 0x0, 0x0, 0xa,
    0xfd, 0x6, 0xff, 0x10, 0x0, 0x0, 0x0, 0x3a,
    0x40, 0x19, 0x70, 0x0, 0x0, 0x0, 0x0, 0x0,
    0x0, 0x0, 0x0, 0x0, 0x1f, 0xfc, 0x0, 0x0,
    0x0, 0x6, 0xff, 0x61, 0xff, 0xc0, 0x0, 0x0,
    0x0, 0x6f, 0xf6, 0x1f, 0xfc, 0x0, 0x0, 0x0,
    0x6, 0xff, 0x61, 0xff, 0xc0, 0x0, 0x0, 0x0,
    0x6f, 0xf6, 0x1f, 0xfc, 0x0, 0x0, 0x0, 0x6,
    0xff, 0x61, 0xff, 0xc0, 0x0, 0x0, 0x0, 0x6f,
    0xf6, 0x1f, 0xfc, 0x0, 0x0, 0x0, 0x6, 0xff,
    0x61, 0xff, 0xc0, 0x0, 0x0, 0x0, 0x6f, 0xf6,
    0xf, 0xfc, 0x0, 0x0, 0x0, 0x6, 0xff, 0x60,
    0xff, 0xd0, 0x0, 0x0, 0x0, 0x6f, 0xf6, 0xf,
    0xff, 0x0, 0x0, 0x0, 0x9, 0xff, 0x40, 0xbf,
    0xf4, 0x0, 0x0, 0x0, 0xdf, 0xf1, 0x5, 0xff,
    0xd2, 0x0, 0x0, 0x9f, 0xfb, 0x0, 0xc, 0xff,
    0xfb, 0x89, 0xdf, 0xff, 0x20, 0x0, 0x1c, 0xff,
    0xff, 0xff, 0xff, 0x40, 0x0, 0x0, 0x5, 0xbe,
    0xff, 0xc8, 0x10, 0x0,

    /* U+01DA "ǚ" */
    0x0, 0x4f, 0xe3, 0x4, 0xff, 0x30, 0x0, 0x0,
    0x5f, 0xfc, 0xff, 0x30, 0x0, 0x0, 0x0, 0x5f,
    0xff, 0x30, 0x0, 0x0, 0x0, 0xae, 0x40, 0x6f,
    0x80, 0x0, 0x0, 0xf, 0xf9, 0xb, 0xfd, 0x0,
    0x0, 0x0, 0x5a, 0x20, 0x3a, 0x40, 0x0, 0x0,
    0x0, 0x0, 0x0, 0x0, 0x0, 0x0, 0x0, 0x0,
    0x0, 0x0, 0x0, 0x0, 0x4f, 0xf7, 0x0, 0x0,
    0x9, 0xff, 0x24, 0xff, 0x70, 0x0, 0x0, 0x9f,
    0xf2, 0x4f, 0xf7, 0x0, 0x0, 0x9, 0xff, 0x24,
    0xff, 0x70, 0x0, 0x0, 0x9f, 0xf2, 0x4f, 0xf7,
    0x0, 0x0, 0x9, 0xff, 0x24, 0xff, 0x70, 0x0,
    0x0, 0x9f, 0xf2, 0x4f, 0xf7, 0x0, 0x0, 0xa,
    0xff, 0x23, 0xff, 0x90, 0x0, 0x0, 0xdf, 0xf2,
    0x1f, 0xff, 0x10, 0x0, 0x6f, 0xff, 0x20, 0xbf,
    0xfe, 0x97, 0xbf, 0xff, 0xf2, 0x1, 0xef, 0xff,
    0xff, 0xfc, 0xff, 0x20, 0x1, 0x9d, 0xfe, 0xb3,
    0x7f, 0xf2,

    /* U+01DB "Ǜ" */
    0x0, 0x0, 0x6f, 0xf6, 0x0, 0x0, 0x0, 0x0,
    0x0, 0x0, 0x2d, 0xf6, 0x0, 0x0, 0x0, 0x0,
    0x0, 0x0, 0x7, 0x71, 0x0, 0x0, 0x0, 0x0,
    0x1, 0x83, 0x0, 0x74, 0x0, 0x0, 0x0, 0x0,
    0x8f, 0xd0, 0x6f, 0xf0, 0x0, 0x0, 0x0, 0x5,
    0xf9, 0x3, 0xeb, 0x0, 0x0, 0x0, 0x0, 0x0,
    0x0, 0x0, 0x0, 0x0, 0x1, 0xff, 0xc0, 0x0,
    0x0, 0x0, 0x6f, 0xf6, 0x1f, 0xfc, 0x0, 0x0,
    0x0, 0x6, 0xff, 0x61, 0xff, 0xc0, 0x0, 0x0,
    0x0, 0x6f, 0xf6, 0x1f, 0xfc, 0x0, 0x0, 0x0,
    0x6, 0xff, 0x61, 0xff, 0xc0, 0x0, 0x0, 0x0,
    0x6f, 0xf6, 0x1f, 0xfc, 0x0, 0x0, 0x0, 0x6,
    0xff, 0x61, 0xff, 0xc0, 0x0, 0x0, 0x0, 0x6f,
    0xf6, 0x1f, 0xfc, 0x0, 0x0, 0x0, 0x6, 0xff,
    0x60, 0xff, 0xc0, 0x0, 0x0, 0x0, 0x6f, 0xf6,
    0xf, 0xfd, 0x0, 0x0, 0x0, 0x6, 0xff, 0x60,
    0xff, 0xf0, 0x0, 0x0, 0x0, 0x9f, 0xf4, 0xb,
    0xff, 0x40, 0x0, 0x0, 0xd, 0xff, 0x10, 0x5f,
    0xfd, 0x20, 0x0, 0x9, 0xff, 0xb0, 0x0, 0xcf,
    0xff, 0xb8, 0x9d, 0xff, 0xf2, 0x0, 0x1, 0xcf,
    0xff, 0xff, 0xff, 0xf4, 0x0, 0x0, 0x0, 0x5b,
    0xef, 0xfc, 0x81, 0x0, 0x0,

    /* U+01DC "ǜ" */
    0x0, 0x7, 0x86, 0x0, 0x0, 0x0, 0x0, 0x0,
    0x2d, 0xfa, 0x0, 0x0, 0x0, 0x0, 0x0, 0x9,
    0xfa, 0x0, 0x0, 0x0, 0x0, 0x8f, 0x50, 0x6f,
    0x70, 0x0, 0x0, 0xd, 0xf9, 0xa, 0xfb, 0x0,
    0x0, 0x0, 0x37, 0x10, 0x28, 0x20, 0x0, 0x0,
    0x0, 0x0, 0x0, 0x0, 0x0, 0x0, 0x0, 0x0,
    0x0, 0x0, 0x0, 0x0, 0x4f, 0xf7, 0x0, 0x0,
    0x9, 0xff, 0x24, 0xff, 0x70, 0x0, 0x0, 0x9f,
    0xf2, 0x4f, 0xf7, 0x0, 0x0, 0x9, 0xff, 0x24,
    0xff, 0x70, 0x0, 0x0, 0x9f, 0xf2, 0x4f, 0xf7,
    0x0, 0x0, 0x9, 0xff, 0x24, 0xff, 0x70, 0x0,
    0x0, 0x9f, 0xf2, 0x4f, 0xf7, 0x0, 0x0, 0xa,
    0xff, 0x23, 0xff, 0x90, 0x0, 0x0, 0xdf, 0xf2,
    0x1f, 0xff, 0x10, 0x0, 0x6f, 0xff, 0x20, 0xbf,
    0xfe, 0x97, 0xbf, 0xff, 0xf2, 0x1, 0xef, 0xff,
    0xff, 0xfc, 0xff, 0x20, 0x1, 0x9d, 0xfe, 0xb3,
    0x7f, 0xf2,

    /* U+01DD "ǝ" */
    0x0, 0x6, 0xbe, 0xfe, 0xa4, 0x0, 0x0, 0x1c,
    0xff, 0xff, 0xff, 0xfb, 0x0, 0x0, 0xcf, 0xa6,
    0x68, 0xef, 0xfb, 0x0, 0x1, 0x30, 0x0, 0x0,
    0xbf, 0xf4, 0x0, 0x0, 0x0, 0x0, 0x2, 0xff,
    0xa2, 0xff, 0xff, 0xff, 0xff, 0xff, 0xfc, 0x1f,
    0xff, 0xdd, 0xdd, 0xdd, 0xff, 0xc0, 0xff, 0x90,
    0x0, 0x0, 0x1f, 0xfa, 0x9, 0xff, 0x30, 0x0,
    0x9, 0xff, 0x40, 0x2f, 0xff, 0x74, 0x5b, 0xff,
    0xb0, 0x0, 0x4f, 0xff, 0xff, 0xff, 0xc1, 0x0,
    0x0, 0x18, 0xdf, 0xec, 0x60, 0x0,

    /* U+01DE "Ǟ" */
    0x0, 0x0, 0x5, 0x99, 0x99, 0x99, 0x90, 0x0,
    0x0, 0x0, 0x0, 0x9, 0xff, 0xff, 0xff, 0xf0,
    0x0, 0x0, 0x0, 0x0, 0x0, 0x0, 0x0, 0x0,
    0x0, 0x0, 0x0, 0x0, 0x0, 0x0, 0x57, 0x0,
    0x37, 0x10, 0x0, 0x0, 0x0, 0x0, 0x0, 0xff,
    0x50, 0xef, 0x80, 0x0, 0x0, 0x0, 0x0, 0x0,
    0xbe, 0x20, 0x9f, 0x40, 0x0, 0x0, 0x0, 0x0,
    0x0, 0x0, 0x0, 0x0, 0x0, 0x0, 0x0, 0x0,
    0x0, 0x0, 0x6, 0xff, 0xd0, 0x0, 0x0, 0x0,
    0x0, 0x0, 0x0, 0xd, 0xff, 0xf4, 0x0, 0x0,
    0x0, 0x0, 0x0, 0x0, 0x4f, 0xff, 0xfb, 0x0,
    0x0, 0x0, 0x0, 0x0, 0x0, 0xbf, 0xf9, 0xff,
    0x20, 0x0, 0x0, 0x0, 0x0, 0x2, 0xff, 0x92,
    0xff, 0x90, 0x0, 0x0, 0x0, 0x0, 0x9, 0xff,
    0x20, 0xbf, 0xf1, 0x0, 0x0, 0x0, 0x0, 0xf,
    0xfc, 0x0, 0x5f, 0xf7, 0x0, 0x0, 0x0, 0x0,
    0x6f, 0xf5, 0x0, 0xe, 0xfe, 0x0, 0x0, 0x0,
    0x0, 0xdf, 0xe0, 0x0, 0x8, 0xff, 0x50, 0x0,
    0x0, 0x4, 0xff, 0x80, 0x0, 0x1, 0xff, 0xc0,
    0x0, 0x0, 0xb, 0xff, 0xff, 0xff, 0xff, 0xff,
    0xf3, 0x0, 0x0, 0x2f, 0xff, 0xff, 0xff, 0xff,
    0xff, 0xfa, 0x0, 0x0, 0x9f, 0xf9, 0x44, 0x44,
    0x44, 0x4f, 0xff, 0x10, 0x1, 0xff, 0xd0, 0x0,
    0x0, 0x0, 0x7, 0xff, 0x80, 0x7, 0xff, 0x70,
    0x0, 0x0, 0x0, 0x1, 0xff, 0xe0, 0xe, 0xff,
    0x10, 0x0, 0x0, 0x0, 0x0, 0x9f, 0xf6,

    /* U+01DF "ǟ" */
    0x0, 0x4f, 0xff, 0xff, 0xff, 0x50, 0x0, 0x28,
    0x88, 0x88, 0x88, 0x30, 0x0, 0x0, 0x0, 0x0,
    0x0, 0x0, 0x0, 0x7, 0xf6, 0x5, 0xf8, 0x0,
    0x0, 0xb, 0xfa, 0x9, 0xfd, 0x0, 0x0, 0x2,
    0x82, 0x1, 0x73, 0x0, 0x0, 0x0, 0x0, 0x0,
    0x0, 0x0, 0x0, 0x39, 0xdf, 0xfe, 0xa4, 0x0,
    0x6, 0xff, 0xff, 0xff, 0xff, 0x70, 0x2, 0xfd,
    0x75, 0x6a, 0xff, 0xf2, 0x0, 0x30, 0x0, 0x0,
    0x8f, 0xf7, 0x0, 0x0, 0x0, 0x0, 0x2f, 0xf9,
    0x0, 0x4a, 0xef, 0xff, 0xff, 0xfa, 0x5, 0xff,
    0xfe, 0xdd, 0xff, 0xfa, 0xd, 0xfe, 0x20, 0x0,
    0x1f, 0xfa, 0xf, 0xfb, 0x0, 0x0, 0x5f, 0xfa,
    0xd, 0xff, 0x30, 0x4, 0xef, 0xfa, 0x5, 0xff,
    0xfe, 0xff, 0xef, 0xfa, 0x0, 0x3b, 0xef, 0xe9,
    0x1f, 0xfa,

    /* U+01E0 "Ǡ" */
    0x0, 0x0, 0x5, 0x99, 0x99, 0x99, 0x90, 0x0,
    0x0, 0x0, 0x0, 0x9, 0xff, 0xff, 0xff, 0xf0,
    0x0, 0x0, 0x0, 0x0, 0x0, 0x0, 0x0, 0x0,
    0x0, 0x0, 0x0, 0x0, 0x0, 0x0, 0x0, 0x69,
    0x10, 0x0, 0x0, 0x0, 0x0, 0x0, 0x0, 0x0,
    0xff, 0x70, 0x0, 0x0, 0x0, 0x0, 0x0, 0x0,
    0x0, 0xbe, 0x30, 0x0, 0x0, 0x0, 0x0, 0x0,
    0x0, 0x0, 0x0, 0x0, 0x0, 0x0, 0x0, 0x0,
    0x0, 0x0, 0x6, 0xff, 0xd0, 0x0, 0x0, 0x0,
    0x0, 0x0, 0x0, 0xd, 0xff, 0xf4, 0x0, 0x0,
    0x0, 0x0, 0x0, 0x0, 0x4f, 0xff, 0xfb, 0x0,
    0x0, 0x0, 0x0, 0x0, 0x0, 0xbf, 0xf9, 0xff,
    0x20, 0x0, 0x0, 0x0, 0x0, 0x2, 0xff, 0x92,
    0xff, 0x90, 0x0, 0x0, 0x0, 0x0, 0x9, 0xff,
    0x20, 0xbf, 0xf1, 0x0, 0x0, 0x0, 0x0, 0xf,
    0xfc, 0x0, 0x5f, 0xf7, 0x0, 0x0, 0x0, 0x0,
    0x6f, 0xf5, 0x0, 0xe, 0xfe, 0x0, 0x0, 0x0,
    0x0, 0xdf, 0xe0, 0x0, 0x8, 0xff, 0x50, 0x0,
    0x0, 0x4, 0xff, 0x80, 0x0, 0x1, 0xff, 0xc0,
    0x0, 0x0, 0xb, 0xff, 0xff, 0xff, 0xff, 0xff,
    0xf3, 0x0, 0x0, 0x2f, 0xff, 0xff, 0xff, 0xff,
    0xff, 0xfa, 0x0, 0x0, 0x9f, 0xf9, 0x44, 0x44,
    0x44, 0x4f, 0xff, 0x10, 0x1, 0xff, 0xd0, 0x0,
    0x0, 0x0, 0x7, 0xff, 0x80, 0x7, 0xff, 0x70,
    0x0, 0x0, 0x0, 0x1, 0xff, 0xe0, 0xe, 0xff,
    0x10, 0x0, 0x0, 0x0, 0x0, 0x9f, 0xf6,

    /* U+01E1 "ǡ" */
    0x0, 0x4f, 0xff, 0xff, 0xff, 0x50, 0x0, 0x28,
    0x88, 0x88, 0x88, 0x30, 0x0, 0x0, 0x6, 0xf7,
    0x0, 0x0, 0x0, 0x0, 0xb, 0xfc, 0x0, 0x0,
    0x0, 0x0, 0x3, 0xa3, 0x0, 0x0, 0x0, 0x0,
    0x0, 0x0, 0x0, 0x0, 0x0, 0x0, 0x0, 0x0,
    0x0, 0x0, 0x0, 0x39, 0xdf, 0xfe, 0xa4, 0x0,
    0x6, 0xff, 0xff, 0xff, 0xff, 0x70, 0x2, 0xfd,
    0x75, 0x6a, 0xff, 0xf2, 0x0, 0x30, 0x0, 0x0,
    0x8f, 0xf7, 0x0, 0x0, 0x0, 0x0, 0x2f, 0xf9,
    0x0, 0x4a, 0xef, 0xff, 0xff, 0xfa, 0x5, 0xff,
    0xfe, 0xdd, 0xff, 0xfa, 0xd, 0xfe, 0x20, 0x0,
    0x1f, 0xfa, 0xf, 0xfb, 0x0, 0x0, 0x5f, 0xfa,
    0xd, 0xff, 0x30, 0x4, 0xef, 0xfa, 0x5, 0xff,
    0xfe, 0xff, 0xef, 0xfa, 0x0, 0x3b, 0xef, 0xe9,
    0x1f, 0xfa,

    /* U+01E2 "Ǣ" */
    0x0, 0x0, 0x0, 0x0, 0x0, 0xf, 0xff, 0xff,
    0xff, 0xa0, 0x0, 0x0, 0x0, 0x0, 0x0, 0x0,
    0x0, 0xa, 0xaa, 0xaa, 0xaa, 0x70, 0x0, 0x0,
    0x0, 0x0, 0x0, 0x0, 0x0, 0x0, 0x0, 0x0,
    0x0, 0x0, 0x0, 0x0, 0x0, 0x0, 0x0, 0x0,
    0x7, 0xff, 0xff, 0xff, 0xff, 0xff, 0xff, 0xf0,
    0x0, 0x0, 0x0, 0x0, 0x1e, 0xff, 0xff, 0xff,
    0xff, 0xff, 0xff, 0xf0, 0x0, 0x0, 0x0, 0x0,
    0x9f, 0xfe, 0xff, 0xc6, 0x66, 0x66, 0x66, 0x60,
    0x0, 0x0, 0x0, 0x2, 0xff, 0xa4, 0xff, 0x90,
    0x0, 0x0, 0x0, 0x0, 0x0, 0x0, 0x0, 0xb,
    0xff, 0x24, 0xff, 0x90, 0x0, 0x0, 0x0, 0x0,
    0x0, 0x0, 0x0, 0x3f, 0xf9, 0x4, 0xff, 0x90,
    0x0, 0x0, 0x0, 0x0, 0x0, 0x0, 0x0, 0xcf,
    0xf1, 0x4, 0xff, 0x90, 0x0, 0x0, 0x0, 0x0,
    0x0, 0x0, 0x5, 0xff, 0x70, 0x4, 0xff, 0xff,
    0xff, 0xff, 0xff, 0x0, 0x0, 0x0, 0xe, 0xfe,
    0x0, 0x4, 0xff, 0xff, 0xff, 0xff, 0xff, 0x0,
    0x0, 0x0, 0x7f, 0xf6, 0x0, 0x4, 0xff, 0xd6,
    0x66, 0x66, 0x66, 0x0, 0x0, 0x1, 0xff, 0xff,
    0xff, 0xff, 0xff, 0x90, 0x0, 0x0, 0x0, 0x0,
    0x0, 0x9, 0xff, 0xff, 0xff, 0xff, 0xff, 0x90,
    0x0, 0x0, 0x0, 0x0, 0x0, 0x2f, 0xff, 0x44,
    0x44, 0x49, 0xff, 0x90, 0x0, 0x0, 0x0, 0x0,
    0x0, 0xbf, 0xf3, 0x0, 0x0, 0x4, 0xff, 0xc6,
    0x66, 0x66, 0x66, 0x61, 0x4, 0xff, 0xa0, 0x0,
    0x0, 0x4, 0xff, 0xff, 0xff, 0xff, 0xff, 0xf4,
    0xd, 0xff, 0x20, 0x0, 0x0, 0x4, 0xff, 0xff,
    0xff, 0xff, 0xff, 0xf4,

    /* U+01E3 "ǣ" */
    0x0, 0x0, 0x0, 0x8f, 0xff, 0xff, 0xff, 0x10,
    0x0, 0x0, 0x0, 0x0, 0x0, 0x0, 0x5a, 0xaa,
    0xaa, 0xaa, 0x0, 0x0, 0x0, 0x0, 0x0, 0x0,
    0x0, 0x0, 0x0, 0x0, 0x0, 0x0, 0x0, 0x0,
    0x0, 0x0, 0x0, 0x0, 0x0, 0x0, 0x0, 0x0,
    0x0, 0x0, 0x0, 0x0, 0x0, 0x39, 0xdf, 0xfd,
    0xa3, 0x0, 0x7c, 0xef, 0xd8, 0x10, 0x0, 0x6,
    0xff, 0xff, 0xff, 0xff, 0x7d, 0xff, 0xff, 0xff,
    0xe3, 0x0, 0x2, 0xfd, 0x75, 0x6a, 0xff, 0xff,
    0xfa, 0x65, 0xaf, 0xfe, 0x10, 0x0, 0x30, 0x0,
    0x0, 0x7f, 0xff, 0x60, 0x0, 0x6, 0xff, 0x80,
    0x0, 0x0, 0x0, 0x0, 0x2f, 0xfd, 0x0, 0x0,
    0x0, 0xdf, 0xd0, 0x0, 0x4a, 0xef, 0xff, 0xff,
    0xff, 0xff, 0xff, 0xff, 0xff, 0xf0, 0x6, 0xff,
    0xfd, 0xdd, 0xef, 0xff, 0xdd, 0xdd, 0xdd, 0xdd,
    0xc0, 0xe, 0xfe, 0x20, 0x0, 0x2f, 0xfe, 0x0,
    0x0, 0x0, 0x0, 0x0, 0xf, 0xfb, 0x0, 0x0,
    0x6f, 0xff, 0x80, 0x0, 0x0, 0x50, 0x0, 0xd,
    0xff, 0x61, 0x16, 0xff, 0xff, 0xfc, 0x76, 0x7c,
    0xfa, 0x0, 0x4, 0xff, 0xff, 0xff, 0xfb, 0x2d,
    0xff, 0xff, 0xff, 0xfa, 0x0, 0x0, 0x2a, 0xef,
    0xfc, 0x60, 0x0, 0x6c, 0xef, 0xeb, 0x50, 0x0,

    /* U+01E4 "Ǥ" */
    0x0, 0x0, 0x2, 0x8c, 0xef, 0xeb, 0x71, 0x0,
    0x0, 0x0, 0x0, 0xaf, 0xff, 0xff, 0xff, 0xfe,
    0x50, 0x0, 0x0, 0xd, 0xff, 0xfd, 0x98, 0xae,
    0xff, 0xf3, 0x0, 0x0, 0xaf, 0xfe, 0x40, 0x0,
    0x0, 0x6f, 0x80, 0x0, 0x4, 0xff, 0xe2, 0x0,
    0x0, 0x0, 0x1, 0x0, 0x0, 0xa, 0xff, 0x60,
    0x0, 0x0, 0x0, 0x0, 0x0, 0x0, 0xe, 0xff,
    0x0, 0x0, 0x0, 0x0, 0x0, 0x0, 0x0, 0xf,
    0xfe, 0x0, 0x0, 0x0, 0x0, 0x13, 0x31, 0x0,
    0xf, 0xfe, 0x0, 0x0, 0x0, 0x0, 0x6f, 0xf4,
    0x0, 0xe, 0xff, 0x10, 0x0, 0x9, 0xff, 0xff,
    0xff, 0xf6, 0xa, 0xff, 0x60, 0x0, 0x9, 0xff,
    0xff, 0xff, 0xf6, 0x4, 0xff, 0xe2, 0x0, 0x1,
    0x22, 0x8f, 0xf6, 0x20, 0x0, 0xbf, 0xfe, 0x40,
    0x0, 0x0, 0xcf, 0xf4, 0x0, 0x0, 0xd, 0xff,
    0xfd, 0x98, 0xae, 0xff, 0xf5, 0x0, 0x0, 0x0,
    0xaf, 0xff, 0xff, 0xff, 0xff, 0x80, 0x0, 0x0,
    0x0, 0x3, 0x9d, 0xff, 0xeb, 0x71, 0x0, 0x0,

    /* U+01E5 "ǥ" */
    0x0, 0x3, 0xad, 0xfe, 0xb5, 0x2f, 0xf7, 0x0,
    0x0, 0x8f, 0xff, 0xff, 0xff, 0xdf, 0xf7, 0x0,
    0x6, 0xff, 0xe6, 0x11, 0x4b, 0xff, 0xf7, 0x0,
    0xe, 0xff, 0x20, 0x0, 0x0, 0xdf, 0xf7, 0x0,
    0x1f, 0xfa, 0x0, 0x0, 0x0, 0x6f, 0xf7, 0x0,
    0x1f, 0xfa, 0x0, 0x0, 0x0, 0x6f, 0xf7, 0x0,
    0xe, 0xff, 0x10, 0x0, 0x0, 0xdf, 0xf7, 0x0,
    0x8, 0xff, 0xd5, 0x10, 0x3a, 0xff, 0xf7, 0x0,
    0x0, 0xbf, 0xff, 0xff, 0xff, 0xff, 0xf7, 0x0,
    0x0, 0x6, 0xdf, 0xff, 0xf9, 0x5f, 0xf7, 0x0,
    0x0, 0x0, 0x1, 0x22, 0x0, 0x5f, 0xf6, 0x0,
    0x0, 0x0, 0x0, 0xc, 0xff, 0xff, 0xff, 0xf2,
    0x0, 0x63, 0x0, 0x8, 0xac, 0xff, 0xfc, 0xa1,
    0x2, 0xff, 0xb7, 0x55, 0x8e, 0xff, 0x90, 0x0,
    0x4, 0xef, 0xff, 0xff, 0xff, 0xfb, 0x0, 0x0,
    0x0, 0x6, 0xad, 0xff, 0xeb, 0x50, 0x0, 0x0,

    /* U+01E6 "Ǧ" */
    0x0, 0x0, 0x9, 0xfb, 0x0, 0x8f, 0xc0, 0x0,
    0x0, 0x0, 0x0, 0x9f, 0xed, 0xfc, 0x0, 0x0,
    0x0, 0x0, 0x0, 0xa, 0xff, 0xc0, 0x0, 0x0,
    0x0, 0x0, 0x0, 0x0, 0x0, 0x0, 0x0, 0x0,
    0x0, 0x0, 0x2, 0x8c, 0xef, 0xeb, 0x71, 0x0,
    0x0, 0x0, 0xaf, 0xff, 0xff, 0xff, 0xfe, 0x50,
    0x0, 0xd, 0xff, 0xfd, 0x98, 0xae, 0xff, 0xf3,
    0x0, 0xaf, 0xfe, 0x40, 0x0, 0x0, 0x6f, 0x80,
    0x4, 0xff, 0xe2, 0x0, 0x0, 0x0, 0x1, 0x0,
    0xa, 0xff, 0x60, 0x0, 0x0, 0x0, 0x0, 0x0,
    0xe, 0xff, 0x0, 0x0, 0x0, 0x0, 0x0, 0x0,
    0xf, 0xfe, 0x0, 0x0, 0x0, 0x0, 0x12, 0x20,
    0xf, 0xfe, 0x0, 0x0, 0x0, 0x0, 0x6f, 0xf4,
    0xe, 0xff, 0x10, 0x0, 0x0, 0x0, 0x6f, 0xf4,
    0xa, 0xff, 0x60, 0x0, 0x0, 0x0, 0x6f, 0xf4,
    0x4, 0xff, 0xe2, 0x0, 0x0, 0x0, 0x6f, 0xf4,
    0x0, 0xbf, 0xfe, 0x40, 0x0, 0x0, 0xbf, 0xf4,
    0x0, 0xd, 0xff, 0xfd, 0x98, 0xad, 0xff, 0xf5,
    0x0, 0x0, 0xaf, 0xff, 0xff, 0xff, 0xff, 0x80,
    0x0, 0x0, 0x3, 0x9d, 0xff, 0xeb, 0x71, 0x0,

    /* U+01E7 "ǧ" */
    0x0, 0x6, 0xfd, 0x20, 0x4f, 0xf2, 0x0, 0x0,
    0x0, 0x7f, 0xe8, 0xff, 0x40, 0x0, 0x0, 0x0,
    0x9, 0xff, 0xf5, 0x0, 0x0, 0x0, 0x0, 0x0,
    0x44, 0x30, 0x0, 0x0, 0x0, 0x0, 0x0, 0x0,
    0x0, 0x0, 0x0, 0x0, 0x2, 0x9d, 0xfe, 0xb5,
    0x2f, 0xf7, 0x0, 0x6f, 0xff, 0xff, 0xff, 0xcf,
    0xf7, 0x4, 0xff, 0xf9, 0x44, 0x6d, 0xff, 0xf7,
    0xc, 0xff, 0x40, 0x0, 0x0, 0xff, 0xf7, 0xf,
    0xfc, 0x0, 0x0, 0x0, 0x7f, 0xf7, 0x2f, 0xfa,
    0x0, 0x0, 0x0, 0x5f, 0xf7, 0xf, 0xfd, 0x0,
    0x0, 0x0, 0x9f, 0xf7, 0xc, 0xff, 0x60, 0x0,
    0x2, 0xff, 0xf7, 0x4, 0xff, 0xfb, 0x66, 0x9f,
    0xff, 0xf7, 0x0, 0x6f, 0xff, 0xff, 0xff, 0xef,
    0xf7, 0x0, 0x2, 0x9d, 0xfe, 0xb5, 0x5f, 0xf6,
    0x0, 0x0, 0x0, 0x0, 0x0, 0x8f, 0xf5, 0x0,
    0x63, 0x0, 0x0, 0x1, 0xff, 0xf1, 0x2, 0xff,
    0xc8, 0x66, 0x9e, 0xff, 0x90, 0x4, 0xef, 0xff,
    0xff, 0xff, 0xfb, 0x0, 0x0, 0x6, 0xad, 0xff,
    0xeb, 0x50, 0x0,

    /* U+01E8 "Ǩ" */
    0x0, 0x6f, 0xd2, 0x6, 0xfe, 0x20, 0x0, 0x0,
    0x0, 0x6f, 0xec, 0xfe, 0x20, 0x0, 0x0, 0x0,
    0x0, 0x7f, 0xff, 0x20, 0x0, 0x0, 0x0, 0x0,
    0x0, 0x0, 0x0, 0x0, 0x0, 0x0, 0xff, 0xe0,
    0x0, 0x0, 0x1, 0xdf, 0xf4, 0xf, 0xfe, 0x0,
    0x0, 0x0, 0xcf, 0xf6, 0x0, 0xff, 0xe0, 0x0,
    0x0, 0xbf, 0xf7, 0x0, 0xf, 0xfe, 0x0, 0x0,
    0xaf, 0xf9, 0x0, 0x0, 0xff, 0xe0, 0x0, 0x9f,
    0xfa, 0x0, 0x0, 0xf, 0xfe, 0x0, 0x8f, 0xfb,
    0x0, 0x0, 0x0, 0xff, 0xe0, 0x7f, 0xfd, 0x0,
    0x0, 0x0, 0xf, 0xfe, 0x6f, 0xff, 0xa0, 0x0,
    0x0, 0x0, 0xff, 0xff, 0xff, 0xff, 0x50, 0x0,
    0x0, 0xf, 0xff, 0xff, 0xaf, 0xff, 0x20, 0x0,
    0x0, 0xff, 0xff, 0x40, 0xaf, 0xfd, 0x0, 0x0,
    0xf, 0xff, 0x50, 0x0, 0xcf, 0xfa, 0x0, 0x0,
    0xff, 0xf0, 0x0, 0x1, 0xef, 0xf6, 0x0, 0xf,
    0xfe, 0x0, 0x0, 0x3, 0xff, 0xf3, 0x0, 0xff,
    0xe0, 0x0, 0x0, 0x6, 0xff, 0xe1, 0xf, 0xfe,
    0x0, 0x0, 0x0, 0x9, 0xff, 0xb0,

    /* U+01E9 "ǩ" */
    0x8, 0xfc, 0x10, 0x7f, 0xd1, 0x0, 0x0, 0x0,
    0x0, 0x8, 0xfe, 0xcf, 0xd1, 0x0, 0x0, 0x0,
    0x0, 0x0, 0x8, 0xff, 0xd1, 0x0, 0x0, 0x0,
    0x0, 0x0, 0x0, 0x0, 0x0, 0x0, 0x0, 0x0,
    0x0, 0x0, 0x0, 0x3, 0xff, 0x80, 0x0, 0x0,
    0x0, 0x0, 0x0, 0x0, 0x3f, 0xf8, 0x0, 0x0,
    0x0, 0x0, 0x0, 0x0, 0x3, 0xff, 0x80, 0x0,
    0x0, 0x0, 0x0, 0x0, 0x0, 0x3f, 0xf8, 0x0,
    0x0, 0x0, 0x0, 0x0, 0x0, 0x3, 0xff, 0x80,
    0x0, 0x0, 0x0, 0x0, 0x0, 0x0, 0x3f, 0xf8,
    0x0, 0x0, 0x4f, 0xfe, 0x20, 0x0, 0x3, 0xff,
    0x80, 0x0, 0x5f, 0xfe, 0x20, 0x0, 0x0, 0x3f,
    0xf8, 0x0, 0x6f, 0xfe, 0x20, 0x0, 0x0, 0x3,
    0xff, 0x80, 0x7f, 0xff, 0x30, 0x0, 0x0, 0x0,
    0x3f, 0xf8, 0x8f, 0xff, 0x30, 0x0, 0x0, 0x0,
    0x3, 0xff, 0xff, 0xff, 0xf1, 0x0, 0x0, 0x0,
    0x0, 0x3f, 0xff, 0xff, 0xff, 0xc0, 0x0, 0x0,
    0x0, 0x3, 0xff, 0xfd, 0x2d, 0xff, 0x80, 0x0,
    0x0, 0x0, 0x3f, 0xff, 0x10, 0x2f, 0xff, 0x50,
    0x0, 0x0, 0x3, 0xff, 0x90, 0x0, 0x5f, 0xff,
    0x20, 0x0, 0x0, 0x3f, 0xf8, 0x0, 0x0, 0x8f,
    0xfd, 0x0, 0x0, 0x3, 0xff, 0x80, 0x0, 0x0,
    0xbf, 0xfa, 0x0,

    /* U+01EA "Ǫ" */
    0x0, 0x0, 0x2, 0x8d, 0xef, 0xeb, 0x60, 0x0,
    0x0, 0x0, 0x0, 0xaf, 0xff, 0xff, 0xff, 0xfe,
    0x40, 0x0, 0x0, 0xd, 0xff, 0xfd, 0x98, 0xaf,
    0xff, 0xf6, 0x0, 0x0, 0xaf, 0xfe, 0x40, 0x0,
    0x0, 0x9f, 0xff, 0x30, 0x4, 0xff, 0xe1, 0x0,
    0x0, 0x0, 0x8, 0xff, 0xc0, 0xa, 0xff, 0x60,
    0x0, 0x0, 0x0, 0x0, 0xef, 0xf2, 0xe, 0xff,
    0x10, 0x0, 0x0, 0x0, 0x0, 0x8f, 0xf6, 0xf,
    0xfe, 0x0, 0x0, 0x0, 0x0, 0x0, 0x5f, 0xf8,
    0xf, 0xfe, 0x0, 0x0, 0x0, 0x0, 0x0, 0x6f,
    0xf8, 0xe, 0xff, 0x10, 0x0, 0x0, 0x0, 0x0,
    0x8f, 0xf6, 0xa, 0xff, 0x60, 0x0, 0x0, 0x0,
    0x0, 0xef, 0xf2, 0x4, 0xff, 0xe1, 0x0, 0x0,
    0x0, 0x8, 0xff, 0xc0, 0x0, 0xaf, 0xfe, 0x30,
    0x0, 0x0, 0x9f, 0xff, 0x30, 0x0, 0xd, 0xff,
    0xfc, 0x98, 0xaf, 0xff, 0xf7, 0x0, 0x0, 0x0,
    0xaf, 0xff, 0xff, 0xff, 0xfe, 0x50, 0x0, 0x0,
    0x0, 0x3, 0x9d, 0xff, 0xfd, 0x71, 0x0, 0x0,
    0x0, 0x0, 0x0, 0x6, 0xfc, 0x30, 0x0, 0x0,
    0x0, 0x0, 0x0, 0x0, 0x1f, 0xd0, 0x0, 0x0,
    0x0, 0x0, 0x0, 0x0, 0x0, 0x3f, 0xa0, 0x0,
    0x0, 0x0, 0x0, 0x0, 0x0, 0x0, 0x1f, 0xf9,
    0x94, 0x0, 0x0, 0x0, 0x0, 0x0, 0x0, 0x4,
    0xdf, 0xe6, 0x0, 0x0, 0x0,

    /* U+01EB "ǫ" */
    0x0, 0x1, 0x7c, 0xef, 0xd8, 0x20, 0x0, 0x0,
    0x3e, 0xff, 0xff, 0xff, 0xf5, 0x0, 0x1, 0xef,
    0xfb, 0x66, 0xaf, 0xff, 0x30, 0x9, 0xff, 0x70,
    0x0, 0x4, 0xff, 0xc0, 0xf, 0xfe, 0x0, 0x0,
    0x0, 0xbf, 0xf2, 0x1f, 0xfa, 0x0, 0x0, 0x0,
    0x7f, 0xf4, 0x1f, 0xfa, 0x0, 0x0, 0x0, 0x7f,
    0xf4, 0xf, 0xfe, 0x0, 0x0, 0x0, 0xbf, 0xf2,
    0x9, 0xff, 0x70, 0x0, 0x4, 0xff, 0xc0, 0x1,
    0xef, 0xfb, 0x65, 0x9f, 0xff, 0x40, 0x0, 0x3e,
    0xff, 0xff, 0xff, 0xf6, 0x0, 0x0, 0x1, 0x7c,
    0xff, 0xfb, 0x20, 0x0, 0x0, 0x0, 0x3, 0xfd,
    0x30, 0x0, 0x0, 0x0, 0x0, 0xd, 0xf1, 0x0,
    0x0, 0x0, 0x0, 0x0, 0xf, 0xc0, 0x0, 0x0,
    0x0, 0x0, 0x0, 0xe, 0xfa, 0x96, 0x0, 0x0,
    0x0, 0x0, 0x3, 0xcf, 0xe8, 0x0, 0x0,

    /* U+01EC "Ǭ" */
    0x0, 0x0, 0x5, 0xaa, 0xaa, 0xaa, 0xa0, 0x0,
    0x0, 0x0, 0x0, 0x8, 0xff, 0xff, 0xff, 0xf1,
    0x0, 0x0, 0x0, 0x0, 0x0, 0x0, 0x0, 0x0,
    0x0, 0x0, 0x0, 0x0, 0x0, 0x0, 0x0, 0x0,
    0x0, 0x0, 0x0, 0x0, 0x0, 0x0, 0x2, 0x8d,
    0xef, 0xeb, 0x60, 0x0, 0x0, 0x0, 0x0, 0xaf,
    0xff, 0xff, 0xff, 0xfe, 0x40, 0x0, 0x0, 0xd,
    0xff, 0xfd, 0x98, 0xaf, 0xff, 0xf6, 0x0, 0x0,
    0xaf, 0xfe, 0x40, 0x0, 0x0, 0x9f, 0xff, 0x30,
    0x4, 0xff, 0xe1, 0x0, 0x0, 0x0, 0x8, 0xff,
    0xc0, 0xa, 0xff, 0x60, 0x0, 0x0, 0x0, 0x0,
    0xef, 0xf2, 0xe, 0xff, 0x10, 0x0, 0x0, 0x0,
    0x0, 0x8f, 0xf6, 0xf, 0xfe, 0x0, 0x0, 0x0,
    0x0, 0x0, 0x5f, 0xf8, 0xf, 0xfe, 0x0, 0x0,
    0x0, 0x0, 0x0, 0x6f, 0xf8, 0xe, 0xff, 0x10,
    0x0, 0x0, 0x0, 0x0, 0x8f, 0xf6, 0xa, 0xff,
    0x60, 0x0, 0x0, 0x0, 0x0, 0xef, 0xf2, 0x4,
    0xff, 0xe1, 0x0, 0x0, 0x0, 0x8, 0xff, 0xc0,
    0x0, 0xaf, 0xfe, 0x30, 0x0, 0x0, 0x9f, 0xff,
    0x30, 0x0, 0xd, 0xff, 0xfc, 0x98, 0xaf, 0xff,
    0xf7, 0x0, 0x0, 0x0, 0xaf, 0xff, 0xff, 0xff,
    0xfe, 0x50, 0x0, 0x0, 0x0, 0x3, 0x9d, 0xff,
    0xfd, 0x71, 0x0, 0x0, 0x0, 0x0, 0x0, 0x6,
    0xfc, 0x30, 0x0, 0x0, 0x0, 0x0, 0x0, 0x0,
    0x1f, 0xd0, 0x0, 0x0, 0x0, 0x0, 0x0, 0x0,
    0x0, 0x3f, 0xa0, 0x0, 0x0, 0x0, 0x0, 0x0,
    0x0, 0x0, 0x1f, 0xf9, 0x94, 0x0, 0x0, 0x0,
    0x0, 0x0, 0x0, 0x4, 0xdf, 0xe6, 0x0, 0x0,
    0x0,

    /* U+01ED "ǭ" */
    0x0, 0xc, 0xff, 0xff, 0xff, 0xe0, 0x0, 0x0,
    0x7, 0xaa, 0xaa, 0xaa, 0x90, 0x0, 0x0, 0x0,
    0x0, 0x0, 0x0, 0x0, 0x0, 0x0, 0x0, 0x0,
    0x0, 0x0, 0x0, 0x0, 0x0, 0x1, 0x7c, 0xef,
    0xd8, 0x20, 0x0, 0x0, 0x3e, 0xff, 0xff, 0xff,
    0xf5, 0x0, 0x1, 0xef, 0xfb, 0x66, 0xaf, 0xff,
    0x30, 0x9, 0xff, 0x70, 0x0, 0x4, 0xff, 0xc0,
    0xf, 0xfe, 0x0, 0x0, 0x0, 0xbf, 0xf2, 0x1f,
    0xfa, 0x0, 0x0, 0x0, 0x7f, 0xf4, 0x1f, 0xfa,
    0x0, 0x0, 0x0, 0x7f, 0xf4, 0xf, 0xfe, 0x0,
    0x0, 0x0, 0xbf, 0xf2, 0x9, 0xff, 0x70, 0x0,
    0x4, 0xff, 0xc0, 0x1, 0xef, 0xfb, 0x65, 0x9f,
    0xff, 0x40, 0x0, 0x3e, 0xff, 0xff, 0xff, 0xf6,
    0x0, 0x0, 0x1, 0x7c, 0xff, 0xfb, 0x20, 0x0,
    0x0, 0x0, 0x3, 0xfd, 0x30, 0x0, 0x0, 0x0,
    0x0, 0xd, 0xf1, 0x0, 0x0, 0x0, 0x0, 0x0,
    0xf, 0xc0, 0x0, 0x0, 0x0, 0x0, 0x0, 0xe,
    0xfa, 0x96, 0x0, 0x0, 0x0, 0x0, 0x3, 0xcf,
    0xe8, 0x0, 0x0,

    /* U+01EE "Ǯ" */
    0x0, 0x1d, 0xf6, 0x1, 0xcf, 0x70, 0x0, 0x0,
    0x1d, 0xfc, 0xef, 0x70, 0x0, 0x0, 0x0, 0x1e,
    0xff, 0x80, 0x0, 0x0, 0x0, 0x0, 0x0, 0x0,
    0x0, 0x0, 0xc, 0xff, 0xff, 0xff, 0xff, 0xff,
    0x30, 0xcf, 0xff, 0xff, 0xff, 0xff, 0xf2, 0x5,
    0x66, 0x66, 0x66, 0xbf, 0xfb, 0x0, 0x0, 0x0,
    0x0, 0x2f, 0xfd, 0x0, 0x0, 0x0, 0x0, 0x1e,
    0xfe, 0x20, 0x0, 0x0, 0x0, 0xc, 0xff, 0x30,
    0x0, 0x0, 0x0, 0xa, 0xff, 0x70, 0x0, 0x0,
    0x0, 0x0, 0xff, 0xff, 0xd7, 0x0, 0x0, 0x0,
    0xf, 0xff, 0xff, 0xfc, 0x0, 0x0, 0x0, 0x0,
    0x15, 0xdf, 0xf8, 0x0, 0x0, 0x0, 0x0, 0x1,
    0xff, 0xd0, 0x0, 0x0, 0x0, 0x0, 0xf, 0xfe,
    0x8, 0x60, 0x0, 0x0, 0x6, 0xff, 0xb1, 0xff,
    0xfb, 0x87, 0x9c, 0xff, 0xf4, 0x2c, 0xff, 0xff,
    0xff, 0xff, 0xf6, 0x0, 0x4, 0x9c, 0xef, 0xed,
    0x82, 0x0,

    /* U+01EF "ǯ" */
    0x0, 0x9f, 0xb0, 0x7, 0xfd, 0x10, 0x0, 0x0,
    0xaf, 0xca, 0xfe, 0x10, 0x0, 0x0, 0x0, 0xcf,
    0xff, 0x20, 0x0, 0x0, 0x0, 0x0, 0x44, 0x20,
    0x0, 0x0, 0x0, 0x0, 0x0, 0x0, 0x0, 0x0,
    0x0, 0xdf, 0xff, 0xff, 0xff, 0xff, 0x90, 0xd,
    0xff, 0xff, 0xff, 0xff, 0xf8, 0x0, 0x46, 0x66,
    0x66, 0x7f, 0xfe, 0x20, 0x0, 0x0, 0x0, 0x1d,
    0xff, 0x30, 0x0, 0x0, 0x0, 0xc, 0xff, 0x40,
    0x0, 0x0, 0x0, 0xb, 0xff, 0x50, 0x0, 0x0,
    0x0, 0x7, 0xff, 0xfc, 0x70, 0x0, 0x0, 0x0,
    0x8f, 0xff, 0xff, 0xd1, 0x0, 0x0, 0x1, 0x33,
    0x6c, 0xff, 0xb0, 0x0, 0x0, 0x0, 0x0, 0xd,
    0xff, 0x10, 0x0, 0x0, 0x0, 0x0, 0x9f, 0xf3,
    0x0, 0x0, 0x0, 0x0, 0xa, 0xff, 0x20, 0xb7,
    0x0, 0x0, 0x2, 0xff, 0xe0, 0x2f, 0xfe, 0x96,
    0x69, 0xff, 0xf7, 0x2, 0xcf, 0xff, 0xff, 0xff,
    0xfa, 0x0, 0x0, 0x49, 0xdf, 0xfe, 0xa4, 0x0,
    0x0,

    /* U+01F0 "ǰ" */
    0x0, 0x1e, 0xf4, 0xa, 0xf9, 0x0, 0x4, 0xff,
    0xbf, 0xc0, 0x0, 0x0, 0x8f, 0xff, 0x20, 0x0,
    0x0, 0x4, 0x42, 0x0, 0x0, 0x0, 0x0, 0x0,
    0x0, 0x0, 0x0, 0x1f, 0xfb, 0x0, 0x0, 0x0,
    0x1f, 0xfb, 0x0, 0x0, 0x0, 0x1f, 0xfb, 0x0,
    0x0, 0x0, 0x1f, 0xfb, 0x0, 0x0, 0x0, 0x1f,
    0xfb, 0x0, 0x0, 0x0, 0x1f, 0xfb, 0x0, 0x0,
    0x0, 0x1f, 0xfb, 0x0, 0x0, 0x0, 0x1f, 0xfb,
    0x0, 0x0, 0x0, 0x1f, 0xfb, 0x0, 0x0, 0x0,
    0x1f, 0xfb, 0x0, 0x0, 0x0, 0x1f, 0xfb, 0x0,
    0x0, 0x0, 0x1f, 0xfa, 0x0, 0x0, 0x0, 0x2f,
    0xfa, 0x0, 0x4, 0x75, 0xcf, 0xf6, 0x0, 0xb,
    0xff, 0xff, 0xd0, 0x0, 0x8, 0xef, 0xe9, 0x10,
    0x0,

    /* U+01F1 "Ǳ" */
    0xff, 0xff, 0xff, 0xff, 0xda, 0x40, 0x0, 0x0,
    0xf, 0xff, 0xff, 0xff, 0xff, 0xff, 0xfc, 0xf,
    0xff, 0xff, 0xff, 0xff, 0xff, 0xc1, 0x0, 0x0,
    0xff, 0xff, 0xff, 0xff, 0xff, 0xff, 0xb0, 0xff,
    0xf7, 0x77, 0x78, 0xbf, 0xff, 0xe2, 0x0, 0x6,
    0x77, 0x77, 0x77, 0x79, 0xff, 0xf5, 0xf, 0xfe,
    0x0, 0x0, 0x0, 0x1b, 0xff, 0xd0, 0x0, 0x0,
    0x0, 0x0, 0x0, 0xcf, 0xf8, 0x0, 0xff, 0xe0,
    0x0, 0x0, 0x0, 0xc, 0xff, 0x70, 0x0, 0x0,
    0x0, 0x0, 0x9f, 0xfb, 0x0, 0xf, 0xfe, 0x0,
    0x0, 0x0, 0x0, 0x3f, 0xfd, 0x0, 0x0, 0x0,
    0x0, 0x6f, 0xfe, 0x10, 0x0, 0xff, 0xe0, 0x0,
    0x0, 0x0, 0x0, 0xdf, 0xf1, 0x0, 0x0, 0x0,
    0x3f, 0xff, 0x30, 0x0, 0xf, 0xfe, 0x0, 0x0,
    0x0, 0x0, 0xb, 0xff, 0x20, 0x0, 0x0, 0x1e,
    0xff, 0x60, 0x0, 0x0, 0xff, 0xe0, 0x0, 0x0,
    0x0, 0x0, 0xbf, 0xf2, 0x0, 0x0, 0xb, 0xff,
    0x90, 0x0, 0x0, 0xf, 0xfe, 0x0, 0x0, 0x0,
    0x0, 0xd, 0xff, 0x10, 0x0, 0x8, 0xff, 0xc0,
    0x0, 0x0, 0x0, 0xff, 0xe0, 0x0, 0x0, 0x0,
    0x3, 0xff, 0xd0, 0x0, 0x5, 0xff, 0xe1, 0x0,
    0x0, 0x0, 0xf, 0xfe, 0x0, 0x0, 0x0, 0x0,
    0xcf, 0xf7, 0x0, 0x2, 0xff, 0xf4, 0x0, 0x0,
    0x0, 0x0, 0xff, 0xe0, 0x0, 0x0, 0x1, 0xbf,
    0xfd, 0x0, 0x0, 0xdf, 0xf7, 0x0, 0x0, 0x0,
    0x0, 0xf, 0xff, 0x77, 0x77, 0x8b, 0xff, 0xfe,
    0x20, 0x0, 0xaf, 0xff, 0x77, 0x77, 0x77, 0x77,
    0x70, 0xff, 0xff, 0xff, 0xff, 0xff, 0xfc, 0x20,
    0x0, 0x1f, 0xff, 0xff, 0xff, 0xff, 0xff, 0xff,
    0xf, 0xff, 0xff, 0xff, 0xed, 0x94, 0x0, 0x0,
    0x1, 0xff, 0xff, 0xff, 0xff, 0xff, 0xff, 0xf0,

    /* U+01F2 "ǲ" */
    0xff, 0xff, 0xff, 0xff, 0xda, 0x40, 0x0, 0x0,
    0x0, 0x0, 0x0, 0x0, 0x0, 0x0, 0xff, 0xff,
    0xff, 0xff, 0xff, 0xfc, 0x10, 0x0, 0x0, 0x0,
    0x0, 0x0, 0x0, 0x0, 0xff, 0xf7, 0x77, 0x78,
    0xbf, 0xff, 0xe2, 0x0, 0x0, 0x0, 0x0, 0x0,
    0x0, 0x0, 0xff, 0xe0, 0x0, 0x0, 0x1, 0xbf,
    0xfd, 0x0, 0x0, 0x0, 0x0, 0x0, 0x0, 0x0,
    0xff, 0xe0, 0x0, 0x0, 0x0, 0xc, 0xff, 0x70,
    0xd, 0xff, 0xff, 0xff, 0xff, 0xf0, 0xff, 0xe0,
    0x0, 0x0, 0x0, 0x3, 0xff, 0xd0, 0xd, 0xff,
    0xff, 0xff, 0xff, 0xe0, 0xff, 0xe0, 0x0, 0x0,
    0x0, 0x0, 0xdf, 0xf1, 0x3, 0x33, 0x33, 0x3f,
    0xff, 0x50, 0xff, 0xe0, 0x0, 0x0, 0x0, 0x0,
    0xbf, 0xf2, 0x0, 0x0, 0x0, 0x8f, 0xf8, 0x0,
    0xff, 0xe0, 0x0, 0x0, 0x0, 0x0, 0xbf, 0xf2,
    0x0, 0x0, 0x5, 0xff, 0xb0, 0x0, 0xff, 0xe0,
    0x0, 0x0, 0x0, 0x0, 0xdf, 0xf1, 0x0, 0x0,
    0x3f, 0xfd, 0x10, 0x0, 0xff, 0xe0, 0x0, 0x0,
    0x0, 0x3, 0xff, 0xd0, 0x0, 0x1, 0xef, 0xf2,
    0x0, 0x0, 0xff, 0xe0, 0x0, 0x0, 0x0, 0xc,
    0xff, 0x70, 0x0, 0xc, 0xff, 0x50, 0x0, 0x0,
    0xff, 0xe0, 0x0, 0x0, 0x1, 0xbf, 0xfd, 0x0,
    0x0, 0x9f, 0xf8, 0x0, 0x0, 0x0, 0xff, 0xf7,
    0x77, 0x78, 0xbf, 0xff, 0xe2, 0x0, 0x6, 0xff,
    0xf7, 0x77, 0x77, 0x71, 0xff, 0xff, 0xff, 0xff,
    0xff, 0xfc, 0x20, 0x0, 0xf, 0xff, 0xff, 0xff,
    0xff, 0xf2, 0xff, 0xff, 0xff, 0xfe, 0xd9, 0x40,
    0x0, 0x0, 0xf, 0xff, 0xff, 0xff, 0xff, 0xf2,

    /* U+01F3 "ǳ" */
    0x0, 0x0, 0x0, 0x0, 0x0, 0x7f, 0xf4, 0x0,
    0x0, 0x0, 0x0, 0x0, 0x0, 0x0, 0x0, 0x0,
    0x0, 0x0, 0x7, 0xff, 0x40, 0x0, 0x0, 0x0,
    0x0, 0x0, 0x0, 0x0, 0x0, 0x0, 0x0, 0x0,
    0x7f, 0xf4, 0x0, 0x0, 0x0, 0x0, 0x0, 0x0,
    0x0, 0x0, 0x0, 0x0, 0x0, 0x7, 0xff, 0x40,
    0x0, 0x0, 0x0, 0x0, 0x0, 0x0, 0x0, 0x0,
    0x0, 0x0, 0x0, 0x7f, 0xf4, 0x0, 0x0, 0x0,
    0x0, 0x0, 0x0, 0x0, 0x0, 0x28, 0xdf, 0xeb,
    0x37, 0xff, 0x40, 0xe, 0xff, 0xff, 0xff, 0xff,
    0xe0, 0x0, 0x4f, 0xff, 0xff, 0xff, 0xdf, 0xf4,
    0x0, 0xef, 0xff, 0xff, 0xff, 0xfe, 0x0, 0x2f,
    0xff, 0xb6, 0x6a, 0xff, 0xff, 0x40, 0x5, 0x55,
    0x55, 0x5f, 0xff, 0x50, 0xa, 0xff, 0x80, 0x0,
    0x5, 0xff, 0xf4, 0x0, 0x0, 0x0, 0x9, 0xff,
    0x80, 0x0, 0xff, 0xe0, 0x0, 0x0, 0xf, 0xff,
    0x40, 0x0, 0x0, 0x6, 0xff, 0xb0, 0x0, 0x1f,
    0xfa, 0x0, 0x0, 0x0, 0xbf, 0xf4, 0x0, 0x0,
    0x3, 0xff, 0xd0, 0x0, 0x1, 0xff, 0xa0, 0x0,
    0x0, 0xb, 0xff, 0x40, 0x0, 0x2, 0xef, 0xe2,
    0x0, 0x0, 0xf, 0xfe, 0x0, 0x0, 0x0, 0xff,
    0xf4, 0x0, 0x0, 0xdf, 0xf3, 0x0, 0x0, 0x0,
    0xaf, 0xf8, 0x0, 0x0, 0x5f, 0xff, 0x40, 0x0,
    0xbf, 0xf6, 0x0, 0x0, 0x0, 0x2, 0xff, 0xfc,
    0x76, 0xaf, 0xff, 0xf4, 0x0, 0x8f, 0xfe, 0x66,
    0x66, 0x66, 0x0, 0x4, 0xff, 0xff, 0xff, 0xfc,
    0xff, 0x40, 0xf, 0xff, 0xff, 0xff, 0xff, 0xf1,
    0x0, 0x2, 0x8d, 0xfe, 0xb4, 0x5f, 0xf4, 0x0,
    0xff, 0xff, 0xff, 0xff, 0xff, 0x10,

    /* U+01F4 "Ǵ" */
    0x0, 0x0, 0x0, 0x0, 0x4, 0xff, 0xb1, 0x0,
    0x0, 0x0, 0x0, 0x0, 0x4f, 0xf8, 0x0, 0x0,
    0x0, 0x0, 0x0, 0x4, 0xff, 0x50, 0x0, 0x0,
    0x0, 0x0, 0x0, 0x0, 0x0, 0x0, 0x0, 0x0,
    0x0, 0x0, 0x2, 0x8c, 0xef, 0xeb, 0x71, 0x0,
    0x0, 0x0, 0xaf, 0xff, 0xff, 0xff, 0xfe, 0x50,
    0x0, 0xd, 0xff, 0xfd, 0x98, 0xae, 0xff, 0xf3,
    0x0, 0xaf, 0xfe, 0x40, 0x0, 0x0, 0x6f, 0x80,
    0x4, 0xff, 0xe2, 0x0, 0x0, 0x0, 0x1, 0x0,
    0xa, 0xff, 0x60, 0x0, 0x0, 0x0, 0x0, 0x0,
    0xe, 0xff, 0x0, 0x0, 0x0, 0x0, 0x0, 0x0,
    0xf, 0xfe, 0x0, 0x0, 0x0, 0x0, 0x12, 0x20,
    0xf, 0xfe, 0x0, 0x0, 0x0, 0x0, 0x6f, 0xf4,
    0xe, 0xff, 0x10, 0x0, 0x0, 0x0, 0x6f, 0xf4,
    0xa, 0xff, 0x60, 0x0, 0x0, 0x0, 0x6f, 0xf4,
    0x4, 0xff, 0xe2, 0x0, 0x0, 0x0, 0x6f, 0xf4,
    0x0, 0xbf, 0xfe, 0x40, 0x0, 0x0, 0xbf, 0xf4,
    0x0, 0xd, 0xff, 0xfd, 0x98, 0xad, 0xff, 0xf5,
    0x0, 0x0, 0xaf, 0xff, 0xff, 0xff, 0xff, 0x80,
    0x0, 0x0, 0x3, 0x9d, 0xff, 0xeb, 0x71, 0x0,

    /* U+01F5 "ǵ" */
    0x0, 0x0, 0x0, 0x1, 0xdf, 0xe3, 0x0, 0x0,
    0x0, 0x0, 0xd, 0xfd, 0x20, 0x0, 0x0, 0x0,
    0x0, 0xcf, 0xb0, 0x0, 0x0, 0x0, 0x0, 0x1,
    0x44, 0x0, 0x0, 0x0, 0x0, 0x0, 0x0, 0x0,
    0x0, 0x0, 0x0, 0x0, 0x2, 0x9d, 0xfe, 0xb5,
    0x2f, 0xf7, 0x0, 0x6f, 0xff, 0xff, 0xff, 0xcf,
    0xf7, 0x4, 0xff, 0xf9, 0x44, 0x6d, 0xff, 0xf7,
    0xc, 0xff, 0x40, 0x0, 0x0, 0xff, 0xf7, 0xf,
    0xfc, 0x0, 0x0, 0x0, 0x7f, 0xf7, 0x2f, 0xfa,
    0x0, 0x0, 0x0, 0x5f, 0xf7, 0xf, 0xfd, 0x0,
    0x0, 0x0, 0x9f, 0xf7, 0xc, 0xff, 0x60, 0x0,
    0x2, 0xff, 0xf7, 0x4, 0xff, 0xfb, 0x66, 0x9f,
    0xff, 0xf7, 0x0, 0x6f, 0xff, 0xff, 0xff, 0xef,
    0xf7, 0x0, 0x2, 0x9d, 0xfe, 0xb5, 0x5f, 0xf6,
    0x0, 0x0, 0x0, 0x0, 0x0, 0x8f, 0xf5, 0x0,
    0x63, 0x0, 0x0, 0x1, 0xff, 0xf1, 0x2, 0xff,
    0xc8, 0x66, 0x9e, 0xff, 0x90, 0x4, 0xef, 0xff,
    0xff, 0xff, 0xfb, 0x0, 0x0, 0x6, 0xad, 0xff,
    0xeb, 0x50, 0x0,

    /* U+01F8 "Ǹ" */
    0x0, 0x1b, 0xff, 0x40, 0x0, 0x0, 0x0, 0x0,
    0x0, 0x8f, 0xf4, 0x0, 0x0, 0x0, 0x0, 0x0,
    0x5, 0xff, 0x40, 0x0, 0x0, 0x0, 0x0, 0x0,
    0x0, 0x0, 0x0, 0x0, 0xff, 0xc0, 0x0, 0x0,
    0x0, 0x1f, 0xfc, 0xff, 0xfa, 0x0, 0x0, 0x0,
    0x1f, 0xfc, 0xff, 0xff, 0x60, 0x0, 0x0, 0x1f,
    0xfc, 0xff, 0xff, 0xf4, 0x0, 0x0, 0x1f, 0xfc,
    0xff, 0xff, 0xfe, 0x20, 0x0, 0x1f, 0xfc, 0xff,
    0xfe, 0xff, 0xc0, 0x0, 0x1f, 0xfc, 0xff, 0xe4,
    0xff, 0xfa, 0x0, 0x1f, 0xfc, 0xff, 0xe0, 0x7f,
    0xff, 0x70, 0x1f, 0xfc, 0xff, 0xe0, 0xa, 0xff,
    0xf4, 0x1f, 0xfc, 0xff, 0xe0, 0x0, 0xcf, 0xfe,
    0x3f, 0xfc, 0xff, 0xe0, 0x0, 0x1e, 0xff, 0xef,
    0xfc, 0xff, 0xe0, 0x0, 0x4, 0xff, 0xff, 0xfc,
    0xff, 0xe0, 0x0, 0x0, 0x6f, 0xff, 0xfc, 0xff,
    0xe0, 0x0, 0x0, 0x9, 0xff, 0xfc, 0xff, 0xe0,
    0x0, 0x0, 0x0, 0xcf, 0xfc, 0xff, 0xe0, 0x0,
    0x0, 0x0, 0x1e, 0xfc,

    /* U+01F9 "ǹ" */
    0x0, 0x4e, 0xfd, 0x10, 0x0, 0x0, 0x0, 0x0,
    0x2d, 0xfc, 0x0, 0x0, 0x0, 0x0, 0x0, 0x1c,
    0xfb, 0x0, 0x0, 0x0, 0x0, 0x0, 0x4, 0x41,
    0x0, 0x0, 0x0, 0x0, 0x0, 0x0, 0x0, 0x0,
    0x3, 0xff, 0x63, 0xae, 0xfe, 0x92, 0x0, 0x3f,
    0xfd, 0xff, 0xff, 0xff, 0xf3, 0x3, 0xff, 0xff,
    0x85, 0x6c, 0xff, 0xd0, 0x3f, 0xff, 0x40, 0x0,
    0xd, 0xff, 0x23, 0xff, 0xc0, 0x0, 0x0, 0x8f,
    0xf4, 0x3f, 0xf9, 0x0, 0x0, 0x6, 0xff, 0x53,
    0xff, 0x80, 0x0, 0x0, 0x6f, 0xf6, 0x3f, 0xf8,
    0x0, 0x0, 0x6, 0xff, 0x63, 0xff, 0x80, 0x0,
    0x0, 0x6f, 0xf6, 0x3f, 0xf8, 0x0, 0x0, 0x6,
    0xff, 0x63, 0xff, 0x80, 0x0, 0x0, 0x6f, 0xf6,
    0x3f, 0xf8, 0x0, 0x0, 0x6, 0xff, 0x60,

    /* U+01FA "Ǻ" */
    0x0, 0x0, 0x0, 0x0, 0x0, 0x1, 0x50, 0x0,
    0x0, 0x0, 0x0, 0x0, 0x0, 0x0, 0xc, 0xf5,
    0x0, 0x0, 0x0, 0x0, 0x0, 0x3, 0xdf, 0xff,
    0x50, 0x0, 0x0, 0x0, 0x0, 0x0, 0xe, 0x73,
    0xf9, 0x0, 0x0, 0x0, 0x0, 0x0, 0x0, 0x4d,
    0x0, 0x7b, 0x0, 0x0, 0x0, 0x0, 0x0, 0x0,
    0x4e, 0x0, 0x8a, 0x0, 0x0, 0x0, 0x0, 0x0,
    0x0, 0xc, 0xc9, 0xf4, 0x0, 0x0, 0x0, 0x0,
    0x0, 0x0, 0x0, 0x79, 0x30, 0x0, 0x0, 0x0,
    0x0, 0x0, 0x0, 0x6, 0xff, 0xd0, 0x0, 0x0,
    0x0, 0x0, 0x0, 0x0, 0xd, 0xff, 0xf4, 0x0,
    0x0, 0x0, 0x0, 0x0, 0x0, 0x4f, 0xff, 0xfb,
    0x0, 0x0, 0x0, 0x0, 0x0, 0x0, 0xbf, 0xf9,
    0xff, 0x20, 0x0, 0x0, 0x0, 0x0, 0x2, 0xff,
    0x92, 0xff, 0x90, 0x0, 0x0, 0x0, 0x0, 0x9,
    0xff, 0x20, 0xbf, 0xf1, 0x0, 0x0, 0x0, 0x0,
    0xf, 0xfc, 0x0, 0x5f, 0xf7, 0x0, 0x0, 0x0,
    0x0, 0x6f, 0xf5, 0x0, 0xe, 0xfe, 0x0, 0x0,
    0x0, 0x0, 0xdf, 0xe0, 0x0, 0x8, 0xff, 0x50,
    0x0, 0x0, 0x4, 0xff, 0x80, 0x0, 0x1, 0xff,
    0xc0, 0x0, 0x0, 0xb, 0xff, 0xff, 0xff, 0xff,
    0xff, 0xf3, 0x0, 0x0, 0x2f, 0xff, 0xff, 0xff,
    0xff, 0xff, 0xfa, 0x0, 0x0, 0x9f, 0xf9, 0x44,
    0x44, 0x44, 0x4f, 0xff, 0x10, 0x1, 0xff, 0xd0,
    0x0, 0x0, 0x0, 0x7, 0xff, 0x80, 0x7, 0xff,
    0x70, 0x0, 0x0, 0x0, 0x1, 0xff, 0xe0, 0xe,
    0xff, 0x10, 0x0, 0x0, 0x0, 0x0, 0x9f, 0xf6,

    /* U+01FB "ǻ" */
    0x0, 0x0, 0x0, 0x0, 0x6, 0x0, 0x0, 0x0,
    0x0, 0x0, 0x8f, 0xa0, 0x0, 0x0, 0x1b, 0xef,
    0xf9, 0x0, 0x0, 0x0, 0xca, 0x3b, 0xf0, 0x0,
    0x0, 0x0, 0xf2, 0x2, 0xf0, 0x0, 0x0, 0x0,
    0xd8, 0x7, 0xe0, 0x0, 0x0, 0x0, 0x3e, 0xfe,
    0x30, 0x0, 0x0, 0x0, 0x0, 0x20, 0x0, 0x0,
    0x0, 0x39, 0xdf, 0xfe, 0xa4, 0x0, 0x6, 0xff,
    0xff, 0xff, 0xff, 0x70, 0x2, 0xfd, 0x75, 0x6a,
    0xff, 0xf2, 0x0, 0x30, 0x0, 0x0, 0x8f, 0xf7,
    0x0, 0x0, 0x0, 0x0, 0x2f, 0xf9, 0x0, 0x4a,
    0xef, 0xff, 0xff, 0xfa, 0x5, 0xff, 0xfe, 0xdd,
    0xff, 0xfa, 0xd, 0xfe, 0x20, 0x0, 0x1f, 0xfa,
    0xf, 0xfb, 0x0, 0x0, 0x5f, 0xfa, 0xd, 0xff,
    0x30, 0x4, 0xef, 0xfa, 0x5, 0xff, 0xfe, 0xff,
    0xef, 0xfa, 0x0, 0x3b, 0xef, 0xe9, 0x1f, 0xfa,

    /* U+01FC "Ǽ" */
    0x0, 0x0, 0x0, 0x0, 0x0, 0x0, 0x0, 0x8,
    0xff, 0x90, 0x0, 0x0, 0x0, 0x0, 0x0, 0x0,
    0x0, 0x0, 0x0, 0x8f, 0xf5, 0x0, 0x0, 0x0,
    0x0, 0x0, 0x0, 0x0, 0x0, 0x0, 0x7, 0xfd,
    0x20, 0x0, 0x0, 0x0, 0x0, 0x0, 0x0, 0x0,
    0x0, 0x0, 0x0, 0x0, 0x0, 0x0, 0x0, 0x0,
    0x0, 0x0, 0x0, 0x0, 0x7, 0xff, 0xff, 0xff,
    0xff, 0xff, 0xff, 0xf0, 0x0, 0x0, 0x0, 0x0,
    0x1e, 0xff, 0xff, 0xff, 0xff, 0xff, 0xff, 0xf0,
    0x0, 0x0, 0x0, 0x0, 0x9f, 0xfe, 0xff, 0xc6,
    0x66, 0x66, 0x66, 0x60, 0x0, 0x0, 0x0, 0x2,
    0xff, 0xa4, 0xff, 0x90, 0x0, 0x0, 0x0, 0x0,
    0x0, 0x0, 0x0, 0xb, 0xff, 0x24, 0xff, 0x90,
    0x0, 0x0, 0x0, 0x0, 0x0, 0x0, 0x0, 0x3f,
    0xf9, 0x4, 0xff, 0x90, 0x0, 0x0, 0x0, 0x0,
    0x0, 0x0, 0x0, 0xcf, 0xf1, 0x4, 0xff, 0x90,
    0x0, 0x0, 0x0, 0x0, 0x0, 0x0, 0x5, 0xff,
    0x70, 0x4, 0xff, 0xff, 0xff, 0xff, 0xff, 0x0,
    0x0, 0x0, 0xe, 0xfe, 0x0, 0x4, 0xff, 0xff,
    0xff, 0xff, 0xff, 0x0, 0x0, 0x0, 0x7f, 0xf6,
    0x0, 0x4, 0xff, 0xd6, 0x66, 0x66, 0x66, 0x0,
    0x0, 0x1, 0xff, 0xff, 0xff, 0xff, 0xff, 0x90,
    0x0, 0x0, 0x0, 0x0, 0x0, 0x9, 0xff, 0xff,
    0xff, 0xff, 0xff, 0x90, 0x0, 0x0, 0x0, 0x0,
    0x0, 0x2f, 0xff, 0x44, 0x44, 0x49, 0xff, 0x90,
    0x0, 0x0, 0x0, 0x0, 0x0, 0xbf, 0xf3, 0x0,
    0x0, 0x4, 0xff, 0xc6, 0x66, 0x66, 0x66, 0x61,
    0x4, 0xff, 0xa0, 0x0, 0x0, 0x4, 0xff, 0xff,
    0xff, 0xff, 0xff, 0xf4, 0xd, 0xff, 0x20, 0x0,
    0x0, 0x4, 0xff, 0xff, 0xff, 0xff, 0xff, 0xf4,

    /* U+01FD "ǽ" */
    0x0, 0x0, 0x0, 0x0, 0x0, 0x2e, 0xfe, 0x20,
    0x0, 0x0, 0x0, 0x0, 0x0, 0x0, 0x0, 0x1,
    0xdf, 0xc1, 0x0, 0x0, 0x0, 0x0, 0x0, 0x0,
    0x0, 0x0, 0xc, 0xfb, 0x0, 0x0, 0x0, 0x0,
    0x0, 0x0, 0x0, 0x0, 0x0, 0x25, 0x50, 0x0,
    0x0, 0x0, 0x0, 0x0, 0x0, 0x0, 0x0, 0x0,
    0x0, 0x0, 0x0, 0x0, 0x0, 0x0, 0x0, 0x0,
    0x39, 0xdf, 0xfd, 0xa3, 0x0, 0x7c, 0xef, 0xd8,
    0x10, 0x0, 0x6, 0xff, 0xff, 0xff, 0xff, 0x7d,
    0xff, 0xff, 0xff, 0xe3, 0x0, 0x2, 0xfd, 0x75,
    0x6a, 0xff, 0xff, 0xfa, 0x65, 0xaf, 0xfe, 0x10,
    0x0, 0x30, 0x0, 0x0, 0x7f, 0xff, 0x60, 0x0,
    0x6, 0xff, 0x80, 0x0, 0x0, 0x0, 0x0, 0x2f,
    0xfd, 0x0, 0x0, 0x0, 0xdf, 0xd0, 0x0, 0x4a,
    0xef, 0xff, 0xff, 0xff, 0xff, 0xff, 0xff, 0xff,
    0xf0, 0x6, 0xff, 0xfd, 0xdd, 0xef, 0xff, 0xdd,
    0xdd, 0xdd, 0xdd, 0xc0, 0xe, 0xfe, 0x20, 0x0,
    0x2f, 0xfe, 0x0, 0x0, 0x0, 0x0, 0x0, 0xf,
    0xfb, 0x0, 0x0, 0x6f, 0xff, 0x80, 0x0, 0x0,
    0x50, 0x0, 0xd, 0xff, 0x61, 0x16, 0xff, 0xff,
    0xfc, 0x76, 0x7c, 0xfa, 0x0, 0x4, 0xff, 0xff,
    0xff, 0xfb, 0x2d, 0xff, 0xff, 0xff, 0xfa, 0x0,
    0x0, 0x2a, 0xef, 0xfc, 0x60, 0x0, 0x6c, 0xef,
    0xeb, 0x50, 0x0,

    /* U+01FE "Ǿ" */
    0x0, 0x0, 0x0, 0x0, 0x2, 0xef, 0xd2, 0x0,
    0x0, 0x0, 0x0, 0x0, 0x0, 0x2e, 0xfa, 0x0,
    0x0, 0x0, 0x0, 0x0, 0x0, 0x2, 0xef, 0x70,
    0x7, 0x82, 0x0, 0x0, 0x0, 0x0, 0x0, 0x0,
    0x0, 0x4f, 0xe0, 0x0, 0x0, 0x0, 0x2, 0x8d,
    0xef, 0xeb, 0xff, 0x50, 0x0, 0x0, 0x0, 0x9f,
    0xff, 0xff, 0xff, 0xff, 0x40, 0x0, 0x0, 0xc,
    0xff, 0xfd, 0x98, 0xbf, 0xff, 0xf6, 0x0, 0x0,
    0xaf, 0xfe, 0x40, 0x0, 0x6f, 0xff, 0xff, 0x30,
    0x3, 0xff, 0xe2, 0x0, 0x0, 0xef, 0x38, 0xff,
    0xc0, 0xa, 0xff, 0x60, 0x0, 0x7, 0xfb, 0x0,
    0xef, 0xf2, 0xe, 0xff, 0x10, 0x0, 0x1f, 0xf3,
    0x0, 0x8f, 0xf6, 0xf, 0xfe, 0x0, 0x0, 0x8f,
    0xa0, 0x0, 0x5f, 0xf8, 0xf, 0xfe, 0x0, 0x1,
    0xff, 0x20, 0x0, 0x6f, 0xf8, 0xe, 0xff, 0x10,
    0x9, 0xf9, 0x0, 0x0, 0x8f, 0xf6, 0xa, 0xff,
    0x60, 0x2f, 0xf1, 0x0, 0x0, 0xef, 0xf2, 0x3,
    0xff, 0xe1, 0xaf, 0x80, 0x0, 0x8, 0xff, 0xc0,
    0x0, 0xaf, 0xff, 0xfe, 0x10, 0x0, 0x9f, 0xff,
    0x30, 0x0, 0xc, 0xff, 0xff, 0x98, 0xaf, 0xff,
    0xf6, 0x0, 0x0, 0x0, 0xef, 0xff, 0xff, 0xff,
    0xfe, 0x40, 0x0, 0x0, 0x0, 0xcf, 0xfd, 0xef,
    0xeb, 0x60, 0x0, 0x0, 0x0, 0x5, 0xfd, 0x0,
    0x0, 0x0, 0x0, 0x0, 0x0, 0x0, 0x5, 0x83,
    0x0, 0x0, 0x0, 0x0, 0x0, 0x0,

    /* U+01FF "ǿ" */
    0x0, 0x0, 0x0, 0x5, 0xff, 0xb0, 0x0, 0x0,
    0x0, 0x0, 0x3f, 0xfa, 0x0, 0x0, 0x0, 0x0,
    0x2, 0xef, 0x80, 0x0, 0x0, 0x0, 0x0, 0x3,
    0x54, 0x0, 0x53, 0x0, 0x0, 0x0, 0x0, 0x0,
    0x8, 0xf4, 0x0, 0x0, 0x1, 0x7c, 0xef, 0xef,
    0xe0, 0x0, 0x0, 0x3e, 0xff, 0xff, 0xff, 0xf5,
    0x0, 0x1, 0xef, 0xfb, 0x67, 0xff, 0xff, 0x40,
    0x9, 0xff, 0x70, 0x9, 0xf8, 0xff, 0xc0, 0xf,
    0xfe, 0x0, 0x2f, 0xa0, 0xbf, 0xf2, 0x1f, 0xfa,
    0x0, 0xaf, 0x20, 0x7f, 0xf4, 0x1f, 0xfa, 0x2,
    0xfa, 0x0, 0x7f, 0xf4, 0xf, 0xfe, 0xa, 0xf2,
    0x0, 0xbf, 0xf2, 0x9, 0xff, 0xbf, 0x90, 0x5,
    0xff, 0xc0, 0x1, 0xef, 0xff, 0x86, 0xaf, 0xff,
    0x30, 0x0, 0x3f, 0xff, 0xff, 0xff, 0xf5, 0x0,
    0x0, 0xc, 0xfe, 0xef, 0xd8, 0x20, 0x0, 0x0,
    0x4f, 0x80, 0x0, 0x0, 0x0, 0x0, 0x0, 0x58,
    0x10, 0x0, 0x0, 0x0, 0x0,

    /* U+0200 "Ȁ" */
    0x0, 0x0, 0xdf, 0xc0, 0xcf, 0xd0, 0x0, 0x0,
    0x0, 0x0, 0x0, 0x2f, 0xf5, 0x1e, 0xf7, 0x0,
    0x0, 0x0, 0x0, 0x0, 0x5, 0xfe, 0x3, 0xff,
    0x10, 0x0, 0x0, 0x0, 0x0, 0x0, 0x0, 0x0,
    0x0, 0x0, 0x0, 0x0, 0x0, 0x0, 0x0, 0x6,
    0xff, 0xd0, 0x0, 0x0, 0x0, 0x0, 0x0, 0x0,
    0xd, 0xff, 0xf4, 0x0, 0x0, 0x0, 0x0, 0x0,
    0x0, 0x4f, 0xff, 0xfb, 0x0, 0x0, 0x0, 0x0,
    0x0, 0x0, 0xbf, 0xf9, 0xff, 0x20, 0x0, 0x0,
    0x0, 0x0, 0x2, 0xff, 0x92, 0xff, 0x90, 0x0,
    0x0, 0x0, 0x0, 0x9, 0xff, 0x20, 0xbf, 0xf1,
    0x0, 0x0, 0x0, 0x0, 0xf, 0xfc, 0x0, 0x5f,
    0xf7, 0x0, 0x0, 0x0, 0x0, 0x6f, 0xf5, 0x0,
    0xe, 0xfe, 0x0, 0x0, 0x0, 0x0, 0xdf, 0xe0,
    0x0, 0x8, 0xff, 0x50, 0x0, 0x0, 0x4, 0xff,
    0x80, 0x0, 0x1, 0xff, 0xc0, 0x0, 0x0, 0xb,
    0xff, 0xff, 0xff, 0xff, 0xff, 0xf3, 0x0, 0x0,
    0x2f, 0xff, 0xff, 0xff, 0xff, 0xff, 0xfa, 0x0,
    0x0, 0x9f, 0xf9, 0x44, 0x44, 0x44, 0x4f, 0xff,
    0x10, 0x1, 0xff, 0xd0, 0x0, 0x0, 0x0, 0x7,
    0xff, 0x80, 0x7, 0xff, 0x70, 0x0, 0x0, 0x0,
    0x1, 0xff, 0xe0, 0xe, 0xff, 0x10, 0x0, 0x0,
    0x0, 0x0, 0x9f, 0xf6,

    /* U+0201 "ȁ" */
    0x9, 0xff, 0x17, 0xff, 0x30, 0x0, 0x0, 0xcf,
    0xa0, 0xaf, 0xc0, 0x0, 0x0, 0x1e, 0xf3, 0xd,
    0xf5, 0x0, 0x0, 0x0, 0x0, 0x0, 0x0, 0x0,
    0x0, 0x0, 0x0, 0x0, 0x0, 0x0, 0x0, 0x39,
    0xdf, 0xfe, 0xa4, 0x0, 0x6, 0xff, 0xff, 0xff,
    0xff, 0x70, 0x2, 0xfd, 0x75, 0x6a, 0xff, 0xf2,
    0x0, 0x30, 0x0, 0x0, 0x8f, 0xf7, 0x0, 0x0,
    0x0, 0x0, 0x2f, 0xf9, 0x0, 0x4a, 0xef, 0xff,
    0xff, 0xfa, 0x5, 0xff, 0xfe, 0xdd, 0xff, 0xfa,
    0xd, 0xfe, 0x20, 0x0, 0x1f, 0xfa, 0xf, 0xfb,
    0x0, 0x0, 0x5f, 0xfa, 0xd, 0xff, 0x30, 0x4,
    0xef, 0xfa, 0x5, 0xff, 0xfe, 0xff, 0xef, 0xfa,
    0x0, 0x3b, 0xef, 0xe9, 0x1f, 0xfa,

    /* U+0202 "Ȃ" */
    0x0, 0x0, 0x0, 0x2a, 0xef, 0xc6, 0x0, 0x0,
    0x0, 0x0, 0x0, 0x1, 0xef, 0xa8, 0xdf, 0x80,
    0x0, 0x0, 0x0, 0x0, 0x6, 0xf6, 0x0, 0xd,
    0xe0, 0x0, 0x0, 0x0, 0x0, 0x0, 0x0, 0x0,
    0x0, 0x0, 0x0, 0x0, 0x0, 0x0, 0x0, 0x6,
    0xff, 0xd0, 0x0, 0x0, 0x0, 0x0, 0x0, 0x0,
    0xd, 0xff, 0xf4, 0x0, 0x0, 0x0, 0x0, 0x0,
    0x0, 0x4f, 0xff, 0xfb, 0x0, 0x0, 0x0, 0x0,
    0x0, 0x0, 0xbf, 0xf9, 0xff, 0x20, 0x0, 0x0,
    0x0, 0x0, 0x2, 0xff, 0x92, 0xff, 0x90, 0x0,
    0x0, 0x0, 0x0, 0x9, 0xff, 0x20, 0xbf, 0xf1,
    0x0, 0x0, 0x0, 0x0, 0xf, 0xfc, 0x0, 0x5f,
    0xf7, 0x0, 0x0, 0x0, 0x0, 0x6f, 0xf5, 0x0,
    0xe, 0xfe, 0x0, 0x0, 0x0, 0x0, 0xdf, 0xe0,
    0x0, 0x8, 0xff, 0x50, 0x0, 0x0, 0x4, 0xff,
    0x80, 0x0, 0x1, 0xff, 0xc0, 0x0, 0x0, 0xb,
    0xff, 0xff, 0xff, 0xff, 0xff, 0xf3, 0x0, 0x0,
    0x2f, 0xff, 0xff, 0xff, 0xff, 0xff, 0xfa, 0x0,
    0x0, 0x9f, 0xf9, 0x44, 0x44, 0x44, 0x4f, 0xff,
    0x10, 0x1, 0xff, 0xd0, 0x0, 0x0, 0x0, 0x7,
    0xff, 0x80, 0x7, 0xff, 0x70, 0x0, 0x0, 0x0,
    0x1, 0xff, 0xe0, 0xe, 0xff, 0x10, 0x0, 0x0,
    0x0, 0x0, 0x9f, 0xf6,

    /* U+0203 "ȃ" */
    0x0, 0x0, 0x7d, 0xfd, 0x70, 0x0, 0x0, 0x9,
    0xfc, 0x8c, 0xfb, 0x0, 0x0, 0x1f, 0xc0, 0x0,
    0xbf, 0x30, 0x0, 0x15, 0x30, 0x0, 0x25, 0x10,
    0x0, 0x0, 0x0, 0x0, 0x0, 0x0, 0x0, 0x39,
    0xdf, 0xfe, 0xa4, 0x0, 0x6, 0xff, 0xff, 0xff,
    0xff, 0x70, 0x2, 0xfd, 0x75, 0x6a, 0xff, 0xf2,
    0x0, 0x30, 0x0, 0x0, 0x8f, 0xf7, 0x0, 0x0,
    0x0, 0x0, 0x2f, 0xf9, 0x0, 0x4a, 0xef, 0xff,
    0xff, 0xfa, 0x5, 0xff, 0xfe, 0xdd, 0xff, 0xfa,
    0xd, 0xfe, 0x20, 0x0, 0x1f, 0xfa, 0xf, 0xfb,
    0x0, 0x0, 0x5f, 0xfa, 0xd, 0xff, 0x30, 0x4,
    0xef, 0xfa, 0x5, 0xff, 0xfe, 0xff, 0xef, 0xfa,
    0x0, 0x3b, 0xef, 0xe9, 0x1f, 0xfa,

    /* U+0204 "Ȅ" */
    0x6f, 0xf3, 0x4f, 0xf5, 0x0, 0x0, 0xa, 0xfc,
    0x8, 0xfe, 0x0, 0x0, 0x0, 0xdf, 0x60, 0xbf,
    0x80, 0x0, 0x0, 0x0, 0x0, 0x0, 0x0, 0x0,
    0xff, 0xff, 0xff, 0xff, 0xff, 0xf5, 0xff, 0xff,
    0xff, 0xff, 0xff, 0xf5, 0xff, 0xf6, 0x66, 0x66,
    0x66, 0x62, 0xff, 0xe0, 0x0, 0x0, 0x0, 0x0,
    0xff, 0xe0, 0x0, 0x0, 0x0, 0x0, 0xff, 0xe0,
    0x0, 0x0, 0x0, 0x0, 0xff, 0xe0, 0x0, 0x0,
    0x0, 0x0, 0xff, 0xff, 0xff, 0xff, 0xff, 0x50,
    0xff, 0xff, 0xff, 0xff, 0xff, 0x50, 0xff, 0xf6,
    0x66, 0x66, 0x66, 0x20, 0xff, 0xe0, 0x0, 0x0,
    0x0, 0x0, 0xff, 0xe0, 0x0, 0x0, 0x0, 0x0,
    0xff, 0xe0, 0x0, 0x0, 0x0, 0x0, 0xff, 0xf6,
    0x66, 0x66, 0x66, 0x64, 0xff, 0xff, 0xff, 0xff,
    0xff, 0xfa, 0xff, 0xff, 0xff, 0xff, 0xff, 0xfa,

    /* U+0205 "ȅ" */
    0x4, 0xff, 0x63, 0xff, 0x70, 0x0, 0x0, 0x7,
    0xfe, 0x6, 0xff, 0x10, 0x0, 0x0, 0xb, 0xf8,
    0x9, 0xfa, 0x0, 0x0, 0x0, 0x0, 0x0, 0x0,
    0x0, 0x0, 0x0, 0x0, 0x0, 0x0, 0x0, 0x0,
    0x0, 0x0, 0x18, 0xdf, 0xec, 0x70, 0x0, 0x0,
    0x4e, 0xff, 0xff, 0xff, 0xd1, 0x0, 0x2f, 0xff,
    0x84, 0x49, 0xff, 0xc0, 0xa, 0xff, 0x30, 0x0,
    0x6, 0xff, 0x50, 0xff, 0xb0, 0x0, 0x0, 0xe,
    0xfa, 0x1f, 0xff, 0xff, 0xff, 0xff, 0xff, 0xc1,
    0xff, 0xfd, 0xdd, 0xdd, 0xdd, 0xdb, 0xf, 0xfc,
    0x0, 0x0, 0x0, 0x0, 0x0, 0x9f, 0xf7, 0x0,
    0x0, 0x6, 0x0, 0x1, 0xef, 0xfc, 0x76, 0x7d,
    0xf9, 0x0, 0x3, 0xdf, 0xff, 0xff, 0xff, 0x90,
    0x0, 0x0, 0x7c, 0xef, 0xea, 0x40, 0x0,

    /* U+0206 "Ȇ" */
    0x0, 0x7, 0xdf, 0xea, 0x20, 0x0, 0x0, 0x9f,
    0xd8, 0xaf, 0xe1, 0x0, 0x0, 0xec, 0x0, 0x7,
    0xf5, 0x0, 0x0, 0x0, 0x0, 0x0, 0x0, 0x0,
    0xff, 0xff, 0xff, 0xff, 0xff, 0xf5, 0xff, 0xff,
    0xff, 0xff, 0xff, 0xf5, 0xff, 0xf6, 0x66, 0x66,
    0x66, 0x62, 0xff, 0xe0, 0x0, 0x0, 0x0, 0x0,
    0xff, 0xe0, 0x0, 0x0, 0x0, 0x0, 0xff, 0xe0,
    0x0, 0x0, 0x0, 0x0, 0xff, 0xe0, 0x0, 0x0,
    0x0, 0x0, 0xff, 0xff, 0xff, 0xff, 0xff, 0x50,
    0xff, 0xff, 0xff, 0xff, 0xff, 0x50, 0xff, 0xf6,
    0x66, 0x66, 0x66, 0x20, 0xff, 0xe0, 0x0, 0x0,
    0x0, 0x0, 0xff, 0xe0, 0x0, 0x0, 0x0, 0x0,
    0xff, 0xe0, 0x0, 0x0, 0x0, 0x0, 0xff, 0xf6,
    0x66, 0x66, 0x66, 0x64, 0xff, 0xff, 0xff, 0xff,
    0xff, 0xfa, 0xff, 0xff, 0xff, 0xff, 0xff, 0xfa,

    /* U+0207 "ȇ" */
    0x0, 0x0, 0x4c, 0xfe, 0xa2, 0x0, 0x0, 0x0,
    0x4f, 0xe9, 0xaf, 0xe1, 0x0, 0x0, 0xc, 0xf2,
    0x0, 0x7f, 0x70, 0x0, 0x0, 0x55, 0x0, 0x1,
    0x53, 0x0, 0x0, 0x0, 0x0, 0x0, 0x0, 0x0,
    0x0, 0x0, 0x18, 0xdf, 0xec, 0x70, 0x0, 0x0,
    0x4e, 0xff, 0xff, 0xff, 0xd1, 0x0, 0x2f, 0xff,
    0x84, 0x49, 0xff, 0xc0, 0xa, 0xff, 0x30, 0x0,
    0x6, 0xff, 0x50, 0xff, 0xb0, 0x0, 0x0, 0xe,
    0xfa, 0x1f, 0xff, 0xff, 0xff, 0xff, 0xff, 0xc1,
    0xff, 0xfd, 0xdd, 0xdd, 0xdd, 0xdb, 0xf, 0xfc,
    0x0, 0x0, 0x0, 0x0, 0x0, 0x9f, 0xf7, 0x0,
    0x0, 0x6, 0x0, 0x1, 0xef, 0xfc, 0x76, 0x7d,
    0xf9, 0x0, 0x3, 0xdf, 0xff, 0xff, 0xff, 0x90,
    0x0, 0x0, 0x7c, 0xef, 0xea, 0x40, 0x0,

    /* U+0208 "Ȉ" */
    0x9f, 0xf1, 0x8f, 0xf2, 0x0, 0xcf, 0x90, 0xbf,
    0xb0, 0x2, 0xef, 0x31, 0xdf, 0x50, 0x0, 0x0,
    0x0, 0x0, 0x0, 0x0, 0xff, 0xe0, 0x0, 0x0,
    0xf, 0xfe, 0x0, 0x0, 0x0, 0xff, 0xe0, 0x0,
    0x0, 0xf, 0xfe, 0x0, 0x0, 0x0, 0xff, 0xe0,
    0x0, 0x0, 0xf, 0xfe, 0x0, 0x0, 0x0, 0xff,
    0xe0, 0x0, 0x0, 0xf, 0xfe, 0x0, 0x0, 0x0,
    0xff, 0xe0, 0x0, 0x0, 0xf, 0xfe, 0x0, 0x0,
    0x0, 0xff, 0xe0, 0x0, 0x0, 0xf, 0xfe, 0x0,
    0x0, 0x0, 0xff, 0xe0, 0x0, 0x0, 0xf, 0xfe,
    0x0, 0x0, 0x0, 0xff, 0xe0, 0x0, 0x0, 0xf,
    0xfe, 0x0,

    /* U+0209 "ȉ" */
    0x1d, 0xfb, 0xc, 0xfd, 0x0, 0x2, 0xff, 0x41,
    0xef, 0x60, 0x0, 0x6f, 0xd0, 0x4f, 0xe1, 0x0,
    0x0, 0x0, 0x0, 0x0, 0x0, 0x0, 0x0, 0x0,
    0x0, 0x0, 0x0, 0x3f, 0xf8, 0x0, 0x0, 0x0,
    0x3f, 0xf8, 0x0, 0x0, 0x0, 0x3f, 0xf8, 0x0,
    0x0, 0x0, 0x3f, 0xf8, 0x0, 0x0, 0x0, 0x3f,
    0xf8, 0x0, 0x0, 0x0, 0x3f, 0xf8, 0x0, 0x0,
    0x0, 0x3f, 0xf8, 0x0, 0x0, 0x0, 0x3f, 0xf8,
    0x0, 0x0, 0x0, 0x3f, 0xf8, 0x0, 0x0, 0x0,
    0x3f, 0xf8, 0x0, 0x0, 0x0, 0x3f, 0xf8, 0x0,
    0x0, 0x0, 0x3f, 0xf8, 0x0,

    /* U+020A "Ȋ" */
    0x0, 0x8d, 0xfd, 0x80, 0x0, 0xcf, 0xb8, 0xbf,
    0xc0, 0x2f, 0xa0, 0x0, 0xaf, 0x20, 0x0, 0x0,
    0x0, 0x0, 0x0, 0xf, 0xfe, 0x0, 0x0, 0x0,
    0xff, 0xe0, 0x0, 0x0, 0xf, 0xfe, 0x0, 0x0,
    0x0, 0xff, 0xe0, 0x0, 0x0, 0xf, 0xfe, 0x0,
    0x0, 0x0, 0xff, 0xe0, 0x0, 0x0, 0xf, 0xfe,
    0x0, 0x0, 0x0, 0xff, 0xe0, 0x0, 0x0, 0xf,
    0xfe, 0x0, 0x0, 0x0, 0xff, 0xe0, 0x0, 0x0,
    0xf, 0xfe, 0x0, 0x0, 0x0, 0xff, 0xe0, 0x0,
    0x0, 0xf, 0xfe, 0x0, 0x0, 0x0, 0xff, 0xe0,
    0x0, 0x0, 0xf, 0xfe, 0x0, 0x0, 0x0, 0xff,
    0xe0, 0x0,

    /* U+020B "ȋ" */
    0x0, 0x8e, 0xfb, 0x20, 0x8, 0xfb, 0x9f, 0xd0,
    0xe, 0xc0, 0x6, 0xf4, 0x4, 0x30, 0x1, 0x42,
    0x0, 0x0, 0x0, 0x0, 0x0, 0x3f, 0xf8, 0x0,
    0x0, 0x3f, 0xf8, 0x0, 0x0, 0x3f, 0xf8, 0x0,
    0x0, 0x3f, 0xf8, 0x0, 0x0, 0x3f, 0xf8, 0x0,
    0x0, 0x3f, 0xf8, 0x0, 0x0, 0x3f, 0xf8, 0x0,
    0x0, 0x3f, 0xf8, 0x0, 0x0, 0x3f, 0xf8, 0x0,
    0x0, 0x3f, 0xf8, 0x0, 0x0, 0x3f, 0xf8, 0x0,
    0x0, 0x3f, 0xf8, 0x0,

    /* U+020C "Ȍ" */
    0x0, 0x0, 0x0, 0x0, 0x0, 0x0, 0x0, 0x0,
    0x0, 0x0, 0x0, 0xcf, 0xd0, 0xbf, 0xe0, 0x0,
    0x0, 0x0, 0x0, 0x0, 0x1e, 0xf6, 0xd, 0xf8,
    0x0, 0x0, 0x0, 0x0, 0x0, 0x4, 0xfe, 0x2,
    0xff, 0x20, 0x0, 0x0, 0x0, 0x0, 0x0, 0x0,
    0x0, 0x0, 0x0, 0x0, 0x0, 0x0, 0x0, 0x2,
    0x8d, 0xef, 0xeb, 0x60, 0x0, 0x0, 0x0, 0x0,
    0x9f, 0xff, 0xff, 0xff, 0xfe, 0x40, 0x0, 0x0,
    0xc, 0xff, 0xfd, 0x98, 0xaf, 0xff, 0xf6, 0x0,
    0x0, 0xaf, 0xfe, 0x40, 0x0, 0x0, 0x9f, 0xff,
    0x30, 0x3, 0xff, 0xe2, 0x0, 0x0, 0x0, 0x8,
    0xff, 0xc0, 0xa, 0xff, 0x60, 0x0, 0x0, 0x0,
    0x0, 0xef, 0xf2, 0xe, 0xff, 0x10, 0x0, 0x0,
    0x0, 0x0, 0x8f, 0xf6, 0xf, 0xfe, 0x0, 0x0,
    0x0, 0x0, 0x0, 0x5f, 0xf8, 0xf, 0xfe, 0x0,
    0x0, 0x0, 0x0, 0x0, 0x6f, 0xf8, 0xe, 0xff,
    0x10, 0x0, 0x0, 0x0, 0x0, 0x8f, 0xf6, 0xa,
    0xff, 0x60, 0x0, 0x0, 0x0, 0x0, 0xef, 0xf2,
    0x3, 0xff, 0xe1, 0x0, 0x0, 0x0, 0x8, 0xff,
    0xc0, 0x0, 0xaf, 0xfe, 0x30, 0x0, 0x0, 0x9f,
    0xff, 0x30, 0x0, 0xc, 0xff, 0xfc, 0x98, 0xaf,
    0xff, 0xf6, 0x0, 0x0, 0x0, 0x9f, 0xff, 0xff,
    0xff, 0xfe, 0x40, 0x0, 0x0, 0x0, 0x2, 0x8d,
    0xef, 0xeb, 0x60, 0x0, 0x0,

    /* U+020D "ȍ" */
    0x2, 0xef, 0x91, 0xdf, 0xb0, 0x0, 0x0, 0x0,
    0x4f, 0xf3, 0x3f, 0xf4, 0x0, 0x0, 0x0, 0x8,
    0xfc, 0x6, 0xfd, 0x0, 0x0, 0x0, 0x0, 0x0,
    0x0, 0x0, 0x0, 0x0, 0x0, 0x0, 0x0, 0x0,
    0x0, 0x0, 0x0, 0x0, 0x1, 0x7c, 0xef, 0xd8,
    0x20, 0x0, 0x0, 0x3e, 0xff, 0xff, 0xff, 0xf5,
    0x0, 0x1, 0xef, 0xfb, 0x66, 0xaf, 0xff, 0x40,
    0x9, 0xff, 0x70, 0x0, 0x4, 0xff, 0xc0, 0xf,
    0xfe, 0x0, 0x0, 0x0, 0xbf, 0xf2, 0x1f, 0xfa,
    0x0, 0x0, 0x0, 0x7f, 0xf4, 0x1f, 0xfa, 0x0,
    0x0, 0x0, 0x7f, 0xf4, 0xf, 0xfe, 0x0, 0x0,
    0x0, 0xbf, 0xf2, 0x9, 0xff, 0x80, 0x0, 0x5,
    0xff, 0xc0, 0x1, 0xef, 0xfc, 0x76, 0xaf, 0xff,
    0x30, 0x0, 0x3e, 0xff, 0xff, 0xff, 0xf5, 0x0,
    0x0, 0x1, 0x7c, 0xef, 0xd8, 0x20, 0x0,

    /* U+020E "Ȏ" */
    0x0, 0x0, 0x0, 0x2a, 0xef, 0xd6, 0x0, 0x0,
    0x0, 0x0, 0x0, 0x1, 0xef, 0xa8, 0xdf, 0x70,
    0x0, 0x0, 0x0, 0x0, 0x6, 0xf7, 0x0, 0xe,
    0xe0, 0x0, 0x0, 0x0, 0x0, 0x0, 0x0, 0x0,
    0x0, 0x0, 0x0, 0x0, 0x0, 0x0, 0x2, 0x8d,
    0xef, 0xeb, 0x60, 0x0, 0x0, 0x0, 0x0, 0x9f,
    0xff, 0xff, 0xff, 0xfe, 0x40, 0x0, 0x0, 0xc,
    0xff, 0xfd, 0x98, 0xaf, 0xff, 0xf6, 0x0, 0x0,
    0xaf, 0xfe, 0x40, 0x0, 0x0, 0x9f, 0xff, 0x30,
    0x3, 0xff, 0xe2, 0x0, 0x0, 0x0, 0x8, 0xff,
    0xc0, 0xa, 0xff, 0x60, 0x0, 0x0, 0x0, 0x0,
    0xef, 0xf2, 0xe, 0xff, 0x10, 0x0, 0x0, 0x0,
    0x0, 0x8f, 0xf6, 0xf, 0xfe, 0x0, 0x0, 0x0,
    0x0, 0x0, 0x5f, 0xf8, 0xf, 0xfe, 0x0, 0x0,
    0x0, 0x0, 0x0, 0x6f, 0xf8, 0xe, 0xff, 0x10,
    0x0, 0x0, 0x0, 0x0, 0x8f, 0xf6, 0xa, 0xff,
    0x60, 0x0, 0x0, 0x0, 0x0, 0xef, 0xf2, 0x3,
    0xff, 0xe1, 0x0, 0x0, 0x0, 0x8, 0xff, 0xc0,
    0x0, 0xaf, 0xfe, 0x30, 0x0, 0x0, 0x9f, 0xff,
    0x30, 0x0, 0xc, 0xff, 0xfc, 0x98, 0xaf, 0xff,
    0xf6, 0x0, 0x0, 0x0, 0x9f, 0xff, 0xff, 0xff,
    0xfe, 0x40, 0x0, 0x0, 0x0, 0x2, 0x8d, 0xef,
    0xeb, 0x60, 0x0, 0x0,

    /* U+020F "ȏ" */
    0x0, 0x0, 0x2a, 0xee, 0xb3, 0x0, 0x0, 0x0,
    0x2, 0xef, 0xa9, 0xff, 0x30, 0x0, 0x0, 0x8,
    0xf5, 0x0, 0x3f, 0xa0, 0x0, 0x0, 0x4, 0x50,
    0x0, 0x5, 0x40, 0x0, 0x0, 0x0, 0x0, 0x0,
    0x0, 0x0, 0x0, 0x0, 0x1, 0x7c, 0xef, 0xd8,
    0x20, 0x0, 0x0, 0x3e, 0xff, 0xff, 0xff, 0xf5,
    0x0, 0x1, 0xef, 0xfb, 0x66, 0xaf, 0xff, 0x40,
    0x9, 0xff, 0x70, 0x0, 0x4, 0xff, 0xc0, 0xf,
    0xfe, 0x0, 0x0, 0x0, 0xbf, 0xf2, 0x1f, 0xfa,
    0x0, 0x0, 0x0, 0x7f, 0xf4, 0x1f, 0xfa, 0x0,
    0x0, 0x0, 0x7f, 0xf4, 0xf, 0xfe, 0x0, 0x0,
    0x0, 0xbf, 0xf2, 0x9, 0xff, 0x80, 0x0, 0x5,
    0xff, 0xc0, 0x1, 0xef, 0xfc, 0x76, 0xaf, 0xff,
    0x30, 0x0, 0x3e, 0xff, 0xff, 0xff, 0xf5, 0x0,
    0x0, 0x1, 0x7c, 0xef, 0xd8, 0x20, 0x0,

    /* U+0210 "Ȑ" */
    0x1e, 0xf9, 0x1d, 0xfb, 0x0, 0x0, 0x0, 0x4,
    0xff, 0x32, 0xff, 0x50, 0x0, 0x0, 0x0, 0x8f,
    0xc0, 0x5f, 0xd0, 0x0, 0x0, 0x0, 0x0, 0x0,
    0x0, 0x0, 0x0, 0x0, 0xff, 0xff, 0xff, 0xfe,
    0xc7, 0x10, 0x0, 0xff, 0xff, 0xff, 0xff, 0xff,
    0xe3, 0x0, 0xff, 0xf7, 0x77, 0x79, 0xef, 0xfe,
    0x10, 0xff, 0xe0, 0x0, 0x0, 0xb, 0xff, 0x80,
    0xff, 0xe0, 0x0, 0x0, 0x2, 0xff, 0xd0, 0xff,
    0xe0, 0x0, 0x0, 0x0, 0xff, 0xe0, 0xff, 0xe0,
    0x0, 0x0, 0x1, 0xff, 0xd0, 0xff, 0xe0, 0x0,
    0x0, 0x7, 0xff, 0xa0, 0xff, 0xe0, 0x0, 0x2,
    0x8f, 0xff, 0x40, 0xff, 0xff, 0xff, 0xff, 0xff,
    0xf8, 0x0, 0xff, 0xff, 0xff, 0xff, 0xff, 0x50,
    0x0, 0xff, 0xf6, 0x66, 0x6f, 0xff, 0x20, 0x0,
    0xff, 0xe0, 0x0, 0x3, 0xff, 0xc0, 0x0, 0xff,
    0xe0, 0x0, 0x0, 0x8f, 0xf8, 0x0, 0xff, 0xe0,
    0x0, 0x0, 0xd, 0xff, 0x30, 0xff, 0xe0, 0x0,
    0x0, 0x3, 0xff, 0xd0,

    /* U+0211 "ȑ" */
    0x1d, 0xfb, 0xc, 0xfd, 0x0, 0x2, 0xff, 0x41,
    0xef, 0x70, 0x0, 0x6f, 0xd0, 0x4f, 0xf1, 0x0,
    0x0, 0x0, 0x0, 0x0, 0x0, 0x0, 0x0, 0x0,
    0x0, 0x0, 0x3f, 0xf6, 0x3a, 0xe9, 0x0, 0x3f,
    0xfb, 0xff, 0xf9, 0x0, 0x3f, 0xff, 0xfc, 0x84,
    0x0, 0x3f, 0xff, 0x70, 0x0, 0x0, 0x3f, 0xfd,
    0x0, 0x0, 0x0, 0x3f, 0xfa, 0x0, 0x0, 0x0,
    0x3f, 0xf8, 0x0, 0x0, 0x0, 0x3f, 0xf8, 0x0,
    0x0, 0x0, 0x3f, 0xf8, 0x0, 0x0, 0x0, 0x3f,
    0xf8, 0x0, 0x0, 0x0, 0x3f, 0xf8, 0x0, 0x0,
    0x0, 0x3f, 0xf8, 0x0, 0x0,

    /* U+0212 "Ȓ" */
    0x0, 0x3, 0xbe, 0xfc, 0x40, 0x0, 0x0, 0x0,
    0x3f, 0xf9, 0x9e, 0xf5, 0x0, 0x0, 0x0, 0x9f,
    0x30, 0x1, 0xeb, 0x0, 0x0, 0x0, 0x0, 0x0,
    0x0, 0x0, 0x0, 0x0, 0xff, 0xff, 0xff, 0xfe,
    0xc7, 0x10, 0x0, 0xff, 0xff, 0xff, 0xff, 0xff,
    0xe3, 0x0, 0xff, 0xf7, 0x77, 0x79, 0xef, 0xfe,
    0x10, 0xff, 0xe0, 0x0, 0x0, 0xb, 0xff, 0x80,
    0xff, 0xe0, 0x0, 0x0, 0x2, 0xff, 0xd0, 0xff,
    0xe0, 0x0, 0x0, 0x0, 0xff, 0xe0, 0xff, 0xe0,
    0x0, 0x0, 0x1, 0xff, 0xd0, 0xff, 0xe0, 0x0,
    0x0, 0x7, 0xff, 0xa0, 0xff, 0xe0, 0x0, 0x2,
    0x8f, 0xff, 0x40, 0xff, 0xff, 0xff, 0xff, 0xff,
    0xf8, 0x0, 0xff, 0xff, 0xff, 0xff, 0xff, 0x50,
    0x0, 0xff, 0xf6, 0x66, 0x6f, 0xff, 0x20, 0x0,
    0xff, 0xe0, 0x0, 0x3, 0xff, 0xc0, 0x0, 0xff,
    0xe0, 0x0, 0x0, 0x8f, 0xf8, 0x0, 0xff, 0xe0,
    0x0, 0x0, 0xd, 0xff, 0x30, 0xff, 0xe0, 0x0,
    0x0, 0x3, 0xff, 0xd0,

    /* U+0213 "ȓ" */
    0x1, 0xae, 0xfc, 0x40, 0x1e, 0xfa, 0x9e, 0xf6,
    0x6f, 0x70, 0x1, 0xfd, 0x24, 0x10, 0x0, 0x44,
    0x0, 0x0, 0x0, 0x0, 0x3f, 0xf6, 0x3a, 0xe9,
    0x3f, 0xfb, 0xff, 0xf9, 0x3f, 0xff, 0xfc, 0x84,
    0x3f, 0xff, 0x70, 0x0, 0x3f, 0xfd, 0x0, 0x0,
    0x3f, 0xfa, 0x0, 0x0, 0x3f, 0xf8, 0x0, 0x0,
    0x3f, 0xf8, 0x0, 0x0, 0x3f, 0xf8, 0x0, 0x0,
    0x3f, 0xf8, 0x0, 0x0, 0x3f, 0xf8, 0x0, 0x0,
    0x3f, 0xf8, 0x0, 0x0,

    /* U+0214 "Ȕ" */
    0x0, 0x0, 0x0, 0x0, 0x0, 0x0, 0x0, 0x0,
    0x5, 0xff, 0x44, 0xff, 0x60, 0x0, 0x0, 0x0,
    0x9, 0xfd, 0x7, 0xfe, 0x10, 0x0, 0x0, 0x0,
    0xc, 0xf6, 0xa, 0xf9, 0x0, 0x0, 0x0, 0x0,
    0x0, 0x0, 0x0, 0x0, 0x0, 0x1, 0xff, 0xc0,
    0x0, 0x0, 0x0, 0x6f, 0xf6, 0x1f, 0xfc, 0x0,
    0x0, 0x0, 0x6, 0xff, 0x61, 0xff, 0xc0, 0x0,
    0x0, 0x0, 0x6f, 0xf6, 0x1f, 0xfc, 0x0, 0x0,
    0x0, 0x6, 0xff, 0x61, 0xff, 0xc0, 0x0, 0x0,
    0x0, 0x6f, 0xf6, 0x1f, 0xfc, 0x0, 0x0, 0x0,
    0x6, 0xff, 0x61, 0xff, 0xc0, 0x0, 0x0, 0x0,
    0x6f, 0xf6, 0x1f, 0xfc, 0x0, 0x0, 0x0, 0x6,
    0xff, 0x60, 0xff, 0xc0, 0x0, 0x0, 0x0, 0x6f,
    0xf6, 0xf, 0xfd, 0x0, 0x0, 0x0, 0x6, 0xff,
    0x60, 0xff, 0xf0, 0x0, 0x0, 0x0, 0x9f, 0xf4,
    0xb, 0xff, 0x40, 0x0, 0x0, 0xd, 0xff, 0x10,
    0x5f, 0xfd, 0x20, 0x0, 0x9, 0xff, 0xb0, 0x0,
    0xcf, 0xff, 0xb8, 0x9d, 0xff, 0xf2, 0x0, 0x1,
    0xcf, 0xff, 0xff, 0xff, 0xf4, 0x0, 0x0, 0x0,
    0x5b, 0xef, 0xfc, 0x81, 0x0, 0x0,

    /* U+0215 "ȕ" */
    0xa, 0xfe, 0x9, 0xff, 0x10, 0x0, 0x0, 0xd,
    0xf8, 0xc, 0xfa, 0x0, 0x0, 0x0, 0x2f, 0xf2,
    0x1e, 0xf4, 0x0, 0x0, 0x0, 0x0, 0x0, 0x0,
    0x0, 0x0, 0x0, 0x0, 0x0, 0x0, 0x0, 0x0,
    0x4, 0xff, 0x70, 0x0, 0x0, 0x9f, 0xf2, 0x4f,
    0xf7, 0x0, 0x0, 0x9, 0xff, 0x24, 0xff, 0x70,
    0x0, 0x0, 0x9f, 0xf2, 0x4f, 0xf7, 0x0, 0x0,
    0x9, 0xff, 0x24, 0xff, 0x70, 0x0, 0x0, 0x9f,
    0xf2, 0x4f, 0xf7, 0x0, 0x0, 0x9, 0xff, 0x24,
    0xff, 0x70, 0x0, 0x0, 0xaf, 0xf2, 0x3f, 0xf9,
    0x0, 0x0, 0xd, 0xff, 0x21, 0xff, 0xf1, 0x0,
    0x6, 0xff, 0xf2, 0xb, 0xff, 0xe9, 0x7b, 0xff,
    0xff, 0x20, 0x1e, 0xff, 0xff, 0xff, 0xcf, 0xf2,
    0x0, 0x19, 0xdf, 0xeb, 0x37, 0xff, 0x20,

    /* U+0216 "Ȗ" */
    0x0, 0x0, 0x6, 0xdf, 0xea, 0x20, 0x0, 0x0,
    0x0, 0x9, 0xfd, 0x8a, 0xfe, 0x10, 0x0, 0x0,
    0x0, 0xec, 0x0, 0x6, 0xf6, 0x0, 0x0, 0x0,
    0x0, 0x0, 0x0, 0x0, 0x0, 0x0, 0x1f, 0xfc,
    0x0, 0x0, 0x0, 0x6, 0xff, 0x61, 0xff, 0xc0,
    0x0, 0x0, 0x0, 0x6f, 0xf6, 0x1f, 0xfc, 0x0,
    0x0, 0x0, 0x6, 0xff, 0x61, 0xff, 0xc0, 0x0,
    0x0, 0x0, 0x6f, 0xf6, 0x1f, 0xfc, 0x0, 0x0,
    0x0, 0x6, 0xff, 0x61, 0xff, 0xc0, 0x0, 0x0,
    0x0, 0x6f, 0xf6, 0x1f, 0xfc, 0x0, 0x0, 0x0,
    0x6, 0xff, 0x61, 0xff, 0xc0, 0x0, 0x0, 0x0,
    0x6f, 0xf6, 0xf, 0xfc, 0x0, 0x0, 0x0, 0x6,
    0xff, 0x60, 0xff, 0xd0, 0x0, 0x0, 0x0, 0x6f,
    0xf6, 0xf, 0xff, 0x0, 0x0, 0x0, 0x9, 0xff,
    0x40, 0xbf, 0xf4, 0x0, 0x0, 0x0, 0xdf, 0xf1,
    0x5, 0xff, 0xd2, 0x0, 0x0, 0x9f, 0xfb, 0x0,
    0xc, 0xff, 0xfb, 0x89, 0xdf, 0xff, 0x20, 0x0,
    0x1c, 0xff, 0xff, 0xff, 0xff, 0x40, 0x0, 0x0,
    0x5, 0xbe, 0xff, 0xc8, 0x10, 0x0,

    /* U+0217 "ȗ" */
    0x0, 0x0, 0x8d, 0xfd, 0x70, 0x0, 0x0, 0x0,
    0xbf, 0xc8, 0xcf, 0x90, 0x0, 0x0, 0x3f, 0xb0,
    0x0, 0xcf, 0x0, 0x0, 0x1, 0x42, 0x0, 0x2,
    0x40, 0x0, 0x0, 0x0, 0x0, 0x0, 0x0, 0x0,
    0x4, 0xff, 0x70, 0x0, 0x0, 0x9f, 0xf2, 0x4f,
    0xf7, 0x0, 0x0, 0x9, 0xff, 0x24, 0xff, 0x70,
    0x0, 0x0, 0x9f, 0xf2, 0x4f, 0xf7, 0x0, 0x0,
    0x9, 0xff, 0x24, 0xff, 0x70, 0x0, 0x0, 0x9f,
    0xf2, 0x4f, 0xf7, 0x0, 0x0, 0x9, 0xff, 0x24,
    0xff, 0x70, 0x0, 0x0, 0xaf, 0xf2, 0x3f, 0xf9,
    0x0, 0x0, 0xd, 0xff, 0x21, 0xff, 0xf1, 0x0,
    0x6, 0xff, 0xf2, 0xb, 0xff, 0xe9, 0x7b, 0xff,
    0xff, 0x20, 0x1e, 0xff, 0xff, 0xff, 0xcf, 0xf2,
    0x0, 0x19, 0xdf, 0xeb, 0x37, 0xff, 0x20,

    /* U+0218 "Ș" */
    0x0, 0x2, 0x9d, 0xef, 0xeb, 0x72, 0x0, 0x0,
    0x7f, 0xff, 0xff, 0xff, 0xff, 0x30, 0x4, 0xff,
    0xfa, 0x76, 0x8c, 0xff, 0x0, 0xb, 0xff, 0x40,
    0x0, 0x0, 0x15, 0x0, 0xd, 0xff, 0x0, 0x0,
    0x0, 0x0, 0x0, 0xc, 0xff, 0x50, 0x0, 0x0,
    0x0, 0x0, 0x7, 0xff, 0xfc, 0x73, 0x0, 0x0,
    0x0, 0x0, 0xaf, 0xff, 0xff, 0xea, 0x30, 0x0,
    0x0, 0x3, 0xaf, 0xff, 0xff, 0xfb, 0x0, 0x0,
    0x0, 0x0, 0x37, 0xcf, 0xff, 0x90, 0x0, 0x0,
    0x0, 0x0, 0x4, 0xff, 0xf0, 0x0, 0x0, 0x0,
    0x0, 0x0, 0xcf, 0xf0, 0x8, 0xa2, 0x0, 0x0,
    0x2, 0xff, 0xe0, 0xe, 0xff, 0xc8, 0x66, 0x9f,
    0xff, 0x70, 0x9, 0xff, 0xff, 0xff, 0xff, 0xf9,
    0x0, 0x0, 0x28, 0xbe, 0xff, 0xda, 0x40, 0x0,
    0x0, 0x0, 0x0, 0x0, 0x0, 0x0, 0x0, 0x0,
    0x0, 0x0, 0x24, 0x0, 0x0, 0x0, 0x0, 0x0,
    0x1, 0xff, 0x50, 0x0, 0x0, 0x0, 0x0, 0x0,
    0xff, 0x40, 0x0, 0x0, 0x0, 0x0, 0x0, 0xad,
    0x0, 0x0, 0x0, 0x0, 0x0, 0x0, 0x74, 0x0,
    0x0, 0x0,

    /* U+0219 "ș" */
    0x0, 0x29, 0xdf, 0xfe, 0xb6, 0x0, 0x5f, 0xff,
    0xff, 0xff, 0xf2, 0xe, 0xff, 0x74, 0x46, 0xba,
    0x2, 0xff, 0x90, 0x0, 0x0, 0x0, 0x1f, 0xfe,
    0x62, 0x0, 0x0, 0x0, 0x8f, 0xff, 0xff, 0xc7,
    0x10, 0x0, 0x5b, 0xff, 0xff, 0xfe, 0x20, 0x0,
    0x0, 0x25, 0xaf, 0xf9, 0x2, 0x0, 0x0, 0x0,
    0xff, 0xb0, 0xee, 0x95, 0x45, 0xbf, 0xf8, 0x5f,
    0xff, 0xff, 0xff, 0xfc, 0x0, 0x39, 0xcf, 0xfe,
    0xc6, 0x0, 0x0, 0x0, 0x0, 0x0, 0x0, 0x0,
    0x0, 0x0, 0x51, 0x0, 0x0, 0x0, 0x0, 0xaf,
    0xc0, 0x0, 0x0, 0x0, 0x7, 0xfc, 0x0, 0x0,
    0x0, 0x0, 0x2f, 0x50, 0x0, 0x0, 0x0, 0x3,
    0x70, 0x0, 0x0,

    /* U+021A "Ț" */
    0xef, 0xff, 0xff, 0xff, 0xff, 0xff, 0xf2, 0xef,
    0xff, 0xff, 0xff, 0xff, 0xff, 0xf2, 0x67, 0x77,
    0x7e, 0xff, 0x77, 0x77, 0x71, 0x0, 0x0, 0xd,
    0xff, 0x0, 0x0, 0x0, 0x0, 0x0, 0xd, 0xff,
    0x0, 0x0, 0x0, 0x0, 0x0, 0xd, 0xff, 0x0,
    0x0, 0x0, 0x0, 0x0, 0xd, 0xff, 0x0, 0x0,
    0x0, 0x0, 0x0, 0xd, 0xff, 0x0, 0x0, 0x0,
    0x0, 0x0, 0xd, 0xff, 0x0, 0x0, 0x0, 0x0,
    0x0, 0xd, 0xff, 0x0, 0x0, 0x0, 0x0, 0x0,
    0xd, 0xff, 0x0, 0x0, 0x0, 0x0, 0x0, 0xd,
    0xff, 0x0, 0x0, 0x0, 0x0, 0x0, 0xd, 0xff,
    0x0, 0x0, 0x0, 0x0, 0x0, 0xd, 0xff, 0x0,
    0x0, 0x0, 0x0, 0x0, 0xd, 0xff, 0x0, 0x0,
    0x0, 0x0, 0x0, 0xd, 0xff, 0x0, 0x0, 0x0,
    0x0, 0x0, 0x0, 0x0, 0x0, 0x0, 0x0, 0x0,
    0x0, 0x0, 0x51, 0x0, 0x0, 0x0, 0x0, 0x0,
    0x9, 0xfd, 0x0, 0x0, 0x0, 0x0, 0x0, 0x6,
    0xfc, 0x0, 0x0, 0x0, 0x0, 0x0, 0x2, 0xf5,
    0x0, 0x0, 0x0, 0x0, 0x0, 0x3, 0x70, 0x0,
    0x0, 0x0,

    /* U+021B "ț" */
    0x0, 0x68, 0x70, 0x0, 0x0, 0xd, 0xfe, 0x0,
    0x0, 0x0, 0xdf, 0xe0, 0x0, 0xc, 0xff, 0xff,
    0xff, 0xf1, 0xcf, 0xff, 0xff, 0xff, 0x12, 0x3f,
    0xff, 0x33, 0x30, 0x0, 0xdf, 0xe0, 0x0, 0x0,
    0xd, 0xfe, 0x0, 0x0, 0x0, 0xdf, 0xe0, 0x0,
    0x0, 0xd, 0xfe, 0x0, 0x0, 0x0, 0xdf, 0xe0,
    0x0, 0x0, 0xc, 0xff, 0x0, 0x0, 0x0, 0x9f,
    0xfa, 0x57, 0x30, 0x2, 0xff, 0xff, 0xf9, 0x0,
    0x2, 0xbe, 0xfc, 0x50, 0x0, 0x0, 0x0, 0x0,
    0x0, 0x0, 0x4, 0x10, 0x0, 0x0, 0x9, 0xfd,
    0x0, 0x0, 0x0, 0x6f, 0xd0, 0x0, 0x0, 0x1,
    0xf6, 0x0, 0x0, 0x0, 0x27, 0x0, 0x0,

    /* U+021C "Ȝ" */
    0x0, 0x2, 0x6b, 0xef, 0xfd, 0x81, 0x0, 0x3,
    0xbf, 0xff, 0xff, 0xff, 0xfe, 0x20, 0xf, 0xff,
    0xfc, 0x97, 0x8e, 0xff, 0xb0, 0x9, 0xe7, 0x10,
    0x0, 0x2, 0xff, 0xf0, 0x1, 0x0, 0x0, 0x0,
    0x0, 0xef, 0xf0, 0x0, 0x0, 0x0, 0x0, 0x3,
    0xff, 0x90, 0x0, 0x0, 0x0, 0x1, 0x7f, 0xfc,
    0x0, 0x0, 0x0, 0x48, 0xcf, 0xff, 0xc1, 0x0,
    0x0, 0x0, 0xff, 0xff, 0xff, 0xff, 0x60, 0x0,
    0x0, 0xed, 0xa6, 0x57, 0xef, 0xf3, 0x0, 0x0,
    0x10, 0x0, 0x0, 0x6f, 0xf9, 0x0, 0x0, 0x0,
    0x0, 0x0, 0x5f, 0xfa, 0x0, 0x0, 0x0, 0x0,
    0x0, 0xcf, 0xf7, 0x0, 0x0, 0x0, 0x0, 0x2c,
    0xff, 0xe0, 0x0, 0x0, 0x1, 0x5b, 0xff, 0xfe,
    0x30, 0x15, 0x7a, 0xdf, 0xff, 0xff, 0xb1, 0x0,
    0x4f, 0xff, 0xff, 0xff, 0xa3, 0x0, 0x0, 0x3f,
    0xfe, 0xb8, 0x40, 0x0, 0x0, 0x0, 0x2, 0x0,
    0x0, 0x0, 0x0, 0x0, 0x0,

    /* U+021D "ȝ" */
    0x0, 0x49, 0xdf, 0xfd, 0x70, 0x3, 0xcf, 0xff,
    0xff, 0xff, 0xb0, 0x5f, 0xfc, 0x75, 0x6f, 0xff,
    0x30, 0xa3, 0x0, 0x0, 0x7f, 0xf5, 0x0, 0x0,
    0x0, 0x7, 0xff, 0x30, 0x0, 0x0, 0x3, 0xef,
    0xb0, 0x0, 0x2, 0x6b, 0xff, 0x90, 0x0, 0x2,
    0xff, 0xff, 0xff, 0x80, 0x0, 0xf, 0xd9, 0x7d,
    0xff, 0x60, 0x0, 0x10, 0x0, 0x1f, 0xfc, 0x0,
    0x0, 0x0, 0x0, 0xff, 0xd0, 0x0, 0x0, 0x0,
    0x6f, 0xfa, 0x0, 0x0, 0x1, 0x9f, 0xff, 0x20,
    0x3, 0x7b, 0xff, 0xfe, 0x40, 0x8f, 0xff, 0xff,
    0xf9, 0x10, 0x9, 0xff, 0xea, 0x51, 0x0, 0x0,
    0x33, 0x10, 0x0, 0x0, 0x0, 0x0,

    /* U+021E "Ȟ" */
    0x0, 0xc, 0xf8, 0x0, 0xbf, 0x90, 0x0, 0x0,
    0x0, 0xcf, 0xde, 0xf9, 0x0, 0x0, 0x0, 0x0,
    0xc, 0xff, 0xa0, 0x0, 0x0, 0x0, 0x0, 0x0,
    0x0, 0x0, 0x0, 0x0, 0xff, 0xe0, 0x0, 0x0,
    0x0, 0x1f, 0xfc, 0xff, 0xe0, 0x0, 0x0, 0x0,
    0x1f, 0xfc, 0xff, 0xe0, 0x0, 0x0, 0x0, 0x1f,
    0xfc, 0xff, 0xe0, 0x0, 0x0, 0x0, 0x1f, 0xfc,
    0xff, 0xe0, 0x0, 0x0, 0x0, 0x1f, 0xfc, 0xff,
    0xe0, 0x0, 0x0, 0x0, 0x1f, 0xfc, 0xff, 0xe0,
    0x0, 0x0, 0x0, 0x1f, 0xfc, 0xff, 0xff, 0xff,
    0xff, 0xff, 0xff, 0xfc, 0xff, 0xff, 0xff, 0xff,
    0xff, 0xff, 0xfc, 0xff, 0xf7, 0x77, 0x77, 0x77,
    0x9f, 0xfc, 0xff, 0xe0, 0x0, 0x0, 0x0, 0x1f,
    0xfc, 0xff, 0xe0, 0x0, 0x0, 0x0, 0x1f, 0xfc,
    0xff, 0xe0, 0x0, 0x0, 0x0, 0x1f, 0xfc, 0xff,
    0xe0, 0x0, 0x0, 0x0, 0x1f, 0xfc, 0xff, 0xe0,
    0x0, 0x0, 0x0, 0x1f, 0xfc, 0xff, 0xe0, 0x0,
    0x0, 0x0, 0x1f, 0xfc,

    /* U+021F "ȟ" */
    0x8, 0xfc, 0x10, 0x7f, 0xd1, 0x0, 0x0, 0x0,
    0x0, 0x8f, 0xec, 0xfd, 0x10, 0x0, 0x0, 0x0,
    0x0, 0x8, 0xff, 0xd1, 0x0, 0x0, 0x0, 0x0,
    0x0, 0x0, 0x0, 0x0, 0x0, 0x0, 0x0, 0x0,
    0x0, 0x3, 0xff, 0x80, 0x0, 0x0, 0x0, 0x0,
    0x0, 0x3, 0xff, 0x80, 0x0, 0x0, 0x0, 0x0,
    0x0, 0x3, 0xff, 0x80, 0x0, 0x0, 0x0, 0x0,
    0x0, 0x3, 0xff, 0x80, 0x0, 0x0, 0x0, 0x0,
    0x0, 0x3, 0xff, 0x80, 0x0, 0x0, 0x0, 0x0,
    0x0, 0x3, 0xff, 0x83, 0xae, 0xfe, 0x92, 0x0,
    0x0, 0x3, 0xff, 0xef, 0xff, 0xff, 0xff, 0x30,
    0x0, 0x3, 0xff, 0xff, 0xa7, 0x8e, 0xff, 0xd0,
    0x0, 0x3, 0xff, 0xf5, 0x0, 0x1, 0xef, 0xf2,
    0x0, 0x3, 0xff, 0xc0, 0x0, 0x0, 0x8f, 0xf4,
    0x0, 0x3, 0xff, 0x90, 0x0, 0x0, 0x6f, 0xf5,
    0x0, 0x3, 0xff, 0x80, 0x0, 0x0, 0x6f, 0xf6,
    0x0, 0x3, 0xff, 0x80, 0x0, 0x0, 0x6f, 0xf6,
    0x0, 0x3, 0xff, 0x80, 0x0, 0x0, 0x6f, 0xf6,
    0x0, 0x3, 0xff, 0x80, 0x0, 0x0, 0x6f, 0xf6,
    0x0, 0x3, 0xff, 0x80, 0x0, 0x0, 0x6f, 0xf6,
    0x0, 0x3, 0xff, 0x80, 0x0, 0x0, 0x6f, 0xf6,

    /* U+0220 "Ƞ" */
    0xbf, 0xf1, 0x29, 0xdf, 0xfd, 0x81, 0x0, 0xbf,
    0xf6, 0xff, 0xff, 0xff, 0xfe, 0x20, 0xbf, 0xff,
    0xfa, 0x65, 0x8e, 0xff, 0xd0, 0xbf, 0xff, 0x50,
    0x0, 0x1, 0xdf, 0xf5, 0xbf, 0xfa, 0x0, 0x0,
    0x0, 0x5f, 0xf9, 0xbf, 0xf5, 0x0, 0x0, 0x0,
    0x1f, 0xfc, 0xbf, 0xf3, 0x0, 0x0, 0x0, 0xf,
    0xfd, 0xbf, 0xf2, 0x0, 0x0, 0x0, 0xf, 0xfd,
    0xbf, 0xf2, 0x0, 0x0, 0x0, 0xf, 0xfd, 0xbf,
    0xf2, 0x0, 0x0, 0x0, 0xf, 0xfd, 0xbf, 0xf2,
    0x0, 0x0, 0x0, 0xf, 0xfd, 0xbf, 0xf2, 0x0,
    0x0, 0x0, 0xf, 0xfd, 0xbf, 0xf2, 0x0, 0x0,
    0x0, 0xf, 0xfd, 0xbf, 0xf2, 0x0, 0x0, 0x0,
    0xf, 0xfd, 0xbf, 0xf2, 0x0, 0x0, 0x0, 0xf,
    0xfd, 0xbf, 0xf2, 0x0, 0x0, 0x0, 0xf, 0xfd,
    0x0, 0x0, 0x0, 0x0, 0x0, 0xf, 0xfd, 0x0,
    0x0, 0x0, 0x0, 0x0, 0xf, 0xfd, 0x0, 0x0,
    0x0, 0x0, 0x0, 0xf, 0xfd, 0x0, 0x0, 0x0,
    0x0, 0x0, 0xf, 0xfd,

    /* U+0222 "Ȣ" */
    0x5f, 0xf8, 0x0, 0x0, 0x0, 0x2f, 0xfa, 0x5,
    0xff, 0x80, 0x0, 0x0, 0x2, 0xff, 0xa0, 0x4f,
    0xf9, 0x0, 0x0, 0x0, 0x3f, 0xfa, 0x2, 0xff,
    0xd0, 0x0, 0x0, 0x7, 0xff, 0x70, 0xb, 0xff,
    0xb2, 0x0, 0x17, 0xff, 0xf1, 0x0, 0x1c, 0xff,
    0xff, 0xff, 0xff, 0xe3, 0x0, 0x0, 0x8f, 0xff,
    0xff, 0xff, 0xfc, 0x20, 0x0, 0xcf, 0xfd, 0x75,
    0x46, 0xbf, 0xff, 0x30, 0x7f, 0xfa, 0x0, 0x0,
    0x0, 0x5f, 0xfd, 0xd, 0xff, 0x10, 0x0, 0x0,
    0x0, 0xbf, 0xf2, 0xff, 0xe0, 0x0, 0x0, 0x0,
    0x8, 0xff, 0x4d, 0xff, 0x10, 0x0, 0x0, 0x0,
    0xbf, 0xf3, 0x9f, 0xfb, 0x0, 0x0, 0x0, 0x6f,
    0xfe, 0x1, 0xef, 0xfe, 0x96, 0x68, 0xdf, 0xff,
    0x50, 0x2, 0xdf, 0xff, 0xff, 0xff, 0xff, 0x60,
    0x0, 0x0, 0x5a, 0xdf, 0xfe, 0xc7, 0x10, 0x0,

    /* U+0223 "ȣ" */
    0x9, 0xff, 0x40, 0x0, 0x0, 0xef, 0xe0, 0x9,
    0xff, 0x40, 0x0, 0x0, 0xef, 0xe0, 0x8, 0xff,
    0x40, 0x0, 0x0, 0xef, 0xe0, 0x7, 0xff, 0x50,
    0x0, 0x0, 0xff, 0xd0, 0x4, 0xff, 0x90, 0x0,
    0x4, 0xff, 0x90, 0x0, 0xbf, 0xf7, 0x10, 0x4e,
    0xfe, 0x20, 0x0, 0x1d, 0xff, 0xff, 0xff, 0xf3,
    0x0, 0x0, 0x7f, 0xff, 0xff, 0xff, 0xfb, 0x0,
    0x5, 0xff, 0xe4, 0x0, 0x1b, 0xff, 0xa0, 0xc,
    0xff, 0x30, 0x0, 0x0, 0xdf, 0xf2, 0xf, 0xfe,
    0x0, 0x0, 0x0, 0x8f, 0xf5, 0x1f, 0xfd, 0x0,
    0x0, 0x0, 0x7f, 0xf6, 0xf, 0xff, 0x0, 0x0,
    0x0, 0xaf, 0xf5, 0xb, 0xff, 0x80, 0x0, 0x3,
    0xff, 0xf1, 0x3, 0xff, 0xfa, 0x55, 0x8f, 0xff,
    0x80, 0x0, 0x5f, 0xff, 0xff, 0xff, 0xf9, 0x0,
    0x0, 0x2, 0x8d, 0xff, 0xda, 0x40, 0x0,

    /* U+0226 "Ȧ" */
    0x0, 0x0, 0x0, 0x0, 0x1, 0x0, 0x0, 0x0,
    0x0, 0x0, 0x0, 0x0, 0x1, 0xef, 0x70, 0x0,
    0x0, 0x0, 0x0, 0x0, 0x0, 0x4, 0xff, 0xb0,
    0x0, 0x0, 0x0, 0x0, 0x0, 0x0, 0x0, 0xce,
    0x50, 0x0, 0x0, 0x0, 0x0, 0x0, 0x0, 0x0,
    0x0, 0x0, 0x0, 0x0, 0x0, 0x0, 0x0, 0x0,
    0x6, 0xff, 0xd0, 0x0, 0x0, 0x0, 0x0, 0x0,
    0x0, 0xd, 0xff, 0xf4, 0x0, 0x0, 0x0, 0x0,
    0x0, 0x0, 0x4f, 0xff, 0xfb, 0x0, 0x0, 0x0,
    0x0, 0x0, 0x0, 0xbf, 0xf9, 0xff, 0x20, 0x0,
    0x0, 0x0, 0x0, 0x2, 0xff, 0x92, 0xff, 0x90,
    0x0, 0x0, 0x0, 0x0, 0x9, 0xff, 0x20, 0xbf,
    0xf1, 0x0, 0x0, 0x0, 0x0, 0xf, 0xfc, 0x0,
    0x5f, 0xf7, 0x0, 0x0, 0x0, 0x0, 0x6f, 0xf5,
    0x0, 0xe, 0xfe, 0x0, 0x0, 0x0, 0x0, 0xdf,
    0xe0, 0x0, 0x8, 0xff, 0x50, 0x0, 0x0, 0x4,
    0xff, 0x80, 0x0, 0x1, 0xff, 0xc0, 0x0, 0x0,
    0xb, 0xff, 0xff, 0xff, 0xff, 0xff, 0xf3, 0x0,
    0x0, 0x2f, 0xff, 0xff, 0xff, 0xff, 0xff, 0xfa,
    0x0, 0x0, 0x9f, 0xf9, 0x44, 0x44, 0x44, 0x4f,
    0xff, 0x10, 0x1, 0xff, 0xd0, 0x0, 0x0, 0x0,
    0x7, 0xff, 0x80, 0x7, 0xff, 0x70, 0x0, 0x0,
    0x0, 0x1, 0xff, 0xe0, 0xe, 0xff, 0x10, 0x0,
    0x0, 0x0, 0x0, 0x9f, 0xf6,

    /* U+0227 "ȧ" */
    0x0, 0x0, 0x2, 0x72, 0x0, 0x0, 0x0, 0x0,
    0xe, 0xfe, 0x0, 0x0, 0x0, 0x0, 0xe, 0xff,
    0x0, 0x0, 0x0, 0x0, 0x4, 0x94, 0x0, 0x0,
    0x0, 0x0, 0x0, 0x0, 0x0, 0x0, 0x0, 0x0,
    0x0, 0x0, 0x0, 0x0, 0x0, 0x39, 0xdf, 0xfe,
    0xa4, 0x0, 0x6, 0xff, 0xff, 0xff, 0xff, 0x70,
    0x2, 0xfd, 0x75, 0x6a, 0xff, 0xf2, 0x0, 0x30,
    0x0, 0x0, 0x8f, 0xf7, 0x0, 0x0, 0x0, 0x0,
    0x2f, 0xf9, 0x0, 0x4a, 0xef, 0xff, 0xff, 0xfa,
    0x5, 0xff, 0xfe, 0xdd, 0xff, 0xfa, 0xd, 0xfe,
    0x20, 0x0, 0x1f, 0xfa, 0xf, 0xfb, 0x0, 0x0,
    0x5f, 0xfa, 0xd, 0xff, 0x30, 0x4, 0xef, 0xfa,
    0x5, 0xff, 0xfe, 0xff, 0xef, 0xfa, 0x0, 0x3b,
    0xef, 0xe9, 0x1f, 0xfa,

    /* U+0228 "Ȩ" */
    0xff, 0xff, 0xff, 0xff, 0xff, 0xf5, 0xff, 0xff,
    0xff, 0xff, 0xff, 0xf5, 0xff, 0xf6, 0x66, 0x66,
    0x66, 0x62, 0xff, 0xe0, 0x0, 0x0, 0x0, 0x0,
    0xff, 0xe0, 0x0, 0x0, 0x0, 0x0, 0xff, 0xe0,
    0x0, 0x0, 0x0, 0x0, 0xff, 0xe0, 0x0, 0x0,
    0x0, 0x0, 0xff, 0xff, 0xff, 0xff, 0xff, 0x50,
    0xff, 0xff, 0xff, 0xff, 0xff, 0x50, 0xff, 0xf6,
    0x66, 0x66, 0x66, 0x20, 0xff, 0xe0, 0x0, 0x0,
    0x0, 0x0, 0xff, 0xe0, 0x0, 0x0, 0x0, 0x0,
    0xff, 0xe0, 0x0, 0x0, 0x0, 0x0, 0xff, 0xf6,
    0x66, 0x66, 0x66, 0x64, 0xff, 0xff, 0xff, 0xff,
    0xff, 0xfa, 0xff, 0xff, 0xff, 0xff, 0xff, 0xfa,
    0x0, 0x0, 0x3f, 0x40, 0x0, 0x0, 0x0, 0x0,
    0x7f, 0xc3, 0x0, 0x0, 0x0, 0x0, 0x25, 0xfe,
    0x0, 0x0, 0x0, 0x3, 0x23, 0xef, 0x0, 0x0,
    0x0, 0xc, 0xff, 0xf6, 0x0, 0x0, 0x0, 0x0,
    0x33, 0x10, 0x0, 0x0,

    /* U+0229 "ȩ" */
    0x0, 0x1, 0x8d, 0xfe, 0xc7, 0x0, 0x0, 0x4,
    0xef, 0xff, 0xff, 0xfd, 0x10, 0x2, 0xff, 0xf8,
    0x44, 0x9f, 0xfc, 0x0, 0xaf, 0xf3, 0x0, 0x0,
    0x6f, 0xf5, 0xf, 0xfb, 0x0, 0x0, 0x0, 0xef,
    0xa1, 0xff, 0xff, 0xff, 0xff, 0xff, 0xfc, 0x1f,
    0xff, 0xdd, 0xdd, 0xdd, 0xdd, 0xb0, 0xff, 0xc0,
    0x0, 0x0, 0x0, 0x0, 0x9, 0xff, 0x70, 0x0,
    0x0, 0x60, 0x0, 0x1e, 0xff, 0xc7, 0x67, 0xdf,
    0x90, 0x0, 0x3d, 0xff, 0xff, 0xff, 0xf9, 0x0,
    0x0, 0x7, 0xcf, 0xfe, 0xa4, 0x0, 0x0, 0x0,
    0x1, 0xf6, 0x0, 0x0, 0x0, 0x0, 0x0, 0x5f,
    0xe6, 0x0, 0x0, 0x0, 0x0, 0x1, 0x3d, 0xf1,
    0x0, 0x0, 0x0, 0x2, 0x32, 0xdf, 0x10, 0x0,
    0x0, 0x0, 0xaf, 0xff, 0x80, 0x0, 0x0, 0x0,
    0x0, 0x34, 0x10, 0x0, 0x0,

    /* U+022A "Ȫ" */
    0x0, 0x0, 0x4, 0x99, 0x99, 0x99, 0x90, 0x0,
    0x0, 0x0, 0x0, 0x8, 0xff, 0xff, 0xff, 0xf1,
    0x0, 0x0, 0x0, 0x0, 0x0, 0x0, 0x0, 0x0,
    0x0, 0x0, 0x0, 0x0, 0x0, 0x0, 0x47, 0x0,
    0x38, 0x10, 0x0, 0x0, 0x0, 0x0, 0x0, 0xff,
    0x60, 0xdf, 0x80, 0x0, 0x0, 0x0, 0x0, 0x0,
    0xbe, 0x30, 0x9f, 0x40, 0x0, 0x0, 0x0, 0x0,
    0x0, 0x0, 0x0, 0x0, 0x0, 0x0, 0x0, 0x0,
    0x0, 0x2, 0x8d, 0xef, 0xeb, 0x60, 0x0, 0x0,
    0x0, 0x0, 0x9f, 0xff, 0xff, 0xff, 0xfe, 0x40,
    0x0, 0x0, 0xc, 0xff, 0xfd, 0x98, 0xaf, 0xff,
    0xf6, 0x0, 0x0, 0xaf, 0xfe, 0x40, 0x0, 0x0,
    0x9f, 0xff, 0x30, 0x3, 0xff, 0xe2, 0x0, 0x0,
    0x0, 0x8, 0xff, 0xc0, 0xa, 0xff, 0x60, 0x0,
    0x0, 0x0, 0x0, 0xef, 0xf2, 0xe, 0xff, 0x10,
    0x0, 0x0, 0x0, 0x0, 0x8f, 0xf6, 0xf, 0xfe,
    0x0, 0x0, 0x0, 0x0, 0x0, 0x5f, 0xf8, 0xf,
    0xfe, 0x0, 0x0, 0x0, 0x0, 0x0, 0x6f, 0xf8,
    0xe, 0xff, 0x10, 0x0, 0x0, 0x0, 0x0, 0x8f,
    0xf6, 0xa, 0xff, 0x60, 0x0, 0x0, 0x0, 0x0,
    0xef, 0xf2, 0x3, 0xff, 0xe1, 0x0, 0x0, 0x0,
    0x8, 0xff, 0xc0, 0x0, 0xaf, 0xfe, 0x30, 0x0,
    0x0, 0x9f, 0xff, 0x30, 0x0, 0xc, 0xff, 0xfc,
    0x98, 0xaf, 0xff, 0xf6, 0x0, 0x0, 0x0, 0x9f,
    0xff, 0xff, 0xff, 0xfe, 0x40, 0x0, 0x0, 0x0,
    0x2, 0x8d, 0xef, 0xeb, 0x60, 0x0, 0x0,

    /* U+022B "ȫ" */
    0x0, 0xc, 0xff, 0xff, 0xff, 0xe0, 0x0, 0x0,
    0x6, 0x88, 0x88, 0x88, 0x70, 0x0, 0x0, 0x0,
    0x0, 0x0, 0x0, 0x0, 0x0, 0x0, 0x1, 0xdd,
    0x10, 0xbe, 0x20, 0x0, 0x0, 0x3, 0xff, 0x31,
    0xff, 0x50, 0x0, 0x0, 0x0, 0x66, 0x0, 0x47,
    0x0, 0x0, 0x0, 0x0, 0x0, 0x0, 0x0, 0x0,
    0x0, 0x0, 0x1, 0x7c, 0xef, 0xd8, 0x20, 0x0,
    0x0, 0x3e, 0xff, 0xff, 0xff, 0xf5, 0x0, 0x1,
    0xef, 0xfb, 0x66, 0xaf, 0xff, 0x40, 0x9, 0xff,
    0x70, 0x0, 0x4, 0xff, 0xc0, 0xf, 0xfe, 0x0,
    0x0, 0x0, 0xbf, 0xf2, 0x1f, 0xfa, 0x0, 0x0,
    0x0, 0x7f, 0xf4, 0x1f, 0xfa, 0x0, 0x0, 0x0,
    0x7f, 0xf4, 0xf, 0xfe, 0x0, 0x0, 0x0, 0xbf,
    0xf2, 0x9, 0xff, 0x80, 0x0, 0x5, 0xff, 0xc0,
    0x1, 0xef, 0xfc, 0x76, 0xaf, 0xff, 0x30, 0x0,
    0x3e, 0xff, 0xff, 0xff, 0xf5, 0x0, 0x0, 0x1,
    0x7c, 0xef, 0xd8, 0x20, 0x0,

    /* U+022C "Ȭ" */
    0x0, 0x0, 0x4, 0x99, 0x99, 0x99, 0x90, 0x0,
    0x0, 0x0, 0x0, 0x8, 0xff, 0xff, 0xff, 0xf1,
    0x0, 0x0, 0x0, 0x0, 0x0, 0x0, 0x0, 0x0,
    0x20, 0x0, 0x0, 0x0, 0x0, 0x0, 0xaf, 0xd2,
    0x5, 0xf1, 0x0, 0x0, 0x0, 0x0, 0x4, 0xf8,
    0xbe, 0x4b, 0xe0, 0x0, 0x0, 0x0, 0x0, 0x8,
    0xf0, 0xa, 0xff, 0x50, 0x0, 0x0, 0x0, 0x0,
    0x3, 0x40, 0x0, 0x42, 0x0, 0x0, 0x0, 0x0,
    0x0, 0x2, 0x8d, 0xef, 0xeb, 0x60, 0x0, 0x0,
    0x0, 0x0, 0x9f, 0xff, 0xff, 0xff, 0xfe, 0x40,
    0x0, 0x0, 0xc, 0xff, 0xfd, 0x98, 0xaf, 0xff,
    0xf6, 0x0, 0x0, 0xaf, 0xfe, 0x40, 0x0, 0x0,
    0x9f, 0xff, 0x30, 0x3, 0xff, 0xe2, 0x0, 0x0,
    0x0, 0x8, 0xff, 0xc0, 0xa, 0xff, 0x60, 0x0,
    0x0, 0x0, 0x0, 0xef, 0xf2, 0xe, 0xff, 0x10,
    0x0, 0x0, 0x0, 0x0, 0x8f, 0xf6, 0xf, 0xfe,
    0x0, 0x0, 0x0, 0x0, 0x0, 0x5f, 0xf8, 0xf,
    0xfe, 0x0, 0x0, 0x0, 0x0, 0x0, 0x6f, 0xf8,
    0xe, 0xff, 0x10, 0x0, 0x0, 0x0, 0x0, 0x8f,
    0xf6, 0xa, 0xff, 0x60, 0x0, 0x0, 0x0, 0x0,
    0xef, 0xf2, 0x3, 0xff, 0xe1, 0x0, 0x0, 0x0,
    0x8, 0xff, 0xc0, 0x0, 0xaf, 0xfe, 0x30, 0x0,
    0x0, 0x9f, 0xff, 0x30, 0x0, 0xc, 0xff, 0xfc,
    0x98, 0xaf, 0xff, 0xf6, 0x0, 0x0, 0x0, 0x9f,
    0xff, 0xff, 0xff, 0xfe, 0x40, 0x0, 0x0, 0x0,
    0x2, 0x8d, 0xef, 0xeb, 0x60, 0x0, 0x0,

    /* U+022D "ȭ" */
    0x0, 0xc, 0xff, 0xff, 0xff, 0xe0, 0x0, 0x0,
    0x6, 0x88, 0x88, 0x88, 0x70, 0x0, 0x0, 0x0,
    0xaf, 0xa0, 0x8, 0xe0, 0x0, 0x0, 0x7, 0xf8,
    0xeb, 0x3d, 0xb0, 0x0, 0x0, 0xb, 0xc0, 0x2d,
    0xff, 0x30, 0x0, 0x0, 0x4, 0x30, 0x0, 0x41,
    0x0, 0x0, 0x0, 0x0, 0x0, 0x0, 0x0, 0x0,
    0x0, 0x0, 0x1, 0x7c, 0xef, 0xd8, 0x20, 0x0,
    0x0, 0x3e, 0xff, 0xff, 0xff, 0xf5, 0x0, 0x1,
    0xef, 0xfb, 0x66, 0xaf, 0xff, 0x40, 0x9, 0xff,
    0x70, 0x0, 0x4, 0xff, 0xc0, 0xf, 0xfe, 0x0,
    0x0, 0x0, 0xbf, 0xf2, 0x1f, 0xfa, 0x0, 0x0,
    0x0, 0x7f, 0xf4, 0x1f, 0xfa, 0x0, 0x0, 0x0,
    0x7f, 0xf4, 0xf, 0xfe, 0x0, 0x0, 0x0, 0xbf,
    0xf2, 0x9, 0xff, 0x80, 0x0, 0x5, 0xff, 0xc0,
    0x1, 0xef, 0xfc, 0x76, 0xaf, 0xff, 0x30, 0x0,
    0x3e, 0xff, 0xff, 0xff, 0xf5, 0x0, 0x0, 0x1,
    0x7c, 0xef, 0xd8, 0x20, 0x0,

    /* U+022E "Ȯ" */
    0x0, 0x0, 0x0, 0x0, 0x1, 0x0, 0x0, 0x0,
    0x0, 0x0, 0x0, 0x0, 0x1, 0xef, 0x70, 0x0,
    0x0, 0x0, 0x0, 0x0, 0x0, 0x4, 0xff, 0xc0,
    0x0, 0x0, 0x0, 0x0, 0x0, 0x0, 0x0, 0xcf,
    0x50, 0x0, 0x0, 0x0, 0x0, 0x0, 0x0, 0x0,
    0x0, 0x0, 0x0, 0x0, 0x0, 0x0, 0x0, 0x2,
    0x8d, 0xef, 0xeb, 0x60, 0x0, 0x0, 0x0, 0x0,
    0x9f, 0xff, 0xff, 0xff, 0xfe, 0x40, 0x0, 0x0,
    0xc, 0xff, 0xfd, 0x98, 0xaf, 0xff, 0xf6, 0x0,
    0x0, 0xaf, 0xfe, 0x40, 0x0, 0x0, 0x9f, 0xff,
    0x30, 0x3, 0xff, 0xe2, 0x0, 0x0, 0x0, 0x8,
    0xff, 0xc0, 0xa, 0xff, 0x60, 0x0, 0x0, 0x0,
    0x0, 0xef, 0xf2, 0xe, 0xff, 0x10, 0x0, 0x0,
    0x0, 0x0, 0x8f, 0xf6, 0xf, 0xfe, 0x0, 0x0,
    0x0, 0x0, 0x0, 0x5f, 0xf8, 0xf, 0xfe, 0x0,
    0x0, 0x0, 0x0, 0x0, 0x6f, 0xf8, 0xe, 0xff,
    0x10, 0x0, 0x0, 0x0, 0x0, 0x8f, 0xf6, 0xa,
    0xff, 0x60, 0x0, 0x0, 0x0, 0x0, 0xef, 0xf2,
    0x3, 0xff, 0xe1, 0x0, 0x0, 0x0, 0x8, 0xff,
    0xc0, 0x0, 0xaf, 0xfe, 0x30, 0x0, 0x0, 0x9f,
    0xff, 0x30, 0x0, 0xc, 0xff, 0xfc, 0x98, 0xaf,
    0xff, 0xf6, 0x0, 0x0, 0x0, 0x9f, 0xff, 0xff,
    0xff, 0xfe, 0x40, 0x0, 0x0, 0x0, 0x2, 0x8d,
    0xef, 0xeb, 0x60, 0x0, 0x0,

    /* U+022F "ȯ" */
    0x0, 0x0, 0x0, 0x56, 0x0, 0x0, 0x0, 0x0,
    0x0, 0x5, 0xff, 0x70, 0x0, 0x0, 0x0, 0x0,
    0x6, 0xff, 0x80, 0x0, 0x0, 0x0, 0x0, 0x0,
    0x88, 0x10, 0x0, 0x0, 0x0, 0x0, 0x0, 0x0,
    0x0, 0x0, 0x0, 0x0, 0x0, 0x0, 0x0, 0x0,
    0x0, 0x0, 0x0, 0x1, 0x7c, 0xef, 0xd8, 0x20,
    0x0, 0x0, 0x3e, 0xff, 0xff, 0xff, 0xf5, 0x0,
    0x1, 0xef, 0xfb, 0x66, 0xaf, 0xff, 0x40, 0x9,
    0xff, 0x70, 0x0, 0x4, 0xff, 0xc0, 0xf, 0xfe,
    0x0, 0x0, 0x0, 0xbf, 0xf2, 0x1f, 0xfa, 0x0,
    0x0, 0x0, 0x7f, 0xf4, 0x1f, 0xfa, 0x0, 0x0,
    0x0, 0x7f, 0xf4, 0xf, 0xfe, 0x0, 0x0, 0x0,
    0xbf, 0xf2, 0x9, 0xff, 0x80, 0x0, 0x5, 0xff,
    0xc0, 0x1, 0xef, 0xfc, 0x76, 0xaf, 0xff, 0x30,
    0x0, 0x3e, 0xff, 0xff, 0xff, 0xf5, 0x0, 0x0,
    0x1, 0x7c, 0xef, 0xd8, 0x20, 0x0,

    /* U+0230 "Ȱ" */
    0x0, 0x0, 0x4, 0x99, 0x99, 0x99, 0x90, 0x0,
    0x0, 0x0, 0x0, 0x8, 0xff, 0xff, 0xff, 0xf1,
    0x0, 0x0, 0x0, 0x0, 0x0, 0x0, 0x0, 0x0,
    0x0, 0x0, 0x0, 0x0, 0x0, 0x0, 0x0, 0xae,
    0x40, 0x0, 0x0, 0x0, 0x0, 0x0, 0x0, 0x0,
    0xff, 0x80, 0x0, 0x0, 0x0, 0x0, 0x0, 0x0,
    0x0, 0x59, 0x10, 0x0, 0x0, 0x0, 0x0, 0x0,
    0x0, 0x0, 0x0, 0x0, 0x0, 0x0, 0x0, 0x0,
    0x0, 0x2, 0x8d, 0xef, 0xeb, 0x60, 0x0, 0x0,
    0x0, 0x0, 0x9f, 0xff, 0xff, 0xff, 0xfe, 0x40,
    0x0, 0x0, 0xc, 0xff, 0xfd, 0x98, 0xaf, 0xff,
    0xf6, 0x0, 0x0, 0xaf, 0xfe, 0x40, 0x0, 0x0,
    0x9f, 0xff, 0x30, 0x3, 0xff, 0xe2, 0x0, 0x0,
    0x0, 0x8, 0xff, 0xc0, 0xa, 0xff, 0x60, 0x0,
    0x0, 0x0, 0x0, 0xef, 0xf2, 0xe, 0xff, 0x10,
    0x0, 0x0, 0x0, 0x0, 0x8f, 0xf6, 0xf, 0xfe,
    0x0, 0x0, 0x0, 0x0, 0x0, 0x5f, 0xf8, 0xf,
    0xfe, 0x0, 0x0, 0x0, 0x0, 0x0, 0x6f, 0xf8,
    0xe, 0xff, 0x10, 0x0, 0x0, 0x0, 0x0, 0x8f,
    0xf6, 0xa, 0xff, 0x60, 0x0, 0x0, 0x0, 0x0,
    0xef, 0xf2, 0x3, 0xff, 0xe1, 0x0, 0x0, 0x0,
    0x8, 0xff, 0xc0, 0x0, 0xaf, 0xfe, 0x30, 0x0,
    0x0, 0x9f, 0xff, 0x30, 0x0, 0xc, 0xff, 0xfc,
    0x98, 0xaf, 0xff, 0xf6, 0x0, 0x0, 0x0, 0x9f,
    0xff, 0xff, 0xff, 0xfe, 0x40, 0x0, 0x0, 0x0,
    0x2, 0x8d, 0xef, 0xeb, 0x60, 0x0, 0x0,

    /* U+0231 "ȱ" */
    0x0, 0xc, 0xff, 0xff, 0xff, 0xe0, 0x0, 0x0,
    0x6, 0x88, 0x88, 0x88, 0x70, 0x0, 0x0, 0x0,
    0x0, 0xdd, 0x10, 0x0, 0x0, 0x0, 0x0, 0x3,
    0xff, 0x50, 0x0, 0x0, 0x0, 0x0, 0x0, 0x78,
    0x0, 0x0, 0x0, 0x0, 0x0, 0x0, 0x0, 0x0,
    0x0, 0x0, 0x0, 0x0, 0x0, 0x0, 0x0, 0x0,
    0x0, 0x0, 0x1, 0x7c, 0xef, 0xd8, 0x20, 0x0,
    0x0, 0x3e, 0xff, 0xff, 0xff, 0xf5, 0x0, 0x1,
    0xef, 0xfb, 0x66, 0xaf, 0xff, 0x40, 0x9, 0xff,
    0x70, 0x0, 0x4, 0xff, 0xc0, 0xf, 0xfe, 0x0,
    0x0, 0x0, 0xbf, 0xf2, 0x1f, 0xfa, 0x0, 0x0,
    0x0, 0x7f, 0xf4, 0x1f, 0xfa, 0x0, 0x0, 0x0,
    0x7f, 0xf4, 0xf, 0xfe, 0x0, 0x0, 0x0, 0xbf,
    0xf2, 0x9, 0xff, 0x80, 0x0, 0x5, 0xff, 0xc0,
    0x1, 0xef, 0xfc, 0x76, 0xaf, 0xff, 0x30, 0x0,
    0x3e, 0xff, 0xff, 0xff, 0xf5, 0x0, 0x0, 0x1,
    0x7c, 0xef, 0xd8, 0x20, 0x0,

    /* U+0232 "Ȳ" */
    0x0, 0x0, 0x8f, 0xff, 0xff, 0xff, 0x10, 0x0,
    0x0, 0x0, 0x5a, 0xaa, 0xaa, 0xaa, 0x10, 0x0,
    0x0, 0x0, 0x0, 0x0, 0x0, 0x0, 0x0, 0x0,
    0xe, 0xff, 0x20, 0x0, 0x0, 0x0, 0x5f, 0xf7,
    0x5, 0xff, 0xb0, 0x0, 0x0, 0x0, 0xef, 0xd0,
    0x0, 0xbf, 0xf4, 0x0, 0x0, 0x8, 0xff, 0x40,
    0x0, 0x2f, 0xfd, 0x0, 0x0, 0x2f, 0xfb, 0x0,
    0x0, 0x9, 0xff, 0x70, 0x0, 0xbf, 0xf2, 0x0,
    0x0, 0x1, 0xef, 0xf1, 0x4, 0xff, 0x80, 0x0,
    0x0, 0x0, 0x6f, 0xfa, 0xd, 0xfe, 0x0, 0x0,
    0x0, 0x0, 0xd, 0xff, 0xaf, 0xf5, 0x0, 0x0,
    0x0, 0x0, 0x4, 0xff, 0xff, 0xc0, 0x0, 0x0,
    0x0, 0x0, 0x0, 0xbf, 0xff, 0x30, 0x0, 0x0,
    0x0, 0x0, 0x0, 0x4f, 0xff, 0x0, 0x0, 0x0,
    0x0, 0x0, 0x0, 0x2f, 0xfb, 0x0, 0x0, 0x0,
    0x0, 0x0, 0x0, 0x2f, 0xfb, 0x0, 0x0, 0x0,
    0x0, 0x0, 0x0, 0x2f, 0xfb, 0x0, 0x0, 0x0,
    0x0, 0x0, 0x0, 0x2f, 0xfb, 0x0, 0x0, 0x0,
    0x0, 0x0, 0x0, 0x2f, 0xfb, 0x0, 0x0, 0x0,

    /* U+0233 "ȳ" */
    0x0, 0xb, 0xff, 0xff, 0xff, 0xe0, 0x0, 0x0,
    0x7, 0xaa, 0xaa, 0xaa, 0x90, 0x0, 0x0, 0x0,
    0x0, 0x0, 0x0, 0x0, 0x0, 0x0, 0x0, 0x0,
    0x0, 0x0, 0x0, 0x0, 0xe, 0xfe, 0x0, 0x0,
    0x0, 0x1f, 0xf9, 0x7, 0xff, 0x60, 0x0, 0x0,
    0x7f, 0xf2, 0x0, 0xff, 0xd0, 0x0, 0x0, 0xef,
    0xb0, 0x0, 0x9f, 0xf4, 0x0, 0x5, 0xff, 0x40,
    0x0, 0x2f, 0xfb, 0x0, 0xc, 0xfd, 0x0, 0x0,
    0xb, 0xff, 0x20, 0x3f, 0xf6, 0x0, 0x0, 0x4,
    0xff, 0x80, 0xaf, 0xe0, 0x0, 0x0, 0x0, 0xcf,
    0xe2, 0xff, 0x80, 0x0, 0x0, 0x0, 0x5f, 0xff,
    0xff, 0x10, 0x0, 0x0, 0x0, 0xe, 0xff, 0xfa,
    0x0, 0x0, 0x0, 0x0, 0x7, 0xff, 0xf3, 0x0,
    0x0, 0x0, 0x0, 0x1, 0xff, 0xc0, 0x0, 0x0,
    0x0, 0x0, 0x6, 0xff, 0x50, 0x0, 0x0, 0x9,
    0xa5, 0x7f, 0xfd, 0x0, 0x0, 0x0, 0x2f, 0xff,
    0xff, 0xf3, 0x0, 0x0, 0x0, 0x7, 0xdf, 0xeb,
    0x20, 0x0, 0x0, 0x0,

    /* U+0237 "ȷ" */
    0x0, 0x0, 0x1f, 0xfb, 0x0, 0x0, 0x1f, 0xfb,
    0x0, 0x0, 0x1f, 0xfb, 0x0, 0x0, 0x1f, 0xfb,
    0x0, 0x0, 0x1f, 0xfb, 0x0, 0x0, 0x1f, 0xfb,
    0x0, 0x0, 0x1f, 0xfb, 0x0, 0x0, 0x1f, 0xfb,
    0x0, 0x0, 0x1f, 0xfb, 0x0, 0x0, 0x1f, 0xfb,
    0x0, 0x0, 0x1f, 0xfb, 0x0, 0x0, 0x1f, 0xfa,
    0x0, 0x0, 0x2f, 0xfa, 0x4, 0x75, 0xcf, 0xf6,
    0xb, 0xff, 0xff, 0xd0, 0x8, 0xef, 0xe9, 0x10,

    /* U+023A "Ⱥ" */
    0x0, 0x0, 0x0, 0x0, 0x0, 0x0, 0x1f, 0xf1,
    0x0, 0x0, 0x0, 0x0, 0x6, 0xff, 0xc0, 0x7f,
    0x90, 0x0, 0x0, 0x0, 0x0, 0xd, 0xff, 0xf3,
    0xdf, 0x20, 0x0, 0x0, 0x0, 0x0, 0x4f, 0xff,
    0xff, 0xfc, 0x0, 0x0, 0x0, 0x0, 0x0, 0xbf,
    0xd8, 0xff, 0xf5, 0x0, 0x0, 0x0, 0x0, 0x2,
    0xff, 0x72, 0xff, 0xf0, 0x0, 0x0, 0x0, 0x0,
    0x9, 0xff, 0x10, 0xff, 0xf0, 0x0, 0x0, 0x0,
    0x0, 0xf, 0xfa, 0x0, 0xff, 0xf5, 0x0, 0x0,
    0x0, 0x0, 0x6f, 0xf3, 0x7, 0xff, 0xfc, 0x0,
    0x0, 0x0, 0x0, 0xdf, 0xd0, 0xd, 0xfa, 0xff,
    0x30, 0x0, 0x0, 0x4, 0xff, 0x60, 0x4f, 0xc1,
    0xff, 0xa0, 0x0, 0x0, 0xb, 0xff, 0xff, 0xff,
    0xff, 0xff, 0xf1, 0x0, 0x0, 0x2f, 0xff, 0xff,
    0xff, 0xff, 0xff, 0xf8, 0x0, 0x0, 0x9f, 0xf3,
    0x1a, 0xf9, 0x11, 0x1e, 0xfe, 0x0, 0x1, 0xff,
    0xc0, 0xf, 0xf1, 0x0, 0x6, 0xff, 0x60, 0x7,
    0xff, 0x50, 0x6f, 0xa0, 0x0, 0x0, 0xff, 0xd0,
    0xe, 0xfe, 0x0, 0xdf, 0x30, 0x0, 0x0, 0x9f,
    0xf4, 0x0, 0x0, 0x4, 0xfc, 0x0, 0x0, 0x0,
    0x0, 0x0, 0x0, 0x0, 0x4, 0x83, 0x0, 0x0,
    0x0, 0x0, 0x0,

    /* U+023B "Ȼ" */
    0x0, 0x0, 0x0, 0x0, 0x0, 0x0, 0x78, 0x10,
    0x0, 0x0, 0x0, 0x0, 0x0, 0x4, 0xfd, 0x0,
    0x0, 0x0, 0x3, 0x9d, 0xef, 0xef, 0xf6, 0x0,
    0x0, 0x0, 0xaf, 0xff, 0xff, 0xff, 0xfe, 0x30,
    0x0, 0xd, 0xff, 0xfd, 0x98, 0xff, 0xff, 0xf1,
    0x0, 0xbf, 0xfe, 0x40, 0x1, 0xff, 0xaf, 0x60,
    0x4, 0xff, 0xe1, 0x0, 0x7, 0xfa, 0x2, 0x0,
    0xa, 0xff, 0x60, 0x0, 0xe, 0xf3, 0x0, 0x0,
    0xe, 0xff, 0x0, 0x0, 0x6f, 0xb0, 0x0, 0x0,
    0xf, 0xfe, 0x0, 0x0, 0xdf, 0x40, 0x0, 0x0,
    0xf, 0xfe, 0x0, 0x4, 0xfd, 0x0, 0x0, 0x0,
    0xe, 0xff, 0x0, 0xb, 0xf6, 0x0, 0x0, 0x0,
    0xa, 0xff, 0x60, 0x2f, 0xe0, 0x0, 0x0, 0x0,
    0x4, 0xff, 0xe1, 0x9f, 0x80, 0x0, 0x2, 0x0,
    0x0, 0xbf, 0xff, 0xff, 0x10, 0x0, 0x8f, 0x60,
    0x0, 0xd, 0xff, 0xff, 0x98, 0xae, 0xff, 0xf1,
    0x0, 0x0, 0xaf, 0xff, 0xff, 0xff, 0xfd, 0x30,
    0x0, 0x0, 0x6f, 0xfd, 0xff, 0xeb, 0x60, 0x0,
    0x0, 0x0, 0xdf, 0x50, 0x0, 0x0, 0x0, 0x0,
    0x0, 0x1, 0x87, 0x0, 0x0, 0x0, 0x0, 0x0,

    /* U+023C "ȼ" */
    0x0, 0x0, 0x0, 0x0, 0xe, 0xb0, 0x0, 0x0,
    0x0, 0x0, 0x5, 0xf4, 0x0, 0x0, 0x0, 0x7c,
    0xef, 0xff, 0x20, 0x0, 0x3, 0xef, 0xff, 0xff,
    0xff, 0x40, 0x1, 0xef, 0xfb, 0x6f, 0xff, 0xfe,
    0x0, 0x9f, 0xf8, 0x0, 0xea, 0x5b, 0x20, 0xf,
    0xfe, 0x0, 0x5f, 0x40, 0x0, 0x1, 0xff, 0xa0,
    0xc, 0xd0, 0x0, 0x0, 0x1f, 0xfa, 0x2, 0xf7,
    0x0, 0x0, 0x0, 0xff, 0xe0, 0x9f, 0x10, 0x0,
    0x0, 0x9, 0xff, 0x9e, 0xa0, 0x5, 0xb2, 0x0,
    0x1e, 0xff, 0xfb, 0x6a, 0xff, 0xe0, 0x0, 0x3d,
    0xff, 0xff, 0xff, 0xe4, 0x0, 0x0, 0x3f, 0xfe,
    0xfd, 0x81, 0x0, 0x0, 0x9, 0xf1, 0x0, 0x0,
    0x0, 0x0, 0x0, 0x76, 0x0, 0x0, 0x0, 0x0,

    /* U+023D "Ƚ" */
    0x0, 0xbf, 0xf2, 0x0, 0x0, 0x0, 0x0, 0x0,
    0xbf, 0xf2, 0x0, 0x0, 0x0, 0x0, 0x0, 0xbf,
    0xf2, 0x0, 0x0, 0x0, 0x0, 0x0, 0xbf, 0xf2,
    0x0, 0x0, 0x0, 0x0, 0x0, 0xbf, 0xf2, 0x0,
    0x0, 0x0, 0x0, 0x0, 0xbf, 0xf2, 0x0, 0x0,
    0x0, 0x0, 0x0, 0xbf, 0xf2, 0x0, 0x0, 0x0,
    0x0, 0xdf, 0xff, 0xff, 0xff, 0x50, 0x0, 0x0,
    0xdf, 0xff, 0xff, 0xff, 0x50, 0x0, 0x0, 0x12,
    0xdf, 0xf4, 0x22, 0x0, 0x0, 0x0, 0x0, 0xbf,
    0xf2, 0x0, 0x0, 0x0, 0x0, 0x0, 0xbf, 0xf2,
    0x0, 0x0, 0x0, 0x0, 0x0, 0xbf, 0xf2, 0x0,
    0x0, 0x0, 0x0, 0x0, 0xbf, 0xf8, 0x77, 0x77,
    0x77, 0x71, 0x0, 0xbf, 0xff, 0xff, 0xff, 0xff,
    0xf3, 0x0, 0xbf, 0xff, 0xff, 0xff, 0xff, 0xf3,

    /* U+023E "Ⱦ" */
    0x0, 0x0, 0x0, 0x0, 0x0, 0x9f, 0x60, 0xef,
    0xff, 0xff, 0xff, 0xff, 0xff, 0xf1, 0xef, 0xff,
    0xff, 0xff, 0xff, 0xff, 0xf1, 0x67, 0x77, 0x7e,
    0xff, 0x7f, 0xf8, 0x70, 0x0, 0x0, 0xc, 0xff,
    0x6f, 0xa0, 0x0, 0x0, 0x0, 0xc, 0xff, 0xdf,
    0x20, 0x0, 0x0, 0x0, 0xc, 0xff, 0xfb, 0x0,
    0x0, 0x0, 0x0, 0xc, 0xff, 0xf4, 0x0, 0x0,
    0x0, 0x0, 0xc, 0xff, 0xd0, 0x0, 0x0, 0x0,
    0x0, 0xc, 0xff, 0x50, 0x0, 0x0, 0x0, 0x0,
    0xe, 0xff, 0x0, 0x0, 0x0, 0x0, 0x0, 0xf,
    0xff, 0x0, 0x0, 0x0, 0x0, 0x0, 0x1f, 0xff,
    0x0, 0x0, 0x0, 0x0, 0x0, 0x7f, 0xff, 0x0,
    0x0, 0x0, 0x0, 0x0, 0xef, 0xff, 0x0, 0x0,
    0x0, 0x0, 0x6, 0xff, 0xff, 0x0, 0x0, 0x0,
    0x0, 0xd, 0xff, 0xff, 0x0, 0x0, 0x0, 0x0,
    0x4f, 0xc0, 0x0, 0x0, 0x0, 0x0, 0x0, 0x48,
    0x30, 0x0, 0x0, 0x0, 0x0,

    /* U+0241 "Ɂ" */
    0x0, 0x5, 0xad, 0xff, 0xda, 0x40, 0x0, 0x2,
    0xdf, 0xff, 0xff, 0xff, 0xfb, 0x10, 0x3f, 0xff,
    0xea, 0x87, 0xaf, 0xff, 0xb0, 0x4e, 0xfa, 0x0,
    0x0, 0x2, 0xef, 0xf4, 0x1, 0x70, 0x0, 0x0,
    0x0, 0x6f, 0xf7, 0x0, 0x0, 0x0, 0x0, 0x0,
    0x6f, 0xf8, 0x0, 0x0, 0x0, 0x0, 0x0, 0xcf,
    0xf4, 0x0, 0x0, 0x0, 0x0, 0x3d, 0xff, 0xb0,
    0x0, 0x0, 0x0, 0x8, 0xff, 0xfb, 0x10, 0x0,
    0x0, 0x0, 0xaf, 0xff, 0x70, 0x0, 0x0, 0x0,
    0x5, 0xff, 0xf3, 0x0, 0x0, 0x0, 0x0, 0xa,
    0xff, 0x50, 0x0, 0x0, 0x0, 0x0, 0xb, 0xff,
    0x20, 0x0, 0x0, 0x0, 0x0, 0xb, 0xff, 0x20,
    0x0, 0x0, 0x0, 0x0, 0xb, 0xff, 0x20, 0x0,
    0x0, 0x0, 0x0, 0xb, 0xff, 0x20, 0x0, 0x0,

    /* U+0242 "ɂ" */
    0x0, 0x6, 0xbe, 0xfe, 0xb5, 0x0, 0x3, 0xef,
    0xff, 0xff, 0xff, 0xb0, 0x2f, 0xff, 0xc8, 0x7a,
    0xff, 0xf7, 0x5, 0xe6, 0x0, 0x0, 0x5f, 0xfd,
    0x0, 0x0, 0x0, 0x0, 0xf, 0xfe, 0x0, 0x0,
    0x0, 0x0, 0x3f, 0xfb, 0x0, 0x0, 0x0, 0x2,
    0xef, 0xf3, 0x0, 0x0, 0x0, 0x2e, 0xff, 0x60,
    0x0, 0x0, 0x0, 0xdf, 0xf6, 0x0, 0x0, 0x0,
    0x4, 0xff, 0xa0, 0x0, 0x0, 0x0, 0x8, 0xff,
    0x40, 0x0, 0x0, 0x0, 0x9, 0xff, 0x20, 0x0,

    /* U+0243 "Ƀ" */
    0x0, 0x7f, 0xff, 0xff, 0xff, 0xfd, 0x92, 0x0,
    0x0, 0x7, 0xff, 0xff, 0xff, 0xff, 0xff, 0xf6,
    0x0, 0x0, 0x7f, 0xf8, 0x44, 0x44, 0x6c, 0xff,
    0xf1, 0x0, 0x7, 0xff, 0x50, 0x0, 0x0, 0xc,
    0xff, 0x50, 0x0, 0x7f, 0xf5, 0x0, 0x0, 0x0,
    0x8f, 0xf5, 0x0, 0x7, 0xff, 0x50, 0x0, 0x0,
    0xa, 0xff, 0x10, 0x0, 0x7f, 0xf5, 0x0, 0x0,
    0x28, 0xff, 0x70, 0x0, 0x7, 0xff, 0xff, 0xff,
    0xff, 0xff, 0xd1, 0x0, 0x0, 0x7f, 0xff, 0xff,
    0xff, 0xff, 0xff, 0xe2, 0x0, 0x7, 0xff, 0x72,
    0x22, 0x23, 0x6d, 0xff, 0xb0, 0x9f, 0xff, 0xff,
    0xff, 0x70, 0x0, 0x1e, 0xff, 0x9, 0xff, 0xff,
    0xff, 0xf7, 0x0, 0x0, 0xcf, 0xf2, 0x0, 0x7f,
    0xf5, 0x0, 0x0, 0x0, 0x1e, 0xff, 0x0, 0x7,
    0xff, 0x84, 0x44, 0x45, 0x7d, 0xff, 0xa0, 0x0,
    0x7f, 0xff, 0xff, 0xff, 0xff, 0xff, 0xd1, 0x0,
    0x7, 0xff, 0xff, 0xff, 0xff, 0xeb, 0x60, 0x0,

    /* U+0244 "Ʉ" */
    0x0, 0x1f, 0xfc, 0x0, 0x0, 0x0, 0x6, 0xff,
    0x60, 0x0, 0x1, 0xff, 0xc0, 0x0, 0x0, 0x0,
    0x6f, 0xf6, 0x0, 0x0, 0x1f, 0xfc, 0x0, 0x0,
    0x0, 0x6, 0xff, 0x60, 0x0, 0x1, 0xff, 0xc0,
    0x0, 0x0, 0x0, 0x6f, 0xf6, 0x0, 0x0, 0x1f,
    0xfc, 0x0, 0x0, 0x0, 0x6, 0xff, 0x60, 0x0,
    0x1, 0xff, 0xc0, 0x0, 0x0, 0x0, 0x6f, 0xf6,
    0x0, 0x2, 0x3f, 0xfe, 0x22, 0x22, 0x22, 0x28,
    0xff, 0x82, 0x12, 0xff, 0xff, 0xff, 0xff, 0xff,
    0xff, 0xff, 0xff, 0xf8, 0x2f, 0xff, 0xff, 0xff,
    0xff, 0xff, 0xff, 0xff, 0xff, 0x80, 0x0, 0xff,
    0xd0, 0x0, 0x0, 0x0, 0x6f, 0xf5, 0x0, 0x0,
    0xf, 0xff, 0x0, 0x0, 0x0, 0x9, 0xff, 0x40,
    0x0, 0x0, 0xbf, 0xf4, 0x0, 0x0, 0x0, 0xdf,
    0xf1, 0x0, 0x0, 0x5, 0xff, 0xd2, 0x0, 0x0,
    0x9f, 0xfb, 0x0, 0x0, 0x0, 0xc, 0xff, 0xfa,
    0x89, 0xef, 0xff, 0x20, 0x0, 0x0, 0x0, 0x1c,
    0xff, 0xff, 0xff, 0xff, 0x40, 0x0, 0x0, 0x0,
    0x0, 0x5, 0xbe, 0xff, 0xc8, 0x10, 0x0, 0x0,

    /* U+0245 "Ʌ" */
    0x0, 0x0, 0x0, 0x9, 0xff, 0xa0, 0x0, 0x0,
    0x0, 0x0, 0x0, 0x0, 0x1f, 0xff, 0xf1, 0x0,
    0x0, 0x0, 0x0, 0x0, 0x0, 0x7f, 0xff, 0xf7,
    0x0, 0x0, 0x0, 0x0, 0x0, 0x0, 0xdf, 0xff,
    0xfe, 0x0, 0x0, 0x0, 0x0, 0x0, 0x4, 0xff,
    0x9b, 0xff, 0x40, 0x0, 0x0, 0x0, 0x0, 0xb,
    0xff, 0x24, 0xff, 0xb0, 0x0, 0x0, 0x0, 0x0,
    0x2f, 0xfb, 0x0, 0xef, 0xf2, 0x0, 0x0, 0x0,
    0x0, 0x8f, 0xf5, 0x0, 0x7f, 0xf9, 0x0, 0x0,
    0x0, 0x0, 0xef, 0xe0, 0x0, 0x1f, 0xff, 0x0,
    0x0, 0x0, 0x6, 0xff, 0x70, 0x0, 0xa, 0xff,
    0x60, 0x0, 0x0, 0xc, 0xff, 0x10, 0x0, 0x3,
    0xff, 0xd0, 0x0, 0x0, 0x3f, 0xfa, 0x0, 0x0,
    0x0, 0xdf, 0xf3, 0x0, 0x0, 0xaf, 0xf3, 0x0,
    0x0, 0x0, 0x6f, 0xfa, 0x0, 0x1, 0xff, 0xc0,
    0x0, 0x0, 0x0, 0xf, 0xff, 0x10, 0x7, 0xff,
    0x50, 0x0, 0x0, 0x0, 0x9, 0xff, 0x80, 0xe,
    0xfe, 0x0, 0x0, 0x0, 0x0, 0x2, 0xff, 0xe0,

    /* U+0246 "Ɇ" */
    0x0, 0x0, 0x0, 0x0, 0xc, 0xf4, 0xff, 0xff,
    0xff, 0xff, 0xff, 0xf5, 0xff, 0xff, 0xff, 0xff,
    0xff, 0xf5, 0xff, 0xf6, 0x66, 0x68, 0xff, 0x72,
    0xff, 0xe0, 0x0, 0x9, 0xf7, 0x0, 0xff, 0xe0,
    0x0, 0xf, 0xf1, 0x0, 0xff, 0xe0, 0x0, 0x7f,
    0x90, 0x0, 0xff, 0xe0, 0x0, 0xef, 0x20, 0x0,
    0xff, 0xff, 0xff, 0xff, 0xff, 0x50, 0xff, 0xff,
    0xff, 0xff, 0xff, 0x50, 0xff, 0xf6, 0xaf, 0xf6,
    0x66, 0x20, 0xff, 0xe0, 0xbf, 0x50, 0x0, 0x0,
    0xff, 0xe2, 0xfd, 0x0, 0x0, 0x0, 0xff, 0xe9,
    0xf6, 0x0, 0x0, 0x0, 0xff, 0xff, 0xf7, 0x66,
    0x66, 0x64, 0xff, 0xff, 0xff, 0xff, 0xff, 0xfa,
    0xff, 0xff, 0xff, 0xff, 0xff, 0xfa, 0x6, 0xfa,
    0x0, 0x0, 0x0, 0x0, 0x6, 0x82, 0x0, 0x0,
    0x0, 0x0,

    /* U+0247 "ɇ" */
    0x0, 0x0, 0x0, 0x0, 0xf, 0xa0, 0x0, 0x0,
    0x0, 0x0, 0x6, 0xf3, 0x0, 0x0, 0x1, 0x8d,
    0xfe, 0xff, 0x0, 0x0, 0x4, 0xef, 0xff, 0xff,
    0xfd, 0x10, 0x2, 0xff, 0xf8, 0x4e, 0xff, 0xfc,
    0x0, 0xaf, 0xf3, 0x0, 0xf9, 0x6f, 0xf5, 0xf,
    0xfb, 0x0, 0x6f, 0x30, 0xef, 0xa1, 0xff, 0xff,
    0xff, 0xff, 0xff, 0xfc, 0x1f, 0xff, 0xdf, 0xff,
    0xdd, 0xdd, 0xb0, 0xff, 0xc0, 0xaf, 0x0, 0x0,
    0x0, 0x9, 0xff, 0x8f, 0x90, 0x0, 0x60, 0x0,
    0x1e, 0xff, 0xfa, 0x67, 0xdf, 0x90, 0x0, 0x3e,
    0xff, 0xff, 0xff, 0xf9, 0x0, 0x0, 0x4f, 0xfe,
    0xfe, 0xa4, 0x0, 0x0, 0xa, 0xf0, 0x0, 0x0,
    0x0, 0x0, 0x0, 0x75, 0x0, 0x0, 0x0, 0x0,

    /* U+0248 "Ɉ" */
    0x0, 0xbf, 0xff, 0xff, 0xff, 0xa0, 0x0, 0xb,
    0xff, 0xff, 0xff, 0xfa, 0x0, 0x0, 0x46, 0x66,
    0x68, 0xff, 0xa0, 0x0, 0x0, 0x0, 0x0, 0x3f,
    0xfa, 0x0, 0x0, 0x0, 0x0, 0x3, 0xff, 0xa0,
    0x0, 0x0, 0x0, 0x0, 0x3f, 0xfa, 0x0, 0x0,
    0x0, 0x2, 0x25, 0xff, 0xc2, 0x10, 0x0, 0x6,
    0xff, 0xff, 0xff, 0xfc, 0x0, 0x0, 0x6f, 0xff,
    0xff, 0xff, 0xc0, 0x0, 0x0, 0x0, 0x3f, 0xfa,
    0x0, 0x0, 0x0, 0x0, 0x3, 0xff, 0xa0, 0x0,
    0x0, 0x0, 0x0, 0x4f, 0xf9, 0x0, 0x3, 0xd1,
    0x0, 0xa, 0xff, 0x60, 0x1, 0xef, 0xe9, 0x7b,
    0xff, 0xf1, 0x0, 0x9, 0xff, 0xff, 0xff, 0xf6,
    0x0, 0x0, 0x4, 0xae, 0xfe, 0xb4, 0x0, 0x0,

    /* U+0249 "ɉ" */
    0x0, 0x0, 0x17, 0x50, 0x0, 0x0, 0x0, 0xcf,
    0xf6, 0x0, 0x0, 0x0, 0xef, 0xf7, 0x0, 0x0,
    0x0, 0x4c, 0xa0, 0x0, 0x0, 0x0, 0x0, 0x0,
    0x0, 0x0, 0x0, 0x0, 0x0, 0x0, 0x0, 0x0,
    0x9f, 0xf2, 0x0, 0x0, 0x0, 0x9f, 0xf2, 0x0,
    0x0, 0x0, 0x9f, 0xf2, 0x0, 0x0, 0x0, 0x9f,
    0xf2, 0x0, 0x0, 0xac, 0xff, 0xff, 0xc2, 0x0,
    0xcf, 0xff, 0xff, 0xf2, 0x0, 0x0, 0x9f, 0xf2,
    0x0, 0x0, 0x0, 0x9f, 0xf2, 0x0, 0x0, 0x0,
    0x9f, 0xf2, 0x0, 0x0, 0x0, 0x9f, 0xf2, 0x0,
    0x0, 0x0, 0x9f, 0xf2, 0x0, 0x0, 0x0, 0x9f,
    0xf2, 0x0, 0x0, 0x0, 0xaf, 0xf1, 0x0, 0x8,
    0x57, 0xff, 0xe0, 0x0, 0x3f, 0xff, 0xff, 0x60,
    0x0, 0x3c, 0xff, 0xc5, 0x0, 0x0,

    /* U+024A "Ɋ" */
    0x0, 0x0, 0x3, 0x9d, 0xff, 0xd8, 0x20, 0x6f,
    0xf6, 0x0, 0x0, 0x0, 0x1a, 0xff, 0xff, 0xff,
    0xff, 0x86, 0xff, 0x60, 0x0, 0x0, 0x1d, 0xff,
    0xfd, 0x98, 0xaf, 0xff, 0xff, 0xf6, 0x0, 0x0,
    0xb, 0xff, 0xe4, 0x0, 0x0, 0x9, 0xff, 0xff,
    0x60, 0x0, 0x4, 0xff, 0xe1, 0x0, 0x0, 0x0,
    0x8, 0xff, 0xf6, 0x0, 0x0, 0xaf, 0xf6, 0x0,
    0x0, 0x0, 0x0, 0xf, 0xff, 0x60, 0x0, 0xe,
    0xff, 0x0, 0x0, 0x0, 0x0, 0x0, 0xbf, 0xf6,
    0x0, 0x0, 0xff, 0xe0, 0x0, 0x0, 0x0, 0x0,
    0x7, 0xff, 0x60, 0x0, 0xf, 0xfe, 0x0, 0x0,
    0x0, 0x0, 0x0, 0x7f, 0xf6, 0x0, 0x0, 0xef,
    0xf0, 0x0, 0x0, 0x0, 0x0, 0xb, 0xff, 0x60,
    0x0, 0xa, 0xff, 0x60, 0x0, 0x0, 0x0, 0x0,
    0xff, 0xf6, 0x0, 0x0, 0x4f, 0xfe, 0x10, 0x0,
    0x0, 0x0, 0x8f, 0xff, 0x60, 0x0, 0x0, 0xbf,
    0xfe, 0x30, 0x0, 0x0, 0x9f, 0xff, 0xf6, 0x0,
    0x0, 0x1, 0xdf, 0xff, 0xc9, 0x8a, 0xef, 0xff,
    0xff, 0x60, 0x0, 0x0, 0x1, 0xbf, 0xff, 0xff,
    0xff, 0xf8, 0x7f, 0xf6, 0x0, 0x0, 0x0, 0x0,
    0x39, 0xdf, 0xfd, 0x92, 0x7, 0xff, 0x60, 0x0,
    0x0, 0x0, 0x0, 0x0, 0x0, 0x0, 0x0, 0x6f,
    0xf7, 0x0, 0x0, 0x0, 0x0, 0x0, 0x0, 0x0,
    0x0, 0x3, 0xff, 0xe5, 0x40, 0x0, 0x0, 0x0,
    0x0, 0x0, 0x0, 0x0, 0xb, 0xff, 0xff, 0x10,
    0x0, 0x0, 0x0, 0x0, 0x0, 0x0, 0x0, 0x8,
    0xef, 0xe3,

    /* U+024B "ɋ" */
    0x0, 0x2, 0x8d, 0xfe, 0xb4, 0x5f, 0xf4, 0x0,
    0x0, 0x4, 0xff, 0xff, 0xff, 0xfc, 0xff, 0x40,
    0x0, 0x2, 0xff, 0xfb, 0x66, 0xaf, 0xff, 0xf4,
    0x0, 0x0, 0xaf, 0xf7, 0x0, 0x0, 0x5f, 0xff,
    0x40, 0x0, 0xf, 0xfe, 0x0, 0x0, 0x0, 0xff,
    0xf4, 0x0, 0x1, 0xff, 0xa0, 0x0, 0x0, 0xb,
    0xff, 0x40, 0x0, 0x1f, 0xfa, 0x0, 0x0, 0x0,
    0xcf, 0xf4, 0x0, 0x0, 0xff, 0xe0, 0x0, 0x0,
    0xf, 0xff, 0x40, 0x0, 0xa, 0xff, 0x80, 0x0,
    0x5, 0xff, 0xf4, 0x0, 0x0, 0x2f, 0xff, 0xc7,
    0x6a, 0xff, 0xff, 0x40, 0x0, 0x0, 0x4f, 0xff,
    0xff, 0xff, 0xdf, 0xf4, 0x0, 0x0, 0x0, 0x28,
    0xdf, 0xeb, 0x37, 0xff, 0x40, 0x0, 0x0, 0x0,
    0x0, 0x0, 0x0, 0x7f, 0xf5, 0x0, 0x0, 0x0,
    0x0, 0x0, 0x0, 0x4, 0xff, 0xb1, 0x10, 0x0,
    0x0, 0x0, 0x0, 0x0, 0xb, 0xff, 0xfd, 0x0,
    0x0, 0x0, 0x0, 0x0, 0x0, 0x8, 0xdf, 0xe1,

    /* U+024C "Ɍ" */
    0x0, 0xf, 0xff, 0xff, 0xff, 0xec, 0x71, 0x0,
    0x0, 0x0, 0xff, 0xff, 0xff, 0xff, 0xff, 0xe3,
    0x0, 0x0, 0xf, 0xff, 0x77, 0x77, 0x9e, 0xff,
    0xe1, 0x0, 0x0, 0xff, 0xe0, 0x0, 0x0, 0xb,
    0xff, 0x80, 0x0, 0xf, 0xfe, 0x0, 0x0, 0x0,
    0x2f, 0xfd, 0x0, 0x0, 0xff, 0xe0, 0x0, 0x0,
    0x0, 0xff, 0xe0, 0x0, 0xf, 0xfe, 0x0, 0x0,
    0x0, 0x1f, 0xfd, 0x0, 0x0, 0xff, 0xe0, 0x0,
    0x0, 0x7, 0xff, 0xa0, 0x0, 0xf, 0xfe, 0x0,
    0x0, 0x28, 0xff, 0xf4, 0x0, 0xff, 0xff, 0xff,
    0xff, 0xff, 0xff, 0xf8, 0x0, 0xf, 0xff, 0xff,
    0xff, 0xff, 0xff, 0xf5, 0x0, 0x0, 0x22, 0xff,
    0xf8, 0x86, 0x6f, 0xff, 0x20, 0x0, 0x0, 0xf,
    0xfe, 0x0, 0x0, 0x3f, 0xfc, 0x0, 0x0, 0x0,
    0xff, 0xe0, 0x0, 0x0, 0x8f, 0xf8, 0x0, 0x0,
    0xf, 0xfe, 0x0, 0x0, 0x0, 0xdf, 0xf3, 0x0,
    0x0, 0xff, 0xe0, 0x0, 0x0, 0x3, 0xff, 0xd0,

    /* U+024D "ɍ" */
    0x0, 0xaf, 0xf0, 0x7c, 0xf1, 0x0, 0xaf, 0xfc,
    0xff, 0xf2, 0x0, 0xaf, 0xff, 0xf9, 0x71, 0x0,
    0xaf, 0xfe, 0x10, 0x0, 0x0, 0xaf, 0xf6, 0x0,
    0x0, 0x8c, 0xff, 0xff, 0xc3, 0x0, 0xaf, 0xff,
    0xff, 0xf4, 0x0, 0x0, 0xaf, 0xf1, 0x0, 0x0,
    0x0, 0xaf, 0xf1, 0x0, 0x0, 0x0, 0xaf, 0xf1,
    0x0, 0x0, 0x0, 0xaf, 0xf1, 0x0, 0x0, 0x0,
    0xaf, 0xf1, 0x0, 0x0,

    /* U+024E "Ɏ" */
    0xe, 0xff, 0x10, 0x0, 0x0, 0x0, 0x4f, 0xf7,
    0x6, 0xff, 0x90, 0x0, 0x0, 0x0, 0xdf, 0xd0,
    0x2, 0xff, 0xf4, 0x22, 0x22, 0x28, 0xff, 0x71,
    0x3f, 0xff, 0xff, 0xff, 0xff, 0xff, 0xff, 0xfb,
    0x3f, 0xff, 0xff, 0xff, 0xff, 0xff, 0xff, 0xfb,
    0x0, 0x2, 0xff, 0xc0, 0x1, 0xef, 0xb0, 0x0,
    0x0, 0x0, 0x9f, 0xf4, 0x8, 0xff, 0x20, 0x0,
    0x0, 0x0, 0x1f, 0xfd, 0x1f, 0xf9, 0x0, 0x0,
    0x0, 0x0, 0x8, 0xff, 0xff, 0xf1, 0x0, 0x0,
    0x0, 0x0, 0x0, 0xef, 0xff, 0x70, 0x0, 0x0,
    0x0, 0x0, 0x0, 0x7f, 0xff, 0x0, 0x0, 0x0,
    0x0, 0x0, 0x0, 0x2f, 0xfd, 0x0, 0x0, 0x0,
    0x0, 0x0, 0x0, 0x2f, 0xfb, 0x0, 0x0, 0x0,
    0x0, 0x0, 0x0, 0x2f, 0xfb, 0x0, 0x0, 0x0,
    0x0, 0x0, 0x0, 0x2f, 0xfb, 0x0, 0x0, 0x0,
    0x0, 0x0, 0x0, 0x2f, 0xfb, 0x0, 0x0, 0x0,

    /* U+024F "ɏ" */
    0xc, 0xff, 0x0, 0x0, 0x0, 0xe, 0xfa, 0x5,
    0xff, 0x60, 0x0, 0x0, 0x5f, 0xf3, 0x0, 0xdf,
    0xd0, 0x0, 0x0, 0xbf, 0xc0, 0x0, 0x7f, 0xf4,
    0x0, 0x2, 0xff, 0x50, 0x7, 0xdf, 0xff, 0xcc,
    0xcf, 0xff, 0xd7, 0xa, 0xff, 0xff, 0xff, 0xff,
    0xff, 0xf9, 0x0, 0x1, 0xff, 0x80, 0x6f, 0xf1,
    0x0, 0x0, 0x0, 0xaf, 0xe0, 0xdf, 0x90, 0x0,
    0x0, 0x0, 0x3f, 0xf9, 0xff, 0x20, 0x0, 0x0,
    0x0, 0xc, 0xff, 0xfb, 0x0, 0x0, 0x0, 0x0,
    0x5, 0xff, 0xf4, 0x0, 0x0, 0x0, 0x0, 0x0,
    0xff, 0xd0, 0x0, 0x0, 0x0, 0x0, 0x5, 0xff,
    0x60, 0x0, 0x0, 0x8, 0xb6, 0x7f, 0xfe, 0x0,
    0x0, 0x0, 0x1f, 0xff, 0xff, 0xf4, 0x0, 0x0,
    0x0, 0x6, 0xcf, 0xfb, 0x30, 0x0, 0x0, 0x0,

    /* U+0394 "Δ" */
    0x0, 0x0, 0x0, 0x6, 0xff, 0xd0, 0x0, 0x0,
    0x0, 0x0, 0x0, 0x0, 0xd, 0xff, 0xf4, 0x0,
    0x0, 0x0, 0x0, 0x0, 0x0, 0x4f, 0xff, 0xfb,
    0x0, 0x0, 0x0, 0x0, 0x0, 0x0, 0xbf, 0xe9,
    0xff, 0x20, 0x0, 0x0, 0x0, 0x0, 0x2, 0xff,
    0x82, 0xff, 0x90, 0x0, 0x0, 0x0, 0x0, 0x9,
    0xff, 0x20, 0xbf, 0xf1, 0x0, 0x0, 0x0, 0x0,
    0xf, 0xfb, 0x0, 0x5f, 0xf7, 0x0, 0x0, 0x0,
    0x0, 0x6f, 0xf4, 0x0, 0xe, 0xfe, 0x0, 0x0,
    0x0, 0x0, 0xdf, 0xe0, 0x0, 0x7, 0xff, 0x50,
    0x0, 0x0, 0x4, 0xff, 0x70, 0x0, 0x1, 0xff,
    0xc0, 0x0, 0x0, 0xb, 0xff, 0x10, 0x0, 0x0,
    0xaf, 0xf3, 0x0, 0x0, 0x2f, 0xfa, 0x0, 0x0,
    0x0, 0x4f, 0xfa, 0x0, 0x0, 0x9f, 0xf3, 0x0,
    0x0, 0x0, 0xd, 0xff, 0x10, 0x1, 0xff, 0xf7,
    0x77, 0x77, 0x77, 0x7e, 0xff, 0x80, 0x7, 0xff,
    0xff, 0xff, 0xff, 0xff, 0xff, 0xff, 0xe0, 0xe,
    0xff, 0xff, 0xff, 0xff, 0xff, 0xff, 0xff, 0xf6,

    /* U+039B "Λ" */
    0x0, 0x0, 0x0, 0x9, 0xff, 0xa0, 0x0, 0x0,
    0x0, 0x0, 0x0, 0x0, 0x1f, 0xff, 0xf1, 0x0,
    0x0, 0x0, 0x0, 0x0, 0x0, 0x7f, 0xff, 0xf7,
    0x0, 0x0, 0x0, 0x0, 0x0, 0x0, 0xdf, 0xff,
    0xfe, 0x0, 0x0, 0x0, 0x0, 0x0, 0x4, 0xff,
    0x9b, 0xff, 0x40, 0x0, 0x0, 0x0, 0x0, 0xb,
    0xff, 0x25, 0xff, 0xb0, 0x0, 0x0, 0x0, 0x0,
    0x2f, 0xfb, 0x0, 0xef, 0xf2, 0x0, 0x0, 0x0,
    0x0, 0x8f, 0xf5, 0x0, 0x7f, 0xf9, 0x0, 0x0,
    0x0, 0x0, 0xef, 0xe0, 0x0, 0x1f, 0xff, 0x0,
    0x0, 0x0, 0x6, 0xff, 0x70, 0x0, 0xa, 0xff,
    0x60, 0x0, 0x0, 0xc, 0xff, 0x10, 0x0, 0x3,
    0xff, 0xd0, 0x0, 0x0, 0x3f, 0xfa, 0x0, 0x0,
    0x0, 0xdf, 0xf3, 0x0, 0x0, 0xaf, 0xf3, 0x0,
    0x0, 0x0, 0x6f, 0xfa, 0x0, 0x1, 0xff, 0xc0,
    0x0, 0x0, 0x0, 0xf, 0xff, 0x10, 0x7, 0xff,
    0x50, 0x0, 0x0, 0x0, 0x9, 0xff, 0x80, 0xe,
    0xfe, 0x0, 0x0, 0x0, 0x0, 0x2, 0xff, 0xe0,

    /* U+03A7 "Χ" */
    0x6, 0xdf, 0xd5, 0x0, 0x0, 0x0, 0xe, 0xff,
    0x10, 0x8, 0xff, 0xff, 0xf5, 0x0, 0x0, 0x8,
    0xff, 0x70, 0x0, 0xc, 0x96, 0xff, 0xe0, 0x0,
    0x2, 0xff, 0xd0, 0x0, 0x0, 0x0, 0x6, 0xff,
    0x70, 0x0, 0xaf, 0xf4, 0x0, 0x0, 0x0, 0x0,
    0xe, 0xfe, 0x0, 0x3f, 0xfb, 0x0, 0x0, 0x0,
    0x0, 0x0, 0x6f, 0xf6, 0xc, 0xff, 0x20, 0x0,
    0x0, 0x0, 0x0, 0x0, 0xef, 0xe5, 0xff, 0x80,
    0x0, 0x0, 0x0, 0x0, 0x0, 0x6, 0xff, 0xff,
    0xe0, 0x0, 0x0, 0x0, 0x0, 0x0, 0x0, 0xe,
    0xff, 0xf5, 0x0, 0x0, 0x0, 0x0, 0x0, 0x0,
    0x0, 0xcf, 0xff, 0x0, 0x0, 0x0, 0x0, 0x0,
    0x0, 0x0, 0xe, 0xff, 0xf1, 0x0, 0x0, 0x0,
    0x0, 0x0, 0x0, 0x7, 0xff, 0xff, 0x90, 0x0,
    0x0, 0x0, 0x0, 0x0, 0x1, 0xff, 0xcb, 0xff,
    0x10, 0x0, 0x0, 0x0, 0x0, 0x0, 0x9f, 0xf4,
    0x3f, 0xf9, 0x0, 0x0, 0x0, 0x0, 0x0, 0x2f,
    0xfb, 0x0, 0xbf, 0xf2, 0x0, 0x0, 0x0, 0x0,
    0xb, 0xff, 0x30, 0x3, 0xff, 0x90, 0x0, 0x0,
    0x0, 0x4, 0xff, 0xa0, 0x0, 0xc, 0xff, 0x20,
    0x0, 0x0, 0x0, 0xdf, 0xf2, 0x0, 0x0, 0x4f,
    0xfc, 0x5c, 0x90, 0x0, 0x6f, 0xf9, 0x0, 0x0,
    0x0, 0xaf, 0xff, 0xff, 0x40, 0xe, 0xff, 0x10,
    0x0, 0x0, 0x0, 0x8e, 0xfc, 0x40,

    /* U+03A9 "Ω" */
    0x0, 0x0, 0x3, 0x9d, 0xff, 0xea, 0x60, 0x0,
    0x0, 0x0, 0x0, 0x1b, 0xff, 0xff, 0xff, 0xff,
    0xe4, 0x0, 0x0, 0x0, 0x1e, 0xff, 0xfc, 0x99,
    0xbf, 0xff, 0xf5, 0x0, 0x0, 0xc, 0xff, 0xd3,
    0x0, 0x0, 0x19, 0xff, 0xf2, 0x0, 0x5, 0xff,
    0xd1, 0x0, 0x0, 0x0, 0x9, 0xff, 0xb0, 0x0,
    0xbf, 0xf4, 0x0, 0x0, 0x0, 0x0, 0xe, 0xff,
    0x10, 0xf, 0xff, 0x0, 0x0, 0x0, 0x0, 0x0,
    0xaf, 0xf4, 0x0, 0xff, 0xd0, 0x0, 0x0, 0x0,
    0x0, 0x7, 0xff, 0x60, 0xf, 0xfd, 0x0, 0x0,
    0x0, 0x0, 0x0, 0x8f, 0xf5, 0x0, 0xef, 0xf0,
    0x0, 0x0, 0x0, 0x0, 0xa, 0xff, 0x30, 0x9,
    0xff, 0x50, 0x0, 0x0, 0x0, 0x0, 0xff, 0xe0,
    0x0, 0x3f, 0xfd, 0x0, 0x0, 0x0, 0x0, 0x8f,
    0xf8, 0x0, 0x0, 0x8f, 0xfb, 0x0, 0x0, 0x0,
    0x6f, 0xfd, 0x0, 0x5, 0x77, 0xef, 0xfd, 0x20,
    0x0, 0xaf, 0xff, 0x97, 0x71, 0xcf, 0xff, 0xff,
    0xf6, 0x0, 0xf, 0xff, 0xff, 0xff, 0x2c, 0xff,
    0xff, 0xff, 0x60, 0x0, 0xff, 0xff, 0xff, 0xf2,

    /* U+03BB "λ" */
    0x18, 0xdf, 0xe9, 0x10, 0x0, 0x0, 0x0, 0x5f,
    0xff, 0xff, 0xd0, 0x0, 0x0, 0x0, 0xd, 0x96,
    0x9f, 0xf8, 0x0, 0x0, 0x0, 0x0, 0x0, 0xa,
    0xff, 0x10, 0x0, 0x0, 0x0, 0x0, 0x2, 0xff,
    0x70, 0x0, 0x0, 0x0, 0x0, 0x2, 0xff, 0xe0,
    0x0, 0x0, 0x0, 0x0, 0x8, 0xff, 0xf5, 0x0,
    0x0, 0x0, 0x0, 0xf, 0xff, 0xfc, 0x0, 0x0,
    0x0, 0x0, 0x6f, 0xfa, 0xff, 0x30, 0x0, 0x0,
    0x0, 0xdf, 0xb2, 0xff, 0x90, 0x0, 0x0, 0x4,
    0xff, 0x40, 0xbf, 0xf1, 0x0, 0x0, 0xb, 0xfd,
    0x0, 0x4f, 0xf7, 0x0, 0x0, 0x2f, 0xf7, 0x0,
    0xe, 0xfe, 0x0, 0x0, 0x9f, 0xf1, 0x0, 0x7,
    0xff, 0x50, 0x1, 0xff, 0x90, 0x0, 0x1, 0xff,
    0xb0, 0x7, 0xff, 0x20, 0x0, 0x0, 0xaf, 0xf2,
    0xe, 0xfc, 0x0, 0x0, 0x0, 0x3f, 0xf9,

    /* U+03BC "μ" */
    0x3f, 0xf8, 0x0, 0x0, 0x7, 0xff, 0x43, 0xff,
    0x80, 0x0, 0x0, 0x7f, 0xf4, 0x3f, 0xf8, 0x0,
    0x0, 0x7, 0xff, 0x43, 0xff, 0x80, 0x0, 0x0,
    0x7f, 0xf4, 0x3f, 0xf8, 0x0, 0x0, 0x7, 0xff,
    0x43, 0xff, 0x80, 0x0, 0x0, 0x7f, 0xf4, 0x3f,
    0xf9, 0x0, 0x0, 0x8, 0xff, 0x43, 0xff, 0xb0,
    0x0, 0x0, 0xbf, 0xf4, 0x3f, 0xff, 0x20, 0x0,
    0x4f, 0xff, 0x43, 0xff, 0xff, 0x98, 0xaf, 0xff,
    0xf4, 0x3f, 0xff, 0xff, 0xff, 0xfc, 0xff, 0x43,
    0xff, 0x99, 0xef, 0xc6, 0x4f, 0xf4, 0x3f, 0xf8,
    0x0, 0x0, 0x0, 0x0, 0x3, 0xff, 0x80, 0x0,
    0x0, 0x0, 0x0, 0x3f, 0xf8, 0x0, 0x0, 0x0,
    0x0, 0x3, 0xff, 0x80, 0x0, 0x0, 0x0, 0x0,

    /* U+03C0 "π" */
    0x0, 0x7d, 0xff, 0xff, 0xff, 0xff, 0xff, 0xff,
    0xc0, 0xaf, 0xfd, 0xdf, 0xff, 0xbb, 0xff, 0xfb,
    0xb8, 0x2f, 0xf6, 0x3, 0xff, 0x60, 0xe, 0xfb,
    0x0, 0x3, 0xff, 0x20, 0x5f, 0xf4, 0x0, 0xef,
    0xb0, 0x0, 0xf, 0xf5, 0x7, 0xff, 0x20, 0xe,
    0xfb, 0x0, 0x0, 0x8a, 0x40, 0x9f, 0xf1, 0x0,
    0xef, 0xb0, 0x0, 0x0, 0x0, 0xa, 0xff, 0x0,
    0xe, 0xfb, 0x0, 0x0, 0x0, 0x0, 0xcf, 0xd0,
    0x0, 0xef, 0xb0, 0x0, 0x0, 0x0, 0xe, 0xfc,
    0x0, 0xe, 0xfb, 0x0, 0x0, 0x0, 0x0, 0xff,
    0xa0, 0x0, 0xef, 0xb0, 0x0, 0x0, 0x0, 0x1f,
    0xf8, 0x0, 0xe, 0xfb, 0x0, 0x0, 0x0, 0x3,
    0xff, 0x60, 0x0, 0xef, 0xb0, 0x0,

    /* U+03C7 "χ" */
    0x1b, 0xfe, 0x70, 0x0, 0x0, 0x9f, 0xf4, 0x0,
    0x9f, 0xff, 0xf8, 0x0, 0x2, 0xff, 0xa0, 0x0,
    0x7, 0x29, 0xff, 0x20, 0xa, 0xff, 0x20, 0x0,
    0x0, 0x0, 0xef, 0xa0, 0x2f, 0xf8, 0x0, 0x0,
    0x0, 0x0, 0x6f, 0xf2, 0xbf, 0xe0, 0x0, 0x0,
    0x0, 0x0, 0xd, 0xfe, 0xff, 0x50, 0x0, 0x0,
    0x0, 0x0, 0x5, 0xff, 0xfb, 0x0, 0x0, 0x0,
    0x0, 0x0, 0x0, 0xff, 0xf3, 0x0, 0x0, 0x0,
    0x0, 0x0, 0x3, 0xff, 0xf6, 0x0, 0x0, 0x0,
    0x0, 0x0, 0xc, 0xff, 0xfe, 0x0, 0x0, 0x0,
    0x0, 0x0, 0x5f, 0xf5, 0xff, 0x70, 0x0, 0x0,
    0x0, 0x0, 0xdf, 0xb0, 0x8f, 0xf1, 0x0, 0x0,
    0x0, 0x7, 0xff, 0x30, 0x1f, 0xf8, 0x0, 0x0,
    0x0, 0x1f, 0xfb, 0x0, 0x8, 0xff, 0x44, 0x50,
    0x0, 0x9f, 0xf3, 0x0, 0x1, 0xef, 0xff, 0xf4,
    0x2, 0xff, 0xa0, 0x0, 0x0, 0x2b, 0xfe, 0x70,

    /* U+0400 "Ѐ" */
    0x2, 0xcf, 0xf3, 0x0, 0x0, 0x0, 0x0, 0x9,
    0xff, 0x30, 0x0, 0x0, 0x0, 0x0, 0x6f, 0xf3,
    0x0, 0x0, 0x0, 0x0, 0x0, 0x0, 0x0, 0x0,
    0xdf, 0xff, 0xff, 0xff, 0xff, 0xf6, 0xdf, 0xff,
    0xff, 0xff, 0xff, 0xf6, 0xdf, 0xf6, 0x66, 0x66,
    0x66, 0x62, 0xdf, 0xf0, 0x0, 0x0, 0x0, 0x0,
    0xdf, 0xf0, 0x0, 0x0, 0x0, 0x0, 0xdf, 0xf0,
    0x0, 0x0, 0x0, 0x0, 0xdf, 0xf0, 0x0, 0x0,
    0x0, 0x0, 0xdf, 0xff, 0xff, 0xff, 0xff, 0x70,
    0xdf, 0xff, 0xff, 0xff, 0xff, 0x70, 0xdf, 0xf6,
    0x66, 0x66, 0x66, 0x20, 0xdf, 0xf0, 0x0, 0x0,
    0x0, 0x0, 0xdf, 0xf0, 0x0, 0x0, 0x0, 0x0,
    0xdf, 0xf0, 0x0, 0x0, 0x0, 0x0, 0xdf, 0xf6,
    0x66, 0x66, 0x66, 0x64, 0xdf, 0xff, 0xff, 0xff,
    0xff, 0xfb, 0xdf, 0xff, 0xff, 0xff, 0xff, 0xfb,

    /* U+0401 "Ё" */
    0x0, 0x2a, 0x50, 0x9, 0x70, 0x0, 0x0, 0x9f,
    0xe0, 0x5f, 0xf2, 0x0, 0x0, 0x5f, 0x90, 0x2e,
    0xc0, 0x0, 0x0, 0x0, 0x0, 0x0, 0x0, 0x0,
    0xdf, 0xff, 0xff, 0xff, 0xff, 0xf6, 0xdf, 0xff,
    0xff, 0xff, 0xff, 0xf6, 0xdf, 0xf6, 0x66, 0x66,
    0x66, 0x62, 0xdf, 0xf0, 0x0, 0x0, 0x0, 0x0,
    0xdf, 0xf0, 0x0, 0x0, 0x0, 0x0, 0xdf, 0xf0,
    0x0, 0x0, 0x0, 0x0, 0xdf, 0xf0, 0x0, 0x0,
    0x0, 0x0, 0xdf, 0xff, 0xff, 0xff, 0xff, 0x70,
    0xdf, 0xff, 0xff, 0xff, 0xff, 0x70, 0xdf, 0xf6,
    0x66, 0x66, 0x66, 0x20, 0xdf, 0xf0, 0x0, 0x0,
    0x0, 0x0, 0xdf, 0xf0, 0x0, 0x0, 0x0, 0x0,
    0xdf, 0xf0, 0x0, 0x0, 0x0, 0x0, 0xdf, 0xf6,
    0x66, 0x66, 0x66, 0x64, 0xdf, 0xff, 0xff, 0xff,
    0xff, 0xfb, 0xdf, 0xff, 0xff, 0xff, 0xff, 0xfb,

    /* U+0402 "Ђ" */
    0xaf, 0xff, 0xff, 0xff, 0xff, 0xff, 0xfe, 0x0,
    0x0, 0xaf, 0xff, 0xff, 0xff, 0xff, 0xff, 0xfe,
    0x0, 0x0, 0x47, 0x77, 0x7f, 0xff, 0xb7, 0x77,
    0x76, 0x0, 0x0, 0x0, 0x0, 0x9, 0xff, 0x40,
    0x0, 0x0, 0x0, 0x0, 0x0, 0x0, 0x9, 0xff,
    0x40, 0x0, 0x0, 0x0, 0x0, 0x0, 0x0, 0x9,
    0xff, 0x40, 0x0, 0x0, 0x0, 0x0, 0x0, 0x0,
    0x9, 0xff, 0x78, 0xbc, 0xca, 0x71, 0x0, 0x0,
    0x0, 0x9, 0xff, 0xff, 0xff, 0xff, 0xfe, 0x40,
    0x0, 0x0, 0x9, 0xff, 0xff, 0xca, 0xbf, 0xff,
    0xf1, 0x0, 0x0, 0x9, 0xff, 0x90, 0x0, 0x0,
    0xbf, 0xf8, 0x0, 0x0, 0x9, 0xff, 0x40, 0x0,
    0x0, 0x3f, 0xfb, 0x0, 0x0, 0x9, 0xff, 0x40,
    0x0, 0x0, 0x1f, 0xfb, 0x0, 0x0, 0x9, 0xff,
    0x40, 0x0, 0x0, 0x6f, 0xfa, 0x0, 0x0, 0x9,
    0xff, 0x40, 0x6, 0x59, 0xff, 0xf4, 0x0, 0x0,
    0x9, 0xff, 0x40, 0x2f, 0xff, 0xff, 0x90, 0x0,
    0x0, 0x9, 0xff, 0x40, 0x3f, 0xff, 0xc5, 0x0,
    0x0, 0x0, 0x0, 0x0, 0x0, 0x0, 0x0, 0x0,
    0x0,

    /* U+0403 "Ѓ" */
    0x0, 0x0, 0x3, 0xff, 0xc2, 0x0, 0x0, 0x3,
    0xef, 0xa0, 0x0, 0x0, 0x3, 0xef, 0x60, 0x0,
    0x0, 0x0, 0x0, 0x0, 0x0, 0x0, 0xdf, 0xff,
    0xff, 0xff, 0xff, 0x9d, 0xff, 0xff, 0xff, 0xff,
    0xf9, 0xdf, 0xf7, 0x77, 0x77, 0x77, 0x4d, 0xff,
    0x0, 0x0, 0x0, 0x0, 0xdf, 0xf0, 0x0, 0x0,
    0x0, 0xd, 0xff, 0x0, 0x0, 0x0, 0x0, 0xdf,
    0xf0, 0x0, 0x0, 0x0, 0xd, 0xff, 0x0, 0x0,
    0x0, 0x0, 0xdf, 0xf0, 0x0, 0x0, 0x0, 0xd,
    0xff, 0x0, 0x0, 0x0, 0x0, 0xdf, 0xf0, 0x0,
    0x0, 0x0, 0xd, 0xff, 0x0, 0x0, 0x0, 0x0,
    0xdf, 0xf0, 0x0, 0x0, 0x0, 0xd, 0xff, 0x0,
    0x0, 0x0, 0x0, 0xdf, 0xf0, 0x0, 0x0, 0x0,
    0xd, 0xff, 0x0, 0x0, 0x0, 0x0,

    /* U+0404 "Є" */
    0x0, 0x0, 0x49, 0xdf, 0xfd, 0x94, 0x0, 0x0,
    0x1, 0xbf, 0xff, 0xff, 0xff, 0xfb, 0x10, 0x1,
    0xdf, 0xff, 0xc9, 0x9b, 0xff, 0xfc, 0x0, 0xbf,
    0xfd, 0x30, 0x0, 0x1, 0xaf, 0x30, 0x3f, 0xfe,
    0x10, 0x0, 0x0, 0x0, 0x20, 0x9, 0xff, 0x70,
    0x0, 0x0, 0x0, 0x0, 0x0, 0xdf, 0xf1, 0x0,
    0x0, 0x0, 0x0, 0x0, 0xe, 0xff, 0xff, 0xff,
    0xff, 0xe0, 0x0, 0x0, 0xef, 0xff, 0xff, 0xff,
    0xfe, 0x0, 0x0, 0xd, 0xff, 0x64, 0x44, 0x44,
    0x40, 0x0, 0x0, 0x9f, 0xf7, 0x0, 0x0, 0x0,
    0x0, 0x0, 0x3, 0xff, 0xe1, 0x0, 0x0, 0x0,
    0x2, 0x0, 0xb, 0xff, 0xd3, 0x0, 0x0, 0x1a,
    0xf3, 0x0, 0x1d, 0xff, 0xfc, 0x99, 0xbf, 0xff,
    0xd0, 0x0, 0x1b, 0xff, 0xff, 0xff, 0xff, 0xb1,
    0x0, 0x0, 0x4, 0xad, 0xff, 0xd9, 0x40, 0x0,

    /* U+0405 "Ѕ" */
    0x0, 0x1, 0x8c, 0xef, 0xec, 0x83, 0x0, 0x0,
    0x4f, 0xff, 0xff, 0xff, 0xff, 0x60, 0x2, 0xff,
    0xfb, 0x76, 0x7b, 0xff, 0x20, 0x8, 0xff, 0x70,
    0x0, 0x0, 0x16, 0x0, 0xa, 0xff, 0x20, 0x0,
    0x0, 0x0, 0x0, 0x9, 0xff, 0x80, 0x0, 0x0,
    0x0, 0x0, 0x4, 0xff, 0xfd, 0x83, 0x0, 0x0,
    0x0, 0x0, 0x7f, 0xff, 0xff, 0xfb, 0x50, 0x0,
    0x0, 0x2, 0x9e, 0xff, 0xff, 0xfd, 0x20, 0x0,
    0x0, 0x0, 0x27, 0xbf, 0xff, 0xc0, 0x0, 0x0,
    0x0, 0x0, 0x2, 0xef, 0xf2, 0x0, 0x0, 0x0,
    0x0, 0x0, 0x9f, 0xf3, 0x5, 0xb3, 0x0, 0x0,
    0x0, 0xdf, 0xf1, 0xc, 0xff, 0xc8, 0x66, 0x8e,
    0xff, 0xa0, 0x7, 0xff, 0xff, 0xff, 0xff, 0xfc,
    0x0, 0x0, 0x16, 0xbe, 0xff, 0xea, 0x50, 0x0,

    /* U+0406 "І" */
    0xdf, 0xfd, 0xff, 0xdf, 0xfd, 0xff, 0xdf, 0xfd,
    0xff, 0xdf, 0xfd, 0xff, 0xdf, 0xfd, 0xff, 0xdf,
    0xfd, 0xff, 0xdf, 0xfd, 0xff, 0xdf, 0xfd, 0xff,

    /* U+0407 "Ї" */
    0x5a, 0x20, 0x2a, 0x5e, 0xfa, 0xa, 0xfe, 0x9f,
    0x50, 0x5f, 0x90, 0x0, 0x0, 0x0, 0x0, 0xff,
    0xe0, 0x0, 0xf, 0xfe, 0x0, 0x0, 0xff, 0xe0,
    0x0, 0xf, 0xfe, 0x0, 0x0, 0xff, 0xe0, 0x0,
    0xf, 0xfe, 0x0, 0x0, 0xff, 0xe0, 0x0, 0xf,
    0xfe, 0x0, 0x0, 0xff, 0xe0, 0x0, 0xf, 0xfe,
    0x0, 0x0, 0xff, 0xe0, 0x0, 0xf, 0xfe, 0x0,
    0x0, 0xff, 0xe0, 0x0, 0xf, 0xfe, 0x0, 0x0,
    0xff, 0xe0, 0x0, 0xf, 0xfe, 0x0,

    /* U+0408 "Ј" */
    0x1, 0xff, 0xff, 0xff, 0xff, 0x40, 0x1f, 0xff,
    0xff, 0xff, 0xf4, 0x0, 0x66, 0x66, 0x6c, 0xff,
    0x40, 0x0, 0x0, 0x0, 0x9f, 0xf4, 0x0, 0x0,
    0x0, 0x9, 0xff, 0x40, 0x0, 0x0, 0x0, 0x9f,
    0xf4, 0x0, 0x0, 0x0, 0x9, 0xff, 0x40, 0x0,
    0x0, 0x0, 0x9f, 0xf4, 0x0, 0x0, 0x0, 0x9,
    0xff, 0x40, 0x0, 0x0, 0x0, 0x9f, 0xf4, 0x0,
    0x0, 0x0, 0x9, 0xff, 0x40, 0x0, 0x0, 0x0,
    0xbf, 0xf3, 0xa, 0x90, 0x0, 0x1f, 0xff, 0x6,
    0xff, 0xd8, 0x8e, 0xff, 0xa0, 0x1d, 0xff, 0xff,
    0xff, 0xe1, 0x0, 0x7, 0xcf, 0xfd, 0x81, 0x0,

    /* U+0409 "Љ" */
    0x0, 0x0, 0xff, 0xff, 0xff, 0xff, 0xff, 0xfa,
    0x0, 0x0, 0x0, 0x0, 0x0, 0x0, 0x1, 0xff,
    0xff, 0xff, 0xff, 0xff, 0xfa, 0x0, 0x0, 0x0,
    0x0, 0x0, 0x0, 0x1, 0xff, 0xd7, 0x77, 0x77,
    0xff, 0xfa, 0x0, 0x0, 0x0, 0x0, 0x0, 0x0,
    0x2, 0xff, 0x60, 0x0, 0x0, 0xff, 0xfa, 0x0,
    0x0, 0x0, 0x0, 0x0, 0x0, 0x2, 0xff, 0x50,
    0x0, 0x0, 0xff, 0xfa, 0x0, 0x0, 0x0, 0x0,
    0x0, 0x0, 0x3, 0xff, 0x50, 0x0, 0x0, 0xff,
    0xfc, 0x33, 0x33, 0x20, 0x0, 0x0, 0x0, 0x3,
    0xff, 0x40, 0x0, 0x0, 0xff, 0xff, 0xff, 0xff,
    0xff, 0xb3, 0x0, 0x0, 0x4, 0xff, 0x30, 0x0,
    0x0, 0xff, 0xff, 0xff, 0xff, 0xff, 0xff, 0x40,
    0x0, 0x5, 0xff, 0x20, 0x0, 0x0, 0xff, 0xfa,
    0x0, 0x0, 0x3a, 0xff, 0xd0, 0x0, 0x7, 0xff,
    0x10, 0x0, 0x0, 0xff, 0xfa, 0x0, 0x0, 0x0,
    0xcf, 0xf3, 0x0, 0xa, 0xff, 0x0, 0x0, 0x0,
    0xff, 0xfa, 0x0, 0x0, 0x0, 0x9f, 0xf4, 0x0,
    0xe, 0xfc, 0x0, 0x0, 0x0, 0xff, 0xfa, 0x0,
    0x0, 0x0, 0xbf, 0xf4, 0x0, 0x6f, 0xf8, 0x0,
    0x0, 0x0, 0xff, 0xfa, 0x0, 0x0, 0x6, 0xff,
    0xf1, 0x5b, 0xff, 0xf3, 0x0, 0x0, 0x0, 0xff,
    0xff, 0xaa, 0xab, 0xdf, 0xff, 0xa0, 0x9f, 0xff,
    0xb0, 0x0, 0x0, 0x0, 0xff, 0xff, 0xff, 0xff,
    0xff, 0xfc, 0x0, 0x8f, 0xe9, 0x0, 0x0, 0x0,
    0x0, 0xff, 0xff, 0xff, 0xff, 0xeb, 0x50, 0x0,

    /* U+040A "Њ" */
    0xdf, 0xf0, 0x0, 0x0, 0x0, 0xaf, 0xff, 0x0,
    0x0, 0x0, 0x0, 0x0, 0xdf, 0xf0, 0x0, 0x0,
    0x0, 0xaf, 0xff, 0x0, 0x0, 0x0, 0x0, 0x0,
    0xdf, 0xf0, 0x0, 0x0, 0x0, 0xaf, 0xff, 0x0,
    0x0, 0x0, 0x0, 0x0, 0xdf, 0xf0, 0x0, 0x0,
    0x0, 0xaf, 0xff, 0x0, 0x0, 0x0, 0x0, 0x0,
    0xdf, 0xf0, 0x0, 0x0, 0x0, 0xaf, 0xff, 0x0,
    0x0, 0x0, 0x0, 0x0, 0xdf, 0xf0, 0x0, 0x0,
    0x0, 0xaf, 0xff, 0x0, 0x0, 0x0, 0x0, 0x0,
    0xdf, 0xf7, 0x77, 0x77, 0x77, 0xef, 0xff, 0x77,
    0x76, 0x63, 0x0, 0x0, 0xdf, 0xff, 0xff, 0xff,
    0xff, 0xff, 0xff, 0xff, 0xff, 0xff, 0xe6, 0x0,
    0xdf, 0xff, 0xff, 0xff, 0xff, 0xff, 0xff, 0xbb,
    0xbb, 0xef, 0xff, 0x50, 0xdf, 0xf0, 0x0, 0x0,
    0x0, 0xaf, 0xff, 0x0, 0x0, 0x7, 0xff, 0xe0,
    0xdf, 0xf0, 0x0, 0x0, 0x0, 0xaf, 0xff, 0x0,
    0x0, 0x0, 0xdf, 0xf1, 0xdf, 0xf0, 0x0, 0x0,
    0x0, 0xaf, 0xff, 0x0, 0x0, 0x0, 0xcf, 0xf2,
    0xdf, 0xf0, 0x0, 0x0, 0x0, 0xaf, 0xff, 0x0,
    0x0, 0x2, 0xff, 0xf0, 0xdf, 0xf0, 0x0, 0x0,
    0x0, 0xaf, 0xff, 0x33, 0x34, 0x7e, 0xff, 0x90,
    0xdf, 0xf0, 0x0, 0x0, 0x0, 0xaf, 0xff, 0xff,
    0xff, 0xff, 0xfc, 0x0, 0xdf, 0xf0, 0x0, 0x0,
    0x0, 0xaf, 0xff, 0xff, 0xff, 0xeb, 0x60, 0x0,

    /* U+040B "Ћ" */
    0xbf, 0xff, 0xff, 0xff, 0xff, 0xff, 0xfc, 0x0,
    0x0, 0xbf, 0xff, 0xff, 0xff, 0xff, 0xff, 0xfc,
    0x0, 0x0, 0x47, 0x77, 0x7f, 0xff, 0xb7, 0x77,
    0x75, 0x0, 0x0, 0x0, 0x0, 0x9, 0xff, 0x30,
    0x0, 0x0, 0x0, 0x0, 0x0, 0x0, 0x9, 0xff,
    0x30, 0x0, 0x0, 0x0, 0x0, 0x0, 0x0, 0x9,
    0xff, 0x30, 0x0, 0x0, 0x0, 0x0, 0x0, 0x0,
    0x9, 0xff, 0x31, 0x56, 0x76, 0x20, 0x0, 0x0,
    0x0, 0x9, 0xff, 0xff, 0xff, 0xff, 0xfb, 0x10,
    0x0, 0x0, 0x9, 0xff, 0xff, 0xff, 0xff, 0xff,
    0xc0, 0x0, 0x0, 0x9, 0xff, 0xf6, 0x20, 0x28,
    0xff, 0xf5, 0x0, 0x0, 0x9, 0xff, 0x30, 0x0,
    0x0, 0x8f, 0xf9, 0x0, 0x0, 0x9, 0xff, 0x30,
    0x0, 0x0, 0x3f, 0xfb, 0x0, 0x0, 0x9, 0xff,
    0x30, 0x0, 0x0, 0x1f, 0xfb, 0x0, 0x0, 0x9,
    0xff, 0x30, 0x0, 0x0, 0x1f, 0xfb, 0x0, 0x0,
    0x9, 0xff, 0x30, 0x0, 0x0, 0x1f, 0xfb, 0x0,
    0x0, 0x9, 0xff, 0x30, 0x0, 0x0, 0x1f, 0xfb,

    /* U+040C "Ќ" */
    0x0, 0x0, 0x0, 0x5f, 0xfb, 0x10, 0x0, 0x0,
    0x0, 0x4, 0xff, 0x80, 0x0, 0x0, 0x0, 0x0,
    0x4f, 0xf4, 0x0, 0x0, 0x0, 0x0, 0x0, 0x0,
    0x0, 0x0, 0x0, 0x0, 0xdf, 0xf0, 0x0, 0x0,
    0x1, 0xef, 0xf1, 0xdf, 0xf0, 0x0, 0x0, 0x9,
    0xff, 0x60, 0xdf, 0xf0, 0x0, 0x0, 0x4f, 0xfb,
    0x0, 0xdf, 0xf0, 0x0, 0x0, 0xdf, 0xf1, 0x0,
    0xdf, 0xf0, 0x0, 0x8, 0xff, 0x60, 0x0, 0xdf,
    0xf0, 0x0, 0x3f, 0xfb, 0x0, 0x0, 0xdf, 0xf0,
    0x0, 0xcf, 0xf2, 0x0, 0x0, 0xdf, 0xff, 0xff,
    0xff, 0x60, 0x0, 0x0, 0xdf, 0xff, 0xff, 0xff,
    0x70, 0x0, 0x0, 0xdf, 0xf7, 0x7a, 0xff, 0xf2,
    0x0, 0x0, 0xdf, 0xf0, 0x0, 0x7f, 0xfc, 0x0,
    0x0, 0xdf, 0xf0, 0x0, 0xc, 0xff, 0x80, 0x0,
    0xdf, 0xf0, 0x0, 0x2, 0xff, 0xf3, 0x0, 0xdf,
    0xf0, 0x0, 0x0, 0x6f, 0xfd, 0x0, 0xdf, 0xf0,
    0x0, 0x0, 0xb, 0xff, 0x80, 0xdf, 0xf0, 0x0,
    0x0, 0x1, 0xef, 0xf3,

    /* U+040D "Ѝ" */
    0x0, 0xa, 0xff, 0x60, 0x0, 0x0, 0x0, 0x0,
    0x0, 0x7f, 0xf6, 0x0, 0x0, 0x0, 0x0, 0x0,
    0x3, 0xef, 0x60, 0x0, 0x0, 0x0, 0x0, 0x0,
    0x0, 0x0, 0x0, 0x0, 0xdf, 0xf0, 0x0, 0x0,
    0x0, 0x2f, 0xfe, 0xdf, 0xf0, 0x0, 0x0, 0x0,
    0xcf, 0xfe, 0xdf, 0xf0, 0x0, 0x0, 0x8, 0xff,
    0xfe, 0xdf, 0xf0, 0x0, 0x0, 0x4f, 0xff, 0xfe,
    0xdf, 0xf0, 0x0, 0x1, 0xef, 0xff, 0xfe, 0xdf,
    0xf0, 0x0, 0xb, 0xff, 0x7e, 0xfe, 0xdf, 0xf0,
    0x0, 0x7f, 0xfc, 0xe, 0xfe, 0xdf, 0xf0, 0x3,
    0xff, 0xe1, 0xe, 0xfe, 0xdf, 0xf0, 0xd, 0xff,
    0x40, 0xe, 0xfe, 0xdf, 0xf0, 0xaf, 0xf9, 0x0,
    0xe, 0xfe, 0xdf, 0xf6, 0xff, 0xd0, 0x0, 0xe,
    0xfe, 0xdf, 0xff, 0xff, 0x20, 0x0, 0xe, 0xfe,
    0xdf, 0xff, 0xf6, 0x0, 0x0, 0xe, 0xfe, 0xdf,
    0xff, 0xa0, 0x0, 0x0, 0xe, 0xfe, 0xdf, 0xfd,
    0x0, 0x0, 0x0, 0xe, 0xfe, 0xdf, 0xf3, 0x0,
    0x0, 0x0, 0xe, 0xfe,

    /* U+040E "Ў" */
    0x0, 0x2, 0x85, 0x0, 0x2, 0x85, 0x0, 0x0,
    0x0, 0x2, 0xfe, 0x0, 0x9, 0xf8, 0x0, 0x0,
    0x0, 0x0, 0xbf, 0xd8, 0xbf, 0xf2, 0x0, 0x0,
    0x0, 0x0, 0x8, 0xdf, 0xeb, 0x30, 0x0, 0x0,
    0x0, 0x0, 0x0, 0x0, 0x0, 0x0, 0x0, 0x0,
    0x7f, 0xf9, 0x0, 0x0, 0x0, 0x0, 0xbf, 0xf2,
    0xe, 0xff, 0x10, 0x0, 0x0, 0x3, 0xff, 0x90,
    0x6, 0xff, 0x90, 0x0, 0x0, 0xb, 0xff, 0x10,
    0x0, 0xdf, 0xf1, 0x0, 0x0, 0x3f, 0xf8, 0x0,
    0x0, 0x5f, 0xf9, 0x0, 0x0, 0xbf, 0xe0, 0x0,
    0x0, 0xd, 0xff, 0x10, 0x4, 0xff, 0x70, 0x0,
    0x0, 0x4, 0xff, 0x90, 0xc, 0xfe, 0x0, 0x0,
    0x0, 0x0, 0xcf, 0xf1, 0x4f, 0xf6, 0x0, 0x0,
    0x0, 0x0, 0x3f, 0xf8, 0xcf, 0xd0, 0x0, 0x0,
    0x0, 0x0, 0xb, 0xff, 0xff, 0x50, 0x0, 0x0,
    0x0, 0x0, 0x3, 0xff, 0xfc, 0x0, 0x0, 0x0,
    0x0, 0x0, 0x0, 0xff, 0xf4, 0x0, 0x0, 0x0,
    0x0, 0x0, 0x4, 0xff, 0xb0, 0x0, 0x0, 0x0,
    0x0, 0xaa, 0xbf, 0xff, 0x20, 0x0, 0x0, 0x0,
    0x1, 0xff, 0xff, 0xf4, 0x0, 0x0, 0x0, 0x0,
    0x1, 0xad, 0xd9, 0x20, 0x0, 0x0, 0x0, 0x0,

    /* U+040F "Џ" */
    0xdf, 0xf0, 0x0, 0x0, 0x0, 0x3f, 0xf9, 0xdf,
    0xf0, 0x0, 0x0, 0x0, 0x3f, 0xf9, 0xdf, 0xf0,
    0x0, 0x0, 0x0, 0x3f, 0xf9, 0xdf, 0xf0, 0x0,
    0x0, 0x0, 0x3f, 0xf9, 0xdf, 0xf0, 0x0, 0x0,
    0x0, 0x3f, 0xf9, 0xdf, 0xf0, 0x0, 0x0, 0x0,
    0x3f, 0xf9, 0xdf, 0xf0, 0x0, 0x0, 0x0, 0x3f,
    0xf9, 0xdf, 0xf0, 0x0, 0x0, 0x0, 0x3f, 0xf9,
    0xdf, 0xf0, 0x0, 0x0, 0x0, 0x3f, 0xf9, 0xdf,
    0xf0, 0x0, 0x0, 0x0, 0x3f, 0xf9, 0xdf, 0xf0,
    0x0, 0x0, 0x0, 0x3f, 0xf9, 0xdf, 0xf0, 0x0,
    0x0, 0x0, 0x3f, 0xf9, 0xdf, 0xf0, 0x0, 0x0,
    0x0, 0x3f, 0xf9, 0xdf, 0xf7, 0x77, 0x77, 0x77,
    0x9f, 0xf9, 0xdf, 0xff, 0xff, 0xff, 0xff, 0xff,
    0xf9, 0xdf, 0xff, 0xff, 0xff, 0xff, 0xff, 0xf9,
    0x0, 0x0, 0x7, 0xff, 0x30, 0x0, 0x0, 0x0,
    0x0, 0x7, 0xff, 0x30, 0x0, 0x0, 0x0, 0x0,
    0x7, 0xff, 0x30, 0x0, 0x0, 0x0, 0x0, 0x3,
    0x88, 0x10, 0x0, 0x0,

    /* U+0410 "А" */
    0x0, 0x0, 0x0, 0x1f, 0xff, 0x20, 0x0, 0x0,
    0x0, 0x0, 0x0, 0x8, 0xff, 0xf9, 0x0, 0x0,
    0x0, 0x0, 0x0, 0x0, 0xef, 0xff, 0xf1, 0x0,
    0x0, 0x0, 0x0, 0x0, 0x6f, 0xf9, 0xff, 0x70,
    0x0, 0x0, 0x0, 0x0, 0xd, 0xfe, 0xd, 0xfe,
    0x0, 0x0, 0x0, 0x0, 0x4, 0xff, 0x70, 0x7f,
    0xf5, 0x0, 0x0, 0x0, 0x0, 0xbf, 0xf1, 0x1,
    0xff, 0xc0, 0x0, 0x0, 0x0, 0x2f, 0xfa, 0x0,
    0x9, 0xff, 0x30, 0x0, 0x0, 0x8, 0xff, 0x30,
    0x0, 0x3f, 0xfa, 0x0, 0x0, 0x0, 0xff, 0xd0,
    0x0, 0x0, 0xcf, 0xf1, 0x0, 0x0, 0x6f, 0xff,
    0xff, 0xff, 0xff, 0xff, 0x70, 0x0, 0xd, 0xff,
    0xff, 0xff, 0xff, 0xff, 0xfe, 0x0, 0x4, 0xff,
    0xd4, 0x44, 0x44, 0x44, 0xdf, 0xf5, 0x0, 0xbf,
    0xf2, 0x0, 0x0, 0x0, 0x2, 0xff, 0xc0, 0x2f,
    0xfc, 0x0, 0x0, 0x0, 0x0, 0xb, 0xff, 0x39,
    0xff, 0x50, 0x0, 0x0, 0x0, 0x0, 0x4f, 0xfa,

    /* U+0411 "Б" */
    0xdf, 0xff, 0xff, 0xff, 0xff, 0xff, 0x20, 0xdf,
    0xff, 0xff, 0xff, 0xff, 0xff, 0x20, 0xdf, 0xf6,
    0x66, 0x66, 0x66, 0x66, 0x10, 0xdf, 0xf0, 0x0,
    0x0, 0x0, 0x0, 0x0, 0xdf, 0xf0, 0x0, 0x0,
    0x0, 0x0, 0x0, 0xdf, 0xf0, 0x0, 0x0, 0x0,
    0x0, 0x0, 0xdf, 0xf3, 0x33, 0x33, 0x20, 0x0,
    0x0, 0xdf, 0xff, 0xff, 0xff, 0xff, 0xb3, 0x0,
    0xdf, 0xff, 0xff, 0xff, 0xff, 0xff, 0x40, 0xdf,
    0xf0, 0x0, 0x0, 0x3a, 0xff, 0xd0, 0xdf, 0xf0,
    0x0, 0x0, 0x0, 0xef, 0xf2, 0xdf, 0xf0, 0x0,
    0x0, 0x0, 0xbf, 0xf2, 0xdf, 0xf0, 0x0, 0x0,
    0x1, 0xff, 0xf0, 0xdf, 0xf3, 0x33, 0x34, 0x7d,
    0xff, 0xa0, 0xdf, 0xff, 0xff, 0xff, 0xff, 0xfc,
    0x10, 0xdf, 0xff, 0xff, 0xff, 0xeb, 0x60, 0x0,

    /* U+0412 "В" */
    0xdf, 0xff, 0xff, 0xff, 0xea, 0x30, 0x0, 0xdf,
    0xff, 0xff, 0xff, 0xff, 0xf7, 0x0, 0xdf, 0xf3,
    0x33, 0x34, 0x9f, 0xff, 0x20, 0xdf, 0xf0, 0x0,
    0x0, 0xa, 0xff, 0x70, 0xdf, 0xf0, 0x0, 0x0,
    0x6, 0xff, 0x80, 0xdf, 0xf0, 0x0, 0x0, 0x8,
    0xff, 0x70, 0xdf, 0xf0, 0x0, 0x1, 0x6f, 0xff,
    0x20, 0xdf, 0xff, 0xff, 0xff, 0xff, 0xf6, 0x0,
    0xdf, 0xff, 0xff, 0xff, 0xff, 0xb2, 0x0, 0xdf,
    0xf2, 0x22, 0x22, 0x4a, 0xff, 0x50, 0xdf, 0xf0,
    0x0, 0x0, 0x0, 0xcf, 0xf0, 0xdf, 0xf0, 0x0,
    0x0, 0x0, 0x9f, 0xf4, 0xdf, 0xf0, 0x0, 0x0,
    0x0, 0xdf, 0xf4, 0xdf, 0xf3, 0x33, 0x33, 0x5c,
    0xff, 0xe0, 0xdf, 0xff, 0xff, 0xff, 0xff, 0xff,
    0x40, 0xdf, 0xff, 0xff, 0xff, 0xfd, 0x92, 0x0,

    /* U+0413 "Г" */
    0xdf, 0xff, 0xff, 0xff, 0xff, 0x9d, 0xff, 0xff,
    0xff, 0xff, 0xf9, 0xdf, 0xf7, 0x77, 0x77, 0x77,
    0x4d, 0xff, 0x0, 0x0, 0x0, 0x0, 0xdf, 0xf0,
    0x0, 0x0, 0x0, 0xd, 0xff, 0x0, 0x0, 0x0,
    0x0, 0xdf, 0xf0, 0x0, 0x0, 0x0, 0xd, 0xff,
    0x0, 0x0, 0x0, 0x0, 0xdf, 0xf0, 0x0, 0x0,
    0x0, 0xd, 0xff, 0x0, 0x0, 0x0, 0x0, 0xdf,
    0xf0, 0x0, 0x0, 0x0, 0xd, 0xff, 0x0, 0x0,
    0x0, 0x0, 0xdf, 0xf0, 0x0, 0x0, 0x0, 0xd,
    0xff, 0x0, 0x0, 0x0, 0x0, 0xdf, 0xf0, 0x0,
    0x0, 0x0, 0xd, 0xff, 0x0, 0x0, 0x0, 0x0,

    /* U+0414 "Д" */
    0x0, 0x1, 0xff, 0xff, 0xff, 0xff, 0xff, 0xf3,
    0x0, 0x0, 0x2, 0xff, 0xff, 0xff, 0xff, 0xff,
    0xf3, 0x0, 0x0, 0x2, 0xff, 0xa7, 0x77, 0x77,
    0xcf, 0xf3, 0x0, 0x0, 0x3, 0xff, 0x50, 0x0,
    0x0, 0x9f, 0xf3, 0x0, 0x0, 0x3, 0xff, 0x40,
    0x0, 0x0, 0x9f, 0xf3, 0x0, 0x0, 0x4, 0xff,
    0x30, 0x0, 0x0, 0x9f, 0xf3, 0x0, 0x0, 0x5,
    0xff, 0x20, 0x0, 0x0, 0x9f, 0xf3, 0x0, 0x0,
    0x6, 0xff, 0x10, 0x0, 0x0, 0x9f, 0xf3, 0x0,
    0x0, 0x7, 0xff, 0x0, 0x0, 0x0, 0x9f, 0xf3,
    0x0, 0x0, 0xa, 0xfe, 0x0, 0x0, 0x0, 0x9f,
    0xf3, 0x0, 0x0, 0xd, 0xfc, 0x0, 0x0, 0x0,
    0x9f, 0xf3, 0x0, 0x0, 0x1f, 0xf8, 0x0, 0x0,
    0x0, 0x9f, 0xf3, 0x0, 0x0, 0x8f, 0xf3, 0x0,
    0x0, 0x0, 0x9f, 0xf3, 0x0, 0x4b, 0xff, 0xf6,
    0x66, 0x66, 0x66, 0xff, 0xfa, 0x62, 0xaf, 0xff,
    0xff, 0xff, 0xff, 0xff, 0xff, 0xff, 0xf6, 0xaf,
    0xff, 0xff, 0xff, 0xff, 0xff, 0xff, 0xff, 0xf6,
    0xaf, 0xf0, 0x0, 0x0, 0x0, 0x0, 0x0, 0x3f,
    0xf6, 0xaf, 0xf0, 0x0, 0x0, 0x0, 0x0, 0x0,
    0x3f, 0xf6, 0xaf, 0xf0, 0x0, 0x0, 0x0, 0x0,
    0x0, 0x3f, 0xf6, 0x58, 0x70, 0x0, 0x0, 0x0,
    0x0, 0x0, 0x18, 0x83,

    /* U+0415 "Е" */
    0xdf, 0xff, 0xff, 0xff, 0xff, 0xf6, 0xdf, 0xff,
    0xff, 0xff, 0xff, 0xf6, 0xdf, 0xf6, 0x66, 0x66,
    0x66, 0x62, 0xdf, 0xf0, 0x0, 0x0, 0x0, 0x0,
    0xdf, 0xf0, 0x0, 0x0, 0x0, 0x0, 0xdf, 0xf0,
    0x0, 0x0, 0x0, 0x0, 0xdf, 0xf0, 0x0, 0x0,
    0x0, 0x0, 0xdf, 0xff, 0xff, 0xff, 0xff, 0x70,
    0xdf, 0xff, 0xff, 0xff, 0xff, 0x70, 0xdf, 0xf6,
    0x66, 0x66, 0x66, 0x20, 0xdf, 0xf0, 0x0, 0x0,
    0x0, 0x0, 0xdf, 0xf0, 0x0, 0x0, 0x0, 0x0,
    0xdf, 0xf0, 0x0, 0x0, 0x0, 0x0, 0xdf, 0xf6,
    0x66, 0x66, 0x66, 0x64, 0xdf, 0xff, 0xff, 0xff,
    0xff, 0xfb, 0xdf, 0xff, 0xff, 0xff, 0xff, 0xfb,

    /* U+0416 "Ж" */
    0x1f, 0xfe, 0x10, 0x0, 0x0, 0xdf, 0xf0, 0x0,
    0x0, 0xd, 0xff, 0x30, 0x7f, 0xf8, 0x0, 0x0,
    0xd, 0xff, 0x0, 0x0, 0x6, 0xff, 0x90, 0x0,
    0xdf, 0xf1, 0x0, 0x0, 0xdf, 0xf0, 0x0, 0x0,
    0xef, 0xf1, 0x0, 0x5, 0xff, 0x90, 0x0, 0xd,
    0xff, 0x0, 0x0, 0x7f, 0xf7, 0x0, 0x0, 0xb,
    0xff, 0x20, 0x0, 0xdf, 0xf0, 0x0, 0x1f, 0xfd,
    0x0, 0x0, 0x0, 0x2f, 0xfb, 0x0, 0xd, 0xff,
    0x0, 0x9, 0xff, 0x50, 0x0, 0x0, 0x0, 0x9f,
    0xf4, 0x0, 0xdf, 0xf0, 0x2, 0xff, 0xc0, 0x0,
    0x0, 0x0, 0x1, 0xff, 0xff, 0xff, 0xff, 0xff,
    0xff, 0xf3, 0x0, 0x0, 0x0, 0x0, 0x2f, 0xff,
    0xff, 0xff, 0xff, 0xff, 0xff, 0x40, 0x0, 0x0,
    0x0, 0xc, 0xff, 0xf7, 0x7f, 0xff, 0x77, 0xdf,
    0xfd, 0x0, 0x0, 0x0, 0x5, 0xff, 0xe0, 0x0,
    0xdf, 0xf0, 0x0, 0xcf, 0xf8, 0x0, 0x0, 0x0,
    0xef, 0xf5, 0x0, 0xd, 0xff, 0x0, 0x3, 0xff,
    0xf2, 0x0, 0x0, 0x8f, 0xfb, 0x0, 0x0, 0xdf,
    0xf0, 0x0, 0x9, 0xff, 0xb0, 0x0, 0x2f, 0xff,
    0x20, 0x0, 0xd, 0xff, 0x0, 0x0, 0x1e, 0xff,
    0x40, 0xb, 0xff, 0x80, 0x0, 0x0, 0xdf, 0xf0,
    0x0, 0x0, 0x6f, 0xfd, 0x5, 0xff, 0xe0, 0x0,
    0x0, 0xd, 0xff, 0x0, 0x0, 0x0, 0xcf, 0xf7,

    /* U+0417 "З" */
    0x0, 0x16, 0xbd, 0xff, 0xdb, 0x60, 0x0, 0x0,
    0x2f, 0xff, 0xff, 0xff, 0xff, 0xe3, 0x0, 0x0,
    0xef, 0xd9, 0x77, 0x9e, 0xff, 0xe0, 0x0, 0x5,
    0x20, 0x0, 0x0, 0x1d, 0xff, 0x40, 0x0, 0x0,
    0x0, 0x0, 0x0, 0x8f, 0xf5, 0x0, 0x0, 0x0,
    0x0, 0x0, 0xb, 0xff, 0x10, 0x0, 0x0, 0x34,
    0x44, 0x5a, 0xff, 0x80, 0x0, 0x0, 0xe, 0xff,
    0xff, 0xff, 0xd0, 0x0, 0x0, 0x0, 0xef, 0xff,
    0xff, 0xff, 0xd1, 0x0, 0x0, 0x0, 0x0, 0x0,
    0x3b, 0xff, 0xa0, 0x0, 0x0, 0x0, 0x0, 0x0,
    0xf, 0xff, 0x0, 0x0, 0x0, 0x0, 0x0, 0x0,
    0xef, 0xf0, 0x4, 0x81, 0x0, 0x0, 0x0, 0x6f,
    0xfc, 0x0, 0xbf, 0xfb, 0x87, 0x78, 0xcf, 0xff,
    0x40, 0x9, 0xff, 0xff, 0xff, 0xff, 0xff, 0x60,
    0x0, 0x2, 0x7b, 0xef, 0xfe, 0xc7, 0x10, 0x0,

    /* U+0418 "И" */
    0xdf, 0xf0, 0x0, 0x0, 0x0, 0x2f, 0xfe, 0xdf,
    0xf0, 0x0, 0x0, 0x0, 0xcf, 0xfe, 0xdf, 0xf0,
    0x0, 0x0, 0x8, 0xff, 0xfe, 0xdf, 0xf0, 0x0,
    0x0, 0x4f, 0xff, 0xfe, 0xdf, 0xf0, 0x0, 0x1,
    0xef, 0xff, 0xfe, 0xdf, 0xf0, 0x0, 0xb, 0xff,
    0x7e, 0xfe, 0xdf, 0xf0, 0x0, 0x7f, 0xfc, 0xe,
    0xfe, 0xdf, 0xf0, 0x3, 0xff, 0xe1, 0xe, 0xfe,
    0xdf, 0xf0, 0xd, 0xff, 0x40, 0xe, 0xfe, 0xdf,
    0xf0, 0xaf, 0xf9, 0x0, 0xe, 0xfe, 0xdf, 0xf6,
    0xff, 0xd0, 0x0, 0xe, 0xfe, 0xdf, 0xff, 0xff,
    0x20, 0x0, 0xe, 0xfe, 0xdf, 0xff, 0xf6, 0x0,
    0x0, 0xe, 0xfe, 0xdf, 0xff, 0xa0, 0x0, 0x0,
    0xe, 0xfe, 0xdf, 0xfd, 0x0, 0x0, 0x0, 0xe,
    0xfe, 0xdf, 0xf3, 0x0, 0x0, 0x0, 0xe, 0xfe,

    /* U+0419 "Й" */
    0x0, 0xe, 0xf1, 0x0, 0xf, 0xf0, 0x0, 0x0,
    0xa, 0xfa, 0x11, 0x9f, 0xb0, 0x0, 0x0, 0x1,
    0xdf, 0xff, 0xfd, 0x20, 0x0, 0x0, 0x0, 0x4,
    0x77, 0x40, 0x0, 0x0, 0xdf, 0xf0, 0x0, 0x0,
    0x0, 0x2f, 0xfe, 0xdf, 0xf0, 0x0, 0x0, 0x0,
    0xcf, 0xfe, 0xdf, 0xf0, 0x0, 0x0, 0x8, 0xff,
    0xfe, 0xdf, 0xf0, 0x0, 0x0, 0x4f, 0xff, 0xfe,
    0xdf, 0xf0, 0x0, 0x1, 0xef, 0xff, 0xfe, 0xdf,
    0xf0, 0x0, 0xb, 0xff, 0x7e, 0xfe, 0xdf, 0xf0,
    0x0, 0x7f, 0xfc, 0xe, 0xfe, 0xdf, 0xf0, 0x3,
    0xff, 0xe1, 0xe, 0xfe, 0xdf, 0xf0, 0xd, 0xff,
    0x40, 0xe, 0xfe, 0xdf, 0xf0, 0xaf, 0xf9, 0x0,
    0xe, 0xfe, 0xdf, 0xf6, 0xff, 0xd0, 0x0, 0xe,
    0xfe, 0xdf, 0xff, 0xff, 0x20, 0x0, 0xe, 0xfe,
    0xdf, 0xff, 0xf6, 0x0, 0x0, 0xe, 0xfe, 0xdf,
    0xff, 0xa0, 0x0, 0x0, 0xe, 0xfe, 0xdf, 0xfd,
    0x0, 0x0, 0x0, 0xe, 0xfe, 0xdf, 0xf3, 0x0,
    0x0, 0x0, 0xe, 0xfe,

    /* U+041A "К" */
    0xdf, 0xf0, 0x0, 0x0, 0x1, 0xef, 0xf1, 0xdf,
    0xf0, 0x0, 0x0, 0x9, 0xff, 0x60, 0xdf, 0xf0,
    0x0, 0x0, 0x4f, 0xfb, 0x0, 0xdf, 0xf0, 0x0,
    0x0, 0xdf, 0xf1, 0x0, 0xdf, 0xf0, 0x0, 0x8,
    0xff, 0x60, 0x0, 0xdf, 0xf0, 0x0, 0x3f, 0xfb,
    0x0, 0x0, 0xdf, 0xf0, 0x0, 0xcf, 0xf2, 0x0,
    0x0, 0xdf, 0xff, 0xff, 0xff, 0x60, 0x0, 0x0,
    0xdf, 0xff, 0xff, 0xff, 0x70, 0x0, 0x0, 0xdf,
    0xf7, 0x7a, 0xff, 0xf2, 0x0, 0x0, 0xdf, 0xf0,
    0x0, 0x7f, 0xfc, 0x0, 0x0, 0xdf, 0xf0, 0x0,
    0xc, 0xff, 0x80, 0x0, 0xdf, 0xf0, 0x0, 0x2,
    0xff, 0xf3, 0x0, 0xdf, 0xf0, 0x0, 0x0, 0x6f,
    0xfd, 0x0, 0xdf, 0xf0, 0x0, 0x0, 0xb, 0xff,
    0x80, 0xdf, 0xf0, 0x0, 0x0, 0x1, 0xef, 0xf3,

    /* U+041B "Л" */
    0x0, 0x0, 0xff, 0xff, 0xff, 0xff, 0xff, 0xf5,
    0x0, 0x1, 0xff, 0xff, 0xff, 0xff, 0xff, 0xf5,
    0x0, 0x1, 0xff, 0xd7, 0x77, 0x77, 0xef, 0xf5,
    0x0, 0x2, 0xff, 0x60, 0x0, 0x0, 0x8f, 0xf5,
    0x0, 0x2, 0xff, 0x50, 0x0, 0x0, 0x8f, 0xf5,
    0x0, 0x3, 0xff, 0x50, 0x0, 0x0, 0x8f, 0xf5,
    0x0, 0x3, 0xff, 0x40, 0x0, 0x0, 0x8f, 0xf5,
    0x0, 0x4, 0xff, 0x30, 0x0, 0x0, 0x8f, 0xf5,
    0x0, 0x5, 0xff, 0x20, 0x0, 0x0, 0x8f, 0xf5,
    0x0, 0x7, 0xff, 0x10, 0x0, 0x0, 0x8f, 0xf5,
    0x0, 0xa, 0xff, 0x0, 0x0, 0x0, 0x8f, 0xf5,
    0x0, 0xe, 0xfc, 0x0, 0x0, 0x0, 0x8f, 0xf5,
    0x0, 0x6f, 0xf8, 0x0, 0x0, 0x0, 0x8f, 0xf5,
    0x5b, 0xff, 0xf3, 0x0, 0x0, 0x0, 0x8f, 0xf5,
    0x9f, 0xff, 0xb0, 0x0, 0x0, 0x0, 0x8f, 0xf5,
    0x8f, 0xe9, 0x0, 0x0, 0x0, 0x0, 0x8f, 0xf5,

    /* U+041C "М" */
    0xdf, 0xc0, 0x0, 0x0, 0x0, 0x0, 0x0, 0xaf,
    0xf0, 0xdf, 0xf5, 0x0, 0x0, 0x0, 0x0, 0x3,
    0xff, 0xf0, 0xdf, 0xfe, 0x0, 0x0, 0x0, 0x0,
    0xc, 0xff, 0xf0, 0xdf, 0xff, 0x80, 0x0, 0x0,
    0x0, 0x5f, 0xff, 0xf0, 0xdf, 0xff, 0xf1, 0x0,
    0x0, 0x0, 0xdf, 0xff, 0xf0, 0xdf, 0xff, 0xfa,
    0x0, 0x0, 0x7, 0xff, 0xff, 0xf0, 0xdf, 0xeb,
    0xff, 0x30, 0x0, 0x1e, 0xfc, 0xbf, 0xf0, 0xdf,
    0xe2, 0xff, 0xc0, 0x0, 0x9f, 0xf3, 0xbf, 0xf0,
    0xdf, 0xe0, 0x8f, 0xf6, 0x2, 0xff, 0x90, 0xbf,
    0xf0, 0xdf, 0xe0, 0xd, 0xfe, 0xb, 0xff, 0x10,
    0xbf, 0xf0, 0xdf, 0xe0, 0x4, 0xff, 0xcf, 0xf6,
    0x0, 0xbf, 0xf0, 0xdf, 0xe0, 0x0, 0xbf, 0xff,
    0xd0, 0x0, 0xbf, 0xf0, 0xdf, 0xe0, 0x0, 0x2f,
    0xff, 0x30, 0x0, 0xbf, 0xf0, 0xdf, 0xe0, 0x0,
    0x7, 0xfa, 0x0, 0x0, 0xbf, 0xf0, 0xdf, 0xe0,
    0x0, 0x0, 0x30, 0x0, 0x0, 0xbf, 0xf0, 0xdf,
    0xe0, 0x0, 0x0, 0x0, 0x0, 0x0, 0xbf, 0xf0,

    /* U+041D "Н" */
    0xdf, 0xf0, 0x0, 0x0, 0x0, 0xf, 0xfd, 0xdf,
    0xf0, 0x0, 0x0, 0x0, 0xf, 0xfd, 0xdf, 0xf0,
    0x0, 0x0, 0x0, 0xf, 0xfd, 0xdf, 0xf0, 0x0,
    0x0, 0x0, 0xf, 0xfd, 0xdf, 0xf0, 0x0, 0x0,
    0x0, 0xf, 0xfd, 0xdf, 0xf0, 0x0, 0x0, 0x0,
    0xf, 0xfd, 0xdf, 0xf0, 0x0, 0x0, 0x0, 0xf,
    0xfd, 0xdf, 0xff, 0xff, 0xff, 0xff, 0xff, 0xfd,
    0xdf, 0xff, 0xff, 0xff, 0xff, 0xff, 0xfd, 0xdf,
    0xf7, 0x77, 0x77, 0x77, 0x7f, 0xfd, 0xdf, 0xf0,
    0x0, 0x0, 0x0, 0xf, 0xfd, 0xdf, 0xf0, 0x0,
    0x0, 0x0, 0xf, 0xfd, 0xdf, 0xf0, 0x0, 0x0,
    0x0, 0xf, 0xfd, 0xdf, 0xf0, 0x0, 0x0, 0x0,
    0xf, 0xfd, 0xdf, 0xf0, 0x0, 0x0, 0x0, 0xf,
    0xfd, 0xdf, 0xf0, 0x0, 0x0, 0x0, 0xf, 0xfd,

    /* U+041E "О" */
    0x0, 0x0, 0x2, 0x8c, 0xef, 0xeb, 0x60, 0x0,
    0x0, 0x0, 0x0, 0x9f, 0xff, 0xff, 0xff, 0xfe,
    0x40, 0x0, 0x0, 0xc, 0xff, 0xfd, 0x98, 0xaf,
    0xff, 0xf6, 0x0, 0x0, 0xaf, 0xfe, 0x40, 0x0,
    0x0, 0x8f, 0xff, 0x30, 0x3, 0xff, 0xe2, 0x0,
    0x0, 0x0, 0x8, 0xff, 0xc0, 0x9, 0xff, 0x70,
    0x0, 0x0, 0x0, 0x0, 0xdf, 0xf2, 0xd, 0xff,
    0x10, 0x0, 0x0, 0x0, 0x0, 0x8f, 0xf6, 0xf,
    0xfe, 0x0, 0x0, 0x0, 0x0, 0x0, 0x5f, 0xf8,
    0xf, 0xfe, 0x0, 0x0, 0x0, 0x0, 0x0, 0x5f,
    0xf8, 0xd, 0xff, 0x10, 0x0, 0x0, 0x0, 0x0,
    0x8f, 0xf6, 0x9, 0xff, 0x70, 0x0, 0x0, 0x0,
    0x0, 0xdf, 0xf2, 0x3, 0xff, 0xe2, 0x0, 0x0,
    0x0, 0x8, 0xff, 0xc0, 0x0, 0xaf, 0xfe, 0x40,
    0x0, 0x0, 0x8f, 0xff, 0x30, 0x0, 0xc, 0xff,
    0xfd, 0x98, 0xae, 0xff, 0xf6, 0x0, 0x0, 0x0,
    0x9f, 0xff, 0xff, 0xff, 0xfe, 0x40, 0x0, 0x0,
    0x0, 0x2, 0x8d, 0xef, 0xeb, 0x60, 0x0, 0x0,

    /* U+041F "П" */
    0xdf, 0xff, 0xff, 0xff, 0xff, 0xff, 0xfc, 0xdf,
    0xff, 0xff, 0xff, 0xff, 0xff, 0xfc, 0xdf, 0xf7,
    0x77, 0x77, 0x77, 0x7f, 0xfc, 0xdf, 0xf0, 0x0,
    0x0, 0x0, 0xf, 0xfc, 0xdf, 0xf0, 0x0, 0x0,
    0x0, 0xf, 0xfc, 0xdf, 0xf0, 0x0, 0x0, 0x0,
    0xf, 0xfc, 0xdf, 0xf0, 0x0, 0x0, 0x0, 0xf,
    0xfc, 0xdf, 0xf0, 0x0, 0x0, 0x0, 0xf, 0xfc,
    0xdf, 0xf0, 0x0, 0x0, 0x0, 0xf, 0xfc, 0xdf,
    0xf0, 0x0, 0x0, 0x0, 0xf, 0xfc, 0xdf, 0xf0,
    0x0, 0x0, 0x0, 0xf, 0xfc, 0xdf, 0xf0, 0x0,
    0x0, 0x0, 0xf, 0xfc, 0xdf, 0xf0, 0x0, 0x0,
    0x0, 0xf, 0xfc, 0xdf, 0xf0, 0x0, 0x0, 0x0,
    0xf, 0xfc, 0xdf, 0xf0, 0x0, 0x0, 0x0, 0xf,
    0xfc, 0xdf, 0xf0, 0x0, 0x0, 0x0, 0xf, 0xfc,

    /* U+0420 "Р" */
    0xdf, 0xff, 0xff, 0xfe, 0xc7, 0x10, 0x0, 0xdf,
    0xff, 0xff, 0xff, 0xff, 0xe4, 0x0, 0xdf, 0xf7,
    0x77, 0x79, 0xef, 0xff, 0x20, 0xdf, 0xf0, 0x0,
    0x0, 0xa, 0xff, 0x90, 0xdf, 0xf0, 0x0, 0x0,
    0x1, 0xff, 0xe0, 0xdf, 0xf0, 0x0, 0x0, 0x0,
    0xef, 0xf0, 0xdf, 0xf0, 0x0, 0x0, 0x0, 0xff,
    0xf0, 0xdf, 0xf0, 0x0, 0x0, 0x5, 0xff, 0xc0,
    0xdf, 0xf0, 0x0, 0x2, 0x7f, 0xff, 0x50, 0xdf,
    0xff, 0xff, 0xff, 0xff, 0xfa, 0x0, 0xdf, 0xff,
    0xff, 0xff, 0xfe, 0x70, 0x0, 0xdf, 0xf7, 0x77,
    0x75, 0x30, 0x0, 0x0, 0xdf, 0xf0, 0x0, 0x0,
    0x0, 0x0, 0x0, 0xdf, 0xf0, 0x0, 0x0, 0x0,
    0x0, 0x0, 0xdf, 0xf0, 0x0, 0x0, 0x0, 0x0,
    0x0, 0xdf, 0xf0, 0x0, 0x0, 0x0, 0x0, 0x0,

    /* U+0421 "С" */
    0x0, 0x0, 0x28, 0xde, 0xfe, 0xb6, 0x0, 0x0,
    0x0, 0x9f, 0xff, 0xff, 0xff, 0xfd, 0x30, 0x0,
    0xcf, 0xff, 0xd9, 0x8a, 0xef, 0xff, 0x10, 0xaf,
    0xfe, 0x40, 0x0, 0x0, 0x8f, 0x60, 0x3f, 0xfe,
    0x20, 0x0, 0x0, 0x0, 0x20, 0x9, 0xff, 0x70,
    0x0, 0x0, 0x0, 0x0, 0x0, 0xdf, 0xf1, 0x0,
    0x0, 0x0, 0x0, 0x0, 0xf, 0xfe, 0x0, 0x0,
    0x0, 0x0, 0x0, 0x0, 0xff, 0xe0, 0x0, 0x0,
    0x0, 0x0, 0x0, 0xd, 0xff, 0x10, 0x0, 0x0,
    0x0, 0x0, 0x0, 0x9f, 0xf7, 0x0, 0x0, 0x0,
    0x0, 0x0, 0x3, 0xff, 0xe2, 0x0, 0x0, 0x0,
    0x2, 0x0, 0xa, 0xff, 0xe4, 0x0, 0x0, 0x8,
    0xf6, 0x0, 0xc, 0xff, 0xfd, 0x98, 0xae, 0xff,
    0xf1, 0x0, 0xa, 0xff, 0xff, 0xff, 0xff, 0xd3,
    0x0, 0x0, 0x3, 0x9d, 0xff, 0xeb, 0x60, 0x0,

    /* U+0422 "Т" */
    0xbf, 0xff, 0xff, 0xff, 0xff, 0xff, 0xf5, 0xbf,
    0xff, 0xff, 0xff, 0xff, 0xff, 0xf5, 0x47, 0x77,
    0x7f, 0xff, 0xb7, 0x77, 0x72, 0x0, 0x0, 0x9,
    0xff, 0x30, 0x0, 0x0, 0x0, 0x0, 0x9, 0xff,
    0x30, 0x0, 0x0, 0x0, 0x0, 0x9, 0xff, 0x30,
    0x0, 0x0, 0x0, 0x0, 0x9, 0xff, 0x30, 0x0,
    0x0, 0x0, 0x0, 0x9, 0xff, 0x30, 0x0, 0x0,
    0x0, 0x0, 0x9, 0xff, 0x30, 0x0, 0x0, 0x0,
    0x0, 0x9, 0xff, 0x30, 0x0, 0x0, 0x0, 0x0,
    0x9, 0xff, 0x30, 0x0, 0x0, 0x0, 0x0, 0x9,
    0xff, 0x30, 0x0, 0x0, 0x0, 0x0, 0x9, 0xff,
    0x30, 0x0, 0x0, 0x0, 0x0, 0x9, 0xff, 0x30,
    0x0, 0x0, 0x0, 0x0, 0x9, 0xff, 0x30, 0x0,
    0x0, 0x0, 0x0, 0x9, 0xff, 0x30, 0x0, 0x0,

    /* U+0423 "У" */
    0x7f, 0xf9, 0x0, 0x0, 0x0, 0x0, 0xbf, 0xf2,
    0xe, 0xff, 0x10, 0x0, 0x0, 0x3, 0xff, 0x90,
    0x6, 0xff, 0x90, 0x0, 0x0, 0xb, 0xff, 0x10,
    0x0, 0xdf, 0xf1, 0x0, 0x0, 0x3f, 0xf8, 0x0,
    0x0, 0x5f, 0xf9, 0x0, 0x0, 0xbf, 0xe0, 0x0,
    0x0, 0xd, 0xff, 0x10, 0x4, 0xff, 0x70, 0x0,
    0x0, 0x4, 0xff, 0x90, 0xc, 0xfe, 0x0, 0x0,
    0x0, 0x0, 0xcf, 0xf1, 0x4f, 0xf6, 0x0, 0x0,
    0x0, 0x0, 0x3f, 0xf8, 0xcf, 0xd0, 0x0, 0x0,
    0x0, 0x0, 0xb, 0xff, 0xff, 0x50, 0x0, 0x0,
    0x0, 0x0, 0x3, 0xff, 0xfc, 0x0, 0x0, 0x0,
    0x0, 0x0, 0x0, 0xff, 0xf4, 0x0, 0x0, 0x0,
    0x0, 0x0, 0x4, 0xff, 0xb0, 0x0, 0x0, 0x0,
    0x0, 0xaa, 0xbf, 0xff, 0x20, 0x0, 0x0, 0x0,
    0x1, 0xff, 0xff, 0xf4, 0x0, 0x0, 0x0, 0x0,
    0x1, 0xad, 0xd9, 0x20, 0x0, 0x0, 0x0, 0x0,

    /* U+0424 "Ф" */
    0x0, 0x0, 0x0, 0x0, 0xf, 0xfa, 0x0, 0x0,
    0x0, 0x0, 0x0, 0x0, 0x0, 0x1, 0x2f, 0xfd,
    0x20, 0x0, 0x0, 0x0, 0x0, 0x0, 0x39, 0xdf,
    0xff, 0xff, 0xff, 0xc7, 0x10, 0x0, 0x0, 0xa,
    0xff, 0xff, 0xff, 0xff, 0xff, 0xff, 0xf6, 0x0,
    0x0, 0xcf, 0xff, 0x84, 0x1f, 0xfb, 0x25, 0xbf,
    0xff, 0x60, 0x7, 0xff, 0xc1, 0x0, 0xf, 0xfa,
    0x0, 0x4, 0xff, 0xf2, 0xe, 0xff, 0x10, 0x0,
    0xf, 0xfa, 0x0, 0x0, 0x7f, 0xf7, 0x1f, 0xfc,
    0x0, 0x0, 0xf, 0xfa, 0x0, 0x0, 0x1f, 0xfa,
    0x1f, 0xfb, 0x0, 0x0, 0xf, 0xfa, 0x0, 0x0,
    0xf, 0xfb, 0xf, 0xfd, 0x0, 0x0, 0xf, 0xfa,
    0x0, 0x0, 0x2f, 0xfa, 0xc, 0xff, 0x40, 0x0,
    0xf, 0xfa, 0x0, 0x0, 0x9f, 0xf6, 0x5, 0xff,
    0xf4, 0x0, 0xf, 0xfa, 0x0, 0x8, 0xff, 0xe0,
    0x0, 0x8f, 0xff, 0xd8, 0x5f, 0xff, 0x69, 0xef,
    0xff, 0x30, 0x0, 0x6, 0xef, 0xff, 0xff, 0xff,
    0xff, 0xff, 0xc3, 0x0, 0x0, 0x0, 0x5, 0x9d,
    0xef, 0xff, 0xec, 0x84, 0x0, 0x0, 0x0, 0x0,
    0x0, 0x0, 0xf, 0xfa, 0x0, 0x0, 0x0, 0x0,
    0x0, 0x0, 0x0, 0x0, 0x8, 0x85, 0x0, 0x0,
    0x0, 0x0,

    /* U+0425 "Х" */
    0x1e, 0xff, 0x40, 0x0, 0x0, 0x2f, 0xff, 0x30,
    0x5f, 0xfe, 0x10, 0x0, 0xc, 0xff, 0x80, 0x0,
    0xaf, 0xfa, 0x0, 0x8, 0xff, 0xd0, 0x0, 0x1,
    0xef, 0xf4, 0x3, 0xff, 0xf3, 0x0, 0x0, 0x5,
    0xff, 0xe1, 0xdf, 0xf8, 0x0, 0x0, 0x0, 0xa,
    0xff, 0xef, 0xfd, 0x0, 0x0, 0x0, 0x0, 0x1e,
    0xff, 0xff, 0x30, 0x0, 0x0, 0x0, 0x0, 0x5f,
    0xff, 0x90, 0x0, 0x0, 0x0, 0x0, 0x9, 0xff,
    0xfd, 0x0, 0x0, 0x0, 0x0, 0x4, 0xff, 0xff,
    0xf9, 0x0, 0x0, 0x0, 0x1, 0xef, 0xf8, 0xff,
    0xf4, 0x0, 0x0, 0x0, 0xaf, 0xfa, 0x8, 0xff,
    0xe0, 0x0, 0x0, 0x5f, 0xfe, 0x10, 0xd, 0xff,
    0x90, 0x0, 0x1e, 0xff, 0x40, 0x0, 0x2f, 0xff,
    0x40, 0xb, 0xff, 0x90, 0x0, 0x0, 0x7f, 0xfe,
    0x6, 0xff, 0xe0, 0x0, 0x0, 0x0, 0xcf, 0xf9,

    /* U+0426 "Ц" */
    0xdf, 0xf0, 0x0, 0x0, 0x0, 0x3f, 0xf9, 0x0,
    0xdf, 0xf0, 0x0, 0x0, 0x0, 0x3f, 0xf9, 0x0,
    0xdf, 0xf0, 0x0, 0x0, 0x0, 0x3f, 0xf9, 0x0,
    0xdf, 0xf0, 0x0, 0x0, 0x0, 0x3f, 0xf9, 0x0,
    0xdf, 0xf0, 0x0, 0x0, 0x0, 0x3f, 0xf9, 0x0,
    0xdf, 0xf0, 0x0, 0x0, 0x0, 0x3f, 0xf9, 0x0,
    0xdf, 0xf0, 0x0, 0x0, 0x0, 0x3f, 0xf9, 0x0,
    0xdf, 0xf0, 0x0, 0x0, 0x0, 0x3f, 0xf9, 0x0,
    0xdf, 0xf0, 0x0, 0x0, 0x0, 0x3f, 0xf9, 0x0,
    0xdf, 0xf0, 0x0, 0x0, 0x0, 0x3f, 0xf9, 0x0,
    0xdf, 0xf0, 0x0, 0x0, 0x0, 0x3f, 0xf9, 0x0,
    0xdf, 0xf0, 0x0, 0x0, 0x0, 0x3f, 0xf9, 0x0,
    0xdf, 0xf0, 0x0, 0x0, 0x0, 0x3f, 0xf9, 0x0,
    0xdf, 0xf7, 0x77, 0x77, 0x77, 0xbf, 0xff, 0x76,
    0xdf, 0xff, 0xff, 0xff, 0xff, 0xff, 0xff, 0xfe,
    0xdf, 0xff, 0xff, 0xff, 0xff, 0xff, 0xff, 0xfe,
    0x0, 0x0, 0x0, 0x0, 0x0, 0x0, 0xc, 0xfe,
    0x0, 0x0, 0x0, 0x0, 0x0, 0x0, 0xc, 0xfe,
    0x0, 0x0, 0x0, 0x0, 0x0, 0x0, 0xc, 0xfe,
    0x0, 0x0, 0x0, 0x0, 0x0, 0x0, 0x6, 0x87,

    /* U+0427 "Ч" */
    0x6f, 0xf7, 0x0, 0x0, 0x0, 0x1f, 0xfb, 0x6f,
    0xf7, 0x0, 0x0, 0x0, 0x1f, 0xfb, 0x6f, 0xf7,
    0x0, 0x0, 0x0, 0x1f, 0xfb, 0x6f, 0xf7, 0x0,
    0x0, 0x0, 0x1f, 0xfb, 0x6f, 0xf7, 0x0, 0x0,
    0x0, 0x1f, 0xfb, 0x5f, 0xf8, 0x0, 0x0, 0x0,
    0x1f, 0xfb, 0x4f, 0xfc, 0x0, 0x0, 0x0, 0x1f,
    0xfb, 0xf, 0xff, 0x60, 0x0, 0x0, 0x4f, 0xfb,
    0x8, 0xff, 0xfc, 0x98, 0x9d, 0xff, 0xfb, 0x0,
    0xbf, 0xff, 0xff, 0xff, 0xff, 0xfb, 0x0, 0x5,
    0xbe, 0xfe, 0xd9, 0x6f, 0xfb, 0x0, 0x0, 0x0,
    0x0, 0x0, 0x1f, 0xfb, 0x0, 0x0, 0x0, 0x0,
    0x0, 0x1f, 0xfb, 0x0, 0x0, 0x0, 0x0, 0x0,
    0x1f, 0xfb, 0x0, 0x0, 0x0, 0x0, 0x0, 0x1f,
    0xfb, 0x0, 0x0, 0x0, 0x0, 0x0, 0x1f, 0xfb,

    /* U+0428 "Ш" */
    0xdf, 0xf0, 0x0, 0x0, 0x5f, 0xf7, 0x0, 0x0,
    0xd, 0xff, 0xdf, 0xf0, 0x0, 0x0, 0x5f, 0xf7,
    0x0, 0x0, 0xd, 0xff, 0xdf, 0xf0, 0x0, 0x0,
    0x5f, 0xf7, 0x0, 0x0, 0xd, 0xff, 0xdf, 0xf0,
    0x0, 0x0, 0x5f, 0xf7, 0x0, 0x0, 0xd, 0xff,
    0xdf, 0xf0, 0x0, 0x0, 0x5f, 0xf7, 0x0, 0x0,
    0xd, 0xff, 0xdf, 0xf0, 0x0, 0x0, 0x5f, 0xf7,
    0x0, 0x0, 0xd, 0xff, 0xdf, 0xf0, 0x0, 0x0,
    0x5f, 0xf7, 0x0, 0x0, 0xd, 0xff, 0xdf, 0xf0,
    0x0, 0x0, 0x5f, 0xf7, 0x0, 0x0, 0xd, 0xff,
    0xdf, 0xf0, 0x0, 0x0, 0x5f, 0xf7, 0x0, 0x0,
    0xd, 0xff, 0xdf, 0xf0, 0x0, 0x0, 0x5f, 0xf7,
    0x0, 0x0, 0xd, 0xff, 0xdf, 0xf0, 0x0, 0x0,
    0x5f, 0xf7, 0x0, 0x0, 0xd, 0xff, 0xdf, 0xf0,
    0x0, 0x0, 0x5f, 0xf7, 0x0, 0x0, 0xd, 0xff,
    0xdf, 0xf0, 0x0, 0x0, 0x5f, 0xf7, 0x0, 0x0,
    0xd, 0xff, 0xdf, 0xf7, 0x77, 0x77, 0xcf, 0xfe,
    0x77, 0x77, 0x7f, 0xff, 0xdf, 0xff, 0xff, 0xff,
    0xff, 0xff, 0xff, 0xff, 0xff, 0xff, 0xdf, 0xff,
    0xff, 0xff, 0xff, 0xff, 0xff, 0xff, 0xff, 0xff,

    /* U+0429 "Щ" */
    0xdf, 0xf0, 0x0, 0x0, 0x5f, 0xf7, 0x0, 0x0,
    0xd, 0xff, 0x0, 0xd, 0xff, 0x0, 0x0, 0x5,
    0xff, 0x70, 0x0, 0x0, 0xdf, 0xf0, 0x0, 0xdf,
    0xf0, 0x0, 0x0, 0x5f, 0xf7, 0x0, 0x0, 0xd,
    0xff, 0x0, 0xd, 0xff, 0x0, 0x0, 0x5, 0xff,
    0x70, 0x0, 0x0, 0xdf, 0xf0, 0x0, 0xdf, 0xf0,
    0x0, 0x0, 0x5f, 0xf7, 0x0, 0x0, 0xd, 0xff,
    0x0, 0xd, 0xff, 0x0, 0x0, 0x5, 0xff, 0x70,
    0x0, 0x0, 0xdf, 0xf0, 0x0, 0xdf, 0xf0, 0x0,
    0x0, 0x5f, 0xf7, 0x0, 0x0, 0xd, 0xff, 0x0,
    0xd, 0xff, 0x0, 0x0, 0x5, 0xff, 0x70, 0x0,
    0x0, 0xdf, 0xf0, 0x0, 0xdf, 0xf0, 0x0, 0x0,
    0x5f, 0xf7, 0x0, 0x0, 0xd, 0xff, 0x0, 0xd,
    0xff, 0x0, 0x0, 0x5, 0xff, 0x70, 0x0, 0x0,
    0xdf, 0xf0, 0x0, 0xdf, 0xf0, 0x0, 0x0, 0x5f,
    0xf7, 0x0, 0x0, 0xd, 0xff, 0x0, 0xd, 0xff,
    0x0, 0x0, 0x5, 0xff, 0x70, 0x0, 0x0, 0xdf,
    0xf0, 0x0, 0xdf, 0xf0, 0x0, 0x0, 0x5f, 0xf7,
    0x0, 0x0, 0xd, 0xff, 0x0, 0xd, 0xff, 0x77,
    0x77, 0x7c, 0xff, 0xe7, 0x77, 0x77, 0xff, 0xf7,
    0x71, 0xdf, 0xff, 0xff, 0xff, 0xff, 0xff, 0xff,
    0xff, 0xff, 0xff, 0xff, 0x2d, 0xff, 0xff, 0xff,
    0xff, 0xff, 0xff, 0xff, 0xff, 0xff, 0xff, 0xf2,
    0x0, 0x0, 0x0, 0x0, 0x0, 0x0, 0x0, 0x0,
    0x0, 0x7, 0xff, 0x20, 0x0, 0x0, 0x0, 0x0,
    0x0, 0x0, 0x0, 0x0, 0x0, 0x7f, 0xf2, 0x0,
    0x0, 0x0, 0x0, 0x0, 0x0, 0x0, 0x0, 0x0,
    0x7, 0xff, 0x20, 0x0, 0x0, 0x0, 0x0, 0x0,
    0x0, 0x0, 0x0, 0x0, 0x38, 0x81,

    /* U+042A "Ъ" */
    0xbf, 0xff, 0xff, 0xfa, 0x0, 0x0, 0x0, 0x0,
    0x0, 0xbf, 0xff, 0xff, 0xfa, 0x0, 0x0, 0x0,
    0x0, 0x0, 0x47, 0x77, 0x8f, 0xfa, 0x0, 0x0,
    0x0, 0x0, 0x0, 0x0, 0x0, 0x3f, 0xfa, 0x0,
    0x0, 0x0, 0x0, 0x0, 0x0, 0x0, 0x3f, 0xfa,
    0x0, 0x0, 0x0, 0x0, 0x0, 0x0, 0x0, 0x3f,
    0xfb, 0x33, 0x33, 0x21, 0x0, 0x0, 0x0, 0x0,
    0x3f, 0xff, 0xff, 0xff, 0xff, 0xd5, 0x0, 0x0,
    0x0, 0x3f, 0xff, 0xff, 0xff, 0xff, 0xff, 0x80,
    0x0, 0x0, 0x3f, 0xfa, 0x0, 0x0, 0x28, 0xff,
    0xf3, 0x0, 0x0, 0x3f, 0xfa, 0x0, 0x0, 0x0,
    0x8f, 0xf8, 0x0, 0x0, 0x3f, 0xfa, 0x0, 0x0,
    0x0, 0x4f, 0xf9, 0x0, 0x0, 0x3f, 0xfa, 0x0,
    0x0, 0x0, 0x5f, 0xf9, 0x0, 0x0, 0x3f, 0xfa,
    0x0, 0x0, 0x0, 0xcf, 0xf6, 0x0, 0x0, 0x3f,
    0xfb, 0x33, 0x33, 0x6c, 0xff, 0xe0, 0x0, 0x0,
    0x3f, 0xff, 0xff, 0xff, 0xff, 0xfe, 0x30, 0x0,
    0x0, 0x3f, 0xff, 0xff, 0xff, 0xec, 0x71, 0x0,

    /* U+042B "Ы" */
    0xdf, 0xf0, 0x0, 0x0, 0x0, 0x0, 0x0, 0xc,
    0xff, 0xd, 0xff, 0x0, 0x0, 0x0, 0x0, 0x0,
    0x0, 0xcf, 0xf0, 0xdf, 0xf0, 0x0, 0x0, 0x0,
    0x0, 0x0, 0xc, 0xff, 0xd, 0xff, 0x0, 0x0,
    0x0, 0x0, 0x0, 0x0, 0xcf, 0xf0, 0xdf, 0xf0,
    0x0, 0x0, 0x0, 0x0, 0x0, 0xc, 0xff, 0xd,
    0xff, 0x33, 0x33, 0x21, 0x0, 0x0, 0x0, 0xcf,
    0xf0, 0xdf, 0xff, 0xff, 0xff, 0xfe, 0x80, 0x0,
    0xc, 0xff, 0xd, 0xff, 0xff, 0xff, 0xff, 0xff,
    0xd1, 0x0, 0xcf, 0xf0, 0xdf, 0xf0, 0x0, 0x1,
    0x5d, 0xff, 0x80, 0xc, 0xff, 0xd, 0xff, 0x0,
    0x0, 0x0, 0x2f, 0xfd, 0x0, 0xcf, 0xf0, 0xdf,
    0xf0, 0x0, 0x0, 0x0, 0xef, 0xf0, 0xc, 0xff,
    0xd, 0xff, 0x0, 0x0, 0x0, 0xf, 0xfe, 0x0,
    0xcf, 0xf0, 0xdf, 0xf0, 0x0, 0x0, 0x6, 0xff,
    0xb0, 0xc, 0xff, 0xd, 0xff, 0x33, 0x33, 0x59,
    0xff, 0xf5, 0x0, 0xcf, 0xf0, 0xdf, 0xff, 0xff,
    0xff, 0xff, 0xf8, 0x0, 0xc, 0xff, 0xd, 0xff,
    0xff, 0xff, 0xfd, 0x93, 0x0, 0x0, 0xcf, 0xf0,

    /* U+042C "Ь" */
    0xdf, 0xf0, 0x0, 0x0, 0x0, 0x0, 0xd, 0xff,
    0x0, 0x0, 0x0, 0x0, 0x0, 0xdf, 0xf0, 0x0,
    0x0, 0x0, 0x0, 0xd, 0xff, 0x0, 0x0, 0x0,
    0x0, 0x0, 0xdf, 0xf0, 0x0, 0x0, 0x0, 0x0,
    0xd, 0xff, 0x33, 0x33, 0x21, 0x0, 0x0, 0xdf,
    0xff, 0xff, 0xff, 0xfe, 0x80, 0xd, 0xff, 0xff,
    0xff, 0xff, 0xff, 0xd1, 0xdf, 0xf0, 0x0, 0x1,
    0x5d, 0xff, 0x8d, 0xff, 0x0, 0x0, 0x0, 0x2f,
    0xfd, 0xdf, 0xf0, 0x0, 0x0, 0x0, 0xef, 0xfd,
    0xff, 0x0, 0x0, 0x0, 0xf, 0xfe, 0xdf, 0xf0,
    0x0, 0x0, 0x6, 0xff, 0xbd, 0xff, 0x33, 0x33,
    0x59, 0xff, 0xf5, 0xdf, 0xff, 0xff, 0xff, 0xff,
    0xf8, 0xd, 0xff, 0xff, 0xff, 0xfd, 0x93, 0x0,

    /* U+042D "Э" */
    0x0, 0x6, 0xbe, 0xfe, 0xc8, 0x10, 0x0, 0x0,
    0x5e, 0xff, 0xff, 0xff, 0xff, 0x70, 0x0, 0x3f,
    0xff, 0xea, 0x8a, 0xef, 0xff, 0x80, 0x0, 0x8f,
    0x60, 0x0, 0x0, 0x7f, 0xff, 0x40, 0x0, 0x20,
    0x0, 0x0, 0x0, 0x6f, 0xfd, 0x0, 0x0, 0x0,
    0x0, 0x0, 0x0, 0xdf, 0xf3, 0x0, 0x0, 0x14,
    0x44, 0x44, 0x4c, 0xff, 0x70, 0x0, 0x4, 0xff,
    0xff, 0xff, 0xff, 0xf8, 0x0, 0x0, 0x4f, 0xff,
    0xff, 0xff, 0xff, 0x80, 0x0, 0x0, 0x0, 0x0,
    0x0, 0x8f, 0xf7, 0x0, 0x0, 0x0, 0x0, 0x0,
    0xd, 0xff, 0x30, 0x2, 0x0, 0x0, 0x0, 0x6,
    0xff, 0xd0, 0x8, 0xf6, 0x0, 0x0, 0x7, 0xff,
    0xf4, 0x3, 0xff, 0xfe, 0xa8, 0xae, 0xff, 0xf8,
    0x0, 0x5, 0xef, 0xff, 0xff, 0xff, 0xf7, 0x0,
    0x0, 0x0, 0x6b, 0xef, 0xec, 0x81, 0x0, 0x0,

    /* U+042E "Ю" */
    0xdf, 0xf0, 0x0, 0x0, 0x1, 0x7c, 0xef, 0xea,
    0x50, 0x0, 0x0, 0xdf, 0xf0, 0x0, 0x0, 0x6f,
    0xff, 0xff, 0xff, 0xfd, 0x30, 0x0, 0xdf, 0xf0,
    0x0, 0x8, 0xff, 0xfe, 0x98, 0xbf, 0xff, 0xf3,
    0x0, 0xdf, 0xf0, 0x0, 0x5f, 0xff, 0x60, 0x0,
    0x1, 0xaf, 0xfe, 0x10, 0xdf, 0xf0, 0x0, 0xdf,
    0xf5, 0x0, 0x0, 0x0, 0xb, 0xff, 0x80, 0xdf,
    0xf0, 0x4, 0xff, 0xc0, 0x0, 0x0, 0x0, 0x2,
    0xff, 0xe0, 0xdf, 0xf9, 0x9f, 0xff, 0x60, 0x0,
    0x0, 0x0, 0x0, 0xcf, 0xf2, 0xdf, 0xff, 0xff,
    0xff, 0x40, 0x0, 0x0, 0x0, 0x0, 0x9f, 0xf4,
    0xdf, 0xff, 0xff, 0xff, 0x40, 0x0, 0x0, 0x0,
    0x0, 0x9f, 0xf4, 0xdf, 0xf0, 0x8, 0xff, 0x60,
    0x0, 0x0, 0x0, 0x0, 0xcf, 0xf2, 0xdf, 0xf0,
    0x4, 0xff, 0xc0, 0x0, 0x0, 0x0, 0x2, 0xff,
    0xe0, 0xdf, 0xf0, 0x0, 0xdf, 0xf5, 0x0, 0x0,
    0x0, 0xb, 0xff, 0x80, 0xdf, 0xf0, 0x0, 0x5f,
    0xff, 0x60, 0x0, 0x1, 0xaf, 0xfe, 0x10, 0xdf,
    0xf0, 0x0, 0x8, 0xff, 0xfd, 0x98, 0xaf, 0xff,
    0xf3, 0x0, 0xdf, 0xf0, 0x0, 0x0, 0x6f, 0xff,
    0xff, 0xff, 0xfd, 0x30, 0x0, 0xdf, 0xf0, 0x0,
    0x0, 0x1, 0x8c, 0xef, 0xeb, 0x50, 0x0, 0x0,

    /* U+042F "Я" */
    0x0, 0x6, 0xce, 0xff, 0xff, 0xff, 0xe0, 0x3d,
    0xff, 0xff, 0xff, 0xff, 0xfe, 0x1e, 0xff, 0xe9,
    0x77, 0x77, 0xff, 0xe7, 0xff, 0xc0, 0x0, 0x0,
    0xe, 0xfe, 0xcf, 0xf3, 0x0, 0x0, 0x0, 0xef,
    0xee, 0xff, 0x0, 0x0, 0x0, 0xe, 0xfe, 0xdf,
    0xf1, 0x0, 0x0, 0x0, 0xef, 0xea, 0xff, 0x70,
    0x0, 0x0, 0xe, 0xfe, 0x4f, 0xff, 0x72, 0x0,
    0x0, 0xef, 0xe0, 0x9f, 0xff, 0xff, 0xff, 0xff,
    0xfe, 0x0, 0x6f, 0xff, 0xff, 0xff, 0xff, 0xe0,
    0x1, 0xef, 0xf6, 0x55, 0x5f, 0xfe, 0x0, 0x9f,
    0xf5, 0x0, 0x0, 0xef, 0xe0, 0x4f, 0xfb, 0x0,
    0x0, 0xe, 0xfe, 0xd, 0xff, 0x10, 0x0, 0x0,
    0xef, 0xe8, 0xff, 0x70, 0x0, 0x0, 0xe, 0xfe,

    /* U+0430 "а" */
    0x0, 0x39, 0xdf, 0xfe, 0xa3, 0x0, 0x7, 0xff,
    0xff, 0xff, 0xff, 0x60, 0x3, 0xfc, 0x75, 0x6a,
    0xff, 0xf1, 0x0, 0x30, 0x0, 0x0, 0x9f, 0xf6,
    0x0, 0x0, 0x0, 0x0, 0x3f, 0xf8, 0x0, 0x4b,
    0xef, 0xff, 0xff, 0xf9, 0x6, 0xff, 0xfe, 0xdd,
    0xff, 0xf9, 0xe, 0xfe, 0x20, 0x0, 0x2f, 0xf9,
    0xf, 0xfa, 0x0, 0x0, 0x6f, 0xf9, 0xe, 0xfe,
    0x30, 0x4, 0xff, 0xf9, 0x5, 0xff, 0xfe, 0xff,
    0xef, 0xf9, 0x0, 0x4b, 0xef, 0xe9, 0x1f, 0xf9,

    /* U+0431 "б" */
    0x0, 0x0, 0x0, 0x0, 0x0, 0x0, 0x0, 0x0,
    0x0, 0x0, 0x15, 0x8c, 0xd0, 0x0, 0x0, 0x39,
    0xef, 0xff, 0xff, 0x0, 0x1, 0xbf, 0xff, 0xff,
    0xfc, 0x91, 0x0, 0xdf, 0xff, 0xb6, 0x30, 0x0,
    0x0, 0x9f, 0xfa, 0x10, 0x0, 0x0, 0x0, 0x1f,
    0xfb, 0x0, 0x0, 0x0, 0x0, 0x6, 0xff, 0x25,
    0xbe, 0xfd, 0x81, 0x0, 0xaf, 0xea, 0xff, 0xff,
    0xff, 0xe3, 0xb, 0xff, 0xfe, 0x85, 0x7d, 0xff,
    0xe1, 0xcf, 0xfd, 0x10, 0x0, 0xa, 0xff, 0x7c,
    0xff, 0x60, 0x0, 0x0, 0x2f, 0xfb, 0xaf, 0xf3,
    0x0, 0x0, 0x0, 0xff, 0xd7, 0xff, 0x60, 0x0,
    0x0, 0x2f, 0xfb, 0x1f, 0xfe, 0x10, 0x0, 0xa,
    0xff, 0x60, 0x9f, 0xfe, 0x74, 0x5b, 0xff, 0xd0,
    0x0, 0xbf, 0xff, 0xff, 0xff, 0xd2, 0x0, 0x0,
    0x5b, 0xef, 0xeb, 0x60, 0x0,

    /* U+0432 "в" */
    0x2f, 0xff, 0xff, 0xfe, 0xc6, 0x0, 0x2f, 0xff,
    0xff, 0xff, 0xff, 0xb0, 0x2f, 0xf7, 0x0, 0x3,
    0xef, 0xf1, 0x2f, 0xf7, 0x0, 0x0, 0x9f, 0xf1,
    0x2f, 0xf7, 0x0, 0x1, 0xdf, 0x90, 0x2f, 0xfe,
    0xdd, 0xdf, 0xfd, 0x10, 0x2f, 0xff, 0xff, 0xff,
    0xff, 0xd0, 0x2f, 0xf7, 0x0, 0x1, 0x9f, 0xf6,
    0x2f, 0xf7, 0x0, 0x0, 0x2f, 0xf8, 0x2f, 0xf7,
    0x0, 0x1, 0x9f, 0xf6, 0x2f, 0xff, 0xff, 0xff,
    0xff, 0xd0, 0x2f, 0xff, 0xff, 0xff, 0xd8, 0x10,

    /* U+0433 "г" */
    0x2f, 0xff, 0xff, 0xff, 0xfe, 0x2f, 0xff, 0xff,
    0xff, 0xfe, 0x2f, 0xfe, 0x55, 0x55, 0x55, 0x2f,
    0xf9, 0x0, 0x0, 0x0, 0x2f, 0xf9, 0x0, 0x0,
    0x0, 0x2f, 0xf9, 0x0, 0x0, 0x0, 0x2f, 0xf9,
    0x0, 0x0, 0x0, 0x2f, 0xf9, 0x0, 0x0, 0x0,
    0x2f, 0xf9, 0x0, 0x0, 0x0, 0x2f, 0xf9, 0x0,
    0x0, 0x0, 0x2f, 0xf9, 0x0, 0x0, 0x0, 0x2f,
    0xf9, 0x0, 0x0, 0x0,

    /* U+0434 "д" */
    0x0, 0xf, 0xff, 0xff, 0xff, 0xff, 0xa0, 0x0,
    0x1, 0xff, 0xff, 0xff, 0xff, 0xfa, 0x0, 0x0,
    0x2f, 0xf9, 0x55, 0x56, 0xff, 0xa0, 0x0, 0x2,
    0xff, 0x50, 0x0, 0x1f, 0xfa, 0x0, 0x0, 0x3f,
    0xf4, 0x0, 0x1, 0xff, 0xa0, 0x0, 0x4, 0xff,
    0x30, 0x0, 0x1f, 0xfa, 0x0, 0x0, 0x6f, 0xf2,
    0x0, 0x1, 0xff, 0xa0, 0x0, 0x9, 0xff, 0x0,
    0x0, 0x1f, 0xfa, 0x0, 0x0, 0xef, 0xc0, 0x0,
    0x1, 0xff, 0xa0, 0x4, 0xdf, 0xf9, 0x55, 0x55,
    0x7f, 0xff, 0x52, 0xcf, 0xff, 0xff, 0xff, 0xff,
    0xff, 0xff, 0x6c, 0xff, 0xff, 0xff, 0xff, 0xff,
    0xff, 0xf6, 0xcf, 0xc0, 0x0, 0x0, 0x0, 0x3,
    0xff, 0x6c, 0xfc, 0x0, 0x0, 0x0, 0x0, 0x3f,
    0xf6, 0x68, 0x60, 0x0, 0x0, 0x0, 0x1, 0x88,
    0x30,

    /* U+0435 "е" */
    0x0, 0x1, 0x8d, 0xfe, 0xc7, 0x0, 0x0, 0x4,
    0xef, 0xff, 0xff, 0xfd, 0x10, 0x2, 0xff, 0xf8,
    0x44, 0x9f, 0xfc, 0x0, 0xaf, 0xf3, 0x0, 0x0,
    0x6f, 0xf5, 0xf, 0xfb, 0x0, 0x0, 0x0, 0xef,
    0xa1, 0xff, 0xff, 0xff, 0xff, 0xff, 0xfc, 0x1f,
    0xff, 0xdd, 0xdd, 0xdd, 0xdd, 0xb0, 0xff, 0xc0,
    0x0, 0x0, 0x0, 0x0, 0x9, 0xff, 0x70, 0x0,
    0x0, 0x60, 0x0, 0x1e, 0xff, 0xc7, 0x67, 0xdf,
    0x90, 0x0, 0x3d, 0xff, 0xff, 0xff, 0xf9, 0x0,
    0x0, 0x7, 0xce, 0xfe, 0xa4, 0x0,

    /* U+0436 "ж" */
    0x3f, 0xfb, 0x0, 0x0, 0xbf, 0xf0, 0x0, 0x6,
    0xff, 0x80, 0x9, 0xff, 0x40, 0x0, 0xbf, 0xf0,
    0x0, 0xe, 0xfe, 0x0, 0x1, 0xef, 0xd0, 0x0,
    0xbf, 0xf0, 0x0, 0x8f, 0xf5, 0x0, 0x0, 0x6f,
    0xf6, 0x0, 0xbf, 0xf0, 0x2, 0xff, 0xb0, 0x0,
    0x0, 0xc, 0xfe, 0x10, 0xbf, 0xf0, 0xb, 0xff,
    0x20, 0x0, 0x0, 0x3, 0xff, 0xff, 0xff, 0xff,
    0xff, 0xf9, 0x0, 0x0, 0x0, 0x5, 0xff, 0xff,
    0xff, 0xff, 0xff, 0xfa, 0x0, 0x0, 0x0, 0xe,
    0xff, 0x85, 0xff, 0xf5, 0x5f, 0xff, 0x40, 0x0,
    0x0, 0x9f, 0xf9, 0x0, 0xbf, 0xf0, 0x4, 0xff,
    0xd0, 0x0, 0x3, 0xff, 0xe1, 0x0, 0xbf, 0xf0,
    0x0, 0xaf, 0xf8, 0x0, 0xd, 0xff, 0x50, 0x0,
    0xbf, 0xf0, 0x0, 0x1f, 0xff, 0x30, 0x7f, 0xfc,
    0x0, 0x0, 0xbf, 0xf0, 0x0, 0x7, 0xff, 0xc0,

    /* U+0437 "з" */
    0x1, 0x7c, 0xff, 0xec, 0x71, 0x0, 0xe, 0xff,
    0xff, 0xff, 0xfe, 0x20, 0x8, 0xd8, 0x65, 0x6c,
    0xff, 0xb0, 0x0, 0x0, 0x0, 0x0, 0xff, 0xc0,
    0x0, 0x0, 0x0, 0x17, 0xff, 0x40, 0x0, 0xa,
    0xff, 0xff, 0xf6, 0x0, 0x0, 0x8, 0xee, 0xef,
    0xff, 0x80, 0x0, 0x0, 0x0, 0x2, 0xef, 0xf1,
    0x1, 0x0, 0x0, 0x0, 0xbf, 0xf1, 0xe, 0xc8,
    0x65, 0x6a, 0xff, 0xd0, 0x4f, 0xff, 0xff, 0xff,
    0xfe, 0x20, 0x3, 0x8c, 0xef, 0xec, 0x70, 0x0,

    /* U+0438 "и" */
    0x2f, 0xf9, 0x0, 0x0, 0x5, 0xff, 0x92, 0xff,
    0x90, 0x0, 0x2, 0xff, 0xf9, 0x2f, 0xf9, 0x0,
    0x1, 0xef, 0xff, 0x92, 0xff, 0x90, 0x0, 0xcf,
    0xff, 0xf9, 0x2f, 0xf9, 0x0, 0x9f, 0xfa, 0xff,
    0x92, 0xff, 0x90, 0x6f, 0xfa, 0x2f, 0xf9, 0x2f,
    0xf9, 0x4f, 0xfd, 0x2, 0xff, 0x92, 0xff, 0xbe,
    0xfe, 0x20, 0x2f, 0xf9, 0x2f, 0xff, 0xff, 0x40,
    0x2, 0xff, 0x92, 0xff, 0xff, 0x60, 0x0, 0x2f,
    0xf9, 0x2f, 0xff, 0x90, 0x0, 0x2, 0xff, 0x92,
    0xff, 0xc0, 0x0, 0x0, 0x2f, 0xf9,

    /* U+0439 "й" */
    0x0, 0x8, 0x60, 0x0, 0x58, 0x10, 0x0, 0x0,
    0xef, 0x40, 0x3e, 0xf0, 0x0, 0x0, 0x5, 0xff,
    0xff, 0xf7, 0x0, 0x0, 0x0, 0x2, 0x68, 0x62,
    0x0, 0x0, 0x0, 0x0, 0x0, 0x0, 0x0, 0x0,
    0x2, 0xff, 0x90, 0x0, 0x0, 0x5f, 0xf9, 0x2f,
    0xf9, 0x0, 0x0, 0x2f, 0xff, 0x92, 0xff, 0x90,
    0x0, 0x1e, 0xff, 0xf9, 0x2f, 0xf9, 0x0, 0xc,
    0xff, 0xff, 0x92, 0xff, 0x90, 0x9, 0xff, 0xaf,
    0xf9, 0x2f, 0xf9, 0x6, 0xff, 0xa2, 0xff, 0x92,
    0xff, 0x94, 0xff, 0xd0, 0x2f, 0xf9, 0x2f, 0xfb,
    0xef, 0xe2, 0x2, 0xff, 0x92, 0xff, 0xff, 0xf4,
    0x0, 0x2f, 0xf9, 0x2f, 0xff, 0xf6, 0x0, 0x2,
    0xff, 0x92, 0xff, 0xf9, 0x0, 0x0, 0x2f, 0xf9,
    0x2f, 0xfc, 0x0, 0x0, 0x2, 0xff, 0x90,

    /* U+043A "к" */
    0x2f, 0xf9, 0x0, 0x0, 0x2f, 0xfd, 0x2, 0xff,
    0x90, 0x0, 0xc, 0xff, 0x20, 0x2f, 0xf9, 0x0,
    0x7, 0xff, 0x60, 0x2, 0xff, 0x90, 0x3, 0xff,
    0xa0, 0x0, 0x2f, 0xf9, 0x0, 0xdf, 0xe1, 0x0,
    0x2, 0xff, 0xff, 0xff, 0xf3, 0x0, 0x0, 0x2f,
    0xff, 0xff, 0xff, 0x60, 0x0, 0x2, 0xff, 0xe5,
    0x7f, 0xff, 0x20, 0x0, 0x2f, 0xf9, 0x0, 0x5f,
    0xfd, 0x0, 0x2, 0xff, 0x90, 0x0, 0x9f, 0xfa,
    0x0, 0x2f, 0xf9, 0x0, 0x0, 0xdf, 0xf6, 0x2,
    0xff, 0x90, 0x0, 0x2, 0xff, 0xf2,

    /* U+043B "л" */
    0x0, 0xf, 0xff, 0xff, 0xff, 0xff, 0x80, 0x1,
    0xff, 0xff, 0xff, 0xff, 0xf8, 0x0, 0x1f, 0xfb,
    0x55, 0x59, 0xff, 0x80, 0x2, 0xff, 0x40, 0x0,
    0x4f, 0xf8, 0x0, 0x3f, 0xf3, 0x0, 0x4, 0xff,
    0x80, 0x4, 0xff, 0x20, 0x0, 0x4f, 0xf8, 0x0,
    0x5f, 0xf1, 0x0, 0x4, 0xff, 0x80, 0x8, 0xff,
    0x0, 0x0, 0x4f, 0xf8, 0x0, 0xdf, 0xc0, 0x0,
    0x4, 0xff, 0x86, 0xbf, 0xf8, 0x0, 0x0, 0x4f,
    0xf8, 0xcf, 0xff, 0x20, 0x0, 0x4, 0xff, 0x8b,
    0xfd, 0x40, 0x0, 0x0, 0x4f, 0xf8,

    /* U+043C "м" */
    0x2f, 0xfe, 0x10, 0x0, 0x0, 0x1, 0xef, 0xd2,
    0xff, 0xf9, 0x0, 0x0, 0x0, 0x9f, 0xfd, 0x2f,
    0xff, 0xf2, 0x0, 0x0, 0x3f, 0xff, 0xd2, 0xff,
    0xff, 0xa0, 0x0, 0xc, 0xff, 0xfd, 0x2f, 0xfb,
    0xff, 0x30, 0x5, 0xff, 0xcf, 0xd2, 0xff, 0x5c,
    0xfc, 0x0, 0xef, 0x89, 0xfd, 0x2f, 0xf5, 0x3f,
    0xf5, 0x8f, 0xe0, 0x9f, 0xd2, 0xff, 0x50, 0xaf,
    0xff, 0xf5, 0x9, 0xfe, 0x2f, 0xf5, 0x1, 0xff,
    0xfc, 0x0, 0x9f, 0xe2, 0xff, 0x50, 0x7, 0xff,
    0x20, 0x9, 0xfe, 0x2f, 0xf5, 0x0, 0xa, 0x70,
    0x0, 0x9f, 0xe2, 0xff, 0x50, 0x0, 0x0, 0x0,
    0x9, 0xfe,

    /* U+043D "н" */
    0x2f, 0xf9, 0x0, 0x0, 0x7, 0xff, 0x42, 0xff,
    0x90, 0x0, 0x0, 0x7f, 0xf4, 0x2f, 0xf9, 0x0,
    0x0, 0x7, 0xff, 0x42, 0xff, 0x90, 0x0, 0x0,
    0x7f, 0xf4, 0x2f, 0xf9, 0x0, 0x0, 0x7, 0xff,
    0x42, 0xff, 0xff, 0xff, 0xff, 0xff, 0xf4, 0x2f,
    0xff, 0xff, 0xff, 0xff, 0xff, 0x42, 0xff, 0xb5,
    0x55, 0x55, 0xaf, 0xf4, 0x2f, 0xf9, 0x0, 0x0,
    0x7, 0xff, 0x42, 0xff, 0x90, 0x0, 0x0, 0x7f,
    0xf4, 0x2f, 0xf9, 0x0, 0x0, 0x7, 0xff, 0x42,
    0xff, 0x90, 0x0, 0x0, 0x7f, 0xf4,

    /* U+043E "о" */
    0x0, 0x1, 0x7c, 0xef, 0xd8, 0x20, 0x0, 0x0,
    0x3e, 0xff, 0xff, 0xff, 0xf5, 0x0, 0x1, 0xef,
    0xfb, 0x66, 0xaf, 0xff, 0x40, 0x9, 0xff, 0x70,
    0x0, 0x4, 0xff, 0xc0, 0xf, 0xfe, 0x0, 0x0,
    0x0, 0xbf, 0xf2, 0x1f, 0xfa, 0x0, 0x0, 0x0,
    0x7f, 0xf4, 0x1f, 0xfa, 0x0, 0x0, 0x0, 0x7f,
    0xf4, 0xf, 0xfe, 0x0, 0x0, 0x0, 0xbf, 0xf2,
    0x9, 0xff, 0x80, 0x0, 0x5, 0xff, 0xc0, 0x1,
    0xef, 0xfc, 0x76, 0xaf, 0xff, 0x30, 0x0, 0x3e,
    0xff, 0xff, 0xff, 0xf5, 0x0, 0x0, 0x1, 0x7c,
    0xef, 0xd8, 0x20, 0x0,

    /* U+043F "п" */
    0x2f, 0xff, 0xff, 0xff, 0xff, 0xff, 0x12, 0xff,
    0xff, 0xff, 0xff, 0xff, 0xf1, 0x2f, 0xfe, 0x55,
    0x55, 0x5e, 0xff, 0x12, 0xff, 0x90, 0x0, 0x0,
    0x9f, 0xf1, 0x2f, 0xf9, 0x0, 0x0, 0x9, 0xff,
    0x12, 0xff, 0x90, 0x0, 0x0, 0x9f, 0xf1, 0x2f,
    0xf9, 0x0, 0x0, 0x9, 0xff, 0x12, 0xff, 0x90,
    0x0, 0x0, 0x9f, 0xf1, 0x2f, 0xf9, 0x0, 0x0,
    0x9, 0xff, 0x12, 0xff, 0x90, 0x0, 0x0, 0x9f,
    0xf1, 0x2f, 0xf9, 0x0, 0x0, 0x9, 0xff, 0x12,
    0xff, 0x90, 0x0, 0x0, 0x9f, 0xf1,

    /* U+0440 "р" */
    0x2f, 0xf7, 0x3a, 0xef, 0xd9, 0x20, 0x0, 0x2f,
    0xfc, 0xff, 0xff, 0xff, 0xf6, 0x0, 0x2f, 0xff,
    0xfb, 0x66, 0xaf, 0xff, 0x40, 0x2f, 0xff, 0x70,
    0x0, 0x5, 0xff, 0xd0, 0x2f, 0xff, 0x0, 0x0,
    0x0, 0xcf, 0xf2, 0x2f, 0xff, 0x0, 0x0, 0x0,
    0x8f, 0xf4, 0x2f, 0xff, 0x0, 0x0, 0x0, 0x8f,
    0xf4, 0x2f, 0xff, 0x0, 0x0, 0x0, 0xcf, 0xf2,
    0x2f, 0xff, 0x70, 0x0, 0x6, 0xff, 0xc0, 0x2f,
    0xff, 0xfb, 0x76, 0xbf, 0xff, 0x40, 0x2f, 0xfe,
    0xff, 0xff, 0xff, 0xf6, 0x0, 0x2f, 0xf9, 0x2a,
    0xef, 0xd9, 0x20, 0x0, 0x2f, 0xf9, 0x0, 0x0,
    0x0, 0x0, 0x0, 0x2f, 0xf9, 0x0, 0x0, 0x0,
    0x0, 0x0, 0x2f, 0xf9, 0x0, 0x0, 0x0, 0x0,
    0x0, 0x2f, 0xf9, 0x0, 0x0, 0x0, 0x0, 0x0,

    /* U+0441 "с" */
    0x0, 0x0, 0x7c, 0xef, 0xd9, 0x20, 0x0, 0x3,
    0xef, 0xff, 0xff, 0xff, 0x40, 0x1, 0xef, 0xfb,
    0x66, 0xaf, 0xfe, 0x0, 0x9f, 0xf8, 0x0, 0x0,
    0x5b, 0x20, 0xf, 0xfe, 0x0, 0x0, 0x0, 0x0,
    0x1, 0xff, 0xa0, 0x0, 0x0, 0x0, 0x0, 0x1f,
    0xfa, 0x0, 0x0, 0x0, 0x0, 0x0, 0xff, 0xe0,
    0x0, 0x0, 0x0, 0x0, 0x9, 0xff, 0x80, 0x0,
    0x5, 0xb2, 0x0, 0x1e, 0xff, 0xc7, 0x6a, 0xff,
    0xe0, 0x0, 0x3d, 0xff, 0xff, 0xff, 0xe4, 0x0,
    0x0, 0x7, 0xce, 0xfd, 0x81, 0x0,

    /* U+0442 "т" */
    0xdf, 0xff, 0xff, 0xff, 0xff, 0xf2, 0xdf, 0xff,
    0xff, 0xff, 0xff, 0xf2, 0x45, 0x55, 0xff, 0xf6,
    0x55, 0x50, 0x0, 0x0, 0xbf, 0xf0, 0x0, 0x0,
    0x0, 0x0, 0xbf, 0xf0, 0x0, 0x0, 0x0, 0x0,
    0xbf, 0xf0, 0x0, 0x0, 0x0, 0x0, 0xbf, 0xf0,
    0x0, 0x0, 0x0, 0x0, 0xbf, 0xf0, 0x0, 0x0,
    0x0, 0x0, 0xbf, 0xf0, 0x0, 0x0, 0x0, 0x0,
    0xbf, 0xf0, 0x0, 0x0, 0x0, 0x0, 0xbf, 0xf0,
    0x0, 0x0, 0x0, 0x0, 0xbf, 0xf0, 0x0, 0x0,

    /* U+0443 "у" */
    0xc, 0xff, 0x10, 0x0, 0x0, 0xe, 0xfb, 0x5,
    0xff, 0x80, 0x0, 0x0, 0x5f, 0xf4, 0x0, 0xdf,
    0xe0, 0x0, 0x0, 0xcf, 0xd0, 0x0, 0x7f, 0xf6,
    0x0, 0x3, 0xff, 0x60, 0x0, 0xf, 0xfd, 0x0,
    0xa, 0xfe, 0x0, 0x0, 0x8, 0xff, 0x30, 0x1f,
    0xf8, 0x0, 0x0, 0x2, 0xff, 0xa0, 0x8f, 0xf1,
    0x0, 0x0, 0x0, 0xaf, 0xf2, 0xef, 0xa0, 0x0,
    0x0, 0x0, 0x3f, 0xfe, 0xff, 0x30, 0x0, 0x0,
    0x0, 0xc, 0xff, 0xfc, 0x0, 0x0, 0x0, 0x0,
    0x5, 0xff, 0xf5, 0x0, 0x0, 0x0, 0x0, 0x0,
    0xff, 0xe0, 0x0, 0x0, 0x0, 0x0, 0x4, 0xff,
    0x70, 0x0, 0x0, 0x7, 0xb6, 0x6e, 0xfe, 0x0,
    0x0, 0x0, 0x1f, 0xff, 0xff, 0xf4, 0x0, 0x0,
    0x0, 0x6, 0xcf, 0xfb, 0x40, 0x0, 0x0, 0x0,

    /* U+0444 "ф" */
    0x0, 0x0, 0x0, 0x3, 0xff, 0x60, 0x0, 0x0,
    0x0, 0x0, 0x0, 0x0, 0x3, 0xff, 0x60, 0x0,
    0x0, 0x0, 0x0, 0x0, 0x0, 0x3, 0xff, 0x60,
    0x0, 0x0, 0x0, 0x0, 0x0, 0x0, 0x3, 0xff,
    0x60, 0x0, 0x0, 0x0, 0x0, 0x0, 0x0, 0x3,
    0xff, 0x60, 0x0, 0x0, 0x0, 0x0, 0x0, 0x5a,
    0xdf, 0xff, 0xfd, 0xa5, 0x0, 0x0, 0x0, 0x3d,
    0xff, 0xff, 0xff, 0xff, 0xff, 0xd4, 0x0, 0x2,
    0xef, 0xfd, 0x99, 0xff, 0xc8, 0xdf, 0xff, 0x30,
    0xa, 0xff, 0x80, 0x3, 0xff, 0x60, 0x6, 0xff,
    0xd0, 0xf, 0xfd, 0x0, 0x3, 0xff, 0x60, 0x0,
    0x9f, 0xf3, 0x2f, 0xf9, 0x0, 0x3, 0xff, 0x60,
    0x0, 0x5f, 0xf5, 0x2f, 0xf9, 0x0, 0x3, 0xff,
    0x60, 0x0, 0x5f, 0xf5, 0xf, 0xfd, 0x0, 0x3,
    0xff, 0x60, 0x0, 0xaf, 0xf2, 0xa, 0xff, 0x80,
    0x3, 0xff, 0x60, 0x6, 0xff, 0xd0, 0x2, 0xef,
    0xfd, 0x89, 0xff, 0xc8, 0xdf, 0xff, 0x30, 0x0,
    0x2d, 0xff, 0xff, 0xff, 0xff, 0xff, 0xd3, 0x0,
    0x0, 0x0, 0x4a, 0xdf, 0xff, 0xfd, 0xa5, 0x0,
    0x0, 0x0, 0x0, 0x0, 0x3, 0xff, 0x60, 0x0,
    0x0, 0x0, 0x0, 0x0, 0x0, 0x3, 0xff, 0x60,
    0x0, 0x0, 0x0, 0x0, 0x0, 0x0, 0x3, 0xff,
    0x60, 0x0, 0x0, 0x0, 0x0, 0x0, 0x0, 0x3,
    0xff, 0x60, 0x0, 0x0, 0x0,

    /* U+0445 "х" */
    0x5f, 0xfb, 0x0, 0x0, 0x4f, 0xfb, 0x0, 0x9f,
    0xf7, 0x0, 0x1e, 0xfe, 0x10, 0x0, 0xcf, 0xf3,
    0xb, 0xff, 0x30, 0x0, 0x2, 0xff, 0xd8, 0xff,
    0x70, 0x0, 0x0, 0x5, 0xff, 0xff, 0xb0, 0x0,
    0x0, 0x0, 0xb, 0xff, 0xf1, 0x0, 0x0, 0x0,
    0x0, 0xcf, 0xff, 0x30, 0x0, 0x0, 0x0, 0x8f,
    0xff, 0xfd, 0x0, 0x0, 0x0, 0x4f, 0xfb, 0x5f,
    0xfa, 0x0, 0x0, 0x1e, 0xfe, 0x10, 0x9f, 0xf6,
    0x0, 0xb, 0xff, 0x40, 0x0, 0xdf, 0xf3, 0x8,
    0xff, 0x80, 0x0, 0x3, 0xff, 0xd0,

    /* U+0446 "ц" */
    0x2f, 0xf9, 0x0, 0x0, 0xc, 0xff, 0x0, 0x2f,
    0xf9, 0x0, 0x0, 0xc, 0xff, 0x0, 0x2f, 0xf9,
    0x0, 0x0, 0xc, 0xff, 0x0, 0x2f, 0xf9, 0x0,
    0x0, 0xc, 0xff, 0x0, 0x2f, 0xf9, 0x0, 0x0,
    0xc, 0xff, 0x0, 0x2f, 0xf9, 0x0, 0x0, 0xc,
    0xff, 0x0, 0x2f, 0xf9, 0x0, 0x0, 0xc, 0xff,
    0x0, 0x2f, 0xf9, 0x0, 0x0, 0xc, 0xff, 0x0,
    0x2f, 0xf9, 0x0, 0x0, 0xc, 0xff, 0x0, 0x2f,
    0xfb, 0x55, 0x55, 0x5f, 0xff, 0x54, 0x2f, 0xff,
    0xff, 0xff, 0xff, 0xff, 0xfb, 0x2f, 0xff, 0xff,
    0xff, 0xff, 0xff, 0xfb, 0x0, 0x0, 0x0, 0x0,
    0x0, 0xd, 0xfb, 0x0, 0x0, 0x0, 0x0, 0x0,
    0xd, 0xfb, 0x0, 0x0, 0x0, 0x0, 0x0, 0x6,
    0x85,

    /* U+0447 "ч" */
    0x2f, 0xf9, 0x0, 0x0, 0xf, 0xfd, 0x2f, 0xf9,
    0x0, 0x0, 0xf, 0xfd, 0x2f, 0xf9, 0x0, 0x0,
    0xf, 0xfd, 0x2f, 0xf9, 0x0, 0x0, 0xf, 0xfd,
    0x1f, 0xfb, 0x0, 0x0, 0xf, 0xfd, 0xe, 0xff,
    0x61, 0x3, 0x7f, 0xfd, 0x7, 0xff, 0xff, 0xff,
    0xff, 0xfd, 0x0, 0x7e, 0xff, 0xfe, 0x9f, 0xfd,
    0x0, 0x0, 0x23, 0x10, 0xf, 0xfd, 0x0, 0x0,
    0x0, 0x0, 0xf, 0xfd, 0x0, 0x0, 0x0, 0x0,
    0xf, 0xfd, 0x0, 0x0, 0x0, 0x0, 0xf, 0xfd,

    /* U+0448 "ш" */
    0x2f, 0xf9, 0x0, 0x0, 0xdf, 0xe0, 0x0, 0x9,
    0xff, 0x22, 0xff, 0x90, 0x0, 0xd, 0xfe, 0x0,
    0x0, 0x9f, 0xf2, 0x2f, 0xf9, 0x0, 0x0, 0xdf,
    0xe0, 0x0, 0x9, 0xff, 0x22, 0xff, 0x90, 0x0,
    0xd, 0xfe, 0x0, 0x0, 0x9f, 0xf2, 0x2f, 0xf9,
    0x0, 0x0, 0xdf, 0xe0, 0x0, 0x9, 0xff, 0x22,
    0xff, 0x90, 0x0, 0xd, 0xfe, 0x0, 0x0, 0x9f,
    0xf2, 0x2f, 0xf9, 0x0, 0x0, 0xdf, 0xe0, 0x0,
    0x9, 0xff, 0x22, 0xff, 0x90, 0x0, 0xd, 0xfe,
    0x0, 0x0, 0x9f, 0xf2, 0x2f, 0xf9, 0x0, 0x0,
    0xdf, 0xe0, 0x0, 0x9, 0xff, 0x22, 0xff, 0xe5,
    0x55, 0x5f, 0xff, 0x55, 0x55, 0xef, 0xf2, 0x2f,
    0xff, 0xff, 0xff, 0xff, 0xff, 0xff, 0xff, 0xff,
    0x22, 0xff, 0xff, 0xff, 0xff, 0xff, 0xff, 0xff,
    0xff, 0xf2,

    /* U+0449 "щ" */
    0x2f, 0xf9, 0x0, 0x0, 0xdf, 0xe0, 0x0, 0x9,
    0xff, 0x20, 0x2f, 0xf9, 0x0, 0x0, 0xdf, 0xe0,
    0x0, 0x9, 0xff, 0x20, 0x2f, 0xf9, 0x0, 0x0,
    0xdf, 0xe0, 0x0, 0x9, 0xff, 0x20, 0x2f, 0xf9,
    0x0, 0x0, 0xdf, 0xe0, 0x0, 0x9, 0xff, 0x20,
    0x2f, 0xf9, 0x0, 0x0, 0xdf, 0xe0, 0x0, 0x9,
    0xff, 0x20, 0x2f, 0xf9, 0x0, 0x0, 0xdf, 0xe0,
    0x0, 0x9, 0xff, 0x20, 0x2f, 0xf9, 0x0, 0x0,
    0xdf, 0xe0, 0x0, 0x9, 0xff, 0x20, 0x2f, 0xf9,
    0x0, 0x0, 0xdf, 0xe0, 0x0, 0x9, 0xff, 0x20,
    0x2f, 0xf9, 0x0, 0x0, 0xdf, 0xe0, 0x0, 0x9,
    0xff, 0x20, 0x2f, 0xfe, 0x55, 0x55, 0xff, 0xf5,
    0x55, 0x5f, 0xff, 0x84, 0x2f, 0xff, 0xff, 0xff,
    0xff, 0xff, 0xff, 0xff, 0xff, 0xfd, 0x2f, 0xff,
    0xff, 0xff, 0xff, 0xff, 0xff, 0xff, 0xff, 0xfd,
    0x0, 0x0, 0x0, 0x0, 0x0, 0x0, 0x0, 0x0,
    0xb, 0xfd, 0x0, 0x0, 0x0, 0x0, 0x0, 0x0,
    0x0, 0x0, 0xb, 0xfd, 0x0, 0x0, 0x0, 0x0,
    0x0, 0x0, 0x0, 0x0, 0x5, 0x86,

    /* U+044A "ъ" */
    0xdf, 0xff, 0xff, 0x60, 0x0, 0x0, 0x0, 0xdf,
    0xff, 0xff, 0x60, 0x0, 0x0, 0x0, 0x45, 0x59,
    0xff, 0x60, 0x0, 0x0, 0x0, 0x0, 0x6, 0xff,
    0x60, 0x0, 0x0, 0x0, 0x0, 0x6, 0xff, 0xff,
    0xff, 0xea, 0x20, 0x0, 0x6, 0xff, 0xff, 0xff,
    0xff, 0xf3, 0x0, 0x6, 0xff, 0x60, 0x0, 0x7f,
    0xfb, 0x0, 0x6, 0xff, 0x60, 0x0, 0xe, 0xfe,
    0x0, 0x6, 0xff, 0x60, 0x0, 0xf, 0xfe, 0x0,
    0x6, 0xff, 0x60, 0x2, 0x9f, 0xfa, 0x0, 0x6,
    0xff, 0xff, 0xff, 0xff, 0xe2, 0x0, 0x6, 0xff,
    0xff, 0xff, 0xd9, 0x10,

    /* U+044B "ы" */
    0x2f, 0xf9, 0x0, 0x0, 0x0, 0x0, 0x4f, 0xf7,
    0x2f, 0xf9, 0x0, 0x0, 0x0, 0x0, 0x4f, 0xf7,
    0x2f, 0xf9, 0x0, 0x0, 0x0, 0x0, 0x4f, 0xf7,
    0x2f, 0xf9, 0x0, 0x0, 0x0, 0x0, 0x4f, 0xf7,
    0x2f, 0xff, 0xff, 0xfe, 0xb4, 0x0, 0x4f, 0xf7,
    0x2f, 0xff, 0xee, 0xff, 0xff, 0x60, 0x4f, 0xf7,
    0x2f, 0xf9, 0x0, 0x4, 0xff, 0xe0, 0x4f, 0xf7,
    0x2f, 0xf9, 0x0, 0x0, 0xaf, 0xf2, 0x4f, 0xf7,
    0x2f, 0xf9, 0x0, 0x0, 0xbf, 0xf2, 0x4f, 0xf7,
    0x2f, 0xf9, 0x0, 0x17, 0xff, 0xe0, 0x4f, 0xf7,
    0x2f, 0xff, 0xff, 0xff, 0xff, 0x40, 0x4f, 0xf7,
    0x2f, 0xff, 0xff, 0xfe, 0xa2, 0x0, 0x4f, 0xf7,

    /* U+044C "ь" */
    0x2f, 0xf9, 0x0, 0x0, 0x0, 0x0, 0x2f, 0xf9,
    0x0, 0x0, 0x0, 0x0, 0x2f, 0xf9, 0x0, 0x0,
    0x0, 0x0, 0x2f, 0xf9, 0x0, 0x0, 0x0, 0x0,
    0x2f, 0xff, 0xff, 0xff, 0xc6, 0x0, 0x2f, 0xff,
    0xee, 0xff, 0xff, 0x90, 0x2f, 0xf9, 0x0, 0x2,
    0xdf, 0xf2, 0x2f, 0xf9, 0x0, 0x0, 0x7f, 0xf5,
    0x2f, 0xf9, 0x0, 0x0, 0x8f, 0xf5, 0x2f, 0xf9,
    0x0, 0x15, 0xff, 0xf1, 0x2f, 0xff, 0xff, 0xff,
    0xff, 0x70, 0x2f, 0xff, 0xff, 0xfe, 0xb4, 0x0,

    /* U+044D "э" */
    0x0, 0x6b, 0xef, 0xeb, 0x50, 0x0, 0x2d, 0xff,
    0xff, 0xff, 0xfb, 0x10, 0x3e, 0xf9, 0x43, 0x5b,
    0xff, 0xc0, 0x3, 0x30, 0x0, 0x0, 0x8f, 0xf6,
    0x0, 0x0, 0x0, 0x0, 0xd, 0xfc, 0x0, 0x1,
    0xff, 0xff, 0xff, 0xfe, 0x0, 0x1, 0xff, 0xff,
    0xff, 0xfe, 0x0, 0x0, 0x0, 0x0, 0xe, 0xfc,
    0x2, 0x20, 0x0, 0x0, 0x9f, 0xf6, 0x3e, 0xf9,
    0x43, 0x5c, 0xff, 0xc0, 0x2d, 0xff, 0xff, 0xff,
    0xfc, 0x10, 0x0, 0x6b, 0xef, 0xeb, 0x50, 0x0,

    /* U+044E "ю" */
    0x2f, 0xf9, 0x0, 0x0, 0x3a, 0xdf, 0xeb, 0x50,
    0x0, 0x2f, 0xf9, 0x0, 0x8, 0xff, 0xff, 0xff,
    0xfa, 0x0, 0x2f, 0xf9, 0x0, 0x6f, 0xfe, 0x86,
    0x7e, 0xff, 0x90, 0x2f, 0xf9, 0x0, 0xef, 0xe2,
    0x0, 0x0, 0xdf, 0xf2, 0x2f, 0xfc, 0x8d, 0xff,
    0x70, 0x0, 0x0, 0x4f, 0xf8, 0x2f, 0xff, 0xff,
    0xff, 0x40, 0x0, 0x0, 0x1f, 0xfa, 0x2f, 0xff,
    0xff, 0xff, 0x40, 0x0, 0x0, 0x1f, 0xfa, 0x2f,
    0xf9, 0x5, 0xff, 0x80, 0x0, 0x0, 0x5f, 0xf7,
    0x2f, 0xf9, 0x0, 0xef, 0xf2, 0x0, 0x1, 0xdf,
    0xf2, 0x2f, 0xf9, 0x0, 0x6f, 0xff, 0x86, 0x8e,
    0xff, 0x90, 0x2f, 0xf9, 0x0, 0x7, 0xff, 0xff,
    0xff, 0xfa, 0x0, 0x2f, 0xf9, 0x0, 0x0, 0x3a,
    0xef, 0xeb, 0x50, 0x0,

    /* U+044F "я" */
    0x0, 0x7, 0xcf, 0xff, 0xff, 0xfc, 0x1, 0xdf,
    0xff, 0xff, 0xff, 0xfc, 0xa, 0xff, 0xd7, 0x55,
    0x5e, 0xfc, 0xe, 0xff, 0x0, 0x0, 0xb, 0xfc,
    0xf, 0xfe, 0x0, 0x0, 0xb, 0xfc, 0xb, 0xff,
    0x70, 0x0, 0xb, 0xfc, 0x2, 0xef, 0xff, 0xff,
    0xff, 0xfc, 0x0, 0x1d, 0xff, 0xff, 0xff, 0xfc,
    0x0, 0xd, 0xfe, 0x0, 0xb, 0xfc, 0x0, 0x8f,
    0xf5, 0x0, 0xb, 0xfc, 0x3, 0xff, 0xb0, 0x0,
    0xb, 0xfc, 0xc, 0xff, 0x20, 0x0, 0xb, 0xfc,

    /* U+0450 "ѐ" */
    0x0, 0x17, 0x87, 0x0, 0x0, 0x0, 0x0, 0x0,
    0x4e, 0xfb, 0x0, 0x0, 0x0, 0x0, 0x0, 0x2c,
    0xfb, 0x0, 0x0, 0x0, 0x0, 0x0, 0x7, 0x83,
    0x0, 0x0, 0x0, 0x0, 0x0, 0x0, 0x0, 0x0,
    0x0, 0x0, 0x18, 0xdf, 0xec, 0x70, 0x0, 0x0,
    0x4e, 0xff, 0xff, 0xff, 0xd1, 0x0, 0x2f, 0xff,
    0x84, 0x49, 0xff, 0xc0, 0xa, 0xff, 0x30, 0x0,
    0x6, 0xff, 0x50, 0xff, 0xb0, 0x0, 0x0, 0xe,
    0xfa, 0x1f, 0xff, 0xff, 0xff, 0xff, 0xff, 0xc1,
    0xff, 0xfd, 0xdd, 0xdd, 0xdd, 0xdb, 0xf, 0xfc,
    0x0, 0x0, 0x0, 0x0, 0x0, 0x9f, 0xf7, 0x0,
    0x0, 0x6, 0x0, 0x1, 0xef, 0xfc, 0x76, 0x7d,
    0xf9, 0x0, 0x3, 0xdf, 0xff, 0xff, 0xff, 0x90,
    0x0, 0x0, 0x7c, 0xef, 0xea, 0x40, 0x0,

    /* U+0451 "ё" */
    0x0, 0x1, 0x95, 0x0, 0x88, 0x0, 0x0, 0x0,
    0x8f, 0xf0, 0x4f, 0xf4, 0x0, 0x0, 0x4, 0xea,
    0x1, 0xdd, 0x10, 0x0, 0x0, 0x0, 0x0, 0x0,
    0x0, 0x0, 0x0, 0x0, 0x0, 0x0, 0x0, 0x0,
    0x0, 0x0, 0x18, 0xdf, 0xec, 0x70, 0x0, 0x0,
    0x4e, 0xff, 0xff, 0xff, 0xd1, 0x0, 0x2f, 0xff,
    0x84, 0x49, 0xff, 0xc0, 0xa, 0xff, 0x30, 0x0,
    0x6, 0xff, 0x50, 0xff, 0xb0, 0x0, 0x0, 0xe,
    0xfa, 0x1f, 0xff, 0xff, 0xff, 0xff, 0xff, 0xc1,
    0xff, 0xfd, 0xdd, 0xdd, 0xdd, 0xdb, 0xf, 0xfc,
    0x0, 0x0, 0x0, 0x0, 0x0, 0x9f, 0xf7, 0x0,
    0x0, 0x6, 0x0, 0x1, 0xef, 0xfc, 0x76, 0x7d,
    0xf9, 0x0, 0x3, 0xdf, 0xff, 0xff, 0xff, 0x90,
    0x0, 0x0, 0x7c, 0xef, 0xea, 0x40, 0x0,

    /* U+0452 "ђ" */
    0x0, 0x2f, 0xf7, 0x0, 0x0, 0x0, 0x0, 0x3,
    0xcf, 0xff, 0xfc, 0xcc, 0xc7, 0x0, 0x0, 0x5f,
    0xff, 0xff, 0xff, 0xff, 0x90, 0x0, 0x0, 0x2,
    0xff, 0x70, 0x0, 0x0, 0x0, 0x0, 0x0, 0x2f,
    0xf7, 0x0, 0x0, 0x0, 0x0, 0x0, 0x2, 0xff,
    0x72, 0xae, 0xfe, 0xa2, 0x0, 0x0, 0x2f, 0xfc,
    0xff, 0xff, 0xff, 0xf4, 0x0, 0x2, 0xff, 0xff,
    0xb7, 0x8d, 0xff, 0xe0, 0x0, 0x2f, 0xff, 0x60,
    0x0, 0xd, 0xff, 0x30, 0x2, 0xff, 0xd0, 0x0,
    0x0, 0x7f, 0xf5, 0x0, 0x2f, 0xfa, 0x0, 0x0,
    0x5, 0xff, 0x60, 0x2, 0xff, 0x90, 0x0, 0x0,
    0x5f, 0xf6, 0x0, 0x2f, 0xf9, 0x0, 0x0, 0x5,
    0xff, 0x60, 0x2, 0xff, 0x90, 0x0, 0x0, 0x5f,
    0xf6, 0x0, 0x2f, 0xf9, 0x0, 0x0, 0x5, 0xff,
    0x60, 0x2, 0xff, 0x90, 0x0, 0x0, 0x5f, 0xf6,
    0x0, 0x2f, 0xf9, 0x0, 0x0, 0x5, 0xff, 0x60,
    0x0, 0x0, 0x0, 0x0, 0x0, 0x6f, 0xf5, 0x0,
    0x0, 0x0, 0x0, 0x55, 0x6e, 0xff, 0x20, 0x0,
    0x0, 0x0, 0xe, 0xff, 0xff, 0xa0, 0x0, 0x0,
    0x0, 0x1, 0xae, 0xfd, 0x80, 0x0,

    /* U+0453 "ѓ" */
    0x0, 0x0, 0x0, 0x58, 0x83, 0x0, 0x0, 0x7,
    0xff, 0x70, 0x0, 0x0, 0x7f, 0xe4, 0x0, 0x0,
    0x1, 0x77, 0x20, 0x0, 0x0, 0x0, 0x0, 0x0,
    0x0, 0x2f, 0xff, 0xff, 0xff, 0xfe, 0x2f, 0xff,
    0xff, 0xff, 0xfe, 0x2f, 0xfe, 0x55, 0x55, 0x55,
    0x2f, 0xf9, 0x0, 0x0, 0x0, 0x2f, 0xf9, 0x0,
    0x0, 0x0, 0x2f, 0xf9, 0x0, 0x0, 0x0, 0x2f,
    0xf9, 0x0, 0x0, 0x0, 0x2f, 0xf9, 0x0, 0x0,
    0x0, 0x2f, 0xf9, 0x0, 0x0, 0x0, 0x2f, 0xf9,
    0x0, 0x0, 0x0, 0x2f, 0xf9, 0x0, 0x0, 0x0,
    0x2f, 0xf9, 0x0, 0x0, 0x0,

    /* U+0454 "є" */
    0x0, 0x0, 0x6c, 0xef, 0xea, 0x40, 0x0, 0x2,
    0xdf, 0xff, 0xff, 0xff, 0xb0, 0x1, 0xef, 0xfa,
    0x54, 0x5a, 0xfd, 0x10, 0x9f, 0xf6, 0x0, 0x0,
    0x4, 0x10, 0xf, 0xfb, 0x0, 0x0, 0x0, 0x0,
    0x1, 0xff, 0xff, 0xff, 0xfe, 0x0, 0x0, 0x1f,
    0xff, 0xff, 0xff, 0xe0, 0x0, 0x0, 0xff, 0xb0,
    0x0, 0x0, 0x0, 0x0, 0x9, 0xff, 0x50, 0x0,
    0x0, 0x41, 0x0, 0x1e, 0xff, 0xa4, 0x35, 0xaf,
    0xd1, 0x0, 0x3d, 0xff, 0xff, 0xff, 0xfb, 0x0,
    0x0, 0x7, 0xce, 0xfe, 0xa5, 0x0,

    /* U+0455 "ѕ" */
    0x0, 0x7, 0xce, 0xfe, 0xc8, 0x10, 0x1, 0xdf,
    0xff, 0xff, 0xff, 0x70, 0x9, 0xff, 0xa4, 0x46,
    0x9e, 0x0, 0xc, 0xfe, 0x0, 0x0, 0x0, 0x0,
    0xb, 0xff, 0x93, 0x0, 0x0, 0x0, 0x3, 0xff,
    0xff, 0xfd, 0x93, 0x0, 0x0, 0x29, 0xef, 0xff,
    0xff, 0x60, 0x0, 0x0, 0x1, 0x38, 0xff, 0xf0,
    0x1, 0x10, 0x0, 0x0, 0xaf, 0xf1, 0x9, 0xfb,
    0x64, 0x48, 0xff, 0xd0, 0xe, 0xff, 0xff, 0xff,
    0xff, 0x40, 0x1, 0x7b, 0xef, 0xfd, 0x92, 0x0,

    /* U+0456 "і" */
    0x1c, 0xf7, 0x7f, 0xff, 0x3f, 0xfb, 0x2, 0x40,
    0x0, 0x0, 0x2f, 0xf9, 0x2f, 0xf9, 0x2f, 0xf9,
    0x2f, 0xf9, 0x2f, 0xf9, 0x2f, 0xf9, 0x2f, 0xf9,
    0x2f, 0xf9, 0x2f, 0xf9, 0x2f, 0xf9, 0x2f, 0xf9,
    0x2f, 0xf9,

    /* U+0457 "ї" */
    0x29, 0x30, 0x86, 0xb, 0xfb, 0x5f, 0xf1, 0x6f,
    0x62, 0xec, 0x0, 0x0, 0x0, 0x0, 0x0, 0x0,
    0x0, 0x0, 0x3f, 0xf8, 0x0, 0x3, 0xff, 0x80,
    0x0, 0x3f, 0xf8, 0x0, 0x3, 0xff, 0x80, 0x0,
    0x3f, 0xf8, 0x0, 0x3, 0xff, 0x80, 0x0, 0x3f,
    0xf8, 0x0, 0x3, 0xff, 0x80, 0x0, 0x3f, 0xf8,
    0x0, 0x3, 0xff, 0x80, 0x0, 0x3f, 0xf8, 0x0,
    0x3, 0xff, 0x80, 0x0,

    /* U+0458 "ј" */
    0x0, 0x0, 0x2, 0x40, 0x0, 0x0, 0x3, 0xff,
    0xb0, 0x0, 0x0, 0x7f, 0xff, 0x0, 0x0, 0x1,
    0xcf, 0x70, 0x0, 0x0, 0x0, 0x0, 0x0, 0x0,
    0x0, 0x0, 0x0, 0x0, 0x0, 0x1f, 0xfa, 0x0,
    0x0, 0x1, 0xff, 0xa0, 0x0, 0x0, 0x1f, 0xfa,
    0x0, 0x0, 0x1, 0xff, 0xa0, 0x0, 0x0, 0x1f,
    0xfa, 0x0, 0x0, 0x1, 0xff, 0xa0, 0x0, 0x0,
    0x1f, 0xfa, 0x0, 0x0, 0x1, 0xff, 0xa0, 0x0,
    0x0, 0x1f, 0xfa, 0x0, 0x0, 0x1, 0xff, 0xa0,
    0x0, 0x0, 0x1f, 0xfa, 0x0, 0x0, 0x1, 0xff,
    0xa0, 0x0, 0x0, 0x3f, 0xf9, 0x0, 0x46, 0x5c,
    0xff, 0x50, 0xc, 0xff, 0xff, 0xd0, 0x0, 0x9e,
    0xfe, 0x91, 0x0,

    /* U+0459 "љ" */
    0x0, 0xf, 0xff, 0xff, 0xff, 0xff, 0xf0, 0x0,
    0x0, 0x0, 0x0, 0x1, 0xff, 0xff, 0xff, 0xff,
    0xff, 0x0, 0x0, 0x0, 0x0, 0x0, 0x1f, 0xfb,
    0x55, 0x5d, 0xff, 0xf0, 0x0, 0x0, 0x0, 0x0,
    0x2, 0xff, 0x40, 0x0, 0x8f, 0xff, 0x0, 0x0,
    0x0, 0x0, 0x0, 0x3f, 0xf3, 0x0, 0x8, 0xff,
    0xff, 0xff, 0xfc, 0x50, 0x0, 0x4, 0xff, 0x20,
    0x0, 0x8f, 0xff, 0xee, 0xff, 0xff, 0x70, 0x0,
    0x5f, 0xf1, 0x0, 0x8, 0xff, 0xf0, 0x0, 0x3e,
    0xff, 0x10, 0x8, 0xff, 0x0, 0x0, 0x8f, 0xff,
    0x0, 0x0, 0x9f, 0xf3, 0x0, 0xdf, 0xc0, 0x0,
    0x8, 0xff, 0xf0, 0x0, 0xb, 0xff, 0x36, 0xbf,
    0xf8, 0x0, 0x0, 0x8f, 0xff, 0x33, 0x49, 0xff,
    0xe0, 0xcf, 0xff, 0x20, 0x0, 0x8, 0xff, 0xff,
    0xff, 0xff, 0xf5, 0xb, 0xfd, 0x40, 0x0, 0x0,
    0x8f, 0xff, 0xff, 0xfe, 0xa3, 0x0,

    /* U+045A "њ" */
    0x2f, 0xf9, 0x0, 0x0, 0xb, 0xff, 0x0, 0x0,
    0x0, 0x0, 0x2f, 0xf9, 0x0, 0x0, 0xb, 0xff,
    0x0, 0x0, 0x0, 0x0, 0x2f, 0xf9, 0x0, 0x0,
    0xb, 0xff, 0x0, 0x0, 0x0, 0x0, 0x2f, 0xf9,
    0x0, 0x0, 0xb, 0xff, 0x0, 0x0, 0x0, 0x0,
    0x2f, 0xfb, 0x55, 0x55, 0x5c, 0xff, 0x65, 0x55,
    0x30, 0x0, 0x2f, 0xff, 0xff, 0xff, 0xff, 0xff,
    0xff, 0xff, 0xfe, 0x50, 0x2f, 0xff, 0xff, 0xff,
    0xff, 0xff, 0xff, 0xff, 0xff, 0xf3, 0x2f, 0xf9,
    0x0, 0x0, 0xb, 0xff, 0x0, 0x1, 0xaf, 0xf9,
    0x2f, 0xf9, 0x0, 0x0, 0xb, 0xff, 0x0, 0x0,
    0x3f, 0xf9, 0x2f, 0xf9, 0x0, 0x0, 0xb, 0xff,
    0x0, 0x1, 0xaf, 0xf6, 0x2f, 0xf9, 0x0, 0x0,
    0xb, 0xff, 0xff, 0xff, 0xff, 0xc0, 0x2f, 0xf9,
    0x0, 0x0, 0xb, 0xff, 0xff, 0xfe, 0xc6, 0x0,

    /* U+045B "ћ" */
    0x0, 0x18, 0x84, 0x0, 0x0, 0x0, 0x0, 0x0,
    0x2, 0xff, 0x90, 0x0, 0x0, 0x0, 0x0, 0xef,
    0xff, 0xff, 0xff, 0xff, 0x80, 0x0, 0x7, 0x8b,
    0xff, 0xf8, 0x88, 0x84, 0x0, 0x0, 0x0, 0x2f,
    0xf9, 0x0, 0x0, 0x0, 0x0, 0x0, 0x2, 0xff,
    0x92, 0xae, 0xfe, 0xa2, 0x0, 0x0, 0x2f, 0xfe,
    0xff, 0xff, 0xff, 0xf3, 0x0, 0x2, 0xff, 0xff,
    0xb7, 0x8d, 0xff, 0xd0, 0x0, 0x2f, 0xff, 0x60,
    0x0, 0xd, 0xff, 0x30, 0x2, 0xff, 0xd0, 0x0,
    0x0, 0x7f, 0xf5, 0x0, 0x2f, 0xfa, 0x0, 0x0,
    0x5, 0xff, 0x60, 0x2, 0xff, 0x90, 0x0, 0x0,
    0x5f, 0xf6, 0x0, 0x2f, 0xf9, 0x0, 0x0, 0x5,
    0xff, 0x60, 0x2, 0xff, 0x90, 0x0, 0x0, 0x5f,
    0xf6, 0x0, 0x2f, 0xf9, 0x0, 0x0, 0x5, 0xff,
    0x60, 0x2, 0xff, 0x90, 0x0, 0x0, 0x5f, 0xf6,
    0x0, 0x2f, 0xf9, 0x0, 0x0, 0x5, 0xff, 0x60,

    /* U+045C "ќ" */
    0x0, 0x0, 0x0, 0x17, 0x87, 0x0, 0x0, 0x0,
    0x0, 0x1c, 0xfe, 0x30, 0x0, 0x0, 0x0, 0x1c,
    0xfb, 0x10, 0x0, 0x0, 0x0, 0x4, 0x86, 0x0,
    0x0, 0x0, 0x0, 0x0, 0x0, 0x0, 0x0, 0x0,
    0x2, 0xff, 0x90, 0x0, 0x2, 0xff, 0xd0, 0x2f,
    0xf9, 0x0, 0x0, 0xcf, 0xf2, 0x2, 0xff, 0x90,
    0x0, 0x7f, 0xf6, 0x0, 0x2f, 0xf9, 0x0, 0x3f,
    0xfa, 0x0, 0x2, 0xff, 0x90, 0xd, 0xfe, 0x10,
    0x0, 0x2f, 0xff, 0xff, 0xff, 0x30, 0x0, 0x2,
    0xff, 0xff, 0xff, 0xf6, 0x0, 0x0, 0x2f, 0xfe,
    0x57, 0xff, 0xf2, 0x0, 0x2, 0xff, 0x90, 0x5,
    0xff, 0xd0, 0x0, 0x2f, 0xf9, 0x0, 0x9, 0xff,
    0xa0, 0x2, 0xff, 0x90, 0x0, 0xd, 0xff, 0x60,
    0x2f, 0xf9, 0x0, 0x0, 0x2f, 0xff, 0x20,

    /* U+045D "ѝ" */
    0x0, 0x38, 0x85, 0x0, 0x0, 0x0, 0x0, 0x0,
    0x8f, 0xf6, 0x0, 0x0, 0x0, 0x0, 0x0, 0x5f,
    0xf6, 0x0, 0x0, 0x0, 0x0, 0x0, 0x27, 0x71,
    0x0, 0x0, 0x0, 0x0, 0x0, 0x0, 0x0, 0x0,
    0x2, 0xff, 0x90, 0x0, 0x0, 0x5f, 0xf9, 0x2f,
    0xf9, 0x0, 0x0, 0x2f, 0xff, 0x92, 0xff, 0x90,
    0x0, 0x1e, 0xff, 0xf9, 0x2f, 0xf9, 0x0, 0xc,
    0xff, 0xff, 0x92, 0xff, 0x90, 0x9, 0xff, 0xaf,
    0xf9, 0x2f, 0xf9, 0x6, 0xff, 0xa2, 0xff, 0x92,
    0xff, 0x94, 0xff, 0xd0, 0x2f, 0xf9, 0x2f, 0xfb,
    0xef, 0xe2, 0x2, 0xff, 0x92, 0xff, 0xff, 0xf4,
    0x0, 0x2f, 0xf9, 0x2f, 0xff, 0xf6, 0x0, 0x2,
    0xff, 0x92, 0xff, 0xf9, 0x0, 0x0, 0x2f, 0xf9,
    0x2f, 0xfc, 0x0, 0x0, 0x2, 0xff, 0x90,

    /* U+045E "ў" */
    0x0, 0x5, 0xf8, 0x0, 0x1f, 0xd0, 0x0, 0x0,
    0x1, 0xef, 0xa9, 0xef, 0x70, 0x0, 0x0, 0x0,
    0x3b, 0xef, 0xd7, 0x0, 0x0, 0x0, 0x0, 0x0,
    0x0, 0x0, 0x0, 0x0, 0x0, 0x0, 0x0, 0x0,
    0x0, 0x0, 0x0, 0xc, 0xff, 0x10, 0x0, 0x0,
    0xe, 0xfb, 0x5, 0xff, 0x80, 0x0, 0x0, 0x5f,
    0xf4, 0x0, 0xdf, 0xe0, 0x0, 0x0, 0xcf, 0xd0,
    0x0, 0x7f, 0xf6, 0x0, 0x3, 0xff, 0x60, 0x0,
    0xf, 0xfd, 0x0, 0xa, 0xfe, 0x0, 0x0, 0x8,
    0xff, 0x30, 0x1f, 0xf8, 0x0, 0x0, 0x2, 0xff,
    0xa0, 0x8f, 0xf1, 0x0, 0x0, 0x0, 0xaf, 0xf2,
    0xef, 0xa0, 0x0, 0x0, 0x0, 0x3f, 0xfe, 0xff,
    0x30, 0x0, 0x0, 0x0, 0xc, 0xff, 0xfc, 0x0,
    0x0, 0x0, 0x0, 0x5, 0xff, 0xf5, 0x0, 0x0,
    0x0, 0x0, 0x0, 0xff, 0xe0, 0x0, 0x0, 0x0,
    0x0, 0x4, 0xff, 0x70, 0x0, 0x0, 0x7, 0xb6,
    0x6e, 0xfe, 0x0, 0x0, 0x0, 0x1f, 0xff, 0xff,
    0xf4, 0x0, 0x0, 0x0, 0x6, 0xcf, 0xfb, 0x40,
    0x0, 0x0, 0x0,

    /* U+045F "џ" */
    0x2f, 0xf9, 0x0, 0x0, 0x3f, 0xf8, 0x2f, 0xf9,
    0x0, 0x0, 0x3f, 0xf8, 0x2f, 0xf9, 0x0, 0x0,
    0x3f, 0xf8, 0x2f, 0xf9, 0x0, 0x0, 0x3f, 0xf8,
    0x2f, 0xf9, 0x0, 0x0, 0x3f, 0xf8, 0x2f, 0xf9,
    0x0, 0x0, 0x3f, 0xf8, 0x2f, 0xf9, 0x0, 0x0,
    0x3f, 0xf8, 0x2f, 0xf9, 0x0, 0x0, 0x3f, 0xf8,
    0x2f, 0xf9, 0x0, 0x0, 0x3f, 0xf8, 0x2f, 0xfb,
    0x55, 0x55, 0x8f, 0xf8, 0x2f, 0xff, 0xff, 0xff,
    0xff, 0xf8, 0x2f, 0xff, 0xff, 0xff, 0xff, 0xf8,
    0x0, 0x0, 0x1f, 0xf7, 0x0, 0x0, 0x0, 0x0,
    0x1f, 0xf7, 0x0, 0x0, 0x0, 0x0, 0x8, 0x83,
    0x0, 0x0,

    /* U+0462 "Ѣ" */
    0x0, 0x0, 0x48, 0x81, 0x0, 0x0, 0x0, 0x0,
    0x0, 0x0, 0x0, 0x9f, 0xf3, 0x0, 0x0, 0x0,
    0x0, 0x0, 0x0, 0x0, 0x9f, 0xf4, 0x0, 0x0,
    0x0, 0x0, 0x0, 0x9f, 0xff, 0xff, 0xff, 0xff,
    0xfe, 0x0, 0x0, 0x0, 0x9f, 0xff, 0xff, 0xff,
    0xff, 0xfe, 0x0, 0x0, 0x0, 0x0, 0x0, 0x9f,
    0xf3, 0x0, 0x0, 0x0, 0x0, 0x0, 0x0, 0x0,
    0x9f, 0xf6, 0x33, 0x33, 0x20, 0x0, 0x0, 0x0,
    0x0, 0x9f, 0xff, 0xff, 0xff, 0xff, 0xb3, 0x0,
    0x0, 0x0, 0x9f, 0xff, 0xff, 0xff, 0xff, 0xff,
    0x40, 0x0, 0x0, 0x9f, 0xf3, 0x0, 0x0, 0x3b,
    0xff, 0xd0, 0x0, 0x0, 0x9f, 0xf3, 0x0, 0x0,
    0x0, 0xef, 0xf2, 0x0, 0x0, 0x9f, 0xf3, 0x0,
    0x0, 0x0, 0xaf, 0xf4, 0x0, 0x0, 0x9f, 0xf3,
    0x0, 0x0, 0x0, 0xbf, 0xf3, 0x0, 0x0, 0x9f,
    0xf3, 0x0, 0x0, 0x2, 0xff, 0xf0, 0x0, 0x0,
    0x9f, 0xf6, 0x33, 0x34, 0x7e, 0xff, 0x90, 0x0,
    0x0, 0x9f, 0xff, 0xff, 0xff, 0xff, 0xfc, 0x0,
    0x0, 0x0, 0x9f, 0xff, 0xff, 0xff, 0xeb, 0x50,
    0x0,

    /* U+0463 "ѣ" */
    0x0, 0x2, 0x88, 0x40, 0x0, 0x0, 0x0, 0x0,
    0x0, 0x4f, 0xf8, 0x0, 0x0, 0x0, 0x0, 0x0,
    0x4, 0xff, 0x80, 0x0, 0x0, 0x0, 0x0, 0x0,
    0x4f, 0xf8, 0x0, 0x0, 0x0, 0x0, 0xe, 0xef,
    0xff, 0xfe, 0xee, 0xb0, 0x0, 0x0, 0xff, 0xff,
    0xff, 0xff, 0xfc, 0x0, 0x0, 0x0, 0x4, 0xff,
    0x80, 0x0, 0x0, 0x0, 0x0, 0x0, 0x4f, 0xf8,
    0x0, 0x0, 0x0, 0x0, 0x0, 0x4, 0xff, 0x80,
    0x0, 0x0, 0x0, 0x0, 0x0, 0x4f, 0xff, 0xff,
    0xff, 0xc5, 0x0, 0x0, 0x4, 0xff, 0xfe, 0xef,
    0xff, 0xf7, 0x0, 0x0, 0x4f, 0xf8, 0x0, 0x3,
    0xef, 0xf1, 0x0, 0x4, 0xff, 0x80, 0x0, 0x9,
    0xff, 0x30, 0x0, 0x4f, 0xf8, 0x0, 0x0, 0xaf,
    0xf3, 0x0, 0x4, 0xff, 0x80, 0x1, 0x6f, 0xfe,
    0x0, 0x0, 0x4f, 0xff, 0xff, 0xff, 0xff, 0x50,
    0x0, 0x4, 0xff, 0xff, 0xff, 0xea, 0x30, 0x0,

    /* U+046A "Ѫ" */
    0x0, 0xcf, 0xff, 0xff, 0xff, 0xff, 0xff, 0xff,
    0xff, 0x0, 0x0, 0xbf, 0xff, 0xff, 0xff, 0xff,
    0xff, 0xff, 0xff, 0x0, 0x0, 0x3f, 0xfd, 0x22,
    0x22, 0x22, 0x22, 0x9f, 0xf5, 0x0, 0x0, 0x4,
    0xff, 0xa0, 0x0, 0x0, 0x6, 0xff, 0x70, 0x0,
    0x0, 0x0, 0x5f, 0xf9, 0x0, 0x0, 0x5f, 0xf8,
    0x0, 0x0, 0x0, 0x0, 0x6, 0xff, 0x90, 0x5,
    0xff, 0x90, 0x0, 0x0, 0x0, 0x0, 0x0, 0x7f,
    0xf8, 0x4f, 0xfb, 0x0, 0x0, 0x0, 0x0, 0x0,
    0x6, 0xaf, 0xff, 0xff, 0xfb, 0x71, 0x0, 0x0,
    0x0, 0x1, 0xcf, 0xff, 0xff, 0xff, 0xff, 0xfe,
    0x30, 0x0, 0x0, 0xc, 0xff, 0xd7, 0x7f, 0xfa,
    0x6b, 0xff, 0xe2, 0x0, 0x0, 0x6f, 0xfa, 0x0,
    0x3f, 0xf7, 0x0, 0x7f, 0xfb, 0x0, 0x0, 0xdf,
    0xe0, 0x0, 0x3f, 0xf7, 0x0, 0xb, 0xff, 0x20,
    0x4, 0xff, 0x80, 0x0, 0x3f, 0xf7, 0x0, 0x4,
    0xff, 0x90, 0xb, 0xff, 0x20, 0x0, 0x3f, 0xf7,
    0x0, 0x0, 0xef, 0xe0, 0x1f, 0xfd, 0x0, 0x0,
    0x3f, 0xf7, 0x0, 0x0, 0x8f, 0xf5, 0x7f, 0xf7,
    0x0, 0x0, 0x3f, 0xf7, 0x0, 0x0, 0x3f, 0xfb,

    /* U+046B "ѫ" */
    0x4, 0xff, 0xff, 0xff, 0xff, 0xff, 0xff, 0x50,
    0x3, 0xff, 0xfd, 0xdd, 0xdd, 0xde, 0xff, 0x40,
    0x0, 0x7f, 0xf4, 0x0, 0x0, 0x3f, 0xf8, 0x0,
    0x0, 0x7, 0xff, 0x30, 0x2, 0xef, 0x80, 0x0,
    0x0, 0x0, 0x6f, 0xf3, 0x2e, 0xf7, 0x0, 0x0,
    0x0, 0x2, 0x9f, 0xff, 0xff, 0xf9, 0x30, 0x0,
    0x0, 0x3f, 0xff, 0xff, 0xff, 0xff, 0xf6, 0x0,
    0x0, 0xdf, 0xe5, 0x4f, 0xf5, 0x4d, 0xff, 0x20,
    0x6, 0xff, 0x30, 0x2f, 0xf3, 0x2, 0xff, 0x90,
    0xc, 0xfc, 0x0, 0x2f, 0xf3, 0x0, 0xaf, 0xe0,
    0x3f, 0xf7, 0x0, 0x2f, 0xf3, 0x0, 0x4f, 0xf5,
    0x9f, 0xf1, 0x0, 0x2f, 0xf3, 0x0, 0xe, 0xfb,

    /* U+0472 "Ѳ" */
    0x0, 0x0, 0x2, 0x8c, 0xef, 0xeb, 0x60, 0x0,
    0x0, 0x0, 0x0, 0x9f, 0xff, 0xff, 0xff, 0xfe,
    0x50, 0x0, 0x0, 0xc, 0xff, 0xfd, 0x98, 0xaf,
    0xff, 0xf6, 0x0, 0x0, 0xaf, 0xfe, 0x40, 0x0,
    0x0, 0x9f, 0xff, 0x30, 0x3, 0xff, 0xf3, 0x0,
    0x0, 0x0, 0x9, 0xff, 0xc0, 0x9, 0xff, 0x70,
    0x0, 0x0, 0x0, 0x0, 0xdf, 0xf2, 0xd, 0xff,
    0x32, 0x22, 0x22, 0x22, 0x22, 0x9f, 0xf6, 0xf,
    0xff, 0xff, 0xff, 0xff, 0xff, 0xff, 0xff, 0xf8,
    0xf, 0xff, 0xff, 0xff, 0xff, 0xff, 0xff, 0xff,
    0xf8, 0xd, 0xff, 0x10, 0x0, 0x0, 0x0, 0x0,
    0x8f, 0xf6, 0x9, 0xff, 0x60, 0x0, 0x0, 0x0,
    0x0, 0xdf, 0xf2, 0x3, 0xff, 0xe2, 0x0, 0x0,
    0x0, 0x8, 0xff, 0xc0, 0x0, 0xaf, 0xfe, 0x30,
    0x0, 0x0, 0x8f, 0xff, 0x30, 0x0, 0xc, 0xff,
    0xfc, 0x98, 0xae, 0xff, 0xf6, 0x0, 0x0, 0x0,
    0x9f, 0xff, 0xff, 0xff, 0xfe, 0x50, 0x0, 0x0,
    0x0, 0x2, 0x8d, 0xef, 0xeb, 0x60, 0x0, 0x0,

    /* U+0473 "ѳ" */
    0x0, 0x1, 0x7c, 0xef, 0xd8, 0x20, 0x0, 0x0,
    0x3e, 0xff, 0xff, 0xff, 0xf5, 0x0, 0x1, 0xef,
    0xfb, 0x65, 0x9f, 0xff, 0x40, 0x9, 0xff, 0x70,
    0x0, 0x4, 0xff, 0xd0, 0xf, 0xfd, 0x0, 0x0,
    0x0, 0xaf, 0xf2, 0x1f, 0xff, 0xff, 0xff, 0xff,
    0xff, 0xf5, 0x1f, 0xff, 0xcc, 0xcc, 0xcc, 0xff,
    0xf4, 0xf, 0xfe, 0x0, 0x0, 0x0, 0xaf, 0xf2,
    0x9, 0xff, 0x80, 0x0, 0x4, 0xff, 0xc0, 0x1,
    0xef, 0xfb, 0x65, 0x9f, 0xff, 0x40, 0x0, 0x3e,
    0xff, 0xff, 0xff, 0xf5, 0x0, 0x0, 0x1, 0x7c,
    0xef, 0xd8, 0x20, 0x0,

    /* U+0474 "Ѵ" */
    0x0, 0x0, 0x0, 0x0, 0x0, 0x0, 0x0, 0x22,
    0x9, 0xff, 0x80, 0x0, 0x0, 0x0, 0x4, 0xef,
    0xfb, 0x2f, 0xfe, 0x0, 0x0, 0x0, 0x2, 0xff,
    0xff, 0x90, 0xcf, 0xf5, 0x0, 0x0, 0x0, 0xbf,
    0xff, 0xc7, 0x6, 0xff, 0xb0, 0x0, 0x0, 0x2f,
    0xfe, 0x20, 0x0, 0xf, 0xff, 0x10, 0x0, 0x7,
    0xff, 0x70, 0x0, 0x0, 0x9f, 0xf8, 0x0, 0x0,
    0xdf, 0xf1, 0x0, 0x0, 0x3, 0xff, 0xe0, 0x0,
    0x2f, 0xfb, 0x0, 0x0, 0x0, 0xd, 0xff, 0x40,
    0x8, 0xff, 0x50, 0x0, 0x0, 0x0, 0x6f, 0xfa,
    0x0, 0xef, 0xf0, 0x0, 0x0, 0x0, 0x1, 0xff,
    0xf1, 0x3f, 0xfa, 0x0, 0x0, 0x0, 0x0, 0xa,
    0xff, 0x79, 0xff, 0x40, 0x0, 0x0, 0x0, 0x0,
    0x3f, 0xfd, 0xef, 0xe0, 0x0, 0x0, 0x0, 0x0,
    0x0, 0xdf, 0xff, 0xf9, 0x0, 0x0, 0x0, 0x0,
    0x0, 0x7, 0xff, 0xff, 0x30, 0x0, 0x0, 0x0,
    0x0, 0x0, 0x1f, 0xff, 0xe0, 0x0, 0x0, 0x0,
    0x0, 0x0, 0x0, 0xaf, 0xf8, 0x0, 0x0, 0x0,
    0x0,

    /* U+0475 "ѵ" */
    0x0, 0x0, 0x0, 0x0, 0x0, 0x2, 0x20, 0xbf,
    0xf4, 0x0, 0x0, 0x2, 0xdf, 0xf7, 0x5f, 0xfa,
    0x0, 0x0, 0xc, 0xff, 0xf6, 0xe, 0xff, 0x10,
    0x0, 0x3f, 0xfe, 0xa3, 0x7, 0xff, 0x80, 0x0,
    0x9f, 0xf4, 0x0, 0x1, 0xff, 0xe0, 0x0, 0xff,
    0xd0, 0x0, 0x0, 0x9f, 0xf5, 0x5, 0xff, 0x70,
    0x0, 0x0, 0x2f, 0xfc, 0xb, 0xff, 0x10, 0x0,
    0x0, 0xc, 0xff, 0x4f, 0xfa, 0x0, 0x0, 0x0,
    0x5, 0xff, 0xff, 0xf4, 0x0, 0x0, 0x0, 0x0,
    0xef, 0xff, 0xe0, 0x0, 0x0, 0x0, 0x0, 0x7f,
    0xff, 0x80, 0x0, 0x0, 0x0, 0x0, 0x1f, 0xff,
    0x10, 0x0, 0x0,

    /* U+048A "Ҋ" */
    0x0, 0xf, 0xf1, 0x0, 0xf, 0xf0, 0x0, 0x0,
    0x0, 0x0, 0xbf, 0xa1, 0x19, 0xfb, 0x0, 0x0,
    0x0, 0x0, 0x2, 0xdf, 0xff, 0xfd, 0x20, 0x0,
    0x0, 0x0, 0x0, 0x0, 0x47, 0x74, 0x0, 0x0,
    0x0, 0x0, 0xdf, 0xf0, 0x0, 0x0, 0x0, 0x2f,
    0xfe, 0x0, 0xd, 0xff, 0x0, 0x0, 0x0, 0xc,
    0xff, 0xe0, 0x0, 0xdf, 0xf0, 0x0, 0x0, 0x8,
    0xff, 0xfe, 0x0, 0xd, 0xff, 0x0, 0x0, 0x4,
    0xff, 0xff, 0xe0, 0x0, 0xdf, 0xf0, 0x0, 0x1,
    0xef, 0xff, 0xfe, 0x0, 0xd, 0xff, 0x0, 0x0,
    0xbf, 0xf8, 0xef, 0xe0, 0x0, 0xdf, 0xf0, 0x0,
    0x7f, 0xfc, 0xe, 0xfe, 0x0, 0xd, 0xff, 0x0,
    0x3f, 0xfe, 0x10, 0xef, 0xe0, 0x0, 0xdf, 0xf0,
    0xd, 0xff, 0x50, 0xe, 0xfe, 0x0, 0xd, 0xff,
    0x9, 0xff, 0x90, 0x0, 0xef, 0xe0, 0x0, 0xdf,
    0xf5, 0xff, 0xd0, 0x0, 0xe, 0xfe, 0x0, 0xd,
    0xff, 0xff, 0xf2, 0x0, 0x0, 0xef, 0xe0, 0x0,
    0xdf, 0xff, 0xf6, 0x0, 0x0, 0xe, 0xfe, 0x0,
    0xd, 0xff, 0xfa, 0x0, 0x0, 0x0, 0xff, 0xf7,
    0x70, 0xdf, 0xfe, 0x10, 0x0, 0x0, 0xf, 0xff,
    0xfe, 0xd, 0xff, 0x30, 0x0, 0x0, 0x0, 0xff,
    0xff, 0x90, 0x0, 0x0, 0x0, 0x0, 0x0, 0x0,
    0x2f, 0xf5, 0x0, 0x0, 0x0, 0x0, 0x0, 0x0,
    0x5, 0xff, 0x10, 0x0, 0x0, 0x0, 0x0, 0x0,
    0x0, 0x8f, 0xc0, 0x0, 0x0, 0x0, 0x0, 0x0,
    0x0, 0x5, 0x84, 0x0,

    /* U+048B "ҋ" */
    0x0, 0x18, 0x40, 0x0, 0x48, 0x20, 0x0, 0x0,
    0x0, 0xfe, 0x30, 0x3d, 0xf1, 0x0, 0x0, 0x0,
    0x5, 0xff, 0xff, 0xf6, 0x0, 0x0, 0x0, 0x0,
    0x1, 0x67, 0x61, 0x0, 0x0, 0x0, 0x0, 0x0,
    0x0, 0x0, 0x0, 0x0, 0x0, 0x2, 0xff, 0x90,
    0x0, 0x0, 0x5f, 0xf9, 0x0, 0x2f, 0xf9, 0x0,
    0x0, 0x2f, 0xff, 0x90, 0x2, 0xff, 0x90, 0x0,
    0x1e, 0xff, 0xf9, 0x0, 0x2f, 0xf9, 0x0, 0xc,
    0xff, 0xff, 0x90, 0x2, 0xff, 0x90, 0x9, 0xff,
    0xaf, 0xf9, 0x0, 0x2f, 0xf9, 0x6, 0xff, 0xa2,
    0xff, 0x90, 0x2, 0xff, 0x94, 0xff, 0xd0, 0x2f,
    0xf9, 0x0, 0x2f, 0xfb, 0xef, 0xe2, 0x2, 0xff,
    0x90, 0x2, 0xff, 0xff, 0xf4, 0x0, 0x2f, 0xf9,
    0x0, 0x2f, 0xff, 0xf6, 0x0, 0x3, 0xff, 0xf5,
    0x22, 0xff, 0xf9, 0x0, 0x0, 0x5f, 0xff, 0xf2,
    0x2f, 0xfc, 0x0, 0x0, 0x5, 0xff, 0xfe, 0x0,
    0x0, 0x0, 0x0, 0x0, 0x0, 0xbf, 0x90, 0x0,
    0x0, 0x0, 0x0, 0x0, 0xe, 0xf5, 0x0, 0x0,
    0x0, 0x0, 0x0, 0x0, 0x88, 0x0,

    /* U+048C "Ҍ" */
    0x0, 0x28, 0x84, 0x0, 0x0, 0x0, 0x0, 0x0,
    0x0, 0x4f, 0xf9, 0x0, 0x0, 0x0, 0x0, 0x0,
    0x0, 0x4f, 0xf9, 0x0, 0x0, 0x0, 0x0, 0x0,
    0x6f, 0xff, 0xff, 0xff, 0xff, 0x30, 0x0, 0x0,
    0x6f, 0xff, 0xff, 0xff, 0xff, 0x30, 0x0, 0x0,
    0x0, 0x4f, 0xf9, 0x0, 0x0, 0x0, 0x0, 0x0,
    0x0, 0x4f, 0xfa, 0x33, 0x33, 0x31, 0x0, 0x0,
    0x0, 0x4f, 0xff, 0xff, 0xff, 0xff, 0xd6, 0x0,
    0x0, 0x4f, 0xff, 0xff, 0xff, 0xff, 0xff, 0x80,
    0x0, 0x4f, 0xf9, 0x0, 0x0, 0x28, 0xff, 0xf2,
    0x0, 0x4f, 0xf9, 0x0, 0x0, 0x0, 0x9f, 0xf7,
    0x0, 0x4f, 0xf9, 0x0, 0x0, 0x0, 0x5f, 0xf9,
    0x0, 0x4f, 0xf9, 0x0, 0x0, 0x0, 0x6f, 0xf8,
    0x0, 0x4f, 0xf9, 0x0, 0x0, 0x0, 0xcf, 0xf5,
    0x0, 0x4f, 0xfa, 0x33, 0x33, 0x5c, 0xff, 0xe0,
    0x0, 0x4f, 0xff, 0xff, 0xff, 0xff, 0xfe, 0x30,
    0x0, 0x4f, 0xff, 0xff, 0xff, 0xfc, 0x71, 0x0,

    /* U+048D "ҍ" */
    0x0, 0x6f, 0xf5, 0x0, 0x0, 0x0, 0x0, 0x8e,
    0xff, 0xff, 0xee, 0xe8, 0x0, 0x0, 0x9f, 0xff,
    0xff, 0xff, 0xf9, 0x0, 0x0, 0x0, 0x6f, 0xf5,
    0x0, 0x0, 0x0, 0x0, 0x0, 0x6f, 0xff, 0xee,
    0xed, 0xa3, 0x0, 0x0, 0x6f, 0xff, 0xff, 0xff,
    0xff, 0x50, 0x0, 0x6f, 0xf5, 0x0, 0x5, 0xff,
    0xe0, 0x0, 0x6f, 0xf5, 0x0, 0x0, 0xbf, 0xf1,
    0x0, 0x6f, 0xf5, 0x0, 0x0, 0xcf, 0xf1, 0x0,
    0x6f, 0xf5, 0x0, 0x17, 0xff, 0xd0, 0x0, 0x6f,
    0xff, 0xff, 0xff, 0xff, 0x40, 0x0, 0x6f, 0xff,
    0xff, 0xfe, 0xa2, 0x0,

    /* U+048E "Ҏ" */
    0xdf, 0xff, 0xff, 0xfe, 0xc7, 0x0, 0x0, 0xdf,
    0xff, 0xff, 0xff, 0xff, 0xe3, 0x0, 0xdf, 0xf7,
    0x77, 0x79, 0xef, 0xfe, 0x10, 0xdf, 0xf0, 0x0,
    0x0, 0xb, 0xff, 0x80, 0xdf, 0xf0, 0x0, 0x0,
    0x1, 0xff, 0xd0, 0xdf, 0xf0, 0x0, 0x40, 0x0,
    0xef, 0xf0, 0xdf, 0xf0, 0x4, 0xfa, 0x0, 0xef,
    0xf0, 0xdf, 0xf0, 0x0, 0xdf, 0x62, 0xff, 0xd0,
    0xdf, 0xf0, 0x0, 0x3f, 0xfe, 0xff, 0x80, 0xdf,
    0xf7, 0x77, 0x7f, 0xff, 0xfe, 0x10, 0xdf, 0xff,
    0xff, 0xff, 0xff, 0xf3, 0x0, 0xdf, 0xff, 0xff,
    0xfe, 0xdf, 0xf4, 0x0, 0xdf, 0xf0, 0x0, 0x0,
    0x3, 0xfe, 0x10, 0xdf, 0xf0, 0x0, 0x0, 0x0,
    0x7f, 0x40, 0xdf, 0xf0, 0x0, 0x0, 0x0, 0x2,
    0x0, 0xdf, 0xf0, 0x0, 0x0, 0x0, 0x0, 0x0,

    /* U+048F "ҏ" */
    0x2f, 0xf7, 0x18, 0xdf, 0xea, 0x30, 0x0, 0x2f,
    0xf9, 0xdf, 0xff, 0xff, 0xf8, 0x0, 0x2f, 0xff,
    0xfb, 0x66, 0xaf, 0xff, 0x50, 0x2f, 0xff, 0x70,
    0x0, 0x4, 0xff, 0xd0, 0x2f, 0xff, 0x0, 0x0,
    0x0, 0xaf, 0xf3, 0x2f, 0xff, 0x0, 0x0, 0x0,
    0x6f, 0xf5, 0x2f, 0xff, 0x0, 0x0, 0x50, 0x6f,
    0xf5, 0x2f, 0xff, 0x0, 0xa, 0xf5, 0xaf, 0xf3,
    0x2f, 0xff, 0x70, 0x2, 0xff, 0xff, 0xd0, 0x2f,
    0xff, 0xfb, 0x66, 0xff, 0xff, 0x50, 0x2f, 0xfb,
    0xdf, 0xff, 0xff, 0xff, 0x0, 0x2f, 0xfa, 0x8,
    0xdf, 0xeb, 0xff, 0x80, 0x2f, 0xfa, 0x0, 0x0,
    0x0, 0xd, 0x90, 0x2f, 0xfa, 0x0, 0x0, 0x0,
    0x1, 0x0, 0x2f, 0xfa, 0x0, 0x0, 0x0, 0x0,
    0x0, 0x2f, 0xfa, 0x0, 0x0, 0x0, 0x0, 0x0,

    /* U+0490 "Ґ" */
    0x0, 0x0, 0x0, 0x0, 0xff, 0xa0, 0x0, 0x0,
    0x0, 0xf, 0xfa, 0x0, 0x0, 0x0, 0x0, 0xff,
    0xad, 0xff, 0xff, 0xff, 0xff, 0xfa, 0xdf, 0xff,
    0xff, 0xff, 0xff, 0xad, 0xff, 0x77, 0x77, 0x77,
    0x74, 0xdf, 0xf0, 0x0, 0x0, 0x0, 0xd, 0xff,
    0x0, 0x0, 0x0, 0x0, 0xdf, 0xf0, 0x0, 0x0,
    0x0, 0xd, 0xff, 0x0, 0x0, 0x0, 0x0, 0xdf,
    0xf0, 0x0, 0x0, 0x0, 0xd, 0xff, 0x0, 0x0,
    0x0, 0x0, 0xdf, 0xf0, 0x0, 0x0, 0x0, 0xd,
    0xff, 0x0, 0x0, 0x0, 0x0, 0xdf, 0xf0, 0x0,
    0x0, 0x0, 0xd, 0xff, 0x0, 0x0, 0x0, 0x0,
    0xdf, 0xf0, 0x0, 0x0, 0x0, 0xd, 0xff, 0x0,
    0x0, 0x0, 0x0, 0xdf, 0xf0, 0x0, 0x0, 0x0,
    0x0,

    /* U+0491 "ґ" */
    0x0, 0x0, 0x0, 0x8, 0x83, 0x0, 0x0, 0x0,
    0x1f, 0xf7, 0x0, 0x0, 0x0, 0x1f, 0xf7, 0x2f,
    0xff, 0xff, 0xff, 0xf7, 0x2f, 0xff, 0xff, 0xff,
    0xf7, 0x2f, 0xfb, 0x55, 0x55, 0x52, 0x2f, 0xf9,
    0x0, 0x0, 0x0, 0x2f, 0xf9, 0x0, 0x0, 0x0,
    0x2f, 0xf9, 0x0, 0x0, 0x0, 0x2f, 0xf9, 0x0,
    0x0, 0x0, 0x2f, 0xf9, 0x0, 0x0, 0x0, 0x2f,
    0xf9, 0x0, 0x0, 0x0, 0x2f, 0xf9, 0x0, 0x0,
    0x0, 0x2f, 0xf9, 0x0, 0x0, 0x0, 0x2f, 0xf9,
    0x0, 0x0, 0x0,

    /* U+0492 "Ғ" */
    0x0, 0x2f, 0xff, 0xff, 0xff, 0xff, 0xf4, 0x0,
    0x2f, 0xff, 0xff, 0xff, 0xff, 0xf4, 0x0, 0x2f,
    0xff, 0x77, 0x77, 0x77, 0x72, 0x0, 0x2f, 0xfa,
    0x0, 0x0, 0x0, 0x0, 0x0, 0x2f, 0xfa, 0x0,
    0x0, 0x0, 0x0, 0x0, 0x2f, 0xfa, 0x0, 0x0,
    0x0, 0x0, 0x0, 0x2f, 0xfa, 0x0, 0x0, 0x0,
    0x0, 0x0, 0x2f, 0xfa, 0x0, 0x0, 0x0, 0x0,
    0x7f, 0xff, 0xff, 0xff, 0xff, 0xfe, 0x0, 0x7f,
    0xff, 0xff, 0xff, 0xff, 0xfe, 0x0, 0x0, 0x2f,
    0xfa, 0x0, 0x0, 0x0, 0x0, 0x0, 0x2f, 0xfa,
    0x0, 0x0, 0x0, 0x0, 0x0, 0x2f, 0xfa, 0x0,
    0x0, 0x0, 0x0, 0x0, 0x2f, 0xfa, 0x0, 0x0,
    0x0, 0x0, 0x0, 0x2f, 0xfa, 0x0, 0x0, 0x0,
    0x0, 0x0, 0x2f, 0xfa, 0x0, 0x0, 0x0, 0x0,

    /* U+0493 "ғ" */
    0x0, 0xbf, 0xff, 0xff, 0xff, 0xf5, 0x0, 0xbf,
    0xff, 0xff, 0xff, 0xf5, 0x0, 0xbf, 0xf6, 0x55,
    0x55, 0x51, 0x0, 0xbf, 0xf0, 0x0, 0x0, 0x0,
    0x0, 0xbf, 0xf0, 0x0, 0x0, 0x0, 0x0, 0xbf,
    0xf0, 0x0, 0x0, 0x0, 0x2f, 0xff, 0xff, 0xff,
    0xfc, 0x0, 0x2d, 0xff, 0xfd, 0xdd, 0xd9, 0x0,
    0x0, 0xbf, 0xf0, 0x0, 0x0, 0x0, 0x0, 0xbf,
    0xf0, 0x0, 0x0, 0x0, 0x0, 0xbf, 0xf0, 0x0,
    0x0, 0x0, 0x0, 0xbf, 0xf0, 0x0, 0x0, 0x0,

    /* U+0494 "Ҕ" */
    0xdf, 0xff, 0xff, 0xff, 0xff, 0xf1, 0xd, 0xff,
    0xff, 0xff, 0xff, 0xff, 0x10, 0xdf, 0xf7, 0x77,
    0x77, 0x77, 0x70, 0xd, 0xff, 0x0, 0x0, 0x0,
    0x0, 0x0, 0xdf, 0xf0, 0x0, 0x0, 0x0, 0x0,
    0xd, 0xff, 0x0, 0x0, 0x0, 0x0, 0x0, 0xdf,
    0xf0, 0x0, 0x0, 0x0, 0x0, 0xd, 0xff, 0x6b,
    0xff, 0xfd, 0x70, 0x0, 0xdf, 0xff, 0xff, 0xff,
    0xff, 0xd1, 0xd, 0xff, 0xe9, 0x55, 0x8f, 0xff,
    0xb0, 0xdf, 0xf1, 0x0, 0x0, 0x2f, 0xff, 0x3d,
    0xff, 0x0, 0x0, 0x0, 0x7f, 0xf7, 0xdf, 0xf0,
    0x0, 0x0, 0x4, 0xff, 0x9d, 0xff, 0x0, 0x0,
    0x0, 0x4f, 0xf8, 0xdf, 0xf0, 0x0, 0x0, 0x7,
    0xff, 0x6d, 0xff, 0x0, 0x0, 0x1, 0xef, 0xf1,
    0x0, 0x0, 0x1, 0x15, 0xdf, 0xf9, 0x0, 0x0,
    0x0, 0xaf, 0xff, 0xfc, 0x0, 0x0, 0x0, 0xd,
    0xff, 0xf8, 0x0, 0x0, 0x0, 0x0, 0x34, 0x30,
    0x0, 0x0,

    /* U+0495 "ҕ" */
    0x2f, 0xff, 0xff, 0xff, 0xfa, 0x0, 0x2, 0xff,
    0xff, 0xff, 0xff, 0xa0, 0x0, 0x2f, 0xfe, 0x55,
    0x55, 0x53, 0x0, 0x2, 0xff, 0x90, 0x0, 0x0,
    0x0, 0x0, 0x2f, 0xf9, 0x0, 0x0, 0x0, 0x0,
    0x2, 0xff, 0x92, 0x67, 0x73, 0x0, 0x0, 0x2f,
    0xff, 0xff, 0xff, 0xfd, 0x20, 0x2, 0xff, 0xff,
    0xed, 0xff, 0xfe, 0x10, 0x2f, 0xff, 0x20, 0x1,
    0xbf, 0xf9, 0x2, 0xff, 0x90, 0x0, 0x0, 0xff,
    0xe0, 0x2f, 0xf9, 0x0, 0x0, 0xc, 0xff, 0x2,
    0xff, 0x90, 0x0, 0x0, 0xdf, 0xf0, 0x0, 0x0,
    0x0, 0x0, 0x2f, 0xfc, 0x0, 0x0, 0x0, 0x0,
    0x4d, 0xff, 0x60, 0x0, 0x0, 0x1f, 0xff, 0xff,
    0xb0, 0x0, 0x0, 0x5, 0xff, 0xff, 0x80, 0x0,
    0x0, 0x0, 0x26, 0x65, 0x10, 0x0, 0x0,

    /* U+0496 "Җ" */
    0x1f, 0xfe, 0x10, 0x0, 0x0, 0xdf, 0xf0, 0x0,
    0x0, 0xd, 0xff, 0x30, 0x7, 0xff, 0x80, 0x0,
    0x0, 0xdf, 0xf0, 0x0, 0x0, 0x6f, 0xf9, 0x0,
    0x0, 0xdf, 0xf1, 0x0, 0x0, 0xdf, 0xf0, 0x0,
    0x0, 0xef, 0xf1, 0x0, 0x0, 0x5f, 0xf9, 0x0,
    0x0, 0xdf, 0xf0, 0x0, 0x7, 0xff, 0x70, 0x0,
    0x0, 0xb, 0xff, 0x20, 0x0, 0xdf, 0xf0, 0x0,
    0x1f, 0xfd, 0x0, 0x0, 0x0, 0x2, 0xff, 0xb0,
    0x0, 0xdf, 0xf0, 0x0, 0x9f, 0xf5, 0x0, 0x0,
    0x0, 0x0, 0x9f, 0xf4, 0x0, 0xdf, 0xf0, 0x2,
    0xff, 0xc0, 0x0, 0x0, 0x0, 0x0, 0x1f, 0xff,
    0xff, 0xff, 0xff, 0xff, 0xff, 0x30, 0x0, 0x0,
    0x0, 0x0, 0x2f, 0xff, 0xff, 0xff, 0xff, 0xff,
    0xff, 0x40, 0x0, 0x0, 0x0, 0x0, 0xcf, 0xff,
    0x77, 0xff, 0xf7, 0x7d, 0xff, 0xd0, 0x0, 0x0,
    0x0, 0x5, 0xff, 0xe0, 0x0, 0xdf, 0xf0, 0x0,
    0xcf, 0xf8, 0x0, 0x0, 0x0, 0xe, 0xff, 0x50,
    0x0, 0xdf, 0xf0, 0x0, 0x3f, 0xff, 0x20, 0x0,
    0x0, 0x8f, 0xfb, 0x0, 0x0, 0xdf, 0xf0, 0x0,
    0x9, 0xff, 0xb0, 0x0, 0x2, 0xff, 0xf2, 0x0,
    0x0, 0xdf, 0xf0, 0x0, 0x1, 0xef, 0xfc, 0x74,
    0xb, 0xff, 0x80, 0x0, 0x0, 0xdf, 0xf0, 0x0,
    0x0, 0x6f, 0xff, 0xfa, 0x5f, 0xfe, 0x0, 0x0,
    0x0, 0xdf, 0xf0, 0x0, 0x0, 0xf, 0xff, 0xfa,
    0x0, 0x0, 0x0, 0x0, 0x0, 0x0, 0x0, 0x0,
    0x0, 0x0, 0xf, 0xfa, 0x0, 0x0, 0x0, 0x0,
    0x0, 0x0, 0x0, 0x0, 0x0, 0x0, 0xf, 0xfa,
    0x0, 0x0, 0x0, 0x0, 0x0, 0x0, 0x0, 0x0,
    0x0, 0x0, 0xf, 0xfa, 0x0, 0x0, 0x0, 0x0,
    0x0, 0x0, 0x0, 0x0, 0x0, 0x0, 0x8, 0x85,

    /* U+0497 "җ" */
    0x3f, 0xfb, 0x0, 0x0, 0xbf, 0xf0, 0x0, 0x6,
    0xff, 0x80, 0x9, 0xff, 0x40, 0x0, 0xbf, 0xf0,
    0x0, 0xe, 0xfe, 0x0, 0x1, 0xef, 0xd0, 0x0,
    0xbf, 0xf0, 0x0, 0x8f, 0xf5, 0x0, 0x0, 0x6f,
    0xf6, 0x0, 0xbf, 0xf0, 0x2, 0xff, 0xb0, 0x0,
    0x0, 0xc, 0xfe, 0x10, 0xbf, 0xf0, 0xb, 0xff,
    0x20, 0x0, 0x0, 0x3, 0xff, 0xff, 0xff, 0xff,
    0xff, 0xf9, 0x0, 0x0, 0x0, 0x5, 0xff, 0xff,
    0xff, 0xff, 0xff, 0xfa, 0x0, 0x0, 0x0, 0xe,
    0xff, 0x85, 0xff, 0xf5, 0x5f, 0xff, 0x40, 0x0,
    0x0, 0x9f, 0xf9, 0x0, 0xbf, 0xf0, 0x4, 0xff,
    0xd0, 0x0, 0x3, 0xff, 0xe1, 0x0, 0xbf, 0xf0,
    0x0, 0xaf, 0xfd, 0x54, 0xd, 0xff, 0x50, 0x0,
    0xbf, 0xf0, 0x0, 0x1f, 0xff, 0xfd, 0x7f, 0xfc,
    0x0, 0x0, 0xbf, 0xf0, 0x0, 0x8, 0xff, 0xfd,
    0x0, 0x0, 0x0, 0x0, 0x0, 0x0, 0x0, 0x0,
    0xa, 0xfd, 0x0, 0x0, 0x0, 0x0, 0x0, 0x0,
    0x0, 0x0, 0xa, 0xfd, 0x0, 0x0, 0x0, 0x0,
    0x0, 0x0, 0x0, 0x0, 0x5, 0x86,

    /* U+0498 "Ҙ" */
    0x0, 0x16, 0xbd, 0xff, 0xdb, 0x60, 0x0, 0x0,
    0x2f, 0xff, 0xff, 0xff, 0xff, 0xe3, 0x0, 0x0,
    0xef, 0xd9, 0x77, 0x9e, 0xff, 0xe0, 0x0, 0x5,
    0x20, 0x0, 0x0, 0x1d, 0xff, 0x40, 0x0, 0x0,
    0x0, 0x0, 0x0, 0x8f, 0xf5, 0x0, 0x0, 0x0,
    0x0, 0x0, 0xb, 0xff, 0x10, 0x0, 0x0, 0x34,
    0x44, 0x5a, 0xff, 0x80, 0x0, 0x0, 0xe, 0xff,
    0xff, 0xff, 0xd0, 0x0, 0x0, 0x0, 0xef, 0xff,
    0xff, 0xff, 0xd1, 0x0, 0x0, 0x0, 0x0, 0x0,
    0x3b, 0xff, 0xa0, 0x0, 0x0, 0x0, 0x0, 0x0,
    0xf, 0xff, 0x0, 0x0, 0x0, 0x0, 0x0, 0x0,
    0xef, 0xf0, 0x4, 0x81, 0x0, 0x0, 0x0, 0x6f,
    0xfc, 0x0, 0xbf, 0xfb, 0x87, 0x78, 0xcf, 0xff,
    0x40, 0x9, 0xff, 0xff, 0xff, 0xff, 0xff, 0x60,
    0x0, 0x2, 0x7b, 0xff, 0xff, 0xc7, 0x10, 0x0,
    0x0, 0x0, 0x5, 0xff, 0x40, 0x0, 0x0, 0x0,
    0x0, 0x0, 0x5f, 0xf4, 0x0, 0x0, 0x0, 0x0,
    0x0, 0x5, 0xff, 0x40, 0x0, 0x0, 0x0,

    /* U+0499 "ҙ" */
    0x1, 0x7c, 0xff, 0xec, 0x71, 0x0, 0xe, 0xff,
    0xff, 0xff, 0xfe, 0x20, 0x8, 0xd8, 0x65, 0x6c,
    0xff, 0xb0, 0x0, 0x0, 0x0, 0x0, 0xff, 0xc0,
    0x0, 0x0, 0x0, 0x17, 0xff, 0x40, 0x0, 0xa,
    0xff, 0xff, 0xf6, 0x0, 0x0, 0x8, 0xee, 0xef,
    0xff, 0x80, 0x0, 0x0, 0x0, 0x2, 0xef, 0xf1,
    0x0, 0x0, 0x0, 0x0, 0xbf, 0xf1, 0xe, 0xb7,
    0x53, 0x49, 0xff, 0xd0, 0x4f, 0xff, 0xff, 0xff,
    0xfe, 0x20, 0x3, 0x8c, 0xff, 0xfc, 0x70, 0x0,
    0x0, 0x0, 0xaf, 0xf0, 0x0, 0x0, 0x0, 0x0,
    0xaf, 0xf0, 0x0, 0x0,

    /* U+049A "Қ" */
    0xdf, 0xf0, 0x0, 0x0, 0x1, 0xef, 0xf1, 0xd,
    0xff, 0x0, 0x0, 0x0, 0x9f, 0xf6, 0x0, 0xdf,
    0xf0, 0x0, 0x0, 0x4f, 0xfb, 0x0, 0xd, 0xff,
    0x0, 0x0, 0xd, 0xff, 0x10, 0x0, 0xdf, 0xf0,
    0x0, 0x8, 0xff, 0x60, 0x0, 0xd, 0xff, 0x0,
    0x3, 0xff, 0xb0, 0x0, 0x0, 0xdf, 0xf0, 0x0,
    0xcf, 0xf2, 0x0, 0x0, 0xd, 0xff, 0xff, 0xff,
    0xf6, 0x0, 0x0, 0x0, 0xdf, 0xff, 0xff, 0xff,
    0x70, 0x0, 0x0, 0xd, 0xff, 0x77, 0xaf, 0xff,
    0x20, 0x0, 0x0, 0xdf, 0xf0, 0x0, 0x7f, 0xfc,
    0x0, 0x0, 0xd, 0xff, 0x0, 0x0, 0xcf, 0xf8,
    0x0, 0x0, 0xdf, 0xf0, 0x0, 0x2, 0xff, 0xf3,
    0x0, 0xd, 0xff, 0x0, 0x0, 0x6, 0xff, 0xf7,
    0x73, 0xdf, 0xf0, 0x0, 0x0, 0xb, 0xff, 0xff,
    0x7d, 0xff, 0x0, 0x0, 0x0, 0x1f, 0xff, 0xf7,
    0x0, 0x0, 0x0, 0x0, 0x0, 0x2, 0xff, 0x70,
    0x0, 0x0, 0x0, 0x0, 0x0, 0x2f, 0xf7, 0x0,
    0x0, 0x0, 0x0, 0x0, 0x2, 0xff, 0x70, 0x0,
    0x0, 0x0, 0x0, 0x0, 0x18, 0x83,

    /* U+049B "қ" */
    0x2f, 0xf9, 0x0, 0x0, 0x2f, 0xfd, 0x0, 0x2f,
    0xf9, 0x0, 0x0, 0xcf, 0xf2, 0x0, 0x2f, 0xf9,
    0x0, 0x7, 0xff, 0x60, 0x0, 0x2f, 0xf9, 0x0,
    0x3f, 0xfa, 0x0, 0x0, 0x2f, 0xf9, 0x0, 0xdf,
    0xe1, 0x0, 0x0, 0x2f, 0xff, 0xff, 0xff, 0x30,
    0x0, 0x0, 0x2f, 0xff, 0xff, 0xff, 0x60, 0x0,
    0x0, 0x2f, 0xfe, 0x57, 0xff, 0xf2, 0x0, 0x0,
    0x2f, 0xf9, 0x0, 0x5f, 0xfd, 0x0, 0x0, 0x2f,
    0xf9, 0x0, 0x9, 0xff, 0xf5, 0x51, 0x2f, 0xf9,
    0x0, 0x0, 0xdf, 0xff, 0xf3, 0x2f, 0xf9, 0x0,
    0x0, 0x2f, 0xff, 0xf3, 0x0, 0x0, 0x0, 0x0,
    0x0, 0x4f, 0xf3, 0x0, 0x0, 0x0, 0x0, 0x0,
    0x4f, 0xf3, 0x0, 0x0, 0x0, 0x0, 0x0, 0x28,
    0x81,

    /* U+049C "Ҝ" */
    0xdf, 0xf0, 0x0, 0x0, 0x0, 0x6f, 0xfa, 0xd,
    0xff, 0x0, 0x0, 0x0, 0xe, 0xff, 0x10, 0xdf,
    0xf0, 0x0, 0x0, 0x8, 0xff, 0x70, 0xd, 0xff,
    0x0, 0x0, 0x1, 0xff, 0xd0, 0x0, 0xdf, 0xf0,
    0xcf, 0x20, 0xaf, 0xf4, 0x0, 0xd, 0xff, 0xc,
    0xf2, 0x3f, 0xfb, 0x0, 0x0, 0xdf, 0xf0, 0xcf,
    0x2c, 0xff, 0x20, 0x0, 0xd, 0xff, 0xff, 0xff,
    0xff, 0x90, 0x0, 0x0, 0xdf, 0xff, 0xff, 0xff,
    0xf9, 0x0, 0x0, 0xd, 0xff, 0x7f, 0xfb, 0xff,
    0xf3, 0x0, 0x0, 0xdf, 0xf0, 0xcf, 0x27, 0xff,
    0xd0, 0x0, 0xd, 0xff, 0xc, 0xf2, 0xc, 0xff,
    0x70, 0x0, 0xdf, 0xf0, 0x45, 0x0, 0x3f, 0xff,
    0x20, 0xd, 0xff, 0x0, 0x0, 0x0, 0x9f, 0xfb,
    0x0, 0xdf, 0xf0, 0x0, 0x0, 0x1, 0xef, 0xf5,
    0xd, 0xff, 0x0, 0x0, 0x0, 0x5, 0xff, 0xe1,

    /* U+049D "ҝ" */
    0x3f, 0xf8, 0x0, 0x0, 0xa, 0xff, 0x33, 0xff,
    0x80, 0x0, 0x4, 0xff, 0x90, 0x3f, 0xf8, 0x1,
    0x0, 0xdf, 0xe0, 0x3, 0xff, 0x88, 0xf3, 0x7f,
    0xf5, 0x0, 0x3f, 0xf8, 0x8f, 0x4f, 0xfb, 0x0,
    0x3, 0xff, 0xff, 0xff, 0xff, 0x20, 0x0, 0x3f,
    0xff, 0xff, 0xff, 0xf3, 0x0, 0x3, 0xff, 0xdd,
    0xfb, 0xff, 0xd0, 0x0, 0x3f, 0xf8, 0x9f, 0x39,
    0xff, 0x80, 0x3, 0xff, 0x82, 0x40, 0xe, 0xff,
    0x30, 0x3f, 0xf8, 0x0, 0x0, 0x5f, 0xfd, 0x3,
    0xff, 0x80, 0x0, 0x0, 0xbf, 0xf7,

    /* U+049E "Ҟ" */
    0x0, 0x5f, 0xf7, 0x0, 0x0, 0x0, 0x7f, 0xf8,
    0x0, 0x5, 0xff, 0x70, 0x0, 0x0, 0x2f, 0xfd,
    0x0, 0x4d, 0xff, 0xff, 0xdd, 0xa0, 0xc, 0xff,
    0x30, 0x5, 0xff, 0xff, 0xff, 0xfd, 0x6, 0xff,
    0x80, 0x0, 0x0, 0x5f, 0xf7, 0x0, 0x1, 0xff,
    0xd0, 0x0, 0x0, 0x5, 0xff, 0x70, 0x0, 0xbf,
    0xf3, 0x0, 0x0, 0x0, 0x5f, 0xf7, 0x0, 0x5f,
    0xf8, 0x0, 0x0, 0x0, 0x5, 0xff, 0xff, 0xff,
    0xff, 0x0, 0x0, 0x0, 0x0, 0x5f, 0xff, 0xff,
    0xff, 0xf1, 0x0, 0x0, 0x0, 0x5, 0xff, 0xe7,
    0x7f, 0xff, 0xa0, 0x0, 0x0, 0x0, 0x5f, 0xf7,
    0x0, 0x1e, 0xff, 0x50, 0x0, 0x0, 0x5, 0xff,
    0x70, 0x0, 0x4f, 0xfe, 0x10, 0x0, 0x0, 0x5f,
    0xf7, 0x0, 0x0, 0x9f, 0xfb, 0x0, 0x0, 0x5,
    0xff, 0x70, 0x0, 0x0, 0xdf, 0xf5, 0x0, 0x0,
    0x5f, 0xf7, 0x0, 0x0, 0x3, 0xff, 0xf1, 0x0,
    0x5, 0xff, 0x70, 0x0, 0x0, 0x8, 0xff, 0xb0,

    /* U+049F "ҟ" */
    0x0, 0x18, 0x84, 0x0, 0x0, 0x0, 0x0, 0x0,
    0x2, 0xff, 0x90, 0x0, 0x0, 0x0, 0x0, 0x1f,
    0xff, 0xff, 0xff, 0xc0, 0x0, 0x0, 0x1, 0xdf,
    0xff, 0xfd, 0xda, 0x0, 0x0, 0x0, 0x0, 0x2f,
    0xf9, 0x0, 0x0, 0x0, 0x0, 0x0, 0x2, 0xff,
    0x90, 0x0, 0x2, 0xff, 0xc0, 0x0, 0x2f, 0xf9,
    0x0, 0x0, 0xcf, 0xf2, 0x0, 0x2, 0xff, 0x90,
    0x0, 0x7f, 0xf5, 0x0, 0x0, 0x2f, 0xf9, 0x0,
    0x3f, 0xfa, 0x0, 0x0, 0x2, 0xff, 0x90, 0xd,
    0xfd, 0x0, 0x0, 0x0, 0x2f, 0xff, 0xff, 0xff,
    0x30, 0x0, 0x0, 0x2, 0xff, 0xff, 0xff, 0xf6,
    0x0, 0x0, 0x0, 0x2f, 0xfe, 0x58, 0xff, 0xf2,
    0x0, 0x0, 0x2, 0xff, 0x90, 0x6, 0xff, 0xd0,
    0x0, 0x0, 0x2f, 0xf9, 0x0, 0xa, 0xff, 0x90,
    0x0, 0x2, 0xff, 0x90, 0x0, 0xd, 0xff, 0x50,
    0x0, 0x2f, 0xf9, 0x0, 0x0, 0x2f, 0xff, 0x20,

    /* U+04A0 "Ҡ" */
    0xbf, 0xff, 0xff, 0xfa, 0x0, 0x0, 0x0, 0x5f,
    0xfb, 0xb, 0xff, 0xff, 0xff, 0xa0, 0x0, 0x0,
    0xe, 0xff, 0x10, 0x47, 0x77, 0x8f, 0xfa, 0x0,
    0x0, 0x9, 0xff, 0x60, 0x0, 0x0, 0x3, 0xff,
    0xa0, 0x0, 0x3, 0xff, 0xb0, 0x0, 0x0, 0x0,
    0x3f, 0xfa, 0x0, 0x0, 0xdf, 0xf1, 0x0, 0x0,
    0x0, 0x3, 0xff, 0xa0, 0x0, 0x8f, 0xf6, 0x0,
    0x0, 0x0, 0x0, 0x3f, 0xfa, 0x0, 0x2f, 0xfb,
    0x0, 0x0, 0x0, 0x0, 0x3, 0xff, 0xff, 0xff,
    0xff, 0x10, 0x0, 0x0, 0x0, 0x0, 0x3f, 0xff,
    0xff, 0xff, 0xf2, 0x0, 0x0, 0x0, 0x0, 0x3,
    0xff, 0xf7, 0x7f, 0xff, 0xc0, 0x0, 0x0, 0x0,
    0x0, 0x3f, 0xfa, 0x0, 0xc, 0xff, 0x80, 0x0,
    0x0, 0x0, 0x3, 0xff, 0xa0, 0x0, 0x2f, 0xff,
    0x30, 0x0, 0x0, 0x0, 0x3f, 0xfa, 0x0, 0x0,
    0x6f, 0xfd, 0x0, 0x0, 0x0, 0x3, 0xff, 0xa0,
    0x0, 0x0, 0xbf, 0xf8, 0x0, 0x0, 0x0, 0x3f,
    0xfa, 0x0, 0x0, 0x1, 0xef, 0xf3, 0x0, 0x0,
    0x3, 0xff, 0xa0, 0x0, 0x0, 0x5, 0xff, 0xd0,

    /* U+04A1 "ҡ" */
    0xdf, 0xff, 0xff, 0xb0, 0x0, 0x5, 0xff, 0x90,
    0xdf, 0xff, 0xff, 0xb0, 0x0, 0x1e, 0xfd, 0x0,
    0x45, 0x5b, 0xff, 0x70, 0x0, 0xbf, 0xf3, 0x0,
    0x0, 0x6, 0xff, 0x50, 0x6, 0xff, 0x70, 0x0,
    0x0, 0x6, 0xff, 0x50, 0x2f, 0xfb, 0x0, 0x0,
    0x0, 0x6, 0xff, 0xff, 0xff, 0xf1, 0x0, 0x0,
    0x0, 0x6, 0xff, 0xff, 0xff, 0xf3, 0x0, 0x0,
    0x0, 0x6, 0xff, 0xa5, 0xaf, 0xfd, 0x0, 0x0,
    0x0, 0x6, 0xff, 0x50, 0x9, 0xff, 0xa0, 0x0,
    0x0, 0x6, 0xff, 0x50, 0x0, 0xdf, 0xf6, 0x0,
    0x0, 0x6, 0xff, 0x50, 0x0, 0x2f, 0xff, 0x20,
    0x0, 0x6, 0xff, 0x50, 0x0, 0x5, 0xff, 0xd0,

    /* U+04A2 "Ң" */
    0xdf, 0xf0, 0x0, 0x0, 0x0, 0xf, 0xfd, 0x0,
    0xd, 0xff, 0x0, 0x0, 0x0, 0x0, 0xff, 0xd0,
    0x0, 0xdf, 0xf0, 0x0, 0x0, 0x0, 0xf, 0xfd,
    0x0, 0xd, 0xff, 0x0, 0x0, 0x0, 0x0, 0xff,
    0xd0, 0x0, 0xdf, 0xf0, 0x0, 0x0, 0x0, 0xf,
    0xfd, 0x0, 0xd, 0xff, 0x0, 0x0, 0x0, 0x0,
    0xff, 0xd0, 0x0, 0xdf, 0xf0, 0x0, 0x0, 0x0,
    0xf, 0xfd, 0x0, 0xd, 0xff, 0xff, 0xff, 0xff,
    0xff, 0xff, 0xd0, 0x0, 0xdf, 0xff, 0xff, 0xff,
    0xff, 0xff, 0xfd, 0x0, 0xd, 0xff, 0x77, 0x77,
    0x77, 0x77, 0xff, 0xd0, 0x0, 0xdf, 0xf0, 0x0,
    0x0, 0x0, 0xf, 0xfd, 0x0, 0xd, 0xff, 0x0,
    0x0, 0x0, 0x0, 0xff, 0xd0, 0x0, 0xdf, 0xf0,
    0x0, 0x0, 0x0, 0xf, 0xfd, 0x0, 0xd, 0xff,
    0x0, 0x0, 0x0, 0x0, 0xff, 0xf7, 0x71, 0xdf,
    0xf0, 0x0, 0x0, 0x0, 0xf, 0xff, 0xff, 0x2d,
    0xff, 0x0, 0x0, 0x0, 0x0, 0xff, 0xff, 0xf2,
    0x0, 0x0, 0x0, 0x0, 0x0, 0x0, 0x7, 0xff,
    0x20, 0x0, 0x0, 0x0, 0x0, 0x0, 0x0, 0x7f,
    0xf2, 0x0, 0x0, 0x0, 0x0, 0x0, 0x0, 0x7,
    0xff, 0x20, 0x0, 0x0, 0x0, 0x0, 0x0, 0x0,
    0x38, 0x81,

    /* U+04A3 "ң" */
    0x2f, 0xf9, 0x0, 0x0, 0x7, 0xff, 0x40, 0x2,
    0xff, 0x90, 0x0, 0x0, 0x7f, 0xf4, 0x0, 0x2f,
    0xf9, 0x0, 0x0, 0x7, 0xff, 0x40, 0x2, 0xff,
    0x90, 0x0, 0x0, 0x7f, 0xf4, 0x0, 0x2f, 0xf9,
    0x0, 0x0, 0x7, 0xff, 0x40, 0x2, 0xff, 0xff,
    0xff, 0xff, 0xff, 0xf4, 0x0, 0x2f, 0xff, 0xff,
    0xff, 0xff, 0xff, 0x40, 0x2, 0xff, 0xb5, 0x55,
    0x55, 0xaf, 0xf4, 0x0, 0x2f, 0xf9, 0x0, 0x0,
    0x7, 0xff, 0x40, 0x2, 0xff, 0x90, 0x0, 0x0,
    0xaf, 0xfa, 0x50, 0x2f, 0xf9, 0x0, 0x0, 0xf,
    0xff, 0xff, 0x2, 0xff, 0x90, 0x0, 0x0, 0xff,
    0xff, 0xf0, 0x0, 0x0, 0x0, 0x0, 0x0, 0x8,
    0xff, 0x0, 0x0, 0x0, 0x0, 0x0, 0x0, 0x8f,
    0xf0, 0x0, 0x0, 0x0, 0x0, 0x0, 0x4, 0x88,
    0x0,

    /* U+04A4 "Ҥ" */
    0xdf, 0xf0, 0x0, 0x0, 0x0, 0xf, 0xff, 0xff,
    0xff, 0xff, 0xf8, 0xdf, 0xf0, 0x0, 0x0, 0x0,
    0xf, 0xff, 0xff, 0xff, 0xff, 0xf8, 0xdf, 0xf0,
    0x0, 0x0, 0x0, 0xf, 0xff, 0x77, 0x77, 0x77,
    0x73, 0xdf, 0xf0, 0x0, 0x0, 0x0, 0xf, 0xff,
    0x0, 0x0, 0x0, 0x0, 0xdf, 0xf0, 0x0, 0x0,
    0x0, 0xf, 0xff, 0x0, 0x0, 0x0, 0x0, 0xdf,
    0xf0, 0x0, 0x0, 0x0, 0xf, 0xff, 0x0, 0x0,
    0x0, 0x0, 0xdf, 0xf0, 0x0, 0x0, 0x0, 0xf,
    0xff, 0x0, 0x0, 0x0, 0x0, 0xdf, 0xff, 0xff,
    0xff, 0xff, 0xff, 0xff, 0x0, 0x0, 0x0, 0x0,
    0xdf, 0xff, 0xff, 0xff, 0xff, 0xff, 0xff, 0x0,
    0x0, 0x0, 0x0, 0xdf, 0xf7, 0x77, 0x77, 0x77,
    0x7f, 0xff, 0x0, 0x0, 0x0, 0x0, 0xdf, 0xf0,
    0x0, 0x0, 0x0, 0xf, 0xff, 0x0, 0x0, 0x0,
    0x0, 0xdf, 0xf0, 0x0, 0x0, 0x0, 0xf, 0xff,
    0x0, 0x0, 0x0, 0x0, 0xdf, 0xf0, 0x0, 0x0,
    0x0, 0xf, 0xff, 0x0, 0x0, 0x0, 0x0, 0xdf,
    0xf0, 0x0, 0x0, 0x0, 0xf, 0xff, 0x0, 0x0,
    0x0, 0x0, 0xdf, 0xf0, 0x0, 0x0, 0x0, 0xf,
    0xff, 0x0, 0x0, 0x0, 0x0, 0xdf, 0xf0, 0x0,
    0x0, 0x0, 0xf, 0xff, 0x0, 0x0, 0x0, 0x0,

    /* U+04A5 "ҥ" */
    0x2f, 0xf9, 0x0, 0x0, 0xf, 0xff, 0xff, 0xff,
    0xff, 0x82, 0xff, 0x90, 0x0, 0x0, 0xff, 0xff,
    0xff, 0xff, 0xf8, 0x2f, 0xf9, 0x0, 0x0, 0xf,
    0xff, 0xe5, 0x55, 0x55, 0x32, 0xff, 0x90, 0x0,
    0x0, 0xff, 0xf8, 0x0, 0x0, 0x0, 0x2f, 0xf9,
    0x0, 0x0, 0xf, 0xff, 0x80, 0x0, 0x0, 0x2,
    0xff, 0xff, 0xff, 0xff, 0xff, 0xf8, 0x0, 0x0,
    0x0, 0x2f, 0xff, 0xff, 0xff, 0xff, 0xff, 0x80,
    0x0, 0x0, 0x2, 0xff, 0xb5, 0x55, 0x55, 0xff,
    0xf8, 0x0, 0x0, 0x0, 0x2f, 0xf9, 0x0, 0x0,
    0xf, 0xff, 0x80, 0x0, 0x0, 0x2, 0xff, 0x90,
    0x0, 0x0, 0xff, 0xf8, 0x0, 0x0, 0x0, 0x2f,
    0xf9, 0x0, 0x0, 0xf, 0xff, 0x80, 0x0, 0x0,
    0x2, 0xff, 0x90, 0x0, 0x0, 0xff, 0xf8, 0x0,
    0x0, 0x0,

    /* U+04A6 "Ҧ" */
    0xdf, 0xff, 0xff, 0xff, 0xff, 0xff, 0xfc, 0x0,
    0x0, 0x0, 0x0, 0x0, 0xdf, 0xff, 0xff, 0xff,
    0xff, 0xff, 0xfc, 0x0, 0x0, 0x0, 0x0, 0x0,
    0xdf, 0xf7, 0x77, 0x77, 0x77, 0x7f, 0xfc, 0x0,
    0x0, 0x0, 0x0, 0x0, 0xdf, 0xf0, 0x0, 0x0,
    0x0, 0xf, 0xfc, 0x0, 0x0, 0x0, 0x0, 0x0,
    0xdf, 0xf0, 0x0, 0x0, 0x0, 0xf, 0xfc, 0x0,
    0x0, 0x0, 0x0, 0x0, 0xdf, 0xf0, 0x0, 0x0,
    0x0, 0xf, 0xfc, 0x0, 0x0, 0x0, 0x0, 0x0,
    0xdf, 0xf0, 0x0, 0x0, 0x0, 0xf, 0xfc, 0x0,
    0x0, 0x0, 0x0, 0x0, 0xdf, 0xf0, 0x0, 0x0,
    0x0, 0xf, 0xfe, 0x8c, 0xff, 0xfc, 0x50, 0x0,
    0xdf, 0xf0, 0x0, 0x0, 0x0, 0xf, 0xff, 0xff,
    0xff, 0xff, 0xfa, 0x0, 0xdf, 0xf0, 0x0, 0x0,
    0x0, 0xf, 0xff, 0xe8, 0x56, 0xaf, 0xff, 0x70,
    0xdf, 0xf0, 0x0, 0x0, 0x0, 0xf, 0xfe, 0x0,
    0x0, 0x5, 0xff, 0xe0, 0xdf, 0xf0, 0x0, 0x0,
    0x0, 0xf, 0xfc, 0x0, 0x0, 0x0, 0xbf, 0xf3,
    0xdf, 0xf0, 0x0, 0x0, 0x0, 0xf, 0xfc, 0x0,
    0x0, 0x0, 0x8f, 0xf5, 0xdf, 0xf0, 0x0, 0x0,
    0x0, 0xf, 0xfc, 0x0, 0x0, 0x0, 0x8f, 0xf4,
    0xdf, 0xf0, 0x0, 0x0, 0x0, 0xf, 0xfc, 0x0,
    0x0, 0x0, 0xbf, 0xf2, 0xdf, 0xf0, 0x0, 0x0,
    0x0, 0xf, 0xfc, 0x0, 0x0, 0x3, 0xff, 0xd0,
    0x0, 0x0, 0x0, 0x0, 0x0, 0x0, 0x0, 0x0,
    0x12, 0x6e, 0xff, 0x50, 0x0, 0x0, 0x0, 0x0,
    0x0, 0x0, 0x0, 0x0, 0xef, 0xff, 0xf9, 0x0,
    0x0, 0x0, 0x0, 0x0, 0x0, 0x0, 0x0, 0x1,
    0xff, 0xfe, 0x60, 0x0, 0x0, 0x0, 0x0, 0x0,
    0x0, 0x0, 0x0, 0x0, 0x34, 0x20, 0x0, 0x0,

    /* U+04A7 "ҧ" */
    0x2f, 0xff, 0xff, 0xff, 0xff, 0xfe, 0x0, 0x0,
    0x0, 0x0, 0x2, 0xff, 0xff, 0xff, 0xff, 0xff,
    0xe0, 0x0, 0x0, 0x0, 0x0, 0x2f, 0xfe, 0x55,
    0x55, 0x5f, 0xfe, 0x0, 0x0, 0x0, 0x0, 0x2,
    0xff, 0x90, 0x0, 0x0, 0xef, 0xe0, 0x0, 0x0,
    0x0, 0x0, 0x2f, 0xf9, 0x0, 0x0, 0xe, 0xfe,
    0x0, 0x0, 0x0, 0x0, 0x2, 0xff, 0x90, 0x0,
    0x0, 0xef, 0xe1, 0x57, 0x74, 0x0, 0x0, 0x2f,
    0xf9, 0x0, 0x0, 0xe, 0xff, 0xff, 0xff, 0xfe,
    0x50, 0x2, 0xff, 0x90, 0x0, 0x0, 0xef, 0xff,
    0xfd, 0xff, 0xff, 0x40, 0x2f, 0xf9, 0x0, 0x0,
    0xe, 0xff, 0x30, 0x0, 0x8f, 0xfd, 0x2, 0xff,
    0x90, 0x0, 0x0, 0xef, 0xe0, 0x0, 0x0, 0xcf,
    0xf2, 0x2f, 0xf9, 0x0, 0x0, 0xe, 0xfe, 0x0,
    0x0, 0x8, 0xff, 0x42, 0xff, 0x90, 0x0, 0x0,
    0xef, 0xe0, 0x0, 0x0, 0x9f, 0xf3, 0x0, 0x0,
    0x0, 0x0, 0x0, 0x0, 0x0, 0x0, 0xe, 0xff,
    0x0, 0x0, 0x0, 0x0, 0x0, 0x0, 0x0, 0x0,
    0x3b, 0xff, 0xa0, 0x0, 0x0, 0x0, 0x0, 0x0,
    0x0, 0xe, 0xff, 0xff, 0xe1, 0x0, 0x0, 0x0,
    0x0, 0x0, 0x0, 0x2, 0xff, 0xff, 0xb1, 0x0,
    0x0, 0x0, 0x0, 0x0, 0x0, 0x0, 0x15, 0x75,
    0x10, 0x0, 0x0,

    /* U+04A8 "Ҩ" */
    0x0, 0xa, 0x91, 0x0, 0x1, 0x7c, 0xfe, 0xc6,
    0x0, 0x0, 0x0, 0xbf, 0xfb, 0x0, 0x2d, 0xff,
    0xff, 0xff, 0xc1, 0x0, 0x6, 0xff, 0xc0, 0x0,
    0xef, 0xfc, 0x78, 0xef, 0xfc, 0x0, 0xf, 0xff,
    0x20, 0x8, 0xff, 0x90, 0x0, 0xc, 0xff, 0x50,
    0x5f, 0xfa, 0x0, 0xe, 0xff, 0x0, 0x0, 0x4,
    0xff, 0xa0, 0xaf, 0xf4, 0x0, 0x1f, 0xfb, 0x0,
    0x0, 0x0, 0xff, 0xd0, 0xcf, 0xf1, 0x0, 0x3f,
    0xf9, 0x0, 0x0, 0x0, 0xef, 0xe0, 0xdf, 0xf0,
    0x0, 0x2f, 0xf9, 0x0, 0x0, 0x0, 0xef, 0xd0,
    0xcf, 0xf1, 0x0, 0x1f, 0xfb, 0x0, 0x0, 0x0,
    0xff, 0xb0, 0xaf, 0xf4, 0x0, 0xd, 0xff, 0x0,
    0x0, 0x4, 0xff, 0x60, 0x6f, 0xfa, 0x0, 0x8,
    0xff, 0x50, 0x0, 0xb, 0xff, 0x0, 0xe, 0xff,
    0x30, 0x1, 0xff, 0xe1, 0x0, 0x5f, 0xf6, 0x0,
    0x6, 0xff, 0xe4, 0x0, 0x5f, 0xfd, 0x26, 0xff,
    0xa0, 0x0, 0x0, 0x8f, 0xff, 0xa5, 0x29, 0xff,
    0xff, 0xfb, 0x13, 0x50, 0x0, 0x6, 0xef, 0xff,
    0xff, 0xff, 0xff, 0xff, 0xff, 0xf0, 0x0, 0x0,
    0x6, 0xbe, 0xff, 0xda, 0xaa, 0xdf, 0xfe, 0xb0,
    0x0, 0x0, 0x0, 0x0, 0x0, 0x0, 0x0, 0x0,
    0x0, 0x0,

    /* U+04A9 "ҩ" */
    0x0, 0xb, 0xa2, 0x0, 0x18, 0xdf, 0xeb, 0x40,
    0x0, 0xb, 0xff, 0x90, 0x2e, 0xff, 0xff, 0xff,
    0x70, 0x5, 0xff, 0xb0, 0xc, 0xff, 0x94, 0x6e,
    0xff, 0x20, 0xbf, 0xf2, 0x3, 0xff, 0x80, 0x0,
    0x4f, 0xf7, 0xf, 0xfc, 0x0, 0x6f, 0xf3, 0x0,
    0x0, 0xff, 0xa1, 0xff, 0xb0, 0x6, 0xff, 0x20,
    0x0, 0xf, 0xf9, 0xf, 0xfc, 0x0, 0x5f, 0xf5,
    0x0, 0x2, 0xff, 0x60, 0xcf, 0xf1, 0x1, 0xff,
    0xb0, 0x0, 0x9f, 0xf1, 0x5, 0xff, 0xb0, 0x9,
    0xff, 0x80, 0x5f, 0xf7, 0x0, 0xa, 0xff, 0xd6,
    0x2d, 0xff, 0xff, 0xfa, 0x12, 0x0, 0x9, 0xff,
    0xff, 0xff, 0xff, 0xff, 0xff, 0xb0, 0x0, 0x3,
    0x9d, 0xef, 0xef, 0xff, 0xff, 0xd8,

    /* U+04AA "Ҫ" */
    0x0, 0x0, 0x28, 0xde, 0xfe, 0xb6, 0x0, 0x0,
    0x0, 0x9f, 0xff, 0xff, 0xff, 0xfd, 0x30, 0x0,
    0xcf, 0xff, 0xd9, 0x8a, 0xef, 0xff, 0x10, 0xaf,
    0xfe, 0x40, 0x0, 0x0, 0x8f, 0x60, 0x3f, 0xfe,
    0x20, 0x0, 0x0, 0x0, 0x20, 0x9, 0xff, 0x70,
    0x0, 0x0, 0x0, 0x0, 0x0, 0xdf, 0xf1, 0x0,
    0x0, 0x0, 0x0, 0x0, 0xf, 0xfe, 0x0, 0x0,
    0x0, 0x0, 0x0, 0x0, 0xff, 0xe0, 0x0, 0x0,
    0x0, 0x0, 0x0, 0xd, 0xff, 0x10, 0x0, 0x0,
    0x0, 0x0, 0x0, 0x9f, 0xf7, 0x0, 0x0, 0x0,
    0x0, 0x0, 0x3, 0xff, 0xe2, 0x0, 0x0, 0x0,
    0x2, 0x0, 0xa, 0xff, 0xe4, 0x0, 0x0, 0x8,
    0xf6, 0x0, 0xc, 0xff, 0xfd, 0x98, 0xae, 0xff,
    0xf1, 0x0, 0xa, 0xff, 0xff, 0xff, 0xff, 0xd3,
    0x0, 0x0, 0x3, 0x9f, 0xff, 0xfb, 0x60, 0x0,
    0x0, 0x0, 0x0, 0x3f, 0xf7, 0x0, 0x0, 0x0,
    0x0, 0x0, 0x3, 0xff, 0x70, 0x0, 0x0, 0x0,
    0x0, 0x0, 0x3f, 0xf7, 0x0, 0x0, 0x0,

    /* U+04AB "ҫ" */
    0x0, 0x0, 0x7c, 0xef, 0xd9, 0x20, 0x0, 0x3,
    0xef, 0xff, 0xff, 0xff, 0x40, 0x1, 0xef, 0xfb,
    0x66, 0xaf, 0xfe, 0x0, 0x9f, 0xf8, 0x0, 0x0,
    0x5b, 0x20, 0xf, 0xfe, 0x0, 0x0, 0x0, 0x0,
    0x1, 0xff, 0xa0, 0x0, 0x0, 0x0, 0x0, 0x1f,
    0xfa, 0x0, 0x0, 0x0, 0x0, 0x0, 0xff, 0xe0,
    0x0, 0x0, 0x0, 0x0, 0x9, 0xff, 0x80, 0x0,
    0x5, 0xb2, 0x0, 0x1e, 0xff, 0xb6, 0x6a, 0xff,
    0xe0, 0x0, 0x3d, 0xff, 0xff, 0xff, 0xf4, 0x0,
    0x0, 0x7, 0xff, 0xff, 0x92, 0x0, 0x0, 0x0,
    0x6, 0xff, 0x30, 0x0, 0x0, 0x0, 0x0, 0x6f,
    0xf3, 0x0, 0x0, 0x0, 0x0, 0x3, 0x88, 0x10,
    0x0, 0x0,

    /* U+04AC "Ҭ" */
    0xbf, 0xff, 0xff, 0xff, 0xff, 0xff, 0xf5, 0xbf,
    0xff, 0xff, 0xff, 0xff, 0xff, 0xf5, 0x47, 0x77,
    0x7f, 0xff, 0xb7, 0x77, 0x72, 0x0, 0x0, 0x9,
    0xff, 0x30, 0x0, 0x0, 0x0, 0x0, 0x9, 0xff,
    0x30, 0x0, 0x0, 0x0, 0x0, 0x9, 0xff, 0x30,
    0x0, 0x0, 0x0, 0x0, 0x9, 0xff, 0x30, 0x0,
    0x0, 0x0, 0x0, 0x9, 0xff, 0x30, 0x0, 0x0,
    0x0, 0x0, 0x9, 0xff, 0x30, 0x0, 0x0, 0x0,
    0x0, 0x9, 0xff, 0x30, 0x0, 0x0, 0x0, 0x0,
    0x9, 0xff, 0x30, 0x0, 0x0, 0x0, 0x0, 0x9,
    0xff, 0x30, 0x0, 0x0, 0x0, 0x0, 0x9, 0xff,
    0x30, 0x0, 0x0, 0x0, 0x0, 0xe, 0xff, 0xb7,
    0x30, 0x0, 0x0, 0x0, 0xf, 0xff, 0xff, 0x80,
    0x0, 0x0, 0x0, 0xf, 0xff, 0xff, 0x80, 0x0,
    0x0, 0x0, 0x0, 0x2, 0xff, 0x80, 0x0, 0x0,
    0x0, 0x0, 0x2, 0xff, 0x80, 0x0, 0x0, 0x0,
    0x0, 0x2, 0xff, 0x80, 0x0, 0x0, 0x0, 0x0,
    0x1, 0x88, 0x40, 0x0,

    /* U+04AD "ҭ" */
    0xdf, 0xff, 0xff, 0xff, 0xff, 0xf2, 0xdf, 0xff,
    0xff, 0xff, 0xff, 0xf2, 0x45, 0x55, 0xff, 0xf6,
    0x55, 0x50, 0x0, 0x0, 0xbf, 0xf0, 0x0, 0x0,
    0x0, 0x0, 0xbf, 0xf0, 0x0, 0x0, 0x0, 0x0,
    0xbf, 0xf0, 0x0, 0x0, 0x0, 0x0, 0xbf, 0xf0,
    0x0, 0x0, 0x0, 0x0, 0xbf, 0xf0, 0x0, 0x0,
    0x0, 0x0, 0xbf, 0xf0, 0x0, 0x0, 0x0, 0x0,
    0xff, 0xf6, 0x40, 0x0, 0x0, 0x0, 0xff, 0xff,
    0xd0, 0x0, 0x0, 0x0, 0xff, 0xff, 0xd0, 0x0,
    0x0, 0x0, 0x0, 0xcf, 0xd0, 0x0, 0x0, 0x0,
    0x0, 0xcf, 0xd0, 0x0, 0x0, 0x0, 0x0, 0x68,
    0x60, 0x0,

    /* U+04AE "Ү" */
    0x9f, 0xf6, 0x0, 0x0, 0x0, 0x1, 0xff, 0xb0,
    0x1f, 0xfe, 0x10, 0x0, 0x0, 0xa, 0xff, 0x20,
    0x7, 0xff, 0x90, 0x0, 0x0, 0x4f, 0xf9, 0x0,
    0x0, 0xdf, 0xf3, 0x0, 0x0, 0xdf, 0xe1, 0x0,
    0x0, 0x4f, 0xfc, 0x0, 0x6, 0xff, 0x60, 0x0,
    0x0, 0xb, 0xff, 0x50, 0x1e, 0xfd, 0x0, 0x0,
    0x0, 0x2, 0xff, 0xe0, 0x9f, 0xf4, 0x0, 0x0,
    0x0, 0x0, 0x8f, 0xfb, 0xff, 0xa0, 0x0, 0x0,
    0x0, 0x0, 0xe, 0xff, 0xff, 0x10, 0x0, 0x0,
    0x0, 0x0, 0x5, 0xff, 0xf8, 0x0, 0x0, 0x0,
    0x0, 0x0, 0x0, 0xff, 0xf0, 0x0, 0x0, 0x0,
    0x0, 0x0, 0x0, 0xef, 0xf0, 0x0, 0x0, 0x0,
    0x0, 0x0, 0x0, 0xdf, 0xf0, 0x0, 0x0, 0x0,
    0x0, 0x0, 0x0, 0xdf, 0xf0, 0x0, 0x0, 0x0,
    0x0, 0x0, 0x0, 0xdf, 0xf0, 0x0, 0x0, 0x0,
    0x0, 0x0, 0x0, 0xdf, 0xf0, 0x0, 0x0, 0x0,

    /* U+04AF "ү" */
    0xbf, 0xf2, 0x0, 0x0, 0x0, 0xdf, 0xc4, 0xff,
    0x80, 0x0, 0x0, 0x5f, 0xf5, 0xd, 0xff, 0x0,
    0x0, 0xc, 0xfe, 0x0, 0x6f, 0xf6, 0x0, 0x2,
    0xff, 0x70, 0x0, 0xff, 0xd0, 0x0, 0x9f, 0xf1,
    0x0, 0x9, 0xff, 0x40, 0x1f, 0xf9, 0x0, 0x0,
    0x2f, 0xfb, 0x7, 0xff, 0x20, 0x0, 0x0, 0xbf,
    0xf2, 0xef, 0xb0, 0x0, 0x0, 0x4, 0xff, 0xef,
    0xf4, 0x0, 0x0, 0x0, 0xd, 0xff, 0xfd, 0x0,
    0x0, 0x0, 0x0, 0x6f, 0xff, 0x60, 0x0, 0x0,
    0x0, 0x0, 0xff, 0xf0, 0x0, 0x0, 0x0, 0x0,
    0xf, 0xff, 0x0, 0x0, 0x0, 0x0, 0x0, 0xef,
    0xe0, 0x0, 0x0, 0x0, 0x0, 0xe, 0xfe, 0x0,
    0x0, 0x0, 0x0, 0x0, 0xef, 0xe0, 0x0, 0x0,

    /* U+04B0 "Ұ" */
    0x9f, 0xf6, 0x0, 0x0, 0x0, 0x2, 0xff, 0xb0,
    0x1f, 0xfe, 0x10, 0x0, 0x0, 0xa, 0xff, 0x20,
    0x6, 0xff, 0x90, 0x0, 0x0, 0x4f, 0xf8, 0x0,
    0x0, 0xdf, 0xf3, 0x0, 0x0, 0xdf, 0xe0, 0x0,
    0x0, 0x4f, 0xfc, 0x0, 0x7, 0xff, 0x60, 0x0,
    0x0, 0xa, 0xff, 0x50, 0x1f, 0xfc, 0x0, 0x0,
    0x0, 0x1, 0xff, 0xe0, 0x9f, 0xf3, 0x0, 0x0,
    0x0, 0x0, 0x7f, 0xfc, 0xff, 0x90, 0x0, 0x0,
    0x0, 0x0, 0xd, 0xff, 0xff, 0x10, 0x0, 0x0,
    0x0, 0x3c, 0xcf, 0xff, 0xff, 0xcc, 0x30, 0x0,
    0x0, 0x5f, 0xff, 0xff, 0xff, 0xff, 0x40, 0x0,
    0x0, 0x0, 0x0, 0xdf, 0xf0, 0x0, 0x0, 0x0,
    0x0, 0x0, 0x0, 0xdf, 0xf0, 0x0, 0x0, 0x0,
    0x0, 0x0, 0x0, 0xdf, 0xf0, 0x0, 0x0, 0x0,
    0x0, 0x0, 0x0, 0xdf, 0xf0, 0x0, 0x0, 0x0,
    0x0, 0x0, 0x0, 0xdf, 0xf0, 0x0, 0x0, 0x0,

    /* U+04B1 "ұ" */
    0xbf, 0xf2, 0x0, 0x0, 0x0, 0xdf, 0xc4, 0xff,
    0x80, 0x0, 0x0, 0x4f, 0xf5, 0xe, 0xfe, 0x0,
    0x0, 0xb, 0xfe, 0x0, 0x7f, 0xf5, 0x0, 0x2,
    0xff, 0x80, 0x1, 0xff, 0xc0, 0x0, 0x8f, 0xf1,
    0x0, 0xa, 0xff, 0x20, 0xe, 0xfa, 0x0, 0x0,
    0x3f, 0xf9, 0x6, 0xff, 0x30, 0x0, 0x0, 0xcf,
    0xf0, 0xdf, 0xd0, 0x0, 0x0, 0x6, 0xff, 0xaf,
    0xf6, 0x0, 0x0, 0x0, 0xe, 0xff, 0xfe, 0x0,
    0x0, 0x0, 0x0, 0x8f, 0xff, 0x80, 0x0, 0x0,
    0x7f, 0xff, 0xff, 0xff, 0xff, 0x70, 0x6, 0xcc,
    0xcf, 0xff, 0xcc, 0xc5, 0x0, 0x0, 0x0, 0xff,
    0xf0, 0x0, 0x0, 0x0, 0x0, 0xe, 0xfe, 0x0,
    0x0, 0x0, 0x0, 0x0, 0xef, 0xe0, 0x0, 0x0,

    /* U+04B2 "Ҳ" */
    0x1e, 0xff, 0x40, 0x0, 0x0, 0x2f, 0xff, 0x30,
    0x5, 0xff, 0xe0, 0x0, 0x0, 0xcf, 0xf8, 0x0,
    0x0, 0xbf, 0xf9, 0x0, 0x7, 0xff, 0xd0, 0x0,
    0x0, 0x1e, 0xff, 0x40, 0x3f, 0xff, 0x30, 0x0,
    0x0, 0x5, 0xff, 0xe1, 0xdf, 0xf8, 0x0, 0x0,
    0x0, 0x0, 0xbf, 0xfe, 0xff, 0xd0, 0x0, 0x0,
    0x0, 0x0, 0x1e, 0xff, 0xff, 0x30, 0x0, 0x0,
    0x0, 0x0, 0x6, 0xff, 0xf9, 0x0, 0x0, 0x0,
    0x0, 0x0, 0x9, 0xff, 0xfd, 0x0, 0x0, 0x0,
    0x0, 0x0, 0x4f, 0xff, 0xff, 0x90, 0x0, 0x0,
    0x0, 0x1, 0xef, 0xf9, 0xff, 0xf4, 0x0, 0x0,
    0x0, 0xa, 0xff, 0xa0, 0x8f, 0xfd, 0x0, 0x0,
    0x0, 0x5f, 0xfe, 0x10, 0xd, 0xff, 0x90, 0x0,
    0x1, 0xef, 0xf4, 0x0, 0x2, 0xff, 0xfb, 0x75,
    0xb, 0xff, 0x90, 0x0, 0x0, 0x7f, 0xff, 0xfb,
    0x6f, 0xfe, 0x0, 0x0, 0x0, 0xf, 0xff, 0xfb,
    0x0, 0x0, 0x0, 0x0, 0x0, 0x0, 0xe, 0xfb,
    0x0, 0x0, 0x0, 0x0, 0x0, 0x0, 0xe, 0xfb,
    0x0, 0x0, 0x0, 0x0, 0x0, 0x0, 0xe, 0xfb,
    0x0, 0x0, 0x0, 0x0, 0x0, 0x0, 0x7, 0x85,

    /* U+04B3 "ҳ" */
    0x5f, 0xfb, 0x0, 0x0, 0x4f, 0xfb, 0x0, 0x9,
    0xff, 0x70, 0x1, 0xef, 0xe1, 0x0, 0x0, 0xcf,
    0xf3, 0xb, 0xff, 0x30, 0x0, 0x0, 0x2f, 0xfd,
    0x7f, 0xf7, 0x0, 0x0, 0x0, 0x5, 0xff, 0xff,
    0xb0, 0x0, 0x0, 0x0, 0x0, 0xbf, 0xff, 0x10,
    0x0, 0x0, 0x0, 0x0, 0xcf, 0xff, 0x30, 0x0,
    0x0, 0x0, 0x7, 0xff, 0xff, 0xd0, 0x0, 0x0,
    0x0, 0x4f, 0xfb, 0x5f, 0xfa, 0x0, 0x0, 0x1,
    0xef, 0xe1, 0x9, 0xff, 0xb5, 0x50, 0xb, 0xff,
    0x40, 0x0, 0xdf, 0xff, 0xf2, 0x8f, 0xf8, 0x0,
    0x0, 0x3f, 0xff, 0xf2, 0x0, 0x0, 0x0, 0x0,
    0x0, 0x5f, 0xf2, 0x0, 0x0, 0x0, 0x0, 0x0,
    0x5f, 0xf2, 0x0, 0x0, 0x0, 0x0, 0x0, 0x28,
    0x81,

    /* U+04B4 "Ҵ" */
    0xaf, 0xff, 0xff, 0xff, 0xff, 0xff, 0x90, 0x0,
    0xff, 0xd0, 0x0, 0xaf, 0xff, 0xff, 0xff, 0xff,
    0xff, 0x90, 0x0, 0xff, 0xd0, 0x0, 0x47, 0x77,
    0x7f, 0xff, 0xb7, 0x77, 0x40, 0x0, 0xff, 0xd0,
    0x0, 0x0, 0x0, 0x9, 0xff, 0x40, 0x0, 0x0,
    0x0, 0xff, 0xd0, 0x0, 0x0, 0x0, 0x9, 0xff,
    0x40, 0x0, 0x0, 0x0, 0xff, 0xd0, 0x0, 0x0,
    0x0, 0x9, 0xff, 0x40, 0x0, 0x0, 0x0, 0xff,
    0xd0, 0x0, 0x0, 0x0, 0x9, 0xff, 0x40, 0x0,
    0x0, 0x0, 0xff, 0xd0, 0x0, 0x0, 0x0, 0x9,
    0xff, 0x40, 0x0, 0x0, 0x0, 0xff, 0xd0, 0x0,
    0x0, 0x0, 0x9, 0xff, 0x40, 0x0, 0x0, 0x0,
    0xff, 0xd0, 0x0, 0x0, 0x0, 0x9, 0xff, 0x40,
    0x0, 0x0, 0x0, 0xff, 0xd0, 0x0, 0x0, 0x0,
    0x9, 0xff, 0x40, 0x0, 0x0, 0x0, 0xff, 0xd0,
    0x0, 0x0, 0x0, 0x9, 0xff, 0x40, 0x0, 0x0,
    0x0, 0xff, 0xd0, 0x0, 0x0, 0x0, 0x9, 0xff,
    0x40, 0x0, 0x0, 0x0, 0xff, 0xd0, 0x0, 0x0,
    0x0, 0x9, 0xff, 0x97, 0x77, 0x77, 0x77, 0xff,
    0xf7, 0x71, 0x0, 0x0, 0x9, 0xff, 0xff, 0xff,
    0xff, 0xff, 0xff, 0xff, 0xf2, 0x0, 0x0, 0x9,
    0xff, 0xff, 0xff, 0xff, 0xff, 0xff, 0xff, 0xf2,
    0x0, 0x0, 0x0, 0x0, 0x0, 0x0, 0x0, 0x0,
    0x0, 0x8f, 0xf2, 0x0, 0x0, 0x0, 0x0, 0x0,
    0x0, 0x0, 0x0, 0x0, 0x8f, 0xf2, 0x0, 0x0,
    0x0, 0x0, 0x0, 0x0, 0x0, 0x0, 0x0, 0x8f,
    0xf2, 0x0, 0x0, 0x0, 0x0, 0x0, 0x0, 0x0,
    0x0, 0x0, 0x48, 0x81,

    /* U+04B5 "ҵ" */
    0xdf, 0xff, 0xff, 0xff, 0xff, 0x10, 0xcf, 0xf0,
    0xd, 0xff, 0xff, 0xff, 0xff, 0xf1, 0xc, 0xff,
    0x0, 0x45, 0x55, 0xff, 0xf6, 0x55, 0x0, 0xcf,
    0xf0, 0x0, 0x0, 0xb, 0xff, 0x0, 0x0, 0xc,
    0xff, 0x0, 0x0, 0x0, 0xbf, 0xf0, 0x0, 0x0,
    0xcf, 0xf0, 0x0, 0x0, 0xb, 0xff, 0x0, 0x0,
    0xc, 0xff, 0x0, 0x0, 0x0, 0xbf, 0xf0, 0x0,
    0x0, 0xcf, 0xf0, 0x0, 0x0, 0xb, 0xff, 0x0,
    0x0, 0xc, 0xff, 0x0, 0x0, 0x0, 0xbf, 0xf0,
    0x0, 0x0, 0xcf, 0xf0, 0x0, 0x0, 0xb, 0xff,
    0x65, 0x55, 0x5f, 0xff, 0x53, 0x0, 0x0, 0xbf,
    0xff, 0xff, 0xff, 0xff, 0xff, 0x90, 0x0, 0xb,
    0xff, 0xff, 0xff, 0xff, 0xff, 0xf9, 0x0, 0x0,
    0x0, 0x0, 0x0, 0x0, 0x0, 0xff, 0x90, 0x0,
    0x0, 0x0, 0x0, 0x0, 0x0, 0xf, 0xf9, 0x0,
    0x0, 0x0, 0x0, 0x0, 0x0, 0x0, 0x78, 0x40,

    /* U+04B6 "Ҷ" */
    0x6f, 0xf7, 0x0, 0x0, 0x0, 0x1f, 0xfb, 0x0,
    0x6f, 0xf7, 0x0, 0x0, 0x0, 0x1f, 0xfb, 0x0,
    0x6f, 0xf7, 0x0, 0x0, 0x0, 0x1f, 0xfb, 0x0,
    0x6f, 0xf7, 0x0, 0x0, 0x0, 0x1f, 0xfb, 0x0,
    0x6f, 0xf7, 0x0, 0x0, 0x0, 0x1f, 0xfb, 0x0,
    0x5f, 0xf8, 0x0, 0x0, 0x0, 0x1f, 0xfb, 0x0,
    0x4f, 0xfc, 0x0, 0x0, 0x0, 0x1f, 0xfb, 0x0,
    0xf, 0xff, 0x60, 0x0, 0x0, 0x4f, 0xfb, 0x0,
    0x8, 0xff, 0xfc, 0x98, 0x9d, 0xff, 0xfb, 0x0,
    0x0, 0xbf, 0xff, 0xff, 0xff, 0xff, 0xfb, 0x0,
    0x0, 0x5, 0xbe, 0xfe, 0xd9, 0x6f, 0xfb, 0x0,
    0x0, 0x0, 0x0, 0x0, 0x0, 0x1f, 0xfb, 0x0,
    0x0, 0x0, 0x0, 0x0, 0x0, 0x1f, 0xfb, 0x0,
    0x0, 0x0, 0x0, 0x0, 0x0, 0x2f, 0xff, 0x77,
    0x0, 0x0, 0x0, 0x0, 0x0, 0x3f, 0xff, 0xff,
    0x0, 0x0, 0x0, 0x0, 0x0, 0x3f, 0xff, 0xff,
    0x0, 0x0, 0x0, 0x0, 0x0, 0x0, 0xa, 0xff,
    0x0, 0x0, 0x0, 0x0, 0x0, 0x0, 0xa, 0xff,
    0x0, 0x0, 0x0, 0x0, 0x0, 0x0, 0xa, 0xff,
    0x0, 0x0, 0x0, 0x0, 0x0, 0x0, 0x5, 0x88,

    /* U+04B7 "ҷ" */
    0x2f, 0xf9, 0x0, 0x0, 0xf, 0xfd, 0x0, 0x2f,
    0xf9, 0x0, 0x0, 0xf, 0xfd, 0x0, 0x2f, 0xf9,
    0x0, 0x0, 0xf, 0xfd, 0x0, 0x2f, 0xf9, 0x0,
    0x0, 0xf, 0xfd, 0x0, 0x1f, 0xfb, 0x0, 0x0,
    0xf, 0xfd, 0x0, 0xe, 0xff, 0x61, 0x3, 0x7f,
    0xfd, 0x0, 0x7, 0xff, 0xff, 0xff, 0xff, 0xfd,
    0x0, 0x0, 0x7e, 0xff, 0xfe, 0x9f, 0xfd, 0x0,
    0x0, 0x0, 0x23, 0x10, 0xf, 0xfd, 0x0, 0x0,
    0x0, 0x0, 0x0, 0xf, 0xff, 0x53, 0x0, 0x0,
    0x0, 0x0, 0xf, 0xff, 0xf9, 0x0, 0x0, 0x0,
    0x0, 0xf, 0xff, 0xf9, 0x0, 0x0, 0x0, 0x0,
    0x0, 0xf, 0xf9, 0x0, 0x0, 0x0, 0x0, 0x0,
    0xf, 0xf9, 0x0, 0x0, 0x0, 0x0, 0x0, 0x7,
    0x84,

    /* U+04B8 "Ҹ" */
    0x6f, 0xf7, 0x0, 0x0, 0x0, 0x1f, 0xfb, 0x6f,
    0xf7, 0x0, 0x0, 0x0, 0x1f, 0xfb, 0x6f, 0xf7,
    0x0, 0x0, 0x0, 0x1f, 0xfb, 0x6f, 0xf7, 0x0,
    0x0, 0x0, 0x1f, 0xfb, 0x6f, 0xf7, 0x0, 0x0,
    0x0, 0x1f, 0xfb, 0x6f, 0xf8, 0x0, 0x69, 0x10,
    0x1f, 0xfb, 0x4f, 0xfb, 0x0, 0xcf, 0x20, 0x1f,
    0xfb, 0x1f, 0xff, 0x60, 0xcf, 0x20, 0x4f, 0xfb,
    0x9, 0xff, 0xfc, 0xff, 0xcd, 0xff, 0xfb, 0x0,
    0xbf, 0xff, 0xff, 0xff, 0xff, 0xfb, 0x0, 0x5,
    0xbe, 0xff, 0xf9, 0x6f, 0xfb, 0x0, 0x0, 0x0,
    0xcf, 0x20, 0x1f, 0xfb, 0x0, 0x0, 0x0, 0xcf,
    0x20, 0x1f, 0xfb, 0x0, 0x0, 0x0, 0xad, 0x10,
    0x1f, 0xfb, 0x0, 0x0, 0x0, 0x0, 0x0, 0x1f,
    0xfb, 0x0, 0x0, 0x0, 0x0, 0x0, 0x1f, 0xfb,

    /* U+04B9 "ҹ" */
    0x3f, 0xf9, 0x0, 0x0, 0xf, 0xfc, 0x3f, 0xf9,
    0x0, 0x0, 0xf, 0xfc, 0x3f, 0xf9, 0x0, 0x0,
    0xf, 0xfc, 0x2f, 0xf9, 0x2, 0x30, 0xf, 0xfc,
    0x2f, 0xfb, 0x8, 0xf3, 0xf, 0xfc, 0xf, 0xff,
    0x69, 0xf6, 0x8f, 0xfc, 0x7, 0xff, 0xff, 0xff,
    0xff, 0xfc, 0x0, 0x7e, 0xff, 0xff, 0x9f, 0xfc,
    0x0, 0x0, 0x2b, 0xf3, 0xf, 0xfc, 0x0, 0x0,
    0x8, 0xf3, 0xf, 0xfc, 0x0, 0x0, 0x2, 0x40,
    0xf, 0xfc, 0x0, 0x0, 0x0, 0x0, 0xf, 0xfc,

    /* U+04BA "Һ" */
    0xdf, 0xf0, 0x0, 0x0, 0x0, 0x0, 0x0, 0xdf,
    0xf0, 0x0, 0x0, 0x0, 0x0, 0x0, 0xdf, 0xf0,
    0x0, 0x0, 0x0, 0x0, 0x0, 0xdf, 0xf0, 0x0,
    0x0, 0x0, 0x0, 0x0, 0xdf, 0xf0, 0x0, 0x0,
    0x0, 0x0, 0x0, 0xdf, 0xf0, 0x14, 0x67, 0x62,
    0x0, 0x0, 0xdf, 0xfd, 0xff, 0xff, 0xff, 0xc3,
    0x0, 0xdf, 0xff, 0xff, 0xff, 0xff, 0xff, 0x20,
    0xdf, 0xfa, 0x52, 0x1, 0x5d, 0xff, 0xc0, 0xdf,
    0xf0, 0x0, 0x0, 0x2, 0xff, 0xf1, 0xdf, 0xf0,
    0x0, 0x0, 0x0, 0xbf, 0xf3, 0xdf, 0xf0, 0x0,
    0x0, 0x0, 0x8f, 0xf4, 0xdf, 0xf0, 0x0, 0x0,
    0x0, 0x8f, 0xf4, 0xdf, 0xf0, 0x0, 0x0, 0x0,
    0x8f, 0xf4, 0xdf, 0xf0, 0x0, 0x0, 0x0, 0x8f,
    0xf4, 0xdf, 0xf0, 0x0, 0x0, 0x0, 0x8f, 0xf4,

    /* U+04BB "һ" */
    0x18, 0x84, 0x0, 0x0, 0x0, 0x0, 0x2, 0xff,
    0x90, 0x0, 0x0, 0x0, 0x0, 0x2f, 0xf9, 0x0,
    0x0, 0x0, 0x0, 0x2, 0xff, 0x90, 0x0, 0x0,
    0x0, 0x0, 0x2f, 0xf9, 0x0, 0x0, 0x0, 0x0,
    0x2, 0xff, 0x92, 0xae, 0xfe, 0xa2, 0x0, 0x2f,
    0xfe, 0xff, 0xff, 0xff, 0xf3, 0x2, 0xff, 0xff,
    0xb7, 0x8d, 0xff, 0xd0, 0x2f, 0xff, 0x60, 0x0,
    0xd, 0xff, 0x32, 0xff, 0xd0, 0x0, 0x0, 0x7f,
    0xf5, 0x2f, 0xfa, 0x0, 0x0, 0x5, 0xff, 0x62,
    0xff, 0x90, 0x0, 0x0, 0x5f, 0xf6, 0x2f, 0xf9,
    0x0, 0x0, 0x5, 0xff, 0x62, 0xff, 0x90, 0x0,
    0x0, 0x5f, 0xf6, 0x2f, 0xf9, 0x0, 0x0, 0x5,
    0xff, 0x62, 0xff, 0x90, 0x0, 0x0, 0x5f, 0xf6,
    0x2f, 0xf9, 0x0, 0x0, 0x5, 0xff, 0x60,

    /* U+04BC "Ҽ" */
    0x0, 0x0, 0x0, 0x0, 0x1, 0x7c, 0xef, 0xea,
    0x50, 0x0, 0x0, 0x0, 0x0, 0x0, 0x0, 0x7f,
    0xff, 0xff, 0xff, 0xfd, 0x30, 0x0, 0x0, 0x0,
    0x0, 0x9, 0xff, 0xfd, 0x98, 0xaf, 0xff, 0xf3,
    0x0, 0xe, 0xd7, 0x0, 0x7f, 0xff, 0x50, 0x0,
    0x1, 0xaf, 0xfe, 0x10, 0x4f, 0xf5, 0x1, 0xff,
    0xf3, 0x0, 0x0, 0x0, 0xb, 0xff, 0x80, 0x5f,
    0xf4, 0x5, 0xff, 0xa0, 0x0, 0x0, 0x0, 0x2,
    0xff, 0xe0, 0x3f, 0xfb, 0x19, 0xff, 0x50, 0x0,
    0x0, 0x0, 0x0, 0xcf, 0xf1, 0xd, 0xff, 0xff,
    0xff, 0xff, 0xff, 0xff, 0xff, 0xff, 0xff, 0xf3,
    0x1, 0xcf, 0xff, 0xff, 0xff, 0xff, 0xff, 0xff,
    0xff, 0xff, 0xf3, 0x0, 0x2, 0x4e, 0xff, 0x94,
    0x44, 0x44, 0x44, 0x44, 0x44, 0x40, 0x0, 0x0,
    0x6, 0xff, 0xa0, 0x0, 0x0, 0x0, 0x0, 0x0,
    0x0, 0x0, 0x0, 0x1, 0xff, 0xf4, 0x0, 0x0,
    0x0, 0x2, 0x0, 0x0, 0x0, 0x0, 0x0, 0x7f,
    0xff, 0x60, 0x0, 0x0, 0x6f, 0xb0, 0x0, 0x0,
    0x0, 0x0, 0xa, 0xff, 0xfe, 0x98, 0xae, 0xff,
    0xf9, 0x0, 0x0, 0x0, 0x0, 0x0, 0x7f, 0xff,
    0xff, 0xff, 0xff, 0x80, 0x0, 0x0, 0x0, 0x0,
    0x0, 0x1, 0x7c, 0xef, 0xeb, 0x71, 0x0, 0x0,

    /* U+04BD "ҽ" */
    0x0, 0x0, 0x0, 0x4, 0xae, 0xfe, 0xb4, 0x0,
    0x0, 0x0, 0x0, 0xa, 0xff, 0xff, 0xff, 0xfa,
    0x0, 0x29, 0x70, 0xa, 0xff, 0xc6, 0x35, 0xcf,
    0xf9, 0x7, 0xfd, 0x3, 0xff, 0xc0, 0x0, 0x0,
    0xbf, 0xf2, 0x8f, 0xe2, 0x8f, 0xf3, 0x0, 0x0,
    0x3, 0xff, 0x73, 0xff, 0xff, 0xff, 0xff, 0xff,
    0xff, 0xff, 0xf9, 0x3, 0xac, 0xff, 0xfe, 0xdd,
    0xdd, 0xdd, 0xdd, 0x80, 0x0, 0x8, 0xff, 0x50,
    0x0, 0x0, 0x0, 0x0, 0x0, 0x0, 0x2f, 0xfe,
    0x20, 0x0, 0x1, 0x50, 0x0, 0x0, 0x0, 0x9f,
    0xff, 0x96, 0x69, 0xff, 0x50, 0x0, 0x0, 0x0,
    0x9f, 0xff, 0xff, 0xff, 0xf5, 0x0, 0x0, 0x0,
    0x0, 0x39, 0xdf, 0xfd, 0x92, 0x0,

    /* U+04BE "Ҿ" */
    0x0, 0x0, 0x0, 0x0, 0x1, 0x7c, 0xef, 0xea,
    0x50, 0x0, 0x0, 0x0, 0x0, 0x0, 0x0, 0x7f,
    0xff, 0xff, 0xff, 0xfd, 0x30, 0x0, 0x0, 0x0,
    0x0, 0x9, 0xff, 0xfd, 0x98, 0xaf, 0xff, 0xf3,
    0x0, 0xe, 0xd7, 0x0, 0x7f, 0xff, 0x50, 0x0,
    0x1, 0xaf, 0xfe, 0x10, 0x4f, 0xf5, 0x1, 0xff,
    0xf3, 0x0, 0x0, 0x0, 0xb, 0xff, 0x80, 0x5f,
    0xf4, 0x5, 0xff, 0xa0, 0x0, 0x0, 0x0, 0x2,
    0xff, 0xe0, 0x3f, 0xfb, 0x19, 0xff, 0x50, 0x0,
    0x0, 0x0, 0x0, 0xcf, 0xf1, 0xd, 0xff, 0xff,
    0xff, 0xff, 0xff, 0xff, 0xff, 0xff, 0xff, 0xf3,
    0x1, 0xcf, 0xff, 0xff, 0xff, 0xff, 0xff, 0xff,
    0xff, 0xff, 0xf3, 0x0, 0x2, 0x4e, 0xff, 0x94,
    0x44, 0x44, 0x44, 0x44, 0x44, 0x40, 0x0, 0x0,
    0x6, 0xff, 0xa0, 0x0, 0x0, 0x0, 0x0, 0x0,
    0x0, 0x0, 0x0, 0x1, 0xff, 0xf4, 0x0, 0x0,
    0x0, 0x2, 0x0, 0x0, 0x0, 0x0, 0x0, 0x7f,
    0xff, 0x60, 0x0, 0x0, 0x6f, 0xb0, 0x0, 0x0,
    0x0, 0x0, 0xa, 0xff, 0xfe, 0x98, 0xae, 0xff,
    0xf9, 0x0, 0x0, 0x0, 0x0, 0x0, 0x7f, 0xff,
    0xff, 0xff, 0xff, 0x80, 0x0, 0x0, 0x0, 0x0,
    0x0, 0x1, 0x7c, 0xff, 0xfb, 0x71, 0x0, 0x0,
    0x0, 0x0, 0x0, 0x0, 0x0, 0x0, 0xdf, 0xd0,
    0x0, 0x0, 0x0, 0x0, 0x0, 0x0, 0x0, 0x0,
    0x0, 0xdf, 0xd0, 0x0, 0x0, 0x0, 0x0, 0x0,
    0x0, 0x0, 0x0, 0x0, 0xdf, 0xd0, 0x0, 0x0,
    0x0,

    /* U+04BF "ҿ" */
    0x0, 0x0, 0x0, 0x4, 0xae, 0xfe, 0xb4, 0x0,
    0x0, 0x0, 0x0, 0xa, 0xff, 0xff, 0xff, 0xfa,
    0x0, 0x29, 0x70, 0xa, 0xff, 0xc6, 0x35, 0xcf,
    0xf9, 0x7, 0xfd, 0x3, 0xff, 0xc0, 0x0, 0x0,
    0xbf, 0xf2, 0x8f, 0xe2, 0x8f, 0xf3, 0x0, 0x0,
    0x3, 0xff, 0x73, 0xff, 0xff, 0xff, 0xff, 0xff,
    0xff, 0xff, 0xf9, 0x3, 0xac, 0xff, 0xfe, 0xdd,
    0xdd, 0xdd, 0xdd, 0x80, 0x0, 0x8, 0xff, 0x50,
    0x0, 0x0, 0x0, 0x0, 0x0, 0x0, 0x2f, 0xfe,
    0x10, 0x0, 0x1, 0x50, 0x0, 0x0, 0x0, 0x9f,
    0xff, 0x96, 0x69, 0xef, 0x50, 0x0, 0x0, 0x0,
    0x9f, 0xff, 0xff, 0xff, 0xf6, 0x0, 0x0, 0x0,
    0x0, 0x39, 0xff, 0xfd, 0x92, 0x0, 0x0, 0x0,
    0x0, 0x0, 0xb, 0xfe, 0x0, 0x0, 0x0, 0x0,
    0x0, 0x0, 0x0, 0xbf, 0xe0, 0x0, 0x0, 0x0,
    0x0, 0x0, 0x0, 0x5, 0x87, 0x0, 0x0, 0x0,

    /* U+04C0 "Ӏ" */
    0xdf, 0xf0, 0xdf, 0xf0, 0xdf, 0xf0, 0xdf, 0xf0,
    0xdf, 0xf0, 0xdf, 0xf0, 0xdf, 0xf0, 0xdf, 0xf0,
    0xdf, 0xf0, 0xdf, 0xf0, 0xdf, 0xf0, 0xdf, 0xf0,
    0xdf, 0xf0, 0xdf, 0xf0, 0xdf, 0xf0, 0xdf, 0xf0,

    /* U+04C1 "Ӂ" */
    0x0, 0x0, 0x0, 0x5, 0xfa, 0x0, 0x7, 0xf8,
    0x0, 0x0, 0x0, 0x0, 0x0, 0x0, 0x0, 0x1f,
    0xf4, 0x3, 0xef, 0x40, 0x0, 0x0, 0x0, 0x0,
    0x0, 0x0, 0x0, 0x6f, 0xff, 0xff, 0x80, 0x0,
    0x0, 0x0, 0x0, 0x0, 0x0, 0x0, 0x0, 0x15,
    0x76, 0x20, 0x0, 0x0, 0x0, 0x0, 0x1f, 0xfe,
    0x10, 0x0, 0x0, 0xdf, 0xf0, 0x0, 0x0, 0xd,
    0xff, 0x30, 0x7f, 0xf8, 0x0, 0x0, 0xd, 0xff,
    0x0, 0x0, 0x6, 0xff, 0x90, 0x0, 0xdf, 0xf1,
    0x0, 0x0, 0xdf, 0xf0, 0x0, 0x0, 0xef, 0xf1,
    0x0, 0x5, 0xff, 0x90, 0x0, 0xd, 0xff, 0x0,
    0x0, 0x7f, 0xf7, 0x0, 0x0, 0xb, 0xff, 0x20,
    0x0, 0xdf, 0xf0, 0x0, 0x1f, 0xfd, 0x0, 0x0,
    0x0, 0x2f, 0xfb, 0x0, 0xd, 0xff, 0x0, 0x9,
    0xff, 0x50, 0x0, 0x0, 0x0, 0x9f, 0xf4, 0x0,
    0xdf, 0xf0, 0x2, 0xff, 0xc0, 0x0, 0x0, 0x0,
    0x1, 0xff, 0xff, 0xff, 0xff, 0xff, 0xff, 0xf3,
    0x0, 0x0, 0x0, 0x0, 0x2f, 0xff, 0xff, 0xff,
    0xff, 0xff, 0xff, 0x40, 0x0, 0x0, 0x0, 0xc,
    0xff, 0xf7, 0x7f, 0xff, 0x77, 0xdf, 0xfd, 0x0,
    0x0, 0x0, 0x5, 0xff, 0xe0, 0x0, 0xdf, 0xf0,
    0x0, 0xcf, 0xf8, 0x0, 0x0, 0x0, 0xef, 0xf5,
    0x0, 0xd, 0xff, 0x0, 0x3, 0xff, 0xf2, 0x0,
    0x0, 0x8f, 0xfb, 0x0, 0x0, 0xdf, 0xf0, 0x0,
    0x9, 0xff, 0xb0, 0x0, 0x2f, 0xff, 0x20, 0x0,
    0xd, 0xff, 0x0, 0x0, 0x1e, 0xff, 0x40, 0xb,
    0xff, 0x80, 0x0, 0x0, 0xdf, 0xf0, 0x0, 0x0,
    0x6f, 0xfd, 0x5, 0xff, 0xe0, 0x0, 0x0, 0xd,
    0xff, 0x0, 0x0, 0x0, 0xcf, 0xf7,

    /* U+04C2 "ӂ" */
    0x0, 0x0, 0x0, 0x77, 0x0, 0x4, 0x82, 0x0,
    0x0, 0x0, 0x0, 0x0, 0x0, 0xcf, 0x50, 0x2d,
    0xf2, 0x0, 0x0, 0x0, 0x0, 0x0, 0x0, 0x4f,
    0xff, 0xff, 0x90, 0x0, 0x0, 0x0, 0x0, 0x0,
    0x0, 0x1, 0x68, 0x73, 0x0, 0x0, 0x0, 0x0,
    0x0, 0x0, 0x0, 0x0, 0x0, 0x0, 0x0, 0x0,
    0x0, 0x0, 0x3f, 0xfb, 0x0, 0x0, 0xbf, 0xf0,
    0x0, 0x6, 0xff, 0x80, 0x9, 0xff, 0x40, 0x0,
    0xbf, 0xf0, 0x0, 0xe, 0xfe, 0x0, 0x1, 0xef,
    0xd0, 0x0, 0xbf, 0xf0, 0x0, 0x8f, 0xf5, 0x0,
    0x0, 0x6f, 0xf6, 0x0, 0xbf, 0xf0, 0x2, 0xff,
    0xb0, 0x0, 0x0, 0xc, 0xfe, 0x10, 0xbf, 0xf0,
    0xb, 0xff, 0x20, 0x0, 0x0, 0x3, 0xff, 0xff,
    0xff, 0xff, 0xff, 0xf9, 0x0, 0x0, 0x0, 0x5,
    0xff, 0xff, 0xff, 0xff, 0xff, 0xfa, 0x0, 0x0,
    0x0, 0xe, 0xff, 0x85, 0xff, 0xf5, 0x5f, 0xff,
    0x40, 0x0, 0x0, 0x9f, 0xf9, 0x0, 0xbf, 0xf0,
    0x4, 0xff, 0xd0, 0x0, 0x3, 0xff, 0xe1, 0x0,
    0xbf, 0xf0, 0x0, 0xaf, 0xf8, 0x0, 0xd, 0xff,
    0x50, 0x0, 0xbf, 0xf0, 0x0, 0x1f, 0xff, 0x30,
    0x7f, 0xfc, 0x0, 0x0, 0xbf, 0xf0, 0x0, 0x7,
    0xff, 0xc0,

    /* U+04C3 "Ӄ" */
    0xdf, 0xf0, 0x0, 0x0, 0x1, 0xef, 0xe1, 0xdf,
    0xf0, 0x0, 0x0, 0xa, 0xff, 0x50, 0xdf, 0xf0,
    0x0, 0x0, 0x5f, 0xf9, 0x0, 0xdf, 0xf0, 0x0,
    0x1, 0xef, 0xd0, 0x0, 0xdf, 0xf0, 0x0, 0xb,
    0xff, 0x30, 0x0, 0xdf, 0xf0, 0x0, 0x6f, 0xf8,
    0x0, 0x0, 0xdf, 0xf7, 0x79, 0xff, 0xc0, 0x0,
    0x0, 0xdf, 0xff, 0xff, 0xff, 0x50, 0x0, 0x0,
    0xdf, 0xff, 0xff, 0xff, 0xe2, 0x0, 0x0, 0xdf,
    0xf0, 0x0, 0xaf, 0xfd, 0x10, 0x0, 0xdf, 0xf0,
    0x0, 0xb, 0xff, 0xc0, 0x0, 0xdf, 0xf0, 0x0,
    0x0, 0xdf, 0xf8, 0x0, 0xdf, 0xf0, 0x0, 0x0,
    0x1f, 0xff, 0x40, 0xdf, 0xf0, 0x0, 0x0, 0x6,
    0xff, 0xd0, 0xdf, 0xf0, 0x0, 0x0, 0x0, 0xdf,
    0xf4, 0xdf, 0xf0, 0x0, 0x0, 0x0, 0x9f, 0xf8,
    0x0, 0x0, 0x0, 0x0, 0x0, 0x9f, 0xf8, 0x0,
    0x0, 0x0, 0x6, 0x78, 0xff, 0xf5, 0x0, 0x0,
    0x0, 0xd, 0xff, 0xff, 0xd0, 0x0, 0x0, 0x0,
    0x9, 0xdf, 0xe9, 0x10,

    /* U+04C4 "ӄ" */
    0x2f, 0xf9, 0x0, 0x0, 0x2f, 0xfc, 0x2, 0xff,
    0x90, 0x0, 0xc, 0xfe, 0x20, 0x2f, 0xf9, 0x0,
    0x9, 0xff, 0x40, 0x2, 0xff, 0x90, 0x4, 0xff,
    0x80, 0x0, 0x2f, 0xfe, 0x56, 0xff, 0xc0, 0x0,
    0x2, 0xff, 0xff, 0xff, 0xf5, 0x0, 0x0, 0x2f,
    0xff, 0xff, 0xff, 0xf3, 0x0, 0x2, 0xff, 0x90,
    0x5, 0xff, 0xe1, 0x0, 0x2f, 0xf9, 0x0, 0x6,
    0xff, 0xc0, 0x2, 0xff, 0x90, 0x0, 0xa, 0xff,
    0x50, 0x2f, 0xf9, 0x0, 0x0, 0x1f, 0xfc, 0x2,
    0xff, 0x90, 0x0, 0x0, 0xbf, 0xf0, 0x0, 0x0,
    0x0, 0x0, 0xb, 0xff, 0x10, 0x0, 0x0, 0x6,
    0x57, 0xff, 0xe0, 0x0, 0x0, 0x2, 0xff, 0xff,
    0xf6, 0x0, 0x0, 0x0, 0x2b, 0xef, 0xc5, 0x0,

    /* U+04C5 "Ӆ" */
    0x0, 0x0, 0xff, 0xff, 0xff, 0xff, 0xff, 0xf5,
    0x0, 0x0, 0x1, 0xff, 0xff, 0xff, 0xff, 0xff,
    0xf5, 0x0, 0x0, 0x1, 0xff, 0xd7, 0x77, 0x77,
    0xef, 0xf5, 0x0, 0x0, 0x2, 0xff, 0x60, 0x0,
    0x0, 0x8f, 0xf5, 0x0, 0x0, 0x2, 0xff, 0x50,
    0x0, 0x0, 0x8f, 0xf5, 0x0, 0x0, 0x3, 0xff,
    0x50, 0x0, 0x0, 0x8f, 0xf5, 0x0, 0x0, 0x3,
    0xff, 0x40, 0x0, 0x0, 0x8f, 0xf5, 0x0, 0x0,
    0x4, 0xff, 0x30, 0x0, 0x0, 0x8f, 0xf5, 0x0,
    0x0, 0x5, 0xff, 0x20, 0x0, 0x0, 0x8f, 0xf5,
    0x0, 0x0, 0x7, 0xff, 0x10, 0x0, 0x0, 0x8f,
    0xf5, 0x0, 0x0, 0x9, 0xff, 0x0, 0x0, 0x0,
    0x8f, 0xf5, 0x0, 0x0, 0xd, 0xfc, 0x0, 0x0,
    0x0, 0x8f, 0xf5, 0x0, 0x0, 0x3f, 0xf8, 0x0,
    0x0, 0x0, 0x8f, 0xf5, 0x0, 0x48, 0xef, 0xf3,
    0x0, 0x0, 0x0, 0xbf, 0xfc, 0x73, 0x9f, 0xff,
    0xb0, 0x0, 0x0, 0x0, 0xff, 0xff, 0xf4, 0xaf,
    0xe9, 0x0, 0x0, 0x0, 0x0, 0xff, 0xff, 0xf0,
    0x0, 0x0, 0x0, 0x0, 0x0, 0x0, 0x0, 0xbf,
    0xb0, 0x0, 0x0, 0x0, 0x0, 0x0, 0x0, 0x0,
    0xff, 0x70, 0x0, 0x0, 0x0, 0x0, 0x0, 0x0,
    0x2, 0xff, 0x20, 0x0, 0x0, 0x0, 0x0, 0x0,
    0x0, 0x2, 0x87, 0x0,

    /* U+04C6 "ӆ" */
    0x0, 0xf, 0xff, 0xff, 0xff, 0xff, 0x80, 0x0,
    0x1, 0xff, 0xff, 0xff, 0xff, 0xf8, 0x0, 0x0,
    0x1f, 0xfb, 0x55, 0x59, 0xff, 0x80, 0x0, 0x2,
    0xff, 0x40, 0x0, 0x4f, 0xf8, 0x0, 0x0, 0x3f,
    0xf3, 0x0, 0x4, 0xff, 0x80, 0x0, 0x4, 0xff,
    0x20, 0x0, 0x4f, 0xf8, 0x0, 0x0, 0x5f, 0xf1,
    0x0, 0x4, 0xff, 0x80, 0x0, 0x8, 0xff, 0x0,
    0x0, 0x4f, 0xf8, 0x0, 0x0, 0xcf, 0xc0, 0x0,
    0x4, 0xff, 0x80, 0x4, 0x9f, 0xf8, 0x0, 0x0,
    0x5f, 0xfd, 0x51, 0xcf, 0xff, 0x20, 0x0, 0x8,
    0xff, 0xff, 0x1d, 0xfd, 0x40, 0x0, 0x0, 0x8f,
    0xff, 0xc0, 0x0, 0x0, 0x0, 0x0, 0x0, 0xc,
    0xf8, 0x0, 0x0, 0x0, 0x0, 0x0, 0x0, 0xff,
    0x30, 0x0, 0x0, 0x0, 0x0, 0x0, 0x18, 0x70,
    0x0,

    /* U+04C7 "Ӈ" */
    0xdf, 0xf0, 0x0, 0x0, 0x0, 0xf, 0xfd, 0xdf,
    0xf0, 0x0, 0x0, 0x0, 0xf, 0xfd, 0xdf, 0xf0,
    0x0, 0x0, 0x0, 0xf, 0xfd, 0xdf, 0xf0, 0x0,
    0x0, 0x0, 0xf, 0xfd, 0xdf, 0xf0, 0x0, 0x0,
    0x0, 0xf, 0xfd, 0xdf, 0xf0, 0x0, 0x0, 0x0,
    0xf, 0xfd, 0xdf, 0xf0, 0x0, 0x0, 0x0, 0xf,
    0xfd, 0xdf, 0xff, 0xff, 0xff, 0xff, 0xff, 0xfd,
    0xdf, 0xff, 0xff, 0xff, 0xff, 0xff, 0xfd, 0xdf,
    0xf7, 0x77, 0x77, 0x77, 0x7f, 0xfd, 0xdf, 0xf0,
    0x0, 0x0, 0x0, 0xf, 0xfd, 0xdf, 0xf0, 0x0,
    0x0, 0x0, 0xf, 0xfd, 0xdf, 0xf0, 0x0, 0x0,
    0x0, 0xf, 0xfd, 0xdf, 0xf0, 0x0, 0x0, 0x0,
    0xf, 0xfd, 0xdf, 0xf0, 0x0, 0x0, 0x0, 0xf,
    0xfd, 0xdf, 0xf0, 0x0, 0x0, 0x0, 0xf, 0xfd,
    0x0, 0x0, 0x0, 0x0, 0x0, 0xf, 0xfd, 0x0,
    0x0, 0x0, 0x0, 0x0, 0x6f, 0xfb, 0x0, 0x0,
    0x0, 0x7, 0xfe, 0xff, 0xf5, 0x0, 0x0, 0x0,
    0xc, 0xff, 0xff, 0x80, 0x0, 0x0, 0x0, 0x0,
    0x47, 0x62, 0x0,

    /* U+04C8 "ӈ" */
    0x2f, 0xf9, 0x0, 0x0, 0x6, 0xff, 0x52, 0xff,
    0x90, 0x0, 0x0, 0x6f, 0xf5, 0x2f, 0xf9, 0x0,
    0x0, 0x6, 0xff, 0x52, 0xff, 0x90, 0x0, 0x0,
    0x6f, 0xf5, 0x2f, 0xfb, 0x55, 0x55, 0x59, 0xff,
    0x52, 0xff, 0xff, 0xff, 0xff, 0xff, 0xf5, 0x2f,
    0xff, 0xff, 0xff, 0xff, 0xff, 0x52, 0xff, 0x90,
    0x0, 0x0, 0x6f, 0xf5, 0x2f, 0xf9, 0x0, 0x0,
    0x6, 0xff, 0x52, 0xff, 0x90, 0x0, 0x0, 0x6f,
    0xf5, 0x2f, 0xf9, 0x0, 0x0, 0x6, 0xff, 0x52,
    0xff, 0x90, 0x0, 0x0, 0x6f, 0xf5, 0x0, 0x0,
    0x0, 0x0, 0x7, 0xff, 0x50, 0x0, 0x0, 0x6,
    0x56, 0xef, 0xf1, 0x0, 0x0, 0x0, 0xff, 0xff,
    0xf9, 0x0, 0x0, 0x0, 0x1a, 0xef, 0xd7, 0x0,

    /* U+04C9 "Ӊ" */
    0xdf, 0xf0, 0x0, 0x0, 0x0, 0xf, 0xfd, 0x0,
    0xd, 0xff, 0x0, 0x0, 0x0, 0x0, 0xff, 0xd0,
    0x0, 0xdf, 0xf0, 0x0, 0x0, 0x0, 0xf, 0xfd,
    0x0, 0xd, 0xff, 0x0, 0x0, 0x0, 0x0, 0xff,
    0xd0, 0x0, 0xdf, 0xf0, 0x0, 0x0, 0x0, 0xf,
    0xfd, 0x0, 0xd, 0xff, 0x0, 0x0, 0x0, 0x0,
    0xff, 0xd0, 0x0, 0xdf, 0xf0, 0x0, 0x0, 0x0,
    0xf, 0xfd, 0x0, 0xd, 0xff, 0xff, 0xff, 0xff,
    0xff, 0xff, 0xd0, 0x0, 0xdf, 0xff, 0xff, 0xff,
    0xff, 0xff, 0xfd, 0x0, 0xd, 0xff, 0x77, 0x77,
    0x77, 0x77, 0xff, 0xd0, 0x0, 0xdf, 0xf0, 0x0,
    0x0, 0x0, 0xf, 0xfd, 0x0, 0xd, 0xff, 0x0,
    0x0, 0x0, 0x0, 0xff, 0xd0, 0x0, 0xdf, 0xf0,
    0x0, 0x0, 0x0, 0xf, 0xfd, 0x0, 0xd, 0xff,
    0x0, 0x0, 0x0, 0x0, 0xff, 0xf7, 0x70, 0xdf,
    0xf0, 0x0, 0x0, 0x0, 0xf, 0xff, 0xfd, 0xd,
    0xff, 0x0, 0x0, 0x0, 0x0, 0xff, 0xff, 0x90,
    0x0, 0x0, 0x0, 0x0, 0x0, 0x0, 0x3f, 0xf4,
    0x0, 0x0, 0x0, 0x0, 0x0, 0x0, 0x6, 0xff,
    0x0, 0x0, 0x0, 0x0, 0x0, 0x0, 0x0, 0x9f,
    0xb0, 0x0, 0x0, 0x0, 0x0, 0x0, 0x0, 0x6,
    0x84, 0x0,

    /* U+04CA "ӊ" */
    0x2f, 0xf9, 0x0, 0x0, 0x7, 0xff, 0x40, 0x2,
    0xff, 0x90, 0x0, 0x0, 0x7f, 0xf4, 0x0, 0x2f,
    0xf9, 0x0, 0x0, 0x7, 0xff, 0x40, 0x2, 0xff,
    0x90, 0x0, 0x0, 0x7f, 0xf4, 0x0, 0x2f, 0xf9,
    0x0, 0x0, 0x7, 0xff, 0x40, 0x2, 0xff, 0xff,
    0xff, 0xff, 0xff, 0xf4, 0x0, 0x2f, 0xff, 0xff,
    0xff, 0xff, 0xff, 0x40, 0x2, 0xff, 0xb5, 0x55,
    0x55, 0xaf, 0xf4, 0x0, 0x2f, 0xf9, 0x0, 0x0,
    0x7, 0xff, 0x40, 0x2, 0xff, 0x90, 0x0, 0x0,
    0xaf, 0xfa, 0x50, 0x2f, 0xf9, 0x0, 0x0, 0xf,
    0xff, 0xfd, 0x2, 0xff, 0x90, 0x0, 0x0, 0xff,
    0xff, 0x90, 0x0, 0x0, 0x0, 0x0, 0x0, 0xf,
    0xf4, 0x0, 0x0, 0x0, 0x0, 0x0, 0x3, 0xff,
    0x0, 0x0, 0x0, 0x0, 0x0, 0x0, 0x38, 0x60,
    0x0,

    /* U+04CB "Ӌ" */
    0xf, 0xfd, 0x0, 0x0, 0x0, 0xc, 0xff, 0x10,
    0xff, 0xd0, 0x0, 0x0, 0x0, 0xcf, 0xf1, 0xf,
    0xfd, 0x0, 0x0, 0x0, 0xc, 0xff, 0x10, 0xff,
    0xd0, 0x0, 0x0, 0x0, 0xcf, 0xf1, 0xf, 0xfd,
    0x0, 0x0, 0x0, 0xc, 0xff, 0x10, 0xff, 0xf0,
    0x0, 0x0, 0x0, 0xcf, 0xf1, 0xd, 0xff, 0x50,
    0x0, 0x0, 0xc, 0xff, 0x10, 0x7f, 0xff, 0x72,
    0x1, 0x4a, 0xff, 0xf1, 0x0, 0xdf, 0xff, 0xff,
    0xff, 0xff, 0xff, 0x10, 0x1, 0xaf, 0xff, 0xff,
    0xfe, 0xff, 0xf1, 0x0, 0x0, 0x15, 0x66, 0x52,
    0xc, 0xff, 0x10, 0x0, 0x0, 0x0, 0x0, 0x0,
    0xcf, 0xf1, 0x0, 0x0, 0x0, 0x0, 0x0, 0xc,
    0xff, 0x10, 0x0, 0x0, 0x0, 0x3, 0x77, 0xff,
    0xf1, 0x0, 0x0, 0x0, 0x0, 0x7f, 0xff, 0xff,
    0x20, 0x0, 0x0, 0x0, 0x7, 0xff, 0xff, 0xf2,
    0x0, 0x0, 0x0, 0x0, 0x7f, 0xf2, 0x0, 0x0,
    0x0, 0x0, 0x0, 0x7, 0xff, 0x20, 0x0, 0x0,
    0x0, 0x0, 0x0, 0x7f, 0xf2, 0x0, 0x0, 0x0,
    0x0, 0x0, 0x3, 0x88, 0x10, 0x0,

    /* U+04CC "ӌ" */
    0x4f, 0xf8, 0x0, 0x0, 0xf, 0xfb, 0x4f, 0xf8,
    0x0, 0x0, 0xf, 0xfb, 0x4f, 0xf8, 0x0, 0x0,
    0xf, 0xfb, 0x3f, 0xf8, 0x0, 0x0, 0xf, 0xfb,
    0x2f, 0xfb, 0x0, 0x0, 0xf, 0xfb, 0xe, 0xff,
    0x94, 0x36, 0xcf, 0xfb, 0x6, 0xff, 0xff, 0xff,
    0xff, 0xfb, 0x0, 0x4b, 0xef, 0xeb, 0x6f, 0xfb,
    0x0, 0x0, 0x0, 0x0, 0xf, 0xfb, 0x0, 0x0,
    0x0, 0x4, 0x4f, 0xfd, 0x0, 0x0, 0x0, 0xf,
    0xff, 0xff, 0x0, 0x0, 0x0, 0xf, 0xff, 0xff,
    0x0, 0x0, 0x0, 0xf, 0xf8, 0x0, 0x0, 0x0,
    0x0, 0xf, 0xf8, 0x0, 0x0, 0x0, 0x0, 0x8,
    0x84, 0x0,

    /* U+04CD "Ӎ" */
    0xdf, 0xc0, 0x0, 0x0, 0x0, 0x0, 0x0, 0xaf,
    0xf0, 0x0, 0xdf, 0xf5, 0x0, 0x0, 0x0, 0x0,
    0x3, 0xff, 0xf0, 0x0, 0xdf, 0xfe, 0x0, 0x0,
    0x0, 0x0, 0xc, 0xff, 0xf0, 0x0, 0xdf, 0xff,
    0x80, 0x0, 0x0, 0x0, 0x5f, 0xff, 0xf0, 0x0,
    0xdf, 0xff, 0xf1, 0x0, 0x0, 0x0, 0xdf, 0xff,
    0xf0, 0x0, 0xdf, 0xff, 0xfa, 0x0, 0x0, 0x7,
    0xff, 0xff, 0xf0, 0x0, 0xdf, 0xeb, 0xff, 0x30,
    0x0, 0x1e, 0xfc, 0xbf, 0xf0, 0x0, 0xdf, 0xe2,
    0xff, 0xc0, 0x0, 0x9f, 0xf3, 0xbf, 0xf0, 0x0,
    0xdf, 0xe0, 0x8f, 0xf6, 0x2, 0xff, 0x90, 0xbf,
    0xf0, 0x0, 0xdf, 0xe0, 0xd, 0xfe, 0xb, 0xff,
    0x10, 0xbf, 0xf0, 0x0, 0xdf, 0xe0, 0x4, 0xff,
    0xcf, 0xf6, 0x0, 0xbf, 0xf0, 0x0, 0xdf, 0xe0,
    0x0, 0xbf, 0xff, 0xd0, 0x0, 0xbf, 0xf0, 0x0,
    0xdf, 0xe0, 0x0, 0x2f, 0xff, 0x30, 0x0, 0xbf,
    0xf0, 0x0, 0xdf, 0xe0, 0x0, 0x7, 0xfa, 0x0,
    0x0, 0xff, 0xf7, 0x73, 0xdf, 0xe0, 0x0, 0x0,
    0x30, 0x0, 0x0, 0xff, 0xff, 0xf3, 0xdf, 0xe0,
    0x0, 0x0, 0x0, 0x0, 0x0, 0xff, 0xff, 0xf0,
    0x0, 0x0, 0x0, 0x0, 0x0, 0x0, 0x0, 0x0,
    0xcf, 0xb0, 0x0, 0x0, 0x0, 0x0, 0x0, 0x0,
    0x0, 0x0, 0xff, 0x60, 0x0, 0x0, 0x0, 0x0,
    0x0, 0x0, 0x0, 0x3, 0xff, 0x20, 0x0, 0x0,
    0x0, 0x0, 0x0, 0x0, 0x0, 0x2, 0x87, 0x0,

    /* U+04CE "ӎ" */
    0x2f, 0xfe, 0x10, 0x0, 0x0, 0x1, 0xef, 0xd0,
    0x2, 0xff, 0xf9, 0x0, 0x0, 0x0, 0x9f, 0xfd,
    0x0, 0x2f, 0xff, 0xf2, 0x0, 0x0, 0x2f, 0xff,
    0xd0, 0x2, 0xff, 0xff, 0xa0, 0x0, 0xc, 0xff,
    0xfd, 0x0, 0x2f, 0xfb, 0xff, 0x30, 0x5, 0xff,
    0xcf, 0xd0, 0x2, 0xff, 0x5c, 0xfc, 0x0, 0xef,
    0x89, 0xfd, 0x0, 0x2f, 0xf5, 0x3f, 0xf5, 0x8f,
    0xe0, 0x9f, 0xd0, 0x2, 0xff, 0x50, 0xaf, 0xff,
    0xf5, 0x9, 0xfe, 0x0, 0x2f, 0xf5, 0x1, 0xff,
    0xfc, 0x0, 0x9f, 0xe0, 0x2, 0xff, 0x50, 0x7,
    0xff, 0x30, 0xd, 0xff, 0x55, 0x2f, 0xf5, 0x0,
    0xb, 0x70, 0x0, 0xff, 0xff, 0xb2, 0xff, 0x50,
    0x0, 0x0, 0x0, 0xf, 0xff, 0xf7, 0x0, 0x0,
    0x0, 0x0, 0x0, 0x0, 0x2, 0xff, 0x20, 0x0,
    0x0, 0x0, 0x0, 0x0, 0x0, 0x6f, 0xe0, 0x0,
    0x0, 0x0, 0x0, 0x0, 0x0, 0x4, 0x85, 0x0,

    /* U+04CF "ӏ" */
    0x18, 0x84, 0x2f, 0xf9, 0x2f, 0xf9, 0x2f, 0xf9,
    0x2f, 0xf9, 0x2f, 0xf9, 0x2f, 0xf9, 0x2f, 0xf9,
    0x2f, 0xf9, 0x2f, 0xf9, 0x2f, 0xf9, 0x2f, 0xf9,
    0x2f, 0xf9, 0x2f, 0xf9, 0x2f, 0xf9, 0x2f, 0xf9,
    0x2f, 0xf9,

    /* U+04D0 "Ӑ" */
    0x0, 0x0, 0x6f, 0x90, 0x0, 0x8f, 0x70, 0x0,
    0x0, 0x0, 0x2, 0xff, 0x40, 0x3e, 0xf3, 0x0,
    0x0, 0x0, 0x0, 0x7, 0xff, 0xff, 0xf8, 0x0,
    0x0, 0x0, 0x0, 0x0, 0x2, 0x67, 0x62, 0x0,
    0x0, 0x0, 0x0, 0x0, 0x0, 0x1f, 0xff, 0x20,
    0x0, 0x0, 0x0, 0x0, 0x0, 0x8, 0xff, 0xf9,
    0x0, 0x0, 0x0, 0x0, 0x0, 0x0, 0xef, 0xff,
    0xf1, 0x0, 0x0, 0x0, 0x0, 0x0, 0x6f, 0xf9,
    0xff, 0x70, 0x0, 0x0, 0x0, 0x0, 0xd, 0xfe,
    0xd, 0xfe, 0x0, 0x0, 0x0, 0x0, 0x4, 0xff,
    0x70, 0x7f, 0xf5, 0x0, 0x0, 0x0, 0x0, 0xbf,
    0xf1, 0x1, 0xff, 0xc0, 0x0, 0x0, 0x0, 0x2f,
    0xfa, 0x0, 0x9, 0xff, 0x30, 0x0, 0x0, 0x8,
    0xff, 0x30, 0x0, 0x3f, 0xfa, 0x0, 0x0, 0x0,
    0xff, 0xd0, 0x0, 0x0, 0xcf, 0xf1, 0x0, 0x0,
    0x6f, 0xff, 0xff, 0xff, 0xff, 0xff, 0x70, 0x0,
    0xd, 0xff, 0xff, 0xff, 0xff, 0xff, 0xfe, 0x0,
    0x4, 0xff, 0xd4, 0x44, 0x44, 0x44, 0xdf, 0xf5,
    0x0, 0xbf, 0xf2, 0x0, 0x0, 0x0, 0x2, 0xff,
    0xc0, 0x2f, 0xfc, 0x0, 0x0, 0x0, 0x0, 0xb,
    0xff, 0x39, 0xff, 0x50, 0x0, 0x0, 0x0, 0x0,
    0x4f, 0xfa,

    /* U+04D1 "ӑ" */
    0x0, 0x18, 0x50, 0x0, 0x58, 0x10, 0x0, 0xf,
    0xe3, 0x4, 0xff, 0x0, 0x0, 0x6, 0xff, 0xff,
    0xf6, 0x0, 0x0, 0x0, 0x26, 0x86, 0x20, 0x0,
    0x0, 0x0, 0x0, 0x0, 0x0, 0x0, 0x0, 0x39,
    0xdf, 0xfe, 0xa3, 0x0, 0x7, 0xff, 0xff, 0xff,
    0xff, 0x60, 0x3, 0xfc, 0x75, 0x6a, 0xff, 0xf1,
    0x0, 0x30, 0x0, 0x0, 0x9f, 0xf6, 0x0, 0x0,
    0x0, 0x0, 0x3f, 0xf8, 0x0, 0x4b, 0xef, 0xff,
    0xff, 0xf9, 0x6, 0xff, 0xfe, 0xdd, 0xff, 0xf9,
    0xe, 0xfe, 0x20, 0x0, 0x2f, 0xf9, 0xf, 0xfa,
    0x0, 0x0, 0x6f, 0xf9, 0xe, 0xfe, 0x30, 0x4,
    0xff, 0xf9, 0x5, 0xff, 0xfe, 0xff, 0xef, 0xf9,
    0x0, 0x4b, 0xef, 0xe9, 0x1f, 0xf9,

    /* U+04D2 "Ӓ" */
    0x0, 0x0, 0x4, 0xa2, 0x2, 0xa5, 0x0, 0x0,
    0x0, 0x0, 0x0, 0xdf, 0xa0, 0x9f, 0xe0, 0x0,
    0x0, 0x0, 0x0, 0x8, 0xf5, 0x5, 0xf9, 0x0,
    0x0, 0x0, 0x0, 0x0, 0x0, 0x0, 0x0, 0x0,
    0x0, 0x0, 0x0, 0x0, 0x0, 0x1f, 0xff, 0x20,
    0x0, 0x0, 0x0, 0x0, 0x0, 0x8, 0xff, 0xf9,
    0x0, 0x0, 0x0, 0x0, 0x0, 0x0, 0xef, 0xff,
    0xf1, 0x0, 0x0, 0x0, 0x0, 0x0, 0x6f, 0xf9,
    0xff, 0x70, 0x0, 0x0, 0x0, 0x0, 0xd, 0xfe,
    0xd, 0xfe, 0x0, 0x0, 0x0, 0x0, 0x4, 0xff,
    0x70, 0x7f, 0xf5, 0x0, 0x0, 0x0, 0x0, 0xbf,
    0xf1, 0x1, 0xff, 0xc0, 0x0, 0x0, 0x0, 0x2f,
    0xfa, 0x0, 0x9, 0xff, 0x30, 0x0, 0x0, 0x8,
    0xff, 0x30, 0x0, 0x3f, 0xfa, 0x0, 0x0, 0x0,
    0xff, 0xd0, 0x0, 0x0, 0xcf, 0xf1, 0x0, 0x0,
    0x6f, 0xff, 0xff, 0xff, 0xff, 0xff, 0x70, 0x0,
    0xd, 0xff, 0xff, 0xff, 0xff, 0xff, 0xfe, 0x0,
    0x4, 0xff, 0xd4, 0x44, 0x44, 0x44, 0xdf, 0xf5,
    0x0, 0xbf, 0xf2, 0x0, 0x0, 0x0, 0x2, 0xff,
    0xc0, 0x2f, 0xfc, 0x0, 0x0, 0x0, 0x0, 0xb,
    0xff, 0x39, 0xff, 0x50, 0x0, 0x0, 0x0, 0x0,
    0x4f, 0xfa,

    /* U+04D3 "ӓ" */
    0x0, 0x5, 0xa2, 0x2, 0xa4, 0x0, 0x0, 0xe,
    0xf9, 0xa, 0xfe, 0x0, 0x0, 0x9, 0xf5, 0x5,
    0xf9, 0x0, 0x0, 0x0, 0x0, 0x0, 0x0, 0x0,
    0x0, 0x0, 0x0, 0x0, 0x0, 0x0, 0x0, 0x39,
    0xdf, 0xfe, 0xa3, 0x0, 0x7, 0xff, 0xff, 0xff,
    0xff, 0x60, 0x3, 0xfc, 0x75, 0x6a, 0xff, 0xf1,
    0x0, 0x30, 0x0, 0x0, 0x9f, 0xf6, 0x0, 0x0,
    0x0, 0x0, 0x3f, 0xf8, 0x0, 0x4b, 0xef, 0xff,
    0xff, 0xf9, 0x6, 0xff, 0xfe, 0xdd, 0xff, 0xf9,
    0xe, 0xfe, 0x20, 0x0, 0x2f, 0xf9, 0xf, 0xfa,
    0x0, 0x0, 0x6f, 0xf9, 0xe, 0xfe, 0x30, 0x4,
    0xff, 0xf9, 0x5, 0xff, 0xfe, 0xff, 0xef, 0xf9,
    0x0, 0x4b, 0xef, 0xe9, 0x1f, 0xf9,

    /* U+04D4 "Ӕ" */
    0x0, 0x0, 0x0, 0x0, 0x3f, 0xff, 0xff, 0xff,
    0xff, 0xff, 0xff, 0x20, 0x0, 0x0, 0x0, 0xc,
    0xff, 0xff, 0xff, 0xff, 0xff, 0xff, 0xf2, 0x0,
    0x0, 0x0, 0x5, 0xff, 0xef, 0xfe, 0x66, 0x66,
    0x66, 0x66, 0x10, 0x0, 0x0, 0x0, 0xef, 0xd1,
    0xff, 0xc0, 0x0, 0x0, 0x0, 0x0, 0x0, 0x0,
    0x0, 0x7f, 0xf5, 0x1f, 0xfc, 0x0, 0x0, 0x0,
    0x0, 0x0, 0x0, 0x0, 0x1f, 0xfc, 0x1, 0xff,
    0xc0, 0x0, 0x0, 0x0, 0x0, 0x0, 0x0, 0x9,
    0xff, 0x30, 0x1f, 0xfc, 0x0, 0x0, 0x0, 0x0,
    0x0, 0x0, 0x2, 0xff, 0xb0, 0x1, 0xff, 0xff,
    0xff, 0xff, 0xff, 0x30, 0x0, 0x0, 0xbf, 0xf2,
    0x0, 0x1f, 0xff, 0xff, 0xff, 0xff, 0xf3, 0x0,
    0x0, 0x4f, 0xf9, 0x0, 0x1, 0xff, 0xf6, 0x66,
    0x66, 0x66, 0x10, 0x0, 0xc, 0xff, 0xff, 0xff,
    0xff, 0xfc, 0x0, 0x0, 0x0, 0x0, 0x0, 0x6,
    0xff, 0xff, 0xff, 0xff, 0xff, 0xc0, 0x0, 0x0,
    0x0, 0x0, 0x0, 0xef, 0xf5, 0x44, 0x44, 0x5f,
    0xfc, 0x0, 0x0, 0x0, 0x0, 0x0, 0x7f, 0xf6,
    0x0, 0x0, 0x1, 0xff, 0xe6, 0x66, 0x66, 0x66,
    0x63, 0x1f, 0xfd, 0x0, 0x0, 0x0, 0x1f, 0xff,
    0xff, 0xff, 0xff, 0xff, 0x79, 0xff, 0x50, 0x0,
    0x0, 0x1, 0xff, 0xff, 0xff, 0xff, 0xff, 0xf7,

    /* U+04D5 "ӕ" */
    0x0, 0x39, 0xdf, 0xfd, 0xa3, 0x0, 0x7c, 0xff,
    0xc7, 0x0, 0x0, 0x7f, 0xff, 0xff, 0xff, 0xf7,
    0xdf, 0xff, 0xff, 0xfd, 0x20, 0x3, 0xfc, 0x75,
    0x6a, 0xff, 0xff, 0xfa, 0x56, 0xbf, 0xfd, 0x0,
    0x3, 0x0, 0x0, 0x8, 0xff, 0xf5, 0x0, 0x0,
    0x7f, 0xf7, 0x0, 0x0, 0x0, 0x0, 0x3f, 0xfc,
    0x0, 0x0, 0x0, 0xef, 0xc0, 0x4, 0xbe, 0xff,
    0xff, 0xff, 0xff, 0xff, 0xff, 0xff, 0xfe, 0x7,
    0xff, 0xfd, 0xdd, 0xff, 0xff, 0xdd, 0xdd, 0xdd,
    0xdd, 0xb0, 0xef, 0xe1, 0x0, 0x3, 0xff, 0xd0,
    0x0, 0x0, 0x0, 0x0, 0x1f, 0xfa, 0x0, 0x0,
    0x7f, 0xff, 0x70, 0x0, 0x0, 0x50, 0x0, 0xef,
    0xf5, 0x11, 0x6f, 0xff, 0xff, 0xc7, 0x67, 0xdf,
    0x90, 0x4, 0xff, 0xff, 0xff, 0xfa, 0x3e, 0xff,
    0xff, 0xff, 0xf9, 0x0, 0x3, 0xae, 0xfe, 0xb5,
    0x0, 0x7, 0xce, 0xfe, 0xa4, 0x0,

    /* U+04D6 "Ӗ" */
    0x2, 0xfd, 0x0, 0x4, 0xfb, 0x0, 0x0, 0xdf,
    0x70, 0x2c, 0xf7, 0x0, 0x0, 0x3e, 0xff, 0xff,
    0xb0, 0x0, 0x0, 0x0, 0x57, 0x63, 0x0, 0x0,
    0xdf, 0xff, 0xff, 0xff, 0xff, 0xf6, 0xdf, 0xff,
    0xff, 0xff, 0xff, 0xf6, 0xdf, 0xf6, 0x66, 0x66,
    0x66, 0x62, 0xdf, 0xf0, 0x0, 0x0, 0x0, 0x0,
    0xdf, 0xf0, 0x0, 0x0, 0x0, 0x0, 0xdf, 0xf0,
    0x0, 0x0, 0x0, 0x0, 0xdf, 0xf0, 0x0, 0x0,
    0x0, 0x0, 0xdf, 0xff, 0xff, 0xff, 0xff, 0x70,
    0xdf, 0xff, 0xff, 0xff, 0xff, 0x70, 0xdf, 0xf6,
    0x66, 0x66, 0x66, 0x20, 0xdf, 0xf0, 0x0, 0x0,
    0x0, 0x0, 0xdf, 0xf0, 0x0, 0x0, 0x0, 0x0,
    0xdf, 0xf0, 0x0, 0x0, 0x0, 0x0, 0xdf, 0xf6,
    0x66, 0x66, 0x66, 0x64, 0xdf, 0xff, 0xff, 0xff,
    0xff, 0xfb, 0xdf, 0xff, 0xff, 0xff, 0xff, 0xfb,

    /* U+04D7 "ӗ" */
    0x0, 0x6, 0x80, 0x0, 0x28, 0x40, 0x0, 0x0,
    0x9f, 0x70, 0x1b, 0xf5, 0x0, 0x0, 0x1, 0xef,
    0xff, 0xfb, 0x0, 0x0, 0x0, 0x0, 0x58, 0x74,
    0x0, 0x0, 0x0, 0x0, 0x0, 0x0, 0x0, 0x0,
    0x0, 0x0, 0x18, 0xdf, 0xec, 0x70, 0x0, 0x0,
    0x4e, 0xff, 0xff, 0xff, 0xd1, 0x0, 0x2f, 0xff,
    0x84, 0x49, 0xff, 0xc0, 0xa, 0xff, 0x30, 0x0,
    0x6, 0xff, 0x50, 0xff, 0xb0, 0x0, 0x0, 0xe,
    0xfa, 0x1f, 0xff, 0xff, 0xff, 0xff, 0xff, 0xc1,
    0xff, 0xfd, 0xdd, 0xdd, 0xdd, 0xdb, 0xf, 0xfc,
    0x0, 0x0, 0x0, 0x0, 0x0, 0x9f, 0xf7, 0x0,
    0x0, 0x6, 0x0, 0x1, 0xef, 0xfc, 0x76, 0x7d,
    0xf9, 0x0, 0x3, 0xdf, 0xff, 0xff, 0xff, 0x90,
    0x0, 0x0, 0x7c, 0xef, 0xea, 0x40, 0x0,

    /* U+04D8 "Ә" */
    0x0, 0x0, 0x6, 0xbe, 0xfe, 0xd9, 0x30, 0x0,
    0x0, 0x0, 0x6, 0xef, 0xff, 0xff, 0xff, 0xfa,
    0x10, 0x0, 0x0, 0x7f, 0xff, 0xfa, 0x89, 0xdf,
    0xff, 0xd1, 0x0, 0x0, 0xa, 0xf7, 0x0, 0x0,
    0x4, 0xef, 0xfc, 0x0, 0x0, 0x0, 0x20, 0x0,
    0x0, 0x0, 0x1e, 0xff, 0x50, 0x0, 0x0, 0x0,
    0x0, 0x0, 0x0, 0x5, 0xff, 0xb0, 0x0, 0x0,
    0x0, 0x0, 0x0, 0x0, 0x1, 0xff, 0xf0, 0x2f,
    0xff, 0xff, 0xff, 0xff, 0xff, 0xff, 0xff, 0xf0,
    0x2f, 0xff, 0xff, 0xff, 0xff, 0xff, 0xff, 0xff,
    0xf0, 0x1f, 0xfd, 0x0, 0x0, 0x0, 0x0, 0x0,
    0xff, 0xe0, 0xd, 0xff, 0x20, 0x0, 0x0, 0x0,
    0x5, 0xff, 0xa0, 0x7, 0xff, 0xb0, 0x0, 0x0,
    0x0, 0x1e, 0xff, 0x40, 0x0, 0xef, 0xfa, 0x10,
    0x0, 0x3, 0xdf, 0xfb, 0x0, 0x0, 0x3f, 0xff,
    0xfa, 0x88, 0xcf, 0xff, 0xd1, 0x0, 0x0, 0x2,
    0xdf, 0xff, 0xff, 0xff, 0xfa, 0x0, 0x0, 0x0,
    0x0, 0x5, 0xae, 0xff, 0xd9, 0x30, 0x0, 0x0,

    /* U+04D9 "ә" */
    0x0, 0x6, 0xce, 0xfe, 0xb5, 0x0, 0x0, 0x1d,
    0xff, 0xff, 0xff, 0xfb, 0x10, 0x0, 0xcf, 0xa6,
    0x57, 0xdf, 0xfb, 0x0, 0x1, 0x30, 0x0, 0x0,
    0xbf, 0xf4, 0x0, 0x0, 0x0, 0x0, 0x2, 0xff,
    0xa2, 0xff, 0xff, 0xff, 0xff, 0xff, 0xfc, 0x1f,
    0xff, 0xdd, 0xdd, 0xdd, 0xff, 0xc0, 0xff, 0x90,
    0x0, 0x0, 0x1f, 0xfa, 0x9, 0xff, 0x30, 0x0,
    0x9, 0xff, 0x40, 0x2f, 0xff, 0x74, 0x5b, 0xff,
    0xb0, 0x0, 0x4f, 0xff, 0xff, 0xff, 0xc1, 0x0,
    0x0, 0x18, 0xdf, 0xec, 0x50, 0x0,

    /* U+04DA "Ӛ" */
    0x0, 0x0, 0x2, 0xec, 0x0, 0xbe, 0x30, 0x0,
    0x0, 0x0, 0x0, 0x5, 0xff, 0x31, 0xff, 0x70,
    0x0, 0x0, 0x0, 0x0, 0x0, 0x98, 0x0, 0x69,
    0x10, 0x0, 0x0, 0x0, 0x0, 0x0, 0x0, 0x0,
    0x0, 0x0, 0x0, 0x0, 0x0, 0x0, 0x6, 0xbe,
    0xfe, 0xd9, 0x30, 0x0, 0x0, 0x0, 0x6, 0xef,
    0xff, 0xff, 0xff, 0xfa, 0x10, 0x0, 0x0, 0x7f,
    0xff, 0xfa, 0x89, 0xdf, 0xff, 0xd1, 0x0, 0x0,
    0xa, 0xf7, 0x0, 0x0, 0x4, 0xef, 0xfc, 0x0,
    0x0, 0x0, 0x20, 0x0, 0x0, 0x0, 0x1e, 0xff,
    0x50, 0x0, 0x0, 0x0, 0x0, 0x0, 0x0, 0x5,
    0xff, 0xb0, 0x0, 0x0, 0x0, 0x0, 0x0, 0x0,
    0x1, 0xff, 0xf0, 0x2f, 0xff, 0xff, 0xff, 0xff,
    0xff, 0xff, 0xff, 0xf0, 0x2f, 0xff, 0xff, 0xff,
    0xff, 0xff, 0xff, 0xff, 0xf0, 0x1f, 0xfd, 0x0,
    0x0, 0x0, 0x0, 0x0, 0xff, 0xe0, 0xd, 0xff,
    0x20, 0x0, 0x0, 0x0, 0x5, 0xff, 0xa0, 0x7,
    0xff, 0xb0, 0x0, 0x0, 0x0, 0x1e, 0xff, 0x40,
    0x0, 0xef, 0xfa, 0x10, 0x0, 0x3, 0xdf, 0xfb,
    0x0, 0x0, 0x3f, 0xff, 0xfa, 0x88, 0xcf, 0xff,
    0xd1, 0x0, 0x0, 0x2, 0xdf, 0xff, 0xff, 0xff,
    0xfa, 0x0, 0x0, 0x0, 0x0, 0x5, 0xae, 0xff,
    0xd9, 0x30, 0x0, 0x0,

    /* U+04DB "ӛ" */
    0x0, 0x2, 0xa5, 0x0, 0x88, 0x0, 0x0, 0x0,
    0x9f, 0xf0, 0x4f, 0xf3, 0x0, 0x0, 0x4, 0xfa,
    0x1, 0xdd, 0x10, 0x0, 0x0, 0x0, 0x0, 0x0,
    0x0, 0x0, 0x0, 0x0, 0x0, 0x0, 0x0, 0x0,
    0x0, 0x0, 0x6c, 0xef, 0xeb, 0x50, 0x0, 0x1,
    0xdf, 0xff, 0xff, 0xff, 0xb1, 0x0, 0xc, 0xfa,
    0x65, 0x7d, 0xff, 0xb0, 0x0, 0x13, 0x0, 0x0,
    0xb, 0xff, 0x40, 0x0, 0x0, 0x0, 0x0, 0x2f,
    0xfa, 0x2f, 0xff, 0xff, 0xff, 0xff, 0xff, 0xc1,
    0xff, 0xfd, 0xdd, 0xdd, 0xdf, 0xfc, 0xf, 0xf9,
    0x0, 0x0, 0x1, 0xff, 0xa0, 0x9f, 0xf3, 0x0,
    0x0, 0x9f, 0xf4, 0x2, 0xff, 0xf7, 0x45, 0xbf,
    0xfb, 0x0, 0x4, 0xff, 0xff, 0xff, 0xfc, 0x10,
    0x0, 0x1, 0x8d, 0xfe, 0xc5, 0x0, 0x0,

    /* U+04DC "Ӝ" */
    0x0, 0x0, 0x0, 0x0, 0x3a, 0x30, 0x19, 0x60,
    0x0, 0x0, 0x0, 0x0, 0x0, 0x0, 0x0, 0xc,
    0xfb, 0x8, 0xff, 0x0, 0x0, 0x0, 0x0, 0x0,
    0x0, 0x0, 0x0, 0x7f, 0x70, 0x4e, 0xb0, 0x0,
    0x0, 0x0, 0x0, 0x0, 0x0, 0x0, 0x0, 0x0,
    0x0, 0x0, 0x0, 0x0, 0x0, 0x0, 0x1f, 0xfe,
    0x10, 0x0, 0x0, 0xdf, 0xf0, 0x0, 0x0, 0xd,
    0xff, 0x30, 0x7f, 0xf8, 0x0, 0x0, 0xd, 0xff,
    0x0, 0x0, 0x6, 0xff, 0x90, 0x0, 0xdf, 0xf1,
    0x0, 0x0, 0xdf, 0xf0, 0x0, 0x0, 0xef, 0xf1,
    0x0, 0x5, 0xff, 0x90, 0x0, 0xd, 0xff, 0x0,
    0x0, 0x7f, 0xf7, 0x0, 0x0, 0xb, 0xff, 0x20,
    0x0, 0xdf, 0xf0, 0x0, 0x1f, 0xfd, 0x0, 0x0,
    0x0, 0x2f, 0xfb, 0x0, 0xd, 0xff, 0x0, 0x9,
    0xff, 0x50, 0x0, 0x0, 0x0, 0x9f, 0xf4, 0x0,
    0xdf, 0xf0, 0x2, 0xff, 0xc0, 0x0, 0x0, 0x0,
    0x1, 0xff, 0xff, 0xff, 0xff, 0xff, 0xff, 0xf3,
    0x0, 0x0, 0x0, 0x0, 0x2f, 0xff, 0xff, 0xff,
    0xff, 0xff, 0xff, 0x40, 0x0, 0x0, 0x0, 0xc,
    0xff, 0xf7, 0x7f, 0xff, 0x77, 0xdf, 0xfd, 0x0,
    0x0, 0x0, 0x5, 0xff, 0xe0, 0x0, 0xdf, 0xf0,
    0x0, 0xcf, 0xf8, 0x0, 0x0, 0x0, 0xef, 0xf5,
    0x0, 0xd, 0xff, 0x0, 0x3, 0xff, 0xf2, 0x0,
    0x0, 0x8f, 0xfb, 0x0, 0x0, 0xdf, 0xf0, 0x0,
    0x9, 0xff, 0xb0, 0x0, 0x2f, 0xff, 0x20, 0x0,
    0xd, 0xff, 0x0, 0x0, 0x1e, 0xff, 0x40, 0xb,
    0xff, 0x80, 0x0, 0x0, 0xdf, 0xf0, 0x0, 0x0,
    0x6f, 0xfd, 0x5, 0xff, 0xe0, 0x0, 0x0, 0xd,
    0xff, 0x0, 0x0, 0x0, 0xcf, 0xf7,

    /* U+04DD "ӝ" */
    0x0, 0x0, 0x0, 0x3a, 0x30, 0x19, 0x60, 0x0,
    0x0, 0x0, 0x0, 0x0, 0x0, 0xbf, 0xc0, 0x7f,
    0xf0, 0x0, 0x0, 0x0, 0x0, 0x0, 0x0, 0x7f,
    0x70, 0x3e, 0xb0, 0x0, 0x0, 0x0, 0x0, 0x0,
    0x0, 0x0, 0x0, 0x0, 0x0, 0x0, 0x0, 0x0,
    0x0, 0x0, 0x0, 0x0, 0x0, 0x0, 0x0, 0x0,
    0x0, 0x0, 0x3f, 0xfb, 0x0, 0x0, 0xbf, 0xf0,
    0x0, 0x6, 0xff, 0x80, 0x9, 0xff, 0x40, 0x0,
    0xbf, 0xf0, 0x0, 0xe, 0xfe, 0x0, 0x1, 0xef,
    0xd0, 0x0, 0xbf, 0xf0, 0x0, 0x8f, 0xf5, 0x0,
    0x0, 0x6f, 0xf6, 0x0, 0xbf, 0xf0, 0x2, 0xff,
    0xb0, 0x0, 0x0, 0xc, 0xfe, 0x10, 0xbf, 0xf0,
    0xb, 0xff, 0x20, 0x0, 0x0, 0x3, 0xff, 0xff,
    0xff, 0xff, 0xff, 0xf9, 0x0, 0x0, 0x0, 0x5,
    0xff, 0xff, 0xff, 0xff, 0xff, 0xfa, 0x0, 0x0,
    0x0, 0xe, 0xff, 0x85, 0xff, 0xf5, 0x5f, 0xff,
    0x40, 0x0, 0x0, 0x9f, 0xf9, 0x0, 0xbf, 0xf0,
    0x4, 0xff, 0xd0, 0x0, 0x3, 0xff, 0xe1, 0x0,
    0xbf, 0xf0, 0x0, 0xaf, 0xf8, 0x0, 0xd, 0xff,
    0x50, 0x0, 0xbf, 0xf0, 0x0, 0x1f, 0xff, 0x30,
    0x7f, 0xfc, 0x0, 0x0, 0xbf, 0xf0, 0x0, 0x7,
    0xff, 0xc0,

    /* U+04DE "Ӟ" */
    0x0, 0x3, 0xeb, 0x0, 0xce, 0x10, 0x0, 0x0,
    0x0, 0x7f, 0xf1, 0x3f, 0xf5, 0x0, 0x0, 0x0,
    0x1, 0x96, 0x0, 0x89, 0x0, 0x0, 0x0, 0x0,
    0x0, 0x0, 0x0, 0x0, 0x0, 0x0, 0x0, 0x16,
    0xbd, 0xff, 0xdb, 0x60, 0x0, 0x0, 0x2f, 0xff,
    0xff, 0xff, 0xff, 0xe3, 0x0, 0x0, 0xef, 0xd9,
    0x77, 0x9e, 0xff, 0xe0, 0x0, 0x5, 0x20, 0x0,
    0x0, 0x1d, 0xff, 0x40, 0x0, 0x0, 0x0, 0x0,
    0x0, 0x8f, 0xf5, 0x0, 0x0, 0x0, 0x0, 0x0,
    0xb, 0xff, 0x10, 0x0, 0x0, 0x34, 0x44, 0x5a,
    0xff, 0x80, 0x0, 0x0, 0xe, 0xff, 0xff, 0xff,
    0xd0, 0x0, 0x0, 0x0, 0xef, 0xff, 0xff, 0xff,
    0xd1, 0x0, 0x0, 0x0, 0x0, 0x0, 0x3b, 0xff,
    0xa0, 0x0, 0x0, 0x0, 0x0, 0x0, 0xf, 0xff,
    0x0, 0x0, 0x0, 0x0, 0x0, 0x0, 0xef, 0xf0,
    0x4, 0x81, 0x0, 0x0, 0x0, 0x6f, 0xfc, 0x0,
    0xbf, 0xfb, 0x87, 0x78, 0xcf, 0xff, 0x40, 0x9,
    0xff, 0xff, 0xff, 0xff, 0xff, 0x60, 0x0, 0x2,
    0x7b, 0xef, 0xfe, 0xc7, 0x10, 0x0,

    /* U+04DF "ӟ" */
    0x0, 0x19, 0x60, 0x7, 0x90, 0x0, 0x0, 0x7f,
    0xf1, 0x3f, 0xf5, 0x0, 0x0, 0x3e, 0xb0, 0xd,
    0xe2, 0x0, 0x0, 0x0, 0x0, 0x0, 0x0, 0x0,
    0x0, 0x0, 0x0, 0x0, 0x0, 0x0, 0x1, 0x7c,
    0xff, 0xec, 0x71, 0x0, 0xe, 0xff, 0xff, 0xff,
    0xfe, 0x20, 0x8, 0xd8, 0x65, 0x6c, 0xff, 0xb0,
    0x0, 0x0, 0x0, 0x0, 0xff, 0xc0, 0x0, 0x0,
    0x0, 0x17, 0xff, 0x40, 0x0, 0xa, 0xff, 0xff,
    0xf6, 0x0, 0x0, 0x8, 0xee, 0xef, 0xff, 0x80,
    0x0, 0x0, 0x0, 0x2, 0xef, 0xf1, 0x1, 0x0,
    0x0, 0x0, 0xbf, 0xf1, 0xe, 0xc8, 0x65, 0x6a,
    0xff, 0xd0, 0x4f, 0xff, 0xff, 0xff, 0xfe, 0x20,
    0x3, 0x8c, 0xef, 0xec, 0x70, 0x0,

    /* U+04E0 "Ӡ" */
    0xc, 0xff, 0xff, 0xff, 0xff, 0xff, 0x30, 0xcf,
    0xff, 0xff, 0xff, 0xff, 0xf2, 0x5, 0x66, 0x66,
    0x66, 0xbf, 0xfb, 0x0, 0x0, 0x0, 0x0, 0x2f,
    0xfd, 0x0, 0x0, 0x0, 0x0, 0x1e, 0xfe, 0x20,
    0x0, 0x0, 0x0, 0xc, 0xff, 0x30, 0x0, 0x0,
    0x0, 0xa, 0xff, 0x70, 0x0, 0x0, 0x0, 0x0,
    0xff, 0xff, 0xd7, 0x0, 0x0, 0x0, 0xf, 0xff,
    0xff, 0xfc, 0x0, 0x0, 0x0, 0x0, 0x15, 0xdf,
    0xf8, 0x0, 0x0, 0x0, 0x0, 0x1, 0xff, 0xd0,
    0x0, 0x0, 0x0, 0x0, 0xf, 0xfe, 0x8, 0x60,
    0x0, 0x0, 0x6, 0xff, 0xb1, 0xff, 0xfb, 0x87,
    0x9c, 0xff, 0xf4, 0x2c, 0xff, 0xff, 0xff, 0xff,
    0xf6, 0x0, 0x4, 0x9c, 0xef, 0xed, 0x82, 0x0,

    /* U+04E1 "ӡ" */
    0xd, 0xff, 0xff, 0xff, 0xff, 0xf9, 0x0, 0xdf,
    0xff, 0xff, 0xff, 0xff, 0x80, 0x4, 0x66, 0x66,
    0x67, 0xff, 0xe2, 0x0, 0x0, 0x0, 0x1, 0xdf,
    0xf3, 0x0, 0x0, 0x0, 0x0, 0xcf, 0xf4, 0x0,
    0x0, 0x0, 0x0, 0xbf, 0xf5, 0x0, 0x0, 0x0,
    0x0, 0x7f, 0xff, 0xc7, 0x0, 0x0, 0x0, 0x8,
    0xff, 0xff, 0xfd, 0x10, 0x0, 0x0, 0x13, 0x36,
    0xcf, 0xfb, 0x0, 0x0, 0x0, 0x0, 0x0, 0xdf,
    0xf1, 0x0, 0x0, 0x0, 0x0, 0x9, 0xff, 0x30,
    0x0, 0x0, 0x0, 0x0, 0xaf, 0xf2, 0xb, 0x70,
    0x0, 0x0, 0x2f, 0xfe, 0x2, 0xff, 0xe9, 0x66,
    0x9f, 0xff, 0x70, 0x2c, 0xff, 0xff, 0xff, 0xff,
    0xa0, 0x0, 0x4, 0x9d, 0xff, 0xea, 0x40, 0x0,

    /* U+04E2 "Ӣ" */
    0x0, 0xc, 0xff, 0xff, 0xff, 0xd0, 0x0, 0x0,
    0x8, 0xaa, 0xaa, 0xaa, 0x80, 0x0, 0x0, 0x0,
    0x0, 0x0, 0x0, 0x0, 0x0, 0xdf, 0xf0, 0x0,
    0x0, 0x0, 0x2f, 0xfe, 0xdf, 0xf0, 0x0, 0x0,
    0x0, 0xcf, 0xfe, 0xdf, 0xf0, 0x0, 0x0, 0x8,
    0xff, 0xfe, 0xdf, 0xf0, 0x0, 0x0, 0x4f, 0xff,
    0xfe, 0xdf, 0xf0, 0x0, 0x1, 0xef, 0xff, 0xfe,
    0xdf, 0xf0, 0x0, 0xb, 0xff, 0x7e, 0xfe, 0xdf,
    0xf0, 0x0, 0x7f, 0xfc, 0xe, 0xfe, 0xdf, 0xf0,
    0x3, 0xff, 0xe1, 0xe, 0xfe, 0xdf, 0xf0, 0xd,
    0xff, 0x40, 0xe, 0xfe, 0xdf, 0xf0, 0xaf, 0xf9,
    0x0, 0xe, 0xfe, 0xdf, 0xf6, 0xff, 0xd0, 0x0,
    0xe, 0xfe, 0xdf, 0xff, 0xff, 0x20, 0x0, 0xe,
    0xfe, 0xdf, 0xff, 0xf6, 0x0, 0x0, 0xe, 0xfe,
    0xdf, 0xff, 0xa0, 0x0, 0x0, 0xe, 0xfe, 0xdf,
    0xfd, 0x0, 0x0, 0x0, 0xe, 0xfe, 0xdf, 0xf3,
    0x0, 0x0, 0x0, 0xe, 0xfe,

    /* U+04E3 "ӣ" */
    0x0, 0x4f, 0xff, 0xff, 0xff, 0x50, 0x0, 0x2,
    0xaa, 0xaa, 0xaa, 0xa3, 0x0, 0x0, 0x0, 0x0,
    0x0, 0x0, 0x0, 0x0, 0x0, 0x0, 0x0, 0x0,
    0x0, 0x0, 0x2f, 0xf9, 0x0, 0x0, 0x5, 0xff,
    0x92, 0xff, 0x90, 0x0, 0x2, 0xff, 0xf9, 0x2f,
    0xf9, 0x0, 0x1, 0xef, 0xff, 0x92, 0xff, 0x90,
    0x0, 0xcf, 0xff, 0xf9, 0x2f, 0xf9, 0x0, 0x9f,
    0xfa, 0xff, 0x92, 0xff, 0x90, 0x6f, 0xfa, 0x2f,
    0xf9, 0x2f, 0xf9, 0x4f, 0xfd, 0x2, 0xff, 0x92,
    0xff, 0xbe, 0xfe, 0x20, 0x2f, 0xf9, 0x2f, 0xff,
    0xff, 0x40, 0x2, 0xff, 0x92, 0xff, 0xff, 0x60,
    0x0, 0x2f, 0xf9, 0x2f, 0xff, 0x90, 0x0, 0x2,
    0xff, 0x92, 0xff, 0xc0, 0x0, 0x0, 0x2f, 0xf9,

    /* U+04E4 "Ӥ" */
    0x0, 0x0, 0x97, 0x0, 0x79, 0x0, 0x0, 0x0,
    0x6, 0xff, 0x21, 0xff, 0x60, 0x0, 0x0, 0x2,
    0xec, 0x0, 0xce, 0x20, 0x0, 0x0, 0x0, 0x0,
    0x0, 0x0, 0x0, 0x0, 0xdf, 0xf0, 0x0, 0x0,
    0x0, 0x2f, 0xfe, 0xdf, 0xf0, 0x0, 0x0, 0x0,
    0xcf, 0xfe, 0xdf, 0xf0, 0x0, 0x0, 0x8, 0xff,
    0xfe, 0xdf, 0xf0, 0x0, 0x0, 0x4f, 0xff, 0xfe,
    0xdf, 0xf0, 0x0, 0x1, 0xef, 0xff, 0xfe, 0xdf,
    0xf0, 0x0, 0xb, 0xff, 0x7e, 0xfe, 0xdf, 0xf0,
    0x0, 0x7f, 0xfc, 0xe, 0xfe, 0xdf, 0xf0, 0x3,
    0xff, 0xe1, 0xe, 0xfe, 0xdf, 0xf0, 0xd, 0xff,
    0x40, 0xe, 0xfe, 0xdf, 0xf0, 0xaf, 0xf9, 0x0,
    0xe, 0xfe, 0xdf, 0xf6, 0xff, 0xd0, 0x0, 0xe,
    0xfe, 0xdf, 0xff, 0xff, 0x20, 0x0, 0xe, 0xfe,
    0xdf, 0xff, 0xf6, 0x0, 0x0, 0xe, 0xfe, 0xdf,
    0xff, 0xa0, 0x0, 0x0, 0xe, 0xfe, 0xdf, 0xfd,
    0x0, 0x0, 0x0, 0xe, 0xfe, 0xdf, 0xf3, 0x0,
    0x0, 0x0, 0xe, 0xfe,

    /* U+04E5 "ӥ" */
    0x0, 0x4, 0xa2, 0x2, 0xa5, 0x0, 0x0, 0x0,
    0xdf, 0xa0, 0x9f, 0xf0, 0x0, 0x0, 0x8, 0xf6,
    0x5, 0xfa, 0x0, 0x0, 0x0, 0x0, 0x0, 0x0,
    0x0, 0x0, 0x0, 0x0, 0x0, 0x0, 0x0, 0x0,
    0x2, 0xff, 0x90, 0x0, 0x0, 0x5f, 0xf9, 0x2f,
    0xf9, 0x0, 0x0, 0x2f, 0xff, 0x92, 0xff, 0x90,
    0x0, 0x1e, 0xff, 0xf9, 0x2f, 0xf9, 0x0, 0xc,
    0xff, 0xff, 0x92, 0xff, 0x90, 0x9, 0xff, 0xaf,
    0xf9, 0x2f, 0xf9, 0x6, 0xff, 0xa2, 0xff, 0x92,
    0xff, 0x94, 0xff, 0xd0, 0x2f, 0xf9, 0x2f, 0xfb,
    0xef, 0xe2, 0x2, 0xff, 0x92, 0xff, 0xff, 0xf4,
    0x0, 0x2f, 0xf9, 0x2f, 0xff, 0xf6, 0x0, 0x2,
    0xff, 0x92, 0xff, 0xf9, 0x0, 0x0, 0x2f, 0xf9,
    0x2f, 0xfc, 0x0, 0x0, 0x2, 0xff, 0x90,

    /* U+04E6 "Ӧ" */
    0x0, 0x0, 0x0, 0xce, 0x20, 0x8f, 0x60, 0x0,
    0x0, 0x0, 0x0, 0x1, 0xff, 0x60, 0xdf, 0xa0,
    0x0, 0x0, 0x0, 0x0, 0x0, 0x79, 0x10, 0x4a,
    0x30, 0x0, 0x0, 0x0, 0x0, 0x0, 0x0, 0x0,
    0x0, 0x0, 0x0, 0x0, 0x0, 0x0, 0x2, 0x8c,
    0xef, 0xeb, 0x60, 0x0, 0x0, 0x0, 0x0, 0x9f,
    0xff, 0xff, 0xff, 0xfe, 0x40, 0x0, 0x0, 0xc,
    0xff, 0xfd, 0x98, 0xaf, 0xff, 0xf6, 0x0, 0x0,
    0xaf, 0xfe, 0x40, 0x0, 0x0, 0x8f, 0xff, 0x30,
    0x3, 0xff, 0xe2, 0x0, 0x0, 0x0, 0x8, 0xff,
    0xc0, 0x9, 0xff, 0x70, 0x0, 0x0, 0x0, 0x0,
    0xdf, 0xf2, 0xd, 0xff, 0x10, 0x0, 0x0, 0x0,
    0x0, 0x8f, 0xf6, 0xf, 0xfe, 0x0, 0x0, 0x0,
    0x0, 0x0, 0x5f, 0xf8, 0xf, 0xfe, 0x0, 0x0,
    0x0, 0x0, 0x0, 0x5f, 0xf8, 0xd, 0xff, 0x10,
    0x0, 0x0, 0x0, 0x0, 0x8f, 0xf6, 0x9, 0xff,
    0x70, 0x0, 0x0, 0x0, 0x0, 0xdf, 0xf2, 0x3,
    0xff, 0xe2, 0x0, 0x0, 0x0, 0x8, 0xff, 0xc0,
    0x0, 0xaf, 0xfe, 0x40, 0x0, 0x0, 0x8f, 0xff,
    0x30, 0x0, 0xc, 0xff, 0xfd, 0x98, 0xae, 0xff,
    0xf6, 0x0, 0x0, 0x0, 0x9f, 0xff, 0xff, 0xff,
    0xfe, 0x40, 0x0, 0x0, 0x0, 0x2, 0x8d, 0xef,
    0xeb, 0x60, 0x0, 0x0,

    /* U+04E7 "ӧ" */
    0x0, 0x0, 0x88, 0x0, 0x69, 0x10, 0x0, 0x0,
    0x5, 0xff, 0x30, 0xff, 0x70, 0x0, 0x0, 0x1,
    0xdd, 0x0, 0xbe, 0x30, 0x0, 0x0, 0x0, 0x0,
    0x0, 0x0, 0x0, 0x0, 0x0, 0x0, 0x0, 0x0,
    0x0, 0x0, 0x0, 0x0, 0x1, 0x7c, 0xef, 0xd8,
    0x20, 0x0, 0x0, 0x3e, 0xff, 0xff, 0xff, 0xf5,
    0x0, 0x1, 0xef, 0xfb, 0x66, 0xaf, 0xff, 0x40,
    0x9, 0xff, 0x70, 0x0, 0x4, 0xff, 0xc0, 0xf,
    0xfe, 0x0, 0x0, 0x0, 0xbf, 0xf2, 0x1f, 0xfa,
    0x0, 0x0, 0x0, 0x7f, 0xf4, 0x1f, 0xfa, 0x0,
    0x0, 0x0, 0x7f, 0xf4, 0xf, 0xfe, 0x0, 0x0,
    0x0, 0xbf, 0xf2, 0x9, 0xff, 0x80, 0x0, 0x5,
    0xff, 0xc0, 0x1, 0xef, 0xfc, 0x76, 0xaf, 0xff,
    0x30, 0x0, 0x3e, 0xff, 0xff, 0xff, 0xf5, 0x0,
    0x0, 0x1, 0x7c, 0xef, 0xd8, 0x20, 0x0,

    /* U+04E8 "Ө" */
    0x0, 0x0, 0x2, 0x8c, 0xef, 0xeb, 0x60, 0x0,
    0x0, 0x0, 0x0, 0x9f, 0xff, 0xff, 0xff, 0xfe,
    0x50, 0x0, 0x0, 0xc, 0xff, 0xfd, 0x98, 0xaf,
    0xff, 0xf6, 0x0, 0x0, 0xaf, 0xfe, 0x40, 0x0,
    0x0, 0x9f, 0xff, 0x30, 0x3, 0xff, 0xf3, 0x0,
    0x0, 0x0, 0x9, 0xff, 0xc0, 0x9, 0xff, 0x70,
    0x0, 0x0, 0x0, 0x0, 0xdf, 0xf2, 0xd, 0xff,
    0x32, 0x22, 0x22, 0x22, 0x22, 0x9f, 0xf6, 0xf,
    0xff, 0xff, 0xff, 0xff, 0xff, 0xff, 0xff, 0xf8,
    0xf, 0xff, 0xff, 0xff, 0xff, 0xff, 0xff, 0xff,
    0xf8, 0xd, 0xff, 0x10, 0x0, 0x0, 0x0, 0x0,
    0x8f, 0xf6, 0x9, 0xff, 0x60, 0x0, 0x0, 0x0,
    0x0, 0xdf, 0xf2, 0x3, 0xff, 0xe2, 0x0, 0x0,
    0x0, 0x8, 0xff, 0xc0, 0x0, 0xaf, 0xfe, 0x30,
    0x0, 0x0, 0x8f, 0xff, 0x30, 0x0, 0xc, 0xff,
    0xfc, 0x98, 0xae, 0xff, 0xf6, 0x0, 0x0, 0x0,
    0x9f, 0xff, 0xff, 0xff, 0xfe, 0x50, 0x0, 0x0,
    0x0, 0x2, 0x8d, 0xef, 0xeb, 0x60, 0x0, 0x0,

    /* U+04E9 "ө" */
    0x0, 0x1, 0x7c, 0xef, 0xd8, 0x20, 0x0, 0x0,
    0x3e, 0xff, 0xff, 0xff, 0xf5, 0x0, 0x1, 0xef,
    0xfb, 0x65, 0x9f, 0xff, 0x40, 0x9, 0xff, 0x70,
    0x0, 0x4, 0xff, 0xd0, 0xf, 0xfd, 0x0, 0x0,
    0x0, 0xaf, 0xf2, 0x1f, 0xff, 0xff, 0xff, 0xff,
    0xff, 0xf5, 0x1f, 0xff, 0xcc, 0xcc, 0xcc, 0xff,
    0xf4, 0xf, 0xfe, 0x0, 0x0, 0x0, 0xaf, 0xf2,
    0x9, 0xff, 0x80, 0x0, 0x4, 0xff, 0xc0, 0x1,
    0xef, 0xfb, 0x65, 0x9f, 0xff, 0x40, 0x0, 0x3e,
    0xff, 0xff, 0xff, 0xf5, 0x0, 0x0, 0x1, 0x7c,
    0xef, 0xd8, 0x20, 0x0,

    /* U+04EA "Ӫ" */
    0x0, 0x0, 0x0, 0xce, 0x20, 0x8f, 0x60, 0x0,
    0x0, 0x0, 0x0, 0x1, 0xff, 0x60, 0xdf, 0xa0,
    0x0, 0x0, 0x0, 0x0, 0x0, 0x79, 0x10, 0x4a,
    0x30, 0x0, 0x0, 0x0, 0x0, 0x0, 0x0, 0x0,
    0x0, 0x0, 0x0, 0x0, 0x0, 0x0, 0x2, 0x8c,
    0xef, 0xeb, 0x60, 0x0, 0x0, 0x0, 0x0, 0x9f,
    0xff, 0xff, 0xff, 0xfe, 0x50, 0x0, 0x0, 0xc,
    0xff, 0xfd, 0x98, 0xaf, 0xff, 0xf6, 0x0, 0x0,
    0xaf, 0xfe, 0x40, 0x0, 0x0, 0x9f, 0xff, 0x30,
    0x3, 0xff, 0xf3, 0x0, 0x0, 0x0, 0x9, 0xff,
    0xc0, 0x9, 0xff, 0x70, 0x0, 0x0, 0x0, 0x0,
    0xdf, 0xf2, 0xd, 0xff, 0x32, 0x22, 0x22, 0x22,
    0x22, 0x9f, 0xf6, 0xf, 0xff, 0xff, 0xff, 0xff,
    0xff, 0xff, 0xff, 0xf8, 0xf, 0xff, 0xff, 0xff,
    0xff, 0xff, 0xff, 0xff, 0xf8, 0xd, 0xff, 0x10,
    0x0, 0x0, 0x0, 0x0, 0x8f, 0xf6, 0x9, 0xff,
    0x60, 0x0, 0x0, 0x0, 0x0, 0xdf, 0xf2, 0x3,
    0xff, 0xe2, 0x0, 0x0, 0x0, 0x8, 0xff, 0xc0,
    0x0, 0xaf, 0xfe, 0x30, 0x0, 0x0, 0x8f, 0xff,
    0x30, 0x0, 0xc, 0xff, 0xfc, 0x98, 0xae, 0xff,
    0xf6, 0x0, 0x0, 0x0, 0x9f, 0xff, 0xff, 0xff,
    0xfe, 0x50, 0x0, 0x0, 0x0, 0x2, 0x8d, 0xef,
    0xeb, 0x60, 0x0, 0x0,

    /* U+04EB "ӫ" */
    0x0, 0x0, 0x88, 0x0, 0x69, 0x10, 0x0, 0x0,
    0x5, 0xff, 0x31, 0xff, 0x70, 0x0, 0x0, 0x2,
    0xed, 0x0, 0xbe, 0x30, 0x0, 0x0, 0x0, 0x0,
    0x0, 0x0, 0x0, 0x0, 0x0, 0x0, 0x0, 0x0,
    0x0, 0x0, 0x0, 0x0, 0x1, 0x7c, 0xef, 0xd8,
    0x20, 0x0, 0x0, 0x3e, 0xff, 0xff, 0xff, 0xf5,
    0x0, 0x1, 0xef, 0xfb, 0x65, 0x9f, 0xff, 0x40,
    0x9, 0xff, 0x70, 0x0, 0x4, 0xff, 0xd0, 0xf,
    0xfd, 0x0, 0x0, 0x0, 0xaf, 0xf2, 0x1f, 0xff,
    0xff, 0xff, 0xff, 0xff, 0xf5, 0x1f, 0xff, 0xcc,
    0xcc, 0xcc, 0xff, 0xf4, 0xf, 0xfe, 0x0, 0x0,
    0x0, 0xaf, 0xf2, 0x9, 0xff, 0x80, 0x0, 0x4,
    0xff, 0xc0, 0x1, 0xef, 0xfb, 0x65, 0x9f, 0xff,
    0x40, 0x0, 0x3e, 0xff, 0xff, 0xff, 0xf5, 0x0,
    0x0, 0x1, 0x7c, 0xef, 0xd8, 0x20, 0x0,

    /* U+04EC "Ӭ" */
    0x0, 0x1, 0xdd, 0x10, 0xae, 0x40, 0x0, 0x0,
    0x0, 0x4f, 0xf4, 0xf, 0xf8, 0x0, 0x0, 0x0,
    0x0, 0x88, 0x0, 0x69, 0x10, 0x0, 0x0, 0x0,
    0x0, 0x0, 0x0, 0x0, 0x0, 0x0, 0x0, 0x6,
    0xbe, 0xfe, 0xc8, 0x10, 0x0, 0x0, 0x5e, 0xff,
    0xff, 0xff, 0xff, 0x70, 0x0, 0x3f, 0xff, 0xea,
    0x8a, 0xef, 0xff, 0x80, 0x0, 0x8f, 0x60, 0x0,
    0x0, 0x7f, 0xff, 0x40, 0x0, 0x20, 0x0, 0x0,
    0x0, 0x6f, 0xfd, 0x0, 0x0, 0x0, 0x0, 0x0,
    0x0, 0xdf, 0xf3, 0x0, 0x0, 0x14, 0x44, 0x44,
    0x4c, 0xff, 0x70, 0x0, 0x4, 0xff, 0xff, 0xff,
    0xff, 0xf8, 0x0, 0x0, 0x4f, 0xff, 0xff, 0xff,
    0xff, 0x80, 0x0, 0x0, 0x0, 0x0, 0x0, 0x8f,
    0xf7, 0x0, 0x0, 0x0, 0x0, 0x0, 0xd, 0xff,
    0x30, 0x2, 0x0, 0x0, 0x0, 0x6, 0xff, 0xd0,
    0x8, 0xf6, 0x0, 0x0, 0x7, 0xff, 0xf4, 0x3,
    0xff, 0xfe, 0xa8, 0xae, 0xff, 0xf8, 0x0, 0x5,
    0xef, 0xff, 0xff, 0xff, 0xf7, 0x0, 0x0, 0x0,
    0x6b, 0xef, 0xec, 0x81, 0x0, 0x0,

    /* U+04ED "ӭ" */
    0x0, 0x19, 0x60, 0x8, 0x80, 0x0, 0x0, 0x7f,
    0xf0, 0x3f, 0xf5, 0x0, 0x0, 0x3e, 0xb0, 0xd,
    0xe1, 0x0, 0x0, 0x0, 0x0, 0x0, 0x0, 0x0,
    0x0, 0x0, 0x0, 0x0, 0x0, 0x0, 0x0, 0x6b,
    0xef, 0xeb, 0x50, 0x0, 0x2d, 0xff, 0xff, 0xff,
    0xfb, 0x10, 0x3e, 0xf9, 0x43, 0x5b, 0xff, 0xc0,
    0x3, 0x30, 0x0, 0x0, 0x8f, 0xf6, 0x0, 0x0,
    0x0, 0x0, 0xd, 0xfc, 0x0, 0x1, 0xff, 0xff,
    0xff, 0xfe, 0x0, 0x1, 0xff, 0xff, 0xff, 0xfe,
    0x0, 0x0, 0x0, 0x0, 0xe, 0xfc, 0x2, 0x20,
    0x0, 0x0, 0x9f, 0xf6, 0x3e, 0xf9, 0x43, 0x5c,
    0xff, 0xc0, 0x2d, 0xff, 0xff, 0xff, 0xfc, 0x10,
    0x0, 0x6b, 0xef, 0xeb, 0x50, 0x0,

    /* U+04EE "Ӯ" */
    0x0, 0x1, 0xaa, 0xaa, 0xaa, 0xa5, 0x0, 0x0,
    0x0, 0x2, 0xff, 0xff, 0xff, 0xf7, 0x0, 0x0,
    0x0, 0x0, 0x0, 0x0, 0x0, 0x0, 0x0, 0x0,
    0x0, 0x0, 0x0, 0x0, 0x0, 0x0, 0x0, 0x0,
    0x7f, 0xf9, 0x0, 0x0, 0x0, 0x0, 0xbf, 0xf2,
    0xe, 0xff, 0x10, 0x0, 0x0, 0x3, 0xff, 0x90,
    0x6, 0xff, 0x90, 0x0, 0x0, 0xb, 0xff, 0x10,
    0x0, 0xdf, 0xf1, 0x0, 0x0, 0x3f, 0xf8, 0x0,
    0x0, 0x5f, 0xf9, 0x0, 0x0, 0xbf, 0xe0, 0x0,
    0x0, 0xd, 0xff, 0x10, 0x4, 0xff, 0x70, 0x0,
    0x0, 0x4, 0xff, 0x90, 0xc, 0xfe, 0x0, 0x0,
    0x0, 0x0, 0xcf, 0xf1, 0x4f, 0xf6, 0x0, 0x0,
    0x0, 0x0, 0x3f, 0xf8, 0xcf, 0xd0, 0x0, 0x0,
    0x0, 0x0, 0xb, 0xff, 0xff, 0x50, 0x0, 0x0,
    0x0, 0x0, 0x3, 0xff, 0xfc, 0x0, 0x0, 0x0,
    0x0, 0x0, 0x0, 0xff, 0xf4, 0x0, 0x0, 0x0,
    0x0, 0x0, 0x4, 0xff, 0xb0, 0x0, 0x0, 0x0,
    0x0, 0xaa, 0xbf, 0xff, 0x20, 0x0, 0x0, 0x0,
    0x1, 0xff, 0xff, 0xf4, 0x0, 0x0, 0x0, 0x0,
    0x1, 0xad, 0xd9, 0x20, 0x0, 0x0, 0x0, 0x0,

    /* U+04EF "ӯ" */
    0x0, 0x9, 0xff, 0xff, 0xff, 0xf0, 0x0, 0x0,
    0x6, 0xaa, 0xaa, 0xaa, 0xa0, 0x0, 0x0, 0x0,
    0x0, 0x0, 0x0, 0x0, 0x0, 0x0, 0x0, 0x0,
    0x0, 0x0, 0x0, 0x0, 0xc, 0xff, 0x10, 0x0,
    0x0, 0xe, 0xfb, 0x5, 0xff, 0x80, 0x0, 0x0,
    0x5f, 0xf4, 0x0, 0xdf, 0xe0, 0x0, 0x0, 0xcf,
    0xd0, 0x0, 0x7f, 0xf6, 0x0, 0x3, 0xff, 0x60,
    0x0, 0xf, 0xfd, 0x0, 0xa, 0xfe, 0x0, 0x0,
    0x8, 0xff, 0x30, 0x1f, 0xf8, 0x0, 0x0, 0x2,
    0xff, 0xa0, 0x8f, 0xf1, 0x0, 0x0, 0x0, 0xaf,
    0xf2, 0xef, 0xa0, 0x0, 0x0, 0x0, 0x3f, 0xfe,
    0xff, 0x30, 0x0, 0x0, 0x0, 0xc, 0xff, 0xfc,
    0x0, 0x0, 0x0, 0x0, 0x5, 0xff, 0xf5, 0x0,
    0x0, 0x0, 0x0, 0x0, 0xff, 0xe0, 0x0, 0x0,
    0x0, 0x0, 0x4, 0xff, 0x70, 0x0, 0x0, 0x7,
    0xb6, 0x6e, 0xfe, 0x0, 0x0, 0x0, 0x1f, 0xff,
    0xff, 0xf4, 0x0, 0x0, 0x0, 0x6, 0xcf, 0xfb,
    0x40, 0x0, 0x0, 0x0,

    /* U+04F0 "Ӱ" */
    0x0, 0x0, 0x6f, 0x70, 0x3e, 0xb0, 0x0, 0x0,
    0x0, 0x0, 0xbf, 0xc0, 0x7f, 0xf1, 0x0, 0x0,
    0x0, 0x0, 0x3a, 0x40, 0x19, 0x60, 0x0, 0x0,
    0x0, 0x0, 0x0, 0x0, 0x0, 0x0, 0x0, 0x0,
    0x7f, 0xf9, 0x0, 0x0, 0x0, 0x0, 0xbf, 0xf2,
    0xe, 0xff, 0x10, 0x0, 0x0, 0x3, 0xff, 0x90,
    0x6, 0xff, 0x90, 0x0, 0x0, 0xb, 0xff, 0x10,
    0x0, 0xdf, 0xf1, 0x0, 0x0, 0x3f, 0xf8, 0x0,
    0x0, 0x5f, 0xf9, 0x0, 0x0, 0xbf, 0xe0, 0x0,
    0x0, 0xd, 0xff, 0x10, 0x4, 0xff, 0x70, 0x0,
    0x0, 0x4, 0xff, 0x90, 0xc, 0xfe, 0x0, 0x0,
    0x0, 0x0, 0xcf, 0xf1, 0x4f, 0xf6, 0x0, 0x0,
    0x0, 0x0, 0x3f, 0xf8, 0xcf, 0xd0, 0x0, 0x0,
    0x0, 0x0, 0xb, 0xff, 0xff, 0x50, 0x0, 0x0,
    0x0, 0x0, 0x3, 0xff, 0xfc, 0x0, 0x0, 0x0,
    0x0, 0x0, 0x0, 0xff, 0xf4, 0x0, 0x0, 0x0,
    0x0, 0x0, 0x4, 0xff, 0xb0, 0x0, 0x0, 0x0,
    0x0, 0xaa, 0xbf, 0xff, 0x20, 0x0, 0x0, 0x0,
    0x1, 0xff, 0xff, 0xf4, 0x0, 0x0, 0x0, 0x0,
    0x1, 0xad, 0xd9, 0x20, 0x0, 0x0, 0x0, 0x0,

    /* U+04F1 "ӱ" */
    0x0, 0x0, 0xde, 0x10, 0x9f, 0x50, 0x0, 0x0,
    0x3, 0xff, 0x50, 0xef, 0x90, 0x0, 0x0, 0x0,
    0x89, 0x0, 0x5a, 0x20, 0x0, 0x0, 0x0, 0x0,
    0x0, 0x0, 0x0, 0x0, 0x0, 0x0, 0x0, 0x0,
    0x0, 0x0, 0x0, 0xc, 0xff, 0x10, 0x0, 0x0,
    0xe, 0xfb, 0x5, 0xff, 0x80, 0x0, 0x0, 0x5f,
    0xf4, 0x0, 0xdf, 0xe0, 0x0, 0x0, 0xcf, 0xd0,
    0x0, 0x7f, 0xf6, 0x0, 0x3, 0xff, 0x60, 0x0,
    0xf, 0xfd, 0x0, 0xa, 0xfe, 0x0, 0x0, 0x8,
    0xff, 0x30, 0x1f, 0xf8, 0x0, 0x0, 0x2, 0xff,
    0xa0, 0x8f, 0xf1, 0x0, 0x0, 0x0, 0xaf, 0xf2,
    0xef, 0xa0, 0x0, 0x0, 0x0, 0x3f, 0xfe, 0xff,
    0x30, 0x0, 0x0, 0x0, 0xc, 0xff, 0xfc, 0x0,
    0x0, 0x0, 0x0, 0x5, 0xff, 0xf5, 0x0, 0x0,
    0x0, 0x0, 0x0, 0xff, 0xe0, 0x0, 0x0, 0x0,
    0x0, 0x4, 0xff, 0x70, 0x0, 0x0, 0x7, 0xb6,
    0x6e, 0xfe, 0x0, 0x0, 0x0, 0x1f, 0xff, 0xff,
    0xf4, 0x0, 0x0, 0x0, 0x6, 0xcf, 0xfb, 0x40,
    0x0, 0x0, 0x0,

    /* U+04F2 "Ӳ" */
    0x0, 0x0, 0x0, 0x0, 0x0, 0x0, 0x0, 0x0,
    0x0, 0x0, 0x1, 0xef, 0xa0, 0xdf, 0xb0, 0x0,
    0x0, 0x0, 0x9, 0xfd, 0x7, 0xfe, 0x10, 0x0,
    0x0, 0x0, 0x3f, 0xf2, 0x1f, 0xf3, 0x0, 0x0,
    0x0, 0x0, 0x0, 0x0, 0x0, 0x0, 0x0, 0x0,
    0x7f, 0xf9, 0x0, 0x0, 0x0, 0x0, 0xbf, 0xf2,
    0xe, 0xff, 0x10, 0x0, 0x0, 0x3, 0xff, 0x90,
    0x6, 0xff, 0x90, 0x0, 0x0, 0xb, 0xff, 0x10,
    0x0, 0xdf, 0xf1, 0x0, 0x0, 0x3f, 0xf8, 0x0,
    0x0, 0x5f, 0xf9, 0x0, 0x0, 0xbf, 0xe0, 0x0,
    0x0, 0xd, 0xff, 0x10, 0x4, 0xff, 0x70, 0x0,
    0x0, 0x4, 0xff, 0x90, 0xc, 0xfe, 0x0, 0x0,
    0x0, 0x0, 0xcf, 0xf1, 0x4f, 0xf6, 0x0, 0x0,
    0x0, 0x0, 0x3f, 0xf8, 0xcf, 0xd0, 0x0, 0x0,
    0x0, 0x0, 0xb, 0xff, 0xff, 0x50, 0x0, 0x0,
    0x0, 0x0, 0x3, 0xff, 0xfc, 0x0, 0x0, 0x0,
    0x0, 0x0, 0x0, 0xff, 0xf4, 0x0, 0x0, 0x0,
    0x0, 0x0, 0x4, 0xff, 0xb0, 0x0, 0x0, 0x0,
    0x0, 0xaa, 0xbf, 0xff, 0x20, 0x0, 0x0, 0x0,
    0x1, 0xff, 0xff, 0xf4, 0x0, 0x0, 0x0, 0x0,
    0x1, 0xad, 0xd9, 0x20, 0x0, 0x0, 0x0, 0x0,

    /* U+04F3 "ӳ" */
    0x0, 0x0, 0x7, 0xff, 0x35, 0xff, 0x50, 0x0,
    0x0, 0x1f, 0xf6, 0xe, 0xf8, 0x0, 0x0, 0x0,
    0x9f, 0xa0, 0x7f, 0xc0, 0x0, 0x0, 0x0, 0x0,
    0x0, 0x0, 0x0, 0x0, 0x0, 0x0, 0x0, 0x0,
    0x0, 0x0, 0x0, 0xc, 0xff, 0x10, 0x0, 0x0,
    0xe, 0xfb, 0x5, 0xff, 0x80, 0x0, 0x0, 0x5f,
    0xf4, 0x0, 0xdf, 0xe0, 0x0, 0x0, 0xcf, 0xd0,
    0x0, 0x7f, 0xf6, 0x0, 0x3, 0xff, 0x60, 0x0,
    0xf, 0xfd, 0x0, 0xa, 0xfe, 0x0, 0x0, 0x8,
    0xff, 0x30, 0x1f, 0xf8, 0x0, 0x0, 0x2, 0xff,
    0xa0, 0x8f, 0xf1, 0x0, 0x0, 0x0, 0xaf, 0xf2,
    0xef, 0xa0, 0x0, 0x0, 0x0, 0x3f, 0xfe, 0xff,
    0x30, 0x0, 0x0, 0x0, 0xc, 0xff, 0xfc, 0x0,
    0x0, 0x0, 0x0, 0x5, 0xff, 0xf5, 0x0, 0x0,
    0x0, 0x0, 0x0, 0xff, 0xe0, 0x0, 0x0, 0x0,
    0x0, 0x4, 0xff, 0x70, 0x0, 0x0, 0x7, 0xb6,
    0x6e, 0xfe, 0x0, 0x0, 0x0, 0x1f, 0xff, 0xff,
    0xf4, 0x0, 0x0, 0x0, 0x6, 0xcf, 0xfb, 0x40,
    0x0, 0x0, 0x0,

    /* U+04F4 "Ӵ" */
    0x0, 0x0, 0x88, 0x0, 0x5a, 0x20, 0x0, 0x0,
    0x3, 0xff, 0x50, 0xef, 0x90, 0x0, 0x0, 0x0,
    0xde, 0x10, 0x9f, 0x40, 0x0, 0x0, 0x0, 0x0,
    0x0, 0x0, 0x0, 0x0, 0x6f, 0xf7, 0x0, 0x0,
    0x0, 0x1f, 0xfb, 0x6f, 0xf7, 0x0, 0x0, 0x0,
    0x1f, 0xfb, 0x6f, 0xf7, 0x0, 0x0, 0x0, 0x1f,
    0xfb, 0x6f, 0xf7, 0x0, 0x0, 0x0, 0x1f, 0xfb,
    0x6f, 0xf7, 0x0, 0x0, 0x0, 0x1f, 0xfb, 0x5f,
    0xf8, 0x0, 0x0, 0x0, 0x1f, 0xfb, 0x4f, 0xfc,
    0x0, 0x0, 0x0, 0x1f, 0xfb, 0xf, 0xff, 0x60,
    0x0, 0x0, 0x4f, 0xfb, 0x8, 0xff, 0xfc, 0x98,
    0x9d, 0xff, 0xfb, 0x0, 0xbf, 0xff, 0xff, 0xff,
    0xff, 0xfb, 0x0, 0x5, 0xbe, 0xfe, 0xd9, 0x6f,
    0xfb, 0x0, 0x0, 0x0, 0x0, 0x0, 0x1f, 0xfb,
    0x0, 0x0, 0x0, 0x0, 0x0, 0x1f, 0xfb, 0x0,
    0x0, 0x0, 0x0, 0x0, 0x1f, 0xfb, 0x0, 0x0,
    0x0, 0x0, 0x0, 0x1f, 0xfb, 0x0, 0x0, 0x0,
    0x0, 0x0, 0x1f, 0xfb,

    /* U+04F5 "ӵ" */
    0x0, 0x7, 0x90, 0x4, 0xa2, 0x0, 0x0, 0x2f,
    0xf6, 0xe, 0xfa, 0x0, 0x0, 0xc, 0xe2, 0x9,
    0xf5, 0x0, 0x0, 0x0, 0x0, 0x0, 0x0, 0x0,
    0x0, 0x0, 0x0, 0x0, 0x0, 0x0, 0x2f, 0xf9,
    0x0, 0x0, 0xf, 0xfd, 0x2f, 0xf9, 0x0, 0x0,
    0xf, 0xfd, 0x2f, 0xf9, 0x0, 0x0, 0xf, 0xfd,
    0x2f, 0xf9, 0x0, 0x0, 0xf, 0xfd, 0x1f, 0xfb,
    0x0, 0x0, 0xf, 0xfd, 0xe, 0xff, 0x61, 0x3,
    0x7f, 0xfd, 0x7, 0xff, 0xff, 0xff, 0xff, 0xfd,
    0x0, 0x7e, 0xff, 0xfe, 0x9f, 0xfd, 0x0, 0x0,
    0x23, 0x10, 0xf, 0xfd, 0x0, 0x0, 0x0, 0x0,
    0xf, 0xfd, 0x0, 0x0, 0x0, 0x0, 0xf, 0xfd,
    0x0, 0x0, 0x0, 0x0, 0xf, 0xfd,

    /* U+04F6 "Ӷ" */
    0xdf, 0xff, 0xff, 0xff, 0xff, 0x9d, 0xff, 0xff,
    0xff, 0xff, 0xf9, 0xdf, 0xf7, 0x77, 0x77, 0x77,
    0x4d, 0xff, 0x0, 0x0, 0x0, 0x0, 0xdf, 0xf0,
    0x0, 0x0, 0x0, 0xd, 0xff, 0x0, 0x0, 0x0,
    0x0, 0xdf, 0xf0, 0x0, 0x0, 0x0, 0xd, 0xff,
    0x0, 0x0, 0x0, 0x0, 0xdf, 0xf0, 0x0, 0x0,
    0x0, 0xd, 0xff, 0x0, 0x0, 0x0, 0x0, 0xdf,
    0xf0, 0x0, 0x0, 0x0, 0xd, 0xff, 0x0, 0x0,
    0x0, 0x0, 0xdf, 0xf0, 0x0, 0x0, 0x0, 0xf,
    0xff, 0x77, 0x10, 0x0, 0x0, 0xff, 0xff, 0xf4,
    0x0, 0x0, 0xf, 0xff, 0xff, 0x40, 0x0, 0x0,
    0x0, 0x6f, 0xf4, 0x0, 0x0, 0x0, 0x6, 0xff,
    0x40, 0x0, 0x0, 0x0, 0x6f, 0xf4, 0x0, 0x0,
    0x0, 0x3, 0x88, 0x20, 0x0, 0x0,

    /* U+04F7 "ӷ" */
    0x2f, 0xff, 0xff, 0xff, 0xfe, 0x2f, 0xff, 0xff,
    0xff, 0xfe, 0x2f, 0xfe, 0x55, 0x55, 0x55, 0x2f,
    0xf9, 0x0, 0x0, 0x0, 0x2f, 0xf9, 0x0, 0x0,
    0x0, 0x2f, 0xf9, 0x0, 0x0, 0x0, 0x2f, 0xf9,
    0x0, 0x0, 0x0, 0x2f, 0xf9, 0x0, 0x0, 0x0,
    0x2f, 0xf9, 0x0, 0x0, 0x0, 0x3f, 0xff, 0x52,
    0x0, 0x0, 0x5f, 0xff, 0xf6, 0x0, 0x0, 0x5f,
    0xff, 0xf6, 0x0, 0x0, 0x0, 0x3f, 0xf6, 0x0,
    0x0, 0x0, 0x3f, 0xf6, 0x0, 0x0, 0x0, 0x18,
    0x83, 0x0, 0x0,

    /* U+04F8 "Ӹ" */
    0x0, 0x0, 0x0, 0x88, 0x0, 0x5a, 0x10, 0x0,
    0x0, 0x0, 0x0, 0x0, 0x3f, 0xf4, 0xf, 0xf9,
    0x0, 0x0, 0x0, 0x0, 0x0, 0x1, 0xdd, 0x10,
    0xaf, 0x40, 0x0, 0x0, 0x0, 0x0, 0x0, 0x0,
    0x0, 0x0, 0x0, 0x0, 0x0, 0x0, 0xdf, 0xf0,
    0x0, 0x0, 0x0, 0x0, 0x0, 0xc, 0xff, 0xd,
    0xff, 0x0, 0x0, 0x0, 0x0, 0x0, 0x0, 0xcf,
    0xf0, 0xdf, 0xf0, 0x0, 0x0, 0x0, 0x0, 0x0,
    0xc, 0xff, 0xd, 0xff, 0x0, 0x0, 0x0, 0x0,
    0x0, 0x0, 0xcf, 0xf0, 0xdf, 0xf0, 0x0, 0x0,
    0x0, 0x0, 0x0, 0xc, 0xff, 0xd, 0xff, 0x33,
    0x33, 0x21, 0x0, 0x0, 0x0, 0xcf, 0xf0, 0xdf,
    0xff, 0xff, 0xff, 0xfe, 0x80, 0x0, 0xc, 0xff,
    0xd, 0xff, 0xff, 0xff, 0xff, 0xff, 0xd1, 0x0,
    0xcf, 0xf0, 0xdf, 0xf0, 0x0, 0x1, 0x5d, 0xff,
    0x80, 0xc, 0xff, 0xd, 0xff, 0x0, 0x0, 0x0,
    0x2f, 0xfd, 0x0, 0xcf, 0xf0, 0xdf, 0xf0, 0x0,
    0x0, 0x0, 0xef, 0xf0, 0xc, 0xff, 0xd, 0xff,
    0x0, 0x0, 0x0, 0xf, 0xfe, 0x0, 0xcf, 0xf0,
    0xdf, 0xf0, 0x0, 0x0, 0x6, 0xff, 0xb0, 0xc,
    0xff, 0xd, 0xff, 0x33, 0x33, 0x59, 0xff, 0xf5,
    0x0, 0xcf, 0xf0, 0xdf, 0xff, 0xff, 0xff, 0xff,
    0xf8, 0x0, 0xc, 0xff, 0xd, 0xff, 0xff, 0xff,
    0xfd, 0x93, 0x0, 0x0, 0xcf, 0xf0,

    /* U+04F9 "ӹ" */
    0x0, 0x0, 0x6, 0x91, 0x3, 0xa3, 0x0, 0x0,
    0x0, 0x0, 0xf, 0xf8, 0xc, 0xfc, 0x0, 0x0,
    0x0, 0x0, 0xb, 0xe3, 0x7, 0xf7, 0x0, 0x0,
    0x0, 0x0, 0x0, 0x0, 0x0, 0x0, 0x0, 0x0,
    0x0, 0x0, 0x0, 0x0, 0x0, 0x0, 0x0, 0x0,
    0x2f, 0xf9, 0x0, 0x0, 0x0, 0x0, 0x4f, 0xf7,
    0x2f, 0xf9, 0x0, 0x0, 0x0, 0x0, 0x4f, 0xf7,
    0x2f, 0xf9, 0x0, 0x0, 0x0, 0x0, 0x4f, 0xf7,
    0x2f, 0xf9, 0x0, 0x0, 0x0, 0x0, 0x4f, 0xf7,
    0x2f, 0xff, 0xff, 0xfe, 0xb4, 0x0, 0x4f, 0xf7,
    0x2f, 0xff, 0xee, 0xff, 0xff, 0x60, 0x4f, 0xf7,
    0x2f, 0xf9, 0x0, 0x4, 0xff, 0xe0, 0x4f, 0xf7,
    0x2f, 0xf9, 0x0, 0x0, 0xaf, 0xf2, 0x4f, 0xf7,
    0x2f, 0xf9, 0x0, 0x0, 0xbf, 0xf2, 0x4f, 0xf7,
    0x2f, 0xf9, 0x0, 0x17, 0xff, 0xe0, 0x4f, 0xf7,
    0x2f, 0xff, 0xff, 0xff, 0xff, 0x40, 0x4f, 0xf7,
    0x2f, 0xff, 0xff, 0xfe, 0xa2, 0x0, 0x4f, 0xf7,

    /* U+04FA "Ӻ" */
    0x0, 0x2f, 0xff, 0xff, 0xff, 0xff, 0xf5, 0x0,
    0x2f, 0xff, 0xff, 0xff, 0xff, 0xf5, 0x0, 0x2f,
    0xfd, 0x77, 0x77, 0x77, 0x72, 0x0, 0x2f, 0xfa,
    0x0, 0x0, 0x0, 0x0, 0x0, 0x2f, 0xfa, 0x0,
    0x0, 0x0, 0x0, 0x0, 0x2f, 0xfa, 0x0, 0x0,
    0x0, 0x0, 0x0, 0x2f, 0xfa, 0x0, 0x0, 0x0,
    0x0, 0x7f, 0xff, 0xff, 0xff, 0xff, 0xfe, 0x0,
    0x7f, 0xff, 0xff, 0xff, 0xff, 0xfe, 0x0, 0x0,
    0x2f, 0xfa, 0x0, 0x0, 0x0, 0x0, 0x0, 0x2f,
    0xfa, 0x0, 0x0, 0x0, 0x0, 0x0, 0x2f, 0xfa,
    0x0, 0x0, 0x0, 0x0, 0x0, 0x2f, 0xfa, 0x0,
    0x0, 0x0, 0x0, 0x0, 0x3f, 0xff, 0x43, 0x0,
    0x0, 0x0, 0x0, 0x5f, 0xff, 0xfb, 0x0, 0x0,
    0x0, 0x0, 0x5f, 0xff, 0xfb, 0x0, 0x0, 0x0,
    0x0, 0x0, 0x1f, 0xfa, 0x0, 0x0, 0x0, 0x3,
    0x54, 0xbf, 0xf8, 0x0, 0x0, 0x0, 0xb, 0xff,
    0xff, 0xe1, 0x0, 0x0, 0x0, 0x7, 0xcf, 0xea,
    0x20, 0x0, 0x0, 0x0,

    /* U+04FB "ӻ" */
    0x0, 0x8f, 0xff, 0xff, 0xff, 0xa0, 0x8, 0xff,
    0xff, 0xff, 0xfa, 0x0, 0x8f, 0xf7, 0x55, 0x55,
    0x30, 0x8, 0xff, 0x30, 0x0, 0x0, 0x0, 0x8f,
    0xf3, 0x0, 0x0, 0x6, 0xff, 0xff, 0xff, 0xff,
    0x90, 0x5d, 0xff, 0xff, 0xdd, 0xd8, 0x0, 0x8,
    0xff, 0x30, 0x0, 0x0, 0x0, 0x8f, 0xf3, 0x0,
    0x0, 0x0, 0xa, 0xff, 0x73, 0x0, 0x0, 0x0,
    0xff, 0xff, 0xf0, 0x0, 0x0, 0xf, 0xff, 0xff,
    0x0, 0x0, 0x0, 0x0, 0xdf, 0xf0, 0x0, 0x0,
    0x63, 0x7f, 0xfc, 0x0, 0x0, 0x6f, 0xff, 0xff,
    0x40, 0x0, 0x4, 0xcf, 0xfc, 0x40, 0x0, 0x0,

    /* U+04FC "Ӽ" */
    0x2f, 0xff, 0x20, 0x0, 0x0, 0xb, 0xff, 0x50,
    0x7f, 0xfc, 0x0, 0x0, 0x7, 0xff, 0xa0, 0x0,
    0xcf, 0xf8, 0x0, 0x2, 0xff, 0xe1, 0x0, 0x1,
    0xff, 0xf3, 0x0, 0xcf, 0xf4, 0x0, 0x0, 0x5,
    0xff, 0xd0, 0x8f, 0xf8, 0x0, 0x0, 0x0, 0xa,
    0xff, 0xbf, 0xfd, 0x0, 0x0, 0x0, 0x0, 0x1e,
    0xff, 0xff, 0x30, 0x0, 0x0, 0x0, 0x0, 0x4f,
    0xff, 0xb0, 0x0, 0x0, 0x0, 0x0, 0x8, 0xff,
    0xfe, 0x20, 0x0, 0x0, 0x0, 0x4, 0xff, 0xff,
    0xfd, 0x0, 0x0, 0x0, 0x0, 0xef, 0xf4, 0xcf,
    0xfb, 0x0, 0x0, 0x0, 0xaf, 0xf8, 0x1, 0xef,
    0xf7, 0x0, 0x0, 0x5f, 0xfd, 0x0, 0x4, 0xff,
    0xf3, 0x0, 0x1e, 0xff, 0x30, 0x0, 0x8, 0xff,
    0xc0, 0xb, 0xff, 0x80, 0x0, 0x0, 0xe, 0xff,
    0x47, 0xff, 0xd0, 0x0, 0x0, 0x0, 0x8f, 0xf9,
    0x0, 0x0, 0x0, 0x0, 0x0, 0x7, 0xff, 0xa0,
    0x0, 0x0, 0x0, 0x4, 0x56, 0xef, 0xf7, 0x0,
    0x0, 0x0, 0x0, 0xcf, 0xff, 0xfd, 0x10, 0x0,
    0x0, 0x0, 0x8, 0xdf, 0xe9, 0x10,

    /* U+04FD "ӽ" */
    0x4f, 0xfc, 0x0, 0x0, 0x3f, 0xfc, 0x0, 0x8f,
    0xf8, 0x0, 0x1e, 0xfe, 0x10, 0x0, 0xcf, 0xf4,
    0xa, 0xff, 0x40, 0x0, 0x2, 0xff, 0xe8, 0xff,
    0x80, 0x0, 0x0, 0x5, 0xff, 0xff, 0xc0, 0x0,
    0x0, 0x0, 0x9, 0xff, 0xf2, 0x0, 0x0, 0x0,
    0x0, 0xbf, 0xff, 0x90, 0x0, 0x0, 0x0, 0x7f,
    0xff, 0xff, 0x70, 0x0, 0x0, 0x4f, 0xfc, 0x1d,
    0xff, 0x40, 0x0, 0x1e, 0xff, 0x20, 0x2e, 0xfe,
    0x10, 0xb, 0xff, 0x50, 0x0, 0x4f, 0xfa, 0x7,
    0xff, 0x90, 0x0, 0x0, 0xbf, 0xf1, 0x0, 0x0,
    0x0, 0x0, 0x9, 0xff, 0x30, 0x0, 0x0, 0x6,
    0x56, 0xff, 0xf1, 0x0, 0x0, 0x1, 0xff, 0xff,
    0xf9, 0x0, 0x0, 0x0, 0x1a, 0xef, 0xd7, 0x0,

    /* U+04FE "Ӿ" */
    0xd, 0xff, 0x60, 0x0, 0x0, 0x1e, 0xff, 0x50,
    0x3, 0xff, 0xf2, 0x0, 0x0, 0xaf, 0xfb, 0x0,
    0x0, 0x9f, 0xfb, 0x0, 0x4, 0xff, 0xe1, 0x0,
    0x0, 0xd, 0xff, 0x60, 0x1e, 0xff, 0x60, 0x0,
    0x0, 0x4, 0xff, 0xf1, 0x9f, 0xfb, 0x0, 0x0,
    0x0, 0x0, 0x9f, 0xfd, 0xff, 0xf1, 0x0, 0x0,
    0x0, 0x0, 0xe, 0xff, 0xff, 0x60, 0x0, 0x0,
    0x0, 0xff, 0xff, 0xff, 0xff, 0xff, 0xf6, 0x0,
    0x0, 0xff, 0xff, 0xff, 0xff, 0xff, 0xf6, 0x0,
    0x0, 0x0, 0x2f, 0xff, 0xff, 0xb0, 0x0, 0x0,
    0x0, 0x0, 0xcf, 0xfa, 0xff, 0xf5, 0x0, 0x0,
    0x0, 0x7, 0xff, 0xd0, 0x6f, 0xfe, 0x10, 0x0,
    0x0, 0x2f, 0xff, 0x30, 0xb, 0xff, 0xb0, 0x0,
    0x0, 0xcf, 0xf7, 0x0, 0x1, 0xef, 0xf6, 0x0,
    0x8, 0xff, 0xc0, 0x0, 0x0, 0x5f, 0xff, 0x20,
    0x3f, 0xff, 0x20, 0x0, 0x0, 0xa, 0xff, 0xc0,

    /* U+04FF "ӿ" */
    0x2f, 0xfe, 0x10, 0x0, 0x1e, 0xfe, 0x10, 0x6f,
    0xfb, 0x0, 0xa, 0xff, 0x40, 0x0, 0xaf, 0xf7,
    0x6, 0xff, 0x80, 0x0, 0x1, 0xef, 0xf5, 0xff,
    0xc0, 0x0, 0x0, 0x3, 0xff, 0xff, 0xe1, 0x0,
    0x0, 0x2d, 0xdf, 0xff, 0xff, 0xdd, 0x20, 0x3,
    0xff, 0xff, 0xff, 0xff, 0xf2, 0x0, 0x0, 0x4f,
    0xff, 0xff, 0x30, 0x0, 0x0, 0x1e, 0xfe, 0x4f,
    0xfe, 0x10, 0x0, 0xc, 0xff, 0x40, 0x7f, 0xfb,
    0x0, 0x8, 0xff, 0x70, 0x0, 0xbf, 0xf6, 0x4,
    0xff, 0xb0, 0x0, 0x1, 0xef, 0xf3,

    /* U+2007 " " */

    /* U+2008 " " */

    /* U+2009 " " */

    /* U+200A " " */

    /* U+200B "​" */

    /* U+2010 "‐" */
    0x35, 0x55, 0x55, 0x1c, 0xff, 0xff, 0xf4, 0xcf,
    0xff, 0xff, 0x40,

    /* U+2012 "‒" */
    0xd, 0xdd, 0xdd, 0xdd, 0xdd, 0xdd, 0xdd, 0x50,
    0xff, 0xff, 0xff, 0xff, 0xff, 0xff, 0xf6,

    /* U+2013 "–" */
    0xdd, 0xdd, 0xdd, 0xdd, 0xdd, 0xdf, 0xff, 0xff,
    0xff, 0xff, 0xff,

    /* U+2014 "—" */
    0xdd, 0xdd, 0xdd, 0xdd, 0xdd, 0xdd, 0xdd, 0xdd,
    0xdd, 0xdd, 0xdd, 0xff, 0xff, 0xff, 0xff, 0xff,
    0xff, 0xff, 0xff, 0xff, 0xff, 0xff,

    /* U+2015 "―" */
    0xdd, 0xdd, 0xdd, 0xdd, 0xdd, 0xdd, 0xdd, 0xdd,
    0xdd, 0xdd, 0xdd, 0xff, 0xff, 0xff, 0xff, 0xff,
    0xff, 0xff, 0xff, 0xff, 0xff, 0xff,

    /* U+2018 "‘" */
    0x0, 0xaf, 0x20, 0xf, 0xe0, 0x6, 0xfa, 0x0,
    0xbf, 0xc0, 0xf, 0xff, 0x41, 0xff, 0xf6, 0x8,
    0xfc, 0x0,

    /* U+2019 "’" */
    0x7, 0xfc, 0x0, 0xff, 0xf6, 0xe, 0xff, 0x60,
    0x3f, 0xf2, 0x4, 0xfc, 0x0, 0x8f, 0x60, 0xc,
    0xf1, 0x0, 0x11, 0x0,

    /* U+201A "‚" */
    0x2, 0x96, 0x0, 0xef, 0xf4, 0xf, 0xff, 0x70,
    0x7f, 0xf3, 0x2, 0xfe, 0x0, 0x6f, 0x80, 0xa,
    0xf3, 0x0, 0x67, 0x0,

    /* U+201C "“" */
    0x0, 0xaf, 0x20, 0xf, 0xd0, 0x0, 0xfe, 0x0,
    0x5f, 0x90, 0x6, 0xfa, 0x0, 0xbf, 0x50, 0xb,
    0xfc, 0x1, 0xff, 0x40, 0xf, 0xff, 0x45, 0xff,
    0xe0, 0x1f, 0xff, 0x66, 0xff, 0xf0, 0x8, 0xfc,
    0x0, 0xcf, 0x70,

    /* U+201D "”" */
    0x7, 0xfc, 0x0, 0xbf, 0x80, 0xf, 0xff, 0x65,
    0xff, 0xf1, 0xe, 0xff, 0x63, 0xff, 0xf1, 0x3,
    0xff, 0x20, 0xbf, 0xc0, 0x4, 0xfc, 0x0, 0x9f,
    0x70, 0x8, 0xf6, 0x0, 0xdf, 0x10, 0xc, 0xf1,
    0x1, 0xfb, 0x0, 0x1, 0x10, 0x0, 0x21, 0x0,

    /* U+201E "„" */
    0x2, 0x96, 0x0, 0x59, 0x30, 0xe, 0xff, 0x43,
    0xff, 0xe0, 0xf, 0xff, 0x75, 0xff, 0xf1, 0x7,
    0xff, 0x30, 0xff, 0xe0, 0x2, 0xfe, 0x0, 0x8f,
    0x80, 0x6, 0xf8, 0x0, 0xcf, 0x30, 0xa, 0xf3,
    0x0, 0xfd, 0x0, 0x6, 0x70, 0x1, 0x84, 0x0,

    /* U+2020 "†" */
    0x0, 0x0, 0x1f, 0xfa, 0x0, 0x0, 0x0, 0x0,
    0x1f, 0xfa, 0x0, 0x0, 0x0, 0x0, 0x1f, 0xfa,
    0x0, 0x0, 0x0, 0x0, 0x1f, 0xfa, 0x0, 0x0,
    0x0, 0x0, 0x1f, 0xfa, 0x0, 0x0, 0x5f, 0xff,
    0xff, 0xff, 0xff, 0xff, 0x5f, 0xff, 0xff, 0xff,
    0xff, 0xff, 0x26, 0x66, 0x6f, 0xfc, 0x66, 0x65,
    0x0, 0x0, 0x1f, 0xfa, 0x0, 0x0, 0x0, 0x0,
    0x1f, 0xfa, 0x0, 0x0, 0x0, 0x0, 0x1f, 0xfa,
    0x0, 0x0, 0x0, 0x0, 0x1f, 0xfa, 0x0, 0x0,
    0x0, 0x0, 0x1f, 0xfa, 0x0, 0x0, 0x0, 0x0,
    0x1f, 0xfa, 0x0, 0x0, 0x0, 0x0, 0x1f, 0xfa,
    0x0, 0x0, 0x0, 0x0, 0x1f, 0xfa, 0x0, 0x0,
    0x0, 0x0, 0x1f, 0xfa, 0x0, 0x0, 0x0, 0x0,
    0x1f, 0xfa, 0x0, 0x0, 0x0, 0x0, 0x1f, 0xfa,
    0x0, 0x0, 0x0, 0x0, 0x1f, 0xfa, 0x0, 0x0,

    /* U+2021 "‡" */
    0x0, 0x0, 0x1f, 0xfa, 0x0, 0x0, 0x0, 0x0,
    0x1f, 0xfa, 0x0, 0x0, 0x0, 0x0, 0x1f, 0xfa,
    0x0, 0x0, 0x0, 0x0, 0x1f, 0xfa, 0x0, 0x0,
    0x0, 0x0, 0x1f, 0xfa, 0x0, 0x0, 0x5f, 0xff,
    0xff, 0xff, 0xff, 0xff, 0x5f, 0xff, 0xff, 0xff,
    0xff, 0xff, 0x15, 0x55, 0x6f, 0xfc, 0x55, 0x55,
    0x0, 0x0, 0x1f, 0xfa, 0x0, 0x0, 0x0, 0x0,
    0x1f, 0xfa, 0x0, 0x0, 0x0, 0x0, 0x1f, 0xfa,
    0x0, 0x0, 0x0, 0x0, 0x1f, 0xfa, 0x0, 0x0,
    0x15, 0x55, 0x6f, 0xfc, 0x55, 0x55, 0x5f, 0xff,
    0xff, 0xff, 0xff, 0xff, 0x5f, 0xff, 0xff, 0xff,
    0xff, 0xff, 0x0, 0x0, 0x1f, 0xfa, 0x0, 0x0,
    0x0, 0x0, 0x1f, 0xfa, 0x0, 0x0, 0x0, 0x0,
    0x1f, 0xfa, 0x0, 0x0, 0x0, 0x0, 0x1f, 0xfa,
    0x0, 0x0, 0x0, 0x0, 0x1f, 0xfa, 0x0, 0x0,

    /* U+2022 "•" */
    0x7, 0xca, 0x10, 0x6f, 0xff, 0xc0, 0xaf, 0xff,
    0xf0, 0x7f, 0xff, 0xd0, 0x9, 0xfd, 0x20,

    /* U+2026 "…" */
    0x3, 0xa7, 0x0, 0x8, 0x92, 0x0, 0x4a, 0x60,
    0xf, 0xff, 0x50, 0x7f, 0xfc, 0x0, 0xff, 0xf4,
    0xf, 0xff, 0x60, 0x9f, 0xfe, 0x1, 0xff, 0xf6,
    0x7, 0xfc, 0x0, 0x2d, 0xe5, 0x0, 0x8f, 0xb0,

    /* U+2030 "‰" */
    0x0, 0x6d, 0xfc, 0x40, 0x0, 0x0, 0xb, 0xf7,
    0x0, 0x0, 0x0, 0x0, 0x0, 0x0, 0x6f, 0xc7,
    0xdf, 0x30, 0x0, 0x5, 0xfc, 0x0, 0x0, 0x0,
    0x0, 0x0, 0x0, 0xe, 0xe0, 0x1, 0xfb, 0x0,
    0x1, 0xef, 0x20, 0x0, 0x0, 0x0, 0x0, 0x0,
    0x2, 0xf9, 0x0, 0xc, 0xf0, 0x0, 0xaf, 0x70,
    0x0, 0x0, 0x0, 0x0, 0x0, 0x0, 0x4f, 0x80,
    0x0, 0xbf, 0x10, 0x5f, 0xd0, 0x0, 0x0, 0x0,
    0x0, 0x0, 0x0, 0x2, 0xfa, 0x0, 0xd, 0xf0,
    0x1e, 0xf3, 0x0, 0x0, 0x0, 0x0, 0x0, 0x0,
    0x0, 0xe, 0xe1, 0x2, 0xfb, 0xa, 0xf8, 0x0,
    0x0, 0x0, 0x0, 0x0, 0x0, 0x0, 0x0, 0x6f,
    0xd9, 0xef, 0x34, 0xfd, 0x0, 0x68, 0x60, 0x0,
    0x0, 0x58, 0x61, 0x0, 0x0, 0x6d, 0xfc, 0x40,
    0xef, 0x31, 0xdf, 0xff, 0xd1, 0x0, 0xbf, 0xff,
    0xf4, 0x0, 0x0, 0x0, 0x0, 0x9f, 0x80, 0xbf,
    0x60, 0x6f, 0xb0, 0x7f, 0x91, 0x4f, 0xe0, 0x0,
    0x0, 0x0, 0x4f, 0xd0, 0xf, 0xd0, 0x0, 0xdf,
    0xd, 0xf0, 0x0, 0x9f, 0x40, 0x0, 0x0, 0xd,
    0xf3, 0x2, 0xfa, 0x0, 0xa, 0xf2, 0xfd, 0x0,
    0x6, 0xf6, 0x0, 0x0, 0x9, 0xf9, 0x0, 0x1f,
    0xa0, 0x0, 0xaf, 0x1e, 0xe0, 0x0, 0x7f, 0x50,
    0x0, 0x3, 0xfe, 0x0, 0x0, 0xde, 0x0, 0xe,
    0xe0, 0xaf, 0x20, 0xb, 0xf1, 0x0, 0x0, 0xdf,
    0x40, 0x0, 0x5, 0xfc, 0x7c, 0xf6, 0x3, 0xfd,
    0x7a, 0xf9, 0x0, 0x0, 0x8f, 0x90, 0x0, 0x0,
    0x5, 0xdf, 0xd6, 0x0, 0x3, 0xcf, 0xe8, 0x0,

    /* U+2032 "′" */
    0xcf, 0x9b, 0xf8, 0xbf, 0x8a, 0xf7, 0xaf, 0x79,
    0xf6, 0x12, 0x10,

    /* U+2033 "″" */
    0xcf, 0x90, 0x7f, 0xdb, 0xf8, 0x7, 0xfc, 0xbf,
    0x80, 0x6f, 0xca, 0xf7, 0x6, 0xfb, 0xaf, 0x70,
    0x6f, 0xb9, 0xf6, 0x5, 0xfa, 0x12, 0x10, 0x2,
    0x10,

    /* U+2039 "‹" */
    0x0, 0x1, 0x99, 0x30, 0x0, 0xbf, 0xb0, 0x0,
    0x7f, 0xe1, 0x0, 0x3f, 0xf5, 0x0, 0xd, 0xfa,
    0x0, 0x0, 0x8f, 0xe1, 0x0, 0x0, 0xcf, 0xb0,
    0x0, 0x1, 0xef, 0x70, 0x0, 0x5, 0xff, 0x30,

    /* U+203A "›" */
    0x19, 0x93, 0x0, 0x0, 0x8f, 0xe1, 0x0, 0x0,
    0xdf, 0xa0, 0x0, 0x2, 0xff, 0x60, 0x0, 0x7,
    0xff, 0x10, 0x0, 0xdf, 0xa0, 0x0, 0x9f, 0xe1,
    0x0, 0x4f, 0xf3, 0x0, 0x1e, 0xf8, 0x0, 0x0,

    /* U+2044 "⁄" */
    0x0, 0x0, 0x0, 0x0, 0x0, 0x3f, 0xe1, 0x0,
    0x0, 0x0, 0x0, 0x0, 0xcf, 0x40, 0x0, 0x0,
    0x0, 0x0, 0x7, 0xfa, 0x0, 0x0, 0x0, 0x0,
    0x0, 0x2f, 0xe1, 0x0, 0x0, 0x0, 0x0, 0x0,
    0xcf, 0x50, 0x0, 0x0, 0x0, 0x0, 0x7, 0xfa,
    0x0, 0x0, 0x0, 0x0, 0x0, 0x2f, 0xe1, 0x0,
    0x0, 0x0, 0x0, 0x0, 0xcf, 0x50, 0x0, 0x0,
    0x0, 0x0, 0x6, 0xfb, 0x0, 0x0, 0x0, 0x0,
    0x0, 0x2f, 0xf1, 0x0, 0x0, 0x0, 0x0, 0x0,
    0xbf, 0x60, 0x0, 0x0, 0x0, 0x0, 0x6, 0xfb,
    0x0, 0x0, 0x0, 0x0, 0x0, 0x1f, 0xf2, 0x0,
    0x0, 0x0, 0x0, 0x0, 0xbf, 0x60, 0x0, 0x0,
    0x0, 0x0, 0x6, 0xfc, 0x0, 0x0, 0x0, 0x0,
    0x0, 0x1e, 0xf2, 0x0, 0x0, 0x0, 0x0, 0x0,

    /* U+2052 "⁒" */
    0x2d, 0xd2, 0x0, 0x3f, 0xd0, 0x8f, 0xf8, 0x0,
    0x8f, 0x80, 0x3f, 0xf3, 0x0, 0xef, 0x20, 0x0,
    0x0, 0x3, 0xfd, 0x0, 0x0, 0x0, 0x9, 0xf7,
    0x0, 0x0, 0x0, 0xe, 0xf1, 0x0, 0x0, 0x0,
    0x4f, 0xc0, 0x0, 0x0, 0x0, 0xaf, 0x60, 0x0,
    0x0, 0x0, 0xff, 0x10, 0x0, 0x0, 0x5, 0xfb,
    0x0, 0x0, 0x0, 0xb, 0xf5, 0x0, 0x0, 0x0,
    0x1f, 0xf0, 0x0, 0x0, 0x0, 0x6f, 0xa0, 0x0,
    0x0, 0x0, 0xcf, 0x50, 0xc, 0xf9, 0x1, 0xfe,
    0x0, 0x1f, 0xfe, 0x7, 0xf9, 0x0, 0xa, 0xf7,

    /* U+20A1 "₡" */
    0x0, 0x0, 0x0, 0x0, 0x18, 0x30, 0x66, 0x0,
    0x0, 0x0, 0x0, 0x0, 0x6f, 0x40, 0xfa, 0x0,
    0x0, 0x0, 0x0, 0x0, 0xaf, 0x4, 0xf6, 0x0,
    0x0, 0x0, 0x3, 0x9d, 0xff, 0xef, 0xf3, 0x0,
    0x0, 0x0, 0xaf, 0xff, 0xff, 0xff, 0xfd, 0x30,
    0x0, 0xd, 0xff, 0xff, 0xfd, 0xbf, 0xff, 0xf1,
    0x0, 0xbf, 0xfe, 0x4a, 0xf0, 0x4f, 0xff, 0x60,
    0x4, 0xff, 0xe1, 0xe, 0xc0, 0x8f, 0x22, 0x0,
    0xa, 0xff, 0x60, 0x2f, 0x80, 0xce, 0x0, 0x0,
    0xe, 0xff, 0x0, 0x6f, 0x40, 0xfa, 0x0, 0x0,
    0xf, 0xfe, 0x0, 0xaf, 0x4, 0xf6, 0x0, 0x0,
    0xf, 0xfe, 0x0, 0xec, 0x8, 0xf2, 0x0, 0x0,
    0xe, 0xff, 0x2, 0xf8, 0xc, 0xe0, 0x0, 0x0,
    0xa, 0xff, 0x66, 0xf4, 0xf, 0xa0, 0x0, 0x0,
    0x4, 0xff, 0xec, 0xf0, 0x4f, 0x60, 0x2, 0x0,
    0x0, 0xbf, 0xff, 0xf0, 0x8f, 0x20, 0x8f, 0x60,
    0x0, 0xd, 0xff, 0xfd, 0xff, 0xae, 0xff, 0xf1,
    0x0, 0x0, 0xff, 0xff, 0xff, 0xff, 0xfd, 0x30,
    0x0, 0x0, 0xaf, 0xaf, 0xff, 0xeb, 0x60, 0x0,
    0x0, 0x0, 0xec, 0x8, 0xf2, 0x0, 0x0, 0x0,
    0x0, 0x2, 0xf8, 0xc, 0xe0, 0x0, 0x0, 0x0,
    0x0, 0x2, 0x82, 0x7, 0x50, 0x0, 0x0, 0x0,

    /* U+20A3 "₣" */
    0x0, 0x2f, 0xff, 0xff, 0xff, 0xff, 0xff, 0x10,
    0x2, 0xff, 0xff, 0xff, 0xff, 0xff, 0xf1, 0x0,
    0x2f, 0xfd, 0x66, 0x66, 0x66, 0x66, 0x0, 0x2,
    0xff, 0xb0, 0x0, 0x0, 0x0, 0x0, 0x0, 0x2f,
    0xfb, 0x0, 0x0, 0x0, 0x0, 0x0, 0x2, 0xff,
    0xb0, 0x0, 0x0, 0x0, 0x0, 0x0, 0x2f, 0xfb,
    0x0, 0x0, 0x0, 0x0, 0x0, 0x2, 0xff, 0xf7,
    0x77, 0x77, 0x77, 0x10, 0x0, 0x2f, 0xff, 0xff,
    0xff, 0xff, 0xf2, 0x0, 0x2, 0xff, 0xff, 0xff,
    0xff, 0xff, 0x20, 0x0, 0x2f, 0xfb, 0x0, 0x0,
    0x0, 0x0, 0x0, 0x2, 0xff, 0xb0, 0x0, 0x0,
    0x0, 0x0, 0x5f, 0xff, 0xff, 0xff, 0xff, 0x90,
    0x0, 0x3, 0x9b, 0xff, 0xf9, 0x99, 0x95, 0x0,
    0x0, 0x0, 0x2f, 0xfb, 0x0, 0x0, 0x0, 0x0,
    0x0, 0x2, 0xff, 0xb0, 0x0, 0x0, 0x0, 0x0,

    /* U+20A4 "₤" */
    0x0, 0x0, 0x0, 0x5b, 0xdf, 0xfd, 0xa4, 0x0,
    0x0, 0x1, 0xcf, 0xff, 0xff, 0xff, 0xf0, 0x0,
    0x0, 0xdf, 0xff, 0xb9, 0xac, 0xf9, 0x0, 0x0,
    0x7f, 0xfc, 0x10, 0x0, 0x1, 0x20, 0x0, 0xc,
    0xff, 0x20, 0x0, 0x0, 0x0, 0x0, 0x0, 0xff,
    0xe0, 0x0, 0x0, 0x0, 0x0, 0x5f, 0xff, 0xff,
    0xff, 0xff, 0xf6, 0x0, 0x3, 0x99, 0xff, 0xf9,
    0x99, 0x99, 0x30, 0x0, 0x0, 0xf, 0xfd, 0x0,
    0x0, 0x0, 0x0, 0x5, 0xff, 0xff, 0xff, 0xff,
    0xff, 0x60, 0x0, 0x39, 0x9f, 0xff, 0x99, 0x99,
    0x93, 0x0, 0x0, 0x0, 0xff, 0xd0, 0x0, 0x0,
    0x0, 0x0, 0x0, 0xf, 0xfd, 0x0, 0x0, 0x0,
    0x0, 0x2, 0x67, 0xff, 0xf6, 0x66, 0x66, 0x66,
    0x50, 0x5f, 0xff, 0xff, 0xff, 0xff, 0xff, 0xfc,
    0x5, 0xff, 0xff, 0xff, 0xff, 0xff, 0xff, 0xc0,

    /* U+20A6 "₦" */
    0x0, 0xf, 0xfb, 0x0, 0x0, 0x0, 0x3, 0xff,
    0xa0, 0x0, 0x0, 0xff, 0xf7, 0x0, 0x0, 0x0,
    0x3f, 0xfa, 0x0, 0x0, 0xf, 0xff, 0xf4, 0x0,
    0x0, 0x3, 0xff, 0xa0, 0x0, 0x0, 0xff, 0xff,
    0xe1, 0x0, 0x0, 0x3f, 0xfa, 0x0, 0x0, 0xf,
    0xff, 0xff, 0xc0, 0x0, 0x3, 0xff, 0xa0, 0x0,
    0x0, 0xff, 0xff, 0xff, 0x90, 0x0, 0x3f, 0xfa,
    0x0, 0x5f, 0xff, 0xff, 0xff, 0xff, 0xff, 0xff,
    0xff, 0xff, 0xf3, 0x99, 0xff, 0xf9, 0xff, 0xff,
    0xb9, 0xcf, 0xff, 0x98, 0x0, 0xf, 0xfd, 0x0,
    0xbf, 0xfd, 0x3, 0xff, 0xa0, 0x5, 0xff, 0xff,
    0xff, 0xff, 0xff, 0xff, 0xff, 0xff, 0xff, 0x39,
    0x9f, 0xff, 0x99, 0x9b, 0xff, 0xff, 0xff, 0xf9,
    0x80, 0x0, 0xff, 0xd0, 0x0, 0x5, 0xff, 0xff,
    0xfa, 0x0, 0x0, 0xf, 0xfd, 0x0, 0x0, 0x8,
    0xff, 0xff, 0xa0, 0x0, 0x0, 0xff, 0xd0, 0x0,
    0x0, 0xb, 0xff, 0xfa, 0x0, 0x0, 0xf, 0xfd,
    0x0, 0x0, 0x0, 0x1d, 0xff, 0xa0, 0x0, 0x0,
    0xff, 0xd0, 0x0, 0x0, 0x0, 0x2f, 0xfa, 0x0,

    /* U+20A7 "₧" */
    0xff, 0xff, 0xff, 0xfe, 0xc7, 0x0, 0x0, 0x0,
    0x0, 0x0, 0x0, 0x0, 0x0, 0x0, 0x0, 0x0,
    0x0, 0xf, 0xff, 0xff, 0xff, 0xff, 0xfe, 0x30,
    0x0, 0xb, 0xff, 0x0, 0x0, 0x0, 0x0, 0x0,
    0x0, 0x0, 0x0, 0xff, 0xf7, 0x77, 0x79, 0xef,
    0xfe, 0x10, 0x0, 0xbf, 0xf0, 0x0, 0x0, 0x0,
    0x0, 0x0, 0x0, 0x0, 0xf, 0xfe, 0x0, 0x0,
    0x0, 0xbf, 0xf8, 0x0, 0xb, 0xff, 0x0, 0x0,
    0x0, 0x0, 0x0, 0x0, 0x0, 0x0, 0xff, 0xe0,
    0x0, 0x0, 0x2, 0xff, 0xc0, 0xaf, 0xff, 0xff,
    0xff, 0x20, 0x0, 0x7c, 0xef, 0xec, 0x93, 0xf,
    0xfe, 0x0, 0x0, 0x0, 0xf, 0xfe, 0xa, 0xff,
    0xff, 0xff, 0xf2, 0x0, 0xcf, 0xff, 0xff, 0xff,
    0x80, 0xff, 0xe0, 0x0, 0x0, 0x0, 0xff, 0xd0,
    0x23, 0xff, 0xf3, 0x33, 0x0, 0x7f, 0xfa, 0x43,
    0x58, 0xd1, 0xf, 0xfe, 0x0, 0x0, 0x0, 0x7f,
    0xfa, 0x0, 0xb, 0xff, 0x0, 0x0, 0xb, 0xff,
    0x0, 0x0, 0x0, 0x0, 0xff, 0xe0, 0x0, 0x2,
    0x8f, 0xff, 0x40, 0x0, 0xbf, 0xf0, 0x0, 0x0,
    0xaf, 0xfa, 0x30, 0x0, 0x0, 0xf, 0xff, 0xff,
    0xff, 0xff, 0xff, 0x80, 0x0, 0xb, 0xff, 0x0,
    0x0, 0x3, 0xff, 0xff, 0xfd, 0xa3, 0x0, 0xff,
    0xff, 0xff, 0xff, 0xfe, 0x60, 0x0, 0x0, 0xbf,
    0xf0, 0x0, 0x0, 0x2, 0xaf, 0xff, 0xff, 0xf8,
    0xf, 0xff, 0x77, 0x77, 0x53, 0x0, 0x0, 0x0,
    0xb, 0xff, 0x0, 0x0, 0x0, 0x0, 0x2, 0x59,
    0xff, 0xf1, 0xff, 0xe0, 0x0, 0x0, 0x0, 0x0,
    0x0, 0x0, 0xbf, 0xf1, 0x0, 0x0, 0x1, 0x0,
    0x0, 0x9, 0xff, 0x2f, 0xfe, 0x0, 0x0, 0x0,
    0x0, 0x0, 0x0, 0x8, 0xff, 0xa2, 0x52, 0x7,
    0xf9, 0x52, 0x25, 0xef, 0xe0, 0xff, 0xe0, 0x0,
    0x0, 0x0, 0x0, 0x0, 0x0, 0x1e, 0xff, 0xff,
    0x90, 0xef, 0xff, 0xff, 0xff, 0xf5, 0xf, 0xfe,
    0x0, 0x0, 0x0, 0x0, 0x0, 0x0, 0x0, 0x2a,
    0xef, 0xd8, 0x1, 0x7b, 0xef, 0xfd, 0x92, 0x0,

    /* U+20A9 "₩" */
    0xd, 0xff, 0x10, 0x0, 0x0, 0x1, 0xff, 0xf0,
    0x0, 0x0, 0x0, 0x2f, 0xfa, 0x0, 0x8f, 0xf6,
    0x0, 0x0, 0x0, 0x6f, 0xff, 0x50, 0x0, 0x0,
    0x7, 0xff, 0x50, 0x3, 0xff, 0xc0, 0x0, 0x0,
    0xb, 0xff, 0xfa, 0x0, 0x0, 0x0, 0xcf, 0xf0,
    0x0, 0xd, 0xff, 0x10, 0x0, 0x1, 0xff, 0xff,
    0xf0, 0x0, 0x0, 0x2f, 0xfa, 0x0, 0x0, 0x8f,
    0xf6, 0x0, 0x0, 0x6f, 0xfe, 0xff, 0x50, 0x0,
    0x7, 0xff, 0x50, 0x0, 0x3, 0xff, 0xb0, 0x0,
    0xc, 0xff, 0x3f, 0xfa, 0x0, 0x0, 0xcf, 0xf0,
    0x0, 0x5f, 0xff, 0xff, 0xff, 0xff, 0xff, 0xff,
    0xff, 0xff, 0xff, 0xff, 0xff, 0xff, 0x23, 0x99,
    0xff, 0xff, 0x99, 0xff, 0xfe, 0x9f, 0xff, 0xe9,
    0x9f, 0xff, 0xe9, 0x91, 0x0, 0x3, 0xff, 0xb0,
    0xc, 0xff, 0x0, 0x2f, 0xfa, 0x0, 0xdf, 0xf0,
    0x0, 0x5, 0xff, 0xff, 0xff, 0xff, 0xff, 0xff,
    0xff, 0xff, 0xff, 0xff, 0xff, 0xff, 0xf2, 0x39,
    0x99, 0xff, 0xff, 0xff, 0xfd, 0x99, 0x9f, 0xff,
    0xef, 0xff, 0xe9, 0x99, 0x10, 0x0, 0x3, 0xff,
    0xbc, 0xfe, 0x0, 0x0, 0x1f, 0xfa, 0xdf, 0xf0,
    0x0, 0x0, 0x0, 0x0, 0xd, 0xff, 0xff, 0x90,
    0x0, 0x0, 0xbf, 0xff, 0xfb, 0x0, 0x0, 0x0,
    0x0, 0x0, 0x8f, 0xff, 0xf3, 0x0, 0x0, 0x6,
    0xff, 0xff, 0x50, 0x0, 0x0, 0x0, 0x0, 0x3,
    0xff, 0xfd, 0x0, 0x0, 0x0, 0x1f, 0xff, 0xf0,
    0x0, 0x0, 0x0, 0x0, 0x0, 0xd, 0xff, 0x80,
    0x0, 0x0, 0x0, 0xbf, 0xfb, 0x0, 0x0, 0x0,

    /* U+20AB "₫" */
    0x0, 0x0, 0x0, 0x0, 0x0, 0x7f, 0xf4, 0x0,
    0x0, 0x0, 0x0, 0x0, 0x0, 0x7f, 0xf4, 0x0,
    0x0, 0x0, 0x0, 0xcf, 0xff, 0xff, 0xff, 0xf1,
    0x0, 0x0, 0x0, 0x68, 0x88, 0xff, 0xfd, 0x80,
    0x0, 0x0, 0x0, 0x0, 0x0, 0x7f, 0xf4, 0x0,
    0x0, 0x2, 0x8d, 0xfe, 0xb3, 0x7f, 0xf4, 0x0,
    0x0, 0x4f, 0xff, 0xff, 0xff, 0xdf, 0xf4, 0x0,
    0x2, 0xff, 0xfb, 0x66, 0xaf, 0xff, 0xf4, 0x0,
    0xa, 0xff, 0x80, 0x0, 0x5, 0xff, 0xf4, 0x0,
    0xf, 0xfe, 0x0, 0x0, 0x0, 0xff, 0xf4, 0x0,
    0x1f, 0xfa, 0x0, 0x0, 0x0, 0xbf, 0xf4, 0x0,
    0x1f, 0xfa, 0x0, 0x0, 0x0, 0xbf, 0xf4, 0x0,
    0xf, 0xfe, 0x0, 0x0, 0x0, 0xff, 0xf4, 0x0,
    0xa, 0xff, 0x80, 0x0, 0x5, 0xff, 0xf4, 0x0,
    0x2, 0xff, 0xfc, 0x76, 0xaf, 0xff, 0xf4, 0x0,
    0x0, 0x4f, 0xff, 0xff, 0xff, 0xcf, 0xf4, 0x0,
    0x0, 0x2, 0x8d, 0xfe, 0xb4, 0x5f, 0xf4, 0x0,
    0x0, 0x0, 0x0, 0x0, 0x0, 0x0, 0x0, 0x0,
    0x5, 0x88, 0x88, 0x88, 0x88, 0x88, 0x82, 0x0,
    0xb, 0xff, 0xff, 0xff, 0xff, 0xff, 0xf5, 0x0,

    /* U+20AC "€" */
    0x0, 0x0, 0x0, 0x4, 0x9d, 0xff, 0xda, 0x50,
    0x0, 0x0, 0x0, 0x1, 0xbf, 0xff, 0xff, 0xff,
    0xfc, 0x20, 0x0, 0x0, 0x1e, 0xff, 0xfc, 0x98,
    0xaf, 0xff, 0xd0, 0x0, 0x0, 0xcf, 0xfd, 0x30,
    0x0, 0x0, 0x8e, 0x30, 0x0, 0x5, 0xff, 0xd1,
    0x0, 0x0, 0x0, 0x0, 0x0, 0x39, 0x9f, 0xff,
    0xd9, 0x99, 0x99, 0x40, 0x0, 0x0, 0x5f, 0xff,
    0xff, 0xff, 0xff, 0xff, 0x80, 0x0, 0x0, 0x0,
    0x1f, 0xfc, 0x0, 0x0, 0x0, 0x0, 0x0, 0x0,
    0x0, 0x1f, 0xfc, 0x0, 0x0, 0x0, 0x0, 0x0,
    0x0, 0x5f, 0xff, 0xff, 0xff, 0xff, 0xff, 0x80,
    0x0, 0x0, 0x39, 0x9f, 0xff, 0xd9, 0x99, 0x99,
    0x40, 0x0, 0x0, 0x0, 0x5, 0xff, 0xd1, 0x0,
    0x0, 0x0, 0x1, 0x0, 0x0, 0x0, 0xcf, 0xfd,
    0x30, 0x0, 0x0, 0x8e, 0x30, 0x0, 0x0, 0x1e,
    0xff, 0xfc, 0x98, 0xaf, 0xff, 0xe0, 0x0, 0x0,
    0x1, 0xbf, 0xff, 0xff, 0xff, 0xfc, 0x20, 0x0,
    0x0, 0x0, 0x4, 0x9d, 0xff, 0xda, 0x50, 0x0,

    /* U+20AD "₭" */
    0x0, 0x2f, 0xfa, 0x0, 0x0, 0x5, 0xff, 0xe1,
    0x0, 0x2f, 0xfa, 0x0, 0x0, 0x2f, 0xff, 0x30,
    0x0, 0x2f, 0xfa, 0x0, 0x1, 0xdf, 0xf6, 0x0,
    0x0, 0x2f, 0xfa, 0x0, 0xb, 0xff, 0x90, 0x0,
    0x0, 0x2f, 0xfa, 0x0, 0x8f, 0xfc, 0x0, 0x0,
    0x0, 0x2f, 0xfa, 0x5, 0xff, 0xe1, 0x0, 0x0,
    0x0, 0x2f, 0xfa, 0x3f, 0xff, 0x30, 0x0, 0x0,
    0x4d, 0xff, 0xff, 0xff, 0xff, 0xdd, 0xd9, 0x0,
    0x5f, 0xff, 0xff, 0xff, 0xff, 0xff, 0xfc, 0x0,
    0x0, 0x2f, 0xfa, 0x4f, 0xfe, 0x20, 0x0, 0x0,
    0x0, 0x2f, 0xfa, 0x7, 0xff, 0xd0, 0x0, 0x0,
    0x0, 0x2f, 0xfa, 0x0, 0xaf, 0xfb, 0x0, 0x0,
    0x0, 0x2f, 0xfa, 0x0, 0xc, 0xff, 0x80, 0x0,
    0x0, 0x2f, 0xfa, 0x0, 0x1, 0xef, 0xf5, 0x0,
    0x0, 0x2f, 0xfa, 0x0, 0x0, 0x3f, 0xff, 0x30,
    0x0, 0x2f, 0xfa, 0x0, 0x0, 0x5, 0xff, 0xe1,

    /* U+20AE "₮" */
    0xef, 0xff, 0xff, 0xff, 0xff, 0xff, 0xf2, 0xef,
    0xff, 0xff, 0xff, 0xff, 0xff, 0xf2, 0x67, 0x77,
    0x7f, 0xff, 0x87, 0x77, 0x71, 0x0, 0x0, 0xd,
    0xff, 0x0, 0x0, 0x0, 0x0, 0x0, 0xd, 0xff,
    0x0, 0x64, 0x0, 0x0, 0x0, 0xd, 0xff, 0x7e,
    0xf5, 0x0, 0x0, 0x0, 0xd, 0xff, 0xfc, 0x40,
    0x0, 0x0, 0x0, 0x5f, 0xff, 0x50, 0x22, 0x0,
    0x0, 0x5d, 0xff, 0xff, 0x3a, 0xf5, 0x0, 0x2,
    0xfd, 0x5d, 0xff, 0xff, 0x81, 0x0, 0x1, 0x50,
    0x1f, 0xff, 0x91, 0x0, 0x0, 0x0, 0x19, 0xff,
    0xff, 0x0, 0x0, 0x0, 0x1, 0xff, 0x9e, 0xff,
    0x0, 0x0, 0x0, 0x2, 0x92, 0xd, 0xff, 0x0,
    0x0, 0x0, 0x0, 0x0, 0xd, 0xff, 0x0, 0x0,
    0x0, 0x0, 0x0, 0xd, 0xff, 0x0, 0x0, 0x0,

    /* U+20B1 "₱" */
    0x0, 0xf, 0xff, 0xff, 0xff, 0xeb, 0x60, 0x0,
    0x0, 0x0, 0x0, 0xff, 0xff, 0xff, 0xff, 0xff,
    0xd2, 0x0, 0x0, 0x0, 0xf, 0xff, 0x77, 0x77,
    0xaf, 0xff, 0xd0, 0x0, 0x0, 0x0, 0xff, 0xd0,
    0x0, 0x0, 0x1d, 0xff, 0x60, 0x0, 0x5f, 0xff,
    0xff, 0xff, 0xff, 0xff, 0xff, 0xff, 0xff, 0x23,
    0x89, 0xff, 0xf8, 0x88, 0x88, 0x8a, 0xff, 0xf8,
    0x81, 0x0, 0xf, 0xfd, 0x0, 0x0, 0x0, 0x2f,
    0xfc, 0x0, 0x5, 0xff, 0xff, 0xff, 0xff, 0xff,
    0xff, 0xff, 0xff, 0xf2, 0x28, 0x9f, 0xff, 0x88,
    0x89, 0xbf, 0xff, 0xfb, 0x88, 0x10, 0x0, 0xff,
    0xff, 0xff, 0xff, 0xff, 0xf7, 0x0, 0x0, 0x0,
    0xf, 0xff, 0xff, 0xff, 0xff, 0xd4, 0x0, 0x0,
    0x0, 0x0, 0xff, 0xf7, 0x77, 0x65, 0x20, 0x0,
    0x0, 0x0, 0x0, 0xf, 0xfd, 0x0, 0x0, 0x0,
    0x0, 0x0, 0x0, 0x0, 0x0, 0xff, 0xd0, 0x0,
    0x0, 0x0, 0x0, 0x0, 0x0, 0x0, 0xf, 0xfd,
    0x0, 0x0, 0x0, 0x0, 0x0, 0x0, 0x0, 0x0,
    0xff, 0xd0, 0x0, 0x0, 0x0, 0x0, 0x0, 0x0,

    /* U+20B2 "₲" */
    0x0, 0x0, 0x0, 0x0, 0x77, 0x0, 0x0, 0x0,
    0x0, 0x0, 0x0, 0x0, 0xee, 0x0, 0x0, 0x0,
    0x0, 0x0, 0x0, 0x0, 0xee, 0x0, 0x0, 0x0,
    0x0, 0x0, 0x2, 0x8c, 0xff, 0xeb, 0x71, 0x0,
    0x0, 0x0, 0xaf, 0xff, 0xff, 0xff, 0xfe, 0x50,
    0x0, 0xd, 0xff, 0xfd, 0xff, 0xae, 0xff, 0xf3,
    0x0, 0xaf, 0xfe, 0x40, 0xee, 0x0, 0x6f, 0x80,
    0x4, 0xff, 0xe2, 0x0, 0xee, 0x0, 0x1, 0x0,
    0xa, 0xff, 0x60, 0x0, 0xee, 0x0, 0x0, 0x0,
    0xe, 0xff, 0x0, 0x0, 0xee, 0x0, 0x0, 0x0,
    0xf, 0xfe, 0x0, 0x0, 0xee, 0x0, 0x12, 0x20,
    0xf, 0xfe, 0x0, 0x0, 0xee, 0x0, 0x6f, 0xf4,
    0xe, 0xff, 0x10, 0x0, 0xee, 0x0, 0x6f, 0xf4,
    0xa, 0xff, 0x60, 0x0, 0xee, 0x0, 0x6f, 0xf4,
    0x4, 0xff, 0xe2, 0x0, 0xee, 0x0, 0x6f, 0xf4,
    0x0, 0xbf, 0xfe, 0x40, 0xee, 0x0, 0xbf, 0xf4,
    0x0, 0xd, 0xff, 0xfd, 0xff, 0xad, 0xff, 0xf5,
    0x0, 0x0, 0xaf, 0xff, 0xff, 0xff, 0xff, 0x80,
    0x0, 0x0, 0x3, 0x9d, 0xff, 0xeb, 0x71, 0x0,
    0x0, 0x0, 0x0, 0x0, 0xee, 0x0, 0x0, 0x0,
    0x0, 0x0, 0x0, 0x0, 0xee, 0x0, 0x0, 0x0,
    0x0, 0x0, 0x0, 0x0, 0x77, 0x0, 0x0, 0x0,

    /* U+20B4 "₴" */
    0x0, 0x2, 0x8c, 0xef, 0xfd, 0x93, 0x0, 0x0,
    0x0, 0x1f, 0xff, 0xff, 0xff, 0xff, 0x80, 0x0,
    0x0, 0xd, 0xfb, 0x97, 0x7a, 0xff, 0xf6, 0x0,
    0x0, 0x2, 0x0, 0x0, 0x0, 0x3f, 0xfd, 0x0,
    0x0, 0x0, 0x0, 0x0, 0x0, 0xe, 0xff, 0x0,
    0x28, 0x88, 0x88, 0x88, 0x8b, 0xff, 0xff, 0x82,
    0x5f, 0xff, 0xff, 0xff, 0xff, 0xff, 0xff, 0xf5,
    0x0, 0x0, 0x0, 0x0, 0x0, 0x0, 0x0, 0x0,
    0x28, 0x88, 0x88, 0x88, 0x88, 0x88, 0x88, 0x82,
    0x5f, 0xff, 0xff, 0xff, 0xff, 0xff, 0xff, 0xf5,
    0x0, 0xef, 0xf5, 0x0, 0x0, 0x0, 0x0, 0x0,
    0x0, 0xff, 0xe0, 0x0, 0x0, 0x0, 0x0, 0x0,
    0x0, 0xcf, 0xf4, 0x0, 0x0, 0x0, 0x68, 0x0,
    0x0, 0x5f, 0xff, 0xa7, 0x78, 0xbf, 0xfe, 0x0,
    0x0, 0x7, 0xff, 0xff, 0xff, 0xff, 0xfb, 0x10,
    0x0, 0x0, 0x29, 0xde, 0xfe, 0xc8, 0x30, 0x0,

    /* U+20B5 "₵" */
    0x0, 0x0, 0x0, 0x0, 0x77, 0x0, 0x0, 0x0,
    0x0, 0x0, 0x0, 0x0, 0xee, 0x0, 0x0, 0x0,
    0x0, 0x0, 0x0, 0x0, 0xee, 0x0, 0x0, 0x0,
    0x0, 0x0, 0x3, 0x9d, 0xff, 0xeb, 0x60, 0x0,
    0x0, 0x0, 0xaf, 0xff, 0xff, 0xff, 0xfd, 0x30,
    0x0, 0xd, 0xff, 0xfd, 0xff, 0xae, 0xff, 0xf1,
    0x0, 0xbf, 0xfe, 0x40, 0xee, 0x0, 0x8f, 0x60,
    0x4, 0xff, 0xe1, 0x0, 0xee, 0x0, 0x2, 0x0,
    0xa, 0xff, 0x60, 0x0, 0xee, 0x0, 0x0, 0x0,
    0xe, 0xff, 0x0, 0x0, 0xee, 0x0, 0x0, 0x0,
    0xf, 0xfe, 0x0, 0x0, 0xee, 0x0, 0x0, 0x0,
    0xf, 0xfe, 0x0, 0x0, 0xee, 0x0, 0x0, 0x0,
    0xe, 0xff, 0x0, 0x0, 0xee, 0x0, 0x0, 0x0,
    0xa, 0xff, 0x60, 0x0, 0xee, 0x0, 0x0, 0x0,
    0x4, 0xff, 0xe1, 0x0, 0xee, 0x0, 0x2, 0x0,
    0x0, 0xbf, 0xfe, 0x40, 0xee, 0x0, 0x8f, 0x60,
    0x0, 0xd, 0xff, 0xfd, 0xff, 0xae, 0xff, 0xf1,
    0x0, 0x0, 0xaf, 0xff, 0xff, 0xff, 0xfd, 0x30,
    0x0, 0x0, 0x3, 0x9d, 0xff, 0xeb, 0x60, 0x0,
    0x0, 0x0, 0x0, 0x0, 0xee, 0x0, 0x0, 0x0,
    0x0, 0x0, 0x0, 0x0, 0xee, 0x0, 0x0, 0x0,
    0x0, 0x0, 0x0, 0x0, 0x77, 0x0, 0x0, 0x0,

    /* U+20B8 "₸" */
    0x7f, 0xff, 0xff, 0xff, 0xff, 0xff, 0xf9, 0x49,
    0x99, 0x99, 0x99, 0x99, 0x99, 0x95, 0x0, 0x0,
    0x0, 0x0, 0x0, 0x0, 0x0, 0x49, 0x99, 0x99,
    0x99, 0x99, 0x99, 0x95, 0x7f, 0xff, 0xff, 0xff,
    0xff, 0xff, 0xf9, 0x0, 0x0, 0x5, 0xff, 0x70,
    0x0, 0x0, 0x0, 0x0, 0x5, 0xff, 0x70, 0x0,
    0x0, 0x0, 0x0, 0x5, 0xff, 0x70, 0x0, 0x0,
    0x0, 0x0, 0x5, 0xff, 0x70, 0x0, 0x0, 0x0,
    0x0, 0x5, 0xff, 0x70, 0x0, 0x0, 0x0, 0x0,
    0x5, 0xff, 0x70, 0x0, 0x0, 0x0, 0x0, 0x5,
    0xff, 0x70, 0x0, 0x0, 0x0, 0x0, 0x5, 0xff,
    0x70, 0x0, 0x0, 0x0, 0x0, 0x5, 0xff, 0x70,
    0x0, 0x0, 0x0, 0x0, 0x5, 0xff, 0x70, 0x0,
    0x0, 0x0, 0x0, 0x5, 0xff, 0x70, 0x0, 0x0,

    /* U+20B9 "₹" */
    0x16, 0x66, 0x66, 0x66, 0x66, 0x66, 0x66, 0x53,
    0xff, 0xff, 0xff, 0xff, 0xff, 0xff, 0xfc, 0x2,
    0x22, 0x22, 0x25, 0xcf, 0xfb, 0x22, 0x11, 0x55,
    0x55, 0x55, 0x55, 0xff, 0xf9, 0x54, 0x3f, 0xff,
    0xff, 0xff, 0xff, 0xff, 0xff, 0xc0, 0x33, 0x33,
    0x33, 0x33, 0x6f, 0xfe, 0x32, 0x0, 0x0, 0x0,
    0x0, 0x5, 0xff, 0x90, 0x0, 0x0, 0x0, 0x0,
    0x2, 0xef, 0xf5, 0x0, 0x0, 0x88, 0x88, 0x9b,
    0xff, 0xfd, 0x0, 0x0, 0xf, 0xff, 0xff, 0xff,
    0xfc, 0x10, 0x0, 0x0, 0xcd, 0xdd, 0xff, 0xfb,
    0x0, 0x0, 0x0, 0x0, 0x0, 0x1, 0xef, 0xf1,
    0x0, 0x0, 0x0, 0x0, 0x0, 0x5, 0xff, 0xb0,
    0x0, 0x0, 0x0, 0x0, 0x0, 0xb, 0xff, 0x60,
    0x0, 0x0, 0x0, 0x0, 0x0, 0x1f, 0xfe, 0x10,
    0x0, 0x0, 0x0, 0x0, 0x0, 0x6f, 0xfb, 0x0,

    /* U+20BA "₺" */
    0x0, 0xf, 0xfc, 0x0, 0x0, 0x1, 0x0, 0x0,
    0x0, 0xf, 0xfc, 0x0, 0x5, 0xd6, 0x0, 0x0,
    0x0, 0xf, 0xfc, 0x3, 0xcf, 0xd2, 0x0, 0x0,
    0x0, 0xf, 0xfe, 0xaf, 0xe6, 0x0, 0x0, 0x0,
    0x0, 0xf, 0xff, 0xf7, 0x1, 0x95, 0x0, 0x0,
    0x0, 0x7f, 0xff, 0x10, 0x7f, 0xf4, 0x0, 0x0,
    0x2d, 0xff, 0xfc, 0x6e, 0xfa, 0x20, 0x0, 0x0,
    0x5c, 0x4f, 0xff, 0xfc, 0x30, 0x0, 0x1, 0x10,
    0x0, 0x3f, 0xff, 0x40, 0x0, 0x0, 0xaf, 0xf2,
    0x1a, 0xff, 0xfc, 0x0, 0x0, 0x0, 0xcf, 0xf1,
    0x5f, 0x8f, 0xfc, 0x0, 0x0, 0x1, 0xff, 0xe0,
    0x21, 0xf, 0xfc, 0x0, 0x0, 0x9, 0xff, 0x80,
    0x0, 0xf, 0xfc, 0x0, 0x0, 0x8f, 0xfe, 0x10,
    0x0, 0xf, 0xfd, 0x67, 0x9e, 0xff, 0xf4, 0x0,
    0x0, 0xf, 0xff, 0xff, 0xff, 0xfd, 0x30, 0x0,
    0x0, 0xf, 0xff, 0xfe, 0xc8, 0x30, 0x0, 0x0,

    /* U+20BC "₼" */
    0x0, 0x0, 0x0, 0xd, 0xf0, 0x0, 0x0, 0x0,
    0x0, 0x0, 0x0, 0x0, 0xdf, 0x0, 0x0, 0x0,
    0x0, 0x0, 0x0, 0x39, 0xdf, 0xfd, 0xa4, 0x0,
    0x0, 0x0, 0x0, 0x9f, 0xff, 0xff, 0xff, 0xfb,
    0x0, 0x0, 0x0, 0xcf, 0xff, 0xbf, 0xfb, 0xff,
    0xfd, 0x0, 0x0, 0x8f, 0xfc, 0x20, 0xdf, 0x1,
    0xaf, 0xf9, 0x0, 0x1f, 0xfd, 0x0, 0xd, 0xf0,
    0x0, 0xbf, 0xf2, 0x7, 0xff, 0x40, 0x0, 0xdf,
    0x0, 0x3, 0xff, 0x80, 0xbf, 0xf0, 0x0, 0xd,
    0xf0, 0x0, 0xe, 0xfc, 0xd, 0xfd, 0x0, 0x0,
    0xdf, 0x0, 0x0, 0xbf, 0xf0, 0xef, 0xc0, 0x0,
    0xd, 0xf0, 0x0, 0xa, 0xff, 0xf, 0xfb, 0x0,
    0x0, 0xdf, 0x0, 0x0, 0xaf, 0xf0, 0xff, 0xb0,
    0x0, 0xd, 0xf0, 0x0, 0xa, 0xff, 0xf, 0xfb,
    0x0, 0x0, 0xdf, 0x0, 0x0, 0xaf, 0xf0, 0xff,
    0xb0, 0x0, 0xd, 0xf0, 0x0, 0xa, 0xff, 0xf,
    0xfb, 0x0, 0x0, 0x34, 0x0, 0x0, 0xaf, 0xf0,
    0xff, 0xb0, 0x0, 0x0, 0x0, 0x0, 0xa, 0xff,
    0xf, 0xfb, 0x0, 0x0, 0x0, 0x0, 0x0, 0xaf,
    0xf0,

    /* U+20BD "₽" */
    0x0, 0x2f, 0xff, 0xff, 0xff, 0xeb, 0x60, 0x0,
    0x0, 0x2f, 0xff, 0xff, 0xff, 0xff, 0xfd, 0x20,
    0x0, 0x2f, 0xff, 0x77, 0x77, 0xaf, 0xff, 0xe0,
    0x0, 0x2f, 0xfb, 0x0, 0x0, 0x1, 0xdf, 0xf6,
    0x0, 0x2f, 0xfb, 0x0, 0x0, 0x0, 0x5f, 0xfa,
    0x0, 0x2f, 0xfb, 0x0, 0x0, 0x0, 0x3f, 0xfb,
    0x0, 0x2f, 0xfb, 0x0, 0x0, 0x0, 0x5f, 0xfa,
    0x0, 0x2f, 0xfb, 0x0, 0x0, 0x0, 0xdf, 0xf6,
    0x0, 0x2f, 0xff, 0x55, 0x55, 0x8e, 0xff, 0xe0,
    0x0, 0x2f, 0xff, 0xff, 0xff, 0xff, 0xfd, 0x20,
    0x0, 0x2f, 0xff, 0xff, 0xff, 0xeb, 0x60, 0x0,
    0x0, 0x2f, 0xfb, 0x0, 0x0, 0x0, 0x0, 0x0,
    0x5f, 0xff, 0xff, 0xff, 0xff, 0x90, 0x0, 0x0,
    0x39, 0xbf, 0xff, 0x99, 0x99, 0x50, 0x0, 0x0,
    0x0, 0x2f, 0xfb, 0x0, 0x0, 0x0, 0x0, 0x0,
    0x0, 0x2f, 0xfb, 0x0, 0x0, 0x0, 0x0, 0x0,

    /* U+20BF "₿" */
    0x0, 0x0, 0xfc, 0x5, 0xf7, 0x0, 0x0, 0x0,
    0x0, 0xf, 0xc0, 0x5f, 0x70, 0x0, 0x0, 0x6f,
    0xff, 0xff, 0xff, 0xff, 0x92, 0x0, 0x6, 0xff,
    0xff, 0xff, 0xff, 0xff, 0xf4, 0x0, 0x6f, 0xf9,
    0x44, 0x44, 0x6b, 0xff, 0xe1, 0x6, 0xff, 0x70,
    0x0, 0x0, 0xb, 0xff, 0x50, 0x6f, 0xf7, 0x0,
    0x0, 0x0, 0x7f, 0xf7, 0x6, 0xff, 0x70, 0x0,
    0x0, 0x9, 0xff, 0x50, 0x6f, 0xf7, 0x0, 0x0,
    0x17, 0xff, 0xf1, 0x6, 0xff, 0xff, 0xff, 0xff,
    0xff, 0xf6, 0x0, 0x6f, 0xff, 0xff, 0xff, 0xff,
    0xfd, 0x20, 0x6, 0xff, 0x93, 0x33, 0x34, 0x6c,
    0xff, 0x50, 0x6f, 0xf7, 0x0, 0x0, 0x0, 0xd,
    0xfe, 0x6, 0xff, 0x70, 0x0, 0x0, 0x0, 0xaf,
    0xf3, 0x6f, 0xf7, 0x0, 0x0, 0x0, 0xe, 0xff,
    0x36, 0xff, 0x94, 0x44, 0x44, 0x6d, 0xff, 0xe0,
    0x6f, 0xff, 0xff, 0xff, 0xff, 0xff, 0xf4, 0x6,
    0xff, 0xff, 0xff, 0xff, 0xfc, 0x81, 0x0, 0x0,
    0x0, 0xfc, 0x5, 0xf7, 0x0, 0x0, 0x0, 0x0,
    0xf, 0xc0, 0x5f, 0x70, 0x0, 0x0, 0x0, 0x0,
    0x86, 0x2, 0x83, 0x0, 0x0, 0x0,

    /* U+2190 "←" */
    0x0, 0x2, 0xcc, 0x20, 0x0, 0x0, 0x0, 0xcf,
    0xa0, 0x0, 0x0, 0x0, 0x7f, 0xf1, 0x0, 0x0,
    0x0, 0x2f, 0xf7, 0x0, 0x0, 0x0, 0xc, 0xff,
    0xff, 0xff, 0xff, 0xe0, 0xcf, 0xff, 0xff, 0xff,
    0xfe, 0x2, 0xff, 0x70, 0x0, 0x0, 0x0, 0x6,
    0xff, 0x20, 0x0, 0x0, 0x0, 0xc, 0xfb, 0x0,
    0x0, 0x0, 0x0, 0x2b, 0xb2, 0x0, 0x0,

    /* U+2191 "↑" */
    0x0, 0x0, 0x0, 0x0, 0x0, 0x0, 0x4, 0xeb,
    0x10, 0x0, 0x0, 0x9f, 0xff, 0xe5, 0x0, 0x4e,
    0xff, 0xff, 0xff, 0xb1, 0xef, 0xb6, 0xfe, 0x5e,
    0xf8, 0xc5, 0x4, 0xfe, 0x1, 0x98, 0x0, 0x4,
    0xfe, 0x0, 0x0, 0x0, 0x4, 0xfe, 0x0, 0x0,
    0x0, 0x4, 0xfe, 0x0, 0x0, 0x0, 0x4, 0xfe,
    0x0, 0x0, 0x0, 0x4, 0xfe, 0x0, 0x0,

    /* U+2192 "→" */
    0x0, 0x0, 0x2c, 0xc3, 0x0, 0x0, 0x0, 0x0,
    0x9f, 0xd0, 0x0, 0x0, 0x0, 0x1, 0xef, 0x80,
    0x0, 0x0, 0x0, 0x6, 0xff, 0x30, 0xdf, 0xff,
    0xff, 0xff, 0xfd, 0xd, 0xff, 0xff, 0xff, 0xff,
    0xc0, 0x0, 0x0, 0x0, 0x6f, 0xf2, 0x0, 0x0,
    0x0, 0x1e, 0xf7, 0x0, 0x0, 0x0, 0xa, 0xfc,
    0x0, 0x0, 0x0, 0x2, 0xbb, 0x20, 0x0,

    /* U+2193 "↓" */
    0x0, 0x0, 0x10, 0x0, 0x0, 0x0, 0x3, 0xfe,
    0x0, 0x0, 0x0, 0x3, 0xfe, 0x0, 0x0, 0x0,
    0x3, 0xfe, 0x0, 0x0, 0x0, 0x3, 0xfe, 0x0,
    0x0, 0x10, 0x3, 0xfe, 0x0, 0x1, 0xd7, 0x3,
    0xfe, 0x1, 0xa8, 0xdf, 0xd7, 0xfe, 0x6f, 0xf8,
    0x2c, 0xff, 0xff, 0xff, 0x90, 0x0, 0x8f, 0xff,
    0xe4, 0x0, 0x0, 0x3, 0xda, 0x10, 0x0, 0x0,
    0x0, 0x0, 0x0, 0x0,

    /* U+2194 "↔" */
    0x0, 0xb, 0xc5, 0x0, 0x3, 0xcc, 0x10, 0x0,
    0x0, 0x9f, 0xd0, 0x0, 0x0, 0xbf, 0xb0, 0x0,
    0x4, 0xff, 0x30, 0x0, 0x0, 0x2f, 0xf6, 0x0,
    0xe, 0xfa, 0x0, 0x0, 0x0, 0x8, 0xff, 0x10,
    0x9f, 0xff, 0xff, 0xff, 0xff, 0xff, 0xff, 0xb0,
    0x8f, 0xff, 0xff, 0xff, 0xff, 0xff, 0xff, 0xa0,
    0xd, 0xfa, 0x0, 0x0, 0x0, 0x8, 0xfe, 0x10,
    0x3, 0xff, 0x40, 0x0, 0x0, 0x3f, 0xf5, 0x0,
    0x0, 0x8f, 0xe0, 0x0, 0x0, 0xcf, 0xa0, 0x0,
    0x0, 0xa, 0xb5, 0x0, 0x3, 0xbb, 0x10, 0x0,

    /* U+2195 "↕" */
    0x0, 0x1, 0xa6, 0x0, 0x0, 0x0, 0x4e, 0xff,
    0xb1, 0x0, 0x9, 0xff, 0xff, 0xfe, 0x50, 0xcf,
    0xfb, 0xff, 0xbf, 0xf7, 0xeb, 0x14, 0xfe, 0x5,
    0xe8, 0x40, 0x4, 0xfe, 0x0, 0x3, 0x0, 0x4,
    0xfe, 0x0, 0x0, 0x0, 0x4, 0xfe, 0x0, 0x0,
    0x0, 0x4, 0xfe, 0x0, 0x0, 0xd5, 0x4, 0xfe,
    0x1, 0x97, 0xef, 0xb6, 0xfe, 0x5e, 0xf7, 0x4e,
    0xff, 0xff, 0xff, 0xb1, 0x1, 0xaf, 0xff, 0xf6,
    0x0, 0x0, 0x5, 0xec, 0x20, 0x0, 0x0, 0x0,
    0x10, 0x0, 0x0,

    /* U+2196 "↖" */
    0x0, 0x3, 0x6a, 0xd4, 0x0, 0xa, 0xff, 0xff,
    0xfd, 0x10, 0xf, 0xff, 0xc5, 0x10, 0x0, 0x2f,
    0xff, 0xe2, 0x0, 0x0, 0x5f, 0xbe, 0xfe, 0x20,
    0x0, 0x8f, 0x52, 0xef, 0xe2, 0x0, 0xbf, 0x20,
    0x2e, 0xfe, 0x20, 0x3d, 0x0, 0x2, 0xef, 0xe0,
    0x1, 0x0, 0x0, 0x2e, 0x40, 0x0, 0x0, 0x0,
    0x0, 0x0,

    /* U+2197 "↗" */
    0x0, 0x89, 0x63, 0x0, 0x0, 0x7, 0xff, 0xff,
    0xfc, 0x20, 0x0, 0x15, 0x9f, 0xff, 0x60, 0x0,
    0x0, 0x7f, 0xff, 0xa0, 0x0, 0x7, 0xff, 0xdf,
    0xd0, 0x0, 0x7f, 0xfa, 0xe, 0xf0, 0x7, 0xff,
    0xa0, 0xa, 0xf3, 0x6f, 0xfa, 0x0, 0x7, 0xc0,
    0x1d, 0xa0, 0x0, 0x1, 0x0, 0x1, 0x0, 0x0,
    0x0, 0x0,

    /* U+2198 "↘" */
    0x3, 0x10, 0x0, 0x0, 0x0, 0x3f, 0xd1, 0x0,
    0x3, 0x20, 0x3f, 0xfd, 0x10, 0x7, 0xe1, 0x3,
    0xff, 0xd1, 0xb, 0xf2, 0x0, 0x3f, 0xfd, 0x2e,
    0xf0, 0x0, 0x3, 0xff, 0xff, 0xc0, 0x0, 0x0,
    0x3f, 0xff, 0x90, 0x2, 0x6a, 0xef, 0xff, 0x60,
    0x5, 0xff, 0xfe, 0xb8, 0x10, 0x0, 0x45, 0x20,
    0x0, 0x0,

    /* U+2199 "↙" */
    0x0, 0x0, 0x0, 0x7, 0x0, 0x8, 0x0, 0x0,
    0x9f, 0xc0, 0x9f, 0x0, 0x9, 0xff, 0x80, 0xaf,
    0x40, 0x9f, 0xf8, 0x0, 0x7f, 0x89, 0xff, 0x80,
    0x0, 0x4f, 0xff, 0xf8, 0x0, 0x0, 0xf, 0xff,
    0xa0, 0x0, 0x0, 0xd, 0xff, 0xfe, 0xa6, 0x10,
    0x3, 0x7b, 0xef, 0xfa, 0x0, 0x0, 0x0, 0x1,
    0x40, 0x0
};


/*---------------------
 *  GLYPH DESCRIPTION
 *--------------------*/

static const lv_font_fmt_txt_glyph_dsc_t glyph_dsc[] = {
    {.bitmap_index = 0, .adv_w = 0, .box_w = 0, .box_h = 0, .ofs_x = 0, .ofs_y = 0} /* id = 0 reserved */,
    {.bitmap_index = 0, .adv_w = 97, .box_w = 0, .box_h = 0, .ofs_x = 0, .ofs_y = 0},
    {.bitmap_index = 0, .adv_w = 98, .box_w = 4, .box_h = 16, .ofs_x = 1, .ofs_y = 0},
    {.bitmap_index = 32, .adv_w = 145, .box_w = 7, .box_h = 7, .ofs_x = 1, .ofs_y = 9},
    {.bitmap_index = 57, .adv_w = 250, .box_w = 16, .box_h = 16, .ofs_x = 0, .ofs_y = 0},
    {.bitmap_index = 185, .adv_w = 221, .box_w = 14, .box_h = 22, .ofs_x = 0, .ofs_y = -3},
    {.bitmap_index = 339, .adv_w = 303, .box_w = 19, .box_h = 16, .ofs_x = 0, .ofs_y = 0},
    {.bitmap_index = 491, .adv_w = 249, .box_w = 16, .box_h = 17, .ofs_x = 0, .ofs_y = -1},
    {.bitmap_index = 627, .adv_w = 77, .box_w = 3, .box_h = 7, .ofs_x = 1, .ofs_y = 9},
    {.bitmap_index = 638, .adv_w = 122, .box_w = 7, .box_h = 21, .ofs_x = 1, .ofs_y = -4},
    {.bitmap_index = 712, .adv_w = 122, .box_w = 6, .box_h = 21, .ofs_x = 0, .ofs_y = -4},
    {.bitmap_index = 775, .adv_w = 146, .box_w = 9, .box_h = 9, .ofs_x = 0, .ofs_y = 8},
    {.bitmap_index = 816, .adv_w = 208, .box_w = 11, .box_h = 10, .ofs_x = 1, .ofs_y = 3},
    {.bitmap_index = 871, .adv_w = 86, .box_w = 5, .box_h = 8, .ofs_x = 0, .ofs_y = -4},
    {.bitmap_index = 891, .adv_w = 136, .box_w = 7, .box_h = 3, .ofs_x = 1, .ofs_y = 5},
    {.bitmap_index = 902, .adv_w = 86, .box_w = 5, .box_h = 4, .ofs_x = 0, .ofs_y = 0},
    {.bitmap_index = 912, .adv_w = 131, .box_w = 11, .box_h = 21, .ofs_x = -1, .ofs_y = -2},
    {.bitmap_index = 1028, .adv_w = 237, .box_w = 14, .box_h = 16, .ofs_x = 0, .ofs_y = 0},
    {.bitmap_index = 1140, .adv_w = 134, .box_w = 7, .box_h = 16, .ofs_x = 0, .ofs_y = 0},
    {.bitmap_index = 1196, .adv_w = 205, .box_w = 13, .box_h = 16, .ofs_x = 0, .ofs_y = 0},
    {.bitmap_index = 1300, .adv_w = 205, .box_w = 12, .box_h = 16, .ofs_x = 0, .ofs_y = 0},
    {.bitmap_index = 1396, .adv_w = 239, .box_w = 15, .box_h = 16, .ofs_x = 0, .ofs_y = 0},
    {.bitmap_index = 1516, .adv_w = 206, .box_w = 13, .box_h = 16, .ofs_x = 0, .ofs_y = 0},
    {.bitmap_index = 1620, .adv_w = 221, .box_w = 14, .box_h = 16, .ofs_x = 0, .ofs_y = 0},
    {.bitmap_index = 1732, .adv_w = 214, .box_w = 13, .box_h = 16, .ofs_x = 0, .ofs_y = 0},
    {.bitmap_index = 1836, .adv_w = 230, .box_w = 14, .box_h = 16, .ofs_x = 0, .ofs_y = 0},
    {.bitmap_index = 1948, .adv_w = 221, .box_w = 13, .box_h = 16, .ofs_x = 0, .ofs_y = 0},
    {.bitmap_index = 2052, .adv_w = 86, .box_w = 5, .box_h = 12, .ofs_x = 0, .ofs_y = 0},
    {.bitmap_index = 2082, .adv_w = 86, .box_w = 5, .box_h = 16, .ofs_x = 0, .ofs_y = -4},
    {.bitmap_index = 2122, .adv_w = 208, .box_w = 11, .box_h = 11, .ofs_x = 1, .ofs_y = 2},
    {.bitmap_index = 2183, .adv_w = 208, .box_w = 11, .box_h = 8, .ofs_x = 1, .ofs_y = 4},
    {.bitmap_index = 2227, .adv_w = 208, .box_w = 11, .box_h = 11, .ofs_x = 1, .ofs_y = 2},
    {.bitmap_index = 2288, .adv_w = 205, .box_w = 12, .box_h = 16, .ofs_x = 0, .ofs_y = 0},
    {.bitmap_index = 2384, .adv_w = 364, .box_w = 22, .box_h = 20, .ofs_x = 0, .ofs_y = -4},
    {.bitmap_index = 2604, .adv_w = 264, .box_w = 18, .box_h = 16, .ofs_x = -1, .ofs_y = 0},
    {.bitmap_index = 2748, .adv_w = 268, .box_w = 14, .box_h = 16, .ofs_x = 2, .ofs_y = 0},
    {.bitmap_index = 2860, .adv_w = 253, .box_w = 16, .box_h = 16, .ofs_x = 0, .ofs_y = 0},
    {.bitmap_index = 2988, .adv_w = 291, .box_w = 16, .box_h = 16, .ofs_x = 2, .ofs_y = 0},
    {.bitmap_index = 3116, .adv_w = 236, .box_w = 12, .box_h = 16, .ofs_x = 2, .ofs_y = 0},
    {.bitmap_index = 3212, .adv_w = 224, .box_w = 12, .box_h = 16, .ofs_x = 2, .ofs_y = 0},
    {.bitmap_index = 3308, .adv_w = 272, .box_w = 16, .box_h = 16, .ofs_x = 0, .ofs_y = 0},
    {.bitmap_index = 3436, .adv_w = 285, .box_w = 14, .box_h = 16, .ofs_x = 2, .ofs_y = 0},
    {.bitmap_index = 3548, .adv_w = 112, .box_w = 3, .box_h = 16, .ofs_x = 2, .ofs_y = 0},
    {.bitmap_index = 3572, .adv_w = 186, .box_w = 11, .box_h = 16, .ofs_x = -1, .ofs_y = 0},
    {.bitmap_index = 3660, .adv_w = 257, .box_w = 15, .box_h = 16, .ofs_x = 2, .ofs_y = 0},
    {.bitmap_index = 3780, .adv_w = 211, .box_w = 11, .box_h = 16, .ofs_x = 2, .ofs_y = 0},
    {.bitmap_index = 3868, .adv_w = 336, .box_w = 17, .box_h = 16, .ofs_x = 2, .ofs_y = 0},
    {.bitmap_index = 4004, .adv_w = 285, .box_w = 14, .box_h = 16, .ofs_x = 2, .ofs_y = 0},
    {.bitmap_index = 4116, .adv_w = 296, .box_w = 18, .box_h = 16, .ofs_x = 0, .ofs_y = 0},
    {.bitmap_index = 4260, .adv_w = 256, .box_w = 13, .box_h = 16, .ofs_x = 2, .ofs_y = 0},
    {.bitmap_index = 4364, .adv_w = 296, .box_w = 19, .box_h = 20, .ofs_x = 0, .ofs_y = -4},
    {.bitmap_index = 4554, .adv_w = 257, .box_w = 14, .box_h = 16, .ofs_x = 2, .ofs_y = 0},
    {.bitmap_index = 4666, .adv_w = 221, .box_w = 14, .box_h = 16, .ofs_x = 0, .ofs_y = 0},
    {.bitmap_index = 4778, .adv_w = 212, .box_w = 14, .box_h = 16, .ofs_x = 0, .ofs_y = 0},
    {.bitmap_index = 4890, .adv_w = 278, .box_w = 15, .box_h = 16, .ofs_x = 1, .ofs_y = 0},
    {.bitmap_index = 5010, .adv_w = 257, .box_w = 18, .box_h = 16, .ofs_x = -1, .ofs_y = 0},
    {.bitmap_index = 5154, .adv_w = 403, .box_w = 25, .box_h = 16, .ofs_x = 0, .ofs_y = 0},
    {.bitmap_index = 5354, .adv_w = 244, .box_w = 16, .box_h = 16, .ofs_x = 0, .ofs_y = 0},
    {.bitmap_index = 5482, .adv_w = 233, .box_w = 16, .box_h = 16, .ofs_x = -1, .ofs_y = 0},
    {.bitmap_index = 5610, .adv_w = 233, .box_w = 15, .box_h = 16, .ofs_x = 0, .ofs_y = 0},
    {.bitmap_index = 5730, .adv_w = 123, .box_w = 6, .box_h = 21, .ofs_x = 2, .ofs_y = -4},
    {.bitmap_index = 5793, .adv_w = 131, .box_w = 10, .box_h = 21, .ofs_x = -1, .ofs_y = -2},
    {.bitmap_index = 5898, .adv_w = 123, .box_w = 6, .box_h = 21, .ofs_x = 0, .ofs_y = -4},
    {.bitmap_index = 5961, .adv_w = 208, .box_w = 11, .box_h = 10, .ofs_x = 1, .ofs_y = 3},
    {.bitmap_index = 6016, .adv_w = 176, .box_w = 11, .box_h = 2, .ofs_x = 0, .ofs_y = -2},
    {.bitmap_index = 6027, .adv_w = 211, .box_w = 7, .box_h = 3, .ofs_x = 2, .ofs_y = 14},
    {.bitmap_index = 6038, .adv_w = 214, .box_w = 12, .box_h = 12, .ofs_x = 0, .ofs_y = 0},
    {.bitmap_index = 6110, .adv_w = 241, .box_w = 14, .box_h = 17, .ofs_x = 1, .ofs_y = 0},
    {.bitmap_index = 6229, .adv_w = 205, .box_w = 13, .box_h = 12, .ofs_x = 0, .ofs_y = 0},
    {.bitmap_index = 6307, .adv_w = 242, .box_w = 14, .box_h = 17, .ofs_x = 0, .ofs_y = 0},
    {.bitmap_index = 6426, .adv_w = 219, .box_w = 13, .box_h = 12, .ofs_x = 0, .ofs_y = 0},
    {.bitmap_index = 6504, .adv_w = 130, .box_w = 9, .box_h = 17, .ofs_x = 0, .ofs_y = 0},
    {.bitmap_index = 6581, .adv_w = 244, .box_w = 14, .box_h = 16, .ofs_x = 0, .ofs_y = -4},
    {.bitmap_index = 6693, .adv_w = 241, .box_w = 13, .box_h = 17, .ofs_x = 1, .ofs_y = 0},
    {.bitmap_index = 6804, .adv_w = 102, .box_w = 4, .box_h = 18, .ofs_x = 1, .ofs_y = 0},
    {.bitmap_index = 6840, .adv_w = 104, .box_w = 9, .box_h = 22, .ofs_x = -3, .ofs_y = -4},
    {.bitmap_index = 6939, .adv_w = 224, .box_w = 14, .box_h = 17, .ofs_x = 1, .ofs_y = 0},
    {.bitmap_index = 7058, .adv_w = 102, .box_w = 4, .box_h = 17, .ofs_x = 1, .ofs_y = 0},
    {.bitmap_index = 7092, .adv_w = 371, .box_w = 21, .box_h = 12, .ofs_x = 1, .ofs_y = 0},
    {.bitmap_index = 7218, .adv_w = 241, .box_w = 13, .box_h = 12, .ofs_x = 1, .ofs_y = 0},
    {.bitmap_index = 7296, .adv_w = 227, .box_w = 14, .box_h = 12, .ofs_x = 0, .ofs_y = 0},
    {.bitmap_index = 7380, .adv_w = 241, .box_w = 14, .box_h = 16, .ofs_x = 1, .ofs_y = -4},
    {.bitmap_index = 7492, .adv_w = 241, .box_w = 14, .box_h = 16, .ofs_x = 0, .ofs_y = -4},
    {.bitmap_index = 7604, .adv_w = 148, .box_w = 8, .box_h = 12, .ofs_x = 1, .ofs_y = 0},
    {.bitmap_index = 7652, .adv_w = 181, .box_w = 11, .box_h = 12, .ofs_x = 0, .ofs_y = 0},
    {.bitmap_index = 7718, .adv_w = 149, .box_w = 9, .box_h = 15, .ofs_x = 0, .ofs_y = 0},
    {.bitmap_index = 7786, .adv_w = 240, .box_w = 13, .box_h = 12, .ofs_x = 1, .ofs_y = 0},
    {.bitmap_index = 7864, .adv_w = 203, .box_w = 14, .box_h = 12, .ofs_x = -1, .ofs_y = 0},
    {.bitmap_index = 7948, .adv_w = 323, .box_w = 21, .box_h = 12, .ofs_x = 0, .ofs_y = 0},
    {.bitmap_index = 8074, .adv_w = 202, .box_w = 13, .box_h = 12, .ofs_x = 0, .ofs_y = 0},
    {.bitmap_index = 8152, .adv_w = 203, .box_w = 14, .box_h = 16, .ofs_x = -1, .ofs_y = -4},
    {.bitmap_index = 8264, .adv_w = 187, .box_w = 11, .box_h = 12, .ofs_x = 0, .ofs_y = 0},
    {.bitmap_index = 8330, .adv_w = 130, .box_w = 7, .box_h = 21, .ofs_x = 1, .ofs_y = -4},
    {.bitmap_index = 8404, .adv_w = 107, .box_w = 3, .box_h = 21, .ofs_x = 2, .ofs_y = -4},
    {.bitmap_index = 8436, .adv_w = 130, .box_w = 7, .box_h = 21, .ofs_x = 0, .ofs_y = -4},
    {.bitmap_index = 8510, .adv_w = 208, .box_w = 11, .box_h = 5, .ofs_x = 1, .ofs_y = 6},
    {.bitmap_index = 8538, .adv_w = 97, .box_w = 0, .box_h = 0, .ofs_x = 0, .ofs_y = 0},
    {.bitmap_index = 8538, .adv_w = 98, .box_w = 4, .box_h = 16, .ofs_x = 1, .ofs_y = -4},
    {.bitmap_index = 8570, .adv_w = 205, .box_w = 13, .box_h = 18, .ofs_x = 0, .ofs_y = -3},
    {.bitmap_index = 8687, .adv_w = 231, .box_w = 15, .box_h = 16, .ofs_x = 0, .ofs_y = 0},
    {.bitmap_index = 8807, .adv_w = 246, .box_w = 15, .box_h = 16, .ofs_x = 0, .ofs_y = -1},
    {.bitmap_index = 8927, .adv_w = 254, .box_w = 18, .box_h = 16, .ofs_x = -1, .ofs_y = 0},
    {.bitmap_index = 9071, .adv_w = 107, .box_w = 3, .box_h = 21, .ofs_x = 2, .ofs_y = -4},
    {.bitmap_index = 9103, .adv_w = 180, .box_w = 11, .box_h = 19, .ofs_x = 0, .ofs_y = -3},
    {.bitmap_index = 9208, .adv_w = 211, .box_w = 8, .box_h = 3, .ofs_x = 3, .ofs_y = 14},
    {.bitmap_index = 9220, .adv_w = 279, .box_w = 17, .box_h = 17, .ofs_x = 0, .ofs_y = -1},
    {.bitmap_index = 9365, .adv_w = 144, .box_w = 8, .box_h = 8, .ofs_x = 0, .ofs_y = 9},
    {.bitmap_index = 9397, .adv_w = 188, .box_w = 12, .box_h = 9, .ofs_x = 0, .ofs_y = 2},
    {.bitmap_index = 9451, .adv_w = 208, .box_w = 11, .box_h = 7, .ofs_x = 1, .ofs_y = 3},
    {.bitmap_index = 9490, .adv_w = 279, .box_w = 17, .box_h = 17, .ofs_x = 0, .ofs_y = -1},
    {.bitmap_index = 9635, .adv_w = 211, .box_w = 9, .box_h = 2, .ofs_x = 2, .ofs_y = 14},
    {.bitmap_index = 9644, .adv_w = 147, .box_w = 9, .box_h = 9, .ofs_x = 0, .ofs_y = 8},
    {.bitmap_index = 9685, .adv_w = 208, .box_w = 11, .box_h = 14, .ofs_x = 1, .ofs_y = 0},
    {.bitmap_index = 9762, .adv_w = 151, .box_w = 9, .box_h = 10, .ofs_x = 0, .ofs_y = 7},
    {.bitmap_index = 9807, .adv_w = 151, .box_w = 9, .box_h = 10, .ofs_x = 0, .ofs_y = 7},
    {.bitmap_index = 9852, .adv_w = 211, .box_w = 7, .box_h = 3, .ofs_x = 4, .ofs_y = 14},
    {.bitmap_index = 9863, .adv_w = 241, .box_w = 13, .box_h = 16, .ofs_x = 1, .ofs_y = -4},
    {.bitmap_index = 9967, .adv_w = 234, .box_w = 13, .box_h = 19, .ofs_x = 0, .ofs_y = -2},
    {.bitmap_index = 10091, .adv_w = 100, .box_w = 4, .box_h = 4, .ofs_x = 1, .ofs_y = 4},
    {.bitmap_index = 10099, .adv_w = 211, .box_w = 6, .box_h = 6, .ofs_x = 3, .ofs_y = -6},
    {.bitmap_index = 10117, .adv_w = 151, .box_w = 8, .box_h = 10, .ofs_x = 1, .ofs_y = 7},
    {.bitmap_index = 10157, .adv_w = 149, .box_w = 9, .box_h = 7, .ofs_x = 0, .ofs_y = 10},
    {.bitmap_index = 10189, .adv_w = 188, .box_w = 11, .box_h = 9, .ofs_x = 0, .ofs_y = 2},
    {.bitmap_index = 10239, .adv_w = 366, .box_w = 22, .box_h = 16, .ofs_x = 1, .ofs_y = 0},
    {.bitmap_index = 10415, .adv_w = 366, .box_w = 21, .box_h = 16, .ofs_x = 1, .ofs_y = 0},
    {.bitmap_index = 10583, .adv_w = 366, .box_w = 23, .box_h = 16, .ofs_x = 0, .ofs_y = 0},
    {.bitmap_index = 10767, .adv_w = 205, .box_w = 12, .box_h = 16, .ofs_x = 1, .ofs_y = -4},
    {.bitmap_index = 10863, .adv_w = 264, .box_w = 18, .box_h = 20, .ofs_x = -1, .ofs_y = 0},
    {.bitmap_index = 11043, .adv_w = 264, .box_w = 18, .box_h = 20, .ofs_x = -1, .ofs_y = 0},
    {.bitmap_index = 11223, .adv_w = 264, .box_w = 18, .box_h = 20, .ofs_x = -1, .ofs_y = 0},
    {.bitmap_index = 11403, .adv_w = 264, .box_w = 18, .box_h = 20, .ofs_x = -1, .ofs_y = 0},
    {.bitmap_index = 11583, .adv_w = 264, .box_w = 18, .box_h = 20, .ofs_x = -1, .ofs_y = 0},
    {.bitmap_index = 11763, .adv_w = 264, .box_w = 18, .box_h = 22, .ofs_x = -1, .ofs_y = 0},
    {.bitmap_index = 11961, .adv_w = 374, .box_w = 24, .box_h = 16, .ofs_x = -1, .ofs_y = 0},
    {.bitmap_index = 12153, .adv_w = 253, .box_w = 16, .box_h = 22, .ofs_x = 0, .ofs_y = -6},
    {.bitmap_index = 12329, .adv_w = 236, .box_w = 12, .box_h = 20, .ofs_x = 2, .ofs_y = 0},
    {.bitmap_index = 12449, .adv_w = 236, .box_w = 12, .box_h = 20, .ofs_x = 2, .ofs_y = 0},
    {.bitmap_index = 12569, .adv_w = 236, .box_w = 12, .box_h = 20, .ofs_x = 2, .ofs_y = 0},
    {.bitmap_index = 12689, .adv_w = 236, .box_w = 12, .box_h = 20, .ofs_x = 2, .ofs_y = 0},
    {.bitmap_index = 12809, .adv_w = 112, .box_w = 7, .box_h = 20, .ofs_x = -1, .ofs_y = 0},
    {.bitmap_index = 12879, .adv_w = 112, .box_w = 7, .box_h = 20, .ofs_x = 1, .ofs_y = 0},
    {.bitmap_index = 12949, .adv_w = 112, .box_w = 9, .box_h = 20, .ofs_x = -1, .ofs_y = 0},
    {.bitmap_index = 13039, .adv_w = 112, .box_w = 7, .box_h = 20, .ofs_x = 0, .ofs_y = 0},
    {.bitmap_index = 13109, .adv_w = 294, .box_w = 18, .box_h = 16, .ofs_x = 0, .ofs_y = 0},
    {.bitmap_index = 13253, .adv_w = 285, .box_w = 14, .box_h = 20, .ofs_x = 2, .ofs_y = 0},
    {.bitmap_index = 13393, .adv_w = 296, .box_w = 18, .box_h = 20, .ofs_x = 0, .ofs_y = 0},
    {.bitmap_index = 13573, .adv_w = 296, .box_w = 18, .box_h = 20, .ofs_x = 0, .ofs_y = 0},
    {.bitmap_index = 13753, .adv_w = 296, .box_w = 18, .box_h = 20, .ofs_x = 0, .ofs_y = 0},
    {.bitmap_index = 13933, .adv_w = 296, .box_w = 18, .box_h = 20, .ofs_x = 0, .ofs_y = 0},
    {.bitmap_index = 14113, .adv_w = 296, .box_w = 18, .box_h = 20, .ofs_x = 0, .ofs_y = 0},
    {.bitmap_index = 14293, .adv_w = 208, .box_w = 9, .box_h = 10, .ofs_x = 2, .ofs_y = 3},
    {.bitmap_index = 14338, .adv_w = 296, .box_w = 18, .box_h = 20, .ofs_x = 0, .ofs_y = -2},
    {.bitmap_index = 14518, .adv_w = 278, .box_w = 15, .box_h = 20, .ofs_x = 1, .ofs_y = 0},
    {.bitmap_index = 14668, .adv_w = 278, .box_w = 15, .box_h = 20, .ofs_x = 1, .ofs_y = 0},
    {.bitmap_index = 14818, .adv_w = 278, .box_w = 15, .box_h = 20, .ofs_x = 1, .ofs_y = 0},
    {.bitmap_index = 14968, .adv_w = 278, .box_w = 15, .box_h = 20, .ofs_x = 1, .ofs_y = 0},
    {.bitmap_index = 15118, .adv_w = 233, .box_w = 16, .box_h = 20, .ofs_x = -1, .ofs_y = 0},
    {.bitmap_index = 15278, .adv_w = 256, .box_w = 13, .box_h = 16, .ofs_x = 2, .ofs_y = 0},
    {.bitmap_index = 15382, .adv_w = 241, .box_w = 14, .box_h = 17, .ofs_x = 1, .ofs_y = 0},
    {.bitmap_index = 15501, .adv_w = 214, .box_w = 12, .box_h = 17, .ofs_x = 0, .ofs_y = 0},
    {.bitmap_index = 15603, .adv_w = 214, .box_w = 12, .box_h = 17, .ofs_x = 0, .ofs_y = 0},
    {.bitmap_index = 15705, .adv_w = 214, .box_w = 12, .box_h = 17, .ofs_x = 0, .ofs_y = 0},
    {.bitmap_index = 15807, .adv_w = 214, .box_w = 12, .box_h = 17, .ofs_x = 0, .ofs_y = 0},
    {.bitmap_index = 15909, .adv_w = 214, .box_w = 12, .box_h = 17, .ofs_x = 0, .ofs_y = 0},
    {.bitmap_index = 16011, .adv_w = 214, .box_w = 12, .box_h = 18, .ofs_x = 0, .ofs_y = 0},
    {.bitmap_index = 16119, .adv_w = 350, .box_w = 22, .box_h = 12, .ofs_x = 0, .ofs_y = 0},
    {.bitmap_index = 16251, .adv_w = 205, .box_w = 13, .box_h = 18, .ofs_x = 0, .ofs_y = -6},
    {.bitmap_index = 16368, .adv_w = 219, .box_w = 13, .box_h = 17, .ofs_x = 0, .ofs_y = 0},
    {.bitmap_index = 16479, .adv_w = 219, .box_w = 13, .box_h = 17, .ofs_x = 0, .ofs_y = 0},
    {.bitmap_index = 16590, .adv_w = 219, .box_w = 13, .box_h = 17, .ofs_x = 0, .ofs_y = 0},
    {.bitmap_index = 16701, .adv_w = 219, .box_w = 13, .box_h = 17, .ofs_x = 0, .ofs_y = 0},
    {.bitmap_index = 16812, .adv_w = 102, .box_w = 8, .box_h = 17, .ofs_x = -2, .ofs_y = 0},
    {.bitmap_index = 16880, .adv_w = 102, .box_w = 7, .box_h = 17, .ofs_x = 1, .ofs_y = 0},
    {.bitmap_index = 16940, .adv_w = 102, .box_w = 8, .box_h = 17, .ofs_x = -1, .ofs_y = 0},
    {.bitmap_index = 17008, .adv_w = 102, .box_w = 7, .box_h = 17, .ofs_x = 0, .ofs_y = 0},
    {.bitmap_index = 17068, .adv_w = 213, .box_w = 13, .box_h = 17, .ofs_x = 0, .ofs_y = 0},
    {.bitmap_index = 17179, .adv_w = 241, .box_w = 13, .box_h = 17, .ofs_x = 1, .ofs_y = 0},
    {.bitmap_index = 17290, .adv_w = 227, .box_w = 14, .box_h = 17, .ofs_x = 0, .ofs_y = 0},
    {.bitmap_index = 17409, .adv_w = 227, .box_w = 14, .box_h = 17, .ofs_x = 0, .ofs_y = 0},
    {.bitmap_index = 17528, .adv_w = 227, .box_w = 14, .box_h = 17, .ofs_x = 0, .ofs_y = 0},
    {.bitmap_index = 17647, .adv_w = 227, .box_w = 14, .box_h = 17, .ofs_x = 0, .ofs_y = 0},
    {.bitmap_index = 17766, .adv_w = 227, .box_w = 14, .box_h = 17, .ofs_x = 0, .ofs_y = 0},
    {.bitmap_index = 17885, .adv_w = 208, .box_w = 11, .box_h = 13, .ofs_x = 1, .ofs_y = 2},
    {.bitmap_index = 17957, .adv_w = 227, .box_w = 14, .box_h = 16, .ofs_x = 0, .ofs_y = -2},
    {.bitmap_index = 18069, .adv_w = 240, .box_w = 13, .box_h = 17, .ofs_x = 1, .ofs_y = 0},
    {.bitmap_index = 18180, .adv_w = 240, .box_w = 13, .box_h = 17, .ofs_x = 1, .ofs_y = 0},
    {.bitmap_index = 18291, .adv_w = 240, .box_w = 13, .box_h = 17, .ofs_x = 1, .ofs_y = 0},
    {.bitmap_index = 18402, .adv_w = 240, .box_w = 13, .box_h = 17, .ofs_x = 1, .ofs_y = 0},
    {.bitmap_index = 18513, .adv_w = 203, .box_w = 14, .box_h = 21, .ofs_x = -1, .ofs_y = -4},
    {.bitmap_index = 18660, .adv_w = 241, .box_w = 14, .box_h = 21, .ofs_x = 1, .ofs_y = -4},
    {.bitmap_index = 18807, .adv_w = 203, .box_w = 14, .box_h = 21, .ofs_x = -1, .ofs_y = -4},
    {.bitmap_index = 18954, .adv_w = 264, .box_w = 18, .box_h = 19, .ofs_x = -1, .ofs_y = 0},
    {.bitmap_index = 19125, .adv_w = 214, .box_w = 12, .box_h = 16, .ofs_x = 0, .ofs_y = 0},
    {.bitmap_index = 19221, .adv_w = 264, .box_w = 18, .box_h = 20, .ofs_x = -1, .ofs_y = 0},
    {.bitmap_index = 19401, .adv_w = 214, .box_w = 12, .box_h = 17, .ofs_x = 0, .ofs_y = 0},
    {.bitmap_index = 19503, .adv_w = 264, .box_w = 19, .box_h = 21, .ofs_x = -1, .ofs_y = -5},
    {.bitmap_index = 19703, .adv_w = 214, .box_w = 13, .box_h = 17, .ofs_x = 0, .ofs_y = -5},
    {.bitmap_index = 19814, .adv_w = 253, .box_w = 16, .box_h = 20, .ofs_x = 0, .ofs_y = 0},
    {.bitmap_index = 19974, .adv_w = 205, .box_w = 13, .box_h = 17, .ofs_x = 0, .ofs_y = 0},
    {.bitmap_index = 20085, .adv_w = 253, .box_w = 16, .box_h = 20, .ofs_x = 0, .ofs_y = 0},
    {.bitmap_index = 20245, .adv_w = 205, .box_w = 13, .box_h = 17, .ofs_x = 0, .ofs_y = 0},
    {.bitmap_index = 20356, .adv_w = 253, .box_w = 16, .box_h = 21, .ofs_x = 0, .ofs_y = 0},
    {.bitmap_index = 20524, .adv_w = 205, .box_w = 13, .box_h = 18, .ofs_x = 0, .ofs_y = 0},
    {.bitmap_index = 20641, .adv_w = 253, .box_w = 16, .box_h = 20, .ofs_x = 0, .ofs_y = 0},
    {.bitmap_index = 20801, .adv_w = 205, .box_w = 13, .box_h = 17, .ofs_x = 0, .ofs_y = 0},
    {.bitmap_index = 20912, .adv_w = 291, .box_w = 16, .box_h = 20, .ofs_x = 2, .ofs_y = 0},
    {.bitmap_index = 21072, .adv_w = 242, .box_w = 18, .box_h = 18, .ofs_x = 0, .ofs_y = 0},
    {.bitmap_index = 21234, .adv_w = 294, .box_w = 18, .box_h = 16, .ofs_x = 0, .ofs_y = 0},
    {.bitmap_index = 21378, .adv_w = 242, .box_w = 16, .box_h = 17, .ofs_x = 0, .ofs_y = 0},
    {.bitmap_index = 21514, .adv_w = 236, .box_w = 12, .box_h = 19, .ofs_x = 2, .ofs_y = 0},
    {.bitmap_index = 21628, .adv_w = 219, .box_w = 13, .box_h = 16, .ofs_x = 0, .ofs_y = 0},
    {.bitmap_index = 21732, .adv_w = 236, .box_w = 12, .box_h = 20, .ofs_x = 2, .ofs_y = 0},
    {.bitmap_index = 21852, .adv_w = 219, .box_w = 13, .box_h = 17, .ofs_x = 0, .ofs_y = 0},
    {.bitmap_index = 21963, .adv_w = 236, .box_w = 12, .box_h = 21, .ofs_x = 2, .ofs_y = 0},
    {.bitmap_index = 22089, .adv_w = 219, .box_w = 13, .box_h = 18, .ofs_x = 0, .ofs_y = 0},
    {.bitmap_index = 22206, .adv_w = 236, .box_w = 13, .box_h = 21, .ofs_x = 2, .ofs_y = -5},
    {.bitmap_index = 22343, .adv_w = 219, .box_w = 13, .box_h = 17, .ofs_x = 0, .ofs_y = -5},
    {.bitmap_index = 22454, .adv_w = 236, .box_w = 12, .box_h = 20, .ofs_x = 2, .ofs_y = 0},
    {.bitmap_index = 22574, .adv_w = 219, .box_w = 13, .box_h = 17, .ofs_x = 0, .ofs_y = 0},
    {.bitmap_index = 22685, .adv_w = 272, .box_w = 16, .box_h = 20, .ofs_x = 0, .ofs_y = 0},
    {.bitmap_index = 22845, .adv_w = 244, .box_w = 14, .box_h = 21, .ofs_x = 0, .ofs_y = -4},
    {.bitmap_index = 22992, .adv_w = 272, .box_w = 16, .box_h = 21, .ofs_x = 0, .ofs_y = 0},
    {.bitmap_index = 23160, .adv_w = 244, .box_w = 14, .box_h = 21, .ofs_x = 0, .ofs_y = -4},
    {.bitmap_index = 23307, .adv_w = 272, .box_w = 16, .box_h = 21, .ofs_x = 0, .ofs_y = 0},
    {.bitmap_index = 23475, .adv_w = 244, .box_w = 14, .box_h = 22, .ofs_x = 0, .ofs_y = -4},
    {.bitmap_index = 23629, .adv_w = 272, .box_w = 16, .box_h = 22, .ofs_x = 0, .ofs_y = -6},
    {.bitmap_index = 23805, .adv_w = 244, .box_w = 14, .box_h = 23, .ofs_x = 0, .ofs_y = -4},
    {.bitmap_index = 23966, .adv_w = 285, .box_w = 14, .box_h = 20, .ofs_x = 2, .ofs_y = 0},
    {.bitmap_index = 24106, .adv_w = 241, .box_w = 16, .box_h = 21, .ofs_x = -2, .ofs_y = 0},
    {.bitmap_index = 24274, .adv_w = 293, .box_w = 19, .box_h = 16, .ofs_x = 0, .ofs_y = 0},
    {.bitmap_index = 24426, .adv_w = 246, .box_w = 14, .box_h = 17, .ofs_x = 0, .ofs_y = 0},
    {.bitmap_index = 24545, .adv_w = 112, .box_w = 9, .box_h = 20, .ofs_x = -1, .ofs_y = 0},
    {.bitmap_index = 24635, .adv_w = 102, .box_w = 8, .box_h = 17, .ofs_x = -1, .ofs_y = 0},
    {.bitmap_index = 24703, .adv_w = 112, .box_w = 7, .box_h = 19, .ofs_x = 0, .ofs_y = 0},
    {.bitmap_index = 24770, .adv_w = 102, .box_w = 7, .box_h = 16, .ofs_x = 0, .ofs_y = 0},
    {.bitmap_index = 24826, .adv_w = 112, .box_w = 9, .box_h = 20, .ofs_x = -1, .ofs_y = 0},
    {.bitmap_index = 24916, .adv_w = 102, .box_w = 8, .box_h = 17, .ofs_x = -1, .ofs_y = 0},
    {.bitmap_index = 24984, .adv_w = 112, .box_w = 5, .box_h = 21, .ofs_x = 1, .ofs_y = -5},
    {.bitmap_index = 25037, .adv_w = 102, .box_w = 5, .box_h = 23, .ofs_x = 1, .ofs_y = -5},
    {.bitmap_index = 25095, .adv_w = 112, .box_w = 5, .box_h = 21, .ofs_x = 1, .ofs_y = 0},
    {.bitmap_index = 25148, .adv_w = 102, .box_w = 4, .box_h = 12, .ofs_x = 1, .ofs_y = 0},
    {.bitmap_index = 25172, .adv_w = 254, .box_w = 13, .box_h = 16, .ofs_x = 1, .ofs_y = 0},
    {.bitmap_index = 25276, .adv_w = 206, .box_w = 11, .box_h = 22, .ofs_x = 1, .ofs_y = -4},
    {.bitmap_index = 25397, .adv_w = 186, .box_w = 11, .box_h = 20, .ofs_x = -1, .ofs_y = 0},
    {.bitmap_index = 25507, .adv_w = 104, .box_w = 10, .box_h = 21, .ofs_x = -3, .ofs_y = -4},
    {.bitmap_index = 25612, .adv_w = 257, .box_w = 15, .box_h = 22, .ofs_x = 2, .ofs_y = -6},
    {.bitmap_index = 25777, .adv_w = 224, .box_w = 14, .box_h = 23, .ofs_x = 1, .ofs_y = -6},
    {.bitmap_index = 25938, .adv_w = 224, .box_w = 14, .box_h = 12, .ofs_x = 1, .ofs_y = 0},
    {.bitmap_index = 26022, .adv_w = 211, .box_w = 12, .box_h = 20, .ofs_x = 1, .ofs_y = 0},
    {.bitmap_index = 26142, .adv_w = 102, .box_w = 7, .box_h = 21, .ofs_x = 1, .ofs_y = 0},
    {.bitmap_index = 26216, .adv_w = 211, .box_w = 11, .box_h = 22, .ofs_x = 2, .ofs_y = -6},
    {.bitmap_index = 26337, .adv_w = 102, .box_w = 4, .box_h = 23, .ofs_x = 1, .ofs_y = -6},
    {.bitmap_index = 26383, .adv_w = 211, .box_w = 11, .box_h = 17, .ofs_x = 2, .ofs_y = 0},
    {.bitmap_index = 26477, .adv_w = 102, .box_w = 8, .box_h = 18, .ofs_x = 1, .ofs_y = 0},
    {.bitmap_index = 26549, .adv_w = 211, .box_w = 11, .box_h = 16, .ofs_x = 2, .ofs_y = 0},
    {.bitmap_index = 26637, .adv_w = 149, .box_w = 9, .box_h = 17, .ofs_x = 1, .ofs_y = 0},
    {.bitmap_index = 26714, .adv_w = 214, .box_w = 15, .box_h = 16, .ofs_x = -1, .ofs_y = 0},
    {.bitmap_index = 26834, .adv_w = 109, .box_w = 9, .box_h = 17, .ofs_x = -1, .ofs_y = 0},
    {.bitmap_index = 26911, .adv_w = 285, .box_w = 14, .box_h = 20, .ofs_x = 2, .ofs_y = 0},
    {.bitmap_index = 27051, .adv_w = 241, .box_w = 13, .box_h = 17, .ofs_x = 1, .ofs_y = 0},
    {.bitmap_index = 27162, .adv_w = 285, .box_w = 14, .box_h = 22, .ofs_x = 2, .ofs_y = -6},
    {.bitmap_index = 27316, .adv_w = 241, .box_w = 13, .box_h = 18, .ofs_x = 1, .ofs_y = -6},
    {.bitmap_index = 27433, .adv_w = 285, .box_w = 14, .box_h = 20, .ofs_x = 2, .ofs_y = 0},
    {.bitmap_index = 27573, .adv_w = 241, .box_w = 13, .box_h = 17, .ofs_x = 1, .ofs_y = 0},
    {.bitmap_index = 27684, .adv_w = 265, .box_w = 16, .box_h = 17, .ofs_x = -1, .ofs_y = 0},
    {.bitmap_index = 27820, .adv_w = 285, .box_w = 14, .box_h = 20, .ofs_x = 2, .ofs_y = -4},
    {.bitmap_index = 27960, .adv_w = 241, .box_w = 13, .box_h = 16, .ofs_x = 1, .ofs_y = -4},
    {.bitmap_index = 28064, .adv_w = 296, .box_w = 18, .box_h = 20, .ofs_x = 0, .ofs_y = 0},
    {.bitmap_index = 28244, .adv_w = 227, .box_w = 14, .box_h = 16, .ofs_x = 0, .ofs_y = 0},
    {.bitmap_index = 28356, .adv_w = 296, .box_w = 18, .box_h = 21, .ofs_x = 0, .ofs_y = 0},
    {.bitmap_index = 28545, .adv_w = 227, .box_w = 14, .box_h = 17, .ofs_x = 0, .ofs_y = 0},
    {.bitmap_index = 28664, .adv_w = 296, .box_w = 18, .box_h = 21, .ofs_x = 0, .ofs_y = 0},
    {.bitmap_index = 28853, .adv_w = 227, .box_w = 14, .box_h = 17, .ofs_x = 0, .ofs_y = 0},
    {.bitmap_index = 28972, .adv_w = 398, .box_w = 24, .box_h = 16, .ofs_x = 0, .ofs_y = 0},
    {.bitmap_index = 29164, .adv_w = 375, .box_w = 23, .box_h = 12, .ofs_x = 0, .ofs_y = 0},
    {.bitmap_index = 29302, .adv_w = 257, .box_w = 14, .box_h = 20, .ofs_x = 2, .ofs_y = 0},
    {.bitmap_index = 29442, .adv_w = 148, .box_w = 9, .box_h = 17, .ofs_x = 1, .ofs_y = 0},
    {.bitmap_index = 29519, .adv_w = 257, .box_w = 14, .box_h = 22, .ofs_x = 2, .ofs_y = -6},
    {.bitmap_index = 29673, .adv_w = 148, .box_w = 8, .box_h = 18, .ofs_x = 1, .ofs_y = -6},
    {.bitmap_index = 29745, .adv_w = 257, .box_w = 14, .box_h = 20, .ofs_x = 2, .ofs_y = 0},
    {.bitmap_index = 29885, .adv_w = 148, .box_w = 10, .box_h = 17, .ofs_x = 0, .ofs_y = 0},
    {.bitmap_index = 29970, .adv_w = 221, .box_w = 14, .box_h = 20, .ofs_x = 0, .ofs_y = 0},
    {.bitmap_index = 30110, .adv_w = 181, .box_w = 11, .box_h = 17, .ofs_x = 0, .ofs_y = 0},
    {.bitmap_index = 30204, .adv_w = 221, .box_w = 14, .box_h = 20, .ofs_x = 0, .ofs_y = 0},
    {.bitmap_index = 30344, .adv_w = 181, .box_w = 11, .box_h = 17, .ofs_x = 0, .ofs_y = 0},
    {.bitmap_index = 30438, .adv_w = 221, .box_w = 14, .box_h = 22, .ofs_x = 0, .ofs_y = -6},
    {.bitmap_index = 30592, .adv_w = 181, .box_w = 11, .box_h = 18, .ofs_x = 0, .ofs_y = -6},
    {.bitmap_index = 30691, .adv_w = 221, .box_w = 14, .box_h = 20, .ofs_x = 0, .ofs_y = 0},
    {.bitmap_index = 30831, .adv_w = 181, .box_w = 11, .box_h = 17, .ofs_x = 0, .ofs_y = 0},
    {.bitmap_index = 30925, .adv_w = 212, .box_w = 14, .box_h = 22, .ofs_x = 0, .ofs_y = -6},
    {.bitmap_index = 31079, .adv_w = 149, .box_w = 9, .box_h = 21, .ofs_x = 0, .ofs_y = -6},
    {.bitmap_index = 31174, .adv_w = 212, .box_w = 14, .box_h = 20, .ofs_x = 0, .ofs_y = 0},
    {.bitmap_index = 31314, .adv_w = 149, .box_w = 9, .box_h = 17, .ofs_x = 0, .ofs_y = 0},
    {.bitmap_index = 31391, .adv_w = 212, .box_w = 14, .box_h = 16, .ofs_x = 0, .ofs_y = 0},
    {.bitmap_index = 31503, .adv_w = 150, .box_w = 9, .box_h = 15, .ofs_x = 0, .ofs_y = 0},
    {.bitmap_index = 31571, .adv_w = 278, .box_w = 15, .box_h = 20, .ofs_x = 1, .ofs_y = 0},
    {.bitmap_index = 31721, .adv_w = 240, .box_w = 13, .box_h = 17, .ofs_x = 1, .ofs_y = 0},
    {.bitmap_index = 31832, .adv_w = 278, .box_w = 15, .box_h = 20, .ofs_x = 1, .ofs_y = 0},
    {.bitmap_index = 31982, .adv_w = 240, .box_w = 13, .box_h = 16, .ofs_x = 1, .ofs_y = 0},
    {.bitmap_index = 32086, .adv_w = 278, .box_w = 15, .box_h = 21, .ofs_x = 1, .ofs_y = 0},
    {.bitmap_index = 32244, .adv_w = 240, .box_w = 13, .box_h = 17, .ofs_x = 1, .ofs_y = 0},
    {.bitmap_index = 32355, .adv_w = 278, .box_w = 15, .box_h = 22, .ofs_x = 1, .ofs_y = 0},
    {.bitmap_index = 32520, .adv_w = 240, .box_w = 13, .box_h = 18, .ofs_x = 1, .ofs_y = 0},
    {.bitmap_index = 32637, .adv_w = 278, .box_w = 15, .box_h = 21, .ofs_x = 1, .ofs_y = 0},
    {.bitmap_index = 32795, .adv_w = 240, .box_w = 13, .box_h = 17, .ofs_x = 1, .ofs_y = 0},
    {.bitmap_index = 32906, .adv_w = 278, .box_w = 15, .box_h = 21, .ofs_x = 1, .ofs_y = -5},
    {.bitmap_index = 33064, .adv_w = 240, .box_w = 13, .box_h = 17, .ofs_x = 1, .ofs_y = -5},
    {.bitmap_index = 33175, .adv_w = 403, .box_w = 25, .box_h = 20, .ofs_x = 0, .ofs_y = 0},
    {.bitmap_index = 33425, .adv_w = 323, .box_w = 21, .box_h = 17, .ofs_x = 0, .ofs_y = 0},
    {.bitmap_index = 33604, .adv_w = 233, .box_w = 16, .box_h = 20, .ofs_x = -1, .ofs_y = 0},
    {.bitmap_index = 33764, .adv_w = 203, .box_w = 14, .box_h = 21, .ofs_x = -1, .ofs_y = -4},
    {.bitmap_index = 33911, .adv_w = 233, .box_w = 16, .box_h = 20, .ofs_x = -1, .ofs_y = 0},
    {.bitmap_index = 34071, .adv_w = 233, .box_w = 15, .box_h = 20, .ofs_x = 0, .ofs_y = 0},
    {.bitmap_index = 34221, .adv_w = 187, .box_w = 11, .box_h = 17, .ofs_x = 0, .ofs_y = 0},
    {.bitmap_index = 34315, .adv_w = 233, .box_w = 15, .box_h = 21, .ofs_x = 0, .ofs_y = 0},
    {.bitmap_index = 34473, .adv_w = 187, .box_w = 11, .box_h = 18, .ofs_x = 0, .ofs_y = 0},
    {.bitmap_index = 34572, .adv_w = 233, .box_w = 15, .box_h = 20, .ofs_x = 0, .ofs_y = 0},
    {.bitmap_index = 34722, .adv_w = 187, .box_w = 11, .box_h = 17, .ofs_x = 0, .ofs_y = 0},
    {.bitmap_index = 34816, .adv_w = 116, .box_w = 10, .box_h = 17, .ofs_x = 0, .ofs_y = 0},
    {.bitmap_index = 34901, .adv_w = 246, .box_w = 15, .box_h = 17, .ofs_x = 0, .ofs_y = 0},
    {.bitmap_index = 35029, .adv_w = 331, .box_w = 20, .box_h = 16, .ofs_x = 0, .ofs_y = 0},
    {.bitmap_index = 35189, .adv_w = 268, .box_w = 14, .box_h = 16, .ofs_x = 2, .ofs_y = 0},
    {.bitmap_index = 35301, .adv_w = 241, .box_w = 14, .box_h = 17, .ofs_x = 1, .ofs_y = 0},
    {.bitmap_index = 35420, .adv_w = 253, .box_w = 15, .box_h = 16, .ofs_x = 0, .ofs_y = 0},
    {.bitmap_index = 35540, .adv_w = 265, .box_w = 18, .box_h = 19, .ofs_x = 1, .ofs_y = 0},
    {.bitmap_index = 35711, .adv_w = 212, .box_w = 15, .box_h = 17, .ofs_x = 0, .ofs_y = 0},
    {.bitmap_index = 35839, .adv_w = 291, .box_w = 19, .box_h = 16, .ofs_x = -1, .ofs_y = 0},
    {.bitmap_index = 35991, .adv_w = 354, .box_w = 22, .box_h = 16, .ofs_x = 0, .ofs_y = 0},
    {.bitmap_index = 36167, .adv_w = 264, .box_w = 15, .box_h = 16, .ofs_x = 0, .ofs_y = 0},
    {.bitmap_index = 36287, .adv_w = 241, .box_w = 14, .box_h = 17, .ofs_x = 0, .ofs_y = 0},
    {.bitmap_index = 36406, .adv_w = 236, .box_w = 12, .box_h = 16, .ofs_x = 1, .ofs_y = 0},
    {.bitmap_index = 36502, .adv_w = 288, .box_w = 17, .box_h = 16, .ofs_x = 0, .ofs_y = 0},
    {.bitmap_index = 36638, .adv_w = 226, .box_w = 14, .box_h = 16, .ofs_x = 1, .ofs_y = 0},
    {.bitmap_index = 36750, .adv_w = 232, .box_w = 15, .box_h = 20, .ofs_x = -1, .ofs_y = -4},
    {.bitmap_index = 36900, .adv_w = 130, .box_w = 11, .box_h = 21, .ofs_x = -2, .ofs_y = -4},
    {.bitmap_index = 37016, .adv_w = 276, .box_w = 19, .box_h = 19, .ofs_x = 0, .ofs_y = 0},
    {.bitmap_index = 37197, .adv_w = 233, .box_w = 17, .box_h = 20, .ofs_x = -1, .ofs_y = -4},
    {.bitmap_index = 37367, .adv_w = 138, .box_w = 8, .box_h = 16, .ofs_x = 1, .ofs_y = 0},
    {.bitmap_index = 37431, .adv_w = 122, .box_w = 8, .box_h = 16, .ofs_x = 0, .ofs_y = 0},
    {.bitmap_index = 37495, .adv_w = 251, .box_w = 15, .box_h = 18, .ofs_x = 2, .ofs_y = 0},
    {.bitmap_index = 37630, .adv_w = 221, .box_w = 13, .box_h = 17, .ofs_x = 1, .ofs_y = 0},
    {.bitmap_index = 37741, .adv_w = 119, .box_w = 8, .box_h = 17, .ofs_x = 0, .ofs_y = 0},
    {.bitmap_index = 37809, .adv_w = 203, .box_w = 15, .box_h = 17, .ofs_x = -1, .ofs_y = 0},
    {.bitmap_index = 37937, .adv_w = 431, .box_w = 24, .box_h = 16, .ofs_x = 1, .ofs_y = 0},
    {.bitmap_index = 38129, .adv_w = 286, .box_w = 17, .box_h = 20, .ofs_x = -1, .ofs_y = -4},
    {.bitmap_index = 38299, .adv_w = 241, .box_w = 13, .box_h = 16, .ofs_x = 1, .ofs_y = -4},
    {.bitmap_index = 38403, .adv_w = 297, .box_w = 18, .box_h = 16, .ofs_x = 0, .ofs_y = 0},
    {.bitmap_index = 38547, .adv_w = 296, .box_w = 18, .box_h = 20, .ofs_x = 0, .ofs_y = 0},
    {.bitmap_index = 38727, .adv_w = 227, .box_w = 14, .box_h = 16, .ofs_x = 0, .ofs_y = 0},
    {.bitmap_index = 38839, .adv_w = 319, .box_w = 19, .box_h = 16, .ofs_x = 0, .ofs_y = 0},
    {.bitmap_index = 38991, .adv_w = 241, .box_w = 14, .box_h = 21, .ofs_x = 1, .ofs_y = -4},
    {.bitmap_index = 39138, .adv_w = 257, .box_w = 14, .box_h = 18, .ofs_x = 2, .ofs_y = -2},
    {.bitmap_index = 39264, .adv_w = 176, .box_w = 13, .box_h = 16, .ofs_x = -1, .ofs_y = 0},
    {.bitmap_index = 39368, .adv_w = 241, .box_w = 15, .box_h = 16, .ofs_x = 0, .ofs_y = 0},
    {.bitmap_index = 39488, .adv_w = 150, .box_w = 9, .box_h = 17, .ofs_x = 0, .ofs_y = 0},
    {.bitmap_index = 39565, .adv_w = 212, .box_w = 14, .box_h = 21, .ofs_x = 0, .ofs_y = -5},
    {.bitmap_index = 39712, .adv_w = 282, .box_w = 17, .box_h = 20, .ofs_x = 1, .ofs_y = 0},
    {.bitmap_index = 39882, .adv_w = 244, .box_w = 15, .box_h = 16, .ofs_x = 1, .ofs_y = 0},
    {.bitmap_index = 40002, .adv_w = 301, .box_w = 19, .box_h = 16, .ofs_x = 0, .ofs_y = 0},
    {.bitmap_index = 40154, .adv_w = 275, .box_w = 15, .box_h = 17, .ofs_x = 1, .ofs_y = 0},
    {.bitmap_index = 40282, .adv_w = 247, .box_w = 18, .box_h = 18, .ofs_x = -1, .ofs_y = 0},
    {.bitmap_index = 40444, .adv_w = 229, .box_w = 16, .box_h = 18, .ofs_x = -1, .ofs_y = -4},
    {.bitmap_index = 40588, .adv_w = 233, .box_w = 15, .box_h = 16, .ofs_x = 0, .ofs_y = 0},
    {.bitmap_index = 40708, .adv_w = 187, .box_w = 11, .box_h = 12, .ofs_x = 0, .ofs_y = 0},
    {.bitmap_index = 40774, .adv_w = 222, .box_w = 13, .box_h = 16, .ofs_x = 0, .ofs_y = 0},
    {.bitmap_index = 40878, .adv_w = 224, .box_w = 13, .box_h = 16, .ofs_x = 1, .ofs_y = 0},
    {.bitmap_index = 40982, .adv_w = 192, .box_w = 13, .box_h = 16, .ofs_x = 0, .ofs_y = -4},
    {.bitmap_index = 41086, .adv_w = 107, .box_w = 3, .box_h = 21, .ofs_x = 2, .ofs_y = -4},
    {.bitmap_index = 41118, .adv_w = 184, .box_w = 8, .box_h = 21, .ofs_x = 2, .ofs_y = -4},
    {.bitmap_index = 41202, .adv_w = 222, .box_w = 14, .box_h = 21, .ofs_x = 0, .ofs_y = -4},
    {.bitmap_index = 41349, .adv_w = 98, .box_w = 4, .box_h = 16, .ofs_x = 1, .ofs_y = 0},
    {.bitmap_index = 41381, .adv_w = 522, .box_w = 31, .box_h = 20, .ofs_x = 2, .ofs_y = 0},
    {.bitmap_index = 41691, .adv_w = 478, .box_w = 28, .box_h = 17, .ofs_x = 2, .ofs_y = 0},
    {.bitmap_index = 41929, .adv_w = 430, .box_w = 26, .box_h = 17, .ofs_x = 0, .ofs_y = 0},
    {.bitmap_index = 42150, .adv_w = 399, .box_w = 21, .box_h = 16, .ofs_x = 2, .ofs_y = 0},
    {.bitmap_index = 42318, .adv_w = 315, .box_w = 17, .box_h = 22, .ofs_x = 2, .ofs_y = -4},
    {.bitmap_index = 42505, .adv_w = 206, .box_w = 11, .box_h = 22, .ofs_x = 1, .ofs_y = -4},
    {.bitmap_index = 42626, .adv_w = 471, .box_w = 26, .box_h = 16, .ofs_x = 2, .ofs_y = 0},
    {.bitmap_index = 42834, .adv_w = 396, .box_w = 22, .box_h = 22, .ofs_x = 2, .ofs_y = -4},
    {.bitmap_index = 43076, .adv_w = 345, .box_w = 20, .box_h = 22, .ofs_x = 1, .ofs_y = -4},
    {.bitmap_index = 43296, .adv_w = 264, .box_w = 18, .box_h = 20, .ofs_x = -1, .ofs_y = 0},
    {.bitmap_index = 43476, .adv_w = 214, .box_w = 12, .box_h = 17, .ofs_x = 0, .ofs_y = 0},
    {.bitmap_index = 43578, .adv_w = 112, .box_w = 9, .box_h = 20, .ofs_x = -1, .ofs_y = 0},
    {.bitmap_index = 43668, .adv_w = 102, .box_w = 8, .box_h = 17, .ofs_x = -1, .ofs_y = 0},
    {.bitmap_index = 43736, .adv_w = 296, .box_w = 18, .box_h = 20, .ofs_x = 0, .ofs_y = 0},
    {.bitmap_index = 43916, .adv_w = 227, .box_w = 14, .box_h = 17, .ofs_x = 0, .ofs_y = 0},
    {.bitmap_index = 44035, .adv_w = 278, .box_w = 15, .box_h = 20, .ofs_x = 1, .ofs_y = 0},
    {.bitmap_index = 44185, .adv_w = 240, .box_w = 13, .box_h = 17, .ofs_x = 1, .ofs_y = 0},
    {.bitmap_index = 44296, .adv_w = 278, .box_w = 15, .box_h = 23, .ofs_x = 1, .ofs_y = 0},
    {.bitmap_index = 44469, .adv_w = 240, .box_w = 13, .box_h = 19, .ofs_x = 1, .ofs_y = 0},
    {.bitmap_index = 44593, .adv_w = 278, .box_w = 15, .box_h = 23, .ofs_x = 1, .ofs_y = 0},
    {.bitmap_index = 44766, .adv_w = 240, .box_w = 13, .box_h = 20, .ofs_x = 1, .ofs_y = 0},
    {.bitmap_index = 44896, .adv_w = 278, .box_w = 15, .box_h = 24, .ofs_x = 1, .ofs_y = 0},
    {.bitmap_index = 45076, .adv_w = 240, .box_w = 13, .box_h = 20, .ofs_x = 1, .ofs_y = 0},
    {.bitmap_index = 45206, .adv_w = 278, .box_w = 15, .box_h = 23, .ofs_x = 1, .ofs_y = 0},
    {.bitmap_index = 45379, .adv_w = 240, .box_w = 13, .box_h = 20, .ofs_x = 1, .ofs_y = 0},
    {.bitmap_index = 45509, .adv_w = 219, .box_w = 13, .box_h = 12, .ofs_x = 0, .ofs_y = 0},
    {.bitmap_index = 45587, .adv_w = 264, .box_w = 18, .box_h = 23, .ofs_x = -1, .ofs_y = 0},
    {.bitmap_index = 45794, .adv_w = 214, .box_w = 12, .box_h = 19, .ofs_x = 0, .ofs_y = 0},
    {.bitmap_index = 45908, .adv_w = 264, .box_w = 18, .box_h = 23, .ofs_x = -1, .ofs_y = 0},
    {.bitmap_index = 46115, .adv_w = 214, .box_w = 12, .box_h = 19, .ofs_x = 0, .ofs_y = 0},
    {.bitmap_index = 46229, .adv_w = 374, .box_w = 24, .box_h = 19, .ofs_x = -1, .ofs_y = 0},
    {.bitmap_index = 46457, .adv_w = 350, .box_w = 22, .box_h = 16, .ofs_x = 0, .ofs_y = 0},
    {.bitmap_index = 46633, .adv_w = 283, .box_w = 18, .box_h = 16, .ofs_x = 0, .ofs_y = 0},
    {.bitmap_index = 46777, .adv_w = 248, .box_w = 16, .box_h = 16, .ofs_x = 0, .ofs_y = -4},
    {.bitmap_index = 46905, .adv_w = 272, .box_w = 16, .box_h = 20, .ofs_x = 0, .ofs_y = 0},
    {.bitmap_index = 47065, .adv_w = 244, .box_w = 14, .box_h = 21, .ofs_x = 0, .ofs_y = -4},
    {.bitmap_index = 47212, .adv_w = 257, .box_w = 15, .box_h = 20, .ofs_x = 2, .ofs_y = 0},
    {.bitmap_index = 47362, .adv_w = 224, .box_w = 17, .box_h = 21, .ofs_x = -2, .ofs_y = 0},
    {.bitmap_index = 47541, .adv_w = 296, .box_w = 18, .box_h = 21, .ofs_x = 0, .ofs_y = -5},
    {.bitmap_index = 47730, .adv_w = 227, .box_w = 14, .box_h = 17, .ofs_x = 0, .ofs_y = -5},
    {.bitmap_index = 47849, .adv_w = 296, .box_w = 18, .box_h = 25, .ofs_x = 0, .ofs_y = -5},
    {.bitmap_index = 48074, .adv_w = 227, .box_w = 14, .box_h = 21, .ofs_x = 0, .ofs_y = -5},
    {.bitmap_index = 48221, .adv_w = 222, .box_w = 13, .box_h = 20, .ofs_x = 0, .ofs_y = 0},
    {.bitmap_index = 48351, .adv_w = 190, .box_w = 13, .box_h = 21, .ofs_x = -1, .ofs_y = -4},
    {.bitmap_index = 48488, .adv_w = 104, .box_w = 10, .box_h = 21, .ofs_x = -3, .ofs_y = -4},
    {.bitmap_index = 48593, .adv_w = 522, .box_w = 31, .box_h = 16, .ofs_x = 2, .ofs_y = 0},
    {.bitmap_index = 48841, .adv_w = 478, .box_w = 28, .box_h = 16, .ofs_x = 2, .ofs_y = 0},
    {.bitmap_index = 49065, .adv_w = 429, .box_w = 27, .box_h = 17, .ofs_x = 0, .ofs_y = 0},
    {.bitmap_index = 49295, .adv_w = 272, .box_w = 16, .box_h = 20, .ofs_x = 0, .ofs_y = 0},
    {.bitmap_index = 49455, .adv_w = 244, .box_w = 14, .box_h = 21, .ofs_x = 0, .ofs_y = -4},
    {.bitmap_index = 49602, .adv_w = 285, .box_w = 14, .box_h = 20, .ofs_x = 2, .ofs_y = 0},
    {.bitmap_index = 49742, .adv_w = 241, .box_w = 13, .box_h = 17, .ofs_x = 1, .ofs_y = 0},
    {.bitmap_index = 49853, .adv_w = 264, .box_w = 18, .box_h = 24, .ofs_x = -1, .ofs_y = 0},
    {.bitmap_index = 50069, .adv_w = 214, .box_w = 12, .box_h = 20, .ofs_x = 0, .ofs_y = 0},
    {.bitmap_index = 50189, .adv_w = 374, .box_w = 24, .box_h = 20, .ofs_x = -1, .ofs_y = 0},
    {.bitmap_index = 50429, .adv_w = 350, .box_w = 22, .box_h = 17, .ofs_x = 0, .ofs_y = 0},
    {.bitmap_index = 50616, .adv_w = 296, .box_w = 18, .box_h = 22, .ofs_x = 0, .ofs_y = -2},
    {.bitmap_index = 50814, .adv_w = 227, .box_w = 14, .box_h = 19, .ofs_x = 0, .ofs_y = -2},
    {.bitmap_index = 50947, .adv_w = 264, .box_w = 18, .box_h = 20, .ofs_x = -1, .ofs_y = 0},
    {.bitmap_index = 51127, .adv_w = 214, .box_w = 12, .box_h = 17, .ofs_x = 0, .ofs_y = 0},
    {.bitmap_index = 51229, .adv_w = 264, .box_w = 18, .box_h = 20, .ofs_x = -1, .ofs_y = 0},
    {.bitmap_index = 51409, .adv_w = 214, .box_w = 12, .box_h = 17, .ofs_x = 0, .ofs_y = 0},
    {.bitmap_index = 51511, .adv_w = 236, .box_w = 12, .box_h = 20, .ofs_x = 2, .ofs_y = 0},
    {.bitmap_index = 51631, .adv_w = 219, .box_w = 13, .box_h = 17, .ofs_x = 0, .ofs_y = 0},
    {.bitmap_index = 51742, .adv_w = 236, .box_w = 12, .box_h = 20, .ofs_x = 2, .ofs_y = 0},
    {.bitmap_index = 51862, .adv_w = 219, .box_w = 13, .box_h = 17, .ofs_x = 0, .ofs_y = 0},
    {.bitmap_index = 51973, .adv_w = 112, .box_w = 9, .box_h = 20, .ofs_x = -2, .ofs_y = 0},
    {.bitmap_index = 52063, .adv_w = 102, .box_w = 10, .box_h = 17, .ofs_x = -3, .ofs_y = 0},
    {.bitmap_index = 52148, .adv_w = 112, .box_w = 9, .box_h = 20, .ofs_x = -1, .ofs_y = 0},
    {.bitmap_index = 52238, .adv_w = 102, .box_w = 8, .box_h = 17, .ofs_x = -1, .ofs_y = 0},
    {.bitmap_index = 52306, .adv_w = 296, .box_w = 18, .box_h = 21, .ofs_x = 0, .ofs_y = 0},
    {.bitmap_index = 52495, .adv_w = 227, .box_w = 14, .box_h = 17, .ofs_x = 0, .ofs_y = 0},
    {.bitmap_index = 52614, .adv_w = 296, .box_w = 18, .box_h = 20, .ofs_x = 0, .ofs_y = 0},
    {.bitmap_index = 52794, .adv_w = 227, .box_w = 14, .box_h = 17, .ofs_x = 0, .ofs_y = 0},
    {.bitmap_index = 52913, .adv_w = 257, .box_w = 14, .box_h = 20, .ofs_x = 2, .ofs_y = 0},
    {.bitmap_index = 53053, .adv_w = 148, .box_w = 10, .box_h = 17, .ofs_x = -1, .ofs_y = 0},
    {.bitmap_index = 53138, .adv_w = 257, .box_w = 14, .box_h = 20, .ofs_x = 2, .ofs_y = 0},
    {.bitmap_index = 53278, .adv_w = 148, .box_w = 8, .box_h = 17, .ofs_x = 1, .ofs_y = 0},
    {.bitmap_index = 53346, .adv_w = 278, .box_w = 15, .box_h = 21, .ofs_x = 1, .ofs_y = 0},
    {.bitmap_index = 53504, .adv_w = 240, .box_w = 13, .box_h = 17, .ofs_x = 1, .ofs_y = 0},
    {.bitmap_index = 53615, .adv_w = 278, .box_w = 15, .box_h = 20, .ofs_x = 1, .ofs_y = 0},
    {.bitmap_index = 53765, .adv_w = 240, .box_w = 13, .box_h = 17, .ofs_x = 1, .ofs_y = 0},
    {.bitmap_index = 53876, .adv_w = 221, .box_w = 14, .box_h = 22, .ofs_x = 0, .ofs_y = -6},
    {.bitmap_index = 54030, .adv_w = 181, .box_w = 11, .box_h = 18, .ofs_x = 0, .ofs_y = -6},
    {.bitmap_index = 54129, .adv_w = 212, .box_w = 14, .box_h = 22, .ofs_x = 0, .ofs_y = -6},
    {.bitmap_index = 54283, .adv_w = 149, .box_w = 9, .box_h = 21, .ofs_x = 0, .ofs_y = -6},
    {.bitmap_index = 54378, .adv_w = 220, .box_w = 14, .box_h = 19, .ofs_x = -1, .ofs_y = -3},
    {.bitmap_index = 54511, .adv_w = 189, .box_w = 11, .box_h = 17, .ofs_x = 0, .ofs_y = -5},
    {.bitmap_index = 54605, .adv_w = 285, .box_w = 14, .box_h = 20, .ofs_x = 2, .ofs_y = 0},
    {.bitmap_index = 54745, .adv_w = 241, .box_w = 16, .box_h = 21, .ofs_x = -2, .ofs_y = 0},
    {.bitmap_index = 54913, .adv_w = 285, .box_w = 14, .box_h = 20, .ofs_x = 2, .ofs_y = -4},
    {.bitmap_index = 55053, .adv_w = 262, .box_w = 15, .box_h = 16, .ofs_x = 1, .ofs_y = 0},
    {.bitmap_index = 55173, .adv_w = 230, .box_w = 14, .box_h = 17, .ofs_x = 0, .ofs_y = 0},
    {.bitmap_index = 55292, .adv_w = 264, .box_w = 18, .box_h = 21, .ofs_x = -1, .ofs_y = 0},
    {.bitmap_index = 55481, .adv_w = 214, .box_w = 12, .box_h = 18, .ofs_x = 0, .ofs_y = 0},
    {.bitmap_index = 55589, .adv_w = 236, .box_w = 12, .box_h = 22, .ofs_x = 2, .ofs_y = -6},
    {.bitmap_index = 55721, .adv_w = 219, .box_w = 13, .box_h = 18, .ofs_x = 0, .ofs_y = -6},
    {.bitmap_index = 55838, .adv_w = 296, .box_w = 18, .box_h = 23, .ofs_x = 0, .ofs_y = 0},
    {.bitmap_index = 56045, .adv_w = 227, .box_w = 14, .box_h = 19, .ofs_x = 0, .ofs_y = 0},
    {.bitmap_index = 56178, .adv_w = 296, .box_w = 18, .box_h = 23, .ofs_x = 0, .ofs_y = 0},
    {.bitmap_index = 56385, .adv_w = 227, .box_w = 14, .box_h = 19, .ofs_x = 0, .ofs_y = 0},
    {.bitmap_index = 56518, .adv_w = 296, .box_w = 18, .box_h = 21, .ofs_x = 0, .ofs_y = 0},
    {.bitmap_index = 56707, .adv_w = 227, .box_w = 14, .box_h = 18, .ofs_x = 0, .ofs_y = 0},
    {.bitmap_index = 56833, .adv_w = 296, .box_w = 18, .box_h = 23, .ofs_x = 0, .ofs_y = 0},
    {.bitmap_index = 57040, .adv_w = 227, .box_w = 14, .box_h = 19, .ofs_x = 0, .ofs_y = 0},
    {.bitmap_index = 57173, .adv_w = 233, .box_w = 16, .box_h = 19, .ofs_x = -1, .ofs_y = 0},
    {.bitmap_index = 57325, .adv_w = 203, .box_w = 14, .box_h = 20, .ofs_x = -1, .ofs_y = -4},
    {.bitmap_index = 57465, .adv_w = 104, .box_w = 8, .box_h = 16, .ofs_x = -3, .ofs_y = -4},
    {.bitmap_index = 57529, .adv_w = 262, .box_w = 18, .box_h = 19, .ofs_x = -1, .ofs_y = -2},
    {.bitmap_index = 57700, .adv_w = 253, .box_w = 16, .box_h = 20, .ofs_x = 0, .ofs_y = -2},
    {.bitmap_index = 57860, .adv_w = 205, .box_w = 13, .box_h = 16, .ofs_x = 0, .ofs_y = -2},
    {.bitmap_index = 57964, .adv_w = 214, .box_w = 14, .box_h = 16, .ofs_x = 0, .ofs_y = 0},
    {.bitmap_index = 58076, .adv_w = 210, .box_w = 14, .box_h = 19, .ofs_x = 0, .ofs_y = -2},
    {.bitmap_index = 58209, .adv_w = 205, .box_w = 14, .box_h = 16, .ofs_x = -1, .ofs_y = 0},
    {.bitmap_index = 58321, .adv_w = 187, .box_w = 12, .box_h = 12, .ofs_x = -1, .ofs_y = 0},
    {.bitmap_index = 58393, .adv_w = 275, .box_w = 17, .box_h = 16, .ofs_x = 0, .ofs_y = 0},
    {.bitmap_index = 58529, .adv_w = 278, .box_w = 19, .box_h = 16, .ofs_x = -1, .ofs_y = 0},
    {.bitmap_index = 58681, .adv_w = 257, .box_w = 18, .box_h = 16, .ofs_x = -1, .ofs_y = 0},
    {.bitmap_index = 58825, .adv_w = 236, .box_w = 12, .box_h = 19, .ofs_x = 2, .ofs_y = -2},
    {.bitmap_index = 58939, .adv_w = 219, .box_w = 13, .box_h = 16, .ofs_x = 0, .ofs_y = -2},
    {.bitmap_index = 59043, .adv_w = 188, .box_w = 13, .box_h = 16, .ofs_x = -1, .ofs_y = 0},
    {.bitmap_index = 59147, .adv_w = 120, .box_w = 10, .box_h = 22, .ofs_x = -2, .ofs_y = -4},
    {.bitmap_index = 59257, .adv_w = 310, .box_w = 21, .box_h = 20, .ofs_x = 0, .ofs_y = -4},
    {.bitmap_index = 59467, .adv_w = 240, .box_w = 17, .box_h = 16, .ofs_x = 0, .ofs_y = -4},
    {.bitmap_index = 59603, .adv_w = 257, .box_w = 17, .box_h = 16, .ofs_x = -1, .ofs_y = 0},
    {.bitmap_index = 59739, .adv_w = 156, .box_w = 10, .box_h = 12, .ofs_x = 0, .ofs_y = 0},
    {.bitmap_index = 59799, .adv_w = 233, .box_w = 16, .box_h = 16, .ofs_x = -1, .ofs_y = 0},
    {.bitmap_index = 59927, .adv_w = 207, .box_w = 14, .box_h = 16, .ofs_x = -1, .ofs_y = -4},
    {.bitmap_index = 60039, .adv_w = 264, .box_w = 18, .box_h = 16, .ofs_x = -1, .ofs_y = 0},
    {.bitmap_index = 60183, .adv_w = 257, .box_w = 18, .box_h = 16, .ofs_x = -1, .ofs_y = 0},
    {.bitmap_index = 60327, .adv_w = 204, .box_w = 19, .box_h = 20, .ofs_x = -3, .ofs_y = -4},
    {.bitmap_index = 60517, .adv_w = 294, .box_w = 19, .box_h = 16, .ofs_x = 0, .ofs_y = 0},
    {.bitmap_index = 60669, .adv_w = 203, .box_w = 14, .box_h = 17, .ofs_x = -1, .ofs_y = 0},
    {.bitmap_index = 60788, .adv_w = 241, .box_w = 13, .box_h = 16, .ofs_x = 1, .ofs_y = -4},
    {.bitmap_index = 60892, .adv_w = 256, .box_w = 17, .box_h = 12, .ofs_x = -1, .ofs_y = 0},
    {.bitmap_index = 60994, .adv_w = 200, .box_w = 16, .box_h = 16, .ofs_x = -1, .ofs_y = -4},
    {.bitmap_index = 61122, .adv_w = 236, .box_w = 12, .box_h = 20, .ofs_x = 2, .ofs_y = 0},
    {.bitmap_index = 61242, .adv_w = 236, .box_w = 12, .box_h = 20, .ofs_x = 2, .ofs_y = 0},
    {.bitmap_index = 61362, .adv_w = 296, .box_w = 18, .box_h = 17, .ofs_x = 0, .ofs_y = -1},
    {.bitmap_index = 61515, .adv_w = 206, .box_w = 11, .box_h = 20, .ofs_x = 2, .ofs_y = 0},
    {.bitmap_index = 61625, .adv_w = 250, .box_w = 15, .box_h = 16, .ofs_x = 1, .ofs_y = 0},
    {.bitmap_index = 61745, .adv_w = 227, .box_w = 14, .box_h = 16, .ofs_x = 0, .ofs_y = 0},
    {.bitmap_index = 61857, .adv_w = 115, .box_w = 3, .box_h = 16, .ofs_x = 2, .ofs_y = 0},
    {.bitmap_index = 61881, .adv_w = 112, .box_w = 7, .box_h = 20, .ofs_x = 0, .ofs_y = 0},
    {.bitmap_index = 61951, .adv_w = 195, .box_w = 11, .box_h = 16, .ofs_x = 0, .ofs_y = 0},
    {.bitmap_index = 62039, .adv_w = 417, .box_w = 26, .box_h = 16, .ofs_x = 0, .ofs_y = 0},
    {.bitmap_index = 62247, .adv_w = 414, .box_w = 24, .box_h = 16, .ofs_x = 2, .ofs_y = 0},
    {.bitmap_index = 62439, .adv_w = 299, .box_w = 18, .box_h = 16, .ofs_x = 0, .ofs_y = 0},
    {.bitmap_index = 62583, .adv_w = 254, .box_w = 14, .box_h = 20, .ofs_x = 2, .ofs_y = 0},
    {.bitmap_index = 62723, .adv_w = 289, .box_w = 14, .box_h = 20, .ofs_x = 2, .ofs_y = 0},
    {.bitmap_index = 62863, .adv_w = 249, .box_w = 16, .box_h = 21, .ofs_x = 0, .ofs_y = 0},
    {.bitmap_index = 63031, .adv_w = 284, .box_w = 14, .box_h = 20, .ofs_x = 2, .ofs_y = -4},
    {.bitmap_index = 63171, .adv_w = 274, .box_w = 17, .box_h = 16, .ofs_x = 0, .ofs_y = 0},
    {.bitmap_index = 63307, .adv_w = 259, .box_w = 14, .box_h = 16, .ofs_x = 2, .ofs_y = 0},
    {.bitmap_index = 63419, .adv_w = 263, .box_w = 14, .box_h = 16, .ofs_x = 2, .ofs_y = 0},
    {.bitmap_index = 63531, .adv_w = 206, .box_w = 11, .box_h = 16, .ofs_x = 2, .ofs_y = 0},
    {.bitmap_index = 63619, .adv_w = 287, .box_w = 18, .box_h = 20, .ofs_x = 0, .ofs_y = -4},
    {.bitmap_index = 63799, .adv_w = 236, .box_w = 12, .box_h = 16, .ofs_x = 2, .ofs_y = 0},
    {.bitmap_index = 63895, .adv_w = 370, .box_w = 23, .box_h = 16, .ofs_x = 0, .ofs_y = 0},
    {.bitmap_index = 64079, .adv_w = 226, .box_w = 15, .box_h = 16, .ofs_x = -1, .ofs_y = 0},
    {.bitmap_index = 64199, .adv_w = 289, .box_w = 14, .box_h = 16, .ofs_x = 2, .ofs_y = 0},
    {.bitmap_index = 64311, .adv_w = 289, .box_w = 14, .box_h = 20, .ofs_x = 2, .ofs_y = 0},
    {.bitmap_index = 64451, .adv_w = 254, .box_w = 14, .box_h = 16, .ofs_x = 2, .ofs_y = 0},
    {.bitmap_index = 64563, .adv_w = 280, .box_w = 16, .box_h = 16, .ofs_x = 0, .ofs_y = 0},
    {.bitmap_index = 64691, .adv_w = 339, .box_w = 18, .box_h = 16, .ofs_x = 2, .ofs_y = 0},
    {.bitmap_index = 64835, .adv_w = 288, .box_w = 14, .box_h = 16, .ofs_x = 2, .ofs_y = 0},
    {.bitmap_index = 64947, .adv_w = 297, .box_w = 18, .box_h = 16, .ofs_x = 0, .ofs_y = 0},
    {.bitmap_index = 65091, .adv_w = 288, .box_w = 14, .box_h = 16, .ofs_x = 2, .ofs_y = 0},
    {.bitmap_index = 65203, .adv_w = 253, .box_w = 14, .box_h = 16, .ofs_x = 2, .ofs_y = 0},
    {.bitmap_index = 65315, .adv_w = 254, .box_w = 15, .box_h = 16, .ofs_x = 1, .ofs_y = 0},
    {.bitmap_index = 65435, .adv_w = 218, .box_w = 14, .box_h = 16, .ofs_x = 0, .ofs_y = 0},
    {.bitmap_index = 65547, .adv_w = 249, .box_w = 16, .box_h = 16, .ofs_x = 0, .ofs_y = 0},
    {.bitmap_index = 65675, .adv_w = 330, .box_w = 20, .box_h = 17, .ofs_x = 0, .ofs_y = -1},
    {.bitmap_index = 65845, .adv_w = 244, .box_w = 15, .box_h = 16, .ofs_x = 0, .ofs_y = 0},
    {.bitmap_index = 65965, .adv_w = 294, .box_w = 16, .box_h = 20, .ofs_x = 2, .ofs_y = -4},
    {.bitmap_index = 66125, .adv_w = 254, .box_w = 14, .box_h = 16, .ofs_x = 0, .ofs_y = 0},
    {.bitmap_index = 66237, .adv_w = 386, .box_w = 20, .box_h = 16, .ofs_x = 2, .ofs_y = 0},
    {.bitmap_index = 66397, .adv_w = 396, .box_w = 23, .box_h = 20, .ofs_x = 2, .ofs_y = -4},
    {.bitmap_index = 66627, .adv_w = 294, .box_w = 18, .box_h = 16, .ofs_x = 0, .ofs_y = 0},
    {.bitmap_index = 66771, .adv_w = 356, .box_w = 19, .box_h = 16, .ofs_x = 2, .ofs_y = 0},
    {.bitmap_index = 66923, .adv_w = 252, .box_w = 13, .box_h = 16, .ofs_x = 2, .ofs_y = 0},
    {.bitmap_index = 67027, .adv_w = 250, .box_w = 15, .box_h = 16, .ofs_x = 0, .ofs_y = 0},
    {.bitmap_index = 67147, .adv_w = 389, .box_w = 22, .box_h = 16, .ofs_x = 2, .ofs_y = 0},
    {.bitmap_index = 67323, .adv_w = 258, .box_w = 13, .box_h = 16, .ofs_x = 1, .ofs_y = 0},
    {.bitmap_index = 67427, .adv_w = 210, .box_w = 12, .box_h = 12, .ofs_x = 0, .ofs_y = 0},
    {.bitmap_index = 67499, .adv_w = 235, .box_w = 13, .box_h = 18, .ofs_x = 1, .ofs_y = 0},
    {.bitmap_index = 67616, .adv_w = 218, .box_w = 12, .box_h = 12, .ofs_x = 1, .ofs_y = 0},
    {.bitmap_index = 67688, .adv_w = 176, .box_w = 10, .box_h = 12, .ofs_x = 1, .ofs_y = 0},
    {.bitmap_index = 67748, .adv_w = 240, .box_w = 15, .box_h = 15, .ofs_x = 0, .ofs_y = -3},
    {.bitmap_index = 67861, .adv_w = 224, .box_w = 13, .box_h = 12, .ofs_x = 0, .ofs_y = 0},
    {.bitmap_index = 67939, .adv_w = 309, .box_w = 20, .box_h = 12, .ofs_x = 0, .ofs_y = 0},
    {.bitmap_index = 68059, .adv_w = 195, .box_w = 12, .box_h = 12, .ofs_x = 0, .ofs_y = 0},
    {.bitmap_index = 68131, .adv_w = 247, .box_w = 13, .box_h = 12, .ofs_x = 1, .ofs_y = 0},
    {.bitmap_index = 68209, .adv_w = 247, .box_w = 13, .box_h = 17, .ofs_x = 1, .ofs_y = 0},
    {.bitmap_index = 68320, .adv_w = 218, .box_w = 13, .box_h = 12, .ofs_x = 1, .ofs_y = 0},
    {.bitmap_index = 68398, .adv_w = 230, .box_w = 13, .box_h = 12, .ofs_x = 0, .ofs_y = 0},
    {.bitmap_index = 68476, .adv_w = 284, .box_w = 15, .box_h = 12, .ofs_x = 1, .ofs_y = 0},
    {.bitmap_index = 68566, .adv_w = 242, .box_w = 13, .box_h = 12, .ofs_x = 1, .ofs_y = 0},
    {.bitmap_index = 68644, .adv_w = 227, .box_w = 14, .box_h = 12, .ofs_x = 0, .ofs_y = 0},
    {.bitmap_index = 68728, .adv_w = 240, .box_w = 13, .box_h = 12, .ofs_x = 1, .ofs_y = 0},
    {.bitmap_index = 68806, .adv_w = 243, .box_w = 14, .box_h = 16, .ofs_x = 1, .ofs_y = -4},
    {.bitmap_index = 68918, .adv_w = 205, .box_w = 13, .box_h = 12, .ofs_x = 0, .ofs_y = 0},
    {.bitmap_index = 68996, .adv_w = 181, .box_w = 12, .box_h = 12, .ofs_x = 0, .ofs_y = 0},
    {.bitmap_index = 69068, .adv_w = 208, .box_w = 14, .box_h = 16, .ofs_x = -1, .ofs_y = -4},
    {.bitmap_index = 69180, .adv_w = 291, .box_w = 18, .box_h = 21, .ofs_x = 0, .ofs_y = -4},
    {.bitmap_index = 69369, .adv_w = 199, .box_w = 13, .box_h = 12, .ofs_x = 0, .ofs_y = 0},
    {.bitmap_index = 69447, .adv_w = 245, .box_w = 14, .box_h = 15, .ofs_x = 1, .ofs_y = -3},
    {.bitmap_index = 69552, .adv_w = 219, .box_w = 12, .box_h = 12, .ofs_x = 0, .ofs_y = 0},
    {.bitmap_index = 69624, .adv_w = 336, .box_w = 19, .box_h = 12, .ofs_x = 1, .ofs_y = 0},
    {.bitmap_index = 69738, .adv_w = 336, .box_w = 20, .box_h = 15, .ofs_x = 1, .ofs_y = -3},
    {.bitmap_index = 69888, .adv_w = 232, .box_w = 14, .box_h = 12, .ofs_x = 0, .ofs_y = 0},
    {.bitmap_index = 69972, .adv_w = 293, .box_w = 16, .box_h = 12, .ofs_x = 1, .ofs_y = 0},
    {.bitmap_index = 70068, .adv_w = 207, .box_w = 12, .box_h = 12, .ofs_x = 1, .ofs_y = 0},
    {.bitmap_index = 70140, .adv_w = 205, .box_w = 12, .box_h = 12, .ofs_x = 0, .ofs_y = 0},
    {.bitmap_index = 70212, .adv_w = 313, .box_w = 18, .box_h = 12, .ofs_x = 1, .ofs_y = 0},
    {.bitmap_index = 70320, .adv_w = 218, .box_w = 12, .box_h = 12, .ofs_x = 0, .ofs_y = 0},
    {.bitmap_index = 70392, .adv_w = 224, .box_w = 13, .box_h = 17, .ofs_x = 0, .ofs_y = 0},
    {.bitmap_index = 70503, .adv_w = 224, .box_w = 13, .box_h = 17, .ofs_x = 0, .ofs_y = 0},
    {.bitmap_index = 70614, .adv_w = 239, .box_w = 15, .box_h = 21, .ofs_x = -1, .ofs_y = -4},
    {.bitmap_index = 70772, .adv_w = 176, .box_w = 10, .box_h = 17, .ofs_x = 1, .ofs_y = 0},
    {.bitmap_index = 70857, .adv_w = 206, .box_w = 13, .box_h = 12, .ofs_x = 0, .ofs_y = 0},
    {.bitmap_index = 70935, .adv_w = 191, .box_w = 12, .box_h = 12, .ofs_x = 0, .ofs_y = 0},
    {.bitmap_index = 71007, .adv_w = 103, .box_w = 4, .box_h = 17, .ofs_x = 1, .ofs_y = 0},
    {.bitmap_index = 71041, .adv_w = 102, .box_w = 7, .box_h = 17, .ofs_x = 0, .ofs_y = 0},
    {.bitmap_index = 71101, .adv_w = 104, .box_w = 9, .box_h = 22, .ofs_x = -3, .ofs_y = -4},
    {.bitmap_index = 71200, .adv_w = 334, .box_w = 21, .box_h = 12, .ofs_x = 0, .ofs_y = 0},
    {.bitmap_index = 71326, .adv_w = 339, .box_w = 20, .box_h = 12, .ofs_x = 1, .ofs_y = 0},
    {.bitmap_index = 71446, .adv_w = 239, .box_w = 15, .box_h = 17, .ofs_x = -1, .ofs_y = 0},
    {.bitmap_index = 71574, .adv_w = 218, .box_w = 13, .box_h = 17, .ofs_x = 1, .ofs_y = 0},
    {.bitmap_index = 71685, .adv_w = 247, .box_w = 13, .box_h = 17, .ofs_x = 1, .ofs_y = 0},
    {.bitmap_index = 71796, .adv_w = 208, .box_w = 14, .box_h = 21, .ofs_x = -1, .ofs_y = -4},
    {.bitmap_index = 71943, .adv_w = 230, .box_w = 12, .box_h = 15, .ofs_x = 1, .ofs_y = -3},
    {.bitmap_index = 72033, .adv_w = 289, .box_w = 18, .box_h = 17, .ofs_x = 0, .ofs_y = 0},
    {.bitmap_index = 72186, .adv_w = 222, .box_w = 15, .box_h = 17, .ofs_x = -1, .ofs_y = 0},
    {.bitmap_index = 72314, .adv_w = 324, .box_w = 20, .box_h = 16, .ofs_x = 0, .ofs_y = 0},
    {.bitmap_index = 72474, .adv_w = 259, .box_w = 16, .box_h = 12, .ofs_x = 0, .ofs_y = 0},
    {.bitmap_index = 72570, .adv_w = 297, .box_w = 18, .box_h = 16, .ofs_x = 0, .ofs_y = 0},
    {.bitmap_index = 72714, .adv_w = 231, .box_w = 14, .box_h = 12, .ofs_x = 0, .ofs_y = 0},
    {.bitmap_index = 72798, .adv_w = 273, .box_w = 17, .box_h = 17, .ofs_x = 0, .ofs_y = 0},
    {.bitmap_index = 72943, .adv_w = 219, .box_w = 14, .box_h = 13, .ofs_x = 0, .ofs_y = 0},
    {.bitmap_index = 73034, .adv_w = 297, .box_w = 17, .box_h = 24, .ofs_x = 2, .ofs_y = -4},
    {.bitmap_index = 73238, .adv_w = 256, .box_w = 15, .box_h = 20, .ofs_x = 1, .ofs_y = -3},
    {.bitmap_index = 73388, .adv_w = 262, .box_w = 16, .box_h = 17, .ofs_x = 0, .ofs_y = 0},
    {.bitmap_index = 73524, .adv_w = 219, .box_w = 14, .box_h = 12, .ofs_x = 0, .ofs_y = 0},
    {.bitmap_index = 73608, .adv_w = 258, .box_w = 14, .box_h = 16, .ofs_x = 2, .ofs_y = 0},
    {.bitmap_index = 73720, .adv_w = 247, .box_w = 14, .box_h = 16, .ofs_x = 1, .ofs_y = -4},
    {.bitmap_index = 73832, .adv_w = 207, .box_w = 11, .box_h = 19, .ofs_x = 2, .ofs_y = 0},
    {.bitmap_index = 73937, .adv_w = 170, .box_w = 10, .box_h = 15, .ofs_x = 1, .ofs_y = 0},
    {.bitmap_index = 74012, .adv_w = 221, .box_w = 14, .box_h = 16, .ofs_x = 0, .ofs_y = 0},
    {.bitmap_index = 74124, .adv_w = 187, .box_w = 12, .box_h = 12, .ofs_x = 0, .ofs_y = 0},
    {.bitmap_index = 74196, .adv_w = 248, .box_w = 13, .box_h = 20, .ofs_x = 2, .ofs_y = -4},
    {.bitmap_index = 74326, .adv_w = 216, .box_w = 13, .box_h = 17, .ofs_x = 1, .ofs_y = -5},
    {.bitmap_index = 74437, .adv_w = 383, .box_w = 24, .box_h = 20, .ofs_x = 0, .ofs_y = -4},
    {.bitmap_index = 74677, .adv_w = 320, .box_w = 20, .box_h = 15, .ofs_x = 0, .ofs_y = -3},
    {.bitmap_index = 74827, .adv_w = 226, .box_w = 15, .box_h = 19, .ofs_x = -1, .ofs_y = -3},
    {.bitmap_index = 74970, .adv_w = 195, .box_w = 12, .box_h = 14, .ofs_x = 0, .ofs_y = -2},
    {.bitmap_index = 75054, .adv_w = 269, .box_w = 15, .box_h = 20, .ofs_x = 2, .ofs_y = -4},
    {.bitmap_index = 75204, .adv_w = 218, .box_w = 14, .box_h = 15, .ofs_x = 1, .ofs_y = -3},
    {.bitmap_index = 75309, .adv_w = 266, .box_w = 15, .box_h = 16, .ofs_x = 2, .ofs_y = 0},
    {.bitmap_index = 75429, .adv_w = 224, .box_w = 13, .box_h = 12, .ofs_x = 1, .ofs_y = 0},
    {.bitmap_index = 75507, .adv_w = 262, .box_w = 17, .box_h = 16, .ofs_x = 0, .ofs_y = 0},
    {.bitmap_index = 75643, .adv_w = 217, .box_w = 15, .box_h = 17, .ofs_x = -1, .ofs_y = 0},
    {.bitmap_index = 75771, .adv_w = 297, .box_w = 19, .box_h = 16, .ofs_x = 0, .ofs_y = 0},
    {.bitmap_index = 75923, .adv_w = 246, .box_w = 16, .box_h = 12, .ofs_x = 0, .ofs_y = 0},
    {.bitmap_index = 76019, .adv_w = 299, .box_w = 17, .box_h = 20, .ofs_x = 2, .ofs_y = -4},
    {.bitmap_index = 76189, .adv_w = 250, .box_w = 15, .box_h = 15, .ofs_x = 1, .ofs_y = -3},
    {.bitmap_index = 76302, .adv_w = 381, .box_w = 22, .box_h = 16, .ofs_x = 2, .ofs_y = 0},
    {.bitmap_index = 76478, .adv_w = 315, .box_w = 19, .box_h = 12, .ofs_x = 1, .ofs_y = 0},
    {.bitmap_index = 76592, .adv_w = 418, .box_w = 24, .box_h = 20, .ofs_x = 2, .ofs_y = -4},
    {.bitmap_index = 76832, .adv_w = 347, .box_w = 21, .box_h = 17, .ofs_x = 1, .ofs_y = -5},
    {.bitmap_index = 77011, .adv_w = 344, .box_w = 20, .box_h = 17, .ofs_x = 1, .ofs_y = -1},
    {.bitmap_index = 77181, .adv_w = 284, .box_w = 17, .box_h = 12, .ofs_x = 0, .ofs_y = 0},
    {.bitmap_index = 77283, .adv_w = 254, .box_w = 15, .box_h = 19, .ofs_x = 1, .ofs_y = -3},
    {.bitmap_index = 77426, .adv_w = 205, .box_w = 13, .box_h = 15, .ofs_x = 0, .ofs_y = -3},
    {.bitmap_index = 77524, .adv_w = 218, .box_w = 14, .box_h = 20, .ofs_x = 0, .ofs_y = -4},
    {.bitmap_index = 77664, .adv_w = 181, .box_w = 12, .box_h = 15, .ofs_x = 0, .ofs_y = -3},
    {.bitmap_index = 77754, .adv_w = 242, .box_w = 16, .box_h = 16, .ofs_x = 0, .ofs_y = 0},
    {.bitmap_index = 77882, .adv_w = 209, .box_w = 13, .box_h = 16, .ofs_x = 0, .ofs_y = -4},
    {.bitmap_index = 77986, .adv_w = 242, .box_w = 16, .box_h = 16, .ofs_x = 0, .ofs_y = 0},
    {.bitmap_index = 78114, .adv_w = 209, .box_w = 13, .box_h = 16, .ofs_x = 0, .ofs_y = -4},
    {.bitmap_index = 78218, .adv_w = 255, .box_w = 16, .box_h = 20, .ofs_x = 0, .ofs_y = -4},
    {.bitmap_index = 78378, .adv_w = 199, .box_w = 14, .box_h = 15, .ofs_x = 0, .ofs_y = -3},
    {.bitmap_index = 78483, .adv_w = 346, .box_w = 22, .box_h = 20, .ofs_x = 0, .ofs_y = -4},
    {.bitmap_index = 78703, .adv_w = 277, .box_w = 17, .box_h = 15, .ofs_x = 0, .ofs_y = -3},
    {.bitmap_index = 78831, .adv_w = 265, .box_w = 16, .box_h = 20, .ofs_x = 0, .ofs_y = -4},
    {.bitmap_index = 78991, .adv_w = 229, .box_w = 14, .box_h = 15, .ofs_x = 0, .ofs_y = -3},
    {.bitmap_index = 79096, .adv_w = 261, .box_w = 14, .box_h = 16, .ofs_x = 0, .ofs_y = 0},
    {.bitmap_index = 79208, .adv_w = 219, .box_w = 12, .box_h = 12, .ofs_x = 0, .ofs_y = 0},
    {.bitmap_index = 79280, .adv_w = 261, .box_w = 14, .box_h = 16, .ofs_x = 2, .ofs_y = 0},
    {.bitmap_index = 79392, .adv_w = 239, .box_w = 13, .box_h = 17, .ofs_x = 1, .ofs_y = 0},
    {.bitmap_index = 79503, .adv_w = 353, .box_w = 22, .box_h = 16, .ofs_x = 0, .ofs_y = 0},
    {.bitmap_index = 79679, .adv_w = 279, .box_w = 17, .box_h = 12, .ofs_x = 0, .ofs_y = 0},
    {.bitmap_index = 79781, .adv_w = 353, .box_w = 22, .box_h = 19, .ofs_x = 0, .ofs_y = -3},
    {.bitmap_index = 79990, .adv_w = 279, .box_w = 17, .box_h = 15, .ofs_x = 0, .ofs_y = -3},
    {.bitmap_index = 80118, .adv_w = 115, .box_w = 4, .box_h = 16, .ofs_x = 2, .ofs_y = 0},
    {.bitmap_index = 80150, .adv_w = 370, .box_w = 23, .box_h = 20, .ofs_x = 0, .ofs_y = 0},
    {.bitmap_index = 80380, .adv_w = 309, .box_w = 20, .box_h = 17, .ofs_x = 0, .ofs_y = 0},
    {.bitmap_index = 80550, .adv_w = 256, .box_w = 14, .box_h = 20, .ofs_x = 2, .ofs_y = -4},
    {.bitmap_index = 80690, .adv_w = 218, .box_w = 13, .box_h = 16, .ofs_x = 1, .ofs_y = -4},
    {.bitmap_index = 80794, .adv_w = 287, .box_w = 18, .box_h = 20, .ofs_x = 0, .ofs_y = -4},
    {.bitmap_index = 80974, .adv_w = 238, .box_w = 15, .box_h = 15, .ofs_x = 0, .ofs_y = -3},
    {.bitmap_index = 81087, .adv_w = 288, .box_w = 14, .box_h = 21, .ofs_x = 2, .ofs_y = -5},
    {.bitmap_index = 81234, .adv_w = 244, .box_w = 13, .box_h = 16, .ofs_x = 1, .ofs_y = -4},
    {.bitmap_index = 81338, .adv_w = 296, .box_w = 17, .box_h = 20, .ofs_x = 2, .ofs_y = -4},
    {.bitmap_index = 81508, .adv_w = 251, .box_w = 15, .box_h = 15, .ofs_x = 1, .ofs_y = -3},
    {.bitmap_index = 81621, .adv_w = 259, .box_w = 15, .box_h = 20, .ofs_x = 0, .ofs_y = -4},
    {.bitmap_index = 81771, .adv_w = 217, .box_w = 12, .box_h = 15, .ofs_x = 0, .ofs_y = -3},
    {.bitmap_index = 81861, .adv_w = 351, .box_w = 20, .box_h = 20, .ofs_x = 2, .ofs_y = -4},
    {.bitmap_index = 82061, .adv_w = 296, .box_w = 17, .box_h = 15, .ofs_x = 1, .ofs_y = -3},
    {.bitmap_index = 82189, .adv_w = 103, .box_w = 4, .box_h = 17, .ofs_x = 1, .ofs_y = 0},
    {.bitmap_index = 82223, .adv_w = 274, .box_w = 17, .box_h = 20, .ofs_x = 0, .ofs_y = 0},
    {.bitmap_index = 82393, .adv_w = 210, .box_w = 12, .box_h = 17, .ofs_x = 0, .ofs_y = 0},
    {.bitmap_index = 82495, .adv_w = 274, .box_w = 17, .box_h = 20, .ofs_x = 0, .ofs_y = 0},
    {.bitmap_index = 82665, .adv_w = 210, .box_w = 12, .box_h = 17, .ofs_x = 0, .ofs_y = 0},
    {.bitmap_index = 82767, .adv_w = 376, .box_w = 23, .box_h = 16, .ofs_x = 0, .ofs_y = 0},
    {.bitmap_index = 82951, .adv_w = 351, .box_w = 21, .box_h = 12, .ofs_x = 0, .ofs_y = 0},
    {.bitmap_index = 83077, .adv_w = 236, .box_w = 12, .box_h = 20, .ofs_x = 2, .ofs_y = 0},
    {.bitmap_index = 83197, .adv_w = 224, .box_w = 13, .box_h = 17, .ofs_x = 0, .ofs_y = 0},
    {.bitmap_index = 83308, .adv_w = 289, .box_w = 18, .box_h = 16, .ofs_x = 0, .ofs_y = 0},
    {.bitmap_index = 83452, .adv_w = 219, .box_w = 13, .box_h = 12, .ofs_x = 0, .ofs_y = 0},
    {.bitmap_index = 83530, .adv_w = 289, .box_w = 18, .box_h = 20, .ofs_x = 0, .ofs_y = 0},
    {.bitmap_index = 83710, .adv_w = 219, .box_w = 13, .box_h = 17, .ofs_x = 0, .ofs_y = 0},
    {.bitmap_index = 83821, .adv_w = 370, .box_w = 23, .box_h = 20, .ofs_x = 0, .ofs_y = 0},
    {.bitmap_index = 84051, .adv_w = 309, .box_w = 20, .box_h = 17, .ofs_x = 0, .ofs_y = 0},
    {.bitmap_index = 84221, .adv_w = 226, .box_w = 15, .box_h = 20, .ofs_x = -1, .ofs_y = 0},
    {.bitmap_index = 84371, .adv_w = 195, .box_w = 12, .box_h = 17, .ofs_x = 0, .ofs_y = 0},
    {.bitmap_index = 84473, .adv_w = 222, .box_w = 13, .box_h = 16, .ofs_x = 0, .ofs_y = 0},
    {.bitmap_index = 84577, .adv_w = 190, .box_w = 13, .box_h = 16, .ofs_x = -1, .ofs_y = -4},
    {.bitmap_index = 84681, .adv_w = 289, .box_w = 14, .box_h = 19, .ofs_x = 2, .ofs_y = 0},
    {.bitmap_index = 84814, .adv_w = 247, .box_w = 13, .box_h = 16, .ofs_x = 1, .ofs_y = 0},
    {.bitmap_index = 84918, .adv_w = 289, .box_w = 14, .box_h = 20, .ofs_x = 2, .ofs_y = 0},
    {.bitmap_index = 85058, .adv_w = 247, .box_w = 13, .box_h = 17, .ofs_x = 1, .ofs_y = 0},
    {.bitmap_index = 85169, .adv_w = 297, .box_w = 18, .box_h = 20, .ofs_x = 0, .ofs_y = 0},
    {.bitmap_index = 85349, .adv_w = 227, .box_w = 14, .box_h = 17, .ofs_x = 0, .ofs_y = 0},
    {.bitmap_index = 85468, .adv_w = 297, .box_w = 18, .box_h = 16, .ofs_x = 0, .ofs_y = 0},
    {.bitmap_index = 85612, .adv_w = 227, .box_w = 14, .box_h = 12, .ofs_x = 0, .ofs_y = 0},
    {.bitmap_index = 85696, .adv_w = 297, .box_w = 18, .box_h = 20, .ofs_x = 0, .ofs_y = 0},
    {.bitmap_index = 85876, .adv_w = 227, .box_w = 14, .box_h = 17, .ofs_x = 0, .ofs_y = 0},
    {.bitmap_index = 85995, .adv_w = 250, .box_w = 15, .box_h = 20, .ofs_x = 0, .ofs_y = 0},
    {.bitmap_index = 86145, .adv_w = 205, .box_w = 12, .box_h = 17, .ofs_x = 0, .ofs_y = 0},
    {.bitmap_index = 86247, .adv_w = 249, .box_w = 16, .box_h = 20, .ofs_x = 0, .ofs_y = 0},
    {.bitmap_index = 86407, .adv_w = 208, .box_w = 14, .box_h = 20, .ofs_x = -1, .ofs_y = -4},
    {.bitmap_index = 86547, .adv_w = 249, .box_w = 16, .box_h = 20, .ofs_x = 0, .ofs_y = 0},
    {.bitmap_index = 86707, .adv_w = 208, .box_w = 14, .box_h = 21, .ofs_x = -1, .ofs_y = -4},
    {.bitmap_index = 86854, .adv_w = 249, .box_w = 16, .box_h = 21, .ofs_x = 0, .ofs_y = 0},
    {.bitmap_index = 87022, .adv_w = 208, .box_w = 14, .box_h = 21, .ofs_x = -1, .ofs_y = -4},
    {.bitmap_index = 87169, .adv_w = 254, .box_w = 14, .box_h = 20, .ofs_x = 0, .ofs_y = 0},
    {.bitmap_index = 87309, .adv_w = 219, .box_w = 12, .box_h = 17, .ofs_x = 0, .ofs_y = 0},
    {.bitmap_index = 87411, .adv_w = 206, .box_w = 11, .box_h = 20, .ofs_x = 2, .ofs_y = -4},
    {.bitmap_index = 87521, .adv_w = 176, .box_w = 10, .box_h = 15, .ofs_x = 1, .ofs_y = -3},
    {.bitmap_index = 87596, .adv_w = 356, .box_w = 19, .box_h = 20, .ofs_x = 2, .ofs_y = 0},
    {.bitmap_index = 87786, .adv_w = 293, .box_w = 16, .box_h = 17, .ofs_x = 1, .ofs_y = 0},
    {.bitmap_index = 87922, .adv_w = 221, .box_w = 14, .box_h = 20, .ofs_x = 0, .ofs_y = -4},
    {.bitmap_index = 88062, .adv_w = 178, .box_w = 11, .box_h = 16, .ofs_x = 0, .ofs_y = -4},
    {.bitmap_index = 88150, .adv_w = 245, .box_w = 15, .box_h = 20, .ofs_x = 0, .ofs_y = -4},
    {.bitmap_index = 88300, .adv_w = 199, .box_w = 13, .box_h = 16, .ofs_x = 0, .ofs_y = -4},
    {.bitmap_index = 88404, .adv_w = 248, .box_w = 16, .box_h = 16, .ofs_x = 0, .ofs_y = 0},
    {.bitmap_index = 88532, .adv_w = 207, .box_w = 13, .box_h = 12, .ofs_x = 0, .ofs_y = 0},
    {.bitmap_index = 88610, .adv_w = 246, .box_w = 0, .box_h = 0, .ofs_x = 0, .ofs_y = 0},
    {.bitmap_index = 88610, .adv_w = 86, .box_w = 0, .box_h = 0, .ofs_x = 0, .ofs_y = 0},
    {.bitmap_index = 88610, .adv_w = 49, .box_w = 0, .box_h = 0, .ofs_x = 0, .ofs_y = 0},
    {.bitmap_index = 88610, .adv_w = 35, .box_w = 0, .box_h = 0, .ofs_x = 0, .ofs_y = 0},
    {.bitmap_index = 88610, .adv_w = 0, .box_w = 0, .box_h = 0, .ofs_x = 0, .ofs_y = 0},
    {.bitmap_index = 88610, .adv_w = 136, .box_w = 7, .box_h = 3, .ofs_x = 1, .ofs_y = 5},
    {.bitmap_index = 88621, .adv_w = 246, .box_w = 15, .box_h = 2, .ofs_x = 0, .ofs_y = 7},
    {.bitmap_index = 88636, .adv_w = 176, .box_w = 11, .box_h = 2, .ofs_x = 0, .ofs_y = 5},
    {.bitmap_index = 88647, .adv_w = 352, .box_w = 22, .box_h = 2, .ofs_x = 0, .ofs_y = 5},
    {.bitmap_index = 88669, .adv_w = 352, .box_w = 22, .box_h = 2, .ofs_x = 0, .ofs_y = 5},
    {.bitmap_index = 88691, .adv_w = 86, .box_w = 5, .box_h = 7, .ofs_x = 0, .ofs_y = 10},
    {.bitmap_index = 88709, .adv_w = 86, .box_w = 5, .box_h = 8, .ofs_x = 0, .ofs_y = 9},
    {.bitmap_index = 88729, .adv_w = 86, .box_w = 5, .box_h = 8, .ofs_x = 0, .ofs_y = -4},
    {.bitmap_index = 88749, .adv_w = 161, .box_w = 10, .box_h = 7, .ofs_x = 0, .ofs_y = 10},
    {.bitmap_index = 88784, .adv_w = 161, .box_w = 10, .box_h = 8, .ofs_x = 0, .ofs_y = 9},
    {.bitmap_index = 88824, .adv_w = 161, .box_w = 10, .box_h = 8, .ofs_x = 0, .ofs_y = -4},
    {.bitmap_index = 88864, .adv_w = 202, .box_w = 12, .box_h = 20, .ofs_x = 0, .ofs_y = -4},
    {.bitmap_index = 88984, .adv_w = 202, .box_w = 12, .box_h = 20, .ofs_x = 0, .ofs_y = -4},
    {.bitmap_index = 89104, .adv_w = 118, .box_w = 6, .box_h = 5, .ofs_x = 1, .ofs_y = 4},
    {.bitmap_index = 89119, .adv_w = 262, .box_w = 16, .box_h = 4, .ofs_x = 0, .ofs_y = 0},
    {.bitmap_index = 89151, .adv_w = 434, .box_w = 27, .box_h = 16, .ofs_x = 0, .ofs_y = 0},
    {.bitmap_index = 89367, .adv_w = 77, .box_w = 3, .box_h = 7, .ofs_x = 1, .ofs_y = 9},
    {.bitmap_index = 89378, .adv_w = 145, .box_w = 7, .box_h = 7, .ofs_x = 1, .ofs_y = 9},
    {.bitmap_index = 89403, .adv_w = 115, .box_w = 7, .box_h = 9, .ofs_x = 0, .ofs_y = 2},
    {.bitmap_index = 89435, .adv_w = 115, .box_w = 7, .box_h = 9, .ofs_x = 0, .ofs_y = 2},
    {.bitmap_index = 89467, .adv_w = 63, .box_w = 14, .box_h = 16, .ofs_x = -5, .ofs_y = 0},
    {.bitmap_index = 89579, .adv_w = 199, .box_w = 10, .box_h = 16, .ofs_x = 1, .ofs_y = 0},
    {.bitmap_index = 89659, .adv_w = 253, .box_w = 16, .box_h = 22, .ofs_x = 0, .ofs_y = -3},
    {.bitmap_index = 89835, .adv_w = 237, .box_w = 15, .box_h = 16, .ofs_x = 0, .ofs_y = 0},
    {.bitmap_index = 89955, .adv_w = 231, .box_w = 15, .box_h = 16, .ofs_x = 0, .ofs_y = 0},
    {.bitmap_index = 90075, .adv_w = 314, .box_w = 19, .box_h = 16, .ofs_x = 0, .ofs_y = 0},
    {.bitmap_index = 90227, .adv_w = 588, .box_w = 35, .box_h = 16, .ofs_x = 2, .ofs_y = 0},
    {.bitmap_index = 90507, .adv_w = 429, .box_w = 27, .box_h = 16, .ofs_x = 0, .ofs_y = 0},
    {.bitmap_index = 90723, .adv_w = 242, .box_w = 16, .box_h = 20, .ofs_x = 0, .ofs_y = -3},
    {.bitmap_index = 90883, .adv_w = 283, .box_w = 18, .box_h = 16, .ofs_x = 0, .ofs_y = 0},
    {.bitmap_index = 91027, .adv_w = 245, .box_w = 16, .box_h = 16, .ofs_x = 0, .ofs_y = 0},
    {.bitmap_index = 91155, .adv_w = 244, .box_w = 14, .box_h = 16, .ofs_x = 1, .ofs_y = 0},
    {.bitmap_index = 91267, .adv_w = 301, .box_w = 19, .box_h = 16, .ofs_x = 0, .ofs_y = 0},
    {.bitmap_index = 91419, .adv_w = 272, .box_w = 16, .box_h = 22, .ofs_x = 0, .ofs_y = -3},
    {.bitmap_index = 91595, .adv_w = 290, .box_w = 16, .box_h = 16, .ofs_x = 1, .ofs_y = 0},
    {.bitmap_index = 91723, .adv_w = 253, .box_w = 16, .box_h = 22, .ofs_x = 0, .ofs_y = -3},
    {.bitmap_index = 91899, .adv_w = 255, .box_w = 14, .box_h = 16, .ofs_x = 1, .ofs_y = 0},
    {.bitmap_index = 92011, .adv_w = 254, .box_w = 15, .box_h = 16, .ofs_x = 0, .ofs_y = 0},
    {.bitmap_index = 92131, .adv_w = 257, .box_w = 16, .box_h = 16, .ofs_x = 0, .ofs_y = 0},
    {.bitmap_index = 92259, .adv_w = 322, .box_w = 17, .box_h = 18, .ofs_x = 2, .ofs_y = 0},
    {.bitmap_index = 92412, .adv_w = 268, .box_w = 16, .box_h = 16, .ofs_x = 0, .ofs_y = 0},
    {.bitmap_index = 92540, .adv_w = 285, .box_w = 15, .box_h = 21, .ofs_x = 2, .ofs_y = -3},
    {.bitmap_index = 92698, .adv_w = 211, .box_w = 11, .box_h = 10, .ofs_x = 1, .ofs_y = 1},
    {.bitmap_index = 92753, .adv_w = 211, .box_w = 10, .box_h = 11, .ofs_x = 2, .ofs_y = 1},
    {.bitmap_index = 92808, .adv_w = 211, .box_w = 11, .box_h = 10, .ofs_x = 1, .ofs_y = 1},
    {.bitmap_index = 92863, .adv_w = 211, .box_w = 10, .box_h = 12, .ofs_x = 2, .ofs_y = 0},
    {.bitmap_index = 92923, .adv_w = 274, .box_w = 16, .box_h = 10, .ofs_x = 1, .ofs_y = 1},
    {.bitmap_index = 93003, .adv_w = 211, .box_w = 10, .box_h = 15, .ofs_x = 2, .ofs_y = 0},
    {.bitmap_index = 93078, .adv_w = 211, .box_w = 10, .box_h = 10, .ofs_x = 2, .ofs_y = 1},
    {.bitmap_index = 93128, .adv_w = 211, .box_w = 10, .box_h = 10, .ofs_x = 2, .ofs_y = 1},
    {.bitmap_index = 93178, .adv_w = 211, .box_w = 10, .box_h = 10, .ofs_x = 2, .ofs_y = 1},
    {.bitmap_index = 93228, .adv_w = 211, .box_w = 10, .box_h = 10, .ofs_x = 2, .ofs_y = 1}
};

/*---------------------
 *  CHARACTER MAPPING
 *--------------------*/

static const uint8_t glyph_id_ofs_list_3[] = {
    0, 1, 2, 3, 4, 5, 6, 0,
    7, 8, 9, 10, 11, 12, 13, 0,
    14, 15, 16, 17, 18, 19, 20, 21,
    22, 23, 24, 25, 0, 0, 26, 27,
    28, 0, 0, 29, 0, 0, 30, 31,
    32, 33, 34, 35, 36, 37, 38, 39,
    40, 41, 42, 43
};

static const uint8_t glyph_id_ofs_list_6[] = {
    0, 1, 0, 0, 2, 3, 4, 5,
    6, 7, 8, 9, 10, 11, 12, 13,
    14, 15, 0, 0, 0, 16, 0, 0,
    17, 18, 19, 20, 21
};

static const uint16_t unicode_list_8[] = {
    0x0, 0x7, 0x13, 0x15, 0x27, 0x28, 0x2c, 0x33
};

static const uint16_t unicode_list_10[] = {
    0x0, 0x1, 0x8, 0x9, 0x10, 0x11, 0x12, 0x13
};

static const uint16_t unicode_list_12[] = {
    0x0, 0x1, 0x2, 0x3, 0x4, 0x9, 0xb, 0xc,
    0xd, 0xe, 0x11, 0x12, 0x13, 0x15, 0x16, 0x17,
    0x19, 0x1a, 0x1b, 0x1f, 0x29, 0x2b, 0x2c, 0x32,
    0x33, 0x3d, 0x4b, 0x9a, 0x9c, 0x9d, 0x9f, 0xa0,
    0xa2, 0xa4, 0xa5, 0xa6, 0xa7, 0xaa, 0xab, 0xad,
    0xae, 0xb1, 0xb2, 0xb3, 0xb5, 0xb6, 0xb8
};

/*Collect the unicode lists and glyph_id offsets*/
static const lv_font_fmt_txt_cmap_t cmaps[] =
{
    {
        .range_start = 32, .range_length = 95, .glyph_id_start = 1,
        .unicode_list = NULL, .glyph_id_ofs_list = NULL, .list_length = 0, .type = LV_FONT_FMT_TXT_CMAP_FORMAT0_TINY
    },
    {
        .range_start = 160, .range_length = 13, .glyph_id_start = 96,
        .unicode_list = NULL, .glyph_id_ofs_list = NULL, .list_length = 0, .type = LV_FONT_FMT_TXT_CMAP_FORMAT0_TINY
    },
    {
        .range_start = 174, .range_length = 214, .glyph_id_start = 109,
        .unicode_list = NULL, .glyph_id_ofs_list = NULL, .list_length = 0, .type = LV_FONT_FMT_TXT_CMAP_FORMAT0_TINY
    },
    {
        .range_start = 390, .range_length = 52, .glyph_id_start = 323,
        .unicode_list = NULL, .glyph_id_ofs_list = glyph_id_ofs_list_3, .list_length = 52, .type = LV_FONT_FMT_TXT_CMAP_FORMAT0_FULL
    },
    {
        .range_start = 448, .range_length = 54, .glyph_id_start = 367,
        .unicode_list = NULL, .glyph_id_ofs_list = NULL, .list_length = 0, .type = LV_FONT_FMT_TXT_CMAP_FORMAT0_TINY
    },
    {
        .range_start = 504, .range_length = 41, .glyph_id_start = 421,
        .unicode_list = NULL, .glyph_id_ofs_list = NULL, .list_length = 0, .type = LV_FONT_FMT_TXT_CMAP_FORMAT0_TINY
    },
    {
        .range_start = 546, .range_length = 29, .glyph_id_start = 462,
        .unicode_list = NULL, .glyph_id_ofs_list = glyph_id_ofs_list_6, .list_length = 29, .type = LV_FONT_FMT_TXT_CMAP_FORMAT0_FULL
    },
    {
        .range_start = 577, .range_length = 15, .glyph_id_start = 484,
        .unicode_list = NULL, .glyph_id_ofs_list = NULL, .list_length = 0, .type = LV_FONT_FMT_TXT_CMAP_FORMAT0_TINY
    },
    {
        .range_start = 916, .range_length = 52, .glyph_id_start = 499,
        .unicode_list = unicode_list_8, .glyph_id_ofs_list = NULL, .list_length = 8, .type = LV_FONT_FMT_TXT_CMAP_SPARSE_TINY
    },
    {
        .range_start = 1024, .range_length = 96, .glyph_id_start = 507,
        .unicode_list = NULL, .glyph_id_ofs_list = NULL, .list_length = 0, .type = LV_FONT_FMT_TXT_CMAP_FORMAT0_TINY
    },
    {
        .range_start = 1122, .range_length = 20, .glyph_id_start = 603,
        .unicode_list = unicode_list_10, .glyph_id_ofs_list = NULL, .list_length = 8, .type = LV_FONT_FMT_TXT_CMAP_SPARSE_TINY
    },
    {
        .range_start = 1162, .range_length = 118, .glyph_id_start = 611,
        .unicode_list = NULL, .glyph_id_ofs_list = NULL, .list_length = 0, .type = LV_FONT_FMT_TXT_CMAP_FORMAT0_TINY
    },
    {
        .range_start = 8199, .range_length = 185, .glyph_id_start = 729,
        .unicode_list = unicode_list_12, .glyph_id_ofs_list = NULL, .list_length = 47, .type = LV_FONT_FMT_TXT_CMAP_SPARSE_TINY
    },
    {
        .range_start = 8592, .range_length = 10, .glyph_id_start = 776,
        .unicode_list = NULL, .glyph_id_ofs_list = NULL, .list_length = 0, .type = LV_FONT_FMT_TXT_CMAP_FORMAT0_TINY
    }
};



/*--------------------
 *  ALL CUSTOM DATA
 *--------------------*/

#if LVGL_VERSION_MAJOR == 8
/*Store all the custom data of the font*/
static  lv_font_fmt_txt_glyph_cache_t cache;
#endif

#if LVGL_VERSION_MAJOR >= 8
static const lv_font_fmt_txt_dsc_t font_dsc = {
#else
static lv_font_fmt_txt_dsc_t font_dsc = {
#endif
    .glyph_bitmap = glyph_bitmap,
    .glyph_dsc = glyph_dsc,
    .cmaps = cmaps,
    .kern_dsc = NULL,
    .kern_scale = 0,
    .cmap_num = 14,
    .bpp = 4,
    .kern_classes = 0,
    .bitmap_format = 0,
#if LVGL_VERSION_MAJOR == 8
    .cache = &cache
#endif
};

extern const lv_font_t lv_font_montserrat_22;


/*-----------------
 *  PUBLIC FONT
 *----------------*/

/*Initialize a public general font descriptor*/
#if LVGL_VERSION_MAJOR >= 8
const lv_font_t scry_font_montserrat_semibold_22 = {
#else
lv_font_t scry_font_montserrat_semibold_22 = {
#endif
    .get_glyph_dsc = lv_font_get_glyph_dsc_fmt_txt,    /*Function pointer to get glyph's data*/
    .get_glyph_bitmap = lv_font_get_bitmap_fmt_txt,    /*Function pointer to get glyph's bitmap*/
    .line_height = 30,          /*The maximum line height required by the font*/
    .base_line = 6,             /*Baseline measured from the bottom of the line*/
#if !(LVGL_VERSION_MAJOR == 6 && LVGL_VERSION_MINOR == 0)
    .subpx = LV_FONT_SUBPX_NONE,
#endif
#if LV_VERSION_CHECK(7, 4, 0) || LVGL_VERSION_MAJOR >= 8
    .underline_position = -2,
    .underline_thickness = 1,
#endif
    .dsc = &font_dsc,          /*The custom font data. Will be accessed by `get_glyph_bitmap/dsc` */
#if LV_VERSION_CHECK(8, 2, 0) || LVGL_VERSION_MAJOR >= 9
    .fallback = &lv_font_montserrat_22,
#endif
    .user_data = NULL,
};



#endif /*#if SCRY_FONT_MONTSERRAT_SEMIBOLD_22*/

