/*******************************************************************************
 * Size: 38 px
 * Bpp: 4
 * Opts: --size 38 --bpp 4 --no-compress --format lvgl --lv-include lvgl.h --font assets/fonts/Dosis-SemiBold.ttf -r 0x20-0x7E -r 0xA0-0xFF -r 0x100-0x17F --lv-fallback lv_font_montserrat_38 --lv-font-name scry_font_dosis_semibold_38 -o src/fonts/scry_font_dosis_semibold_38.c
 ******************************************************************************/

#ifdef LV_LVGL_H_INCLUDE_SIMPLE
#include "lvgl.h"
#else
#include "lvgl.h"
#endif

#ifndef SCRY_FONT_DOSIS_SEMIBOLD_38
#define SCRY_FONT_DOSIS_SEMIBOLD_38 1
#endif

#if SCRY_FONT_DOSIS_SEMIBOLD_38

/*-----------------
 *    BITMAPS
 *----------------*/

/*Store the image of the glyphs*/
static LV_ATTRIBUTE_LARGE_CONST const uint8_t glyph_bitmap[] = {
    /* U+0020 " " */

    /* U+0021 "!" */
    0x5, 0xee, 0x60, 0xe, 0xff, 0xf0, 0xf, 0xff,
    0xf1, 0xf, 0xff, 0xf0, 0xe, 0xff, 0xf0, 0xe,
    0xff, 0xf0, 0xe, 0xff, 0xf0, 0xd, 0xff, 0xf0,
    0xd, 0xff, 0xe0, 0xc, 0xff, 0xe0, 0xb, 0xff,
    0xd0, 0xb, 0xff, 0xd0, 0xa, 0xff, 0xc0, 0x9,
    0xff, 0xb0, 0x9, 0xff, 0xb0, 0x8, 0xff, 0xa0,
    0x8, 0xff, 0xa0, 0x8, 0xff, 0xa0, 0x7, 0xff,
    0xa0, 0x7, 0xff, 0x90, 0x1, 0x88, 0x10, 0x0,
    0x0, 0x0, 0x0, 0x66, 0x10, 0xb, 0xff, 0xd0,
    0x1f, 0xff, 0xf4, 0xf, 0xff, 0xf2, 0x4, 0xee,
    0x60,

    /* U+0022 "\"" */
    0x7f, 0xd2, 0x1, 0xdf, 0x7c, 0xff, 0x50, 0x5f,
    0xfc, 0xbf, 0xf4, 0x3, 0xff, 0xba, 0xff, 0x30,
    0x2f, 0xfa, 0x9f, 0xf1, 0x1, 0xff, 0x98, 0xff,
    0x0, 0xf, 0xf8, 0x6f, 0xf0, 0x0, 0xef, 0x60,
    0x64, 0x0, 0x4, 0x60,

    /* U+0023 "#" */
    0x0, 0x0, 0x0, 0x0, 0x3d, 0xf7, 0x0, 0x0,
    0x3d, 0xf8, 0x0, 0x0, 0x0, 0x0, 0x0, 0x0,
    0x9f, 0xff, 0x0, 0x0, 0x9f, 0xff, 0x0, 0x0,
    0x0, 0x0, 0x0, 0x0, 0xcf, 0xfd, 0x0, 0x0,
    0xbf, 0xfe, 0x0, 0x0, 0x0, 0x0, 0x0, 0x0,
    0xff, 0xfa, 0x0, 0x0, 0xef, 0xfb, 0x0, 0x0,
    0x0, 0x0, 0x0, 0x1, 0xff, 0xf8, 0x0, 0x1,
    0xff, 0xf8, 0x0, 0x0, 0x0, 0x0, 0x0, 0x4,
    0xff, 0xf5, 0x0, 0x4, 0xff, 0xf5, 0x0, 0x0,
    0x0, 0x0, 0x0, 0x7, 0xff, 0xf2, 0x0, 0x6,
    0xff, 0xf3, 0x0, 0x0, 0x0, 0x4f, 0xff, 0xff,
    0xff, 0xff, 0xff, 0xff, 0xff, 0xff, 0xff, 0xe3,
    0x0, 0x8f, 0xff, 0xff, 0xff, 0xff, 0xff, 0xff,
    0xff, 0xff, 0xff, 0xf8, 0x0, 0x4e, 0xff, 0xff,
    0xff, 0xff, 0xff, 0xff, 0xff, 0xff, 0xff, 0xe3,
    0x0, 0x0, 0x0, 0x3f, 0xff, 0x60, 0x0, 0x3f,
    0xff, 0x70, 0x0, 0x0, 0x0, 0x0, 0x0, 0x6f,
    0xff, 0x30, 0x0, 0x6f, 0xff, 0x40, 0x0, 0x0,
    0x0, 0x0, 0x0, 0x9f, 0xff, 0x10, 0x0, 0x8f,
    0xff, 0x10, 0x0, 0x0, 0x0, 0x0, 0x0, 0xbf,
    0xfe, 0x0, 0x0, 0xbf, 0xff, 0x0, 0x0, 0x0,
    0x0, 0x0, 0x0, 0xef, 0xfb, 0x0, 0x0, 0xef,
    0xfc, 0x0, 0x0, 0x0, 0xa, 0xff, 0xff, 0xff,
    0xff, 0xff, 0xff, 0xff, 0xff, 0xff, 0xfb, 0x0,
    0xf, 0xff, 0xff, 0xff, 0xff, 0xff, 0xff, 0xff,
    0xff, 0xff, 0xff, 0x20, 0xa, 0xff, 0xff, 0xff,
    0xff, 0xff, 0xff, 0xff, 0xff, 0xff, 0xfc, 0x0,
    0x0, 0x0, 0xb, 0xff, 0xf0, 0x0, 0xa, 0xff,
    0xf0, 0x0, 0x0, 0x0, 0x0, 0x0, 0xd, 0xff,
    0xc0, 0x0, 0xd, 0xff, 0xd0, 0x0, 0x0, 0x0,
    0x0, 0x0, 0xf, 0xff, 0x90, 0x0, 0xf, 0xff,
    0xa0, 0x0, 0x0, 0x0, 0x0, 0x0, 0x3f, 0xff,
    0x70, 0x0, 0x3f, 0xff, 0x70, 0x0, 0x0, 0x0,
    0x0, 0x0, 0x5f, 0xff, 0x40, 0x0, 0x5f, 0xff,
    0x40, 0x0, 0x0, 0x0, 0x0, 0x0, 0x8f, 0xff,
    0x10, 0x0, 0x8f, 0xff, 0x20, 0x0, 0x0, 0x0,
    0x0, 0x0, 0x6f, 0xfe, 0x0, 0x0, 0x6f, 0xfe,
    0x0, 0x0, 0x0, 0x0, 0x0, 0x0, 0x4, 0x71,
    0x0, 0x0, 0x4, 0x72, 0x0, 0x0, 0x0, 0x0,

    /* U+0024 "$" */
    0x0, 0x0, 0x0, 0x0, 0xae, 0x30, 0x0, 0x0,
    0x0, 0x0, 0x0, 0x0, 0x0, 0xef, 0x71, 0x0,
    0x0, 0x0, 0x0, 0x0, 0x17, 0xcf, 0xff, 0xff,
    0xfb, 0x71, 0x0, 0x0, 0x7, 0xff, 0xff, 0xff,
    0xff, 0xff, 0xff, 0x30, 0x0, 0x9f, 0xff, 0xff,
    0xff, 0xff, 0xff, 0xff, 0x90, 0x5, 0xff, 0xff,
    0xc7, 0xcf, 0x85, 0x9f, 0xff, 0x40, 0xc, 0xff,
    0xf7, 0x0, 0xaf, 0x60, 0x1, 0x65, 0x0, 0xf,
    0xff, 0xd0, 0x0, 0xaf, 0x60, 0x0, 0x0, 0x0,
    0x1f, 0xff, 0xc0, 0x0, 0xaf, 0x60, 0x0, 0x0,
    0x0, 0xf, 0xff, 0xe0, 0x0, 0xaf, 0x60, 0x0,
    0x0, 0x0, 0xd, 0xff, 0xfa, 0x10, 0xaf, 0x60,
    0x0, 0x0, 0x0, 0x7, 0xff, 0xff, 0xe7, 0xbf,
    0x60, 0x0, 0x0, 0x0, 0x0, 0xcf, 0xff, 0xff,
    0xff, 0x90, 0x0, 0x0, 0x0, 0x0, 0xa, 0xff,
    0xff, 0xff, 0xfe, 0x81, 0x0, 0x0, 0x0, 0x0,
    0x4c, 0xff, 0xff, 0xff, 0xff, 0x60, 0x0, 0x0,
    0x0, 0x0, 0x39, 0xff, 0xff, 0xff, 0xf8, 0x0,
    0x0, 0x0, 0x0, 0x0, 0xef, 0xdf, 0xff, 0xff,
    0x40, 0x0, 0x0, 0x0, 0x0, 0xef, 0x24, 0xef,
    0xff, 0xc0, 0x0, 0x0, 0x0, 0x0, 0xef, 0x20,
    0x3f, 0xff, 0xf1, 0x0, 0x0, 0x0, 0x0, 0xef,
    0x20, 0xa, 0xff, 0xf3, 0x0, 0x0, 0x0, 0x0,
    0xef, 0x20, 0x8, 0xff, 0xf4, 0x4, 0x50, 0x0,
    0x0, 0xef, 0x20, 0x9, 0xff, 0xf3, 0x6f, 0xf9,
    0x0, 0x0, 0xef, 0x20, 0x1e, 0xff, 0xf0, 0xbf,
    0xff, 0xd4, 0x0, 0xef, 0x22, 0xcf, 0xff, 0xb0,
    0x8f, 0xff, 0xff, 0xec, 0xff, 0xdf, 0xff, 0xff,
    0x30, 0xc, 0xff, 0xff, 0xff, 0xff, 0xff, 0xff,
    0xf6, 0x0, 0x0, 0x8f, 0xff, 0xff, 0xff, 0xff,
    0xfe, 0x40, 0x0, 0x0, 0x1, 0x6b, 0xdf, 0xff,
    0xea, 0x50, 0x0, 0x0, 0x0, 0x0, 0x0, 0x0,
    0xef, 0x60, 0x0, 0x0, 0x0, 0x0, 0x0, 0x0,
    0x0, 0xdf, 0x60, 0x0, 0x0, 0x0, 0x0, 0x0,
    0x0, 0x0, 0x6a, 0x10, 0x0, 0x0, 0x0,

    /* U+0025 "%" */
    0x0, 0x0, 0x0, 0x0, 0x0, 0x0, 0x0, 0x0,
    0x0, 0x3, 0xec, 0x0, 0x0, 0x0, 0x0, 0x0,
    0x0, 0x0, 0x0, 0x0, 0x0, 0x0, 0x0, 0xc,
    0xff, 0x40, 0x0, 0x0, 0x0, 0x6b, 0xef, 0xeb,
    0x40, 0x0, 0x0, 0x0, 0x0, 0x4f, 0xfe, 0x0,
    0x0, 0x0, 0xb, 0xff, 0xff, 0xff, 0xf8, 0x0,
    0x0, 0x0, 0x0, 0xcf, 0xf7, 0x0, 0x0, 0x0,
    0x6f, 0xff, 0x87, 0x9f, 0xff, 0x20, 0x0, 0x0,
    0x4, 0xff, 0xe0, 0x0, 0x0, 0x0, 0xaf, 0xf4,
    0x0, 0x7, 0xff, 0x70, 0x0, 0x0, 0xc, 0xff,
    0x60, 0x0, 0x0, 0x0, 0xbf, 0xf0, 0x0, 0x3,
    0xff, 0x80, 0x0, 0x0, 0x4f, 0xfe, 0x0, 0x0,
    0x0, 0x0, 0xcf, 0xf0, 0x0, 0x3, 0xff, 0x80,
    0x0, 0x0, 0xcf, 0xf6, 0x0, 0x0, 0x0, 0x0,
    0xcf, 0xf0, 0x0, 0x3, 0xff, 0x80, 0x0, 0x5,
    0xff, 0xe0, 0x0, 0x0, 0x0, 0x0, 0xcf, 0xf0,
    0x0, 0x3, 0xff, 0x80, 0x0, 0xd, 0xff, 0x60,
    0x0, 0x0, 0x0, 0x0, 0xcf, 0xf0, 0x0, 0x3,
    0xff, 0x80, 0x0, 0x5f, 0xfd, 0x0, 0x0, 0x0,
    0x0, 0x0, 0xbf, 0xf0, 0x0, 0x3, 0xff, 0x80,
    0x0, 0xdf, 0xf5, 0x0, 0x0, 0x0, 0x0, 0x0,
    0xbf, 0xf2, 0x0, 0x4, 0xff, 0x70, 0x5, 0xff,
    0xd0, 0x0, 0x0, 0x0, 0x0, 0x0, 0x8f, 0xfb,
    0x20, 0x3d, 0xff, 0x50, 0xd, 0xff, 0x50, 0x0,
    0x0, 0x0, 0x0, 0x0, 0x1f, 0xff, 0xff, 0xff,
    0xfd, 0x0, 0x5f, 0xfd, 0x0, 0x7, 0xcf, 0xfd,
    0x92, 0x0, 0x3, 0xcf, 0xff, 0xff, 0xb1, 0x0,
    0xdf, 0xf5, 0x0, 0xcf, 0xff, 0xff, 0xff, 0x40,
    0x0, 0x2, 0x56, 0x51, 0x0, 0x6, 0xff, 0xc0,
    0x8, 0xff, 0xe8, 0x7b, 0xff, 0xe0, 0x0, 0x0,
    0x0, 0x0, 0x0, 0xd, 0xff, 0x40, 0xc, 0xff,
    0x20, 0x0, 0xbf, 0xf3, 0x0, 0x0, 0x0, 0x0,
    0x0, 0x6f, 0xfc, 0x0, 0xe, 0xfe, 0x0, 0x0,
    0x6f, 0xf5, 0x0, 0x0, 0x0, 0x0, 0x0, 0xef,
    0xf4, 0x0, 0xe, 0xfd, 0x0, 0x0, 0x6f, 0xf5,
    0x0, 0x0, 0x0, 0x0, 0x6, 0xff, 0xc0, 0x0,
    0xe, 0xfd, 0x0, 0x0, 0x6f, 0xf5, 0x0, 0x0,
    0x0, 0x0, 0xe, 0xff, 0x30, 0x0, 0xe, 0xfd,
    0x0, 0x0, 0x6f, 0xf5, 0x0, 0x0, 0x0, 0x0,
    0x6f, 0xfb, 0x0, 0x0, 0xe, 0xfd, 0x0, 0x0,
    0x6f, 0xf5, 0x0, 0x0, 0x0, 0x0, 0xef, 0xf3,
    0x0, 0x0, 0xe, 0xfd, 0x0, 0x0, 0x6f, 0xf5,
    0x0, 0x0, 0x0, 0x7, 0xff, 0xb0, 0x0, 0x0,
    0xe, 0xfe, 0x0, 0x0, 0x6f, 0xf5, 0x0, 0x0,
    0x0, 0xe, 0xff, 0x30, 0x0, 0x0, 0xc, 0xff,
    0x20, 0x0, 0xbf, 0xf3, 0x0, 0x0, 0x0, 0x7f,
    0xfa, 0x0, 0x0, 0x0, 0x8, 0xff, 0xe7, 0x6b,
    0xff, 0xe0, 0x0, 0x0, 0x0, 0xef, 0xf2, 0x0,
    0x0, 0x0, 0x0, 0xdf, 0xff, 0xff, 0xff, 0x50,
    0x0, 0x0, 0x6, 0xff, 0xa0, 0x0, 0x0, 0x0,
    0x0, 0x7, 0xcf, 0xfe, 0x92, 0x0, 0x0, 0x0,
    0x3, 0xed, 0x20, 0x0, 0x0, 0x0, 0x0, 0x0,
    0x0, 0x0, 0x0, 0x0,

    /* U+0026 "&" */
    0x0, 0x0, 0x1, 0x7b, 0xef, 0xed, 0x94, 0x0,
    0x0, 0x0, 0x0, 0x0, 0x0, 0x6, 0xef, 0xff,
    0xff, 0xff, 0xfb, 0x10, 0x0, 0x0, 0x0, 0x0,
    0x6, 0xff, 0xff, 0xff, 0xff, 0xff, 0xfd, 0x10,
    0x0, 0x0, 0x0, 0x2, 0xff, 0xff, 0xd7, 0x44,
    0x8f, 0xff, 0xf8, 0x0, 0x0, 0x0, 0x0, 0x8f,
    0xff, 0xb0, 0x0, 0x0, 0x2e, 0xff, 0x80, 0x0,
    0x0, 0x0, 0xb, 0xff, 0xf3, 0x0, 0x0, 0x0,
    0x2b, 0x90, 0x0, 0x0, 0x0, 0x0, 0xdf, 0xff,
    0x0, 0x0, 0x0, 0x0, 0x0, 0x0, 0x0, 0x0,
    0x0, 0xb, 0xff, 0xf1, 0x0, 0x0, 0x0, 0x0,
    0x0, 0x0, 0x0, 0x0, 0x0, 0x8f, 0xff, 0x60,
    0x0, 0x0, 0x0, 0x0, 0x0, 0x0, 0x0, 0x0,
    0x1, 0xff, 0xfe, 0x0, 0x0, 0x0, 0x0, 0x0,
    0x0, 0x0, 0x0, 0x0, 0x6, 0xff, 0xfa, 0x0,
    0x0, 0x0, 0x0, 0x0, 0x0, 0x0, 0x0, 0x0,
    0xa, 0xff, 0xf9, 0x0, 0x0, 0x0, 0x0, 0x0,
    0x0, 0x0, 0x0, 0x0, 0x7f, 0xff, 0xf8, 0x0,
    0x0, 0x0, 0x0, 0x34, 0x0, 0x0, 0x1, 0xbf,
    0xff, 0xff, 0xf8, 0x0, 0x0, 0x0, 0x5f, 0xfc,
    0x0, 0x0, 0xcf, 0xff, 0xfe, 0xff, 0xf7, 0x0,
    0x0, 0x8, 0xff, 0xf0, 0x0, 0x9f, 0xff, 0xe3,
    0x1d, 0xff, 0xf7, 0x0, 0x0, 0x9f, 0xfe, 0x0,
    0x2f, 0xff, 0xf3, 0x0, 0x2e, 0xff, 0xf6, 0x0,
    0xb, 0xff, 0xd0, 0x8, 0xff, 0xf9, 0x0, 0x0,
    0x2e, 0xff, 0xf6, 0x0, 0xdf, 0xfa, 0x0, 0xcf,
    0xff, 0x40, 0x0, 0x0, 0x2e, 0xff, 0xf5, 0x1f,
    0xff, 0x60, 0xe, 0xff, 0xf2, 0x0, 0x0, 0x0,
    0x3e, 0xff, 0xfa, 0xff, 0xf2, 0x0, 0xef, 0xff,
    0x30, 0x0, 0x0, 0x0, 0x3f, 0xff, 0xff, 0xfc,
    0x0, 0xc, 0xff, 0xf8, 0x0, 0x0, 0x0, 0x0,
    0x3f, 0xff, 0xff, 0x40, 0x0, 0x7f, 0xff, 0xf2,
    0x0, 0x0, 0x0, 0x0, 0xbf, 0xff, 0xf3, 0x0,
    0x1, 0xff, 0xff, 0xe4, 0x0, 0x0, 0x1, 0xbf,
    0xff, 0xff, 0xf3, 0x0, 0x5, 0xff, 0xff, 0xfd,
    0x98, 0x8b, 0xff, 0xff, 0xff, 0xff, 0xe2, 0x0,
    0x8, 0xff, 0xff, 0xff, 0xff, 0xff, 0xff, 0xe3,
    0x5f, 0xff, 0xe1, 0x0, 0x4, 0xef, 0xff, 0xff,
    0xff, 0xff, 0x91, 0x0, 0x5f, 0xff, 0x60, 0x0,
    0x0, 0x6a, 0xdf, 0xfe, 0xc7, 0x20, 0x0, 0x0,
    0x6f, 0xb0,

    /* U+0027 "'" */
    0x7f, 0xd2, 0xcf, 0xf5, 0xbf, 0xf4, 0xaf, 0xf3,
    0x9f, 0xf1, 0x8f, 0xf0, 0x6f, 0xf0, 0x6, 0x40,

    /* U+0028 "(" */
    0x0, 0x0, 0x4a, 0xdf, 0xd3, 0x0, 0x2c, 0xff,
    0xff, 0xfa, 0x2, 0xef, 0xff, 0xff, 0xf8, 0xe,
    0xff, 0xff, 0xd9, 0x70, 0x8f, 0xff, 0xf6, 0x0,
    0x0, 0xdf, 0xff, 0x80, 0x0, 0x0, 0xff, 0xff,
    0x20, 0x0, 0x0, 0xff, 0xff, 0x0, 0x0, 0x0,
    0xff, 0xff, 0x0, 0x0, 0x0, 0xff, 0xff, 0x0,
    0x0, 0x0, 0xff, 0xff, 0x0, 0x0, 0x0, 0xff,
    0xff, 0x0, 0x0, 0x0, 0xff, 0xff, 0x0, 0x0,
    0x0, 0xff, 0xff, 0x0, 0x0, 0x0, 0xff, 0xff,
    0x0, 0x0, 0x0, 0xff, 0xff, 0x0, 0x0, 0x0,
    0xff, 0xff, 0x0, 0x0, 0x0, 0xff, 0xff, 0x0,
    0x0, 0x0, 0xff, 0xff, 0x0, 0x0, 0x0, 0xff,
    0xff, 0x0, 0x0, 0x0, 0xff, 0xff, 0x0, 0x0,
    0x0, 0xff, 0xff, 0x10, 0x0, 0x0, 0xef, 0xff,
    0x40, 0x0, 0x0, 0xbf, 0xff, 0xd2, 0x0, 0x0,
    0x4f, 0xff, 0xff, 0xb9, 0x71, 0x9, 0xff, 0xff,
    0xff, 0xf8, 0x0, 0x7f, 0xff, 0xff, 0xfa, 0x0,
    0x1, 0x7b, 0xef, 0xe4,

    /* U+0029 ")" */
    0xb, 0xfe, 0xb6, 0x0, 0x0, 0x4, 0xff, 0xff,
    0xfe, 0x50, 0x0, 0x3f, 0xff, 0xff, 0xff, 0x60,
    0x0, 0x58, 0xbf, 0xff, 0xff, 0x40, 0x0, 0x0,
    0x2d, 0xff, 0xfd, 0x0, 0x0, 0x0, 0x2f, 0xff,
    0xf2, 0x0, 0x0, 0x0, 0xcf, 0xff, 0x50, 0x0,
    0x0, 0xb, 0xff, 0xf5, 0x0, 0x0, 0x0, 0xbf,
    0xff, 0x50, 0x0, 0x0, 0xb, 0xff, 0xf5, 0x0,
    0x0, 0x0, 0xbf, 0xff, 0x50, 0x0, 0x0, 0xb,
    0xff, 0xf5, 0x0, 0x0, 0x0, 0xbf, 0xff, 0x50,
    0x0, 0x0, 0xb, 0xff, 0xf5, 0x0, 0x0, 0x0,
    0xbf, 0xff, 0x50, 0x0, 0x0, 0xb, 0xff, 0xf5,
    0x0, 0x0, 0x0, 0xbf, 0xff, 0x50, 0x0, 0x0,
    0xb, 0xff, 0xf5, 0x0, 0x0, 0x0, 0xbf, 0xff,
    0x50, 0x0, 0x0, 0xb, 0xff, 0xf5, 0x0, 0x0,
    0x0, 0xbf, 0xff, 0x50, 0x0, 0x0, 0xb, 0xff,
    0xf5, 0x0, 0x0, 0x0, 0xef, 0xff, 0x40, 0x0,
    0x0, 0x9f, 0xff, 0xf1, 0x5, 0x8a, 0xef, 0xff,
    0xfa, 0x3, 0xff, 0xff, 0xff, 0xfd, 0x10, 0x5f,
    0xff, 0xff, 0xfa, 0x10, 0x0, 0xcf, 0xed, 0x83,
    0x0, 0x0,

    /* U+002A "*" */
    0x0, 0x0, 0x0, 0x5f, 0xc0, 0x0, 0x0, 0x0,
    0x0, 0x0, 0x0, 0xbf, 0xf3, 0x0, 0x0, 0x0,
    0x0, 0x0, 0x0, 0xaf, 0xf2, 0x0, 0x0, 0x0,
    0x0, 0x0, 0x0, 0xaf, 0xf2, 0x0, 0x0, 0x0,
    0x4b, 0x93, 0x0, 0x9f, 0xf1, 0x1, 0x6b, 0x90,
    0xdf, 0xff, 0xe8, 0xbf, 0xf6, 0xaf, 0xff, 0xf4,
    0xaf, 0xff, 0xff, 0xff, 0xff, 0xff, 0xff, 0xf2,
    0x3, 0x8d, 0xff, 0xff, 0xff, 0xfd, 0x95, 0x10,
    0x0, 0x0, 0x1d, 0xff, 0xff, 0x50, 0x0, 0x0,
    0x0, 0x0, 0x5f, 0xff, 0xff, 0xe1, 0x0, 0x0,
    0x0, 0x2, 0xff, 0xf6, 0xdf, 0xfa, 0x0, 0x0,
    0x0, 0xc, 0xff, 0xb0, 0x3f, 0xff, 0x60, 0x0,
    0x0, 0x7f, 0xfe, 0x10, 0x8, 0xff, 0xf1, 0x0,
    0x0, 0x8f, 0xf5, 0x0, 0x0, 0xdf, 0xf1, 0x0,
    0x0, 0x5, 0x50, 0x0, 0x0, 0x17, 0x20, 0x0,

    /* U+002B "+" */
    0x0, 0x0, 0x0, 0xbf, 0x90, 0x0, 0x0, 0x0,
    0x0, 0x0, 0x4f, 0xff, 0x10, 0x0, 0x0, 0x0,
    0x0, 0x4, 0xff, 0xf1, 0x0, 0x0, 0x0, 0x0,
    0x0, 0x4f, 0xff, 0x10, 0x0, 0x0, 0x0, 0x0,
    0x4, 0xff, 0xf1, 0x0, 0x0, 0x1, 0x55, 0x55,
    0x8f, 0xff, 0x65, 0x55, 0x40, 0xcf, 0xff, 0xff,
    0xff, 0xff, 0xff, 0xff, 0x9e, 0xff, 0xff, 0xff,
    0xff, 0xff, 0xff, 0xfc, 0x8f, 0xff, 0xff, 0xff,
    0xff, 0xff, 0xff, 0x60, 0x0, 0x0, 0x4f, 0xff,
    0x10, 0x0, 0x0, 0x0, 0x0, 0x4, 0xff, 0xf1,
    0x0, 0x0, 0x0, 0x0, 0x0, 0x4f, 0xff, 0x10,
    0x0, 0x0, 0x0, 0x0, 0x4, 0xff, 0xf1, 0x0,
    0x0, 0x0, 0x0, 0x0, 0x3f, 0xff, 0x10, 0x0,
    0x0, 0x0, 0x0, 0x0, 0x69, 0x40, 0x0, 0x0,
    0x0,

    /* U+002C "," */
    0x8, 0xc8, 0x8, 0xff, 0xf7, 0xbf, 0xff, 0xb7,
    0xff, 0xf7, 0xa, 0xff, 0x10, 0xef, 0xa0, 0x4f,
    0xf4, 0x2, 0xeb, 0x0,

    /* U+002D "-" */
    0x3, 0x55, 0x55, 0x55, 0x55, 0x55, 0x0, 0x4f,
    0xff, 0xff, 0xff, 0xff, 0xff, 0xc0, 0x7f, 0xff,
    0xff, 0xff, 0xff, 0xff, 0xf0, 0x2e, 0xff, 0xff,
    0xff, 0xff, 0xff, 0x80,

    /* U+002E "." */
    0x3, 0x73, 0x5, 0xff, 0xf4, 0xbf, 0xff, 0xa9,
    0xff, 0xf8, 0x1b, 0xfb, 0x0,

    /* U+002F "/" */
    0x0, 0x0, 0x0, 0x0, 0x0, 0x0, 0x0, 0x1d,
    0xd2, 0x0, 0x0, 0x0, 0x0, 0x0, 0x0, 0x0,
    0x8f, 0xf8, 0x0, 0x0, 0x0, 0x0, 0x0, 0x0,
    0x1, 0xff, 0xf3, 0x0, 0x0, 0x0, 0x0, 0x0,
    0x0, 0x9, 0xff, 0xa0, 0x0, 0x0, 0x0, 0x0,
    0x0, 0x0, 0x1f, 0xff, 0x20, 0x0, 0x0, 0x0,
    0x0, 0x0, 0x0, 0x9f, 0xfa, 0x0, 0x0, 0x0,
    0x0, 0x0, 0x0, 0x2, 0xff, 0xf2, 0x0, 0x0,
    0x0, 0x0, 0x0, 0x0, 0x9, 0xff, 0xa0, 0x0,
    0x0, 0x0, 0x0, 0x0, 0x0, 0x2f, 0xff, 0x20,
    0x0, 0x0, 0x0, 0x0, 0x0, 0x0, 0xaf, 0xf9,
    0x0, 0x0, 0x0, 0x0, 0x0, 0x0, 0x2, 0xff,
    0xf1, 0x0, 0x0, 0x0, 0x0, 0x0, 0x0, 0xa,
    0xff, 0x90, 0x0, 0x0, 0x0, 0x0, 0x0, 0x0,
    0x2f, 0xff, 0x10, 0x0, 0x0, 0x0, 0x0, 0x0,
    0x0, 0xbf, 0xf9, 0x0, 0x0, 0x0, 0x0, 0x0,
    0x0, 0x3, 0xff, 0xf1, 0x0, 0x0, 0x0, 0x0,
    0x0, 0x0, 0xb, 0xff, 0x80, 0x0, 0x0, 0x0,
    0x0, 0x0, 0x0, 0x3f, 0xff, 0x10, 0x0, 0x0,
    0x0, 0x0, 0x0, 0x0, 0xbf, 0xf8, 0x0, 0x0,
    0x0, 0x0, 0x0, 0x0, 0x3, 0xff, 0xf1, 0x0,
    0x0, 0x0, 0x0, 0x0, 0x0, 0xc, 0xff, 0x70,
    0x0, 0x0, 0x0, 0x0, 0x0, 0x0, 0x4f, 0xfe,
    0x0, 0x0, 0x0, 0x0, 0x0, 0x0, 0x0, 0xcf,
    0xf7, 0x0, 0x0, 0x0, 0x0, 0x0, 0x0, 0x4,
    0xff, 0xe0, 0x0, 0x0, 0x0, 0x0, 0x0, 0x0,
    0xc, 0xff, 0x70, 0x0, 0x0, 0x0, 0x0, 0x0,
    0x0, 0x4f, 0xfe, 0x0, 0x0, 0x0, 0x0, 0x0,
    0x0, 0x0, 0xcf, 0xf6, 0x0, 0x0, 0x0, 0x0,
    0x0, 0x0, 0x5, 0xff, 0xe0, 0x0, 0x0, 0x0,
    0x0, 0x0, 0x0, 0xd, 0xff, 0x60, 0x0, 0x0,
    0x0, 0x0, 0x0, 0x0, 0x3f, 0xfe, 0x0, 0x0,
    0x0, 0x0, 0x0, 0x0, 0x0, 0xc, 0xe4, 0x0,
    0x0, 0x0, 0x0, 0x0, 0x0, 0x0,

    /* U+0030 "0" */
    0x0, 0x0, 0x4, 0x9d, 0xef, 0xec, 0x84, 0x0,
    0x0, 0x0, 0x3, 0xdf, 0xff, 0xff, 0xff, 0xff,
    0xb2, 0x0, 0x0, 0x3f, 0xff, 0xff, 0xff, 0xff,
    0xff, 0xfe, 0x10, 0x1, 0xef, 0xff, 0xfd, 0x98,
    0xae, 0xff, 0xff, 0xd0, 0x7, 0xff, 0xff, 0x50,
    0x0, 0x0, 0x8f, 0xff, 0xf5, 0xc, 0xff, 0xf8,
    0x0, 0x0, 0x0, 0xa, 0xff, 0xfa, 0xf, 0xff,
    0xf2, 0x0, 0x0, 0x0, 0x4, 0xff, 0xfd, 0x1f,
    0xff, 0xf0, 0x0, 0x0, 0x0, 0x1, 0xff, 0xfe,
    0x1f, 0xff, 0xe0, 0x0, 0x0, 0x0, 0x1, 0xff,
    0xff, 0x1f, 0xff, 0xe0, 0x0, 0x0, 0x0, 0x1,
    0xff, 0xff, 0x1f, 0xff, 0xe0, 0x0, 0x0, 0x0,
    0x1, 0xff, 0xff, 0x1f, 0xff, 0xe0, 0x0, 0x2,
    0x0, 0x1, 0xff, 0xff, 0x1f, 0xff, 0xe0, 0x0,
    0xdf, 0xb0, 0x1, 0xff, 0xff, 0x1f, 0xff, 0xe0,
    0x2, 0xff, 0xf0, 0x1, 0xff, 0xff, 0x1f, 0xff,
    0xe0, 0x0, 0xaf, 0x80, 0x1, 0xff, 0xff, 0x1f,
    0xff, 0xe0, 0x0, 0x0, 0x0, 0x1, 0xff, 0xff,
    0x1f, 0xff, 0xe0, 0x0, 0x0, 0x0, 0x1, 0xff,
    0xff, 0x1f, 0xff, 0xe0, 0x0, 0x0, 0x0, 0x1,
    0xff, 0xff, 0x1f, 0xff, 0xe0, 0x0, 0x0, 0x0,
    0x1, 0xff, 0xff, 0x1f, 0xff, 0xf0, 0x0, 0x0,
    0x0, 0x1, 0xff, 0xfe, 0xf, 0xff, 0xf2, 0x0,
    0x0, 0x0, 0x4, 0xff, 0xfd, 0xc, 0xff, 0xf8,
    0x0, 0x0, 0x0, 0xa, 0xff, 0xfa, 0x7, 0xff,
    0xff, 0x50, 0x0, 0x0, 0x7f, 0xff, 0xf5, 0x1,
    0xef, 0xff, 0xfd, 0x98, 0x9e, 0xff, 0xff, 0xd0,
    0x0, 0x3f, 0xff, 0xff, 0xff, 0xff, 0xff, 0xfe,
    0x20, 0x0, 0x3, 0xdf, 0xff, 0xff, 0xff, 0xff,
    0xb2, 0x0, 0x0, 0x0, 0x5, 0x9d, 0xef, 0xec,
    0x94, 0x0, 0x0,

    /* U+0031 "1" */
    0x0, 0x0, 0x2d, 0xe6, 0x0, 0x3, 0xef, 0xfd,
    0x0, 0x4f, 0xff, 0xfd, 0x5, 0xff, 0xff, 0xfd,
    0x4f, 0xff, 0xff, 0xfd, 0xaf, 0xfb, 0xff, 0xfd,
    0x6f, 0xb3, 0xff, 0xfd, 0x1, 0x3, 0xff, 0xfd,
    0x0, 0x3, 0xff, 0xfd, 0x0, 0x3, 0xff, 0xfd,
    0x0, 0x3, 0xff, 0xfd, 0x0, 0x3, 0xff, 0xfd,
    0x0, 0x3, 0xff, 0xfd, 0x0, 0x3, 0xff, 0xfd,
    0x0, 0x3, 0xff, 0xfd, 0x0, 0x3, 0xff, 0xfd,
    0x0, 0x3, 0xff, 0xfd, 0x0, 0x3, 0xff, 0xfd,
    0x0, 0x3, 0xff, 0xfd, 0x0, 0x3, 0xff, 0xfd,
    0x0, 0x3, 0xff, 0xfd, 0x0, 0x3, 0xff, 0xfd,
    0x0, 0x3, 0xff, 0xfd, 0x0, 0x3, 0xff, 0xfd,
    0x0, 0x3, 0xff, 0xfd, 0x0, 0x3, 0xff, 0xfd,
    0x0, 0x0, 0xaf, 0xe5,

    /* U+0032 "2" */
    0x0, 0x0, 0x17, 0xce, 0xfe, 0xb6, 0x10, 0x0,
    0x0, 0x0, 0x7f, 0xff, 0xff, 0xff, 0xff, 0x60,
    0x0, 0x0, 0xaf, 0xff, 0xff, 0xff, 0xff, 0xff,
    0x90, 0x0, 0x7f, 0xff, 0xff, 0xca, 0xcf, 0xff,
    0xff, 0x70, 0xe, 0xff, 0xfb, 0x20, 0x0, 0x2c,
    0xff, 0xff, 0x3, 0xff, 0xfe, 0x0, 0x0, 0x0,
    0x1f, 0xff, 0xf5, 0x4f, 0xff, 0xa0, 0x0, 0x0,
    0x0, 0x9f, 0xff, 0x83, 0xff, 0xf8, 0x0, 0x0,
    0x0, 0x7, 0xff, 0xf9, 0x7, 0xb8, 0x0, 0x0,
    0x0, 0x0, 0x9f, 0xff, 0x70, 0x0, 0x0, 0x0,
    0x0, 0x0, 0x1f, 0xff, 0xf3, 0x0, 0x0, 0x0,
    0x0, 0x0, 0xa, 0xff, 0xfd, 0x0, 0x0, 0x0,
    0x0, 0x0, 0x9, 0xff, 0xff, 0x40, 0x0, 0x0,
    0x0, 0x0, 0xa, 0xff, 0xff, 0x90, 0x0, 0x0,
    0x0, 0x0, 0x2d, 0xff, 0xff, 0xa0, 0x0, 0x0,
    0x0, 0x0, 0x6f, 0xff, 0xff, 0x70, 0x0, 0x0,
    0x0, 0x0, 0xaf, 0xff, 0xfe, 0x40, 0x0, 0x0,
    0x0, 0x3, 0xdf, 0xff, 0xfb, 0x10, 0x0, 0x0,
    0x0, 0x5, 0xff, 0xff, 0xf6, 0x0, 0x0, 0x0,
    0x0, 0x4, 0xff, 0xff, 0xd2, 0x0, 0x0, 0x0,
    0x0, 0x1, 0xff, 0xff, 0xb0, 0x0, 0x0, 0x0,
    0x0, 0x0, 0x8f, 0xff, 0xd0, 0x0, 0x0, 0x0,
    0x0, 0x0, 0xc, 0xff, 0xf6, 0x0, 0x0, 0x0,
    0x0, 0x0, 0x0, 0xef, 0xff, 0x40, 0x0, 0x0,
    0x0, 0x0, 0x0, 0xe, 0xff, 0xfa, 0x88, 0x88,
    0x88, 0x88, 0x88, 0x70, 0xef, 0xff, 0xff, 0xff,
    0xff, 0xff, 0xff, 0xff, 0x9e, 0xff, 0xff, 0xff,
    0xff, 0xff, 0xff, 0xff, 0xfb, 0x6e, 0xff, 0xff,
    0xff, 0xff, 0xff, 0xff, 0xff, 0x40,

    /* U+0033 "3" */
    0x0, 0x0, 0x5, 0xad, 0xef, 0xed, 0x95, 0x0,
    0x0, 0x0, 0x2, 0xdf, 0xff, 0xff, 0xff, 0xff,
    0xc2, 0x0, 0x0, 0x3f, 0xff, 0xff, 0xff, 0xff,
    0xff, 0xfe, 0x10, 0x0, 0xdf, 0xff, 0xfb, 0x88,
    0x9e, 0xff, 0xff, 0x80, 0x3, 0xff, 0xff, 0x40,
    0x0, 0x0, 0x9f, 0xff, 0xd0, 0x7, 0xff, 0xfa,
    0x0, 0x0, 0x0, 0xf, 0xff, 0xf0, 0x7, 0xff,
    0xf7, 0x0, 0x0, 0x0, 0xd, 0xff, 0xf1, 0x1,
    0xac, 0xa1, 0x0, 0x0, 0x0, 0xd, 0xff, 0xf0,
    0x0, 0x0, 0x0, 0x0, 0x0, 0x0, 0xf, 0xff,
    0xd0, 0x0, 0x0, 0x0, 0x0, 0x0, 0x0, 0x6f,
    0xff, 0x70, 0x0, 0x0, 0x0, 0x0, 0x3, 0x49,
    0xff, 0xfe, 0x10, 0x0, 0x0, 0x0, 0x0, 0xcf,
    0xff, 0xff, 0xe3, 0x0, 0x0, 0x0, 0x0, 0x0,
    0xff, 0xff, 0xff, 0x80, 0x0, 0x0, 0x0, 0x0,
    0x0, 0x9f, 0xff, 0xff, 0xfd, 0x20, 0x0, 0x0,
    0x0, 0x0, 0x0, 0x26, 0xdf, 0xff, 0xe0, 0x0,
    0x0, 0x0, 0x0, 0x0, 0x0, 0xc, 0xff, 0xf7,
    0x0, 0x0, 0x0, 0x0, 0x0, 0x0, 0x5, 0xff,
    0xfc, 0x0, 0x0, 0x0, 0x0, 0x0, 0x0, 0x2,
    0xff, 0xfe, 0x1, 0x43, 0x0, 0x0, 0x0, 0x0,
    0x1, 0xff, 0xfe, 0xe, 0xff, 0xa0, 0x0, 0x0,
    0x0, 0x2, 0xff, 0xfe, 0x1f, 0xff, 0xe0, 0x0,
    0x0, 0x0, 0x4, 0xff, 0xfd, 0xf, 0xff, 0xf3,
    0x0, 0x0, 0x0, 0xa, 0xff, 0xfa, 0xa, 0xff,
    0xfd, 0x20, 0x0, 0x0, 0x6f, 0xff, 0xf4, 0x2,
    0xff, 0xff, 0xfb, 0x98, 0x9d, 0xff, 0xff, 0xc0,
    0x0, 0x6f, 0xff, 0xff, 0xff, 0xff, 0xff, 0xfe,
    0x10, 0x0, 0x4, 0xef, 0xff, 0xff, 0xff, 0xff,
    0xb1, 0x0, 0x0, 0x0, 0x6, 0xbe, 0xff, 0xec,
    0x83, 0x0, 0x0,

    /* U+0034 "4" */
    0x0, 0x0, 0x0, 0x0, 0x2, 0xce, 0x80, 0x0,
    0x0, 0x0, 0x0, 0x0, 0x0, 0x0, 0xcf, 0xff,
    0x20, 0x0, 0x0, 0x0, 0x0, 0x0, 0x0, 0x4f,
    0xff, 0xd0, 0x0, 0x0, 0x0, 0x0, 0x0, 0x0,
    0xc, 0xff, 0xf5, 0x0, 0x0, 0x0, 0x0, 0x0,
    0x0, 0x5, 0xff, 0xfc, 0x0, 0x0, 0x0, 0x0,
    0x0, 0x0, 0x0, 0xdf, 0xff, 0x40, 0x0, 0x0,
    0x0, 0x0, 0x0, 0x0, 0x6f, 0xff, 0xc0, 0x0,
    0x0, 0x0, 0x0, 0x0, 0x0, 0xe, 0xff, 0xf3,
    0x0, 0x0, 0x0, 0x0, 0x0, 0x0, 0x7, 0xff,
    0xfb, 0x0, 0x0, 0x0, 0x0, 0x0, 0x0, 0x0,
    0xef, 0xff, 0x30, 0x0, 0x0, 0x0, 0x0, 0x0,
    0x0, 0x8f, 0xff, 0xa0, 0x1, 0x54, 0x0, 0x0,
    0x0, 0x0, 0x1f, 0xff, 0xf2, 0x1, 0xff, 0xfa,
    0x0, 0x0, 0x0, 0x9, 0xff, 0xf9, 0x0, 0x3f,
    0xff, 0xd0, 0x0, 0x0, 0x1, 0xff, 0xff, 0x10,
    0x3, 0xff, 0xfd, 0x0, 0x0, 0x0, 0xaf, 0xff,
    0x80, 0x0, 0x3f, 0xff, 0xd0, 0x0, 0x0, 0x2f,
    0xff, 0xf1, 0x0, 0x3, 0xff, 0xfd, 0x0, 0x0,
    0xa, 0xff, 0xf8, 0x0, 0x0, 0x3f, 0xff, 0xd0,
    0x0, 0x3, 0xff, 0xff, 0xff, 0xff, 0xff, 0xff,
    0xff, 0xff, 0x90, 0xbf, 0xff, 0xff, 0xff, 0xff,
    0xff, 0xff, 0xff, 0xff, 0xd, 0xff, 0xff, 0xff,
    0xff, 0xff, 0xff, 0xff, 0xff, 0xe0, 0x4a, 0xbb,
    0xbb, 0xbb, 0xbb, 0xcf, 0xff, 0xfb, 0xb4, 0x0,
    0x0, 0x0, 0x0, 0x0, 0x3, 0xff, 0xfd, 0x0,
    0x0, 0x0, 0x0, 0x0, 0x0, 0x0, 0x3f, 0xff,
    0xd0, 0x0, 0x0, 0x0, 0x0, 0x0, 0x0, 0x3,
    0xff, 0xfd, 0x0, 0x0, 0x0, 0x0, 0x0, 0x0,
    0x0, 0x3f, 0xff, 0xd0, 0x0, 0x0, 0x0, 0x0,
    0x0, 0x0, 0x2, 0xff, 0xfc, 0x0, 0x0, 0x0,
    0x0, 0x0, 0x0, 0x0, 0xa, 0xfe, 0x50, 0x0,
    0x0,

    /* U+0035 "5" */
    0x0, 0xb, 0xff, 0xff, 0xff, 0xff, 0xff, 0xfe,
    0x20, 0x0, 0xf, 0xff, 0xff, 0xff, 0xff, 0xff,
    0xff, 0x70, 0x0, 0x1f, 0xff, 0xff, 0xff, 0xff,
    0xff, 0xff, 0x50, 0x0, 0x2f, 0xff, 0xb8, 0x88,
    0x88, 0x88, 0x86, 0x0, 0x0, 0x4f, 0xff, 0x50,
    0x0, 0x0, 0x0, 0x0, 0x0, 0x0, 0x5f, 0xff,
    0x40, 0x0, 0x0, 0x0, 0x0, 0x0, 0x0, 0x6f,
    0xff, 0x30, 0x0, 0x0, 0x0, 0x0, 0x0, 0x0,
    0x8f, 0xff, 0x20, 0x0, 0x0, 0x0, 0x0, 0x0,
    0x0, 0x9f, 0xff, 0x0, 0x0, 0x0, 0x0, 0x0,
    0x0, 0x0, 0xbf, 0xff, 0x0, 0x0, 0x0, 0x0,
    0x0, 0x0, 0x0, 0xcf, 0xff, 0xff, 0xff, 0xec,
    0x83, 0x0, 0x0, 0x0, 0xef, 0xff, 0xff, 0xff,
    0xff, 0xff, 0xb1, 0x0, 0x0, 0xaf, 0xff, 0xff,
    0xff, 0xff, 0xff, 0xfe, 0x10, 0x0, 0x2, 0x33,
    0x33, 0x33, 0x5a, 0xff, 0xff, 0xc0, 0x0, 0x0,
    0x0, 0x0, 0x0, 0x0, 0x5f, 0xff, 0xf4, 0x0,
    0x0, 0x0, 0x0, 0x0, 0x0, 0xa, 0xff, 0xf9,
    0x0, 0x0, 0x0, 0x0, 0x0, 0x0, 0x5, 0xff,
    0xfc, 0x0, 0x0, 0x0, 0x0, 0x0, 0x0, 0x3,
    0xff, 0xfd, 0x3, 0x77, 0x10, 0x0, 0x0, 0x0,
    0x2, 0xff, 0xfd, 0x1f, 0xff, 0xb0, 0x0, 0x0,
    0x0, 0x3, 0xff, 0xfd, 0x2f, 0xff, 0xe0, 0x0,
    0x0, 0x0, 0x6, 0xff, 0xfb, 0xf, 0xff, 0xf2,
    0x0, 0x0, 0x0, 0xc, 0xff, 0xf8, 0xb, 0xff,
    0xfd, 0x30, 0x0, 0x0, 0x9f, 0xff, 0xf3, 0x3,
    0xff, 0xff, 0xfc, 0x98, 0xae, 0xff, 0xff, 0xb0,
    0x0, 0x6f, 0xff, 0xff, 0xff, 0xff, 0xff, 0xfd,
    0x10, 0x0, 0x4, 0xef, 0xff, 0xff, 0xff, 0xff,
    0xb1, 0x0, 0x0, 0x0, 0x5, 0xad, 0xef, 0xec,
    0x83, 0x0, 0x0,

    /* U+0036 "6" */
    0x0, 0x0, 0x4, 0x9c, 0xef, 0xed, 0xa5, 0x0,
    0x0, 0x0, 0x2, 0xcf, 0xff, 0xff, 0xff, 0xff,
    0xe4, 0x0, 0x0, 0x2f, 0xff, 0xff, 0xff, 0xff,
    0xff, 0xff, 0x50, 0x0, 0xef, 0xff, 0xfd, 0x98,
    0xad, 0xff, 0xff, 0xf2, 0x7, 0xff, 0xff, 0x50,
    0x0, 0x0, 0x4e, 0xff, 0xf9, 0xc, 0xff, 0xf7,
    0x0, 0x0, 0x0, 0x4, 0xff, 0xfd, 0xf, 0xff,
    0xf1, 0x0, 0x0, 0x0, 0x0, 0xff, 0xfe, 0x1f,
    0xff, 0xf0, 0x0, 0x0, 0x0, 0x0, 0x5a, 0xb4,
    0x1f, 0xff, 0xe0, 0x0, 0x0, 0x0, 0x0, 0x0,
    0x0, 0x1f, 0xff, 0xe0, 0x0, 0x0, 0x0, 0x0,
    0x0, 0x0, 0x1f, 0xff, 0xe0, 0x29, 0xdf, 0xfe,
    0xb7, 0x10, 0x0, 0x1f, 0xff, 0xe6, 0xff, 0xff,
    0xff, 0xff, 0xf6, 0x0, 0x1f, 0xff, 0xff, 0xff,
    0xff, 0xff, 0xff, 0xff, 0x60, 0x1f, 0xff, 0xff,
    0xe7, 0x43, 0x48, 0xff, 0xff, 0xf1, 0x1f, 0xff,
    0xfd, 0x10, 0x0, 0x0, 0x2f, 0xff, 0xf8, 0x1f,
    0xff, 0xf4, 0x0, 0x0, 0x0, 0x7, 0xff, 0xfc,
    0x1f, 0xff, 0xf0, 0x0, 0x0, 0x0, 0x3, 0xff,
    0xfe, 0x1f, 0xff, 0xe0, 0x0, 0x0, 0x0, 0x1,
    0xff, 0xff, 0x1f, 0xff, 0xe0, 0x0, 0x0, 0x0,
    0x1, 0xff, 0xff, 0xf, 0xff, 0xf0, 0x0, 0x0,
    0x0, 0x1, 0xff, 0xfe, 0xf, 0xff, 0xf2, 0x0,
    0x0, 0x0, 0x4, 0xff, 0xfc, 0xc, 0xff, 0xf7,
    0x0, 0x0, 0x0, 0x9, 0xff, 0xf9, 0x7, 0xff,
    0xff, 0x40, 0x0, 0x0, 0x5f, 0xff, 0xf4, 0x1,
    0xef, 0xff, 0xfa, 0x65, 0x6b, 0xff, 0xff, 0xc0,
    0x0, 0x3f, 0xff, 0xff, 0xff, 0xff, 0xff, 0xfe,
    0x20, 0x0, 0x3, 0xcf, 0xff, 0xff, 0xff, 0xff,
    0xc2, 0x0, 0x0, 0x0, 0x4, 0x9d, 0xef, 0xec,
    0x94, 0x0, 0x0,

    /* U+0037 "7" */
    0xa, 0xff, 0xff, 0xff, 0xff, 0xff, 0xff, 0xff,
    0xe5, 0x3f, 0xff, 0xff, 0xff, 0xff, 0xff, 0xff,
    0xff, 0xfd, 0x3f, 0xff, 0xff, 0xff, 0xff, 0xff,
    0xff, 0xff, 0xfd, 0x3f, 0xff, 0xe8, 0x88, 0x88,
    0x88, 0x89, 0xff, 0xfd, 0x3f, 0xff, 0xd0, 0x0,
    0x0, 0x0, 0x2, 0xff, 0xfd, 0x3f, 0xff, 0xd0,
    0x0, 0x0, 0x0, 0x2, 0xff, 0xfc, 0x3f, 0xff,
    0xd0, 0x0, 0x0, 0x0, 0x9, 0xff, 0xf7, 0xe,
    0xff, 0x80, 0x0, 0x0, 0x0, 0x2f, 0xff, 0xe1,
    0x0, 0x32, 0x0, 0x0, 0x0, 0x0, 0xbf, 0xff,
    0x70, 0x0, 0x0, 0x0, 0x0, 0x0, 0x4, 0xff,
    0xfe, 0x0, 0x0, 0x0, 0x0, 0x0, 0x0, 0xc,
    0xff, 0xf6, 0x0, 0x0, 0x0, 0x0, 0x0, 0x0,
    0x6f, 0xff, 0xd0, 0x0, 0x0, 0x0, 0x0, 0x0,
    0x0, 0xef, 0xff, 0x50, 0x0, 0x0, 0x0, 0x0,
    0x0, 0x8, 0xff, 0xfc, 0x0, 0x0, 0x0, 0x0,
    0x0, 0x0, 0x1f, 0xff, 0xf4, 0x0, 0x0, 0x0,
    0x0, 0x0, 0x0, 0xaf, 0xff, 0xb0, 0x0, 0x0,
    0x0, 0x0, 0x0, 0x3, 0xff, 0xff, 0x30, 0x0,
    0x0, 0x0, 0x0, 0x0, 0xc, 0xff, 0xfa, 0x0,
    0x0, 0x0, 0x0, 0x0, 0x0, 0x5f, 0xff, 0xf2,
    0x0, 0x0, 0x0, 0x0, 0x0, 0x0, 0xdf, 0xff,
    0x90, 0x0, 0x0, 0x0, 0x0, 0x0, 0x7, 0xff,
    0xff, 0x10, 0x0, 0x0, 0x0, 0x0, 0x0, 0x1e,
    0xff, 0xf8, 0x0, 0x0, 0x0, 0x0, 0x0, 0x0,
    0x9f, 0xff, 0xf1, 0x0, 0x0, 0x0, 0x0, 0x0,
    0x2, 0xff, 0xff, 0x70, 0x0, 0x0, 0x0, 0x0,
    0x0, 0xa, 0xff, 0xfe, 0x0, 0x0, 0x0, 0x0,
    0x0, 0x0, 0xb, 0xff, 0xf6, 0x0, 0x0, 0x0,
    0x0, 0x0, 0x0, 0x1, 0xbf, 0xb0, 0x0, 0x0,
    0x0, 0x0, 0x0,

    /* U+0038 "8" */
    0x0, 0x0, 0x28, 0xce, 0xff, 0xeb, 0x71, 0x0,
    0x0, 0x0, 0x9, 0xff, 0xff, 0xff, 0xff, 0xff,
    0x70, 0x0, 0x0, 0xaf, 0xff, 0xff, 0xff, 0xff,
    0xff, 0xf7, 0x0, 0x3, 0xff, 0xff, 0xe7, 0x55,
    0x8e, 0xff, 0xff, 0x10, 0x8, 0xff, 0xfc, 0x0,
    0x0, 0x1, 0xdf, 0xff, 0x60, 0xb, 0xff, 0xf5,
    0x0, 0x0, 0x0, 0x6f, 0xff, 0x80, 0xb, 0xff,
    0xf2, 0x0, 0x0, 0x0, 0x4f, 0xff, 0x90, 0x9,
    0xff, 0xf3, 0x0, 0x0, 0x0, 0x5f, 0xff, 0x70,
    0x5, 0xff, 0xf8, 0x0, 0x0, 0x0, 0xbf, 0xff,
    0x30, 0x0, 0xdf, 0xff, 0x93, 0x1, 0x3a, 0xff,
    0xfb, 0x0, 0x0, 0x2e, 0xff, 0xff, 0xff, 0xff,
    0xff, 0xc1, 0x0, 0x0, 0x0, 0xaf, 0xff, 0xff,
    0xff, 0xf9, 0x0, 0x0, 0x0, 0x1a, 0xff, 0xff,
    0xff, 0xff, 0xff, 0x90, 0x0, 0x1, 0xcf, 0xff,
    0xd7, 0x55, 0x8e, 0xff, 0xfb, 0x0, 0xa, 0xff,
    0xf9, 0x0, 0x0, 0x0, 0xbf, 0xff, 0x70, 0x1f,
    0xff, 0xe0, 0x0, 0x0, 0x0, 0x1f, 0xff, 0xe0,
    0x6f, 0xff, 0x90, 0x0, 0x0, 0x0, 0xb, 0xff,
    0xf3, 0x8f, 0xff, 0x60, 0x0, 0x0, 0x0, 0x9,
    0xff, 0xf6, 0x9f, 0xff, 0x60, 0x0, 0x0, 0x0,
    0x9, 0xff, 0xf7, 0x9f, 0xff, 0x60, 0x0, 0x0,
    0x0, 0x9, 0xff, 0xf7, 0x8f, 0xff, 0x90, 0x0,
    0x0, 0x0, 0xc, 0xff, 0xf6, 0x6f, 0xff, 0xe0,
    0x0, 0x0, 0x0, 0x2f, 0xff, 0xf3, 0x1f, 0xff,
    0xfa, 0x0, 0x0, 0x0, 0xcf, 0xff, 0xe0, 0x9,
    0xff, 0xff, 0xd7, 0x55, 0x8e, 0xff, 0xff, 0x70,
    0x0, 0xcf, 0xff, 0xff, 0xff, 0xff, 0xff, 0xfa,
    0x0, 0x0, 0x19, 0xff, 0xff, 0xff, 0xff, 0xff,
    0x80, 0x0, 0x0, 0x0, 0x27, 0xce, 0xff, 0xdb,
    0x71, 0x0, 0x0,

    /* U+0039 "9" */
    0x0, 0x0, 0x17, 0xbd, 0xff, 0xdb, 0x71, 0x0,
    0x0, 0x0, 0x7, 0xff, 0xff, 0xff, 0xff, 0xff,
    0x70, 0x0, 0x0, 0x9f, 0xff, 0xff, 0xff, 0xff,
    0xff, 0xfa, 0x0, 0x6, 0xff, 0xff, 0xd7, 0x55,
    0x7d, 0xff, 0xff, 0x70, 0xe, 0xff, 0xfa, 0x0,
    0x0, 0x0, 0x9f, 0xff, 0xe0, 0x3f, 0xff, 0xe0,
    0x0, 0x0, 0x0, 0xe, 0xff, 0xf4, 0x6f, 0xff,
    0xa0, 0x0, 0x0, 0x0, 0x9, 0xff, 0xf7, 0x7f,
    0xff, 0x80, 0x0, 0x0, 0x0, 0x7, 0xff, 0xf8,
    0x8f, 0xff, 0x80, 0x0, 0x0, 0x0, 0x7, 0xff,
    0xf9, 0x7f, 0xff, 0x90, 0x0, 0x0, 0x0, 0x8,
    0xff, 0xf9, 0x5f, 0xff, 0xd0, 0x0, 0x0, 0x0,
    0xb, 0xff, 0xf9, 0x2f, 0xff, 0xf7, 0x0, 0x0,
    0x0, 0x5f, 0xff, 0xf9, 0xc, 0xff, 0xff, 0xc6,
    0x43, 0x5b, 0xff, 0xff, 0xf9, 0x2, 0xef, 0xff,
    0xff, 0xff, 0xff, 0xff, 0xff, 0xf9, 0x0, 0x3d,
    0xff, 0xff, 0xff, 0xff, 0xc8, 0xff, 0xf9, 0x0,
    0x0, 0x5a, 0xdf, 0xfe, 0xb5, 0x7, 0xff, 0xf9,
    0x0, 0x0, 0x0, 0x0, 0x0, 0x0, 0x7, 0xff,
    0xf9, 0x0, 0x0, 0x0, 0x0, 0x0, 0x0, 0x7,
    0xff, 0xf9, 0x4, 0x63, 0x0, 0x0, 0x0, 0x0,
    0x7, 0xff, 0xf9, 0x5f, 0xff, 0x40, 0x0, 0x0,
    0x0, 0x8, 0xff, 0xf8, 0x7f, 0xff, 0x80, 0x0,
    0x0, 0x0, 0xb, 0xff, 0xf7, 0x5f, 0xff, 0xc0,
    0x0, 0x0, 0x0, 0x2f, 0xff, 0xf4, 0x1f, 0xff,
    0xfa, 0x10, 0x0, 0x2, 0xdf, 0xff, 0xe0, 0x8,
    0xff, 0xff, 0xfb, 0x98, 0xbf, 0xff, 0xff, 0x70,
    0x0, 0xbf, 0xff, 0xff, 0xff, 0xff, 0xff, 0xf9,
    0x0, 0x0, 0x8, 0xff, 0xff, 0xff, 0xff, 0xff,
    0x70, 0x0, 0x0, 0x0, 0x27, 0xcd, 0xff, 0xdb,
    0x61, 0x0, 0x0,

    /* U+003A ":" */
    0x5, 0xee, 0x50, 0x1f, 0xff, 0xf1, 0x3f, 0xff,
    0xf3, 0xc, 0xff, 0xc0, 0x0, 0x66, 0x0, 0x0,
    0x0, 0x0, 0x0, 0x0, 0x0, 0x0, 0x0, 0x0,
    0x0, 0x0, 0x0, 0x0, 0x0, 0x0, 0x0, 0x0,
    0x0, 0x0, 0x66, 0x0, 0xc, 0xff, 0xc0, 0x3f,
    0xff, 0xf3, 0x1f, 0xff, 0xf1, 0x5, 0xee, 0x50,

    /* U+003B ";" */
    0x0, 0x56, 0x10, 0xb, 0xff, 0xd0, 0x1f, 0xff,
    0xf4, 0xf, 0xff, 0xf2, 0x4, 0xde, 0x60, 0x0,
    0x0, 0x0, 0x0, 0x0, 0x0, 0x0, 0x0, 0x0,
    0x0, 0x0, 0x0, 0x0, 0x0, 0x0, 0x0, 0x0,
    0x0, 0x0, 0x0, 0x0, 0x4, 0xbb, 0x30, 0x1f,
    0xff, 0xe0, 0x4f, 0xff, 0xf3, 0x1e, 0xff, 0xe0,
    0x3, 0xff, 0x90, 0x6, 0xff, 0x20, 0xd, 0xfb,
    0x0, 0xa, 0xf3, 0x0,

    /* U+003C "<" */
    0x0, 0x0, 0x0, 0x0, 0x0, 0x0, 0x20, 0x0,
    0x0, 0x0, 0x0, 0x0, 0x4, 0xef, 0x90, 0x0,
    0x0, 0x0, 0x0, 0x1a, 0xff, 0xff, 0x0, 0x0,
    0x0, 0x0, 0x5e, 0xff, 0xff, 0xb0, 0x0, 0x0,
    0x1, 0xbf, 0xff, 0xff, 0x60, 0x0, 0x0, 0x6,
    0xff, 0xff, 0xfb, 0x10, 0x0, 0x0, 0x2c, 0xff,
    0xff, 0xe5, 0x0, 0x0, 0x0, 0x5f, 0xff, 0xff,
    0xa1, 0x0, 0x0, 0x0, 0xf, 0xff, 0xfe, 0x40,
    0x0, 0x0, 0x0, 0x0, 0xef, 0xff, 0xf8, 0x0,
    0x0, 0x0, 0x0, 0x3, 0xdf, 0xff, 0xfd, 0x30,
    0x0, 0x0, 0x0, 0x0, 0x8f, 0xff, 0xff, 0x90,
    0x0, 0x0, 0x0, 0x0, 0x2c, 0xff, 0xff, 0xe4,
    0x0, 0x0, 0x0, 0x0, 0x7, 0xff, 0xff, 0xfa,
    0x10, 0x0, 0x0, 0x0, 0x2, 0xcf, 0xff, 0xfd,
    0x0, 0x0, 0x0, 0x0, 0x0, 0x6f, 0xff, 0xf0,
    0x0, 0x0, 0x0, 0x0, 0x0, 0x1a, 0xe6, 0x0,

    /* U+003D "=" */
    0x6f, 0xff, 0xff, 0xff, 0xff, 0xfe, 0x2c, 0xff,
    0xff, 0xff, 0xff, 0xff, 0xf8, 0x9f, 0xff, 0xff,
    0xff, 0xff, 0xff, 0x50, 0x44, 0x44, 0x44, 0x44,
    0x44, 0x30, 0x0, 0x0, 0x0, 0x0, 0x0, 0x0,
    0x0, 0x0, 0x0, 0x0, 0x0, 0x0, 0x0, 0x0,
    0x0, 0x0, 0x0, 0x0, 0x0, 0x0, 0x44, 0x44,
    0x44, 0x44, 0x44, 0x30, 0x9f, 0xff, 0xff, 0xff,
    0xff, 0xff, 0x5c, 0xff, 0xff, 0xff, 0xff, 0xff,
    0xf8, 0x6f, 0xff, 0xff, 0xff, 0xff, 0xfe, 0x30,

    /* U+003E ">" */
    0x0, 0x20, 0x0, 0x0, 0x0, 0x0, 0x0, 0xd,
    0xfc, 0x20, 0x0, 0x0, 0x0, 0x0, 0x4f, 0xff,
    0xf7, 0x0, 0x0, 0x0, 0x0, 0x1d, 0xff, 0xff,
    0xc3, 0x0, 0x0, 0x0, 0x0, 0x9f, 0xff, 0xff,
    0x80, 0x0, 0x0, 0x0, 0x3, 0xdf, 0xff, 0xfd,
    0x30, 0x0, 0x0, 0x0, 0x8, 0xff, 0xff, 0xf9,
    0x0, 0x0, 0x0, 0x0, 0x3c, 0xff, 0xff, 0xe2,
    0x0, 0x0, 0x0, 0x0, 0x7f, 0xff, 0xfb, 0x0,
    0x0, 0x0, 0x1, 0xbf, 0xff, 0xfa, 0x0, 0x0,
    0x0, 0x6f, 0xff, 0xff, 0xb1, 0x0, 0x0, 0x2b,
    0xff, 0xff, 0xe5, 0x0, 0x0, 0x7, 0xff, 0xff,
    0xfa, 0x10, 0x0, 0x2, 0xcf, 0xff, 0xfe, 0x40,
    0x0, 0x0, 0x2f, 0xff, 0xff, 0x90, 0x0, 0x0,
    0x0, 0x4f, 0xff, 0xd3, 0x0, 0x0, 0x0, 0x0,
    0xa, 0xe8, 0x0, 0x0, 0x0, 0x0, 0x0,

    /* U+003F "?" */
    0x0, 0x2, 0x8d, 0xef, 0xec, 0x72, 0x0, 0x0,
    0x0, 0x9f, 0xff, 0xff, 0xff, 0xff, 0x70, 0x0,
    0xa, 0xff, 0xff, 0xff, 0xff, 0xff, 0xf9, 0x0,
    0x1f, 0xff, 0xc4, 0x11, 0x37, 0xff, 0xff, 0x40,
    0xd, 0xfa, 0x0, 0x0, 0x0, 0x2e, 0xff, 0xb0,
    0x0, 0x30, 0x0, 0x0, 0x0, 0x8, 0xff, 0xe0,
    0x0, 0x0, 0x0, 0x0, 0x0, 0x5, 0xff, 0xf0,
    0x0, 0x0, 0x0, 0x0, 0x0, 0x7, 0xff, 0xd0,
    0x0, 0x0, 0x0, 0x0, 0x0, 0xb, 0xff, 0x90,
    0x0, 0x0, 0x0, 0x0, 0x0, 0x6f, 0xff, 0x10,
    0x0, 0x0, 0x0, 0x0, 0x6, 0xff, 0xf6, 0x0,
    0x0, 0x0, 0x0, 0x0, 0x7f, 0xff, 0x90, 0x0,
    0x0, 0x0, 0x0, 0x8, 0xff, 0xf9, 0x0, 0x0,
    0x0, 0x0, 0x0, 0x5f, 0xff, 0x70, 0x0, 0x0,
    0x0, 0x0, 0x0, 0xef, 0xf8, 0x0, 0x0, 0x0,
    0x0, 0x0, 0x3, 0xff, 0xe0, 0x0, 0x0, 0x0,
    0x0, 0x0, 0x5, 0xff, 0xc0, 0x0, 0x0, 0x0,
    0x0, 0x0, 0x6, 0xff, 0xa0, 0x0, 0x0, 0x0,
    0x0, 0x0, 0x6, 0xff, 0x90, 0x0, 0x0, 0x0,
    0x0, 0x0, 0x1, 0xcc, 0x40, 0x0, 0x0, 0x0,
    0x0, 0x0, 0x0, 0x0, 0x0, 0x0, 0x0, 0x0,
    0x0, 0x0, 0x0, 0x0, 0x0, 0x0, 0x0, 0x0,
    0x0, 0x0, 0x0, 0x66, 0x0, 0x0, 0x0, 0x0,
    0x0, 0x0, 0xc, 0xff, 0xd0, 0x0, 0x0, 0x0,
    0x0, 0x0, 0x2f, 0xff, 0xf4, 0x0, 0x0, 0x0,
    0x0, 0x0, 0x1f, 0xff, 0xf2, 0x0, 0x0, 0x0,
    0x0, 0x0, 0x5, 0xee, 0x60, 0x0, 0x0, 0x0,

    /* U+0040 "@" */
    0x0, 0x0, 0x0, 0x0, 0x48, 0xbe, 0xff, 0xed,
    0xa6, 0x20, 0x0, 0x0, 0x0, 0x0, 0x0, 0x0,
    0x5d, 0xff, 0xff, 0xff, 0xff, 0xff, 0xfa, 0x20,
    0x0, 0x0, 0x0, 0x0, 0x1b, 0xff, 0xff, 0xb8,
    0x76, 0x79, 0xcf, 0xff, 0xf6, 0x0, 0x0, 0x0,
    0x0, 0xcf, 0xfe, 0x50, 0x0, 0x0, 0x0, 0x1,
    0x9f, 0xff, 0x70, 0x0, 0x0, 0xa, 0xff, 0xb0,
    0x0, 0x0, 0x0, 0x0, 0x0, 0x3, 0xff, 0xf4,
    0x0, 0x0, 0x5f, 0xfb, 0x0, 0x1, 0x6a, 0xcc,
    0xa6, 0x0, 0x0, 0x4f, 0xfe, 0x0, 0x0, 0xdf,
    0xf1, 0x0, 0x6f, 0xff, 0xff, 0xff, 0xe4, 0x0,
    0x9, 0xff, 0x60, 0x4, 0xff, 0x80, 0x0, 0xff,
    0xff, 0xff, 0xff, 0xff, 0x30, 0x1, 0xff, 0xd0,
    0x9, 0xff, 0x20, 0x0, 0xce, 0x61, 0x2, 0x7f,
    0xff, 0xa0, 0x0, 0xbf, 0xf1, 0xd, 0xfd, 0x0,
    0x0, 0x0, 0x0, 0x0, 0x7, 0xff, 0xe0, 0x0,
    0x7f, 0xf5, 0xf, 0xfb, 0x0, 0x0, 0x0, 0x0,
    0x0, 0x2, 0xff, 0xf0, 0x0, 0x4f, 0xf7, 0x2f,
    0xf8, 0x0, 0x0, 0x0, 0x0, 0x0, 0x0, 0xff,
    0xf0, 0x0, 0x2f, 0xf8, 0x3f, 0xf7, 0x0, 0x0,
    0x3, 0x8c, 0xef, 0xff, 0xff, 0xf0, 0x0, 0x1f,
    0xf9, 0x3f, 0xf7, 0x0, 0x0, 0xaf, 0xff, 0xff,
    0xee, 0xff, 0xf0, 0x0, 0x1f, 0xf8, 0x2f, 0xf8,
    0x0, 0x8, 0xff, 0xe6, 0x10, 0x0, 0xef, 0xf0,
    0x0, 0x1f, 0xf7, 0x1f, 0xf9, 0x0, 0xd, 0xff,
    0x60, 0x0, 0x0, 0xff, 0xf0, 0x0, 0x3f, 0xf5,
    0xf, 0xfb, 0x0, 0xf, 0xff, 0x50, 0x0, 0x6,
    0xff, 0xf0, 0x0, 0x6f, 0xf1, 0xb, 0xfe, 0x0,
    0xc, 0xff, 0xc2, 0x2, 0x8f, 0xff, 0xf2, 0x0,
    0xbf, 0xc0, 0x7, 0xff, 0x40, 0x4, 0xff, 0xff,
    0xff, 0xfd, 0x5f, 0xfb, 0x27, 0xff, 0x50, 0x2,
    0xff, 0xb0, 0x0, 0x4d, 0xff, 0xff, 0x90, 0xb,
    0xff, 0xff, 0xfa, 0x0, 0x0, 0xaf, 0xf5, 0x0,
    0x0, 0x13, 0x20, 0x0, 0x0, 0x8d, 0xfd, 0x70,
    0x0, 0x0, 0x1e, 0xff, 0x30, 0x0, 0x0, 0x0,
    0x0, 0x0, 0x0, 0x0, 0x0, 0x0, 0x0, 0x4,
    0xff, 0xf8, 0x10, 0x0, 0x0, 0x0, 0x13, 0x0,
    0x0, 0x0, 0x0, 0x0, 0x0, 0x4e, 0xff, 0xfb,
    0x87, 0x67, 0x9d, 0xff, 0x40, 0x0, 0x0, 0x0,
    0x0, 0x0, 0x2, 0xaf, 0xff, 0xff, 0xff, 0xff,
    0xfd, 0x10, 0x0, 0x0, 0x0, 0x0, 0x0, 0x0,
    0x2, 0x8c, 0xef, 0xfe, 0xb8, 0x40, 0x0, 0x0,
    0x0, 0x0,

    /* U+0041 "A" */
    0x0, 0x0, 0x0, 0x0, 0x4c, 0xfe, 0x70, 0x0,
    0x0, 0x0, 0x0, 0x0, 0x0, 0x0, 0xe, 0xff,
    0xff, 0x40, 0x0, 0x0, 0x0, 0x0, 0x0, 0x0,
    0x4, 0xff, 0xff, 0xf9, 0x0, 0x0, 0x0, 0x0,
    0x0, 0x0, 0x0, 0x9f, 0xff, 0xff, 0xe0, 0x0,
    0x0, 0x0, 0x0, 0x0, 0x0, 0xe, 0xff, 0xff,
    0xff, 0x30, 0x0, 0x0, 0x0, 0x0, 0x0, 0x3,
    0xff, 0xfd, 0xff, 0xf8, 0x0, 0x0, 0x0, 0x0,
    0x0, 0x0, 0x8f, 0xff, 0x4f, 0xff, 0xd0, 0x0,
    0x0, 0x0, 0x0, 0x0, 0xd, 0xff, 0xf0, 0xbf,
    0xff, 0x20, 0x0, 0x0, 0x0, 0x0, 0x3, 0xff,
    0xfa, 0x6, 0xff, 0xf7, 0x0, 0x0, 0x0, 0x0,
    0x0, 0x8f, 0xff, 0x50, 0x1f, 0xff, 0xd0, 0x0,
    0x0, 0x0, 0x0, 0xd, 0xff, 0xf1, 0x0, 0xcf,
    0xff, 0x20, 0x0, 0x0, 0x0, 0x2, 0xff, 0xfc,
    0x0, 0x7, 0xff, 0xf7, 0x0, 0x0, 0x0, 0x0,
    0x7f, 0xff, 0x70, 0x0, 0x2f, 0xff, 0xc0, 0x0,
    0x0, 0x0, 0xc, 0xff, 0xf2, 0x0, 0x0, 0xdf,
    0xff, 0x10, 0x0, 0x0, 0x1, 0xff, 0xfd, 0x0,
    0x0, 0x9, 0xff, 0xf6, 0x0, 0x0, 0x0, 0x6f,
    0xff, 0x80, 0x0, 0x0, 0x4f, 0xff, 0xb0, 0x0,
    0x0, 0xb, 0xff, 0xf3, 0x0, 0x0, 0x0, 0xff,
    0xff, 0x0, 0x0, 0x1, 0xff, 0xff, 0x33, 0x33,
    0x33, 0x3b, 0xff, 0xf5, 0x0, 0x0, 0x6f, 0xff,
    0xff, 0xff, 0xff, 0xff, 0xff, 0xff, 0xa0, 0x0,
    0xb, 0xff, 0xff, 0xff, 0xff, 0xff, 0xff, 0xff,
    0xff, 0x0, 0x0, 0xff, 0xff, 0xff, 0xff, 0xff,
    0xff, 0xff, 0xff, 0xf4, 0x0, 0x5f, 0xff, 0xd0,
    0x0, 0x0, 0x0, 0x0, 0x7f, 0xff, 0x90, 0xa,
    0xff, 0xf8, 0x0, 0x0, 0x0, 0x0, 0x3, 0xff,
    0xfe, 0x0, 0xff, 0xff, 0x30, 0x0, 0x0, 0x0,
    0x0, 0xe, 0xff, 0xf4, 0x4f, 0xff, 0xe0, 0x0,
    0x0, 0x0, 0x0, 0x0, 0x9f, 0xff, 0x96, 0xff,
    0xf9, 0x0, 0x0, 0x0, 0x0, 0x0, 0x4, 0xff,
    0xfb, 0x9, 0xee, 0x30, 0x0, 0x0, 0x0, 0x0,
    0x0, 0xc, 0xfb, 0x20,

    /* U+0042 "B" */
    0x2d, 0xff, 0xff, 0xff, 0xff, 0xec, 0x94, 0x0,
    0x0, 0x7f, 0xff, 0xff, 0xff, 0xff, 0xff, 0xff,
    0xc1, 0x0, 0x7f, 0xff, 0xff, 0xff, 0xff, 0xff,
    0xff, 0xfc, 0x0, 0x7f, 0xff, 0xc8, 0x88, 0x89,
    0xcf, 0xff, 0xff, 0x60, 0x7f, 0xff, 0x80, 0x0,
    0x0, 0x3, 0xef, 0xff, 0xb0, 0x7f, 0xff, 0x80,
    0x0, 0x0, 0x0, 0x6f, 0xff, 0xd0, 0x7f, 0xff,
    0x80, 0x0, 0x0, 0x0, 0x3f, 0xff, 0xd0, 0x7f,
    0xff, 0x80, 0x0, 0x0, 0x0, 0x3f, 0xff, 0xc0,
    0x7f, 0xff, 0x80, 0x0, 0x0, 0x0, 0x5f, 0xff,
    0xa0, 0x7f, 0xff, 0x80, 0x0, 0x0, 0x0, 0xdf,
    0xff, 0x50, 0x7f, 0xff, 0x93, 0x33, 0x33, 0x6d,
    0xff, 0xfd, 0x0, 0x7f, 0xff, 0xff, 0xff, 0xff,
    0xff, 0xff, 0xd2, 0x0, 0x7f, 0xff, 0xff, 0xff,
    0xff, 0xff, 0xfe, 0x20, 0x0, 0x7f, 0xff, 0xff,
    0xff, 0xff, 0xff, 0xff, 0xf7, 0x0, 0x7f, 0xff,
    0x80, 0x0, 0x0, 0x27, 0xff, 0xff, 0x70, 0x7f,
    0xff, 0x80, 0x0, 0x0, 0x0, 0x3f, 0xff, 0xf1,
    0x7f, 0xff, 0x80, 0x0, 0x0, 0x0, 0xb, 0xff,
    0xf5, 0x7f, 0xff, 0x80, 0x0, 0x0, 0x0, 0x8,
    0xff, 0xf8, 0x7f, 0xff, 0x80, 0x0, 0x0, 0x0,
    0x7, 0xff, 0xf8, 0x7f, 0xff, 0x80, 0x0, 0x0,
    0x0, 0x7, 0xff, 0xf8, 0x7f, 0xff, 0x80, 0x0,
    0x0, 0x0, 0xa, 0xff, 0xf7, 0x7f, 0xff, 0x80,
    0x0, 0x0, 0x0, 0xe, 0xff, 0xf5, 0x7f, 0xff,
    0x80, 0x0, 0x0, 0x1, 0xbf, 0xff, 0xf1, 0x7f,
    0xff, 0xc8, 0x88, 0x88, 0xaf, 0xff, 0xff, 0xb0,
    0x7f, 0xff, 0xff, 0xff, 0xff, 0xff, 0xff, 0xfe,
    0x10, 0x7f, 0xff, 0xff, 0xff, 0xff, 0xff, 0xff,
    0xd3, 0x0, 0x2d, 0xff, 0xff, 0xff, 0xff, 0xfd,
    0xa5, 0x0, 0x0,

    /* U+0043 "C" */
    0x0, 0x0, 0x28, 0xce, 0xfe, 0xda, 0x51, 0x0,
    0x0, 0x0, 0x19, 0xff, 0xff, 0xff, 0xff, 0xfe,
    0x60, 0x0, 0x0, 0xcf, 0xff, 0xff, 0xff, 0xff,
    0xff, 0xf9, 0x0, 0xa, 0xff, 0xff, 0xfa, 0x89,
    0xcf, 0xff, 0xff, 0x60, 0x2f, 0xff, 0xfa, 0x0,
    0x0, 0x2, 0xdf, 0xff, 0xe0, 0x7f, 0xff, 0xd0,
    0x0, 0x0, 0x0, 0x3f, 0xff, 0xf2, 0xaf, 0xff,
    0x70, 0x0, 0x0, 0x0, 0xe, 0xff, 0xf4, 0xbf,
    0xff, 0x40, 0x0, 0x0, 0x0, 0xb, 0xff, 0xf2,
    0xcf, 0xff, 0x40, 0x0, 0x0, 0x0, 0x2, 0x9a,
    0x60, 0xcf, 0xff, 0x40, 0x0, 0x0, 0x0, 0x0,
    0x0, 0x0, 0xcf, 0xff, 0x40, 0x0, 0x0, 0x0,
    0x0, 0x0, 0x0, 0xcf, 0xff, 0x40, 0x0, 0x0,
    0x0, 0x0, 0x0, 0x0, 0xcf, 0xff, 0x40, 0x0,
    0x0, 0x0, 0x0, 0x0, 0x0, 0xcf, 0xff, 0x40,
    0x0, 0x0, 0x0, 0x0, 0x0, 0x0, 0xcf, 0xff,
    0x40, 0x0, 0x0, 0x0, 0x0, 0x0, 0x0, 0xcf,
    0xff, 0x40, 0x0, 0x0, 0x0, 0x0, 0x0, 0x0,
    0xcf, 0xff, 0x40, 0x0, 0x0, 0x0, 0x0, 0x0,
    0x0, 0xcf, 0xff, 0x40, 0x0, 0x0, 0x0, 0x0,
    0x0, 0x0, 0xcf, 0xff, 0x40, 0x0, 0x0, 0x0,
    0x4, 0xcd, 0x90, 0xbf, 0xff, 0x40, 0x0, 0x0,
    0x0, 0xb, 0xff, 0xf3, 0xaf, 0xff, 0x70, 0x0,
    0x0, 0x0, 0xe, 0xff, 0xf4, 0x7f, 0xff, 0xd0,
    0x0, 0x0, 0x0, 0x4f, 0xff, 0xf2, 0x2f, 0xff,
    0xfa, 0x0, 0x0, 0x2, 0xef, 0xff, 0xd0, 0xa,
    0xff, 0xff, 0xea, 0x88, 0xbf, 0xff, 0xff, 0x50,
    0x0, 0xcf, 0xff, 0xff, 0xff, 0xff, 0xff, 0xf7,
    0x0, 0x0, 0x1a, 0xff, 0xff, 0xff, 0xff, 0xfe,
    0x50, 0x0, 0x0, 0x0, 0x38, 0xce, 0xfe, 0xda,
    0x50, 0x0, 0x0,

    /* U+0044 "D" */
    0x2d, 0xff, 0xff, 0xff, 0xff, 0xdb, 0x71, 0x0,
    0x0, 0x7f, 0xff, 0xff, 0xff, 0xff, 0xff, 0xff,
    0x70, 0x0, 0x7f, 0xff, 0xff, 0xff, 0xff, 0xff,
    0xff, 0xf9, 0x0, 0x7f, 0xff, 0xc8, 0x88, 0x89,
    0xbf, 0xff, 0xff, 0x60, 0x7f, 0xff, 0x80, 0x0,
    0x0, 0x2, 0xcf, 0xff, 0xe0, 0x7f, 0xff, 0x80,
    0x0, 0x0, 0x0, 0x1f, 0xff, 0xf3, 0x7f, 0xff,
    0x80, 0x0, 0x0, 0x0, 0xa, 0xff, 0xf6, 0x7f,
    0xff, 0x80, 0x0, 0x0, 0x0, 0x8, 0xff, 0xf8,
    0x7f, 0xff, 0x80, 0x0, 0x0, 0x0, 0x7, 0xff,
    0xf8, 0x7f, 0xff, 0x80, 0x0, 0x0, 0x0, 0x7,
    0xff, 0xf9, 0x7f, 0xff, 0x80, 0x0, 0x0, 0x0,
    0x7, 0xff, 0xf9, 0x7f, 0xff, 0x80, 0x0, 0x0,
    0x0, 0x7, 0xff, 0xf9, 0x7f, 0xff, 0x80, 0x0,
    0x0, 0x0, 0x7, 0xff, 0xf9, 0x7f, 0xff, 0x80,
    0x0, 0x0, 0x0, 0x7, 0xff, 0xf9, 0x7f, 0xff,
    0x80, 0x0, 0x0, 0x0, 0x7, 0xff, 0xf9, 0x7f,
    0xff, 0x80, 0x0, 0x0, 0x0, 0x7, 0xff, 0xf9,
    0x7f, 0xff, 0x80, 0x0, 0x0, 0x0, 0x7, 0xff,
    0xf9, 0x7f, 0xff, 0x80, 0x0, 0x0, 0x0, 0x7,
    0xff, 0xf9, 0x7f, 0xff, 0x80, 0x0, 0x0, 0x0,
    0x7, 0xff, 0xf8, 0x7f, 0xff, 0x80, 0x0, 0x0,
    0x0, 0x8, 0xff, 0xf8, 0x7f, 0xff, 0x80, 0x0,
    0x0, 0x0, 0xb, 0xff, 0xf6, 0x7f, 0xff, 0x80,
    0x0, 0x0, 0x0, 0x1f, 0xff, 0xf3, 0x7f, 0xff,
    0x80, 0x0, 0x0, 0x2, 0xdf, 0xff, 0xe0, 0x7f,
    0xff, 0xc8, 0x88, 0x89, 0xbf, 0xff, 0xff, 0x60,
    0x7f, 0xff, 0xff, 0xff, 0xff, 0xff, 0xff, 0xf9,
    0x0, 0x7f, 0xff, 0xff, 0xff, 0xff, 0xff, 0xff,
    0x70, 0x0, 0x2d, 0xff, 0xff, 0xff, 0xff, 0xdb,
    0x71, 0x0, 0x0,

    /* U+0045 "E" */
    0x2d, 0xff, 0xff, 0xff, 0xff, 0xff, 0xff, 0xff,
    0xa0, 0x7f, 0xff, 0xff, 0xff, 0xff, 0xff, 0xff,
    0xff, 0xf1, 0x7f, 0xff, 0xff, 0xff, 0xff, 0xff,
    0xff, 0xff, 0xf0, 0x7f, 0xff, 0xc8, 0x88, 0x88,
    0x88, 0x88, 0x88, 0x40, 0x7f, 0xff, 0x80, 0x0,
    0x0, 0x0, 0x0, 0x0, 0x0, 0x7f, 0xff, 0x80,
    0x0, 0x0, 0x0, 0x0, 0x0, 0x0, 0x7f, 0xff,
    0x80, 0x0, 0x0, 0x0, 0x0, 0x0, 0x0, 0x7f,
    0xff, 0x80, 0x0, 0x0, 0x0, 0x0, 0x0, 0x0,
    0x7f, 0xff, 0x80, 0x0, 0x0, 0x0, 0x0, 0x0,
    0x0, 0x7f, 0xff, 0x80, 0x0, 0x0, 0x0, 0x0,
    0x0, 0x0, 0x7f, 0xff, 0x80, 0x0, 0x0, 0x0,
    0x0, 0x0, 0x0, 0x7f, 0xff, 0x93, 0x33, 0x33,
    0x20, 0x0, 0x0, 0x0, 0x7f, 0xff, 0xff, 0xff,
    0xff, 0xf6, 0x0, 0x0, 0x0, 0x7f, 0xff, 0xff,
    0xff, 0xff, 0xfa, 0x0, 0x0, 0x0, 0x7f, 0xff,
    0xff, 0xff, 0xff, 0xf5, 0x0, 0x0, 0x0, 0x7f,
    0xff, 0x80, 0x0, 0x0, 0x0, 0x0, 0x0, 0x0,
    0x7f, 0xff, 0x80, 0x0, 0x0, 0x0, 0x0, 0x0,
    0x0, 0x7f, 0xff, 0x80, 0x0, 0x0, 0x0, 0x0,
    0x0, 0x0, 0x7f, 0xff, 0x80, 0x0, 0x0, 0x0,
    0x0, 0x0, 0x0, 0x7f, 0xff, 0x80, 0x0, 0x0,
    0x0, 0x0, 0x0, 0x0, 0x7f, 0xff, 0x80, 0x0,
    0x0, 0x0, 0x0, 0x0, 0x0, 0x7f, 0xff, 0x80,
    0x0, 0x0, 0x0, 0x0, 0x0, 0x0, 0x7f, 0xff,
    0x80, 0x0, 0x0, 0x0, 0x0, 0x0, 0x0, 0x7f,
    0xff, 0xc8, 0x88, 0x88, 0x88, 0x88, 0x88, 0x40,
    0x7f, 0xff, 0xff, 0xff, 0xff, 0xff, 0xff, 0xff,
    0xf0, 0x7f, 0xff, 0xff, 0xff, 0xff, 0xff, 0xff,
    0xff, 0xf1, 0x2d, 0xff, 0xff, 0xff, 0xff, 0xff,
    0xff, 0xff, 0xa0,

    /* U+0046 "F" */
    0x2d, 0xff, 0xff, 0xff, 0xff, 0xff, 0xff, 0xff,
    0x87, 0xff, 0xff, 0xff, 0xff, 0xff, 0xff, 0xff,
    0xfe, 0x7f, 0xff, 0xff, 0xff, 0xff, 0xff, 0xff,
    0xff, 0xc7, 0xff, 0xfc, 0x88, 0x88, 0x88, 0x88,
    0x88, 0x82, 0x7f, 0xff, 0x80, 0x0, 0x0, 0x0,
    0x0, 0x0, 0x7, 0xff, 0xf8, 0x0, 0x0, 0x0,
    0x0, 0x0, 0x0, 0x7f, 0xff, 0x80, 0x0, 0x0,
    0x0, 0x0, 0x0, 0x7, 0xff, 0xf8, 0x0, 0x0,
    0x0, 0x0, 0x0, 0x0, 0x7f, 0xff, 0x80, 0x0,
    0x0, 0x0, 0x0, 0x0, 0x7, 0xff, 0xf8, 0x0,
    0x0, 0x0, 0x0, 0x0, 0x0, 0x7f, 0xff, 0x80,
    0x0, 0x0, 0x0, 0x0, 0x0, 0x7, 0xff, 0xf9,
    0x33, 0x33, 0x32, 0x0, 0x0, 0x0, 0x7f, 0xff,
    0xff, 0xff, 0xff, 0xf6, 0x0, 0x0, 0x7, 0xff,
    0xff, 0xff, 0xff, 0xff, 0xa0, 0x0, 0x0, 0x7f,
    0xff, 0xff, 0xff, 0xff, 0xf5, 0x0, 0x0, 0x7,
    0xff, 0xf8, 0x0, 0x0, 0x0, 0x0, 0x0, 0x0,
    0x7f, 0xff, 0x80, 0x0, 0x0, 0x0, 0x0, 0x0,
    0x7, 0xff, 0xf8, 0x0, 0x0, 0x0, 0x0, 0x0,
    0x0, 0x7f, 0xff, 0x80, 0x0, 0x0, 0x0, 0x0,
    0x0, 0x7, 0xff, 0xf8, 0x0, 0x0, 0x0, 0x0,
    0x0, 0x0, 0x7f, 0xff, 0x80, 0x0, 0x0, 0x0,
    0x0, 0x0, 0x7, 0xff, 0xf8, 0x0, 0x0, 0x0,
    0x0, 0x0, 0x0, 0x7f, 0xff, 0x80, 0x0, 0x0,
    0x0, 0x0, 0x0, 0x7, 0xff, 0xf8, 0x0, 0x0,
    0x0, 0x0, 0x0, 0x0, 0x7f, 0xff, 0x80, 0x0,
    0x0, 0x0, 0x0, 0x0, 0x7, 0xff, 0xf8, 0x0,
    0x0, 0x0, 0x0, 0x0, 0x0, 0x2c, 0xfd, 0x20,
    0x0, 0x0, 0x0, 0x0, 0x0, 0x0,

    /* U+0047 "G" */
    0x0, 0x0, 0x38, 0xce, 0xfe, 0xda, 0x50, 0x0,
    0x0, 0x0, 0x1a, 0xff, 0xff, 0xff, 0xff, 0xfe,
    0x60, 0x0, 0x0, 0xcf, 0xff, 0xff, 0xff, 0xff,
    0xff, 0xf9, 0x0, 0xa, 0xff, 0xff, 0xea, 0x89,
    0xcf, 0xff, 0xff, 0x70, 0x2f, 0xff, 0xfa, 0x0,
    0x0, 0x2, 0xdf, 0xff, 0xe0, 0x7f, 0xff, 0xd0,
    0x0, 0x0, 0x0, 0x3f, 0xff, 0xf3, 0xaf, 0xff,
    0x70, 0x0, 0x0, 0x0, 0xd, 0xff, 0xf4, 0xbf,
    0xff, 0x40, 0x0, 0x0, 0x0, 0x8, 0xff, 0xe1,
    0xcf, 0xff, 0x40, 0x0, 0x0, 0x0, 0x0, 0x23,
    0x10, 0xcf, 0xff, 0x40, 0x0, 0x0, 0x0, 0x0,
    0x0, 0x0, 0xcf, 0xff, 0x40, 0x0, 0x0, 0x0,
    0x0, 0x0, 0x0, 0xcf, 0xff, 0x40, 0x0, 0x0,
    0x0, 0x0, 0x0, 0x0, 0xcf, 0xff, 0x40, 0x0,
    0x6f, 0xff, 0xff, 0xff, 0xd1, 0xcf, 0xff, 0x40,
    0x0, 0xdf, 0xff, 0xff, 0xff, 0xf4, 0xcf, 0xff,
    0x40, 0x0, 0x9f, 0xff, 0xff, 0xff, 0xf4, 0xcf,
    0xff, 0x40, 0x0, 0x2, 0x33, 0x3c, 0xff, 0xf4,
    0xcf, 0xff, 0x40, 0x0, 0x0, 0x0, 0xb, 0xff,
    0xf4, 0xcf, 0xff, 0x40, 0x0, 0x0, 0x0, 0xb,
    0xff, 0xf4, 0xcf, 0xff, 0x40, 0x0, 0x0, 0x0,
    0xb, 0xff, 0xf4, 0xbf, 0xff, 0x40, 0x0, 0x0,
    0x0, 0xc, 0xff, 0xf3, 0xaf, 0xff, 0x70, 0x0,
    0x0, 0x0, 0xf, 0xff, 0xf1, 0x7f, 0xff, 0xd0,
    0x0, 0x0, 0x0, 0x6f, 0xff, 0xe0, 0x2f, 0xff,
    0xfa, 0x0, 0x0, 0x5, 0xff, 0xff, 0x90, 0xa,
    0xff, 0xff, 0xea, 0x89, 0xcf, 0xff, 0xff, 0x20,
    0x0, 0xdf, 0xff, 0xff, 0xff, 0xff, 0xff, 0xf5,
    0x0, 0x0, 0x1a, 0xff, 0xff, 0xff, 0xff, 0xfe,
    0x40, 0x0, 0x0, 0x0, 0x38, 0xce, 0xfe, 0xda,
    0x50, 0x0, 0x0,

    /* U+0048 "H" */
    0x2d, 0xfd, 0x30, 0x0, 0x0, 0x0, 0x0, 0x8f,
    0xf8, 0x7, 0xff, 0xf8, 0x0, 0x0, 0x0, 0x0,
    0xf, 0xff, 0xf0, 0x7f, 0xff, 0x80, 0x0, 0x0,
    0x0, 0x0, 0xff, 0xff, 0x7, 0xff, 0xf8, 0x0,
    0x0, 0x0, 0x0, 0xf, 0xff, 0xf0, 0x7f, 0xff,
    0x80, 0x0, 0x0, 0x0, 0x0, 0xff, 0xff, 0x7,
    0xff, 0xf8, 0x0, 0x0, 0x0, 0x0, 0xf, 0xff,
    0xf0, 0x7f, 0xff, 0x80, 0x0, 0x0, 0x0, 0x0,
    0xff, 0xff, 0x7, 0xff, 0xf8, 0x0, 0x0, 0x0,
    0x0, 0xf, 0xff, 0xf0, 0x7f, 0xff, 0x80, 0x0,
    0x0, 0x0, 0x0, 0xff, 0xff, 0x7, 0xff, 0xf8,
    0x0, 0x0, 0x0, 0x0, 0xf, 0xff, 0xf0, 0x7f,
    0xff, 0x80, 0x0, 0x0, 0x0, 0x0, 0xff, 0xff,
    0x7, 0xff, 0xff, 0xff, 0xff, 0xff, 0xff, 0xff,
    0xff, 0xf0, 0x7f, 0xff, 0xff, 0xff, 0xff, 0xff,
    0xff, 0xff, 0xff, 0x7, 0xff, 0xff, 0xff, 0xff,
    0xff, 0xff, 0xff, 0xff, 0xf0, 0x7f, 0xff, 0x93,
    0x33, 0x33, 0x33, 0x33, 0xff, 0xff, 0x7, 0xff,
    0xf8, 0x0, 0x0, 0x0, 0x0, 0xf, 0xff, 0xf0,
    0x7f, 0xff, 0x80, 0x0, 0x0, 0x0, 0x0, 0xff,
    0xff, 0x7, 0xff, 0xf8, 0x0, 0x0, 0x0, 0x0,
    0xf, 0xff, 0xf0, 0x7f, 0xff, 0x80, 0x0, 0x0,
    0x0, 0x0, 0xff, 0xff, 0x7, 0xff, 0xf8, 0x0,
    0x0, 0x0, 0x0, 0xf, 0xff, 0xf0, 0x7f, 0xff,
    0x80, 0x0, 0x0, 0x0, 0x0, 0xff, 0xff, 0x7,
    0xff, 0xf8, 0x0, 0x0, 0x0, 0x0, 0xf, 0xff,
    0xf0, 0x7f, 0xff, 0x80, 0x0, 0x0, 0x0, 0x0,
    0xff, 0xff, 0x7, 0xff, 0xf8, 0x0, 0x0, 0x0,
    0x0, 0xf, 0xff, 0xf0, 0x7f, 0xff, 0x80, 0x0,
    0x0, 0x0, 0x0, 0xff, 0xff, 0x7, 0xff, 0xf8,
    0x0, 0x0, 0x0, 0x0, 0xf, 0xff, 0xf0, 0x2c,
    0xfc, 0x20, 0x0, 0x0, 0x0, 0x0, 0x7e, 0xe8,
    0x0,

    /* U+0049 "I" */
    0x2d, 0xfd, 0x37, 0xff, 0xf8, 0x7f, 0xff, 0x87,
    0xff, 0xf8, 0x7f, 0xff, 0x87, 0xff, 0xf8, 0x7f,
    0xff, 0x87, 0xff, 0xf8, 0x7f, 0xff, 0x87, 0xff,
    0xf8, 0x7f, 0xff, 0x87, 0xff, 0xf8, 0x7f, 0xff,
    0x87, 0xff, 0xf8, 0x7f, 0xff, 0x87, 0xff, 0xf8,
    0x7f, 0xff, 0x87, 0xff, 0xf8, 0x7f, 0xff, 0x87,
    0xff, 0xf8, 0x7f, 0xff, 0x87, 0xff, 0xf8, 0x7f,
    0xff, 0x87, 0xff, 0xf8, 0x7f, 0xff, 0x87, 0xff,
    0xf8, 0x2c, 0xfd, 0x20,

    /* U+004A "J" */
    0x0, 0x0, 0x0, 0x0, 0xbf, 0xff, 0xff, 0xff,
    0xd3, 0x0, 0x0, 0x0, 0x2, 0xff, 0xff, 0xff,
    0xff, 0xf9, 0x0, 0x0, 0x0, 0x0, 0xff, 0xff,
    0xff, 0xff, 0xfa, 0x0, 0x0, 0x0, 0x0, 0x48,
    0x88, 0x8b, 0xff, 0xfa, 0x0, 0x0, 0x0, 0x0,
    0x0, 0x0, 0x6, 0xff, 0xfa, 0x0, 0x0, 0x0,
    0x0, 0x0, 0x0, 0x6, 0xff, 0xfa, 0x0, 0x0,
    0x0, 0x0, 0x0, 0x0, 0x6, 0xff, 0xfa, 0x0,
    0x0, 0x0, 0x0, 0x0, 0x0, 0x6, 0xff, 0xfa,
    0x0, 0x0, 0x0, 0x0, 0x0, 0x0, 0x6, 0xff,
    0xfa, 0x0, 0x0, 0x0, 0x0, 0x0, 0x0, 0x6,
    0xff, 0xfa, 0x0, 0x0, 0x0, 0x0, 0x0, 0x0,
    0x6, 0xff, 0xfa, 0x0, 0x0, 0x0, 0x0, 0x0,
    0x0, 0x6, 0xff, 0xfa, 0x0, 0x0, 0x0, 0x0,
    0x0, 0x0, 0x6, 0xff, 0xfa, 0x0, 0x0, 0x0,
    0x0, 0x0, 0x0, 0x6, 0xff, 0xfa, 0x0, 0x0,
    0x0, 0x0, 0x0, 0x0, 0x6, 0xff, 0xfa, 0x0,
    0x0, 0x0, 0x0, 0x0, 0x0, 0x6, 0xff, 0xfa,
    0x0, 0x0, 0x0, 0x0, 0x0, 0x0, 0x6, 0xff,
    0xfa, 0x0, 0x0, 0x0, 0x0, 0x0, 0x0, 0x6,
    0xff, 0xfa, 0x1b, 0xec, 0x20, 0x0, 0x0, 0x0,
    0x6, 0xff, 0xf9, 0x6f, 0xff, 0x90, 0x0, 0x0,
    0x0, 0x7, 0xff, 0xf9, 0x7f, 0xff, 0xc0, 0x0,
    0x0, 0x0, 0x9, 0xff, 0xf8, 0x4f, 0xff, 0xf3,
    0x0, 0x0, 0x0, 0x1f, 0xff, 0xf5, 0xf, 0xff,
    0xfd, 0x10, 0x0, 0x1, 0xcf, 0xff, 0xf0, 0x7,
    0xff, 0xff, 0xfb, 0x88, 0xbf, 0xff, 0xff, 0x80,
    0x0, 0x9f, 0xff, 0xff, 0xff, 0xff, 0xff, 0xfb,
    0x0, 0x0, 0x6, 0xff, 0xff, 0xff, 0xff, 0xff,
    0x80, 0x0, 0x0, 0x0, 0x16, 0xbd, 0xff, 0xec,
    0x72, 0x0, 0x0,

    /* U+004B "K" */
    0x2d, 0xfd, 0x30, 0x0, 0x0, 0x0, 0x2, 0xed,
    0x40, 0x7, 0xff, 0xf8, 0x0, 0x0, 0x0, 0x1,
    0xdf, 0xff, 0x10, 0x7f, 0xff, 0x80, 0x0, 0x0,
    0x0, 0xbf, 0xff, 0xf2, 0x7, 0xff, 0xf8, 0x0,
    0x0, 0x0, 0x7f, 0xff, 0xf6, 0x0, 0x7f, 0xff,
    0x80, 0x0, 0x0, 0x4f, 0xff, 0xf9, 0x0, 0x7,
    0xff, 0xf8, 0x0, 0x0, 0x1e, 0xff, 0xfb, 0x0,
    0x0, 0x7f, 0xff, 0x80, 0x0, 0xc, 0xff, 0xfd,
    0x10, 0x0, 0x7, 0xff, 0xf8, 0x0, 0x9, 0xff,
    0xff, 0x20, 0x0, 0x0, 0x7f, 0xff, 0x80, 0x5,
    0xff, 0xff, 0x40, 0x0, 0x0, 0x7, 0xff, 0xf8,
    0x2, 0xff, 0xff, 0x70, 0x0, 0x0, 0x0, 0x7f,
    0xff, 0x81, 0xdf, 0xff, 0xa0, 0x0, 0x0, 0x0,
    0x7, 0xff, 0xf8, 0xbf, 0xff, 0xd0, 0x0, 0x0,
    0x0, 0x0, 0x7f, 0xff, 0xef, 0xff, 0xff, 0x30,
    0x0, 0x0, 0x0, 0x7, 0xff, 0xff, 0xff, 0xff,
    0xfd, 0x0, 0x0, 0x0, 0x0, 0x7f, 0xff, 0xff,
    0xff, 0xff, 0xf9, 0x0, 0x0, 0x0, 0x7, 0xff,
    0xff, 0xf8, 0xaf, 0xff, 0xf4, 0x0, 0x0, 0x0,
    0x7f, 0xff, 0xfb, 0x0, 0xef, 0xff, 0xe1, 0x0,
    0x0, 0x7, 0xff, 0xfd, 0x10, 0x4, 0xff, 0xff,
    0xa0, 0x0, 0x0, 0x7f, 0xff, 0x80, 0x0, 0x9,
    0xff, 0xff, 0x50, 0x0, 0x7, 0xff, 0xf8, 0x0,
    0x0, 0xd, 0xff, 0xfe, 0x10, 0x0, 0x7f, 0xff,
    0x80, 0x0, 0x0, 0x3f, 0xff, 0xfb, 0x0, 0x7,
    0xff, 0xf8, 0x0, 0x0, 0x0, 0x8f, 0xff, 0xf6,
    0x0, 0x7f, 0xff, 0x80, 0x0, 0x0, 0x0, 0xcf,
    0xff, 0xf1, 0x7, 0xff, 0xf8, 0x0, 0x0, 0x0,
    0x2, 0xff, 0xff, 0xb0, 0x7f, 0xff, 0x80, 0x0,
    0x0, 0x0, 0x7, 0xff, 0xff, 0x57, 0xff, 0xf8,
    0x0, 0x0, 0x0, 0x0, 0xc, 0xff, 0xf6, 0x2c,
    0xfd, 0x20, 0x0, 0x0, 0x0, 0x0, 0x1d, 0xf9,
    0x0,

    /* U+004C "L" */
    0x2d, 0xfd, 0x30, 0x0, 0x0, 0x0, 0x0, 0x0,
    0x7f, 0xff, 0x80, 0x0, 0x0, 0x0, 0x0, 0x0,
    0x7f, 0xff, 0x80, 0x0, 0x0, 0x0, 0x0, 0x0,
    0x7f, 0xff, 0x80, 0x0, 0x0, 0x0, 0x0, 0x0,
    0x7f, 0xff, 0x80, 0x0, 0x0, 0x0, 0x0, 0x0,
    0x7f, 0xff, 0x80, 0x0, 0x0, 0x0, 0x0, 0x0,
    0x7f, 0xff, 0x80, 0x0, 0x0, 0x0, 0x0, 0x0,
    0x7f, 0xff, 0x80, 0x0, 0x0, 0x0, 0x0, 0x0,
    0x7f, 0xff, 0x80, 0x0, 0x0, 0x0, 0x0, 0x0,
    0x7f, 0xff, 0x80, 0x0, 0x0, 0x0, 0x0, 0x0,
    0x7f, 0xff, 0x80, 0x0, 0x0, 0x0, 0x0, 0x0,
    0x7f, 0xff, 0x80, 0x0, 0x0, 0x0, 0x0, 0x0,
    0x7f, 0xff, 0x80, 0x0, 0x0, 0x0, 0x0, 0x0,
    0x7f, 0xff, 0x80, 0x0, 0x0, 0x0, 0x0, 0x0,
    0x7f, 0xff, 0x80, 0x0, 0x0, 0x0, 0x0, 0x0,
    0x7f, 0xff, 0x80, 0x0, 0x0, 0x0, 0x0, 0x0,
    0x7f, 0xff, 0x80, 0x0, 0x0, 0x0, 0x0, 0x0,
    0x7f, 0xff, 0x80, 0x0, 0x0, 0x0, 0x0, 0x0,
    0x7f, 0xff, 0x80, 0x0, 0x0, 0x0, 0x0, 0x0,
    0x7f, 0xff, 0x80, 0x0, 0x0, 0x0, 0x0, 0x0,
    0x7f, 0xff, 0x80, 0x0, 0x0, 0x0, 0x0, 0x0,
    0x7f, 0xff, 0x80, 0x0, 0x0, 0x0, 0x0, 0x0,
    0x7f, 0xff, 0x80, 0x0, 0x0, 0x0, 0x0, 0x0,
    0x7f, 0xff, 0xc8, 0x88, 0x88, 0x88, 0x88, 0x70,
    0x7f, 0xff, 0xff, 0xff, 0xff, 0xff, 0xff, 0xf7,
    0x7f, 0xff, 0xff, 0xff, 0xff, 0xff, 0xff, 0xf9,
    0x2d, 0xff, 0xff, 0xff, 0xff, 0xff, 0xff, 0xf3,

    /* U+004D "M" */
    0xb, 0xfd, 0x40, 0x0, 0x0, 0x0, 0x0, 0x0,
    0x3, 0xcf, 0xc1, 0x6f, 0xff, 0xf3, 0x0, 0x0,
    0x0, 0x0, 0x0, 0x2f, 0xff, 0xf8, 0x7f, 0xff,
    0xfd, 0x0, 0x0, 0x0, 0x0, 0x0, 0xbf, 0xff,
    0xf9, 0x7f, 0xff, 0xff, 0x60, 0x0, 0x0, 0x0,
    0x4, 0xff, 0xff, 0xf9, 0x7f, 0xff, 0xff, 0xe0,
    0x0, 0x0, 0x0, 0xc, 0xff, 0xff, 0xf9, 0x7f,
    0xff, 0xff, 0xf8, 0x0, 0x0, 0x0, 0x5f, 0xff,
    0xff, 0xf9, 0x7f, 0xff, 0xff, 0xff, 0x10, 0x0,
    0x0, 0xef, 0xff, 0xff, 0xf9, 0x7f, 0xff, 0xff,
    0xff, 0x90, 0x0, 0x7, 0xff, 0xff, 0xff, 0xf9,
    0x7f, 0xff, 0xaf, 0xff, 0xf2, 0x0, 0x1e, 0xff,
    0xfb, 0xff, 0xf9, 0x7f, 0xff, 0x88, 0xff, 0xfb,
    0x0, 0x8f, 0xff, 0xb7, 0xff, 0xf9, 0x7f, 0xff,
    0x80, 0xef, 0xff, 0x31, 0xff, 0xff, 0x27, 0xff,
    0xf9, 0x7f, 0xff, 0x80, 0x7f, 0xff, 0xca, 0xff,
    0xf9, 0x7, 0xff, 0xf9, 0x7f, 0xff, 0x80, 0xd,
    0xff, 0xff, 0xff, 0xf1, 0x7, 0xff, 0xf9, 0x7f,
    0xff, 0x80, 0x5, 0xff, 0xff, 0xff, 0x80, 0x7,
    0xff, 0xf9, 0x7f, 0xff, 0x80, 0x0, 0xcf, 0xff,
    0xfe, 0x0, 0x7, 0xff, 0xf9, 0x7f, 0xff, 0x80,
    0x0, 0x4f, 0xff, 0xf6, 0x0, 0x7, 0xff, 0xf9,
    0x7f, 0xff, 0x80, 0x0, 0xb, 0xff, 0xd0, 0x0,
    0x7, 0xff, 0xf9, 0x7f, 0xff, 0x80, 0x0, 0x2,
    0xee, 0x30, 0x0, 0x7, 0xff, 0xf9, 0x7f, 0xff,
    0x80, 0x0, 0x0, 0x0, 0x0, 0x0, 0x7, 0xff,
    0xf9, 0x7f, 0xff, 0x80, 0x0, 0x0, 0x0, 0x0,
    0x0, 0x7, 0xff, 0xf9, 0x7f, 0xff, 0x80, 0x0,
    0x0, 0x0, 0x0, 0x0, 0x7, 0xff, 0xf9, 0x7f,
    0xff, 0x80, 0x0, 0x0, 0x0, 0x0, 0x0, 0x7,
    0xff, 0xf9, 0x7f, 0xff, 0x80, 0x0, 0x0, 0x0,
    0x0, 0x0, 0x7, 0xff, 0xf9, 0x7f, 0xff, 0x80,
    0x0, 0x0, 0x0, 0x0, 0x0, 0x7, 0xff, 0xf9,
    0x7f, 0xff, 0x80, 0x0, 0x0, 0x0, 0x0, 0x0,
    0x7, 0xff, 0xf9, 0x7f, 0xff, 0x80, 0x0, 0x0,
    0x0, 0x0, 0x0, 0x6, 0xff, 0xf9, 0x2c, 0xfd,
    0x20, 0x0, 0x0, 0x0, 0x0, 0x0, 0x1, 0xcf,
    0xd3,

    /* U+004E "N" */
    0x2c, 0xfd, 0x40, 0x0, 0x0, 0x0, 0x0, 0x8e,
    0xf8, 0x7, 0xff, 0xff, 0x20, 0x0, 0x0, 0x0,
    0xf, 0xff, 0xf0, 0x7f, 0xff, 0xfb, 0x0, 0x0,
    0x0, 0x0, 0xff, 0xff, 0x7, 0xff, 0xff, 0xf3,
    0x0, 0x0, 0x0, 0xf, 0xff, 0xf0, 0x7f, 0xff,
    0xff, 0xc0, 0x0, 0x0, 0x0, 0xff, 0xff, 0x7,
    0xff, 0xff, 0xff, 0x40, 0x0, 0x0, 0xf, 0xff,
    0xf0, 0x7f, 0xff, 0xff, 0xfd, 0x0, 0x0, 0x0,
    0xff, 0xff, 0x7, 0xff, 0xff, 0xff, 0xf5, 0x0,
    0x0, 0xf, 0xff, 0xf0, 0x7f, 0xff, 0xff, 0xff,
    0xd0, 0x0, 0x0, 0xff, 0xff, 0x7, 0xff, 0xfa,
    0xff, 0xff, 0x60, 0x0, 0xf, 0xff, 0xf0, 0x7f,
    0xff, 0x88, 0xff, 0xfe, 0x0, 0x0, 0xff, 0xff,
    0x7, 0xff, 0xf8, 0xe, 0xff, 0xf7, 0x0, 0xf,
    0xff, 0xf0, 0x7f, 0xff, 0x80, 0x6f, 0xff, 0xe0,
    0x0, 0xff, 0xff, 0x7, 0xff, 0xf8, 0x0, 0xdf,
    0xff, 0x80, 0xf, 0xff, 0xf0, 0x7f, 0xff, 0x80,
    0x5, 0xff, 0xff, 0x10, 0xff, 0xff, 0x7, 0xff,
    0xf8, 0x0, 0xc, 0xff, 0xf9, 0xf, 0xff, 0xf0,
    0x7f, 0xff, 0x80, 0x0, 0x4f, 0xff, 0xf1, 0xff,
    0xff, 0x7, 0xff, 0xf8, 0x0, 0x0, 0xbf, 0xff,
    0xaf, 0xff, 0xf0, 0x7f, 0xff, 0x80, 0x0, 0x3,
    0xff, 0xff, 0xff, 0xff, 0x7, 0xff, 0xf8, 0x0,
    0x0, 0xa, 0xff, 0xff, 0xff, 0xf0, 0x7f, 0xff,
    0x80, 0x0, 0x0, 0x1f, 0xff, 0xff, 0xff, 0x7,
    0xff, 0xf8, 0x0, 0x0, 0x0, 0x8f, 0xff, 0xff,
    0xf0, 0x7f, 0xff, 0x80, 0x0, 0x0, 0x1, 0xff,
    0xff, 0xff, 0x7, 0xff, 0xf8, 0x0, 0x0, 0x0,
    0x7, 0xff, 0xff, 0xf0, 0x7f, 0xff, 0x80, 0x0,
    0x0, 0x0, 0xe, 0xff, 0xff, 0x7, 0xff, 0xf8,
    0x0, 0x0, 0x0, 0x0, 0x5f, 0xff, 0xf0, 0x2c,
    0xfd, 0x20, 0x0, 0x0, 0x0, 0x0, 0x7e, 0xe8,
    0x0,

    /* U+004F "O" */
    0x0, 0x0, 0x28, 0xce, 0xfe, 0xda, 0x50, 0x0,
    0x0, 0x0, 0x19, 0xff, 0xff, 0xff, 0xff, 0xfe,
    0x50, 0x0, 0x0, 0xcf, 0xff, 0xff, 0xff, 0xff,
    0xff, 0xf5, 0x0, 0xa, 0xff, 0xff, 0xea, 0x89,
    0xcf, 0xff, 0xff, 0x30, 0x2f, 0xff, 0xfa, 0x0,
    0x0, 0x4, 0xef, 0xff, 0xa0, 0x7f, 0xff, 0xd0,
    0x0, 0x0, 0x0, 0x5f, 0xff, 0xf0, 0xaf, 0xff,
    0x70, 0x0, 0x0, 0x0, 0xe, 0xff, 0xf2, 0xbf,
    0xff, 0x40, 0x0, 0x0, 0x0, 0xc, 0xff, 0xf4,
    0xcf, 0xff, 0x40, 0x0, 0x0, 0x0, 0xb, 0xff,
    0xf4, 0xcf, 0xff, 0x40, 0x0, 0x0, 0x0, 0xb,
    0xff, 0xf4, 0xcf, 0xff, 0x40, 0x0, 0x0, 0x0,
    0xb, 0xff, 0xf4, 0xcf, 0xff, 0x40, 0x0, 0x0,
    0x0, 0xb, 0xff, 0xf4, 0xcf, 0xff, 0x40, 0x0,
    0x0, 0x0, 0xb, 0xff, 0xf4, 0xcf, 0xff, 0x40,
    0x0, 0x0, 0x0, 0xb, 0xff, 0xf4, 0xcf, 0xff,
    0x40, 0x0, 0x0, 0x0, 0xb, 0xff, 0xf4, 0xcf,
    0xff, 0x40, 0x0, 0x0, 0x0, 0xb, 0xff, 0xf4,
    0xcf, 0xff, 0x40, 0x0, 0x0, 0x0, 0xb, 0xff,
    0xf4, 0xcf, 0xff, 0x40, 0x0, 0x0, 0x0, 0xb,
    0xff, 0xf4, 0xcf, 0xff, 0x40, 0x0, 0x0, 0x0,
    0xb, 0xff, 0xf4, 0xbf, 0xff, 0x40, 0x0, 0x0,
    0x0, 0xc, 0xff, 0xf4, 0xaf, 0xff, 0x70, 0x0,
    0x0, 0x0, 0xe, 0xff, 0xf2, 0x7f, 0xff, 0xd0,
    0x0, 0x0, 0x0, 0x5f, 0xff, 0xf0, 0x2f, 0xff,
    0xfa, 0x0, 0x0, 0x4, 0xef, 0xff, 0xa0, 0xa,
    0xff, 0xff, 0xea, 0x89, 0xcf, 0xff, 0xff, 0x30,
    0x0, 0xdf, 0xff, 0xff, 0xff, 0xff, 0xff, 0xf6,
    0x0, 0x0, 0x1a, 0xff, 0xff, 0xff, 0xff, 0xfe,
    0x50, 0x0, 0x0, 0x0, 0x38, 0xce, 0xff, 0xda,
    0x50, 0x0, 0x0,

    /* U+0050 "P" */
    0x2d, 0xff, 0xff, 0xff, 0xff, 0xec, 0x94, 0x0,
    0x0, 0x7f, 0xff, 0xff, 0xff, 0xff, 0xff, 0xff,
    0xb2, 0x0, 0x7f, 0xff, 0xff, 0xff, 0xff, 0xff,
    0xff, 0xfe, 0x10, 0x7f, 0xff, 0xc8, 0x88, 0x88,
    0xae, 0xff, 0xff, 0xc0, 0x7f, 0xff, 0x80, 0x0,
    0x0, 0x0, 0xaf, 0xff, 0xf3, 0x7f, 0xff, 0x80,
    0x0, 0x0, 0x0, 0xc, 0xff, 0xf8, 0x7f, 0xff,
    0x80, 0x0, 0x0, 0x0, 0x6, 0xff, 0xfb, 0x7f,
    0xff, 0x80, 0x0, 0x0, 0x0, 0x4, 0xff, 0xfc,
    0x7f, 0xff, 0x80, 0x0, 0x0, 0x0, 0x3, 0xff,
    0xfc, 0x7f, 0xff, 0x80, 0x0, 0x0, 0x0, 0x5,
    0xff, 0xfb, 0x7f, 0xff, 0x80, 0x0, 0x0, 0x0,
    0x9, 0xff, 0xf8, 0x7f, 0xff, 0x80, 0x0, 0x0,
    0x0, 0x2f, 0xff, 0xf4, 0x7f, 0xff, 0x80, 0x0,
    0x0, 0x26, 0xef, 0xff, 0xd0, 0x7f, 0xff, 0xff,
    0xff, 0xff, 0xff, 0xff, 0xfe, 0x20, 0x7f, 0xff,
    0xff, 0xff, 0xff, 0xff, 0xff, 0xd3, 0x0, 0x7f,
    0xff, 0xff, 0xff, 0xff, 0xff, 0xb6, 0x0, 0x0,
    0x7f, 0xff, 0x93, 0x33, 0x32, 0x10, 0x0, 0x0,
    0x0, 0x7f, 0xff, 0x80, 0x0, 0x0, 0x0, 0x0,
    0x0, 0x0, 0x7f, 0xff, 0x80, 0x0, 0x0, 0x0,
    0x0, 0x0, 0x0, 0x7f, 0xff, 0x80, 0x0, 0x0,
    0x0, 0x0, 0x0, 0x0, 0x7f, 0xff, 0x80, 0x0,
    0x0, 0x0, 0x0, 0x0, 0x0, 0x7f, 0xff, 0x80,
    0x0, 0x0, 0x0, 0x0, 0x0, 0x0, 0x7f, 0xff,
    0x80, 0x0, 0x0, 0x0, 0x0, 0x0, 0x0, 0x7f,
    0xff, 0x80, 0x0, 0x0, 0x0, 0x0, 0x0, 0x0,
    0x7f, 0xff, 0x80, 0x0, 0x0, 0x0, 0x0, 0x0,
    0x0, 0x7f, 0xff, 0x80, 0x0, 0x0, 0x0, 0x0,
    0x0, 0x0, 0x2c, 0xfc, 0x20, 0x0, 0x0, 0x0,
    0x0, 0x0, 0x0,

    /* U+0051 "Q" */
    0x0, 0x0, 0x27, 0xce, 0xfe, 0xda, 0x50, 0x0,
    0x0, 0x0, 0x19, 0xff, 0xff, 0xff, 0xff, 0xfd,
    0x40, 0x0, 0x0, 0xcf, 0xff, 0xff, 0xff, 0xff,
    0xff, 0xf5, 0x0, 0xa, 0xff, 0xff, 0xfa, 0x89,
    0xcf, 0xff, 0xff, 0x20, 0x2f, 0xff, 0xfa, 0x0,
    0x0, 0x4, 0xff, 0xff, 0xa0, 0x7f, 0xff, 0xd0,
    0x0, 0x0, 0x0, 0x5f, 0xff, 0xf0, 0xaf, 0xff,
    0x70, 0x0, 0x0, 0x0, 0xf, 0xff, 0xf2, 0xbf,
    0xff, 0x50, 0x0, 0x0, 0x0, 0xc, 0xff, 0xf4,
    0xcf, 0xff, 0x40, 0x0, 0x0, 0x0, 0xb, 0xff,
    0xf4, 0xcf, 0xff, 0x40, 0x0, 0x0, 0x0, 0xb,
    0xff, 0xf4, 0xcf, 0xff, 0x40, 0x0, 0x0, 0x0,
    0xb, 0xff, 0xf4, 0xcf, 0xff, 0x40, 0x0, 0x0,
    0x0, 0xb, 0xff, 0xf4, 0xcf, 0xff, 0x40, 0x0,
    0x0, 0x0, 0xb, 0xff, 0xf4, 0xcf, 0xff, 0x40,
    0x0, 0x0, 0x0, 0xb, 0xff, 0xf4, 0xcf, 0xff,
    0x40, 0x0, 0x0, 0x0, 0xb, 0xff, 0xf4, 0xcf,
    0xff, 0x40, 0x0, 0x0, 0x0, 0xb, 0xff, 0xf4,
    0xcf, 0xff, 0x40, 0x0, 0x0, 0x0, 0xb, 0xff,
    0xf4, 0xcf, 0xff, 0x40, 0x0, 0x0, 0x0, 0xb,
    0xff, 0xf4, 0xcf, 0xff, 0x40, 0x0, 0x0, 0x0,
    0xb, 0xff, 0xf4, 0xbf, 0xff, 0x50, 0x0, 0x0,
    0x0, 0xc, 0xff, 0xf3, 0xaf, 0xff, 0x70, 0x4,
    0xeb, 0x0, 0xe, 0xff, 0xf2, 0x8f, 0xff, 0xc0,
    0x9, 0xff, 0x10, 0x4f, 0xff, 0xf0, 0x4f, 0xff,
    0xf7, 0x9, 0xff, 0x22, 0xdf, 0xff, 0xb0, 0xd,
    0xff, 0xff, 0xcc, 0xff, 0xaf, 0xff, 0xff, 0x40,
    0x2, 0xff, 0xff, 0xff, 0xff, 0xff, 0xff, 0xf9,
    0x0, 0x0, 0x4e, 0xff, 0xff, 0xff, 0xff, 0xff,
    0x90, 0x0, 0x0, 0x1, 0x7d, 0xff, 0xff, 0xff,
    0xb4, 0x0, 0x0, 0x0, 0x0, 0x0, 0x1a, 0xff,
    0x40, 0x0, 0x0, 0x0, 0x0, 0x0, 0x0, 0x9,
    0xff, 0x20, 0x0, 0x0, 0x0, 0x0, 0x0, 0x0,
    0x9, 0xff, 0x10, 0x0, 0x0, 0x0, 0x0, 0x0,
    0x0, 0x5, 0xfd, 0x0, 0x0, 0x0, 0x0, 0x0,
    0x0, 0x0, 0x0, 0x10, 0x0, 0x0, 0x0, 0x0,

    /* U+0052 "R" */
    0x3e, 0xff, 0xff, 0xff, 0xff, 0xec, 0x84, 0x0,
    0x0, 0x7f, 0xff, 0xff, 0xff, 0xff, 0xff, 0xff,
    0xc3, 0x0, 0x7f, 0xff, 0xff, 0xff, 0xff, 0xff,
    0xff, 0xfe, 0x30, 0x7f, 0xff, 0xc8, 0x88, 0x89,
    0xbf, 0xff, 0xff, 0xd0, 0x7f, 0xff, 0x80, 0x0,
    0x0, 0x1, 0x9f, 0xff, 0xf5, 0x7f, 0xff, 0x80,
    0x0, 0x0, 0x0, 0xb, 0xff, 0xf9, 0x7f, 0xff,
    0x80, 0x0, 0x0, 0x0, 0x6, 0xff, 0xfb, 0x7f,
    0xff, 0x80, 0x0, 0x0, 0x0, 0x4, 0xff, 0xfc,
    0x7f, 0xff, 0x80, 0x0, 0x0, 0x0, 0x4, 0xff,
    0xfb, 0x7f, 0xff, 0x80, 0x0, 0x0, 0x0, 0x8,
    0xff, 0xf9, 0x7f, 0xff, 0x80, 0x0, 0x0, 0x0,
    0x1e, 0xff, 0xf4, 0x7f, 0xff, 0x80, 0x0, 0x0,
    0x27, 0xef, 0xff, 0xd0, 0x7f, 0xff, 0xff, 0xff,
    0xff, 0xff, 0xff, 0xfe, 0x20, 0x7f, 0xff, 0xff,
    0xff, 0xff, 0xff, 0xff, 0xc2, 0x0, 0x7f, 0xff,
    0xff, 0xff, 0xff, 0xff, 0xc4, 0x0, 0x0, 0x7f,
    0xff, 0x93, 0x33, 0x8f, 0xff, 0xe0, 0x0, 0x0,
    0x7f, 0xff, 0x80, 0x0, 0xe, 0xff, 0xf7, 0x0,
    0x0, 0x7f, 0xff, 0x80, 0x0, 0x7, 0xff, 0xff,
    0x10, 0x0, 0x7f, 0xff, 0x80, 0x0, 0x0, 0xef,
    0xff, 0x90, 0x0, 0x7f, 0xff, 0x80, 0x0, 0x0,
    0x6f, 0xff, 0xf2, 0x0, 0x7f, 0xff, 0x80, 0x0,
    0x0, 0xd, 0xff, 0xfa, 0x0, 0x7f, 0xff, 0x80,
    0x0, 0x0, 0x5, 0xff, 0xff, 0x30, 0x7f, 0xff,
    0x80, 0x0, 0x0, 0x0, 0xdf, 0xff, 0xb0, 0x7f,
    0xff, 0x80, 0x0, 0x0, 0x0, 0x4f, 0xff, 0xf4,
    0x7f, 0xff, 0x80, 0x0, 0x0, 0x0, 0xc, 0xff,
    0xfc, 0x7f, 0xff, 0x80, 0x0, 0x0, 0x0, 0x4,
    0xff, 0xfc, 0x2c, 0xfd, 0x20, 0x0, 0x0, 0x0,
    0x0, 0x8f, 0xb2,

    /* U+0053 "S" */
    0x0, 0x0, 0x5, 0xad, 0xff, 0xfd, 0xa7, 0x20,
    0x0, 0x0, 0x6, 0xef, 0xff, 0xff, 0xff, 0xff,
    0xfa, 0x0, 0x0, 0x8f, 0xff, 0xff, 0xff, 0xff,
    0xff, 0xff, 0x60, 0x4, 0xff, 0xff, 0xfb, 0x97,
    0x8a, 0xef, 0xff, 0x40, 0xc, 0xff, 0xfc, 0x10,
    0x0, 0x0, 0x6, 0xc9, 0x0, 0xf, 0xff, 0xf1,
    0x0, 0x0, 0x0, 0x0, 0x0, 0x0, 0x2f, 0xff,
    0xd0, 0x0, 0x0, 0x0, 0x0, 0x0, 0x0, 0x2f,
    0xff, 0xe0, 0x0, 0x0, 0x0, 0x0, 0x0, 0x0,
    0x1f, 0xff, 0xf6, 0x0, 0x0, 0x0, 0x0, 0x0,
    0x0, 0xc, 0xff, 0xff, 0x80, 0x0, 0x0, 0x0,
    0x0, 0x0, 0x4, 0xff, 0xff, 0xfe, 0x82, 0x0,
    0x0, 0x0, 0x0, 0x0, 0x8f, 0xff, 0xff, 0xff,
    0xb5, 0x0, 0x0, 0x0, 0x0, 0x5, 0xef, 0xff,
    0xff, 0xff, 0xd5, 0x0, 0x0, 0x0, 0x0, 0x7,
    0xef, 0xff, 0xff, 0xff, 0x90, 0x0, 0x0, 0x0,
    0x0, 0x5, 0xcf, 0xff, 0xff, 0xf9, 0x0, 0x0,
    0x0, 0x0, 0x0, 0x3, 0xbf, 0xff, 0xff, 0x40,
    0x0, 0x0, 0x0, 0x0, 0x0, 0x5, 0xff, 0xff,
    0xb0, 0x0, 0x0, 0x0, 0x0, 0x0, 0x0, 0x7f,
    0xff, 0xf0, 0x0, 0x0, 0x0, 0x0, 0x0, 0x0,
    0xf, 0xff, 0xf1, 0x0, 0x0, 0x0, 0x0, 0x0,
    0x0, 0xe, 0xff, 0xf2, 0x5, 0x30, 0x0, 0x0,
    0x0, 0x0, 0xf, 0xff, 0xf1, 0x7f, 0xf7, 0x0,
    0x0, 0x0, 0x0, 0x5f, 0xff, 0xe0, 0xdf, 0xff,
    0xb2, 0x0, 0x0, 0x6, 0xff, 0xff, 0x90, 0xaf,
    0xff, 0xff, 0xca, 0x9b, 0xef, 0xff, 0xff, 0x10,
    0x1c, 0xff, 0xff, 0xff, 0xff, 0xff, 0xff, 0xf4,
    0x0, 0x0, 0x8f, 0xff, 0xff, 0xff, 0xff, 0xfd,
    0x30, 0x0, 0x0, 0x1, 0x6a, 0xde, 0xfe, 0xd9,
    0x40, 0x0, 0x0,

    /* U+0054 "T" */
    0x3e, 0xff, 0xff, 0xff, 0xff, 0xff, 0xff, 0xff,
    0xff, 0x68, 0xff, 0xff, 0xff, 0xff, 0xff, 0xff,
    0xff, 0xff, 0xfc, 0x7f, 0xff, 0xff, 0xff, 0xff,
    0xff, 0xff, 0xff, 0xff, 0xa0, 0x9a, 0xaa, 0xaa,
    0xcf, 0xff, 0xda, 0xaa, 0xaa, 0x92, 0x0, 0x0,
    0x0, 0x6, 0xff, 0xfa, 0x0, 0x0, 0x0, 0x0,
    0x0, 0x0, 0x0, 0x6f, 0xff, 0xa0, 0x0, 0x0,
    0x0, 0x0, 0x0, 0x0, 0x6, 0xff, 0xfa, 0x0,
    0x0, 0x0, 0x0, 0x0, 0x0, 0x0, 0x6f, 0xff,
    0xa0, 0x0, 0x0, 0x0, 0x0, 0x0, 0x0, 0x6,
    0xff, 0xfa, 0x0, 0x0, 0x0, 0x0, 0x0, 0x0,
    0x0, 0x6f, 0xff, 0xa0, 0x0, 0x0, 0x0, 0x0,
    0x0, 0x0, 0x6, 0xff, 0xfa, 0x0, 0x0, 0x0,
    0x0, 0x0, 0x0, 0x0, 0x6f, 0xff, 0xa0, 0x0,
    0x0, 0x0, 0x0, 0x0, 0x0, 0x6, 0xff, 0xfa,
    0x0, 0x0, 0x0, 0x0, 0x0, 0x0, 0x0, 0x6f,
    0xff, 0xa0, 0x0, 0x0, 0x0, 0x0, 0x0, 0x0,
    0x6, 0xff, 0xfa, 0x0, 0x0, 0x0, 0x0, 0x0,
    0x0, 0x0, 0x6f, 0xff, 0xa0, 0x0, 0x0, 0x0,
    0x0, 0x0, 0x0, 0x6, 0xff, 0xfa, 0x0, 0x0,
    0x0, 0x0, 0x0, 0x0, 0x0, 0x6f, 0xff, 0xa0,
    0x0, 0x0, 0x0, 0x0, 0x0, 0x0, 0x6, 0xff,
    0xfa, 0x0, 0x0, 0x0, 0x0, 0x0, 0x0, 0x0,
    0x6f, 0xff, 0xa0, 0x0, 0x0, 0x0, 0x0, 0x0,
    0x0, 0x6, 0xff, 0xfa, 0x0, 0x0, 0x0, 0x0,
    0x0, 0x0, 0x0, 0x6f, 0xff, 0xa0, 0x0, 0x0,
    0x0, 0x0, 0x0, 0x0, 0x6, 0xff, 0xfa, 0x0,
    0x0, 0x0, 0x0, 0x0, 0x0, 0x0, 0x6f, 0xff,
    0xa0, 0x0, 0x0, 0x0, 0x0, 0x0, 0x0, 0x6,
    0xff, 0xfa, 0x0, 0x0, 0x0, 0x0, 0x0, 0x0,
    0x0, 0x6f, 0xff, 0x90, 0x0, 0x0, 0x0, 0x0,
    0x0, 0x0, 0x1, 0xcf, 0xd3, 0x0, 0x0, 0x0,
    0x0,

    /* U+0055 "U" */
    0x3d, 0xfc, 0x10, 0x0, 0x0, 0x0, 0x0, 0xbf,
    0xe5, 0x9f, 0xff, 0x60, 0x0, 0x0, 0x0, 0x4,
    0xff, 0xfc, 0x9f, 0xff, 0x60, 0x0, 0x0, 0x0,
    0x4, 0xff, 0xfc, 0x9f, 0xff, 0x60, 0x0, 0x0,
    0x0, 0x4, 0xff, 0xfc, 0x9f, 0xff, 0x60, 0x0,
    0x0, 0x0, 0x4, 0xff, 0xfc, 0x9f, 0xff, 0x60,
    0x0, 0x0, 0x0, 0x4, 0xff, 0xfc, 0x9f, 0xff,
    0x60, 0x0, 0x0, 0x0, 0x4, 0xff, 0xfc, 0x9f,
    0xff, 0x60, 0x0, 0x0, 0x0, 0x4, 0xff, 0xfc,
    0x9f, 0xff, 0x60, 0x0, 0x0, 0x0, 0x4, 0xff,
    0xfc, 0x9f, 0xff, 0x60, 0x0, 0x0, 0x0, 0x4,
    0xff, 0xfc, 0x9f, 0xff, 0x60, 0x0, 0x0, 0x0,
    0x4, 0xff, 0xfc, 0x9f, 0xff, 0x60, 0x0, 0x0,
    0x0, 0x4, 0xff, 0xfc, 0x9f, 0xff, 0x60, 0x0,
    0x0, 0x0, 0x4, 0xff, 0xfc, 0x9f, 0xff, 0x60,
    0x0, 0x0, 0x0, 0x4, 0xff, 0xfc, 0x9f, 0xff,
    0x60, 0x0, 0x0, 0x0, 0x4, 0xff, 0xfc, 0x9f,
    0xff, 0x60, 0x0, 0x0, 0x0, 0x4, 0xff, 0xfc,
    0x9f, 0xff, 0x60, 0x0, 0x0, 0x0, 0x4, 0xff,
    0xfc, 0x9f, 0xff, 0x60, 0x0, 0x0, 0x0, 0x4,
    0xff, 0xfc, 0x9f, 0xff, 0x60, 0x0, 0x0, 0x0,
    0x4, 0xff, 0xfc, 0x9f, 0xff, 0x70, 0x0, 0x0,
    0x0, 0x5, 0xff, 0xfb, 0x7f, 0xff, 0xa0, 0x0,
    0x0, 0x0, 0x8, 0xff, 0xfa, 0x4f, 0xff, 0xf1,
    0x0, 0x0, 0x0, 0xe, 0xff, 0xf7, 0xf, 0xff,
    0xfc, 0x10, 0x0, 0x1, 0xbf, 0xff, 0xf2, 0x7,
    0xff, 0xff, 0xfb, 0x88, 0xbf, 0xff, 0xff, 0x90,
    0x0, 0xaf, 0xff, 0xff, 0xff, 0xff, 0xff, 0xfc,
    0x0, 0x0, 0x8, 0xff, 0xff, 0xff, 0xff, 0xff,
    0x90, 0x0, 0x0, 0x0, 0x27, 0xbd, 0xff, 0xec,
    0x72, 0x0, 0x0,

    /* U+0056 "V" */
    0x9, 0xee, 0x30, 0x0, 0x0, 0x0, 0x0, 0x0,
    0xc, 0xfb, 0x27, 0xff, 0xf9, 0x0, 0x0, 0x0,
    0x0, 0x0, 0x5, 0xff, 0xfb, 0x4f, 0xff, 0xe0,
    0x0, 0x0, 0x0, 0x0, 0x0, 0xaf, 0xff, 0x90,
    0xff, 0xff, 0x20, 0x0, 0x0, 0x0, 0x0, 0xe,
    0xff, 0xf4, 0xa, 0xff, 0xf7, 0x0, 0x0, 0x0,
    0x0, 0x3, 0xff, 0xfe, 0x0, 0x5f, 0xff, 0xc0,
    0x0, 0x0, 0x0, 0x0, 0x8f, 0xff, 0x90, 0x0,
    0xff, 0xff, 0x10, 0x0, 0x0, 0x0, 0xd, 0xff,
    0xf4, 0x0, 0xb, 0xff, 0xf6, 0x0, 0x0, 0x0,
    0x1, 0xff, 0xff, 0x0, 0x0, 0x6f, 0xff, 0xa0,
    0x0, 0x0, 0x0, 0x6f, 0xff, 0xa0, 0x0, 0x1,
    0xff, 0xff, 0x0, 0x0, 0x0, 0xb, 0xff, 0xf5,
    0x0, 0x0, 0xb, 0xff, 0xf4, 0x0, 0x0, 0x0,
    0xff, 0xff, 0x0, 0x0, 0x0, 0x6f, 0xff, 0x90,
    0x0, 0x0, 0x5f, 0xff, 0xb0, 0x0, 0x0, 0x1,
    0xff, 0xfe, 0x0, 0x0, 0x9, 0xff, 0xf6, 0x0,
    0x0, 0x0, 0xc, 0xff, 0xf2, 0x0, 0x0, 0xef,
    0xff, 0x10, 0x0, 0x0, 0x0, 0x7f, 0xff, 0x70,
    0x0, 0x3f, 0xff, 0xc0, 0x0, 0x0, 0x0, 0x2,
    0xff, 0xfc, 0x0, 0x8, 0xff, 0xf7, 0x0, 0x0,
    0x0, 0x0, 0xd, 0xff, 0xf1, 0x0, 0xdf, 0xff,
    0x20, 0x0, 0x0, 0x0, 0x0, 0x8f, 0xff, 0x60,
    0x1f, 0xff, 0xd0, 0x0, 0x0, 0x0, 0x0, 0x3,
    0xff, 0xfa, 0x6, 0xff, 0xf7, 0x0, 0x0, 0x0,
    0x0, 0x0, 0xe, 0xff, 0xf0, 0xbf, 0xff, 0x20,
    0x0, 0x0, 0x0, 0x0, 0x0, 0x8f, 0xff, 0x5f,
    0xff, 0xd0, 0x0, 0x0, 0x0, 0x0, 0x0, 0x3,
    0xff, 0xfd, 0xff, 0xf8, 0x0, 0x0, 0x0, 0x0,
    0x0, 0x0, 0xe, 0xff, 0xff, 0xff, 0x30, 0x0,
    0x0, 0x0, 0x0, 0x0, 0x0, 0x9f, 0xff, 0xff,
    0xe0, 0x0, 0x0, 0x0, 0x0, 0x0, 0x0, 0x4,
    0xff, 0xff, 0xf9, 0x0, 0x0, 0x0, 0x0, 0x0,
    0x0, 0x0, 0xe, 0xff, 0xff, 0x40, 0x0, 0x0,
    0x0, 0x0, 0x0, 0x0, 0x0, 0x4c, 0xfe, 0x70,
    0x0, 0x0, 0x0, 0x0,

    /* U+0057 "W" */
    0x9, 0xee, 0x20, 0x0, 0x0, 0x0, 0x0, 0x0,
    0x0, 0x0, 0x0, 0x0, 0x0, 0x2, 0xdf, 0xa1,
    0x6f, 0xff, 0x90, 0x0, 0x0, 0x0, 0x0, 0x0,
    0x0, 0x0, 0x0, 0x0, 0x0, 0x8, 0xff, 0xf8,
    0x4f, 0xff, 0xe0, 0x0, 0x0, 0x0, 0x0, 0x0,
    0x0, 0x0, 0x0, 0x0, 0x0, 0xc, 0xff, 0xf5,
    0xf, 0xff, 0xf3, 0x0, 0x0, 0x0, 0x0, 0x0,
    0x0, 0x0, 0x0, 0x0, 0x0, 0x1f, 0xff, 0xf1,
    0xa, 0xff, 0xf8, 0x0, 0x0, 0x0, 0x0, 0x0,
    0x0, 0x0, 0x0, 0x0, 0x0, 0x6f, 0xff, 0xb0,
    0x5, 0xff, 0xfc, 0x0, 0x0, 0x0, 0x0, 0x0,
    0x0, 0x0, 0x0, 0x0, 0x0, 0xbf, 0xff, 0x60,
    0x0, 0xff, 0xff, 0x10, 0x0, 0x0, 0x0, 0x0,
    0x0, 0x0, 0x0, 0x0, 0x0, 0xff, 0xff, 0x10,
    0x0, 0xbf, 0xff, 0x60, 0x0, 0x0, 0x0, 0x17,
    0x82, 0x0, 0x0, 0x0, 0x4, 0xff, 0xfc, 0x0,
    0x0, 0x6f, 0xff, 0xb0, 0x0, 0x0, 0x0, 0xef,
    0xff, 0x0, 0x0, 0x0, 0x9, 0xff, 0xf7, 0x0,
    0x0, 0x1f, 0xff, 0xf0, 0x0, 0x0, 0x2, 0xff,
    0xff, 0x40, 0x0, 0x0, 0xd, 0xff, 0xf2, 0x0,
    0x0, 0xc, 0xff, 0xf4, 0x0, 0x0, 0x7, 0xff,
    0xff, 0x80, 0x0, 0x0, 0x2f, 0xff, 0xd0, 0x0,
    0x0, 0x7, 0xff, 0xf9, 0x0, 0x0, 0xb, 0xff,
    0xff, 0xd0, 0x0, 0x0, 0x7f, 0xff, 0x80, 0x0,
    0x0, 0x1, 0xff, 0xfe, 0x0, 0x0, 0xf, 0xff,
    0xff, 0xf1, 0x0, 0x0, 0xcf, 0xff, 0x30, 0x0,
    0x0, 0x0, 0xcf, 0xff, 0x20, 0x0, 0x3f, 0xff,
    0xff, 0xf5, 0x0, 0x1, 0xff, 0xfe, 0x0, 0x0,
    0x0, 0x0, 0x7f, 0xff, 0x70, 0x0, 0x8f, 0xff,
    0xff, 0xf9, 0x0, 0x5, 0xff, 0xf9, 0x0, 0x0,
    0x0, 0x0, 0x2f, 0xff, 0xc0, 0x0, 0xcf, 0xfd,
    0xbf, 0xfe, 0x0, 0xa, 0xff, 0xf4, 0x0, 0x0,
    0x0, 0x0, 0xd, 0xff, 0xf1, 0x0, 0xff, 0xf9,
    0x6f, 0xff, 0x20, 0xe, 0xff, 0xe0, 0x0, 0x0,
    0x0, 0x0, 0x8, 0xff, 0xf5, 0x4, 0xff, 0xf5,
    0x2f, 0xff, 0x60, 0x3f, 0xff, 0xa0, 0x0, 0x0,
    0x0, 0x0, 0x3, 0xff, 0xfa, 0x8, 0xff, 0xf1,
    0xe, 0xff, 0xa0, 0x8f, 0xff, 0x50, 0x0, 0x0,
    0x0, 0x0, 0x0, 0xef, 0xff, 0xd, 0xff, 0xc0,
    0xa, 0xff, 0xe0, 0xdf, 0xff, 0x0, 0x0, 0x0,
    0x0, 0x0, 0x0, 0x9f, 0xff, 0x5f, 0xff, 0x80,
    0x6, 0xff, 0xf5, 0xff, 0xfa, 0x0, 0x0, 0x0,
    0x0, 0x0, 0x0, 0x4f, 0xff, 0xdf, 0xff, 0x40,
    0x2, 0xff, 0xfd, 0xff, 0xf5, 0x0, 0x0, 0x0,
    0x0, 0x0, 0x0, 0xe, 0xff, 0xff, 0xff, 0x0,
    0x0, 0xdf, 0xff, 0xff, 0xf1, 0x0, 0x0, 0x0,
    0x0, 0x0, 0x0, 0xa, 0xff, 0xff, 0xfc, 0x0,
    0x0, 0x9f, 0xff, 0xff, 0xb0, 0x0, 0x0, 0x0,
    0x0, 0x0, 0x0, 0x5, 0xff, 0xff, 0xf7, 0x0,
    0x0, 0x5f, 0xff, 0xff, 0x60, 0x0, 0x0, 0x0,
    0x0, 0x0, 0x0, 0x0, 0xff, 0xff, 0xf3, 0x0,
    0x0, 0x1f, 0xff, 0xff, 0x10, 0x0, 0x0, 0x0,
    0x0, 0x0, 0x0, 0x0, 0x4d, 0xfe, 0x70, 0x0,
    0x0, 0x6, 0xdf, 0xd5, 0x0, 0x0, 0x0, 0x0,

    /* U+0058 "X" */
    0x5, 0xde, 0x40, 0x0, 0x0, 0x0, 0x0, 0x2,
    0xee, 0x70, 0x2f, 0xff, 0xe0, 0x0, 0x0, 0x0,
    0x0, 0xd, 0xff, 0xf5, 0x1f, 0xff, 0xf8, 0x0,
    0x0, 0x0, 0x0, 0x6f, 0xff, 0xf3, 0x8, 0xff,
    0xff, 0x20, 0x0, 0x0, 0x0, 0xef, 0xff, 0xa0,
    0x0, 0xef, 0xff, 0xa0, 0x0, 0x0, 0x8, 0xff,
    0xff, 0x10, 0x0, 0x5f, 0xff, 0xf3, 0x0, 0x0,
    0x2f, 0xff, 0xf7, 0x0, 0x0, 0xb, 0xff, 0xfc,
    0x0, 0x0, 0xaf, 0xff, 0xd0, 0x0, 0x0, 0x2,
    0xff, 0xff, 0x50, 0x3, 0xff, 0xff, 0x40, 0x0,
    0x0, 0x0, 0x8f, 0xff, 0xe0, 0xc, 0xff, 0xfb,
    0x0, 0x0, 0x0, 0x0, 0xe, 0xff, 0xf7, 0x5f,
    0xff, 0xf2, 0x0, 0x0, 0x0, 0x0, 0x5, 0xff,
    0xff, 0xef, 0xff, 0x80, 0x0, 0x0, 0x0, 0x0,
    0x0, 0xcf, 0xff, 0xff, 0xfe, 0x0, 0x0, 0x0,
    0x0, 0x0, 0x0, 0x3f, 0xff, 0xff, 0xf5, 0x0,
    0x0, 0x0, 0x0, 0x0, 0x0, 0xb, 0xff, 0xff,
    0xe0, 0x0, 0x0, 0x0, 0x0, 0x0, 0x0, 0x3f,
    0xff, 0xff, 0xf5, 0x0, 0x0, 0x0, 0x0, 0x0,
    0x0, 0xcf, 0xff, 0xff, 0xfe, 0x0, 0x0, 0x0,
    0x0, 0x0, 0x6, 0xff, 0xfe, 0xdf, 0xff, 0x80,
    0x0, 0x0, 0x0, 0x0, 0x1e, 0xff, 0xf6, 0x4f,
    0xff, 0xf2, 0x0, 0x0, 0x0, 0x0, 0x9f, 0xff,
    0xd0, 0xb, 0xff, 0xfc, 0x0, 0x0, 0x0, 0x3,
    0xff, 0xff, 0x40, 0x2, 0xff, 0xff, 0x50, 0x0,
    0x0, 0xc, 0xff, 0xfb, 0x0, 0x0, 0x9f, 0xff,
    0xe1, 0x0, 0x0, 0x6f, 0xff, 0xf2, 0x0, 0x0,
    0x1e, 0xff, 0xf9, 0x0, 0x1, 0xef, 0xff, 0x80,
    0x0, 0x0, 0x6, 0xff, 0xff, 0x30, 0xa, 0xff,
    0xfe, 0x10, 0x0, 0x0, 0x0, 0xdf, 0xff, 0xc0,
    0x3f, 0xff, 0xf6, 0x0, 0x0, 0x0, 0x0, 0x4f,
    0xff, 0xf5, 0x4f, 0xff, 0xd0, 0x0, 0x0, 0x0,
    0x0, 0xb, 0xff, 0xf6, 0x6, 0xde, 0x30, 0x0,
    0x0, 0x0, 0x0, 0x1, 0xde, 0x80,

    /* U+0059 "Y" */
    0x9, 0xed, 0x10, 0x0, 0x0, 0x0, 0x0, 0x0,
    0xc, 0xfa, 0x17, 0xff, 0xf9, 0x0, 0x0, 0x0,
    0x0, 0x0, 0x8, 0xff, 0xf9, 0x4f, 0xff, 0xf2,
    0x0, 0x0, 0x0, 0x0, 0x1, 0xff, 0xff, 0x50,
    0xbf, 0xff, 0xb0, 0x0, 0x0, 0x0, 0x0, 0x9f,
    0xff, 0xc0, 0x2, 0xff, 0xff, 0x30, 0x0, 0x0,
    0x0, 0x2f, 0xff, 0xf3, 0x0, 0x8, 0xff, 0xfc,
    0x0, 0x0, 0x0, 0xa, 0xff, 0xfa, 0x0, 0x0,
    0xe, 0xff, 0xf4, 0x0, 0x0, 0x3, 0xff, 0xff,
    0x10, 0x0, 0x0, 0x6f, 0xff, 0xd0, 0x0, 0x0,
    0xbf, 0xff, 0x80, 0x0, 0x0, 0x0, 0xdf, 0xff,
    0x50, 0x0, 0x4f, 0xff, 0xe0, 0x0, 0x0, 0x0,
    0x4, 0xff, 0xfe, 0x0, 0xc, 0xff, 0xf5, 0x0,
    0x0, 0x0, 0x0, 0xa, 0xff, 0xf7, 0x5, 0xff,
    0xfc, 0x0, 0x0, 0x0, 0x0, 0x0, 0x2f, 0xff,
    0xe1, 0xdf, 0xff, 0x30, 0x0, 0x0, 0x0, 0x0,
    0x0, 0x8f, 0xff, 0xcf, 0xff, 0xa0, 0x0, 0x0,
    0x0, 0x0, 0x0, 0x0, 0xef, 0xff, 0xff, 0xf1,
    0x0, 0x0, 0x0, 0x0, 0x0, 0x0, 0x6, 0xff,
    0xff, 0xf8, 0x0, 0x0, 0x0, 0x0, 0x0, 0x0,
    0x0, 0xc, 0xff, 0xfe, 0x0, 0x0, 0x0, 0x0,
    0x0, 0x0, 0x0, 0x0, 0x7f, 0xff, 0x90, 0x0,
    0x0, 0x0, 0x0, 0x0, 0x0, 0x0, 0x7, 0xff,
    0xf9, 0x0, 0x0, 0x0, 0x0, 0x0, 0x0, 0x0,
    0x0, 0x7f, 0xff, 0x90, 0x0, 0x0, 0x0, 0x0,
    0x0, 0x0, 0x0, 0x7, 0xff, 0xf9, 0x0, 0x0,
    0x0, 0x0, 0x0, 0x0, 0x0, 0x0, 0x7f, 0xff,
    0x90, 0x0, 0x0, 0x0, 0x0, 0x0, 0x0, 0x0,
    0x7, 0xff, 0xf9, 0x0, 0x0, 0x0, 0x0, 0x0,
    0x0, 0x0, 0x0, 0x7f, 0xff, 0x90, 0x0, 0x0,
    0x0, 0x0, 0x0, 0x0, 0x0, 0x7, 0xff, 0xf9,
    0x0, 0x0, 0x0, 0x0, 0x0, 0x0, 0x0, 0x0,
    0x7f, 0xff, 0x90, 0x0, 0x0, 0x0, 0x0, 0x0,
    0x0, 0x0, 0x7, 0xff, 0xf9, 0x0, 0x0, 0x0,
    0x0, 0x0, 0x0, 0x0, 0x0, 0x2c, 0xfd, 0x30,
    0x0, 0x0, 0x0, 0x0,

    /* U+005A "Z" */
    0x5, 0xff, 0xff, 0xff, 0xff, 0xff, 0xff, 0xff,
    0xfb, 0x0, 0xbf, 0xff, 0xff, 0xff, 0xff, 0xff,
    0xff, 0xff, 0xf0, 0xa, 0xff, 0xff, 0xff, 0xff,
    0xff, 0xff, 0xff, 0xf9, 0x0, 0x17, 0x88, 0x88,
    0x88, 0x88, 0x8a, 0xff, 0xff, 0x10, 0x0, 0x0,
    0x0, 0x0, 0x0, 0x0, 0xbf, 0xff, 0x70, 0x0,
    0x0, 0x0, 0x0, 0x0, 0x0, 0x4f, 0xff, 0xd0,
    0x0, 0x0, 0x0, 0x0, 0x0, 0x0, 0xd, 0xff,
    0xf5, 0x0, 0x0, 0x0, 0x0, 0x0, 0x0, 0x6,
    0xff, 0xfc, 0x0, 0x0, 0x0, 0x0, 0x0, 0x0,
    0x0, 0xef, 0xff, 0x30, 0x0, 0x0, 0x0, 0x0,
    0x0, 0x0, 0x8f, 0xff, 0xa0, 0x0, 0x0, 0x0,
    0x0, 0x0, 0x0, 0x1f, 0xff, 0xf1, 0x0, 0x0,
    0x0, 0x0, 0x0, 0x0, 0xa, 0xff, 0xf8, 0x0,
    0x0, 0x0, 0x0, 0x0, 0x0, 0x3, 0xff, 0xfe,
    0x0, 0x0, 0x0, 0x0, 0x0, 0x0, 0x0, 0xcf,
    0xff, 0x60, 0x0, 0x0, 0x0, 0x0, 0x0, 0x0,
    0x5f, 0xff, 0xd0, 0x0, 0x0, 0x0, 0x0, 0x0,
    0x0, 0xd, 0xff, 0xf4, 0x0, 0x0, 0x0, 0x0,
    0x0, 0x0, 0x7, 0xff, 0xfb, 0x0, 0x0, 0x0,
    0x0, 0x0, 0x0, 0x1, 0xef, 0xff, 0x20, 0x0,
    0x0, 0x0, 0x0, 0x0, 0x0, 0x9f, 0xff, 0x90,
    0x0, 0x0, 0x0, 0x0, 0x0, 0x0, 0x2f, 0xff,
    0xf1, 0x0, 0x0, 0x0, 0x0, 0x0, 0x0, 0xb,
    0xff, 0xf7, 0x0, 0x0, 0x0, 0x0, 0x0, 0x0,
    0x4, 0xff, 0xfd, 0x0, 0x0, 0x0, 0x0, 0x0,
    0x0, 0x0, 0xcf, 0xff, 0x50, 0x0, 0x0, 0x0,
    0x0, 0x0, 0x0, 0x6f, 0xff, 0xf8, 0x88, 0x88,
    0x88, 0x88, 0x88, 0x70, 0xe, 0xff, 0xff, 0xff,
    0xff, 0xff, 0xff, 0xff, 0xff, 0x74, 0xff, 0xff,
    0xff, 0xff, 0xff, 0xff, 0xff, 0xff, 0xf9, 0x2e,
    0xff, 0xff, 0xff, 0xff, 0xff, 0xff, 0xff, 0xfe,
    0x30,

    /* U+005B "[" */
    0x5e, 0xff, 0xff, 0xff, 0xf5, 0xbf, 0xff, 0xff,
    0xff, 0xfb, 0xbf, 0xff, 0xff, 0xff, 0xf9, 0xbf,
    0xff, 0xa8, 0x88, 0x71, 0xbf, 0xff, 0x50, 0x0,
    0x0, 0xbf, 0xff, 0x50, 0x0, 0x0, 0xbf, 0xff,
    0x50, 0x0, 0x0, 0xbf, 0xff, 0x50, 0x0, 0x0,
    0xbf, 0xff, 0x50, 0x0, 0x0, 0xbf, 0xff, 0x50,
    0x0, 0x0, 0xbf, 0xff, 0x50, 0x0, 0x0, 0xbf,
    0xff, 0x50, 0x0, 0x0, 0xbf, 0xff, 0x50, 0x0,
    0x0, 0xbf, 0xff, 0x50, 0x0, 0x0, 0xbf, 0xff,
    0x50, 0x0, 0x0, 0xbf, 0xff, 0x50, 0x0, 0x0,
    0xbf, 0xff, 0x50, 0x0, 0x0, 0xbf, 0xff, 0x50,
    0x0, 0x0, 0xbf, 0xff, 0x50, 0x0, 0x0, 0xbf,
    0xff, 0x50, 0x0, 0x0, 0xbf, 0xff, 0x50, 0x0,
    0x0, 0xbf, 0xff, 0x50, 0x0, 0x0, 0xbf, 0xff,
    0x50, 0x0, 0x0, 0xbf, 0xff, 0x50, 0x0, 0x0,
    0xbf, 0xff, 0x50, 0x0, 0x0, 0xbf, 0xff, 0x50,
    0x0, 0x0, 0xbf, 0xff, 0xff, 0xff, 0xf4, 0xbf,
    0xff, 0xff, 0xff, 0xfb, 0x9f, 0xff, 0xff, 0xff,
    0xf9, 0x6, 0x88, 0x88, 0x88, 0x71,

    /* U+005C "\\" */
    0xa, 0xe5, 0x0, 0x0, 0x0, 0x0, 0x1, 0xff,
    0xe0, 0x0, 0x0, 0x0, 0x0, 0xd, 0xff, 0x40,
    0x0, 0x0, 0x0, 0x0, 0x7f, 0xfa, 0x0, 0x0,
    0x0, 0x0, 0x1, 0xff, 0xf0, 0x0, 0x0, 0x0,
    0x0, 0xc, 0xff, 0x50, 0x0, 0x0, 0x0, 0x0,
    0x6f, 0xfb, 0x0, 0x0, 0x0, 0x0, 0x0, 0xff,
    0xf1, 0x0, 0x0, 0x0, 0x0, 0xa, 0xff, 0x70,
    0x0, 0x0, 0x0, 0x0, 0x4f, 0xfd, 0x0, 0x0,
    0x0, 0x0, 0x0, 0xef, 0xf3, 0x0, 0x0, 0x0,
    0x0, 0x8, 0xff, 0x90, 0x0, 0x0, 0x0, 0x0,
    0x2f, 0xfe, 0x0, 0x0, 0x0, 0x0, 0x0, 0xcf,
    0xf4, 0x0, 0x0, 0x0, 0x0, 0x6, 0xff, 0xa0,
    0x0, 0x0, 0x0, 0x0, 0x1f, 0xff, 0x0, 0x0,
    0x0, 0x0, 0x0, 0xbf, 0xf6, 0x0, 0x0, 0x0,
    0x0, 0x5, 0xff, 0xc0, 0x0, 0x0, 0x0, 0x0,
    0xe, 0xff, 0x20, 0x0, 0x0, 0x0, 0x0, 0x9f,
    0xf7, 0x0, 0x0, 0x0, 0x0, 0x3, 0xff, 0xd0,
    0x0, 0x0, 0x0, 0x0, 0xd, 0xff, 0x30, 0x0,
    0x0, 0x0, 0x0, 0x7f, 0xf9, 0x0, 0x0, 0x0,
    0x0, 0x1, 0xff, 0xe0, 0x0, 0x0, 0x0, 0x0,
    0xc, 0xff, 0x50, 0x0, 0x0, 0x0, 0x0, 0x6f,
    0xfb, 0x0, 0x0, 0x0, 0x0, 0x0, 0xff, 0xf0,
    0x0, 0x0, 0x0, 0x0, 0x7, 0xf8,

    /* U+005D "]" */
    0xd, 0xff, 0xff, 0xff, 0xf9, 0x5, 0xff, 0xff,
    0xff, 0xff, 0xf1, 0x3f, 0xff, 0xff, 0xff, 0xff,
    0x10, 0x58, 0x88, 0x8f, 0xff, 0xf1, 0x0, 0x0,
    0x0, 0xef, 0xff, 0x10, 0x0, 0x0, 0xe, 0xff,
    0xf1, 0x0, 0x0, 0x0, 0xef, 0xff, 0x10, 0x0,
    0x0, 0xe, 0xff, 0xf1, 0x0, 0x0, 0x0, 0xef,
    0xff, 0x10, 0x0, 0x0, 0xe, 0xff, 0xf1, 0x0,
    0x0, 0x0, 0xef, 0xff, 0x10, 0x0, 0x0, 0xe,
    0xff, 0xf1, 0x0, 0x0, 0x0, 0xef, 0xff, 0x10,
    0x0, 0x0, 0xe, 0xff, 0xf1, 0x0, 0x0, 0x0,
    0xef, 0xff, 0x10, 0x0, 0x0, 0xe, 0xff, 0xf1,
    0x0, 0x0, 0x0, 0xef, 0xff, 0x10, 0x0, 0x0,
    0xe, 0xff, 0xf1, 0x0, 0x0, 0x0, 0xef, 0xff,
    0x10, 0x0, 0x0, 0xe, 0xff, 0xf1, 0x0, 0x0,
    0x0, 0xef, 0xff, 0x10, 0x0, 0x0, 0xe, 0xff,
    0xf1, 0x0, 0x0, 0x0, 0xef, 0xff, 0x10, 0x0,
    0x0, 0xe, 0xff, 0xf1, 0x0, 0x0, 0x0, 0xef,
    0xff, 0x10, 0x0, 0x0, 0xe, 0xff, 0xf1, 0xd,
    0xff, 0xff, 0xff, 0xff, 0x15, 0xff, 0xff, 0xff,
    0xff, 0xf1, 0x3f, 0xff, 0xff, 0xff, 0xff, 0x0,
    0x58, 0x88, 0x88, 0x87, 0x20,

    /* U+005E "^" */
    0x0, 0x2, 0xbe, 0x70, 0x0, 0x0, 0x19, 0xff,
    0xff, 0xe6, 0x0, 0x6f, 0xff, 0xfd, 0xff, 0xfd,
    0x1f, 0xff, 0xa2, 0x5, 0xef, 0xf8, 0xbc, 0x30,
    0x0, 0x0, 0x7e, 0x40,

    /* U+005F "_" */
    0x2, 0x55, 0x55, 0x55, 0x55, 0x55, 0x55, 0x30,
    0x1f, 0xff, 0xff, 0xff, 0xff, 0xff, 0xff, 0xf5,
    0x3f, 0xff, 0xff, 0xff, 0xff, 0xff, 0xff, 0xf8,
    0xc, 0xff, 0xff, 0xff, 0xff, 0xff, 0xff, 0xe2,

    /* U+0060 "`" */
    0x8e, 0x81, 0x0, 0xf, 0xff, 0xf8, 0x10, 0x7f,
    0xff, 0xff, 0x60, 0x18, 0xff, 0xfe, 0x0, 0x1,
    0x8e, 0x80,

    /* U+0061 "a" */
    0x0, 0x1, 0x7b, 0xef, 0xfe, 0xa5, 0x0, 0x0,
    0x0, 0x6f, 0xff, 0xff, 0xff, 0xff, 0xc1, 0x0,
    0x0, 0xdf, 0xff, 0xff, 0xff, 0xff, 0xfd, 0x0,
    0x0, 0x9f, 0xf9, 0x54, 0x5a, 0xff, 0xff, 0x90,
    0x0, 0x4, 0x10, 0x0, 0x0, 0x6f, 0xff, 0xf0,
    0x0, 0x0, 0x0, 0x0, 0x0, 0xd, 0xff, 0xf4,
    0x0, 0x0, 0x0, 0x0, 0x0, 0x8, 0xff, 0xf6,
    0x0, 0x0, 0x0, 0x0, 0x12, 0x29, 0xff, 0xf7,
    0x0, 0x2, 0x7c, 0xef, 0xff, 0xff, 0xff, 0xf8,
    0x0, 0x7f, 0xff, 0xff, 0xff, 0xff, 0xff, 0xf8,
    0x6, 0xff, 0xff, 0x83, 0x21, 0x7, 0xff, 0xf8,
    0xd, 0xff, 0xf4, 0x0, 0x0, 0x8, 0xff, 0xf8,
    0xf, 0xff, 0xf0, 0x0, 0x0, 0xc, 0xff, 0xf8,
    0xf, 0xff, 0xf2, 0x0, 0x0, 0x8f, 0xff, 0xf8,
    0xe, 0xff, 0xfc, 0x20, 0x3a, 0xff, 0xff, 0xf8,
    0x9, 0xff, 0xff, 0xff, 0xff, 0xf9, 0xff, 0xf8,
    0x1, 0xcf, 0xff, 0xff, 0xfe, 0x43, 0xff, 0xf7,
    0x0, 0x7, 0xcf, 0xfc, 0x71, 0x0, 0xaf, 0xc2,

    /* U+0062 "b" */
    0x6e, 0xf9, 0x0, 0x0, 0x0, 0x0, 0x0, 0x0,
    0xdf, 0xff, 0x10, 0x0, 0x0, 0x0, 0x0, 0x0,
    0xef, 0xff, 0x20, 0x0, 0x0, 0x0, 0x0, 0x0,
    0xef, 0xff, 0x20, 0x0, 0x0, 0x0, 0x0, 0x0,
    0xef, 0xff, 0x20, 0x0, 0x0, 0x0, 0x0, 0x0,
    0xef, 0xff, 0x20, 0x0, 0x0, 0x0, 0x0, 0x0,
    0xef, 0xff, 0x20, 0x0, 0x0, 0x0, 0x0, 0x0,
    0xef, 0xff, 0x20, 0x0, 0x0, 0x0, 0x0, 0x0,
    0xef, 0xff, 0x20, 0x0, 0x0, 0x0, 0x0, 0x0,
    0xef, 0xff, 0x20, 0x0, 0x0, 0x0, 0x0, 0x0,
    0xef, 0xff, 0x20, 0x6c, 0xee, 0xc7, 0x0, 0x0,
    0xef, 0xff, 0x2b, 0xff, 0xff, 0xff, 0xe2, 0x0,
    0xef, 0xff, 0xbf, 0xff, 0xff, 0xff, 0xff, 0x20,
    0xef, 0xff, 0xff, 0xc8, 0x8d, 0xff, 0xff, 0xc0,
    0xef, 0xff, 0xf6, 0x0, 0x0, 0x8f, 0xff, 0xf3,
    0xef, 0xff, 0x90, 0x0, 0x0, 0xb, 0xff, 0xf9,
    0xef, 0xff, 0x30, 0x0, 0x0, 0x4, 0xff, 0xfb,
    0xef, 0xff, 0x20, 0x0, 0x0, 0x2, 0xff, 0xfd,
    0xef, 0xff, 0x20, 0x0, 0x0, 0x2, 0xff, 0xfd,
    0xef, 0xff, 0x20, 0x0, 0x0, 0x2, 0xff, 0xfd,
    0xef, 0xff, 0x20, 0x0, 0x0, 0x2, 0xff, 0xfd,
    0xef, 0xff, 0x20, 0x0, 0x0, 0x5, 0xff, 0xfb,
    0xef, 0xff, 0x90, 0x0, 0x0, 0xb, 0xff, 0xf9,
    0xef, 0xff, 0xf7, 0x0, 0x0, 0x8f, 0xff, 0xf3,
    0xef, 0xff, 0xff, 0xd8, 0x8d, 0xff, 0xff, 0xb0,
    0xef, 0xfe, 0xcf, 0xff, 0xff, 0xff, 0xfe, 0x10,
    0xdf, 0xfd, 0x1c, 0xff, 0xff, 0xff, 0xd2, 0x0,
    0x6e, 0xe5, 0x0, 0x6c, 0xef, 0xd7, 0x0, 0x0,

    /* U+0063 "c" */
    0x0, 0x0, 0x49, 0xde, 0xfe, 0xc8, 0x20, 0x0,
    0x1, 0xbf, 0xff, 0xff, 0xff, 0xff, 0x60, 0x0,
    0xdf, 0xff, 0xff, 0xff, 0xff, 0xff, 0x10, 0xaf,
    0xff, 0xfd, 0x98, 0x8c, 0xff, 0xe0, 0x1f, 0xff,
    0xf8, 0x0, 0x0, 0x3, 0x83, 0x5, 0xff, 0xfc,
    0x0, 0x0, 0x0, 0x0, 0x0, 0x7f, 0xff, 0x80,
    0x0, 0x0, 0x0, 0x0, 0x8, 0xff, 0xf7, 0x0,
    0x0, 0x0, 0x0, 0x0, 0x9f, 0xff, 0x70, 0x0,
    0x0, 0x0, 0x0, 0x9, 0xff, 0xf7, 0x0, 0x0,
    0x0, 0x0, 0x0, 0x8f, 0xff, 0x70, 0x0, 0x0,
    0x0, 0x0, 0x7, 0xff, 0xf8, 0x0, 0x0, 0x0,
    0x0, 0x0, 0x5f, 0xff, 0xc0, 0x0, 0x0, 0x0,
    0x0, 0x1, 0xff, 0xff, 0x80, 0x0, 0x0, 0x3a,
    0x50, 0xa, 0xff, 0xff, 0xd9, 0x88, 0xbf, 0xff,
    0x30, 0x1e, 0xff, 0xff, 0xff, 0xff, 0xff, 0xf4,
    0x0, 0x1c, 0xff, 0xff, 0xff, 0xff, 0xf8, 0x0,
    0x0, 0x5, 0xad, 0xff, 0xec, 0x82, 0x0,

    /* U+0064 "d" */
    0x0, 0x0, 0x0, 0x0, 0x0, 0x0, 0x6e, 0xf9,
    0x0, 0x0, 0x0, 0x0, 0x0, 0x0, 0xe, 0xff,
    0xf1, 0x0, 0x0, 0x0, 0x0, 0x0, 0x0, 0xef,
    0xff, 0x10, 0x0, 0x0, 0x0, 0x0, 0x0, 0xe,
    0xff, 0xf1, 0x0, 0x0, 0x0, 0x0, 0x0, 0x0,
    0xef, 0xff, 0x10, 0x0, 0x0, 0x0, 0x0, 0x0,
    0xe, 0xff, 0xf1, 0x0, 0x0, 0x0, 0x0, 0x0,
    0x0, 0xef, 0xff, 0x10, 0x0, 0x0, 0x0, 0x0,
    0x0, 0xe, 0xff, 0xf1, 0x0, 0x0, 0x0, 0x0,
    0x0, 0x0, 0xef, 0xff, 0x10, 0x0, 0x0, 0x0,
    0x0, 0x0, 0xe, 0xff, 0xf1, 0x0, 0x0, 0x5b,
    0xef, 0xd7, 0x0, 0xef, 0xff, 0x10, 0x1, 0xcf,
    0xff, 0xff, 0xfd, 0x2e, 0xff, 0xf1, 0x0, 0xdf,
    0xff, 0xff, 0xff, 0xfd, 0xef, 0xff, 0x10, 0x9f,
    0xff, 0xfe, 0x98, 0xbf, 0xff, 0xff, 0xf1, 0x1f,
    0xff, 0xfb, 0x0, 0x0, 0x3e, 0xff, 0xff, 0x15,
    0xff, 0xfe, 0x0, 0x0, 0x0, 0x5f, 0xff, 0xf1,
    0x8f, 0xff, 0x80, 0x0, 0x0, 0x0, 0xff, 0xff,
    0x19, 0xff, 0xf6, 0x0, 0x0, 0x0, 0xe, 0xff,
    0xf1, 0x9f, 0xff, 0x60, 0x0, 0x0, 0x0, 0xef,
    0xff, 0x19, 0xff, 0xf6, 0x0, 0x0, 0x0, 0xe,
    0xff, 0xf1, 0x9f, 0xff, 0x60, 0x0, 0x0, 0x0,
    0xef, 0xff, 0x17, 0xff, 0xf8, 0x0, 0x0, 0x0,
    0xe, 0xff, 0xf1, 0x5f, 0xff, 0xe0, 0x0, 0x0,
    0x5, 0xff, 0xff, 0x10, 0xef, 0xff, 0xb0, 0x0,
    0x4, 0xff, 0xff, 0xf1, 0x7, 0xff, 0xff, 0xe9,
    0x8b, 0xff, 0xff, 0xff, 0x10, 0xc, 0xff, 0xff,
    0xff, 0xff, 0xec, 0xff, 0xf1, 0x0, 0xb, 0xff,
    0xff, 0xff, 0xe3, 0xaf, 0xff, 0x10, 0x0, 0x5,
    0xcf, 0xfd, 0x71, 0x3, 0xdf, 0x80,

    /* U+0065 "e" */
    0x0, 0x0, 0x17, 0xce, 0xfd, 0xb5, 0x0, 0x0,
    0x0, 0x6, 0xff, 0xff, 0xff, 0xff, 0xd3, 0x0,
    0x0, 0x9f, 0xff, 0xff, 0xff, 0xff, 0xff, 0x30,
    0x6, 0xff, 0xfe, 0x62, 0x3, 0xaf, 0xff, 0xe0,
    0xf, 0xff, 0xe2, 0x0, 0x0, 0x9, 0xff, 0xf7,
    0x5f, 0xff, 0x80, 0x0, 0x0, 0x1, 0xff, 0xfc,
    0x8f, 0xff, 0x60, 0x0, 0x0, 0x0, 0xef, 0xfe,
    0x9f, 0xff, 0xa7, 0x77, 0x77, 0x79, 0xff, 0xfd,
    0x9f, 0xff, 0xff, 0xff, 0xff, 0xff, 0xff, 0xfa,
    0x9f, 0xff, 0xff, 0xff, 0xff, 0xff, 0xfe, 0xb1,
    0x9f, 0xff, 0x60, 0x0, 0x0, 0x0, 0x0, 0x0,
    0x8f, 0xff, 0x70, 0x0, 0x0, 0x0, 0x0, 0x0,
    0x5f, 0xff, 0xc0, 0x0, 0x0, 0x0, 0x0, 0x0,
    0x1f, 0xff, 0xf8, 0x0, 0x0, 0x0, 0x17, 0x60,
    0x7, 0xff, 0xff, 0xd7, 0x33, 0x48, 0xef, 0xf5,
    0x0, 0x9f, 0xff, 0xff, 0xff, 0xff, 0xff, 0xf6,
    0x0, 0x6, 0xef, 0xff, 0xff, 0xff, 0xff, 0x80,
    0x0, 0x0, 0x5, 0xad, 0xef, 0xec, 0x82, 0x0,

    /* U+0066 "f" */
    0x0, 0x1, 0x8d, 0xff, 0xf9, 0x0, 0x4, 0xef,
    0xff, 0xff, 0xf1, 0x3, 0xff, 0xff, 0xff, 0xfe,
    0x0, 0xef, 0xff, 0xf9, 0x65, 0x10, 0x6f, 0xff,
    0xe1, 0x0, 0x0, 0xa, 0xff, 0xf5, 0x0, 0x0,
    0x0, 0xcf, 0xff, 0x20, 0x0, 0x0, 0xd, 0xff,
    0xf2, 0x0, 0x0, 0x0, 0xef, 0xff, 0x20, 0x0,
    0x0, 0xe, 0xff, 0xf2, 0x0, 0x0, 0x0, 0xef,
    0xff, 0xff, 0xff, 0xfc, 0xe, 0xff, 0xff, 0xff,
    0xff, 0xf1, 0xef, 0xff, 0xee, 0xee, 0xeb, 0xe,
    0xff, 0xf2, 0x0, 0x0, 0x0, 0xef, 0xff, 0x20,
    0x0, 0x0, 0xe, 0xff, 0xf2, 0x0, 0x0, 0x0,
    0xef, 0xff, 0x20, 0x0, 0x0, 0xe, 0xff, 0xf2,
    0x0, 0x0, 0x0, 0xef, 0xff, 0x20, 0x0, 0x0,
    0xe, 0xff, 0xf2, 0x0, 0x0, 0x0, 0xef, 0xff,
    0x20, 0x0, 0x0, 0xe, 0xff, 0xf2, 0x0, 0x0,
    0x0, 0xef, 0xff, 0x20, 0x0, 0x0, 0xe, 0xff,
    0xf2, 0x0, 0x0, 0x0, 0xef, 0xff, 0x20, 0x0,
    0x0, 0xe, 0xff, 0xf2, 0x0, 0x0, 0x0, 0xdf,
    0xff, 0x10, 0x0, 0x0, 0x6, 0xef, 0x90, 0x0,
    0x0, 0x0,

    /* U+0067 "g" */
    0x0, 0x0, 0x0, 0x0, 0x0, 0x0, 0x0, 0x17,
    0x20, 0x0, 0x0, 0x0, 0x0, 0x0, 0x0, 0x1,
    0xef, 0xf0, 0x0, 0x0, 0x17, 0xbe, 0xff, 0xc7,
    0x18, 0xff, 0xd0, 0x0, 0x4, 0xef, 0xff, 0xff,
    0xff, 0xff, 0xf9, 0x0, 0x0, 0x4f, 0xff, 0xfb,
    0x89, 0xef, 0xff, 0xc0, 0x0, 0x0, 0xdf, 0xff,
    0x50, 0x0, 0x1d, 0xff, 0xf3, 0x0, 0x3, 0xff,
    0xfc, 0x0, 0x0, 0x5, 0xff, 0xfa, 0x0, 0x5,
    0xff, 0xf8, 0x0, 0x0, 0x1, 0xff, 0xfc, 0x0,
    0x6, 0xff, 0xf7, 0x0, 0x0, 0x0, 0xff, 0xfd,
    0x0, 0x5, 0xff, 0xf8, 0x0, 0x0, 0x1, 0xff,
    0xfc, 0x0, 0x2, 0xff, 0xfc, 0x0, 0x0, 0x5,
    0xff, 0xf9, 0x0, 0x0, 0xcf, 0xff, 0x60, 0x0,
    0x2e, 0xff, 0xf3, 0x0, 0x0, 0x3f, 0xff, 0xfb,
    0x8a, 0xff, 0xff, 0x90, 0x0, 0x0, 0x7, 0xff,
    0xff, 0xff, 0xff, 0xf8, 0x0, 0x0, 0x0, 0x5f,
    0xfe, 0xae, 0xfe, 0xc8, 0x20, 0x0, 0x0, 0x0,
    0xef, 0xf6, 0x0, 0x0, 0x0, 0x0, 0x0, 0x0,
    0x0, 0xff, 0xfd, 0x51, 0x0, 0x0, 0x0, 0x0,
    0x0, 0x0, 0xcf, 0xff, 0xff, 0xfc, 0xa8, 0x40,
    0x0, 0x0, 0x0, 0x1c, 0xff, 0xff, 0xff, 0xff,
    0xff, 0x80, 0x0, 0x0, 0x6f, 0xff, 0xea, 0xce,
    0xff, 0xff, 0xfc, 0x0, 0x6, 0xff, 0xf8, 0x0,
    0x0, 0x27, 0xff, 0xff, 0x70, 0xf, 0xff, 0xc0,
    0x0, 0x0, 0x0, 0x4f, 0xff, 0xc0, 0x2f, 0xff,
    0x90, 0x0, 0x0, 0x0, 0xf, 0xff, 0xd0, 0x2f,
    0xff, 0xd0, 0x0, 0x0, 0x0, 0x4f, 0xff, 0xb0,
    0xd, 0xff, 0xfa, 0x10, 0x0, 0x4, 0xef, 0xff,
    0x60, 0x4, 0xff, 0xff, 0xfc, 0xab, 0xdf, 0xff,
    0xfb, 0x0, 0x0, 0x2c, 0xff, 0xff, 0xff, 0xff,
    0xff, 0x90, 0x0, 0x0, 0x0, 0x38, 0xce, 0xff,
    0xeb, 0x71, 0x0, 0x0,

    /* U+0068 "h" */
    0x6e, 0xf9, 0x0, 0x0, 0x0, 0x0, 0x0, 0x0,
    0xdf, 0xff, 0x10, 0x0, 0x0, 0x0, 0x0, 0x0,
    0xef, 0xff, 0x20, 0x0, 0x0, 0x0, 0x0, 0x0,
    0xef, 0xff, 0x20, 0x0, 0x0, 0x0, 0x0, 0x0,
    0xef, 0xff, 0x20, 0x0, 0x0, 0x0, 0x0, 0x0,
    0xef, 0xff, 0x20, 0x0, 0x0, 0x0, 0x0, 0x0,
    0xef, 0xff, 0x20, 0x0, 0x0, 0x0, 0x0, 0x0,
    0xef, 0xff, 0x20, 0x0, 0x0, 0x0, 0x0, 0x0,
    0xef, 0xff, 0x20, 0x0, 0x0, 0x0, 0x0, 0x0,
    0xef, 0xff, 0x20, 0x0, 0x0, 0x0, 0x0, 0x0,
    0xef, 0xff, 0x20, 0x6c, 0xee, 0xc5, 0x0, 0x0,
    0xef, 0xff, 0x2c, 0xff, 0xff, 0xff, 0xc1, 0x0,
    0xef, 0xff, 0xcf, 0xff, 0xff, 0xff, 0xfd, 0x0,
    0xef, 0xff, 0xff, 0xc8, 0x9e, 0xff, 0xff, 0x80,
    0xef, 0xff, 0xf5, 0x0, 0x1, 0xbf, 0xff, 0xf0,
    0xef, 0xff, 0x80, 0x0, 0x0, 0x1e, 0xff, 0xf5,
    0xef, 0xff, 0x30, 0x0, 0x0, 0x8, 0xff, 0xf7,
    0xef, 0xff, 0x20, 0x0, 0x0, 0x6, 0xff, 0xf9,
    0xef, 0xff, 0x20, 0x0, 0x0, 0x6, 0xff, 0xf9,
    0xef, 0xff, 0x20, 0x0, 0x0, 0x6, 0xff, 0xf9,
    0xef, 0xff, 0x20, 0x0, 0x0, 0x6, 0xff, 0xf9,
    0xef, 0xff, 0x20, 0x0, 0x0, 0x6, 0xff, 0xf9,
    0xef, 0xff, 0x20, 0x0, 0x0, 0x6, 0xff, 0xf9,
    0xef, 0xff, 0x20, 0x0, 0x0, 0x6, 0xff, 0xf9,
    0xef, 0xff, 0x20, 0x0, 0x0, 0x6, 0xff, 0xf9,
    0xef, 0xff, 0x20, 0x0, 0x0, 0x6, 0xff, 0xf9,
    0xdf, 0xff, 0x10, 0x0, 0x0, 0x6, 0xff, 0xf9,
    0x6e, 0xf8, 0x0, 0x0, 0x0, 0x1, 0xbf, 0xd3,

    /* U+0069 "i" */
    0x0, 0x0, 0x0, 0x7, 0xff, 0x90, 0x2f, 0xff,
    0xf3, 0x1f, 0xff, 0xf3, 0x6, 0xee, 0x70, 0x0,
    0x0, 0x0, 0x0, 0x0, 0x0, 0x0, 0x0, 0x0,
    0x0, 0x0, 0x0, 0x6, 0xef, 0x80, 0xe, 0xff,
    0xf1, 0xe, 0xff, 0xf1, 0xe, 0xff, 0xf1, 0xe,
    0xff, 0xf1, 0xe, 0xff, 0xf1, 0xe, 0xff, 0xf1,
    0xe, 0xff, 0xf1, 0xe, 0xff, 0xf1, 0xe, 0xff,
    0xf1, 0xe, 0xff, 0xf1, 0xe, 0xff, 0xf1, 0xe,
    0xff, 0xf1, 0xe, 0xff, 0xf1, 0xe, 0xff, 0xf1,
    0xe, 0xff, 0xf1, 0xe, 0xff, 0xf0, 0x6, 0xee,
    0x70,

    /* U+006A "j" */
    0x0, 0x0, 0x6e, 0xe7, 0x0, 0x0, 0x1f, 0xff,
    0xf3, 0x0, 0x2, 0xff, 0xff, 0x30, 0x0, 0x8,
    0xff, 0x90, 0x0, 0x0, 0x0, 0x0, 0x0, 0x0,
    0x0, 0x0, 0x0, 0x0, 0x0, 0x0, 0x0, 0x0,
    0x0, 0x0, 0x0, 0x0, 0x0, 0x0, 0x0, 0x0,
    0x0, 0x0, 0x7, 0xef, 0x80, 0x0, 0x0, 0xef,
    0xff, 0x10, 0x0, 0xe, 0xff, 0xf1, 0x0, 0x0,
    0xef, 0xff, 0x10, 0x0, 0xe, 0xff, 0xf1, 0x0,
    0x0, 0xef, 0xff, 0x10, 0x0, 0xe, 0xff, 0xf1,
    0x0, 0x0, 0xef, 0xff, 0x10, 0x0, 0xe, 0xff,
    0xf1, 0x0, 0x0, 0xef, 0xff, 0x10, 0x0, 0xe,
    0xff, 0xf1, 0x0, 0x0, 0xef, 0xff, 0x10, 0x0,
    0xe, 0xff, 0xf1, 0x0, 0x0, 0xef, 0xff, 0x10,
    0x0, 0xe, 0xff, 0xf1, 0x0, 0x0, 0xef, 0xff,
    0x10, 0x0, 0xe, 0xff, 0xf1, 0x0, 0x0, 0xef,
    0xff, 0x10, 0x0, 0xe, 0xff, 0xf1, 0x0, 0x0,
    0xff, 0xff, 0x0, 0x0, 0xf, 0xff, 0xf0, 0x0,
    0x3, 0xff, 0xfc, 0x0, 0x36, 0xdf, 0xff, 0x80,
    0x3f, 0xff, 0xff, 0xf1, 0x6, 0xff, 0xff, 0xf5,
    0x0, 0x1c, 0xfe, 0xb3, 0x0, 0x0,

    /* U+006B "k" */
    0x6e, 0xf9, 0x0, 0x0, 0x0, 0x0, 0x0, 0x0,
    0xdf, 0xff, 0x10, 0x0, 0x0, 0x0, 0x0, 0x0,
    0xef, 0xff, 0x20, 0x0, 0x0, 0x0, 0x0, 0x0,
    0xef, 0xff, 0x20, 0x0, 0x0, 0x0, 0x0, 0x0,
    0xef, 0xff, 0x20, 0x0, 0x0, 0x0, 0x0, 0x0,
    0xef, 0xff, 0x20, 0x0, 0x0, 0x0, 0x0, 0x0,
    0xef, 0xff, 0x20, 0x0, 0x0, 0x0, 0x0, 0x0,
    0xef, 0xff, 0x20, 0x0, 0x0, 0x0, 0x0, 0x0,
    0xef, 0xff, 0x20, 0x0, 0x0, 0x0, 0x0, 0x0,
    0xef, 0xff, 0x20, 0x0, 0x0, 0x0, 0x0, 0x0,
    0xef, 0xff, 0x20, 0x0, 0x0, 0x3, 0xdc, 0x20,
    0xef, 0xff, 0x20, 0x0, 0x0, 0x4f, 0xff, 0xb0,
    0xef, 0xff, 0x20, 0x0, 0x5, 0xff, 0xff, 0x90,
    0xef, 0xff, 0x20, 0x0, 0x6f, 0xff, 0xf9, 0x0,
    0xef, 0xff, 0x20, 0x8, 0xff, 0xff, 0x70, 0x0,
    0xef, 0xff, 0x20, 0x9f, 0xff, 0xf5, 0x0, 0x0,
    0xef, 0xff, 0x2a, 0xff, 0xff, 0x40, 0x0, 0x0,
    0xef, 0xff, 0xdf, 0xff, 0xfd, 0x0, 0x0, 0x0,
    0xef, 0xff, 0xff, 0xff, 0xff, 0xa0, 0x0, 0x0,
    0xef, 0xff, 0xff, 0xcf, 0xff, 0xf5, 0x0, 0x0,
    0xef, 0xff, 0xfb, 0x6, 0xff, 0xff, 0x10, 0x0,
    0xef, 0xff, 0xa0, 0x0, 0xbf, 0xff, 0xc0, 0x0,
    0xef, 0xff, 0x20, 0x0, 0x1e, 0xff, 0xf7, 0x0,
    0xef, 0xff, 0x20, 0x0, 0x4, 0xff, 0xff, 0x30,
    0xef, 0xff, 0x20, 0x0, 0x0, 0x9f, 0xff, 0xd0,
    0xef, 0xff, 0x20, 0x0, 0x0, 0xd, 0xff, 0xf9,
    0xdf, 0xff, 0x10, 0x0, 0x0, 0x3, 0xff, 0xfa,
    0x6e, 0xf8, 0x0, 0x0, 0x0, 0x0, 0x6f, 0xa1,

    /* U+006C "l" */
    0x3d, 0xfc, 0x18, 0xff, 0xf6, 0x9f, 0xff, 0x69,
    0xff, 0xf6, 0x9f, 0xff, 0x69, 0xff, 0xf6, 0x9f,
    0xff, 0x69, 0xff, 0xf6, 0x9f, 0xff, 0x69, 0xff,
    0xf6, 0x9f, 0xff, 0x69, 0xff, 0xf6, 0x9f, 0xff,
    0x69, 0xff, 0xf6, 0x9f, 0xff, 0x69, 0xff, 0xf6,
    0x9f, 0xff, 0x69, 0xff, 0xf6, 0x9f, 0xff, 0x69,
    0xff, 0xf6, 0x9f, 0xff, 0x69, 0xff, 0xf6, 0x9f,
    0xff, 0x69, 0xff, 0xf6, 0x9f, 0xff, 0x69, 0xff,
    0xf6, 0x8f, 0xff, 0x62, 0xdf, 0xb1,

    /* U+006D "m" */
    0x6e, 0xe6, 0x1, 0x8d, 0xfe, 0xb3, 0x0, 0x0,
    0x29, 0xdf, 0xea, 0x40, 0x0, 0xe, 0xff, 0xd3,
    0xef, 0xff, 0xff, 0xf7, 0x0, 0x6f, 0xff, 0xff,
    0xff, 0x90, 0x0, 0xef, 0xfe, 0xef, 0xff, 0xff,
    0xff, 0xf4, 0x5f, 0xff, 0xff, 0xff, 0xff, 0xa0,
    0xe, 0xff, 0xff, 0xe7, 0x46, 0xdf, 0xff, 0xdf,
    0xff, 0x74, 0x5c, 0xff, 0xff, 0x40, 0xef, 0xff,
    0xe1, 0x0, 0x0, 0xbf, 0xff, 0xfe, 0x20, 0x0,
    0xa, 0xff, 0xfb, 0xe, 0xff, 0xf6, 0x0, 0x0,
    0x2, 0xff, 0xff, 0x70, 0x0, 0x0, 0x1f, 0xff,
    0xf0, 0xef, 0xff, 0x20, 0x0, 0x0, 0xe, 0xff,
    0xf3, 0x0, 0x0, 0x0, 0xdf, 0xff, 0x2e, 0xff,
    0xf1, 0x0, 0x0, 0x0, 0xdf, 0xff, 0x20, 0x0,
    0x0, 0xc, 0xff, 0xf3, 0xef, 0xff, 0x10, 0x0,
    0x0, 0xd, 0xff, 0xf2, 0x0, 0x0, 0x0, 0xcf,
    0xff, 0x3e, 0xff, 0xf1, 0x0, 0x0, 0x0, 0xdf,
    0xff, 0x20, 0x0, 0x0, 0xc, 0xff, 0xf3, 0xef,
    0xff, 0x10, 0x0, 0x0, 0xd, 0xff, 0xf2, 0x0,
    0x0, 0x0, 0xcf, 0xff, 0x3e, 0xff, 0xf1, 0x0,
    0x0, 0x0, 0xdf, 0xff, 0x20, 0x0, 0x0, 0xc,
    0xff, 0xf3, 0xef, 0xff, 0x10, 0x0, 0x0, 0xd,
    0xff, 0xf2, 0x0, 0x0, 0x0, 0xcf, 0xff, 0x3e,
    0xff, 0xf1, 0x0, 0x0, 0x0, 0xdf, 0xff, 0x20,
    0x0, 0x0, 0xc, 0xff, 0xf3, 0xef, 0xff, 0x10,
    0x0, 0x0, 0xd, 0xff, 0xf2, 0x0, 0x0, 0x0,
    0xcf, 0xff, 0x3e, 0xff, 0xf1, 0x0, 0x0, 0x0,
    0xdf, 0xff, 0x20, 0x0, 0x0, 0xc, 0xff, 0xf3,
    0xef, 0xff, 0x0, 0x0, 0x0, 0xd, 0xff, 0xf2,
    0x0, 0x0, 0x0, 0xbf, 0xff, 0x36, 0xee, 0x70,
    0x0, 0x0, 0x0, 0x6e, 0xfa, 0x0, 0x0, 0x0,
    0x4, 0xdf, 0xa0,

    /* U+006E "n" */
    0x6e, 0xe6, 0x1, 0x8d, 0xfe, 0xc5, 0x0, 0x0,
    0xef, 0xfd, 0x3e, 0xff, 0xff, 0xff, 0xb1, 0x0,
    0xef, 0xfe, 0xef, 0xff, 0xff, 0xff, 0xfc, 0x0,
    0xef, 0xff, 0xff, 0x84, 0x6c, 0xff, 0xff, 0x80,
    0xef, 0xff, 0xe2, 0x0, 0x0, 0x9f, 0xff, 0xe0,
    0xef, 0xff, 0x60, 0x0, 0x0, 0xd, 0xff, 0xf4,
    0xef, 0xff, 0x20, 0x0, 0x0, 0x8, 0xff, 0xf7,
    0xef, 0xff, 0x10, 0x0, 0x0, 0x7, 0xff, 0xf8,
    0xef, 0xff, 0x10, 0x0, 0x0, 0x7, 0xff, 0xf9,
    0xef, 0xff, 0x10, 0x0, 0x0, 0x7, 0xff, 0xf9,
    0xef, 0xff, 0x10, 0x0, 0x0, 0x7, 0xff, 0xf9,
    0xef, 0xff, 0x10, 0x0, 0x0, 0x7, 0xff, 0xf9,
    0xef, 0xff, 0x10, 0x0, 0x0, 0x7, 0xff, 0xf9,
    0xef, 0xff, 0x10, 0x0, 0x0, 0x7, 0xff, 0xf9,
    0xef, 0xff, 0x10, 0x0, 0x0, 0x7, 0xff, 0xf9,
    0xef, 0xff, 0x10, 0x0, 0x0, 0x7, 0xff, 0xf9,
    0xef, 0xff, 0x0, 0x0, 0x0, 0x6, 0xff, 0xf8,
    0x6e, 0xe7, 0x0, 0x0, 0x0, 0x1, 0xcf, 0xd2,

    /* U+006F "o" */
    0x0, 0x0, 0x18, 0xcf, 0xfd, 0xa4, 0x0, 0x0,
    0x0, 0x0, 0x6f, 0xff, 0xff, 0xff, 0xfb, 0x10,
    0x0, 0x0, 0x8f, 0xff, 0xff, 0xff, 0xff, 0xfe,
    0x20, 0x0, 0x6f, 0xff, 0xfe, 0x98, 0xbf, 0xff,
    0xfd, 0x0, 0xe, 0xff, 0xfa, 0x0, 0x0, 0x4f,
    0xff, 0xf7, 0x5, 0xff, 0xfe, 0x0, 0x0, 0x0,
    0x6f, 0xff, 0xd0, 0x8f, 0xff, 0x80, 0x0, 0x0,
    0x0, 0xff, 0xff, 0x9, 0xff, 0xf6, 0x0, 0x0,
    0x0, 0xe, 0xff, 0xf1, 0x9f, 0xff, 0x60, 0x0,
    0x0, 0x0, 0xef, 0xff, 0x19, 0xff, 0xf6, 0x0,
    0x0, 0x0, 0xe, 0xff, 0xf1, 0x9f, 0xff, 0x60,
    0x0, 0x0, 0x0, 0xef, 0xff, 0x18, 0xff, 0xf8,
    0x0, 0x0, 0x0, 0xf, 0xff, 0xf0, 0x4f, 0xff,
    0xe0, 0x0, 0x0, 0x7, 0xff, 0xfc, 0x0, 0xef,
    0xff, 0xb0, 0x0, 0x4, 0xff, 0xff, 0x60, 0x5,
    0xff, 0xff, 0xe9, 0x8b, 0xff, 0xff, 0xc0, 0x0,
    0x7, 0xff, 0xff, 0xff, 0xff, 0xff, 0xd1, 0x0,
    0x0, 0x5, 0xff, 0xff, 0xff, 0xff, 0xa1, 0x0,
    0x0, 0x0, 0x1, 0x8c, 0xff, 0xea, 0x40, 0x0,
    0x0,

    /* U+0070 "p" */
    0x6e, 0xe7, 0x1, 0x7d, 0xfe, 0xc6, 0x0, 0x0,
    0xdf, 0xfe, 0x3e, 0xff, 0xff, 0xff, 0xe3, 0x0,
    0xef, 0xff, 0xef, 0xff, 0xff, 0xff, 0xff, 0x20,
    0xef, 0xff, 0xff, 0x94, 0x5a, 0xff, 0xff, 0xc0,
    0xef, 0xff, 0xe3, 0x0, 0x0, 0x5f, 0xff, 0xf4,
    0xef, 0xff, 0x70, 0x0, 0x0, 0x9, 0xff, 0xf9,
    0xef, 0xff, 0x20, 0x0, 0x0, 0x4, 0xff, 0xfb,
    0xef, 0xff, 0x20, 0x0, 0x0, 0x2, 0xff, 0xfd,
    0xef, 0xff, 0x20, 0x0, 0x0, 0x2, 0xff, 0xfd,
    0xef, 0xff, 0x20, 0x0, 0x0, 0x2, 0xff, 0xfd,
    0xef, 0xff, 0x20, 0x0, 0x0, 0x2, 0xff, 0xfd,
    0xef, 0xff, 0x20, 0x0, 0x0, 0x5, 0xff, 0xfb,
    0xef, 0xff, 0x90, 0x0, 0x0, 0xc, 0xff, 0xf9,
    0xef, 0xff, 0xf7, 0x0, 0x0, 0x9f, 0xff, 0xf3,
    0xef, 0xff, 0xff, 0xd8, 0x8d, 0xff, 0xff, 0xb0,
    0xef, 0xff, 0xbf, 0xff, 0xff, 0xff, 0xfe, 0x10,
    0xef, 0xff, 0x2a, 0xff, 0xff, 0xff, 0xd2, 0x0,
    0xef, 0xff, 0x20, 0x5b, 0xef, 0xd7, 0x0, 0x0,
    0xef, 0xff, 0x20, 0x0, 0x0, 0x0, 0x0, 0x0,
    0xef, 0xff, 0x20, 0x0, 0x0, 0x0, 0x0, 0x0,
    0xef, 0xff, 0x20, 0x0, 0x0, 0x0, 0x0, 0x0,
    0xef, 0xff, 0x20, 0x0, 0x0, 0x0, 0x0, 0x0,
    0xef, 0xff, 0x20, 0x0, 0x0, 0x0, 0x0, 0x0,
    0xef, 0xff, 0x20, 0x0, 0x0, 0x0, 0x0, 0x0,
    0xdf, 0xff, 0x10, 0x0, 0x0, 0x0, 0x0, 0x0,
    0x6e, 0xf8, 0x0, 0x0, 0x0, 0x0, 0x0, 0x0,

    /* U+0071 "q" */
    0x0, 0x0, 0x5b, 0xef, 0xd8, 0x10, 0x3d, 0xf9,
    0x0, 0x1, 0xcf, 0xff, 0xff, 0xfe, 0x3a, 0xff,
    0xf1, 0x0, 0xdf, 0xff, 0xff, 0xff, 0xfe, 0xcf,
    0xff, 0x10, 0x9f, 0xff, 0xfe, 0x98, 0xbf, 0xff,
    0xff, 0xf1, 0x1f, 0xff, 0xfb, 0x0, 0x0, 0x3e,
    0xff, 0xff, 0x15, 0xff, 0xfe, 0x0, 0x0, 0x0,
    0x5f, 0xff, 0xf1, 0x8f, 0xff, 0x80, 0x0, 0x0,
    0x0, 0xff, 0xff, 0x19, 0xff, 0xf6, 0x0, 0x0,
    0x0, 0xe, 0xff, 0xf1, 0x9f, 0xff, 0x60, 0x0,
    0x0, 0x0, 0xef, 0xff, 0x19, 0xff, 0xf6, 0x0,
    0x0, 0x0, 0xe, 0xff, 0xf1, 0x9f, 0xff, 0x60,
    0x0, 0x0, 0x0, 0xef, 0xff, 0x17, 0xff, 0xf8,
    0x0, 0x0, 0x0, 0xe, 0xff, 0xf1, 0x5f, 0xff,
    0xe0, 0x0, 0x0, 0x5, 0xff, 0xff, 0x10, 0xef,
    0xff, 0xb1, 0x0, 0x4, 0xff, 0xff, 0xf1, 0x7,
    0xff, 0xff, 0xe9, 0x8b, 0xff, 0xff, 0xff, 0x10,
    0xc, 0xff, 0xff, 0xff, 0xff, 0xce, 0xff, 0xf1,
    0x0, 0xb, 0xff, 0xff, 0xff, 0xd1, 0xef, 0xff,
    0x10, 0x0, 0x5, 0xcf, 0xfc, 0x60, 0xe, 0xff,
    0xf1, 0x0, 0x0, 0x0, 0x0, 0x0, 0x0, 0xef,
    0xff, 0x10, 0x0, 0x0, 0x0, 0x0, 0x0, 0xe,
    0xff, 0xf1, 0x0, 0x0, 0x0, 0x0, 0x0, 0x0,
    0xef, 0xff, 0x10, 0x0, 0x0, 0x0, 0x0, 0x0,
    0xe, 0xff, 0xf1, 0x0, 0x0, 0x0, 0x0, 0x0,
    0x0, 0xef, 0xff, 0x10, 0x0, 0x0, 0x0, 0x0,
    0x0, 0xe, 0xff, 0xf1, 0x0, 0x0, 0x0, 0x0,
    0x0, 0x0, 0xef, 0xff, 0x10, 0x0, 0x0, 0x0,
    0x0, 0x0, 0x5, 0xef, 0x80,

    /* U+0072 "r" */
    0x6e, 0xe6, 0x0, 0x7d, 0xff, 0xc1, 0xef, 0xfd,
    0x1d, 0xff, 0xff, 0xf5, 0xef, 0xfe, 0xdf, 0xff,
    0xff, 0xf2, 0xef, 0xff, 0xff, 0xe7, 0x44, 0x10,
    0xef, 0xff, 0xfc, 0x10, 0x0, 0x0, 0xef, 0xff,
    0xe1, 0x0, 0x0, 0x0, 0xef, 0xff, 0x80, 0x0,
    0x0, 0x0, 0xef, 0xff, 0x30, 0x0, 0x0, 0x0,
    0xef, 0xff, 0x10, 0x0, 0x0, 0x0, 0xef, 0xff,
    0x10, 0x0, 0x0, 0x0, 0xef, 0xff, 0x10, 0x0,
    0x0, 0x0, 0xef, 0xff, 0x10, 0x0, 0x0, 0x0,
    0xef, 0xff, 0x10, 0x0, 0x0, 0x0, 0xef, 0xff,
    0x10, 0x0, 0x0, 0x0, 0xef, 0xff, 0x10, 0x0,
    0x0, 0x0, 0xef, 0xff, 0x10, 0x0, 0x0, 0x0,
    0xef, 0xff, 0x0, 0x0, 0x0, 0x0, 0x6e, 0xe7,
    0x0, 0x0, 0x0, 0x0,

    /* U+0073 "s" */
    0x0, 0x4, 0xad, 0xff, 0xeb, 0x71, 0x0, 0x0,
    0xaf, 0xff, 0xff, 0xff, 0xff, 0x50, 0x9, 0xff,
    0xff, 0xff, 0xff, 0xff, 0xa0, 0x1f, 0xff, 0xe5,
    0x10, 0x38, 0xef, 0x30, 0x6f, 0xff, 0x40, 0x0,
    0x0, 0x0, 0x0, 0x7f, 0xff, 0x20, 0x0, 0x0,
    0x0, 0x0, 0x5f, 0xff, 0xc3, 0x0, 0x0, 0x0,
    0x0, 0xe, 0xff, 0xff, 0xd8, 0x40, 0x0, 0x0,
    0x2, 0xdf, 0xff, 0xff, 0xfe, 0x80, 0x0, 0x0,
    0x6, 0xcf, 0xff, 0xff, 0xfd, 0x10, 0x0, 0x0,
    0x1, 0x6b, 0xff, 0xff, 0xb0, 0x0, 0x0, 0x0,
    0x0, 0x2e, 0xff, 0xf1, 0x0, 0x0, 0x0, 0x0,
    0x6, 0xff, 0xf3, 0x3a, 0x40, 0x0, 0x0, 0x6,
    0xff, 0xf2, 0xcf, 0xfa, 0x41, 0x1, 0x5f, 0xff,
    0xf0, 0xcf, 0xff, 0xff, 0xff, 0xff, 0xff, 0x70,
    0x1c, 0xff, 0xff, 0xff, 0xff, 0xf9, 0x0, 0x0,
    0x49, 0xde, 0xff, 0xd9, 0x30, 0x0,

    /* U+0074 "t" */
    0x7e, 0xe7, 0x0, 0x0, 0x0, 0xff, 0xff, 0x0,
    0x0, 0x0, 0xff, 0xff, 0x0, 0x0, 0x0, 0xff,
    0xff, 0x0, 0x0, 0x0, 0xff, 0xff, 0x0, 0x0,
    0x0, 0xff, 0xff, 0x0, 0x0, 0x0, 0xff, 0xff,
    0x0, 0x0, 0x0, 0xff, 0xff, 0x0, 0x0, 0x0,
    0xff, 0xff, 0xff, 0xff, 0xf6, 0xff, 0xff, 0xff,
    0xff, 0xfb, 0xff, 0xff, 0xee, 0xee, 0xe5, 0xff,
    0xff, 0x0, 0x0, 0x0, 0xff, 0xff, 0x0, 0x0,
    0x0, 0xff, 0xff, 0x0, 0x0, 0x0, 0xff, 0xff,
    0x0, 0x0, 0x0, 0xff, 0xff, 0x0, 0x0, 0x0,
    0xff, 0xff, 0x0, 0x0, 0x0, 0xff, 0xff, 0x0,
    0x0, 0x0, 0xff, 0xff, 0x0, 0x0, 0x0, 0xff,
    0xff, 0x0, 0x0, 0x0, 0xff, 0xff, 0x0, 0x0,
    0x0, 0xdf, 0xff, 0x40, 0x0, 0x0, 0x9f, 0xff,
    0xe8, 0x65, 0x40, 0x2f, 0xff, 0xff, 0xff, 0xf7,
    0x5, 0xff, 0xff, 0xff, 0xfa, 0x0, 0x18, 0xce,
    0xff, 0xe3,

    /* U+0075 "u" */
    0x8, 0xfe, 0x50, 0x0, 0x0, 0x0, 0x1b, 0xfd,
    0x31, 0xff, 0xfd, 0x0, 0x0, 0x0, 0x6, 0xff,
    0xf9, 0x1f, 0xff, 0xe0, 0x0, 0x0, 0x0, 0x6f,
    0xff, 0x91, 0xff, 0xfe, 0x0, 0x0, 0x0, 0x6,
    0xff, 0xf9, 0x1f, 0xff, 0xe0, 0x0, 0x0, 0x0,
    0x6f, 0xff, 0x91, 0xff, 0xfe, 0x0, 0x0, 0x0,
    0x6, 0xff, 0xf9, 0x1f, 0xff, 0xe0, 0x0, 0x0,
    0x0, 0x6f, 0xff, 0x91, 0xff, 0xfe, 0x0, 0x0,
    0x0, 0x6, 0xff, 0xf9, 0x1f, 0xff, 0xe0, 0x0,
    0x0, 0x0, 0x6f, 0xff, 0x91, 0xff, 0xfe, 0x0,
    0x0, 0x0, 0x6, 0xff, 0xf9, 0x1f, 0xff, 0xe0,
    0x0, 0x0, 0x0, 0x6f, 0xff, 0x90, 0xff, 0xff,
    0x0, 0x0, 0x0, 0x8, 0xff, 0xf8, 0xd, 0xff,
    0xf7, 0x0, 0x0, 0x0, 0xef, 0xff, 0x50, 0x7f,
    0xff, 0xf4, 0x0, 0x0, 0xbf, 0xff, 0xe0, 0x0,
    0xcf, 0xff, 0xfb, 0x89, 0xef, 0xff, 0xf5, 0x0,
    0x1, 0xef, 0xff, 0xff, 0xff, 0xff, 0xf8, 0x0,
    0x0, 0x1, 0xbf, 0xff, 0xff, 0xff, 0xf5, 0x0,
    0x0, 0x0, 0x0, 0x5a, 0xef, 0xfc, 0x81, 0x0,
    0x0,

    /* U+0076 "v" */
    0x19, 0xed, 0x10, 0x0, 0x0, 0x0, 0x8, 0xfb,
    0x20, 0x9f, 0xff, 0x70, 0x0, 0x0, 0x0, 0x1f,
    0xff, 0xe0, 0x6f, 0xff, 0xd0, 0x0, 0x0, 0x0,
    0x7f, 0xff, 0xc0, 0xe, 0xff, 0xf3, 0x0, 0x0,
    0x0, 0xdf, 0xff, 0x50, 0x8, 0xff, 0xfa, 0x0,
    0x0, 0x3, 0xff, 0xfe, 0x0, 0x2, 0xff, 0xff,
    0x0, 0x0, 0xa, 0xff, 0xf8, 0x0, 0x0, 0xbf,
    0xff, 0x60, 0x0, 0xf, 0xff, 0xf1, 0x0, 0x0,
    0x4f, 0xff, 0xc0, 0x0, 0x6f, 0xff, 0xa0, 0x0,
    0x0, 0xd, 0xff, 0xf3, 0x0, 0xcf, 0xff, 0x30,
    0x0, 0x0, 0x6, 0xff, 0xf9, 0x2, 0xff, 0xfc,
    0x0, 0x0, 0x0, 0x0, 0xff, 0xfe, 0x9, 0xff,
    0xf6, 0x0, 0x0, 0x0, 0x0, 0x9f, 0xff, 0x6e,
    0xff, 0xe0, 0x0, 0x0, 0x0, 0x0, 0x2f, 0xff,
    0xff, 0xff, 0x80, 0x0, 0x0, 0x0, 0x0, 0xb,
    0xff, 0xff, 0xff, 0x20, 0x0, 0x0, 0x0, 0x0,
    0x4, 0xff, 0xff, 0xfb, 0x0, 0x0, 0x0, 0x0,
    0x0, 0x0, 0xdf, 0xff, 0xf4, 0x0, 0x0, 0x0,
    0x0, 0x0, 0x0, 0x7f, 0xff, 0xd0, 0x0, 0x0,
    0x0, 0x0, 0x0, 0x0, 0xb, 0xfd, 0x40, 0x0,
    0x0, 0x0,

    /* U+0077 "w" */
    0x1a, 0xfc, 0x0, 0x0, 0x0, 0x0, 0x0, 0x0,
    0x0, 0x0, 0x1, 0xde, 0x80, 0x9f, 0xff, 0x60,
    0x0, 0x0, 0x2, 0xcb, 0x20, 0x0, 0x0, 0x7,
    0xff, 0xf7, 0x5f, 0xff, 0xc0, 0x0, 0x0, 0x9,
    0xff, 0x80, 0x0, 0x0, 0xd, 0xff, 0xf4, 0xe,
    0xff, 0xf2, 0x0, 0x0, 0xe, 0xff, 0xd0, 0x0,
    0x0, 0x3f, 0xff, 0xe0, 0x9, 0xff, 0xf8, 0x0,
    0x0, 0x3f, 0xff, 0xf2, 0x0, 0x0, 0x9f, 0xff,
    0x80, 0x2, 0xff, 0xfd, 0x0, 0x0, 0x9f, 0xff,
    0xf7, 0x0, 0x0, 0xef, 0xff, 0x20, 0x0, 0xcf,
    0xff, 0x30, 0x0, 0xef, 0xff, 0xfc, 0x0, 0x5,
    0xff, 0xfb, 0x0, 0x0, 0x6f, 0xff, 0x90, 0x3,
    0xff, 0xff, 0xff, 0x10, 0xb, 0xff, 0xf5, 0x0,
    0x0, 0xf, 0xff, 0xf0, 0x8, 0xff, 0xbc, 0xff,
    0x60, 0x1f, 0xff, 0xe0, 0x0, 0x0, 0x9, 0xff,
    0xf5, 0xd, 0xff, 0x56, 0xff, 0xb0, 0x6f, 0xff,
    0x80, 0x0, 0x0, 0x3, 0xff, 0xfb, 0x2f, 0xff,
    0x1, 0xff, 0xf0, 0xcf, 0xff, 0x20, 0x0, 0x0,
    0x0, 0xdf, 0xff, 0x8f, 0xfa, 0x0, 0xbf, 0xf7,
    0xff, 0xfc, 0x0, 0x0, 0x0, 0x0, 0x6f, 0xff,
    0xff, 0xf4, 0x0, 0x6f, 0xff, 0xff, 0xf5, 0x0,
    0x0, 0x0, 0x0, 0xf, 0xff, 0xff, 0xe0, 0x0,
    0xf, 0xff, 0xff, 0xe0, 0x0, 0x0, 0x0, 0x0,
    0xa, 0xff, 0xff, 0x90, 0x0, 0xa, 0xff, 0xff,
    0x90, 0x0, 0x0, 0x0, 0x0, 0x3, 0xff, 0xff,
    0x40, 0x0, 0x5, 0xff, 0xff, 0x20, 0x0, 0x0,
    0x0, 0x0, 0x0, 0xdf, 0xfe, 0x0, 0x0, 0x0,
    0xff, 0xfc, 0x0, 0x0, 0x0, 0x0, 0x0, 0x0,
    0x5e, 0xe6, 0x0, 0x0, 0x0, 0x7e, 0xe4, 0x0,
    0x0, 0x0,

    /* U+0078 "x" */
    0x1, 0xaf, 0x90, 0x0, 0x0, 0x0, 0x9f, 0xa1,
    0x0, 0xcf, 0xff, 0x50, 0x0, 0x0, 0x5f, 0xff,
    0xc0, 0xb, 0xff, 0xfe, 0x10, 0x0, 0x1e, 0xff,
    0xfb, 0x0, 0x1e, 0xff, 0xfa, 0x0, 0xa, 0xff,
    0xfe, 0x10, 0x0, 0x5f, 0xff, 0xf4, 0x5, 0xff,
    0xff, 0x40, 0x0, 0x0, 0x9f, 0xff, 0xe1, 0xef,
    0xff, 0x90, 0x0, 0x0, 0x0, 0xdf, 0xff, 0xef,
    0xff, 0xd0, 0x0, 0x0, 0x0, 0x3, 0xff, 0xff,
    0xff, 0xf2, 0x0, 0x0, 0x0, 0x0, 0x7, 0xff,
    0xff, 0xf7, 0x0, 0x0, 0x0, 0x0, 0x0, 0xbf,
    0xff, 0xff, 0xa0, 0x0, 0x0, 0x0, 0x0, 0x6f,
    0xff, 0xff, 0xff, 0x50, 0x0, 0x0, 0x0, 0x2f,
    0xff, 0xfc, 0xff, 0xff, 0x20, 0x0, 0x0, 0xd,
    0xff, 0xfc, 0xc, 0xff, 0xfc, 0x0, 0x0, 0x9,
    0xff, 0xff, 0x20, 0x2f, 0xff, 0xf8, 0x0, 0x4,
    0xff, 0xff, 0x60, 0x0, 0x7f, 0xff, 0xf4, 0x0,
    0xef, 0xff, 0xb0, 0x0, 0x0, 0xcf, 0xff, 0xe0,
    0x1f, 0xff, 0xf2, 0x0, 0x0, 0x2, 0xff, 0xff,
    0x0, 0x3c, 0xf5, 0x0, 0x0, 0x0, 0x6, 0xfc,
    0x20,

    /* U+0079 "y" */
    0x8, 0xed, 0x10, 0x0, 0x0, 0x0, 0xa, 0xf9,
    0x19, 0xff, 0xf7, 0x0, 0x0, 0x0, 0x3, 0xff,
    0xfb, 0x7f, 0xff, 0xd0, 0x0, 0x0, 0x0, 0x8f,
    0xff, 0xb1, 0xff, 0xff, 0x40, 0x0, 0x0, 0xe,
    0xff, 0xf4, 0x9, 0xff, 0xfa, 0x0, 0x0, 0x3,
    0xff, 0xfe, 0x0, 0x2f, 0xff, 0xf1, 0x0, 0x0,
    0x9f, 0xff, 0x80, 0x0, 0xaf, 0xff, 0x70, 0x0,
    0xe, 0xff, 0xf2, 0x0, 0x3, 0xff, 0xfd, 0x0,
    0x4, 0xff, 0xfb, 0x0, 0x0, 0xc, 0xff, 0xf4,
    0x0, 0xaf, 0xff, 0x50, 0x0, 0x0, 0x5f, 0xff,
    0xa0, 0xf, 0xff, 0xe0, 0x0, 0x0, 0x0, 0xdf,
    0xff, 0x15, 0xff, 0xf8, 0x0, 0x0, 0x0, 0x6,
    0xff, 0xf7, 0xaf, 0xff, 0x20, 0x0, 0x0, 0x0,
    0xe, 0xff, 0xef, 0xff, 0xb0, 0x0, 0x0, 0x0,
    0x0, 0x8f, 0xff, 0xff, 0xf5, 0x0, 0x0, 0x0,
    0x0, 0x1, 0xff, 0xff, 0xfe, 0x0, 0x0, 0x0,
    0x0, 0x0, 0x9, 0xff, 0xff, 0x80, 0x0, 0x0,
    0x0, 0x0, 0x0, 0x3f, 0xff, 0xf2, 0x0, 0x0,
    0x0, 0x0, 0x0, 0x5, 0xff, 0xfc, 0x0, 0x0,
    0x0, 0x0, 0x0, 0x0, 0x9f, 0xff, 0x60, 0x0,
    0x0, 0x0, 0x0, 0x0, 0x1f, 0xff, 0xf0, 0x0,
    0x0, 0x0, 0x0, 0x0, 0xb, 0xff, 0xf8, 0x0,
    0x0, 0x0, 0x0, 0x0, 0x1b, 0xff, 0xff, 0x10,
    0x0, 0x0, 0x0, 0x6, 0x9f, 0xff, 0xff, 0x80,
    0x0, 0x0, 0x0, 0x7, 0xff, 0xff, 0xff, 0xc0,
    0x0, 0x0, 0x0, 0x0, 0x9f, 0xff, 0xff, 0xb1,
    0x0, 0x0, 0x0, 0x0, 0x4, 0xef, 0xda, 0x40,
    0x0, 0x0, 0x0, 0x0, 0x0,

    /* U+007A "z" */
    0x7, 0xff, 0xff, 0xff, 0xff, 0xff, 0xff, 0x60,
    0xd, 0xff, 0xff, 0xff, 0xff, 0xff, 0xff, 0xb0,
    0x9, 0xff, 0xff, 0xff, 0xff, 0xff, 0xff, 0x70,
    0x0, 0x34, 0x44, 0x44, 0x4b, 0xff, 0xfc, 0x0,
    0x0, 0x0, 0x0, 0x0, 0x4f, 0xff, 0xf2, 0x0,
    0x0, 0x0, 0x0, 0x1, 0xef, 0xff, 0x60, 0x0,
    0x0, 0x0, 0x0, 0xa, 0xff, 0xfb, 0x0, 0x0,
    0x0, 0x0, 0x0, 0x5f, 0xff, 0xe1, 0x0, 0x0,
    0x0, 0x0, 0x1, 0xef, 0xff, 0x50, 0x0, 0x0,
    0x0, 0x0, 0xb, 0xff, 0xf9, 0x0, 0x0, 0x0,
    0x0, 0x0, 0x6f, 0xff, 0xd0, 0x0, 0x0, 0x0,
    0x0, 0x2, 0xff, 0xff, 0x30, 0x0, 0x0, 0x0,
    0x0, 0xc, 0xff, 0xf8, 0x0, 0x0, 0x0, 0x0,
    0x0, 0x8f, 0xff, 0xc0, 0x0, 0x0, 0x0, 0x0,
    0x3, 0xff, 0xff, 0x74, 0x44, 0x44, 0x44, 0x20,
    0xd, 0xff, 0xff, 0xff, 0xff, 0xff, 0xff, 0xf1,
    0x2f, 0xff, 0xff, 0xff, 0xff, 0xff, 0xff, 0xf4,
    0xc, 0xff, 0xff, 0xff, 0xff, 0xff, 0xff, 0xd0,

    /* U+007B "{" */
    0x0, 0x0, 0x0, 0x28, 0xce, 0xfa, 0x0, 0x0,
    0x0, 0x8f, 0xff, 0xff, 0xf4, 0x0, 0x0, 0xbf,
    0xff, 0xff, 0xff, 0x20, 0x0, 0xaf, 0xff, 0xff,
    0xa7, 0x40, 0x0, 0x2f, 0xff, 0xfb, 0x10, 0x0,
    0x0, 0x6, 0xff, 0xfd, 0x0, 0x0, 0x0, 0x0,
    0x6f, 0xff, 0x90, 0x0, 0x0, 0x0, 0x5, 0xff,
    0xfa, 0x0, 0x0, 0x0, 0x0, 0x3f, 0xff, 0xc0,
    0x0, 0x0, 0x0, 0x0, 0xff, 0xfe, 0x0, 0x0,
    0x0, 0x0, 0xe, 0xff, 0xf1, 0x0, 0x0, 0x0,
    0x0, 0xdf, 0xff, 0x30, 0x0, 0x0, 0x7, 0xdf,
    0xff, 0xf1, 0x0, 0x0, 0x0, 0xff, 0xff, 0xf4,
    0x0, 0x0, 0x0, 0xb, 0xff, 0xff, 0xd0, 0x0,
    0x0, 0x0, 0x3, 0xef, 0xff, 0x30, 0x0, 0x0,
    0x0, 0xd, 0xff, 0xf2, 0x0, 0x0, 0x0, 0x0,
    0xff, 0xff, 0x0, 0x0, 0x0, 0x0, 0x1f, 0xff,
    0xe0, 0x0, 0x0, 0x0, 0x3, 0xff, 0xfc, 0x0,
    0x0, 0x0, 0x0, 0x4f, 0xff, 0xa0, 0x0, 0x0,
    0x0, 0x6, 0xff, 0xf9, 0x0, 0x0, 0x0, 0x0,
    0x6f, 0xff, 0xb0, 0x0, 0x0, 0x0, 0x4, 0xff,
    0xff, 0x60, 0x0, 0x0, 0x0, 0xe, 0xff, 0xff,
    0xe9, 0x74, 0x0, 0x0, 0x3e, 0xff, 0xff, 0xff,
    0xf2, 0x0, 0x0, 0x2c, 0xff, 0xff, 0xff, 0x40,
    0x0, 0x0, 0x4, 0x9d, 0xff, 0xa0,

    /* U+007C "|" */
    0x4e, 0xfb, 0xb, 0xff, 0xf4, 0xbf, 0xff, 0x4b,
    0xff, 0xf4, 0xbf, 0xff, 0x4b, 0xff, 0xf4, 0xbf,
    0xff, 0x4b, 0xff, 0xf4, 0xbf, 0xff, 0x4b, 0xff,
    0xf4, 0xbf, 0xff, 0x4b, 0xff, 0xf4, 0xbf, 0xff,
    0x4b, 0xff, 0xf4, 0xbf, 0xff, 0x4b, 0xff, 0xf4,
    0xbf, 0xff, 0x4b, 0xff, 0xf4, 0xbf, 0xff, 0x4b,
    0xff, 0xf4, 0xbf, 0xff, 0x4b, 0xff, 0xf4, 0xbf,
    0xff, 0x4b, 0xff, 0xf4, 0xbf, 0xff, 0x4b, 0xff,
    0xf4, 0xbf, 0xff, 0x44, 0xdf, 0xa0,

    /* U+007D "}" */
    0xb, 0xfe, 0xc7, 0x10, 0x0, 0x0, 0x5, 0xff,
    0xff, 0xff, 0x70, 0x0, 0x0, 0x4f, 0xff, 0xff,
    0xff, 0xa0, 0x0, 0x0, 0x47, 0xaf, 0xff, 0xff,
    0x90, 0x0, 0x0, 0x0, 0x1b, 0xff, 0xff, 0x10,
    0x0, 0x0, 0x0, 0xe, 0xff, 0xf5, 0x0, 0x0,
    0x0, 0x0, 0xaf, 0xff, 0x50, 0x0, 0x0, 0x0,
    0xb, 0xff, 0xf4, 0x0, 0x0, 0x0, 0x0, 0xdf,
    0xff, 0x10, 0x0, 0x0, 0x0, 0xf, 0xff, 0xf0,
    0x0, 0x0, 0x0, 0x2, 0xff, 0xfd, 0x0, 0x0,
    0x0, 0x0, 0x4f, 0xff, 0xd0, 0x0, 0x0, 0x0,
    0x1, 0xff, 0xff, 0xe7, 0x0, 0x0, 0x0, 0x6,
    0xff, 0xff, 0xf0, 0x0, 0x0, 0x0, 0xef, 0xff,
    0xf9, 0x0, 0x0, 0x0, 0x4f, 0xff, 0xd1, 0x0,
    0x0, 0x0, 0x3, 0xff, 0xfc, 0x0, 0x0, 0x0,
    0x0, 0x1f, 0xff, 0xe0, 0x0, 0x0, 0x0, 0x0,
    0xff, 0xff, 0x0, 0x0, 0x0, 0x0, 0xd, 0xff,
    0xf2, 0x0, 0x0, 0x0, 0x0, 0xbf, 0xff, 0x40,
    0x0, 0x0, 0x0, 0xa, 0xff, 0xf5, 0x0, 0x0,
    0x0, 0x0, 0xcf, 0xff, 0x60, 0x0, 0x0, 0x0,
    0x7f, 0xff, 0xf4, 0x0, 0x4, 0x79, 0xef, 0xff,
    0xfd, 0x0, 0x4, 0xff, 0xff, 0xff, 0xfe, 0x20,
    0x0, 0x6f, 0xff, 0xff, 0xfc, 0x20, 0x0, 0x1,
    0xbf, 0xfd, 0x94, 0x0, 0x0, 0x0,

    /* U+007E "~" */
    0x5, 0xcf, 0xeb, 0x50, 0x0, 0x3d, 0xa4, 0xff,
    0xff, 0xff, 0xfc, 0xcf, 0xff, 0x8f, 0xfe, 0xcd,
    0xff, 0xff, 0xff, 0xb3, 0xf8, 0x0, 0x2, 0x9d,
    0xfe, 0x91,

    /* U+00A0 " " */

    /* U+00A1 "¡" */
    0x5, 0xee, 0x60, 0x1f, 0xff, 0xf2, 0x2f, 0xff,
    0xf4, 0xc, 0xff, 0xd0, 0x0, 0x66, 0x0, 0x0,
    0x0, 0x0, 0x0, 0x88, 0x10, 0x7, 0xff, 0x90,
    0x7, 0xff, 0xa0, 0x8, 0xff, 0xa0, 0x8, 0xff,
    0xa0, 0x8, 0xff, 0xa0, 0x9, 0xff, 0xb0, 0x9,
    0xff, 0xb0, 0xa, 0xff, 0xc0, 0xb, 0xff, 0xd0,
    0xb, 0xff, 0xd0, 0xc, 0xff, 0xe0, 0xc, 0xff,
    0xe0, 0xd, 0xff, 0xf0, 0xe, 0xff, 0xf0, 0xe,
    0xff, 0xf0, 0xe, 0xff, 0xf0, 0xf, 0xff, 0xf0,
    0xf, 0xff, 0xf1, 0xe, 0xff, 0xf0, 0x5, 0xee,
    0x60,

    /* U+00A2 "¢" */
    0x0, 0x0, 0x0, 0x7, 0x60, 0x0, 0x0, 0x0,
    0x0, 0x0, 0x3, 0xff, 0x20, 0x0, 0x0, 0x0,
    0x0, 0x0, 0x4f, 0xf3, 0x0, 0x0, 0x0, 0x0,
    0x0, 0x4, 0xff, 0x30, 0x0, 0x0, 0x0, 0x0,
    0x0, 0x5f, 0xf4, 0x0, 0x0, 0x0, 0x0, 0x29,
    0xef, 0xff, 0xfe, 0x93, 0x0, 0x0, 0x7f, 0xff,
    0xff, 0xff, 0xff, 0xf7, 0x0, 0x5f, 0xff, 0xff,
    0xff, 0xff, 0xff, 0xe0, 0xe, 0xff, 0xfc, 0x8f,
    0xf7, 0x8f, 0xf9, 0x6, 0xff, 0xfa, 0x4, 0xff,
    0x30, 0x14, 0x0, 0xaf, 0xff, 0x10, 0x4f, 0xf3,
    0x0, 0x0, 0xc, 0xff, 0xd0, 0x4, 0xff, 0x30,
    0x0, 0x0, 0xdf, 0xfb, 0x0, 0x4f, 0xf3, 0x0,
    0x0, 0xc, 0xff, 0xc0, 0x4, 0xff, 0x30, 0x0,
    0x0, 0xbf, 0xfe, 0x0, 0x4f, 0xf3, 0x0, 0x0,
    0x7, 0xff, 0xf6, 0x4, 0xff, 0x30, 0x2, 0x0,
    0x1f, 0xff, 0xf7, 0x5f, 0xf4, 0x4d, 0xf9, 0x0,
    0x8f, 0xff, 0xff, 0xff, 0xff, 0xff, 0xf0, 0x0,
    0xbf, 0xff, 0xff, 0xff, 0xff, 0xfa, 0x0, 0x0,
    0x6d, 0xff, 0xff, 0xff, 0xd6, 0x0, 0x0, 0x0,
    0x2, 0x8f, 0xf7, 0x10, 0x0, 0x0, 0x0, 0x0,
    0x4, 0xff, 0x30, 0x0, 0x0, 0x0, 0x0, 0x0,
    0x4f, 0xf3, 0x0, 0x0, 0x0, 0x0, 0x0, 0x4,
    0xff, 0x30, 0x0, 0x0, 0x0, 0x0, 0x0, 0x1d,
    0xc0, 0x0, 0x0, 0x0,

    /* U+00A3 "£" */
    0x0, 0x0, 0x0, 0x0, 0x0, 0x0, 0x5a, 0xdf,
    0xfd, 0x10, 0x0, 0x0, 0x0, 0x0, 0x5, 0xef,
    0xff, 0xff, 0xf6, 0x0, 0x0, 0x0, 0x0, 0x9,
    0xff, 0xff, 0xff, 0xff, 0x40, 0x0, 0x0, 0x0,
    0xa, 0xff, 0xff, 0xe9, 0x87, 0x50, 0x0, 0x0,
    0x0, 0x5, 0xff, 0xff, 0x70, 0x0, 0x0, 0x0,
    0x0, 0x0, 0x0, 0xdf, 0xff, 0x70, 0x0, 0x0,
    0x0, 0x0, 0x0, 0x0, 0x2f, 0xff, 0xe0, 0x0,
    0x0, 0x0, 0x0, 0x0, 0x0, 0x5, 0xff, 0xfb,
    0x0, 0x0, 0x0, 0x0, 0x0, 0x0, 0x0, 0x7f,
    0xff, 0x80, 0x0, 0x0, 0x0, 0x0, 0x0, 0x0,
    0xa, 0xff, 0xf5, 0x0, 0x0, 0x0, 0x0, 0x0,
    0x0, 0x0, 0xcf, 0xff, 0x30, 0x0, 0x0, 0x0,
    0x0, 0x7, 0xff, 0xff, 0xff, 0xff, 0xff, 0xff,
    0xb0, 0x0, 0x0, 0xcf, 0xff, 0xff, 0xff, 0xff,
    0xff, 0xff, 0x10, 0x0, 0x8, 0xff, 0xff, 0xff,
    0xff, 0xff, 0xff, 0xc0, 0x0, 0x0, 0x0, 0x6,
    0xff, 0xf9, 0x0, 0x0, 0x0, 0x0, 0x0, 0x0,
    0x0, 0x8f, 0xff, 0x70, 0x0, 0x0, 0x0, 0x0,
    0x0, 0x0, 0xb, 0xff, 0xf4, 0x0, 0x0, 0x0,
    0x0, 0x0, 0x0, 0x0, 0xdf, 0xff, 0x20, 0x0,
    0x0, 0x0, 0x0, 0x0, 0x0, 0xf, 0xff, 0xf0,
    0x0, 0x0, 0x0, 0x0, 0x0, 0x0, 0x1, 0xff,
    0xfe, 0x0, 0x0, 0x0, 0x0, 0x0, 0x0, 0x0,
    0x3f, 0xff, 0xb0, 0x0, 0x0, 0x0, 0x0, 0x0,
    0x0, 0x6, 0xff, 0xf9, 0x0, 0x0, 0x0, 0x0,
    0x0, 0x0, 0x0, 0x8f, 0xff, 0x70, 0x0, 0x0,
    0x0, 0x0, 0x0, 0x0, 0xa, 0xff, 0xf4, 0x0,
    0x0, 0x0, 0x0, 0x0, 0x4, 0x88, 0xef, 0xff,
    0xa8, 0x88, 0x88, 0x88, 0x86, 0x0, 0xff, 0xff,
    0xff, 0xff, 0xff, 0xff, 0xff, 0xff, 0xf5, 0x1f,
    0xff, 0xff, 0xff, 0xff, 0xff, 0xff, 0xff, 0xff,
    0x60, 0xbf, 0xff, 0xff, 0xff, 0xff, 0xff, 0xff,
    0xff, 0xe1,

    /* U+00A4 "¤" */
    0x0, 0x0, 0x3, 0x54, 0x10, 0x0, 0x0, 0xac,
    0x17, 0xef, 0xff, 0xfc, 0x37, 0xe3, 0x9f, 0xff,
    0xff, 0xff, 0xff, 0xff, 0xe1, 0xd, 0xff, 0xb3,
    0x1, 0x6e, 0xff, 0x50, 0x4f, 0xf9, 0x0, 0x0,
    0x2, 0xef, 0xc0, 0xaf, 0xd0, 0x0, 0x0, 0x0,
    0x5f, 0xf3, 0xef, 0x80, 0x0, 0x0, 0x0, 0xf,
    0xf7, 0xef, 0x70, 0x0, 0x0, 0x0, 0xe, 0xf8,
    0xdf, 0xa0, 0x0, 0x0, 0x0, 0x1f, 0xf6, 0x8f,
    0xf2, 0x0, 0x0, 0x0, 0x8f, 0xf1, 0x1f, 0xfd,
    0x20, 0x0, 0x6, 0xff, 0x90, 0x2e, 0xff, 0xf9,
    0x67, 0xcf, 0xff, 0x70, 0xef, 0xaf, 0xff, 0xff,
    0xff, 0xce, 0xf4, 0x65, 0x1, 0x8d, 0xff, 0xb5,
    0x2, 0x81,

    /* U+00A5 "¥" */
    0x5, 0xde, 0x30, 0x0, 0x0, 0x0, 0x0, 0x0,
    0x7f, 0xb2, 0xf, 0xff, 0xc0, 0x0, 0x0, 0x0,
    0x0, 0x3, 0xff, 0xfa, 0xa, 0xff, 0xf6, 0x0,
    0x0, 0x0, 0x0, 0xc, 0xff, 0xf4, 0x1, 0xff,
    0xfe, 0x0, 0x0, 0x0, 0x0, 0x5f, 0xff, 0xa0,
    0x0, 0x6f, 0xff, 0x80, 0x0, 0x0, 0x0, 0xef,
    0xfe, 0x10, 0x0, 0xc, 0xff, 0xf2, 0x0, 0x0,
    0x8, 0xff, 0xf6, 0x0, 0x0, 0x3, 0xff, 0xfa,
    0x0, 0x0, 0x2f, 0xff, 0xb0, 0x0, 0x0, 0x0,
    0x8f, 0xff, 0x40, 0x0, 0xbf, 0xff, 0x20, 0x0,
    0x0, 0x0, 0xe, 0xff, 0xd0, 0x4, 0xff, 0xf7,
    0x0, 0x0, 0x0, 0x0, 0x4, 0xff, 0xf6, 0xd,
    0xff, 0xc0, 0x0, 0x0, 0x0, 0x0, 0x0, 0xaf,
    0xfe, 0x8f, 0xff, 0x30, 0x0, 0x0, 0x0, 0x0,
    0x0, 0x1f, 0xff, 0xff, 0xf8, 0x0, 0x0, 0x0,
    0x0, 0x5, 0xde, 0xef, 0xff, 0xff, 0xfe, 0xee,
    0xc1, 0x0, 0x0, 0xc, 0xff, 0xff, 0xff, 0xff,
    0xff, 0xff, 0xf7, 0x0, 0x0, 0x7, 0xff, 0xff,
    0xff, 0xff, 0xff, 0xff, 0xe2, 0x0, 0x0, 0x0,
    0x0, 0x0, 0xcf, 0xff, 0x30, 0x0, 0x0, 0x0,
    0x0, 0x0, 0x0, 0x0, 0xcf, 0xff, 0x30, 0x0,
    0x0, 0x0, 0x0, 0x0, 0x0, 0x0, 0xcf, 0xff,
    0x30, 0x0, 0x0, 0x0, 0x0, 0x7, 0xff, 0xff,
    0xff, 0xff, 0xff, 0xff, 0xe2, 0x0, 0x0, 0xc,
    0xff, 0xff, 0xff, 0xff, 0xff, 0xff, 0xf7, 0x0,
    0x0, 0x6, 0xde, 0xee, 0xff, 0xff, 0xee, 0xee,
    0xc2, 0x0, 0x0, 0x0, 0x0, 0x0, 0xcf, 0xff,
    0x30, 0x0, 0x0, 0x0, 0x0, 0x0, 0x0, 0x0,
    0xcf, 0xff, 0x30, 0x0, 0x0, 0x0, 0x0, 0x0,
    0x0, 0x0, 0xcf, 0xff, 0x30, 0x0, 0x0, 0x0,
    0x0, 0x0, 0x0, 0x0, 0xcf, 0xff, 0x30, 0x0,
    0x0, 0x0, 0x0, 0x0, 0x0, 0x0, 0xbf, 0xff,
    0x30, 0x0, 0x0, 0x0, 0x0, 0x0, 0x0, 0x0,
    0x5e, 0xfa, 0x0, 0x0, 0x0, 0x0,

    /* U+00A6 "¦" */
    0x4d, 0xfb, 0xb, 0xff, 0xf4, 0xbf, 0xff, 0x5b,
    0xff, 0xf5, 0xbf, 0xff, 0x5b, 0xff, 0xf5, 0xbf,
    0xff, 0x5b, 0xff, 0xf5, 0xbf, 0xff, 0x5b, 0xff,
    0xf5, 0xbf, 0xff, 0x57, 0xff, 0xe1, 0x2, 0x40,
    0x0, 0x0, 0x0, 0x0, 0x0, 0x0, 0x24, 0x0,
    0x7f, 0xfe, 0x2b, 0xff, 0xf4, 0xbf, 0xff, 0x5b,
    0xff, 0xf5, 0xbf, 0xff, 0x5b, 0xff, 0xf5, 0xbf,
    0xff, 0x5b, 0xff, 0xf5, 0xbf, 0xff, 0x5b, 0xff,
    0xf5, 0xbf, 0xff, 0x44, 0xdf, 0xa0,

    /* U+00A7 "§" */
    0x0, 0x0, 0x39, 0xdf, 0xfd, 0x93, 0x0, 0x0,
    0x0, 0x8, 0xff, 0xff, 0xff, 0xff, 0x80, 0x0,
    0x0, 0x8f, 0xff, 0xff, 0xff, 0xff, 0xf7, 0x0,
    0x3, 0xff, 0xff, 0xa6, 0x47, 0xff, 0xff, 0x10,
    0x9, 0xff, 0xf6, 0x0, 0x0, 0x3f, 0xff, 0x60,
    0xd, 0xff, 0xe0, 0x0, 0x0, 0xd, 0xff, 0x90,
    0xf, 0xff, 0xb0, 0x0, 0x0, 0xa, 0xff, 0x90,
    0xf, 0xff, 0xc0, 0x0, 0x0, 0x3, 0xbb, 0x30,
    0x1f, 0xff, 0xf3, 0x0, 0x0, 0x0, 0x0, 0x0,
    0x1f, 0xff, 0xff, 0x60, 0x0, 0x0, 0x0, 0x0,
    0x1f, 0xff, 0xff, 0xfd, 0x71, 0x0, 0x0, 0x0,
    0xf, 0xff, 0xef, 0xff, 0xff, 0x92, 0x0, 0x0,
    0xf, 0xff, 0x56, 0xef, 0xff, 0xff, 0x80, 0x0,
    0xe, 0xff, 0x70, 0x4, 0xaf, 0xff, 0xfa, 0x0,
    0xa, 0xff, 0xc0, 0x0, 0x2, 0xbf, 0xff, 0x70,
    0x3, 0xff, 0xfa, 0x0, 0x0, 0xb, 0xff, 0xe0,
    0x0, 0x8f, 0xff, 0xe8, 0x10, 0x3, 0xff, 0xf3,
    0x0, 0x7, 0xff, 0xff, 0xfa, 0x40, 0xff, 0xf4,
    0x0, 0x0, 0x2a, 0xff, 0xff, 0xfa, 0xff, 0xf5,
    0x0, 0x0, 0x0, 0x17, 0xef, 0xff, 0xff, 0xf6,
    0x0, 0x0, 0x0, 0x0, 0x6, 0xff, 0xff, 0xf6,
    0x0, 0x0, 0x0, 0x0, 0x0, 0x4f, 0xff, 0xf6,
    0xa, 0xd9, 0x0, 0x0, 0x0, 0xc, 0xff, 0xf5,
    0x4f, 0xff, 0x20, 0x0, 0x0, 0xb, 0xff, 0xf4,
    0x3f, 0xff, 0x50, 0x0, 0x0, 0xe, 0xff, 0xf2,
    0xf, 0xff, 0xc0, 0x0, 0x0, 0x7f, 0xff, 0xe0,
    0x9, 0xff, 0xfd, 0x75, 0x7b, 0xff, 0xff, 0x70,
    0x0, 0xdf, 0xff, 0xff, 0xff, 0xff, 0xfc, 0x0,
    0x0, 0x1c, 0xff, 0xff, 0xff, 0xff, 0xa0, 0x0,
    0x0, 0x0, 0x4a, 0xdf, 0xfd, 0x93, 0x0, 0x0,

    /* U+00A8 "¨" */
    0x16, 0x30, 0x0, 0x55, 0xc, 0xff, 0x30, 0x7f,
    0xf8, 0xef, 0xf6, 0xa, 0xff, 0xa6, 0xfc, 0x0,
    0x2d, 0xe3,

    /* U+00A9 "©" */
    0x0, 0x0, 0x0, 0x0, 0x0, 0x0, 0x0, 0x0,
    0x0, 0x0, 0x0, 0x0, 0x0, 0x0, 0x0, 0x0,
    0x5a, 0xef, 0xff, 0xd9, 0x40, 0x0, 0x0, 0x0,
    0x0, 0x0, 0x0, 0x6e, 0xff, 0xff, 0xff, 0xff,
    0xfd, 0x40, 0x0, 0x0, 0x0, 0x0, 0x1c, 0xff,
    0xb6, 0x20, 0x1, 0x37, 0xdf, 0xf9, 0x0, 0x0,
    0x0, 0x2, 0xef, 0xd3, 0x0, 0x0, 0x0, 0x0,
    0x6, 0xff, 0xb0, 0x0, 0x0, 0x1d, 0xfb, 0x10,
    0x2, 0xae, 0xfd, 0x91, 0x0, 0x3e, 0xfa, 0x0,
    0x0, 0x9f, 0xd0, 0x0, 0x2e, 0xff, 0xff, 0xfd,
    0x10, 0x3, 0xff, 0x40, 0x2, 0xff, 0x30, 0x0,
    0xaf, 0xf5, 0x26, 0xff, 0x80, 0x0, 0x8f, 0xd0,
    0x9, 0xfa, 0x0, 0x0, 0xef, 0x90, 0x0, 0xbf,
    0xb0, 0x0, 0xf, 0xf4, 0xe, 0xf3, 0x0, 0x0,
    0xff, 0x60, 0x0, 0x7f, 0xa0, 0x0, 0xa, 0xf8,
    0x2f, 0xf0, 0x0, 0x0, 0xff, 0x60, 0x0, 0x0,
    0x0, 0x0, 0x5, 0xfc, 0x4f, 0xd0, 0x0, 0x0,
    0xff, 0x60, 0x0, 0x0, 0x0, 0x0, 0x3, 0xfe,
    0x5f, 0xb0, 0x0, 0x0, 0xff, 0x60, 0x0, 0x0,
    0x0, 0x0, 0x2, 0xff, 0x5f, 0xb0, 0x0, 0x0,
    0xff, 0x60, 0x0, 0x0, 0x0, 0x0, 0x2, 0xff,
    0x4f, 0xc0, 0x0, 0x0, 0xff, 0x60, 0x0, 0x2,
    0x0, 0x0, 0x3, 0xfd, 0x2f, 0xf0, 0x0, 0x0,
    0xff, 0x60, 0x0, 0x9f, 0xa0, 0x0, 0x6, 0xfb,
    0xe, 0xf3, 0x0, 0x0, 0xef, 0x90, 0x0, 0xcf,
    0xb0, 0x0, 0xa, 0xf8, 0xa, 0xf9, 0x0, 0x0,
    0xaf, 0xf5, 0x26, 0xff, 0x70, 0x0, 0x1f, 0xf3,
    0x3, 0xff, 0x20, 0x0, 0x2f, 0xff, 0xff, 0xfd,
    0x0, 0x0, 0xaf, 0xb0, 0x0, 0xaf, 0xd0, 0x0,
    0x2, 0xae, 0xfd, 0x80, 0x0, 0x5, 0xff, 0x20,
    0x0, 0x1e, 0xfb, 0x0, 0x0, 0x0, 0x0, 0x0,
    0x0, 0x5f, 0xf7, 0x0, 0x0, 0x2, 0xef, 0xd2,
    0x0, 0x0, 0x0, 0x0, 0x8, 0xff, 0x80, 0x0,
    0x0, 0x0, 0x2d, 0xff, 0xb6, 0x31, 0x12, 0x49,
    0xef, 0xf6, 0x0, 0x0, 0x0, 0x0, 0x0, 0x7e,
    0xff, 0xff, 0xff, 0xff, 0xfa, 0x20, 0x0, 0x0,
    0x0, 0x0, 0x0, 0x0, 0x5a, 0xdf, 0xfe, 0xb7,
    0x20, 0x0, 0x0, 0x0,

    /* U+00AA "ª" */
    0x3, 0xad, 0xfe, 0xb4, 0x0, 0x1f, 0xff, 0xff,
    0xff, 0x70, 0xe, 0xd7, 0x58, 0xff, 0xf2, 0x0,
    0x0, 0x0, 0x6f, 0xf8, 0x0, 0x0, 0x0, 0x1f,
    0xfb, 0x0, 0x4, 0x68, 0x8f, 0xfb, 0x9, 0xff,
    0xff, 0xff, 0xfc, 0x8f, 0xf9, 0x20, 0xf, 0xfc,
    0xdf, 0xf0, 0x0, 0x2f, 0xfc, 0xdf, 0xf1, 0x1,
    0xcf, 0xfc, 0xaf, 0xfe, 0xbe, 0xff, 0xfc, 0x2e,
    0xff, 0xfe, 0x3d, 0xfb, 0x1, 0x67, 0x50, 0x3,
    0x72,

    /* U+00AB "«" */
    0x0, 0x3, 0xee, 0x60, 0x0, 0x4, 0xed, 0x40,
    0x0, 0xc, 0xff, 0xf4, 0x0, 0xd, 0xff, 0xf2,
    0x0, 0x4f, 0xff, 0xf4, 0x0, 0x6f, 0xff, 0xf2,
    0x0, 0xdf, 0xff, 0xb0, 0x0, 0xef, 0xff, 0x90,
    0x6, 0xff, 0xff, 0x20, 0x8, 0xff, 0xff, 0x10,
    0xe, 0xff, 0xfa, 0x0, 0x1f, 0xff, 0xf7, 0x0,
    0x7f, 0xff, 0xf1, 0x0, 0x9f, 0xff, 0xe0, 0x0,
    0xdf, 0xff, 0x90, 0x0, 0xff, 0xff, 0x70, 0x0,
    0x9f, 0xff, 0xe0, 0x0, 0xbf, 0xff, 0xd0, 0x0,
    0x1f, 0xff, 0xf8, 0x0, 0x2f, 0xff, 0xf6, 0x0,
    0x7, 0xff, 0xff, 0x10, 0x9, 0xff, 0xfe, 0x0,
    0x0, 0xef, 0xff, 0x90, 0x1, 0xff, 0xff, 0x70,
    0x0, 0x6f, 0xff, 0xf2, 0x0, 0x8f, 0xff, 0xf1,
    0x0, 0xd, 0xff, 0xf5, 0x0, 0xe, 0xff, 0xf3,
    0x0, 0x4, 0xff, 0xa0, 0x0, 0x6, 0xff, 0x80,
    0x0, 0x0, 0x11, 0x0, 0x0, 0x0, 0x21, 0x0,

    /* U+00AC "¬" */
    0x3, 0x55, 0x55, 0x55, 0x55, 0x55, 0x55, 0x40,
    0x3f, 0xff, 0xff, 0xff, 0xff, 0xff, 0xff, 0xf6,
    0x6f, 0xff, 0xff, 0xff, 0xff, 0xff, 0xff, 0xfa,
    0x2e, 0xff, 0xff, 0xff, 0xff, 0xff, 0xff, 0xfb,
    0x0, 0x0, 0x0, 0x0, 0x0, 0x5, 0xff, 0xfb,
    0x0, 0x0, 0x0, 0x0, 0x0, 0x5, 0xff, 0xfb,
    0x0, 0x0, 0x0, 0x0, 0x0, 0x5, 0xff, 0xfb,
    0x0, 0x0, 0x0, 0x0, 0x0, 0x4, 0xff, 0xfa,
    0x0, 0x0, 0x0, 0x0, 0x0, 0x0, 0xbf, 0xd3,

    /* U+00AD "­" */
    0x3, 0x55, 0x55, 0x55, 0x55, 0x55, 0x55, 0x20,
    0x4f, 0xff, 0xff, 0xff, 0xff, 0xff, 0xff, 0xf1,
    0x7f, 0xff, 0xff, 0xff, 0xff, 0xff, 0xff, 0xf4,
    0x2e, 0xff, 0xff, 0xff, 0xff, 0xff, 0xff, 0xc0,

    /* U+00AE "®" */
    0x0, 0x0, 0x0, 0x0, 0x0, 0x0, 0x0, 0x0,
    0x0, 0x0, 0x0, 0x0, 0x0, 0x0, 0x0, 0x0,
    0x5a, 0xef, 0xff, 0xd9, 0x40, 0x0, 0x0, 0x0,
    0x0, 0x0, 0x0, 0x6e, 0xff, 0xff, 0xff, 0xff,
    0xfd, 0x40, 0x0, 0x0, 0x0, 0x0, 0x1c, 0xff,
    0xb6, 0x20, 0x1, 0x37, 0xdf, 0xf9, 0x0, 0x0,
    0x0, 0x2, 0xef, 0xd3, 0x0, 0x0, 0x0, 0x0,
    0x6, 0xff, 0xb0, 0x0, 0x0, 0x1d, 0xfb, 0x10,
    0x0, 0x0, 0x0, 0x0, 0x0, 0x3e, 0xfa, 0x0,
    0x0, 0x9f, 0xd0, 0x0, 0x6f, 0xff, 0xfe, 0xb4,
    0x0, 0x3, 0xff, 0x40, 0x2, 0xff, 0x30, 0x0,
    0x9f, 0xff, 0xff, 0xff, 0x60, 0x0, 0x8f, 0xd0,
    0x9, 0xfa, 0x0, 0x0, 0x9f, 0xa0, 0x2, 0xcf,
    0xd0, 0x0, 0xf, 0xf4, 0xe, 0xf3, 0x0, 0x0,
    0x9f, 0xa0, 0x0, 0x4f, 0xf0, 0x0, 0xa, 0xf8,
    0x2f, 0xf0, 0x0, 0x0, 0x9f, 0xa0, 0x0, 0x4f,
    0xf0, 0x0, 0x5, 0xfc, 0x4f, 0xd0, 0x0, 0x0,
    0x9f, 0xa0, 0x2, 0xbf, 0xb0, 0x0, 0x3, 0xfe,
    0x5f, 0xb0, 0x0, 0x0, 0x9f, 0xff, 0xff, 0xff,
    0x30, 0x0, 0x2, 0xff, 0x5f, 0xb0, 0x0, 0x0,
    0x9f, 0xfe, 0xff, 0xc1, 0x0, 0x0, 0x2, 0xff,
    0x4f, 0xc0, 0x0, 0x0, 0x9f, 0xa0, 0x4f, 0xf1,
    0x0, 0x0, 0x3, 0xfd, 0x2f, 0xf0, 0x0, 0x0,
    0x9f, 0xa0, 0xd, 0xf8, 0x0, 0x0, 0x6, 0xfb,
    0xe, 0xf3, 0x0, 0x0, 0x9f, 0xa0, 0x5, 0xff,
    0x10, 0x0, 0xa, 0xf8, 0xa, 0xf9, 0x0, 0x0,
    0x9f, 0xa0, 0x0, 0xdf, 0x80, 0x0, 0x1f, 0xf3,
    0x3, 0xff, 0x20, 0x0, 0x9f, 0xa0, 0x0, 0x5f,
    0xe0, 0x0, 0xaf, 0xb0, 0x0, 0xaf, 0xd0, 0x0,
    0x4b, 0x50, 0x0, 0x9, 0x60, 0x5, 0xff, 0x20,
    0x0, 0x1e, 0xfb, 0x0, 0x0, 0x0, 0x0, 0x0,
    0x0, 0x5f, 0xf7, 0x0, 0x0, 0x2, 0xef, 0xd2,
    0x0, 0x0, 0x0, 0x0, 0x8, 0xff, 0x80, 0x0,
    0x0, 0x0, 0x2d, 0xff, 0xb6, 0x31, 0x12, 0x49,
    0xef, 0xf6, 0x0, 0x0, 0x0, 0x0, 0x0, 0x7e,
    0xff, 0xff, 0xff, 0xff, 0xfa, 0x20, 0x0, 0x0,
    0x0, 0x0, 0x0, 0x0, 0x5a, 0xdf, 0xfe, 0xb7,
    0x20, 0x0, 0x0, 0x0,

    /* U+00AF "¯" */
    0x5b, 0xbb, 0xbb, 0xbb, 0xb9, 0x1f, 0xff, 0xff,
    0xff, 0xff, 0xf8, 0xaf, 0xff, 0xff, 0xff, 0xfe,
    0x30,

    /* U+00B0 "°" */
    0x0, 0x0, 0x0, 0x35, 0x41, 0x0, 0x0, 0x0,
    0x0, 0x7, 0xef, 0xff, 0xfa, 0x20, 0x0, 0x0,
    0x1c, 0xff, 0xff, 0xff, 0xff, 0x40, 0x0, 0xb,
    0xff, 0xa3, 0x1, 0x7f, 0xff, 0x20, 0x5, 0xff,
    0x70, 0x0, 0x0, 0x2f, 0xfb, 0x0, 0xcf, 0xc0,
    0x0, 0x0, 0x0, 0x6f, 0xf2, 0xf, 0xf7, 0x0,
    0x0, 0x0, 0x0, 0xff, 0x50, 0xff, 0x60, 0x0,
    0x0, 0x0, 0xf, 0xf6, 0xe, 0xf8, 0x0, 0x0,
    0x0, 0x2, 0xff, 0x40, 0x9f, 0xe1, 0x0, 0x0,
    0x0, 0x9f, 0xe0, 0x2, 0xff, 0xc1, 0x0, 0x0,
    0x7f, 0xf8, 0x0, 0x6, 0xff, 0xe9, 0x67, 0xcf,
    0xfc, 0x0, 0x0, 0x6, 0xff, 0xff, 0xff, 0xfb,
    0x0, 0x0, 0x0, 0x2, 0x9d, 0xfe, 0xb4, 0x0,
    0x0,

    /* U+00B1 "±" */
    0x0, 0x0, 0x0, 0x1, 0x10, 0x0, 0x0, 0x0,
    0x0, 0x0, 0x0, 0x6f, 0xf6, 0x0, 0x0, 0x0,
    0x0, 0x0, 0x0, 0xaf, 0xfb, 0x0, 0x0, 0x0,
    0x0, 0x0, 0x0, 0xaf, 0xfb, 0x0, 0x0, 0x0,
    0x0, 0x0, 0x0, 0xaf, 0xfb, 0x0, 0x0, 0x0,
    0x0, 0x0, 0x0, 0xaf, 0xfb, 0x0, 0x0, 0x0,
    0x1d, 0xff, 0xff, 0xff, 0xff, 0xff, 0xff, 0xd1,
    0x5f, 0xff, 0xff, 0xff, 0xff, 0xff, 0xff, 0xf6,
    0x3f, 0xff, 0xff, 0xff, 0xff, 0xff, 0xff, 0xf3,
    0x2, 0x44, 0x44, 0xcf, 0xfc, 0x44, 0x44, 0x20,
    0x0, 0x0, 0x0, 0xaf, 0xfb, 0x0, 0x0, 0x0,
    0x0, 0x0, 0x0, 0xaf, 0xfb, 0x0, 0x0, 0x0,
    0x0, 0x0, 0x0, 0xaf, 0xfb, 0x0, 0x0, 0x0,
    0x0, 0x0, 0x0, 0xaf, 0xfb, 0x0, 0x0, 0x0,
    0x0, 0x0, 0x0, 0x4e, 0xe5, 0x0, 0x0, 0x0,
    0x0, 0x0, 0x0, 0x0, 0x0, 0x0, 0x0, 0x0,
    0x3, 0x55, 0x55, 0x55, 0x55, 0x55, 0x55, 0x30,
    0x3f, 0xff, 0xff, 0xff, 0xff, 0xff, 0xff, 0xf3,
    0x5f, 0xff, 0xff, 0xff, 0xff, 0xff, 0xff, 0xf6,
    0x1d, 0xff, 0xff, 0xff, 0xff, 0xff, 0xff, 0xd1,

    /* U+00B2 "²" */
    0x0, 0x6, 0xcf, 0xfc, 0x60, 0x0, 0xb, 0xff,
    0xff, 0xff, 0xb0, 0x6, 0xff, 0xe9, 0x9e, 0xff,
    0x70, 0xaf, 0xf3, 0x0, 0x2f, 0xfc, 0x9, 0xfe,
    0x0, 0x0, 0xef, 0xd0, 0x3, 0x10, 0x0, 0x5f,
    0xfa, 0x0, 0x0, 0x0, 0x5f, 0xff, 0x20, 0x0,
    0x0, 0x9f, 0xff, 0x50, 0x0, 0x3, 0xdf, 0xfd,
    0x30, 0x0, 0x6, 0xff, 0xf8, 0x0, 0x0, 0x5,
    0xff, 0xd3, 0x0, 0x0, 0x0, 0xdf, 0xf1, 0x0,
    0x0, 0x0, 0xf, 0xfe, 0x77, 0x77, 0x77, 0x30,
    0xff, 0xff, 0xff, 0xff, 0xfe, 0xb, 0xff, 0xff,
    0xff, 0xff, 0xb0,

    /* U+00B3 "³" */
    0x0, 0x18, 0xdf, 0xfd, 0x81, 0x0, 0x1, 0xdf,
    0xff, 0xff, 0xfe, 0x10, 0x8, 0xff, 0xb6, 0x6c,
    0xff, 0x70, 0xc, 0xff, 0x0, 0x1, 0xff, 0x90,
    0x5, 0xa6, 0x0, 0x0, 0xff, 0x80, 0x0, 0x0,
    0x0, 0x18, 0xff, 0x30, 0x0, 0x0, 0xb, 0xff,
    0xf8, 0x0, 0x0, 0x0, 0xd, 0xff, 0xfb, 0x10,
    0x0, 0x0, 0x1, 0x38, 0xff, 0xc0, 0x0, 0x0,
    0x0, 0x0, 0xaf, 0xf1, 0xb, 0xc4, 0x0, 0x0,
    0x9f, 0xf2, 0x1f, 0xfb, 0x0, 0x0, 0xcf, 0xf1,
    0xc, 0xff, 0xb7, 0x7b, 0xff, 0xc0, 0x3, 0xff,
    0xff, 0xff, 0xfe, 0x30, 0x0, 0x19, 0xdf, 0xfd,
    0x81, 0x0,

    /* U+00B4 "´" */
    0x0, 0x1, 0x8e, 0x80, 0x18, 0xff, 0xfe, 0x6f,
    0xff, 0xff, 0x7f, 0xff, 0xf8, 0x10, 0x8e, 0x81,
    0x0, 0x0,

    /* U+00B5 "µ" */
    0x3d, 0xfa, 0x0, 0x0, 0x0, 0x0, 0x7e, 0xe7,
    0xaf, 0xff, 0x50, 0x0, 0x0, 0x0, 0xff, 0xff,
    0xaf, 0xff, 0x50, 0x0, 0x0, 0x0, 0xff, 0xff,
    0xaf, 0xff, 0x50, 0x0, 0x0, 0x0, 0xff, 0xff,
    0xaf, 0xff, 0x50, 0x0, 0x0, 0x0, 0xff, 0xff,
    0xaf, 0xff, 0x50, 0x0, 0x0, 0x0, 0xff, 0xff,
    0xaf, 0xff, 0x50, 0x0, 0x0, 0x0, 0xff, 0xff,
    0xaf, 0xff, 0x50, 0x0, 0x0, 0x0, 0xff, 0xff,
    0xaf, 0xff, 0x50, 0x0, 0x0, 0x0, 0xff, 0xff,
    0xaf, 0xff, 0x50, 0x0, 0x0, 0x0, 0xff, 0xff,
    0xaf, 0xff, 0x50, 0x0, 0x0, 0x0, 0xff, 0xff,
    0xaf, 0xff, 0x70, 0x0, 0x0, 0x2, 0xff, 0xfe,
    0xaf, 0xff, 0xd0, 0x0, 0x0, 0x9, 0xff, 0xfb,
    0xaf, 0xff, 0xfb, 0x0, 0x0, 0x6f, 0xff, 0xf5,
    0xaf, 0xff, 0xff, 0xe9, 0x8c, 0xff, 0xff, 0xb0,
    0xaf, 0xff, 0xff, 0xff, 0xff, 0xff, 0xfd, 0x10,
    0xaf, 0xfe, 0xbf, 0xff, 0xff, 0xff, 0xb1, 0x0,
    0xaf, 0xfe, 0x5, 0xbe, 0xfd, 0xa3, 0x0, 0x0,
    0xaf, 0xfe, 0x0, 0x0, 0x0, 0x0, 0x0, 0x0,
    0xaf, 0xfe, 0x0, 0x0, 0x0, 0x0, 0x0, 0x0,
    0xaf, 0xfe, 0x0, 0x0, 0x0, 0x0, 0x0, 0x0,
    0xaf, 0xfe, 0x0, 0x0, 0x0, 0x0, 0x0, 0x0,
    0xaf, 0xfe, 0x0, 0x0, 0x0, 0x0, 0x0, 0x0,
    0xaf, 0xfe, 0x0, 0x0, 0x0, 0x0, 0x0, 0x0,
    0xaf, 0xfe, 0x0, 0x0, 0x0, 0x0, 0x0, 0x0,
    0x3d, 0xf7, 0x0, 0x0, 0x0, 0x0, 0x0, 0x0,

    /* U+00B6 "¶" */
    0x0, 0x1, 0x7c, 0xef, 0xff, 0xff, 0xff, 0xff,
    0xc0, 0x0, 0x6f, 0xff, 0xff, 0xff, 0xff, 0xff,
    0xff, 0xf2, 0x5, 0xff, 0xff, 0xff, 0xff, 0xf6,
    0x0, 0x8f, 0xf2, 0x1f, 0xff, 0xff, 0xff, 0xff,
    0xf6, 0x0, 0x8f, 0xf2, 0x7f, 0xff, 0xff, 0xff,
    0xff, 0xf6, 0x0, 0x8f, 0xf2, 0xbf, 0xff, 0xff,
    0xff, 0xff, 0xf6, 0x0, 0x8f, 0xf2, 0xdf, 0xff,
    0xff, 0xff, 0xff, 0xf6, 0x0, 0x8f, 0xf2, 0xef,
    0xff, 0xff, 0xff, 0xff, 0xf6, 0x0, 0x8f, 0xf2,
    0xdf, 0xff, 0xff, 0xff, 0xff, 0xf6, 0x0, 0x8f,
    0xf2, 0xcf, 0xff, 0xff, 0xff, 0xff, 0xf6, 0x0,
    0x8f, 0xf2, 0xaf, 0xff, 0xff, 0xff, 0xff, 0xf6,
    0x0, 0x8f, 0xf2, 0x5f, 0xff, 0xff, 0xff, 0xff,
    0xf6, 0x0, 0x8f, 0xf2, 0xd, 0xff, 0xff, 0xff,
    0xff, 0xf6, 0x0, 0x8f, 0xf2, 0x2, 0xff, 0xff,
    0xff, 0xff, 0xf6, 0x0, 0x8f, 0xf2, 0x0, 0x2c,
    0xff, 0xff, 0xff, 0xf6, 0x0, 0x8f, 0xf2, 0x0,
    0x0, 0x27, 0x9b, 0xcf, 0xf6, 0x0, 0x8f, 0xf2,
    0x0, 0x0, 0x0, 0x0, 0x5f, 0xf6, 0x0, 0x8f,
    0xf2, 0x0, 0x0, 0x0, 0x0, 0x5f, 0xf6, 0x0,
    0x8f, 0xf2, 0x0, 0x0, 0x0, 0x0, 0x5f, 0xf6,
    0x0, 0x8f, 0xf2, 0x0, 0x0, 0x0, 0x0, 0x5f,
    0xf6, 0x0, 0x8f, 0xf2, 0x0, 0x0, 0x0, 0x0,
    0x5f, 0xf6, 0x0, 0x8f, 0xf2, 0x0, 0x0, 0x0,
    0x0, 0x5f, 0xf6, 0x0, 0x8f, 0xf2, 0x0, 0x0,
    0x0, 0x0, 0x5f, 0xf6, 0x0, 0x8f, 0xf2, 0x0,
    0x0, 0x0, 0x0, 0x5f, 0xf6, 0x0, 0x8f, 0xf2,
    0x0, 0x0, 0x0, 0x0, 0x5f, 0xf6, 0x0, 0x8f,
    0xf2, 0x0, 0x0, 0x0, 0x0, 0x4f, 0xf6, 0x0,
    0x8f, 0xf2, 0x0, 0x0, 0x0, 0x0, 0x1d, 0xe2,
    0x0, 0x4e, 0xc0,

    /* U+00B7 "·" */
    0x0, 0x31, 0x0, 0x1d, 0xff, 0x70, 0x8f, 0xff,
    0xf0, 0x6f, 0xff, 0xe0, 0x9, 0xfd, 0x40,

    /* U+00B8 "¸" */
    0x0, 0x86, 0x0, 0x0, 0x4f, 0x90, 0x0, 0x9,
    0xf5, 0x0, 0x0, 0xdf, 0xfd, 0x70, 0x4, 0x58,
    0xef, 0x70, 0x0, 0x4, 0xfc, 0x42, 0x0, 0x6f,
    0xce, 0xfd, 0xdf, 0xf5, 0x7c, 0xff, 0xc5, 0x0,

    /* U+00B9 "¹" */
    0x0, 0x3d, 0xd2, 0x7, 0xff, 0xf4, 0x7f, 0xff,
    0xf4, 0x6f, 0xcf, 0xf4, 0x0, 0x7f, 0xf4, 0x0,
    0x7f, 0xf4, 0x0, 0x7f, 0xf4, 0x0, 0x7f, 0xf4,
    0x0, 0x7f, 0xf4, 0x0, 0x7f, 0xf4, 0x0, 0x7f,
    0xf4, 0x0, 0x7f, 0xf4, 0x0, 0x7f, 0xf4, 0x0,
    0x7f, 0xf4, 0x0, 0x4e, 0xd2,

    /* U+00BA "º" */
    0x0, 0x29, 0xef, 0xd8, 0x10, 0x0, 0x4f, 0xff,
    0xff, 0xfe, 0x20, 0x2f, 0xff, 0xb8, 0xdf, 0xfd,
    0x9, 0xff, 0x80, 0x0, 0xbf, 0xf5, 0xcf, 0xf1,
    0x0, 0x4, 0xff, 0x9d, 0xff, 0x0, 0x0, 0x3f,
    0xfa, 0xdf, 0xf0, 0x0, 0x3, 0xff, 0xac, 0xff,
    0x10, 0x0, 0x4f, 0xf8, 0x8f, 0xf8, 0x0, 0xb,
    0xff, 0x51, 0xff, 0xfb, 0x8c, 0xff, 0xd0, 0x4,
    0xff, 0xff, 0xff, 0xd2, 0x0, 0x2, 0x9e, 0xfd,
    0x80, 0x0,

    /* U+00BB "»" */
    0x9, 0xfc, 0x0, 0x0, 0x1a, 0xfb, 0x0, 0x0,
    0x8f, 0xff, 0x80, 0x0, 0xaf, 0xff, 0x50, 0x0,
    0x7f, 0xff, 0xf1, 0x0, 0x9f, 0xff, 0xd0, 0x0,
    0xe, 0xff, 0xf9, 0x0, 0x1f, 0xff, 0xf6, 0x0,
    0x6, 0xff, 0xff, 0x20, 0x8, 0xff, 0xfe, 0x0,
    0x0, 0xdf, 0xff, 0xb0, 0x1, 0xff, 0xff, 0x80,
    0x0, 0x5f, 0xff, 0xf3, 0x0, 0x7f, 0xff, 0xf1,
    0x0, 0xd, 0xff, 0xf9, 0x0, 0xf, 0xff, 0xf7,
    0x0, 0x3f, 0xff, 0xf5, 0x0, 0x5f, 0xff, 0xf3,
    0x0, 0xbf, 0xff, 0xc0, 0x0, 0xef, 0xff, 0x90,
    0x4, 0xff, 0xff, 0x30, 0x7, 0xff, 0xff, 0x10,
    0xd, 0xff, 0xfb, 0x0, 0x1e, 0xff, 0xf8, 0x0,
    0x6f, 0xff, 0xf2, 0x0, 0x8f, 0xff, 0xe0, 0x0,
    0x9f, 0xff, 0x90, 0x0, 0xbf, 0xff, 0x70, 0x0,
    0x1c, 0xfe, 0x10, 0x0, 0x2d, 0xfd, 0x0, 0x0,
    0x0, 0x21, 0x0, 0x0, 0x0, 0x20, 0x0, 0x0,

    /* U+00BC "¼" */
    0x0, 0x0, 0x0, 0x0, 0x0, 0x0, 0x0, 0x0,
    0xce, 0x30, 0x0, 0x0, 0x0, 0x0, 0x89, 0x0,
    0x0, 0x0, 0x0, 0x0, 0x7f, 0xf9, 0x0, 0x0,
    0x0, 0x3, 0xdf, 0xf4, 0x0, 0x0, 0x0, 0x0,
    0xe, 0xff, 0x40, 0x0, 0x0, 0x5, 0xff, 0xff,
    0x40, 0x0, 0x0, 0x0, 0x8, 0xff, 0xc0, 0x0,
    0x0, 0x0, 0x8f, 0xdf, 0xf4, 0x0, 0x0, 0x0,
    0x1, 0xff, 0xf4, 0x0, 0x0, 0x0, 0x0, 0x27,
    0xff, 0x40, 0x0, 0x0, 0x0, 0x8f, 0xfc, 0x0,
    0x0, 0x0, 0x0, 0x0, 0x7f, 0xf4, 0x0, 0x0,
    0x0, 0x1f, 0xff, 0x40, 0x0, 0x0, 0x0, 0x0,
    0x7, 0xff, 0x40, 0x0, 0x0, 0x8, 0xff, 0xc0,
    0x0, 0x0, 0x0, 0x0, 0x0, 0x7f, 0xf4, 0x0,
    0x0, 0x1, 0xff, 0xf4, 0x0, 0x0, 0x0, 0x0,
    0x0, 0x7, 0xff, 0x40, 0x0, 0x0, 0x8f, 0xfc,
    0x0, 0x0, 0x0, 0x0, 0x0, 0x0, 0x7f, 0xf4,
    0x0, 0x0, 0x1f, 0xff, 0x40, 0x0, 0x0, 0x0,
    0x0, 0x0, 0x7, 0xff, 0x40, 0x0, 0x8, 0xff,
    0xb0, 0x0, 0x0, 0x0, 0x0, 0x0, 0x0, 0x7f,
    0xf4, 0x0, 0x1, 0xff, 0xf3, 0x0, 0x0, 0x0,
    0x0, 0x0, 0x0, 0x7, 0xff, 0x40, 0x0, 0x8f,
    0xfb, 0x0, 0x0, 0x0, 0x0, 0x0, 0x0, 0x0,
    0x7f, 0xf4, 0x0, 0x1f, 0xff, 0x30, 0x0, 0x0,
    0x8, 0xd4, 0x0, 0x0, 0x4, 0xed, 0x20, 0x9,
    0xff, 0xb0, 0x0, 0x0, 0x4, 0xff, 0x80, 0x0,
    0x0, 0x0, 0x0, 0x1, 0xff, 0xf3, 0x0, 0x0,
    0x0, 0xdf, 0xe1, 0x0, 0x0, 0x0, 0x0, 0x0,
    0x9f, 0xfb, 0x0, 0x0, 0x0, 0x5f, 0xf7, 0x0,
    0x0, 0x0, 0x0, 0x0, 0x1f, 0xff, 0x30, 0x0,
    0x0, 0xe, 0xfe, 0x0, 0x0, 0x0, 0x0, 0x0,
    0x9, 0xff, 0xb0, 0x0, 0x0, 0x7, 0xff, 0x50,
    0x0, 0x0, 0x0, 0x0, 0x1, 0xff, 0xf3, 0x0,
    0x0, 0x1, 0xef, 0xd0, 0x47, 0x20, 0x0, 0x0,
    0x0, 0x9f, 0xfb, 0x0, 0x0, 0x0, 0x8f, 0xf4,
    0xf, 0xfb, 0x0, 0x0, 0x0, 0x1f, 0xff, 0x30,
    0x0, 0x0, 0x1f, 0xfc, 0x0, 0xff, 0xb0, 0x0,
    0x0, 0x9, 0xff, 0xb0, 0x0, 0x0, 0x9, 0xff,
    0xa8, 0x8f, 0xfd, 0x82, 0x0, 0x2, 0xff, 0xf3,
    0x0, 0x0, 0x2, 0xff, 0xff, 0xff, 0xff, 0xff,
    0x90, 0x0, 0x9f, 0xfb, 0x0, 0x0, 0x0, 0x2e,
    0xff, 0xff, 0xff, 0xff, 0xf6, 0x0, 0x2f, 0xff,
    0x30, 0x0, 0x0, 0x0, 0x0, 0x0, 0x0, 0xff,
    0xb0, 0x0, 0xa, 0xff, 0xb0, 0x0, 0x0, 0x0,
    0x0, 0x0, 0x0, 0xf, 0xfb, 0x0, 0x1, 0xff,
    0xf3, 0x0, 0x0, 0x0, 0x0, 0x0, 0x0, 0x0,
    0xcf, 0x80, 0x0, 0xf, 0xfb, 0x0, 0x0, 0x0,
    0x0, 0x0, 0x0, 0x0, 0x0, 0x0, 0x0, 0x0,
    0x36, 0x10, 0x0, 0x0, 0x0, 0x0, 0x0, 0x0,
    0x0, 0x0, 0x0, 0x0,

    /* U+00BD "½" */
    0x0, 0x0, 0x0, 0x0, 0x0, 0x0, 0x0, 0x0,
    0xce, 0x30, 0x0, 0x0, 0x0, 0x0, 0x89, 0x0,
    0x0, 0x0, 0x0, 0x0, 0x7f, 0xf9, 0x0, 0x0,
    0x0, 0x2, 0xdf, 0xf4, 0x0, 0x0, 0x0, 0x0,
    0xe, 0xff, 0x40, 0x0, 0x0, 0x4, 0xff, 0xff,
    0x40, 0x0, 0x0, 0x0, 0x8, 0xff, 0xc0, 0x0,
    0x0, 0x0, 0x8f, 0xef, 0xf4, 0x0, 0x0, 0x0,
    0x1, 0xff, 0xf4, 0x0, 0x0, 0x0, 0x1, 0x57,
    0xff, 0x40, 0x0, 0x0, 0x0, 0x8f, 0xfc, 0x0,
    0x0, 0x0, 0x0, 0x0, 0x7f, 0xf4, 0x0, 0x0,
    0x0, 0x1f, 0xff, 0x40, 0x0, 0x0, 0x0, 0x0,
    0x7, 0xff, 0x40, 0x0, 0x0, 0x8, 0xff, 0xc0,
    0x0, 0x0, 0x0, 0x0, 0x0, 0x7f, 0xf4, 0x0,
    0x0, 0x1, 0xff, 0xf4, 0x0, 0x0, 0x0, 0x0,
    0x0, 0x7, 0xff, 0x40, 0x0, 0x0, 0x8f, 0xfc,
    0x0, 0x0, 0x0, 0x0, 0x0, 0x0, 0x7f, 0xf4,
    0x0, 0x0, 0x1f, 0xff, 0x40, 0x0, 0x0, 0x0,
    0x0, 0x0, 0x7, 0xff, 0x40, 0x0, 0x8, 0xff,
    0xb0, 0x0, 0x0, 0x0, 0x0, 0x0, 0x0, 0x7f,
    0xf4, 0x0, 0x1, 0xff, 0xf3, 0x0, 0x0, 0x0,
    0x0, 0x0, 0x0, 0x7, 0xff, 0x40, 0x0, 0x8f,
    0xfb, 0x0, 0x0, 0x0, 0x0, 0x0, 0x0, 0x0,
    0x7f, 0xf4, 0x0, 0x1f, 0xff, 0x30, 0x0, 0x2,
    0x67, 0x51, 0x0, 0x0, 0x4, 0xed, 0x20, 0x9,
    0xff, 0xb0, 0x0, 0x1b, 0xff, 0xff, 0xf9, 0x0,
    0x0, 0x0, 0x0, 0x1, 0xff, 0xf3, 0x0, 0xd,
    0xff, 0xff, 0xff, 0xfa, 0x0, 0x0, 0x0, 0x0,
    0x9f, 0xfb, 0x0, 0x3, 0xff, 0xd2, 0x3, 0xef,
    0xf2, 0x0, 0x0, 0x0, 0x1f, 0xff, 0x30, 0x0,
    0x3f, 0xf6, 0x0, 0x7, 0xff, 0x40, 0x0, 0x0,
    0x9, 0xff, 0xb0, 0x0, 0x0, 0x44, 0x0, 0x0,
    0xaf, 0xf2, 0x0, 0x0, 0x1, 0xff, 0xf3, 0x0,
    0x0, 0x0, 0x0, 0x0, 0x7f, 0xfb, 0x0, 0x0,
    0x0, 0x9f, 0xfb, 0x0, 0x0, 0x0, 0x0, 0x1,
    0xbf, 0xfd, 0x10, 0x0, 0x0, 0x1f, 0xff, 0x30,
    0x0, 0x0, 0x0, 0x5, 0xef, 0xfa, 0x0, 0x0,
    0x0, 0x9, 0xff, 0xb0, 0x0, 0x0, 0x0, 0xa,
    0xff, 0xe4, 0x0, 0x0, 0x0, 0x2, 0xff, 0xf3,
    0x0, 0x0, 0x0, 0xc, 0xff, 0x90, 0x0, 0x0,
    0x0, 0x0, 0x9f, 0xfb, 0x0, 0x0, 0x0, 0x6,
    0xff, 0x80, 0x0, 0x0, 0x0, 0x0, 0x2f, 0xff,
    0x30, 0x0, 0x0, 0x0, 0x8f, 0xf9, 0x66, 0x66,
    0x65, 0x0, 0xa, 0xff, 0xb0, 0x0, 0x0, 0x0,
    0x9, 0xff, 0xff, 0xff, 0xff, 0xf5, 0x1, 0xff,
    0xf3, 0x0, 0x0, 0x0, 0x0, 0x5e, 0xff, 0xff,
    0xff, 0xff, 0x20, 0xf, 0xfb, 0x0, 0x0, 0x0,
    0x0, 0x0, 0x0, 0x0, 0x0, 0x0, 0x0, 0x0,
    0x36, 0x10, 0x0, 0x0, 0x0, 0x0, 0x0, 0x0,
    0x0, 0x0, 0x0, 0x0,

    /* U+00BE "¾" */
    0x0, 0x0, 0x0, 0x0, 0x0, 0x0, 0x0, 0x0,
    0x0, 0x0, 0x8, 0xf8, 0x0, 0x0, 0x0, 0x0,
    0x0, 0x24, 0x42, 0x0, 0x0, 0x0, 0x0, 0x0,
    0x0, 0x2f, 0xff, 0x0, 0x0, 0x0, 0x0, 0x4d,
    0xff, 0xff, 0xd5, 0x0, 0x0, 0x0, 0x0, 0x0,
    0xaf, 0xfa, 0x0, 0x0, 0x0, 0x3, 0xff, 0xff,
    0xff, 0xff, 0x30, 0x0, 0x0, 0x0, 0x2, 0xff,
    0xf2, 0x0, 0x0, 0x0, 0xa, 0xff, 0x60, 0x18,
    0xff, 0x80, 0x0, 0x0, 0x0, 0xa, 0xff, 0xa0,
    0x0, 0x0, 0x0, 0xb, 0xfe, 0x0, 0x0, 0xff,
    0x90, 0x0, 0x0, 0x0, 0x2f, 0xff, 0x20, 0x0,
    0x0, 0x0, 0x3, 0x73, 0x0, 0x1, 0xff, 0x80,
    0x0, 0x0, 0x0, 0xaf, 0xf9, 0x0, 0x0, 0x0,
    0x0, 0x0, 0x0, 0x0, 0x3a, 0xff, 0x20, 0x0,
    0x0, 0x2, 0xff, 0xf2, 0x0, 0x0, 0x0, 0x0,
    0x0, 0x0, 0xd, 0xff, 0xf6, 0x0, 0x0, 0x0,
    0xa, 0xff, 0x90, 0x0, 0x0, 0x0, 0x0, 0x0,
    0x0, 0xb, 0xff, 0xfd, 0x30, 0x0, 0x0, 0x2f,
    0xff, 0x20, 0x0, 0x0, 0x0, 0x0, 0x0, 0x0,
    0x0, 0x4, 0xef, 0xd0, 0x0, 0x0, 0xaf, 0xf9,
    0x0, 0x0, 0x0, 0x0, 0x0, 0x1, 0x20, 0x0,
    0x0, 0x9f, 0xf2, 0x0, 0x3, 0xff, 0xf2, 0x0,
    0x0, 0x0, 0x0, 0x0, 0x1f, 0xf8, 0x0, 0x0,
    0xaf, 0xf2, 0x0, 0xb, 0xff, 0x90, 0x0, 0x0,
    0x0, 0x0, 0x0, 0xf, 0xfe, 0x40, 0x4, 0xff,
    0xf0, 0x0, 0x3f, 0xff, 0x10, 0x0, 0x0, 0x0,
    0x0, 0x0, 0x8, 0xff, 0xff, 0xff, 0xff, 0x80,
    0x0, 0xbf, 0xf9, 0x0, 0x0, 0x0, 0x29, 0x40,
    0x0, 0x0, 0x8f, 0xff, 0xff, 0xe7, 0x0, 0x3,
    0xff, 0xf1, 0x0, 0x0, 0x0, 0xdf, 0xe0, 0x0,
    0x0, 0x0, 0x45, 0x53, 0x0, 0x0, 0xb, 0xff,
    0x90, 0x0, 0x0, 0x6, 0xff, 0x70, 0x0, 0x0,
    0x0, 0x0, 0x0, 0x0, 0x0, 0x3f, 0xff, 0x10,
    0x0, 0x0, 0xe, 0xfd, 0x0, 0x0, 0x0, 0x0,
    0x0, 0x0, 0x0, 0x0, 0xbf, 0xf9, 0x0, 0x0,
    0x0, 0x7f, 0xf5, 0x0, 0x0, 0x0, 0x0, 0x0,
    0x0, 0x0, 0x3, 0xff, 0xf1, 0x0, 0x0, 0x1,
    0xff, 0xc0, 0x0, 0x0, 0x0, 0x0, 0x0, 0x0,
    0x0, 0xb, 0xff, 0x90, 0x0, 0x0, 0x9, 0xff,
    0x32, 0x74, 0x0, 0x0, 0x0, 0x0, 0x0, 0x0,
    0x3f, 0xff, 0x10, 0x0, 0x0, 0x2f, 0xfa, 0xa,
    0xff, 0x0, 0x0, 0x0, 0x0, 0x0, 0x0, 0xbf,
    0xf9, 0x0, 0x0, 0x0, 0xbf, 0xf1, 0xb, 0xff,
    0x0, 0x0, 0x0, 0x0, 0x0, 0x3, 0xff, 0xf1,
    0x0, 0x0, 0x4, 0xff, 0xd8, 0x8d, 0xff, 0x84,
    0x0, 0x0, 0x0, 0x0, 0xc, 0xff, 0x90, 0x0,
    0x0, 0xc, 0xff, 0xff, 0xff, 0xff, 0xfe, 0x0,
    0x0, 0x0, 0x0, 0x4f, 0xff, 0x10, 0x0, 0x0,
    0xc, 0xff, 0xff, 0xff, 0xff, 0xfb, 0x0, 0x0,
    0x0, 0x0, 0xcf, 0xf9, 0x0, 0x0, 0x0, 0x0,
    0x0, 0x0, 0xb, 0xff, 0x0, 0x0, 0x0, 0x0,
    0x4, 0xff, 0xf1, 0x0, 0x0, 0x0, 0x0, 0x0,
    0x0, 0xb, 0xff, 0x0, 0x0, 0x0, 0x0, 0xb,
    0xff, 0x90, 0x0, 0x0, 0x0, 0x0, 0x0, 0x0,
    0x7, 0xfc, 0x0, 0x0, 0x0, 0x0, 0xa, 0xff,
    0x10, 0x0, 0x0, 0x0, 0x0, 0x0, 0x0, 0x0,
    0x0, 0x0, 0x0, 0x0, 0x0, 0x1, 0x73, 0x0,
    0x0, 0x0, 0x0, 0x0, 0x0, 0x0, 0x0, 0x0,
    0x0,

    /* U+00BF "¿" */
    0x0, 0x0, 0x0, 0x5e, 0xe6, 0x0, 0x0, 0x0,
    0x0, 0x0, 0x1f, 0xff, 0xf1, 0x0, 0x0, 0x0,
    0x0, 0x2, 0xff, 0xff, 0x30, 0x0, 0x0, 0x0,
    0x0, 0xc, 0xff, 0xc0, 0x0, 0x0, 0x0, 0x0,
    0x0, 0x6, 0x60, 0x0, 0x0, 0x0, 0x0, 0x0,
    0x0, 0x0, 0x0, 0x0, 0x0, 0x0, 0x0, 0x0,
    0x0, 0x0, 0x0, 0x0, 0x0, 0x0, 0x0, 0x3,
    0xcc, 0x20, 0x0, 0x0, 0x0, 0x0, 0x0, 0x8f,
    0xf7, 0x0, 0x0, 0x0, 0x0, 0x0, 0x8, 0xff,
    0x70, 0x0, 0x0, 0x0, 0x0, 0x0, 0xaf, 0xf6,
    0x0, 0x0, 0x0, 0x0, 0x0, 0xe, 0xff, 0x40,
    0x0, 0x0, 0x0, 0x0, 0x7, 0xff, 0xf0, 0x0,
    0x0, 0x0, 0x0, 0x6, 0xff, 0xf7, 0x0, 0x0,
    0x0, 0x0, 0x8, 0xff, 0xfa, 0x0, 0x0, 0x0,
    0x0, 0x8, 0xff, 0xf9, 0x0, 0x0, 0x0, 0x0,
    0x6, 0xff, 0xf7, 0x0, 0x0, 0x0, 0x0, 0x1,
    0xff, 0xf8, 0x0, 0x0, 0x0, 0x0, 0x0, 0x7f,
    0xfd, 0x0, 0x0, 0x0, 0x0, 0x0, 0xc, 0xff,
    0x90, 0x0, 0x0, 0x0, 0x0, 0x0, 0xdf, 0xf7,
    0x0, 0x0, 0x0, 0x0, 0x0, 0xc, 0xff, 0xa0,
    0x0, 0x0, 0x0, 0x3, 0x0, 0x9f, 0xff, 0x20,
    0x0, 0x0, 0x9, 0xfe, 0x13, 0xff, 0xff, 0x83,
    0x11, 0x4b, 0xff, 0xf2, 0x8, 0xff, 0xff, 0xff,
    0xff, 0xff, 0xfb, 0x0, 0x7, 0xff, 0xff, 0xff,
    0xff, 0xfa, 0x0, 0x0, 0x2, 0x7c, 0xef, 0xed,
    0x93, 0x0, 0x0,

    /* U+00C0 "À" */
    0x0, 0x0, 0x0, 0x1d, 0xc4, 0x0, 0x0, 0x0,
    0x0, 0x0, 0x0, 0x0, 0x0, 0x5, 0xff, 0xfc,
    0x40, 0x0, 0x0, 0x0, 0x0, 0x0, 0x0, 0x0,
    0x1b, 0xff, 0xff, 0xc2, 0x0, 0x0, 0x0, 0x0,
    0x0, 0x0, 0x0, 0x3, 0xbf, 0xff, 0x80, 0x0,
    0x0, 0x0, 0x0, 0x0, 0x0, 0x0, 0x0, 0x3b,
    0xe2, 0x0, 0x0, 0x0, 0x0, 0x0, 0x0, 0x0,
    0x0, 0x0, 0x0, 0x0, 0x0, 0x0, 0x0, 0x0,
    0x0, 0x0, 0x0, 0x0, 0x0, 0x0, 0x0, 0x0,
    0x0, 0x0, 0x0, 0x0, 0x0, 0x0, 0x0, 0x0,
    0x0, 0x0, 0x0, 0x0, 0x0, 0x0, 0x0, 0x0,
    0x0, 0x0, 0x0, 0x0, 0x0, 0x0, 0x0, 0x0,
    0x0, 0x0, 0x4, 0xcf, 0xe7, 0x0, 0x0, 0x0,
    0x0, 0x0, 0x0, 0x0, 0x0, 0xef, 0xff, 0xf4,
    0x0, 0x0, 0x0, 0x0, 0x0, 0x0, 0x0, 0x4f,
    0xff, 0xff, 0x90, 0x0, 0x0, 0x0, 0x0, 0x0,
    0x0, 0x9, 0xff, 0xff, 0xfe, 0x0, 0x0, 0x0,
    0x0, 0x0, 0x0, 0x0, 0xef, 0xff, 0xff, 0xf3,
    0x0, 0x0, 0x0, 0x0, 0x0, 0x0, 0x3f, 0xff,
    0xdf, 0xff, 0x80, 0x0, 0x0, 0x0, 0x0, 0x0,
    0x8, 0xff, 0xf4, 0xff, 0xfd, 0x0, 0x0, 0x0,
    0x0, 0x0, 0x0, 0xdf, 0xff, 0xb, 0xff, 0xf2,
    0x0, 0x0, 0x0, 0x0, 0x0, 0x3f, 0xff, 0xa0,
    0x6f, 0xff, 0x70, 0x0, 0x0, 0x0, 0x0, 0x8,
    0xff, 0xf5, 0x1, 0xff, 0xfd, 0x0, 0x0, 0x0,
    0x0, 0x0, 0xdf, 0xff, 0x10, 0xc, 0xff, 0xf2,
    0x0, 0x0, 0x0, 0x0, 0x2f, 0xff, 0xc0, 0x0,
    0x7f, 0xff, 0x70, 0x0, 0x0, 0x0, 0x7, 0xff,
    0xf7, 0x0, 0x2, 0xff, 0xfc, 0x0, 0x0, 0x0,
    0x0, 0xcf, 0xff, 0x20, 0x0, 0xd, 0xff, 0xf1,
    0x0, 0x0, 0x0, 0x1f, 0xff, 0xd0, 0x0, 0x0,
    0x9f, 0xff, 0x60, 0x0, 0x0, 0x6, 0xff, 0xf8,
    0x0, 0x0, 0x4, 0xff, 0xfb, 0x0, 0x0, 0x0,
    0xbf, 0xff, 0x30, 0x0, 0x0, 0xf, 0xff, 0xf0,
    0x0, 0x0, 0x1f, 0xff, 0xf3, 0x33, 0x33, 0x33,
    0xbf, 0xff, 0x50, 0x0, 0x6, 0xff, 0xff, 0xff,
    0xff, 0xff, 0xff, 0xff, 0xfa, 0x0, 0x0, 0xbf,
    0xff, 0xff, 0xff, 0xff, 0xff, 0xff, 0xff, 0xf0,
    0x0, 0xf, 0xff, 0xff, 0xff, 0xff, 0xff, 0xff,
    0xff, 0xff, 0x40, 0x5, 0xff, 0xfd, 0x0, 0x0,
    0x0, 0x0, 0x7, 0xff, 0xf9, 0x0, 0xaf, 0xff,
    0x80, 0x0, 0x0, 0x0, 0x0, 0x3f, 0xff, 0xe0,
    0xf, 0xff, 0xf3, 0x0, 0x0, 0x0, 0x0, 0x0,
    0xef, 0xff, 0x44, 0xff, 0xfe, 0x0, 0x0, 0x0,
    0x0, 0x0, 0x9, 0xff, 0xf9, 0x6f, 0xff, 0x90,
    0x0, 0x0, 0x0, 0x0, 0x0, 0x4f, 0xff, 0xb0,
    0x9e, 0xe3, 0x0, 0x0, 0x0, 0x0, 0x0, 0x0,
    0xcf, 0xb2,

    /* U+00C1 "Á" */
    0x0, 0x0, 0x0, 0x0, 0x0, 0x1, 0x8f, 0x70,
    0x0, 0x0, 0x0, 0x0, 0x0, 0x0, 0x0, 0x18,
    0xff, 0xfe, 0x0, 0x0, 0x0, 0x0, 0x0, 0x0,
    0x0, 0x7f, 0xff, 0xff, 0x60, 0x0, 0x0, 0x0,
    0x0, 0x0, 0x0, 0xf, 0xff, 0xf8, 0x10, 0x0,
    0x0, 0x0, 0x0, 0x0, 0x0, 0x0, 0x9e, 0x81,
    0x0, 0x0, 0x0, 0x0, 0x0, 0x0, 0x0, 0x0,
    0x0, 0x0, 0x0, 0x0, 0x0, 0x0, 0x0, 0x0,
    0x0, 0x0, 0x0, 0x0, 0x0, 0x0, 0x0, 0x0,
    0x0, 0x0, 0x0, 0x0, 0x0, 0x0, 0x0, 0x0,
    0x0, 0x0, 0x0, 0x0, 0x0, 0x0, 0x0, 0x0,
    0x0, 0x0, 0x0, 0x0, 0x0, 0x0, 0x0, 0x0,
    0x0, 0x0, 0x4, 0xcf, 0xe7, 0x0, 0x0, 0x0,
    0x0, 0x0, 0x0, 0x0, 0x0, 0xef, 0xff, 0xf4,
    0x0, 0x0, 0x0, 0x0, 0x0, 0x0, 0x0, 0x4f,
    0xff, 0xff, 0x90, 0x0, 0x0, 0x0, 0x0, 0x0,
    0x0, 0x9, 0xff, 0xff, 0xfe, 0x0, 0x0, 0x0,
    0x0, 0x0, 0x0, 0x0, 0xef, 0xff, 0xff, 0xf3,
    0x0, 0x0, 0x0, 0x0, 0x0, 0x0, 0x3f, 0xff,
    0xdf, 0xff, 0x80, 0x0, 0x0, 0x0, 0x0, 0x0,
    0x8, 0xff, 0xf4, 0xff, 0xfd, 0x0, 0x0, 0x0,
    0x0, 0x0, 0x0, 0xdf, 0xff, 0xb, 0xff, 0xf2,
    0x0, 0x0, 0x0, 0x0, 0x0, 0x3f, 0xff, 0xa0,
    0x6f, 0xff, 0x70, 0x0, 0x0, 0x0, 0x0, 0x8,
    0xff, 0xf5, 0x1, 0xff, 0xfd, 0x0, 0x0, 0x0,
    0x0, 0x0, 0xdf, 0xff, 0x10, 0xc, 0xff, 0xf2,
    0x0, 0x0, 0x0, 0x0, 0x2f, 0xff, 0xc0, 0x0,
    0x7f, 0xff, 0x70, 0x0, 0x0, 0x0, 0x7, 0xff,
    0xf7, 0x0, 0x2, 0xff, 0xfc, 0x0, 0x0, 0x0,
    0x0, 0xcf, 0xff, 0x20, 0x0, 0xd, 0xff, 0xf1,
    0x0, 0x0, 0x0, 0x1f, 0xff, 0xd0, 0x0, 0x0,
    0x9f, 0xff, 0x60, 0x0, 0x0, 0x6, 0xff, 0xf8,
    0x0, 0x0, 0x4, 0xff, 0xfb, 0x0, 0x0, 0x0,
    0xbf, 0xff, 0x30, 0x0, 0x0, 0xf, 0xff, 0xf0,
    0x0, 0x0, 0x1f, 0xff, 0xf3, 0x33, 0x33, 0x33,
    0xbf, 0xff, 0x50, 0x0, 0x6, 0xff, 0xff, 0xff,
    0xff, 0xff, 0xff, 0xff, 0xfa, 0x0, 0x0, 0xbf,
    0xff, 0xff, 0xff, 0xff, 0xff, 0xff, 0xff, 0xf0,
    0x0, 0xf, 0xff, 0xff, 0xff, 0xff, 0xff, 0xff,
    0xff, 0xff, 0x40, 0x5, 0xff, 0xfd, 0x0, 0x0,
    0x0, 0x0, 0x7, 0xff, 0xf9, 0x0, 0xaf, 0xff,
    0x80, 0x0, 0x0, 0x0, 0x0, 0x3f, 0xff, 0xe0,
    0xf, 0xff, 0xf3, 0x0, 0x0, 0x0, 0x0, 0x0,
    0xef, 0xff, 0x44, 0xff, 0xfe, 0x0, 0x0, 0x0,
    0x0, 0x0, 0x9, 0xff, 0xf9, 0x6f, 0xff, 0x90,
    0x0, 0x0, 0x0, 0x0, 0x0, 0x4f, 0xff, 0xb0,
    0x9e, 0xe3, 0x0, 0x0, 0x0, 0x0, 0x0, 0x0,
    0xcf, 0xb2,

    /* U+00C2 "Â" */
    0x0, 0x0, 0x0, 0x0, 0x8, 0xeb, 0x20, 0x0,
    0x0, 0x0, 0x0, 0x0, 0x0, 0x0, 0x6e, 0xff,
    0xff, 0x91, 0x0, 0x0, 0x0, 0x0, 0x0, 0x2,
    0xdf, 0xff, 0xdf, 0xff, 0xf6, 0x0, 0x0, 0x0,
    0x0, 0x0, 0x8f, 0xfd, 0x50, 0x2b, 0xff, 0xe0,
    0x0, 0x0, 0x0, 0x0, 0x5, 0xe7, 0x0, 0x0,
    0x4, 0xca, 0x0, 0x0, 0x0, 0x0, 0x0, 0x0,
    0x0, 0x0, 0x0, 0x0, 0x0, 0x0, 0x0, 0x0,
    0x0, 0x0, 0x0, 0x0, 0x0, 0x0, 0x0, 0x0,
    0x0, 0x0, 0x0, 0x0, 0x0, 0x0, 0x0, 0x0,
    0x0, 0x0, 0x0, 0x0, 0x0, 0x0, 0x0, 0x0,
    0x0, 0x0, 0x0, 0x0, 0x0, 0x0, 0x0, 0x0,
    0x0, 0x0, 0x4, 0xcf, 0xe7, 0x0, 0x0, 0x0,
    0x0, 0x0, 0x0, 0x0, 0x0, 0xef, 0xff, 0xf4,
    0x0, 0x0, 0x0, 0x0, 0x0, 0x0, 0x0, 0x4f,
    0xff, 0xff, 0x90, 0x0, 0x0, 0x0, 0x0, 0x0,
    0x0, 0x9, 0xff, 0xff, 0xfe, 0x0, 0x0, 0x0,
    0x0, 0x0, 0x0, 0x0, 0xef, 0xff, 0xff, 0xf3,
    0x0, 0x0, 0x0, 0x0, 0x0, 0x0, 0x3f, 0xff,
    0xdf, 0xff, 0x80, 0x0, 0x0, 0x0, 0x0, 0x0,
    0x8, 0xff, 0xf4, 0xff, 0xfd, 0x0, 0x0, 0x0,
    0x0, 0x0, 0x0, 0xdf, 0xff, 0xb, 0xff, 0xf2,
    0x0, 0x0, 0x0, 0x0, 0x0, 0x3f, 0xff, 0xa0,
    0x6f, 0xff, 0x70, 0x0, 0x0, 0x0, 0x0, 0x8,
    0xff, 0xf5, 0x1, 0xff, 0xfd, 0x0, 0x0, 0x0,
    0x0, 0x0, 0xdf, 0xff, 0x10, 0xc, 0xff, 0xf2,
    0x0, 0x0, 0x0, 0x0, 0x2f, 0xff, 0xc0, 0x0,
    0x7f, 0xff, 0x70, 0x0, 0x0, 0x0, 0x7, 0xff,
    0xf7, 0x0, 0x2, 0xff, 0xfc, 0x0, 0x0, 0x0,
    0x0, 0xcf, 0xff, 0x20, 0x0, 0xd, 0xff, 0xf1,
    0x0, 0x0, 0x0, 0x1f, 0xff, 0xd0, 0x0, 0x0,
    0x9f, 0xff, 0x60, 0x0, 0x0, 0x6, 0xff, 0xf8,
    0x0, 0x0, 0x4, 0xff, 0xfb, 0x0, 0x0, 0x0,
    0xbf, 0xff, 0x30, 0x0, 0x0, 0xf, 0xff, 0xf0,
    0x0, 0x0, 0x1f, 0xff, 0xf3, 0x33, 0x33, 0x33,
    0xbf, 0xff, 0x50, 0x0, 0x6, 0xff, 0xff, 0xff,
    0xff, 0xff, 0xff, 0xff, 0xfa, 0x0, 0x0, 0xbf,
    0xff, 0xff, 0xff, 0xff, 0xff, 0xff, 0xff, 0xf0,
    0x0, 0xf, 0xff, 0xff, 0xff, 0xff, 0xff, 0xff,
    0xff, 0xff, 0x40, 0x5, 0xff, 0xfd, 0x0, 0x0,
    0x0, 0x0, 0x7, 0xff, 0xf9, 0x0, 0xaf, 0xff,
    0x80, 0x0, 0x0, 0x0, 0x0, 0x3f, 0xff, 0xe0,
    0xf, 0xff, 0xf3, 0x0, 0x0, 0x0, 0x0, 0x0,
    0xef, 0xff, 0x44, 0xff, 0xfe, 0x0, 0x0, 0x0,
    0x0, 0x0, 0x9, 0xff, 0xf9, 0x6f, 0xff, 0x90,
    0x0, 0x0, 0x0, 0x0, 0x0, 0x4f, 0xff, 0xb0,
    0x9e, 0xe3, 0x0, 0x0, 0x0, 0x0, 0x0, 0x0,
    0xcf, 0xb2,

    /* U+00C3 "Ã" */
    0x0, 0x0, 0x1, 0x8b, 0xa4, 0x0, 0x0, 0x9,
    0x50, 0x0, 0x0, 0x0, 0x2, 0xef, 0xff, 0xfc,
    0x40, 0x1b, 0xfd, 0x0, 0x0, 0x0, 0x0, 0x8f,
    0xff, 0xff, 0xff, 0xff, 0xff, 0xc0, 0x0, 0x0,
    0x0, 0x8, 0xfd, 0x30, 0x3a, 0xff, 0xff, 0xf6,
    0x0, 0x0, 0x0, 0x0, 0x2a, 0x10, 0x0, 0x3,
    0x9b, 0x94, 0x0, 0x0, 0x0, 0x0, 0x0, 0x0,
    0x0, 0x0, 0x0, 0x0, 0x0, 0x0, 0x0, 0x0,
    0x0, 0x0, 0x0, 0x0, 0x0, 0x0, 0x0, 0x0,
    0x0, 0x0, 0x0, 0x0, 0x0, 0x0, 0x0, 0x0,
    0x0, 0x0, 0x0, 0x0, 0x0, 0x0, 0x0, 0x0,
    0x0, 0x0, 0x0, 0x0, 0x0, 0x0, 0x0, 0x0,
    0x0, 0x0, 0x4, 0xcf, 0xe7, 0x0, 0x0, 0x0,
    0x0, 0x0, 0x0, 0x0, 0x0, 0xef, 0xff, 0xf4,
    0x0, 0x0, 0x0, 0x0, 0x0, 0x0, 0x0, 0x4f,
    0xff, 0xff, 0x90, 0x0, 0x0, 0x0, 0x0, 0x0,
    0x0, 0x9, 0xff, 0xff, 0xfe, 0x0, 0x0, 0x0,
    0x0, 0x0, 0x0, 0x0, 0xef, 0xff, 0xff, 0xf3,
    0x0, 0x0, 0x0, 0x0, 0x0, 0x0, 0x3f, 0xff,
    0xdf, 0xff, 0x80, 0x0, 0x0, 0x0, 0x0, 0x0,
    0x8, 0xff, 0xf4, 0xff, 0xfd, 0x0, 0x0, 0x0,
    0x0, 0x0, 0x0, 0xdf, 0xff, 0xb, 0xff, 0xf2,
    0x0, 0x0, 0x0, 0x0, 0x0, 0x3f, 0xff, 0xa0,
    0x6f, 0xff, 0x70, 0x0, 0x0, 0x0, 0x0, 0x8,
    0xff, 0xf5, 0x1, 0xff, 0xfd, 0x0, 0x0, 0x0,
    0x0, 0x0, 0xdf, 0xff, 0x10, 0xc, 0xff, 0xf2,
    0x0, 0x0, 0x0, 0x0, 0x2f, 0xff, 0xc0, 0x0,
    0x7f, 0xff, 0x70, 0x0, 0x0, 0x0, 0x7, 0xff,
    0xf7, 0x0, 0x2, 0xff, 0xfc, 0x0, 0x0, 0x0,
    0x0, 0xcf, 0xff, 0x20, 0x0, 0xd, 0xff, 0xf1,
    0x0, 0x0, 0x0, 0x1f, 0xff, 0xd0, 0x0, 0x0,
    0x9f, 0xff, 0x60, 0x0, 0x0, 0x6, 0xff, 0xf8,
    0x0, 0x0, 0x4, 0xff, 0xfb, 0x0, 0x0, 0x0,
    0xbf, 0xff, 0x30, 0x0, 0x0, 0xf, 0xff, 0xf0,
    0x0, 0x0, 0x1f, 0xff, 0xf3, 0x33, 0x33, 0x33,
    0xbf, 0xff, 0x50, 0x0, 0x6, 0xff, 0xff, 0xff,
    0xff, 0xff, 0xff, 0xff, 0xfa, 0x0, 0x0, 0xbf,
    0xff, 0xff, 0xff, 0xff, 0xff, 0xff, 0xff, 0xf0,
    0x0, 0xf, 0xff, 0xff, 0xff, 0xff, 0xff, 0xff,
    0xff, 0xff, 0x40, 0x5, 0xff, 0xfd, 0x0, 0x0,
    0x0, 0x0, 0x7, 0xff, 0xf9, 0x0, 0xaf, 0xff,
    0x80, 0x0, 0x0, 0x0, 0x0, 0x3f, 0xff, 0xe0,
    0xf, 0xff, 0xf3, 0x0, 0x0, 0x0, 0x0, 0x0,
    0xef, 0xff, 0x44, 0xff, 0xfe, 0x0, 0x0, 0x0,
    0x0, 0x0, 0x9, 0xff, 0xf9, 0x6f, 0xff, 0x90,
    0x0, 0x0, 0x0, 0x0, 0x0, 0x4f, 0xff, 0xb0,
    0x9e, 0xe3, 0x0, 0x0, 0x0, 0x0, 0x0, 0x0,
    0xcf, 0xb2,

    /* U+00C4 "Ä" */
    0x0, 0x0, 0x0, 0x5, 0x50, 0x0, 0x36, 0x10,
    0x0, 0x0, 0x0, 0x0, 0x0, 0x8, 0xff, 0x80,
    0x3f, 0xfc, 0x0, 0x0, 0x0, 0x0, 0x0, 0x0,
    0xaf, 0xfa, 0x5, 0xff, 0xf0, 0x0, 0x0, 0x0,
    0x0, 0x0, 0x3, 0xde, 0x30, 0xb, 0xf6, 0x0,
    0x0, 0x0, 0x0, 0x0, 0x0, 0x0, 0x0, 0x0,
    0x0, 0x0, 0x0, 0x0, 0x0, 0x0, 0x0, 0x0,
    0x0, 0x0, 0x0, 0x0, 0x0, 0x0, 0x0, 0x0,
    0x0, 0x0, 0x0, 0x0, 0x0, 0x0, 0x0, 0x0,
    0x0, 0x0, 0x0, 0x0, 0x0, 0x0, 0x0, 0x0,
    0x0, 0x0, 0x0, 0x0, 0x0, 0x0, 0x0, 0x0,
    0x4c, 0xfe, 0x70, 0x0, 0x0, 0x0, 0x0, 0x0,
    0x0, 0x0, 0xe, 0xff, 0xff, 0x40, 0x0, 0x0,
    0x0, 0x0, 0x0, 0x0, 0x4, 0xff, 0xff, 0xf9,
    0x0, 0x0, 0x0, 0x0, 0x0, 0x0, 0x0, 0x9f,
    0xff, 0xff, 0xe0, 0x0, 0x0, 0x0, 0x0, 0x0,
    0x0, 0xe, 0xff, 0xff, 0xff, 0x30, 0x0, 0x0,
    0x0, 0x0, 0x0, 0x3, 0xff, 0xfd, 0xff, 0xf8,
    0x0, 0x0, 0x0, 0x0, 0x0, 0x0, 0x8f, 0xff,
    0x4f, 0xff, 0xd0, 0x0, 0x0, 0x0, 0x0, 0x0,
    0xd, 0xff, 0xf0, 0xbf, 0xff, 0x20, 0x0, 0x0,
    0x0, 0x0, 0x3, 0xff, 0xfa, 0x6, 0xff, 0xf7,
    0x0, 0x0, 0x0, 0x0, 0x0, 0x8f, 0xff, 0x50,
    0x1f, 0xff, 0xd0, 0x0, 0x0, 0x0, 0x0, 0xd,
    0xff, 0xf1, 0x0, 0xcf, 0xff, 0x20, 0x0, 0x0,
    0x0, 0x2, 0xff, 0xfc, 0x0, 0x7, 0xff, 0xf7,
    0x0, 0x0, 0x0, 0x0, 0x7f, 0xff, 0x70, 0x0,
    0x2f, 0xff, 0xc0, 0x0, 0x0, 0x0, 0xc, 0xff,
    0xf2, 0x0, 0x0, 0xdf, 0xff, 0x10, 0x0, 0x0,
    0x1, 0xff, 0xfd, 0x0, 0x0, 0x9, 0xff, 0xf6,
    0x0, 0x0, 0x0, 0x6f, 0xff, 0x80, 0x0, 0x0,
    0x4f, 0xff, 0xb0, 0x0, 0x0, 0xb, 0xff, 0xf3,
    0x0, 0x0, 0x0, 0xff, 0xff, 0x0, 0x0, 0x1,
    0xff, 0xff, 0x33, 0x33, 0x33, 0x3b, 0xff, 0xf5,
    0x0, 0x0, 0x6f, 0xff, 0xff, 0xff, 0xff, 0xff,
    0xff, 0xff, 0xa0, 0x0, 0xb, 0xff, 0xff, 0xff,
    0xff, 0xff, 0xff, 0xff, 0xff, 0x0, 0x0, 0xff,
    0xff, 0xff, 0xff, 0xff, 0xff, 0xff, 0xff, 0xf4,
    0x0, 0x5f, 0xff, 0xd0, 0x0, 0x0, 0x0, 0x0,
    0x7f, 0xff, 0x90, 0xa, 0xff, 0xf8, 0x0, 0x0,
    0x0, 0x0, 0x3, 0xff, 0xfe, 0x0, 0xff, 0xff,
    0x30, 0x0, 0x0, 0x0, 0x0, 0xe, 0xff, 0xf4,
    0x4f, 0xff, 0xe0, 0x0, 0x0, 0x0, 0x0, 0x0,
    0x9f, 0xff, 0x96, 0xff, 0xf9, 0x0, 0x0, 0x0,
    0x0, 0x0, 0x4, 0xff, 0xfb, 0x9, 0xee, 0x30,
    0x0, 0x0, 0x0, 0x0, 0x0, 0xc, 0xfb, 0x20,

    /* U+00C5 "Å" */
    0x0, 0x0, 0x0, 0x0, 0x3c, 0xfd, 0x60, 0x0,
    0x0, 0x0, 0x0, 0x0, 0x0, 0x0, 0x3f, 0xfd,
    0xff, 0x70, 0x0, 0x0, 0x0, 0x0, 0x0, 0x0,
    0xb, 0xf4, 0x1, 0xef, 0x10, 0x0, 0x0, 0x0,
    0x0, 0x0, 0x0, 0xfc, 0x0, 0x7, 0xf4, 0x0,
    0x0, 0x0, 0x0, 0x0, 0x0, 0xe, 0xd0, 0x0,
    0x9f, 0x30, 0x0, 0x0, 0x0, 0x0, 0x0, 0x0,
    0x8f, 0x80, 0x4f, 0xd0, 0x0, 0x0, 0x0, 0x0,
    0x0, 0x0, 0x0, 0xcf, 0xff, 0xe3, 0x0, 0x0,
    0x0, 0x0, 0x0, 0x0, 0x0, 0x0, 0x7a, 0x81,
    0x0, 0x0, 0x0, 0x0, 0x0, 0x0, 0x0, 0x0,
    0x0, 0x0, 0x0, 0x0, 0x0, 0x0, 0x0, 0x0,
    0x0, 0x0, 0x0, 0x0, 0x0, 0x0, 0x0, 0x0,
    0x0, 0x0, 0x0, 0x0, 0x0, 0x0, 0x0, 0x0,
    0x0, 0x0, 0x0, 0x0, 0x0, 0x0, 0x0, 0x4,
    0xcf, 0xe7, 0x0, 0x0, 0x0, 0x0, 0x0, 0x0,
    0x0, 0x0, 0xef, 0xff, 0xf4, 0x0, 0x0, 0x0,
    0x0, 0x0, 0x0, 0x0, 0x4f, 0xff, 0xff, 0x90,
    0x0, 0x0, 0x0, 0x0, 0x0, 0x0, 0x9, 0xff,
    0xff, 0xfe, 0x0, 0x0, 0x0, 0x0, 0x0, 0x0,
    0x0, 0xef, 0xff, 0xff, 0xf3, 0x0, 0x0, 0x0,
    0x0, 0x0, 0x0, 0x3f, 0xff, 0xdf, 0xff, 0x80,
    0x0, 0x0, 0x0, 0x0, 0x0, 0x8, 0xff, 0xf4,
    0xff, 0xfd, 0x0, 0x0, 0x0, 0x0, 0x0, 0x0,
    0xdf, 0xff, 0xb, 0xff, 0xf2, 0x0, 0x0, 0x0,
    0x0, 0x0, 0x3f, 0xff, 0xa0, 0x6f, 0xff, 0x70,
    0x0, 0x0, 0x0, 0x0, 0x8, 0xff, 0xf5, 0x1,
    0xff, 0xfd, 0x0, 0x0, 0x0, 0x0, 0x0, 0xdf,
    0xff, 0x10, 0xc, 0xff, 0xf2, 0x0, 0x0, 0x0,
    0x0, 0x2f, 0xff, 0xc0, 0x0, 0x7f, 0xff, 0x70,
    0x0, 0x0, 0x0, 0x7, 0xff, 0xf7, 0x0, 0x2,
    0xff, 0xfc, 0x0, 0x0, 0x0, 0x0, 0xcf, 0xff,
    0x20, 0x0, 0xd, 0xff, 0xf1, 0x0, 0x0, 0x0,
    0x1f, 0xff, 0xd0, 0x0, 0x0, 0x9f, 0xff, 0x60,
    0x0, 0x0, 0x6, 0xff, 0xf8, 0x0, 0x0, 0x4,
    0xff, 0xfb, 0x0, 0x0, 0x0, 0xbf, 0xff, 0x30,
    0x0, 0x0, 0xf, 0xff, 0xf0, 0x0, 0x0, 0x1f,
    0xff, 0xf3, 0x33, 0x33, 0x33, 0xbf, 0xff, 0x50,
    0x0, 0x6, 0xff, 0xff, 0xff, 0xff, 0xff, 0xff,
    0xff, 0xfa, 0x0, 0x0, 0xbf, 0xff, 0xff, 0xff,
    0xff, 0xff, 0xff, 0xff, 0xf0, 0x0, 0xf, 0xff,
    0xff, 0xff, 0xff, 0xff, 0xff, 0xff, 0xff, 0x40,
    0x5, 0xff, 0xfd, 0x0, 0x0, 0x0, 0x0, 0x7,
    0xff, 0xf9, 0x0, 0xaf, 0xff, 0x80, 0x0, 0x0,
    0x0, 0x0, 0x3f, 0xff, 0xe0, 0xf, 0xff, 0xf3,
    0x0, 0x0, 0x0, 0x0, 0x0, 0xef, 0xff, 0x44,
    0xff, 0xfe, 0x0, 0x0, 0x0, 0x0, 0x0, 0x9,
    0xff, 0xf9, 0x6f, 0xff, 0x90, 0x0, 0x0, 0x0,
    0x0, 0x0, 0x4f, 0xff, 0xb0, 0x9e, 0xe3, 0x0,
    0x0, 0x0, 0x0, 0x0, 0x0, 0xcf, 0xb2,

    /* U+00C6 "Æ" */
    0x0, 0x0, 0x27, 0xce, 0xff, 0xff, 0xff, 0xff,
    0xff, 0xff, 0xff, 0xff, 0xfa, 0x0, 0x0, 0x9f,
    0xff, 0xff, 0xff, 0xff, 0xff, 0xff, 0xff, 0xff,
    0xff, 0xff, 0xf1, 0x0, 0xbf, 0xff, 0xff, 0xff,
    0xff, 0xff, 0xff, 0xff, 0xff, 0xff, 0xff, 0xff,
    0x0, 0x8f, 0xff, 0xfe, 0xa8, 0x88, 0x8f, 0xff,
    0xf8, 0x88, 0x88, 0x88, 0x88, 0x30, 0xf, 0xff,
    0xf9, 0x0, 0x0, 0x0, 0xff, 0xff, 0x0, 0x0,
    0x0, 0x0, 0x0, 0x4, 0xff, 0xfc, 0x0, 0x0,
    0x0, 0xf, 0xff, 0xf0, 0x0, 0x0, 0x0, 0x0,
    0x0, 0x7f, 0xff, 0x60, 0x0, 0x0, 0x0, 0xff,
    0xff, 0x0, 0x0, 0x0, 0x0, 0x0, 0x9, 0xff,
    0xf3, 0x0, 0x0, 0x0, 0xf, 0xff, 0xf0, 0x0,
    0x0, 0x0, 0x0, 0x0, 0x9f, 0xff, 0x30, 0x0,
    0x0, 0x0, 0xff, 0xff, 0x0, 0x0, 0x0, 0x0,
    0x0, 0x9, 0xff, 0xf3, 0x0, 0x0, 0x0, 0xf,
    0xff, 0xf0, 0x0, 0x0, 0x0, 0x0, 0x0, 0x9f,
    0xff, 0x30, 0x0, 0x0, 0x0, 0xff, 0xff, 0x0,
    0x0, 0x0, 0x0, 0x0, 0x9, 0xff, 0xf5, 0x33,
    0x33, 0x33, 0x3f, 0xff, 0xf3, 0x33, 0x32, 0x10,
    0x0, 0x0, 0x9f, 0xff, 0xff, 0xff, 0xff, 0xff,
    0xff, 0xff, 0xff, 0xff, 0xfe, 0x10, 0x0, 0x9,
    0xff, 0xff, 0xff, 0xff, 0xff, 0xff, 0xff, 0xff,
    0xff, 0xff, 0xf3, 0x0, 0x0, 0x9f, 0xff, 0xff,
    0xff, 0xff, 0xff, 0xff, 0xff, 0xff, 0xff, 0xfd,
    0x0, 0x0, 0x9, 0xff, 0xf3, 0x0, 0x0, 0x0,
    0xf, 0xff, 0xf0, 0x0, 0x0, 0x0, 0x0, 0x0,
    0x9f, 0xff, 0x30, 0x0, 0x0, 0x0, 0xff, 0xff,
    0x0, 0x0, 0x0, 0x0, 0x0, 0x9, 0xff, 0xf3,
    0x0, 0x0, 0x0, 0xf, 0xff, 0xf0, 0x0, 0x0,
    0x0, 0x0, 0x0, 0x9f, 0xff, 0x30, 0x0, 0x0,
    0x0, 0xff, 0xff, 0x0, 0x0, 0x0, 0x0, 0x0,
    0x9, 0xff, 0xf3, 0x0, 0x0, 0x0, 0xf, 0xff,
    0xf0, 0x0, 0x0, 0x0, 0x0, 0x0, 0x9f, 0xff,
    0x30, 0x0, 0x0, 0x0, 0xff, 0xff, 0x0, 0x0,
    0x0, 0x0, 0x0, 0x9, 0xff, 0xf3, 0x0, 0x0,
    0x0, 0xf, 0xff, 0xf0, 0x0, 0x0, 0x0, 0x0,
    0x0, 0x9f, 0xff, 0x30, 0x0, 0x0, 0x0, 0xff,
    0xff, 0x0, 0x0, 0x0, 0x0, 0x0, 0x9, 0xff,
    0xf3, 0x0, 0x0, 0x0, 0xf, 0xff, 0xf8, 0x88,
    0x88, 0x88, 0x88, 0x30, 0x9f, 0xff, 0x30, 0x0,
    0x0, 0x0, 0xff, 0xff, 0xff, 0xff, 0xff, 0xff,
    0xff, 0x9, 0xff, 0xf2, 0x0, 0x0, 0x0, 0xf,
    0xff, 0xff, 0xff, 0xff, 0xff, 0xff, 0xf1, 0x3e,
    0xfb, 0x0, 0x0, 0x0, 0x0, 0x8f, 0xff, 0xff,
    0xff, 0xff, 0xff, 0xfa, 0x0,

    /* U+00C7 "Ç" */
    0x0, 0x0, 0x28, 0xce, 0xfe, 0xda, 0x51, 0x0,
    0x0, 0x0, 0x19, 0xff, 0xff, 0xff, 0xff, 0xfe,
    0x60, 0x0, 0x0, 0xcf, 0xff, 0xff, 0xff, 0xff,
    0xff, 0xf9, 0x0, 0xa, 0xff, 0xff, 0xfa, 0x89,
    0xcf, 0xff, 0xff, 0x60, 0x2f, 0xff, 0xfa, 0x0,
    0x0, 0x2, 0xdf, 0xff, 0xe0, 0x7f, 0xff, 0xd0,
    0x0, 0x0, 0x0, 0x3f, 0xff, 0xf2, 0xaf, 0xff,
    0x70, 0x0, 0x0, 0x0, 0xe, 0xff, 0xf4, 0xbf,
    0xff, 0x40, 0x0, 0x0, 0x0, 0xb, 0xff, 0xf2,
    0xcf, 0xff, 0x40, 0x0, 0x0, 0x0, 0x2, 0x9a,
    0x60, 0xcf, 0xff, 0x40, 0x0, 0x0, 0x0, 0x0,
    0x0, 0x0, 0xcf, 0xff, 0x40, 0x0, 0x0, 0x0,
    0x0, 0x0, 0x0, 0xcf, 0xff, 0x40, 0x0, 0x0,
    0x0, 0x0, 0x0, 0x0, 0xcf, 0xff, 0x40, 0x0,
    0x0, 0x0, 0x0, 0x0, 0x0, 0xcf, 0xff, 0x40,
    0x0, 0x0, 0x0, 0x0, 0x0, 0x0, 0xcf, 0xff,
    0x40, 0x0, 0x0, 0x0, 0x0, 0x0, 0x0, 0xcf,
    0xff, 0x40, 0x0, 0x0, 0x0, 0x0, 0x0, 0x0,
    0xcf, 0xff, 0x40, 0x0, 0x0, 0x0, 0x0, 0x0,
    0x0, 0xcf, 0xff, 0x40, 0x0, 0x0, 0x0, 0x0,
    0x0, 0x0, 0xcf, 0xff, 0x40, 0x0, 0x0, 0x0,
    0x4, 0xcd, 0x90, 0xbf, 0xff, 0x40, 0x0, 0x0,
    0x0, 0xb, 0xff, 0xf3, 0xaf, 0xff, 0x70, 0x0,
    0x0, 0x0, 0xe, 0xff, 0xf4, 0x7f, 0xff, 0xd0,
    0x0, 0x0, 0x0, 0x4f, 0xff, 0xf2, 0x2f, 0xff,
    0xfa, 0x0, 0x0, 0x2, 0xef, 0xff, 0xd0, 0xa,
    0xff, 0xff, 0xea, 0x88, 0xbf, 0xff, 0xff, 0x50,
    0x0, 0xcf, 0xff, 0xff, 0xff, 0xff, 0xff, 0xf7,
    0x0, 0x0, 0x1a, 0xff, 0xff, 0xff, 0xff, 0xfe,
    0x50, 0x0, 0x0, 0x0, 0x38, 0xce, 0xff, 0xda,
    0x50, 0x0, 0x0, 0x0, 0x0, 0x0, 0x2, 0xfb,
    0x0, 0x0, 0x0, 0x0, 0x0, 0x0, 0x0, 0x7,
    0xf7, 0x0, 0x0, 0x0, 0x0, 0x0, 0x0, 0x0,
    0xb, 0xff, 0xfa, 0x0, 0x0, 0x0, 0x0, 0x0,
    0x0, 0x3, 0x58, 0xef, 0xa0, 0x0, 0x0, 0x0,
    0x0, 0x0, 0x0, 0x0, 0x2f, 0xf0, 0x0, 0x0,
    0x0, 0x0, 0x0, 0x11, 0x0, 0x4f, 0xe0, 0x0,
    0x0, 0x0, 0x0, 0x0, 0xcf, 0xdd, 0xff, 0x60,
    0x0, 0x0, 0x0, 0x0, 0x0, 0x6c, 0xff, 0xd6,
    0x0, 0x0, 0x0,

    /* U+00C8 "È" */
    0x0, 0x0, 0x1d, 0xc4, 0x0, 0x0, 0x0, 0x0,
    0x0, 0x0, 0x0, 0x5f, 0xff, 0xc4, 0x0, 0x0,
    0x0, 0x0, 0x0, 0x0, 0x1b, 0xff, 0xff, 0xc2,
    0x0, 0x0, 0x0, 0x0, 0x0, 0x0, 0x3b, 0xff,
    0xf8, 0x0, 0x0, 0x0, 0x0, 0x0, 0x0, 0x0,
    0x3b, 0xe2, 0x0, 0x0, 0x0, 0x0, 0x0, 0x0,
    0x0, 0x0, 0x0, 0x0, 0x0, 0x0, 0x0, 0x0,
    0x0, 0x0, 0x0, 0x0, 0x0, 0x0, 0x0, 0x0,
    0x0, 0x0, 0x0, 0x0, 0x0, 0x0, 0x0, 0x0,
    0x0, 0x0, 0x0, 0x0, 0x0, 0x0, 0x0, 0x0,
    0x0, 0x2d, 0xff, 0xff, 0xff, 0xff, 0xff, 0xff,
    0xff, 0xa0, 0x7f, 0xff, 0xff, 0xff, 0xff, 0xff,
    0xff, 0xff, 0xf1, 0x7f, 0xff, 0xff, 0xff, 0xff,
    0xff, 0xff, 0xff, 0xf0, 0x7f, 0xff, 0xc8, 0x88,
    0x88, 0x88, 0x88, 0x88, 0x40, 0x7f, 0xff, 0x80,
    0x0, 0x0, 0x0, 0x0, 0x0, 0x0, 0x7f, 0xff,
    0x80, 0x0, 0x0, 0x0, 0x0, 0x0, 0x0, 0x7f,
    0xff, 0x80, 0x0, 0x0, 0x0, 0x0, 0x0, 0x0,
    0x7f, 0xff, 0x80, 0x0, 0x0, 0x0, 0x0, 0x0,
    0x0, 0x7f, 0xff, 0x80, 0x0, 0x0, 0x0, 0x0,
    0x0, 0x0, 0x7f, 0xff, 0x80, 0x0, 0x0, 0x0,
    0x0, 0x0, 0x0, 0x7f, 0xff, 0x80, 0x0, 0x0,
    0x0, 0x0, 0x0, 0x0, 0x7f, 0xff, 0x93, 0x33,
    0x33, 0x20, 0x0, 0x0, 0x0, 0x7f, 0xff, 0xff,
    0xff, 0xff, 0xf6, 0x0, 0x0, 0x0, 0x7f, 0xff,
    0xff, 0xff, 0xff, 0xfa, 0x0, 0x0, 0x0, 0x7f,
    0xff, 0xff, 0xff, 0xff, 0xf5, 0x0, 0x0, 0x0,
    0x7f, 0xff, 0x80, 0x0, 0x0, 0x0, 0x0, 0x0,
    0x0, 0x7f, 0xff, 0x80, 0x0, 0x0, 0x0, 0x0,
    0x0, 0x0, 0x7f, 0xff, 0x80, 0x0, 0x0, 0x0,
    0x0, 0x0, 0x0, 0x7f, 0xff, 0x80, 0x0, 0x0,
    0x0, 0x0, 0x0, 0x0, 0x7f, 0xff, 0x80, 0x0,
    0x0, 0x0, 0x0, 0x0, 0x0, 0x7f, 0xff, 0x80,
    0x0, 0x0, 0x0, 0x0, 0x0, 0x0, 0x7f, 0xff,
    0x80, 0x0, 0x0, 0x0, 0x0, 0x0, 0x0, 0x7f,
    0xff, 0x80, 0x0, 0x0, 0x0, 0x0, 0x0, 0x0,
    0x7f, 0xff, 0xc8, 0x88, 0x88, 0x88, 0x88, 0x88,
    0x40, 0x7f, 0xff, 0xff, 0xff, 0xff, 0xff, 0xff,
    0xff, 0xf0, 0x7f, 0xff, 0xff, 0xff, 0xff, 0xff,
    0xff, 0xff, 0xf1, 0x2d, 0xff, 0xff, 0xff, 0xff,
    0xff, 0xff, 0xff, 0xa0,

    /* U+00C9 "É" */
    0x0, 0x0, 0x0, 0x0, 0x1, 0x8f, 0x70, 0x0,
    0x0, 0x0, 0x0, 0x0, 0x1, 0x8f, 0xff, 0xe0,
    0x0, 0x0, 0x0, 0x0, 0x0, 0x7f, 0xff, 0xff,
    0x60, 0x0, 0x0, 0x0, 0x0, 0x0, 0xff, 0xff,
    0x81, 0x0, 0x0, 0x0, 0x0, 0x0, 0x0, 0x9e,
    0x81, 0x0, 0x0, 0x0, 0x0, 0x0, 0x0, 0x0,
    0x0, 0x0, 0x0, 0x0, 0x0, 0x0, 0x0, 0x0,
    0x0, 0x0, 0x0, 0x0, 0x0, 0x0, 0x0, 0x0,
    0x0, 0x0, 0x0, 0x0, 0x0, 0x0, 0x0, 0x0,
    0x0, 0x0, 0x0, 0x0, 0x0, 0x0, 0x0, 0x0,
    0x0, 0x2d, 0xff, 0xff, 0xff, 0xff, 0xff, 0xff,
    0xff, 0xa0, 0x7f, 0xff, 0xff, 0xff, 0xff, 0xff,
    0xff, 0xff, 0xf1, 0x7f, 0xff, 0xff, 0xff, 0xff,
    0xff, 0xff, 0xff, 0xf0, 0x7f, 0xff, 0xc8, 0x88,
    0x88, 0x88, 0x88, 0x88, 0x40, 0x7f, 0xff, 0x80,
    0x0, 0x0, 0x0, 0x0, 0x0, 0x0, 0x7f, 0xff,
    0x80, 0x0, 0x0, 0x0, 0x0, 0x0, 0x0, 0x7f,
    0xff, 0x80, 0x0, 0x0, 0x0, 0x0, 0x0, 0x0,
    0x7f, 0xff, 0x80, 0x0, 0x0, 0x0, 0x0, 0x0,
    0x0, 0x7f, 0xff, 0x80, 0x0, 0x0, 0x0, 0x0,
    0x0, 0x0, 0x7f, 0xff, 0x80, 0x0, 0x0, 0x0,
    0x0, 0x0, 0x0, 0x7f, 0xff, 0x80, 0x0, 0x0,
    0x0, 0x0, 0x0, 0x0, 0x7f, 0xff, 0x93, 0x33,
    0x33, 0x20, 0x0, 0x0, 0x0, 0x7f, 0xff, 0xff,
    0xff, 0xff, 0xf6, 0x0, 0x0, 0x0, 0x7f, 0xff,
    0xff, 0xff, 0xff, 0xfa, 0x0, 0x0, 0x0, 0x7f,
    0xff, 0xff, 0xff, 0xff, 0xf5, 0x0, 0x0, 0x0,
    0x7f, 0xff, 0x80, 0x0, 0x0, 0x0, 0x0, 0x0,
    0x0, 0x7f, 0xff, 0x80, 0x0, 0x0, 0x0, 0x0,
    0x0, 0x0, 0x7f, 0xff, 0x80, 0x0, 0x0, 0x0,
    0x0, 0x0, 0x0, 0x7f, 0xff, 0x80, 0x0, 0x0,
    0x0, 0x0, 0x0, 0x0, 0x7f, 0xff, 0x80, 0x0,
    0x0, 0x0, 0x0, 0x0, 0x0, 0x7f, 0xff, 0x80,
    0x0, 0x0, 0x0, 0x0, 0x0, 0x0, 0x7f, 0xff,
    0x80, 0x0, 0x0, 0x0, 0x0, 0x0, 0x0, 0x7f,
    0xff, 0x80, 0x0, 0x0, 0x0, 0x0, 0x0, 0x0,
    0x7f, 0xff, 0xc8, 0x88, 0x88, 0x88, 0x88, 0x88,
    0x40, 0x7f, 0xff, 0xff, 0xff, 0xff, 0xff, 0xff,
    0xff, 0xf0, 0x7f, 0xff, 0xff, 0xff, 0xff, 0xff,
    0xff, 0xff, 0xf1, 0x2d, 0xff, 0xff, 0xff, 0xff,
    0xff, 0xff, 0xff, 0xa0,

    /* U+00CA "Ê" */
    0x0, 0x0, 0x0, 0x8, 0xeb, 0x20, 0x0, 0x0,
    0x0, 0x0, 0x0, 0x6, 0xef, 0xff, 0xf9, 0x10,
    0x0, 0x0, 0x0, 0x2, 0xdf, 0xff, 0xdf, 0xff,
    0xf6, 0x0, 0x0, 0x0, 0x8, 0xff, 0xd5, 0x2,
    0xbf, 0xfe, 0x0, 0x0, 0x0, 0x5, 0xe7, 0x0,
    0x0, 0x4, 0xca, 0x0, 0x0, 0x0, 0x0, 0x0,
    0x0, 0x0, 0x0, 0x0, 0x0, 0x0, 0x0, 0x0,
    0x0, 0x0, 0x0, 0x0, 0x0, 0x0, 0x0, 0x0,
    0x0, 0x0, 0x0, 0x0, 0x0, 0x0, 0x0, 0x0,
    0x0, 0x0, 0x0, 0x0, 0x0, 0x0, 0x0, 0x0,
    0x0, 0x2d, 0xff, 0xff, 0xff, 0xff, 0xff, 0xff,
    0xff, 0xa0, 0x7f, 0xff, 0xff, 0xff, 0xff, 0xff,
    0xff, 0xff, 0xf1, 0x7f, 0xff, 0xff, 0xff, 0xff,
    0xff, 0xff, 0xff, 0xf0, 0x7f, 0xff, 0xc8, 0x88,
    0x88, 0x88, 0x88, 0x88, 0x40, 0x7f, 0xff, 0x80,
    0x0, 0x0, 0x0, 0x0, 0x0, 0x0, 0x7f, 0xff,
    0x80, 0x0, 0x0, 0x0, 0x0, 0x0, 0x0, 0x7f,
    0xff, 0x80, 0x0, 0x0, 0x0, 0x0, 0x0, 0x0,
    0x7f, 0xff, 0x80, 0x0, 0x0, 0x0, 0x0, 0x0,
    0x0, 0x7f, 0xff, 0x80, 0x0, 0x0, 0x0, 0x0,
    0x0, 0x0, 0x7f, 0xff, 0x80, 0x0, 0x0, 0x0,
    0x0, 0x0, 0x0, 0x7f, 0xff, 0x80, 0x0, 0x0,
    0x0, 0x0, 0x0, 0x0, 0x7f, 0xff, 0x93, 0x33,
    0x33, 0x20, 0x0, 0x0, 0x0, 0x7f, 0xff, 0xff,
    0xff, 0xff, 0xf6, 0x0, 0x0, 0x0, 0x7f, 0xff,
    0xff, 0xff, 0xff, 0xfa, 0x0, 0x0, 0x0, 0x7f,
    0xff, 0xff, 0xff, 0xff, 0xf5, 0x0, 0x0, 0x0,
    0x7f, 0xff, 0x80, 0x0, 0x0, 0x0, 0x0, 0x0,
    0x0, 0x7f, 0xff, 0x80, 0x0, 0x0, 0x0, 0x0,
    0x0, 0x0, 0x7f, 0xff, 0x80, 0x0, 0x0, 0x0,
    0x0, 0x0, 0x0, 0x7f, 0xff, 0x80, 0x0, 0x0,
    0x0, 0x0, 0x0, 0x0, 0x7f, 0xff, 0x80, 0x0,
    0x0, 0x0, 0x0, 0x0, 0x0, 0x7f, 0xff, 0x80,
    0x0, 0x0, 0x0, 0x0, 0x0, 0x0, 0x7f, 0xff,
    0x80, 0x0, 0x0, 0x0, 0x0, 0x0, 0x0, 0x7f,
    0xff, 0x80, 0x0, 0x0, 0x0, 0x0, 0x0, 0x0,
    0x7f, 0xff, 0xc8, 0x88, 0x88, 0x88, 0x88, 0x88,
    0x40, 0x7f, 0xff, 0xff, 0xff, 0xff, 0xff, 0xff,
    0xff, 0xf0, 0x7f, 0xff, 0xff, 0xff, 0xff, 0xff,
    0xff, 0xff, 0xf1, 0x2d, 0xff, 0xff, 0xff, 0xff,
    0xff, 0xff, 0xff, 0xa0,

    /* U+00CB "Ë" */
    0x0, 0x0, 0x5, 0x50, 0x0, 0x36, 0x10, 0x0,
    0x0, 0x0, 0x0, 0x8f, 0xf8, 0x3, 0xff, 0xc0,
    0x0, 0x0, 0x0, 0x0, 0xaf, 0xfa, 0x5, 0xff,
    0xf0, 0x0, 0x0, 0x0, 0x0, 0x3d, 0xe3, 0x0,
    0xbf, 0x60, 0x0, 0x0, 0x0, 0x0, 0x0, 0x0,
    0x0, 0x0, 0x0, 0x0, 0x0, 0x0, 0x0, 0x0,
    0x0, 0x0, 0x0, 0x0, 0x0, 0x0, 0x0, 0x0,
    0x0, 0x0, 0x0, 0x0, 0x0, 0x0, 0x0, 0x0,
    0x0, 0x0, 0x0, 0x0, 0x0, 0x0, 0x0, 0x0,
    0x2d, 0xff, 0xff, 0xff, 0xff, 0xff, 0xff, 0xff,
    0xa0, 0x7f, 0xff, 0xff, 0xff, 0xff, 0xff, 0xff,
    0xff, 0xf1, 0x7f, 0xff, 0xff, 0xff, 0xff, 0xff,
    0xff, 0xff, 0xf0, 0x7f, 0xff, 0xc8, 0x88, 0x88,
    0x88, 0x88, 0x88, 0x40, 0x7f, 0xff, 0x80, 0x0,
    0x0, 0x0, 0x0, 0x0, 0x0, 0x7f, 0xff, 0x80,
    0x0, 0x0, 0x0, 0x0, 0x0, 0x0, 0x7f, 0xff,
    0x80, 0x0, 0x0, 0x0, 0x0, 0x0, 0x0, 0x7f,
    0xff, 0x80, 0x0, 0x0, 0x0, 0x0, 0x0, 0x0,
    0x7f, 0xff, 0x80, 0x0, 0x0, 0x0, 0x0, 0x0,
    0x0, 0x7f, 0xff, 0x80, 0x0, 0x0, 0x0, 0x0,
    0x0, 0x0, 0x7f, 0xff, 0x80, 0x0, 0x0, 0x0,
    0x0, 0x0, 0x0, 0x7f, 0xff, 0x93, 0x33, 0x33,
    0x20, 0x0, 0x0, 0x0, 0x7f, 0xff, 0xff, 0xff,
    0xff, 0xf6, 0x0, 0x0, 0x0, 0x7f, 0xff, 0xff,
    0xff, 0xff, 0xfa, 0x0, 0x0, 0x0, 0x7f, 0xff,
    0xff, 0xff, 0xff, 0xf5, 0x0, 0x0, 0x0, 0x7f,
    0xff, 0x80, 0x0, 0x0, 0x0, 0x0, 0x0, 0x0,
    0x7f, 0xff, 0x80, 0x0, 0x0, 0x0, 0x0, 0x0,
    0x0, 0x7f, 0xff, 0x80, 0x0, 0x0, 0x0, 0x0,
    0x0, 0x0, 0x7f, 0xff, 0x80, 0x0, 0x0, 0x0,
    0x0, 0x0, 0x0, 0x7f, 0xff, 0x80, 0x0, 0x0,
    0x0, 0x0, 0x0, 0x0, 0x7f, 0xff, 0x80, 0x0,
    0x0, 0x0, 0x0, 0x0, 0x0, 0x7f, 0xff, 0x80,
    0x0, 0x0, 0x0, 0x0, 0x0, 0x0, 0x7f, 0xff,
    0x80, 0x0, 0x0, 0x0, 0x0, 0x0, 0x0, 0x7f,
    0xff, 0xc8, 0x88, 0x88, 0x88, 0x88, 0x88, 0x40,
    0x7f, 0xff, 0xff, 0xff, 0xff, 0xff, 0xff, 0xff,
    0xf0, 0x7f, 0xff, 0xff, 0xff, 0xff, 0xff, 0xff,
    0xff, 0xf1, 0x2d, 0xff, 0xff, 0xff, 0xff, 0xff,
    0xff, 0xff, 0xa0,

    /* U+00CC "Ì" */
    0x3e, 0xb3, 0x0, 0x0, 0x8f, 0xff, 0xb3, 0x0,
    0x2c, 0xff, 0xff, 0xb1, 0x0, 0x5d, 0xff, 0xf5,
    0x0, 0x0, 0x5c, 0xd1, 0x0, 0x0, 0x0, 0x0,
    0x0, 0x0, 0x0, 0x0, 0x0, 0x0, 0x0, 0x0,
    0x0, 0x0, 0x0, 0x0, 0x0, 0x2d, 0xfd, 0x30,
    0x0, 0x7f, 0xff, 0x80, 0x0, 0x7f, 0xff, 0x80,
    0x0, 0x7f, 0xff, 0x80, 0x0, 0x7f, 0xff, 0x80,
    0x0, 0x7f, 0xff, 0x80, 0x0, 0x7f, 0xff, 0x80,
    0x0, 0x7f, 0xff, 0x80, 0x0, 0x7f, 0xff, 0x80,
    0x0, 0x7f, 0xff, 0x80, 0x0, 0x7f, 0xff, 0x80,
    0x0, 0x7f, 0xff, 0x80, 0x0, 0x7f, 0xff, 0x80,
    0x0, 0x7f, 0xff, 0x80, 0x0, 0x7f, 0xff, 0x80,
    0x0, 0x7f, 0xff, 0x80, 0x0, 0x7f, 0xff, 0x80,
    0x0, 0x7f, 0xff, 0x80, 0x0, 0x7f, 0xff, 0x80,
    0x0, 0x7f, 0xff, 0x80, 0x0, 0x7f, 0xff, 0x80,
    0x0, 0x7f, 0xff, 0x80, 0x0, 0x7f, 0xff, 0x80,
    0x0, 0x7f, 0xff, 0x80, 0x0, 0x7f, 0xff, 0x80,
    0x0, 0x7f, 0xff, 0x80, 0x0, 0x2c, 0xfd, 0x20,

    /* U+00CD "Í" */
    0x0, 0x0, 0x2a, 0xf5, 0x0, 0x2a, 0xff, 0xfb,
    0x9, 0xff, 0xff, 0xe4, 0x2f, 0xff, 0xe6, 0x0,
    0xb, 0xe6, 0x0, 0x0, 0x0, 0x0, 0x0, 0x0,
    0x0, 0x0, 0x0, 0x0, 0x0, 0x0, 0x0, 0x0,
    0x0, 0x0, 0x0, 0x0, 0x2, 0xdf, 0xd3, 0x0,
    0x7, 0xff, 0xf8, 0x0, 0x7, 0xff, 0xf8, 0x0,
    0x7, 0xff, 0xf8, 0x0, 0x7, 0xff, 0xf8, 0x0,
    0x7, 0xff, 0xf8, 0x0, 0x7, 0xff, 0xf8, 0x0,
    0x7, 0xff, 0xf8, 0x0, 0x7, 0xff, 0xf8, 0x0,
    0x7, 0xff, 0xf8, 0x0, 0x7, 0xff, 0xf8, 0x0,
    0x7, 0xff, 0xf8, 0x0, 0x7, 0xff, 0xf8, 0x0,
    0x7, 0xff, 0xf8, 0x0, 0x7, 0xff, 0xf8, 0x0,
    0x7, 0xff, 0xf8, 0x0, 0x7, 0xff, 0xf8, 0x0,
    0x7, 0xff, 0xf8, 0x0, 0x7, 0xff, 0xf8, 0x0,
    0x7, 0xff, 0xf8, 0x0, 0x7, 0xff, 0xf8, 0x0,
    0x7, 0xff, 0xf8, 0x0, 0x7, 0xff, 0xf8, 0x0,
    0x7, 0xff, 0xf8, 0x0, 0x7, 0xff, 0xf8, 0x0,
    0x7, 0xff, 0xf8, 0x0, 0x2, 0xcf, 0xd2, 0x0,

    /* U+00CE "Î" */
    0x0, 0x1, 0x9e, 0x91, 0x0, 0x0, 0x7, 0xff,
    0xff, 0xf8, 0x0, 0x3e, 0xff, 0xfd, 0xff, 0xfe,
    0x4b, 0xff, 0xc3, 0x3, 0xcf, 0xfc, 0x7d, 0x50,
    0x0, 0x0, 0x5d, 0x80, 0x0, 0x0, 0x0, 0x0,
    0x0, 0x0, 0x0, 0x0, 0x0, 0x0, 0x0, 0x0,
    0x0, 0x0, 0x0, 0x0, 0x0, 0x0, 0x0, 0x0,
    0x0, 0x0, 0x0, 0x2d, 0xfd, 0x30, 0x0, 0x0,
    0x7, 0xff, 0xf8, 0x0, 0x0, 0x0, 0x7f, 0xff,
    0x80, 0x0, 0x0, 0x7, 0xff, 0xf8, 0x0, 0x0,
    0x0, 0x7f, 0xff, 0x80, 0x0, 0x0, 0x7, 0xff,
    0xf8, 0x0, 0x0, 0x0, 0x7f, 0xff, 0x80, 0x0,
    0x0, 0x7, 0xff, 0xf8, 0x0, 0x0, 0x0, 0x7f,
    0xff, 0x80, 0x0, 0x0, 0x7, 0xff, 0xf8, 0x0,
    0x0, 0x0, 0x7f, 0xff, 0x80, 0x0, 0x0, 0x7,
    0xff, 0xf8, 0x0, 0x0, 0x0, 0x7f, 0xff, 0x80,
    0x0, 0x0, 0x7, 0xff, 0xf8, 0x0, 0x0, 0x0,
    0x7f, 0xff, 0x80, 0x0, 0x0, 0x7, 0xff, 0xf8,
    0x0, 0x0, 0x0, 0x7f, 0xff, 0x80, 0x0, 0x0,
    0x7, 0xff, 0xf8, 0x0, 0x0, 0x0, 0x7f, 0xff,
    0x80, 0x0, 0x0, 0x7, 0xff, 0xf8, 0x0, 0x0,
    0x0, 0x7f, 0xff, 0x80, 0x0, 0x0, 0x7, 0xff,
    0xf8, 0x0, 0x0, 0x0, 0x7f, 0xff, 0x80, 0x0,
    0x0, 0x7, 0xff, 0xf8, 0x0, 0x0, 0x0, 0x7f,
    0xff, 0x80, 0x0, 0x0, 0x7, 0xff, 0xf8, 0x0,
    0x0, 0x0, 0x2c, 0xfd, 0x20, 0x0,

    /* U+00CF "Ï" */
    0x6, 0x40, 0x0, 0x46, 0xa, 0xff, 0x50, 0x5f,
    0xfa, 0xdf, 0xf8, 0x8, 0xff, 0xc4, 0xed, 0x10,
    0x1d, 0xe4, 0x0, 0x0, 0x0, 0x0, 0x0, 0x0,
    0x0, 0x0, 0x0, 0x0, 0x0, 0x0, 0x0, 0x0,
    0x0, 0x0, 0x0, 0x0, 0x0, 0x2d, 0xfd, 0x30,
    0x0, 0x7, 0xff, 0xf8, 0x0, 0x0, 0x7f, 0xff,
    0x80, 0x0, 0x7, 0xff, 0xf8, 0x0, 0x0, 0x7f,
    0xff, 0x80, 0x0, 0x7, 0xff, 0xf8, 0x0, 0x0,
    0x7f, 0xff, 0x80, 0x0, 0x7, 0xff, 0xf8, 0x0,
    0x0, 0x7f, 0xff, 0x80, 0x0, 0x7, 0xff, 0xf8,
    0x0, 0x0, 0x7f, 0xff, 0x80, 0x0, 0x7, 0xff,
    0xf8, 0x0, 0x0, 0x7f, 0xff, 0x80, 0x0, 0x7,
    0xff, 0xf8, 0x0, 0x0, 0x7f, 0xff, 0x80, 0x0,
    0x7, 0xff, 0xf8, 0x0, 0x0, 0x7f, 0xff, 0x80,
    0x0, 0x7, 0xff, 0xf8, 0x0, 0x0, 0x7f, 0xff,
    0x80, 0x0, 0x7, 0xff, 0xf8, 0x0, 0x0, 0x7f,
    0xff, 0x80, 0x0, 0x7, 0xff, 0xf8, 0x0, 0x0,
    0x7f, 0xff, 0x80, 0x0, 0x7, 0xff, 0xf8, 0x0,
    0x0, 0x7f, 0xff, 0x80, 0x0, 0x7, 0xff, 0xf8,
    0x0, 0x0, 0x2c, 0xfd, 0x20, 0x0,

    /* U+00D0 "Ð" */
    0x0, 0x0, 0xbf, 0xff, 0xff, 0xff, 0xfe, 0xc8,
    0x30, 0x0, 0x0, 0x0, 0x2f, 0xff, 0xff, 0xff,
    0xff, 0xff, 0xff, 0xa1, 0x0, 0x0, 0x3, 0xff,
    0xff, 0xff, 0xff, 0xff, 0xff, 0xff, 0xd1, 0x0,
    0x0, 0x3f, 0xff, 0xe8, 0x88, 0x88, 0xae, 0xff,
    0xff, 0xb0, 0x0, 0x3, 0xff, 0xfd, 0x0, 0x0,
    0x0, 0x9, 0xff, 0xff, 0x30, 0x0, 0x3f, 0xff,
    0xd0, 0x0, 0x0, 0x0, 0xc, 0xff, 0xf8, 0x0,
    0x3, 0xff, 0xfd, 0x0, 0x0, 0x0, 0x0, 0x6f,
    0xff, 0xb0, 0x0, 0x3f, 0xff, 0xd0, 0x0, 0x0,
    0x0, 0x3, 0xff, 0xfd, 0x0, 0x3, 0xff, 0xfd,
    0x0, 0x0, 0x0, 0x0, 0x2f, 0xff, 0xd0, 0x0,
    0x3f, 0xff, 0xd0, 0x0, 0x0, 0x0, 0x2, 0xff,
    0xfe, 0x0, 0x3, 0xff, 0xfd, 0x0, 0x0, 0x0,
    0x0, 0x2f, 0xff, 0xe0, 0xbe, 0xef, 0xff, 0xfe,
    0xee, 0xd1, 0x0, 0x2, 0xff, 0xfe, 0x2f, 0xff,
    0xff, 0xff, 0xff, 0xff, 0x50, 0x0, 0x2f, 0xff,
    0xe0, 0xdf, 0xff, 0xff, 0xff, 0xff, 0xe2, 0x0,
    0x2, 0xff, 0xfe, 0x0, 0x3, 0xff, 0xfd, 0x0,
    0x0, 0x0, 0x0, 0x2f, 0xff, 0xe0, 0x0, 0x3f,
    0xff, 0xd0, 0x0, 0x0, 0x0, 0x2, 0xff, 0xfe,
    0x0, 0x3, 0xff, 0xfd, 0x0, 0x0, 0x0, 0x0,
    0x2f, 0xff, 0xe0, 0x0, 0x3f, 0xff, 0xd0, 0x0,
    0x0, 0x0, 0x2, 0xff, 0xfe, 0x0, 0x3, 0xff,
    0xfd, 0x0, 0x0, 0x0, 0x0, 0x2f, 0xff, 0xd0,
    0x0, 0x3f, 0xff, 0xd0, 0x0, 0x0, 0x0, 0x3,
    0xff, 0xfd, 0x0, 0x3, 0xff, 0xfd, 0x0, 0x0,
    0x0, 0x0, 0x6f, 0xff, 0xb0, 0x0, 0x3f, 0xff,
    0xd0, 0x0, 0x0, 0x0, 0xc, 0xff, 0xf8, 0x0,
    0x3, 0xff, 0xfd, 0x0, 0x0, 0x0, 0x9, 0xff,
    0xff, 0x30, 0x0, 0x3f, 0xff, 0xe8, 0x88, 0x88,
    0xae, 0xff, 0xff, 0xb0, 0x0, 0x3, 0xff, 0xff,
    0xff, 0xff, 0xff, 0xff, 0xff, 0xd1, 0x0, 0x0,
    0x2f, 0xff, 0xff, 0xff, 0xff, 0xff, 0xff, 0xa1,
    0x0, 0x0, 0x0, 0xaf, 0xff, 0xff, 0xff, 0xfe,
    0xc8, 0x30, 0x0, 0x0,

    /* U+00D1 "Ñ" */
    0x0, 0x0, 0x4a, 0xb8, 0x20, 0x0, 0x2, 0xa1,
    0x0, 0x0, 0x0, 0x6f, 0xff, 0xff, 0x92, 0x3,
    0xef, 0x70, 0x0, 0x0, 0xe, 0xff, 0xff, 0xff,
    0xff, 0xff, 0xf7, 0x0, 0x0, 0x0, 0xef, 0xa1,
    0x5, 0xdf, 0xff, 0xfe, 0x10, 0x0, 0x0, 0x6,
    0x80, 0x0, 0x0, 0x5a, 0xb8, 0x10, 0x0, 0x0,
    0x0, 0x0, 0x0, 0x0, 0x0, 0x0, 0x0, 0x0,
    0x0, 0x0, 0x0, 0x0, 0x0, 0x0, 0x0, 0x0,
    0x0, 0x0, 0x0, 0x0, 0x0, 0x0, 0x0, 0x0,
    0x0, 0x0, 0x0, 0x0, 0x0, 0x0, 0x0, 0x0,
    0x0, 0x0, 0x0, 0x0, 0x0, 0x2, 0xcf, 0xd4,
    0x0, 0x0, 0x0, 0x0, 0x8, 0xef, 0x80, 0x7f,
    0xff, 0xf2, 0x0, 0x0, 0x0, 0x0, 0xff, 0xff,
    0x7, 0xff, 0xff, 0xb0, 0x0, 0x0, 0x0, 0xf,
    0xff, 0xf0, 0x7f, 0xff, 0xff, 0x30, 0x0, 0x0,
    0x0, 0xff, 0xff, 0x7, 0xff, 0xff, 0xfc, 0x0,
    0x0, 0x0, 0xf, 0xff, 0xf0, 0x7f, 0xff, 0xff,
    0xf4, 0x0, 0x0, 0x0, 0xff, 0xff, 0x7, 0xff,
    0xff, 0xff, 0xd0, 0x0, 0x0, 0xf, 0xff, 0xf0,
    0x7f, 0xff, 0xff, 0xff, 0x50, 0x0, 0x0, 0xff,
    0xff, 0x7, 0xff, 0xff, 0xff, 0xfd, 0x0, 0x0,
    0xf, 0xff, 0xf0, 0x7f, 0xff, 0xaf, 0xff, 0xf6,
    0x0, 0x0, 0xff, 0xff, 0x7, 0xff, 0xf8, 0x8f,
    0xff, 0xe0, 0x0, 0xf, 0xff, 0xf0, 0x7f, 0xff,
    0x80, 0xef, 0xff, 0x70, 0x0, 0xff, 0xff, 0x7,
    0xff, 0xf8, 0x6, 0xff, 0xfe, 0x0, 0xf, 0xff,
    0xf0, 0x7f, 0xff, 0x80, 0xd, 0xff, 0xf8, 0x0,
    0xff, 0xff, 0x7, 0xff, 0xf8, 0x0, 0x5f, 0xff,
    0xf1, 0xf, 0xff, 0xf0, 0x7f, 0xff, 0x80, 0x0,
    0xcf, 0xff, 0x90, 0xff, 0xff, 0x7, 0xff, 0xf8,
    0x0, 0x4, 0xff, 0xff, 0x1f, 0xff, 0xf0, 0x7f,
    0xff, 0x80, 0x0, 0xb, 0xff, 0xfa, 0xff, 0xff,
    0x7, 0xff, 0xf8, 0x0, 0x0, 0x3f, 0xff, 0xff,
    0xff, 0xf0, 0x7f, 0xff, 0x80, 0x0, 0x0, 0xaf,
    0xff, 0xff, 0xff, 0x7, 0xff, 0xf8, 0x0, 0x0,
    0x1, 0xff, 0xff, 0xff, 0xf0, 0x7f, 0xff, 0x80,
    0x0, 0x0, 0x8, 0xff, 0xff, 0xff, 0x7, 0xff,
    0xf8, 0x0, 0x0, 0x0, 0x1f, 0xff, 0xff, 0xf0,
    0x7f, 0xff, 0x80, 0x0, 0x0, 0x0, 0x7f, 0xff,
    0xff, 0x7, 0xff, 0xf8, 0x0, 0x0, 0x0, 0x0,
    0xef, 0xff, 0xf0, 0x7f, 0xff, 0x80, 0x0, 0x0,
    0x0, 0x5, 0xff, 0xff, 0x2, 0xcf, 0xd2, 0x0,
    0x0, 0x0, 0x0, 0x7, 0xee, 0x80,

    /* U+00D2 "Ò" */
    0x0, 0x0, 0xc, 0xd5, 0x0, 0x0, 0x0, 0x0,
    0x0, 0x0, 0x0, 0x4f, 0xff, 0xd5, 0x0, 0x0,
    0x0, 0x0, 0x0, 0x0, 0xa, 0xff, 0xff, 0xd3,
    0x0, 0x0, 0x0, 0x0, 0x0, 0x0, 0x3b, 0xff,
    0xfa, 0x0, 0x0, 0x0, 0x0, 0x0, 0x0, 0x0,
    0x3b, 0xe4, 0x0, 0x0, 0x0, 0x0, 0x0, 0x0,
    0x0, 0x0, 0x0, 0x0, 0x0, 0x0, 0x0, 0x0,
    0x0, 0x0, 0x0, 0x0, 0x0, 0x0, 0x0, 0x0,
    0x0, 0x0, 0x0, 0x0, 0x0, 0x0, 0x0, 0x0,
    0x0, 0x0, 0x0, 0x0, 0x0, 0x0, 0x0, 0x0,
    0x0, 0x0, 0x0, 0x28, 0xce, 0xfe, 0xda, 0x50,
    0x0, 0x0, 0x0, 0x19, 0xff, 0xff, 0xff, 0xff,
    0xfe, 0x50, 0x0, 0x0, 0xcf, 0xff, 0xff, 0xff,
    0xff, 0xff, 0xf5, 0x0, 0xa, 0xff, 0xff, 0xea,
    0x89, 0xcf, 0xff, 0xff, 0x30, 0x2f, 0xff, 0xfa,
    0x0, 0x0, 0x4, 0xef, 0xff, 0xa0, 0x7f, 0xff,
    0xd0, 0x0, 0x0, 0x0, 0x5f, 0xff, 0xf0, 0xaf,
    0xff, 0x70, 0x0, 0x0, 0x0, 0xe, 0xff, 0xf2,
    0xbf, 0xff, 0x40, 0x0, 0x0, 0x0, 0xc, 0xff,
    0xf4, 0xcf, 0xff, 0x40, 0x0, 0x0, 0x0, 0xb,
    0xff, 0xf4, 0xcf, 0xff, 0x40, 0x0, 0x0, 0x0,
    0xb, 0xff, 0xf4, 0xcf, 0xff, 0x40, 0x0, 0x0,
    0x0, 0xb, 0xff, 0xf4, 0xcf, 0xff, 0x40, 0x0,
    0x0, 0x0, 0xb, 0xff, 0xf4, 0xcf, 0xff, 0x40,
    0x0, 0x0, 0x0, 0xb, 0xff, 0xf4, 0xcf, 0xff,
    0x40, 0x0, 0x0, 0x0, 0xb, 0xff, 0xf4, 0xcf,
    0xff, 0x40, 0x0, 0x0, 0x0, 0xb, 0xff, 0xf4,
    0xcf, 0xff, 0x40, 0x0, 0x0, 0x0, 0xb, 0xff,
    0xf4, 0xcf, 0xff, 0x40, 0x0, 0x0, 0x0, 0xb,
    0xff, 0xf4, 0xcf, 0xff, 0x40, 0x0, 0x0, 0x0,
    0xb, 0xff, 0xf4, 0xcf, 0xff, 0x40, 0x0, 0x0,
    0x0, 0xb, 0xff, 0xf4, 0xbf, 0xff, 0x40, 0x0,
    0x0, 0x0, 0xc, 0xff, 0xf4, 0xaf, 0xff, 0x70,
    0x0, 0x0, 0x0, 0xe, 0xff, 0xf2, 0x7f, 0xff,
    0xd0, 0x0, 0x0, 0x0, 0x5f, 0xff, 0xf0, 0x2f,
    0xff, 0xfa, 0x0, 0x0, 0x4, 0xef, 0xff, 0xa0,
    0xa, 0xff, 0xff, 0xea, 0x89, 0xcf, 0xff, 0xff,
    0x30, 0x0, 0xdf, 0xff, 0xff, 0xff, 0xff, 0xff,
    0xf6, 0x0, 0x0, 0x1a, 0xff, 0xff, 0xff, 0xff,
    0xfe, 0x50, 0x0, 0x0, 0x0, 0x38, 0xce, 0xff,
    0xda, 0x50, 0x0, 0x0,

    /* U+00D3 "Ó" */
    0x0, 0x0, 0x0, 0x0, 0x1, 0x8e, 0x80, 0x0,
    0x0, 0x0, 0x0, 0x0, 0x1, 0x8f, 0xff, 0xf0,
    0x0, 0x0, 0x0, 0x0, 0x0, 0x6f, 0xff, 0xff,
    0x70, 0x0, 0x0, 0x0, 0x0, 0x0, 0xef, 0xff,
    0x81, 0x0, 0x0, 0x0, 0x0, 0x0, 0x0, 0x8e,
    0x81, 0x0, 0x0, 0x0, 0x0, 0x0, 0x0, 0x0,
    0x0, 0x0, 0x0, 0x0, 0x0, 0x0, 0x0, 0x0,
    0x0, 0x0, 0x0, 0x0, 0x0, 0x0, 0x0, 0x0,
    0x0, 0x0, 0x0, 0x0, 0x0, 0x0, 0x0, 0x0,
    0x0, 0x0, 0x0, 0x0, 0x0, 0x0, 0x0, 0x0,
    0x0, 0x0, 0x0, 0x28, 0xce, 0xfe, 0xda, 0x50,
    0x0, 0x0, 0x0, 0x19, 0xff, 0xff, 0xff, 0xff,
    0xfe, 0x50, 0x0, 0x0, 0xcf, 0xff, 0xff, 0xff,
    0xff, 0xff, 0xf5, 0x0, 0xa, 0xff, 0xff, 0xea,
    0x89, 0xcf, 0xff, 0xff, 0x30, 0x2f, 0xff, 0xfa,
    0x0, 0x0, 0x4, 0xef, 0xff, 0xa0, 0x7f, 0xff,
    0xd0, 0x0, 0x0, 0x0, 0x5f, 0xff, 0xf0, 0xaf,
    0xff, 0x70, 0x0, 0x0, 0x0, 0xe, 0xff, 0xf2,
    0xbf, 0xff, 0x40, 0x0, 0x0, 0x0, 0xc, 0xff,
    0xf4, 0xcf, 0xff, 0x40, 0x0, 0x0, 0x0, 0xb,
    0xff, 0xf4, 0xcf, 0xff, 0x40, 0x0, 0x0, 0x0,
    0xb, 0xff, 0xf4, 0xcf, 0xff, 0x40, 0x0, 0x0,
    0x0, 0xb, 0xff, 0xf4, 0xcf, 0xff, 0x40, 0x0,
    0x0, 0x0, 0xb, 0xff, 0xf4, 0xcf, 0xff, 0x40,
    0x0, 0x0, 0x0, 0xb, 0xff, 0xf4, 0xcf, 0xff,
    0x40, 0x0, 0x0, 0x0, 0xb, 0xff, 0xf4, 0xcf,
    0xff, 0x40, 0x0, 0x0, 0x0, 0xb, 0xff, 0xf4,
    0xcf, 0xff, 0x40, 0x0, 0x0, 0x0, 0xb, 0xff,
    0xf4, 0xcf, 0xff, 0x40, 0x0, 0x0, 0x0, 0xb,
    0xff, 0xf4, 0xcf, 0xff, 0x40, 0x0, 0x0, 0x0,
    0xb, 0xff, 0xf4, 0xcf, 0xff, 0x40, 0x0, 0x0,
    0x0, 0xb, 0xff, 0xf4, 0xbf, 0xff, 0x40, 0x0,
    0x0, 0x0, 0xc, 0xff, 0xf4, 0xaf, 0xff, 0x70,
    0x0, 0x0, 0x0, 0xe, 0xff, 0xf2, 0x7f, 0xff,
    0xd0, 0x0, 0x0, 0x0, 0x5f, 0xff, 0xf0, 0x2f,
    0xff, 0xfa, 0x0, 0x0, 0x4, 0xef, 0xff, 0xa0,
    0xa, 0xff, 0xff, 0xea, 0x89, 0xcf, 0xff, 0xff,
    0x30, 0x0, 0xdf, 0xff, 0xff, 0xff, 0xff, 0xff,
    0xf6, 0x0, 0x0, 0x1a, 0xff, 0xff, 0xff, 0xff,
    0xfe, 0x50, 0x0, 0x0, 0x0, 0x38, 0xce, 0xff,
    0xda, 0x50, 0x0, 0x0,

    /* U+00D4 "Ô" */
    0x0, 0x0, 0x0, 0x18, 0xec, 0x40, 0x0, 0x0,
    0x0, 0x0, 0x0, 0x18, 0xff, 0xff, 0xfc, 0x40,
    0x0, 0x0, 0x0, 0x3, 0xff, 0xff, 0x9c, 0xff,
    0xfb, 0x0, 0x0, 0x0, 0x7, 0xff, 0x81, 0x0,
    0x4c, 0xff, 0x0, 0x0, 0x0, 0x1, 0x61, 0x0,
    0x0, 0x0, 0x44, 0x0, 0x0, 0x0, 0x0, 0x0,
    0x0, 0x0, 0x0, 0x0, 0x0, 0x0, 0x0, 0x0,
    0x0, 0x0, 0x0, 0x0, 0x0, 0x0, 0x0, 0x0,
    0x0, 0x0, 0x0, 0x0, 0x0, 0x0, 0x0, 0x0,
    0x0, 0x0, 0x0, 0x0, 0x0, 0x0, 0x0, 0x0,
    0x0, 0x0, 0x0, 0x28, 0xce, 0xfe, 0xda, 0x50,
    0x0, 0x0, 0x0, 0x19, 0xff, 0xff, 0xff, 0xff,
    0xfe, 0x50, 0x0, 0x0, 0xcf, 0xff, 0xff, 0xff,
    0xff, 0xff, 0xf5, 0x0, 0xa, 0xff, 0xff, 0xea,
    0x89, 0xcf, 0xff, 0xff, 0x30, 0x2f, 0xff, 0xfa,
    0x0, 0x0, 0x4, 0xef, 0xff, 0xa0, 0x7f, 0xff,
    0xd0, 0x0, 0x0, 0x0, 0x5f, 0xff, 0xf0, 0xaf,
    0xff, 0x70, 0x0, 0x0, 0x0, 0xe, 0xff, 0xf2,
    0xbf, 0xff, 0x40, 0x0, 0x0, 0x0, 0xc, 0xff,
    0xf4, 0xcf, 0xff, 0x40, 0x0, 0x0, 0x0, 0xb,
    0xff, 0xf4, 0xcf, 0xff, 0x40, 0x0, 0x0, 0x0,
    0xb, 0xff, 0xf4, 0xcf, 0xff, 0x40, 0x0, 0x0,
    0x0, 0xb, 0xff, 0xf4, 0xcf, 0xff, 0x40, 0x0,
    0x0, 0x0, 0xb, 0xff, 0xf4, 0xcf, 0xff, 0x40,
    0x0, 0x0, 0x0, 0xb, 0xff, 0xf4, 0xcf, 0xff,
    0x40, 0x0, 0x0, 0x0, 0xb, 0xff, 0xf4, 0xcf,
    0xff, 0x40, 0x0, 0x0, 0x0, 0xb, 0xff, 0xf4,
    0xcf, 0xff, 0x40, 0x0, 0x0, 0x0, 0xb, 0xff,
    0xf4, 0xcf, 0xff, 0x40, 0x0, 0x0, 0x0, 0xb,
    0xff, 0xf4, 0xcf, 0xff, 0x40, 0x0, 0x0, 0x0,
    0xb, 0xff, 0xf4, 0xcf, 0xff, 0x40, 0x0, 0x0,
    0x0, 0xb, 0xff, 0xf4, 0xbf, 0xff, 0x40, 0x0,
    0x0, 0x0, 0xc, 0xff, 0xf4, 0xaf, 0xff, 0x70,
    0x0, 0x0, 0x0, 0xe, 0xff, 0xf2, 0x7f, 0xff,
    0xd0, 0x0, 0x0, 0x0, 0x5f, 0xff, 0xf0, 0x2f,
    0xff, 0xfa, 0x0, 0x0, 0x4, 0xef, 0xff, 0xa0,
    0xa, 0xff, 0xff, 0xea, 0x89, 0xcf, 0xff, 0xff,
    0x30, 0x0, 0xdf, 0xff, 0xff, 0xff, 0xff, 0xff,
    0xf6, 0x0, 0x0, 0x1a, 0xff, 0xff, 0xff, 0xff,
    0xfe, 0x50, 0x0, 0x0, 0x0, 0x38, 0xce, 0xff,
    0xda, 0x50, 0x0, 0x0,

    /* U+00D5 "Õ" */
    0x0, 0x2, 0x8b, 0xb8, 0x30, 0x0, 0x19, 0x70,
    0x0, 0x0, 0x2f, 0xff, 0xff, 0xfe, 0xcc, 0xff,
    0xf0, 0x0, 0x0, 0x7f, 0xff, 0xff, 0xff, 0xff,
    0xff, 0xc0, 0x0, 0x0, 0x3e, 0x92, 0x1, 0x5a,
    0xef, 0xea, 0x20, 0x0, 0x0, 0x0, 0x0, 0x0,
    0x0, 0x0, 0x0, 0x0, 0x0, 0x0, 0x0, 0x0,
    0x0, 0x0, 0x0, 0x0, 0x0, 0x0, 0x0, 0x0,
    0x0, 0x0, 0x0, 0x0, 0x0, 0x0, 0x0, 0x0,
    0x0, 0x0, 0x0, 0x0, 0x0, 0x0, 0x0, 0x0,
    0x0, 0x0, 0x0, 0x0, 0x0, 0x0, 0x0, 0x0,
    0x0, 0x0, 0x0, 0x28, 0xce, 0xfe, 0xda, 0x50,
    0x0, 0x0, 0x0, 0x19, 0xff, 0xff, 0xff, 0xff,
    0xfe, 0x50, 0x0, 0x0, 0xcf, 0xff, 0xff, 0xff,
    0xff, 0xff, 0xf5, 0x0, 0xa, 0xff, 0xff, 0xea,
    0x89, 0xcf, 0xff, 0xff, 0x30, 0x2f, 0xff, 0xfa,
    0x0, 0x0, 0x4, 0xef, 0xff, 0xa0, 0x7f, 0xff,
    0xd0, 0x0, 0x0, 0x0, 0x5f, 0xff, 0xf0, 0xaf,
    0xff, 0x70, 0x0, 0x0, 0x0, 0xe, 0xff, 0xf2,
    0xbf, 0xff, 0x40, 0x0, 0x0, 0x0, 0xc, 0xff,
    0xf4, 0xcf, 0xff, 0x40, 0x0, 0x0, 0x0, 0xb,
    0xff, 0xf4, 0xcf, 0xff, 0x40, 0x0, 0x0, 0x0,
    0xb, 0xff, 0xf4, 0xcf, 0xff, 0x40, 0x0, 0x0,
    0x0, 0xb, 0xff, 0xf4, 0xcf, 0xff, 0x40, 0x0,
    0x0, 0x0, 0xb, 0xff, 0xf4, 0xcf, 0xff, 0x40,
    0x0, 0x0, 0x0, 0xb, 0xff, 0xf4, 0xcf, 0xff,
    0x40, 0x0, 0x0, 0x0, 0xb, 0xff, 0xf4, 0xcf,
    0xff, 0x40, 0x0, 0x0, 0x0, 0xb, 0xff, 0xf4,
    0xcf, 0xff, 0x40, 0x0, 0x0, 0x0, 0xb, 0xff,
    0xf4, 0xcf, 0xff, 0x40, 0x0, 0x0, 0x0, 0xb,
    0xff, 0xf4, 0xcf, 0xff, 0x40, 0x0, 0x0, 0x0,
    0xb, 0xff, 0xf4, 0xcf, 0xff, 0x40, 0x0, 0x0,
    0x0, 0xb, 0xff, 0xf4, 0xbf, 0xff, 0x40, 0x0,
    0x0, 0x0, 0xc, 0xff, 0xf4, 0xaf, 0xff, 0x70,
    0x0, 0x0, 0x0, 0xe, 0xff, 0xf2, 0x7f, 0xff,
    0xd0, 0x0, 0x0, 0x0, 0x5f, 0xff, 0xf0, 0x2f,
    0xff, 0xfa, 0x0, 0x0, 0x4, 0xef, 0xff, 0xa0,
    0xa, 0xff, 0xff, 0xea, 0x89, 0xcf, 0xff, 0xff,
    0x30, 0x0, 0xdf, 0xff, 0xff, 0xff, 0xff, 0xff,
    0xf6, 0x0, 0x0, 0x1a, 0xff, 0xff, 0xff, 0xff,
    0xfe, 0x50, 0x0, 0x0, 0x0, 0x38, 0xce, 0xff,
    0xda, 0x50, 0x0, 0x0,

    /* U+00D6 "Ö" */
    0x0, 0x0, 0x2d, 0xe4, 0x0, 0xaf, 0x80, 0x0,
    0x0, 0x0, 0x0, 0x8f, 0xfc, 0x3, 0xff, 0xf1,
    0x0, 0x0, 0x0, 0x0, 0x6f, 0xf9, 0x1, 0xff,
    0xe0, 0x0, 0x0, 0x0, 0x0, 0x5, 0x60, 0x0,
    0x36, 0x10, 0x0, 0x0, 0x0, 0x0, 0x0, 0x0,
    0x0, 0x0, 0x0, 0x0, 0x0, 0x0, 0x0, 0x0,
    0x0, 0x0, 0x0, 0x0, 0x0, 0x0, 0x0, 0x0,
    0x0, 0x0, 0x0, 0x0, 0x0, 0x0, 0x0, 0x0,
    0x0, 0x0, 0x0, 0x0, 0x0, 0x0, 0x0, 0x0,
    0x0, 0x0, 0x28, 0xce, 0xfe, 0xda, 0x50, 0x0,
    0x0, 0x0, 0x19, 0xff, 0xff, 0xff, 0xff, 0xfe,
    0x50, 0x0, 0x0, 0xcf, 0xff, 0xff, 0xff, 0xff,
    0xff, 0xf5, 0x0, 0xa, 0xff, 0xff, 0xea, 0x89,
    0xcf, 0xff, 0xff, 0x30, 0x2f, 0xff, 0xfa, 0x0,
    0x0, 0x4, 0xef, 0xff, 0xa0, 0x7f, 0xff, 0xd0,
    0x0, 0x0, 0x0, 0x5f, 0xff, 0xf0, 0xaf, 0xff,
    0x70, 0x0, 0x0, 0x0, 0xe, 0xff, 0xf2, 0xbf,
    0xff, 0x40, 0x0, 0x0, 0x0, 0xc, 0xff, 0xf4,
    0xcf, 0xff, 0x40, 0x0, 0x0, 0x0, 0xb, 0xff,
    0xf4, 0xcf, 0xff, 0x40, 0x0, 0x0, 0x0, 0xb,
    0xff, 0xf4, 0xcf, 0xff, 0x40, 0x0, 0x0, 0x0,
    0xb, 0xff, 0xf4, 0xcf, 0xff, 0x40, 0x0, 0x0,
    0x0, 0xb, 0xff, 0xf4, 0xcf, 0xff, 0x40, 0x0,
    0x0, 0x0, 0xb, 0xff, 0xf4, 0xcf, 0xff, 0x40,
    0x0, 0x0, 0x0, 0xb, 0xff, 0xf4, 0xcf, 0xff,
    0x40, 0x0, 0x0, 0x0, 0xb, 0xff, 0xf4, 0xcf,
    0xff, 0x40, 0x0, 0x0, 0x0, 0xb, 0xff, 0xf4,
    0xcf, 0xff, 0x40, 0x0, 0x0, 0x0, 0xb, 0xff,
    0xf4, 0xcf, 0xff, 0x40, 0x0, 0x0, 0x0, 0xb,
    0xff, 0xf4, 0xcf, 0xff, 0x40, 0x0, 0x0, 0x0,
    0xb, 0xff, 0xf4, 0xbf, 0xff, 0x40, 0x0, 0x0,
    0x0, 0xc, 0xff, 0xf4, 0xaf, 0xff, 0x70, 0x0,
    0x0, 0x0, 0xe, 0xff, 0xf2, 0x7f, 0xff, 0xd0,
    0x0, 0x0, 0x0, 0x5f, 0xff, 0xf0, 0x2f, 0xff,
    0xfa, 0x0, 0x0, 0x4, 0xef, 0xff, 0xa0, 0xa,
    0xff, 0xff, 0xea, 0x89, 0xcf, 0xff, 0xff, 0x30,
    0x0, 0xdf, 0xff, 0xff, 0xff, 0xff, 0xff, 0xf6,
    0x0, 0x0, 0x1a, 0xff, 0xff, 0xff, 0xff, 0xfe,
    0x50, 0x0, 0x0, 0x0, 0x38, 0xce, 0xff, 0xda,
    0x50, 0x0, 0x0,

    /* U+00D7 "×" */
    0x1, 0x73, 0x0, 0x0, 0x1, 0x73, 0x0, 0xdf,
    0xf4, 0x0, 0x1, 0xdf, 0xf2, 0x1f, 0xff, 0xf4,
    0x1, 0xdf, 0xff, 0x60, 0x7f, 0xff, 0xf6, 0xdf,
    0xff, 0xb0, 0x0, 0x6f, 0xff, 0xff, 0xff, 0xa0,
    0x0, 0x0, 0x4f, 0xff, 0xff, 0x90, 0x0, 0x0,
    0x0, 0xcf, 0xff, 0xf3, 0x0, 0x0, 0x1, 0xcf,
    0xff, 0xff, 0xf3, 0x0, 0x2, 0xdf, 0xff, 0xcf,
    0xff, 0xf4, 0x1, 0xef, 0xff, 0xa0, 0x6f, 0xff,
    0xf3, 0x1f, 0xff, 0xa0, 0x0, 0x6f, 0xff, 0x60,
    0x6f, 0xa0, 0x0, 0x0, 0x6f, 0xa0,

    /* U+00D8 "Ø" */
    0x0, 0x0, 0x0, 0x0, 0x0, 0x0, 0x0, 0x2e,
    0xd1, 0x0, 0x0, 0x28, 0xce, 0xfe, 0xda, 0x50,
    0xbf, 0xf5, 0x0, 0x19, 0xff, 0xff, 0xff, 0xff,
    0xff, 0xff, 0xe1, 0x0, 0xcf, 0xff, 0xff, 0xff,
    0xff, 0xff, 0xff, 0x70, 0xa, 0xff, 0xff, 0xea,
    0x89, 0xcf, 0xff, 0xff, 0x30, 0x2f, 0xff, 0xfa,
    0x0, 0x0, 0x4, 0xff, 0xff, 0xa0, 0x7f, 0xff,
    0xd0, 0x0, 0x0, 0x5, 0xff, 0xff, 0xf0, 0xaf,
    0xff, 0x70, 0x0, 0x0, 0xd, 0xff, 0xff, 0xf2,
    0xbf, 0xff, 0x40, 0x0, 0x0, 0x6f, 0xff, 0xff,
    0xf4, 0xcf, 0xff, 0x40, 0x0, 0x0, 0xef, 0xff,
    0xff, 0xf4, 0xcf, 0xff, 0x40, 0x0, 0x7, 0xff,
    0xcb, 0xff, 0xf4, 0xcf, 0xff, 0x40, 0x0, 0xe,
    0xff, 0x3b, 0xff, 0xf4, 0xcf, 0xff, 0x40, 0x0,
    0x8f, 0xfb, 0xb, 0xff, 0xf4, 0xcf, 0xff, 0x40,
    0x1, 0xff, 0xf3, 0xb, 0xff, 0xf4, 0xcf, 0xff,
    0x40, 0x8, 0xff, 0xa0, 0xb, 0xff, 0xf4, 0xcf,
    0xff, 0x40, 0x1f, 0xff, 0x20, 0xb, 0xff, 0xf4,
    0xcf, 0xff, 0x40, 0x9f, 0xf9, 0x0, 0xb, 0xff,
    0xf4, 0xcf, 0xff, 0x42, 0xff, 0xf1, 0x0, 0xb,
    0xff, 0xf4, 0xcf, 0xff, 0x4a, 0xff, 0x80, 0x0,
    0xb, 0xff, 0xf4, 0xcf, 0xff, 0x7f, 0xff, 0x10,
    0x0, 0xb, 0xff, 0xf4, 0xbf, 0xff, 0xff, 0xf7,
    0x0, 0x0, 0xc, 0xff, 0xf4, 0xaf, 0xff, 0xff,
    0xe0, 0x0, 0x0, 0xe, 0xff, 0xf2, 0x7f, 0xff,
    0xff, 0x60, 0x0, 0x0, 0x5f, 0xff, 0xf0, 0x2f,
    0xff, 0xff, 0x10, 0x0, 0x4, 0xef, 0xff, 0xa0,
    0xa, 0xff, 0xff, 0xea, 0x89, 0xcf, 0xff, 0xff,
    0x30, 0x6, 0xff, 0xff, 0xff, 0xff, 0xff, 0xff,
    0xf6, 0x0, 0xd, 0xff, 0xff, 0xff, 0xff, 0xff,
    0xfe, 0x50, 0x0, 0x5f, 0xfc, 0x38, 0xce, 0xff,
    0xda, 0x50, 0x0, 0x0, 0x2d, 0xe3, 0x0, 0x0,
    0x0, 0x0, 0x0, 0x0, 0x0,

    /* U+00D9 "Ù" */
    0x0, 0x0, 0x8, 0xe8, 0x10, 0x0, 0x0, 0x0,
    0x0, 0x0, 0x0, 0xf, 0xff, 0xf8, 0x10, 0x0,
    0x0, 0x0, 0x0, 0x0, 0x7, 0xff, 0xff, 0xf6,
    0x0, 0x0, 0x0, 0x0, 0x0, 0x0, 0x18, 0xff,
    0xfe, 0x0, 0x0, 0x0, 0x0, 0x0, 0x0, 0x0,
    0x18, 0xe8, 0x0, 0x0, 0x0, 0x0, 0x0, 0x0,
    0x0, 0x0, 0x0, 0x0, 0x0, 0x0, 0x0, 0x0,
    0x0, 0x0, 0x0, 0x0, 0x0, 0x0, 0x0, 0x0,
    0x0, 0x0, 0x0, 0x0, 0x0, 0x0, 0x0, 0x0,
    0x0, 0x0, 0x0, 0x0, 0x0, 0x0, 0x0, 0x0,
    0x0, 0x3d, 0xfc, 0x10, 0x0, 0x0, 0x0, 0x0,
    0xbf, 0xe5, 0x9f, 0xff, 0x60, 0x0, 0x0, 0x0,
    0x4, 0xff, 0xfc, 0x9f, 0xff, 0x60, 0x0, 0x0,
    0x0, 0x4, 0xff, 0xfc, 0x9f, 0xff, 0x60, 0x0,
    0x0, 0x0, 0x4, 0xff, 0xfc, 0x9f, 0xff, 0x60,
    0x0, 0x0, 0x0, 0x4, 0xff, 0xfc, 0x9f, 0xff,
    0x60, 0x0, 0x0, 0x0, 0x4, 0xff, 0xfc, 0x9f,
    0xff, 0x60, 0x0, 0x0, 0x0, 0x4, 0xff, 0xfc,
    0x9f, 0xff, 0x60, 0x0, 0x0, 0x0, 0x4, 0xff,
    0xfc, 0x9f, 0xff, 0x60, 0x0, 0x0, 0x0, 0x4,
    0xff, 0xfc, 0x9f, 0xff, 0x60, 0x0, 0x0, 0x0,
    0x4, 0xff, 0xfc, 0x9f, 0xff, 0x60, 0x0, 0x0,
    0x0, 0x4, 0xff, 0xfc, 0x9f, 0xff, 0x60, 0x0,
    0x0, 0x0, 0x4, 0xff, 0xfc, 0x9f, 0xff, 0x60,
    0x0, 0x0, 0x0, 0x4, 0xff, 0xfc, 0x9f, 0xff,
    0x60, 0x0, 0x0, 0x0, 0x4, 0xff, 0xfc, 0x9f,
    0xff, 0x60, 0x0, 0x0, 0x0, 0x4, 0xff, 0xfc,
    0x9f, 0xff, 0x60, 0x0, 0x0, 0x0, 0x4, 0xff,
    0xfc, 0x9f, 0xff, 0x60, 0x0, 0x0, 0x0, 0x4,
    0xff, 0xfc, 0x9f, 0xff, 0x60, 0x0, 0x0, 0x0,
    0x4, 0xff, 0xfc, 0x9f, 0xff, 0x60, 0x0, 0x0,
    0x0, 0x4, 0xff, 0xfc, 0x9f, 0xff, 0x70, 0x0,
    0x0, 0x0, 0x5, 0xff, 0xfb, 0x7f, 0xff, 0xa0,
    0x0, 0x0, 0x0, 0x8, 0xff, 0xfa, 0x4f, 0xff,
    0xf1, 0x0, 0x0, 0x0, 0xe, 0xff, 0xf7, 0xf,
    0xff, 0xfc, 0x10, 0x0, 0x1, 0xbf, 0xff, 0xf2,
    0x7, 0xff, 0xff, 0xfb, 0x88, 0xbf, 0xff, 0xff,
    0x90, 0x0, 0xaf, 0xff, 0xff, 0xff, 0xff, 0xff,
    0xfc, 0x0, 0x0, 0x8, 0xff, 0xff, 0xff, 0xff,
    0xff, 0x90, 0x0, 0x0, 0x0, 0x27, 0xbd, 0xff,
    0xec, 0x72, 0x0, 0x0,

    /* U+00DA "Ú" */
    0x0, 0x0, 0x0, 0x0, 0x0, 0x5d, 0xc0, 0x0,
    0x0, 0x0, 0x0, 0x0, 0x0, 0x5d, 0xff, 0xf4,
    0x0, 0x0, 0x0, 0x0, 0x0, 0x3d, 0xff, 0xff,
    0xb0, 0x0, 0x0, 0x0, 0x0, 0x0, 0x9f, 0xff,
    0xb3, 0x0, 0x0, 0x0, 0x0, 0x0, 0x0, 0x4e,
    0xb3, 0x0, 0x0, 0x0, 0x0, 0x0, 0x0, 0x0,
    0x0, 0x0, 0x0, 0x0, 0x0, 0x0, 0x0, 0x0,
    0x0, 0x0, 0x0, 0x0, 0x0, 0x0, 0x0, 0x0,
    0x0, 0x0, 0x0, 0x0, 0x0, 0x0, 0x0, 0x0,
    0x0, 0x0, 0x0, 0x0, 0x0, 0x0, 0x0, 0x0,
    0x0, 0x3d, 0xfc, 0x10, 0x0, 0x0, 0x0, 0x0,
    0xbf, 0xe5, 0x9f, 0xff, 0x60, 0x0, 0x0, 0x0,
    0x4, 0xff, 0xfc, 0x9f, 0xff, 0x60, 0x0, 0x0,
    0x0, 0x4, 0xff, 0xfc, 0x9f, 0xff, 0x60, 0x0,
    0x0, 0x0, 0x4, 0xff, 0xfc, 0x9f, 0xff, 0x60,
    0x0, 0x0, 0x0, 0x4, 0xff, 0xfc, 0x9f, 0xff,
    0x60, 0x0, 0x0, 0x0, 0x4, 0xff, 0xfc, 0x9f,
    0xff, 0x60, 0x0, 0x0, 0x0, 0x4, 0xff, 0xfc,
    0x9f, 0xff, 0x60, 0x0, 0x0, 0x0, 0x4, 0xff,
    0xfc, 0x9f, 0xff, 0x60, 0x0, 0x0, 0x0, 0x4,
    0xff, 0xfc, 0x9f, 0xff, 0x60, 0x0, 0x0, 0x0,
    0x4, 0xff, 0xfc, 0x9f, 0xff, 0x60, 0x0, 0x0,
    0x0, 0x4, 0xff, 0xfc, 0x9f, 0xff, 0x60, 0x0,
    0x0, 0x0, 0x4, 0xff, 0xfc, 0x9f, 0xff, 0x60,
    0x0, 0x0, 0x0, 0x4, 0xff, 0xfc, 0x9f, 0xff,
    0x60, 0x0, 0x0, 0x0, 0x4, 0xff, 0xfc, 0x9f,
    0xff, 0x60, 0x0, 0x0, 0x0, 0x4, 0xff, 0xfc,
    0x9f, 0xff, 0x60, 0x0, 0x0, 0x0, 0x4, 0xff,
    0xfc, 0x9f, 0xff, 0x60, 0x0, 0x0, 0x0, 0x4,
    0xff, 0xfc, 0x9f, 0xff, 0x60, 0x0, 0x0, 0x0,
    0x4, 0xff, 0xfc, 0x9f, 0xff, 0x60, 0x0, 0x0,
    0x0, 0x4, 0xff, 0xfc, 0x9f, 0xff, 0x70, 0x0,
    0x0, 0x0, 0x5, 0xff, 0xfb, 0x7f, 0xff, 0xa0,
    0x0, 0x0, 0x0, 0x8, 0xff, 0xfa, 0x4f, 0xff,
    0xf1, 0x0, 0x0, 0x0, 0xe, 0xff, 0xf7, 0xf,
    0xff, 0xfc, 0x10, 0x0, 0x1, 0xbf, 0xff, 0xf2,
    0x7, 0xff, 0xff, 0xfb, 0x88, 0xbf, 0xff, 0xff,
    0x90, 0x0, 0xaf, 0xff, 0xff, 0xff, 0xff, 0xff,
    0xfc, 0x0, 0x0, 0x8, 0xff, 0xff, 0xff, 0xff,
    0xff, 0x90, 0x0, 0x0, 0x0, 0x27, 0xbd, 0xff,
    0xec, 0x72, 0x0, 0x0,

    /* U+00DB "Û" */
    0x0, 0x0, 0x0, 0x5, 0xdd, 0x60, 0x0, 0x0,
    0x0, 0x0, 0x0, 0x5, 0xdf, 0xff, 0xfe, 0x70,
    0x0, 0x0, 0x0, 0x0, 0xcf, 0xff, 0xba, 0xff,
    0xfe, 0x10, 0x0, 0x0, 0x2, 0xff, 0xb3, 0x0,
    0x2a, 0xff, 0x40, 0x0, 0x0, 0x0, 0x53, 0x0,
    0x0, 0x0, 0x26, 0x0, 0x0, 0x0, 0x0, 0x0,
    0x0, 0x0, 0x0, 0x0, 0x0, 0x0, 0x0, 0x0,
    0x0, 0x0, 0x0, 0x0, 0x0, 0x0, 0x0, 0x0,
    0x0, 0x0, 0x0, 0x0, 0x0, 0x0, 0x0, 0x0,
    0x0, 0x0, 0x0, 0x0, 0x0, 0x0, 0x0, 0x0,
    0x0, 0x3d, 0xfc, 0x10, 0x0, 0x0, 0x0, 0x0,
    0xbf, 0xe5, 0x9f, 0xff, 0x60, 0x0, 0x0, 0x0,
    0x4, 0xff, 0xfc, 0x9f, 0xff, 0x60, 0x0, 0x0,
    0x0, 0x4, 0xff, 0xfc, 0x9f, 0xff, 0x60, 0x0,
    0x0, 0x0, 0x4, 0xff, 0xfc, 0x9f, 0xff, 0x60,
    0x0, 0x0, 0x0, 0x4, 0xff, 0xfc, 0x9f, 0xff,
    0x60, 0x0, 0x0, 0x0, 0x4, 0xff, 0xfc, 0x9f,
    0xff, 0x60, 0x0, 0x0, 0x0, 0x4, 0xff, 0xfc,
    0x9f, 0xff, 0x60, 0x0, 0x0, 0x0, 0x4, 0xff,
    0xfc, 0x9f, 0xff, 0x60, 0x0, 0x0, 0x0, 0x4,
    0xff, 0xfc, 0x9f, 0xff, 0x60, 0x0, 0x0, 0x0,
    0x4, 0xff, 0xfc, 0x9f, 0xff, 0x60, 0x0, 0x0,
    0x0, 0x4, 0xff, 0xfc, 0x9f, 0xff, 0x60, 0x0,
    0x0, 0x0, 0x4, 0xff, 0xfc, 0x9f, 0xff, 0x60,
    0x0, 0x0, 0x0, 0x4, 0xff, 0xfc, 0x9f, 0xff,
    0x60, 0x0, 0x0, 0x0, 0x4, 0xff, 0xfc, 0x9f,
    0xff, 0x60, 0x0, 0x0, 0x0, 0x4, 0xff, 0xfc,
    0x9f, 0xff, 0x60, 0x0, 0x0, 0x0, 0x4, 0xff,
    0xfc, 0x9f, 0xff, 0x60, 0x0, 0x0, 0x0, 0x4,
    0xff, 0xfc, 0x9f, 0xff, 0x60, 0x0, 0x0, 0x0,
    0x4, 0xff, 0xfc, 0x9f, 0xff, 0x60, 0x0, 0x0,
    0x0, 0x4, 0xff, 0xfc, 0x9f, 0xff, 0x70, 0x0,
    0x0, 0x0, 0x5, 0xff, 0xfb, 0x7f, 0xff, 0xa0,
    0x0, 0x0, 0x0, 0x8, 0xff, 0xfa, 0x4f, 0xff,
    0xf1, 0x0, 0x0, 0x0, 0xe, 0xff, 0xf7, 0xf,
    0xff, 0xfc, 0x10, 0x0, 0x1, 0xbf, 0xff, 0xf2,
    0x7, 0xff, 0xff, 0xfb, 0x88, 0xbf, 0xff, 0xff,
    0x90, 0x0, 0xaf, 0xff, 0xff, 0xff, 0xff, 0xff,
    0xfc, 0x0, 0x0, 0x8, 0xff, 0xff, 0xff, 0xff,
    0xff, 0x90, 0x0, 0x0, 0x0, 0x27, 0xbd, 0xff,
    0xec, 0x72, 0x0, 0x0,

    /* U+00DC "Ü" */
    0x0, 0x0, 0xb, 0xf8, 0x0, 0x7f, 0xb0, 0x0,
    0x0, 0x0, 0x0, 0x4f, 0xff, 0x0, 0xff, 0xf5,
    0x0, 0x0, 0x0, 0x0, 0x2f, 0xfd, 0x0, 0xcf,
    0xf2, 0x0, 0x0, 0x0, 0x0, 0x3, 0x61, 0x0,
    0x16, 0x30, 0x0, 0x0, 0x0, 0x0, 0x0, 0x0,
    0x0, 0x0, 0x0, 0x0, 0x0, 0x0, 0x0, 0x0,
    0x0, 0x0, 0x0, 0x0, 0x0, 0x0, 0x0, 0x0,
    0x0, 0x0, 0x0, 0x0, 0x0, 0x0, 0x0, 0x0,
    0x0, 0x0, 0x0, 0x0, 0x0, 0x0, 0x0, 0x0,
    0x3d, 0xfc, 0x10, 0x0, 0x0, 0x0, 0x0, 0xbf,
    0xe5, 0x9f, 0xff, 0x60, 0x0, 0x0, 0x0, 0x4,
    0xff, 0xfc, 0x9f, 0xff, 0x60, 0x0, 0x0, 0x0,
    0x4, 0xff, 0xfc, 0x9f, 0xff, 0x60, 0x0, 0x0,
    0x0, 0x4, 0xff, 0xfc, 0x9f, 0xff, 0x60, 0x0,
    0x0, 0x0, 0x4, 0xff, 0xfc, 0x9f, 0xff, 0x60,
    0x0, 0x0, 0x0, 0x4, 0xff, 0xfc, 0x9f, 0xff,
    0x60, 0x0, 0x0, 0x0, 0x4, 0xff, 0xfc, 0x9f,
    0xff, 0x60, 0x0, 0x0, 0x0, 0x4, 0xff, 0xfc,
    0x9f, 0xff, 0x60, 0x0, 0x0, 0x0, 0x4, 0xff,
    0xfc, 0x9f, 0xff, 0x60, 0x0, 0x0, 0x0, 0x4,
    0xff, 0xfc, 0x9f, 0xff, 0x60, 0x0, 0x0, 0x0,
    0x4, 0xff, 0xfc, 0x9f, 0xff, 0x60, 0x0, 0x0,
    0x0, 0x4, 0xff, 0xfc, 0x9f, 0xff, 0x60, 0x0,
    0x0, 0x0, 0x4, 0xff, 0xfc, 0x9f, 0xff, 0x60,
    0x0, 0x0, 0x0, 0x4, 0xff, 0xfc, 0x9f, 0xff,
    0x60, 0x0, 0x0, 0x0, 0x4, 0xff, 0xfc, 0x9f,
    0xff, 0x60, 0x0, 0x0, 0x0, 0x4, 0xff, 0xfc,
    0x9f, 0xff, 0x60, 0x0, 0x0, 0x0, 0x4, 0xff,
    0xfc, 0x9f, 0xff, 0x60, 0x0, 0x0, 0x0, 0x4,
    0xff, 0xfc, 0x9f, 0xff, 0x60, 0x0, 0x0, 0x0,
    0x4, 0xff, 0xfc, 0x9f, 0xff, 0x70, 0x0, 0x0,
    0x0, 0x5, 0xff, 0xfb, 0x7f, 0xff, 0xa0, 0x0,
    0x0, 0x0, 0x8, 0xff, 0xfa, 0x4f, 0xff, 0xf1,
    0x0, 0x0, 0x0, 0xe, 0xff, 0xf7, 0xf, 0xff,
    0xfc, 0x10, 0x0, 0x1, 0xbf, 0xff, 0xf2, 0x7,
    0xff, 0xff, 0xfb, 0x88, 0xbf, 0xff, 0xff, 0x90,
    0x0, 0xaf, 0xff, 0xff, 0xff, 0xff, 0xff, 0xfc,
    0x0, 0x0, 0x8, 0xff, 0xff, 0xff, 0xff, 0xff,
    0x90, 0x0, 0x0, 0x0, 0x27, 0xbd, 0xff, 0xec,
    0x72, 0x0, 0x0,

    /* U+00DD "Ý" */
    0x0, 0x0, 0x0, 0x0, 0x0, 0x2, 0x9f, 0x60,
    0x0, 0x0, 0x0, 0x0, 0x0, 0x0, 0x0, 0x29,
    0xff, 0xfc, 0x0, 0x0, 0x0, 0x0, 0x0, 0x0,
    0x0, 0x9f, 0xff, 0xfe, 0x50, 0x0, 0x0, 0x0,
    0x0, 0x0, 0x0, 0x1f, 0xff, 0xe7, 0x0, 0x0,
    0x0, 0x0, 0x0, 0x0, 0x0, 0x0, 0xbe, 0x70,
    0x0, 0x0, 0x0, 0x0, 0x0, 0x0, 0x0, 0x0,
    0x0, 0x0, 0x0, 0x0, 0x0, 0x0, 0x0, 0x0,
    0x0, 0x0, 0x0, 0x0, 0x0, 0x0, 0x0, 0x0,
    0x0, 0x0, 0x0, 0x0, 0x0, 0x0, 0x0, 0x0,
    0x0, 0x0, 0x0, 0x0, 0x0, 0x0, 0x0, 0x0,
    0x0, 0x0, 0x0, 0x0, 0x0, 0x0, 0x0, 0x9e,
    0xd1, 0x0, 0x0, 0x0, 0x0, 0x0, 0x0, 0xcf,
    0xa1, 0x7f, 0xff, 0x90, 0x0, 0x0, 0x0, 0x0,
    0x0, 0x8f, 0xff, 0x94, 0xff, 0xff, 0x20, 0x0,
    0x0, 0x0, 0x0, 0x1f, 0xff, 0xf5, 0xb, 0xff,
    0xfb, 0x0, 0x0, 0x0, 0x0, 0x9, 0xff, 0xfc,
    0x0, 0x2f, 0xff, 0xf3, 0x0, 0x0, 0x0, 0x2,
    0xff, 0xff, 0x30, 0x0, 0x8f, 0xff, 0xc0, 0x0,
    0x0, 0x0, 0xaf, 0xff, 0xa0, 0x0, 0x0, 0xef,
    0xff, 0x40, 0x0, 0x0, 0x3f, 0xff, 0xf1, 0x0,
    0x0, 0x6, 0xff, 0xfd, 0x0, 0x0, 0xb, 0xff,
    0xf8, 0x0, 0x0, 0x0, 0xd, 0xff, 0xf5, 0x0,
    0x4, 0xff, 0xfe, 0x0, 0x0, 0x0, 0x0, 0x4f,
    0xff, 0xe0, 0x0, 0xcf, 0xff, 0x50, 0x0, 0x0,
    0x0, 0x0, 0xaf, 0xff, 0x70, 0x5f, 0xff, 0xc0,
    0x0, 0x0, 0x0, 0x0, 0x2, 0xff, 0xfe, 0x1d,
    0xff, 0xf3, 0x0, 0x0, 0x0, 0x0, 0x0, 0x8,
    0xff, 0xfc, 0xff, 0xfa, 0x0, 0x0, 0x0, 0x0,
    0x0, 0x0, 0xe, 0xff, 0xff, 0xff, 0x10, 0x0,
    0x0, 0x0, 0x0, 0x0, 0x0, 0x6f, 0xff, 0xff,
    0x80, 0x0, 0x0, 0x0, 0x0, 0x0, 0x0, 0x0,
    0xcf, 0xff, 0xe0, 0x0, 0x0, 0x0, 0x0, 0x0,
    0x0, 0x0, 0x7, 0xff, 0xf9, 0x0, 0x0, 0x0,
    0x0, 0x0, 0x0, 0x0, 0x0, 0x7f, 0xff, 0x90,
    0x0, 0x0, 0x0, 0x0, 0x0, 0x0, 0x0, 0x7,
    0xff, 0xf9, 0x0, 0x0, 0x0, 0x0, 0x0, 0x0,
    0x0, 0x0, 0x7f, 0xff, 0x90, 0x0, 0x0, 0x0,
    0x0, 0x0, 0x0, 0x0, 0x7, 0xff, 0xf9, 0x0,
    0x0, 0x0, 0x0, 0x0, 0x0, 0x0, 0x0, 0x7f,
    0xff, 0x90, 0x0, 0x0, 0x0, 0x0, 0x0, 0x0,
    0x0, 0x7, 0xff, 0xf9, 0x0, 0x0, 0x0, 0x0,
    0x0, 0x0, 0x0, 0x0, 0x7f, 0xff, 0x90, 0x0,
    0x0, 0x0, 0x0, 0x0, 0x0, 0x0, 0x7, 0xff,
    0xf9, 0x0, 0x0, 0x0, 0x0, 0x0, 0x0, 0x0,
    0x0, 0x7f, 0xff, 0x90, 0x0, 0x0, 0x0, 0x0,
    0x0, 0x0, 0x0, 0x2, 0xcf, 0xd3, 0x0, 0x0,
    0x0, 0x0,

    /* U+00DE "Þ" */
    0x2d, 0xfd, 0x20, 0x0, 0x0, 0x0, 0x0, 0x0,
    0x7, 0xff, 0xf7, 0x0, 0x0, 0x0, 0x0, 0x0,
    0x0, 0x7f, 0xff, 0x80, 0x0, 0x0, 0x0, 0x0,
    0x0, 0x7, 0xff, 0xf8, 0x0, 0x25, 0x75, 0x20,
    0x0, 0x0, 0x7f, 0xff, 0x80, 0xaf, 0xff, 0xff,
    0xb2, 0x0, 0x7, 0xff, 0xf8, 0xcf, 0xff, 0xff,
    0xff, 0xf3, 0x0, 0x7f, 0xff, 0xff, 0xff, 0xff,
    0xff, 0xff, 0xe1, 0x7, 0xff, 0xff, 0xf7, 0x20,
    0x3a, 0xff, 0xff, 0x80, 0x7f, 0xff, 0xf3, 0x0,
    0x0, 0x7, 0xff, 0xfe, 0x7, 0xff, 0xfa, 0x0,
    0x0, 0x0, 0xe, 0xff, 0xf1, 0x7f, 0xff, 0x80,
    0x0, 0x0, 0x0, 0xcf, 0xff, 0x37, 0xff, 0xf8,
    0x0, 0x0, 0x0, 0xc, 0xff, 0xf3, 0x7f, 0xff,
    0x80, 0x0, 0x0, 0x0, 0xcf, 0xff, 0x37, 0xff,
    0xf8, 0x0, 0x0, 0x0, 0xc, 0xff, 0xf3, 0x7f,
    0xff, 0x80, 0x0, 0x0, 0x0, 0xcf, 0xff, 0x37,
    0xff, 0xf8, 0x0, 0x0, 0x0, 0xd, 0xff, 0xf2,
    0x7f, 0xff, 0xe0, 0x0, 0x0, 0x2, 0xff, 0xff,
    0x7, 0xff, 0xff, 0xc1, 0x0, 0x2, 0xdf, 0xff,
    0xb0, 0x7f, 0xff, 0xff, 0xfa, 0x9b, 0xff, 0xff,
    0xf4, 0x7, 0xff, 0xfb, 0xff, 0xff, 0xff, 0xff,
    0xf9, 0x0, 0x7f, 0xff, 0x85, 0xff, 0xff, 0xff,
    0xf8, 0x0, 0x7, 0xff, 0xf8, 0x1, 0x8d, 0xfe,
    0xa3, 0x0, 0x0, 0x7f, 0xff, 0x80, 0x0, 0x0,
    0x0, 0x0, 0x0, 0x7, 0xff, 0xf8, 0x0, 0x0,
    0x0, 0x0, 0x0, 0x0, 0x7f, 0xff, 0x80, 0x0,
    0x0, 0x0, 0x0, 0x0, 0x7, 0xff, 0xf7, 0x0,
    0x0, 0x0, 0x0, 0x0, 0x0, 0x2c, 0xfc, 0x10,
    0x0, 0x0, 0x0, 0x0, 0x0, 0x0,

    /* U+00DF "ß" */
    0x0, 0x0, 0x0, 0x17, 0xce, 0xfe, 0xc8, 0x20,
    0x0, 0x0, 0x0, 0x0, 0x0, 0x4e, 0xff, 0xff,
    0xff, 0xff, 0x70, 0x0, 0x0, 0x0, 0x0, 0x2f,
    0xff, 0xff, 0xff, 0xff, 0xff, 0x70, 0x0, 0x0,
    0x0, 0xb, 0xff, 0xff, 0xc8, 0x8d, 0xff, 0xff,
    0x10, 0x0, 0x0, 0x1, 0xff, 0xff, 0x70, 0x0,
    0xa, 0xff, 0xf6, 0x0, 0x0, 0x0, 0x4f, 0xff,
    0xd0, 0x0, 0x0, 0x1f, 0xff, 0x90, 0x0, 0x0,
    0x6, 0xff, 0xf9, 0x0, 0x0, 0x0, 0xcf, 0xfa,
    0x0, 0x0, 0x0, 0x6f, 0xff, 0x90, 0x0, 0x0,
    0xb, 0xff, 0x80, 0x0, 0x0, 0x6, 0xff, 0xf9,
    0x0, 0x0, 0x0, 0xcf, 0xf5, 0x0, 0x0, 0x0,
    0x6f, 0xff, 0x90, 0x0, 0x0, 0xf, 0xff, 0x10,
    0x0, 0x8f, 0xff, 0xff, 0xf9, 0x0, 0x0, 0x8,
    0xff, 0x90, 0x0, 0xd, 0xff, 0xff, 0xff, 0x90,
    0x1, 0x9d, 0xff, 0xa0, 0x0, 0x0, 0x8e, 0xef,
    0xff, 0xf9, 0x0, 0x7f, 0xff, 0xff, 0x91, 0x0,
    0x0, 0x0, 0x6f, 0xff, 0x90, 0x5, 0xff, 0xff,
    0xff, 0xe2, 0x0, 0x0, 0x6, 0xff, 0xf9, 0x0,
    0x1, 0x5a, 0xff, 0xff, 0xe2, 0x0, 0x0, 0x6f,
    0xff, 0x90, 0x0, 0x0, 0x2, 0xdf, 0xff, 0xc0,
    0x0, 0x6, 0xff, 0xf9, 0x0, 0x0, 0x0, 0x1,
    0xef, 0xff, 0x30, 0x0, 0x6f, 0xff, 0x90, 0x0,
    0x0, 0x0, 0x6, 0xff, 0xf9, 0x0, 0x6, 0xff,
    0xf9, 0x0, 0x0, 0x0, 0x0, 0x2f, 0xff, 0xb0,
    0x0, 0x6f, 0xff, 0x90, 0x0, 0x0, 0x0, 0x1,
    0xff, 0xfd, 0x0, 0x6, 0xff, 0xf9, 0x0, 0x0,
    0x0, 0x0, 0x1f, 0xff, 0xc0, 0x0, 0x6f, 0xff,
    0x90, 0x0, 0x0, 0x0, 0x3, 0xff, 0xfa, 0x0,
    0x6, 0xff, 0xf9, 0x0, 0x0, 0x0, 0x0, 0x8f,
    0xff, 0x70, 0x0, 0x6f, 0xff, 0x90, 0x0, 0x0,
    0x0, 0x4f, 0xff, 0xf2, 0x0, 0x6, 0xff, 0xf9,
    0x5, 0xc8, 0x56, 0xaf, 0xff, 0xf9, 0x0, 0x0,
    0x6f, 0xff, 0x90, 0xcf, 0xff, 0xff, 0xff, 0xfc,
    0x0, 0x0, 0x6, 0xff, 0xf8, 0xc, 0xff, 0xff,
    0xff, 0xf9, 0x0, 0x0, 0x0, 0x1c, 0xfd, 0x20,
    0x2a, 0xef, 0xfd, 0x93, 0x0, 0x0,

    /* U+00E0 "à" */
    0x0, 0x0, 0x5f, 0xa2, 0x0, 0x0, 0x0, 0x0,
    0x0, 0x0, 0xbf, 0xff, 0x92, 0x0, 0x0, 0x0,
    0x0, 0x0, 0x4e, 0xff, 0xff, 0x90, 0x0, 0x0,
    0x0, 0x0, 0x0, 0x6e, 0xff, 0xf2, 0x0, 0x0,
    0x0, 0x0, 0x0, 0x0, 0x6e, 0xb0, 0x0, 0x0,
    0x0, 0x0, 0x0, 0x0, 0x0, 0x0, 0x0, 0x0,
    0x0, 0x0, 0x0, 0x0, 0x0, 0x0, 0x0, 0x0,
    0x0, 0x0, 0x0, 0x0, 0x0, 0x0, 0x0, 0x0,
    0x0, 0x0, 0x0, 0x0, 0x0, 0x0, 0x0, 0x0,
    0x0, 0x1, 0x7b, 0xef, 0xfe, 0xa5, 0x0, 0x0,
    0x0, 0x6f, 0xff, 0xff, 0xff, 0xff, 0xc1, 0x0,
    0x0, 0xdf, 0xff, 0xff, 0xff, 0xff, 0xfd, 0x0,
    0x0, 0x9f, 0xf9, 0x54, 0x5a, 0xff, 0xff, 0x90,
    0x0, 0x4, 0x10, 0x0, 0x0, 0x6f, 0xff, 0xf0,
    0x0, 0x0, 0x0, 0x0, 0x0, 0xd, 0xff, 0xf4,
    0x0, 0x0, 0x0, 0x0, 0x0, 0x8, 0xff, 0xf6,
    0x0, 0x0, 0x0, 0x0, 0x12, 0x29, 0xff, 0xf7,
    0x0, 0x2, 0x7c, 0xef, 0xff, 0xff, 0xff, 0xf8,
    0x0, 0x7f, 0xff, 0xff, 0xff, 0xff, 0xff, 0xf8,
    0x6, 0xff, 0xff, 0x83, 0x21, 0x7, 0xff, 0xf8,
    0xd, 0xff, 0xf4, 0x0, 0x0, 0x8, 0xff, 0xf8,
    0xf, 0xff, 0xf0, 0x0, 0x0, 0xc, 0xff, 0xf8,
    0xf, 0xff, 0xf2, 0x0, 0x0, 0x8f, 0xff, 0xf8,
    0xe, 0xff, 0xfc, 0x20, 0x3a, 0xff, 0xff, 0xf8,
    0x9, 0xff, 0xff, 0xff, 0xff, 0xf9, 0xff, 0xf8,
    0x1, 0xcf, 0xff, 0xff, 0xfe, 0x43, 0xff, 0xf7,
    0x0, 0x7, 0xcf, 0xfc, 0x71, 0x0, 0xaf, 0xc2,

    /* U+00E1 "á" */
    0x0, 0x0, 0x0, 0x0, 0x4, 0xbe, 0x20, 0x0,
    0x0, 0x0, 0x0, 0x3, 0xbf, 0xff, 0x70, 0x0,
    0x0, 0x0, 0x1, 0xbf, 0xff, 0xfc, 0x20, 0x0,
    0x0, 0x0, 0x6, 0xff, 0xfc, 0x50, 0x0, 0x0,
    0x0, 0x0, 0x1, 0xdc, 0x40, 0x0, 0x0, 0x0,
    0x0, 0x0, 0x0, 0x0, 0x0, 0x0, 0x0, 0x0,
    0x0, 0x0, 0x0, 0x0, 0x0, 0x0, 0x0, 0x0,
    0x0, 0x0, 0x0, 0x0, 0x0, 0x0, 0x0, 0x0,
    0x0, 0x0, 0x0, 0x0, 0x0, 0x0, 0x0, 0x0,
    0x0, 0x1, 0x7b, 0xef, 0xfe, 0xa5, 0x0, 0x0,
    0x0, 0x6f, 0xff, 0xff, 0xff, 0xff, 0xc1, 0x0,
    0x0, 0xdf, 0xff, 0xff, 0xff, 0xff, 0xfd, 0x0,
    0x0, 0x9f, 0xf9, 0x54, 0x5a, 0xff, 0xff, 0x90,
    0x0, 0x4, 0x10, 0x0, 0x0, 0x6f, 0xff, 0xf0,
    0x0, 0x0, 0x0, 0x0, 0x0, 0xd, 0xff, 0xf4,
    0x0, 0x0, 0x0, 0x0, 0x0, 0x8, 0xff, 0xf6,
    0x0, 0x0, 0x0, 0x0, 0x12, 0x29, 0xff, 0xf7,
    0x0, 0x2, 0x7c, 0xef, 0xff, 0xff, 0xff, 0xf8,
    0x0, 0x7f, 0xff, 0xff, 0xff, 0xff, 0xff, 0xf8,
    0x6, 0xff, 0xff, 0x83, 0x21, 0x7, 0xff, 0xf8,
    0xd, 0xff, 0xf4, 0x0, 0x0, 0x8, 0xff, 0xf8,
    0xf, 0xff, 0xf0, 0x0, 0x0, 0xc, 0xff, 0xf8,
    0xf, 0xff, 0xf2, 0x0, 0x0, 0x8f, 0xff, 0xf8,
    0xe, 0xff, 0xfc, 0x20, 0x3a, 0xff, 0xff, 0xf8,
    0x9, 0xff, 0xff, 0xff, 0xff, 0xf9, 0xff, 0xf8,
    0x1, 0xcf, 0xff, 0xff, 0xfe, 0x43, 0xff, 0xf7,
    0x0, 0x7, 0xcf, 0xfc, 0x71, 0x0, 0xaf, 0xc2,

    /* U+00E2 "â" */
    0x0, 0x0, 0x0, 0x2b, 0xe7, 0x0, 0x0, 0x0,
    0x0, 0x0, 0x19, 0xff, 0xff, 0xe6, 0x0, 0x0,
    0x0, 0x6, 0xff, 0xff, 0xdf, 0xff, 0xd1, 0x0,
    0x0, 0xf, 0xff, 0xa2, 0x5, 0xef, 0xf8, 0x0,
    0x0, 0xb, 0xc3, 0x0, 0x0, 0x7, 0xe5, 0x0,
    0x0, 0x0, 0x0, 0x0, 0x0, 0x0, 0x0, 0x0,
    0x0, 0x0, 0x0, 0x0, 0x0, 0x0, 0x0, 0x0,
    0x0, 0x0, 0x0, 0x0, 0x0, 0x0, 0x0, 0x0,
    0x0, 0x0, 0x0, 0x0, 0x0, 0x0, 0x0, 0x0,
    0x0, 0x1, 0x7b, 0xef, 0xfe, 0xa5, 0x0, 0x0,
    0x0, 0x6f, 0xff, 0xff, 0xff, 0xff, 0xc1, 0x0,
    0x0, 0xdf, 0xff, 0xff, 0xff, 0xff, 0xfd, 0x0,
    0x0, 0x9f, 0xf9, 0x54, 0x5a, 0xff, 0xff, 0x90,
    0x0, 0x4, 0x10, 0x0, 0x0, 0x6f, 0xff, 0xf0,
    0x0, 0x0, 0x0, 0x0, 0x0, 0xd, 0xff, 0xf4,
    0x0, 0x0, 0x0, 0x0, 0x0, 0x8, 0xff, 0xf6,
    0x0, 0x0, 0x0, 0x0, 0x12, 0x29, 0xff, 0xf7,
    0x0, 0x2, 0x7c, 0xef, 0xff, 0xff, 0xff, 0xf8,
    0x0, 0x7f, 0xff, 0xff, 0xff, 0xff, 0xff, 0xf8,
    0x6, 0xff, 0xff, 0x83, 0x21, 0x7, 0xff, 0xf8,
    0xd, 0xff, 0xf4, 0x0, 0x0, 0x8, 0xff, 0xf8,
    0xf, 0xff, 0xf0, 0x0, 0x0, 0xc, 0xff, 0xf8,
    0xf, 0xff, 0xf2, 0x0, 0x0, 0x8f, 0xff, 0xf8,
    0xe, 0xff, 0xfc, 0x20, 0x3a, 0xff, 0xff, 0xf8,
    0x9, 0xff, 0xff, 0xff, 0xff, 0xf9, 0xff, 0xf8,
    0x1, 0xcf, 0xff, 0xff, 0xfe, 0x43, 0xff, 0xf7,
    0x0, 0x7, 0xcf, 0xfc, 0x71, 0x0, 0xaf, 0xc2,

    /* U+00E3 "ã" */
    0x0, 0x0, 0x1, 0x0, 0x0, 0x0, 0x1, 0x0,
    0x0, 0x2b, 0xff, 0xfb, 0x51, 0x2, 0xbf, 0x40,
    0x0, 0xcf, 0xff, 0xff, 0xff, 0xff, 0xff, 0x70,
    0x0, 0xef, 0xfa, 0xad, 0xff, 0xff, 0xff, 0x30,
    0x0, 0x69, 0x10, 0x0, 0x27, 0xab, 0x82, 0x0,
    0x0, 0x0, 0x0, 0x0, 0x0, 0x0, 0x0, 0x0,
    0x0, 0x0, 0x0, 0x0, 0x0, 0x0, 0x0, 0x0,
    0x0, 0x0, 0x0, 0x0, 0x0, 0x0, 0x0, 0x0,
    0x0, 0x0, 0x0, 0x0, 0x0, 0x0, 0x0, 0x0,
    0x0, 0x1, 0x7b, 0xef, 0xfe, 0xa5, 0x0, 0x0,
    0x0, 0x6f, 0xff, 0xff, 0xff, 0xff, 0xc1, 0x0,
    0x0, 0xdf, 0xff, 0xff, 0xff, 0xff, 0xfd, 0x0,
    0x0, 0x9f, 0xf9, 0x54, 0x5a, 0xff, 0xff, 0x90,
    0x0, 0x4, 0x10, 0x0, 0x0, 0x6f, 0xff, 0xf0,
    0x0, 0x0, 0x0, 0x0, 0x0, 0xd, 0xff, 0xf4,
    0x0, 0x0, 0x0, 0x0, 0x0, 0x8, 0xff, 0xf6,
    0x0, 0x0, 0x0, 0x0, 0x12, 0x29, 0xff, 0xf7,
    0x0, 0x2, 0x7c, 0xef, 0xff, 0xff, 0xff, 0xf8,
    0x0, 0x7f, 0xff, 0xff, 0xff, 0xff, 0xff, 0xf8,
    0x6, 0xff, 0xff, 0x83, 0x21, 0x7, 0xff, 0xf8,
    0xd, 0xff, 0xf4, 0x0, 0x0, 0x8, 0xff, 0xf8,
    0xf, 0xff, 0xf0, 0x0, 0x0, 0xc, 0xff, 0xf8,
    0xf, 0xff, 0xf2, 0x0, 0x0, 0x8f, 0xff, 0xf8,
    0xe, 0xff, 0xfc, 0x20, 0x3a, 0xff, 0xff, 0xf8,
    0x9, 0xff, 0xff, 0xff, 0xff, 0xf9, 0xff, 0xf8,
    0x1, 0xcf, 0xff, 0xff, 0xfe, 0x43, 0xff, 0xf7,
    0x0, 0x7, 0xcf, 0xfc, 0x71, 0x0, 0xaf, 0xc2,

    /* U+00E4 "ä" */
    0x0, 0x0, 0x17, 0x30, 0x0, 0x65, 0x0, 0x0,
    0x0, 0x0, 0xdf, 0xf2, 0x8, 0xff, 0x70, 0x0,
    0x0, 0x0, 0xff, 0xf4, 0xb, 0xff, 0x90, 0x0,
    0x0, 0x0, 0x7f, 0xb0, 0x3, 0xed, 0x20, 0x0,
    0x0, 0x0, 0x0, 0x0, 0x0, 0x0, 0x0, 0x0,
    0x0, 0x0, 0x0, 0x0, 0x0, 0x0, 0x0, 0x0,
    0x0, 0x0, 0x0, 0x0, 0x0, 0x0, 0x0, 0x0,
    0x0, 0x0, 0x0, 0x0, 0x0, 0x0, 0x0, 0x0,
    0x0, 0x1, 0x7b, 0xef, 0xfe, 0xa5, 0x0, 0x0,
    0x0, 0x6f, 0xff, 0xff, 0xff, 0xff, 0xc1, 0x0,
    0x0, 0xdf, 0xff, 0xff, 0xff, 0xff, 0xfd, 0x0,
    0x0, 0x9f, 0xf9, 0x54, 0x5a, 0xff, 0xff, 0x90,
    0x0, 0x4, 0x10, 0x0, 0x0, 0x6f, 0xff, 0xf0,
    0x0, 0x0, 0x0, 0x0, 0x0, 0xd, 0xff, 0xf4,
    0x0, 0x0, 0x0, 0x0, 0x0, 0x8, 0xff, 0xf6,
    0x0, 0x0, 0x0, 0x0, 0x12, 0x29, 0xff, 0xf7,
    0x0, 0x2, 0x7c, 0xef, 0xff, 0xff, 0xff, 0xf8,
    0x0, 0x7f, 0xff, 0xff, 0xff, 0xff, 0xff, 0xf8,
    0x6, 0xff, 0xff, 0x83, 0x21, 0x7, 0xff, 0xf8,
    0xd, 0xff, 0xf4, 0x0, 0x0, 0x8, 0xff, 0xf8,
    0xf, 0xff, 0xf0, 0x0, 0x0, 0xc, 0xff, 0xf8,
    0xf, 0xff, 0xf2, 0x0, 0x0, 0x8f, 0xff, 0xf8,
    0xe, 0xff, 0xfc, 0x20, 0x3a, 0xff, 0xff, 0xf8,
    0x9, 0xff, 0xff, 0xff, 0xff, 0xf9, 0xff, 0xf8,
    0x1, 0xcf, 0xff, 0xff, 0xfe, 0x43, 0xff, 0xf7,
    0x0, 0x7, 0xcf, 0xfc, 0x71, 0x0, 0xaf, 0xc2,

    /* U+00E5 "å" */
    0x0, 0x0, 0x0, 0x8e, 0xfc, 0x30, 0x0, 0x0,
    0x0, 0x0, 0xa, 0xff, 0xdf, 0xf4, 0x0, 0x0,
    0x0, 0x0, 0x2f, 0xb0, 0x3, 0xfc, 0x0, 0x0,
    0x0, 0x0, 0x4f, 0x60, 0x0, 0xde, 0x0, 0x0,
    0x0, 0x0, 0x1f, 0xd3, 0x7, 0xfa, 0x0, 0x0,
    0x0, 0x0, 0x6, 0xff, 0xff, 0xd1, 0x0, 0x0,
    0x0, 0x0, 0x0, 0x39, 0xa7, 0x0, 0x0, 0x0,
    0x0, 0x0, 0x0, 0x0, 0x0, 0x0, 0x0, 0x0,
    0x0, 0x0, 0x0, 0x0, 0x0, 0x0, 0x0, 0x0,
    0x0, 0x0, 0x0, 0x0, 0x0, 0x0, 0x0, 0x0,
    0x0, 0x1, 0x7b, 0xef, 0xfe, 0xa5, 0x0, 0x0,
    0x0, 0x6f, 0xff, 0xff, 0xff, 0xff, 0xc1, 0x0,
    0x0, 0xdf, 0xff, 0xff, 0xff, 0xff, 0xfd, 0x0,
    0x0, 0x9f, 0xf9, 0x54, 0x5a, 0xff, 0xff, 0x90,
    0x0, 0x4, 0x10, 0x0, 0x0, 0x6f, 0xff, 0xf0,
    0x0, 0x0, 0x0, 0x0, 0x0, 0xd, 0xff, 0xf4,
    0x0, 0x0, 0x0, 0x0, 0x0, 0x8, 0xff, 0xf6,
    0x0, 0x0, 0x0, 0x0, 0x12, 0x29, 0xff, 0xf7,
    0x0, 0x2, 0x7c, 0xef, 0xff, 0xff, 0xff, 0xf8,
    0x0, 0x7f, 0xff, 0xff, 0xff, 0xff, 0xff, 0xf8,
    0x6, 0xff, 0xff, 0x83, 0x21, 0x7, 0xff, 0xf8,
    0xd, 0xff, 0xf4, 0x0, 0x0, 0x8, 0xff, 0xf8,
    0xf, 0xff, 0xf0, 0x0, 0x0, 0xc, 0xff, 0xf8,
    0xf, 0xff, 0xf2, 0x0, 0x0, 0x8f, 0xff, 0xf8,
    0xe, 0xff, 0xfc, 0x20, 0x3a, 0xff, 0xff, 0xf8,
    0x9, 0xff, 0xff, 0xff, 0xff, 0xf9, 0xff, 0xf8,
    0x1, 0xcf, 0xff, 0xff, 0xfe, 0x43, 0xff, 0xf7,
    0x0, 0x7, 0xcf, 0xfc, 0x71, 0x0, 0xaf, 0xc2,

    /* U+00E6 "æ" */
    0x0, 0x1, 0x7b, 0xef, 0xec, 0x71, 0x0, 0x0,
    0x4a, 0xef, 0xeb, 0x50, 0x0, 0x0, 0x6, 0xff,
    0xff, 0xff, 0xff, 0xe4, 0x0, 0xaf, 0xff, 0xff,
    0xff, 0xd4, 0x0, 0x0, 0xef, 0xff, 0xff, 0xff,
    0xff, 0xf3, 0xbf, 0xff, 0xff, 0xff, 0xff, 0xf4,
    0x0, 0xa, 0xfe, 0x95, 0x45, 0xaf, 0xff, 0xff,
    0xff, 0xb6, 0x47, 0xdf, 0xff, 0xf1, 0x0, 0x5,
    0x10, 0x0, 0x0, 0x7f, 0xff, 0xff, 0x50, 0x0,
    0x0, 0xaf, 0xff, 0x80, 0x0, 0x0, 0x0, 0x0,
    0x0, 0xdf, 0xff, 0xa0, 0x0, 0x0, 0x0, 0xff,
    0xfd, 0x0, 0x0, 0x0, 0x0, 0x0, 0x9, 0xff,
    0xf8, 0x0, 0x0, 0x0, 0xd, 0xff, 0xf0, 0x0,
    0x0, 0x0, 0x11, 0x22, 0x9f, 0xff, 0xb7, 0x77,
    0x77, 0x78, 0xff, 0xff, 0x0, 0x2, 0x7c, 0xef,
    0xff, 0xff, 0xff, 0xff, 0xff, 0xff, 0xff, 0xff,
    0xff, 0xc0, 0x7, 0xff, 0xff, 0xff, 0xff, 0xff,
    0xff, 0xff, 0xff, 0xff, 0xff, 0xff, 0xc2, 0x6,
    0xff, 0xff, 0x83, 0x21, 0x8, 0xff, 0xf8, 0x0,
    0x0, 0x0, 0x0, 0x0, 0x0, 0xdf, 0xff, 0x30,
    0x0, 0x0, 0x9f, 0xff, 0x90, 0x0, 0x0, 0x0,
    0x0, 0x0, 0xf, 0xff, 0xf0, 0x0, 0x0, 0xd,
    0xff, 0xfd, 0x0, 0x0, 0x0, 0x0, 0x0, 0x0,
    0xff, 0xff, 0x20, 0x0, 0xa, 0xff, 0xff, 0xf9,
    0x0, 0x0, 0x0, 0x7, 0x60, 0xd, 0xff, 0xfd,
    0x53, 0x6c, 0xff, 0xeb, 0xff, 0xfd, 0x74, 0x34,
    0x8e, 0xff, 0x60, 0x7f, 0xff, 0xff, 0xff, 0xff,
    0xf3, 0xd, 0xff, 0xff, 0xff, 0xff, 0xff, 0xf7,
    0x0, 0xaf, 0xff, 0xff, 0xff, 0xc2, 0x0, 0x1a,
    0xff, 0xff, 0xff, 0xff, 0xf9, 0x0, 0x0, 0x4b,
    0xef, 0xeb, 0x50, 0x0, 0x0, 0x3, 0x9d, 0xef,
    0xeb, 0x72, 0x0,

    /* U+00E7 "ç" */
    0x0, 0x0, 0x49, 0xde, 0xfe, 0xc8, 0x20, 0x0,
    0x1, 0xbf, 0xff, 0xff, 0xff, 0xff, 0x60, 0x0,
    0xdf, 0xff, 0xff, 0xff, 0xff, 0xff, 0x10, 0xaf,
    0xff, 0xfd, 0x98, 0x8c, 0xff, 0xe0, 0x1f, 0xff,
    0xf8, 0x0, 0x0, 0x3, 0x83, 0x5, 0xff, 0xfc,
    0x0, 0x0, 0x0, 0x0, 0x0, 0x7f, 0xff, 0x80,
    0x0, 0x0, 0x0, 0x0, 0x8, 0xff, 0xf7, 0x0,
    0x0, 0x0, 0x0, 0x0, 0x9f, 0xff, 0x70, 0x0,
    0x0, 0x0, 0x0, 0x9, 0xff, 0xf7, 0x0, 0x0,
    0x0, 0x0, 0x0, 0x8f, 0xff, 0x70, 0x0, 0x0,
    0x0, 0x0, 0x7, 0xff, 0xf8, 0x0, 0x0, 0x0,
    0x0, 0x0, 0x5f, 0xff, 0xc0, 0x0, 0x0, 0x0,
    0x0, 0x1, 0xff, 0xff, 0x80, 0x0, 0x0, 0x3a,
    0x50, 0xa, 0xff, 0xff, 0xd9, 0x88, 0xbf, 0xff,
    0x30, 0x1e, 0xff, 0xff, 0xff, 0xff, 0xff, 0xf4,
    0x0, 0x1c, 0xff, 0xff, 0xff, 0xff, 0xf8, 0x0,
    0x0, 0x5, 0xad, 0xff, 0xfc, 0x82, 0x0, 0x0,
    0x0, 0x0, 0xd, 0xf0, 0x0, 0x0, 0x0, 0x0,
    0x0, 0x2, 0xfc, 0x10, 0x0, 0x0, 0x0, 0x0,
    0x0, 0x6f, 0xff, 0xd3, 0x0, 0x0, 0x0, 0x0,
    0x2, 0x46, 0xbf, 0xe1, 0x0, 0x0, 0x0, 0x0,
    0x0, 0x0, 0xdf, 0x40, 0x0, 0x0, 0x0, 0x2,
    0x0, 0x1e, 0xf3, 0x0, 0x0, 0x0, 0x6, 0xfd,
    0xcf, 0xfb, 0x0, 0x0, 0x0, 0x0, 0x3b, 0xef,
    0xe9, 0x0, 0x0,

    /* U+00E8 "è" */
    0x0, 0x0, 0x5f, 0xa2, 0x0, 0x0, 0x0, 0x0,
    0x0, 0x0, 0xbf, 0xff, 0xa2, 0x0, 0x0, 0x0,
    0x0, 0x0, 0x4e, 0xff, 0xff, 0x90, 0x0, 0x0,
    0x0, 0x0, 0x0, 0x6e, 0xff, 0xf2, 0x0, 0x0,
    0x0, 0x0, 0x0, 0x0, 0x6d, 0xb0, 0x0, 0x0,
    0x0, 0x0, 0x0, 0x0, 0x0, 0x0, 0x0, 0x0,
    0x0, 0x0, 0x0, 0x0, 0x0, 0x0, 0x0, 0x0,
    0x0, 0x0, 0x0, 0x0, 0x0, 0x0, 0x0, 0x0,
    0x0, 0x0, 0x0, 0x0, 0x0, 0x0, 0x0, 0x0,
    0x0, 0x0, 0x17, 0xce, 0xfd, 0xb5, 0x0, 0x0,
    0x0, 0x6, 0xff, 0xff, 0xff, 0xff, 0xd3, 0x0,
    0x0, 0x9f, 0xff, 0xff, 0xff, 0xff, 0xff, 0x30,
    0x6, 0xff, 0xfe, 0x62, 0x3, 0xaf, 0xff, 0xe0,
    0xf, 0xff, 0xe2, 0x0, 0x0, 0x9, 0xff, 0xf7,
    0x5f, 0xff, 0x80, 0x0, 0x0, 0x1, 0xff, 0xfc,
    0x8f, 0xff, 0x60, 0x0, 0x0, 0x0, 0xef, 0xfe,
    0x9f, 0xff, 0xa7, 0x77, 0x77, 0x79, 0xff, 0xfd,
    0x9f, 0xff, 0xff, 0xff, 0xff, 0xff, 0xff, 0xfa,
    0x9f, 0xff, 0xff, 0xff, 0xff, 0xff, 0xfe, 0xb1,
    0x9f, 0xff, 0x60, 0x0, 0x0, 0x0, 0x0, 0x0,
    0x8f, 0xff, 0x70, 0x0, 0x0, 0x0, 0x0, 0x0,
    0x5f, 0xff, 0xc0, 0x0, 0x0, 0x0, 0x0, 0x0,
    0x1f, 0xff, 0xf8, 0x0, 0x0, 0x0, 0x17, 0x60,
    0x7, 0xff, 0xff, 0xd7, 0x33, 0x48, 0xef, 0xf5,
    0x0, 0x9f, 0xff, 0xff, 0xff, 0xff, 0xff, 0xf6,
    0x0, 0x6, 0xef, 0xff, 0xff, 0xff, 0xff, 0x80,
    0x0, 0x0, 0x5, 0xad, 0xef, 0xec, 0x82, 0x0,

    /* U+00E9 "é" */
    0x0, 0x0, 0x0, 0x0, 0x3, 0xbe, 0x20, 0x0,
    0x0, 0x0, 0x0, 0x3, 0xbf, 0xff, 0x80, 0x0,
    0x0, 0x0, 0x1, 0xbf, 0xff, 0xfd, 0x20, 0x0,
    0x0, 0x0, 0x5, 0xff, 0xfd, 0x50, 0x0, 0x0,
    0x0, 0x0, 0x1, 0xdc, 0x50, 0x0, 0x0, 0x0,
    0x0, 0x0, 0x0, 0x0, 0x0, 0x0, 0x0, 0x0,
    0x0, 0x0, 0x0, 0x0, 0x0, 0x0, 0x0, 0x0,
    0x0, 0x0, 0x0, 0x0, 0x0, 0x0, 0x0, 0x0,
    0x0, 0x0, 0x0, 0x0, 0x0, 0x0, 0x0, 0x0,
    0x0, 0x0, 0x17, 0xce, 0xfd, 0xb5, 0x0, 0x0,
    0x0, 0x6, 0xff, 0xff, 0xff, 0xff, 0xd3, 0x0,
    0x0, 0x9f, 0xff, 0xff, 0xff, 0xff, 0xff, 0x30,
    0x6, 0xff, 0xfe, 0x62, 0x3, 0xaf, 0xff, 0xe0,
    0xf, 0xff, 0xe2, 0x0, 0x0, 0x9, 0xff, 0xf7,
    0x5f, 0xff, 0x80, 0x0, 0x0, 0x1, 0xff, 0xfc,
    0x8f, 0xff, 0x60, 0x0, 0x0, 0x0, 0xef, 0xfe,
    0x9f, 0xff, 0xa7, 0x77, 0x77, 0x79, 0xff, 0xfd,
    0x9f, 0xff, 0xff, 0xff, 0xff, 0xff, 0xff, 0xfa,
    0x9f, 0xff, 0xff, 0xff, 0xff, 0xff, 0xfe, 0xb1,
    0x9f, 0xff, 0x60, 0x0, 0x0, 0x0, 0x0, 0x0,
    0x8f, 0xff, 0x70, 0x0, 0x0, 0x0, 0x0, 0x0,
    0x5f, 0xff, 0xc0, 0x0, 0x0, 0x0, 0x0, 0x0,
    0x1f, 0xff, 0xf8, 0x0, 0x0, 0x0, 0x17, 0x60,
    0x7, 0xff, 0xff, 0xd7, 0x33, 0x48, 0xef, 0xf5,
    0x0, 0x9f, 0xff, 0xff, 0xff, 0xff, 0xff, 0xf6,
    0x0, 0x6, 0xef, 0xff, 0xff, 0xff, 0xff, 0x80,
    0x0, 0x0, 0x5, 0xad, 0xef, 0xec, 0x82, 0x0,

    /* U+00EA "ê" */
    0x0, 0x0, 0x0, 0x2b, 0xe7, 0x0, 0x0, 0x0,
    0x0, 0x0, 0x19, 0xff, 0xff, 0xe6, 0x0, 0x0,
    0x0, 0x5, 0xff, 0xff, 0xdf, 0xff, 0xd2, 0x0,
    0x0, 0xe, 0xff, 0xb2, 0x5, 0xdf, 0xf8, 0x0,
    0x0, 0xa, 0xc4, 0x0, 0x0, 0x7, 0xe5, 0x0,
    0x0, 0x0, 0x0, 0x0, 0x0, 0x0, 0x0, 0x0,
    0x0, 0x0, 0x0, 0x0, 0x0, 0x0, 0x0, 0x0,
    0x0, 0x0, 0x0, 0x0, 0x0, 0x0, 0x0, 0x0,
    0x0, 0x0, 0x0, 0x0, 0x0, 0x0, 0x0, 0x0,
    0x0, 0x0, 0x17, 0xce, 0xfd, 0xb5, 0x0, 0x0,
    0x0, 0x6, 0xff, 0xff, 0xff, 0xff, 0xd3, 0x0,
    0x0, 0x9f, 0xff, 0xff, 0xff, 0xff, 0xff, 0x30,
    0x6, 0xff, 0xfe, 0x62, 0x3, 0xaf, 0xff, 0xe0,
    0xf, 0xff, 0xe2, 0x0, 0x0, 0x9, 0xff, 0xf7,
    0x5f, 0xff, 0x80, 0x0, 0x0, 0x1, 0xff, 0xfc,
    0x8f, 0xff, 0x60, 0x0, 0x0, 0x0, 0xef, 0xfe,
    0x9f, 0xff, 0xa7, 0x77, 0x77, 0x79, 0xff, 0xfd,
    0x9f, 0xff, 0xff, 0xff, 0xff, 0xff, 0xff, 0xfa,
    0x9f, 0xff, 0xff, 0xff, 0xff, 0xff, 0xfe, 0xb1,
    0x9f, 0xff, 0x60, 0x0, 0x0, 0x0, 0x0, 0x0,
    0x8f, 0xff, 0x70, 0x0, 0x0, 0x0, 0x0, 0x0,
    0x5f, 0xff, 0xc0, 0x0, 0x0, 0x0, 0x0, 0x0,
    0x1f, 0xff, 0xf8, 0x0, 0x0, 0x0, 0x17, 0x60,
    0x7, 0xff, 0xff, 0xd7, 0x33, 0x48, 0xef, 0xf5,
    0x0, 0x9f, 0xff, 0xff, 0xff, 0xff, 0xff, 0xf6,
    0x0, 0x6, 0xef, 0xff, 0xff, 0xff, 0xff, 0x80,
    0x0, 0x0, 0x5, 0xad, 0xef, 0xec, 0x82, 0x0,

    /* U+00EB "ë" */
    0x0, 0x0, 0x17, 0x30, 0x0, 0x65, 0x0, 0x0,
    0x0, 0x0, 0xdf, 0xf2, 0x9, 0xff, 0x60, 0x0,
    0x0, 0x0, 0xff, 0xf4, 0xb, 0xff, 0x90, 0x0,
    0x0, 0x0, 0x7f, 0xb0, 0x3, 0xed, 0x20, 0x0,
    0x0, 0x0, 0x0, 0x0, 0x0, 0x0, 0x0, 0x0,
    0x0, 0x0, 0x0, 0x0, 0x0, 0x0, 0x0, 0x0,
    0x0, 0x0, 0x0, 0x0, 0x0, 0x0, 0x0, 0x0,
    0x0, 0x0, 0x0, 0x0, 0x0, 0x0, 0x0, 0x0,
    0x0, 0x0, 0x17, 0xce, 0xfd, 0xb5, 0x0, 0x0,
    0x0, 0x6, 0xff, 0xff, 0xff, 0xff, 0xd3, 0x0,
    0x0, 0x9f, 0xff, 0xff, 0xff, 0xff, 0xff, 0x30,
    0x6, 0xff, 0xfe, 0x62, 0x3, 0xaf, 0xff, 0xe0,
    0xf, 0xff, 0xe2, 0x0, 0x0, 0x9, 0xff, 0xf7,
    0x5f, 0xff, 0x80, 0x0, 0x0, 0x1, 0xff, 0xfc,
    0x8f, 0xff, 0x60, 0x0, 0x0, 0x0, 0xef, 0xfe,
    0x9f, 0xff, 0xa7, 0x77, 0x77, 0x79, 0xff, 0xfd,
    0x9f, 0xff, 0xff, 0xff, 0xff, 0xff, 0xff, 0xfa,
    0x9f, 0xff, 0xff, 0xff, 0xff, 0xff, 0xfe, 0xb1,
    0x9f, 0xff, 0x60, 0x0, 0x0, 0x0, 0x0, 0x0,
    0x8f, 0xff, 0x70, 0x0, 0x0, 0x0, 0x0, 0x0,
    0x5f, 0xff, 0xc0, 0x0, 0x0, 0x0, 0x0, 0x0,
    0x1f, 0xff, 0xf8, 0x0, 0x0, 0x0, 0x17, 0x60,
    0x7, 0xff, 0xff, 0xd7, 0x33, 0x48, 0xef, 0xf5,
    0x0, 0x9f, 0xff, 0xff, 0xff, 0xff, 0xff, 0xf6,
    0x0, 0x6, 0xef, 0xff, 0xff, 0xff, 0xff, 0x80,
    0x0, 0x0, 0x5, 0xad, 0xef, 0xec, 0x82, 0x0,

    /* U+00EC "ì" */
    0x2, 0x61, 0x0, 0x0, 0xe, 0xff, 0x81, 0x0,
    0xd, 0xff, 0xff, 0x70, 0x1, 0x8f, 0xff, 0xfc,
    0x0, 0x1, 0x8f, 0xfc, 0x0, 0x0, 0x1, 0x62,
    0x0, 0x0, 0x0, 0x0, 0x0, 0x0, 0x0, 0x0,
    0x0, 0x0, 0x0, 0x0, 0x0, 0x6, 0xef, 0x80,
    0x0, 0xe, 0xff, 0xf1, 0x0, 0xe, 0xff, 0xf1,
    0x0, 0xe, 0xff, 0xf1, 0x0, 0xe, 0xff, 0xf1,
    0x0, 0xe, 0xff, 0xf1, 0x0, 0xe, 0xff, 0xf1,
    0x0, 0xe, 0xff, 0xf1, 0x0, 0xe, 0xff, 0xf1,
    0x0, 0xe, 0xff, 0xf1, 0x0, 0xe, 0xff, 0xf1,
    0x0, 0xe, 0xff, 0xf1, 0x0, 0xe, 0xff, 0xf1,
    0x0, 0xe, 0xff, 0xf1, 0x0, 0xe, 0xff, 0xf1,
    0x0, 0xe, 0xff, 0xf1, 0x0, 0xe, 0xff, 0xf0,
    0x0, 0x6, 0xee, 0x70,

    /* U+00ED "í" */
    0x0, 0x0, 0x5, 0x40, 0x0, 0x5, 0xdf, 0xf2,
    0x5, 0xdf, 0xff, 0xf3, 0x8f, 0xff, 0xfb, 0x30,
    0x8f, 0xfb, 0x30, 0x0, 0x6, 0x30, 0x0, 0x0,
    0x0, 0x0, 0x0, 0x0, 0x0, 0x0, 0x0, 0x0,
    0x0, 0x0, 0x0, 0x0, 0x6, 0xef, 0x80, 0x0,
    0xe, 0xff, 0xf1, 0x0, 0xe, 0xff, 0xf1, 0x0,
    0xe, 0xff, 0xf1, 0x0, 0xe, 0xff, 0xf1, 0x0,
    0xe, 0xff, 0xf1, 0x0, 0xe, 0xff, 0xf1, 0x0,
    0xe, 0xff, 0xf1, 0x0, 0xe, 0xff, 0xf1, 0x0,
    0xe, 0xff, 0xf1, 0x0, 0xe, 0xff, 0xf1, 0x0,
    0xe, 0xff, 0xf1, 0x0, 0xe, 0xff, 0xf1, 0x0,
    0xe, 0xff, 0xf1, 0x0, 0xe, 0xff, 0xf1, 0x0,
    0xe, 0xff, 0xf1, 0x0, 0xe, 0xff, 0xf0, 0x0,
    0x6, 0xee, 0x70, 0x0,

    /* U+00EE "î" */
    0x0, 0x0, 0x5, 0x50, 0x0, 0x0, 0x0, 0x5,
    0xdf, 0xfe, 0x70, 0x0, 0x5, 0xdf, 0xff, 0xff,
    0xfe, 0x60, 0x2f, 0xff, 0xa3, 0x2a, 0xff, 0xf4,
    0xd, 0xa2, 0x0, 0x0, 0x29, 0xe2, 0x0, 0x0,
    0x0, 0x0, 0x0, 0x0, 0x0, 0x0, 0x0, 0x0,
    0x0, 0x0, 0x0, 0x0, 0x0, 0x0, 0x0, 0x0,
    0x0, 0x0, 0x0, 0x0, 0x0, 0x0, 0x0, 0x0,
    0x6e, 0xf8, 0x0, 0x0, 0x0, 0x0, 0xef, 0xff,
    0x10, 0x0, 0x0, 0x0, 0xef, 0xff, 0x10, 0x0,
    0x0, 0x0, 0xef, 0xff, 0x10, 0x0, 0x0, 0x0,
    0xef, 0xff, 0x10, 0x0, 0x0, 0x0, 0xef, 0xff,
    0x10, 0x0, 0x0, 0x0, 0xef, 0xff, 0x10, 0x0,
    0x0, 0x0, 0xef, 0xff, 0x10, 0x0, 0x0, 0x0,
    0xef, 0xff, 0x10, 0x0, 0x0, 0x0, 0xef, 0xff,
    0x10, 0x0, 0x0, 0x0, 0xef, 0xff, 0x10, 0x0,
    0x0, 0x0, 0xef, 0xff, 0x10, 0x0, 0x0, 0x0,
    0xef, 0xff, 0x10, 0x0, 0x0, 0x0, 0xef, 0xff,
    0x10, 0x0, 0x0, 0x0, 0xef, 0xff, 0x10, 0x0,
    0x0, 0x0, 0xef, 0xff, 0x10, 0x0, 0x0, 0x0,
    0xef, 0xff, 0x0, 0x0, 0x0, 0x0, 0x6e, 0xe7,
    0x0, 0x0,

    /* U+00EF "ï" */
    0x3, 0x61, 0x0, 0x16, 0x30, 0x2f, 0xfd, 0x0,
    0xcf, 0xf2, 0x4f, 0xff, 0x0, 0xff, 0xf5, 0xa,
    0xf8, 0x0, 0x6f, 0xb0, 0x0, 0x0, 0x0, 0x0,
    0x0, 0x0, 0x0, 0x0, 0x0, 0x0, 0x0, 0x0,
    0x0, 0x0, 0x0, 0x0, 0x0, 0x0, 0x0, 0x0,
    0x0, 0x6, 0xef, 0x80, 0x0, 0x0, 0xe, 0xff,
    0xf1, 0x0, 0x0, 0xe, 0xff, 0xf1, 0x0, 0x0,
    0xe, 0xff, 0xf1, 0x0, 0x0, 0xe, 0xff, 0xf1,
    0x0, 0x0, 0xe, 0xff, 0xf1, 0x0, 0x0, 0xe,
    0xff, 0xf1, 0x0, 0x0, 0xe, 0xff, 0xf1, 0x0,
    0x0, 0xe, 0xff, 0xf1, 0x0, 0x0, 0xe, 0xff,
    0xf1, 0x0, 0x0, 0xe, 0xff, 0xf1, 0x0, 0x0,
    0xe, 0xff, 0xf1, 0x0, 0x0, 0xe, 0xff, 0xf1,
    0x0, 0x0, 0xe, 0xff, 0xf1, 0x0, 0x0, 0xe,
    0xff, 0xf1, 0x0, 0x0, 0xe, 0xff, 0xf1, 0x0,
    0x0, 0xe, 0xff, 0xf0, 0x0, 0x0, 0x6, 0xee,
    0x70, 0x0,

    /* U+00F0 "ð" */
    0x0, 0x0, 0x3, 0xdf, 0xc6, 0x0, 0x0, 0x0,
    0x0, 0x0, 0x0, 0xbf, 0xff, 0xfc, 0x10, 0x7e,
    0x90, 0x0, 0x0, 0xa, 0xff, 0xff, 0xfd, 0xdf,
    0xff, 0x10, 0x0, 0x0, 0x7, 0xdf, 0xff, 0xff,
    0xff, 0x70, 0x0, 0x0, 0x0, 0x1, 0xef, 0xff,
    0xfb, 0x10, 0x0, 0x0, 0x0, 0x6, 0xef, 0xff,
    0xff, 0xd0, 0x0, 0x0, 0x0, 0x2, 0xff, 0xfd,
    0xef, 0xff, 0x50, 0x0, 0x0, 0x0, 0xb, 0xe6,
    0x5, 0xff, 0xfb, 0x0, 0x0, 0x0, 0x0, 0x0,
    0x0, 0xd, 0xff, 0xf1, 0x0, 0x0, 0x0, 0x0,
    0x0, 0x0, 0x7f, 0xff, 0x60, 0x0, 0x0, 0x5c,
    0xef, 0xc7, 0x3, 0xff, 0xfa, 0x0, 0x1, 0xcf,
    0xff, 0xff, 0xfd, 0x2f, 0xff, 0xd0, 0x0, 0xdf,
    0xff, 0xff, 0xff, 0xfd, 0xef, 0xff, 0x0, 0x9f,
    0xff, 0xfe, 0x98, 0xbf, 0xff, 0xff, 0xf1, 0x1f,
    0xff, 0xfb, 0x0, 0x0, 0x3e, 0xff, 0xff, 0x25,
    0xff, 0xfe, 0x0, 0x0, 0x0, 0x5f, 0xff, 0xf2,
    0x8f, 0xff, 0x80, 0x0, 0x0, 0x0, 0xef, 0xff,
    0x29, 0xff, 0xf6, 0x0, 0x0, 0x0, 0xd, 0xff,
    0xf2, 0x9f, 0xff, 0x60, 0x0, 0x0, 0x0, 0xdf,
    0xff, 0x29, 0xff, 0xf6, 0x0, 0x0, 0x0, 0xd,
    0xff, 0xf2, 0x9f, 0xff, 0x60, 0x0, 0x0, 0x0,
    0xdf, 0xff, 0x28, 0xff, 0xf8, 0x0, 0x0, 0x0,
    0xe, 0xff, 0xf1, 0x4f, 0xff, 0xe0, 0x0, 0x0,
    0x5, 0xff, 0xfe, 0x0, 0xef, 0xff, 0xb0, 0x0,
    0x3, 0xef, 0xff, 0x80, 0x5, 0xff, 0xff, 0xe9,
    0x8b, 0xff, 0xff, 0xd0, 0x0, 0x7, 0xff, 0xff,
    0xff, 0xff, 0xff, 0xe2, 0x0, 0x0, 0x5, 0xef,
    0xff, 0xff, 0xff, 0xc1, 0x0, 0x0, 0x0, 0x1,
    0x7c, 0xff, 0xea, 0x50, 0x0, 0x0,

    /* U+00F1 "ñ" */
    0x0, 0x5c, 0xfe, 0xb5, 0x0, 0x3, 0xda, 0x0,
    0x4, 0xff, 0xff, 0xff, 0xfc, 0xcf, 0xff, 0x0,
    0x7, 0xff, 0xec, 0xdf, 0xff, 0xff, 0xfb, 0x0,
    0x3, 0xe8, 0x0, 0x2, 0x9d, 0xfe, 0xa1, 0x0,
    0x0, 0x0, 0x0, 0x0, 0x0, 0x0, 0x0, 0x0,
    0x0, 0x0, 0x0, 0x0, 0x0, 0x0, 0x0, 0x0,
    0x0, 0x0, 0x0, 0x0, 0x0, 0x0, 0x0, 0x0,
    0x0, 0x0, 0x0, 0x0, 0x0, 0x0, 0x0, 0x0,
    0x6e, 0xe6, 0x1, 0x8d, 0xfe, 0xc5, 0x0, 0x0,
    0xef, 0xfd, 0x3e, 0xff, 0xff, 0xff, 0xb1, 0x0,
    0xef, 0xfe, 0xef, 0xff, 0xff, 0xff, 0xfc, 0x0,
    0xef, 0xff, 0xff, 0x84, 0x6c, 0xff, 0xff, 0x80,
    0xef, 0xff, 0xe2, 0x0, 0x0, 0x9f, 0xff, 0xe0,
    0xef, 0xff, 0x60, 0x0, 0x0, 0xd, 0xff, 0xf4,
    0xef, 0xff, 0x20, 0x0, 0x0, 0x8, 0xff, 0xf7,
    0xef, 0xff, 0x10, 0x0, 0x0, 0x7, 0xff, 0xf8,
    0xef, 0xff, 0x10, 0x0, 0x0, 0x7, 0xff, 0xf9,
    0xef, 0xff, 0x10, 0x0, 0x0, 0x7, 0xff, 0xf9,
    0xef, 0xff, 0x10, 0x0, 0x0, 0x7, 0xff, 0xf9,
    0xef, 0xff, 0x10, 0x0, 0x0, 0x7, 0xff, 0xf9,
    0xef, 0xff, 0x10, 0x0, 0x0, 0x7, 0xff, 0xf9,
    0xef, 0xff, 0x10, 0x0, 0x0, 0x7, 0xff, 0xf9,
    0xef, 0xff, 0x10, 0x0, 0x0, 0x7, 0xff, 0xf9,
    0xef, 0xff, 0x10, 0x0, 0x0, 0x7, 0xff, 0xf9,
    0xef, 0xff, 0x0, 0x0, 0x0, 0x6, 0xff, 0xf8,
    0x6e, 0xe7, 0x0, 0x0, 0x0, 0x1, 0xcf, 0xd2,

    /* U+00F2 "ò" */
    0x0, 0x0, 0x6f, 0x91, 0x0, 0x0, 0x0, 0x0,
    0x0, 0x0, 0xd, 0xff, 0xf9, 0x10, 0x0, 0x0,
    0x0, 0x0, 0x0, 0x5e, 0xff, 0xff, 0x80, 0x0,
    0x0, 0x0, 0x0, 0x0, 0x7, 0xef, 0xff, 0x10,
    0x0, 0x0, 0x0, 0x0, 0x0, 0x0, 0x7e, 0xa0,
    0x0, 0x0, 0x0, 0x0, 0x0, 0x0, 0x0, 0x0,
    0x0, 0x0, 0x0, 0x0, 0x0, 0x0, 0x0, 0x0,
    0x0, 0x0, 0x0, 0x0, 0x0, 0x0, 0x0, 0x0,
    0x0, 0x0, 0x0, 0x0, 0x0, 0x0, 0x0, 0x0,
    0x0, 0x0, 0x0, 0x0, 0x0, 0x0, 0x1, 0x8c,
    0xff, 0xda, 0x40, 0x0, 0x0, 0x0, 0x6, 0xff,
    0xff, 0xff, 0xff, 0xb1, 0x0, 0x0, 0x8, 0xff,
    0xff, 0xff, 0xff, 0xff, 0xe2, 0x0, 0x6, 0xff,
    0xff, 0xe9, 0x8b, 0xff, 0xff, 0xd0, 0x0, 0xef,
    0xff, 0xa0, 0x0, 0x4, 0xff, 0xff, 0x70, 0x5f,
    0xff, 0xe0, 0x0, 0x0, 0x6, 0xff, 0xfd, 0x8,
    0xff, 0xf8, 0x0, 0x0, 0x0, 0xf, 0xff, 0xf0,
    0x9f, 0xff, 0x60, 0x0, 0x0, 0x0, 0xef, 0xff,
    0x19, 0xff, 0xf6, 0x0, 0x0, 0x0, 0xe, 0xff,
    0xf1, 0x9f, 0xff, 0x60, 0x0, 0x0, 0x0, 0xef,
    0xff, 0x19, 0xff, 0xf6, 0x0, 0x0, 0x0, 0xe,
    0xff, 0xf1, 0x8f, 0xff, 0x80, 0x0, 0x0, 0x0,
    0xff, 0xff, 0x4, 0xff, 0xfe, 0x0, 0x0, 0x0,
    0x7f, 0xff, 0xc0, 0xe, 0xff, 0xfb, 0x0, 0x0,
    0x4f, 0xff, 0xf6, 0x0, 0x5f, 0xff, 0xfe, 0x98,
    0xbf, 0xff, 0xfc, 0x0, 0x0, 0x7f, 0xff, 0xff,
    0xff, 0xff, 0xfd, 0x10, 0x0, 0x0, 0x5f, 0xff,
    0xff, 0xff, 0xfa, 0x10, 0x0, 0x0, 0x0, 0x18,
    0xcf, 0xfe, 0xa4, 0x0, 0x0, 0x0,

    /* U+00F3 "ó" */
    0x0, 0x0, 0x0, 0x0, 0x4, 0xce, 0x20, 0x0,
    0x0, 0x0, 0x0, 0x0, 0x4c, 0xff, 0xf6, 0x0,
    0x0, 0x0, 0x0, 0x1, 0xcf, 0xff, 0xfc, 0x10,
    0x0, 0x0, 0x0, 0x0, 0x7f, 0xff, 0xc4, 0x0,
    0x0, 0x0, 0x0, 0x0, 0x2, 0xec, 0x40, 0x0,
    0x0, 0x0, 0x0, 0x0, 0x0, 0x0, 0x0, 0x0,
    0x0, 0x0, 0x0, 0x0, 0x0, 0x0, 0x0, 0x0,
    0x0, 0x0, 0x0, 0x0, 0x0, 0x0, 0x0, 0x0,
    0x0, 0x0, 0x0, 0x0, 0x0, 0x0, 0x0, 0x0,
    0x0, 0x0, 0x0, 0x0, 0x0, 0x0, 0x1, 0x8c,
    0xff, 0xda, 0x40, 0x0, 0x0, 0x0, 0x6, 0xff,
    0xff, 0xff, 0xff, 0xb1, 0x0, 0x0, 0x8, 0xff,
    0xff, 0xff, 0xff, 0xff, 0xe2, 0x0, 0x6, 0xff,
    0xff, 0xe9, 0x8b, 0xff, 0xff, 0xd0, 0x0, 0xef,
    0xff, 0xa0, 0x0, 0x4, 0xff, 0xff, 0x70, 0x5f,
    0xff, 0xe0, 0x0, 0x0, 0x6, 0xff, 0xfd, 0x8,
    0xff, 0xf8, 0x0, 0x0, 0x0, 0xf, 0xff, 0xf0,
    0x9f, 0xff, 0x60, 0x0, 0x0, 0x0, 0xef, 0xff,
    0x19, 0xff, 0xf6, 0x0, 0x0, 0x0, 0xe, 0xff,
    0xf1, 0x9f, 0xff, 0x60, 0x0, 0x0, 0x0, 0xef,
    0xff, 0x19, 0xff, 0xf6, 0x0, 0x0, 0x0, 0xe,
    0xff, 0xf1, 0x8f, 0xff, 0x80, 0x0, 0x0, 0x0,
    0xff, 0xff, 0x4, 0xff, 0xfe, 0x0, 0x0, 0x0,
    0x7f, 0xff, 0xc0, 0xe, 0xff, 0xfb, 0x0, 0x0,
    0x4f, 0xff, 0xf6, 0x0, 0x5f, 0xff, 0xfe, 0x98,
    0xbf, 0xff, 0xfc, 0x0, 0x0, 0x7f, 0xff, 0xff,
    0xff, 0xff, 0xfd, 0x10, 0x0, 0x0, 0x5f, 0xff,
    0xff, 0xff, 0xfa, 0x10, 0x0, 0x0, 0x0, 0x18,
    0xcf, 0xfe, 0xa4, 0x0, 0x0, 0x0,

    /* U+00F4 "ô" */
    0x0, 0x0, 0x0, 0x3b, 0xe7, 0x0, 0x0, 0x0,
    0x0, 0x0, 0x1, 0xaf, 0xff, 0xfe, 0x50, 0x0,
    0x0, 0x0, 0x6, 0xff, 0xff, 0xdf, 0xff, 0xc1,
    0x0, 0x0, 0x0, 0xff, 0xfa, 0x10, 0x6e, 0xff,
    0x70, 0x0, 0x0, 0xb, 0xb3, 0x0, 0x0, 0x7,
    0xe4, 0x0, 0x0, 0x0, 0x0, 0x0, 0x0, 0x0,
    0x0, 0x0, 0x0, 0x0, 0x0, 0x0, 0x0, 0x0,
    0x0, 0x0, 0x0, 0x0, 0x0, 0x0, 0x0, 0x0,
    0x0, 0x0, 0x0, 0x0, 0x0, 0x0, 0x0, 0x0,
    0x0, 0x0, 0x0, 0x0, 0x0, 0x0, 0x1, 0x8c,
    0xff, 0xda, 0x40, 0x0, 0x0, 0x0, 0x6, 0xff,
    0xff, 0xff, 0xff, 0xb1, 0x0, 0x0, 0x8, 0xff,
    0xff, 0xff, 0xff, 0xff, 0xe2, 0x0, 0x6, 0xff,
    0xff, 0xe9, 0x8b, 0xff, 0xff, 0xd0, 0x0, 0xef,
    0xff, 0xa0, 0x0, 0x4, 0xff, 0xff, 0x70, 0x5f,
    0xff, 0xe0, 0x0, 0x0, 0x6, 0xff, 0xfd, 0x8,
    0xff, 0xf8, 0x0, 0x0, 0x0, 0xf, 0xff, 0xf0,
    0x9f, 0xff, 0x60, 0x0, 0x0, 0x0, 0xef, 0xff,
    0x19, 0xff, 0xf6, 0x0, 0x0, 0x0, 0xe, 0xff,
    0xf1, 0x9f, 0xff, 0x60, 0x0, 0x0, 0x0, 0xef,
    0xff, 0x19, 0xff, 0xf6, 0x0, 0x0, 0x0, 0xe,
    0xff, 0xf1, 0x8f, 0xff, 0x80, 0x0, 0x0, 0x0,
    0xff, 0xff, 0x4, 0xff, 0xfe, 0x0, 0x0, 0x0,
    0x7f, 0xff, 0xc0, 0xe, 0xff, 0xfb, 0x0, 0x0,
    0x4f, 0xff, 0xf6, 0x0, 0x5f, 0xff, 0xfe, 0x98,
    0xbf, 0xff, 0xfc, 0x0, 0x0, 0x7f, 0xff, 0xff,
    0xff, 0xff, 0xfd, 0x10, 0x0, 0x0, 0x5f, 0xff,
    0xff, 0xff, 0xfa, 0x10, 0x0, 0x0, 0x0, 0x18,
    0xcf, 0xfe, 0xa4, 0x0, 0x0, 0x0,

    /* U+00F5 "õ" */
    0x0, 0x5, 0xab, 0x96, 0x10, 0x0, 0x5a, 0x20,
    0x0, 0x9, 0xff, 0xff, 0xff, 0xec, 0xef, 0xf7,
    0x0, 0x0, 0xff, 0xff, 0xff, 0xff, 0xff, 0xff,
    0x50, 0x0, 0xa, 0xd6, 0x0, 0x38, 0xcf, 0xfd,
    0x60, 0x0, 0x0, 0x0, 0x0, 0x0, 0x0, 0x0,
    0x0, 0x0, 0x0, 0x0, 0x0, 0x0, 0x0, 0x0,
    0x0, 0x0, 0x0, 0x0, 0x0, 0x0, 0x0, 0x0,
    0x0, 0x0, 0x0, 0x0, 0x0, 0x0, 0x0, 0x0,
    0x0, 0x0, 0x0, 0x0, 0x0, 0x0, 0x0, 0x0,
    0x0, 0x0, 0x0, 0x0, 0x0, 0x0, 0x1, 0x8c,
    0xff, 0xda, 0x40, 0x0, 0x0, 0x0, 0x6, 0xff,
    0xff, 0xff, 0xff, 0xb1, 0x0, 0x0, 0x8, 0xff,
    0xff, 0xff, 0xff, 0xff, 0xe2, 0x0, 0x6, 0xff,
    0xff, 0xe9, 0x8b, 0xff, 0xff, 0xd0, 0x0, 0xef,
    0xff, 0xa0, 0x0, 0x4, 0xff, 0xff, 0x70, 0x5f,
    0xff, 0xe0, 0x0, 0x0, 0x6, 0xff, 0xfd, 0x8,
    0xff, 0xf8, 0x0, 0x0, 0x0, 0xf, 0xff, 0xf0,
    0x9f, 0xff, 0x60, 0x0, 0x0, 0x0, 0xef, 0xff,
    0x19, 0xff, 0xf6, 0x0, 0x0, 0x0, 0xe, 0xff,
    0xf1, 0x9f, 0xff, 0x60, 0x0, 0x0, 0x0, 0xef,
    0xff, 0x19, 0xff, 0xf6, 0x0, 0x0, 0x0, 0xe,
    0xff, 0xf1, 0x8f, 0xff, 0x80, 0x0, 0x0, 0x0,
    0xff, 0xff, 0x4, 0xff, 0xfe, 0x0, 0x0, 0x0,
    0x7f, 0xff, 0xc0, 0xe, 0xff, 0xfb, 0x0, 0x0,
    0x4f, 0xff, 0xf6, 0x0, 0x5f, 0xff, 0xfe, 0x98,
    0xbf, 0xff, 0xfc, 0x0, 0x0, 0x7f, 0xff, 0xff,
    0xff, 0xff, 0xfd, 0x10, 0x0, 0x0, 0x5f, 0xff,
    0xff, 0xff, 0xfa, 0x10, 0x0, 0x0, 0x0, 0x18,
    0xcf, 0xfe, 0xa4, 0x0, 0x0, 0x0,

    /* U+00F6 "ö" */
    0x0, 0x0, 0x26, 0x20, 0x0, 0x64, 0x0, 0x0,
    0x0, 0x0, 0xe, 0xff, 0x10, 0xaf, 0xf5, 0x0,
    0x0, 0x0, 0x1, 0xff, 0xf3, 0xc, 0xff, 0x80,
    0x0, 0x0, 0x0, 0x8, 0xfa, 0x0, 0x4e, 0xd1,
    0x0, 0x0, 0x0, 0x0, 0x0, 0x0, 0x0, 0x0,
    0x0, 0x0, 0x0, 0x0, 0x0, 0x0, 0x0, 0x0,
    0x0, 0x0, 0x0, 0x0, 0x0, 0x0, 0x0, 0x0,
    0x0, 0x0, 0x0, 0x0, 0x0, 0x0, 0x0, 0x0,
    0x0, 0x0, 0x0, 0x0, 0x0, 0x0, 0x18, 0xcf,
    0xfd, 0xa4, 0x0, 0x0, 0x0, 0x0, 0x6f, 0xff,
    0xff, 0xff, 0xfb, 0x10, 0x0, 0x0, 0x8f, 0xff,
    0xff, 0xff, 0xff, 0xfe, 0x20, 0x0, 0x6f, 0xff,
    0xfe, 0x98, 0xbf, 0xff, 0xfd, 0x0, 0xe, 0xff,
    0xfa, 0x0, 0x0, 0x4f, 0xff, 0xf7, 0x5, 0xff,
    0xfe, 0x0, 0x0, 0x0, 0x6f, 0xff, 0xd0, 0x8f,
    0xff, 0x80, 0x0, 0x0, 0x0, 0xff, 0xff, 0x9,
    0xff, 0xf6, 0x0, 0x0, 0x0, 0xe, 0xff, 0xf1,
    0x9f, 0xff, 0x60, 0x0, 0x0, 0x0, 0xef, 0xff,
    0x19, 0xff, 0xf6, 0x0, 0x0, 0x0, 0xe, 0xff,
    0xf1, 0x9f, 0xff, 0x60, 0x0, 0x0, 0x0, 0xef,
    0xff, 0x18, 0xff, 0xf8, 0x0, 0x0, 0x0, 0xf,
    0xff, 0xf0, 0x4f, 0xff, 0xe0, 0x0, 0x0, 0x7,
    0xff, 0xfc, 0x0, 0xef, 0xff, 0xb0, 0x0, 0x4,
    0xff, 0xff, 0x60, 0x5, 0xff, 0xff, 0xe9, 0x8b,
    0xff, 0xff, 0xc0, 0x0, 0x7, 0xff, 0xff, 0xff,
    0xff, 0xff, 0xd1, 0x0, 0x0, 0x5, 0xff, 0xff,
    0xff, 0xff, 0xa1, 0x0, 0x0, 0x0, 0x1, 0x8c,
    0xff, 0xea, 0x40, 0x0, 0x0,

    /* U+00F7 "÷" */
    0x0, 0x0, 0x0, 0xaf, 0xb1, 0x0, 0x0, 0x0,
    0x0, 0x0, 0x7, 0xff, 0xf9, 0x0, 0x0, 0x0,
    0x0, 0x0, 0x8, 0xff, 0xf9, 0x0, 0x0, 0x0,
    0x0, 0x0, 0x1, 0xdf, 0xd2, 0x0, 0x0, 0x0,
    0x0, 0x0, 0x0, 0x1, 0x0, 0x0, 0x0, 0x0,
    0x0, 0x0, 0x0, 0x0, 0x0, 0x0, 0x0, 0x0,
    0x0, 0x0, 0x0, 0x0, 0x0, 0x0, 0x0, 0x0,
    0x4f, 0xff, 0xff, 0xff, 0xff, 0xff, 0xff, 0x90,
    0xaf, 0xff, 0xff, 0xff, 0xff, 0xff, 0xff, 0xf1,
    0x6f, 0xff, 0xff, 0xff, 0xff, 0xff, 0xff, 0xc0,
    0x1, 0x22, 0x22, 0x22, 0x22, 0x22, 0x22, 0x0,
    0x0, 0x0, 0x0, 0x0, 0x0, 0x0, 0x0, 0x0,
    0x0, 0x0, 0x0, 0x1, 0x0, 0x0, 0x0, 0x0,
    0x0, 0x0, 0x1, 0xcf, 0xd2, 0x0, 0x0, 0x0,
    0x0, 0x0, 0x8, 0xff, 0xf9, 0x0, 0x0, 0x0,
    0x0, 0x0, 0x7, 0xff, 0xf9, 0x0, 0x0, 0x0,
    0x0, 0x0, 0x0, 0xaf, 0xb1, 0x0, 0x0, 0x0,

    /* U+00F8 "ø" */
    0x0, 0x0, 0x0, 0x0, 0x0, 0x0, 0x2, 0x50,
    0x0, 0x0, 0x0, 0x0, 0x0, 0x0, 0x0, 0xdf,
    0x20, 0x0, 0x0, 0x18, 0xcf, 0xfd, 0xa4, 0x8f,
    0xe0, 0x0, 0x0, 0x6f, 0xff, 0xff, 0xff, 0xff,
    0xf4, 0x0, 0x0, 0x8f, 0xff, 0xff, 0xff, 0xff,
    0xff, 0x20, 0x0, 0x6f, 0xff, 0xfe, 0x98, 0xbf,
    0xff, 0xfd, 0x0, 0xe, 0xff, 0xfa, 0x0, 0x3,
    0xff, 0xff, 0xf7, 0x5, 0xff, 0xfe, 0x0, 0x0,
    0xcf, 0xff, 0xff, 0xd0, 0x8f, 0xff, 0x80, 0x0,
    0x7f, 0xe1, 0xff, 0xff, 0x9, 0xff, 0xf6, 0x0,
    0x2f, 0xf4, 0xe, 0xff, 0xf1, 0x9f, 0xff, 0x60,
    0xc, 0xf9, 0x0, 0xef, 0xff, 0x19, 0xff, 0xf6,
    0x7, 0xfd, 0x0, 0xe, 0xff, 0xf1, 0x9f, 0xff,
    0x62, 0xff, 0x40, 0x0, 0xef, 0xff, 0x18, 0xff,
    0xf8, 0xbf, 0x90, 0x0, 0xf, 0xff, 0xf0, 0x4f,
    0xff, 0xff, 0xd0, 0x0, 0x7, 0xff, 0xfc, 0x0,
    0xef, 0xff, 0xf4, 0x0, 0x4, 0xff, 0xff, 0x60,
    0x5, 0xff, 0xff, 0xe9, 0x8b, 0xff, 0xff, 0xc0,
    0x0, 0xd, 0xff, 0xff, 0xff, 0xff, 0xff, 0xd1,
    0x0, 0x1, 0xef, 0xff, 0xff, 0xff, 0xff, 0xa1,
    0x0, 0x0, 0xaf, 0x81, 0x8c, 0xff, 0xea, 0x40,
    0x0, 0x0, 0xa, 0xc0, 0x0, 0x0, 0x0, 0x0,
    0x0, 0x0, 0x0,

    /* U+00F9 "ù" */
    0x0, 0x0, 0x5, 0x50, 0x0, 0x0, 0x0, 0x0,
    0x0, 0x0, 0x3, 0xff, 0xd5, 0x0, 0x0, 0x0,
    0x0, 0x0, 0x0, 0x3f, 0xff, 0xfd, 0x50, 0x0,
    0x0, 0x0, 0x0, 0x0, 0x3b, 0xff, 0xff, 0x70,
    0x0, 0x0, 0x0, 0x0, 0x0, 0x3, 0xbf, 0xf8,
    0x0, 0x0, 0x0, 0x0, 0x0, 0x0, 0x0, 0x36,
    0x0, 0x0, 0x0, 0x0, 0x0, 0x0, 0x0, 0x0,
    0x0, 0x0, 0x0, 0x0, 0x0, 0x0, 0x0, 0x0,
    0x0, 0x0, 0x0, 0x0, 0x0, 0x0, 0x0, 0x0,
    0x0, 0x0, 0x0, 0x0, 0x0, 0x8f, 0xe5, 0x0,
    0x0, 0x0, 0x1, 0xbf, 0xd3, 0x1f, 0xff, 0xd0,
    0x0, 0x0, 0x0, 0x6f, 0xff, 0x91, 0xff, 0xfe,
    0x0, 0x0, 0x0, 0x6, 0xff, 0xf9, 0x1f, 0xff,
    0xe0, 0x0, 0x0, 0x0, 0x6f, 0xff, 0x91, 0xff,
    0xfe, 0x0, 0x0, 0x0, 0x6, 0xff, 0xf9, 0x1f,
    0xff, 0xe0, 0x0, 0x0, 0x0, 0x6f, 0xff, 0x91,
    0xff, 0xfe, 0x0, 0x0, 0x0, 0x6, 0xff, 0xf9,
    0x1f, 0xff, 0xe0, 0x0, 0x0, 0x0, 0x6f, 0xff,
    0x91, 0xff, 0xfe, 0x0, 0x0, 0x0, 0x6, 0xff,
    0xf9, 0x1f, 0xff, 0xe0, 0x0, 0x0, 0x0, 0x6f,
    0xff, 0x91, 0xff, 0xfe, 0x0, 0x0, 0x0, 0x6,
    0xff, 0xf9, 0xf, 0xff, 0xf0, 0x0, 0x0, 0x0,
    0x8f, 0xff, 0x80, 0xdf, 0xff, 0x70, 0x0, 0x0,
    0xe, 0xff, 0xf5, 0x7, 0xff, 0xff, 0x40, 0x0,
    0xb, 0xff, 0xfe, 0x0, 0xc, 0xff, 0xff, 0xb8,
    0x9e, 0xff, 0xff, 0x50, 0x0, 0x1e, 0xff, 0xff,
    0xff, 0xff, 0xff, 0x80, 0x0, 0x0, 0x1b, 0xff,
    0xff, 0xff, 0xff, 0x50, 0x0, 0x0, 0x0, 0x5,
    0xae, 0xff, 0xc8, 0x10, 0x0, 0x0,

    /* U+00FA "ú" */
    0x0, 0x0, 0x0, 0x0, 0x0, 0x16, 0x20, 0x0,
    0x0, 0x0, 0x0, 0x0, 0x0, 0x8f, 0xfd, 0x0,
    0x0, 0x0, 0x0, 0x0, 0x7, 0xef, 0xff, 0xd0,
    0x0, 0x0, 0x0, 0x0, 0xc, 0xff, 0xff, 0x91,
    0x0, 0x0, 0x0, 0x0, 0x0, 0xdf, 0xf8, 0x10,
    0x0, 0x0, 0x0, 0x0, 0x0, 0x2, 0x61, 0x0,
    0x0, 0x0, 0x0, 0x0, 0x0, 0x0, 0x0, 0x0,
    0x0, 0x0, 0x0, 0x0, 0x0, 0x0, 0x0, 0x0,
    0x0, 0x0, 0x0, 0x0, 0x0, 0x0, 0x0, 0x0,
    0x0, 0x0, 0x0, 0x0, 0x0, 0x8f, 0xe5, 0x0,
    0x0, 0x0, 0x1, 0xbf, 0xd3, 0x1f, 0xff, 0xd0,
    0x0, 0x0, 0x0, 0x6f, 0xff, 0x91, 0xff, 0xfe,
    0x0, 0x0, 0x0, 0x6, 0xff, 0xf9, 0x1f, 0xff,
    0xe0, 0x0, 0x0, 0x0, 0x6f, 0xff, 0x91, 0xff,
    0xfe, 0x0, 0x0, 0x0, 0x6, 0xff, 0xf9, 0x1f,
    0xff, 0xe0, 0x0, 0x0, 0x0, 0x6f, 0xff, 0x91,
    0xff, 0xfe, 0x0, 0x0, 0x0, 0x6, 0xff, 0xf9,
    0x1f, 0xff, 0xe0, 0x0, 0x0, 0x0, 0x6f, 0xff,
    0x91, 0xff, 0xfe, 0x0, 0x0, 0x0, 0x6, 0xff,
    0xf9, 0x1f, 0xff, 0xe0, 0x0, 0x0, 0x0, 0x6f,
    0xff, 0x91, 0xff, 0xfe, 0x0, 0x0, 0x0, 0x6,
    0xff, 0xf9, 0xf, 0xff, 0xf0, 0x0, 0x0, 0x0,
    0x8f, 0xff, 0x80, 0xdf, 0xff, 0x70, 0x0, 0x0,
    0xe, 0xff, 0xf5, 0x7, 0xff, 0xff, 0x40, 0x0,
    0xb, 0xff, 0xfe, 0x0, 0xc, 0xff, 0xff, 0xb8,
    0x9e, 0xff, 0xff, 0x50, 0x0, 0x1e, 0xff, 0xff,
    0xff, 0xff, 0xff, 0x80, 0x0, 0x0, 0x1b, 0xff,
    0xff, 0xff, 0xff, 0x50, 0x0, 0x0, 0x0, 0x5,
    0xae, 0xff, 0xc8, 0x10, 0x0, 0x0,

    /* U+00FB "û" */
    0x0, 0x0, 0x0, 0x1, 0x64, 0x0, 0x0, 0x0,
    0x0, 0x0, 0x0, 0x18, 0xff, 0xfc, 0x40, 0x0,
    0x0, 0x0, 0x0, 0x8f, 0xff, 0xff, 0xff, 0xc3,
    0x0, 0x0, 0x0, 0x6f, 0xff, 0x81, 0x4c, 0xff,
    0xf0, 0x0, 0x0, 0x4, 0xe8, 0x10, 0x0, 0x4,
    0xcc, 0x0, 0x0, 0x0, 0x0, 0x0, 0x0, 0x0,
    0x0, 0x0, 0x0, 0x0, 0x0, 0x0, 0x0, 0x0,
    0x0, 0x0, 0x0, 0x0, 0x0, 0x0, 0x0, 0x0,
    0x0, 0x0, 0x0, 0x0, 0x0, 0x0, 0x0, 0x0,
    0x0, 0x0, 0x0, 0x0, 0x0, 0x8f, 0xe5, 0x0,
    0x0, 0x0, 0x1, 0xbf, 0xd3, 0x1f, 0xff, 0xd0,
    0x0, 0x0, 0x0, 0x6f, 0xff, 0x91, 0xff, 0xfe,
    0x0, 0x0, 0x0, 0x6, 0xff, 0xf9, 0x1f, 0xff,
    0xe0, 0x0, 0x0, 0x0, 0x6f, 0xff, 0x91, 0xff,
    0xfe, 0x0, 0x0, 0x0, 0x6, 0xff, 0xf9, 0x1f,
    0xff, 0xe0, 0x0, 0x0, 0x0, 0x6f, 0xff, 0x91,
    0xff, 0xfe, 0x0, 0x0, 0x0, 0x6, 0xff, 0xf9,
    0x1f, 0xff, 0xe0, 0x0, 0x0, 0x0, 0x6f, 0xff,
    0x91, 0xff, 0xfe, 0x0, 0x0, 0x0, 0x6, 0xff,
    0xf9, 0x1f, 0xff, 0xe0, 0x0, 0x0, 0x0, 0x6f,
    0xff, 0x91, 0xff, 0xfe, 0x0, 0x0, 0x0, 0x6,
    0xff, 0xf9, 0xf, 0xff, 0xf0, 0x0, 0x0, 0x0,
    0x8f, 0xff, 0x80, 0xdf, 0xff, 0x70, 0x0, 0x0,
    0xe, 0xff, 0xf5, 0x7, 0xff, 0xff, 0x40, 0x0,
    0xb, 0xff, 0xfe, 0x0, 0xc, 0xff, 0xff, 0xb8,
    0x9e, 0xff, 0xff, 0x50, 0x0, 0x1e, 0xff, 0xff,
    0xff, 0xff, 0xff, 0x80, 0x0, 0x0, 0x1b, 0xff,
    0xff, 0xff, 0xff, 0x50, 0x0, 0x0, 0x0, 0x5,
    0xae, 0xff, 0xc8, 0x10, 0x0, 0x0,

    /* U+00FC "ü" */
    0x0, 0x0, 0x5, 0x60, 0x0, 0x36, 0x10, 0x0,
    0x0, 0x0, 0x6, 0xff, 0x90, 0x2f, 0xfd, 0x0,
    0x0, 0x0, 0x0, 0x9f, 0xfc, 0x4, 0xff, 0xf0,
    0x0, 0x0, 0x0, 0x2, 0xde, 0x40, 0xa, 0xf7,
    0x0, 0x0, 0x0, 0x0, 0x0, 0x0, 0x0, 0x0,
    0x0, 0x0, 0x0, 0x0, 0x0, 0x0, 0x0, 0x0,
    0x0, 0x0, 0x0, 0x0, 0x0, 0x0, 0x0, 0x0,
    0x0, 0x0, 0x0, 0x0, 0x0, 0x0, 0x0, 0x0,
    0x0, 0x0, 0x0, 0x0, 0x8, 0xfe, 0x50, 0x0,
    0x0, 0x0, 0x1b, 0xfd, 0x31, 0xff, 0xfd, 0x0,
    0x0, 0x0, 0x6, 0xff, 0xf9, 0x1f, 0xff, 0xe0,
    0x0, 0x0, 0x0, 0x6f, 0xff, 0x91, 0xff, 0xfe,
    0x0, 0x0, 0x0, 0x6, 0xff, 0xf9, 0x1f, 0xff,
    0xe0, 0x0, 0x0, 0x0, 0x6f, 0xff, 0x91, 0xff,
    0xfe, 0x0, 0x0, 0x0, 0x6, 0xff, 0xf9, 0x1f,
    0xff, 0xe0, 0x0, 0x0, 0x0, 0x6f, 0xff, 0x91,
    0xff, 0xfe, 0x0, 0x0, 0x0, 0x6, 0xff, 0xf9,
    0x1f, 0xff, 0xe0, 0x0, 0x0, 0x0, 0x6f, 0xff,
    0x91, 0xff, 0xfe, 0x0, 0x0, 0x0, 0x6, 0xff,
    0xf9, 0x1f, 0xff, 0xe0, 0x0, 0x0, 0x0, 0x6f,
    0xff, 0x90, 0xff, 0xff, 0x0, 0x0, 0x0, 0x8,
    0xff, 0xf8, 0xd, 0xff, 0xf7, 0x0, 0x0, 0x0,
    0xef, 0xff, 0x50, 0x7f, 0xff, 0xf4, 0x0, 0x0,
    0xbf, 0xff, 0xe0, 0x0, 0xcf, 0xff, 0xfb, 0x89,
    0xef, 0xff, 0xf5, 0x0, 0x1, 0xef, 0xff, 0xff,
    0xff, 0xff, 0xf8, 0x0, 0x0, 0x1, 0xbf, 0xff,
    0xff, 0xff, 0xf5, 0x0, 0x0, 0x0, 0x0, 0x5a,
    0xef, 0xfc, 0x81, 0x0, 0x0,

    /* U+00FD "ý" */
    0x0, 0x0, 0x0, 0x0, 0x0, 0x27, 0x20, 0x0,
    0x0, 0x0, 0x0, 0x0, 0x3, 0xaf, 0xfc, 0x0,
    0x0, 0x0, 0x0, 0x0, 0x4b, 0xff, 0xff, 0x90,
    0x0, 0x0, 0x0, 0x0, 0xf, 0xff, 0xfa, 0x30,
    0x0, 0x0, 0x0, 0x0, 0x0, 0xae, 0x81, 0x0,
    0x0, 0x0, 0x0, 0x0, 0x0, 0x0, 0x0, 0x0,
    0x0, 0x0, 0x0, 0x0, 0x0, 0x0, 0x0, 0x0,
    0x0, 0x0, 0x0, 0x0, 0x0, 0x0, 0x0, 0x0,
    0x0, 0x0, 0x0, 0x0, 0x0, 0x0, 0x0, 0x0,
    0x0, 0x0, 0x0, 0x0, 0x0, 0x8e, 0xd1, 0x0,
    0x0, 0x0, 0x0, 0xaf, 0x91, 0x9f, 0xff, 0x70,
    0x0, 0x0, 0x0, 0x3f, 0xff, 0xb7, 0xff, 0xfd,
    0x0, 0x0, 0x0, 0x8, 0xff, 0xfb, 0x1f, 0xff,
    0xf4, 0x0, 0x0, 0x0, 0xef, 0xff, 0x40, 0x9f,
    0xff, 0xa0, 0x0, 0x0, 0x3f, 0xff, 0xe0, 0x2,
    0xff, 0xff, 0x10, 0x0, 0x9, 0xff, 0xf8, 0x0,
    0xa, 0xff, 0xf7, 0x0, 0x0, 0xef, 0xff, 0x20,
    0x0, 0x3f, 0xff, 0xd0, 0x0, 0x4f, 0xff, 0xb0,
    0x0, 0x0, 0xcf, 0xff, 0x40, 0xa, 0xff, 0xf5,
    0x0, 0x0, 0x5, 0xff, 0xfa, 0x0, 0xff, 0xfe,
    0x0, 0x0, 0x0, 0xd, 0xff, 0xf1, 0x5f, 0xff,
    0x80, 0x0, 0x0, 0x0, 0x6f, 0xff, 0x7a, 0xff,
    0xf2, 0x0, 0x0, 0x0, 0x0, 0xef, 0xfe, 0xff,
    0xfb, 0x0, 0x0, 0x0, 0x0, 0x8, 0xff, 0xff,
    0xff, 0x50, 0x0, 0x0, 0x0, 0x0, 0x1f, 0xff,
    0xff, 0xe0, 0x0, 0x0, 0x0, 0x0, 0x0, 0x9f,
    0xff, 0xf8, 0x0, 0x0, 0x0, 0x0, 0x0, 0x3,
    0xff, 0xff, 0x20, 0x0, 0x0, 0x0, 0x0, 0x0,
    0x5f, 0xff, 0xc0, 0x0, 0x0, 0x0, 0x0, 0x0,
    0x9, 0xff, 0xf6, 0x0, 0x0, 0x0, 0x0, 0x0,
    0x1, 0xff, 0xff, 0x0, 0x0, 0x0, 0x0, 0x0,
    0x0, 0xbf, 0xff, 0x80, 0x0, 0x0, 0x0, 0x0,
    0x1, 0xbf, 0xff, 0xf1, 0x0, 0x0, 0x0, 0x0,
    0x69, 0xff, 0xff, 0xf8, 0x0, 0x0, 0x0, 0x0,
    0x7f, 0xff, 0xff, 0xfc, 0x0, 0x0, 0x0, 0x0,
    0x9, 0xff, 0xff, 0xfb, 0x10, 0x0, 0x0, 0x0,
    0x0, 0x4e, 0xfd, 0xa4, 0x0, 0x0, 0x0, 0x0,
    0x0, 0x0,

    /* U+00FE "þ" */
    0x6e, 0xf9, 0x0, 0x0, 0x0, 0x0, 0x0, 0x0,
    0xdf, 0xff, 0x10, 0x0, 0x0, 0x0, 0x0, 0x0,
    0xef, 0xff, 0x20, 0x0, 0x0, 0x0, 0x0, 0x0,
    0xef, 0xff, 0x20, 0x0, 0x0, 0x0, 0x0, 0x0,
    0xef, 0xff, 0x20, 0x0, 0x0, 0x0, 0x0, 0x0,
    0xef, 0xff, 0x20, 0x0, 0x0, 0x0, 0x0, 0x0,
    0xef, 0xff, 0x20, 0x0, 0x0, 0x0, 0x0, 0x0,
    0xef, 0xff, 0x20, 0x0, 0x0, 0x0, 0x0, 0x0,
    0xef, 0xff, 0x20, 0x0, 0x0, 0x0, 0x0, 0x0,
    0xef, 0xff, 0x20, 0x0, 0x0, 0x0, 0x0, 0x0,
    0xef, 0xff, 0x20, 0x6c, 0xee, 0xc6, 0x0, 0x0,
    0xef, 0xff, 0x2b, 0xff, 0xff, 0xff, 0xe3, 0x0,
    0xef, 0xff, 0xbf, 0xff, 0xff, 0xff, 0xff, 0x20,
    0xef, 0xff, 0xff, 0xc8, 0x9d, 0xff, 0xff, 0xc0,
    0xef, 0xff, 0xf5, 0x0, 0x0, 0x8f, 0xff, 0xf4,
    0xef, 0xff, 0x80, 0x0, 0x0, 0xb, 0xff, 0xf9,
    0xef, 0xff, 0x30, 0x0, 0x0, 0x4, 0xff, 0xfb,
    0xef, 0xff, 0x20, 0x0, 0x0, 0x2, 0xff, 0xfd,
    0xef, 0xff, 0x20, 0x0, 0x0, 0x2, 0xff, 0xfd,
    0xef, 0xff, 0x20, 0x0, 0x0, 0x2, 0xff, 0xfd,
    0xef, 0xff, 0x20, 0x0, 0x0, 0x2, 0xff, 0xfd,
    0xef, 0xff, 0x20, 0x0, 0x0, 0x5, 0xff, 0xfb,
    0xef, 0xff, 0x80, 0x0, 0x0, 0xb, 0xff, 0xf9,
    0xef, 0xff, 0xf7, 0x0, 0x0, 0x9f, 0xff, 0xf3,
    0xef, 0xff, 0xff, 0xd8, 0x8d, 0xff, 0xff, 0xb0,
    0xef, 0xff, 0xbf, 0xff, 0xff, 0xff, 0xfe, 0x10,
    0xef, 0xff, 0x2a, 0xff, 0xff, 0xff, 0xd2, 0x0,
    0xef, 0xff, 0x20, 0x5b, 0xef, 0xd7, 0x0, 0x0,
    0xef, 0xff, 0x20, 0x0, 0x0, 0x0, 0x0, 0x0,
    0xef, 0xff, 0x20, 0x0, 0x0, 0x0, 0x0, 0x0,
    0xef, 0xff, 0x20, 0x0, 0x0, 0x0, 0x0, 0x0,
    0xef, 0xff, 0x20, 0x0, 0x0, 0x0, 0x0, 0x0,
    0xef, 0xff, 0x20, 0x0, 0x0, 0x0, 0x0, 0x0,
    0xef, 0xff, 0x20, 0x0, 0x0, 0x0, 0x0, 0x0,
    0xdf, 0xff, 0x10, 0x0, 0x0, 0x0, 0x0, 0x0,
    0x6e, 0xf8, 0x0, 0x0, 0x0, 0x0, 0x0, 0x0,

    /* U+00FF "ÿ" */
    0x0, 0x0, 0x5, 0x50, 0x0, 0x46, 0x0, 0x0,
    0x0, 0x0, 0x8, 0xff, 0x70, 0x3f, 0xfb, 0x0,
    0x0, 0x0, 0x0, 0xbf, 0xf9, 0x6, 0xff, 0xe0,
    0x0, 0x0, 0x0, 0x3, 0xed, 0x20, 0xc, 0xe5,
    0x0, 0x0, 0x0, 0x0, 0x0, 0x0, 0x0, 0x0,
    0x0, 0x0, 0x0, 0x0, 0x0, 0x0, 0x0, 0x0,
    0x0, 0x0, 0x0, 0x0, 0x0, 0x0, 0x0, 0x0,
    0x0, 0x0, 0x0, 0x0, 0x0, 0x0, 0x0, 0x0,
    0x0, 0x0, 0x0, 0x0, 0x8, 0xed, 0x10, 0x0,
    0x0, 0x0, 0xa, 0xf9, 0x19, 0xff, 0xf7, 0x0,
    0x0, 0x0, 0x3, 0xff, 0xfb, 0x7f, 0xff, 0xd0,
    0x0, 0x0, 0x0, 0x8f, 0xff, 0xb1, 0xff, 0xff,
    0x40, 0x0, 0x0, 0xe, 0xff, 0xf4, 0x9, 0xff,
    0xfa, 0x0, 0x0, 0x3, 0xff, 0xfe, 0x0, 0x2f,
    0xff, 0xf1, 0x0, 0x0, 0x9f, 0xff, 0x80, 0x0,
    0xaf, 0xff, 0x70, 0x0, 0xe, 0xff, 0xf2, 0x0,
    0x3, 0xff, 0xfd, 0x0, 0x4, 0xff, 0xfb, 0x0,
    0x0, 0xc, 0xff, 0xf4, 0x0, 0xaf, 0xff, 0x50,
    0x0, 0x0, 0x5f, 0xff, 0xa0, 0xf, 0xff, 0xe0,
    0x0, 0x0, 0x0, 0xdf, 0xff, 0x15, 0xff, 0xf8,
    0x0, 0x0, 0x0, 0x6, 0xff, 0xf7, 0xaf, 0xff,
    0x20, 0x0, 0x0, 0x0, 0xe, 0xff, 0xef, 0xff,
    0xb0, 0x0, 0x0, 0x0, 0x0, 0x8f, 0xff, 0xff,
    0xf5, 0x0, 0x0, 0x0, 0x0, 0x1, 0xff, 0xff,
    0xfe, 0x0, 0x0, 0x0, 0x0, 0x0, 0x9, 0xff,
    0xff, 0x80, 0x0, 0x0, 0x0, 0x0, 0x0, 0x3f,
    0xff, 0xf2, 0x0, 0x0, 0x0, 0x0, 0x0, 0x5,
    0xff, 0xfc, 0x0, 0x0, 0x0, 0x0, 0x0, 0x0,
    0x9f, 0xff, 0x60, 0x0, 0x0, 0x0, 0x0, 0x0,
    0x1f, 0xff, 0xf0, 0x0, 0x0, 0x0, 0x0, 0x0,
    0xb, 0xff, 0xf8, 0x0, 0x0, 0x0, 0x0, 0x0,
    0x1b, 0xff, 0xff, 0x10, 0x0, 0x0, 0x0, 0x6,
    0x9f, 0xff, 0xff, 0x80, 0x0, 0x0, 0x0, 0x7,
    0xff, 0xff, 0xff, 0xc0, 0x0, 0x0, 0x0, 0x0,
    0x9f, 0xff, 0xff, 0xb1, 0x0, 0x0, 0x0, 0x0,
    0x4, 0xef, 0xda, 0x40, 0x0, 0x0, 0x0, 0x0,
    0x0,

    /* U+0100 "Ā" */
    0x0, 0x0, 0x4, 0xff, 0xff, 0xff, 0xff, 0xf8,
    0x0, 0x0, 0x0, 0x0, 0x0, 0x9f, 0xff, 0xff,
    0xff, 0xff, 0xd0, 0x0, 0x0, 0x0, 0x0, 0x2,
    0xab, 0xbb, 0xbb, 0xbb, 0xb4, 0x0, 0x0, 0x0,
    0x0, 0x0, 0x0, 0x0, 0x0, 0x0, 0x0, 0x0,
    0x0, 0x0, 0x0, 0x0, 0x0, 0x0, 0x0, 0x0,
    0x0, 0x0, 0x0, 0x0, 0x0, 0x0, 0x0, 0x0,
    0x0, 0x0, 0x0, 0x0, 0x0, 0x0, 0x0, 0x0,
    0x0, 0x0, 0x0, 0x0, 0x0, 0x0, 0x0, 0x0,
    0x0, 0x0, 0x0, 0x0, 0x0, 0x0, 0x0, 0x0,
    0x0, 0x0, 0x0, 0x0, 0x0, 0x0, 0x0, 0x0,
    0x4c, 0xfe, 0x70, 0x0, 0x0, 0x0, 0x0, 0x0,
    0x0, 0x0, 0xe, 0xff, 0xff, 0x40, 0x0, 0x0,
    0x0, 0x0, 0x0, 0x0, 0x4, 0xff, 0xff, 0xf9,
    0x0, 0x0, 0x0, 0x0, 0x0, 0x0, 0x0, 0x9f,
    0xff, 0xff, 0xe0, 0x0, 0x0, 0x0, 0x0, 0x0,
    0x0, 0xe, 0xff, 0xff, 0xff, 0x30, 0x0, 0x0,
    0x0, 0x0, 0x0, 0x3, 0xff, 0xfd, 0xff, 0xf8,
    0x0, 0x0, 0x0, 0x0, 0x0, 0x0, 0x8f, 0xff,
    0x4f, 0xff, 0xd0, 0x0, 0x0, 0x0, 0x0, 0x0,
    0xd, 0xff, 0xf0, 0xbf, 0xff, 0x20, 0x0, 0x0,
    0x0, 0x0, 0x3, 0xff, 0xfa, 0x6, 0xff, 0xf7,
    0x0, 0x0, 0x0, 0x0, 0x0, 0x8f, 0xff, 0x50,
    0x1f, 0xff, 0xd0, 0x0, 0x0, 0x0, 0x0, 0xd,
    0xff, 0xf1, 0x0, 0xcf, 0xff, 0x20, 0x0, 0x0,
    0x0, 0x2, 0xff, 0xfc, 0x0, 0x7, 0xff, 0xf7,
    0x0, 0x0, 0x0, 0x0, 0x7f, 0xff, 0x70, 0x0,
    0x2f, 0xff, 0xc0, 0x0, 0x0, 0x0, 0xc, 0xff,
    0xf2, 0x0, 0x0, 0xdf, 0xff, 0x10, 0x0, 0x0,
    0x1, 0xff, 0xfd, 0x0, 0x0, 0x9, 0xff, 0xf6,
    0x0, 0x0, 0x0, 0x6f, 0xff, 0x80, 0x0, 0x0,
    0x4f, 0xff, 0xb0, 0x0, 0x0, 0xb, 0xff, 0xf3,
    0x0, 0x0, 0x0, 0xff, 0xff, 0x0, 0x0, 0x1,
    0xff, 0xff, 0x33, 0x33, 0x33, 0x3b, 0xff, 0xf5,
    0x0, 0x0, 0x6f, 0xff, 0xff, 0xff, 0xff, 0xff,
    0xff, 0xff, 0xa0, 0x0, 0xb, 0xff, 0xff, 0xff,
    0xff, 0xff, 0xff, 0xff, 0xff, 0x0, 0x0, 0xff,
    0xff, 0xff, 0xff, 0xff, 0xff, 0xff, 0xff, 0xf4,
    0x0, 0x5f, 0xff, 0xd0, 0x0, 0x0, 0x0, 0x0,
    0x7f, 0xff, 0x90, 0xa, 0xff, 0xf8, 0x0, 0x0,
    0x0, 0x0, 0x3, 0xff, 0xfe, 0x0, 0xff, 0xff,
    0x30, 0x0, 0x0, 0x0, 0x0, 0xe, 0xff, 0xf4,
    0x4f, 0xff, 0xe0, 0x0, 0x0, 0x0, 0x0, 0x0,
    0x9f, 0xff, 0x96, 0xff, 0xf9, 0x0, 0x0, 0x0,
    0x0, 0x0, 0x4, 0xff, 0xfb, 0x9, 0xee, 0x30,
    0x0, 0x0, 0x0, 0x0, 0x0, 0xc, 0xfb, 0x20,

    /* U+0101 "ā" */
    0x0, 0xa, 0xff, 0xff, 0xff, 0xff, 0xe3, 0x0,
    0x0, 0xf, 0xff, 0xff, 0xff, 0xff, 0xf8, 0x0,
    0x0, 0x6, 0xbb, 0xbb, 0xbb, 0xbb, 0xa1, 0x0,
    0x0, 0x0, 0x0, 0x0, 0x0, 0x0, 0x0, 0x0,
    0x0, 0x0, 0x0, 0x0, 0x0, 0x0, 0x0, 0x0,
    0x0, 0x0, 0x0, 0x0, 0x0, 0x0, 0x0, 0x0,
    0x0, 0x0, 0x0, 0x0, 0x0, 0x0, 0x0, 0x0,
    0x0, 0x0, 0x0, 0x0, 0x0, 0x0, 0x0, 0x0,
    0x0, 0x1, 0x7b, 0xef, 0xfe, 0xa5, 0x0, 0x0,
    0x0, 0x6f, 0xff, 0xff, 0xff, 0xff, 0xc1, 0x0,
    0x0, 0xdf, 0xff, 0xff, 0xff, 0xff, 0xfd, 0x0,
    0x0, 0x9f, 0xf9, 0x54, 0x5a, 0xff, 0xff, 0x90,
    0x0, 0x4, 0x10, 0x0, 0x0, 0x6f, 0xff, 0xf0,
    0x0, 0x0, 0x0, 0x0, 0x0, 0xd, 0xff, 0xf4,
    0x0, 0x0, 0x0, 0x0, 0x0, 0x8, 0xff, 0xf6,
    0x0, 0x0, 0x0, 0x0, 0x12, 0x29, 0xff, 0xf7,
    0x0, 0x2, 0x7c, 0xef, 0xff, 0xff, 0xff, 0xf8,
    0x0, 0x7f, 0xff, 0xff, 0xff, 0xff, 0xff, 0xf8,
    0x6, 0xff, 0xff, 0x83, 0x21, 0x7, 0xff, 0xf8,
    0xd, 0xff, 0xf4, 0x0, 0x0, 0x8, 0xff, 0xf8,
    0xf, 0xff, 0xf0, 0x0, 0x0, 0xc, 0xff, 0xf8,
    0xf, 0xff, 0xf2, 0x0, 0x0, 0x8f, 0xff, 0xf8,
    0xe, 0xff, 0xfc, 0x20, 0x3a, 0xff, 0xff, 0xf8,
    0x9, 0xff, 0xff, 0xff, 0xff, 0xf9, 0xff, 0xf8,
    0x1, 0xcf, 0xff, 0xff, 0xfe, 0x43, 0xff, 0xf7,
    0x0, 0x7, 0xcf, 0xfc, 0x71, 0x0, 0xaf, 0xc2,

    /* U+0102 "Ă" */
    0x0, 0x0, 0x0, 0xee, 0x10, 0x0, 0xa, 0xf4,
    0x0, 0x0, 0x0, 0x0, 0x0, 0xd, 0xf8, 0x0,
    0x3, 0xff, 0x20, 0x0, 0x0, 0x0, 0x0, 0x0,
    0x5f, 0xf6, 0x3, 0xdf, 0xb0, 0x0, 0x0, 0x0,
    0x0, 0x0, 0x0, 0x8f, 0xff, 0xff, 0xc0, 0x0,
    0x0, 0x0, 0x0, 0x0, 0x0, 0x0, 0x4a, 0xdb,
    0x60, 0x0, 0x0, 0x0, 0x0, 0x0, 0x0, 0x0,
    0x0, 0x0, 0x0, 0x0, 0x0, 0x0, 0x0, 0x0,
    0x0, 0x0, 0x0, 0x0, 0x0, 0x0, 0x0, 0x0,
    0x0, 0x0, 0x0, 0x0, 0x0, 0x0, 0x0, 0x0,
    0x0, 0x0, 0x0, 0x0, 0x0, 0x0, 0x0, 0x0,
    0x0, 0x0, 0x0, 0x0, 0x0, 0x0, 0x0, 0x0,
    0x0, 0x0, 0x4, 0xcf, 0xe7, 0x0, 0x0, 0x0,
    0x0, 0x0, 0x0, 0x0, 0x0, 0xef, 0xff, 0xf4,
    0x0, 0x0, 0x0, 0x0, 0x0, 0x0, 0x0, 0x4f,
    0xff, 0xff, 0x90, 0x0, 0x0, 0x0, 0x0, 0x0,
    0x0, 0x9, 0xff, 0xff, 0xfe, 0x0, 0x0, 0x0,
    0x0, 0x0, 0x0, 0x0, 0xef, 0xff, 0xff, 0xf3,
    0x0, 0x0, 0x0, 0x0, 0x0, 0x0, 0x3f, 0xff,
    0xdf, 0xff, 0x80, 0x0, 0x0, 0x0, 0x0, 0x0,
    0x8, 0xff, 0xf4, 0xff, 0xfd, 0x0, 0x0, 0x0,
    0x0, 0x0, 0x0, 0xdf, 0xff, 0xb, 0xff, 0xf2,
    0x0, 0x0, 0x0, 0x0, 0x0, 0x3f, 0xff, 0xa0,
    0x6f, 0xff, 0x70, 0x0, 0x0, 0x0, 0x0, 0x8,
    0xff, 0xf5, 0x1, 0xff, 0xfd, 0x0, 0x0, 0x0,
    0x0, 0x0, 0xdf, 0xff, 0x10, 0xc, 0xff, 0xf2,
    0x0, 0x0, 0x0, 0x0, 0x2f, 0xff, 0xc0, 0x0,
    0x7f, 0xff, 0x70, 0x0, 0x0, 0x0, 0x7, 0xff,
    0xf7, 0x0, 0x2, 0xff, 0xfc, 0x0, 0x0, 0x0,
    0x0, 0xcf, 0xff, 0x20, 0x0, 0xd, 0xff, 0xf1,
    0x0, 0x0, 0x0, 0x1f, 0xff, 0xd0, 0x0, 0x0,
    0x9f, 0xff, 0x60, 0x0, 0x0, 0x6, 0xff, 0xf8,
    0x0, 0x0, 0x4, 0xff, 0xfb, 0x0, 0x0, 0x0,
    0xbf, 0xff, 0x30, 0x0, 0x0, 0xf, 0xff, 0xf0,
    0x0, 0x0, 0x1f, 0xff, 0xf3, 0x33, 0x33, 0x33,
    0xbf, 0xff, 0x50, 0x0, 0x6, 0xff, 0xff, 0xff,
    0xff, 0xff, 0xff, 0xff, 0xfa, 0x0, 0x0, 0xbf,
    0xff, 0xff, 0xff, 0xff, 0xff, 0xff, 0xff, 0xf0,
    0x0, 0xf, 0xff, 0xff, 0xff, 0xff, 0xff, 0xff,
    0xff, 0xff, 0x40, 0x5, 0xff, 0xfd, 0x0, 0x0,
    0x0, 0x0, 0x7, 0xff, 0xf9, 0x0, 0xaf, 0xff,
    0x80, 0x0, 0x0, 0x0, 0x0, 0x3f, 0xff, 0xe0,
    0xf, 0xff, 0xf3, 0x0, 0x0, 0x0, 0x0, 0x0,
    0xef, 0xff, 0x44, 0xff, 0xfe, 0x0, 0x0, 0x0,
    0x0, 0x0, 0x9, 0xff, 0xf9, 0x6f, 0xff, 0x90,
    0x0, 0x0, 0x0, 0x0, 0x0, 0x4f, 0xff, 0xb0,
    0x9e, 0xe3, 0x0, 0x0, 0x0, 0x0, 0x0, 0x0,
    0xcf, 0xb2,

    /* U+0103 "ă" */
    0x0, 0x5, 0xf9, 0x0, 0x0, 0x2e, 0xd0, 0x0,
    0x0, 0x3, 0xff, 0x20, 0x0, 0x9f, 0xc0, 0x0,
    0x0, 0x0, 0xbf, 0xd3, 0x7, 0xff, 0x40, 0x0,
    0x0, 0x0, 0x1d, 0xff, 0xff, 0xf6, 0x0, 0x0,
    0x0, 0x0, 0x0, 0x7c, 0xda, 0x30, 0x0, 0x0,
    0x0, 0x0, 0x0, 0x0, 0x0, 0x0, 0x0, 0x0,
    0x0, 0x0, 0x0, 0x0, 0x0, 0x0, 0x0, 0x0,
    0x0, 0x0, 0x0, 0x0, 0x0, 0x0, 0x0, 0x0,
    0x0, 0x0, 0x0, 0x0, 0x0, 0x0, 0x0, 0x0,
    0x0, 0x1, 0x7b, 0xef, 0xfe, 0xa5, 0x0, 0x0,
    0x0, 0x6f, 0xff, 0xff, 0xff, 0xff, 0xc1, 0x0,
    0x0, 0xdf, 0xff, 0xff, 0xff, 0xff, 0xfd, 0x0,
    0x0, 0x9f, 0xf9, 0x54, 0x5a, 0xff, 0xff, 0x90,
    0x0, 0x4, 0x10, 0x0, 0x0, 0x6f, 0xff, 0xf0,
    0x0, 0x0, 0x0, 0x0, 0x0, 0xd, 0xff, 0xf4,
    0x0, 0x0, 0x0, 0x0, 0x0, 0x8, 0xff, 0xf6,
    0x0, 0x0, 0x0, 0x0, 0x12, 0x29, 0xff, 0xf7,
    0x0, 0x2, 0x7c, 0xef, 0xff, 0xff, 0xff, 0xf8,
    0x0, 0x7f, 0xff, 0xff, 0xff, 0xff, 0xff, 0xf8,
    0x6, 0xff, 0xff, 0x83, 0x21, 0x7, 0xff, 0xf8,
    0xd, 0xff, 0xf4, 0x0, 0x0, 0x8, 0xff, 0xf8,
    0xf, 0xff, 0xf0, 0x0, 0x0, 0xc, 0xff, 0xf8,
    0xf, 0xff, 0xf2, 0x0, 0x0, 0x8f, 0xff, 0xf8,
    0xe, 0xff, 0xfc, 0x20, 0x3a, 0xff, 0xff, 0xf8,
    0x9, 0xff, 0xff, 0xff, 0xff, 0xf9, 0xff, 0xf8,
    0x1, 0xcf, 0xff, 0xff, 0xfe, 0x43, 0xff, 0xf7,
    0x0, 0x7, 0xcf, 0xfc, 0x71, 0x0, 0xaf, 0xc2,

    /* U+0104 "Ą" */
    0x0, 0x0, 0x0, 0x0, 0x4c, 0xfe, 0x70, 0x0,
    0x0, 0x0, 0x0, 0x0, 0x0, 0x0, 0xe, 0xff,
    0xff, 0x40, 0x0, 0x0, 0x0, 0x0, 0x0, 0x0,
    0x4, 0xff, 0xff, 0xf9, 0x0, 0x0, 0x0, 0x0,
    0x0, 0x0, 0x0, 0x9f, 0xff, 0xff, 0xe0, 0x0,
    0x0, 0x0, 0x0, 0x0, 0x0, 0xe, 0xff, 0xff,
    0xff, 0x30, 0x0, 0x0, 0x0, 0x0, 0x0, 0x3,
    0xff, 0xfd, 0xff, 0xf8, 0x0, 0x0, 0x0, 0x0,
    0x0, 0x0, 0x8f, 0xff, 0x4f, 0xff, 0xd0, 0x0,
    0x0, 0x0, 0x0, 0x0, 0xd, 0xff, 0xf0, 0xbf,
    0xff, 0x20, 0x0, 0x0, 0x0, 0x0, 0x3, 0xff,
    0xfa, 0x6, 0xff, 0xf7, 0x0, 0x0, 0x0, 0x0,
    0x0, 0x8f, 0xff, 0x50, 0x1f, 0xff, 0xd0, 0x0,
    0x0, 0x0, 0x0, 0xd, 0xff, 0xf1, 0x0, 0xcf,
    0xff, 0x20, 0x0, 0x0, 0x0, 0x2, 0xff, 0xfc,
    0x0, 0x7, 0xff, 0xf7, 0x0, 0x0, 0x0, 0x0,
    0x7f, 0xff, 0x70, 0x0, 0x2f, 0xff, 0xc0, 0x0,
    0x0, 0x0, 0xc, 0xff, 0xf2, 0x0, 0x0, 0xdf,
    0xff, 0x10, 0x0, 0x0, 0x1, 0xff, 0xfd, 0x0,
    0x0, 0x9, 0xff, 0xf6, 0x0, 0x0, 0x0, 0x6f,
    0xff, 0x80, 0x0, 0x0, 0x4f, 0xff, 0xb0, 0x0,
    0x0, 0xb, 0xff, 0xf3, 0x0, 0x0, 0x0, 0xff,
    0xff, 0x0, 0x0, 0x1, 0xff, 0xff, 0x33, 0x33,
    0x33, 0x3b, 0xff, 0xf5, 0x0, 0x0, 0x6f, 0xff,
    0xff, 0xff, 0xff, 0xff, 0xff, 0xff, 0xa0, 0x0,
    0xb, 0xff, 0xff, 0xff, 0xff, 0xff, 0xff, 0xff,
    0xff, 0x0, 0x0, 0xff, 0xff, 0xff, 0xff, 0xff,
    0xff, 0xff, 0xff, 0xf4, 0x0, 0x5f, 0xff, 0xd0,
    0x0, 0x0, 0x0, 0x0, 0x7f, 0xff, 0x90, 0xa,
    0xff, 0xf8, 0x0, 0x0, 0x0, 0x0, 0x3, 0xff,
    0xfe, 0x0, 0xff, 0xff, 0x30, 0x0, 0x0, 0x0,
    0x0, 0xe, 0xff, 0xf4, 0x4f, 0xff, 0xe0, 0x0,
    0x0, 0x0, 0x0, 0x0, 0x9f, 0xff, 0x96, 0xff,
    0xf9, 0x0, 0x0, 0x0, 0x0, 0x0, 0x4, 0xff,
    0xfb, 0x9, 0xee, 0x30, 0x0, 0x0, 0x0, 0x0,
    0x0, 0xf, 0xff, 0x20, 0x0, 0x0, 0x0, 0x0,
    0x0, 0x0, 0x0, 0x6, 0xfd, 0x10, 0x0, 0x0,
    0x0, 0x0, 0x0, 0x0, 0x0, 0x3, 0xfe, 0x10,
    0x0, 0x0, 0x0, 0x0, 0x0, 0x0, 0x0, 0x0,
    0xbf, 0x50, 0x0, 0x0, 0x0, 0x0, 0x0, 0x0,
    0x0, 0x0, 0xf, 0xf0, 0x0, 0x0, 0x0, 0x0,
    0x0, 0x0, 0x0, 0x0, 0x2, 0xfe, 0x0, 0x0,
    0x0, 0x0, 0x0, 0x0, 0x0, 0x0, 0x0, 0x1f,
    0xf7, 0x10, 0x0, 0x0, 0x0, 0x0, 0x0, 0x0,
    0x0, 0x0, 0x8f, 0xff, 0xc0, 0x0, 0x0, 0x0,
    0x0, 0x0, 0x0, 0x0, 0x0, 0x39, 0xb9, 0x0,

    /* U+0105 "ą" */
    0x0, 0x1, 0x7b, 0xef, 0xfe, 0xa5, 0x0, 0x0,
    0x0, 0x6f, 0xff, 0xff, 0xff, 0xff, 0xc1, 0x0,
    0x0, 0xdf, 0xff, 0xff, 0xff, 0xff, 0xfd, 0x0,
    0x0, 0x9f, 0xf9, 0x54, 0x5a, 0xff, 0xff, 0x90,
    0x0, 0x4, 0x10, 0x0, 0x0, 0x6f, 0xff, 0xf0,
    0x0, 0x0, 0x0, 0x0, 0x0, 0xd, 0xff, 0xf4,
    0x0, 0x0, 0x0, 0x0, 0x0, 0x8, 0xff, 0xf6,
    0x0, 0x0, 0x0, 0x0, 0x12, 0x29, 0xff, 0xf7,
    0x0, 0x2, 0x7c, 0xef, 0xff, 0xff, 0xff, 0xf8,
    0x0, 0x7f, 0xff, 0xff, 0xff, 0xff, 0xff, 0xf8,
    0x6, 0xff, 0xff, 0x83, 0x21, 0x7, 0xff, 0xf8,
    0xd, 0xff, 0xf4, 0x0, 0x0, 0x8, 0xff, 0xf8,
    0xf, 0xff, 0xf0, 0x0, 0x0, 0xc, 0xff, 0xf8,
    0xf, 0xff, 0xf2, 0x0, 0x0, 0x8f, 0xff, 0xf8,
    0xe, 0xff, 0xfc, 0x20, 0x3a, 0xff, 0xff, 0xf8,
    0x9, 0xff, 0xff, 0xff, 0xff, 0xf9, 0xff, 0xf8,
    0x1, 0xcf, 0xff, 0xff, 0xfe, 0x43, 0xff, 0xf7,
    0x0, 0x7, 0xcf, 0xfc, 0x71, 0x0, 0xff, 0xf2,
    0x0, 0x0, 0x0, 0x0, 0x0, 0xa, 0xfa, 0x0,
    0x0, 0x0, 0x0, 0x0, 0x0, 0x5f, 0xc0, 0x0,
    0x0, 0x0, 0x0, 0x0, 0x0, 0xdf, 0x30, 0x0,
    0x0, 0x0, 0x0, 0x0, 0x2, 0xfd, 0x0, 0x0,
    0x0, 0x0, 0x0, 0x0, 0x4, 0xfc, 0x0, 0x0,
    0x0, 0x0, 0x0, 0x0, 0x3, 0xff, 0x60, 0x0,
    0x0, 0x0, 0x0, 0x0, 0x0, 0xaf, 0xff, 0xa0,
    0x0, 0x0, 0x0, 0x0, 0x0, 0x4, 0x9b, 0x70,

    /* U+0106 "Ć" */
    0x0, 0x0, 0x0, 0x0, 0x2, 0xaf, 0x50, 0x0,
    0x0, 0x0, 0x0, 0x0, 0x2, 0x9f, 0xff, 0xb0,
    0x0, 0x0, 0x0, 0x0, 0x0, 0x9f, 0xff, 0xfe,
    0x40, 0x0, 0x0, 0x0, 0x0, 0x2, 0xff, 0xfe,
    0x70, 0x0, 0x0, 0x0, 0x0, 0x0, 0x0, 0xbe,
    0x60, 0x0, 0x0, 0x0, 0x0, 0x0, 0x0, 0x0,
    0x0, 0x0, 0x0, 0x0, 0x0, 0x0, 0x0, 0x0,
    0x0, 0x0, 0x0, 0x0, 0x0, 0x0, 0x0, 0x0,
    0x0, 0x0, 0x0, 0x0, 0x0, 0x0, 0x0, 0x0,
    0x0, 0x0, 0x0, 0x0, 0x0, 0x0, 0x0, 0x0,
    0x0, 0x0, 0x0, 0x28, 0xce, 0xfe, 0xda, 0x51,
    0x0, 0x0, 0x0, 0x19, 0xff, 0xff, 0xff, 0xff,
    0xfe, 0x60, 0x0, 0x0, 0xcf, 0xff, 0xff, 0xff,
    0xff, 0xff, 0xf9, 0x0, 0xa, 0xff, 0xff, 0xfa,
    0x89, 0xcf, 0xff, 0xff, 0x60, 0x2f, 0xff, 0xfa,
    0x0, 0x0, 0x2, 0xdf, 0xff, 0xe0, 0x7f, 0xff,
    0xd0, 0x0, 0x0, 0x0, 0x3f, 0xff, 0xf2, 0xaf,
    0xff, 0x70, 0x0, 0x0, 0x0, 0xe, 0xff, 0xf4,
    0xbf, 0xff, 0x40, 0x0, 0x0, 0x0, 0xb, 0xff,
    0xf2, 0xcf, 0xff, 0x40, 0x0, 0x0, 0x0, 0x2,
    0x9a, 0x60, 0xcf, 0xff, 0x40, 0x0, 0x0, 0x0,
    0x0, 0x0, 0x0, 0xcf, 0xff, 0x40, 0x0, 0x0,
    0x0, 0x0, 0x0, 0x0, 0xcf, 0xff, 0x40, 0x0,
    0x0, 0x0, 0x0, 0x0, 0x0, 0xcf, 0xff, 0x40,
    0x0, 0x0, 0x0, 0x0, 0x0, 0x0, 0xcf, 0xff,
    0x40, 0x0, 0x0, 0x0, 0x0, 0x0, 0x0, 0xcf,
    0xff, 0x40, 0x0, 0x0, 0x0, 0x0, 0x0, 0x0,
    0xcf, 0xff, 0x40, 0x0, 0x0, 0x0, 0x0, 0x0,
    0x0, 0xcf, 0xff, 0x40, 0x0, 0x0, 0x0, 0x0,
    0x0, 0x0, 0xcf, 0xff, 0x40, 0x0, 0x0, 0x0,
    0x0, 0x0, 0x0, 0xcf, 0xff, 0x40, 0x0, 0x0,
    0x0, 0x4, 0xcd, 0x90, 0xbf, 0xff, 0x40, 0x0,
    0x0, 0x0, 0xb, 0xff, 0xf3, 0xaf, 0xff, 0x70,
    0x0, 0x0, 0x0, 0xe, 0xff, 0xf4, 0x7f, 0xff,
    0xd0, 0x0, 0x0, 0x0, 0x4f, 0xff, 0xf2, 0x2f,
    0xff, 0xfa, 0x0, 0x0, 0x2, 0xef, 0xff, 0xd0,
    0xa, 0xff, 0xff, 0xea, 0x88, 0xbf, 0xff, 0xff,
    0x50, 0x0, 0xcf, 0xff, 0xff, 0xff, 0xff, 0xff,
    0xf7, 0x0, 0x0, 0x1a, 0xff, 0xff, 0xff, 0xff,
    0xfe, 0x50, 0x0, 0x0, 0x0, 0x38, 0xce, 0xfe,
    0xda, 0x50, 0x0, 0x0,

    /* U+0107 "ć" */
    0x0, 0x0, 0x0, 0x0, 0x4, 0xcd, 0x10, 0x0,
    0x0, 0x0, 0x0, 0x4c, 0xff, 0xf6, 0x0, 0x0,
    0x0, 0x2, 0xcf, 0xff, 0xfc, 0x10, 0x0, 0x0,
    0x0, 0x7f, 0xff, 0xc4, 0x0, 0x0, 0x0, 0x0,
    0x2, 0xec, 0x40, 0x0, 0x0, 0x0, 0x0, 0x0,
    0x0, 0x0, 0x0, 0x0, 0x0, 0x0, 0x0, 0x0,
    0x0, 0x0, 0x0, 0x0, 0x0, 0x0, 0x0, 0x0,
    0x0, 0x0, 0x0, 0x0, 0x0, 0x0, 0x0, 0x0,
    0x0, 0x0, 0x0, 0x0, 0x0, 0x4, 0x9d, 0xef,
    0xec, 0x82, 0x0, 0x0, 0x1b, 0xff, 0xff, 0xff,
    0xff, 0xf6, 0x0, 0xd, 0xff, 0xff, 0xff, 0xff,
    0xff, 0xf1, 0xa, 0xff, 0xff, 0xd9, 0x88, 0xcf,
    0xfe, 0x1, 0xff, 0xff, 0x80, 0x0, 0x0, 0x38,
    0x30, 0x5f, 0xff, 0xc0, 0x0, 0x0, 0x0, 0x0,
    0x7, 0xff, 0xf8, 0x0, 0x0, 0x0, 0x0, 0x0,
    0x8f, 0xff, 0x70, 0x0, 0x0, 0x0, 0x0, 0x9,
    0xff, 0xf7, 0x0, 0x0, 0x0, 0x0, 0x0, 0x9f,
    0xff, 0x70, 0x0, 0x0, 0x0, 0x0, 0x8, 0xff,
    0xf7, 0x0, 0x0, 0x0, 0x0, 0x0, 0x7f, 0xff,
    0x80, 0x0, 0x0, 0x0, 0x0, 0x5, 0xff, 0xfc,
    0x0, 0x0, 0x0, 0x0, 0x0, 0x1f, 0xff, 0xf8,
    0x0, 0x0, 0x3, 0xa5, 0x0, 0xaf, 0xff, 0xfd,
    0x98, 0x8b, 0xff, 0xf3, 0x1, 0xef, 0xff, 0xff,
    0xff, 0xff, 0xff, 0x40, 0x1, 0xcf, 0xff, 0xff,
    0xff, 0xff, 0x80, 0x0, 0x0, 0x5a, 0xdf, 0xfe,
    0xc8, 0x20, 0x0,

    /* U+0108 "Ĉ" */
    0x0, 0x0, 0x0, 0x2a, 0xea, 0x20, 0x0, 0x0,
    0x0, 0x0, 0x0, 0x2a, 0xff, 0xff, 0xfa, 0x20,
    0x0, 0x0, 0x0, 0x6, 0xff, 0xfe, 0x8d, 0xff,
    0xf7, 0x0, 0x0, 0x0, 0xa, 0xfe, 0x60, 0x0,
    0x6e, 0xfc, 0x0, 0x0, 0x0, 0x2, 0x60, 0x0,
    0x0, 0x0, 0x53, 0x0, 0x0, 0x0, 0x0, 0x0,
    0x0, 0x0, 0x0, 0x0, 0x0, 0x0, 0x0, 0x0,
    0x0, 0x0, 0x0, 0x0, 0x0, 0x0, 0x0, 0x0,
    0x0, 0x0, 0x0, 0x0, 0x0, 0x0, 0x0, 0x0,
    0x0, 0x0, 0x0, 0x0, 0x0, 0x0, 0x0, 0x0,
    0x0, 0x0, 0x0, 0x28, 0xce, 0xfe, 0xda, 0x51,
    0x0, 0x0, 0x0, 0x19, 0xff, 0xff, 0xff, 0xff,
    0xfe, 0x60, 0x0, 0x0, 0xcf, 0xff, 0xff, 0xff,
    0xff, 0xff, 0xf9, 0x0, 0xa, 0xff, 0xff, 0xfa,
    0x89, 0xcf, 0xff, 0xff, 0x60, 0x2f, 0xff, 0xfa,
    0x0, 0x0, 0x2, 0xdf, 0xff, 0xe0, 0x7f, 0xff,
    0xd0, 0x0, 0x0, 0x0, 0x3f, 0xff, 0xf2, 0xaf,
    0xff, 0x70, 0x0, 0x0, 0x0, 0xe, 0xff, 0xf4,
    0xbf, 0xff, 0x40, 0x0, 0x0, 0x0, 0xb, 0xff,
    0xf2, 0xcf, 0xff, 0x40, 0x0, 0x0, 0x0, 0x2,
    0x9a, 0x60, 0xcf, 0xff, 0x40, 0x0, 0x0, 0x0,
    0x0, 0x0, 0x0, 0xcf, 0xff, 0x40, 0x0, 0x0,
    0x0, 0x0, 0x0, 0x0, 0xcf, 0xff, 0x40, 0x0,
    0x0, 0x0, 0x0, 0x0, 0x0, 0xcf, 0xff, 0x40,
    0x0, 0x0, 0x0, 0x0, 0x0, 0x0, 0xcf, 0xff,
    0x40, 0x0, 0x0, 0x0, 0x0, 0x0, 0x0, 0xcf,
    0xff, 0x40, 0x0, 0x0, 0x0, 0x0, 0x0, 0x0,
    0xcf, 0xff, 0x40, 0x0, 0x0, 0x0, 0x0, 0x0,
    0x0, 0xcf, 0xff, 0x40, 0x0, 0x0, 0x0, 0x0,
    0x0, 0x0, 0xcf, 0xff, 0x40, 0x0, 0x0, 0x0,
    0x0, 0x0, 0x0, 0xcf, 0xff, 0x40, 0x0, 0x0,
    0x0, 0x4, 0xcd, 0x90, 0xbf, 0xff, 0x40, 0x0,
    0x0, 0x0, 0xb, 0xff, 0xf3, 0xaf, 0xff, 0x70,
    0x0, 0x0, 0x0, 0xe, 0xff, 0xf4, 0x7f, 0xff,
    0xd0, 0x0, 0x0, 0x0, 0x4f, 0xff, 0xf2, 0x2f,
    0xff, 0xfa, 0x0, 0x0, 0x2, 0xef, 0xff, 0xd0,
    0xa, 0xff, 0xff, 0xea, 0x88, 0xbf, 0xff, 0xff,
    0x50, 0x0, 0xcf, 0xff, 0xff, 0xff, 0xff, 0xff,
    0xf7, 0x0, 0x0, 0x1a, 0xff, 0xff, 0xff, 0xff,
    0xfe, 0x50, 0x0, 0x0, 0x0, 0x38, 0xce, 0xfe,
    0xda, 0x50, 0x0, 0x0,

    /* U+0109 "ĉ" */
    0x0, 0x0, 0x0, 0x3b, 0xe7, 0x0, 0x0, 0x0,
    0x0, 0x2, 0xaf, 0xff, 0xfd, 0x50, 0x0, 0x0,
    0x7, 0xff, 0xff, 0xdf, 0xff, 0xc1, 0x0, 0x0,
    0xff, 0xfa, 0x10, 0x6e, 0xff, 0x70, 0x0, 0xc,
    0xb3, 0x0, 0x0, 0x8, 0xe3, 0x0, 0x0, 0x0,
    0x0, 0x0, 0x0, 0x0, 0x0, 0x0, 0x0, 0x0,
    0x0, 0x0, 0x0, 0x0, 0x0, 0x0, 0x0, 0x0,
    0x0, 0x0, 0x0, 0x0, 0x0, 0x0, 0x0, 0x0,
    0x0, 0x0, 0x0, 0x0, 0x0, 0x4, 0x9d, 0xef,
    0xec, 0x82, 0x0, 0x0, 0x1b, 0xff, 0xff, 0xff,
    0xff, 0xf6, 0x0, 0xd, 0xff, 0xff, 0xff, 0xff,
    0xff, 0xf1, 0xa, 0xff, 0xff, 0xd9, 0x88, 0xcf,
    0xfe, 0x1, 0xff, 0xff, 0x80, 0x0, 0x0, 0x38,
    0x30, 0x5f, 0xff, 0xc0, 0x0, 0x0, 0x0, 0x0,
    0x7, 0xff, 0xf8, 0x0, 0x0, 0x0, 0x0, 0x0,
    0x8f, 0xff, 0x70, 0x0, 0x0, 0x0, 0x0, 0x9,
    0xff, 0xf7, 0x0, 0x0, 0x0, 0x0, 0x0, 0x9f,
    0xff, 0x70, 0x0, 0x0, 0x0, 0x0, 0x8, 0xff,
    0xf7, 0x0, 0x0, 0x0, 0x0, 0x0, 0x7f, 0xff,
    0x80, 0x0, 0x0, 0x0, 0x0, 0x5, 0xff, 0xfc,
    0x0, 0x0, 0x0, 0x0, 0x0, 0x1f, 0xff, 0xf8,
    0x0, 0x0, 0x3, 0xa5, 0x0, 0xaf, 0xff, 0xfd,
    0x98, 0x8b, 0xff, 0xf3, 0x1, 0xef, 0xff, 0xff,
    0xff, 0xff, 0xff, 0x40, 0x1, 0xcf, 0xff, 0xff,
    0xff, 0xff, 0x80, 0x0, 0x0, 0x5a, 0xdf, 0xfe,
    0xc8, 0x20, 0x0,

    /* U+010A "Ċ" */
    0x0, 0x0, 0x0, 0x9, 0xf9, 0x0, 0x0, 0x0,
    0x0, 0x0, 0x0, 0x0, 0x3f, 0xff, 0x30, 0x0,
    0x0, 0x0, 0x0, 0x0, 0x0, 0x1f, 0xff, 0x10,
    0x0, 0x0, 0x0, 0x0, 0x0, 0x0, 0x3, 0x83,
    0x0, 0x0, 0x0, 0x0, 0x0, 0x0, 0x0, 0x0,
    0x0, 0x0, 0x0, 0x0, 0x0, 0x0, 0x0, 0x0,
    0x0, 0x0, 0x0, 0x0, 0x0, 0x0, 0x0, 0x0,
    0x0, 0x0, 0x0, 0x0, 0x0, 0x0, 0x0, 0x0,
    0x0, 0x0, 0x0, 0x0, 0x0, 0x0, 0x0, 0x0,
    0x0, 0x0, 0x28, 0xce, 0xfe, 0xda, 0x51, 0x0,
    0x0, 0x0, 0x19, 0xff, 0xff, 0xff, 0xff, 0xfe,
    0x60, 0x0, 0x0, 0xcf, 0xff, 0xff, 0xff, 0xff,
    0xff, 0xf9, 0x0, 0xa, 0xff, 0xff, 0xfa, 0x89,
    0xcf, 0xff, 0xff, 0x60, 0x2f, 0xff, 0xfa, 0x0,
    0x0, 0x2, 0xdf, 0xff, 0xe0, 0x7f, 0xff, 0xd0,
    0x0, 0x0, 0x0, 0x3f, 0xff, 0xf2, 0xaf, 0xff,
    0x70, 0x0, 0x0, 0x0, 0xe, 0xff, 0xf4, 0xbf,
    0xff, 0x40, 0x0, 0x0, 0x0, 0xb, 0xff, 0xf2,
    0xcf, 0xff, 0x40, 0x0, 0x0, 0x0, 0x2, 0x9a,
    0x60, 0xcf, 0xff, 0x40, 0x0, 0x0, 0x0, 0x0,
    0x0, 0x0, 0xcf, 0xff, 0x40, 0x0, 0x0, 0x0,
    0x0, 0x0, 0x0, 0xcf, 0xff, 0x40, 0x0, 0x0,
    0x0, 0x0, 0x0, 0x0, 0xcf, 0xff, 0x40, 0x0,
    0x0, 0x0, 0x0, 0x0, 0x0, 0xcf, 0xff, 0x40,
    0x0, 0x0, 0x0, 0x0, 0x0, 0x0, 0xcf, 0xff,
    0x40, 0x0, 0x0, 0x0, 0x0, 0x0, 0x0, 0xcf,
    0xff, 0x40, 0x0, 0x0, 0x0, 0x0, 0x0, 0x0,
    0xcf, 0xff, 0x40, 0x0, 0x0, 0x0, 0x0, 0x0,
    0x0, 0xcf, 0xff, 0x40, 0x0, 0x0, 0x0, 0x0,
    0x0, 0x0, 0xcf, 0xff, 0x40, 0x0, 0x0, 0x0,
    0x4, 0xcd, 0x90, 0xbf, 0xff, 0x40, 0x0, 0x0,
    0x0, 0xb, 0xff, 0xf3, 0xaf, 0xff, 0x70, 0x0,
    0x0, 0x0, 0xe, 0xff, 0xf4, 0x7f, 0xff, 0xd0,
    0x0, 0x0, 0x0, 0x4f, 0xff, 0xf2, 0x2f, 0xff,
    0xfa, 0x0, 0x0, 0x2, 0xef, 0xff, 0xd0, 0xa,
    0xff, 0xff, 0xea, 0x88, 0xbf, 0xff, 0xff, 0x50,
    0x0, 0xcf, 0xff, 0xff, 0xff, 0xff, 0xff, 0xf7,
    0x0, 0x0, 0x1a, 0xff, 0xff, 0xff, 0xff, 0xfe,
    0x50, 0x0, 0x0, 0x0, 0x38, 0xce, 0xfe, 0xda,
    0x50, 0x0, 0x0,

    /* U+010B "ċ" */
    0x0, 0x0, 0x0, 0x6, 0x81, 0x0, 0x0, 0x0,
    0x0, 0x0, 0x6, 0xff, 0xc0, 0x0, 0x0, 0x0,
    0x0, 0x0, 0x8f, 0xfe, 0x0, 0x0, 0x0, 0x0,
    0x0, 0x1, 0xce, 0x50, 0x0, 0x0, 0x0, 0x0,
    0x0, 0x0, 0x0, 0x0, 0x0, 0x0, 0x0, 0x0,
    0x0, 0x0, 0x0, 0x0, 0x0, 0x0, 0x0, 0x0,
    0x0, 0x0, 0x0, 0x0, 0x0, 0x0, 0x0, 0x0,
    0x0, 0x0, 0x0, 0x0, 0x0, 0x0, 0x49, 0xde,
    0xfe, 0xc8, 0x20, 0x0, 0x1, 0xbf, 0xff, 0xff,
    0xff, 0xff, 0x60, 0x0, 0xdf, 0xff, 0xff, 0xff,
    0xff, 0xff, 0x10, 0xaf, 0xff, 0xfd, 0x98, 0x8c,
    0xff, 0xe0, 0x1f, 0xff, 0xf8, 0x0, 0x0, 0x3,
    0x83, 0x5, 0xff, 0xfc, 0x0, 0x0, 0x0, 0x0,
    0x0, 0x7f, 0xff, 0x80, 0x0, 0x0, 0x0, 0x0,
    0x8, 0xff, 0xf7, 0x0, 0x0, 0x0, 0x0, 0x0,
    0x9f, 0xff, 0x70, 0x0, 0x0, 0x0, 0x0, 0x9,
    0xff, 0xf7, 0x0, 0x0, 0x0, 0x0, 0x0, 0x8f,
    0xff, 0x70, 0x0, 0x0, 0x0, 0x0, 0x7, 0xff,
    0xf8, 0x0, 0x0, 0x0, 0x0, 0x0, 0x5f, 0xff,
    0xc0, 0x0, 0x0, 0x0, 0x0, 0x1, 0xff, 0xff,
    0x80, 0x0, 0x0, 0x3a, 0x50, 0xa, 0xff, 0xff,
    0xd9, 0x88, 0xbf, 0xff, 0x30, 0x1e, 0xff, 0xff,
    0xff, 0xff, 0xff, 0xf4, 0x0, 0x1c, 0xff, 0xff,
    0xff, 0xff, 0xf8, 0x0, 0x0, 0x5, 0xad, 0xff,
    0xec, 0x82, 0x0,

    /* U+010C "Č" */
    0x0, 0x7, 0xd3, 0x0, 0x0, 0x3, 0xd7, 0x0,
    0x0, 0x0, 0xa, 0xff, 0x70, 0x0, 0x6f, 0xfa,
    0x0, 0x0, 0x0, 0x2, 0xdf, 0xfb, 0x2b, 0xff,
    0xd2, 0x0, 0x0, 0x0, 0x0, 0x9, 0xff, 0xff,
    0xf9, 0x0, 0x0, 0x0, 0x0, 0x0, 0x0, 0x4e,
    0xfe, 0x50, 0x0, 0x0, 0x0, 0x0, 0x0, 0x0,
    0x1, 0x71, 0x0, 0x0, 0x0, 0x0, 0x0, 0x0,
    0x0, 0x0, 0x0, 0x0, 0x0, 0x0, 0x0, 0x0,
    0x0, 0x0, 0x0, 0x0, 0x0, 0x0, 0x0, 0x0,
    0x0, 0x0, 0x0, 0x0, 0x0, 0x0, 0x0, 0x0,
    0x0, 0x0, 0x0, 0x0, 0x0, 0x0, 0x0, 0x0,
    0x0, 0x0, 0x0, 0x0, 0x28, 0xce, 0xfe, 0xda,
    0x51, 0x0, 0x0, 0x0, 0x19, 0xff, 0xff, 0xff,
    0xff, 0xfe, 0x60, 0x0, 0x0, 0xcf, 0xff, 0xff,
    0xff, 0xff, 0xff, 0xf9, 0x0, 0xa, 0xff, 0xff,
    0xfa, 0x89, 0xcf, 0xff, 0xff, 0x60, 0x2f, 0xff,
    0xfa, 0x0, 0x0, 0x2, 0xdf, 0xff, 0xe0, 0x7f,
    0xff, 0xd0, 0x0, 0x0, 0x0, 0x3f, 0xff, 0xf2,
    0xaf, 0xff, 0x70, 0x0, 0x0, 0x0, 0xe, 0xff,
    0xf4, 0xbf, 0xff, 0x40, 0x0, 0x0, 0x0, 0xb,
    0xff, 0xf2, 0xcf, 0xff, 0x40, 0x0, 0x0, 0x0,
    0x2, 0x9a, 0x60, 0xcf, 0xff, 0x40, 0x0, 0x0,
    0x0, 0x0, 0x0, 0x0, 0xcf, 0xff, 0x40, 0x0,
    0x0, 0x0, 0x0, 0x0, 0x0, 0xcf, 0xff, 0x40,
    0x0, 0x0, 0x0, 0x0, 0x0, 0x0, 0xcf, 0xff,
    0x40, 0x0, 0x0, 0x0, 0x0, 0x0, 0x0, 0xcf,
    0xff, 0x40, 0x0, 0x0, 0x0, 0x0, 0x0, 0x0,
    0xcf, 0xff, 0x40, 0x0, 0x0, 0x0, 0x0, 0x0,
    0x0, 0xcf, 0xff, 0x40, 0x0, 0x0, 0x0, 0x0,
    0x0, 0x0, 0xcf, 0xff, 0x40, 0x0, 0x0, 0x0,
    0x0, 0x0, 0x0, 0xcf, 0xff, 0x40, 0x0, 0x0,
    0x0, 0x0, 0x0, 0x0, 0xcf, 0xff, 0x40, 0x0,
    0x0, 0x0, 0x4, 0xcd, 0x90, 0xbf, 0xff, 0x40,
    0x0, 0x0, 0x0, 0xb, 0xff, 0xf3, 0xaf, 0xff,
    0x70, 0x0, 0x0, 0x0, 0xe, 0xff, 0xf4, 0x7f,
    0xff, 0xd0, 0x0, 0x0, 0x0, 0x4f, 0xff, 0xf2,
    0x2f, 0xff, 0xfa, 0x0, 0x0, 0x2, 0xef, 0xff,
    0xd0, 0xa, 0xff, 0xff, 0xea, 0x88, 0xbf, 0xff,
    0xff, 0x50, 0x0, 0xcf, 0xff, 0xff, 0xff, 0xff,
    0xff, 0xf7, 0x0, 0x0, 0x1a, 0xff, 0xff, 0xff,
    0xff, 0xfe, 0x50, 0x0, 0x0, 0x0, 0x38, 0xce,
    0xfe, 0xda, 0x50, 0x0, 0x0,

    /* U+010D "č" */
    0x0, 0xc, 0xb1, 0x0, 0x0, 0x6, 0xe3, 0x0,
    0x0, 0xff, 0xe5, 0x0, 0x1b, 0xff, 0x60, 0x0,
    0x4, 0xef, 0xf9, 0x5e, 0xff, 0x90, 0x0, 0x0,
    0x1, 0xaf, 0xff, 0xfe, 0x40, 0x0, 0x0, 0x0,
    0x0, 0x5f, 0xfa, 0x10, 0x0, 0x0, 0x0, 0x0,
    0x0, 0x12, 0x0, 0x0, 0x0, 0x0, 0x0, 0x0,
    0x0, 0x0, 0x0, 0x0, 0x0, 0x0, 0x0, 0x0,
    0x0, 0x0, 0x0, 0x0, 0x0, 0x0, 0x0, 0x0,
    0x0, 0x0, 0x0, 0x0, 0x0, 0x4, 0x9d, 0xef,
    0xec, 0x71, 0x0, 0x0, 0x1b, 0xff, 0xff, 0xff,
    0xff, 0xf4, 0x0, 0xd, 0xff, 0xff, 0xff, 0xff,
    0xff, 0xf0, 0xa, 0xff, 0xff, 0xd9, 0x89, 0xef,
    0xff, 0x11, 0xff, 0xff, 0x80, 0x0, 0x0, 0x8f,
    0x80, 0x5f, 0xff, 0xc0, 0x0, 0x0, 0x0, 0x0,
    0x7, 0xff, 0xf8, 0x0, 0x0, 0x0, 0x0, 0x0,
    0x8f, 0xff, 0x70, 0x0, 0x0, 0x0, 0x0, 0x9,
    0xff, 0xf7, 0x0, 0x0, 0x0, 0x0, 0x0, 0x9f,
    0xff, 0x70, 0x0, 0x0, 0x0, 0x0, 0x8, 0xff,
    0xf7, 0x0, 0x0, 0x0, 0x0, 0x0, 0x7f, 0xff,
    0x80, 0x0, 0x0, 0x0, 0x0, 0x5, 0xff, 0xfc,
    0x0, 0x0, 0x0, 0x0, 0x0, 0x1f, 0xff, 0xf8,
    0x0, 0x0, 0x2, 0x94, 0x0, 0xaf, 0xff, 0xfd,
    0x98, 0x8b, 0xff, 0xf2, 0x1, 0xef, 0xff, 0xff,
    0xff, 0xff, 0xff, 0x40, 0x1, 0xcf, 0xff, 0xff,
    0xff, 0xff, 0x80, 0x0, 0x0, 0x5a, 0xdf, 0xfe,
    0xc8, 0x20, 0x0,

    /* U+010E "Ď" */
    0x0, 0x0, 0x61, 0x0, 0x0, 0x0, 0x25, 0x0,
    0x0, 0x0, 0x4, 0xfe, 0x30, 0x0, 0x6, 0xff,
    0x10, 0x0, 0x0, 0x2, 0xef, 0xf8, 0x0, 0xaf,
    0xfd, 0x0, 0x0, 0x0, 0x0, 0x2c, 0xff, 0xcd,
    0xff, 0xa1, 0x0, 0x0, 0x0, 0x0, 0x0, 0x8f,
    0xff, 0xf6, 0x0, 0x0, 0x0, 0x0, 0x0, 0x0,
    0x4, 0xdc, 0x20, 0x0, 0x0, 0x0, 0x0, 0x0,
    0x0, 0x0, 0x0, 0x0, 0x0, 0x0, 0x0, 0x0,
    0x0, 0x0, 0x0, 0x0, 0x0, 0x0, 0x0, 0x0,
    0x0, 0x0, 0x0, 0x0, 0x0, 0x0, 0x0, 0x0,
    0x0, 0x0, 0x0, 0x0, 0x0, 0x0, 0x0, 0x0,
    0x0, 0x0, 0x2d, 0xff, 0xff, 0xff, 0xff, 0xdb,
    0x71, 0x0, 0x0, 0x7f, 0xff, 0xff, 0xff, 0xff,
    0xff, 0xff, 0x70, 0x0, 0x7f, 0xff, 0xff, 0xff,
    0xff, 0xff, 0xff, 0xf9, 0x0, 0x7f, 0xff, 0xc8,
    0x88, 0x89, 0xbf, 0xff, 0xff, 0x60, 0x7f, 0xff,
    0x80, 0x0, 0x0, 0x2, 0xcf, 0xff, 0xe0, 0x7f,
    0xff, 0x80, 0x0, 0x0, 0x0, 0x1f, 0xff, 0xf3,
    0x7f, 0xff, 0x80, 0x0, 0x0, 0x0, 0xa, 0xff,
    0xf6, 0x7f, 0xff, 0x80, 0x0, 0x0, 0x0, 0x8,
    0xff, 0xf8, 0x7f, 0xff, 0x80, 0x0, 0x0, 0x0,
    0x7, 0xff, 0xf8, 0x7f, 0xff, 0x80, 0x0, 0x0,
    0x0, 0x7, 0xff, 0xf9, 0x7f, 0xff, 0x80, 0x0,
    0x0, 0x0, 0x7, 0xff, 0xf9, 0x7f, 0xff, 0x80,
    0x0, 0x0, 0x0, 0x7, 0xff, 0xf9, 0x7f, 0xff,
    0x80, 0x0, 0x0, 0x0, 0x7, 0xff, 0xf9, 0x7f,
    0xff, 0x80, 0x0, 0x0, 0x0, 0x7, 0xff, 0xf9,
    0x7f, 0xff, 0x80, 0x0, 0x0, 0x0, 0x7, 0xff,
    0xf9, 0x7f, 0xff, 0x80, 0x0, 0x0, 0x0, 0x7,
    0xff, 0xf9, 0x7f, 0xff, 0x80, 0x0, 0x0, 0x0,
    0x7, 0xff, 0xf9, 0x7f, 0xff, 0x80, 0x0, 0x0,
    0x0, 0x7, 0xff, 0xf9, 0x7f, 0xff, 0x80, 0x0,
    0x0, 0x0, 0x7, 0xff, 0xf8, 0x7f, 0xff, 0x80,
    0x0, 0x0, 0x0, 0x8, 0xff, 0xf8, 0x7f, 0xff,
    0x80, 0x0, 0x0, 0x0, 0xb, 0xff, 0xf6, 0x7f,
    0xff, 0x80, 0x0, 0x0, 0x0, 0x1f, 0xff, 0xf3,
    0x7f, 0xff, 0x80, 0x0, 0x0, 0x2, 0xdf, 0xff,
    0xe0, 0x7f, 0xff, 0xc8, 0x88, 0x89, 0xbf, 0xff,
    0xff, 0x60, 0x7f, 0xff, 0xff, 0xff, 0xff, 0xff,
    0xff, 0xf9, 0x0, 0x7f, 0xff, 0xff, 0xff, 0xff,
    0xff, 0xff, 0x70, 0x0, 0x2d, 0xff, 0xff, 0xff,
    0xff, 0xdb, 0x71, 0x0, 0x0,

    /* U+010F "ď" */
    0x0, 0x0, 0x0, 0x0, 0x0, 0x0, 0x6e, 0xf9,
    0x0, 0x0, 0x0, 0x0, 0x0, 0x0, 0x0, 0x0,
    0x0, 0xe, 0xff, 0xf1, 0x1, 0xcf, 0xa0, 0x0,
    0x0, 0x0, 0x0, 0x0, 0x0, 0xef, 0xff, 0x10,
    0xaf, 0xff, 0x70, 0x0, 0x0, 0x0, 0x0, 0x0,
    0xe, 0xff, 0xf1, 0xc, 0xff, 0xf9, 0x0, 0x0,
    0x0, 0x0, 0x0, 0x0, 0xef, 0xff, 0x10, 0x6f,
    0xff, 0x50, 0x0, 0x0, 0x0, 0x0, 0x0, 0xe,
    0xff, 0xf1, 0x0, 0xbf, 0xe0, 0x0, 0x0, 0x0,
    0x0, 0x0, 0x0, 0xef, 0xff, 0x10, 0x1f, 0xf8,
    0x0, 0x0, 0x0, 0x0, 0x0, 0x0, 0xe, 0xff,
    0xf1, 0x6, 0xff, 0x10, 0x0, 0x0, 0x0, 0x0,
    0x0, 0x0, 0xef, 0xff, 0x10, 0x2b, 0x70, 0x0,
    0x0, 0x0, 0x0, 0x0, 0x0, 0xe, 0xff, 0xf1,
    0x0, 0x0, 0x0, 0x0, 0x0, 0x5b, 0xef, 0xd7,
    0x0, 0xef, 0xff, 0x10, 0x0, 0x0, 0x0, 0x1,
    0xcf, 0xff, 0xff, 0xfd, 0x2e, 0xff, 0xf1, 0x0,
    0x0, 0x0, 0x0, 0xdf, 0xff, 0xff, 0xff, 0xfd,
    0xef, 0xff, 0x10, 0x0, 0x0, 0x0, 0x9f, 0xff,
    0xfe, 0x98, 0xbf, 0xff, 0xff, 0xf1, 0x0, 0x0,
    0x0, 0x1f, 0xff, 0xfb, 0x0, 0x0, 0x3e, 0xff,
    0xff, 0x10, 0x0, 0x0, 0x5, 0xff, 0xfe, 0x0,
    0x0, 0x0, 0x5f, 0xff, 0xf1, 0x0, 0x0, 0x0,
    0x8f, 0xff, 0x80, 0x0, 0x0, 0x0, 0xff, 0xff,
    0x10, 0x0, 0x0, 0x9, 0xff, 0xf6, 0x0, 0x0,
    0x0, 0xe, 0xff, 0xf1, 0x0, 0x0, 0x0, 0x9f,
    0xff, 0x60, 0x0, 0x0, 0x0, 0xef, 0xff, 0x10,
    0x0, 0x0, 0x9, 0xff, 0xf6, 0x0, 0x0, 0x0,
    0xe, 0xff, 0xf1, 0x0, 0x0, 0x0, 0x9f, 0xff,
    0x60, 0x0, 0x0, 0x0, 0xef, 0xff, 0x10, 0x0,
    0x0, 0x7, 0xff, 0xf8, 0x0, 0x0, 0x0, 0xe,
    0xff, 0xf1, 0x0, 0x0, 0x0, 0x5f, 0xff, 0xe0,
    0x0, 0x0, 0x5, 0xff, 0xff, 0x10, 0x0, 0x0,
    0x0, 0xef, 0xff, 0xb0, 0x0, 0x4, 0xff, 0xff,
    0xf1, 0x0, 0x0, 0x0, 0x7, 0xff, 0xff, 0xe9,
    0x8b, 0xff, 0xff, 0xff, 0x10, 0x0, 0x0, 0x0,
    0xc, 0xff, 0xff, 0xff, 0xff, 0xec, 0xff, 0xf1,
    0x0, 0x0, 0x0, 0x0, 0xb, 0xff, 0xff, 0xff,
    0xe3, 0xaf, 0xff, 0x10, 0x0, 0x0, 0x0, 0x0,
    0x5, 0xcf, 0xfd, 0x71, 0x3, 0xdf, 0x80, 0x0,
    0x0, 0x0,

    /* U+0110 "Đ" */
    0x0, 0x0, 0xbf, 0xff, 0xff, 0xff, 0xfe, 0xc8,
    0x30, 0x0, 0x0, 0x0, 0x2f, 0xff, 0xff, 0xff,
    0xff, 0xff, 0xff, 0xa1, 0x0, 0x0, 0x3, 0xff,
    0xff, 0xff, 0xff, 0xff, 0xff, 0xff, 0xd1, 0x0,
    0x0, 0x3f, 0xff, 0xe8, 0x88, 0x88, 0xae, 0xff,
    0xff, 0xb0, 0x0, 0x3, 0xff, 0xfd, 0x0, 0x0,
    0x0, 0x9, 0xff, 0xff, 0x30, 0x0, 0x3f, 0xff,
    0xd0, 0x0, 0x0, 0x0, 0xc, 0xff, 0xf8, 0x0,
    0x3, 0xff, 0xfd, 0x0, 0x0, 0x0, 0x0, 0x6f,
    0xff, 0xb0, 0x0, 0x3f, 0xff, 0xd0, 0x0, 0x0,
    0x0, 0x3, 0xff, 0xfd, 0x0, 0x3, 0xff, 0xfd,
    0x0, 0x0, 0x0, 0x0, 0x2f, 0xff, 0xd0, 0x0,
    0x3f, 0xff, 0xd0, 0x0, 0x0, 0x0, 0x2, 0xff,
    0xfe, 0x0, 0x3, 0xff, 0xfd, 0x0, 0x0, 0x0,
    0x0, 0x2f, 0xff, 0xe0, 0xbe, 0xef, 0xff, 0xfe,
    0xee, 0xd1, 0x0, 0x2, 0xff, 0xfe, 0x2f, 0xff,
    0xff, 0xff, 0xff, 0xff, 0x50, 0x0, 0x2f, 0xff,
    0xe0, 0xdf, 0xff, 0xff, 0xff, 0xff, 0xe2, 0x0,
    0x2, 0xff, 0xfe, 0x0, 0x3, 0xff, 0xfd, 0x0,
    0x0, 0x0, 0x0, 0x2f, 0xff, 0xe0, 0x0, 0x3f,
    0xff, 0xd0, 0x0, 0x0, 0x0, 0x2, 0xff, 0xfe,
    0x0, 0x3, 0xff, 0xfd, 0x0, 0x0, 0x0, 0x0,
    0x2f, 0xff, 0xe0, 0x0, 0x3f, 0xff, 0xd0, 0x0,
    0x0, 0x0, 0x2, 0xff, 0xfe, 0x0, 0x3, 0xff,
    0xfd, 0x0, 0x0, 0x0, 0x0, 0x2f, 0xff, 0xd0,
    0x0, 0x3f, 0xff, 0xd0, 0x0, 0x0, 0x0, 0x3,
    0xff, 0xfd, 0x0, 0x3, 0xff, 0xfd, 0x0, 0x0,
    0x0, 0x0, 0x6f, 0xff, 0xb0, 0x0, 0x3f, 0xff,
    0xd0, 0x0, 0x0, 0x0, 0xc, 0xff, 0xf8, 0x0,
    0x3, 0xff, 0xfd, 0x0, 0x0, 0x0, 0x9, 0xff,
    0xff, 0x30, 0x0, 0x3f, 0xff, 0xe8, 0x88, 0x88,
    0xae, 0xff, 0xff, 0xb0, 0x0, 0x3, 0xff, 0xff,
    0xff, 0xff, 0xff, 0xff, 0xff, 0xd1, 0x0, 0x0,
    0x2f, 0xff, 0xff, 0xff, 0xff, 0xff, 0xff, 0xa1,
    0x0, 0x0, 0x0, 0xaf, 0xff, 0xff, 0xff, 0xfe,
    0xc8, 0x30, 0x0, 0x0,

    /* U+0111 "đ" */
    0x0, 0x0, 0x0, 0x0, 0x0, 0x0, 0x7e, 0xfa,
    0x0, 0x0, 0x0, 0x0, 0x0, 0x0, 0x0, 0xe,
    0xff, 0xf1, 0x0, 0x0, 0x0, 0x0, 0x0, 0x0,
    0x0, 0xef, 0xff, 0x10, 0x0, 0x0, 0x0, 0x0,
    0x0, 0x0, 0xe, 0xff, 0xf1, 0x0, 0x0, 0x0,
    0x0, 0x3, 0xff, 0xff, 0xff, 0xff, 0xff, 0x40,
    0x0, 0x0, 0x0, 0x8f, 0xff, 0xff, 0xff, 0xff,
    0xf9, 0x0, 0x0, 0x0, 0x3, 0xef, 0xff, 0xff,
    0xff, 0xfe, 0x40, 0x0, 0x0, 0x0, 0x0, 0x0,
    0xe, 0xff, 0xf1, 0x0, 0x0, 0x0, 0x0, 0x0,
    0x0, 0x0, 0xef, 0xff, 0x10, 0x0, 0x0, 0x0,
    0x0, 0x0, 0x0, 0xe, 0xff, 0xf1, 0x0, 0x0,
    0x0, 0x5b, 0xef, 0xd7, 0x0, 0xef, 0xff, 0x10,
    0x0, 0x1, 0xcf, 0xff, 0xff, 0xfd, 0x2e, 0xff,
    0xf1, 0x0, 0x0, 0xdf, 0xff, 0xff, 0xff, 0xfd,
    0xef, 0xff, 0x10, 0x0, 0x9f, 0xff, 0xfe, 0x98,
    0xbf, 0xff, 0xff, 0xf1, 0x0, 0x1f, 0xff, 0xfb,
    0x0, 0x0, 0x3e, 0xff, 0xff, 0x10, 0x5, 0xff,
    0xfe, 0x0, 0x0, 0x0, 0x5f, 0xff, 0xf1, 0x0,
    0x8f, 0xff, 0x80, 0x0, 0x0, 0x0, 0xff, 0xff,
    0x10, 0x9, 0xff, 0xf6, 0x0, 0x0, 0x0, 0xe,
    0xff, 0xf1, 0x0, 0x9f, 0xff, 0x60, 0x0, 0x0,
    0x0, 0xef, 0xff, 0x10, 0x9, 0xff, 0xf6, 0x0,
    0x0, 0x0, 0xe, 0xff, 0xf1, 0x0, 0x9f, 0xff,
    0x60, 0x0, 0x0, 0x0, 0xef, 0xff, 0x10, 0x7,
    0xff, 0xf8, 0x0, 0x0, 0x0, 0xe, 0xff, 0xf1,
    0x0, 0x5f, 0xff, 0xe0, 0x0, 0x0, 0x5, 0xff,
    0xff, 0x10, 0x0, 0xef, 0xff, 0xb0, 0x0, 0x4,
    0xff, 0xff, 0xf1, 0x0, 0x7, 0xff, 0xff, 0xe9,
    0x8b, 0xff, 0xff, 0xff, 0x10, 0x0, 0xc, 0xff,
    0xff, 0xff, 0xff, 0xec, 0xff, 0xf1, 0x0, 0x0,
    0xb, 0xff, 0xff, 0xff, 0xe3, 0xaf, 0xff, 0x10,
    0x0, 0x0, 0x5, 0xcf, 0xfd, 0x71, 0x3, 0xdf,
    0x80, 0x0,

    /* U+0112 "Ē" */
    0x0, 0x4, 0xff, 0xff, 0xff, 0xff, 0xf8, 0x0,
    0x0, 0x0, 0x9, 0xff, 0xff, 0xff, 0xff, 0xfe,
    0x0, 0x0, 0x0, 0x2, 0xab, 0xbb, 0xbb, 0xbb,
    0xb5, 0x0, 0x0, 0x0, 0x0, 0x0, 0x0, 0x0,
    0x0, 0x0, 0x0, 0x0, 0x0, 0x0, 0x0, 0x0,
    0x0, 0x0, 0x0, 0x0, 0x0, 0x0, 0x0, 0x0,
    0x0, 0x0, 0x0, 0x0, 0x0, 0x0, 0x0, 0x0,
    0x0, 0x0, 0x0, 0x0, 0x0, 0x0, 0x0, 0x0,
    0x0, 0x0, 0x0, 0x0, 0x0, 0x0, 0x0, 0x0,
    0x2d, 0xff, 0xff, 0xff, 0xff, 0xff, 0xff, 0xff,
    0xa0, 0x7f, 0xff, 0xff, 0xff, 0xff, 0xff, 0xff,
    0xff, 0xf1, 0x7f, 0xff, 0xff, 0xff, 0xff, 0xff,
    0xff, 0xff, 0xf0, 0x7f, 0xff, 0xc8, 0x88, 0x88,
    0x88, 0x88, 0x88, 0x40, 0x7f, 0xff, 0x80, 0x0,
    0x0, 0x0, 0x0, 0x0, 0x0, 0x7f, 0xff, 0x80,
    0x0, 0x0, 0x0, 0x0, 0x0, 0x0, 0x7f, 0xff,
    0x80, 0x0, 0x0, 0x0, 0x0, 0x0, 0x0, 0x7f,
    0xff, 0x80, 0x0, 0x0, 0x0, 0x0, 0x0, 0x0,
    0x7f, 0xff, 0x80, 0x0, 0x0, 0x0, 0x0, 0x0,
    0x0, 0x7f, 0xff, 0x80, 0x0, 0x0, 0x0, 0x0,
    0x0, 0x0, 0x7f, 0xff, 0x80, 0x0, 0x0, 0x0,
    0x0, 0x0, 0x0, 0x7f, 0xff, 0x93, 0x33, 0x33,
    0x20, 0x0, 0x0, 0x0, 0x7f, 0xff, 0xff, 0xff,
    0xff, 0xf6, 0x0, 0x0, 0x0, 0x7f, 0xff, 0xff,
    0xff, 0xff, 0xfa, 0x0, 0x0, 0x0, 0x7f, 0xff,
    0xff, 0xff, 0xff, 0xf5, 0x0, 0x0, 0x0, 0x7f,
    0xff, 0x80, 0x0, 0x0, 0x0, 0x0, 0x0, 0x0,
    0x7f, 0xff, 0x80, 0x0, 0x0, 0x0, 0x0, 0x0,
    0x0, 0x7f, 0xff, 0x80, 0x0, 0x0, 0x0, 0x0,
    0x0, 0x0, 0x7f, 0xff, 0x80, 0x0, 0x0, 0x0,
    0x0, 0x0, 0x0, 0x7f, 0xff, 0x80, 0x0, 0x0,
    0x0, 0x0, 0x0, 0x0, 0x7f, 0xff, 0x80, 0x0,
    0x0, 0x0, 0x0, 0x0, 0x0, 0x7f, 0xff, 0x80,
    0x0, 0x0, 0x0, 0x0, 0x0, 0x0, 0x7f, 0xff,
    0x80, 0x0, 0x0, 0x0, 0x0, 0x0, 0x0, 0x7f,
    0xff, 0xc8, 0x88, 0x88, 0x88, 0x88, 0x88, 0x40,
    0x7f, 0xff, 0xff, 0xff, 0xff, 0xff, 0xff, 0xff,
    0xf0, 0x7f, 0xff, 0xff, 0xff, 0xff, 0xff, 0xff,
    0xff, 0xf1, 0x2d, 0xff, 0xff, 0xff, 0xff, 0xff,
    0xff, 0xff, 0xa0,

    /* U+0113 "ē" */
    0x0, 0x9, 0xff, 0xff, 0xff, 0xff, 0xe3, 0x0,
    0x0, 0xe, 0xff, 0xff, 0xff, 0xff, 0xf8, 0x0,
    0x0, 0x5, 0xbb, 0xbb, 0xbb, 0xbb, 0xa1, 0x0,
    0x0, 0x0, 0x0, 0x0, 0x0, 0x0, 0x0, 0x0,
    0x0, 0x0, 0x0, 0x0, 0x0, 0x0, 0x0, 0x0,
    0x0, 0x0, 0x0, 0x0, 0x0, 0x0, 0x0, 0x0,
    0x0, 0x0, 0x0, 0x0, 0x0, 0x0, 0x0, 0x0,
    0x0, 0x0, 0x0, 0x0, 0x0, 0x0, 0x0, 0x0,
    0x0, 0x0, 0x17, 0xce, 0xfd, 0xb5, 0x0, 0x0,
    0x0, 0x6, 0xff, 0xff, 0xff, 0xff, 0xd3, 0x0,
    0x0, 0x9f, 0xff, 0xff, 0xff, 0xff, 0xff, 0x30,
    0x6, 0xff, 0xfe, 0x62, 0x3, 0xaf, 0xff, 0xe0,
    0xf, 0xff, 0xe2, 0x0, 0x0, 0x9, 0xff, 0xf7,
    0x5f, 0xff, 0x80, 0x0, 0x0, 0x1, 0xff, 0xfc,
    0x8f, 0xff, 0x60, 0x0, 0x0, 0x0, 0xef, 0xfe,
    0x9f, 0xff, 0xa7, 0x77, 0x77, 0x79, 0xff, 0xfd,
    0x9f, 0xff, 0xff, 0xff, 0xff, 0xff, 0xff, 0xfa,
    0x9f, 0xff, 0xff, 0xff, 0xff, 0xff, 0xfe, 0xb1,
    0x9f, 0xff, 0x60, 0x0, 0x0, 0x0, 0x0, 0x0,
    0x8f, 0xff, 0x70, 0x0, 0x0, 0x0, 0x0, 0x0,
    0x5f, 0xff, 0xc0, 0x0, 0x0, 0x0, 0x0, 0x0,
    0x1f, 0xff, 0xf8, 0x0, 0x0, 0x0, 0x17, 0x60,
    0x7, 0xff, 0xff, 0xd7, 0x33, 0x48, 0xef, 0xf5,
    0x0, 0x9f, 0xff, 0xff, 0xff, 0xff, 0xff, 0xf6,
    0x0, 0x6, 0xef, 0xff, 0xff, 0xff, 0xff, 0x80,
    0x0, 0x0, 0x5, 0xad, 0xef, 0xec, 0x82, 0x0,

    /* U+0114 "Ĕ" */
    0x0, 0x0, 0xee, 0x10, 0x0, 0xa, 0xf4, 0x0,
    0x0, 0x0, 0x0, 0xdf, 0x80, 0x0, 0x3f, 0xf2,
    0x0, 0x0, 0x0, 0x0, 0x5f, 0xf6, 0x3, 0xdf,
    0xb0, 0x0, 0x0, 0x0, 0x0, 0x8, 0xff, 0xff,
    0xfc, 0x0, 0x0, 0x0, 0x0, 0x0, 0x0, 0x4a,
    0xdb, 0x60, 0x0, 0x0, 0x0, 0x0, 0x0, 0x0,
    0x0, 0x0, 0x0, 0x0, 0x0, 0x0, 0x0, 0x0,
    0x0, 0x0, 0x0, 0x0, 0x0, 0x0, 0x0, 0x0,
    0x0, 0x0, 0x0, 0x0, 0x0, 0x0, 0x0, 0x0,
    0x0, 0x0, 0x0, 0x0, 0x0, 0x0, 0x0, 0x0,
    0x0, 0x2d, 0xff, 0xff, 0xff, 0xff, 0xff, 0xff,
    0xff, 0xa0, 0x7f, 0xff, 0xff, 0xff, 0xff, 0xff,
    0xff, 0xff, 0xf1, 0x7f, 0xff, 0xff, 0xff, 0xff,
    0xff, 0xff, 0xff, 0xf0, 0x7f, 0xff, 0xc8, 0x88,
    0x88, 0x88, 0x88, 0x88, 0x40, 0x7f, 0xff, 0x80,
    0x0, 0x0, 0x0, 0x0, 0x0, 0x0, 0x7f, 0xff,
    0x80, 0x0, 0x0, 0x0, 0x0, 0x0, 0x0, 0x7f,
    0xff, 0x80, 0x0, 0x0, 0x0, 0x0, 0x0, 0x0,
    0x7f, 0xff, 0x80, 0x0, 0x0, 0x0, 0x0, 0x0,
    0x0, 0x7f, 0xff, 0x80, 0x0, 0x0, 0x0, 0x0,
    0x0, 0x0, 0x7f, 0xff, 0x80, 0x0, 0x0, 0x0,
    0x0, 0x0, 0x0, 0x7f, 0xff, 0x80, 0x0, 0x0,
    0x0, 0x0, 0x0, 0x0, 0x7f, 0xff, 0x93, 0x33,
    0x33, 0x20, 0x0, 0x0, 0x0, 0x7f, 0xff, 0xff,
    0xff, 0xff, 0xf6, 0x0, 0x0, 0x0, 0x7f, 0xff,
    0xff, 0xff, 0xff, 0xfa, 0x0, 0x0, 0x0, 0x7f,
    0xff, 0xff, 0xff, 0xff, 0xf5, 0x0, 0x0, 0x0,
    0x7f, 0xff, 0x80, 0x0, 0x0, 0x0, 0x0, 0x0,
    0x0, 0x7f, 0xff, 0x80, 0x0, 0x0, 0x0, 0x0,
    0x0, 0x0, 0x7f, 0xff, 0x80, 0x0, 0x0, 0x0,
    0x0, 0x0, 0x0, 0x7f, 0xff, 0x80, 0x0, 0x0,
    0x0, 0x0, 0x0, 0x0, 0x7f, 0xff, 0x80, 0x0,
    0x0, 0x0, 0x0, 0x0, 0x0, 0x7f, 0xff, 0x80,
    0x0, 0x0, 0x0, 0x0, 0x0, 0x0, 0x7f, 0xff,
    0x80, 0x0, 0x0, 0x0, 0x0, 0x0, 0x0, 0x7f,
    0xff, 0x80, 0x0, 0x0, 0x0, 0x0, 0x0, 0x0,
    0x7f, 0xff, 0xc8, 0x88, 0x88, 0x88, 0x88, 0x88,
    0x40, 0x7f, 0xff, 0xff, 0xff, 0xff, 0xff, 0xff,
    0xff, 0xf0, 0x7f, 0xff, 0xff, 0xff, 0xff, 0xff,
    0xff, 0xff, 0xf1, 0x2d, 0xff, 0xff, 0xff, 0xff,
    0xff, 0xff, 0xff, 0xa0,

    /* U+0115 "ĕ" */
    0x0, 0x4, 0xfa, 0x0, 0x0, 0x2e, 0xd0, 0x0,
    0x0, 0x3, 0xff, 0x20, 0x0, 0x9f, 0xc0, 0x0,
    0x0, 0x0, 0xbf, 0xd3, 0x7, 0xff, 0x50, 0x0,
    0x0, 0x0, 0xc, 0xff, 0xff, 0xf7, 0x0, 0x0,
    0x0, 0x0, 0x0, 0x6b, 0xca, 0x30, 0x0, 0x0,
    0x0, 0x0, 0x0, 0x0, 0x0, 0x0, 0x0, 0x0,
    0x0, 0x0, 0x0, 0x0, 0x0, 0x0, 0x0, 0x0,
    0x0, 0x0, 0x0, 0x0, 0x0, 0x0, 0x0, 0x0,
    0x0, 0x0, 0x0, 0x0, 0x0, 0x0, 0x0, 0x0,
    0x0, 0x0, 0x17, 0xce, 0xfd, 0xb5, 0x0, 0x0,
    0x0, 0x6, 0xff, 0xff, 0xff, 0xff, 0xd3, 0x0,
    0x0, 0x9f, 0xff, 0xff, 0xff, 0xff, 0xff, 0x30,
    0x6, 0xff, 0xfe, 0x62, 0x3, 0xaf, 0xff, 0xe0,
    0xf, 0xff, 0xe2, 0x0, 0x0, 0x9, 0xff, 0xf7,
    0x5f, 0xff, 0x80, 0x0, 0x0, 0x1, 0xff, 0xfc,
    0x8f, 0xff, 0x60, 0x0, 0x0, 0x0, 0xef, 0xfe,
    0x9f, 0xff, 0xa7, 0x77, 0x77, 0x79, 0xff, 0xfd,
    0x9f, 0xff, 0xff, 0xff, 0xff, 0xff, 0xff, 0xfa,
    0x9f, 0xff, 0xff, 0xff, 0xff, 0xff, 0xfe, 0xb1,
    0x9f, 0xff, 0x60, 0x0, 0x0, 0x0, 0x0, 0x0,
    0x8f, 0xff, 0x70, 0x0, 0x0, 0x0, 0x0, 0x0,
    0x5f, 0xff, 0xc0, 0x0, 0x0, 0x0, 0x0, 0x0,
    0x1f, 0xff, 0xf8, 0x0, 0x0, 0x0, 0x17, 0x60,
    0x7, 0xff, 0xff, 0xd7, 0x33, 0x48, 0xef, 0xf5,
    0x0, 0x9f, 0xff, 0xff, 0xff, 0xff, 0xff, 0xf6,
    0x0, 0x6, 0xef, 0xff, 0xff, 0xff, 0xff, 0x80,
    0x0, 0x0, 0x5, 0xad, 0xef, 0xec, 0x82, 0x0,

    /* U+0116 "Ė" */
    0x0, 0x0, 0x0, 0x2, 0x85, 0x0, 0x0, 0x0,
    0x0, 0x0, 0x0, 0x0, 0xe, 0xff, 0x40, 0x0,
    0x0, 0x0, 0x0, 0x0, 0x0, 0xf, 0xff, 0x60,
    0x0, 0x0, 0x0, 0x0, 0x0, 0x0, 0x7, 0xfb,
    0x0, 0x0, 0x0, 0x0, 0x0, 0x0, 0x0, 0x0,
    0x0, 0x0, 0x0, 0x0, 0x0, 0x0, 0x0, 0x0,
    0x0, 0x0, 0x0, 0x0, 0x0, 0x0, 0x0, 0x0,
    0x0, 0x0, 0x0, 0x0, 0x0, 0x0, 0x0, 0x0,
    0x0, 0x0, 0x0, 0x0, 0x0, 0x0, 0x0, 0x0,
    0x2d, 0xff, 0xff, 0xff, 0xff, 0xff, 0xff, 0xff,
    0xa0, 0x7f, 0xff, 0xff, 0xff, 0xff, 0xff, 0xff,
    0xff, 0xf1, 0x7f, 0xff, 0xff, 0xff, 0xff, 0xff,
    0xff, 0xff, 0xf0, 0x7f, 0xff, 0xc8, 0x88, 0x88,
    0x88, 0x88, 0x88, 0x40, 0x7f, 0xff, 0x80, 0x0,
    0x0, 0x0, 0x0, 0x0, 0x0, 0x7f, 0xff, 0x80,
    0x0, 0x0, 0x0, 0x0, 0x0, 0x0, 0x7f, 0xff,
    0x80, 0x0, 0x0, 0x0, 0x0, 0x0, 0x0, 0x7f,
    0xff, 0x80, 0x0, 0x0, 0x0, 0x0, 0x0, 0x0,
    0x7f, 0xff, 0x80, 0x0, 0x0, 0x0, 0x0, 0x0,
    0x0, 0x7f, 0xff, 0x80, 0x0, 0x0, 0x0, 0x0,
    0x0, 0x0, 0x7f, 0xff, 0x80, 0x0, 0x0, 0x0,
    0x0, 0x0, 0x0, 0x7f, 0xff, 0x93, 0x33, 0x33,
    0x20, 0x0, 0x0, 0x0, 0x7f, 0xff, 0xff, 0xff,
    0xff, 0xf6, 0x0, 0x0, 0x0, 0x7f, 0xff, 0xff,
    0xff, 0xff, 0xfa, 0x0, 0x0, 0x0, 0x7f, 0xff,
    0xff, 0xff, 0xff, 0xf5, 0x0, 0x0, 0x0, 0x7f,
    0xff, 0x80, 0x0, 0x0, 0x0, 0x0, 0x0, 0x0,
    0x7f, 0xff, 0x80, 0x0, 0x0, 0x0, 0x0, 0x0,
    0x0, 0x7f, 0xff, 0x80, 0x0, 0x0, 0x0, 0x0,
    0x0, 0x0, 0x7f, 0xff, 0x80, 0x0, 0x0, 0x0,
    0x0, 0x0, 0x0, 0x7f, 0xff, 0x80, 0x0, 0x0,
    0x0, 0x0, 0x0, 0x0, 0x7f, 0xff, 0x80, 0x0,
    0x0, 0x0, 0x0, 0x0, 0x0, 0x7f, 0xff, 0x80,
    0x0, 0x0, 0x0, 0x0, 0x0, 0x0, 0x7f, 0xff,
    0x80, 0x0, 0x0, 0x0, 0x0, 0x0, 0x0, 0x7f,
    0xff, 0xc8, 0x88, 0x88, 0x88, 0x88, 0x88, 0x40,
    0x7f, 0xff, 0xff, 0xff, 0xff, 0xff, 0xff, 0xff,
    0xf0, 0x7f, 0xff, 0xff, 0xff, 0xff, 0xff, 0xff,
    0xff, 0xf1, 0x2d, 0xff, 0xff, 0xff, 0xff, 0xff,
    0xff, 0xff, 0xa0,

    /* U+0117 "ė" */
    0x0, 0x0, 0x0, 0x5, 0x82, 0x0, 0x0, 0x0,
    0x0, 0x0, 0x0, 0x4f, 0xfe, 0x0, 0x0, 0x0,
    0x0, 0x0, 0x0, 0x6f, 0xff, 0x0, 0x0, 0x0,
    0x0, 0x0, 0x0, 0xb, 0xf7, 0x0, 0x0, 0x0,
    0x0, 0x0, 0x0, 0x0, 0x0, 0x0, 0x0, 0x0,
    0x0, 0x0, 0x0, 0x0, 0x0, 0x0, 0x0, 0x0,
    0x0, 0x0, 0x0, 0x0, 0x0, 0x0, 0x0, 0x0,
    0x0, 0x0, 0x0, 0x0, 0x0, 0x0, 0x0, 0x0,
    0x0, 0x0, 0x17, 0xce, 0xfd, 0xb5, 0x0, 0x0,
    0x0, 0x6, 0xff, 0xff, 0xff, 0xff, 0xd3, 0x0,
    0x0, 0x9f, 0xff, 0xff, 0xff, 0xff, 0xff, 0x30,
    0x6, 0xff, 0xfe, 0x62, 0x3, 0xaf, 0xff, 0xe0,
    0xf, 0xff, 0xe2, 0x0, 0x0, 0x9, 0xff, 0xf7,
    0x5f, 0xff, 0x80, 0x0, 0x0, 0x1, 0xff, 0xfc,
    0x8f, 0xff, 0x60, 0x0, 0x0, 0x0, 0xef, 0xfe,
    0x9f, 0xff, 0xa7, 0x77, 0x77, 0x79, 0xff, 0xfd,
    0x9f, 0xff, 0xff, 0xff, 0xff, 0xff, 0xff, 0xfa,
    0x9f, 0xff, 0xff, 0xff, 0xff, 0xff, 0xfe, 0xb1,
    0x9f, 0xff, 0x60, 0x0, 0x0, 0x0, 0x0, 0x0,
    0x8f, 0xff, 0x70, 0x0, 0x0, 0x0, 0x0, 0x0,
    0x5f, 0xff, 0xc0, 0x0, 0x0, 0x0, 0x0, 0x0,
    0x1f, 0xff, 0xf8, 0x0, 0x0, 0x0, 0x17, 0x60,
    0x7, 0xff, 0xff, 0xd7, 0x33, 0x48, 0xef, 0xf5,
    0x0, 0x9f, 0xff, 0xff, 0xff, 0xff, 0xff, 0xf6,
    0x0, 0x6, 0xef, 0xff, 0xff, 0xff, 0xff, 0x80,
    0x0, 0x0, 0x5, 0xad, 0xef, 0xec, 0x82, 0x0,

    /* U+0118 "Ę" */
    0x2d, 0xff, 0xff, 0xff, 0xff, 0xff, 0xff, 0xff,
    0xa0, 0x7f, 0xff, 0xff, 0xff, 0xff, 0xff, 0xff,
    0xff, 0xf1, 0x7f, 0xff, 0xff, 0xff, 0xff, 0xff,
    0xff, 0xff, 0xf0, 0x7f, 0xff, 0xc8, 0x88, 0x88,
    0x88, 0x88, 0x88, 0x40, 0x7f, 0xff, 0x80, 0x0,
    0x0, 0x0, 0x0, 0x0, 0x0, 0x7f, 0xff, 0x80,
    0x0, 0x0, 0x0, 0x0, 0x0, 0x0, 0x7f, 0xff,
    0x80, 0x0, 0x0, 0x0, 0x0, 0x0, 0x0, 0x7f,
    0xff, 0x80, 0x0, 0x0, 0x0, 0x0, 0x0, 0x0,
    0x7f, 0xff, 0x80, 0x0, 0x0, 0x0, 0x0, 0x0,
    0x0, 0x7f, 0xff, 0x80, 0x0, 0x0, 0x0, 0x0,
    0x0, 0x0, 0x7f, 0xff, 0x80, 0x0, 0x0, 0x0,
    0x0, 0x0, 0x0, 0x7f, 0xff, 0x93, 0x33, 0x33,
    0x20, 0x0, 0x0, 0x0, 0x7f, 0xff, 0xff, 0xff,
    0xff, 0xf6, 0x0, 0x0, 0x0, 0x7f, 0xff, 0xff,
    0xff, 0xff, 0xfa, 0x0, 0x0, 0x0, 0x7f, 0xff,
    0xff, 0xff, 0xff, 0xf5, 0x0, 0x0, 0x0, 0x7f,
    0xff, 0x80, 0x0, 0x0, 0x0, 0x0, 0x0, 0x0,
    0x7f, 0xff, 0x80, 0x0, 0x0, 0x0, 0x0, 0x0,
    0x0, 0x7f, 0xff, 0x80, 0x0, 0x0, 0x0, 0x0,
    0x0, 0x0, 0x7f, 0xff, 0x80, 0x0, 0x0, 0x0,
    0x0, 0x0, 0x0, 0x7f, 0xff, 0x80, 0x0, 0x0,
    0x0, 0x0, 0x0, 0x0, 0x7f, 0xff, 0x80, 0x0,
    0x0, 0x0, 0x0, 0x0, 0x0, 0x7f, 0xff, 0x80,
    0x0, 0x0, 0x0, 0x0, 0x0, 0x0, 0x7f, 0xff,
    0x80, 0x0, 0x0, 0x0, 0x0, 0x0, 0x0, 0x7f,
    0xff, 0xc8, 0x88, 0x88, 0x88, 0x88, 0x88, 0x40,
    0x7f, 0xff, 0xff, 0xff, 0xff, 0xff, 0xff, 0xff,
    0xf0, 0x7f, 0xff, 0xff, 0xff, 0xff, 0xff, 0xff,
    0xff, 0xf1, 0x2d, 0xff, 0xff, 0xff, 0xff, 0xff,
    0xff, 0xff, 0xd0, 0x0, 0x0, 0x0, 0x0, 0x0,
    0x0, 0xa, 0xfa, 0x0, 0x0, 0x0, 0x0, 0x0,
    0x0, 0x0, 0x6f, 0xb0, 0x0, 0x0, 0x0, 0x0,
    0x0, 0x0, 0x0, 0xef, 0x20, 0x0, 0x0, 0x0,
    0x0, 0x0, 0x0, 0x4, 0xfc, 0x0, 0x0, 0x0,
    0x0, 0x0, 0x0, 0x0, 0x6, 0xfa, 0x0, 0x0,
    0x0, 0x0, 0x0, 0x0, 0x0, 0x5, 0xff, 0x40,
    0x0, 0x0, 0x0, 0x0, 0x0, 0x0, 0x0, 0xcf,
    0xff, 0x80, 0x0, 0x0, 0x0, 0x0, 0x0, 0x0,
    0x5, 0x9b, 0x60,

    /* U+0119 "ę" */
    0x0, 0x0, 0x17, 0xce, 0xfd, 0xb5, 0x0, 0x0,
    0x0, 0x6, 0xff, 0xff, 0xff, 0xff, 0xd3, 0x0,
    0x0, 0x9f, 0xff, 0xff, 0xff, 0xff, 0xff, 0x30,
    0x6, 0xff, 0xfe, 0x62, 0x3, 0xaf, 0xff, 0xe0,
    0xf, 0xff, 0xe2, 0x0, 0x0, 0x9, 0xff, 0xf7,
    0x5f, 0xff, 0x80, 0x0, 0x0, 0x1, 0xff, 0xfc,
    0x8f, 0xff, 0x60, 0x0, 0x0, 0x0, 0xef, 0xfe,
    0x9f, 0xff, 0xa7, 0x77, 0x77, 0x79, 0xff, 0xfd,
    0x9f, 0xff, 0xff, 0xff, 0xff, 0xff, 0xff, 0xfa,
    0x9f, 0xff, 0xff, 0xff, 0xff, 0xff, 0xfe, 0xb1,
    0x9f, 0xff, 0x60, 0x0, 0x0, 0x0, 0x0, 0x0,
    0x8f, 0xff, 0x70, 0x0, 0x0, 0x0, 0x0, 0x0,
    0x5f, 0xff, 0xc0, 0x0, 0x0, 0x0, 0x0, 0x0,
    0x1f, 0xff, 0xf8, 0x0, 0x0, 0x0, 0x17, 0x60,
    0x7, 0xff, 0xff, 0xd7, 0x33, 0x48, 0xef, 0xf5,
    0x0, 0x9f, 0xff, 0xff, 0xff, 0xff, 0xff, 0xf6,
    0x0, 0x6, 0xef, 0xff, 0xff, 0xff, 0xff, 0x80,
    0x0, 0x0, 0x5, 0xad, 0xef, 0xff, 0xf3, 0x0,
    0x0, 0x0, 0x0, 0x0, 0x4, 0xfd, 0x10, 0x0,
    0x0, 0x0, 0x0, 0x0, 0xd, 0xf4, 0x0, 0x0,
    0x0, 0x0, 0x0, 0x0, 0x3f, 0xd0, 0x0, 0x0,
    0x0, 0x0, 0x0, 0x0, 0x5f, 0xb0, 0x0, 0x0,
    0x0, 0x0, 0x0, 0x0, 0x5f, 0xe1, 0x0, 0x0,
    0x0, 0x0, 0x0, 0x0, 0xd, 0xff, 0xc6, 0x0,
    0x0, 0x0, 0x0, 0x0, 0x1, 0x8d, 0xf9, 0x0,

    /* U+011A "Ě" */
    0x0, 0x1, 0x60, 0x0, 0x0, 0x0, 0x34, 0x0,
    0x0, 0x0, 0x7, 0xfc, 0x20, 0x0, 0x8, 0xfd,
    0x0, 0x0, 0x0, 0x4, 0xff, 0xf5, 0x2, 0xcf,
    0xfa, 0x0, 0x0, 0x0, 0x0, 0x3e, 0xff, 0xbe,
    0xff, 0x80, 0x0, 0x0, 0x0, 0x0, 0x1, 0xaf,
    0xff, 0xe4, 0x0, 0x0, 0x0, 0x0, 0x0, 0x0,
    0x6, 0xea, 0x10, 0x0, 0x0, 0x0, 0x0, 0x0,
    0x0, 0x0, 0x0, 0x0, 0x0, 0x0, 0x0, 0x0,
    0x0, 0x0, 0x0, 0x0, 0x0, 0x0, 0x0, 0x0,
    0x0, 0x0, 0x0, 0x0, 0x0, 0x0, 0x0, 0x0,
    0x0, 0x0, 0x0, 0x0, 0x0, 0x0, 0x0, 0x0,
    0x0, 0x0, 0x2d, 0xff, 0xff, 0xff, 0xff, 0xff,
    0xff, 0xff, 0xa0, 0x7f, 0xff, 0xff, 0xff, 0xff,
    0xff, 0xff, 0xff, 0xf1, 0x7f, 0xff, 0xff, 0xff,
    0xff, 0xff, 0xff, 0xff, 0xf0, 0x7f, 0xff, 0xc8,
    0x88, 0x88, 0x88, 0x88, 0x88, 0x40, 0x7f, 0xff,
    0x80, 0x0, 0x0, 0x0, 0x0, 0x0, 0x0, 0x7f,
    0xff, 0x80, 0x0, 0x0, 0x0, 0x0, 0x0, 0x0,
    0x7f, 0xff, 0x80, 0x0, 0x0, 0x0, 0x0, 0x0,
    0x0, 0x7f, 0xff, 0x80, 0x0, 0x0, 0x0, 0x0,
    0x0, 0x0, 0x7f, 0xff, 0x80, 0x0, 0x0, 0x0,
    0x0, 0x0, 0x0, 0x7f, 0xff, 0x80, 0x0, 0x0,
    0x0, 0x0, 0x0, 0x0, 0x7f, 0xff, 0x80, 0x0,
    0x0, 0x0, 0x0, 0x0, 0x0, 0x7f, 0xff, 0x93,
    0x33, 0x33, 0x20, 0x0, 0x0, 0x0, 0x7f, 0xff,
    0xff, 0xff, 0xff, 0xf6, 0x0, 0x0, 0x0, 0x7f,
    0xff, 0xff, 0xff, 0xff, 0xfa, 0x0, 0x0, 0x0,
    0x7f, 0xff, 0xff, 0xff, 0xff, 0xf5, 0x0, 0x0,
    0x0, 0x7f, 0xff, 0x80, 0x0, 0x0, 0x0, 0x0,
    0x0, 0x0, 0x7f, 0xff, 0x80, 0x0, 0x0, 0x0,
    0x0, 0x0, 0x0, 0x7f, 0xff, 0x80, 0x0, 0x0,
    0x0, 0x0, 0x0, 0x0, 0x7f, 0xff, 0x80, 0x0,
    0x0, 0x0, 0x0, 0x0, 0x0, 0x7f, 0xff, 0x80,
    0x0, 0x0, 0x0, 0x0, 0x0, 0x0, 0x7f, 0xff,
    0x80, 0x0, 0x0, 0x0, 0x0, 0x0, 0x0, 0x7f,
    0xff, 0x80, 0x0, 0x0, 0x0, 0x0, 0x0, 0x0,
    0x7f, 0xff, 0x80, 0x0, 0x0, 0x0, 0x0, 0x0,
    0x0, 0x7f, 0xff, 0xc8, 0x88, 0x88, 0x88, 0x88,
    0x88, 0x40, 0x7f, 0xff, 0xff, 0xff, 0xff, 0xff,
    0xff, 0xff, 0xf0, 0x7f, 0xff, 0xff, 0xff, 0xff,
    0xff, 0xff, 0xff, 0xf1, 0x2d, 0xff, 0xff, 0xff,
    0xff, 0xff, 0xff, 0xff, 0xa0,

    /* U+011B "ě" */
    0x0, 0xa, 0xc2, 0x0, 0x0, 0x5, 0xe5, 0x0,
    0x0, 0xd, 0xff, 0x60, 0x0, 0xaf, 0xf8, 0x0,
    0x0, 0x2, 0xdf, 0xfa, 0x4d, 0xff, 0xa0, 0x0,
    0x0, 0x0, 0x9, 0xff, 0xff, 0xf5, 0x0, 0x0,
    0x0, 0x0, 0x0, 0x4e, 0xfb, 0x10, 0x0, 0x0,
    0x0, 0x0, 0x0, 0x0, 0x30, 0x0, 0x0, 0x0,
    0x0, 0x0, 0x0, 0x0, 0x0, 0x0, 0x0, 0x0,
    0x0, 0x0, 0x0, 0x0, 0x0, 0x0, 0x0, 0x0,
    0x0, 0x0, 0x0, 0x0, 0x0, 0x0, 0x0, 0x0,
    0x0, 0x0, 0x17, 0xce, 0xfd, 0xb5, 0x0, 0x0,
    0x0, 0x6, 0xff, 0xff, 0xff, 0xff, 0xd3, 0x0,
    0x0, 0x9f, 0xff, 0xff, 0xff, 0xff, 0xff, 0x30,
    0x6, 0xff, 0xfe, 0x62, 0x3, 0xaf, 0xff, 0xe0,
    0xf, 0xff, 0xe2, 0x0, 0x0, 0x9, 0xff, 0xf7,
    0x5f, 0xff, 0x80, 0x0, 0x0, 0x1, 0xff, 0xfc,
    0x8f, 0xff, 0x60, 0x0, 0x0, 0x0, 0xef, 0xfe,
    0x9f, 0xff, 0xa7, 0x77, 0x77, 0x79, 0xff, 0xfd,
    0x9f, 0xff, 0xff, 0xff, 0xff, 0xff, 0xff, 0xfa,
    0x9f, 0xff, 0xff, 0xff, 0xff, 0xff, 0xfe, 0xb1,
    0x9f, 0xff, 0x60, 0x0, 0x0, 0x0, 0x0, 0x0,
    0x8f, 0xff, 0x70, 0x0, 0x0, 0x0, 0x0, 0x0,
    0x5f, 0xff, 0xc0, 0x0, 0x0, 0x0, 0x0, 0x0,
    0x1f, 0xff, 0xf8, 0x0, 0x0, 0x0, 0x17, 0x60,
    0x7, 0xff, 0xff, 0xd7, 0x33, 0x48, 0xef, 0xf5,
    0x0, 0x9f, 0xff, 0xff, 0xff, 0xff, 0xff, 0xf6,
    0x0, 0x6, 0xef, 0xff, 0xff, 0xff, 0xff, 0x80,
    0x0, 0x0, 0x5, 0xad, 0xef, 0xec, 0x82, 0x0,

    /* U+011C "Ĝ" */
    0x0, 0x0, 0x0, 0x18, 0xeb, 0x30, 0x0, 0x0,
    0x0, 0x0, 0x0, 0x18, 0xff, 0xff, 0xfc, 0x40,
    0x0, 0x0, 0x0, 0x4, 0xff, 0xfe, 0x8d, 0xff,
    0xf9, 0x0, 0x0, 0x0, 0x8, 0xfe, 0x70, 0x0,
    0x5d, 0xfe, 0x0, 0x0, 0x0, 0x1, 0x60, 0x0,
    0x0, 0x0, 0x44, 0x0, 0x0, 0x0, 0x0, 0x0,
    0x0, 0x0, 0x0, 0x0, 0x0, 0x0, 0x0, 0x0,
    0x0, 0x0, 0x0, 0x0, 0x0, 0x0, 0x0, 0x0,
    0x0, 0x0, 0x0, 0x0, 0x0, 0x0, 0x0, 0x0,
    0x0, 0x0, 0x0, 0x0, 0x0, 0x0, 0x0, 0x0,
    0x0, 0x0, 0x0, 0x38, 0xce, 0xfe, 0xda, 0x50,
    0x0, 0x0, 0x0, 0x1a, 0xff, 0xff, 0xff, 0xff,
    0xfe, 0x60, 0x0, 0x0, 0xcf, 0xff, 0xff, 0xff,
    0xff, 0xff, 0xf9, 0x0, 0xa, 0xff, 0xff, 0xea,
    0x89, 0xcf, 0xff, 0xff, 0x70, 0x2f, 0xff, 0xfa,
    0x0, 0x0, 0x2, 0xdf, 0xff, 0xe0, 0x7f, 0xff,
    0xd0, 0x0, 0x0, 0x0, 0x3f, 0xff, 0xf3, 0xaf,
    0xff, 0x70, 0x0, 0x0, 0x0, 0xd, 0xff, 0xf4,
    0xbf, 0xff, 0x40, 0x0, 0x0, 0x0, 0x8, 0xff,
    0xe1, 0xcf, 0xff, 0x40, 0x0, 0x0, 0x0, 0x0,
    0x23, 0x10, 0xcf, 0xff, 0x40, 0x0, 0x0, 0x0,
    0x0, 0x0, 0x0, 0xcf, 0xff, 0x40, 0x0, 0x0,
    0x0, 0x0, 0x0, 0x0, 0xcf, 0xff, 0x40, 0x0,
    0x0, 0x0, 0x0, 0x0, 0x0, 0xcf, 0xff, 0x40,
    0x0, 0x6f, 0xff, 0xff, 0xff, 0xd1, 0xcf, 0xff,
    0x40, 0x0, 0xdf, 0xff, 0xff, 0xff, 0xf4, 0xcf,
    0xff, 0x40, 0x0, 0x9f, 0xff, 0xff, 0xff, 0xf4,
    0xcf, 0xff, 0x40, 0x0, 0x2, 0x33, 0x3c, 0xff,
    0xf4, 0xcf, 0xff, 0x40, 0x0, 0x0, 0x0, 0xb,
    0xff, 0xf4, 0xcf, 0xff, 0x40, 0x0, 0x0, 0x0,
    0xb, 0xff, 0xf4, 0xcf, 0xff, 0x40, 0x0, 0x0,
    0x0, 0xb, 0xff, 0xf4, 0xbf, 0xff, 0x40, 0x0,
    0x0, 0x0, 0xc, 0xff, 0xf3, 0xaf, 0xff, 0x70,
    0x0, 0x0, 0x0, 0xf, 0xff, 0xf1, 0x7f, 0xff,
    0xd0, 0x0, 0x0, 0x0, 0x6f, 0xff, 0xe0, 0x2f,
    0xff, 0xfa, 0x0, 0x0, 0x5, 0xff, 0xff, 0x90,
    0xa, 0xff, 0xff, 0xea, 0x89, 0xcf, 0xff, 0xff,
    0x20, 0x0, 0xdf, 0xff, 0xff, 0xff, 0xff, 0xff,
    0xf5, 0x0, 0x0, 0x1a, 0xff, 0xff, 0xff, 0xff,
    0xfe, 0x40, 0x0, 0x0, 0x0, 0x38, 0xce, 0xfe,
    0xda, 0x50, 0x0, 0x0,

    /* U+011D "ĝ" */
    0x0, 0x0, 0x0, 0x2b, 0xe7, 0x0, 0x0, 0x0,
    0x0, 0x0, 0x0, 0x19, 0xff, 0xff, 0xe6, 0x0,
    0x0, 0x0, 0x0, 0x6, 0xff, 0xff, 0xdf, 0xff,
    0xd1, 0x0, 0x0, 0x0, 0xf, 0xff, 0xa2, 0x5,
    0xef, 0xf8, 0x0, 0x0, 0x0, 0xb, 0xc3, 0x0,
    0x0, 0x7, 0xe5, 0x0, 0x0, 0x0, 0x0, 0x0,
    0x0, 0x0, 0x0, 0x0, 0x0, 0x0, 0x0, 0x0,
    0x0, 0x0, 0x0, 0x0, 0x0, 0x0, 0x0, 0x0,
    0x0, 0x0, 0x0, 0x0, 0x0, 0x0, 0x17, 0x20,
    0x0, 0x0, 0x0, 0x0, 0x0, 0x0, 0x1, 0xef,
    0xf0, 0x0, 0x0, 0x17, 0xbe, 0xff, 0xc7, 0x18,
    0xff, 0xd0, 0x0, 0x4, 0xef, 0xff, 0xff, 0xff,
    0xff, 0xf9, 0x0, 0x0, 0x4f, 0xff, 0xfb, 0x89,
    0xef, 0xff, 0xc0, 0x0, 0x0, 0xdf, 0xff, 0x50,
    0x0, 0x1d, 0xff, 0xf3, 0x0, 0x3, 0xff, 0xfc,
    0x0, 0x0, 0x5, 0xff, 0xfa, 0x0, 0x5, 0xff,
    0xf8, 0x0, 0x0, 0x1, 0xff, 0xfc, 0x0, 0x6,
    0xff, 0xf7, 0x0, 0x0, 0x0, 0xff, 0xfd, 0x0,
    0x5, 0xff, 0xf8, 0x0, 0x0, 0x1, 0xff, 0xfc,
    0x0, 0x2, 0xff, 0xfc, 0x0, 0x0, 0x5, 0xff,
    0xf9, 0x0, 0x0, 0xcf, 0xff, 0x60, 0x0, 0x2e,
    0xff, 0xf3, 0x0, 0x0, 0x3f, 0xff, 0xfb, 0x8a,
    0xff, 0xff, 0x90, 0x0, 0x0, 0x7, 0xff, 0xff,
    0xff, 0xff, 0xf8, 0x0, 0x0, 0x0, 0x5f, 0xfe,
    0xae, 0xfe, 0xc8, 0x20, 0x0, 0x0, 0x0, 0xef,
    0xf6, 0x0, 0x0, 0x0, 0x0, 0x0, 0x0, 0x0,
    0xff, 0xfd, 0x51, 0x0, 0x0, 0x0, 0x0, 0x0,
    0x0, 0xcf, 0xff, 0xff, 0xfc, 0xa8, 0x40, 0x0,
    0x0, 0x0, 0x1c, 0xff, 0xff, 0xff, 0xff, 0xff,
    0x80, 0x0, 0x0, 0x6f, 0xff, 0xea, 0xce, 0xff,
    0xff, 0xfc, 0x0, 0x6, 0xff, 0xf8, 0x0, 0x0,
    0x27, 0xff, 0xff, 0x70, 0xf, 0xff, 0xc0, 0x0,
    0x0, 0x0, 0x4f, 0xff, 0xc0, 0x2f, 0xff, 0x90,
    0x0, 0x0, 0x0, 0xf, 0xff, 0xd0, 0x2f, 0xff,
    0xd0, 0x0, 0x0, 0x0, 0x4f, 0xff, 0xb0, 0xd,
    0xff, 0xfa, 0x10, 0x0, 0x4, 0xef, 0xff, 0x60,
    0x4, 0xff, 0xff, 0xfc, 0xab, 0xdf, 0xff, 0xfb,
    0x0, 0x0, 0x2c, 0xff, 0xff, 0xff, 0xff, 0xff,
    0x90, 0x0, 0x0, 0x0, 0x38, 0xce, 0xff, 0xeb,
    0x71, 0x0, 0x0,

    /* U+011E "Ğ" */
    0x0, 0x0, 0x56, 0x0, 0x0, 0x3, 0x71, 0x0,
    0x0, 0x0, 0x0, 0xef, 0x60, 0x0, 0xf, 0xf5,
    0x0, 0x0, 0x0, 0x0, 0x8f, 0xe3, 0x1, 0xbf,
    0xe0, 0x0, 0x0, 0x0, 0x0, 0xb, 0xff, 0xef,
    0xfe, 0x30, 0x0, 0x0, 0x0, 0x0, 0x0, 0x6d,
    0xfe, 0xa2, 0x0, 0x0, 0x0, 0x0, 0x0, 0x0,
    0x0, 0x0, 0x0, 0x0, 0x0, 0x0, 0x0, 0x0,
    0x0, 0x0, 0x0, 0x0, 0x0, 0x0, 0x0, 0x0,
    0x0, 0x0, 0x0, 0x0, 0x0, 0x0, 0x0, 0x0,
    0x0, 0x0, 0x0, 0x0, 0x0, 0x0, 0x0, 0x0,
    0x0, 0x0, 0x0, 0x0, 0x0, 0x0, 0x0, 0x0,
    0x0, 0x0, 0x0, 0x0, 0x38, 0xce, 0xfe, 0xda,
    0x50, 0x0, 0x0, 0x0, 0x1a, 0xff, 0xff, 0xff,
    0xff, 0xfe, 0x60, 0x0, 0x0, 0xcf, 0xff, 0xff,
    0xff, 0xff, 0xff, 0xf9, 0x0, 0xa, 0xff, 0xff,
    0xea, 0x89, 0xcf, 0xff, 0xff, 0x70, 0x2f, 0xff,
    0xfa, 0x0, 0x0, 0x2, 0xdf, 0xff, 0xe0, 0x7f,
    0xff, 0xd0, 0x0, 0x0, 0x0, 0x3f, 0xff, 0xf3,
    0xaf, 0xff, 0x70, 0x0, 0x0, 0x0, 0xd, 0xff,
    0xf4, 0xbf, 0xff, 0x40, 0x0, 0x0, 0x0, 0x8,
    0xff, 0xe1, 0xcf, 0xff, 0x40, 0x0, 0x0, 0x0,
    0x0, 0x23, 0x10, 0xcf, 0xff, 0x40, 0x0, 0x0,
    0x0, 0x0, 0x0, 0x0, 0xcf, 0xff, 0x40, 0x0,
    0x0, 0x0, 0x0, 0x0, 0x0, 0xcf, 0xff, 0x40,
    0x0, 0x0, 0x0, 0x0, 0x0, 0x0, 0xcf, 0xff,
    0x40, 0x0, 0x6f, 0xff, 0xff, 0xff, 0xd1, 0xcf,
    0xff, 0x40, 0x0, 0xdf, 0xff, 0xff, 0xff, 0xf4,
    0xcf, 0xff, 0x40, 0x0, 0x9f, 0xff, 0xff, 0xff,
    0xf4, 0xcf, 0xff, 0x40, 0x0, 0x2, 0x33, 0x3c,
    0xff, 0xf4, 0xcf, 0xff, 0x40, 0x0, 0x0, 0x0,
    0xb, 0xff, 0xf4, 0xcf, 0xff, 0x40, 0x0, 0x0,
    0x0, 0xb, 0xff, 0xf4, 0xcf, 0xff, 0x40, 0x0,
    0x0, 0x0, 0xb, 0xff, 0xf4, 0xbf, 0xff, 0x40,
    0x0, 0x0, 0x0, 0xc, 0xff, 0xf3, 0xaf, 0xff,
    0x70, 0x0, 0x0, 0x0, 0xf, 0xff, 0xf1, 0x7f,
    0xff, 0xd0, 0x0, 0x0, 0x0, 0x6f, 0xff, 0xe0,
    0x2f, 0xff, 0xfa, 0x0, 0x0, 0x5, 0xff, 0xff,
    0x90, 0xa, 0xff, 0xff, 0xea, 0x89, 0xcf, 0xff,
    0xff, 0x20, 0x0, 0xdf, 0xff, 0xff, 0xff, 0xff,
    0xff, 0xf5, 0x0, 0x0, 0x1a, 0xff, 0xff, 0xff,
    0xff, 0xfe, 0x40, 0x0, 0x0, 0x0, 0x38, 0xce,
    0xfe, 0xda, 0x50, 0x0, 0x0,

    /* U+011F "ğ" */
    0x0, 0x1, 0x73, 0x0, 0x0, 0x7, 0x50, 0x0,
    0x0, 0x0, 0x5, 0xfe, 0x0, 0x0, 0x7f, 0xe0,
    0x0, 0x0, 0x0, 0x0, 0xef, 0xa0, 0x3, 0xef,
    0x70, 0x0, 0x0, 0x0, 0x0, 0x3f, 0xff, 0xef,
    0xfa, 0x0, 0x0, 0x0, 0x0, 0x0, 0x2, 0xae,
    0xfd, 0x60, 0x0, 0x0, 0x0, 0x0, 0x0, 0x0,
    0x0, 0x0, 0x0, 0x0, 0x0, 0x0, 0x0, 0x0,
    0x0, 0x0, 0x0, 0x0, 0x0, 0x0, 0x0, 0x0,
    0x0, 0x0, 0x0, 0x0, 0x0, 0x0, 0x0, 0x0,
    0x0, 0x0, 0x0, 0x0, 0x0, 0x0, 0x0, 0x17,
    0x20, 0x0, 0x0, 0x0, 0x0, 0x0, 0x0, 0x1,
    0xef, 0xf0, 0x0, 0x0, 0x17, 0xbe, 0xff, 0xc7,
    0x18, 0xff, 0xd0, 0x0, 0x4, 0xef, 0xff, 0xff,
    0xff, 0xff, 0xf9, 0x0, 0x0, 0x4f, 0xff, 0xfb,
    0x89, 0xef, 0xff, 0xc0, 0x0, 0x0, 0xdf, 0xff,
    0x50, 0x0, 0x1d, 0xff, 0xf3, 0x0, 0x3, 0xff,
    0xfc, 0x0, 0x0, 0x5, 0xff, 0xfa, 0x0, 0x5,
    0xff, 0xf8, 0x0, 0x0, 0x1, 0xff, 0xfc, 0x0,
    0x6, 0xff, 0xf7, 0x0, 0x0, 0x0, 0xff, 0xfd,
    0x0, 0x5, 0xff, 0xf8, 0x0, 0x0, 0x1, 0xff,
    0xfc, 0x0, 0x2, 0xff, 0xfc, 0x0, 0x0, 0x5,
    0xff, 0xf9, 0x0, 0x0, 0xcf, 0xff, 0x60, 0x0,
    0x2e, 0xff, 0xf3, 0x0, 0x0, 0x3f, 0xff, 0xfb,
    0x8a, 0xff, 0xff, 0x90, 0x0, 0x0, 0x7, 0xff,
    0xff, 0xff, 0xff, 0xf8, 0x0, 0x0, 0x0, 0x5f,
    0xfe, 0xae, 0xfe, 0xc8, 0x20, 0x0, 0x0, 0x0,
    0xef, 0xf6, 0x0, 0x0, 0x0, 0x0, 0x0, 0x0,
    0x0, 0xff, 0xfd, 0x51, 0x0, 0x0, 0x0, 0x0,
    0x0, 0x0, 0xcf, 0xff, 0xff, 0xfc, 0xa8, 0x40,
    0x0, 0x0, 0x0, 0x1c, 0xff, 0xff, 0xff, 0xff,
    0xff, 0x80, 0x0, 0x0, 0x6f, 0xff, 0xea, 0xce,
    0xff, 0xff, 0xfc, 0x0, 0x6, 0xff, 0xf8, 0x0,
    0x0, 0x27, 0xff, 0xff, 0x70, 0xf, 0xff, 0xc0,
    0x0, 0x0, 0x0, 0x4f, 0xff, 0xc0, 0x2f, 0xff,
    0x90, 0x0, 0x0, 0x0, 0xf, 0xff, 0xd0, 0x2f,
    0xff, 0xd0, 0x0, 0x0, 0x0, 0x4f, 0xff, 0xb0,
    0xd, 0xff, 0xfa, 0x10, 0x0, 0x4, 0xef, 0xff,
    0x60, 0x4, 0xff, 0xff, 0xfc, 0xab, 0xdf, 0xff,
    0xfb, 0x0, 0x0, 0x2c, 0xff, 0xff, 0xff, 0xff,
    0xff, 0x90, 0x0, 0x0, 0x0, 0x38, 0xce, 0xff,
    0xeb, 0x71, 0x0, 0x0,

    /* U+0120 "Ġ" */
    0x0, 0x0, 0x0, 0x7, 0xfb, 0x0, 0x0, 0x0,
    0x0, 0x0, 0x0, 0x0, 0xf, 0xff, 0x60, 0x0,
    0x0, 0x0, 0x0, 0x0, 0x0, 0xe, 0xff, 0x40,
    0x0, 0x0, 0x0, 0x0, 0x0, 0x0, 0x2, 0x85,
    0x0, 0x0, 0x0, 0x0, 0x0, 0x0, 0x0, 0x0,
    0x0, 0x0, 0x0, 0x0, 0x0, 0x0, 0x0, 0x0,
    0x0, 0x0, 0x0, 0x0, 0x0, 0x0, 0x0, 0x0,
    0x0, 0x0, 0x0, 0x0, 0x0, 0x0, 0x0, 0x0,
    0x0, 0x0, 0x0, 0x0, 0x0, 0x0, 0x0, 0x0,
    0x0, 0x0, 0x38, 0xce, 0xfe, 0xda, 0x50, 0x0,
    0x0, 0x0, 0x1a, 0xff, 0xff, 0xff, 0xff, 0xfe,
    0x60, 0x0, 0x0, 0xcf, 0xff, 0xff, 0xff, 0xff,
    0xff, 0xf9, 0x0, 0xa, 0xff, 0xff, 0xea, 0x89,
    0xcf, 0xff, 0xff, 0x70, 0x2f, 0xff, 0xfa, 0x0,
    0x0, 0x2, 0xdf, 0xff, 0xe0, 0x7f, 0xff, 0xd0,
    0x0, 0x0, 0x0, 0x3f, 0xff, 0xf3, 0xaf, 0xff,
    0x70, 0x0, 0x0, 0x0, 0xd, 0xff, 0xf4, 0xbf,
    0xff, 0x40, 0x0, 0x0, 0x0, 0x8, 0xff, 0xe1,
    0xcf, 0xff, 0x40, 0x0, 0x0, 0x0, 0x0, 0x23,
    0x10, 0xcf, 0xff, 0x40, 0x0, 0x0, 0x0, 0x0,
    0x0, 0x0, 0xcf, 0xff, 0x40, 0x0, 0x0, 0x0,
    0x0, 0x0, 0x0, 0xcf, 0xff, 0x40, 0x0, 0x0,
    0x0, 0x0, 0x0, 0x0, 0xcf, 0xff, 0x40, 0x0,
    0x6f, 0xff, 0xff, 0xff, 0xd1, 0xcf, 0xff, 0x40,
    0x0, 0xdf, 0xff, 0xff, 0xff, 0xf4, 0xcf, 0xff,
    0x40, 0x0, 0x9f, 0xff, 0xff, 0xff, 0xf4, 0xcf,
    0xff, 0x40, 0x0, 0x2, 0x33, 0x3c, 0xff, 0xf4,
    0xcf, 0xff, 0x40, 0x0, 0x0, 0x0, 0xb, 0xff,
    0xf4, 0xcf, 0xff, 0x40, 0x0, 0x0, 0x0, 0xb,
    0xff, 0xf4, 0xcf, 0xff, 0x40, 0x0, 0x0, 0x0,
    0xb, 0xff, 0xf4, 0xbf, 0xff, 0x40, 0x0, 0x0,
    0x0, 0xc, 0xff, 0xf3, 0xaf, 0xff, 0x70, 0x0,
    0x0, 0x0, 0xf, 0xff, 0xf1, 0x7f, 0xff, 0xd0,
    0x0, 0x0, 0x0, 0x6f, 0xff, 0xe0, 0x2f, 0xff,
    0xfa, 0x0, 0x0, 0x5, 0xff, 0xff, 0x90, 0xa,
    0xff, 0xff, 0xea, 0x89, 0xcf, 0xff, 0xff, 0x20,
    0x0, 0xdf, 0xff, 0xff, 0xff, 0xff, 0xff, 0xf5,
    0x0, 0x0, 0x1a, 0xff, 0xff, 0xff, 0xff, 0xfe,
    0x40, 0x0, 0x0, 0x0, 0x38, 0xce, 0xfe, 0xda,
    0x50, 0x0, 0x0,

    /* U+0121 "ġ" */
    0x0, 0x0, 0x0, 0x1c, 0xf6, 0x0, 0x0, 0x0,
    0x0, 0x0, 0x0, 0x0, 0x6f, 0xff, 0x0, 0x0,
    0x0, 0x0, 0x0, 0x0, 0x0, 0x4f, 0xfd, 0x0,
    0x0, 0x0, 0x0, 0x0, 0x0, 0x0, 0x5, 0x82,
    0x0, 0x0, 0x0, 0x0, 0x0, 0x0, 0x0, 0x0,
    0x0, 0x0, 0x0, 0x0, 0x0, 0x0, 0x0, 0x0,
    0x0, 0x0, 0x0, 0x0, 0x0, 0x0, 0x0, 0x0,
    0x0, 0x0, 0x0, 0x0, 0x0, 0x15, 0x20, 0x0,
    0x0, 0x0, 0x0, 0x0, 0x0, 0x0, 0xdf, 0xe0,
    0x0, 0x0, 0x17, 0xbe, 0xff, 0xc7, 0x18, 0xff,
    0xe0, 0x0, 0x4, 0xef, 0xff, 0xff, 0xff, 0xff,
    0xf9, 0x10, 0x0, 0x4f, 0xff, 0xfb, 0x89, 0xef,
    0xff, 0xc0, 0x0, 0x0, 0xdf, 0xff, 0x50, 0x0,
    0x1d, 0xff, 0xf3, 0x0, 0x3, 0xff, 0xfc, 0x0,
    0x0, 0x5, 0xff, 0xfa, 0x0, 0x5, 0xff, 0xf8,
    0x0, 0x0, 0x1, 0xff, 0xfc, 0x0, 0x6, 0xff,
    0xf7, 0x0, 0x0, 0x0, 0xff, 0xfd, 0x0, 0x5,
    0xff, 0xf8, 0x0, 0x0, 0x1, 0xff, 0xfc, 0x0,
    0x2, 0xff, 0xfc, 0x0, 0x0, 0x5, 0xff, 0xf9,
    0x0, 0x0, 0xcf, 0xff, 0x60, 0x0, 0x2e, 0xff,
    0xf3, 0x0, 0x0, 0x3f, 0xff, 0xfb, 0x8a, 0xff,
    0xff, 0x90, 0x0, 0x0, 0x7, 0xff, 0xff, 0xff,
    0xff, 0xf8, 0x0, 0x0, 0x0, 0x5f, 0xfe, 0xae,
    0xfe, 0xc8, 0x20, 0x0, 0x0, 0x0, 0xef, 0xf6,
    0x0, 0x0, 0x0, 0x0, 0x0, 0x0, 0x0, 0xff,
    0xfd, 0x51, 0x0, 0x0, 0x0, 0x0, 0x0, 0x0,
    0xcf, 0xff, 0xff, 0xfc, 0xa8, 0x40, 0x0, 0x0,
    0x0, 0x1c, 0xff, 0xff, 0xff, 0xff, 0xff, 0x80,
    0x0, 0x0, 0x6f, 0xff, 0xea, 0xce, 0xff, 0xff,
    0xfc, 0x0, 0x6, 0xff, 0xf8, 0x0, 0x0, 0x27,
    0xff, 0xff, 0x70, 0xf, 0xff, 0xc0, 0x0, 0x0,
    0x0, 0x4f, 0xff, 0xc0, 0x2f, 0xff, 0x90, 0x0,
    0x0, 0x0, 0xf, 0xff, 0xd0, 0x2f, 0xff, 0xd0,
    0x0, 0x0, 0x0, 0x4f, 0xff, 0xb0, 0xd, 0xff,
    0xfa, 0x10, 0x0, 0x4, 0xef, 0xff, 0x60, 0x4,
    0xff, 0xff, 0xfc, 0xab, 0xdf, 0xff, 0xfb, 0x0,
    0x0, 0x2c, 0xff, 0xff, 0xff, 0xff, 0xff, 0x90,
    0x0, 0x0, 0x0, 0x38, 0xce, 0xff, 0xeb, 0x71,
    0x0, 0x0,

    /* U+0122 "Ģ" */
    0x0, 0x0, 0x38, 0xce, 0xfe, 0xda, 0x50, 0x0,
    0x0, 0x0, 0x1a, 0xff, 0xff, 0xff, 0xff, 0xfe,
    0x60, 0x0, 0x0, 0xcf, 0xff, 0xff, 0xff, 0xff,
    0xff, 0xf9, 0x0, 0xa, 0xff, 0xff, 0xea, 0x89,
    0xcf, 0xff, 0xff, 0x70, 0x2f, 0xff, 0xfa, 0x0,
    0x0, 0x2, 0xdf, 0xff, 0xe0, 0x7f, 0xff, 0xd0,
    0x0, 0x0, 0x0, 0x3f, 0xff, 0xf3, 0xaf, 0xff,
    0x70, 0x0, 0x0, 0x0, 0xd, 0xff, 0xf4, 0xbf,
    0xff, 0x40, 0x0, 0x0, 0x0, 0x8, 0xff, 0xe1,
    0xcf, 0xff, 0x40, 0x0, 0x0, 0x0, 0x0, 0x23,
    0x10, 0xcf, 0xff, 0x40, 0x0, 0x0, 0x0, 0x0,
    0x0, 0x0, 0xcf, 0xff, 0x40, 0x0, 0x0, 0x0,
    0x0, 0x0, 0x0, 0xcf, 0xff, 0x40, 0x0, 0x0,
    0x0, 0x0, 0x0, 0x0, 0xcf, 0xff, 0x40, 0x0,
    0x6f, 0xff, 0xff, 0xff, 0xd1, 0xcf, 0xff, 0x40,
    0x0, 0xdf, 0xff, 0xff, 0xff, 0xf4, 0xcf, 0xff,
    0x40, 0x0, 0x9f, 0xff, 0xff, 0xff, 0xf4, 0xcf,
    0xff, 0x40, 0x0, 0x2, 0x33, 0x3c, 0xff, 0xf4,
    0xcf, 0xff, 0x40, 0x0, 0x0, 0x0, 0xb, 0xff,
    0xf4, 0xcf, 0xff, 0x40, 0x0, 0x0, 0x0, 0xb,
    0xff, 0xf4, 0xcf, 0xff, 0x40, 0x0, 0x0, 0x0,
    0xb, 0xff, 0xf4, 0xbf, 0xff, 0x40, 0x0, 0x0,
    0x0, 0xc, 0xff, 0xf3, 0xaf, 0xff, 0x70, 0x0,
    0x0, 0x0, 0xf, 0xff, 0xf1, 0x7f, 0xff, 0xd0,
    0x0, 0x0, 0x0, 0x6f, 0xff, 0xe0, 0x2f, 0xff,
    0xfa, 0x0, 0x0, 0x5, 0xff, 0xff, 0x90, 0xa,
    0xff, 0xff, 0xea, 0x89, 0xcf, 0xff, 0xff, 0x20,
    0x0, 0xdf, 0xff, 0xff, 0xff, 0xff, 0xff, 0xf5,
    0x0, 0x0, 0x1a, 0xff, 0xff, 0xff, 0xff, 0xfe,
    0x40, 0x0, 0x0, 0x0, 0x38, 0xce, 0xfe, 0xda,
    0x50, 0x0, 0x0, 0x0, 0x0, 0x0, 0x0, 0x0,
    0x0, 0x0, 0x0, 0x0, 0x0, 0x0, 0x0, 0x0,
    0x0, 0x52, 0x0, 0x0, 0x0, 0x0, 0x0, 0x0,
    0x0, 0x6e, 0xfe, 0x0, 0x0, 0x0, 0x0, 0x0,
    0x0, 0x7e, 0xff, 0xfe, 0x0, 0x0, 0x0, 0x0,
    0x0, 0xc, 0xff, 0xff, 0x91, 0x0, 0x0, 0x0,
    0x0, 0x0, 0xc, 0xff, 0x81, 0x0, 0x0, 0x0,
    0x0, 0x0, 0x0, 0x2, 0x61, 0x0, 0x0, 0x0,
    0x0, 0x0,

    /* U+0123 "ģ" */
    0x0, 0x0, 0x0, 0x0, 0x2, 0xaf, 0x50, 0x0,
    0x0, 0x0, 0x0, 0x0, 0x2, 0xaf, 0xff, 0xb0,
    0x0, 0x0, 0x0, 0x0, 0x0, 0x9f, 0xff, 0xfe,
    0x40, 0x0, 0x0, 0x0, 0x0, 0x3, 0xff, 0xfe,
    0x60, 0x0, 0x0, 0x0, 0x0, 0x0, 0x0, 0xcd,
    0x60, 0x0, 0x0, 0x0, 0x0, 0x0, 0x0, 0x0,
    0x0, 0x0, 0x0, 0x0, 0x0, 0x0, 0x0, 0x0,
    0x0, 0x0, 0x0, 0x0, 0x0, 0x0, 0x0, 0x0,
    0x0, 0x0, 0x0, 0x0, 0x0, 0x0, 0x17, 0x20,
    0x0, 0x0, 0x0, 0x0, 0x0, 0x0, 0x1, 0xef,
    0xf0, 0x0, 0x0, 0x17, 0xbe, 0xff, 0xc7, 0x18,
    0xff, 0xd0, 0x0, 0x4, 0xef, 0xff, 0xff, 0xff,
    0xff, 0xf9, 0x0, 0x0, 0x4f, 0xff, 0xfb, 0x89,
    0xef, 0xff, 0xc0, 0x0, 0x0, 0xdf, 0xff, 0x50,
    0x0, 0x1d, 0xff, 0xf3, 0x0, 0x3, 0xff, 0xfc,
    0x0, 0x0, 0x5, 0xff, 0xfa, 0x0, 0x5, 0xff,
    0xf8, 0x0, 0x0, 0x1, 0xff, 0xfc, 0x0, 0x6,
    0xff, 0xf7, 0x0, 0x0, 0x0, 0xff, 0xfd, 0x0,
    0x5, 0xff, 0xf8, 0x0, 0x0, 0x1, 0xff, 0xfc,
    0x0, 0x2, 0xff, 0xfc, 0x0, 0x0, 0x5, 0xff,
    0xf9, 0x0, 0x0, 0xcf, 0xff, 0x60, 0x0, 0x2e,
    0xff, 0xf3, 0x0, 0x0, 0x3f, 0xff, 0xfb, 0x8a,
    0xff, 0xff, 0x90, 0x0, 0x0, 0x7, 0xff, 0xff,
    0xff, 0xff, 0xf8, 0x0, 0x0, 0x0, 0x5f, 0xfe,
    0xae, 0xfe, 0xc8, 0x20, 0x0, 0x0, 0x0, 0xef,
    0xf6, 0x0, 0x0, 0x0, 0x0, 0x0, 0x0, 0x0,
    0xff, 0xfd, 0x51, 0x0, 0x0, 0x0, 0x0, 0x0,
    0x0, 0xcf, 0xff, 0xff, 0xfc, 0xa8, 0x40, 0x0,
    0x0, 0x0, 0x1c, 0xff, 0xff, 0xff, 0xff, 0xff,
    0x80, 0x0, 0x0, 0x6f, 0xff, 0xea, 0xce, 0xff,
    0xff, 0xfc, 0x0, 0x6, 0xff, 0xf8, 0x0, 0x0,
    0x27, 0xff, 0xff, 0x70, 0xf, 0xff, 0xc0, 0x0,
    0x0, 0x0, 0x4f, 0xff, 0xc0, 0x2f, 0xff, 0x90,
    0x0, 0x0, 0x0, 0xf, 0xff, 0xd0, 0x2f, 0xff,
    0xd0, 0x0, 0x0, 0x0, 0x4f, 0xff, 0xb0, 0xd,
    0xff, 0xfa, 0x10, 0x0, 0x4, 0xef, 0xff, 0x60,
    0x4, 0xff, 0xff, 0xfc, 0xab, 0xdf, 0xff, 0xfb,
    0x0, 0x0, 0x2c, 0xff, 0xff, 0xff, 0xff, 0xff,
    0x90, 0x0, 0x0, 0x0, 0x38, 0xce, 0xff, 0xeb,
    0x71, 0x0, 0x0,

    /* U+0124 "Ĥ" */
    0x0, 0x0, 0x0, 0x2, 0xbe, 0x70, 0x0, 0x0,
    0x0, 0x0, 0x0, 0x0, 0x19, 0xff, 0xff, 0xe6,
    0x0, 0x0, 0x0, 0x0, 0x0, 0x6f, 0xff, 0xfd,
    0xff, 0xfd, 0x10, 0x0, 0x0, 0x0, 0xf, 0xff,
    0xa2, 0x5, 0xef, 0xf8, 0x0, 0x0, 0x0, 0x0,
    0xbc, 0x30, 0x0, 0x0, 0x7e, 0x40, 0x0, 0x0,
    0x0, 0x0, 0x0, 0x0, 0x0, 0x0, 0x0, 0x0,
    0x0, 0x0, 0x0, 0x0, 0x0, 0x0, 0x0, 0x0,
    0x0, 0x0, 0x0, 0x0, 0x0, 0x0, 0x0, 0x0,
    0x0, 0x0, 0x0, 0x0, 0x0, 0x0, 0x0, 0x0,
    0x0, 0x0, 0x0, 0x0, 0x0, 0x2, 0xdf, 0xd3,
    0x0, 0x0, 0x0, 0x0, 0x8, 0xff, 0x80, 0x7f,
    0xff, 0x80, 0x0, 0x0, 0x0, 0x0, 0xff, 0xff,
    0x7, 0xff, 0xf8, 0x0, 0x0, 0x0, 0x0, 0xf,
    0xff, 0xf0, 0x7f, 0xff, 0x80, 0x0, 0x0, 0x0,
    0x0, 0xff, 0xff, 0x7, 0xff, 0xf8, 0x0, 0x0,
    0x0, 0x0, 0xf, 0xff, 0xf0, 0x7f, 0xff, 0x80,
    0x0, 0x0, 0x0, 0x0, 0xff, 0xff, 0x7, 0xff,
    0xf8, 0x0, 0x0, 0x0, 0x0, 0xf, 0xff, 0xf0,
    0x7f, 0xff, 0x80, 0x0, 0x0, 0x0, 0x0, 0xff,
    0xff, 0x7, 0xff, 0xf8, 0x0, 0x0, 0x0, 0x0,
    0xf, 0xff, 0xf0, 0x7f, 0xff, 0x80, 0x0, 0x0,
    0x0, 0x0, 0xff, 0xff, 0x7, 0xff, 0xf8, 0x0,
    0x0, 0x0, 0x0, 0xf, 0xff, 0xf0, 0x7f, 0xff,
    0xff, 0xff, 0xff, 0xff, 0xff, 0xff, 0xff, 0x7,
    0xff, 0xff, 0xff, 0xff, 0xff, 0xff, 0xff, 0xff,
    0xf0, 0x7f, 0xff, 0xff, 0xff, 0xff, 0xff, 0xff,
    0xff, 0xff, 0x7, 0xff, 0xf9, 0x33, 0x33, 0x33,
    0x33, 0x3f, 0xff, 0xf0, 0x7f, 0xff, 0x80, 0x0,
    0x0, 0x0, 0x0, 0xff, 0xff, 0x7, 0xff, 0xf8,
    0x0, 0x0, 0x0, 0x0, 0xf, 0xff, 0xf0, 0x7f,
    0xff, 0x80, 0x0, 0x0, 0x0, 0x0, 0xff, 0xff,
    0x7, 0xff, 0xf8, 0x0, 0x0, 0x0, 0x0, 0xf,
    0xff, 0xf0, 0x7f, 0xff, 0x80, 0x0, 0x0, 0x0,
    0x0, 0xff, 0xff, 0x7, 0xff, 0xf8, 0x0, 0x0,
    0x0, 0x0, 0xf, 0xff, 0xf0, 0x7f, 0xff, 0x80,
    0x0, 0x0, 0x0, 0x0, 0xff, 0xff, 0x7, 0xff,
    0xf8, 0x0, 0x0, 0x0, 0x0, 0xf, 0xff, 0xf0,
    0x7f, 0xff, 0x80, 0x0, 0x0, 0x0, 0x0, 0xff,
    0xff, 0x7, 0xff, 0xf8, 0x0, 0x0, 0x0, 0x0,
    0xf, 0xff, 0xf0, 0x7f, 0xff, 0x80, 0x0, 0x0,
    0x0, 0x0, 0xff, 0xff, 0x2, 0xcf, 0xc2, 0x0,
    0x0, 0x0, 0x0, 0x7, 0xee, 0x80,

    /* U+0125 "ĥ" */
    0x0, 0x0, 0x6, 0x40, 0x0, 0x0, 0x0, 0x0,
    0x0, 0x0, 0x0, 0x7, 0xef, 0xfc, 0x40, 0x0,
    0x0, 0x0, 0x0, 0x0, 0x7, 0xef, 0xff, 0xff,
    0xfc, 0x40, 0x0, 0x0, 0x0, 0x0, 0x6f, 0xff,
    0x81, 0x4c, 0xff, 0xf0, 0x0, 0x0, 0x0, 0x0,
    0x3e, 0x91, 0x0, 0x0, 0x4c, 0xd0, 0x0, 0x0,
    0x0, 0x0, 0x0, 0x0, 0x0, 0x0, 0x0, 0x0,
    0x0, 0x0, 0x0, 0x0, 0x0, 0x0, 0x0, 0x0,
    0x0, 0x0, 0x0, 0x0, 0x0, 0x0, 0x0, 0x0,
    0x0, 0x0, 0x0, 0x0, 0x0, 0x0, 0x0, 0x0,
    0x0, 0x0, 0x0, 0x0, 0x0, 0x0, 0x0, 0x0,
    0x0, 0x0, 0x0, 0x0, 0x6e, 0xf9, 0x0, 0x0,
    0x0, 0x0, 0x0, 0x0, 0x0, 0x0, 0xdf, 0xff,
    0x10, 0x0, 0x0, 0x0, 0x0, 0x0, 0x0, 0x0,
    0xef, 0xff, 0x20, 0x0, 0x0, 0x0, 0x0, 0x0,
    0x0, 0x0, 0xef, 0xff, 0x20, 0x0, 0x0, 0x0,
    0x0, 0x0, 0x0, 0x0, 0xef, 0xff, 0x20, 0x0,
    0x0, 0x0, 0x0, 0x0, 0x0, 0x0, 0xef, 0xff,
    0x20, 0x0, 0x0, 0x0, 0x0, 0x0, 0x0, 0x0,
    0xef, 0xff, 0x20, 0x0, 0x0, 0x0, 0x0, 0x0,
    0x0, 0x0, 0xef, 0xff, 0x20, 0x0, 0x0, 0x0,
    0x0, 0x0, 0x0, 0x0, 0xef, 0xff, 0x20, 0x0,
    0x0, 0x0, 0x0, 0x0, 0x0, 0x0, 0xef, 0xff,
    0x20, 0x0, 0x0, 0x0, 0x0, 0x0, 0x0, 0x0,
    0xef, 0xff, 0x20, 0x6c, 0xee, 0xc5, 0x0, 0x0,
    0x0, 0x0, 0xef, 0xff, 0x2c, 0xff, 0xff, 0xff,
    0xc1, 0x0, 0x0, 0x0, 0xef, 0xff, 0xcf, 0xff,
    0xff, 0xff, 0xfd, 0x0, 0x0, 0x0, 0xef, 0xff,
    0xff, 0xc8, 0x9e, 0xff, 0xff, 0x80, 0x0, 0x0,
    0xef, 0xff, 0xf5, 0x0, 0x1, 0xbf, 0xff, 0xf0,
    0x0, 0x0, 0xef, 0xff, 0x80, 0x0, 0x0, 0x1e,
    0xff, 0xf5, 0x0, 0x0, 0xef, 0xff, 0x30, 0x0,
    0x0, 0x8, 0xff, 0xf7, 0x0, 0x0, 0xef, 0xff,
    0x20, 0x0, 0x0, 0x6, 0xff, 0xf9, 0x0, 0x0,
    0xef, 0xff, 0x20, 0x0, 0x0, 0x6, 0xff, 0xf9,
    0x0, 0x0, 0xef, 0xff, 0x20, 0x0, 0x0, 0x6,
    0xff, 0xf9, 0x0, 0x0, 0xef, 0xff, 0x20, 0x0,
    0x0, 0x6, 0xff, 0xf9, 0x0, 0x0, 0xef, 0xff,
    0x20, 0x0, 0x0, 0x6, 0xff, 0xf9, 0x0, 0x0,
    0xef, 0xff, 0x20, 0x0, 0x0, 0x6, 0xff, 0xf9,
    0x0, 0x0, 0xef, 0xff, 0x20, 0x0, 0x0, 0x6,
    0xff, 0xf9, 0x0, 0x0, 0xef, 0xff, 0x20, 0x0,
    0x0, 0x6, 0xff, 0xf9, 0x0, 0x0, 0xef, 0xff,
    0x20, 0x0, 0x0, 0x6, 0xff, 0xf9, 0x0, 0x0,
    0xdf, 0xff, 0x10, 0x0, 0x0, 0x6, 0xff, 0xf9,
    0x0, 0x0, 0x6e, 0xf8, 0x0, 0x0, 0x0, 0x1,
    0xbf, 0xd3,

    /* U+0126 "Ħ" */
    0x0, 0x2d, 0xfd, 0x30, 0x0, 0x0, 0x0, 0x0,
    0x8e, 0xf9, 0x0, 0x0, 0x7f, 0xff, 0x90, 0x0,
    0x0, 0x0, 0x0, 0xff, 0xff, 0x0, 0x0, 0x7f,
    0xff, 0x90, 0x0, 0x0, 0x0, 0x0, 0xff, 0xff,
    0x10, 0x0, 0x7f, 0xff, 0x90, 0x0, 0x0, 0x0,
    0x0, 0xff, 0xff, 0x10, 0x9, 0xdf, 0xff, 0xda,
    0xaa, 0xaa, 0xaa, 0xaa, 0xff, 0xff, 0xb5, 0x4f,
    0xff, 0xff, 0xff, 0xff, 0xff, 0xff, 0xff, 0xff,
    0xff, 0xfe, 0x1e, 0xff, 0xff, 0xff, 0xff, 0xff,
    0xff, 0xff, 0xff, 0xff, 0xfa, 0x0, 0x7f, 0xff,
    0x90, 0x0, 0x0, 0x0, 0x0, 0xff, 0xff, 0x10,
    0x0, 0x7f, 0xff, 0x90, 0x0, 0x0, 0x0, 0x0,
    0xff, 0xff, 0x10, 0x0, 0x7f, 0xff, 0x90, 0x0,
    0x0, 0x0, 0x0, 0xff, 0xff, 0x10, 0x0, 0x7f,
    0xff, 0x90, 0x0, 0x0, 0x0, 0x0, 0xff, 0xff,
    0x10, 0x0, 0x7f, 0xff, 0xff, 0xff, 0xff, 0xff,
    0xff, 0xff, 0xff, 0x10, 0x0, 0x7f, 0xff, 0xff,
    0xff, 0xff, 0xff, 0xff, 0xff, 0xff, 0x10, 0x0,
    0x7f, 0xff, 0xff, 0xff, 0xff, 0xff, 0xff, 0xff,
    0xff, 0x10, 0x0, 0x7f, 0xff, 0xa3, 0x33, 0x33,
    0x33, 0x33, 0xff, 0xff, 0x10, 0x0, 0x7f, 0xff,
    0x90, 0x0, 0x0, 0x0, 0x0, 0xff, 0xff, 0x10,
    0x0, 0x7f, 0xff, 0x90, 0x0, 0x0, 0x0, 0x0,
    0xff, 0xff, 0x10, 0x0, 0x7f, 0xff, 0x90, 0x0,
    0x0, 0x0, 0x0, 0xff, 0xff, 0x10, 0x0, 0x7f,
    0xff, 0x90, 0x0, 0x0, 0x0, 0x0, 0xff, 0xff,
    0x10, 0x0, 0x7f, 0xff, 0x90, 0x0, 0x0, 0x0,
    0x0, 0xff, 0xff, 0x10, 0x0, 0x7f, 0xff, 0x90,
    0x0, 0x0, 0x0, 0x0, 0xff, 0xff, 0x10, 0x0,
    0x7f, 0xff, 0x90, 0x0, 0x0, 0x0, 0x0, 0xff,
    0xff, 0x10, 0x0, 0x7f, 0xff, 0x90, 0x0, 0x0,
    0x0, 0x0, 0xff, 0xff, 0x10, 0x0, 0x7f, 0xff,
    0x90, 0x0, 0x0, 0x0, 0x0, 0xff, 0xff, 0x10,
    0x0, 0x7f, 0xff, 0x90, 0x0, 0x0, 0x0, 0x0,
    0xff, 0xff, 0x10, 0x0, 0x7f, 0xff, 0x80, 0x0,
    0x0, 0x0, 0x0, 0xff, 0xff, 0x0, 0x0, 0x1c,
    0xfd, 0x20, 0x0, 0x0, 0x0, 0x0, 0x7e, 0xf8,
    0x0,

    /* U+0127 "ħ" */
    0x0, 0x7, 0xef, 0xa0, 0x0, 0x0, 0x0, 0x0,
    0x0, 0x0, 0x0, 0xdf, 0xff, 0x10, 0x0, 0x0,
    0x0, 0x0, 0x0, 0x0, 0xe, 0xff, 0xf2, 0x0,
    0x0, 0x0, 0x0, 0x0, 0x0, 0x0, 0xef, 0xff,
    0x20, 0x0, 0x0, 0x0, 0x0, 0x0, 0xc, 0xff,
    0xff, 0xff, 0xff, 0xd1, 0x0, 0x0, 0x0, 0x3,
    0xff, 0xff, 0xff, 0xff, 0xff, 0x50, 0x0, 0x0,
    0x0, 0x8, 0xbf, 0xff, 0xfb, 0xbb, 0x80, 0x0,
    0x0, 0x0, 0x0, 0x0, 0xef, 0xff, 0x20, 0x0,
    0x0, 0x0, 0x0, 0x0, 0x0, 0xe, 0xff, 0xf2,
    0x0, 0x0, 0x0, 0x0, 0x0, 0x0, 0x0, 0xef,
    0xff, 0x20, 0x0, 0x0, 0x0, 0x0, 0x0, 0x0,
    0xe, 0xff, 0xf2, 0x6, 0xce, 0xec, 0x50, 0x0,
    0x0, 0x0, 0xef, 0xff, 0x2c, 0xff, 0xff, 0xff,
    0xc1, 0x0, 0x0, 0xe, 0xff, 0xfc, 0xff, 0xff,
    0xff, 0xff, 0xd0, 0x0, 0x0, 0xef, 0xff, 0xff,
    0xc8, 0x9e, 0xff, 0xff, 0x80, 0x0, 0xe, 0xff,
    0xff, 0x50, 0x0, 0x1b, 0xff, 0xff, 0x0, 0x0,
    0xef, 0xff, 0x80, 0x0, 0x0, 0x1e, 0xff, 0xf5,
    0x0, 0xe, 0xff, 0xf3, 0x0, 0x0, 0x0, 0x8f,
    0xff, 0x70, 0x0, 0xef, 0xff, 0x20, 0x0, 0x0,
    0x6, 0xff, 0xf9, 0x0, 0xe, 0xff, 0xf2, 0x0,
    0x0, 0x0, 0x6f, 0xff, 0x90, 0x0, 0xef, 0xff,
    0x20, 0x0, 0x0, 0x6, 0xff, 0xf9, 0x0, 0xe,
    0xff, 0xf2, 0x0, 0x0, 0x0, 0x6f, 0xff, 0x90,
    0x0, 0xef, 0xff, 0x20, 0x0, 0x0, 0x6, 0xff,
    0xf9, 0x0, 0xe, 0xff, 0xf2, 0x0, 0x0, 0x0,
    0x6f, 0xff, 0x90, 0x0, 0xef, 0xff, 0x20, 0x0,
    0x0, 0x6, 0xff, 0xf9, 0x0, 0xe, 0xff, 0xf2,
    0x0, 0x0, 0x0, 0x6f, 0xff, 0x90, 0x0, 0xef,
    0xff, 0x20, 0x0, 0x0, 0x6, 0xff, 0xf9, 0x0,
    0xd, 0xff, 0xf1, 0x0, 0x0, 0x0, 0x6f, 0xff,
    0x90, 0x0, 0x6e, 0xf8, 0x0, 0x0, 0x0, 0x1,
    0xbf, 0xd3,

    /* U+0128 "Ĩ" */
    0x2, 0x9b, 0x93, 0x0, 0x0, 0xa, 0x43, 0xff,
    0xff, 0xfb, 0x30, 0x2c, 0xfb, 0xaf, 0xff, 0xff,
    0xff, 0xff, 0xff, 0xba, 0xfc, 0x20, 0x3b, 0xff,
    0xff, 0xf4, 0x39, 0x0, 0x0, 0x3, 0x9b, 0x93,
    0x0, 0x0, 0x0, 0x0, 0x0, 0x0, 0x0, 0x0,
    0x0, 0x0, 0x0, 0x0, 0x0, 0x0, 0x0, 0x0,
    0x0, 0x0, 0x0, 0x0, 0x0, 0x0, 0x0, 0x0,
    0x0, 0x0, 0x0, 0x0, 0x2, 0xdf, 0xd3, 0x0,
    0x0, 0x0, 0x0, 0x7f, 0xff, 0x80, 0x0, 0x0,
    0x0, 0x7, 0xff, 0xf8, 0x0, 0x0, 0x0, 0x0,
    0x7f, 0xff, 0x80, 0x0, 0x0, 0x0, 0x7, 0xff,
    0xf8, 0x0, 0x0, 0x0, 0x0, 0x7f, 0xff, 0x80,
    0x0, 0x0, 0x0, 0x7, 0xff, 0xf8, 0x0, 0x0,
    0x0, 0x0, 0x7f, 0xff, 0x80, 0x0, 0x0, 0x0,
    0x7, 0xff, 0xf8, 0x0, 0x0, 0x0, 0x0, 0x7f,
    0xff, 0x80, 0x0, 0x0, 0x0, 0x7, 0xff, 0xf8,
    0x0, 0x0, 0x0, 0x0, 0x7f, 0xff, 0x80, 0x0,
    0x0, 0x0, 0x7, 0xff, 0xf8, 0x0, 0x0, 0x0,
    0x0, 0x7f, 0xff, 0x80, 0x0, 0x0, 0x0, 0x7,
    0xff, 0xf8, 0x0, 0x0, 0x0, 0x0, 0x7f, 0xff,
    0x80, 0x0, 0x0, 0x0, 0x7, 0xff, 0xf8, 0x0,
    0x0, 0x0, 0x0, 0x7f, 0xff, 0x80, 0x0, 0x0,
    0x0, 0x7, 0xff, 0xf8, 0x0, 0x0, 0x0, 0x0,
    0x7f, 0xff, 0x80, 0x0, 0x0, 0x0, 0x7, 0xff,
    0xf8, 0x0, 0x0, 0x0, 0x0, 0x7f, 0xff, 0x80,
    0x0, 0x0, 0x0, 0x7, 0xff, 0xf8, 0x0, 0x0,
    0x0, 0x0, 0x7f, 0xff, 0x80, 0x0, 0x0, 0x0,
    0x7, 0xff, 0xf8, 0x0, 0x0, 0x0, 0x0, 0x7f,
    0xff, 0x80, 0x0, 0x0, 0x0, 0x2, 0xcf, 0xd2,
    0x0, 0x0,

    /* U+0129 "ĩ" */
    0x2, 0xbe, 0xfd, 0x94, 0x10, 0x3b, 0xe1, 0xe,
    0xff, 0xff, 0xff, 0xff, 0xff, 0xf4, 0x2f, 0xff,
    0xcd, 0xff, 0xff, 0xff, 0xe1, 0x9, 0x81, 0x0,
    0x4, 0x9b, 0xb8, 0x10, 0x0, 0x0, 0x0, 0x0,
    0x0, 0x0, 0x0, 0x0, 0x0, 0x0, 0x0, 0x0,
    0x0, 0x0, 0x0, 0x0, 0x0, 0x0, 0x0, 0x0,
    0x0, 0x0, 0x0, 0x0, 0x0, 0x0, 0x0, 0x0,
    0x0, 0x0, 0x6, 0xef, 0x80, 0x0, 0x0, 0x0,
    0x0, 0xe, 0xff, 0xf1, 0x0, 0x0, 0x0, 0x0,
    0xe, 0xff, 0xf1, 0x0, 0x0, 0x0, 0x0, 0xe,
    0xff, 0xf1, 0x0, 0x0, 0x0, 0x0, 0xe, 0xff,
    0xf1, 0x0, 0x0, 0x0, 0x0, 0xe, 0xff, 0xf1,
    0x0, 0x0, 0x0, 0x0, 0xe, 0xff, 0xf1, 0x0,
    0x0, 0x0, 0x0, 0xe, 0xff, 0xf1, 0x0, 0x0,
    0x0, 0x0, 0xe, 0xff, 0xf1, 0x0, 0x0, 0x0,
    0x0, 0xe, 0xff, 0xf1, 0x0, 0x0, 0x0, 0x0,
    0xe, 0xff, 0xf1, 0x0, 0x0, 0x0, 0x0, 0xe,
    0xff, 0xf1, 0x0, 0x0, 0x0, 0x0, 0xe, 0xff,
    0xf1, 0x0, 0x0, 0x0, 0x0, 0xe, 0xff, 0xf1,
    0x0, 0x0, 0x0, 0x0, 0xe, 0xff, 0xf1, 0x0,
    0x0, 0x0, 0x0, 0xe, 0xff, 0xf1, 0x0, 0x0,
    0x0, 0x0, 0xe, 0xff, 0xf0, 0x0, 0x0, 0x0,
    0x0, 0x6, 0xee, 0x70, 0x0, 0x0,

    /* U+012A "Ī" */
    0x7f, 0xff, 0xff, 0xff, 0xff, 0x5c, 0xff, 0xff,
    0xff, 0xff, 0xfb, 0x3a, 0xbb, 0xbb, 0xbb, 0xba,
    0x30, 0x0, 0x0, 0x0, 0x0, 0x0, 0x0, 0x0,
    0x0, 0x0, 0x0, 0x0, 0x0, 0x0, 0x0, 0x0,
    0x0, 0x0, 0x0, 0x0, 0x0, 0x0, 0x0, 0x0,
    0x0, 0x0, 0x0, 0x0, 0x0, 0x2, 0xdf, 0xd3,
    0x0, 0x0, 0x0, 0x7f, 0xff, 0x80, 0x0, 0x0,
    0x7, 0xff, 0xf8, 0x0, 0x0, 0x0, 0x7f, 0xff,
    0x80, 0x0, 0x0, 0x7, 0xff, 0xf8, 0x0, 0x0,
    0x0, 0x7f, 0xff, 0x80, 0x0, 0x0, 0x7, 0xff,
    0xf8, 0x0, 0x0, 0x0, 0x7f, 0xff, 0x80, 0x0,
    0x0, 0x7, 0xff, 0xf8, 0x0, 0x0, 0x0, 0x7f,
    0xff, 0x80, 0x0, 0x0, 0x7, 0xff, 0xf8, 0x0,
    0x0, 0x0, 0x7f, 0xff, 0x80, 0x0, 0x0, 0x7,
    0xff, 0xf8, 0x0, 0x0, 0x0, 0x7f, 0xff, 0x80,
    0x0, 0x0, 0x7, 0xff, 0xf8, 0x0, 0x0, 0x0,
    0x7f, 0xff, 0x80, 0x0, 0x0, 0x7, 0xff, 0xf8,
    0x0, 0x0, 0x0, 0x7f, 0xff, 0x80, 0x0, 0x0,
    0x7, 0xff, 0xf8, 0x0, 0x0, 0x0, 0x7f, 0xff,
    0x80, 0x0, 0x0, 0x7, 0xff, 0xf8, 0x0, 0x0,
    0x0, 0x7f, 0xff, 0x80, 0x0, 0x0, 0x7, 0xff,
    0xf8, 0x0, 0x0, 0x0, 0x7f, 0xff, 0x80, 0x0,
    0x0, 0x7, 0xff, 0xf8, 0x0, 0x0, 0x0, 0x7f,
    0xff, 0x80, 0x0, 0x0, 0x2, 0xcf, 0xd2, 0x0,
    0x0,

    /* U+012B "ī" */
    0xc, 0xff, 0xff, 0xff, 0xff, 0xd1, 0x2f, 0xff,
    0xff, 0xff, 0xff, 0xf5, 0x7, 0xbb, 0xbb, 0xbb,
    0xbb, 0x90, 0x0, 0x0, 0x0, 0x0, 0x0, 0x0,
    0x0, 0x0, 0x0, 0x0, 0x0, 0x0, 0x0, 0x0,
    0x0, 0x0, 0x0, 0x0, 0x0, 0x0, 0x0, 0x0,
    0x0, 0x0, 0x0, 0x0, 0x0, 0x0, 0x0, 0x0,
    0x0, 0x0, 0x6e, 0xf8, 0x0, 0x0, 0x0, 0x0,
    0xef, 0xff, 0x10, 0x0, 0x0, 0x0, 0xef, 0xff,
    0x10, 0x0, 0x0, 0x0, 0xef, 0xff, 0x10, 0x0,
    0x0, 0x0, 0xef, 0xff, 0x10, 0x0, 0x0, 0x0,
    0xef, 0xff, 0x10, 0x0, 0x0, 0x0, 0xef, 0xff,
    0x10, 0x0, 0x0, 0x0, 0xef, 0xff, 0x10, 0x0,
    0x0, 0x0, 0xef, 0xff, 0x10, 0x0, 0x0, 0x0,
    0xef, 0xff, 0x10, 0x0, 0x0, 0x0, 0xef, 0xff,
    0x10, 0x0, 0x0, 0x0, 0xef, 0xff, 0x10, 0x0,
    0x0, 0x0, 0xef, 0xff, 0x10, 0x0, 0x0, 0x0,
    0xef, 0xff, 0x10, 0x0, 0x0, 0x0, 0xef, 0xff,
    0x10, 0x0, 0x0, 0x0, 0xef, 0xff, 0x10, 0x0,
    0x0, 0x0, 0xef, 0xff, 0x0, 0x0, 0x0, 0x0,
    0x6e, 0xe7, 0x0, 0x0,

    /* U+012C "Ĭ" */
    0x1f, 0xd0, 0x0, 0x0, 0xcf, 0x20, 0xff, 0x50,
    0x0, 0x5f, 0xf1, 0x8, 0xfe, 0x40, 0x4e, 0xf8,
    0x0, 0xa, 0xff, 0xff, 0xfa, 0x0, 0x0, 0x5,
    0xbd, 0xb5, 0x0, 0x0, 0x0, 0x0, 0x0, 0x0,
    0x0, 0x0, 0x0, 0x0, 0x0, 0x0, 0x0, 0x0,
    0x0, 0x0, 0x0, 0x0, 0x0, 0x0, 0x0, 0x0,
    0x0, 0x0, 0x0, 0x2d, 0xfd, 0x30, 0x0, 0x0,
    0x7, 0xff, 0xf8, 0x0, 0x0, 0x0, 0x7f, 0xff,
    0x80, 0x0, 0x0, 0x7, 0xff, 0xf8, 0x0, 0x0,
    0x0, 0x7f, 0xff, 0x80, 0x0, 0x0, 0x7, 0xff,
    0xf8, 0x0, 0x0, 0x0, 0x7f, 0xff, 0x80, 0x0,
    0x0, 0x7, 0xff, 0xf8, 0x0, 0x0, 0x0, 0x7f,
    0xff, 0x80, 0x0, 0x0, 0x7, 0xff, 0xf8, 0x0,
    0x0, 0x0, 0x7f, 0xff, 0x80, 0x0, 0x0, 0x7,
    0xff, 0xf8, 0x0, 0x0, 0x0, 0x7f, 0xff, 0x80,
    0x0, 0x0, 0x7, 0xff, 0xf8, 0x0, 0x0, 0x0,
    0x7f, 0xff, 0x80, 0x0, 0x0, 0x7, 0xff, 0xf8,
    0x0, 0x0, 0x0, 0x7f, 0xff, 0x80, 0x0, 0x0,
    0x7, 0xff, 0xf8, 0x0, 0x0, 0x0, 0x7f, 0xff,
    0x80, 0x0, 0x0, 0x7, 0xff, 0xf8, 0x0, 0x0,
    0x0, 0x7f, 0xff, 0x80, 0x0, 0x0, 0x7, 0xff,
    0xf8, 0x0, 0x0, 0x0, 0x7f, 0xff, 0x80, 0x0,
    0x0, 0x7, 0xff, 0xf8, 0x0, 0x0, 0x0, 0x7f,
    0xff, 0x80, 0x0, 0x0, 0x7, 0xff, 0xf8, 0x0,
    0x0, 0x0, 0x2c, 0xfd, 0x20, 0x0,

    /* U+012D "ĭ" */
    0x8f, 0x60, 0x0, 0x5, 0xfa, 0x6f, 0xe0, 0x0,
    0xd, 0xf8, 0xe, 0xfb, 0x21, 0xaf, 0xf2, 0x2,
    0xef, 0xff, 0xff, 0x30, 0x0, 0x18, 0xcc, 0x91,
    0x0, 0x0, 0x0, 0x0, 0x0, 0x0, 0x0, 0x0,
    0x0, 0x0, 0x0, 0x0, 0x0, 0x0, 0x0, 0x0,
    0x0, 0x0, 0x0, 0x0, 0x0, 0x0, 0x6, 0xef,
    0x80, 0x0, 0x0, 0xe, 0xff, 0xf1, 0x0, 0x0,
    0xe, 0xff, 0xf1, 0x0, 0x0, 0xe, 0xff, 0xf1,
    0x0, 0x0, 0xe, 0xff, 0xf1, 0x0, 0x0, 0xe,
    0xff, 0xf1, 0x0, 0x0, 0xe, 0xff, 0xf1, 0x0,
    0x0, 0xe, 0xff, 0xf1, 0x0, 0x0, 0xe, 0xff,
    0xf1, 0x0, 0x0, 0xe, 0xff, 0xf1, 0x0, 0x0,
    0xe, 0xff, 0xf1, 0x0, 0x0, 0xe, 0xff, 0xf1,
    0x0, 0x0, 0xe, 0xff, 0xf1, 0x0, 0x0, 0xe,
    0xff, 0xf1, 0x0, 0x0, 0xe, 0xff, 0xf1, 0x0,
    0x0, 0xe, 0xff, 0xf1, 0x0, 0x0, 0xe, 0xff,
    0xf0, 0x0, 0x0, 0x6, 0xee, 0x70, 0x0,

    /* U+012E "Į" */
    0x0, 0x2d, 0xfd, 0x30, 0x7, 0xff, 0xf8, 0x0,
    0x7f, 0xff, 0x80, 0x7, 0xff, 0xf8, 0x0, 0x7f,
    0xff, 0x80, 0x7, 0xff, 0xf8, 0x0, 0x7f, 0xff,
    0x80, 0x7, 0xff, 0xf8, 0x0, 0x7f, 0xff, 0x80,
    0x7, 0xff, 0xf8, 0x0, 0x7f, 0xff, 0x80, 0x7,
    0xff, 0xf8, 0x0, 0x7f, 0xff, 0x80, 0x7, 0xff,
    0xf8, 0x0, 0x7f, 0xff, 0x80, 0x7, 0xff, 0xf8,
    0x0, 0x7f, 0xff, 0x80, 0x7, 0xff, 0xf8, 0x0,
    0x7f, 0xff, 0x80, 0x7, 0xff, 0xf8, 0x0, 0x7f,
    0xff, 0x80, 0x7, 0xff, 0xf8, 0x0, 0x7f, 0xff,
    0x80, 0x7, 0xff, 0xf8, 0x0, 0x7f, 0xff, 0x80,
    0x7, 0xff, 0xf8, 0x0, 0x2f, 0xff, 0x20, 0x6,
    0xfc, 0x10, 0x3, 0xfe, 0x10, 0x0, 0xbf, 0x50,
    0x0, 0xf, 0xf0, 0x0, 0x2, 0xff, 0x0, 0x0,
    0x1f, 0xf8, 0x10, 0x0, 0x8f, 0xff, 0xd0, 0x0,
    0x39, 0xb9, 0x0,

    /* U+012F "į" */
    0x0, 0x7, 0x81, 0x0, 0x8, 0xff, 0xa0, 0x0,
    0xaf, 0xfc, 0x0, 0x2, 0xde, 0x40, 0x0, 0x0,
    0x0, 0x0, 0x0, 0x0, 0x0, 0x0, 0x0, 0x0,
    0x0, 0x0, 0x0, 0x0, 0x0, 0x6e, 0xf8, 0x0,
    0xe, 0xff, 0xf1, 0x0, 0xef, 0xff, 0x10, 0xe,
    0xff, 0xf1, 0x0, 0xef, 0xff, 0x10, 0xe, 0xff,
    0xf1, 0x0, 0xef, 0xff, 0x10, 0xe, 0xff, 0xf1,
    0x0, 0xef, 0xff, 0x10, 0xe, 0xff, 0xf1, 0x0,
    0xef, 0xff, 0x10, 0xe, 0xff, 0xf1, 0x0, 0xef,
    0xff, 0x10, 0xe, 0xff, 0xf1, 0x0, 0xef, 0xff,
    0x10, 0xe, 0xff, 0xf1, 0x0, 0xef, 0xff, 0x0,
    0x9, 0xff, 0x80, 0x2, 0xff, 0x30, 0x0, 0xdf,
    0x40, 0x0, 0x5f, 0xb0, 0x0, 0xa, 0xf5, 0x0,
    0x0, 0xcf, 0x40, 0x0, 0xb, 0xfc, 0x20, 0x0,
    0x3f, 0xff, 0xf3, 0x0, 0x17, 0xab, 0x20,

    /* U+0130 "İ" */
    0x3, 0x84, 0x1, 0xff, 0xf2, 0x3f, 0xff, 0x30,
    0x9f, 0xa0, 0x0, 0x0, 0x0, 0x0, 0x0, 0x0,
    0x0, 0x0, 0x0, 0x0, 0x2d, 0xfd, 0x37, 0xff,
    0xf8, 0x7f, 0xff, 0x87, 0xff, 0xf8, 0x7f, 0xff,
    0x87, 0xff, 0xf8, 0x7f, 0xff, 0x87, 0xff, 0xf8,
    0x7f, 0xff, 0x87, 0xff, 0xf8, 0x7f, 0xff, 0x87,
    0xff, 0xf8, 0x7f, 0xff, 0x87, 0xff, 0xf8, 0x7f,
    0xff, 0x87, 0xff, 0xf8, 0x7f, 0xff, 0x87, 0xff,
    0xf8, 0x7f, 0xff, 0x87, 0xff, 0xf8, 0x7f, 0xff,
    0x87, 0xff, 0xf8, 0x7f, 0xff, 0x87, 0xff, 0xf8,
    0x7f, 0xff, 0x87, 0xff, 0xf8, 0x2c, 0xfd, 0x20,

    /* U+0131 "ı" */
    0x6e, 0xf8, 0xe, 0xff, 0xf1, 0xef, 0xff, 0x1e,
    0xff, 0xf1, 0xef, 0xff, 0x1e, 0xff, 0xf1, 0xef,
    0xff, 0x1e, 0xff, 0xf1, 0xef, 0xff, 0x1e, 0xff,
    0xf1, 0xef, 0xff, 0x1e, 0xff, 0xf1, 0xef, 0xff,
    0x1e, 0xff, 0xf1, 0xef, 0xff, 0x1e, 0xff, 0xf1,
    0xef, 0xff, 0x6, 0xee, 0x70,

    /* U+0132 "Ĳ" */
    0x2d, 0xfd, 0x30, 0x0, 0x0, 0x0, 0x0, 0xa,
    0xff, 0xff, 0xff, 0xfe, 0x47, 0xff, 0xf8, 0x0,
    0x0, 0x0, 0x0, 0x1, 0xff, 0xff, 0xff, 0xff,
    0xfa, 0x7f, 0xff, 0x80, 0x0, 0x0, 0x0, 0x0,
    0xf, 0xff, 0xff, 0xff, 0xff, 0xa7, 0xff, 0xf8,
    0x0, 0x0, 0x0, 0x0, 0x0, 0x38, 0x88, 0x8b,
    0xff, 0xfa, 0x7f, 0xff, 0x80, 0x0, 0x0, 0x0,
    0x0, 0x0, 0x0, 0x0, 0x5f, 0xff, 0xa7, 0xff,
    0xf8, 0x0, 0x0, 0x0, 0x0, 0x0, 0x0, 0x0,
    0x5, 0xff, 0xfa, 0x7f, 0xff, 0x80, 0x0, 0x0,
    0x0, 0x0, 0x0, 0x0, 0x0, 0x5f, 0xff, 0xa7,
    0xff, 0xf8, 0x0, 0x0, 0x0, 0x0, 0x0, 0x0,
    0x0, 0x5, 0xff, 0xfa, 0x7f, 0xff, 0x80, 0x0,
    0x0, 0x0, 0x0, 0x0, 0x0, 0x0, 0x5f, 0xff,
    0xa7, 0xff, 0xf8, 0x0, 0x0, 0x0, 0x0, 0x0,
    0x0, 0x0, 0x5, 0xff, 0xfa, 0x7f, 0xff, 0x80,
    0x0, 0x0, 0x0, 0x0, 0x0, 0x0, 0x0, 0x5f,
    0xff, 0xa7, 0xff, 0xf8, 0x0, 0x0, 0x0, 0x0,
    0x0, 0x0, 0x0, 0x5, 0xff, 0xfa, 0x7f, 0xff,
    0x80, 0x0, 0x0, 0x0, 0x0, 0x0, 0x0, 0x0,
    0x5f, 0xff, 0xa7, 0xff, 0xf8, 0x0, 0x0, 0x0,
    0x0, 0x0, 0x0, 0x0, 0x5, 0xff, 0xfa, 0x7f,
    0xff, 0x80, 0x0, 0x0, 0x0, 0x0, 0x0, 0x0,
    0x0, 0x5f, 0xff, 0xa7, 0xff, 0xf8, 0x0, 0x0,
    0x0, 0x0, 0x0, 0x0, 0x0, 0x5, 0xff, 0xfa,
    0x7f, 0xff, 0x80, 0x0, 0x0, 0x0, 0x0, 0x0,
    0x0, 0x0, 0x5f, 0xff, 0xa7, 0xff, 0xf8, 0x0,
    0x0, 0x0, 0x0, 0x0, 0x0, 0x0, 0x5, 0xff,
    0xfa, 0x7f, 0xff, 0x80, 0x0, 0x8b, 0x91, 0x0,
    0x0, 0x0, 0x0, 0x5f, 0xff, 0xa7, 0xff, 0xf8,
    0x0, 0x5f, 0xff, 0x90, 0x0, 0x0, 0x0, 0x6,
    0xff, 0xfa, 0x7f, 0xff, 0x80, 0x6, 0xff, 0xfc,
    0x0, 0x0, 0x0, 0x0, 0x8f, 0xff, 0x87, 0xff,
    0xf8, 0x0, 0x4f, 0xff, 0xf2, 0x0, 0x0, 0x0,
    0xd, 0xff, 0xf5, 0x7f, 0xff, 0x80, 0x0, 0xff,
    0xff, 0xc0, 0x0, 0x0, 0x9, 0xff, 0xff, 0x17,
    0xff, 0xf8, 0x0, 0x7, 0xff, 0xff, 0xd8, 0x55,
    0x7d, 0xff, 0xff, 0x80, 0x7f, 0xff, 0x80, 0x0,
    0x9, 0xff, 0xff, 0xff, 0xff, 0xff, 0xff, 0xb0,
    0x7, 0xff, 0xf8, 0x0, 0x0, 0x6, 0xef, 0xff,
    0xff, 0xff, 0xff, 0x90, 0x0, 0x2c, 0xfd, 0x20,
    0x0, 0x0, 0x1, 0x6a, 0xdf, 0xfe, 0xc7, 0x20,
    0x0, 0x0,

    /* U+0133 "ĳ" */
    0x6, 0xee, 0x70, 0x0, 0x1b, 0xfc, 0x21, 0xff,
    0xff, 0x30, 0x9, 0xff, 0xfb, 0x2f, 0xff, 0xf3,
    0x0, 0xaf, 0xff, 0xc0, 0x8f, 0xf9, 0x0, 0x2,
    0xdf, 0xe3, 0x0, 0x0, 0x0, 0x0, 0x0, 0x10,
    0x0, 0x0, 0x0, 0x0, 0x0, 0x0, 0x0, 0x0,
    0x0, 0x0, 0x0, 0x0, 0x0, 0x0, 0x0, 0x0,
    0x0, 0x0, 0x0, 0x0, 0x0, 0x0, 0x0, 0x0,
    0x0, 0x0, 0x0, 0x6e, 0xf8, 0x0, 0x1, 0xcf,
    0xd3, 0xe, 0xff, 0xf1, 0x0, 0x6f, 0xff, 0x90,
    0xef, 0xff, 0x10, 0x6, 0xff, 0xf9, 0xe, 0xff,
    0xf1, 0x0, 0x6f, 0xff, 0x90, 0xef, 0xff, 0x10,
    0x6, 0xff, 0xf9, 0xe, 0xff, 0xf1, 0x0, 0x6f,
    0xff, 0x90, 0xef, 0xff, 0x10, 0x6, 0xff, 0xf9,
    0xe, 0xff, 0xf1, 0x0, 0x6f, 0xff, 0x90, 0xef,
    0xff, 0x10, 0x6, 0xff, 0xf9, 0xe, 0xff, 0xf1,
    0x0, 0x6f, 0xff, 0x90, 0xef, 0xff, 0x10, 0x6,
    0xff, 0xf9, 0xe, 0xff, 0xf1, 0x0, 0x6f, 0xff,
    0x90, 0xef, 0xff, 0x10, 0x6, 0xff, 0xf9, 0xe,
    0xff, 0xf1, 0x0, 0x6f, 0xff, 0x90, 0xef, 0xff,
    0x10, 0x6, 0xff, 0xf9, 0xe, 0xff, 0xf1, 0x0,
    0x6f, 0xff, 0x90, 0xef, 0xff, 0x0, 0x6, 0xff,
    0xf9, 0x6, 0xee, 0x70, 0x0, 0x6f, 0xff, 0x90,
    0x0, 0x0, 0x0, 0x6, 0xff, 0xf9, 0x0, 0x0,
    0x0, 0x0, 0x6f, 0xff, 0x90, 0x0, 0x0, 0x0,
    0x8, 0xff, 0xf8, 0x0, 0x0, 0x0, 0x0, 0xbf,
    0xff, 0x50, 0x0, 0x0, 0x5, 0x9f, 0xff, 0xf0,
    0x0, 0x0, 0xa, 0xff, 0xff, 0xf9, 0x0, 0x0,
    0x0, 0xdf, 0xff, 0xfc, 0x0, 0x0, 0x0, 0x6,
    0xef, 0xd8, 0x0, 0x0,

    /* U+0134 "Ĵ" */
    0x0, 0x0, 0x0, 0x0, 0x6d, 0xd6, 0x0, 0x0,
    0x0, 0x0, 0x0, 0x0, 0x6e, 0xff, 0xff, 0xe6,
    0x0, 0x0, 0x0, 0x0, 0x1d, 0xff, 0xfa, 0xaf,
    0xff, 0xd1, 0x0, 0x0, 0x0, 0x3f, 0xfa, 0x20,
    0x2, 0xaf, 0xf3, 0x0, 0x0, 0x0, 0x6, 0x20,
    0x0, 0x0, 0x2, 0x60, 0x0, 0x0, 0x0, 0x0,
    0x0, 0x0, 0x0, 0x0, 0x0, 0x0, 0x0, 0x0,
    0x0, 0x0, 0x0, 0x0, 0x0, 0x0, 0x0, 0x0,
    0x0, 0x0, 0x0, 0x0, 0x0, 0x0, 0x0, 0x0,
    0x0, 0x0, 0x0, 0x0, 0x0, 0x0, 0x0, 0x0,
    0x0, 0x0, 0x0, 0x0, 0x0, 0xbf, 0xff, 0xff,
    0xff, 0xd3, 0x0, 0x0, 0x0, 0x2, 0xff, 0xff,
    0xff, 0xff, 0xf9, 0x0, 0x0, 0x0, 0x0, 0xff,
    0xff, 0xff, 0xff, 0xfa, 0x0, 0x0, 0x0, 0x0,
    0x48, 0x88, 0x8b, 0xff, 0xfa, 0x0, 0x0, 0x0,
    0x0, 0x0, 0x0, 0x6, 0xff, 0xfa, 0x0, 0x0,
    0x0, 0x0, 0x0, 0x0, 0x6, 0xff, 0xfa, 0x0,
    0x0, 0x0, 0x0, 0x0, 0x0, 0x6, 0xff, 0xfa,
    0x0, 0x0, 0x0, 0x0, 0x0, 0x0, 0x6, 0xff,
    0xfa, 0x0, 0x0, 0x0, 0x0, 0x0, 0x0, 0x6,
    0xff, 0xfa, 0x0, 0x0, 0x0, 0x0, 0x0, 0x0,
    0x6, 0xff, 0xfa, 0x0, 0x0, 0x0, 0x0, 0x0,
    0x0, 0x6, 0xff, 0xfa, 0x0, 0x0, 0x0, 0x0,
    0x0, 0x0, 0x6, 0xff, 0xfa, 0x0, 0x0, 0x0,
    0x0, 0x0, 0x0, 0x6, 0xff, 0xfa, 0x0, 0x0,
    0x0, 0x0, 0x0, 0x0, 0x6, 0xff, 0xfa, 0x0,
    0x0, 0x0, 0x0, 0x0, 0x0, 0x6, 0xff, 0xfa,
    0x0, 0x0, 0x0, 0x0, 0x0, 0x0, 0x6, 0xff,
    0xfa, 0x0, 0x0, 0x0, 0x0, 0x0, 0x0, 0x6,
    0xff, 0xfa, 0x0, 0x0, 0x0, 0x0, 0x0, 0x0,
    0x6, 0xff, 0xfa, 0x1b, 0xec, 0x20, 0x0, 0x0,
    0x0, 0x6, 0xff, 0xf9, 0x6f, 0xff, 0x90, 0x0,
    0x0, 0x0, 0x7, 0xff, 0xf9, 0x7f, 0xff, 0xc0,
    0x0, 0x0, 0x0, 0x9, 0xff, 0xf8, 0x4f, 0xff,
    0xf3, 0x0, 0x0, 0x0, 0x1f, 0xff, 0xf5, 0xf,
    0xff, 0xfd, 0x10, 0x0, 0x1, 0xcf, 0xff, 0xf0,
    0x7, 0xff, 0xff, 0xfb, 0x88, 0xbf, 0xff, 0xff,
    0x80, 0x0, 0x9f, 0xff, 0xff, 0xff, 0xff, 0xff,
    0xfb, 0x0, 0x0, 0x6, 0xff, 0xff, 0xff, 0xff,
    0xff, 0x80, 0x0, 0x0, 0x0, 0x16, 0xbd, 0xff,
    0xec, 0x72, 0x0, 0x0,

    /* U+0135 "ĵ" */
    0x0, 0x0, 0x6d, 0xc4, 0x0, 0x0, 0x0, 0x4d,
    0xff, 0xff, 0xb2, 0x0, 0xb, 0xff, 0xfd, 0xff,
    0xff, 0x80, 0x5f, 0xfe, 0x70, 0x19, 0xff, 0xf2,
    0x2e, 0x91, 0x0, 0x0, 0x2b, 0xd0, 0x0, 0x0,
    0x0, 0x0, 0x0, 0x0, 0x0, 0x0, 0x0, 0x0,
    0x0, 0x0, 0x0, 0x0, 0x0, 0x0, 0x0, 0x0,
    0x0, 0x0, 0x0, 0x0, 0x0, 0x0, 0x0, 0x0,
    0x7e, 0xf8, 0x0, 0x0, 0x0, 0x0, 0xef, 0xff,
    0x10, 0x0, 0x0, 0x0, 0xef, 0xff, 0x10, 0x0,
    0x0, 0x0, 0xef, 0xff, 0x10, 0x0, 0x0, 0x0,
    0xef, 0xff, 0x10, 0x0, 0x0, 0x0, 0xef, 0xff,
    0x10, 0x0, 0x0, 0x0, 0xef, 0xff, 0x10, 0x0,
    0x0, 0x0, 0xef, 0xff, 0x10, 0x0, 0x0, 0x0,
    0xef, 0xff, 0x10, 0x0, 0x0, 0x0, 0xef, 0xff,
    0x10, 0x0, 0x0, 0x0, 0xef, 0xff, 0x10, 0x0,
    0x0, 0x0, 0xef, 0xff, 0x10, 0x0, 0x0, 0x0,
    0xef, 0xff, 0x10, 0x0, 0x0, 0x0, 0xef, 0xff,
    0x10, 0x0, 0x0, 0x0, 0xef, 0xff, 0x10, 0x0,
    0x0, 0x0, 0xef, 0xff, 0x10, 0x0, 0x0, 0x0,
    0xef, 0xff, 0x10, 0x0, 0x0, 0x0, 0xef, 0xff,
    0x10, 0x0, 0x0, 0x0, 0xef, 0xff, 0x10, 0x0,
    0x0, 0x0, 0xff, 0xff, 0x0, 0x0, 0x0, 0x0,
    0xff, 0xff, 0x0, 0x0, 0x0, 0x3, 0xff, 0xfc,
    0x0, 0x0, 0x3, 0x6d, 0xff, 0xf8, 0x0, 0x0,
    0x3f, 0xff, 0xff, 0xf1, 0x0, 0x0, 0x6f, 0xff,
    0xff, 0x50, 0x0, 0x0, 0x1c, 0xfe, 0xb3, 0x0,
    0x0, 0x0,

    /* U+0136 "Ķ" */
    0x2d, 0xfd, 0x30, 0x0, 0x0, 0x0, 0x2, 0xed,
    0x40, 0x7, 0xff, 0xf8, 0x0, 0x0, 0x0, 0x1,
    0xdf, 0xff, 0x10, 0x7f, 0xff, 0x80, 0x0, 0x0,
    0x0, 0xbf, 0xff, 0xf2, 0x7, 0xff, 0xf8, 0x0,
    0x0, 0x0, 0x7f, 0xff, 0xf6, 0x0, 0x7f, 0xff,
    0x80, 0x0, 0x0, 0x4f, 0xff, 0xf9, 0x0, 0x7,
    0xff, 0xf8, 0x0, 0x0, 0x1e, 0xff, 0xfb, 0x0,
    0x0, 0x7f, 0xff, 0x80, 0x0, 0xc, 0xff, 0xfd,
    0x10, 0x0, 0x7, 0xff, 0xf8, 0x0, 0x9, 0xff,
    0xff, 0x20, 0x0, 0x0, 0x7f, 0xff, 0x80, 0x5,
    0xff, 0xff, 0x40, 0x0, 0x0, 0x7, 0xff, 0xf8,
    0x2, 0xff, 0xff, 0x70, 0x0, 0x0, 0x0, 0x7f,
    0xff, 0x81, 0xdf, 0xff, 0xa0, 0x0, 0x0, 0x0,
    0x7, 0xff, 0xf8, 0xbf, 0xff, 0xd0, 0x0, 0x0,
    0x0, 0x0, 0x7f, 0xff, 0xef, 0xff, 0xff, 0x30,
    0x0, 0x0, 0x0, 0x7, 0xff, 0xff, 0xff, 0xff,
    0xfd, 0x0, 0x0, 0x0, 0x0, 0x7f, 0xff, 0xff,
    0xff, 0xff, 0xf9, 0x0, 0x0, 0x0, 0x7, 0xff,
    0xff, 0xf8, 0xaf, 0xff, 0xf4, 0x0, 0x0, 0x0,
    0x7f, 0xff, 0xfb, 0x0, 0xef, 0xff, 0xe1, 0x0,
    0x0, 0x7, 0xff, 0xfd, 0x10, 0x4, 0xff, 0xff,
    0xa0, 0x0, 0x0, 0x7f, 0xff, 0x80, 0x0, 0x9,
    0xff, 0xff, 0x50, 0x0, 0x7, 0xff, 0xf8, 0x0,
    0x0, 0xd, 0xff, 0xfe, 0x10, 0x0, 0x7f, 0xff,
    0x80, 0x0, 0x0, 0x3f, 0xff, 0xfb, 0x0, 0x7,
    0xff, 0xf8, 0x0, 0x0, 0x0, 0x8f, 0xff, 0xf6,
    0x0, 0x7f, 0xff, 0x80, 0x0, 0x0, 0x0, 0xcf,
    0xff, 0xf1, 0x7, 0xff, 0xf8, 0x0, 0x0, 0x0,
    0x2, 0xff, 0xff, 0xb0, 0x7f, 0xff, 0x80, 0x0,
    0x0, 0x0, 0x7, 0xff, 0xff, 0x57, 0xff, 0xf8,
    0x0, 0x0, 0x0, 0x0, 0xc, 0xff, 0xf6, 0x2c,
    0xfd, 0x20, 0x0, 0x0, 0x0, 0x0, 0x1d, 0xf9,
    0x0, 0x0, 0x0, 0x0, 0x0, 0x0, 0x0, 0x0,
    0x0, 0x0, 0x0, 0x0, 0x0, 0x0, 0x0, 0x10,
    0x0, 0x0, 0x0, 0x0, 0x0, 0x0, 0x0, 0x4,
    0xcf, 0x60, 0x0, 0x0, 0x0, 0x0, 0x0, 0x0,
    0x3b, 0xff, 0xfb, 0x0, 0x0, 0x0, 0x0, 0x0,
    0x0, 0xbf, 0xff, 0xfd, 0x30, 0x0, 0x0, 0x0,
    0x0, 0x0, 0x2f, 0xff, 0xd5, 0x0, 0x0, 0x0,
    0x0, 0x0, 0x0, 0x0, 0xbd, 0x50, 0x0, 0x0,
    0x0, 0x0, 0x0,

    /* U+0137 "ķ" */
    0x6e, 0xf9, 0x0, 0x0, 0x0, 0x0, 0x0, 0x0,
    0xdf, 0xff, 0x10, 0x0, 0x0, 0x0, 0x0, 0x0,
    0xef, 0xff, 0x20, 0x0, 0x0, 0x0, 0x0, 0x0,
    0xef, 0xff, 0x20, 0x0, 0x0, 0x0, 0x0, 0x0,
    0xef, 0xff, 0x20, 0x0, 0x0, 0x0, 0x0, 0x0,
    0xef, 0xff, 0x20, 0x0, 0x0, 0x0, 0x0, 0x0,
    0xef, 0xff, 0x20, 0x0, 0x0, 0x0, 0x0, 0x0,
    0xef, 0xff, 0x20, 0x0, 0x0, 0x0, 0x0, 0x0,
    0xef, 0xff, 0x20, 0x0, 0x0, 0x0, 0x0, 0x0,
    0xef, 0xff, 0x20, 0x0, 0x0, 0x0, 0x0, 0x0,
    0xef, 0xff, 0x20, 0x0, 0x0, 0x3, 0xdc, 0x20,
    0xef, 0xff, 0x20, 0x0, 0x0, 0x4f, 0xff, 0xb0,
    0xef, 0xff, 0x20, 0x0, 0x5, 0xff, 0xff, 0x90,
    0xef, 0xff, 0x20, 0x0, 0x6f, 0xff, 0xf9, 0x0,
    0xef, 0xff, 0x20, 0x8, 0xff, 0xff, 0x70, 0x0,
    0xef, 0xff, 0x20, 0x9f, 0xff, 0xf5, 0x0, 0x0,
    0xef, 0xff, 0x2a, 0xff, 0xff, 0x40, 0x0, 0x0,
    0xef, 0xff, 0xdf, 0xff, 0xfd, 0x0, 0x0, 0x0,
    0xef, 0xff, 0xff, 0xff, 0xff, 0xa0, 0x0, 0x0,
    0xef, 0xff, 0xff, 0xcf, 0xff, 0xf5, 0x0, 0x0,
    0xef, 0xff, 0xfb, 0x6, 0xff, 0xff, 0x10, 0x0,
    0xef, 0xff, 0xa0, 0x0, 0xbf, 0xff, 0xc0, 0x0,
    0xef, 0xff, 0x20, 0x0, 0x1e, 0xff, 0xf7, 0x0,
    0xef, 0xff, 0x20, 0x0, 0x4, 0xff, 0xff, 0x30,
    0xef, 0xff, 0x20, 0x0, 0x0, 0x9f, 0xff, 0xd0,
    0xef, 0xff, 0x20, 0x0, 0x0, 0xd, 0xff, 0xf9,
    0xdf, 0xff, 0x10, 0x0, 0x0, 0x3, 0xff, 0xfa,
    0x6e, 0xf8, 0x0, 0x0, 0x0, 0x0, 0x6f, 0xa1,
    0x0, 0x0, 0x0, 0x0, 0x0, 0x0, 0x0, 0x0,
    0x0, 0x0, 0x0, 0x0, 0x1, 0x0, 0x0, 0x0,
    0x0, 0x0, 0x0, 0x5, 0xdf, 0x40, 0x0, 0x0,
    0x0, 0x0, 0x4, 0xdf, 0xff, 0x80, 0x0, 0x0,
    0x0, 0x1, 0xcf, 0xff, 0xfc, 0x20, 0x0, 0x0,
    0x0, 0x5, 0xff, 0xfc, 0x40, 0x0, 0x0, 0x0,
    0x0, 0x0, 0xdc, 0x40, 0x0, 0x0, 0x0, 0x0,

    /* U+0138 "ĸ" */
    0x6e, 0xe8, 0x0, 0x0, 0x0, 0x3, 0xec, 0x20,
    0xef, 0xff, 0x10, 0x0, 0x0, 0x4f, 0xff, 0xb0,
    0xef, 0xff, 0x10, 0x0, 0x6, 0xff, 0xff, 0x80,
    0xef, 0xff, 0x10, 0x0, 0x7f, 0xff, 0xf8, 0x0,
    0xef, 0xff, 0x10, 0x9, 0xff, 0xff, 0x60, 0x0,
    0xef, 0xff, 0x10, 0xaf, 0xff, 0xf4, 0x0, 0x0,
    0xef, 0xff, 0x2c, 0xff, 0xfe, 0x20, 0x0, 0x0,
    0xef, 0xff, 0xdf, 0xff, 0xfd, 0x0, 0x0, 0x0,
    0xef, 0xff, 0xff, 0xff, 0xff, 0xa0, 0x0, 0x0,
    0xef, 0xff, 0xff, 0xbf, 0xff, 0xf5, 0x0, 0x0,
    0xef, 0xff, 0xfa, 0x6, 0xff, 0xff, 0x10, 0x0,
    0xef, 0xff, 0x80, 0x0, 0xbf, 0xff, 0xc0, 0x0,
    0xef, 0xff, 0x10, 0x0, 0x1e, 0xff, 0xf7, 0x0,
    0xef, 0xff, 0x10, 0x0, 0x4, 0xff, 0xff, 0x30,
    0xef, 0xff, 0x10, 0x0, 0x0, 0x9f, 0xff, 0xd0,
    0xef, 0xff, 0x10, 0x0, 0x0, 0xd, 0xff, 0xf8,
    0xef, 0xff, 0x0, 0x0, 0x0, 0x3, 0xff, 0xf9,
    0x6e, 0xe7, 0x0, 0x0, 0x0, 0x0, 0x7f, 0xa0,

    /* U+0139 "Ĺ" */
    0x0, 0x0, 0x0, 0x0, 0x5d, 0xc0, 0x0, 0x0,
    0x0, 0x0, 0x0, 0x5d, 0xff, 0xf3, 0x0, 0x0,
    0x0, 0x0, 0x3d, 0xff, 0xff, 0xa0, 0x0, 0x0,
    0x0, 0x0, 0xaf, 0xff, 0xb3, 0x0, 0x0, 0x0,
    0x0, 0x0, 0x4e, 0xb3, 0x0, 0x0, 0x0, 0x0,
    0x0, 0x0, 0x0, 0x0, 0x0, 0x0, 0x0, 0x0,
    0x0, 0x0, 0x0, 0x0, 0x0, 0x0, 0x0, 0x0,
    0x0, 0x0, 0x0, 0x0, 0x0, 0x0, 0x0, 0x0,
    0x0, 0x0, 0x0, 0x0, 0x0, 0x0, 0x0, 0x0,
    0x2d, 0xfd, 0x30, 0x0, 0x0, 0x0, 0x0, 0x0,
    0x7f, 0xff, 0x80, 0x0, 0x0, 0x0, 0x0, 0x0,
    0x7f, 0xff, 0x80, 0x0, 0x0, 0x0, 0x0, 0x0,
    0x7f, 0xff, 0x80, 0x0, 0x0, 0x0, 0x0, 0x0,
    0x7f, 0xff, 0x80, 0x0, 0x0, 0x0, 0x0, 0x0,
    0x7f, 0xff, 0x80, 0x0, 0x0, 0x0, 0x0, 0x0,
    0x7f, 0xff, 0x80, 0x0, 0x0, 0x0, 0x0, 0x0,
    0x7f, 0xff, 0x80, 0x0, 0x0, 0x0, 0x0, 0x0,
    0x7f, 0xff, 0x80, 0x0, 0x0, 0x0, 0x0, 0x0,
    0x7f, 0xff, 0x80, 0x0, 0x0, 0x0, 0x0, 0x0,
    0x7f, 0xff, 0x80, 0x0, 0x0, 0x0, 0x0, 0x0,
    0x7f, 0xff, 0x80, 0x0, 0x0, 0x0, 0x0, 0x0,
    0x7f, 0xff, 0x80, 0x0, 0x0, 0x0, 0x0, 0x0,
    0x7f, 0xff, 0x80, 0x0, 0x0, 0x0, 0x0, 0x0,
    0x7f, 0xff, 0x80, 0x0, 0x0, 0x0, 0x0, 0x0,
    0x7f, 0xff, 0x80, 0x0, 0x0, 0x0, 0x0, 0x0,
    0x7f, 0xff, 0x80, 0x0, 0x0, 0x0, 0x0, 0x0,
    0x7f, 0xff, 0x80, 0x0, 0x0, 0x0, 0x0, 0x0,
    0x7f, 0xff, 0x80, 0x0, 0x0, 0x0, 0x0, 0x0,
    0x7f, 0xff, 0x80, 0x0, 0x0, 0x0, 0x0, 0x0,
    0x7f, 0xff, 0x80, 0x0, 0x0, 0x0, 0x0, 0x0,
    0x7f, 0xff, 0x80, 0x0, 0x0, 0x0, 0x0, 0x0,
    0x7f, 0xff, 0x80, 0x0, 0x0, 0x0, 0x0, 0x0,
    0x7f, 0xff, 0xc8, 0x88, 0x88, 0x88, 0x88, 0x70,
    0x7f, 0xff, 0xff, 0xff, 0xff, 0xff, 0xff, 0xf7,
    0x7f, 0xff, 0xff, 0xff, 0xff, 0xff, 0xff, 0xf9,
    0x2d, 0xff, 0xff, 0xff, 0xff, 0xff, 0xff, 0xf3,

    /* U+013A "ĺ" */
    0x0, 0x0, 0x3b, 0xe2, 0x0, 0x3b, 0xff, 0xf7,
    0x1b, 0xff, 0xff, 0xd2, 0x6f, 0xff, 0xd5, 0x0,
    0x1d, 0xc5, 0x0, 0x0, 0x0, 0x0, 0x0, 0x0,
    0x0, 0x0, 0x0, 0x0, 0x3, 0xdf, 0xc1, 0x0,
    0x8, 0xff, 0xf6, 0x0, 0x9, 0xff, 0xf6, 0x0,
    0x9, 0xff, 0xf6, 0x0, 0x9, 0xff, 0xf6, 0x0,
    0x9, 0xff, 0xf6, 0x0, 0x9, 0xff, 0xf6, 0x0,
    0x9, 0xff, 0xf6, 0x0, 0x9, 0xff, 0xf6, 0x0,
    0x9, 0xff, 0xf6, 0x0, 0x9, 0xff, 0xf6, 0x0,
    0x9, 0xff, 0xf6, 0x0, 0x9, 0xff, 0xf6, 0x0,
    0x9, 0xff, 0xf6, 0x0, 0x9, 0xff, 0xf6, 0x0,
    0x9, 0xff, 0xf6, 0x0, 0x9, 0xff, 0xf6, 0x0,
    0x9, 0xff, 0xf6, 0x0, 0x9, 0xff, 0xf6, 0x0,
    0x9, 0xff, 0xf6, 0x0, 0x9, 0xff, 0xf6, 0x0,
    0x9, 0xff, 0xf6, 0x0, 0x9, 0xff, 0xf6, 0x0,
    0x9, 0xff, 0xf6, 0x0, 0x9, 0xff, 0xf6, 0x0,
    0x9, 0xff, 0xf6, 0x0, 0x8, 0xff, 0xf6, 0x0,
    0x2, 0xdf, 0xb1, 0x0,

    /* U+013B "Ļ" */
    0x2d, 0xfd, 0x30, 0x0, 0x0, 0x0, 0x0, 0x0,
    0x7f, 0xff, 0x80, 0x0, 0x0, 0x0, 0x0, 0x0,
    0x7f, 0xff, 0x80, 0x0, 0x0, 0x0, 0x0, 0x0,
    0x7f, 0xff, 0x80, 0x0, 0x0, 0x0, 0x0, 0x0,
    0x7f, 0xff, 0x80, 0x0, 0x0, 0x0, 0x0, 0x0,
    0x7f, 0xff, 0x80, 0x0, 0x0, 0x0, 0x0, 0x0,
    0x7f, 0xff, 0x80, 0x0, 0x0, 0x0, 0x0, 0x0,
    0x7f, 0xff, 0x80, 0x0, 0x0, 0x0, 0x0, 0x0,
    0x7f, 0xff, 0x80, 0x0, 0x0, 0x0, 0x0, 0x0,
    0x7f, 0xff, 0x80, 0x0, 0x0, 0x0, 0x0, 0x0,
    0x7f, 0xff, 0x80, 0x0, 0x0, 0x0, 0x0, 0x0,
    0x7f, 0xff, 0x80, 0x0, 0x0, 0x0, 0x0, 0x0,
    0x7f, 0xff, 0x80, 0x0, 0x0, 0x0, 0x0, 0x0,
    0x7f, 0xff, 0x80, 0x0, 0x0, 0x0, 0x0, 0x0,
    0x7f, 0xff, 0x80, 0x0, 0x0, 0x0, 0x0, 0x0,
    0x7f, 0xff, 0x80, 0x0, 0x0, 0x0, 0x0, 0x0,
    0x7f, 0xff, 0x80, 0x0, 0x0, 0x0, 0x0, 0x0,
    0x7f, 0xff, 0x80, 0x0, 0x0, 0x0, 0x0, 0x0,
    0x7f, 0xff, 0x80, 0x0, 0x0, 0x0, 0x0, 0x0,
    0x7f, 0xff, 0x80, 0x0, 0x0, 0x0, 0x0, 0x0,
    0x7f, 0xff, 0x80, 0x0, 0x0, 0x0, 0x0, 0x0,
    0x7f, 0xff, 0x80, 0x0, 0x0, 0x0, 0x0, 0x0,
    0x7f, 0xff, 0x80, 0x0, 0x0, 0x0, 0x0, 0x0,
    0x7f, 0xff, 0xc8, 0x88, 0x88, 0x88, 0x88, 0x70,
    0x7f, 0xff, 0xff, 0xff, 0xff, 0xff, 0xff, 0xf7,
    0x7f, 0xff, 0xff, 0xff, 0xff, 0xff, 0xff, 0xf9,
    0x2d, 0xff, 0xff, 0xff, 0xff, 0xff, 0xff, 0xf3,
    0x0, 0x0, 0x0, 0x0, 0x0, 0x0, 0x0, 0x0,
    0x0, 0x0, 0x0, 0x0, 0x1, 0x0, 0x0, 0x0,
    0x0, 0x0, 0x0, 0x2, 0xaf, 0x90, 0x0, 0x0,
    0x0, 0x0, 0x2, 0xaf, 0xff, 0xd0, 0x0, 0x0,
    0x0, 0x0, 0x9f, 0xff, 0xfe, 0x50, 0x0, 0x0,
    0x0, 0x0, 0xff, 0xfe, 0x70, 0x0, 0x0, 0x0,
    0x0, 0x0, 0x9e, 0x70, 0x0, 0x0, 0x0, 0x0,

    /* U+013C "ļ" */
    0x0, 0x3d, 0xfc, 0x10, 0x0, 0x8f, 0xff, 0x60,
    0x0, 0x9f, 0xff, 0x60, 0x0, 0x9f, 0xff, 0x60,
    0x0, 0x9f, 0xff, 0x60, 0x0, 0x9f, 0xff, 0x60,
    0x0, 0x9f, 0xff, 0x60, 0x0, 0x9f, 0xff, 0x60,
    0x0, 0x9f, 0xff, 0x60, 0x0, 0x9f, 0xff, 0x60,
    0x0, 0x9f, 0xff, 0x60, 0x0, 0x9f, 0xff, 0x60,
    0x0, 0x9f, 0xff, 0x60, 0x0, 0x9f, 0xff, 0x60,
    0x0, 0x9f, 0xff, 0x60, 0x0, 0x9f, 0xff, 0x60,
    0x0, 0x9f, 0xff, 0x60, 0x0, 0x9f, 0xff, 0x60,
    0x0, 0x9f, 0xff, 0x60, 0x0, 0x9f, 0xff, 0x60,
    0x0, 0x9f, 0xff, 0x60, 0x0, 0x9f, 0xff, 0x60,
    0x0, 0x9f, 0xff, 0x60, 0x0, 0x9f, 0xff, 0x60,
    0x0, 0x9f, 0xff, 0x60, 0x0, 0x9f, 0xff, 0x60,
    0x0, 0x8f, 0xff, 0x60, 0x0, 0x2d, 0xfb, 0x10,
    0x0, 0x0, 0x0, 0x0, 0x0, 0x0, 0x0, 0x10,
    0x0, 0x0, 0x3b, 0xf9, 0x0, 0x2a, 0xff, 0xfd,
    0x9, 0xff, 0xff, 0xe4, 0xf, 0xff, 0xe6, 0x0,
    0x9, 0xe7, 0x0, 0x0,

    /* U+013D "Ľ" */
    0x2d, 0xfd, 0x30, 0x0, 0x0, 0x9f, 0xd4, 0x0,
    0x7f, 0xff, 0x80, 0x0, 0x5, 0xff, 0xfe, 0x0,
    0x7f, 0xff, 0x80, 0x0, 0x6, 0xff, 0xfe, 0x0,
    0x7f, 0xff, 0x80, 0x0, 0x1, 0xdf, 0xf9, 0x0,
    0x7f, 0xff, 0x80, 0x0, 0x0, 0x5f, 0xf3, 0x0,
    0x7f, 0xff, 0x80, 0x0, 0x0, 0xbf, 0xd0, 0x0,
    0x7f, 0xff, 0x80, 0x0, 0x0, 0xff, 0x60, 0x0,
    0x7f, 0xff, 0x80, 0x0, 0x0, 0x8b, 0x0, 0x0,
    0x7f, 0xff, 0x80, 0x0, 0x0, 0x0, 0x0, 0x0,
    0x7f, 0xff, 0x80, 0x0, 0x0, 0x0, 0x0, 0x0,
    0x7f, 0xff, 0x80, 0x0, 0x0, 0x0, 0x0, 0x0,
    0x7f, 0xff, 0x80, 0x0, 0x0, 0x0, 0x0, 0x0,
    0x7f, 0xff, 0x80, 0x0, 0x0, 0x0, 0x0, 0x0,
    0x7f, 0xff, 0x80, 0x0, 0x0, 0x0, 0x0, 0x0,
    0x7f, 0xff, 0x80, 0x0, 0x0, 0x0, 0x0, 0x0,
    0x7f, 0xff, 0x80, 0x0, 0x0, 0x0, 0x0, 0x0,
    0x7f, 0xff, 0x80, 0x0, 0x0, 0x0, 0x0, 0x0,
    0x7f, 0xff, 0x80, 0x0, 0x0, 0x0, 0x0, 0x0,
    0x7f, 0xff, 0x80, 0x0, 0x0, 0x0, 0x0, 0x0,
    0x7f, 0xff, 0x80, 0x0, 0x0, 0x0, 0x0, 0x0,
    0x7f, 0xff, 0x80, 0x0, 0x0, 0x0, 0x0, 0x0,
    0x7f, 0xff, 0x80, 0x0, 0x0, 0x0, 0x0, 0x0,
    0x7f, 0xff, 0x80, 0x0, 0x0, 0x0, 0x0, 0x0,
    0x7f, 0xff, 0xc8, 0x88, 0x88, 0x88, 0x88, 0x70,
    0x7f, 0xff, 0xff, 0xff, 0xff, 0xff, 0xff, 0xf7,
    0x7f, 0xff, 0xff, 0xff, 0xff, 0xff, 0xff, 0xf9,
    0x2d, 0xff, 0xff, 0xff, 0xff, 0xff, 0xff, 0xf3,

    /* U+013E "ľ" */
    0x3d, 0xfc, 0x10, 0x0, 0x0, 0x0, 0x8f, 0xff,
    0x60, 0x8, 0xed, 0x40, 0x9f, 0xff, 0x60, 0x3f,
    0xff, 0xe0, 0x9f, 0xff, 0x60, 0x5f, 0xff, 0xf0,
    0x9f, 0xff, 0x60, 0x1e, 0xff, 0xc0, 0x9f, 0xff,
    0x60, 0x4, 0xff, 0x60, 0x9f, 0xff, 0x60, 0x9,
    0xfe, 0x0, 0x9f, 0xff, 0x60, 0xf, 0xf8, 0x0,
    0x9f, 0xff, 0x60, 0x7, 0xb1, 0x0, 0x9f, 0xff,
    0x60, 0x0, 0x0, 0x0, 0x9f, 0xff, 0x60, 0x0,
    0x0, 0x0, 0x9f, 0xff, 0x60, 0x0, 0x0, 0x0,
    0x9f, 0xff, 0x60, 0x0, 0x0, 0x0, 0x9f, 0xff,
    0x60, 0x0, 0x0, 0x0, 0x9f, 0xff, 0x60, 0x0,
    0x0, 0x0, 0x9f, 0xff, 0x60, 0x0, 0x0, 0x0,
    0x9f, 0xff, 0x60, 0x0, 0x0, 0x0, 0x9f, 0xff,
    0x60, 0x0, 0x0, 0x0, 0x9f, 0xff, 0x60, 0x0,
    0x0, 0x0, 0x9f, 0xff, 0x60, 0x0, 0x0, 0x0,
    0x9f, 0xff, 0x60, 0x0, 0x0, 0x0, 0x9f, 0xff,
    0x60, 0x0, 0x0, 0x0, 0x9f, 0xff, 0x60, 0x0,
    0x0, 0x0, 0x9f, 0xff, 0x60, 0x0, 0x0, 0x0,
    0x9f, 0xff, 0x60, 0x0, 0x0, 0x0, 0x9f, 0xff,
    0x60, 0x0, 0x0, 0x0, 0x8f, 0xff, 0x60, 0x0,
    0x0, 0x0, 0x2d, 0xfb, 0x10, 0x0, 0x0, 0x0,

    /* U+013F "Ŀ" */
    0x2d, 0xfd, 0x30, 0x0, 0x0, 0x0, 0x0, 0x0,
    0x7f, 0xff, 0x80, 0x0, 0x0, 0x0, 0x0, 0x0,
    0x7f, 0xff, 0x80, 0x0, 0x0, 0x0, 0x0, 0x0,
    0x7f, 0xff, 0x80, 0x0, 0x0, 0x0, 0x0, 0x0,
    0x7f, 0xff, 0x80, 0x0, 0x0, 0x0, 0x0, 0x0,
    0x7f, 0xff, 0x80, 0x0, 0x0, 0x0, 0x0, 0x0,
    0x7f, 0xff, 0x80, 0x0, 0x0, 0x0, 0x0, 0x0,
    0x7f, 0xff, 0x80, 0x0, 0x0, 0x0, 0x0, 0x0,
    0x7f, 0xff, 0x80, 0x0, 0x0, 0x0, 0x0, 0x0,
    0x7f, 0xff, 0x80, 0x0, 0x1, 0xbf, 0xc2, 0x0,
    0x7f, 0xff, 0x80, 0x0, 0xa, 0xff, 0xfc, 0x0,
    0x7f, 0xff, 0x80, 0x0, 0xb, 0xff, 0xfd, 0x0,
    0x7f, 0xff, 0x80, 0x0, 0x3, 0xef, 0xf4, 0x0,
    0x7f, 0xff, 0x80, 0x0, 0x0, 0x3, 0x0, 0x0,
    0x7f, 0xff, 0x80, 0x0, 0x0, 0x0, 0x0, 0x0,
    0x7f, 0xff, 0x80, 0x0, 0x0, 0x0, 0x0, 0x0,
    0x7f, 0xff, 0x80, 0x0, 0x0, 0x0, 0x0, 0x0,
    0x7f, 0xff, 0x80, 0x0, 0x0, 0x0, 0x0, 0x0,
    0x7f, 0xff, 0x80, 0x0, 0x0, 0x0, 0x0, 0x0,
    0x7f, 0xff, 0x80, 0x0, 0x0, 0x0, 0x0, 0x0,
    0x7f, 0xff, 0x80, 0x0, 0x0, 0x0, 0x0, 0x0,
    0x7f, 0xff, 0x80, 0x0, 0x0, 0x0, 0x0, 0x0,
    0x7f, 0xff, 0x80, 0x0, 0x0, 0x0, 0x0, 0x0,
    0x7f, 0xff, 0xc8, 0x88, 0x88, 0x88, 0x88, 0x70,
    0x7f, 0xff, 0xff, 0xff, 0xff, 0xff, 0xff, 0xf7,
    0x7f, 0xff, 0xff, 0xff, 0xff, 0xff, 0xff, 0xf9,
    0x2d, 0xff, 0xff, 0xff, 0xff, 0xff, 0xff, 0xf3,

    /* U+0140 "ŀ" */
    0x3d, 0xfc, 0x10, 0x0, 0x0, 0x0, 0x8f, 0xff,
    0x60, 0x0, 0x0, 0x0, 0x9f, 0xff, 0x60, 0x0,
    0x0, 0x0, 0x9f, 0xff, 0x60, 0x0, 0x0, 0x0,
    0x9f, 0xff, 0x60, 0x0, 0x0, 0x0, 0x9f, 0xff,
    0x60, 0x0, 0x0, 0x0, 0x9f, 0xff, 0x60, 0x0,
    0x0, 0x0, 0x9f, 0xff, 0x60, 0x0, 0x0, 0x0,
    0x9f, 0xff, 0x60, 0x0, 0x0, 0x0, 0x9f, 0xff,
    0x60, 0x0, 0x0, 0x0, 0x9f, 0xff, 0x60, 0x0,
    0x0, 0x0, 0x9f, 0xff, 0x60, 0x0, 0x0, 0x0,
    0x9f, 0xff, 0x60, 0x0, 0x0, 0x0, 0x9f, 0xff,
    0x60, 0x0, 0x0, 0x0, 0x9f, 0xff, 0x60, 0x0,
    0x31, 0x0, 0x9f, 0xff, 0x60, 0x1d, 0xff, 0x70,
    0x9f, 0xff, 0x60, 0x8f, 0xff, 0xf1, 0x9f, 0xff,
    0x60, 0x7f, 0xff, 0xf0, 0x9f, 0xff, 0x60, 0x9,
    0xfd, 0x40, 0x9f, 0xff, 0x60, 0x0, 0x0, 0x0,
    0x9f, 0xff, 0x60, 0x0, 0x0, 0x0, 0x9f, 0xff,
    0x60, 0x0, 0x0, 0x0, 0x9f, 0xff, 0x60, 0x0,
    0x0, 0x0, 0x9f, 0xff, 0x60, 0x0, 0x0, 0x0,
    0x9f, 0xff, 0x60, 0x0, 0x0, 0x0, 0x9f, 0xff,
    0x60, 0x0, 0x0, 0x0, 0x8f, 0xff, 0x60, 0x0,
    0x0, 0x0, 0x2d, 0xfb, 0x10, 0x0, 0x0, 0x0,

    /* U+0141 "Ł" */
    0x0, 0x0, 0xbf, 0xe5, 0x0, 0x0, 0x0, 0x0,
    0x0, 0x0, 0x0, 0x4f, 0xff, 0xc0, 0x0, 0x0,
    0x0, 0x0, 0x0, 0x0, 0x4, 0xff, 0xfc, 0x0,
    0x0, 0x0, 0x0, 0x0, 0x0, 0x0, 0x4f, 0xff,
    0xc0, 0x0, 0x0, 0x0, 0x0, 0x0, 0x0, 0x4,
    0xff, 0xfc, 0x0, 0x0, 0x0, 0x0, 0x0, 0x0,
    0x0, 0x4f, 0xff, 0xc0, 0x0, 0x0, 0x0, 0x0,
    0x0, 0x0, 0x4, 0xff, 0xfc, 0x0, 0x0, 0x0,
    0x0, 0x0, 0x0, 0x0, 0x4f, 0xff, 0xc0, 0x0,
    0x0, 0x0, 0x0, 0x0, 0x0, 0x4, 0xff, 0xfc,
    0x0, 0x0, 0x0, 0x0, 0x0, 0x0, 0x0, 0x4f,
    0xff, 0xc0, 0x0, 0x0, 0x0, 0x0, 0x0, 0x0,
    0x4, 0xff, 0xfc, 0x3, 0xba, 0x0, 0x0, 0x0,
    0x0, 0x0, 0x4f, 0xff, 0xda, 0xff, 0xf5, 0x0,
    0x0, 0x0, 0x0, 0x4, 0xff, 0xff, 0xff, 0xff,
    0x30, 0x0, 0x0, 0x0, 0x0, 0x6f, 0xff, 0xff,
    0xf9, 0x10, 0x0, 0x0, 0x0, 0x3, 0xcf, 0xff,
    0xff, 0x91, 0x0, 0x0, 0x0, 0x0, 0x0, 0xff,
    0xff, 0xff, 0xc0, 0x0, 0x0, 0x0, 0x0, 0x0,
    0xe, 0xff, 0xff, 0xfc, 0x0, 0x0, 0x0, 0x0,
    0x0, 0x0, 0x26, 0x5f, 0xff, 0xc0, 0x0, 0x0,
    0x0, 0x0, 0x0, 0x0, 0x4, 0xff, 0xfc, 0x0,
    0x0, 0x0, 0x0, 0x0, 0x0, 0x0, 0x4f, 0xff,
    0xc0, 0x0, 0x0, 0x0, 0x0, 0x0, 0x0, 0x4,
    0xff, 0xfc, 0x0, 0x0, 0x0, 0x0, 0x0, 0x0,
    0x0, 0x4f, 0xff, 0xc0, 0x0, 0x0, 0x0, 0x0,
    0x0, 0x0, 0x4, 0xff, 0xfc, 0x0, 0x0, 0x0,
    0x0, 0x0, 0x0, 0x0, 0x4f, 0xff, 0xe8, 0x88,
    0x88, 0x88, 0x88, 0x82, 0x0, 0x4, 0xff, 0xff,
    0xff, 0xff, 0xff, 0xff, 0xff, 0xb0, 0x0, 0x4f,
    0xff, 0xff, 0xff, 0xff, 0xff, 0xff, 0xfd, 0x0,
    0x0, 0xbf, 0xff, 0xff, 0xff, 0xff, 0xff, 0xff,
    0x70,

    /* U+0142 "ł" */
    0x0, 0x0, 0x8f, 0xe7, 0x0, 0x0, 0x0, 0x0,
    0xff, 0xff, 0x0, 0x0, 0x0, 0x0, 0xff, 0xff,
    0x0, 0x0, 0x0, 0x0, 0xff, 0xff, 0x0, 0x0,
    0x0, 0x0, 0xff, 0xff, 0x0, 0x0, 0x0, 0x0,
    0xff, 0xff, 0x0, 0x0, 0x0, 0x0, 0xff, 0xff,
    0x0, 0x0, 0x0, 0x0, 0xff, 0xff, 0x0, 0x0,
    0x0, 0x0, 0xff, 0xff, 0x0, 0x0, 0x0, 0x0,
    0xff, 0xff, 0x0, 0x0, 0x0, 0x0, 0xff, 0xff,
    0x0, 0x0, 0x0, 0x0, 0xff, 0xff, 0x5, 0x70,
    0x0, 0x0, 0xff, 0xff, 0xcf, 0xf7, 0x0, 0x0,
    0xff, 0xff, 0xff, 0xf8, 0x0, 0x6, 0xff, 0xff,
    0xfe, 0x60, 0x6, 0xdf, 0xff, 0xff, 0x70, 0x0,
    0x4f, 0xff, 0xff, 0xff, 0x0, 0x0, 0x2f, 0xfd,
    0xff, 0xff, 0x0, 0x0, 0x4, 0x50, 0xff, 0xff,
    0x0, 0x0, 0x0, 0x0, 0xff, 0xff, 0x0, 0x0,
    0x0, 0x0, 0xff, 0xff, 0x0, 0x0, 0x0, 0x0,
    0xff, 0xff, 0x0, 0x0, 0x0, 0x0, 0xff, 0xff,
    0x0, 0x0, 0x0, 0x0, 0xff, 0xff, 0x0, 0x0,
    0x0, 0x0, 0xff, 0xff, 0x0, 0x0, 0x0, 0x0,
    0xff, 0xff, 0x0, 0x0, 0x0, 0x0, 0xff, 0xff,
    0x0, 0x0, 0x0, 0x0, 0x7e, 0xe7, 0x0, 0x0,

    /* U+0143 "Ń" */
    0x0, 0x0, 0x0, 0x0, 0x0, 0x4b, 0xe2, 0x0,
    0x0, 0x0, 0x0, 0x0, 0x0, 0x3, 0xbf, 0xff,
    0x70, 0x0, 0x0, 0x0, 0x0, 0x0, 0x1b, 0xff,
    0xff, 0xc2, 0x0, 0x0, 0x0, 0x0, 0x0, 0x6,
    0xff, 0xfc, 0x50, 0x0, 0x0, 0x0, 0x0, 0x0,
    0x0, 0x1d, 0xc5, 0x0, 0x0, 0x0, 0x0, 0x0,
    0x0, 0x0, 0x0, 0x0, 0x0, 0x0, 0x0, 0x0,
    0x0, 0x0, 0x0, 0x0, 0x0, 0x0, 0x0, 0x0,
    0x0, 0x0, 0x0, 0x0, 0x0, 0x0, 0x0, 0x0,
    0x0, 0x0, 0x0, 0x0, 0x0, 0x0, 0x0, 0x0,
    0x0, 0x0, 0x0, 0x0, 0x0, 0x2, 0xcf, 0xd4,
    0x0, 0x0, 0x0, 0x0, 0x8, 0xef, 0x80, 0x7f,
    0xff, 0xf2, 0x0, 0x0, 0x0, 0x0, 0xff, 0xff,
    0x7, 0xff, 0xff, 0xb0, 0x0, 0x0, 0x0, 0xf,
    0xff, 0xf0, 0x7f, 0xff, 0xff, 0x30, 0x0, 0x0,
    0x0, 0xff, 0xff, 0x7, 0xff, 0xff, 0xfc, 0x0,
    0x0, 0x0, 0xf, 0xff, 0xf0, 0x7f, 0xff, 0xff,
    0xf4, 0x0, 0x0, 0x0, 0xff, 0xff, 0x7, 0xff,
    0xff, 0xff, 0xd0, 0x0, 0x0, 0xf, 0xff, 0xf0,
    0x7f, 0xff, 0xff, 0xff, 0x50, 0x0, 0x0, 0xff,
    0xff, 0x7, 0xff, 0xff, 0xff, 0xfd, 0x0, 0x0,
    0xf, 0xff, 0xf0, 0x7f, 0xff, 0xaf, 0xff, 0xf6,
    0x0, 0x0, 0xff, 0xff, 0x7, 0xff, 0xf8, 0x8f,
    0xff, 0xe0, 0x0, 0xf, 0xff, 0xf0, 0x7f, 0xff,
    0x80, 0xef, 0xff, 0x70, 0x0, 0xff, 0xff, 0x7,
    0xff, 0xf8, 0x6, 0xff, 0xfe, 0x0, 0xf, 0xff,
    0xf0, 0x7f, 0xff, 0x80, 0xd, 0xff, 0xf8, 0x0,
    0xff, 0xff, 0x7, 0xff, 0xf8, 0x0, 0x5f, 0xff,
    0xf1, 0xf, 0xff, 0xf0, 0x7f, 0xff, 0x80, 0x0,
    0xcf, 0xff, 0x90, 0xff, 0xff, 0x7, 0xff, 0xf8,
    0x0, 0x4, 0xff, 0xff, 0x1f, 0xff, 0xf0, 0x7f,
    0xff, 0x80, 0x0, 0xb, 0xff, 0xfa, 0xff, 0xff,
    0x7, 0xff, 0xf8, 0x0, 0x0, 0x3f, 0xff, 0xff,
    0xff, 0xf0, 0x7f, 0xff, 0x80, 0x0, 0x0, 0xaf,
    0xff, 0xff, 0xff, 0x7, 0xff, 0xf8, 0x0, 0x0,
    0x1, 0xff, 0xff, 0xff, 0xf0, 0x7f, 0xff, 0x80,
    0x0, 0x0, 0x8, 0xff, 0xff, 0xff, 0x7, 0xff,
    0xf8, 0x0, 0x0, 0x0, 0x1f, 0xff, 0xff, 0xf0,
    0x7f, 0xff, 0x80, 0x0, 0x0, 0x0, 0x7f, 0xff,
    0xff, 0x7, 0xff, 0xf8, 0x0, 0x0, 0x0, 0x0,
    0xef, 0xff, 0xf0, 0x7f, 0xff, 0x80, 0x0, 0x0,
    0x0, 0x5, 0xff, 0xff, 0x2, 0xcf, 0xd2, 0x0,
    0x0, 0x0, 0x0, 0x7, 0xee, 0x80,

    /* U+0144 "ń" */
    0x0, 0x0, 0x0, 0x0, 0x1, 0x62, 0x0, 0x0,
    0x0, 0x0, 0x0, 0x1, 0x8f, 0xfd, 0x0, 0x0,
    0x0, 0x0, 0x0, 0x8f, 0xff, 0xfd, 0x0, 0x0,
    0x0, 0x0, 0xd, 0xff, 0xff, 0x81, 0x0, 0x0,
    0x0, 0x0, 0xe, 0xff, 0x81, 0x0, 0x0, 0x0,
    0x0, 0x0, 0x2, 0x61, 0x0, 0x0, 0x0, 0x0,
    0x0, 0x0, 0x0, 0x0, 0x0, 0x0, 0x0, 0x0,
    0x0, 0x0, 0x0, 0x0, 0x0, 0x0, 0x0, 0x0,
    0x0, 0x0, 0x0, 0x0, 0x0, 0x0, 0x0, 0x0,
    0x6e, 0xe6, 0x1, 0x8d, 0xfe, 0xc5, 0x0, 0x0,
    0xef, 0xfd, 0x3e, 0xff, 0xff, 0xff, 0xb1, 0x0,
    0xef, 0xfe, 0xef, 0xff, 0xff, 0xff, 0xfc, 0x0,
    0xef, 0xff, 0xff, 0x84, 0x6c, 0xff, 0xff, 0x80,
    0xef, 0xff, 0xe2, 0x0, 0x0, 0x9f, 0xff, 0xe0,
    0xef, 0xff, 0x60, 0x0, 0x0, 0xd, 0xff, 0xf4,
    0xef, 0xff, 0x20, 0x0, 0x0, 0x8, 0xff, 0xf7,
    0xef, 0xff, 0x10, 0x0, 0x0, 0x7, 0xff, 0xf8,
    0xef, 0xff, 0x10, 0x0, 0x0, 0x7, 0xff, 0xf9,
    0xef, 0xff, 0x10, 0x0, 0x0, 0x7, 0xff, 0xf9,
    0xef, 0xff, 0x10, 0x0, 0x0, 0x7, 0xff, 0xf9,
    0xef, 0xff, 0x10, 0x0, 0x0, 0x7, 0xff, 0xf9,
    0xef, 0xff, 0x10, 0x0, 0x0, 0x7, 0xff, 0xf9,
    0xef, 0xff, 0x10, 0x0, 0x0, 0x7, 0xff, 0xf9,
    0xef, 0xff, 0x10, 0x0, 0x0, 0x7, 0xff, 0xf9,
    0xef, 0xff, 0x10, 0x0, 0x0, 0x7, 0xff, 0xf9,
    0xef, 0xff, 0x0, 0x0, 0x0, 0x6, 0xff, 0xf8,
    0x6e, 0xe7, 0x0, 0x0, 0x0, 0x1, 0xcf, 0xd2,

    /* U+0145 "Ņ" */
    0x2c, 0xfd, 0x40, 0x0, 0x0, 0x0, 0x0, 0x8e,
    0xf8, 0x7, 0xff, 0xff, 0x20, 0x0, 0x0, 0x0,
    0xf, 0xff, 0xf0, 0x7f, 0xff, 0xfb, 0x0, 0x0,
    0x0, 0x0, 0xff, 0xff, 0x7, 0xff, 0xff, 0xf3,
    0x0, 0x0, 0x0, 0xf, 0xff, 0xf0, 0x7f, 0xff,
    0xff, 0xc0, 0x0, 0x0, 0x0, 0xff, 0xff, 0x7,
    0xff, 0xff, 0xff, 0x40, 0x0, 0x0, 0xf, 0xff,
    0xf0, 0x7f, 0xff, 0xff, 0xfd, 0x0, 0x0, 0x0,
    0xff, 0xff, 0x7, 0xff, 0xff, 0xff, 0xf5, 0x0,
    0x0, 0xf, 0xff, 0xf0, 0x7f, 0xff, 0xff, 0xff,
    0xd0, 0x0, 0x0, 0xff, 0xff, 0x7, 0xff, 0xfa,
    0xff, 0xff, 0x60, 0x0, 0xf, 0xff, 0xf0, 0x7f,
    0xff, 0x88, 0xff, 0xfe, 0x0, 0x0, 0xff, 0xff,
    0x7, 0xff, 0xf8, 0xe, 0xff, 0xf7, 0x0, 0xf,
    0xff, 0xf0, 0x7f, 0xff, 0x80, 0x6f, 0xff, 0xe0,
    0x0, 0xff, 0xff, 0x7, 0xff, 0xf8, 0x0, 0xdf,
    0xff, 0x80, 0xf, 0xff, 0xf0, 0x7f, 0xff, 0x80,
    0x5, 0xff, 0xff, 0x10, 0xff, 0xff, 0x7, 0xff,
    0xf8, 0x0, 0xc, 0xff, 0xf9, 0xf, 0xff, 0xf0,
    0x7f, 0xff, 0x80, 0x0, 0x4f, 0xff, 0xf1, 0xff,
    0xff, 0x7, 0xff, 0xf8, 0x0, 0x0, 0xbf, 0xff,
    0xaf, 0xff, 0xf0, 0x7f, 0xff, 0x80, 0x0, 0x3,
    0xff, 0xff, 0xff, 0xff, 0x7, 0xff, 0xf8, 0x0,
    0x0, 0xa, 0xff, 0xff, 0xff, 0xf0, 0x7f, 0xff,
    0x80, 0x0, 0x0, 0x1f, 0xff, 0xff, 0xff, 0x7,
    0xff, 0xf8, 0x0, 0x0, 0x0, 0x8f, 0xff, 0xff,
    0xf0, 0x7f, 0xff, 0x80, 0x0, 0x0, 0x1, 0xff,
    0xff, 0xff, 0x7, 0xff, 0xf8, 0x0, 0x0, 0x0,
    0x7, 0xff, 0xff, 0xf0, 0x7f, 0xff, 0x80, 0x0,
    0x0, 0x0, 0xe, 0xff, 0xff, 0x7, 0xff, 0xf8,
    0x0, 0x0, 0x0, 0x0, 0x5f, 0xff, 0xf0, 0x2c,
    0xfd, 0x20, 0x0, 0x0, 0x0, 0x0, 0x7e, 0xe8,
    0x0, 0x0, 0x0, 0x0, 0x0, 0x0, 0x0, 0x0,
    0x0, 0x0, 0x0, 0x0, 0x0, 0x0, 0x0, 0x1,
    0x0, 0x0, 0x0, 0x0, 0x0, 0x0, 0x0, 0x0,
    0x3c, 0xf7, 0x0, 0x0, 0x0, 0x0, 0x0, 0x0,
    0x3, 0xbf, 0xff, 0xb0, 0x0, 0x0, 0x0, 0x0,
    0x0, 0xa, 0xff, 0xff, 0xd3, 0x0, 0x0, 0x0,
    0x0, 0x0, 0x2, 0xff, 0xfd, 0x50, 0x0, 0x0,
    0x0, 0x0, 0x0, 0x0, 0xb, 0xd6, 0x0, 0x0,
    0x0, 0x0, 0x0,

    /* U+0146 "ņ" */
    0x6e, 0xe6, 0x1, 0x8d, 0xfe, 0xc5, 0x0, 0x0,
    0xef, 0xfd, 0x3e, 0xff, 0xff, 0xff, 0xb1, 0x0,
    0xef, 0xfe, 0xef, 0xff, 0xff, 0xff, 0xfc, 0x0,
    0xef, 0xff, 0xff, 0x84, 0x6c, 0xff, 0xff, 0x80,
    0xef, 0xff, 0xe2, 0x0, 0x0, 0x9f, 0xff, 0xe0,
    0xef, 0xff, 0x60, 0x0, 0x0, 0xd, 0xff, 0xf4,
    0xef, 0xff, 0x20, 0x0, 0x0, 0x8, 0xff, 0xf7,
    0xef, 0xff, 0x10, 0x0, 0x0, 0x7, 0xff, 0xf8,
    0xef, 0xff, 0x10, 0x0, 0x0, 0x7, 0xff, 0xf9,
    0xef, 0xff, 0x10, 0x0, 0x0, 0x7, 0xff, 0xf9,
    0xef, 0xff, 0x10, 0x0, 0x0, 0x7, 0xff, 0xf9,
    0xef, 0xff, 0x10, 0x0, 0x0, 0x7, 0xff, 0xf9,
    0xef, 0xff, 0x10, 0x0, 0x0, 0x7, 0xff, 0xf9,
    0xef, 0xff, 0x10, 0x0, 0x0, 0x7, 0xff, 0xf9,
    0xef, 0xff, 0x10, 0x0, 0x0, 0x7, 0xff, 0xf9,
    0xef, 0xff, 0x10, 0x0, 0x0, 0x7, 0xff, 0xf9,
    0xef, 0xff, 0x0, 0x0, 0x0, 0x6, 0xff, 0xf8,
    0x6e, 0xe7, 0x0, 0x0, 0x0, 0x1, 0xcf, 0xd2,
    0x0, 0x0, 0x0, 0x0, 0x0, 0x0, 0x0, 0x0,
    0x0, 0x0, 0x0, 0x0, 0x0, 0x0, 0x0, 0x0,
    0x0, 0x0, 0x0, 0x1, 0x8f, 0xd0, 0x0, 0x0,
    0x0, 0x0, 0x1, 0x8f, 0xff, 0xf2, 0x0, 0x0,
    0x0, 0x0, 0x5e, 0xff, 0xff, 0x80, 0x0, 0x0,
    0x0, 0x0, 0xbf, 0xff, 0x91, 0x0, 0x0, 0x0,
    0x0, 0x0, 0x5e, 0x91, 0x0, 0x0, 0x0, 0x0,

    /* U+0147 "Ň" */
    0x0, 0x0, 0x43, 0x0, 0x0, 0x0, 0x6, 0x10,
    0x0, 0x0, 0x0, 0xd, 0xf8, 0x0, 0x0, 0x2c,
    0xf7, 0x0, 0x0, 0x0, 0x0, 0xaf, 0xfc, 0x20,
    0x5f, 0xff, 0x40, 0x0, 0x0, 0x0, 0x0, 0x8f,
    0xff, 0xbf, 0xfe, 0x40, 0x0, 0x0, 0x0, 0x0,
    0x0, 0x3e, 0xff, 0xfa, 0x10, 0x0, 0x0, 0x0,
    0x0, 0x0, 0x0, 0x1a, 0xe6, 0x0, 0x0, 0x0,
    0x0, 0x0, 0x0, 0x0, 0x0, 0x0, 0x0, 0x0,
    0x0, 0x0, 0x0, 0x0, 0x0, 0x0, 0x0, 0x0,
    0x0, 0x0, 0x0, 0x0, 0x0, 0x0, 0x0, 0x0,
    0x0, 0x0, 0x0, 0x0, 0x0, 0x0, 0x0, 0x0,
    0x0, 0x0, 0x0, 0x0, 0x0, 0x0, 0x0, 0x2c,
    0xfd, 0x40, 0x0, 0x0, 0x0, 0x0, 0x8e, 0xf8,
    0x7, 0xff, 0xff, 0x20, 0x0, 0x0, 0x0, 0xf,
    0xff, 0xf0, 0x7f, 0xff, 0xfb, 0x0, 0x0, 0x0,
    0x0, 0xff, 0xff, 0x7, 0xff, 0xff, 0xf3, 0x0,
    0x0, 0x0, 0xf, 0xff, 0xf0, 0x7f, 0xff, 0xff,
    0xc0, 0x0, 0x0, 0x0, 0xff, 0xff, 0x7, 0xff,
    0xff, 0xff, 0x40, 0x0, 0x0, 0xf, 0xff, 0xf0,
    0x7f, 0xff, 0xff, 0xfd, 0x0, 0x0, 0x0, 0xff,
    0xff, 0x7, 0xff, 0xff, 0xff, 0xf5, 0x0, 0x0,
    0xf, 0xff, 0xf0, 0x7f, 0xff, 0xff, 0xff, 0xd0,
    0x0, 0x0, 0xff, 0xff, 0x7, 0xff, 0xfa, 0xff,
    0xff, 0x60, 0x0, 0xf, 0xff, 0xf0, 0x7f, 0xff,
    0x88, 0xff, 0xfe, 0x0, 0x0, 0xff, 0xff, 0x7,
    0xff, 0xf8, 0xe, 0xff, 0xf7, 0x0, 0xf, 0xff,
    0xf0, 0x7f, 0xff, 0x80, 0x6f, 0xff, 0xe0, 0x0,
    0xff, 0xff, 0x7, 0xff, 0xf8, 0x0, 0xdf, 0xff,
    0x80, 0xf, 0xff, 0xf0, 0x7f, 0xff, 0x80, 0x5,
    0xff, 0xff, 0x10, 0xff, 0xff, 0x7, 0xff, 0xf8,
    0x0, 0xc, 0xff, 0xf9, 0xf, 0xff, 0xf0, 0x7f,
    0xff, 0x80, 0x0, 0x4f, 0xff, 0xf1, 0xff, 0xff,
    0x7, 0xff, 0xf8, 0x0, 0x0, 0xbf, 0xff, 0xaf,
    0xff, 0xf0, 0x7f, 0xff, 0x80, 0x0, 0x3, 0xff,
    0xff, 0xff, 0xff, 0x7, 0xff, 0xf8, 0x0, 0x0,
    0xa, 0xff, 0xff, 0xff, 0xf0, 0x7f, 0xff, 0x80,
    0x0, 0x0, 0x1f, 0xff, 0xff, 0xff, 0x7, 0xff,
    0xf8, 0x0, 0x0, 0x0, 0x8f, 0xff, 0xff, 0xf0,
    0x7f, 0xff, 0x80, 0x0, 0x0, 0x1, 0xff, 0xff,
    0xff, 0x7, 0xff, 0xf8, 0x0, 0x0, 0x0, 0x7,
    0xff, 0xff, 0xf0, 0x7f, 0xff, 0x80, 0x0, 0x0,
    0x0, 0xe, 0xff, 0xff, 0x7, 0xff, 0xf8, 0x0,
    0x0, 0x0, 0x0, 0x5f, 0xff, 0xf0, 0x2c, 0xfd,
    0x20, 0x0, 0x0, 0x0, 0x0, 0x7e, 0xe8, 0x0,

    /* U+0148 "ň" */
    0x0, 0x4e, 0x60, 0x0, 0x0, 0x1b, 0xb0, 0x0,
    0x0, 0x6f, 0xfa, 0x10, 0x4, 0xef, 0xe0, 0x0,
    0x0, 0x9, 0xff, 0xe4, 0x9f, 0xfe, 0x40, 0x0,
    0x0, 0x0, 0x5e, 0xff, 0xff, 0xb1, 0x0, 0x0,
    0x0, 0x0, 0x1, 0xbf, 0xf6, 0x0, 0x0, 0x0,
    0x0, 0x0, 0x0, 0x4, 0x10, 0x0, 0x0, 0x0,
    0x0, 0x0, 0x0, 0x0, 0x0, 0x0, 0x0, 0x0,
    0x0, 0x0, 0x0, 0x0, 0x0, 0x0, 0x0, 0x0,
    0x0, 0x0, 0x0, 0x0, 0x0, 0x0, 0x0, 0x0,
    0x6e, 0xe6, 0x1, 0x8d, 0xfe, 0xc5, 0x0, 0x0,
    0xef, 0xfd, 0x3e, 0xff, 0xff, 0xff, 0xb1, 0x0,
    0xef, 0xfe, 0xef, 0xff, 0xff, 0xff, 0xfc, 0x0,
    0xef, 0xff, 0xff, 0x84, 0x6c, 0xff, 0xff, 0x80,
    0xef, 0xff, 0xe2, 0x0, 0x0, 0x9f, 0xff, 0xe0,
    0xef, 0xff, 0x60, 0x0, 0x0, 0xd, 0xff, 0xf4,
    0xef, 0xff, 0x20, 0x0, 0x0, 0x8, 0xff, 0xf7,
    0xef, 0xff, 0x10, 0x0, 0x0, 0x7, 0xff, 0xf8,
    0xef, 0xff, 0x10, 0x0, 0x0, 0x7, 0xff, 0xf9,
    0xef, 0xff, 0x10, 0x0, 0x0, 0x7, 0xff, 0xf9,
    0xef, 0xff, 0x10, 0x0, 0x0, 0x7, 0xff, 0xf9,
    0xef, 0xff, 0x10, 0x0, 0x0, 0x7, 0xff, 0xf9,
    0xef, 0xff, 0x10, 0x0, 0x0, 0x7, 0xff, 0xf9,
    0xef, 0xff, 0x10, 0x0, 0x0, 0x7, 0xff, 0xf9,
    0xef, 0xff, 0x10, 0x0, 0x0, 0x7, 0xff, 0xf9,
    0xef, 0xff, 0x10, 0x0, 0x0, 0x7, 0xff, 0xf9,
    0xef, 0xff, 0x0, 0x0, 0x0, 0x6, 0xff, 0xf8,
    0x6e, 0xe7, 0x0, 0x0, 0x0, 0x1, 0xcf, 0xd2,

    /* U+014A "Ŋ" */
    0x2c, 0xfd, 0x40, 0x0, 0x0, 0x0, 0x0, 0x8e,
    0xf8, 0x7, 0xff, 0xff, 0x20, 0x0, 0x0, 0x0,
    0xf, 0xff, 0xf0, 0x7f, 0xff, 0xfb, 0x0, 0x0,
    0x0, 0x0, 0xff, 0xff, 0x7, 0xff, 0xff, 0xf3,
    0x0, 0x0, 0x0, 0xf, 0xff, 0xf0, 0x7f, 0xff,
    0xff, 0xc0, 0x0, 0x0, 0x0, 0xff, 0xff, 0x7,
    0xff, 0xff, 0xff, 0x40, 0x0, 0x0, 0xf, 0xff,
    0xf0, 0x7f, 0xff, 0xff, 0xfd, 0x0, 0x0, 0x0,
    0xff, 0xff, 0x7, 0xff, 0xff, 0xff, 0xf5, 0x0,
    0x0, 0xf, 0xff, 0xf0, 0x7f, 0xff, 0xff, 0xff,
    0xd0, 0x0, 0x0, 0xff, 0xff, 0x7, 0xff, 0xfa,
    0xff, 0xff, 0x60, 0x0, 0xf, 0xff, 0xf0, 0x7f,
    0xff, 0x88, 0xff, 0xfe, 0x0, 0x0, 0xff, 0xff,
    0x7, 0xff, 0xf8, 0xe, 0xff, 0xf7, 0x0, 0xf,
    0xff, 0xf0, 0x7f, 0xff, 0x80, 0x6f, 0xff, 0xe0,
    0x0, 0xff, 0xff, 0x7, 0xff, 0xf8, 0x0, 0xdf,
    0xff, 0x80, 0xf, 0xff, 0xf0, 0x7f, 0xff, 0x80,
    0x4, 0xff, 0xff, 0x10, 0xff, 0xff, 0x7, 0xff,
    0xf8, 0x0, 0xc, 0xff, 0xf9, 0xf, 0xff, 0xf0,
    0x7f, 0xff, 0x80, 0x0, 0x3f, 0xff, 0xf1, 0xff,
    0xff, 0x7, 0xff, 0xf8, 0x0, 0x0, 0xaf, 0xff,
    0xaf, 0xff, 0xf0, 0x7f, 0xff, 0x80, 0x0, 0x2,
    0xff, 0xff, 0xff, 0xff, 0x7, 0xff, 0xf8, 0x0,
    0x0, 0x8, 0xff, 0xff, 0xff, 0xf0, 0x7f, 0xff,
    0x80, 0x0, 0x0, 0x1e, 0xff, 0xff, 0xff, 0x7,
    0xff, 0xf8, 0x0, 0x0, 0x0, 0x7f, 0xff, 0xff,
    0xf0, 0x7f, 0xff, 0x80, 0x0, 0x0, 0x0, 0xdf,
    0xff, 0xff, 0x7, 0xff, 0xf8, 0x0, 0x0, 0x0,
    0x5, 0xff, 0xff, 0xf0, 0x7f, 0xff, 0x80, 0x0,
    0x0, 0x0, 0xc, 0xff, 0xff, 0x7, 0xff, 0xf8,
    0x0, 0x0, 0x0, 0x0, 0x4f, 0xff, 0xf0, 0x2c,
    0xfd, 0x20, 0x0, 0x0, 0x0, 0x0, 0xff, 0xff,
    0x0, 0x0, 0x0, 0x0, 0x0, 0x0, 0x0, 0xf,
    0xff, 0xf0, 0x0, 0x0, 0x0, 0x0, 0x0, 0x0,
    0x0, 0xff, 0xff, 0x0, 0x0, 0x0, 0x0, 0x0,
    0x0, 0x0, 0x1f, 0xff, 0xe0, 0x0, 0x0, 0x0,
    0x0, 0x0, 0x0, 0x4, 0xff, 0xfc, 0x0, 0x0,
    0x0, 0x0, 0x0, 0x0, 0x37, 0xef, 0xff, 0x70,
    0x0, 0x0, 0x0, 0x0, 0x0, 0x4f, 0xff, 0xff,
    0xe1, 0x0, 0x0, 0x0, 0x0, 0x0, 0x7, 0xff,
    0xff, 0xf5, 0x0, 0x0, 0x0, 0x0, 0x0, 0x0,
    0x1c, 0xfe, 0xa3, 0x0, 0x0,

    /* U+014B "ŋ" */
    0x6e, 0xe6, 0x1, 0x8d, 0xfe, 0xc5, 0x0, 0x0,
    0xef, 0xfd, 0x3e, 0xff, 0xff, 0xff, 0xc1, 0x0,
    0xef, 0xfe, 0xef, 0xff, 0xff, 0xff, 0xfd, 0x0,
    0xef, 0xff, 0xff, 0x84, 0x6c, 0xff, 0xff, 0x80,
    0xef, 0xff, 0xe2, 0x0, 0x0, 0x9f, 0xff, 0xf0,
    0xef, 0xff, 0x60, 0x0, 0x0, 0xd, 0xff, 0xf5,
    0xef, 0xff, 0x20, 0x0, 0x0, 0x8, 0xff, 0xf7,
    0xef, 0xff, 0x10, 0x0, 0x0, 0x7, 0xff, 0xf8,
    0xef, 0xff, 0x10, 0x0, 0x0, 0x7, 0xff, 0xf9,
    0xef, 0xff, 0x10, 0x0, 0x0, 0x7, 0xff, 0xf9,
    0xef, 0xff, 0x10, 0x0, 0x0, 0x7, 0xff, 0xf9,
    0xef, 0xff, 0x10, 0x0, 0x0, 0x7, 0xff, 0xf9,
    0xef, 0xff, 0x10, 0x0, 0x0, 0x7, 0xff, 0xf9,
    0xef, 0xff, 0x10, 0x0, 0x0, 0x7, 0xff, 0xf9,
    0xef, 0xff, 0x10, 0x0, 0x0, 0x7, 0xff, 0xf9,
    0xef, 0xff, 0x10, 0x0, 0x0, 0x7, 0xff, 0xf9,
    0xef, 0xff, 0x0, 0x0, 0x0, 0x7, 0xff, 0xf9,
    0x6e, 0xe7, 0x0, 0x0, 0x0, 0x7, 0xff, 0xf9,
    0x0, 0x0, 0x0, 0x0, 0x0, 0x7, 0xff, 0xf9,
    0x0, 0x0, 0x0, 0x0, 0x0, 0x7, 0xff, 0xf8,
    0x0, 0x0, 0x0, 0x0, 0x0, 0x8, 0xff, 0xf7,
    0x0, 0x0, 0x0, 0x0, 0x0, 0xc, 0xff, 0xf4,
    0x0, 0x0, 0x0, 0x0, 0x5, 0x9f, 0xff, 0xf0,
    0x0, 0x0, 0x0, 0x0, 0xbf, 0xff, 0xff, 0x80,
    0x0, 0x0, 0x0, 0x0, 0xef, 0xff, 0xfc, 0x0,
    0x0, 0x0, 0x0, 0x0, 0x6e, 0xfd, 0x70, 0x0,

    /* U+014C "Ō" */
    0x0, 0x1, 0xab, 0xbb, 0xbb, 0xbb, 0xb5, 0x0,
    0x0, 0x0, 0x7, 0xff, 0xff, 0xff, 0xff, 0xff,
    0x0, 0x0, 0x0, 0x3, 0xef, 0xff, 0xff, 0xff,
    0xfa, 0x0, 0x0, 0x0, 0x0, 0x0, 0x0, 0x0,
    0x0, 0x0, 0x0, 0x0, 0x0, 0x0, 0x0, 0x0,
    0x0, 0x0, 0x0, 0x0, 0x0, 0x0, 0x0, 0x0,
    0x0, 0x0, 0x0, 0x0, 0x0, 0x0, 0x0, 0x0,
    0x0, 0x0, 0x0, 0x0, 0x0, 0x0, 0x0, 0x0,
    0x0, 0x0, 0x0, 0x0, 0x0, 0x0, 0x0, 0x0,
    0x0, 0x0, 0x0, 0x0, 0x0, 0x0, 0x0, 0x0,
    0x0, 0x0, 0x0, 0x28, 0xce, 0xfe, 0xda, 0x50,
    0x0, 0x0, 0x0, 0x19, 0xff, 0xff, 0xff, 0xff,
    0xfe, 0x50, 0x0, 0x0, 0xcf, 0xff, 0xff, 0xff,
    0xff, 0xff, 0xf5, 0x0, 0xa, 0xff, 0xff, 0xea,
    0x89, 0xcf, 0xff, 0xff, 0x30, 0x2f, 0xff, 0xfa,
    0x0, 0x0, 0x4, 0xef, 0xff, 0xa0, 0x7f, 0xff,
    0xd0, 0x0, 0x0, 0x0, 0x5f, 0xff, 0xf0, 0xaf,
    0xff, 0x70, 0x0, 0x0, 0x0, 0xe, 0xff, 0xf2,
    0xbf, 0xff, 0x40, 0x0, 0x0, 0x0, 0xc, 0xff,
    0xf4, 0xcf, 0xff, 0x40, 0x0, 0x0, 0x0, 0xb,
    0xff, 0xf4, 0xcf, 0xff, 0x40, 0x0, 0x0, 0x0,
    0xb, 0xff, 0xf4, 0xcf, 0xff, 0x40, 0x0, 0x0,
    0x0, 0xb, 0xff, 0xf4, 0xcf, 0xff, 0x40, 0x0,
    0x0, 0x0, 0xb, 0xff, 0xf4, 0xcf, 0xff, 0x40,
    0x0, 0x0, 0x0, 0xb, 0xff, 0xf4, 0xcf, 0xff,
    0x40, 0x0, 0x0, 0x0, 0xb, 0xff, 0xf4, 0xcf,
    0xff, 0x40, 0x0, 0x0, 0x0, 0xb, 0xff, 0xf4,
    0xcf, 0xff, 0x40, 0x0, 0x0, 0x0, 0xb, 0xff,
    0xf4, 0xcf, 0xff, 0x40, 0x0, 0x0, 0x0, 0xb,
    0xff, 0xf4, 0xcf, 0xff, 0x40, 0x0, 0x0, 0x0,
    0xb, 0xff, 0xf4, 0xcf, 0xff, 0x40, 0x0, 0x0,
    0x0, 0xb, 0xff, 0xf4, 0xbf, 0xff, 0x40, 0x0,
    0x0, 0x0, 0xc, 0xff, 0xf4, 0xaf, 0xff, 0x70,
    0x0, 0x0, 0x0, 0xe, 0xff, 0xf2, 0x7f, 0xff,
    0xd0, 0x0, 0x0, 0x0, 0x5f, 0xff, 0xf0, 0x2f,
    0xff, 0xfa, 0x0, 0x0, 0x4, 0xef, 0xff, 0xa0,
    0xa, 0xff, 0xff, 0xea, 0x89, 0xcf, 0xff, 0xff,
    0x30, 0x0, 0xdf, 0xff, 0xff, 0xff, 0xff, 0xff,
    0xf6, 0x0, 0x0, 0x1a, 0xff, 0xff, 0xff, 0xff,
    0xfe, 0x50, 0x0, 0x0, 0x0, 0x38, 0xce, 0xff,
    0xda, 0x50, 0x0, 0x0,

    /* U+014D "ō" */
    0x0, 0xa, 0xff, 0xff, 0xff, 0xff, 0xe2, 0x0,
    0x0, 0x0, 0xff, 0xff, 0xff, 0xff, 0xff, 0x70,
    0x0, 0x0, 0x6, 0xbb, 0xbb, 0xbb, 0xbb, 0x91,
    0x0, 0x0, 0x0, 0x0, 0x0, 0x0, 0x0, 0x0,
    0x0, 0x0, 0x0, 0x0, 0x0, 0x0, 0x0, 0x0,
    0x0, 0x0, 0x0, 0x0, 0x0, 0x0, 0x0, 0x0,
    0x0, 0x0, 0x0, 0x0, 0x0, 0x0, 0x0, 0x0,
    0x0, 0x0, 0x0, 0x0, 0x0, 0x0, 0x0, 0x0,
    0x0, 0x0, 0x0, 0x0, 0x0, 0x0, 0x18, 0xcf,
    0xfd, 0xa4, 0x0, 0x0, 0x0, 0x0, 0x6f, 0xff,
    0xff, 0xff, 0xfb, 0x10, 0x0, 0x0, 0x8f, 0xff,
    0xff, 0xff, 0xff, 0xfe, 0x20, 0x0, 0x6f, 0xff,
    0xfe, 0x98, 0xbf, 0xff, 0xfd, 0x0, 0xe, 0xff,
    0xfa, 0x0, 0x0, 0x4f, 0xff, 0xf7, 0x5, 0xff,
    0xfe, 0x0, 0x0, 0x0, 0x6f, 0xff, 0xd0, 0x8f,
    0xff, 0x80, 0x0, 0x0, 0x0, 0xff, 0xff, 0x9,
    0xff, 0xf6, 0x0, 0x0, 0x0, 0xe, 0xff, 0xf1,
    0x9f, 0xff, 0x60, 0x0, 0x0, 0x0, 0xef, 0xff,
    0x19, 0xff, 0xf6, 0x0, 0x0, 0x0, 0xe, 0xff,
    0xf1, 0x9f, 0xff, 0x60, 0x0, 0x0, 0x0, 0xef,
    0xff, 0x18, 0xff, 0xf8, 0x0, 0x0, 0x0, 0xf,
    0xff, 0xf0, 0x4f, 0xff, 0xe0, 0x0, 0x0, 0x7,
    0xff, 0xfc, 0x0, 0xef, 0xff, 0xb0, 0x0, 0x4,
    0xff, 0xff, 0x60, 0x5, 0xff, 0xff, 0xe9, 0x8b,
    0xff, 0xff, 0xc0, 0x0, 0x7, 0xff, 0xff, 0xff,
    0xff, 0xff, 0xd1, 0x0, 0x0, 0x5, 0xff, 0xff,
    0xff, 0xff, 0xa1, 0x0, 0x0, 0x0, 0x1, 0x8c,
    0xff, 0xea, 0x40, 0x0, 0x0,

    /* U+014E "Ŏ" */
    0x0, 0x0, 0x57, 0x0, 0x0, 0x3, 0x71, 0x0,
    0x0, 0x0, 0x0, 0xdf, 0x70, 0x0, 0xe, 0xf6,
    0x0, 0x0, 0x0, 0x0, 0x7f, 0xf4, 0x0, 0xaf,
    0xf1, 0x0, 0x0, 0x0, 0x0, 0xa, 0xff, 0xef,
    0xff, 0x30, 0x0, 0x0, 0x0, 0x0, 0x0, 0x6c,
    0xfe, 0xa2, 0x0, 0x0, 0x0, 0x0, 0x0, 0x0,
    0x0, 0x0, 0x0, 0x0, 0x0, 0x0, 0x0, 0x0,
    0x0, 0x0, 0x0, 0x0, 0x0, 0x0, 0x0, 0x0,
    0x0, 0x0, 0x0, 0x0, 0x0, 0x0, 0x0, 0x0,
    0x0, 0x0, 0x0, 0x0, 0x0, 0x0, 0x0, 0x0,
    0x0, 0x0, 0x0, 0x0, 0x0, 0x0, 0x0, 0x0,
    0x0, 0x0, 0x0, 0x0, 0x28, 0xce, 0xfe, 0xda,
    0x50, 0x0, 0x0, 0x0, 0x19, 0xff, 0xff, 0xff,
    0xff, 0xfe, 0x50, 0x0, 0x0, 0xcf, 0xff, 0xff,
    0xff, 0xff, 0xff, 0xf5, 0x0, 0xa, 0xff, 0xff,
    0xea, 0x89, 0xcf, 0xff, 0xff, 0x30, 0x2f, 0xff,
    0xfa, 0x0, 0x0, 0x4, 0xef, 0xff, 0xa0, 0x7f,
    0xff, 0xd0, 0x0, 0x0, 0x0, 0x5f, 0xff, 0xf0,
    0xaf, 0xff, 0x70, 0x0, 0x0, 0x0, 0xe, 0xff,
    0xf2, 0xbf, 0xff, 0x40, 0x0, 0x0, 0x0, 0xc,
    0xff, 0xf4, 0xcf, 0xff, 0x40, 0x0, 0x0, 0x0,
    0xb, 0xff, 0xf4, 0xcf, 0xff, 0x40, 0x0, 0x0,
    0x0, 0xb, 0xff, 0xf4, 0xcf, 0xff, 0x40, 0x0,
    0x0, 0x0, 0xb, 0xff, 0xf4, 0xcf, 0xff, 0x40,
    0x0, 0x0, 0x0, 0xb, 0xff, 0xf4, 0xcf, 0xff,
    0x40, 0x0, 0x0, 0x0, 0xb, 0xff, 0xf4, 0xcf,
    0xff, 0x40, 0x0, 0x0, 0x0, 0xb, 0xff, 0xf4,
    0xcf, 0xff, 0x40, 0x0, 0x0, 0x0, 0xb, 0xff,
    0xf4, 0xcf, 0xff, 0x40, 0x0, 0x0, 0x0, 0xb,
    0xff, 0xf4, 0xcf, 0xff, 0x40, 0x0, 0x0, 0x0,
    0xb, 0xff, 0xf4, 0xcf, 0xff, 0x40, 0x0, 0x0,
    0x0, 0xb, 0xff, 0xf4, 0xcf, 0xff, 0x40, 0x0,
    0x0, 0x0, 0xb, 0xff, 0xf4, 0xbf, 0xff, 0x40,
    0x0, 0x0, 0x0, 0xc, 0xff, 0xf4, 0xaf, 0xff,
    0x70, 0x0, 0x0, 0x0, 0xe, 0xff, 0xf2, 0x7f,
    0xff, 0xd0, 0x0, 0x0, 0x0, 0x5f, 0xff, 0xf0,
    0x2f, 0xff, 0xfa, 0x0, 0x0, 0x4, 0xef, 0xff,
    0xa0, 0xa, 0xff, 0xff, 0xea, 0x89, 0xcf, 0xff,
    0xff, 0x30, 0x0, 0xdf, 0xff, 0xff, 0xff, 0xff,
    0xff, 0xf6, 0x0, 0x0, 0x1a, 0xff, 0xff, 0xff,
    0xff, 0xfe, 0x50, 0x0, 0x0, 0x0, 0x38, 0xce,
    0xff, 0xda, 0x50, 0x0, 0x0,

    /* U+014F "ŏ" */
    0x0, 0x5, 0xf9, 0x0, 0x0, 0x3f, 0xc0, 0x0,
    0x0, 0x0, 0x4f, 0xf1, 0x0, 0xa, 0xfb, 0x0,
    0x0, 0x0, 0x0, 0xcf, 0xc3, 0x7, 0xff, 0x40,
    0x0, 0x0, 0x0, 0x1, 0xdf, 0xff, 0xff, 0x60,
    0x0, 0x0, 0x0, 0x0, 0x0, 0x7c, 0xc9, 0x30,
    0x0, 0x0, 0x0, 0x0, 0x0, 0x0, 0x0, 0x0,
    0x0, 0x0, 0x0, 0x0, 0x0, 0x0, 0x0, 0x0,
    0x0, 0x0, 0x0, 0x0, 0x0, 0x0, 0x0, 0x0,
    0x0, 0x0, 0x0, 0x0, 0x0, 0x0, 0x0, 0x0,
    0x0, 0x0, 0x0, 0x0, 0x0, 0x0, 0x1, 0x8c,
    0xff, 0xda, 0x40, 0x0, 0x0, 0x0, 0x6, 0xff,
    0xff, 0xff, 0xff, 0xb1, 0x0, 0x0, 0x8, 0xff,
    0xff, 0xff, 0xff, 0xff, 0xe2, 0x0, 0x6, 0xff,
    0xff, 0xe9, 0x8b, 0xff, 0xff, 0xd0, 0x0, 0xef,
    0xff, 0xa0, 0x0, 0x4, 0xff, 0xff, 0x70, 0x5f,
    0xff, 0xe0, 0x0, 0x0, 0x6, 0xff, 0xfd, 0x8,
    0xff, 0xf8, 0x0, 0x0, 0x0, 0xf, 0xff, 0xf0,
    0x9f, 0xff, 0x60, 0x0, 0x0, 0x0, 0xef, 0xff,
    0x19, 0xff, 0xf6, 0x0, 0x0, 0x0, 0xe, 0xff,
    0xf1, 0x9f, 0xff, 0x60, 0x0, 0x0, 0x0, 0xef,
    0xff, 0x19, 0xff, 0xf6, 0x0, 0x0, 0x0, 0xe,
    0xff, 0xf1, 0x8f, 0xff, 0x80, 0x0, 0x0, 0x0,
    0xff, 0xff, 0x4, 0xff, 0xfe, 0x0, 0x0, 0x0,
    0x7f, 0xff, 0xc0, 0xe, 0xff, 0xfb, 0x0, 0x0,
    0x4f, 0xff, 0xf6, 0x0, 0x5f, 0xff, 0xfe, 0x98,
    0xbf, 0xff, 0xfc, 0x0, 0x0, 0x7f, 0xff, 0xff,
    0xff, 0xff, 0xfd, 0x10, 0x0, 0x0, 0x5f, 0xff,
    0xff, 0xff, 0xfa, 0x10, 0x0, 0x0, 0x0, 0x18,
    0xcf, 0xfe, 0xa4, 0x0, 0x0, 0x0,

    /* U+0150 "Ő" */
    0x0, 0x0, 0x0, 0x6, 0x10, 0x0, 0x16, 0x10,
    0x0, 0x0, 0x0, 0x1, 0xcf, 0xb0, 0x2, 0xdf,
    0xa0, 0x0, 0x0, 0x0, 0x2d, 0xff, 0x50, 0x3e,
    0xff, 0x40, 0x0, 0x0, 0x3, 0xef, 0xf4, 0x4,
    0xff, 0xe3, 0x0, 0x0, 0x0, 0x8, 0xfe, 0x30,
    0xa, 0xfd, 0x20, 0x0, 0x0, 0x0, 0x0, 0x62,
    0x0, 0x1, 0x71, 0x0, 0x0, 0x0, 0x0, 0x0,
    0x0, 0x0, 0x0, 0x0, 0x0, 0x0, 0x0, 0x0,
    0x0, 0x0, 0x0, 0x0, 0x0, 0x0, 0x0, 0x0,
    0x0, 0x0, 0x0, 0x0, 0x0, 0x0, 0x0, 0x0,
    0x0, 0x0, 0x0, 0x0, 0x0, 0x0, 0x0, 0x0,
    0x0, 0x0, 0x0, 0x0, 0x28, 0xce, 0xfe, 0xda,
    0x50, 0x0, 0x0, 0x0, 0x19, 0xff, 0xff, 0xff,
    0xff, 0xfe, 0x50, 0x0, 0x0, 0xcf, 0xff, 0xff,
    0xff, 0xff, 0xff, 0xf5, 0x0, 0xa, 0xff, 0xff,
    0xea, 0x89, 0xcf, 0xff, 0xff, 0x30, 0x2f, 0xff,
    0xfa, 0x0, 0x0, 0x4, 0xef, 0xff, 0xa0, 0x7f,
    0xff, 0xd0, 0x0, 0x0, 0x0, 0x5f, 0xff, 0xf0,
    0xaf, 0xff, 0x70, 0x0, 0x0, 0x0, 0xe, 0xff,
    0xf2, 0xbf, 0xff, 0x40, 0x0, 0x0, 0x0, 0xc,
    0xff, 0xf4, 0xcf, 0xff, 0x40, 0x0, 0x0, 0x0,
    0xb, 0xff, 0xf4, 0xcf, 0xff, 0x40, 0x0, 0x0,
    0x0, 0xb, 0xff, 0xf4, 0xcf, 0xff, 0x40, 0x0,
    0x0, 0x0, 0xb, 0xff, 0xf4, 0xcf, 0xff, 0x40,
    0x0, 0x0, 0x0, 0xb, 0xff, 0xf4, 0xcf, 0xff,
    0x40, 0x0, 0x0, 0x0, 0xb, 0xff, 0xf4, 0xcf,
    0xff, 0x40, 0x0, 0x0, 0x0, 0xb, 0xff, 0xf4,
    0xcf, 0xff, 0x40, 0x0, 0x0, 0x0, 0xb, 0xff,
    0xf4, 0xcf, 0xff, 0x40, 0x0, 0x0, 0x0, 0xb,
    0xff, 0xf4, 0xcf, 0xff, 0x40, 0x0, 0x0, 0x0,
    0xb, 0xff, 0xf4, 0xcf, 0xff, 0x40, 0x0, 0x0,
    0x0, 0xb, 0xff, 0xf4, 0xcf, 0xff, 0x40, 0x0,
    0x0, 0x0, 0xb, 0xff, 0xf4, 0xbf, 0xff, 0x40,
    0x0, 0x0, 0x0, 0xc, 0xff, 0xf4, 0xaf, 0xff,
    0x70, 0x0, 0x0, 0x0, 0xe, 0xff, 0xf2, 0x7f,
    0xff, 0xd0, 0x0, 0x0, 0x0, 0x5f, 0xff, 0xf0,
    0x2f, 0xff, 0xfa, 0x0, 0x0, 0x4, 0xef, 0xff,
    0xa0, 0xa, 0xff, 0xff, 0xea, 0x89, 0xcf, 0xff,
    0xff, 0x30, 0x0, 0xdf, 0xff, 0xff, 0xff, 0xff,
    0xff, 0xf6, 0x0, 0x0, 0x1a, 0xff, 0xff, 0xff,
    0xff, 0xfe, 0x50, 0x0, 0x0, 0x0, 0x38, 0xce,
    0xff, 0xda, 0x50, 0x0, 0x0,

    /* U+0151 "ő" */
    0x0, 0x0, 0x1, 0xbd, 0x10, 0x1, 0xcc, 0x0,
    0x0, 0x0, 0x1, 0xdf, 0xf3, 0x2, 0xef, 0xf1,
    0x0, 0x0, 0x2, 0xef, 0xf5, 0x3, 0xef, 0xe3,
    0x0, 0x0, 0x1, 0xef, 0xf3, 0x2, 0xff, 0xe2,
    0x0, 0x0, 0x0, 0xc, 0xe2, 0x0, 0x1d, 0xc1,
    0x0, 0x0, 0x0, 0x0, 0x0, 0x0, 0x0, 0x0,
    0x0, 0x0, 0x0, 0x0, 0x0, 0x0, 0x0, 0x0,
    0x0, 0x0, 0x0, 0x0, 0x0, 0x0, 0x0, 0x0,
    0x0, 0x0, 0x0, 0x0, 0x0, 0x0, 0x0, 0x0,
    0x0, 0x0, 0x0, 0x0, 0x0, 0x0, 0x1, 0x8c,
    0xff, 0xda, 0x40, 0x0, 0x0, 0x0, 0x6, 0xff,
    0xff, 0xff, 0xff, 0xb1, 0x0, 0x0, 0x8, 0xff,
    0xff, 0xff, 0xff, 0xff, 0xe2, 0x0, 0x6, 0xff,
    0xff, 0xe9, 0x8b, 0xff, 0xff, 0xd0, 0x0, 0xef,
    0xff, 0xa0, 0x0, 0x4, 0xff, 0xff, 0x70, 0x5f,
    0xff, 0xe0, 0x0, 0x0, 0x6, 0xff, 0xfd, 0x8,
    0xff, 0xf8, 0x0, 0x0, 0x0, 0xf, 0xff, 0xf0,
    0x9f, 0xff, 0x60, 0x0, 0x0, 0x0, 0xef, 0xff,
    0x19, 0xff, 0xf6, 0x0, 0x0, 0x0, 0xe, 0xff,
    0xf1, 0x9f, 0xff, 0x60, 0x0, 0x0, 0x0, 0xef,
    0xff, 0x19, 0xff, 0xf6, 0x0, 0x0, 0x0, 0xe,
    0xff, 0xf1, 0x8f, 0xff, 0x80, 0x0, 0x0, 0x0,
    0xff, 0xff, 0x4, 0xff, 0xfe, 0x0, 0x0, 0x0,
    0x7f, 0xff, 0xc0, 0xe, 0xff, 0xfb, 0x0, 0x0,
    0x4f, 0xff, 0xf6, 0x0, 0x5f, 0xff, 0xfe, 0x98,
    0xbf, 0xff, 0xfc, 0x0, 0x0, 0x7f, 0xff, 0xff,
    0xff, 0xff, 0xfd, 0x10, 0x0, 0x0, 0x5f, 0xff,
    0xff, 0xff, 0xfa, 0x10, 0x0, 0x0, 0x0, 0x18,
    0xcf, 0xfe, 0xa4, 0x0, 0x0, 0x0,

    /* U+0152 "Œ" */
    0x0, 0x0, 0x5a, 0xdf, 0xfd, 0x93, 0x0, 0xbf,
    0xff, 0xff, 0xff, 0xff, 0xff, 0xff, 0x80, 0x0,
    0x2c, 0xff, 0xff, 0xff, 0xff, 0x93, 0xff, 0xff,
    0xff, 0xff, 0xff, 0xff, 0xff, 0xf0, 0x1, 0xef,
    0xff, 0xff, 0xff, 0xff, 0xfc, 0xff, 0xff, 0xff,
    0xff, 0xff, 0xff, 0xff, 0xd0, 0xb, 0xff, 0xff,
    0xfa, 0x89, 0xcf, 0xff, 0xff, 0xfb, 0x88, 0x88,
    0x88, 0x88, 0x88, 0x20, 0x3f, 0xff, 0xfa, 0x0,
    0x0, 0x4, 0xef, 0xff, 0xf5, 0x0, 0x0, 0x0,
    0x0, 0x0, 0x0, 0x7f, 0xff, 0xd0, 0x0, 0x0,
    0x0, 0x5f, 0xff, 0xf5, 0x0, 0x0, 0x0, 0x0,
    0x0, 0x0, 0xaf, 0xff, 0x70, 0x0, 0x0, 0x0,
    0xe, 0xff, 0xf5, 0x0, 0x0, 0x0, 0x0, 0x0,
    0x0, 0xbf, 0xff, 0x40, 0x0, 0x0, 0x0, 0xc,
    0xff, 0xf5, 0x0, 0x0, 0x0, 0x0, 0x0, 0x0,
    0xcf, 0xff, 0x40, 0x0, 0x0, 0x0, 0xb, 0xff,
    0xf5, 0x0, 0x0, 0x0, 0x0, 0x0, 0x0, 0xcf,
    0xff, 0x40, 0x0, 0x0, 0x0, 0xb, 0xff, 0xf5,
    0x0, 0x0, 0x0, 0x0, 0x0, 0x0, 0xcf, 0xff,
    0x40, 0x0, 0x0, 0x0, 0xb, 0xff, 0xf5, 0x0,
    0x0, 0x0, 0x0, 0x0, 0x0, 0xcf, 0xff, 0x40,
    0x0, 0x0, 0x0, 0xb, 0xff, 0xf7, 0x33, 0x33,
    0x10, 0x0, 0x0, 0x0, 0xcf, 0xff, 0x40, 0x0,
    0x0, 0x0, 0xb, 0xff, 0xff, 0xff, 0xff, 0xf4,
    0x0, 0x0, 0x0, 0xcf, 0xff, 0x40, 0x0, 0x0,
    0x0, 0xb, 0xff, 0xff, 0xff, 0xff, 0xf8, 0x0,
    0x0, 0x0, 0xcf, 0xff, 0x40, 0x0, 0x0, 0x0,
    0xb, 0xff, 0xff, 0xff, 0xff, 0xe3, 0x0, 0x0,
    0x0, 0xcf, 0xff, 0x40, 0x0, 0x0, 0x0, 0xb,
    0xff, 0xf5, 0x0, 0x0, 0x0, 0x0, 0x0, 0x0,
    0xcf, 0xff, 0x40, 0x0, 0x0, 0x0, 0xb, 0xff,
    0xf5, 0x0, 0x0, 0x0, 0x0, 0x0, 0x0, 0xcf,
    0xff, 0x40, 0x0, 0x0, 0x0, 0xb, 0xff, 0xf5,
    0x0, 0x0, 0x0, 0x0, 0x0, 0x0, 0xcf, 0xff,
    0x40, 0x0, 0x0, 0x0, 0xb, 0xff, 0xf5, 0x0,
    0x0, 0x0, 0x0, 0x0, 0x0, 0xbf, 0xff, 0x50,
    0x0, 0x0, 0x0, 0xc, 0xff, 0xf5, 0x0, 0x0,
    0x0, 0x0, 0x0, 0x0, 0xaf, 0xff, 0x80, 0x0,
    0x0, 0x0, 0xf, 0xff, 0xf5, 0x0, 0x0, 0x0,
    0x0, 0x0, 0x0, 0x7f, 0xff, 0xe1, 0x0, 0x0,
    0x0, 0x7f, 0xff, 0xf5, 0x0, 0x0, 0x0, 0x0,
    0x0, 0x0, 0x3f, 0xff, 0xfd, 0x30, 0x0, 0x7,
    0xff, 0xff, 0xf5, 0x0, 0x0, 0x0, 0x0, 0x0,
    0x0, 0xc, 0xff, 0xff, 0xfe, 0xcc, 0xff, 0xff,
    0xff, 0xfd, 0xcc, 0xcc, 0xcc, 0xcc, 0xcb, 0x50,
    0x1, 0xef, 0xff, 0xff, 0xff, 0xff, 0xfc, 0xff,
    0xff, 0xff, 0xff, 0xff, 0xff, 0xff, 0xe0, 0x0,
    0x2c, 0xff, 0xff, 0xff, 0xff, 0xa3, 0xff, 0xff,
    0xff, 0xff, 0xff, 0xff, 0xff, 0xf0, 0x0, 0x0,
    0x5a, 0xdf, 0xfd, 0x93, 0x0, 0xaf, 0xff, 0xff,
    0xff, 0xff, 0xff, 0xff, 0x80,

    /* U+0153 "œ" */
    0x0, 0x0, 0x18, 0xcf, 0xfd, 0x93, 0x0, 0x0,
    0x7, 0xce, 0xfd, 0x93, 0x0, 0x0, 0x0, 0x6,
    0xff, 0xff, 0xff, 0xff, 0x80, 0x3, 0xef, 0xff,
    0xff, 0xff, 0xa1, 0x0, 0x0, 0x8f, 0xff, 0xff,
    0xff, 0xff, 0xfa, 0x3f, 0xff, 0xff, 0xff, 0xff,
    0xfc, 0x0, 0x6, 0xff, 0xff, 0xe9, 0x8b, 0xff,
    0xff, 0xff, 0xfc, 0x41, 0x4, 0xdf, 0xff, 0xa0,
    0xe, 0xff, 0xfa, 0x0, 0x0, 0x4f, 0xff, 0xff,
    0xb0, 0x0, 0x0, 0xd, 0xff, 0xf2, 0x5f, 0xff,
    0xe0, 0x0, 0x0, 0x6, 0xff, 0xff, 0x30, 0x0,
    0x0, 0x5, 0xff, 0xf6, 0x8f, 0xff, 0x80, 0x0,
    0x0, 0x0, 0xff, 0xff, 0x10, 0x0, 0x0, 0x3,
    0xff, 0xf8, 0x9f, 0xff, 0x60, 0x0, 0x0, 0x0,
    0xef, 0xff, 0x77, 0x77, 0x77, 0x7b, 0xff, 0xf8,
    0x9f, 0xff, 0x60, 0x0, 0x0, 0x0, 0xef, 0xff,
    0xff, 0xff, 0xff, 0xff, 0xff, 0xf4, 0x9f, 0xff,
    0x60, 0x0, 0x0, 0x0, 0xef, 0xff, 0xff, 0xff,
    0xff, 0xff, 0xfd, 0x70, 0x9f, 0xff, 0x60, 0x0,
    0x0, 0x0, 0xef, 0xff, 0x10, 0x0, 0x0, 0x0,
    0x0, 0x0, 0x8f, 0xff, 0x80, 0x0, 0x0, 0x0,
    0xff, 0xff, 0x20, 0x0, 0x0, 0x0, 0x0, 0x0,
    0x4f, 0xff, 0xe0, 0x0, 0x0, 0x7, 0xff, 0xff,
    0x70, 0x0, 0x0, 0x0, 0x0, 0x0, 0xe, 0xff,
    0xfb, 0x0, 0x0, 0x4f, 0xff, 0xff, 0xf4, 0x0,
    0x0, 0x0, 0x28, 0x40, 0x5, 0xff, 0xff, 0xe9,
    0x8b, 0xff, 0xff, 0xff, 0xff, 0xb5, 0x33, 0x5a,
    0xff, 0xf1, 0x0, 0x7f, 0xff, 0xff, 0xff, 0xff,
    0xf9, 0x3f, 0xff, 0xff, 0xff, 0xff, 0xff, 0xf1,
    0x0, 0x5, 0xff, 0xff, 0xff, 0xff, 0x80, 0x2,
    0xcf, 0xff, 0xff, 0xff, 0xfe, 0x50, 0x0, 0x0,
    0x18, 0xcf, 0xfd, 0x92, 0x0, 0x0, 0x5, 0xad,
    0xff, 0xeb, 0x60, 0x0,

    /* U+0154 "Ŕ" */
    0x0, 0x0, 0x0, 0x0, 0x0, 0x7e, 0x90, 0x0,
    0x0, 0x0, 0x0, 0x0, 0x0, 0x7e, 0xff, 0xf0,
    0x0, 0x0, 0x0, 0x0, 0x0, 0x5e, 0xff, 0xff,
    0x80, 0x0, 0x0, 0x0, 0x0, 0x0, 0xdf, 0xff,
    0x91, 0x0, 0x0, 0x0, 0x0, 0x0, 0x0, 0x7e,
    0x91, 0x0, 0x0, 0x0, 0x0, 0x0, 0x0, 0x0,
    0x0, 0x0, 0x0, 0x0, 0x0, 0x0, 0x0, 0x0,
    0x0, 0x0, 0x0, 0x0, 0x0, 0x0, 0x0, 0x0,
    0x0, 0x0, 0x0, 0x0, 0x0, 0x0, 0x0, 0x0,
    0x0, 0x0, 0x0, 0x0, 0x0, 0x0, 0x0, 0x0,
    0x0, 0x3e, 0xff, 0xff, 0xff, 0xff, 0xec, 0x84,
    0x0, 0x0, 0x7f, 0xff, 0xff, 0xff, 0xff, 0xff,
    0xff, 0xc3, 0x0, 0x7f, 0xff, 0xff, 0xff, 0xff,
    0xff, 0xff, 0xfe, 0x30, 0x7f, 0xff, 0xc8, 0x88,
    0x89, 0xbf, 0xff, 0xff, 0xd0, 0x7f, 0xff, 0x80,
    0x0, 0x0, 0x1, 0x9f, 0xff, 0xf5, 0x7f, 0xff,
    0x80, 0x0, 0x0, 0x0, 0xb, 0xff, 0xf9, 0x7f,
    0xff, 0x80, 0x0, 0x0, 0x0, 0x6, 0xff, 0xfb,
    0x7f, 0xff, 0x80, 0x0, 0x0, 0x0, 0x4, 0xff,
    0xfc, 0x7f, 0xff, 0x80, 0x0, 0x0, 0x0, 0x4,
    0xff, 0xfb, 0x7f, 0xff, 0x80, 0x0, 0x0, 0x0,
    0x8, 0xff, 0xf9, 0x7f, 0xff, 0x80, 0x0, 0x0,
    0x0, 0x1e, 0xff, 0xf4, 0x7f, 0xff, 0x80, 0x0,
    0x0, 0x27, 0xef, 0xff, 0xd0, 0x7f, 0xff, 0xff,
    0xff, 0xff, 0xff, 0xff, 0xfe, 0x20, 0x7f, 0xff,
    0xff, 0xff, 0xff, 0xff, 0xff, 0xc2, 0x0, 0x7f,
    0xff, 0xff, 0xff, 0xff, 0xff, 0xc4, 0x0, 0x0,
    0x7f, 0xff, 0x93, 0x33, 0x8f, 0xff, 0xe0, 0x0,
    0x0, 0x7f, 0xff, 0x80, 0x0, 0xe, 0xff, 0xf7,
    0x0, 0x0, 0x7f, 0xff, 0x80, 0x0, 0x7, 0xff,
    0xff, 0x10, 0x0, 0x7f, 0xff, 0x80, 0x0, 0x0,
    0xef, 0xff, 0x90, 0x0, 0x7f, 0xff, 0x80, 0x0,
    0x0, 0x6f, 0xff, 0xf2, 0x0, 0x7f, 0xff, 0x80,
    0x0, 0x0, 0xd, 0xff, 0xfa, 0x0, 0x7f, 0xff,
    0x80, 0x0, 0x0, 0x5, 0xff, 0xff, 0x30, 0x7f,
    0xff, 0x80, 0x0, 0x0, 0x0, 0xdf, 0xff, 0xb0,
    0x7f, 0xff, 0x80, 0x0, 0x0, 0x0, 0x4f, 0xff,
    0xf4, 0x7f, 0xff, 0x80, 0x0, 0x0, 0x0, 0xc,
    0xff, 0xfc, 0x7f, 0xff, 0x80, 0x0, 0x0, 0x0,
    0x4, 0xff, 0xfc, 0x2c, 0xfd, 0x20, 0x0, 0x0,
    0x0, 0x0, 0x8f, 0xb2,

    /* U+0155 "ŕ" */
    0x0, 0x0, 0x0, 0x16, 0x20, 0x0, 0x0, 0x0,
    0x18, 0xff, 0xd0, 0x0, 0x0, 0x18, 0xff, 0xff,
    0xd0, 0x0, 0x0, 0xdf, 0xff, 0xf8, 0x10, 0x0,
    0x0, 0xdf, 0xf8, 0x10, 0x0, 0x0, 0x0, 0x26,
    0x10, 0x0, 0x0, 0x0, 0x0, 0x0, 0x0, 0x0,
    0x0, 0x0, 0x0, 0x0, 0x0, 0x0, 0x0, 0x0,
    0x0, 0x0, 0x0, 0x0, 0x0, 0x0, 0x6e, 0xe6,
    0x0, 0x7d, 0xff, 0xc1, 0xef, 0xfd, 0x1d, 0xff,
    0xff, 0xf5, 0xef, 0xfe, 0xdf, 0xff, 0xff, 0xf2,
    0xef, 0xff, 0xff, 0xe7, 0x44, 0x10, 0xef, 0xff,
    0xfc, 0x10, 0x0, 0x0, 0xef, 0xff, 0xe1, 0x0,
    0x0, 0x0, 0xef, 0xff, 0x80, 0x0, 0x0, 0x0,
    0xef, 0xff, 0x30, 0x0, 0x0, 0x0, 0xef, 0xff,
    0x10, 0x0, 0x0, 0x0, 0xef, 0xff, 0x10, 0x0,
    0x0, 0x0, 0xef, 0xff, 0x10, 0x0, 0x0, 0x0,
    0xef, 0xff, 0x10, 0x0, 0x0, 0x0, 0xef, 0xff,
    0x10, 0x0, 0x0, 0x0, 0xef, 0xff, 0x10, 0x0,
    0x0, 0x0, 0xef, 0xff, 0x10, 0x0, 0x0, 0x0,
    0xef, 0xff, 0x10, 0x0, 0x0, 0x0, 0xef, 0xff,
    0x0, 0x0, 0x0, 0x0, 0x6e, 0xe7, 0x0, 0x0,
    0x0, 0x0,

    /* U+0156 "Ŗ" */
    0x3e, 0xff, 0xff, 0xff, 0xff, 0xec, 0x84, 0x0,
    0x0, 0x7f, 0xff, 0xff, 0xff, 0xff, 0xff, 0xff,
    0xc3, 0x0, 0x7f, 0xff, 0xff, 0xff, 0xff, 0xff,
    0xff, 0xfe, 0x30, 0x7f, 0xff, 0xc8, 0x88, 0x89,
    0xbf, 0xff, 0xff, 0xd0, 0x7f, 0xff, 0x80, 0x0,
    0x0, 0x1, 0x9f, 0xff, 0xf5, 0x7f, 0xff, 0x80,
    0x0, 0x0, 0x0, 0xb, 0xff, 0xf9, 0x7f, 0xff,
    0x80, 0x0, 0x0, 0x0, 0x6, 0xff, 0xfb, 0x7f,
    0xff, 0x80, 0x0, 0x0, 0x0, 0x4, 0xff, 0xfc,
    0x7f, 0xff, 0x80, 0x0, 0x0, 0x0, 0x4, 0xff,
    0xfb, 0x7f, 0xff, 0x80, 0x0, 0x0, 0x0, 0x8,
    0xff, 0xf9, 0x7f, 0xff, 0x80, 0x0, 0x0, 0x0,
    0x1e, 0xff, 0xf4, 0x7f, 0xff, 0x80, 0x0, 0x0,
    0x27, 0xef, 0xff, 0xd0, 0x7f, 0xff, 0xff, 0xff,
    0xff, 0xff, 0xff, 0xfe, 0x20, 0x7f, 0xff, 0xff,
    0xff, 0xff, 0xff, 0xff, 0xc2, 0x0, 0x7f, 0xff,
    0xff, 0xff, 0xff, 0xff, 0xc4, 0x0, 0x0, 0x7f,
    0xff, 0x93, 0x33, 0x8f, 0xff, 0xe0, 0x0, 0x0,
    0x7f, 0xff, 0x80, 0x0, 0xe, 0xff, 0xf7, 0x0,
    0x0, 0x7f, 0xff, 0x80, 0x0, 0x7, 0xff, 0xff,
    0x10, 0x0, 0x7f, 0xff, 0x80, 0x0, 0x0, 0xef,
    0xff, 0x90, 0x0, 0x7f, 0xff, 0x80, 0x0, 0x0,
    0x6f, 0xff, 0xf2, 0x0, 0x7f, 0xff, 0x80, 0x0,
    0x0, 0xd, 0xff, 0xfa, 0x0, 0x7f, 0xff, 0x80,
    0x0, 0x0, 0x5, 0xff, 0xff, 0x30, 0x7f, 0xff,
    0x80, 0x0, 0x0, 0x0, 0xdf, 0xff, 0xb0, 0x7f,
    0xff, 0x80, 0x0, 0x0, 0x0, 0x4f, 0xff, 0xf4,
    0x7f, 0xff, 0x80, 0x0, 0x0, 0x0, 0xc, 0xff,
    0xfc, 0x7f, 0xff, 0x80, 0x0, 0x0, 0x0, 0x4,
    0xff, 0xfc, 0x2c, 0xfd, 0x20, 0x0, 0x0, 0x0,
    0x0, 0x8f, 0xb2, 0x0, 0x0, 0x0, 0x0, 0x0,
    0x0, 0x0, 0x0, 0x0, 0x0, 0x0, 0x0, 0x0,
    0x0, 0x40, 0x0, 0x0, 0x0, 0x0, 0x0, 0x0,
    0x1, 0x7e, 0xf9, 0x0, 0x0, 0x0, 0x0, 0x0,
    0x1, 0x8f, 0xff, 0xfa, 0x0, 0x0, 0x0, 0x0,
    0x0, 0x1e, 0xff, 0xfe, 0x70, 0x0, 0x0, 0x0,
    0x0, 0x0, 0x1f, 0xfe, 0x70, 0x0, 0x0, 0x0,
    0x0, 0x0, 0x0, 0x4, 0x50, 0x0, 0x0, 0x0,
    0x0, 0x0,

    /* U+0157 "ŗ" */
    0x0, 0x6e, 0xe6, 0x0, 0x7d, 0xff, 0xc1, 0x0,
    0xef, 0xfd, 0x1d, 0xff, 0xff, 0xf5, 0x0, 0xef,
    0xfe, 0xdf, 0xff, 0xff, 0xf2, 0x0, 0xef, 0xff,
    0xff, 0xe7, 0x44, 0x10, 0x0, 0xef, 0xff, 0xfc,
    0x10, 0x0, 0x0, 0x0, 0xef, 0xff, 0xe1, 0x0,
    0x0, 0x0, 0x0, 0xef, 0xff, 0x80, 0x0, 0x0,
    0x0, 0x0, 0xef, 0xff, 0x30, 0x0, 0x0, 0x0,
    0x0, 0xef, 0xff, 0x10, 0x0, 0x0, 0x0, 0x0,
    0xef, 0xff, 0x10, 0x0, 0x0, 0x0, 0x0, 0xef,
    0xff, 0x10, 0x0, 0x0, 0x0, 0x0, 0xef, 0xff,
    0x10, 0x0, 0x0, 0x0, 0x0, 0xef, 0xff, 0x10,
    0x0, 0x0, 0x0, 0x0, 0xef, 0xff, 0x10, 0x0,
    0x0, 0x0, 0x0, 0xef, 0xff, 0x10, 0x0, 0x0,
    0x0, 0x0, 0xef, 0xff, 0x10, 0x0, 0x0, 0x0,
    0x0, 0xef, 0xff, 0x0, 0x0, 0x0, 0x0, 0x0,
    0x6e, 0xe7, 0x0, 0x0, 0x0, 0x0, 0x0, 0x0,
    0x0, 0x0, 0x0, 0x0, 0x0, 0x0, 0x0, 0x0,
    0x0, 0x0, 0x0, 0x0, 0x0, 0x1, 0x8f, 0xc0,
    0x0, 0x0, 0x0, 0x1, 0x8f, 0xff, 0xf1, 0x0,
    0x0, 0x0, 0x5f, 0xff, 0xff, 0x70, 0x0, 0x0,
    0x0, 0xcf, 0xff, 0x81, 0x0, 0x0, 0x0, 0x0,
    0x6e, 0x91, 0x0, 0x0, 0x0, 0x0, 0x0,

    /* U+0158 "Ř" */
    0x0, 0x3, 0xe6, 0x0, 0x0, 0x1, 0xac, 0x0,
    0x0, 0x0, 0x5, 0xff, 0xa1, 0x0, 0x3e, 0xff,
    0x0, 0x0, 0x0, 0x0, 0xaf, 0xfe, 0x37, 0xff,
    0xf5, 0x0, 0x0, 0x0, 0x0, 0x5, 0xff, 0xff,
    0xfc, 0x20, 0x0, 0x0, 0x0, 0x0, 0x0, 0x2c,
    0xff, 0x80, 0x0, 0x0, 0x0, 0x0, 0x0, 0x0,
    0x0, 0x63, 0x0, 0x0, 0x0, 0x0, 0x0, 0x0,
    0x0, 0x0, 0x0, 0x0, 0x0, 0x0, 0x0, 0x0,
    0x0, 0x0, 0x0, 0x0, 0x0, 0x0, 0x0, 0x0,
    0x0, 0x0, 0x0, 0x0, 0x0, 0x0, 0x0, 0x0,
    0x0, 0x0, 0x0, 0x0, 0x0, 0x0, 0x0, 0x0,
    0x0, 0x0, 0x3e, 0xff, 0xff, 0xff, 0xff, 0xec,
    0x84, 0x0, 0x0, 0x7f, 0xff, 0xff, 0xff, 0xff,
    0xff, 0xff, 0xc3, 0x0, 0x7f, 0xff, 0xff, 0xff,
    0xff, 0xff, 0xff, 0xfe, 0x30, 0x7f, 0xff, 0xc8,
    0x88, 0x89, 0xbf, 0xff, 0xff, 0xd0, 0x7f, 0xff,
    0x80, 0x0, 0x0, 0x1, 0x9f, 0xff, 0xf5, 0x7f,
    0xff, 0x80, 0x0, 0x0, 0x0, 0xb, 0xff, 0xf9,
    0x7f, 0xff, 0x80, 0x0, 0x0, 0x0, 0x6, 0xff,
    0xfb, 0x7f, 0xff, 0x80, 0x0, 0x0, 0x0, 0x4,
    0xff, 0xfc, 0x7f, 0xff, 0x80, 0x0, 0x0, 0x0,
    0x4, 0xff, 0xfb, 0x7f, 0xff, 0x80, 0x0, 0x0,
    0x0, 0x8, 0xff, 0xf9, 0x7f, 0xff, 0x80, 0x0,
    0x0, 0x0, 0x1e, 0xff, 0xf4, 0x7f, 0xff, 0x80,
    0x0, 0x0, 0x27, 0xef, 0xff, 0xd0, 0x7f, 0xff,
    0xff, 0xff, 0xff, 0xff, 0xff, 0xfe, 0x20, 0x7f,
    0xff, 0xff, 0xff, 0xff, 0xff, 0xff, 0xc2, 0x0,
    0x7f, 0xff, 0xff, 0xff, 0xff, 0xff, 0xc4, 0x0,
    0x0, 0x7f, 0xff, 0x93, 0x33, 0x8f, 0xff, 0xe0,
    0x0, 0x0, 0x7f, 0xff, 0x80, 0x0, 0xe, 0xff,
    0xf7, 0x0, 0x0, 0x7f, 0xff, 0x80, 0x0, 0x7,
    0xff, 0xff, 0x10, 0x0, 0x7f, 0xff, 0x80, 0x0,
    0x0, 0xef, 0xff, 0x90, 0x0, 0x7f, 0xff, 0x80,
    0x0, 0x0, 0x6f, 0xff, 0xf2, 0x0, 0x7f, 0xff,
    0x80, 0x0, 0x0, 0xd, 0xff, 0xfa, 0x0, 0x7f,
    0xff, 0x80, 0x0, 0x0, 0x5, 0xff, 0xff, 0x30,
    0x7f, 0xff, 0x80, 0x0, 0x0, 0x0, 0xdf, 0xff,
    0xb0, 0x7f, 0xff, 0x80, 0x0, 0x0, 0x0, 0x4f,
    0xff, 0xf4, 0x7f, 0xff, 0x80, 0x0, 0x0, 0x0,
    0xc, 0xff, 0xfc, 0x7f, 0xff, 0x80, 0x0, 0x0,
    0x0, 0x4, 0xff, 0xfc, 0x2c, 0xfd, 0x20, 0x0,
    0x0, 0x0, 0x0, 0x8f, 0xb2,

    /* U+0159 "ř" */
    0x8d, 0x30, 0x0, 0x0, 0x4d, 0x70, 0xaf, 0xf8,
    0x0, 0x9, 0xff, 0xa0, 0x1b, 0xff, 0xd5, 0xdf,
    0xfb, 0x10, 0x0, 0x6f, 0xff, 0xfe, 0x60, 0x0,
    0x0, 0x2, 0xbf, 0xb1, 0x0, 0x0, 0x0, 0x0,
    0x1, 0x0, 0x0, 0x0, 0x0, 0x0, 0x0, 0x0,
    0x0, 0x0, 0x0, 0x0, 0x0, 0x0, 0x0, 0x0,
    0x0, 0x0, 0x0, 0x0, 0x0, 0x0, 0x6e, 0xe6,
    0x0, 0x7d, 0xff, 0xc1, 0xef, 0xfd, 0x1d, 0xff,
    0xff, 0xf5, 0xef, 0xfe, 0xdf, 0xff, 0xff, 0xf2,
    0xef, 0xff, 0xff, 0xe7, 0x44, 0x10, 0xef, 0xff,
    0xfc, 0x10, 0x0, 0x0, 0xef, 0xff, 0xe1, 0x0,
    0x0, 0x0, 0xef, 0xff, 0x80, 0x0, 0x0, 0x0,
    0xef, 0xff, 0x30, 0x0, 0x0, 0x0, 0xef, 0xff,
    0x10, 0x0, 0x0, 0x0, 0xef, 0xff, 0x10, 0x0,
    0x0, 0x0, 0xef, 0xff, 0x10, 0x0, 0x0, 0x0,
    0xef, 0xff, 0x10, 0x0, 0x0, 0x0, 0xef, 0xff,
    0x10, 0x0, 0x0, 0x0, 0xef, 0xff, 0x10, 0x0,
    0x0, 0x0, 0xef, 0xff, 0x10, 0x0, 0x0, 0x0,
    0xef, 0xff, 0x10, 0x0, 0x0, 0x0, 0xef, 0xff,
    0x0, 0x0, 0x0, 0x0, 0x6e, 0xe7, 0x0, 0x0,
    0x0, 0x0,

    /* U+015A "Ś" */
    0x0, 0x0, 0x0, 0x0, 0x1, 0x8e, 0x80, 0x0,
    0x0, 0x0, 0x0, 0x0, 0x1, 0x8f, 0xff, 0xe0,
    0x0, 0x0, 0x0, 0x0, 0x0, 0x7f, 0xff, 0xff,
    0x70, 0x0, 0x0, 0x0, 0x0, 0x0, 0xff, 0xff,
    0x81, 0x0, 0x0, 0x0, 0x0, 0x0, 0x0, 0x8e,
    0x81, 0x0, 0x0, 0x0, 0x0, 0x0, 0x0, 0x0,
    0x0, 0x0, 0x0, 0x0, 0x0, 0x0, 0x0, 0x0,
    0x0, 0x0, 0x0, 0x0, 0x0, 0x0, 0x0, 0x0,
    0x0, 0x0, 0x0, 0x0, 0x0, 0x0, 0x0, 0x0,
    0x0, 0x0, 0x0, 0x0, 0x0, 0x0, 0x0, 0x0,
    0x0, 0x0, 0x0, 0x5, 0xad, 0xff, 0xfd, 0xa7,
    0x20, 0x0, 0x0, 0x6, 0xef, 0xff, 0xff, 0xff,
    0xff, 0xfa, 0x0, 0x0, 0x8f, 0xff, 0xff, 0xff,
    0xff, 0xff, 0xff, 0x60, 0x4, 0xff, 0xff, 0xfb,
    0x97, 0x8a, 0xef, 0xff, 0x40, 0xc, 0xff, 0xfc,
    0x10, 0x0, 0x0, 0x6, 0xc9, 0x0, 0xf, 0xff,
    0xf1, 0x0, 0x0, 0x0, 0x0, 0x0, 0x0, 0x2f,
    0xff, 0xd0, 0x0, 0x0, 0x0, 0x0, 0x0, 0x0,
    0x2f, 0xff, 0xe0, 0x0, 0x0, 0x0, 0x0, 0x0,
    0x0, 0x1f, 0xff, 0xf6, 0x0, 0x0, 0x0, 0x0,
    0x0, 0x0, 0xc, 0xff, 0xff, 0x80, 0x0, 0x0,
    0x0, 0x0, 0x0, 0x4, 0xff, 0xff, 0xfe, 0x82,
    0x0, 0x0, 0x0, 0x0, 0x0, 0x8f, 0xff, 0xff,
    0xff, 0xb5, 0x0, 0x0, 0x0, 0x0, 0x5, 0xef,
    0xff, 0xff, 0xff, 0xd5, 0x0, 0x0, 0x0, 0x0,
    0x7, 0xef, 0xff, 0xff, 0xff, 0x90, 0x0, 0x0,
    0x0, 0x0, 0x5, 0xcf, 0xff, 0xff, 0xf9, 0x0,
    0x0, 0x0, 0x0, 0x0, 0x3, 0xbf, 0xff, 0xff,
    0x40, 0x0, 0x0, 0x0, 0x0, 0x0, 0x5, 0xff,
    0xff, 0xb0, 0x0, 0x0, 0x0, 0x0, 0x0, 0x0,
    0x7f, 0xff, 0xf0, 0x0, 0x0, 0x0, 0x0, 0x0,
    0x0, 0xf, 0xff, 0xf1, 0x0, 0x0, 0x0, 0x0,
    0x0, 0x0, 0xe, 0xff, 0xf2, 0x5, 0x30, 0x0,
    0x0, 0x0, 0x0, 0xf, 0xff, 0xf1, 0x7f, 0xf7,
    0x0, 0x0, 0x0, 0x0, 0x5f, 0xff, 0xe0, 0xdf,
    0xff, 0xb2, 0x0, 0x0, 0x6, 0xff, 0xff, 0x90,
    0xaf, 0xff, 0xff, 0xca, 0x9b, 0xef, 0xff, 0xff,
    0x10, 0x1c, 0xff, 0xff, 0xff, 0xff, 0xff, 0xff,
    0xf4, 0x0, 0x0, 0x8f, 0xff, 0xff, 0xff, 0xff,
    0xfd, 0x30, 0x0, 0x0, 0x1, 0x6a, 0xde, 0xfe,
    0xd9, 0x40, 0x0, 0x0,

    /* U+015B "ś" */
    0x0, 0x0, 0x0, 0x0, 0x16, 0x20, 0x0, 0x0,
    0x0, 0x0, 0x18, 0xff, 0xd0, 0x0, 0x0, 0x0,
    0x18, 0xff, 0xff, 0xd0, 0x0, 0x0, 0x0, 0xdf,
    0xff, 0xf8, 0x10, 0x0, 0x0, 0x0, 0xef, 0xf8,
    0x10, 0x0, 0x0, 0x0, 0x0, 0x26, 0x10, 0x0,
    0x0, 0x0, 0x0, 0x0, 0x0, 0x0, 0x0, 0x0,
    0x0, 0x0, 0x0, 0x0, 0x0, 0x0, 0x0, 0x0,
    0x0, 0x0, 0x0, 0x0, 0x0, 0x0, 0x0, 0x0,
    0x4, 0xad, 0xff, 0xeb, 0x71, 0x0, 0x0, 0xaf,
    0xff, 0xff, 0xff, 0xff, 0x50, 0x9, 0xff, 0xff,
    0xff, 0xff, 0xff, 0xa0, 0x1f, 0xff, 0xe5, 0x10,
    0x38, 0xef, 0x30, 0x6f, 0xff, 0x40, 0x0, 0x0,
    0x0, 0x0, 0x7f, 0xff, 0x20, 0x0, 0x0, 0x0,
    0x0, 0x5f, 0xff, 0xc3, 0x0, 0x0, 0x0, 0x0,
    0xe, 0xff, 0xff, 0xd8, 0x40, 0x0, 0x0, 0x2,
    0xdf, 0xff, 0xff, 0xfe, 0x80, 0x0, 0x0, 0x6,
    0xcf, 0xff, 0xff, 0xfd, 0x10, 0x0, 0x0, 0x1,
    0x6b, 0xff, 0xff, 0xb0, 0x0, 0x0, 0x0, 0x0,
    0x2e, 0xff, 0xf1, 0x0, 0x0, 0x0, 0x0, 0x6,
    0xff, 0xf3, 0x3a, 0x40, 0x0, 0x0, 0x6, 0xff,
    0xf2, 0xcf, 0xfa, 0x41, 0x1, 0x5f, 0xff, 0xf0,
    0xcf, 0xff, 0xff, 0xff, 0xff, 0xff, 0x70, 0x1c,
    0xff, 0xff, 0xff, 0xff, 0xf9, 0x0, 0x0, 0x49,
    0xde, 0xff, 0xd9, 0x30, 0x0,

    /* U+015C "Ŝ" */
    0x0, 0x0, 0x0, 0x18, 0xeb, 0x40, 0x0, 0x0,
    0x0, 0x0, 0x0, 0x18, 0xff, 0xff, 0xfc, 0x40,
    0x0, 0x0, 0x0, 0x3, 0xff, 0xff, 0x8c, 0xff,
    0xfa, 0x0, 0x0, 0x0, 0x7, 0xff, 0x81, 0x0,
    0x4c, 0xff, 0x0, 0x0, 0x0, 0x1, 0x61, 0x0,
    0x0, 0x0, 0x44, 0x0, 0x0, 0x0, 0x0, 0x0,
    0x0, 0x0, 0x0, 0x0, 0x0, 0x0, 0x0, 0x0,
    0x0, 0x0, 0x0, 0x0, 0x0, 0x0, 0x0, 0x0,
    0x0, 0x0, 0x0, 0x0, 0x0, 0x0, 0x0, 0x0,
    0x0, 0x0, 0x0, 0x0, 0x0, 0x0, 0x0, 0x0,
    0x0, 0x0, 0x0, 0x5, 0xad, 0xff, 0xfd, 0xa7,
    0x20, 0x0, 0x0, 0x6, 0xef, 0xff, 0xff, 0xff,
    0xff, 0xfa, 0x0, 0x0, 0x8f, 0xff, 0xff, 0xff,
    0xff, 0xff, 0xff, 0x60, 0x4, 0xff, 0xff, 0xfb,
    0x97, 0x8a, 0xef, 0xff, 0x40, 0xc, 0xff, 0xfc,
    0x10, 0x0, 0x0, 0x6, 0xc9, 0x0, 0xf, 0xff,
    0xf1, 0x0, 0x0, 0x0, 0x0, 0x0, 0x0, 0x2f,
    0xff, 0xd0, 0x0, 0x0, 0x0, 0x0, 0x0, 0x0,
    0x2f, 0xff, 0xe0, 0x0, 0x0, 0x0, 0x0, 0x0,
    0x0, 0x1f, 0xff, 0xf6, 0x0, 0x0, 0x0, 0x0,
    0x0, 0x0, 0xc, 0xff, 0xff, 0x80, 0x0, 0x0,
    0x0, 0x0, 0x0, 0x4, 0xff, 0xff, 0xfe, 0x82,
    0x0, 0x0, 0x0, 0x0, 0x0, 0x8f, 0xff, 0xff,
    0xff, 0xb5, 0x0, 0x0, 0x0, 0x0, 0x5, 0xef,
    0xff, 0xff, 0xff, 0xd5, 0x0, 0x0, 0x0, 0x0,
    0x7, 0xef, 0xff, 0xff, 0xff, 0x90, 0x0, 0x0,
    0x0, 0x0, 0x5, 0xcf, 0xff, 0xff, 0xf9, 0x0,
    0x0, 0x0, 0x0, 0x0, 0x3, 0xbf, 0xff, 0xff,
    0x40, 0x0, 0x0, 0x0, 0x0, 0x0, 0x5, 0xff,
    0xff, 0xb0, 0x0, 0x0, 0x0, 0x0, 0x0, 0x0,
    0x7f, 0xff, 0xf0, 0x0, 0x0, 0x0, 0x0, 0x0,
    0x0, 0xf, 0xff, 0xf1, 0x0, 0x0, 0x0, 0x0,
    0x0, 0x0, 0xe, 0xff, 0xf2, 0x5, 0x30, 0x0,
    0x0, 0x0, 0x0, 0xf, 0xff, 0xf1, 0x7f, 0xf7,
    0x0, 0x0, 0x0, 0x0, 0x5f, 0xff, 0xe0, 0xdf,
    0xff, 0xb2, 0x0, 0x0, 0x6, 0xff, 0xff, 0x90,
    0xaf, 0xff, 0xff, 0xca, 0x9b, 0xef, 0xff, 0xff,
    0x10, 0x1c, 0xff, 0xff, 0xff, 0xff, 0xff, 0xff,
    0xf4, 0x0, 0x0, 0x8f, 0xff, 0xff, 0xff, 0xff,
    0xfd, 0x30, 0x0, 0x0, 0x1, 0x6a, 0xde, 0xfe,
    0xd9, 0x40, 0x0, 0x0,

    /* U+015D "ŝ" */
    0x0, 0x0, 0x1, 0x63, 0x0, 0x0, 0x0, 0x0,
    0x1, 0x8f, 0xff, 0xc4, 0x0, 0x0, 0x0, 0x8f,
    0xff, 0xff, 0xff, 0xc3, 0x0, 0x7, 0xff, 0xf8,
    0x14, 0xcf, 0xfe, 0x0, 0x4, 0xe8, 0x10, 0x0,
    0x4, 0xcc, 0x0, 0x0, 0x0, 0x0, 0x0, 0x0,
    0x0, 0x0, 0x0, 0x0, 0x0, 0x0, 0x0, 0x0,
    0x0, 0x0, 0x0, 0x0, 0x0, 0x0, 0x0, 0x0,
    0x0, 0x0, 0x0, 0x0, 0x0, 0x0, 0x0, 0x0,
    0x4, 0xad, 0xff, 0xeb, 0x71, 0x0, 0x0, 0xaf,
    0xff, 0xff, 0xff, 0xff, 0x50, 0x9, 0xff, 0xff,
    0xff, 0xff, 0xff, 0xa0, 0x1f, 0xff, 0xe5, 0x10,
    0x38, 0xef, 0x30, 0x6f, 0xff, 0x40, 0x0, 0x0,
    0x0, 0x0, 0x7f, 0xff, 0x20, 0x0, 0x0, 0x0,
    0x0, 0x5f, 0xff, 0xc3, 0x0, 0x0, 0x0, 0x0,
    0xe, 0xff, 0xff, 0xd8, 0x40, 0x0, 0x0, 0x2,
    0xdf, 0xff, 0xff, 0xfe, 0x80, 0x0, 0x0, 0x6,
    0xcf, 0xff, 0xff, 0xfd, 0x10, 0x0, 0x0, 0x1,
    0x6b, 0xff, 0xff, 0xb0, 0x0, 0x0, 0x0, 0x0,
    0x2e, 0xff, 0xf1, 0x0, 0x0, 0x0, 0x0, 0x6,
    0xff, 0xf3, 0x3a, 0x40, 0x0, 0x0, 0x6, 0xff,
    0xf2, 0xcf, 0xfa, 0x41, 0x1, 0x5f, 0xff, 0xf0,
    0xcf, 0xff, 0xff, 0xff, 0xff, 0xff, 0x70, 0x1c,
    0xff, 0xff, 0xff, 0xff, 0xf9, 0x0, 0x0, 0x49,
    0xde, 0xff, 0xd9, 0x30, 0x0,

    /* U+015E "Ş" */
    0x0, 0x0, 0x5, 0xad, 0xff, 0xfd, 0xa7, 0x20,
    0x0, 0x0, 0x6, 0xef, 0xff, 0xff, 0xff, 0xff,
    0xfa, 0x0, 0x0, 0x8f, 0xff, 0xff, 0xff, 0xff,
    0xff, 0xff, 0x60, 0x4, 0xff, 0xff, 0xfb, 0x97,
    0x8a, 0xef, 0xff, 0x40, 0xc, 0xff, 0xfc, 0x10,
    0x0, 0x0, 0x6, 0xc9, 0x0, 0xf, 0xff, 0xf1,
    0x0, 0x0, 0x0, 0x0, 0x0, 0x0, 0x2f, 0xff,
    0xd0, 0x0, 0x0, 0x0, 0x0, 0x0, 0x0, 0x2f,
    0xff, 0xe0, 0x0, 0x0, 0x0, 0x0, 0x0, 0x0,
    0x1f, 0xff, 0xf6, 0x0, 0x0, 0x0, 0x0, 0x0,
    0x0, 0xc, 0xff, 0xff, 0x80, 0x0, 0x0, 0x0,
    0x0, 0x0, 0x4, 0xff, 0xff, 0xfe, 0x82, 0x0,
    0x0, 0x0, 0x0, 0x0, 0x8f, 0xff, 0xff, 0xff,
    0xb5, 0x0, 0x0, 0x0, 0x0, 0x5, 0xef, 0xff,
    0xff, 0xff, 0xd5, 0x0, 0x0, 0x0, 0x0, 0x7,
    0xef, 0xff, 0xff, 0xff, 0x90, 0x0, 0x0, 0x0,
    0x0, 0x5, 0xcf, 0xff, 0xff, 0xf9, 0x0, 0x0,
    0x0, 0x0, 0x0, 0x3, 0xbf, 0xff, 0xff, 0x40,
    0x0, 0x0, 0x0, 0x0, 0x0, 0x5, 0xff, 0xff,
    0xb0, 0x0, 0x0, 0x0, 0x0, 0x0, 0x0, 0x7f,
    0xff, 0xf0, 0x0, 0x0, 0x0, 0x0, 0x0, 0x0,
    0xf, 0xff, 0xf1, 0x0, 0x0, 0x0, 0x0, 0x0,
    0x0, 0xe, 0xff, 0xf2, 0x5, 0x30, 0x0, 0x0,
    0x0, 0x0, 0xf, 0xff, 0xf1, 0x7f, 0xf7, 0x0,
    0x0, 0x0, 0x0, 0x5f, 0xff, 0xe0, 0xdf, 0xff,
    0xb2, 0x0, 0x0, 0x6, 0xff, 0xff, 0x90, 0xaf,
    0xff, 0xff, 0xca, 0x9b, 0xef, 0xff, 0xff, 0x10,
    0x1c, 0xff, 0xff, 0xff, 0xff, 0xff, 0xff, 0xf4,
    0x0, 0x0, 0x8f, 0xff, 0xff, 0xff, 0xff, 0xfd,
    0x30, 0x0, 0x0, 0x1, 0x6a, 0xde, 0xff, 0xf9,
    0x40, 0x0, 0x0, 0x0, 0x0, 0x0, 0x0, 0xef,
    0x0, 0x0, 0x0, 0x0, 0x0, 0x0, 0x0, 0x3,
    0xfc, 0x10, 0x0, 0x0, 0x0, 0x0, 0x0, 0x0,
    0x7, 0xff, 0xfd, 0x30, 0x0, 0x0, 0x0, 0x0,
    0x0, 0x2, 0x57, 0xbf, 0xe0, 0x0, 0x0, 0x0,
    0x0, 0x0, 0x0, 0x0, 0xd, 0xf3, 0x0, 0x0,
    0x0, 0x0, 0x0, 0x2, 0x0, 0x1e, 0xf2, 0x0,
    0x0, 0x0, 0x0, 0x0, 0x7f, 0xdc, 0xff, 0xb0,
    0x0, 0x0, 0x0, 0x0, 0x0, 0x3b, 0xef, 0xe9,
    0x0, 0x0, 0x0,

    /* U+015F "ş" */
    0x0, 0x4, 0xad, 0xff, 0xeb, 0x71, 0x0, 0x0,
    0xaf, 0xff, 0xff, 0xff, 0xff, 0x50, 0x9, 0xff,
    0xff, 0xff, 0xff, 0xff, 0xa0, 0x1f, 0xff, 0xe5,
    0x10, 0x38, 0xef, 0x30, 0x6f, 0xff, 0x40, 0x0,
    0x0, 0x0, 0x0, 0x7f, 0xff, 0x20, 0x0, 0x0,
    0x0, 0x0, 0x5f, 0xff, 0xc3, 0x0, 0x0, 0x0,
    0x0, 0xe, 0xff, 0xff, 0xd8, 0x40, 0x0, 0x0,
    0x2, 0xdf, 0xff, 0xff, 0xfe, 0x80, 0x0, 0x0,
    0x6, 0xcf, 0xff, 0xff, 0xfd, 0x10, 0x0, 0x0,
    0x1, 0x6b, 0xff, 0xff, 0xb0, 0x0, 0x0, 0x0,
    0x0, 0x2e, 0xff, 0xf1, 0x0, 0x0, 0x0, 0x0,
    0x6, 0xff, 0xf3, 0x3a, 0x40, 0x0, 0x0, 0x6,
    0xff, 0xf2, 0xcf, 0xfa, 0x41, 0x1, 0x5f, 0xff,
    0xf0, 0xcf, 0xff, 0xff, 0xff, 0xff, 0xff, 0x70,
    0x1c, 0xff, 0xff, 0xff, 0xff, 0xf9, 0x0, 0x0,
    0x49, 0xdf, 0xff, 0xd9, 0x30, 0x0, 0x0, 0x0,
    0x3, 0xfa, 0x0, 0x0, 0x0, 0x0, 0x0, 0x8,
    0xf7, 0x0, 0x0, 0x0, 0x0, 0x0, 0xc, 0xff,
    0xfa, 0x0, 0x0, 0x0, 0x0, 0x3, 0x58, 0xef,
    0x90, 0x0, 0x0, 0x0, 0x0, 0x0, 0x2f, 0xe0,
    0x0, 0x0, 0x0, 0x11, 0x0, 0x5f, 0xd0, 0x0,
    0x0, 0x0, 0xcf, 0xcd, 0xff, 0x60, 0x0, 0x0,
    0x0, 0x6c, 0xff, 0xd6, 0x0, 0x0,

    /* U+0160 "Š" */
    0x0, 0x4, 0xe5, 0x0, 0x0, 0x1, 0xbb, 0x0,
    0x0, 0x0, 0x6, 0xff, 0xa0, 0x0, 0x4e, 0xfe,
    0x0, 0x0, 0x0, 0x0, 0xaf, 0xfd, 0x38, 0xff,
    0xf4, 0x0, 0x0, 0x0, 0x0, 0x6, 0xff, 0xff,
    0xfc, 0x10, 0x0, 0x0, 0x0, 0x0, 0x0, 0x2d,
    0xff, 0x70, 0x0, 0x0, 0x0, 0x0, 0x0, 0x0,
    0x0, 0x63, 0x0, 0x0, 0x0, 0x0, 0x0, 0x0,
    0x0, 0x0, 0x0, 0x0, 0x0, 0x0, 0x0, 0x0,
    0x0, 0x0, 0x0, 0x0, 0x0, 0x0, 0x0, 0x0,
    0x0, 0x0, 0x0, 0x0, 0x0, 0x0, 0x0, 0x0,
    0x0, 0x0, 0x0, 0x0, 0x0, 0x0, 0x0, 0x0,
    0x0, 0x0, 0x0, 0x0, 0x5, 0xad, 0xff, 0xfd,
    0xa7, 0x20, 0x0, 0x0, 0x6, 0xef, 0xff, 0xff,
    0xff, 0xff, 0xfa, 0x0, 0x0, 0x8f, 0xff, 0xff,
    0xff, 0xff, 0xff, 0xff, 0x60, 0x4, 0xff, 0xff,
    0xfb, 0x97, 0x8a, 0xef, 0xff, 0x40, 0xc, 0xff,
    0xfc, 0x10, 0x0, 0x0, 0x6, 0xc9, 0x0, 0xf,
    0xff, 0xf1, 0x0, 0x0, 0x0, 0x0, 0x0, 0x0,
    0x2f, 0xff, 0xd0, 0x0, 0x0, 0x0, 0x0, 0x0,
    0x0, 0x2f, 0xff, 0xe0, 0x0, 0x0, 0x0, 0x0,
    0x0, 0x0, 0x1f, 0xff, 0xf6, 0x0, 0x0, 0x0,
    0x0, 0x0, 0x0, 0xc, 0xff, 0xff, 0x80, 0x0,
    0x0, 0x0, 0x0, 0x0, 0x4, 0xff, 0xff, 0xfe,
    0x82, 0x0, 0x0, 0x0, 0x0, 0x0, 0x8f, 0xff,
    0xff, 0xff, 0xb5, 0x0, 0x0, 0x0, 0x0, 0x5,
    0xef, 0xff, 0xff, 0xff, 0xd5, 0x0, 0x0, 0x0,
    0x0, 0x7, 0xef, 0xff, 0xff, 0xff, 0x90, 0x0,
    0x0, 0x0, 0x0, 0x5, 0xcf, 0xff, 0xff, 0xf9,
    0x0, 0x0, 0x0, 0x0, 0x0, 0x3, 0xbf, 0xff,
    0xff, 0x40, 0x0, 0x0, 0x0, 0x0, 0x0, 0x5,
    0xff, 0xff, 0xb0, 0x0, 0x0, 0x0, 0x0, 0x0,
    0x0, 0x7f, 0xff, 0xf0, 0x0, 0x0, 0x0, 0x0,
    0x0, 0x0, 0xf, 0xff, 0xf1, 0x0, 0x0, 0x0,
    0x0, 0x0, 0x0, 0xe, 0xff, 0xf2, 0x5, 0x30,
    0x0, 0x0, 0x0, 0x0, 0xf, 0xff, 0xf1, 0x7f,
    0xf7, 0x0, 0x0, 0x0, 0x0, 0x5f, 0xff, 0xe0,
    0xdf, 0xff, 0xb2, 0x0, 0x0, 0x6, 0xff, 0xff,
    0x90, 0xaf, 0xff, 0xff, 0xca, 0x9b, 0xef, 0xff,
    0xff, 0x10, 0x1c, 0xff, 0xff, 0xff, 0xff, 0xff,
    0xff, 0xf4, 0x0, 0x0, 0x8f, 0xff, 0xff, 0xff,
    0xff, 0xfd, 0x30, 0x0, 0x0, 0x1, 0x6a, 0xde,
    0xfe, 0xd9, 0x40, 0x0, 0x0,

    /* U+0161 "š" */
    0x4, 0xe5, 0x0, 0x0, 0x1, 0xbb, 0x0, 0x7,
    0xff, 0x90, 0x0, 0x4e, 0xfe, 0x0, 0x0, 0xbf,
    0xfd, 0x38, 0xff, 0xe4, 0x0, 0x0, 0x6, 0xff,
    0xff, 0xfc, 0x10, 0x0, 0x0, 0x0, 0x2d, 0xff,
    0x70, 0x0, 0x0, 0x0, 0x0, 0x0, 0x63, 0x0,
    0x0, 0x0, 0x0, 0x0, 0x0, 0x0, 0x0, 0x0,
    0x0, 0x0, 0x0, 0x0, 0x0, 0x0, 0x0, 0x0,
    0x0, 0x0, 0x0, 0x0, 0x0, 0x0, 0x0, 0x0,
    0x4, 0xad, 0xff, 0xeb, 0x71, 0x0, 0x0, 0xaf,
    0xff, 0xff, 0xff, 0xff, 0x50, 0x9, 0xff, 0xff,
    0xff, 0xff, 0xff, 0xa0, 0x1f, 0xff, 0xe5, 0x11,
    0x39, 0xff, 0x30, 0x6f, 0xff, 0x40, 0x0, 0x0,
    0x1, 0x0, 0x7f, 0xff, 0x20, 0x0, 0x0, 0x0,
    0x0, 0x5f, 0xff, 0xc3, 0x0, 0x0, 0x0, 0x0,
    0xe, 0xff, 0xff, 0xd8, 0x40, 0x0, 0x0, 0x2,
    0xdf, 0xff, 0xff, 0xfe, 0x80, 0x0, 0x0, 0x6,
    0xcf, 0xff, 0xff, 0xfd, 0x10, 0x0, 0x0, 0x1,
    0x6b, 0xff, 0xff, 0xb0, 0x0, 0x0, 0x0, 0x0,
    0x2e, 0xff, 0xf1, 0x0, 0x0, 0x0, 0x0, 0x6,
    0xff, 0xf3, 0x3a, 0x30, 0x0, 0x0, 0x6, 0xff,
    0xf2, 0xcf, 0xfa, 0x41, 0x1, 0x5f, 0xff, 0xf0,
    0xcf, 0xff, 0xff, 0xff, 0xff, 0xff, 0x70, 0x2c,
    0xff, 0xff, 0xff, 0xff, 0xf9, 0x0, 0x0, 0x49,
    0xde, 0xff, 0xd9, 0x30, 0x0,

    /* U+0162 "Ţ" */
    0x3e, 0xff, 0xff, 0xff, 0xff, 0xff, 0xff, 0xff,
    0xff, 0x68, 0xff, 0xff, 0xff, 0xff, 0xff, 0xff,
    0xff, 0xff, 0xfc, 0x7f, 0xff, 0xff, 0xff, 0xff,
    0xff, 0xff, 0xff, 0xff, 0xa0, 0x9a, 0xaa, 0xaa,
    0xcf, 0xff, 0xda, 0xaa, 0xaa, 0x92, 0x0, 0x0,
    0x0, 0x6, 0xff, 0xfa, 0x0, 0x0, 0x0, 0x0,
    0x0, 0x0, 0x0, 0x6f, 0xff, 0xa0, 0x0, 0x0,
    0x0, 0x0, 0x0, 0x0, 0x6, 0xff, 0xfa, 0x0,
    0x0, 0x0, 0x0, 0x0, 0x0, 0x0, 0x6f, 0xff,
    0xa0, 0x0, 0x0, 0x0, 0x0, 0x0, 0x0, 0x6,
    0xff, 0xfa, 0x0, 0x0, 0x0, 0x0, 0x0, 0x0,
    0x0, 0x6f, 0xff, 0xa0, 0x0, 0x0, 0x0, 0x0,
    0x0, 0x0, 0x6, 0xff, 0xfa, 0x0, 0x0, 0x0,
    0x0, 0x0, 0x0, 0x0, 0x6f, 0xff, 0xa0, 0x0,
    0x0, 0x0, 0x0, 0x0, 0x0, 0x6, 0xff, 0xfa,
    0x0, 0x0, 0x0, 0x0, 0x0, 0x0, 0x0, 0x6f,
    0xff, 0xa0, 0x0, 0x0, 0x0, 0x0, 0x0, 0x0,
    0x6, 0xff, 0xfa, 0x0, 0x0, 0x0, 0x0, 0x0,
    0x0, 0x0, 0x6f, 0xff, 0xa0, 0x0, 0x0, 0x0,
    0x0, 0x0, 0x0, 0x6, 0xff, 0xfa, 0x0, 0x0,
    0x0, 0x0, 0x0, 0x0, 0x0, 0x6f, 0xff, 0xa0,
    0x0, 0x0, 0x0, 0x0, 0x0, 0x0, 0x6, 0xff,
    0xfa, 0x0, 0x0, 0x0, 0x0, 0x0, 0x0, 0x0,
    0x6f, 0xff, 0xa0, 0x0, 0x0, 0x0, 0x0, 0x0,
    0x0, 0x6, 0xff, 0xfa, 0x0, 0x0, 0x0, 0x0,
    0x0, 0x0, 0x0, 0x6f, 0xff, 0xa0, 0x0, 0x0,
    0x0, 0x0, 0x0, 0x0, 0x6, 0xff, 0xfa, 0x0,
    0x0, 0x0, 0x0, 0x0, 0x0, 0x0, 0x6f, 0xff,
    0xa0, 0x0, 0x0, 0x0, 0x0, 0x0, 0x0, 0x6,
    0xff, 0xfa, 0x0, 0x0, 0x0, 0x0, 0x0, 0x0,
    0x0, 0x6f, 0xff, 0x90, 0x0, 0x0, 0x0, 0x0,
    0x0, 0x0, 0x1, 0xcf, 0xd3, 0x0, 0x0, 0x0,
    0x0, 0x0, 0x0, 0x0, 0x0, 0x0, 0x0, 0x0,
    0x0, 0x0, 0x0, 0x0, 0x0, 0x0, 0x0, 0x1,
    0x0, 0x0, 0x0, 0x0, 0x0, 0x0, 0x0, 0x0,
    0x19, 0xfc, 0x0, 0x0, 0x0, 0x0, 0x0, 0x0,
    0x1, 0x9f, 0xff, 0xf0, 0x0, 0x0, 0x0, 0x0,
    0x0, 0x6, 0xff, 0xff, 0xf7, 0x0, 0x0, 0x0,
    0x0, 0x0, 0x0, 0xdf, 0xff, 0x81, 0x0, 0x0,
    0x0, 0x0, 0x0, 0x0, 0x6, 0xe8, 0x10, 0x0,
    0x0, 0x0, 0x0,

    /* U+0163 "ţ" */
    0x7e, 0xe7, 0x0, 0x0, 0x0, 0xff, 0xff, 0x0,
    0x0, 0x0, 0xff, 0xff, 0x0, 0x0, 0x0, 0xff,
    0xff, 0x0, 0x0, 0x0, 0xff, 0xff, 0x0, 0x0,
    0x0, 0xff, 0xff, 0x0, 0x0, 0x0, 0xff, 0xff,
    0x0, 0x0, 0x0, 0xff, 0xff, 0x0, 0x0, 0x0,
    0xff, 0xff, 0xff, 0xff, 0xf6, 0xff, 0xff, 0xff,
    0xff, 0xfb, 0xff, 0xff, 0xee, 0xee, 0xe5, 0xff,
    0xff, 0x0, 0x0, 0x0, 0xff, 0xff, 0x0, 0x0,
    0x0, 0xff, 0xff, 0x0, 0x0, 0x0, 0xff, 0xff,
    0x0, 0x0, 0x0, 0xff, 0xff, 0x0, 0x0, 0x0,
    0xff, 0xff, 0x0, 0x0, 0x0, 0xff, 0xff, 0x0,
    0x0, 0x0, 0xff, 0xff, 0x0, 0x0, 0x0, 0xff,
    0xff, 0x0, 0x0, 0x0, 0xff, 0xff, 0x0, 0x0,
    0x0, 0xdf, 0xff, 0x40, 0x0, 0x0, 0x9f, 0xff,
    0xe8, 0x65, 0x40, 0x2f, 0xff, 0xff, 0xff, 0xf7,
    0x5, 0xff, 0xff, 0xff, 0xfa, 0x0, 0x18, 0xce,
    0xff, 0xe3, 0x0, 0x0, 0x0, 0x0, 0x0, 0x0,
    0x0, 0x0, 0x20, 0x0, 0x0, 0x0, 0x6e, 0xf6,
    0x0, 0x0, 0x6e, 0xff, 0xf9, 0x0, 0x1e, 0xff,
    0xff, 0x91, 0x0, 0x4f, 0xff, 0x91, 0x0, 0x0,
    0x8, 0x81, 0x0, 0x0, 0x0,

    /* U+0164 "Ť" */
    0x0, 0x0, 0x16, 0x0, 0x0, 0x0, 0x4, 0x30,
    0x0, 0x0, 0x0, 0x8, 0xfc, 0x10, 0x0, 0x9,
    0xfc, 0x0, 0x0, 0x0, 0x0, 0x5f, 0xfe, 0x50,
    0x2d, 0xff, 0x90, 0x0, 0x0, 0x0, 0x0, 0x4e,
    0xff, 0xaf, 0xff, 0x70, 0x0, 0x0, 0x0, 0x0,
    0x0, 0x1b, 0xff, 0xfd, 0x30, 0x0, 0x0, 0x0,
    0x0, 0x0, 0x0, 0x6, 0xe9, 0x0, 0x0, 0x0,
    0x0, 0x0, 0x0, 0x0, 0x0, 0x0, 0x0, 0x0,
    0x0, 0x0, 0x0, 0x0, 0x0, 0x0, 0x0, 0x0,
    0x0, 0x0, 0x0, 0x0, 0x0, 0x0, 0x0, 0x0,
    0x0, 0x0, 0x0, 0x0, 0x0, 0x0, 0x0, 0x0,
    0x0, 0x0, 0x0, 0x0, 0x0, 0x0, 0x0, 0x3e,
    0xff, 0xff, 0xff, 0xff, 0xff, 0xff, 0xff, 0xff,
    0x68, 0xff, 0xff, 0xff, 0xff, 0xff, 0xff, 0xff,
    0xff, 0xfc, 0x7f, 0xff, 0xff, 0xff, 0xff, 0xff,
    0xff, 0xff, 0xff, 0xa0, 0x9a, 0xaa, 0xaa, 0xcf,
    0xff, 0xda, 0xaa, 0xaa, 0x92, 0x0, 0x0, 0x0,
    0x6, 0xff, 0xfa, 0x0, 0x0, 0x0, 0x0, 0x0,
    0x0, 0x0, 0x6f, 0xff, 0xa0, 0x0, 0x0, 0x0,
    0x0, 0x0, 0x0, 0x6, 0xff, 0xfa, 0x0, 0x0,
    0x0, 0x0, 0x0, 0x0, 0x0, 0x6f, 0xff, 0xa0,
    0x0, 0x0, 0x0, 0x0, 0x0, 0x0, 0x6, 0xff,
    0xfa, 0x0, 0x0, 0x0, 0x0, 0x0, 0x0, 0x0,
    0x6f, 0xff, 0xa0, 0x0, 0x0, 0x0, 0x0, 0x0,
    0x0, 0x6, 0xff, 0xfa, 0x0, 0x0, 0x0, 0x0,
    0x0, 0x0, 0x0, 0x6f, 0xff, 0xa0, 0x0, 0x0,
    0x0, 0x0, 0x0, 0x0, 0x6, 0xff, 0xfa, 0x0,
    0x0, 0x0, 0x0, 0x0, 0x0, 0x0, 0x6f, 0xff,
    0xa0, 0x0, 0x0, 0x0, 0x0, 0x0, 0x0, 0x6,
    0xff, 0xfa, 0x0, 0x0, 0x0, 0x0, 0x0, 0x0,
    0x0, 0x6f, 0xff, 0xa0, 0x0, 0x0, 0x0, 0x0,
    0x0, 0x0, 0x6, 0xff, 0xfa, 0x0, 0x0, 0x0,
    0x0, 0x0, 0x0, 0x0, 0x6f, 0xff, 0xa0, 0x0,
    0x0, 0x0, 0x0, 0x0, 0x0, 0x6, 0xff, 0xfa,
    0x0, 0x0, 0x0, 0x0, 0x0, 0x0, 0x0, 0x6f,
    0xff, 0xa0, 0x0, 0x0, 0x0, 0x0, 0x0, 0x0,
    0x6, 0xff, 0xfa, 0x0, 0x0, 0x0, 0x0, 0x0,
    0x0, 0x0, 0x6f, 0xff, 0xa0, 0x0, 0x0, 0x0,
    0x0, 0x0, 0x0, 0x6, 0xff, 0xfa, 0x0, 0x0,
    0x0, 0x0, 0x0, 0x0, 0x0, 0x6f, 0xff, 0xa0,
    0x0, 0x0, 0x0, 0x0, 0x0, 0x0, 0x6, 0xff,
    0xfa, 0x0, 0x0, 0x0, 0x0, 0x0, 0x0, 0x0,
    0x6f, 0xff, 0x90, 0x0, 0x0, 0x0, 0x0, 0x0,
    0x0, 0x1, 0xcf, 0xd3, 0x0, 0x0, 0x0, 0x0,

    /* U+0165 "ť" */
    0x0, 0x0, 0x0, 0x4d, 0xe7, 0x0, 0x0, 0x0,
    0xe, 0xff, 0xf3, 0x17, 0x71, 0x0, 0xff, 0xff,
    0x5e, 0xff, 0xe0, 0xa, 0xff, 0xf1, 0xff, 0xff,
    0x0, 0xe, 0xfb, 0xf, 0xff, 0xf0, 0x4, 0xff,
    0x40, 0xff, 0xff, 0x0, 0xaf, 0xd0, 0xf, 0xff,
    0xf0, 0x4, 0xb4, 0x0, 0xff, 0xff, 0x0, 0x0,
    0x0, 0xf, 0xff, 0xf0, 0x0, 0x0, 0x0, 0xff,
    0xff, 0xff, 0xff, 0xf6, 0xf, 0xff, 0xff, 0xff,
    0xff, 0xb0, 0xff, 0xff, 0xee, 0xee, 0xe5, 0xf,
    0xff, 0xf0, 0x0, 0x0, 0x0, 0xff, 0xff, 0x0,
    0x0, 0x0, 0xf, 0xff, 0xf0, 0x0, 0x0, 0x0,
    0xff, 0xff, 0x0, 0x0, 0x0, 0xf, 0xff, 0xf0,
    0x0, 0x0, 0x0, 0xff, 0xff, 0x0, 0x0, 0x0,
    0xf, 0xff, 0xf0, 0x0, 0x0, 0x0, 0xff, 0xff,
    0x0, 0x0, 0x0, 0xf, 0xff, 0xf0, 0x0, 0x0,
    0x0, 0xff, 0xff, 0x0, 0x0, 0x0, 0xd, 0xff,
    0xf4, 0x0, 0x0, 0x0, 0xaf, 0xff, 0xe8, 0x65,
    0x40, 0x3, 0xff, 0xff, 0xff, 0xff, 0x70, 0x6,
    0xff, 0xff, 0xff, 0xfa, 0x0, 0x2, 0x8c, 0xef,
    0xfe, 0x30,

    /* U+0166 "Ŧ" */
    0x3e, 0xff, 0xff, 0xff, 0xff, 0xff, 0xff, 0xff,
    0xff, 0x68, 0xff, 0xff, 0xff, 0xff, 0xff, 0xff,
    0xff, 0xff, 0xfc, 0x7f, 0xff, 0xff, 0xff, 0xff,
    0xff, 0xff, 0xff, 0xff, 0xb0, 0x8a, 0xaa, 0xaa,
    0xcf, 0xff, 0xea, 0xaa, 0xaa, 0x92, 0x0, 0x0,
    0x0, 0x5, 0xff, 0xfa, 0x0, 0x0, 0x0, 0x0,
    0x0, 0x0, 0x0, 0x5f, 0xff, 0xa0, 0x0, 0x0,
    0x0, 0x0, 0x0, 0x0, 0x5, 0xff, 0xfa, 0x0,
    0x0, 0x0, 0x0, 0x0, 0x0, 0x0, 0x5f, 0xff,
    0xa0, 0x0, 0x0, 0x0, 0x0, 0x0, 0x0, 0x5,
    0xff, 0xfa, 0x0, 0x0, 0x0, 0x0, 0x0, 0x0,
    0x0, 0x5f, 0xff, 0xa0, 0x0, 0x0, 0x0, 0x0,
    0x0, 0x0, 0x5, 0xff, 0xfa, 0x0, 0x0, 0x0,
    0x0, 0x0, 0x0, 0x0, 0x5f, 0xff, 0xa0, 0x0,
    0x0, 0x0, 0x0, 0x1e, 0xff, 0xff, 0xff, 0xff,
    0xff, 0xff, 0x40, 0x0, 0x5, 0xff, 0xff, 0xff,
    0xff, 0xff, 0xff, 0xf9, 0x0, 0x0, 0x1e, 0xff,
    0xff, 0xff, 0xff, 0xff, 0xff, 0x40, 0x0, 0x0,
    0x0, 0x0, 0x5f, 0xff, 0xa0, 0x0, 0x0, 0x0,
    0x0, 0x0, 0x0, 0x5, 0xff, 0xfa, 0x0, 0x0,
    0x0, 0x0, 0x0, 0x0, 0x0, 0x5f, 0xff, 0xa0,
    0x0, 0x0, 0x0, 0x0, 0x0, 0x0, 0x5, 0xff,
    0xfa, 0x0, 0x0, 0x0, 0x0, 0x0, 0x0, 0x0,
    0x5f, 0xff, 0xa0, 0x0, 0x0, 0x0, 0x0, 0x0,
    0x0, 0x5, 0xff, 0xfa, 0x0, 0x0, 0x0, 0x0,
    0x0, 0x0, 0x0, 0x5f, 0xff, 0xa0, 0x0, 0x0,
    0x0, 0x0, 0x0, 0x0, 0x5, 0xff, 0xfa, 0x0,
    0x0, 0x0, 0x0, 0x0, 0x0, 0x0, 0x5f, 0xff,
    0xa0, 0x0, 0x0, 0x0, 0x0, 0x0, 0x0, 0x5,
    0xff, 0xfa, 0x0, 0x0, 0x0, 0x0, 0x0, 0x0,
    0x0, 0x5f, 0xff, 0xa0, 0x0, 0x0, 0x0, 0x0,
    0x0, 0x0, 0x1, 0xbf, 0xd4, 0x0, 0x0, 0x0,
    0x0,

    /* U+0167 "ŧ" */
    0x7e, 0xe7, 0x0, 0x0, 0x0, 0xff, 0xff, 0x0,
    0x0, 0x0, 0xff, 0xff, 0x0, 0x0, 0x0, 0xff,
    0xff, 0x0, 0x0, 0x0, 0xff, 0xff, 0x0, 0x0,
    0x0, 0xff, 0xff, 0x0, 0x0, 0x0, 0xff, 0xff,
    0x0, 0x0, 0x0, 0xff, 0xff, 0x0, 0x0, 0x0,
    0xff, 0xff, 0xff, 0xff, 0xf6, 0xff, 0xff, 0xff,
    0xff, 0xfb, 0xff, 0xff, 0xee, 0xee, 0xe5, 0xff,
    0xff, 0x0, 0x0, 0x0, 0xff, 0xff, 0x0, 0x0,
    0x0, 0xff, 0xff, 0x0, 0x0, 0x0, 0xff, 0xff,
    0xff, 0xff, 0xf5, 0xff, 0xff, 0xff, 0xff, 0xfb,
    0xff, 0xff, 0xff, 0xff, 0xf6, 0xff, 0xff, 0x0,
    0x0, 0x0, 0xff, 0xff, 0x0, 0x0, 0x0, 0xff,
    0xff, 0x0, 0x0, 0x0, 0xff, 0xff, 0x0, 0x0,
    0x0, 0xdf, 0xff, 0x40, 0x0, 0x0, 0x9f, 0xff,
    0xf8, 0x65, 0x40, 0x2f, 0xff, 0xff, 0xff, 0xf7,
    0x5, 0xff, 0xff, 0xff, 0xfa, 0x0, 0x18, 0xce,
    0xff, 0xe3,

    /* U+0168 "Ũ" */
    0x0, 0x0, 0x6a, 0xb9, 0x40, 0x0, 0x7, 0xa0,
    0x0, 0x0, 0xc, 0xff, 0xff, 0xff, 0xdc, 0xef,
    0xf4, 0x0, 0x0, 0x2f, 0xff, 0xff, 0xff, 0xff,
    0xff, 0xf2, 0x0, 0x0, 0xd, 0xc4, 0x0, 0x49,
    0xdf, 0xfc, 0x40, 0x0, 0x0, 0x0, 0x0, 0x0,
    0x0, 0x0, 0x0, 0x0, 0x0, 0x0, 0x0, 0x0,
    0x0, 0x0, 0x0, 0x0, 0x0, 0x0, 0x0, 0x0,
    0x0, 0x0, 0x0, 0x0, 0x0, 0x0, 0x0, 0x0,
    0x0, 0x0, 0x0, 0x0, 0x0, 0x0, 0x0, 0x0,
    0x0, 0x0, 0x0, 0x0, 0x0, 0x0, 0x0, 0x0,
    0x0, 0x3d, 0xfc, 0x10, 0x0, 0x0, 0x0, 0x0,
    0xbf, 0xe5, 0x9f, 0xff, 0x60, 0x0, 0x0, 0x0,
    0x4, 0xff, 0xfc, 0x9f, 0xff, 0x60, 0x0, 0x0,
    0x0, 0x4, 0xff, 0xfc, 0x9f, 0xff, 0x60, 0x0,
    0x0, 0x0, 0x4, 0xff, 0xfc, 0x9f, 0xff, 0x60,
    0x0, 0x0, 0x0, 0x4, 0xff, 0xfc, 0x9f, 0xff,
    0x60, 0x0, 0x0, 0x0, 0x4, 0xff, 0xfc, 0x9f,
    0xff, 0x60, 0x0, 0x0, 0x0, 0x4, 0xff, 0xfc,
    0x9f, 0xff, 0x60, 0x0, 0x0, 0x0, 0x4, 0xff,
    0xfc, 0x9f, 0xff, 0x60, 0x0, 0x0, 0x0, 0x4,
    0xff, 0xfc, 0x9f, 0xff, 0x60, 0x0, 0x0, 0x0,
    0x4, 0xff, 0xfc, 0x9f, 0xff, 0x60, 0x0, 0x0,
    0x0, 0x4, 0xff, 0xfc, 0x9f, 0xff, 0x60, 0x0,
    0x0, 0x0, 0x4, 0xff, 0xfc, 0x9f, 0xff, 0x60,
    0x0, 0x0, 0x0, 0x4, 0xff, 0xfc, 0x9f, 0xff,
    0x60, 0x0, 0x0, 0x0, 0x4, 0xff, 0xfc, 0x9f,
    0xff, 0x60, 0x0, 0x0, 0x0, 0x4, 0xff, 0xfc,
    0x9f, 0xff, 0x60, 0x0, 0x0, 0x0, 0x4, 0xff,
    0xfc, 0x9f, 0xff, 0x60, 0x0, 0x0, 0x0, 0x4,
    0xff, 0xfc, 0x9f, 0xff, 0x60, 0x0, 0x0, 0x0,
    0x4, 0xff, 0xfc, 0x9f, 0xff, 0x60, 0x0, 0x0,
    0x0, 0x4, 0xff, 0xfc, 0x9f, 0xff, 0x70, 0x0,
    0x0, 0x0, 0x5, 0xff, 0xfb, 0x7f, 0xff, 0xa0,
    0x0, 0x0, 0x0, 0x8, 0xff, 0xfa, 0x4f, 0xff,
    0xf1, 0x0, 0x0, 0x0, 0xe, 0xff, 0xf7, 0xf,
    0xff, 0xfc, 0x10, 0x0, 0x1, 0xbf, 0xff, 0xf2,
    0x7, 0xff, 0xff, 0xfb, 0x88, 0xbf, 0xff, 0xff,
    0x90, 0x0, 0xaf, 0xff, 0xff, 0xff, 0xff, 0xff,
    0xfc, 0x0, 0x0, 0x8, 0xff, 0xff, 0xff, 0xff,
    0xff, 0x90, 0x0, 0x0, 0x0, 0x27, 0xbd, 0xff,
    0xec, 0x72, 0x0, 0x0,

    /* U+0169 "ũ" */
    0x0, 0x5, 0xcf, 0xfc, 0x73, 0x10, 0x5d, 0xb0,
    0x0, 0x4, 0xff, 0xff, 0xff, 0xff, 0xff, 0xff,
    0x0, 0x0, 0x7f, 0xfe, 0xce, 0xff, 0xff, 0xff,
    0xa0, 0x0, 0x1, 0xa5, 0x0, 0x1, 0x69, 0xba,
    0x60, 0x0, 0x0, 0x0, 0x0, 0x0, 0x0, 0x0,
    0x0, 0x0, 0x0, 0x0, 0x0, 0x0, 0x0, 0x0,
    0x0, 0x0, 0x0, 0x0, 0x0, 0x0, 0x0, 0x0,
    0x0, 0x0, 0x0, 0x0, 0x0, 0x0, 0x0, 0x0,
    0x0, 0x0, 0x0, 0x0, 0x8, 0xfe, 0x50, 0x0,
    0x0, 0x0, 0x1b, 0xfd, 0x31, 0xff, 0xfd, 0x0,
    0x0, 0x0, 0x6, 0xff, 0xf9, 0x1f, 0xff, 0xe0,
    0x0, 0x0, 0x0, 0x6f, 0xff, 0x91, 0xff, 0xfe,
    0x0, 0x0, 0x0, 0x6, 0xff, 0xf9, 0x1f, 0xff,
    0xe0, 0x0, 0x0, 0x0, 0x6f, 0xff, 0x91, 0xff,
    0xfe, 0x0, 0x0, 0x0, 0x6, 0xff, 0xf9, 0x1f,
    0xff, 0xe0, 0x0, 0x0, 0x0, 0x6f, 0xff, 0x91,
    0xff, 0xfe, 0x0, 0x0, 0x0, 0x6, 0xff, 0xf9,
    0x1f, 0xff, 0xe0, 0x0, 0x0, 0x0, 0x6f, 0xff,
    0x91, 0xff, 0xfe, 0x0, 0x0, 0x0, 0x6, 0xff,
    0xf9, 0x1f, 0xff, 0xe0, 0x0, 0x0, 0x0, 0x6f,
    0xff, 0x90, 0xff, 0xff, 0x0, 0x0, 0x0, 0x8,
    0xff, 0xf8, 0xd, 0xff, 0xf7, 0x0, 0x0, 0x0,
    0xef, 0xff, 0x50, 0x7f, 0xff, 0xf4, 0x0, 0x0,
    0xbf, 0xff, 0xe0, 0x0, 0xcf, 0xff, 0xfb, 0x89,
    0xef, 0xff, 0xf5, 0x0, 0x1, 0xef, 0xff, 0xff,
    0xff, 0xff, 0xf8, 0x0, 0x0, 0x1, 0xbf, 0xff,
    0xff, 0xff, 0xf5, 0x0, 0x0, 0x0, 0x0, 0x5a,
    0xef, 0xfc, 0x81, 0x0, 0x0,

    /* U+016A "Ū" */
    0x0, 0x0, 0x8b, 0xbb, 0xbb, 0xbb, 0xb8, 0x0,
    0x0, 0x0, 0x2, 0xff, 0xff, 0xff, 0xff, 0xff,
    0x40, 0x0, 0x0, 0x0, 0xdf, 0xff, 0xff, 0xff,
    0xfd, 0x10, 0x0, 0x0, 0x0, 0x0, 0x0, 0x0,
    0x0, 0x0, 0x0, 0x0, 0x0, 0x0, 0x0, 0x0,
    0x0, 0x0, 0x0, 0x0, 0x0, 0x0, 0x0, 0x0,
    0x0, 0x0, 0x0, 0x0, 0x0, 0x0, 0x0, 0x0,
    0x0, 0x0, 0x0, 0x0, 0x0, 0x0, 0x0, 0x0,
    0x0, 0x0, 0x0, 0x0, 0x0, 0x0, 0x0, 0x0,
    0x0, 0x0, 0x0, 0x0, 0x0, 0x0, 0x0, 0x0,
    0x0, 0x3d, 0xfc, 0x10, 0x0, 0x0, 0x0, 0x0,
    0xbf, 0xe5, 0x9f, 0xff, 0x60, 0x0, 0x0, 0x0,
    0x4, 0xff, 0xfc, 0x9f, 0xff, 0x60, 0x0, 0x0,
    0x0, 0x4, 0xff, 0xfc, 0x9f, 0xff, 0x60, 0x0,
    0x0, 0x0, 0x4, 0xff, 0xfc, 0x9f, 0xff, 0x60,
    0x0, 0x0, 0x0, 0x4, 0xff, 0xfc, 0x9f, 0xff,
    0x60, 0x0, 0x0, 0x0, 0x4, 0xff, 0xfc, 0x9f,
    0xff, 0x60, 0x0, 0x0, 0x0, 0x4, 0xff, 0xfc,
    0x9f, 0xff, 0x60, 0x0, 0x0, 0x0, 0x4, 0xff,
    0xfc, 0x9f, 0xff, 0x60, 0x0, 0x0, 0x0, 0x4,
    0xff, 0xfc, 0x9f, 0xff, 0x60, 0x0, 0x0, 0x0,
    0x4, 0xff, 0xfc, 0x9f, 0xff, 0x60, 0x0, 0x0,
    0x0, 0x4, 0xff, 0xfc, 0x9f, 0xff, 0x60, 0x0,
    0x0, 0x0, 0x4, 0xff, 0xfc, 0x9f, 0xff, 0x60,
    0x0, 0x0, 0x0, 0x4, 0xff, 0xfc, 0x9f, 0xff,
    0x60, 0x0, 0x0, 0x0, 0x4, 0xff, 0xfc, 0x9f,
    0xff, 0x60, 0x0, 0x0, 0x0, 0x4, 0xff, 0xfc,
    0x9f, 0xff, 0x60, 0x0, 0x0, 0x0, 0x4, 0xff,
    0xfc, 0x9f, 0xff, 0x60, 0x0, 0x0, 0x0, 0x4,
    0xff, 0xfc, 0x9f, 0xff, 0x60, 0x0, 0x0, 0x0,
    0x4, 0xff, 0xfc, 0x9f, 0xff, 0x60, 0x0, 0x0,
    0x0, 0x4, 0xff, 0xfc, 0x9f, 0xff, 0x70, 0x0,
    0x0, 0x0, 0x5, 0xff, 0xfb, 0x7f, 0xff, 0xa0,
    0x0, 0x0, 0x0, 0x8, 0xff, 0xfa, 0x4f, 0xff,
    0xf1, 0x0, 0x0, 0x0, 0xe, 0xff, 0xf7, 0xf,
    0xff, 0xfc, 0x10, 0x0, 0x1, 0xbf, 0xff, 0xf2,
    0x7, 0xff, 0xff, 0xfb, 0x88, 0xbf, 0xff, 0xff,
    0x90, 0x0, 0xaf, 0xff, 0xff, 0xff, 0xff, 0xff,
    0xfc, 0x0, 0x0, 0x8, 0xff, 0xff, 0xff, 0xff,
    0xff, 0x90, 0x0, 0x0, 0x0, 0x27, 0xbd, 0xff,
    0xec, 0x72, 0x0, 0x0,

    /* U+016B "ū" */
    0x0, 0x3, 0xef, 0xff, 0xff, 0xff, 0xf9, 0x0,
    0x0, 0x0, 0x7f, 0xff, 0xff, 0xff, 0xff, 0xf0,
    0x0, 0x0, 0x1, 0xab, 0xbb, 0xbb, 0xbb, 0xb6,
    0x0, 0x0, 0x0, 0x0, 0x0, 0x0, 0x0, 0x0,
    0x0, 0x0, 0x0, 0x0, 0x0, 0x0, 0x0, 0x0,
    0x0, 0x0, 0x0, 0x0, 0x0, 0x0, 0x0, 0x0,
    0x0, 0x0, 0x0, 0x0, 0x0, 0x0, 0x0, 0x0,
    0x0, 0x0, 0x0, 0x0, 0x0, 0x0, 0x0, 0x0,
    0x0, 0x0, 0x0, 0x0, 0x8, 0xfe, 0x50, 0x0,
    0x0, 0x0, 0x1b, 0xfd, 0x31, 0xff, 0xfd, 0x0,
    0x0, 0x0, 0x6, 0xff, 0xf9, 0x1f, 0xff, 0xe0,
    0x0, 0x0, 0x0, 0x6f, 0xff, 0x91, 0xff, 0xfe,
    0x0, 0x0, 0x0, 0x6, 0xff, 0xf9, 0x1f, 0xff,
    0xe0, 0x0, 0x0, 0x0, 0x6f, 0xff, 0x91, 0xff,
    0xfe, 0x0, 0x0, 0x0, 0x6, 0xff, 0xf9, 0x1f,
    0xff, 0xe0, 0x0, 0x0, 0x0, 0x6f, 0xff, 0x91,
    0xff, 0xfe, 0x0, 0x0, 0x0, 0x6, 0xff, 0xf9,
    0x1f, 0xff, 0xe0, 0x0, 0x0, 0x0, 0x6f, 0xff,
    0x91, 0xff, 0xfe, 0x0, 0x0, 0x0, 0x6, 0xff,
    0xf9, 0x1f, 0xff, 0xe0, 0x0, 0x0, 0x0, 0x6f,
    0xff, 0x90, 0xff, 0xff, 0x0, 0x0, 0x0, 0x8,
    0xff, 0xf8, 0xd, 0xff, 0xf7, 0x0, 0x0, 0x0,
    0xef, 0xff, 0x50, 0x7f, 0xff, 0xf4, 0x0, 0x0,
    0xbf, 0xff, 0xe0, 0x0, 0xcf, 0xff, 0xfb, 0x89,
    0xef, 0xff, 0xf5, 0x0, 0x1, 0xef, 0xff, 0xff,
    0xff, 0xff, 0xf8, 0x0, 0x0, 0x1, 0xbf, 0xff,
    0xff, 0xff, 0xf5, 0x0, 0x0, 0x0, 0x0, 0x5a,
    0xef, 0xfc, 0x81, 0x0, 0x0,

    /* U+016C "Ŭ" */
    0x0, 0x0, 0x37, 0x10, 0x0, 0x1, 0x73, 0x0,
    0x0, 0x0, 0x0, 0x9f, 0xb0, 0x0, 0xa, 0xfb,
    0x0, 0x0, 0x0, 0x0, 0x2f, 0xf7, 0x0, 0x6f,
    0xf4, 0x0, 0x0, 0x0, 0x0, 0x6, 0xff, 0xfe,
    0xff, 0x70, 0x0, 0x0, 0x0, 0x0, 0x0, 0x4b,
    0xff, 0xc4, 0x0, 0x0, 0x0, 0x0, 0x0, 0x0,
    0x0, 0x0, 0x0, 0x0, 0x0, 0x0, 0x0, 0x0,
    0x0, 0x0, 0x0, 0x0, 0x0, 0x0, 0x0, 0x0,
    0x0, 0x0, 0x0, 0x0, 0x0, 0x0, 0x0, 0x0,
    0x0, 0x0, 0x0, 0x0, 0x0, 0x0, 0x0, 0x0,
    0x0, 0x0, 0x0, 0x0, 0x0, 0x0, 0x0, 0x0,
    0x0, 0x0, 0x3d, 0xfc, 0x10, 0x0, 0x0, 0x0,
    0x0, 0xbf, 0xe5, 0x9f, 0xff, 0x60, 0x0, 0x0,
    0x0, 0x4, 0xff, 0xfc, 0x9f, 0xff, 0x60, 0x0,
    0x0, 0x0, 0x4, 0xff, 0xfc, 0x9f, 0xff, 0x60,
    0x0, 0x0, 0x0, 0x4, 0xff, 0xfc, 0x9f, 0xff,
    0x60, 0x0, 0x0, 0x0, 0x4, 0xff, 0xfc, 0x9f,
    0xff, 0x60, 0x0, 0x0, 0x0, 0x4, 0xff, 0xfc,
    0x9f, 0xff, 0x60, 0x0, 0x0, 0x0, 0x4, 0xff,
    0xfc, 0x9f, 0xff, 0x60, 0x0, 0x0, 0x0, 0x4,
    0xff, 0xfc, 0x9f, 0xff, 0x60, 0x0, 0x0, 0x0,
    0x4, 0xff, 0xfc, 0x9f, 0xff, 0x60, 0x0, 0x0,
    0x0, 0x4, 0xff, 0xfc, 0x9f, 0xff, 0x60, 0x0,
    0x0, 0x0, 0x4, 0xff, 0xfc, 0x9f, 0xff, 0x60,
    0x0, 0x0, 0x0, 0x4, 0xff, 0xfc, 0x9f, 0xff,
    0x60, 0x0, 0x0, 0x0, 0x4, 0xff, 0xfc, 0x9f,
    0xff, 0x60, 0x0, 0x0, 0x0, 0x4, 0xff, 0xfc,
    0x9f, 0xff, 0x60, 0x0, 0x0, 0x0, 0x4, 0xff,
    0xfc, 0x9f, 0xff, 0x60, 0x0, 0x0, 0x0, 0x4,
    0xff, 0xfc, 0x9f, 0xff, 0x60, 0x0, 0x0, 0x0,
    0x4, 0xff, 0xfc, 0x9f, 0xff, 0x60, 0x0, 0x0,
    0x0, 0x4, 0xff, 0xfc, 0x9f, 0xff, 0x60, 0x0,
    0x0, 0x0, 0x4, 0xff, 0xfc, 0x9f, 0xff, 0x70,
    0x0, 0x0, 0x0, 0x5, 0xff, 0xfb, 0x7f, 0xff,
    0xa0, 0x0, 0x0, 0x0, 0x8, 0xff, 0xfa, 0x4f,
    0xff, 0xf1, 0x0, 0x0, 0x0, 0xe, 0xff, 0xf7,
    0xf, 0xff, 0xfc, 0x10, 0x0, 0x1, 0xbf, 0xff,
    0xf2, 0x7, 0xff, 0xff, 0xfb, 0x88, 0xbf, 0xff,
    0xff, 0x90, 0x0, 0xaf, 0xff, 0xff, 0xff, 0xff,
    0xff, 0xfc, 0x0, 0x0, 0x8, 0xff, 0xff, 0xff,
    0xff, 0xff, 0x90, 0x0, 0x0, 0x0, 0x27, 0xbd,
    0xff, 0xec, 0x72, 0x0, 0x0,

    /* U+016D "ŭ" */
    0x0, 0x0, 0xde, 0x20, 0x0, 0x9, 0xf5, 0x0,
    0x0, 0x0, 0xb, 0xf9, 0x0, 0x2, 0xff, 0x40,
    0x0, 0x0, 0x0, 0x4f, 0xf7, 0x3, 0xdf, 0xc0,
    0x0, 0x0, 0x0, 0x0, 0x6f, 0xff, 0xff, 0xd1,
    0x0, 0x0, 0x0, 0x0, 0x0, 0x3a, 0xcb, 0x70,
    0x0, 0x0, 0x0, 0x0, 0x0, 0x0, 0x0, 0x0,
    0x0, 0x0, 0x0, 0x0, 0x0, 0x0, 0x0, 0x0,
    0x0, 0x0, 0x0, 0x0, 0x0, 0x0, 0x0, 0x0,
    0x0, 0x0, 0x0, 0x0, 0x0, 0x0, 0x0, 0x0,
    0x0, 0x0, 0x0, 0x0, 0x0, 0x8f, 0xe5, 0x0,
    0x0, 0x0, 0x1, 0xbf, 0xd3, 0x1f, 0xff, 0xd0,
    0x0, 0x0, 0x0, 0x6f, 0xff, 0x91, 0xff, 0xfe,
    0x0, 0x0, 0x0, 0x6, 0xff, 0xf9, 0x1f, 0xff,
    0xe0, 0x0, 0x0, 0x0, 0x6f, 0xff, 0x91, 0xff,
    0xfe, 0x0, 0x0, 0x0, 0x6, 0xff, 0xf9, 0x1f,
    0xff, 0xe0, 0x0, 0x0, 0x0, 0x6f, 0xff, 0x91,
    0xff, 0xfe, 0x0, 0x0, 0x0, 0x6, 0xff, 0xf9,
    0x1f, 0xff, 0xe0, 0x0, 0x0, 0x0, 0x6f, 0xff,
    0x91, 0xff, 0xfe, 0x0, 0x0, 0x0, 0x6, 0xff,
    0xf9, 0x1f, 0xff, 0xe0, 0x0, 0x0, 0x0, 0x6f,
    0xff, 0x91, 0xff, 0xfe, 0x0, 0x0, 0x0, 0x6,
    0xff, 0xf9, 0xf, 0xff, 0xf0, 0x0, 0x0, 0x0,
    0x8f, 0xff, 0x80, 0xdf, 0xff, 0x70, 0x0, 0x0,
    0xe, 0xff, 0xf5, 0x7, 0xff, 0xff, 0x40, 0x0,
    0xb, 0xff, 0xfe, 0x0, 0xc, 0xff, 0xff, 0xb8,
    0x9e, 0xff, 0xff, 0x50, 0x0, 0x1e, 0xff, 0xff,
    0xff, 0xff, 0xff, 0x80, 0x0, 0x0, 0x1b, 0xff,
    0xff, 0xff, 0xff, 0x50, 0x0, 0x0, 0x0, 0x5,
    0xae, 0xff, 0xc8, 0x10, 0x0, 0x0,

    /* U+016E "Ů" */
    0x0, 0x0, 0x0, 0x1a, 0xef, 0xa1, 0x0, 0x0,
    0x0, 0x0, 0x0, 0x0, 0xdf, 0xee, 0xfe, 0x10,
    0x0, 0x0, 0x0, 0x0, 0x5, 0xf9, 0x0, 0x7f,
    0x80, 0x0, 0x0, 0x0, 0x0, 0x8, 0xf2, 0x0,
    0xf, 0xb0, 0x0, 0x0, 0x0, 0x0, 0x5, 0xf8,
    0x0, 0x6f, 0x80, 0x0, 0x0, 0x0, 0x0, 0x0,
    0xcf, 0xdc, 0xfd, 0x10, 0x0, 0x0, 0x0, 0x0,
    0x0, 0x9, 0xef, 0xa1, 0x0, 0x0, 0x0, 0x0,
    0x0, 0x0, 0x0, 0x0, 0x0, 0x0, 0x0, 0x0,
    0x0, 0x0, 0x0, 0x0, 0x0, 0x0, 0x0, 0x0,
    0x0, 0x0, 0x0, 0x0, 0x0, 0x0, 0x0, 0x0,
    0x0, 0x0, 0x0, 0x0, 0x0, 0x0, 0x0, 0x0,
    0x0, 0x0, 0x0, 0x3d, 0xfc, 0x10, 0x0, 0x0,
    0x0, 0x0, 0xbf, 0xe5, 0x9f, 0xff, 0x60, 0x0,
    0x0, 0x0, 0x4, 0xff, 0xfc, 0x9f, 0xff, 0x60,
    0x0, 0x0, 0x0, 0x4, 0xff, 0xfc, 0x9f, 0xff,
    0x60, 0x0, 0x0, 0x0, 0x4, 0xff, 0xfc, 0x9f,
    0xff, 0x60, 0x0, 0x0, 0x0, 0x4, 0xff, 0xfc,
    0x9f, 0xff, 0x60, 0x0, 0x0, 0x0, 0x4, 0xff,
    0xfc, 0x9f, 0xff, 0x60, 0x0, 0x0, 0x0, 0x4,
    0xff, 0xfc, 0x9f, 0xff, 0x60, 0x0, 0x0, 0x0,
    0x4, 0xff, 0xfc, 0x9f, 0xff, 0x60, 0x0, 0x0,
    0x0, 0x4, 0xff, 0xfc, 0x9f, 0xff, 0x60, 0x0,
    0x0, 0x0, 0x4, 0xff, 0xfc, 0x9f, 0xff, 0x60,
    0x0, 0x0, 0x0, 0x4, 0xff, 0xfc, 0x9f, 0xff,
    0x60, 0x0, 0x0, 0x0, 0x4, 0xff, 0xfc, 0x9f,
    0xff, 0x60, 0x0, 0x0, 0x0, 0x4, 0xff, 0xfc,
    0x9f, 0xff, 0x60, 0x0, 0x0, 0x0, 0x4, 0xff,
    0xfc, 0x9f, 0xff, 0x60, 0x0, 0x0, 0x0, 0x4,
    0xff, 0xfc, 0x9f, 0xff, 0x60, 0x0, 0x0, 0x0,
    0x4, 0xff, 0xfc, 0x9f, 0xff, 0x60, 0x0, 0x0,
    0x0, 0x4, 0xff, 0xfc, 0x9f, 0xff, 0x60, 0x0,
    0x0, 0x0, 0x4, 0xff, 0xfc, 0x9f, 0xff, 0x60,
    0x0, 0x0, 0x0, 0x4, 0xff, 0xfc, 0x9f, 0xff,
    0x70, 0x0, 0x0, 0x0, 0x5, 0xff, 0xfb, 0x7f,
    0xff, 0xa0, 0x0, 0x0, 0x0, 0x8, 0xff, 0xfa,
    0x4f, 0xff, 0xf1, 0x0, 0x0, 0x0, 0xe, 0xff,
    0xf7, 0xf, 0xff, 0xfc, 0x10, 0x0, 0x1, 0xbf,
    0xff, 0xf2, 0x7, 0xff, 0xff, 0xfb, 0x88, 0xbf,
    0xff, 0xff, 0x90, 0x0, 0xaf, 0xff, 0xff, 0xff,
    0xff, 0xff, 0xfc, 0x0, 0x0, 0x8, 0xff, 0xff,
    0xff, 0xff, 0xff, 0x90, 0x0, 0x0, 0x0, 0x27,
    0xbd, 0xff, 0xec, 0x72, 0x0, 0x0,

    /* U+016F "ů" */
    0x0, 0x0, 0x0, 0x4c, 0xfe, 0x80, 0x0, 0x0,
    0x0, 0x0, 0x0, 0x3f, 0xfd, 0xef, 0xb0, 0x0,
    0x0, 0x0, 0x0, 0xb, 0xf4, 0x0, 0xbf, 0x30,
    0x0, 0x0, 0x0, 0x0, 0xdd, 0x0, 0x6, 0xf5,
    0x0, 0x0, 0x0, 0x0, 0x9, 0xf7, 0x3, 0xdf,
    0x10, 0x0, 0x0, 0x0, 0x0, 0x1d, 0xff, 0xff,
    0x60, 0x0, 0x0, 0x0, 0x0, 0x0, 0x7, 0xa9,
    0x30, 0x0, 0x0, 0x0, 0x0, 0x0, 0x0, 0x0,
    0x0, 0x0, 0x0, 0x0, 0x0, 0x0, 0x0, 0x0,
    0x0, 0x0, 0x0, 0x0, 0x0, 0x0, 0x0, 0x0,
    0x0, 0x0, 0x0, 0x0, 0x0, 0x8, 0xfe, 0x50,
    0x0, 0x0, 0x0, 0x1b, 0xfd, 0x31, 0xff, 0xfd,
    0x0, 0x0, 0x0, 0x6, 0xff, 0xf9, 0x1f, 0xff,
    0xe0, 0x0, 0x0, 0x0, 0x6f, 0xff, 0x91, 0xff,
    0xfe, 0x0, 0x0, 0x0, 0x6, 0xff, 0xf9, 0x1f,
    0xff, 0xe0, 0x0, 0x0, 0x0, 0x6f, 0xff, 0x91,
    0xff, 0xfe, 0x0, 0x0, 0x0, 0x6, 0xff, 0xf9,
    0x1f, 0xff, 0xe0, 0x0, 0x0, 0x0, 0x6f, 0xff,
    0x91, 0xff, 0xfe, 0x0, 0x0, 0x0, 0x6, 0xff,
    0xf9, 0x1f, 0xff, 0xe0, 0x0, 0x0, 0x0, 0x6f,
    0xff, 0x91, 0xff, 0xfe, 0x0, 0x0, 0x0, 0x6,
    0xff, 0xf9, 0x1f, 0xff, 0xe0, 0x0, 0x0, 0x0,
    0x6f, 0xff, 0x90, 0xff, 0xff, 0x0, 0x0, 0x0,
    0x8, 0xff, 0xf8, 0xd, 0xff, 0xf7, 0x0, 0x0,
    0x0, 0xef, 0xff, 0x50, 0x7f, 0xff, 0xf4, 0x0,
    0x0, 0xbf, 0xff, 0xe0, 0x0, 0xcf, 0xff, 0xfb,
    0x89, 0xef, 0xff, 0xf5, 0x0, 0x1, 0xef, 0xff,
    0xff, 0xff, 0xff, 0xf8, 0x0, 0x0, 0x1, 0xbf,
    0xff, 0xff, 0xff, 0xf5, 0x0, 0x0, 0x0, 0x0,
    0x5a, 0xef, 0xfc, 0x81, 0x0, 0x0,

    /* U+0170 "Ű" */
    0x0, 0x0, 0x0, 0x5, 0x40, 0x0, 0x5, 0x30,
    0x0, 0x0, 0x0, 0x0, 0x8f, 0xf1, 0x0, 0xaf,
    0xf0, 0x0, 0x0, 0x0, 0xa, 0xff, 0xa0, 0xb,
    0xff, 0x80, 0x0, 0x0, 0x0, 0xcf, 0xf8, 0x1,
    0xdf, 0xf6, 0x0, 0x0, 0x0, 0x3, 0xff, 0x60,
    0x5, 0xff, 0x50, 0x0, 0x0, 0x0, 0x0, 0x54,
    0x0, 0x0, 0x63, 0x0, 0x0, 0x0, 0x0, 0x0,
    0x0, 0x0, 0x0, 0x0, 0x0, 0x0, 0x0, 0x0,
    0x0, 0x0, 0x0, 0x0, 0x0, 0x0, 0x0, 0x0,
    0x0, 0x0, 0x0, 0x0, 0x0, 0x0, 0x0, 0x0,
    0x0, 0x0, 0x0, 0x0, 0x0, 0x0, 0x0, 0x0,
    0x0, 0x0, 0x3d, 0xfc, 0x10, 0x0, 0x0, 0x0,
    0x0, 0xbf, 0xe5, 0x9f, 0xff, 0x60, 0x0, 0x0,
    0x0, 0x4, 0xff, 0xfc, 0x9f, 0xff, 0x60, 0x0,
    0x0, 0x0, 0x4, 0xff, 0xfc, 0x9f, 0xff, 0x60,
    0x0, 0x0, 0x0, 0x4, 0xff, 0xfc, 0x9f, 0xff,
    0x60, 0x0, 0x0, 0x0, 0x4, 0xff, 0xfc, 0x9f,
    0xff, 0x60, 0x0, 0x0, 0x0, 0x4, 0xff, 0xfc,
    0x9f, 0xff, 0x60, 0x0, 0x0, 0x0, 0x4, 0xff,
    0xfc, 0x9f, 0xff, 0x60, 0x0, 0x0, 0x0, 0x4,
    0xff, 0xfc, 0x9f, 0xff, 0x60, 0x0, 0x0, 0x0,
    0x4, 0xff, 0xfc, 0x9f, 0xff, 0x60, 0x0, 0x0,
    0x0, 0x4, 0xff, 0xfc, 0x9f, 0xff, 0x60, 0x0,
    0x0, 0x0, 0x4, 0xff, 0xfc, 0x9f, 0xff, 0x60,
    0x0, 0x0, 0x0, 0x4, 0xff, 0xfc, 0x9f, 0xff,
    0x60, 0x0, 0x0, 0x0, 0x4, 0xff, 0xfc, 0x9f,
    0xff, 0x60, 0x0, 0x0, 0x0, 0x4, 0xff, 0xfc,
    0x9f, 0xff, 0x60, 0x0, 0x0, 0x0, 0x4, 0xff,
    0xfc, 0x9f, 0xff, 0x60, 0x0, 0x0, 0x0, 0x4,
    0xff, 0xfc, 0x9f, 0xff, 0x60, 0x0, 0x0, 0x0,
    0x4, 0xff, 0xfc, 0x9f, 0xff, 0x60, 0x0, 0x0,
    0x0, 0x4, 0xff, 0xfc, 0x9f, 0xff, 0x60, 0x0,
    0x0, 0x0, 0x4, 0xff, 0xfc, 0x9f, 0xff, 0x70,
    0x0, 0x0, 0x0, 0x5, 0xff, 0xfb, 0x7f, 0xff,
    0xa0, 0x0, 0x0, 0x0, 0x8, 0xff, 0xfa, 0x4f,
    0xff, 0xf1, 0x0, 0x0, 0x0, 0xe, 0xff, 0xf7,
    0xf, 0xff, 0xfc, 0x10, 0x0, 0x1, 0xbf, 0xff,
    0xf2, 0x7, 0xff, 0xff, 0xfb, 0x88, 0xbf, 0xff,
    0xff, 0x90, 0x0, 0xaf, 0xff, 0xff, 0xff, 0xff,
    0xff, 0xfc, 0x0, 0x0, 0x8, 0xff, 0xff, 0xff,
    0xff, 0xff, 0x90, 0x0, 0x0, 0x0, 0x27, 0xbd,
    0xff, 0xec, 0x72, 0x0, 0x0,

    /* U+0171 "ű" */
    0x0, 0x0, 0x0, 0x5e, 0x70, 0x0, 0x6e, 0x60,
    0x0, 0x0, 0x0, 0x6f, 0xfb, 0x0, 0x8f, 0xf9,
    0x0, 0x0, 0x0, 0x8f, 0xfc, 0x0, 0xaf, 0xfa,
    0x0, 0x0, 0x0, 0x7f, 0xfa, 0x0, 0x9f, 0xf8,
    0x0, 0x0, 0x0, 0x4, 0xe8, 0x0, 0x6, 0xf6,
    0x0, 0x0, 0x0, 0x0, 0x0, 0x0, 0x0, 0x0,
    0x0, 0x0, 0x0, 0x0, 0x0, 0x0, 0x0, 0x0,
    0x0, 0x0, 0x0, 0x0, 0x0, 0x0, 0x0, 0x0,
    0x0, 0x0, 0x0, 0x0, 0x0, 0x0, 0x0, 0x0,
    0x0, 0x0, 0x0, 0x0, 0x0, 0x8f, 0xe5, 0x0,
    0x0, 0x0, 0x1, 0xbf, 0xd3, 0x1f, 0xff, 0xd0,
    0x0, 0x0, 0x0, 0x6f, 0xff, 0x91, 0xff, 0xfe,
    0x0, 0x0, 0x0, 0x6, 0xff, 0xf9, 0x1f, 0xff,
    0xe0, 0x0, 0x0, 0x0, 0x6f, 0xff, 0x91, 0xff,
    0xfe, 0x0, 0x0, 0x0, 0x6, 0xff, 0xf9, 0x1f,
    0xff, 0xe0, 0x0, 0x0, 0x0, 0x6f, 0xff, 0x91,
    0xff, 0xfe, 0x0, 0x0, 0x0, 0x6, 0xff, 0xf9,
    0x1f, 0xff, 0xe0, 0x0, 0x0, 0x0, 0x6f, 0xff,
    0x91, 0xff, 0xfe, 0x0, 0x0, 0x0, 0x6, 0xff,
    0xf9, 0x1f, 0xff, 0xe0, 0x0, 0x0, 0x0, 0x6f,
    0xff, 0x91, 0xff, 0xfe, 0x0, 0x0, 0x0, 0x6,
    0xff, 0xf9, 0xf, 0xff, 0xf0, 0x0, 0x0, 0x0,
    0x8f, 0xff, 0x80, 0xdf, 0xff, 0x70, 0x0, 0x0,
    0xe, 0xff, 0xf5, 0x7, 0xff, 0xff, 0x40, 0x0,
    0xb, 0xff, 0xfe, 0x0, 0xc, 0xff, 0xff, 0xb8,
    0x9e, 0xff, 0xff, 0x50, 0x0, 0x1e, 0xff, 0xff,
    0xff, 0xff, 0xff, 0x80, 0x0, 0x0, 0x1b, 0xff,
    0xff, 0xff, 0xff, 0x50, 0x0, 0x0, 0x0, 0x5,
    0xae, 0xff, 0xc8, 0x10, 0x0, 0x0,

    /* U+0172 "Ų" */
    0x3d, 0xfc, 0x10, 0x0, 0x0, 0x0, 0x0, 0xbf,
    0xe5, 0x9f, 0xff, 0x60, 0x0, 0x0, 0x0, 0x4,
    0xff, 0xfc, 0x9f, 0xff, 0x60, 0x0, 0x0, 0x0,
    0x4, 0xff, 0xfc, 0x9f, 0xff, 0x60, 0x0, 0x0,
    0x0, 0x4, 0xff, 0xfc, 0x9f, 0xff, 0x60, 0x0,
    0x0, 0x0, 0x4, 0xff, 0xfc, 0x9f, 0xff, 0x60,
    0x0, 0x0, 0x0, 0x4, 0xff, 0xfc, 0x9f, 0xff,
    0x60, 0x0, 0x0, 0x0, 0x4, 0xff, 0xfc, 0x9f,
    0xff, 0x60, 0x0, 0x0, 0x0, 0x4, 0xff, 0xfc,
    0x9f, 0xff, 0x60, 0x0, 0x0, 0x0, 0x4, 0xff,
    0xfc, 0x9f, 0xff, 0x60, 0x0, 0x0, 0x0, 0x4,
    0xff, 0xfc, 0x9f, 0xff, 0x60, 0x0, 0x0, 0x0,
    0x4, 0xff, 0xfc, 0x9f, 0xff, 0x60, 0x0, 0x0,
    0x0, 0x4, 0xff, 0xfc, 0x9f, 0xff, 0x60, 0x0,
    0x0, 0x0, 0x4, 0xff, 0xfc, 0x9f, 0xff, 0x60,
    0x0, 0x0, 0x0, 0x4, 0xff, 0xfc, 0x9f, 0xff,
    0x60, 0x0, 0x0, 0x0, 0x4, 0xff, 0xfc, 0x9f,
    0xff, 0x60, 0x0, 0x0, 0x0, 0x4, 0xff, 0xfc,
    0x9f, 0xff, 0x60, 0x0, 0x0, 0x0, 0x4, 0xff,
    0xfc, 0x9f, 0xff, 0x60, 0x0, 0x0, 0x0, 0x4,
    0xff, 0xfc, 0x9f, 0xff, 0x60, 0x0, 0x0, 0x0,
    0x4, 0xff, 0xfc, 0x9f, 0xff, 0x70, 0x0, 0x0,
    0x0, 0x5, 0xff, 0xfb, 0x7f, 0xff, 0xa0, 0x0,
    0x0, 0x0, 0x8, 0xff, 0xfa, 0x4f, 0xff, 0xf1,
    0x0, 0x0, 0x0, 0xe, 0xff, 0xf7, 0xf, 0xff,
    0xfc, 0x10, 0x0, 0x1, 0xbf, 0xff, 0xf2, 0x7,
    0xff, 0xff, 0xfb, 0x88, 0xbf, 0xff, 0xff, 0x90,
    0x0, 0xaf, 0xff, 0xff, 0xff, 0xff, 0xff, 0xfc,
    0x0, 0x0, 0x8, 0xff, 0xff, 0xff, 0xff, 0xff,
    0x90, 0x0, 0x0, 0x0, 0x27, 0xbd, 0xff, 0xff,
    0x82, 0x0, 0x0, 0x0, 0x0, 0x0, 0x0, 0x1e,
    0xf4, 0x0, 0x0, 0x0, 0x0, 0x0, 0x0, 0x0,
    0xbf, 0x60, 0x0, 0x0, 0x0, 0x0, 0x0, 0x0,
    0x3, 0xfd, 0x0, 0x0, 0x0, 0x0, 0x0, 0x0,
    0x0, 0x8, 0xf8, 0x0, 0x0, 0x0, 0x0, 0x0,
    0x0, 0x0, 0xa, 0xf7, 0x0, 0x0, 0x0, 0x0,
    0x0, 0x0, 0x0, 0x7, 0xfe, 0x30, 0x0, 0x0,
    0x0, 0x0, 0x0, 0x0, 0x1, 0xdf, 0xff, 0x50,
    0x0, 0x0, 0x0, 0x0, 0x0, 0x0, 0x6, 0xab,
    0x40, 0x0, 0x0,

    /* U+0173 "ų" */
    0x8, 0xfe, 0x50, 0x0, 0x0, 0x0, 0x1b, 0xfd,
    0x31, 0xff, 0xfd, 0x0, 0x0, 0x0, 0x6, 0xff,
    0xf9, 0x1f, 0xff, 0xe0, 0x0, 0x0, 0x0, 0x6f,
    0xff, 0x91, 0xff, 0xfe, 0x0, 0x0, 0x0, 0x6,
    0xff, 0xf9, 0x1f, 0xff, 0xe0, 0x0, 0x0, 0x0,
    0x6f, 0xff, 0x91, 0xff, 0xfe, 0x0, 0x0, 0x0,
    0x6, 0xff, 0xf9, 0x1f, 0xff, 0xe0, 0x0, 0x0,
    0x0, 0x6f, 0xff, 0x91, 0xff, 0xfe, 0x0, 0x0,
    0x0, 0x6, 0xff, 0xf9, 0x1f, 0xff, 0xe0, 0x0,
    0x0, 0x0, 0x6f, 0xff, 0x91, 0xff, 0xfe, 0x0,
    0x0, 0x0, 0x6, 0xff, 0xf9, 0x1f, 0xff, 0xe0,
    0x0, 0x0, 0x0, 0x6f, 0xff, 0x90, 0xff, 0xff,
    0x0, 0x0, 0x0, 0x8, 0xff, 0xf8, 0xd, 0xff,
    0xf7, 0x0, 0x0, 0x0, 0xef, 0xff, 0x50, 0x7f,
    0xff, 0xf4, 0x0, 0x0, 0xbf, 0xff, 0xe0, 0x0,
    0xcf, 0xff, 0xfb, 0x89, 0xef, 0xff, 0xf5, 0x0,
    0x1, 0xef, 0xff, 0xff, 0xff, 0xff, 0xf8, 0x0,
    0x0, 0x1, 0xbf, 0xff, 0xff, 0xff, 0xf5, 0x0,
    0x0, 0x0, 0x0, 0x5a, 0xef, 0xff, 0xb1, 0x0,
    0x0, 0x0, 0x0, 0x0, 0x0, 0xcf, 0x70, 0x0,
    0x0, 0x0, 0x0, 0x0, 0x0, 0x7f, 0xa0, 0x0,
    0x0, 0x0, 0x0, 0x0, 0x0, 0xe, 0xf1, 0x0,
    0x0, 0x0, 0x0, 0x0, 0x0, 0x4, 0xfc, 0x0,
    0x0, 0x0, 0x0, 0x0, 0x0, 0x0, 0x6f, 0xb0,
    0x0, 0x0, 0x0, 0x0, 0x0, 0x0, 0x3, 0xff,
    0x50, 0x0, 0x0, 0x0, 0x0, 0x0, 0x0, 0xa,
    0xff, 0xf9, 0x0, 0x0, 0x0, 0x0, 0x0, 0x0,
    0x4, 0x9b, 0x70, 0x0, 0x0,

    /* U+0174 "Ŵ" */
    0x0, 0x0, 0x0, 0x0, 0x0, 0x0, 0x0, 0x6d,
    0xd6, 0x0, 0x0, 0x0, 0x0, 0x0, 0x0, 0x0,
    0x0, 0x0, 0x0, 0x0, 0x0, 0x0, 0x6d, 0xff,
    0xff, 0xe7, 0x0, 0x0, 0x0, 0x0, 0x0, 0x0,
    0x0, 0x0, 0x0, 0x0, 0x0, 0xd, 0xff, 0xfa,
    0xaf, 0xff, 0xe1, 0x0, 0x0, 0x0, 0x0, 0x0,
    0x0, 0x0, 0x0, 0x0, 0x0, 0x2f, 0xfa, 0x20,
    0x2, 0xaf, 0xf4, 0x0, 0x0, 0x0, 0x0, 0x0,
    0x0, 0x0, 0x0, 0x0, 0x0, 0x6, 0x20, 0x0,
    0x0, 0x2, 0x60, 0x0, 0x0, 0x0, 0x0, 0x0,
    0x0, 0x0, 0x0, 0x0, 0x0, 0x0, 0x0, 0x0,
    0x0, 0x0, 0x0, 0x0, 0x0, 0x0, 0x0, 0x0,
    0x0, 0x0, 0x0, 0x0, 0x0, 0x0, 0x0, 0x0,
    0x0, 0x0, 0x0, 0x0, 0x0, 0x0, 0x0, 0x0,
    0x0, 0x0, 0x0, 0x0, 0x0, 0x0, 0x0, 0x0,
    0x0, 0x0, 0x0, 0x0, 0x0, 0x0, 0x0, 0x0,
    0x0, 0x0, 0x0, 0x0, 0x0, 0x0, 0x0, 0x0,
    0x0, 0x0, 0x0, 0x0, 0x0, 0x0, 0x0, 0x0,
    0x9, 0xee, 0x20, 0x0, 0x0, 0x0, 0x0, 0x0,
    0x0, 0x0, 0x0, 0x0, 0x0, 0x2, 0xdf, 0xa1,
    0x6f, 0xff, 0x90, 0x0, 0x0, 0x0, 0x0, 0x0,
    0x0, 0x0, 0x0, 0x0, 0x0, 0x8, 0xff, 0xf8,
    0x4f, 0xff, 0xe0, 0x0, 0x0, 0x0, 0x0, 0x0,
    0x0, 0x0, 0x0, 0x0, 0x0, 0xc, 0xff, 0xf5,
    0xf, 0xff, 0xf3, 0x0, 0x0, 0x0, 0x0, 0x0,
    0x0, 0x0, 0x0, 0x0, 0x0, 0x1f, 0xff, 0xf1,
    0xa, 0xff, 0xf8, 0x0, 0x0, 0x0, 0x0, 0x0,
    0x0, 0x0, 0x0, 0x0, 0x0, 0x6f, 0xff, 0xb0,
    0x5, 0xff, 0xfc, 0x0, 0x0, 0x0, 0x0, 0x0,
    0x0, 0x0, 0x0, 0x0, 0x0, 0xbf, 0xff, 0x60,
    0x0, 0xff, 0xff, 0x10, 0x0, 0x0, 0x0, 0x0,
    0x0, 0x0, 0x0, 0x0, 0x0, 0xff, 0xff, 0x10,
    0x0, 0xbf, 0xff, 0x60, 0x0, 0x0, 0x0, 0x17,
    0x82, 0x0, 0x0, 0x0, 0x4, 0xff, 0xfc, 0x0,
    0x0, 0x6f, 0xff, 0xb0, 0x0, 0x0, 0x0, 0xef,
    0xff, 0x0, 0x0, 0x0, 0x9, 0xff, 0xf7, 0x0,
    0x0, 0x1f, 0xff, 0xf0, 0x0, 0x0, 0x2, 0xff,
    0xff, 0x40, 0x0, 0x0, 0xd, 0xff, 0xf2, 0x0,
    0x0, 0xc, 0xff, 0xf4, 0x0, 0x0, 0x7, 0xff,
    0xff, 0x80, 0x0, 0x0, 0x2f, 0xff, 0xd0, 0x0,
    0x0, 0x7, 0xff, 0xf9, 0x0, 0x0, 0xb, 0xff,
    0xff, 0xd0, 0x0, 0x0, 0x7f, 0xff, 0x80, 0x0,
    0x0, 0x1, 0xff, 0xfe, 0x0, 0x0, 0xf, 0xff,
    0xff, 0xf1, 0x0, 0x0, 0xcf, 0xff, 0x30, 0x0,
    0x0, 0x0, 0xcf, 0xff, 0x20, 0x0, 0x3f, 0xff,
    0xff, 0xf5, 0x0, 0x1, 0xff, 0xfe, 0x0, 0x0,
    0x0, 0x0, 0x7f, 0xff, 0x70, 0x0, 0x8f, 0xff,
    0xff, 0xf9, 0x0, 0x5, 0xff, 0xf9, 0x0, 0x0,
    0x0, 0x0, 0x2f, 0xff, 0xc0, 0x0, 0xcf, 0xfd,
    0xbf, 0xfe, 0x0, 0xa, 0xff, 0xf4, 0x0, 0x0,
    0x0, 0x0, 0xd, 0xff, 0xf1, 0x0, 0xff, 0xf9,
    0x6f, 0xff, 0x20, 0xe, 0xff, 0xe0, 0x0, 0x0,
    0x0, 0x0, 0x8, 0xff, 0xf5, 0x4, 0xff, 0xf5,
    0x2f, 0xff, 0x60, 0x3f, 0xff, 0xa0, 0x0, 0x0,
    0x0, 0x0, 0x3, 0xff, 0xfa, 0x8, 0xff, 0xf1,
    0xe, 0xff, 0xa0, 0x8f, 0xff, 0x50, 0x0, 0x0,
    0x0, 0x0, 0x0, 0xef, 0xff, 0xd, 0xff, 0xc0,
    0xa, 0xff, 0xe0, 0xdf, 0xff, 0x0, 0x0, 0x0,
    0x0, 0x0, 0x0, 0x9f, 0xff, 0x5f, 0xff, 0x80,
    0x6, 0xff, 0xf5, 0xff, 0xfa, 0x0, 0x0, 0x0,
    0x0, 0x0, 0x0, 0x4f, 0xff, 0xdf, 0xff, 0x40,
    0x2, 0xff, 0xfd, 0xff, 0xf5, 0x0, 0x0, 0x0,
    0x0, 0x0, 0x0, 0xe, 0xff, 0xff, 0xff, 0x0,
    0x0, 0xdf, 0xff, 0xff, 0xf1, 0x0, 0x0, 0x0,
    0x0, 0x0, 0x0, 0xa, 0xff, 0xff, 0xfc, 0x0,
    0x0, 0x9f, 0xff, 0xff, 0xb0, 0x0, 0x0, 0x0,
    0x0, 0x0, 0x0, 0x5, 0xff, 0xff, 0xf7, 0x0,
    0x0, 0x5f, 0xff, 0xff, 0x60, 0x0, 0x0, 0x0,
    0x0, 0x0, 0x0, 0x0, 0xff, 0xff, 0xf3, 0x0,
    0x0, 0x1f, 0xff, 0xff, 0x10, 0x0, 0x0, 0x0,
    0x0, 0x0, 0x0, 0x0, 0x4d, 0xfe, 0x70, 0x0,
    0x0, 0x6, 0xdf, 0xd5, 0x0, 0x0, 0x0, 0x0,

    /* U+0175 "ŵ" */
    0x0, 0x0, 0x0, 0x0, 0x0, 0x0, 0x55, 0x0,
    0x0, 0x0, 0x0, 0x0, 0x0, 0x0, 0x0, 0x0,
    0x0, 0x0, 0x6e, 0xff, 0xd6, 0x0, 0x0, 0x0,
    0x0, 0x0, 0x0, 0x0, 0x0, 0x0, 0x6e, 0xff,
    0xff, 0xff, 0xe5, 0x0, 0x0, 0x0, 0x0, 0x0,
    0x0, 0x0, 0x3, 0xff, 0xfa, 0x22, 0xaf, 0xff,
    0x20, 0x0, 0x0, 0x0, 0x0, 0x0, 0x0, 0x1,
    0xea, 0x20, 0x0, 0x3, 0xae, 0x10, 0x0, 0x0,
    0x0, 0x0, 0x0, 0x0, 0x0, 0x0, 0x0, 0x0,
    0x0, 0x0, 0x0, 0x0, 0x0, 0x0, 0x0, 0x0,
    0x0, 0x0, 0x0, 0x0, 0x0, 0x0, 0x0, 0x0,
    0x0, 0x0, 0x0, 0x0, 0x0, 0x0, 0x0, 0x0,
    0x0, 0x0, 0x0, 0x0, 0x0, 0x0, 0x0, 0x0,
    0x0, 0x0, 0x0, 0x0, 0x0, 0x0, 0x0, 0x0,
    0x0, 0x0, 0x0, 0x0, 0x0, 0x1a, 0xfc, 0x0,
    0x0, 0x0, 0x0, 0x0, 0x0, 0x0, 0x0, 0x1,
    0xde, 0x80, 0x9f, 0xff, 0x60, 0x0, 0x0, 0x2,
    0xcb, 0x20, 0x0, 0x0, 0x7, 0xff, 0xf7, 0x5f,
    0xff, 0xc0, 0x0, 0x0, 0x9, 0xff, 0x80, 0x0,
    0x0, 0xd, 0xff, 0xf4, 0xe, 0xff, 0xf2, 0x0,
    0x0, 0xe, 0xff, 0xd0, 0x0, 0x0, 0x3f, 0xff,
    0xe0, 0x9, 0xff, 0xf8, 0x0, 0x0, 0x3f, 0xff,
    0xf2, 0x0, 0x0, 0x9f, 0xff, 0x80, 0x2, 0xff,
    0xfd, 0x0, 0x0, 0x9f, 0xff, 0xf7, 0x0, 0x0,
    0xef, 0xff, 0x20, 0x0, 0xcf, 0xff, 0x30, 0x0,
    0xef, 0xff, 0xfc, 0x0, 0x5, 0xff, 0xfb, 0x0,
    0x0, 0x6f, 0xff, 0x90, 0x3, 0xff, 0xff, 0xff,
    0x10, 0xb, 0xff, 0xf5, 0x0, 0x0, 0xf, 0xff,
    0xf0, 0x8, 0xff, 0xbc, 0xff, 0x60, 0x1f, 0xff,
    0xe0, 0x0, 0x0, 0x9, 0xff, 0xf5, 0xd, 0xff,
    0x56, 0xff, 0xb0, 0x6f, 0xff, 0x80, 0x0, 0x0,
    0x3, 0xff, 0xfb, 0x2f, 0xff, 0x1, 0xff, 0xf0,
    0xcf, 0xff, 0x20, 0x0, 0x0, 0x0, 0xdf, 0xff,
    0x8f, 0xfa, 0x0, 0xbf, 0xf7, 0xff, 0xfc, 0x0,
    0x0, 0x0, 0x0, 0x6f, 0xff, 0xff, 0xf4, 0x0,
    0x6f, 0xff, 0xff, 0xf5, 0x0, 0x0, 0x0, 0x0,
    0xf, 0xff, 0xff, 0xe0, 0x0, 0xf, 0xff, 0xff,
    0xe0, 0x0, 0x0, 0x0, 0x0, 0xa, 0xff, 0xff,
    0x90, 0x0, 0xa, 0xff, 0xff, 0x90, 0x0, 0x0,
    0x0, 0x0, 0x3, 0xff, 0xff, 0x40, 0x0, 0x5,
    0xff, 0xff, 0x20, 0x0, 0x0, 0x0, 0x0, 0x0,
    0xdf, 0xfe, 0x0, 0x0, 0x0, 0xff, 0xfc, 0x0,
    0x0, 0x0, 0x0, 0x0, 0x0, 0x5e, 0xe6, 0x0,
    0x0, 0x0, 0x7e, 0xe4, 0x0, 0x0, 0x0,

    /* U+0176 "Ŷ" */
    0x0, 0x0, 0x0, 0x0, 0x6, 0xc7, 0x0, 0x0,
    0x0, 0x0, 0x0, 0x0, 0x0, 0x0, 0x5d, 0xff,
    0xfe, 0x60, 0x0, 0x0, 0x0, 0x0, 0x0, 0x1,
    0xcf, 0xff, 0xef, 0xff, 0xd3, 0x0, 0x0, 0x0,
    0x0, 0x0, 0xaf, 0xfe, 0x60, 0x5d, 0xff, 0xc0,
    0x0, 0x0, 0x0, 0x0, 0x8, 0xf8, 0x0, 0x0,
    0x7, 0xfa, 0x0, 0x0, 0x0, 0x0, 0x0, 0x0,
    0x0, 0x0, 0x0, 0x0, 0x0, 0x0, 0x0, 0x0,
    0x0, 0x0, 0x0, 0x0, 0x0, 0x0, 0x0, 0x0,
    0x0, 0x0, 0x0, 0x0, 0x0, 0x0, 0x0, 0x0,
    0x0, 0x0, 0x0, 0x0, 0x0, 0x0, 0x0, 0x0,
    0x0, 0x0, 0x0, 0x0, 0x0, 0x0, 0x0, 0x9e,
    0xd1, 0x0, 0x0, 0x0, 0x0, 0x0, 0x0, 0xcf,
    0xa1, 0x7f, 0xff, 0x90, 0x0, 0x0, 0x0, 0x0,
    0x0, 0x8f, 0xff, 0x94, 0xff, 0xff, 0x20, 0x0,
    0x0, 0x0, 0x0, 0x1f, 0xff, 0xf5, 0xb, 0xff,
    0xfb, 0x0, 0x0, 0x0, 0x0, 0x9, 0xff, 0xfc,
    0x0, 0x2f, 0xff, 0xf3, 0x0, 0x0, 0x0, 0x2,
    0xff, 0xff, 0x30, 0x0, 0x8f, 0xff, 0xc0, 0x0,
    0x0, 0x0, 0xaf, 0xff, 0xa0, 0x0, 0x0, 0xef,
    0xff, 0x40, 0x0, 0x0, 0x3f, 0xff, 0xf1, 0x0,
    0x0, 0x6, 0xff, 0xfd, 0x0, 0x0, 0xb, 0xff,
    0xf8, 0x0, 0x0, 0x0, 0xd, 0xff, 0xf5, 0x0,
    0x4, 0xff, 0xfe, 0x0, 0x0, 0x0, 0x0, 0x4f,
    0xff, 0xe0, 0x0, 0xcf, 0xff, 0x50, 0x0, 0x0,
    0x0, 0x0, 0xaf, 0xff, 0x70, 0x5f, 0xff, 0xc0,
    0x0, 0x0, 0x0, 0x0, 0x2, 0xff, 0xfe, 0x1d,
    0xff, 0xf3, 0x0, 0x0, 0x0, 0x0, 0x0, 0x8,
    0xff, 0xfc, 0xff, 0xfa, 0x0, 0x0, 0x0, 0x0,
    0x0, 0x0, 0xe, 0xff, 0xff, 0xff, 0x10, 0x0,
    0x0, 0x0, 0x0, 0x0, 0x0, 0x6f, 0xff, 0xff,
    0x80, 0x0, 0x0, 0x0, 0x0, 0x0, 0x0, 0x0,
    0xcf, 0xff, 0xe0, 0x0, 0x0, 0x0, 0x0, 0x0,
    0x0, 0x0, 0x7, 0xff, 0xf9, 0x0, 0x0, 0x0,
    0x0, 0x0, 0x0, 0x0, 0x0, 0x7f, 0xff, 0x90,
    0x0, 0x0, 0x0, 0x0, 0x0, 0x0, 0x0, 0x7,
    0xff, 0xf9, 0x0, 0x0, 0x0, 0x0, 0x0, 0x0,
    0x0, 0x0, 0x7f, 0xff, 0x90, 0x0, 0x0, 0x0,
    0x0, 0x0, 0x0, 0x0, 0x7, 0xff, 0xf9, 0x0,
    0x0, 0x0, 0x0, 0x0, 0x0, 0x0, 0x0, 0x7f,
    0xff, 0x90, 0x0, 0x0, 0x0, 0x0, 0x0, 0x0,
    0x0, 0x7, 0xff, 0xf9, 0x0, 0x0, 0x0, 0x0,
    0x0, 0x0, 0x0, 0x0, 0x7f, 0xff, 0x90, 0x0,
    0x0, 0x0, 0x0, 0x0, 0x0, 0x0, 0x7, 0xff,
    0xf9, 0x0, 0x0, 0x0, 0x0, 0x0, 0x0, 0x0,
    0x0, 0x7f, 0xff, 0x90, 0x0, 0x0, 0x0, 0x0,
    0x0, 0x0, 0x0, 0x2, 0xcf, 0xd3, 0x0, 0x0,
    0x0, 0x0,

    /* U+0177 "ŷ" */
    0x0, 0x0, 0x0, 0x1, 0x63, 0x0, 0x0, 0x0,
    0x0, 0x0, 0x0, 0x19, 0xff, 0xfb, 0x30, 0x0,
    0x0, 0x0, 0x0, 0x9f, 0xff, 0xff, 0xff, 0xb2,
    0x0, 0x0, 0x0, 0x9f, 0xfe, 0x70, 0x5d, 0xff,
    0xd0, 0x0, 0x0, 0x6, 0xe7, 0x0, 0x0, 0x5,
    0xda, 0x0, 0x0, 0x0, 0x0, 0x0, 0x0, 0x0,
    0x0, 0x0, 0x0, 0x0, 0x0, 0x0, 0x0, 0x0,
    0x0, 0x0, 0x0, 0x0, 0x0, 0x0, 0x0, 0x0,
    0x0, 0x0, 0x0, 0x0, 0x0, 0x0, 0x0, 0x0,
    0x0, 0x0, 0x0, 0x0, 0x0, 0x8e, 0xd1, 0x0,
    0x0, 0x0, 0x0, 0xaf, 0x91, 0x9f, 0xff, 0x70,
    0x0, 0x0, 0x0, 0x3f, 0xff, 0xb7, 0xff, 0xfd,
    0x0, 0x0, 0x0, 0x8, 0xff, 0xfb, 0x1f, 0xff,
    0xf4, 0x0, 0x0, 0x0, 0xef, 0xff, 0x40, 0x9f,
    0xff, 0xa0, 0x0, 0x0, 0x3f, 0xff, 0xe0, 0x2,
    0xff, 0xff, 0x10, 0x0, 0x9, 0xff, 0xf8, 0x0,
    0xa, 0xff, 0xf7, 0x0, 0x0, 0xef, 0xff, 0x20,
    0x0, 0x3f, 0xff, 0xd0, 0x0, 0x4f, 0xff, 0xb0,
    0x0, 0x0, 0xcf, 0xff, 0x40, 0xa, 0xff, 0xf5,
    0x0, 0x0, 0x5, 0xff, 0xfa, 0x0, 0xff, 0xfe,
    0x0, 0x0, 0x0, 0xd, 0xff, 0xf1, 0x5f, 0xff,
    0x80, 0x0, 0x0, 0x0, 0x6f, 0xff, 0x7a, 0xff,
    0xf2, 0x0, 0x0, 0x0, 0x0, 0xef, 0xfe, 0xff,
    0xfb, 0x0, 0x0, 0x0, 0x0, 0x8, 0xff, 0xff,
    0xff, 0x50, 0x0, 0x0, 0x0, 0x0, 0x1f, 0xff,
    0xff, 0xe0, 0x0, 0x0, 0x0, 0x0, 0x0, 0x9f,
    0xff, 0xf8, 0x0, 0x0, 0x0, 0x0, 0x0, 0x3,
    0xff, 0xff, 0x20, 0x0, 0x0, 0x0, 0x0, 0x0,
    0x5f, 0xff, 0xc0, 0x0, 0x0, 0x0, 0x0, 0x0,
    0x9, 0xff, 0xf6, 0x0, 0x0, 0x0, 0x0, 0x0,
    0x1, 0xff, 0xff, 0x0, 0x0, 0x0, 0x0, 0x0,
    0x0, 0xbf, 0xff, 0x80, 0x0, 0x0, 0x0, 0x0,
    0x1, 0xbf, 0xff, 0xf1, 0x0, 0x0, 0x0, 0x0,
    0x69, 0xff, 0xff, 0xf8, 0x0, 0x0, 0x0, 0x0,
    0x7f, 0xff, 0xff, 0xfc, 0x0, 0x0, 0x0, 0x0,
    0x9, 0xff, 0xff, 0xfb, 0x10, 0x0, 0x0, 0x0,
    0x0, 0x4e, 0xfd, 0xa4, 0x0, 0x0, 0x0, 0x0,
    0x0, 0x0,

    /* U+0178 "Ÿ" */
    0x0, 0x0, 0x0, 0x6, 0x50, 0x0, 0x46, 0x0,
    0x0, 0x0, 0x0, 0x0, 0x0, 0x9, 0xff, 0x60,
    0x4f, 0xfa, 0x0, 0x0, 0x0, 0x0, 0x0, 0x0,
    0xcf, 0xf8, 0x7, 0xff, 0xd0, 0x0, 0x0, 0x0,
    0x0, 0x0, 0x4, 0xed, 0x20, 0x1c, 0xe5, 0x0,
    0x0, 0x0, 0x0, 0x0, 0x0, 0x0, 0x0, 0x0,
    0x0, 0x0, 0x0, 0x0, 0x0, 0x0, 0x0, 0x0,
    0x0, 0x0, 0x0, 0x0, 0x0, 0x0, 0x0, 0x0,
    0x0, 0x0, 0x0, 0x0, 0x0, 0x0, 0x0, 0x0,
    0x0, 0x0, 0x0, 0x0, 0x0, 0x0, 0x0, 0x0,
    0x0, 0x0, 0x0, 0x0, 0x9, 0xed, 0x10, 0x0,
    0x0, 0x0, 0x0, 0x0, 0xc, 0xfa, 0x17, 0xff,
    0xf9, 0x0, 0x0, 0x0, 0x0, 0x0, 0x8, 0xff,
    0xf9, 0x4f, 0xff, 0xf2, 0x0, 0x0, 0x0, 0x0,
    0x1, 0xff, 0xff, 0x50, 0xbf, 0xff, 0xb0, 0x0,
    0x0, 0x0, 0x0, 0x9f, 0xff, 0xc0, 0x2, 0xff,
    0xff, 0x30, 0x0, 0x0, 0x0, 0x2f, 0xff, 0xf3,
    0x0, 0x8, 0xff, 0xfc, 0x0, 0x0, 0x0, 0xa,
    0xff, 0xfa, 0x0, 0x0, 0xe, 0xff, 0xf4, 0x0,
    0x0, 0x3, 0xff, 0xff, 0x10, 0x0, 0x0, 0x6f,
    0xff, 0xd0, 0x0, 0x0, 0xbf, 0xff, 0x80, 0x0,
    0x0, 0x0, 0xdf, 0xff, 0x50, 0x0, 0x4f, 0xff,
    0xe0, 0x0, 0x0, 0x0, 0x4, 0xff, 0xfe, 0x0,
    0xc, 0xff, 0xf5, 0x0, 0x0, 0x0, 0x0, 0xa,
    0xff, 0xf7, 0x5, 0xff, 0xfc, 0x0, 0x0, 0x0,
    0x0, 0x0, 0x2f, 0xff, 0xe1, 0xdf, 0xff, 0x30,
    0x0, 0x0, 0x0, 0x0, 0x0, 0x8f, 0xff, 0xcf,
    0xff, 0xa0, 0x0, 0x0, 0x0, 0x0, 0x0, 0x0,
    0xef, 0xff, 0xff, 0xf1, 0x0, 0x0, 0x0, 0x0,
    0x0, 0x0, 0x6, 0xff, 0xff, 0xf8, 0x0, 0x0,
    0x0, 0x0, 0x0, 0x0, 0x0, 0xc, 0xff, 0xfe,
    0x0, 0x0, 0x0, 0x0, 0x0, 0x0, 0x0, 0x0,
    0x7f, 0xff, 0x90, 0x0, 0x0, 0x0, 0x0, 0x0,
    0x0, 0x0, 0x7, 0xff, 0xf9, 0x0, 0x0, 0x0,
    0x0, 0x0, 0x0, 0x0, 0x0, 0x7f, 0xff, 0x90,
    0x0, 0x0, 0x0, 0x0, 0x0, 0x0, 0x0, 0x7,
    0xff, 0xf9, 0x0, 0x0, 0x0, 0x0, 0x0, 0x0,
    0x0, 0x0, 0x7f, 0xff, 0x90, 0x0, 0x0, 0x0,
    0x0, 0x0, 0x0, 0x0, 0x7, 0xff, 0xf9, 0x0,
    0x0, 0x0, 0x0, 0x0, 0x0, 0x0, 0x0, 0x7f,
    0xff, 0x90, 0x0, 0x0, 0x0, 0x0, 0x0, 0x0,
    0x0, 0x7, 0xff, 0xf9, 0x0, 0x0, 0x0, 0x0,
    0x0, 0x0, 0x0, 0x0, 0x7f, 0xff, 0x90, 0x0,
    0x0, 0x0, 0x0, 0x0, 0x0, 0x0, 0x7, 0xff,
    0xf9, 0x0, 0x0, 0x0, 0x0, 0x0, 0x0, 0x0,
    0x0, 0x2c, 0xfd, 0x30, 0x0, 0x0, 0x0, 0x0,

    /* U+0179 "Ź" */
    0x0, 0x0, 0x0, 0x0, 0x0, 0x2a, 0xf4, 0x0,
    0x0, 0x0, 0x0, 0x0, 0x0, 0x2, 0xaf, 0xff,
    0xa0, 0x0, 0x0, 0x0, 0x0, 0x0, 0xa, 0xff,
    0xff, 0xe4, 0x0, 0x0, 0x0, 0x0, 0x0, 0x3,
    0xff, 0xfe, 0x60, 0x0, 0x0, 0x0, 0x0, 0x0,
    0x0, 0xc, 0xd6, 0x0, 0x0, 0x0, 0x0, 0x0,
    0x0, 0x0, 0x0, 0x0, 0x0, 0x0, 0x0, 0x0,
    0x0, 0x0, 0x0, 0x0, 0x0, 0x0, 0x0, 0x0,
    0x0, 0x0, 0x0, 0x0, 0x0, 0x0, 0x0, 0x0,
    0x0, 0x0, 0x0, 0x0, 0x0, 0x0, 0x0, 0x0,
    0x0, 0x0, 0x0, 0x0, 0x0, 0x0, 0x5f, 0xff,
    0xff, 0xff, 0xff, 0xff, 0xff, 0xff, 0xb0, 0xb,
    0xff, 0xff, 0xff, 0xff, 0xff, 0xff, 0xff, 0xff,
    0x0, 0xaf, 0xff, 0xff, 0xff, 0xff, 0xff, 0xff,
    0xff, 0x90, 0x1, 0x78, 0x88, 0x88, 0x88, 0x88,
    0xaf, 0xff, 0xf1, 0x0, 0x0, 0x0, 0x0, 0x0,
    0x0, 0xb, 0xff, 0xf7, 0x0, 0x0, 0x0, 0x0,
    0x0, 0x0, 0x4, 0xff, 0xfd, 0x0, 0x0, 0x0,
    0x0, 0x0, 0x0, 0x0, 0xdf, 0xff, 0x50, 0x0,
    0x0, 0x0, 0x0, 0x0, 0x0, 0x6f, 0xff, 0xc0,
    0x0, 0x0, 0x0, 0x0, 0x0, 0x0, 0xe, 0xff,
    0xf3, 0x0, 0x0, 0x0, 0x0, 0x0, 0x0, 0x8,
    0xff, 0xfa, 0x0, 0x0, 0x0, 0x0, 0x0, 0x0,
    0x1, 0xff, 0xff, 0x10, 0x0, 0x0, 0x0, 0x0,
    0x0, 0x0, 0xaf, 0xff, 0x80, 0x0, 0x0, 0x0,
    0x0, 0x0, 0x0, 0x3f, 0xff, 0xe0, 0x0, 0x0,
    0x0, 0x0, 0x0, 0x0, 0xc, 0xff, 0xf6, 0x0,
    0x0, 0x0, 0x0, 0x0, 0x0, 0x5, 0xff, 0xfd,
    0x0, 0x0, 0x0, 0x0, 0x0, 0x0, 0x0, 0xdf,
    0xff, 0x40, 0x0, 0x0, 0x0, 0x0, 0x0, 0x0,
    0x7f, 0xff, 0xb0, 0x0, 0x0, 0x0, 0x0, 0x0,
    0x0, 0x1e, 0xff, 0xf2, 0x0, 0x0, 0x0, 0x0,
    0x0, 0x0, 0x9, 0xff, 0xf9, 0x0, 0x0, 0x0,
    0x0, 0x0, 0x0, 0x2, 0xff, 0xff, 0x10, 0x0,
    0x0, 0x0, 0x0, 0x0, 0x0, 0xbf, 0xff, 0x70,
    0x0, 0x0, 0x0, 0x0, 0x0, 0x0, 0x4f, 0xff,
    0xd0, 0x0, 0x0, 0x0, 0x0, 0x0, 0x0, 0xc,
    0xff, 0xf5, 0x0, 0x0, 0x0, 0x0, 0x0, 0x0,
    0x6, 0xff, 0xff, 0x88, 0x88, 0x88, 0x88, 0x88,
    0x87, 0x0, 0xef, 0xff, 0xff, 0xff, 0xff, 0xff,
    0xff, 0xff, 0xf7, 0x4f, 0xff, 0xff, 0xff, 0xff,
    0xff, 0xff, 0xff, 0xff, 0x92, 0xef, 0xff, 0xff,
    0xff, 0xff, 0xff, 0xff, 0xff, 0xe3,

    /* U+017A "ź" */
    0x0, 0x0, 0x0, 0x0, 0x0, 0x54, 0x0, 0x0,
    0x0, 0x0, 0x0, 0x0, 0x5d, 0xff, 0x20, 0x0,
    0x0, 0x0, 0x0, 0x5d, 0xff, 0xff, 0x20, 0x0,
    0x0, 0x0, 0x8, 0xff, 0xff, 0xb3, 0x0, 0x0,
    0x0, 0x0, 0x9, 0xff, 0xa3, 0x0, 0x0, 0x0,
    0x0, 0x0, 0x0, 0x62, 0x0, 0x0, 0x0, 0x0,
    0x0, 0x0, 0x0, 0x0, 0x0, 0x0, 0x0, 0x0,
    0x0, 0x0, 0x0, 0x0, 0x0, 0x0, 0x0, 0x0,
    0x0, 0x0, 0x0, 0x0, 0x0, 0x0, 0x0, 0x0,
    0x7, 0xff, 0xff, 0xff, 0xff, 0xff, 0xff, 0x60,
    0xd, 0xff, 0xff, 0xff, 0xff, 0xff, 0xff, 0xb0,
    0x9, 0xff, 0xff, 0xff, 0xff, 0xff, 0xff, 0x70,
    0x0, 0x34, 0x44, 0x44, 0x4b, 0xff, 0xfc, 0x0,
    0x0, 0x0, 0x0, 0x0, 0x4f, 0xff, 0xf2, 0x0,
    0x0, 0x0, 0x0, 0x1, 0xef, 0xff, 0x60, 0x0,
    0x0, 0x0, 0x0, 0xa, 0xff, 0xfb, 0x0, 0x0,
    0x0, 0x0, 0x0, 0x5f, 0xff, 0xe1, 0x0, 0x0,
    0x0, 0x0, 0x1, 0xef, 0xff, 0x50, 0x0, 0x0,
    0x0, 0x0, 0xb, 0xff, 0xf9, 0x0, 0x0, 0x0,
    0x0, 0x0, 0x6f, 0xff, 0xd0, 0x0, 0x0, 0x0,
    0x0, 0x2, 0xff, 0xff, 0x30, 0x0, 0x0, 0x0,
    0x0, 0xc, 0xff, 0xf8, 0x0, 0x0, 0x0, 0x0,
    0x0, 0x8f, 0xff, 0xc0, 0x0, 0x0, 0x0, 0x0,
    0x3, 0xff, 0xff, 0x74, 0x44, 0x44, 0x44, 0x20,
    0xd, 0xff, 0xff, 0xff, 0xff, 0xff, 0xff, 0xf1,
    0x2f, 0xff, 0xff, 0xff, 0xff, 0xff, 0xff, 0xf4,
    0xc, 0xff, 0xff, 0xff, 0xff, 0xff, 0xff, 0xd0,

    /* U+017B "Ż" */
    0x0, 0x0, 0x0, 0x0, 0x48, 0x30, 0x0, 0x0,
    0x0, 0x0, 0x0, 0x0, 0x0, 0x2f, 0xff, 0x0,
    0x0, 0x0, 0x0, 0x0, 0x0, 0x0, 0x4, 0xff,
    0xf2, 0x0, 0x0, 0x0, 0x0, 0x0, 0x0, 0x0,
    0xa, 0xf8, 0x0, 0x0, 0x0, 0x0, 0x0, 0x0,
    0x0, 0x0, 0x0, 0x0, 0x0, 0x0, 0x0, 0x0,
    0x0, 0x0, 0x0, 0x0, 0x0, 0x0, 0x0, 0x0,
    0x0, 0x0, 0x0, 0x0, 0x0, 0x0, 0x0, 0x0,
    0x0, 0x0, 0x0, 0x0, 0x0, 0x0, 0x0, 0x0,
    0x0, 0x0, 0x0, 0x0, 0x5, 0xff, 0xff, 0xff,
    0xff, 0xff, 0xff, 0xff, 0xfb, 0x0, 0xbf, 0xff,
    0xff, 0xff, 0xff, 0xff, 0xff, 0xff, 0xf0, 0xa,
    0xff, 0xff, 0xff, 0xff, 0xff, 0xff, 0xff, 0xf9,
    0x0, 0x17, 0x88, 0x88, 0x88, 0x88, 0x8a, 0xff,
    0xff, 0x10, 0x0, 0x0, 0x0, 0x0, 0x0, 0x0,
    0xbf, 0xff, 0x70, 0x0, 0x0, 0x0, 0x0, 0x0,
    0x0, 0x4f, 0xff, 0xd0, 0x0, 0x0, 0x0, 0x0,
    0x0, 0x0, 0xd, 0xff, 0xf5, 0x0, 0x0, 0x0,
    0x0, 0x0, 0x0, 0x6, 0xff, 0xfc, 0x0, 0x0,
    0x0, 0x0, 0x0, 0x0, 0x0, 0xef, 0xff, 0x30,
    0x0, 0x0, 0x0, 0x0, 0x0, 0x0, 0x8f, 0xff,
    0xa0, 0x0, 0x0, 0x0, 0x0, 0x0, 0x0, 0x1f,
    0xff, 0xf1, 0x0, 0x0, 0x0, 0x0, 0x0, 0x0,
    0xa, 0xff, 0xf8, 0x0, 0x0, 0x0, 0x0, 0x0,
    0x0, 0x3, 0xff, 0xfe, 0x0, 0x0, 0x0, 0x0,
    0x0, 0x0, 0x0, 0xcf, 0xff, 0x60, 0x0, 0x0,
    0x0, 0x0, 0x0, 0x0, 0x5f, 0xff, 0xd0, 0x0,
    0x0, 0x0, 0x0, 0x0, 0x0, 0xd, 0xff, 0xf4,
    0x0, 0x0, 0x0, 0x0, 0x0, 0x0, 0x7, 0xff,
    0xfb, 0x0, 0x0, 0x0, 0x0, 0x0, 0x0, 0x1,
    0xef, 0xff, 0x20, 0x0, 0x0, 0x0, 0x0, 0x0,
    0x0, 0x9f, 0xff, 0x90, 0x0, 0x0, 0x0, 0x0,
    0x0, 0x0, 0x2f, 0xff, 0xf1, 0x0, 0x0, 0x0,
    0x0, 0x0, 0x0, 0xb, 0xff, 0xf7, 0x0, 0x0,
    0x0, 0x0, 0x0, 0x0, 0x4, 0xff, 0xfd, 0x0,
    0x0, 0x0, 0x0, 0x0, 0x0, 0x0, 0xcf, 0xff,
    0x50, 0x0, 0x0, 0x0, 0x0, 0x0, 0x0, 0x6f,
    0xff, 0xf8, 0x88, 0x88, 0x88, 0x88, 0x88, 0x70,
    0xe, 0xff, 0xff, 0xff, 0xff, 0xff, 0xff, 0xff,
    0xff, 0x74, 0xff, 0xff, 0xff, 0xff, 0xff, 0xff,
    0xff, 0xff, 0xf9, 0x2e, 0xff, 0xff, 0xff, 0xff,
    0xff, 0xff, 0xff, 0xfe, 0x30,

    /* U+017C "ż" */
    0x0, 0x0, 0x0, 0x3d, 0xe3, 0x0, 0x0, 0x0,
    0x0, 0x0, 0x0, 0xbf, 0xfb, 0x0, 0x0, 0x0,
    0x0, 0x0, 0x0, 0x8f, 0xf9, 0x0, 0x0, 0x0,
    0x0, 0x0, 0x0, 0x7, 0x70, 0x0, 0x0, 0x0,
    0x0, 0x0, 0x0, 0x0, 0x0, 0x0, 0x0, 0x0,
    0x0, 0x0, 0x0, 0x0, 0x0, 0x0, 0x0, 0x0,
    0x0, 0x0, 0x0, 0x0, 0x0, 0x0, 0x0, 0x0,
    0x7, 0xff, 0xff, 0xff, 0xff, 0xff, 0xff, 0x60,
    0xd, 0xff, 0xff, 0xff, 0xff, 0xff, 0xff, 0xb0,
    0x9, 0xff, 0xff, 0xff, 0xff, 0xff, 0xff, 0x70,
    0x0, 0x34, 0x44, 0x44, 0x4b, 0xff, 0xfc, 0x0,
    0x0, 0x0, 0x0, 0x0, 0x4f, 0xff, 0xf2, 0x0,
    0x0, 0x0, 0x0, 0x1, 0xef, 0xff, 0x60, 0x0,
    0x0, 0x0, 0x0, 0xa, 0xff, 0xfb, 0x0, 0x0,
    0x0, 0x0, 0x0, 0x5f, 0xff, 0xe1, 0x0, 0x0,
    0x0, 0x0, 0x1, 0xef, 0xff, 0x50, 0x0, 0x0,
    0x0, 0x0, 0xb, 0xff, 0xf9, 0x0, 0x0, 0x0,
    0x0, 0x0, 0x6f, 0xff, 0xd0, 0x0, 0x0, 0x0,
    0x0, 0x2, 0xff, 0xff, 0x30, 0x0, 0x0, 0x0,
    0x0, 0xc, 0xff, 0xf8, 0x0, 0x0, 0x0, 0x0,
    0x0, 0x8f, 0xff, 0xc0, 0x0, 0x0, 0x0, 0x0,
    0x3, 0xff, 0xff, 0x74, 0x44, 0x44, 0x44, 0x20,
    0xd, 0xff, 0xff, 0xff, 0xff, 0xff, 0xff, 0xf1,
    0x2f, 0xff, 0xff, 0xff, 0xff, 0xff, 0xff, 0xf4,
    0xc, 0xff, 0xff, 0xff, 0xff, 0xff, 0xff, 0xd0,

    /* U+017D "Ž" */
    0x0, 0x0, 0x35, 0x0, 0x0, 0x0, 0x5, 0x20,
    0x0, 0x0, 0x0, 0xb, 0xfa, 0x0, 0x0, 0x1b,
    0xf9, 0x0, 0x0, 0x0, 0x0, 0x8f, 0xfd, 0x30,
    0x4e, 0xff, 0x60, 0x0, 0x0, 0x0, 0x0, 0x6f,
    0xff, 0xaf, 0xff, 0x50, 0x0, 0x0, 0x0, 0x0,
    0x0, 0x2d, 0xff, 0xfc, 0x10, 0x0, 0x0, 0x0,
    0x0, 0x0, 0x0, 0x8, 0xf7, 0x0, 0x0, 0x0,
    0x0, 0x0, 0x0, 0x0, 0x0, 0x0, 0x0, 0x0,
    0x0, 0x0, 0x0, 0x0, 0x0, 0x0, 0x0, 0x0,
    0x0, 0x0, 0x0, 0x0, 0x0, 0x0, 0x0, 0x0,
    0x0, 0x0, 0x0, 0x0, 0x0, 0x0, 0x0, 0x0,
    0x0, 0x0, 0x0, 0x0, 0x0, 0x0, 0x0, 0x5,
    0xff, 0xff, 0xff, 0xff, 0xff, 0xff, 0xff, 0xfb,
    0x0, 0xbf, 0xff, 0xff, 0xff, 0xff, 0xff, 0xff,
    0xff, 0xf0, 0xa, 0xff, 0xff, 0xff, 0xff, 0xff,
    0xff, 0xff, 0xf9, 0x0, 0x17, 0x88, 0x88, 0x88,
    0x88, 0x8a, 0xff, 0xff, 0x10, 0x0, 0x0, 0x0,
    0x0, 0x0, 0x0, 0xbf, 0xff, 0x70, 0x0, 0x0,
    0x0, 0x0, 0x0, 0x0, 0x4f, 0xff, 0xd0, 0x0,
    0x0, 0x0, 0x0, 0x0, 0x0, 0xd, 0xff, 0xf5,
    0x0, 0x0, 0x0, 0x0, 0x0, 0x0, 0x6, 0xff,
    0xfc, 0x0, 0x0, 0x0, 0x0, 0x0, 0x0, 0x0,
    0xef, 0xff, 0x30, 0x0, 0x0, 0x0, 0x0, 0x0,
    0x0, 0x8f, 0xff, 0xa0, 0x0, 0x0, 0x0, 0x0,
    0x0, 0x0, 0x1f, 0xff, 0xf1, 0x0, 0x0, 0x0,
    0x0, 0x0, 0x0, 0xa, 0xff, 0xf8, 0x0, 0x0,
    0x0, 0x0, 0x0, 0x0, 0x3, 0xff, 0xfe, 0x0,
    0x0, 0x0, 0x0, 0x0, 0x0, 0x0, 0xcf, 0xff,
    0x60, 0x0, 0x0, 0x0, 0x0, 0x0, 0x0, 0x5f,
    0xff, 0xd0, 0x0, 0x0, 0x0, 0x0, 0x0, 0x0,
    0xd, 0xff, 0xf4, 0x0, 0x0, 0x0, 0x0, 0x0,
    0x0, 0x7, 0xff, 0xfb, 0x0, 0x0, 0x0, 0x0,
    0x0, 0x0, 0x1, 0xef, 0xff, 0x20, 0x0, 0x0,
    0x0, 0x0, 0x0, 0x0, 0x9f, 0xff, 0x90, 0x0,
    0x0, 0x0, 0x0, 0x0, 0x0, 0x2f, 0xff, 0xf1,
    0x0, 0x0, 0x0, 0x0, 0x0, 0x0, 0xb, 0xff,
    0xf7, 0x0, 0x0, 0x0, 0x0, 0x0, 0x0, 0x4,
    0xff, 0xfd, 0x0, 0x0, 0x0, 0x0, 0x0, 0x0,
    0x0, 0xcf, 0xff, 0x50, 0x0, 0x0, 0x0, 0x0,
    0x0, 0x0, 0x6f, 0xff, 0xf8, 0x88, 0x88, 0x88,
    0x88, 0x88, 0x70, 0xe, 0xff, 0xff, 0xff, 0xff,
    0xff, 0xff, 0xff, 0xff, 0x74, 0xff, 0xff, 0xff,
    0xff, 0xff, 0xff, 0xff, 0xff, 0xf9, 0x2e, 0xff,
    0xff, 0xff, 0xff, 0xff, 0xff, 0xff, 0xfe, 0x30,

    /* U+017E "ž" */
    0x0, 0xe, 0x90, 0x0, 0x0, 0x8, 0xe1, 0x0,
    0x0, 0x2f, 0xfd, 0x30, 0x2, 0xcf, 0xf3, 0x0,
    0x0, 0x6, 0xff, 0xf7, 0x6f, 0xff, 0x70, 0x0,
    0x0, 0x0, 0x2c, 0xff, 0xff, 0xd3, 0x0, 0x0,
    0x0, 0x0, 0x0, 0x8f, 0xf9, 0x0, 0x0, 0x0,
    0x0, 0x0, 0x0, 0x2, 0x30, 0x0, 0x0, 0x0,
    0x0, 0x0, 0x0, 0x0, 0x0, 0x0, 0x0, 0x0,
    0x0, 0x0, 0x0, 0x0, 0x0, 0x0, 0x0, 0x0,
    0x0, 0x0, 0x0, 0x0, 0x0, 0x0, 0x0, 0x0,
    0x7, 0xff, 0xff, 0xff, 0xff, 0xff, 0xff, 0x60,
    0xd, 0xff, 0xff, 0xff, 0xff, 0xff, 0xff, 0xb0,
    0x9, 0xff, 0xff, 0xff, 0xff, 0xff, 0xff, 0x70,
    0x0, 0x34, 0x44, 0x44, 0x4b, 0xff, 0xfc, 0x0,
    0x0, 0x0, 0x0, 0x0, 0x4f, 0xff, 0xf2, 0x0,
    0x0, 0x0, 0x0, 0x1, 0xef, 0xff, 0x60, 0x0,
    0x0, 0x0, 0x0, 0xa, 0xff, 0xfb, 0x0, 0x0,
    0x0, 0x0, 0x0, 0x5f, 0xff, 0xe1, 0x0, 0x0,
    0x0, 0x0, 0x1, 0xef, 0xff, 0x50, 0x0, 0x0,
    0x0, 0x0, 0xb, 0xff, 0xf9, 0x0, 0x0, 0x0,
    0x0, 0x0, 0x6f, 0xff, 0xd0, 0x0, 0x0, 0x0,
    0x0, 0x2, 0xff, 0xff, 0x30, 0x0, 0x0, 0x0,
    0x0, 0xc, 0xff, 0xf8, 0x0, 0x0, 0x0, 0x0,
    0x0, 0x8f, 0xff, 0xc0, 0x0, 0x0, 0x0, 0x0,
    0x3, 0xff, 0xff, 0x74, 0x44, 0x44, 0x44, 0x20,
    0xd, 0xff, 0xff, 0xff, 0xff, 0xff, 0xff, 0xf1,
    0x2f, 0xff, 0xff, 0xff, 0xff, 0xff, 0xff, 0xf4,
    0xc, 0xff, 0xff, 0xff, 0xff, 0xff, 0xff, 0xd0
};


/*---------------------
 *  GLYPH DESCRIPTION
 *--------------------*/

static const lv_font_fmt_txt_glyph_dsc_t glyph_dsc[] = {
    {.bitmap_index = 0, .adv_w = 0, .box_w = 0, .box_h = 0, .ofs_x = 0, .ofs_y = 0} /* id = 0 reserved */,
    {.bitmap_index = 0, .adv_w = 122, .box_w = 0, .box_h = 0, .ofs_x = 0, .ofs_y = 0},
    {.bitmap_index = 0, .adv_w = 130, .box_w = 6, .box_h = 27, .ofs_x = 1, .ofs_y = 0},
    {.bitmap_index = 81, .adv_w = 176, .box_w = 9, .box_h = 8, .ofs_x = 1, .ofs_y = 20},
    {.bitmap_index = 117, .adv_w = 393, .box_w = 24, .box_h = 26, .ofs_x = 0, .ofs_y = 1},
    {.bitmap_index = 429, .adv_w = 314, .box_w = 18, .box_h = 31, .ofs_x = 1, .ofs_y = -3},
    {.bitmap_index = 708, .adv_w = 474, .box_w = 28, .box_h = 30, .ofs_x = 1, .ofs_y = -1},
    {.bitmap_index = 1128, .adv_w = 383, .box_w = 23, .box_h = 28, .ofs_x = 1, .ofs_y = 0},
    {.bitmap_index = 1450, .adv_w = 89, .box_w = 4, .box_h = 8, .ofs_x = 1, .ofs_y = 20},
    {.bitmap_index = 1466, .adv_w = 198, .box_w = 10, .box_h = 28, .ofs_x = 2, .ofs_y = 0},
    {.bitmap_index = 1606, .adv_w = 198, .box_w = 11, .box_h = 28, .ofs_x = 0, .ofs_y = 0},
    {.bitmap_index = 1760, .adv_w = 280, .box_w = 16, .box_h = 15, .ofs_x = 1, .ofs_y = 12},
    {.bitmap_index = 1880, .adv_w = 269, .box_w = 15, .box_h = 15, .ofs_x = 1, .ofs_y = 3},
    {.bitmap_index = 1993, .adv_w = 112, .box_w = 5, .box_h = 8, .ofs_x = 1, .ofs_y = -4},
    {.bitmap_index = 2013, .adv_w = 247, .box_w = 14, .box_h = 4, .ofs_x = 1, .ofs_y = 7},
    {.bitmap_index = 2041, .adv_w = 111, .box_w = 5, .box_h = 5, .ofs_x = 1, .ofs_y = 0},
    {.bitmap_index = 2054, .adv_w = 292, .box_w = 18, .box_h = 30, .ofs_x = 0, .ofs_y = -1},
    {.bitmap_index = 2324, .adv_w = 334, .box_w = 18, .box_h = 27, .ofs_x = 1, .ofs_y = 0},
    {.bitmap_index = 2567, .adv_w = 162, .box_w = 8, .box_h = 27, .ofs_x = 0, .ofs_y = 0},
    {.bitmap_index = 2675, .adv_w = 300, .box_w = 17, .box_h = 27, .ofs_x = 1, .ofs_y = 0},
    {.bitmap_index = 2905, .adv_w = 309, .box_w = 18, .box_h = 27, .ofs_x = 0, .ofs_y = 0},
    {.bitmap_index = 3148, .adv_w = 292, .box_w = 19, .box_h = 27, .ofs_x = 0, .ofs_y = 0},
    {.bitmap_index = 3405, .adv_w = 301, .box_w = 18, .box_h = 27, .ofs_x = 0, .ofs_y = 0},
    {.bitmap_index = 3648, .adv_w = 327, .box_w = 18, .box_h = 27, .ofs_x = 1, .ofs_y = 0},
    {.bitmap_index = 3891, .adv_w = 294, .box_w = 18, .box_h = 27, .ofs_x = 0, .ofs_y = 0},
    {.bitmap_index = 4134, .adv_w = 317, .box_w = 18, .box_h = 27, .ofs_x = 1, .ofs_y = 0},
    {.bitmap_index = 4377, .adv_w = 327, .box_w = 18, .box_h = 27, .ofs_x = 1, .ofs_y = 0},
    {.bitmap_index = 4620, .adv_w = 129, .box_w = 6, .box_h = 16, .ofs_x = 1, .ofs_y = 0},
    {.bitmap_index = 4668, .adv_w = 130, .box_w = 6, .box_h = 20, .ofs_x = 1, .ofs_y = -4},
    {.bitmap_index = 4728, .adv_w = 252, .box_w = 15, .box_h = 17, .ofs_x = 0, .ofs_y = 2},
    {.bitmap_index = 4856, .adv_w = 268, .box_w = 13, .box_h = 11, .ofs_x = 2, .ofs_y = 5},
    {.bitmap_index = 4928, .adv_w = 252, .box_w = 14, .box_h = 17, .ofs_x = 1, .ofs_y = 2},
    {.bitmap_index = 5047, .adv_w = 258, .box_w = 16, .box_h = 27, .ofs_x = 0, .ofs_y = 0},
    {.bitmap_index = 5263, .adv_w = 446, .box_w = 26, .box_h = 26, .ofs_x = 1, .ofs_y = -5},
    {.bitmap_index = 5601, .adv_w = 341, .box_w = 21, .box_h = 27, .ofs_x = 0, .ofs_y = 0},
    {.bitmap_index = 5885, .adv_w = 336, .box_w = 18, .box_h = 27, .ofs_x = 2, .ofs_y = 0},
    {.bitmap_index = 6128, .adv_w = 329, .box_w = 18, .box_h = 27, .ofs_x = 2, .ofs_y = 0},
    {.bitmap_index = 6371, .adv_w = 348, .box_w = 18, .box_h = 27, .ofs_x = 2, .ofs_y = 0},
    {.bitmap_index = 6614, .adv_w = 317, .box_w = 18, .box_h = 27, .ofs_x = 2, .ofs_y = 0},
    {.bitmap_index = 6857, .adv_w = 306, .box_w = 17, .box_h = 27, .ofs_x = 2, .ofs_y = 0},
    {.bitmap_index = 7087, .adv_w = 338, .box_w = 18, .box_h = 27, .ofs_x = 2, .ofs_y = 0},
    {.bitmap_index = 7330, .adv_w = 361, .box_w = 19, .box_h = 27, .ofs_x = 2, .ofs_y = 0},
    {.bitmap_index = 7587, .adv_w = 145, .box_w = 5, .box_h = 27, .ofs_x = 2, .ofs_y = 0},
    {.bitmap_index = 7655, .adv_w = 320, .box_w = 18, .box_h = 27, .ofs_x = 0, .ofs_y = 0},
    {.bitmap_index = 7898, .adv_w = 330, .box_w = 19, .box_h = 27, .ofs_x = 2, .ofs_y = 0},
    {.bitmap_index = 8155, .adv_w = 289, .box_w = 16, .box_h = 27, .ofs_x = 2, .ofs_y = 0},
    {.bitmap_index = 8371, .adv_w = 418, .box_w = 22, .box_h = 27, .ofs_x = 2, .ofs_y = 0},
    {.bitmap_index = 8668, .adv_w = 361, .box_w = 19, .box_h = 27, .ofs_x = 2, .ofs_y = 0},
    {.bitmap_index = 8925, .adv_w = 344, .box_w = 18, .box_h = 27, .ofs_x = 2, .ofs_y = 0},
    {.bitmap_index = 9168, .adv_w = 332, .box_w = 18, .box_h = 27, .ofs_x = 2, .ofs_y = 0},
    {.bitmap_index = 9411, .adv_w = 344, .box_w = 18, .box_h = 32, .ofs_x = 2, .ofs_y = -5},
    {.bitmap_index = 9699, .adv_w = 336, .box_w = 18, .box_h = 27, .ofs_x = 2, .ofs_y = 0},
    {.bitmap_index = 9942, .adv_w = 311, .box_w = 18, .box_h = 27, .ofs_x = 1, .ofs_y = 0},
    {.bitmap_index = 10185, .adv_w = 308, .box_w = 19, .box_h = 27, .ofs_x = 0, .ofs_y = 0},
    {.bitmap_index = 10442, .adv_w = 354, .box_w = 18, .box_h = 27, .ofs_x = 2, .ofs_y = 0},
    {.bitmap_index = 10685, .adv_w = 340, .box_w = 21, .box_h = 27, .ofs_x = 0, .ofs_y = 0},
    {.bitmap_index = 10969, .adv_w = 514, .box_w = 32, .box_h = 27, .ofs_x = 0, .ofs_y = 0},
    {.bitmap_index = 11401, .adv_w = 322, .box_w = 20, .box_h = 27, .ofs_x = 0, .ofs_y = 0},
    {.bitmap_index = 11671, .adv_w = 338, .box_w = 21, .box_h = 27, .ofs_x = 0, .ofs_y = 0},
    {.bitmap_index = 11955, .adv_w = 308, .box_w = 19, .box_h = 27, .ofs_x = 0, .ofs_y = 0},
    {.bitmap_index = 12212, .adv_w = 198, .box_w = 10, .box_h = 30, .ofs_x = 2, .ofs_y = -2},
    {.bitmap_index = 12362, .adv_w = 222, .box_w = 13, .box_h = 28, .ofs_x = 0, .ofs_y = 0},
    {.bitmap_index = 12544, .adv_w = 198, .box_w = 11, .box_h = 30, .ofs_x = 0, .ofs_y = -2},
    {.bitmap_index = 12709, .adv_w = 170, .box_w = 11, .box_h = 5, .ofs_x = 0, .ofs_y = 22},
    {.bitmap_index = 12737, .adv_w = 196, .box_w = 16, .box_h = 4, .ofs_x = -2, .ofs_y = -3},
    {.bitmap_index = 12769, .adv_w = 112, .box_w = 7, .box_h = 5, .ofs_x = 0, .ofs_y = 22},
    {.bitmap_index = 12787, .adv_w = 279, .box_w = 16, .box_h = 18, .ofs_x = 0, .ofs_y = 0},
    {.bitmap_index = 12931, .adv_w = 308, .box_w = 16, .box_h = 28, .ofs_x = 2, .ofs_y = 0},
    {.bitmap_index = 13155, .adv_w = 258, .box_w = 15, .box_h = 18, .ofs_x = 1, .ofs_y = 0},
    {.bitmap_index = 13290, .adv_w = 308, .box_w = 17, .box_h = 28, .ofs_x = 1, .ofs_y = 0},
    {.bitmap_index = 13528, .adv_w = 289, .box_w = 16, .box_h = 18, .ofs_x = 1, .ofs_y = 0},
    {.bitmap_index = 13672, .adv_w = 199, .box_w = 11, .box_h = 28, .ofs_x = 2, .ofs_y = 0},
    {.bitmap_index = 13826, .adv_w = 283, .box_w = 18, .box_h = 28, .ofs_x = 0, .ofs_y = -8},
    {.bitmap_index = 14078, .adv_w = 312, .box_w = 16, .box_h = 28, .ofs_x = 2, .ofs_y = 0},
    {.bitmap_index = 14302, .adv_w = 130, .box_w = 6, .box_h = 27, .ofs_x = 1, .ofs_y = 0},
    {.bitmap_index = 14383, .adv_w = 131, .box_w = 9, .box_h = 35, .ofs_x = -2, .ofs_y = -8},
    {.bitmap_index = 14541, .adv_w = 291, .box_w = 16, .box_h = 28, .ofs_x = 2, .ofs_y = 0},
    {.bitmap_index = 14765, .adv_w = 141, .box_w = 5, .box_h = 28, .ofs_x = 2, .ofs_y = 0},
    {.bitmap_index = 14835, .adv_w = 483, .box_w = 27, .box_h = 18, .ofs_x = 2, .ofs_y = 0},
    {.bitmap_index = 15078, .adv_w = 311, .box_w = 16, .box_h = 18, .ofs_x = 2, .ofs_y = 0},
    {.bitmap_index = 15222, .adv_w = 296, .box_w = 17, .box_h = 18, .ofs_x = 1, .ofs_y = 0},
    {.bitmap_index = 15375, .adv_w = 308, .box_w = 16, .box_h = 26, .ofs_x = 2, .ofs_y = -8},
    {.bitmap_index = 15583, .adv_w = 308, .box_w = 17, .box_h = 26, .ofs_x = 1, .ofs_y = -8},
    {.bitmap_index = 15804, .adv_w = 218, .box_w = 12, .box_h = 18, .ofs_x = 2, .ofs_y = 0},
    {.bitmap_index = 15912, .adv_w = 247, .box_w = 14, .box_h = 18, .ofs_x = 1, .ofs_y = 0},
    {.bitmap_index = 16038, .adv_w = 198, .box_w = 10, .box_h = 26, .ofs_x = 2, .ofs_y = 0},
    {.bitmap_index = 16168, .adv_w = 312, .box_w = 17, .box_h = 18, .ofs_x = 1, .ofs_y = 0},
    {.bitmap_index = 16321, .adv_w = 278, .box_w = 18, .box_h = 18, .ofs_x = 0, .ofs_y = 0},
    {.bitmap_index = 16483, .adv_w = 415, .box_w = 26, .box_h = 18, .ofs_x = 0, .ofs_y = 0},
    {.bitmap_index = 16717, .adv_w = 271, .box_w = 17, .box_h = 18, .ofs_x = 0, .ofs_y = 0},
    {.bitmap_index = 16870, .adv_w = 276, .box_w = 17, .box_h = 26, .ofs_x = 0, .ofs_y = -8},
    {.bitmap_index = 17091, .adv_w = 257, .box_w = 16, .box_h = 18, .ofs_x = 0, .ofs_y = 0},
    {.bitmap_index = 17235, .adv_w = 207, .box_w = 13, .box_h = 28, .ofs_x = 0, .ofs_y = 0},
    {.bitmap_index = 17417, .adv_w = 137, .box_w = 5, .box_h = 28, .ofs_x = 2, .ofs_y = 0},
    {.bitmap_index = 17487, .adv_w = 207, .box_w = 13, .box_h = 28, .ofs_x = 0, .ofs_y = 0},
    {.bitmap_index = 17669, .adv_w = 247, .box_w = 13, .box_h = 4, .ofs_x = 1, .ofs_y = 8},
    {.bitmap_index = 17695, .adv_w = 122, .box_w = 0, .box_h = 0, .ofs_x = 0, .ofs_y = 0},
    {.bitmap_index = 17695, .adv_w = 130, .box_w = 6, .box_h = 27, .ofs_x = 1, .ofs_y = 0},
    {.bitmap_index = 17776, .adv_w = 262, .box_w = 15, .box_h = 25, .ofs_x = 1, .ofs_y = 1},
    {.bitmap_index = 17964, .adv_w = 317, .box_w = 19, .box_h = 28, .ofs_x = 0, .ofs_y = 0},
    {.bitmap_index = 18230, .adv_w = 280, .box_w = 14, .box_h = 14, .ofs_x = 2, .ofs_y = 11},
    {.bitmap_index = 18328, .adv_w = 330, .box_w = 20, .box_h = 27, .ofs_x = 0, .ofs_y = 0},
    {.bitmap_index = 18598, .adv_w = 137, .box_w = 5, .box_h = 28, .ofs_x = 2, .ofs_y = 0},
    {.bitmap_index = 18668, .adv_w = 289, .box_w = 16, .box_h = 30, .ofs_x = 1, .ofs_y = -3},
    {.bitmap_index = 18908, .adv_w = 140, .box_w = 9, .box_h = 4, .ofs_x = 0, .ofs_y = 22},
    {.bitmap_index = 18926, .adv_w = 426, .box_w = 24, .box_h = 25, .ofs_x = 1, .ofs_y = 1},
    {.bitmap_index = 19226, .adv_w = 198, .box_w = 10, .box_h = 13, .ofs_x = 1, .ofs_y = 16},
    {.bitmap_index = 19291, .adv_w = 282, .box_w = 16, .box_h = 16, .ofs_x = 1, .ofs_y = 2},
    {.bitmap_index = 19419, .adv_w = 300, .box_w = 16, .box_h = 9, .ofs_x = 1, .ofs_y = 6},
    {.bitmap_index = 19491, .adv_w = 284, .box_w = 16, .box_h = 4, .ofs_x = 1, .ofs_y = 7},
    {.bitmap_index = 19523, .adv_w = 426, .box_w = 24, .box_h = 25, .ofs_x = 1, .ofs_y = 1},
    {.bitmap_index = 19823, .adv_w = 0, .box_w = 11, .box_h = 3, .ofs_x = 0, .ofs_y = 23},
    {.bitmap_index = 19840, .adv_w = 247, .box_w = 15, .box_h = 14, .ofs_x = 0, .ofs_y = 15},
    {.bitmap_index = 19945, .adv_w = 289, .box_w = 16, .box_h = 20, .ofs_x = 1, .ofs_y = 2},
    {.bitmap_index = 20105, .adv_w = 192, .box_w = 11, .box_h = 15, .ofs_x = 0, .ofs_y = 13},
    {.bitmap_index = 20188, .adv_w = 197, .box_w = 12, .box_h = 15, .ofs_x = 0, .ofs_y = 13},
    {.bitmap_index = 20278, .adv_w = 112, .box_w = 7, .box_h = 5, .ofs_x = 0, .ofs_y = 22},
    {.bitmap_index = 20296, .adv_w = 308, .box_w = 16, .box_h = 26, .ofs_x = 2, .ofs_y = -8},
    {.bitmap_index = 20504, .adv_w = 333, .box_w = 18, .box_h = 27, .ofs_x = 1, .ofs_y = 0},
    {.bitmap_index = 20747, .adv_w = 120, .box_w = 6, .box_h = 5, .ofs_x = 1, .ofs_y = 9},
    {.bitmap_index = 20762, .adv_w = 110, .box_w = 7, .box_h = 9, .ofs_x = 0, .ofs_y = -8},
    {.bitmap_index = 20794, .adv_w = 111, .box_w = 6, .box_h = 15, .ofs_x = 0, .ofs_y = 13},
    {.bitmap_index = 20839, .adv_w = 205, .box_w = 11, .box_h = 12, .ofs_x = 1, .ofs_y = 16},
    {.bitmap_index = 20905, .adv_w = 282, .box_w = 16, .box_h = 16, .ofs_x = 1, .ofs_y = 2},
    {.bitmap_index = 21033, .adv_w = 400, .box_w = 25, .box_h = 31, .ofs_x = 0, .ofs_y = -2},
    {.bitmap_index = 21421, .adv_w = 406, .box_w = 25, .box_h = 31, .ofs_x = 0, .ofs_y = -2},
    {.bitmap_index = 21809, .adv_w = 485, .box_w = 30, .box_h = 31, .ofs_x = 0, .ofs_y = -2},
    {.bitmap_index = 22274, .adv_w = 257, .box_w = 15, .box_h = 27, .ofs_x = 1, .ofs_y = 0},
    {.bitmap_index = 22477, .adv_w = 341, .box_w = 21, .box_h = 36, .ofs_x = 0, .ofs_y = 0},
    {.bitmap_index = 22855, .adv_w = 341, .box_w = 21, .box_h = 36, .ofs_x = 0, .ofs_y = 0},
    {.bitmap_index = 23233, .adv_w = 341, .box_w = 21, .box_h = 36, .ofs_x = 0, .ofs_y = 0},
    {.bitmap_index = 23611, .adv_w = 341, .box_w = 21, .box_h = 36, .ofs_x = 0, .ofs_y = 0},
    {.bitmap_index = 23989, .adv_w = 341, .box_w = 21, .box_h = 35, .ofs_x = 0, .ofs_y = 0},
    {.bitmap_index = 24357, .adv_w = 341, .box_w = 21, .box_h = 38, .ofs_x = 0, .ofs_y = 0},
    {.bitmap_index = 24756, .adv_w = 462, .box_w = 27, .box_h = 27, .ofs_x = 2, .ofs_y = 0},
    {.bitmap_index = 25121, .adv_w = 329, .box_w = 18, .box_h = 35, .ofs_x = 2, .ofs_y = -8},
    {.bitmap_index = 25436, .adv_w = 317, .box_w = 18, .box_h = 36, .ofs_x = 2, .ofs_y = 0},
    {.bitmap_index = 25760, .adv_w = 317, .box_w = 18, .box_h = 36, .ofs_x = 2, .ofs_y = 0},
    {.bitmap_index = 26084, .adv_w = 317, .box_w = 18, .box_h = 36, .ofs_x = 2, .ofs_y = 0},
    {.bitmap_index = 26408, .adv_w = 317, .box_w = 18, .box_h = 35, .ofs_x = 2, .ofs_y = 0},
    {.bitmap_index = 26723, .adv_w = 145, .box_w = 8, .box_h = 36, .ofs_x = 0, .ofs_y = 0},
    {.bitmap_index = 26867, .adv_w = 145, .box_w = 8, .box_h = 36, .ofs_x = 1, .ofs_y = 0},
    {.bitmap_index = 27011, .adv_w = 145, .box_w = 11, .box_h = 36, .ofs_x = -1, .ofs_y = 0},
    {.bitmap_index = 27209, .adv_w = 145, .box_w = 9, .box_h = 35, .ofs_x = 0, .ofs_y = 0},
    {.bitmap_index = 27367, .adv_w = 353, .box_w = 21, .box_h = 27, .ofs_x = -1, .ofs_y = 0},
    {.bitmap_index = 27651, .adv_w = 361, .box_w = 19, .box_h = 36, .ofs_x = 2, .ofs_y = 0},
    {.bitmap_index = 27993, .adv_w = 344, .box_w = 18, .box_h = 36, .ofs_x = 2, .ofs_y = 0},
    {.bitmap_index = 28317, .adv_w = 344, .box_w = 18, .box_h = 36, .ofs_x = 2, .ofs_y = 0},
    {.bitmap_index = 28641, .adv_w = 344, .box_w = 18, .box_h = 36, .ofs_x = 2, .ofs_y = 0},
    {.bitmap_index = 28965, .adv_w = 344, .box_w = 18, .box_h = 36, .ofs_x = 2, .ofs_y = 0},
    {.bitmap_index = 29289, .adv_w = 344, .box_w = 18, .box_h = 35, .ofs_x = 2, .ofs_y = 0},
    {.bitmap_index = 29604, .adv_w = 245, .box_w = 13, .box_h = 12, .ofs_x = 1, .ofs_y = 5},
    {.bitmap_index = 29682, .adv_w = 344, .box_w = 18, .box_h = 29, .ofs_x = 2, .ofs_y = -1},
    {.bitmap_index = 29943, .adv_w = 354, .box_w = 18, .box_h = 36, .ofs_x = 2, .ofs_y = 0},
    {.bitmap_index = 30267, .adv_w = 354, .box_w = 18, .box_h = 36, .ofs_x = 2, .ofs_y = 0},
    {.bitmap_index = 30591, .adv_w = 354, .box_w = 18, .box_h = 36, .ofs_x = 2, .ofs_y = 0},
    {.bitmap_index = 30915, .adv_w = 354, .box_w = 18, .box_h = 35, .ofs_x = 2, .ofs_y = 0},
    {.bitmap_index = 31230, .adv_w = 338, .box_w = 21, .box_h = 36, .ofs_x = 0, .ofs_y = 0},
    {.bitmap_index = 31608, .adv_w = 310, .box_w = 17, .box_h = 27, .ofs_x = 2, .ofs_y = 0},
    {.bitmap_index = 31838, .adv_w = 353, .box_w = 21, .box_h = 28, .ofs_x = 0, .ofs_y = 0},
    {.bitmap_index = 32132, .adv_w = 279, .box_w = 16, .box_h = 27, .ofs_x = 0, .ofs_y = 0},
    {.bitmap_index = 32348, .adv_w = 279, .box_w = 16, .box_h = 27, .ofs_x = 0, .ofs_y = 0},
    {.bitmap_index = 32564, .adv_w = 279, .box_w = 16, .box_h = 27, .ofs_x = 0, .ofs_y = 0},
    {.bitmap_index = 32780, .adv_w = 279, .box_w = 16, .box_h = 27, .ofs_x = 0, .ofs_y = 0},
    {.bitmap_index = 32996, .adv_w = 279, .box_w = 16, .box_h = 26, .ofs_x = 0, .ofs_y = 0},
    {.bitmap_index = 33204, .adv_w = 279, .box_w = 16, .box_h = 28, .ofs_x = 0, .ofs_y = 0},
    {.bitmap_index = 33428, .adv_w = 451, .box_w = 27, .box_h = 18, .ofs_x = 0, .ofs_y = 0},
    {.bitmap_index = 33671, .adv_w = 258, .box_w = 15, .box_h = 26, .ofs_x = 1, .ofs_y = -8},
    {.bitmap_index = 33866, .adv_w = 289, .box_w = 16, .box_h = 27, .ofs_x = 1, .ofs_y = 0},
    {.bitmap_index = 34082, .adv_w = 289, .box_w = 16, .box_h = 27, .ofs_x = 1, .ofs_y = 0},
    {.bitmap_index = 34298, .adv_w = 289, .box_w = 16, .box_h = 27, .ofs_x = 1, .ofs_y = 0},
    {.bitmap_index = 34514, .adv_w = 289, .box_w = 16, .box_h = 26, .ofs_x = 1, .ofs_y = 0},
    {.bitmap_index = 34722, .adv_w = 130, .box_w = 8, .box_h = 27, .ofs_x = -1, .ofs_y = 0},
    {.bitmap_index = 34830, .adv_w = 130, .box_w = 8, .box_h = 27, .ofs_x = 1, .ofs_y = 0},
    {.bitmap_index = 34938, .adv_w = 130, .box_w = 12, .box_h = 27, .ofs_x = -2, .ofs_y = 0},
    {.bitmap_index = 35100, .adv_w = 130, .box_w = 10, .box_h = 26, .ofs_x = -1, .ofs_y = 0},
    {.bitmap_index = 35230, .adv_w = 305, .box_w = 17, .box_h = 28, .ofs_x = 1, .ofs_y = 0},
    {.bitmap_index = 35468, .adv_w = 311, .box_w = 16, .box_h = 26, .ofs_x = 2, .ofs_y = 0},
    {.bitmap_index = 35676, .adv_w = 296, .box_w = 17, .box_h = 27, .ofs_x = 1, .ofs_y = 0},
    {.bitmap_index = 35906, .adv_w = 296, .box_w = 17, .box_h = 27, .ofs_x = 1, .ofs_y = 0},
    {.bitmap_index = 36136, .adv_w = 296, .box_w = 17, .box_h = 27, .ofs_x = 1, .ofs_y = 0},
    {.bitmap_index = 36366, .adv_w = 296, .box_w = 17, .box_h = 27, .ofs_x = 1, .ofs_y = 0},
    {.bitmap_index = 36596, .adv_w = 296, .box_w = 17, .box_h = 26, .ofs_x = 1, .ofs_y = 0},
    {.bitmap_index = 36817, .adv_w = 278, .box_w = 16, .box_h = 17, .ofs_x = 1, .ofs_y = 2},
    {.bitmap_index = 36953, .adv_w = 296, .box_w = 17, .box_h = 21, .ofs_x = 1, .ofs_y = -1},
    {.bitmap_index = 37132, .adv_w = 312, .box_w = 17, .box_h = 27, .ofs_x = 1, .ofs_y = 0},
    {.bitmap_index = 37362, .adv_w = 312, .box_w = 17, .box_h = 27, .ofs_x = 1, .ofs_y = 0},
    {.bitmap_index = 37592, .adv_w = 312, .box_w = 17, .box_h = 27, .ofs_x = 1, .ofs_y = 0},
    {.bitmap_index = 37822, .adv_w = 312, .box_w = 17, .box_h = 26, .ofs_x = 1, .ofs_y = 0},
    {.bitmap_index = 38043, .adv_w = 276, .box_w = 17, .box_h = 35, .ofs_x = 0, .ofs_y = -8},
    {.bitmap_index = 38341, .adv_w = 308, .box_w = 16, .box_h = 36, .ofs_x = 2, .ofs_y = -8},
    {.bitmap_index = 38629, .adv_w = 276, .box_w = 17, .box_h = 34, .ofs_x = 0, .ofs_y = -8},
    {.bitmap_index = 38918, .adv_w = 341, .box_w = 21, .box_h = 35, .ofs_x = 0, .ofs_y = 0},
    {.bitmap_index = 39286, .adv_w = 279, .box_w = 16, .box_h = 26, .ofs_x = 0, .ofs_y = 0},
    {.bitmap_index = 39494, .adv_w = 341, .box_w = 21, .box_h = 36, .ofs_x = 0, .ofs_y = 0},
    {.bitmap_index = 39872, .adv_w = 279, .box_w = 16, .box_h = 27, .ofs_x = 0, .ofs_y = 0},
    {.bitmap_index = 40088, .adv_w = 341, .box_w = 21, .box_h = 35, .ofs_x = 0, .ofs_y = -8},
    {.bitmap_index = 40456, .adv_w = 279, .box_w = 16, .box_h = 26, .ofs_x = 0, .ofs_y = -8},
    {.bitmap_index = 40664, .adv_w = 329, .box_w = 18, .box_h = 36, .ofs_x = 2, .ofs_y = 0},
    {.bitmap_index = 40988, .adv_w = 258, .box_w = 15, .box_h = 27, .ofs_x = 1, .ofs_y = 0},
    {.bitmap_index = 41191, .adv_w = 329, .box_w = 18, .box_h = 36, .ofs_x = 2, .ofs_y = 0},
    {.bitmap_index = 41515, .adv_w = 258, .box_w = 15, .box_h = 27, .ofs_x = 1, .ofs_y = 0},
    {.bitmap_index = 41718, .adv_w = 329, .box_w = 18, .box_h = 35, .ofs_x = 2, .ofs_y = 0},
    {.bitmap_index = 42033, .adv_w = 258, .box_w = 15, .box_h = 26, .ofs_x = 1, .ofs_y = 0},
    {.bitmap_index = 42228, .adv_w = 329, .box_w = 18, .box_h = 37, .ofs_x = 2, .ofs_y = 0},
    {.bitmap_index = 42561, .adv_w = 258, .box_w = 15, .box_h = 27, .ofs_x = 1, .ofs_y = 0},
    {.bitmap_index = 42764, .adv_w = 348, .box_w = 18, .box_h = 37, .ofs_x = 2, .ofs_y = 0},
    {.bitmap_index = 43097, .adv_w = 308, .box_w = 23, .box_h = 28, .ofs_x = 1, .ofs_y = 0},
    {.bitmap_index = 43419, .adv_w = 353, .box_w = 21, .box_h = 27, .ofs_x = -1, .ofs_y = 0},
    {.bitmap_index = 43703, .adv_w = 308, .box_w = 19, .box_h = 28, .ofs_x = 1, .ofs_y = 0},
    {.bitmap_index = 43969, .adv_w = 317, .box_w = 18, .box_h = 35, .ofs_x = 2, .ofs_y = 0},
    {.bitmap_index = 44284, .adv_w = 289, .box_w = 16, .box_h = 26, .ofs_x = 1, .ofs_y = 0},
    {.bitmap_index = 44492, .adv_w = 317, .box_w = 18, .box_h = 36, .ofs_x = 2, .ofs_y = 0},
    {.bitmap_index = 44816, .adv_w = 289, .box_w = 16, .box_h = 27, .ofs_x = 1, .ofs_y = 0},
    {.bitmap_index = 45032, .adv_w = 317, .box_w = 18, .box_h = 35, .ofs_x = 2, .ofs_y = 0},
    {.bitmap_index = 45347, .adv_w = 289, .box_w = 16, .box_h = 26, .ofs_x = 1, .ofs_y = 0},
    {.bitmap_index = 45555, .adv_w = 317, .box_w = 18, .box_h = 35, .ofs_x = 2, .ofs_y = -8},
    {.bitmap_index = 45870, .adv_w = 289, .box_w = 16, .box_h = 25, .ofs_x = 1, .ofs_y = -7},
    {.bitmap_index = 46070, .adv_w = 317, .box_w = 18, .box_h = 37, .ofs_x = 2, .ofs_y = 0},
    {.bitmap_index = 46403, .adv_w = 289, .box_w = 16, .box_h = 27, .ofs_x = 1, .ofs_y = 0},
    {.bitmap_index = 46619, .adv_w = 338, .box_w = 18, .box_h = 36, .ofs_x = 2, .ofs_y = 0},
    {.bitmap_index = 46943, .adv_w = 283, .box_w = 18, .box_h = 35, .ofs_x = 0, .ofs_y = -8},
    {.bitmap_index = 47258, .adv_w = 338, .box_w = 18, .box_h = 37, .ofs_x = 2, .ofs_y = 0},
    {.bitmap_index = 47591, .adv_w = 283, .box_w = 18, .box_h = 36, .ofs_x = 0, .ofs_y = -8},
    {.bitmap_index = 47915, .adv_w = 338, .box_w = 18, .box_h = 35, .ofs_x = 2, .ofs_y = 0},
    {.bitmap_index = 48230, .adv_w = 283, .box_w = 18, .box_h = 34, .ofs_x = 0, .ofs_y = -8},
    {.bitmap_index = 48536, .adv_w = 338, .box_w = 18, .box_h = 34, .ofs_x = 2, .ofs_y = -7},
    {.bitmap_index = 48842, .adv_w = 283, .box_w = 18, .box_h = 35, .ofs_x = 0, .ofs_y = -8},
    {.bitmap_index = 49157, .adv_w = 361, .box_w = 19, .box_h = 36, .ofs_x = 2, .ofs_y = 0},
    {.bitmap_index = 49499, .adv_w = 312, .box_w = 20, .box_h = 37, .ofs_x = -2, .ofs_y = 0},
    {.bitmap_index = 49869, .adv_w = 362, .box_w = 22, .box_h = 27, .ofs_x = 0, .ofs_y = 0},
    {.bitmap_index = 50166, .adv_w = 312, .box_w = 19, .box_h = 28, .ofs_x = -1, .ofs_y = 0},
    {.bitmap_index = 50432, .adv_w = 145, .box_w = 13, .box_h = 36, .ofs_x = -2, .ofs_y = 0},
    {.bitmap_index = 50666, .adv_w = 130, .box_w = 14, .box_h = 26, .ofs_x = -3, .ofs_y = 0},
    {.bitmap_index = 50848, .adv_w = 145, .box_w = 11, .box_h = 35, .ofs_x = -1, .ofs_y = 0},
    {.bitmap_index = 51041, .adv_w = 130, .box_w = 12, .box_h = 26, .ofs_x = -2, .ofs_y = 0},
    {.bitmap_index = 51197, .adv_w = 145, .box_w = 11, .box_h = 36, .ofs_x = -1, .ofs_y = 0},
    {.bitmap_index = 51395, .adv_w = 130, .box_w = 10, .box_h = 27, .ofs_x = -1, .ofs_y = 0},
    {.bitmap_index = 51530, .adv_w = 145, .box_w = 7, .box_h = 35, .ofs_x = 0, .ofs_y = -8},
    {.bitmap_index = 51653, .adv_w = 130, .box_w = 7, .box_h = 34, .ofs_x = 0, .ofs_y = -8},
    {.bitmap_index = 51772, .adv_w = 145, .box_w = 5, .box_h = 35, .ofs_x = 2, .ofs_y = 0},
    {.bitmap_index = 51860, .adv_w = 130, .box_w = 5, .box_h = 18, .ofs_x = 2, .ofs_y = 0},
    {.bitmap_index = 51905, .adv_w = 465, .box_w = 25, .box_h = 27, .ofs_x = 2, .ofs_y = 0},
    {.bitmap_index = 52243, .adv_w = 251, .box_w = 13, .box_h = 35, .ofs_x = 1, .ofs_y = -8},
    {.bitmap_index = 52471, .adv_w = 320, .box_w = 18, .box_h = 36, .ofs_x = 0, .ofs_y = 0},
    {.bitmap_index = 52795, .adv_w = 131, .box_w = 12, .box_h = 35, .ofs_x = -2, .ofs_y = -8},
    {.bitmap_index = 53005, .adv_w = 330, .box_w = 19, .box_h = 34, .ofs_x = 2, .ofs_y = -7},
    {.bitmap_index = 53328, .adv_w = 291, .box_w = 16, .box_h = 35, .ofs_x = 2, .ofs_y = -7},
    {.bitmap_index = 53608, .adv_w = 291, .box_w = 16, .box_h = 18, .ofs_x = 2, .ofs_y = 0},
    {.bitmap_index = 53752, .adv_w = 289, .box_w = 16, .box_h = 36, .ofs_x = 2, .ofs_y = 0},
    {.bitmap_index = 54040, .adv_w = 141, .box_w = 8, .box_h = 35, .ofs_x = 1, .ofs_y = 0},
    {.bitmap_index = 54180, .adv_w = 289, .box_w = 16, .box_h = 34, .ofs_x = 2, .ofs_y = -7},
    {.bitmap_index = 54452, .adv_w = 141, .box_w = 8, .box_h = 35, .ofs_x = 0, .ofs_y = -7},
    {.bitmap_index = 54592, .adv_w = 290, .box_w = 16, .box_h = 27, .ofs_x = 2, .ofs_y = 0},
    {.bitmap_index = 54808, .adv_w = 141, .box_w = 12, .box_h = 28, .ofs_x = 2, .ofs_y = 0},
    {.bitmap_index = 54976, .adv_w = 289, .box_w = 16, .box_h = 27, .ofs_x = 2, .ofs_y = 0},
    {.bitmap_index = 55192, .adv_w = 212, .box_w = 12, .box_h = 28, .ofs_x = 2, .ofs_y = 0},
    {.bitmap_index = 55360, .adv_w = 292, .box_w = 19, .box_h = 27, .ofs_x = -1, .ofs_y = 0},
    {.bitmap_index = 55617, .adv_w = 195, .box_w = 12, .box_h = 28, .ofs_x = 0, .ofs_y = 0},
    {.bitmap_index = 55785, .adv_w = 361, .box_w = 19, .box_h = 36, .ofs_x = 2, .ofs_y = 0},
    {.bitmap_index = 56127, .adv_w = 311, .box_w = 16, .box_h = 27, .ofs_x = 2, .ofs_y = 0},
    {.bitmap_index = 56343, .adv_w = 361, .box_w = 19, .box_h = 34, .ofs_x = 2, .ofs_y = -7},
    {.bitmap_index = 56666, .adv_w = 311, .box_w = 16, .box_h = 25, .ofs_x = 2, .ofs_y = -7},
    {.bitmap_index = 56866, .adv_w = 361, .box_w = 19, .box_h = 37, .ofs_x = 2, .ofs_y = 0},
    {.bitmap_index = 57218, .adv_w = 311, .box_w = 16, .box_h = 27, .ofs_x = 2, .ofs_y = 0},
    {.bitmap_index = 57434, .adv_w = 361, .box_w = 19, .box_h = 35, .ofs_x = 2, .ofs_y = -8},
    {.bitmap_index = 57767, .adv_w = 312, .box_w = 16, .box_h = 26, .ofs_x = 2, .ofs_y = -8},
    {.bitmap_index = 57975, .adv_w = 344, .box_w = 18, .box_h = 36, .ofs_x = 2, .ofs_y = 0},
    {.bitmap_index = 58299, .adv_w = 296, .box_w = 17, .box_h = 26, .ofs_x = 1, .ofs_y = 0},
    {.bitmap_index = 58520, .adv_w = 344, .box_w = 18, .box_h = 37, .ofs_x = 2, .ofs_y = 0},
    {.bitmap_index = 58853, .adv_w = 296, .box_w = 17, .box_h = 27, .ofs_x = 1, .ofs_y = 0},
    {.bitmap_index = 59083, .adv_w = 344, .box_w = 18, .box_h = 37, .ofs_x = 2, .ofs_y = 0},
    {.bitmap_index = 59416, .adv_w = 296, .box_w = 17, .box_h = 27, .ofs_x = 1, .ofs_y = 0},
    {.bitmap_index = 59646, .adv_w = 507, .box_w = 30, .box_h = 27, .ofs_x = 2, .ofs_y = 0},
    {.bitmap_index = 60051, .adv_w = 476, .box_w = 28, .box_h = 18, .ofs_x = 1, .ofs_y = 0},
    {.bitmap_index = 60303, .adv_w = 336, .box_w = 18, .box_h = 36, .ofs_x = 2, .ofs_y = 0},
    {.bitmap_index = 60627, .adv_w = 218, .box_w = 12, .box_h = 27, .ofs_x = 2, .ofs_y = 0},
    {.bitmap_index = 60789, .adv_w = 336, .box_w = 18, .box_h = 34, .ofs_x = 2, .ofs_y = -7},
    {.bitmap_index = 61095, .adv_w = 218, .box_w = 14, .box_h = 25, .ofs_x = 0, .ofs_y = -7},
    {.bitmap_index = 61270, .adv_w = 336, .box_w = 18, .box_h = 37, .ofs_x = 2, .ofs_y = 0},
    {.bitmap_index = 61603, .adv_w = 218, .box_w = 12, .box_h = 27, .ofs_x = 2, .ofs_y = 0},
    {.bitmap_index = 61765, .adv_w = 311, .box_w = 18, .box_h = 36, .ofs_x = 1, .ofs_y = 0},
    {.bitmap_index = 62089, .adv_w = 247, .box_w = 14, .box_h = 27, .ofs_x = 1, .ofs_y = 0},
    {.bitmap_index = 62278, .adv_w = 311, .box_w = 18, .box_h = 36, .ofs_x = 1, .ofs_y = 0},
    {.bitmap_index = 62602, .adv_w = 247, .box_w = 14, .box_h = 27, .ofs_x = 1, .ofs_y = 0},
    {.bitmap_index = 62791, .adv_w = 311, .box_w = 18, .box_h = 35, .ofs_x = 1, .ofs_y = -8},
    {.bitmap_index = 63106, .adv_w = 247, .box_w = 14, .box_h = 26, .ofs_x = 1, .ofs_y = -8},
    {.bitmap_index = 63288, .adv_w = 311, .box_w = 18, .box_h = 37, .ofs_x = 1, .ofs_y = 0},
    {.bitmap_index = 63621, .adv_w = 247, .box_w = 14, .box_h = 27, .ofs_x = 1, .ofs_y = 0},
    {.bitmap_index = 63810, .adv_w = 308, .box_w = 19, .box_h = 34, .ofs_x = 0, .ofs_y = -7},
    {.bitmap_index = 64133, .adv_w = 198, .box_w = 10, .box_h = 33, .ofs_x = 2, .ofs_y = -7},
    {.bitmap_index = 64298, .adv_w = 308, .box_w = 19, .box_h = 37, .ofs_x = 0, .ofs_y = 0},
    {.bitmap_index = 64650, .adv_w = 198, .box_w = 11, .box_h = 28, .ofs_x = 2, .ofs_y = 0},
    {.bitmap_index = 64804, .adv_w = 308, .box_w = 19, .box_h = 27, .ofs_x = 0, .ofs_y = 0},
    {.bitmap_index = 65061, .adv_w = 200, .box_w = 10, .box_h = 26, .ofs_x = 2, .ofs_y = 0},
    {.bitmap_index = 65191, .adv_w = 354, .box_w = 18, .box_h = 36, .ofs_x = 2, .ofs_y = 0},
    {.bitmap_index = 65515, .adv_w = 312, .box_w = 17, .box_h = 26, .ofs_x = 1, .ofs_y = 0},
    {.bitmap_index = 65736, .adv_w = 354, .box_w = 18, .box_h = 36, .ofs_x = 2, .ofs_y = 0},
    {.bitmap_index = 66060, .adv_w = 312, .box_w = 17, .box_h = 26, .ofs_x = 1, .ofs_y = 0},
    {.bitmap_index = 66281, .adv_w = 354, .box_w = 18, .box_h = 37, .ofs_x = 2, .ofs_y = 0},
    {.bitmap_index = 66614, .adv_w = 312, .box_w = 17, .box_h = 27, .ofs_x = 1, .ofs_y = 0},
    {.bitmap_index = 66844, .adv_w = 354, .box_w = 18, .box_h = 38, .ofs_x = 2, .ofs_y = 0},
    {.bitmap_index = 67186, .adv_w = 312, .box_w = 17, .box_h = 28, .ofs_x = 1, .ofs_y = 0},
    {.bitmap_index = 67424, .adv_w = 354, .box_w = 18, .box_h = 37, .ofs_x = 2, .ofs_y = 0},
    {.bitmap_index = 67757, .adv_w = 312, .box_w = 17, .box_h = 27, .ofs_x = 1, .ofs_y = 0},
    {.bitmap_index = 67987, .adv_w = 354, .box_w = 18, .box_h = 35, .ofs_x = 2, .ofs_y = -8},
    {.bitmap_index = 68302, .adv_w = 312, .box_w = 17, .box_h = 26, .ofs_x = 1, .ofs_y = -8},
    {.bitmap_index = 68523, .adv_w = 514, .box_w = 32, .box_h = 36, .ofs_x = 0, .ofs_y = 0},
    {.bitmap_index = 69099, .adv_w = 415, .box_w = 26, .box_h = 27, .ofs_x = 0, .ofs_y = 0},
    {.bitmap_index = 69450, .adv_w = 338, .box_w = 21, .box_h = 36, .ofs_x = 0, .ofs_y = 0},
    {.bitmap_index = 69828, .adv_w = 276, .box_w = 17, .box_h = 35, .ofs_x = 0, .ofs_y = -8},
    {.bitmap_index = 70126, .adv_w = 338, .box_w = 21, .box_h = 35, .ofs_x = 0, .ofs_y = 0},
    {.bitmap_index = 70494, .adv_w = 308, .box_w = 19, .box_h = 36, .ofs_x = 0, .ofs_y = 0},
    {.bitmap_index = 70836, .adv_w = 257, .box_w = 16, .box_h = 27, .ofs_x = 0, .ofs_y = 0},
    {.bitmap_index = 71052, .adv_w = 308, .box_w = 19, .box_h = 35, .ofs_x = 0, .ofs_y = 0},
    {.bitmap_index = 71385, .adv_w = 257, .box_w = 16, .box_h = 25, .ofs_x = 0, .ofs_y = 0},
    {.bitmap_index = 71585, .adv_w = 308, .box_w = 19, .box_h = 37, .ofs_x = 0, .ofs_y = 0},
    {.bitmap_index = 71937, .adv_w = 257, .box_w = 16, .box_h = 27, .ofs_x = 0, .ofs_y = 0}
};

/*---------------------
 *  CHARACTER MAPPING
 *--------------------*/



/*Collect the unicode lists and glyph_id offsets*/
static const lv_font_fmt_txt_cmap_t cmaps[] =
{
    {
        .range_start = 32, .range_length = 95, .glyph_id_start = 1,
        .unicode_list = NULL, .glyph_id_ofs_list = NULL, .list_length = 0, .type = LV_FONT_FMT_TXT_CMAP_FORMAT0_TINY
    },
    {
        .range_start = 160, .range_length = 169, .glyph_id_start = 96,
        .unicode_list = NULL, .glyph_id_ofs_list = NULL, .list_length = 0, .type = LV_FONT_FMT_TXT_CMAP_FORMAT0_TINY
    },
    {
        .range_start = 330, .range_length = 53, .glyph_id_start = 265,
        .unicode_list = NULL, .glyph_id_ofs_list = NULL, .list_length = 0, .type = LV_FONT_FMT_TXT_CMAP_FORMAT0_TINY
    }
};

/*-----------------
 *    KERNING
 *----------------*/


/*Map glyph_ids to kern left classes*/
static const uint8_t kern_left_class_mapping[] =
{
    0, 0, 0, 1, 2, 0, 0, 3,
    4, 5, 6, 7, 8, 9, 10, 9,
    11, 12, 0, 13, 14, 15, 16, 17,
    18, 19, 20, 21, 21, 0, 22, 0,
    0, 23, 24, 25, 26, 27, 28, 29,
    30, 31, 31, 32, 33, 34, 31, 31,
    27, 35, 27, 36, 37, 38, 32, 39,
    40, 41, 42, 43, 44, 45, 0, 0,
    0, 0, 46, 47, 48, 49, 50, 51,
    52, 53, 54, 54, 55, 56, 53, 53,
    47, 47, 57, 58, 59, 60, 61, 62,
    63, 64, 65, 66, 67, 68, 69, 0,
    0, 70, 0, 71, 0, 0, 0, 0,
    0, 0, 0, 72, 0, 10, 73, 0,
    74, 0, 0, 0, 0, 0, 0, 75,
    0, 0, 0, 76, 0, 0, 0, 77,
    24, 24, 24, 24, 24, 24, 28, 26,
    28, 28, 28, 28, 31, 31, 31, 31,
    27, 31, 27, 27, 27, 27, 27, 0,
    27, 32, 32, 32, 32, 42, 78, 79,
    46, 46, 46, 46, 46, 46, 50, 48,
    50, 50, 50, 50, 54, 80, 81, 82,
    83, 53, 47, 47, 47, 47, 47, 0,
    47, 61, 61, 61, 61, 65, 47, 65,
    24, 46, 24, 46, 24, 46, 26, 48,
    26, 48, 26, 48, 26, 48, 27, 84,
    27, 85, 28, 50, 28, 50, 28, 50,
    86, 50, 28, 50, 30, 52, 30, 52,
    30, 52, 30, 52, 31, 53, 87, 53,
    31, 88, 31, 89, 31, 90, 31, 54,
    31, 54, 32, 54, 32, 91, 33, 55,
    0, 34, 56, 34, 56, 92, 93, 34,
    0, 34, 94, 31, 53, 31, 53, 31,
    53, 31, 53, 27, 47, 27, 47, 27,
    47, 28, 50, 36, 58, 36, 58, 36,
    58, 37, 59, 37, 59, 37, 59, 37,
    59, 38, 60, 38, 95, 38, 60, 32,
    61, 32, 61, 32, 61, 32, 61, 32,
    61, 32, 61, 40, 63, 42, 65, 42,
    43, 66, 43, 66, 43, 66
};

/*Map glyph_ids to kern right classes*/
static const uint8_t kern_right_class_mapping[] =
{
    0, 0, 1, 2, 3, 0, 0, 4,
    5, 6, 7, 8, 9, 10, 11, 10,
    12, 13, 14, 15, 16, 17, 18, 19,
    20, 21, 22, 23, 23, 0, 24, 0,
    25, 26, 27, 28, 29, 28, 28, 28,
    29, 28, 28, 30, 28, 28, 28, 28,
    29, 28, 29, 28, 31, 32, 33, 34,
    35, 36, 37, 38, 0, 39, 40, 0,
    0, 0, 41, 42, 43, 43, 43, 44,
    45, 42, 46, 47, 42, 48, 49, 49,
    43, 50, 43, 49, 51, 52, 53, 54,
    55, 56, 57, 58, 59, 60, 61, 0,
    0, 0, 62, 0, 0, 0, 0, 0,
    0, 0, 0, 63, 0, 11, 64, 0,
    65, 0, 0, 0, 0, 0, 0, 66,
    0, 0, 0, 67, 0, 0, 0, 0,
    27, 27, 27, 27, 27, 27, 68, 29,
    28, 28, 28, 28, 28, 28, 28, 28,
    28, 28, 29, 29, 29, 29, 29, 0,
    29, 33, 33, 33, 33, 37, 28, 69,
    41, 70, 71, 72, 41, 73, 41, 43,
    43, 43, 43, 43, 74, 75, 76, 77,
    43, 78, 43, 43, 79, 80, 43, 0,
    43, 53, 81, 53, 53, 57, 42, 57,
    27, 82, 27, 83, 27, 41, 29, 43,
    29, 84, 29, 43, 29, 85, 28, 43,
    28, 43, 28, 86, 28, 87, 28, 43,
    28, 43, 28, 88, 29, 89, 29, 90,
    29, 45, 29, 45, 28, 42, 91, 92,
    28, 93, 28, 94, 28, 95, 28, 46,
    28, 96, 0, 46, 30, 97, 28, 42,
    0, 28, 48, 28, 48, 28, 48, 0,
    48, 28, 48, 28, 49, 28, 49, 28,
    98, 28, 49, 29, 99, 29, 100, 29,
    43, 29, 43, 28, 49, 28, 49, 28,
    101, 31, 51, 31, 102, 31, 51, 31,
    103, 32, 52, 32, 52, 32, 52, 33,
    104, 33, 53, 33, 53, 33, 105, 33,
    53, 33, 53, 35, 55, 37, 57, 37,
    38, 58, 38, 58, 38, 106
};

/*Kern values between classes*/
static const int8_t kern_class_values[] =
{
    0, 0, 0, 0, 0, 0, 0, 0,
    0, -45, -45, -33, 0, 0, 0, 0,
    -21, 0, 0, 0, 0, 0, -19, 0,
    0, -26, -18, 0, 0, -22, 0, 0,
    0, 0, 0, 0, 0, 0, 0, 0,
    -7, 0, -8, 0, -7, 0, 0, 0,
    -6, -6, -7, 0, -6, -5, -5, -4,
    -5, -5, 0, 0, 0, 0, -32, -2,
    0, 0, -25, 0, 0, -7, -7, -7,
    -7, 0, 0, 7, 0, -6, -8, -8,
    -6, -7, -7, -8, -8, -8, -8, -8,
    -7, -7, 0, 3, 20, 8, 4, 0,
    6, -6, -8, -8, -6, -7, -7, -6,
    -6, -5, 0, 0, 0, 0, 0, 0,
    0, 0, 0, 0, 0, 0, 0, 0,
    -3, 0, 0, 0, 0, 0, 0, 0,
    0, 0, 0, 0, 0, 0, 0, 0,
    0, 0, 0, 0, 0, 0, 0, 0,
    0, 0, 0, 0, 0, 0, 0, 0,
    0, 0, 0, 0, 0, 0, 0, 0,
    0, 0, 0, 0, 0, 0, 0, 0,
    0, 0, 0, 0, 0, 0, 0, 0,
    0, 0, 0, 0, 0, 0, 0, 0,
    0, 0, 0, 0, 0, 0, 0, 0,
    0, 0, 0, 0, 0, 0, 0, 0,
    0, 0, 0, 0, 0, 0, 0, 0,
    0, 0, 0, 0, 0, -16, 0, 0,
    -16, 0, 0, 0, 0, 0, 0, 0,
    0, 0, 0, 0, 0, 0, 0, 0,
    0, 0, 0, 0, 0, 0, 0, 0,
    0, 0, 0, -34, -1, -17, -18, 0,
    -32, 0, 0, 0, 0, 0, 0, 0,
    0, 0, 0, 0, 0, 0, 0, -1,
    -2, -2, -2, 0, -2, 0, 0, 0,
    0, 0, 0, 0, 0, 0, 0, 0,
    0, 0, 0, 0, 0, 0, 0, 0,
    0, 0, 0, 0, -2, 0, 0, 0,
    0, 0, 0, 0, 0, 0, 0, 0,
    0, 0, 0, 0, 0, 0, 0, 0,
    0, 0, 0, -2, -2, 0, 0, 0,
    0, 0, 0, 0, 0, 0, 0, -36,
    -36, -33, 0, 0, 0, 0, -21, 0,
    0, 0, 0, 0, -19, 0, 0, -26,
    -18, 0, 0, -22, 0, 0, 0, 0,
    0, 0, 0, 0, 0, 0, -7, 0,
    -8, 0, -7, 0, 0, 0, -6, -6,
    -7, 0, -6, -5, -5, -4, -5, -5,
    0, 0, 0, 0, -32, -2, 0, 0,
    -25, 0, 0, -7, -7, -7, -7, 0,
    0, 7, 0, -6, -8, -8, -6, -7,
    -7, -8, -8, -8, -8, -8, -7, -7,
    0, 3, 20, 8, 4, 0, 6, -6,
    -8, -8, -6, -7, -7, -6, -6, -5,
    0, 0, 0, 0, 0, -3, 0, 0,
    0, 0, 0, 0, -9, -2, 0, -3,
    -15, 0, -9, 0, -5, -5, 0, 0,
    0, 0, 2, 0, -3, 0, 0, 0,
    0, 0, 1, 0, 0, 0, 0, 0,
    0, 0, -8, 0, 0, 0, 0, 0,
    0, 0, 0, -2, -9, -15, -14, 0,
    -15, 0, -8, 0, 0, 0, 0, 0,
    0, 0, 0, 0, 0, 0, 0, 0,
    0, 3, 0, 0, 0, 0, -8, -8,
    -9, 0, 0, -8, -8, -8, -8, -8,
    0, 0, 0, 0, 15, 7, 7, 0,
    0, 0, -8, -8, 0, 0, 0, -9,
    -9, 0, 0, 0, 0, 0, 0, 0,
    -3, 0, 0, 0, 0, 0, 0, 0,
    0, 0, 0, 0, 0, 0, 0, 0,
    0, 0, 0, 0, 0, 0, 0, 0,
    0, 0, 0, 0, 0, 0, 0, 0,
    0, -4, 0, 0, 0, 0, 0, 0,
    0, 0, 0, 0, 0, 0, 0, 0,
    0, 0, 0, 0, 0, 0, -3, 0,
    0, 0, 0, 0, 0, 0, 0, 0,
    0, 0, 0, 0, 0, 0, 0, 0,
    0, 0, 0, 0, 0, 0, 0, 0,
    0, 0, 0, 0, 0, 0, 0, 0,
    0, 0, 0, 0, 0, 0, 0, 0,
    0, 0, 0, 0, 0, 0, 0, 0,
    0, 0, 0, 0, 0, 0, 0, 0,
    0, 0, 0, 0, 0, 0, 0, 0,
    0, 0, 0, 0, 0, 0, -13, 0,
    0, -24, 0, -4, 0, 0, 0, 0,
    0, -6, 0, 0, 0, 0, 0, 0,
    0, 0, 0, 0, 0, 0, 0, 0,
    0, 0, 0, 0, 0, 0, 0, 0,
    0, 0, 0, 0, 0, 0, 0, 0,
    0, 0, 0, 0, 0, 0, 0, 18,
    2, 0, 0, 0, 0, 0, 0, 0,
    0, 0, 0, 0, 0, 0, 3, 12,
    24, 0, 0, 0, 18, 0, 0, 0,
    0, 0, 0, 0, 0, 0, 0, 0,
    0, 0, 0, 0, 0, 0, 0, 0,
    0, 0, 0, -12, -2, 0, 2, 0,
    0, -29, 0, -2, 0, 0, 0, 0,
    0, 0, 0, 0, 0, 0, 0, 0,
    0, 0, 0, 0, 0, 0, 0, 0,
    0, 0, 0, 0, 0, 0, 0, 0,
    0, 0, 0, 0, 0, 0, 0, 0,
    0, 0, 0, 0, 0, 0, 0, 0,
    0, 0, 0, 0, 0, 0, 0, 0,
    0, 0, 0, 0, 0, 0, 0, 0,
    0, 0, 0, 0, 0, 0, 0, 0,
    0, 0, 0, 0, 0, 0, 0, 0,
    0, 0, 0, 0, 0, 0, 0, 0,
    0, -45, 0, 0, -36, 0, 0, 0,
    0, 0, 0, 0, -3, -7, 0, 0,
    -6, 0, -3, -5, 0, 0, 0, 0,
    0, 0, 0, 0, -2, 0, 0, -24,
    -5, -23, -23, 0, -28, 0, 0, 0,
    0, 0, 0, 0, 0, 0, 0, 0,
    0, 0, 0, 0, -2, -15, -13, 0,
    -16, 0, 0, 0, 0, 0, 0, 0,
    0, 0, 0, 0, 0, 0, 0, 0,
    0, 0, 0, 0, 0, 0, 0, 0,
    -2, 0, 0, 0, 0, 0, 0, 0,
    0, 0, 0, 0, 0, 0, 0, 0,
    0, 0, 0, 0, 0, 0, 0, -2,
    -2, 0, 0, -45, 0, 0, -36, 0,
    0, 0, 0, 0, 0, 0, 0, -9,
    -2, -2, 0, -2, 0, -21, 0, -3,
    0, 0, 0, 0, 0, 0, 0, -3,
    -7, -25, 0, -15, -15, -6, -29, -9,
    0, 0, -2, 0, 0, 0, 0, 0,
    0, 0, 0, 0, -3, 0, 0, -6,
    -5, -12, -6, -13, 0, 0, 0, 0,
    0, 0, 0, 0, 0, 0, 0, -2,
    -2, -2, -2, 0, 0, 0, 0, 0,
    0, 0, 0, -2, -2, 0, 0, 0,
    0, 0, 0, 0, 0, 0, 0, 0,
    0, 0, 0, 0, 0, 0, 0, -3,
    -3, 0, 0, -13, 0, 0, 0, 0,
    0, 0, 0, 0, 0, 0, 0, -117,
    -8, 0, -2, 0, -35, 0, -8, 0,
    -8, -3, 0, 0, 0, 0, -21, 0,
    -5, -24, 0, 0, 0, 0, 0, 0,
    0, 0, 0, 0, -22, 0, -25, 0,
    -23, 0, 0, 0, -20, -20, -23, 0,
    -19, -13, -13, -17, -14, -16, 0, 0,
    0, 0, 0, 0, 0, 0, 0, -6,
    0, -22, -22, -22, -22, 0, 0, 0,
    0, -20, -25, -25, -19, -22, -22, -25,
    -25, -25, -25, -25, -23, -23, 0, 0,
    12, 2, 6, 0, 0, -20, -25, -25,
    -17, -23, -23, -19, -19, -16, 0, 0,
    0, 0, 0, 0, -9, 0, 0, -3,
    0, -6, 0, 0, 0, 0, 0, 0,
    0, 0, 0, 0, 0, 0, 0, 0,
    0, 0, 0, 0, 0, -3, 0, 0,
    0, 0, -3, 0, 0, -9, 0, 0,
    0, 0, 0, 0, 0, 0, 0, 0,
    0, 0, 0, 0, 0, 0, 0, 0,
    0, 0, -8, 0, 0, 0, 0, 0,
    0, 0, 0, 0, 0, 0, 0, 0,
    0, 0, 0, 0, 0, 0, 0, 0,
    0, 0, 0, 0, 0, 0, 0, 0,
    0, 0, 0, 0, 0, 0, 0, 0,
    0, 0, 0, 0, 0, 0, 0, 0,
    0, 0, 0, 0, 0, 0, 0, 0,
    -22, 0, -18, 0, 0, 0, 0, 0,
    -13, 0, 0, 0, 0, 0, 0, -2,
    0, 0, 0, 0, 0, 0, 0, -2,
    0, 0, 0, 0, 0, 0, 0, 0,
    0, 0, 0, 0, 0, 0, 0, 0,
    0, 0, 0, 0, 0, 0, 0, 0,
    0, 0, 0, 0, 0, 0, 0, 0,
    0, -14, 0, 0, 0, 0, 0, 0,
    0, 0, 0, 0, 0, 0, 0, 0,
    0, 0, 0, 0, 0, 0, 0, 0,
    0, 0, 0, 0, 0, 0, 0, 0,
    0, 0, 0, 0, 0, 0, 0, 0,
    0, 0, 0, 0, 0, 0, 0, 0,
    -5, 0, 0, 0, 0, 0, 0, 0,
    0, 0, 0, 0, 0, 0, 0, 0,
    0, 0, 0, 0, 0, 0, 0, 0,
    0, -2, 0, 0, 0, 0, -3, 0,
    0, -5, 0, 0, 0, 0, 0, 0,
    0, 0, 0, 0, 0, 0, 0, 0,
    0, 0, 0, 0, 0, 0, -5, 0,
    0, 0, 0, 0, 0, 0, 0, 0,
    0, 0, 0, 0, 0, 0, 0, 0,
    0, 0, 0, 0, 0, 0, 0, 0,
    0, 0, 0, 0, 0, 0, 0, 0,
    0, 0, 0, 0, 0, 0, 0, 0,
    0, 0, 0, 0, 0, -11, 0, 0,
    -11, 0, -8, 0, 2, -2, 0, 0,
    0, -6, 0, 2, 8, 2, 0, -16,
    0, 0, 0, 0, 0, 0, 0, 0,
    0, 5, 0, -12, 0, -7, -8, 0,
    -12, 0, -16, -8, 0, 0, 0, 0,
    0, 0, 0, 0, 0, 0, 0, 0,
    0, 0, 0, 0, 0, 0, 0, 0,
    -8, 0, 0, 0, -14, 0, 0, 0,
    0, 0, 0, 0, 0, 0, 0, 0,
    0, 0, 0, 0, 0, 0, 0, 0,
    0, 0, 0, 0, 0, 0, 0, 0,
    0, 0, 0, 0, 0, 0, 0, 0,
    0, 0, 0, 0, 0, 0, 0, 0,
    0, 0, 0, 0, 0, 0, 0, 0,
    0, 0, 0, 0, 0, 0, 3, 0,
    0, 0, 0, 0, 0, 0, 0, 0,
    0, 0, 0, 0, 0, 0, 0, 0,
    0, 0, 0, 0, 0, 0, 0, 0,
    0, 0, 0, 0, 0, 0, 0, 0,
    0, 0, 0, 0, 0, 0, 0, 0,
    0, 0, 0, 0, 0, 0, -2, 0,
    0, 0, 0, 0, 0, 0, 0, 0,
    0, 0, 0, 0, 0, 0, 0, 0,
    0, 0, 0, 0, 0, 0, 0, 0,
    0, 0, 0, 0, 0, 0, 0, 0,
    0, 0, 0, 0, 0, 0, 0, 0,
    0, 0, 0, 0, 0, 0, -5, 0,
    0, 0, 0, 0, 0, 0, 0, 0,
    0, 0, 0, 0, 0, 0, 0, 0,
    0, 0, 0, 0, 0, 0, 0, -2,
    0, 0, 0, 0, 0, 0, 0, -5,
    0, 0, 0, 0, 0, 0, 0, 0,
    0, 0, 0, 0, 0, 0, 0, 0,
    0, 0, 0, 0, -4, 0, 0, 0,
    0, 0, 0, 0, 0, 0, 0, 0,
    0, 0, 0, 0, 0, 0, 0, 0,
    0, 0, 0, 0, 0, 0, 0, 0,
    0, 0, 0, 0, 0, 0, 0, 0,
    0, 0, 0, 0, 0, 0, 0, 0,
    0, 0, 0, 0, -5, 0, 0, 0,
    0, 0, -30, -32, -21, -43, 0, 4,
    0, 0, -23, 0, 0, 0, 0, 0,
    0, -12, 0, 0, -16, 0, 0, -18,
    0, 3, 0, 4, 4, 0, 4, 0,
    0, 0, 0, 0, 0, 0, 0, 0,
    0, 0, 0, 0, 0, 0, 0, 0,
    0, 0, 0, 0, 0, 0, 0, -5,
    0, 0, 0, -15, 0, 0, 0, 0,
    0, 0, 0, 0, 0, 0, 0, 0,
    0, 0, 0, 0, 0, 0, 0, 0,
    0, 0, 0, 0, 0, 0, 0, 0,
    0, 0, 0, 0, 0, 0, 0, 0,
    0, 0, 0, 0, 0, 0, 0, 0,
    0, 0, -5, 0, 0, 0, 0, 0,
    0, 0, 0, 0, 0, 0, 0, 0,
    0, 0, 0, 0, 0, 0, 0, 0,
    0, 0, 0, -2, 0, 0, 0, 0,
    -3, 0, 0, -5, 0, 0, 0, 0,
    0, 0, 0, 0, 0, 0, 0, 0,
    0, 0, 0, 0, 0, 0, 0, 0,
    -5, 0, 0, 0, 0, 0, 0, 0,
    0, 0, 0, 0, 0, 0, 0, 0,
    0, 0, 0, 0, 0, 0, 0, 0,
    0, 0, 0, 0, 0, 0, 0, 0,
    0, 0, 0, 0, 0, 0, 0, 0,
    0, 0, 0, 0, 0, 0, 0, 0,
    0, 0, 0, 0, -9, 0, 0, -3,
    0, -7, 0, 0, 0, 0, 0, 0,
    0, 0, 0, 0, 0, 0, 0, 0,
    0, 0, 0, 0, 0, -3, 0, 0,
    0, 0, -3, 0, 0, -9, 0, 0,
    0, 0, 0, 0, 0, 0, 0, 0,
    0, 0, 0, 0, 0, 0, 0, 0,
    0, 0, -9, 0, 0, 0, 0, 0,
    0, 0, 0, 0, 0, 0, 0, 0,
    0, 0, 0, 0, 0, 0, 0, 0,
    0, 0, 0, 0, 0, 0, 0, 0,
    0, 0, 0, 0, 0, 0, 0, 0,
    0, 0, 0, 0, 0, 0, 0, 0,
    0, -19, 0, 0, -19, 0, 0, 0,
    0, 0, 0, 0, 0, 0, 0, 0,
    0, 0, 0, 0, 0, 0, 0, 0,
    0, 0, 0, 0, 0, 0, 0, -23,
    0, -10, -10, 0, -21, 0, 0, 0,
    0, 0, 0, 0, 0, 0, 0, 0,
    0, 0, 0, 0, 0, 0, 0, 0,
    0, 0, 0, 0, 0, 0, 0, 0,
    0, 0, 0, 0, 0, 0, 0, 0,
    0, 0, 0, 0, 0, 0, 0, 0,
    0, 0, 0, 0, 0, 0, 0, 0,
    0, 0, 0, 0, 0, 0, 0, 0,
    0, 0, 0, 0, 0, 0, 0, 0,
    0, 0, 0, 0, 0, 0, 0, 0,
    0, 0, 0, 0, 0, 0, 0, -5,
    0, 0, 0, 0, 0, -13, 0, 0,
    0, 0, 0, 0, 0, 0, 0, 0,
    0, 0, 0, 0, 0, 0, 0, 0,
    0, 0, 0, 0, 0, 0, 0, 0,
    0, 0, 0, 0, 0, 0, 0, 0,
    0, 0, 0, 0, 0, 0, 0, 0,
    0, 0, 0, 0, 0, 0, 0, 0,
    0, 0, 0, 0, 0, 0, 0, 0,
    0, 0, 0, 0, 0, 0, 0, 0,
    0, 0, 0, 0, 0, 0, 0, 0,
    0, 0, 0, 0, 0, 0, 0, 0,
    0, 0, 0, 0, 0, -22, 0, 0,
    -22, 0, 0, 0, 0, 0, 0, 0,
    0, 0, 0, 0, 0, 0, 0, 0,
    0, 0, 0, 0, 0, 0, 0, 0,
    0, 0, 0, -21, 0, -8, -8, 0,
    -19, 0, 0, 0, 0, 0, 0, 0,
    0, 0, 0, 0, 0, 0, 0, 0,
    0, 0, 0, 0, 0, 0, 0, 0,
    0, 0, 0, 0, 0, 0, 0, 0,
    0, 0, 0, 0, 0, 0, 0, 0,
    0, 0, 0, 0, 0, 0, 0, 0,
    0, 0, 0, 0, 0, 0, 0, 0,
    0, 0, 0, 0, 0, 0, 0, 0,
    0, 0, 0, 0, 0, 0, 0, -18,
    0, 0, -18, 0, 2, -13, 0, 0,
    0, 0, 0, -3, 0, 0, 0, 0,
    0, -4, 0, 0, 0, 0, -6, 0,
    0, 0, 0, 0, 0, -29, 0, -18,
    -18, 0, -30, 0, -16, 2, 0, 0,
    0, 0, 0, 0, 0, 0, 0, 0,
    0, -1, -1, -10, -9, 0, -11, 0,
    0, 0, 2, 0, 0, -2, 0, 0,
    0, 0, 0, 0, 0, 0, 0, 0,
    0, 0, 0, 0, 0, 0, -1, 0,
    0, 0, 0, 0, 0, 0, 0, 0,
    0, 0, 0, 0, 0, 0, 0, 0,
    0, 0, 0, 0, 0, -1, -1, 0,
    0, 0, 0, 0, 0, 0, -4, 0,
    0, 0, 0, 0, 0, 0, 0, 0,
    0, 0, 0, 0, 0, 0, 0, 0,
    0, 0, 0, 0, 0, 0, 0, -8,
    0, 0, 0, -3, -4, -1, 0, -4,
    0, 0, 0, 0, 0, 0, 0, 0,
    0, 0, -1, 0, 0, -3, -3, -5,
    -3, -4, 0, 0, -3, 0, 0, 0,
    0, 0, 0, 0, 0, 0, 0, 0,
    0, 0, 0, 0, 0, 0, 0, 0,
    0, 0, 0, 0, 0, 0, 0, 0,
    0, 0, 0, 0, 6, 0, 0, 0,
    0, 0, 0, 0, 0, -1, -1, 0,
    0, -4, 0, 0, 0, 0, 0, 0,
    0, 0, 0, 0, -1, 0, 0, 0,
    0, 0, 2, 0, 0, 0, 0, 0,
    0, 0, 0, 0, 0, 0, 0, 0,
    0, 0, 0, 0, 0, -2, -1, 0,
    0, 0, -1, 0, 0, 0, -2, 0,
    0, 0, 0, 0, -1, 0, -1, -8,
    -8, -5, -8, -1, 0, 0, 0, 0,
    0, 0, 0, 0, 0, 0, 0, -1,
    -1, -1, -1, 0, 0, 5, 0, 0,
    0, 0, -1, -1, -1, 0, 0, 0,
    0, 0, -2, -2, 0, 4, 14, 0,
    0, 0, 5, 0, 0, 0, 0, -1,
    -1, -1, -1, -1, 0, 0, 0, 0,
    0, 0, -3, 0, 0, -2, 0, 0,
    0, 0, 0, 0, 0, 0, 0, 0,
    0, 0, 0, 0, 0, 0, 0, 0,
    0, 0, 0, -8, 0, 0, 0, -5,
    -6, -3, 0, -3, -1, -1, 0, -1,
    -1, -1, -1, -1, -1, -1, -1, -1,
    -1, 0, 0, -3, 0, -1, 0, 0,
    -3, 0, 0, 0, 0, 0, 0, 0,
    -1, -1, -1, -1, -1, -1, -1, -1,
    -1, -1, 0, 0, -1, -1, -1, 0,
    0, 0, 0, 0, -1, -1, 0, -1,
    -1, -1, -1, -1, -1, -1, 0, 0,
    -1, -1, -1, -1, -1, -1, 0, 0,
    0, -3, 0, 0, 0, 0, 0, 0,
    -14, 0, 0, 0, 0, 0, -3, 0,
    0, 0, 0, 0, 0, 0, 0, 0,
    0, 0, -5, -1, 0, 0, 0, 0,
    0, 0, 0, 0, 0, 0, 0, 0,
    -9, 0, -2, 0, 0, 0, 0, 0,
    0, 0, -15, -31, -29, 0, -32, 0,
    0, 0, 0, 0, -11, -8, 0, 0,
    0, 0, 0, 0, 0, 0, 0, 4,
    0, 7, 4, 0, -9, -9, -15, 0,
    0, -9, -9, -9, -9, -9, -2, -2,
    0, 4, 17, 9, 9, 0, 6, 0,
    -9, -9, 0, 0, 0, -15, -15, 0,
    0, 0, 0, -8, 0, 0, 3, -4,
    0, -37, -29, -32, -3, 4, -2, 0,
    -20, 0, -3, 4, -2, -2, -19, 0,
    0, -21, -41, 0, -7, -52, -2, 0,
    0, 0, 0, 0, 0, 0, 0, 3,
    -60, 0, -48, -7, -46, -6, -6, 0,
    -46, -47, -45, -5, -44, -39, -38, -49,
    -39, -54, 0, 0, 3, 0, -21, -14,
    0, 0, -20, -8, -7, -60, -55, -47,
    -45, 2, -12, 5, 2, -44, -48, -42,
    -44, -56, -42, -48, -35, -48, -45, -40,
    -46, -44, 0, 9, 16, 7, 15, -38,
    5, -41, -48, -45, -13, -39, -23, -44,
    -44, -28, 0, 0, 0, 0, 0, 0,
    -3, 0, 0, -2, 0, 0, 0, 0,
    0, 0, 0, 0, 0, 0, 0, 0,
    0, 0, 0, 0, 0, 0, 0, 0,
    0, -4, 0, 0, 0, -3, -2, 0,
    0, -3, 0, 0, 0, 0, 0, 0,
    0, 0, -1, -1, 0, 0, -1, -1,
    -1, -5, -1, -2, 0, 0, -2, 0,
    0, 0, 0, 0, 0, 0, 0, 0,
    0, 0, 0, 0, 0, 0, 0, -1,
    0, 0, -1, 0, 0, 0, 0, 0,
    0, 0, 0, 0, 0, 0, 7, 0,
    0, 0, 0, -1, 0, 0, -1, 0,
    0, -1, -1, -2, 0, 0, 0, 0,
    0, 0, 0, 0, 0, 0, 0, 0,
    0, 0, 0, 0, 0, 0, 0, 0,
    0, 0, 0, 0, 0, 0, 0, 0,
    0, 0, 0, 0, 0, 0, 0, 0,
    0, 0, 0, 0, 0, -1, -1, -1,
    -1, 0, 0, -1, -1, -1, 0, -1,
    -3, 0, 0, 0, 0, 0, 0, 0,
    0, 0, 0, 0, 0, 0, 0, 0,
    -1, 0, 0, 0, 0, 0, 0, 0,
    0, -1, -1, -1, -3, 0, 0, -1,
    -1, -1, -1, -1, -1, -1, 0, -1,
    6, 0, 0, 0, 0, -1, -1, -1,
    -1, 0, 0, -3, -3, 0, 0, 0,
    0, 0, 0, 0, 0, 0, 0, -3,
    0, -5, 0, 0, 0, 0, 0, 0,
    0, 0, 0, 0, 0, 0, 0, 0,
    -1, 0, 0, 0, 0, 0, 0, 0,
    0, 0, 0, 0, 0, 0, -3, 0,
    -2, -1, -4, -1, -1, 0, -3, -3,
    -3, 0, -3, 0, 0, -2, 0, -3,
    0, 0, 0, 0, 0, 0, 0, 0,
    0, 0, -1, -3, -3, -3, -3, -1,
    -1, -1, -1, -3, -2, -2, -3, -3,
    -3, -2, -2, -2, -2, -2, -4, -4,
    0, 0, 8, -1, -1, -1, -1, -3,
    -2, -2, -3, -3, -3, -3, -3, -3,
    0, 0, 0, -3, 0, 0, 5, 0,
    0, 2, -3, 0, 0, 0, 3, 0,
    0, 0, 0, 0, 0, 0, 0, 0,
    0, 0, 0, 0, -6, 0, 0, 0,
    0, 0, 0, 0, 0, 0, 0, 5,
    0, 0, -2, 0, 0, 0, 0, 0,
    0, 0, 0, 0, -5, -18, -17, 0,
    -18, 0, 0, 0, 6, 0, -2, -2,
    0, 0, 0, 0, 0, 0, 0, 0,
    0, 0, 0, 0, 0, 0, -2, -2,
    -5, 0, 0, -2, -2, -2, -2, -2,
    0, 0, 0, 0, 11, 3, 2, 0,
    0, 0, -2, -2, 0, 0, 0, -5,
    -5, 0, 0, -34, 0, -3, -34, 0,
    0, -36, 0, 0, -19, 0, -3, -5,
    0, 0, -6, 0, -3, -5, 0, 0,
    0, 0, -8, 0, 0, 0, -8, 0,
    0, -47, -9, -39, -39, 0, -45, 0,
    -27, 0, 0, 0, -7, 0, 0, 0,
    0, 0, 0, 0, 0, -5, -11, -41,
    -36, 0, -43, 0, 0, 0, 0, 0,
    -16, -18, 0, -33, -3, 0, 0, 0,
    0, 0, 0, 0, 0, 0, 0, 0,
    -7, -7, -11, 0, 0, -7, -7, -7,
    -7, -7, 0, 0, 0, 0, 0, 0,
    0, 0, 0, 0, -7, -7, 0, 0,
    0, -11, -11, 0, 0, 0, 0, -3,
    0, 0, -5, 4, 0, -37, -19, -23,
    0, 0, 0, 0, -8, 0, 0, 0,
    0, 0, 0, 0, 0, -2, -19, 0,
    0, -41, 0, -1, 0, 0, 0, -4,
    -1, -5, 0, -5, -8, 0, -12, 0,
    -9, 0, 0, 0, -3, -4, -6, 0,
    -3, 0, 0, 0, 0, 0, 0, 0,
    -4, 0, -6, 0, 0, 0, 0, 0,
    0, -8, -8, -8, -8, 0, 0, 7,
    0, -3, -12, -12, -3, -8, -8, -12,
    -12, -12, -12, -12, -9, -9, 0, 6,
    16, 0, 0, -2, 7, -3, -12, -12,
    -3, -6, -6, -3, -3, 0, 0, 0,
    0, 0, 0, 0, 0, 0, 0, 0,
    -1, 0, 0, 0, 0, 0, -2, 0,
    0, 0, 0, 0, 0, 0, 0, 0,
    0, 0, 0, 0, 0, -4, 0, 0,
    0, 0, -2, 0, 0, 0, 0, 0,
    -5, 0, -3, 0, 0, 0, 0, 0,
    0, 0, -4, 0, 0, 0, 0, 0,
    0, 0, 0, 0, -6, 0, 0, 0,
    0, 0, 0, 0, 0, 0, 0, 0,
    0, 4, 0, 0, -5, -5, -4, 0,
    0, -5, -5, -5, -5, -5, -3, -3,
    0, 3, 15, 0, 0, 0, 4, 0,
    -5, -5, 0, 0, 0, -4, -4, 0,
    0, 0, 0, 0, 0, 0, 0, -1,
    0, 0, 0, 0, 0, 0, 0, 0,
    2, 0, 0, 0, 0, 0, 0, 0,
    0, 0, 0, 0, 0, 0, 0, -1,
    0, 0, 0, 0, 0, 0, 0, 0,
    0, 0, 0, 0, 0, 0, 0, 0,
    0, 0, 0, 0, 0, -6, -6, -6,
    -6, -4, 0, 0, 0, 0, 0, 0,
    0, 0, 0, 0, 0, 0, 0, 0,
    0, 0, 0, 0, 0, 0, 0, 0,
    0, 0, 0, 0, 0, 0, 0, 0,
    0, 0, 0, 0, 10, 0, 0, 0,
    0, 0, 0, 0, 0, 0, 0, 0,
    0, -4, 0, 0, 0, -9, 0, 0,
    0, -4, 0, -24, -25, -24, -3, 2,
    0, 0, -20, 0, -3, 2, -2, 0,
    -23, 0, 0, -23, -29, 0, -8, -43,
    -4, 0, 0, 0, 0, 0, 0, 0,
    0, 0, -43, 0, -45, -7, -45, -3,
    -3, 0, -45, -46, -43, -3, -47, -41,
    -41, -42, -41, -42, 0, 0, 0, 0,
    -25, -16, 0, 0, -24, -9, -7, -43,
    -38, -31, -43, 2, -7, 5, 3, -40,
    -45, -36, -47, -39, -43, -43, -37, -45,
    -45, -45, -42, -45, 0, 7, 15, 7,
    13, -44, 5, -45, -45, -45, -16, -34,
    -26, -41, -47, -31, 0, 0, 0, -4,
    0, 0, 0, 0, 0, -23, -15, -20,
    0, 0, 0, 0, -11, 0, 0, 3,
    0, 0, -10, 0, 0, -11, -18, 0,
    0, -27, 0, 0, 0, 0, 0, 0,
    0, 0, 0, 0, -22, 0, -24, -2,
    -22, 0, 0, 0, -18, -18, -21, 0,
    -18, -7, -7, -14, -7, -13, 0, 0,
    1, 0, -13, -2, 0, 0, -7, -2,
    -2, -22, -22, -22, -22, 7, 0, 11,
    6, -18, -24, -24, -18, -22, -22, -24,
    -24, -24, -24, -24, -22, -22, 0, 7,
    27, 17, 11, -18, 11, -18, -24, -24,
    -13, -21, -21, -18, -18, -13, 0, 0,
    0, -4, 0, 0, 1, 0, 0, -23,
    -15, -21, 0, 2, 0, 0, -11, 0,
    0, 4, 0, 0, -10, 0, 0, -11,
    -18, 0, 0, -27, 0, 0, 0, 0,
    0, 0, 0, 0, 0, 1, -22, 0,
    -24, -2, -22, 0, 0, 0, -18, -18,
    -21, 0, -17, -7, -7, -13, -7, -13,
    0, 0, 2, 0, -13, 0, 0, 0,
    -5, -1, -2, -22, -22, -22, -22, 7,
    0, 11, 6, -18, -24, -24, -17, -22,
    -22, -24, -24, -24, -24, -24, -22, -22,
    0, 7, 27, 17, 11, -18, 11, -18,
    -24, -24, -14, -21, -21, -17, -17, -13,
    0, 0, 0, -3, 0, 0, 0, 0,
    0, 0, -6, 0, 0, 0, 0, 0,
    0, 0, 0, 0, 0, 0, 0, 0,
    0, 0, 0, 0, -5, 0, 0, 0,
    0, 0, 0, 0, 0, 0, 0, 0,
    0, 0, -5, 0, -1, 0, 0, 0,
    0, 0, 0, 0, -9, -18, -16, 0,
    -18, 0, 0, 0, 0, 0, -7, -2,
    0, 0, 0, 0, 0, 0, 0, 0,
    0, 4, 0, 5, 3, 0, -5, -5,
    -9, 0, 0, -5, -5, -5, -5, -5,
    -1, -1, 0, 2, 21, 12, 7, 0,
    5, 0, -5, -5, 0, 0, 0, -9,
    -9, 0, 0, 0, 0, -9, 0, 0,
    0, 0, 0, -28, -29, -27, -3, 0,
    0, 0, -21, 0, -3, 3, -3, 0,
    -22, 0, 0, -22, -30, 0, -6, -44,
    -2, 0, 0, 0, 0, 0, 0, 0,
    0, 0, -42, 0, -49, -5, -45, 0,
    0, 0, -35, -35, -42, 0, -37, -27,
    -27, -33, -27, -32, 0, 0, 0, 0,
    -25, -12, 0, 0, -17, -7, -5, -42,
    -42, -30, -42, 7, 0, 6, 5, -35,
    -49, -37, -37, -39, -42, -47, -38, -46,
    -49, -47, -45, -45, 0, 3, 25, 16,
    11, -35, 6, -35, -45, -49, -17, -36,
    -27, -37, -37, -32, 0, 0, 0, -1,
    0, 0, 0, 0, 0, 0, -19, 0,
    0, 0, 0, 0, -6, 0, 0, 0,
    0, 0, 0, 0, 0, 0, 0, 0,
    -4, 0, 0, 0, 0, 0, 0, 0,
    0, 0, 0, 0, -1, 0, -11, -1,
    -2, 0, 0, 0, -1, -1, 0, -3,
    -14, -27, -24, 0, -27, 0, 0, 0,
    0, 0, -15, -11, 0, 0, -3, 0,
    -1, -1, -1, -1, -1, 0, 0, 0,
    0, -1, -11, -11, -14, -1, -1, -11,
    -11, -11, -11, -11, -2, -2, 0, 0,
    14, 4, 3, 0, 0, -1, -11, -11,
    -1, 0, 0, -14, -14, 0, 0, 0,
    0, 0, 0, -3, 0, 0, 0, 0,
    0, 0, -9, -2, 0, -3, -16, 0,
    -9, 0, -5, -5, 0, 0, 0, 0,
    2, 0, -3, -2, 0, 0, 0, 0,
    1, 0, 0, 0, 0, 0, 0, 0,
    -8, 0, 0, 0, 0, 0, 0, 0,
    0, -2, -9, -14, -14, 0, -15, 0,
    -8, 0, 0, 0, 0, 0, 0, 0,
    0, 0, 0, 0, 0, 0, 0, 3,
    0, 0, 0, 0, -8, -8, -9, 0,
    0, -8, -8, -8, -8, -8, 0, 0,
    0, 0, 15, 7, 7, 0, 0, 0,
    -8, -8, 0, 0, 0, -9, -9, 0,
    0, -22, 0, 0, -22, 0, 0, 0,
    0, 0, 0, 0, 0, -6, 0, 0,
    0, 0, 0, -6, 0, 0, 0, 0,
    0, 0, 0, 0, 0, 0, 0, -20,
    0, -15, -15, 0, -21, 0, 0, 0,
    0, 0, 0, 0, 0, 0, 0, 0,
    0, 0, 0, 0, 0, -7, -7, 0,
    -7, 0, 0, 0, 0, 0, 0, 0,
    0, 0, 0, 0, 0, 0, 0, 0,
    0, 0, 0, 0, 0, 0, 0, 0,
    0, 0, 0, 0, 0, 0, 0, 0,
    0, 0, 0, 0, 0, 0, 0, 0,
    0, 0, 0, 0, 0, 0, 0, 0,
    0, 0, 0, -8, 0, 0, -8, 0,
    0, 0, 0, 0, 0, 0, 0, 0,
    0, 0, 0, 0, 0, 0, 0, 0,
    0, 0, -12, 0, 0, -3, -3, 0,
    -1, -47, -4, -22, -21, 0, -50, 0,
    -17, 0, 0, 0, 0, 0, 0, 0,
    0, 0, 0, 0, 0, 0, 0, -3,
    -3, 0, -3, 0, 0, 0, 0, 0,
    0, 0, 0, 0, 0, 0, 0, 0,
    0, 0, 0, 0, 0, 0, 0, 0,
    0, 0, 0, 0, 0, 0, 0, 0,
    0, 0, 0, 0, -3, 0, 0, 0,
    0, 0, 0, 0, 0, 0, 0, 0,
    0, 0, 0, 0, 0, -8, 0, 0,
    -8, 0, -8, 0, 0, 0, 0, 0,
    0, 0, 0, 0, 0, 0, 0, 0,
    0, 0, 0, 0, -13, 0, 0, -1,
    0, 0, -1, -44, -2, -24, -24, -6,
    -48, -6, -16, -8, 0, 0, 0, 0,
    0, 0, 0, 0, 0, 0, 0, 0,
    0, -1, 0, -4, -1, -3, 0, 0,
    -7, 0, 0, 0, 0, 0, 0, 0,
    0, 0, 0, 0, 0, 0, 0, 0,
    0, 0, 0, 0, 0, 0, 0, 0,
    0, 0, 0, 0, 0, 0, -1, 0,
    0, 0, 0, 0, 0, 0, 0, 0,
    0, 0, 0, 0, 0, -3, 0, -1,
    0, -6, -1, 0, 0, 0, 0, 0,
    -12, 0, 0, 0, 0, 0, 0, 0,
    0, 0, 0, 0, 0, 0, -8, 0,
    0, 0, -5, -3, -3, -44, 0, -16,
    -15, 0, -37, 0, -9, 0, 0, 0,
    -2, 0, 0, 0, 0, 0, 0, 0,
    0, 0, 0, 0, 0, 0, 0, 0,
    0, 0, 0, 0, 0, 0, 0, 0,
    0, 0, 0, 0, 0, 0, 0, 0,
    0, 0, 0, 0, -2, -2, 0, 0,
    0, -2, -2, -2, -2, -2, 0, 0,
    0, 0, 0, 0, 0, 0, 0, 0,
    -2, -2, 0, 0, 0, 0, 0, 0,
    0, 0, 0, 0, 0, 0, 0, 0,
    0, 0, 0, 0, 0, 0, 0, 0,
    0, 0, 0, 0, 0, 0, 0, 0,
    0, 0, 0, -1, -1, 0, 0, 0,
    0, 0, 0, 0, 0, 0, 0, 0,
    0, 0, 0, 0, 0, 0, 0, 0,
    0, 0, 0, 0, 0, 0, 0, 0,
    0, 0, 0, 0, 0, 0, 0, 0,
    0, 0, 0, 0, 0, 0, 0, 0,
    0, 0, 0, 0, 0, 0, 0, 0,
    0, 0, 0, 0, 0, 0, 0, 0,
    0, 0, -1, 0, 5, 0, 0, 0,
    0, 0, 0, 0, 0, 0, 0, 0,
    0, 0, 0, -8, 0, 0, -8, 0,
    0, 0, 0, 0, 0, 0, 0, 0,
    0, 0, 0, 0, 0, 0, 0, 0,
    0, 0, -11, 0, 0, 0, 0, -1,
    -2, -44, -2, -22, -21, 0, -45, 0,
    -15, 0, 0, 0, 0, 0, 0, 0,
    0, 0, 0, 0, 0, 0, 0, 0,
    0, 0, 0, 0, 0, 0, 0, 0,
    0, 0, 0, 0, 0, 0, 0, 0,
    0, 0, 0, 0, 0, 0, 0, 0,
    0, 0, 0, 0, 0, 0, 0, 0,
    0, 0, 0, 0, 0, 0, 0, 0,
    0, 0, 0, 0, 0, 0, 0, 0,
    0, 0, 0, 0, 0, 0, 0, -8,
    0, 0, 2, 0, 0, -18, -20, -17,
    0, 0, 0, 0, 0, 0, 0, 0,
    0, 0, 0, 0, 0, -2, -18, 0,
    0, -32, 0, 0, 0, 4, 4, -2,
    3, -5, 0, 2, -4, 0, -7, 0,
    -3, -6, -6, -6, 0, 0, -1, 0,
    0, 0, 0, 0, 0, 0, 0, 0,
    2, 0, -3, 0, 0, 0, 0, 0,
    2, -4, -4, -4, -4, 4, -6, 3,
    2, 0, -7, -7, 0, -4, -4, -7,
    -7, -7, -7, -7, -3, -3, 0, 0,
    16, 8, 6, -6, 3, 0, -7, -7,
    0, -1, -1, 0, 0, 0, 0, 0,
    0, 0, 0, 0, 0, 0, 0, -3,
    0, 0, 0, 0, 0, 0, 0, 0,
    0, 0, 0, 0, 0, 0, -6, 0,
    -3, 0, 0, -3, 0, -40, 0, -4,
    -4, -8, -20, -8, -3, 0, 0, 0,
    -1, 0, -1, 0, 8, 0, 0, 0,
    0, 0, 0, 0, 0, 0, 0, 0,
    0, 0, 0, 0, 0, 0, 0, 0,
    0, 0, 0, 0, 0, 0, 0, 0,
    0, 0, 0, 0, -1, -1, 0, 0,
    0, -1, -1, -1, -1, -1, -1, -1,
    0, 0, 0, 0, 0, 0, 8, 0,
    -1, -1, 0, 0, 0, 0, 0, 0,
    0, -8, 0, 0, -8, 0, 0, 0,
    0, 0, 0, 0, 0, 0, 0, 0,
    0, 0, 0, 0, 0, 0, 0, 0,
    -12, 0, 0, -3, -3, 0, -1, -47,
    -4, -22, -21, 0, -51, 0, -17, 0,
    0, 0, 0, 0, 0, 0, 0, 0,
    0, 0, 0, 0, 0, -3, -3, 0,
    -3, 0, 0, 0, 0, 0, 0, 0,
    0, 0, 0, 0, 0, 0, 0, 0,
    0, 0, 0, 0, 0, 0, 0, 0,
    0, 0, 0, 0, 0, 0, 0, 0,
    0, 0, -3, 0, 0, 0, 0, 0,
    0, 0, 0, 0, 0, 0, 0, 0,
    0, 0, 0, 0, 0, 0, 0, 0,
    0, 0, 0, 0, 0, 0, 0, 0,
    0, 0, 0, 0, 0, 0, 0, 0,
    0, 0, 0, 0, 0, -1, -1, 0,
    0, -3, -1, 0, 0, 0, 0, 0,
    0, 0, 0, 0, 0, 0, 0, 0,
    0, 0, 0, 0, 0, 0, 0, 0,
    0, 0, 0, 0, 0, 0, 0, 0,
    0, 0, 0, 0, 0, 0, 0, 0,
    0, 0, 0, 0, 0, 0, 0, 0,
    0, 0, 0, 0, 0, 0, 0, 0,
    0, 0, 0, 0, -1, 0, 9, 0,
    0, 0, 0, 0, 0, 0, 0, 0,
    0, 0, 0, 0, 0, -3, 0, -5,
    -3, 0, 0, 0, 0, 0, -11, 0,
    0, 0, 0, 0, 0, 0, 0, 0,
    0, 0, 0, 0, -6, 0, 0, 0,
    -4, 0, 0, -41, -3, -16, -15, 0,
    -35, 0, -10, 0, 0, 0, -5, 0,
    -1, 0, 0, 0, 0, 0, 0, 0,
    -1, 0, 0, 0, 0, 0, 0, 0,
    0, 0, -3, 0, 0, 0, 0, 0,
    0, 0, 0, 0, 0, 0, 0, 0,
    0, 0, -5, -5, -1, 0, 0, -5,
    -5, -5, -5, -5, -1, -1, 0, 0,
    0, 0, 0, 0, 0, 0, -5, -5,
    0, 0, 0, -1, -1, 0, 0, 0,
    0, 0, 0, 0, 0, 0, 0, 0,
    0, 0, 0, 0, 0, 0, 0, 0,
    0, 0, 0, 0, 0, 0, 0, 0,
    0, -1, -1, 0, 0, 0, 0, 0,
    0, 0, 0, 0, 0, 0, 0, 0,
    0, 0, 0, 0, 0, 0, 0, 0,
    0, 0, 0, 0, 0, 0, 0, 0,
    0, 0, 0, 0, 0, 0, 0, -22,
    0, 0, 0, 0, 0, 0, 0, 0,
    0, 0, 0, 0, 0, 0, 0, 0,
    0, 0, 0, 0, 0, 0, 0, 0,
    -1, 0, 3, 0, 0, 0, 0, 0,
    0, 0, 0, 0, 0, 0, 0, 0,
    0, -6, 0, 0, -6, 0, 0, 0,
    0, 0, 0, 0, 0, 0, 0, 0,
    0, 0, 0, 0, 0, 0, 0, 0,
    -11, 0, 0, -1, -1, 0, -1, -46,
    -3, -18, -18, 0, -35, -1, -12, 0,
    0, 0, 0, 0, 0, 0, 0, 0,
    0, 0, 0, 0, 0, 0, 0, 0,
    0, 0, 0, 0, 0, 0, 0, 0,
    0, 0, 0, 0, 0, 0, 0, 0,
    0, 0, 0, 0, 0, 0, 0, 0,
    0, 0, 0, 0, 0, 0, 0, 0,
    0, 0, -1, 0, 0, 0, 0, 0,
    0, 0, 0, 0, 0, 0, 0, 0,
    0, 0, 0, -4, 0, -10, -4, 0,
    -17, 0, 0, -22, -22, -19, 0, 0,
    0, 0, 0, 0, 0, 0, 0, 0,
    0, 0, -16, -2, -20, 0, 0, -35,
    -1, -38, 0, -5, -5, -21, -23, -29,
    -3, -16, -6, 0, -7, 0, -4, 0,
    0, 0, 0, 0, -1, 0, 0, 0,
    0, 0, 0, 0, 0, 0, -15, 0,
    -3, 0, 0, 0, 0, 0, 2, -6,
    -6, -6, -6, 0, 0, 0, 0, 0,
    -7, -7, 0, -6, -6, -7, -7, -7,
    -7, -7, -4, -4, 0, 0, 0, 0,
    0, 0, 0, 0, -7, -7, 0, -1,
    -1, 0, 0, 0, 0, -6, 0, 0,
    -6, 0, 0, 0, 0, 0, -2, 0,
    0, 0, 0, 0, 0, 0, 0, 0,
    0, 0, 0, 0, -11, 0, 0, 0,
    -1, 0, 0, -43, -2, -18, -18, 0,
    -40, 0, -13, 0, 0, 0, 0, 0,
    0, 0, 0, 0, 0, 0, 0, 0,
    0, 0, 0, 0, 0, 0, 0, 0,
    0, 0, 0, 0, 0, 0, 0, 0,
    0, 0, 0, 0, 0, 0, 0, 0,
    0, 0, 0, 0, 0, 0, 0, 0,
    0, 0, 0, 0, 0, 0, 0, 0,
    0, 0, 0, 0, 0, 0, 0, 0,
    0, 0, 0, 0, 0, 0, 0, 0,
    0, -4, 0, 0, 0, 0, 0, 0,
    -15, 0, 0, 0, 0, 0, 0, 0,
    0, 0, 0, 0, 0, 0, -8, 0,
    0, 0, 0, -1, 0, -38, 0, -8,
    -8, 0, -26, 0, -7, 0, 0, 0,
    -3, 0, 0, 0, 0, 0, 0, 0,
    0, 0, 0, 0, 0, 0, 0, 0,
    0, 0, 0, 0, -3, 0, 0, 0,
    0, 0, 0, 0, 0, 0, 0, 0,
    0, 0, 0, 0, -3, -3, 0, 0,
    0, -3, -3, -3, -3, -3, 0, 0,
    0, 0, 0, 0, 0, 0, 0, 0,
    -3, -3, 0, 0, 0, 0, 0, 0,
    0, -6, 0, 0, -6, 0, -9, 0,
    0, -2, 0, -3, 0, 0, 0, 0,
    0, 0, 0, 0, 0, 0, 0, 0,
    -13, 0, -1, -3, -1, 0, -3, -47,
    -3, -18, -17, -9, -36, -11, -11, -9,
    0, 0, 0, 0, 0, 0, 0, 0,
    0, 0, 0, 0, 0, 0, 0, -1,
    0, 0, 0, 0, -8, 0, 0, 0,
    0, 0, 0, 0, 0, 0, 0, 0,
    0, 0, 0, 0, 0, 0, 0, 0,
    0, 0, 0, 0, 0, 0, 0, 0,
    0, 0, -3, 0, 0, 0, 0, 0,
    0, 0, 0, 0, 0, 0, 0, 0,
    0, 0, 0, -5, 0, -4, -5, 0,
    -15, 0, 0, -14, -6, -13, 0, 0,
    0, 0, 0, 0, 0, 0, 0, 0,
    0, 0, -14, 0, -10, 0, 0, -13,
    -3, -41, 0, -8, -7, -18, -27, -22,
    -7, -14, 0, 0, -1, 0, 0, 0,
    0, 0, 0, 0, 0, 0, 0, 0,
    0, 0, 0, 0, 0, 0, -14, 0,
    0, 0, 0, 0, 0, 0, 0, 0,
    0, 0, 0, 0, 0, 0, 0, 0,
    -1, -1, 0, 0, 0, -1, -1, -1,
    -1, -1, 0, 0, 0, 0, 0, 0,
    0, 0, 0, 0, -1, -1, 0, 0,
    0, 0, 0, 0, 0, -5, 0, -4,
    -5, 0, -14, 0, 0, -13, -5, -12,
    0, 0, 0, 0, 0, 0, 0, 0,
    0, 0, 0, 0, -14, 0, -9, 0,
    0, -12, -1, -41, 0, -8, -7, -16,
    -27, -21, -7, -14, 0, 0, -1, 0,
    -1, 0, 0, 0, 0, 0, 0, 0,
    0, 0, 0, 0, 0, 0, 0, 0,
    -13, 0, 0, 0, 0, 0, 0, 0,
    0, 0, 0, 0, 0, 0, 0, 0,
    0, 0, -1, -1, 0, 0, 0, -1,
    -1, -1, -1, -1, -1, -1, 0, 0,
    0, 0, 0, 0, 0, 0, -1, -1,
    0, 0, 0, 0, 0, 0, 0, -4,
    0, -5, -4, 0, 0, 0, 0, 0,
    -12, 0, 0, 0, 0, 0, 0, 0,
    0, 0, 0, 0, 0, 0, -9, 0,
    0, 0, -3, -1, 0, -42, -2, -14,
    -13, 0, -33, 0, -10, 0, 0, 0,
    -4, 0, -1, 0, 0, 0, 0, 0,
    0, 0, -1, 0, 0, 0, 0, 0,
    0, 0, 0, 0, -5, 0, 0, 0,
    0, 0, 0, 0, 0, 0, 0, 0,
    0, 0, 0, 0, -4, -4, -1, 0,
    0, -4, -4, -4, -4, -4, -1, -1,
    0, 0, 0, 0, 0, 0, 0, 0,
    -4, -4, 0, 0, 0, -1, -1, 0,
    0, -5, 0, -3, -5, 0, -14, 0,
    0, -13, -3, -12, 0, 0, 0, 0,
    0, 0, 0, 0, 0, 0, 0, 0,
    -14, 0, -9, 0, 0, -13, -2, -41,
    0, -8, -8, -16, -28, -20, -7, -14,
    0, 0, 0, 0, -1, 0, 0, 0,
    0, 0, 0, 0, 0, 0, 0, 0,
    0, 0, 0, 0, -13, 0, 0, 0,
    0, 0, 0, 0, 0, 0, 0, 0,
    0, 0, 0, 0, 0, 0, 0, 0,
    0, 0, 0, 0, 0, 0, 0, 0,
    -1, -1, 0, 0, 0, 0, 0, 0,
    0, 0, 0, 0, 0, 0, 0, 0,
    0, 0, 0, -5, 0, -4, -5, 0,
    0, 0, 0, 0, -14, 0, 0, 0,
    0, 0, 0, 0, 0, 0, 0, 0,
    0, 0, -9, 0, 0, 0, -3, -2,
    0, -41, -3, -15, -15, 0, -34, 0,
    -10, 0, 0, 0, -4, 0, 0, 0,
    0, 0, 0, 0, 0, 0, 0, 0,
    0, 0, 0, 0, 0, 0, 0, 0,
    -6, 0, 0, 0, 0, 0, 0, 0,
    0, 0, 0, 0, 0, 0, 0, 0,
    -4, -4, 0, 0, 0, -4, -4, -4,
    -4, -4, 0, 0, 0, 0, 0, 0,
    0, 0, 0, 0, -4, -4, 0, 0,
    0, 0, 0, 0, 0, 0, 0, 0,
    0, -3, 0, 0, 0, 0, 0, 0,
    -9, -2, 0, -3, -15, 0, -9, 0,
    -5, -4, 0, 0, 0, 0, 2, 0,
    -3, 0, 0, 0, 0, 0, 2, 0,
    0, 0, 0, 0, 0, 0, -8, 0,
    0, 0, 0, 0, 0, 0, 0, -2,
    -9, -14, -13, 0, -14, 0, -8, 0,
    0, 0, 0, 0, 0, 0, 0, 0,
    0, 0, 0, 0, 0, 3, 0, 0,
    0, 0, -8, -8, -9, 0, 0, -8,
    -8, -8, -8, -8, 0, 0, 0, 0,
    15, 7, 7, 0, 0, 0, -8, -8,
    0, 0, 0, -9, -9, 0, 0, 0,
    0, 0, 0, 0, 0, 0, 0, 0,
    0, 0, 0, 0, 0, 0, 0, 0,
    0, 0, 0, 0, 0, 0, 0, 0,
    0, 0, 0, 0, 0, 0, 0, 0,
    0, 0, 0, 0, 0, 0, 0, 0,
    0, 0, 0, 0, 0, 0, 0, 0,
    0, 0, 0, 0, 0, 0, 0, 0,
    0, 0, 0, 0, 0, 0, 0, 0,
    0, 0, 0, 0, 0, 0, 0, 0,
    0, 0, 0, 0, 0, 0, 0, 0,
    0, 0, 0, 0, 0, 0, 0, 0,
    0, 0, 9, 0, 0, 0, 0, 0,
    0, 0, 0, 0, 0, 0, 0, 0,
    0, 0, 0, 0, 0, 0, -8, 0,
    0, 0, 0, 0, 0, 0, 0, 0,
    0, 0, 0, 0, 0, 0, 0, 0,
    0, 0, 0, 0, 0, 0, 0, 0,
    0, 0, 0, 0, 0, 0, 0, -8,
    0, 0, 0, 0, 0, 0, 0, 0,
    0, 0, 0, 0, 0, 0, 0, 0,
    0, 0, 0, 0, -7, 0, 0, 0,
    0, 0, 0, 0, 0, 0, 0, 0,
    0, 0, 0, 0, 0, 0, 0, 0,
    0, 0, 0, 0, 0, 0, 0, 0,
    0, 0, 0, 0, 0, 0, 0, 0,
    0, 0, 0, 0, 0, 0, 0, 0,
    0, 0, 0, 0, 0, 0, 0, 0,
    0, 0, 0, 0, 0, 0, 0, 0,
    0, 0, 0, 0, 0, 0, 0, 0,
    0, 0, 0, 0, 0, 0, 0, 0,
    0, 0, 0, 0, 0, 0, 0, 0,
    0, 0, 0, 0, 0, 0, 0, 0,
    0, 0, 0, 0, 0, 0, 0, 0,
    0, 0, 0, 0, 0, 0, 0, 0,
    0, 0, 0, 0, 0, 0, 0, 0,
    0, 0, 0, 0, 0, 0, 0, 0,
    0, 0, 0, 0, 0, 0, 0, 0,
    0, 0, 0, 0, 0, 0, 10, 2,
    0, 0, 0, 0, 0, 0, 0, 0,
    0, 0, 0, 0, 0, 0, 0, 0,
    0, 0, 0, 0, 0, 0, 0, 0,
    -2, 0, 0, -2, -10, 0, -2, 0,
    -3, 0, 0, 0, 0, 0, 0, 0,
    0, 0, 0, 0, 0, 0, 0, 0,
    0, 0, 0, 0, 0, 0, 0, 0,
    0, 0, 0, 0, 0, 0, 0, 0,
    0, 0, 0, 0, 0, 0, 0, 0,
    0, 0, 0, 0, 0, 0, 0, 0,
    0, 0, 0, 0, 0, 0, 0, 0,
    0, 0, 0, 0, 0, 0, 0, 0,
    0, 0, 0, 0, 0, 0, 0, 0,
    0, 0, 0, 0, 0, 0, 0, 0,
    0, 0, 0, 0, 0, 0, 0, -25,
    0, 0, -25, 0, 0, 0, 0, 0,
    0, 0, 0, 0, 0, 0, 0, 0,
    0, 0, 0, 0, 0, 0, 0, 0,
    0, 0, 0, 0, 0, -24, 0, -7,
    -7, 0, -17, 0, 0, 0, 0, 0,
    0, 0, 0, 0, 0, 0, 0, 0,
    0, 0, 0, 0, 0, 0, 0, 0,
    0, 0, 0, 0, 0, 0, 0, 0,
    0, 0, 0, 0, 0, 0, 0, 0,
    0, 0, 0, 0, 0, 0, 0, 0,
    0, 0, 0, 0, 0, 0, 0, 0,
    0, 0, 0, 0, 0, 0, 0, 0,
    0, 0, 0, 0, 0, 0, 0, 0,
    0, 0, 0, 0, 0, 0, 0, 0,
    0, 0, 0, 0, 0, 0, 0, 0,
    0, 0, 0, 0, 0, 0, 0, 0,
    0, 0, -2, 0, 0, 0, 0, -16,
    0, -2, -5, -2, -12, -9, 0, 0,
    0, 0, 0, 0, 0, 0, 0, 0,
    0, 0, 0, 0, 0, 0, 0, 0,
    0, 0, 0, 0, 0, 0, 0, 0,
    0, 0, 0, 0, 0, 0, 0, 0,
    0, 0, 0, 0, 0, 0, 0, 0,
    0, 0, 0, 0, 0, 0, 0, 0,
    0, 0, 0, 0, 0, 0, 0, 0,
    0, 0, 0, 0, 0, 0, 0, 0,
    0, 0, 0, 0, 0, 0, 0, 0,
    0, 0, 0, 0, 0, 0, 0, 3,
    0, 0, -17, 0, 0, 0, 0, 0,
    0, 0, 0, 0, 0, 0, 0, 0,
    0, 0, 0, 0, 0, 0, 0, 0,
    0, 0, 0, 0, 0, 0, 0, 0,
    0, 0, 0, 0, 0, 0, 0, 0,
    0, 0, 0, 0, 0, 0, 0, 0,
    0, 0, 0, 0, 0, 0, 0, 0,
    0, 0, 0, 0, 0, 0, 0, 0,
    0, 0, 0, 0, 0, 0, 0, 0,
    0, 0, 0, 0, 0, 0, 0, 0,
    0, 0, 0, 0, 0, 0, 0, 0,
    0, 0, 0, 0, 0, 0, 0, 0,
    0, 0, 0, 0, 0, 0, 0, 0,
    0, -8, -9, -5, 0, -4, 0, -23,
    0, -3, 0, 0, 0, 0, 0, 0,
    0, 0, 0, 0, 0, 0, 0, 0,
    0, 0, 0, 0, 0, 0, 0, 0,
    0, 0, 0, -22, 0, 0, 0, 0,
    0, 0, 0, 0, 0, 0, 0, 0,
    0, 0, 0, 0, 0, 0, 0, 0,
    0, 0, 0, 0, 0, 0, 0, 0,
    0, 0, 0, 0, 0, 0, 0, 0,
    0, 0, 0, 0, 0, 0, 0, 0,
    0, 0, 0, 0, 0, 0, 0, 0,
    0, 0, 0, 0, 0, 0, 0, -32,
    0, 0, -32, 0, 0, 0, 0, 0,
    0, 0, 0, 0, 0, 0, 0, 0,
    0, 0, 0, 0, 0, 0, 0, 0,
    0, 0, 0, 0, -7, -25, 0, -13,
    -13, -7, -24, -10, 0, 0, 0, 0,
    0, 0, 0, 0, 0, 0, 0, 0,
    0, 0, 0, 0, 0, -5, 0, -6,
    0, 0, 0, 0, 0, 0, 0, 0,
    0, 0, 0, 0, 0, 0, 0, 0,
    0, 0, 0, 0, 0, 0, 0, 0,
    0, 0, 0, 0, 0, 0, 0, 0,
    0, 0, 0, 0, 0, 0, 0, 0,
    0, 0, 0, 0, 0, 0, 0, -6,
    0, 0, 0, 0, 0, 0, 0, 0,
    0, 0, 0, 0, 0, 0, 0, 0,
    0, 0, 0, 0, 0, 0, 0, 0,
    0, 0, 0, 0, 0, 0, 0, -8,
    0, -6, -6, 0, -8, 0, 0, 0,
    0, 0, 0, 0, 0, 0, 0, 0,
    0, 0, 0, 0, 0, -8, -7, 0,
    -8, 0, 0, 0, 0, 0, 0, 0,
    0, 0, 0, 0, 0, 0, 0, 0,
    0, 0, 0, 0, 0, 0, 0, 0,
    0, 0, 0, 0, 0, 0, 0, 0,
    0, 0, 0, 0, 0, 0, 0, 0,
    0, 0, 0, 0, 0, 0, 0, 0,
    0, 0, 0, 0, 0, 0, 0, 0,
    -12, 0, 0, -18, 0, -10, 0, 0,
    0, 0, 0, 0, 0, 0, 0, 0,
    0, 0, -3, 0, -4, 0, 0, -1,
    0, -23, 0, -1, -1, -14, -12, -14,
    0, -11, -1, 0, 0, 0, 0, 0,
    0, 0, 0, 0, 0, 0, 0, 0,
    0, 0, 0, 0, 0, 0, -11, 0,
    0, 0, 0, 0, 0, 0, 0, -1,
    -1, -1, -1, 0, 0, 0, 0, 0,
    0, 0, 0, -1, -1, 0, 0, 0,
    0, 0, 0, 0, 0, 0, 0, 0,
    0, 0, 0, 0, 0, 0, 0, 0,
    0, 0, 0, 0, 0, 0, 0, 0,
    0, 0, -3, 0, 0, 0, 0, 0,
    0, 0, 0, 0, 0, 0, 0, 0,
    0, 0, 0, 0, -7, 0, 0, 0,
    0, 0, 0, 0, 0, 0, 0, 0,
    0, 0, -10, -3, 0, 0, 0, 0,
    0, 0, 0, 0, 0, 0, 0, 0,
    0, -5, -4, -4, -5, -3, 0, 0,
    -2, 0, 0, 0, 0, 0, 0, 0,
    0, 0, 0, 0, 0, 0, 0, 0,
    0, 0, 0, 0, 0, 0, 0, 0,
    0, 0, 0, 0, 0, 0, 0, 0,
    0, 0, 0, 0, 0, 0, 0, 0,
    0, 0, 0, 0, 0, -3, 0, 0,
    0, 0, 0, 0, 4, 0, 0, 0,
    0, 0, 0, 0, 0, 0, 0, 0,
    0, 0, 0, 0, 0, 0, 0, 0,
    0, -1, -1, 0, 0, -3, -1, 0,
    0, 0, 0, 0, 2, 4, 0, 0,
    0, 0, 0, 0, 0, 0, 0, 0,
    0, 0, 0, 0, 0, 0, 0, 0,
    0, 0, 4, 0, 0, 0, 0, 0,
    0, 0, 0, 0, 0, 0, 0, 0,
    0, 0, 0, 0, 0, 0, 0, 0,
    0, 0, 0, 0, 0, 0, 0, 0,
    -1, 0, 9, 0, 0, 0, 0, 0,
    0, 0, 0, 0, 0, 0, 0, 0,
    0, 7, 0, 0, 7, 0, 0, 20,
    0, 0, 0, 0, 0, 0, 0, 0,
    0, 0, 0, 0, 0, 0, 0, 0,
    7, 0, 0, -1, -1, 0, 0, -3,
    -1, 0, 0, 0, 0, 0, 0, 2,
    0, 0, 0, 0, 0, 0, 0, 0,
    0, 0, 0, 0, 0, 0, 0, 0,
    0, 0, 0, 0, 0, 0, 0, 0,
    0, 0, 0, 0, 0, 0, 0, 0,
    0, 0, 0, 0, 0, 0, 0, 0,
    0, 0, 0, 0, 0, 0, 0, 0,
    0, 0, -1, 0, 9, 0, 0, 0,
    0, 0, 0, 0, 0, 0, 0, 0,
    0, 0, 0, 3, 0, 0, 3, 0,
    3, 6, 0, 0, 0, 0, 0, 0,
    0, 0, 0, 0, 0, 0, 0, 0,
    0, 0, 5, 0, 0, -1, -1, 0,
    0, -3, -1, 0, 0, 0, 0, 0,
    0, 3, 0, 0, 0, 0, 0, 0,
    0, 0, 0, 0, 0, 0, 0, 0,
    0, 0, 0, 0, 0, 0, 3, 0,
    0, 0, 0, 0, 0, 0, 0, 0,
    0, 0, 0, 0, 0, 0, 0, 0,
    0, 0, 0, 0, 0, 0, 0, 0,
    0, 0, 0, 0, -1, 0, 9, 0,
    0, 0, 0, 0, 0, 0, 0, 0,
    0, 0, 0, 0, 0, 0, 0, 0,
    0, 0, 0, 0, 0, -2, 0, -5,
    0, 0, 0, 0, 0, 0, 0, 0,
    0, 0, 0, 0, 0, 0, 0, 0,
    0, 0, 0, 0, 0, 0, 0, 0,
    0, 0, 0, 0, 0, 0, 0, 0,
    0, 0, 0, 0, 0, 0, 0, 0,
    0, 0, 0, -1, 0, -1, 0, 0,
    0, 0, 0, 0, 0, 0, 0, 0,
    0, 0, 0, 0, 0, 0, 0, 0,
    0, 0, 0, 0, 0, 0, 0, 0,
    0, 0, 0, 0, 0, 0, 0, 0,
    0, 0, 0, 0, 0, 0, 0, 0,
    0, 0, 0, 0, 0, -1, 45, 54,
    0, 32, 54, 0, 60, 49, 0, 0,
    0, 0, 0, 0, 0, 0, 0, 0,
    0, 0, 0, 0, 0, 0, 53, 0,
    0, -1, -1, 0, 0, 0, 0, 0,
    0, 0, 0, 0, 59, 60, 0, 54,
    0, 42, 0, 56, 56, 50, 0, 0,
    0, 53, 0, 0, 0, 0, 0, 0,
    0, 42, 60, 0, 0, 15, 0, 0,
    0, 0, 42, 13, 0, 0, 0, 56,
    56, 56, 56, 0, 0, 0, 6, 0,
    0, 0, 0, 0, 0, 0, 0, 0,
    -1, 54, 56, 56, 56, 56, 56, 0,
    0, 0, 0, 0, 0, 0, 10, 45,
    0, 0, 0, 0, 0, 0, 0, 12,
    0, 0, 0, 0, 0, 0, 0, 0,
    0, 0, 0, 0, 0, 0, 0, 0,
    5, 0, 0, -1, -1, 0, 0, 0,
    0, 0, 0, 0, 0, 0, 0, 0,
    0, 0, 0, 0, 0, 0, 0, 0,
    0, 0, 0, 0, 0, 0, 0, 0,
    0, 0, 0, 0, 0, 0, 0, 0,
    0, 0, 0, 0, 0, 0, 0, 0,
    0, 0, 0, 0, 0, 0, 0, 0,
    0, 0, 0, 0, 0, 0, 0, 0,
    0, 0, -1, 0, 5, 0, 0, 0,
    0, 0, 0, 0, 0, 0, 0, 0,
    0, 0, 0, 0, 0, -3, 0, 0,
    0, 0, 0, 0, -14, 0, 0, 0,
    0, 0, -3, 0, 0, 0, 0, 0,
    0, 0, 0, 0, 0, 0, -5, -1,
    0, 0, 0, 0, 0, 0, 0, 0,
    0, 0, 0, 0, -9, 0, -2, 0,
    7, 0, 0, 0, 0, 0, -15, -31,
    -29, 0, -20, 0, 0, 0, 0, 0,
    -11, -8, 0, 0, 0, 0, 0, 0,
    0, 0, 0, 4, 0, 7, 4, 0,
    -9, -9, -15, 0, 0, -9, -9, -9,
    -9, -9, -2, -2, 0, 4, 17, 9,
    9, 0, 6, 0, -9, -9, 0, 0,
    0, -15, -15, 0, 0, 0, 0, 0,
    0, 0, 0, 3, 0, 0, 0, 0,
    0, 0, 0, 0, 0, 0, 0, 0,
    0, 0, 0, 0, 0, 0, 0, 0,
    0, 0, 0, 0, 0, 0, 0, 0,
    0, 0, 0, 0, 0, -1, -1, -1,
    -1, 0, 0, -1, -1, -1, 0, -1,
    -3, 0, 0, 0, 0, 0, 0, 0,
    0, 0, 0, 0, 0, 0, 0, 0,
    -1, 0, 0, 0, 0, 0, 0, 0,
    0, -1, -1, -1, -3, 0, 0, -1,
    -1, -1, -1, -1, -1, -1, 0, -1,
    6, 0, 0, 0, 0, -1, -1, -1,
    -1, 0, 0, -3, -3, 0, 13, 20,
    0, 0, 20, 0, 16, 17, 0, 0,
    0, 0, 0, 0, 0, 0, 0, 0,
    0, 0, 0, 0, 0, 0, 25, 0,
    0, -1, -1, 0, 0, -3, -1, 0,
    0, 0, 0, 0, 21, 16, 0, 6,
    0, 0, 0, 11, 11, 4, 0, 0,
    0, 6, 0, 0, 0, 0, 0, 0,
    0, 10, 16, 0, 0, 0, 0, 0,
    0, 0, 0, 0, 0, 0, 0, 11,
    11, 11, 11, 0, 0, 0, 0, 0,
    0, 0, 0, 0, 0, 0, 0, 0,
    -1, 6, 11, 11, 11, 11, 11, 0,
    0, 0, 0, 0, 0, 0, 0, 0,
    2, 8, 0, 0, 8, 0, 7, 2,
    0, 0, 0, 0, 0, 0, 0, 0,
    0, 0, 0, 0, 0, 0, 0, 0,
    11, 0, 0, -1, -1, 0, 0, -3,
    -1, 0, 0, 0, 0, 0, 8, 7,
    0, 0, 0, 0, 0, 0, 0, 0,
    0, 0, 0, 0, 0, 0, 0, 0,
    0, 0, 0, 0, 8, 0, 0, 0,
    0, 0, 0, 0, 0, 0, 0, 0,
    0, 0, 0, 0, 0, 0, 0, 0,
    0, 0, 0, 0, 0, 0, 0, 0,
    0, 0, -1, 0, 9, 0, 0, 0,
    0, 0, 0, 0, 0, 0, 0, 0,
    0, 0, 0, 4, 0, 0, 4, 0,
    7, 0, 0, 0, 0, 0, 0, 0,
    0, 0, 0, 0, 0, 0, 0, 0,
    0, 0, 4, 0, 0, -1, -1, 0,
    0, -3, -1, 0, 0, 0, 0, 0,
    8, 7, 0, 0, 0, 0, 0, 0,
    0, 0, 0, 0, 0, 0, 0, 0,
    0, 0, 0, 0, 0, 0, 7, 0,
    0, 0, 0, 0, 0, 0, 0, 0,
    0, 0, 0, 0, 0, 0, 0, 0,
    0, 0, 0, 0, 0, 0, 0, 0,
    0, 0, 0, 0, -1, 0, 9, 0,
    0, 0, 0, 0, 0, 0, 0, 0,
    0, 0, 0, 0, 0, 7, 0, 0,
    7, 0, 0, 19, 0, 0, 0, 0,
    0, 0, 0, 0, 0, 0, 0, 0,
    0, 0, 0, 0, 7, 0, 0, -1,
    -1, 0, 0, -3, -1, 0, 0, 0,
    0, 0, 0, 2, 0, 0, 0, 0,
    0, 0, 0, 0, 0, 0, 0, 0,
    0, 0, 0, 0, 0, 0, 0, 0,
    0, 0, 0, 0, 0, 0, 0, 0,
    0, 0, 0, 0, 0, 0, 0, 0,
    0, 0, 0, 0, 0, 0, 0, 0,
    0, 0, 0, 0, 0, 0, -1, 0,
    9, 0, 0, 0, 0, 0, 0, 0,
    0, 0, 0, 0, 0, 0, 0, -23,
    0, -3, -23, 0, 0, -25, 0, 0,
    -19, 0, -3, -5, 0, 0, -6, 0,
    -3, -5, 0, 0, 0, 0, -8, 0,
    0, 0, -8, 0, 0, -20, -9, -19,
    -18, 0, -20, 0, -19, 0, 0, 0,
    -7, 0, 0, 0, 0, 0, 0, 0,
    0, -5, -11, -41, -36, 0, -43, 0,
    0, 0, 0, 0, -16, -18, 0, -33,
    -3, 0, 0, 0, 0, 0, 0, 0,
    0, 0, 0, 0, -7, -7, -11, 0,
    0, -7, -7, -7, -7, -7, 0, 0,
    0, 0, 0, 0, 0, 0, 0, 0,
    -7, -7, 0, 0, 0, -11, -11, 0,
    43, 53, 0, 30, 53, 0, 58, 47,
    0, 0, 0, 0, 0, 0, 0, 0,
    0, 0, 0, 0, 0, 0, 0, 0,
    51, 0, 0, -1, -1, 0, 0, 0,
    0, 0, 0, 0, 0, 0, 57, 58,
    0, 52, 0, 39, 0, 54, 54, 48,
    0, 0, 0, 51, 0, 0, 0, 0,
    0, 0, 0, 40, 59, 0, 0, 13,
    0, -22, 0, 0, 39, 12, 0, 0,
    0, 54, 54, 54, 54, 0, 22, 0,
    4, 0, 0, 0, 36, 0, 0, 0,
    0, 0, -1, 52, 54, 54, 54, 54,
    54, 22, 0, 0, 0, 0, 48, 0,
    9, 43, 0, 0, 0, 0, 0, 0,
    0, 0, 0, 0, 0, 0, 0, 0,
    0, 0, 0, 0, 0, 0, 0, 0,
    0, 0, 0, 0, 0, -1, -1, 0,
    0, 0, 0, 0, 0, 0, 0, 0,
    0, 0, 0, 0, 0, 0, 0, 0,
    0, 0, 0, 0, 0, 0, 0, 0,
    0, 0, 2, 0, 0, 0, 0, 0,
    0, 0, 0, -22, 0, 0, 0, 0,
    0, 0, 0, 0, 0, 0, 0, 0,
    0, 0, 0, 0, 0, 0, 0, 0,
    0, 0, 0, 0, -1, 0, 3, 0,
    0, 0, 0, 0, 0, 0, 0, 0,
    0, 0, 0, 0, 8, 13, 0, -4,
    13, 0, 17, 2, 0, 0, -15, 0,
    0, 0, 0, 0, 0, 0, 0, 0,
    0, 0, 0, 0, 8, 0, 0, 0,
    0, -1, 0, -38, 0, -8, -8, 0,
    -26, 0, 15, 16, 0, 6, -3, 0,
    0, 5, 5, 4, 0, 0, 0, 3,
    0, 0, 0, 0, 0, 0, 0, 6,
    17, 0, -3, 0, 0, 0, 0, 0,
    0, 0, 0, 0, 0, 5, 4, 5,
    5, 0, -3, -3, 0, 0, 0, -3,
    -3, -3, -3, -3, 0, 0, 0, 6,
    5, 5, 5, 5, 5, 0, -3, -3,
    0, 0, 0, 0, 0, 0
};


/*Collect the kern class' data in one place*/
static const lv_font_fmt_txt_kern_classes_t kern_classes =
{
    .class_pair_values   = kern_class_values,
    .left_class_mapping  = kern_left_class_mapping,
    .right_class_mapping = kern_right_class_mapping,
    .left_class_cnt      = 95,
    .right_class_cnt     = 106,
};

/*--------------------
 *  ALL CUSTOM DATA
 *--------------------*/

#if LVGL_VERSION_MAJOR == 8
/*Store all the custom data of the font*/
static  lv_font_fmt_txt_glyph_cache_t cache;
#endif

#if LVGL_VERSION_MAJOR >= 8
static const lv_font_fmt_txt_dsc_t font_dsc = {
#else
static lv_font_fmt_txt_dsc_t font_dsc = {
#endif
    .glyph_bitmap = glyph_bitmap,
    .glyph_dsc = glyph_dsc,
    .cmaps = cmaps,
    .kern_dsc = &kern_classes,
    .kern_scale = 20,
    .cmap_num = 3,
    .bpp = 4,
    .kern_classes = 1,
    .bitmap_format = 0,
#if LVGL_VERSION_MAJOR == 8
    .cache = &cache
#endif
};

extern const lv_font_t lv_font_montserrat_38;


/*-----------------
 *  PUBLIC FONT
 *----------------*/

/*Initialize a public general font descriptor*/
#if LVGL_VERSION_MAJOR >= 8
const lv_font_t scry_font_dosis_semibold_38 = {
#else
lv_font_t scry_font_dosis_semibold_38 = {
#endif
    .get_glyph_dsc = lv_font_get_glyph_dsc_fmt_txt,    /*Function pointer to get glyph's data*/
    .get_glyph_bitmap = lv_font_get_bitmap_fmt_txt,    /*Function pointer to get glyph's bitmap*/
    .line_height = 46,          /*The maximum line height required by the font*/
    .base_line = 8,             /*Baseline measured from the bottom of the line*/
#if !(LVGL_VERSION_MAJOR == 6 && LVGL_VERSION_MINOR == 0)
    .subpx = LV_FONT_SUBPX_NONE,
#endif
#if LV_VERSION_CHECK(7, 4, 0) || LVGL_VERSION_MAJOR >= 8
    .underline_position = -4,
    .underline_thickness = 2,
#endif
    .dsc = &font_dsc,          /*The custom font data. Will be accessed by `get_glyph_bitmap/dsc` */
#if LV_VERSION_CHECK(8, 2, 0) || LVGL_VERSION_MAJOR >= 9
    .fallback = &lv_font_montserrat_38,
#endif
    .user_data = NULL,
};



#endif /*#if SCRY_FONT_DOSIS_SEMIBOLD_38*/
