/*******************************************************************************
 * Size: 25 px
 * Bpp: 4
 * Opts: --font assets/fonts/Montserrat-SemiBold.ttf --size 25 --bpp 4 --no-compress -r 0x20-0x024F,0x0370-0x03FF,0x0400-0x04FF,0x2000-0x206F,0x20A0-0x20CF,0x2190-0x21FF --format lvgl -o src/fonts/scry_font_montserrat_semibold_25.c --lv-include lvgl.h --lv-font-name scry_font_montserrat_semibold_25 --lv-fallback lv_font_montserrat_22
 ******************************************************************************/

#ifdef LV_LVGL_H_INCLUDE_SIMPLE
#include "lvgl.h"
#else
#include "lvgl.h"
#endif

#ifndef SCRY_FONT_MONTSERRAT_SEMIBOLD_25
#define SCRY_FONT_MONTSERRAT_SEMIBOLD_25 1
#endif

#if SCRY_FONT_MONTSERRAT_SEMIBOLD_25

/*-----------------
 *    BITMAPS
 *----------------*/

/*Store the image of the glyphs*/
static LV_ATTRIBUTE_LARGE_CONST const uint8_t glyph_bitmap[] = {
    /* U+0020 " " */

    /* U+0021 "!" */
    0x5f, 0xff, 0x54, 0xff, 0xf4, 0x3f, 0xff, 0x32,
    0xff, 0xf2, 0x2f, 0xff, 0x11, 0xff, 0xf0, 0xf,
    0xff, 0x0, 0xff, 0xf0, 0xe, 0xfe, 0x0, 0xef,
    0xd0, 0xd, 0xfc, 0x0, 0xcf, 0xb0, 0x1, 0x21,
    0x0, 0x0, 0x0, 0xb, 0xfb, 0x6, 0xff, 0xf6,
    0x6f, 0xff, 0x50, 0xbf, 0xa0,

    /* U+0022 "\"" */
    0x9f, 0xf1, 0xc, 0xfe, 0x8f, 0xf0, 0xb, 0xfe,
    0x8f, 0xf0, 0xb, 0xfd, 0x8f, 0xf0, 0xa, 0xfd,
    0x7f, 0xf0, 0xa, 0xfc, 0x7f, 0xe0, 0xa, 0xfc,
    0x6f, 0xe0, 0x9, 0xfb, 0x12, 0x20, 0x1, 0x21,

    /* U+0023 "#" */
    0x0, 0x0, 0x7, 0xfd, 0x0, 0x0, 0xff, 0x40,
    0x0, 0x0, 0x0, 0x9, 0xfb, 0x0, 0x1, 0xff,
    0x20, 0x0, 0x0, 0x0, 0xb, 0xf9, 0x0, 0x3,
    0xff, 0x0, 0x0, 0x0, 0x0, 0xd, 0xf7, 0x0,
    0x5, 0xfe, 0x0, 0x0, 0x9, 0xff, 0xff, 0xff,
    0xff, 0xff, 0xff, 0xff, 0xf2, 0x9, 0xff, 0xff,
    0xff, 0xff, 0xff, 0xff, 0xff, 0xf3, 0x3, 0x55,
    0x8f, 0xf7, 0x55, 0x5f, 0xfe, 0x55, 0x51, 0x0,
    0x0, 0x5f, 0xf0, 0x0, 0xd, 0xf7, 0x0, 0x0,
    0x0, 0x0, 0x6f, 0xd0, 0x0, 0xf, 0xf5, 0x0,
    0x0, 0x0, 0x0, 0x8f, 0xb0, 0x0, 0xf, 0xf3,
    0x0, 0x0, 0x0, 0x0, 0xaf, 0x90, 0x0, 0x2f,
    0xf1, 0x0, 0x0, 0x6f, 0xff, 0xff, 0xff, 0xff,
    0xff, 0xff, 0xff, 0x60, 0x6f, 0xff, 0xff, 0xff,
    0xff, 0xff, 0xff, 0xff, 0x60, 0x25, 0x56, 0xff,
    0x95, 0x55, 0xef, 0xf5, 0x55, 0x20, 0x0, 0x2,
    0xff, 0x10, 0x0, 0xaf, 0x90, 0x0, 0x0, 0x0,
    0x4, 0xff, 0x0, 0x0, 0xcf, 0x70, 0x0, 0x0,
    0x0, 0x6, 0xfe, 0x0, 0x0, 0xef, 0x60, 0x0,
    0x0, 0x0, 0x8, 0xfc, 0x0, 0x0, 0xff, 0x40,
    0x0, 0x0,

    /* U+0024 "$" */
    0x0, 0x0, 0x0, 0x8, 0x80, 0x0, 0x0, 0x0,
    0x0, 0x0, 0x0, 0xff, 0x0, 0x0, 0x0, 0x0,
    0x0, 0x0, 0xf, 0xf0, 0x0, 0x0, 0x0, 0x0,
    0x0, 0x0, 0xff, 0x0, 0x0, 0x0, 0x0, 0x0,
    0x5a, 0xdf, 0xff, 0xc8, 0x30, 0x0, 0x1, 0xcf,
    0xff, 0xff, 0xff, 0xff, 0xb0, 0x0, 0xdf, 0xff,
    0xff, 0xff, 0xff, 0xfc, 0x0, 0x6f, 0xff, 0x70,
    0xff, 0x1, 0x6d, 0x50, 0xa, 0xff, 0x90, 0xf,
    0xf0, 0x0, 0x0, 0x0, 0xbf, 0xf8, 0x0, 0xff,
    0x0, 0x0, 0x0, 0x8, 0xff, 0xf4, 0xf, 0xf0,
    0x0, 0x0, 0x0, 0x2f, 0xff, 0xfd, 0xff, 0x10,
    0x0, 0x0, 0x0, 0x4e, 0xff, 0xff, 0xff, 0xc6,
    0x0, 0x0, 0x0, 0x6, 0xcf, 0xff, 0xff, 0xfe,
    0x40, 0x0, 0x0, 0x0, 0x1f, 0xfe, 0xff, 0xff,
    0x30, 0x0, 0x0, 0x0, 0xff, 0x4, 0xef, 0xfa,
    0x0, 0x0, 0x0, 0xf, 0xf0, 0x7, 0xff, 0xc0,
    0x16, 0x0, 0x0, 0xff, 0x0, 0x7f, 0xfb, 0x8,
    0xfd, 0x61, 0xf, 0xf0, 0x5f, 0xff, 0x70, 0xef,
    0xff, 0xfe, 0xff, 0xff, 0xff, 0xe1, 0x3, 0xdf,
    0xff, 0xff, 0xff, 0xff, 0xd2, 0x0, 0x0, 0x38,
    0xce, 0xff, 0xea, 0x50, 0x0, 0x0, 0x0, 0x0,
    0xf, 0xf0, 0x0, 0x0, 0x0, 0x0, 0x0, 0x0,
    0xff, 0x0, 0x0, 0x0, 0x0, 0x0, 0x0, 0xf,
    0xf0, 0x0, 0x0, 0x0,

    /* U+0025 "%" */
    0x0, 0x2a, 0xee, 0xb2, 0x0, 0x0, 0x0, 0xd,
    0xf9, 0x0, 0x0, 0x2e, 0xfc, 0xbf, 0xf2, 0x0,
    0x0, 0x8, 0xfe, 0x0, 0x0, 0xb, 0xf7, 0x0,
    0x7f, 0xb0, 0x0, 0x2, 0xff, 0x40, 0x0, 0x0,
    0xff, 0x0, 0x0, 0xff, 0x0, 0x0, 0xcf, 0xa0,
    0x0, 0x0, 0x2f, 0xe0, 0x0, 0xe, 0xf2, 0x0,
    0x7f, 0xe1, 0x0, 0x0, 0x1, 0xfe, 0x0, 0x0,
    0xef, 0x20, 0x2f, 0xf4, 0x0, 0x0, 0x0, 0xf,
    0xf2, 0x0, 0x2f, 0xf0, 0xc, 0xfa, 0x0, 0x0,
    0x0, 0x0, 0x9f, 0xc1, 0x1b, 0xfa, 0x7, 0xfe,
    0x10, 0x0, 0x0, 0x0, 0x1, 0xdf, 0xff, 0xfd,
    0x12, 0xff, 0x40, 0x4a, 0xca, 0x40, 0x0, 0x1,
    0x8c, 0xc8, 0x10, 0xcf, 0xa0, 0x7f, 0xff, 0xff,
    0x60, 0x0, 0x0, 0x0, 0x0, 0x7f, 0xe1, 0x2f,
    0xf5, 0x6, 0xff, 0x10, 0x0, 0x0, 0x0, 0x2f,
    0xf5, 0x7, 0xf9, 0x0, 0xa, 0xf7, 0x0, 0x0,
    0x0, 0xc, 0xfa, 0x0, 0xaf, 0x60, 0x0, 0x7f,
    0x90, 0x0, 0x0, 0x7, 0xfe, 0x10, 0xa, 0xf5,
    0x0, 0x6, 0xfa, 0x0, 0x0, 0x2, 0xff, 0x50,
    0x0, 0x8f, 0x80, 0x0, 0x8f, 0x80, 0x0, 0x0,
    0xcf, 0xa0, 0x0, 0x3, 0xfe, 0x10, 0x1e, 0xf2,
    0x0, 0x0, 0x7f, 0xe1, 0x0, 0x0, 0x9, 0xfe,
    0xbe, 0xf9, 0x0, 0x0, 0x2f, 0xf5, 0x0, 0x0,
    0x0, 0x7, 0xdf, 0xd7, 0x0,

    /* U+0026 "&" */
    0x0, 0x0, 0x7c, 0xef, 0xd8, 0x10, 0x0, 0x0,
    0x0, 0x0, 0xcf, 0xff, 0xff, 0xfe, 0x10, 0x0,
    0x0, 0x0, 0x7f, 0xfd, 0x65, 0xbf, 0xf9, 0x0,
    0x0, 0x0, 0xc, 0xff, 0x20, 0x0, 0xef, 0xd0,
    0x0, 0x0, 0x0, 0xdf, 0xf0, 0x0, 0xe, 0xfc,
    0x0, 0x0, 0x0, 0x9, 0xff, 0x70, 0x9, 0xff,
    0x70, 0x0, 0x0, 0x0, 0x2f, 0xff, 0x9c, 0xff,
    0xb0, 0x0, 0x0, 0x0, 0x0, 0x5f, 0xff, 0xff,
    0x90, 0x0, 0x0, 0x0, 0x0, 0x9, 0xff, 0xff,
    0x90, 0x0, 0x0, 0x0, 0x0, 0x2d, 0xff, 0xff,
    0xff, 0x70, 0x1, 0xd7, 0x20, 0x1e, 0xff, 0x70,
    0x5f, 0xff, 0x80, 0x5f, 0xf6, 0x9, 0xff, 0x80,
    0x0, 0x4f, 0xff, 0x8b, 0xff, 0x10, 0xdf, 0xf2,
    0x0, 0x0, 0x4f, 0xff, 0xff, 0xb0, 0xe, 0xff,
    0x30, 0x0, 0x0, 0x4f, 0xff, 0xf2, 0x0, 0xcf,
    0xfc, 0x10, 0x0, 0x6, 0xff, 0xff, 0xa0, 0x4,
    0xff, 0xff, 0xca, 0xce, 0xff, 0xff, 0xff, 0xb0,
    0x5, 0xff, 0xff, 0xff, 0xff, 0xf6, 0x2e, 0xfb,
    0x0, 0x1, 0x8c, 0xef, 0xeb, 0x61, 0x0, 0x2b,
    0x0, 0x0, 0x0, 0x0, 0x0, 0x0, 0x0, 0x0,
    0x0, 0x0,

    /* U+0027 "'" */
    0x9f, 0xf1, 0x8f, 0xf0, 0x8f, 0xf0, 0x8f, 0xf0,
    0x7f, 0xf0, 0x7f, 0xe0, 0x6f, 0xe0, 0x12, 0x20,

    /* U+0028 "(" */
    0x0, 0x3, 0x44, 0x0, 0x3, 0xff, 0xc0, 0x0,
    0xcf, 0xf4, 0x0, 0x3f, 0xfd, 0x0, 0x9, 0xff,
    0x80, 0x0, 0xef, 0xf3, 0x0, 0x2f, 0xfe, 0x0,
    0x5, 0xff, 0xb0, 0x0, 0x8f, 0xf8, 0x0, 0xb,
    0xff, 0x50, 0x0, 0xcf, 0xf4, 0x0, 0xd, 0xff,
    0x30, 0x0, 0xef, 0xf3, 0x0, 0xd, 0xff, 0x30,
    0x0, 0xdf, 0xf4, 0x0, 0xc, 0xff, 0x50, 0x0,
    0xaf, 0xf6, 0x0, 0x7, 0xff, 0x90, 0x0, 0x5f,
    0xfc, 0x0, 0x1, 0xff, 0xf0, 0x0, 0xc, 0xff,
    0x40, 0x0, 0x7f, 0xf9, 0x0, 0x2, 0xff, 0xe0,
    0x0, 0x9, 0xff, 0x60, 0x0, 0x2f, 0xfe, 0x0,

    /* U+0029 ")" */
    0x14, 0x42, 0x0, 0x1, 0xff, 0xe0, 0x0, 0xa,
    0xff, 0x70, 0x0, 0x2f, 0xfe, 0x0, 0x0, 0xdf,
    0xf4, 0x0, 0x8, 0xff, 0x90, 0x0, 0x3f, 0xfd,
    0x0, 0x0, 0xff, 0xf0, 0x0, 0xd, 0xff, 0x30,
    0x0, 0xaf, 0xf6, 0x0, 0x9, 0xff, 0x70, 0x0,
    0x8f, 0xf8, 0x0, 0x7, 0xff, 0x80, 0x0, 0x8f,
    0xf8, 0x0, 0x9, 0xff, 0x70, 0x0, 0x9f, 0xf6,
    0x0, 0xb, 0xff, 0x50, 0x0, 0xef, 0xf2, 0x0,
    0x1f, 0xff, 0x0, 0x4, 0xff, 0xc0, 0x0, 0x9f,
    0xf7, 0x0, 0xe, 0xff, 0x20, 0x4, 0xff, 0xc0,
    0x0, 0xcf, 0xf4, 0x0, 0x3f, 0xfc, 0x0, 0x0,

    /* U+002A "*" */
    0x0, 0x0, 0xbf, 0x20, 0x0, 0x2, 0x0, 0xbf,
    0x20, 0x10, 0x1f, 0xb2, 0xbf, 0x27, 0xf8, 0x4e,
    0xff, 0xff, 0xef, 0xfa, 0x1, 0x9f, 0xff, 0xfd,
    0x40, 0x0, 0x8f, 0xff, 0xfc, 0x30, 0x4e, 0xff,
    0xff, 0xff, 0xf9, 0x2f, 0xc2, 0xbf, 0x27, 0xf8,
    0x3, 0x0, 0xbf, 0x20, 0x20, 0x0, 0x0, 0xbf,
    0x20, 0x0,

    /* U+002B "+" */
    0x0, 0x0, 0xf, 0xfb, 0x0, 0x0, 0x0, 0x0,
    0x0, 0xff, 0xb0, 0x0, 0x0, 0x0, 0x0, 0xf,
    0xfb, 0x0, 0x0, 0x0, 0x0, 0x0, 0xff, 0xb0,
    0x0, 0x0, 0x39, 0x99, 0x9f, 0xff, 0x99, 0x99,
    0x16, 0xff, 0xff, 0xff, 0xff, 0xff, 0xf2, 0x6f,
    0xff, 0xff, 0xff, 0xff, 0xff, 0x20, 0x0, 0x0,
    0xff, 0xb0, 0x0, 0x0, 0x0, 0x0, 0xf, 0xfb,
    0x0, 0x0, 0x0, 0x0, 0x0, 0xff, 0xb0, 0x0,
    0x0, 0x0, 0x0, 0xf, 0xfb, 0x0, 0x0, 0x0,
    0x0, 0x0, 0x78, 0x50, 0x0, 0x0,

    /* U+002C "," */
    0x1, 0x20, 0x6, 0xff, 0x80, 0xef, 0xff, 0xd,
    0xff, 0xf0, 0x4f, 0xfc, 0x0, 0xef, 0x70, 0x2f,
    0xf1, 0x6, 0xfc, 0x0, 0xaf, 0x60, 0x0,

    /* U+002D "-" */
    0x7b, 0xbb, 0xbb, 0xb2, 0xaf, 0xff, 0xff, 0xf4,
    0xaf, 0xff, 0xff, 0xf4,

    /* U+002E "." */
    0x3, 0x30, 0x8, 0xff, 0x90, 0xff, 0xff, 0xd,
    0xff, 0xf0, 0x4e, 0xe5, 0x0,

    /* U+002F "/" */
    0x0, 0x0, 0x0, 0x0, 0x48, 0x81, 0x0, 0x0,
    0x0, 0x0, 0xdf, 0xe0, 0x0, 0x0, 0x0, 0x2,
    0xff, 0x90, 0x0, 0x0, 0x0, 0x8, 0xff, 0x40,
    0x0, 0x0, 0x0, 0xd, 0xfe, 0x0, 0x0, 0x0,
    0x0, 0x2f, 0xf9, 0x0, 0x0, 0x0, 0x0, 0x8f,
    0xf4, 0x0, 0x0, 0x0, 0x0, 0xdf, 0xe0, 0x0,
    0x0, 0x0, 0x3, 0xff, 0x90, 0x0, 0x0, 0x0,
    0x8, 0xff, 0x40, 0x0, 0x0, 0x0, 0xd, 0xfe,
    0x0, 0x0, 0x0, 0x0, 0x3f, 0xf9, 0x0, 0x0,
    0x0, 0x0, 0x8f, 0xf4, 0x0, 0x0, 0x0, 0x0,
    0xdf, 0xe0, 0x0, 0x0, 0x0, 0x3, 0xff, 0x90,
    0x0, 0x0, 0x0, 0x8, 0xff, 0x30, 0x0, 0x0,
    0x0, 0xe, 0xfe, 0x0, 0x0, 0x0, 0x0, 0x3f,
    0xf9, 0x0, 0x0, 0x0, 0x0, 0x9f, 0xf3, 0x0,
    0x0, 0x0, 0x0, 0xef, 0xe0, 0x0, 0x0, 0x0,
    0x3, 0xff, 0x80, 0x0, 0x0, 0x0, 0x9, 0xff,
    0x30, 0x0, 0x0, 0x0, 0xe, 0xfe, 0x0, 0x0,
    0x0, 0x0, 0x3f, 0xf8, 0x0, 0x0, 0x0, 0x0,
    0x9f, 0xf3, 0x0, 0x0, 0x0, 0x0,

    /* U+0030 "0" */
    0x0, 0x0, 0x6b, 0xef, 0xea, 0x40, 0x0, 0x0,
    0x1, 0xcf, 0xff, 0xff, 0xff, 0xa0, 0x0, 0x0,
    0xdf, 0xff, 0xff, 0xff, 0xff, 0xb0, 0x0, 0x9f,
    0xff, 0x81, 0x1, 0xaf, 0xff, 0x50, 0x1f, 0xff,
    0x70, 0x0, 0x0, 0xaf, 0xfd, 0x6, 0xff, 0xe0,
    0x0, 0x0, 0x2, 0xff, 0xf3, 0xaf, 0xfa, 0x0,
    0x0, 0x0, 0xd, 0xff, 0x7c, 0xff, 0x70, 0x0,
    0x0, 0x0, 0xaf, 0xf9, 0xdf, 0xf6, 0x0, 0x0,
    0x0, 0x9, 0xff, 0xad, 0xff, 0x60, 0x0, 0x0,
    0x0, 0x9f, 0xfa, 0xcf, 0xf7, 0x0, 0x0, 0x0,
    0xa, 0xff, 0x9a, 0xff, 0xa0, 0x0, 0x0, 0x0,
    0xdf, 0xf7, 0x6f, 0xfe, 0x0, 0x0, 0x0, 0x2f,
    0xff, 0x31, 0xff, 0xf7, 0x0, 0x0, 0xa, 0xff,
    0xd0, 0x9, 0xff, 0xf8, 0x10, 0x2a, 0xff, 0xf5,
    0x0, 0xd, 0xff, 0xff, 0xff, 0xff, 0xfb, 0x0,
    0x0, 0x1c, 0xff, 0xff, 0xff, 0xfa, 0x0, 0x0,
    0x0, 0x6, 0xbe, 0xfe, 0xa4, 0x0, 0x0,

    /* U+0031 "1" */
    0xcf, 0xff, 0xff, 0xf2, 0xcf, 0xff, 0xff, 0xf2,
    0xad, 0xde, 0xff, 0xf2, 0x0, 0x1, 0xff, 0xf2,
    0x0, 0x1, 0xff, 0xf2, 0x0, 0x1, 0xff, 0xf2,
    0x0, 0x1, 0xff, 0xf2, 0x0, 0x1, 0xff, 0xf2,
    0x0, 0x1, 0xff, 0xf2, 0x0, 0x1, 0xff, 0xf2,
    0x0, 0x1, 0xff, 0xf2, 0x0, 0x1, 0xff, 0xf2,
    0x0, 0x1, 0xff, 0xf2, 0x0, 0x1, 0xff, 0xf2,
    0x0, 0x1, 0xff, 0xf2, 0x0, 0x1, 0xff, 0xf2,
    0x0, 0x1, 0xff, 0xf2, 0x0, 0x1, 0xff, 0xf2,

    /* U+0032 "2" */
    0x0, 0x6, 0xbd, 0xff, 0xd9, 0x20, 0x0, 0x4,
    0xef, 0xff, 0xff, 0xff, 0xf7, 0x0, 0x5f, 0xff,
    0xff, 0xff, 0xff, 0xff, 0x50, 0x3e, 0xfc, 0x40,
    0x0, 0x5e, 0xff, 0xd0, 0x1, 0x80, 0x0, 0x0,
    0x6, 0xff, 0xf0, 0x0, 0x0, 0x0, 0x0, 0x3,
    0xff, 0xf0, 0x0, 0x0, 0x0, 0x0, 0x5, 0xff,
    0xe0, 0x0, 0x0, 0x0, 0x0, 0xc, 0xff, 0x90,
    0x0, 0x0, 0x0, 0x0, 0x9f, 0xff, 0x10, 0x0,
    0x0, 0x0, 0x9, 0xff, 0xf4, 0x0, 0x0, 0x0,
    0x0, 0x9f, 0xff, 0x50, 0x0, 0x0, 0x0, 0xa,
    0xff, 0xf5, 0x0, 0x0, 0x0, 0x0, 0xbf, 0xff,
    0x50, 0x0, 0x0, 0x0, 0xb, 0xff, 0xf4, 0x0,
    0x0, 0x0, 0x0, 0xcf, 0xff, 0x40, 0x0, 0x0,
    0x0, 0xc, 0xff, 0xff, 0xdd, 0xdd, 0xdd, 0xda,
    0x2f, 0xff, 0xff, 0xff, 0xff, 0xff, 0xfc, 0x2f,
    0xff, 0xff, 0xff, 0xff, 0xff, 0xfc,

    /* U+0033 "3" */
    0x2f, 0xff, 0xff, 0xff, 0xff, 0xff, 0xc0, 0x2f,
    0xff, 0xff, 0xff, 0xff, 0xff, 0xc0, 0x1d, 0xdd,
    0xdd, 0xdd, 0xef, 0xff, 0x80, 0x0, 0x0, 0x0,
    0x0, 0xcf, 0xfb, 0x0, 0x0, 0x0, 0x0, 0xb,
    0xff, 0xc0, 0x0, 0x0, 0x0, 0x0, 0x9f, 0xfe,
    0x10, 0x0, 0x0, 0x0, 0x6, 0xff, 0xf2, 0x0,
    0x0, 0x0, 0x0, 0x1f, 0xff, 0xfb, 0x50, 0x0,
    0x0, 0x0, 0x2f, 0xff, 0xff, 0xfc, 0x10, 0x0,
    0x0, 0x1a, 0xab, 0xef, 0xff, 0xb0, 0x0, 0x0,
    0x0, 0x0, 0x9, 0xff, 0xf3, 0x0, 0x0, 0x0,
    0x0, 0x0, 0xef, 0xf7, 0x0, 0x0, 0x0, 0x0,
    0x0, 0xcf, 0xf7, 0x7, 0x10, 0x0, 0x0, 0x1,
    0xff, 0xf5, 0x3f, 0xe8, 0x30, 0x0, 0x4d, 0xff,
    0xf1, 0xbf, 0xff, 0xff, 0xff, 0xff, 0xff, 0x70,
    0x3c, 0xff, 0xff, 0xff, 0xff, 0xf8, 0x0, 0x0,
    0x38, 0xce, 0xfe, 0xd8, 0x20, 0x0,

    /* U+0034 "4" */
    0x0, 0x0, 0x0, 0x0, 0xd, 0xff, 0x90, 0x0,
    0x0, 0x0, 0x0, 0x0, 0xa, 0xff, 0xd0, 0x0,
    0x0, 0x0, 0x0, 0x0, 0x6, 0xff, 0xf2, 0x0,
    0x0, 0x0, 0x0, 0x0, 0x2, 0xff, 0xf5, 0x0,
    0x0, 0x0, 0x0, 0x0, 0x0, 0xdf, 0xfa, 0x0,
    0x0, 0x0, 0x0, 0x0, 0x0, 0xaf, 0xfd, 0x0,
    0x0, 0x0, 0x0, 0x0, 0x0, 0x6f, 0xff, 0x20,
    0x0, 0x0, 0x0, 0x0, 0x0, 0x2f, 0xff, 0x60,
    0x4, 0x99, 0x50, 0x0, 0x0, 0xd, 0xff, 0xa0,
    0x0, 0x7f, 0xf9, 0x0, 0x0, 0xa, 0xff, 0xe1,
    0x0, 0x7, 0xff, 0x90, 0x0, 0x6, 0xff, 0xf3,
    0x0, 0x0, 0x7f, 0xf9, 0x0, 0x1, 0xff, 0xff,
    0xff, 0xff, 0xff, 0xff, 0xff, 0xfb, 0x2f, 0xff,
    0xff, 0xff, 0xff, 0xff, 0xff, 0xff, 0xb2, 0xdd,
    0xdd, 0xdd, 0xdd, 0xdf, 0xff, 0xfd, 0xd9, 0x0,
    0x0, 0x0, 0x0, 0x0, 0x8f, 0xf9, 0x0, 0x0,
    0x0, 0x0, 0x0, 0x0, 0x8, 0xff, 0x90, 0x0,
    0x0, 0x0, 0x0, 0x0, 0x0, 0x8f, 0xf9, 0x0,
    0x0, 0x0, 0x0, 0x0, 0x0, 0x8, 0xff, 0x90,
    0x0,

    /* U+0035 "5" */
    0x0, 0x8f, 0xff, 0xff, 0xff, 0xff, 0xc0, 0x0,
    0x9f, 0xff, 0xff, 0xff, 0xff, 0xc0, 0x0, 0xbf,
    0xff, 0xdd, 0xdd, 0xdd, 0xa0, 0x0, 0xcf, 0xf3,
    0x0, 0x0, 0x0, 0x0, 0x0, 0xef, 0xf1, 0x0,
    0x0, 0x0, 0x0, 0x0, 0xff, 0xf0, 0x0, 0x0,
    0x0, 0x0, 0x1, 0xff, 0xf0, 0x0, 0x0, 0x0,
    0x0, 0x2, 0xff, 0xff, 0xff, 0xeb, 0x60, 0x0,
    0x4, 0xff, 0xff, 0xff, 0xff, 0xfd, 0x20, 0x4,
    0xdd, 0xdd, 0xef, 0xff, 0xff, 0xe1, 0x0, 0x0,
    0x0, 0x0, 0x29, 0xff, 0xf7, 0x0, 0x0, 0x0,
    0x0, 0x0, 0xbf, 0xfb, 0x0, 0x0, 0x0, 0x0,
    0x0, 0x8f, 0xfc, 0x3, 0x20, 0x0, 0x0, 0x0,
    0xbf, 0xfa, 0xd, 0xf9, 0x40, 0x0, 0x2a, 0xff,
    0xf5, 0x7f, 0xff, 0xff, 0xff, 0xff, 0xff, 0xc0,
    0x1a, 0xff, 0xff, 0xff, 0xff, 0xfb, 0x10, 0x0,
    0x27, 0xbe, 0xff, 0xda, 0x50, 0x0,

    /* U+0036 "6" */
    0x0, 0x0, 0x17, 0xce, 0xff, 0xd9, 0x30, 0x0,
    0x0, 0x5f, 0xff, 0xff, 0xff, 0xff, 0x10, 0x0,
    0x8f, 0xff, 0xff, 0xde, 0xff, 0x90, 0x0, 0x4f,
    0xff, 0xb3, 0x0, 0x0, 0x51, 0x0, 0xe, 0xff,
    0xa0, 0x0, 0x0, 0x0, 0x0, 0x5, 0xff, 0xf0,
    0x0, 0x0, 0x0, 0x0, 0x0, 0x9f, 0xfa, 0x2,
    0x79, 0x97, 0x20, 0x0, 0xc, 0xff, 0x8a, 0xff,
    0xff, 0xff, 0xa1, 0x0, 0xdf, 0xff, 0xff, 0xff,
    0xff, 0xff, 0xc0, 0xe, 0xff, 0xff, 0x81, 0x2,
    0x9f, 0xff, 0x70, 0xcf, 0xff, 0x60, 0x0, 0x0,
    0x9f, 0xfd, 0xb, 0xff, 0xf0, 0x0, 0x0, 0x3,
    0xff, 0xf0, 0x7f, 0xfe, 0x0, 0x0, 0x0, 0x1f,
    0xff, 0x2, 0xff, 0xf3, 0x0, 0x0, 0x5, 0xff,
    0xe0, 0xb, 0xff, 0xd2, 0x0, 0x3, 0xef, 0xf8,
    0x0, 0x1e, 0xff, 0xfc, 0xac, 0xff, 0xfd, 0x10,
    0x0, 0x2d, 0xff, 0xff, 0xff, 0xfd, 0x20, 0x0,
    0x0, 0x6, 0xbe, 0xfe, 0xc6, 0x0, 0x0,

    /* U+0037 "7" */
    0x4f, 0xff, 0xff, 0xff, 0xff, 0xff, 0xff, 0x44,
    0xff, 0xff, 0xff, 0xff, 0xff, 0xff, 0xf4, 0x4f,
    0xff, 0xdd, 0xdd, 0xdd, 0xff, 0xff, 0x24, 0xff,
    0xb0, 0x0, 0x0, 0xa, 0xff, 0xc0, 0x4f, 0xfb,
    0x0, 0x0, 0x2, 0xff, 0xf5, 0x4, 0xee, 0xa0,
    0x0, 0x0, 0x8f, 0xfe, 0x0, 0x0, 0x0, 0x0,
    0x0, 0xf, 0xff, 0x70, 0x0, 0x0, 0x0, 0x0,
    0x6, 0xff, 0xf1, 0x0, 0x0, 0x0, 0x0, 0x0,
    0xdf, 0xf9, 0x0, 0x0, 0x0, 0x0, 0x0, 0x4f,
    0xff, 0x20, 0x0, 0x0, 0x0, 0x0, 0xb, 0xff,
    0xb0, 0x0, 0x0, 0x0, 0x0, 0x2, 0xff, 0xf4,
    0x0, 0x0, 0x0, 0x0, 0x0, 0x9f, 0xfd, 0x0,
    0x0, 0x0, 0x0, 0x0, 0x1f, 0xff, 0x70, 0x0,
    0x0, 0x0, 0x0, 0x7, 0xff, 0xf0, 0x0, 0x0,
    0x0, 0x0, 0x0, 0xdf, 0xf9, 0x0, 0x0, 0x0,
    0x0, 0x0, 0x5f, 0xff, 0x20, 0x0, 0x0, 0x0,
    0x0, 0xc, 0xff, 0xb0, 0x0, 0x0, 0x0,

    /* U+0038 "8" */
    0x0, 0x4, 0xad, 0xff, 0xeb, 0x60, 0x0, 0x0,
    0x1b, 0xff, 0xff, 0xff, 0xff, 0xe3, 0x0, 0xb,
    0xff, 0xfe, 0xba, 0xdf, 0xff, 0xe1, 0x2, 0xff,
    0xf7, 0x0, 0x0, 0x4f, 0xff, 0x70, 0x5f, 0xfe,
    0x0, 0x0, 0x0, 0x9f, 0xfa, 0x3, 0xff, 0xf0,
    0x0, 0x0, 0xb, 0xff, 0x80, 0xd, 0xff, 0xc4,
    0x11, 0x3a, 0xff, 0xf2, 0x0, 0x2d, 0xff, 0xff,
    0xff, 0xff, 0xf5, 0x0, 0x2, 0xcf, 0xff, 0xff,
    0xff, 0xff, 0x40, 0x1, 0xef, 0xff, 0x97, 0x68,
    0xef, 0xff, 0x40, 0x9f, 0xfe, 0x10, 0x0, 0x0,
    0xbf, 0xfd, 0xe, 0xff, 0x60, 0x0, 0x0, 0x1,
    0xff, 0xf2, 0xff, 0xf4, 0x0, 0x0, 0x0, 0xf,
    0xff, 0x4d, 0xff, 0x80, 0x0, 0x0, 0x3, 0xff,
    0xf2, 0x8f, 0xff, 0x50, 0x0, 0x3, 0xdf, 0xfd,
    0x1, 0xef, 0xff, 0xeb, 0xbd, 0xff, 0xff, 0x40,
    0x2, 0xcf, 0xff, 0xff, 0xff, 0xfe, 0x40, 0x0,
    0x0, 0x5a, 0xdf, 0xfe, 0xb6, 0x0, 0x0,

    /* U+0039 "9" */
    0x0, 0x2, 0x9d, 0xff, 0xda, 0x40, 0x0, 0x0,
    0x8, 0xff, 0xff, 0xff, 0xff, 0xa0, 0x0, 0x7,
    0xff, 0xfe, 0xba, 0xdf, 0xff, 0xb0, 0x0, 0xff,
    0xf9, 0x0, 0x0, 0x3e, 0xff, 0x60, 0x4f, 0xfe,
    0x0, 0x0, 0x0, 0x6f, 0xfd, 0x5, 0xff, 0xc0,
    0x0, 0x0, 0x3, 0xff, 0xf2, 0x4f, 0xff, 0x20,
    0x0, 0x0, 0x9f, 0xff, 0x60, 0xef, 0xfd, 0x51,
    0x2, 0x9f, 0xff, 0xf7, 0x5, 0xff, 0xff, 0xff,
    0xff, 0xff, 0xff, 0x80, 0x5, 0xef, 0xff, 0xff,
    0xf8, 0xbf, 0xf8, 0x0, 0x0, 0x58, 0x99, 0x61,
    0xd, 0xff, 0x70, 0x0, 0x0, 0x0, 0x0, 0x0,
    0xff, 0xf4, 0x0, 0x0, 0x0, 0x0, 0x0, 0x6f,
    0xff, 0x0, 0x0, 0x0, 0x0, 0x0, 0x2f, 0xff,
    0x90, 0x0, 0x64, 0x0, 0x0, 0x6e, 0xff, 0xe1,
    0x0, 0xe, 0xff, 0xdd, 0xff, 0xff, 0xf4, 0x0,
    0x6, 0xff, 0xff, 0xff, 0xff, 0xd2, 0x0, 0x0,
    0x6, 0xbe, 0xff, 0xea, 0x50, 0x0, 0x0,

    /* U+003A ":" */
    0x4e, 0xe5, 0xd, 0xff, 0xf0, 0xef, 0xff, 0x7,
    0xff, 0x90, 0x2, 0x30, 0x0, 0x0, 0x0, 0x0,
    0x0, 0x0, 0x0, 0x0, 0x0, 0x0, 0x0, 0x33,
    0x0, 0x8f, 0xf9, 0xf, 0xff, 0xf0, 0xdf, 0xff,
    0x4, 0xee, 0x50,

    /* U+003B ";" */
    0x4e, 0xe5, 0xd, 0xff, 0xf0, 0xef, 0xff, 0x7,
    0xff, 0x90, 0x2, 0x30, 0x0, 0x0, 0x0, 0x0,
    0x0, 0x0, 0x0, 0x0, 0x0, 0x0, 0x0, 0x12,
    0x0, 0x6f, 0xf8, 0xe, 0xff, 0xf0, 0xdf, 0xff,
    0x4, 0xff, 0xc0, 0xe, 0xf7, 0x2, 0xff, 0x10,
    0x6f, 0xc0, 0xa, 0xf6, 0x0,

    /* U+003C "<" */
    0x0, 0x0, 0x0, 0x0, 0x0, 0x0, 0x0, 0x0,
    0x0, 0x0, 0x0, 0x17, 0xd2, 0x0, 0x0, 0x0,
    0x3, 0xaf, 0xff, 0x20, 0x0, 0x1, 0x6d, 0xff,
    0xff, 0xd1, 0x0, 0x39, 0xff, 0xff, 0xf9, 0x30,
    0x3, 0xdf, 0xff, 0xfc, 0x60, 0x0, 0x0, 0x6f,
    0xff, 0x82, 0x0, 0x0, 0x0, 0x6, 0xff, 0xfb,
    0x50, 0x0, 0x0, 0x0, 0x2a, 0xff, 0xff, 0xe8,
    0x20, 0x0, 0x0, 0x1, 0x7e, 0xff, 0xff, 0xc5,
    0x0, 0x0, 0x0, 0x4, 0xbf, 0xff, 0xff, 0x10,
    0x0, 0x0, 0x0, 0x17, 0xef, 0xf2, 0x0, 0x0,
    0x0, 0x0, 0x0, 0x4b, 0x20,

    /* U+003D "=" */
    0x6f, 0xff, 0xff, 0xff, 0xff, 0xff, 0x26, 0xff,
    0xff, 0xff, 0xff, 0xff, 0xf2, 0x39, 0x99, 0x99,
    0x99, 0x99, 0x99, 0x10, 0x0, 0x0, 0x0, 0x0,
    0x0, 0x0, 0x0, 0x0, 0x0, 0x0, 0x0, 0x0,
    0x0, 0x0, 0x0, 0x0, 0x0, 0x0, 0x0, 0x39,
    0x99, 0x99, 0x99, 0x99, 0x99, 0x16, 0xff, 0xff,
    0xff, 0xff, 0xff, 0xf2, 0x6f, 0xff, 0xff, 0xff,
    0xff, 0xff, 0x20,

    /* U+003E ">" */
    0x0, 0x0, 0x0, 0x0, 0x0, 0x0, 0x5, 0xc5,
    0x0, 0x0, 0x0, 0x0, 0x0, 0x6f, 0xfe, 0x82,
    0x0, 0x0, 0x0, 0x3, 0xef, 0xff, 0xfb, 0x50,
    0x0, 0x0, 0x0, 0x4b, 0xff, 0xff, 0xe8, 0x20,
    0x0, 0x0, 0x1, 0x7d, 0xff, 0xff, 0xb1, 0x0,
    0x0, 0x0, 0x3, 0xaf, 0xff, 0x20, 0x0, 0x0,
    0x0, 0x6c, 0xff, 0xf2, 0x0, 0x0, 0x3a, 0xff,
    0xff, 0xf9, 0x0, 0x17, 0xdf, 0xff, 0xfc, 0x60,
    0x0, 0x4f, 0xff, 0xff, 0x93, 0x0, 0x0, 0x6,
    0xff, 0xd6, 0x0, 0x0, 0x0, 0x0, 0x59, 0x30,
    0x0, 0x0, 0x0, 0x0, 0x0,

    /* U+003F "?" */
    0x0, 0x6, 0xbd, 0xff, 0xd9, 0x30, 0x0, 0x4e,
    0xff, 0xff, 0xff, 0xff, 0x90, 0x5f, 0xff, 0xfe,
    0xde, 0xff, 0xff, 0x66, 0xef, 0xb3, 0x0, 0x4,
    0xef, 0xfd, 0x1, 0x70, 0x0, 0x0, 0x6, 0xff,
    0xf0, 0x0, 0x0, 0x0, 0x0, 0x5f, 0xfe, 0x0,
    0x0, 0x0, 0x0, 0xc, 0xff, 0x80, 0x0, 0x0,
    0x0, 0xb, 0xff, 0xd0, 0x0, 0x0, 0x0, 0xc,
    0xff, 0xd1, 0x0, 0x0, 0x0, 0xa, 0xff, 0xd1,
    0x0, 0x0, 0x0, 0x3, 0xff, 0xf2, 0x0, 0x0,
    0x0, 0x0, 0x5e, 0xeb, 0x0, 0x0, 0x0, 0x0,
    0x0, 0x0, 0x0, 0x0, 0x0, 0x0, 0x0, 0x0,
    0x0, 0x0, 0x0, 0x0, 0x0, 0x3, 0xef, 0x60,
    0x0, 0x0, 0x0, 0x0, 0xbf, 0xff, 0x0, 0x0,
    0x0, 0x0, 0xb, 0xff, 0xf0, 0x0, 0x0, 0x0,
    0x0, 0x3d, 0xe6, 0x0, 0x0,

    /* U+0040 "@" */
    0x0, 0x0, 0x0, 0x3, 0x8c, 0xdf, 0xfe, 0xc8,
    0x40, 0x0, 0x0, 0x0, 0x0, 0x0, 0x4, 0xcf,
    0xff, 0xff, 0xff, 0xff, 0xfd, 0x50, 0x0, 0x0,
    0x0, 0x0, 0xaf, 0xff, 0xb6, 0x42, 0x23, 0x6a,
    0xff, 0xfa, 0x0, 0x0, 0x0, 0xc, 0xff, 0xa2,
    0x0, 0x0, 0x0, 0x0, 0x18, 0xff, 0xc0, 0x0,
    0x0, 0xaf, 0xf6, 0x0, 0x0, 0x0, 0x0, 0x0,
    0x0, 0x3e, 0xfa, 0x0, 0x5, 0xff, 0x60, 0x0,
    0x4b, 0xef, 0xd8, 0x18, 0xff, 0x43, 0xff, 0x40,
    0xd, 0xfb, 0x0, 0x9, 0xff, 0xff, 0xff, 0xeb,
    0xff, 0x40, 0x8f, 0xd0, 0x3f, 0xf3, 0x0, 0x8f,
    0xff, 0x96, 0x7c, 0xff, 0xff, 0x40, 0x1f, 0xf2,
    0x8f, 0xd0, 0x1, 0xff, 0xf3, 0x0, 0x0, 0x8f,
    0xff, 0x40, 0xb, 0xf7, 0xbf, 0x90, 0x6, 0xff,
    0x80, 0x0, 0x0, 0xf, 0xff, 0x40, 0x7, 0xfa,
    0xdf, 0x70, 0x9, 0xff, 0x30, 0x0, 0x0, 0xe,
    0xff, 0x40, 0x6, 0xfb, 0xef, 0x60, 0xa, 0xff,
    0x20, 0x0, 0x0, 0xd, 0xff, 0x40, 0x5, 0xfb,
    0xdf, 0x70, 0x9, 0xff, 0x30, 0x0, 0x0, 0xf,
    0xff, 0x40, 0x6, 0xfa, 0xbf, 0x90, 0x6, 0xff,
    0x80, 0x0, 0x0, 0xf, 0xff, 0x40, 0x9, 0xf8,
    0x8f, 0xd0, 0x1, 0xff, 0xf4, 0x0, 0x0, 0x9f,
    0xff, 0x50, 0xe, 0xf4, 0x3f, 0xf3, 0x0, 0x7f,
    0xff, 0xa7, 0x7c, 0xff, 0xff, 0xe7, 0xcf, 0xd0,
    0xd, 0xfb, 0x0, 0x9, 0xff, 0xff, 0xff, 0xe3,
    0xcf, 0xff, 0xff, 0x30, 0x4, 0xff, 0x60, 0x0,
    0x4b, 0xef, 0xd9, 0x10, 0x1a, 0xee, 0xb3, 0x0,
    0x0, 0xaf, 0xf5, 0x0, 0x0, 0x0, 0x0, 0x0,
    0x0, 0x0, 0x0, 0x0, 0x0, 0xc, 0xff, 0x91,
    0x0, 0x0, 0x0, 0x0, 0x10, 0x0, 0x0, 0x0,
    0x0, 0x0, 0xaf, 0xff, 0xb6, 0x42, 0x24, 0x7b,
    0xf1, 0x0, 0x0, 0x0, 0x0, 0x0, 0x5, 0xdf,
    0xff, 0xff, 0xff, 0xff, 0xf4, 0x0, 0x0, 0x0,
    0x0, 0x0, 0x0, 0x4, 0x8c, 0xef, 0xfe, 0xb8,
    0x30, 0x0, 0x0, 0x0,

    /* U+0041 "A" */
    0x0, 0x0, 0x0, 0x0, 0x7f, 0xff, 0x20, 0x0,
    0x0, 0x0, 0x0, 0x0, 0x0, 0x0, 0xef, 0xff,
    0x90, 0x0, 0x0, 0x0, 0x0, 0x0, 0x0, 0x5,
    0xff, 0xff, 0xf1, 0x0, 0x0, 0x0, 0x0, 0x0,
    0x0, 0xc, 0xff, 0xdf, 0xf7, 0x0, 0x0, 0x0,
    0x0, 0x0, 0x0, 0x3f, 0xfd, 0x2f, 0xfe, 0x0,
    0x0, 0x0, 0x0, 0x0, 0x0, 0xaf, 0xf6, 0xc,
    0xff, 0x50, 0x0, 0x0, 0x0, 0x0, 0x1, 0xff,
    0xf0, 0x5, 0xff, 0xc0, 0x0, 0x0, 0x0, 0x0,
    0x8, 0xff, 0x90, 0x0, 0xef, 0xf3, 0x0, 0x0,
    0x0, 0x0, 0xe, 0xff, 0x20, 0x0, 0x8f, 0xfa,
    0x0, 0x0, 0x0, 0x0, 0x6f, 0xfb, 0x0, 0x0,
    0x1f, 0xff, 0x20, 0x0, 0x0, 0x0, 0xdf, 0xf5,
    0x0, 0x0, 0xa, 0xff, 0x80, 0x0, 0x0, 0x4,
    0xff, 0xff, 0xff, 0xff, 0xff, 0xff, 0xf0, 0x0,
    0x0, 0xb, 0xff, 0xff, 0xff, 0xff, 0xff, 0xff,
    0xf6, 0x0, 0x0, 0x2f, 0xff, 0xba, 0xaa, 0xaa,
    0xaa, 0xff, 0xfd, 0x0, 0x0, 0x9f, 0xfa, 0x0,
    0x0, 0x0, 0x0, 0xf, 0xff, 0x40, 0x1, 0xff,
    0xf4, 0x0, 0x0, 0x0, 0x0, 0x9, 0xff, 0xb0,
    0x7, 0xff, 0xd0, 0x0, 0x0, 0x0, 0x0, 0x2,
    0xff, 0xf2, 0xe, 0xff, 0x60, 0x0, 0x0, 0x0,
    0x0, 0x0, 0xcf, 0xf9,

    /* U+0042 "B" */
    0xaf, 0xff, 0xff, 0xff, 0xff, 0xd9, 0x30, 0x0,
    0xaf, 0xff, 0xff, 0xff, 0xff, 0xff, 0xf9, 0x0,
    0xaf, 0xfd, 0xaa, 0xaa, 0xac, 0xff, 0xff, 0x70,
    0xaf, 0xf9, 0x0, 0x0, 0x0, 0x2d, 0xff, 0xd0,
    0xaf, 0xf9, 0x0, 0x0, 0x0, 0x6, 0xff, 0xf0,
    0xaf, 0xf9, 0x0, 0x0, 0x0, 0x6, 0xff, 0xd0,
    0xaf, 0xf9, 0x0, 0x0, 0x0, 0x1d, 0xff, 0x80,
    0xaf, 0xff, 0xaa, 0xaa, 0xac, 0xff, 0xfc, 0x0,
    0xaf, 0xff, 0xff, 0xff, 0xff, 0xff, 0xf4, 0x0,
    0xaf, 0xff, 0xff, 0xff, 0xff, 0xff, 0xff, 0x80,
    0xaf, 0xf9, 0x0, 0x0, 0x1, 0x3a, 0xff, 0xf4,
    0xaf, 0xf9, 0x0, 0x0, 0x0, 0x0, 0xbf, 0xfb,
    0xaf, 0xf9, 0x0, 0x0, 0x0, 0x0, 0x6f, 0xfd,
    0xaf, 0xf9, 0x0, 0x0, 0x0, 0x0, 0x8f, 0xfd,
    0xaf, 0xf9, 0x0, 0x0, 0x0, 0x4, 0xff, 0xfa,
    0xaf, 0xfd, 0xaa, 0xaa, 0xab, 0xdf, 0xff, 0xf3,
    0xaf, 0xff, 0xff, 0xff, 0xff, 0xff, 0xff, 0x50,
    0xaf, 0xff, 0xff, 0xff, 0xff, 0xec, 0x81, 0x0,

    /* U+0043 "C" */
    0x0, 0x0, 0x3, 0x8c, 0xef, 0xec, 0x82, 0x0,
    0x0, 0x0, 0x1b, 0xff, 0xff, 0xff, 0xff, 0xf9,
    0x0, 0x0, 0x3e, 0xff, 0xff, 0xff, 0xff, 0xff,
    0xfc, 0x10, 0x2e, 0xff, 0xfb, 0x40, 0x0, 0x3a,
    0xff, 0xc1, 0xb, 0xff, 0xf5, 0x0, 0x0, 0x0,
    0x4, 0xb0, 0x3, 0xff, 0xf7, 0x0, 0x0, 0x0,
    0x0, 0x0, 0x0, 0x8f, 0xfd, 0x0, 0x0, 0x0,
    0x0, 0x0, 0x0, 0xc, 0xff, 0x80, 0x0, 0x0,
    0x0, 0x0, 0x0, 0x0, 0xdf, 0xf6, 0x0, 0x0,
    0x0, 0x0, 0x0, 0x0, 0xd, 0xff, 0x60, 0x0,
    0x0, 0x0, 0x0, 0x0, 0x0, 0xcf, 0xf8, 0x0,
    0x0, 0x0, 0x0, 0x0, 0x0, 0x8, 0xff, 0xd0,
    0x0, 0x0, 0x0, 0x0, 0x0, 0x0, 0x3f, 0xff,
    0x70, 0x0, 0x0, 0x0, 0x0, 0x0, 0x0, 0xbf,
    0xff, 0x50, 0x0, 0x0, 0x0, 0x4b, 0x10, 0x2,
    0xef, 0xff, 0xb4, 0x10, 0x4, 0xaf, 0xfd, 0x10,
    0x3, 0xef, 0xff, 0xff, 0xff, 0xff, 0xff, 0xc0,
    0x0, 0x1, 0xbf, 0xff, 0xff, 0xff, 0xff, 0x90,
    0x0, 0x0, 0x0, 0x38, 0xce, 0xfe, 0xc8, 0x20,
    0x0,

    /* U+0044 "D" */
    0xaf, 0xff, 0xff, 0xff, 0xfe, 0xb7, 0x10, 0x0,
    0x0, 0xaf, 0xff, 0xff, 0xff, 0xff, 0xff, 0xf8,
    0x0, 0x0, 0xaf, 0xfe, 0xdd, 0xdd, 0xef, 0xff,
    0xff, 0xc1, 0x0, 0xaf, 0xf9, 0x0, 0x0, 0x0,
    0x5c, 0xff, 0xfb, 0x0, 0xaf, 0xf9, 0x0, 0x0,
    0x0, 0x0, 0x9f, 0xff, 0x70, 0xaf, 0xf9, 0x0,
    0x0, 0x0, 0x0, 0xb, 0xff, 0xe0, 0xaf, 0xf9,
    0x0, 0x0, 0x0, 0x0, 0x3, 0xff, 0xf3, 0xaf,
    0xf9, 0x0, 0x0, 0x0, 0x0, 0x0, 0xef, 0xf6,
    0xaf, 0xf9, 0x0, 0x0, 0x0, 0x0, 0x0, 0xcf,
    0xf8, 0xaf, 0xf9, 0x0, 0x0, 0x0, 0x0, 0x0,
    0xcf, 0xf8, 0xaf, 0xf9, 0x0, 0x0, 0x0, 0x0,
    0x0, 0xef, 0xf6, 0xaf, 0xf9, 0x0, 0x0, 0x0,
    0x0, 0x3, 0xff, 0xf3, 0xaf, 0xf9, 0x0, 0x0,
    0x0, 0x0, 0xb, 0xff, 0xe0, 0xaf, 0xf9, 0x0,
    0x0, 0x0, 0x0, 0x9f, 0xff, 0x70, 0xaf, 0xf9,
    0x0, 0x0, 0x0, 0x5c, 0xff, 0xfb, 0x0, 0xaf,
    0xff, 0xdd, 0xdd, 0xef, 0xff, 0xff, 0xc1, 0x0,
    0xaf, 0xff, 0xff, 0xff, 0xff, 0xff, 0xf8, 0x0,
    0x0, 0xaf, 0xff, 0xff, 0xff, 0xfe, 0xb7, 0x10,
    0x0, 0x0,

    /* U+0045 "E" */
    0xaf, 0xff, 0xff, 0xff, 0xff, 0xff, 0xf2, 0xaf,
    0xff, 0xff, 0xff, 0xff, 0xff, 0xf2, 0xaf, 0xfe,
    0xdd, 0xdd, 0xdd, 0xdd, 0xd1, 0xaf, 0xf9, 0x0,
    0x0, 0x0, 0x0, 0x0, 0xaf, 0xf9, 0x0, 0x0,
    0x0, 0x0, 0x0, 0xaf, 0xf9, 0x0, 0x0, 0x0,
    0x0, 0x0, 0xaf, 0xf9, 0x0, 0x0, 0x0, 0x0,
    0x0, 0xaf, 0xff, 0xcc, 0xcc, 0xcc, 0xcc, 0x0,
    0xaf, 0xff, 0xff, 0xff, 0xff, 0xff, 0x0, 0xaf,
    0xff, 0xff, 0xff, 0xff, 0xff, 0x0, 0xaf, 0xf9,
    0x0, 0x0, 0x0, 0x0, 0x0, 0xaf, 0xf9, 0x0,
    0x0, 0x0, 0x0, 0x0, 0xaf, 0xf9, 0x0, 0x0,
    0x0, 0x0, 0x0, 0xaf, 0xf9, 0x0, 0x0, 0x0,
    0x0, 0x0, 0xaf, 0xf9, 0x0, 0x0, 0x0, 0x0,
    0x0, 0xaf, 0xfe, 0xdd, 0xdd, 0xdd, 0xdd, 0xd6,
    0xaf, 0xff, 0xff, 0xff, 0xff, 0xff, 0xf7, 0xaf,
    0xff, 0xff, 0xff, 0xff, 0xff, 0xf7,

    /* U+0046 "F" */
    0xaf, 0xff, 0xff, 0xff, 0xff, 0xff, 0xf2, 0xaf,
    0xff, 0xff, 0xff, 0xff, 0xff, 0xf2, 0xaf, 0xfe,
    0xdd, 0xdd, 0xdd, 0xdd, 0xd1, 0xaf, 0xf9, 0x0,
    0x0, 0x0, 0x0, 0x0, 0xaf, 0xf9, 0x0, 0x0,
    0x0, 0x0, 0x0, 0xaf, 0xf9, 0x0, 0x0, 0x0,
    0x0, 0x0, 0xaf, 0xf9, 0x0, 0x0, 0x0, 0x0,
    0x0, 0xaf, 0xf9, 0x0, 0x0, 0x0, 0x0, 0x0,
    0xaf, 0xff, 0xdd, 0xdd, 0xdd, 0xdd, 0x0, 0xaf,
    0xff, 0xff, 0xff, 0xff, 0xff, 0x0, 0xaf, 0xff,
    0xff, 0xff, 0xff, 0xff, 0x0, 0xaf, 0xf9, 0x0,
    0x0, 0x0, 0x0, 0x0, 0xaf, 0xf9, 0x0, 0x0,
    0x0, 0x0, 0x0, 0xaf, 0xf9, 0x0, 0x0, 0x0,
    0x0, 0x0, 0xaf, 0xf9, 0x0, 0x0, 0x0, 0x0,
    0x0, 0xaf, 0xf9, 0x0, 0x0, 0x0, 0x0, 0x0,
    0xaf, 0xf9, 0x0, 0x0, 0x0, 0x0, 0x0, 0xaf,
    0xf9, 0x0, 0x0, 0x0, 0x0, 0x0,

    /* U+0047 "G" */
    0x0, 0x0, 0x2, 0x8c, 0xef, 0xed, 0x93, 0x0,
    0x0, 0x0, 0x1a, 0xff, 0xff, 0xff, 0xff, 0xfb,
    0x20, 0x0, 0x3e, 0xff, 0xff, 0xff, 0xff, 0xff,
    0xfe, 0x30, 0x2e, 0xff, 0xfb, 0x51, 0x0, 0x38,
    0xff, 0xe2, 0xb, 0xff, 0xf6, 0x0, 0x0, 0x0,
    0x2, 0xb1, 0x3, 0xff, 0xf7, 0x0, 0x0, 0x0,
    0x0, 0x0, 0x0, 0x8f, 0xfd, 0x0, 0x0, 0x0,
    0x0, 0x0, 0x0, 0xc, 0xff, 0x80, 0x0, 0x0,
    0x0, 0x0, 0x0, 0x0, 0xdf, 0xf6, 0x0, 0x0,
    0x0, 0x0, 0x2, 0x33, 0x1d, 0xff, 0x60, 0x0,
    0x0, 0x0, 0x0, 0xbf, 0xf6, 0xcf, 0xf9, 0x0,
    0x0, 0x0, 0x0, 0xb, 0xff, 0x68, 0xff, 0xe0,
    0x0, 0x0, 0x0, 0x0, 0xbf, 0xf6, 0x3f, 0xff,
    0x70, 0x0, 0x0, 0x0, 0xb, 0xff, 0x60, 0xbf,
    0xff, 0x60, 0x0, 0x0, 0x0, 0xcf, 0xf6, 0x2,
    0xef, 0xff, 0xb4, 0x10, 0x3, 0x7f, 0xff, 0x60,
    0x3, 0xef, 0xff, 0xff, 0xff, 0xff, 0xff, 0xf6,
    0x0, 0x1, 0xbf, 0xff, 0xff, 0xff, 0xff, 0xd4,
    0x0, 0x0, 0x0, 0x38, 0xce, 0xfe, 0xd9, 0x40,
    0x0,

    /* U+0048 "H" */
    0xaf, 0xf9, 0x0, 0x0, 0x0, 0x0, 0x5f, 0xfe,
    0xaf, 0xf9, 0x0, 0x0, 0x0, 0x0, 0x5f, 0xfe,
    0xaf, 0xf9, 0x0, 0x0, 0x0, 0x0, 0x5f, 0xfe,
    0xaf, 0xf9, 0x0, 0x0, 0x0, 0x0, 0x5f, 0xfe,
    0xaf, 0xf9, 0x0, 0x0, 0x0, 0x0, 0x5f, 0xfe,
    0xaf, 0xf9, 0x0, 0x0, 0x0, 0x0, 0x5f, 0xfe,
    0xaf, 0xf9, 0x0, 0x0, 0x0, 0x0, 0x5f, 0xfe,
    0xaf, 0xff, 0xee, 0xee, 0xee, 0xee, 0xff, 0xfe,
    0xaf, 0xff, 0xff, 0xff, 0xff, 0xff, 0xff, 0xfe,
    0xaf, 0xff, 0xff, 0xff, 0xff, 0xff, 0xff, 0xfe,
    0xaf, 0xf9, 0x0, 0x0, 0x0, 0x0, 0x5f, 0xfe,
    0xaf, 0xf9, 0x0, 0x0, 0x0, 0x0, 0x5f, 0xfe,
    0xaf, 0xf9, 0x0, 0x0, 0x0, 0x0, 0x5f, 0xfe,
    0xaf, 0xf9, 0x0, 0x0, 0x0, 0x0, 0x5f, 0xfe,
    0xaf, 0xf9, 0x0, 0x0, 0x0, 0x0, 0x5f, 0xfe,
    0xaf, 0xf9, 0x0, 0x0, 0x0, 0x0, 0x5f, 0xfe,
    0xaf, 0xf9, 0x0, 0x0, 0x0, 0x0, 0x5f, 0xfe,
    0xaf, 0xf9, 0x0, 0x0, 0x0, 0x0, 0x5f, 0xfe,

    /* U+0049 "I" */
    0xaf, 0xf9, 0xaf, 0xf9, 0xaf, 0xf9, 0xaf, 0xf9,
    0xaf, 0xf9, 0xaf, 0xf9, 0xaf, 0xf9, 0xaf, 0xf9,
    0xaf, 0xf9, 0xaf, 0xf9, 0xaf, 0xf9, 0xaf, 0xf9,
    0xaf, 0xf9, 0xaf, 0xf9, 0xaf, 0xf9, 0xaf, 0xf9,
    0xaf, 0xf9, 0xaf, 0xf9,

    /* U+004A "J" */
    0x0, 0x8f, 0xff, 0xff, 0xff, 0xff, 0x0, 0x8f,
    0xff, 0xff, 0xff, 0xff, 0x0, 0x6d, 0xdd, 0xdd,
    0xdf, 0xff, 0x0, 0x0, 0x0, 0x0, 0x4f, 0xff,
    0x0, 0x0, 0x0, 0x0, 0x4f, 0xff, 0x0, 0x0,
    0x0, 0x0, 0x4f, 0xff, 0x0, 0x0, 0x0, 0x0,
    0x4f, 0xff, 0x0, 0x0, 0x0, 0x0, 0x4f, 0xff,
    0x0, 0x0, 0x0, 0x0, 0x4f, 0xff, 0x0, 0x0,
    0x0, 0x0, 0x4f, 0xff, 0x0, 0x0, 0x0, 0x0,
    0x4f, 0xff, 0x0, 0x0, 0x0, 0x0, 0x4f, 0xff,
    0x0, 0x0, 0x0, 0x0, 0x5f, 0xfe, 0x0, 0x90,
    0x0, 0x0, 0x9f, 0xfc, 0x9, 0xfc, 0x30, 0x4,
    0xff, 0xf8, 0x1f, 0xff, 0xfe, 0xff, 0xff, 0xf2,
    0x4, 0xef, 0xff, 0xff, 0xff, 0x50, 0x0, 0x18,
    0xcf, 0xfd, 0x92, 0x0,

    /* U+004B "K" */
    0xaf, 0xf9, 0x0, 0x0, 0x0, 0x4, 0xff, 0xf7,
    0xa, 0xff, 0x90, 0x0, 0x0, 0x3, 0xff, 0xf8,
    0x0, 0xaf, 0xf9, 0x0, 0x0, 0x2, 0xef, 0xf9,
    0x0, 0xa, 0xff, 0x90, 0x0, 0x2, 0xef, 0xfb,
    0x0, 0x0, 0xaf, 0xf9, 0x0, 0x1, 0xdf, 0xfc,
    0x0, 0x0, 0xa, 0xff, 0x90, 0x1, 0xdf, 0xfc,
    0x0, 0x0, 0x0, 0xaf, 0xf9, 0x0, 0xcf, 0xfd,
    0x10, 0x0, 0x0, 0xa, 0xff, 0x90, 0xbf, 0xff,
    0x20, 0x0, 0x0, 0x0, 0xaf, 0xf9, 0xbf, 0xff,
    0xf0, 0x0, 0x0, 0x0, 0xa, 0xff, 0xff, 0xff,
    0xff, 0xa0, 0x0, 0x0, 0x0, 0xaf, 0xff, 0xff,
    0xef, 0xff, 0x70, 0x0, 0x0, 0xa, 0xff, 0xff,
    0x60, 0xbf, 0xff, 0x40, 0x0, 0x0, 0xaf, 0xff,
    0x60, 0x1, 0xdf, 0xfe, 0x10, 0x0, 0xa, 0xff,
    0xd0, 0x0, 0x2, 0xff, 0xfc, 0x0, 0x0, 0xaf,
    0xf9, 0x0, 0x0, 0x5, 0xff, 0xf9, 0x0, 0xa,
    0xff, 0x90, 0x0, 0x0, 0x7, 0xff, 0xf6, 0x0,
    0xaf, 0xf9, 0x0, 0x0, 0x0, 0xa, 0xff, 0xf3,
    0xa, 0xff, 0x90, 0x0, 0x0, 0x0, 0xd, 0xff,
    0xe1,

    /* U+004C "L" */
    0xaf, 0xf9, 0x0, 0x0, 0x0, 0x0, 0xa, 0xff,
    0x90, 0x0, 0x0, 0x0, 0x0, 0xaf, 0xf9, 0x0,
    0x0, 0x0, 0x0, 0xa, 0xff, 0x90, 0x0, 0x0,
    0x0, 0x0, 0xaf, 0xf9, 0x0, 0x0, 0x0, 0x0,
    0xa, 0xff, 0x90, 0x0, 0x0, 0x0, 0x0, 0xaf,
    0xf9, 0x0, 0x0, 0x0, 0x0, 0xa, 0xff, 0x90,
    0x0, 0x0, 0x0, 0x0, 0xaf, 0xf9, 0x0, 0x0,
    0x0, 0x0, 0xa, 0xff, 0x90, 0x0, 0x0, 0x0,
    0x0, 0xaf, 0xf9, 0x0, 0x0, 0x0, 0x0, 0xa,
    0xff, 0x90, 0x0, 0x0, 0x0, 0x0, 0xaf, 0xf9,
    0x0, 0x0, 0x0, 0x0, 0xa, 0xff, 0x90, 0x0,
    0x0, 0x0, 0x0, 0xaf, 0xf9, 0x0, 0x0, 0x0,
    0x0, 0xa, 0xff, 0xfd, 0xdd, 0xdd, 0xdd, 0xda,
    0xaf, 0xff, 0xff, 0xff, 0xff, 0xff, 0xca, 0xff,
    0xff, 0xff, 0xff, 0xff, 0xfc,

    /* U+004D "M" */
    0xaf, 0xf5, 0x0, 0x0, 0x0, 0x0, 0x0, 0x0,
    0x7f, 0xf7, 0xaf, 0xfd, 0x0, 0x0, 0x0, 0x0,
    0x0, 0x1, 0xff, 0xf7, 0xaf, 0xff, 0x70, 0x0,
    0x0, 0x0, 0x0, 0xa, 0xff, 0xf7, 0xaf, 0xff,
    0xf1, 0x0, 0x0, 0x0, 0x0, 0x3f, 0xff, 0xf7,
    0xaf, 0xff, 0xfa, 0x0, 0x0, 0x0, 0x0, 0xcf,
    0xff, 0xf7, 0xaf, 0xff, 0xff, 0x30, 0x0, 0x0,
    0x5, 0xff, 0xff, 0xf7, 0xaf, 0xfc, 0xff, 0xc0,
    0x0, 0x0, 0xe, 0xff, 0xbf, 0xf7, 0xaf, 0xf7,
    0xbf, 0xf6, 0x0, 0x0, 0x8f, 0xf8, 0x9f, 0xf7,
    0xaf, 0xf7, 0x2f, 0xfe, 0x10, 0x1, 0xff, 0xe0,
    0x9f, 0xf7, 0xaf, 0xf7, 0x9, 0xff, 0x90, 0xa,
    0xff, 0x50, 0x9f, 0xf7, 0xaf, 0xf7, 0x1, 0xef,
    0xf2, 0x3f, 0xfc, 0x0, 0x9f, 0xf7, 0xaf, 0xf7,
    0x0, 0x6f, 0xfb, 0xcf, 0xf3, 0x0, 0x9f, 0xf7,
    0xaf, 0xf7, 0x0, 0xc, 0xff, 0xff, 0xa0, 0x0,
    0x9f, 0xf7, 0xaf, 0xf7, 0x0, 0x3, 0xff, 0xff,
    0x10, 0x0, 0x9f, 0xf7, 0xaf, 0xf7, 0x0, 0x0,
    0xaf, 0xf7, 0x0, 0x0, 0x9f, 0xf7, 0xaf, 0xf7,
    0x0, 0x0, 0x1e, 0xd0, 0x0, 0x0, 0x9f, 0xf7,
    0xaf, 0xf7, 0x0, 0x0, 0x0, 0x0, 0x0, 0x0,
    0x9f, 0xf7, 0xaf, 0xf7, 0x0, 0x0, 0x0, 0x0,
    0x0, 0x0, 0x9f, 0xf7,

    /* U+004E "N" */
    0xaf, 0xf6, 0x0, 0x0, 0x0, 0x0, 0x5f, 0xfe,
    0xaf, 0xff, 0x30, 0x0, 0x0, 0x0, 0x5f, 0xfe,
    0xaf, 0xff, 0xe1, 0x0, 0x0, 0x0, 0x5f, 0xfe,
    0xaf, 0xff, 0xfc, 0x0, 0x0, 0x0, 0x5f, 0xfe,
    0xaf, 0xff, 0xff, 0x90, 0x0, 0x0, 0x5f, 0xfe,
    0xaf, 0xff, 0xff, 0xf5, 0x0, 0x0, 0x5f, 0xfe,
    0xaf, 0xf9, 0xcf, 0xff, 0x20, 0x0, 0x5f, 0xfe,
    0xaf, 0xf9, 0x1e, 0xff, 0xd0, 0x0, 0x5f, 0xfe,
    0xaf, 0xf9, 0x3, 0xff, 0xfb, 0x0, 0x5f, 0xfe,
    0xaf, 0xf9, 0x0, 0x7f, 0xff, 0x70, 0x5f, 0xfe,
    0xaf, 0xf9, 0x0, 0xa, 0xff, 0xf4, 0x5f, 0xfe,
    0xaf, 0xf9, 0x0, 0x0, 0xdf, 0xfe, 0x7f, 0xfe,
    0xaf, 0xf9, 0x0, 0x0, 0x2f, 0xff, 0xff, 0xfe,
    0xaf, 0xf9, 0x0, 0x0, 0x5, 0xff, 0xff, 0xfe,
    0xaf, 0xf9, 0x0, 0x0, 0x0, 0x8f, 0xff, 0xfe,
    0xaf, 0xf9, 0x0, 0x0, 0x0, 0xb, 0xff, 0xfe,
    0xaf, 0xf9, 0x0, 0x0, 0x0, 0x1, 0xef, 0xfe,
    0xaf, 0xf9, 0x0, 0x0, 0x0, 0x0, 0x3f, 0xfe,

    /* U+004F "O" */
    0x0, 0x0, 0x2, 0x8c, 0xef, 0xec, 0x83, 0x0,
    0x0, 0x0, 0x0, 0x1a, 0xff, 0xff, 0xff, 0xff,
    0xfb, 0x10, 0x0, 0x0, 0x3e, 0xff, 0xff, 0xff,
    0xff, 0xff, 0xfe, 0x30, 0x0, 0x1e, 0xff, 0xfb,
    0x40, 0x0, 0x4a, 0xff, 0xfe, 0x20, 0xb, 0xff,
    0xf5, 0x0, 0x0, 0x0, 0x5, 0xff, 0xfb, 0x3,
    0xff, 0xf7, 0x0, 0x0, 0x0, 0x0, 0x6, 0xff,
    0xf4, 0x8f, 0xfd, 0x0, 0x0, 0x0, 0x0, 0x0,
    0xd, 0xff, 0x9c, 0xff, 0x90, 0x0, 0x0, 0x0,
    0x0, 0x0, 0x8f, 0xfc, 0xdf, 0xf6, 0x0, 0x0,
    0x0, 0x0, 0x0, 0x5, 0xff, 0xed, 0xff, 0x60,
    0x0, 0x0, 0x0, 0x0, 0x0, 0x6f, 0xfe, 0xcf,
    0xf9, 0x0, 0x0, 0x0, 0x0, 0x0, 0x8, 0xff,
    0xc8, 0xff, 0xe0, 0x0, 0x0, 0x0, 0x0, 0x0,
    0xdf, 0xf9, 0x3f, 0xff, 0x70, 0x0, 0x0, 0x0,
    0x0, 0x6f, 0xff, 0x40, 0xbf, 0xff, 0x50, 0x0,
    0x0, 0x0, 0x5f, 0xff, 0xc0, 0x1, 0xef, 0xff,
    0xb4, 0x0, 0x4, 0xaf, 0xff, 0xe2, 0x0, 0x3,
    0xef, 0xff, 0xff, 0xff, 0xff, 0xff, 0xe3, 0x0,
    0x0, 0x1, 0xaf, 0xff, 0xff, 0xff, 0xff, 0xb1,
    0x0, 0x0, 0x0, 0x0, 0x38, 0xce, 0xfe, 0xc8,
    0x30, 0x0, 0x0,

    /* U+0050 "P" */
    0xaf, 0xff, 0xff, 0xff, 0xec, 0x83, 0x0, 0xa,
    0xff, 0xff, 0xff, 0xff, 0xff, 0xf9, 0x0, 0xaf,
    0xff, 0xdd, 0xdd, 0xef, 0xff, 0xfa, 0xa, 0xff,
    0x90, 0x0, 0x0, 0x2b, 0xff, 0xf4, 0xaf, 0xf9,
    0x0, 0x0, 0x0, 0xc, 0xff, 0xba, 0xff, 0x90,
    0x0, 0x0, 0x0, 0x6f, 0xfe, 0xaf, 0xf9, 0x0,
    0x0, 0x0, 0x4, 0xff, 0xfa, 0xff, 0x90, 0x0,
    0x0, 0x0, 0x6f, 0xfd, 0xaf, 0xf9, 0x0, 0x0,
    0x0, 0xd, 0xff, 0xaa, 0xff, 0x90, 0x0, 0x1,
    0x5d, 0xff, 0xf3, 0xaf, 0xff, 0xff, 0xff, 0xff,
    0xff, 0xf8, 0xa, 0xff, 0xff, 0xff, 0xff, 0xff,
    0xf7, 0x0, 0xaf, 0xff, 0xdd, 0xdd, 0xca, 0x61,
    0x0, 0xa, 0xff, 0x90, 0x0, 0x0, 0x0, 0x0,
    0x0, 0xaf, 0xf9, 0x0, 0x0, 0x0, 0x0, 0x0,
    0xa, 0xff, 0x90, 0x0, 0x0, 0x0, 0x0, 0x0,
    0xaf, 0xf9, 0x0, 0x0, 0x0, 0x0, 0x0, 0xa,
    0xff, 0x90, 0x0, 0x0, 0x0, 0x0, 0x0,

    /* U+0051 "Q" */
    0x0, 0x0, 0x2, 0x8c, 0xef, 0xec, 0x83, 0x0,
    0x0, 0x0, 0x0, 0x1, 0xaf, 0xff, 0xff, 0xff,
    0xff, 0xb1, 0x0, 0x0, 0x0, 0x3e, 0xff, 0xff,
    0xff, 0xff, 0xff, 0xfe, 0x30, 0x0, 0x1, 0xef,
    0xff, 0xb4, 0x0, 0x4, 0xaf, 0xff, 0xe2, 0x0,
    0xb, 0xff, 0xf5, 0x0, 0x0, 0x0, 0x5, 0xff,
    0xfb, 0x0, 0x3f, 0xff, 0x70, 0x0, 0x0, 0x0,
    0x0, 0x6f, 0xff, 0x40, 0x8f, 0xfd, 0x0, 0x0,
    0x0, 0x0, 0x0, 0xd, 0xff, 0x90, 0xcf, 0xf9,
    0x0, 0x0, 0x0, 0x0, 0x0, 0x8, 0xff, 0xc0,
    0xdf, 0xf6, 0x0, 0x0, 0x0, 0x0, 0x0, 0x5,
    0xff, 0xe0, 0xdf, 0xf6, 0x0, 0x0, 0x0, 0x0,
    0x0, 0x6, 0xff, 0xe0, 0xcf, 0xf9, 0x0, 0x0,
    0x0, 0x0, 0x0, 0x8, 0xff, 0xc0, 0x8f, 0xfe,
    0x0, 0x0, 0x0, 0x0, 0x0, 0xd, 0xff, 0x90,
    0x3f, 0xff, 0x70, 0x0, 0x0, 0x0, 0x0, 0x6f,
    0xff, 0x40, 0xb, 0xff, 0xf5, 0x0, 0x0, 0x0,
    0x5, 0xff, 0xfc, 0x0, 0x1, 0xef, 0xff, 0xb4,
    0x0, 0x4, 0xaf, 0xff, 0xe2, 0x0, 0x0, 0x3e,
    0xff, 0xff, 0xff, 0xff, 0xff, 0xfe, 0x30, 0x0,
    0x0, 0x1, 0xaf, 0xff, 0xff, 0xff, 0xff, 0xb1,
    0x0, 0x0, 0x0, 0x0, 0x3, 0x8c, 0xff, 0xff,
    0xe3, 0x0, 0x0, 0x10, 0x0, 0x0, 0x0, 0x0,
    0x1d, 0xff, 0xf9, 0x20, 0x3a, 0xe1, 0x0, 0x0,
    0x0, 0x0, 0x1, 0xbf, 0xff, 0xff, 0xff, 0xf9,
    0x0, 0x0, 0x0, 0x0, 0x0, 0x7, 0xff, 0xff,
    0xff, 0x90, 0x0, 0x0, 0x0, 0x0, 0x0, 0x0,
    0x15, 0x78, 0x62, 0x0,

    /* U+0052 "R" */
    0xaf, 0xff, 0xff, 0xff, 0xed, 0x93, 0x0, 0x0,
    0xaf, 0xff, 0xff, 0xff, 0xff, 0xff, 0xa0, 0x0,
    0xaf, 0xff, 0xdd, 0xdd, 0xef, 0xff, 0xfb, 0x0,
    0xaf, 0xf9, 0x0, 0x0, 0x2, 0xbf, 0xff, 0x50,
    0xaf, 0xf9, 0x0, 0x0, 0x0, 0xc, 0xff, 0xb0,
    0xaf, 0xf9, 0x0, 0x0, 0x0, 0x6, 0xff, 0xe0,
    0xaf, 0xf9, 0x0, 0x0, 0x0, 0x4, 0xff, 0xf0,
    0xaf, 0xf9, 0x0, 0x0, 0x0, 0x7, 0xff, 0xd0,
    0xaf, 0xf9, 0x0, 0x0, 0x0, 0xd, 0xff, 0xa0,
    0xaf, 0xf9, 0x0, 0x0, 0x15, 0xdf, 0xff, 0x30,
    0xaf, 0xff, 0xff, 0xff, 0xff, 0xff, 0xf8, 0x0,
    0xaf, 0xff, 0xff, 0xff, 0xff, 0xff, 0x60, 0x0,
    0xaf, 0xff, 0xcc, 0xcd, 0xff, 0xf9, 0x0, 0x0,
    0xaf, 0xf9, 0x0, 0x0, 0x4f, 0xff, 0x30, 0x0,
    0xaf, 0xf9, 0x0, 0x0, 0x9, 0xff, 0xd0, 0x0,
    0xaf, 0xf9, 0x0, 0x0, 0x0, 0xdf, 0xf9, 0x0,
    0xaf, 0xf9, 0x0, 0x0, 0x0, 0x3f, 0xff, 0x40,
    0xaf, 0xf9, 0x0, 0x0, 0x0, 0x8, 0xff, 0xe1,

    /* U+0053 "S" */
    0x0, 0x0, 0x5a, 0xde, 0xfe, 0xc8, 0x30, 0x0,
    0x1, 0xcf, 0xff, 0xff, 0xff, 0xff, 0xb0, 0x0,
    0xdf, 0xff, 0xfd, 0xde, 0xff, 0xfc, 0x0, 0x6f,
    0xff, 0x70, 0x0, 0x1, 0x6d, 0x50, 0xa, 0xff,
    0x90, 0x0, 0x0, 0x0, 0x0, 0x0, 0xbf, 0xf8,
    0x0, 0x0, 0x0, 0x0, 0x0, 0x8, 0xff, 0xf4,
    0x0, 0x0, 0x0, 0x0, 0x0, 0x2f, 0xff, 0xfd,
    0x84, 0x0, 0x0, 0x0, 0x0, 0x4e, 0xff, 0xff,
    0xff, 0xc6, 0x0, 0x0, 0x0, 0x6, 0xcf, 0xff,
    0xff, 0xfe, 0x40, 0x0, 0x0, 0x0, 0x15, 0x9e,
    0xff, 0xff, 0x30, 0x0, 0x0, 0x0, 0x0, 0x4,
    0xef, 0xfa, 0x0, 0x0, 0x0, 0x0, 0x0, 0x7,
    0xff, 0xc0, 0x16, 0x0, 0x0, 0x0, 0x0, 0x7f,
    0xfb, 0x8, 0xfd, 0x61, 0x0, 0x0, 0x5f, 0xff,
    0x70, 0xef, 0xff, 0xfe, 0xdd, 0xff, 0xff, 0xe1,
    0x3, 0xdf, 0xff, 0xff, 0xff, 0xff, 0xd2, 0x0,
    0x0, 0x38, 0xce, 0xff, 0xda, 0x50, 0x0,

    /* U+0054 "T" */
    0xef, 0xff, 0xff, 0xff, 0xff, 0xff, 0xff, 0xfe,
    0xff, 0xff, 0xff, 0xff, 0xff, 0xff, 0xff, 0xcd,
    0xdd, 0xdd, 0xff, 0xfd, 0xdd, 0xdd, 0xc0, 0x0,
    0x0, 0x1f, 0xff, 0x20, 0x0, 0x0, 0x0, 0x0,
    0x1, 0xff, 0xf2, 0x0, 0x0, 0x0, 0x0, 0x0,
    0x1f, 0xff, 0x20, 0x0, 0x0, 0x0, 0x0, 0x1,
    0xff, 0xf2, 0x0, 0x0, 0x0, 0x0, 0x0, 0x1f,
    0xff, 0x20, 0x0, 0x0, 0x0, 0x0, 0x1, 0xff,
    0xf2, 0x0, 0x0, 0x0, 0x0, 0x0, 0x1f, 0xff,
    0x20, 0x0, 0x0, 0x0, 0x0, 0x1, 0xff, 0xf2,
    0x0, 0x0, 0x0, 0x0, 0x0, 0x1f, 0xff, 0x20,
    0x0, 0x0, 0x0, 0x0, 0x1, 0xff, 0xf2, 0x0,
    0x0, 0x0, 0x0, 0x0, 0x1f, 0xff, 0x20, 0x0,
    0x0, 0x0, 0x0, 0x1, 0xff, 0xf2, 0x0, 0x0,
    0x0, 0x0, 0x0, 0x1f, 0xff, 0x20, 0x0, 0x0,
    0x0, 0x0, 0x1, 0xff, 0xf2, 0x0, 0x0, 0x0,
    0x0, 0x0, 0x1f, 0xff, 0x20, 0x0, 0x0,

    /* U+0055 "U" */
    0xcf, 0xf7, 0x0, 0x0, 0x0, 0x0, 0xaf, 0xf8,
    0xcf, 0xf7, 0x0, 0x0, 0x0, 0x0, 0xaf, 0xf8,
    0xcf, 0xf7, 0x0, 0x0, 0x0, 0x0, 0xaf, 0xf8,
    0xcf, 0xf7, 0x0, 0x0, 0x0, 0x0, 0xaf, 0xf8,
    0xcf, 0xf7, 0x0, 0x0, 0x0, 0x0, 0xaf, 0xf8,
    0xcf, 0xf7, 0x0, 0x0, 0x0, 0x0, 0xaf, 0xf8,
    0xcf, 0xf7, 0x0, 0x0, 0x0, 0x0, 0xaf, 0xf8,
    0xcf, 0xf7, 0x0, 0x0, 0x0, 0x0, 0xaf, 0xf8,
    0xcf, 0xf7, 0x0, 0x0, 0x0, 0x0, 0xaf, 0xf8,
    0xcf, 0xf7, 0x0, 0x0, 0x0, 0x0, 0xaf, 0xf8,
    0xcf, 0xf7, 0x0, 0x0, 0x0, 0x0, 0xbf, 0xf7,
    0xbf, 0xf9, 0x0, 0x0, 0x0, 0x0, 0xdf, 0xf6,
    0x8f, 0xfd, 0x0, 0x0, 0x0, 0x1, 0xff, 0xf3,
    0x3f, 0xff, 0x60, 0x0, 0x0, 0xa, 0xff, 0xe0,
    0xc, 0xff, 0xf8, 0x20, 0x3, 0xaf, 0xff, 0x80,
    0x2, 0xff, 0xff, 0xff, 0xff, 0xff, 0xfc, 0x0,
    0x0, 0x3e, 0xff, 0xff, 0xff, 0xff, 0xb1, 0x0,
    0x0, 0x0, 0x6b, 0xef, 0xfd, 0xa4, 0x0, 0x0,

    /* U+0056 "V" */
    0xe, 0xff, 0x90, 0x0, 0x0, 0x0, 0x0, 0x2,
    0xff, 0xf2, 0x7, 0xff, 0xf1, 0x0, 0x0, 0x0,
    0x0, 0x8, 0xff, 0xb0, 0x1, 0xff, 0xf7, 0x0,
    0x0, 0x0, 0x0, 0xe, 0xff, 0x40, 0x0, 0xaf,
    0xfd, 0x0, 0x0, 0x0, 0x0, 0x6f, 0xfd, 0x0,
    0x0, 0x3f, 0xff, 0x40, 0x0, 0x0, 0x0, 0xcf,
    0xf6, 0x0, 0x0, 0xc, 0xff, 0xb0, 0x0, 0x0,
    0x3, 0xff, 0xf0, 0x0, 0x0, 0x5, 0xff, 0xf2,
    0x0, 0x0, 0xa, 0xff, 0x90, 0x0, 0x0, 0x0,
    0xef, 0xf8, 0x0, 0x0, 0x1f, 0xff, 0x20, 0x0,
    0x0, 0x0, 0x8f, 0xfe, 0x0, 0x0, 0x8f, 0xfb,
    0x0, 0x0, 0x0, 0x0, 0x1f, 0xff, 0x60, 0x0,
    0xef, 0xf5, 0x0, 0x0, 0x0, 0x0, 0xa, 0xff,
    0xc0, 0x5, 0xff, 0xe0, 0x0, 0x0, 0x0, 0x0,
    0x3, 0xff, 0xf3, 0xc, 0xff, 0x70, 0x0, 0x0,
    0x0, 0x0, 0x0, 0xcf, 0xfa, 0x3f, 0xff, 0x10,
    0x0, 0x0, 0x0, 0x0, 0x0, 0x6f, 0xff, 0xbf,
    0xf9, 0x0, 0x0, 0x0, 0x0, 0x0, 0x0, 0xe,
    0xff, 0xff, 0xf3, 0x0, 0x0, 0x0, 0x0, 0x0,
    0x0, 0x8, 0xff, 0xff, 0xc0, 0x0, 0x0, 0x0,
    0x0, 0x0, 0x0, 0x1, 0xff, 0xff, 0x50, 0x0,
    0x0, 0x0, 0x0, 0x0, 0x0, 0x0, 0xaf, 0xfe,
    0x0, 0x0, 0x0, 0x0,

    /* U+0057 "W" */
    0x2f, 0xff, 0x30, 0x0, 0x0, 0x0, 0x3f, 0xff,
    0x10, 0x0, 0x0, 0x0, 0x5f, 0xfc, 0xd, 0xff,
    0x80, 0x0, 0x0, 0x0, 0x9f, 0xff, 0x60, 0x0,
    0x0, 0x0, 0xaf, 0xf7, 0x8, 0xff, 0xd0, 0x0,
    0x0, 0x0, 0xef, 0xff, 0xb0, 0x0, 0x0, 0x0,
    0xff, 0xf1, 0x3, 0xff, 0xf2, 0x0, 0x0, 0x3,
    0xff, 0xff, 0xf1, 0x0, 0x0, 0x5, 0xff, 0xc0,
    0x0, 0xef, 0xf7, 0x0, 0x0, 0x9, 0xff, 0xff,
    0xf5, 0x0, 0x0, 0xa, 0xff, 0x70, 0x0, 0x8f,
    0xfc, 0x0, 0x0, 0xe, 0xff, 0x7f, 0xfb, 0x0,
    0x0, 0xf, 0xff, 0x20, 0x0, 0x3f, 0xff, 0x10,
    0x0, 0x3f, 0xfb, 0x1f, 0xff, 0x0, 0x0, 0x4f,
    0xfd, 0x0, 0x0, 0xe, 0xff, 0x60, 0x0, 0x8f,
    0xf6, 0xb, 0xff, 0x50, 0x0, 0x9f, 0xf8, 0x0,
    0x0, 0x9, 0xff, 0xb0, 0x0, 0xef, 0xf1, 0x6,
    0xff, 0xa0, 0x0, 0xef, 0xf2, 0x0, 0x0, 0x4,
    0xff, 0xf1, 0x3, 0xff, 0xc0, 0x1, 0xff, 0xf0,
    0x4, 0xff, 0xd0, 0x0, 0x0, 0x0, 0xef, 0xf6,
    0x8, 0xff, 0x60, 0x0, 0xcf, 0xf4, 0x9, 0xff,
    0x80, 0x0, 0x0, 0x0, 0xaf, 0xfb, 0xd, 0xff,
    0x10, 0x0, 0x7f, 0xf9, 0xe, 0xff, 0x30, 0x0,
    0x0, 0x0, 0x4f, 0xff, 0x4f, 0xfc, 0x0, 0x0,
    0x1f, 0xfe, 0x4f, 0xfe, 0x0, 0x0, 0x0, 0x0,
    0xf, 0xff, 0xdf, 0xf6, 0x0, 0x0, 0xc, 0xff,
    0xdf, 0xf9, 0x0, 0x0, 0x0, 0x0, 0xa, 0xff,
    0xff, 0xf1, 0x0, 0x0, 0x7, 0xff, 0xff, 0xf4,
    0x0, 0x0, 0x0, 0x0, 0x5, 0xff, 0xff, 0xc0,
    0x0, 0x0, 0x2, 0xff, 0xff, 0xe0, 0x0, 0x0,
    0x0, 0x0, 0x0, 0xff, 0xff, 0x70, 0x0, 0x0,
    0x0, 0xdf, 0xff, 0x90, 0x0, 0x0, 0x0, 0x0,
    0x0, 0xbf, 0xff, 0x10, 0x0, 0x0, 0x0, 0x7f,
    0xff, 0x40, 0x0, 0x0,

    /* U+0058 "X" */
    0x2f, 0xff, 0x90, 0x0, 0x0, 0x0, 0x3f, 0xff,
    0x50, 0x6, 0xff, 0xf4, 0x0, 0x0, 0x0, 0xdf,
    0xf9, 0x0, 0x0, 0xaf, 0xfe, 0x10, 0x0, 0x9,
    0xff, 0xd0, 0x0, 0x0, 0x1e, 0xff, 0xb0, 0x0,
    0x4f, 0xff, 0x30, 0x0, 0x0, 0x4, 0xff, 0xf6,
    0x1, 0xef, 0xf8, 0x0, 0x0, 0x0, 0x0, 0x9f,
    0xff, 0x2a, 0xff, 0xc0, 0x0, 0x0, 0x0, 0x0,
    0xd, 0xff, 0xff, 0xff, 0x20, 0x0, 0x0, 0x0,
    0x0, 0x3, 0xff, 0xff, 0xf6, 0x0, 0x0, 0x0,
    0x0, 0x0, 0x0, 0xaf, 0xff, 0xf0, 0x0, 0x0,
    0x0, 0x0, 0x0, 0x0, 0xcf, 0xff, 0xf2, 0x0,
    0x0, 0x0, 0x0, 0x0, 0x7, 0xff, 0xff, 0xfc,
    0x0, 0x0, 0x0, 0x0, 0x0, 0x3f, 0xff, 0x8f,
    0xff, 0x80, 0x0, 0x0, 0x0, 0x0, 0xdf, 0xfa,
    0x7, 0xff, 0xf4, 0x0, 0x0, 0x0, 0x9, 0xff,
    0xe1, 0x0, 0xbf, 0xfe, 0x10, 0x0, 0x0, 0x5f,
    0xff, 0x50, 0x0, 0x1f, 0xff, 0xa0, 0x0, 0x1,
    0xef, 0xfa, 0x0, 0x0, 0x5, 0xff, 0xf5, 0x0,
    0xb, 0xff, 0xe0, 0x0, 0x0, 0x0, 0xaf, 0xff,
    0x10, 0x6f, 0xff, 0x40, 0x0, 0x0, 0x0, 0x1e,
    0xff, 0xc0,

    /* U+0059 "Y" */
    0xe, 0xff, 0x80, 0x0, 0x0, 0x0, 0x0, 0xbf,
    0xf7, 0x5, 0xff, 0xf2, 0x0, 0x0, 0x0, 0x5,
    0xff, 0xd0, 0x0, 0xcf, 0xfb, 0x0, 0x0, 0x0,
    0xe, 0xff, 0x40, 0x0, 0x2f, 0xff, 0x40, 0x0,
    0x0, 0x8f, 0xfb, 0x0, 0x0, 0x9, 0xff, 0xd0,
    0x0, 0x2, 0xff, 0xf2, 0x0, 0x0, 0x1, 0xef,
    0xf7, 0x0, 0xb, 0xff, 0x80, 0x0, 0x0, 0x0,
    0x6f, 0xff, 0x10, 0x4f, 0xfe, 0x0, 0x0, 0x0,
    0x0, 0xc, 0xff, 0xa0, 0xdf, 0xf5, 0x0, 0x0,
    0x0, 0x0, 0x3, 0xff, 0xfa, 0xff, 0xc0, 0x0,
    0x0, 0x0, 0x0, 0x0, 0xaf, 0xff, 0xff, 0x20,
    0x0, 0x0, 0x0, 0x0, 0x0, 0x1f, 0xff, 0xf9,
    0x0, 0x0, 0x0, 0x0, 0x0, 0x0, 0xa, 0xff,
    0xf1, 0x0, 0x0, 0x0, 0x0, 0x0, 0x0, 0x5,
    0xff, 0xf0, 0x0, 0x0, 0x0, 0x0, 0x0, 0x0,
    0x5, 0xff, 0xe0, 0x0, 0x0, 0x0, 0x0, 0x0,
    0x0, 0x5, 0xff, 0xe0, 0x0, 0x0, 0x0, 0x0,
    0x0, 0x0, 0x5, 0xff, 0xe0, 0x0, 0x0, 0x0,
    0x0, 0x0, 0x0, 0x5, 0xff, 0xe0, 0x0, 0x0,
    0x0, 0x0, 0x0, 0x0, 0x5, 0xff, 0xe0, 0x0,
    0x0, 0x0,

    /* U+005A "Z" */
    0xcf, 0xff, 0xff, 0xff, 0xff, 0xff, 0xff, 0xac,
    0xff, 0xff, 0xff, 0xff, 0xff, 0xff, 0xfa, 0xad,
    0xdd, 0xdd, 0xdd, 0xdd, 0xff, 0xff, 0x60, 0x0,
    0x0, 0x0, 0x0, 0x3f, 0xff, 0xa0, 0x0, 0x0,
    0x0, 0x0, 0x1e, 0xff, 0xc0, 0x0, 0x0, 0x0,
    0x0, 0xc, 0xff, 0xe1, 0x0, 0x0, 0x0, 0x0,
    0x9, 0xff, 0xf4, 0x0, 0x0, 0x0, 0x0, 0x6,
    0xff, 0xf7, 0x0, 0x0, 0x0, 0x0, 0x3, 0xff,
    0xfa, 0x0, 0x0, 0x0, 0x0, 0x1, 0xef, 0xfc,
    0x0, 0x0, 0x0, 0x0, 0x0, 0xcf, 0xfe, 0x20,
    0x0, 0x0, 0x0, 0x0, 0x9f, 0xff, 0x40, 0x0,
    0x0, 0x0, 0x0, 0x6f, 0xff, 0x70, 0x0, 0x0,
    0x0, 0x0, 0x3f, 0xff, 0xa0, 0x0, 0x0, 0x0,
    0x0, 0x1e, 0xff, 0xd0, 0x0, 0x0, 0x0, 0x0,
    0xc, 0xff, 0xff, 0xdd, 0xdd, 0xdd, 0xdd, 0xdd,
    0xff, 0xff, 0xff, 0xff, 0xff, 0xff, 0xff, 0xff,
    0xff, 0xff, 0xff, 0xff, 0xff, 0xff, 0xff,

    /* U+005B "[" */
    0xaf, 0xff, 0xff, 0x5a, 0xff, 0xff, 0xf5, 0xaf,
    0xfc, 0x99, 0x3a, 0xff, 0x70, 0x0, 0xaf, 0xf7,
    0x0, 0xa, 0xff, 0x70, 0x0, 0xaf, 0xf7, 0x0,
    0xa, 0xff, 0x70, 0x0, 0xaf, 0xf7, 0x0, 0xa,
    0xff, 0x70, 0x0, 0xaf, 0xf7, 0x0, 0xa, 0xff,
    0x70, 0x0, 0xaf, 0xf7, 0x0, 0xa, 0xff, 0x70,
    0x0, 0xaf, 0xf7, 0x0, 0xa, 0xff, 0x70, 0x0,
    0xaf, 0xf7, 0x0, 0xa, 0xff, 0x70, 0x0, 0xaf,
    0xf7, 0x0, 0xa, 0xff, 0x70, 0x0, 0xaf, 0xf7,
    0x0, 0xa, 0xff, 0xc9, 0x93, 0xaf, 0xff, 0xff,
    0x5a, 0xff, 0xff, 0xf5,

    /* U+005C "\\" */
    0x78, 0x70, 0x0, 0x0, 0x0, 0x0, 0xaf, 0xf2,
    0x0, 0x0, 0x0, 0x0, 0x5f, 0xf7, 0x0, 0x0,
    0x0, 0x0, 0xf, 0xfc, 0x0, 0x0, 0x0, 0x0,
    0xa, 0xff, 0x20, 0x0, 0x0, 0x0, 0x5, 0xff,
    0x70, 0x0, 0x0, 0x0, 0x0, 0xff, 0xd0, 0x0,
    0x0, 0x0, 0x0, 0xaf, 0xf2, 0x0, 0x0, 0x0,
    0x0, 0x4f, 0xf7, 0x0, 0x0, 0x0, 0x0, 0xf,
    0xfd, 0x0, 0x0, 0x0, 0x0, 0xa, 0xff, 0x20,
    0x0, 0x0, 0x0, 0x4, 0xff, 0x80, 0x0, 0x0,
    0x0, 0x0, 0xef, 0xd0, 0x0, 0x0, 0x0, 0x0,
    0xaf, 0xf2, 0x0, 0x0, 0x0, 0x0, 0x4f, 0xf8,
    0x0, 0x0, 0x0, 0x0, 0xe, 0xfd, 0x0, 0x0,
    0x0, 0x0, 0x9, 0xff, 0x20, 0x0, 0x0, 0x0,
    0x4, 0xff, 0x80, 0x0, 0x0, 0x0, 0x0, 0xef,
    0xd0, 0x0, 0x0, 0x0, 0x0, 0x9f, 0xf3, 0x0,
    0x0, 0x0, 0x0, 0x4f, 0xf8, 0x0, 0x0, 0x0,
    0x0, 0xe, 0xfd, 0x0, 0x0, 0x0, 0x0, 0x9,
    0xff, 0x30, 0x0, 0x0, 0x0, 0x4, 0xff, 0x80,
    0x0, 0x0, 0x0, 0x0, 0xef, 0xd0,

    /* U+005D "]" */
    0x9f, 0xff, 0xff, 0x69, 0xff, 0xff, 0xf6, 0x59,
    0x9e, 0xff, 0x60, 0x0, 0xcf, 0xf6, 0x0, 0xc,
    0xff, 0x60, 0x0, 0xcf, 0xf6, 0x0, 0xc, 0xff,
    0x60, 0x0, 0xcf, 0xf6, 0x0, 0xc, 0xff, 0x60,
    0x0, 0xcf, 0xf6, 0x0, 0xc, 0xff, 0x60, 0x0,
    0xcf, 0xf6, 0x0, 0xc, 0xff, 0x60, 0x0, 0xcf,
    0xf6, 0x0, 0xc, 0xff, 0x60, 0x0, 0xcf, 0xf6,
    0x0, 0xc, 0xff, 0x60, 0x0, 0xcf, 0xf6, 0x0,
    0xc, 0xff, 0x60, 0x0, 0xcf, 0xf6, 0x0, 0xc,
    0xff, 0x65, 0x99, 0xef, 0xf6, 0x9f, 0xff, 0xff,
    0x69, 0xff, 0xff, 0xf6,

    /* U+005E "^" */
    0x0, 0x0, 0x1f, 0xfd, 0x0, 0x0, 0x0, 0x0,
    0x7, 0xff, 0xf4, 0x0, 0x0, 0x0, 0x0, 0xef,
    0xff, 0xa0, 0x0, 0x0, 0x0, 0x4f, 0xf6, 0xff,
    0x10, 0x0, 0x0, 0xb, 0xfa, 0xe, 0xf7, 0x0,
    0x0, 0x1, 0xff, 0x40, 0x8f, 0xe0, 0x0, 0x0,
    0x8f, 0xd0, 0x1, 0xff, 0x40, 0x0, 0xe, 0xf7,
    0x0, 0xb, 0xfb, 0x0, 0x5, 0xff, 0x10, 0x0,
    0x5f, 0xf1, 0x0, 0xbf, 0xa0, 0x0, 0x0, 0xef,
    0x80, 0x2f, 0xf4, 0x0, 0x0, 0x8, 0xfe, 0x0,

    /* U+005F "_" */
    0xff, 0xff, 0xff, 0xff, 0xff, 0xff, 0x7f, 0xff,
    0xff, 0xff, 0xff, 0xff, 0xf8,

    /* U+0060 "`" */
    0x17, 0x88, 0x30, 0x0, 0x4, 0xef, 0xf3, 0x0,
    0x0, 0x2d, 0xff, 0x30, 0x0, 0x0, 0xaf, 0xe2,

    /* U+0061 "a" */
    0x0, 0x5a, 0xdf, 0xfe, 0xa4, 0x0, 0x3, 0xdf,
    0xff, 0xff, 0xff, 0xf9, 0x0, 0x1f, 0xff, 0xdb,
    0xcf, 0xff, 0xf6, 0x0, 0x88, 0x10, 0x0, 0x1c,
    0xff, 0xd0, 0x0, 0x0, 0x0, 0x0, 0x2f, 0xff,
    0x10, 0x0, 0x1, 0x22, 0x22, 0xff, 0xf3, 0x1,
    0x9e, 0xff, 0xff, 0xff, 0xff, 0x32, 0xef, 0xff,
    0xff, 0xff, 0xff, 0xf3, 0xaf, 0xfc, 0x20, 0x0,
    0xe, 0xff, 0x3d, 0xff, 0x40, 0x0, 0x0, 0xff,
    0xf3, 0xdf, 0xf5, 0x0, 0x0, 0x6f, 0xff, 0x38,
    0xff, 0xe6, 0x34, 0x9f, 0xff, 0xf3, 0xc, 0xff,
    0xff, 0xff, 0xed, 0xff, 0x30, 0x7, 0xcf, 0xfd,
    0x81, 0xbf, 0xf3,

    /* U+0062 "b" */
    0x66, 0x61, 0x0, 0x0, 0x0, 0x0, 0x0, 0xf,
    0xff, 0x20, 0x0, 0x0, 0x0, 0x0, 0x0, 0xff,
    0xf2, 0x0, 0x0, 0x0, 0x0, 0x0, 0xf, 0xff,
    0x20, 0x0, 0x0, 0x0, 0x0, 0x0, 0xff, 0xf2,
    0x0, 0x0, 0x0, 0x0, 0x0, 0xf, 0xff, 0x20,
    0x0, 0x0, 0x0, 0x0, 0x0, 0xff, 0xf2, 0x3a,
    0xef, 0xeb, 0x40, 0x0, 0xf, 0xff, 0x9f, 0xff,
    0xff, 0xff, 0xa0, 0x0, 0xff, 0xff, 0xff, 0xdc,
    0xff, 0xff, 0xb0, 0xf, 0xff, 0xfb, 0x10, 0x0,
    0x9f, 0xff, 0x60, 0xff, 0xfe, 0x0, 0x0, 0x0,
    0xaf, 0xfc, 0xf, 0xff, 0x60, 0x0, 0x0, 0x3,
    0xff, 0xf0, 0xff, 0xf2, 0x0, 0x0, 0x0, 0xf,
    0xff, 0x2f, 0xff, 0x20, 0x0, 0x0, 0x0, 0xff,
    0xf2, 0xff, 0xf5, 0x0, 0x0, 0x0, 0x3f, 0xff,
    0xf, 0xff, 0xc0, 0x0, 0x0, 0xa, 0xff, 0xc0,
    0xff, 0xff, 0xb1, 0x0, 0x19, 0xff, 0xf6, 0xf,
    0xff, 0xff, 0xfd, 0xdf, 0xff, 0xfb, 0x0, 0xff,
    0xf7, 0xff, 0xff, 0xff, 0xfa, 0x0, 0xf, 0xff,
    0x3, 0xae, 0xfe, 0xb4, 0x0, 0x0,

    /* U+0063 "c" */
    0x0, 0x0, 0x28, 0xce, 0xfd, 0x93, 0x0, 0x0,
    0x6, 0xff, 0xff, 0xff, 0xff, 0x80, 0x0, 0x7f,
    0xff, 0xfd, 0xcf, 0xff, 0xf6, 0x2, 0xff, 0xfb,
    0x10, 0x0, 0x9f, 0xe6, 0x9, 0xff, 0xc0, 0x0,
    0x0, 0x6, 0x10, 0xd, 0xff, 0x50, 0x0, 0x0,
    0x0, 0x0, 0xf, 0xff, 0x20, 0x0, 0x0, 0x0,
    0x0, 0xf, 0xff, 0x20, 0x0, 0x0, 0x0, 0x0,
    0xd, 0xff, 0x50, 0x0, 0x0, 0x0, 0x0, 0x9,
    0xff, 0xc0, 0x0, 0x0, 0x6, 0x10, 0x2, 0xff,
    0xfb, 0x20, 0x1, 0x9f, 0xf6, 0x0, 0x6f, 0xff,
    0xfd, 0xdf, 0xff, 0xf5, 0x0, 0x6, 0xff, 0xff,
    0xff, 0xff, 0x70, 0x0, 0x0, 0x18, 0xce, 0xfd,
    0x93, 0x0,

    /* U+0064 "d" */
    0x0, 0x0, 0x0, 0x0, 0x0, 0x0, 0x66, 0x60,
    0x0, 0x0, 0x0, 0x0, 0x0, 0x0, 0xff, 0xf1,
    0x0, 0x0, 0x0, 0x0, 0x0, 0x0, 0xff, 0xf1,
    0x0, 0x0, 0x0, 0x0, 0x0, 0x0, 0xff, 0xf1,
    0x0, 0x0, 0x0, 0x0, 0x0, 0x0, 0xff, 0xf1,
    0x0, 0x0, 0x0, 0x0, 0x0, 0x0, 0xff, 0xf1,
    0x0, 0x0, 0x3a, 0xdf, 0xeb, 0x40, 0xff, 0xf1,
    0x0, 0x9, 0xff, 0xff, 0xff, 0xf9, 0xff, 0xf1,
    0x0, 0x9f, 0xff, 0xfd, 0xcf, 0xff, 0xff, 0xf1,
    0x3, 0xff, 0xfb, 0x10, 0x1, 0x9f, 0xff, 0xf1,
    0xa, 0xff, 0xc0, 0x0, 0x0, 0xa, 0xff, 0xf1,
    0xe, 0xff, 0x50, 0x0, 0x0, 0x3, 0xff, 0xf1,
    0xf, 0xff, 0x20, 0x0, 0x0, 0x0, 0xff, 0xf1,
    0xf, 0xff, 0x20, 0x0, 0x0, 0x0, 0xff, 0xf1,
    0xe, 0xff, 0x50, 0x0, 0x0, 0x3, 0xff, 0xf1,
    0xa, 0xff, 0xc0, 0x0, 0x0, 0xb, 0xff, 0xf1,
    0x3, 0xff, 0xfb, 0x10, 0x1, 0x9f, 0xff, 0xf1,
    0x0, 0x8f, 0xff, 0xfd, 0xdf, 0xff, 0xff, 0xf1,
    0x0, 0x8, 0xff, 0xff, 0xff, 0xf9, 0xef, 0xf1,
    0x0, 0x0, 0x3a, 0xdf, 0xeb, 0x50, 0xef, 0xf1,

    /* U+0065 "e" */
    0x0, 0x0, 0x39, 0xdf, 0xec, 0x71, 0x0, 0x0,
    0x0, 0x8f, 0xff, 0xff, 0xff, 0xe3, 0x0, 0x0,
    0x8f, 0xff, 0xda, 0xae, 0xff, 0xf2, 0x0, 0x3f,
    0xff, 0x50, 0x0, 0xa, 0xff, 0xc0, 0x9, 0xff,
    0x80, 0x0, 0x0, 0xd, 0xff, 0x20, 0xef, 0xf4,
    0x22, 0x22, 0x22, 0x9f, 0xf6, 0xf, 0xff, 0xff,
    0xff, 0xff, 0xff, 0xff, 0x80, 0xff, 0xff, 0xff,
    0xff, 0xff, 0xff, 0xf9, 0xd, 0xff, 0x30, 0x0,
    0x0, 0x0, 0x0, 0x0, 0x9f, 0xfb, 0x0, 0x0,
    0x0, 0x0, 0x0, 0x2, 0xff, 0xfa, 0x20, 0x0,
    0x2c, 0xa0, 0x0, 0x7, 0xff, 0xff, 0xdc, 0xdf,
    0xff, 0x60, 0x0, 0x6, 0xff, 0xff, 0xff, 0xff,
    0xc1, 0x0, 0x0, 0x1, 0x7c, 0xef, 0xeb, 0x50,
    0x0,

    /* U+0066 "f" */
    0x0, 0x0, 0x5, 0x89, 0x72, 0x0, 0x0, 0x2d,
    0xff, 0xff, 0xe0, 0x0, 0xd, 0xff, 0xff, 0xf9,
    0x0, 0x4, 0xff, 0xf4, 0x3, 0x20, 0x0, 0x7f,
    0xf9, 0x0, 0x0, 0x0, 0x8, 0xff, 0x80, 0x0,
    0x0, 0xbf, 0xff, 0xff, 0xff, 0xf2, 0xb, 0xff,
    0xff, 0xff, 0xff, 0x20, 0x69, 0xff, 0xff, 0x99,
    0x91, 0x0, 0x8, 0xff, 0x90, 0x0, 0x0, 0x0,
    0x8f, 0xf9, 0x0, 0x0, 0x0, 0x8, 0xff, 0x90,
    0x0, 0x0, 0x0, 0x8f, 0xf9, 0x0, 0x0, 0x0,
    0x8, 0xff, 0x90, 0x0, 0x0, 0x0, 0x8f, 0xf9,
    0x0, 0x0, 0x0, 0x8, 0xff, 0x90, 0x0, 0x0,
    0x0, 0x8f, 0xf9, 0x0, 0x0, 0x0, 0x8, 0xff,
    0x90, 0x0, 0x0, 0x0, 0x8f, 0xf9, 0x0, 0x0,
    0x0, 0x8, 0xff, 0x90, 0x0, 0x0,

    /* U+0067 "g" */
    0x0, 0x0, 0x4a, 0xdf, 0xeb, 0x60, 0xaf, 0xf4,
    0x0, 0xa, 0xff, 0xff, 0xff, 0xfc, 0xbf, 0xf4,
    0x0, 0xbf, 0xff, 0xea, 0xac, 0xff, 0xff, 0xf4,
    0x5, 0xff, 0xf7, 0x0, 0x0, 0x3e, 0xff, 0xf4,
    0xb, 0xff, 0x90, 0x0, 0x0, 0x4, 0xff, 0xf4,
    0xe, 0xff, 0x30, 0x0, 0x0, 0x0, 0xff, 0xf4,
    0xf, 0xff, 0x10, 0x0, 0x0, 0x0, 0xff, 0xf4,
    0xe, 0xff, 0x40, 0x0, 0x0, 0x0, 0xff, 0xf4,
    0xb, 0xff, 0xb0, 0x0, 0x0, 0x6, 0xff, 0xf4,
    0x5, 0xff, 0xfa, 0x10, 0x0, 0x6f, 0xff, 0xf4,
    0x0, 0xbf, 0xff, 0xfd, 0xce, 0xff, 0xff, 0xf4,
    0x0, 0xa, 0xff, 0xff, 0xff, 0xfc, 0xef, 0xf4,
    0x0, 0x0, 0x4a, 0xdf, 0xec, 0x60, 0xdf, 0xf3,
    0x0, 0x0, 0x0, 0x0, 0x0, 0x0, 0xff, 0xf2,
    0x0, 0x12, 0x0, 0x0, 0x0, 0x6, 0xff, 0xe0,
    0x0, 0x8f, 0x82, 0x0, 0x0, 0x5f, 0xff, 0x90,
    0x2, 0xff, 0xff, 0xec, 0xce, 0xff, 0xfe, 0x10,
    0x1, 0xaf, 0xff, 0xff, 0xff, 0xff, 0xd3, 0x0,
    0x0, 0x2, 0x7b, 0xef, 0xfe, 0xb6, 0x0, 0x0,

    /* U+0068 "h" */
    0x33, 0x30, 0x0, 0x0, 0x0, 0x0, 0x0, 0xff,
    0xf2, 0x0, 0x0, 0x0, 0x0, 0x0, 0xff, 0xf2,
    0x0, 0x0, 0x0, 0x0, 0x0, 0xff, 0xf2, 0x0,
    0x0, 0x0, 0x0, 0x0, 0xff, 0xf2, 0x0, 0x0,
    0x0, 0x0, 0x0, 0xff, 0xf2, 0x0, 0x0, 0x0,
    0x0, 0x0, 0xff, 0xf2, 0x3a, 0xef, 0xeb, 0x40,
    0x0, 0xff, 0xfa, 0xff, 0xff, 0xff, 0xf8, 0x0,
    0xff, 0xff, 0xff, 0xee, 0xff, 0xff, 0x50, 0xff,
    0xff, 0xa1, 0x0, 0x3e, 0xff, 0xc0, 0xff, 0xfc,
    0x0, 0x0, 0x5, 0xff, 0xf0, 0xff, 0xf5, 0x0,
    0x0, 0x0, 0xff, 0xf2, 0xff, 0xf3, 0x0, 0x0,
    0x0, 0xff, 0xf3, 0xff, 0xf2, 0x0, 0x0, 0x0,
    0xef, 0xf3, 0xff, 0xf2, 0x0, 0x0, 0x0, 0xef,
    0xf3, 0xff, 0xf2, 0x0, 0x0, 0x0, 0xef, 0xf3,
    0xff, 0xf2, 0x0, 0x0, 0x0, 0xef, 0xf3, 0xff,
    0xf2, 0x0, 0x0, 0x0, 0xef, 0xf3, 0xff, 0xf2,
    0x0, 0x0, 0x0, 0xef, 0xf3, 0xff, 0xf2, 0x0,
    0x0, 0x0, 0xef, 0xf3,

    /* U+0069 "i" */
    0x9, 0xfc, 0x14, 0xff, 0xf8, 0x3f, 0xff, 0x70,
    0x8d, 0xa0, 0x0, 0x0, 0x0, 0x0, 0x0, 0xf,
    0xff, 0x20, 0xff, 0xf2, 0xf, 0xff, 0x20, 0xff,
    0xf2, 0xf, 0xff, 0x20, 0xff, 0xf2, 0xf, 0xff,
    0x20, 0xff, 0xf2, 0xf, 0xff, 0x20, 0xff, 0xf2,
    0xf, 0xff, 0x20, 0xff, 0xf2, 0xf, 0xff, 0x20,
    0xff, 0xf2,

    /* U+006A "j" */
    0x0, 0x0, 0x8, 0xfd, 0x20, 0x0, 0x2, 0xff,
    0xfa, 0x0, 0x0, 0x2f, 0xff, 0x90, 0x0, 0x0,
    0x6d, 0xb1, 0x0, 0x0, 0x0, 0x0, 0x0, 0x0,
    0x0, 0x0, 0x0, 0x0, 0x0, 0xc, 0xff, 0x50,
    0x0, 0x0, 0xcf, 0xf5, 0x0, 0x0, 0xc, 0xff,
    0x50, 0x0, 0x0, 0xcf, 0xf5, 0x0, 0x0, 0xc,
    0xff, 0x50, 0x0, 0x0, 0xcf, 0xf5, 0x0, 0x0,
    0xc, 0xff, 0x50, 0x0, 0x0, 0xcf, 0xf5, 0x0,
    0x0, 0xc, 0xff, 0x50, 0x0, 0x0, 0xcf, 0xf5,
    0x0, 0x0, 0xc, 0xff, 0x50, 0x0, 0x0, 0xcf,
    0xf5, 0x0, 0x0, 0xc, 0xff, 0x50, 0x0, 0x0,
    0xcf, 0xf5, 0x0, 0x0, 0xd, 0xff, 0x40, 0x0,
    0x2, 0xff, 0xf2, 0xb, 0xdb, 0xff, 0xfd, 0x1,
    0xff, 0xff, 0xff, 0x30, 0x19, 0xdf, 0xeb, 0x30,
    0x0,

    /* U+006B "k" */
    0x33, 0x30, 0x0, 0x0, 0x0, 0x0, 0x0, 0xff,
    0xf2, 0x0, 0x0, 0x0, 0x0, 0x0, 0xff, 0xf2,
    0x0, 0x0, 0x0, 0x0, 0x0, 0xff, 0xf2, 0x0,
    0x0, 0x0, 0x0, 0x0, 0xff, 0xf2, 0x0, 0x0,
    0x0, 0x0, 0x0, 0xff, 0xf2, 0x0, 0x0, 0x0,
    0x0, 0x0, 0xff, 0xf2, 0x0, 0x0, 0x1c, 0xff,
    0xd1, 0xff, 0xf2, 0x0, 0x1, 0xcf, 0xfd, 0x10,
    0xff, 0xf2, 0x0, 0x1d, 0xff, 0xe2, 0x0, 0xff,
    0xf2, 0x1, 0xdf, 0xfe, 0x20, 0x0, 0xff, 0xf2,
    0x1d, 0xff, 0xe2, 0x0, 0x0, 0xff, 0xf4, 0xef,
    0xff, 0x30, 0x0, 0x0, 0xff, 0xff, 0xff, 0xff,
    0x40, 0x0, 0x0, 0xff, 0xff, 0xff, 0xff, 0xe1,
    0x0, 0x0, 0xff, 0xff, 0xd4, 0xff, 0xfc, 0x0,
    0x0, 0xff, 0xff, 0x10, 0x5f, 0xff, 0x80, 0x0,
    0xff, 0xf4, 0x0, 0x9, 0xff, 0xf4, 0x0, 0xff,
    0xf2, 0x0, 0x0, 0xcf, 0xfe, 0x10, 0xff, 0xf2,
    0x0, 0x0, 0x1e, 0xff, 0xc0, 0xff, 0xf2, 0x0,
    0x0, 0x4, 0xff, 0xf8,

    /* U+006C "l" */
    0x33, 0x30, 0xff, 0xf2, 0xff, 0xf2, 0xff, 0xf2,
    0xff, 0xf2, 0xff, 0xf2, 0xff, 0xf2, 0xff, 0xf2,
    0xff, 0xf2, 0xff, 0xf2, 0xff, 0xf2, 0xff, 0xf2,
    0xff, 0xf2, 0xff, 0xf2, 0xff, 0xf2, 0xff, 0xf2,
    0xff, 0xf2, 0xff, 0xf2, 0xff, 0xf2, 0xff, 0xf2,

    /* U+006D "m" */
    0xff, 0xf0, 0x4b, 0xef, 0xd9, 0x20, 0x2, 0x8d,
    0xfe, 0xc6, 0x0, 0xf, 0xff, 0xaf, 0xff, 0xff,
    0xff, 0x45, 0xff, 0xff, 0xff, 0xfc, 0x0, 0xff,
    0xff, 0xfe, 0xbd, 0xff, 0xff, 0xff, 0xfc, 0xbe,
    0xff, 0xf8, 0xf, 0xff, 0xf7, 0x0, 0x5, 0xff,
    0xff, 0xe2, 0x0, 0xb, 0xff, 0xf0, 0xff, 0xfa,
    0x0, 0x0, 0xa, 0xff, 0xf4, 0x0, 0x0, 0x1f,
    0xff, 0x3f, 0xff, 0x50, 0x0, 0x0, 0x7f, 0xfe,
    0x0, 0x0, 0x0, 0xdf, 0xf5, 0xff, 0xf3, 0x0,
    0x0, 0x5, 0xff, 0xc0, 0x0, 0x0, 0xc, 0xff,
    0x5f, 0xff, 0x20, 0x0, 0x0, 0x5f, 0xfc, 0x0,
    0x0, 0x0, 0xcf, 0xf6, 0xff, 0xf2, 0x0, 0x0,
    0x5, 0xff, 0xc0, 0x0, 0x0, 0xc, 0xff, 0x6f,
    0xff, 0x20, 0x0, 0x0, 0x5f, 0xfc, 0x0, 0x0,
    0x0, 0xcf, 0xf6, 0xff, 0xf2, 0x0, 0x0, 0x5,
    0xff, 0xc0, 0x0, 0x0, 0xc, 0xff, 0x6f, 0xff,
    0x20, 0x0, 0x0, 0x5f, 0xfc, 0x0, 0x0, 0x0,
    0xcf, 0xf6, 0xff, 0xf2, 0x0, 0x0, 0x5, 0xff,
    0xc0, 0x0, 0x0, 0xc, 0xff, 0x6f, 0xff, 0x20,
    0x0, 0x0, 0x5f, 0xfc, 0x0, 0x0, 0x0, 0xcf,
    0xf6,

    /* U+006E "n" */
    0xff, 0xf0, 0x4a, 0xef, 0xeb, 0x40, 0x0, 0xff,
    0xf9, 0xff, 0xff, 0xff, 0xf8, 0x0, 0xff, 0xff,
    0xfe, 0xbc, 0xff, 0xff, 0x50, 0xff, 0xff, 0x80,
    0x0, 0x2d, 0xff, 0xc0, 0xff, 0xfb, 0x0, 0x0,
    0x4, 0xff, 0xf0, 0xff, 0xf5, 0x0, 0x0, 0x0,
    0xff, 0xf2, 0xff, 0xf3, 0x0, 0x0, 0x0, 0xef,
    0xf3, 0xff, 0xf2, 0x0, 0x0, 0x0, 0xef, 0xf3,
    0xff, 0xf2, 0x0, 0x0, 0x0, 0xef, 0xf3, 0xff,
    0xf2, 0x0, 0x0, 0x0, 0xef, 0xf3, 0xff, 0xf2,
    0x0, 0x0, 0x0, 0xef, 0xf3, 0xff, 0xf2, 0x0,
    0x0, 0x0, 0xef, 0xf3, 0xff, 0xf2, 0x0, 0x0,
    0x0, 0xef, 0xf3, 0xff, 0xf2, 0x0, 0x0, 0x0,
    0xef, 0xf3,

    /* U+006F "o" */
    0x0, 0x0, 0x28, 0xde, 0xfd, 0x93, 0x0, 0x0,
    0x0, 0x7, 0xff, 0xff, 0xff, 0xff, 0x80, 0x0,
    0x0, 0x7f, 0xff, 0xfd, 0xcf, 0xff, 0xf9, 0x0,
    0x2, 0xff, 0xfa, 0x10, 0x1, 0x9f, 0xff, 0x40,
    0x9, 0xff, 0xc0, 0x0, 0x0, 0xa, 0xff, 0xb0,
    0xd, 0xff, 0x50, 0x0, 0x0, 0x3, 0xff, 0xf0,
    0xf, 0xff, 0x20, 0x0, 0x0, 0x0, 0xff, 0xf1,
    0xf, 0xff, 0x20, 0x0, 0x0, 0x0, 0xff, 0xf1,
    0xd, 0xff, 0x50, 0x0, 0x0, 0x3, 0xff, 0xf0,
    0x9, 0xff, 0xc0, 0x0, 0x0, 0xa, 0xff, 0xb0,
    0x2, 0xff, 0xfb, 0x10, 0x1, 0x9f, 0xff, 0x40,
    0x0, 0x6f, 0xff, 0xfd, 0xdf, 0xff, 0xf8, 0x0,
    0x0, 0x6, 0xff, 0xff, 0xff, 0xff, 0x80, 0x0,
    0x0, 0x0, 0x28, 0xdf, 0xfd, 0x92, 0x0, 0x0,

    /* U+0070 "p" */
    0xff, 0xf0, 0x3a, 0xef, 0xeb, 0x40, 0x0, 0xf,
    0xff, 0x8f, 0xff, 0xff, 0xff, 0xa0, 0x0, 0xff,
    0xff, 0xff, 0xdc, 0xff, 0xff, 0xb0, 0xf, 0xff,
    0xfb, 0x10, 0x0, 0x9f, 0xff, 0x60, 0xff, 0xfc,
    0x0, 0x0, 0x0, 0xaf, 0xfc, 0xf, 0xff, 0x50,
    0x0, 0x0, 0x3, 0xff, 0xf0, 0xff, 0xf2, 0x0,
    0x0, 0x0, 0xf, 0xff, 0x2f, 0xff, 0x20, 0x0,
    0x0, 0x0, 0xff, 0xf2, 0xff, 0xf6, 0x0, 0x0,
    0x0, 0x3f, 0xff, 0xf, 0xff, 0xe0, 0x0, 0x0,
    0xa, 0xff, 0xc0, 0xff, 0xff, 0xb1, 0x0, 0x19,
    0xff, 0xf6, 0xf, 0xff, 0xff, 0xfd, 0xdf, 0xff,
    0xfb, 0x0, 0xff, 0xf9, 0xff, 0xff, 0xff, 0xfa,
    0x0, 0xf, 0xff, 0x23, 0xae, 0xfe, 0xb4, 0x0,
    0x0, 0xff, 0xf2, 0x0, 0x0, 0x0, 0x0, 0x0,
    0xf, 0xff, 0x20, 0x0, 0x0, 0x0, 0x0, 0x0,
    0xff, 0xf2, 0x0, 0x0, 0x0, 0x0, 0x0, 0xf,
    0xff, 0x20, 0x0, 0x0, 0x0, 0x0, 0x0, 0xff,
    0xf2, 0x0, 0x0, 0x0, 0x0, 0x0, 0x0,

    /* U+0071 "q" */
    0x0, 0x0, 0x3a, 0xdf, 0xeb, 0x50, 0xef, 0xf1,
    0x0, 0x9, 0xff, 0xff, 0xff, 0xf9, 0xef, 0xf1,
    0x0, 0x9f, 0xff, 0xfd, 0xcf, 0xff, 0xff, 0xf1,
    0x3, 0xff, 0xfa, 0x10, 0x1, 0x9f, 0xff, 0xf1,
    0xa, 0xff, 0xc0, 0x0, 0x0, 0xa, 0xff, 0xf1,
    0xe, 0xff, 0x50, 0x0, 0x0, 0x3, 0xff, 0xf1,
    0xf, 0xff, 0x20, 0x0, 0x0, 0x0, 0xff, 0xf1,
    0xf, 0xff, 0x20, 0x0, 0x0, 0x0, 0xff, 0xf1,
    0xe, 0xff, 0x50, 0x0, 0x0, 0x3, 0xff, 0xf1,
    0xa, 0xff, 0xc0, 0x0, 0x0, 0xb, 0xff, 0xf1,
    0x3, 0xff, 0xfb, 0x10, 0x1, 0x9f, 0xff, 0xf1,
    0x0, 0x9f, 0xff, 0xfd, 0xdf, 0xff, 0xff, 0xf1,
    0x0, 0x9, 0xff, 0xff, 0xff, 0xf9, 0xff, 0xf1,
    0x0, 0x0, 0x3a, 0xdf, 0xeb, 0x40, 0xff, 0xf1,
    0x0, 0x0, 0x0, 0x0, 0x0, 0x0, 0xff, 0xf1,
    0x0, 0x0, 0x0, 0x0, 0x0, 0x0, 0xff, 0xf1,
    0x0, 0x0, 0x0, 0x0, 0x0, 0x0, 0xff, 0xf1,
    0x0, 0x0, 0x0, 0x0, 0x0, 0x0, 0xff, 0xf1,
    0x0, 0x0, 0x0, 0x0, 0x0, 0x0, 0xff, 0xf1,

    /* U+0072 "r" */
    0xff, 0xf0, 0x3a, 0xdc, 0xff, 0xf7, 0xff, 0xfc,
    0xff, 0xff, 0xff, 0xea, 0xff, 0xff, 0xb2, 0x0,
    0xff, 0xfc, 0x0, 0x0, 0xff, 0xf6, 0x0, 0x0,
    0xff, 0xf3, 0x0, 0x0, 0xff, 0xf2, 0x0, 0x0,
    0xff, 0xf2, 0x0, 0x0, 0xff, 0xf2, 0x0, 0x0,
    0xff, 0xf2, 0x0, 0x0, 0xff, 0xf2, 0x0, 0x0,
    0xff, 0xf2, 0x0, 0x0, 0xff, 0xf2, 0x0, 0x0,

    /* U+0073 "s" */
    0x0, 0x5, 0xbe, 0xff, 0xda, 0x60, 0x0, 0xc,
    0xff, 0xff, 0xff, 0xff, 0x90, 0x9, 0xff, 0xfc,
    0xab, 0xdf, 0xf2, 0x0, 0xff, 0xf4, 0x0, 0x0,
    0x16, 0x0, 0xf, 0xff, 0x10, 0x0, 0x0, 0x0,
    0x0, 0xdf, 0xfd, 0x74, 0x10, 0x0, 0x0, 0x5,
    0xff, 0xff, 0xff, 0xe9, 0x30, 0x0, 0x3, 0xaf,
    0xff, 0xff, 0xff, 0x60, 0x0, 0x0, 0x2, 0x58,
    0xdf, 0xff, 0x0, 0x0, 0x0, 0x0, 0x0, 0xef,
    0xf2, 0x8, 0x92, 0x0, 0x0, 0x2f, 0xff, 0x11,
    0xff, 0xfe, 0xba, 0xcf, 0xff, 0xc0, 0x3e, 0xff,
    0xff, 0xff, 0xff, 0xd1, 0x0, 0x6, 0xad, 0xff,
    0xeb, 0x60, 0x0,

    /* U+0074 "t" */
    0x0, 0x8f, 0xf9, 0x0, 0x0, 0x0, 0x8, 0xff,
    0x90, 0x0, 0x0, 0x0, 0x8f, 0xf9, 0x0, 0x0,
    0xb, 0xff, 0xff, 0xff, 0xff, 0x20, 0xbf, 0xff,
    0xff, 0xff, 0xf2, 0x6, 0x9f, 0xff, 0xf9, 0x99,
    0x10, 0x0, 0x8f, 0xf9, 0x0, 0x0, 0x0, 0x8,
    0xff, 0x90, 0x0, 0x0, 0x0, 0x8f, 0xf9, 0x0,
    0x0, 0x0, 0x8, 0xff, 0x90, 0x0, 0x0, 0x0,
    0x8f, 0xf9, 0x0, 0x0, 0x0, 0x8, 0xff, 0x90,
    0x0, 0x0, 0x0, 0x8f, 0xfa, 0x0, 0x0, 0x0,
    0x6, 0xff, 0xe0, 0x0, 0x0, 0x0, 0x2f, 0xff,
    0xeb, 0xe7, 0x0, 0x0, 0x9f, 0xff, 0xff, 0xd0,
    0x0, 0x0, 0x6c, 0xff, 0xc6, 0x0,

    /* U+0075 "u" */
    0xf, 0xff, 0x10, 0x0, 0x0, 0x2f, 0xff, 0xf,
    0xff, 0x10, 0x0, 0x0, 0x2f, 0xff, 0xf, 0xff,
    0x10, 0x0, 0x0, 0x2f, 0xff, 0xf, 0xff, 0x10,
    0x0, 0x0, 0x2f, 0xff, 0xf, 0xff, 0x10, 0x0,
    0x0, 0x2f, 0xff, 0xf, 0xff, 0x10, 0x0, 0x0,
    0x2f, 0xff, 0xf, 0xff, 0x10, 0x0, 0x0, 0x2f,
    0xff, 0xf, 0xff, 0x10, 0x0, 0x0, 0x3f, 0xff,
    0xf, 0xff, 0x30, 0x0, 0x0, 0x5f, 0xff, 0xe,
    0xff, 0x80, 0x0, 0x0, 0xcf, 0xff, 0x9, 0xff,
    0xf5, 0x0, 0x1a, 0xff, 0xff, 0x3, 0xff, 0xff,
    0xfe, 0xff, 0xff, 0xff, 0x0, 0x6f, 0xff, 0xff,
    0xff, 0x8f, 0xff, 0x0, 0x3, 0xae, 0xfe, 0xb4,
    0xf, 0xff,

    /* U+0076 "v" */
    0xe, 0xff, 0x50, 0x0, 0x0, 0x0, 0xaf, 0xf5,
    0x8, 0xff, 0xb0, 0x0, 0x0, 0x1, 0xff, 0xe0,
    0x1, 0xff, 0xf2, 0x0, 0x0, 0x7, 0xff, 0x80,
    0x0, 0xbf, 0xf8, 0x0, 0x0, 0xe, 0xff, 0x20,
    0x0, 0x4f, 0xfe, 0x0, 0x0, 0x5f, 0xfb, 0x0,
    0x0, 0xd, 0xff, 0x50, 0x0, 0xbf, 0xf4, 0x0,
    0x0, 0x7, 0xff, 0xb0, 0x2, 0xff, 0xe0, 0x0,
    0x0, 0x1, 0xff, 0xf1, 0x8, 0xff, 0x70, 0x0,
    0x0, 0x0, 0xaf, 0xf8, 0xe, 0xff, 0x10, 0x0,
    0x0, 0x0, 0x3f, 0xfe, 0x6f, 0xfa, 0x0, 0x0,
    0x0, 0x0, 0xd, 0xff, 0xff, 0xf4, 0x0, 0x0,
    0x0, 0x0, 0x6, 0xff, 0xff, 0xd0, 0x0, 0x0,
    0x0, 0x0, 0x0, 0xff, 0xff, 0x70, 0x0, 0x0,
    0x0, 0x0, 0x0, 0x9f, 0xff, 0x10, 0x0, 0x0,

    /* U+0077 "w" */
    0xbf, 0xf3, 0x0, 0x0, 0x0, 0xef, 0xf1, 0x0,
    0x0, 0x1, 0xff, 0xb6, 0xff, 0x80, 0x0, 0x0,
    0x4f, 0xff, 0x60, 0x0, 0x0, 0x6f, 0xf5, 0xf,
    0xfe, 0x0, 0x0, 0xa, 0xff, 0xfb, 0x0, 0x0,
    0xc, 0xff, 0x0, 0xaf, 0xf3, 0x0, 0x0, 0xff,
    0xff, 0xf1, 0x0, 0x2, 0xff, 0xa0, 0x5, 0xff,
    0x90, 0x0, 0x5f, 0xfe, 0xff, 0x60, 0x0, 0x7f,
    0xf4, 0x0, 0xf, 0xfe, 0x0, 0xb, 0xff, 0x3f,
    0xfc, 0x0, 0xd, 0xfe, 0x0, 0x0, 0xaf, 0xf4,
    0x1, 0xff, 0xb0, 0xbf, 0xf2, 0x2, 0xff, 0x90,
    0x0, 0x4, 0xff, 0x90, 0x6f, 0xf5, 0x5, 0xff,
    0x70, 0x8f, 0xf3, 0x0, 0x0, 0xe, 0xfe, 0xc,
    0xff, 0x0, 0xf, 0xfd, 0xd, 0xfe, 0x0, 0x0,
    0x0, 0x9f, 0xf6, 0xff, 0xa0, 0x0, 0xaf, 0xf6,
    0xff, 0x80, 0x0, 0x0, 0x3, 0xff, 0xff, 0xf4,
    0x0, 0x4, 0xff, 0xff, 0xf2, 0x0, 0x0, 0x0,
    0xd, 0xff, 0xfe, 0x0, 0x0, 0xe, 0xff, 0xfd,
    0x0, 0x0, 0x0, 0x0, 0x8f, 0xff, 0x80, 0x0,
    0x0, 0x9f, 0xff, 0x70, 0x0, 0x0, 0x0, 0x2,
    0xff, 0xf2, 0x0, 0x0, 0x3, 0xff, 0xf2, 0x0,
    0x0,

    /* U+0078 "x" */
    0x3f, 0xff, 0x40, 0x0, 0x0, 0xdf, 0xf7, 0x0,
    0x7f, 0xfe, 0x10, 0x0, 0x9f, 0xfb, 0x0, 0x0,
    0xbf, 0xfb, 0x0, 0x5f, 0xfe, 0x10, 0x0, 0x1,
    0xef, 0xf6, 0x1e, 0xff, 0x40, 0x0, 0x0, 0x4,
    0xff, 0xfe, 0xff, 0x80, 0x0, 0x0, 0x0, 0x9,
    0xff, 0xff, 0xc0, 0x0, 0x0, 0x0, 0x0, 0xf,
    0xff, 0xf2, 0x0, 0x0, 0x0, 0x0, 0x1, 0xff,
    0xff, 0x50, 0x0, 0x0, 0x0, 0x0, 0xbf, 0xff,
    0xff, 0x20, 0x0, 0x0, 0x0, 0x7f, 0xfd, 0xaf,
    0xfc, 0x0, 0x0, 0x0, 0x3f, 0xff, 0x30, 0xdf,
    0xf8, 0x0, 0x0, 0x1e, 0xff, 0x70, 0x3, 0xff,
    0xf4, 0x0, 0xa, 0xff, 0xb0, 0x0, 0x8, 0xff,
    0xe1, 0x6, 0xff, 0xe1, 0x0, 0x0, 0xc, 0xff,
    0xb0,

    /* U+0079 "y" */
    0xe, 0xff, 0x50, 0x0, 0x0, 0x0, 0xaf, 0xf5,
    0x7, 0xff, 0xb0, 0x0, 0x0, 0x1, 0xff, 0xe0,
    0x1, 0xff, 0xf2, 0x0, 0x0, 0x7, 0xff, 0x70,
    0x0, 0xaf, 0xf9, 0x0, 0x0, 0xe, 0xff, 0x10,
    0x0, 0x3f, 0xfe, 0x0, 0x0, 0x5f, 0xfa, 0x0,
    0x0, 0xc, 0xff, 0x60, 0x0, 0xbf, 0xf3, 0x0,
    0x0, 0x6, 0xff, 0xc0, 0x2, 0xff, 0xd0, 0x0,
    0x0, 0x0, 0xef, 0xf3, 0x9, 0xff, 0x60, 0x0,
    0x0, 0x0, 0x8f, 0xfa, 0xe, 0xff, 0x0, 0x0,
    0x0, 0x0, 0x2f, 0xff, 0x7f, 0xf8, 0x0, 0x0,
    0x0, 0x0, 0xb, 0xff, 0xff, 0xf2, 0x0, 0x0,
    0x0, 0x0, 0x4, 0xff, 0xff, 0xb0, 0x0, 0x0,
    0x0, 0x0, 0x0, 0xdf, 0xff, 0x40, 0x0, 0x0,
    0x0, 0x0, 0x0, 0x9f, 0xfe, 0x0, 0x0, 0x0,
    0x0, 0x0, 0x0, 0xaf, 0xf7, 0x0, 0x0, 0x0,
    0x3, 0x30, 0x3, 0xff, 0xf1, 0x0, 0x0, 0x0,
    0xc, 0xfd, 0xcf, 0xff, 0x70, 0x0, 0x0, 0x0,
    0x3f, 0xff, 0xff, 0xfb, 0x0, 0x0, 0x0, 0x0,
    0x5, 0xbf, 0xfd, 0x70, 0x0, 0x0, 0x0, 0x0,

    /* U+007A "z" */
    0xe, 0xff, 0xff, 0xff, 0xff, 0xff, 0x40, 0xef,
    0xff, 0xff, 0xff, 0xff, 0xf4, 0x8, 0x99, 0x99,
    0x99, 0xff, 0xfd, 0x0, 0x0, 0x0, 0x0, 0x6f,
    0xff, 0x20, 0x0, 0x0, 0x0, 0x3f, 0xff, 0x50,
    0x0, 0x0, 0x0, 0x1e, 0xff, 0x80, 0x0, 0x0,
    0x0, 0xb, 0xff, 0xb0, 0x0, 0x0, 0x0, 0x8,
    0xff, 0xe1, 0x0, 0x0, 0x0, 0x5, 0xff, 0xf3,
    0x0, 0x0, 0x0, 0x2, 0xff, 0xf6, 0x0, 0x0,
    0x0, 0x0, 0xdf, 0xf9, 0x0, 0x0, 0x0, 0x0,
    0xaf, 0xff, 0x99, 0x99, 0x99, 0x94, 0xf, 0xff,
    0xff, 0xff, 0xff, 0xff, 0x70, 0xff, 0xff, 0xff,
    0xff, 0xff, 0xf7,

    /* U+007B "{" */
    0x0, 0x1, 0xae, 0xfd, 0x0, 0x1e, 0xff, 0xfd,
    0x0, 0x7f, 0xff, 0xc7, 0x0, 0xaf, 0xfb, 0x0,
    0x0, 0xaf, 0xf7, 0x0, 0x0, 0xaf, 0xf7, 0x0,
    0x0, 0xaf, 0xf7, 0x0, 0x0, 0xaf, 0xf7, 0x0,
    0x0, 0xaf, 0xf7, 0x0, 0x0, 0xbf, 0xf6, 0x0,
    0x6b, 0xff, 0xf3, 0x0, 0xaf, 0xff, 0x70, 0x0,
    0xaf, 0xff, 0xe1, 0x0, 0x1, 0xdf, 0xf5, 0x0,
    0x0, 0xaf, 0xf7, 0x0, 0x0, 0xaf, 0xf7, 0x0,
    0x0, 0xaf, 0xf7, 0x0, 0x0, 0xaf, 0xf7, 0x0,
    0x0, 0xaf, 0xf7, 0x0, 0x0, 0xaf, 0xf7, 0x0,
    0x0, 0x9f, 0xfb, 0x0, 0x0, 0x6f, 0xff, 0xc7,
    0x0, 0xd, 0xff, 0xfd, 0x0, 0x1, 0x9e, 0xfd,

    /* U+007C "|" */
    0x24, 0x40, 0xaf, 0xf3, 0xaf, 0xf3, 0xaf, 0xf3,
    0xaf, 0xf3, 0xaf, 0xf3, 0xaf, 0xf3, 0xaf, 0xf3,
    0xaf, 0xf3, 0xaf, 0xf3, 0xaf, 0xf3, 0xaf, 0xf3,
    0xaf, 0xf3, 0xaf, 0xf3, 0xaf, 0xf3, 0xaf, 0xf3,
    0xaf, 0xf3, 0xaf, 0xf3, 0xaf, 0xf3, 0xaf, 0xf3,
    0xaf, 0xf3, 0xaf, 0xf3, 0xaf, 0xf3, 0xaf, 0xf3,
    0xaf, 0xf3,

    /* U+007D "}" */
    0x9f, 0xeb, 0x30, 0x0, 0x9f, 0xff, 0xf3, 0x0,
    0x5b, 0xff, 0xfb, 0x0, 0x0, 0x6f, 0xfe, 0x0,
    0x0, 0x3f, 0xff, 0x0, 0x0, 0x2f, 0xff, 0x0,
    0x0, 0x2f, 0xff, 0x0, 0x0, 0x2f, 0xff, 0x0,
    0x0, 0x2f, 0xff, 0x0, 0x0, 0x2f, 0xff, 0x0,
    0x0, 0xe, 0xff, 0xc9, 0x0, 0x4, 0xff, 0xfe,
    0x0, 0xb, 0xff, 0xfe, 0x0, 0x1f, 0xff, 0x30,
    0x0, 0x2f, 0xff, 0x0, 0x0, 0x2f, 0xff, 0x0,
    0x0, 0x2f, 0xff, 0x0, 0x0, 0x2f, 0xff, 0x0,
    0x0, 0x2f, 0xff, 0x0, 0x0, 0x3f, 0xff, 0x0,
    0x0, 0x7f, 0xfe, 0x0, 0x5b, 0xff, 0xfa, 0x0,
    0x9f, 0xff, 0xf3, 0x0, 0x9f, 0xeb, 0x30, 0x0,

    /* U+007E "~" */
    0x1, 0xaf, 0xe8, 0x0, 0x0, 0xaf, 0x50, 0xcf,
    0xff, 0xfd, 0x20, 0xe, 0xf4, 0x4f, 0xf9, 0x9f,
    0xff, 0xad, 0xff, 0x8, 0xfa, 0x0, 0x3e, 0xff,
    0xff, 0x80, 0x9f, 0x60, 0x0, 0x1a, 0xfe, 0x80,
    0x0,

    /* U+00A0 " " */

    /* U+00A1 "¡" */
    0xb, 0xfa, 0x6, 0xff, 0xf5, 0x6f, 0xff, 0x50,
    0xbf, 0xb0, 0x0, 0x0, 0x0, 0x0, 0x0, 0xa,
    0xd9, 0x0, 0xdf, 0xc0, 0xd, 0xfd, 0x0, 0xef,
    0xe0, 0xf, 0xff, 0x0, 0xff, 0xf0, 0x1f, 0xff,
    0x1, 0xff, 0xf1, 0x2f, 0xff, 0x23, 0xff, 0xf3,
    0x4f, 0xff, 0x45, 0xff, 0xf5,

    /* U+00A2 "¢" */
    0x0, 0x0, 0x0, 0xf, 0xf0, 0x0, 0x0, 0x0,
    0x0, 0x0, 0xf, 0xf0, 0x0, 0x0, 0x0, 0x0,
    0x0, 0xf, 0xf0, 0x0, 0x0, 0x0, 0x0, 0x28,
    0xdf, 0xfd, 0x93, 0x0, 0x0, 0x6, 0xff, 0xff,
    0xff, 0xff, 0x80, 0x0, 0x7f, 0xff, 0xff, 0xff,
    0xff, 0xf6, 0x2, 0xff, 0xfb, 0x2f, 0xf0, 0x9f,
    0xe6, 0x9, 0xff, 0xc0, 0xf, 0xf0, 0x6, 0x10,
    0xd, 0xff, 0x50, 0xf, 0xf0, 0x0, 0x0, 0xf,
    0xff, 0x20, 0xf, 0xf0, 0x0, 0x0, 0xf, 0xff,
    0x20, 0xf, 0xf0, 0x0, 0x0, 0xd, 0xff, 0x50,
    0xf, 0xf0, 0x0, 0x0, 0x9, 0xff, 0xc0, 0xf,
    0xf0, 0x6, 0x10, 0x2, 0xff, 0xfb, 0x2f, 0xf1,
    0x9f, 0xf6, 0x0, 0x6f, 0xff, 0xff, 0xff, 0xff,
    0xf5, 0x0, 0x6, 0xff, 0xff, 0xff, 0xff, 0x70,
    0x0, 0x0, 0x18, 0xdf, 0xfd, 0x93, 0x0, 0x0,
    0x0, 0x0, 0xf, 0xf0, 0x0, 0x0, 0x0, 0x0,
    0x0, 0xf, 0xf0, 0x0, 0x0, 0x0, 0x0, 0x0,
    0xf, 0xf0, 0x0, 0x0,

    /* U+00A3 "£" */
    0x0, 0x0, 0x0, 0x5, 0xad, 0xef, 0xec, 0x71,
    0x0, 0x0, 0x0, 0x2c, 0xff, 0xff, 0xff, 0xff,
    0xe0, 0x0, 0x0, 0x2e, 0xff, 0xff, 0xff, 0xff,
    0xf9, 0x0, 0x0, 0xc, 0xff, 0xf7, 0x10, 0x1,
    0x49, 0x30, 0x0, 0x2, 0xff, 0xf5, 0x0, 0x0,
    0x0, 0x0, 0x0, 0x0, 0x7f, 0xfd, 0x0, 0x0,
    0x0, 0x0, 0x0, 0x0, 0x8, 0xff, 0xa0, 0x0,
    0x0, 0x0, 0x0, 0x0, 0x22, 0xbf, 0xfc, 0x22,
    0x22, 0x21, 0x0, 0x0, 0x4f, 0xff, 0xff, 0xff,
    0xff, 0xff, 0xf0, 0x0, 0x4, 0xff, 0xff, 0xff,
    0xff, 0xff, 0xff, 0x0, 0x0, 0x0, 0xa, 0xff,
    0xa0, 0x0, 0x0, 0x0, 0x0, 0x0, 0x0, 0xaf,
    0xfa, 0x0, 0x0, 0x0, 0x0, 0x0, 0x0, 0xa,
    0xff, 0xa0, 0x0, 0x0, 0x0, 0x0, 0x0, 0x0,
    0xaf, 0xfa, 0x0, 0x0, 0x0, 0x0, 0x0, 0x0,
    0xa, 0xff, 0xa0, 0x0, 0x0, 0x0, 0x0, 0x3,
    0xdd, 0xff, 0xff, 0xdd, 0xdd, 0xdd, 0xdd, 0x80,
    0x4f, 0xff, 0xff, 0xff, 0xff, 0xff, 0xff, 0xfa,
    0x4, 0xff, 0xff, 0xff, 0xff, 0xff, 0xff, 0xff,
    0xa0,

    /* U+00A4 "¤" */
    0x0, 0x0, 0x0, 0x0, 0x0, 0x0, 0x0, 0x0,
    0x0, 0x2d, 0x20, 0x0, 0x0, 0x0, 0x0, 0x9,
    0x90, 0x1e, 0xfe, 0x20, 0x37, 0x98, 0x50, 0x9,
    0xff, 0x70, 0x9f, 0xff, 0xdf, 0xff, 0xff, 0xee,
    0xff, 0xe2, 0x0, 0xaf, 0xff, 0xff, 0xff, 0xff,
    0xff, 0xe3, 0x0, 0x0, 0xff, 0xfb, 0x30, 0x16,
    0xef, 0xf8, 0x0, 0x0, 0x5f, 0xf9, 0x0, 0x0,
    0x2, 0xff, 0xd0, 0x0, 0xb, 0xfe, 0x0, 0x0,
    0x0, 0x7, 0xff, 0x30, 0x0, 0xdf, 0xa0, 0x0,
    0x0, 0x0, 0x2f, 0xf6, 0x0, 0xe, 0xf9, 0x0,
    0x0, 0x0, 0x1, 0xff, 0x60, 0x0, 0xcf, 0xc0,
    0x0, 0x0, 0x0, 0x4f, 0xf4, 0x0, 0x8, 0xff,
    0x40, 0x0, 0x0, 0xc, 0xff, 0x0, 0x0, 0x1f,
    0xff, 0x40, 0x0, 0x1a, 0xff, 0x90, 0x0, 0x3,
    0xff, 0xff, 0xda, 0xbf, 0xff, 0xfa, 0x0, 0x2,
    0xef, 0xff, 0xff, 0xff, 0xff, 0xff, 0xf9, 0x1,
    0xef, 0xf9, 0x29, 0xdf, 0xeb, 0x63, 0xef, 0xf7,
    0x9, 0xf9, 0x0, 0x0, 0x0, 0x0, 0x3, 0xee,
    0x20, 0x6, 0x0, 0x0, 0x0, 0x0, 0x0, 0x3,
    0x30,

    /* U+00A5 "¥" */
    0xd, 0xff, 0x80, 0x0, 0x0, 0x0, 0x0, 0x5,
    0xff, 0xd0, 0x3, 0xff, 0xf3, 0x0, 0x0, 0x0,
    0x0, 0x1f, 0xff, 0x30, 0x0, 0x8f, 0xfd, 0x0,
    0x0, 0x0, 0x0, 0xbf, 0xf8, 0x0, 0x0, 0xc,
    0xff, 0x90, 0x0, 0x0, 0x6, 0xff, 0xd0, 0x0,
    0x0, 0x2, 0xff, 0xf4, 0x0, 0x0, 0x2f, 0xff,
    0x30, 0x0, 0x0, 0x0, 0x7f, 0xfe, 0x0, 0x0,
    0xcf, 0xf7, 0x0, 0x0, 0x0, 0x0, 0xc, 0xff,
    0x90, 0x7, 0xff, 0xc0, 0x0, 0x0, 0x0, 0x0,
    0x2, 0xff, 0xf4, 0x2f, 0xff, 0x20, 0x0, 0x0,
    0x0, 0x0, 0x0, 0x6f, 0xfe, 0xdf, 0xf7, 0x0,
    0x0, 0x0, 0x0, 0x0, 0x0, 0xb, 0xff, 0xff,
    0xc0, 0x0, 0x0, 0x0, 0x0, 0x9, 0xff, 0xff,
    0xff, 0xff, 0xff, 0xff, 0xa0, 0x0, 0x0, 0x7,
    0xdd, 0xdd, 0xff, 0xff, 0xdd, 0xdd, 0x80, 0x0,
    0x0, 0x0, 0x0, 0x0, 0x9f, 0xfa, 0x0, 0x0,
    0x0, 0x0, 0x0, 0x7, 0xdd, 0xdd, 0xff, 0xff,
    0xdd, 0xdd, 0x80, 0x0, 0x0, 0x9, 0xff, 0xff,
    0xff, 0xff, 0xff, 0xff, 0xa0, 0x0, 0x0, 0x0,
    0x0, 0x0, 0x9f, 0xfa, 0x0, 0x0, 0x0, 0x0,
    0x0, 0x0, 0x0, 0x0, 0x9f, 0xfa, 0x0, 0x0,
    0x0, 0x0, 0x0, 0x0, 0x0, 0x0, 0x9f, 0xfa,
    0x0, 0x0, 0x0, 0x0,

    /* U+00A6 "¦" */
    0x1, 0x10, 0xaf, 0xf3, 0xaf, 0xf3, 0xaf, 0xf3,
    0xaf, 0xf3, 0xaf, 0xf3, 0xaf, 0xf3, 0xaf, 0xf3,
    0xaf, 0xf3, 0xaf, 0xf3, 0x0, 0x0, 0x0, 0x0,
    0x0, 0x0, 0x0, 0x0, 0x0, 0x0, 0x1, 0x10,
    0xaf, 0xf3, 0xaf, 0xf3, 0xaf, 0xf3, 0xaf, 0xf3,
    0xaf, 0xf3, 0xaf, 0xf3, 0xaf, 0xf3, 0xaf, 0xf3,
    0xaf, 0xf3,

    /* U+00A7 "§" */
    0x0, 0x1, 0x8c, 0xef, 0xeb, 0x71, 0x0, 0x5,
    0xff, 0xff, 0xff, 0xff, 0xf0, 0x2, 0xff, 0xfb,
    0x88, 0x9d, 0xfa, 0x0, 0x8f, 0xf6, 0x0, 0x0,
    0x3, 0x30, 0xa, 0xff, 0x20, 0x0, 0x0, 0x0,
    0x0, 0x8f, 0xfc, 0x30, 0x0, 0x0, 0x0, 0x1,
    0xef, 0xff, 0xea, 0x50, 0x0, 0x0, 0x1e, 0xff,
    0xff, 0xff, 0xe6, 0x0, 0xa, 0xff, 0xb8, 0xae,
    0xff, 0xf5, 0x1, 0xff, 0xb0, 0x0, 0x6, 0xff,
    0xc0, 0x2f, 0xf9, 0x0, 0x0, 0xc, 0xfe, 0x1,
    0xff, 0xf4, 0x0, 0x0, 0xef, 0xd0, 0x9, 0xff,
    0xfe, 0x99, 0xdf, 0xf7, 0x0, 0x8, 0xff, 0xff,
    0xff, 0xfa, 0x0, 0x0, 0x1, 0x59, 0xef, 0xff,
    0xc0, 0x0, 0x0, 0x0, 0x0, 0x3d, 0xff, 0x40,
    0x0, 0x0, 0x0, 0x0, 0x6f, 0xf6, 0x0, 0x96,
    0x0, 0x0, 0xa, 0xff, 0x50, 0x1f, 0xfe, 0xa8,
    0x8c, 0xff, 0xe0, 0x3, 0xef, 0xff, 0xff, 0xff,
    0xf3, 0x0, 0x0, 0x5a, 0xdf, 0xfd, 0x81, 0x0,
    0x0,

    /* U+00A8 "¨" */
    0x0, 0x0, 0x0, 0x0, 0x2, 0xef, 0x40, 0x4f,
    0xe2, 0x6f, 0xf8, 0x8, 0xff, 0x61, 0xde, 0x30,
    0x3e, 0xd1,

    /* U+00A9 "©" */
    0x0, 0x0, 0x0, 0x0, 0x10, 0x0, 0x0, 0x0,
    0x0, 0x0, 0x0, 0x6, 0xbf, 0xff, 0xfb, 0x50,
    0x0, 0x0, 0x0, 0x3, 0xdf, 0xb7, 0x55, 0x7c,
    0xfd, 0x20, 0x0, 0x0, 0x4f, 0xc2, 0x0, 0x0,
    0x0, 0x3d, 0xf3, 0x0, 0x2, 0xfb, 0x0, 0x0,
    0x12, 0x0, 0x1, 0xce, 0x10, 0xb, 0xd0, 0x0,
    0x8e, 0xff, 0xfa, 0x10, 0x1e, 0x90, 0x3f, 0x50,
    0xc, 0xff, 0xff, 0xff, 0xd0, 0x7, 0xf1, 0x8f,
    0x0, 0x7f, 0xf8, 0x10, 0x5f, 0x90, 0x1, 0xf6,
    0xcb, 0x0, 0xef, 0xa0, 0x0, 0x1, 0x0, 0x0,
    0xd9, 0xd9, 0x0, 0xff, 0x50, 0x0, 0x0, 0x0,
    0x0, 0xcb, 0xd9, 0x0, 0xff, 0x50, 0x0, 0x0,
    0x0, 0x0, 0xbb, 0xca, 0x0, 0xef, 0xa0, 0x0,
    0x1, 0x0, 0x0, 0xd9, 0x9e, 0x0, 0x7f, 0xf8,
    0x10, 0x5f, 0xa1, 0x1, 0xf6, 0x4f, 0x40, 0xc,
    0xff, 0xff, 0xff, 0xd0, 0x7, 0xf1, 0xd, 0xc0,
    0x0, 0x8e, 0xff, 0xfa, 0x10, 0x1e, 0xa0, 0x4,
    0xf8, 0x0, 0x0, 0x22, 0x0, 0x0, 0xbe, 0x20,
    0x0, 0x6f, 0x90, 0x0, 0x0, 0x0, 0x2c, 0xf4,
    0x0, 0x0, 0x5, 0xfe, 0x84, 0x22, 0x5a, 0xfe,
    0x30, 0x0, 0x0, 0x0, 0x19, 0xef, 0xff, 0xfd,
    0x80, 0x0, 0x0, 0x0, 0x0, 0x0, 0x2, 0x43,
    0x20, 0x0, 0x0, 0x0,

    /* U+00AA "ª" */
    0x2, 0x9d, 0xfe, 0xb3, 0x0, 0xbf, 0xdb, 0xdf,
    0xf3, 0x3, 0x50, 0x0, 0xbf, 0x90, 0x0, 0x0,
    0x8, 0xfb, 0x4, 0xdf, 0xff, 0xff, 0xb0, 0xff,
    0x63, 0x3a, 0xfb, 0x1f, 0xf4, 0x14, 0xef, 0xb0,
    0x7f, 0xff, 0xfc, 0xfb, 0x0, 0x13, 0x30, 0x14,
    0x30,

    /* U+00AB "«" */
    0x0, 0x0, 0x0, 0x0, 0x0, 0x0, 0x0, 0xc,
    0xff, 0x10, 0x9f, 0xf4, 0x0, 0x7f, 0xf5, 0x4,
    0xff, 0x90, 0x3, 0xff, 0xa0, 0x1e, 0xfd, 0x0,
    0xd, 0xfe, 0x10, 0xbf, 0xf3, 0x0, 0x9f, 0xf4,
    0x6, 0xff, 0x80, 0x0, 0x9f, 0xf4, 0x6, 0xff,
    0x80, 0x0, 0xd, 0xfe, 0x10, 0xaf, 0xf3, 0x0,
    0x3, 0xff, 0xa0, 0x1e, 0xfd, 0x0, 0x0, 0x7f,
    0xf6, 0x4, 0xff, 0x90, 0x0, 0xc, 0xff, 0x20,
    0x8f, 0xf4,

    /* U+00AC "¬" */
    0x39, 0x99, 0x99, 0x99, 0x99, 0x99, 0x16, 0xff,
    0xff, 0xff, 0xff, 0xff, 0xf2, 0x6f, 0xff, 0xff,
    0xff, 0xff, 0xff, 0x20, 0x0, 0x0, 0x0, 0x0,
    0x8f, 0xf2, 0x0, 0x0, 0x0, 0x0, 0x8, 0xff,
    0x20, 0x0, 0x0, 0x0, 0x0, 0x8f, 0xf2, 0x0,
    0x0, 0x0, 0x0, 0x8, 0xff, 0x20, 0x0, 0x0,
    0x0, 0x0, 0x48, 0x81,

    /* U+00AE "®" */
    0x0, 0x0, 0x0, 0x0, 0x10, 0x0, 0x0, 0x0,
    0x0, 0x0, 0x0, 0x6, 0xbf, 0xff, 0xfb, 0x50,
    0x0, 0x0, 0x0, 0x3, 0xdf, 0xb7, 0x55, 0x7c,
    0xfd, 0x20, 0x0, 0x0, 0x4f, 0xc2, 0x0, 0x0,
    0x0, 0x3d, 0xf3, 0x0, 0x2, 0xfb, 0x0, 0x0,
    0x0, 0x0, 0x1, 0xce, 0x10, 0xb, 0xd0, 0xc,
    0xff, 0xff, 0xd8, 0x0, 0x1e, 0x90, 0x3f, 0x50,
    0xc, 0xfd, 0xcc, 0xff, 0xc0, 0x7, 0xf1, 0x8f,
    0x0, 0xc, 0xf5, 0x0, 0x1e, 0xf5, 0x1, 0xf6,
    0xcb, 0x0, 0xc, 0xf5, 0x0, 0xa, 0xf7, 0x0,
    0xd9, 0xd9, 0x0, 0xc, 0xf5, 0x0, 0x1e, 0xf5,
    0x0, 0xcb, 0xd9, 0x0, 0xc, 0xfd, 0xbc, 0xff,
    0xd0, 0x0, 0xbb, 0xca, 0x0, 0xc, 0xff, 0xff,
    0xff, 0x10, 0x0, 0xd9, 0x9e, 0x0, 0xc, 0xf6,
    0x2, 0xff, 0x10, 0x1, 0xf6, 0x4f, 0x40, 0xc,
    0xf6, 0x0, 0x7f, 0xa0, 0x7, 0xf1, 0xd, 0xc0,
    0xc, 0xf6, 0x0, 0xd, 0xf4, 0x1e, 0xa0, 0x4,
    0xf8, 0x2, 0x31, 0x0, 0x1, 0x32, 0xbe, 0x20,
    0x0, 0x6f, 0x90, 0x0, 0x0, 0x0, 0x2c, 0xf4,
    0x0, 0x0, 0x5, 0xfe, 0x84, 0x22, 0x5a, 0xfe,
    0x30, 0x0, 0x0, 0x0, 0x19, 0xef, 0xff, 0xfd,
    0x80, 0x0, 0x0, 0x0, 0x0, 0x0, 0x2, 0x43,
    0x20, 0x0, 0x0, 0x0,

    /* U+00AF "¯" */
    0xcf, 0xff, 0xff, 0xff, 0xcd, 0xff, 0xff, 0xff,
    0xfd,

    /* U+00B0 "°" */
    0x0, 0x5, 0x9a, 0x71, 0x0, 0x0, 0xaf, 0xff,
    0xfe, 0x30, 0x7, 0xfb, 0x20, 0x6f, 0xd0, 0xd,
    0xe0, 0x0, 0x8, 0xf4, 0xf, 0xb0, 0x0, 0x5,
    0xf6, 0xe, 0xd0, 0x0, 0x6, 0xf5, 0x9, 0xf8,
    0x0, 0x2e, 0xf1, 0x1, 0xef, 0xdb, 0xff, 0x60,
    0x0, 0x19, 0xef, 0xc4, 0x0,

    /* U+00B1 "±" */
    0x0, 0x0, 0x7, 0x85, 0x0, 0x0, 0x0, 0x0,
    0x0, 0xff, 0xb0, 0x0, 0x0, 0x0, 0x0, 0xf,
    0xfb, 0x0, 0x0, 0x0, 0x0, 0x0, 0xff, 0xb0,
    0x0, 0x0, 0x0, 0x0, 0xf, 0xfb, 0x0, 0x0,
    0x6, 0xff, 0xff, 0xff, 0xff, 0xff, 0xf2, 0x6f,
    0xff, 0xff, 0xff, 0xff, 0xff, 0x23, 0x99, 0x99,
    0xff, 0xf9, 0x99, 0x91, 0x0, 0x0, 0xf, 0xfb,
    0x0, 0x0, 0x0, 0x0, 0x0, 0xff, 0xb0, 0x0,
    0x0, 0x0, 0x0, 0xf, 0xfb, 0x0, 0x0, 0x0,
    0x0, 0x0, 0xde, 0xa0, 0x0, 0x0, 0x0, 0x0,
    0x0, 0x0, 0x0, 0x0, 0x0, 0x0, 0x0, 0x0,
    0x0, 0x0, 0x0, 0x39, 0x99, 0x99, 0x99, 0x99,
    0x99, 0x16, 0xff, 0xff, 0xff, 0xff, 0xff, 0xf2,
    0x6f, 0xff, 0xff, 0xff, 0xff, 0xff, 0x20,

    /* U+00B2 "²" */
    0x1, 0x8d, 0xfe, 0xc5, 0x0, 0x2e, 0xff, 0xef,
    0xff, 0x90, 0x8, 0xb2, 0x0, 0x7f, 0xf1, 0x0,
    0x0, 0x0, 0x2f, 0xf2, 0x0, 0x0, 0x0, 0x9f,
    0xe0, 0x0, 0x0, 0x7, 0xff, 0x40, 0x0, 0x0,
    0x8f, 0xf5, 0x0, 0x0, 0x9, 0xff, 0x40, 0x0,
    0x0, 0xbf, 0xe3, 0x0, 0x0, 0xb, 0xff, 0xfc,
    0xcc, 0xc7, 0xe, 0xff, 0xff, 0xff, 0xf9,

    /* U+00B3 "³" */
    0xf, 0xff, 0xff, 0xff, 0xf2, 0xc, 0xcc, 0xcc,
    0xff, 0xe1, 0x0, 0x0, 0x4, 0xff, 0x30, 0x0,
    0x0, 0x3f, 0xf4, 0x0, 0x0, 0x1, 0xff, 0xe5,
    0x0, 0x0, 0x2, 0xff, 0xff, 0xd1, 0x0, 0x0,
    0x0, 0x3e, 0xf8, 0x0, 0x0, 0x0, 0x9, 0xfb,
    0xb, 0x61, 0x0, 0x2e, 0xf8, 0x4f, 0xff, 0xee,
    0xff, 0xd1, 0x4, 0xad, 0xff, 0xd8, 0x10,

    /* U+00B4 "´" */
    0x0, 0x3, 0x88, 0x71, 0x0, 0x3f, 0xfe, 0x40,
    0x3, 0xff, 0xd2, 0x0, 0x2e, 0xfa, 0x0, 0x0,

    /* U+00B5 "µ" */
    0xff, 0xf2, 0x0, 0x0, 0x0, 0xff, 0xf1, 0xff,
    0xf2, 0x0, 0x0, 0x0, 0xff, 0xf1, 0xff, 0xf2,
    0x0, 0x0, 0x0, 0xff, 0xf1, 0xff, 0xf2, 0x0,
    0x0, 0x0, 0xff, 0xf1, 0xff, 0xf2, 0x0, 0x0,
    0x0, 0xff, 0xf1, 0xff, 0xf2, 0x0, 0x0, 0x0,
    0xff, 0xf1, 0xff, 0xf2, 0x0, 0x0, 0x0, 0xff,
    0xf1, 0xff, 0xf2, 0x0, 0x0, 0x1, 0xff, 0xf1,
    0xff, 0xf4, 0x0, 0x0, 0x3, 0xff, 0xf1, 0xff,
    0xf8, 0x0, 0x0, 0x9, 0xff, 0xf1, 0xff, 0xff,
    0x40, 0x0, 0x5f, 0xff, 0xf1, 0xff, 0xff, 0xfd,
    0xbd, 0xff, 0xff, 0xf1, 0xff, 0xff, 0xff, 0xff,
    0xfc, 0xdf, 0xf1, 0xff, 0xf5, 0xae, 0xfd, 0x80,
    0xdf, 0xf1, 0xff, 0xf2, 0x0, 0x0, 0x0, 0x0,
    0x0, 0xff, 0xf2, 0x0, 0x0, 0x0, 0x0, 0x0,
    0xff, 0xf2, 0x0, 0x0, 0x0, 0x0, 0x0, 0xff,
    0xf2, 0x0, 0x0, 0x0, 0x0, 0x0, 0xff, 0xf2,
    0x0, 0x0, 0x0, 0x0, 0x0,

    /* U+00B6 "¶" */
    0x0, 0x0, 0x46, 0x67, 0x77, 0x77, 0x77, 0x20,
    0x7, 0xff, 0xff, 0xff, 0xff, 0xff, 0xf4, 0x9,
    0xff, 0xff, 0xff, 0xff, 0xff, 0xff, 0x42, 0xff,
    0xff, 0xff, 0xf4, 0x0, 0x4f, 0xf4, 0x7f, 0xff,
    0xff, 0xff, 0x40, 0x4, 0xff, 0x48, 0xff, 0xff,
    0xff, 0xf4, 0x0, 0x4f, 0xf4, 0x6f, 0xff, 0xff,
    0xff, 0x40, 0x4, 0xff, 0x41, 0xff, 0xff, 0xff,
    0xf4, 0x0, 0x4f, 0xf4, 0x6, 0xff, 0xff, 0xff,
    0x40, 0x4, 0xff, 0x40, 0x4, 0xcf, 0xff, 0xf4,
    0x0, 0x4f, 0xf4, 0x0, 0x0, 0x17, 0xff, 0x40,
    0x4, 0xff, 0x40, 0x0, 0x0, 0x5f, 0xf4, 0x0,
    0x4f, 0xf4, 0x0, 0x0, 0x5, 0xff, 0x40, 0x4,
    0xff, 0x40, 0x0, 0x0, 0x5f, 0xf4, 0x0, 0x4f,
    0xf4, 0x0, 0x0, 0x5, 0xff, 0x40, 0x4, 0xff,
    0x40, 0x0, 0x0, 0x5f, 0xf4, 0x0, 0x4f, 0xf4,
    0x0, 0x0, 0x5, 0xff, 0x40, 0x4, 0xff, 0x40,
    0x0, 0x0, 0x5f, 0xf4, 0x0, 0x4f, 0xf4, 0x0,
    0x0, 0x5, 0xff, 0x40, 0x4, 0xff, 0x40, 0x0,
    0x0, 0x5f, 0xf4, 0x0, 0x4f, 0xf4, 0x0, 0x0,
    0x5, 0xff, 0x40, 0x4, 0xff, 0x40, 0x0, 0x0,
    0x5f, 0xf4, 0x0, 0x4f, 0xf4, 0x0, 0x0, 0x2,
    0x88, 0x20, 0x2, 0x88, 0x20,

    /* U+00B7 "·" */
    0x1, 0x41, 0x1, 0xef, 0xf2, 0x7f, 0xff, 0x85,
    0xff, 0xf7, 0xa, 0xfb, 0x0,

    /* U+00B8 "¸" */
    0x0, 0x7f, 0x30, 0x0, 0xb, 0xf6, 0x0, 0x0,
    0x9c, 0xfc, 0x0, 0x0, 0xf, 0xf1, 0x2e, 0xbc,
    0xfe, 0x4, 0xdf, 0xeb, 0x20,

    /* U+00B9 "¹" */
    0xe, 0xff, 0xff, 0x0, 0x0, 0xac, 0xff, 0xf0,
    0x0, 0x0, 0x5, 0xff, 0x0, 0x0, 0x0, 0x5f,
    0xf0, 0x0, 0x0, 0x5, 0xff, 0x0, 0x0, 0x0,
    0x5f, 0xf0, 0x0, 0x0, 0x5, 0xff, 0x0, 0x0,
    0x0, 0x5f, 0xf0, 0x0, 0x0, 0x5, 0xff, 0x0,
    0x0, 0xcc, 0xff, 0xfc, 0xc4, 0x1f, 0xff, 0xff,
    0xff, 0x50,

    /* U+00BA "º" */
    0x0, 0x3a, 0xef, 0xd7, 0x0, 0x4, 0xff, 0xed,
    0xff, 0xc0, 0xe, 0xf8, 0x0, 0x1d, 0xf8, 0x3f,
    0xe0, 0x0, 0x6, 0xfc, 0x3f, 0xe0, 0x0, 0x6,
    0xfc, 0xe, 0xf8, 0x0, 0x1d, 0xf8, 0x5, 0xff,
    0xed, 0xff, 0xd0, 0x0, 0x3b, 0xef, 0xd8, 0x0,

    /* U+00BB "»" */
    0x0, 0x0, 0x0, 0x0, 0x0, 0x0, 0x0, 0xdf,
    0xe1, 0xa, 0xff, 0x20, 0x0, 0x3, 0xff, 0xa0,
    0x1e, 0xfd, 0x0, 0x0, 0x8, 0xff, 0x50, 0x4f,
    0xf9, 0x0, 0x0, 0xc, 0xff, 0x10, 0x9f, 0xf4,
    0x0, 0x0, 0x2f, 0xfc, 0x0, 0xdf, 0xe1, 0x0,
    0x2, 0xff, 0xc0, 0xd, 0xfe, 0x10, 0x0, 0xcf,
    0xf1, 0x9, 0xff, 0x40, 0x0, 0x8f, 0xf5, 0x5,
    0xff, 0x80, 0x0, 0x3f, 0xfa, 0x1, 0xef, 0xd0,
    0x0, 0xd, 0xfd, 0x0, 0xbf, 0xf2, 0x0, 0x0,

    /* U+00BC "¼" */
    0xb, 0xdd, 0xdc, 0x0, 0x0, 0x0, 0x0, 0x0,
    0x6d, 0xb0, 0x0, 0x0, 0x0, 0xef, 0xff, 0xf0,
    0x0, 0x0, 0x0, 0x0, 0x2f, 0xf4, 0x0, 0x0,
    0x0, 0x0, 0x5, 0xff, 0x0, 0x0, 0x0, 0x0,
    0xc, 0xfa, 0x0, 0x0, 0x0, 0x0, 0x0, 0x5f,
    0xf0, 0x0, 0x0, 0x0, 0x6, 0xfe, 0x10, 0x0,
    0x0, 0x0, 0x0, 0x5, 0xff, 0x0, 0x0, 0x0,
    0x1, 0xff, 0x50, 0x0, 0x0, 0x0, 0x0, 0x0,
    0x5f, 0xf0, 0x0, 0x0, 0x0, 0xbf, 0xb0, 0x0,
    0x0, 0x0, 0x0, 0x0, 0x5, 0xff, 0x0, 0x0,
    0x0, 0x6f, 0xf1, 0x0, 0x0, 0x0, 0x0, 0x0,
    0x0, 0x5f, 0xf0, 0x0, 0x0, 0x1e, 0xf6, 0x0,
    0x0, 0x36, 0x50, 0x0, 0x0, 0x5, 0xff, 0x0,
    0x0, 0xa, 0xfb, 0x0, 0x0, 0x2f, 0xf5, 0x0,
    0x1, 0xdd, 0xff, 0xfd, 0xd4, 0x5, 0xff, 0x20,
    0x0, 0xc, 0xfa, 0x0, 0x0, 0x1f, 0xff, 0xff,
    0xff, 0x51, 0xef, 0x60, 0x0, 0x8, 0xfd, 0x0,
    0x0, 0x0, 0x0, 0x0, 0x0, 0x0, 0xaf, 0xc0,
    0x0, 0x3, 0xff, 0x30, 0x0, 0x0, 0x0, 0x0,
    0x0, 0x0, 0x4f, 0xf2, 0x0, 0x0, 0xdf, 0x80,
    0x6d, 0x70, 0x0, 0x0, 0x0, 0x0, 0xe, 0xf7,
    0x0, 0x0, 0xaf, 0xc0, 0x7, 0xf8, 0x0, 0x0,
    0x0, 0x0, 0x9, 0xfc, 0x0, 0x0, 0x4f, 0xff,
    0xdd, 0xff, 0xfd, 0x50, 0x0, 0x0, 0x4, 0xff,
    0x30, 0x0, 0x5, 0xff, 0xff, 0xff, 0xff, 0xf6,
    0x0, 0x0, 0x0, 0xdf, 0x80, 0x0, 0x0, 0x0,
    0x0, 0x0, 0xaf, 0x80, 0x0, 0x0, 0x0, 0x8f,
    0xd0, 0x0, 0x0, 0x0, 0x0, 0x0, 0xa, 0xf8,
    0x0, 0x0, 0x0, 0x7, 0x83, 0x0, 0x0, 0x0,
    0x0, 0x0, 0x0, 0x58, 0x40, 0x0,

    /* U+00BD "½" */
    0xe, 0xff, 0xff, 0x0, 0x0, 0x0, 0x0, 0x0,
    0x9f, 0xd0, 0x0, 0x0, 0xb, 0xdf, 0xff, 0x0,
    0x0, 0x0, 0x0, 0x4, 0xff, 0x30, 0x0, 0x0,
    0x0, 0x5, 0xff, 0x0, 0x0, 0x0, 0x0, 0xd,
    0xf8, 0x0, 0x0, 0x0, 0x0, 0x5, 0xff, 0x0,
    0x0, 0x0, 0x0, 0x9f, 0xd0, 0x0, 0x0, 0x0,
    0x0, 0x5, 0xff, 0x0, 0x0, 0x0, 0x3, 0xff,
    0x30, 0x0, 0x0, 0x0, 0x0, 0x5, 0xff, 0x0,
    0x0, 0x0, 0xd, 0xf8, 0x0, 0x0, 0x0, 0x0,
    0x0, 0x5, 0xff, 0x0, 0x0, 0x0, 0x9f, 0xd0,
    0x0, 0x0, 0x0, 0x0, 0x0, 0x5, 0xff, 0x0,
    0x0, 0x3, 0xff, 0x30, 0x5b, 0xde, 0xc6, 0x0,
    0x0, 0x5, 0xff, 0x0, 0x0, 0xd, 0xf8, 0xa,
    0xff, 0xff, 0xff, 0xc0, 0x1f, 0xff, 0xff, 0xff,
    0x50, 0x9f, 0xd0, 0x8, 0xe5, 0x0, 0x6f, 0xf4,
    0x1d, 0xde, 0xde, 0xdd, 0x43, 0xff, 0x30, 0x0,
    0x10, 0x0, 0xe, 0xf5, 0x0, 0x0, 0x0, 0x0,
    0xd, 0xf8, 0x0, 0x0, 0x0, 0x0, 0x4f, 0xf2,
    0x0, 0x0, 0x0, 0x0, 0x8f, 0xd0, 0x0, 0x0,
    0x0, 0x4, 0xff, 0x70, 0x0, 0x0, 0x0, 0x3,
    0xff, 0x30, 0x0, 0x0, 0x0, 0x5f, 0xf8, 0x0,
    0x0, 0x0, 0x0, 0xd, 0xf8, 0x0, 0x0, 0x0,
    0x6, 0xff, 0x70, 0x0, 0x0, 0x0, 0x0, 0x8f,
    0xd0, 0x0, 0x0, 0x0, 0x8f, 0xf5, 0x0, 0x0,
    0x0, 0x0, 0x3, 0xff, 0x30, 0x0, 0x0, 0x8,
    0xff, 0xfd, 0xdd, 0xdb, 0x0, 0x0, 0xd, 0xf8,
    0x0, 0x0, 0x0, 0xa, 0xff, 0xff, 0xff, 0xfd,

    /* U+00BE "¾" */
    0xd, 0xdd, 0xdd, 0xdd, 0xd2, 0x0, 0x0, 0x0,
    0x6, 0xdb, 0x0, 0x0, 0x0, 0xf, 0xff, 0xff,
    0xff, 0xf1, 0x0, 0x0, 0x0, 0x2f, 0xf4, 0x0,
    0x0, 0x0, 0x0, 0x0, 0x3, 0xff, 0x40, 0x0,
    0x0, 0x0, 0xcf, 0xa0, 0x0, 0x0, 0x0, 0x0,
    0x0, 0x3f, 0xf5, 0x0, 0x0, 0x0, 0x6, 0xfe,
    0x10, 0x0, 0x0, 0x0, 0x0, 0x1, 0xff, 0xe6,
    0x0, 0x0, 0x0, 0x1f, 0xf5, 0x0, 0x0, 0x0,
    0x0, 0x0, 0x2, 0xff, 0xff, 0xd1, 0x0, 0x0,
    0xbf, 0xb0, 0x0, 0x0, 0x0, 0x0, 0x0, 0x0,
    0x0, 0x3e, 0xf8, 0x0, 0x6, 0xff, 0x10, 0x0,
    0x0, 0x0, 0x0, 0x0, 0x0, 0x0, 0x9, 0xfb,
    0x0, 0x1e, 0xf6, 0x0, 0x0, 0x69, 0x70, 0x0,
    0xc, 0x72, 0x0, 0x3e, 0xf8, 0x0, 0xaf, 0xb0,
    0x0, 0x3, 0xff, 0x30, 0x0, 0x4f, 0xff, 0xff,
    0xff, 0xd1, 0x5, 0xff, 0x20, 0x0, 0xd, 0xf8,
    0x0, 0x0, 0x4, 0xad, 0xff, 0xd8, 0x10, 0x1e,
    0xf6, 0x0, 0x0, 0x9f, 0xd0, 0x0, 0x0, 0x0,
    0x0, 0x0, 0x0, 0x0, 0xaf, 0xc0, 0x0, 0x4,
    0xff, 0x20, 0x0, 0x0, 0x0, 0x0, 0x0, 0x0,
    0x4, 0xff, 0x20, 0x0, 0x1e, 0xf7, 0x6, 0xf8,
    0x0, 0x0, 0x0, 0x0, 0x0, 0xe, 0xf7, 0x0,
    0x0, 0xaf, 0xc0, 0x7, 0xf8, 0x0, 0x0, 0x0,
    0x0, 0x0, 0x9f, 0xc0, 0x0, 0x4, 0xff, 0xfd,
    0xdf, 0xff, 0xd5, 0x0, 0x0, 0x0, 0x4, 0xff,
    0x30, 0x0, 0x5, 0xff, 0xff, 0xff, 0xff, 0xf6,
    0x0, 0x0, 0x0, 0xd, 0xf8, 0x0, 0x0, 0x0,
    0x0, 0x0, 0xa, 0xf8, 0x0, 0x0, 0x0, 0x0,
    0x8f, 0xd0, 0x0, 0x0, 0x0, 0x0, 0x0, 0xa,
    0xf8, 0x0, 0x0, 0x0, 0x0, 0x78, 0x30, 0x0,
    0x0, 0x0, 0x0, 0x0, 0x5, 0x84, 0x0,

    /* U+00BF "¿" */
    0x0, 0x0, 0x1b, 0xf9, 0x0, 0x0, 0x0, 0x0,
    0x0, 0x8f, 0xff, 0x40, 0x0, 0x0, 0x0, 0x0,
    0x8f, 0xff, 0x40, 0x0, 0x0, 0x0, 0x0, 0x1c,
    0xf9, 0x0, 0x0, 0x0, 0x0, 0x0, 0x0, 0x0,
    0x0, 0x0, 0x0, 0x0, 0x0, 0x0, 0x0, 0x0,
    0x0, 0x0, 0x0, 0x0, 0x3e, 0xed, 0x0, 0x0,
    0x0, 0x0, 0x0, 0x9f, 0xfb, 0x0, 0x0, 0x0,
    0x0, 0x6, 0xff, 0xf3, 0x0, 0x0, 0x0, 0x0,
    0x7f, 0xff, 0x60, 0x0, 0x0, 0x0, 0x6, 0xff,
    0xf5, 0x0, 0x0, 0x0, 0x0, 0x1f, 0xff, 0x60,
    0x0, 0x0, 0x0, 0x0, 0x5f, 0xfe, 0x0, 0x0,
    0x0, 0x0, 0x0, 0x7f, 0xfe, 0x0, 0x0, 0x0,
    0x46, 0x0, 0x4f, 0xff, 0x91, 0x0, 0x7, 0xff,
    0xb1, 0xe, 0xff, 0xff, 0xdd, 0xff, 0xff, 0xc0,
    0x2, 0xef, 0xff, 0xff, 0xff, 0xf9, 0x0, 0x0,
    0x7, 0xbe, 0xfe, 0xd8, 0x30, 0x0,

    /* U+00C0 "À" */
    0x0, 0x0, 0x2, 0xdf, 0xf8, 0x0, 0x0, 0x0,
    0x0, 0x0, 0x0, 0x0, 0x0, 0xa, 0xff, 0x80,
    0x0, 0x0, 0x0, 0x0, 0x0, 0x0, 0x0, 0x0,
    0x7f, 0xf7, 0x0, 0x0, 0x0, 0x0, 0x0, 0x0,
    0x0, 0x0, 0x4, 0x87, 0x10, 0x0, 0x0, 0x0,
    0x0, 0x0, 0x0, 0x0, 0x0, 0x0, 0x0, 0x0,
    0x0, 0x0, 0x0, 0x0, 0x0, 0x0, 0x7f, 0xff,
    0x20, 0x0, 0x0, 0x0, 0x0, 0x0, 0x0, 0x0,
    0xef, 0xff, 0x90, 0x0, 0x0, 0x0, 0x0, 0x0,
    0x0, 0x5, 0xff, 0xff, 0xf1, 0x0, 0x0, 0x0,
    0x0, 0x0, 0x0, 0xc, 0xff, 0xdf, 0xf7, 0x0,
    0x0, 0x0, 0x0, 0x0, 0x0, 0x3f, 0xfd, 0x2f,
    0xfe, 0x0, 0x0, 0x0, 0x0, 0x0, 0x0, 0xaf,
    0xf6, 0xc, 0xff, 0x50, 0x0, 0x0, 0x0, 0x0,
    0x1, 0xff, 0xf0, 0x5, 0xff, 0xc0, 0x0, 0x0,
    0x0, 0x0, 0x8, 0xff, 0x90, 0x0, 0xef, 0xf3,
    0x0, 0x0, 0x0, 0x0, 0xe, 0xff, 0x20, 0x0,
    0x8f, 0xfa, 0x0, 0x0, 0x0, 0x0, 0x6f, 0xfb,
    0x0, 0x0, 0x1f, 0xff, 0x20, 0x0, 0x0, 0x0,
    0xdf, 0xf5, 0x0, 0x0, 0xa, 0xff, 0x80, 0x0,
    0x0, 0x4, 0xff, 0xff, 0xff, 0xff, 0xff, 0xff,
    0xf0, 0x0, 0x0, 0xb, 0xff, 0xff, 0xff, 0xff,
    0xff, 0xff, 0xf6, 0x0, 0x0, 0x2f, 0xff, 0xba,
    0xaa, 0xaa, 0xaa, 0xff, 0xfd, 0x0, 0x0, 0x9f,
    0xfa, 0x0, 0x0, 0x0, 0x0, 0xf, 0xff, 0x40,
    0x1, 0xff, 0xf4, 0x0, 0x0, 0x0, 0x0, 0x9,
    0xff, 0xb0, 0x7, 0xff, 0xd0, 0x0, 0x0, 0x0,
    0x0, 0x2, 0xff, 0xf2, 0xe, 0xff, 0x60, 0x0,
    0x0, 0x0, 0x0, 0x0, 0xcf, 0xf9,

    /* U+00C1 "Á" */
    0x0, 0x0, 0x0, 0x0, 0x0, 0xc, 0xff, 0xa0,
    0x0, 0x0, 0x0, 0x0, 0x0, 0x0, 0x0, 0xcf,
    0xf7, 0x0, 0x0, 0x0, 0x0, 0x0, 0x0, 0x0,
    0xb, 0xfe, 0x40, 0x0, 0x0, 0x0, 0x0, 0x0,
    0x0, 0x0, 0x48, 0x72, 0x0, 0x0, 0x0, 0x0,
    0x0, 0x0, 0x0, 0x0, 0x0, 0x0, 0x0, 0x0,
    0x0, 0x0, 0x0, 0x0, 0x0, 0x0, 0x7f, 0xff,
    0x20, 0x0, 0x0, 0x0, 0x0, 0x0, 0x0, 0x0,
    0xef, 0xff, 0x90, 0x0, 0x0, 0x0, 0x0, 0x0,
    0x0, 0x5, 0xff, 0xff, 0xf1, 0x0, 0x0, 0x0,
    0x0, 0x0, 0x0, 0xc, 0xff, 0xdf, 0xf7, 0x0,
    0x0, 0x0, 0x0, 0x0, 0x0, 0x3f, 0xfd, 0x2f,
    0xfe, 0x0, 0x0, 0x0, 0x0, 0x0, 0x0, 0xaf,
    0xf6, 0xc, 0xff, 0x50, 0x0, 0x0, 0x0, 0x0,
    0x1, 0xff, 0xf0, 0x5, 0xff, 0xc0, 0x0, 0x0,
    0x0, 0x0, 0x8, 0xff, 0x90, 0x0, 0xef, 0xf3,
    0x0, 0x0, 0x0, 0x0, 0xe, 0xff, 0x20, 0x0,
    0x8f, 0xfa, 0x0, 0x0, 0x0, 0x0, 0x6f, 0xfb,
    0x0, 0x0, 0x1f, 0xff, 0x20, 0x0, 0x0, 0x0,
    0xdf, 0xf5, 0x0, 0x0, 0xa, 0xff, 0x80, 0x0,
    0x0, 0x4, 0xff, 0xff, 0xff, 0xff, 0xff, 0xff,
    0xf0, 0x0, 0x0, 0xb, 0xff, 0xff, 0xff, 0xff,
    0xff, 0xff, 0xf6, 0x0, 0x0, 0x2f, 0xff, 0xba,
    0xaa, 0xaa, 0xaa, 0xff, 0xfd, 0x0, 0x0, 0x9f,
    0xfa, 0x0, 0x0, 0x0, 0x0, 0xf, 0xff, 0x40,
    0x1, 0xff, 0xf4, 0x0, 0x0, 0x0, 0x0, 0x9,
    0xff, 0xb0, 0x7, 0xff, 0xd0, 0x0, 0x0, 0x0,
    0x0, 0x2, 0xff, 0xf2, 0xe, 0xff, 0x60, 0x0,
    0x0, 0x0, 0x0, 0x0, 0xcf, 0xf9,

    /* U+00C2 "Â" */
    0x0, 0x0, 0x0, 0x0, 0x8f, 0xff, 0x40, 0x0,
    0x0, 0x0, 0x0, 0x0, 0x0, 0x8, 0xff, 0xff,
    0xf3, 0x0, 0x0, 0x0, 0x0, 0x0, 0x0, 0x7f,
    0xf5, 0x9, 0xff, 0x30, 0x0, 0x0, 0x0, 0x0,
    0x1, 0x78, 0x30, 0x0, 0x58, 0x60, 0x0, 0x0,
    0x0, 0x0, 0x0, 0x0, 0x0, 0x0, 0x0, 0x0,
    0x0, 0x0, 0x0, 0x0, 0x0, 0x0, 0x7f, 0xff,
    0x20, 0x0, 0x0, 0x0, 0x0, 0x0, 0x0, 0x0,
    0xef, 0xff, 0x90, 0x0, 0x0, 0x0, 0x0, 0x0,
    0x0, 0x5, 0xff, 0xff, 0xf1, 0x0, 0x0, 0x0,
    0x0, 0x0, 0x0, 0xc, 0xff, 0xdf, 0xf7, 0x0,
    0x0, 0x0, 0x0, 0x0, 0x0, 0x3f, 0xfd, 0x2f,
    0xfe, 0x0, 0x0, 0x0, 0x0, 0x0, 0x0, 0xaf,
    0xf6, 0xc, 0xff, 0x50, 0x0, 0x0, 0x0, 0x0,
    0x1, 0xff, 0xf0, 0x5, 0xff, 0xc0, 0x0, 0x0,
    0x0, 0x0, 0x8, 0xff, 0x90, 0x0, 0xef, 0xf3,
    0x0, 0x0, 0x0, 0x0, 0xe, 0xff, 0x20, 0x0,
    0x8f, 0xfa, 0x0, 0x0, 0x0, 0x0, 0x6f, 0xfb,
    0x0, 0x0, 0x1f, 0xff, 0x20, 0x0, 0x0, 0x0,
    0xdf, 0xf5, 0x0, 0x0, 0xa, 0xff, 0x80, 0x0,
    0x0, 0x4, 0xff, 0xff, 0xff, 0xff, 0xff, 0xff,
    0xf0, 0x0, 0x0, 0xb, 0xff, 0xff, 0xff, 0xff,
    0xff, 0xff, 0xf6, 0x0, 0x0, 0x2f, 0xff, 0xba,
    0xaa, 0xaa, 0xaa, 0xff, 0xfd, 0x0, 0x0, 0x9f,
    0xfa, 0x0, 0x0, 0x0, 0x0, 0xf, 0xff, 0x40,
    0x1, 0xff, 0xf4, 0x0, 0x0, 0x0, 0x0, 0x9,
    0xff, 0xb0, 0x7, 0xff, 0xd0, 0x0, 0x0, 0x0,
    0x0, 0x2, 0xff, 0xf2, 0xe, 0xff, 0x60, 0x0,
    0x0, 0x0, 0x0, 0x0, 0xcf, 0xf9,

    /* U+00C3 "Ã" */
    0x0, 0x0, 0x0, 0x0, 0x0, 0x0, 0x0, 0x0,
    0x0, 0x0, 0x0, 0x0, 0x0, 0x4d, 0xfd, 0x82,
    0x1d, 0xf0, 0x0, 0x0, 0x0, 0x0, 0x1, 0xff,
    0xff, 0xff, 0xff, 0xb0, 0x0, 0x0, 0x0, 0x0,
    0x6, 0xf9, 0x3, 0xae, 0xfc, 0x10, 0x0, 0x0,
    0x0, 0x0, 0x0, 0x0, 0x0, 0x0, 0x0, 0x0,
    0x0, 0x0, 0x0, 0x0, 0x0, 0x0, 0x0, 0x0,
    0x0, 0x0, 0x0, 0x0, 0x0, 0x0, 0x0, 0x0,
    0x7f, 0xff, 0x20, 0x0, 0x0, 0x0, 0x0, 0x0,
    0x0, 0x0, 0xef, 0xff, 0x90, 0x0, 0x0, 0x0,
    0x0, 0x0, 0x0, 0x5, 0xff, 0xff, 0xf1, 0x0,
    0x0, 0x0, 0x0, 0x0, 0x0, 0xc, 0xff, 0xdf,
    0xf7, 0x0, 0x0, 0x0, 0x0, 0x0, 0x0, 0x3f,
    0xfd, 0x2f, 0xfe, 0x0, 0x0, 0x0, 0x0, 0x0,
    0x0, 0xaf, 0xf6, 0xc, 0xff, 0x50, 0x0, 0x0,
    0x0, 0x0, 0x1, 0xff, 0xf0, 0x5, 0xff, 0xc0,
    0x0, 0x0, 0x0, 0x0, 0x8, 0xff, 0x90, 0x0,
    0xef, 0xf3, 0x0, 0x0, 0x0, 0x0, 0xe, 0xff,
    0x20, 0x0, 0x8f, 0xfa, 0x0, 0x0, 0x0, 0x0,
    0x6f, 0xfb, 0x0, 0x0, 0x1f, 0xff, 0x20, 0x0,
    0x0, 0x0, 0xdf, 0xf5, 0x0, 0x0, 0xa, 0xff,
    0x80, 0x0, 0x0, 0x4, 0xff, 0xff, 0xff, 0xff,
    0xff, 0xff, 0xf0, 0x0, 0x0, 0xb, 0xff, 0xff,
    0xff, 0xff, 0xff, 0xff, 0xf6, 0x0, 0x0, 0x2f,
    0xff, 0xba, 0xaa, 0xaa, 0xaa, 0xff, 0xfd, 0x0,
    0x0, 0x9f, 0xfa, 0x0, 0x0, 0x0, 0x0, 0xf,
    0xff, 0x40, 0x1, 0xff, 0xf4, 0x0, 0x0, 0x0,
    0x0, 0x9, 0xff, 0xb0, 0x7, 0xff, 0xd0, 0x0,
    0x0, 0x0, 0x0, 0x2, 0xff, 0xf2, 0xe, 0xff,
    0x60, 0x0, 0x0, 0x0, 0x0, 0x0, 0xcf, 0xf9,

    /* U+00C4 "Ä" */
    0x0, 0x0, 0x0, 0x3e, 0xd1, 0x4, 0xec, 0x0,
    0x0, 0x0, 0x0, 0x0, 0x0, 0x8f, 0xf6, 0xa,
    0xff, 0x30, 0x0, 0x0, 0x0, 0x0, 0x0, 0x4f,
    0xe2, 0x6, 0xfe, 0x10, 0x0, 0x0, 0x0, 0x0,
    0x0, 0x0, 0x0, 0x0, 0x10, 0x0, 0x0, 0x0,
    0x0, 0x0, 0x0, 0x0, 0x0, 0x0, 0x0, 0x0,
    0x0, 0x0, 0x0, 0x0, 0x0, 0x0, 0x7f, 0xff,
    0x20, 0x0, 0x0, 0x0, 0x0, 0x0, 0x0, 0x0,
    0xef, 0xff, 0x90, 0x0, 0x0, 0x0, 0x0, 0x0,
    0x0, 0x5, 0xff, 0xff, 0xf1, 0x0, 0x0, 0x0,
    0x0, 0x0, 0x0, 0xc, 0xff, 0xdf, 0xf7, 0x0,
    0x0, 0x0, 0x0, 0x0, 0x0, 0x3f, 0xfd, 0x2f,
    0xfe, 0x0, 0x0, 0x0, 0x0, 0x0, 0x0, 0xaf,
    0xf6, 0xc, 0xff, 0x50, 0x0, 0x0, 0x0, 0x0,
    0x1, 0xff, 0xf0, 0x5, 0xff, 0xc0, 0x0, 0x0,
    0x0, 0x0, 0x8, 0xff, 0x90, 0x0, 0xef, 0xf3,
    0x0, 0x0, 0x0, 0x0, 0xe, 0xff, 0x20, 0x0,
    0x8f, 0xfa, 0x0, 0x0, 0x0, 0x0, 0x6f, 0xfb,
    0x0, 0x0, 0x1f, 0xff, 0x20, 0x0, 0x0, 0x0,
    0xdf, 0xf5, 0x0, 0x0, 0xa, 0xff, 0x80, 0x0,
    0x0, 0x4, 0xff, 0xff, 0xff, 0xff, 0xff, 0xff,
    0xf0, 0x0, 0x0, 0xb, 0xff, 0xff, 0xff, 0xff,
    0xff, 0xff, 0xf6, 0x0, 0x0, 0x2f, 0xff, 0xba,
    0xaa, 0xaa, 0xaa, 0xff, 0xfd, 0x0, 0x0, 0x9f,
    0xfa, 0x0, 0x0, 0x0, 0x0, 0xf, 0xff, 0x40,
    0x1, 0xff, 0xf4, 0x0, 0x0, 0x0, 0x0, 0x9,
    0xff, 0xb0, 0x7, 0xff, 0xd0, 0x0, 0x0, 0x0,
    0x0, 0x2, 0xff, 0xf2, 0xe, 0xff, 0x60, 0x0,
    0x0, 0x0, 0x0, 0x0, 0xcf, 0xf9,

    /* U+00C5 "Å" */
    0x0, 0x0, 0x0, 0x0, 0x0, 0x0, 0x0, 0x0,
    0x0, 0x0, 0x0, 0x0, 0x0, 0x0, 0x5e, 0xfc,
    0x20, 0x0, 0x0, 0x0, 0x0, 0x0, 0x0, 0x2,
    0xf9, 0x4c, 0xd0, 0x0, 0x0, 0x0, 0x0, 0x0,
    0x0, 0x7, 0xd0, 0x3, 0xf2, 0x0, 0x0, 0x0,
    0x0, 0x0, 0x0, 0x8, 0xd0, 0x2, 0xf3, 0x0,
    0x0, 0x0, 0x0, 0x0, 0x0, 0x4, 0xf6, 0x1a,
    0xe0, 0x0, 0x0, 0x0, 0x0, 0x0, 0x0, 0x0,
    0x8f, 0xfe, 0x40, 0x0, 0x0, 0x0, 0x0, 0x0,
    0x0, 0x0, 0x1, 0x30, 0x0, 0x0, 0x0, 0x0,
    0x0, 0x0, 0x0, 0x0, 0x7f, 0xff, 0x20, 0x0,
    0x0, 0x0, 0x0, 0x0, 0x0, 0x0, 0xef, 0xff,
    0x90, 0x0, 0x0, 0x0, 0x0, 0x0, 0x0, 0x5,
    0xff, 0xff, 0xf1, 0x0, 0x0, 0x0, 0x0, 0x0,
    0x0, 0xc, 0xff, 0xdf, 0xf7, 0x0, 0x0, 0x0,
    0x0, 0x0, 0x0, 0x3f, 0xfd, 0x2f, 0xfe, 0x0,
    0x0, 0x0, 0x0, 0x0, 0x0, 0xaf, 0xf6, 0xc,
    0xff, 0x50, 0x0, 0x0, 0x0, 0x0, 0x1, 0xff,
    0xf0, 0x5, 0xff, 0xc0, 0x0, 0x0, 0x0, 0x0,
    0x8, 0xff, 0x90, 0x0, 0xef, 0xf3, 0x0, 0x0,
    0x0, 0x0, 0xe, 0xff, 0x20, 0x0, 0x8f, 0xfa,
    0x0, 0x0, 0x0, 0x0, 0x6f, 0xfb, 0x0, 0x0,
    0x1f, 0xff, 0x20, 0x0, 0x0, 0x0, 0xdf, 0xf5,
    0x0, 0x0, 0xa, 0xff, 0x80, 0x0, 0x0, 0x4,
    0xff, 0xff, 0xff, 0xff, 0xff, 0xff, 0xf0, 0x0,
    0x0, 0xb, 0xff, 0xff, 0xff, 0xff, 0xff, 0xff,
    0xf6, 0x0, 0x0, 0x2f, 0xff, 0xba, 0xaa, 0xaa,
    0xaa, 0xff, 0xfd, 0x0, 0x0, 0x9f, 0xfa, 0x0,
    0x0, 0x0, 0x0, 0xf, 0xff, 0x40, 0x1, 0xff,
    0xf4, 0x0, 0x0, 0x0, 0x0, 0x9, 0xff, 0xb0,
    0x7, 0xff, 0xd0, 0x0, 0x0, 0x0, 0x0, 0x2,
    0xff, 0xf2, 0xe, 0xff, 0x60, 0x0, 0x0, 0x0,
    0x0, 0x0, 0xcf, 0xf9,

    /* U+00C6 "Æ" */
    0x0, 0x0, 0x0, 0x0, 0x0, 0x4f, 0xff, 0xff,
    0xff, 0xff, 0xff, 0xff, 0xff, 0x0, 0x0, 0x0,
    0x0, 0x0, 0xc, 0xff, 0xff, 0xff, 0xff, 0xff,
    0xff, 0xff, 0xf0, 0x0, 0x0, 0x0, 0x0, 0x6,
    0xff, 0xff, 0xff, 0xed, 0xdd, 0xdd, 0xdd, 0xdc,
    0x0, 0x0, 0x0, 0x0, 0x0, 0xef, 0xf3, 0xdf,
    0xf6, 0x0, 0x0, 0x0, 0x0, 0x0, 0x0, 0x0,
    0x0, 0x0, 0x8f, 0xfb, 0xd, 0xff, 0x60, 0x0,
    0x0, 0x0, 0x0, 0x0, 0x0, 0x0, 0x0, 0x1f,
    0xff, 0x20, 0xdf, 0xf6, 0x0, 0x0, 0x0, 0x0,
    0x0, 0x0, 0x0, 0x0, 0xa, 0xff, 0x90, 0xd,
    0xff, 0x60, 0x0, 0x0, 0x0, 0x0, 0x0, 0x0,
    0x0, 0x3, 0xff, 0xf1, 0x0, 0xdf, 0xff, 0xcc,
    0xcc, 0xcc, 0xca, 0x0, 0x0, 0x0, 0x0, 0xcf,
    0xf7, 0x0, 0xd, 0xff, 0xff, 0xff, 0xff, 0xff,
    0xe0, 0x0, 0x0, 0x0, 0x5f, 0xfe, 0x0, 0x0,
    0xdf, 0xff, 0xff, 0xff, 0xff, 0xfe, 0x0, 0x0,
    0x0, 0xd, 0xff, 0x50, 0x0, 0xd, 0xff, 0x60,
    0x0, 0x0, 0x0, 0x0, 0x0, 0x0, 0x7, 0xff,
    0xff, 0xff, 0xff, 0xff, 0xf6, 0x0, 0x0, 0x0,
    0x0, 0x0, 0x0, 0x1, 0xff, 0xff, 0xff, 0xff,
    0xff, 0xff, 0x60, 0x0, 0x0, 0x0, 0x0, 0x0,
    0x0, 0x9f, 0xff, 0xaa, 0xaa, 0xaa, 0xff, 0xf6,
    0x0, 0x0, 0x0, 0x0, 0x0, 0x0, 0x2f, 0xff,
    0x20, 0x0, 0x0, 0xd, 0xff, 0x60, 0x0, 0x0,
    0x0, 0x0, 0x0, 0xb, 0xff, 0x90, 0x0, 0x0,
    0x0, 0xdf, 0xfe, 0xdd, 0xdd, 0xdd, 0xdd, 0xd3,
    0x4, 0xff, 0xf1, 0x0, 0x0, 0x0, 0xd, 0xff,
    0xff, 0xff, 0xff, 0xff, 0xff, 0x40, 0xdf, 0xf7,
    0x0, 0x0, 0x0, 0x0, 0xdf, 0xff, 0xff, 0xff,
    0xff, 0xff, 0xf4,

    /* U+00C7 "Ç" */
    0x0, 0x0, 0x3, 0x8c, 0xef, 0xec, 0x82, 0x0,
    0x0, 0x0, 0x1b, 0xff, 0xff, 0xff, 0xff, 0xf9,
    0x0, 0x0, 0x3e, 0xff, 0xff, 0xff, 0xff, 0xff,
    0xfc, 0x10, 0x2e, 0xff, 0xfb, 0x40, 0x0, 0x3a,
    0xff, 0xc1, 0xb, 0xff, 0xf5, 0x0, 0x0, 0x0,
    0x4, 0xb0, 0x3, 0xff, 0xf7, 0x0, 0x0, 0x0,
    0x0, 0x0, 0x0, 0x8f, 0xfd, 0x0, 0x0, 0x0,
    0x0, 0x0, 0x0, 0xc, 0xff, 0x80, 0x0, 0x0,
    0x0, 0x0, 0x0, 0x0, 0xdf, 0xf6, 0x0, 0x0,
    0x0, 0x0, 0x0, 0x0, 0xd, 0xff, 0x60, 0x0,
    0x0, 0x0, 0x0, 0x0, 0x0, 0xcf, 0xf8, 0x0,
    0x0, 0x0, 0x0, 0x0, 0x0, 0x8, 0xff, 0xd0,
    0x0, 0x0, 0x0, 0x0, 0x0, 0x0, 0x3f, 0xff,
    0x70, 0x0, 0x0, 0x0, 0x0, 0x0, 0x0, 0xbf,
    0xff, 0x50, 0x0, 0x0, 0x0, 0x4b, 0x10, 0x2,
    0xef, 0xff, 0xb4, 0x10, 0x4, 0xaf, 0xfd, 0x10,
    0x3, 0xef, 0xff, 0xff, 0xff, 0xff, 0xff, 0xc0,
    0x0, 0x1, 0xbf, 0xff, 0xff, 0xff, 0xff, 0x90,
    0x0, 0x0, 0x0, 0x38, 0xcf, 0xff, 0xc8, 0x20,
    0x0, 0x0, 0x0, 0x0, 0x0, 0xce, 0x0, 0x0,
    0x0, 0x0, 0x0, 0x0, 0x0, 0xf, 0xfc, 0x30,
    0x0, 0x0, 0x0, 0x0, 0x0, 0x0, 0x38, 0xfc,
    0x0, 0x0, 0x0, 0x0, 0x0, 0x1, 0x20, 0x5f,
    0xe0, 0x0, 0x0, 0x0, 0x0, 0x0, 0x7f, 0xff,
    0xf7, 0x0, 0x0, 0x0, 0x0, 0x0, 0x2, 0x8a,
    0x84, 0x0, 0x0, 0x0,

    /* U+00C8 "È" */
    0x0, 0x9f, 0xfd, 0x10, 0x0, 0x0, 0x0, 0x0,
    0x5, 0xff, 0xd1, 0x0, 0x0, 0x0, 0x0, 0x0,
    0x3e, 0xfc, 0x10, 0x0, 0x0, 0x0, 0x0, 0x1,
    0x78, 0x40, 0x0, 0x0, 0x0, 0x0, 0x0, 0x0,
    0x0, 0x0, 0x0, 0xaf, 0xff, 0xff, 0xff, 0xff,
    0xff, 0xf2, 0xaf, 0xff, 0xff, 0xff, 0xff, 0xff,
    0xf2, 0xaf, 0xfe, 0xdd, 0xdd, 0xdd, 0xdd, 0xd1,
    0xaf, 0xf9, 0x0, 0x0, 0x0, 0x0, 0x0, 0xaf,
    0xf9, 0x0, 0x0, 0x0, 0x0, 0x0, 0xaf, 0xf9,
    0x0, 0x0, 0x0, 0x0, 0x0, 0xaf, 0xf9, 0x0,
    0x0, 0x0, 0x0, 0x0, 0xaf, 0xff, 0xcc, 0xcc,
    0xcc, 0xcc, 0x0, 0xaf, 0xff, 0xff, 0xff, 0xff,
    0xff, 0x0, 0xaf, 0xff, 0xff, 0xff, 0xff, 0xff,
    0x0, 0xaf, 0xf9, 0x0, 0x0, 0x0, 0x0, 0x0,
    0xaf, 0xf9, 0x0, 0x0, 0x0, 0x0, 0x0, 0xaf,
    0xf9, 0x0, 0x0, 0x0, 0x0, 0x0, 0xaf, 0xf9,
    0x0, 0x0, 0x0, 0x0, 0x0, 0xaf, 0xf9, 0x0,
    0x0, 0x0, 0x0, 0x0, 0xaf, 0xfe, 0xdd, 0xdd,
    0xdd, 0xdd, 0xd6, 0xaf, 0xff, 0xff, 0xff, 0xff,
    0xff, 0xf7, 0xaf, 0xff, 0xff, 0xff, 0xff, 0xff,
    0xf7,

    /* U+00C9 "É" */
    0x0, 0x0, 0x0, 0x7, 0xff, 0xe3, 0x0, 0x0,
    0x0, 0x0, 0x6f, 0xfc, 0x10, 0x0, 0x0, 0x0,
    0x6, 0xff, 0x90, 0x0, 0x0, 0x0, 0x0, 0x7,
    0x85, 0x0, 0x0, 0x0, 0x0, 0x0, 0x0, 0x0,
    0x0, 0x0, 0x0, 0xaf, 0xff, 0xff, 0xff, 0xff,
    0xff, 0xf2, 0xaf, 0xff, 0xff, 0xff, 0xff, 0xff,
    0xf2, 0xaf, 0xfe, 0xdd, 0xdd, 0xdd, 0xdd, 0xd1,
    0xaf, 0xf9, 0x0, 0x0, 0x0, 0x0, 0x0, 0xaf,
    0xf9, 0x0, 0x0, 0x0, 0x0, 0x0, 0xaf, 0xf9,
    0x0, 0x0, 0x0, 0x0, 0x0, 0xaf, 0xf9, 0x0,
    0x0, 0x0, 0x0, 0x0, 0xaf, 0xff, 0xcc, 0xcc,
    0xcc, 0xcc, 0x0, 0xaf, 0xff, 0xff, 0xff, 0xff,
    0xff, 0x0, 0xaf, 0xff, 0xff, 0xff, 0xff, 0xff,
    0x0, 0xaf, 0xf9, 0x0, 0x0, 0x0, 0x0, 0x0,
    0xaf, 0xf9, 0x0, 0x0, 0x0, 0x0, 0x0, 0xaf,
    0xf9, 0x0, 0x0, 0x0, 0x0, 0x0, 0xaf, 0xf9,
    0x0, 0x0, 0x0, 0x0, 0x0, 0xaf, 0xf9, 0x0,
    0x0, 0x0, 0x0, 0x0, 0xaf, 0xfe, 0xdd, 0xdd,
    0xdd, 0xdd, 0xd6, 0xaf, 0xff, 0xff, 0xff, 0xff,
    0xff, 0xf7, 0xaf, 0xff, 0xff, 0xff, 0xff, 0xff,
    0xf7,

    /* U+00CA "Ê" */
    0x0, 0x0, 0x3f, 0xff, 0xa0, 0x0, 0x0, 0x0,
    0x2, 0xef, 0xff, 0xf9, 0x0, 0x0, 0x0, 0x2e,
    0xfa, 0x4, 0xef, 0x90, 0x0, 0x0, 0x68, 0x60,
    0x0, 0x28, 0x82, 0x0, 0x0, 0x0, 0x0, 0x0,
    0x0, 0x0, 0x0, 0xaf, 0xff, 0xff, 0xff, 0xff,
    0xff, 0xf2, 0xaf, 0xff, 0xff, 0xff, 0xff, 0xff,
    0xf2, 0xaf, 0xfe, 0xdd, 0xdd, 0xdd, 0xdd, 0xd1,
    0xaf, 0xf9, 0x0, 0x0, 0x0, 0x0, 0x0, 0xaf,
    0xf9, 0x0, 0x0, 0x0, 0x0, 0x0, 0xaf, 0xf9,
    0x0, 0x0, 0x0, 0x0, 0x0, 0xaf, 0xf9, 0x0,
    0x0, 0x0, 0x0, 0x0, 0xaf, 0xff, 0xcc, 0xcc,
    0xcc, 0xcc, 0x0, 0xaf, 0xff, 0xff, 0xff, 0xff,
    0xff, 0x0, 0xaf, 0xff, 0xff, 0xff, 0xff, 0xff,
    0x0, 0xaf, 0xf9, 0x0, 0x0, 0x0, 0x0, 0x0,
    0xaf, 0xf9, 0x0, 0x0, 0x0, 0x0, 0x0, 0xaf,
    0xf9, 0x0, 0x0, 0x0, 0x0, 0x0, 0xaf, 0xf9,
    0x0, 0x0, 0x0, 0x0, 0x0, 0xaf, 0xf9, 0x0,
    0x0, 0x0, 0x0, 0x0, 0xaf, 0xfe, 0xdd, 0xdd,
    0xdd, 0xdd, 0xd6, 0xaf, 0xff, 0xff, 0xff, 0xff,
    0xff, 0xf7, 0xaf, 0xff, 0xff, 0xff, 0xff, 0xff,
    0xf7,

    /* U+00CB "Ë" */
    0x0, 0xa, 0xf5, 0x0, 0xce, 0x40, 0x0, 0x0,
    0x2f, 0xfc, 0x4, 0xff, 0xa0, 0x0, 0x0, 0xc,
    0xf7, 0x1, 0xef, 0x50, 0x0, 0x0, 0x0, 0x10,
    0x0, 0x1, 0x0, 0x0, 0x0, 0x0, 0x0, 0x0,
    0x0, 0x0, 0x0, 0xaf, 0xff, 0xff, 0xff, 0xff,
    0xff, 0xf2, 0xaf, 0xff, 0xff, 0xff, 0xff, 0xff,
    0xf2, 0xaf, 0xfe, 0xdd, 0xdd, 0xdd, 0xdd, 0xd1,
    0xaf, 0xf9, 0x0, 0x0, 0x0, 0x0, 0x0, 0xaf,
    0xf9, 0x0, 0x0, 0x0, 0x0, 0x0, 0xaf, 0xf9,
    0x0, 0x0, 0x0, 0x0, 0x0, 0xaf, 0xf9, 0x0,
    0x0, 0x0, 0x0, 0x0, 0xaf, 0xff, 0xcc, 0xcc,
    0xcc, 0xcc, 0x0, 0xaf, 0xff, 0xff, 0xff, 0xff,
    0xff, 0x0, 0xaf, 0xff, 0xff, 0xff, 0xff, 0xff,
    0x0, 0xaf, 0xf9, 0x0, 0x0, 0x0, 0x0, 0x0,
    0xaf, 0xf9, 0x0, 0x0, 0x0, 0x0, 0x0, 0xaf,
    0xf9, 0x0, 0x0, 0x0, 0x0, 0x0, 0xaf, 0xf9,
    0x0, 0x0, 0x0, 0x0, 0x0, 0xaf, 0xf9, 0x0,
    0x0, 0x0, 0x0, 0x0, 0xaf, 0xfe, 0xdd, 0xdd,
    0xdd, 0xdd, 0xd6, 0xaf, 0xff, 0xff, 0xff, 0xff,
    0xff, 0xf7, 0xaf, 0xff, 0xff, 0xff, 0xff, 0xff,
    0xf7,

    /* U+00CC "Ì" */
    0x6f, 0xff, 0x30, 0x0, 0x3, 0xef, 0xf3, 0x0,
    0x0, 0x1c, 0xfe, 0x20, 0x0, 0x0, 0x78, 0x60,
    0x0, 0x0, 0x0, 0x0, 0x0, 0xa, 0xff, 0x90,
    0x0, 0xa, 0xff, 0x90, 0x0, 0xa, 0xff, 0x90,
    0x0, 0xa, 0xff, 0x90, 0x0, 0xa, 0xff, 0x90,
    0x0, 0xa, 0xff, 0x90, 0x0, 0xa, 0xff, 0x90,
    0x0, 0xa, 0xff, 0x90, 0x0, 0xa, 0xff, 0x90,
    0x0, 0xa, 0xff, 0x90, 0x0, 0xa, 0xff, 0x90,
    0x0, 0xa, 0xff, 0x90, 0x0, 0xa, 0xff, 0x90,
    0x0, 0xa, 0xff, 0x90, 0x0, 0xa, 0xff, 0x90,
    0x0, 0xa, 0xff, 0x90, 0x0, 0xa, 0xff, 0x90,
    0x0, 0xa, 0xff, 0x90,

    /* U+00CD "Í" */
    0x0, 0x4, 0xff, 0xf5, 0x0, 0x3f, 0xfd, 0x20,
    0x3, 0xff, 0xb1, 0x0, 0x6, 0x86, 0x0, 0x0,
    0x0, 0x0, 0x0, 0x0, 0xa, 0xff, 0x90, 0x0,
    0xa, 0xff, 0x90, 0x0, 0xa, 0xff, 0x90, 0x0,
    0xa, 0xff, 0x90, 0x0, 0xa, 0xff, 0x90, 0x0,
    0xa, 0xff, 0x90, 0x0, 0xa, 0xff, 0x90, 0x0,
    0xa, 0xff, 0x90, 0x0, 0xa, 0xff, 0x90, 0x0,
    0xa, 0xff, 0x90, 0x0, 0xa, 0xff, 0x90, 0x0,
    0xa, 0xff, 0x90, 0x0, 0xa, 0xff, 0x90, 0x0,
    0xa, 0xff, 0x90, 0x0, 0xa, 0xff, 0x90, 0x0,
    0xa, 0xff, 0x90, 0x0, 0xa, 0xff, 0x90, 0x0,
    0xa, 0xff, 0x90, 0x0,

    /* U+00CE "Î" */
    0x0, 0x1d, 0xff, 0xd1, 0x0, 0x1, 0xdf, 0xff,
    0xfc, 0x0, 0xc, 0xfc, 0x11, 0xdf, 0xc0, 0x48,
    0x70, 0x0, 0x17, 0x84, 0x0, 0x0, 0x0, 0x0,
    0x0, 0x0, 0xa, 0xff, 0x90, 0x0, 0x0, 0xa,
    0xff, 0x90, 0x0, 0x0, 0xa, 0xff, 0x90, 0x0,
    0x0, 0xa, 0xff, 0x90, 0x0, 0x0, 0xa, 0xff,
    0x90, 0x0, 0x0, 0xa, 0xff, 0x90, 0x0, 0x0,
    0xa, 0xff, 0x90, 0x0, 0x0, 0xa, 0xff, 0x90,
    0x0, 0x0, 0xa, 0xff, 0x90, 0x0, 0x0, 0xa,
    0xff, 0x90, 0x0, 0x0, 0xa, 0xff, 0x90, 0x0,
    0x0, 0xa, 0xff, 0x90, 0x0, 0x0, 0xa, 0xff,
    0x90, 0x0, 0x0, 0xa, 0xff, 0x90, 0x0, 0x0,
    0xa, 0xff, 0x90, 0x0, 0x0, 0xa, 0xff, 0x90,
    0x0, 0x0, 0xa, 0xff, 0x90, 0x0, 0x0, 0xa,
    0xff, 0x90, 0x0,

    /* U+00CF "Ï" */
    0x7f, 0x90, 0x9, 0xf7, 0xef, 0xf0, 0xf, 0xfd,
    0x9f, 0xb0, 0xc, 0xf9, 0x1, 0x0, 0x0, 0x10,
    0x0, 0x0, 0x0, 0x0, 0x0, 0xaf, 0xf9, 0x0,
    0x0, 0xaf, 0xf9, 0x0, 0x0, 0xaf, 0xf9, 0x0,
    0x0, 0xaf, 0xf9, 0x0, 0x0, 0xaf, 0xf9, 0x0,
    0x0, 0xaf, 0xf9, 0x0, 0x0, 0xaf, 0xf9, 0x0,
    0x0, 0xaf, 0xf9, 0x0, 0x0, 0xaf, 0xf9, 0x0,
    0x0, 0xaf, 0xf9, 0x0, 0x0, 0xaf, 0xf9, 0x0,
    0x0, 0xaf, 0xf9, 0x0, 0x0, 0xaf, 0xf9, 0x0,
    0x0, 0xaf, 0xf9, 0x0, 0x0, 0xaf, 0xf9, 0x0,
    0x0, 0xaf, 0xf9, 0x0, 0x0, 0xaf, 0xf9, 0x0,
    0x0, 0xaf, 0xf9, 0x0,

    /* U+00D0 "Ð" */
    0x0, 0x6f, 0xff, 0xff, 0xff, 0xfe, 0xc8, 0x30,
    0x0, 0x0, 0x0, 0x6f, 0xff, 0xff, 0xff, 0xff,
    0xff, 0xfa, 0x10, 0x0, 0x0, 0x6f, 0xff, 0xdd,
    0xdd, 0xef, 0xff, 0xff, 0xe3, 0x0, 0x0, 0x6f,
    0xfd, 0x0, 0x0, 0x0, 0x4a, 0xff, 0xfe, 0x10,
    0x0, 0x6f, 0xfd, 0x0, 0x0, 0x0, 0x0, 0x5f,
    0xff, 0xb0, 0x0, 0x6f, 0xfd, 0x0, 0x0, 0x0,
    0x0, 0x7, 0xff, 0xf2, 0x0, 0x6f, 0xfd, 0x0,
    0x0, 0x0, 0x0, 0x0, 0xef, 0xf7, 0x68, 0xef,
    0xff, 0x88, 0x88, 0x40, 0x0, 0x0, 0xaf, 0xfa,
    0xdf, 0xff, 0xff, 0xff, 0xff, 0x80, 0x0, 0x0,
    0x8f, 0xfc, 0xdf, 0xff, 0xff, 0xff, 0xff, 0x80,
    0x0, 0x0, 0x8f, 0xfc, 0x0, 0x6f, 0xfd, 0x0,
    0x0, 0x0, 0x0, 0x0, 0xaf, 0xfa, 0x0, 0x6f,
    0xfd, 0x0, 0x0, 0x0, 0x0, 0x0, 0xef, 0xf7,
    0x0, 0x6f, 0xfd, 0x0, 0x0, 0x0, 0x0, 0x7,
    0xff, 0xf2, 0x0, 0x6f, 0xfd, 0x0, 0x0, 0x0,
    0x0, 0x5f, 0xff, 0xb0, 0x0, 0x6f, 0xfd, 0x0,
    0x0, 0x0, 0x4a, 0xff, 0xfe, 0x10, 0x0, 0x6f,
    0xff, 0xdd, 0xdd, 0xef, 0xff, 0xff, 0xe3, 0x0,
    0x0, 0x6f, 0xff, 0xff, 0xff, 0xff, 0xff, 0xfb,
    0x10, 0x0, 0x0, 0x6f, 0xff, 0xff, 0xff, 0xfe,
    0xc8, 0x30, 0x0, 0x0,

    /* U+00D1 "Ñ" */
    0x0, 0x0, 0x0, 0x0, 0x0, 0x0, 0x0, 0x0,
    0x0, 0x0, 0x7e, 0xfc, 0x61, 0x2f, 0xd0, 0x0,
    0x0, 0x4, 0xff, 0xff, 0xff, 0xff, 0x80, 0x0,
    0x0, 0x9, 0xf6, 0x5, 0xbf, 0xfa, 0x0, 0x0,
    0x0, 0x0, 0x0, 0x0, 0x0, 0x0, 0x0, 0x0,
    0x0, 0x0, 0x0, 0x0, 0x0, 0x0, 0x0, 0x0,
    0xaf, 0xf6, 0x0, 0x0, 0x0, 0x0, 0x5f, 0xfe,
    0xaf, 0xff, 0x30, 0x0, 0x0, 0x0, 0x5f, 0xfe,
    0xaf, 0xff, 0xe1, 0x0, 0x0, 0x0, 0x5f, 0xfe,
    0xaf, 0xff, 0xfc, 0x0, 0x0, 0x0, 0x5f, 0xfe,
    0xaf, 0xff, 0xff, 0x90, 0x0, 0x0, 0x5f, 0xfe,
    0xaf, 0xff, 0xff, 0xf5, 0x0, 0x0, 0x5f, 0xfe,
    0xaf, 0xf9, 0xcf, 0xff, 0x20, 0x0, 0x5f, 0xfe,
    0xaf, 0xf9, 0x1e, 0xff, 0xd0, 0x0, 0x5f, 0xfe,
    0xaf, 0xf9, 0x3, 0xff, 0xfb, 0x0, 0x5f, 0xfe,
    0xaf, 0xf9, 0x0, 0x7f, 0xff, 0x70, 0x5f, 0xfe,
    0xaf, 0xf9, 0x0, 0xa, 0xff, 0xf4, 0x5f, 0xfe,
    0xaf, 0xf9, 0x0, 0x0, 0xdf, 0xfe, 0x7f, 0xfe,
    0xaf, 0xf9, 0x0, 0x0, 0x2f, 0xff, 0xff, 0xfe,
    0xaf, 0xf9, 0x0, 0x0, 0x5, 0xff, 0xff, 0xfe,
    0xaf, 0xf9, 0x0, 0x0, 0x0, 0x8f, 0xff, 0xfe,
    0xaf, 0xf9, 0x0, 0x0, 0x0, 0xb, 0xff, 0xfe,
    0xaf, 0xf9, 0x0, 0x0, 0x0, 0x1, 0xef, 0xfe,
    0xaf, 0xf9, 0x0, 0x0, 0x0, 0x0, 0x3f, 0xfe,

    /* U+00D2 "Ò" */
    0x0, 0x0, 0x17, 0x88, 0x30, 0x0, 0x0, 0x0,
    0x0, 0x0, 0x0, 0x0, 0x4e, 0xff, 0x30, 0x0,
    0x0, 0x0, 0x0, 0x0, 0x0, 0x0, 0x2d, 0xff,
    0x30, 0x0, 0x0, 0x0, 0x0, 0x0, 0x0, 0x0,
    0xa, 0xff, 0x30, 0x0, 0x0, 0x0, 0x0, 0x0,
    0x0, 0x0, 0x0, 0x0, 0x0, 0x0, 0x0, 0x0,
    0x0, 0x0, 0x0, 0x0, 0x0, 0x0, 0x0, 0x0,
    0x0, 0x0, 0x0, 0x2, 0x8c, 0xef, 0xec, 0x83,
    0x0, 0x0, 0x0, 0x0, 0x1a, 0xff, 0xff, 0xff,
    0xff, 0xfb, 0x10, 0x0, 0x0, 0x3e, 0xff, 0xff,
    0xff, 0xff, 0xff, 0xfe, 0x30, 0x0, 0x1e, 0xff,
    0xfb, 0x40, 0x0, 0x4a, 0xff, 0xfe, 0x20, 0xb,
    0xff, 0xf5, 0x0, 0x0, 0x0, 0x5, 0xff, 0xfb,
    0x3, 0xff, 0xf7, 0x0, 0x0, 0x0, 0x0, 0x6,
    0xff, 0xf4, 0x8f, 0xfd, 0x0, 0x0, 0x0, 0x0,
    0x0, 0xd, 0xff, 0x9c, 0xff, 0x90, 0x0, 0x0,
    0x0, 0x0, 0x0, 0x8f, 0xfc, 0xdf, 0xf6, 0x0,
    0x0, 0x0, 0x0, 0x0, 0x5, 0xff, 0xed, 0xff,
    0x60, 0x0, 0x0, 0x0, 0x0, 0x0, 0x6f, 0xfe,
    0xcf, 0xf9, 0x0, 0x0, 0x0, 0x0, 0x0, 0x8,
    0xff, 0xc8, 0xff, 0xe0, 0x0, 0x0, 0x0, 0x0,
    0x0, 0xdf, 0xf9, 0x3f, 0xff, 0x70, 0x0, 0x0,
    0x0, 0x0, 0x6f, 0xff, 0x40, 0xbf, 0xff, 0x50,
    0x0, 0x0, 0x0, 0x5f, 0xff, 0xc0, 0x1, 0xef,
    0xff, 0xb4, 0x0, 0x4, 0xaf, 0xff, 0xe2, 0x0,
    0x3, 0xef, 0xff, 0xff, 0xff, 0xff, 0xff, 0xe3,
    0x0, 0x0, 0x1, 0xaf, 0xff, 0xff, 0xff, 0xff,
    0xb1, 0x0, 0x0, 0x0, 0x0, 0x38, 0xce, 0xfe,
    0xc8, 0x30, 0x0, 0x0,

    /* U+00D3 "Ó" */
    0x0, 0x0, 0x0, 0x0, 0x0, 0x38, 0x87, 0x10,
    0x0, 0x0, 0x0, 0x0, 0x0, 0x0, 0x3f, 0xff,
    0x40, 0x0, 0x0, 0x0, 0x0, 0x0, 0x0, 0x3e,
    0xfd, 0x20, 0x0, 0x0, 0x0, 0x0, 0x0, 0x0,
    0x2e, 0xfb, 0x0, 0x0, 0x0, 0x0, 0x0, 0x0,
    0x0, 0x0, 0x0, 0x0, 0x0, 0x0, 0x0, 0x0,
    0x0, 0x0, 0x0, 0x0, 0x0, 0x0, 0x0, 0x0,
    0x0, 0x0, 0x0, 0x2, 0x8c, 0xef, 0xec, 0x83,
    0x0, 0x0, 0x0, 0x0, 0x1a, 0xff, 0xff, 0xff,
    0xff, 0xfb, 0x10, 0x0, 0x0, 0x3e, 0xff, 0xff,
    0xff, 0xff, 0xff, 0xfe, 0x30, 0x0, 0x1e, 0xff,
    0xfb, 0x40, 0x0, 0x4a, 0xff, 0xfe, 0x20, 0xb,
    0xff, 0xf5, 0x0, 0x0, 0x0, 0x5, 0xff, 0xfb,
    0x3, 0xff, 0xf7, 0x0, 0x0, 0x0, 0x0, 0x6,
    0xff, 0xf4, 0x8f, 0xfd, 0x0, 0x0, 0x0, 0x0,
    0x0, 0xd, 0xff, 0x9c, 0xff, 0x90, 0x0, 0x0,
    0x0, 0x0, 0x0, 0x8f, 0xfc, 0xdf, 0xf6, 0x0,
    0x0, 0x0, 0x0, 0x0, 0x5, 0xff, 0xed, 0xff,
    0x60, 0x0, 0x0, 0x0, 0x0, 0x0, 0x6f, 0xfe,
    0xcf, 0xf9, 0x0, 0x0, 0x0, 0x0, 0x0, 0x8,
    0xff, 0xc8, 0xff, 0xe0, 0x0, 0x0, 0x0, 0x0,
    0x0, 0xdf, 0xf9, 0x3f, 0xff, 0x70, 0x0, 0x0,
    0x0, 0x0, 0x6f, 0xff, 0x40, 0xbf, 0xff, 0x50,
    0x0, 0x0, 0x0, 0x5f, 0xff, 0xc0, 0x1, 0xef,
    0xff, 0xb4, 0x0, 0x4, 0xaf, 0xff, 0xe2, 0x0,
    0x3, 0xef, 0xff, 0xff, 0xff, 0xff, 0xff, 0xe3,
    0x0, 0x0, 0x1, 0xaf, 0xff, 0xff, 0xff, 0xff,
    0xb1, 0x0, 0x0, 0x0, 0x0, 0x38, 0xce, 0xfe,
    0xc8, 0x30, 0x0, 0x0,

    /* U+00D4 "Ô" */
    0x0, 0x0, 0x0, 0x1, 0x78, 0x71, 0x0, 0x0,
    0x0, 0x0, 0x0, 0x0, 0x0, 0xcf, 0xff, 0xd1,
    0x0, 0x0, 0x0, 0x0, 0x0, 0x0, 0xcf, 0xd4,
    0xdf, 0xc0, 0x0, 0x0, 0x0, 0x0, 0x0, 0xbf,
    0xc1, 0x1, 0xcf, 0xc0, 0x0, 0x0, 0x0, 0x0,
    0x0, 0x0, 0x0, 0x0, 0x0, 0x0, 0x0, 0x0,
    0x0, 0x0, 0x0, 0x0, 0x0, 0x0, 0x0, 0x0,
    0x0, 0x0, 0x0, 0x2, 0x8c, 0xef, 0xec, 0x83,
    0x0, 0x0, 0x0, 0x0, 0x1a, 0xff, 0xff, 0xff,
    0xff, 0xfb, 0x10, 0x0, 0x0, 0x3e, 0xff, 0xff,
    0xff, 0xff, 0xff, 0xfe, 0x30, 0x0, 0x1e, 0xff,
    0xfb, 0x40, 0x0, 0x4a, 0xff, 0xfe, 0x20, 0xb,
    0xff, 0xf5, 0x0, 0x0, 0x0, 0x5, 0xff, 0xfb,
    0x3, 0xff, 0xf7, 0x0, 0x0, 0x0, 0x0, 0x6,
    0xff, 0xf4, 0x8f, 0xfd, 0x0, 0x0, 0x0, 0x0,
    0x0, 0xd, 0xff, 0x9c, 0xff, 0x90, 0x0, 0x0,
    0x0, 0x0, 0x0, 0x8f, 0xfc, 0xdf, 0xf6, 0x0,
    0x0, 0x0, 0x0, 0x0, 0x5, 0xff, 0xed, 0xff,
    0x60, 0x0, 0x0, 0x0, 0x0, 0x0, 0x6f, 0xfe,
    0xcf, 0xf9, 0x0, 0x0, 0x0, 0x0, 0x0, 0x8,
    0xff, 0xc8, 0xff, 0xe0, 0x0, 0x0, 0x0, 0x0,
    0x0, 0xdf, 0xf9, 0x3f, 0xff, 0x70, 0x0, 0x0,
    0x0, 0x0, 0x6f, 0xff, 0x40, 0xbf, 0xff, 0x50,
    0x0, 0x0, 0x0, 0x5f, 0xff, 0xc0, 0x1, 0xef,
    0xff, 0xb4, 0x0, 0x4, 0xaf, 0xff, 0xe2, 0x0,
    0x3, 0xef, 0xff, 0xff, 0xff, 0xff, 0xff, 0xe3,
    0x0, 0x0, 0x1, 0xaf, 0xff, 0xff, 0xff, 0xff,
    0xb1, 0x0, 0x0, 0x0, 0x0, 0x38, 0xce, 0xfe,
    0xc8, 0x30, 0x0, 0x0,

    /* U+00D5 "Õ" */
    0x0, 0x0, 0x1, 0xbf, 0xc2, 0x0, 0x8f, 0x30,
    0x0, 0x0, 0x0, 0x0, 0xaf, 0xff, 0xf5, 0x1d,
    0xf1, 0x0, 0x0, 0x0, 0x0, 0x1f, 0xe2, 0x5f,
    0xff, 0xfb, 0x0, 0x0, 0x0, 0x0, 0x3, 0xf9,
    0x0, 0x2c, 0xfc, 0x10, 0x0, 0x0, 0x0, 0x0,
    0x0, 0x0, 0x0, 0x0, 0x0, 0x0, 0x0, 0x0,
    0x0, 0x0, 0x0, 0x0, 0x0, 0x0, 0x0, 0x0,
    0x0, 0x0, 0x0, 0x2, 0x8c, 0xef, 0xec, 0x83,
    0x0, 0x0, 0x0, 0x0, 0x1a, 0xff, 0xff, 0xff,
    0xff, 0xfb, 0x10, 0x0, 0x0, 0x3e, 0xff, 0xff,
    0xff, 0xff, 0xff, 0xfe, 0x30, 0x0, 0x1e, 0xff,
    0xfb, 0x40, 0x0, 0x4a, 0xff, 0xfe, 0x20, 0xb,
    0xff, 0xf5, 0x0, 0x0, 0x0, 0x5, 0xff, 0xfb,
    0x3, 0xff, 0xf7, 0x0, 0x0, 0x0, 0x0, 0x6,
    0xff, 0xf4, 0x8f, 0xfd, 0x0, 0x0, 0x0, 0x0,
    0x0, 0xd, 0xff, 0x9c, 0xff, 0x90, 0x0, 0x0,
    0x0, 0x0, 0x0, 0x8f, 0xfc, 0xdf, 0xf6, 0x0,
    0x0, 0x0, 0x0, 0x0, 0x5, 0xff, 0xed, 0xff,
    0x60, 0x0, 0x0, 0x0, 0x0, 0x0, 0x6f, 0xfe,
    0xcf, 0xf9, 0x0, 0x0, 0x0, 0x0, 0x0, 0x8,
    0xff, 0xc8, 0xff, 0xe0, 0x0, 0x0, 0x0, 0x0,
    0x0, 0xdf, 0xf9, 0x3f, 0xff, 0x70, 0x0, 0x0,
    0x0, 0x0, 0x6f, 0xff, 0x40, 0xbf, 0xff, 0x50,
    0x0, 0x0, 0x0, 0x5f, 0xff, 0xc0, 0x1, 0xef,
    0xff, 0xb4, 0x0, 0x4, 0xaf, 0xff, 0xe2, 0x0,
    0x3, 0xef, 0xff, 0xff, 0xff, 0xff, 0xff, 0xe3,
    0x0, 0x0, 0x1, 0xaf, 0xff, 0xff, 0xff, 0xff,
    0xb1, 0x0, 0x0, 0x0, 0x0, 0x38, 0xce, 0xfe,
    0xc8, 0x30, 0x0, 0x0,

    /* U+00D6 "Ö" */
    0x0, 0x0, 0x0, 0x1, 0x0, 0x0, 0x0, 0x0,
    0x0, 0x0, 0x0, 0x0, 0x2e, 0xf4, 0x3, 0xff,
    0x20, 0x0, 0x0, 0x0, 0x0, 0x5, 0xff, 0x80,
    0x8f, 0xf6, 0x0, 0x0, 0x0, 0x0, 0x0, 0x1d,
    0xe3, 0x2, 0xed, 0x10, 0x0, 0x0, 0x0, 0x0,
    0x0, 0x0, 0x0, 0x0, 0x0, 0x0, 0x0, 0x0,
    0x0, 0x0, 0x0, 0x0, 0x0, 0x0, 0x0, 0x0,
    0x0, 0x0, 0x0, 0x2, 0x8c, 0xef, 0xec, 0x83,
    0x0, 0x0, 0x0, 0x0, 0x1a, 0xff, 0xff, 0xff,
    0xff, 0xfb, 0x10, 0x0, 0x0, 0x3e, 0xff, 0xff,
    0xff, 0xff, 0xff, 0xfe, 0x30, 0x0, 0x1e, 0xff,
    0xfb, 0x40, 0x0, 0x4a, 0xff, 0xfe, 0x20, 0xb,
    0xff, 0xf5, 0x0, 0x0, 0x0, 0x5, 0xff, 0xfb,
    0x3, 0xff, 0xf7, 0x0, 0x0, 0x0, 0x0, 0x6,
    0xff, 0xf4, 0x8f, 0xfd, 0x0, 0x0, 0x0, 0x0,
    0x0, 0xd, 0xff, 0x9c, 0xff, 0x90, 0x0, 0x0,
    0x0, 0x0, 0x0, 0x8f, 0xfc, 0xdf, 0xf6, 0x0,
    0x0, 0x0, 0x0, 0x0, 0x5, 0xff, 0xed, 0xff,
    0x60, 0x0, 0x0, 0x0, 0x0, 0x0, 0x6f, 0xfe,
    0xcf, 0xf9, 0x0, 0x0, 0x0, 0x0, 0x0, 0x8,
    0xff, 0xc8, 0xff, 0xe0, 0x0, 0x0, 0x0, 0x0,
    0x0, 0xdf, 0xf9, 0x3f, 0xff, 0x70, 0x0, 0x0,
    0x0, 0x0, 0x6f, 0xff, 0x40, 0xbf, 0xff, 0x50,
    0x0, 0x0, 0x0, 0x5f, 0xff, 0xc0, 0x1, 0xef,
    0xff, 0xb4, 0x0, 0x4, 0xaf, 0xff, 0xe2, 0x0,
    0x3, 0xef, 0xff, 0xff, 0xff, 0xff, 0xff, 0xe3,
    0x0, 0x0, 0x1, 0xaf, 0xff, 0xff, 0xff, 0xff,
    0xb1, 0x0, 0x0, 0x0, 0x0, 0x38, 0xce, 0xfe,
    0xc8, 0x30, 0x0, 0x0,

    /* U+00D7 "×" */
    0x0, 0x10, 0x0, 0x0, 0x10, 0x0, 0x8d, 0x10,
    0x0, 0x3e, 0x50, 0x4f, 0xfc, 0x0, 0x2e, 0xff,
    0x10, 0xaf, 0xfc, 0x3e, 0xff, 0x70, 0x0, 0xbf,
    0xff, 0xff, 0x80, 0x0, 0x0, 0xdf, 0xff, 0x90,
    0x0, 0x0, 0x1e, 0xff, 0xfa, 0x0, 0x0, 0xc,
    0xff, 0xff, 0xfa, 0x0, 0xc, 0xff, 0xa1, 0xdf,
    0xf9, 0x4, 0xff, 0xb0, 0x1, 0xdf, 0xe1, 0x6,
    0xb0, 0x0, 0x2, 0xd3, 0x0, 0x0, 0x0, 0x0,
    0x0, 0x0,

    /* U+00D8 "Ø" */
    0x0, 0x0, 0x0, 0x0, 0x0, 0x0, 0x3, 0xff,
    0x40, 0x0, 0x0, 0x0, 0x0, 0x0, 0x0, 0x0,
    0xcf, 0xb0, 0x0, 0x0, 0x0, 0x2, 0x8c, 0xef,
    0xec, 0xdf, 0xf3, 0x0, 0x0, 0x0, 0x1a, 0xff,
    0xff, 0xff, 0xff, 0xff, 0x10, 0x0, 0x0, 0x3e,
    0xff, 0xff, 0xff, 0xff, 0xff, 0xfe, 0x30, 0x0,
    0x1e, 0xff, 0xfb, 0x40, 0x1, 0xff, 0xff, 0xfe,
    0x20, 0xb, 0xff, 0xf5, 0x0, 0x0, 0x6f, 0xf7,
    0xff, 0xfb, 0x3, 0xff, 0xf7, 0x0, 0x0, 0xe,
    0xf8, 0x6, 0xff, 0xf4, 0x8f, 0xfd, 0x0, 0x0,
    0x8, 0xff, 0x10, 0xd, 0xff, 0x9c, 0xff, 0x90,
    0x0, 0x1, 0xff, 0x70, 0x0, 0x8f, 0xfc, 0xdf,
    0xf6, 0x0, 0x0, 0x9f, 0xe0, 0x0, 0x5, 0xff,
    0xed, 0xff, 0x60, 0x0, 0x2f, 0xf6, 0x0, 0x0,
    0x6f, 0xfe, 0xcf, 0xf9, 0x0, 0xa, 0xfd, 0x0,
    0x0, 0x8, 0xff, 0xc8, 0xff, 0xe0, 0x2, 0xff,
    0x50, 0x0, 0x0, 0xdf, 0xf9, 0x3f, 0xff, 0x70,
    0xbf, 0xc0, 0x0, 0x0, 0x6f, 0xff, 0x40, 0xbf,
    0xff, 0x9f, 0xf4, 0x0, 0x0, 0x5f, 0xff, 0xc0,
    0x1, 0xef, 0xff, 0xff, 0x0, 0x4, 0xaf, 0xff,
    0xe2, 0x0, 0x3, 0xef, 0xff, 0xff, 0xff, 0xff,
    0xff, 0xe3, 0x0, 0x0, 0x1, 0xff, 0xff, 0xff,
    0xff, 0xff, 0xb1, 0x0, 0x0, 0x0, 0x6f, 0xfb,
    0xce, 0xfe, 0xc8, 0x30, 0x0, 0x0, 0x0, 0xe,
    0xf9, 0x0, 0x0, 0x0, 0x0, 0x0, 0x0, 0x0,
    0x2, 0x88, 0x10, 0x0, 0x0, 0x0, 0x0, 0x0,
    0x0,

    /* U+00D9 "Ù" */
    0x0, 0x5, 0x88, 0x60, 0x0, 0x0, 0x0, 0x0,
    0x0, 0x1, 0xbf, 0xf9, 0x0, 0x0, 0x0, 0x0,
    0x0, 0x0, 0x8, 0xff, 0x80, 0x0, 0x0, 0x0,
    0x0, 0x0, 0x0, 0x5f, 0xf8, 0x0, 0x0, 0x0,
    0x0, 0x0, 0x0, 0x0, 0x0, 0x0, 0x0, 0x0,
    0x0, 0x0, 0x0, 0x0, 0x0, 0x0, 0x0, 0x0,
    0xcf, 0xf7, 0x0, 0x0, 0x0, 0x0, 0xaf, 0xf8,
    0xcf, 0xf7, 0x0, 0x0, 0x0, 0x0, 0xaf, 0xf8,
    0xcf, 0xf7, 0x0, 0x0, 0x0, 0x0, 0xaf, 0xf8,
    0xcf, 0xf7, 0x0, 0x0, 0x0, 0x0, 0xaf, 0xf8,
    0xcf, 0xf7, 0x0, 0x0, 0x0, 0x0, 0xaf, 0xf8,
    0xcf, 0xf7, 0x0, 0x0, 0x0, 0x0, 0xaf, 0xf8,
    0xcf, 0xf7, 0x0, 0x0, 0x0, 0x0, 0xaf, 0xf8,
    0xcf, 0xf7, 0x0, 0x0, 0x0, 0x0, 0xaf, 0xf8,
    0xcf, 0xf7, 0x0, 0x0, 0x0, 0x0, 0xaf, 0xf8,
    0xcf, 0xf7, 0x0, 0x0, 0x0, 0x0, 0xaf, 0xf8,
    0xcf, 0xf7, 0x0, 0x0, 0x0, 0x0, 0xbf, 0xf7,
    0xbf, 0xf9, 0x0, 0x0, 0x0, 0x0, 0xdf, 0xf6,
    0x8f, 0xfd, 0x0, 0x0, 0x0, 0x1, 0xff, 0xf3,
    0x3f, 0xff, 0x60, 0x0, 0x0, 0xa, 0xff, 0xe0,
    0xc, 0xff, 0xf8, 0x20, 0x3, 0xaf, 0xff, 0x80,
    0x2, 0xff, 0xff, 0xff, 0xff, 0xff, 0xfc, 0x0,
    0x0, 0x3e, 0xff, 0xff, 0xff, 0xff, 0xb1, 0x0,
    0x0, 0x0, 0x6b, 0xef, 0xfd, 0xa4, 0x0, 0x0,

    /* U+00DA "Ú" */
    0x0, 0x0, 0x0, 0x0, 0x7, 0x88, 0x40, 0x0,
    0x0, 0x0, 0x0, 0x0, 0xcf, 0xf9, 0x0, 0x0,
    0x0, 0x0, 0x0, 0xb, 0xff, 0x60, 0x0, 0x0,
    0x0, 0x0, 0x0, 0xbf, 0xe3, 0x0, 0x0, 0x0,
    0x0, 0x0, 0x0, 0x0, 0x0, 0x0, 0x0, 0x0,
    0x0, 0x0, 0x0, 0x0, 0x0, 0x0, 0x0, 0x0,
    0xcf, 0xf7, 0x0, 0x0, 0x0, 0x0, 0xaf, 0xf8,
    0xcf, 0xf7, 0x0, 0x0, 0x0, 0x0, 0xaf, 0xf8,
    0xcf, 0xf7, 0x0, 0x0, 0x0, 0x0, 0xaf, 0xf8,
    0xcf, 0xf7, 0x0, 0x0, 0x0, 0x0, 0xaf, 0xf8,
    0xcf, 0xf7, 0x0, 0x0, 0x0, 0x0, 0xaf, 0xf8,
    0xcf, 0xf7, 0x0, 0x0, 0x0, 0x0, 0xaf, 0xf8,
    0xcf, 0xf7, 0x0, 0x0, 0x0, 0x0, 0xaf, 0xf8,
    0xcf, 0xf7, 0x0, 0x0, 0x0, 0x0, 0xaf, 0xf8,
    0xcf, 0xf7, 0x0, 0x0, 0x0, 0x0, 0xaf, 0xf8,
    0xcf, 0xf7, 0x0, 0x0, 0x0, 0x0, 0xaf, 0xf8,
    0xcf, 0xf7, 0x0, 0x0, 0x0, 0x0, 0xbf, 0xf7,
    0xbf, 0xf9, 0x0, 0x0, 0x0, 0x0, 0xdf, 0xf6,
    0x8f, 0xfd, 0x0, 0x0, 0x0, 0x1, 0xff, 0xf3,
    0x3f, 0xff, 0x60, 0x0, 0x0, 0xa, 0xff, 0xe0,
    0xc, 0xff, 0xf8, 0x20, 0x3, 0xaf, 0xff, 0x80,
    0x2, 0xff, 0xff, 0xff, 0xff, 0xff, 0xfc, 0x0,
    0x0, 0x3e, 0xff, 0xff, 0xff, 0xff, 0xb1, 0x0,
    0x0, 0x0, 0x6b, 0xef, 0xfd, 0xa4, 0x0, 0x0,

    /* U+00DB "Û" */
    0x0, 0x0, 0x0, 0x68, 0x84, 0x0, 0x0, 0x0,
    0x0, 0x0, 0x7, 0xff, 0xff, 0x40, 0x0, 0x0,
    0x0, 0x0, 0x7f, 0xf6, 0x9f, 0xf4, 0x0, 0x0,
    0x0, 0x6, 0xff, 0x40, 0x7, 0xff, 0x30, 0x0,
    0x0, 0x0, 0x0, 0x0, 0x0, 0x0, 0x0, 0x0,
    0x0, 0x0, 0x0, 0x0, 0x0, 0x0, 0x0, 0x0,
    0xcf, 0xf7, 0x0, 0x0, 0x0, 0x0, 0xaf, 0xf8,
    0xcf, 0xf7, 0x0, 0x0, 0x0, 0x0, 0xaf, 0xf8,
    0xcf, 0xf7, 0x0, 0x0, 0x0, 0x0, 0xaf, 0xf8,
    0xcf, 0xf7, 0x0, 0x0, 0x0, 0x0, 0xaf, 0xf8,
    0xcf, 0xf7, 0x0, 0x0, 0x0, 0x0, 0xaf, 0xf8,
    0xcf, 0xf7, 0x0, 0x0, 0x0, 0x0, 0xaf, 0xf8,
    0xcf, 0xf7, 0x0, 0x0, 0x0, 0x0, 0xaf, 0xf8,
    0xcf, 0xf7, 0x0, 0x0, 0x0, 0x0, 0xaf, 0xf8,
    0xcf, 0xf7, 0x0, 0x0, 0x0, 0x0, 0xaf, 0xf8,
    0xcf, 0xf7, 0x0, 0x0, 0x0, 0x0, 0xaf, 0xf8,
    0xcf, 0xf7, 0x0, 0x0, 0x0, 0x0, 0xbf, 0xf7,
    0xbf, 0xf9, 0x0, 0x0, 0x0, 0x0, 0xdf, 0xf6,
    0x8f, 0xfd, 0x0, 0x0, 0x0, 0x1, 0xff, 0xf3,
    0x3f, 0xff, 0x60, 0x0, 0x0, 0xa, 0xff, 0xe0,
    0xc, 0xff, 0xf8, 0x20, 0x3, 0xaf, 0xff, 0x80,
    0x2, 0xff, 0xff, 0xff, 0xff, 0xff, 0xfc, 0x0,
    0x0, 0x3e, 0xff, 0xff, 0xff, 0xff, 0xb1, 0x0,
    0x0, 0x0, 0x6b, 0xef, 0xfd, 0xa4, 0x0, 0x0,

    /* U+00DC "Ü" */
    0x0, 0x0, 0x1, 0x0, 0x0, 0x10, 0x0, 0x0,
    0x0, 0x0, 0xaf, 0x90, 0xc, 0xf7, 0x0, 0x0,
    0x0, 0x0, 0xff, 0xe0, 0x2f, 0xfc, 0x0, 0x0,
    0x0, 0x0, 0x9f, 0x80, 0xa, 0xf6, 0x0, 0x0,
    0x0, 0x0, 0x0, 0x0, 0x0, 0x0, 0x0, 0x0,
    0x0, 0x0, 0x0, 0x0, 0x0, 0x0, 0x0, 0x0,
    0xcf, 0xf7, 0x0, 0x0, 0x0, 0x0, 0xaf, 0xf8,
    0xcf, 0xf7, 0x0, 0x0, 0x0, 0x0, 0xaf, 0xf8,
    0xcf, 0xf7, 0x0, 0x0, 0x0, 0x0, 0xaf, 0xf8,
    0xcf, 0xf7, 0x0, 0x0, 0x0, 0x0, 0xaf, 0xf8,
    0xcf, 0xf7, 0x0, 0x0, 0x0, 0x0, 0xaf, 0xf8,
    0xcf, 0xf7, 0x0, 0x0, 0x0, 0x0, 0xaf, 0xf8,
    0xcf, 0xf7, 0x0, 0x0, 0x0, 0x0, 0xaf, 0xf8,
    0xcf, 0xf7, 0x0, 0x0, 0x0, 0x0, 0xaf, 0xf8,
    0xcf, 0xf7, 0x0, 0x0, 0x0, 0x0, 0xaf, 0xf8,
    0xcf, 0xf7, 0x0, 0x0, 0x0, 0x0, 0xaf, 0xf8,
    0xcf, 0xf7, 0x0, 0x0, 0x0, 0x0, 0xbf, 0xf7,
    0xbf, 0xf9, 0x0, 0x0, 0x0, 0x0, 0xdf, 0xf6,
    0x8f, 0xfd, 0x0, 0x0, 0x0, 0x1, 0xff, 0xf3,
    0x3f, 0xff, 0x60, 0x0, 0x0, 0xa, 0xff, 0xe0,
    0xc, 0xff, 0xf8, 0x20, 0x3, 0xaf, 0xff, 0x80,
    0x2, 0xff, 0xff, 0xff, 0xff, 0xff, 0xfc, 0x0,
    0x0, 0x3e, 0xff, 0xff, 0xff, 0xff, 0xb1, 0x0,
    0x0, 0x0, 0x6b, 0xef, 0xfd, 0xa4, 0x0, 0x0,

    /* U+00DD "Ý" */
    0x0, 0x0, 0x0, 0x0, 0x0, 0x12, 0x22, 0x0,
    0x0, 0x0, 0x0, 0x0, 0x0, 0x2, 0xef, 0xf6,
    0x0, 0x0, 0x0, 0x0, 0x0, 0x0, 0x1e, 0xff,
    0x40, 0x0, 0x0, 0x0, 0x0, 0x0, 0x1, 0xdf,
    0xd2, 0x0, 0x0, 0x0, 0x0, 0x0, 0x0, 0x4,
    0x77, 0x10, 0x0, 0x0, 0x0, 0x0, 0x0, 0x0,
    0x0, 0x0, 0x0, 0x0, 0x0, 0x0, 0xe, 0xff,
    0x80, 0x0, 0x0, 0x0, 0x0, 0xbf, 0xf7, 0x5,
    0xff, 0xf2, 0x0, 0x0, 0x0, 0x5, 0xff, 0xd0,
    0x0, 0xcf, 0xfb, 0x0, 0x0, 0x0, 0xe, 0xff,
    0x40, 0x0, 0x2f, 0xff, 0x40, 0x0, 0x0, 0x8f,
    0xfb, 0x0, 0x0, 0x9, 0xff, 0xd0, 0x0, 0x2,
    0xff, 0xf2, 0x0, 0x0, 0x1, 0xef, 0xf7, 0x0,
    0xb, 0xff, 0x80, 0x0, 0x0, 0x0, 0x6f, 0xff,
    0x10, 0x4f, 0xfe, 0x0, 0x0, 0x0, 0x0, 0xc,
    0xff, 0xa0, 0xdf, 0xf5, 0x0, 0x0, 0x0, 0x0,
    0x3, 0xff, 0xfa, 0xff, 0xc0, 0x0, 0x0, 0x0,
    0x0, 0x0, 0xaf, 0xff, 0xff, 0x20, 0x0, 0x0,
    0x0, 0x0, 0x0, 0x1f, 0xff, 0xf9, 0x0, 0x0,
    0x0, 0x0, 0x0, 0x0, 0xa, 0xff, 0xf1, 0x0,
    0x0, 0x0, 0x0, 0x0, 0x0, 0x5, 0xff, 0xf0,
    0x0, 0x0, 0x0, 0x0, 0x0, 0x0, 0x5, 0xff,
    0xe0, 0x0, 0x0, 0x0, 0x0, 0x0, 0x0, 0x5,
    0xff, 0xe0, 0x0, 0x0, 0x0, 0x0, 0x0, 0x0,
    0x5, 0xff, 0xe0, 0x0, 0x0, 0x0, 0x0, 0x0,
    0x0, 0x5, 0xff, 0xe0, 0x0, 0x0, 0x0, 0x0,
    0x0, 0x0, 0x5, 0xff, 0xe0, 0x0, 0x0, 0x0,

    /* U+00DE "Þ" */
    0xaf, 0xf9, 0x0, 0x0, 0x0, 0x0, 0x0, 0xa,
    0xff, 0x90, 0x0, 0x0, 0x0, 0x0, 0x0, 0xaf,
    0xff, 0xff, 0xff, 0xec, 0x83, 0x0, 0xa, 0xff,
    0xff, 0xff, 0xff, 0xff, 0xf9, 0x0, 0xaf, 0xff,
    0xdd, 0xdd, 0xef, 0xff, 0xfa, 0xa, 0xff, 0x90,
    0x0, 0x0, 0x2b, 0xff, 0xf5, 0xaf, 0xf9, 0x0,
    0x0, 0x0, 0xc, 0xff, 0xba, 0xff, 0x90, 0x0,
    0x0, 0x0, 0x6f, 0xfe, 0xaf, 0xf9, 0x0, 0x0,
    0x0, 0x4, 0xff, 0xfa, 0xff, 0x90, 0x0, 0x0,
    0x0, 0x6f, 0xfd, 0xaf, 0xf9, 0x0, 0x0, 0x0,
    0xd, 0xff, 0xaa, 0xff, 0x90, 0x0, 0x1, 0x5d,
    0xff, 0xf3, 0xaf, 0xff, 0xff, 0xff, 0xff, 0xff,
    0xf8, 0xa, 0xff, 0xff, 0xff, 0xff, 0xff, 0xf7,
    0x0, 0xaf, 0xff, 0xdd, 0xdd, 0xca, 0x61, 0x0,
    0xa, 0xff, 0x90, 0x0, 0x0, 0x0, 0x0, 0x0,
    0xaf, 0xf9, 0x0, 0x0, 0x0, 0x0, 0x0, 0xa,
    0xff, 0x90, 0x0, 0x0, 0x0, 0x0, 0x0,

    /* U+00DF "ß" */
    0x0, 0x1, 0x6a, 0xba, 0x82, 0x0, 0x0, 0x0,
    0x6, 0xff, 0xff, 0xff, 0xf9, 0x0, 0x0, 0x7,
    0xff, 0xff, 0xff, 0xff, 0xf9, 0x0, 0x2, 0xff,
    0xfa, 0x30, 0x29, 0xff, 0xf2, 0x0, 0x8f, 0xfc,
    0x0, 0x0, 0xb, 0xff, 0x80, 0xc, 0xff, 0x50,
    0x0, 0x0, 0x6f, 0xf9, 0x0, 0xef, 0xf3, 0x0,
    0x0, 0x7, 0xff, 0x90, 0xf, 0xff, 0x20, 0x0,
    0x0, 0xdf, 0xf4, 0x0, 0xff, 0xf2, 0x0, 0x3,
    0xcf, 0xfc, 0x0, 0xf, 0xff, 0x20, 0xe, 0xff,
    0xff, 0x10, 0x0, 0xff, 0xf2, 0x0, 0xef, 0xff,
    0xfd, 0x40, 0xf, 0xff, 0x20, 0x9, 0xbc, 0xff,
    0xff, 0x30, 0xff, 0xf2, 0x0, 0x0, 0x2, 0xdf,
    0xfc, 0xf, 0xff, 0x20, 0x0, 0x0, 0x2, 0xff,
    0xf0, 0xff, 0xf2, 0x0, 0x0, 0x0, 0xf, 0xff,
    0x2f, 0xff, 0x20, 0x0, 0x0, 0x2, 0xff, 0xf0,
    0xff, 0xf2, 0x0, 0x0, 0x2, 0xcf, 0xfc, 0xf,
    0xff, 0x20, 0x9d, 0xcd, 0xff, 0xff, 0x50, 0xff,
    0xf2, 0xc, 0xff, 0xff, 0xff, 0x70, 0xf, 0xff,
    0x20, 0x9e, 0xff, 0xd9, 0x20, 0x0,

    /* U+00E0 "à" */
    0x2, 0x78, 0x82, 0x0, 0x0, 0x0, 0x0, 0x7,
    0xff, 0xe1, 0x0, 0x0, 0x0, 0x0, 0x5, 0xff,
    0xc0, 0x0, 0x0, 0x0, 0x0, 0x4, 0xff, 0xa0,
    0x0, 0x0, 0x0, 0x0, 0x3, 0x88, 0x20, 0x0,
    0x0, 0x0, 0x0, 0x0, 0x0, 0x0, 0x0, 0x0,
    0x5a, 0xdf, 0xfe, 0xa4, 0x0, 0x3, 0xdf, 0xff,
    0xff, 0xff, 0xf9, 0x0, 0x1f, 0xff, 0xdb, 0xcf,
    0xff, 0xf6, 0x0, 0x88, 0x10, 0x0, 0x1c, 0xff,
    0xd0, 0x0, 0x0, 0x0, 0x0, 0x2f, 0xff, 0x10,
    0x0, 0x1, 0x22, 0x22, 0xff, 0xf3, 0x1, 0x9e,
    0xff, 0xff, 0xff, 0xff, 0x32, 0xef, 0xff, 0xff,
    0xff, 0xff, 0xf3, 0xaf, 0xfc, 0x20, 0x0, 0xe,
    0xff, 0x3d, 0xff, 0x40, 0x0, 0x0, 0xff, 0xf3,
    0xdf, 0xf5, 0x0, 0x0, 0x6f, 0xff, 0x38, 0xff,
    0xe6, 0x34, 0x9f, 0xff, 0xf3, 0xc, 0xff, 0xff,
    0xff, 0xed, 0xff, 0x30, 0x7, 0xcf, 0xfd, 0x81,
    0xbf, 0xf3,

    /* U+00E1 "á" */
    0x0, 0x0, 0x0, 0x4, 0x88, 0x71, 0x0, 0x0,
    0x0, 0x3, 0xff, 0xf5, 0x0, 0x0, 0x0, 0x1,
    0xef, 0xf4, 0x0, 0x0, 0x0, 0x0, 0xcf, 0xe3,
    0x0, 0x0, 0x0, 0x0, 0x38, 0x82, 0x0, 0x0,
    0x0, 0x0, 0x0, 0x0, 0x0, 0x0, 0x0, 0x0,
    0x5a, 0xdf, 0xfe, 0xa4, 0x0, 0x3, 0xdf, 0xff,
    0xff, 0xff, 0xf9, 0x0, 0x1f, 0xff, 0xdb, 0xcf,
    0xff, 0xf6, 0x0, 0x88, 0x10, 0x0, 0x1c, 0xff,
    0xd0, 0x0, 0x0, 0x0, 0x0, 0x2f, 0xff, 0x10,
    0x0, 0x1, 0x22, 0x22, 0xff, 0xf3, 0x1, 0x9e,
    0xff, 0xff, 0xff, 0xff, 0x32, 0xef, 0xff, 0xff,
    0xff, 0xff, 0xf3, 0xaf, 0xfc, 0x20, 0x0, 0xe,
    0xff, 0x3d, 0xff, 0x40, 0x0, 0x0, 0xff, 0xf3,
    0xdf, 0xf5, 0x0, 0x0, 0x6f, 0xff, 0x38, 0xff,
    0xe6, 0x34, 0x9f, 0xff, 0xf3, 0xc, 0xff, 0xff,
    0xff, 0xed, 0xff, 0x30, 0x7, 0xcf, 0xfd, 0x81,
    0xbf, 0xf3,

    /* U+00E2 "â" */
    0x0, 0x0, 0x18, 0x87, 0x0, 0x0, 0x0, 0x0,
    0xc, 0xff, 0xfa, 0x0, 0x0, 0x0, 0xa, 0xff,
    0xff, 0xf8, 0x0, 0x0, 0x8, 0xff, 0x50, 0x8f,
    0xf5, 0x0, 0x1, 0x78, 0x40, 0x0, 0x58, 0x70,
    0x0, 0x0, 0x0, 0x0, 0x0, 0x0, 0x0, 0x0,
    0x5a, 0xdf, 0xfe, 0xa4, 0x0, 0x3, 0xdf, 0xff,
    0xff, 0xff, 0xf9, 0x0, 0x1f, 0xff, 0xdb, 0xcf,
    0xff, 0xf6, 0x0, 0x88, 0x10, 0x0, 0x1c, 0xff,
    0xd0, 0x0, 0x0, 0x0, 0x0, 0x2f, 0xff, 0x10,
    0x0, 0x1, 0x22, 0x22, 0xff, 0xf3, 0x1, 0x9e,
    0xff, 0xff, 0xff, 0xff, 0x32, 0xef, 0xff, 0xff,
    0xff, 0xff, 0xf3, 0xaf, 0xfc, 0x20, 0x0, 0xe,
    0xff, 0x3d, 0xff, 0x40, 0x0, 0x0, 0xff, 0xf3,
    0xdf, 0xf5, 0x0, 0x0, 0x6f, 0xff, 0x38, 0xff,
    0xe6, 0x34, 0x9f, 0xff, 0xf3, 0xc, 0xff, 0xff,
    0xff, 0xed, 0xff, 0x30, 0x7, 0xcf, 0xfd, 0x81,
    0xbf, 0xf3,

    /* U+00E3 "ã" */
    0x0, 0x1b, 0xfd, 0x71, 0x1e, 0xd0, 0x0, 0xb,
    0xff, 0xff, 0xff, 0xf8, 0x0, 0x0, 0xfd, 0x1,
    0x9e, 0xfa, 0x0, 0x0, 0x0, 0x0, 0x0, 0x0,
    0x0, 0x0, 0x0, 0x0, 0x0, 0x0, 0x0, 0x0,
    0x0, 0x5, 0xad, 0xff, 0xea, 0x40, 0x0, 0x3d,
    0xff, 0xff, 0xff, 0xff, 0x90, 0x1, 0xff, 0xfd,
    0xbc, 0xff, 0xff, 0x60, 0x8, 0x81, 0x0, 0x1,
    0xcf, 0xfd, 0x0, 0x0, 0x0, 0x0, 0x2, 0xff,
    0xf1, 0x0, 0x0, 0x12, 0x22, 0x2f, 0xff, 0x30,
    0x19, 0xef, 0xff, 0xff, 0xff, 0xf3, 0x2e, 0xff,
    0xff, 0xff, 0xff, 0xff, 0x3a, 0xff, 0xc2, 0x0,
    0x0, 0xef, 0xf3, 0xdf, 0xf4, 0x0, 0x0, 0xf,
    0xff, 0x3d, 0xff, 0x50, 0x0, 0x6, 0xff, 0xf3,
    0x8f, 0xfe, 0x63, 0x49, 0xff, 0xff, 0x30, 0xcf,
    0xff, 0xff, 0xfe, 0xdf, 0xf3, 0x0, 0x7c, 0xff,
    0xd8, 0x1b, 0xff, 0x30,

    /* U+00E4 "ä" */
    0x0, 0x0, 0x0, 0x0, 0x10, 0x0, 0x0, 0x3,
    0xff, 0x30, 0x5f, 0xe1, 0x0, 0x0, 0x7f, 0xf7,
    0x9, 0xff, 0x40, 0x0, 0x2, 0xdd, 0x20, 0x3e,
    0xc0, 0x0, 0x0, 0x0, 0x0, 0x0, 0x0, 0x0,
    0x0, 0x0, 0x0, 0x0, 0x0, 0x0, 0x0, 0x0,
    0x5a, 0xdf, 0xfe, 0xa4, 0x0, 0x3, 0xdf, 0xff,
    0xff, 0xff, 0xf9, 0x0, 0x1f, 0xff, 0xdb, 0xcf,
    0xff, 0xf6, 0x0, 0x88, 0x10, 0x0, 0x1c, 0xff,
    0xd0, 0x0, 0x0, 0x0, 0x0, 0x2f, 0xff, 0x10,
    0x0, 0x1, 0x22, 0x22, 0xff, 0xf3, 0x1, 0x9e,
    0xff, 0xff, 0xff, 0xff, 0x32, 0xef, 0xff, 0xff,
    0xff, 0xff, 0xf3, 0xaf, 0xfc, 0x20, 0x0, 0xe,
    0xff, 0x3d, 0xff, 0x40, 0x0, 0x0, 0xff, 0xf3,
    0xdf, 0xf5, 0x0, 0x0, 0x6f, 0xff, 0x38, 0xff,
    0xe6, 0x34, 0x9f, 0xff, 0xf3, 0xc, 0xff, 0xff,
    0xff, 0xed, 0xff, 0x30, 0x7, 0xcf, 0xfd, 0x81,
    0xbf, 0xf3,

    /* U+00E5 "å" */
    0x0, 0x0, 0x0, 0x0, 0x0, 0x0, 0x0, 0x0,
    0x5, 0xef, 0xd4, 0x0, 0x0, 0x0, 0x3, 0xf8,
    0x4a, 0xf1, 0x0, 0x0, 0x0, 0x7e, 0x0, 0xf,
    0x40, 0x0, 0x0, 0x4, 0xf5, 0x17, 0xf2, 0x0,
    0x0, 0x0, 0x9, 0xff, 0xf6, 0x0, 0x0, 0x0,
    0x0, 0x1, 0x31, 0x0, 0x0, 0x0, 0x0, 0x0,
    0x0, 0x0, 0x0, 0x0, 0x0, 0x5a, 0xdf, 0xfe,
    0xa4, 0x0, 0x3, 0xdf, 0xff, 0xff, 0xff, 0xf9,
    0x0, 0x1f, 0xff, 0xdb, 0xcf, 0xff, 0xf6, 0x0,
    0x88, 0x10, 0x0, 0x1c, 0xff, 0xd0, 0x0, 0x0,
    0x0, 0x0, 0x2f, 0xff, 0x10, 0x0, 0x1, 0x22,
    0x22, 0xff, 0xf3, 0x1, 0x9e, 0xff, 0xff, 0xff,
    0xff, 0x32, 0xef, 0xff, 0xff, 0xff, 0xff, 0xf3,
    0xaf, 0xfc, 0x20, 0x0, 0xe, 0xff, 0x3d, 0xff,
    0x40, 0x0, 0x0, 0xff, 0xf3, 0xdf, 0xf5, 0x0,
    0x0, 0x6f, 0xff, 0x38, 0xff, 0xe6, 0x34, 0x9f,
    0xff, 0xf3, 0xc, 0xff, 0xff, 0xff, 0xed, 0xff,
    0x30, 0x7, 0xcf, 0xfd, 0x81, 0xbf, 0xf3,

    /* U+00E6 "æ" */
    0x0, 0x5a, 0xdf, 0xfd, 0xa3, 0x0, 0x17, 0xce,
    0xfd, 0x92, 0x0, 0x3, 0xdf, 0xff, 0xff, 0xff,
    0xf7, 0x4e, 0xff, 0xff, 0xff, 0xf6, 0x0, 0x1f,
    0xff, 0xdb, 0xcf, 0xff, 0xff, 0xff, 0xfc, 0xcf,
    0xff, 0xf6, 0x0, 0x88, 0x10, 0x0, 0x1c, 0xff,
    0xff, 0xa1, 0x0, 0x9, 0xff, 0xf1, 0x0, 0x0,
    0x0, 0x0, 0x2f, 0xff, 0xc0, 0x0, 0x0, 0xa,
    0xff, 0x70, 0x0, 0x0, 0x12, 0x22, 0xff, 0xf7,
    0x22, 0x22, 0x22, 0x6f, 0xfb, 0x1, 0x9e, 0xff,
    0xff, 0xff, 0xff, 0xff, 0xff, 0xff, 0xff, 0xff,
    0xd2, 0xef, 0xff, 0xff, 0xff, 0xff, 0xff, 0xff,
    0xff, 0xff, 0xff, 0xfd, 0xaf, 0xfc, 0x20, 0x0,
    0xe, 0xff, 0x60, 0x0, 0x0, 0x0, 0x0, 0xd,
    0xff, 0x30, 0x0, 0x1, 0xff, 0xfd, 0x0, 0x0,
    0x0, 0x0, 0x0, 0xdf, 0xf6, 0x0, 0x0, 0x9f,
    0xff, 0xfc, 0x30, 0x0, 0x1a, 0xc0, 0x8, 0xff,
    0xf9, 0x67, 0xcf, 0xfe, 0xff, 0xff, 0xec, 0xdf,
    0xff, 0xa0, 0xc, 0xff, 0xff, 0xff, 0xfc, 0x14,
    0xef, 0xff, 0xff, 0xff, 0xe3, 0x0, 0x6, 0xce,
    0xfe, 0xb6, 0x0, 0x0, 0x7c, 0xef, 0xec, 0x70,
    0x0,

    /* U+00E7 "ç" */
    0x0, 0x0, 0x28, 0xce, 0xfd, 0x93, 0x0, 0x0,
    0x6, 0xff, 0xff, 0xff, 0xff, 0x80, 0x0, 0x7f,
    0xff, 0xfd, 0xcf, 0xff, 0xf6, 0x2, 0xff, 0xfb,
    0x10, 0x0, 0x9f, 0xe6, 0x9, 0xff, 0xc0, 0x0,
    0x0, 0x6, 0x10, 0xd, 0xff, 0x50, 0x0, 0x0,
    0x0, 0x0, 0xf, 0xff, 0x20, 0x0, 0x0, 0x0,
    0x0, 0xf, 0xff, 0x20, 0x0, 0x0, 0x0, 0x0,
    0xd, 0xff, 0x50, 0x0, 0x0, 0x0, 0x0, 0x9,
    0xff, 0xc0, 0x0, 0x0, 0x6, 0x10, 0x2, 0xff,
    0xfb, 0x20, 0x1, 0x9f, 0xf6, 0x0, 0x6f, 0xff,
    0xfd, 0xdf, 0xff, 0xf5, 0x0, 0x6, 0xff, 0xff,
    0xff, 0xff, 0x70, 0x0, 0x0, 0x18, 0xdf, 0xfd,
    0x93, 0x0, 0x0, 0x0, 0x0, 0x4f, 0x70, 0x0,
    0x0, 0x0, 0x0, 0x0, 0x8f, 0xe7, 0x0, 0x0,
    0x0, 0x0, 0x0, 0x24, 0xdf, 0x40, 0x0, 0x0,
    0x0, 0x3, 0x1, 0xcf, 0x60, 0x0, 0x0, 0x0,
    0xf, 0xff, 0xfe, 0x10, 0x0, 0x0, 0x0, 0x6,
    0x99, 0x71, 0x0, 0x0,

    /* U+00E8 "è" */
    0x0, 0x6, 0x88, 0x50, 0x0, 0x0, 0x0, 0x0,
    0x0, 0x1c, 0xff, 0x70, 0x0, 0x0, 0x0, 0x0,
    0x0, 0xa, 0xff, 0x60, 0x0, 0x0, 0x0, 0x0,
    0x0, 0x7, 0xff, 0x60, 0x0, 0x0, 0x0, 0x0,
    0x0, 0x0, 0x0, 0x0, 0x0, 0x0, 0x0, 0x0,
    0x0, 0x0, 0x0, 0x0, 0x0, 0x0, 0x0, 0x39,
    0xdf, 0xec, 0x71, 0x0, 0x0, 0x0, 0x8f, 0xff,
    0xff, 0xff, 0xe3, 0x0, 0x0, 0x8f, 0xff, 0xda,
    0xae, 0xff, 0xf2, 0x0, 0x3f, 0xff, 0x50, 0x0,
    0xa, 0xff, 0xc0, 0x9, 0xff, 0x80, 0x0, 0x0,
    0xd, 0xff, 0x20, 0xef, 0xf4, 0x22, 0x22, 0x22,
    0x9f, 0xf6, 0xf, 0xff, 0xff, 0xff, 0xff, 0xff,
    0xff, 0x80, 0xff, 0xff, 0xff, 0xff, 0xff, 0xff,
    0xf9, 0xd, 0xff, 0x30, 0x0, 0x0, 0x0, 0x0,
    0x0, 0x9f, 0xfb, 0x0, 0x0, 0x0, 0x0, 0x0,
    0x2, 0xff, 0xfa, 0x20, 0x0, 0x2c, 0xa0, 0x0,
    0x7, 0xff, 0xff, 0xdc, 0xdf, 0xff, 0x60, 0x0,
    0x6, 0xff, 0xff, 0xff, 0xff, 0xc1, 0x0, 0x0,
    0x1, 0x7c, 0xef, 0xeb, 0x50, 0x0,

    /* U+00E9 "é" */
    0x0, 0x0, 0x0, 0x0, 0x17, 0x88, 0x30, 0x0,
    0x0, 0x0, 0x0, 0x1d, 0xff, 0x70, 0x0, 0x0,
    0x0, 0x0, 0x1d, 0xff, 0x40, 0x0, 0x0, 0x0,
    0x0, 0xc, 0xfd, 0x20, 0x0, 0x0, 0x0, 0x0,
    0x0, 0x0, 0x0, 0x0, 0x0, 0x0, 0x0, 0x0,
    0x0, 0x0, 0x0, 0x0, 0x0, 0x0, 0x0, 0x39,
    0xdf, 0xec, 0x71, 0x0, 0x0, 0x0, 0x8f, 0xff,
    0xff, 0xff, 0xe3, 0x0, 0x0, 0x8f, 0xff, 0xda,
    0xae, 0xff, 0xf2, 0x0, 0x3f, 0xff, 0x50, 0x0,
    0xa, 0xff, 0xc0, 0x9, 0xff, 0x80, 0x0, 0x0,
    0xd, 0xff, 0x20, 0xef, 0xf4, 0x22, 0x22, 0x22,
    0x9f, 0xf6, 0xf, 0xff, 0xff, 0xff, 0xff, 0xff,
    0xff, 0x80, 0xff, 0xff, 0xff, 0xff, 0xff, 0xff,
    0xf9, 0xd, 0xff, 0x30, 0x0, 0x0, 0x0, 0x0,
    0x0, 0x9f, 0xfb, 0x0, 0x0, 0x0, 0x0, 0x0,
    0x2, 0xff, 0xfa, 0x20, 0x0, 0x2c, 0xa0, 0x0,
    0x7, 0xff, 0xff, 0xdc, 0xdf, 0xff, 0x60, 0x0,
    0x6, 0xff, 0xff, 0xff, 0xff, 0xc1, 0x0, 0x0,
    0x1, 0x7c, 0xef, 0xeb, 0x50, 0x0,

    /* U+00EA "ê" */
    0x0, 0x0, 0x0, 0x78, 0x83, 0x0, 0x0, 0x0,
    0x0, 0x0, 0x9f, 0xff, 0xf3, 0x0, 0x0, 0x0,
    0x0, 0x9f, 0xf5, 0xbf, 0xe2, 0x0, 0x0, 0x0,
    0x8f, 0xe3, 0x0, 0x9f, 0xe2, 0x0, 0x0, 0x0,
    0x0, 0x0, 0x0, 0x0, 0x0, 0x0, 0x0, 0x0,
    0x0, 0x0, 0x0, 0x0, 0x0, 0x0, 0x0, 0x39,
    0xdf, 0xec, 0x71, 0x0, 0x0, 0x0, 0x8f, 0xff,
    0xff, 0xff, 0xe3, 0x0, 0x0, 0x8f, 0xff, 0xda,
    0xae, 0xff, 0xf2, 0x0, 0x3f, 0xff, 0x50, 0x0,
    0xa, 0xff, 0xc0, 0x9, 0xff, 0x80, 0x0, 0x0,
    0xd, 0xff, 0x20, 0xef, 0xf4, 0x22, 0x22, 0x22,
    0x9f, 0xf6, 0xf, 0xff, 0xff, 0xff, 0xff, 0xff,
    0xff, 0x80, 0xff, 0xff, 0xff, 0xff, 0xff, 0xff,
    0xf9, 0xd, 0xff, 0x30, 0x0, 0x0, 0x0, 0x0,
    0x0, 0x9f, 0xfb, 0x0, 0x0, 0x0, 0x0, 0x0,
    0x2, 0xff, 0xfa, 0x20, 0x0, 0x2c, 0xa0, 0x0,
    0x7, 0xff, 0xff, 0xdc, 0xdf, 0xff, 0x60, 0x0,
    0x6, 0xff, 0xff, 0xff, 0xff, 0xc1, 0x0, 0x0,
    0x1, 0x7c, 0xef, 0xeb, 0x50, 0x0,

    /* U+00EB "ë" */
    0x0, 0x0, 0x1, 0x0, 0x0, 0x10, 0x0, 0x0,
    0x0, 0xc, 0xf7, 0x1, 0xef, 0x50, 0x0, 0x0,
    0x1, 0xff, 0xc0, 0x4f, 0xfa, 0x0, 0x0, 0x0,
    0xa, 0xf6, 0x0, 0xce, 0x40, 0x0, 0x0, 0x0,
    0x0, 0x0, 0x0, 0x0, 0x0, 0x0, 0x0, 0x0,
    0x0, 0x0, 0x0, 0x0, 0x0, 0x0, 0x0, 0x39,
    0xdf, 0xec, 0x71, 0x0, 0x0, 0x0, 0x8f, 0xff,
    0xff, 0xff, 0xe3, 0x0, 0x0, 0x8f, 0xff, 0xda,
    0xae, 0xff, 0xf2, 0x0, 0x3f, 0xff, 0x50, 0x0,
    0xa, 0xff, 0xc0, 0x9, 0xff, 0x80, 0x0, 0x0,
    0xd, 0xff, 0x20, 0xef, 0xf4, 0x22, 0x22, 0x22,
    0x9f, 0xf6, 0xf, 0xff, 0xff, 0xff, 0xff, 0xff,
    0xff, 0x80, 0xff, 0xff, 0xff, 0xff, 0xff, 0xff,
    0xf9, 0xd, 0xff, 0x30, 0x0, 0x0, 0x0, 0x0,
    0x0, 0x9f, 0xfb, 0x0, 0x0, 0x0, 0x0, 0x0,
    0x2, 0xff, 0xfa, 0x20, 0x0, 0x2c, 0xa0, 0x0,
    0x7, 0xff, 0xff, 0xdc, 0xdf, 0xff, 0x60, 0x0,
    0x6, 0xff, 0xff, 0xff, 0xff, 0xc1, 0x0, 0x0,
    0x1, 0x7c, 0xef, 0xeb, 0x50, 0x0,

    /* U+00EC "ì" */
    0x7, 0x88, 0x40, 0x0, 0x4, 0xff, 0xf3, 0x0,
    0x0, 0x3e, 0xfe, 0x10, 0x0, 0x2, 0xef, 0xd0,
    0x0, 0x0, 0x17, 0x84, 0x0, 0x0, 0x0, 0x0,
    0x0, 0x0, 0xff, 0xf2, 0x0, 0x0, 0xff, 0xf2,
    0x0, 0x0, 0xff, 0xf2, 0x0, 0x0, 0xff, 0xf2,
    0x0, 0x0, 0xff, 0xf2, 0x0, 0x0, 0xff, 0xf2,
    0x0, 0x0, 0xff, 0xf2, 0x0, 0x0, 0xff, 0xf2,
    0x0, 0x0, 0xff, 0xf2, 0x0, 0x0, 0xff, 0xf2,
    0x0, 0x0, 0xff, 0xf2, 0x0, 0x0, 0xff, 0xf2,
    0x0, 0x0, 0xff, 0xf2, 0x0, 0x0, 0xff, 0xf2,

    /* U+00ED "í" */
    0x0, 0x2, 0x88, 0x82, 0x0, 0x1d, 0xff, 0x70,
    0x0, 0xcf, 0xf6, 0x0, 0xa, 0xff, 0x50, 0x0,
    0x28, 0x83, 0x0, 0x0, 0x0, 0x0, 0x0, 0x0,
    0xf, 0xff, 0x20, 0x0, 0xf, 0xff, 0x20, 0x0,
    0xf, 0xff, 0x20, 0x0, 0xf, 0xff, 0x20, 0x0,
    0xf, 0xff, 0x20, 0x0, 0xf, 0xff, 0x20, 0x0,
    0xf, 0xff, 0x20, 0x0, 0xf, 0xff, 0x20, 0x0,
    0xf, 0xff, 0x20, 0x0, 0xf, 0xff, 0x20, 0x0,
    0xf, 0xff, 0x20, 0x0, 0xf, 0xff, 0x20, 0x0,
    0xf, 0xff, 0x20, 0x0, 0xf, 0xff, 0x20, 0x0,

    /* U+00EE "î" */
    0x0, 0x7, 0x88, 0x10, 0x0, 0x7, 0xff, 0xfb,
    0x0, 0x2, 0xff, 0xff, 0xf6, 0x0, 0xdf, 0xc0,
    0x9f, 0xf2, 0x28, 0x71, 0x0, 0x78, 0x40, 0x0,
    0x0, 0x0, 0x0, 0x0, 0xf, 0xff, 0x20, 0x0,
    0x0, 0xff, 0xf2, 0x0, 0x0, 0xf, 0xff, 0x20,
    0x0, 0x0, 0xff, 0xf2, 0x0, 0x0, 0xf, 0xff,
    0x20, 0x0, 0x0, 0xff, 0xf2, 0x0, 0x0, 0xf,
    0xff, 0x20, 0x0, 0x0, 0xff, 0xf2, 0x0, 0x0,
    0xf, 0xff, 0x20, 0x0, 0x0, 0xff, 0xf2, 0x0,
    0x0, 0xf, 0xff, 0x20, 0x0, 0x0, 0xff, 0xf2,
    0x0, 0x0, 0xf, 0xff, 0x20, 0x0, 0x0, 0xff,
    0xf2, 0x0,

    /* U+00EF "ï" */
    0x0, 0x0, 0x0, 0x5, 0xfc, 0x8, 0xf9, 0xaf,
    0xf1, 0xdf, 0xe4, 0xfb, 0x7, 0xf8, 0x0, 0x0,
    0x0, 0x0, 0x0, 0x0, 0x0, 0x0, 0xff, 0xf2,
    0x0, 0xf, 0xff, 0x20, 0x0, 0xff, 0xf2, 0x0,
    0xf, 0xff, 0x20, 0x0, 0xff, 0xf2, 0x0, 0xf,
    0xff, 0x20, 0x0, 0xff, 0xf2, 0x0, 0xf, 0xff,
    0x20, 0x0, 0xff, 0xf2, 0x0, 0xf, 0xff, 0x20,
    0x0, 0xff, 0xf2, 0x0, 0xf, 0xff, 0x20, 0x0,
    0xff, 0xf2, 0x0, 0xf, 0xff, 0x20,

    /* U+00F0 "ð" */
    0x0, 0x0, 0x1, 0x0, 0x0, 0x0, 0x0, 0x0,
    0x0, 0x3d, 0xf8, 0x0, 0x0, 0x53, 0x0, 0x0,
    0x7, 0xef, 0xfe, 0x35, 0xdf, 0xb0, 0x0, 0x0,
    0x1, 0xaf, 0xff, 0xff, 0xa2, 0x0, 0x0, 0x0,
    0x7, 0xff, 0xff, 0x70, 0x0, 0x0, 0x1, 0x8f,
    0xff, 0xcf, 0xff, 0x40, 0x0, 0x0, 0x2f, 0xe7,
    0x0, 0x4f, 0xfe, 0x0, 0x0, 0x0, 0x40, 0x0,
    0x0, 0x7f, 0xf8, 0x0, 0x0, 0x0, 0x15, 0x64,
    0x10, 0xdf, 0xf1, 0x0, 0x1, 0xbf, 0xff, 0xff,
    0x88, 0xff, 0x70, 0x1, 0xdf, 0xff, 0xff, 0xff,
    0xdf, 0xfb, 0x0, 0x9f, 0xff, 0x71, 0x3, 0xcf,
    0xff, 0xe0, 0xe, 0xff, 0x50, 0x0, 0x0, 0xdf,
    0xff, 0x1, 0xff, 0xf0, 0x0, 0x0, 0x7, 0xff,
    0xf0, 0x2f, 0xff, 0x0, 0x0, 0x0, 0x6f, 0xfe,
    0x0, 0xff, 0xf2, 0x0, 0x0, 0xa, 0xff, 0xa0,
    0xb, 0xff, 0xc1, 0x0, 0x5, 0xff, 0xf3, 0x0,
    0x3f, 0xff, 0xfb, 0xad, 0xff, 0xf9, 0x0, 0x0,
    0x5f, 0xff, 0xff, 0xff, 0xf9, 0x0, 0x0, 0x0,
    0x28, 0xdf, 0xfd, 0x93, 0x0, 0x0,

    /* U+00F1 "ñ" */
    0x0, 0x9, 0xee, 0x92, 0xb, 0xf0, 0x0, 0x0,
    0x8f, 0xff, 0xff, 0xff, 0xb0, 0x0, 0x0, 0xce,
    0x10, 0x7d, 0xfb, 0x10, 0x0, 0x0, 0x0, 0x0,
    0x0, 0x0, 0x0, 0x0, 0x0, 0x0, 0x0, 0x0,
    0x0, 0x0, 0x0, 0xff, 0xf0, 0x4a, 0xef, 0xeb,
    0x40, 0x0, 0xff, 0xf9, 0xff, 0xff, 0xff, 0xf8,
    0x0, 0xff, 0xff, 0xfe, 0xbc, 0xff, 0xff, 0x50,
    0xff, 0xff, 0x80, 0x0, 0x2d, 0xff, 0xc0, 0xff,
    0xfb, 0x0, 0x0, 0x4, 0xff, 0xf0, 0xff, 0xf5,
    0x0, 0x0, 0x0, 0xff, 0xf2, 0xff, 0xf3, 0x0,
    0x0, 0x0, 0xef, 0xf3, 0xff, 0xf2, 0x0, 0x0,
    0x0, 0xef, 0xf3, 0xff, 0xf2, 0x0, 0x0, 0x0,
    0xef, 0xf3, 0xff, 0xf2, 0x0, 0x0, 0x0, 0xef,
    0xf3, 0xff, 0xf2, 0x0, 0x0, 0x0, 0xef, 0xf3,
    0xff, 0xf2, 0x0, 0x0, 0x0, 0xef, 0xf3, 0xff,
    0xf2, 0x0, 0x0, 0x0, 0xef, 0xf3, 0xff, 0xf2,
    0x0, 0x0, 0x0, 0xef, 0xf3,

    /* U+00F2 "ò" */
    0x0, 0x4, 0x88, 0x70, 0x0, 0x0, 0x0, 0x0,
    0x0, 0x0, 0xaf, 0xfb, 0x0, 0x0, 0x0, 0x0,
    0x0, 0x0, 0x7, 0xff, 0xa0, 0x0, 0x0, 0x0,
    0x0, 0x0, 0x0, 0x4e, 0xfa, 0x0, 0x0, 0x0,
    0x0, 0x0, 0x0, 0x0, 0x0, 0x0, 0x0, 0x0,
    0x0, 0x0, 0x0, 0x0, 0x0, 0x0, 0x0, 0x0,
    0x0, 0x0, 0x28, 0xde, 0xfd, 0x93, 0x0, 0x0,
    0x0, 0x7, 0xff, 0xff, 0xff, 0xff, 0x80, 0x0,
    0x0, 0x7f, 0xff, 0xfd, 0xcf, 0xff, 0xf9, 0x0,
    0x2, 0xff, 0xfa, 0x10, 0x1, 0x9f, 0xff, 0x40,
    0x9, 0xff, 0xc0, 0x0, 0x0, 0xa, 0xff, 0xb0,
    0xd, 0xff, 0x50, 0x0, 0x0, 0x3, 0xff, 0xf0,
    0xf, 0xff, 0x20, 0x0, 0x0, 0x0, 0xff, 0xf1,
    0xf, 0xff, 0x20, 0x0, 0x0, 0x0, 0xff, 0xf1,
    0xd, 0xff, 0x50, 0x0, 0x0, 0x3, 0xff, 0xf0,
    0x9, 0xff, 0xc0, 0x0, 0x0, 0xa, 0xff, 0xb0,
    0x2, 0xff, 0xfb, 0x10, 0x1, 0x9f, 0xff, 0x40,
    0x0, 0x6f, 0xff, 0xfd, 0xdf, 0xff, 0xf8, 0x0,
    0x0, 0x6, 0xff, 0xff, 0xff, 0xff, 0x80, 0x0,
    0x0, 0x0, 0x28, 0xdf, 0xfd, 0x92, 0x0, 0x0,

    /* U+00F3 "ó" */
    0x0, 0x0, 0x0, 0x0, 0x7, 0x88, 0x50, 0x0,
    0x0, 0x0, 0x0, 0x0, 0xaf, 0xfa, 0x0, 0x0,
    0x0, 0x0, 0x0, 0xa, 0xff, 0x70, 0x0, 0x0,
    0x0, 0x0, 0x0, 0x9f, 0xf4, 0x0, 0x0, 0x0,
    0x0, 0x0, 0x0, 0x0, 0x0, 0x0, 0x0, 0x0,
    0x0, 0x0, 0x0, 0x0, 0x0, 0x0, 0x0, 0x0,
    0x0, 0x0, 0x28, 0xde, 0xfd, 0x93, 0x0, 0x0,
    0x0, 0x7, 0xff, 0xff, 0xff, 0xff, 0x80, 0x0,
    0x0, 0x7f, 0xff, 0xfd, 0xcf, 0xff, 0xf9, 0x0,
    0x2, 0xff, 0xfa, 0x10, 0x1, 0x9f, 0xff, 0x40,
    0x9, 0xff, 0xc0, 0x0, 0x0, 0xa, 0xff, 0xb0,
    0xd, 0xff, 0x50, 0x0, 0x0, 0x3, 0xff, 0xf0,
    0xf, 0xff, 0x20, 0x0, 0x0, 0x0, 0xff, 0xf1,
    0xf, 0xff, 0x20, 0x0, 0x0, 0x0, 0xff, 0xf1,
    0xd, 0xff, 0x50, 0x0, 0x0, 0x3, 0xff, 0xf0,
    0x9, 0xff, 0xc0, 0x0, 0x0, 0xa, 0xff, 0xb0,
    0x2, 0xff, 0xfb, 0x10, 0x1, 0x9f, 0xff, 0x40,
    0x0, 0x6f, 0xff, 0xfd, 0xdf, 0xff, 0xf8, 0x0,
    0x0, 0x6, 0xff, 0xff, 0xff, 0xff, 0x80, 0x0,
    0x0, 0x0, 0x28, 0xdf, 0xfd, 0x92, 0x0, 0x0,

    /* U+00F4 "ô" */
    0x0, 0x0, 0x0, 0x58, 0x85, 0x0, 0x0, 0x0,
    0x0, 0x0, 0x5, 0xff, 0xff, 0x60, 0x0, 0x0,
    0x0, 0x0, 0x5f, 0xf8, 0x7f, 0xf5, 0x0, 0x0,
    0x0, 0x4, 0xff, 0x60, 0x5, 0xff, 0x50, 0x0,
    0x0, 0x0, 0x0, 0x0, 0x0, 0x0, 0x0, 0x0,
    0x0, 0x0, 0x0, 0x0, 0x0, 0x0, 0x0, 0x0,
    0x0, 0x0, 0x28, 0xde, 0xfd, 0x93, 0x0, 0x0,
    0x0, 0x7, 0xff, 0xff, 0xff, 0xff, 0x80, 0x0,
    0x0, 0x7f, 0xff, 0xfd, 0xcf, 0xff, 0xf9, 0x0,
    0x2, 0xff, 0xfa, 0x10, 0x1, 0x9f, 0xff, 0x40,
    0x9, 0xff, 0xc0, 0x0, 0x0, 0xa, 0xff, 0xb0,
    0xd, 0xff, 0x50, 0x0, 0x0, 0x3, 0xff, 0xf0,
    0xf, 0xff, 0x20, 0x0, 0x0, 0x0, 0xff, 0xf1,
    0xf, 0xff, 0x20, 0x0, 0x0, 0x0, 0xff, 0xf1,
    0xd, 0xff, 0x50, 0x0, 0x0, 0x3, 0xff, 0xf0,
    0x9, 0xff, 0xc0, 0x0, 0x0, 0xa, 0xff, 0xb0,
    0x2, 0xff, 0xfb, 0x10, 0x1, 0x9f, 0xff, 0x40,
    0x0, 0x6f, 0xff, 0xfd, 0xdf, 0xff, 0xf8, 0x0,
    0x0, 0x6, 0xff, 0xff, 0xff, 0xff, 0x80, 0x0,
    0x0, 0x0, 0x28, 0xdf, 0xfd, 0x92, 0x0, 0x0,

    /* U+00F5 "õ" */
    0x0, 0x0, 0x2c, 0xd7, 0x0, 0x3e, 0x60, 0x0,
    0x0, 0x0, 0xdf, 0xff, 0x90, 0x8f, 0x50, 0x0,
    0x0, 0x4, 0xfa, 0x1a, 0xff, 0xfe, 0x0, 0x0,
    0x0, 0x6, 0xf4, 0x0, 0x8f, 0xd4, 0x0, 0x0,
    0x0, 0x0, 0x0, 0x0, 0x0, 0x0, 0x0, 0x0,
    0x0, 0x0, 0x0, 0x0, 0x0, 0x0, 0x0, 0x0,
    0x0, 0x0, 0x28, 0xde, 0xfd, 0x93, 0x0, 0x0,
    0x0, 0x7, 0xff, 0xff, 0xff, 0xff, 0x80, 0x0,
    0x0, 0x7f, 0xff, 0xfd, 0xcf, 0xff, 0xf9, 0x0,
    0x2, 0xff, 0xfa, 0x10, 0x1, 0x9f, 0xff, 0x40,
    0x9, 0xff, 0xc0, 0x0, 0x0, 0xa, 0xff, 0xb0,
    0xd, 0xff, 0x50, 0x0, 0x0, 0x3, 0xff, 0xf0,
    0xf, 0xff, 0x20, 0x0, 0x0, 0x0, 0xff, 0xf1,
    0xf, 0xff, 0x20, 0x0, 0x0, 0x0, 0xff, 0xf1,
    0xd, 0xff, 0x50, 0x0, 0x0, 0x3, 0xff, 0xf0,
    0x9, 0xff, 0xc0, 0x0, 0x0, 0xa, 0xff, 0xb0,
    0x2, 0xff, 0xfb, 0x10, 0x1, 0x9f, 0xff, 0x40,
    0x0, 0x6f, 0xff, 0xfd, 0xdf, 0xff, 0xf8, 0x0,
    0x0, 0x6, 0xff, 0xff, 0xff, 0xff, 0x80, 0x0,
    0x0, 0x0, 0x28, 0xdf, 0xfd, 0x92, 0x0, 0x0,

    /* U+00F6 "ö" */
    0x0, 0x0, 0x1, 0x0, 0x0, 0x10, 0x0, 0x0,
    0x0, 0x0, 0x8f, 0xb0, 0xb, 0xf9, 0x0, 0x0,
    0x0, 0x0, 0xdf, 0xf0, 0xf, 0xfe, 0x0, 0x0,
    0x0, 0x0, 0x7f, 0x90, 0x9, 0xf7, 0x0, 0x0,
    0x0, 0x0, 0x0, 0x0, 0x0, 0x0, 0x0, 0x0,
    0x0, 0x0, 0x0, 0x0, 0x0, 0x0, 0x0, 0x0,
    0x0, 0x0, 0x28, 0xde, 0xfd, 0x93, 0x0, 0x0,
    0x0, 0x7, 0xff, 0xff, 0xff, 0xff, 0x80, 0x0,
    0x0, 0x7f, 0xff, 0xfd, 0xcf, 0xff, 0xf9, 0x0,
    0x2, 0xff, 0xfa, 0x10, 0x1, 0x9f, 0xff, 0x40,
    0x9, 0xff, 0xc0, 0x0, 0x0, 0xa, 0xff, 0xb0,
    0xd, 0xff, 0x50, 0x0, 0x0, 0x3, 0xff, 0xf0,
    0xf, 0xff, 0x20, 0x0, 0x0, 0x0, 0xff, 0xf1,
    0xf, 0xff, 0x20, 0x0, 0x0, 0x0, 0xff, 0xf1,
    0xd, 0xff, 0x50, 0x0, 0x0, 0x3, 0xff, 0xf0,
    0x9, 0xff, 0xc0, 0x0, 0x0, 0xa, 0xff, 0xb0,
    0x2, 0xff, 0xfb, 0x10, 0x1, 0x9f, 0xff, 0x40,
    0x0, 0x6f, 0xff, 0xfd, 0xdf, 0xff, 0xf8, 0x0,
    0x0, 0x6, 0xff, 0xff, 0xff, 0xff, 0x80, 0x0,
    0x0, 0x0, 0x28, 0xdf, 0xfd, 0x92, 0x0, 0x0,

    /* U+00F7 "÷" */
    0x0, 0x0, 0xb, 0xf8, 0x0, 0x0, 0x0, 0x0,
    0x4, 0xff, 0xf1, 0x0, 0x0, 0x0, 0x0, 0x3f,
    0xff, 0x0, 0x0, 0x0, 0x0, 0x0, 0x6a, 0x40,
    0x0, 0x0, 0x0, 0x0, 0x0, 0x0, 0x0, 0x0,
    0x3, 0x99, 0x99, 0x99, 0x99, 0x99, 0x91, 0x6f,
    0xff, 0xff, 0xff, 0xff, 0xff, 0x26, 0xff, 0xff,
    0xff, 0xff, 0xff, 0xf2, 0x0, 0x0, 0x0, 0x0,
    0x0, 0x0, 0x0, 0x0, 0x0, 0x0, 0x0, 0x0,
    0x0, 0x0, 0x0, 0x6, 0xa4, 0x0, 0x0, 0x0,
    0x0, 0x3, 0xff, 0xf0, 0x0, 0x0, 0x0, 0x0,
    0x4f, 0xff, 0x0, 0x0, 0x0, 0x0, 0x0, 0xaf,
    0x70, 0x0, 0x0,

    /* U+00F8 "ø" */
    0x0, 0x0, 0x0, 0x0, 0x0, 0x6, 0x81, 0x0,
    0x0, 0x0, 0x0, 0x0, 0x0, 0x3f, 0xc0, 0x0,
    0x0, 0x0, 0x28, 0xde, 0xfd, 0xff, 0x40, 0x0,
    0x0, 0x7, 0xff, 0xff, 0xff, 0xff, 0x80, 0x0,
    0x0, 0x7f, 0xff, 0xfd, 0xcf, 0xff, 0xf9, 0x0,
    0x2, 0xff, 0xfa, 0x10, 0x3f, 0xff, 0xff, 0x40,
    0x9, 0xff, 0xc0, 0x0, 0xbf, 0x4a, 0xff, 0xb0,
    0xd, 0xff, 0x50, 0x3, 0xfc, 0x3, 0xff, 0xf0,
    0xf, 0xff, 0x20, 0xb, 0xf4, 0x0, 0xff, 0xf1,
    0xf, 0xff, 0x20, 0x3f, 0xc0, 0x0, 0xff, 0xf1,
    0xd, 0xff, 0x50, 0xbf, 0x40, 0x3, 0xff, 0xf0,
    0x9, 0xff, 0xc3, 0xfc, 0x0, 0xa, 0xff, 0xb0,
    0x2, 0xff, 0xff, 0xf4, 0x1, 0x9f, 0xff, 0x40,
    0x0, 0x6f, 0xff, 0xfd, 0xdf, 0xff, 0xf8, 0x0,
    0x0, 0x6, 0xff, 0xff, 0xff, 0xff, 0x80, 0x0,
    0x0, 0x3, 0xff, 0xdf, 0xfd, 0x92, 0x0, 0x0,
    0x0, 0xb, 0xf4, 0x0, 0x0, 0x0, 0x0, 0x0,
    0x0, 0x3f, 0xc0, 0x0, 0x0, 0x0, 0x0, 0x0,

    /* U+00F9 "ù" */
    0x0, 0x17, 0x88, 0x30, 0x0, 0x0, 0x0, 0x0,
    0x5, 0xff, 0xf3, 0x0, 0x0, 0x0, 0x0, 0x0,
    0x2d, 0xfe, 0x20, 0x0, 0x0, 0x0, 0x0, 0x1,
    0xbf, 0xe2, 0x0, 0x0, 0x0, 0x0, 0x0, 0x0,
    0x0, 0x0, 0x0, 0x0, 0x0, 0x0, 0x0, 0x0,
    0x0, 0x0, 0xf, 0xff, 0x10, 0x0, 0x0, 0x2f,
    0xff, 0xf, 0xff, 0x10, 0x0, 0x0, 0x2f, 0xff,
    0xf, 0xff, 0x10, 0x0, 0x0, 0x2f, 0xff, 0xf,
    0xff, 0x10, 0x0, 0x0, 0x2f, 0xff, 0xf, 0xff,
    0x10, 0x0, 0x0, 0x2f, 0xff, 0xf, 0xff, 0x10,
    0x0, 0x0, 0x2f, 0xff, 0xf, 0xff, 0x10, 0x0,
    0x0, 0x2f, 0xff, 0xf, 0xff, 0x10, 0x0, 0x0,
    0x3f, 0xff, 0xf, 0xff, 0x30, 0x0, 0x0, 0x5f,
    0xff, 0xe, 0xff, 0x80, 0x0, 0x0, 0xcf, 0xff,
    0x9, 0xff, 0xf5, 0x0, 0x1a, 0xff, 0xff, 0x3,
    0xff, 0xff, 0xfe, 0xff, 0xff, 0xff, 0x0, 0x6f,
    0xff, 0xff, 0xff, 0x8f, 0xff, 0x0, 0x3, 0xae,
    0xfe, 0xb4, 0xf, 0xff,

    /* U+00FA "ú" */
    0x0, 0x0, 0x0, 0x0, 0x48, 0x87, 0x10, 0x0,
    0x0, 0x0, 0x4, 0xff, 0xe3, 0x0, 0x0, 0x0,
    0x0, 0x3f, 0xfc, 0x10, 0x0, 0x0, 0x0, 0x3,
    0xff, 0xa0, 0x0, 0x0, 0x0, 0x0, 0x0, 0x0,
    0x0, 0x0, 0x0, 0x0, 0x0, 0x0, 0x0, 0x0,
    0x0, 0x0, 0xf, 0xff, 0x10, 0x0, 0x0, 0x2f,
    0xff, 0xf, 0xff, 0x10, 0x0, 0x0, 0x2f, 0xff,
    0xf, 0xff, 0x10, 0x0, 0x0, 0x2f, 0xff, 0xf,
    0xff, 0x10, 0x0, 0x0, 0x2f, 0xff, 0xf, 0xff,
    0x10, 0x0, 0x0, 0x2f, 0xff, 0xf, 0xff, 0x10,
    0x0, 0x0, 0x2f, 0xff, 0xf, 0xff, 0x10, 0x0,
    0x0, 0x2f, 0xff, 0xf, 0xff, 0x10, 0x0, 0x0,
    0x3f, 0xff, 0xf, 0xff, 0x30, 0x0, 0x0, 0x5f,
    0xff, 0xe, 0xff, 0x80, 0x0, 0x0, 0xcf, 0xff,
    0x9, 0xff, 0xf5, 0x0, 0x1a, 0xff, 0xff, 0x3,
    0xff, 0xff, 0xfe, 0xff, 0xff, 0xff, 0x0, 0x6f,
    0xff, 0xff, 0xff, 0x8f, 0xff, 0x0, 0x3, 0xae,
    0xfe, 0xb4, 0xf, 0xff,

    /* U+00FB "û" */
    0x0, 0x0, 0x1, 0x78, 0x71, 0x0, 0x0, 0x0,
    0x0, 0x1d, 0xff, 0xfc, 0x0, 0x0, 0x0, 0x1,
    0xdf, 0xd4, 0xef, 0xb0, 0x0, 0x0, 0xc, 0xfc,
    0x10, 0x1c, 0xfb, 0x0, 0x0, 0x0, 0x0, 0x0,
    0x0, 0x0, 0x0, 0x0, 0x0, 0x0, 0x0, 0x0,
    0x0, 0x0, 0xf, 0xff, 0x10, 0x0, 0x0, 0x2f,
    0xff, 0xf, 0xff, 0x10, 0x0, 0x0, 0x2f, 0xff,
    0xf, 0xff, 0x10, 0x0, 0x0, 0x2f, 0xff, 0xf,
    0xff, 0x10, 0x0, 0x0, 0x2f, 0xff, 0xf, 0xff,
    0x10, 0x0, 0x0, 0x2f, 0xff, 0xf, 0xff, 0x10,
    0x0, 0x0, 0x2f, 0xff, 0xf, 0xff, 0x10, 0x0,
    0x0, 0x2f, 0xff, 0xf, 0xff, 0x10, 0x0, 0x0,
    0x3f, 0xff, 0xf, 0xff, 0x30, 0x0, 0x0, 0x5f,
    0xff, 0xe, 0xff, 0x80, 0x0, 0x0, 0xcf, 0xff,
    0x9, 0xff, 0xf5, 0x0, 0x1a, 0xff, 0xff, 0x3,
    0xff, 0xff, 0xfe, 0xff, 0xff, 0xff, 0x0, 0x6f,
    0xff, 0xff, 0xff, 0x8f, 0xff, 0x0, 0x3, 0xae,
    0xfe, 0xb4, 0xf, 0xff,

    /* U+00FC "ü" */
    0x0, 0x0, 0x0, 0x0, 0x1, 0x0, 0x0, 0x0,
    0x2, 0xff, 0x30, 0x4f, 0xe1, 0x0, 0x0, 0x6,
    0xff, 0x70, 0x9f, 0xf5, 0x0, 0x0, 0x2, 0xde,
    0x20, 0x3e, 0xd1, 0x0, 0x0, 0x0, 0x0, 0x0,
    0x0, 0x0, 0x0, 0x0, 0x0, 0x0, 0x0, 0x0,
    0x0, 0x0, 0xf, 0xff, 0x10, 0x0, 0x0, 0x2f,
    0xff, 0xf, 0xff, 0x10, 0x0, 0x0, 0x2f, 0xff,
    0xf, 0xff, 0x10, 0x0, 0x0, 0x2f, 0xff, 0xf,
    0xff, 0x10, 0x0, 0x0, 0x2f, 0xff, 0xf, 0xff,
    0x10, 0x0, 0x0, 0x2f, 0xff, 0xf, 0xff, 0x10,
    0x0, 0x0, 0x2f, 0xff, 0xf, 0xff, 0x10, 0x0,
    0x0, 0x2f, 0xff, 0xf, 0xff, 0x10, 0x0, 0x0,
    0x3f, 0xff, 0xf, 0xff, 0x30, 0x0, 0x0, 0x5f,
    0xff, 0xe, 0xff, 0x80, 0x0, 0x0, 0xcf, 0xff,
    0x9, 0xff, 0xf5, 0x0, 0x1a, 0xff, 0xff, 0x3,
    0xff, 0xff, 0xfe, 0xff, 0xff, 0xff, 0x0, 0x6f,
    0xff, 0xff, 0xff, 0x8f, 0xff, 0x0, 0x3, 0xae,
    0xfe, 0xb4, 0xf, 0xff,

    /* U+00FD "ý" */
    0x0, 0x0, 0x0, 0x0, 0x7, 0x88, 0x40, 0x0,
    0x0, 0x0, 0x0, 0x0, 0xcf, 0xf9, 0x0, 0x0,
    0x0, 0x0, 0x0, 0xb, 0xff, 0x60, 0x0, 0x0,
    0x0, 0x0, 0x0, 0xbf, 0xe3, 0x0, 0x0, 0x0,
    0x0, 0x0, 0x0, 0x0, 0x0, 0x0, 0x0, 0x0,
    0x0, 0x0, 0x0, 0x0, 0x0, 0x0, 0x0, 0x0,
    0xe, 0xff, 0x50, 0x0, 0x0, 0x0, 0xaf, 0xf5,
    0x7, 0xff, 0xb0, 0x0, 0x0, 0x1, 0xff, 0xe0,
    0x1, 0xff, 0xf2, 0x0, 0x0, 0x7, 0xff, 0x70,
    0x0, 0xaf, 0xf9, 0x0, 0x0, 0xe, 0xff, 0x10,
    0x0, 0x3f, 0xfe, 0x0, 0x0, 0x5f, 0xfa, 0x0,
    0x0, 0xc, 0xff, 0x60, 0x0, 0xbf, 0xf3, 0x0,
    0x0, 0x6, 0xff, 0xc0, 0x2, 0xff, 0xd0, 0x0,
    0x0, 0x0, 0xef, 0xf3, 0x9, 0xff, 0x60, 0x0,
    0x0, 0x0, 0x8f, 0xfa, 0xe, 0xff, 0x0, 0x0,
    0x0, 0x0, 0x2f, 0xff, 0x7f, 0xf8, 0x0, 0x0,
    0x0, 0x0, 0xb, 0xff, 0xff, 0xf2, 0x0, 0x0,
    0x0, 0x0, 0x4, 0xff, 0xff, 0xb0, 0x0, 0x0,
    0x0, 0x0, 0x0, 0xdf, 0xff, 0x40, 0x0, 0x0,
    0x0, 0x0, 0x0, 0x9f, 0xfe, 0x0, 0x0, 0x0,
    0x0, 0x0, 0x0, 0xaf, 0xf7, 0x0, 0x0, 0x0,
    0x3, 0x30, 0x3, 0xff, 0xf1, 0x0, 0x0, 0x0,
    0xc, 0xfd, 0xcf, 0xff, 0x70, 0x0, 0x0, 0x0,
    0x3f, 0xff, 0xff, 0xfb, 0x0, 0x0, 0x0, 0x0,
    0x5, 0xbf, 0xfd, 0x70, 0x0, 0x0, 0x0, 0x0,

    /* U+00FE "þ" */
    0x44, 0x40, 0x0, 0x0, 0x0, 0x0, 0x0, 0xf,
    0xff, 0x20, 0x0, 0x0, 0x0, 0x0, 0x0, 0xff,
    0xf2, 0x0, 0x0, 0x0, 0x0, 0x0, 0xf, 0xff,
    0x20, 0x0, 0x0, 0x0, 0x0, 0x0, 0xff, 0xf2,
    0x0, 0x0, 0x0, 0x0, 0x0, 0xf, 0xff, 0x20,
    0x0, 0x0, 0x0, 0x0, 0x0, 0xff, 0xf2, 0x3a,
    0xef, 0xeb, 0x40, 0x0, 0xf, 0xff, 0xaf, 0xff,
    0xff, 0xff, 0xa0, 0x0, 0xff, 0xff, 0xff, 0xdc,
    0xff, 0xff, 0xb0, 0xf, 0xff, 0xfb, 0x10, 0x0,
    0x9f, 0xff, 0x60, 0xff, 0xfe, 0x0, 0x0, 0x0,
    0xaf, 0xfc, 0xf, 0xff, 0x60, 0x0, 0x0, 0x3,
    0xff, 0xf0, 0xff, 0xf2, 0x0, 0x0, 0x0, 0xf,
    0xff, 0x2f, 0xff, 0x20, 0x0, 0x0, 0x0, 0xff,
    0xf2, 0xff, 0xf6, 0x0, 0x0, 0x0, 0x3f, 0xff,
    0xf, 0xff, 0xe0, 0x0, 0x0, 0xa, 0xff, 0xc0,
    0xff, 0xff, 0xb1, 0x0, 0x19, 0xff, 0xf6, 0xf,
    0xff, 0xff, 0xfd, 0xdf, 0xff, 0xfb, 0x0, 0xff,
    0xf9, 0xff, 0xff, 0xff, 0xfa, 0x0, 0xf, 0xff,
    0x23, 0xae, 0xfe, 0xb4, 0x0, 0x0, 0xff, 0xf2,
    0x0, 0x0, 0x0, 0x0, 0x0, 0xf, 0xff, 0x20,
    0x0, 0x0, 0x0, 0x0, 0x0, 0xff, 0xf2, 0x0,
    0x0, 0x0, 0x0, 0x0, 0xf, 0xff, 0x20, 0x0,
    0x0, 0x0, 0x0, 0x0, 0xff, 0xf2, 0x0, 0x0,
    0x0, 0x0, 0x0, 0x0,

    /* U+00FF "ÿ" */
    0x0, 0x0, 0x1, 0x0, 0x0, 0x10, 0x0, 0x0,
    0x0, 0x0, 0xaf, 0x90, 0xc, 0xf7, 0x0, 0x0,
    0x0, 0x0, 0xff, 0xe0, 0x2f, 0xfc, 0x0, 0x0,
    0x0, 0x0, 0x9f, 0x80, 0xa, 0xf6, 0x0, 0x0,
    0x0, 0x0, 0x0, 0x0, 0x0, 0x0, 0x0, 0x0,
    0x0, 0x0, 0x0, 0x0, 0x0, 0x0, 0x0, 0x0,
    0xe, 0xff, 0x50, 0x0, 0x0, 0x0, 0xaf, 0xf5,
    0x7, 0xff, 0xb0, 0x0, 0x0, 0x1, 0xff, 0xe0,
    0x1, 0xff, 0xf2, 0x0, 0x0, 0x7, 0xff, 0x70,
    0x0, 0xaf, 0xf9, 0x0, 0x0, 0xe, 0xff, 0x10,
    0x0, 0x3f, 0xfe, 0x0, 0x0, 0x5f, 0xfa, 0x0,
    0x0, 0xc, 0xff, 0x60, 0x0, 0xbf, 0xf3, 0x0,
    0x0, 0x6, 0xff, 0xc0, 0x2, 0xff, 0xd0, 0x0,
    0x0, 0x0, 0xef, 0xf3, 0x9, 0xff, 0x60, 0x0,
    0x0, 0x0, 0x8f, 0xfa, 0xe, 0xff, 0x0, 0x0,
    0x0, 0x0, 0x2f, 0xff, 0x7f, 0xf8, 0x0, 0x0,
    0x0, 0x0, 0xb, 0xff, 0xff, 0xf2, 0x0, 0x0,
    0x0, 0x0, 0x4, 0xff, 0xff, 0xb0, 0x0, 0x0,
    0x0, 0x0, 0x0, 0xdf, 0xff, 0x40, 0x0, 0x0,
    0x0, 0x0, 0x0, 0x9f, 0xfe, 0x0, 0x0, 0x0,
    0x0, 0x0, 0x0, 0xaf, 0xf7, 0x0, 0x0, 0x0,
    0x3, 0x30, 0x3, 0xff, 0xf1, 0x0, 0x0, 0x0,
    0xc, 0xfd, 0xcf, 0xff, 0x70, 0x0, 0x0, 0x0,
    0x3f, 0xff, 0xff, 0xfb, 0x0, 0x0, 0x0, 0x0,
    0x5, 0xbf, 0xfd, 0x70, 0x0, 0x0, 0x0, 0x0,

    /* U+0100 "Ā" */
    0x0, 0x0, 0x0, 0xff, 0xff, 0xff, 0xff, 0xa0,
    0x0, 0x0, 0x0, 0x0, 0x0, 0xef, 0xff, 0xff,
    0xff, 0xa0, 0x0, 0x0, 0x0, 0x0, 0x0, 0x0,
    0x0, 0x0, 0x0, 0x0, 0x0, 0x0, 0x0, 0x0,
    0x0, 0x0, 0x0, 0x0, 0x0, 0x0, 0x0, 0x0,
    0x0, 0x0, 0x0, 0x0, 0x7f, 0xff, 0x20, 0x0,
    0x0, 0x0, 0x0, 0x0, 0x0, 0x0, 0xef, 0xff,
    0x90, 0x0, 0x0, 0x0, 0x0, 0x0, 0x0, 0x5,
    0xff, 0xff, 0xf1, 0x0, 0x0, 0x0, 0x0, 0x0,
    0x0, 0xc, 0xff, 0xdf, 0xf7, 0x0, 0x0, 0x0,
    0x0, 0x0, 0x0, 0x3f, 0xfd, 0x2f, 0xfe, 0x0,
    0x0, 0x0, 0x0, 0x0, 0x0, 0xaf, 0xf6, 0xc,
    0xff, 0x50, 0x0, 0x0, 0x0, 0x0, 0x1, 0xff,
    0xf0, 0x5, 0xff, 0xc0, 0x0, 0x0, 0x0, 0x0,
    0x8, 0xff, 0x90, 0x0, 0xef, 0xf3, 0x0, 0x0,
    0x0, 0x0, 0xe, 0xff, 0x20, 0x0, 0x8f, 0xfa,
    0x0, 0x0, 0x0, 0x0, 0x6f, 0xfb, 0x0, 0x0,
    0x1f, 0xff, 0x20, 0x0, 0x0, 0x0, 0xdf, 0xf5,
    0x0, 0x0, 0xa, 0xff, 0x80, 0x0, 0x0, 0x4,
    0xff, 0xff, 0xff, 0xff, 0xff, 0xff, 0xf0, 0x0,
    0x0, 0xb, 0xff, 0xff, 0xff, 0xff, 0xff, 0xff,
    0xf6, 0x0, 0x0, 0x2f, 0xff, 0xba, 0xaa, 0xaa,
    0xaa, 0xff, 0xfd, 0x0, 0x0, 0x9f, 0xfa, 0x0,
    0x0, 0x0, 0x0, 0xf, 0xff, 0x40, 0x1, 0xff,
    0xf4, 0x0, 0x0, 0x0, 0x0, 0x9, 0xff, 0xb0,
    0x7, 0xff, 0xd0, 0x0, 0x0, 0x0, 0x0, 0x2,
    0xff, 0xf2, 0xe, 0xff, 0x60, 0x0, 0x0, 0x0,
    0x0, 0x0, 0xcf, 0xf9,

    /* U+0101 "ā" */
    0x0, 0xef, 0xff, 0xff, 0xff, 0xc0, 0x0, 0xd,
    0xff, 0xff, 0xff, 0xfb, 0x0, 0x0, 0x0, 0x0,
    0x0, 0x0, 0x0, 0x0, 0x0, 0x0, 0x0, 0x0,
    0x0, 0x0, 0x0, 0x5a, 0xdf, 0xfe, 0xa4, 0x0,
    0x3, 0xdf, 0xff, 0xff, 0xff, 0xf9, 0x0, 0x1f,
    0xff, 0xdb, 0xcf, 0xff, 0xf6, 0x0, 0x88, 0x10,
    0x0, 0x1c, 0xff, 0xd0, 0x0, 0x0, 0x0, 0x0,
    0x2f, 0xff, 0x10, 0x0, 0x1, 0x22, 0x22, 0xff,
    0xf3, 0x1, 0x9e, 0xff, 0xff, 0xff, 0xff, 0x32,
    0xef, 0xff, 0xff, 0xff, 0xff, 0xf3, 0xaf, 0xfc,
    0x20, 0x0, 0xe, 0xff, 0x3d, 0xff, 0x40, 0x0,
    0x0, 0xff, 0xf3, 0xdf, 0xf5, 0x0, 0x0, 0x6f,
    0xff, 0x38, 0xff, 0xe6, 0x34, 0x9f, 0xff, 0xf3,
    0xc, 0xff, 0xff, 0xff, 0xed, 0xff, 0x30, 0x7,
    0xcf, 0xfd, 0x81, 0xbf, 0xf3,

    /* U+0102 "Ă" */
    0x0, 0x0, 0x0, 0x78, 0x10, 0x0, 0x38, 0x50,
    0x0, 0x0, 0x0, 0x0, 0x0, 0xcf, 0x90, 0x1,
    0xcf, 0x70, 0x0, 0x0, 0x0, 0x0, 0x0, 0x3f,
    0xfe, 0xdf, 0xfd, 0x0, 0x0, 0x0, 0x0, 0x0,
    0x0, 0x2, 0xae, 0xfd, 0x80, 0x0, 0x0, 0x0,
    0x0, 0x0, 0x0, 0x0, 0x0, 0x0, 0x0, 0x0,
    0x0, 0x0, 0x0, 0x0, 0x0, 0x0, 0x0, 0x0,
    0x0, 0x0, 0x0, 0x0, 0x0, 0x0, 0x0, 0x0,
    0x7f, 0xff, 0x20, 0x0, 0x0, 0x0, 0x0, 0x0,
    0x0, 0x0, 0xef, 0xff, 0x90, 0x0, 0x0, 0x0,
    0x0, 0x0, 0x0, 0x5, 0xff, 0xff, 0xf1, 0x0,
    0x0, 0x0, 0x0, 0x0, 0x0, 0xc, 0xff, 0xdf,
    0xf7, 0x0, 0x0, 0x0, 0x0, 0x0, 0x0, 0x3f,
    0xfd, 0x2f, 0xfe, 0x0, 0x0, 0x0, 0x0, 0x0,
    0x0, 0xaf, 0xf6, 0xc, 0xff, 0x50, 0x0, 0x0,
    0x0, 0x0, 0x1, 0xff, 0xf0, 0x5, 0xff, 0xc0,
    0x0, 0x0, 0x0, 0x0, 0x8, 0xff, 0x90, 0x0,
    0xef, 0xf3, 0x0, 0x0, 0x0, 0x0, 0xe, 0xff,
    0x20, 0x0, 0x8f, 0xfa, 0x0, 0x0, 0x0, 0x0,
    0x6f, 0xfb, 0x0, 0x0, 0x1f, 0xff, 0x20, 0x0,
    0x0, 0x0, 0xdf, 0xf5, 0x0, 0x0, 0xa, 0xff,
    0x80, 0x0, 0x0, 0x4, 0xff, 0xff, 0xff, 0xff,
    0xff, 0xff, 0xf0, 0x0, 0x0, 0xb, 0xff, 0xff,
    0xff, 0xff, 0xff, 0xff, 0xf6, 0x0, 0x0, 0x2f,
    0xff, 0xba, 0xaa, 0xaa, 0xaa, 0xff, 0xfd, 0x0,
    0x0, 0x9f, 0xfa, 0x0, 0x0, 0x0, 0x0, 0xf,
    0xff, 0x40, 0x1, 0xff, 0xf4, 0x0, 0x0, 0x0,
    0x0, 0x9, 0xff, 0xb0, 0x7, 0xff, 0xd0, 0x0,
    0x0, 0x0, 0x0, 0x2, 0xff, 0xf2, 0xe, 0xff,
    0x60, 0x0, 0x0, 0x0, 0x0, 0x0, 0xcf, 0xf9,

    /* U+0103 "ă" */
    0x0, 0x78, 0x10, 0x0, 0x28, 0x50, 0x0, 0xc,
    0xf6, 0x0, 0x8, 0xf9, 0x0, 0x0, 0x6f, 0xe4,
    0x5, 0xff, 0x30, 0x0, 0x0, 0xaf, 0xff, 0xff,
    0x80, 0x0, 0x0, 0x0, 0x5a, 0xca, 0x40, 0x0,
    0x0, 0x0, 0x0, 0x0, 0x0, 0x0, 0x0, 0x0,
    0x5a, 0xdf, 0xfe, 0xa4, 0x0, 0x3, 0xdf, 0xff,
    0xff, 0xff, 0xf9, 0x0, 0x1f, 0xff, 0xdb, 0xcf,
    0xff, 0xf6, 0x0, 0x88, 0x10, 0x0, 0x1c, 0xff,
    0xd0, 0x0, 0x0, 0x0, 0x0, 0x2f, 0xff, 0x10,
    0x0, 0x1, 0x22, 0x22, 0xff, 0xf3, 0x1, 0x9e,
    0xff, 0xff, 0xff, 0xff, 0x32, 0xef, 0xff, 0xff,
    0xff, 0xff, 0xf3, 0xaf, 0xfc, 0x20, 0x0, 0xe,
    0xff, 0x3d, 0xff, 0x40, 0x0, 0x0, 0xff, 0xf3,
    0xdf, 0xf5, 0x0, 0x0, 0x6f, 0xff, 0x38, 0xff,
    0xe6, 0x34, 0x9f, 0xff, 0xf3, 0xc, 0xff, 0xff,
    0xff, 0xed, 0xff, 0x30, 0x7, 0xcf, 0xfd, 0x81,
    0xbf, 0xf3,

    /* U+0104 "Ą" */
    0x0, 0x0, 0x0, 0x0, 0x7f, 0xff, 0x20, 0x0,
    0x0, 0x0, 0x0, 0x0, 0x0, 0x0, 0xe, 0xff,
    0xf9, 0x0, 0x0, 0x0, 0x0, 0x0, 0x0, 0x0,
    0x5, 0xff, 0xff, 0xf1, 0x0, 0x0, 0x0, 0x0,
    0x0, 0x0, 0x0, 0xcf, 0xfd, 0xff, 0x70, 0x0,
    0x0, 0x0, 0x0, 0x0, 0x0, 0x3f, 0xfd, 0x2f,
    0xfe, 0x0, 0x0, 0x0, 0x0, 0x0, 0x0, 0xa,
    0xff, 0x60, 0xcf, 0xf5, 0x0, 0x0, 0x0, 0x0,
    0x0, 0x1, 0xff, 0xf0, 0x5, 0xff, 0xc0, 0x0,
    0x0, 0x0, 0x0, 0x0, 0x8f, 0xf9, 0x0, 0xe,
    0xff, 0x30, 0x0, 0x0, 0x0, 0x0, 0xe, 0xff,
    0x20, 0x0, 0x8f, 0xfa, 0x0, 0x0, 0x0, 0x0,
    0x6, 0xff, 0xb0, 0x0, 0x1, 0xff, 0xf2, 0x0,
    0x0, 0x0, 0x0, 0xdf, 0xf5, 0x0, 0x0, 0xa,
    0xff, 0x80, 0x0, 0x0, 0x0, 0x4f, 0xff, 0xff,
    0xff, 0xff, 0xff, 0xff, 0x0, 0x0, 0x0, 0xb,
    0xff, 0xff, 0xff, 0xff, 0xff, 0xff, 0xf6, 0x0,
    0x0, 0x2, 0xff, 0xfb, 0xaa, 0xaa, 0xaa, 0xaf,
    0xff, 0xd0, 0x0, 0x0, 0x9f, 0xfa, 0x0, 0x0,
    0x0, 0x0, 0xf, 0xff, 0x40, 0x0, 0x1f, 0xff,
    0x40, 0x0, 0x0, 0x0, 0x0, 0x9f, 0xfb, 0x0,
    0x7, 0xff, 0xd0, 0x0, 0x0, 0x0, 0x0, 0x2,
    0xff, 0xf2, 0x0, 0xef, 0xf6, 0x0, 0x0, 0x0,
    0x0, 0x0, 0xc, 0xff, 0xe0, 0x0, 0x0, 0x0,
    0x0, 0x0, 0x0, 0x0, 0x1, 0xdf, 0xb2, 0x0,
    0x0, 0x0, 0x0, 0x0, 0x0, 0x0, 0x0, 0xbf,
    0x90, 0x0, 0x0, 0x0, 0x0, 0x0, 0x0, 0x0,
    0x0, 0x1f, 0xf0, 0x0, 0x0, 0x0, 0x0, 0x0,
    0x0, 0x0, 0x0, 0x2, 0xff, 0x10, 0x0, 0x0,
    0x0, 0x0, 0x0, 0x0, 0x0, 0x0, 0xd, 0xff,
    0xcf, 0x20, 0x0, 0x0, 0x0, 0x0, 0x0, 0x0,
    0x0, 0x2a, 0xef, 0xc2,

    /* U+0105 "ą" */
    0x0, 0x5a, 0xdf, 0xfe, 0xa4, 0x0, 0x3, 0xdf,
    0xff, 0xff, 0xff, 0xf9, 0x0, 0x1f, 0xff, 0xdb,
    0xcf, 0xff, 0xf6, 0x0, 0x88, 0x10, 0x0, 0x1c,
    0xff, 0xd0, 0x0, 0x0, 0x0, 0x0, 0x2f, 0xff,
    0x10, 0x0, 0x1, 0x22, 0x22, 0xff, 0xf3, 0x1,
    0x9e, 0xff, 0xff, 0xff, 0xff, 0x32, 0xef, 0xff,
    0xff, 0xff, 0xff, 0xf3, 0xaf, 0xfc, 0x20, 0x0,
    0xe, 0xff, 0x3d, 0xff, 0x40, 0x0, 0x0, 0xff,
    0xf3, 0xdf, 0xf5, 0x0, 0x0, 0x6f, 0xff, 0x38,
    0xff, 0xe6, 0x34, 0x9f, 0xff, 0xf3, 0xc, 0xff,
    0xff, 0xff, 0xed, 0xff, 0x30, 0x7, 0xcf, 0xfd,
    0x81, 0xff, 0xf3, 0x0, 0x0, 0x0, 0x0, 0x7f,
    0xe6, 0x0, 0x0, 0x0, 0x0, 0x4f, 0xd1, 0x0,
    0x0, 0x0, 0x0, 0xb, 0xf6, 0x0, 0x0, 0x0,
    0x0, 0x0, 0xbf, 0x70, 0x0, 0x0, 0x0, 0x0,
    0x7, 0xff, 0xde, 0x80, 0x0, 0x0, 0x0, 0x7,
    0xdf, 0xd7,

    /* U+0106 "Ć" */
    0x0, 0x0, 0x0, 0x0, 0x0, 0x58, 0x87, 0x0,
    0x0, 0x0, 0x0, 0x0, 0x0, 0x6f, 0xfd, 0x20,
    0x0, 0x0, 0x0, 0x0, 0x0, 0x5f, 0xfb, 0x0,
    0x0, 0x0, 0x0, 0x0, 0x0, 0x5f, 0xf8, 0x0,
    0x0, 0x0, 0x0, 0x0, 0x0, 0x0, 0x0, 0x0,
    0x0, 0x0, 0x0, 0x0, 0x0, 0x0, 0x0, 0x0,
    0x0, 0x0, 0x0, 0x0, 0x0, 0x3, 0x8c, 0xef,
    0xec, 0x82, 0x0, 0x0, 0x0, 0x1b, 0xff, 0xff,
    0xff, 0xff, 0xf9, 0x0, 0x0, 0x3e, 0xff, 0xff,
    0xff, 0xff, 0xff, 0xfc, 0x10, 0x2e, 0xff, 0xfb,
    0x40, 0x0, 0x3a, 0xff, 0xc1, 0xb, 0xff, 0xf5,
    0x0, 0x0, 0x0, 0x4, 0xb0, 0x3, 0xff, 0xf7,
    0x0, 0x0, 0x0, 0x0, 0x0, 0x0, 0x8f, 0xfd,
    0x0, 0x0, 0x0, 0x0, 0x0, 0x0, 0xc, 0xff,
    0x80, 0x0, 0x0, 0x0, 0x0, 0x0, 0x0, 0xdf,
    0xf6, 0x0, 0x0, 0x0, 0x0, 0x0, 0x0, 0xd,
    0xff, 0x60, 0x0, 0x0, 0x0, 0x0, 0x0, 0x0,
    0xcf, 0xf8, 0x0, 0x0, 0x0, 0x0, 0x0, 0x0,
    0x8, 0xff, 0xd0, 0x0, 0x0, 0x0, 0x0, 0x0,
    0x0, 0x3f, 0xff, 0x70, 0x0, 0x0, 0x0, 0x0,
    0x0, 0x0, 0xbf, 0xff, 0x50, 0x0, 0x0, 0x0,
    0x4b, 0x10, 0x2, 0xef, 0xff, 0xb4, 0x10, 0x4,
    0xaf, 0xfd, 0x10, 0x3, 0xef, 0xff, 0xff, 0xff,
    0xff, 0xff, 0xc0, 0x0, 0x1, 0xbf, 0xff, 0xff,
    0xff, 0xff, 0x90, 0x0, 0x0, 0x0, 0x38, 0xce,
    0xfe, 0xc8, 0x20, 0x0,

    /* U+0107 "ć" */
    0x0, 0x0, 0x0, 0x0, 0x17, 0x88, 0x30, 0x0,
    0x0, 0x0, 0x1, 0xdf, 0xf8, 0x0, 0x0, 0x0,
    0x0, 0xc, 0xff, 0x50, 0x0, 0x0, 0x0, 0x0,
    0xcf, 0xd2, 0x0, 0x0, 0x0, 0x0, 0x0, 0x0,
    0x0, 0x0, 0x0, 0x0, 0x0, 0x0, 0x0, 0x0,
    0x0, 0x0, 0x0, 0x0, 0x28, 0xce, 0xfd, 0x93,
    0x0, 0x0, 0x6, 0xff, 0xff, 0xff, 0xff, 0x80,
    0x0, 0x7f, 0xff, 0xfd, 0xcf, 0xff, 0xf6, 0x2,
    0xff, 0xfb, 0x10, 0x0, 0x9f, 0xe6, 0x9, 0xff,
    0xc0, 0x0, 0x0, 0x6, 0x10, 0xd, 0xff, 0x50,
    0x0, 0x0, 0x0, 0x0, 0xf, 0xff, 0x20, 0x0,
    0x0, 0x0, 0x0, 0xf, 0xff, 0x20, 0x0, 0x0,
    0x0, 0x0, 0xd, 0xff, 0x50, 0x0, 0x0, 0x0,
    0x0, 0x9, 0xff, 0xc0, 0x0, 0x0, 0x6, 0x10,
    0x2, 0xff, 0xfb, 0x20, 0x1, 0x9f, 0xf6, 0x0,
    0x6f, 0xff, 0xfd, 0xdf, 0xff, 0xf5, 0x0, 0x6,
    0xff, 0xff, 0xff, 0xff, 0x70, 0x0, 0x0, 0x18,
    0xce, 0xfd, 0x93, 0x0,

    /* U+0108 "Ĉ" */
    0x0, 0x0, 0x0, 0x2, 0x88, 0x70, 0x0, 0x0,
    0x0, 0x0, 0x0, 0x2, 0xef, 0xff, 0xa0, 0x0,
    0x0, 0x0, 0x0, 0x2, 0xef, 0xb5, 0xff, 0xa0,
    0x0, 0x0, 0x0, 0x1, 0xef, 0xa0, 0x2, 0xef,
    0x90, 0x0, 0x0, 0x0, 0x0, 0x0, 0x0, 0x0,
    0x0, 0x0, 0x0, 0x0, 0x0, 0x0, 0x0, 0x0,
    0x0, 0x0, 0x0, 0x0, 0x0, 0x3, 0x8c, 0xef,
    0xec, 0x82, 0x0, 0x0, 0x0, 0x1b, 0xff, 0xff,
    0xff, 0xff, 0xf9, 0x0, 0x0, 0x3e, 0xff, 0xff,
    0xff, 0xff, 0xff, 0xfc, 0x10, 0x2e, 0xff, 0xfb,
    0x40, 0x0, 0x3a, 0xff, 0xc1, 0xb, 0xff, 0xf5,
    0x0, 0x0, 0x0, 0x4, 0xb0, 0x3, 0xff, 0xf7,
    0x0, 0x0, 0x0, 0x0, 0x0, 0x0, 0x8f, 0xfd,
    0x0, 0x0, 0x0, 0x0, 0x0, 0x0, 0xc, 0xff,
    0x80, 0x0, 0x0, 0x0, 0x0, 0x0, 0x0, 0xdf,
    0xf6, 0x0, 0x0, 0x0, 0x0, 0x0, 0x0, 0xd,
    0xff, 0x60, 0x0, 0x0, 0x0, 0x0, 0x0, 0x0,
    0xcf, 0xf8, 0x0, 0x0, 0x0, 0x0, 0x0, 0x0,
    0x8, 0xff, 0xd0, 0x0, 0x0, 0x0, 0x0, 0x0,
    0x0, 0x3f, 0xff, 0x70, 0x0, 0x0, 0x0, 0x0,
    0x0, 0x0, 0xbf, 0xff, 0x50, 0x0, 0x0, 0x0,
    0x4b, 0x10, 0x2, 0xef, 0xff, 0xb4, 0x10, 0x4,
    0xaf, 0xfd, 0x10, 0x3, 0xef, 0xff, 0xff, 0xff,
    0xff, 0xff, 0xc0, 0x0, 0x1, 0xbf, 0xff, 0xff,
    0xff, 0xff, 0x90, 0x0, 0x0, 0x0, 0x38, 0xce,
    0xfe, 0xc8, 0x20, 0x0,

    /* U+0109 "ĉ" */
    0x0, 0x0, 0x0, 0x68, 0x83, 0x0, 0x0, 0x0,
    0x0, 0x9, 0xff, 0xff, 0x30, 0x0, 0x0, 0x0,
    0x8f, 0xf5, 0xaf, 0xf3, 0x0, 0x0, 0x7, 0xfe,
    0x30, 0x8, 0xfe, 0x20, 0x0, 0x0, 0x0, 0x0,
    0x0, 0x0, 0x0, 0x0, 0x0, 0x0, 0x0, 0x0,
    0x0, 0x0, 0x0, 0x0, 0x28, 0xce, 0xfd, 0x93,
    0x0, 0x0, 0x6, 0xff, 0xff, 0xff, 0xff, 0x80,
    0x0, 0x7f, 0xff, 0xfd, 0xcf, 0xff, 0xf6, 0x2,
    0xff, 0xfb, 0x10, 0x0, 0x9f, 0xe6, 0x9, 0xff,
    0xc0, 0x0, 0x0, 0x6, 0x10, 0xd, 0xff, 0x50,
    0x0, 0x0, 0x0, 0x0, 0xf, 0xff, 0x20, 0x0,
    0x0, 0x0, 0x0, 0xf, 0xff, 0x20, 0x0, 0x0,
    0x0, 0x0, 0xd, 0xff, 0x50, 0x0, 0x0, 0x0,
    0x0, 0x9, 0xff, 0xc0, 0x0, 0x0, 0x6, 0x10,
    0x2, 0xff, 0xfb, 0x20, 0x1, 0x9f, 0xf6, 0x0,
    0x6f, 0xff, 0xfd, 0xdf, 0xff, 0xf5, 0x0, 0x6,
    0xff, 0xff, 0xff, 0xff, 0x70, 0x0, 0x0, 0x18,
    0xce, 0xfd, 0x93, 0x0,

    /* U+010A "Ċ" */
    0x0, 0x0, 0x0, 0x0, 0xcf, 0x70, 0x0, 0x0,
    0x0, 0x0, 0x0, 0x0, 0x6f, 0xff, 0x0, 0x0,
    0x0, 0x0, 0x0, 0x0, 0x5, 0xff, 0xe0, 0x0,
    0x0, 0x0, 0x0, 0x0, 0x0, 0x7, 0xa3, 0x0,
    0x0, 0x0, 0x0, 0x0, 0x0, 0x0, 0x0, 0x0,
    0x0, 0x0, 0x0, 0x0, 0x0, 0x0, 0x0, 0x0,
    0x0, 0x0, 0x0, 0x0, 0x0, 0x3, 0x8c, 0xef,
    0xec, 0x82, 0x0, 0x0, 0x0, 0x1b, 0xff, 0xff,
    0xff, 0xff, 0xf9, 0x0, 0x0, 0x3e, 0xff, 0xff,
    0xff, 0xff, 0xff, 0xfc, 0x10, 0x2e, 0xff, 0xfb,
    0x40, 0x0, 0x3a, 0xff, 0xc1, 0xb, 0xff, 0xf5,
    0x0, 0x0, 0x0, 0x4, 0xb0, 0x3, 0xff, 0xf7,
    0x0, 0x0, 0x0, 0x0, 0x0, 0x0, 0x8f, 0xfd,
    0x0, 0x0, 0x0, 0x0, 0x0, 0x0, 0xc, 0xff,
    0x80, 0x0, 0x0, 0x0, 0x0, 0x0, 0x0, 0xdf,
    0xf6, 0x0, 0x0, 0x0, 0x0, 0x0, 0x0, 0xd,
    0xff, 0x60, 0x0, 0x0, 0x0, 0x0, 0x0, 0x0,
    0xcf, 0xf8, 0x0, 0x0, 0x0, 0x0, 0x0, 0x0,
    0x8, 0xff, 0xd0, 0x0, 0x0, 0x0, 0x0, 0x0,
    0x0, 0x3f, 0xff, 0x70, 0x0, 0x0, 0x0, 0x0,
    0x0, 0x0, 0xbf, 0xff, 0x50, 0x0, 0x0, 0x0,
    0x4b, 0x10, 0x2, 0xef, 0xff, 0xb4, 0x10, 0x4,
    0xaf, 0xfd, 0x10, 0x3, 0xef, 0xff, 0xff, 0xff,
    0xff, 0xff, 0xc0, 0x0, 0x1, 0xbf, 0xff, 0xff,
    0xff, 0xff, 0x90, 0x0, 0x0, 0x0, 0x38, 0xce,
    0xfe, 0xc8, 0x20, 0x0,

    /* U+010B "ċ" */
    0x0, 0x0, 0x0, 0x5e, 0xc1, 0x0, 0x0, 0x0,
    0x0, 0x0, 0xef, 0xf8, 0x0, 0x0, 0x0, 0x0,
    0x0, 0xdf, 0xf6, 0x0, 0x0, 0x0, 0x0, 0x0,
    0x29, 0x70, 0x0, 0x0, 0x0, 0x0, 0x0, 0x0,
    0x0, 0x0, 0x0, 0x0, 0x0, 0x0, 0x0, 0x0,
    0x0, 0x0, 0x0, 0x0, 0x28, 0xce, 0xfd, 0x93,
    0x0, 0x0, 0x6, 0xff, 0xff, 0xff, 0xff, 0x80,
    0x0, 0x7f, 0xff, 0xfd, 0xcf, 0xff, 0xf6, 0x2,
    0xff, 0xfb, 0x10, 0x0, 0x9f, 0xe6, 0x9, 0xff,
    0xc0, 0x0, 0x0, 0x6, 0x10, 0xd, 0xff, 0x50,
    0x0, 0x0, 0x0, 0x0, 0xf, 0xff, 0x20, 0x0,
    0x0, 0x0, 0x0, 0xf, 0xff, 0x20, 0x0, 0x0,
    0x0, 0x0, 0xd, 0xff, 0x50, 0x0, 0x0, 0x0,
    0x0, 0x9, 0xff, 0xc0, 0x0, 0x0, 0x6, 0x10,
    0x2, 0xff, 0xfb, 0x20, 0x1, 0x9f, 0xf6, 0x0,
    0x6f, 0xff, 0xfd, 0xdf, 0xff, 0xf5, 0x0, 0x6,
    0xff, 0xff, 0xff, 0xff, 0x70, 0x0, 0x0, 0x18,
    0xce, 0xfd, 0x93, 0x0,

    /* U+010C "Č" */
    0x0, 0x0, 0x17, 0x83, 0x0, 0x6, 0x86, 0x0,
    0x0, 0x0, 0x0, 0x8f, 0xf4, 0x9, 0xfe, 0x20,
    0x0, 0x0, 0x0, 0x0, 0x8f, 0xff, 0xff, 0x30,
    0x0, 0x0, 0x0, 0x0, 0x0, 0x9f, 0xff, 0x30,
    0x0, 0x0, 0x0, 0x0, 0x0, 0x0, 0x0, 0x0,
    0x0, 0x0, 0x0, 0x0, 0x0, 0x0, 0x0, 0x0,
    0x0, 0x0, 0x0, 0x0, 0x0, 0x3, 0x8c, 0xef,
    0xec, 0x82, 0x0, 0x0, 0x0, 0x1b, 0xff, 0xff,
    0xff, 0xff, 0xf9, 0x0, 0x0, 0x3e, 0xff, 0xff,
    0xff, 0xff, 0xff, 0xfc, 0x10, 0x2e, 0xff, 0xfb,
    0x40, 0x0, 0x3a, 0xff, 0xc1, 0xb, 0xff, 0xf5,
    0x0, 0x0, 0x0, 0x4, 0xb0, 0x3, 0xff, 0xf7,
    0x0, 0x0, 0x0, 0x0, 0x0, 0x0, 0x8f, 0xfd,
    0x0, 0x0, 0x0, 0x0, 0x0, 0x0, 0xc, 0xff,
    0x80, 0x0, 0x0, 0x0, 0x0, 0x0, 0x0, 0xdf,
    0xf6, 0x0, 0x0, 0x0, 0x0, 0x0, 0x0, 0xd,
    0xff, 0x60, 0x0, 0x0, 0x0, 0x0, 0x0, 0x0,
    0xcf, 0xf8, 0x0, 0x0, 0x0, 0x0, 0x0, 0x0,
    0x8, 0xff, 0xd0, 0x0, 0x0, 0x0, 0x0, 0x0,
    0x0, 0x3f, 0xff, 0x70, 0x0, 0x0, 0x0, 0x0,
    0x0, 0x0, 0xbf, 0xff, 0x50, 0x0, 0x0, 0x0,
    0x4b, 0x10, 0x2, 0xef, 0xff, 0xb4, 0x10, 0x4,
    0xaf, 0xfd, 0x10, 0x3, 0xef, 0xff, 0xff, 0xff,
    0xff, 0xff, 0xc0, 0x0, 0x1, 0xbf, 0xff, 0xff,
    0xff, 0xff, 0x90, 0x0, 0x0, 0x0, 0x38, 0xce,
    0xfe, 0xc8, 0x20, 0x0,

    /* U+010D "č" */
    0x0, 0x5, 0x86, 0x0, 0x2, 0x88, 0x20, 0x0,
    0x2, 0xef, 0xb0, 0x3e, 0xf9, 0x0, 0x0, 0x0,
    0x2e, 0xff, 0xff, 0xa0, 0x0, 0x0, 0x0, 0x2,
    0xff, 0xfa, 0x0, 0x0, 0x0, 0x0, 0x0, 0x0,
    0x0, 0x0, 0x0, 0x0, 0x0, 0x0, 0x0, 0x0,
    0x0, 0x0, 0x0, 0x0, 0x28, 0xce, 0xfd, 0x93,
    0x0, 0x0, 0x6, 0xff, 0xff, 0xff, 0xff, 0x80,
    0x0, 0x7f, 0xff, 0xfd, 0xcf, 0xff, 0xf6, 0x2,
    0xff, 0xfb, 0x10, 0x0, 0x9f, 0xe6, 0x9, 0xff,
    0xc0, 0x0, 0x0, 0x6, 0x10, 0xd, 0xff, 0x50,
    0x0, 0x0, 0x0, 0x0, 0xf, 0xff, 0x20, 0x0,
    0x0, 0x0, 0x0, 0xf, 0xff, 0x20, 0x0, 0x0,
    0x0, 0x0, 0xd, 0xff, 0x50, 0x0, 0x0, 0x0,
    0x0, 0x9, 0xff, 0xc0, 0x0, 0x0, 0x6, 0x10,
    0x2, 0xff, 0xfb, 0x20, 0x1, 0x9f, 0xf6, 0x0,
    0x6f, 0xff, 0xfd, 0xdf, 0xff, 0xf5, 0x0, 0x6,
    0xff, 0xff, 0xff, 0xff, 0x70, 0x0, 0x0, 0x18,
    0xce, 0xfd, 0x93, 0x0,

    /* U+010E "Ď" */
    0x0, 0x1d, 0xfb, 0x0, 0x2d, 0xfa, 0x0, 0x0,
    0x0, 0x0, 0x1, 0xdf, 0xc4, 0xef, 0xb0, 0x0,
    0x0, 0x0, 0x0, 0x0, 0x1e, 0xff, 0xfb, 0x0,
    0x0, 0x0, 0x0, 0x0, 0x0, 0x2, 0x88, 0x70,
    0x0, 0x0, 0x0, 0x0, 0x0, 0x0, 0x0, 0x0,
    0x0, 0x0, 0x0, 0x0, 0x0, 0xaf, 0xff, 0xff,
    0xff, 0xfe, 0xb7, 0x10, 0x0, 0x0, 0xaf, 0xff,
    0xff, 0xff, 0xff, 0xff, 0xf8, 0x0, 0x0, 0xaf,
    0xfe, 0xdd, 0xdd, 0xef, 0xff, 0xff, 0xc1, 0x0,
    0xaf, 0xf9, 0x0, 0x0, 0x0, 0x5c, 0xff, 0xfb,
    0x0, 0xaf, 0xf9, 0x0, 0x0, 0x0, 0x0, 0x9f,
    0xff, 0x70, 0xaf, 0xf9, 0x0, 0x0, 0x0, 0x0,
    0xb, 0xff, 0xe0, 0xaf, 0xf9, 0x0, 0x0, 0x0,
    0x0, 0x3, 0xff, 0xf3, 0xaf, 0xf9, 0x0, 0x0,
    0x0, 0x0, 0x0, 0xef, 0xf6, 0xaf, 0xf9, 0x0,
    0x0, 0x0, 0x0, 0x0, 0xcf, 0xf8, 0xaf, 0xf9,
    0x0, 0x0, 0x0, 0x0, 0x0, 0xcf, 0xf8, 0xaf,
    0xf9, 0x0, 0x0, 0x0, 0x0, 0x0, 0xef, 0xf6,
    0xaf, 0xf9, 0x0, 0x0, 0x0, 0x0, 0x3, 0xff,
    0xf3, 0xaf, 0xf9, 0x0, 0x0, 0x0, 0x0, 0xb,
    0xff, 0xe0, 0xaf, 0xf9, 0x0, 0x0, 0x0, 0x0,
    0x9f, 0xff, 0x70, 0xaf, 0xf9, 0x0, 0x0, 0x0,
    0x5c, 0xff, 0xfb, 0x0, 0xaf, 0xff, 0xdd, 0xdd,
    0xef, 0xff, 0xff, 0xc1, 0x0, 0xaf, 0xff, 0xff,
    0xff, 0xff, 0xff, 0xf8, 0x0, 0x0, 0xaf, 0xff,
    0xff, 0xff, 0xfe, 0xb7, 0x10, 0x0, 0x0,

    /* U+010F "ď" */
    0x0, 0x0, 0x0, 0x0, 0x0, 0x0, 0x0, 0x0,
    0x1, 0x11, 0x0, 0x0, 0x0, 0x0, 0x0, 0x0,
    0x66, 0x60, 0xb, 0xfb, 0x0, 0x0, 0x0, 0x0,
    0x0, 0x0, 0xff, 0xf1, 0xb, 0xf9, 0x0, 0x0,
    0x0, 0x0, 0x0, 0x0, 0xff, 0xf1, 0xb, 0xf8,
    0x0, 0x0, 0x0, 0x0, 0x0, 0x0, 0xff, 0xf1,
    0xb, 0xf7, 0x0, 0x0, 0x0, 0x0, 0x0, 0x0,
    0xff, 0xf1, 0xb, 0xf6, 0x0, 0x0, 0x0, 0x0,
    0x0, 0x0, 0xff, 0xf1, 0x0, 0x0, 0x0, 0x0,
    0x3a, 0xdf, 0xeb, 0x40, 0xff, 0xf1, 0x0, 0x0,
    0x0, 0x9, 0xff, 0xff, 0xff, 0xf9, 0xff, 0xf1,
    0x0, 0x0, 0x0, 0x9f, 0xff, 0xfd, 0xcf, 0xff,
    0xff, 0xf1, 0x0, 0x0, 0x3, 0xff, 0xfb, 0x10,
    0x1, 0x9f, 0xff, 0xf1, 0x0, 0x0, 0xa, 0xff,
    0xc0, 0x0, 0x0, 0xa, 0xff, 0xf1, 0x0, 0x0,
    0xe, 0xff, 0x50, 0x0, 0x0, 0x3, 0xff, 0xf1,
    0x0, 0x0, 0xf, 0xff, 0x20, 0x0, 0x0, 0x0,
    0xff, 0xf1, 0x0, 0x0, 0xf, 0xff, 0x20, 0x0,
    0x0, 0x0, 0xff, 0xf1, 0x0, 0x0, 0xe, 0xff,
    0x50, 0x0, 0x0, 0x3, 0xff, 0xf1, 0x0, 0x0,
    0xa, 0xff, 0xc0, 0x0, 0x0, 0xb, 0xff, 0xf1,
    0x0, 0x0, 0x3, 0xff, 0xfb, 0x10, 0x1, 0x9f,
    0xff, 0xf1, 0x0, 0x0, 0x0, 0x8f, 0xff, 0xfd,
    0xdf, 0xff, 0xff, 0xf1, 0x0, 0x0, 0x0, 0x8,
    0xff, 0xff, 0xff, 0xf9, 0xef, 0xf1, 0x0, 0x0,
    0x0, 0x0, 0x3a, 0xdf, 0xeb, 0x50, 0xef, 0xf1,
    0x0, 0x0,

    /* U+0110 "Đ" */
    0x0, 0x6f, 0xff, 0xff, 0xff, 0xfe, 0xc8, 0x30,
    0x0, 0x0, 0x0, 0x6f, 0xff, 0xff, 0xff, 0xff,
    0xff, 0xfa, 0x10, 0x0, 0x0, 0x6f, 0xff, 0xdd,
    0xdd, 0xef, 0xff, 0xff, 0xe3, 0x0, 0x0, 0x6f,
    0xfd, 0x0, 0x0, 0x0, 0x4a, 0xff, 0xfe, 0x10,
    0x0, 0x6f, 0xfd, 0x0, 0x0, 0x0, 0x0, 0x5f,
    0xff, 0xb0, 0x0, 0x6f, 0xfd, 0x0, 0x0, 0x0,
    0x0, 0x7, 0xff, 0xf2, 0x0, 0x6f, 0xfd, 0x0,
    0x0, 0x0, 0x0, 0x0, 0xef, 0xf7, 0x68, 0xef,
    0xff, 0x88, 0x88, 0x40, 0x0, 0x0, 0xaf, 0xfa,
    0xdf, 0xff, 0xff, 0xff, 0xff, 0x80, 0x0, 0x0,
    0x8f, 0xfc, 0xdf, 0xff, 0xff, 0xff, 0xff, 0x80,
    0x0, 0x0, 0x8f, 0xfc, 0x0, 0x6f, 0xfd, 0x0,
    0x0, 0x0, 0x0, 0x0, 0xaf, 0xfa, 0x0, 0x6f,
    0xfd, 0x0, 0x0, 0x0, 0x0, 0x0, 0xef, 0xf7,
    0x0, 0x6f, 0xfd, 0x0, 0x0, 0x0, 0x0, 0x7,
    0xff, 0xf2, 0x0, 0x6f, 0xfd, 0x0, 0x0, 0x0,
    0x0, 0x5f, 0xff, 0xb0, 0x0, 0x6f, 0xfd, 0x0,
    0x0, 0x0, 0x4a, 0xff, 0xfe, 0x10, 0x0, 0x6f,
    0xff, 0xdd, 0xdd, 0xef, 0xff, 0xff, 0xe3, 0x0,
    0x0, 0x6f, 0xff, 0xff, 0xff, 0xff, 0xff, 0xfb,
    0x10, 0x0, 0x0, 0x6f, 0xff, 0xff, 0xff, 0xfe,
    0xc8, 0x30, 0x0, 0x0,

    /* U+0111 "đ" */
    0x0, 0x0, 0x0, 0x0, 0x0, 0x0, 0x88, 0x80,
    0x0, 0x0, 0x0, 0x0, 0x0, 0x0, 0x0, 0xff,
    0xf1, 0x0, 0x0, 0x0, 0x0, 0xe, 0xff, 0xff,
    0xff, 0xff, 0xf2, 0x0, 0x0, 0x0, 0xe, 0xff,
    0xff, 0xff, 0xff, 0xf2, 0x0, 0x0, 0x0, 0x1,
    0x22, 0x22, 0xff, 0xf3, 0x20, 0x0, 0x0, 0x0,
    0x0, 0x0, 0x0, 0xff, 0xf1, 0x0, 0x0, 0x0,
    0x3a, 0xdf, 0xeb, 0x40, 0xff, 0xf1, 0x0, 0x0,
    0x9, 0xff, 0xff, 0xff, 0xf9, 0xff, 0xf1, 0x0,
    0x0, 0x9f, 0xff, 0xfd, 0xcf, 0xff, 0xff, 0xf1,
    0x0, 0x3, 0xff, 0xfb, 0x10, 0x1, 0x9f, 0xff,
    0xf1, 0x0, 0xa, 0xff, 0xc0, 0x0, 0x0, 0xa,
    0xff, 0xf1, 0x0, 0xe, 0xff, 0x50, 0x0, 0x0,
    0x3, 0xff, 0xf1, 0x0, 0xf, 0xff, 0x20, 0x0,
    0x0, 0x0, 0xff, 0xf1, 0x0, 0xf, 0xff, 0x20,
    0x0, 0x0, 0x0, 0xff, 0xf1, 0x0, 0xe, 0xff,
    0x50, 0x0, 0x0, 0x3, 0xff, 0xf1, 0x0, 0xa,
    0xff, 0xc0, 0x0, 0x0, 0xb, 0xff, 0xf1, 0x0,
    0x3, 0xff, 0xfb, 0x10, 0x1, 0x9f, 0xff, 0xf1,
    0x0, 0x0, 0x8f, 0xff, 0xfd, 0xdf, 0xff, 0xff,
    0xf1, 0x0, 0x0, 0x8, 0xff, 0xff, 0xff, 0xf9,
    0xef, 0xf1, 0x0, 0x0, 0x0, 0x3a, 0xdf, 0xeb,
    0x50, 0xef, 0xf1, 0x0,

    /* U+0112 "Ē" */
    0x0, 0x9f, 0xff, 0xff, 0xff, 0xf1, 0x0, 0x0,
    0x8f, 0xff, 0xff, 0xff, 0xf1, 0x0, 0x0, 0x0,
    0x0, 0x0, 0x0, 0x0, 0x0, 0x0, 0x0, 0x0,
    0x0, 0x0, 0x0, 0x0, 0xaf, 0xff, 0xff, 0xff,
    0xff, 0xff, 0xf2, 0xaf, 0xff, 0xff, 0xff, 0xff,
    0xff, 0xf2, 0xaf, 0xfe, 0xdd, 0xdd, 0xdd, 0xdd,
    0xd1, 0xaf, 0xf9, 0x0, 0x0, 0x0, 0x0, 0x0,
    0xaf, 0xf9, 0x0, 0x0, 0x0, 0x0, 0x0, 0xaf,
    0xf9, 0x0, 0x0, 0x0, 0x0, 0x0, 0xaf, 0xf9,
    0x0, 0x0, 0x0, 0x0, 0x0, 0xaf, 0xff, 0xcc,
    0xcc, 0xcc, 0xcc, 0x0, 0xaf, 0xff, 0xff, 0xff,
    0xff, 0xff, 0x0, 0xaf, 0xff, 0xff, 0xff, 0xff,
    0xff, 0x0, 0xaf, 0xf9, 0x0, 0x0, 0x0, 0x0,
    0x0, 0xaf, 0xf9, 0x0, 0x0, 0x0, 0x0, 0x0,
    0xaf, 0xf9, 0x0, 0x0, 0x0, 0x0, 0x0, 0xaf,
    0xf9, 0x0, 0x0, 0x0, 0x0, 0x0, 0xaf, 0xf9,
    0x0, 0x0, 0x0, 0x0, 0x0, 0xaf, 0xfe, 0xdd,
    0xdd, 0xdd, 0xdd, 0xd6, 0xaf, 0xff, 0xff, 0xff,
    0xff, 0xff, 0xf7, 0xaf, 0xff, 0xff, 0xff, 0xff,
    0xff, 0xf7,

    /* U+0113 "ē" */
    0x0, 0x8, 0xff, 0xff, 0xff, 0xff, 0x10, 0x0,
    0x0, 0x8f, 0xff, 0xff, 0xff, 0xf1, 0x0, 0x0,
    0x0, 0x0, 0x0, 0x0, 0x0, 0x0, 0x0, 0x0,
    0x0, 0x0, 0x0, 0x0, 0x0, 0x0, 0x0, 0x0,
    0x39, 0xdf, 0xec, 0x71, 0x0, 0x0, 0x0, 0x8f,
    0xff, 0xff, 0xff, 0xe3, 0x0, 0x0, 0x8f, 0xff,
    0xda, 0xae, 0xff, 0xf2, 0x0, 0x3f, 0xff, 0x50,
    0x0, 0xa, 0xff, 0xc0, 0x9, 0xff, 0x80, 0x0,
    0x0, 0xd, 0xff, 0x20, 0xef, 0xf4, 0x22, 0x22,
    0x22, 0x9f, 0xf6, 0xf, 0xff, 0xff, 0xff, 0xff,
    0xff, 0xff, 0x80, 0xff, 0xff, 0xff, 0xff, 0xff,
    0xff, 0xf9, 0xd, 0xff, 0x30, 0x0, 0x0, 0x0,
    0x0, 0x0, 0x9f, 0xfb, 0x0, 0x0, 0x0, 0x0,
    0x0, 0x2, 0xff, 0xfa, 0x20, 0x0, 0x2c, 0xa0,
    0x0, 0x7, 0xff, 0xff, 0xdc, 0xdf, 0xff, 0x60,
    0x0, 0x6, 0xff, 0xff, 0xff, 0xff, 0xc1, 0x0,
    0x0, 0x1, 0x7c, 0xef, 0xeb, 0x50, 0x0,

    /* U+0114 "Ĕ" */
    0x0, 0x48, 0x40, 0x0, 0x7, 0x80, 0x0, 0x0,
    0x5f, 0xd2, 0x0, 0x7f, 0xd0, 0x0, 0x0, 0xc,
    0xff, 0xde, 0xff, 0x50, 0x0, 0x0, 0x0, 0x7d,
    0xfe, 0xb3, 0x0, 0x0, 0x0, 0x0, 0x0, 0x0,
    0x0, 0x0, 0x0, 0x0, 0x0, 0x0, 0x0, 0x0,
    0x0, 0x0, 0xaf, 0xff, 0xff, 0xff, 0xff, 0xff,
    0xf2, 0xaf, 0xff, 0xff, 0xff, 0xff, 0xff, 0xf2,
    0xaf, 0xfe, 0xdd, 0xdd, 0xdd, 0xdd, 0xd1, 0xaf,
    0xf9, 0x0, 0x0, 0x0, 0x0, 0x0, 0xaf, 0xf9,
    0x0, 0x0, 0x0, 0x0, 0x0, 0xaf, 0xf9, 0x0,
    0x0, 0x0, 0x0, 0x0, 0xaf, 0xf9, 0x0, 0x0,
    0x0, 0x0, 0x0, 0xaf, 0xff, 0xcc, 0xcc, 0xcc,
    0xcc, 0x0, 0xaf, 0xff, 0xff, 0xff, 0xff, 0xff,
    0x0, 0xaf, 0xff, 0xff, 0xff, 0xff, 0xff, 0x0,
    0xaf, 0xf9, 0x0, 0x0, 0x0, 0x0, 0x0, 0xaf,
    0xf9, 0x0, 0x0, 0x0, 0x0, 0x0, 0xaf, 0xf9,
    0x0, 0x0, 0x0, 0x0, 0x0, 0xaf, 0xf9, 0x0,
    0x0, 0x0, 0x0, 0x0, 0xaf, 0xf9, 0x0, 0x0,
    0x0, 0x0, 0x0, 0xaf, 0xfe, 0xdd, 0xdd, 0xdd,
    0xdd, 0xd6, 0xaf, 0xff, 0xff, 0xff, 0xff, 0xff,
    0xf7, 0xaf, 0xff, 0xff, 0xff, 0xff, 0xff, 0xf7,

    /* U+0115 "ĕ" */
    0x0, 0x4, 0x84, 0x0, 0x0, 0x78, 0x0, 0x0,
    0x0, 0x5f, 0xe1, 0x0, 0x7f, 0xe0, 0x0, 0x0,
    0x0, 0xcf, 0xfd, 0xef, 0xf5, 0x0, 0x0, 0x0,
    0x0, 0x7d, 0xfe, 0xb3, 0x0, 0x0, 0x0, 0x0,
    0x0, 0x0, 0x0, 0x0, 0x0, 0x0, 0x0, 0x0,
    0x0, 0x0, 0x0, 0x0, 0x0, 0x0, 0x0, 0x39,
    0xdf, 0xec, 0x71, 0x0, 0x0, 0x0, 0x8f, 0xff,
    0xff, 0xff, 0xe3, 0x0, 0x0, 0x8f, 0xff, 0xda,
    0xae, 0xff, 0xf2, 0x0, 0x3f, 0xff, 0x50, 0x0,
    0xa, 0xff, 0xc0, 0x9, 0xff, 0x80, 0x0, 0x0,
    0xd, 0xff, 0x20, 0xef, 0xf4, 0x22, 0x22, 0x22,
    0x9f, 0xf6, 0xf, 0xff, 0xff, 0xff, 0xff, 0xff,
    0xff, 0x80, 0xff, 0xff, 0xff, 0xff, 0xff, 0xff,
    0xf9, 0xd, 0xff, 0x30, 0x0, 0x0, 0x0, 0x0,
    0x0, 0x9f, 0xfb, 0x0, 0x0, 0x0, 0x0, 0x0,
    0x2, 0xff, 0xfa, 0x20, 0x0, 0x2c, 0xa0, 0x0,
    0x7, 0xff, 0xff, 0xdc, 0xdf, 0xff, 0x60, 0x0,
    0x6, 0xff, 0xff, 0xff, 0xff, 0xc1, 0x0, 0x0,
    0x1, 0x7c, 0xef, 0xeb, 0x50, 0x0,

    /* U+0116 "Ė" */
    0x0, 0x0, 0x3, 0xa7, 0x0, 0x0, 0x0, 0x0,
    0x0, 0xe, 0xff, 0x50, 0x0, 0x0, 0x0, 0x0,
    0xf, 0xff, 0x70, 0x0, 0x0, 0x0, 0x0, 0x6,
    0xfc, 0x10, 0x0, 0x0, 0x0, 0x0, 0x0, 0x0,
    0x0, 0x0, 0x0, 0x0, 0x0, 0x0, 0x0, 0x0,
    0x0, 0x0, 0xaf, 0xff, 0xff, 0xff, 0xff, 0xff,
    0xf2, 0xaf, 0xff, 0xff, 0xff, 0xff, 0xff, 0xf2,
    0xaf, 0xfe, 0xdd, 0xdd, 0xdd, 0xdd, 0xd1, 0xaf,
    0xf9, 0x0, 0x0, 0x0, 0x0, 0x0, 0xaf, 0xf9,
    0x0, 0x0, 0x0, 0x0, 0x0, 0xaf, 0xf9, 0x0,
    0x0, 0x0, 0x0, 0x0, 0xaf, 0xf9, 0x0, 0x0,
    0x0, 0x0, 0x0, 0xaf, 0xff, 0xcc, 0xcc, 0xcc,
    0xcc, 0x0, 0xaf, 0xff, 0xff, 0xff, 0xff, 0xff,
    0x0, 0xaf, 0xff, 0xff, 0xff, 0xff, 0xff, 0x0,
    0xaf, 0xf9, 0x0, 0x0, 0x0, 0x0, 0x0, 0xaf,
    0xf9, 0x0, 0x0, 0x0, 0x0, 0x0, 0xaf, 0xf9,
    0x0, 0x0, 0x0, 0x0, 0x0, 0xaf, 0xf9, 0x0,
    0x0, 0x0, 0x0, 0x0, 0xaf, 0xf9, 0x0, 0x0,
    0x0, 0x0, 0x0, 0xaf, 0xfe, 0xdd, 0xdd, 0xdd,
    0xdd, 0xd6, 0xaf, 0xff, 0xff, 0xff, 0xff, 0xff,
    0xf7, 0xaf, 0xff, 0xff, 0xff, 0xff, 0xff, 0xf7,

    /* U+0117 "ė" */
    0x0, 0x0, 0x0, 0x6e, 0xc1, 0x0, 0x0, 0x0,
    0x0, 0x0, 0xe, 0xff, 0x70, 0x0, 0x0, 0x0,
    0x0, 0x0, 0xdf, 0xf6, 0x0, 0x0, 0x0, 0x0,
    0x0, 0x2, 0xa7, 0x0, 0x0, 0x0, 0x0, 0x0,
    0x0, 0x0, 0x0, 0x0, 0x0, 0x0, 0x0, 0x0,
    0x0, 0x0, 0x0, 0x0, 0x0, 0x0, 0x0, 0x39,
    0xdf, 0xec, 0x71, 0x0, 0x0, 0x0, 0x8f, 0xff,
    0xff, 0xff, 0xe3, 0x0, 0x0, 0x8f, 0xff, 0xda,
    0xae, 0xff, 0xf2, 0x0, 0x3f, 0xff, 0x50, 0x0,
    0xa, 0xff, 0xc0, 0x9, 0xff, 0x80, 0x0, 0x0,
    0xd, 0xff, 0x20, 0xef, 0xf4, 0x22, 0x22, 0x22,
    0x9f, 0xf6, 0xf, 0xff, 0xff, 0xff, 0xff, 0xff,
    0xff, 0x80, 0xff, 0xff, 0xff, 0xff, 0xff, 0xff,
    0xf9, 0xd, 0xff, 0x30, 0x0, 0x0, 0x0, 0x0,
    0x0, 0x9f, 0xfb, 0x0, 0x0, 0x0, 0x0, 0x0,
    0x2, 0xff, 0xfa, 0x20, 0x0, 0x2c, 0xa0, 0x0,
    0x7, 0xff, 0xff, 0xdc, 0xdf, 0xff, 0x60, 0x0,
    0x6, 0xff, 0xff, 0xff, 0xff, 0xc1, 0x0, 0x0,
    0x1, 0x7c, 0xef, 0xeb, 0x50, 0x0,

    /* U+0118 "Ę" */
    0xaf, 0xff, 0xff, 0xff, 0xff, 0xff, 0xf2, 0xa,
    0xff, 0xff, 0xff, 0xff, 0xff, 0xff, 0x20, 0xaf,
    0xfe, 0xdd, 0xdd, 0xdd, 0xdd, 0xd1, 0xa, 0xff,
    0x90, 0x0, 0x0, 0x0, 0x0, 0x0, 0xaf, 0xf9,
    0x0, 0x0, 0x0, 0x0, 0x0, 0xa, 0xff, 0x90,
    0x0, 0x0, 0x0, 0x0, 0x0, 0xaf, 0xf9, 0x0,
    0x0, 0x0, 0x0, 0x0, 0xa, 0xff, 0xfc, 0xcc,
    0xcc, 0xcc, 0xc0, 0x0, 0xaf, 0xff, 0xff, 0xff,
    0xff, 0xff, 0x0, 0xa, 0xff, 0xff, 0xff, 0xff,
    0xff, 0xf0, 0x0, 0xaf, 0xf9, 0x0, 0x0, 0x0,
    0x0, 0x0, 0xa, 0xff, 0x90, 0x0, 0x0, 0x0,
    0x0, 0x0, 0xaf, 0xf9, 0x0, 0x0, 0x0, 0x0,
    0x0, 0xa, 0xff, 0x90, 0x0, 0x0, 0x0, 0x0,
    0x0, 0xaf, 0xf9, 0x0, 0x0, 0x0, 0x0, 0x0,
    0xa, 0xff, 0xed, 0xdd, 0xdd, 0xdd, 0xdd, 0x60,
    0xaf, 0xff, 0xff, 0xff, 0xff, 0xff, 0xf7, 0xa,
    0xff, 0xff, 0xff, 0xff, 0xff, 0xff, 0x80, 0x0,
    0x0, 0x0, 0x0, 0x4, 0xff, 0x80, 0x0, 0x0,
    0x0, 0x0, 0x1, 0xff, 0x30, 0x0, 0x0, 0x0,
    0x0, 0x0, 0x7f, 0x90, 0x0, 0x0, 0x0, 0x0,
    0x0, 0x8, 0xfb, 0x0, 0x0, 0x0, 0x0, 0x0,
    0x0, 0x3f, 0xfd, 0xdb, 0x0, 0x0, 0x0, 0x0,
    0x0, 0x5d, 0xfe, 0x90,

    /* U+0119 "ę" */
    0x0, 0x0, 0x39, 0xdf, 0xec, 0x71, 0x0, 0x0,
    0x0, 0x8f, 0xff, 0xff, 0xff, 0xe3, 0x0, 0x0,
    0x8f, 0xff, 0xda, 0xae, 0xff, 0xf2, 0x0, 0x3f,
    0xff, 0x50, 0x0, 0xa, 0xff, 0xc0, 0x9, 0xff,
    0x80, 0x0, 0x0, 0xd, 0xff, 0x20, 0xef, 0xf4,
    0x22, 0x22, 0x22, 0x9f, 0xf6, 0xf, 0xff, 0xff,
    0xff, 0xff, 0xff, 0xff, 0x80, 0xff, 0xff, 0xff,
    0xff, 0xff, 0xff, 0xf9, 0xd, 0xff, 0x30, 0x0,
    0x0, 0x0, 0x0, 0x0, 0x9f, 0xfb, 0x0, 0x0,
    0x0, 0x0, 0x0, 0x2, 0xff, 0xfa, 0x20, 0x0,
    0x2c, 0xa0, 0x0, 0x7, 0xff, 0xff, 0xdc, 0xdf,
    0xff, 0x60, 0x0, 0x6, 0xff, 0xff, 0xff, 0xff,
    0xd1, 0x0, 0x0, 0x1, 0x7c, 0xef, 0xff, 0xc0,
    0x0, 0x0, 0x0, 0x0, 0x0, 0x6f, 0xd0, 0x0,
    0x0, 0x0, 0x0, 0x0, 0xe, 0xf3, 0x0, 0x0,
    0x0, 0x0, 0x0, 0x1, 0xff, 0x0, 0x0, 0x0,
    0x0, 0x0, 0x0, 0xf, 0xf4, 0x3, 0x0, 0x0,
    0x0, 0x0, 0x0, 0xaf, 0xff, 0xf3, 0x0, 0x0,
    0x0, 0x0, 0x0, 0x6b, 0xb8, 0x10,

    /* U+011A "Ě" */
    0x0, 0x8f, 0xe3, 0x0, 0x9f, 0xe2, 0x0, 0x0,
    0x9, 0xff, 0x5b, 0xfe, 0x20, 0x0, 0x0, 0x0,
    0xaf, 0xff, 0xe3, 0x0, 0x0, 0x0, 0x0, 0x7,
    0x88, 0x30, 0x0, 0x0, 0x0, 0x0, 0x0, 0x0,
    0x0, 0x0, 0x0, 0xaf, 0xff, 0xff, 0xff, 0xff,
    0xff, 0xf2, 0xaf, 0xff, 0xff, 0xff, 0xff, 0xff,
    0xf2, 0xaf, 0xfe, 0xdd, 0xdd, 0xdd, 0xdd, 0xd1,
    0xaf, 0xf9, 0x0, 0x0, 0x0, 0x0, 0x0, 0xaf,
    0xf9, 0x0, 0x0, 0x0, 0x0, 0x0, 0xaf, 0xf9,
    0x0, 0x0, 0x0, 0x0, 0x0, 0xaf, 0xf9, 0x0,
    0x0, 0x0, 0x0, 0x0, 0xaf, 0xff, 0xcc, 0xcc,
    0xcc, 0xcc, 0x0, 0xaf, 0xff, 0xff, 0xff, 0xff,
    0xff, 0x0, 0xaf, 0xff, 0xff, 0xff, 0xff, 0xff,
    0x0, 0xaf, 0xf9, 0x0, 0x0, 0x0, 0x0, 0x0,
    0xaf, 0xf9, 0x0, 0x0, 0x0, 0x0, 0x0, 0xaf,
    0xf9, 0x0, 0x0, 0x0, 0x0, 0x0, 0xaf, 0xf9,
    0x0, 0x0, 0x0, 0x0, 0x0, 0xaf, 0xf9, 0x0,
    0x0, 0x0, 0x0, 0x0, 0xaf, 0xfe, 0xdd, 0xdd,
    0xdd, 0xdd, 0xd6, 0xaf, 0xff, 0xff, 0xff, 0xff,
    0xff, 0xf7, 0xaf, 0xff, 0xff, 0xff, 0xff, 0xff,
    0xf7,

    /* U+011B "ě" */
    0x0, 0x6, 0x86, 0x0, 0x2, 0x88, 0x20, 0x0,
    0x0, 0x2e, 0xfa, 0x3, 0xef, 0x90, 0x0, 0x0,
    0x0, 0x2e, 0xff, 0xff, 0xa0, 0x0, 0x0, 0x0,
    0x0, 0x3f, 0xff, 0xa0, 0x0, 0x0, 0x0, 0x0,
    0x0, 0x0, 0x0, 0x0, 0x0, 0x0, 0x0, 0x0,
    0x0, 0x0, 0x0, 0x0, 0x0, 0x0, 0x0, 0x39,
    0xdf, 0xec, 0x71, 0x0, 0x0, 0x0, 0x8f, 0xff,
    0xff, 0xff, 0xe3, 0x0, 0x0, 0x8f, 0xff, 0xda,
    0xae, 0xff, 0xf2, 0x0, 0x3f, 0xff, 0x50, 0x0,
    0xa, 0xff, 0xc0, 0x9, 0xff, 0x80, 0x0, 0x0,
    0xd, 0xff, 0x20, 0xef, 0xf4, 0x22, 0x22, 0x22,
    0x9f, 0xf6, 0xf, 0xff, 0xff, 0xff, 0xff, 0xff,
    0xff, 0x80, 0xff, 0xff, 0xff, 0xff, 0xff, 0xff,
    0xf9, 0xd, 0xff, 0x30, 0x0, 0x0, 0x0, 0x0,
    0x0, 0x9f, 0xfb, 0x0, 0x0, 0x0, 0x0, 0x0,
    0x2, 0xff, 0xfa, 0x20, 0x0, 0x2c, 0xa0, 0x0,
    0x7, 0xff, 0xff, 0xdc, 0xdf, 0xff, 0x60, 0x0,
    0x6, 0xff, 0xff, 0xff, 0xff, 0xc1, 0x0, 0x0,
    0x1, 0x7c, 0xef, 0xeb, 0x50, 0x0,

    /* U+011C "Ĝ" */
    0x0, 0x0, 0x0, 0x2, 0x88, 0x70, 0x0, 0x0,
    0x0, 0x0, 0x0, 0x2, 0xef, 0xff, 0xb0, 0x0,
    0x0, 0x0, 0x0, 0x1, 0xef, 0xc4, 0xef, 0xa0,
    0x0, 0x0, 0x0, 0x1, 0xdf, 0xa0, 0x2, 0xdf,
    0xa0, 0x0, 0x0, 0x0, 0x0, 0x0, 0x0, 0x0,
    0x0, 0x0, 0x0, 0x0, 0x0, 0x0, 0x0, 0x0,
    0x0, 0x0, 0x0, 0x0, 0x0, 0x2, 0x8c, 0xef,
    0xed, 0x93, 0x0, 0x0, 0x0, 0x1a, 0xff, 0xff,
    0xff, 0xff, 0xfb, 0x20, 0x0, 0x3e, 0xff, 0xff,
    0xff, 0xff, 0xff, 0xfe, 0x30, 0x2e, 0xff, 0xfb,
    0x51, 0x0, 0x38, 0xff, 0xe2, 0xb, 0xff, 0xf6,
    0x0, 0x0, 0x0, 0x2, 0xb1, 0x3, 0xff, 0xf7,
    0x0, 0x0, 0x0, 0x0, 0x0, 0x0, 0x8f, 0xfd,
    0x0, 0x0, 0x0, 0x0, 0x0, 0x0, 0xc, 0xff,
    0x80, 0x0, 0x0, 0x0, 0x0, 0x0, 0x0, 0xdf,
    0xf6, 0x0, 0x0, 0x0, 0x0, 0x2, 0x33, 0x1d,
    0xff, 0x60, 0x0, 0x0, 0x0, 0x0, 0xbf, 0xf6,
    0xcf, 0xf9, 0x0, 0x0, 0x0, 0x0, 0xb, 0xff,
    0x68, 0xff, 0xe0, 0x0, 0x0, 0x0, 0x0, 0xbf,
    0xf6, 0x3f, 0xff, 0x70, 0x0, 0x0, 0x0, 0xb,
    0xff, 0x60, 0xbf, 0xff, 0x60, 0x0, 0x0, 0x0,
    0xcf, 0xf6, 0x2, 0xef, 0xff, 0xb4, 0x10, 0x3,
    0x7f, 0xff, 0x60, 0x3, 0xef, 0xff, 0xff, 0xff,
    0xff, 0xff, 0xf6, 0x0, 0x1, 0xbf, 0xff, 0xff,
    0xff, 0xff, 0xd4, 0x0, 0x0, 0x0, 0x38, 0xce,
    0xfe, 0xd9, 0x40, 0x0,

    /* U+011D "ĝ" */
    0x0, 0x0, 0x0, 0x28, 0x87, 0x0, 0x0, 0x0,
    0x0, 0x0, 0x1, 0xef, 0xff, 0xb0, 0x0, 0x0,
    0x0, 0x0, 0x1d, 0xfc, 0x4e, 0xfb, 0x0, 0x0,
    0x0, 0x1, 0xdf, 0xb0, 0x2, 0xdf, 0xa0, 0x0,
    0x0, 0x0, 0x0, 0x0, 0x0, 0x0, 0x0, 0x0,
    0x0, 0x0, 0x0, 0x0, 0x0, 0x0, 0x0, 0x0,
    0x0, 0x0, 0x4a, 0xdf, 0xeb, 0x60, 0xaf, 0xf4,
    0x0, 0xa, 0xff, 0xff, 0xff, 0xfc, 0xbf, 0xf4,
    0x0, 0xbf, 0xff, 0xea, 0xac, 0xff, 0xff, 0xf4,
    0x5, 0xff, 0xf7, 0x0, 0x0, 0x3e, 0xff, 0xf4,
    0xb, 0xff, 0x90, 0x0, 0x0, 0x4, 0xff, 0xf4,
    0xe, 0xff, 0x30, 0x0, 0x0, 0x0, 0xff, 0xf4,
    0xf, 0xff, 0x10, 0x0, 0x0, 0x0, 0xff, 0xf4,
    0xe, 0xff, 0x40, 0x0, 0x0, 0x0, 0xff, 0xf4,
    0xb, 0xff, 0xb0, 0x0, 0x0, 0x6, 0xff, 0xf4,
    0x5, 0xff, 0xfa, 0x10, 0x0, 0x6f, 0xff, 0xf4,
    0x0, 0xbf, 0xff, 0xfd, 0xce, 0xff, 0xff, 0xf4,
    0x0, 0xa, 0xff, 0xff, 0xff, 0xfc, 0xef, 0xf4,
    0x0, 0x0, 0x4a, 0xdf, 0xec, 0x60, 0xdf, 0xf3,
    0x0, 0x0, 0x0, 0x0, 0x0, 0x0, 0xff, 0xf2,
    0x0, 0x12, 0x0, 0x0, 0x0, 0x6, 0xff, 0xe0,
    0x0, 0x8f, 0x82, 0x0, 0x0, 0x5f, 0xff, 0x90,
    0x2, 0xff, 0xff, 0xec, 0xce, 0xff, 0xfe, 0x10,
    0x1, 0xaf, 0xff, 0xff, 0xff, 0xff, 0xd3, 0x0,
    0x0, 0x2, 0x7b, 0xef, 0xfe, 0xb6, 0x0, 0x0,

    /* U+011E "Ğ" */
    0x0, 0x0, 0x7, 0x81, 0x0, 0x3, 0x85, 0x0,
    0x0, 0x0, 0x0, 0xcf, 0x90, 0x1, 0xcf, 0x70,
    0x0, 0x0, 0x0, 0x3, 0xff, 0xed, 0xff, 0xd0,
    0x0, 0x0, 0x0, 0x0, 0x2, 0xae, 0xfd, 0x80,
    0x0, 0x0, 0x0, 0x0, 0x0, 0x0, 0x0, 0x0,
    0x0, 0x0, 0x0, 0x0, 0x0, 0x0, 0x0, 0x0,
    0x0, 0x0, 0x0, 0x0, 0x0, 0x2, 0x8c, 0xef,
    0xed, 0x93, 0x0, 0x0, 0x0, 0x1a, 0xff, 0xff,
    0xff, 0xff, 0xfb, 0x20, 0x0, 0x3e, 0xff, 0xff,
    0xff, 0xff, 0xff, 0xfe, 0x30, 0x2e, 0xff, 0xfb,
    0x51, 0x0, 0x38, 0xff, 0xe2, 0xb, 0xff, 0xf6,
    0x0, 0x0, 0x0, 0x2, 0xb1, 0x3, 0xff, 0xf7,
    0x0, 0x0, 0x0, 0x0, 0x0, 0x0, 0x8f, 0xfd,
    0x0, 0x0, 0x0, 0x0, 0x0, 0x0, 0xc, 0xff,
    0x80, 0x0, 0x0, 0x0, 0x0, 0x0, 0x0, 0xdf,
    0xf6, 0x0, 0x0, 0x0, 0x0, 0x2, 0x33, 0x1d,
    0xff, 0x60, 0x0, 0x0, 0x0, 0x0, 0xbf, 0xf6,
    0xcf, 0xf9, 0x0, 0x0, 0x0, 0x0, 0xb, 0xff,
    0x68, 0xff, 0xe0, 0x0, 0x0, 0x0, 0x0, 0xbf,
    0xf6, 0x3f, 0xff, 0x70, 0x0, 0x0, 0x0, 0xb,
    0xff, 0x60, 0xbf, 0xff, 0x60, 0x0, 0x0, 0x0,
    0xcf, 0xf6, 0x2, 0xef, 0xff, 0xb4, 0x10, 0x3,
    0x7f, 0xff, 0x60, 0x3, 0xef, 0xff, 0xff, 0xff,
    0xff, 0xff, 0xf6, 0x0, 0x1, 0xbf, 0xff, 0xff,
    0xff, 0xff, 0xd4, 0x0, 0x0, 0x0, 0x38, 0xce,
    0xfe, 0xd9, 0x40, 0x0,

    /* U+011F "ğ" */
    0x0, 0x0, 0x78, 0x10, 0x0, 0x38, 0x50, 0x0,
    0x0, 0x0, 0xbf, 0x90, 0x1, 0xcf, 0x70, 0x0,
    0x0, 0x0, 0x3f, 0xfe, 0xdf, 0xfd, 0x10, 0x0,
    0x0, 0x0, 0x2, 0xae, 0xfd, 0x81, 0x0, 0x0,
    0x0, 0x0, 0x0, 0x0, 0x0, 0x0, 0x0, 0x0,
    0x0, 0x0, 0x0, 0x0, 0x0, 0x0, 0x0, 0x0,
    0x0, 0x0, 0x4a, 0xdf, 0xeb, 0x60, 0xaf, 0xf4,
    0x0, 0xa, 0xff, 0xff, 0xff, 0xfc, 0xbf, 0xf4,
    0x0, 0xbf, 0xff, 0xea, 0xac, 0xff, 0xff, 0xf4,
    0x5, 0xff, 0xf7, 0x0, 0x0, 0x3e, 0xff, 0xf4,
    0xb, 0xff, 0x90, 0x0, 0x0, 0x4, 0xff, 0xf4,
    0xe, 0xff, 0x30, 0x0, 0x0, 0x0, 0xff, 0xf4,
    0xf, 0xff, 0x10, 0x0, 0x0, 0x0, 0xff, 0xf4,
    0xe, 0xff, 0x40, 0x0, 0x0, 0x0, 0xff, 0xf4,
    0xb, 0xff, 0xb0, 0x0, 0x0, 0x6, 0xff, 0xf4,
    0x5, 0xff, 0xfa, 0x10, 0x0, 0x6f, 0xff, 0xf4,
    0x0, 0xbf, 0xff, 0xfd, 0xce, 0xff, 0xff, 0xf4,
    0x0, 0xa, 0xff, 0xff, 0xff, 0xfc, 0xef, 0xf4,
    0x0, 0x0, 0x4a, 0xdf, 0xec, 0x60, 0xdf, 0xf3,
    0x0, 0x0, 0x0, 0x0, 0x0, 0x0, 0xff, 0xf2,
    0x0, 0x12, 0x0, 0x0, 0x0, 0x6, 0xff, 0xe0,
    0x0, 0x8f, 0x82, 0x0, 0x0, 0x5f, 0xff, 0x90,
    0x2, 0xff, 0xff, 0xec, 0xce, 0xff, 0xfe, 0x10,
    0x1, 0xaf, 0xff, 0xff, 0xff, 0xff, 0xd3, 0x0,
    0x0, 0x2, 0x7b, 0xef, 0xfe, 0xb6, 0x0, 0x0,

    /* U+0120 "Ġ" */
    0x0, 0x0, 0x0, 0x0, 0xbf, 0x70, 0x0, 0x0,
    0x0, 0x0, 0x0, 0x0, 0x5f, 0xff, 0x0, 0x0,
    0x0, 0x0, 0x0, 0x0, 0x4, 0xff, 0xf0, 0x0,
    0x0, 0x0, 0x0, 0x0, 0x0, 0x6, 0xa3, 0x0,
    0x0, 0x0, 0x0, 0x0, 0x0, 0x0, 0x0, 0x0,
    0x0, 0x0, 0x0, 0x0, 0x0, 0x0, 0x0, 0x0,
    0x0, 0x0, 0x0, 0x0, 0x0, 0x2, 0x8c, 0xef,
    0xed, 0x93, 0x0, 0x0, 0x0, 0x1a, 0xff, 0xff,
    0xff, 0xff, 0xfb, 0x20, 0x0, 0x3e, 0xff, 0xff,
    0xff, 0xff, 0xff, 0xfe, 0x30, 0x2e, 0xff, 0xfb,
    0x51, 0x0, 0x38, 0xff, 0xe2, 0xb, 0xff, 0xf6,
    0x0, 0x0, 0x0, 0x2, 0xb1, 0x3, 0xff, 0xf7,
    0x0, 0x0, 0x0, 0x0, 0x0, 0x0, 0x8f, 0xfd,
    0x0, 0x0, 0x0, 0x0, 0x0, 0x0, 0xc, 0xff,
    0x80, 0x0, 0x0, 0x0, 0x0, 0x0, 0x0, 0xdf,
    0xf6, 0x0, 0x0, 0x0, 0x0, 0x2, 0x33, 0x1d,
    0xff, 0x60, 0x0, 0x0, 0x0, 0x0, 0xbf, 0xf6,
    0xcf, 0xf9, 0x0, 0x0, 0x0, 0x0, 0xb, 0xff,
    0x68, 0xff, 0xe0, 0x0, 0x0, 0x0, 0x0, 0xbf,
    0xf6, 0x3f, 0xff, 0x70, 0x0, 0x0, 0x0, 0xb,
    0xff, 0x60, 0xbf, 0xff, 0x60, 0x0, 0x0, 0x0,
    0xcf, 0xf6, 0x2, 0xef, 0xff, 0xb4, 0x10, 0x3,
    0x7f, 0xff, 0x60, 0x3, 0xef, 0xff, 0xff, 0xff,
    0xff, 0xff, 0xf6, 0x0, 0x1, 0xbf, 0xff, 0xff,
    0xff, 0xff, 0xd4, 0x0, 0x0, 0x0, 0x38, 0xce,
    0xfe, 0xd9, 0x40, 0x0,

    /* U+0121 "ġ" */
    0x0, 0x0, 0x0, 0xb, 0xf8, 0x0, 0x0, 0x0,
    0x0, 0x0, 0x0, 0x5f, 0xff, 0x10, 0x0, 0x0,
    0x0, 0x0, 0x0, 0x4f, 0xff, 0x0, 0x0, 0x0,
    0x0, 0x0, 0x0, 0x6, 0xa4, 0x0, 0x0, 0x0,
    0x0, 0x0, 0x0, 0x0, 0x0, 0x0, 0x0, 0x0,
    0x0, 0x0, 0x0, 0x0, 0x0, 0x0, 0x0, 0x0,
    0x0, 0x0, 0x4a, 0xdf, 0xeb, 0x60, 0xaf, 0xf4,
    0x0, 0xa, 0xff, 0xff, 0xff, 0xfc, 0xbf, 0xf4,
    0x0, 0xbf, 0xff, 0xea, 0xac, 0xff, 0xff, 0xf4,
    0x5, 0xff, 0xf7, 0x0, 0x0, 0x3e, 0xff, 0xf4,
    0xb, 0xff, 0x90, 0x0, 0x0, 0x4, 0xff, 0xf4,
    0xe, 0xff, 0x30, 0x0, 0x0, 0x0, 0xff, 0xf4,
    0xf, 0xff, 0x10, 0x0, 0x0, 0x0, 0xff, 0xf4,
    0xe, 0xff, 0x40, 0x0, 0x0, 0x0, 0xff, 0xf4,
    0xb, 0xff, 0xb0, 0x0, 0x0, 0x6, 0xff, 0xf4,
    0x5, 0xff, 0xfa, 0x10, 0x0, 0x6f, 0xff, 0xf4,
    0x0, 0xbf, 0xff, 0xfd, 0xce, 0xff, 0xff, 0xf4,
    0x0, 0xa, 0xff, 0xff, 0xff, 0xfc, 0xef, 0xf4,
    0x0, 0x0, 0x4a, 0xdf, 0xec, 0x60, 0xdf, 0xf3,
    0x0, 0x0, 0x0, 0x0, 0x0, 0x0, 0xff, 0xf2,
    0x0, 0x12, 0x0, 0x0, 0x0, 0x6, 0xff, 0xe0,
    0x0, 0x8f, 0x82, 0x0, 0x0, 0x5f, 0xff, 0x90,
    0x2, 0xff, 0xff, 0xec, 0xce, 0xff, 0xfe, 0x10,
    0x1, 0xaf, 0xff, 0xff, 0xff, 0xff, 0xd3, 0x0,
    0x0, 0x2, 0x7b, 0xef, 0xfe, 0xb6, 0x0, 0x0,

    /* U+0122 "Ģ" */
    0x0, 0x0, 0x2, 0x8c, 0xef, 0xed, 0x93, 0x0,
    0x0, 0x0, 0x1a, 0xff, 0xff, 0xff, 0xff, 0xfb,
    0x20, 0x0, 0x3e, 0xff, 0xff, 0xff, 0xff, 0xff,
    0xfe, 0x30, 0x2e, 0xff, 0xfb, 0x51, 0x0, 0x38,
    0xff, 0xe2, 0xb, 0xff, 0xf6, 0x0, 0x0, 0x0,
    0x2, 0xb1, 0x3, 0xff, 0xf7, 0x0, 0x0, 0x0,
    0x0, 0x0, 0x0, 0x8f, 0xfd, 0x0, 0x0, 0x0,
    0x0, 0x0, 0x0, 0xc, 0xff, 0x80, 0x0, 0x0,
    0x0, 0x0, 0x0, 0x0, 0xdf, 0xf6, 0x0, 0x0,
    0x0, 0x0, 0x2, 0x33, 0x1d, 0xff, 0x60, 0x0,
    0x0, 0x0, 0x0, 0xbf, 0xf6, 0xcf, 0xf9, 0x0,
    0x0, 0x0, 0x0, 0xb, 0xff, 0x68, 0xff, 0xe0,
    0x0, 0x0, 0x0, 0x0, 0xbf, 0xf6, 0x3f, 0xff,
    0x70, 0x0, 0x0, 0x0, 0xb, 0xff, 0x60, 0xbf,
    0xff, 0x60, 0x0, 0x0, 0x0, 0xcf, 0xf6, 0x2,
    0xef, 0xff, 0xb4, 0x10, 0x3, 0x7f, 0xff, 0x60,
    0x3, 0xef, 0xff, 0xff, 0xff, 0xff, 0xff, 0xf6,
    0x0, 0x1, 0xbf, 0xff, 0xff, 0xff, 0xff, 0xd4,
    0x0, 0x0, 0x0, 0x38, 0xce, 0xfe, 0xd9, 0x40,
    0x0, 0x0, 0x0, 0x0, 0x0, 0x0, 0x0, 0x0,
    0x0, 0x0, 0x0, 0x0, 0x0, 0x0, 0x0, 0x0,
    0x0, 0x0, 0x0, 0x0, 0x0, 0x0, 0x9a, 0x20,
    0x0, 0x0, 0x0, 0x0, 0x0, 0x0, 0x4f, 0xf9,
    0x0, 0x0, 0x0, 0x0, 0x0, 0x0, 0x1, 0xff,
    0x70, 0x0, 0x0, 0x0, 0x0, 0x0, 0x0, 0xa,
    0xf1, 0x0, 0x0, 0x0, 0x0, 0x0, 0x0, 0x0,
    0xea, 0x0, 0x0, 0x0, 0x0,

    /* U+0123 "ģ" */
    0x0, 0x0, 0x0, 0x0, 0xfc, 0x0, 0x0, 0x0,
    0x0, 0x0, 0x0, 0x6, 0xf7, 0x0, 0x0, 0x0,
    0x0, 0x0, 0x0, 0xc, 0xf3, 0x0, 0x0, 0x0,
    0x0, 0x0, 0x0, 0x2f, 0xfa, 0x0, 0x0, 0x0,
    0x0, 0x0, 0x0, 0x3f, 0xff, 0x0, 0x0, 0x0,
    0x0, 0x0, 0x0, 0x7, 0xa5, 0x0, 0x0, 0x0,
    0x0, 0x0, 0x0, 0x0, 0x0, 0x0, 0x0, 0x0,
    0x0, 0x0, 0x4a, 0xdf, 0xeb, 0x60, 0xaf, 0xf4,
    0x0, 0xa, 0xff, 0xff, 0xff, 0xfc, 0xbf, 0xf4,
    0x0, 0xbf, 0xff, 0xea, 0xac, 0xff, 0xff, 0xf4,
    0x5, 0xff, 0xf7, 0x0, 0x0, 0x3e, 0xff, 0xf4,
    0xb, 0xff, 0x90, 0x0, 0x0, 0x4, 0xff, 0xf4,
    0xe, 0xff, 0x30, 0x0, 0x0, 0x0, 0xff, 0xf4,
    0xf, 0xff, 0x10, 0x0, 0x0, 0x0, 0xff, 0xf4,
    0xe, 0xff, 0x40, 0x0, 0x0, 0x0, 0xff, 0xf4,
    0xb, 0xff, 0xb0, 0x0, 0x0, 0x6, 0xff, 0xf4,
    0x5, 0xff, 0xfa, 0x10, 0x0, 0x6f, 0xff, 0xf4,
    0x0, 0xbf, 0xff, 0xfd, 0xce, 0xff, 0xff, 0xf4,
    0x0, 0xa, 0xff, 0xff, 0xff, 0xfc, 0xef, 0xf4,
    0x0, 0x0, 0x4a, 0xdf, 0xec, 0x60, 0xdf, 0xf3,
    0x0, 0x0, 0x0, 0x0, 0x0, 0x0, 0xff, 0xf2,
    0x0, 0x12, 0x0, 0x0, 0x0, 0x6, 0xff, 0xe0,
    0x0, 0x8f, 0x82, 0x0, 0x0, 0x5f, 0xff, 0x90,
    0x2, 0xff, 0xff, 0xec, 0xce, 0xff, 0xfe, 0x10,
    0x1, 0xaf, 0xff, 0xff, 0xff, 0xff, 0xd3, 0x0,
    0x0, 0x2, 0x7b, 0xef, 0xfe, 0xb6, 0x0, 0x0,

    /* U+0124 "Ĥ" */
    0x0, 0x0, 0x0, 0xbf, 0xff, 0x20, 0x0, 0x0,
    0x0, 0x0, 0xb, 0xff, 0xff, 0xd1, 0x0, 0x0,
    0x0, 0x0, 0xaf, 0xe2, 0x1b, 0xfd, 0x10, 0x0,
    0x0, 0x3, 0x87, 0x10, 0x0, 0x78, 0x50, 0x0,
    0x0, 0x0, 0x0, 0x0, 0x0, 0x0, 0x0, 0x0,
    0xaf, 0xf9, 0x0, 0x0, 0x0, 0x0, 0x5f, 0xfe,
    0xaf, 0xf9, 0x0, 0x0, 0x0, 0x0, 0x5f, 0xfe,
    0xaf, 0xf9, 0x0, 0x0, 0x0, 0x0, 0x5f, 0xfe,
    0xaf, 0xf9, 0x0, 0x0, 0x0, 0x0, 0x5f, 0xfe,
    0xaf, 0xf9, 0x0, 0x0, 0x0, 0x0, 0x5f, 0xfe,
    0xaf, 0xf9, 0x0, 0x0, 0x0, 0x0, 0x5f, 0xfe,
    0xaf, 0xf9, 0x0, 0x0, 0x0, 0x0, 0x5f, 0xfe,
    0xaf, 0xff, 0xee, 0xee, 0xee, 0xee, 0xff, 0xfe,
    0xaf, 0xff, 0xff, 0xff, 0xff, 0xff, 0xff, 0xfe,
    0xaf, 0xff, 0xff, 0xff, 0xff, 0xff, 0xff, 0xfe,
    0xaf, 0xf9, 0x0, 0x0, 0x0, 0x0, 0x5f, 0xfe,
    0xaf, 0xf9, 0x0, 0x0, 0x0, 0x0, 0x5f, 0xfe,
    0xaf, 0xf9, 0x0, 0x0, 0x0, 0x0, 0x5f, 0xfe,
    0xaf, 0xf9, 0x0, 0x0, 0x0, 0x0, 0x5f, 0xfe,
    0xaf, 0xf9, 0x0, 0x0, 0x0, 0x0, 0x5f, 0xfe,
    0xaf, 0xf9, 0x0, 0x0, 0x0, 0x0, 0x5f, 0xfe,
    0xaf, 0xf9, 0x0, 0x0, 0x0, 0x0, 0x5f, 0xfe,
    0xaf, 0xf9, 0x0, 0x0, 0x0, 0x0, 0x5f, 0xfe,

    /* U+0125 "ĥ" */
    0x0, 0x4, 0xff, 0xf8, 0x0, 0x0, 0x0, 0x0,
    0x0, 0x0, 0x4f, 0xff, 0xff, 0x70, 0x0, 0x0,
    0x0, 0x0, 0x3, 0xff, 0x80, 0x5f, 0xf7, 0x0,
    0x0, 0x0, 0x0, 0x7, 0x85, 0x0, 0x3, 0x87,
    0x10, 0x0, 0x0, 0x0, 0x0, 0x0, 0x33, 0x30,
    0x0, 0x0, 0x0, 0x0, 0x0, 0x0, 0x0, 0xff,
    0xf2, 0x0, 0x0, 0x0, 0x0, 0x0, 0x0, 0x0,
    0xff, 0xf2, 0x0, 0x0, 0x0, 0x0, 0x0, 0x0,
    0x0, 0xff, 0xf2, 0x0, 0x0, 0x0, 0x0, 0x0,
    0x0, 0x0, 0xff, 0xf2, 0x0, 0x0, 0x0, 0x0,
    0x0, 0x0, 0x0, 0xff, 0xf2, 0x0, 0x0, 0x0,
    0x0, 0x0, 0x0, 0x0, 0xff, 0xf2, 0x3a, 0xef,
    0xeb, 0x40, 0x0, 0x0, 0x0, 0xff, 0xfa, 0xff,
    0xff, 0xff, 0xf8, 0x0, 0x0, 0x0, 0xff, 0xff,
    0xff, 0xee, 0xff, 0xff, 0x50, 0x0, 0x0, 0xff,
    0xff, 0xa1, 0x0, 0x3e, 0xff, 0xc0, 0x0, 0x0,
    0xff, 0xfc, 0x0, 0x0, 0x5, 0xff, 0xf0, 0x0,
    0x0, 0xff, 0xf5, 0x0, 0x0, 0x0, 0xff, 0xf2,
    0x0, 0x0, 0xff, 0xf3, 0x0, 0x0, 0x0, 0xff,
    0xf3, 0x0, 0x0, 0xff, 0xf2, 0x0, 0x0, 0x0,
    0xef, 0xf3, 0x0, 0x0, 0xff, 0xf2, 0x0, 0x0,
    0x0, 0xef, 0xf3, 0x0, 0x0, 0xff, 0xf2, 0x0,
    0x0, 0x0, 0xef, 0xf3, 0x0, 0x0, 0xff, 0xf2,
    0x0, 0x0, 0x0, 0xef, 0xf3, 0x0, 0x0, 0xff,
    0xf2, 0x0, 0x0, 0x0, 0xef, 0xf3, 0x0, 0x0,
    0xff, 0xf2, 0x0, 0x0, 0x0, 0xef, 0xf3, 0x0,
    0x0, 0xff, 0xf2, 0x0, 0x0, 0x0, 0xef, 0xf3,

    /* U+0126 "Ħ" */
    0x0, 0x6f, 0xfe, 0x0, 0x0, 0x0, 0x0, 0x1f,
    0xff, 0x20, 0x0, 0x6, 0xff, 0xe0, 0x0, 0x0,
    0x0, 0x1, 0xff, 0xf2, 0x0, 0x67, 0xdf, 0xff,
    0x77, 0x77, 0x77, 0x77, 0x9f, 0xff, 0xa7, 0x4c,
    0xff, 0xff, 0xff, 0xff, 0xff, 0xff, 0xff, 0xff,
    0xff, 0xf8, 0xcf, 0xff, 0xff, 0xff, 0xff, 0xff,
    0xff, 0xff, 0xff, 0xff, 0x80, 0x6, 0xff, 0xe0,
    0x0, 0x0, 0x0, 0x1, 0xff, 0xf2, 0x0, 0x0,
    0x6f, 0xfe, 0x0, 0x0, 0x0, 0x0, 0x1f, 0xff,
    0x20, 0x0, 0x6, 0xff, 0xfd, 0xdd, 0xdd, 0xdd,
    0xde, 0xff, 0xf2, 0x0, 0x0, 0x6f, 0xff, 0xff,
    0xff, 0xff, 0xff, 0xff, 0xff, 0x20, 0x0, 0x6,
    0xff, 0xff, 0xff, 0xff, 0xff, 0xff, 0xff, 0xf2,
    0x0, 0x0, 0x6f, 0xfe, 0x0, 0x0, 0x0, 0x0,
    0x1f, 0xff, 0x20, 0x0, 0x6, 0xff, 0xe0, 0x0,
    0x0, 0x0, 0x1, 0xff, 0xf2, 0x0, 0x0, 0x6f,
    0xfe, 0x0, 0x0, 0x0, 0x0, 0x1f, 0xff, 0x20,
    0x0, 0x6, 0xff, 0xe0, 0x0, 0x0, 0x0, 0x1,
    0xff, 0xf2, 0x0, 0x0, 0x6f, 0xfe, 0x0, 0x0,
    0x0, 0x0, 0x1f, 0xff, 0x20, 0x0, 0x6, 0xff,
    0xe0, 0x0, 0x0, 0x0, 0x1, 0xff, 0xf2, 0x0,
    0x0, 0x6f, 0xfe, 0x0, 0x0, 0x0, 0x0, 0x1f,
    0xff, 0x20, 0x0, 0x6, 0xff, 0xe0, 0x0, 0x0,
    0x0, 0x1, 0xff, 0xf2, 0x0,

    /* U+0127 "ħ" */
    0x0, 0xaf, 0xf8, 0x0, 0x0, 0x0, 0x0, 0x0,
    0xef, 0xff, 0xff, 0xff, 0xfc, 0x0, 0x0, 0x0,
    0xef, 0xff, 0xff, 0xff, 0xfc, 0x0, 0x0, 0x0,
    0x11, 0xbf, 0xf9, 0x11, 0x11, 0x0, 0x0, 0x0,
    0x0, 0xaf, 0xf8, 0x0, 0x0, 0x0, 0x0, 0x0,
    0x0, 0xaf, 0xf8, 0x18, 0xdf, 0xec, 0x70, 0x0,
    0x0, 0xaf, 0xfb, 0xef, 0xff, 0xff, 0xfc, 0x0,
    0x0, 0xaf, 0xff, 0xff, 0xee, 0xff, 0xff, 0xa0,
    0x0, 0xaf, 0xff, 0xd3, 0x0, 0x1b, 0xff, 0xf1,
    0x0, 0xaf, 0xff, 0x20, 0x0, 0x1, 0xff, 0xf5,
    0x0, 0xaf, 0xfb, 0x0, 0x0, 0x0, 0xcf, 0xf7,
    0x0, 0xaf, 0xf8, 0x0, 0x0, 0x0, 0xaf, 0xf7,
    0x0, 0xaf, 0xf8, 0x0, 0x0, 0x0, 0xaf, 0xf8,
    0x0, 0xaf, 0xf8, 0x0, 0x0, 0x0, 0xaf, 0xf8,
    0x0, 0xaf, 0xf8, 0x0, 0x0, 0x0, 0xaf, 0xf8,
    0x0, 0xaf, 0xf8, 0x0, 0x0, 0x0, 0xaf, 0xf8,
    0x0, 0xaf, 0xf8, 0x0, 0x0, 0x0, 0xaf, 0xf8,
    0x0, 0xaf, 0xf8, 0x0, 0x0, 0x0, 0xaf, 0xf8,
    0x0, 0xaf, 0xf8, 0x0, 0x0, 0x0, 0xaf, 0xf8,

    /* U+0128 "Ĩ" */
    0x2, 0xcf, 0xc5, 0x1e, 0xf0, 0xc, 0xff, 0xff,
    0xff, 0xb0, 0xf, 0xd1, 0x6d, 0xfc, 0x20, 0x0,
    0x0, 0x0, 0x0, 0x0, 0x0, 0x0, 0x0, 0x0,
    0x0, 0x0, 0xa, 0xff, 0x90, 0x0, 0x0, 0xa,
    0xff, 0x90, 0x0, 0x0, 0xa, 0xff, 0x90, 0x0,
    0x0, 0xa, 0xff, 0x90, 0x0, 0x0, 0xa, 0xff,
    0x90, 0x0, 0x0, 0xa, 0xff, 0x90, 0x0, 0x0,
    0xa, 0xff, 0x90, 0x0, 0x0, 0xa, 0xff, 0x90,
    0x0, 0x0, 0xa, 0xff, 0x90, 0x0, 0x0, 0xa,
    0xff, 0x90, 0x0, 0x0, 0xa, 0xff, 0x90, 0x0,
    0x0, 0xa, 0xff, 0x90, 0x0, 0x0, 0xa, 0xff,
    0x90, 0x0, 0x0, 0xa, 0xff, 0x90, 0x0, 0x0,
    0xa, 0xff, 0x90, 0x0, 0x0, 0xa, 0xff, 0x90,
    0x0, 0x0, 0xa, 0xff, 0x90, 0x0, 0x0, 0xa,
    0xff, 0x90, 0x0,

    /* U+0129 "ĩ" */
    0x4, 0xee, 0x91, 0x5f, 0x60, 0xef, 0xff, 0xff,
    0xf3, 0x2f, 0x90, 0x8e, 0xe8, 0x0, 0x0, 0x0,
    0x0, 0x0, 0x0, 0x0, 0x0, 0x0, 0x0, 0x0,
    0xff, 0xf2, 0x0, 0x0, 0xf, 0xff, 0x20, 0x0,
    0x0, 0xff, 0xf2, 0x0, 0x0, 0xf, 0xff, 0x20,
    0x0, 0x0, 0xff, 0xf2, 0x0, 0x0, 0xf, 0xff,
    0x20, 0x0, 0x0, 0xff, 0xf2, 0x0, 0x0, 0xf,
    0xff, 0x20, 0x0, 0x0, 0xff, 0xf2, 0x0, 0x0,
    0xf, 0xff, 0x20, 0x0, 0x0, 0xff, 0xf2, 0x0,
    0x0, 0xf, 0xff, 0x20, 0x0, 0x0, 0xff, 0xf2,
    0x0, 0x0, 0xf, 0xff, 0x20, 0x0,

    /* U+012A "Ī" */
    0x8f, 0xff, 0xff, 0xf8, 0x8f, 0xff, 0xff, 0xf7,
    0x0, 0x0, 0x0, 0x0, 0x0, 0x0, 0x0, 0x0,
    0x0, 0xaf, 0xf9, 0x0, 0x0, 0xaf, 0xf9, 0x0,
    0x0, 0xaf, 0xf9, 0x0, 0x0, 0xaf, 0xf9, 0x0,
    0x0, 0xaf, 0xf9, 0x0, 0x0, 0xaf, 0xf9, 0x0,
    0x0, 0xaf, 0xf9, 0x0, 0x0, 0xaf, 0xf9, 0x0,
    0x0, 0xaf, 0xf9, 0x0, 0x0, 0xaf, 0xf9, 0x0,
    0x0, 0xaf, 0xf9, 0x0, 0x0, 0xaf, 0xf9, 0x0,
    0x0, 0xaf, 0xf9, 0x0, 0x0, 0xaf, 0xf9, 0x0,
    0x0, 0xaf, 0xf9, 0x0, 0x0, 0xaf, 0xf9, 0x0,
    0x0, 0xaf, 0xf9, 0x0, 0x0, 0xaf, 0xf9, 0x0,

    /* U+012B "ī" */
    0xef, 0xff, 0xff, 0xf2, 0xdf, 0xff, 0xff, 0xf2,
    0x0, 0x0, 0x0, 0x0, 0x0, 0x0, 0x0, 0x0,
    0x0, 0xff, 0xf2, 0x0, 0x0, 0xff, 0xf2, 0x0,
    0x0, 0xff, 0xf2, 0x0, 0x0, 0xff, 0xf2, 0x0,
    0x0, 0xff, 0xf2, 0x0, 0x0, 0xff, 0xf2, 0x0,
    0x0, 0xff, 0xf2, 0x0, 0x0, 0xff, 0xf2, 0x0,
    0x0, 0xff, 0xf2, 0x0, 0x0, 0xff, 0xf2, 0x0,
    0x0, 0xff, 0xf2, 0x0, 0x0, 0xff, 0xf2, 0x0,
    0x0, 0xff, 0xf2, 0x0, 0x0, 0xff, 0xf2, 0x0,

    /* U+012C "Ĭ" */
    0x28, 0x60, 0x0, 0x6, 0x82, 0x2f, 0xf3, 0x0,
    0x4f, 0xf1, 0x9, 0xff, 0xdd, 0xff, 0x80, 0x0,
    0x5c, 0xee, 0xc5, 0x0, 0x0, 0x0, 0x0, 0x0,
    0x0, 0x0, 0x0, 0x0, 0x0, 0x0, 0x0, 0xa,
    0xff, 0x90, 0x0, 0x0, 0xa, 0xff, 0x90, 0x0,
    0x0, 0xa, 0xff, 0x90, 0x0, 0x0, 0xa, 0xff,
    0x90, 0x0, 0x0, 0xa, 0xff, 0x90, 0x0, 0x0,
    0xa, 0xff, 0x90, 0x0, 0x0, 0xa, 0xff, 0x90,
    0x0, 0x0, 0xa, 0xff, 0x90, 0x0, 0x0, 0xa,
    0xff, 0x90, 0x0, 0x0, 0xa, 0xff, 0x90, 0x0,
    0x0, 0xa, 0xff, 0x90, 0x0, 0x0, 0xa, 0xff,
    0x90, 0x0, 0x0, 0xa, 0xff, 0x90, 0x0, 0x0,
    0xa, 0xff, 0x90, 0x0, 0x0, 0xa, 0xff, 0x90,
    0x0, 0x0, 0xa, 0xff, 0x90, 0x0, 0x0, 0xa,
    0xff, 0x90, 0x0, 0x0, 0xa, 0xff, 0x90, 0x0,

    /* U+012D "ĭ" */
    0x8, 0x60, 0x0, 0x48, 0x20, 0xff, 0x0, 0xb,
    0xf3, 0xa, 0xf8, 0x5, 0xfe, 0x0, 0x2e, 0xff,
    0xff, 0x50, 0x0, 0x18, 0xba, 0x30, 0x0, 0x0,
    0x0, 0x0, 0x0, 0x0, 0xf, 0xff, 0x20, 0x0,
    0x0, 0xff, 0xf2, 0x0, 0x0, 0xf, 0xff, 0x20,
    0x0, 0x0, 0xff, 0xf2, 0x0, 0x0, 0xf, 0xff,
    0x20, 0x0, 0x0, 0xff, 0xf2, 0x0, 0x0, 0xf,
    0xff, 0x20, 0x0, 0x0, 0xff, 0xf2, 0x0, 0x0,
    0xf, 0xff, 0x20, 0x0, 0x0, 0xff, 0xf2, 0x0,
    0x0, 0xf, 0xff, 0x20, 0x0, 0x0, 0xff, 0xf2,
    0x0, 0x0, 0xf, 0xff, 0x20, 0x0, 0x0, 0xff,
    0xf2, 0x0,

    /* U+012E "Į" */
    0xa, 0xff, 0x90, 0xa, 0xff, 0x90, 0xa, 0xff,
    0x90, 0xa, 0xff, 0x90, 0xa, 0xff, 0x90, 0xa,
    0xff, 0x90, 0xa, 0xff, 0x90, 0xa, 0xff, 0x90,
    0xa, 0xff, 0x90, 0xa, 0xff, 0x90, 0xa, 0xff,
    0x90, 0xa, 0xff, 0x90, 0xa, 0xff, 0x90, 0xa,
    0xff, 0x90, 0xa, 0xff, 0x90, 0xa, 0xff, 0x90,
    0xa, 0xff, 0x90, 0xa, 0xff, 0xb0, 0x1, 0xef,
    0x30, 0x9, 0xf7, 0x0, 0xe, 0xf2, 0x0, 0xf,
    0xf3, 0x0, 0xb, 0xff, 0xd2, 0x1, 0xbf, 0xe3,

    /* U+012F "į" */
    0x9, 0xfc, 0x10, 0x4f, 0xff, 0x80, 0x3f, 0xff,
    0x70, 0x8, 0xda, 0x0, 0x0, 0x0, 0x0, 0x0,
    0x0, 0x0, 0xf, 0xff, 0x20, 0xf, 0xff, 0x20,
    0xf, 0xff, 0x20, 0xf, 0xff, 0x20, 0xf, 0xff,
    0x20, 0xf, 0xff, 0x20, 0xf, 0xff, 0x20, 0xf,
    0xff, 0x20, 0xf, 0xff, 0x20, 0xf, 0xff, 0x20,
    0xf, 0xff, 0x20, 0xf, 0xff, 0x20, 0xf, 0xff,
    0x20, 0xf, 0xff, 0x20, 0x6, 0xfb, 0x0, 0xf,
    0xf1, 0x0, 0x5f, 0xb0, 0x0, 0x6f, 0xc0, 0x0,
    0x2f, 0xfd, 0xa0, 0x5, 0xdf, 0xb0,

    /* U+0130 "İ" */
    0x19, 0x81, 0xaf, 0xf9, 0xbf, 0xfa, 0x3e, 0xd3,
    0x0, 0x0, 0x0, 0x0, 0xaf, 0xf9, 0xaf, 0xf9,
    0xaf, 0xf9, 0xaf, 0xf9, 0xaf, 0xf9, 0xaf, 0xf9,
    0xaf, 0xf9, 0xaf, 0xf9, 0xaf, 0xf9, 0xaf, 0xf9,
    0xaf, 0xf9, 0xaf, 0xf9, 0xaf, 0xf9, 0xaf, 0xf9,
    0xaf, 0xf9, 0xaf, 0xf9, 0xaf, 0xf9, 0xaf, 0xf9,

    /* U+0131 "ı" */
    0xff, 0xf2, 0xff, 0xf2, 0xff, 0xf2, 0xff, 0xf2,
    0xff, 0xf2, 0xff, 0xf2, 0xff, 0xf2, 0xff, 0xf2,
    0xff, 0xf2, 0xff, 0xf2, 0xff, 0xf2, 0xff, 0xf2,
    0xff, 0xf2, 0xff, 0xf2,

    /* U+0132 "Ĳ" */
    0xc, 0xff, 0x70, 0x0, 0x0, 0x6, 0xff, 0xd0,
    0xcf, 0xf7, 0x0, 0x0, 0x0, 0x6f, 0xfd, 0xc,
    0xff, 0x70, 0x0, 0x0, 0x6, 0xff, 0xd0, 0xcf,
    0xf7, 0x0, 0x0, 0x0, 0x6f, 0xfd, 0xc, 0xff,
    0x70, 0x0, 0x0, 0x6, 0xff, 0xd0, 0xcf, 0xf7,
    0x0, 0x0, 0x0, 0x6f, 0xfd, 0xc, 0xff, 0x70,
    0x0, 0x0, 0x6, 0xff, 0xd0, 0xcf, 0xf7, 0x0,
    0x0, 0x0, 0x6f, 0xfd, 0xc, 0xff, 0x70, 0x0,
    0x0, 0x6, 0xff, 0xd0, 0xcf, 0xf7, 0x0, 0x0,
    0x0, 0x6f, 0xfd, 0x0, 0x0, 0x0, 0x0, 0x0,
    0x7, 0xff, 0xc0, 0x0, 0x0, 0x0, 0x0, 0x0,
    0x8f, 0xfa, 0x0, 0x0, 0x0, 0x0, 0x0, 0xc,
    0xff, 0x80, 0x3, 0x0, 0x0, 0x0, 0x5, 0xff,
    0xf2, 0x5, 0xfb, 0x51, 0x0, 0x17, 0xff, 0xfb,
    0x0, 0xdf, 0xff, 0xff, 0xff, 0xff, 0xfe, 0x10,
    0x7, 0xff, 0xff, 0xff, 0xff, 0xfd, 0x20, 0x0,
    0x0, 0x6a, 0xdf, 0xfd, 0xb5, 0x0, 0x0,

    /* U+0133 "ĳ" */
    0x9, 0xfc, 0x10, 0x0, 0x5e, 0xe5, 0x4f, 0xff,
    0x80, 0x0, 0xef, 0xfe, 0x3f, 0xff, 0x70, 0x0,
    0xdf, 0xfd, 0x8, 0xda, 0x0, 0x0, 0x3c, 0xc3,
    0x0, 0x0, 0x0, 0x0, 0x0, 0x0, 0x0, 0x0,
    0x0, 0x0, 0x0, 0x0, 0xf, 0xff, 0x20, 0x0,
    0x9f, 0xf8, 0xf, 0xff, 0x20, 0x0, 0x9f, 0xf8,
    0xf, 0xff, 0x20, 0x0, 0x9f, 0xf8, 0xf, 0xff,
    0x20, 0x0, 0x9f, 0xf8, 0xf, 0xff, 0x20, 0x0,
    0x9f, 0xf8, 0xf, 0xff, 0x20, 0x0, 0x9f, 0xf8,
    0xf, 0xff, 0x20, 0x0, 0x9f, 0xf8, 0xf, 0xff,
    0x20, 0x0, 0x9f, 0xf8, 0xf, 0xff, 0x20, 0x0,
    0x9f, 0xf8, 0xf, 0xff, 0x20, 0x0, 0x9f, 0xf8,
    0xf, 0xff, 0x20, 0x0, 0x9f, 0xf8, 0xf, 0xff,
    0x20, 0x0, 0x9f, 0xf8, 0xf, 0xff, 0x20, 0x0,
    0x9f, 0xf8, 0xf, 0xff, 0x20, 0x0, 0x9f, 0xf8,
    0x0, 0x0, 0x0, 0x0, 0xaf, 0xf8, 0x0, 0x0,
    0x0, 0x0, 0xef, 0xf6, 0x0, 0x0, 0x7d, 0xbe,
    0xff, 0xf1, 0x0, 0x0, 0xdf, 0xff, 0xff, 0x60,
    0x0, 0x0, 0x7d, 0xff, 0xc5, 0x0,

    /* U+0134 "Ĵ" */
    0x0, 0x0, 0x3, 0x88, 0x70, 0x0, 0x0, 0x0,
    0x3, 0xef, 0xff, 0x90, 0x0, 0x0, 0x2, 0xef,
    0xb5, 0xff, 0x90, 0x0, 0x2, 0xef, 0x90, 0x3,
    0xef, 0x80, 0x0, 0x0, 0x0, 0x0, 0x0, 0x0,
    0x0, 0x0, 0x0, 0x0, 0x0, 0x0, 0x0, 0x0,
    0x8f, 0xff, 0xff, 0xff, 0xff, 0x0, 0x8, 0xff,
    0xff, 0xff, 0xff, 0xf0, 0x0, 0x6d, 0xdd, 0xdd,
    0xdf, 0xff, 0x0, 0x0, 0x0, 0x0, 0x4, 0xff,
    0xf0, 0x0, 0x0, 0x0, 0x0, 0x4f, 0xff, 0x0,
    0x0, 0x0, 0x0, 0x4, 0xff, 0xf0, 0x0, 0x0,
    0x0, 0x0, 0x4f, 0xff, 0x0, 0x0, 0x0, 0x0,
    0x4, 0xff, 0xf0, 0x0, 0x0, 0x0, 0x0, 0x4f,
    0xff, 0x0, 0x0, 0x0, 0x0, 0x4, 0xff, 0xf0,
    0x0, 0x0, 0x0, 0x0, 0x4f, 0xff, 0x0, 0x0,
    0x0, 0x0, 0x4, 0xff, 0xf0, 0x0, 0x0, 0x0,
    0x0, 0x5f, 0xfe, 0x0, 0x9, 0x0, 0x0, 0x9,
    0xff, 0xc0, 0x9, 0xfc, 0x30, 0x4, 0xff, 0xf8,
    0x1, 0xff, 0xff, 0xef, 0xff, 0xff, 0x20, 0x4,
    0xef, 0xff, 0xff, 0xff, 0x50, 0x0, 0x1, 0x8c,
    0xff, 0xd9, 0x20, 0x0,

    /* U+0135 "ĵ" */
    0x0, 0x0, 0x6, 0x88, 0x20, 0x0, 0x0, 0x7,
    0xff, 0xfd, 0x10, 0x0, 0x3, 0xff, 0x8d, 0xfb,
    0x0, 0x1, 0xef, 0x80, 0x1e, 0xf8, 0x0, 0x0,
    0x0, 0x0, 0x0, 0x0, 0x0, 0x0, 0x0, 0x0,
    0x0, 0x0, 0x0, 0xc, 0xff, 0x50, 0x0, 0x0,
    0x0, 0xcf, 0xf5, 0x0, 0x0, 0x0, 0xc, 0xff,
    0x50, 0x0, 0x0, 0x0, 0xcf, 0xf5, 0x0, 0x0,
    0x0, 0xc, 0xff, 0x50, 0x0, 0x0, 0x0, 0xcf,
    0xf5, 0x0, 0x0, 0x0, 0xc, 0xff, 0x50, 0x0,
    0x0, 0x0, 0xcf, 0xf5, 0x0, 0x0, 0x0, 0xc,
    0xff, 0x50, 0x0, 0x0, 0x0, 0xcf, 0xf5, 0x0,
    0x0, 0x0, 0xc, 0xff, 0x50, 0x0, 0x0, 0x0,
    0xcf, 0xf5, 0x0, 0x0, 0x0, 0xc, 0xff, 0x50,
    0x0, 0x0, 0x0, 0xcf, 0xf5, 0x0, 0x0, 0x0,
    0xd, 0xff, 0x40, 0x0, 0x0, 0x2, 0xff, 0xf2,
    0x0, 0xb, 0xdb, 0xff, 0xfd, 0x0, 0x1, 0xff,
    0xff, 0xff, 0x30, 0x0, 0x19, 0xdf, 0xeb, 0x30,
    0x0, 0x0,

    /* U+0136 "Ķ" */
    0xaf, 0xf9, 0x0, 0x0, 0x0, 0x4, 0xff, 0xf7,
    0xa, 0xff, 0x90, 0x0, 0x0, 0x3, 0xff, 0xf8,
    0x0, 0xaf, 0xf9, 0x0, 0x0, 0x2, 0xef, 0xf9,
    0x0, 0xa, 0xff, 0x90, 0x0, 0x2, 0xef, 0xfb,
    0x0, 0x0, 0xaf, 0xf9, 0x0, 0x1, 0xdf, 0xfc,
    0x0, 0x0, 0xa, 0xff, 0x90, 0x1, 0xdf, 0xfc,
    0x0, 0x0, 0x0, 0xaf, 0xf9, 0x0, 0xcf, 0xfd,
    0x10, 0x0, 0x0, 0xa, 0xff, 0x90, 0xbf, 0xff,
    0x20, 0x0, 0x0, 0x0, 0xaf, 0xf9, 0xbf, 0xff,
    0xf0, 0x0, 0x0, 0x0, 0xa, 0xff, 0xff, 0xff,
    0xff, 0xa0, 0x0, 0x0, 0x0, 0xaf, 0xff, 0xff,
    0xef, 0xff, 0x70, 0x0, 0x0, 0xa, 0xff, 0xff,
    0x60, 0xbf, 0xff, 0x40, 0x0, 0x0, 0xaf, 0xff,
    0x60, 0x1, 0xdf, 0xfe, 0x10, 0x0, 0xa, 0xff,
    0xd0, 0x0, 0x2, 0xff, 0xfc, 0x0, 0x0, 0xaf,
    0xf9, 0x0, 0x0, 0x5, 0xff, 0xf9, 0x0, 0xa,
    0xff, 0x90, 0x0, 0x0, 0x7, 0xff, 0xf6, 0x0,
    0xaf, 0xf9, 0x0, 0x0, 0x0, 0xa, 0xff, 0xf3,
    0xa, 0xff, 0x90, 0x0, 0x0, 0x0, 0xd, 0xff,
    0xe1, 0x0, 0x0, 0x0, 0x0, 0x0, 0x0, 0x0,
    0x0, 0x0, 0x0, 0x0, 0x0, 0x0, 0x0, 0x0,
    0x0, 0x0, 0x0, 0x0, 0x0, 0x6b, 0x40, 0x0,
    0x0, 0x0, 0x0, 0x0, 0x0, 0xf, 0xfd, 0x0,
    0x0, 0x0, 0x0, 0x0, 0x0, 0x0, 0xcf, 0xc0,
    0x0, 0x0, 0x0, 0x0, 0x0, 0x0, 0x6, 0xf6,
    0x0, 0x0, 0x0, 0x0, 0x0, 0x0, 0x0, 0xae,
    0x0, 0x0, 0x0, 0x0, 0x0,

    /* U+0137 "ķ" */
    0x33, 0x30, 0x0, 0x0, 0x0, 0x0, 0x0, 0xff,
    0xf2, 0x0, 0x0, 0x0, 0x0, 0x0, 0xff, 0xf2,
    0x0, 0x0, 0x0, 0x0, 0x0, 0xff, 0xf2, 0x0,
    0x0, 0x0, 0x0, 0x0, 0xff, 0xf2, 0x0, 0x0,
    0x0, 0x0, 0x0, 0xff, 0xf2, 0x0, 0x0, 0x0,
    0x0, 0x0, 0xff, 0xf2, 0x0, 0x0, 0x1c, 0xff,
    0xd1, 0xff, 0xf2, 0x0, 0x1, 0xcf, 0xfd, 0x10,
    0xff, 0xf2, 0x0, 0x1d, 0xff, 0xe2, 0x0, 0xff,
    0xf2, 0x1, 0xdf, 0xfe, 0x20, 0x0, 0xff, 0xf2,
    0x1d, 0xff, 0xe2, 0x0, 0x0, 0xff, 0xf4, 0xef,
    0xff, 0x30, 0x0, 0x0, 0xff, 0xff, 0xff, 0xff,
    0x40, 0x0, 0x0, 0xff, 0xff, 0xff, 0xff, 0xe1,
    0x0, 0x0, 0xff, 0xff, 0xd4, 0xff, 0xfc, 0x0,
    0x0, 0xff, 0xff, 0x10, 0x5f, 0xff, 0x80, 0x0,
    0xff, 0xf4, 0x0, 0x9, 0xff, 0xf4, 0x0, 0xff,
    0xf2, 0x0, 0x0, 0xcf, 0xfe, 0x10, 0xff, 0xf2,
    0x0, 0x0, 0x1e, 0xff, 0xc0, 0xff, 0xf2, 0x0,
    0x0, 0x4, 0xff, 0xf8, 0x0, 0x0, 0x0, 0x0,
    0x0, 0x0, 0x0, 0x0, 0x0, 0x0, 0x0, 0x0,
    0x0, 0x0, 0x0, 0x0, 0x2a, 0x90, 0x0, 0x0,
    0x0, 0x0, 0x0, 0x9f, 0xf5, 0x0, 0x0, 0x0,
    0x0, 0x0, 0x4f, 0xf3, 0x0, 0x0, 0x0, 0x0,
    0x0, 0xe, 0xd0, 0x0, 0x0, 0x0, 0x0, 0x0,
    0x3f, 0x60, 0x0, 0x0, 0x0,

    /* U+0138 "ĸ" */
    0xff, 0xf2, 0x0, 0x0, 0x1c, 0xff, 0xd1, 0xff,
    0xf2, 0x0, 0x1, 0xcf, 0xfd, 0x10, 0xff, 0xf2,
    0x0, 0x1d, 0xff, 0xe2, 0x0, 0xff, 0xf2, 0x1,
    0xdf, 0xfe, 0x20, 0x0, 0xff, 0xf2, 0x1d, 0xff,
    0xe2, 0x0, 0x0, 0xff, 0xf4, 0xef, 0xff, 0x30,
    0x0, 0x0, 0xff, 0xff, 0xff, 0xff, 0x40, 0x0,
    0x0, 0xff, 0xff, 0xff, 0xff, 0xe1, 0x0, 0x0,
    0xff, 0xff, 0xd4, 0xff, 0xfc, 0x0, 0x0, 0xff,
    0xff, 0x10, 0x5f, 0xff, 0x80, 0x0, 0xff, 0xf4,
    0x0, 0x9, 0xff, 0xf4, 0x0, 0xff, 0xf2, 0x0,
    0x0, 0xcf, 0xfe, 0x10, 0xff, 0xf2, 0x0, 0x0,
    0x1e, 0xff, 0xc0, 0xff, 0xf2, 0x0, 0x0, 0x4,
    0xff, 0xf8,

    /* U+0139 "Ĺ" */
    0x0, 0x4, 0xff, 0xf5, 0x0, 0x0, 0x0, 0x0,
    0x3f, 0xfd, 0x20, 0x0, 0x0, 0x0, 0x3, 0xff,
    0xb1, 0x0, 0x0, 0x0, 0x0, 0x6, 0x86, 0x0,
    0x0, 0x0, 0x0, 0x0, 0x0, 0x0, 0x0, 0x0,
    0x0, 0x0, 0x0, 0xa, 0xff, 0x90, 0x0, 0x0,
    0x0, 0x0, 0xa, 0xff, 0x90, 0x0, 0x0, 0x0,
    0x0, 0xa, 0xff, 0x90, 0x0, 0x0, 0x0, 0x0,
    0xa, 0xff, 0x90, 0x0, 0x0, 0x0, 0x0, 0xa,
    0xff, 0x90, 0x0, 0x0, 0x0, 0x0, 0xa, 0xff,
    0x90, 0x0, 0x0, 0x0, 0x0, 0xa, 0xff, 0x90,
    0x0, 0x0, 0x0, 0x0, 0xa, 0xff, 0x90, 0x0,
    0x0, 0x0, 0x0, 0xa, 0xff, 0x90, 0x0, 0x0,
    0x0, 0x0, 0xa, 0xff, 0x90, 0x0, 0x0, 0x0,
    0x0, 0xa, 0xff, 0x90, 0x0, 0x0, 0x0, 0x0,
    0xa, 0xff, 0x90, 0x0, 0x0, 0x0, 0x0, 0xa,
    0xff, 0x90, 0x0, 0x0, 0x0, 0x0, 0xa, 0xff,
    0x90, 0x0, 0x0, 0x0, 0x0, 0xa, 0xff, 0x90,
    0x0, 0x0, 0x0, 0x0, 0xa, 0xff, 0xfd, 0xdd,
    0xdd, 0xdd, 0xda, 0xa, 0xff, 0xff, 0xff, 0xff,
    0xff, 0xfc, 0xa, 0xff, 0xff, 0xff, 0xff, 0xff,
    0xfc,

    /* U+013A "ĺ" */
    0x0, 0x2, 0x88, 0x72, 0x0, 0x2e, 0xff, 0x50,
    0x2, 0xef, 0xe3, 0x0, 0x1d, 0xfc, 0x10, 0x0,
    0x0, 0x0, 0x0, 0x0, 0x3, 0x33, 0x0, 0x0,
    0xf, 0xff, 0x20, 0x0, 0xf, 0xff, 0x20, 0x0,
    0xf, 0xff, 0x20, 0x0, 0xf, 0xff, 0x20, 0x0,
    0xf, 0xff, 0x20, 0x0, 0xf, 0xff, 0x20, 0x0,
    0xf, 0xff, 0x20, 0x0, 0xf, 0xff, 0x20, 0x0,
    0xf, 0xff, 0x20, 0x0, 0xf, 0xff, 0x20, 0x0,
    0xf, 0xff, 0x20, 0x0, 0xf, 0xff, 0x20, 0x0,
    0xf, 0xff, 0x20, 0x0, 0xf, 0xff, 0x20, 0x0,
    0xf, 0xff, 0x20, 0x0, 0xf, 0xff, 0x20, 0x0,
    0xf, 0xff, 0x20, 0x0, 0xf, 0xff, 0x20, 0x0,
    0xf, 0xff, 0x20, 0x0,

    /* U+013B "Ļ" */
    0xaf, 0xf9, 0x0, 0x0, 0x0, 0x0, 0xa, 0xff,
    0x90, 0x0, 0x0, 0x0, 0x0, 0xaf, 0xf9, 0x0,
    0x0, 0x0, 0x0, 0xa, 0xff, 0x90, 0x0, 0x0,
    0x0, 0x0, 0xaf, 0xf9, 0x0, 0x0, 0x0, 0x0,
    0xa, 0xff, 0x90, 0x0, 0x0, 0x0, 0x0, 0xaf,
    0xf9, 0x0, 0x0, 0x0, 0x0, 0xa, 0xff, 0x90,
    0x0, 0x0, 0x0, 0x0, 0xaf, 0xf9, 0x0, 0x0,
    0x0, 0x0, 0xa, 0xff, 0x90, 0x0, 0x0, 0x0,
    0x0, 0xaf, 0xf9, 0x0, 0x0, 0x0, 0x0, 0xa,
    0xff, 0x90, 0x0, 0x0, 0x0, 0x0, 0xaf, 0xf9,
    0x0, 0x0, 0x0, 0x0, 0xa, 0xff, 0x90, 0x0,
    0x0, 0x0, 0x0, 0xaf, 0xf9, 0x0, 0x0, 0x0,
    0x0, 0xa, 0xff, 0xfd, 0xdd, 0xdd, 0xdd, 0xda,
    0xaf, 0xff, 0xff, 0xff, 0xff, 0xff, 0xca, 0xff,
    0xff, 0xff, 0xff, 0xff, 0xfc, 0x0, 0x0, 0x0,
    0x0, 0x0, 0x0, 0x0, 0x0, 0x0, 0x0, 0x0,
    0x0, 0x0, 0x0, 0x0, 0x4, 0xb6, 0x0, 0x0,
    0x0, 0x0, 0x0, 0xdf, 0xf0, 0x0, 0x0, 0x0,
    0x0, 0x8, 0xfe, 0x0, 0x0, 0x0, 0x0, 0x0,
    0x3f, 0x80, 0x0, 0x0, 0x0, 0x0, 0x8, 0xf1,
    0x0, 0x0, 0x0,

    /* U+013C "ļ" */
    0x33, 0x30, 0xff, 0xf2, 0xff, 0xf2, 0xff, 0xf2,
    0xff, 0xf2, 0xff, 0xf2, 0xff, 0xf2, 0xff, 0xf2,
    0xff, 0xf2, 0xff, 0xf2, 0xff, 0xf2, 0xff, 0xf2,
    0xff, 0xf2, 0xff, 0xf2, 0xff, 0xf2, 0xff, 0xf2,
    0xff, 0xf2, 0xff, 0xf2, 0xff, 0xf2, 0xff, 0xf2,
    0x0, 0x0, 0x0, 0x0, 0x4b, 0x70, 0xdf, 0xf1,
    0x7f, 0xf0, 0x2f, 0x90, 0x7f, 0x20,

    /* U+013D "Ľ" */
    0x0, 0x0, 0x0, 0x0, 0x1, 0x10, 0x0, 0x0,
    0x0, 0x0, 0x2, 0xff, 0x40, 0xaf, 0xf9, 0x0,
    0x0, 0x2f, 0xf3, 0xa, 0xff, 0x90, 0x0, 0x2,
    0xff, 0x10, 0xaf, 0xf9, 0x0, 0x0, 0x2f, 0xf0,
    0xa, 0xff, 0x90, 0x0, 0x2, 0xff, 0x0, 0xaf,
    0xf9, 0x0, 0x0, 0x0, 0x0, 0xa, 0xff, 0x90,
    0x0, 0x0, 0x0, 0x0, 0xaf, 0xf9, 0x0, 0x0,
    0x0, 0x0, 0xa, 0xff, 0x90, 0x0, 0x0, 0x0,
    0x0, 0xaf, 0xf9, 0x0, 0x0, 0x0, 0x0, 0xa,
    0xff, 0x90, 0x0, 0x0, 0x0, 0x0, 0xaf, 0xf9,
    0x0, 0x0, 0x0, 0x0, 0xa, 0xff, 0x90, 0x0,
    0x0, 0x0, 0x0, 0xaf, 0xf9, 0x0, 0x0, 0x0,
    0x0, 0xa, 0xff, 0x90, 0x0, 0x0, 0x0, 0x0,
    0xaf, 0xf9, 0x0, 0x0, 0x0, 0x0, 0xa, 0xff,
    0xfd, 0xdd, 0xdd, 0xdd, 0xda, 0xaf, 0xff, 0xff,
    0xff, 0xff, 0xff, 0xca, 0xff, 0xff, 0xff, 0xff,
    0xff, 0xfc,

    /* U+013E "ľ" */
    0x0, 0x0, 0x1, 0x11, 0x33, 0x30, 0xb, 0xfb,
    0xff, 0xf2, 0xb, 0xf9, 0xff, 0xf2, 0xb, 0xf8,
    0xff, 0xf2, 0xb, 0xf7, 0xff, 0xf2, 0xb, 0xf6,
    0xff, 0xf2, 0x0, 0x0, 0xff, 0xf2, 0x0, 0x0,
    0xff, 0xf2, 0x0, 0x0, 0xff, 0xf2, 0x0, 0x0,
    0xff, 0xf2, 0x0, 0x0, 0xff, 0xf2, 0x0, 0x0,
    0xff, 0xf2, 0x0, 0x0, 0xff, 0xf2, 0x0, 0x0,
    0xff, 0xf2, 0x0, 0x0, 0xff, 0xf2, 0x0, 0x0,
    0xff, 0xf2, 0x0, 0x0, 0xff, 0xf2, 0x0, 0x0,
    0xff, 0xf2, 0x0, 0x0, 0xff, 0xf2, 0x0, 0x0,
    0xff, 0xf2, 0x0, 0x0,

    /* U+013F "Ŀ" */
    0xaf, 0xf9, 0x0, 0x0, 0x0, 0x0, 0xa, 0xff,
    0x90, 0x0, 0x0, 0x0, 0x0, 0xaf, 0xf9, 0x0,
    0x0, 0x0, 0x0, 0xa, 0xff, 0x90, 0x0, 0x0,
    0x0, 0x0, 0xaf, 0xf9, 0x0, 0x0, 0x0, 0x0,
    0xa, 0xff, 0x90, 0x0, 0x5, 0xda, 0x0, 0xaf,
    0xf9, 0x0, 0x0, 0xff, 0xf6, 0xa, 0xff, 0x90,
    0x0, 0xf, 0xff, 0x70, 0xaf, 0xf9, 0x0, 0x0,
    0x7f, 0xc1, 0xa, 0xff, 0x90, 0x0, 0x0, 0x0,
    0x0, 0xaf, 0xf9, 0x0, 0x0, 0x0, 0x0, 0xa,
    0xff, 0x90, 0x0, 0x0, 0x0, 0x0, 0xaf, 0xf9,
    0x0, 0x0, 0x0, 0x0, 0xa, 0xff, 0x90, 0x0,
    0x0, 0x0, 0x0, 0xaf, 0xf9, 0x0, 0x0, 0x0,
    0x0, 0xa, 0xff, 0xfd, 0xdd, 0xdd, 0xdd, 0xda,
    0xaf, 0xff, 0xff, 0xff, 0xff, 0xff, 0xca, 0xff,
    0xff, 0xff, 0xff, 0xff, 0xfc,

    /* U+0140 "ŀ" */
    0x33, 0x30, 0x0, 0x0, 0xf, 0xff, 0x20, 0x0,
    0x0, 0xff, 0xf2, 0x0, 0x0, 0xf, 0xff, 0x20,
    0x0, 0x0, 0xff, 0xf2, 0x0, 0x0, 0xf, 0xff,
    0x20, 0x0, 0x0, 0xff, 0xf2, 0x0, 0x0, 0xf,
    0xff, 0x20, 0x0, 0x0, 0xff, 0xf2, 0x0, 0x0,
    0xf, 0xff, 0x20, 0x4e, 0xd1, 0xff, 0xf2, 0xc,
    0xff, 0x7f, 0xff, 0x20, 0xaf, 0xf5, 0xff, 0xf2,
    0x0, 0x65, 0xf, 0xff, 0x20, 0x0, 0x0, 0xff,
    0xf2, 0x0, 0x0, 0xf, 0xff, 0x20, 0x0, 0x0,
    0xff, 0xf2, 0x0, 0x0, 0xf, 0xff, 0x20, 0x0,
    0x0, 0xff, 0xf2, 0x0, 0x0, 0xf, 0xff, 0x20,
    0x0, 0x0,

    /* U+0141 "Ł" */
    0x0, 0x6, 0xff, 0xd0, 0x0, 0x0, 0x0, 0x0,
    0x0, 0x6, 0xff, 0xd0, 0x0, 0x0, 0x0, 0x0,
    0x0, 0x6, 0xff, 0xd0, 0x0, 0x0, 0x0, 0x0,
    0x0, 0x6, 0xff, 0xd0, 0x0, 0x0, 0x0, 0x0,
    0x0, 0x6, 0xff, 0xd0, 0x3b, 0x0, 0x0, 0x0,
    0x0, 0x6, 0xff, 0xd6, 0xff, 0x90, 0x0, 0x0,
    0x0, 0x6, 0xff, 0xff, 0xfc, 0x10, 0x0, 0x0,
    0x0, 0x6, 0xff, 0xff, 0x90, 0x0, 0x0, 0x0,
    0x0, 0xb, 0xff, 0xf6, 0x0, 0x0, 0x0, 0x0,
    0x0, 0x8f, 0xff, 0xf0, 0x0, 0x0, 0x0, 0x0,
    0xb, 0xff, 0xff, 0xd0, 0x0, 0x0, 0x0, 0x0,
    0x7, 0xfe, 0xff, 0xd0, 0x0, 0x0, 0x0, 0x0,
    0x0, 0x36, 0xff, 0xd0, 0x0, 0x0, 0x0, 0x0,
    0x0, 0x6, 0xff, 0xd0, 0x0, 0x0, 0x0, 0x0,
    0x0, 0x6, 0xff, 0xd0, 0x0, 0x0, 0x0, 0x0,
    0x0, 0x6, 0xff, 0xfd, 0xdd, 0xdd, 0xdd, 0xdd,
    0x0, 0x6, 0xff, 0xff, 0xff, 0xff, 0xff, 0xff,
    0x0, 0x6, 0xff, 0xff, 0xff, 0xff, 0xff, 0xff,

    /* U+0142 "ł" */
    0x0, 0x2, 0x33, 0x10, 0x0, 0x0, 0xb, 0xff,
    0x60, 0x0, 0x0, 0xb, 0xff, 0x60, 0x0, 0x0,
    0xb, 0xff, 0x60, 0x0, 0x0, 0xb, 0xff, 0x60,
    0x0, 0x0, 0xb, 0xff, 0x60, 0x0, 0x0, 0xb,
    0xff, 0x60, 0x0, 0x0, 0xb, 0xff, 0x79, 0x30,
    0x0, 0xb, 0xff, 0xff, 0xd0, 0x0, 0xb, 0xff,
    0xff, 0x70, 0x0, 0xf, 0xff, 0xf4, 0x0, 0x0,
    0xaf, 0xff, 0x80, 0x0, 0x2d, 0xff, 0xff, 0x60,
    0x0, 0x1e, 0xff, 0xff, 0x60, 0x0, 0x4, 0x3b,
    0xff, 0x60, 0x0, 0x0, 0xb, 0xff, 0x60, 0x0,
    0x0, 0xb, 0xff, 0x60, 0x0, 0x0, 0xb, 0xff,
    0x60, 0x0, 0x0, 0xb, 0xff, 0x60, 0x0, 0x0,
    0xb, 0xff, 0x60, 0x0,

    /* U+0143 "Ń" */
    0x0, 0x0, 0x0, 0x0, 0x2e, 0xff, 0x70, 0x0,
    0x0, 0x0, 0x0, 0x2, 0xef, 0xe4, 0x0, 0x0,
    0x0, 0x0, 0x0, 0x1e, 0xfd, 0x20, 0x0, 0x0,
    0x0, 0x0, 0x0, 0x58, 0x70, 0x0, 0x0, 0x0,
    0x0, 0x0, 0x0, 0x0, 0x0, 0x0, 0x0, 0x0,
    0xaf, 0xf6, 0x0, 0x0, 0x0, 0x0, 0x5f, 0xfe,
    0xaf, 0xff, 0x30, 0x0, 0x0, 0x0, 0x5f, 0xfe,
    0xaf, 0xff, 0xe1, 0x0, 0x0, 0x0, 0x5f, 0xfe,
    0xaf, 0xff, 0xfc, 0x0, 0x0, 0x0, 0x5f, 0xfe,
    0xaf, 0xff, 0xff, 0x90, 0x0, 0x0, 0x5f, 0xfe,
    0xaf, 0xff, 0xff, 0xf5, 0x0, 0x0, 0x5f, 0xfe,
    0xaf, 0xf9, 0xcf, 0xff, 0x20, 0x0, 0x5f, 0xfe,
    0xaf, 0xf9, 0x1e, 0xff, 0xd0, 0x0, 0x5f, 0xfe,
    0xaf, 0xf9, 0x3, 0xff, 0xfb, 0x0, 0x5f, 0xfe,
    0xaf, 0xf9, 0x0, 0x7f, 0xff, 0x70, 0x5f, 0xfe,
    0xaf, 0xf9, 0x0, 0xa, 0xff, 0xf4, 0x5f, 0xfe,
    0xaf, 0xf9, 0x0, 0x0, 0xdf, 0xfe, 0x7f, 0xfe,
    0xaf, 0xf9, 0x0, 0x0, 0x2f, 0xff, 0xff, 0xfe,
    0xaf, 0xf9, 0x0, 0x0, 0x5, 0xff, 0xff, 0xfe,
    0xaf, 0xf9, 0x0, 0x0, 0x0, 0x8f, 0xff, 0xfe,
    0xaf, 0xf9, 0x0, 0x0, 0x0, 0xb, 0xff, 0xfe,
    0xaf, 0xf9, 0x0, 0x0, 0x0, 0x1, 0xef, 0xfe,
    0xaf, 0xf9, 0x0, 0x0, 0x0, 0x0, 0x3f, 0xfe,

    /* U+0144 "ń" */
    0x0, 0x0, 0x0, 0x2, 0x88, 0x82, 0x0, 0x0,
    0x0, 0x0, 0x1d, 0xff, 0x70, 0x0, 0x0, 0x0,
    0x0, 0xcf, 0xf6, 0x0, 0x0, 0x0, 0x0, 0xa,
    0xff, 0x50, 0x0, 0x0, 0x0, 0x0, 0x28, 0x83,
    0x0, 0x0, 0x0, 0x0, 0x0, 0x0, 0x0, 0x0,
    0x0, 0x0, 0xff, 0xf0, 0x4a, 0xef, 0xeb, 0x40,
    0x0, 0xff, 0xf9, 0xff, 0xff, 0xff, 0xf8, 0x0,
    0xff, 0xff, 0xfe, 0xbc, 0xff, 0xff, 0x50, 0xff,
    0xff, 0x80, 0x0, 0x2d, 0xff, 0xc0, 0xff, 0xfb,
    0x0, 0x0, 0x4, 0xff, 0xf0, 0xff, 0xf5, 0x0,
    0x0, 0x0, 0xff, 0xf2, 0xff, 0xf3, 0x0, 0x0,
    0x0, 0xef, 0xf3, 0xff, 0xf2, 0x0, 0x0, 0x0,
    0xef, 0xf3, 0xff, 0xf2, 0x0, 0x0, 0x0, 0xef,
    0xf3, 0xff, 0xf2, 0x0, 0x0, 0x0, 0xef, 0xf3,
    0xff, 0xf2, 0x0, 0x0, 0x0, 0xef, 0xf3, 0xff,
    0xf2, 0x0, 0x0, 0x0, 0xef, 0xf3, 0xff, 0xf2,
    0x0, 0x0, 0x0, 0xef, 0xf3, 0xff, 0xf2, 0x0,
    0x0, 0x0, 0xef, 0xf3,

    /* U+0145 "Ņ" */
    0xaf, 0xf6, 0x0, 0x0, 0x0, 0x0, 0x5f, 0xfe,
    0xaf, 0xff, 0x30, 0x0, 0x0, 0x0, 0x5f, 0xfe,
    0xaf, 0xff, 0xe1, 0x0, 0x0, 0x0, 0x5f, 0xfe,
    0xaf, 0xff, 0xfc, 0x0, 0x0, 0x0, 0x5f, 0xfe,
    0xaf, 0xff, 0xff, 0x90, 0x0, 0x0, 0x5f, 0xfe,
    0xaf, 0xff, 0xff, 0xf5, 0x0, 0x0, 0x5f, 0xfe,
    0xaf, 0xf9, 0xcf, 0xff, 0x20, 0x0, 0x5f, 0xfe,
    0xaf, 0xf9, 0x1e, 0xff, 0xd0, 0x0, 0x5f, 0xfe,
    0xaf, 0xf9, 0x3, 0xff, 0xfb, 0x0, 0x5f, 0xfe,
    0xaf, 0xf9, 0x0, 0x7f, 0xff, 0x70, 0x5f, 0xfe,
    0xaf, 0xf9, 0x0, 0xa, 0xff, 0xf4, 0x5f, 0xfe,
    0xaf, 0xf9, 0x0, 0x0, 0xdf, 0xfe, 0x7f, 0xfe,
    0xaf, 0xf9, 0x0, 0x0, 0x2f, 0xff, 0xff, 0xfe,
    0xaf, 0xf9, 0x0, 0x0, 0x5, 0xff, 0xff, 0xfe,
    0xaf, 0xf9, 0x0, 0x0, 0x0, 0x8f, 0xff, 0xfe,
    0xaf, 0xf9, 0x0, 0x0, 0x0, 0xb, 0xff, 0xfe,
    0xaf, 0xf9, 0x0, 0x0, 0x0, 0x1, 0xef, 0xfe,
    0xaf, 0xf9, 0x0, 0x0, 0x0, 0x0, 0x3f, 0xfe,
    0x0, 0x0, 0x0, 0x0, 0x0, 0x0, 0x0, 0x0,
    0x0, 0x0, 0x0, 0x0, 0x0, 0x0, 0x0, 0x0,
    0x0, 0x0, 0x0, 0x9, 0xa2, 0x0, 0x0, 0x0,
    0x0, 0x0, 0x0, 0x5f, 0xf9, 0x0, 0x0, 0x0,
    0x0, 0x0, 0x0, 0x1f, 0xf7, 0x0, 0x0, 0x0,
    0x0, 0x0, 0x0, 0xa, 0xf1, 0x0, 0x0, 0x0,
    0x0, 0x0, 0x0, 0xf, 0xa0, 0x0, 0x0, 0x0,

    /* U+0146 "ņ" */
    0xff, 0xf0, 0x4a, 0xef, 0xeb, 0x40, 0x0, 0xff,
    0xf9, 0xff, 0xff, 0xff, 0xf8, 0x0, 0xff, 0xff,
    0xfe, 0xbc, 0xff, 0xff, 0x50, 0xff, 0xff, 0x80,
    0x0, 0x2d, 0xff, 0xc0, 0xff, 0xfb, 0x0, 0x0,
    0x4, 0xff, 0xf0, 0xff, 0xf5, 0x0, 0x0, 0x0,
    0xff, 0xf2, 0xff, 0xf3, 0x0, 0x0, 0x0, 0xef,
    0xf3, 0xff, 0xf2, 0x0, 0x0, 0x0, 0xef, 0xf3,
    0xff, 0xf2, 0x0, 0x0, 0x0, 0xef, 0xf3, 0xff,
    0xf2, 0x0, 0x0, 0x0, 0xef, 0xf3, 0xff, 0xf2,
    0x0, 0x0, 0x0, 0xef, 0xf3, 0xff, 0xf2, 0x0,
    0x0, 0x0, 0xef, 0xf3, 0xff, 0xf2, 0x0, 0x0,
    0x0, 0xef, 0xf3, 0xff, 0xf2, 0x0, 0x0, 0x0,
    0xef, 0xf3, 0x0, 0x0, 0x0, 0x0, 0x0, 0x0,
    0x0, 0x0, 0x0, 0x0, 0x0, 0x0, 0x0, 0x0,
    0x0, 0x0, 0x4, 0xb7, 0x0, 0x0, 0x0, 0x0,
    0x0, 0xd, 0xff, 0x10, 0x0, 0x0, 0x0, 0x0,
    0x7, 0xff, 0x0, 0x0, 0x0, 0x0, 0x0, 0x2,
    0xf9, 0x0, 0x0, 0x0, 0x0, 0x0, 0x7, 0xf2,
    0x0, 0x0, 0x0,

    /* U+0147 "Ň" */
    0x0, 0x3, 0xff, 0x70, 0x4, 0xff, 0x60, 0x0,
    0x0, 0x0, 0x4f, 0xf9, 0x6f, 0xf7, 0x0, 0x0,
    0x0, 0x0, 0x4, 0xff, 0xff, 0x80, 0x0, 0x0,
    0x0, 0x0, 0x0, 0x48, 0x86, 0x0, 0x0, 0x0,
    0x0, 0x0, 0x0, 0x0, 0x0, 0x0, 0x0, 0x0,
    0xaf, 0xf6, 0x0, 0x0, 0x0, 0x0, 0x5f, 0xfe,
    0xaf, 0xff, 0x30, 0x0, 0x0, 0x0, 0x5f, 0xfe,
    0xaf, 0xff, 0xe1, 0x0, 0x0, 0x0, 0x5f, 0xfe,
    0xaf, 0xff, 0xfc, 0x0, 0x0, 0x0, 0x5f, 0xfe,
    0xaf, 0xff, 0xff, 0x90, 0x0, 0x0, 0x5f, 0xfe,
    0xaf, 0xff, 0xff, 0xf5, 0x0, 0x0, 0x5f, 0xfe,
    0xaf, 0xf9, 0xcf, 0xff, 0x20, 0x0, 0x5f, 0xfe,
    0xaf, 0xf9, 0x1e, 0xff, 0xd0, 0x0, 0x5f, 0xfe,
    0xaf, 0xf9, 0x3, 0xff, 0xfb, 0x0, 0x5f, 0xfe,
    0xaf, 0xf9, 0x0, 0x7f, 0xff, 0x70, 0x5f, 0xfe,
    0xaf, 0xf9, 0x0, 0xa, 0xff, 0xf4, 0x5f, 0xfe,
    0xaf, 0xf9, 0x0, 0x0, 0xdf, 0xfe, 0x7f, 0xfe,
    0xaf, 0xf9, 0x0, 0x0, 0x2f, 0xff, 0xff, 0xfe,
    0xaf, 0xf9, 0x0, 0x0, 0x5, 0xff, 0xff, 0xfe,
    0xaf, 0xf9, 0x0, 0x0, 0x0, 0x8f, 0xff, 0xfe,
    0xaf, 0xf9, 0x0, 0x0, 0x0, 0xb, 0xff, 0xfe,
    0xaf, 0xf9, 0x0, 0x0, 0x0, 0x1, 0xef, 0xfe,
    0xaf, 0xf9, 0x0, 0x0, 0x0, 0x0, 0x3f, 0xfe,

    /* U+0148 "ň" */
    0x0, 0x44, 0x20, 0x0, 0x14, 0x41, 0x0, 0x0,
    0x6f, 0xf5, 0x3, 0xef, 0xa0, 0x0, 0x0, 0x6,
    0xff, 0xdf, 0xfa, 0x0, 0x0, 0x0, 0x0, 0x7f,
    0xff, 0xa0, 0x0, 0x0, 0x0, 0x0, 0x2, 0x22,
    0x0, 0x0, 0x0, 0x0, 0x0, 0x0, 0x0, 0x0,
    0x0, 0x0, 0xff, 0xf0, 0x4a, 0xef, 0xeb, 0x40,
    0x0, 0xff, 0xf9, 0xff, 0xff, 0xff, 0xf8, 0x0,
    0xff, 0xff, 0xfe, 0xbc, 0xff, 0xff, 0x50, 0xff,
    0xff, 0x80, 0x0, 0x2d, 0xff, 0xc0, 0xff, 0xfb,
    0x0, 0x0, 0x4, 0xff, 0xf0, 0xff, 0xf5, 0x0,
    0x0, 0x0, 0xff, 0xf2, 0xff, 0xf3, 0x0, 0x0,
    0x0, 0xef, 0xf3, 0xff, 0xf2, 0x0, 0x0, 0x0,
    0xef, 0xf3, 0xff, 0xf2, 0x0, 0x0, 0x0, 0xef,
    0xf3, 0xff, 0xf2, 0x0, 0x0, 0x0, 0xef, 0xf3,
    0xff, 0xf2, 0x0, 0x0, 0x0, 0xef, 0xf3, 0xff,
    0xf2, 0x0, 0x0, 0x0, 0xef, 0xf3, 0xff, 0xf2,
    0x0, 0x0, 0x0, 0xef, 0xf3, 0xff, 0xf2, 0x0,
    0x0, 0x0, 0xef, 0xf3,

    /* U+0149 "ŉ" */
    0x0, 0x21, 0x0, 0x0, 0x0, 0x0, 0x0, 0x0,
    0x0, 0xb, 0xff, 0x40, 0x0, 0x0, 0x0, 0x0,
    0x0, 0x0, 0x3f, 0xff, 0xb0, 0x0, 0x0, 0x0,
    0x0, 0x0, 0x0, 0x2f, 0xff, 0xa0, 0x0, 0x0,
    0x0, 0x0, 0x0, 0x0, 0x9, 0xff, 0x50, 0x0,
    0x0, 0x0, 0x0, 0x0, 0x0, 0x5, 0xff, 0x0,
    0x0, 0x0, 0x0, 0x0, 0x0, 0x0, 0x9, 0xfa,
    0x4f, 0xfa, 0x6, 0xce, 0xfd, 0x92, 0x0, 0xd,
    0xf4, 0x4f, 0xfc, 0xdf, 0xff, 0xff, 0xff, 0x40,
    0x7, 0x70, 0x4f, 0xff, 0xff, 0xa8, 0xaf, 0xff,
    0xe1, 0x0, 0x0, 0x4f, 0xff, 0xd1, 0x0, 0x2,
    0xff, 0xf6, 0x0, 0x0, 0x4f, 0xff, 0x40, 0x0,
    0x0, 0x9f, 0xfb, 0x0, 0x0, 0x4f, 0xff, 0x0,
    0x0, 0x0, 0x6f, 0xfc, 0x0, 0x0, 0x4f, 0xfd,
    0x0, 0x0, 0x0, 0x4f, 0xfd, 0x0, 0x0, 0x4f,
    0xfd, 0x0, 0x0, 0x0, 0x4f, 0xfd, 0x0, 0x0,
    0x4f, 0xfd, 0x0, 0x0, 0x0, 0x4f, 0xfd, 0x0,
    0x0, 0x4f, 0xfd, 0x0, 0x0, 0x0, 0x4f, 0xfd,
    0x0, 0x0, 0x4f, 0xfd, 0x0, 0x0, 0x0, 0x4f,
    0xfd, 0x0, 0x0, 0x4f, 0xfd, 0x0, 0x0, 0x0,
    0x4f, 0xfd, 0x0, 0x0, 0x4f, 0xfd, 0x0, 0x0,
    0x0, 0x4f, 0xfd, 0x0, 0x0, 0x4f, 0xfd, 0x0,
    0x0, 0x0, 0x4f, 0xfd,

    /* U+014A "Ŋ" */
    0xaf, 0xf6, 0x0, 0x0, 0x0, 0x0, 0x5f, 0xfe,
    0xaf, 0xff, 0x30, 0x0, 0x0, 0x0, 0x5f, 0xfe,
    0xaf, 0xff, 0xe1, 0x0, 0x0, 0x0, 0x5f, 0xfe,
    0xaf, 0xff, 0xfc, 0x0, 0x0, 0x0, 0x5f, 0xfe,
    0xaf, 0xff, 0xff, 0x90, 0x0, 0x0, 0x5f, 0xfe,
    0xaf, 0xff, 0xff, 0xf6, 0x0, 0x0, 0x5f, 0xfe,
    0xaf, 0xf9, 0xcf, 0xff, 0x30, 0x0, 0x5f, 0xfe,
    0xaf, 0xf9, 0x1e, 0xff, 0xe1, 0x0, 0x5f, 0xfe,
    0xaf, 0xf9, 0x3, 0xff, 0xfb, 0x0, 0x5f, 0xfe,
    0xaf, 0xf9, 0x0, 0x7f, 0xff, 0x80, 0x5f, 0xfe,
    0xaf, 0xf9, 0x0, 0xa, 0xff, 0xf5, 0x5f, 0xfe,
    0xaf, 0xf9, 0x0, 0x0, 0xdf, 0xff, 0x8f, 0xfe,
    0xaf, 0xf9, 0x0, 0x0, 0x2f, 0xff, 0xff, 0xfe,
    0xaf, 0xf9, 0x0, 0x0, 0x5, 0xff, 0xff, 0xfe,
    0xaf, 0xf9, 0x0, 0x0, 0x0, 0x8f, 0xff, 0xfe,
    0xaf, 0xf9, 0x0, 0x0, 0x0, 0xb, 0xff, 0xfe,
    0xaf, 0xf9, 0x0, 0x0, 0x0, 0x1, 0xff, 0xfe,
    0xaf, 0xf9, 0x0, 0x0, 0x0, 0x0, 0x9f, 0xfd,
    0x0, 0x0, 0x0, 0x0, 0x0, 0x0, 0x9f, 0xfb,
    0x0, 0x0, 0x0, 0x6c, 0x20, 0x4, 0xff, 0xf6,
    0x0, 0x0, 0x2, 0xff, 0xfe, 0xef, 0xff, 0xe0,
    0x0, 0x0, 0x2, 0xef, 0xff, 0xff, 0xff, 0x40,
    0x0, 0x0, 0x0, 0x7, 0xcf, 0xfd, 0x92, 0x0,

    /* U+014B "ŋ" */
    0xff, 0xf0, 0x4a, 0xef, 0xeb, 0x40, 0x0, 0xff,
    0xf9, 0xff, 0xff, 0xff, 0xf9, 0x0, 0xff, 0xff,
    0xfe, 0xbc, 0xff, 0xff, 0x50, 0xff, 0xff, 0x80,
    0x0, 0x2d, 0xff, 0xc0, 0xff, 0xfb, 0x0, 0x0,
    0x4, 0xff, 0xf0, 0xff, 0xf5, 0x0, 0x0, 0x0,
    0xff, 0xf2, 0xff, 0xf3, 0x0, 0x0, 0x0, 0xef,
    0xf3, 0xff, 0xf2, 0x0, 0x0, 0x0, 0xef, 0xf3,
    0xff, 0xf2, 0x0, 0x0, 0x0, 0xef, 0xf3, 0xff,
    0xf2, 0x0, 0x0, 0x0, 0xef, 0xf3, 0xff, 0xf2,
    0x0, 0x0, 0x0, 0xef, 0xf3, 0xff, 0xf2, 0x0,
    0x0, 0x0, 0xef, 0xf3, 0xff, 0xf2, 0x0, 0x0,
    0x0, 0xef, 0xf3, 0xff, 0xf2, 0x0, 0x0, 0x0,
    0xef, 0xf3, 0x0, 0x0, 0x0, 0x0, 0x0, 0xff,
    0xf2, 0x0, 0x0, 0x0, 0x0, 0x4, 0xff, 0xf0,
    0x0, 0x0, 0x0, 0xcc, 0xbf, 0xff, 0xb0, 0x0,
    0x0, 0x2, 0xff, 0xff, 0xff, 0x20, 0x0, 0x0,
    0x2, 0xae, 0xfe, 0xa2, 0x0,

    /* U+014C "Ō" */
    0x0, 0x0, 0xb, 0xff, 0xff, 0xff, 0xfc, 0x0,
    0x0, 0x0, 0x0, 0x0, 0xcf, 0xff, 0xff, 0xff,
    0xd0, 0x0, 0x0, 0x0, 0x0, 0x0, 0x0, 0x0,
    0x0, 0x0, 0x0, 0x0, 0x0, 0x0, 0x0, 0x0,
    0x0, 0x0, 0x0, 0x0, 0x0, 0x0, 0x0, 0x0,
    0x0, 0x0, 0x0, 0x0, 0x0, 0x0, 0x0, 0x0,
    0x0, 0x0, 0x28, 0xce, 0xfe, 0xc8, 0x30, 0x0,
    0x0, 0x0, 0x1, 0xaf, 0xff, 0xff, 0xff, 0xff,
    0xb1, 0x0, 0x0, 0x3, 0xef, 0xff, 0xff, 0xff,
    0xff, 0xff, 0xe3, 0x0, 0x1, 0xef, 0xff, 0xb4,
    0x0, 0x4, 0xaf, 0xff, 0xe2, 0x0, 0xbf, 0xff,
    0x50, 0x0, 0x0, 0x0, 0x5f, 0xff, 0xb0, 0x3f,
    0xff, 0x70, 0x0, 0x0, 0x0, 0x0, 0x6f, 0xff,
    0x48, 0xff, 0xd0, 0x0, 0x0, 0x0, 0x0, 0x0,
    0xdf, 0xf9, 0xcf, 0xf9, 0x0, 0x0, 0x0, 0x0,
    0x0, 0x8, 0xff, 0xcd, 0xff, 0x60, 0x0, 0x0,
    0x0, 0x0, 0x0, 0x5f, 0xfe, 0xdf, 0xf6, 0x0,
    0x0, 0x0, 0x0, 0x0, 0x6, 0xff, 0xec, 0xff,
    0x90, 0x0, 0x0, 0x0, 0x0, 0x0, 0x8f, 0xfc,
    0x8f, 0xfe, 0x0, 0x0, 0x0, 0x0, 0x0, 0xd,
    0xff, 0x93, 0xff, 0xf7, 0x0, 0x0, 0x0, 0x0,
    0x6, 0xff, 0xf4, 0xb, 0xff, 0xf5, 0x0, 0x0,
    0x0, 0x5, 0xff, 0xfc, 0x0, 0x1e, 0xff, 0xfb,
    0x40, 0x0, 0x4a, 0xff, 0xfe, 0x20, 0x0, 0x3e,
    0xff, 0xff, 0xff, 0xff, 0xff, 0xfe, 0x30, 0x0,
    0x0, 0x1a, 0xff, 0xff, 0xff, 0xff, 0xfb, 0x10,
    0x0, 0x0, 0x0, 0x3, 0x8c, 0xef, 0xec, 0x83,
    0x0, 0x0, 0x0,

    /* U+014D "ō" */
    0x0, 0x4, 0xff, 0xff, 0xff, 0xff, 0x50, 0x0,
    0x0, 0x4, 0xff, 0xff, 0xff, 0xff, 0x50, 0x0,
    0x0, 0x0, 0x0, 0x0, 0x0, 0x0, 0x0, 0x0,
    0x0, 0x0, 0x0, 0x0, 0x0, 0x0, 0x0, 0x0,
    0x0, 0x0, 0x28, 0xde, 0xfd, 0x93, 0x0, 0x0,
    0x0, 0x7, 0xff, 0xff, 0xff, 0xff, 0x80, 0x0,
    0x0, 0x7f, 0xff, 0xfd, 0xcf, 0xff, 0xf9, 0x0,
    0x2, 0xff, 0xfa, 0x10, 0x1, 0x9f, 0xff, 0x40,
    0x9, 0xff, 0xc0, 0x0, 0x0, 0xa, 0xff, 0xb0,
    0xd, 0xff, 0x50, 0x0, 0x0, 0x3, 0xff, 0xf0,
    0xf, 0xff, 0x20, 0x0, 0x0, 0x0, 0xff, 0xf1,
    0xf, 0xff, 0x20, 0x0, 0x0, 0x0, 0xff, 0xf1,
    0xd, 0xff, 0x50, 0x0, 0x0, 0x3, 0xff, 0xf0,
    0x9, 0xff, 0xc0, 0x0, 0x0, 0xa, 0xff, 0xb0,
    0x2, 0xff, 0xfb, 0x10, 0x1, 0x9f, 0xff, 0x40,
    0x0, 0x6f, 0xff, 0xfd, 0xdf, 0xff, 0xf8, 0x0,
    0x0, 0x6, 0xff, 0xff, 0xff, 0xff, 0x80, 0x0,
    0x0, 0x0, 0x28, 0xdf, 0xfd, 0x92, 0x0, 0x0,

    /* U+014E "Ŏ" */
    0x0, 0x0, 0x6, 0x82, 0x0, 0x2, 0x86, 0x0,
    0x0, 0x0, 0x0, 0x0, 0x9f, 0xb0, 0x0, 0xaf,
    0xa0, 0x0, 0x0, 0x0, 0x0, 0x1, 0xef, 0xfd,
    0xff, 0xe2, 0x0, 0x0, 0x0, 0x0, 0x0, 0x1,
    0x9d, 0xfd, 0x91, 0x0, 0x0, 0x0, 0x0, 0x0,
    0x0, 0x0, 0x0, 0x0, 0x0, 0x0, 0x0, 0x0,
    0x0, 0x0, 0x0, 0x0, 0x0, 0x0, 0x0, 0x0,
    0x0, 0x0, 0x0, 0x2, 0x8c, 0xef, 0xec, 0x83,
    0x0, 0x0, 0x0, 0x0, 0x1a, 0xff, 0xff, 0xff,
    0xff, 0xfb, 0x10, 0x0, 0x0, 0x3e, 0xff, 0xff,
    0xff, 0xff, 0xff, 0xfe, 0x30, 0x0, 0x1e, 0xff,
    0xfb, 0x40, 0x0, 0x4a, 0xff, 0xfe, 0x20, 0xb,
    0xff, 0xf5, 0x0, 0x0, 0x0, 0x5, 0xff, 0xfb,
    0x3, 0xff, 0xf7, 0x0, 0x0, 0x0, 0x0, 0x6,
    0xff, 0xf4, 0x8f, 0xfd, 0x0, 0x0, 0x0, 0x0,
    0x0, 0xd, 0xff, 0x9c, 0xff, 0x90, 0x0, 0x0,
    0x0, 0x0, 0x0, 0x8f, 0xfc, 0xdf, 0xf6, 0x0,
    0x0, 0x0, 0x0, 0x0, 0x5, 0xff, 0xed, 0xff,
    0x60, 0x0, 0x0, 0x0, 0x0, 0x0, 0x6f, 0xfe,
    0xcf, 0xf9, 0x0, 0x0, 0x0, 0x0, 0x0, 0x8,
    0xff, 0xc8, 0xff, 0xe0, 0x0, 0x0, 0x0, 0x0,
    0x0, 0xdf, 0xf9, 0x3f, 0xff, 0x70, 0x0, 0x0,
    0x0, 0x0, 0x6f, 0xff, 0x40, 0xbf, 0xff, 0x50,
    0x0, 0x0, 0x0, 0x5f, 0xff, 0xc0, 0x1, 0xef,
    0xff, 0xb4, 0x0, 0x4, 0xaf, 0xff, 0xe2, 0x0,
    0x3, 0xef, 0xff, 0xff, 0xff, 0xff, 0xff, 0xe3,
    0x0, 0x0, 0x1, 0xaf, 0xff, 0xff, 0xff, 0xff,
    0xb1, 0x0, 0x0, 0x0, 0x0, 0x38, 0xce, 0xfe,
    0xc8, 0x30, 0x0, 0x0,

    /* U+014F "ŏ" */
    0x0, 0x2, 0x86, 0x0, 0x0, 0x68, 0x20, 0x0,
    0x0, 0x1, 0xff, 0x40, 0x3, 0xff, 0x20, 0x0,
    0x0, 0x0, 0x8f, 0xfd, 0xdf, 0xf9, 0x0, 0x0,
    0x0, 0x0, 0x5, 0xce, 0xec, 0x50, 0x0, 0x0,
    0x0, 0x0, 0x0, 0x0, 0x0, 0x0, 0x0, 0x0,
    0x0, 0x0, 0x0, 0x0, 0x0, 0x0, 0x0, 0x0,
    0x0, 0x0, 0x28, 0xde, 0xfd, 0x93, 0x0, 0x0,
    0x0, 0x7, 0xff, 0xff, 0xff, 0xff, 0x80, 0x0,
    0x0, 0x7f, 0xff, 0xfd, 0xcf, 0xff, 0xf9, 0x0,
    0x2, 0xff, 0xfa, 0x10, 0x1, 0x9f, 0xff, 0x40,
    0x9, 0xff, 0xc0, 0x0, 0x0, 0xa, 0xff, 0xb0,
    0xd, 0xff, 0x50, 0x0, 0x0, 0x3, 0xff, 0xf0,
    0xf, 0xff, 0x20, 0x0, 0x0, 0x0, 0xff, 0xf1,
    0xf, 0xff, 0x20, 0x0, 0x0, 0x0, 0xff, 0xf1,
    0xd, 0xff, 0x50, 0x0, 0x0, 0x3, 0xff, 0xf0,
    0x9, 0xff, 0xc0, 0x0, 0x0, 0xa, 0xff, 0xb0,
    0x2, 0xff, 0xfb, 0x10, 0x1, 0x9f, 0xff, 0x40,
    0x0, 0x6f, 0xff, 0xfd, 0xdf, 0xff, 0xf8, 0x0,
    0x0, 0x6, 0xff, 0xff, 0xff, 0xff, 0x80, 0x0,
    0x0, 0x0, 0x28, 0xdf, 0xfd, 0x92, 0x0, 0x0,

    /* U+0150 "Ő" */
    0x0, 0x0, 0x0, 0x1, 0x88, 0x70, 0x48, 0x85,
    0x0, 0x0, 0x0, 0x0, 0x0, 0xaf, 0xf4, 0xe,
    0xfe, 0x10, 0x0, 0x0, 0x0, 0x0, 0x3f, 0xf8,
    0x8, 0xff, 0x30, 0x0, 0x0, 0x0, 0x0, 0xc,
    0xfc, 0x1, 0xff, 0x70, 0x0, 0x0, 0x0, 0x0,
    0x0, 0x0, 0x0, 0x0, 0x0, 0x0, 0x0, 0x0,
    0x0, 0x0, 0x0, 0x0, 0x0, 0x0, 0x0, 0x0,
    0x0, 0x0, 0x0, 0x2, 0x8c, 0xef, 0xec, 0x83,
    0x0, 0x0, 0x0, 0x0, 0x1a, 0xff, 0xff, 0xff,
    0xff, 0xfb, 0x10, 0x0, 0x0, 0x3e, 0xff, 0xff,
    0xff, 0xff, 0xff, 0xfe, 0x30, 0x0, 0x1e, 0xff,
    0xfb, 0x40, 0x0, 0x4a, 0xff, 0xfe, 0x20, 0xb,
    0xff, 0xf5, 0x0, 0x0, 0x0, 0x5, 0xff, 0xfb,
    0x3, 0xff, 0xf7, 0x0, 0x0, 0x0, 0x0, 0x6,
    0xff, 0xf4, 0x8f, 0xfd, 0x0, 0x0, 0x0, 0x0,
    0x0, 0xd, 0xff, 0x9c, 0xff, 0x90, 0x0, 0x0,
    0x0, 0x0, 0x0, 0x8f, 0xfc, 0xdf, 0xf6, 0x0,
    0x0, 0x0, 0x0, 0x0, 0x5, 0xff, 0xed, 0xff,
    0x60, 0x0, 0x0, 0x0, 0x0, 0x0, 0x6f, 0xfe,
    0xcf, 0xf9, 0x0, 0x0, 0x0, 0x0, 0x0, 0x8,
    0xff, 0xc8, 0xff, 0xe0, 0x0, 0x0, 0x0, 0x0,
    0x0, 0xdf, 0xf9, 0x3f, 0xff, 0x70, 0x0, 0x0,
    0x0, 0x0, 0x6f, 0xff, 0x40, 0xbf, 0xff, 0x50,
    0x0, 0x0, 0x0, 0x5f, 0xff, 0xc0, 0x1, 0xef,
    0xff, 0xb4, 0x0, 0x4, 0xaf, 0xff, 0xe2, 0x0,
    0x3, 0xef, 0xff, 0xff, 0xff, 0xff, 0xff, 0xe3,
    0x0, 0x0, 0x1, 0xaf, 0xff, 0xff, 0xff, 0xff,
    0xb1, 0x0, 0x0, 0x0, 0x0, 0x38, 0xce, 0xfe,
    0xc8, 0x30, 0x0, 0x0,

    /* U+0151 "ő" */
    0x0, 0x0, 0x0, 0x68, 0x83, 0x8, 0x88, 0x0,
    0x0, 0x0, 0x2, 0xff, 0xc0, 0x6f, 0xf7, 0x0,
    0x0, 0x0, 0xb, 0xfe, 0x11, 0xef, 0xb0, 0x0,
    0x0, 0x0, 0x4f, 0xf4, 0x9, 0xfe, 0x10, 0x0,
    0x0, 0x0, 0x0, 0x0, 0x0, 0x0, 0x0, 0x0,
    0x0, 0x0, 0x0, 0x0, 0x0, 0x0, 0x0, 0x0,
    0x0, 0x0, 0x28, 0xde, 0xfd, 0x93, 0x0, 0x0,
    0x0, 0x7, 0xff, 0xff, 0xff, 0xff, 0x80, 0x0,
    0x0, 0x7f, 0xff, 0xfd, 0xcf, 0xff, 0xf9, 0x0,
    0x2, 0xff, 0xfa, 0x10, 0x1, 0x9f, 0xff, 0x40,
    0x9, 0xff, 0xc0, 0x0, 0x0, 0xa, 0xff, 0xb0,
    0xd, 0xff, 0x50, 0x0, 0x0, 0x3, 0xff, 0xf0,
    0xf, 0xff, 0x20, 0x0, 0x0, 0x0, 0xff, 0xf1,
    0xf, 0xff, 0x20, 0x0, 0x0, 0x0, 0xff, 0xf1,
    0xd, 0xff, 0x50, 0x0, 0x0, 0x3, 0xff, 0xf0,
    0x9, 0xff, 0xc0, 0x0, 0x0, 0xa, 0xff, 0xb0,
    0x2, 0xff, 0xfb, 0x10, 0x1, 0x9f, 0xff, 0x40,
    0x0, 0x6f, 0xff, 0xfd, 0xdf, 0xff, 0xf8, 0x0,
    0x0, 0x6, 0xff, 0xff, 0xff, 0xff, 0x80, 0x0,
    0x0, 0x0, 0x28, 0xdf, 0xfd, 0x92, 0x0, 0x0,

    /* U+0152 "Œ" */
    0x0, 0x0, 0x3, 0x9c, 0xef, 0xff, 0xff, 0xff,
    0xff, 0xff, 0xff, 0xff, 0xfa, 0x0, 0x1, 0xbf,
    0xff, 0xff, 0xff, 0xff, 0xff, 0xff, 0xff, 0xff,
    0xff, 0xfa, 0x0, 0x4e, 0xff, 0xff, 0xfe, 0xdd,
    0xff, 0xff, 0xdd, 0xdd, 0xdd, 0xdd, 0xd8, 0x2,
    0xef, 0xff, 0x93, 0x0, 0x0, 0x2f, 0xff, 0x10,
    0x0, 0x0, 0x0, 0x0, 0xc, 0xff, 0xf4, 0x0,
    0x0, 0x0, 0x2f, 0xff, 0x10, 0x0, 0x0, 0x0,
    0x0, 0x4f, 0xff, 0x60, 0x0, 0x0, 0x0, 0x2f,
    0xff, 0x10, 0x0, 0x0, 0x0, 0x0, 0x9f, 0xfd,
    0x0, 0x0, 0x0, 0x0, 0x2f, 0xff, 0x10, 0x0,
    0x0, 0x0, 0x0, 0xcf, 0xf8, 0x0, 0x0, 0x0,
    0x0, 0x2f, 0xff, 0xec, 0xcc, 0xcc, 0xcc, 0x70,
    0xef, 0xf6, 0x0, 0x0, 0x0, 0x0, 0x2f, 0xff,
    0xff, 0xff, 0xff, 0xff, 0x90, 0xef, 0xf6, 0x0,
    0x0, 0x0, 0x0, 0x2f, 0xff, 0xff, 0xff, 0xff,
    0xff, 0x90, 0xcf, 0xf8, 0x0, 0x0, 0x0, 0x0,
    0x2f, 0xff, 0x10, 0x0, 0x0, 0x0, 0x0, 0x9f,
    0xfd, 0x0, 0x0, 0x0, 0x0, 0x2f, 0xff, 0x10,
    0x0, 0x0, 0x0, 0x0, 0x4f, 0xff, 0x60, 0x0,
    0x0, 0x0, 0x2f, 0xff, 0x10, 0x0, 0x0, 0x0,
    0x0, 0xc, 0xff, 0xf4, 0x0, 0x0, 0x0, 0x2f,
    0xff, 0x10, 0x0, 0x0, 0x0, 0x0, 0x2, 0xef,
    0xff, 0x93, 0x0, 0x0, 0x2f, 0xff, 0x10, 0x0,
    0x0, 0x0, 0x0, 0x0, 0x4f, 0xff, 0xff, 0xfe,
    0xdd, 0xff, 0xff, 0xdd, 0xdd, 0xdd, 0xdd, 0xdd,
    0x0, 0x1, 0xcf, 0xff, 0xff, 0xff, 0xff, 0xff,
    0xff, 0xff, 0xff, 0xff, 0xff, 0x0, 0x0, 0x3,
    0x9c, 0xff, 0xff, 0xff, 0xff, 0xff, 0xff, 0xff,
    0xff, 0xff,

    /* U+0153 "œ" */
    0x0, 0x0, 0x28, 0xde, 0xfd, 0x82, 0x0, 0x2,
    0x8d, 0xfe, 0xc7, 0x10, 0x0, 0x0, 0x7, 0xff,
    0xff, 0xff, 0xff, 0x60, 0x5f, 0xff, 0xff, 0xff,
    0xe4, 0x0, 0x0, 0x7f, 0xff, 0xfd, 0xcf, 0xff,
    0xfa, 0xff, 0xff, 0xcd, 0xff, 0xff, 0x30, 0x2,
    0xff, 0xfa, 0x10, 0x1, 0x9f, 0xff, 0xff, 0x90,
    0x0, 0x1a, 0xff, 0xd0, 0x9, 0xff, 0xc0, 0x0,
    0x0, 0xa, 0xff, 0xfb, 0x0, 0x0, 0x0, 0xcf,
    0xf4, 0xd, 0xff, 0x50, 0x0, 0x0, 0x3, 0xff,
    0xf6, 0x22, 0x22, 0x22, 0x8f, 0xf8, 0xf, 0xff,
    0x20, 0x0, 0x0, 0x0, 0xff, 0xff, 0xff, 0xff,
    0xff, 0xff, 0xfa, 0xf, 0xff, 0x20, 0x0, 0x0,
    0x0, 0xff, 0xff, 0xff, 0xff, 0xff, 0xff, 0xfa,
    0xd, 0xff, 0x50, 0x0, 0x0, 0x3, 0xff, 0xf4,
    0x0, 0x0, 0x0, 0x0, 0x0, 0x9, 0xff, 0xc0,
    0x0, 0x0, 0xa, 0xff, 0xfc, 0x0, 0x0, 0x0,
    0x0, 0x0, 0x2, 0xff, 0xfb, 0x10, 0x1, 0x9f,
    0xff, 0xff, 0xb2, 0x0, 0x2, 0xbb, 0x0, 0x0,
    0x6f, 0xff, 0xfd, 0xdf, 0xff, 0xf9, 0xff, 0xff,
    0xec, 0xef, 0xff, 0x80, 0x0, 0x6, 0xff, 0xff,
    0xff, 0xff, 0x60, 0x4e, 0xff, 0xff, 0xff, 0xfd,
    0x10, 0x0, 0x0, 0x28, 0xdf, 0xfd, 0x82, 0x0,
    0x1, 0x7c, 0xef, 0xeb, 0x60, 0x0,

    /* U+0154 "Ŕ" */
    0x0, 0x0, 0x0, 0x2, 0xef, 0xf8, 0x0, 0x0,
    0x0, 0x0, 0x0, 0x1e, 0xff, 0x50, 0x0, 0x0,
    0x0, 0x0, 0x1, 0xdf, 0xd2, 0x0, 0x0, 0x0,
    0x0, 0x0, 0x5, 0x87, 0x10, 0x0, 0x0, 0x0,
    0x0, 0x0, 0x0, 0x0, 0x0, 0x0, 0x0, 0x0,
    0xaf, 0xff, 0xff, 0xff, 0xed, 0x93, 0x0, 0x0,
    0xaf, 0xff, 0xff, 0xff, 0xff, 0xff, 0xa0, 0x0,
    0xaf, 0xff, 0xdd, 0xdd, 0xef, 0xff, 0xfb, 0x0,
    0xaf, 0xf9, 0x0, 0x0, 0x2, 0xbf, 0xff, 0x50,
    0xaf, 0xf9, 0x0, 0x0, 0x0, 0xc, 0xff, 0xb0,
    0xaf, 0xf9, 0x0, 0x0, 0x0, 0x6, 0xff, 0xe0,
    0xaf, 0xf9, 0x0, 0x0, 0x0, 0x4, 0xff, 0xf0,
    0xaf, 0xf9, 0x0, 0x0, 0x0, 0x7, 0xff, 0xd0,
    0xaf, 0xf9, 0x0, 0x0, 0x0, 0xd, 0xff, 0xa0,
    0xaf, 0xf9, 0x0, 0x0, 0x15, 0xdf, 0xff, 0x30,
    0xaf, 0xff, 0xff, 0xff, 0xff, 0xff, 0xf8, 0x0,
    0xaf, 0xff, 0xff, 0xff, 0xff, 0xff, 0x60, 0x0,
    0xaf, 0xff, 0xcc, 0xcd, 0xff, 0xf9, 0x0, 0x0,
    0xaf, 0xf9, 0x0, 0x0, 0x4f, 0xff, 0x30, 0x0,
    0xaf, 0xf9, 0x0, 0x0, 0x9, 0xff, 0xd0, 0x0,
    0xaf, 0xf9, 0x0, 0x0, 0x0, 0xdf, 0xf9, 0x0,
    0xaf, 0xf9, 0x0, 0x0, 0x0, 0x3f, 0xff, 0x40,
    0xaf, 0xf9, 0x0, 0x0, 0x0, 0x8, 0xff, 0xe1,

    /* U+0155 "ŕ" */
    0x0, 0x0, 0x7, 0x88, 0x40, 0x0, 0xa, 0xff,
    0xb0, 0x0, 0x8, 0xff, 0xa0, 0x0, 0x5, 0xff,
    0x90, 0x0, 0x0, 0x78, 0x60, 0x0, 0x0, 0x0,
    0x0, 0x0, 0x0, 0xff, 0xf0, 0x3a, 0xdc, 0xf,
    0xff, 0x7f, 0xff, 0xc0, 0xff, 0xff, 0xff, 0xea,
    0xf, 0xff, 0xfb, 0x20, 0x0, 0xff, 0xfc, 0x0,
    0x0, 0xf, 0xff, 0x60, 0x0, 0x0, 0xff, 0xf3,
    0x0, 0x0, 0xf, 0xff, 0x20, 0x0, 0x0, 0xff,
    0xf2, 0x0, 0x0, 0xf, 0xff, 0x20, 0x0, 0x0,
    0xff, 0xf2, 0x0, 0x0, 0xf, 0xff, 0x20, 0x0,
    0x0, 0xff, 0xf2, 0x0, 0x0, 0xf, 0xff, 0x20,
    0x0, 0x0,

    /* U+0156 "Ŗ" */
    0xaf, 0xff, 0xff, 0xff, 0xed, 0x93, 0x0, 0x0,
    0xaf, 0xff, 0xff, 0xff, 0xff, 0xff, 0x90, 0x0,
    0xaf, 0xff, 0xdd, 0xdd, 0xef, 0xff, 0xfb, 0x0,
    0xaf, 0xf9, 0x0, 0x0, 0x2, 0xbf, 0xff, 0x50,
    0xaf, 0xf9, 0x0, 0x0, 0x0, 0xc, 0xff, 0xb0,
    0xaf, 0xf9, 0x0, 0x0, 0x0, 0x6, 0xff, 0xe0,
    0xaf, 0xf9, 0x0, 0x0, 0x0, 0x4, 0xff, 0xf0,
    0xaf, 0xf9, 0x0, 0x0, 0x0, 0x6, 0xff, 0xe0,
    0xaf, 0xf9, 0x0, 0x0, 0x0, 0xc, 0xff, 0xb0,
    0xaf, 0xf9, 0x0, 0x0, 0x1, 0xaf, 0xff, 0x40,
    0xaf, 0xff, 0xcc, 0xcc, 0xdf, 0xff, 0xfa, 0x0,
    0xaf, 0xff, 0xff, 0xff, 0xff, 0xff, 0x90, 0x0,
    0xaf, 0xff, 0xff, 0xff, 0xff, 0xf9, 0x0, 0x0,
    0xaf, 0xf9, 0x0, 0x0, 0x5f, 0xff, 0x20, 0x0,
    0xaf, 0xf9, 0x0, 0x0, 0xa, 0xff, 0xc0, 0x0,
    0xaf, 0xf9, 0x0, 0x0, 0x1, 0xef, 0xf8, 0x0,
    0xaf, 0xf9, 0x0, 0x0, 0x0, 0x4f, 0xff, 0x30,
    0xaf, 0xf9, 0x0, 0x0, 0x0, 0x8, 0xff, 0xe0,
    0x0, 0x0, 0x0, 0x0, 0x0, 0x0, 0x0, 0x0,
    0x0, 0x0, 0x0, 0x0, 0x0, 0x0, 0x0, 0x0,
    0x0, 0x0, 0x0, 0x9a, 0x20, 0x0, 0x0, 0x0,
    0x0, 0x0, 0x4, 0xff, 0x90, 0x0, 0x0, 0x0,
    0x0, 0x0, 0x1, 0xff, 0x80, 0x0, 0x0, 0x0,
    0x0, 0x0, 0x0, 0xaf, 0x20, 0x0, 0x0, 0x0,
    0x0, 0x0, 0x0, 0xeb, 0x0, 0x0, 0x0, 0x0,

    /* U+0157 "ŗ" */
    0xff, 0xf0, 0x3a, 0xdc, 0xff, 0xf7, 0xff, 0xfc,
    0xff, 0xff, 0xff, 0xea, 0xff, 0xff, 0xb2, 0x0,
    0xff, 0xfc, 0x0, 0x0, 0xff, 0xf6, 0x0, 0x0,
    0xff, 0xf3, 0x0, 0x0, 0xff, 0xf2, 0x0, 0x0,
    0xff, 0xf2, 0x0, 0x0, 0xff, 0xf2, 0x0, 0x0,
    0xff, 0xf2, 0x0, 0x0, 0xff, 0xf2, 0x0, 0x0,
    0xff, 0xf2, 0x0, 0x0, 0xff, 0xf2, 0x0, 0x0,
    0x0, 0x0, 0x0, 0x0, 0x0, 0x0, 0x0, 0x0,
    0x3b, 0x80, 0x0, 0x0, 0xbf, 0xf3, 0x0, 0x0,
    0x6f, 0xf1, 0x0, 0x0, 0x1f, 0xb0, 0x0, 0x0,
    0x5f, 0x40, 0x0, 0x0,

    /* U+0158 "Ř" */
    0x0, 0x2e, 0xf8, 0x0, 0x4f, 0xf7, 0x0, 0x0,
    0x0, 0x3, 0xff, 0xa6, 0xff, 0x80, 0x0, 0x0,
    0x0, 0x0, 0x3f, 0xff, 0xf8, 0x0, 0x0, 0x0,
    0x0, 0x0, 0x3, 0x88, 0x60, 0x0, 0x0, 0x0,
    0x0, 0x0, 0x0, 0x0, 0x0, 0x0, 0x0, 0x0,
    0xaf, 0xff, 0xff, 0xff, 0xed, 0x93, 0x0, 0x0,
    0xaf, 0xff, 0xff, 0xff, 0xff, 0xff, 0xa0, 0x0,
    0xaf, 0xff, 0xdd, 0xdd, 0xef, 0xff, 0xfb, 0x0,
    0xaf, 0xf9, 0x0, 0x0, 0x2, 0xbf, 0xff, 0x50,
    0xaf, 0xf9, 0x0, 0x0, 0x0, 0xc, 0xff, 0xb0,
    0xaf, 0xf9, 0x0, 0x0, 0x0, 0x6, 0xff, 0xe0,
    0xaf, 0xf9, 0x0, 0x0, 0x0, 0x4, 0xff, 0xf0,
    0xaf, 0xf9, 0x0, 0x0, 0x0, 0x7, 0xff, 0xd0,
    0xaf, 0xf9, 0x0, 0x0, 0x0, 0xd, 0xff, 0xa0,
    0xaf, 0xf9, 0x0, 0x0, 0x15, 0xdf, 0xff, 0x30,
    0xaf, 0xff, 0xff, 0xff, 0xff, 0xff, 0xf8, 0x0,
    0xaf, 0xff, 0xff, 0xff, 0xff, 0xff, 0x60, 0x0,
    0xaf, 0xff, 0xcc, 0xcd, 0xff, 0xf9, 0x0, 0x0,
    0xaf, 0xf9, 0x0, 0x0, 0x4f, 0xff, 0x30, 0x0,
    0xaf, 0xf9, 0x0, 0x0, 0x9, 0xff, 0xd0, 0x0,
    0xaf, 0xf9, 0x0, 0x0, 0x0, 0xdf, 0xf9, 0x0,
    0xaf, 0xf9, 0x0, 0x0, 0x0, 0x3f, 0xff, 0x40,
    0xaf, 0xf9, 0x0, 0x0, 0x0, 0x8, 0xff, 0xe1,

    /* U+0159 "ř" */
    0x58, 0x70, 0x0, 0x17, 0x83, 0x2e, 0xfc, 0x12,
    0xef, 0xc0, 0x3, 0xff, 0xff, 0xfe, 0x10, 0x0,
    0x5f, 0xff, 0xf3, 0x0, 0x0, 0x5, 0x88, 0x40,
    0x0, 0x0, 0x0, 0x0, 0x0, 0x0, 0xf, 0xff,
    0x3, 0xad, 0xc0, 0xf, 0xff, 0x7f, 0xff, 0xc0,
    0xf, 0xff, 0xff, 0xfe, 0xa0, 0xf, 0xff, 0xfb,
    0x20, 0x0, 0xf, 0xff, 0xc0, 0x0, 0x0, 0xf,
    0xff, 0x60, 0x0, 0x0, 0xf, 0xff, 0x30, 0x0,
    0x0, 0xf, 0xff, 0x20, 0x0, 0x0, 0xf, 0xff,
    0x20, 0x0, 0x0, 0xf, 0xff, 0x20, 0x0, 0x0,
    0xf, 0xff, 0x20, 0x0, 0x0, 0xf, 0xff, 0x20,
    0x0, 0x0, 0xf, 0xff, 0x20, 0x0, 0x0, 0xf,
    0xff, 0x20, 0x0, 0x0,

    /* U+015A "Ś" */
    0x0, 0x0, 0x0, 0x0, 0x6, 0x88, 0x50, 0x0,
    0x0, 0x0, 0x0, 0x9, 0xff, 0xb1, 0x0, 0x0,
    0x0, 0x0, 0x8, 0xff, 0x80, 0x0, 0x0, 0x0,
    0x0, 0x8, 0xff, 0x50, 0x0, 0x0, 0x0, 0x0,
    0x0, 0x0, 0x0, 0x0, 0x0, 0x0, 0x0, 0x0,
    0x0, 0x0, 0x0, 0x0, 0x0, 0x0, 0x0, 0x5a,
    0xde, 0xfe, 0xc8, 0x30, 0x0, 0x1, 0xcf, 0xff,
    0xff, 0xff, 0xff, 0xb0, 0x0, 0xdf, 0xff, 0xfd,
    0xde, 0xff, 0xfc, 0x0, 0x6f, 0xff, 0x70, 0x0,
    0x1, 0x6d, 0x50, 0xa, 0xff, 0x90, 0x0, 0x0,
    0x0, 0x0, 0x0, 0xbf, 0xf8, 0x0, 0x0, 0x0,
    0x0, 0x0, 0x8, 0xff, 0xf4, 0x0, 0x0, 0x0,
    0x0, 0x0, 0x2f, 0xff, 0xfd, 0x84, 0x0, 0x0,
    0x0, 0x0, 0x4e, 0xff, 0xff, 0xff, 0xc6, 0x0,
    0x0, 0x0, 0x6, 0xcf, 0xff, 0xff, 0xfe, 0x40,
    0x0, 0x0, 0x0, 0x15, 0x9e, 0xff, 0xff, 0x30,
    0x0, 0x0, 0x0, 0x0, 0x4, 0xef, 0xfa, 0x0,
    0x0, 0x0, 0x0, 0x0, 0x7, 0xff, 0xc0, 0x16,
    0x0, 0x0, 0x0, 0x0, 0x7f, 0xfb, 0x8, 0xfd,
    0x61, 0x0, 0x0, 0x5f, 0xff, 0x70, 0xef, 0xff,
    0xfe, 0xdd, 0xff, 0xff, 0xe1, 0x3, 0xdf, 0xff,
    0xff, 0xff, 0xff, 0xd2, 0x0, 0x0, 0x38, 0xce,
    0xff, 0xda, 0x50, 0x0,

    /* U+015B "ś" */
    0x0, 0x0, 0x0, 0x4, 0x88, 0x70, 0x0, 0x0,
    0x0, 0x5, 0xff, 0xd2, 0x0, 0x0, 0x0, 0x5,
    0xff, 0xb1, 0x0, 0x0, 0x0, 0x4, 0xff, 0x90,
    0x0, 0x0, 0x0, 0x0, 0x0, 0x0, 0x0, 0x0,
    0x0, 0x0, 0x0, 0x0, 0x0, 0x0, 0x0, 0x0,
    0x5, 0xbe, 0xff, 0xda, 0x60, 0x0, 0xc, 0xff,
    0xff, 0xff, 0xff, 0x90, 0x9, 0xff, 0xfc, 0xab,
    0xdf, 0xf2, 0x0, 0xff, 0xf4, 0x0, 0x0, 0x16,
    0x0, 0xf, 0xff, 0x10, 0x0, 0x0, 0x0, 0x0,
    0xdf, 0xfd, 0x74, 0x10, 0x0, 0x0, 0x5, 0xff,
    0xff, 0xff, 0xe9, 0x30, 0x0, 0x3, 0xaf, 0xff,
    0xff, 0xff, 0x60, 0x0, 0x0, 0x2, 0x58, 0xdf,
    0xff, 0x0, 0x0, 0x0, 0x0, 0x0, 0xef, 0xf2,
    0x8, 0x92, 0x0, 0x0, 0x2f, 0xff, 0x11, 0xff,
    0xfe, 0xba, 0xcf, 0xff, 0xc0, 0x3e, 0xff, 0xff,
    0xff, 0xff, 0xd1, 0x0, 0x6, 0xad, 0xff, 0xeb,
    0x60, 0x0,

    /* U+015C "Ŝ" */
    0x0, 0x0, 0x0, 0x48, 0x86, 0x0, 0x0, 0x0,
    0x0, 0x0, 0x4f, 0xff, 0xf7, 0x0, 0x0, 0x0,
    0x0, 0x4f, 0xf9, 0x6f, 0xf7, 0x0, 0x0, 0x0,
    0x3f, 0xf7, 0x0, 0x4f, 0xf6, 0x0, 0x0, 0x0,
    0x0, 0x0, 0x0, 0x0, 0x0, 0x0, 0x0, 0x0,
    0x0, 0x0, 0x0, 0x0, 0x0, 0x0, 0x0, 0x5a,
    0xde, 0xfe, 0xc8, 0x30, 0x0, 0x1, 0xcf, 0xff,
    0xff, 0xff, 0xff, 0xb0, 0x0, 0xdf, 0xff, 0xfd,
    0xde, 0xff, 0xfc, 0x0, 0x6f, 0xff, 0x70, 0x0,
    0x1, 0x6d, 0x50, 0xa, 0xff, 0x90, 0x0, 0x0,
    0x0, 0x0, 0x0, 0xbf, 0xf8, 0x0, 0x0, 0x0,
    0x0, 0x0, 0x8, 0xff, 0xf4, 0x0, 0x0, 0x0,
    0x0, 0x0, 0x2f, 0xff, 0xfd, 0x84, 0x0, 0x0,
    0x0, 0x0, 0x4e, 0xff, 0xff, 0xff, 0xc6, 0x0,
    0x0, 0x0, 0x6, 0xcf, 0xff, 0xff, 0xfe, 0x40,
    0x0, 0x0, 0x0, 0x15, 0x9e, 0xff, 0xff, 0x30,
    0x0, 0x0, 0x0, 0x0, 0x4, 0xef, 0xfa, 0x0,
    0x0, 0x0, 0x0, 0x0, 0x7, 0xff, 0xc0, 0x16,
    0x0, 0x0, 0x0, 0x0, 0x7f, 0xfb, 0x8, 0xfd,
    0x61, 0x0, 0x0, 0x5f, 0xff, 0x70, 0xef, 0xff,
    0xfe, 0xdd, 0xff, 0xff, 0xe1, 0x3, 0xdf, 0xff,
    0xff, 0xff, 0xff, 0xd2, 0x0, 0x0, 0x38, 0xce,
    0xff, 0xda, 0x50, 0x0,

    /* U+015D "ŝ" */
    0x0, 0x0, 0x28, 0x87, 0x0, 0x0, 0x0, 0x0,
    0x2e, 0xff, 0xfb, 0x0, 0x0, 0x0, 0x1e, 0xfc,
    0x4e, 0xfa, 0x0, 0x0, 0x1d, 0xfa, 0x0, 0x2d,
    0xfa, 0x0, 0x0, 0x0, 0x0, 0x0, 0x0, 0x0,
    0x0, 0x0, 0x0, 0x0, 0x0, 0x0, 0x0, 0x0,
    0x5, 0xbe, 0xff, 0xda, 0x60, 0x0, 0xc, 0xff,
    0xff, 0xff, 0xff, 0x90, 0x9, 0xff, 0xfc, 0xab,
    0xdf, 0xf2, 0x0, 0xff, 0xf4, 0x0, 0x0, 0x16,
    0x0, 0xf, 0xff, 0x10, 0x0, 0x0, 0x0, 0x0,
    0xdf, 0xfd, 0x74, 0x10, 0x0, 0x0, 0x5, 0xff,
    0xff, 0xff, 0xe9, 0x30, 0x0, 0x3, 0xaf, 0xff,
    0xff, 0xff, 0x60, 0x0, 0x0, 0x2, 0x58, 0xdf,
    0xff, 0x0, 0x0, 0x0, 0x0, 0x0, 0xef, 0xf2,
    0x8, 0x92, 0x0, 0x0, 0x2f, 0xff, 0x11, 0xff,
    0xfe, 0xba, 0xcf, 0xff, 0xc0, 0x3e, 0xff, 0xff,
    0xff, 0xff, 0xd1, 0x0, 0x6, 0xad, 0xff, 0xeb,
    0x60, 0x0,

    /* U+015E "Ş" */
    0x0, 0x0, 0x5a, 0xde, 0xfe, 0xc8, 0x30, 0x0,
    0x1, 0xcf, 0xff, 0xff, 0xff, 0xff, 0xb0, 0x0,
    0xdf, 0xff, 0xfd, 0xde, 0xff, 0xfc, 0x0, 0x6f,
    0xff, 0x70, 0x0, 0x1, 0x6d, 0x50, 0xa, 0xff,
    0x90, 0x0, 0x0, 0x0, 0x0, 0x0, 0xbf, 0xf8,
    0x0, 0x0, 0x0, 0x0, 0x0, 0x8, 0xff, 0xf4,
    0x0, 0x0, 0x0, 0x0, 0x0, 0x2f, 0xff, 0xfd,
    0x84, 0x0, 0x0, 0x0, 0x0, 0x4e, 0xff, 0xff,
    0xff, 0xc6, 0x0, 0x0, 0x0, 0x6, 0xcf, 0xff,
    0xff, 0xfe, 0x40, 0x0, 0x0, 0x0, 0x15, 0x9e,
    0xff, 0xff, 0x30, 0x0, 0x0, 0x0, 0x0, 0x4,
    0xef, 0xfa, 0x0, 0x0, 0x0, 0x0, 0x0, 0x7,
    0xff, 0xc0, 0x16, 0x0, 0x0, 0x0, 0x0, 0x7f,
    0xfb, 0x8, 0xfd, 0x61, 0x0, 0x0, 0x5f, 0xff,
    0x70, 0xef, 0xff, 0xfe, 0xdd, 0xff, 0xff, 0xe1,
    0x3, 0xdf, 0xff, 0xff, 0xff, 0xff, 0xd2, 0x0,
    0x0, 0x38, 0xce, 0xff, 0xda, 0x50, 0x0, 0x0,
    0x0, 0x0, 0xf, 0xb0, 0x0, 0x0, 0x0, 0x0,
    0x0, 0x3, 0xff, 0xb1, 0x0, 0x0, 0x0, 0x0,
    0x0, 0x13, 0xaf, 0x90, 0x0, 0x0, 0x0, 0x0,
    0x21, 0x8, 0xfb, 0x0, 0x0, 0x0, 0x0, 0xb,
    0xff, 0xff, 0x40, 0x0, 0x0, 0x0, 0x0, 0x48,
    0xa8, 0x20, 0x0, 0x0,

    /* U+015F "ş" */
    0x0, 0x5, 0xbe, 0xff, 0xda, 0x60, 0x0, 0xc,
    0xff, 0xff, 0xff, 0xff, 0x90, 0x9, 0xff, 0xfc,
    0xab, 0xdf, 0xf2, 0x0, 0xff, 0xf4, 0x0, 0x0,
    0x16, 0x0, 0xf, 0xff, 0x10, 0x0, 0x0, 0x0,
    0x0, 0xdf, 0xfd, 0x74, 0x10, 0x0, 0x0, 0x5,
    0xff, 0xff, 0xff, 0xe9, 0x30, 0x0, 0x3, 0xaf,
    0xff, 0xff, 0xff, 0x60, 0x0, 0x0, 0x2, 0x58,
    0xdf, 0xff, 0x0, 0x0, 0x0, 0x0, 0x0, 0xef,
    0xf2, 0x8, 0x92, 0x0, 0x0, 0x2f, 0xff, 0x11,
    0xff, 0xfe, 0xba, 0xcf, 0xff, 0xc0, 0x3e, 0xff,
    0xff, 0xff, 0xff, 0xd1, 0x0, 0x6, 0xad, 0xff,
    0xfb, 0x60, 0x0, 0x0, 0x0, 0xb, 0xf0, 0x0,
    0x0, 0x0, 0x0, 0x0, 0xff, 0xb2, 0x0, 0x0,
    0x0, 0x0, 0x4, 0x8f, 0xd0, 0x0, 0x0, 0x0,
    0x12, 0x4, 0xff, 0x0, 0x0, 0x0, 0x7, 0xff,
    0xff, 0x80, 0x0, 0x0, 0x0, 0x28, 0xa8, 0x40,
    0x0, 0x0,

    /* U+0160 "Š" */
    0x0, 0x3, 0x87, 0x10, 0x0, 0x78, 0x50, 0x0,
    0x0, 0xb, 0xfe, 0x21, 0xcf, 0xd1, 0x0, 0x0,
    0x0, 0xb, 0xff, 0xff, 0xd1, 0x0, 0x0, 0x0,
    0x0, 0xc, 0xff, 0xe1, 0x0, 0x0, 0x0, 0x0,
    0x0, 0x0, 0x0, 0x0, 0x0, 0x0, 0x0, 0x0,
    0x0, 0x0, 0x0, 0x0, 0x0, 0x0, 0x0, 0x5a,
    0xde, 0xfe, 0xc8, 0x30, 0x0, 0x1, 0xcf, 0xff,
    0xff, 0xff, 0xff, 0xb0, 0x0, 0xdf, 0xff, 0xfd,
    0xde, 0xff, 0xfc, 0x0, 0x6f, 0xff, 0x70, 0x0,
    0x1, 0x6d, 0x50, 0xa, 0xff, 0x90, 0x0, 0x0,
    0x0, 0x0, 0x0, 0xbf, 0xf8, 0x0, 0x0, 0x0,
    0x0, 0x0, 0x8, 0xff, 0xf4, 0x0, 0x0, 0x0,
    0x0, 0x0, 0x2f, 0xff, 0xfd, 0x84, 0x0, 0x0,
    0x0, 0x0, 0x4e, 0xff, 0xff, 0xff, 0xc6, 0x0,
    0x0, 0x0, 0x6, 0xcf, 0xff, 0xff, 0xfe, 0x40,
    0x0, 0x0, 0x0, 0x15, 0x9e, 0xff, 0xff, 0x30,
    0x0, 0x0, 0x0, 0x0, 0x4, 0xef, 0xfa, 0x0,
    0x0, 0x0, 0x0, 0x0, 0x7, 0xff, 0xc0, 0x16,
    0x0, 0x0, 0x0, 0x0, 0x7f, 0xfb, 0x8, 0xfd,
    0x61, 0x0, 0x0, 0x5f, 0xff, 0x70, 0xef, 0xff,
    0xfe, 0xdd, 0xff, 0xff, 0xe1, 0x3, 0xdf, 0xff,
    0xff, 0xff, 0xff, 0xd2, 0x0, 0x0, 0x38, 0xce,
    0xff, 0xda, 0x50, 0x0,

    /* U+0161 "š" */
    0x1, 0x78, 0x30, 0x0, 0x58, 0x60, 0x0, 0x7,
    0xff, 0x50, 0x9f, 0xf3, 0x0, 0x0, 0x8, 0xff,
    0xff, 0xf4, 0x0, 0x0, 0x0, 0x8, 0xff, 0xf4,
    0x0, 0x0, 0x0, 0x0, 0x0, 0x0, 0x0, 0x0,
    0x0, 0x0, 0x0, 0x0, 0x0, 0x0, 0x0, 0x0,
    0x5, 0xbe, 0xff, 0xda, 0x60, 0x0, 0xc, 0xff,
    0xff, 0xff, 0xff, 0x90, 0x9, 0xff, 0xfc, 0xab,
    0xdf, 0xf2, 0x0, 0xff, 0xf4, 0x0, 0x0, 0x16,
    0x0, 0xf, 0xff, 0x10, 0x0, 0x0, 0x0, 0x0,
    0xdf, 0xfd, 0x74, 0x10, 0x0, 0x0, 0x5, 0xff,
    0xff, 0xff, 0xe9, 0x30, 0x0, 0x3, 0xaf, 0xff,
    0xff, 0xff, 0x60, 0x0, 0x0, 0x2, 0x58, 0xdf,
    0xff, 0x0, 0x0, 0x0, 0x0, 0x0, 0xef, 0xf2,
    0x8, 0x92, 0x0, 0x0, 0x2f, 0xff, 0x11, 0xff,
    0xfe, 0xba, 0xcf, 0xff, 0xc0, 0x3e, 0xff, 0xff,
    0xff, 0xff, 0xd1, 0x0, 0x6, 0xad, 0xff, 0xeb,
    0x60, 0x0,

    /* U+0162 "Ţ" */
    0xef, 0xff, 0xff, 0xff, 0xff, 0xff, 0xff, 0xfe,
    0xff, 0xff, 0xff, 0xff, 0xff, 0xff, 0xff, 0xcd,
    0xdd, 0xdd, 0xff, 0xfd, 0xdd, 0xdd, 0xc0, 0x0,
    0x0, 0x1f, 0xff, 0x20, 0x0, 0x0, 0x0, 0x0,
    0x1, 0xff, 0xf2, 0x0, 0x0, 0x0, 0x0, 0x0,
    0x1f, 0xff, 0x20, 0x0, 0x0, 0x0, 0x0, 0x1,
    0xff, 0xf2, 0x0, 0x0, 0x0, 0x0, 0x0, 0x1f,
    0xff, 0x20, 0x0, 0x0, 0x0, 0x0, 0x1, 0xff,
    0xf2, 0x0, 0x0, 0x0, 0x0, 0x0, 0x1f, 0xff,
    0x20, 0x0, 0x0, 0x0, 0x0, 0x1, 0xff, 0xf2,
    0x0, 0x0, 0x0, 0x0, 0x0, 0x1f, 0xff, 0x20,
    0x0, 0x0, 0x0, 0x0, 0x1, 0xff, 0xf2, 0x0,
    0x0, 0x0, 0x0, 0x0, 0x1f, 0xff, 0x20, 0x0,
    0x0, 0x0, 0x0, 0x1, 0xff, 0xf2, 0x0, 0x0,
    0x0, 0x0, 0x0, 0x1f, 0xff, 0x20, 0x0, 0x0,
    0x0, 0x0, 0x1, 0xff, 0xf2, 0x0, 0x0, 0x0,
    0x0, 0x0, 0x1f, 0xff, 0x20, 0x0, 0x0, 0x0,
    0x0, 0x0, 0x8f, 0x30, 0x0, 0x0, 0x0, 0x0,
    0x0, 0xc, 0xf9, 0x10, 0x0, 0x0, 0x0, 0x0,
    0x0, 0x7a, 0xfe, 0x0, 0x0, 0x0, 0x0, 0x0,
    0x0, 0xf, 0xf2, 0x0, 0x0, 0x0, 0x0, 0x2e,
    0xbc, 0xfe, 0x0, 0x0, 0x0, 0x0, 0x3, 0xdf,
    0xeb, 0x20, 0x0, 0x0,

    /* U+0163 "ţ" */
    0x0, 0x8f, 0xf9, 0x0, 0x0, 0x0, 0x8, 0xff,
    0x90, 0x0, 0x0, 0x0, 0x8f, 0xf9, 0x0, 0x0,
    0xb, 0xff, 0xff, 0xff, 0xff, 0x20, 0xbf, 0xff,
    0xff, 0xff, 0xf2, 0x6, 0x9f, 0xff, 0xf9, 0x99,
    0x10, 0x0, 0x8f, 0xf9, 0x0, 0x0, 0x0, 0x8,
    0xff, 0x90, 0x0, 0x0, 0x0, 0x8f, 0xf9, 0x0,
    0x0, 0x0, 0x8, 0xff, 0x90, 0x0, 0x0, 0x0,
    0x8f, 0xf9, 0x0, 0x0, 0x0, 0x8, 0xff, 0x90,
    0x0, 0x0, 0x0, 0x8f, 0xfa, 0x0, 0x0, 0x0,
    0x6, 0xff, 0xe0, 0x0, 0x0, 0x0, 0x2f, 0xff,
    0xeb, 0xe7, 0x0, 0x0, 0x9f, 0xff, 0xff, 0xd0,
    0x0, 0x0, 0x6f, 0xff, 0xc6, 0x0, 0x0, 0x0,
    0xaf, 0x10, 0x0, 0x0, 0x0, 0xe, 0xfc, 0x30,
    0x0, 0x0, 0x0, 0x47, 0xfe, 0x0, 0x0, 0x0,
    0x30, 0x3f, 0xf0, 0x0, 0x0, 0x5f, 0xff, 0xf9,
    0x0, 0x0, 0x2, 0x79, 0x95, 0x0, 0x0,

    /* U+0164 "Ť" */
    0x0, 0xb, 0xfc, 0x10, 0x1c, 0xfc, 0x0, 0x0,
    0x0, 0xc, 0xfd, 0x4d, 0xfc, 0x0, 0x0, 0x0,
    0x0, 0xc, 0xff, 0xfd, 0x10, 0x0, 0x0, 0x0,
    0x0, 0x17, 0x87, 0x10, 0x0, 0x0, 0x0, 0x0,
    0x0, 0x0, 0x0, 0x0, 0x0, 0xe, 0xff, 0xff,
    0xff, 0xff, 0xff, 0xff, 0xff, 0xef, 0xff, 0xff,
    0xff, 0xff, 0xff, 0xff, 0xfc, 0xdd, 0xdd, 0xdf,
    0xff, 0xdd, 0xdd, 0xdc, 0x0, 0x0, 0x1, 0xff,
    0xf2, 0x0, 0x0, 0x0, 0x0, 0x0, 0x1f, 0xff,
    0x20, 0x0, 0x0, 0x0, 0x0, 0x1, 0xff, 0xf2,
    0x0, 0x0, 0x0, 0x0, 0x0, 0x1f, 0xff, 0x20,
    0x0, 0x0, 0x0, 0x0, 0x1, 0xff, 0xf2, 0x0,
    0x0, 0x0, 0x0, 0x0, 0x1f, 0xff, 0x20, 0x0,
    0x0, 0x0, 0x0, 0x1, 0xff, 0xf2, 0x0, 0x0,
    0x0, 0x0, 0x0, 0x1f, 0xff, 0x20, 0x0, 0x0,
    0x0, 0x0, 0x1, 0xff, 0xf2, 0x0, 0x0, 0x0,
    0x0, 0x0, 0x1f, 0xff, 0x20, 0x0, 0x0, 0x0,
    0x0, 0x1, 0xff, 0xf2, 0x0, 0x0, 0x0, 0x0,
    0x0, 0x1f, 0xff, 0x20, 0x0, 0x0, 0x0, 0x0,
    0x1, 0xff, 0xf2, 0x0, 0x0, 0x0, 0x0, 0x0,
    0x1f, 0xff, 0x20, 0x0, 0x0, 0x0, 0x0, 0x1,
    0xff, 0xf2, 0x0, 0x0, 0x0,

    /* U+0165 "ť" */
    0x0, 0x0, 0x0, 0x8, 0xfc, 0x0, 0x0, 0x0,
    0x0, 0x8f, 0xb0, 0x0, 0x0, 0x0, 0x8, 0xfa,
    0x0, 0x8, 0xff, 0x90, 0x8f, 0x90, 0x0, 0x8f,
    0xf9, 0x4, 0x94, 0x0, 0x8, 0xff, 0x90, 0x0,
    0x0, 0xbf, 0xff, 0xff, 0xff, 0xf2, 0xb, 0xff,
    0xff, 0xff, 0xff, 0x20, 0x69, 0xff, 0xff, 0x99,
    0x91, 0x0, 0x8, 0xff, 0x90, 0x0, 0x0, 0x0,
    0x8f, 0xf9, 0x0, 0x0, 0x0, 0x8, 0xff, 0x90,
    0x0, 0x0, 0x0, 0x8f, 0xf9, 0x0, 0x0, 0x0,
    0x8, 0xff, 0x90, 0x0, 0x0, 0x0, 0x8f, 0xf9,
    0x0, 0x0, 0x0, 0x8, 0xff, 0xa0, 0x0, 0x0,
    0x0, 0x6f, 0xfe, 0x0, 0x0, 0x0, 0x2, 0xff,
    0xfe, 0xbe, 0x70, 0x0, 0x9, 0xff, 0xff, 0xfd,
    0x0, 0x0, 0x6, 0xcf, 0xfc, 0x60,

    /* U+0166 "Ŧ" */
    0xef, 0xff, 0xff, 0xff, 0xff, 0xff, 0xff, 0xfe,
    0xff, 0xff, 0xff, 0xff, 0xff, 0xff, 0xff, 0xcd,
    0xdd, 0xdd, 0xff, 0xfd, 0xdd, 0xdd, 0xc0, 0x0,
    0x0, 0x1f, 0xff, 0x20, 0x0, 0x0, 0x0, 0x0,
    0x1, 0xff, 0xf2, 0x0, 0x0, 0x0, 0x0, 0x0,
    0x1f, 0xff, 0x20, 0x0, 0x0, 0x0, 0x0, 0x1,
    0xff, 0xf2, 0x0, 0x0, 0x0, 0x5, 0x77, 0x9f,
    0xff, 0xa7, 0x75, 0x0, 0x0, 0xbf, 0xff, 0xff,
    0xff, 0xff, 0xc0, 0x0, 0xb, 0xff, 0xff, 0xff,
    0xff, 0xfc, 0x0, 0x0, 0x0, 0x1, 0xff, 0xf2,
    0x0, 0x0, 0x0, 0x0, 0x0, 0x1f, 0xff, 0x20,
    0x0, 0x0, 0x0, 0x0, 0x1, 0xff, 0xf2, 0x0,
    0x0, 0x0, 0x0, 0x0, 0x1f, 0xff, 0x20, 0x0,
    0x0, 0x0, 0x0, 0x1, 0xff, 0xf2, 0x0, 0x0,
    0x0, 0x0, 0x0, 0x1f, 0xff, 0x20, 0x0, 0x0,
    0x0, 0x0, 0x1, 0xff, 0xf2, 0x0, 0x0, 0x0,
    0x0, 0x0, 0x1f, 0xff, 0x20, 0x0, 0x0,

    /* U+0167 "ŧ" */
    0x0, 0x7f, 0xfa, 0x0, 0x0, 0x0, 0x7, 0xff,
    0xa0, 0x0, 0x0, 0x0, 0x7f, 0xfa, 0x0, 0x0,
    0xa, 0xff, 0xff, 0xff, 0xff, 0x40, 0xaf, 0xff,
    0xff, 0xff, 0xf4, 0x6, 0x9f, 0xff, 0xf9, 0x99,
    0x20, 0x0, 0x7f, 0xfa, 0x0, 0x0, 0x0, 0x7,
    0xff, 0xa0, 0x0, 0x0, 0x1, 0x8f, 0xfc, 0x11,
    0x0, 0xa, 0xff, 0xff, 0xff, 0xf3, 0x0, 0xaf,
    0xff, 0xff, 0xff, 0x30, 0x0, 0x7, 0xff, 0xa0,
    0x0, 0x0, 0x0, 0x7f, 0xfb, 0x0, 0x0, 0x0,
    0x5, 0xff, 0xe1, 0x0, 0x0, 0x0, 0x1f, 0xff,
    0xeb, 0xd8, 0x0, 0x0, 0x8f, 0xff, 0xff, 0xe0,
    0x0, 0x0, 0x5c, 0xff, 0xc6, 0x0,

    /* U+0168 "Ũ" */
    0x0, 0x0, 0x7e, 0xe6, 0x0, 0x2f, 0x90, 0x0,
    0x0, 0x4, 0xff, 0xff, 0xa1, 0x9f, 0x70, 0x0,
    0x0, 0xb, 0xf6, 0x2c, 0xff, 0xff, 0x10, 0x0,
    0x0, 0xd, 0xf0, 0x0, 0x9f, 0xe5, 0x0, 0x0,
    0x0, 0x0, 0x0, 0x0, 0x0, 0x0, 0x0, 0x0,
    0x0, 0x0, 0x0, 0x0, 0x0, 0x0, 0x0, 0x0,
    0xcf, 0xf7, 0x0, 0x0, 0x0, 0x0, 0xaf, 0xf8,
    0xcf, 0xf7, 0x0, 0x0, 0x0, 0x0, 0xaf, 0xf8,
    0xcf, 0xf7, 0x0, 0x0, 0x0, 0x0, 0xaf, 0xf8,
    0xcf, 0xf7, 0x0, 0x0, 0x0, 0x0, 0xaf, 0xf8,
    0xcf, 0xf7, 0x0, 0x0, 0x0, 0x0, 0xaf, 0xf8,
    0xcf, 0xf7, 0x0, 0x0, 0x0, 0x0, 0xaf, 0xf8,
    0xcf, 0xf7, 0x0, 0x0, 0x0, 0x0, 0xaf, 0xf8,
    0xcf, 0xf7, 0x0, 0x0, 0x0, 0x0, 0xaf, 0xf8,
    0xcf, 0xf7, 0x0, 0x0, 0x0, 0x0, 0xaf, 0xf8,
    0xcf, 0xf7, 0x0, 0x0, 0x0, 0x0, 0xaf, 0xf8,
    0xcf, 0xf7, 0x0, 0x0, 0x0, 0x0, 0xbf, 0xf7,
    0xbf, 0xf9, 0x0, 0x0, 0x0, 0x0, 0xdf, 0xf6,
    0x8f, 0xfd, 0x0, 0x0, 0x0, 0x1, 0xff, 0xf3,
    0x3f, 0xff, 0x60, 0x0, 0x0, 0xa, 0xff, 0xe0,
    0xc, 0xff, 0xf8, 0x20, 0x3, 0xaf, 0xff, 0x80,
    0x2, 0xff, 0xff, 0xff, 0xff, 0xff, 0xfc, 0x0,
    0x0, 0x3e, 0xff, 0xff, 0xff, 0xff, 0xb1, 0x0,
    0x0, 0x0, 0x6b, 0xef, 0xfd, 0xa4, 0x0, 0x0,

    /* U+0169 "ũ" */
    0x0, 0x0, 0x9d, 0xb1, 0x0, 0xbc, 0x0, 0x0,
    0x7, 0xff, 0xfe, 0x22, 0xfc, 0x0, 0x0, 0xd,
    0xf2, 0x4f, 0xff, 0xf5, 0x0, 0x0, 0xf, 0xb0,
    0x3, 0xdf, 0x90, 0x0, 0x0, 0x0, 0x0, 0x0,
    0x0, 0x0, 0x0, 0x0, 0x0, 0x0, 0x0, 0x0,
    0x0, 0x0, 0xf, 0xff, 0x10, 0x0, 0x0, 0x2f,
    0xff, 0xf, 0xff, 0x10, 0x0, 0x0, 0x2f, 0xff,
    0xf, 0xff, 0x10, 0x0, 0x0, 0x2f, 0xff, 0xf,
    0xff, 0x10, 0x0, 0x0, 0x2f, 0xff, 0xf, 0xff,
    0x10, 0x0, 0x0, 0x2f, 0xff, 0xf, 0xff, 0x10,
    0x0, 0x0, 0x2f, 0xff, 0xf, 0xff, 0x10, 0x0,
    0x0, 0x2f, 0xff, 0xf, 0xff, 0x10, 0x0, 0x0,
    0x3f, 0xff, 0xf, 0xff, 0x30, 0x0, 0x0, 0x5f,
    0xff, 0xe, 0xff, 0x80, 0x0, 0x0, 0xcf, 0xff,
    0x9, 0xff, 0xf5, 0x0, 0x1a, 0xff, 0xff, 0x3,
    0xff, 0xff, 0xfe, 0xff, 0xff, 0xff, 0x0, 0x6f,
    0xff, 0xff, 0xff, 0x8f, 0xff, 0x0, 0x3, 0xae,
    0xfe, 0xb4, 0xf, 0xff,

    /* U+016A "Ū" */
    0x0, 0x6, 0xff, 0xff, 0xff, 0xff, 0x30, 0x0,
    0x0, 0x6, 0xff, 0xff, 0xff, 0xff, 0x30, 0x0,
    0x0, 0x0, 0x0, 0x0, 0x0, 0x0, 0x0, 0x0,
    0x0, 0x0, 0x0, 0x0, 0x0, 0x0, 0x0, 0x0,
    0x0, 0x0, 0x0, 0x0, 0x0, 0x0, 0x0, 0x0,
    0xcf, 0xf7, 0x0, 0x0, 0x0, 0x0, 0xaf, 0xf8,
    0xcf, 0xf7, 0x0, 0x0, 0x0, 0x0, 0xaf, 0xf8,
    0xcf, 0xf7, 0x0, 0x0, 0x0, 0x0, 0xaf, 0xf8,
    0xcf, 0xf7, 0x0, 0x0, 0x0, 0x0, 0xaf, 0xf8,
    0xcf, 0xf7, 0x0, 0x0, 0x0, 0x0, 0xaf, 0xf8,
    0xcf, 0xf7, 0x0, 0x0, 0x0, 0x0, 0xaf, 0xf8,
    0xcf, 0xf7, 0x0, 0x0, 0x0, 0x0, 0xaf, 0xf8,
    0xcf, 0xf7, 0x0, 0x0, 0x0, 0x0, 0xaf, 0xf8,
    0xcf, 0xf7, 0x0, 0x0, 0x0, 0x0, 0xaf, 0xf8,
    0xcf, 0xf7, 0x0, 0x0, 0x0, 0x0, 0xaf, 0xf8,
    0xcf, 0xf7, 0x0, 0x0, 0x0, 0x0, 0xbf, 0xf7,
    0xbf, 0xf9, 0x0, 0x0, 0x0, 0x0, 0xdf, 0xf6,
    0x8f, 0xfd, 0x0, 0x0, 0x0, 0x1, 0xff, 0xf3,
    0x3f, 0xff, 0x60, 0x0, 0x0, 0xa, 0xff, 0xe0,
    0xc, 0xff, 0xf8, 0x20, 0x3, 0xaf, 0xff, 0x80,
    0x2, 0xff, 0xff, 0xff, 0xff, 0xff, 0xfc, 0x0,
    0x0, 0x3e, 0xff, 0xff, 0xff, 0xff, 0xb1, 0x0,
    0x0, 0x0, 0x6b, 0xef, 0xfd, 0xa4, 0x0, 0x0,

    /* U+016B "ū" */
    0x0, 0xe, 0xff, 0xff, 0xff, 0xfc, 0x0, 0x0,
    0xd, 0xff, 0xff, 0xff, 0xfb, 0x0, 0x0, 0x0,
    0x0, 0x0, 0x0, 0x0, 0x0, 0x0, 0x0, 0x0,
    0x0, 0x0, 0x0, 0x0, 0xf, 0xff, 0x10, 0x0,
    0x0, 0x2f, 0xff, 0xf, 0xff, 0x10, 0x0, 0x0,
    0x2f, 0xff, 0xf, 0xff, 0x10, 0x0, 0x0, 0x2f,
    0xff, 0xf, 0xff, 0x10, 0x0, 0x0, 0x2f, 0xff,
    0xf, 0xff, 0x10, 0x0, 0x0, 0x2f, 0xff, 0xf,
    0xff, 0x10, 0x0, 0x0, 0x2f, 0xff, 0xf, 0xff,
    0x10, 0x0, 0x0, 0x2f, 0xff, 0xf, 0xff, 0x10,
    0x0, 0x0, 0x3f, 0xff, 0xf, 0xff, 0x30, 0x0,
    0x0, 0x5f, 0xff, 0xe, 0xff, 0x80, 0x0, 0x0,
    0xcf, 0xff, 0x9, 0xff, 0xf5, 0x0, 0x1a, 0xff,
    0xff, 0x3, 0xff, 0xff, 0xfe, 0xff, 0xff, 0xff,
    0x0, 0x6f, 0xff, 0xff, 0xff, 0x8f, 0xff, 0x0,
    0x3, 0xae, 0xfe, 0xb4, 0xf, 0xff,

    /* U+016C "Ŭ" */
    0x0, 0x3, 0x85, 0x0, 0x0, 0x78, 0x10, 0x0,
    0x0, 0x3, 0xff, 0x30, 0x5, 0xff, 0x0, 0x0,
    0x0, 0x0, 0xaf, 0xfd, 0xef, 0xf7, 0x0, 0x0,
    0x0, 0x0, 0x6, 0xcf, 0xeb, 0x40, 0x0, 0x0,
    0x0, 0x0, 0x0, 0x0, 0x0, 0x0, 0x0, 0x0,
    0x0, 0x0, 0x0, 0x0, 0x0, 0x0, 0x0, 0x0,
    0xcf, 0xf7, 0x0, 0x0, 0x0, 0x0, 0xaf, 0xf8,
    0xcf, 0xf7, 0x0, 0x0, 0x0, 0x0, 0xaf, 0xf8,
    0xcf, 0xf7, 0x0, 0x0, 0x0, 0x0, 0xaf, 0xf8,
    0xcf, 0xf7, 0x0, 0x0, 0x0, 0x0, 0xaf, 0xf8,
    0xcf, 0xf7, 0x0, 0x0, 0x0, 0x0, 0xaf, 0xf8,
    0xcf, 0xf7, 0x0, 0x0, 0x0, 0x0, 0xaf, 0xf8,
    0xcf, 0xf7, 0x0, 0x0, 0x0, 0x0, 0xaf, 0xf8,
    0xcf, 0xf7, 0x0, 0x0, 0x0, 0x0, 0xaf, 0xf8,
    0xcf, 0xf7, 0x0, 0x0, 0x0, 0x0, 0xaf, 0xf8,
    0xcf, 0xf7, 0x0, 0x0, 0x0, 0x0, 0xaf, 0xf8,
    0xcf, 0xf7, 0x0, 0x0, 0x0, 0x0, 0xbf, 0xf7,
    0xbf, 0xf9, 0x0, 0x0, 0x0, 0x0, 0xdf, 0xf6,
    0x8f, 0xfd, 0x0, 0x0, 0x0, 0x1, 0xff, 0xf3,
    0x3f, 0xff, 0x60, 0x0, 0x0, 0xa, 0xff, 0xe0,
    0xc, 0xff, 0xf8, 0x20, 0x3, 0xaf, 0xff, 0x80,
    0x2, 0xff, 0xff, 0xff, 0xff, 0xff, 0xfc, 0x0,
    0x0, 0x3e, 0xff, 0xff, 0xff, 0xff, 0xb1, 0x0,
    0x0, 0x0, 0x6b, 0xef, 0xfd, 0xa4, 0x0, 0x0,

    /* U+016D "ŭ" */
    0x0, 0x6, 0x81, 0x0, 0x2, 0x85, 0x0, 0x0,
    0xa, 0xfa, 0x0, 0xb, 0xf9, 0x0, 0x0, 0x2,
    0xff, 0xed, 0xff, 0xe1, 0x0, 0x0, 0x0, 0x29,
    0xdf, 0xd9, 0x10, 0x0, 0x0, 0x0, 0x0, 0x0,
    0x0, 0x0, 0x0, 0x0, 0x0, 0x0, 0x0, 0x0,
    0x0, 0x0, 0xf, 0xff, 0x10, 0x0, 0x0, 0x2f,
    0xff, 0xf, 0xff, 0x10, 0x0, 0x0, 0x2f, 0xff,
    0xf, 0xff, 0x10, 0x0, 0x0, 0x2f, 0xff, 0xf,
    0xff, 0x10, 0x0, 0x0, 0x2f, 0xff, 0xf, 0xff,
    0x10, 0x0, 0x0, 0x2f, 0xff, 0xf, 0xff, 0x10,
    0x0, 0x0, 0x2f, 0xff, 0xf, 0xff, 0x10, 0x0,
    0x0, 0x2f, 0xff, 0xf, 0xff, 0x10, 0x0, 0x0,
    0x3f, 0xff, 0xf, 0xff, 0x30, 0x0, 0x0, 0x5f,
    0xff, 0xe, 0xff, 0x80, 0x0, 0x0, 0xcf, 0xff,
    0x9, 0xff, 0xf5, 0x0, 0x1a, 0xff, 0xff, 0x3,
    0xff, 0xff, 0xfe, 0xff, 0xff, 0xff, 0x0, 0x6f,
    0xff, 0xff, 0xff, 0x8f, 0xff, 0x0, 0x3, 0xae,
    0xfe, 0xb4, 0xf, 0xff,

    /* U+016E "Ů" */
    0x0, 0x0, 0x0, 0x0, 0x0, 0x0, 0x0, 0x0,
    0x0, 0x0, 0x0, 0xbf, 0xf9, 0x0, 0x0, 0x0,
    0x0, 0x0, 0xb, 0xd5, 0x6f, 0x80, 0x0, 0x0,
    0x0, 0x0, 0xf, 0x50, 0x9, 0xc0, 0x0, 0x0,
    0x0, 0x0, 0xd, 0xb2, 0x3d, 0x90, 0x0, 0x0,
    0x0, 0x0, 0x3, 0xef, 0xfc, 0x10, 0x0, 0x0,
    0x0, 0x0, 0x0, 0x3, 0x20, 0x0, 0x0, 0x0,
    0x0, 0x0, 0x0, 0x0, 0x0, 0x0, 0x0, 0x0,
    0xcf, 0xf7, 0x0, 0x0, 0x0, 0x0, 0xaf, 0xf8,
    0xcf, 0xf7, 0x0, 0x0, 0x0, 0x0, 0xaf, 0xf8,
    0xcf, 0xf7, 0x0, 0x0, 0x0, 0x0, 0xaf, 0xf8,
    0xcf, 0xf7, 0x0, 0x0, 0x0, 0x0, 0xaf, 0xf8,
    0xcf, 0xf7, 0x0, 0x0, 0x0, 0x0, 0xaf, 0xf8,
    0xcf, 0xf7, 0x0, 0x0, 0x0, 0x0, 0xaf, 0xf8,
    0xcf, 0xf7, 0x0, 0x0, 0x0, 0x0, 0xaf, 0xf8,
    0xcf, 0xf7, 0x0, 0x0, 0x0, 0x0, 0xaf, 0xf8,
    0xcf, 0xf7, 0x0, 0x0, 0x0, 0x0, 0xaf, 0xf8,
    0xcf, 0xf7, 0x0, 0x0, 0x0, 0x0, 0xaf, 0xf8,
    0xcf, 0xf7, 0x0, 0x0, 0x0, 0x0, 0xbf, 0xf7,
    0xbf, 0xf9, 0x0, 0x0, 0x0, 0x0, 0xdf, 0xf6,
    0x8f, 0xfd, 0x0, 0x0, 0x0, 0x1, 0xff, 0xf3,
    0x3f, 0xff, 0x60, 0x0, 0x0, 0xa, 0xff, 0xe0,
    0xc, 0xff, 0xf8, 0x20, 0x3, 0xaf, 0xff, 0x80,
    0x2, 0xff, 0xff, 0xff, 0xff, 0xff, 0xfc, 0x0,
    0x0, 0x3e, 0xff, 0xff, 0xff, 0xff, 0xb1, 0x0,
    0x0, 0x0, 0x6b, 0xef, 0xfd, 0xa4, 0x0, 0x0,

    /* U+016F "ů" */
    0x0, 0x0, 0x0, 0x0, 0x0, 0x0, 0x0, 0x0,
    0x0, 0x5, 0xef, 0xd4, 0x0, 0x0, 0x0, 0x0,
    0x2f, 0x94, 0xaf, 0x10, 0x0, 0x0, 0x0, 0x6e,
    0x0, 0xf, 0x40, 0x0, 0x0, 0x0, 0x4f, 0x51,
    0x7f, 0x20, 0x0, 0x0, 0x0, 0x8, 0xff, 0xf7,
    0x0, 0x0, 0x0, 0x0, 0x0, 0x13, 0x10, 0x0,
    0x0, 0x0, 0x0, 0x0, 0x0, 0x0, 0x0, 0x0,
    0xf, 0xff, 0x10, 0x0, 0x0, 0x2f, 0xff, 0xf,
    0xff, 0x10, 0x0, 0x0, 0x2f, 0xff, 0xf, 0xff,
    0x10, 0x0, 0x0, 0x2f, 0xff, 0xf, 0xff, 0x10,
    0x0, 0x0, 0x2f, 0xff, 0xf, 0xff, 0x10, 0x0,
    0x0, 0x2f, 0xff, 0xf, 0xff, 0x10, 0x0, 0x0,
    0x2f, 0xff, 0xf, 0xff, 0x10, 0x0, 0x0, 0x2f,
    0xff, 0xf, 0xff, 0x10, 0x0, 0x0, 0x3f, 0xff,
    0xf, 0xff, 0x30, 0x0, 0x0, 0x5f, 0xff, 0xe,
    0xff, 0x80, 0x0, 0x0, 0xcf, 0xff, 0x9, 0xff,
    0xf5, 0x0, 0x1a, 0xff, 0xff, 0x3, 0xff, 0xff,
    0xfe, 0xff, 0xff, 0xff, 0x0, 0x6f, 0xff, 0xff,
    0xff, 0x8f, 0xff, 0x0, 0x3, 0xae, 0xfe, 0xb4,
    0xf, 0xff,

    /* U+0170 "Ű" */
    0x0, 0x0, 0x0, 0x78, 0x82, 0x18, 0x88, 0x0,
    0x0, 0x0, 0x4, 0xff, 0xa0, 0x8f, 0xf5, 0x0,
    0x0, 0x0, 0xc, 0xfd, 0x2, 0xff, 0x90, 0x0,
    0x0, 0x0, 0x6f, 0xf3, 0xb, 0xfd, 0x0, 0x0,
    0x0, 0x0, 0x0, 0x0, 0x0, 0x0, 0x0, 0x0,
    0x0, 0x0, 0x0, 0x0, 0x0, 0x0, 0x0, 0x0,
    0xcf, 0xf7, 0x0, 0x0, 0x0, 0x0, 0xaf, 0xf8,
    0xcf, 0xf7, 0x0, 0x0, 0x0, 0x0, 0xaf, 0xf8,
    0xcf, 0xf7, 0x0, 0x0, 0x0, 0x0, 0xaf, 0xf8,
    0xcf, 0xf7, 0x0, 0x0, 0x0, 0x0, 0xaf, 0xf8,
    0xcf, 0xf7, 0x0, 0x0, 0x0, 0x0, 0xaf, 0xf8,
    0xcf, 0xf7, 0x0, 0x0, 0x0, 0x0, 0xaf, 0xf8,
    0xcf, 0xf7, 0x0, 0x0, 0x0, 0x0, 0xaf, 0xf8,
    0xcf, 0xf7, 0x0, 0x0, 0x0, 0x0, 0xaf, 0xf8,
    0xcf, 0xf7, 0x0, 0x0, 0x0, 0x0, 0xaf, 0xf8,
    0xcf, 0xf7, 0x0, 0x0, 0x0, 0x0, 0xaf, 0xf8,
    0xcf, 0xf7, 0x0, 0x0, 0x0, 0x0, 0xbf, 0xf7,
    0xbf, 0xf9, 0x0, 0x0, 0x0, 0x0, 0xdf, 0xf6,
    0x8f, 0xfd, 0x0, 0x0, 0x0, 0x1, 0xff, 0xf3,
    0x3f, 0xff, 0x60, 0x0, 0x0, 0xa, 0xff, 0xe0,
    0xc, 0xff, 0xf8, 0x20, 0x3, 0xaf, 0xff, 0x80,
    0x2, 0xff, 0xff, 0xff, 0xff, 0xff, 0xfc, 0x0,
    0x0, 0x3e, 0xff, 0xff, 0xff, 0xff, 0xb1, 0x0,
    0x0, 0x0, 0x6b, 0xef, 0xfd, 0xa4, 0x0, 0x0,

    /* U+0171 "ű" */
    0x0, 0x0, 0x2, 0x88, 0x70, 0x58, 0x84, 0x0,
    0x0, 0xb, 0xff, 0x31, 0xef, 0xd0, 0x0, 0x0,
    0x4f, 0xf7, 0x9, 0xff, 0x30, 0x0, 0x0, 0xdf,
    0xb0, 0x2f, 0xf6, 0x0, 0x0, 0x0, 0x0, 0x0,
    0x0, 0x0, 0x0, 0x0, 0x0, 0x0, 0x0, 0x0,
    0x0, 0x0, 0xf, 0xff, 0x10, 0x0, 0x0, 0x2f,
    0xff, 0xf, 0xff, 0x10, 0x0, 0x0, 0x2f, 0xff,
    0xf, 0xff, 0x10, 0x0, 0x0, 0x2f, 0xff, 0xf,
    0xff, 0x10, 0x0, 0x0, 0x2f, 0xff, 0xf, 0xff,
    0x10, 0x0, 0x0, 0x2f, 0xff, 0xf, 0xff, 0x10,
    0x0, 0x0, 0x2f, 0xff, 0xf, 0xff, 0x10, 0x0,
    0x0, 0x2f, 0xff, 0xf, 0xff, 0x10, 0x0, 0x0,
    0x3f, 0xff, 0xf, 0xff, 0x30, 0x0, 0x0, 0x5f,
    0xff, 0xe, 0xff, 0x80, 0x0, 0x0, 0xcf, 0xff,
    0x9, 0xff, 0xf5, 0x0, 0x1a, 0xff, 0xff, 0x3,
    0xff, 0xff, 0xfe, 0xff, 0xff, 0xff, 0x0, 0x6f,
    0xff, 0xff, 0xff, 0x8f, 0xff, 0x0, 0x3, 0xae,
    0xfe, 0xb4, 0xf, 0xff,

    /* U+0172 "Ų" */
    0xcf, 0xf7, 0x0, 0x0, 0x0, 0x0, 0xaf, 0xf8,
    0xcf, 0xf7, 0x0, 0x0, 0x0, 0x0, 0xaf, 0xf8,
    0xcf, 0xf7, 0x0, 0x0, 0x0, 0x0, 0xaf, 0xf8,
    0xcf, 0xf7, 0x0, 0x0, 0x0, 0x0, 0xaf, 0xf8,
    0xcf, 0xf7, 0x0, 0x0, 0x0, 0x0, 0xaf, 0xf8,
    0xcf, 0xf7, 0x0, 0x0, 0x0, 0x0, 0xaf, 0xf8,
    0xcf, 0xf7, 0x0, 0x0, 0x0, 0x0, 0xaf, 0xf8,
    0xcf, 0xf7, 0x0, 0x0, 0x0, 0x0, 0xaf, 0xf8,
    0xcf, 0xf7, 0x0, 0x0, 0x0, 0x0, 0xaf, 0xf8,
    0xcf, 0xf7, 0x0, 0x0, 0x0, 0x0, 0xaf, 0xf8,
    0xcf, 0xf7, 0x0, 0x0, 0x0, 0x0, 0xbf, 0xf8,
    0xbf, 0xf9, 0x0, 0x0, 0x0, 0x0, 0xdf, 0xf7,
    0x8f, 0xfd, 0x0, 0x0, 0x0, 0x1, 0xff, 0xf4,
    0x3f, 0xff, 0x60, 0x0, 0x0, 0xa, 0xff, 0xf0,
    0xc, 0xff, 0xf8, 0x20, 0x3, 0xaf, 0xff, 0x90,
    0x2, 0xff, 0xff, 0xff, 0xff, 0xff, 0xfe, 0x10,
    0x0, 0x3e, 0xff, 0xff, 0xff, 0xff, 0xd2, 0x0,
    0x0, 0x0, 0x6b, 0xef, 0xff, 0xe7, 0x0, 0x0,
    0x0, 0x0, 0x0, 0xaf, 0xe5, 0x0, 0x0, 0x0,
    0x0, 0x0, 0x5, 0xfd, 0x10, 0x0, 0x0, 0x0,
    0x0, 0x0, 0xa, 0xf7, 0x0, 0x0, 0x0, 0x0,
    0x0, 0x0, 0x9, 0xfb, 0x11, 0x20, 0x0, 0x0,
    0x0, 0x0, 0x3, 0xff, 0xff, 0xb0, 0x0, 0x0,
    0x0, 0x0, 0x0, 0x39, 0xba, 0x50, 0x0, 0x0,

    /* U+0173 "ų" */
    0xf, 0xff, 0x10, 0x0, 0x0, 0x2f, 0xff, 0x0,
    0xff, 0xf1, 0x0, 0x0, 0x2, 0xff, 0xf0, 0xf,
    0xff, 0x10, 0x0, 0x0, 0x2f, 0xff, 0x0, 0xff,
    0xf1, 0x0, 0x0, 0x2, 0xff, 0xf0, 0xf, 0xff,
    0x10, 0x0, 0x0, 0x2f, 0xff, 0x0, 0xff, 0xf1,
    0x0, 0x0, 0x2, 0xff, 0xf0, 0xf, 0xff, 0x10,
    0x0, 0x0, 0x2f, 0xff, 0x0, 0xff, 0xf1, 0x0,
    0x0, 0x3, 0xff, 0xf0, 0xf, 0xff, 0x30, 0x0,
    0x0, 0x5f, 0xff, 0x0, 0xef, 0xf8, 0x0, 0x0,
    0xc, 0xff, 0xf0, 0x9, 0xff, 0xf5, 0x0, 0x1a,
    0xff, 0xff, 0x0, 0x3f, 0xff, 0xff, 0xef, 0xff,
    0xff, 0xf0, 0x0, 0x6f, 0xff, 0xff, 0xff, 0x8f,
    0xff, 0x0, 0x0, 0x3a, 0xef, 0xeb, 0x40, 0xff,
    0xf0, 0x0, 0x0, 0x0, 0x0, 0x1, 0xdf, 0xa1,
    0x0, 0x0, 0x0, 0x0, 0x0, 0xaf, 0x80, 0x0,
    0x0, 0x0, 0x0, 0x0, 0xf, 0xf1, 0x0, 0x0,
    0x0, 0x0, 0x0, 0x0, 0xff, 0x60, 0x30, 0x0,
    0x0, 0x0, 0x0, 0x8, 0xff, 0xff, 0x50, 0x0,
    0x0, 0x0, 0x0, 0x6, 0xab, 0x92,

    /* U+0174 "Ŵ" */
    0x0, 0x0, 0x0, 0x0, 0x0, 0x0, 0x9f, 0xff,
    0x40, 0x0, 0x0, 0x0, 0x0, 0x0, 0x0, 0x0,
    0x0, 0x0, 0x0, 0x8, 0xff, 0xff, 0xf3, 0x0,
    0x0, 0x0, 0x0, 0x0, 0x0, 0x0, 0x0, 0x0,
    0x0, 0x7f, 0xf4, 0x9, 0xff, 0x30, 0x0, 0x0,
    0x0, 0x0, 0x0, 0x0, 0x0, 0x0, 0x1, 0x78,
    0x30, 0x0, 0x68, 0x60, 0x0, 0x0, 0x0, 0x0,
    0x0, 0x0, 0x0, 0x0, 0x0, 0x0, 0x0, 0x0,
    0x0, 0x0, 0x0, 0x0, 0x0, 0x0, 0x2f, 0xff,
    0x30, 0x0, 0x0, 0x0, 0x3f, 0xff, 0x10, 0x0,
    0x0, 0x0, 0x5f, 0xfc, 0xd, 0xff, 0x80, 0x0,
    0x0, 0x0, 0x9f, 0xff, 0x60, 0x0, 0x0, 0x0,
    0xaf, 0xf7, 0x8, 0xff, 0xd0, 0x0, 0x0, 0x0,
    0xef, 0xff, 0xb0, 0x0, 0x0, 0x0, 0xff, 0xf1,
    0x3, 0xff, 0xf2, 0x0, 0x0, 0x3, 0xff, 0xff,
    0xf1, 0x0, 0x0, 0x5, 0xff, 0xc0, 0x0, 0xef,
    0xf7, 0x0, 0x0, 0x9, 0xff, 0xff, 0xf5, 0x0,
    0x0, 0xa, 0xff, 0x70, 0x0, 0x8f, 0xfc, 0x0,
    0x0, 0xe, 0xff, 0x7f, 0xfb, 0x0, 0x0, 0xf,
    0xff, 0x20, 0x0, 0x3f, 0xff, 0x10, 0x0, 0x3f,
    0xfb, 0x1f, 0xff, 0x0, 0x0, 0x4f, 0xfd, 0x0,
    0x0, 0xe, 0xff, 0x60, 0x0, 0x8f, 0xf6, 0xb,
    0xff, 0x50, 0x0, 0x9f, 0xf8, 0x0, 0x0, 0x9,
    0xff, 0xb0, 0x0, 0xef, 0xf1, 0x6, 0xff, 0xa0,
    0x0, 0xef, 0xf2, 0x0, 0x0, 0x4, 0xff, 0xf1,
    0x3, 0xff, 0xc0, 0x1, 0xff, 0xf0, 0x4, 0xff,
    0xd0, 0x0, 0x0, 0x0, 0xef, 0xf6, 0x8, 0xff,
    0x60, 0x0, 0xcf, 0xf4, 0x9, 0xff, 0x80, 0x0,
    0x0, 0x0, 0xaf, 0xfb, 0xd, 0xff, 0x10, 0x0,
    0x7f, 0xf9, 0xe, 0xff, 0x30, 0x0, 0x0, 0x0,
    0x4f, 0xff, 0x4f, 0xfc, 0x0, 0x0, 0x1f, 0xfe,
    0x4f, 0xfe, 0x0, 0x0, 0x0, 0x0, 0xf, 0xff,
    0xdf, 0xf6, 0x0, 0x0, 0xc, 0xff, 0xdf, 0xf9,
    0x0, 0x0, 0x0, 0x0, 0xa, 0xff, 0xff, 0xf1,
    0x0, 0x0, 0x7, 0xff, 0xff, 0xf4, 0x0, 0x0,
    0x0, 0x0, 0x5, 0xff, 0xff, 0xc0, 0x0, 0x0,
    0x2, 0xff, 0xff, 0xe0, 0x0, 0x0, 0x0, 0x0,
    0x0, 0xff, 0xff, 0x70, 0x0, 0x0, 0x0, 0xdf,
    0xff, 0x90, 0x0, 0x0, 0x0, 0x0, 0x0, 0xbf,
    0xff, 0x10, 0x0, 0x0, 0x0, 0x7f, 0xff, 0x40,
    0x0, 0x0,

    /* U+0175 "ŵ" */
    0x0, 0x0, 0x0, 0x0, 0x1, 0x88, 0x70, 0x0,
    0x0, 0x0, 0x0, 0x0, 0x0, 0x0, 0x0, 0x0,
    0xcf, 0xff, 0xa0, 0x0, 0x0, 0x0, 0x0, 0x0,
    0x0, 0x0, 0x0, 0xaf, 0xff, 0xff, 0x80, 0x0,
    0x0, 0x0, 0x0, 0x0, 0x0, 0x0, 0x8f, 0xf5,
    0x8, 0xff, 0x50, 0x0, 0x0, 0x0, 0x0, 0x0,
    0x0, 0x17, 0x84, 0x0, 0x5, 0x87, 0x0, 0x0,
    0x0, 0x0, 0x0, 0x0, 0x0, 0x0, 0x0, 0x0,
    0x0, 0x0, 0x0, 0x0, 0x0, 0xbf, 0xf3, 0x0,
    0x0, 0x0, 0xef, 0xf1, 0x0, 0x0, 0x1, 0xff,
    0xb6, 0xff, 0x80, 0x0, 0x0, 0x4f, 0xff, 0x60,
    0x0, 0x0, 0x6f, 0xf5, 0xf, 0xfe, 0x0, 0x0,
    0xa, 0xff, 0xfb, 0x0, 0x0, 0xc, 0xff, 0x0,
    0xaf, 0xf3, 0x0, 0x0, 0xff, 0xff, 0xf1, 0x0,
    0x2, 0xff, 0xa0, 0x5, 0xff, 0x90, 0x0, 0x5f,
    0xfe, 0xff, 0x60, 0x0, 0x7f, 0xf4, 0x0, 0xf,
    0xfe, 0x0, 0xb, 0xff, 0x3f, 0xfc, 0x0, 0xd,
    0xfe, 0x0, 0x0, 0xaf, 0xf4, 0x1, 0xff, 0xb0,
    0xbf, 0xf2, 0x2, 0xff, 0x90, 0x0, 0x4, 0xff,
    0x90, 0x6f, 0xf5, 0x5, 0xff, 0x70, 0x8f, 0xf3,
    0x0, 0x0, 0xe, 0xfe, 0xc, 0xff, 0x0, 0xf,
    0xfd, 0xd, 0xfe, 0x0, 0x0, 0x0, 0x9f, 0xf6,
    0xff, 0xa0, 0x0, 0xaf, 0xf6, 0xff, 0x80, 0x0,
    0x0, 0x3, 0xff, 0xff, 0xf4, 0x0, 0x4, 0xff,
    0xff, 0xf2, 0x0, 0x0, 0x0, 0xd, 0xff, 0xfe,
    0x0, 0x0, 0xe, 0xff, 0xfd, 0x0, 0x0, 0x0,
    0x0, 0x8f, 0xff, 0x80, 0x0, 0x0, 0x9f, 0xff,
    0x70, 0x0, 0x0, 0x0, 0x2, 0xff, 0xf2, 0x0,
    0x0, 0x3, 0xff, 0xf2, 0x0, 0x0,

    /* U+0176 "Ŷ" */
    0x0, 0x0, 0x0, 0x3, 0x88, 0x70, 0x0, 0x0,
    0x0, 0x0, 0x0, 0x0, 0x2e, 0xff, 0xf9, 0x0,
    0x0, 0x0, 0x0, 0x0, 0x1, 0xdf, 0xd8, 0xff,
    0x70, 0x0, 0x0, 0x0, 0x0, 0xb, 0xfd, 0x10,
    0x6f, 0xf5, 0x0, 0x0, 0x0, 0x0, 0x15, 0x51,
    0x0, 0x3, 0x54, 0x0, 0x0, 0x0, 0x0, 0x0,
    0x0, 0x0, 0x0, 0x0, 0x0, 0x0, 0xe, 0xff,
    0x80, 0x0, 0x0, 0x0, 0x0, 0xcf, 0xf7, 0x5,
    0xff, 0xf2, 0x0, 0x0, 0x0, 0x6, 0xff, 0xd0,
    0x0, 0xbf, 0xfc, 0x0, 0x0, 0x0, 0x1e, 0xff,
    0x40, 0x0, 0x2f, 0xff, 0x60, 0x0, 0x0, 0x9f,
    0xfa, 0x0, 0x0, 0x8, 0xff, 0xe1, 0x0, 0x3,
    0xff, 0xf1, 0x0, 0x0, 0x0, 0xef, 0xf9, 0x0,
    0xd, 0xff, 0x70, 0x0, 0x0, 0x0, 0x5f, 0xff,
    0x30, 0x7f, 0xfd, 0x0, 0x0, 0x0, 0x0, 0xb,
    0xff, 0xc1, 0xff, 0xf4, 0x0, 0x0, 0x0, 0x0,
    0x2, 0xff, 0xff, 0xff, 0xa0, 0x0, 0x0, 0x0,
    0x0, 0x0, 0x8f, 0xff, 0xff, 0x10, 0x0, 0x0,
    0x0, 0x0, 0x0, 0xe, 0xff, 0xf7, 0x0, 0x0,
    0x0, 0x0, 0x0, 0x0, 0x9, 0xff, 0xf0, 0x0,
    0x0, 0x0, 0x0, 0x0, 0x0, 0x5, 0xff, 0xf0,
    0x0, 0x0, 0x0, 0x0, 0x0, 0x0, 0x5, 0xff,
    0xe0, 0x0, 0x0, 0x0, 0x0, 0x0, 0x0, 0x5,
    0xff, 0xe0, 0x0, 0x0, 0x0, 0x0, 0x0, 0x0,
    0x5, 0xff, 0xe0, 0x0, 0x0, 0x0, 0x0, 0x0,
    0x0, 0x5, 0xff, 0xe0, 0x0, 0x0, 0x0, 0x0,
    0x0, 0x0, 0x5, 0xff, 0xe0, 0x0, 0x0, 0x0,

    /* U+0177 "ŷ" */
    0x0, 0x0, 0x0, 0x68, 0x84, 0x0, 0x0, 0x0,
    0x0, 0x0, 0x7, 0xff, 0xff, 0x40, 0x0, 0x0,
    0x0, 0x0, 0x7f, 0xf6, 0x9f, 0xf4, 0x0, 0x0,
    0x0, 0x6, 0xff, 0x40, 0x7, 0xff, 0x30, 0x0,
    0x0, 0x0, 0x0, 0x0, 0x0, 0x0, 0x0, 0x0,
    0x0, 0x0, 0x0, 0x0, 0x0, 0x0, 0x0, 0x0,
    0xe, 0xff, 0x50, 0x0, 0x0, 0x0, 0xaf, 0xf5,
    0x7, 0xff, 0xb0, 0x0, 0x0, 0x1, 0xff, 0xe0,
    0x1, 0xff, 0xf2, 0x0, 0x0, 0x7, 0xff, 0x70,
    0x0, 0xaf, 0xf9, 0x0, 0x0, 0xe, 0xff, 0x10,
    0x0, 0x3f, 0xfe, 0x0, 0x0, 0x5f, 0xfa, 0x0,
    0x0, 0xc, 0xff, 0x60, 0x0, 0xbf, 0xf3, 0x0,
    0x0, 0x6, 0xff, 0xc0, 0x2, 0xff, 0xd0, 0x0,
    0x0, 0x0, 0xef, 0xf3, 0x9, 0xff, 0x60, 0x0,
    0x0, 0x0, 0x8f, 0xfa, 0xe, 0xff, 0x0, 0x0,
    0x0, 0x0, 0x2f, 0xff, 0x7f, 0xf8, 0x0, 0x0,
    0x0, 0x0, 0xb, 0xff, 0xff, 0xf2, 0x0, 0x0,
    0x0, 0x0, 0x4, 0xff, 0xff, 0xb0, 0x0, 0x0,
    0x0, 0x0, 0x0, 0xdf, 0xff, 0x40, 0x0, 0x0,
    0x0, 0x0, 0x0, 0x9f, 0xfe, 0x0, 0x0, 0x0,
    0x0, 0x0, 0x0, 0xaf, 0xf7, 0x0, 0x0, 0x0,
    0x3, 0x30, 0x3, 0xff, 0xf1, 0x0, 0x0, 0x0,
    0xc, 0xfd, 0xcf, 0xff, 0x70, 0x0, 0x0, 0x0,
    0x3f, 0xff, 0xff, 0xfb, 0x0, 0x0, 0x0, 0x0,
    0x5, 0xbf, 0xfd, 0x70, 0x0, 0x0, 0x0, 0x0,

    /* U+0178 "Ÿ" */
    0x0, 0x0, 0x3, 0xec, 0x0, 0x5f, 0xb0, 0x0,
    0x0, 0x0, 0x0, 0x9, 0xff, 0x40, 0xcf, 0xf2,
    0x0, 0x0, 0x0, 0x0, 0x5, 0xfe, 0x10, 0x7f,
    0xd0, 0x0, 0x0, 0x0, 0x0, 0x0, 0x10, 0x0,
    0x1, 0x0, 0x0, 0x0, 0x0, 0x0, 0x0, 0x0,
    0x0, 0x0, 0x0, 0x0, 0x0, 0xe, 0xff, 0x80,
    0x0, 0x0, 0x0, 0x0, 0xbf, 0xf7, 0x5, 0xff,
    0xf2, 0x0, 0x0, 0x0, 0x5, 0xff, 0xd0, 0x0,
    0xcf, 0xfb, 0x0, 0x0, 0x0, 0xe, 0xff, 0x40,
    0x0, 0x2f, 0xff, 0x40, 0x0, 0x0, 0x8f, 0xfb,
    0x0, 0x0, 0x9, 0xff, 0xd0, 0x0, 0x2, 0xff,
    0xf2, 0x0, 0x0, 0x1, 0xef, 0xf7, 0x0, 0xb,
    0xff, 0x80, 0x0, 0x0, 0x0, 0x6f, 0xff, 0x10,
    0x4f, 0xfe, 0x0, 0x0, 0x0, 0x0, 0xc, 0xff,
    0xa0, 0xdf, 0xf5, 0x0, 0x0, 0x0, 0x0, 0x3,
    0xff, 0xfa, 0xff, 0xc0, 0x0, 0x0, 0x0, 0x0,
    0x0, 0xaf, 0xff, 0xff, 0x20, 0x0, 0x0, 0x0,
    0x0, 0x0, 0x1f, 0xff, 0xf9, 0x0, 0x0, 0x0,
    0x0, 0x0, 0x0, 0xa, 0xff, 0xf1, 0x0, 0x0,
    0x0, 0x0, 0x0, 0x0, 0x5, 0xff, 0xf0, 0x0,
    0x0, 0x0, 0x0, 0x0, 0x0, 0x5, 0xff, 0xe0,
    0x0, 0x0, 0x0, 0x0, 0x0, 0x0, 0x5, 0xff,
    0xe0, 0x0, 0x0, 0x0, 0x0, 0x0, 0x0, 0x5,
    0xff, 0xe0, 0x0, 0x0, 0x0, 0x0, 0x0, 0x0,
    0x5, 0xff, 0xe0, 0x0, 0x0, 0x0, 0x0, 0x0,
    0x0, 0x5, 0xff, 0xe0, 0x0, 0x0, 0x0,

    /* U+0179 "Ź" */
    0x0, 0x0, 0x0, 0x0, 0xaf, 0xfb, 0x10, 0x0,
    0x0, 0x0, 0x0, 0xaf, 0xf9, 0x0, 0x0, 0x0,
    0x0, 0x0, 0x9f, 0xf5, 0x0, 0x0, 0x0, 0x0,
    0x0, 0x28, 0x83, 0x0, 0x0, 0x0, 0x0, 0x0,
    0x0, 0x0, 0x0, 0x0, 0x0, 0xc, 0xff, 0xff,
    0xff, 0xff, 0xff, 0xff, 0xfa, 0xcf, 0xff, 0xff,
    0xff, 0xff, 0xff, 0xff, 0xaa, 0xdd, 0xdd, 0xdd,
    0xdd, 0xdf, 0xff, 0xf6, 0x0, 0x0, 0x0, 0x0,
    0x3, 0xff, 0xfa, 0x0, 0x0, 0x0, 0x0, 0x1,
    0xef, 0xfc, 0x0, 0x0, 0x0, 0x0, 0x0, 0xcf,
    0xfe, 0x10, 0x0, 0x0, 0x0, 0x0, 0x9f, 0xff,
    0x40, 0x0, 0x0, 0x0, 0x0, 0x6f, 0xff, 0x70,
    0x0, 0x0, 0x0, 0x0, 0x3f, 0xff, 0xa0, 0x0,
    0x0, 0x0, 0x0, 0x1e, 0xff, 0xc0, 0x0, 0x0,
    0x0, 0x0, 0xc, 0xff, 0xe2, 0x0, 0x0, 0x0,
    0x0, 0x9, 0xff, 0xf4, 0x0, 0x0, 0x0, 0x0,
    0x6, 0xff, 0xf7, 0x0, 0x0, 0x0, 0x0, 0x3,
    0xff, 0xfa, 0x0, 0x0, 0x0, 0x0, 0x1, 0xef,
    0xfd, 0x0, 0x0, 0x0, 0x0, 0x0, 0xcf, 0xff,
    0xfd, 0xdd, 0xdd, 0xdd, 0xdd, 0xdf, 0xff, 0xff,
    0xff, 0xff, 0xff, 0xff, 0xff, 0xff, 0xff, 0xff,
    0xff, 0xff, 0xff, 0xff, 0xf0,

    /* U+017A "ź" */
    0x0, 0x0, 0x0, 0x1, 0x88, 0x83, 0x0, 0x0,
    0x0, 0x0, 0xdf, 0xf8, 0x0, 0x0, 0x0, 0x0,
    0xbf, 0xf7, 0x0, 0x0, 0x0, 0x0, 0x9f, 0xf6,
    0x0, 0x0, 0x0, 0x0, 0x17, 0x84, 0x0, 0x0,
    0x0, 0x0, 0x0, 0x0, 0x0, 0x0, 0x0, 0xe,
    0xff, 0xff, 0xff, 0xff, 0xff, 0x40, 0xef, 0xff,
    0xff, 0xff, 0xff, 0xf4, 0x8, 0x99, 0x99, 0x99,
    0xff, 0xfd, 0x0, 0x0, 0x0, 0x0, 0x6f, 0xff,
    0x20, 0x0, 0x0, 0x0, 0x3f, 0xff, 0x50, 0x0,
    0x0, 0x0, 0x1e, 0xff, 0x80, 0x0, 0x0, 0x0,
    0xb, 0xff, 0xb0, 0x0, 0x0, 0x0, 0x8, 0xff,
    0xe1, 0x0, 0x0, 0x0, 0x5, 0xff, 0xf3, 0x0,
    0x0, 0x0, 0x2, 0xff, 0xf6, 0x0, 0x0, 0x0,
    0x0, 0xdf, 0xf9, 0x0, 0x0, 0x0, 0x0, 0xaf,
    0xff, 0x99, 0x99, 0x99, 0x94, 0xf, 0xff, 0xff,
    0xff, 0xff, 0xff, 0x70, 0xff, 0xff, 0xff, 0xff,
    0xff, 0xf7,

    /* U+017B "Ż" */
    0x0, 0x0, 0x0, 0x5a, 0x50, 0x0, 0x0, 0x0,
    0x0, 0x0, 0x2f, 0xff, 0x20, 0x0, 0x0, 0x0,
    0x0, 0x3, 0xff, 0xf3, 0x0, 0x0, 0x0, 0x0,
    0x0, 0xa, 0xfa, 0x0, 0x0, 0x0, 0x0, 0x0,
    0x0, 0x0, 0x0, 0x0, 0x0, 0x0, 0x0, 0x0,
    0x0, 0x0, 0x0, 0x0, 0x0, 0xcf, 0xff, 0xff,
    0xff, 0xff, 0xff, 0xff, 0xac, 0xff, 0xff, 0xff,
    0xff, 0xff, 0xff, 0xfa, 0xad, 0xdd, 0xdd, 0xdd,
    0xdd, 0xff, 0xff, 0x60, 0x0, 0x0, 0x0, 0x0,
    0x3f, 0xff, 0xa0, 0x0, 0x0, 0x0, 0x0, 0x1e,
    0xff, 0xc0, 0x0, 0x0, 0x0, 0x0, 0xc, 0xff,
    0xe1, 0x0, 0x0, 0x0, 0x0, 0x9, 0xff, 0xf4,
    0x0, 0x0, 0x0, 0x0, 0x6, 0xff, 0xf7, 0x0,
    0x0, 0x0, 0x0, 0x3, 0xff, 0xfa, 0x0, 0x0,
    0x0, 0x0, 0x1, 0xef, 0xfc, 0x0, 0x0, 0x0,
    0x0, 0x0, 0xcf, 0xfe, 0x20, 0x0, 0x0, 0x0,
    0x0, 0x9f, 0xff, 0x40, 0x0, 0x0, 0x0, 0x0,
    0x6f, 0xff, 0x70, 0x0, 0x0, 0x0, 0x0, 0x3f,
    0xff, 0xa0, 0x0, 0x0, 0x0, 0x0, 0x1e, 0xff,
    0xd0, 0x0, 0x0, 0x0, 0x0, 0xc, 0xff, 0xff,
    0xdd, 0xdd, 0xdd, 0xdd, 0xdd, 0xff, 0xff, 0xff,
    0xff, 0xff, 0xff, 0xff, 0xff, 0xff, 0xff, 0xff,
    0xff, 0xff, 0xff, 0xff,

    /* U+017C "ż" */
    0x0, 0x0, 0x3, 0xa6, 0x0, 0x0, 0x0, 0x0,
    0x0, 0xef, 0xf4, 0x0, 0x0, 0x0, 0x0, 0xf,
    0xff, 0x60, 0x0, 0x0, 0x0, 0x0, 0x7f, 0xc0,
    0x0, 0x0, 0x0, 0x0, 0x0, 0x0, 0x0, 0x0,
    0x0, 0x0, 0x0, 0x0, 0x0, 0x0, 0x0, 0xe,
    0xff, 0xff, 0xff, 0xff, 0xff, 0x40, 0xef, 0xff,
    0xff, 0xff, 0xff, 0xf4, 0x8, 0x99, 0x99, 0x99,
    0xff, 0xfd, 0x0, 0x0, 0x0, 0x0, 0x6f, 0xff,
    0x20, 0x0, 0x0, 0x0, 0x3f, 0xff, 0x50, 0x0,
    0x0, 0x0, 0x1e, 0xff, 0x80, 0x0, 0x0, 0x0,
    0xb, 0xff, 0xb0, 0x0, 0x0, 0x0, 0x8, 0xff,
    0xe1, 0x0, 0x0, 0x0, 0x5, 0xff, 0xf3, 0x0,
    0x0, 0x0, 0x2, 0xff, 0xf6, 0x0, 0x0, 0x0,
    0x0, 0xdf, 0xf9, 0x0, 0x0, 0x0, 0x0, 0xaf,
    0xff, 0x99, 0x99, 0x99, 0x94, 0xf, 0xff, 0xff,
    0xff, 0xff, 0xff, 0x70, 0xff, 0xff, 0xff, 0xff,
    0xff, 0xf7,

    /* U+017D "Ž" */
    0x0, 0xc, 0xfc, 0x10, 0x1c, 0xfc, 0x0, 0x0,
    0x0, 0xc, 0xfd, 0x4d, 0xfc, 0x0, 0x0, 0x0,
    0x0, 0x1d, 0xff, 0xfd, 0x10, 0x0, 0x0, 0x0,
    0x0, 0x17, 0x87, 0x10, 0x0, 0x0, 0x0, 0x0,
    0x0, 0x0, 0x0, 0x0, 0x0, 0xc, 0xff, 0xff,
    0xff, 0xff, 0xff, 0xff, 0xfa, 0xcf, 0xff, 0xff,
    0xff, 0xff, 0xff, 0xff, 0xaa, 0xdd, 0xdd, 0xdd,
    0xdd, 0xdf, 0xff, 0xf6, 0x0, 0x0, 0x0, 0x0,
    0x3, 0xff, 0xfa, 0x0, 0x0, 0x0, 0x0, 0x1,
    0xef, 0xfc, 0x0, 0x0, 0x0, 0x0, 0x0, 0xcf,
    0xfe, 0x10, 0x0, 0x0, 0x0, 0x0, 0x9f, 0xff,
    0x40, 0x0, 0x0, 0x0, 0x0, 0x6f, 0xff, 0x70,
    0x0, 0x0, 0x0, 0x0, 0x3f, 0xff, 0xa0, 0x0,
    0x0, 0x0, 0x0, 0x1e, 0xff, 0xc0, 0x0, 0x0,
    0x0, 0x0, 0xc, 0xff, 0xe2, 0x0, 0x0, 0x0,
    0x0, 0x9, 0xff, 0xf4, 0x0, 0x0, 0x0, 0x0,
    0x6, 0xff, 0xf7, 0x0, 0x0, 0x0, 0x0, 0x3,
    0xff, 0xfa, 0x0, 0x0, 0x0, 0x0, 0x1, 0xef,
    0xfd, 0x0, 0x0, 0x0, 0x0, 0x0, 0xcf, 0xff,
    0xfd, 0xdd, 0xdd, 0xdd, 0xdd, 0xdf, 0xff, 0xff,
    0xff, 0xff, 0xff, 0xff, 0xff, 0xff, 0xff, 0xff,
    0xff, 0xff, 0xff, 0xff, 0xf0,

    /* U+017E "ž" */
    0x0, 0x68, 0x60, 0x0, 0x38, 0x82, 0x0, 0x4,
    0xff, 0x90, 0x4f, 0xfa, 0x0, 0x0, 0x6, 0xff,
    0xff, 0xfc, 0x0, 0x0, 0x0, 0x8, 0xff, 0xfd,
    0x10, 0x0, 0x0, 0x0, 0x7, 0x88, 0x20, 0x0,
    0x0, 0x0, 0x0, 0x0, 0x0, 0x0, 0x0, 0xe,
    0xff, 0xff, 0xff, 0xff, 0xff, 0x40, 0xef, 0xff,
    0xff, 0xff, 0xff, 0xf4, 0x8, 0x99, 0x99, 0x99,
    0xff, 0xfd, 0x0, 0x0, 0x0, 0x0, 0x6f, 0xff,
    0x20, 0x0, 0x0, 0x0, 0x3f, 0xff, 0x50, 0x0,
    0x0, 0x0, 0x1e, 0xff, 0x80, 0x0, 0x0, 0x0,
    0xb, 0xff, 0xb0, 0x0, 0x0, 0x0, 0x8, 0xff,
    0xe1, 0x0, 0x0, 0x0, 0x5, 0xff, 0xf3, 0x0,
    0x0, 0x0, 0x2, 0xff, 0xf6, 0x0, 0x0, 0x0,
    0x0, 0xdf, 0xf9, 0x0, 0x0, 0x0, 0x0, 0xaf,
    0xff, 0x99, 0x99, 0x99, 0x94, 0xf, 0xff, 0xff,
    0xff, 0xff, 0xff, 0x70, 0xff, 0xff, 0xff, 0xff,
    0xff, 0xf7,

    /* U+017F "ſ" */
    0x0, 0x0, 0x4, 0x89, 0x83, 0x0, 0x0, 0xb,
    0xff, 0xff, 0xf2, 0x0, 0x9, 0xff, 0xff, 0xfd,
    0x0, 0x0, 0xff, 0xf8, 0x2, 0x40, 0x0, 0x3f,
    0xff, 0x0, 0x0, 0x0, 0x4, 0xff, 0xd0, 0x0,
    0x0, 0x7f, 0xff, 0xfd, 0x0, 0x0, 0x7, 0xff,
    0xff, 0xd0, 0x0, 0x0, 0x49, 0xef, 0xfd, 0x0,
    0x0, 0x0, 0x4, 0xff, 0xd0, 0x0, 0x0, 0x0,
    0x4f, 0xfd, 0x0, 0x0, 0x0, 0x4, 0xff, 0xd0,
    0x0, 0x0, 0x0, 0x4f, 0xfd, 0x0, 0x0, 0x0,
    0x4, 0xff, 0xd0, 0x0, 0x0, 0x0, 0x4f, 0xfd,
    0x0, 0x0, 0x0, 0x4, 0xff, 0xd0, 0x0, 0x0,
    0x0, 0x4f, 0xfd, 0x0, 0x0, 0x0, 0x4, 0xff,
    0xd0, 0x0, 0x0, 0x0, 0x4f, 0xfd, 0x0, 0x0,
    0x0, 0x4, 0xff, 0xd0, 0x0, 0x0,

    /* U+0180 "ƀ" */
    0x0, 0x58, 0x84, 0x0, 0x0, 0x0, 0x0, 0x0,
    0x0, 0xa, 0xff, 0x80, 0x0, 0x0, 0x0, 0x0,
    0x0, 0xef, 0xff, 0xff, 0xff, 0xfc, 0x0, 0x0,
    0x0, 0xe, 0xff, 0xff, 0xff, 0xff, 0xc0, 0x0,
    0x0, 0x0, 0x11, 0xbf, 0xf9, 0x11, 0x11, 0x0,
    0x0, 0x0, 0x0, 0xa, 0xff, 0x80, 0x0, 0x0,
    0x0, 0x0, 0x0, 0x0, 0xaf, 0xf8, 0x18, 0xdf,
    0xec, 0x60, 0x0, 0x0, 0xa, 0xff, 0xbe, 0xff,
    0xff, 0xff, 0xd3, 0x0, 0x0, 0xaf, 0xff, 0xff,
    0xec, 0xef, 0xff, 0xe1, 0x0, 0xa, 0xff, 0xfe,
    0x30, 0x0, 0x5f, 0xff, 0xb0, 0x0, 0xaf, 0xff,
    0x20, 0x0, 0x0, 0x5f, 0xff, 0x10, 0xa, 0xff,
    0xf0, 0x0, 0x0, 0x0, 0xdf, 0xf5, 0x0, 0xaf,
    0xfc, 0x0, 0x0, 0x0, 0xa, 0xff, 0x70, 0xa,
    0xff, 0xc0, 0x0, 0x0, 0x0, 0xaf, 0xf7, 0x0,
    0xaf, 0xff, 0x0, 0x0, 0x0, 0xd, 0xff, 0x50,
    0xa, 0xff, 0xf2, 0x0, 0x0, 0x5, 0xff, 0xf1,
    0x0, 0xaf, 0xff, 0xe4, 0x0, 0x5, 0xff, 0xfb,
    0x0, 0xa, 0xff, 0xff, 0xfe, 0xce, 0xff, 0xfe,
    0x10, 0x0, 0xaf, 0xf9, 0xef, 0xff, 0xff, 0xfd,
    0x30, 0x0, 0xa, 0xff, 0x51, 0x8d, 0xfe, 0xc6,
    0x0, 0x0,

    /* U+0181 "Ɓ" */
    0x0, 0x3a, 0xef, 0xff, 0xff, 0xff, 0xff, 0xff,
    0xeb, 0x70, 0x0, 0x0, 0x4f, 0xff, 0xff, 0xff,
    0xff, 0xff, 0xff, 0xff, 0xff, 0xe3, 0x0, 0xe,
    0xff, 0xfd, 0xff, 0xff, 0xdd, 0xdd, 0xde, 0xff,
    0xff, 0xe0, 0x3, 0xff, 0xf3, 0x2, 0xff, 0xf1,
    0x0, 0x0, 0x1, 0xaf, 0xff, 0x50, 0x4f, 0xfc,
    0x0, 0x2f, 0xff, 0x10, 0x0, 0x0, 0x0, 0xef,
    0xf7, 0x2, 0xff, 0xf0, 0x2, 0xff, 0xf1, 0x0,
    0x0, 0x0, 0xd, 0xff, 0x50, 0xd, 0xff, 0x70,
    0x2f, 0xff, 0x10, 0x0, 0x0, 0x6, 0xff, 0xf1,
    0x0, 0x4f, 0xb1, 0x2, 0xff, 0xfb, 0xaa, 0xaa,
    0xbe, 0xff, 0xf5, 0x0, 0x0, 0x30, 0x0, 0x2f,
    0xff, 0xff, 0xff, 0xff, 0xff, 0xfb, 0x10, 0x0,
    0x0, 0x0, 0x2, 0xff, 0xff, 0xff, 0xff, 0xff,
    0xff, 0xfe, 0x20, 0x0, 0x0, 0x0, 0x2f, 0xff,
    0x10, 0x0, 0x0, 0x16, 0xef, 0xfc, 0x0, 0x0,
    0x0, 0x2, 0xff, 0xf1, 0x0, 0x0, 0x0, 0x3,
    0xff, 0xf3, 0x0, 0x0, 0x0, 0x2f, 0xff, 0x10,
    0x0, 0x0, 0x0, 0xe, 0xff, 0x50, 0x0, 0x0,
    0x2, 0xff, 0xf1, 0x0, 0x0, 0x0, 0x0, 0xff,
    0xf5, 0x0, 0x0, 0x0, 0x2f, 0xff, 0x10, 0x0,
    0x0, 0x0, 0xaf, 0xff, 0x20, 0x0, 0x0, 0x2,
    0xff, 0xfa, 0xaa, 0xaa, 0xac, 0xff, 0xff, 0xb0,
    0x0, 0x0, 0x0, 0x2f, 0xff, 0xff, 0xff, 0xff,
    0xff, 0xff, 0xc1, 0x0, 0x0, 0x0, 0x2, 0xff,
    0xff, 0xff, 0xff, 0xff, 0xda, 0x50, 0x0,

    /* U+0182 "Ƃ" */
    0xaf, 0xff, 0xff, 0xff, 0xff, 0xff, 0xff, 0x40,
    0xaf, 0xff, 0xff, 0xff, 0xff, 0xff, 0xff, 0x40,
    0xaf, 0xfd, 0xaa, 0xaa, 0xaa, 0xaa, 0xaa, 0x30,
    0xaf, 0xf9, 0x0, 0x0, 0x0, 0x0, 0x0, 0x0,
    0xaf, 0xf9, 0x0, 0x0, 0x0, 0x0, 0x0, 0x0,
    0xaf, 0xf9, 0x0, 0x0, 0x0, 0x0, 0x0, 0x0,
    0xaf, 0xf9, 0x0, 0x0, 0x0, 0x0, 0x0, 0x0,
    0xaf, 0xff, 0xaa, 0xaa, 0xa9, 0x86, 0x20, 0x0,
    0xaf, 0xff, 0xff, 0xff, 0xff, 0xff, 0xfc, 0x20,
    0xaf, 0xff, 0xff, 0xff, 0xff, 0xff, 0xff, 0xe1,
    0xaf, 0xf9, 0x0, 0x0, 0x1, 0x3a, 0xff, 0xf8,
    0xaf, 0xf9, 0x0, 0x0, 0x0, 0x0, 0xaf, 0xfc,
    0xaf, 0xf9, 0x0, 0x0, 0x0, 0x0, 0x6f, 0xfe,
    0xaf, 0xf9, 0x0, 0x0, 0x0, 0x0, 0x8f, 0xfd,
    0xaf, 0xf9, 0x0, 0x0, 0x0, 0x4, 0xff, 0xf9,
    0xaf, 0xfd, 0xaa, 0xaa, 0xab, 0xdf, 0xff, 0xf2,
    0xaf, 0xff, 0xff, 0xff, 0xff, 0xff, 0xff, 0x50,
    0xaf, 0xff, 0xff, 0xff, 0xff, 0xec, 0x71, 0x0,

    /* U+0183 "ƃ" */
    0xcf, 0xf9, 0x77, 0x77, 0x77, 0x71, 0x0, 0xf,
    0xff, 0xff, 0xff, 0xff, 0xff, 0x30, 0x0, 0xff,
    0xff, 0xff, 0xff, 0xff, 0xf3, 0x0, 0xf, 0xff,
    0x20, 0x0, 0x0, 0x0, 0x0, 0x0, 0xff, 0xf2,
    0x0, 0x0, 0x0, 0x0, 0x0, 0xf, 0xff, 0x20,
    0x0, 0x0, 0x0, 0x0, 0x0, 0xff, 0xf2, 0x3a,
    0xef, 0xea, 0x40, 0x0, 0xf, 0xff, 0x9f, 0xff,
    0xff, 0xff, 0xa0, 0x0, 0xff, 0xff, 0xff, 0xcc,
    0xff, 0xff, 0xb0, 0xf, 0xff, 0xfb, 0x10, 0x0,
    0x9f, 0xff, 0x60, 0xff, 0xfe, 0x0, 0x0, 0x0,
    0xaf, 0xfc, 0xf, 0xff, 0x60, 0x0, 0x0, 0x3,
    0xff, 0xf0, 0xff, 0xf2, 0x0, 0x0, 0x0, 0xf,
    0xff, 0x2f, 0xff, 0x20, 0x0, 0x0, 0x0, 0xff,
    0xf2, 0xff, 0xf5, 0x0, 0x0, 0x0, 0x3f, 0xff,
    0xf, 0xff, 0xc0, 0x0, 0x0, 0xa, 0xff, 0xc0,
    0xff, 0xff, 0xb1, 0x0, 0x9, 0xff, 0xf6, 0xf,
    0xff, 0xff, 0xfd, 0xcf, 0xff, 0xfb, 0x0, 0xff,
    0xf8, 0xff, 0xff, 0xff, 0xfa, 0x0, 0xf, 0xff,
    0x3, 0xae, 0xfe, 0xb4, 0x0, 0x0,

    /* U+0186 "Ɔ" */
    0x0, 0x2, 0x8c, 0xef, 0xec, 0x82, 0x0, 0x0,
    0x0, 0x19, 0xff, 0xff, 0xff, 0xff, 0xfa, 0x10,
    0x0, 0x1c, 0xff, 0xff, 0xff, 0xff, 0xff, 0xfe,
    0x20, 0x1, 0xdf, 0xf9, 0x30, 0x1, 0x5b, 0xff,
    0xfe, 0x10, 0x1, 0xb4, 0x0, 0x0, 0x0, 0x6,
    0xff, 0xfa, 0x0, 0x0, 0x0, 0x0, 0x0, 0x0,
    0x8, 0xff, 0xf2, 0x0, 0x0, 0x0, 0x0, 0x0,
    0x0, 0xe, 0xff, 0x70, 0x0, 0x0, 0x0, 0x0,
    0x0, 0x0, 0x9f, 0xfb, 0x0, 0x0, 0x0, 0x0,
    0x0, 0x0, 0x7, 0xff, 0xc0, 0x0, 0x0, 0x0,
    0x0, 0x0, 0x0, 0x7f, 0xfc, 0x0, 0x0, 0x0,
    0x0, 0x0, 0x0, 0x9, 0xff, 0xb0, 0x0, 0x0,
    0x0, 0x0, 0x0, 0x0, 0xef, 0xf7, 0x0, 0x0,
    0x0, 0x0, 0x0, 0x0, 0x8f, 0xff, 0x20, 0x1b,
    0x40, 0x0, 0x0, 0x0, 0x6f, 0xff, 0xa0, 0x1d,
    0xff, 0xa3, 0x0, 0x15, 0xbf, 0xff, 0xe1, 0x1,
    0xcf, 0xff, 0xff, 0xff, 0xff, 0xff, 0xe2, 0x0,
    0x0, 0x9f, 0xff, 0xff, 0xff, 0xff, 0xa1, 0x0,
    0x0, 0x0, 0x28, 0xce, 0xfe, 0xc8, 0x20, 0x0,
    0x0,

    /* U+0187 "Ƈ" */
    0x0, 0x0, 0x0, 0x0, 0x0, 0x0, 0x0, 0x0,
    0x37, 0x62, 0x0, 0x0, 0x0, 0x0, 0x0, 0x0,
    0x0, 0xa, 0xff, 0xfd, 0x0, 0x0, 0x0, 0x0,
    0x0, 0x0, 0x0, 0x8f, 0xff, 0xf9, 0x0, 0x0,
    0x0, 0x0, 0x0, 0x0, 0x0, 0xef, 0xff, 0xf5,
    0x0, 0x0, 0x0, 0x0, 0x0, 0x0, 0x2, 0xff,
    0xf3, 0x0, 0x0, 0x0, 0x1, 0x7c, 0xef, 0xed,
    0x98, 0xff, 0xa0, 0x0, 0x0, 0x0, 0x9f, 0xff,
    0xff, 0xff, 0xff, 0xff, 0x90, 0x0, 0x0, 0x1d,
    0xff, 0xff, 0xff, 0xff, 0xff, 0xff, 0xb0, 0x0,
    0x0, 0xcf, 0xff, 0xd6, 0x20, 0x13, 0x9f, 0xfe,
    0x20, 0x0, 0x8, 0xff, 0xf9, 0x0, 0x0, 0x0,
    0x2, 0xb2, 0x0, 0x0, 0xf, 0xff, 0xa0, 0x0,
    0x0, 0x0, 0x0, 0x0, 0x0, 0x0, 0x5f, 0xff,
    0x10, 0x0, 0x0, 0x0, 0x0, 0x0, 0x0, 0x0,
    0x9f, 0xfc, 0x0, 0x0, 0x0, 0x0, 0x0, 0x0,
    0x0, 0x0, 0xaf, 0xf9, 0x0, 0x0, 0x0, 0x0,
    0x0, 0x0, 0x0, 0x0, 0xaf, 0xf9, 0x0, 0x0,
    0x0, 0x0, 0x0, 0x0, 0x0, 0x0, 0x9f, 0xfc,
    0x0, 0x0, 0x0, 0x0, 0x0, 0x0, 0x0, 0x0,
    0x5f, 0xff, 0x10, 0x0, 0x0, 0x0, 0x0, 0x0,
    0x0, 0x0, 0xf, 0xff, 0xa0, 0x0, 0x0, 0x0,
    0x0, 0x0, 0x0, 0x0, 0x8, 0xff, 0xf8, 0x0,
    0x0, 0x0, 0x2, 0xc2, 0x0, 0x0, 0x0, 0xcf,
    0xff, 0xd5, 0x10, 0x3, 0x8f, 0xfe, 0x30, 0x0,
    0x0, 0x1d, 0xff, 0xff, 0xff, 0xff, 0xff, 0xfe,
    0x20, 0x0, 0x0, 0x0, 0x9f, 0xff, 0xff, 0xff,
    0xff, 0xb1, 0x0, 0x0, 0x0, 0x0, 0x2, 0x8c,
    0xef, 0xed, 0x93, 0x0, 0x0, 0x0,

    /* U+0188 "ƈ" */
    0x0, 0x0, 0x0, 0x0, 0x0, 0x0, 0x3, 0x77,
    0x30, 0x0, 0x0, 0x0, 0x0, 0x0, 0xa, 0xff,
    0xfc, 0x0, 0x0, 0x0, 0x0, 0x0, 0x7, 0xff,
    0xff, 0x80, 0x0, 0x0, 0x0, 0x0, 0x0, 0xcf,
    0xf7, 0x11, 0x0, 0x0, 0x0, 0x0, 0x0, 0xe,
    0xfe, 0x0, 0x0, 0x0, 0x0, 0x0, 0x0, 0x0,
    0xff, 0xe0, 0x0, 0x0, 0x0, 0x28, 0xce, 0xfd,
    0x9f, 0xfe, 0x0, 0x0, 0x0, 0x6f, 0xff, 0xff,
    0xff, 0xff, 0xe0, 0x0, 0x0, 0x7f, 0xff, 0xfd,
    0xcf, 0xff, 0xff, 0x0, 0x0, 0x2f, 0xff, 0xb1,
    0x0, 0x9, 0xff, 0x80, 0x0, 0x9, 0xff, 0xc0,
    0x0, 0x0, 0x6, 0x10, 0x0, 0x0, 0xdf, 0xf5,
    0x0, 0x0, 0x0, 0x0, 0x0, 0x0, 0xf, 0xff,
    0x20, 0x0, 0x0, 0x0, 0x0, 0x0, 0x0, 0xff,
    0xf2, 0x0, 0x0, 0x0, 0x0, 0x0, 0x0, 0xd,
    0xff, 0x50, 0x0, 0x0, 0x0, 0x0, 0x0, 0x0,
    0x9f, 0xfc, 0x0, 0x0, 0x0, 0x61, 0x0, 0x0,
    0x2, 0xff, 0xfb, 0x20, 0x1, 0x9f, 0xf6, 0x0,
    0x0, 0x6, 0xff, 0xff, 0xdd, 0xff, 0xff, 0x50,
    0x0, 0x0, 0x6, 0xff, 0xff, 0xff, 0xff, 0x70,
    0x0, 0x0, 0x0, 0x1, 0x8c, 0xef, 0xd9, 0x30,
    0x0, 0x0,

    /* U+0189 "Ɖ" */
    0x0, 0xa, 0xff, 0xff, 0xff, 0xff, 0xeb, 0x71,
    0x0, 0x0, 0x0, 0x0, 0xaf, 0xff, 0xff, 0xff,
    0xff, 0xff, 0xf8, 0x0, 0x0, 0x0, 0xa, 0xff,
    0xed, 0xdd, 0xde, 0xff, 0xff, 0xfc, 0x10, 0x0,
    0x0, 0xaf, 0xf9, 0x0, 0x0, 0x0, 0x5c, 0xff,
    0xfb, 0x0, 0x0, 0xa, 0xff, 0x90, 0x0, 0x0,
    0x0, 0x9, 0xff, 0xf7, 0x0, 0x0, 0xaf, 0xf9,
    0x0, 0x0, 0x0, 0x0, 0xb, 0xff, 0xe0, 0x0,
    0xa, 0xff, 0x90, 0x0, 0x0, 0x0, 0x0, 0x3f,
    0xff, 0x31, 0x88, 0xff, 0xff, 0x88, 0x88, 0x20,
    0x0, 0x0, 0xef, 0xf6, 0x2f, 0xff, 0xff, 0xff,
    0xff, 0xf4, 0x0, 0x0, 0xc, 0xff, 0x82, 0xff,
    0xff, 0xff, 0xff, 0xff, 0x40, 0x0, 0x0, 0xcf,
    0xf8, 0x0, 0xa, 0xff, 0x90, 0x0, 0x0, 0x0,
    0x0, 0xe, 0xff, 0x60, 0x0, 0xaf, 0xf9, 0x0,
    0x0, 0x0, 0x0, 0x3, 0xff, 0xf3, 0x0, 0xa,
    0xff, 0x90, 0x0, 0x0, 0x0, 0x0, 0xbf, 0xfe,
    0x0, 0x0, 0xaf, 0xf9, 0x0, 0x0, 0x0, 0x0,
    0x9f, 0xff, 0x70, 0x0, 0xa, 0xff, 0x90, 0x0,
    0x0, 0x5, 0xcf, 0xff, 0xb0, 0x0, 0x0, 0xaf,
    0xff, 0xdd, 0xdd, 0xef, 0xff, 0xff, 0xc1, 0x0,
    0x0, 0xa, 0xff, 0xff, 0xff, 0xff, 0xff, 0xff,
    0x80, 0x0, 0x0, 0x0, 0xaf, 0xff, 0xff, 0xff,
    0xfe, 0xb7, 0x10, 0x0, 0x0,

    /* U+018A "Ɗ" */
    0x0, 0x2a, 0xef, 0xff, 0xff, 0xff, 0xff, 0xff,
    0xd9, 0x40, 0x0, 0x0, 0x0, 0x4f, 0xff, 0xff,
    0xff, 0xff, 0xff, 0xff, 0xff, 0xff, 0xd2, 0x0,
    0x0, 0xd, 0xff, 0xfd, 0xff, 0xff, 0xdd, 0xdd,
    0xdf, 0xff, 0xff, 0xf6, 0x0, 0x3, 0xff, 0xf3,
    0x2, 0xff, 0xf1, 0x0, 0x0, 0x2, 0x8f, 0xff,
    0xf3, 0x0, 0x4f, 0xfc, 0x0, 0x2f, 0xff, 0x10,
    0x0, 0x0, 0x0, 0x2e, 0xff, 0xe0, 0x2, 0xff,
    0xe0, 0x2, 0xff, 0xf1, 0x0, 0x0, 0x0, 0x0,
    0x3f, 0xff, 0x60, 0xd, 0xff, 0x60, 0x2f, 0xff,
    0x10, 0x0, 0x0, 0x0, 0x0, 0xbf, 0xfb, 0x0,
    0x6f, 0xd2, 0x2, 0xff, 0xf1, 0x0, 0x0, 0x0,
    0x0, 0x6, 0xff, 0xe0, 0x0, 0x60, 0x0, 0x2f,
    0xff, 0x10, 0x0, 0x0, 0x0, 0x0, 0x4f, 0xff,
    0x0, 0x0, 0x0, 0x2, 0xff, 0xf1, 0x0, 0x0,
    0x0, 0x0, 0x4, 0xff, 0xf0, 0x0, 0x0, 0x0,
    0x2f, 0xff, 0x10, 0x0, 0x0, 0x0, 0x0, 0x6f,
    0xfe, 0x0, 0x0, 0x0, 0x2, 0xff, 0xf1, 0x0,
    0x0, 0x0, 0x0, 0xb, 0xff, 0xb0, 0x0, 0x0,
    0x0, 0x2f, 0xff, 0x10, 0x0, 0x0, 0x0, 0x3,
    0xff, 0xf6, 0x0, 0x0, 0x0, 0x2, 0xff, 0xf1,
    0x0, 0x0, 0x0, 0x2, 0xef, 0xfe, 0x0, 0x0,
    0x0, 0x0, 0x2f, 0xff, 0x10, 0x0, 0x0, 0x28,
    0xff, 0xff, 0x30, 0x0, 0x0, 0x0, 0x2, 0xff,
    0xfd, 0xdd, 0xde, 0xff, 0xff, 0xff, 0x60, 0x0,
    0x0, 0x0, 0x0, 0x2f, 0xff, 0xff, 0xff, 0xff,
    0xff, 0xfd, 0x30, 0x0, 0x0, 0x0, 0x0, 0x2,
    0xff, 0xff, 0xff, 0xff, 0xfd, 0x94, 0x0, 0x0,
    0x0,

    /* U+018B "Ƌ" */
    0x0, 0x2f, 0xff, 0xff, 0xff, 0xff, 0xff, 0xff,
    0x60, 0x2, 0xff, 0xff, 0xff, 0xff, 0xff, 0xff,
    0xf6, 0x0, 0x1c, 0xcc, 0xcc, 0xcc, 0xcc, 0xcf,
    0xff, 0x60, 0x0, 0x0, 0x0, 0x0, 0x0, 0x0,
    0xcf, 0xf6, 0x0, 0x0, 0x0, 0x0, 0x0, 0x0,
    0xc, 0xff, 0x60, 0x0, 0x0, 0x0, 0x0, 0x0,
    0x0, 0xcf, 0xf6, 0x0, 0x0, 0x0, 0x0, 0x0,
    0x0, 0xc, 0xff, 0x60, 0x0, 0x39, 0xdf, 0xff,
    0xff, 0xff, 0xff, 0xf6, 0x0, 0x8f, 0xff, 0xff,
    0xff, 0xff, 0xff, 0xff, 0x60, 0x6f, 0xff, 0xfc,
    0xaa, 0xaa, 0xaa, 0xef, 0xf6, 0xd, 0xff, 0xd2,
    0x0, 0x0, 0x0, 0xc, 0xff, 0x61, 0xff, 0xf4,
    0x0, 0x0, 0x0, 0x0, 0xcf, 0xf6, 0x2f, 0xff,
    0x20, 0x0, 0x0, 0x0, 0xc, 0xff, 0x60, 0xff,
    0xf5, 0x0, 0x0, 0x0, 0x0, 0xcf, 0xf6, 0xc,
    0xff, 0xe3, 0x0, 0x0, 0x0, 0xc, 0xff, 0x60,
    0x4f, 0xff, 0xfd, 0xba, 0xaa, 0xaa, 0xef, 0xf6,
    0x0, 0x5f, 0xff, 0xff, 0xff, 0xff, 0xff, 0xff,
    0x60, 0x0, 0x17, 0xce, 0xff, 0xff, 0xff, 0xff,
    0xf6,

    /* U+018C "ƌ" */
    0x0, 0x0, 0x77, 0x77, 0x77, 0x77, 0xff, 0xd0,
    0x0, 0x1, 0xff, 0xff, 0xff, 0xff, 0xff, 0xf1,
    0x0, 0x1, 0xff, 0xff, 0xff, 0xff, 0xff, 0xf1,
    0x0, 0x0, 0x0, 0x0, 0x0, 0x0, 0xff, 0xf1,
    0x0, 0x0, 0x0, 0x0, 0x0, 0x0, 0xff, 0xf1,
    0x0, 0x0, 0x0, 0x0, 0x0, 0x0, 0xff, 0xf1,
    0x0, 0x0, 0x3a, 0xdf, 0xeb, 0x40, 0xff, 0xf1,
    0x0, 0x8, 0xff, 0xff, 0xff, 0xf9, 0xff, 0xf1,
    0x0, 0x8f, 0xff, 0xfc, 0xcf, 0xff, 0xff, 0xf1,
    0x3, 0xff, 0xfa, 0x10, 0x0, 0x9f, 0xff, 0xf1,
    0xa, 0xff, 0xc0, 0x0, 0x0, 0xa, 0xff, 0xf1,
    0xe, 0xff, 0x50, 0x0, 0x0, 0x3, 0xff, 0xf1,
    0xf, 0xff, 0x20, 0x0, 0x0, 0x0, 0xff, 0xf1,
    0xf, 0xff, 0x20, 0x0, 0x0, 0x0, 0xff, 0xf1,
    0xe, 0xff, 0x50, 0x0, 0x0, 0x3, 0xff, 0xf1,
    0xa, 0xff, 0xc0, 0x0, 0x0, 0xb, 0xff, 0xf1,
    0x3, 0xff, 0xfa, 0x10, 0x1, 0x9f, 0xff, 0xf1,
    0x0, 0x8f, 0xff, 0xfd, 0xcf, 0xff, 0xff, 0xf1,
    0x0, 0x9, 0xff, 0xff, 0xff, 0xf9, 0xef, 0xf1,
    0x0, 0x0, 0x3a, 0xdf, 0xeb, 0x50, 0xef, 0xf1,

    /* U+018E "Ǝ" */
    0x6f, 0xff, 0xff, 0xff, 0xff, 0xff, 0xf6, 0x6f,
    0xff, 0xff, 0xff, 0xff, 0xff, 0xf6, 0x4d, 0xdd,
    0xdd, 0xdd, 0xdd, 0xff, 0xf6, 0x0, 0x0, 0x0,
    0x0, 0x0, 0xdf, 0xf6, 0x0, 0x0, 0x0, 0x0,
    0x0, 0xdf, 0xf6, 0x0, 0x0, 0x0, 0x0, 0x0,
    0xdf, 0xf6, 0x0, 0x0, 0x0, 0x0, 0x0, 0xdf,
    0xf6, 0x3, 0xcc, 0xcc, 0xcc, 0xcc, 0xff, 0xf6,
    0x4, 0xff, 0xff, 0xff, 0xff, 0xff, 0xf6, 0x4,
    0xff, 0xff, 0xff, 0xff, 0xff, 0xf6, 0x0, 0x0,
    0x0, 0x0, 0x0, 0xdf, 0xf6, 0x0, 0x0, 0x0,
    0x0, 0x0, 0xdf, 0xf6, 0x0, 0x0, 0x0, 0x0,
    0x0, 0xdf, 0xf6, 0x0, 0x0, 0x0, 0x0, 0x0,
    0xdf, 0xf6, 0x0, 0x0, 0x0, 0x0, 0x0, 0xdf,
    0xf6, 0x9d, 0xdd, 0xdd, 0xdd, 0xdd, 0xff, 0xf6,
    0xbf, 0xff, 0xff, 0xff, 0xff, 0xff, 0xf6, 0xbf,
    0xff, 0xff, 0xff, 0xff, 0xff, 0xf6,

    /* U+018F "Ə" */
    0x0, 0x0, 0x16, 0xbe, 0xff, 0xda, 0x60, 0x0,
    0x0, 0x0, 0x0, 0x8f, 0xff, 0xff, 0xff, 0xff,
    0xe6, 0x0, 0x0, 0x0, 0xdf, 0xff, 0xff, 0xff,
    0xff, 0xff, 0xf9, 0x0, 0x0, 0x8, 0xff, 0xa5,
    0x10, 0x2, 0x7e, 0xff, 0xf8, 0x0, 0x0, 0x6,
    0x30, 0x0, 0x0, 0x0, 0x1c, 0xff, 0xf2, 0x0,
    0x0, 0x0, 0x0, 0x0, 0x0, 0x0, 0x1e, 0xff,
    0xa0, 0x0, 0x0, 0x0, 0x0, 0x0, 0x0, 0x0,
    0x7f, 0xff, 0x9, 0xaa, 0xaa, 0xaa, 0xaa, 0xaa,
    0xaa, 0xac, 0xff, 0xf3, 0xef, 0xff, 0xff, 0xff,
    0xff, 0xff, 0xff, 0xff, 0xff, 0x4c, 0xff, 0xff,
    0xff, 0xff, 0xff, 0xff, 0xff, 0xff, 0xf4, 0xaf,
    0xf9, 0x0, 0x0, 0x0, 0x0, 0x0, 0x1f, 0xff,
    0x36, 0xff, 0xe0, 0x0, 0x0, 0x0, 0x0, 0x5,
    0xff, 0xf0, 0x1f, 0xff, 0x60, 0x0, 0x0, 0x0,
    0x0, 0xcf, 0xfa, 0x0, 0x8f, 0xff, 0x30, 0x0,
    0x0, 0x0, 0x8f, 0xff, 0x20, 0x0, 0xdf, 0xff,
    0x71, 0x0, 0x3, 0xbf, 0xff, 0x80, 0x0, 0x2,
    0xdf, 0xff, 0xfe, 0xdf, 0xff, 0xff, 0x90, 0x0,
    0x0, 0x1, 0xaf, 0xff, 0xff, 0xff, 0xfe, 0x60,
    0x0, 0x0, 0x0, 0x0, 0x39, 0xde, 0xfe, 0xb6,
    0x0, 0x0, 0x0,

    /* U+0190 "Ɛ" */
    0x0, 0x1, 0x7b, 0xef, 0xfe, 0xb8, 0x30, 0x0,
    0x0, 0x6f, 0xff, 0xff, 0xff, 0xff, 0xfd, 0x20,
    0x5, 0xff, 0xff, 0xfe, 0xde, 0xff, 0xfe, 0x0,
    0xc, 0xff, 0xe5, 0x0, 0x0, 0x15, 0xa8, 0x0,
    0xf, 0xff, 0x60, 0x0, 0x0, 0x0, 0x0, 0x0,
    0xe, 0xff, 0x60, 0x0, 0x0, 0x0, 0x0, 0x0,
    0x9, 0xff, 0xe5, 0x10, 0x0, 0x0, 0x0, 0x0,
    0x0, 0xdf, 0xff, 0xff, 0xff, 0xf8, 0x0, 0x0,
    0x0, 0x4f, 0xff, 0xff, 0xff, 0xf8, 0x0, 0x0,
    0x7, 0xff, 0xfe, 0xba, 0xaa, 0xa5, 0x0, 0x0,
    0x3f, 0xff, 0x60, 0x0, 0x0, 0x0, 0x0, 0x0,
    0x9f, 0xfa, 0x0, 0x0, 0x0, 0x0, 0x0, 0x0,
    0xbf, 0xf9, 0x0, 0x0, 0x0, 0x0, 0x0, 0x0,
    0x9f, 0xfd, 0x0, 0x0, 0x0, 0x0, 0x3, 0x10,
    0x4f, 0xff, 0xb3, 0x0, 0x0, 0x15, 0xbf, 0x80,
    0xb, 0xff, 0xff, 0xfd, 0xde, 0xff, 0xff, 0xe0,
    0x0, 0x9f, 0xff, 0xff, 0xff, 0xff, 0xfe, 0x60,
    0x0, 0x2, 0x7b, 0xef, 0xfe, 0xc9, 0x50, 0x0,

    /* U+0191 "Ƒ" */
    0x0, 0x4, 0xff, 0xff, 0xff, 0xff, 0xff, 0xff,
    0x80, 0x0, 0x4f, 0xff, 0xff, 0xff, 0xff, 0xff,
    0xf8, 0x0, 0x4, 0xff, 0xfd, 0xdd, 0xdd, 0xdd,
    0xdd, 0x60, 0x0, 0x4f, 0xff, 0x0, 0x0, 0x0,
    0x0, 0x0, 0x0, 0x4, 0xff, 0xf0, 0x0, 0x0,
    0x0, 0x0, 0x0, 0x0, 0x4f, 0xff, 0x0, 0x0,
    0x0, 0x0, 0x0, 0x0, 0x4, 0xff, 0xf0, 0x0,
    0x0, 0x0, 0x0, 0x0, 0x0, 0x4f, 0xff, 0x0,
    0x0, 0x0, 0x0, 0x0, 0x0, 0x4, 0xff, 0xff,
    0xff, 0xff, 0xff, 0xf7, 0x0, 0x0, 0x4f, 0xff,
    0xff, 0xff, 0xff, 0xff, 0x70, 0x0, 0x4, 0xff,
    0xfd, 0xdd, 0xdd, 0xdd, 0xd6, 0x0, 0x0, 0x4f,
    0xff, 0x0, 0x0, 0x0, 0x0, 0x0, 0x0, 0x4,
    0xff, 0xf0, 0x0, 0x0, 0x0, 0x0, 0x0, 0x0,
    0x4f, 0xff, 0x0, 0x0, 0x0, 0x0, 0x0, 0x0,
    0x4, 0xff, 0xf0, 0x0, 0x0, 0x0, 0x0, 0x0,
    0x0, 0x4f, 0xff, 0x0, 0x0, 0x0, 0x0, 0x0,
    0x0, 0x4, 0xff, 0xf0, 0x0, 0x0, 0x0, 0x0,
    0x0, 0x0, 0x4f, 0xff, 0x0, 0x0, 0x0, 0x0,
    0x0, 0x0, 0x4, 0xff, 0xf0, 0x0, 0x0, 0x0,
    0x0, 0x0, 0x0, 0xaf, 0xfd, 0x0, 0x0, 0x0,
    0x0, 0x0, 0x1d, 0xef, 0xff, 0x90, 0x0, 0x0,
    0x0, 0x0, 0x6, 0xff, 0xff, 0xd1, 0x0, 0x0,
    0x0, 0x0, 0x0, 0x6d, 0xfe, 0x91, 0x0, 0x0,
    0x0, 0x0, 0x0, 0x0,

    /* U+0192 "ƒ" */
    0x0, 0x0, 0x0, 0x0, 0x59, 0x97, 0x20, 0x0,
    0x0, 0x0, 0x2e, 0xff, 0xff, 0xe0, 0x0, 0x0,
    0x0, 0xdf, 0xff, 0xff, 0x90, 0x0, 0x0, 0x4,
    0xff, 0xf4, 0x3, 0x20, 0x0, 0x0, 0x7, 0xff,
    0x90, 0x0, 0x0, 0x0, 0x0, 0x8, 0xff, 0x80,
    0x0, 0x0, 0x0, 0xb, 0xff, 0xff, 0xff, 0xff,
    0x20, 0x0, 0xb, 0xff, 0xff, 0xff, 0xff, 0x20,
    0x0, 0x6, 0x9f, 0xff, 0xf9, 0x99, 0x10, 0x0,
    0x0, 0x8, 0xff, 0x90, 0x0, 0x0, 0x0, 0x0,
    0x8, 0xff, 0x90, 0x0, 0x0, 0x0, 0x0, 0x8,
    0xff, 0x90, 0x0, 0x0, 0x0, 0x0, 0x8, 0xff,
    0x90, 0x0, 0x0, 0x0, 0x0, 0x8, 0xff, 0x90,
    0x0, 0x0, 0x0, 0x0, 0x8, 0xff, 0x90, 0x0,
    0x0, 0x0, 0x0, 0x8, 0xff, 0x90, 0x0, 0x0,
    0x0, 0x0, 0x8, 0xff, 0x90, 0x0, 0x0, 0x0,
    0x0, 0x8, 0xff, 0x90, 0x0, 0x0, 0x0, 0x0,
    0x8, 0xff, 0x90, 0x0, 0x0, 0x0, 0x0, 0x8,
    0xff, 0x90, 0x0, 0x0, 0x0, 0x0, 0x9, 0xff,
    0x80, 0x0, 0x0, 0x0, 0x0, 0xd, 0xff, 0x60,
    0x0, 0x0, 0x6, 0xeb, 0xef, 0xff, 0x10, 0x0,
    0x0, 0xc, 0xff, 0xff, 0xf7, 0x0, 0x0, 0x0,
    0x8, 0xdf, 0xfc, 0x50, 0x0, 0x0, 0x0,

    /* U+0193 "Ɠ" */
    0x0, 0x0, 0x0, 0x0, 0x0, 0x0, 0x0, 0x0,
    0x37, 0x62, 0x0, 0x0, 0x0, 0x0, 0x0, 0x0,
    0x0, 0xa, 0xff, 0xfd, 0x0, 0x0, 0x0, 0x0,
    0x0, 0x0, 0x0, 0x8f, 0xff, 0xf9, 0x0, 0x0,
    0x0, 0x0, 0x0, 0x0, 0x0, 0xef, 0xff, 0xf5,
    0x0, 0x0, 0x0, 0x0, 0x0, 0x0, 0x2, 0xff,
    0xf3, 0x0, 0x0, 0x0, 0x2, 0x8c, 0xef, 0xed,
    0x98, 0xff, 0xa0, 0x0, 0x0, 0x1, 0xaf, 0xff,
    0xff, 0xff, 0xff, 0xff, 0x90, 0x0, 0x0, 0x3e,
    0xff, 0xff, 0xff, 0xff, 0xff, 0xff, 0xc0, 0x0,
    0x2, 0xef, 0xff, 0xb5, 0x10, 0x3, 0x8f, 0xfe,
    0x20, 0x0, 0xb, 0xff, 0xf6, 0x0, 0x0, 0x0,
    0x2, 0xb1, 0x0, 0x0, 0x3f, 0xff, 0x70, 0x0,
    0x0, 0x0, 0x0, 0x0, 0x0, 0x0, 0x8f, 0xfd,
    0x0, 0x0, 0x0, 0x0, 0x0, 0x0, 0x0, 0x0,
    0xcf, 0xf8, 0x0, 0x0, 0x0, 0x0, 0x0, 0x0,
    0x0, 0x0, 0xdf, 0xf6, 0x0, 0x0, 0x0, 0x0,
    0x2, 0x33, 0x10, 0x0, 0xdf, 0xf6, 0x0, 0x0,
    0x0, 0x0, 0xb, 0xff, 0x60, 0x0, 0xcf, 0xf9,
    0x0, 0x0, 0x0, 0x0, 0xb, 0xff, 0x60, 0x0,
    0x8f, 0xfe, 0x0, 0x0, 0x0, 0x0, 0xb, 0xff,
    0x60, 0x0, 0x3f, 0xff, 0x70, 0x0, 0x0, 0x0,
    0xb, 0xff, 0x60, 0x0, 0xb, 0xff, 0xf6, 0x0,
    0x0, 0x0, 0xc, 0xff, 0x60, 0x0, 0x2, 0xef,
    0xff, 0xb4, 0x10, 0x3, 0x7f, 0xff, 0x60, 0x0,
    0x0, 0x3e, 0xff, 0xff, 0xff, 0xff, 0xff, 0xff,
    0x60, 0x0, 0x0, 0x1, 0xbf, 0xff, 0xff, 0xff,
    0xff, 0xd4, 0x0, 0x0, 0x0, 0x0, 0x3, 0x8c,
    0xef, 0xed, 0x94, 0x0, 0x0, 0x0,

    /* U+0194 "Ɣ" */
    0x2f, 0xff, 0x60, 0x0, 0x0, 0x0, 0x0, 0x6f,
    0xfd, 0x0, 0xaf, 0xfd, 0x0, 0x0, 0x0, 0x0,
    0xd, 0xff, 0x50, 0x2, 0xff, 0xf5, 0x0, 0x0,
    0x0, 0x5, 0xff, 0xd0, 0x0, 0xa, 0xff, 0xd0,
    0x0, 0x0, 0x0, 0xdf, 0xf6, 0x0, 0x0, 0x2f,
    0xff, 0x50, 0x0, 0x0, 0x5f, 0xfe, 0x0, 0x0,
    0x0, 0xaf, 0xfc, 0x0, 0x0, 0xd, 0xff, 0x60,
    0x0, 0x0, 0x2, 0xff, 0xf4, 0x0, 0x4, 0xff,
    0xe0, 0x0, 0x0, 0x0, 0xa, 0xff, 0xc0, 0x0,
    0xcf, 0xf7, 0x0, 0x0, 0x0, 0x0, 0x2f, 0xff,
    0x30, 0x4f, 0xfe, 0x0, 0x0, 0x0, 0x0, 0x0,
    0xaf, 0xfb, 0xc, 0xff, 0x70, 0x0, 0x0, 0x0,
    0x0, 0x2, 0xff, 0xf6, 0xff, 0xe0, 0x0, 0x0,
    0x0, 0x0, 0x0, 0xa, 0xff, 0xff, 0xf7, 0x0,
    0x0, 0x0, 0x0, 0x0, 0x0, 0x2f, 0xff, 0xff,
    0x10, 0x0, 0x0, 0x0, 0x0, 0x0, 0x0, 0xaf,
    0xff, 0x80, 0x0, 0x0, 0x0, 0x0, 0x0, 0x0,
    0x8, 0xff, 0xf4, 0x0, 0x0, 0x0, 0x0, 0x0,
    0x0, 0x0, 0xef, 0xff, 0xb0, 0x0, 0x0, 0x0,
    0x0, 0x0, 0x0, 0x7f, 0xff, 0xff, 0x30, 0x0,
    0x0, 0x0, 0x0, 0x0, 0xe, 0xfe, 0x5f, 0xfa,
    0x0, 0x0, 0x0, 0x0, 0x0, 0x5, 0xff, 0x50,
    0xcf, 0xe0, 0x0, 0x0, 0x0, 0x0, 0x0, 0x6f,
    0xf1, 0x8, 0xff, 0x0, 0x0, 0x0, 0x0, 0x0,
    0x4, 0xff, 0xa6, 0xef, 0xd0, 0x0, 0x0, 0x0,
    0x0, 0x0, 0xc, 0xff, 0xff, 0xf5, 0x0, 0x0,
    0x0, 0x0, 0x0, 0x0, 0x9, 0xef, 0xc4, 0x0,
    0x0, 0x0, 0x0,

    /* U+0196 "Ɩ" */
    0xcf, 0xf7, 0x0, 0x0, 0xcf, 0xf7, 0x0, 0x0,
    0xcf, 0xf7, 0x0, 0x0, 0xcf, 0xf7, 0x0, 0x0,
    0xcf, 0xf7, 0x0, 0x0, 0xcf, 0xf7, 0x0, 0x0,
    0xcf, 0xf7, 0x0, 0x0, 0xcf, 0xf7, 0x0, 0x0,
    0xcf, 0xf7, 0x0, 0x0, 0xcf, 0xf7, 0x0, 0x0,
    0xcf, 0xf7, 0x0, 0x0, 0xcf, 0xf7, 0x0, 0x0,
    0xcf, 0xf7, 0x0, 0x0, 0xcf, 0xf8, 0x0, 0x0,
    0xaf, 0xfd, 0x10, 0x20, 0x5f, 0xff, 0xfe, 0xf6,
    0xb, 0xff, 0xff, 0xfc, 0x0, 0x6d, 0xfe, 0xb4,

    /* U+0197 "Ɨ" */
    0x0, 0x4f, 0xff, 0x0, 0x0, 0x4, 0xff, 0xf0,
    0x0, 0x0, 0x4f, 0xff, 0x0, 0x0, 0x4, 0xff,
    0xf0, 0x0, 0x0, 0x4f, 0xff, 0x0, 0x0, 0x4,
    0xff, 0xf0, 0x0, 0x0, 0x4f, 0xff, 0x0, 0x5,
    0x7c, 0xff, 0xf7, 0x72, 0xbf, 0xff, 0xff, 0xff,
    0x5b, 0xff, 0xff, 0xff, 0xf5, 0x0, 0x4f, 0xff,
    0x0, 0x0, 0x4, 0xff, 0xf0, 0x0, 0x0, 0x4f,
    0xff, 0x0, 0x0, 0x4, 0xff, 0xf0, 0x0, 0x0,
    0x4f, 0xff, 0x0, 0x0, 0x4, 0xff, 0xf0, 0x0,
    0x0, 0x4f, 0xff, 0x0, 0x0, 0x4, 0xff, 0xf0,
    0x0,

    /* U+0198 "Ƙ" */
    0x0, 0x0, 0x0, 0x0, 0x0, 0x0, 0x14, 0x20,
    0x0, 0x0, 0x0, 0x0, 0x0, 0x0, 0x8f, 0xff,
    0xd1, 0xaf, 0xf9, 0x0, 0x0, 0x0, 0xaf, 0xff,
    0xfd, 0xa, 0xff, 0x90, 0x0, 0x0, 0x7f, 0xfe,
    0x9b, 0x20, 0xaf, 0xf9, 0x0, 0x0, 0x4f, 0xff,
    0x30, 0x0, 0xa, 0xff, 0x90, 0x0, 0x1e, 0xff,
    0x50, 0x0, 0x0, 0xaf, 0xf9, 0x0, 0xc, 0xff,
    0x80, 0x0, 0x0, 0xa, 0xff, 0x90, 0xa, 0xff,
    0xb0, 0x0, 0x0, 0x0, 0xaf, 0xf9, 0x6, 0xff,
    0xe1, 0x0, 0x0, 0x0, 0xa, 0xff, 0x93, 0xff,
    0xf5, 0x0, 0x0, 0x0, 0x0, 0xaf, 0xfb, 0xef,
    0xff, 0xd0, 0x0, 0x0, 0x0, 0xa, 0xff, 0xff,
    0xff, 0xff, 0xa0, 0x0, 0x0, 0x0, 0xaf, 0xff,
    0xfc, 0x9f, 0xff, 0x70, 0x0, 0x0, 0xa, 0xff,
    0xfe, 0x10, 0xbf, 0xff, 0x40, 0x0, 0x0, 0xaf,
    0xff, 0x30, 0x1, 0xdf, 0xfe, 0x10, 0x0, 0xa,
    0xff, 0xd0, 0x0, 0x2, 0xff, 0xfc, 0x0, 0x0,
    0xaf, 0xf9, 0x0, 0x0, 0x5, 0xff, 0xf9, 0x0,
    0xa, 0xff, 0x90, 0x0, 0x0, 0x7, 0xff, 0xf6,
    0x0, 0xaf, 0xf9, 0x0, 0x0, 0x0, 0xa, 0xff,
    0xf3, 0xa, 0xff, 0x90, 0x0, 0x0, 0x0, 0xd,
    0xff, 0xe1,

    /* U+0199 "ƙ" */
    0x0, 0x2, 0x79, 0x96, 0x10, 0x0, 0x0, 0x0,
    0x8, 0xff, 0xff, 0xff, 0x60, 0x0, 0x0, 0x6,
    0xff, 0xff, 0xff, 0xf2, 0x0, 0x0, 0x0, 0xdf,
    0xfb, 0x11, 0x57, 0x0, 0x0, 0x0, 0xf, 0xff,
    0x20, 0x0, 0x0, 0x0, 0x0, 0x1, 0xff, 0xf0,
    0x0, 0x0, 0x0, 0x0, 0x0, 0x1f, 0xff, 0x0,
    0x0, 0x1, 0xdf, 0xfc, 0x1, 0xff, 0xf0, 0x0,
    0x2, 0xef, 0xfc, 0x0, 0x1f, 0xff, 0x0, 0x2,
    0xef, 0xfd, 0x10, 0x1, 0xff, 0xf0, 0x2, 0xef,
    0xfd, 0x10, 0x0, 0x1f, 0xff, 0x3, 0xef, 0xfd,
    0x10, 0x0, 0x1, 0xff, 0xf4, 0xef, 0xff, 0x20,
    0x0, 0x0, 0x1f, 0xff, 0xff, 0xff, 0xf3, 0x0,
    0x0, 0x1, 0xff, 0xff, 0xff, 0xff, 0xd0, 0x0,
    0x0, 0x1f, 0xff, 0xfc, 0x5f, 0xff, 0xa0, 0x0,
    0x1, 0xff, 0xfd, 0x0, 0x7f, 0xff, 0x60, 0x0,
    0x1f, 0xff, 0x10, 0x0, 0xbf, 0xff, 0x30, 0x1,
    0xff, 0xf0, 0x0, 0x1, 0xdf, 0xfd, 0x0, 0x1f,
    0xff, 0x0, 0x0, 0x3, 0xff, 0xfa, 0x1, 0xff,
    0xf0, 0x0, 0x0, 0x6, 0xff, 0xf6,

    /* U+019A "ƚ" */
    0x0, 0x5f, 0xfc, 0x0, 0x0, 0x5, 0xff, 0xc0,
    0x0, 0x0, 0x5f, 0xfc, 0x0, 0x0, 0x5, 0xff,
    0xc0, 0x0, 0x0, 0x5f, 0xfc, 0x0, 0x0, 0x5,
    0xff, 0xc0, 0x0, 0x0, 0x5f, 0xfc, 0x0, 0x0,
    0x5, 0xff, 0xc0, 0x0, 0x1, 0x7f, 0xfe, 0x11,
    0xa, 0xff, 0xff, 0xff, 0xf0, 0xaf, 0xff, 0xff,
    0xff, 0x0, 0x5, 0xff, 0xc0, 0x0, 0x0, 0x5f,
    0xfc, 0x0, 0x0, 0x5, 0xff, 0xc0, 0x0, 0x0,
    0x5f, 0xfc, 0x0, 0x0, 0x5, 0xff, 0xc0, 0x0,
    0x0, 0x5f, 0xfc, 0x0, 0x0, 0x5, 0xff, 0xc0,
    0x0, 0x0, 0x5f, 0xfc, 0x0, 0x0,

    /* U+019B "ƛ" */
    0x0, 0x59, 0xa8, 0x30, 0x0, 0x0, 0x0, 0x0,
    0xd, 0xff, 0xff, 0xf9, 0x0, 0x28, 0x10, 0x0,
    0xb, 0xff, 0xff, 0xff, 0xdc, 0xff, 0x70, 0x0,
    0x3, 0xa2, 0x9, 0xff, 0xff, 0xfa, 0x30, 0x0,
    0x0, 0x16, 0xdf, 0xff, 0xff, 0x10, 0x0, 0x0,
    0x0, 0x3f, 0xff, 0xbf, 0xfe, 0x0, 0x0, 0x0,
    0x0, 0xa, 0x61, 0xf, 0xff, 0x50, 0x0, 0x0,
    0x0, 0x0, 0x0, 0x5f, 0xff, 0xc0, 0x0, 0x0,
    0x0, 0x0, 0x0, 0xcf, 0xff, 0xf3, 0x0, 0x0,
    0x0, 0x0, 0x3, 0xff, 0xff, 0xf9, 0x0, 0x0,
    0x0, 0x0, 0xa, 0xff, 0x5f, 0xff, 0x10, 0x0,
    0x0, 0x0, 0x1f, 0xfd, 0xa, 0xff, 0x70, 0x0,
    0x0, 0x0, 0x7f, 0xf7, 0x4, 0xff, 0xd0, 0x0,
    0x0, 0x0, 0xef, 0xf1, 0x0, 0xdf, 0xf4, 0x0,
    0x0, 0x5, 0xff, 0x90, 0x0, 0x7f, 0xfb, 0x0,
    0x0, 0xc, 0xff, 0x30, 0x0, 0x1f, 0xff, 0x20,
    0x0, 0x2f, 0xfc, 0x0, 0x0, 0xa, 0xff, 0x80,
    0x0, 0x9f, 0xf6, 0x0, 0x0, 0x3, 0xff, 0xe0,
    0x1, 0xff, 0xe0, 0x0, 0x0, 0x0, 0xdf, 0xf5,
    0x7, 0xff, 0x80, 0x0, 0x0, 0x0, 0x6f, 0xfc,

    /* U+019C "Ɯ" */
    0xcf, 0xf7, 0x0, 0x0, 0x0, 0x5, 0xff, 0xe0,
    0x0, 0x0, 0x0, 0xf, 0xff, 0x4c, 0xff, 0x70,
    0x0, 0x0, 0x0, 0x5f, 0xfe, 0x0, 0x0, 0x0,
    0x0, 0xff, 0xf4, 0xcf, 0xf7, 0x0, 0x0, 0x0,
    0x5, 0xff, 0xe0, 0x0, 0x0, 0x0, 0xf, 0xff,
    0x4c, 0xff, 0x70, 0x0, 0x0, 0x0, 0x5f, 0xfe,
    0x0, 0x0, 0x0, 0x0, 0xff, 0xf4, 0xcf, 0xf7,
    0x0, 0x0, 0x0, 0x5, 0xff, 0xe0, 0x0, 0x0,
    0x0, 0xf, 0xff, 0x4c, 0xff, 0x70, 0x0, 0x0,
    0x0, 0x5f, 0xfe, 0x0, 0x0, 0x0, 0x0, 0xff,
    0xf4, 0xcf, 0xf7, 0x0, 0x0, 0x0, 0x5, 0xff,
    0xe0, 0x0, 0x0, 0x0, 0xf, 0xff, 0x4c, 0xff,
    0x70, 0x0, 0x0, 0x0, 0x5f, 0xfe, 0x0, 0x0,
    0x0, 0x0, 0xff, 0xf4, 0xcf, 0xf7, 0x0, 0x0,
    0x0, 0x5, 0xff, 0xe0, 0x0, 0x0, 0x0, 0xf,
    0xff, 0x4c, 0xff, 0x70, 0x0, 0x0, 0x0, 0x5f,
    0xfe, 0x0, 0x0, 0x0, 0x0, 0xff, 0xf4, 0xcf,
    0xf7, 0x0, 0x0, 0x0, 0x5, 0xff, 0xe0, 0x0,
    0x0, 0x0, 0xf, 0xff, 0x4c, 0xff, 0x80, 0x0,
    0x0, 0x0, 0x6f, 0xff, 0x0, 0x0, 0x0, 0x1,
    0xff, 0xf4, 0xaf, 0xfb, 0x0, 0x0, 0x0, 0xa,
    0xff, 0xf2, 0x0, 0x0, 0x0, 0x5f, 0xff, 0x47,
    0xff, 0xf3, 0x0, 0x0, 0x2, 0xff, 0xff, 0x90,
    0x0, 0x0, 0xd, 0xff, 0xf4, 0x2f, 0xff, 0xe6,
    0x10, 0x16, 0xef, 0xff, 0xff, 0x92, 0x0, 0x4d,
    0xff, 0xff, 0x40, 0x9f, 0xff, 0xff, 0xff, 0xff,
    0xf8, 0xff, 0xff, 0xff, 0xff, 0xfe, 0xef, 0xf4,
    0x0, 0xaf, 0xff, 0xff, 0xff, 0xe4, 0x7, 0xff,
    0xff, 0xff, 0xfe, 0x2e, 0xff, 0x40, 0x0, 0x4a,
    0xef, 0xec, 0x71, 0x0, 0x3, 0xae, 0xfe, 0xc7,
    0x10, 0xef, 0xf4,

    /* U+019D "Ɲ" */
    0x0, 0x4, 0xff, 0xd0, 0x6, 0xce, 0xfe, 0xb5,
    0x0, 0x0, 0x0, 0x4, 0xff, 0xd3, 0xef, 0xff,
    0xff, 0xff, 0xb0, 0x0, 0x0, 0x4, 0xff, 0xff,
    0xff, 0xff, 0xff, 0xff, 0xfb, 0x0, 0x0, 0x4,
    0xff, 0xff, 0xe6, 0x10, 0x5, 0xef, 0xff, 0x40,
    0x0, 0x4, 0xff, 0xfe, 0x10, 0x0, 0x0, 0x1e,
    0xff, 0xa0, 0x0, 0x4, 0xff, 0xf6, 0x0, 0x0,
    0x0, 0x8, 0xff, 0xe0, 0x0, 0x4, 0xff, 0xf1,
    0x0, 0x0, 0x0, 0x4, 0xff, 0xf0, 0x0, 0x4,
    0xff, 0xf0, 0x0, 0x0, 0x0, 0x3, 0xff, 0xf1,
    0x0, 0x4, 0xff, 0xf0, 0x0, 0x0, 0x0, 0x2,
    0xff, 0xf1, 0x0, 0x4, 0xff, 0xf0, 0x0, 0x0,
    0x0, 0x2, 0xff, 0xf1, 0x0, 0x4, 0xff, 0xf0,
    0x0, 0x0, 0x0, 0x2, 0xff, 0xf1, 0x0, 0x4,
    0xff, 0xf0, 0x0, 0x0, 0x0, 0x2, 0xff, 0xf1,
    0x0, 0x4, 0xff, 0xf0, 0x0, 0x0, 0x0, 0x2,
    0xff, 0xf1, 0x0, 0x4, 0xff, 0xf0, 0x0, 0x0,
    0x0, 0x2, 0xff, 0xf1, 0x0, 0x4, 0xff, 0xf0,
    0x0, 0x0, 0x0, 0x2, 0xff, 0xf1, 0x0, 0x4,
    0xff, 0xf0, 0x0, 0x0, 0x0, 0x2, 0xff, 0xf1,
    0x0, 0x4, 0xff, 0xf0, 0x0, 0x0, 0x0, 0x2,
    0xff, 0xf1, 0x0, 0x4, 0xff, 0xf0, 0x0, 0x0,
    0x0, 0x2, 0xff, 0xf1, 0x0, 0x4, 0xff, 0xf0,
    0x0, 0x0, 0x0, 0x0, 0x0, 0x0, 0x0, 0x9,
    0xff, 0xd0, 0x0, 0x0, 0x0, 0x0, 0x0, 0x0,
    0x1b, 0xcf, 0xff, 0x80, 0x0, 0x0, 0x0, 0x0,
    0x0, 0x0, 0x6f, 0xff, 0xfd, 0x0, 0x0, 0x0,
    0x0, 0x0, 0x0, 0x0, 0x7e, 0xfe, 0x80, 0x0,
    0x0, 0x0, 0x0, 0x0, 0x0, 0x0,

    /* U+019E "ƞ" */
    0xff, 0xf0, 0x4a, 0xef, 0xeb, 0x40, 0x0, 0xff,
    0xf9, 0xff, 0xff, 0xff, 0xf8, 0x0, 0xff, 0xff,
    0xfe, 0xbc, 0xff, 0xff, 0x50, 0xff, 0xff, 0x80,
    0x0, 0x2d, 0xff, 0xc0, 0xff, 0xfb, 0x0, 0x0,
    0x4, 0xff, 0xf0, 0xff, 0xf5, 0x0, 0x0, 0x0,
    0xff, 0xf2, 0xff, 0xf3, 0x0, 0x0, 0x0, 0xef,
    0xf3, 0xff, 0xf2, 0x0, 0x0, 0x0, 0xef, 0xf3,
    0xff, 0xf2, 0x0, 0x0, 0x0, 0xef, 0xf3, 0xff,
    0xf2, 0x0, 0x0, 0x0, 0xef, 0xf3, 0xff, 0xf2,
    0x0, 0x0, 0x0, 0xef, 0xf3, 0xff, 0xf2, 0x0,
    0x0, 0x0, 0xef, 0xf3, 0xff, 0xf2, 0x0, 0x0,
    0x0, 0xef, 0xf3, 0xff, 0xf2, 0x0, 0x0, 0x0,
    0xef, 0xf3, 0x0, 0x0, 0x0, 0x0, 0x0, 0xef,
    0xf3, 0x0, 0x0, 0x0, 0x0, 0x0, 0xef, 0xf3,
    0x0, 0x0, 0x0, 0x0, 0x0, 0xef, 0xf3, 0x0,
    0x0, 0x0, 0x0, 0x0, 0xef, 0xf3, 0x0, 0x0,
    0x0, 0x0, 0x0, 0xef, 0xf3,

    /* U+019F "Ɵ" */
    0x0, 0x0, 0x2, 0x8c, 0xef, 0xec, 0x83, 0x0,
    0x0, 0x0, 0x0, 0x1a, 0xff, 0xff, 0xff, 0xff,
    0xfb, 0x20, 0x0, 0x0, 0x2e, 0xff, 0xff, 0xff,
    0xff, 0xff, 0xfe, 0x40, 0x0, 0x1e, 0xff, 0xfa,
    0x40, 0x0, 0x3a, 0xff, 0xff, 0x20, 0xa, 0xff,
    0xe3, 0x0, 0x0, 0x0, 0x2, 0xdf, 0xfc, 0x2,
    0xff, 0xf3, 0x0, 0x0, 0x0, 0x0, 0x2, 0xff,
    0xf4, 0x8f, 0xfb, 0x0, 0x0, 0x0, 0x0, 0x0,
    0x9, 0xff, 0x9b, 0xff, 0xff, 0xff, 0xff, 0xff,
    0xff, 0xff, 0xff, 0xfd, 0xdf, 0xff, 0xff, 0xff,
    0xff, 0xff, 0xff, 0xff, 0xff, 0xed, 0xff, 0xb7,
    0x77, 0x77, 0x77, 0x77, 0x77, 0xbf, 0xfe, 0xbf,
    0xfb, 0x0, 0x0, 0x0, 0x0, 0x0, 0x9, 0xff,
    0xd8, 0xff, 0xf1, 0x0, 0x0, 0x0, 0x0, 0x0,
    0xff, 0xf9, 0x2f, 0xff, 0xa0, 0x0, 0x0, 0x0,
    0x0, 0x8f, 0xff, 0x40, 0xaf, 0xff, 0x80, 0x0,
    0x0, 0x0, 0x6f, 0xff, 0xc0, 0x1, 0xef, 0xff,
    0xc5, 0x10, 0x4, 0xbf, 0xff, 0xf2, 0x0, 0x2,
    0xef, 0xff, 0xff, 0xff, 0xff, 0xff, 0xf4, 0x0,
    0x0, 0x1, 0xaf, 0xff, 0xff, 0xff, 0xff, 0xb2,
    0x0, 0x0, 0x0, 0x0, 0x28, 0xce, 0xfe, 0xd9,
    0x30, 0x0, 0x0,

    /* U+01A0 "Ơ" */
    0x0, 0x0, 0x0, 0x0, 0x0, 0x0, 0x0, 0x0,
    0x39, 0x10, 0x0, 0x0, 0x0, 0x0, 0x0, 0x0,
    0x0, 0xb, 0xf8, 0x0, 0x0, 0x0, 0x0, 0x0,
    0x0, 0x0, 0x0, 0x8f, 0xa0, 0x0, 0x0, 0x0,
    0x0, 0x0, 0x0, 0x0, 0x3d, 0xf8, 0x0, 0x0,
    0x2, 0x8c, 0xef, 0xff, 0xff, 0xff, 0xfe, 0x20,
    0x0, 0x1a, 0xff, 0xff, 0xff, 0xff, 0xff, 0xf9,
    0x20, 0x0, 0x3e, 0xff, 0xff, 0xff, 0xff, 0xff,
    0xff, 0x60, 0x0, 0x2e, 0xff, 0xfb, 0x40, 0x0,
    0x4a, 0xff, 0xff, 0x40, 0xb, 0xff, 0xf5, 0x0,
    0x0, 0x0, 0x5, 0xff, 0xfd, 0x3, 0xff, 0xf7,
    0x0, 0x0, 0x0, 0x0, 0x6, 0xff, 0xf5, 0x8f,
    0xfd, 0x0, 0x0, 0x0, 0x0, 0x0, 0xd, 0xff,
    0xac, 0xff, 0x90, 0x0, 0x0, 0x0, 0x0, 0x0,
    0x8f, 0xfd, 0xdf, 0xf6, 0x0, 0x0, 0x0, 0x0,
    0x0, 0x5, 0xff, 0xed, 0xff, 0x60, 0x0, 0x0,
    0x0, 0x0, 0x0, 0x6f, 0xfe, 0xcf, 0xf9, 0x0,
    0x0, 0x0, 0x0, 0x0, 0x8, 0xff, 0xc8, 0xff,
    0xe0, 0x0, 0x0, 0x0, 0x0, 0x0, 0xdf, 0xf8,
    0x3f, 0xff, 0x70, 0x0, 0x0, 0x0, 0x0, 0x6f,
    0xff, 0x30, 0xbf, 0xff, 0x50, 0x0, 0x0, 0x0,
    0x5f, 0xff, 0xb0, 0x1, 0xef, 0xff, 0xb4, 0x0,
    0x4, 0xbf, 0xff, 0xe2, 0x0, 0x3, 0xef, 0xff,
    0xff, 0xff, 0xff, 0xff, 0xe3, 0x0, 0x0, 0x1,
    0xaf, 0xff, 0xff, 0xff, 0xff, 0xb1, 0x0, 0x0,
    0x0, 0x0, 0x38, 0xce, 0xfe, 0xc8, 0x30, 0x0,
    0x0,

    /* U+01A1 "ơ" */
    0x0, 0x0, 0x0, 0x0, 0x0, 0x0, 0x29, 0x50,
    0x0, 0x0, 0x0, 0x0, 0x0, 0x0, 0x6f, 0xc0,
    0x0, 0x0, 0x0, 0x0, 0x0, 0x0, 0x3f, 0xe0,
    0x0, 0x0, 0x0, 0x0, 0x0, 0x1, 0xaf, 0xd0,
    0x0, 0x0, 0x28, 0xde, 0xff, 0xff, 0xff, 0x60,
    0x0, 0x7, 0xff, 0xff, 0xff, 0xff, 0xf7, 0x0,
    0x0, 0x7f, 0xff, 0xfd, 0xcf, 0xff, 0xf8, 0x0,
    0x2, 0xff, 0xfa, 0x10, 0x1, 0x9f, 0xff, 0x40,
    0x9, 0xff, 0xc0, 0x0, 0x0, 0xa, 0xff, 0xb0,
    0xd, 0xff, 0x50, 0x0, 0x0, 0x3, 0xff, 0xf0,
    0xf, 0xff, 0x20, 0x0, 0x0, 0x0, 0xff, 0xf2,
    0xf, 0xff, 0x20, 0x0, 0x0, 0x0, 0xff, 0xf1,
    0xd, 0xff, 0x50, 0x0, 0x0, 0x3, 0xff, 0xf0,
    0x9, 0xff, 0xc0, 0x0, 0x0, 0xb, 0xff, 0xb0,
    0x2, 0xff, 0xfb, 0x10, 0x1, 0x9f, 0xff, 0x40,
    0x0, 0x6f, 0xff, 0xfd, 0xdf, 0xff, 0xf8, 0x0,
    0x0, 0x6, 0xff, 0xff, 0xff, 0xff, 0x80, 0x0,
    0x0, 0x0, 0x28, 0xdf, 0xfd, 0x92, 0x0, 0x0,

    /* U+01A4 "Ƥ" */
    0x0, 0x2a, 0xef, 0xff, 0xff, 0xff, 0xff, 0xfd,
    0xb6, 0x0, 0x0, 0x4, 0xff, 0xff, 0xff, 0xff,
    0xff, 0xff, 0xff, 0xff, 0xe4, 0x0, 0xd, 0xff,
    0xfd, 0xff, 0xff, 0xfd, 0xdd, 0xef, 0xff, 0xff,
    0x30, 0x3f, 0xff, 0x30, 0x2f, 0xff, 0x10, 0x0,
    0x0, 0x6f, 0xff, 0xc0, 0x4f, 0xfc, 0x0, 0x2f,
    0xff, 0x10, 0x0, 0x0, 0x4, 0xff, 0xf3, 0x2f,
    0xfe, 0x0, 0x2f, 0xff, 0x10, 0x0, 0x0, 0x0,
    0xef, 0xf6, 0xe, 0xff, 0x60, 0x2f, 0xff, 0x10,
    0x0, 0x0, 0x0, 0xcf, 0xf7, 0x6, 0xfd, 0x30,
    0x2f, 0xff, 0x10, 0x0, 0x0, 0x0, 0xef, 0xf5,
    0x0, 0x60, 0x0, 0x2f, 0xff, 0x10, 0x0, 0x0,
    0x6, 0xff, 0xf2, 0x0, 0x0, 0x0, 0x2f, 0xff,
    0x10, 0x0, 0x2, 0x8f, 0xff, 0xb0, 0x0, 0x0,
    0x0, 0x2f, 0xff, 0xff, 0xff, 0xff, 0xff, 0xfe,
    0x20, 0x0, 0x0, 0x0, 0x2f, 0xff, 0xff, 0xff,
    0xff, 0xff, 0xc2, 0x0, 0x0, 0x0, 0x0, 0x2f,
    0xff, 0xfd, 0xdd, 0xdb, 0x94, 0x0, 0x0, 0x0,
    0x0, 0x0, 0x2f, 0xff, 0x10, 0x0, 0x0, 0x0,
    0x0, 0x0, 0x0, 0x0, 0x0, 0x2f, 0xff, 0x10,
    0x0, 0x0, 0x0, 0x0, 0x0, 0x0, 0x0, 0x0,
    0x2f, 0xff, 0x10, 0x0, 0x0, 0x0, 0x0, 0x0,
    0x0, 0x0, 0x0, 0x2f, 0xff, 0x10, 0x0, 0x0,
    0x0, 0x0, 0x0, 0x0, 0x0, 0x0, 0x2f, 0xff,
    0x10, 0x0, 0x0, 0x0, 0x0, 0x0,

    /* U+01A5 "ƥ" */
    0x0, 0x17, 0x99, 0x72, 0x0, 0x0, 0x0, 0x0,
    0x6f, 0xff, 0xff, 0xf8, 0x0, 0x0, 0x0, 0x4f,
    0xff, 0xff, 0xff, 0x50, 0x0, 0x0, 0xb, 0xff,
    0xc2, 0x4, 0x90, 0x0, 0x0, 0x0, 0xef, 0xf4,
    0x0, 0x0, 0x0, 0x0, 0x0, 0xf, 0xff, 0x20,
    0x0, 0x0, 0x0, 0x0, 0x0, 0xff, 0xf2, 0x3a,
    0xef, 0xeb, 0x40, 0x0, 0xf, 0xff, 0xaf, 0xff,
    0xff, 0xff, 0xb0, 0x0, 0xff, 0xff, 0xff, 0xdc,
    0xff, 0xff, 0xb0, 0xf, 0xff, 0xfb, 0x10, 0x0,
    0x9f, 0xff, 0x60, 0xff, 0xfe, 0x0, 0x0, 0x0,
    0xaf, 0xfc, 0xf, 0xff, 0x60, 0x0, 0x0, 0x3,
    0xff, 0xf0, 0xff, 0xf2, 0x0, 0x0, 0x0, 0xf,
    0xff, 0x2f, 0xff, 0x20, 0x0, 0x0, 0x0, 0xff,
    0xf2, 0xff, 0xf6, 0x0, 0x0, 0x0, 0x3f, 0xff,
    0xf, 0xff, 0xe0, 0x0, 0x0, 0xa, 0xff, 0xc0,
    0xff, 0xff, 0xb1, 0x0, 0x9, 0xff, 0xf6, 0xf,
    0xff, 0xff, 0xfd, 0xcf, 0xff, 0xfb, 0x0, 0xff,
    0xf9, 0xff, 0xff, 0xff, 0xfa, 0x0, 0xf, 0xff,
    0x23, 0xae, 0xfe, 0xb4, 0x0, 0x0, 0xff, 0xf2,
    0x0, 0x0, 0x0, 0x0, 0x0, 0xf, 0xff, 0x20,
    0x0, 0x0, 0x0, 0x0, 0x0, 0xff, 0xf2, 0x0,
    0x0, 0x0, 0x0, 0x0, 0xf, 0xff, 0x20, 0x0,
    0x0, 0x0, 0x0, 0x0, 0xff, 0xf2, 0x0, 0x0,
    0x0, 0x0, 0x0, 0x0,

    /* U+01A6 "Ʀ" */
    0xaf, 0xf9, 0x0, 0x0, 0x0, 0x0, 0x0, 0x0,
    0xaf, 0xf9, 0x0, 0x0, 0x0, 0x0, 0x0, 0x0,
    0xaf, 0xff, 0xff, 0xff, 0xed, 0x93, 0x0, 0x0,
    0xaf, 0xff, 0xff, 0xff, 0xff, 0xff, 0xa0, 0x0,
    0xaf, 0xff, 0xdd, 0xdd, 0xff, 0xff, 0xfb, 0x0,
    0xaf, 0xf9, 0x0, 0x0, 0x3, 0xbf, 0xff, 0x50,
    0xaf, 0xf9, 0x0, 0x0, 0x0, 0xc, 0xff, 0xb0,
    0xaf, 0xf9, 0x0, 0x0, 0x0, 0x6, 0xff, 0xe0,
    0xaf, 0xf9, 0x0, 0x0, 0x0, 0x4, 0xff, 0xf0,
    0xaf, 0xf9, 0x0, 0x0, 0x0, 0x7, 0xff, 0xd0,
    0xaf, 0xf9, 0x0, 0x0, 0x0, 0xd, 0xff, 0xa0,
    0xaf, 0xf9, 0x0, 0x0, 0x15, 0xdf, 0xff, 0x30,
    0xaf, 0xff, 0xff, 0xff, 0xff, 0xff, 0xf8, 0x0,
    0xaf, 0xff, 0xff, 0xff, 0xff, 0xff, 0x60, 0x0,
    0xaf, 0xff, 0xcc, 0xcf, 0xff, 0xf3, 0x0, 0x0,
    0xaf, 0xf9, 0x0, 0x0, 0xaf, 0xfc, 0x0, 0x0,
    0xaf, 0xf9, 0x0, 0x0, 0x1e, 0xff, 0x80, 0x0,
    0xaf, 0xf9, 0x0, 0x0, 0x4, 0xff, 0xf3, 0x0,
    0x0, 0x0, 0x0, 0x0, 0x0, 0x9f, 0xfd, 0x0,
    0x0, 0x0, 0x0, 0x0, 0x0, 0xd, 0xff, 0x90,
    0x0, 0x0, 0x0, 0x0, 0x0, 0x3, 0x88, 0x71,

    /* U+01A9 "Ʃ" */
    0x0, 0x0, 0x0, 0x3, 0xae, 0xfe, 0xa2, 0x0,
    0x0, 0x0, 0x5, 0xff, 0xff, 0xff, 0xf1, 0x0,
    0x0, 0x0, 0xff, 0xff, 0xff, 0xfc, 0x0, 0x0,
    0x0, 0x5f, 0xff, 0x60, 0x4, 0x40, 0x0, 0x0,
    0x7, 0xff, 0xd0, 0x0, 0x0, 0x0, 0x0, 0x0,
    0x7f, 0xfc, 0x0, 0x0, 0x0, 0x0, 0x0, 0x7,
    0xff, 0xc0, 0x0, 0x0, 0x0, 0x0, 0x0, 0x7f,
    0xfc, 0x0, 0x0, 0x0, 0x0, 0x0, 0x7, 0xff,
    0xd0, 0x0, 0x0, 0x0, 0x0, 0x0, 0x7f, 0xfd,
    0x0, 0x0, 0x0, 0x0, 0x0, 0x6, 0xff, 0xd0,
    0x0, 0x0, 0x0, 0x0, 0x0, 0x6f, 0xfd, 0x0,
    0x0, 0x0, 0x0, 0x0, 0x6, 0xff, 0xd0, 0x0,
    0x0, 0x0, 0x0, 0x0, 0x7f, 0xfd, 0x0, 0x0,
    0x0, 0x7, 0x0, 0x2e, 0xff, 0xb0, 0x0, 0x0,
    0x6, 0xff, 0xef, 0xff, 0xf6, 0x0, 0x0, 0x0,
    0xbf, 0xff, 0xff, 0xfb, 0x0, 0x0, 0x0, 0x0,
    0x7d, 0xfe, 0xc6, 0x0, 0x0, 0x0, 0x0,

    /* U+01AC "Ƭ" */
    0x0, 0x3a, 0xef, 0xff, 0xff, 0xff, 0xff, 0xff,
    0xf0, 0x4, 0xff, 0xff, 0xff, 0xff, 0xff, 0xff,
    0xff, 0xf0, 0xe, 0xff, 0xfd, 0xdd, 0xff, 0xff,
    0xdd, 0xdd, 0xd0, 0x3f, 0xfd, 0x10, 0x0, 0xff,
    0xf4, 0x0, 0x0, 0x0, 0x4f, 0xf8, 0x0, 0x0,
    0xff, 0xf4, 0x0, 0x0, 0x0, 0x2f, 0xfa, 0x0,
    0x0, 0xff, 0xf4, 0x0, 0x0, 0x0, 0xd, 0xff,
    0x20, 0x0, 0xff, 0xf4, 0x0, 0x0, 0x0, 0x5,
    0xfd, 0x30, 0x0, 0xff, 0xf4, 0x0, 0x0, 0x0,
    0x0, 0x50, 0x0, 0x0, 0xff, 0xf4, 0x0, 0x0,
    0x0, 0x0, 0x0, 0x0, 0x0, 0xff, 0xf4, 0x0,
    0x0, 0x0, 0x0, 0x0, 0x0, 0x0, 0xff, 0xf4,
    0x0, 0x0, 0x0, 0x0, 0x0, 0x0, 0x0, 0xff,
    0xf4, 0x0, 0x0, 0x0, 0x0, 0x0, 0x0, 0x0,
    0xff, 0xf4, 0x0, 0x0, 0x0, 0x0, 0x0, 0x0,
    0x0, 0xff, 0xf4, 0x0, 0x0, 0x0, 0x0, 0x0,
    0x0, 0x0, 0xff, 0xf4, 0x0, 0x0, 0x0, 0x0,
    0x0, 0x0, 0x0, 0xff, 0xf4, 0x0, 0x0, 0x0,
    0x0, 0x0, 0x0, 0x0, 0xff, 0xf4, 0x0, 0x0,
    0x0, 0x0, 0x0, 0x0, 0x0, 0xff, 0xf4, 0x0,
    0x0, 0x0,

    /* U+01AD "ƭ" */
    0x0, 0x0, 0x5, 0x89, 0x61, 0x0, 0x0, 0x2d,
    0xff, 0xff, 0xe0, 0x0, 0xd, 0xff, 0xff, 0xf9,
    0x0, 0x4, 0xff, 0xf4, 0x3, 0x20, 0x0, 0x7f,
    0xfb, 0x0, 0x0, 0x0, 0x8, 0xff, 0x90, 0x0,
    0x0, 0xbf, 0xff, 0xff, 0xff, 0xf2, 0xb, 0xff,
    0xff, 0xff, 0xff, 0x20, 0x69, 0xff, 0xff, 0x99,
    0x91, 0x0, 0x8, 0xff, 0x90, 0x0, 0x0, 0x0,
    0x8f, 0xf9, 0x0, 0x0, 0x0, 0x8, 0xff, 0x90,
    0x0, 0x0, 0x0, 0x8f, 0xf9, 0x0, 0x0, 0x0,
    0x8, 0xff, 0x90, 0x0, 0x0, 0x0, 0x8f, 0xf9,
    0x0, 0x0, 0x0, 0x8, 0xff, 0xa0, 0x0, 0x0,
    0x0, 0x6f, 0xfe, 0x0, 0x0, 0x0, 0x2, 0xff,
    0xfe, 0xbe, 0x70, 0x0, 0x9, 0xff, 0xff, 0xfd,
    0x0, 0x0, 0x6, 0xcf, 0xec, 0x60,

    /* U+01AE "Ʈ" */
    0xef, 0xff, 0xff, 0xff, 0xff, 0xff, 0xff, 0xfe,
    0xff, 0xff, 0xff, 0xff, 0xff, 0xff, 0xff, 0xcd,
    0xdd, 0xde, 0xff, 0xff, 0xdd, 0xdd, 0xc0, 0x0,
    0x0, 0x1f, 0xff, 0x20, 0x0, 0x0, 0x0, 0x0,
    0x1, 0xff, 0xf2, 0x0, 0x0, 0x0, 0x0, 0x0,
    0x1f, 0xff, 0x20, 0x0, 0x0, 0x0, 0x0, 0x1,
    0xff, 0xf2, 0x0, 0x0, 0x0, 0x0, 0x0, 0x1f,
    0xff, 0x20, 0x0, 0x0, 0x0, 0x0, 0x1, 0xff,
    0xf2, 0x0, 0x0, 0x0, 0x0, 0x0, 0x1f, 0xff,
    0x20, 0x0, 0x0, 0x0, 0x0, 0x1, 0xff, 0xf2,
    0x0, 0x0, 0x0, 0x0, 0x0, 0x1f, 0xff, 0x20,
    0x0, 0x0, 0x0, 0x0, 0x1, 0xff, 0xf2, 0x0,
    0x0, 0x0, 0x0, 0x0, 0x1f, 0xff, 0x20, 0x0,
    0x0, 0x0, 0x0, 0x1, 0xff, 0xf2, 0x0, 0x0,
    0x0, 0x0, 0x0, 0x1f, 0xff, 0x20, 0x0, 0x0,
    0x0, 0x0, 0x1, 0xff, 0xf2, 0x0, 0x0, 0x0,
    0x0, 0x0, 0x1f, 0xff, 0x20, 0x0, 0x0, 0x0,
    0x0, 0x1, 0xff, 0xf2, 0x0, 0x0, 0x0, 0x0,
    0x0, 0xf, 0xff, 0x50, 0x0, 0x0, 0x0, 0x0,
    0x0, 0xcf, 0xfe, 0x88, 0xa0, 0x0, 0x0, 0x0,
    0x5, 0xff, 0xff, 0xff, 0x20, 0x0, 0x0, 0x0,
    0x6, 0xff, 0xff, 0xe4, 0x0, 0x0, 0x0, 0x0,
    0x0, 0x45, 0x30, 0x0,

    /* U+01AF "Ư" */
    0x0, 0x0, 0x0, 0x0, 0x0, 0x0, 0x0, 0x2,
    0xa9, 0x0, 0x0, 0x0, 0x0, 0x0, 0x0, 0x0,
    0x0, 0x3f, 0xf0, 0x0, 0x0, 0x0, 0x0, 0x0,
    0x0, 0x0, 0x1, 0xff, 0x10, 0x0, 0x0, 0x0,
    0x0, 0x0, 0x0, 0x0, 0x7f, 0xf0, 0xcf, 0xf7,
    0x0, 0x0, 0x0, 0x0, 0xaf, 0xff, 0xf9, 0xc,
    0xff, 0x70, 0x0, 0x0, 0x0, 0xa, 0xff, 0xfb,
    0x10, 0xcf, 0xf7, 0x0, 0x0, 0x0, 0x0, 0xaf,
    0xfb, 0x0, 0xc, 0xff, 0x70, 0x0, 0x0, 0x0,
    0xa, 0xff, 0x80, 0x0, 0xcf, 0xf7, 0x0, 0x0,
    0x0, 0x0, 0xaf, 0xf8, 0x0, 0xc, 0xff, 0x70,
    0x0, 0x0, 0x0, 0xa, 0xff, 0x80, 0x0, 0xcf,
    0xf7, 0x0, 0x0, 0x0, 0x0, 0xaf, 0xf8, 0x0,
    0xc, 0xff, 0x70, 0x0, 0x0, 0x0, 0xa, 0xff,
    0x80, 0x0, 0xcf, 0xf7, 0x0, 0x0, 0x0, 0x0,
    0xaf, 0xf8, 0x0, 0xc, 0xff, 0x70, 0x0, 0x0,
    0x0, 0xa, 0xff, 0x80, 0x0, 0xcf, 0xf7, 0x0,
    0x0, 0x0, 0x0, 0xbf, 0xf7, 0x0, 0xb, 0xff,
    0x90, 0x0, 0x0, 0x0, 0xd, 0xff, 0x60, 0x0,
    0x8f, 0xfd, 0x0, 0x0, 0x0, 0x1, 0xff, 0xf3,
    0x0, 0x3, 0xff, 0xf6, 0x0, 0x0, 0x0, 0xaf,
    0xfe, 0x0, 0x0, 0xc, 0xff, 0xf8, 0x20, 0x3,
    0xaf, 0xff, 0x80, 0x0, 0x0, 0x2f, 0xff, 0xff,
    0xff, 0xff, 0xff, 0xc0, 0x0, 0x0, 0x0, 0x3e,
    0xff, 0xff, 0xff, 0xff, 0xb1, 0x0, 0x0, 0x0,
    0x0, 0x6, 0xbe, 0xff, 0xda, 0x40, 0x0, 0x0,
    0x0,

    /* U+01B0 "ư" */
    0x0, 0x0, 0x0, 0x0, 0x0, 0x0, 0x2, 0xaa,
    0x0, 0x0, 0x0, 0x0, 0x0, 0x0, 0x0, 0x2f,
    0xf0, 0x0, 0x0, 0x0, 0x0, 0x0, 0x0, 0x0,
    0xff, 0x20, 0x0, 0x0, 0x0, 0x0, 0x0, 0x0,
    0x7f, 0xf0, 0xf, 0xff, 0x10, 0x0, 0x0, 0x2f,
    0xff, 0xfa, 0x0, 0xff, 0xf1, 0x0, 0x0, 0x2,
    0xff, 0xfc, 0x10, 0xf, 0xff, 0x10, 0x0, 0x0,
    0x2f, 0xff, 0x0, 0x0, 0xff, 0xf1, 0x0, 0x0,
    0x2, 0xff, 0xf0, 0x0, 0xf, 0xff, 0x10, 0x0,
    0x0, 0x2f, 0xff, 0x0, 0x0, 0xff, 0xf1, 0x0,
    0x0, 0x2, 0xff, 0xf0, 0x0, 0xf, 0xff, 0x10,
    0x0, 0x0, 0x2f, 0xff, 0x0, 0x0, 0xff, 0xf1,
    0x0, 0x0, 0x3, 0xff, 0xf0, 0x0, 0xf, 0xff,
    0x30, 0x0, 0x0, 0x5f, 0xff, 0x0, 0x0, 0xef,
    0xf8, 0x0, 0x0, 0xc, 0xff, 0xf0, 0x0, 0x9,
    0xff, 0xf5, 0x0, 0x1a, 0xff, 0xff, 0x0, 0x0,
    0x3f, 0xff, 0xff, 0xef, 0xff, 0xff, 0xf0, 0x0,
    0x0, 0x6f, 0xff, 0xff, 0xff, 0x8f, 0xff, 0x0,
    0x0, 0x0, 0x3a, 0xef, 0xeb, 0x40, 0xff, 0xf0,
    0x0,

    /* U+01B1 "Ʊ" */
    0x8f, 0xff, 0xff, 0xff, 0xa0, 0x0, 0x4f, 0xff,
    0xff, 0xff, 0xe8, 0xff, 0xff, 0xff, 0xfa, 0x0,
    0x4, 0xff, 0xff, 0xff, 0xfe, 0x6d, 0xdd, 0xff,
    0xff, 0x80, 0x0, 0x2f, 0xff, 0xfe, 0xdd, 0xc0,
    0x0, 0x8f, 0xff, 0x60, 0x0, 0x0, 0x2c, 0xff,
    0xd1, 0x0, 0x0, 0x4f, 0xff, 0x50, 0x0, 0x0,
    0x0, 0x1d, 0xff, 0xb0, 0x0, 0xd, 0xff, 0x80,
    0x0, 0x0, 0x0, 0x0, 0x2f, 0xff, 0x40, 0x3,
    0xff, 0xf1, 0x0, 0x0, 0x0, 0x0, 0x0, 0xaf,
    0xf9, 0x0, 0x7f, 0xfc, 0x0, 0x0, 0x0, 0x0,
    0x0, 0x5, 0xff, 0xe0, 0x9, 0xff, 0x90, 0x0,
    0x0, 0x0, 0x0, 0x0, 0x3f, 0xff, 0x0, 0xaf,
    0xf9, 0x0, 0x0, 0x0, 0x0, 0x0, 0x3, 0xff,
    0xf0, 0x8, 0xff, 0xb0, 0x0, 0x0, 0x0, 0x0,
    0x0, 0x5f, 0xff, 0x0, 0x6f, 0xff, 0x10, 0x0,
    0x0, 0x0, 0x0, 0xa, 0xff, 0xc0, 0x1, 0xff,
    0xf9, 0x0, 0x0, 0x0, 0x0, 0x3, 0xff, 0xf7,
    0x0, 0x9, 0xff, 0xf7, 0x0, 0x0, 0x0, 0x2,
    0xef, 0xfe, 0x10, 0x0, 0x1d, 0xff, 0xfb, 0x51,
    0x0, 0x38, 0xff, 0xff, 0x50, 0x0, 0x0, 0x2e,
    0xff, 0xff, 0xff, 0xff, 0xff, 0xff, 0x60, 0x0,
    0x0, 0x0, 0x1a, 0xff, 0xff, 0xff, 0xff, 0xfd,
    0x40, 0x0, 0x0, 0x0, 0x0, 0x2, 0x8c, 0xef,
    0xfd, 0x95, 0x0, 0x0, 0x0,

    /* U+01B2 "Ʋ" */
    0x0, 0x0, 0x0, 0x0, 0x4, 0x77, 0x40, 0x0,
    0xdf, 0xf6, 0x0, 0x1, 0xdf, 0xff, 0xfd, 0x20,
    0xdf, 0xf6, 0x0, 0x0, 0xdf, 0xff, 0xff, 0xd0,
    0xdf, 0xf6, 0x0, 0x0, 0x57, 0x38, 0xff, 0xf4,
    0xdf, 0xf6, 0x0, 0x0, 0x0, 0x0, 0xdf, 0xf7,
    0xdf, 0xf6, 0x0, 0x0, 0x0, 0x0, 0xbf, 0xf8,
    0xdf, 0xf6, 0x0, 0x0, 0x0, 0x0, 0xbf, 0xf8,
    0xdf, 0xf6, 0x0, 0x0, 0x0, 0x0, 0xbf, 0xf8,
    0xdf, 0xf6, 0x0, 0x0, 0x0, 0x0, 0xbf, 0xf8,
    0xdf, 0xf6, 0x0, 0x0, 0x0, 0x0, 0xbf, 0xf8,
    0xdf, 0xf6, 0x0, 0x0, 0x0, 0x0, 0xbf, 0xf8,
    0xcf, 0xf7, 0x0, 0x0, 0x0, 0x0, 0xcf, 0xf7,
    0xbf, 0xf8, 0x0, 0x0, 0x0, 0x0, 0xdf, 0xf6,
    0x9f, 0xfd, 0x0, 0x0, 0x0, 0x2, 0xff, 0xf3,
    0x4f, 0xff, 0x50, 0x0, 0x0, 0xa, 0xff, 0xe0,
    0xd, 0xff, 0xf8, 0x20, 0x3, 0xbf, 0xff, 0x80,
    0x3, 0xff, 0xff, 0xff, 0xff, 0xff, 0xfc, 0x0,
    0x0, 0x3e, 0xff, 0xff, 0xff, 0xff, 0xb1, 0x0,
    0x0, 0x0, 0x6b, 0xef, 0xfd, 0x94, 0x0, 0x0,

    /* U+01B3 "Ƴ" */
    0x0, 0x0, 0x0, 0x0, 0x0, 0x0, 0x0, 0x0,
    0x25, 0x20, 0x0, 0x0, 0x0, 0x0, 0x0, 0x0,
    0x0, 0x1, 0xbf, 0xff, 0xc0, 0xe, 0xff, 0x80,
    0x0, 0x0, 0x0, 0x0, 0xbf, 0xff, 0xf9, 0x0,
    0x5f, 0xff, 0x20, 0x0, 0x0, 0x0, 0x6f, 0xff,
    0x9b, 0x10, 0x0, 0xcf, 0xfb, 0x0, 0x0, 0x0,
    0xe, 0xff, 0x40, 0x0, 0x0, 0x2, 0xff, 0xf4,
    0x0, 0x0, 0x8, 0xff, 0xa0, 0x0, 0x0, 0x0,
    0x9, 0xff, 0xd0, 0x0, 0x2, 0xff, 0xf1, 0x0,
    0x0, 0x0, 0x0, 0x1e, 0xff, 0x70, 0x0, 0xbf,
    0xf7, 0x0, 0x0, 0x0, 0x0, 0x0, 0x6f, 0xff,
    0x10, 0x4f, 0xfd, 0x0, 0x0, 0x0, 0x0, 0x0,
    0x0, 0xcf, 0xfa, 0xd, 0xff, 0x40, 0x0, 0x0,
    0x0, 0x0, 0x0, 0x3, 0xff, 0xfa, 0xff, 0xb0,
    0x0, 0x0, 0x0, 0x0, 0x0, 0x0, 0xa, 0xff,
    0xff, 0xf2, 0x0, 0x0, 0x0, 0x0, 0x0, 0x0,
    0x0, 0x1f, 0xff, 0xf9, 0x0, 0x0, 0x0, 0x0,
    0x0, 0x0, 0x0, 0x0, 0xaf, 0xff, 0x10, 0x0,
    0x0, 0x0, 0x0, 0x0, 0x0, 0x0, 0x5, 0xff,
    0xf0, 0x0, 0x0, 0x0, 0x0, 0x0, 0x0, 0x0,
    0x0, 0x5f, 0xfe, 0x0, 0x0, 0x0, 0x0, 0x0,
    0x0, 0x0, 0x0, 0x5, 0xff, 0xe0, 0x0, 0x0,
    0x0, 0x0, 0x0, 0x0, 0x0, 0x0, 0x5f, 0xfe,
    0x0, 0x0, 0x0, 0x0, 0x0, 0x0, 0x0, 0x0,
    0x5, 0xff, 0xe0, 0x0, 0x0, 0x0, 0x0, 0x0,
    0x0, 0x0, 0x0, 0x5f, 0xfe, 0x0, 0x0, 0x0,
    0x0, 0x0,

    /* U+01B4 "ƴ" */
    0x0, 0x0, 0x0, 0x0, 0x0, 0x0, 0x0, 0x25,
    0x20, 0x0, 0x0, 0x0, 0x0, 0x0, 0x0, 0x9,
    0xff, 0xf5, 0xe, 0xff, 0x50, 0x0, 0x0, 0x0,
    0x8f, 0xff, 0xf1, 0x7, 0xff, 0xb0, 0x0, 0x0,
    0x1, 0xff, 0xf8, 0x60, 0x1, 0xff, 0xf2, 0x0,
    0x0, 0x8, 0xff, 0x80, 0x0, 0x0, 0xaf, 0xf9,
    0x0, 0x0, 0xe, 0xff, 0x10, 0x0, 0x0, 0x3f,
    0xfe, 0x0, 0x0, 0x5f, 0xfa, 0x0, 0x0, 0x0,
    0xc, 0xff, 0x60, 0x0, 0xbf, 0xf3, 0x0, 0x0,
    0x0, 0x6, 0xff, 0xc0, 0x2, 0xff, 0xd0, 0x0,
    0x0, 0x0, 0x0, 0xef, 0xf3, 0x8, 0xff, 0x60,
    0x0, 0x0, 0x0, 0x0, 0x8f, 0xfa, 0xe, 0xff,
    0x0, 0x0, 0x0, 0x0, 0x0, 0x2f, 0xff, 0x7f,
    0xf8, 0x0, 0x0, 0x0, 0x0, 0x0, 0xb, 0xff,
    0xff, 0xf2, 0x0, 0x0, 0x0, 0x0, 0x0, 0x4,
    0xff, 0xff, 0xb0, 0x0, 0x0, 0x0, 0x0, 0x0,
    0x0, 0xdf, 0xff, 0x40, 0x0, 0x0, 0x0, 0x0,
    0x0, 0x0, 0x9f, 0xfe, 0x0, 0x0, 0x0, 0x0,
    0x0, 0x0, 0x0, 0xaf, 0xf7, 0x0, 0x0, 0x0,
    0x0, 0x3, 0x30, 0x3, 0xff, 0xf1, 0x0, 0x0,
    0x0, 0x0, 0xc, 0xfd, 0xcf, 0xff, 0x70, 0x0,
    0x0, 0x0, 0x0, 0x3f, 0xff, 0xff, 0xfb, 0x0,
    0x0, 0x0, 0x0, 0x0, 0x5, 0xbf, 0xfd, 0x70,
    0x0, 0x0, 0x0, 0x0, 0x0,

    /* U+01B5 "Ƶ" */
    0xcf, 0xff, 0xff, 0xff, 0xff, 0xff, 0xff, 0xac,
    0xff, 0xff, 0xff, 0xff, 0xff, 0xff, 0xfa, 0xad,
    0xdd, 0xdd, 0xdd, 0xdd, 0xff, 0xff, 0x60, 0x0,
    0x0, 0x0, 0x0, 0x3f, 0xff, 0xa0, 0x0, 0x0,
    0x0, 0x0, 0x1e, 0xff, 0xc0, 0x0, 0x0, 0x0,
    0x0, 0xc, 0xff, 0xe1, 0x0, 0x0, 0x0, 0x0,
    0x9, 0xff, 0xf4, 0x0, 0x0, 0x7, 0x77, 0x7d,
    0xff, 0xfe, 0x77, 0x0, 0x0, 0xff, 0xff, 0xff,
    0xff, 0xff, 0xf0, 0x0, 0xf, 0xff, 0xff, 0xff,
    0xff, 0xff, 0x0, 0x0, 0x0, 0xcf, 0xfe, 0x20,
    0x0, 0x0, 0x0, 0x0, 0x9f, 0xff, 0x40, 0x0,
    0x0, 0x0, 0x0, 0x6f, 0xff, 0x70, 0x0, 0x0,
    0x0, 0x0, 0x3f, 0xff, 0xa0, 0x0, 0x0, 0x0,
    0x0, 0x1e, 0xff, 0xd0, 0x0, 0x0, 0x0, 0x0,
    0xc, 0xff, 0xff, 0xdd, 0xdd, 0xdd, 0xdd, 0xdd,
    0xff, 0xff, 0xff, 0xff, 0xff, 0xff, 0xff, 0xff,
    0xff, 0xff, 0xff, 0xff, 0xff, 0xff, 0xff,

    /* U+01B6 "ƶ" */
    0xe, 0xff, 0xff, 0xff, 0xff, 0xff, 0x40, 0xef,
    0xff, 0xff, 0xff, 0xff, 0xf4, 0x8, 0x99, 0x99,
    0x99, 0xff, 0xfd, 0x0, 0x0, 0x0, 0x0, 0x6f,
    0xff, 0x20, 0x0, 0x0, 0x0, 0x3f, 0xff, 0x50,
    0x0, 0x1, 0x11, 0x2f, 0xff, 0xa1, 0x0, 0x0,
    0xdf, 0xff, 0xff, 0xff, 0xf4, 0x0, 0xd, 0xff,
    0xff, 0xff, 0xff, 0x40, 0x0, 0x5, 0xff, 0xf3,
    0x0, 0x0, 0x0, 0x2, 0xff, 0xf6, 0x0, 0x0,
    0x0, 0x0, 0xdf, 0xf9, 0x0, 0x0, 0x0, 0x0,
    0xaf, 0xff, 0x99, 0x99, 0x99, 0x94, 0xf, 0xff,
    0xff, 0xff, 0xff, 0xff, 0x70, 0xff, 0xff, 0xff,
    0xff, 0xff, 0xf7,

    /* U+01B7 "Ʒ" */
    0x9, 0xff, 0xff, 0xff, 0xff, 0xff, 0xfd, 0x0,
    0x9f, 0xff, 0xff, 0xff, 0xff, 0xff, 0xd0, 0x7,
    0xdd, 0xdd, 0xdd, 0xde, 0xff, 0xf9, 0x0, 0x0,
    0x0, 0x0, 0x1, 0xcf, 0xfa, 0x0, 0x0, 0x0,
    0x0, 0x0, 0xcf, 0xfb, 0x0, 0x0, 0x0, 0x0,
    0x0, 0xbf, 0xfb, 0x0, 0x0, 0x0, 0x0, 0x0,
    0xbf, 0xfc, 0x0, 0x0, 0x0, 0x0, 0x0, 0x5f,
    0xff, 0xfb, 0x60, 0x0, 0x0, 0x0, 0x6, 0xff,
    0xff, 0xff, 0xd2, 0x0, 0x0, 0x0, 0x38, 0x89,
    0xdf, 0xff, 0xd0, 0x0, 0x0, 0x0, 0x0, 0x0,
    0x5f, 0xff, 0x50, 0x0, 0x0, 0x0, 0x0, 0x0,
    0xaf, 0xf9, 0x0, 0x0, 0x0, 0x0, 0x0, 0x8,
    0xff, 0xa0, 0x34, 0x0, 0x0, 0x0, 0x0, 0xdf,
    0xf8, 0xa, 0xfb, 0x51, 0x0, 0x3, 0xbf, 0xff,
    0x21, 0xff, 0xff, 0xff, 0xef, 0xff, 0xff, 0x90,
    0x7, 0xef, 0xff, 0xff, 0xff, 0xff, 0x90, 0x0,
    0x0, 0x5a, 0xde, 0xfe, 0xd8, 0x30, 0x0,

    /* U+01B8 "Ƹ" */
    0xf, 0xff, 0xff, 0xff, 0xff, 0xff, 0xf7, 0x0,
    0xff, 0xff, 0xff, 0xff, 0xff, 0xff, 0x70, 0xa,
    0xff, 0xfd, 0xcc, 0xcc, 0xcc, 0xc5, 0x0, 0xb,
    0xff, 0xc1, 0x0, 0x0, 0x0, 0x0, 0x0, 0xb,
    0xff, 0xc0, 0x0, 0x0, 0x0, 0x0, 0x0, 0xc,
    0xff, 0xc0, 0x0, 0x0, 0x0, 0x0, 0x0, 0xc,
    0xff, 0xb0, 0x0, 0x0, 0x0, 0x0, 0x6b, 0xff,
    0xff, 0x50, 0x0, 0x0, 0x3, 0xdf, 0xff, 0xff,
    0xf5, 0x0, 0x0, 0x1, 0xef, 0xff, 0xc9, 0x88,
    0x20, 0x0, 0x0, 0x7f, 0xff, 0x40, 0x0, 0x0,
    0x0, 0x0, 0xb, 0xff, 0x80, 0x0, 0x0, 0x0,
    0x0, 0x0, 0xcf, 0xf7, 0x0, 0x0, 0x0, 0x0,
    0x0, 0xa, 0xff, 0xb0, 0x0, 0x0, 0x0, 0x5,
    0x20, 0x4f, 0xff, 0xa3, 0x0, 0x1, 0x6c, 0xf8,
    0x0, 0xbf, 0xff, 0xff, 0xef, 0xff, 0xff, 0xe0,
    0x0, 0xaf, 0xff, 0xff, 0xff, 0xff, 0xe5, 0x0,
    0x0, 0x39, 0xde, 0xfe, 0xd9, 0x50, 0x0,

    /* U+01B9 "ƹ" */
    0x7, 0xff, 0xff, 0xff, 0xff, 0xff, 0xf7, 0x0,
    0x7f, 0xff, 0xff, 0xff, 0xff, 0xff, 0x70, 0x3,
    0xff, 0xff, 0xdd, 0xdd, 0xdd, 0xd6, 0x0, 0x5,
    0xff, 0xf4, 0x0, 0x0, 0x0, 0x0, 0x0, 0x7,
    0xff, 0xf2, 0x0, 0x0, 0x0, 0x0, 0x0, 0x9,
    0xff, 0xe1, 0x0, 0x0, 0x0, 0x0, 0x0, 0xb,
    0xff, 0xc0, 0x0, 0x0, 0x0, 0x0, 0x3, 0x8f,
    0xff, 0xa0, 0x0, 0x0, 0x0, 0x2c, 0xff, 0xff,
    0xfe, 0x0, 0x0, 0x0, 0x1e, 0xff, 0xff, 0xff,
    0xe0, 0x0, 0x0, 0x9, 0xff, 0xf7, 0x20, 0x0,
    0x0, 0x0, 0x0, 0xff, 0xf6, 0x0, 0x0, 0x0,
    0x0, 0x0, 0x2f, 0xff, 0x10, 0x0, 0x0, 0x0,
    0x0, 0x2, 0xff, 0xf0, 0x0, 0x0, 0x0, 0x0,
    0x0, 0xf, 0xff, 0x50, 0x0, 0x0, 0x0, 0x51,
    0x0, 0xaf, 0xfe, 0x50, 0x0, 0x5, 0xbf, 0x90,
    0x2, 0xff, 0xff, 0xfd, 0xef, 0xff, 0xff, 0x20,
    0x3, 0xdf, 0xff, 0xff, 0xff, 0xff, 0x70, 0x0,
    0x0, 0x6b, 0xef, 0xed, 0xa5, 0x0, 0x0,

    /* U+01C0 "ǀ" */
    0x24, 0x40, 0xaf, 0xf3, 0xaf, 0xf3, 0xaf, 0xf3,
    0xaf, 0xf3, 0xaf, 0xf3, 0xaf, 0xf3, 0xaf, 0xf3,
    0xaf, 0xf3, 0xaf, 0xf3, 0xaf, 0xf3, 0xaf, 0xf3,
    0xaf, 0xf3, 0xaf, 0xf3, 0xaf, 0xf3, 0xaf, 0xf3,
    0xaf, 0xf3, 0xaf, 0xf3, 0xaf, 0xf3, 0xaf, 0xf3,
    0xaf, 0xf3, 0xaf, 0xf3, 0xaf, 0xf3, 0xaf, 0xf3,
    0xaf, 0xf3,

    /* U+01C1 "ǁ" */
    0x24, 0x40, 0x0, 0x44, 0x2a, 0xff, 0x30, 0x2f,
    0xfb, 0xaf, 0xf3, 0x2, 0xff, 0xba, 0xff, 0x30,
    0x2f, 0xfb, 0xaf, 0xf3, 0x2, 0xff, 0xba, 0xff,
    0x30, 0x2f, 0xfb, 0xaf, 0xf3, 0x2, 0xff, 0xba,
    0xff, 0x30, 0x2f, 0xfb, 0xaf, 0xf3, 0x2, 0xff,
    0xba, 0xff, 0x30, 0x2f, 0xfb, 0xaf, 0xf3, 0x2,
    0xff, 0xba, 0xff, 0x30, 0x2f, 0xfb, 0xaf, 0xf3,
    0x2, 0xff, 0xba, 0xff, 0x30, 0x2f, 0xfb, 0xaf,
    0xf3, 0x2, 0xff, 0xba, 0xff, 0x30, 0x2f, 0xfb,
    0xaf, 0xf3, 0x2, 0xff, 0xba, 0xff, 0x30, 0x2f,
    0xfb, 0xaf, 0xf3, 0x2, 0xff, 0xba, 0xff, 0x30,
    0x2f, 0xfb, 0xaf, 0xf3, 0x2, 0xff, 0xba, 0xff,
    0x30, 0x2f, 0xfb, 0xaf, 0xf3, 0x2, 0xff, 0xba,
    0xff, 0x30, 0x2f, 0xfb, 0xaf, 0xf3, 0x2, 0xff,
    0xb0,

    /* U+01C2 "ǂ" */
    0x0, 0x0, 0x0, 0x24, 0x41, 0x0, 0x0, 0x0,
    0x0, 0x0, 0x0, 0xaf, 0xf7, 0x0, 0x0, 0x0,
    0x0, 0x0, 0x0, 0xaf, 0xf7, 0x0, 0x0, 0x0,
    0x0, 0x0, 0x0, 0xaf, 0xf7, 0x0, 0x0, 0x0,
    0x0, 0x0, 0x0, 0xaf, 0xf7, 0x0, 0x0, 0x0,
    0x0, 0x0, 0x0, 0xaf, 0xf7, 0x0, 0x0, 0x0,
    0x0, 0x0, 0x0, 0xaf, 0xf7, 0x0, 0x0, 0x0,
    0x0, 0x0, 0x0, 0xaf, 0xf7, 0x0, 0x0, 0x0,
    0x3c, 0xcc, 0xcc, 0xef, 0xfd, 0xcc, 0xcc, 0xc0,
    0x4f, 0xff, 0xff, 0xff, 0xff, 0xff, 0xff, 0xf0,
    0x4f, 0xff, 0xff, 0xff, 0xff, 0xff, 0xff, 0xf0,
    0x0, 0x0, 0x0, 0xaf, 0xf7, 0x0, 0x0, 0x0,
    0x0, 0x0, 0x0, 0xaf, 0xf7, 0x0, 0x0, 0x0,
    0x0, 0x0, 0x0, 0xaf, 0xf7, 0x0, 0x0, 0x0,
    0x2b, 0xbb, 0xbb, 0xef, 0xfd, 0xbb, 0xbb, 0xb0,
    0x4f, 0xff, 0xff, 0xff, 0xff, 0xff, 0xff, 0xf0,
    0x4f, 0xff, 0xff, 0xff, 0xff, 0xff, 0xff, 0xf0,
    0x0, 0x0, 0x0, 0xaf, 0xf7, 0x0, 0x0, 0x0,
    0x0, 0x0, 0x0, 0xaf, 0xf7, 0x0, 0x0, 0x0,
    0x0, 0x0, 0x0, 0xaf, 0xf7, 0x0, 0x0, 0x0,
    0x0, 0x0, 0x0, 0xaf, 0xf7, 0x0, 0x0, 0x0,
    0x0, 0x0, 0x0, 0xaf, 0xf7, 0x0, 0x0, 0x0,
    0x0, 0x0, 0x0, 0xaf, 0xf7, 0x0, 0x0, 0x0,
    0x0, 0x0, 0x0, 0xaf, 0xf7, 0x0, 0x0, 0x0,
    0x0, 0x0, 0x0, 0xaf, 0xf7, 0x0, 0x0, 0x0,

    /* U+01C3 "ǃ" */
    0x5f, 0xff, 0x54, 0xff, 0xf4, 0x3f, 0xff, 0x32,
    0xff, 0xf2, 0x2f, 0xff, 0x11, 0xff, 0xf0, 0xf,
    0xff, 0x0, 0xff, 0xf0, 0xe, 0xfe, 0x0, 0xef,
    0xd0, 0xd, 0xfc, 0x0, 0xcf, 0xb0, 0x1, 0x21,
    0x0, 0x0, 0x0, 0xb, 0xfb, 0x6, 0xff, 0xf6,
    0x6f, 0xff, 0x50, 0xbf, 0xa0,

    /* U+01C4 "Ǆ" */
    0x0, 0x0, 0x0, 0x0, 0x0, 0x0, 0x0, 0x0,
    0x0, 0x0, 0x0, 0x5f, 0xf5, 0x0, 0x6f, 0xf4,
    0x0, 0x0, 0x0, 0x0, 0x0, 0x0, 0x0, 0x0,
    0x0, 0x0, 0x0, 0x0, 0x0, 0x6f, 0xf7, 0x8f,
    0xf4, 0x0, 0x0, 0x0, 0x0, 0x0, 0x0, 0x0,
    0x0, 0x0, 0x0, 0x0, 0x0, 0x0, 0x0, 0x6f,
    0xff, 0xf5, 0x0, 0x0, 0x0, 0x0, 0x0, 0x0,
    0x0, 0x0, 0x0, 0x0, 0x0, 0x0, 0x0, 0x0,
    0x0, 0x58, 0x84, 0x0, 0x0, 0x0, 0x0, 0x0,
    0x0, 0x0, 0x0, 0x0, 0x0, 0x0, 0x0, 0x0,
    0x0, 0x0, 0x0, 0x0, 0x0, 0x0, 0x0, 0xa,
    0xff, 0xff, 0xff, 0xff, 0xeb, 0x71, 0x0, 0x0,
    0x0, 0x5f, 0xff, 0xff, 0xff, 0xff, 0xff, 0xff,
    0xf1, 0xaf, 0xff, 0xff, 0xff, 0xff, 0xff, 0xf8,
    0x0, 0x0, 0x5, 0xff, 0xff, 0xff, 0xff, 0xff,
    0xff, 0xff, 0x1a, 0xff, 0xed, 0xdd, 0xde, 0xff,
    0xff, 0xfc, 0x10, 0x0, 0x4d, 0xdd, 0xdd, 0xdd,
    0xdd, 0xef, 0xff, 0xd0, 0xaf, 0xf9, 0x0, 0x0,
    0x0, 0x5c, 0xff, 0xfb, 0x0, 0x0, 0x0, 0x0,
    0x0, 0x0, 0xb, 0xff, 0xe2, 0xa, 0xff, 0x90,
    0x0, 0x0, 0x0, 0x9, 0xff, 0xf7, 0x0, 0x0,
    0x0, 0x0, 0x0, 0x8, 0xff, 0xf4, 0x0, 0xaf,
    0xf9, 0x0, 0x0, 0x0, 0x0, 0xb, 0xff, 0xe0,
    0x0, 0x0, 0x0, 0x0, 0x5, 0xff, 0xf7, 0x0,
    0xa, 0xff, 0x90, 0x0, 0x0, 0x0, 0x0, 0x3f,
    0xff, 0x30, 0x0, 0x0, 0x0, 0x3, 0xff, 0xfa,
    0x0, 0x0, 0xaf, 0xf9, 0x0, 0x0, 0x0, 0x0,
    0x0, 0xef, 0xf6, 0x0, 0x0, 0x0, 0x1, 0xdf,
    0xfd, 0x0, 0x0, 0xa, 0xff, 0x90, 0x0, 0x0,
    0x0, 0x0, 0xc, 0xff, 0x80, 0x0, 0x0, 0x0,
    0xbf, 0xff, 0x20, 0x0, 0x0, 0xaf, 0xf9, 0x0,
    0x0, 0x0, 0x0, 0x0, 0xcf, 0xf8, 0x0, 0x0,
    0x0, 0x8f, 0xff, 0x40, 0x0, 0x0, 0xa, 0xff,
    0x90, 0x0, 0x0, 0x0, 0x0, 0xe, 0xff, 0x60,
    0x0, 0x0, 0x5f, 0xff, 0x80, 0x0, 0x0, 0x0,
    0xaf, 0xf9, 0x0, 0x0, 0x0, 0x0, 0x3, 0xff,
    0xf3, 0x0, 0x0, 0x3f, 0xff, 0xb0, 0x0, 0x0,
    0x0, 0xa, 0xff, 0x90, 0x0, 0x0, 0x0, 0x0,
    0xbf, 0xfe, 0x0, 0x0, 0x1d, 0xff, 0xd0, 0x0,
    0x0, 0x0, 0x0, 0xaf, 0xf9, 0x0, 0x0, 0x0,
    0x0, 0x9f, 0xff, 0x70, 0x0, 0xb, 0xff, 0xf2,
    0x0, 0x0, 0x0, 0x0, 0xa, 0xff, 0x90, 0x0,
    0x0, 0x5, 0xcf, 0xff, 0xb0, 0x0, 0x8, 0xff,
    0xf5, 0x0, 0x0, 0x0, 0x0, 0x0, 0xaf, 0xff,
    0xdd, 0xdd, 0xef, 0xff, 0xff, 0xc1, 0x0, 0x5,
    0xff, 0xff, 0xdd, 0xdd, 0xdd, 0xdd, 0xdd, 0x5a,
    0xff, 0xff, 0xff, 0xff, 0xff, 0xff, 0x80, 0x0,
    0x0, 0x8f, 0xff, 0xff, 0xff, 0xff, 0xff, 0xff,
    0xf6, 0xaf, 0xff, 0xff, 0xff, 0xfe, 0xb7, 0x10,
    0x0, 0x0, 0x8, 0xff, 0xff, 0xff, 0xff, 0xff,
    0xff, 0xff, 0x60,

    /* U+01C5 "ǅ" */
    0x0, 0x0, 0x0, 0x0, 0x0, 0x0, 0x0, 0x0,
    0x0, 0x0, 0x17, 0x83, 0x0, 0x5, 0x87, 0x0,
    0x0, 0x0, 0x0, 0x0, 0x0, 0x0, 0x0, 0x0,
    0x0, 0x0, 0x9, 0xff, 0x30, 0x7f, 0xf4, 0x0,
    0xaf, 0xff, 0xff, 0xff, 0xfe, 0xb7, 0x10, 0x0,
    0x0, 0x0, 0x0, 0xbf, 0xfb, 0xff, 0x60, 0x0,
    0xaf, 0xff, 0xff, 0xff, 0xff, 0xff, 0xf8, 0x0,
    0x0, 0x0, 0x0, 0xc, 0xff, 0xf8, 0x0, 0x0,
    0xaf, 0xfe, 0xdd, 0xdd, 0xef, 0xff, 0xff, 0xc1,
    0x0, 0x0, 0x0, 0x1, 0x66, 0x60, 0x0, 0x0,
    0xaf, 0xf9, 0x0, 0x0, 0x0, 0x5c, 0xff, 0xfb,
    0x0, 0x0, 0x0, 0x0, 0x0, 0x0, 0x0, 0x0,
    0xaf, 0xf9, 0x0, 0x0, 0x0, 0x0, 0x9f, 0xff,
    0x70, 0x4, 0xff, 0xff, 0xff, 0xff, 0xff, 0xe0,
    0xaf, 0xf9, 0x0, 0x0, 0x0, 0x0, 0xb, 0xff,
    0xe0, 0x4, 0xff, 0xff, 0xff, 0xff, 0xff, 0xe0,
    0xaf, 0xf9, 0x0, 0x0, 0x0, 0x0, 0x3, 0xff,
    0xf3, 0x2, 0x99, 0x99, 0x99, 0xaf, 0xff, 0x80,
    0xaf, 0xf9, 0x0, 0x0, 0x0, 0x0, 0x0, 0xef,
    0xf6, 0x0, 0x0, 0x0, 0x0, 0xbf, 0xfb, 0x0,
    0xaf, 0xf9, 0x0, 0x0, 0x0, 0x0, 0x0, 0xcf,
    0xf8, 0x0, 0x0, 0x0, 0x8, 0xff, 0xe1, 0x0,
    0xaf, 0xf9, 0x0, 0x0, 0x0, 0x0, 0x0, 0xcf,
    0xf8, 0x0, 0x0, 0x0, 0x5f, 0xff, 0x30, 0x0,
    0xaf, 0xf9, 0x0, 0x0, 0x0, 0x0, 0x0, 0xef,
    0xf6, 0x0, 0x0, 0x2, 0xff, 0xf6, 0x0, 0x0,
    0xaf, 0xf9, 0x0, 0x0, 0x0, 0x0, 0x3, 0xff,
    0xf3, 0x0, 0x0, 0xd, 0xff, 0x90, 0x0, 0x0,
    0xaf, 0xf9, 0x0, 0x0, 0x0, 0x0, 0xb, 0xff,
    0xe0, 0x0, 0x0, 0xaf, 0xfc, 0x0, 0x0, 0x0,
    0xaf, 0xf9, 0x0, 0x0, 0x0, 0x0, 0x9f, 0xff,
    0x70, 0x0, 0x7, 0xff, 0xe1, 0x0, 0x0, 0x0,
    0xaf, 0xf9, 0x0, 0x0, 0x0, 0x5c, 0xff, 0xfb,
    0x0, 0x0, 0x4f, 0xff, 0x40, 0x0, 0x0, 0x0,
    0xaf, 0xff, 0xdd, 0xdd, 0xef, 0xff, 0xff, 0xc1,
    0x0, 0x1, 0xef, 0xff, 0x99, 0x99, 0x99, 0x91,
    0xaf, 0xff, 0xff, 0xff, 0xff, 0xff, 0xf8, 0x0,
    0x0, 0x6, 0xff, 0xff, 0xff, 0xff, 0xff, 0xf2,
    0xaf, 0xff, 0xff, 0xff, 0xfe, 0xb7, 0x10, 0x0,
    0x0, 0x6, 0xff, 0xff, 0xff, 0xff, 0xff, 0xf2,

    /* U+01C6 "ǆ" */
    0x0, 0x0, 0x0, 0x0, 0x0, 0x0, 0x66, 0x60,
    0x0, 0x5, 0x65, 0x0, 0x1, 0x66, 0x20, 0x0,
    0x0, 0x0, 0x0, 0x0, 0x0, 0xff, 0xf1, 0x0,
    0x3, 0xff, 0x90, 0x3e, 0xfa, 0x0, 0x0, 0x0,
    0x0, 0x0, 0x0, 0x0, 0xff, 0xf1, 0x0, 0x0,
    0x4f, 0xff, 0xff, 0xb0, 0x0, 0x0, 0x0, 0x0,
    0x0, 0x0, 0x0, 0xff, 0xf1, 0x0, 0x0, 0x5,
    0xff, 0xfc, 0x0, 0x0, 0x0, 0x0, 0x0, 0x0,
    0x0, 0x0, 0xff, 0xf1, 0x0, 0x0, 0x0, 0x23,
    0x30, 0x0, 0x0, 0x0, 0x0, 0x0, 0x0, 0x0,
    0x0, 0xff, 0xf1, 0x0, 0x0, 0x0, 0x0, 0x0,
    0x0, 0x0, 0x0, 0x0, 0x3a, 0xdf, 0xeb, 0x40,
    0xff, 0xf1, 0x0, 0xef, 0xff, 0xff, 0xff, 0xff,
    0xf4, 0x0, 0x9, 0xff, 0xff, 0xff, 0xf9, 0xff,
    0xf1, 0x0, 0xef, 0xff, 0xff, 0xff, 0xff, 0xf4,
    0x0, 0x9f, 0xff, 0xfd, 0xcf, 0xff, 0xff, 0xf1,
    0x0, 0xac, 0xcc, 0xcc, 0xcf, 0xff, 0xe1, 0x3,
    0xff, 0xfb, 0x10, 0x1, 0x9f, 0xff, 0xf1, 0x0,
    0x0, 0x0, 0x0, 0x5f, 0xff, 0x30, 0xa, 0xff,
    0xc0, 0x0, 0x0, 0xa, 0xff, 0xf1, 0x0, 0x0,
    0x0, 0x2, 0xff, 0xf6, 0x0, 0xe, 0xff, 0x50,
    0x0, 0x0, 0x3, 0xff, 0xf1, 0x0, 0x0, 0x0,
    0x1d, 0xff, 0x90, 0x0, 0xf, 0xff, 0x20, 0x0,
    0x0, 0x0, 0xff, 0xf1, 0x0, 0x0, 0x0, 0xbf,
    0xfc, 0x0, 0x0, 0xf, 0xff, 0x20, 0x0, 0x0,
    0x0, 0xff, 0xf1, 0x0, 0x0, 0x9, 0xff, 0xe1,
    0x0, 0x0, 0xe, 0xff, 0x50, 0x0, 0x0, 0x3,
    0xff, 0xf1, 0x0, 0x0, 0x6f, 0xff, 0x30, 0x0,
    0x0, 0xa, 0xff, 0xc0, 0x0, 0x0, 0xb, 0xff,
    0xf1, 0x0, 0x3, 0xff, 0xf5, 0x0, 0x0, 0x0,
    0x3, 0xff, 0xfb, 0x10, 0x1, 0x9f, 0xff, 0xf1,
    0x0, 0x1e, 0xff, 0x80, 0x0, 0x0, 0x0, 0x0,
    0x8f, 0xff, 0xfd, 0xdf, 0xff, 0xff, 0xf1, 0x0,
    0xcf, 0xff, 0xcc, 0xcc, 0xcc, 0xc6, 0x0, 0x8,
    0xff, 0xff, 0xff, 0xf9, 0xef, 0xf1, 0x0, 0xff,
    0xff, 0xff, 0xff, 0xff, 0xf8, 0x0, 0x0, 0x3a,
    0xdf, 0xeb, 0x50, 0xef, 0xf1, 0x0, 0xff, 0xff,
    0xff, 0xff, 0xff, 0xf8,

    /* U+01C7 "Ǉ" */
    0xaf, 0xf9, 0x0, 0x0, 0x0, 0x0, 0x0, 0x5f,
    0xff, 0xff, 0xff, 0xff, 0x2a, 0xff, 0x90, 0x0,
    0x0, 0x0, 0x0, 0x5, 0xff, 0xff, 0xff, 0xff,
    0xf2, 0xaf, 0xf9, 0x0, 0x0, 0x0, 0x0, 0x0,
    0x4d, 0xdd, 0xdd, 0xdf, 0xff, 0x2a, 0xff, 0x90,
    0x0, 0x0, 0x0, 0x0, 0x0, 0x0, 0x0, 0x2,
    0xff, 0xf2, 0xaf, 0xf9, 0x0, 0x0, 0x0, 0x0,
    0x0, 0x0, 0x0, 0x0, 0x2f, 0xff, 0x2a, 0xff,
    0x90, 0x0, 0x0, 0x0, 0x0, 0x0, 0x0, 0x0,
    0x2, 0xff, 0xf2, 0xaf, 0xf9, 0x0, 0x0, 0x0,
    0x0, 0x0, 0x0, 0x0, 0x0, 0x2f, 0xff, 0x2a,
    0xff, 0x90, 0x0, 0x0, 0x0, 0x0, 0x0, 0x0,
    0x0, 0x2, 0xff, 0xf2, 0xaf, 0xf9, 0x0, 0x0,
    0x0, 0x0, 0x0, 0x0, 0x0, 0x0, 0x2f, 0xff,
    0x2a, 0xff, 0x90, 0x0, 0x0, 0x0, 0x0, 0x0,
    0x0, 0x0, 0x2, 0xff, 0xf2, 0xaf, 0xf9, 0x0,
    0x0, 0x0, 0x0, 0x0, 0x0, 0x0, 0x0, 0x2f,
    0xff, 0x2a, 0xff, 0x90, 0x0, 0x0, 0x0, 0x0,
    0x0, 0x0, 0x0, 0x2, 0xff, 0xf1, 0xaf, 0xf9,
    0x0, 0x0, 0x0, 0x0, 0x0, 0x0, 0x0, 0x0,
    0x3f, 0xff, 0x1a, 0xff, 0x90, 0x0, 0x0, 0x0,
    0x0, 0x5, 0x0, 0x0, 0x6, 0xff, 0xf0, 0xaf,
    0xf9, 0x0, 0x0, 0x0, 0x0, 0x5, 0xfc, 0x30,
    0x3, 0xef, 0xfb, 0xa, 0xff, 0xfd, 0xdd, 0xdd,
    0xdd, 0xda, 0xef, 0xff, 0xee, 0xff, 0xff, 0x40,
    0xaf, 0xff, 0xff, 0xff, 0xff, 0xff, 0xc3, 0xef,
    0xff, 0xff, 0xff, 0x80, 0xa, 0xff, 0xff, 0xff,
    0xff, 0xff, 0xfc, 0x0, 0x7c, 0xef, 0xea, 0x40,
    0x0,

    /* U+01C8 "ǈ" */
    0x0, 0x0, 0x0, 0x0, 0x0, 0x0, 0x0, 0x8,
    0xfd, 0x20, 0x0, 0x0, 0x0, 0x0, 0x0, 0x0,
    0x3, 0xff, 0xfa, 0xaf, 0xf9, 0x0, 0x0, 0x0,
    0x0, 0x0, 0x2f, 0xff, 0x9a, 0xff, 0x90, 0x0,
    0x0, 0x0, 0x0, 0x0, 0x7d, 0xb1, 0xaf, 0xf9,
    0x0, 0x0, 0x0, 0x0, 0x0, 0x0, 0x0, 0xa,
    0xff, 0x90, 0x0, 0x0, 0x0, 0x0, 0x0, 0x0,
    0x0, 0xaf, 0xf9, 0x0, 0x0, 0x0, 0x0, 0x0,
    0xd, 0xff, 0x4a, 0xff, 0x90, 0x0, 0x0, 0x0,
    0x0, 0x0, 0xdf, 0xf4, 0xaf, 0xf9, 0x0, 0x0,
    0x0, 0x0, 0x0, 0xd, 0xff, 0x4a, 0xff, 0x90,
    0x0, 0x0, 0x0, 0x0, 0x0, 0xdf, 0xf4, 0xaf,
    0xf9, 0x0, 0x0, 0x0, 0x0, 0x0, 0xd, 0xff,
    0x4a, 0xff, 0x90, 0x0, 0x0, 0x0, 0x0, 0x0,
    0xdf, 0xf4, 0xaf, 0xf9, 0x0, 0x0, 0x0, 0x0,
    0x0, 0xd, 0xff, 0x4a, 0xff, 0x90, 0x0, 0x0,
    0x0, 0x0, 0x0, 0xdf, 0xf4, 0xaf, 0xf9, 0x0,
    0x0, 0x0, 0x0, 0x0, 0xd, 0xff, 0x4a, 0xff,
    0x90, 0x0, 0x0, 0x0, 0x0, 0x0, 0xdf, 0xf4,
    0xaf, 0xf9, 0x0, 0x0, 0x0, 0x0, 0x0, 0xd,
    0xff, 0x4a, 0xff, 0xfd, 0xdd, 0xdd, 0xdd, 0xda,
    0x0, 0xdf, 0xf4, 0xaf, 0xff, 0xff, 0xff, 0xff,
    0xff, 0xc0, 0xd, 0xff, 0x4a, 0xff, 0xff, 0xff,
    0xff, 0xff, 0xfc, 0x0, 0xdf, 0xf4, 0x0, 0x0,
    0x0, 0x0, 0x0, 0x0, 0x0, 0xe, 0xff, 0x40,
    0x0, 0x0, 0x0, 0x0, 0x0, 0x0, 0x3, 0xff,
    0xf2, 0x0, 0x0, 0x0, 0x0, 0x0, 0xb, 0xcb,
    0xff, 0xfc, 0x0, 0x0, 0x0, 0x0, 0x0, 0x1,
    0xff, 0xff, 0xff, 0x30, 0x0, 0x0, 0x0, 0x0,
    0x0, 0x19, 0xdf, 0xea, 0x20, 0x0,

    /* U+01C9 "ǉ" */
    0x33, 0x30, 0x0, 0x5, 0xee, 0x5f, 0xff, 0x20,
    0x0, 0xef, 0xfe, 0xff, 0xf2, 0x0, 0xd, 0xff,
    0xdf, 0xff, 0x20, 0x0, 0x3c, 0xc3, 0xff, 0xf2,
    0x0, 0x0, 0x0, 0xf, 0xff, 0x20, 0x0, 0x0,
    0x0, 0xff, 0xf2, 0x0, 0x9, 0xff, 0x8f, 0xff,
    0x20, 0x0, 0x9f, 0xf8, 0xff, 0xf2, 0x0, 0x9,
    0xff, 0x8f, 0xff, 0x20, 0x0, 0x9f, 0xf8, 0xff,
    0xf2, 0x0, 0x9, 0xff, 0x8f, 0xff, 0x20, 0x0,
    0x9f, 0xf8, 0xff, 0xf2, 0x0, 0x9, 0xff, 0x8f,
    0xff, 0x20, 0x0, 0x9f, 0xf8, 0xff, 0xf2, 0x0,
    0x9, 0xff, 0x8f, 0xff, 0x20, 0x0, 0x9f, 0xf8,
    0xff, 0xf2, 0x0, 0x9, 0xff, 0x8f, 0xff, 0x20,
    0x0, 0x9f, 0xf8, 0xff, 0xf2, 0x0, 0x9, 0xff,
    0x8f, 0xff, 0x20, 0x0, 0x9f, 0xf8, 0x0, 0x0,
    0x0, 0xa, 0xff, 0x80, 0x0, 0x0, 0x0, 0xef,
    0xf6, 0x0, 0x7, 0xdb, 0xef, 0xff, 0x10, 0x0,
    0xdf, 0xff, 0xff, 0x60, 0x0, 0x7, 0xdf, 0xfc,
    0x50, 0x0,

    /* U+01CA "Ǌ" */
    0xaf, 0xf6, 0x0, 0x0, 0x0, 0x0, 0x5f, 0xfe,
    0x0, 0x4, 0xff, 0xff, 0xff, 0xff, 0xf3, 0xaf,
    0xff, 0x30, 0x0, 0x0, 0x0, 0x5f, 0xfe, 0x0,
    0x4, 0xff, 0xff, 0xff, 0xff, 0xf3, 0xaf, 0xff,
    0xe1, 0x0, 0x0, 0x0, 0x5f, 0xfe, 0x0, 0x3,
    0xdd, 0xdd, 0xdd, 0xff, 0xf3, 0xaf, 0xff, 0xfc,
    0x0, 0x0, 0x0, 0x5f, 0xfe, 0x0, 0x0, 0x0,
    0x0, 0x0, 0xff, 0xf3, 0xaf, 0xff, 0xff, 0x90,
    0x0, 0x0, 0x5f, 0xfe, 0x0, 0x0, 0x0, 0x0,
    0x0, 0xff, 0xf3, 0xaf, 0xff, 0xff, 0xf5, 0x0,
    0x0, 0x5f, 0xfe, 0x0, 0x0, 0x0, 0x0, 0x0,
    0xff, 0xf3, 0xaf, 0xf9, 0xcf, 0xff, 0x20, 0x0,
    0x5f, 0xfe, 0x0, 0x0, 0x0, 0x0, 0x0, 0xff,
    0xf3, 0xaf, 0xf9, 0x1e, 0xff, 0xd0, 0x0, 0x5f,
    0xfe, 0x0, 0x0, 0x0, 0x0, 0x0, 0xff, 0xf3,
    0xaf, 0xf9, 0x3, 0xff, 0xfb, 0x0, 0x5f, 0xfe,
    0x0, 0x0, 0x0, 0x0, 0x0, 0xff, 0xf3, 0xaf,
    0xf9, 0x0, 0x7f, 0xff, 0x70, 0x5f, 0xfe, 0x0,
    0x0, 0x0, 0x0, 0x0, 0xff, 0xf3, 0xaf, 0xf9,
    0x0, 0xa, 0xff, 0xf4, 0x5f, 0xfe, 0x0, 0x0,
    0x0, 0x0, 0x0, 0xff, 0xf3, 0xaf, 0xf9, 0x0,
    0x0, 0xdf, 0xfe, 0x7f, 0xfe, 0x0, 0x0, 0x0,
    0x0, 0x0, 0xff, 0xf3, 0xaf, 0xf9, 0x0, 0x0,
    0x2f, 0xff, 0xff, 0xfe, 0x0, 0x0, 0x0, 0x0,
    0x1, 0xff, 0xf2, 0xaf, 0xf9, 0x0, 0x0, 0x5,
    0xff, 0xff, 0xfe, 0x0, 0x3, 0x0, 0x0, 0x5,
    0xff, 0xf0, 0xaf, 0xf9, 0x0, 0x0, 0x0, 0x8f,
    0xff, 0xfe, 0x0, 0x4f, 0xc3, 0x0, 0x2d, 0xff,
    0xc0, 0xaf, 0xf9, 0x0, 0x0, 0x0, 0xb, 0xff,
    0xfe, 0x0, 0xdf, 0xff, 0xfe, 0xff, 0xff, 0x50,
    0xaf, 0xf9, 0x0, 0x0, 0x0, 0x1, 0xef, 0xfe,
    0x0, 0x2d, 0xff, 0xff, 0xff, 0xf9, 0x0, 0xaf,
    0xf9, 0x0, 0x0, 0x0, 0x0, 0x3f, 0xfe, 0x0,
    0x0, 0x6b, 0xef, 0xeb, 0x40, 0x0,

    /* U+01CB "ǋ" */
    0x0, 0x0, 0x0, 0x0, 0x0, 0x0, 0x0, 0x0,
    0x0, 0x0, 0xb, 0xfb, 0x0, 0x0, 0x0, 0x0,
    0x0, 0x0, 0x0, 0x0, 0x0, 0x0, 0x6, 0xff,
    0xf6, 0xaf, 0xf6, 0x0, 0x0, 0x0, 0x0, 0x5f,
    0xfe, 0x0, 0x0, 0x5f, 0xff, 0x5a, 0xff, 0xf3,
    0x0, 0x0, 0x0, 0x5, 0xff, 0xe0, 0x0, 0x0,
    0x9d, 0x90, 0xaf, 0xff, 0xe1, 0x0, 0x0, 0x0,
    0x5f, 0xfe, 0x0, 0x0, 0x0, 0x0, 0xa, 0xff,
    0xff, 0xc0, 0x0, 0x0, 0x5, 0xff, 0xe0, 0x0,
    0x0, 0x0, 0x0, 0xaf, 0xff, 0xff, 0x90, 0x0,
    0x0, 0x5f, 0xfe, 0x0, 0x0, 0xf, 0xff, 0x1a,
    0xff, 0xff, 0xff, 0x50, 0x0, 0x5, 0xff, 0xe0,
    0x0, 0x0, 0xff, 0xf1, 0xaf, 0xf9, 0xcf, 0xff,
    0x20, 0x0, 0x5f, 0xfe, 0x0, 0x0, 0xf, 0xff,
    0x1a, 0xff, 0x91, 0xef, 0xfd, 0x0, 0x5, 0xff,
    0xe0, 0x0, 0x0, 0xff, 0xf1, 0xaf, 0xf9, 0x3,
    0xff, 0xfb, 0x0, 0x5f, 0xfe, 0x0, 0x0, 0xf,
    0xff, 0x1a, 0xff, 0x90, 0x7, 0xff, 0xf7, 0x5,
    0xff, 0xe0, 0x0, 0x0, 0xff, 0xf1, 0xaf, 0xf9,
    0x0, 0xa, 0xff, 0xf4, 0x5f, 0xfe, 0x0, 0x0,
    0xf, 0xff, 0x1a, 0xff, 0x90, 0x0, 0xd, 0xff,
    0xe7, 0xff, 0xe0, 0x0, 0x0, 0xff, 0xf1, 0xaf,
    0xf9, 0x0, 0x0, 0x2f, 0xff, 0xff, 0xfe, 0x0,
    0x0, 0xf, 0xff, 0x1a, 0xff, 0x90, 0x0, 0x0,
    0x5f, 0xff, 0xff, 0xe0, 0x0, 0x0, 0xff, 0xf1,
    0xaf, 0xf9, 0x0, 0x0, 0x0, 0x8f, 0xff, 0xfe,
    0x0, 0x0, 0xf, 0xff, 0x1a, 0xff, 0x90, 0x0,
    0x0, 0x0, 0xbf, 0xff, 0xe0, 0x0, 0x0, 0xff,
    0xf1, 0xaf, 0xf9, 0x0, 0x0, 0x0, 0x1, 0xef,
    0xfe, 0x0, 0x0, 0xf, 0xff, 0x1a, 0xff, 0x90,
    0x0, 0x0, 0x0, 0x3, 0xff, 0xe0, 0x0, 0x0,
    0xff, 0xf1, 0x0, 0x0, 0x0, 0x0, 0x0, 0x0,
    0x0, 0x0, 0x0, 0x0, 0x1f, 0xff, 0x0, 0x0,
    0x0, 0x0, 0x0, 0x0, 0x0, 0x0, 0x0, 0x0,
    0x6, 0xff, 0xe0, 0x0, 0x0, 0x0, 0x0, 0x0,
    0x0, 0x0, 0x0, 0xe, 0xcb, 0xff, 0xf9, 0x0,
    0x0, 0x0, 0x0, 0x0, 0x0, 0x0, 0x0, 0x5,
    0xff, 0xff, 0xfe, 0x10, 0x0, 0x0, 0x0, 0x0,
    0x0, 0x0, 0x0, 0x0, 0x2b, 0xef, 0xe9, 0x10,
    0x0,

    /* U+01CC "ǌ" */
    0x0, 0x0, 0x0, 0x0, 0x0, 0x0, 0x0, 0x0,
    0x6, 0xee, 0x40, 0x0, 0x0, 0x0, 0x0, 0x0,
    0x0, 0x0, 0x0, 0xff, 0xfd, 0x0, 0x0, 0x0,
    0x0, 0x0, 0x0, 0x0, 0x0, 0xf, 0xff, 0xc0,
    0x0, 0x0, 0x0, 0x0, 0x0, 0x0, 0x0, 0x0,
    0x4d, 0xc2, 0x0, 0x0, 0x0, 0x0, 0x0, 0x0,
    0x0, 0x0, 0x0, 0x0, 0x0, 0x0, 0x0, 0x0,
    0x0, 0x0, 0x0, 0x0, 0x0, 0x0, 0x0, 0xff,
    0xf0, 0x4a, 0xef, 0xeb, 0x40, 0x0, 0x0, 0xa,
    0xff, 0x7f, 0xff, 0x9f, 0xff, 0xff, 0xff, 0x80,
    0x0, 0x0, 0xaf, 0xf7, 0xff, 0xff, 0xfe, 0xbc,
    0xff, 0xff, 0x50, 0x0, 0xa, 0xff, 0x7f, 0xff,
    0xf8, 0x0, 0x2, 0xdf, 0xfc, 0x0, 0x0, 0xaf,
    0xf7, 0xff, 0xfb, 0x0, 0x0, 0x4, 0xff, 0xf0,
    0x0, 0xa, 0xff, 0x7f, 0xff, 0x50, 0x0, 0x0,
    0xf, 0xff, 0x20, 0x0, 0xaf, 0xf7, 0xff, 0xf3,
    0x0, 0x0, 0x0, 0xef, 0xf3, 0x0, 0xa, 0xff,
    0x7f, 0xff, 0x20, 0x0, 0x0, 0xe, 0xff, 0x30,
    0x0, 0xaf, 0xf7, 0xff, 0xf2, 0x0, 0x0, 0x0,
    0xef, 0xf3, 0x0, 0xa, 0xff, 0x7f, 0xff, 0x20,
    0x0, 0x0, 0xe, 0xff, 0x30, 0x0, 0xaf, 0xf7,
    0xff, 0xf2, 0x0, 0x0, 0x0, 0xef, 0xf3, 0x0,
    0xa, 0xff, 0x7f, 0xff, 0x20, 0x0, 0x0, 0xe,
    0xff, 0x30, 0x0, 0xaf, 0xf7, 0xff, 0xf2, 0x0,
    0x0, 0x0, 0xef, 0xf3, 0x0, 0xa, 0xff, 0x7f,
    0xff, 0x20, 0x0, 0x0, 0xe, 0xff, 0x30, 0x0,
    0xaf, 0xf7, 0x0, 0x0, 0x0, 0x0, 0x0, 0x0,
    0x0, 0x0, 0xb, 0xff, 0x60, 0x0, 0x0, 0x0,
    0x0, 0x0, 0x0, 0x0, 0x1, 0xff, 0xf4, 0x0,
    0x0, 0x0, 0x0, 0x0, 0x0, 0x8, 0xdb, 0xef,
    0xfe, 0x0, 0x0, 0x0, 0x0, 0x0, 0x0, 0x0,
    0xef, 0xff, 0xff, 0x50, 0x0, 0x0, 0x0, 0x0,
    0x0, 0x0, 0x8, 0xdf, 0xfb, 0x40, 0x0,

    /* U+01CD "Ǎ" */
    0x0, 0x0, 0x1, 0xdf, 0xa0, 0x2, 0xdf, 0xa0,
    0x0, 0x0, 0x0, 0x0, 0x0, 0x1e, 0xfc, 0x4e,
    0xfa, 0x0, 0x0, 0x0, 0x0, 0x0, 0x0, 0x2,
    0xef, 0xff, 0xb0, 0x0, 0x0, 0x0, 0x0, 0x0,
    0x0, 0x0, 0x28, 0x87, 0x0, 0x0, 0x0, 0x0,
    0x0, 0x0, 0x0, 0x0, 0x0, 0x0, 0x0, 0x0,
    0x0, 0x0, 0x0, 0x0, 0x0, 0x0, 0x7f, 0xff,
    0x20, 0x0, 0x0, 0x0, 0x0, 0x0, 0x0, 0x0,
    0xef, 0xff, 0x90, 0x0, 0x0, 0x0, 0x0, 0x0,
    0x0, 0x5, 0xff, 0xff, 0xf1, 0x0, 0x0, 0x0,
    0x0, 0x0, 0x0, 0xc, 0xff, 0xdf, 0xf7, 0x0,
    0x0, 0x0, 0x0, 0x0, 0x0, 0x3f, 0xfd, 0x2f,
    0xfe, 0x0, 0x0, 0x0, 0x0, 0x0, 0x0, 0xaf,
    0xf6, 0xc, 0xff, 0x50, 0x0, 0x0, 0x0, 0x0,
    0x1, 0xff, 0xf0, 0x5, 0xff, 0xc0, 0x0, 0x0,
    0x0, 0x0, 0x8, 0xff, 0x90, 0x0, 0xef, 0xf3,
    0x0, 0x0, 0x0, 0x0, 0xe, 0xff, 0x20, 0x0,
    0x8f, 0xfa, 0x0, 0x0, 0x0, 0x0, 0x6f, 0xfb,
    0x0, 0x0, 0x1f, 0xff, 0x20, 0x0, 0x0, 0x0,
    0xdf, 0xf5, 0x0, 0x0, 0xa, 0xff, 0x80, 0x0,
    0x0, 0x4, 0xff, 0xff, 0xff, 0xff, 0xff, 0xff,
    0xf0, 0x0, 0x0, 0xb, 0xff, 0xff, 0xff, 0xff,
    0xff, 0xff, 0xf6, 0x0, 0x0, 0x2f, 0xff, 0xba,
    0xaa, 0xaa, 0xaa, 0xff, 0xfd, 0x0, 0x0, 0x9f,
    0xfa, 0x0, 0x0, 0x0, 0x0, 0xf, 0xff, 0x40,
    0x1, 0xff, 0xf4, 0x0, 0x0, 0x0, 0x0, 0x9,
    0xff, 0xb0, 0x7, 0xff, 0xd0, 0x0, 0x0, 0x0,
    0x0, 0x2, 0xff, 0xf2, 0xe, 0xff, 0x60, 0x0,
    0x0, 0x0, 0x0, 0x0, 0xcf, 0xf9,

    /* U+01CE "ǎ" */
    0x1, 0x78, 0x40, 0x0, 0x58, 0x70, 0x0, 0x8,
    0xff, 0x50, 0x8f, 0xf5, 0x0, 0x0, 0xa, 0xff,
    0xff, 0xf8, 0x0, 0x0, 0x0, 0xc, 0xff, 0xfa,
    0x0, 0x0, 0x0, 0x0, 0x18, 0x87, 0x0, 0x0,
    0x0, 0x0, 0x0, 0x0, 0x0, 0x0, 0x0, 0x0,
    0x5a, 0xdf, 0xfe, 0xa4, 0x0, 0x3, 0xdf, 0xff,
    0xff, 0xff, 0xf9, 0x0, 0x1f, 0xff, 0xdb, 0xcf,
    0xff, 0xf6, 0x0, 0x88, 0x10, 0x0, 0x1c, 0xff,
    0xd0, 0x0, 0x0, 0x0, 0x0, 0x2f, 0xff, 0x10,
    0x0, 0x1, 0x22, 0x22, 0xff, 0xf3, 0x1, 0x9e,
    0xff, 0xff, 0xff, 0xff, 0x32, 0xef, 0xff, 0xff,
    0xff, 0xff, 0xf3, 0xaf, 0xfc, 0x20, 0x0, 0xe,
    0xff, 0x3d, 0xff, 0x40, 0x0, 0x0, 0xff, 0xf3,
    0xdf, 0xf5, 0x0, 0x0, 0x6f, 0xff, 0x38, 0xff,
    0xe6, 0x34, 0x9f, 0xff, 0xf3, 0xc, 0xff, 0xff,
    0xff, 0xed, 0xff, 0x30, 0x7, 0xcf, 0xfd, 0x81,
    0xbf, 0xf3,

    /* U+01CF "Ǐ" */
    0x5f, 0xf5, 0x0, 0x6f, 0xf4, 0x5, 0xff, 0x78,
    0xff, 0x50, 0x0, 0x6f, 0xff, 0xf5, 0x0, 0x0,
    0x5, 0x88, 0x50, 0x0, 0x0, 0x0, 0x0, 0x0,
    0x0, 0x0, 0xa, 0xff, 0x90, 0x0, 0x0, 0xa,
    0xff, 0x90, 0x0, 0x0, 0xa, 0xff, 0x90, 0x0,
    0x0, 0xa, 0xff, 0x90, 0x0, 0x0, 0xa, 0xff,
    0x90, 0x0, 0x0, 0xa, 0xff, 0x90, 0x0, 0x0,
    0xa, 0xff, 0x90, 0x0, 0x0, 0xa, 0xff, 0x90,
    0x0, 0x0, 0xa, 0xff, 0x90, 0x0, 0x0, 0xa,
    0xff, 0x90, 0x0, 0x0, 0xa, 0xff, 0x90, 0x0,
    0x0, 0xa, 0xff, 0x90, 0x0, 0x0, 0xa, 0xff,
    0x90, 0x0, 0x0, 0xa, 0xff, 0x90, 0x0, 0x0,
    0xa, 0xff, 0x90, 0x0, 0x0, 0xa, 0xff, 0x90,
    0x0, 0x0, 0xa, 0xff, 0x90, 0x0, 0x0, 0xa,
    0xff, 0x90, 0x0,

    /* U+01D0 "ǐ" */
    0x28, 0x71, 0x0, 0x78, 0x40, 0xdf, 0xc0, 0x9f,
    0xf2, 0x2, 0xff, 0xff, 0xf6, 0x0, 0x7, 0xff,
    0xfb, 0x0, 0x0, 0x7, 0x88, 0x10, 0x0, 0x0,
    0x0, 0x0, 0x0, 0x0, 0xf, 0xff, 0x20, 0x0,
    0x0, 0xff, 0xf2, 0x0, 0x0, 0xf, 0xff, 0x20,
    0x0, 0x0, 0xff, 0xf2, 0x0, 0x0, 0xf, 0xff,
    0x20, 0x0, 0x0, 0xff, 0xf2, 0x0, 0x0, 0xf,
    0xff, 0x20, 0x0, 0x0, 0xff, 0xf2, 0x0, 0x0,
    0xf, 0xff, 0x20, 0x0, 0x0, 0xff, 0xf2, 0x0,
    0x0, 0xf, 0xff, 0x20, 0x0, 0x0, 0xff, 0xf2,
    0x0, 0x0, 0xf, 0xff, 0x20, 0x0, 0x0, 0xff,
    0xf2, 0x0,

    /* U+01D1 "Ǒ" */
    0x0, 0x0, 0x7, 0x84, 0x0, 0x4, 0x87, 0x0,
    0x0, 0x0, 0x0, 0x0, 0x5f, 0xf7, 0x6, 0xff,
    0x50, 0x0, 0x0, 0x0, 0x0, 0x0, 0x5f, 0xff,
    0xff, 0x60, 0x0, 0x0, 0x0, 0x0, 0x0, 0x0,
    0x6f, 0xff, 0x60, 0x0, 0x0, 0x0, 0x0, 0x0,
    0x0, 0x0, 0x0, 0x0, 0x0, 0x0, 0x0, 0x0,
    0x0, 0x0, 0x0, 0x0, 0x0, 0x0, 0x0, 0x0,
    0x0, 0x0, 0x0, 0x2, 0x8c, 0xef, 0xec, 0x83,
    0x0, 0x0, 0x0, 0x0, 0x1a, 0xff, 0xff, 0xff,
    0xff, 0xfb, 0x10, 0x0, 0x0, 0x3e, 0xff, 0xff,
    0xff, 0xff, 0xff, 0xfe, 0x30, 0x0, 0x1e, 0xff,
    0xfb, 0x40, 0x0, 0x4a, 0xff, 0xfe, 0x20, 0xb,
    0xff, 0xf5, 0x0, 0x0, 0x0, 0x5, 0xff, 0xfb,
    0x3, 0xff, 0xf7, 0x0, 0x0, 0x0, 0x0, 0x6,
    0xff, 0xf4, 0x8f, 0xfd, 0x0, 0x0, 0x0, 0x0,
    0x0, 0xd, 0xff, 0x9c, 0xff, 0x90, 0x0, 0x0,
    0x0, 0x0, 0x0, 0x8f, 0xfc, 0xdf, 0xf6, 0x0,
    0x0, 0x0, 0x0, 0x0, 0x5, 0xff, 0xed, 0xff,
    0x60, 0x0, 0x0, 0x0, 0x0, 0x0, 0x6f, 0xfe,
    0xcf, 0xf9, 0x0, 0x0, 0x0, 0x0, 0x0, 0x8,
    0xff, 0xc8, 0xff, 0xe0, 0x0, 0x0, 0x0, 0x0,
    0x0, 0xdf, 0xf9, 0x3f, 0xff, 0x70, 0x0, 0x0,
    0x0, 0x0, 0x6f, 0xff, 0x40, 0xbf, 0xff, 0x50,
    0x0, 0x0, 0x0, 0x5f, 0xff, 0xc0, 0x1, 0xef,
    0xff, 0xb4, 0x0, 0x4, 0xaf, 0xff, 0xe2, 0x0,
    0x3, 0xef, 0xff, 0xff, 0xff, 0xff, 0xff, 0xe3,
    0x0, 0x0, 0x1, 0xaf, 0xff, 0xff, 0xff, 0xff,
    0xb1, 0x0, 0x0, 0x0, 0x0, 0x38, 0xce, 0xfe,
    0xc8, 0x30, 0x0, 0x0,

    /* U+01D2 "ǒ" */
    0x0, 0x4, 0x87, 0x10, 0x0, 0x78, 0x40, 0x0,
    0x0, 0x0, 0xcf, 0xd1, 0x1c, 0xfc, 0x0, 0x0,
    0x0, 0x0, 0xc, 0xff, 0xff, 0xd1, 0x0, 0x0,
    0x0, 0x0, 0x1, 0xdf, 0xfd, 0x10, 0x0, 0x0,
    0x0, 0x0, 0x0, 0x0, 0x0, 0x0, 0x0, 0x0,
    0x0, 0x0, 0x0, 0x0, 0x0, 0x0, 0x0, 0x0,
    0x0, 0x0, 0x28, 0xde, 0xfd, 0x93, 0x0, 0x0,
    0x0, 0x7, 0xff, 0xff, 0xff, 0xff, 0x80, 0x0,
    0x0, 0x7f, 0xff, 0xfd, 0xcf, 0xff, 0xf9, 0x0,
    0x2, 0xff, 0xfa, 0x10, 0x1, 0x9f, 0xff, 0x40,
    0x9, 0xff, 0xc0, 0x0, 0x0, 0xa, 0xff, 0xb0,
    0xd, 0xff, 0x50, 0x0, 0x0, 0x3, 0xff, 0xf0,
    0xf, 0xff, 0x20, 0x0, 0x0, 0x0, 0xff, 0xf1,
    0xf, 0xff, 0x20, 0x0, 0x0, 0x0, 0xff, 0xf1,
    0xd, 0xff, 0x50, 0x0, 0x0, 0x3, 0xff, 0xf0,
    0x9, 0xff, 0xc0, 0x0, 0x0, 0xa, 0xff, 0xb0,
    0x2, 0xff, 0xfb, 0x10, 0x1, 0x9f, 0xff, 0x40,
    0x0, 0x6f, 0xff, 0xfd, 0xdf, 0xff, 0xf8, 0x0,
    0x0, 0x6, 0xff, 0xff, 0xff, 0xff, 0x80, 0x0,
    0x0, 0x0, 0x28, 0xdf, 0xfd, 0x92, 0x0, 0x0,

    /* U+01D3 "Ǔ" */
    0x0, 0x5, 0x87, 0x0, 0x1, 0x78, 0x30, 0x0,
    0x0, 0x1, 0xdf, 0xc1, 0x2e, 0xfb, 0x0, 0x0,
    0x0, 0x0, 0x1d, 0xff, 0xff, 0xb0, 0x0, 0x0,
    0x0, 0x0, 0x1, 0xef, 0xfc, 0x0, 0x0, 0x0,
    0x0, 0x0, 0x0, 0x0, 0x0, 0x0, 0x0, 0x0,
    0x0, 0x0, 0x0, 0x0, 0x0, 0x0, 0x0, 0x0,
    0xcf, 0xf7, 0x0, 0x0, 0x0, 0x0, 0xaf, 0xf8,
    0xcf, 0xf7, 0x0, 0x0, 0x0, 0x0, 0xaf, 0xf8,
    0xcf, 0xf7, 0x0, 0x0, 0x0, 0x0, 0xaf, 0xf8,
    0xcf, 0xf7, 0x0, 0x0, 0x0, 0x0, 0xaf, 0xf8,
    0xcf, 0xf7, 0x0, 0x0, 0x0, 0x0, 0xaf, 0xf8,
    0xcf, 0xf7, 0x0, 0x0, 0x0, 0x0, 0xaf, 0xf8,
    0xcf, 0xf7, 0x0, 0x0, 0x0, 0x0, 0xaf, 0xf8,
    0xcf, 0xf7, 0x0, 0x0, 0x0, 0x0, 0xaf, 0xf8,
    0xcf, 0xf7, 0x0, 0x0, 0x0, 0x0, 0xaf, 0xf8,
    0xcf, 0xf7, 0x0, 0x0, 0x0, 0x0, 0xaf, 0xf8,
    0xcf, 0xf7, 0x0, 0x0, 0x0, 0x0, 0xbf, 0xf7,
    0xbf, 0xf9, 0x0, 0x0, 0x0, 0x0, 0xdf, 0xf6,
    0x8f, 0xfd, 0x0, 0x0, 0x0, 0x1, 0xff, 0xf3,
    0x3f, 0xff, 0x60, 0x0, 0x0, 0xa, 0xff, 0xe0,
    0xc, 0xff, 0xf8, 0x20, 0x3, 0xaf, 0xff, 0x80,
    0x2, 0xff, 0xff, 0xff, 0xff, 0xff, 0xfc, 0x0,
    0x0, 0x3e, 0xff, 0xff, 0xff, 0xff, 0xb1, 0x0,
    0x0, 0x0, 0x6b, 0xef, 0xfd, 0xa4, 0x0, 0x0,

    /* U+01D4 "ǔ" */
    0x0, 0x7, 0x84, 0x0, 0x5, 0x87, 0x0, 0x0,
    0x6, 0xff, 0x60, 0x7f, 0xf4, 0x0, 0x0, 0x0,
    0x6f, 0xff, 0xff, 0x50, 0x0, 0x0, 0x0, 0x7,
    0xff, 0xf5, 0x0, 0x0, 0x0, 0x0, 0x0, 0x0,
    0x0, 0x0, 0x0, 0x0, 0x0, 0x0, 0x0, 0x0,
    0x0, 0x0, 0xf, 0xff, 0x10, 0x0, 0x0, 0x2f,
    0xff, 0xf, 0xff, 0x10, 0x0, 0x0, 0x2f, 0xff,
    0xf, 0xff, 0x10, 0x0, 0x0, 0x2f, 0xff, 0xf,
    0xff, 0x10, 0x0, 0x0, 0x2f, 0xff, 0xf, 0xff,
    0x10, 0x0, 0x0, 0x2f, 0xff, 0xf, 0xff, 0x10,
    0x0, 0x0, 0x2f, 0xff, 0xf, 0xff, 0x10, 0x0,
    0x0, 0x2f, 0xff, 0xf, 0xff, 0x10, 0x0, 0x0,
    0x3f, 0xff, 0xf, 0xff, 0x30, 0x0, 0x0, 0x5f,
    0xff, 0xe, 0xff, 0x80, 0x0, 0x0, 0xcf, 0xff,
    0x9, 0xff, 0xf5, 0x0, 0x1a, 0xff, 0xff, 0x3,
    0xff, 0xff, 0xfe, 0xff, 0xff, 0xff, 0x0, 0x6f,
    0xff, 0xff, 0xff, 0x8f, 0xff, 0x0, 0x3, 0xae,
    0xfe, 0xb4, 0xf, 0xff,

    /* U+01D5 "Ǖ" */
    0x0, 0x6, 0xff, 0xff, 0xff, 0xff, 0x30, 0x0,
    0x0, 0x5, 0xdd, 0xdd, 0xdd, 0xdd, 0x20, 0x0,
    0x0, 0x0, 0x0, 0x0, 0x0, 0x0, 0x0, 0x0,
    0x0, 0x0, 0x7e, 0x80, 0xa, 0xe4, 0x0, 0x0,
    0x0, 0x0, 0xdf, 0xf0, 0x2f, 0xfa, 0x0, 0x0,
    0x0, 0x0, 0x7f, 0x80, 0xb, 0xe4, 0x0, 0x0,
    0x0, 0x0, 0x0, 0x0, 0x0, 0x0, 0x0, 0x0,
    0x0, 0x0, 0x0, 0x0, 0x0, 0x0, 0x0, 0x0,
    0xcf, 0xf7, 0x0, 0x0, 0x0, 0x0, 0xaf, 0xf8,
    0xcf, 0xf7, 0x0, 0x0, 0x0, 0x0, 0xaf, 0xf8,
    0xcf, 0xf7, 0x0, 0x0, 0x0, 0x0, 0xaf, 0xf8,
    0xcf, 0xf7, 0x0, 0x0, 0x0, 0x0, 0xaf, 0xf8,
    0xcf, 0xf7, 0x0, 0x0, 0x0, 0x0, 0xaf, 0xf8,
    0xcf, 0xf7, 0x0, 0x0, 0x0, 0x0, 0xaf, 0xf8,
    0xcf, 0xf7, 0x0, 0x0, 0x0, 0x0, 0xaf, 0xf8,
    0xcf, 0xf7, 0x0, 0x0, 0x0, 0x0, 0xaf, 0xf8,
    0xcf, 0xf7, 0x0, 0x0, 0x0, 0x0, 0xaf, 0xf8,
    0xcf, 0xf7, 0x0, 0x0, 0x0, 0x0, 0xaf, 0xf8,
    0xcf, 0xf7, 0x0, 0x0, 0x0, 0x0, 0xbf, 0xf7,
    0xbf, 0xf9, 0x0, 0x0, 0x0, 0x0, 0xdf, 0xf6,
    0x8f, 0xfd, 0x0, 0x0, 0x0, 0x1, 0xff, 0xf3,
    0x3f, 0xff, 0x60, 0x0, 0x0, 0xa, 0xff, 0xe0,
    0xc, 0xff, 0xf8, 0x20, 0x3, 0xaf, 0xff, 0x80,
    0x2, 0xff, 0xff, 0xff, 0xff, 0xff, 0xfc, 0x0,
    0x0, 0x3e, 0xff, 0xff, 0xff, 0xff, 0xb1, 0x0,
    0x0, 0x0, 0x6b, 0xef, 0xfd, 0xa4, 0x0, 0x0,

    /* U+01D6 "ǖ" */
    0x0, 0xe, 0xff, 0xff, 0xff, 0xfc, 0x0, 0x0,
    0xb, 0xdd, 0xdd, 0xdd, 0xda, 0x0, 0x0, 0x0,
    0x0, 0x0, 0x0, 0x0, 0x0, 0x0, 0x0, 0x0,
    0x0, 0x0, 0x0, 0x0, 0x0, 0x1, 0xce, 0x20,
    0x3e, 0xc0, 0x0, 0x0, 0x4, 0xff, 0x80, 0x9f,
    0xf3, 0x0, 0x0, 0x0, 0xce, 0x20, 0x3e, 0xc0,
    0x0, 0x0, 0x0, 0x0, 0x0, 0x0, 0x0, 0x0,
    0xf, 0xff, 0x10, 0x0, 0x0, 0x2f, 0xff, 0xf,
    0xff, 0x10, 0x0, 0x0, 0x2f, 0xff, 0xf, 0xff,
    0x10, 0x0, 0x0, 0x2f, 0xff, 0xf, 0xff, 0x10,
    0x0, 0x0, 0x2f, 0xff, 0xf, 0xff, 0x10, 0x0,
    0x0, 0x2f, 0xff, 0xf, 0xff, 0x10, 0x0, 0x0,
    0x2f, 0xff, 0xf, 0xff, 0x10, 0x0, 0x0, 0x2f,
    0xff, 0xf, 0xff, 0x10, 0x0, 0x0, 0x3f, 0xff,
    0xf, 0xff, 0x30, 0x0, 0x0, 0x5f, 0xff, 0xe,
    0xff, 0x80, 0x0, 0x0, 0xcf, 0xff, 0x9, 0xff,
    0xf5, 0x0, 0x1a, 0xff, 0xff, 0x3, 0xff, 0xff,
    0xfe, 0xff, 0xff, 0xff, 0x0, 0x6f, 0xff, 0xff,
    0xff, 0x8f, 0xff, 0x0, 0x3, 0xae, 0xfe, 0xb4,
    0xf, 0xff,

    /* U+01D7 "Ǘ" */
    0x0, 0x0, 0x0, 0x0, 0xaf, 0xf8, 0x0, 0x0,
    0x0, 0x0, 0x0, 0x9, 0xff, 0x50, 0x0, 0x0,
    0x0, 0x0, 0x0, 0x8f, 0xd2, 0x0, 0x0, 0x0,
    0x0, 0x0, 0x0, 0x0, 0x0, 0x0, 0x0, 0x0,
    0x0, 0x0, 0x7f, 0x80, 0xb, 0xe4, 0x0, 0x0,
    0x0, 0x0, 0xdf, 0xf0, 0x2f, 0xfa, 0x0, 0x0,
    0x0, 0x0, 0x7e, 0x80, 0xa, 0xe4, 0x0, 0x0,
    0x0, 0x0, 0x0, 0x0, 0x0, 0x0, 0x0, 0x0,
    0x0, 0x0, 0x0, 0x0, 0x0, 0x0, 0x0, 0x0,
    0xcf, 0xf7, 0x0, 0x0, 0x0, 0x0, 0xaf, 0xf8,
    0xcf, 0xf7, 0x0, 0x0, 0x0, 0x0, 0xaf, 0xf8,
    0xcf, 0xf7, 0x0, 0x0, 0x0, 0x0, 0xaf, 0xf8,
    0xcf, 0xf7, 0x0, 0x0, 0x0, 0x0, 0xaf, 0xf8,
    0xcf, 0xf7, 0x0, 0x0, 0x0, 0x0, 0xaf, 0xf8,
    0xcf, 0xf7, 0x0, 0x0, 0x0, 0x0, 0xaf, 0xf8,
    0xcf, 0xf7, 0x0, 0x0, 0x0, 0x0, 0xaf, 0xf8,
    0xcf, 0xf7, 0x0, 0x0, 0x0, 0x0, 0xaf, 0xf8,
    0xcf, 0xf7, 0x0, 0x0, 0x0, 0x0, 0xaf, 0xf8,
    0xcf, 0xf7, 0x0, 0x0, 0x0, 0x0, 0xaf, 0xf8,
    0xcf, 0xf7, 0x0, 0x0, 0x0, 0x0, 0xbf, 0xf7,
    0xbf, 0xf9, 0x0, 0x0, 0x0, 0x0, 0xdf, 0xf6,
    0x8f, 0xfd, 0x0, 0x0, 0x0, 0x1, 0xff, 0xf3,
    0x3f, 0xff, 0x60, 0x0, 0x0, 0xa, 0xff, 0xe0,
    0xc, 0xff, 0xf8, 0x20, 0x3, 0xaf, 0xff, 0x80,
    0x2, 0xff, 0xff, 0xff, 0xff, 0xff, 0xfc, 0x0,
    0x0, 0x3e, 0xff, 0xff, 0xff, 0xff, 0xb1, 0x0,
    0x0, 0x0, 0x6b, 0xef, 0xfd, 0xa4, 0x0, 0x0,

    /* U+01D8 "ǘ" */
    0x0, 0x0, 0x0, 0x2, 0xef, 0xe3, 0x0, 0x0,
    0x0, 0x0, 0x2e, 0xfb, 0x10, 0x0, 0x0, 0x0,
    0x1, 0xef, 0x80, 0x0, 0x0, 0x0, 0x0, 0x0,
    0x0, 0x0, 0x0, 0x0, 0x0, 0x1, 0xce, 0x20,
    0x3e, 0xc0, 0x0, 0x0, 0x4, 0xff, 0x80, 0x9f,
    0xf3, 0x0, 0x0, 0x0, 0xce, 0x20, 0x3e, 0xc0,
    0x0, 0x0, 0x0, 0x0, 0x0, 0x0, 0x0, 0x0,
    0x0, 0x0, 0x0, 0x0, 0x0, 0x0, 0x0, 0xf,
    0xff, 0x10, 0x0, 0x0, 0x2f, 0xff, 0xf, 0xff,
    0x10, 0x0, 0x0, 0x2f, 0xff, 0xf, 0xff, 0x10,
    0x0, 0x0, 0x2f, 0xff, 0xf, 0xff, 0x10, 0x0,
    0x0, 0x2f, 0xff, 0xf, 0xff, 0x10, 0x0, 0x0,
    0x2f, 0xff, 0xf, 0xff, 0x10, 0x0, 0x0, 0x2f,
    0xff, 0xf, 0xff, 0x10, 0x0, 0x0, 0x2f, 0xff,
    0xf, 0xff, 0x10, 0x0, 0x0, 0x3f, 0xff, 0xf,
    0xff, 0x30, 0x0, 0x0, 0x5f, 0xff, 0xe, 0xff,
    0x80, 0x0, 0x0, 0xcf, 0xff, 0x9, 0xff, 0xf5,
    0x0, 0x1a, 0xff, 0xff, 0x3, 0xff, 0xff, 0xfe,
    0xff, 0xff, 0xff, 0x0, 0x6f, 0xff, 0xff, 0xff,
    0x8f, 0xff, 0x0, 0x3, 0xae, 0xfe, 0xb4, 0xf,
    0xff,

    /* U+01D9 "Ǚ" */
    0x0, 0x5, 0x87, 0x0, 0x1, 0x78, 0x30, 0x0,
    0x0, 0x1, 0xdf, 0xc1, 0x2e, 0xfb, 0x0, 0x0,
    0x0, 0x0, 0x1d, 0xff, 0xff, 0xb0, 0x0, 0x0,
    0x0, 0x0, 0x1, 0xef, 0xfc, 0x0, 0x0, 0x0,
    0x0, 0x0, 0x1, 0x0, 0x0, 0x10, 0x0, 0x0,
    0x0, 0x0, 0xaf, 0x90, 0xc, 0xf7, 0x0, 0x0,
    0x0, 0x0, 0xff, 0xe0, 0x2f, 0xfc, 0x0, 0x0,
    0x0, 0x0, 0x9f, 0x80, 0xa, 0xf6, 0x0, 0x0,
    0x0, 0x0, 0x0, 0x0, 0x0, 0x0, 0x0, 0x0,
    0x0, 0x0, 0x0, 0x0, 0x0, 0x0, 0x0, 0x0,
    0xcf, 0xf7, 0x0, 0x0, 0x0, 0x0, 0xaf, 0xf8,
    0xcf, 0xf7, 0x0, 0x0, 0x0, 0x0, 0xaf, 0xf8,
    0xcf, 0xf7, 0x0, 0x0, 0x0, 0x0, 0xaf, 0xf8,
    0xcf, 0xf7, 0x0, 0x0, 0x0, 0x0, 0xaf, 0xf8,
    0xcf, 0xf7, 0x0, 0x0, 0x0, 0x0, 0xaf, 0xf8,
    0xcf, 0xf7, 0x0, 0x0, 0x0, 0x0, 0xaf, 0xf8,
    0xcf, 0xf7, 0x0, 0x0, 0x0, 0x0, 0xaf, 0xf8,
    0xcf, 0xf7, 0x0, 0x0, 0x0, 0x0, 0xaf, 0xf8,
    0xcf, 0xf7, 0x0, 0x0, 0x0, 0x0, 0xaf, 0xf8,
    0xcf, 0xf7, 0x0, 0x0, 0x0, 0x0, 0xaf, 0xf8,
    0xcf, 0xf7, 0x0, 0x0, 0x0, 0x0, 0xbf, 0xf7,
    0xbf, 0xf9, 0x0, 0x0, 0x0, 0x0, 0xdf, 0xf6,
    0x8f, 0xfd, 0x0, 0x0, 0x0, 0x1, 0xff, 0xf3,
    0x3f, 0xff, 0x60, 0x0, 0x0, 0xa, 0xff, 0xe0,
    0xc, 0xff, 0xf8, 0x20, 0x3, 0xaf, 0xff, 0x80,
    0x2, 0xff, 0xff, 0xff, 0xff, 0xff, 0xfc, 0x0,
    0x0, 0x3e, 0xff, 0xff, 0xff, 0xff, 0xb1, 0x0,
    0x0, 0x0, 0x6b, 0xef, 0xfd, 0xa4, 0x0, 0x0,

    /* U+01DA "ǚ" */
    0x0, 0x7, 0x84, 0x0, 0x5, 0x87, 0x0, 0x0,
    0x6, 0xff, 0x60, 0x7f, 0xf4, 0x0, 0x0, 0x0,
    0x6f, 0xff, 0xff, 0x50, 0x0, 0x0, 0x0, 0x7,
    0xff, 0xf5, 0x0, 0x0, 0x0, 0x0, 0x0, 0x0,
    0x1, 0x0, 0x0, 0x0, 0x2, 0xff, 0x30, 0x4f,
    0xe1, 0x0, 0x0, 0x6, 0xff, 0x70, 0x9f, 0xf5,
    0x0, 0x0, 0x2, 0xde, 0x20, 0x3e, 0xd1, 0x0,
    0x0, 0x0, 0x0, 0x0, 0x0, 0x0, 0x0, 0x0,
    0x0, 0x0, 0x0, 0x0, 0x0, 0x0, 0xf, 0xff,
    0x10, 0x0, 0x0, 0x2f, 0xff, 0xf, 0xff, 0x10,
    0x0, 0x0, 0x2f, 0xff, 0xf, 0xff, 0x10, 0x0,
    0x0, 0x2f, 0xff, 0xf, 0xff, 0x10, 0x0, 0x0,
    0x2f, 0xff, 0xf, 0xff, 0x10, 0x0, 0x0, 0x2f,
    0xff, 0xf, 0xff, 0x10, 0x0, 0x0, 0x2f, 0xff,
    0xf, 0xff, 0x10, 0x0, 0x0, 0x2f, 0xff, 0xf,
    0xff, 0x10, 0x0, 0x0, 0x3f, 0xff, 0xf, 0xff,
    0x30, 0x0, 0x0, 0x5f, 0xff, 0xe, 0xff, 0x80,
    0x0, 0x0, 0xcf, 0xff, 0x9, 0xff, 0xf5, 0x0,
    0x1a, 0xff, 0xff, 0x3, 0xff, 0xff, 0xfe, 0xff,
    0xff, 0xff, 0x0, 0x6f, 0xff, 0xff, 0xff, 0x8f,
    0xff, 0x0, 0x3, 0xae, 0xfe, 0xb4, 0xf, 0xff,

    /* U+01DB "Ǜ" */
    0x0, 0x0, 0xaf, 0xf7, 0x0, 0x0, 0x0, 0x0,
    0x0, 0x0, 0x7, 0xff, 0x60, 0x0, 0x0, 0x0,
    0x0, 0x0, 0x0, 0x4e, 0xf5, 0x0, 0x0, 0x0,
    0x0, 0x0, 0x0, 0x0, 0x0, 0x0, 0x0, 0x0,
    0x0, 0x0, 0x7f, 0x80, 0xb, 0xe4, 0x0, 0x0,
    0x0, 0x0, 0xdf, 0xf0, 0x2f, 0xfa, 0x0, 0x0,
    0x0, 0x0, 0x7e, 0x80, 0xa, 0xe4, 0x0, 0x0,
    0x0, 0x0, 0x0, 0x0, 0x0, 0x0, 0x0, 0x0,
    0x0, 0x0, 0x0, 0x0, 0x0, 0x0, 0x0, 0x0,
    0xcf, 0xf7, 0x0, 0x0, 0x0, 0x0, 0xaf, 0xf8,
    0xcf, 0xf7, 0x0, 0x0, 0x0, 0x0, 0xaf, 0xf8,
    0xcf, 0xf7, 0x0, 0x0, 0x0, 0x0, 0xaf, 0xf8,
    0xcf, 0xf7, 0x0, 0x0, 0x0, 0x0, 0xaf, 0xf8,
    0xcf, 0xf7, 0x0, 0x0, 0x0, 0x0, 0xaf, 0xf8,
    0xcf, 0xf7, 0x0, 0x0, 0x0, 0x0, 0xaf, 0xf8,
    0xcf, 0xf7, 0x0, 0x0, 0x0, 0x0, 0xaf, 0xf8,
    0xcf, 0xf7, 0x0, 0x0, 0x0, 0x0, 0xaf, 0xf8,
    0xcf, 0xf7, 0x0, 0x0, 0x0, 0x0, 0xaf, 0xf8,
    0xcf, 0xf7, 0x0, 0x0, 0x0, 0x0, 0xaf, 0xf8,
    0xcf, 0xf7, 0x0, 0x0, 0x0, 0x0, 0xbf, 0xf7,
    0xbf, 0xf9, 0x0, 0x0, 0x0, 0x0, 0xdf, 0xf6,
    0x8f, 0xfd, 0x0, 0x0, 0x0, 0x1, 0xff, 0xf3,
    0x3f, 0xff, 0x60, 0x0, 0x0, 0xa, 0xff, 0xe0,
    0xc, 0xff, 0xf8, 0x20, 0x3, 0xaf, 0xff, 0x80,
    0x2, 0xff, 0xff, 0xff, 0xff, 0xff, 0xfc, 0x0,
    0x0, 0x3e, 0xff, 0xff, 0xff, 0xff, 0xb1, 0x0,
    0x0, 0x0, 0x6b, 0xef, 0xfd, 0xa4, 0x0, 0x0,

    /* U+01DC "ǜ" */
    0x0, 0x4, 0xef, 0xe2, 0x0, 0x0, 0x0, 0x0,
    0x0, 0x1c, 0xfd, 0x10, 0x0, 0x0, 0x0, 0x0,
    0x0, 0x9f, 0xd1, 0x0, 0x0, 0x0, 0x0, 0x0,
    0x0, 0x0, 0x0, 0x0, 0x0, 0x1, 0xce, 0x20,
    0x3e, 0xc0, 0x0, 0x0, 0x4, 0xff, 0x80, 0x9f,
    0xf3, 0x0, 0x0, 0x0, 0xce, 0x20, 0x3e, 0xc0,
    0x0, 0x0, 0x0, 0x0, 0x0, 0x0, 0x0, 0x0,
    0x0, 0x0, 0x0, 0x0, 0x0, 0x0, 0x0, 0xf,
    0xff, 0x10, 0x0, 0x0, 0x2f, 0xff, 0xf, 0xff,
    0x10, 0x0, 0x0, 0x2f, 0xff, 0xf, 0xff, 0x10,
    0x0, 0x0, 0x2f, 0xff, 0xf, 0xff, 0x10, 0x0,
    0x0, 0x2f, 0xff, 0xf, 0xff, 0x10, 0x0, 0x0,
    0x2f, 0xff, 0xf, 0xff, 0x10, 0x0, 0x0, 0x2f,
    0xff, 0xf, 0xff, 0x10, 0x0, 0x0, 0x2f, 0xff,
    0xf, 0xff, 0x10, 0x0, 0x0, 0x3f, 0xff, 0xf,
    0xff, 0x30, 0x0, 0x0, 0x5f, 0xff, 0xe, 0xff,
    0x80, 0x0, 0x0, 0xcf, 0xff, 0x9, 0xff, 0xf5,
    0x0, 0x1a, 0xff, 0xff, 0x3, 0xff, 0xff, 0xfe,
    0xff, 0xff, 0xff, 0x0, 0x6f, 0xff, 0xff, 0xff,
    0x8f, 0xff, 0x0, 0x3, 0xae, 0xfe, 0xb4, 0xf,
    0xff,

    /* U+01DD "ǝ" */
    0x0, 0x1, 0x8c, 0xef, 0xea, 0x50, 0x0, 0x0,
    0x6, 0xff, 0xff, 0xff, 0xff, 0xc1, 0x0, 0x0,
    0xdf, 0xff, 0xcc, 0xef, 0xff, 0xe1, 0x0, 0x2,
    0xe6, 0x0, 0x0, 0x5e, 0xff, 0xb0, 0x0, 0x0,
    0x0, 0x0, 0x0, 0x3f, 0xff, 0x20, 0x22, 0x22,
    0x22, 0x22, 0x22, 0xdf, 0xf6, 0xf, 0xff, 0xff,
    0xff, 0xff, 0xff, 0xff, 0x80, 0xff, 0xff, 0xff,
    0xff, 0xff, 0xff, 0xf8, 0xd, 0xff, 0x0, 0x0,
    0x0, 0x9, 0xff, 0x60, 0x9f, 0xf7, 0x0, 0x0,
    0x1, 0xef, 0xf2, 0x3, 0xff, 0xf5, 0x0, 0x1,
    0xcf, 0xfb, 0x0, 0x8, 0xff, 0xfd, 0xab, 0xff,
    0xfe, 0x10, 0x0, 0x8, 0xff, 0xff, 0xff, 0xfd,
    0x20, 0x0, 0x0, 0x3, 0xad, 0xfe, 0xc6, 0x0,
    0x0,

    /* U+01DE "Ǟ" */
    0x0, 0x0, 0x0, 0xff, 0xff, 0xff, 0xff, 0xa0,
    0x0, 0x0, 0x0, 0x0, 0x0, 0xcd, 0xdd, 0xdd,
    0xdd, 0x80, 0x0, 0x0, 0x0, 0x0, 0x0, 0x0,
    0x0, 0x0, 0x0, 0x0, 0x0, 0x0, 0x0, 0x0,
    0x0, 0x1d, 0xd1, 0x4, 0xea, 0x0, 0x0, 0x0,
    0x0, 0x0, 0x0, 0x6f, 0xf6, 0xa, 0xff, 0x10,
    0x0, 0x0, 0x0, 0x0, 0x0, 0x1d, 0xd1, 0x4,
    0xeb, 0x0, 0x0, 0x0, 0x0, 0x0, 0x0, 0x0,
    0x0, 0x0, 0x0, 0x0, 0x0, 0x0, 0x0, 0x0,
    0x0, 0x0, 0x0, 0x0, 0x0, 0x0, 0x0, 0x0,
    0x0, 0x0, 0x0, 0x0, 0x7f, 0xff, 0x20, 0x0,
    0x0, 0x0, 0x0, 0x0, 0x0, 0x0, 0xef, 0xff,
    0x90, 0x0, 0x0, 0x0, 0x0, 0x0, 0x0, 0x5,
    0xff, 0xff, 0xf1, 0x0, 0x0, 0x0, 0x0, 0x0,
    0x0, 0xc, 0xff, 0xdf, 0xf7, 0x0, 0x0, 0x0,
    0x0, 0x0, 0x0, 0x3f, 0xfd, 0x2f, 0xfe, 0x0,
    0x0, 0x0, 0x0, 0x0, 0x0, 0xaf, 0xf6, 0xc,
    0xff, 0x50, 0x0, 0x0, 0x0, 0x0, 0x1, 0xff,
    0xf0, 0x5, 0xff, 0xc0, 0x0, 0x0, 0x0, 0x0,
    0x8, 0xff, 0x90, 0x0, 0xef, 0xf3, 0x0, 0x0,
    0x0, 0x0, 0xe, 0xff, 0x20, 0x0, 0x8f, 0xfa,
    0x0, 0x0, 0x0, 0x0, 0x6f, 0xfb, 0x0, 0x0,
    0x1f, 0xff, 0x20, 0x0, 0x0, 0x0, 0xdf, 0xf5,
    0x0, 0x0, 0xa, 0xff, 0x80, 0x0, 0x0, 0x4,
    0xff, 0xff, 0xff, 0xff, 0xff, 0xff, 0xf0, 0x0,
    0x0, 0xb, 0xff, 0xff, 0xff, 0xff, 0xff, 0xff,
    0xf6, 0x0, 0x0, 0x2f, 0xff, 0xba, 0xaa, 0xaa,
    0xaa, 0xff, 0xfd, 0x0, 0x0, 0x9f, 0xfa, 0x0,
    0x0, 0x0, 0x0, 0xf, 0xff, 0x40, 0x1, 0xff,
    0xf4, 0x0, 0x0, 0x0, 0x0, 0x9, 0xff, 0xb0,
    0x7, 0xff, 0xd0, 0x0, 0x0, 0x0, 0x0, 0x2,
    0xff, 0xf2, 0xe, 0xff, 0x60, 0x0, 0x0, 0x0,
    0x0, 0x0, 0xcf, 0xf9,

    /* U+01DF "ǟ" */
    0x0, 0xef, 0xff, 0xff, 0xff, 0xc0, 0x0, 0xb,
    0xdd, 0xdd, 0xdd, 0xd9, 0x0, 0x0, 0x0, 0x0,
    0x0, 0x0, 0x0, 0x0, 0x0, 0x0, 0x0, 0x0,
    0x0, 0x0, 0x0, 0x1d, 0xe2, 0x4, 0xeb, 0x0,
    0x0, 0x5, 0xff, 0x70, 0x9f, 0xf3, 0x0, 0x0,
    0x1c, 0xd2, 0x4, 0xeb, 0x0, 0x0, 0x0, 0x0,
    0x0, 0x0, 0x0, 0x0, 0x0, 0x5a, 0xdf, 0xfe,
    0xa4, 0x0, 0x3, 0xdf, 0xff, 0xff, 0xff, 0xf9,
    0x0, 0x1f, 0xff, 0xdb, 0xcf, 0xff, 0xf6, 0x0,
    0x88, 0x10, 0x0, 0x1c, 0xff, 0xd0, 0x0, 0x0,
    0x0, 0x0, 0x2f, 0xff, 0x10, 0x0, 0x1, 0x22,
    0x22, 0xff, 0xf3, 0x1, 0x9e, 0xff, 0xff, 0xff,
    0xff, 0x32, 0xef, 0xff, 0xff, 0xff, 0xff, 0xf3,
    0xaf, 0xfc, 0x20, 0x0, 0xe, 0xff, 0x3d, 0xff,
    0x40, 0x0, 0x0, 0xff, 0xf3, 0xdf, 0xf5, 0x0,
    0x0, 0x6f, 0xff, 0x38, 0xff, 0xe6, 0x34, 0x9f,
    0xff, 0xf3, 0xc, 0xff, 0xff, 0xff, 0xed, 0xff,
    0x30, 0x7, 0xcf, 0xfd, 0x81, 0xbf, 0xf3,

    /* U+01E0 "Ǡ" */
    0x0, 0x0, 0x0, 0xff, 0xff, 0xff, 0xff, 0xa0,
    0x0, 0x0, 0x0, 0x0, 0x0, 0xcd, 0xdd, 0xdd,
    0xdd, 0x80, 0x0, 0x0, 0x0, 0x0, 0x0, 0x0,
    0x0, 0x0, 0x0, 0x0, 0x0, 0x0, 0x0, 0x0,
    0x0, 0x0, 0xa, 0xf6, 0x0, 0x0, 0x0, 0x0,
    0x0, 0x0, 0x0, 0x0, 0x1f, 0xfc, 0x0, 0x0,
    0x0, 0x0, 0x0, 0x0, 0x0, 0x0, 0xc, 0xf7,
    0x0, 0x0, 0x0, 0x0, 0x0, 0x0, 0x0, 0x0,
    0x0, 0x0, 0x0, 0x0, 0x0, 0x0, 0x0, 0x0,
    0x0, 0x0, 0x0, 0x0, 0x0, 0x0, 0x0, 0x0,
    0x0, 0x0, 0x0, 0x0, 0x7f, 0xff, 0x20, 0x0,
    0x0, 0x0, 0x0, 0x0, 0x0, 0x0, 0xef, 0xff,
    0x90, 0x0, 0x0, 0x0, 0x0, 0x0, 0x0, 0x5,
    0xff, 0xff, 0xf1, 0x0, 0x0, 0x0, 0x0, 0x0,
    0x0, 0xc, 0xff, 0xdf, 0xf7, 0x0, 0x0, 0x0,
    0x0, 0x0, 0x0, 0x3f, 0xfd, 0x2f, 0xfe, 0x0,
    0x0, 0x0, 0x0, 0x0, 0x0, 0xaf, 0xf6, 0xc,
    0xff, 0x50, 0x0, 0x0, 0x0, 0x0, 0x1, 0xff,
    0xf0, 0x5, 0xff, 0xc0, 0x0, 0x0, 0x0, 0x0,
    0x8, 0xff, 0x90, 0x0, 0xef, 0xf3, 0x0, 0x0,
    0x0, 0x0, 0xe, 0xff, 0x20, 0x0, 0x8f, 0xfa,
    0x0, 0x0, 0x0, 0x0, 0x6f, 0xfb, 0x0, 0x0,
    0x1f, 0xff, 0x20, 0x0, 0x0, 0x0, 0xdf, 0xf5,
    0x0, 0x0, 0xa, 0xff, 0x80, 0x0, 0x0, 0x4,
    0xff, 0xff, 0xff, 0xff, 0xff, 0xff, 0xf0, 0x0,
    0x0, 0xb, 0xff, 0xff, 0xff, 0xff, 0xff, 0xff,
    0xf6, 0x0, 0x0, 0x2f, 0xff, 0xba, 0xaa, 0xaa,
    0xaa, 0xff, 0xfd, 0x0, 0x0, 0x9f, 0xfa, 0x0,
    0x0, 0x0, 0x0, 0xf, 0xff, 0x40, 0x1, 0xff,
    0xf4, 0x0, 0x0, 0x0, 0x0, 0x9, 0xff, 0xb0,
    0x7, 0xff, 0xd0, 0x0, 0x0, 0x0, 0x0, 0x2,
    0xff, 0xf2, 0xe, 0xff, 0x60, 0x0, 0x0, 0x0,
    0x0, 0x0, 0xcf, 0xf9,

    /* U+01E1 "ǡ" */
    0x0, 0xef, 0xff, 0xff, 0xff, 0xc0, 0x0, 0xb,
    0xdd, 0xdd, 0xdd, 0xd9, 0x0, 0x0, 0x0, 0x0,
    0x0, 0x0, 0x0, 0x0, 0x0, 0x0, 0x9f, 0x70,
    0x0, 0x0, 0x0, 0x0, 0xf, 0xfe, 0x0, 0x0,
    0x0, 0x0, 0x0, 0xbf, 0x80, 0x0, 0x0, 0x0,
    0x0, 0x0, 0x10, 0x0, 0x0, 0x0, 0x0, 0x0,
    0x0, 0x0, 0x0, 0x0, 0x0, 0x5a, 0xdf, 0xfe,
    0xa4, 0x0, 0x3, 0xdf, 0xff, 0xff, 0xff, 0xf9,
    0x0, 0x1f, 0xff, 0xdb, 0xcf, 0xff, 0xf6, 0x0,
    0x88, 0x10, 0x0, 0x1c, 0xff, 0xd0, 0x0, 0x0,
    0x0, 0x0, 0x2f, 0xff, 0x10, 0x0, 0x1, 0x22,
    0x22, 0xff, 0xf3, 0x1, 0x9e, 0xff, 0xff, 0xff,
    0xff, 0x32, 0xef, 0xff, 0xff, 0xff, 0xff, 0xf3,
    0xaf, 0xfc, 0x20, 0x0, 0xe, 0xff, 0x3d, 0xff,
    0x40, 0x0, 0x0, 0xff, 0xf3, 0xdf, 0xf5, 0x0,
    0x0, 0x6f, 0xff, 0x38, 0xff, 0xe6, 0x34, 0x9f,
    0xff, 0xf3, 0xc, 0xff, 0xff, 0xff, 0xed, 0xff,
    0x30, 0x7, 0xcf, 0xfd, 0x81, 0xbf, 0xf3,

    /* U+01E2 "Ǣ" */
    0x0, 0x0, 0x0, 0x0, 0x0, 0x0, 0x9f, 0xff,
    0xff, 0xff, 0xf1, 0x0, 0x0, 0x0, 0x0, 0x0,
    0x0, 0x0, 0x0, 0x8, 0xff, 0xff, 0xff, 0xff,
    0x10, 0x0, 0x0, 0x0, 0x0, 0x0, 0x0, 0x0,
    0x0, 0x0, 0x0, 0x0, 0x0, 0x0, 0x0, 0x0,
    0x0, 0x0, 0x0, 0x0, 0x0, 0x0, 0x0, 0x0,
    0x0, 0x0, 0x0, 0x0, 0x0, 0x0, 0x0, 0x0,
    0x0, 0x0, 0x0, 0x4f, 0xff, 0xff, 0xff, 0xff,
    0xff, 0xff, 0xff, 0x0, 0x0, 0x0, 0x0, 0x0,
    0xc, 0xff, 0xff, 0xff, 0xff, 0xff, 0xff, 0xff,
    0xf0, 0x0, 0x0, 0x0, 0x0, 0x6, 0xff, 0xff,
    0xff, 0xed, 0xdd, 0xdd, 0xdd, 0xdc, 0x0, 0x0,
    0x0, 0x0, 0x0, 0xef, 0xf3, 0xdf, 0xf6, 0x0,
    0x0, 0x0, 0x0, 0x0, 0x0, 0x0, 0x0, 0x0,
    0x8f, 0xfb, 0xd, 0xff, 0x60, 0x0, 0x0, 0x0,
    0x0, 0x0, 0x0, 0x0, 0x0, 0x1f, 0xff, 0x20,
    0xdf, 0xf6, 0x0, 0x0, 0x0, 0x0, 0x0, 0x0,
    0x0, 0x0, 0xa, 0xff, 0x90, 0xd, 0xff, 0x60,
    0x0, 0x0, 0x0, 0x0, 0x0, 0x0, 0x0, 0x3,
    0xff, 0xf1, 0x0, 0xdf, 0xff, 0xcc, 0xcc, 0xcc,
    0xca, 0x0, 0x0, 0x0, 0x0, 0xcf, 0xf7, 0x0,
    0xd, 0xff, 0xff, 0xff, 0xff, 0xff, 0xe0, 0x0,
    0x0, 0x0, 0x5f, 0xfe, 0x0, 0x0, 0xdf, 0xff,
    0xff, 0xff, 0xff, 0xfe, 0x0, 0x0, 0x0, 0xd,
    0xff, 0x50, 0x0, 0xd, 0xff, 0x60, 0x0, 0x0,
    0x0, 0x0, 0x0, 0x0, 0x7, 0xff, 0xff, 0xff,
    0xff, 0xff, 0xf6, 0x0, 0x0, 0x0, 0x0, 0x0,
    0x0, 0x1, 0xff, 0xff, 0xff, 0xff, 0xff, 0xff,
    0x60, 0x0, 0x0, 0x0, 0x0, 0x0, 0x0, 0x9f,
    0xff, 0xaa, 0xaa, 0xaa, 0xff, 0xf6, 0x0, 0x0,
    0x0, 0x0, 0x0, 0x0, 0x2f, 0xff, 0x20, 0x0,
    0x0, 0xd, 0xff, 0x60, 0x0, 0x0, 0x0, 0x0,
    0x0, 0xb, 0xff, 0x90, 0x0, 0x0, 0x0, 0xdf,
    0xfe, 0xdd, 0xdd, 0xdd, 0xdd, 0xd3, 0x4, 0xff,
    0xf1, 0x0, 0x0, 0x0, 0xd, 0xff, 0xff, 0xff,
    0xff, 0xff, 0xff, 0x40, 0xdf, 0xf7, 0x0, 0x0,
    0x0, 0x0, 0xdf, 0xff, 0xff, 0xff, 0xff, 0xff,
    0xf4,

    /* U+01E3 "ǣ" */
    0x0, 0x0, 0x0, 0xaf, 0xff, 0xff, 0xff, 0xf0,
    0x0, 0x0, 0x0, 0x0, 0x0, 0x0, 0x9, 0xff,
    0xff, 0xff, 0xff, 0x0, 0x0, 0x0, 0x0, 0x0,
    0x0, 0x0, 0x0, 0x0, 0x0, 0x0, 0x0, 0x0,
    0x0, 0x0, 0x0, 0x0, 0x0, 0x0, 0x0, 0x0,
    0x0, 0x0, 0x0, 0x0, 0x0, 0x0, 0x0, 0x5a,
    0xdf, 0xfd, 0xa3, 0x0, 0x17, 0xce, 0xfd, 0x92,
    0x0, 0x3, 0xdf, 0xff, 0xff, 0xff, 0xf7, 0x4e,
    0xff, 0xff, 0xff, 0xf6, 0x0, 0x1f, 0xff, 0xdb,
    0xcf, 0xff, 0xff, 0xff, 0xfc, 0xcf, 0xff, 0xf6,
    0x0, 0x88, 0x10, 0x0, 0x1c, 0xff, 0xff, 0xa1,
    0x0, 0x9, 0xff, 0xf1, 0x0, 0x0, 0x0, 0x0,
    0x2f, 0xff, 0xc0, 0x0, 0x0, 0xa, 0xff, 0x70,
    0x0, 0x0, 0x12, 0x22, 0xff, 0xf7, 0x22, 0x22,
    0x22, 0x6f, 0xfb, 0x1, 0x9e, 0xff, 0xff, 0xff,
    0xff, 0xff, 0xff, 0xff, 0xff, 0xff, 0xd2, 0xef,
    0xff, 0xff, 0xff, 0xff, 0xff, 0xff, 0xff, 0xff,
    0xff, 0xfd, 0xaf, 0xfc, 0x20, 0x0, 0xe, 0xff,
    0x60, 0x0, 0x0, 0x0, 0x0, 0xd, 0xff, 0x30,
    0x0, 0x1, 0xff, 0xfd, 0x0, 0x0, 0x0, 0x0,
    0x0, 0xdf, 0xf6, 0x0, 0x0, 0x9f, 0xff, 0xfc,
    0x30, 0x0, 0x1a, 0xc0, 0x8, 0xff, 0xf9, 0x67,
    0xcf, 0xfe, 0xff, 0xff, 0xec, 0xdf, 0xff, 0xa0,
    0xc, 0xff, 0xff, 0xff, 0xfc, 0x14, 0xef, 0xff,
    0xff, 0xff, 0xe3, 0x0, 0x6, 0xce, 0xfe, 0xb6,
    0x0, 0x0, 0x7c, 0xef, 0xec, 0x70, 0x0,

    /* U+01E4 "Ǥ" */
    0x0, 0x0, 0x2, 0x8c, 0xef, 0xed, 0x93, 0x0,
    0x0, 0x0, 0x0, 0x1a, 0xff, 0xff, 0xff, 0xff,
    0xfb, 0x20, 0x0, 0x0, 0x3e, 0xff, 0xff, 0xff,
    0xff, 0xff, 0xfe, 0x30, 0x0, 0x2e, 0xff, 0xfb,
    0x51, 0x0, 0x28, 0xff, 0xd2, 0x0, 0xb, 0xff,
    0xf6, 0x0, 0x0, 0x0, 0x1, 0xa1, 0x0, 0x3,
    0xff, 0xf7, 0x0, 0x0, 0x0, 0x0, 0x0, 0x0,
    0x0, 0x8f, 0xfd, 0x0, 0x0, 0x0, 0x0, 0x0,
    0x0, 0x0, 0xc, 0xff, 0x80, 0x0, 0x0, 0x0,
    0x0, 0x0, 0x0, 0x0, 0xdf, 0xf6, 0x0, 0x0,
    0x0, 0x0, 0x3, 0x55, 0x20, 0xd, 0xff, 0x60,
    0x0, 0x0, 0x0, 0x0, 0xbf, 0xf6, 0x0, 0xcf,
    0xf9, 0x0, 0x0, 0x4, 0xff, 0xff, 0xff, 0xff,
    0xc8, 0xff, 0xe0, 0x0, 0x0, 0x4f, 0xff, 0xff,
    0xff, 0xfc, 0x3f, 0xff, 0x70, 0x0, 0x2, 0x88,
    0x8f, 0xff, 0xe8, 0x60, 0xbf, 0xff, 0x60, 0x0,
    0x0, 0x0, 0xcf, 0xf6, 0x0, 0x2, 0xef, 0xff,
    0xb4, 0x10, 0x3, 0x7f, 0xff, 0x60, 0x0, 0x3,
    0xef, 0xff, 0xff, 0xff, 0xff, 0xff, 0xf6, 0x0,
    0x0, 0x1, 0xbf, 0xff, 0xff, 0xff, 0xff, 0xd4,
    0x0, 0x0, 0x0, 0x0, 0x38, 0xce, 0xfe, 0xd9,
    0x40, 0x0, 0x0,

    /* U+01E5 "ǥ" */
    0x0, 0x0, 0x4a, 0xdf, 0xeb, 0x60, 0xaf, 0xf4,
    0x0, 0x0, 0x1b, 0xff, 0xff, 0xff, 0xfc, 0xbf,
    0xf4, 0x0, 0x0, 0xcf, 0xff, 0xb7, 0x69, 0xff,
    0xff, 0xf4, 0x0, 0x6, 0xff, 0xf4, 0x0, 0x0,
    0x1d, 0xff, 0xf4, 0x0, 0xc, 0xff, 0x70, 0x0,
    0x0, 0x2, 0xff, 0xf4, 0x0, 0xf, 0xff, 0x20,
    0x0, 0x0, 0x0, 0xff, 0xf4, 0x0, 0xf, 0xff,
    0x20, 0x0, 0x0, 0x0, 0xff, 0xf4, 0x0, 0xe,
    0xff, 0x50, 0x0, 0x0, 0x0, 0xff, 0xf4, 0x0,
    0xa, 0xff, 0xd0, 0x0, 0x0, 0x9, 0xff, 0xf4,
    0x0, 0x3, 0xff, 0xfd, 0x51, 0x3, 0xaf, 0xff,
    0xf4, 0x0, 0x0, 0x6f, 0xff, 0xff, 0xff, 0xff,
    0xff, 0xf4, 0x0, 0x0, 0x4, 0xef, 0xff, 0xff,
    0xe5, 0xdf, 0xf4, 0x0, 0x0, 0x0, 0x3, 0x78,
    0x74, 0x0, 0xdf, 0xf3, 0x0, 0x0, 0x0, 0x0,
    0x0, 0xbf, 0xff, 0xff, 0xff, 0xf3, 0x0, 0x2,
    0x0, 0x0, 0xcf, 0xff, 0xff, 0xff, 0xf3, 0x0,
    0x8f, 0x81, 0x0, 0x0, 0x4e, 0xff, 0x90, 0x0,
    0x2, 0xff, 0xff, 0xdb, 0xbe, 0xff, 0xfe, 0x10,
    0x0, 0x1, 0xaf, 0xff, 0xff, 0xff, 0xff, 0xe3,
    0x0, 0x0, 0x0, 0x2, 0x7b, 0xef, 0xfe, 0xb6,
    0x0, 0x0, 0x0,

    /* U+01E6 "Ǧ" */
    0x0, 0x0, 0x17, 0x83, 0x0, 0x5, 0x86, 0x0,
    0x0, 0x0, 0x0, 0x7f, 0xf5, 0x9, 0xff, 0x30,
    0x0, 0x0, 0x0, 0x0, 0x8f, 0xff, 0xff, 0x40,
    0x0, 0x0, 0x0, 0x0, 0x0, 0x8f, 0xff, 0x40,
    0x0, 0x0, 0x0, 0x0, 0x0, 0x0, 0x0, 0x0,
    0x0, 0x0, 0x0, 0x0, 0x0, 0x0, 0x0, 0x0,
    0x0, 0x0, 0x0, 0x0, 0x0, 0x2, 0x8c, 0xef,
    0xed, 0x93, 0x0, 0x0, 0x0, 0x1a, 0xff, 0xff,
    0xff, 0xff, 0xfb, 0x20, 0x0, 0x3e, 0xff, 0xff,
    0xff, 0xff, 0xff, 0xfe, 0x30, 0x2e, 0xff, 0xfb,
    0x51, 0x0, 0x38, 0xff, 0xe2, 0xb, 0xff, 0xf6,
    0x0, 0x0, 0x0, 0x2, 0xb1, 0x3, 0xff, 0xf7,
    0x0, 0x0, 0x0, 0x0, 0x0, 0x0, 0x8f, 0xfd,
    0x0, 0x0, 0x0, 0x0, 0x0, 0x0, 0xc, 0xff,
    0x80, 0x0, 0x0, 0x0, 0x0, 0x0, 0x0, 0xdf,
    0xf6, 0x0, 0x0, 0x0, 0x0, 0x2, 0x33, 0x1d,
    0xff, 0x60, 0x0, 0x0, 0x0, 0x0, 0xbf, 0xf6,
    0xcf, 0xf9, 0x0, 0x0, 0x0, 0x0, 0xb, 0xff,
    0x68, 0xff, 0xe0, 0x0, 0x0, 0x0, 0x0, 0xbf,
    0xf6, 0x3f, 0xff, 0x70, 0x0, 0x0, 0x0, 0xb,
    0xff, 0x60, 0xbf, 0xff, 0x60, 0x0, 0x0, 0x0,
    0xcf, 0xf6, 0x2, 0xef, 0xff, 0xb4, 0x10, 0x3,
    0x7f, 0xff, 0x60, 0x3, 0xef, 0xff, 0xff, 0xff,
    0xff, 0xff, 0xf6, 0x0, 0x1, 0xbf, 0xff, 0xff,
    0xff, 0xff, 0xd4, 0x0, 0x0, 0x0, 0x38, 0xce,
    0xfe, 0xd9, 0x40, 0x0,

    /* U+01E7 "ǧ" */
    0x0, 0x1, 0x78, 0x30, 0x0, 0x58, 0x70, 0x0,
    0x0, 0x0, 0x7f, 0xf5, 0x8, 0xff, 0x30, 0x0,
    0x0, 0x0, 0x7, 0xff, 0xff, 0xf4, 0x0, 0x0,
    0x0, 0x0, 0x0, 0x8f, 0xff, 0x40, 0x0, 0x0,
    0x0, 0x0, 0x0, 0x0, 0x0, 0x0, 0x0, 0x0,
    0x0, 0x0, 0x0, 0x0, 0x0, 0x0, 0x0, 0x0,
    0x0, 0x0, 0x4a, 0xdf, 0xeb, 0x60, 0xaf, 0xf4,
    0x0, 0xa, 0xff, 0xff, 0xff, 0xfc, 0xbf, 0xf4,
    0x0, 0xbf, 0xff, 0xea, 0xac, 0xff, 0xff, 0xf4,
    0x5, 0xff, 0xf7, 0x0, 0x0, 0x3e, 0xff, 0xf4,
    0xb, 0xff, 0x90, 0x0, 0x0, 0x4, 0xff, 0xf4,
    0xe, 0xff, 0x30, 0x0, 0x0, 0x0, 0xff, 0xf4,
    0xf, 0xff, 0x10, 0x0, 0x0, 0x0, 0xff, 0xf4,
    0xe, 0xff, 0x40, 0x0, 0x0, 0x0, 0xff, 0xf4,
    0xb, 0xff, 0xb0, 0x0, 0x0, 0x6, 0xff, 0xf4,
    0x5, 0xff, 0xfa, 0x10, 0x0, 0x6f, 0xff, 0xf4,
    0x0, 0xbf, 0xff, 0xfd, 0xce, 0xff, 0xff, 0xf4,
    0x0, 0xa, 0xff, 0xff, 0xff, 0xfc, 0xef, 0xf4,
    0x0, 0x0, 0x4a, 0xdf, 0xec, 0x60, 0xdf, 0xf3,
    0x0, 0x0, 0x0, 0x0, 0x0, 0x0, 0xff, 0xf2,
    0x0, 0x12, 0x0, 0x0, 0x0, 0x6, 0xff, 0xe0,
    0x0, 0x8f, 0x82, 0x0, 0x0, 0x5f, 0xff, 0x90,
    0x2, 0xff, 0xff, 0xec, 0xce, 0xff, 0xfe, 0x10,
    0x1, 0xaf, 0xff, 0xff, 0xff, 0xff, 0xd3, 0x0,
    0x0, 0x2, 0x7b, 0xef, 0xfe, 0xb6, 0x0, 0x0,

    /* U+01E8 "Ǩ" */
    0x0, 0x1c, 0xfb, 0x0, 0x1d, 0xfb, 0x0, 0x0,
    0x0, 0x0, 0x1d, 0xfd, 0x4e, 0xfb, 0x0, 0x0,
    0x0, 0x0, 0x0, 0x1d, 0xff, 0xfc, 0x0, 0x0,
    0x0, 0x0, 0x0, 0x0, 0x18, 0x87, 0x0, 0x0,
    0x0, 0x0, 0x0, 0x0, 0x0, 0x0, 0x0, 0x0,
    0x0, 0x0, 0xa, 0xff, 0x90, 0x0, 0x0, 0x0,
    0x4f, 0xff, 0x70, 0xaf, 0xf9, 0x0, 0x0, 0x0,
    0x3f, 0xff, 0x80, 0xa, 0xff, 0x90, 0x0, 0x0,
    0x2e, 0xff, 0x90, 0x0, 0xaf, 0xf9, 0x0, 0x0,
    0x2e, 0xff, 0xb0, 0x0, 0xa, 0xff, 0x90, 0x0,
    0x1d, 0xff, 0xc0, 0x0, 0x0, 0xaf, 0xf9, 0x0,
    0x1d, 0xff, 0xc0, 0x0, 0x0, 0xa, 0xff, 0x90,
    0xc, 0xff, 0xd1, 0x0, 0x0, 0x0, 0xaf, 0xf9,
    0xb, 0xff, 0xf2, 0x0, 0x0, 0x0, 0xa, 0xff,
    0x9b, 0xff, 0xff, 0x0, 0x0, 0x0, 0x0, 0xaf,
    0xff, 0xff, 0xff, 0xfa, 0x0, 0x0, 0x0, 0xa,
    0xff, 0xff, 0xfe, 0xff, 0xf7, 0x0, 0x0, 0x0,
    0xaf, 0xff, 0xf6, 0xb, 0xff, 0xf4, 0x0, 0x0,
    0xa, 0xff, 0xf6, 0x0, 0x1d, 0xff, 0xe1, 0x0,
    0x0, 0xaf, 0xfd, 0x0, 0x0, 0x2f, 0xff, 0xc0,
    0x0, 0xa, 0xff, 0x90, 0x0, 0x0, 0x5f, 0xff,
    0x90, 0x0, 0xaf, 0xf9, 0x0, 0x0, 0x0, 0x7f,
    0xff, 0x60, 0xa, 0xff, 0x90, 0x0, 0x0, 0x0,
    0xaf, 0xff, 0x30, 0xaf, 0xf9, 0x0, 0x0, 0x0,
    0x0, 0xdf, 0xfe, 0x10,

    /* U+01E9 "ǩ" */
    0x7, 0x85, 0x0, 0x3, 0x87, 0x10, 0x0, 0x0,
    0x0, 0x3, 0xff, 0x80, 0x5f, 0xf7, 0x0, 0x0,
    0x0, 0x0, 0x0, 0x4f, 0xff, 0xff, 0x70, 0x0,
    0x0, 0x0, 0x0, 0x0, 0x4, 0xff, 0xf8, 0x0,
    0x0, 0x0, 0x0, 0x0, 0x0, 0x0, 0x0, 0x0,
    0x0, 0x0, 0x0, 0x0, 0x0, 0x0, 0x0, 0x33,
    0x30, 0x0, 0x0, 0x0, 0x0, 0x0, 0x0, 0x0,
    0xff, 0xf2, 0x0, 0x0, 0x0, 0x0, 0x0, 0x0,
    0x0, 0xff, 0xf2, 0x0, 0x0, 0x0, 0x0, 0x0,
    0x0, 0x0, 0xff, 0xf2, 0x0, 0x0, 0x0, 0x0,
    0x0, 0x0, 0x0, 0xff, 0xf2, 0x0, 0x0, 0x0,
    0x0, 0x0, 0x0, 0x0, 0xff, 0xf2, 0x0, 0x0,
    0x0, 0x0, 0x0, 0x0, 0x0, 0xff, 0xf2, 0x0,
    0x0, 0x1c, 0xff, 0xd1, 0x0, 0x0, 0xff, 0xf2,
    0x0, 0x1, 0xcf, 0xfd, 0x10, 0x0, 0x0, 0xff,
    0xf2, 0x0, 0x1d, 0xff, 0xe2, 0x0, 0x0, 0x0,
    0xff, 0xf2, 0x1, 0xdf, 0xfe, 0x20, 0x0, 0x0,
    0x0, 0xff, 0xf2, 0x1d, 0xff, 0xe2, 0x0, 0x0,
    0x0, 0x0, 0xff, 0xf4, 0xef, 0xff, 0x30, 0x0,
    0x0, 0x0, 0x0, 0xff, 0xff, 0xff, 0xff, 0x40,
    0x0, 0x0, 0x0, 0x0, 0xff, 0xff, 0xff, 0xff,
    0xe1, 0x0, 0x0, 0x0, 0x0, 0xff, 0xff, 0xd4,
    0xff, 0xfc, 0x0, 0x0, 0x0, 0x0, 0xff, 0xff,
    0x10, 0x5f, 0xff, 0x80, 0x0, 0x0, 0x0, 0xff,
    0xf4, 0x0, 0x9, 0xff, 0xf4, 0x0, 0x0, 0x0,
    0xff, 0xf2, 0x0, 0x0, 0xcf, 0xfe, 0x10, 0x0,
    0x0, 0xff, 0xf2, 0x0, 0x0, 0x1e, 0xff, 0xc0,
    0x0, 0x0, 0xff, 0xf2, 0x0, 0x0, 0x4, 0xff,
    0xf8,

    /* U+01EA "Ǫ" */
    0x0, 0x0, 0x2, 0x8c, 0xef, 0xec, 0x83, 0x0,
    0x0, 0x0, 0x0, 0x1a, 0xff, 0xff, 0xff, 0xff,
    0xfb, 0x10, 0x0, 0x0, 0x3e, 0xff, 0xff, 0xff,
    0xff, 0xff, 0xfe, 0x30, 0x0, 0x2e, 0xff, 0xfb,
    0x40, 0x0, 0x4a, 0xff, 0xfe, 0x20, 0xb, 0xff,
    0xf5, 0x0, 0x0, 0x0, 0x5, 0xff, 0xfb, 0x3,
    0xff, 0xf7, 0x0, 0x0, 0x0, 0x0, 0x6, 0xff,
    0xf3, 0x8f, 0xfd, 0x0, 0x0, 0x0, 0x0, 0x0,
    0xd, 0xff, 0x8c, 0xff, 0x90, 0x0, 0x0, 0x0,
    0x0, 0x0, 0x8f, 0xfc, 0xdf, 0xf6, 0x0, 0x0,
    0x0, 0x0, 0x0, 0x5, 0xff, 0xed, 0xff, 0x60,
    0x0, 0x0, 0x0, 0x0, 0x0, 0x6f, 0xfe, 0xcf,
    0xf9, 0x0, 0x0, 0x0, 0x0, 0x0, 0x8, 0xff,
    0xc8, 0xff, 0xe0, 0x0, 0x0, 0x0, 0x0, 0x0,
    0xdf, 0xfa, 0x3f, 0xff, 0x70, 0x0, 0x0, 0x0,
    0x0, 0x6f, 0xff, 0x40, 0xbf, 0xff, 0x50, 0x0,
    0x0, 0x0, 0x5f, 0xff, 0xd0, 0x2, 0xef, 0xff,
    0xb4, 0x0, 0x4, 0xaf, 0xff, 0xf3, 0x0, 0x3,
    0xef, 0xff, 0xff, 0xff, 0xff, 0xff, 0xf4, 0x0,
    0x0, 0x1, 0xbf, 0xff, 0xff, 0xff, 0xff, 0xd3,
    0x0, 0x0, 0x0, 0x0, 0x38, 0xcf, 0xff, 0xfb,
    0x50, 0x0, 0x0, 0x0, 0x0, 0x0, 0x5, 0xff,
    0x81, 0x0, 0x0, 0x0, 0x0, 0x0, 0x0, 0x0,
    0xef, 0x40, 0x0, 0x0, 0x0, 0x0, 0x0, 0x0,
    0x0, 0x4f, 0xc0, 0x0, 0x0, 0x0, 0x0, 0x0,
    0x0, 0x0, 0x3, 0xfe, 0x20, 0x30, 0x0, 0x0,
    0x0, 0x0, 0x0, 0x0, 0xd, 0xff, 0xff, 0x10,
    0x0, 0x0, 0x0, 0x0, 0x0, 0x0, 0x18, 0xbb,
    0x70, 0x0, 0x0, 0x0,

    /* U+01EB "ǫ" */
    0x0, 0x0, 0x28, 0xde, 0xfd, 0x92, 0x0, 0x0,
    0x0, 0x7, 0xff, 0xff, 0xff, 0xff, 0x80, 0x0,
    0x0, 0x7f, 0xff, 0xfd, 0xcf, 0xff, 0xf9, 0x0,
    0x2, 0xff, 0xfa, 0x10, 0x1, 0x9f, 0xff, 0x40,
    0x9, 0xff, 0xc0, 0x0, 0x0, 0xa, 0xff, 0xb0,
    0xd, 0xff, 0x50, 0x0, 0x0, 0x3, 0xff, 0xf0,
    0xf, 0xff, 0x20, 0x0, 0x0, 0x0, 0xff, 0xf1,
    0xf, 0xff, 0x20, 0x0, 0x0, 0x0, 0xff, 0xf2,
    0xd, 0xff, 0x50, 0x0, 0x0, 0x3, 0xff, 0xf0,
    0x9, 0xff, 0xc0, 0x0, 0x0, 0xa, 0xff, 0xb0,
    0x2, 0xff, 0xfa, 0x0, 0x0, 0x8f, 0xff, 0x40,
    0x0, 0x6f, 0xff, 0xfc, 0xcf, 0xff, 0xf9, 0x0,
    0x0, 0x6, 0xff, 0xff, 0xff, 0xff, 0x90, 0x0,
    0x0, 0x0, 0x28, 0xdf, 0xff, 0xc3, 0x0, 0x0,
    0x0, 0x0, 0x0, 0x5f, 0xe4, 0x0, 0x0, 0x0,
    0x0, 0x0, 0x1, 0xff, 0x20, 0x0, 0x0, 0x0,
    0x0, 0x0, 0x5, 0xfb, 0x0, 0x0, 0x0, 0x0,
    0x0, 0x0, 0x5, 0xfe, 0x20, 0x30, 0x0, 0x0,
    0x0, 0x0, 0x0, 0xef, 0xff, 0xe0, 0x0, 0x0,
    0x0, 0x0, 0x0, 0x18, 0xba, 0x70, 0x0, 0x0,

    /* U+01EC "Ǭ" */
    0x0, 0x0, 0xb, 0xff, 0xff, 0xff, 0xfc, 0x0,
    0x0, 0x0, 0x0, 0x0, 0xcf, 0xff, 0xff, 0xff,
    0xd0, 0x0, 0x0, 0x0, 0x0, 0x0, 0x0, 0x0,
    0x0, 0x0, 0x0, 0x0, 0x0, 0x0, 0x0, 0x0,
    0x0, 0x0, 0x0, 0x0, 0x0, 0x0, 0x0, 0x0,
    0x0, 0x0, 0x0, 0x0, 0x0, 0x0, 0x0, 0x0,
    0x0, 0x0, 0x28, 0xce, 0xfe, 0xc8, 0x30, 0x0,
    0x0, 0x0, 0x1, 0xaf, 0xff, 0xff, 0xff, 0xff,
    0xb1, 0x0, 0x0, 0x3, 0xef, 0xff, 0xff, 0xff,
    0xff, 0xff, 0xe3, 0x0, 0x2, 0xef, 0xff, 0xb4,
    0x0, 0x4, 0xaf, 0xff, 0xe2, 0x0, 0xbf, 0xff,
    0x50, 0x0, 0x0, 0x0, 0x5f, 0xff, 0xb0, 0x3f,
    0xff, 0x70, 0x0, 0x0, 0x0, 0x0, 0x6f, 0xff,
    0x38, 0xff, 0xd0, 0x0, 0x0, 0x0, 0x0, 0x0,
    0xdf, 0xf8, 0xcf, 0xf9, 0x0, 0x0, 0x0, 0x0,
    0x0, 0x8, 0xff, 0xcd, 0xff, 0x60, 0x0, 0x0,
    0x0, 0x0, 0x0, 0x5f, 0xfe, 0xdf, 0xf6, 0x0,
    0x0, 0x0, 0x0, 0x0, 0x6, 0xff, 0xec, 0xff,
    0x90, 0x0, 0x0, 0x0, 0x0, 0x0, 0x8f, 0xfc,
    0x8f, 0xfe, 0x0, 0x0, 0x0, 0x0, 0x0, 0xd,
    0xff, 0xa3, 0xff, 0xf7, 0x0, 0x0, 0x0, 0x0,
    0x6, 0xff, 0xf4, 0xb, 0xff, 0xf5, 0x0, 0x0,
    0x0, 0x5, 0xff, 0xfd, 0x0, 0x2e, 0xff, 0xfb,
    0x40, 0x0, 0x4a, 0xff, 0xff, 0x30, 0x0, 0x3e,
    0xff, 0xff, 0xff, 0xff, 0xff, 0xff, 0x40, 0x0,
    0x0, 0x1b, 0xff, 0xff, 0xff, 0xff, 0xfd, 0x30,
    0x0, 0x0, 0x0, 0x3, 0x8c, 0xff, 0xff, 0xb5,
    0x0, 0x0, 0x0, 0x0, 0x0, 0x0, 0x5f, 0xf8,
    0x10, 0x0, 0x0, 0x0, 0x0, 0x0, 0x0, 0xe,
    0xf4, 0x0, 0x0, 0x0, 0x0, 0x0, 0x0, 0x0,
    0x4, 0xfc, 0x0, 0x0, 0x0, 0x0, 0x0, 0x0,
    0x0, 0x0, 0x3f, 0xe2, 0x3, 0x0, 0x0, 0x0,
    0x0, 0x0, 0x0, 0x0, 0xdf, 0xff, 0xf1, 0x0,
    0x0, 0x0, 0x0, 0x0, 0x0, 0x1, 0x8b, 0xb7,
    0x0, 0x0, 0x0, 0x0,

    /* U+01ED "ǭ" */
    0x0, 0x4, 0xff, 0xff, 0xff, 0xff, 0x50, 0x0,
    0x0, 0x4, 0xff, 0xff, 0xff, 0xff, 0x50, 0x0,
    0x0, 0x0, 0x0, 0x0, 0x0, 0x0, 0x0, 0x0,
    0x0, 0x0, 0x0, 0x0, 0x0, 0x0, 0x0, 0x0,
    0x0, 0x0, 0x28, 0xde, 0xfd, 0x92, 0x0, 0x0,
    0x0, 0x7, 0xff, 0xff, 0xff, 0xff, 0x80, 0x0,
    0x0, 0x7f, 0xff, 0xfd, 0xcf, 0xff, 0xf9, 0x0,
    0x2, 0xff, 0xfa, 0x10, 0x1, 0x9f, 0xff, 0x40,
    0x9, 0xff, 0xc0, 0x0, 0x0, 0xa, 0xff, 0xb0,
    0xd, 0xff, 0x50, 0x0, 0x0, 0x3, 0xff, 0xf0,
    0xf, 0xff, 0x20, 0x0, 0x0, 0x0, 0xff, 0xf1,
    0xf, 0xff, 0x20, 0x0, 0x0, 0x0, 0xff, 0xf2,
    0xd, 0xff, 0x50, 0x0, 0x0, 0x3, 0xff, 0xf0,
    0x9, 0xff, 0xc0, 0x0, 0x0, 0xa, 0xff, 0xb0,
    0x2, 0xff, 0xfa, 0x0, 0x0, 0x8f, 0xff, 0x40,
    0x0, 0x6f, 0xff, 0xfc, 0xcf, 0xff, 0xf9, 0x0,
    0x0, 0x6, 0xff, 0xff, 0xff, 0xff, 0x90, 0x0,
    0x0, 0x0, 0x28, 0xdf, 0xff, 0xc3, 0x0, 0x0,
    0x0, 0x0, 0x0, 0x5f, 0xe4, 0x0, 0x0, 0x0,
    0x0, 0x0, 0x1, 0xff, 0x20, 0x0, 0x0, 0x0,
    0x0, 0x0, 0x5, 0xfb, 0x0, 0x0, 0x0, 0x0,
    0x0, 0x0, 0x5, 0xfe, 0x20, 0x30, 0x0, 0x0,
    0x0, 0x0, 0x0, 0xef, 0xff, 0xe0, 0x0, 0x0,
    0x0, 0x0, 0x0, 0x18, 0xba, 0x70, 0x0, 0x0,

    /* U+01EE "Ǯ" */
    0x0, 0x6, 0x86, 0x0, 0x3, 0x87, 0x10, 0x0,
    0x0, 0x3f, 0xf9, 0x4, 0xff, 0x70, 0x0, 0x0,
    0x0, 0x3f, 0xff, 0xff, 0x80, 0x0, 0x0, 0x0,
    0x0, 0x4f, 0xff, 0x90, 0x0, 0x0, 0x0, 0x0,
    0x0, 0x0, 0x0, 0x0, 0x0, 0x0, 0x0, 0x0,
    0x0, 0x0, 0x0, 0x0, 0x0, 0x9, 0xff, 0xff,
    0xff, 0xff, 0xff, 0xfd, 0x0, 0x9f, 0xff, 0xff,
    0xff, 0xff, 0xff, 0xd0, 0x7, 0xdd, 0xdd, 0xdd,
    0xde, 0xff, 0xf9, 0x0, 0x0, 0x0, 0x0, 0x1,
    0xcf, 0xfa, 0x0, 0x0, 0x0, 0x0, 0x0, 0xcf,
    0xfb, 0x0, 0x0, 0x0, 0x0, 0x0, 0xbf, 0xfb,
    0x0, 0x0, 0x0, 0x0, 0x0, 0xbf, 0xfc, 0x0,
    0x0, 0x0, 0x0, 0x0, 0x5f, 0xff, 0xfb, 0x60,
    0x0, 0x0, 0x0, 0x6, 0xff, 0xff, 0xff, 0xd2,
    0x0, 0x0, 0x0, 0x38, 0x89, 0xdf, 0xff, 0xd0,
    0x0, 0x0, 0x0, 0x0, 0x0, 0x5f, 0xff, 0x50,
    0x0, 0x0, 0x0, 0x0, 0x0, 0xaf, 0xf9, 0x0,
    0x0, 0x0, 0x0, 0x0, 0x8, 0xff, 0xa0, 0x34,
    0x0, 0x0, 0x0, 0x0, 0xdf, 0xf8, 0xa, 0xfb,
    0x51, 0x0, 0x3, 0xbf, 0xff, 0x21, 0xff, 0xff,
    0xff, 0xef, 0xff, 0xff, 0x90, 0x7, 0xef, 0xff,
    0xff, 0xff, 0xff, 0x90, 0x0, 0x0, 0x5a, 0xde,
    0xfe, 0xd8, 0x30, 0x0,

    /* U+01EF "ǯ" */
    0x0, 0x58, 0x70, 0x0, 0x17, 0x83, 0x0, 0x0,
    0x1d, 0xfb, 0x2, 0xef, 0xa0, 0x0, 0x0, 0x2,
    0xef, 0xff, 0xfb, 0x0, 0x0, 0x0, 0x0, 0x2f,
    0xff, 0xb0, 0x0, 0x0, 0x0, 0x0, 0x0, 0x0,
    0x0, 0x0, 0x0, 0x0, 0x0, 0x0, 0x0, 0x0,
    0x0, 0x0, 0xc, 0xff, 0xff, 0xff, 0xff, 0xff,
    0xf0, 0xc, 0xff, 0xff, 0xff, 0xff, 0xff, 0xf0,
    0x9, 0xcc, 0xcc, 0xcc, 0xcf, 0xff, 0xc0, 0x0,
    0x0, 0x0, 0x0, 0x4f, 0xff, 0x20, 0x0, 0x0,
    0x0, 0x2, 0xef, 0xf5, 0x0, 0x0, 0x0, 0x0,
    0xc, 0xff, 0x90, 0x0, 0x0, 0x0, 0x0, 0x9f,
    0xfc, 0x0, 0x0, 0x0, 0x0, 0x6, 0xff, 0xe2,
    0x0, 0x0, 0x0, 0x0, 0xf, 0xff, 0xfc, 0x71,
    0x0, 0x0, 0x0, 0xf, 0xff, 0xff, 0xfe, 0x30,
    0x0, 0x0, 0x9, 0x99, 0xcf, 0xff, 0xe1, 0x0,
    0x0, 0x0, 0x0, 0x3, 0xff, 0xf7, 0x0, 0x0,
    0x0, 0x0, 0x0, 0x8f, 0xfb, 0x0, 0x0, 0x0,
    0x0, 0x0, 0x6f, 0xfc, 0x4, 0x10, 0x0, 0x0,
    0x0, 0xaf, 0xfa, 0xd, 0xe7, 0x10, 0x0, 0x8,
    0xff, 0xf4, 0x4f, 0xff, 0xfe, 0xcd, 0xff, 0xff,
    0xb0, 0x8, 0xff, 0xff, 0xff, 0xff, 0xfb, 0x10,
    0x0, 0x17, 0xbe, 0xff, 0xda, 0x40, 0x0,

    /* U+01F0 "ǰ" */
    0x0, 0x18, 0x82, 0x0, 0x68, 0x50, 0x0, 0x9f,
    0xd1, 0x7f, 0xf2, 0x0, 0x0, 0xcf, 0xff, 0xf5,
    0x0, 0x0, 0x2, 0xff, 0xf8, 0x0, 0x0, 0x0,
    0x0, 0x0, 0x0, 0x0, 0x0, 0x0, 0x0, 0x0,
    0x0, 0x0, 0x0, 0xc, 0xff, 0x50, 0x0, 0x0,
    0x0, 0xcf, 0xf5, 0x0, 0x0, 0x0, 0xc, 0xff,
    0x50, 0x0, 0x0, 0x0, 0xcf, 0xf5, 0x0, 0x0,
    0x0, 0xc, 0xff, 0x50, 0x0, 0x0, 0x0, 0xcf,
    0xf5, 0x0, 0x0, 0x0, 0xc, 0xff, 0x50, 0x0,
    0x0, 0x0, 0xcf, 0xf5, 0x0, 0x0, 0x0, 0xc,
    0xff, 0x50, 0x0, 0x0, 0x0, 0xcf, 0xf5, 0x0,
    0x0, 0x0, 0xc, 0xff, 0x50, 0x0, 0x0, 0x0,
    0xcf, 0xf5, 0x0, 0x0, 0x0, 0xc, 0xff, 0x50,
    0x0, 0x0, 0x0, 0xcf, 0xf5, 0x0, 0x0, 0x0,
    0xd, 0xff, 0x40, 0x0, 0x0, 0x2, 0xff, 0xf2,
    0x0, 0xb, 0xdb, 0xff, 0xfd, 0x0, 0x1, 0xff,
    0xff, 0xff, 0x30, 0x0, 0x19, 0xdf, 0xeb, 0x30,
    0x0, 0x0,

    /* U+01F1 "Ǳ" */
    0xaf, 0xff, 0xff, 0xff, 0xfe, 0xb7, 0x10, 0x0,
    0x0, 0x5, 0xff, 0xff, 0xff, 0xff, 0xff, 0xff,
    0xff, 0x1a, 0xff, 0xff, 0xff, 0xff, 0xff, 0xff,
    0x80, 0x0, 0x0, 0x5f, 0xff, 0xff, 0xff, 0xff,
    0xff, 0xff, 0xf1, 0xaf, 0xfe, 0xdd, 0xdd, 0xef,
    0xff, 0xff, 0xc1, 0x0, 0x4, 0xdd, 0xdd, 0xdd,
    0xdd, 0xde, 0xff, 0xfd, 0xa, 0xff, 0x90, 0x0,
    0x0, 0x5, 0xcf, 0xff, 0xb0, 0x0, 0x0, 0x0,
    0x0, 0x0, 0x0, 0xbf, 0xfe, 0x20, 0xaf, 0xf9,
    0x0, 0x0, 0x0, 0x0, 0x9f, 0xff, 0x70, 0x0,
    0x0, 0x0, 0x0, 0x0, 0x8f, 0xff, 0x40, 0xa,
    0xff, 0x90, 0x0, 0x0, 0x0, 0x0, 0xbf, 0xfe,
    0x0, 0x0, 0x0, 0x0, 0x0, 0x5f, 0xff, 0x70,
    0x0, 0xaf, 0xf9, 0x0, 0x0, 0x0, 0x0, 0x3,
    0xff, 0xf3, 0x0, 0x0, 0x0, 0x0, 0x3f, 0xff,
    0xa0, 0x0, 0xa, 0xff, 0x90, 0x0, 0x0, 0x0,
    0x0, 0xe, 0xff, 0x60, 0x0, 0x0, 0x0, 0x1d,
    0xff, 0xd0, 0x0, 0x0, 0xaf, 0xf9, 0x0, 0x0,
    0x0, 0x0, 0x0, 0xcf, 0xf8, 0x0, 0x0, 0x0,
    0xb, 0xff, 0xf2, 0x0, 0x0, 0xa, 0xff, 0x90,
    0x0, 0x0, 0x0, 0x0, 0xc, 0xff, 0x80, 0x0,
    0x0, 0x8, 0xff, 0xf4, 0x0, 0x0, 0x0, 0xaf,
    0xf9, 0x0, 0x0, 0x0, 0x0, 0x0, 0xef, 0xf6,
    0x0, 0x0, 0x5, 0xff, 0xf8, 0x0, 0x0, 0x0,
    0xa, 0xff, 0x90, 0x0, 0x0, 0x0, 0x0, 0x3f,
    0xff, 0x30, 0x0, 0x3, 0xff, 0xfb, 0x0, 0x0,
    0x0, 0x0, 0xaf, 0xf9, 0x0, 0x0, 0x0, 0x0,
    0xb, 0xff, 0xe0, 0x0, 0x1, 0xdf, 0xfd, 0x0,
    0x0, 0x0, 0x0, 0xa, 0xff, 0x90, 0x0, 0x0,
    0x0, 0x9, 0xff, 0xf7, 0x0, 0x0, 0xbf, 0xff,
    0x20, 0x0, 0x0, 0x0, 0x0, 0xaf, 0xf9, 0x0,
    0x0, 0x0, 0x5c, 0xff, 0xfb, 0x0, 0x0, 0x8f,
    0xff, 0x50, 0x0, 0x0, 0x0, 0x0, 0xa, 0xff,
    0xfd, 0xdd, 0xde, 0xff, 0xff, 0xfc, 0x10, 0x0,
    0x5f, 0xff, 0xfd, 0xdd, 0xdd, 0xdd, 0xdd, 0xd5,
    0xaf, 0xff, 0xff, 0xff, 0xff, 0xff, 0xf8, 0x0,
    0x0, 0x8, 0xff, 0xff, 0xff, 0xff, 0xff, 0xff,
    0xff, 0x6a, 0xff, 0xff, 0xff, 0xff, 0xeb, 0x71,
    0x0, 0x0, 0x0, 0x8f, 0xff, 0xff, 0xff, 0xff,
    0xff, 0xff, 0xf6,

    /* U+01F2 "ǲ" */
    0xaf, 0xff, 0xff, 0xff, 0xfe, 0xb7, 0x10, 0x0,
    0x0, 0x0, 0x0, 0x0, 0x0, 0x0, 0x0, 0x0,
    0xaf, 0xff, 0xff, 0xff, 0xff, 0xff, 0xf8, 0x0,
    0x0, 0x0, 0x0, 0x0, 0x0, 0x0, 0x0, 0x0,
    0xaf, 0xfe, 0xdd, 0xdd, 0xef, 0xff, 0xff, 0xc1,
    0x0, 0x0, 0x0, 0x0, 0x0, 0x0, 0x0, 0x0,
    0xaf, 0xf9, 0x0, 0x0, 0x0, 0x5c, 0xff, 0xfb,
    0x0, 0x0, 0x0, 0x0, 0x0, 0x0, 0x0, 0x0,
    0xaf, 0xf9, 0x0, 0x0, 0x0, 0x0, 0x9f, 0xff,
    0x70, 0x4, 0xff, 0xff, 0xff, 0xff, 0xff, 0xe0,
    0xaf, 0xf9, 0x0, 0x0, 0x0, 0x0, 0xb, 0xff,
    0xe0, 0x4, 0xff, 0xff, 0xff, 0xff, 0xff, 0xe0,
    0xaf, 0xf9, 0x0, 0x0, 0x0, 0x0, 0x3, 0xff,
    0xf3, 0x2, 0x99, 0x99, 0x99, 0xaf, 0xff, 0x80,
    0xaf, 0xf9, 0x0, 0x0, 0x0, 0x0, 0x0, 0xef,
    0xf6, 0x0, 0x0, 0x0, 0x0, 0xbf, 0xfb, 0x0,
    0xaf, 0xf9, 0x0, 0x0, 0x0, 0x0, 0x0, 0xcf,
    0xf8, 0x0, 0x0, 0x0, 0x8, 0xff, 0xe1, 0x0,
    0xaf, 0xf9, 0x0, 0x0, 0x0, 0x0, 0x0, 0xcf,
    0xf8, 0x0, 0x0, 0x0, 0x5f, 0xff, 0x30, 0x0,
    0xaf, 0xf9, 0x0, 0x0, 0x0, 0x0, 0x0, 0xef,
    0xf6, 0x0, 0x0, 0x2, 0xff, 0xf6, 0x0, 0x0,
    0xaf, 0xf9, 0x0, 0x0, 0x0, 0x0, 0x3, 0xff,
    0xf3, 0x0, 0x0, 0xd, 0xff, 0x90, 0x0, 0x0,
    0xaf, 0xf9, 0x0, 0x0, 0x0, 0x0, 0xb, 0xff,
    0xe0, 0x0, 0x0, 0xaf, 0xfc, 0x0, 0x0, 0x0,
    0xaf, 0xf9, 0x0, 0x0, 0x0, 0x0, 0x9f, 0xff,
    0x70, 0x0, 0x7, 0xff, 0xe1, 0x0, 0x0, 0x0,
    0xaf, 0xf9, 0x0, 0x0, 0x0, 0x5c, 0xff, 0xfb,
    0x0, 0x0, 0x4f, 0xff, 0x40, 0x0, 0x0, 0x0,
    0xaf, 0xff, 0xdd, 0xdd, 0xef, 0xff, 0xff, 0xc1,
    0x0, 0x1, 0xef, 0xff, 0x99, 0x99, 0x99, 0x91,
    0xaf, 0xff, 0xff, 0xff, 0xff, 0xff, 0xf8, 0x0,
    0x0, 0x6, 0xff, 0xff, 0xff, 0xff, 0xff, 0xf2,
    0xaf, 0xff, 0xff, 0xff, 0xfe, 0xb7, 0x10, 0x0,
    0x0, 0x6, 0xff, 0xff, 0xff, 0xff, 0xff, 0xf2,

    /* U+01F3 "ǳ" */
    0x0, 0x0, 0x0, 0x0, 0x0, 0x0, 0x66, 0x60,
    0x0, 0x0, 0x0, 0x0, 0x0, 0x0, 0x0, 0x0,
    0x0, 0x0, 0x0, 0x0, 0x0, 0xff, 0xf1, 0x0,
    0x0, 0x0, 0x0, 0x0, 0x0, 0x0, 0x0, 0x0,
    0x0, 0x0, 0x0, 0x0, 0xff, 0xf1, 0x0, 0x0,
    0x0, 0x0, 0x0, 0x0, 0x0, 0x0, 0x0, 0x0,
    0x0, 0x0, 0x0, 0xff, 0xf1, 0x0, 0x0, 0x0,
    0x0, 0x0, 0x0, 0x0, 0x0, 0x0, 0x0, 0x0,
    0x0, 0x0, 0xff, 0xf1, 0x0, 0x0, 0x0, 0x0,
    0x0, 0x0, 0x0, 0x0, 0x0, 0x0, 0x0, 0x0,
    0x0, 0xff, 0xf1, 0x0, 0x0, 0x0, 0x0, 0x0,
    0x0, 0x0, 0x0, 0x0, 0x3a, 0xdf, 0xeb, 0x40,
    0xff, 0xf1, 0x0, 0xbf, 0xff, 0xff, 0xff, 0xff,
    0xf6, 0x0, 0x9, 0xff, 0xff, 0xff, 0xf9, 0xff,
    0xf1, 0x0, 0xbf, 0xff, 0xff, 0xff, 0xff, 0xf6,
    0x0, 0x9f, 0xff, 0xfd, 0xcf, 0xff, 0xff, 0xf1,
    0x0, 0x8c, 0xcc, 0xcc, 0xcf, 0xff, 0xf3, 0x3,
    0xff, 0xfb, 0x10, 0x1, 0x9f, 0xff, 0xf1, 0x0,
    0x0, 0x0, 0x0, 0x3f, 0xff, 0x50, 0xa, 0xff,
    0xc0, 0x0, 0x0, 0xa, 0xff, 0xf1, 0x0, 0x0,
    0x0, 0x1, 0xef, 0xf8, 0x0, 0xe, 0xff, 0x50,
    0x0, 0x0, 0x3, 0xff, 0xf1, 0x0, 0x0, 0x0,
    0xc, 0xff, 0xb0, 0x0, 0xf, 0xff, 0x20, 0x0,
    0x0, 0x0, 0xff, 0xf1, 0x0, 0x0, 0x0, 0x9f,
    0xfd, 0x10, 0x0, 0xf, 0xff, 0x20, 0x0, 0x0,
    0x0, 0xff, 0xf1, 0x0, 0x0, 0x6, 0xff, 0xf2,
    0x0, 0x0, 0xe, 0xff, 0x50, 0x0, 0x0, 0x3,
    0xff, 0xf1, 0x0, 0x0, 0x3f, 0xff, 0x50, 0x0,
    0x0, 0xa, 0xff, 0xc0, 0x0, 0x0, 0xb, 0xff,
    0xf1, 0x0, 0x1, 0xef, 0xf8, 0x0, 0x0, 0x0,
    0x3, 0xff, 0xfb, 0x10, 0x1, 0x9f, 0xff, 0xf1,
    0x0, 0xc, 0xff, 0xb0, 0x0, 0x0, 0x0, 0x0,
    0x8f, 0xff, 0xfd, 0xdf, 0xff, 0xff, 0xf1, 0x0,
    0xaf, 0xff, 0xdc, 0xcc, 0xcc, 0xc8, 0x0, 0x8,
    0xff, 0xff, 0xff, 0xf9, 0xef, 0xf1, 0x0, 0xef,
    0xff, 0xff, 0xff, 0xff, 0xfa, 0x0, 0x0, 0x3a,
    0xdf, 0xeb, 0x50, 0xef, 0xf1, 0x0, 0xef, 0xff,
    0xff, 0xff, 0xff, 0xfa,

    /* U+01F4 "Ǵ" */
    0x0, 0x0, 0x0, 0x0, 0x0, 0x48, 0x87, 0x0,
    0x0, 0x0, 0x0, 0x0, 0x0, 0x5f, 0xfd, 0x20,
    0x0, 0x0, 0x0, 0x0, 0x0, 0x5f, 0xfb, 0x10,
    0x0, 0x0, 0x0, 0x0, 0x0, 0x4f, 0xf9, 0x0,
    0x0, 0x0, 0x0, 0x0, 0x0, 0x0, 0x0, 0x0,
    0x0, 0x0, 0x0, 0x0, 0x0, 0x0, 0x0, 0x0,
    0x0, 0x0, 0x0, 0x0, 0x0, 0x2, 0x8c, 0xef,
    0xed, 0x93, 0x0, 0x0, 0x0, 0x1a, 0xff, 0xff,
    0xff, 0xff, 0xfb, 0x20, 0x0, 0x3e, 0xff, 0xff,
    0xff, 0xff, 0xff, 0xfe, 0x30, 0x2e, 0xff, 0xfb,
    0x51, 0x0, 0x38, 0xff, 0xe2, 0xb, 0xff, 0xf6,
    0x0, 0x0, 0x0, 0x2, 0xb1, 0x3, 0xff, 0xf7,
    0x0, 0x0, 0x0, 0x0, 0x0, 0x0, 0x8f, 0xfd,
    0x0, 0x0, 0x0, 0x0, 0x0, 0x0, 0xc, 0xff,
    0x80, 0x0, 0x0, 0x0, 0x0, 0x0, 0x0, 0xdf,
    0xf6, 0x0, 0x0, 0x0, 0x0, 0x2, 0x33, 0x1d,
    0xff, 0x60, 0x0, 0x0, 0x0, 0x0, 0xbf, 0xf6,
    0xcf, 0xf9, 0x0, 0x0, 0x0, 0x0, 0xb, 0xff,
    0x68, 0xff, 0xe0, 0x0, 0x0, 0x0, 0x0, 0xbf,
    0xf6, 0x3f, 0xff, 0x70, 0x0, 0x0, 0x0, 0xb,
    0xff, 0x60, 0xbf, 0xff, 0x60, 0x0, 0x0, 0x0,
    0xcf, 0xf6, 0x2, 0xef, 0xff, 0xb4, 0x10, 0x3,
    0x7f, 0xff, 0x60, 0x3, 0xef, 0xff, 0xff, 0xff,
    0xff, 0xff, 0xf6, 0x0, 0x1, 0xbf, 0xff, 0xff,
    0xff, 0xff, 0xd4, 0x0, 0x0, 0x0, 0x38, 0xce,
    0xfe, 0xd9, 0x40, 0x0,

    /* U+01F5 "ǵ" */
    0x0, 0x0, 0x0, 0x0, 0x4, 0x88, 0x70, 0x0,
    0x0, 0x0, 0x0, 0x0, 0x5f, 0xfe, 0x30, 0x0,
    0x0, 0x0, 0x0, 0x4, 0xff, 0xc1, 0x0, 0x0,
    0x0, 0x0, 0x0, 0x4f, 0xf9, 0x0, 0x0, 0x0,
    0x0, 0x0, 0x0, 0x0, 0x0, 0x0, 0x0, 0x0,
    0x0, 0x0, 0x0, 0x0, 0x0, 0x0, 0x0, 0x0,
    0x0, 0x0, 0x4a, 0xdf, 0xeb, 0x60, 0xaf, 0xf4,
    0x0, 0xa, 0xff, 0xff, 0xff, 0xfc, 0xbf, 0xf4,
    0x0, 0xbf, 0xff, 0xea, 0xac, 0xff, 0xff, 0xf4,
    0x5, 0xff, 0xf7, 0x0, 0x0, 0x3e, 0xff, 0xf4,
    0xb, 0xff, 0x90, 0x0, 0x0, 0x4, 0xff, 0xf4,
    0xe, 0xff, 0x30, 0x0, 0x0, 0x0, 0xff, 0xf4,
    0xf, 0xff, 0x10, 0x0, 0x0, 0x0, 0xff, 0xf4,
    0xe, 0xff, 0x40, 0x0, 0x0, 0x0, 0xff, 0xf4,
    0xb, 0xff, 0xb0, 0x0, 0x0, 0x6, 0xff, 0xf4,
    0x5, 0xff, 0xfa, 0x10, 0x0, 0x6f, 0xff, 0xf4,
    0x0, 0xbf, 0xff, 0xfd, 0xce, 0xff, 0xff, 0xf4,
    0x0, 0xa, 0xff, 0xff, 0xff, 0xfc, 0xef, 0xf4,
    0x0, 0x0, 0x4a, 0xdf, 0xec, 0x60, 0xdf, 0xf3,
    0x0, 0x0, 0x0, 0x0, 0x0, 0x0, 0xff, 0xf2,
    0x0, 0x12, 0x0, 0x0, 0x0, 0x6, 0xff, 0xe0,
    0x0, 0x8f, 0x82, 0x0, 0x0, 0x5f, 0xff, 0x90,
    0x2, 0xff, 0xff, 0xec, 0xce, 0xff, 0xfe, 0x10,
    0x1, 0xaf, 0xff, 0xff, 0xff, 0xff, 0xd3, 0x0,
    0x0, 0x2, 0x7b, 0xef, 0xfe, 0xb6, 0x0, 0x0,

    /* U+01F8 "Ǹ" */
    0x0, 0x4, 0xef, 0xf5, 0x0, 0x0, 0x0, 0x0,
    0x0, 0x0, 0x2d, 0xff, 0x40, 0x0, 0x0, 0x0,
    0x0, 0x0, 0x0, 0xaf, 0xf4, 0x0, 0x0, 0x0,
    0x0, 0x0, 0x0, 0x6, 0x87, 0x0, 0x0, 0x0,
    0x0, 0x0, 0x0, 0x0, 0x0, 0x0, 0x0, 0x0,
    0xaf, 0xf6, 0x0, 0x0, 0x0, 0x0, 0x5f, 0xfe,
    0xaf, 0xff, 0x30, 0x0, 0x0, 0x0, 0x5f, 0xfe,
    0xaf, 0xff, 0xe1, 0x0, 0x0, 0x0, 0x5f, 0xfe,
    0xaf, 0xff, 0xfc, 0x0, 0x0, 0x0, 0x5f, 0xfe,
    0xaf, 0xff, 0xff, 0x90, 0x0, 0x0, 0x5f, 0xfe,
    0xaf, 0xff, 0xff, 0xf5, 0x0, 0x0, 0x5f, 0xfe,
    0xaf, 0xf9, 0xcf, 0xff, 0x20, 0x0, 0x5f, 0xfe,
    0xaf, 0xf9, 0x1e, 0xff, 0xd0, 0x0, 0x5f, 0xfe,
    0xaf, 0xf9, 0x3, 0xff, 0xfb, 0x0, 0x5f, 0xfe,
    0xaf, 0xf9, 0x0, 0x7f, 0xff, 0x70, 0x5f, 0xfe,
    0xaf, 0xf9, 0x0, 0xa, 0xff, 0xf4, 0x5f, 0xfe,
    0xaf, 0xf9, 0x0, 0x0, 0xdf, 0xfe, 0x7f, 0xfe,
    0xaf, 0xf9, 0x0, 0x0, 0x2f, 0xff, 0xff, 0xfe,
    0xaf, 0xf9, 0x0, 0x0, 0x5, 0xff, 0xff, 0xfe,
    0xaf, 0xf9, 0x0, 0x0, 0x0, 0x8f, 0xff, 0xfe,
    0xaf, 0xf9, 0x0, 0x0, 0x0, 0xb, 0xff, 0xfe,
    0xaf, 0xf9, 0x0, 0x0, 0x0, 0x1, 0xef, 0xfe,
    0xaf, 0xf9, 0x0, 0x0, 0x0, 0x0, 0x3f, 0xfe,

    /* U+01F9 "ǹ" */
    0x0, 0x78, 0x84, 0x0, 0x0, 0x0, 0x0, 0x0,
    0x4f, 0xff, 0x30, 0x0, 0x0, 0x0, 0x0, 0x3,
    0xef, 0xe1, 0x0, 0x0, 0x0, 0x0, 0x0, 0x2e,
    0xfd, 0x0, 0x0, 0x0, 0x0, 0x0, 0x1, 0x78,
    0x40, 0x0, 0x0, 0x0, 0x0, 0x0, 0x0, 0x0,
    0x0, 0x0, 0xff, 0xf0, 0x4a, 0xef, 0xeb, 0x40,
    0x0, 0xff, 0xf9, 0xff, 0xff, 0xff, 0xf8, 0x0,
    0xff, 0xff, 0xfe, 0xbc, 0xff, 0xff, 0x50, 0xff,
    0xff, 0x80, 0x0, 0x2d, 0xff, 0xc0, 0xff, 0xfb,
    0x0, 0x0, 0x4, 0xff, 0xf0, 0xff, 0xf5, 0x0,
    0x0, 0x0, 0xff, 0xf2, 0xff, 0xf3, 0x0, 0x0,
    0x0, 0xef, 0xf3, 0xff, 0xf2, 0x0, 0x0, 0x0,
    0xef, 0xf3, 0xff, 0xf2, 0x0, 0x0, 0x0, 0xef,
    0xf3, 0xff, 0xf2, 0x0, 0x0, 0x0, 0xef, 0xf3,
    0xff, 0xf2, 0x0, 0x0, 0x0, 0xef, 0xf3, 0xff,
    0xf2, 0x0, 0x0, 0x0, 0xef, 0xf3, 0xff, 0xf2,
    0x0, 0x0, 0x0, 0xef, 0xf3, 0xff, 0xf2, 0x0,
    0x0, 0x0, 0xef, 0xf3,

    /* U+01FA "Ǻ" */
    0x0, 0x0, 0x0, 0x0, 0x0, 0x0, 0x0, 0x0,
    0x0, 0x0, 0x0, 0x0, 0x0, 0x0, 0x0, 0x0,
    0xa, 0x60, 0x0, 0x0, 0x0, 0x0, 0x0, 0x0,
    0x0, 0x0, 0xaf, 0xe1, 0x0, 0x0, 0x0, 0x0,
    0x0, 0x0, 0x5e, 0xff, 0xfc, 0x10, 0x0, 0x0,
    0x0, 0x0, 0x0, 0x2, 0xf9, 0x4f, 0xf0, 0x0,
    0x0, 0x0, 0x0, 0x0, 0x0, 0x7, 0xd0, 0x3,
    0xf2, 0x0, 0x0, 0x0, 0x0, 0x0, 0x0, 0x8,
    0xd0, 0x2, 0xf3, 0x0, 0x0, 0x0, 0x0, 0x0,
    0x0, 0x4, 0xf6, 0x1a, 0xe0, 0x0, 0x0, 0x0,
    0x0, 0x0, 0x0, 0x0, 0x8f, 0xfe, 0x40, 0x0,
    0x0, 0x0, 0x0, 0x0, 0x0, 0x0, 0x1, 0x30,
    0x0, 0x0, 0x0, 0x0, 0x0, 0x0, 0x0, 0x0,
    0x7f, 0xff, 0x20, 0x0, 0x0, 0x0, 0x0, 0x0,
    0x0, 0x0, 0xef, 0xff, 0x90, 0x0, 0x0, 0x0,
    0x0, 0x0, 0x0, 0x5, 0xff, 0xff, 0xf1, 0x0,
    0x0, 0x0, 0x0, 0x0, 0x0, 0xc, 0xff, 0xdf,
    0xf7, 0x0, 0x0, 0x0, 0x0, 0x0, 0x0, 0x3f,
    0xfd, 0x2f, 0xfe, 0x0, 0x0, 0x0, 0x0, 0x0,
    0x0, 0xaf, 0xf6, 0xc, 0xff, 0x50, 0x0, 0x0,
    0x0, 0x0, 0x1, 0xff, 0xf0, 0x5, 0xff, 0xc0,
    0x0, 0x0, 0x0, 0x0, 0x8, 0xff, 0x90, 0x0,
    0xef, 0xf3, 0x0, 0x0, 0x0, 0x0, 0xe, 0xff,
    0x20, 0x0, 0x8f, 0xfa, 0x0, 0x0, 0x0, 0x0,
    0x6f, 0xfb, 0x0, 0x0, 0x1f, 0xff, 0x20, 0x0,
    0x0, 0x0, 0xdf, 0xf5, 0x0, 0x0, 0xa, 0xff,
    0x80, 0x0, 0x0, 0x4, 0xff, 0xff, 0xff, 0xff,
    0xff, 0xff, 0xf0, 0x0, 0x0, 0xb, 0xff, 0xff,
    0xff, 0xff, 0xff, 0xff, 0xf6, 0x0, 0x0, 0x2f,
    0xff, 0xba, 0xaa, 0xaa, 0xaa, 0xff, 0xfd, 0x0,
    0x0, 0x9f, 0xfa, 0x0, 0x0, 0x0, 0x0, 0xf,
    0xff, 0x40, 0x1, 0xff, 0xf4, 0x0, 0x0, 0x0,
    0x0, 0x9, 0xff, 0xb0, 0x7, 0xff, 0xd0, 0x0,
    0x0, 0x0, 0x0, 0x2, 0xff, 0xf2, 0xe, 0xff,
    0x60, 0x0, 0x0, 0x0, 0x0, 0x0, 0xcf, 0xf9,

    /* U+01FB "ǻ" */
    0x0, 0x0, 0x0, 0x0, 0x9, 0x70, 0x0, 0x0,
    0x0, 0x0, 0x9, 0xfe, 0x20, 0x0, 0x0, 0x5e,
    0xff, 0xfc, 0x10, 0x0, 0x0, 0x3f, 0x84, 0xdf,
    0x10, 0x0, 0x0, 0x7, 0xe0, 0x0, 0xf4, 0x0,
    0x0, 0x0, 0x4f, 0x51, 0x7f, 0x20, 0x0, 0x0,
    0x0, 0x9f, 0xff, 0x60, 0x0, 0x0, 0x0, 0x0,
    0x13, 0x10, 0x0, 0x0, 0x0, 0x0, 0x0, 0x0,
    0x0, 0x0, 0x0, 0x5, 0xad, 0xff, 0xea, 0x40,
    0x0, 0x3d, 0xff, 0xff, 0xff, 0xff, 0x90, 0x1,
    0xff, 0xfd, 0xbc, 0xff, 0xff, 0x60, 0x8, 0x81,
    0x0, 0x1, 0xcf, 0xfd, 0x0, 0x0, 0x0, 0x0,
    0x2, 0xff, 0xf1, 0x0, 0x0, 0x12, 0x22, 0x2f,
    0xff, 0x30, 0x19, 0xef, 0xff, 0xff, 0xff, 0xf3,
    0x2e, 0xff, 0xff, 0xff, 0xff, 0xff, 0x3a, 0xff,
    0xc2, 0x0, 0x0, 0xef, 0xf3, 0xdf, 0xf4, 0x0,
    0x0, 0xf, 0xff, 0x3d, 0xff, 0x50, 0x0, 0x6,
    0xff, 0xf3, 0x8f, 0xfe, 0x63, 0x49, 0xff, 0xff,
    0x30, 0xcf, 0xff, 0xff, 0xfe, 0xdf, 0xf3, 0x0,
    0x7c, 0xff, 0xd8, 0x1b, 0xff, 0x30,

    /* U+01FC "Ǽ" */
    0x0, 0x0, 0x0, 0x0, 0x0, 0x0, 0x0, 0x0,
    0x7, 0xff, 0xe3, 0x0, 0x0, 0x0, 0x0, 0x0,
    0x0, 0x0, 0x0, 0x0, 0x0, 0x6, 0xff, 0xc1,
    0x0, 0x0, 0x0, 0x0, 0x0, 0x0, 0x0, 0x0,
    0x0, 0x0, 0x6, 0xff, 0x90, 0x0, 0x0, 0x0,
    0x0, 0x0, 0x0, 0x0, 0x0, 0x0, 0x0, 0x0,
    0x78, 0x50, 0x0, 0x0, 0x0, 0x0, 0x0, 0x0,
    0x0, 0x0, 0x0, 0x0, 0x0, 0x0, 0x0, 0x0,
    0x0, 0x0, 0x0, 0x0, 0x0, 0x0, 0x0, 0x0,
    0x4, 0xff, 0xff, 0xff, 0xff, 0xff, 0xff, 0xff,
    0xf0, 0x0, 0x0, 0x0, 0x0, 0x0, 0xcf, 0xff,
    0xff, 0xff, 0xff, 0xff, 0xff, 0xff, 0x0, 0x0,
    0x0, 0x0, 0x0, 0x6f, 0xff, 0xff, 0xfe, 0xdd,
    0xdd, 0xdd, 0xdd, 0xc0, 0x0, 0x0, 0x0, 0x0,
    0xe, 0xff, 0x3d, 0xff, 0x60, 0x0, 0x0, 0x0,
    0x0, 0x0, 0x0, 0x0, 0x0, 0x8, 0xff, 0xb0,
    0xdf, 0xf6, 0x0, 0x0, 0x0, 0x0, 0x0, 0x0,
    0x0, 0x0, 0x1, 0xff, 0xf2, 0xd, 0xff, 0x60,
    0x0, 0x0, 0x0, 0x0, 0x0, 0x0, 0x0, 0x0,
    0xaf, 0xf9, 0x0, 0xdf, 0xf6, 0x0, 0x0, 0x0,
    0x0, 0x0, 0x0, 0x0, 0x0, 0x3f, 0xff, 0x10,
    0xd, 0xff, 0xfc, 0xcc, 0xcc, 0xcc, 0xa0, 0x0,
    0x0, 0x0, 0xc, 0xff, 0x70, 0x0, 0xdf, 0xff,
    0xff, 0xff, 0xff, 0xfe, 0x0, 0x0, 0x0, 0x5,
    0xff, 0xe0, 0x0, 0xd, 0xff, 0xff, 0xff, 0xff,
    0xff, 0xe0, 0x0, 0x0, 0x0, 0xdf, 0xf5, 0x0,
    0x0, 0xdf, 0xf6, 0x0, 0x0, 0x0, 0x0, 0x0,
    0x0, 0x0, 0x7f, 0xff, 0xff, 0xff, 0xff, 0xff,
    0x60, 0x0, 0x0, 0x0, 0x0, 0x0, 0x0, 0x1f,
    0xff, 0xff, 0xff, 0xff, 0xff, 0xf6, 0x0, 0x0,
    0x0, 0x0, 0x0, 0x0, 0x9, 0xff, 0xfa, 0xaa,
    0xaa, 0xaf, 0xff, 0x60, 0x0, 0x0, 0x0, 0x0,
    0x0, 0x2, 0xff, 0xf2, 0x0, 0x0, 0x0, 0xdf,
    0xf6, 0x0, 0x0, 0x0, 0x0, 0x0, 0x0, 0xbf,
    0xf9, 0x0, 0x0, 0x0, 0xd, 0xff, 0xed, 0xdd,
    0xdd, 0xdd, 0xdd, 0x30, 0x4f, 0xff, 0x10, 0x0,
    0x0, 0x0, 0xdf, 0xff, 0xff, 0xff, 0xff, 0xff,
    0xf4, 0xd, 0xff, 0x70, 0x0, 0x0, 0x0, 0xd,
    0xff, 0xff, 0xff, 0xff, 0xff, 0xff, 0x40,

    /* U+01FD "ǽ" */
    0x0, 0x0, 0x0, 0x0, 0x0, 0x2, 0x88, 0x82,
    0x0, 0x0, 0x0, 0x0, 0x0, 0x0, 0x0, 0x0,
    0x2, 0xef, 0xf6, 0x0, 0x0, 0x0, 0x0, 0x0,
    0x0, 0x0, 0x0, 0x1, 0xdf, 0xe3, 0x0, 0x0,
    0x0, 0x0, 0x0, 0x0, 0x0, 0x0, 0x1, 0xdf,
    0xc1, 0x0, 0x0, 0x0, 0x0, 0x0, 0x0, 0x0,
    0x0, 0x0, 0x0, 0x0, 0x0, 0x0, 0x0, 0x0,
    0x0, 0x0, 0x0, 0x0, 0x0, 0x0, 0x0, 0x0,
    0x0, 0x0, 0x0, 0x0, 0x0, 0x0, 0x5a, 0xdf,
    0xfd, 0xa3, 0x0, 0x17, 0xce, 0xfd, 0x92, 0x0,
    0x3, 0xdf, 0xff, 0xff, 0xff, 0xf7, 0x4e, 0xff,
    0xff, 0xff, 0xf6, 0x0, 0x1f, 0xff, 0xdb, 0xcf,
    0xff, 0xff, 0xff, 0xfc, 0xcf, 0xff, 0xf6, 0x0,
    0x88, 0x10, 0x0, 0x1c, 0xff, 0xff, 0xa1, 0x0,
    0x9, 0xff, 0xf1, 0x0, 0x0, 0x0, 0x0, 0x2f,
    0xff, 0xc0, 0x0, 0x0, 0xa, 0xff, 0x70, 0x0,
    0x0, 0x12, 0x22, 0xff, 0xf7, 0x22, 0x22, 0x22,
    0x6f, 0xfb, 0x1, 0x9e, 0xff, 0xff, 0xff, 0xff,
    0xff, 0xff, 0xff, 0xff, 0xff, 0xd2, 0xef, 0xff,
    0xff, 0xff, 0xff, 0xff, 0xff, 0xff, 0xff, 0xff,
    0xfd, 0xaf, 0xfc, 0x20, 0x0, 0xe, 0xff, 0x60,
    0x0, 0x0, 0x0, 0x0, 0xd, 0xff, 0x30, 0x0,
    0x1, 0xff, 0xfd, 0x0, 0x0, 0x0, 0x0, 0x0,
    0xdf, 0xf6, 0x0, 0x0, 0x9f, 0xff, 0xfc, 0x30,
    0x0, 0x1a, 0xc0, 0x8, 0xff, 0xf9, 0x67, 0xcf,
    0xfe, 0xff, 0xff, 0xec, 0xdf, 0xff, 0xa0, 0xc,
    0xff, 0xff, 0xff, 0xfc, 0x14, 0xef, 0xff, 0xff,
    0xff, 0xe3, 0x0, 0x6, 0xce, 0xfe, 0xb6, 0x0,
    0x0, 0x7c, 0xef, 0xec, 0x70, 0x0,

    /* U+01FE "Ǿ" */
    0x0, 0x0, 0x0, 0x0, 0x0, 0x38, 0x87, 0x10,
    0x0, 0x0, 0x0, 0x0, 0x0, 0x0, 0x3f, 0xff,
    0x40, 0x0, 0x0, 0x0, 0x0, 0x0, 0x0, 0x3e,
    0xfd, 0x20, 0x0, 0x0, 0x0, 0x0, 0x0, 0x0,
    0x2e, 0xfb, 0x0, 0x0, 0x0, 0x0, 0x0, 0x0,
    0x0, 0x0, 0x0, 0x0, 0x3, 0xff, 0x40, 0x0,
    0x0, 0x0, 0x0, 0x0, 0x0, 0x0, 0xcf, 0xb0,
    0x0, 0x0, 0x0, 0x2, 0x8c, 0xef, 0xec, 0xdf,
    0xf3, 0x0, 0x0, 0x0, 0x1a, 0xff, 0xff, 0xff,
    0xff, 0xff, 0x10, 0x0, 0x0, 0x3e, 0xff, 0xff,
    0xff, 0xff, 0xff, 0xfe, 0x30, 0x0, 0x1e, 0xff,
    0xfb, 0x40, 0x1, 0xff, 0xff, 0xfe, 0x20, 0xb,
    0xff, 0xf5, 0x0, 0x0, 0x6f, 0xf7, 0xff, 0xfb,
    0x3, 0xff, 0xf7, 0x0, 0x0, 0xe, 0xf8, 0x6,
    0xff, 0xf4, 0x8f, 0xfd, 0x0, 0x0, 0x8, 0xff,
    0x10, 0xd, 0xff, 0x9c, 0xff, 0x90, 0x0, 0x1,
    0xff, 0x70, 0x0, 0x8f, 0xfc, 0xdf, 0xf6, 0x0,
    0x0, 0x9f, 0xe0, 0x0, 0x5, 0xff, 0xed, 0xff,
    0x60, 0x0, 0x2f, 0xf6, 0x0, 0x0, 0x6f, 0xfe,
    0xcf, 0xf9, 0x0, 0xa, 0xfd, 0x0, 0x0, 0x8,
    0xff, 0xc8, 0xff, 0xe0, 0x2, 0xff, 0x50, 0x0,
    0x0, 0xdf, 0xf9, 0x3f, 0xff, 0x70, 0xbf, 0xc0,
    0x0, 0x0, 0x6f, 0xff, 0x40, 0xbf, 0xff, 0x9f,
    0xf4, 0x0, 0x0, 0x5f, 0xff, 0xc0, 0x1, 0xef,
    0xff, 0xff, 0x0, 0x4, 0xaf, 0xff, 0xe2, 0x0,
    0x3, 0xef, 0xff, 0xff, 0xff, 0xff, 0xff, 0xe3,
    0x0, 0x0, 0x1, 0xff, 0xff, 0xff, 0xff, 0xff,
    0xb1, 0x0, 0x0, 0x0, 0x6f, 0xfb, 0xce, 0xfe,
    0xc8, 0x30, 0x0, 0x0, 0x0, 0xe, 0xf9, 0x0,
    0x0, 0x0, 0x0, 0x0, 0x0, 0x0, 0x2, 0x88,
    0x10, 0x0, 0x0, 0x0, 0x0, 0x0, 0x0,

    /* U+01FF "ǿ" */
    0x0, 0x0, 0x0, 0x0, 0x7, 0x88, 0x40, 0x0,
    0x0, 0x0, 0x0, 0x0, 0xbf, 0xfa, 0x0, 0x0,
    0x0, 0x0, 0x0, 0xa, 0xff, 0x70, 0x0, 0x0,
    0x0, 0x0, 0x0, 0xaf, 0xe4, 0x0, 0x0, 0x0,
    0x0, 0x0, 0x0, 0x0, 0x0, 0x6, 0x81, 0x0,
    0x0, 0x0, 0x0, 0x0, 0x0, 0x3f, 0xc0, 0x0,
    0x0, 0x0, 0x28, 0xde, 0xfd, 0xff, 0x40, 0x0,
    0x0, 0x7, 0xff, 0xff, 0xff, 0xff, 0x80, 0x0,
    0x0, 0x7f, 0xff, 0xfd, 0xcf, 0xff, 0xf9, 0x0,
    0x2, 0xff, 0xfa, 0x10, 0x3f, 0xff, 0xff, 0x40,
    0x9, 0xff, 0xc0, 0x0, 0xbf, 0x4a, 0xff, 0xb0,
    0xd, 0xff, 0x50, 0x3, 0xfc, 0x3, 0xff, 0xf0,
    0xf, 0xff, 0x20, 0xb, 0xf4, 0x0, 0xff, 0xf1,
    0xf, 0xff, 0x20, 0x3f, 0xc0, 0x0, 0xff, 0xf1,
    0xd, 0xff, 0x50, 0xbf, 0x40, 0x3, 0xff, 0xf0,
    0x9, 0xff, 0xc3, 0xfc, 0x0, 0xa, 0xff, 0xb0,
    0x2, 0xff, 0xff, 0xf4, 0x1, 0x9f, 0xff, 0x40,
    0x0, 0x6f, 0xff, 0xfd, 0xdf, 0xff, 0xf8, 0x0,
    0x0, 0x6, 0xff, 0xff, 0xff, 0xff, 0x80, 0x0,
    0x0, 0x3, 0xff, 0xdf, 0xfd, 0x92, 0x0, 0x0,
    0x0, 0xb, 0xf4, 0x0, 0x0, 0x0, 0x0, 0x0,
    0x0, 0x3f, 0xc0, 0x0, 0x0, 0x0, 0x0, 0x0,

    /* U+0200 "Ȁ" */
    0x0, 0x0, 0x8f, 0xf7, 0xc, 0xff, 0x30, 0x0,
    0x0, 0x0, 0x0, 0x0, 0xc, 0xff, 0x12, 0xff,
    0xc0, 0x0, 0x0, 0x0, 0x0, 0x0, 0x1, 0xef,
    0xa0, 0x5f, 0xf5, 0x0, 0x0, 0x0, 0x0, 0x0,
    0x0, 0x38, 0x80, 0x6, 0x86, 0x0, 0x0, 0x0,
    0x0, 0x0, 0x0, 0x0, 0x0, 0x0, 0x0, 0x0,
    0x0, 0x0, 0x0, 0x0, 0x0, 0x0, 0x7f, 0xff,
    0x20, 0x0, 0x0, 0x0, 0x0, 0x0, 0x0, 0x0,
    0xef, 0xff, 0x90, 0x0, 0x0, 0x0, 0x0, 0x0,
    0x0, 0x5, 0xff, 0xff, 0xf1, 0x0, 0x0, 0x0,
    0x0, 0x0, 0x0, 0xc, 0xff, 0xdf, 0xf7, 0x0,
    0x0, 0x0, 0x0, 0x0, 0x0, 0x3f, 0xfd, 0x2f,
    0xfe, 0x0, 0x0, 0x0, 0x0, 0x0, 0x0, 0xaf,
    0xf6, 0xc, 0xff, 0x50, 0x0, 0x0, 0x0, 0x0,
    0x1, 0xff, 0xf0, 0x5, 0xff, 0xc0, 0x0, 0x0,
    0x0, 0x0, 0x8, 0xff, 0x90, 0x0, 0xef, 0xf3,
    0x0, 0x0, 0x0, 0x0, 0xe, 0xff, 0x20, 0x0,
    0x8f, 0xfa, 0x0, 0x0, 0x0, 0x0, 0x6f, 0xfb,
    0x0, 0x0, 0x1f, 0xff, 0x20, 0x0, 0x0, 0x0,
    0xdf, 0xf5, 0x0, 0x0, 0xa, 0xff, 0x80, 0x0,
    0x0, 0x4, 0xff, 0xff, 0xff, 0xff, 0xff, 0xff,
    0xf0, 0x0, 0x0, 0xb, 0xff, 0xff, 0xff, 0xff,
    0xff, 0xff, 0xf6, 0x0, 0x0, 0x2f, 0xff, 0xba,
    0xaa, 0xaa, 0xaa, 0xff, 0xfd, 0x0, 0x0, 0x9f,
    0xfa, 0x0, 0x0, 0x0, 0x0, 0xf, 0xff, 0x40,
    0x1, 0xff, 0xf4, 0x0, 0x0, 0x0, 0x0, 0x9,
    0xff, 0xb0, 0x7, 0xff, 0xd0, 0x0, 0x0, 0x0,
    0x0, 0x2, 0xff, 0xf2, 0xe, 0xff, 0x60, 0x0,
    0x0, 0x0, 0x0, 0x0, 0xcf, 0xf9,

    /* U+0201 "ȁ" */
    0x58, 0x83, 0x8, 0x88, 0x10, 0x0, 0x1, 0xef,
    0xd0, 0x5f, 0xf9, 0x0, 0x0, 0x4, 0xff, 0x70,
    0x9f, 0xf2, 0x0, 0x0, 0x8, 0xfe, 0x10, 0xcf,
    0xb0, 0x0, 0x0, 0x0, 0x0, 0x0, 0x0, 0x0,
    0x0, 0x0, 0x0, 0x0, 0x0, 0x0, 0x0, 0x0,
    0x5a, 0xdf, 0xfe, 0xa4, 0x0, 0x3, 0xdf, 0xff,
    0xff, 0xff, 0xf9, 0x0, 0x1f, 0xff, 0xdb, 0xcf,
    0xff, 0xf6, 0x0, 0x88, 0x10, 0x0, 0x1c, 0xff,
    0xd0, 0x0, 0x0, 0x0, 0x0, 0x2f, 0xff, 0x10,
    0x0, 0x1, 0x22, 0x22, 0xff, 0xf3, 0x1, 0x9e,
    0xff, 0xff, 0xff, 0xff, 0x32, 0xef, 0xff, 0xff,
    0xff, 0xff, 0xf3, 0xaf, 0xfc, 0x20, 0x0, 0xe,
    0xff, 0x3d, 0xff, 0x40, 0x0, 0x0, 0xff, 0xf3,
    0xdf, 0xf5, 0x0, 0x0, 0x6f, 0xff, 0x38, 0xff,
    0xe6, 0x34, 0x9f, 0xff, 0xf3, 0xc, 0xff, 0xff,
    0xff, 0xed, 0xff, 0x30, 0x7, 0xcf, 0xfd, 0x81,
    0xbf, 0xf3,

    /* U+0202 "Ȃ" */
    0x0, 0x0, 0x0, 0x2, 0xae, 0xfd, 0x70, 0x0,
    0x0, 0x0, 0x0, 0x0, 0x0, 0x3f, 0xfe, 0xcf,
    0xfd, 0x0, 0x0, 0x0, 0x0, 0x0, 0x0, 0xbf,
    0x90, 0x1, 0xdf, 0x70, 0x0, 0x0, 0x0, 0x0,
    0x0, 0x99, 0x10, 0x0, 0x49, 0x60, 0x0, 0x0,
    0x0, 0x0, 0x0, 0x0, 0x0, 0x0, 0x0, 0x0,
    0x0, 0x0, 0x0, 0x0, 0x0, 0x0, 0x7f, 0xff,
    0x20, 0x0, 0x0, 0x0, 0x0, 0x0, 0x0, 0x0,
    0xef, 0xff, 0x90, 0x0, 0x0, 0x0, 0x0, 0x0,
    0x0, 0x5, 0xff, 0xff, 0xf1, 0x0, 0x0, 0x0,
    0x0, 0x0, 0x0, 0xc, 0xff, 0xdf, 0xf7, 0x0,
    0x0, 0x0, 0x0, 0x0, 0x0, 0x3f, 0xfd, 0x2f,
    0xfe, 0x0, 0x0, 0x0, 0x0, 0x0, 0x0, 0xaf,
    0xf6, 0xc, 0xff, 0x50, 0x0, 0x0, 0x0, 0x0,
    0x1, 0xff, 0xf0, 0x5, 0xff, 0xc0, 0x0, 0x0,
    0x0, 0x0, 0x8, 0xff, 0x90, 0x0, 0xef, 0xf3,
    0x0, 0x0, 0x0, 0x0, 0xe, 0xff, 0x20, 0x0,
    0x8f, 0xfa, 0x0, 0x0, 0x0, 0x0, 0x6f, 0xfb,
    0x0, 0x0, 0x1f, 0xff, 0x20, 0x0, 0x0, 0x0,
    0xdf, 0xf5, 0x0, 0x0, 0xa, 0xff, 0x80, 0x0,
    0x0, 0x4, 0xff, 0xff, 0xff, 0xff, 0xff, 0xff,
    0xf0, 0x0, 0x0, 0xb, 0xff, 0xff, 0xff, 0xff,
    0xff, 0xff, 0xf6, 0x0, 0x0, 0x2f, 0xff, 0xba,
    0xaa, 0xaa, 0xaa, 0xff, 0xfd, 0x0, 0x0, 0x9f,
    0xfa, 0x0, 0x0, 0x0, 0x0, 0xf, 0xff, 0x40,
    0x1, 0xff, 0xf4, 0x0, 0x0, 0x0, 0x0, 0x9,
    0xff, 0xb0, 0x7, 0xff, 0xd0, 0x0, 0x0, 0x0,
    0x0, 0x2, 0xff, 0xf2, 0xe, 0xff, 0x60, 0x0,
    0x0, 0x0, 0x0, 0x0, 0xcf, 0xf9,

    /* U+0203 "ȃ" */
    0x0, 0x0, 0x6a, 0xba, 0x50, 0x0, 0x0, 0x0,
    0xcf, 0xff, 0xff, 0xa0, 0x0, 0x0, 0x8f, 0xd3,
    0x4, 0xef, 0x50, 0x0, 0xd, 0xf4, 0x0, 0x7,
    0xfa, 0x0, 0x0, 0x12, 0x0, 0x0, 0x2, 0x10,
    0x0, 0x0, 0x0, 0x0, 0x0, 0x0, 0x0, 0x0,
    0x5a, 0xdf, 0xfe, 0xa4, 0x0, 0x3, 0xdf, 0xff,
    0xff, 0xff, 0xf9, 0x0, 0x1f, 0xff, 0xdb, 0xcf,
    0xff, 0xf6, 0x0, 0x88, 0x10, 0x0, 0x1c, 0xff,
    0xd0, 0x0, 0x0, 0x0, 0x0, 0x2f, 0xff, 0x10,
    0x0, 0x1, 0x22, 0x22, 0xff, 0xf3, 0x1, 0x9e,
    0xff, 0xff, 0xff, 0xff, 0x32, 0xef, 0xff, 0xff,
    0xff, 0xff, 0xf3, 0xaf, 0xfc, 0x20, 0x0, 0xe,
    0xff, 0x3d, 0xff, 0x40, 0x0, 0x0, 0xff, 0xf3,
    0xdf, 0xf5, 0x0, 0x0, 0x6f, 0xff, 0x38, 0xff,
    0xe6, 0x34, 0x9f, 0xff, 0xf3, 0xc, 0xff, 0xff,
    0xff, 0xed, 0xff, 0x30, 0x7, 0xcf, 0xfd, 0x81,
    0xbf, 0xf3,

    /* U+0204 "Ȅ" */
    0x2f, 0xfd, 0x7, 0xff, 0x90, 0x0, 0x0, 0x5,
    0xff, 0x70, 0xaf, 0xf2, 0x0, 0x0, 0x0, 0x9f,
    0xf1, 0xd, 0xfb, 0x0, 0x0, 0x0, 0x8, 0x84,
    0x2, 0x88, 0x10, 0x0, 0x0, 0x0, 0x0, 0x0,
    0x0, 0x0, 0x0, 0xaf, 0xff, 0xff, 0xff, 0xff,
    0xff, 0xf2, 0xaf, 0xff, 0xff, 0xff, 0xff, 0xff,
    0xf2, 0xaf, 0xfe, 0xdd, 0xdd, 0xdd, 0xdd, 0xd1,
    0xaf, 0xf9, 0x0, 0x0, 0x0, 0x0, 0x0, 0xaf,
    0xf9, 0x0, 0x0, 0x0, 0x0, 0x0, 0xaf, 0xf9,
    0x0, 0x0, 0x0, 0x0, 0x0, 0xaf, 0xf9, 0x0,
    0x0, 0x0, 0x0, 0x0, 0xaf, 0xff, 0xcc, 0xcc,
    0xcc, 0xcc, 0x0, 0xaf, 0xff, 0xff, 0xff, 0xff,
    0xff, 0x0, 0xaf, 0xff, 0xff, 0xff, 0xff, 0xff,
    0x0, 0xaf, 0xf9, 0x0, 0x0, 0x0, 0x0, 0x0,
    0xaf, 0xf9, 0x0, 0x0, 0x0, 0x0, 0x0, 0xaf,
    0xf9, 0x0, 0x0, 0x0, 0x0, 0x0, 0xaf, 0xf9,
    0x0, 0x0, 0x0, 0x0, 0x0, 0xaf, 0xf9, 0x0,
    0x0, 0x0, 0x0, 0x0, 0xaf, 0xfe, 0xdd, 0xdd,
    0xdd, 0xdd, 0xd6, 0xaf, 0xff, 0xff, 0xff, 0xff,
    0xff, 0xf7, 0xaf, 0xff, 0xff, 0xff, 0xff, 0xff,
    0xf7,

    /* U+0205 "ȅ" */
    0x2, 0x88, 0x70, 0x58, 0x84, 0x0, 0x0, 0x0,
    0xa, 0xff, 0x31, 0xef, 0xe0, 0x0, 0x0, 0x0,
    0xd, 0xfc, 0x4, 0xff, 0x70, 0x0, 0x0, 0x0,
    0x3f, 0xf5, 0x7, 0xff, 0x10, 0x0, 0x0, 0x0,
    0x0, 0x0, 0x0, 0x0, 0x0, 0x0, 0x0, 0x0,
    0x0, 0x0, 0x0, 0x0, 0x0, 0x0, 0x0, 0x39,
    0xdf, 0xec, 0x71, 0x0, 0x0, 0x0, 0x8f, 0xff,
    0xff, 0xff, 0xe3, 0x0, 0x0, 0x8f, 0xff, 0xda,
    0xae, 0xff, 0xf2, 0x0, 0x3f, 0xff, 0x50, 0x0,
    0xa, 0xff, 0xc0, 0x9, 0xff, 0x80, 0x0, 0x0,
    0xd, 0xff, 0x20, 0xef, 0xf4, 0x22, 0x22, 0x22,
    0x9f, 0xf6, 0xf, 0xff, 0xff, 0xff, 0xff, 0xff,
    0xff, 0x80, 0xff, 0xff, 0xff, 0xff, 0xff, 0xff,
    0xf9, 0xd, 0xff, 0x30, 0x0, 0x0, 0x0, 0x0,
    0x0, 0x9f, 0xfb, 0x0, 0x0, 0x0, 0x0, 0x0,
    0x2, 0xff, 0xfa, 0x20, 0x0, 0x2c, 0xa0, 0x0,
    0x7, 0xff, 0xff, 0xdc, 0xdf, 0xff, 0x60, 0x0,
    0x6, 0xff, 0xff, 0xff, 0xff, 0xc1, 0x0, 0x0,
    0x1, 0x7c, 0xef, 0xeb, 0x50, 0x0,

    /* U+0206 "Ȇ" */
    0x0, 0x0, 0x7d, 0xfe, 0xa2, 0x0, 0x0, 0x0,
    0xc, 0xff, 0xde, 0xff, 0x40, 0x0, 0x0, 0x5f,
    0xe2, 0x0, 0x8f, 0xd0, 0x0, 0x0, 0x59, 0x50,
    0x0, 0x9, 0x90, 0x0, 0x0, 0x0, 0x0, 0x0,
    0x0, 0x0, 0x0, 0xaf, 0xff, 0xff, 0xff, 0xff,
    0xff, 0xf2, 0xaf, 0xff, 0xff, 0xff, 0xff, 0xff,
    0xf2, 0xaf, 0xfe, 0xdd, 0xdd, 0xdd, 0xdd, 0xd1,
    0xaf, 0xf9, 0x0, 0x0, 0x0, 0x0, 0x0, 0xaf,
    0xf9, 0x0, 0x0, 0x0, 0x0, 0x0, 0xaf, 0xf9,
    0x0, 0x0, 0x0, 0x0, 0x0, 0xaf, 0xf9, 0x0,
    0x0, 0x0, 0x0, 0x0, 0xaf, 0xff, 0xcc, 0xcc,
    0xcc, 0xcc, 0x0, 0xaf, 0xff, 0xff, 0xff, 0xff,
    0xff, 0x0, 0xaf, 0xff, 0xff, 0xff, 0xff, 0xff,
    0x0, 0xaf, 0xf9, 0x0, 0x0, 0x0, 0x0, 0x0,
    0xaf, 0xf9, 0x0, 0x0, 0x0, 0x0, 0x0, 0xaf,
    0xf9, 0x0, 0x0, 0x0, 0x0, 0x0, 0xaf, 0xf9,
    0x0, 0x0, 0x0, 0x0, 0x0, 0xaf, 0xf9, 0x0,
    0x0, 0x0, 0x0, 0x0, 0xaf, 0xfe, 0xdd, 0xdd,
    0xdd, 0xdd, 0xd6, 0xaf, 0xff, 0xff, 0xff, 0xff,
    0xff, 0xf7, 0xaf, 0xff, 0xff, 0xff, 0xff, 0xff,
    0xf7,

    /* U+0207 "ȇ" */
    0x0, 0x0, 0x3, 0x9b, 0xb7, 0x0, 0x0, 0x0,
    0x0, 0x7, 0xff, 0xff, 0xfd, 0x10, 0x0, 0x0,
    0x2, 0xff, 0x60, 0x2b, 0xfb, 0x0, 0x0, 0x0,
    0x7f, 0xa0, 0x0, 0x1f, 0xf0, 0x0, 0x0, 0x1,
    0x21, 0x0, 0x0, 0x12, 0x0, 0x0, 0x0, 0x0,
    0x0, 0x0, 0x0, 0x0, 0x0, 0x0, 0x0, 0x39,
    0xdf, 0xec, 0x71, 0x0, 0x0, 0x0, 0x8f, 0xff,
    0xff, 0xff, 0xe3, 0x0, 0x0, 0x8f, 0xff, 0xda,
    0xae, 0xff, 0xf2, 0x0, 0x3f, 0xff, 0x50, 0x0,
    0xa, 0xff, 0xc0, 0x9, 0xff, 0x80, 0x0, 0x0,
    0xd, 0xff, 0x20, 0xef, 0xf4, 0x22, 0x22, 0x22,
    0x9f, 0xf6, 0xf, 0xff, 0xff, 0xff, 0xff, 0xff,
    0xff, 0x80, 0xff, 0xff, 0xff, 0xff, 0xff, 0xff,
    0xf9, 0xd, 0xff, 0x30, 0x0, 0x0, 0x0, 0x0,
    0x0, 0x9f, 0xfb, 0x0, 0x0, 0x0, 0x0, 0x0,
    0x2, 0xff, 0xfa, 0x20, 0x0, 0x2c, 0xa0, 0x0,
    0x7, 0xff, 0xff, 0xdc, 0xdf, 0xff, 0x60, 0x0,
    0x6, 0xff, 0xff, 0xff, 0xff, 0xc1, 0x0, 0x0,
    0x1, 0x7c, 0xef, 0xeb, 0x50, 0x0,

    /* U+0208 "Ȉ" */
    0xd, 0xff, 0x23, 0xff, 0xc0, 0x0, 0x2f, 0xfb,
    0x7, 0xff, 0x60, 0x0, 0x6f, 0xf4, 0xb, 0xfe,
    0x0, 0x0, 0x78, 0x60, 0x18, 0x83, 0x0, 0x0,
    0x0, 0x0, 0x0, 0x0, 0x0, 0x0, 0xaf, 0xf9,
    0x0, 0x0, 0x0, 0xa, 0xff, 0x90, 0x0, 0x0,
    0x0, 0xaf, 0xf9, 0x0, 0x0, 0x0, 0xa, 0xff,
    0x90, 0x0, 0x0, 0x0, 0xaf, 0xf9, 0x0, 0x0,
    0x0, 0xa, 0xff, 0x90, 0x0, 0x0, 0x0, 0xaf,
    0xf9, 0x0, 0x0, 0x0, 0xa, 0xff, 0x90, 0x0,
    0x0, 0x0, 0xaf, 0xf9, 0x0, 0x0, 0x0, 0xa,
    0xff, 0x90, 0x0, 0x0, 0x0, 0xaf, 0xf9, 0x0,
    0x0, 0x0, 0xa, 0xff, 0x90, 0x0, 0x0, 0x0,
    0xaf, 0xf9, 0x0, 0x0, 0x0, 0xa, 0xff, 0x90,
    0x0, 0x0, 0x0, 0xaf, 0xf9, 0x0, 0x0, 0x0,
    0xa, 0xff, 0x90, 0x0, 0x0, 0x0, 0xaf, 0xf9,
    0x0, 0x0, 0x0, 0xa, 0xff, 0x90, 0x0,

    /* U+0209 "ȉ" */
    0x38, 0x85, 0x6, 0x88, 0x20, 0x0, 0xcf, 0xf1,
    0x3f, 0xfc, 0x0, 0x2, 0xff, 0xa0, 0x6f, 0xf5,
    0x0, 0x5, 0xff, 0x30, 0xaf, 0xe0, 0x0, 0x0,
    0x0, 0x0, 0x0, 0x0, 0x0, 0x0, 0x0, 0x0,
    0x0, 0x0, 0x0, 0xf, 0xff, 0x20, 0x0, 0x0,
    0x0, 0xff, 0xf2, 0x0, 0x0, 0x0, 0xf, 0xff,
    0x20, 0x0, 0x0, 0x0, 0xff, 0xf2, 0x0, 0x0,
    0x0, 0xf, 0xff, 0x20, 0x0, 0x0, 0x0, 0xff,
    0xf2, 0x0, 0x0, 0x0, 0xf, 0xff, 0x20, 0x0,
    0x0, 0x0, 0xff, 0xf2, 0x0, 0x0, 0x0, 0xf,
    0xff, 0x20, 0x0, 0x0, 0x0, 0xff, 0xf2, 0x0,
    0x0, 0x0, 0xf, 0xff, 0x20, 0x0, 0x0, 0x0,
    0xff, 0xf2, 0x0, 0x0, 0x0, 0xf, 0xff, 0x20,
    0x0, 0x0, 0x0, 0xff, 0xf2, 0x0,

    /* U+020A "Ȋ" */
    0x0, 0x5c, 0xee, 0xc4, 0x0, 0x8, 0xff, 0xdd,
    0xff, 0x70, 0x2f, 0xf4, 0x0, 0x4f, 0xf1, 0x29,
    0x70, 0x0, 0x8, 0x92, 0x0, 0x0, 0x0, 0x0,
    0x0, 0x0, 0xa, 0xff, 0x90, 0x0, 0x0, 0xa,
    0xff, 0x90, 0x0, 0x0, 0xa, 0xff, 0x90, 0x0,
    0x0, 0xa, 0xff, 0x90, 0x0, 0x0, 0xa, 0xff,
    0x90, 0x0, 0x0, 0xa, 0xff, 0x90, 0x0, 0x0,
    0xa, 0xff, 0x90, 0x0, 0x0, 0xa, 0xff, 0x90,
    0x0, 0x0, 0xa, 0xff, 0x90, 0x0, 0x0, 0xa,
    0xff, 0x90, 0x0, 0x0, 0xa, 0xff, 0x90, 0x0,
    0x0, 0xa, 0xff, 0x90, 0x0, 0x0, 0xa, 0xff,
    0x90, 0x0, 0x0, 0xa, 0xff, 0x90, 0x0, 0x0,
    0xa, 0xff, 0x90, 0x0, 0x0, 0xa, 0xff, 0x90,
    0x0, 0x0, 0xa, 0xff, 0x90, 0x0, 0x0, 0xa,
    0xff, 0x90, 0x0,

    /* U+020B "ȋ" */
    0x0, 0x29, 0xba, 0x40, 0x0, 0x3f, 0xff, 0xff,
    0x60, 0xc, 0xf7, 0x4, 0xff, 0x10, 0xfe, 0x0,
    0xa, 0xf4, 0x0, 0x0, 0x0, 0x0, 0x0, 0x0,
    0x0, 0x0, 0x0, 0x0, 0xf, 0xff, 0x20, 0x0,
    0x0, 0xff, 0xf2, 0x0, 0x0, 0xf, 0xff, 0x20,
    0x0, 0x0, 0xff, 0xf2, 0x0, 0x0, 0xf, 0xff,
    0x20, 0x0, 0x0, 0xff, 0xf2, 0x0, 0x0, 0xf,
    0xff, 0x20, 0x0, 0x0, 0xff, 0xf2, 0x0, 0x0,
    0xf, 0xff, 0x20, 0x0, 0x0, 0xff, 0xf2, 0x0,
    0x0, 0xf, 0xff, 0x20, 0x0, 0x0, 0xff, 0xf2,
    0x0, 0x0, 0xf, 0xff, 0x20, 0x0, 0x0, 0xff,
    0xf2, 0x0,

    /* U+020C "Ȍ" */
    0x0, 0x4, 0x88, 0x40, 0x78, 0x82, 0x0, 0x0,
    0x0, 0x0, 0x0, 0x1d, 0xfe, 0x14, 0xff, 0xa0,
    0x0, 0x0, 0x0, 0x0, 0x0, 0x3f, 0xf8, 0x7,
    0xff, 0x30, 0x0, 0x0, 0x0, 0x0, 0x0, 0x6f,
    0xf2, 0xb, 0xfc, 0x0, 0x0, 0x0, 0x0, 0x0,
    0x0, 0x0, 0x0, 0x0, 0x0, 0x0, 0x0, 0x0,
    0x0, 0x0, 0x0, 0x0, 0x0, 0x0, 0x0, 0x0,
    0x0, 0x0, 0x0, 0x2, 0x8c, 0xef, 0xec, 0x83,
    0x0, 0x0, 0x0, 0x0, 0x1a, 0xff, 0xff, 0xff,
    0xff, 0xfb, 0x10, 0x0, 0x0, 0x3e, 0xff, 0xff,
    0xff, 0xff, 0xff, 0xfe, 0x30, 0x0, 0x1e, 0xff,
    0xfb, 0x40, 0x0, 0x4a, 0xff, 0xfe, 0x20, 0xb,
    0xff, 0xf5, 0x0, 0x0, 0x0, 0x5, 0xff, 0xfb,
    0x3, 0xff, 0xf7, 0x0, 0x0, 0x0, 0x0, 0x6,
    0xff, 0xf4, 0x8f, 0xfd, 0x0, 0x0, 0x0, 0x0,
    0x0, 0xd, 0xff, 0x9c, 0xff, 0x90, 0x0, 0x0,
    0x0, 0x0, 0x0, 0x8f, 0xfc, 0xdf, 0xf6, 0x0,
    0x0, 0x0, 0x0, 0x0, 0x5, 0xff, 0xed, 0xff,
    0x60, 0x0, 0x0, 0x0, 0x0, 0x0, 0x6f, 0xfe,
    0xcf, 0xf9, 0x0, 0x0, 0x0, 0x0, 0x0, 0x8,
    0xff, 0xc8, 0xff, 0xe0, 0x0, 0x0, 0x0, 0x0,
    0x0, 0xdf, 0xf9, 0x3f, 0xff, 0x70, 0x0, 0x0,
    0x0, 0x0, 0x6f, 0xff, 0x40, 0xbf, 0xff, 0x50,
    0x0, 0x0, 0x0, 0x5f, 0xff, 0xc0, 0x1, 0xef,
    0xff, 0xb4, 0x0, 0x4, 0xaf, 0xff, 0xe2, 0x0,
    0x3, 0xef, 0xff, 0xff, 0xff, 0xff, 0xff, 0xe3,
    0x0, 0x0, 0x1, 0xaf, 0xff, 0xff, 0xff, 0xff,
    0xb1, 0x0, 0x0, 0x0, 0x0, 0x38, 0xce, 0xfe,
    0xc8, 0x30, 0x0, 0x0,

    /* U+020D "ȍ" */
    0x0, 0x88, 0x80, 0x28, 0x86, 0x0, 0x0, 0x0,
    0x0, 0x6f, 0xf7, 0xb, 0xff, 0x20, 0x0, 0x0,
    0x0, 0xa, 0xff, 0x11, 0xef, 0xb0, 0x0, 0x0,
    0x0, 0x0, 0xdf, 0x90, 0x3f, 0xf4, 0x0, 0x0,
    0x0, 0x0, 0x0, 0x0, 0x0, 0x0, 0x0, 0x0,
    0x0, 0x0, 0x0, 0x0, 0x0, 0x0, 0x0, 0x0,
    0x0, 0x0, 0x28, 0xde, 0xfd, 0x93, 0x0, 0x0,
    0x0, 0x7, 0xff, 0xff, 0xff, 0xff, 0x80, 0x0,
    0x0, 0x7f, 0xff, 0xfd, 0xcf, 0xff, 0xf9, 0x0,
    0x2, 0xff, 0xfa, 0x10, 0x1, 0x9f, 0xff, 0x40,
    0x9, 0xff, 0xc0, 0x0, 0x0, 0xa, 0xff, 0xb0,
    0xd, 0xff, 0x50, 0x0, 0x0, 0x3, 0xff, 0xf0,
    0xf, 0xff, 0x20, 0x0, 0x0, 0x0, 0xff, 0xf1,
    0xf, 0xff, 0x20, 0x0, 0x0, 0x0, 0xff, 0xf1,
    0xd, 0xff, 0x50, 0x0, 0x0, 0x3, 0xff, 0xf0,
    0x9, 0xff, 0xc0, 0x0, 0x0, 0xa, 0xff, 0xb0,
    0x2, 0xff, 0xfb, 0x10, 0x1, 0x9f, 0xff, 0x40,
    0x0, 0x6f, 0xff, 0xfd, 0xdf, 0xff, 0xf8, 0x0,
    0x0, 0x6, 0xff, 0xff, 0xff, 0xff, 0x80, 0x0,
    0x0, 0x0, 0x28, 0xdf, 0xfd, 0x92, 0x0, 0x0,

    /* U+020E "Ȏ" */
    0x0, 0x0, 0x0, 0x4, 0xab, 0xa5, 0x0, 0x0,
    0x0, 0x0, 0x0, 0x0, 0x9, 0xff, 0xff, 0xfa,
    0x0, 0x0, 0x0, 0x0, 0x0, 0x5, 0xff, 0x40,
    0x4e, 0xf5, 0x0, 0x0, 0x0, 0x0, 0x0, 0xaf,
    0x70, 0x0, 0x6f, 0xb0, 0x0, 0x0, 0x0, 0x0,
    0x5, 0x72, 0x0, 0x1, 0x76, 0x0, 0x0, 0x0,
    0x0, 0x0, 0x0, 0x0, 0x0, 0x0, 0x0, 0x0,
    0x0, 0x0, 0x0, 0x2, 0x8c, 0xef, 0xec, 0x83,
    0x0, 0x0, 0x0, 0x0, 0x1a, 0xff, 0xff, 0xff,
    0xff, 0xfb, 0x10, 0x0, 0x0, 0x3e, 0xff, 0xff,
    0xff, 0xff, 0xff, 0xfe, 0x30, 0x0, 0x1e, 0xff,
    0xfb, 0x40, 0x0, 0x4a, 0xff, 0xfe, 0x20, 0xb,
    0xff, 0xf5, 0x0, 0x0, 0x0, 0x5, 0xff, 0xfb,
    0x3, 0xff, 0xf7, 0x0, 0x0, 0x0, 0x0, 0x6,
    0xff, 0xf4, 0x8f, 0xfd, 0x0, 0x0, 0x0, 0x0,
    0x0, 0xd, 0xff, 0x9c, 0xff, 0x90, 0x0, 0x0,
    0x0, 0x0, 0x0, 0x8f, 0xfc, 0xdf, 0xf6, 0x0,
    0x0, 0x0, 0x0, 0x0, 0x5, 0xff, 0xed, 0xff,
    0x60, 0x0, 0x0, 0x0, 0x0, 0x0, 0x6f, 0xfe,
    0xcf, 0xf9, 0x0, 0x0, 0x0, 0x0, 0x0, 0x8,
    0xff, 0xc8, 0xff, 0xe0, 0x0, 0x0, 0x0, 0x0,
    0x0, 0xdf, 0xf9, 0x3f, 0xff, 0x70, 0x0, 0x0,
    0x0, 0x0, 0x6f, 0xff, 0x40, 0xbf, 0xff, 0x50,
    0x0, 0x0, 0x0, 0x5f, 0xff, 0xc0, 0x1, 0xef,
    0xff, 0xb4, 0x0, 0x4, 0xaf, 0xff, 0xe2, 0x0,
    0x3, 0xef, 0xff, 0xff, 0xff, 0xff, 0xff, 0xe3,
    0x0, 0x0, 0x1, 0xaf, 0xff, 0xff, 0xff, 0xff,
    0xb1, 0x0, 0x0, 0x0, 0x0, 0x38, 0xce, 0xfe,
    0xc8, 0x30, 0x0, 0x0,

    /* U+020F "ȏ" */
    0x0, 0x0, 0x1, 0x8b, 0xb8, 0x20, 0x0, 0x0,
    0x0, 0x0, 0x3f, 0xff, 0xff, 0xf4, 0x0, 0x0,
    0x0, 0x0, 0xef, 0x91, 0x19, 0xfe, 0x0, 0x0,
    0x0, 0x3, 0xfe, 0x0, 0x0, 0xdf, 0x40, 0x0,
    0x0, 0x0, 0x21, 0x0, 0x0, 0x12, 0x0, 0x0,
    0x0, 0x0, 0x0, 0x0, 0x0, 0x0, 0x0, 0x0,
    0x0, 0x0, 0x28, 0xde, 0xfd, 0x93, 0x0, 0x0,
    0x0, 0x7, 0xff, 0xff, 0xff, 0xff, 0x80, 0x0,
    0x0, 0x7f, 0xff, 0xfd, 0xcf, 0xff, 0xf9, 0x0,
    0x2, 0xff, 0xfa, 0x10, 0x1, 0x9f, 0xff, 0x40,
    0x9, 0xff, 0xc0, 0x0, 0x0, 0xa, 0xff, 0xb0,
    0xd, 0xff, 0x50, 0x0, 0x0, 0x3, 0xff, 0xf0,
    0xf, 0xff, 0x20, 0x0, 0x0, 0x0, 0xff, 0xf1,
    0xf, 0xff, 0x20, 0x0, 0x0, 0x0, 0xff, 0xf1,
    0xd, 0xff, 0x50, 0x0, 0x0, 0x3, 0xff, 0xf0,
    0x9, 0xff, 0xc0, 0x0, 0x0, 0xa, 0xff, 0xb0,
    0x2, 0xff, 0xfb, 0x10, 0x1, 0x9f, 0xff, 0x40,
    0x0, 0x6f, 0xff, 0xfd, 0xdf, 0xff, 0xf8, 0x0,
    0x0, 0x6, 0xff, 0xff, 0xff, 0xff, 0x80, 0x0,
    0x0, 0x0, 0x28, 0xdf, 0xfd, 0x92, 0x0, 0x0,

    /* U+0210 "Ȑ" */
    0xb, 0xff, 0x51, 0xef, 0xe1, 0x0, 0x0, 0x0,
    0x1, 0xef, 0xd0, 0x4f, 0xf9, 0x0, 0x0, 0x0,
    0x0, 0x3f, 0xf7, 0x8, 0xff, 0x20, 0x0, 0x0,
    0x0, 0x5, 0x87, 0x0, 0x78, 0x50, 0x0, 0x0,
    0x0, 0x0, 0x0, 0x0, 0x0, 0x0, 0x0, 0x0,
    0xaf, 0xff, 0xff, 0xff, 0xed, 0x93, 0x0, 0x0,
    0xaf, 0xff, 0xff, 0xff, 0xff, 0xff, 0xa0, 0x0,
    0xaf, 0xff, 0xdd, 0xdd, 0xef, 0xff, 0xfb, 0x0,
    0xaf, 0xf9, 0x0, 0x0, 0x2, 0xbf, 0xff, 0x50,
    0xaf, 0xf9, 0x0, 0x0, 0x0, 0xc, 0xff, 0xb0,
    0xaf, 0xf9, 0x0, 0x0, 0x0, 0x6, 0xff, 0xe0,
    0xaf, 0xf9, 0x0, 0x0, 0x0, 0x4, 0xff, 0xf0,
    0xaf, 0xf9, 0x0, 0x0, 0x0, 0x7, 0xff, 0xd0,
    0xaf, 0xf9, 0x0, 0x0, 0x0, 0xd, 0xff, 0xa0,
    0xaf, 0xf9, 0x0, 0x0, 0x15, 0xdf, 0xff, 0x30,
    0xaf, 0xff, 0xff, 0xff, 0xff, 0xff, 0xf8, 0x0,
    0xaf, 0xff, 0xff, 0xff, 0xff, 0xff, 0x60, 0x0,
    0xaf, 0xff, 0xcc, 0xcd, 0xff, 0xf9, 0x0, 0x0,
    0xaf, 0xf9, 0x0, 0x0, 0x4f, 0xff, 0x30, 0x0,
    0xaf, 0xf9, 0x0, 0x0, 0x9, 0xff, 0xd0, 0x0,
    0xaf, 0xf9, 0x0, 0x0, 0x0, 0xdf, 0xf9, 0x0,
    0xaf, 0xf9, 0x0, 0x0, 0x0, 0x3f, 0xff, 0x40,
    0xaf, 0xf9, 0x0, 0x0, 0x0, 0x8, 0xff, 0xe1,

    /* U+0211 "ȑ" */
    0x18, 0x88, 0x4, 0x88, 0x50, 0x0, 0x8f, 0xf5,
    0xd, 0xff, 0x10, 0x0, 0xcf, 0xe0, 0x2f, 0xf9,
    0x0, 0x1, 0xef, 0x70, 0x5f, 0xf3, 0x0, 0x0,
    0x0, 0x0, 0x0, 0x0, 0x0, 0x0, 0x0, 0x0,
    0x0, 0x0, 0xf, 0xff, 0x3, 0xad, 0xc0, 0x0,
    0xff, 0xf7, 0xff, 0xfc, 0x0, 0xf, 0xff, 0xff,
    0xfe, 0xa0, 0x0, 0xff, 0xff, 0xb2, 0x0, 0x0,
    0xf, 0xff, 0xc0, 0x0, 0x0, 0x0, 0xff, 0xf6,
    0x0, 0x0, 0x0, 0xf, 0xff, 0x30, 0x0, 0x0,
    0x0, 0xff, 0xf2, 0x0, 0x0, 0x0, 0xf, 0xff,
    0x20, 0x0, 0x0, 0x0, 0xff, 0xf2, 0x0, 0x0,
    0x0, 0xf, 0xff, 0x20, 0x0, 0x0, 0x0, 0xff,
    0xf2, 0x0, 0x0, 0x0, 0xf, 0xff, 0x20, 0x0,
    0x0, 0x0, 0xff, 0xf2, 0x0, 0x0,

    /* U+0212 "Ȓ" */
    0x0, 0x0, 0x3b, 0xef, 0xc6, 0x0, 0x0, 0x0,
    0x0, 0x5, 0xff, 0xed, 0xff, 0xb0, 0x0, 0x0,
    0x0, 0xe, 0xf7, 0x0, 0x2e, 0xf4, 0x0, 0x0,
    0x0, 0x19, 0x90, 0x0, 0x6, 0x94, 0x0, 0x0,
    0x0, 0x0, 0x0, 0x0, 0x0, 0x0, 0x0, 0x0,
    0xaf, 0xff, 0xff, 0xff, 0xed, 0x93, 0x0, 0x0,
    0xaf, 0xff, 0xff, 0xff, 0xff, 0xff, 0xa0, 0x0,
    0xaf, 0xff, 0xdd, 0xdd, 0xef, 0xff, 0xfb, 0x0,
    0xaf, 0xf9, 0x0, 0x0, 0x2, 0xbf, 0xff, 0x50,
    0xaf, 0xf9, 0x0, 0x0, 0x0, 0xc, 0xff, 0xb0,
    0xaf, 0xf9, 0x0, 0x0, 0x0, 0x6, 0xff, 0xe0,
    0xaf, 0xf9, 0x0, 0x0, 0x0, 0x4, 0xff, 0xf0,
    0xaf, 0xf9, 0x0, 0x0, 0x0, 0x7, 0xff, 0xd0,
    0xaf, 0xf9, 0x0, 0x0, 0x0, 0xd, 0xff, 0xa0,
    0xaf, 0xf9, 0x0, 0x0, 0x15, 0xdf, 0xff, 0x30,
    0xaf, 0xff, 0xff, 0xff, 0xff, 0xff, 0xf8, 0x0,
    0xaf, 0xff, 0xff, 0xff, 0xff, 0xff, 0x60, 0x0,
    0xaf, 0xff, 0xcc, 0xcd, 0xff, 0xf9, 0x0, 0x0,
    0xaf, 0xf9, 0x0, 0x0, 0x4f, 0xff, 0x30, 0x0,
    0xaf, 0xf9, 0x0, 0x0, 0x9, 0xff, 0xd0, 0x0,
    0xaf, 0xf9, 0x0, 0x0, 0x0, 0xdf, 0xf9, 0x0,
    0xaf, 0xf9, 0x0, 0x0, 0x0, 0x3f, 0xff, 0x40,
    0xaf, 0xf9, 0x0, 0x0, 0x0, 0x8, 0xff, 0xe1,

    /* U+0213 "ȓ" */
    0x0, 0x29, 0xbb, 0x81, 0x0, 0x5, 0xff, 0xff,
    0xfe, 0x30, 0x1f, 0xf7, 0x11, 0xaf, 0xd0, 0x5f,
    0xc0, 0x0, 0xf, 0xf2, 0x0, 0x0, 0x0, 0x0,
    0x0, 0x0, 0x0, 0x0, 0x0, 0x0, 0xf, 0xff,
    0x3, 0xad, 0xc0, 0xf, 0xff, 0x7f, 0xff, 0xc0,
    0xf, 0xff, 0xff, 0xfe, 0xa0, 0xf, 0xff, 0xfb,
    0x20, 0x0, 0xf, 0xff, 0xc0, 0x0, 0x0, 0xf,
    0xff, 0x60, 0x0, 0x0, 0xf, 0xff, 0x30, 0x0,
    0x0, 0xf, 0xff, 0x20, 0x0, 0x0, 0xf, 0xff,
    0x20, 0x0, 0x0, 0xf, 0xff, 0x20, 0x0, 0x0,
    0xf, 0xff, 0x20, 0x0, 0x0, 0xf, 0xff, 0x20,
    0x0, 0x0, 0xf, 0xff, 0x20, 0x0, 0x0, 0xf,
    0xff, 0x20, 0x0, 0x0,

    /* U+0214 "Ȕ" */
    0x1, 0x88, 0x80, 0x48, 0x85, 0x0, 0x0, 0x0,
    0x0, 0x8f, 0xf5, 0xd, 0xff, 0x10, 0x0, 0x0,
    0x0, 0xc, 0xfe, 0x2, 0xff, 0x90, 0x0, 0x0,
    0x0, 0x1, 0xef, 0x70, 0x5f, 0xf3, 0x0, 0x0,
    0x0, 0x0, 0x0, 0x0, 0x0, 0x0, 0x0, 0x0,
    0x0, 0x0, 0x0, 0x0, 0x0, 0x0, 0x0, 0x0,
    0xcf, 0xf7, 0x0, 0x0, 0x0, 0x0, 0xaf, 0xf8,
    0xcf, 0xf7, 0x0, 0x0, 0x0, 0x0, 0xaf, 0xf8,
    0xcf, 0xf7, 0x0, 0x0, 0x0, 0x0, 0xaf, 0xf8,
    0xcf, 0xf7, 0x0, 0x0, 0x0, 0x0, 0xaf, 0xf8,
    0xcf, 0xf7, 0x0, 0x0, 0x0, 0x0, 0xaf, 0xf8,
    0xcf, 0xf7, 0x0, 0x0, 0x0, 0x0, 0xaf, 0xf8,
    0xcf, 0xf7, 0x0, 0x0, 0x0, 0x0, 0xaf, 0xf8,
    0xcf, 0xf7, 0x0, 0x0, 0x0, 0x0, 0xaf, 0xf8,
    0xcf, 0xf7, 0x0, 0x0, 0x0, 0x0, 0xaf, 0xf8,
    0xcf, 0xf7, 0x0, 0x0, 0x0, 0x0, 0xaf, 0xf8,
    0xcf, 0xf7, 0x0, 0x0, 0x0, 0x0, 0xbf, 0xf7,
    0xbf, 0xf9, 0x0, 0x0, 0x0, 0x0, 0xdf, 0xf6,
    0x8f, 0xfd, 0x0, 0x0, 0x0, 0x1, 0xff, 0xf3,
    0x3f, 0xff, 0x60, 0x0, 0x0, 0xa, 0xff, 0xe0,
    0xc, 0xff, 0xf8, 0x20, 0x3, 0xaf, 0xff, 0x80,
    0x2, 0xff, 0xff, 0xff, 0xff, 0xff, 0xfc, 0x0,
    0x0, 0x3e, 0xff, 0xff, 0xff, 0xff, 0xb1, 0x0,
    0x0, 0x0, 0x6b, 0xef, 0xfd, 0xa4, 0x0, 0x0,

    /* U+0215 "ȕ" */
    0x5, 0x88, 0x40, 0x78, 0x81, 0x0, 0x0, 0x1,
    0xef, 0xe0, 0x5f, 0xf9, 0x0, 0x0, 0x0, 0x4f,
    0xf7, 0x9, 0xff, 0x20, 0x0, 0x0, 0x8, 0xff,
    0x10, 0xcf, 0xb0, 0x0, 0x0, 0x0, 0x0, 0x0,
    0x0, 0x0, 0x0, 0x0, 0x0, 0x0, 0x0, 0x0,
    0x0, 0x0, 0xf, 0xff, 0x10, 0x0, 0x0, 0x2f,
    0xff, 0xf, 0xff, 0x10, 0x0, 0x0, 0x2f, 0xff,
    0xf, 0xff, 0x10, 0x0, 0x0, 0x2f, 0xff, 0xf,
    0xff, 0x10, 0x0, 0x0, 0x2f, 0xff, 0xf, 0xff,
    0x10, 0x0, 0x0, 0x2f, 0xff, 0xf, 0xff, 0x10,
    0x0, 0x0, 0x2f, 0xff, 0xf, 0xff, 0x10, 0x0,
    0x0, 0x2f, 0xff, 0xf, 0xff, 0x10, 0x0, 0x0,
    0x3f, 0xff, 0xf, 0xff, 0x30, 0x0, 0x0, 0x5f,
    0xff, 0xe, 0xff, 0x80, 0x0, 0x0, 0xcf, 0xff,
    0x9, 0xff, 0xf5, 0x0, 0x1a, 0xff, 0xff, 0x3,
    0xff, 0xff, 0xfe, 0xff, 0xff, 0xff, 0x0, 0x6f,
    0xff, 0xff, 0xff, 0x8f, 0xff, 0x0, 0x3, 0xae,
    0xfe, 0xb4, 0xf, 0xff,

    /* U+0216 "Ȗ" */
    0x0, 0x0, 0x2, 0x8b, 0xb7, 0x10, 0x0, 0x0,
    0x0, 0x0, 0x4f, 0xff, 0xff, 0xe2, 0x0, 0x0,
    0x0, 0x0, 0xef, 0x81, 0x1b, 0xfc, 0x0, 0x0,
    0x0, 0x4, 0xfc, 0x0, 0x0, 0xff, 0x10, 0x0,
    0x0, 0x1, 0x42, 0x0, 0x0, 0x34, 0x0, 0x0,
    0x0, 0x0, 0x0, 0x0, 0x0, 0x0, 0x0, 0x0,
    0xcf, 0xf7, 0x0, 0x0, 0x0, 0x0, 0xaf, 0xf8,
    0xcf, 0xf7, 0x0, 0x0, 0x0, 0x0, 0xaf, 0xf8,
    0xcf, 0xf7, 0x0, 0x0, 0x0, 0x0, 0xaf, 0xf8,
    0xcf, 0xf7, 0x0, 0x0, 0x0, 0x0, 0xaf, 0xf8,
    0xcf, 0xf7, 0x0, 0x0, 0x0, 0x0, 0xaf, 0xf8,
    0xcf, 0xf7, 0x0, 0x0, 0x0, 0x0, 0xaf, 0xf8,
    0xcf, 0xf7, 0x0, 0x0, 0x0, 0x0, 0xaf, 0xf8,
    0xcf, 0xf7, 0x0, 0x0, 0x0, 0x0, 0xaf, 0xf8,
    0xcf, 0xf7, 0x0, 0x0, 0x0, 0x0, 0xaf, 0xf8,
    0xcf, 0xf7, 0x0, 0x0, 0x0, 0x0, 0xaf, 0xf8,
    0xcf, 0xf7, 0x0, 0x0, 0x0, 0x0, 0xbf, 0xf7,
    0xbf, 0xf9, 0x0, 0x0, 0x0, 0x0, 0xdf, 0xf6,
    0x8f, 0xfd, 0x0, 0x0, 0x0, 0x1, 0xff, 0xf3,
    0x3f, 0xff, 0x60, 0x0, 0x0, 0xa, 0xff, 0xe0,
    0xc, 0xff, 0xf8, 0x20, 0x3, 0xaf, 0xff, 0x80,
    0x2, 0xff, 0xff, 0xff, 0xff, 0xff, 0xfc, 0x0,
    0x0, 0x3e, 0xff, 0xff, 0xff, 0xff, 0xb1, 0x0,
    0x0, 0x0, 0x6b, 0xef, 0xfd, 0xa4, 0x0, 0x0,

    /* U+0217 "ȗ" */
    0x0, 0x0, 0x6, 0xab, 0xa5, 0x0, 0x0, 0x0,
    0x0, 0xcf, 0xff, 0xff, 0xa0, 0x0, 0x0, 0x7,
    0xfd, 0x30, 0x4e, 0xf6, 0x0, 0x0, 0xc, 0xf4,
    0x0, 0x6, 0xfb, 0x0, 0x0, 0x0, 0x0, 0x0,
    0x0, 0x0, 0x0, 0x0, 0x0, 0x0, 0x0, 0x0,
    0x0, 0x0, 0xf, 0xff, 0x10, 0x0, 0x0, 0x2f,
    0xff, 0xf, 0xff, 0x10, 0x0, 0x0, 0x2f, 0xff,
    0xf, 0xff, 0x10, 0x0, 0x0, 0x2f, 0xff, 0xf,
    0xff, 0x10, 0x0, 0x0, 0x2f, 0xff, 0xf, 0xff,
    0x10, 0x0, 0x0, 0x2f, 0xff, 0xf, 0xff, 0x10,
    0x0, 0x0, 0x2f, 0xff, 0xf, 0xff, 0x10, 0x0,
    0x0, 0x2f, 0xff, 0xf, 0xff, 0x10, 0x0, 0x0,
    0x3f, 0xff, 0xf, 0xff, 0x30, 0x0, 0x0, 0x5f,
    0xff, 0xe, 0xff, 0x80, 0x0, 0x0, 0xcf, 0xff,
    0x9, 0xff, 0xf5, 0x0, 0x1a, 0xff, 0xff, 0x3,
    0xff, 0xff, 0xfe, 0xff, 0xff, 0xff, 0x0, 0x6f,
    0xff, 0xff, 0xff, 0x8f, 0xff, 0x0, 0x3, 0xae,
    0xfe, 0xb4, 0xf, 0xff,

    /* U+0218 "Ș" */
    0x0, 0x0, 0x5a, 0xde, 0xfe, 0xc8, 0x30, 0x0,
    0x1, 0xcf, 0xff, 0xff, 0xff, 0xff, 0xb0, 0x0,
    0xdf, 0xff, 0xfd, 0xde, 0xff, 0xfc, 0x0, 0x6f,
    0xff, 0x70, 0x0, 0x1, 0x6d, 0x50, 0xa, 0xff,
    0x90, 0x0, 0x0, 0x0, 0x0, 0x0, 0xbf, 0xf8,
    0x0, 0x0, 0x0, 0x0, 0x0, 0x8, 0xff, 0xf4,
    0x0, 0x0, 0x0, 0x0, 0x0, 0x2f, 0xff, 0xfd,
    0x84, 0x0, 0x0, 0x0, 0x0, 0x4e, 0xff, 0xff,
    0xff, 0xc6, 0x0, 0x0, 0x0, 0x6, 0xcf, 0xff,
    0xff, 0xfe, 0x40, 0x0, 0x0, 0x0, 0x15, 0x9e,
    0xff, 0xff, 0x30, 0x0, 0x0, 0x0, 0x0, 0x4,
    0xef, 0xfa, 0x0, 0x0, 0x0, 0x0, 0x0, 0x7,
    0xff, 0xc0, 0x16, 0x0, 0x0, 0x0, 0x0, 0x7f,
    0xfb, 0x8, 0xfd, 0x61, 0x0, 0x0, 0x5f, 0xff,
    0x70, 0xef, 0xff, 0xfe, 0xdd, 0xff, 0xff, 0xe1,
    0x3, 0xdf, 0xff, 0xff, 0xff, 0xff, 0xd2, 0x0,
    0x0, 0x38, 0xce, 0xff, 0xda, 0x50, 0x0, 0x0,
    0x0, 0x0, 0x0, 0x0, 0x0, 0x0, 0x0, 0x0,
    0x0, 0x0, 0x0, 0x0, 0x0, 0x0, 0x0, 0x0,
    0x0, 0x9, 0xa1, 0x0, 0x0, 0x0, 0x0, 0x0,
    0x5, 0xff, 0x80, 0x0, 0x0, 0x0, 0x0, 0x0,
    0x2f, 0xf6, 0x0, 0x0, 0x0, 0x0, 0x0, 0x0,
    0xbf, 0x10, 0x0, 0x0, 0x0, 0x0, 0x0, 0xf,
    0x90, 0x0, 0x0, 0x0,

    /* U+0219 "ș" */
    0x0, 0x5, 0xbe, 0xff, 0xda, 0x60, 0x0, 0xc,
    0xff, 0xff, 0xff, 0xff, 0x90, 0x9, 0xff, 0xfc,
    0xab, 0xdf, 0xf2, 0x0, 0xff, 0xf4, 0x0, 0x0,
    0x16, 0x0, 0xf, 0xff, 0x10, 0x0, 0x0, 0x0,
    0x0, 0xdf, 0xfd, 0x74, 0x10, 0x0, 0x0, 0x5,
    0xff, 0xff, 0xff, 0xe9, 0x30, 0x0, 0x3, 0xaf,
    0xff, 0xff, 0xff, 0x60, 0x0, 0x0, 0x2, 0x58,
    0xdf, 0xff, 0x0, 0x0, 0x0, 0x0, 0x0, 0xef,
    0xf2, 0x8, 0x92, 0x0, 0x0, 0x2f, 0xff, 0x11,
    0xff, 0xfe, 0xba, 0xcf, 0xff, 0xc0, 0x3e, 0xff,
    0xff, 0xff, 0xff, 0xd1, 0x0, 0x6, 0xad, 0xff,
    0xeb, 0x60, 0x0, 0x0, 0x0, 0x0, 0x0, 0x0,
    0x0, 0x0, 0x0, 0x0, 0x0, 0x0, 0x0, 0x0,
    0x0, 0x0, 0x7, 0xb4, 0x0, 0x0, 0x0, 0x0,
    0x1, 0xff, 0xc0, 0x0, 0x0, 0x0, 0x0, 0xe,
    0xfa, 0x0, 0x0, 0x0, 0x0, 0x0, 0x7f, 0x40,
    0x0, 0x0, 0x0, 0x0, 0xb, 0xd0, 0x0, 0x0,
    0x0,

    /* U+021A "Ț" */
    0xef, 0xff, 0xff, 0xff, 0xff, 0xff, 0xff, 0xfe,
    0xff, 0xff, 0xff, 0xff, 0xff, 0xff, 0xff, 0xcd,
    0xdd, 0xdd, 0xff, 0xfd, 0xdd, 0xdd, 0xc0, 0x0,
    0x0, 0x1f, 0xff, 0x20, 0x0, 0x0, 0x0, 0x0,
    0x1, 0xff, 0xf2, 0x0, 0x0, 0x0, 0x0, 0x0,
    0x1f, 0xff, 0x20, 0x0, 0x0, 0x0, 0x0, 0x1,
    0xff, 0xf2, 0x0, 0x0, 0x0, 0x0, 0x0, 0x1f,
    0xff, 0x20, 0x0, 0x0, 0x0, 0x0, 0x1, 0xff,
    0xf2, 0x0, 0x0, 0x0, 0x0, 0x0, 0x1f, 0xff,
    0x20, 0x0, 0x0, 0x0, 0x0, 0x1, 0xff, 0xf2,
    0x0, 0x0, 0x0, 0x0, 0x0, 0x1f, 0xff, 0x20,
    0x0, 0x0, 0x0, 0x0, 0x1, 0xff, 0xf2, 0x0,
    0x0, 0x0, 0x0, 0x0, 0x1f, 0xff, 0x20, 0x0,
    0x0, 0x0, 0x0, 0x1, 0xff, 0xf2, 0x0, 0x0,
    0x0, 0x0, 0x0, 0x1f, 0xff, 0x20, 0x0, 0x0,
    0x0, 0x0, 0x1, 0xff, 0xf2, 0x0, 0x0, 0x0,
    0x0, 0x0, 0x1f, 0xff, 0x20, 0x0, 0x0, 0x0,
    0x0, 0x0, 0x0, 0x0, 0x0, 0x0, 0x0, 0x0,
    0x0, 0x0, 0x0, 0x0, 0x0, 0x0, 0x0, 0x0,
    0x0, 0x5b, 0x50, 0x0, 0x0, 0x0, 0x0, 0x0,
    0xe, 0xff, 0x0, 0x0, 0x0, 0x0, 0x0, 0x0,
    0x9f, 0xd0, 0x0, 0x0, 0x0, 0x0, 0x0, 0x4,
    0xf7, 0x0, 0x0, 0x0, 0x0, 0x0, 0x0, 0x8f,
    0x10, 0x0, 0x0, 0x0,

    /* U+021B "ț" */
    0x0, 0x48, 0x84, 0x0, 0x0, 0x0, 0x8, 0xff,
    0x90, 0x0, 0x0, 0x0, 0x8f, 0xf9, 0x0, 0x0,
    0xb, 0xff, 0xff, 0xff, 0xff, 0x20, 0xbf, 0xff,
    0xff, 0xff, 0xf2, 0x6, 0x9f, 0xff, 0xf9, 0x99,
    0x10, 0x0, 0x8f, 0xf9, 0x0, 0x0, 0x0, 0x8,
    0xff, 0x90, 0x0, 0x0, 0x0, 0x8f, 0xf9, 0x0,
    0x0, 0x0, 0x8, 0xff, 0x90, 0x0, 0x0, 0x0,
    0x8f, 0xf9, 0x0, 0x0, 0x0, 0x8, 0xff, 0x90,
    0x0, 0x0, 0x0, 0x8f, 0xfa, 0x0, 0x0, 0x0,
    0x7, 0xff, 0xe0, 0x0, 0x0, 0x0, 0x2f, 0xff,
    0xeb, 0xe7, 0x0, 0x0, 0x9f, 0xff, 0xff, 0xd0,
    0x0, 0x0, 0x6c, 0xff, 0xc6, 0x0, 0x0, 0x0,
    0x0, 0x0, 0x0, 0x0, 0x0, 0x0, 0x0, 0x0,
    0x0, 0x0, 0x0, 0x6b, 0x40, 0x0, 0x0, 0x0,
    0xf, 0xfd, 0x0, 0x0, 0x0, 0x0, 0xcf, 0xc0,
    0x0, 0x0, 0x0, 0x6, 0xf6, 0x0, 0x0, 0x0,
    0x0, 0xae, 0x0, 0x0,

    /* U+021C "Ȝ" */
    0x0, 0x0, 0x38, 0xce, 0xff, 0xd9, 0x20, 0x0,
    0x0, 0x6e, 0xff, 0xff, 0xff, 0xff, 0xf5, 0x0,
    0xe, 0xff, 0xff, 0xfe, 0xdf, 0xff, 0xff, 0x20,
    0xc, 0xff, 0xc6, 0x20, 0x0, 0x7f, 0xff, 0x80,
    0x5, 0xa2, 0x0, 0x0, 0x0, 0xb, 0xff, 0xa0,
    0x0, 0x0, 0x0, 0x0, 0x0, 0xa, 0xff, 0x80,
    0x0, 0x0, 0x0, 0x0, 0x0, 0x2f, 0xff, 0x20,
    0x0, 0x0, 0x0, 0x0, 0x6, 0xef, 0xf6, 0x0,
    0x0, 0x0, 0x2, 0x6a, 0xff, 0xfe, 0x40, 0x0,
    0x0, 0x0, 0x8f, 0xff, 0xff, 0xff, 0xd6, 0x0,
    0x0, 0x0, 0x8f, 0xff, 0xfd, 0xff, 0xff, 0x80,
    0x0, 0x0, 0x5a, 0x62, 0x0, 0x9, 0xff, 0xf1,
    0x0, 0x0, 0x0, 0x0, 0x0, 0x0, 0xff, 0xf5,
    0x0, 0x0, 0x0, 0x0, 0x0, 0x0, 0xff, 0xf6,
    0x0, 0x0, 0x0, 0x0, 0x0, 0x7, 0xff, 0xf3,
    0x0, 0x0, 0x0, 0x0, 0x0, 0x7f, 0xff, 0xc0,
    0x0, 0x0, 0x0, 0x0, 0x5d, 0xff, 0xfe, 0x20,
    0x0, 0x0, 0x37, 0xbf, 0xff, 0xff, 0xd2, 0x0,
    0x3b, 0xdf, 0xff, 0xff, 0xff, 0xe7, 0x0, 0x0,
    0x4f, 0xff, 0xff, 0xff, 0xc6, 0x0, 0x0, 0x0,
    0x3f, 0xfe, 0xb8, 0x51, 0x0, 0x0, 0x0, 0x0,
    0x2, 0x0, 0x0, 0x0, 0x0, 0x0, 0x0, 0x0,

    /* U+021D "ȝ" */
    0x0, 0x5, 0xad, 0xff, 0xc7, 0x0, 0x0, 0x8f,
    0xff, 0xff, 0xff, 0xfc, 0x0, 0x6f, 0xff, 0xfc,
    0xbd, 0xff, 0xf7, 0x0, 0xfe, 0x71, 0x0, 0xb,
    0xff, 0xb0, 0x3, 0x0, 0x0, 0x0, 0x6f, 0xfc,
    0x0, 0x0, 0x0, 0x0, 0x8, 0xff, 0x80, 0x0,
    0x0, 0x0, 0x4, 0xff, 0xe1, 0x0, 0x0, 0x2,
    0x6c, 0xff, 0xb1, 0x0, 0x0, 0xb, 0xff, 0xff,
    0xfe, 0x70, 0x0, 0x0, 0xbf, 0xff, 0xef, 0xff,
    0x90, 0x0, 0x6, 0x73, 0x0, 0x6f, 0xff, 0x10,
    0x0, 0x0, 0x0, 0x0, 0xef, 0xf4, 0x0, 0x0,
    0x0, 0x0, 0xe, 0xff, 0x40, 0x0, 0x0, 0x0,
    0x6, 0xff, 0xf1, 0x0, 0x0, 0x0, 0x19, 0xff,
    0xf9, 0x0, 0x0, 0x15, 0xaf, 0xff, 0xfb, 0x0,
    0x4a, 0xdf, 0xff, 0xff, 0xf7, 0x0, 0x9, 0xff,
    0xff, 0xfd, 0x71, 0x0, 0x0, 0x7f, 0xca, 0x61,
    0x0, 0x0, 0x0, 0x0, 0x0, 0x0, 0x0, 0x0,
    0x0, 0x0,

    /* U+021E "Ȟ" */
    0x0, 0x3, 0xff, 0x70, 0x4, 0xff, 0x60, 0x0,
    0x0, 0x0, 0x4f, 0xf9, 0x6f, 0xf7, 0x0, 0x0,
    0x0, 0x0, 0x4, 0xff, 0xff, 0x80, 0x0, 0x0,
    0x0, 0x0, 0x0, 0x48, 0x86, 0x0, 0x0, 0x0,
    0x0, 0x0, 0x0, 0x0, 0x0, 0x0, 0x0, 0x0,
    0xaf, 0xf9, 0x0, 0x0, 0x0, 0x0, 0x5f, 0xfe,
    0xaf, 0xf9, 0x0, 0x0, 0x0, 0x0, 0x5f, 0xfe,
    0xaf, 0xf9, 0x0, 0x0, 0x0, 0x0, 0x5f, 0xfe,
    0xaf, 0xf9, 0x0, 0x0, 0x0, 0x0, 0x5f, 0xfe,
    0xaf, 0xf9, 0x0, 0x0, 0x0, 0x0, 0x5f, 0xfe,
    0xaf, 0xf9, 0x0, 0x0, 0x0, 0x0, 0x5f, 0xfe,
    0xaf, 0xf9, 0x0, 0x0, 0x0, 0x0, 0x5f, 0xfe,
    0xaf, 0xff, 0xee, 0xee, 0xee, 0xee, 0xff, 0xfe,
    0xaf, 0xff, 0xff, 0xff, 0xff, 0xff, 0xff, 0xfe,
    0xaf, 0xff, 0xff, 0xff, 0xff, 0xff, 0xff, 0xfe,
    0xaf, 0xf9, 0x0, 0x0, 0x0, 0x0, 0x5f, 0xfe,
    0xaf, 0xf9, 0x0, 0x0, 0x0, 0x0, 0x5f, 0xfe,
    0xaf, 0xf9, 0x0, 0x0, 0x0, 0x0, 0x5f, 0xfe,
    0xaf, 0xf9, 0x0, 0x0, 0x0, 0x0, 0x5f, 0xfe,
    0xaf, 0xf9, 0x0, 0x0, 0x0, 0x0, 0x5f, 0xfe,
    0xaf, 0xf9, 0x0, 0x0, 0x0, 0x0, 0x5f, 0xfe,
    0xaf, 0xf9, 0x0, 0x0, 0x0, 0x0, 0x5f, 0xfe,
    0xaf, 0xf9, 0x0, 0x0, 0x0, 0x0, 0x5f, 0xfe,

    /* U+021F "ȟ" */
    0x7, 0x85, 0x0, 0x3, 0x87, 0x10, 0x0, 0x0,
    0x0, 0x3, 0xff, 0x80, 0x5f, 0xf7, 0x0, 0x0,
    0x0, 0x0, 0x0, 0x4f, 0xff, 0xff, 0x70, 0x0,
    0x0, 0x0, 0x0, 0x0, 0x4, 0xff, 0xf8, 0x0,
    0x0, 0x0, 0x0, 0x0, 0x0, 0x0, 0x0, 0x0,
    0x0, 0x0, 0x0, 0x0, 0x0, 0x0, 0x0, 0x33,
    0x30, 0x0, 0x0, 0x0, 0x0, 0x0, 0x0, 0x0,
    0xff, 0xf2, 0x0, 0x0, 0x0, 0x0, 0x0, 0x0,
    0x0, 0xff, 0xf2, 0x0, 0x0, 0x0, 0x0, 0x0,
    0x0, 0x0, 0xff, 0xf2, 0x0, 0x0, 0x0, 0x0,
    0x0, 0x0, 0x0, 0xff, 0xf2, 0x0, 0x0, 0x0,
    0x0, 0x0, 0x0, 0x0, 0xff, 0xf2, 0x0, 0x0,
    0x0, 0x0, 0x0, 0x0, 0x0, 0xff, 0xf2, 0x3a,
    0xef, 0xeb, 0x40, 0x0, 0x0, 0x0, 0xff, 0xfa,
    0xff, 0xff, 0xff, 0xf8, 0x0, 0x0, 0x0, 0xff,
    0xff, 0xff, 0xee, 0xff, 0xff, 0x50, 0x0, 0x0,
    0xff, 0xff, 0xa1, 0x0, 0x3e, 0xff, 0xc0, 0x0,
    0x0, 0xff, 0xfc, 0x0, 0x0, 0x5, 0xff, 0xf0,
    0x0, 0x0, 0xff, 0xf5, 0x0, 0x0, 0x0, 0xff,
    0xf2, 0x0, 0x0, 0xff, 0xf3, 0x0, 0x0, 0x0,
    0xff, 0xf3, 0x0, 0x0, 0xff, 0xf2, 0x0, 0x0,
    0x0, 0xef, 0xf3, 0x0, 0x0, 0xff, 0xf2, 0x0,
    0x0, 0x0, 0xef, 0xf3, 0x0, 0x0, 0xff, 0xf2,
    0x0, 0x0, 0x0, 0xef, 0xf3, 0x0, 0x0, 0xff,
    0xf2, 0x0, 0x0, 0x0, 0xef, 0xf3, 0x0, 0x0,
    0xff, 0xf2, 0x0, 0x0, 0x0, 0xef, 0xf3, 0x0,
    0x0, 0xff, 0xf2, 0x0, 0x0, 0x0, 0xef, 0xf3,
    0x0, 0x0, 0xff, 0xf2, 0x0, 0x0, 0x0, 0xef,
    0xf3,

    /* U+0220 "Ƞ" */
    0x6f, 0xfc, 0x1, 0x7c, 0xef, 0xea, 0x40, 0x0,
    0x6f, 0xfc, 0x4f, 0xff, 0xff, 0xff, 0xfa, 0x0,
    0x6f, 0xff, 0xff, 0xff, 0xff, 0xff, 0xff, 0x90,
    0x6f, 0xff, 0xfe, 0x51, 0x0, 0x6e, 0xff, 0xf3,
    0x6f, 0xff, 0xd1, 0x0, 0x0, 0x2, 0xff, 0xf9,
    0x6f, 0xff, 0x50, 0x0, 0x0, 0x0, 0x9f, 0xfc,
    0x6f, 0xff, 0x0, 0x0, 0x0, 0x0, 0x5f, 0xfe,
    0x6f, 0xfe, 0x0, 0x0, 0x0, 0x0, 0x4f, 0xff,
    0x6f, 0xfe, 0x0, 0x0, 0x0, 0x0, 0x4f, 0xff,
    0x6f, 0xfe, 0x0, 0x0, 0x0, 0x0, 0x4f, 0xff,
    0x6f, 0xfe, 0x0, 0x0, 0x0, 0x0, 0x4f, 0xff,
    0x6f, 0xfe, 0x0, 0x0, 0x0, 0x0, 0x4f, 0xff,
    0x6f, 0xfe, 0x0, 0x0, 0x0, 0x0, 0x4f, 0xff,
    0x6f, 0xfe, 0x0, 0x0, 0x0, 0x0, 0x4f, 0xff,
    0x6f, 0xfe, 0x0, 0x0, 0x0, 0x0, 0x4f, 0xff,
    0x6f, 0xfe, 0x0, 0x0, 0x0, 0x0, 0x4f, 0xff,
    0x6f, 0xfe, 0x0, 0x0, 0x0, 0x0, 0x4f, 0xff,
    0x6f, 0xfe, 0x0, 0x0, 0x0, 0x0, 0x4f, 0xff,
    0x0, 0x0, 0x0, 0x0, 0x0, 0x0, 0x4f, 0xff,
    0x0, 0x0, 0x0, 0x0, 0x0, 0x0, 0x4f, 0xff,
    0x0, 0x0, 0x0, 0x0, 0x0, 0x0, 0x4f, 0xff,
    0x0, 0x0, 0x0, 0x0, 0x0, 0x0, 0x4f, 0xff,
    0x0, 0x0, 0x0, 0x0, 0x0, 0x0, 0x4f, 0xff,

    /* U+0222 "Ȣ" */
    0x2f, 0xff, 0x20, 0x0, 0x0, 0x0, 0x8f, 0xfa,
    0x2, 0xff, 0xf2, 0x0, 0x0, 0x0, 0x8, 0xff,
    0xa0, 0x1f, 0xff, 0x20, 0x0, 0x0, 0x0, 0x8f,
    0xfa, 0x0, 0xff, 0xf4, 0x0, 0x0, 0x0, 0xb,
    0xff, 0x80, 0xb, 0xff, 0xc1, 0x0, 0x0, 0x5,
    0xff, 0xf4, 0x0, 0x3f, 0xff, 0xf8, 0x65, 0x7b,
    0xff, 0xfa, 0x0, 0x0, 0x3e, 0xff, 0xff, 0xff,
    0xff, 0xf9, 0x0, 0x0, 0x7, 0xff, 0xff, 0xff,
    0xff, 0xff, 0xc3, 0x0, 0x9, 0xff, 0xfb, 0x64,
    0x45, 0x9f, 0xff, 0xf3, 0x3, 0xff, 0xf6, 0x0,
    0x0, 0x0, 0x1b, 0xff, 0xd0, 0xaf, 0xfa, 0x0,
    0x0, 0x0, 0x0, 0x1f, 0xff, 0x3c, 0xff, 0x70,
    0x0, 0x0, 0x0, 0x0, 0xdf, 0xf5, 0xcf, 0xf8,
    0x0, 0x0, 0x0, 0x0, 0xe, 0xff, 0x59, 0xff,
    0xe1, 0x0, 0x0, 0x0, 0x6, 0xff, 0xf2, 0x2f,
    0xff, 0xd4, 0x0, 0x0, 0x18, 0xff, 0xfb, 0x0,
    0x7f, 0xff, 0xff, 0xcc, 0xef, 0xff, 0xfe, 0x20,
    0x0, 0x6e, 0xff, 0xff, 0xff, 0xff, 0xfc, 0x20,
    0x0, 0x0, 0x16, 0xbd, 0xff, 0xec, 0x94, 0x0,
    0x0,

    /* U+0223 "ȣ" */
    0x38, 0x86, 0x0, 0x0, 0x0, 0x48, 0x85, 0x6,
    0xff, 0xd0, 0x0, 0x0, 0x8, 0xff, 0xa0, 0x6f,
    0xfd, 0x0, 0x0, 0x0, 0x8f, 0xfa, 0x5, 0xff,
    0xd0, 0x0, 0x0, 0x8, 0xff, 0xa0, 0x4f, 0xff,
    0x0, 0x0, 0x0, 0xaf, 0xf8, 0x1, 0xff, 0xf5,
    0x0, 0x0, 0x1f, 0xff, 0x50, 0x9, 0xff, 0xf7,
    0x22, 0x5d, 0xff, 0xd0, 0x0, 0xa, 0xff, 0xff,
    0xff, 0xff, 0xd1, 0x0, 0x0, 0x8f, 0xff, 0xff,
    0xff, 0xfb, 0x10, 0x0, 0xaf, 0xff, 0x95, 0x58,
    0xff, 0xfd, 0x10, 0x5f, 0xff, 0x40, 0x0, 0x2,
    0xef, 0xf9, 0xb, 0xff, 0xa0, 0x0, 0x0, 0x5,
    0xff, 0xf0, 0xef, 0xf6, 0x0, 0x0, 0x0, 0xf,
    0xff, 0x2f, 0xff, 0x50, 0x0, 0x0, 0x0, 0xff,
    0xf4, 0xdf, 0xf7, 0x0, 0x0, 0x0, 0x1f, 0xff,
    0x2a, 0xff, 0xd0, 0x0, 0x0, 0x8, 0xff, 0xe0,
    0x4f, 0xff, 0x90, 0x0, 0x5, 0xff, 0xf8, 0x0,
    0xaf, 0xff, 0xeb, 0xad, 0xff, 0xfd, 0x0, 0x0,
    0x9f, 0xff, 0xff, 0xff, 0xfc, 0x10, 0x0, 0x0,
    0x39, 0xdf, 0xfd, 0xa5, 0x0, 0x0,

    /* U+0226 "Ȧ" */
    0x0, 0x0, 0x0, 0x0, 0x6, 0xa3, 0x0, 0x0,
    0x0, 0x0, 0x0, 0x0, 0x0, 0x0, 0x4f, 0xfe,
    0x0, 0x0, 0x0, 0x0, 0x0, 0x0, 0x0, 0x0,
    0x5f, 0xff, 0x0, 0x0, 0x0, 0x0, 0x0, 0x0,
    0x0, 0x0, 0xb, 0xf7, 0x0, 0x0, 0x0, 0x0,
    0x0, 0x0, 0x0, 0x0, 0x0, 0x0, 0x0, 0x0,
    0x0, 0x0, 0x0, 0x0, 0x0, 0x0, 0x0, 0x0,
    0x0, 0x0, 0x0, 0x0, 0x0, 0x0, 0x0, 0x0,
    0x7f, 0xff, 0x20, 0x0, 0x0, 0x0, 0x0, 0x0,
    0x0, 0x0, 0xef, 0xff, 0x90, 0x0, 0x0, 0x0,
    0x0, 0x0, 0x0, 0x5, 0xff, 0xff, 0xf1, 0x0,
    0x0, 0x0, 0x0, 0x0, 0x0, 0xc, 0xff, 0xdf,
    0xf7, 0x0, 0x0, 0x0, 0x0, 0x0, 0x0, 0x3f,
    0xfd, 0x2f, 0xfe, 0x0, 0x0, 0x0, 0x0, 0x0,
    0x0, 0xaf, 0xf6, 0xc, 0xff, 0x50, 0x0, 0x0,
    0x0, 0x0, 0x1, 0xff, 0xf0, 0x5, 0xff, 0xc0,
    0x0, 0x0, 0x0, 0x0, 0x8, 0xff, 0x90, 0x0,
    0xef, 0xf3, 0x0, 0x0, 0x0, 0x0, 0xe, 0xff,
    0x20, 0x0, 0x8f, 0xfa, 0x0, 0x0, 0x0, 0x0,
    0x6f, 0xfb, 0x0, 0x0, 0x1f, 0xff, 0x20, 0x0,
    0x0, 0x0, 0xdf, 0xf5, 0x0, 0x0, 0xa, 0xff,
    0x80, 0x0, 0x0, 0x4, 0xff, 0xff, 0xff, 0xff,
    0xff, 0xff, 0xf0, 0x0, 0x0, 0xb, 0xff, 0xff,
    0xff, 0xff, 0xff, 0xff, 0xf6, 0x0, 0x0, 0x2f,
    0xff, 0xba, 0xaa, 0xaa, 0xaa, 0xff, 0xfd, 0x0,
    0x0, 0x9f, 0xfa, 0x0, 0x0, 0x0, 0x0, 0xf,
    0xff, 0x40, 0x1, 0xff, 0xf4, 0x0, 0x0, 0x0,
    0x0, 0x9, 0xff, 0xb0, 0x7, 0xff, 0xd0, 0x0,
    0x0, 0x0, 0x0, 0x2, 0xff, 0xf2, 0xe, 0xff,
    0x60, 0x0, 0x0, 0x0, 0x0, 0x0, 0xcf, 0xf9,

    /* U+0227 "ȧ" */
    0x0, 0x0, 0x5, 0xa4, 0x0, 0x0, 0x0, 0x0,
    0x3, 0xff, 0xf1, 0x0, 0x0, 0x0, 0x0, 0x4f,
    0xff, 0x20, 0x0, 0x0, 0x0, 0x0, 0xbf, 0x90,
    0x0, 0x0, 0x0, 0x0, 0x0, 0x0, 0x0, 0x0,
    0x0, 0x0, 0x0, 0x0, 0x0, 0x0, 0x0, 0x0,
    0x5a, 0xdf, 0xfe, 0xa4, 0x0, 0x3, 0xdf, 0xff,
    0xff, 0xff, 0xf9, 0x0, 0x1f, 0xff, 0xdb, 0xcf,
    0xff, 0xf6, 0x0, 0x88, 0x10, 0x0, 0x1c, 0xff,
    0xd0, 0x0, 0x0, 0x0, 0x0, 0x2f, 0xff, 0x10,
    0x0, 0x1, 0x22, 0x22, 0xff, 0xf3, 0x1, 0x9e,
    0xff, 0xff, 0xff, 0xff, 0x32, 0xef, 0xff, 0xff,
    0xff, 0xff, 0xf3, 0xaf, 0xfc, 0x20, 0x0, 0xe,
    0xff, 0x3d, 0xff, 0x40, 0x0, 0x0, 0xff, 0xf3,
    0xdf, 0xf5, 0x0, 0x0, 0x6f, 0xff, 0x38, 0xff,
    0xe6, 0x34, 0x9f, 0xff, 0xf3, 0xc, 0xff, 0xff,
    0xff, 0xed, 0xff, 0x30, 0x7, 0xcf, 0xfd, 0x81,
    0xbf, 0xf3,

    /* U+0228 "Ȩ" */
    0xaf, 0xff, 0xff, 0xff, 0xff, 0xff, 0xf2, 0xaf,
    0xff, 0xff, 0xff, 0xff, 0xff, 0xf2, 0xaf, 0xfe,
    0xdd, 0xdd, 0xdd, 0xdd, 0xd1, 0xaf, 0xf9, 0x0,
    0x0, 0x0, 0x0, 0x0, 0xaf, 0xf9, 0x0, 0x0,
    0x0, 0x0, 0x0, 0xaf, 0xf9, 0x0, 0x0, 0x0,
    0x0, 0x0, 0xaf, 0xf9, 0x0, 0x0, 0x0, 0x0,
    0x0, 0xaf, 0xff, 0xcc, 0xcc, 0xcc, 0xcc, 0x0,
    0xaf, 0xff, 0xff, 0xff, 0xff, 0xff, 0x0, 0xaf,
    0xff, 0xff, 0xff, 0xff, 0xff, 0x0, 0xaf, 0xf9,
    0x0, 0x0, 0x0, 0x0, 0x0, 0xaf, 0xf9, 0x0,
    0x0, 0x0, 0x0, 0x0, 0xaf, 0xf9, 0x0, 0x0,
    0x0, 0x0, 0x0, 0xaf, 0xf9, 0x0, 0x0, 0x0,
    0x0, 0x0, 0xaf, 0xf9, 0x0, 0x0, 0x0, 0x0,
    0x0, 0xaf, 0xfe, 0xdd, 0xdd, 0xdd, 0xdd, 0xd6,
    0xaf, 0xff, 0xff, 0xff, 0xff, 0xff, 0xf7, 0xaf,
    0xff, 0xff, 0xff, 0xff, 0xff, 0xf7, 0x0, 0x0,
    0x4, 0xf6, 0x0, 0x0, 0x0, 0x0, 0x0, 0x8,
    0xfb, 0x30, 0x0, 0x0, 0x0, 0x0, 0x5, 0x9f,
    0xf2, 0x0, 0x0, 0x0, 0x0, 0x0, 0xb, 0xf5,
    0x0, 0x0, 0x0, 0x0, 0xdb, 0xbf, 0xf2, 0x0,
    0x0, 0x0, 0x1, 0xbf, 0xfc, 0x40, 0x0, 0x0,

    /* U+0229 "ȩ" */
    0x0, 0x0, 0x39, 0xdf, 0xec, 0x71, 0x0, 0x0,
    0x0, 0x8f, 0xff, 0xff, 0xff, 0xe3, 0x0, 0x0,
    0x8f, 0xff, 0xda, 0xae, 0xff, 0xf2, 0x0, 0x3f,
    0xff, 0x50, 0x0, 0xa, 0xff, 0xc0, 0x9, 0xff,
    0x80, 0x0, 0x0, 0xd, 0xff, 0x20, 0xef, 0xf4,
    0x22, 0x22, 0x22, 0x9f, 0xf6, 0xf, 0xff, 0xff,
    0xff, 0xff, 0xff, 0xff, 0x80, 0xff, 0xff, 0xff,
    0xff, 0xff, 0xff, 0xf9, 0xd, 0xff, 0x30, 0x0,
    0x0, 0x0, 0x0, 0x0, 0x9f, 0xfb, 0x0, 0x0,
    0x0, 0x0, 0x0, 0x2, 0xff, 0xfa, 0x20, 0x0,
    0x2c, 0xa0, 0x0, 0x7, 0xff, 0xff, 0xdc, 0xdf,
    0xff, 0x60, 0x0, 0x6, 0xff, 0xff, 0xff, 0xff,
    0xc1, 0x0, 0x0, 0x1, 0x7d, 0xff, 0xeb, 0x50,
    0x0, 0x0, 0x0, 0x0, 0x4f, 0x60, 0x0, 0x0,
    0x0, 0x0, 0x0, 0x8, 0xfd, 0x70, 0x0, 0x0,
    0x0, 0x0, 0x0, 0x25, 0xef, 0x40, 0x0, 0x0,
    0x0, 0x0, 0x30, 0x1c, 0xf6, 0x0, 0x0, 0x0,
    0x0, 0xf, 0xff, 0xfe, 0x10, 0x0, 0x0, 0x0,
    0x0, 0x69, 0x96, 0x10, 0x0, 0x0,

    /* U+022A "Ȫ" */
    0x0, 0x0, 0xc, 0xff, 0xff, 0xff, 0xfd, 0x0,
    0x0, 0x0, 0x0, 0x0, 0xad, 0xdd, 0xdd, 0xdd,
    0xa0, 0x0, 0x0, 0x0, 0x0, 0x0, 0x0, 0x0,
    0x0, 0x0, 0x0, 0x0, 0x0, 0x0, 0x0, 0xc,
    0xe3, 0x2, 0xdc, 0x0, 0x0, 0x0, 0x0, 0x0,
    0x3, 0xff, 0x90, 0x8f, 0xf4, 0x0, 0x0, 0x0,
    0x0, 0x0, 0xc, 0xe3, 0x2, 0xec, 0x10, 0x0,
    0x0, 0x0, 0x0, 0x0, 0x0, 0x0, 0x0, 0x0,
    0x0, 0x0, 0x0, 0x0, 0x0, 0x0, 0x0, 0x0,
    0x0, 0x0, 0x0, 0x0, 0x0, 0x0, 0x2, 0x8c,
    0xef, 0xec, 0x83, 0x0, 0x0, 0x0, 0x0, 0x1a,
    0xff, 0xff, 0xff, 0xff, 0xfb, 0x10, 0x0, 0x0,
    0x3e, 0xff, 0xff, 0xff, 0xff, 0xff, 0xfe, 0x30,
    0x0, 0x1e, 0xff, 0xfb, 0x40, 0x0, 0x4a, 0xff,
    0xfe, 0x20, 0xb, 0xff, 0xf5, 0x0, 0x0, 0x0,
    0x5, 0xff, 0xfb, 0x3, 0xff, 0xf7, 0x0, 0x0,
    0x0, 0x0, 0x6, 0xff, 0xf4, 0x8f, 0xfd, 0x0,
    0x0, 0x0, 0x0, 0x0, 0xd, 0xff, 0x9c, 0xff,
    0x90, 0x0, 0x0, 0x0, 0x0, 0x0, 0x8f, 0xfc,
    0xdf, 0xf6, 0x0, 0x0, 0x0, 0x0, 0x0, 0x5,
    0xff, 0xed, 0xff, 0x60, 0x0, 0x0, 0x0, 0x0,
    0x0, 0x6f, 0xfe, 0xcf, 0xf9, 0x0, 0x0, 0x0,
    0x0, 0x0, 0x8, 0xff, 0xc8, 0xff, 0xe0, 0x0,
    0x0, 0x0, 0x0, 0x0, 0xdf, 0xf9, 0x3f, 0xff,
    0x70, 0x0, 0x0, 0x0, 0x0, 0x6f, 0xff, 0x40,
    0xbf, 0xff, 0x50, 0x0, 0x0, 0x0, 0x5f, 0xff,
    0xc0, 0x1, 0xef, 0xff, 0xb4, 0x0, 0x4, 0xaf,
    0xff, 0xe2, 0x0, 0x3, 0xef, 0xff, 0xff, 0xff,
    0xff, 0xff, 0xe3, 0x0, 0x0, 0x1, 0xaf, 0xff,
    0xff, 0xff, 0xff, 0xb1, 0x0, 0x0, 0x0, 0x0,
    0x38, 0xce, 0xfe, 0xc8, 0x30, 0x0, 0x0,

    /* U+022B "ȫ" */
    0x0, 0x4, 0xff, 0xff, 0xff, 0xff, 0x50, 0x0,
    0x0, 0x3, 0xdd, 0xdd, 0xdd, 0xdd, 0x40, 0x0,
    0x0, 0x0, 0x0, 0x0, 0x0, 0x0, 0x0, 0x0,
    0x0, 0x0, 0x0, 0x0, 0x0, 0x0, 0x0, 0x0,
    0x0, 0x0, 0x5f, 0xa0, 0x9, 0xf6, 0x0, 0x0,
    0x0, 0x0, 0xbf, 0xf1, 0xf, 0xfc, 0x0, 0x0,
    0x0, 0x0, 0x5e, 0xa0, 0x9, 0xe6, 0x0, 0x0,
    0x0, 0x0, 0x0, 0x0, 0x0, 0x0, 0x0, 0x0,
    0x0, 0x0, 0x28, 0xde, 0xfd, 0x93, 0x0, 0x0,
    0x0, 0x7, 0xff, 0xff, 0xff, 0xff, 0x80, 0x0,
    0x0, 0x7f, 0xff, 0xfd, 0xcf, 0xff, 0xf9, 0x0,
    0x2, 0xff, 0xfa, 0x10, 0x1, 0x9f, 0xff, 0x40,
    0x9, 0xff, 0xc0, 0x0, 0x0, 0xa, 0xff, 0xb0,
    0xd, 0xff, 0x50, 0x0, 0x0, 0x3, 0xff, 0xf0,
    0xf, 0xff, 0x20, 0x0, 0x0, 0x0, 0xff, 0xf1,
    0xf, 0xff, 0x20, 0x0, 0x0, 0x0, 0xff, 0xf1,
    0xd, 0xff, 0x50, 0x0, 0x0, 0x3, 0xff, 0xf0,
    0x9, 0xff, 0xc0, 0x0, 0x0, 0xa, 0xff, 0xb0,
    0x2, 0xff, 0xfb, 0x10, 0x1, 0x9f, 0xff, 0x40,
    0x0, 0x6f, 0xff, 0xfd, 0xdf, 0xff, 0xf8, 0x0,
    0x0, 0x6, 0xff, 0xff, 0xff, 0xff, 0x80, 0x0,
    0x0, 0x0, 0x28, 0xdf, 0xfd, 0x92, 0x0, 0x0,

    /* U+022C "Ȭ" */
    0x0, 0x0, 0xc, 0xff, 0xff, 0xff, 0xfd, 0x0,
    0x0, 0x0, 0x0, 0x0, 0xad, 0xdd, 0xdd, 0xdd,
    0xa0, 0x0, 0x0, 0x0, 0x0, 0x0, 0x0, 0x0,
    0x0, 0x0, 0x0, 0x0, 0x0, 0x0, 0x0, 0xa,
    0xfe, 0x70, 0xd, 0xd0, 0x0, 0x0, 0x0, 0x0,
    0x8, 0xfc, 0xef, 0xec, 0xf9, 0x0, 0x0, 0x0,
    0x0, 0x0, 0xde, 0x0, 0x7d, 0xfa, 0x10, 0x0,
    0x0, 0x0, 0x0, 0x0, 0x0, 0x0, 0x0, 0x0,
    0x0, 0x0, 0x0, 0x0, 0x0, 0x0, 0x0, 0x0,
    0x0, 0x0, 0x0, 0x0, 0x0, 0x0, 0x2, 0x8c,
    0xef, 0xec, 0x83, 0x0, 0x0, 0x0, 0x0, 0x1a,
    0xff, 0xff, 0xff, 0xff, 0xfb, 0x10, 0x0, 0x0,
    0x3e, 0xff, 0xff, 0xff, 0xff, 0xff, 0xfe, 0x30,
    0x0, 0x1e, 0xff, 0xfb, 0x40, 0x0, 0x4a, 0xff,
    0xfe, 0x20, 0xb, 0xff, 0xf5, 0x0, 0x0, 0x0,
    0x5, 0xff, 0xfb, 0x3, 0xff, 0xf7, 0x0, 0x0,
    0x0, 0x0, 0x6, 0xff, 0xf4, 0x8f, 0xfd, 0x0,
    0x0, 0x0, 0x0, 0x0, 0xd, 0xff, 0x9c, 0xff,
    0x90, 0x0, 0x0, 0x0, 0x0, 0x0, 0x8f, 0xfc,
    0xdf, 0xf6, 0x0, 0x0, 0x0, 0x0, 0x0, 0x5,
    0xff, 0xed, 0xff, 0x60, 0x0, 0x0, 0x0, 0x0,
    0x0, 0x6f, 0xfe, 0xcf, 0xf9, 0x0, 0x0, 0x0,
    0x0, 0x0, 0x8, 0xff, 0xc8, 0xff, 0xe0, 0x0,
    0x0, 0x0, 0x0, 0x0, 0xdf, 0xf9, 0x3f, 0xff,
    0x70, 0x0, 0x0, 0x0, 0x0, 0x6f, 0xff, 0x40,
    0xbf, 0xff, 0x50, 0x0, 0x0, 0x0, 0x5f, 0xff,
    0xc0, 0x1, 0xef, 0xff, 0xb4, 0x0, 0x4, 0xaf,
    0xff, 0xe2, 0x0, 0x3, 0xef, 0xff, 0xff, 0xff,
    0xff, 0xff, 0xe3, 0x0, 0x0, 0x1, 0xaf, 0xff,
    0xff, 0xff, 0xff, 0xb1, 0x0, 0x0, 0x0, 0x0,
    0x38, 0xce, 0xfe, 0xc8, 0x30, 0x0, 0x0,

    /* U+022D "ȭ" */
    0x0, 0x4, 0xff, 0xff, 0xff, 0xff, 0x50, 0x0,
    0x0, 0x3, 0xdd, 0xdd, 0xdd, 0xdd, 0x40, 0x0,
    0x0, 0x0, 0x0, 0x0, 0x0, 0x0, 0x0, 0x0,
    0x0, 0x0, 0x0, 0x0, 0x0, 0x0, 0x0, 0x0,
    0x0, 0x0, 0x8e, 0xfe, 0xcb, 0xdf, 0x50, 0x0,
    0x0, 0x4, 0xfd, 0xbc, 0xef, 0xe8, 0x0, 0x0,
    0x0, 0x0, 0x0, 0x0, 0x0, 0x0, 0x0, 0x0,
    0x0, 0x0, 0x0, 0x0, 0x0, 0x0, 0x0, 0x0,
    0x0, 0x0, 0x28, 0xde, 0xfd, 0x93, 0x0, 0x0,
    0x0, 0x7, 0xff, 0xff, 0xff, 0xff, 0x80, 0x0,
    0x0, 0x7f, 0xff, 0xfd, 0xcf, 0xff, 0xf9, 0x0,
    0x2, 0xff, 0xfa, 0x10, 0x1, 0x9f, 0xff, 0x40,
    0x9, 0xff, 0xc0, 0x0, 0x0, 0xa, 0xff, 0xb0,
    0xd, 0xff, 0x50, 0x0, 0x0, 0x3, 0xff, 0xf0,
    0xf, 0xff, 0x20, 0x0, 0x0, 0x0, 0xff, 0xf1,
    0xf, 0xff, 0x20, 0x0, 0x0, 0x0, 0xff, 0xf1,
    0xd, 0xff, 0x50, 0x0, 0x0, 0x3, 0xff, 0xf0,
    0x9, 0xff, 0xc0, 0x0, 0x0, 0xa, 0xff, 0xb0,
    0x2, 0xff, 0xfb, 0x10, 0x1, 0x9f, 0xff, 0x40,
    0x0, 0x6f, 0xff, 0xfd, 0xdf, 0xff, 0xf8, 0x0,
    0x0, 0x6, 0xff, 0xff, 0xff, 0xff, 0x80, 0x0,
    0x0, 0x0, 0x28, 0xdf, 0xfd, 0x92, 0x0, 0x0,

    /* U+022E "Ȯ" */
    0x0, 0x0, 0x0, 0x0, 0x9f, 0xa0, 0x0, 0x0,
    0x0, 0x0, 0x0, 0x0, 0x0, 0x2f, 0xff, 0x30,
    0x0, 0x0, 0x0, 0x0, 0x0, 0x0, 0x1, 0xff,
    0xf2, 0x0, 0x0, 0x0, 0x0, 0x0, 0x0, 0x0,
    0x5, 0xa5, 0x0, 0x0, 0x0, 0x0, 0x0, 0x0,
    0x0, 0x0, 0x0, 0x0, 0x0, 0x0, 0x0, 0x0,
    0x0, 0x0, 0x0, 0x0, 0x0, 0x0, 0x0, 0x0,
    0x0, 0x0, 0x0, 0x2, 0x8c, 0xef, 0xec, 0x83,
    0x0, 0x0, 0x0, 0x0, 0x1a, 0xff, 0xff, 0xff,
    0xff, 0xfb, 0x10, 0x0, 0x0, 0x3e, 0xff, 0xff,
    0xff, 0xff, 0xff, 0xfe, 0x30, 0x0, 0x1e, 0xff,
    0xfb, 0x40, 0x0, 0x4a, 0xff, 0xfe, 0x20, 0xb,
    0xff, 0xf5, 0x0, 0x0, 0x0, 0x5, 0xff, 0xfb,
    0x3, 0xff, 0xf7, 0x0, 0x0, 0x0, 0x0, 0x6,
    0xff, 0xf4, 0x8f, 0xfd, 0x0, 0x0, 0x0, 0x0,
    0x0, 0xd, 0xff, 0x9c, 0xff, 0x90, 0x0, 0x0,
    0x0, 0x0, 0x0, 0x8f, 0xfc, 0xdf, 0xf6, 0x0,
    0x0, 0x0, 0x0, 0x0, 0x5, 0xff, 0xed, 0xff,
    0x60, 0x0, 0x0, 0x0, 0x0, 0x0, 0x6f, 0xfe,
    0xcf, 0xf9, 0x0, 0x0, 0x0, 0x0, 0x0, 0x8,
    0xff, 0xc8, 0xff, 0xe0, 0x0, 0x0, 0x0, 0x0,
    0x0, 0xdf, 0xf9, 0x3f, 0xff, 0x70, 0x0, 0x0,
    0x0, 0x0, 0x6f, 0xff, 0x40, 0xbf, 0xff, 0x50,
    0x0, 0x0, 0x0, 0x5f, 0xff, 0xc0, 0x1, 0xef,
    0xff, 0xb4, 0x0, 0x4, 0xaf, 0xff, 0xe2, 0x0,
    0x3, 0xef, 0xff, 0xff, 0xff, 0xff, 0xff, 0xe3,
    0x0, 0x0, 0x1, 0xaf, 0xff, 0xff, 0xff, 0xff,
    0xb1, 0x0, 0x0, 0x0, 0x0, 0x38, 0xce, 0xfe,
    0xc8, 0x30, 0x0, 0x0,

    /* U+022F "ȯ" */
    0x0, 0x0, 0x0, 0x3d, 0xe3, 0x0, 0x0, 0x0,
    0x0, 0x0, 0x0, 0xaf, 0xfb, 0x0, 0x0, 0x0,
    0x0, 0x0, 0x0, 0x9f, 0xfa, 0x0, 0x0, 0x0,
    0x0, 0x0, 0x0, 0x19, 0x91, 0x0, 0x0, 0x0,
    0x0, 0x0, 0x0, 0x0, 0x0, 0x0, 0x0, 0x0,
    0x0, 0x0, 0x0, 0x0, 0x0, 0x0, 0x0, 0x0,
    0x0, 0x0, 0x28, 0xde, 0xfd, 0x93, 0x0, 0x0,
    0x0, 0x7, 0xff, 0xff, 0xff, 0xff, 0x80, 0x0,
    0x0, 0x7f, 0xff, 0xfd, 0xcf, 0xff, 0xf9, 0x0,
    0x2, 0xff, 0xfa, 0x10, 0x1, 0x9f, 0xff, 0x40,
    0x9, 0xff, 0xc0, 0x0, 0x0, 0xa, 0xff, 0xb0,
    0xd, 0xff, 0x50, 0x0, 0x0, 0x3, 0xff, 0xf0,
    0xf, 0xff, 0x20, 0x0, 0x0, 0x0, 0xff, 0xf1,
    0xf, 0xff, 0x20, 0x0, 0x0, 0x0, 0xff, 0xf1,
    0xd, 0xff, 0x50, 0x0, 0x0, 0x3, 0xff, 0xf0,
    0x9, 0xff, 0xc0, 0x0, 0x0, 0xa, 0xff, 0xb0,
    0x2, 0xff, 0xfb, 0x10, 0x1, 0x9f, 0xff, 0x40,
    0x0, 0x6f, 0xff, 0xfd, 0xdf, 0xff, 0xf8, 0x0,
    0x0, 0x6, 0xff, 0xff, 0xff, 0xff, 0x80, 0x0,
    0x0, 0x0, 0x28, 0xdf, 0xfd, 0x92, 0x0, 0x0,

    /* U+0230 "Ȱ" */
    0x0, 0x0, 0xc, 0xff, 0xff, 0xff, 0xfd, 0x0,
    0x0, 0x0, 0x0, 0x0, 0xad, 0xdd, 0xdd, 0xdd,
    0xa0, 0x0, 0x0, 0x0, 0x0, 0x0, 0x0, 0x0,
    0x0, 0x0, 0x0, 0x0, 0x0, 0x0, 0x0, 0x0,
    0x9, 0xfa, 0x0, 0x0, 0x0, 0x0, 0x0, 0x0,
    0x0, 0x0, 0xef, 0xf0, 0x0, 0x0, 0x0, 0x0,
    0x0, 0x0, 0x0, 0x8, 0xf9, 0x0, 0x0, 0x0,
    0x0, 0x0, 0x0, 0x0, 0x0, 0x0, 0x0, 0x0,
    0x0, 0x0, 0x0, 0x0, 0x0, 0x0, 0x0, 0x0,
    0x0, 0x0, 0x0, 0x0, 0x0, 0x0, 0x2, 0x8c,
    0xef, 0xec, 0x83, 0x0, 0x0, 0x0, 0x0, 0x1a,
    0xff, 0xff, 0xff, 0xff, 0xfb, 0x10, 0x0, 0x0,
    0x3e, 0xff, 0xff, 0xff, 0xff, 0xff, 0xfe, 0x30,
    0x0, 0x1e, 0xff, 0xfb, 0x40, 0x0, 0x4a, 0xff,
    0xfe, 0x20, 0xb, 0xff, 0xf5, 0x0, 0x0, 0x0,
    0x5, 0xff, 0xfb, 0x3, 0xff, 0xf7, 0x0, 0x0,
    0x0, 0x0, 0x6, 0xff, 0xf4, 0x8f, 0xfd, 0x0,
    0x0, 0x0, 0x0, 0x0, 0xd, 0xff, 0x9c, 0xff,
    0x90, 0x0, 0x0, 0x0, 0x0, 0x0, 0x8f, 0xfc,
    0xdf, 0xf6, 0x0, 0x0, 0x0, 0x0, 0x0, 0x5,
    0xff, 0xed, 0xff, 0x60, 0x0, 0x0, 0x0, 0x0,
    0x0, 0x6f, 0xfe, 0xcf, 0xf9, 0x0, 0x0, 0x0,
    0x0, 0x0, 0x8, 0xff, 0xc8, 0xff, 0xe0, 0x0,
    0x0, 0x0, 0x0, 0x0, 0xdf, 0xf9, 0x3f, 0xff,
    0x70, 0x0, 0x0, 0x0, 0x0, 0x6f, 0xff, 0x40,
    0xbf, 0xff, 0x50, 0x0, 0x0, 0x0, 0x5f, 0xff,
    0xc0, 0x1, 0xef, 0xff, 0xb4, 0x0, 0x4, 0xaf,
    0xff, 0xe2, 0x0, 0x3, 0xef, 0xff, 0xff, 0xff,
    0xff, 0xff, 0xe3, 0x0, 0x0, 0x1, 0xaf, 0xff,
    0xff, 0xff, 0xff, 0xb1, 0x0, 0x0, 0x0, 0x0,
    0x38, 0xce, 0xfe, 0xc8, 0x30, 0x0, 0x0,

    /* U+0231 "ȱ" */
    0x0, 0x4, 0xff, 0xff, 0xff, 0xff, 0x50, 0x0,
    0x0, 0x3, 0xdd, 0xdd, 0xdd, 0xdd, 0x40, 0x0,
    0x0, 0x0, 0x0, 0x0, 0x0, 0x0, 0x0, 0x0,
    0x0, 0x0, 0x0, 0x2e, 0xf3, 0x0, 0x0, 0x0,
    0x0, 0x0, 0x0, 0x6f, 0xf7, 0x0, 0x0, 0x0,
    0x0, 0x0, 0x0, 0x2d, 0xe2, 0x0, 0x0, 0x0,
    0x0, 0x0, 0x0, 0x0, 0x0, 0x0, 0x0, 0x0,
    0x0, 0x0, 0x0, 0x0, 0x0, 0x0, 0x0, 0x0,
    0x0, 0x0, 0x28, 0xde, 0xfd, 0x93, 0x0, 0x0,
    0x0, 0x7, 0xff, 0xff, 0xff, 0xff, 0x80, 0x0,
    0x0, 0x7f, 0xff, 0xfd, 0xcf, 0xff, 0xf9, 0x0,
    0x2, 0xff, 0xfa, 0x10, 0x1, 0x9f, 0xff, 0x40,
    0x9, 0xff, 0xc0, 0x0, 0x0, 0xa, 0xff, 0xb0,
    0xd, 0xff, 0x50, 0x0, 0x0, 0x3, 0xff, 0xf0,
    0xf, 0xff, 0x20, 0x0, 0x0, 0x0, 0xff, 0xf1,
    0xf, 0xff, 0x20, 0x0, 0x0, 0x0, 0xff, 0xf1,
    0xd, 0xff, 0x50, 0x0, 0x0, 0x3, 0xff, 0xf0,
    0x9, 0xff, 0xc0, 0x0, 0x0, 0xa, 0xff, 0xb0,
    0x2, 0xff, 0xfb, 0x10, 0x1, 0x9f, 0xff, 0x40,
    0x0, 0x6f, 0xff, 0xfd, 0xdf, 0xff, 0xf8, 0x0,
    0x0, 0x6, 0xff, 0xff, 0xff, 0xff, 0x80, 0x0,
    0x0, 0x0, 0x28, 0xdf, 0xfd, 0x92, 0x0, 0x0,

    /* U+0232 "Ȳ" */
    0x0, 0x0, 0xf, 0xff, 0xff, 0xff, 0xf9, 0x0,
    0x0, 0x0, 0x0, 0xf, 0xff, 0xff, 0xff, 0xf8,
    0x0, 0x0, 0x0, 0x0, 0x0, 0x0, 0x0, 0x0,
    0x0, 0x0, 0x0, 0x0, 0x0, 0x0, 0x0, 0x0,
    0x0, 0x0, 0x0, 0x0, 0xe, 0xff, 0x80, 0x0,
    0x0, 0x0, 0x0, 0xbf, 0xf7, 0x5, 0xff, 0xf2,
    0x0, 0x0, 0x0, 0x5, 0xff, 0xd0, 0x0, 0xcf,
    0xfb, 0x0, 0x0, 0x0, 0xe, 0xff, 0x40, 0x0,
    0x2f, 0xff, 0x40, 0x0, 0x0, 0x8f, 0xfb, 0x0,
    0x0, 0x9, 0xff, 0xd0, 0x0, 0x2, 0xff, 0xf2,
    0x0, 0x0, 0x1, 0xef, 0xf7, 0x0, 0xb, 0xff,
    0x80, 0x0, 0x0, 0x0, 0x6f, 0xff, 0x10, 0x4f,
    0xfe, 0x0, 0x0, 0x0, 0x0, 0xc, 0xff, 0xa0,
    0xdf, 0xf5, 0x0, 0x0, 0x0, 0x0, 0x3, 0xff,
    0xfa, 0xff, 0xc0, 0x0, 0x0, 0x0, 0x0, 0x0,
    0xaf, 0xff, 0xff, 0x20, 0x0, 0x0, 0x0, 0x0,
    0x0, 0x1f, 0xff, 0xf9, 0x0, 0x0, 0x0, 0x0,
    0x0, 0x0, 0xa, 0xff, 0xf1, 0x0, 0x0, 0x0,
    0x0, 0x0, 0x0, 0x5, 0xff, 0xf0, 0x0, 0x0,
    0x0, 0x0, 0x0, 0x0, 0x5, 0xff, 0xe0, 0x0,
    0x0, 0x0, 0x0, 0x0, 0x0, 0x5, 0xff, 0xe0,
    0x0, 0x0, 0x0, 0x0, 0x0, 0x0, 0x5, 0xff,
    0xe0, 0x0, 0x0, 0x0, 0x0, 0x0, 0x0, 0x5,
    0xff, 0xe0, 0x0, 0x0, 0x0, 0x0, 0x0, 0x0,
    0x5, 0xff, 0xe0, 0x0, 0x0, 0x0,

    /* U+0233 "ȳ" */
    0x0, 0x6, 0xff, 0xff, 0xff, 0xff, 0x30, 0x0,
    0x0, 0x6, 0xff, 0xff, 0xff, 0xff, 0x30, 0x0,
    0x0, 0x0, 0x0, 0x0, 0x0, 0x0, 0x0, 0x0,
    0x0, 0x0, 0x0, 0x0, 0x0, 0x0, 0x0, 0x0,
    0xe, 0xff, 0x50, 0x0, 0x0, 0x0, 0xaf, 0xf5,
    0x7, 0xff, 0xb0, 0x0, 0x0, 0x1, 0xff, 0xe0,
    0x1, 0xff, 0xf2, 0x0, 0x0, 0x7, 0xff, 0x70,
    0x0, 0xaf, 0xf9, 0x0, 0x0, 0xe, 0xff, 0x10,
    0x0, 0x3f, 0xfe, 0x0, 0x0, 0x5f, 0xfa, 0x0,
    0x0, 0xc, 0xff, 0x60, 0x0, 0xbf, 0xf3, 0x0,
    0x0, 0x6, 0xff, 0xc0, 0x2, 0xff, 0xd0, 0x0,
    0x0, 0x0, 0xef, 0xf3, 0x9, 0xff, 0x60, 0x0,
    0x0, 0x0, 0x8f, 0xfa, 0xe, 0xff, 0x0, 0x0,
    0x0, 0x0, 0x2f, 0xff, 0x7f, 0xf8, 0x0, 0x0,
    0x0, 0x0, 0xb, 0xff, 0xff, 0xf2, 0x0, 0x0,
    0x0, 0x0, 0x4, 0xff, 0xff, 0xb0, 0x0, 0x0,
    0x0, 0x0, 0x0, 0xdf, 0xff, 0x40, 0x0, 0x0,
    0x0, 0x0, 0x0, 0x9f, 0xfe, 0x0, 0x0, 0x0,
    0x0, 0x0, 0x0, 0xaf, 0xf7, 0x0, 0x0, 0x0,
    0x3, 0x30, 0x3, 0xff, 0xf1, 0x0, 0x0, 0x0,
    0xc, 0xfd, 0xcf, 0xff, 0x70, 0x0, 0x0, 0x0,
    0x3f, 0xff, 0xff, 0xfb, 0x0, 0x0, 0x0, 0x0,
    0x5, 0xbf, 0xfd, 0x70, 0x0, 0x0, 0x0, 0x0,

    /* U+0237 "ȷ" */
    0x0, 0x0, 0xc, 0xff, 0x50, 0x0, 0x0, 0xcf,
    0xf5, 0x0, 0x0, 0xc, 0xff, 0x50, 0x0, 0x0,
    0xcf, 0xf5, 0x0, 0x0, 0xc, 0xff, 0x50, 0x0,
    0x0, 0xcf, 0xf5, 0x0, 0x0, 0xc, 0xff, 0x50,
    0x0, 0x0, 0xcf, 0xf5, 0x0, 0x0, 0xc, 0xff,
    0x50, 0x0, 0x0, 0xcf, 0xf5, 0x0, 0x0, 0xc,
    0xff, 0x50, 0x0, 0x0, 0xcf, 0xf5, 0x0, 0x0,
    0xc, 0xff, 0x50, 0x0, 0x0, 0xcf, 0xf5, 0x0,
    0x0, 0xd, 0xff, 0x40, 0x0, 0x2, 0xff, 0xf2,
    0xb, 0xdb, 0xff, 0xfd, 0x1, 0xff, 0xff, 0xff,
    0x30, 0x19, 0xdf, 0xeb, 0x30, 0x0,

    /* U+023A "Ⱥ" */
    0x0, 0x0, 0x0, 0x0, 0x0, 0x0, 0x0, 0x5f,
    0xf0, 0x0, 0x0, 0x0, 0x0, 0x0, 0x0, 0x0,
    0x0, 0xcf, 0x90, 0x0, 0x0, 0x0, 0x0, 0x0,
    0x7f, 0xff, 0x12, 0xff, 0x20, 0x0, 0x0, 0x0,
    0x0, 0x0, 0xef, 0xff, 0x89, 0xfc, 0x0, 0x0,
    0x0, 0x0, 0x0, 0x5, 0xff, 0xff, 0xff, 0xf5,
    0x0, 0x0, 0x0, 0x0, 0x0, 0xc, 0xff, 0xaf,
    0xff, 0xe0, 0x0, 0x0, 0x0, 0x0, 0x0, 0x3f,
    0xfb, 0x2f, 0xff, 0x80, 0x0, 0x0, 0x0, 0x0,
    0x0, 0xaf, 0xf4, 0xe, 0xff, 0x60, 0x0, 0x0,
    0x0, 0x0, 0x1, 0xff, 0xd0, 0xe, 0xff, 0xb0,
    0x0, 0x0, 0x0, 0x0, 0x8, 0xff, 0x70, 0x1f,
    0xff, 0xf2, 0x0, 0x0, 0x0, 0x0, 0xe, 0xff,
    0x10, 0x7f, 0xff, 0xf9, 0x0, 0x0, 0x0, 0x0,
    0x6f, 0xf9, 0x0, 0xdf, 0x9f, 0xff, 0x10, 0x0,
    0x0, 0x0, 0xdf, 0xf3, 0x4, 0xff, 0x1a, 0xff,
    0x70, 0x0, 0x0, 0x4, 0xff, 0xff, 0xff, 0xff,
    0xff, 0xff, 0xe0, 0x0, 0x0, 0xb, 0xff, 0xff,
    0xff, 0xff, 0xff, 0xff, 0xf5, 0x0, 0x0, 0x2f,
    0xff, 0x76, 0xef, 0xf6, 0x66, 0xcf, 0xfc, 0x0,
    0x0, 0x9f, 0xf8, 0x0, 0xdf, 0x70, 0x0, 0xf,
    0xff, 0x30, 0x1, 0xff, 0xf2, 0x4, 0xff, 0x10,
    0x0, 0x9, 0xff, 0xa0, 0x7, 0xff, 0xb0, 0xb,
    0xfa, 0x0, 0x0, 0x2, 0xff, 0xf1, 0xe, 0xff,
    0x40, 0x1f, 0xf4, 0x0, 0x0, 0x0, 0xbf, 0xf8,
    0x0, 0x0, 0x0, 0x8f, 0xd0, 0x0, 0x0, 0x0,
    0x0, 0x0, 0x0, 0x0, 0x0, 0xef, 0x70, 0x0,
    0x0, 0x0, 0x0, 0x0,

    /* U+023B "Ȼ" */
    0x0, 0x0, 0x0, 0x0, 0x0, 0x0, 0x6f, 0xf1,
    0x0, 0x0, 0x0, 0x0, 0x0, 0x0, 0xd, 0xf9,
    0x0, 0x0, 0x0, 0x3, 0x8c, 0xef, 0xef, 0xff,
    0x20, 0x0, 0x0, 0x1b, 0xff, 0xff, 0xff, 0xff,
    0xf9, 0x0, 0x0, 0x3e, 0xff, 0xff, 0xff, 0xff,
    0xff, 0xfc, 0x10, 0x2e, 0xff, 0xfb, 0x40, 0xa,
    0xff, 0xff, 0xc1, 0xb, 0xff, 0xf5, 0x0, 0x1,
    0xff, 0x54, 0xb0, 0x3, 0xff, 0xf7, 0x0, 0x0,
    0x8f, 0xe0, 0x0, 0x0, 0x8f, 0xfd, 0x0, 0x0,
    0xe, 0xf7, 0x0, 0x0, 0xc, 0xff, 0x80, 0x0,
    0x6, 0xff, 0x10, 0x0, 0x0, 0xdf, 0xf6, 0x0,
    0x0, 0xdf, 0x90, 0x0, 0x0, 0xd, 0xff, 0x60,
    0x0, 0x4f, 0xf2, 0x0, 0x0, 0x0, 0xcf, 0xf8,
    0x0, 0xb, 0xfa, 0x0, 0x0, 0x0, 0x8, 0xff,
    0xd0, 0x2, 0xff, 0x30, 0x0, 0x0, 0x0, 0x3f,
    0xff, 0x70, 0xaf, 0xc0, 0x0, 0x0, 0x0, 0x0,
    0xbf, 0xff, 0x7f, 0xf5, 0x0, 0x0, 0x4b, 0x10,
    0x2, 0xef, 0xff, 0xff, 0x10, 0x4, 0xaf, 0xfd,
    0x10, 0x3, 0xef, 0xff, 0xff, 0xff, 0xff, 0xff,
    0xc0, 0x0, 0x1, 0xff, 0xff, 0xff, 0xff, 0xff,
    0x90, 0x0, 0x0, 0xd, 0xff, 0xce, 0xfe, 0xc8,
    0x20, 0x0, 0x0, 0x4, 0xff, 0x20, 0x0, 0x0,
    0x0, 0x0, 0x0, 0x0, 0x58, 0x60, 0x0, 0x0,
    0x0, 0x0, 0x0,

    /* U+023C "ȼ" */
    0x0, 0x0, 0x0, 0x0, 0x0, 0xaf, 0x30, 0x0,
    0x0, 0x0, 0x0, 0x1, 0xfd, 0x0, 0x0, 0x0,
    0x28, 0xce, 0xff, 0xf9, 0x0, 0x0, 0x6, 0xff,
    0xff, 0xff, 0xff, 0x80, 0x0, 0x7f, 0xff, 0xfd,
    0xff, 0xff, 0xf6, 0x2, 0xff, 0xfb, 0x10, 0xaf,
    0xdf, 0xe6, 0x9, 0xff, 0xc0, 0x1, 0xfd, 0x6,
    0x10, 0xd, 0xff, 0x50, 0x6, 0xf7, 0x0, 0x0,
    0xf, 0xff, 0x20, 0xd, 0xf1, 0x0, 0x0, 0xf,
    0xff, 0x20, 0x3f, 0xa0, 0x0, 0x0, 0xd, 0xff,
    0x50, 0x9f, 0x40, 0x0, 0x0, 0x9, 0xff, 0xc1,
    0xfd, 0x0, 0x6, 0x10, 0x2, 0xff, 0xff, 0xf7,
    0x1, 0x9f, 0xf6, 0x0, 0x6f, 0xff, 0xff, 0xdf,
    0xff, 0xf5, 0x0, 0x6, 0xff, 0xff, 0xff, 0xff,
    0x70, 0x0, 0x0, 0xbf, 0xfe, 0xfd, 0x93, 0x0,
    0x0, 0x0, 0xfe, 0x0, 0x0, 0x0, 0x0, 0x0,
    0x6, 0xf7, 0x0, 0x0, 0x0, 0x0,

    /* U+023D "Ƚ" */
    0x0, 0x6f, 0xfd, 0x0, 0x0, 0x0, 0x0, 0x0,
    0x6, 0xff, 0xd0, 0x0, 0x0, 0x0, 0x0, 0x0,
    0x6f, 0xfd, 0x0, 0x0, 0x0, 0x0, 0x0, 0x6,
    0xff, 0xd0, 0x0, 0x0, 0x0, 0x0, 0x0, 0x6f,
    0xfd, 0x0, 0x0, 0x0, 0x0, 0x0, 0x6, 0xff,
    0xd0, 0x0, 0x0, 0x0, 0x0, 0x0, 0x6f, 0xfd,
    0x0, 0x0, 0x0, 0x0, 0x5, 0x7d, 0xff, 0xf7,
    0x77, 0x30, 0x0, 0x0, 0xcf, 0xff, 0xff, 0xff,
    0xf7, 0x0, 0x0, 0xc, 0xff, 0xff, 0xff, 0xff,
    0x70, 0x0, 0x0, 0x0, 0x6f, 0xfd, 0x0, 0x0,
    0x0, 0x0, 0x0, 0x6, 0xff, 0xd0, 0x0, 0x0,
    0x0, 0x0, 0x0, 0x6f, 0xfd, 0x0, 0x0, 0x0,
    0x0, 0x0, 0x6, 0xff, 0xd0, 0x0, 0x0, 0x0,
    0x0, 0x0, 0x6f, 0xfd, 0x0, 0x0, 0x0, 0x0,
    0x0, 0x6, 0xff, 0xfd, 0xdd, 0xdd, 0xdd, 0xdd,
    0x0, 0x6f, 0xff, 0xff, 0xff, 0xff, 0xff, 0xf0,
    0x6, 0xff, 0xff, 0xff, 0xff, 0xff, 0xff,

    /* U+023E "Ⱦ" */
    0x0, 0x0, 0x0, 0x0, 0x0, 0x2, 0xff, 0x20,
    0x0, 0x0, 0x0, 0x0, 0x0, 0x9f, 0xb0, 0xef,
    0xff, 0xff, 0xff, 0xff, 0xff, 0xff, 0xde, 0xff,
    0xff, 0xff, 0xff, 0xff, 0xff, 0xfd, 0xcd, 0xdd,
    0xdd, 0xff, 0xfd, 0xff, 0xfd, 0xb0, 0x0, 0x0,
    0x1f, 0xff, 0x5f, 0xf0, 0x0, 0x0, 0x0, 0x1,
    0xff, 0xfc, 0xf9, 0x0, 0x0, 0x0, 0x0, 0x1f,
    0xff, 0xff, 0x20, 0x0, 0x0, 0x0, 0x1, 0xff,
    0xff, 0xb0, 0x0, 0x0, 0x0, 0x0, 0x1f, 0xff,
    0xf4, 0x0, 0x0, 0x0, 0x0, 0x1, 0xff, 0xfe,
    0x0, 0x0, 0x0, 0x0, 0x0, 0x1f, 0xff, 0x70,
    0x0, 0x0, 0x0, 0x0, 0x1, 0xff, 0xf1, 0x0,
    0x0, 0x0, 0x0, 0x0, 0x1f, 0xff, 0x0, 0x0,
    0x0, 0x0, 0x0, 0x4, 0xff, 0xf0, 0x0, 0x0,
    0x0, 0x0, 0x0, 0xbf, 0xff, 0x0, 0x0, 0x0,
    0x0, 0x0, 0x1f, 0xff, 0xf0, 0x0, 0x0, 0x0,
    0x0, 0x7, 0xff, 0xff, 0x0, 0x0, 0x0, 0x0,
    0x0, 0xef, 0xff, 0xf0, 0x0, 0x0, 0x0, 0x0,
    0x5f, 0xff, 0xff, 0x0, 0x0, 0x0, 0x0, 0xc,
    0xf8, 0x0, 0x0, 0x0, 0x0, 0x0, 0x3, 0xff,
    0x20, 0x0, 0x0, 0x0, 0x0,

    /* U+0241 "Ɂ" */
    0x0, 0x1, 0x7b, 0xef, 0xfd, 0xa5, 0x0, 0x0,
    0x0, 0x8f, 0xff, 0xff, 0xff, 0xff, 0xd2, 0x0,
    0xc, 0xff, 0xff, 0xfd, 0xef, 0xff, 0xff, 0x20,
    0x8f, 0xff, 0xb3, 0x0, 0x1, 0x8f, 0xff, 0xb0,
    0x8, 0xf7, 0x0, 0x0, 0x0, 0x6, 0xff, 0xf1,
    0x0, 0x20, 0x0, 0x0, 0x0, 0x0, 0xff, 0xf3,
    0x0, 0x0, 0x0, 0x0, 0x0, 0x1, 0xff, 0xf2,
    0x0, 0x0, 0x0, 0x0, 0x0, 0xb, 0xff, 0xe0,
    0x0, 0x0, 0x0, 0x0, 0x2, 0xcf, 0xff, 0x50,
    0x0, 0x0, 0x0, 0x0, 0x7f, 0xff, 0xf6, 0x0,
    0x0, 0x0, 0x0, 0xb, 0xff, 0xfd, 0x30, 0x0,
    0x0, 0x0, 0x0, 0x8f, 0xff, 0x90, 0x0, 0x0,
    0x0, 0x0, 0x0, 0xff, 0xfa, 0x0, 0x0, 0x0,
    0x0, 0x0, 0x1, 0xff, 0xf2, 0x0, 0x0, 0x0,
    0x0, 0x0, 0x2, 0xff, 0xf1, 0x0, 0x0, 0x0,
    0x0, 0x0, 0x2, 0xff, 0xf1, 0x0, 0x0, 0x0,
    0x0, 0x0, 0x2, 0xff, 0xf1, 0x0, 0x0, 0x0,
    0x0, 0x0, 0x2, 0xff, 0xf1, 0x0, 0x0, 0x0,

    /* U+0242 "ɂ" */
    0x0, 0x2, 0x8c, 0xff, 0xea, 0x50, 0x0, 0x0,
    0x9f, 0xff, 0xff, 0xff, 0xfb, 0x0, 0xc, 0xff,
    0xff, 0xee, 0xff, 0xff, 0xb0, 0x2d, 0xff, 0x71,
    0x0, 0x2c, 0xff, 0xf2, 0x0, 0x84, 0x0, 0x0,
    0x1, 0xff, 0xf5, 0x0, 0x0, 0x0, 0x0, 0x0,
    0xef, 0xf6, 0x0, 0x0, 0x0, 0x0, 0x2, 0xff,
    0xf3, 0x0, 0x0, 0x0, 0x0, 0x1d, 0xff, 0xb0,
    0x0, 0x0, 0x0, 0x1, 0xef, 0xfd, 0x10, 0x0,
    0x0, 0x0, 0xd, 0xff, 0xd1, 0x0, 0x0, 0x0,
    0x0, 0x7f, 0xff, 0x20, 0x0, 0x0, 0x0, 0x0,
    0xdf, 0xf8, 0x0, 0x0, 0x0, 0x0, 0x0, 0xff,
    0xf3, 0x0, 0x0, 0x0, 0x0, 0x0, 0xff, 0xf2,
    0x0, 0x0,

    /* U+0243 "Ƀ" */
    0x0, 0x2f, 0xff, 0xff, 0xff, 0xff, 0xeb, 0x70,
    0x0, 0x0, 0x2, 0xff, 0xff, 0xff, 0xff, 0xff,
    0xff, 0xe3, 0x0, 0x0, 0x2f, 0xff, 0xaa, 0xaa,
    0xab, 0xef, 0xff, 0xe0, 0x0, 0x2, 0xff, 0xf1,
    0x0, 0x0, 0x0, 0x8f, 0xff, 0x50, 0x0, 0x2f,
    0xff, 0x10, 0x0, 0x0, 0x0, 0xef, 0xf7, 0x0,
    0x2, 0xff, 0xf1, 0x0, 0x0, 0x0, 0xd, 0xff,
    0x60, 0x0, 0x2f, 0xff, 0x10, 0x0, 0x0, 0x5,
    0xff, 0xf1, 0x0, 0x2, 0xff, 0xf9, 0x88, 0x88,
    0x9c, 0xff, 0xf5, 0x0, 0x0, 0x2f, 0xff, 0xff,
    0xff, 0xff, 0xff, 0xfb, 0x10, 0x0, 0x2, 0xff,
    0xff, 0xff, 0xff, 0xff, 0xff, 0xfe, 0x20, 0x0,
    0x2f, 0xff, 0x10, 0x0, 0x0, 0x16, 0xef, 0xfc,
    0x2, 0x57, 0xff, 0xf6, 0x55, 0x30, 0x0, 0x4,
    0xff, 0xf2, 0x8f, 0xff, 0xff, 0xff, 0xfa, 0x0,
    0x0, 0xf, 0xff, 0x58, 0xff, 0xff, 0xff, 0xff,
    0xa0, 0x0, 0x1, 0xff, 0xf5, 0x0, 0x2f, 0xff,
    0x10, 0x0, 0x0, 0x1, 0xaf, 0xff, 0x10, 0x2,
    0xff, 0xfa, 0xaa, 0xaa, 0xac, 0xff, 0xff, 0xa0,
    0x0, 0x2f, 0xff, 0xff, 0xff, 0xff, 0xff, 0xff,
    0xb0, 0x0, 0x2, 0xff, 0xff, 0xff, 0xff, 0xff,
    0xda, 0x40, 0x0,

    /* U+0244 "Ʉ" */
    0x0, 0xc, 0xff, 0x70, 0x0, 0x0, 0x0, 0xa,
    0xff, 0x80, 0x0, 0x0, 0xcf, 0xf7, 0x0, 0x0,
    0x0, 0x0, 0xaf, 0xf8, 0x0, 0x0, 0xc, 0xff,
    0x70, 0x0, 0x0, 0x0, 0xa, 0xff, 0x80, 0x0,
    0x0, 0xcf, 0xf7, 0x0, 0x0, 0x0, 0x0, 0xaf,
    0xf8, 0x0, 0x0, 0xc, 0xff, 0x70, 0x0, 0x0,
    0x0, 0xa, 0xff, 0x80, 0x0, 0x0, 0xcf, 0xf7,
    0x0, 0x0, 0x0, 0x0, 0xaf, 0xf8, 0x0, 0x0,
    0xc, 0xff, 0x70, 0x0, 0x0, 0x0, 0xa, 0xff,
    0x80, 0x3, 0xff, 0xff, 0xff, 0xff, 0xff, 0xff,
    0xff, 0xff, 0xff, 0xfe, 0x3f, 0xff, 0xff, 0xff,
    0xff, 0xff, 0xff, 0xff, 0xff, 0xff, 0xe1, 0x77,
    0xff, 0xfe, 0x77, 0x77, 0x77, 0x77, 0xff, 0xff,
    0x76, 0x0, 0xc, 0xff, 0x70, 0x0, 0x0, 0x0,
    0xb, 0xff, 0x70, 0x0, 0x0, 0xbf, 0xf9, 0x0,
    0x0, 0x0, 0x0, 0xdf, 0xf6, 0x0, 0x0, 0x8,
    0xff, 0xd0, 0x0, 0x0, 0x0, 0x1f, 0xff, 0x30,
    0x0, 0x0, 0x3f, 0xff, 0x60, 0x0, 0x0, 0xa,
    0xff, 0xe0, 0x0, 0x0, 0x0, 0xcf, 0xff, 0x82,
    0x0, 0x3b, 0xff, 0xf7, 0x0, 0x0, 0x0, 0x2,
    0xff, 0xff, 0xff, 0xff, 0xff, 0xfc, 0x0, 0x0,
    0x0, 0x0, 0x3, 0xef, 0xff, 0xff, 0xff, 0xfb,
    0x10, 0x0, 0x0, 0x0, 0x0, 0x0, 0x6b, 0xef,
    0xfd, 0xa4, 0x0, 0x0, 0x0,

    /* U+0245 "Ʌ" */
    0x0, 0x0, 0x0, 0x0, 0xbf, 0xfe, 0x0, 0x0,
    0x0, 0x0, 0x0, 0x0, 0x0, 0x2, 0xff, 0xff,
    0x50, 0x0, 0x0, 0x0, 0x0, 0x0, 0x0, 0x8,
    0xff, 0xff, 0xc0, 0x0, 0x0, 0x0, 0x0, 0x0,
    0x0, 0xf, 0xff, 0xff, 0xf3, 0x0, 0x0, 0x0,
    0x0, 0x0, 0x0, 0x6f, 0xfd, 0xdf, 0xf9, 0x0,
    0x0, 0x0, 0x0, 0x0, 0x0, 0xdf, 0xf6, 0x6f,
    0xff, 0x10, 0x0, 0x0, 0x0, 0x0, 0x4, 0xff,
    0xf0, 0xf, 0xff, 0x70, 0x0, 0x0, 0x0, 0x0,
    0xa, 0xff, 0x90, 0x9, 0xff, 0xd0, 0x0, 0x0,
    0x0, 0x0, 0x1f, 0xff, 0x20, 0x2, 0xff, 0xf4,
    0x0, 0x0, 0x0, 0x0, 0x8f, 0xfb, 0x0, 0x0,
    0xbf, 0xfb, 0x0, 0x0, 0x0, 0x0, 0xef, 0xf4,
    0x0, 0x0, 0x5f, 0xff, 0x20, 0x0, 0x0, 0x5,
    0xff, 0xd0, 0x0, 0x0, 0xe, 0xff, 0x90, 0x0,
    0x0, 0xc, 0xff, 0x60, 0x0, 0x0, 0x7, 0xff,
    0xf0, 0x0, 0x0, 0x3f, 0xff, 0x0, 0x0, 0x0,
    0x1, 0xff, 0xf6, 0x0, 0x0, 0xaf, 0xf9, 0x0,
    0x0, 0x0, 0x0, 0xaf, 0xfd, 0x0, 0x1, 0xff,
    0xf2, 0x0, 0x0, 0x0, 0x0, 0x3f, 0xff, 0x40,
    0x7, 0xff, 0xb0, 0x0, 0x0, 0x0, 0x0, 0xc,
    0xff, 0xb0, 0xe, 0xff, 0x40, 0x0, 0x0, 0x0,
    0x0, 0x6, 0xff, 0xf2,

    /* U+0246 "Ɇ" */
    0x0, 0x0, 0x0, 0x0, 0x0, 0x2f, 0xf2, 0x0,
    0x0, 0x0, 0x0, 0x0, 0x9f, 0xb0, 0xaf, 0xff,
    0xff, 0xff, 0xff, 0xff, 0xf2, 0xaf, 0xff, 0xff,
    0xff, 0xff, 0xff, 0xf2, 0xaf, 0xfe, 0xdd, 0xdd,
    0xdf, 0xff, 0xd1, 0xaf, 0xf9, 0x0, 0x0, 0x5f,
    0xf0, 0x0, 0xaf, 0xf9, 0x0, 0x0, 0xcf, 0x80,
    0x0, 0xaf, 0xf9, 0x0, 0x3, 0xff, 0x20, 0x0,
    0xaf, 0xf9, 0x0, 0xa, 0xfb, 0x0, 0x0, 0xaf,
    0xff, 0xcc, 0xdf, 0xff, 0xcc, 0x0, 0xaf, 0xff,
    0xff, 0xff, 0xff, 0xff, 0x0, 0xaf, 0xff, 0xff,
    0xff, 0xff, 0xff, 0x0, 0xaf, 0xf9, 0x5, 0xfe,
    0x0, 0x0, 0x0, 0xaf, 0xf9, 0xc, 0xf8, 0x0,
    0x0, 0x0, 0xaf, 0xf9, 0x3f, 0xf2, 0x0, 0x0,
    0x0, 0xaf, 0xf9, 0xaf, 0xb0, 0x0, 0x0, 0x0,
    0xaf, 0xfb, 0xff, 0x40, 0x0, 0x0, 0x0, 0xaf,
    0xff, 0xff, 0xdd, 0xdd, 0xdd, 0xd6, 0xaf, 0xff,
    0xff, 0xff, 0xff, 0xff, 0xf7, 0xaf, 0xff, 0xff,
    0xff, 0xff, 0xff, 0xf7, 0x0, 0xcf, 0x80, 0x0,
    0x0, 0x0, 0x0, 0x3, 0xff, 0x20, 0x0, 0x0,
    0x0, 0x0,

    /* U+0247 "ɇ" */
    0x0, 0x0, 0x0, 0x0, 0x0, 0xbf, 0x20, 0x0,
    0x0, 0x0, 0x0, 0x0, 0x2f, 0xb0, 0x0, 0x0,
    0x0, 0x39, 0xdf, 0xef, 0xf6, 0x0, 0x0, 0x0,
    0x8f, 0xff, 0xff, 0xff, 0xe3, 0x0, 0x0, 0x8f,
    0xff, 0xda, 0xff, 0xff, 0xf2, 0x0, 0x3f, 0xff,
    0x50, 0xb, 0xfc, 0xff, 0xc0, 0x9, 0xff, 0x80,
    0x1, 0xfc, 0xd, 0xff, 0x20, 0xef, 0xf4, 0x22,
    0xaf, 0x82, 0x9f, 0xf6, 0xf, 0xff, 0xff, 0xff,
    0xff, 0xff, 0xff, 0x80, 0xff, 0xff, 0xff, 0xff,
    0xff, 0xff, 0xf9, 0xd, 0xff, 0x30, 0xbf, 0x20,
    0x0, 0x0, 0x0, 0x9f, 0xfb, 0x1f, 0xc0, 0x0,
    0x0, 0x0, 0x2, 0xff, 0xff, 0xf6, 0x0, 0x2c,
    0xa0, 0x0, 0x7, 0xff, 0xff, 0xec, 0xdf, 0xff,
    0x60, 0x0, 0x6, 0xff, 0xff, 0xff, 0xff, 0xc1,
    0x0, 0x0, 0xc, 0xff, 0xef, 0xeb, 0x50, 0x0,
    0x0, 0x1, 0xfc, 0x0, 0x0, 0x0, 0x0, 0x0,
    0x0, 0x7f, 0x60, 0x0, 0x0, 0x0, 0x0,

    /* U+0248 "Ɉ" */
    0x0, 0x8f, 0xff, 0xff, 0xff, 0xff, 0x0, 0x0,
    0x8, 0xff, 0xff, 0xff, 0xff, 0xf0, 0x0, 0x0,
    0x6d, 0xdd, 0xdd, 0xdf, 0xff, 0x0, 0x0, 0x0,
    0x0, 0x0, 0x4, 0xff, 0xf0, 0x0, 0x0, 0x0,
    0x0, 0x0, 0x4f, 0xff, 0x0, 0x0, 0x0, 0x0,
    0x0, 0x4, 0xff, 0xf0, 0x0, 0x0, 0x0, 0x0,
    0x0, 0x4f, 0xff, 0x0, 0x0, 0x0, 0x0, 0xef,
    0xff, 0xff, 0xff, 0xf6, 0x0, 0x0, 0xe, 0xff,
    0xff, 0xff, 0xff, 0x60, 0x0, 0x0, 0x67, 0x7c,
    0xff, 0xf7, 0x72, 0x0, 0x0, 0x0, 0x0, 0x4f,
    0xff, 0x0, 0x0, 0x0, 0x0, 0x0, 0x4, 0xff,
    0xf0, 0x0, 0x0, 0x0, 0x0, 0x0, 0x5f, 0xfe,
    0x0, 0x0, 0xb, 0x10, 0x0, 0x9, 0xff, 0xc0,
    0x0, 0xa, 0xfd, 0x30, 0x4, 0xff, 0xf8, 0x0,
    0x2, 0xff, 0xff, 0xef, 0xff, 0xff, 0x20, 0x0,
    0x4, 0xef, 0xff, 0xff, 0xff, 0x50, 0x0, 0x0,
    0x1, 0x8c, 0xff, 0xd9, 0x20, 0x0, 0x0,

    /* U+0249 "ɉ" */
    0x0, 0x0, 0x2c, 0xf9, 0x0, 0x0, 0x0, 0x9,
    0xff, 0xf3, 0x0, 0x0, 0x0, 0x9f, 0xff, 0x30,
    0x0, 0x0, 0x1, 0xad, 0x70, 0x0, 0x0, 0x0,
    0x0, 0x0, 0x0, 0x0, 0x0, 0x0, 0x0, 0x0,
    0x0, 0x0, 0x0, 0x4f, 0xfe, 0x0, 0x0, 0x0,
    0x4, 0xff, 0xe0, 0x0, 0x0, 0x0, 0x4f, 0xfe,
    0x0, 0x0, 0x0, 0x4, 0xff, 0xe0, 0x0, 0x0,
    0x0, 0x4f, 0xfe, 0x0, 0x0, 0x1, 0x15, 0xff,
    0xf1, 0x10, 0x0, 0xcf, 0xff, 0xff, 0xff, 0x20,
    0xc, 0xff, 0xff, 0xff, 0xf2, 0x0, 0x0, 0x4f,
    0xfe, 0x0, 0x0, 0x0, 0x4, 0xff, 0xe0, 0x0,
    0x0, 0x0, 0x4f, 0xfe, 0x0, 0x0, 0x0, 0x4,
    0xff, 0xe0, 0x0, 0x0, 0x0, 0x4f, 0xfe, 0x0,
    0x0, 0x0, 0x4, 0xff, 0xe0, 0x0, 0x0, 0x0,
    0x4f, 0xfd, 0x0, 0x0, 0x0, 0x9, 0xff, 0xb0,
    0x0, 0x2f, 0xbc, 0xff, 0xf6, 0x0, 0x8, 0xff,
    0xff, 0xfc, 0x0, 0x0, 0x4c, 0xef, 0xd8, 0x0,
    0x0, 0x0,

    /* U+024A "Ɋ" */
    0x0, 0x0, 0x4, 0x9d, 0xef, 0xda, 0x50, 0x7,
    0xff, 0xc0, 0x0, 0x0, 0x0, 0x2c, 0xff, 0xff,
    0xff, 0xff, 0xd3, 0x7f, 0xfc, 0x0, 0x0, 0x0,
    0x4f, 0xff, 0xff, 0xff, 0xff, 0xff, 0xfc, 0xff,
    0xc0, 0x0, 0x0, 0x2e, 0xff, 0xfb, 0x40, 0x0,
    0x4a, 0xff, 0xff, 0xfc, 0x0, 0x0, 0xb, 0xff,
    0xf5, 0x0, 0x0, 0x0, 0x5, 0xff, 0xff, 0xc0,
    0x0, 0x3, 0xff, 0xf7, 0x0, 0x0, 0x0, 0x0,
    0x6, 0xff, 0xfc, 0x0, 0x0, 0x8f, 0xfd, 0x0,
    0x0, 0x0, 0x0, 0x0, 0xf, 0xff, 0xc0, 0x0,
    0xc, 0xff, 0x90, 0x0, 0x0, 0x0, 0x0, 0x0,
    0xaf, 0xfc, 0x0, 0x0, 0xdf, 0xf6, 0x0, 0x0,
    0x0, 0x0, 0x0, 0x7, 0xff, 0xc0, 0x0, 0xd,
    0xff, 0x60, 0x0, 0x0, 0x0, 0x0, 0x0, 0x7f,
    0xfc, 0x0, 0x0, 0xcf, 0xf9, 0x0, 0x0, 0x0,
    0x0, 0x0, 0xb, 0xff, 0xc0, 0x0, 0x8, 0xff,
    0xe0, 0x0, 0x0, 0x0, 0x0, 0x0, 0xff, 0xfc,
    0x0, 0x0, 0x3f, 0xff, 0x70, 0x0, 0x0, 0x0,
    0x0, 0x6f, 0xff, 0xc0, 0x0, 0x0, 0xbf, 0xff,
    0x50, 0x0, 0x0, 0x0, 0x5f, 0xff, 0xfc, 0x0,
    0x0, 0x2, 0xef, 0xff, 0xb4, 0x0, 0x4, 0xaf,
    0xff, 0xff, 0xc0, 0x0, 0x0, 0x3, 0xef, 0xff,
    0xff, 0xff, 0xff, 0xff, 0xdf, 0xfc, 0x0, 0x0,
    0x0, 0x2, 0xcf, 0xff, 0xff, 0xff, 0xfd, 0x47,
    0xff, 0xc0, 0x0, 0x0, 0x0, 0x0, 0x49, 0xdf,
    0xfe, 0xa5, 0x0, 0x7f, 0xfc, 0x0, 0x0, 0x0,
    0x0, 0x0, 0x0, 0x0, 0x0, 0x0, 0x6, 0xff,
    0xd0, 0x0, 0x0, 0x0, 0x0, 0x0, 0x0, 0x0,
    0x0, 0x0, 0x5f, 0xff, 0x30, 0x0, 0x0, 0x0,
    0x0, 0x0, 0x0, 0x0, 0x0, 0x1, 0xff, 0xff,
    0xd8, 0x0, 0x0, 0x0, 0x0, 0x0, 0x0, 0x0,
    0x0, 0x6, 0xff, 0xff, 0xe0, 0x0, 0x0, 0x0,
    0x0, 0x0, 0x0, 0x0, 0x0, 0x4, 0xcf, 0xfc,
    0x10,

    /* U+024B "ɋ" */
    0x0, 0x0, 0x3a, 0xdf, 0xeb, 0x50, 0xef, 0xf1,
    0x0, 0x0, 0x0, 0x9f, 0xff, 0xff, 0xff, 0x9e,
    0xff, 0x10, 0x0, 0x0, 0x9f, 0xff, 0xfd, 0xcf,
    0xff, 0xff, 0xf1, 0x0, 0x0, 0x3f, 0xff, 0xa1,
    0x0, 0x19, 0xff, 0xff, 0x10, 0x0, 0xa, 0xff,
    0xc0, 0x0, 0x0, 0xa, 0xff, 0xf1, 0x0, 0x0,
    0xef, 0xf5, 0x0, 0x0, 0x0, 0x3f, 0xff, 0x10,
    0x0, 0xf, 0xff, 0x20, 0x0, 0x0, 0x0, 0xff,
    0xf1, 0x0, 0x0, 0xff, 0xf2, 0x0, 0x0, 0x0,
    0xf, 0xff, 0x10, 0x0, 0xe, 0xff, 0x50, 0x0,
    0x0, 0x3, 0xff, 0xf1, 0x0, 0x0, 0xaf, 0xfc,
    0x0, 0x0, 0x0, 0xbf, 0xff, 0x10, 0x0, 0x3,
    0xff, 0xfb, 0x10, 0x1, 0x9f, 0xff, 0xf1, 0x0,
    0x0, 0x9, 0xff, 0xff, 0xdd, 0xff, 0xff, 0xff,
    0x10, 0x0, 0x0, 0x9, 0xff, 0xff, 0xff, 0xf9,
    0xff, 0xf1, 0x0, 0x0, 0x0, 0x3, 0xad, 0xfe,
    0xb4, 0xf, 0xff, 0x10, 0x0, 0x0, 0x0, 0x0,
    0x0, 0x0, 0x0, 0xff, 0xf1, 0x0, 0x0, 0x0,
    0x0, 0x0, 0x0, 0x0, 0xe, 0xff, 0x50, 0x0,
    0x0, 0x0, 0x0, 0x0, 0x0, 0x0, 0xaf, 0xff,
    0xa9, 0x0, 0x0, 0x0, 0x0, 0x0, 0x0, 0x2,
    0xef, 0xff, 0xf1, 0x0, 0x0, 0x0, 0x0, 0x0,
    0x0, 0x1, 0x9d, 0xfe, 0x30,

    /* U+024C "Ɍ" */
    0x0, 0xa, 0xff, 0xff, 0xff, 0xfe, 0xd9, 0x30,
    0x0, 0x0, 0x0, 0xaf, 0xff, 0xff, 0xff, 0xff,
    0xff, 0xa0, 0x0, 0x0, 0xa, 0xff, 0xfd, 0xdd,
    0xde, 0xff, 0xff, 0xb0, 0x0, 0x0, 0xaf, 0xf9,
    0x0, 0x0, 0x2, 0xbf, 0xff, 0x50, 0x0, 0xa,
    0xff, 0x90, 0x0, 0x0, 0x0, 0xcf, 0xfb, 0x0,
    0x0, 0xaf, 0xf9, 0x0, 0x0, 0x0, 0x6, 0xff,
    0xe0, 0x0, 0xa, 0xff, 0x90, 0x0, 0x0, 0x0,
    0x4f, 0xff, 0x0, 0x0, 0xaf, 0xf9, 0x0, 0x0,
    0x0, 0x7, 0xff, 0xd0, 0x0, 0xa, 0xff, 0x90,
    0x0, 0x0, 0x0, 0xdf, 0xfa, 0x0, 0x0, 0xaf,
    0xf9, 0x0, 0x0, 0x15, 0xdf, 0xff, 0x30, 0xf,
    0xff, 0xff, 0xff, 0xff, 0xff, 0xff, 0xff, 0x80,
    0x0, 0xff, 0xff, 0xff, 0xff, 0xff, 0xff, 0xff,
    0x60, 0x0, 0x7, 0x7f, 0xff, 0xff, 0xff, 0xdf,
    0xff, 0x90, 0x0, 0x0, 0x0, 0xaf, 0xf9, 0x0,
    0x0, 0x4f, 0xff, 0x30, 0x0, 0x0, 0xa, 0xff,
    0x90, 0x0, 0x0, 0x9f, 0xfd, 0x0, 0x0, 0x0,
    0xaf, 0xf9, 0x0, 0x0, 0x0, 0xdf, 0xf9, 0x0,
    0x0, 0xa, 0xff, 0x90, 0x0, 0x0, 0x3, 0xff,
    0xf4, 0x0, 0x0, 0xaf, 0xf9, 0x0, 0x0, 0x0,
    0x8, 0xff, 0xe1,

    /* U+024D "ɍ" */
    0x0, 0x5f, 0xfa, 0x6, 0xce, 0x50, 0x5, 0xff,
    0xac, 0xff, 0xf6, 0x0, 0x5f, 0xff, 0xff, 0xfd,
    0x50, 0x5, 0xff, 0xff, 0x60, 0x0, 0x0, 0x5f,
    0xff, 0x60, 0x0, 0x0, 0x5, 0xff, 0xf0, 0x0,
    0x0, 0xaf, 0xff, 0xff, 0xff, 0x40, 0xa, 0xff,
    0xff, 0xff, 0xf4, 0x0, 0x11, 0x7f, 0xfe, 0x11,
    0x0, 0x0, 0x5, 0xff, 0xc0, 0x0, 0x0, 0x0,
    0x5f, 0xfc, 0x0, 0x0, 0x0, 0x5, 0xff, 0xc0,
    0x0, 0x0, 0x0, 0x5f, 0xfc, 0x0, 0x0, 0x0,
    0x5, 0xff, 0xc0, 0x0, 0x0,

    /* U+024E "Ɏ" */
    0xe, 0xff, 0x70, 0x0, 0x0, 0x0, 0x0, 0xaf,
    0xf7, 0x5, 0xff, 0xe1, 0x0, 0x0, 0x0, 0x3,
    0xff, 0xd0, 0x17, 0xff, 0xff, 0x77, 0x77, 0x77,
    0x7f, 0xff, 0xd5, 0x3f, 0xff, 0xff, 0xff, 0xff,
    0xff, 0xff, 0xff, 0xfc, 0x3f, 0xff, 0xff, 0xff,
    0xff, 0xff, 0xff, 0xff, 0xfc, 0x0, 0x2, 0xff,
    0xf4, 0x0, 0x7, 0xff, 0xa0, 0x0, 0x0, 0x0,
    0x8f, 0xfc, 0x0, 0x1f, 0xff, 0x10, 0x0, 0x0,
    0x0, 0xe, 0xff, 0x60, 0x9f, 0xf7, 0x0, 0x0,
    0x0, 0x0, 0x6, 0xff, 0xe3, 0xff, 0xe0, 0x0,
    0x0, 0x0, 0x0, 0x0, 0xdf, 0xff, 0xff, 0x50,
    0x0, 0x0, 0x0, 0x0, 0x0, 0x4f, 0xff, 0xfc,
    0x0, 0x0, 0x0, 0x0, 0x0, 0x0, 0xc, 0xff,
    0xf3, 0x0, 0x0, 0x0, 0x0, 0x0, 0x0, 0x7,
    0xff, 0xf0, 0x0, 0x0, 0x0, 0x0, 0x0, 0x0,
    0x5, 0xff, 0xe0, 0x0, 0x0, 0x0, 0x0, 0x0,
    0x0, 0x5, 0xff, 0xe0, 0x0, 0x0, 0x0, 0x0,
    0x0, 0x0, 0x5, 0xff, 0xe0, 0x0, 0x0, 0x0,
    0x0, 0x0, 0x0, 0x5, 0xff, 0xe0, 0x0, 0x0,
    0x0, 0x0, 0x0, 0x0, 0x5, 0xff, 0xe0, 0x0,
    0x0, 0x0,

    /* U+024F "ɏ" */
    0xc, 0xff, 0x60, 0x0, 0x0, 0x0, 0x8f, 0xf7,
    0x5, 0xff, 0xc0, 0x0, 0x0, 0x0, 0xef, 0xf1,
    0x0, 0xef, 0xf3, 0x0, 0x0, 0x4, 0xff, 0x90,
    0x0, 0x8f, 0xf9, 0x0, 0x0, 0xb, 0xff, 0x30,
    0x0, 0x1f, 0xff, 0x0, 0x0, 0x1f, 0xfc, 0x0,
    0x9, 0xff, 0xff, 0xff, 0xff, 0xff, 0xff, 0xf4,
    0x9, 0xff, 0xff, 0xff, 0xff, 0xff, 0xff, 0xf4,
    0x0, 0x11, 0xef, 0xf4, 0x16, 0xff, 0x91, 0x10,
    0x0, 0x0, 0x5f, 0xf9, 0xb, 0xff, 0x10, 0x0,
    0x0, 0x0, 0xe, 0xff, 0x2f, 0xfa, 0x0, 0x0,
    0x0, 0x0, 0x8, 0xff, 0xef, 0xf4, 0x0, 0x0,
    0x0, 0x0, 0x1, 0xff, 0xff, 0xd0, 0x0, 0x0,
    0x0, 0x0, 0x0, 0xaf, 0xff, 0x60, 0x0, 0x0,
    0x0, 0x0, 0x0, 0x5f, 0xff, 0x0, 0x0, 0x0,
    0x0, 0x0, 0x0, 0x8f, 0xf9, 0x0, 0x0, 0x0,
    0x2, 0x50, 0x2, 0xff, 0xf2, 0x0, 0x0, 0x0,
    0xa, 0xfd, 0xbf, 0xff, 0x90, 0x0, 0x0, 0x0,
    0x1f, 0xff, 0xff, 0xfc, 0x0, 0x0, 0x0, 0x0,
    0x4, 0xbe, 0xfd, 0x80, 0x0, 0x0, 0x0, 0x0,

    /* U+0394 "Δ" */
    0x0, 0x0, 0x0, 0x0, 0x7f, 0xff, 0x20, 0x0,
    0x0, 0x0, 0x0, 0x0, 0x0, 0x0, 0xef, 0xff,
    0xa0, 0x0, 0x0, 0x0, 0x0, 0x0, 0x0, 0x6,
    0xff, 0xff, 0xf2, 0x0, 0x0, 0x0, 0x0, 0x0,
    0x0, 0xd, 0xff, 0xaf, 0xf9, 0x0, 0x0, 0x0,
    0x0, 0x0, 0x0, 0x5f, 0xfb, 0x1f, 0xff, 0x10,
    0x0, 0x0, 0x0, 0x0, 0x0, 0xcf, 0xf4, 0xa,
    0xff, 0x80, 0x0, 0x0, 0x0, 0x0, 0x4, 0xff,
    0xd0, 0x2, 0xff, 0xe0, 0x0, 0x0, 0x0, 0x0,
    0xb, 0xff, 0x50, 0x0, 0xbf, 0xf6, 0x0, 0x0,
    0x0, 0x0, 0x3f, 0xfe, 0x0, 0x0, 0x4f, 0xfe,
    0x0, 0x0, 0x0, 0x0, 0xaf, 0xf7, 0x0, 0x0,
    0xd, 0xff, 0x50, 0x0, 0x0, 0x2, 0xff, 0xf1,
    0x0, 0x0, 0x6, 0xff, 0xd0, 0x0, 0x0, 0x9,
    0xff, 0x90, 0x0, 0x0, 0x0, 0xef, 0xf4, 0x0,
    0x0, 0x1f, 0xff, 0x20, 0x0, 0x0, 0x0, 0x8f,
    0xfc, 0x0, 0x0, 0x8f, 0xfb, 0x0, 0x0, 0x0,
    0x0, 0x1f, 0xff, 0x30, 0x0, 0xef, 0xfe, 0xaa,
    0xaa, 0xaa, 0xaa, 0xaf, 0xff, 0xa0, 0x6, 0xff,
    0xff, 0xff, 0xff, 0xff, 0xff, 0xff, 0xff, 0xf2,
    0xe, 0xff, 0xff, 0xff, 0xff, 0xff, 0xff, 0xff,
    0xff, 0xf9,

    /* U+039B "Λ" */
    0x0, 0x0, 0x0, 0x0, 0xbf, 0xfe, 0x0, 0x0,
    0x0, 0x0, 0x0, 0x0, 0x0, 0x2, 0xff, 0xff,
    0x60, 0x0, 0x0, 0x0, 0x0, 0x0, 0x0, 0x9,
    0xff, 0xff, 0xd0, 0x0, 0x0, 0x0, 0x0, 0x0,
    0x0, 0x1f, 0xff, 0xff, 0xf4, 0x0, 0x0, 0x0,
    0x0, 0x0, 0x0, 0x8f, 0xfb, 0xbf, 0xfb, 0x0,
    0x0, 0x0, 0x0, 0x0, 0x0, 0xef, 0xf4, 0x4f,
    0xff, 0x20, 0x0, 0x0, 0x0, 0x0, 0x6, 0xff,
    0xd0, 0xd, 0xff, 0x90, 0x0, 0x0, 0x0, 0x0,
    0xd, 0xff, 0x60, 0x6, 0xff, 0xf1, 0x0, 0x0,
    0x0, 0x0, 0x5f, 0xfe, 0x0, 0x0, 0xef, 0xf8,
    0x0, 0x0, 0x0, 0x0, 0xcf, 0xf7, 0x0, 0x0,
    0x8f, 0xfe, 0x0, 0x0, 0x0, 0x3, 0xff, 0xf1,
    0x0, 0x0, 0x1f, 0xff, 0x60, 0x0, 0x0, 0xa,
    0xff, 0x90, 0x0, 0x0, 0x9, 0xff, 0xd0, 0x0,
    0x0, 0x1f, 0xff, 0x20, 0x0, 0x0, 0x2, 0xff,
    0xf5, 0x0, 0x0, 0x8f, 0xfa, 0x0, 0x0, 0x0,
    0x0, 0xbf, 0xfc, 0x0, 0x0, 0xff, 0xf3, 0x0,
    0x0, 0x0, 0x0, 0x4f, 0xff, 0x30, 0x7, 0xff,
    0xc0, 0x0, 0x0, 0x0, 0x0, 0xd, 0xff, 0xa0,
    0xe, 0xff, 0x50, 0x0, 0x0, 0x0, 0x0, 0x6,
    0xff, 0xf2,

    /* U+03A7 "Χ" */
    0x0, 0x7d, 0xfd, 0x70, 0x0, 0x0, 0x0, 0x9,
    0xff, 0xd0, 0x0, 0xc, 0xff, 0xff, 0xfa, 0x0,
    0x0, 0x0, 0x2f, 0xff, 0x40, 0x0, 0x5, 0xfc,
    0xaf, 0xff, 0x50, 0x0, 0x0, 0xbf, 0xfa, 0x0,
    0x0, 0x0, 0x30, 0x6, 0xff, 0xd0, 0x0, 0x5,
    0xff, 0xf1, 0x0, 0x0, 0x0, 0x0, 0x0, 0xdf,
    0xf5, 0x0, 0xd, 0xff, 0x60, 0x0, 0x0, 0x0,
    0x0, 0x0, 0x5f, 0xfd, 0x0, 0x7f, 0xfd, 0x0,
    0x0, 0x0, 0x0, 0x0, 0x0, 0xc, 0xff, 0x51,
    0xff, 0xf3, 0x0, 0x0, 0x0, 0x0, 0x0, 0x0,
    0x4, 0xff, 0xda, 0xff, 0x90, 0x0, 0x0, 0x0,
    0x0, 0x0, 0x0, 0x0, 0xcf, 0xff, 0xfe, 0x10,
    0x0, 0x0, 0x0, 0x0, 0x0, 0x0, 0x0, 0x4f,
    0xff, 0xf6, 0x0, 0x0, 0x0, 0x0, 0x0, 0x0,
    0x0, 0x0, 0xf, 0xff, 0xf0, 0x0, 0x0, 0x0,
    0x0, 0x0, 0x0, 0x0, 0x0, 0x5f, 0xff, 0xf2,
    0x0, 0x0, 0x0, 0x0, 0x0, 0x0, 0x0, 0x0,
    0xef, 0xff, 0xfa, 0x0, 0x0, 0x0, 0x0, 0x0,
    0x0, 0x0, 0x8, 0xff, 0xce, 0xff, 0x30, 0x0,
    0x0, 0x0, 0x0, 0x0, 0x0, 0x1f, 0xff, 0x27,
    0xff, 0xb0, 0x0, 0x0, 0x0, 0x0, 0x0, 0x0,
    0xaf, 0xf9, 0x0, 0xef, 0xf3, 0x0, 0x0, 0x0,
    0x0, 0x0, 0x3, 0xff, 0xf1, 0x0, 0x7f, 0xfc,
    0x0, 0x0, 0x0, 0x0, 0x0, 0xc, 0xff, 0x80,
    0x0, 0xe, 0xff, 0x40, 0x0, 0x0, 0x0, 0x0,
    0x6f, 0xfe, 0x0, 0x0, 0x7, 0xff, 0xd0, 0x3,
    0x0, 0x0, 0x0, 0xef, 0xf6, 0x0, 0x0, 0x0,
    0xef, 0xfd, 0xaf, 0xc1, 0x0, 0x8, 0xff, 0xd0,
    0x0, 0x0, 0x0, 0x4f, 0xff, 0xff, 0xf5, 0x0,
    0x2f, 0xff, 0x40, 0x0, 0x0, 0x0, 0x3, 0xbf,
    0xeb, 0x30,

    /* U+03A9 "Ω" */
    0x0, 0x0, 0x0, 0x49, 0xde, 0xfe, 0xc9, 0x30,
    0x0, 0x0, 0x0, 0x0, 0x4, 0xdf, 0xff, 0xff,
    0xff, 0xff, 0xc2, 0x0, 0x0, 0x0, 0x7, 0xff,
    0xff, 0xfd, 0xcd, 0xff, 0xff, 0xf5, 0x0, 0x0,
    0x5, 0xff, 0xfe, 0x60, 0x0, 0x1, 0x7f, 0xff,
    0xf3, 0x0, 0x1, 0xef, 0xfd, 0x10, 0x0, 0x0,
    0x0, 0x2e, 0xff, 0xd0, 0x0, 0x7f, 0xff, 0x20,
    0x0, 0x0, 0x0, 0x0, 0x4f, 0xff, 0x40, 0xc,
    0xff, 0xa0, 0x0, 0x0, 0x0, 0x0, 0x0, 0xcf,
    0xf9, 0x0, 0xef, 0xf6, 0x0, 0x0, 0x0, 0x0,
    0x0, 0x8, 0xff, 0xb0, 0xe, 0xff, 0x50, 0x0,
    0x0, 0x0, 0x0, 0x0, 0x7f, 0xfc, 0x0, 0xdf,
    0xf6, 0x0, 0x0, 0x0, 0x0, 0x0, 0x8, 0xff,
    0xa0, 0xa, 0xff, 0xa0, 0x0, 0x0, 0x0, 0x0,
    0x0, 0xcf, 0xf7, 0x0, 0x4f, 0xff, 0x10, 0x0,
    0x0, 0x0, 0x0, 0x3f, 0xff, 0x20, 0x0, 0xbf,
    0xfc, 0x0, 0x0, 0x0, 0x0, 0x1d, 0xff, 0x90,
    0x0, 0x1, 0xef, 0xfb, 0x10, 0x0, 0x0, 0x2d,
    0xff, 0xc0, 0x0, 0x8a, 0xac, 0xff, 0xfe, 0x30,
    0x0, 0x5f, 0xff, 0xfb, 0xaa, 0x6c, 0xff, 0xff,
    0xff, 0xf6, 0x0, 0x8, 0xff, 0xff, 0xff, 0xfa,
    0xcf, 0xff, 0xff, 0xff, 0x60, 0x0, 0x8f, 0xff,
    0xff, 0xff, 0xa0,

    /* U+03BB "λ" */
    0x7, 0xcf, 0xfc, 0x50, 0x0, 0x0, 0x0, 0x0,
    0x7f, 0xff, 0xff, 0xf9, 0x0, 0x0, 0x0, 0x0,
    0xe, 0xd9, 0xaf, 0xff, 0x50, 0x0, 0x0, 0x0,
    0x2, 0x0, 0x4, 0xff, 0xe0, 0x0, 0x0, 0x0,
    0x0, 0x0, 0x0, 0xaf, 0xf6, 0x0, 0x0, 0x0,
    0x0, 0x0, 0x0, 0x8f, 0xfd, 0x0, 0x0, 0x0,
    0x0, 0x0, 0x0, 0xcf, 0xff, 0x40, 0x0, 0x0,
    0x0, 0x0, 0x4, 0xff, 0xff, 0xc0, 0x0, 0x0,
    0x0, 0x0, 0xb, 0xff, 0xff, 0xf3, 0x0, 0x0,
    0x0, 0x0, 0x2f, 0xfc, 0x7f, 0xfa, 0x0, 0x0,
    0x0, 0x0, 0xaf, 0xf4, 0x1f, 0xff, 0x20, 0x0,
    0x0, 0x1, 0xff, 0xd0, 0x9, 0xff, 0x90, 0x0,
    0x0, 0x9, 0xff, 0x60, 0x2, 0xff, 0xf1, 0x0,
    0x0, 0x1f, 0xfe, 0x0, 0x0, 0xaf, 0xf7, 0x0,
    0x0, 0x8f, 0xf7, 0x0, 0x0, 0x3f, 0xfe, 0x0,
    0x0, 0xef, 0xf1, 0x0, 0x0, 0xc, 0xff, 0x60,
    0x6, 0xff, 0x90, 0x0, 0x0, 0x5, 0xff, 0xd0,
    0xe, 0xff, 0x20, 0x0, 0x0, 0x0, 0xef, 0xf5,

    /* U+03BC "μ" */
    0xff, 0xf2, 0x0, 0x0, 0x0, 0xff, 0xf1, 0xff,
    0xf2, 0x0, 0x0, 0x0, 0xff, 0xf1, 0xff, 0xf2,
    0x0, 0x0, 0x0, 0xff, 0xf1, 0xff, 0xf2, 0x0,
    0x0, 0x0, 0xff, 0xf1, 0xff, 0xf2, 0x0, 0x0,
    0x0, 0xff, 0xf1, 0xff, 0xf2, 0x0, 0x0, 0x0,
    0xff, 0xf1, 0xff, 0xf2, 0x0, 0x0, 0x0, 0xff,
    0xf1, 0xff, 0xf4, 0x0, 0x0, 0x2, 0xff, 0xf1,
    0xff, 0xf7, 0x0, 0x0, 0x7, 0xff, 0xf1, 0xff,
    0xfe, 0x30, 0x0, 0x5f, 0xff, 0xf1, 0xff, 0xff,
    0xfd, 0xbd, 0xff, 0xff, 0xf1, 0xff, 0xff, 0xff,
    0xff, 0xfc, 0xdf, 0xf1, 0xff, 0xf5, 0xae, 0xfd,
    0x80, 0xdf, 0xf1, 0xff, 0xf2, 0x0, 0x0, 0x0,
    0x0, 0x0, 0xff, 0xf2, 0x0, 0x0, 0x0, 0x0,
    0x0, 0xff, 0xf2, 0x0, 0x0, 0x0, 0x0, 0x0,
    0xff, 0xf2, 0x0, 0x0, 0x0, 0x0, 0x0, 0xff,
    0xf2, 0x0, 0x0, 0x0, 0x0, 0x0,

    /* U+03C0 "π" */
    0x0, 0x3b, 0xef, 0xff, 0xff, 0xff, 0xff, 0xff,
    0xff, 0xe0, 0x5f, 0xff, 0xff, 0xff, 0xff, 0xff,
    0xff, 0xff, 0xfe, 0xf, 0xff, 0xfc, 0xff, 0xff,
    0xcc, 0xff, 0xff, 0xcc, 0xb3, 0xff, 0xc0, 0x9,
    0xff, 0x60, 0x8, 0xff, 0x70, 0x0, 0x3f, 0xf7,
    0x0, 0xbf, 0xf4, 0x0, 0x8f, 0xf7, 0x0, 0x0,
    0xff, 0xa0, 0xd, 0xff, 0x20, 0x8, 0xff, 0x70,
    0x0, 0x8, 0xc7, 0x0, 0xff, 0xf0, 0x0, 0x8f,
    0xf7, 0x0, 0x0, 0x0, 0x0, 0x1f, 0xfe, 0x0,
    0x8, 0xff, 0x70, 0x0, 0x0, 0x0, 0x3, 0xff,
    0xc0, 0x0, 0x8f, 0xf7, 0x0, 0x0, 0x0, 0x0,
    0x5f, 0xfa, 0x0, 0x8, 0xff, 0x70, 0x0, 0x0,
    0x0, 0x7, 0xff, 0x80, 0x0, 0x8f, 0xf7, 0x0,
    0x0, 0x0, 0x0, 0x9f, 0xf6, 0x0, 0x8, 0xff,
    0x70, 0x0, 0x0, 0x0, 0xb, 0xff, 0x40, 0x0,
    0x8f, 0xf7, 0x0, 0x0,

    /* U+03C7 "χ" */
    0x1, 0xae, 0xfb, 0x20, 0x0, 0x0, 0x4f, 0xfe,
    0x10, 0x0, 0xcf, 0xff, 0xfe, 0x10, 0x0, 0xc,
    0xff, 0x60, 0x0, 0x1, 0xc7, 0x9f, 0xfa, 0x0,
    0x5, 0xff, 0xc0, 0x0, 0x0, 0x0, 0x0, 0xcf,
    0xf2, 0x0, 0xdf, 0xf3, 0x0, 0x0, 0x0, 0x0,
    0x3, 0xff, 0xa0, 0x6f, 0xf9, 0x0, 0x0, 0x0,
    0x0, 0x0, 0xa, 0xff, 0x4e, 0xfe, 0x10, 0x0,
    0x0, 0x0, 0x0, 0x0, 0x2f, 0xff, 0xff, 0x60,
    0x0, 0x0, 0x0, 0x0, 0x0, 0x0, 0x9f, 0xff,
    0xc0, 0x0, 0x0, 0x0, 0x0, 0x0, 0x0, 0x2,
    0xff, 0xf4, 0x0, 0x0, 0x0, 0x0, 0x0, 0x0,
    0x0, 0x8f, 0xff, 0x80, 0x0, 0x0, 0x0, 0x0,
    0x0, 0x0, 0x2f, 0xff, 0xff, 0x10, 0x0, 0x0,
    0x0, 0x0, 0x0, 0xa, 0xff, 0x7f, 0xf9, 0x0,
    0x0, 0x0, 0x0, 0x0, 0x3, 0xff, 0xc0, 0xbf,
    0xf2, 0x0, 0x0, 0x0, 0x0, 0x0, 0xcf, 0xf3,
    0x3, 0xff, 0xa0, 0x0, 0x0, 0x0, 0x0, 0x5f,
    0xfb, 0x0, 0xb, 0xff, 0x30, 0x0, 0x0, 0x0,
    0xe, 0xff, 0x30, 0x0, 0x3f, 0xfd, 0x6b, 0x70,
    0x0, 0x7, 0xff, 0xa0, 0x0, 0x0, 0x9f, 0xff,
    0xff, 0x40, 0x1, 0xff, 0xf2, 0x0, 0x0, 0x0,
    0x7e, 0xfc, 0x50,

    /* U+0400 "Ѐ" */
    0x0, 0x7f, 0xfe, 0x20, 0x0, 0x0, 0x0, 0x0,
    0x4, 0xff, 0xe2, 0x0, 0x0, 0x0, 0x0, 0x0,
    0x2d, 0xfd, 0x10, 0x0, 0x0, 0x0, 0x0, 0x0,
    0x78, 0x50, 0x0, 0x0, 0x0, 0x0, 0x0, 0x0,
    0x0, 0x0, 0x0, 0x8f, 0xff, 0xff, 0xff, 0xff,
    0xff, 0xf3, 0x8f, 0xff, 0xff, 0xff, 0xff, 0xff,
    0xf3, 0x8f, 0xff, 0xdd, 0xdd, 0xdd, 0xdd, 0xd2,
    0x8f, 0xfb, 0x0, 0x0, 0x0, 0x0, 0x0, 0x8f,
    0xfb, 0x0, 0x0, 0x0, 0x0, 0x0, 0x8f, 0xfb,
    0x0, 0x0, 0x0, 0x0, 0x0, 0x8f, 0xfb, 0x0,
    0x0, 0x0, 0x0, 0x0, 0x8f, 0xff, 0xcc, 0xcc,
    0xcc, 0xcc, 0x10, 0x8f, 0xff, 0xff, 0xff, 0xff,
    0xff, 0x20, 0x8f, 0xff, 0xff, 0xff, 0xff, 0xff,
    0x20, 0x8f, 0xfb, 0x0, 0x0, 0x0, 0x0, 0x0,
    0x8f, 0xfb, 0x0, 0x0, 0x0, 0x0, 0x0, 0x8f,
    0xfb, 0x0, 0x0, 0x0, 0x0, 0x0, 0x8f, 0xfb,
    0x0, 0x0, 0x0, 0x0, 0x0, 0x8f, 0xfb, 0x0,
    0x0, 0x0, 0x0, 0x0, 0x8f, 0xff, 0xdd, 0xdd,
    0xdd, 0xdd, 0xd7, 0x8f, 0xff, 0xff, 0xff, 0xff,
    0xff, 0xf9, 0x8f, 0xff, 0xff, 0xff, 0xff, 0xff,
    0xf9,

    /* U+0401 "Ё" */
    0x0, 0x9, 0xf7, 0x0, 0xbf, 0x50, 0x0, 0x0,
    0xf, 0xfe, 0x2, 0xff, 0xb0, 0x0, 0x0, 0xb,
    0xf9, 0x0, 0xdf, 0x70, 0x0, 0x0, 0x0, 0x10,
    0x0, 0x1, 0x0, 0x0, 0x0, 0x0, 0x0, 0x0,
    0x0, 0x0, 0x0, 0x8f, 0xff, 0xff, 0xff, 0xff,
    0xff, 0xf3, 0x8f, 0xff, 0xff, 0xff, 0xff, 0xff,
    0xf3, 0x8f, 0xff, 0xdd, 0xdd, 0xdd, 0xdd, 0xd2,
    0x8f, 0xfb, 0x0, 0x0, 0x0, 0x0, 0x0, 0x8f,
    0xfb, 0x0, 0x0, 0x0, 0x0, 0x0, 0x8f, 0xfb,
    0x0, 0x0, 0x0, 0x0, 0x0, 0x8f, 0xfb, 0x0,
    0x0, 0x0, 0x0, 0x0, 0x8f, 0xff, 0xcc, 0xcc,
    0xcc, 0xcc, 0x10, 0x8f, 0xff, 0xff, 0xff, 0xff,
    0xff, 0x20, 0x8f, 0xff, 0xff, 0xff, 0xff, 0xff,
    0x20, 0x8f, 0xfb, 0x0, 0x0, 0x0, 0x0, 0x0,
    0x8f, 0xfb, 0x0, 0x0, 0x0, 0x0, 0x0, 0x8f,
    0xfb, 0x0, 0x0, 0x0, 0x0, 0x0, 0x8f, 0xfb,
    0x0, 0x0, 0x0, 0x0, 0x0, 0x8f, 0xfb, 0x0,
    0x0, 0x0, 0x0, 0x0, 0x8f, 0xff, 0xdd, 0xdd,
    0xdd, 0xdd, 0xd7, 0x8f, 0xff, 0xff, 0xff, 0xff,
    0xff, 0xf9, 0x8f, 0xff, 0xff, 0xff, 0xff, 0xff,
    0xf9,

    /* U+0402 "Ђ" */
    0xaf, 0xff, 0xff, 0xff, 0xff, 0xff, 0xff, 0xfd,
    0x0, 0x0, 0xa, 0xff, 0xff, 0xff, 0xff, 0xff,
    0xff, 0xff, 0xd0, 0x0, 0x0, 0x8d, 0xdd, 0xdd,
    0xff, 0xff, 0xdd, 0xdd, 0xdb, 0x0, 0x0, 0x0,
    0x0, 0x0, 0xd, 0xff, 0x60, 0x0, 0x0, 0x0,
    0x0, 0x0, 0x0, 0x0, 0x0, 0xdf, 0xf6, 0x0,
    0x0, 0x0, 0x0, 0x0, 0x0, 0x0, 0x0, 0xd,
    0xff, 0x60, 0x0, 0x0, 0x0, 0x0, 0x0, 0x0,
    0x0, 0x0, 0xdf, 0xf6, 0x0, 0x0, 0x0, 0x0,
    0x0, 0x0, 0x0, 0x0, 0xd, 0xff, 0xa9, 0xce,
    0xfe, 0xd8, 0x20, 0x0, 0x0, 0x0, 0x0, 0xdf,
    0xff, 0xff, 0xff, 0xff, 0xff, 0x70, 0x0, 0x0,
    0x0, 0xd, 0xff, 0xff, 0xfc, 0xbd, 0xff, 0xff,
    0x50, 0x0, 0x0, 0x0, 0xdf, 0xff, 0x30, 0x0,
    0x3, 0xef, 0xfd, 0x0, 0x0, 0x0, 0xd, 0xff,
    0x60, 0x0, 0x0, 0x4, 0xff, 0xf1, 0x0, 0x0,
    0x0, 0xdf, 0xf6, 0x0, 0x0, 0x0, 0x1f, 0xff,
    0x20, 0x0, 0x0, 0xd, 0xff, 0x60, 0x0, 0x0,
    0x2, 0xff, 0xf1, 0x0, 0x0, 0x0, 0xdf, 0xf6,
    0x0, 0x0, 0x0, 0xbf, 0xfe, 0x0, 0x0, 0x0,
    0xd, 0xff, 0x60, 0x6, 0xaa, 0xef, 0xff, 0x70,
    0x0, 0x0, 0x0, 0xdf, 0xf6, 0x0, 0xaf, 0xff,
    0xff, 0xb0, 0x0, 0x0, 0x0, 0xd, 0xff, 0x60,
    0xc, 0xff, 0xfd, 0x60, 0x0, 0x0, 0x0, 0x0,
    0x0, 0x0, 0x0, 0x2, 0x21, 0x0, 0x0, 0x0,

    /* U+0403 "Ѓ" */
    0x0, 0x0, 0x0, 0x2e, 0xff, 0x80, 0x0, 0x0,
    0x0, 0x1d, 0xff, 0x50, 0x0, 0x0, 0x0, 0x1d,
    0xfd, 0x20, 0x0, 0x0, 0x0, 0x5, 0x87, 0x10,
    0x0, 0x0, 0x0, 0x0, 0x0, 0x0, 0x0, 0x0,
    0x8, 0xff, 0xff, 0xff, 0xff, 0xff, 0xf5, 0x8f,
    0xff, 0xff, 0xff, 0xff, 0xff, 0x58, 0xff, 0xfd,
    0xdd, 0xdd, 0xdd, 0xd4, 0x8f, 0xfa, 0x0, 0x0,
    0x0, 0x0, 0x8, 0xff, 0xa0, 0x0, 0x0, 0x0,
    0x0, 0x8f, 0xfa, 0x0, 0x0, 0x0, 0x0, 0x8,
    0xff, 0xa0, 0x0, 0x0, 0x0, 0x0, 0x8f, 0xfa,
    0x0, 0x0, 0x0, 0x0, 0x8, 0xff, 0xa0, 0x0,
    0x0, 0x0, 0x0, 0x8f, 0xfa, 0x0, 0x0, 0x0,
    0x0, 0x8, 0xff, 0xa0, 0x0, 0x0, 0x0, 0x0,
    0x8f, 0xfa, 0x0, 0x0, 0x0, 0x0, 0x8, 0xff,
    0xa0, 0x0, 0x0, 0x0, 0x0, 0x8f, 0xfa, 0x0,
    0x0, 0x0, 0x0, 0x8, 0xff, 0xa0, 0x0, 0x0,
    0x0, 0x0, 0x8f, 0xfa, 0x0, 0x0, 0x0, 0x0,
    0x8, 0xff, 0xa0, 0x0, 0x0, 0x0, 0x0, 0x8f,
    0xfa, 0x0, 0x0, 0x0, 0x0, 0x0,

    /* U+0404 "Є" */
    0x0, 0x0, 0x4, 0x9d, 0xff, 0xdb, 0x61, 0x0,
    0x0, 0x0, 0x2c, 0xff, 0xff, 0xff, 0xff, 0xf7,
    0x0, 0x0, 0x4f, 0xff, 0xff, 0xff, 0xff, 0xff,
    0xf9, 0x0, 0x2e, 0xff, 0xfa, 0x30, 0x1, 0x4b,
    0xff, 0x90, 0xb, 0xff, 0xf5, 0x0, 0x0, 0x0,
    0x4, 0x60, 0x2, 0xff, 0xf7, 0x0, 0x0, 0x0,
    0x0, 0x0, 0x0, 0x7f, 0xfe, 0x0, 0x0, 0x0,
    0x0, 0x0, 0x0, 0xb, 0xff, 0xfa, 0xaa, 0xaa,
    0xaa, 0x40, 0x0, 0x0, 0xcf, 0xff, 0xff, 0xff,
    0xff, 0xf6, 0x0, 0x0, 0xc, 0xff, 0xff, 0xff,
    0xff, 0xff, 0x60, 0x0, 0x0, 0xbf, 0xfa, 0x0,
    0x0, 0x0, 0x0, 0x0, 0x0, 0x7, 0xff, 0xe0,
    0x0, 0x0, 0x0, 0x0, 0x0, 0x0, 0x2f, 0xff,
    0x70, 0x0, 0x0, 0x0, 0x0, 0x0, 0x0, 0xbf,
    0xff, 0x50, 0x0, 0x0, 0x0, 0x9b, 0x0, 0x2,
    0xef, 0xff, 0xa4, 0x0, 0x16, 0xdf, 0xfb, 0x0,
    0x4, 0xff, 0xff, 0xff, 0xff, 0xff, 0xff, 0x90,
    0x0, 0x2, 0xcf, 0xff, 0xff, 0xff, 0xfe, 0x60,
    0x0, 0x0, 0x0, 0x49, 0xdf, 0xfd, 0xb6, 0x10,
    0x0,

    /* U+0405 "Ѕ" */
    0x0, 0x3, 0x9d, 0xef, 0xec, 0x94, 0x0, 0x0,
    0xa, 0xff, 0xff, 0xff, 0xff, 0xfd, 0x20, 0xa,
    0xff, 0xff, 0xdd, 0xef, 0xff, 0xf0, 0x2, 0xff,
    0xf9, 0x10, 0x0, 0x5, 0xb9, 0x0, 0x7f, 0xfd,
    0x0, 0x0, 0x0, 0x0, 0x0, 0x7, 0xff, 0xc0,
    0x0, 0x0, 0x0, 0x0, 0x0, 0x5f, 0xff, 0x60,
    0x0, 0x0, 0x0, 0x0, 0x0, 0xdf, 0xff, 0xe9,
    0x51, 0x0, 0x0, 0x0, 0x2, 0xdf, 0xff, 0xff,
    0xfd, 0x71, 0x0, 0x0, 0x0, 0x4b, 0xff, 0xff,
    0xff, 0xf7, 0x0, 0x0, 0x0, 0x0, 0x48, 0xcf,
    0xff, 0xf6, 0x0, 0x0, 0x0, 0x0, 0x0, 0x2d,
    0xff, 0xe0, 0x0, 0x0, 0x0, 0x0, 0x0, 0x3f,
    0xff, 0x0, 0x70, 0x0, 0x0, 0x0, 0x4, 0xff,
    0xf0, 0x5f, 0xe8, 0x20, 0x0, 0x3, 0xdf, 0xfb,
    0xb, 0xff, 0xff, 0xfd, 0xdf, 0xff, 0xff, 0x30,
    0x2b, 0xff, 0xff, 0xff, 0xff, 0xfe, 0x40, 0x0,
    0x2, 0x7b, 0xef, 0xfe, 0xb6, 0x10, 0x0,

    /* U+0406 "І" */
    0x8f, 0xfa, 0x8f, 0xfa, 0x8f, 0xfa, 0x8f, 0xfa,
    0x8f, 0xfa, 0x8f, 0xfa, 0x8f, 0xfa, 0x8f, 0xfa,
    0x8f, 0xfa, 0x8f, 0xfa, 0x8f, 0xfa, 0x8f, 0xfa,
    0x8f, 0xfa, 0x8f, 0xfa, 0x8f, 0xfa, 0x8f, 0xfa,
    0x8f, 0xfa, 0x8f, 0xfa,

    /* U+0407 "Ї" */
    0x7f, 0x90, 0x9, 0xf7, 0xef, 0xf0, 0xf, 0xfd,
    0x9f, 0xb0, 0xc, 0xf9, 0x1, 0x0, 0x0, 0x10,
    0x0, 0x0, 0x0, 0x0, 0x0, 0xaf, 0xf9, 0x0,
    0x0, 0xaf, 0xf9, 0x0, 0x0, 0xaf, 0xf9, 0x0,
    0x0, 0xaf, 0xf9, 0x0, 0x0, 0xaf, 0xf9, 0x0,
    0x0, 0xaf, 0xf9, 0x0, 0x0, 0xaf, 0xf9, 0x0,
    0x0, 0xaf, 0xf9, 0x0, 0x0, 0xaf, 0xf9, 0x0,
    0x0, 0xaf, 0xf9, 0x0, 0x0, 0xaf, 0xf9, 0x0,
    0x0, 0xaf, 0xf9, 0x0, 0x0, 0xaf, 0xf9, 0x0,
    0x0, 0xaf, 0xf9, 0x0, 0x0, 0xaf, 0xf9, 0x0,
    0x0, 0xaf, 0xf9, 0x0, 0x0, 0xaf, 0xf9, 0x0,
    0x0, 0xaf, 0xf9, 0x0,

    /* U+0408 "Ј" */
    0x0, 0xcf, 0xff, 0xff, 0xff, 0xfa, 0x0, 0xcf,
    0xff, 0xff, 0xff, 0xfa, 0x0, 0xad, 0xdd, 0xdd,
    0xef, 0xfa, 0x0, 0x0, 0x0, 0x0, 0x9f, 0xfa,
    0x0, 0x0, 0x0, 0x0, 0x9f, 0xfa, 0x0, 0x0,
    0x0, 0x0, 0x9f, 0xfa, 0x0, 0x0, 0x0, 0x0,
    0x9f, 0xfa, 0x0, 0x0, 0x0, 0x0, 0x9f, 0xfa,
    0x0, 0x0, 0x0, 0x0, 0x9f, 0xfa, 0x0, 0x0,
    0x0, 0x0, 0x9f, 0xfa, 0x0, 0x0, 0x0, 0x0,
    0x9f, 0xfa, 0x0, 0x0, 0x0, 0x0, 0x9f, 0xfa,
    0x0, 0x0, 0x0, 0x0, 0xaf, 0xf9, 0x2, 0x70,
    0x0, 0x0, 0xdf, 0xf8, 0xd, 0xf9, 0x10, 0x8,
    0xff, 0xf4, 0x6f, 0xff, 0xfe, 0xff, 0xff, 0xd0,
    0x8, 0xff, 0xff, 0xff, 0xfe, 0x20, 0x0, 0x39,
    0xdf, 0xfd, 0x81, 0x0,

    /* U+0409 "Љ" */
    0x0, 0x0, 0x7f, 0xff, 0xff, 0xff, 0xff, 0xff,
    0xfd, 0x0, 0x0, 0x0, 0x0, 0x0, 0x0, 0x0,
    0x8, 0xff, 0xff, 0xff, 0xff, 0xff, 0xff, 0xd0,
    0x0, 0x0, 0x0, 0x0, 0x0, 0x0, 0x0, 0x8f,
    0xff, 0xdd, 0xdd, 0xdd, 0xff, 0xfd, 0x0, 0x0,
    0x0, 0x0, 0x0, 0x0, 0x0, 0x9, 0xff, 0x40,
    0x0, 0x0, 0xf, 0xff, 0xd0, 0x0, 0x0, 0x0,
    0x0, 0x0, 0x0, 0x0, 0x9f, 0xf3, 0x0, 0x0,
    0x0, 0xff, 0xfd, 0x0, 0x0, 0x0, 0x0, 0x0,
    0x0, 0x0, 0xa, 0xff, 0x30, 0x0, 0x0, 0xf,
    0xff, 0xd0, 0x0, 0x0, 0x0, 0x0, 0x0, 0x0,
    0x0, 0xbf, 0xf2, 0x0, 0x0, 0x0, 0xff, 0xff,
    0xff, 0xff, 0xfe, 0xb7, 0x0, 0x0, 0x0, 0xb,
    0xff, 0x20, 0x0, 0x0, 0xf, 0xff, 0xff, 0xff,
    0xff, 0xff, 0xfe, 0x20, 0x0, 0x0, 0xcf, 0xf1,
    0x0, 0x0, 0x0, 0xff, 0xff, 0x99, 0x99, 0xad,
    0xff, 0xfe, 0x0, 0x0, 0xd, 0xff, 0x0, 0x0,
    0x0, 0xf, 0xff, 0xd0, 0x0, 0x0, 0x6, 0xff,
    0xf6, 0x0, 0x0, 0xff, 0xf0, 0x0, 0x0, 0x0,
    0xff, 0xfd, 0x0, 0x0, 0x0, 0xb, 0xff, 0xa0,
    0x0, 0x1f, 0xfd, 0x0, 0x0, 0x0, 0xf, 0xff,
    0xd0, 0x0, 0x0, 0x0, 0x7f, 0xfc, 0x0, 0x4,
    0xff, 0xa0, 0x0, 0x0, 0x0, 0xff, 0xfd, 0x0,
    0x0, 0x0, 0x8, 0xff, 0xb0, 0x0, 0x9f, 0xf7,
    0x0, 0x0, 0x0, 0xf, 0xff, 0xd0, 0x0, 0x0,
    0x0, 0xdf, 0xf9, 0x0, 0x4f, 0xff, 0x30, 0x0,
    0x0, 0x0, 0xff, 0xfd, 0x0, 0x0, 0x3, 0xcf,
    0xff, 0x46, 0xef, 0xff, 0xc0, 0x0, 0x0, 0x0,
    0xf, 0xff, 0xfd, 0xdd, 0xdf, 0xff, 0xff, 0xb0,
    0x8f, 0xff, 0xf3, 0x0, 0x0, 0x0, 0x0, 0xff,
    0xff, 0xff, 0xff, 0xff, 0xff, 0xb0, 0x9, 0xff,
    0xc3, 0x0, 0x0, 0x0, 0x0, 0xf, 0xff, 0xff,
    0xff, 0xff, 0xda, 0x40, 0x0,

    /* U+040A "Њ" */
    0x8f, 0xfa, 0x0, 0x0, 0x0, 0x0, 0xff, 0xff,
    0x0, 0x0, 0x0, 0x0, 0x0, 0x8, 0xff, 0xa0,
    0x0, 0x0, 0x0, 0xf, 0xff, 0xf0, 0x0, 0x0,
    0x0, 0x0, 0x0, 0x8f, 0xfa, 0x0, 0x0, 0x0,
    0x0, 0xff, 0xff, 0x0, 0x0, 0x0, 0x0, 0x0,
    0x8, 0xff, 0xa0, 0x0, 0x0, 0x0, 0xf, 0xff,
    0xf0, 0x0, 0x0, 0x0, 0x0, 0x0, 0x8f, 0xfa,
    0x0, 0x0, 0x0, 0x0, 0xff, 0xff, 0x0, 0x0,
    0x0, 0x0, 0x0, 0x8, 0xff, 0xa0, 0x0, 0x0,
    0x0, 0xf, 0xff, 0xf0, 0x0, 0x0, 0x0, 0x0,
    0x0, 0x8f, 0xfa, 0x0, 0x0, 0x0, 0x0, 0xff,
    0xff, 0x0, 0x0, 0x0, 0x0, 0x0, 0x8, 0xff,
    0xff, 0xff, 0xff, 0xff, 0xff, 0xff, 0xff, 0xff,
    0xff, 0xec, 0x70, 0x0, 0x8f, 0xff, 0xff, 0xff,
    0xff, 0xff, 0xff, 0xff, 0xff, 0xff, 0xff, 0xff,
    0xd2, 0x8, 0xff, 0xfd, 0xdd, 0xdd, 0xdd, 0xdf,
    0xff, 0xf7, 0x77, 0x79, 0xdf, 0xff, 0xd0, 0x8f,
    0xfa, 0x0, 0x0, 0x0, 0x0, 0xff, 0xff, 0x0,
    0x0, 0x0, 0x7f, 0xff, 0x48, 0xff, 0xa0, 0x0,
    0x0, 0x0, 0xf, 0xff, 0xf0, 0x0, 0x0, 0x0,
    0xef, 0xf8, 0x8f, 0xfa, 0x0, 0x0, 0x0, 0x0,
    0xff, 0xff, 0x0, 0x0, 0x0, 0xc, 0xff, 0x98,
    0xff, 0xa0, 0x0, 0x0, 0x0, 0xf, 0xff, 0xf0,
    0x0, 0x0, 0x0, 0xef, 0xf7, 0x8f, 0xfa, 0x0,
    0x0, 0x0, 0x0, 0xff, 0xff, 0x0, 0x0, 0x0,
    0x9f, 0xff, 0x38, 0xff, 0xa0, 0x0, 0x0, 0x0,
    0xf, 0xff, 0xf9, 0x99, 0x9b, 0xef, 0xff, 0xb0,
    0x8f, 0xfa, 0x0, 0x0, 0x0, 0x0, 0xff, 0xff,
    0xff, 0xff, 0xff, 0xff, 0xb0, 0x8, 0xff, 0xa0,
    0x0, 0x0, 0x0, 0xf, 0xff, 0xff, 0xff, 0xff,
    0xea, 0x50, 0x0,

    /* U+040B "Ћ" */
    0xaf, 0xff, 0xff, 0xff, 0xff, 0xff, 0xff, 0xfa,
    0x0, 0x0, 0xa, 0xff, 0xff, 0xff, 0xff, 0xff,
    0xff, 0xff, 0xa0, 0x0, 0x0, 0x8d, 0xdd, 0xdd,
    0xff, 0xff, 0xdd, 0xdd, 0xd8, 0x0, 0x0, 0x0,
    0x0, 0x0, 0xe, 0xff, 0x50, 0x0, 0x0, 0x0,
    0x0, 0x0, 0x0, 0x0, 0x0, 0xef, 0xf5, 0x0,
    0x0, 0x0, 0x0, 0x0, 0x0, 0x0, 0x0, 0xe,
    0xff, 0x50, 0x0, 0x0, 0x0, 0x0, 0x0, 0x0,
    0x0, 0x0, 0xef, 0xf5, 0x0, 0x0, 0x0, 0x0,
    0x0, 0x0, 0x0, 0x0, 0xe, 0xff, 0x77, 0xbe,
    0xff, 0xd9, 0x20, 0x0, 0x0, 0x0, 0x0, 0xef,
    0xff, 0xff, 0xff, 0xff, 0xff, 0x60, 0x0, 0x0,
    0x0, 0xe, 0xff, 0xff, 0xff, 0xff, 0xff, 0xff,
    0x30, 0x0, 0x0, 0x0, 0xef, 0xff, 0x72, 0x0,
    0x29, 0xff, 0xfb, 0x0, 0x0, 0x0, 0xe, 0xff,
    0x50, 0x0, 0x0, 0xa, 0xff, 0xf0, 0x0, 0x0,
    0x0, 0xef, 0xf5, 0x0, 0x0, 0x0, 0x3f, 0xff,
    0x10, 0x0, 0x0, 0xe, 0xff, 0x50, 0x0, 0x0,
    0x1, 0xff, 0xf2, 0x0, 0x0, 0x0, 0xef, 0xf5,
    0x0, 0x0, 0x0, 0xf, 0xff, 0x20, 0x0, 0x0,
    0xe, 0xff, 0x50, 0x0, 0x0, 0x0, 0xff, 0xf2,
    0x0, 0x0, 0x0, 0xef, 0xf5, 0x0, 0x0, 0x0,
    0xf, 0xff, 0x20, 0x0, 0x0, 0xe, 0xff, 0x50,
    0x0, 0x0, 0x0, 0xff, 0xf2,

    /* U+040C "Ќ" */
    0x0, 0x0, 0x0, 0x2, 0xef, 0xf8, 0x0, 0x0,
    0x0, 0x0, 0x0, 0x1e, 0xff, 0x50, 0x0, 0x0,
    0x0, 0x0, 0x1, 0xdf, 0xd2, 0x0, 0x0, 0x0,
    0x0, 0x0, 0x5, 0x87, 0x10, 0x0, 0x0, 0x0,
    0x0, 0x0, 0x0, 0x0, 0x0, 0x0, 0x0, 0x0,
    0x8f, 0xfa, 0x0, 0x0, 0x0, 0x5, 0xff, 0xf2,
    0x8f, 0xfa, 0x0, 0x0, 0x0, 0x1e, 0xff, 0x60,
    0x8f, 0xfa, 0x0, 0x0, 0x0, 0xbf, 0xfa, 0x0,
    0x8f, 0xfa, 0x0, 0x0, 0x6, 0xff, 0xe1, 0x0,
    0x8f, 0xfa, 0x0, 0x0, 0x2f, 0xff, 0x30, 0x0,
    0x8f, 0xfa, 0x0, 0x0, 0xcf, 0xf8, 0x0, 0x0,
    0x8f, 0xfa, 0x0, 0x8, 0xff, 0xc0, 0x0, 0x0,
    0x8f, 0xff, 0xee, 0xff, 0xff, 0x20, 0x0, 0x0,
    0x8f, 0xff, 0xff, 0xff, 0xff, 0x0, 0x0, 0x0,
    0x8f, 0xff, 0xff, 0xff, 0xff, 0x30, 0x0, 0x0,
    0x8f, 0xfa, 0x0, 0xc, 0xff, 0xd0, 0x0, 0x0,
    0x8f, 0xfa, 0x0, 0x3, 0xff, 0xf8, 0x0, 0x0,
    0x8f, 0xfa, 0x0, 0x0, 0x8f, 0xff, 0x20, 0x0,
    0x8f, 0xfa, 0x0, 0x0, 0xd, 0xff, 0xc0, 0x0,
    0x8f, 0xfa, 0x0, 0x0, 0x3, 0xff, 0xf7, 0x0,
    0x8f, 0xfa, 0x0, 0x0, 0x0, 0x9f, 0xff, 0x20,
    0x8f, 0xfa, 0x0, 0x0, 0x0, 0xe, 0xff, 0xb0,
    0x8f, 0xfa, 0x0, 0x0, 0x0, 0x4, 0xff, 0xf6,

    /* U+040D "Ѝ" */
    0x0, 0x3, 0xef, 0xf7, 0x0, 0x0, 0x0, 0x0,
    0x0, 0x0, 0x1, 0xcf, 0xf6, 0x0, 0x0, 0x0,
    0x0, 0x0, 0x0, 0x0, 0x9f, 0xf6, 0x0, 0x0,
    0x0, 0x0, 0x0, 0x0, 0x0, 0x58, 0x70, 0x0,
    0x0, 0x0, 0x0, 0x0, 0x0, 0x0, 0x0, 0x0,
    0x0, 0x0, 0x8, 0xff, 0xa0, 0x0, 0x0, 0x0,
    0x4, 0xff, 0xf1, 0x8f, 0xfa, 0x0, 0x0, 0x0,
    0x1, 0xef, 0xff, 0x18, 0xff, 0xa0, 0x0, 0x0,
    0x0, 0xcf, 0xff, 0xf1, 0x8f, 0xfa, 0x0, 0x0,
    0x0, 0x8f, 0xff, 0xff, 0x18, 0xff, 0xa0, 0x0,
    0x0, 0x3f, 0xff, 0xff, 0xf1, 0x8f, 0xfa, 0x0,
    0x0, 0x1e, 0xff, 0xcf, 0xff, 0x18, 0xff, 0xa0,
    0x0, 0xb, 0xff, 0xe2, 0xff, 0xf1, 0x8f, 0xfa,
    0x0, 0x7, 0xff, 0xf4, 0x1f, 0xff, 0x18, 0xff,
    0xa0, 0x3, 0xff, 0xf8, 0x1, 0xff, 0xf1, 0x8f,
    0xfa, 0x0, 0xdf, 0xfc, 0x0, 0x1f, 0xff, 0x18,
    0xff, 0xa0, 0xaf, 0xfe, 0x10, 0x1, 0xff, 0xf1,
    0x8f, 0xfa, 0x6f, 0xff, 0x40, 0x0, 0x1f, 0xff,
    0x18, 0xff, 0xdf, 0xff, 0x80, 0x0, 0x1, 0xff,
    0xf1, 0x8f, 0xff, 0xff, 0xc0, 0x0, 0x0, 0x1f,
    0xff, 0x18, 0xff, 0xff, 0xf2, 0x0, 0x0, 0x1,
    0xff, 0xf1, 0x8f, 0xff, 0xf5, 0x0, 0x0, 0x0,
    0x1f, 0xff, 0x18, 0xff, 0xf9, 0x0, 0x0, 0x0,
    0x1, 0xff, 0xf1, 0x8f, 0xfd, 0x0, 0x0, 0x0,
    0x0, 0x1f, 0xff, 0x10,

    /* U+040E "Ў" */
    0x0, 0x0, 0xcf, 0x80, 0x0, 0x1f, 0xf3, 0x0,
    0x0, 0x0, 0x0, 0x8f, 0xf4, 0x1, 0xaf, 0xf0,
    0x0, 0x0, 0x0, 0x0, 0x1d, 0xff, 0xff, 0xff,
    0x50, 0x0, 0x0, 0x0, 0x0, 0x0, 0x6a, 0xbb,
    0x82, 0x0, 0x0, 0x0, 0x0, 0x0, 0x0, 0x0,
    0x0, 0x0, 0x0, 0x0, 0x0, 0x7f, 0xff, 0x10,
    0x0, 0x0, 0x0, 0x0, 0xef, 0xf3, 0xe, 0xff,
    0x80, 0x0, 0x0, 0x0, 0x7, 0xff, 0xb0, 0x6,
    0xff, 0xe0, 0x0, 0x0, 0x0, 0xe, 0xff, 0x20,
    0x0, 0xef, 0xf7, 0x0, 0x0, 0x0, 0x7f, 0xfa,
    0x0, 0x0, 0x6f, 0xfe, 0x0, 0x0, 0x0, 0xef,
    0xf2, 0x0, 0x0, 0xd, 0xff, 0x70, 0x0, 0x7,
    0xff, 0x90, 0x0, 0x0, 0x5, 0xff, 0xe0, 0x0,
    0xe, 0xff, 0x10, 0x0, 0x0, 0x0, 0xdf, 0xf6,
    0x0, 0x7f, 0xf9, 0x0, 0x0, 0x0, 0x0, 0x5f,
    0xfe, 0x0, 0xef, 0xf1, 0x0, 0x0, 0x0, 0x0,
    0xc, 0xff, 0x67, 0xff, 0x80, 0x0, 0x0, 0x0,
    0x0, 0x4, 0xff, 0xee, 0xff, 0x10, 0x0, 0x0,
    0x0, 0x0, 0x0, 0xcf, 0xff, 0xf8, 0x0, 0x0,
    0x0, 0x0, 0x0, 0x0, 0x4f, 0xff, 0xe0, 0x0,
    0x0, 0x0, 0x0, 0x0, 0x0, 0xf, 0xff, 0x70,
    0x0, 0x0, 0x0, 0x0, 0x0, 0x0, 0x6f, 0xfe,
    0x0, 0x0, 0x0, 0x0, 0x0, 0x48, 0x69, 0xff,
    0xf5, 0x0, 0x0, 0x0, 0x0, 0x0, 0xaf, 0xff,
    0xff, 0x90, 0x0, 0x0, 0x0, 0x0, 0x0, 0xff,
    0xff, 0xf8, 0x0, 0x0, 0x0, 0x0, 0x0, 0x0,
    0x26, 0x86, 0x10, 0x0, 0x0, 0x0, 0x0, 0x0,

    /* U+040F "Џ" */
    0x8f, 0xfa, 0x0, 0x0, 0x0, 0x0, 0x8f, 0xfb,
    0x8f, 0xfa, 0x0, 0x0, 0x0, 0x0, 0x8f, 0xfb,
    0x8f, 0xfa, 0x0, 0x0, 0x0, 0x0, 0x8f, 0xfb,
    0x8f, 0xfa, 0x0, 0x0, 0x0, 0x0, 0x8f, 0xfb,
    0x8f, 0xfa, 0x0, 0x0, 0x0, 0x0, 0x8f, 0xfb,
    0x8f, 0xfa, 0x0, 0x0, 0x0, 0x0, 0x8f, 0xfb,
    0x8f, 0xfa, 0x0, 0x0, 0x0, 0x0, 0x8f, 0xfb,
    0x8f, 0xfa, 0x0, 0x0, 0x0, 0x0, 0x8f, 0xfb,
    0x8f, 0xfa, 0x0, 0x0, 0x0, 0x0, 0x8f, 0xfb,
    0x8f, 0xfa, 0x0, 0x0, 0x0, 0x0, 0x8f, 0xfb,
    0x8f, 0xfa, 0x0, 0x0, 0x0, 0x0, 0x8f, 0xfb,
    0x8f, 0xfa, 0x0, 0x0, 0x0, 0x0, 0x8f, 0xfb,
    0x8f, 0xfa, 0x0, 0x0, 0x0, 0x0, 0x8f, 0xfb,
    0x8f, 0xfa, 0x0, 0x0, 0x0, 0x0, 0x8f, 0xfb,
    0x8f, 0xfa, 0x0, 0x0, 0x0, 0x0, 0x8f, 0xfb,
    0x8f, 0xff, 0xdd, 0xdd, 0xdd, 0xdd, 0xef, 0xfb,
    0x8f, 0xff, 0xff, 0xff, 0xff, 0xff, 0xff, 0xfb,
    0x8f, 0xff, 0xff, 0xff, 0xff, 0xff, 0xff, 0xfb,
    0x0, 0x0, 0x0, 0x6f, 0xf9, 0x0, 0x0, 0x0,
    0x0, 0x0, 0x0, 0x6f, 0xf9, 0x0, 0x0, 0x0,
    0x0, 0x0, 0x0, 0x6f, 0xf9, 0x0, 0x0, 0x0,
    0x0, 0x0, 0x0, 0x6f, 0xf9, 0x0, 0x0, 0x0,

    /* U+0410 "А" */
    0x0, 0x0, 0x0, 0x2, 0xff, 0xf8, 0x0, 0x0,
    0x0, 0x0, 0x0, 0x0, 0x0, 0x9, 0xff, 0xfe,
    0x0, 0x0, 0x0, 0x0, 0x0, 0x0, 0x0, 0xf,
    0xff, 0xff, 0x60, 0x0, 0x0, 0x0, 0x0, 0x0,
    0x0, 0x7f, 0xfd, 0xff, 0xd0, 0x0, 0x0, 0x0,
    0x0, 0x0, 0x0, 0xdf, 0xf2, 0xdf, 0xf4, 0x0,
    0x0, 0x0, 0x0, 0x0, 0x5, 0xff, 0xc0, 0x6f,
    0xfb, 0x0, 0x0, 0x0, 0x0, 0x0, 0xc, 0xff,
    0x50, 0xf, 0xff, 0x20, 0x0, 0x0, 0x0, 0x0,
    0x3f, 0xfe, 0x0, 0x9, 0xff, 0x90, 0x0, 0x0,
    0x0, 0x0, 0xaf, 0xf8, 0x0, 0x2, 0xff, 0xf1,
    0x0, 0x0, 0x0, 0x1, 0xff, 0xf1, 0x0, 0x0,
    0xbf, 0xf7, 0x0, 0x0, 0x0, 0x8, 0xff, 0xb0,
    0x0, 0x0, 0x5f, 0xfe, 0x0, 0x0, 0x0, 0xe,
    0xff, 0xff, 0xff, 0xff, 0xff, 0xff, 0x50, 0x0,
    0x0, 0x6f, 0xff, 0xff, 0xff, 0xff, 0xff, 0xff,
    0xc0, 0x0, 0x0, 0xdf, 0xff, 0xaa, 0xaa, 0xaa,
    0xab, 0xff, 0xf3, 0x0, 0x4, 0xff, 0xf1, 0x0,
    0x0, 0x0, 0x0, 0xaf, 0xfa, 0x0, 0xb, 0xff,
    0x90, 0x0, 0x0, 0x0, 0x0, 0x3f, 0xff, 0x10,
    0x2f, 0xff, 0x30, 0x0, 0x0, 0x0, 0x0, 0xd,
    0xff, 0x80, 0x9f, 0xfc, 0x0, 0x0, 0x0, 0x0,
    0x0, 0x6, 0xff, 0xe0,

    /* U+0411 "Б" */
    0x8f, 0xff, 0xff, 0xff, 0xff, 0xff, 0xff, 0x10,
    0x8f, 0xff, 0xff, 0xff, 0xff, 0xff, 0xff, 0x10,
    0x8f, 0xfe, 0xcc, 0xcc, 0xcc, 0xcc, 0xcc, 0x10,
    0x8f, 0xfa, 0x0, 0x0, 0x0, 0x0, 0x0, 0x0,
    0x8f, 0xfa, 0x0, 0x0, 0x0, 0x0, 0x0, 0x0,
    0x8f, 0xfa, 0x0, 0x0, 0x0, 0x0, 0x0, 0x0,
    0x8f, 0xfa, 0x0, 0x0, 0x0, 0x0, 0x0, 0x0,
    0x8f, 0xff, 0xff, 0xff, 0xff, 0xda, 0x40, 0x0,
    0x8f, 0xff, 0xff, 0xff, 0xff, 0xff, 0xfb, 0x0,
    0x8f, 0xfd, 0x99, 0x99, 0xab, 0xff, 0xff, 0x80,
    0x8f, 0xfa, 0x0, 0x0, 0x0, 0x1c, 0xff, 0xf0,
    0x8f, 0xfa, 0x0, 0x0, 0x0, 0x3, 0xff, 0xf3,
    0x8f, 0xfa, 0x0, 0x0, 0x0, 0x0, 0xff, 0xf4,
    0x8f, 0xfa, 0x0, 0x0, 0x0, 0x3, 0xff, 0xf2,
    0x8f, 0xfa, 0x0, 0x0, 0x0, 0x1d, 0xff, 0xe0,
    0x8f, 0xfd, 0x99, 0x99, 0xac, 0xff, 0xff, 0x60,
    0x8f, 0xff, 0xff, 0xff, 0xff, 0xff, 0xf7, 0x0,
    0x8f, 0xff, 0xff, 0xff, 0xfe, 0xc8, 0x20, 0x0,

    /* U+0412 "В" */
    0x8f, 0xff, 0xff, 0xff, 0xfe, 0xc8, 0x10, 0x0,
    0x8f, 0xff, 0xff, 0xff, 0xff, 0xff, 0xf4, 0x0,
    0x8f, 0xfd, 0x99, 0x99, 0xac, 0xff, 0xff, 0x10,
    0x8f, 0xfa, 0x0, 0x0, 0x0, 0x5f, 0xff, 0x60,
    0x8f, 0xfa, 0x0, 0x0, 0x0, 0xd, 0xff, 0x80,
    0x8f, 0xfa, 0x0, 0x0, 0x0, 0xd, 0xff, 0x60,
    0x8f, 0xfa, 0x0, 0x0, 0x0, 0x4f, 0xff, 0x10,
    0x8f, 0xfd, 0x77, 0x77, 0x8a, 0xff, 0xf5, 0x0,
    0x8f, 0xff, 0xff, 0xff, 0xff, 0xff, 0x80, 0x0,
    0x8f, 0xff, 0xff, 0xff, 0xff, 0xff, 0xfd, 0x20,
    0x8f, 0xfa, 0x0, 0x0, 0x1, 0x5d, 0xff, 0xc0,
    0x8f, 0xfa, 0x0, 0x0, 0x0, 0x2, 0xff, 0xf3,
    0x8f, 0xfa, 0x0, 0x0, 0x0, 0x0, 0xef, 0xf5,
    0x8f, 0xfa, 0x0, 0x0, 0x0, 0x0, 0xff, 0xf5,
    0x8f, 0xfa, 0x0, 0x0, 0x0, 0x9, 0xff, 0xf2,
    0x8f, 0xfd, 0x99, 0x99, 0x9a, 0xef, 0xff, 0xb0,
    0x8f, 0xff, 0xff, 0xff, 0xff, 0xff, 0xfc, 0x10,
    0x8f, 0xff, 0xff, 0xff, 0xff, 0xea, 0x50, 0x0,

    /* U+0413 "Г" */
    0x8f, 0xff, 0xff, 0xff, 0xff, 0xff, 0x58, 0xff,
    0xff, 0xff, 0xff, 0xff, 0xf5, 0x8f, 0xff, 0xdd,
    0xdd, 0xdd, 0xdd, 0x48, 0xff, 0xa0, 0x0, 0x0,
    0x0, 0x0, 0x8f, 0xfa, 0x0, 0x0, 0x0, 0x0,
    0x8, 0xff, 0xa0, 0x0, 0x0, 0x0, 0x0, 0x8f,
    0xfa, 0x0, 0x0, 0x0, 0x0, 0x8, 0xff, 0xa0,
    0x0, 0x0, 0x0, 0x0, 0x8f, 0xfa, 0x0, 0x0,
    0x0, 0x0, 0x8, 0xff, 0xa0, 0x0, 0x0, 0x0,
    0x0, 0x8f, 0xfa, 0x0, 0x0, 0x0, 0x0, 0x8,
    0xff, 0xa0, 0x0, 0x0, 0x0, 0x0, 0x8f, 0xfa,
    0x0, 0x0, 0x0, 0x0, 0x8, 0xff, 0xa0, 0x0,
    0x0, 0x0, 0x0, 0x8f, 0xfa, 0x0, 0x0, 0x0,
    0x0, 0x8, 0xff, 0xa0, 0x0, 0x0, 0x0, 0x0,
    0x8f, 0xfa, 0x0, 0x0, 0x0, 0x0, 0x8, 0xff,
    0xa0, 0x0, 0x0, 0x0, 0x0,

    /* U+0414 "Д" */
    0x0, 0x0, 0x9f, 0xff, 0xff, 0xff, 0xff, 0xff,
    0xf4, 0x0, 0x0, 0x0, 0x9f, 0xff, 0xff, 0xff,
    0xff, 0xff, 0xf4, 0x0, 0x0, 0x0, 0xaf, 0xfe,
    0xdd, 0xdd, 0xdd, 0xff, 0xf4, 0x0, 0x0, 0x0,
    0xaf, 0xf3, 0x0, 0x0, 0x0, 0xef, 0xf4, 0x0,
    0x0, 0x0, 0xbf, 0xf2, 0x0, 0x0, 0x0, 0xef,
    0xf4, 0x0, 0x0, 0x0, 0xbf, 0xf1, 0x0, 0x0,
    0x0, 0xef, 0xf4, 0x0, 0x0, 0x0, 0xcf, 0xf1,
    0x0, 0x0, 0x0, 0xef, 0xf4, 0x0, 0x0, 0x0,
    0xdf, 0xf0, 0x0, 0x0, 0x0, 0xef, 0xf4, 0x0,
    0x0, 0x0, 0xef, 0xf0, 0x0, 0x0, 0x0, 0xef,
    0xf4, 0x0, 0x0, 0x0, 0xff, 0xe0, 0x0, 0x0,
    0x0, 0xef, 0xf4, 0x0, 0x0, 0x2, 0xff, 0xc0,
    0x0, 0x0, 0x0, 0xef, 0xf4, 0x0, 0x0, 0x5,
    0xff, 0x90, 0x0, 0x0, 0x0, 0xef, 0xf4, 0x0,
    0x0, 0x9, 0xff, 0x60, 0x0, 0x0, 0x0, 0xef,
    0xf4, 0x0, 0x0, 0xe, 0xff, 0x20, 0x0, 0x0,
    0x0, 0xef, 0xf4, 0x0, 0x0, 0x9f, 0xfa, 0x0,
    0x0, 0x0, 0x0, 0xef, 0xf4, 0x0, 0x8f, 0xff,
    0xfe, 0xdd, 0xdd, 0xdd, 0xdd, 0xff, 0xff, 0xda,
    0xaf, 0xff, 0xff, 0xff, 0xff, 0xff, 0xff, 0xff,
    0xff, 0xfc, 0xaf, 0xff, 0xff, 0xff, 0xff, 0xff,
    0xff, 0xff, 0xff, 0xfc, 0xaf, 0xf6, 0x0, 0x0,
    0x0, 0x0, 0x0, 0x0, 0x3f, 0xfc, 0xaf, 0xf6,
    0x0, 0x0, 0x0, 0x0, 0x0, 0x0, 0x3f, 0xfc,
    0xaf, 0xf6, 0x0, 0x0, 0x0, 0x0, 0x0, 0x0,
    0x3f, 0xfc, 0xaf, 0xf6, 0x0, 0x0, 0x0, 0x0,
    0x0, 0x0, 0x3f, 0xfc,

    /* U+0415 "Е" */
    0x8f, 0xff, 0xff, 0xff, 0xff, 0xff, 0xf3, 0x8f,
    0xff, 0xff, 0xff, 0xff, 0xff, 0xf3, 0x8f, 0xff,
    0xdd, 0xdd, 0xdd, 0xdd, 0xd2, 0x8f, 0xfb, 0x0,
    0x0, 0x0, 0x0, 0x0, 0x8f, 0xfb, 0x0, 0x0,
    0x0, 0x0, 0x0, 0x8f, 0xfb, 0x0, 0x0, 0x0,
    0x0, 0x0, 0x8f, 0xfb, 0x0, 0x0, 0x0, 0x0,
    0x0, 0x8f, 0xff, 0xcc, 0xcc, 0xcc, 0xcc, 0x10,
    0x8f, 0xff, 0xff, 0xff, 0xff, 0xff, 0x20, 0x8f,
    0xff, 0xff, 0xff, 0xff, 0xff, 0x20, 0x8f, 0xfb,
    0x0, 0x0, 0x0, 0x0, 0x0, 0x8f, 0xfb, 0x0,
    0x0, 0x0, 0x0, 0x0, 0x8f, 0xfb, 0x0, 0x0,
    0x0, 0x0, 0x0, 0x8f, 0xfb, 0x0, 0x0, 0x0,
    0x0, 0x0, 0x8f, 0xfb, 0x0, 0x0, 0x0, 0x0,
    0x0, 0x8f, 0xff, 0xdd, 0xdd, 0xdd, 0xdd, 0xd7,
    0x8f, 0xff, 0xff, 0xff, 0xff, 0xff, 0xf9, 0x8f,
    0xff, 0xff, 0xff, 0xff, 0xff, 0xf9,

    /* U+0416 "Ж" */
    0xd, 0xff, 0x80, 0x0, 0x0, 0x6, 0xff, 0xc0,
    0x0, 0x0, 0x3, 0xff, 0xf3, 0x4, 0xff, 0xf2,
    0x0, 0x0, 0x6, 0xff, 0xc0, 0x0, 0x0, 0xc,
    0xff, 0x90, 0x0, 0xaf, 0xfb, 0x0, 0x0, 0x6,
    0xff, 0xc0, 0x0, 0x0, 0x6f, 0xfe, 0x10, 0x0,
    0x1f, 0xff, 0x40, 0x0, 0x6, 0xff, 0xc0, 0x0,
    0x1, 0xef, 0xf5, 0x0, 0x0, 0x6, 0xff, 0xd0,
    0x0, 0x6, 0xff, 0xc0, 0x0, 0x9, 0xff, 0xb0,
    0x0, 0x0, 0x0, 0xcf, 0xf8, 0x0, 0x6, 0xff,
    0xc0, 0x0, 0x3f, 0xff, 0x20, 0x0, 0x0, 0x0,
    0x3f, 0xff, 0x20, 0x6, 0xff, 0xc0, 0x0, 0xcf,
    0xf7, 0x0, 0x0, 0x0, 0x0, 0x8, 0xff, 0xfe,
    0xef, 0xff, 0xfe, 0xef, 0xff, 0xe0, 0x0, 0x0,
    0x0, 0x0, 0x5, 0xff, 0xff, 0xff, 0xff, 0xff,
    0xff, 0xff, 0xd0, 0x0, 0x0, 0x0, 0x0, 0xd,
    0xff, 0xff, 0xff, 0xff, 0xff, 0xff, 0xff, 0xf2,
    0x0, 0x0, 0x0, 0x0, 0x6f, 0xff, 0x50, 0x6,
    0xff, 0xc0, 0x1, 0xff, 0xfb, 0x0, 0x0, 0x0,
    0x0, 0xef, 0xfc, 0x0, 0x6, 0xff, 0xc0, 0x0,
    0x7f, 0xff, 0x40, 0x0, 0x0, 0x8, 0xff, 0xf3,
    0x0, 0x6, 0xff, 0xc0, 0x0, 0xd, 0xff, 0xc0,
    0x0, 0x0, 0x1f, 0xff, 0xa0, 0x0, 0x6, 0xff,
    0xc0, 0x0, 0x5, 0xff, 0xf6, 0x0, 0x0, 0xaf,
    0xff, 0x20, 0x0, 0x6, 0xff, 0xc0, 0x0, 0x0,
    0xcf, 0xfe, 0x0, 0x3, 0xff, 0xf8, 0x0, 0x0,
    0x6, 0xff, 0xc0, 0x0, 0x0, 0x3f, 0xff, 0x80,
    0xc, 0xff, 0xe1, 0x0, 0x0, 0x6, 0xff, 0xc0,
    0x0, 0x0, 0xa, 0xff, 0xf1, 0x5f, 0xff, 0x60,
    0x0, 0x0, 0x6, 0xff, 0xc0, 0x0, 0x0, 0x2,
    0xff, 0xfa,

    /* U+0417 "З" */
    0x0, 0x3, 0x8b, 0xef, 0xfe, 0xb7, 0x10, 0x0,
    0x1, 0xdf, 0xff, 0xff, 0xff, 0xff, 0xf6, 0x0,
    0x0, 0xef, 0xff, 0xfd, 0xdf, 0xff, 0xff, 0x60,
    0x0, 0x7a, 0x51, 0x0, 0x0, 0x4e, 0xff, 0xe0,
    0x0, 0x0, 0x0, 0x0, 0x0, 0x5, 0xff, 0xf0,
    0x0, 0x0, 0x0, 0x0, 0x0, 0x4, 0xff, 0xf0,
    0x0, 0x0, 0x0, 0x0, 0x1, 0x4d, 0xff, 0xa0,
    0x0, 0x0, 0x7f, 0xff, 0xff, 0xff, 0xfe, 0x10,
    0x0, 0x0, 0x7f, 0xff, 0xff, 0xff, 0xf5, 0x0,
    0x0, 0x0, 0x4a, 0xaa, 0xab, 0xdf, 0xff, 0x80,
    0x0, 0x0, 0x0, 0x0, 0x0, 0x5, 0xff, 0xf4,
    0x0, 0x0, 0x0, 0x0, 0x0, 0x0, 0x9f, 0xfa,
    0x0, 0x0, 0x0, 0x0, 0x0, 0x0, 0x7f, 0xfc,
    0x1, 0x40, 0x0, 0x0, 0x0, 0x0, 0xcf, 0xfb,
    0x7, 0xfb, 0x51, 0x0, 0x0, 0x2a, 0xff, 0xf5,
    0xd, 0xff, 0xff, 0xed, 0xdf, 0xff, 0xff, 0xb0,
    0x5, 0xef, 0xff, 0xff, 0xff, 0xff, 0xfa, 0x0,
    0x0, 0x4, 0x9c, 0xef, 0xfe, 0xc8, 0x20, 0x0,

    /* U+0418 "И" */
    0x8f, 0xfa, 0x0, 0x0, 0x0, 0x0, 0x4f, 0xff,
    0x18, 0xff, 0xa0, 0x0, 0x0, 0x0, 0x1e, 0xff,
    0xf1, 0x8f, 0xfa, 0x0, 0x0, 0x0, 0xc, 0xff,
    0xff, 0x18, 0xff, 0xa0, 0x0, 0x0, 0x8, 0xff,
    0xff, 0xf1, 0x8f, 0xfa, 0x0, 0x0, 0x3, 0xff,
    0xff, 0xff, 0x18, 0xff, 0xa0, 0x0, 0x1, 0xef,
    0xfc, 0xff, 0xf1, 0x8f, 0xfa, 0x0, 0x0, 0xbf,
    0xfe, 0x2f, 0xff, 0x18, 0xff, 0xa0, 0x0, 0x7f,
    0xff, 0x41, 0xff, 0xf1, 0x8f, 0xfa, 0x0, 0x3f,
    0xff, 0x80, 0x1f, 0xff, 0x18, 0xff, 0xa0, 0xd,
    0xff, 0xc0, 0x1, 0xff, 0xf1, 0x8f, 0xfa, 0xa,
    0xff, 0xe1, 0x0, 0x1f, 0xff, 0x18, 0xff, 0xa6,
    0xff, 0xf4, 0x0, 0x1, 0xff, 0xf1, 0x8f, 0xfd,
    0xff, 0xf8, 0x0, 0x0, 0x1f, 0xff, 0x18, 0xff,
    0xff, 0xfc, 0x0, 0x0, 0x1, 0xff, 0xf1, 0x8f,
    0xff, 0xff, 0x20, 0x0, 0x0, 0x1f, 0xff, 0x18,
    0xff, 0xff, 0x50, 0x0, 0x0, 0x1, 0xff, 0xf1,
    0x8f, 0xff, 0x90, 0x0, 0x0, 0x0, 0x1f, 0xff,
    0x18, 0xff, 0xd0, 0x0, 0x0, 0x0, 0x1, 0xff,
    0xf1,

    /* U+0419 "Й" */
    0x0, 0x4, 0xff, 0x10, 0x0, 0x8f, 0xc0, 0x0,
    0x0, 0x0, 0xf, 0xfa, 0x10, 0x4f, 0xf8, 0x0,
    0x0, 0x0, 0x0, 0x6f, 0xff, 0xff, 0xfd, 0x0,
    0x0, 0x0, 0x0, 0x0, 0x38, 0xbb, 0xa6, 0x0,
    0x0, 0x0, 0x0, 0x0, 0x0, 0x0, 0x0, 0x0,
    0x0, 0x0, 0x8, 0xff, 0xa0, 0x0, 0x0, 0x0,
    0x4, 0xff, 0xf1, 0x8f, 0xfa, 0x0, 0x0, 0x0,
    0x1, 0xef, 0xff, 0x18, 0xff, 0xa0, 0x0, 0x0,
    0x0, 0xcf, 0xff, 0xf1, 0x8f, 0xfa, 0x0, 0x0,
    0x0, 0x8f, 0xff, 0xff, 0x18, 0xff, 0xa0, 0x0,
    0x0, 0x3f, 0xff, 0xff, 0xf1, 0x8f, 0xfa, 0x0,
    0x0, 0x1e, 0xff, 0xcf, 0xff, 0x18, 0xff, 0xa0,
    0x0, 0xb, 0xff, 0xe2, 0xff, 0xf1, 0x8f, 0xfa,
    0x0, 0x7, 0xff, 0xf4, 0x1f, 0xff, 0x18, 0xff,
    0xa0, 0x3, 0xff, 0xf8, 0x1, 0xff, 0xf1, 0x8f,
    0xfa, 0x0, 0xdf, 0xfc, 0x0, 0x1f, 0xff, 0x18,
    0xff, 0xa0, 0xaf, 0xfe, 0x10, 0x1, 0xff, 0xf1,
    0x8f, 0xfa, 0x6f, 0xff, 0x40, 0x0, 0x1f, 0xff,
    0x18, 0xff, 0xdf, 0xff, 0x80, 0x0, 0x1, 0xff,
    0xf1, 0x8f, 0xff, 0xff, 0xc0, 0x0, 0x0, 0x1f,
    0xff, 0x18, 0xff, 0xff, 0xf2, 0x0, 0x0, 0x1,
    0xff, 0xf1, 0x8f, 0xff, 0xf5, 0x0, 0x0, 0x0,
    0x1f, 0xff, 0x18, 0xff, 0xf9, 0x0, 0x0, 0x0,
    0x1, 0xff, 0xf1, 0x8f, 0xfd, 0x0, 0x0, 0x0,
    0x0, 0x1f, 0xff, 0x10,

    /* U+041A "К" */
    0x8f, 0xfa, 0x0, 0x0, 0x0, 0x5, 0xff, 0xf2,
    0x8f, 0xfa, 0x0, 0x0, 0x0, 0x1e, 0xff, 0x60,
    0x8f, 0xfa, 0x0, 0x0, 0x0, 0xbf, 0xfa, 0x0,
    0x8f, 0xfa, 0x0, 0x0, 0x6, 0xff, 0xe1, 0x0,
    0x8f, 0xfa, 0x0, 0x0, 0x2f, 0xff, 0x30, 0x0,
    0x8f, 0xfa, 0x0, 0x0, 0xcf, 0xf8, 0x0, 0x0,
    0x8f, 0xfa, 0x0, 0x8, 0xff, 0xc0, 0x0, 0x0,
    0x8f, 0xff, 0xee, 0xff, 0xff, 0x20, 0x0, 0x0,
    0x8f, 0xff, 0xff, 0xff, 0xff, 0x0, 0x0, 0x0,
    0x8f, 0xff, 0xff, 0xff, 0xff, 0x30, 0x0, 0x0,
    0x8f, 0xfa, 0x0, 0xc, 0xff, 0xd0, 0x0, 0x0,
    0x8f, 0xfa, 0x0, 0x3, 0xff, 0xf8, 0x0, 0x0,
    0x8f, 0xfa, 0x0, 0x0, 0x8f, 0xff, 0x20, 0x0,
    0x8f, 0xfa, 0x0, 0x0, 0xd, 0xff, 0xc0, 0x0,
    0x8f, 0xfa, 0x0, 0x0, 0x3, 0xff, 0xf7, 0x0,
    0x8f, 0xfa, 0x0, 0x0, 0x0, 0x9f, 0xff, 0x20,
    0x8f, 0xfa, 0x0, 0x0, 0x0, 0xe, 0xff, 0xb0,
    0x8f, 0xfa, 0x0, 0x0, 0x0, 0x4, 0xff, 0xf6,

    /* U+041B "Л" */
    0x0, 0x0, 0x7f, 0xff, 0xff, 0xff, 0xff, 0xff,
    0xf6, 0x0, 0x0, 0x8f, 0xff, 0xff, 0xff, 0xff,
    0xff, 0xf6, 0x0, 0x0, 0x8f, 0xff, 0xdd, 0xdd,
    0xdd, 0xff, 0xf6, 0x0, 0x0, 0x9f, 0xf4, 0x0,
    0x0, 0x0, 0xcf, 0xf6, 0x0, 0x0, 0xaf, 0xf3,
    0x0, 0x0, 0x0, 0xcf, 0xf6, 0x0, 0x0, 0xaf,
    0xf3, 0x0, 0x0, 0x0, 0xcf, 0xf6, 0x0, 0x0,
    0xbf, 0xf2, 0x0, 0x0, 0x0, 0xcf, 0xf6, 0x0,
    0x0, 0xbf, 0xf2, 0x0, 0x0, 0x0, 0xcf, 0xf6,
    0x0, 0x0, 0xcf, 0xf1, 0x0, 0x0, 0x0, 0xcf,
    0xf6, 0x0, 0x0, 0xdf, 0xf0, 0x0, 0x0, 0x0,
    0xcf, 0xf6, 0x0, 0x0, 0xff, 0xf0, 0x0, 0x0,
    0x0, 0xcf, 0xf6, 0x0, 0x2, 0xff, 0xd0, 0x0,
    0x0, 0x0, 0xcf, 0xf6, 0x0, 0x5, 0xff, 0xa0,
    0x0, 0x0, 0x0, 0xcf, 0xf6, 0x0, 0xb, 0xff,
    0x70, 0x0, 0x0, 0x0, 0xcf, 0xf6, 0x12, 0x8f,
    0xff, 0x30, 0x0, 0x0, 0x0, 0xcf, 0xf6, 0x7f,
    0xff, 0xfc, 0x0, 0x0, 0x0, 0x0, 0xcf, 0xf6,
    0x8f, 0xff, 0xf3, 0x0, 0x0, 0x0, 0x0, 0xcf,
    0xf6, 0x9f, 0xfc, 0x30, 0x0, 0x0, 0x0, 0x0,
    0xcf, 0xf6,

    /* U+041C "М" */
    0x8f, 0xf6, 0x0, 0x0, 0x0, 0x0, 0x0, 0x0,
    0x5f, 0xf9, 0x8f, 0xfe, 0x10, 0x0, 0x0, 0x0,
    0x0, 0x0, 0xef, 0xf9, 0x8f, 0xff, 0x90, 0x0,
    0x0, 0x0, 0x0, 0x8, 0xff, 0xf9, 0x8f, 0xff,
    0xf2, 0x0, 0x0, 0x0, 0x0, 0x2f, 0xff, 0xf9,
    0x8f, 0xff, 0xfc, 0x0, 0x0, 0x0, 0x0, 0xaf,
    0xff, 0xf9, 0x8f, 0xff, 0xff, 0x50, 0x0, 0x0,
    0x4, 0xff, 0xff, 0xf9, 0x8f, 0xfc, 0xff, 0xe0,
    0x0, 0x0, 0xd, 0xff, 0xbf, 0xf9, 0x8f, 0xf8,
    0xaf, 0xf8, 0x0, 0x0, 0x6f, 0xfa, 0x7f, 0xf9,
    0x8f, 0xf8, 0x1f, 0xff, 0x20, 0x0, 0xef, 0xf1,
    0x7f, 0xf9, 0x8f, 0xf8, 0x7, 0xff, 0xb0, 0x8,
    0xff, 0x70, 0x7f, 0xf9, 0x8f, 0xf8, 0x0, 0xdf,
    0xf4, 0x2f, 0xfd, 0x0, 0x7f, 0xf9, 0x8f, 0xf8,
    0x0, 0x4f, 0xfd, 0xbf, 0xf4, 0x0, 0x7f, 0xf9,
    0x8f, 0xf8, 0x0, 0xb, 0xff, 0xff, 0xb0, 0x0,
    0x7f, 0xf9, 0x8f, 0xf8, 0x0, 0x2, 0xff, 0xff,
    0x20, 0x0, 0x7f, 0xf9, 0x8f, 0xf8, 0x0, 0x0,
    0x8f, 0xf9, 0x0, 0x0, 0x7f, 0xf9, 0x8f, 0xf8,
    0x0, 0x0, 0xd, 0xd1, 0x0, 0x0, 0x7f, 0xf9,
    0x8f, 0xf8, 0x0, 0x0, 0x0, 0x0, 0x0, 0x0,
    0x7f, 0xf9, 0x8f, 0xf8, 0x0, 0x0, 0x0, 0x0,
    0x0, 0x0, 0x7f, 0xf9,

    /* U+041D "Н" */
    0x8f, 0xfb, 0x0, 0x0, 0x0, 0x0, 0x4f, 0xff,
    0x8f, 0xfb, 0x0, 0x0, 0x0, 0x0, 0x4f, 0xff,
    0x8f, 0xfb, 0x0, 0x0, 0x0, 0x0, 0x4f, 0xff,
    0x8f, 0xfb, 0x0, 0x0, 0x0, 0x0, 0x4f, 0xff,
    0x8f, 0xfb, 0x0, 0x0, 0x0, 0x0, 0x4f, 0xff,
    0x8f, 0xfb, 0x0, 0x0, 0x0, 0x0, 0x4f, 0xff,
    0x8f, 0xfb, 0x0, 0x0, 0x0, 0x0, 0x4f, 0xff,
    0x8f, 0xff, 0xee, 0xee, 0xee, 0xee, 0xff, 0xff,
    0x8f, 0xff, 0xff, 0xff, 0xff, 0xff, 0xff, 0xff,
    0x8f, 0xff, 0xff, 0xff, 0xff, 0xff, 0xff, 0xff,
    0x8f, 0xfb, 0x0, 0x0, 0x0, 0x0, 0x4f, 0xff,
    0x8f, 0xfb, 0x0, 0x0, 0x0, 0x0, 0x4f, 0xff,
    0x8f, 0xfb, 0x0, 0x0, 0x0, 0x0, 0x4f, 0xff,
    0x8f, 0xfb, 0x0, 0x0, 0x0, 0x0, 0x4f, 0xff,
    0x8f, 0xfb, 0x0, 0x0, 0x0, 0x0, 0x4f, 0xff,
    0x8f, 0xfb, 0x0, 0x0, 0x0, 0x0, 0x4f, 0xff,
    0x8f, 0xfb, 0x0, 0x0, 0x0, 0x0, 0x4f, 0xff,
    0x8f, 0xfb, 0x0, 0x0, 0x0, 0x0, 0x4f, 0xff,

    /* U+041E "О" */
    0x0, 0x0, 0x2, 0x8c, 0xef, 0xec, 0x83, 0x0,
    0x0, 0x0, 0x0, 0x1a, 0xff, 0xff, 0xff, 0xff,
    0xfb, 0x20, 0x0, 0x0, 0x3e, 0xff, 0xff, 0xff,
    0xff, 0xff, 0xfe, 0x30, 0x0, 0x1e, 0xff, 0xfb,
    0x40, 0x0, 0x4a, 0xff, 0xff, 0x20, 0xa, 0xff,
    0xf6, 0x0, 0x0, 0x0, 0x4, 0xff, 0xfc, 0x2,
    0xff, 0xf7, 0x0, 0x0, 0x0, 0x0, 0x6, 0xff,
    0xf4, 0x8f, 0xfe, 0x0, 0x0, 0x0, 0x0, 0x0,
    0xd, 0xff, 0x9b, 0xff, 0x90, 0x0, 0x0, 0x0,
    0x0, 0x0, 0x7f, 0xfd, 0xdf, 0xf7, 0x0, 0x0,
    0x0, 0x0, 0x0, 0x5, 0xff, 0xed, 0xff, 0x70,
    0x0, 0x0, 0x0, 0x0, 0x0, 0x5f, 0xfe, 0xbf,
    0xf9, 0x0, 0x0, 0x0, 0x0, 0x0, 0x7, 0xff,
    0xd8, 0xff, 0xe0, 0x0, 0x0, 0x0, 0x0, 0x0,
    0xdf, 0xf9, 0x2f, 0xff, 0x70, 0x0, 0x0, 0x0,
    0x0, 0x6f, 0xff, 0x40, 0xaf, 0xff, 0x50, 0x0,
    0x0, 0x0, 0x4f, 0xff, 0xc0, 0x1, 0xef, 0xff,
    0xb4, 0x10, 0x4, 0xaf, 0xff, 0xf2, 0x0, 0x2,
    0xef, 0xff, 0xff, 0xff, 0xff, 0xff, 0xe4, 0x0,
    0x0, 0x1, 0xaf, 0xff, 0xff, 0xff, 0xff, 0xb2,
    0x0, 0x0, 0x0, 0x0, 0x28, 0xce, 0xfe, 0xc8,
    0x30, 0x0, 0x0,

    /* U+041F "П" */
    0x8f, 0xff, 0xff, 0xff, 0xff, 0xff, 0xff, 0xff,
    0x8f, 0xff, 0xff, 0xff, 0xff, 0xff, 0xff, 0xff,
    0x8f, 0xff, 0xdd, 0xdd, 0xdd, 0xdd, 0xff, 0xff,
    0x8f, 0xfa, 0x0, 0x0, 0x0, 0x0, 0x4f, 0xff,
    0x8f, 0xfa, 0x0, 0x0, 0x0, 0x0, 0x4f, 0xff,
    0x8f, 0xfa, 0x0, 0x0, 0x0, 0x0, 0x4f, 0xff,
    0x8f, 0xfa, 0x0, 0x0, 0x0, 0x0, 0x4f, 0xff,
    0x8f, 0xfa, 0x0, 0x0, 0x0, 0x0, 0x4f, 0xff,
    0x8f, 0xfa, 0x0, 0x0, 0x0, 0x0, 0x4f, 0xff,
    0x8f, 0xfa, 0x0, 0x0, 0x0, 0x0, 0x4f, 0xff,
    0x8f, 0xfa, 0x0, 0x0, 0x0, 0x0, 0x4f, 0xff,
    0x8f, 0xfa, 0x0, 0x0, 0x0, 0x0, 0x4f, 0xff,
    0x8f, 0xfa, 0x0, 0x0, 0x0, 0x0, 0x4f, 0xff,
    0x8f, 0xfa, 0x0, 0x0, 0x0, 0x0, 0x4f, 0xff,
    0x8f, 0xfa, 0x0, 0x0, 0x0, 0x0, 0x4f, 0xff,
    0x8f, 0xfa, 0x0, 0x0, 0x0, 0x0, 0x4f, 0xff,
    0x8f, 0xfa, 0x0, 0x0, 0x0, 0x0, 0x4f, 0xff,
    0x8f, 0xfa, 0x0, 0x0, 0x0, 0x0, 0x4f, 0xff,

    /* U+0420 "Р" */
    0x8f, 0xff, 0xff, 0xff, 0xed, 0x93, 0x0, 0x0,
    0x8f, 0xff, 0xff, 0xff, 0xff, 0xff, 0xa1, 0x0,
    0x8f, 0xff, 0xdd, 0xdd, 0xef, 0xff, 0xfb, 0x0,
    0x8f, 0xfb, 0x0, 0x0, 0x2, 0xaf, 0xff, 0x60,
    0x8f, 0xfb, 0x0, 0x0, 0x0, 0xa, 0xff, 0xc0,
    0x8f, 0xfb, 0x0, 0x0, 0x0, 0x4, 0xff, 0xf0,
    0x8f, 0xfb, 0x0, 0x0, 0x0, 0x3, 0xff, 0xf0,
    0x8f, 0xfb, 0x0, 0x0, 0x0, 0x5, 0xff, 0xf0,
    0x8f, 0xfb, 0x0, 0x0, 0x0, 0xc, 0xff, 0xc0,
    0x8f, 0xfb, 0x0, 0x0, 0x14, 0xcf, 0xff, 0x50,
    0x8f, 0xff, 0xff, 0xff, 0xff, 0xff, 0xfa, 0x0,
    0x8f, 0xff, 0xff, 0xff, 0xff, 0xff, 0x80, 0x0,
    0x8f, 0xff, 0xdd, 0xdd, 0xcb, 0x71, 0x0, 0x0,
    0x8f, 0xfb, 0x0, 0x0, 0x0, 0x0, 0x0, 0x0,
    0x8f, 0xfb, 0x0, 0x0, 0x0, 0x0, 0x0, 0x0,
    0x8f, 0xfb, 0x0, 0x0, 0x0, 0x0, 0x0, 0x0,
    0x8f, 0xfb, 0x0, 0x0, 0x0, 0x0, 0x0, 0x0,
    0x8f, 0xfb, 0x0, 0x0, 0x0, 0x0, 0x0, 0x0,

    /* U+0421 "С" */
    0x0, 0x0, 0x2, 0x8c, 0xef, 0xec, 0x82, 0x0,
    0x0, 0x0, 0x1a, 0xff, 0xff, 0xff, 0xff, 0xf9,
    0x10, 0x0, 0x2e, 0xff, 0xff, 0xff, 0xff, 0xff,
    0xfd, 0x10, 0x1e, 0xff, 0xfb, 0x41, 0x0, 0x39,
    0xff, 0xd1, 0xa, 0xff, 0xf6, 0x0, 0x0, 0x0,
    0x4, 0xb1, 0x2, 0xff, 0xf7, 0x0, 0x0, 0x0,
    0x0, 0x0, 0x0, 0x7f, 0xfe, 0x0, 0x0, 0x0,
    0x0, 0x0, 0x0, 0xb, 0xff, 0x90, 0x0, 0x0,
    0x0, 0x0, 0x0, 0x0, 0xcf, 0xf7, 0x0, 0x0,
    0x0, 0x0, 0x0, 0x0, 0xc, 0xff, 0x70, 0x0,
    0x0, 0x0, 0x0, 0x0, 0x0, 0xbf, 0xf9, 0x0,
    0x0, 0x0, 0x0, 0x0, 0x0, 0x7, 0xff, 0xe0,
    0x0, 0x0, 0x0, 0x0, 0x0, 0x0, 0x2f, 0xff,
    0x80, 0x0, 0x0, 0x0, 0x0, 0x0, 0x0, 0xaf,
    0xff, 0x60, 0x0, 0x0, 0x0, 0x4b, 0x10, 0x1,
    0xef, 0xff, 0xb5, 0x10, 0x3, 0xaf, 0xfd, 0x10,
    0x3, 0xef, 0xff, 0xff, 0xff, 0xff, 0xff, 0xc1,
    0x0, 0x1, 0xbf, 0xff, 0xff, 0xff, 0xff, 0x90,
    0x0, 0x0, 0x0, 0x38, 0xce, 0xfe, 0xc8, 0x20,
    0x0,

    /* U+0422 "Т" */
    0xaf, 0xff, 0xff, 0xff, 0xff, 0xff, 0xff, 0xf2,
    0xaf, 0xff, 0xff, 0xff, 0xff, 0xff, 0xff, 0xf2,
    0x8d, 0xdd, 0xdd, 0xff, 0xff, 0xdd, 0xdd, 0xd2,
    0x0, 0x0, 0x0, 0xef, 0xf5, 0x0, 0x0, 0x0,
    0x0, 0x0, 0x0, 0xef, 0xf5, 0x0, 0x0, 0x0,
    0x0, 0x0, 0x0, 0xef, 0xf5, 0x0, 0x0, 0x0,
    0x0, 0x0, 0x0, 0xef, 0xf5, 0x0, 0x0, 0x0,
    0x0, 0x0, 0x0, 0xef, 0xf5, 0x0, 0x0, 0x0,
    0x0, 0x0, 0x0, 0xef, 0xf5, 0x0, 0x0, 0x0,
    0x0, 0x0, 0x0, 0xef, 0xf5, 0x0, 0x0, 0x0,
    0x0, 0x0, 0x0, 0xef, 0xf5, 0x0, 0x0, 0x0,
    0x0, 0x0, 0x0, 0xef, 0xf5, 0x0, 0x0, 0x0,
    0x0, 0x0, 0x0, 0xef, 0xf5, 0x0, 0x0, 0x0,
    0x0, 0x0, 0x0, 0xef, 0xf5, 0x0, 0x0, 0x0,
    0x0, 0x0, 0x0, 0xef, 0xf5, 0x0, 0x0, 0x0,
    0x0, 0x0, 0x0, 0xef, 0xf5, 0x0, 0x0, 0x0,
    0x0, 0x0, 0x0, 0xef, 0xf5, 0x0, 0x0, 0x0,
    0x0, 0x0, 0x0, 0xef, 0xf5, 0x0, 0x0, 0x0,

    /* U+0423 "У" */
    0x7f, 0xff, 0x10, 0x0, 0x0, 0x0, 0x0, 0xef,
    0xf3, 0xe, 0xff, 0x80, 0x0, 0x0, 0x0, 0x7,
    0xff, 0xb0, 0x6, 0xff, 0xe0, 0x0, 0x0, 0x0,
    0xe, 0xff, 0x20, 0x0, 0xef, 0xf7, 0x0, 0x0,
    0x0, 0x7f, 0xfa, 0x0, 0x0, 0x6f, 0xfe, 0x0,
    0x0, 0x0, 0xef, 0xf2, 0x0, 0x0, 0xd, 0xff,
    0x70, 0x0, 0x7, 0xff, 0x90, 0x0, 0x0, 0x5,
    0xff, 0xe0, 0x0, 0xe, 0xff, 0x10, 0x0, 0x0,
    0x0, 0xdf, 0xf6, 0x0, 0x7f, 0xf9, 0x0, 0x0,
    0x0, 0x0, 0x5f, 0xfe, 0x0, 0xef, 0xf1, 0x0,
    0x0, 0x0, 0x0, 0xc, 0xff, 0x67, 0xff, 0x80,
    0x0, 0x0, 0x0, 0x0, 0x4, 0xff, 0xee, 0xff,
    0x10, 0x0, 0x0, 0x0, 0x0, 0x0, 0xcf, 0xff,
    0xf8, 0x0, 0x0, 0x0, 0x0, 0x0, 0x0, 0x4f,
    0xff, 0xe0, 0x0, 0x0, 0x0, 0x0, 0x0, 0x0,
    0xf, 0xff, 0x70, 0x0, 0x0, 0x0, 0x0, 0x0,
    0x0, 0x6f, 0xfe, 0x0, 0x0, 0x0, 0x0, 0x0,
    0x48, 0x69, 0xff, 0xf5, 0x0, 0x0, 0x0, 0x0,
    0x0, 0xaf, 0xff, 0xff, 0x90, 0x0, 0x0, 0x0,
    0x0, 0x0, 0xff, 0xff, 0xf8, 0x0, 0x0, 0x0,
    0x0, 0x0, 0x0, 0x26, 0x86, 0x10, 0x0, 0x0,
    0x0, 0x0, 0x0,

    /* U+0424 "Ф" */
    0x0, 0x0, 0x0, 0x0, 0x0, 0x68, 0x81, 0x0,
    0x0, 0x0, 0x0, 0x0, 0x0, 0x0, 0x0, 0x0,
    0xc, 0xff, 0x30, 0x0, 0x0, 0x0, 0x0, 0x0,
    0x0, 0x0, 0x48, 0xcd, 0xff, 0xff, 0xda, 0x61,
    0x0, 0x0, 0x0, 0x0, 0x6, 0xef, 0xff, 0xff,
    0xff, 0xff, 0xff, 0xfa, 0x20, 0x0, 0x0, 0xb,
    0xff, 0xff, 0xfc, 0xff, 0xff, 0xef, 0xff, 0xff,
    0x40, 0x0, 0xa, 0xff, 0xfb, 0x40, 0xc, 0xff,
    0x30, 0x28, 0xff, 0xff, 0x20, 0x4, 0xff, 0xf8,
    0x0, 0x0, 0xcf, 0xf3, 0x0, 0x2, 0xef, 0xfb,
    0x0, 0xaf, 0xfc, 0x0, 0x0, 0xc, 0xff, 0x30,
    0x0, 0x5, 0xff, 0xf1, 0xe, 0xff, 0x50, 0x0,
    0x0, 0xcf, 0xf3, 0x0, 0x0, 0xe, 0xff, 0x50,
    0xff, 0xf3, 0x0, 0x0, 0xc, 0xff, 0x30, 0x0,
    0x0, 0xbf, 0xf6, 0xf, 0xff, 0x30, 0x0, 0x0,
    0xcf, 0xf3, 0x0, 0x0, 0xb, 0xff, 0x60, 0xef,
    0xf5, 0x0, 0x0, 0xc, 0xff, 0x30, 0x0, 0x0,
    0xef, 0xf5, 0xa, 0xff, 0xc0, 0x0, 0x0, 0xcf,
    0xf3, 0x0, 0x0, 0x4f, 0xff, 0x10, 0x4f, 0xff,
    0x80, 0x0, 0xc, 0xff, 0x30, 0x0, 0x2e, 0xff,
    0xb0, 0x0, 0xaf, 0xff, 0xc4, 0x0, 0xcf, 0xf3,
    0x1, 0x7e, 0xff, 0xf2, 0x0, 0x0, 0xbf, 0xff,
    0xff, 0xcf, 0xff, 0xed, 0xff, 0xff, 0xf4, 0x0,
    0x0, 0x0, 0x7e, 0xff, 0xff, 0xff, 0xff, 0xff,
    0xff, 0xb2, 0x0, 0x0, 0x0, 0x0, 0x4, 0x8c,
    0xdf, 0xff, 0xfd, 0xb6, 0x20, 0x0, 0x0, 0x0,
    0x0, 0x0, 0x0, 0x0, 0xcf, 0xf3, 0x0, 0x0,
    0x0, 0x0, 0x0, 0x0, 0x0, 0x0, 0x0, 0xc,
    0xff, 0x30, 0x0, 0x0, 0x0, 0x0,

    /* U+0425 "Х" */
    0xe, 0xff, 0xc0, 0x0, 0x0, 0x0, 0xaf, 0xff,
    0x30, 0x4f, 0xff, 0x70, 0x0, 0x0, 0x4f, 0xff,
    0x80, 0x0, 0x9f, 0xff, 0x30, 0x0, 0x1e, 0xff,
    0xc0, 0x0, 0x0, 0xdf, 0xfd, 0x0, 0xa, 0xff,
    0xf2, 0x0, 0x0, 0x3, 0xff, 0xf8, 0x5, 0xff,
    0xf7, 0x0, 0x0, 0x0, 0x8, 0xff, 0xf5, 0xff,
    0xfc, 0x0, 0x0, 0x0, 0x0, 0xd, 0xff, 0xff,
    0xff, 0x20, 0x0, 0x0, 0x0, 0x0, 0x3f, 0xff,
    0xff, 0x60, 0x0, 0x0, 0x0, 0x0, 0x0, 0x8f,
    0xff, 0xd0, 0x0, 0x0, 0x0, 0x0, 0x0, 0xd,
    0xff, 0xff, 0x30, 0x0, 0x0, 0x0, 0x0, 0x8,
    0xff, 0xff, 0xfd, 0x0, 0x0, 0x0, 0x0, 0x3,
    0xff, 0xfc, 0xff, 0xf9, 0x0, 0x0, 0x0, 0x0,
    0xdf, 0xfd, 0xa, 0xff, 0xf4, 0x0, 0x0, 0x0,
    0x9f, 0xff, 0x30, 0x1e, 0xff, 0xe0, 0x0, 0x0,
    0x4f, 0xff, 0x70, 0x0, 0x4f, 0xff, 0xa0, 0x0,
    0x1e, 0xff, 0xc0, 0x0, 0x0, 0x9f, 0xff, 0x40,
    0xa, 0xff, 0xf2, 0x0, 0x0, 0x0, 0xdf, 0xfe,
    0x15, 0xff, 0xf6, 0x0, 0x0, 0x0, 0x3, 0xff,
    0xfa,

    /* U+0426 "Ц" */
    0x8f, 0xfa, 0x0, 0x0, 0x0, 0x0, 0x8f, 0xfb,
    0x0, 0x8, 0xff, 0xa0, 0x0, 0x0, 0x0, 0x8,
    0xff, 0xb0, 0x0, 0x8f, 0xfa, 0x0, 0x0, 0x0,
    0x0, 0x8f, 0xfb, 0x0, 0x8, 0xff, 0xa0, 0x0,
    0x0, 0x0, 0x8, 0xff, 0xb0, 0x0, 0x8f, 0xfa,
    0x0, 0x0, 0x0, 0x0, 0x8f, 0xfb, 0x0, 0x8,
    0xff, 0xa0, 0x0, 0x0, 0x0, 0x8, 0xff, 0xb0,
    0x0, 0x8f, 0xfa, 0x0, 0x0, 0x0, 0x0, 0x8f,
    0xfb, 0x0, 0x8, 0xff, 0xa0, 0x0, 0x0, 0x0,
    0x8, 0xff, 0xb0, 0x0, 0x8f, 0xfa, 0x0, 0x0,
    0x0, 0x0, 0x8f, 0xfb, 0x0, 0x8, 0xff, 0xa0,
    0x0, 0x0, 0x0, 0x8, 0xff, 0xb0, 0x0, 0x8f,
    0xfa, 0x0, 0x0, 0x0, 0x0, 0x8f, 0xfb, 0x0,
    0x8, 0xff, 0xa0, 0x0, 0x0, 0x0, 0x8, 0xff,
    0xb0, 0x0, 0x8f, 0xfa, 0x0, 0x0, 0x0, 0x0,
    0x8f, 0xfb, 0x0, 0x8, 0xff, 0xa0, 0x0, 0x0,
    0x0, 0x8, 0xff, 0xb0, 0x0, 0x8f, 0xfa, 0x0,
    0x0, 0x0, 0x0, 0x8f, 0xfb, 0x0, 0x8, 0xff,
    0xfd, 0xdd, 0xdd, 0xdd, 0xdf, 0xff, 0xfd, 0xd4,
    0x8f, 0xff, 0xff, 0xff, 0xff, 0xff, 0xff, 0xff,
    0xff, 0x58, 0xff, 0xff, 0xff, 0xff, 0xff, 0xff,
    0xff, 0xff, 0xf5, 0x0, 0x0, 0x0, 0x0, 0x0,
    0x0, 0x0, 0xa, 0xff, 0x50, 0x0, 0x0, 0x0,
    0x0, 0x0, 0x0, 0x0, 0xaf, 0xf5, 0x0, 0x0,
    0x0, 0x0, 0x0, 0x0, 0x0, 0xa, 0xff, 0x50,
    0x0, 0x0, 0x0, 0x0, 0x0, 0x0, 0x0, 0xaf,
    0xf5,

    /* U+0427 "Ч" */
    0x4f, 0xfe, 0x0, 0x0, 0x0, 0x0, 0xaf, 0xf9,
    0x4f, 0xfe, 0x0, 0x0, 0x0, 0x0, 0xaf, 0xf9,
    0x4f, 0xfe, 0x0, 0x0, 0x0, 0x0, 0xaf, 0xf9,
    0x4f, 0xfe, 0x0, 0x0, 0x0, 0x0, 0xaf, 0xf9,
    0x4f, 0xfe, 0x0, 0x0, 0x0, 0x0, 0xaf, 0xf9,
    0x4f, 0xff, 0x0, 0x0, 0x0, 0x0, 0xaf, 0xf9,
    0x3f, 0xff, 0x10, 0x0, 0x0, 0x0, 0xaf, 0xf9,
    0x1f, 0xff, 0x80, 0x0, 0x0, 0x0, 0xaf, 0xf9,
    0xc, 0xff, 0xf9, 0x20, 0x0, 0x37, 0xff, 0xf9,
    0x3, 0xff, 0xff, 0xff, 0xef, 0xff, 0xff, 0xf9,
    0x0, 0x5f, 0xff, 0xff, 0xff, 0xff, 0xff, 0xf9,
    0x0, 0x1, 0x7c, 0xef, 0xfd, 0xa5, 0xaf, 0xf9,
    0x0, 0x0, 0x0, 0x0, 0x0, 0x0, 0xaf, 0xf9,
    0x0, 0x0, 0x0, 0x0, 0x0, 0x0, 0xaf, 0xf9,
    0x0, 0x0, 0x0, 0x0, 0x0, 0x0, 0xaf, 0xf9,
    0x0, 0x0, 0x0, 0x0, 0x0, 0x0, 0xaf, 0xf9,
    0x0, 0x0, 0x0, 0x0, 0x0, 0x0, 0xaf, 0xf9,
    0x0, 0x0, 0x0, 0x0, 0x0, 0x0, 0xaf, 0xf9,

    /* U+0428 "Ш" */
    0x8f, 0xfa, 0x0, 0x0, 0x0, 0xef, 0xf5, 0x0,
    0x0, 0x4, 0xff, 0xf8, 0xff, 0xa0, 0x0, 0x0,
    0xe, 0xff, 0x50, 0x0, 0x0, 0x4f, 0xff, 0x8f,
    0xfa, 0x0, 0x0, 0x0, 0xef, 0xf5, 0x0, 0x0,
    0x4, 0xff, 0xf8, 0xff, 0xa0, 0x0, 0x0, 0xe,
    0xff, 0x50, 0x0, 0x0, 0x4f, 0xff, 0x8f, 0xfa,
    0x0, 0x0, 0x0, 0xef, 0xf5, 0x0, 0x0, 0x4,
    0xff, 0xf8, 0xff, 0xa0, 0x0, 0x0, 0xe, 0xff,
    0x50, 0x0, 0x0, 0x4f, 0xff, 0x8f, 0xfa, 0x0,
    0x0, 0x0, 0xef, 0xf5, 0x0, 0x0, 0x4, 0xff,
    0xf8, 0xff, 0xa0, 0x0, 0x0, 0xe, 0xff, 0x50,
    0x0, 0x0, 0x4f, 0xff, 0x8f, 0xfa, 0x0, 0x0,
    0x0, 0xef, 0xf5, 0x0, 0x0, 0x4, 0xff, 0xf8,
    0xff, 0xa0, 0x0, 0x0, 0xe, 0xff, 0x50, 0x0,
    0x0, 0x4f, 0xff, 0x8f, 0xfa, 0x0, 0x0, 0x0,
    0xef, 0xf5, 0x0, 0x0, 0x4, 0xff, 0xf8, 0xff,
    0xa0, 0x0, 0x0, 0xe, 0xff, 0x50, 0x0, 0x0,
    0x4f, 0xff, 0x8f, 0xfa, 0x0, 0x0, 0x0, 0xef,
    0xf5, 0x0, 0x0, 0x4, 0xff, 0xf8, 0xff, 0xa0,
    0x0, 0x0, 0xe, 0xff, 0x50, 0x0, 0x0, 0x4f,
    0xff, 0x8f, 0xfa, 0x0, 0x0, 0x0, 0xef, 0xf5,
    0x0, 0x0, 0x4, 0xff, 0xf8, 0xff, 0xfd, 0xdd,
    0xdd, 0xdf, 0xff, 0xfd, 0xdd, 0xdd, 0xff, 0xff,
    0x8f, 0xff, 0xff, 0xff, 0xff, 0xff, 0xff, 0xff,
    0xff, 0xff, 0xff, 0xf8, 0xff, 0xff, 0xff, 0xff,
    0xff, 0xff, 0xff, 0xff, 0xff, 0xff, 0xff,

    /* U+0429 "Щ" */
    0x8f, 0xfa, 0x0, 0x0, 0x0, 0xef, 0xf5, 0x0,
    0x0, 0x4, 0xff, 0xf0, 0x0, 0x8f, 0xfa, 0x0,
    0x0, 0x0, 0xef, 0xf5, 0x0, 0x0, 0x4, 0xff,
    0xf0, 0x0, 0x8f, 0xfa, 0x0, 0x0, 0x0, 0xef,
    0xf5, 0x0, 0x0, 0x4, 0xff, 0xf0, 0x0, 0x8f,
    0xfa, 0x0, 0x0, 0x0, 0xef, 0xf5, 0x0, 0x0,
    0x4, 0xff, 0xf0, 0x0, 0x8f, 0xfa, 0x0, 0x0,
    0x0, 0xef, 0xf5, 0x0, 0x0, 0x4, 0xff, 0xf0,
    0x0, 0x8f, 0xfa, 0x0, 0x0, 0x0, 0xef, 0xf5,
    0x0, 0x0, 0x4, 0xff, 0xf0, 0x0, 0x8f, 0xfa,
    0x0, 0x0, 0x0, 0xef, 0xf5, 0x0, 0x0, 0x4,
    0xff, 0xf0, 0x0, 0x8f, 0xfa, 0x0, 0x0, 0x0,
    0xef, 0xf5, 0x0, 0x0, 0x4, 0xff, 0xf0, 0x0,
    0x8f, 0xfa, 0x0, 0x0, 0x0, 0xef, 0xf5, 0x0,
    0x0, 0x4, 0xff, 0xf0, 0x0, 0x8f, 0xfa, 0x0,
    0x0, 0x0, 0xef, 0xf5, 0x0, 0x0, 0x4, 0xff,
    0xf0, 0x0, 0x8f, 0xfa, 0x0, 0x0, 0x0, 0xef,
    0xf5, 0x0, 0x0, 0x4, 0xff, 0xf0, 0x0, 0x8f,
    0xfa, 0x0, 0x0, 0x0, 0xef, 0xf5, 0x0, 0x0,
    0x4, 0xff, 0xf0, 0x0, 0x8f, 0xfa, 0x0, 0x0,
    0x0, 0xef, 0xf5, 0x0, 0x0, 0x4, 0xff, 0xf0,
    0x0, 0x8f, 0xfa, 0x0, 0x0, 0x0, 0xef, 0xf5,
    0x0, 0x0, 0x4, 0xff, 0xf0, 0x0, 0x8f, 0xfa,
    0x0, 0x0, 0x0, 0xef, 0xf5, 0x0, 0x0, 0x4,
    0xff, 0xf0, 0x0, 0x8f, 0xff, 0xdd, 0xdd, 0xdd,
    0xff, 0xff, 0xdd, 0xdd, 0xdf, 0xff, 0xfd, 0xd6,
    0x8f, 0xff, 0xff, 0xff, 0xff, 0xff, 0xff, 0xff,
    0xff, 0xff, 0xff, 0xff, 0xf7, 0x8f, 0xff, 0xff,
    0xff, 0xff, 0xff, 0xff, 0xff, 0xff, 0xff, 0xff,
    0xff, 0xf7, 0x0, 0x0, 0x0, 0x0, 0x0, 0x0,
    0x0, 0x0, 0x0, 0x0, 0x0, 0x8f, 0xf7, 0x0,
    0x0, 0x0, 0x0, 0x0, 0x0, 0x0, 0x0, 0x0,
    0x0, 0x0, 0x8f, 0xf7, 0x0, 0x0, 0x0, 0x0,
    0x0, 0x0, 0x0, 0x0, 0x0, 0x0, 0x0, 0x8f,
    0xf7, 0x0, 0x0, 0x0, 0x0, 0x0, 0x0, 0x0,
    0x0, 0x0, 0x0, 0x0, 0x8f, 0xf7,

    /* U+042A "Ъ" */
    0xaf, 0xff, 0xff, 0xff, 0xa0, 0x0, 0x0, 0x0,
    0x0, 0x0, 0xa, 0xff, 0xff, 0xff, 0xfa, 0x0,
    0x0, 0x0, 0x0, 0x0, 0x0, 0x8d, 0xdd, 0xde,
    0xff, 0xa0, 0x0, 0x0, 0x0, 0x0, 0x0, 0x0,
    0x0, 0x0, 0x8f, 0xfa, 0x0, 0x0, 0x0, 0x0,
    0x0, 0x0, 0x0, 0x0, 0x8, 0xff, 0xa0, 0x0,
    0x0, 0x0, 0x0, 0x0, 0x0, 0x0, 0x0, 0x8f,
    0xfa, 0x0, 0x0, 0x0, 0x0, 0x0, 0x0, 0x0,
    0x0, 0x8, 0xff, 0xff, 0xff, 0xff, 0xfc, 0x82,
    0x0, 0x0, 0x0, 0x0, 0x8f, 0xff, 0xff, 0xff,
    0xff, 0xff, 0xf5, 0x0, 0x0, 0x0, 0x8, 0xff,
    0xd9, 0x99, 0x9a, 0xcf, 0xff, 0xf3, 0x0, 0x0,
    0x0, 0x8f, 0xfa, 0x0, 0x0, 0x0, 0x3e, 0xff,
    0xa0, 0x0, 0x0, 0x8, 0xff, 0xa0, 0x0, 0x0,
    0x0, 0x7f, 0xfe, 0x0, 0x0, 0x0, 0x8f, 0xfa,
    0x0, 0x0, 0x0, 0x4, 0xff, 0xf0, 0x0, 0x0,
    0x8, 0xff, 0xa0, 0x0, 0x0, 0x0, 0x4f, 0xff,
    0x0, 0x0, 0x0, 0x8f, 0xfa, 0x0, 0x0, 0x0,
    0x8, 0xff, 0xd0, 0x0, 0x0, 0x8, 0xff, 0xa0,
    0x0, 0x0, 0x6, 0xff, 0xf8, 0x0, 0x0, 0x0,
    0x8f, 0xfd, 0x99, 0x99, 0xad, 0xff, 0xfe, 0x10,
    0x0, 0x0, 0x8, 0xff, 0xff, 0xff, 0xff, 0xff,
    0xfd, 0x20, 0x0, 0x0, 0x0, 0x8f, 0xff, 0xff,
    0xff, 0xfe, 0xb6, 0x0, 0x0,

    /* U+042B "Ы" */
    0x8f, 0xfa, 0x0, 0x0, 0x0, 0x0, 0x0, 0x0,
    0x6, 0xff, 0xc8, 0xff, 0xa0, 0x0, 0x0, 0x0,
    0x0, 0x0, 0x0, 0x6f, 0xfc, 0x8f, 0xfa, 0x0,
    0x0, 0x0, 0x0, 0x0, 0x0, 0x6, 0xff, 0xc8,
    0xff, 0xa0, 0x0, 0x0, 0x0, 0x0, 0x0, 0x0,
    0x6f, 0xfc, 0x8f, 0xfa, 0x0, 0x0, 0x0, 0x0,
    0x0, 0x0, 0x6, 0xff, 0xc8, 0xff, 0xa0, 0x0,
    0x0, 0x0, 0x0, 0x0, 0x0, 0x6f, 0xfc, 0x8f,
    0xff, 0xff, 0xff, 0xff, 0xc8, 0x20, 0x0, 0x6,
    0xff, 0xc8, 0xff, 0xff, 0xff, 0xff, 0xff, 0xff,
    0x50, 0x0, 0x6f, 0xfc, 0x8f, 0xfd, 0x99, 0x99,
    0xac, 0xff, 0xff, 0x30, 0x6, 0xff, 0xc8, 0xff,
    0xa0, 0x0, 0x0, 0x3, 0xef, 0xfa, 0x0, 0x6f,
    0xfc, 0x8f, 0xfa, 0x0, 0x0, 0x0, 0x7, 0xff,
    0xe0, 0x6, 0xff, 0xc8, 0xff, 0xa0, 0x0, 0x0,
    0x0, 0x3f, 0xff, 0x0, 0x6f, 0xfc, 0x8f, 0xfa,
    0x0, 0x0, 0x0, 0x4, 0xff, 0xf0, 0x6, 0xff,
    0xc8, 0xff, 0xa0, 0x0, 0x0, 0x0, 0x8f, 0xfd,
    0x0, 0x6f, 0xfc, 0x8f, 0xfa, 0x0, 0x0, 0x0,
    0x6f, 0xff, 0x80, 0x6, 0xff, 0xc8, 0xff, 0xd9,
    0x99, 0x9a, 0xdf, 0xff, 0xe1, 0x0, 0x6f, 0xfc,
    0x8f, 0xff, 0xff, 0xff, 0xff, 0xff, 0xd2, 0x0,
    0x6, 0xff, 0xc8, 0xff, 0xff, 0xff, 0xff, 0xeb,
    0x60, 0x0, 0x0, 0x6f, 0xfc,

    /* U+042C "Ь" */
    0x8f, 0xfa, 0x0, 0x0, 0x0, 0x0, 0x0, 0x0,
    0x8f, 0xfa, 0x0, 0x0, 0x0, 0x0, 0x0, 0x0,
    0x8f, 0xfa, 0x0, 0x0, 0x0, 0x0, 0x0, 0x0,
    0x8f, 0xfa, 0x0, 0x0, 0x0, 0x0, 0x0, 0x0,
    0x8f, 0xfa, 0x0, 0x0, 0x0, 0x0, 0x0, 0x0,
    0x8f, 0xfa, 0x0, 0x0, 0x0, 0x0, 0x0, 0x0,
    0x8f, 0xff, 0xff, 0xff, 0xff, 0xc8, 0x20, 0x0,
    0x8f, 0xff, 0xff, 0xff, 0xff, 0xff, 0xf5, 0x0,
    0x8f, 0xfd, 0x99, 0x99, 0xac, 0xff, 0xff, 0x30,
    0x8f, 0xfa, 0x0, 0x0, 0x0, 0x3e, 0xff, 0xa0,
    0x8f, 0xfa, 0x0, 0x0, 0x0, 0x7, 0xff, 0xe0,
    0x8f, 0xfa, 0x0, 0x0, 0x0, 0x3, 0xff, 0xf0,
    0x8f, 0xfa, 0x0, 0x0, 0x0, 0x4, 0xff, 0xf0,
    0x8f, 0xfa, 0x0, 0x0, 0x0, 0x8, 0xff, 0xd0,
    0x8f, 0xfa, 0x0, 0x0, 0x0, 0x6f, 0xff, 0x80,
    0x8f, 0xfd, 0x99, 0x99, 0xad, 0xff, 0xfe, 0x10,
    0x8f, 0xff, 0xff, 0xff, 0xff, 0xff, 0xd2, 0x0,
    0x8f, 0xff, 0xff, 0xff, 0xfe, 0xb6, 0x0, 0x0,

    /* U+042D "Э" */
    0x0, 0x2, 0x7c, 0xef, 0xec, 0x82, 0x0, 0x0,
    0x0, 0x9, 0xff, 0xff, 0xff, 0xff, 0xfa, 0x0,
    0x0, 0x1c, 0xff, 0xff, 0xff, 0xff, 0xff, 0xfd,
    0x10, 0x1, 0xcf, 0xf9, 0x30, 0x0, 0x5c, 0xff,
    0xfc, 0x0, 0x0, 0xa3, 0x0, 0x0, 0x0, 0x8,
    0xff, 0xf7, 0x0, 0x0, 0x0, 0x0, 0x0, 0x0,
    0xb, 0xff, 0xe0, 0x0, 0x0, 0x0, 0x0, 0x0,
    0x0, 0x3f, 0xff, 0x30, 0x0, 0x0, 0x6a, 0xaa,
    0xaa, 0xaa, 0xff, 0xf7, 0x0, 0x0, 0xa, 0xff,
    0xff, 0xff, 0xff, 0xff, 0x80, 0x0, 0x0, 0xaf,
    0xff, 0xff, 0xff, 0xff, 0xf8, 0x0, 0x0, 0x0,
    0x0, 0x0, 0x0, 0xe, 0xff, 0x70, 0x0, 0x0,
    0x0, 0x0, 0x0, 0x3, 0xff, 0xf3, 0x0, 0x0,
    0x0, 0x0, 0x0, 0x0, 0xbf, 0xfe, 0x0, 0x1c,
    0x50, 0x0, 0x0, 0x0, 0x9f, 0xff, 0x70, 0x1d,
    0xff, 0xa4, 0x0, 0x15, 0xcf, 0xff, 0xc0, 0x0,
    0xcf, 0xff, 0xff, 0xff, 0xff, 0xff, 0xd1, 0x0,
    0x0, 0x9f, 0xff, 0xff, 0xff, 0xff, 0xa0, 0x0,
    0x0, 0x0, 0x27, 0xce, 0xfe, 0xd8, 0x30, 0x0,
    0x0,

    /* U+042E "Ю" */
    0x8f, 0xfa, 0x0, 0x0, 0x0, 0x2, 0x8c, 0xef,
    0xec, 0x71, 0x0, 0x0, 0x8, 0xff, 0xa0, 0x0,
    0x0, 0x9, 0xff, 0xff, 0xff, 0xff, 0xf8, 0x0,
    0x0, 0x8f, 0xfa, 0x0, 0x0, 0x1d, 0xff, 0xff,
    0xff, 0xff, 0xff, 0xfb, 0x0, 0x8, 0xff, 0xa0,
    0x0, 0xc, 0xff, 0xfc, 0x40, 0x1, 0x5d, 0xff,
    0xfa, 0x0, 0x8f, 0xfa, 0x0, 0x7, 0xff, 0xf8,
    0x0, 0x0, 0x0, 0xa, 0xff, 0xf5, 0x8, 0xff,
    0xa0, 0x0, 0xff, 0xfa, 0x0, 0x0, 0x0, 0x0,
    0xc, 0xff, 0xc0, 0x8f, 0xfa, 0x0, 0x4f, 0xff,
    0x20, 0x0, 0x0, 0x0, 0x0, 0x4f, 0xff, 0x18,
    0xff, 0xff, 0xff, 0xff, 0xd0, 0x0, 0x0, 0x0,
    0x0, 0x0, 0xff, 0xf5, 0x8f, 0xff, 0xff, 0xff,
    0xfb, 0x0, 0x0, 0x0, 0x0, 0x0, 0xd, 0xff,
    0x68, 0xff, 0xff, 0xff, 0xff, 0xb0, 0x0, 0x0,
    0x0, 0x0, 0x0, 0xdf, 0xf6, 0x8f, 0xfa, 0x0,
    0x8f, 0xfd, 0x0, 0x0, 0x0, 0x0, 0x0, 0xf,
    0xff, 0x58, 0xff, 0xa0, 0x4, 0xff, 0xf2, 0x0,
    0x0, 0x0, 0x0, 0x4, 0xff, 0xf1, 0x8f, 0xfa,
    0x0, 0xf, 0xff, 0xa0, 0x0, 0x0, 0x0, 0x0,
    0xcf, 0xfc, 0x8, 0xff, 0xa0, 0x0, 0x7f, 0xff,
    0x80, 0x0, 0x0, 0x0, 0xaf, 0xff, 0x50, 0x8f,
    0xfa, 0x0, 0x0, 0xcf, 0xff, 0xc4, 0x0, 0x15,
    0xdf, 0xff, 0xa0, 0x8, 0xff, 0xa0, 0x0, 0x1,
    0xdf, 0xff, 0xff, 0xff, 0xff, 0xff, 0xb0, 0x0,
    0x8f, 0xfa, 0x0, 0x0, 0x0, 0xaf, 0xff, 0xff,
    0xff, 0xff, 0x80, 0x0, 0x8, 0xff, 0xa0, 0x0,
    0x0, 0x0, 0x28, 0xce, 0xfe, 0xc7, 0x10, 0x0,
    0x0,

    /* U+042F "Я" */
    0x0, 0x2, 0x7c, 0xef, 0xff, 0xff, 0xff, 0xd0,
    0x6, 0xff, 0xff, 0xff, 0xff, 0xff, 0xfd, 0x6,
    0xff, 0xff, 0xfd, 0xdd, 0xdf, 0xff, 0xd1, 0xff,
    0xfd, 0x40, 0x0, 0x0, 0x6f, 0xfd, 0x7f, 0xff,
    0x10, 0x0, 0x0, 0x6, 0xff, 0xda, 0xff, 0xa0,
    0x0, 0x0, 0x0, 0x6f, 0xfd, 0xcf, 0xf8, 0x0,
    0x0, 0x0, 0x6, 0xff, 0xda, 0xff, 0xa0, 0x0,
    0x0, 0x0, 0x6f, 0xfd, 0x8f, 0xfe, 0x10, 0x0,
    0x0, 0x6, 0xff, 0xd2, 0xff, 0xfc, 0x20, 0x0,
    0x0, 0x6f, 0xfd, 0x9, 0xff, 0xff, 0xec, 0xbb,
    0xbf, 0xff, 0xd0, 0x9, 0xff, 0xff, 0xff, 0xff,
    0xff, 0xfd, 0x0, 0x4, 0xff, 0xff, 0xff, 0xff,
    0xff, 0xd0, 0x0, 0xbf, 0xfa, 0x0, 0x0, 0x6f,
    0xfd, 0x0, 0x5f, 0xfe, 0x10, 0x0, 0x6, 0xff,
    0xd0, 0x1e, 0xff, 0x50, 0x0, 0x0, 0x6f, 0xfd,
    0xb, 0xff, 0xa0, 0x0, 0x0, 0x6, 0xff, 0xd6,
    0xff, 0xe1, 0x0, 0x0, 0x0, 0x6f, 0xfd,

    /* U+0430 "а" */
    0x0, 0x6a, 0xdf, 0xfe, 0xa4, 0x0, 0x3, 0xef,
    0xff, 0xff, 0xff, 0xf8, 0x0, 0x2f, 0xff, 0xdb,
    0xdf, 0xff, 0xf5, 0x0, 0x98, 0x10, 0x0, 0x2c,
    0xff, 0xc0, 0x0, 0x0, 0x0, 0x0, 0x3f, 0xff,
    0x0, 0x0, 0x1, 0x22, 0x22, 0xff, 0xf2, 0x2,
    0xae, 0xff, 0xff, 0xff, 0xff, 0x22, 0xff, 0xff,
    0xff, 0xff, 0xff, 0xf2, 0xbf, 0xfb, 0x20, 0x0,
    0xf, 0xff, 0x2e, 0xff, 0x20, 0x0, 0x0, 0xff,
    0xf2, 0xef, 0xf4, 0x0, 0x0, 0x8f, 0xff, 0x29,
    0xff, 0xe6, 0x34, 0xaf, 0xff, 0xf2, 0x1d, 0xff,
    0xff, 0xff, 0xdd, 0xff, 0x20, 0x8, 0xdf, 0xfd,
    0x81, 0xcf, 0xf2,

    /* U+0431 "б" */
    0x0, 0x0, 0x0, 0x0, 0x0, 0x0, 0x0, 0x0,
    0x0, 0x0, 0x0, 0x0, 0x15, 0x8c, 0x90, 0x0,
    0x0, 0x1, 0x6a, 0xef, 0xff, 0xfc, 0x0, 0x0,
    0x9, 0xff, 0xff, 0xff, 0xff, 0xe0, 0x0, 0x1d,
    0xff, 0xff, 0xfd, 0xa6, 0x30, 0x0, 0xc, 0xff,
    0xfb, 0x40, 0x0, 0x0, 0x0, 0x7, 0xff, 0xe3,
    0x0, 0x0, 0x0, 0x0, 0x0, 0xef, 0xf4, 0x0,
    0x0, 0x0, 0x0, 0x0, 0x3f, 0xfc, 0x5, 0xbe,
    0xfd, 0xa3, 0x0, 0x6, 0xff, 0x8b, 0xff, 0xff,
    0xff, 0xf8, 0x0, 0x9f, 0xff, 0xff, 0xec, 0xdf,
    0xff, 0xf7, 0xa, 0xff, 0xff, 0x50, 0x0, 0x2d,
    0xff, 0xf1, 0xaf, 0xff, 0x50, 0x0, 0x0, 0x1e,
    0xff, 0x79, 0xff, 0xf0, 0x0, 0x0, 0x0, 0x9f,
    0xfa, 0x7f, 0xfd, 0x0, 0x0, 0x0, 0x7, 0xff,
    0xb4, 0xff, 0xf0, 0x0, 0x0, 0x0, 0x9f, 0xf9,
    0xf, 0xff, 0x60, 0x0, 0x0, 0x1e, 0xff, 0x60,
    0x9f, 0xff, 0x40, 0x0, 0x1c, 0xff, 0xe0, 0x1,
    0xef, 0xff, 0xda, 0xbf, 0xff, 0xf4, 0x0, 0x2,
    0xdf, 0xff, 0xff, 0xff, 0xe5, 0x0, 0x0, 0x0,
    0x7c, 0xef, 0xec, 0x71, 0x0, 0x0,

    /* U+0432 "в" */
    0xef, 0xff, 0xff, 0xff, 0xd8, 0x10, 0xe, 0xff,
    0xff, 0xff, 0xff, 0xfe, 0x20, 0xef, 0xf6, 0x55,
    0x68, 0xff, 0xfa, 0xe, 0xff, 0x10, 0x0, 0x6,
    0xff, 0xc0, 0xef, 0xf1, 0x0, 0x0, 0x4f, 0xfa,
    0xe, 0xff, 0x10, 0x0, 0x3c, 0xfe, 0x20, 0xef,
    0xff, 0xff, 0xff, 0xff, 0x50, 0xe, 0xff, 0xff,
    0xff, 0xff, 0xff, 0x70, 0xef, 0xf3, 0x22, 0x23,
    0x9f, 0xff, 0xe, 0xff, 0x10, 0x0, 0x0, 0xdf,
    0xf3, 0xef, 0xf1, 0x0, 0x0, 0xe, 0xff, 0x3e,
    0xff, 0x65, 0x55, 0x7c, 0xff, 0xe0, 0xef, 0xff,
    0xff, 0xff, 0xff, 0xf5, 0xe, 0xff, 0xff, 0xff,
    0xfd, 0xa3, 0x0,

    /* U+0433 "г" */
    0xef, 0xff, 0xff, 0xff, 0xff, 0x5e, 0xff, 0xff,
    0xff, 0xff, 0xf5, 0xef, 0xff, 0xcc, 0xcc, 0xcc,
    0x4e, 0xff, 0x30, 0x0, 0x0, 0x0, 0xef, 0xf3,
    0x0, 0x0, 0x0, 0xe, 0xff, 0x30, 0x0, 0x0,
    0x0, 0xef, 0xf3, 0x0, 0x0, 0x0, 0xe, 0xff,
    0x30, 0x0, 0x0, 0x0, 0xef, 0xf3, 0x0, 0x0,
    0x0, 0xe, 0xff, 0x30, 0x0, 0x0, 0x0, 0xef,
    0xf3, 0x0, 0x0, 0x0, 0xe, 0xff, 0x30, 0x0,
    0x0, 0x0, 0xef, 0xf3, 0x0, 0x0, 0x0, 0xe,
    0xff, 0x30, 0x0, 0x0, 0x0,

    /* U+0434 "д" */
    0x0, 0xa, 0xff, 0xff, 0xff, 0xff, 0xff, 0x60,
    0x0, 0x0, 0xaf, 0xff, 0xff, 0xff, 0xff, 0xf6,
    0x0, 0x0, 0xb, 0xff, 0xcc, 0xcc, 0xcf, 0xff,
    0x60, 0x0, 0x0, 0xcf, 0xf1, 0x0, 0x0, 0xcf,
    0xf6, 0x0, 0x0, 0xc, 0xff, 0x10, 0x0, 0xc,
    0xff, 0x60, 0x0, 0x0, 0xdf, 0xf0, 0x0, 0x0,
    0xcf, 0xf6, 0x0, 0x0, 0xe, 0xff, 0x0, 0x0,
    0xc, 0xff, 0x60, 0x0, 0x0, 0xff, 0xd0, 0x0,
    0x0, 0xcf, 0xf6, 0x0, 0x0, 0x2f, 0xfb, 0x0,
    0x0, 0xc, 0xff, 0x60, 0x0, 0x7, 0xff, 0x80,
    0x0, 0x0, 0xcf, 0xf6, 0x0, 0x1, 0xef, 0xf2,
    0x0, 0x0, 0xc, 0xff, 0x60, 0x9, 0xff, 0xff,
    0xcc, 0xcc, 0xcc, 0xff, 0xff, 0xc4, 0xcf, 0xff,
    0xff, 0xff, 0xff, 0xff, 0xff, 0xff, 0x5c, 0xff,
    0xff, 0xff, 0xff, 0xff, 0xff, 0xff, 0xf5, 0xcf,
    0xf2, 0x0, 0x0, 0x0, 0x0, 0x9, 0xff, 0x5c,
    0xff, 0x20, 0x0, 0x0, 0x0, 0x0, 0x9f, 0xf5,
    0xcf, 0xf2, 0x0, 0x0, 0x0, 0x0, 0x9, 0xff,
    0x50,

    /* U+0435 "е" */
    0x0, 0x0, 0x39, 0xdf, 0xec, 0x71, 0x0, 0x0,
    0x0, 0x8f, 0xff, 0xff, 0xff, 0xe3, 0x0, 0x0,
    0x8f, 0xff, 0xda, 0xae, 0xff, 0xf2, 0x0, 0x3f,
    0xff, 0x50, 0x0, 0xa, 0xff, 0xc0, 0x9, 0xff,
    0x80, 0x0, 0x0, 0xd, 0xff, 0x20, 0xef, 0xf4,
    0x22, 0x22, 0x22, 0x9f, 0xf6, 0xf, 0xff, 0xff,
    0xff, 0xff, 0xff, 0xff, 0x80, 0xff, 0xff, 0xff,
    0xff, 0xff, 0xff, 0xf9, 0xd, 0xff, 0x30, 0x0,
    0x0, 0x0, 0x0, 0x0, 0x9f, 0xfb, 0x0, 0x0,
    0x0, 0x0, 0x0, 0x2, 0xff, 0xfa, 0x20, 0x0,
    0x2c, 0xa0, 0x0, 0x7, 0xff, 0xff, 0xdc, 0xdf,
    0xff, 0x60, 0x0, 0x6, 0xff, 0xff, 0xff, 0xff,
    0xc1, 0x0, 0x0, 0x1, 0x7c, 0xef, 0xeb, 0x50,
    0x0,

    /* U+0436 "ж" */
    0x2f, 0xff, 0x20, 0x0, 0x9, 0xff, 0x80, 0x0,
    0x3, 0xff, 0xf2, 0x9, 0xff, 0xb0, 0x0, 0x9,
    0xff, 0x80, 0x0, 0xb, 0xff, 0x80, 0x1, 0xff,
    0xf3, 0x0, 0x9, 0xff, 0x80, 0x0, 0x4f, 0xfe,
    0x0, 0x0, 0x7f, 0xfc, 0x0, 0x9, 0xff, 0x80,
    0x0, 0xdf, 0xf6, 0x0, 0x0, 0xd, 0xff, 0x50,
    0x9, 0xff, 0x80, 0x6, 0xff, 0xc0, 0x0, 0x0,
    0x4, 0xff, 0xd0, 0x9, 0xff, 0x80, 0xe, 0xff,
    0x30, 0x0, 0x0, 0x0, 0xdf, 0xff, 0xff, 0xff,
    0xff, 0xff, 0xfb, 0x0, 0x0, 0x0, 0x0, 0xdf,
    0xff, 0xff, 0xff, 0xff, 0xff, 0xfc, 0x0, 0x0,
    0x0, 0x5, 0xff, 0xff, 0xbf, 0xff, 0xfb, 0xff,
    0xff, 0x40, 0x0, 0x0, 0xe, 0xff, 0xa0, 0x9,
    0xff, 0x80, 0xb, 0xff, 0xd0, 0x0, 0x0, 0x9f,
    0xff, 0x10, 0x9, 0xff, 0x80, 0x2, 0xff, 0xf8,
    0x0, 0x3, 0xff, 0xf7, 0x0, 0x9, 0xff, 0x80,
    0x0, 0x7f, 0xff, 0x20, 0xd, 0xff, 0xd0, 0x0,
    0x9, 0xff, 0x80, 0x0, 0xd, 0xff, 0xc0, 0x7f,
    0xff, 0x30, 0x0, 0x9, 0xff, 0x80, 0x0, 0x4,
    0xff, 0xf6,

    /* U+0437 "з" */
    0x0, 0x49, 0xdf, 0xfe, 0xb7, 0x10, 0x0, 0xbf,
    0xff, 0xff, 0xff, 0xfe, 0x40, 0x7, 0xff, 0xdb,
    0xbd, 0xff, 0xff, 0x10, 0x27, 0x10, 0x0, 0x4,
    0xff, 0xf4, 0x0, 0x0, 0x0, 0x0, 0xe, 0xff,
    0x20, 0x0, 0x2, 0x22, 0x4a, 0xff, 0x70, 0x0,
    0x2, 0xff, 0xff, 0xff, 0x90, 0x0, 0x0, 0x2f,
    0xff, 0xff, 0xff, 0xc0, 0x0, 0x0, 0x0, 0x0,
    0x4e, 0xff, 0x70, 0x0, 0x0, 0x0, 0x0, 0x8f,
    0xfa, 0x7, 0x60, 0x0, 0x0, 0x1d, 0xff, 0x80,
    0xff, 0xfd, 0xbb, 0xcf, 0xff, 0xf2, 0x2e, 0xff,
    0xff, 0xff, 0xff, 0xe4, 0x0, 0x5, 0xad, 0xff,
    0xeb, 0x70, 0x0,

    /* U+0438 "и" */
    0xef, 0xf3, 0x0, 0x0, 0x0, 0xcf, 0xf7, 0xef,
    0xf3, 0x0, 0x0, 0x9, 0xff, 0xf7, 0xef, 0xf3,
    0x0, 0x0, 0x6f, 0xff, 0xf7, 0xef, 0xf3, 0x0,
    0x3, 0xff, 0xff, 0xf7, 0xef, 0xf3, 0x0, 0x1e,
    0xff, 0xff, 0xf7, 0xef, 0xf3, 0x0, 0xcf, 0xfb,
    0xaf, 0xf7, 0xef, 0xf3, 0x9, 0xff, 0xd1, 0xaf,
    0xf7, 0xef, 0xf3, 0x6f, 0xff, 0x30, 0xaf, 0xf7,
    0xef, 0xf7, 0xff, 0xf5, 0x0, 0xaf, 0xf7, 0xef,
    0xff, 0xff, 0x80, 0x0, 0xaf, 0xf7, 0xef, 0xff,
    0xfb, 0x0, 0x0, 0xaf, 0xf7, 0xef, 0xff, 0xe1,
    0x0, 0x0, 0xaf, 0xf7, 0xef, 0xff, 0x30, 0x0,
    0x0, 0xaf, 0xf7, 0xef, 0xf5, 0x0, 0x0, 0x0,
    0xaf, 0xf7,

    /* U+0439 "й" */
    0x0, 0x48, 0x40, 0x0, 0x38, 0x60, 0x0, 0x0,
    0x7f, 0xa0, 0x0, 0x8f, 0xa0, 0x0, 0x0, 0x3f,
    0xf5, 0x4, 0xff, 0x60, 0x0, 0x0, 0x9, 0xff,
    0xff, 0xfc, 0x0, 0x0, 0x0, 0x0, 0x5a, 0xcb,
    0x60, 0x0, 0x0, 0x0, 0x0, 0x0, 0x0, 0x0,
    0x0, 0x0, 0xef, 0xf3, 0x0, 0x0, 0x0, 0xcf,
    0xf7, 0xef, 0xf3, 0x0, 0x0, 0x9, 0xff, 0xf7,
    0xef, 0xf3, 0x0, 0x0, 0x6f, 0xff, 0xf7, 0xef,
    0xf3, 0x0, 0x3, 0xff, 0xff, 0xf7, 0xef, 0xf3,
    0x0, 0x1e, 0xff, 0xff, 0xf7, 0xef, 0xf3, 0x0,
    0xcf, 0xfb, 0xaf, 0xf7, 0xef, 0xf3, 0x9, 0xff,
    0xd1, 0xaf, 0xf7, 0xef, 0xf3, 0x6f, 0xff, 0x30,
    0xaf, 0xf7, 0xef, 0xf7, 0xff, 0xf5, 0x0, 0xaf,
    0xf7, 0xef, 0xff, 0xff, 0x80, 0x0, 0xaf, 0xf7,
    0xef, 0xff, 0xfb, 0x0, 0x0, 0xaf, 0xf7, 0xef,
    0xff, 0xe1, 0x0, 0x0, 0xaf, 0xf7, 0xef, 0xff,
    0x30, 0x0, 0x0, 0xaf, 0xf7, 0xef, 0xf5, 0x0,
    0x0, 0x0, 0xaf, 0xf7,

    /* U+043A "к" */
    0xef, 0xf3, 0x0, 0x0, 0xa, 0xff, 0xa0, 0xef,
    0xf3, 0x0, 0x0, 0x5f, 0xfe, 0x10, 0xef, 0xf3,
    0x0, 0x1, 0xef, 0xf4, 0x0, 0xef, 0xf3, 0x0,
    0xa, 0xff, 0x90, 0x0, 0xef, 0xf3, 0x0, 0x5f,
    0xfd, 0x0, 0x0, 0xef, 0xf3, 0x1, 0xef, 0xf3,
    0x0, 0x0, 0xef, 0xff, 0xff, 0xff, 0x80, 0x0,
    0x0, 0xef, 0xff, 0xff, 0xff, 0x90, 0x0, 0x0,
    0xef, 0xfe, 0xbf, 0xff, 0xf4, 0x0, 0x0, 0xef,
    0xf3, 0x0, 0xbf, 0xfe, 0x10, 0x0, 0xef, 0xf3,
    0x0, 0x1e, 0xff, 0xb0, 0x0, 0xef, 0xf3, 0x0,
    0x3, 0xff, 0xf7, 0x0, 0xef, 0xf3, 0x0, 0x0,
    0x7f, 0xff, 0x30, 0xef, 0xf3, 0x0, 0x0, 0xb,
    0xff, 0xe1,

    /* U+043B "л" */
    0x0, 0x9, 0xff, 0xff, 0xff, 0xff, 0xff, 0x30,
    0x0, 0xaf, 0xff, 0xff, 0xff, 0xff, 0xf3, 0x0,
    0xb, 0xff, 0xdc, 0xcc, 0xcf, 0xff, 0x30, 0x0,
    0xcf, 0xf0, 0x0, 0x0, 0xef, 0xf3, 0x0, 0xc,
    0xff, 0x0, 0x0, 0xe, 0xff, 0x30, 0x0, 0xdf,
    0xf0, 0x0, 0x0, 0xef, 0xf3, 0x0, 0xe, 0xfe,
    0x0, 0x0, 0xe, 0xff, 0x30, 0x0, 0xff, 0xc0,
    0x0, 0x0, 0xef, 0xf3, 0x0, 0x2f, 0xfb, 0x0,
    0x0, 0xe, 0xff, 0x30, 0x5, 0xff, 0x80, 0x0,
    0x0, 0xef, 0xf3, 0x1, 0xdf, 0xf5, 0x0, 0x0,
    0xe, 0xff, 0x3b, 0xff, 0xff, 0x0, 0x0, 0x0,
    0xef, 0xf3, 0xcf, 0xff, 0x80, 0x0, 0x0, 0xe,
    0xff, 0x3c, 0xfe, 0x80, 0x0, 0x0, 0x0, 0xef,
    0xf3,

    /* U+043C "м" */
    0xef, 0xfa, 0x0, 0x0, 0x0, 0x0, 0x3f, 0xff,
    0xe, 0xff, 0xf3, 0x0, 0x0, 0x0, 0xc, 0xff,
    0xf0, 0xef, 0xff, 0xb0, 0x0, 0x0, 0x5, 0xff,
    0xff, 0xe, 0xff, 0xff, 0x40, 0x0, 0x0, 0xdf,
    0xff, 0xf0, 0xef, 0xff, 0xfc, 0x0, 0x0, 0x7f,
    0xff, 0xff, 0xe, 0xff, 0x9f, 0xf5, 0x0, 0x1f,
    0xfc, 0xcf, 0xf0, 0xef, 0xf1, 0xff, 0xd0, 0x9,
    0xff, 0x3c, 0xff, 0xe, 0xff, 0x7, 0xff, 0x62,
    0xff, 0x90, 0xcf, 0xf0, 0xef, 0xf0, 0xd, 0xfe,
    0xcf, 0xf1, 0xc, 0xff, 0xe, 0xff, 0x0, 0x5f,
    0xff, 0xf7, 0x0, 0xcf, 0xf0, 0xef, 0xf0, 0x0,
    0xcf, 0xfd, 0x0, 0xc, 0xff, 0xe, 0xff, 0x0,
    0x3, 0xff, 0x50, 0x0, 0xcf, 0xf0, 0xef, 0xf0,
    0x0, 0x6, 0x70, 0x0, 0xc, 0xff, 0xe, 0xff,
    0x0, 0x0, 0x0, 0x0, 0x0, 0xcf, 0xf0,

    /* U+043D "н" */
    0xef, 0xf3, 0x0, 0x0, 0x0, 0xff, 0xf1, 0xef,
    0xf3, 0x0, 0x0, 0x0, 0xff, 0xf1, 0xef, 0xf3,
    0x0, 0x0, 0x0, 0xff, 0xf1, 0xef, 0xf3, 0x0,
    0x0, 0x0, 0xff, 0xf1, 0xef, 0xf3, 0x0, 0x0,
    0x0, 0xff, 0xf1, 0xef, 0xf3, 0x0, 0x0, 0x0,
    0xff, 0xf1, 0xef, 0xff, 0xff, 0xff, 0xff, 0xff,
    0xf1, 0xef, 0xff, 0xff, 0xff, 0xff, 0xff, 0xf1,
    0xef, 0xfc, 0xcc, 0xcc, 0xcc, 0xff, 0xf1, 0xef,
    0xf3, 0x0, 0x0, 0x0, 0xff, 0xf1, 0xef, 0xf3,
    0x0, 0x0, 0x0, 0xff, 0xf1, 0xef, 0xf3, 0x0,
    0x0, 0x0, 0xff, 0xf1, 0xef, 0xf3, 0x0, 0x0,
    0x0, 0xff, 0xf1, 0xef, 0xf3, 0x0, 0x0, 0x0,
    0xff, 0xf1,

    /* U+043E "о" */
    0x0, 0x0, 0x28, 0xde, 0xfd, 0x93, 0x0, 0x0,
    0x0, 0x7, 0xff, 0xff, 0xff, 0xff, 0x80, 0x0,
    0x0, 0x7f, 0xff, 0xfd, 0xcf, 0xff, 0xf9, 0x0,
    0x2, 0xff, 0xfa, 0x10, 0x1, 0x9f, 0xff, 0x40,
    0x9, 0xff, 0xc0, 0x0, 0x0, 0xa, 0xff, 0xb0,
    0xd, 0xff, 0x50, 0x0, 0x0, 0x3, 0xff, 0xf0,
    0xf, 0xff, 0x20, 0x0, 0x0, 0x0, 0xff, 0xf1,
    0xf, 0xff, 0x20, 0x0, 0x0, 0x0, 0xff, 0xf1,
    0xd, 0xff, 0x50, 0x0, 0x0, 0x3, 0xff, 0xf0,
    0x9, 0xff, 0xc0, 0x0, 0x0, 0xa, 0xff, 0xb0,
    0x2, 0xff, 0xfb, 0x10, 0x1, 0x9f, 0xff, 0x40,
    0x0, 0x6f, 0xff, 0xfd, 0xdf, 0xff, 0xf8, 0x0,
    0x0, 0x6, 0xff, 0xff, 0xff, 0xff, 0x80, 0x0,
    0x0, 0x0, 0x28, 0xdf, 0xfd, 0x92, 0x0, 0x0,

    /* U+043F "п" */
    0xef, 0xff, 0xff, 0xff, 0xff, 0xff, 0xee, 0xff,
    0xff, 0xff, 0xff, 0xff, 0xfe, 0xef, 0xff, 0xcc,
    0xcc, 0xce, 0xff, 0xee, 0xff, 0x30, 0x0, 0x0,
    0x3f, 0xfe, 0xef, 0xf3, 0x0, 0x0, 0x3, 0xff,
    0xee, 0xff, 0x30, 0x0, 0x0, 0x3f, 0xfe, 0xef,
    0xf3, 0x0, 0x0, 0x3, 0xff, 0xee, 0xff, 0x30,
    0x0, 0x0, 0x3f, 0xfe, 0xef, 0xf3, 0x0, 0x0,
    0x3, 0xff, 0xee, 0xff, 0x30, 0x0, 0x0, 0x3f,
    0xfe, 0xef, 0xf3, 0x0, 0x0, 0x3, 0xff, 0xee,
    0xff, 0x30, 0x0, 0x0, 0x3f, 0xfe, 0xef, 0xf3,
    0x0, 0x0, 0x3, 0xff, 0xee, 0xff, 0x30, 0x0,
    0x0, 0x3f, 0xfe,

    /* U+0440 "р" */
    0xef, 0xf1, 0x3a, 0xef, 0xeb, 0x50, 0x0, 0xe,
    0xff, 0x8f, 0xff, 0xff, 0xff, 0xb1, 0x0, 0xef,
    0xff, 0xff, 0xdc, 0xff, 0xff, 0xc0, 0xe, 0xff,
    0xfb, 0x20, 0x0, 0x8f, 0xff, 0x70, 0xef, 0xfd,
    0x0, 0x0, 0x0, 0x9f, 0xfd, 0xe, 0xff, 0x60,
    0x0, 0x0, 0x2, 0xff, 0xf1, 0xef, 0xf3, 0x0,
    0x0, 0x0, 0xf, 0xff, 0x3e, 0xff, 0x30, 0x0,
    0x0, 0x0, 0xff, 0xf3, 0xef, 0xf7, 0x0, 0x0,
    0x0, 0x2f, 0xff, 0x1e, 0xff, 0xf0, 0x0, 0x0,
    0xa, 0xff, 0xd0, 0xef, 0xff, 0xb2, 0x0, 0x8,
    0xff, 0xf7, 0xe, 0xff, 0xff, 0xfd, 0xdf, 0xff,
    0xfc, 0x0, 0xef, 0xf9, 0xff, 0xff, 0xff, 0xfb,
    0x10, 0xe, 0xff, 0x33, 0xae, 0xfe, 0xb5, 0x0,
    0x0, 0xef, 0xf3, 0x0, 0x0, 0x0, 0x0, 0x0,
    0xe, 0xff, 0x30, 0x0, 0x0, 0x0, 0x0, 0x0,
    0xef, 0xf3, 0x0, 0x0, 0x0, 0x0, 0x0, 0xe,
    0xff, 0x30, 0x0, 0x0, 0x0, 0x0, 0x0, 0xef,
    0xf3, 0x0, 0x0, 0x0, 0x0, 0x0, 0x0,

    /* U+0441 "с" */
    0x0, 0x0, 0x28, 0xce, 0xfd, 0x93, 0x0, 0x0,
    0x6, 0xff, 0xff, 0xff, 0xff, 0x80, 0x0, 0x7f,
    0xff, 0xfd, 0xcf, 0xff, 0xf6, 0x2, 0xff, 0xfb,
    0x10, 0x0, 0x9f, 0xe6, 0x9, 0xff, 0xc0, 0x0,
    0x0, 0x6, 0x10, 0xd, 0xff, 0x50, 0x0, 0x0,
    0x0, 0x0, 0xf, 0xff, 0x20, 0x0, 0x0, 0x0,
    0x0, 0xf, 0xff, 0x20, 0x0, 0x0, 0x0, 0x0,
    0xd, 0xff, 0x50, 0x0, 0x0, 0x0, 0x0, 0x9,
    0xff, 0xc0, 0x0, 0x0, 0x6, 0x10, 0x2, 0xff,
    0xfb, 0x20, 0x1, 0x9f, 0xf6, 0x0, 0x6f, 0xff,
    0xfd, 0xdf, 0xff, 0xf5, 0x0, 0x6, 0xff, 0xff,
    0xff, 0xff, 0x70, 0x0, 0x0, 0x18, 0xce, 0xfd,
    0x93, 0x0,

    /* U+0442 "т" */
    0xdf, 0xff, 0xff, 0xff, 0xff, 0xff, 0xad, 0xff,
    0xff, 0xff, 0xff, 0xff, 0xfa, 0x9c, 0xcc, 0xdf,
    0xff, 0xcc, 0xcc, 0x80, 0x0, 0x2, 0xff, 0xf0,
    0x0, 0x0, 0x0, 0x0, 0x2f, 0xff, 0x0, 0x0,
    0x0, 0x0, 0x2, 0xff, 0xf0, 0x0, 0x0, 0x0,
    0x0, 0x2f, 0xff, 0x0, 0x0, 0x0, 0x0, 0x2,
    0xff, 0xf0, 0x0, 0x0, 0x0, 0x0, 0x2f, 0xff,
    0x0, 0x0, 0x0, 0x0, 0x2, 0xff, 0xf0, 0x0,
    0x0, 0x0, 0x0, 0x2f, 0xff, 0x0, 0x0, 0x0,
    0x0, 0x2, 0xff, 0xf0, 0x0, 0x0, 0x0, 0x0,
    0x2f, 0xff, 0x0, 0x0, 0x0, 0x0, 0x2, 0xff,
    0xf0, 0x0, 0x0,

    /* U+0443 "у" */
    0xc, 0xff, 0x70, 0x0, 0x0, 0x0, 0x8f, 0xf7,
    0x5, 0xff, 0xe0, 0x0, 0x0, 0x0, 0xef, 0xf1,
    0x0, 0xef, 0xf4, 0x0, 0x0, 0x5, 0xff, 0xa0,
    0x0, 0x7f, 0xfb, 0x0, 0x0, 0xc, 0xff, 0x30,
    0x0, 0x1f, 0xff, 0x20, 0x0, 0x2f, 0xfd, 0x0,
    0x0, 0xa, 0xff, 0x80, 0x0, 0x9f, 0xf6, 0x0,
    0x0, 0x3, 0xff, 0xe0, 0x0, 0xff, 0xe0, 0x0,
    0x0, 0x0, 0xdf, 0xf5, 0x6, 0xff, 0x80, 0x0,
    0x0, 0x0, 0x6f, 0xfc, 0xd, 0xff, 0x20, 0x0,
    0x0, 0x0, 0xe, 0xff, 0x6f, 0xfb, 0x0, 0x0,
    0x0, 0x0, 0x8, 0xff, 0xff, 0xf4, 0x0, 0x0,
    0x0, 0x0, 0x2, 0xff, 0xff, 0xd0, 0x0, 0x0,
    0x0, 0x0, 0x0, 0xbf, 0xff, 0x70, 0x0, 0x0,
    0x0, 0x0, 0x0, 0x5f, 0xff, 0x10, 0x0, 0x0,
    0x0, 0x0, 0x0, 0x7f, 0xf9, 0x0, 0x0, 0x0,
    0x2, 0x40, 0x2, 0xef, 0xf2, 0x0, 0x0, 0x0,
    0xa, 0xfd, 0xbf, 0xff, 0xa0, 0x0, 0x0, 0x0,
    0x1f, 0xff, 0xff, 0xfd, 0x10, 0x0, 0x0, 0x0,
    0x3, 0xae, 0xfd, 0x81, 0x0, 0x0, 0x0, 0x0,

    /* U+0444 "ф" */
    0x0, 0x0, 0x0, 0x0, 0x18, 0x86, 0x0, 0x0,
    0x0, 0x0, 0x0, 0x0, 0x0, 0x0, 0x2f, 0xfc,
    0x0, 0x0, 0x0, 0x0, 0x0, 0x0, 0x0, 0x0,
    0x2f, 0xfc, 0x0, 0x0, 0x0, 0x0, 0x0, 0x0,
    0x0, 0x0, 0x2f, 0xfc, 0x0, 0x0, 0x0, 0x0,
    0x0, 0x0, 0x0, 0x0, 0x2f, 0xfc, 0x0, 0x0,
    0x0, 0x0, 0x0, 0x0, 0x0, 0x0, 0x2f, 0xfc,
    0x0, 0x0, 0x0, 0x0, 0x0, 0x0, 0x5, 0xad,
    0xff, 0xff, 0xeb, 0x82, 0x0, 0x0, 0x0, 0x5,
    0xef, 0xff, 0xff, 0xff, 0xff, 0xff, 0xb1, 0x0,
    0x0, 0x7f, 0xff, 0xff, 0xff, 0xff, 0xdf, 0xff,
    0xfe, 0x20, 0x3, 0xff, 0xfc, 0x40, 0x2f, 0xfc,
    0x1, 0x6e, 0xff, 0xd0, 0xa, 0xff, 0xc0, 0x0,
    0x2f, 0xfc, 0x0, 0x2, 0xff, 0xf5, 0xe, 0xff,
    0x40, 0x0, 0x2f, 0xfc, 0x0, 0x0, 0x8f, 0xf9,
    0xf, 0xff, 0x0, 0x0, 0x2f, 0xfc, 0x0, 0x0,
    0x5f, 0xfb, 0xf, 0xff, 0x10, 0x0, 0x2f, 0xfc,
    0x0, 0x0, 0x5f, 0xfb, 0xe, 0xff, 0x40, 0x0,
    0x2f, 0xfc, 0x0, 0x0, 0x9f, 0xf9, 0xa, 0xff,
    0xc0, 0x0, 0x2f, 0xfc, 0x0, 0x2, 0xff, 0xf4,
    0x2, 0xff, 0xfc, 0x40, 0x2f, 0xfc, 0x0, 0x6e,
    0xff, 0xc0, 0x0, 0x6f, 0xff, 0xff, 0xef, 0xff,
    0xdf, 0xff, 0xfe, 0x20, 0x0, 0x5, 0xef, 0xff,
    0xff, 0xff, 0xff, 0xff, 0xa1, 0x0, 0x0, 0x0,
    0x5, 0xad, 0xff, 0xff, 0xeb, 0x82, 0x0, 0x0,
    0x0, 0x0, 0x0, 0x0, 0x2f, 0xfc, 0x0, 0x0,
    0x0, 0x0, 0x0, 0x0, 0x0, 0x0, 0x2f, 0xfc,
    0x0, 0x0, 0x0, 0x0, 0x0, 0x0, 0x0, 0x0,
    0x2f, 0xfc, 0x0, 0x0, 0x0, 0x0, 0x0, 0x0,
    0x0, 0x0, 0x2f, 0xfc, 0x0, 0x0, 0x0, 0x0,
    0x0, 0x0, 0x0, 0x0, 0x2f, 0xfc, 0x0, 0x0,
    0x0, 0x0,

    /* U+0445 "х" */
    0x4f, 0xff, 0x30, 0x0, 0x1, 0xef, 0xf6, 0x9,
    0xff, 0xd0, 0x0, 0xb, 0xff, 0xa0, 0x0, 0xdf,
    0xf9, 0x0, 0x6f, 0xfd, 0x0, 0x0, 0x2f, 0xff,
    0x52, 0xff, 0xf3, 0x0, 0x0, 0x6, 0xff, 0xfe,
    0xff, 0x70, 0x0, 0x0, 0x0, 0xaf, 0xff, 0xfb,
    0x0, 0x0, 0x0, 0x0, 0x1f, 0xff, 0xf1, 0x0,
    0x0, 0x0, 0x0, 0x2f, 0xff, 0xf3, 0x0, 0x0,
    0x0, 0x0, 0xdf, 0xff, 0xfe, 0x10, 0x0, 0x0,
    0x9, 0xff, 0xcb, 0xff, 0xb0, 0x0, 0x0, 0x5f,
    0xff, 0x21, 0xef, 0xf6, 0x0, 0x1, 0xef, 0xf5,
    0x0, 0x5f, 0xff, 0x20, 0xc, 0xff, 0xa0, 0x0,
    0x9, 0xff, 0xd0, 0x8f, 0xfe, 0x0, 0x0, 0x0,
    0xdf, 0xf9,

    /* U+0446 "ц" */
    0xef, 0xf3, 0x0, 0x0, 0x6, 0xff, 0xb0, 0xe,
    0xff, 0x30, 0x0, 0x0, 0x6f, 0xfb, 0x0, 0xef,
    0xf3, 0x0, 0x0, 0x6, 0xff, 0xb0, 0xe, 0xff,
    0x30, 0x0, 0x0, 0x6f, 0xfb, 0x0, 0xef, 0xf3,
    0x0, 0x0, 0x6, 0xff, 0xb0, 0xe, 0xff, 0x30,
    0x0, 0x0, 0x6f, 0xfb, 0x0, 0xef, 0xf3, 0x0,
    0x0, 0x6, 0xff, 0xb0, 0xe, 0xff, 0x30, 0x0,
    0x0, 0x6f, 0xfb, 0x0, 0xef, 0xf3, 0x0, 0x0,
    0x6, 0xff, 0xb0, 0xe, 0xff, 0x30, 0x0, 0x0,
    0x6f, 0xfb, 0x0, 0xef, 0xf3, 0x0, 0x0, 0x6,
    0xff, 0xb0, 0xe, 0xff, 0xcc, 0xcc, 0xcc, 0xff,
    0xff, 0xc9, 0xef, 0xff, 0xff, 0xff, 0xff, 0xff,
    0xff, 0xce, 0xff, 0xff, 0xff, 0xff, 0xff, 0xff,
    0xfc, 0x0, 0x0, 0x0, 0x0, 0x0, 0x2, 0xff,
    0xc0, 0x0, 0x0, 0x0, 0x0, 0x0, 0x2f, 0xfc,
    0x0, 0x0, 0x0, 0x0, 0x0, 0x2, 0xff, 0xc0,

    /* U+0447 "ч" */
    0xf, 0xff, 0x10, 0x0, 0x0, 0xbf, 0xf6, 0xf,
    0xff, 0x10, 0x0, 0x0, 0xbf, 0xf6, 0xf, 0xff,
    0x10, 0x0, 0x0, 0xbf, 0xf6, 0xf, 0xff, 0x10,
    0x0, 0x0, 0xbf, 0xf6, 0xf, 0xff, 0x10, 0x0,
    0x0, 0xbf, 0xf6, 0xf, 0xff, 0x50, 0x0, 0x0,
    0xbf, 0xf6, 0xc, 0xff, 0xe4, 0x1, 0x38, 0xff,
    0xf6, 0x5, 0xff, 0xff, 0xff, 0xff, 0xff, 0xf6,
    0x0, 0x7f, 0xff, 0xff, 0xfe, 0xff, 0xf6, 0x0,
    0x1, 0x68, 0x97, 0x40, 0xbf, 0xf6, 0x0, 0x0,
    0x0, 0x0, 0x0, 0xbf, 0xf6, 0x0, 0x0, 0x0,
    0x0, 0x0, 0xbf, 0xf6, 0x0, 0x0, 0x0, 0x0,
    0x0, 0xbf, 0xf6, 0x0, 0x0, 0x0, 0x0, 0x0,
    0xbf, 0xf6,

    /* U+0448 "ш" */
    0xef, 0xf3, 0x0, 0x0, 0x9f, 0xf8, 0x0, 0x0,
    0x5f, 0xfc, 0xef, 0xf3, 0x0, 0x0, 0x9f, 0xf8,
    0x0, 0x0, 0x5f, 0xfc, 0xef, 0xf3, 0x0, 0x0,
    0x9f, 0xf8, 0x0, 0x0, 0x5f, 0xfc, 0xef, 0xf3,
    0x0, 0x0, 0x9f, 0xf8, 0x0, 0x0, 0x5f, 0xfc,
    0xef, 0xf3, 0x0, 0x0, 0x9f, 0xf8, 0x0, 0x0,
    0x5f, 0xfc, 0xef, 0xf3, 0x0, 0x0, 0x9f, 0xf8,
    0x0, 0x0, 0x5f, 0xfc, 0xef, 0xf3, 0x0, 0x0,
    0x9f, 0xf8, 0x0, 0x0, 0x5f, 0xfc, 0xef, 0xf3,
    0x0, 0x0, 0x9f, 0xf8, 0x0, 0x0, 0x5f, 0xfc,
    0xef, 0xf3, 0x0, 0x0, 0x9f, 0xf8, 0x0, 0x0,
    0x5f, 0xfc, 0xef, 0xf3, 0x0, 0x0, 0x9f, 0xf8,
    0x0, 0x0, 0x5f, 0xfc, 0xef, 0xf3, 0x0, 0x0,
    0x9f, 0xf8, 0x0, 0x0, 0x5f, 0xfc, 0xef, 0xff,
    0xcc, 0xcc, 0xff, 0xff, 0xcc, 0xcc, 0xff, 0xfc,
    0xef, 0xff, 0xff, 0xff, 0xff, 0xff, 0xff, 0xff,
    0xff, 0xfc, 0xef, 0xff, 0xff, 0xff, 0xff, 0xff,
    0xff, 0xff, 0xff, 0xfc,

    /* U+0449 "щ" */
    0xef, 0xf3, 0x0, 0x0, 0x9f, 0xf8, 0x0, 0x0,
    0x5f, 0xfc, 0x0, 0xef, 0xf3, 0x0, 0x0, 0x9f,
    0xf8, 0x0, 0x0, 0x5f, 0xfc, 0x0, 0xef, 0xf3,
    0x0, 0x0, 0x9f, 0xf8, 0x0, 0x0, 0x5f, 0xfc,
    0x0, 0xef, 0xf3, 0x0, 0x0, 0x9f, 0xf8, 0x0,
    0x0, 0x5f, 0xfc, 0x0, 0xef, 0xf3, 0x0, 0x0,
    0x9f, 0xf8, 0x0, 0x0, 0x5f, 0xfc, 0x0, 0xef,
    0xf3, 0x0, 0x0, 0x9f, 0xf8, 0x0, 0x0, 0x5f,
    0xfc, 0x0, 0xef, 0xf3, 0x0, 0x0, 0x9f, 0xf8,
    0x0, 0x0, 0x5f, 0xfc, 0x0, 0xef, 0xf3, 0x0,
    0x0, 0x9f, 0xf8, 0x0, 0x0, 0x5f, 0xfc, 0x0,
    0xef, 0xf3, 0x0, 0x0, 0x9f, 0xf8, 0x0, 0x0,
    0x5f, 0xfc, 0x0, 0xef, 0xf3, 0x0, 0x0, 0x9f,
    0xf8, 0x0, 0x0, 0x5f, 0xfc, 0x0, 0xef, 0xf3,
    0x0, 0x0, 0x9f, 0xf8, 0x0, 0x0, 0x5f, 0xfc,
    0x0, 0xef, 0xff, 0xcc, 0xcc, 0xff, 0xff, 0xcc,
    0xcc, 0xff, 0xff, 0xc8, 0xef, 0xff, 0xff, 0xff,
    0xff, 0xff, 0xff, 0xff, 0xff, 0xff, 0xfb, 0xef,
    0xff, 0xff, 0xff, 0xff, 0xff, 0xff, 0xff, 0xff,
    0xff, 0xfb, 0x0, 0x0, 0x0, 0x0, 0x0, 0x0,
    0x0, 0x0, 0x0, 0x3f, 0xfb, 0x0, 0x0, 0x0,
    0x0, 0x0, 0x0, 0x0, 0x0, 0x0, 0x3f, 0xfb,
    0x0, 0x0, 0x0, 0x0, 0x0, 0x0, 0x0, 0x0,
    0x0, 0x3f, 0xfb,

    /* U+044A "ъ" */
    0xdf, 0xff, 0xff, 0xf4, 0x0, 0x0, 0x0, 0x0,
    0xdf, 0xff, 0xff, 0xf4, 0x0, 0x0, 0x0, 0x0,
    0x9c, 0xcc, 0xff, 0xf4, 0x0, 0x0, 0x0, 0x0,
    0x0, 0x0, 0xef, 0xf4, 0x0, 0x0, 0x0, 0x0,
    0x0, 0x0, 0xef, 0xf7, 0x44, 0x43, 0x0, 0x0,
    0x0, 0x0, 0xef, 0xff, 0xff, 0xff, 0xfb, 0x20,
    0x0, 0x0, 0xef, 0xff, 0xff, 0xff, 0xff, 0xe1,
    0x0, 0x0, 0xef, 0xf4, 0x0, 0x4, 0xef, 0xf8,
    0x0, 0x0, 0xef, 0xf4, 0x0, 0x0, 0x7f, 0xfc,
    0x0, 0x0, 0xef, 0xf4, 0x0, 0x0, 0x6f, 0xfd,
    0x0, 0x0, 0xef, 0xf4, 0x0, 0x0, 0xaf, 0xfb,
    0x0, 0x0, 0xef, 0xf8, 0x66, 0x7b, 0xff, 0xf5,
    0x0, 0x0, 0xef, 0xff, 0xff, 0xff, 0xff, 0x90,
    0x0, 0x0, 0xef, 0xff, 0xff, 0xfe, 0xb4, 0x0,

    /* U+044B "ы" */
    0xef, 0xf3, 0x0, 0x0, 0x0, 0x0, 0x6, 0xff,
    0xbe, 0xff, 0x30, 0x0, 0x0, 0x0, 0x0, 0x6f,
    0xfb, 0xef, 0xf3, 0x0, 0x0, 0x0, 0x0, 0x6,
    0xff, 0xbe, 0xff, 0x30, 0x0, 0x0, 0x0, 0x0,
    0x6f, 0xfb, 0xef, 0xf6, 0x33, 0x32, 0x0, 0x0,
    0x6, 0xff, 0xbe, 0xff, 0xff, 0xff, 0xff, 0xa1,
    0x0, 0x6f, 0xfb, 0xef, 0xff, 0xff, 0xff, 0xff,
    0xe1, 0x6, 0xff, 0xbe, 0xff, 0x30, 0x1, 0x5e,
    0xff, 0x80, 0x6f, 0xfb, 0xef, 0xf3, 0x0, 0x0,
    0x7f, 0xfc, 0x6, 0xff, 0xbe, 0xff, 0x30, 0x0,
    0x5, 0xff, 0xd0, 0x6f, 0xfb, 0xef, 0xf3, 0x0,
    0x0, 0xaf, 0xfb, 0x6, 0xff, 0xbe, 0xff, 0x86,
    0x67, 0xcf, 0xff, 0x50, 0x6f, 0xfb, 0xef, 0xff,
    0xff, 0xff, 0xff, 0x90, 0x6, 0xff, 0xbe, 0xff,
    0xff, 0xff, 0xeb, 0x40, 0x0, 0x6f, 0xfb,

    /* U+044C "ь" */
    0xef, 0xf3, 0x0, 0x0, 0x0, 0x0, 0xe, 0xff,
    0x30, 0x0, 0x0, 0x0, 0x0, 0xef, 0xf3, 0x0,
    0x0, 0x0, 0x0, 0xe, 0xff, 0x30, 0x0, 0x0,
    0x0, 0x0, 0xef, 0xf6, 0x33, 0x33, 0x0, 0x0,
    0xe, 0xff, 0xff, 0xff, 0xff, 0xc3, 0x0, 0xef,
    0xff, 0xff, 0xff, 0xff, 0xf3, 0xe, 0xff, 0x30,
    0x0, 0x3d, 0xff, 0xc0, 0xef, 0xf3, 0x0, 0x0,
    0x3f, 0xff, 0xe, 0xff, 0x30, 0x0, 0x2, 0xff,
    0xf0, 0xef, 0xf3, 0x0, 0x0, 0x7f, 0xfe, 0xe,
    0xff, 0x86, 0x67, 0xaf, 0xff, 0x80, 0xef, 0xff,
    0xff, 0xff, 0xff, 0xc0, 0xe, 0xff, 0xff, 0xff,
    0xeb, 0x60, 0x0,

    /* U+044D "э" */
    0x0, 0x28, 0xce, 0xfd, 0xa4, 0x0, 0x0, 0x8,
    0xff, 0xff, 0xff, 0xff, 0xc1, 0x0, 0x4f, 0xff,
    0xc9, 0x9c, 0xff, 0xfd, 0x10, 0x6, 0xd3, 0x0,
    0x0, 0x3d, 0xff, 0xa0, 0x0, 0x0, 0x0, 0x0,
    0x1, 0xef, 0xf2, 0x0, 0x0, 0x35, 0x55, 0x55,
    0xef, 0xf6, 0x0, 0x0, 0x9f, 0xff, 0xff, 0xff,
    0xf8, 0x0, 0x0, 0x9f, 0xff, 0xff, 0xff, 0xf8,
    0x0, 0x0, 0x0, 0x0, 0x0, 0x9f, 0xf6, 0x0,
    0x0, 0x0, 0x0, 0x2, 0xff, 0xf1, 0x7, 0xe4,
    0x0, 0x0, 0x3d, 0xff, 0xa0, 0x4f, 0xff, 0xda,
    0xac, 0xff, 0xfd, 0x10, 0x8, 0xff, 0xff, 0xff,
    0xff, 0xc1, 0x0, 0x0, 0x28, 0xde, 0xfd, 0xa4,
    0x0, 0x0,

    /* U+044E "ю" */
    0xef, 0xf3, 0x0, 0x0, 0x6, 0xce, 0xfd, 0xa4,
    0x0, 0x0, 0xef, 0xf3, 0x0, 0x3, 0xef, 0xff,
    0xff, 0xff, 0xa0, 0x0, 0xef, 0xf3, 0x0, 0x2f,
    0xff, 0xfd, 0xce, 0xff, 0xfb, 0x0, 0xef, 0xf3,
    0x0, 0xcf, 0xfd, 0x30, 0x0, 0x7f, 0xff, 0x60,
    0xef, 0xf3, 0x2, 0xff, 0xf2, 0x0, 0x0, 0x8,
    0xff, 0xc0, 0xef, 0xff, 0xff, 0xff, 0xb0, 0x0,
    0x0, 0x1, 0xff, 0xf1, 0xef, 0xff, 0xff, 0xff,
    0x80, 0x0, 0x0, 0x0, 0xef, 0xf3, 0xef, 0xff,
    0xff, 0xff, 0x80, 0x0, 0x0, 0x0, 0xef, 0xf3,
    0xef, 0xf3, 0x7, 0xff, 0xb0, 0x0, 0x0, 0x1,
    0xff, 0xf1, 0xef, 0xf3, 0x2, 0xff, 0xf2, 0x0,
    0x0, 0x8, 0xff, 0xc0, 0xef, 0xf3, 0x0, 0xbf,
    0xfe, 0x30, 0x0, 0x7f, 0xff, 0x50, 0xef, 0xf3,
    0x0, 0x1e, 0xff, 0xfd, 0xce, 0xff, 0xfa, 0x0,
    0xef, 0xf3, 0x0, 0x2, 0xdf, 0xff, 0xff, 0xff,
    0xa0, 0x0, 0xef, 0xf3, 0x0, 0x0, 0x6, 0xce,
    0xfd, 0xa4, 0x0, 0x0,

    /* U+044F "я" */
    0x0, 0x2, 0x8d, 0xff, 0xff, 0xff, 0xf6, 0x0,
    0x5f, 0xff, 0xff, 0xff, 0xff, 0xf6, 0x2, 0xff,
    0xff, 0xdb, 0xbb, 0xff, 0xf6, 0x9, 0xff, 0xe2,
    0x0, 0x0, 0x6f, 0xf6, 0xc, 0xff, 0x70, 0x0,
    0x0, 0x6f, 0xf6, 0xd, 0xff, 0x60, 0x0, 0x0,
    0x6f, 0xf6, 0xa, 0xff, 0xa0, 0x0, 0x0, 0x6f,
    0xf6, 0x4, 0xff, 0xfa, 0x54, 0x44, 0xaf, 0xf6,
    0x0, 0x8f, 0xff, 0xff, 0xff, 0xff, 0xf6, 0x0,
    0x4, 0xff, 0xff, 0xff, 0xff, 0xf6, 0x0, 0x8,
    0xff, 0xb0, 0x0, 0x6f, 0xf6, 0x0, 0x4f, 0xfe,
    0x10, 0x0, 0x6f, 0xf6, 0x1, 0xef, 0xf5, 0x0,
    0x0, 0x6f, 0xf6, 0xa, 0xff, 0xa0, 0x0, 0x0,
    0x6f, 0xf6,

    /* U+0450 "ѐ" */
    0x0, 0x6, 0x88, 0x60, 0x0, 0x0, 0x0, 0x0,
    0x0, 0x1c, 0xff, 0x70, 0x0, 0x0, 0x0, 0x0,
    0x0, 0xa, 0xff, 0x70, 0x0, 0x0, 0x0, 0x0,
    0x0, 0x7, 0xff, 0x60, 0x0, 0x0, 0x0, 0x0,
    0x0, 0x0, 0x0, 0x0, 0x0, 0x0, 0x0, 0x0,
    0x0, 0x0, 0x0, 0x0, 0x0, 0x0, 0x0, 0x39,
    0xdf, 0xec, 0x71, 0x0, 0x0, 0x0, 0x8f, 0xff,
    0xff, 0xff, 0xe3, 0x0, 0x0, 0x8f, 0xff, 0xda,
    0xae, 0xff, 0xf2, 0x0, 0x3f, 0xff, 0x50, 0x0,
    0xa, 0xff, 0xc0, 0x9, 0xff, 0x80, 0x0, 0x0,
    0xd, 0xff, 0x20, 0xef, 0xf4, 0x22, 0x22, 0x22,
    0x9f, 0xf6, 0xf, 0xff, 0xff, 0xff, 0xff, 0xff,
    0xff, 0x80, 0xff, 0xff, 0xff, 0xff, 0xff, 0xff,
    0xf9, 0xd, 0xff, 0x30, 0x0, 0x0, 0x0, 0x0,
    0x0, 0x9f, 0xfb, 0x0, 0x0, 0x0, 0x0, 0x0,
    0x2, 0xff, 0xfa, 0x20, 0x0, 0x2c, 0xa0, 0x0,
    0x7, 0xff, 0xff, 0xdc, 0xdf, 0xff, 0x60, 0x0,
    0x6, 0xff, 0xff, 0xff, 0xff, 0xc1, 0x0, 0x0,
    0x1, 0x7c, 0xef, 0xeb, 0x50, 0x0,

    /* U+0451 "ё" */
    0x0, 0x0, 0x1, 0x0, 0x0, 0x10, 0x0, 0x0,
    0x0, 0xc, 0xf8, 0x0, 0xdf, 0x60, 0x0, 0x0,
    0x1, 0xff, 0xd0, 0x3f, 0xfa, 0x0, 0x0, 0x0,
    0xa, 0xf6, 0x0, 0xce, 0x40, 0x0, 0x0, 0x0,
    0x0, 0x0, 0x0, 0x0, 0x0, 0x0, 0x0, 0x0,
    0x0, 0x0, 0x0, 0x0, 0x0, 0x0, 0x0, 0x39,
    0xdf, 0xec, 0x71, 0x0, 0x0, 0x0, 0x8f, 0xff,
    0xff, 0xff, 0xe3, 0x0, 0x0, 0x8f, 0xff, 0xda,
    0xae, 0xff, 0xf2, 0x0, 0x3f, 0xff, 0x50, 0x0,
    0xa, 0xff, 0xc0, 0x9, 0xff, 0x80, 0x0, 0x0,
    0xd, 0xff, 0x20, 0xef, 0xf4, 0x22, 0x22, 0x22,
    0x9f, 0xf6, 0xf, 0xff, 0xff, 0xff, 0xff, 0xff,
    0xff, 0x80, 0xff, 0xff, 0xff, 0xff, 0xff, 0xff,
    0xf9, 0xd, 0xff, 0x30, 0x0, 0x0, 0x0, 0x0,
    0x0, 0x9f, 0xfb, 0x0, 0x0, 0x0, 0x0, 0x0,
    0x2, 0xff, 0xfa, 0x20, 0x0, 0x2c, 0xa0, 0x0,
    0x7, 0xff, 0xff, 0xdc, 0xdf, 0xff, 0x60, 0x0,
    0x6, 0xff, 0xff, 0xff, 0xff, 0xc1, 0x0, 0x0,
    0x1, 0x7c, 0xef, 0xeb, 0x50, 0x0,

    /* U+0452 "ђ" */
    0x0, 0x7, 0x88, 0x0, 0x0, 0x0, 0x0, 0x0,
    0x0, 0x0, 0xef, 0xf1, 0x0, 0x0, 0x0, 0x0,
    0x0, 0x5f, 0xff, 0xff, 0xff, 0xff, 0xfe, 0x0,
    0x0, 0x5, 0xff, 0xff, 0xff, 0xff, 0xff, 0xe0,
    0x0, 0x0, 0x1, 0x1f, 0xff, 0x31, 0x11, 0x11,
    0x0, 0x0, 0x0, 0x0, 0xef, 0xf1, 0x0, 0x0,
    0x0, 0x0, 0x0, 0x0, 0xe, 0xff, 0x13, 0x9d,
    0xfe, 0xb5, 0x0, 0x0, 0x0, 0xef, 0xf8, 0xff,
    0xff, 0xff, 0xfa, 0x0, 0x0, 0xe, 0xff, 0xff,
    0xfe, 0xef, 0xff, 0xf6, 0x0, 0x0, 0xef, 0xff,
    0xa1, 0x0, 0x3d, 0xff, 0xd0, 0x0, 0xe, 0xff,
    0xd0, 0x0, 0x0, 0x4f, 0xff, 0x10, 0x0, 0xef,
    0xf6, 0x0, 0x0, 0x0, 0xff, 0xf3, 0x0, 0xe,
    0xff, 0x40, 0x0, 0x0, 0xe, 0xff, 0x40, 0x0,
    0xef, 0xf3, 0x0, 0x0, 0x0, 0xef, 0xf4, 0x0,
    0xe, 0xff, 0x30, 0x0, 0x0, 0xe, 0xff, 0x40,
    0x0, 0xef, 0xf3, 0x0, 0x0, 0x0, 0xef, 0xf4,
    0x0, 0xe, 0xff, 0x30, 0x0, 0x0, 0xe, 0xff,
    0x40, 0x0, 0xef, 0xf3, 0x0, 0x0, 0x0, 0xef,
    0xf4, 0x0, 0xe, 0xff, 0x30, 0x0, 0x0, 0xe,
    0xff, 0x40, 0x0, 0xef, 0xf3, 0x0, 0x0, 0x0,
    0xef, 0xf4, 0x0, 0x0, 0x0, 0x0, 0x0, 0x0,
    0xe, 0xff, 0x30, 0x0, 0x0, 0x0, 0x0, 0x0,
    0x3, 0xff, 0xf1, 0x0, 0x0, 0x0, 0x0, 0xb,
    0xcb, 0xff, 0xfc, 0x0, 0x0, 0x0, 0x0, 0x2,
    0xff, 0xff, 0xff, 0x30, 0x0, 0x0, 0x0, 0x0,
    0x19, 0xef, 0xea, 0x20, 0x0,

    /* U+0453 "ѓ" */
    0x0, 0x0, 0x0, 0x58, 0x87, 0x0, 0x0, 0x0,
    0x4f, 0xfe, 0x30, 0x0, 0x0, 0x3f, 0xfe, 0x20,
    0x0, 0x0, 0x1e, 0xfd, 0x10, 0x0, 0x0, 0x4,
    0x87, 0x10, 0x0, 0x0, 0x0, 0x0, 0x0, 0x0,
    0x0, 0xef, 0xff, 0xff, 0xff, 0xff, 0x5e, 0xff,
    0xff, 0xff, 0xff, 0xf5, 0xef, 0xff, 0xcc, 0xcc,
    0xcc, 0x4e, 0xff, 0x30, 0x0, 0x0, 0x0, 0xef,
    0xf3, 0x0, 0x0, 0x0, 0xe, 0xff, 0x30, 0x0,
    0x0, 0x0, 0xef, 0xf3, 0x0, 0x0, 0x0, 0xe,
    0xff, 0x30, 0x0, 0x0, 0x0, 0xef, 0xf3, 0x0,
    0x0, 0x0, 0xe, 0xff, 0x30, 0x0, 0x0, 0x0,
    0xef, 0xf3, 0x0, 0x0, 0x0, 0xe, 0xff, 0x30,
    0x0, 0x0, 0x0, 0xef, 0xf3, 0x0, 0x0, 0x0,
    0xe, 0xff, 0x30, 0x0, 0x0, 0x0,

    /* U+0454 "є" */
    0x0, 0x0, 0x17, 0xce, 0xfe, 0xb6, 0x0, 0x0,
    0x0, 0x5f, 0xff, 0xff, 0xff, 0xfd, 0x30, 0x0,
    0x6f, 0xff, 0xfb, 0x9b, 0xef, 0xfc, 0x0, 0x2f,
    0xff, 0x90, 0x0, 0x0, 0x7c, 0x10, 0x9, 0xff,
    0xa0, 0x0, 0x0, 0x0, 0x0, 0x0, 0xdf, 0xf7,
    0x55, 0x55, 0x50, 0x0, 0x0, 0xf, 0xff, 0xff,
    0xff, 0xff, 0x20, 0x0, 0x0, 0xff, 0xff, 0xff,
    0xff, 0xf2, 0x0, 0x0, 0xd, 0xff, 0x10, 0x0,
    0x0, 0x0, 0x0, 0x0, 0x9f, 0xf9, 0x0, 0x0,
    0x0, 0x1, 0x0, 0x2, 0xff, 0xf8, 0x0, 0x0,
    0x9, 0xe2, 0x0, 0x6, 0xff, 0xfe, 0xa9, 0xbf,
    0xff, 0xd0, 0x0, 0x6, 0xff, 0xff, 0xff, 0xff,
    0xd3, 0x0, 0x0, 0x1, 0x7c, 0xef, 0xeb, 0x60,
    0x0,

    /* U+0455 "ѕ" */
    0x0, 0x2, 0x9d, 0xff, 0xeb, 0x72, 0x0, 0x6,
    0xff, 0xff, 0xff, 0xff, 0xf0, 0x3, 0xff, 0xfe,
    0xaa, 0xcf, 0xf8, 0x0, 0x8f, 0xfa, 0x0, 0x0,
    0x6, 0x10, 0xa, 0xff, 0x70, 0x0, 0x0, 0x0,
    0x0, 0x7f, 0xff, 0x95, 0x20, 0x0, 0x0, 0x1,
    0xdf, 0xff, 0xff, 0xfb, 0x50, 0x0, 0x1, 0x8e,
    0xff, 0xff, 0xff, 0xc0, 0x0, 0x0, 0x1, 0x47,
    0xbf, 0xff, 0x60, 0x0, 0x0, 0x0, 0x0, 0x8f,
    0xf9, 0x2, 0xc5, 0x0, 0x0, 0xb, 0xff, 0x80,
    0x9f, 0xff, 0xca, 0xbe, 0xff, 0xf2, 0xb, 0xff,
    0xff, 0xff, 0xff, 0xf6, 0x0, 0x3, 0x9c, 0xef,
    0xed, 0x82, 0x0,

    /* U+0456 "і" */
    0x9, 0xfc, 0x23, 0xff, 0xf9, 0x3f, 0xff, 0x80,
    0x7d, 0xa1, 0x0, 0x0, 0x0, 0x0, 0x0, 0xe,
    0xff, 0x30, 0xef, 0xf3, 0xe, 0xff, 0x30, 0xef,
    0xf3, 0xe, 0xff, 0x30, 0xef, 0xf3, 0xe, 0xff,
    0x30, 0xef, 0xf3, 0xe, 0xff, 0x30, 0xef, 0xf3,
    0xe, 0xff, 0x30, 0xef, 0xf3, 0xe, 0xff, 0x30,
    0xef, 0xf3,

    /* U+0457 "ї" */
    0x0, 0x0, 0x0, 0x5, 0xfc, 0x8, 0xf9, 0xaf,
    0xf1, 0xdf, 0xe4, 0xfb, 0x7, 0xf8, 0x0, 0x0,
    0x0, 0x0, 0x0, 0x0, 0x0, 0x0, 0xff, 0xf2,
    0x0, 0xf, 0xff, 0x20, 0x0, 0xff, 0xf2, 0x0,
    0xf, 0xff, 0x20, 0x0, 0xff, 0xf2, 0x0, 0xf,
    0xff, 0x20, 0x0, 0xff, 0xf2, 0x0, 0xf, 0xff,
    0x20, 0x0, 0xff, 0xf2, 0x0, 0xf, 0xff, 0x20,
    0x0, 0xff, 0xf2, 0x0, 0xf, 0xff, 0x20, 0x0,
    0xff, 0xf2, 0x0, 0xf, 0xff, 0x20,

    /* U+0458 "ј" */
    0x0, 0x0, 0x8, 0xfc, 0x20, 0x0, 0x3, 0xff,
    0xf9, 0x0, 0x0, 0x2f, 0xff, 0x90, 0x0, 0x0,
    0x7d, 0xa1, 0x0, 0x0, 0x0, 0x0, 0x0, 0x0,
    0x0, 0x0, 0x0, 0x0, 0x0, 0xd, 0xff, 0x40,
    0x0, 0x0, 0xdf, 0xf4, 0x0, 0x0, 0xd, 0xff,
    0x40, 0x0, 0x0, 0xdf, 0xf4, 0x0, 0x0, 0xd,
    0xff, 0x40, 0x0, 0x0, 0xdf, 0xf4, 0x0, 0x0,
    0xd, 0xff, 0x40, 0x0, 0x0, 0xdf, 0xf4, 0x0,
    0x0, 0xd, 0xff, 0x40, 0x0, 0x0, 0xdf, 0xf4,
    0x0, 0x0, 0xd, 0xff, 0x40, 0x0, 0x0, 0xdf,
    0xf4, 0x0, 0x0, 0xd, 0xff, 0x40, 0x0, 0x0,
    0xdf, 0xf4, 0x0, 0x0, 0xe, 0xff, 0x30, 0x0,
    0x3, 0xff, 0xf1, 0xb, 0xcb, 0xff, 0xfc, 0x1,
    0xff, 0xff, 0xff, 0x30, 0x19, 0xef, 0xea, 0x20,
    0x0,

    /* U+0459 "љ" */
    0x0, 0x9, 0xff, 0xff, 0xff, 0xff, 0xff, 0x60,
    0x0, 0x0, 0x0, 0x0, 0x0, 0xa, 0xff, 0xff,
    0xff, 0xff, 0xff, 0x60, 0x0, 0x0, 0x0, 0x0,
    0x0, 0xb, 0xff, 0xdc, 0xcc, 0xcf, 0xff, 0x60,
    0x0, 0x0, 0x0, 0x0, 0x0, 0xc, 0xff, 0x0,
    0x0, 0xf, 0xff, 0x60, 0x0, 0x0, 0x0, 0x0,
    0x0, 0xc, 0xff, 0x0, 0x0, 0xf, 0xff, 0x93,
    0x33, 0x30, 0x0, 0x0, 0x0, 0xd, 0xff, 0x0,
    0x0, 0xf, 0xff, 0xff, 0xff, 0xff, 0xb3, 0x0,
    0x0, 0xe, 0xfe, 0x0, 0x0, 0xf, 0xff, 0xff,
    0xff, 0xff, 0xff, 0x30, 0x0, 0xf, 0xfc, 0x0,
    0x0, 0xf, 0xff, 0x60, 0x0, 0x3c, 0xff, 0xb0,
    0x0, 0x2f, 0xfb, 0x0, 0x0, 0xf, 0xff, 0x60,
    0x0, 0x3, 0xff, 0xf0, 0x0, 0x5f, 0xf8, 0x0,
    0x0, 0xf, 0xff, 0x60, 0x0, 0x3, 0xff, 0xf0,
    0x1, 0xdf, 0xf5, 0x0, 0x0, 0xf, 0xff, 0x60,
    0x0, 0xa, 0xff, 0xe0, 0xbf, 0xff, 0xf0, 0x0,
    0x0, 0xf, 0xff, 0xea, 0xaa, 0xef, 0xff, 0x80,
    0xcf, 0xff, 0x80, 0x0, 0x0, 0xf, 0xff, 0xff,
    0xff, 0xff, 0xfb, 0x0, 0xcf, 0xe8, 0x0, 0x0,
    0x0, 0xf, 0xff, 0xff, 0xff, 0xeb, 0x60, 0x0,

    /* U+045A "њ" */
    0xef, 0xf3, 0x0, 0x0, 0x4, 0xff, 0xd0, 0x0,
    0x0, 0x0, 0x0, 0xef, 0xf3, 0x0, 0x0, 0x4,
    0xff, 0xd0, 0x0, 0x0, 0x0, 0x0, 0xef, 0xf3,
    0x0, 0x0, 0x4, 0xff, 0xd0, 0x0, 0x0, 0x0,
    0x0, 0xef, 0xf3, 0x0, 0x0, 0x4, 0xff, 0xd0,
    0x0, 0x0, 0x0, 0x0, 0xef, 0xf3, 0x0, 0x0,
    0x4, 0xff, 0xd0, 0x0, 0x0, 0x0, 0x0, 0xef,
    0xfc, 0xcc, 0xcc, 0xcd, 0xff, 0xfc, 0xcc, 0xba,
    0x71, 0x0, 0xef, 0xff, 0xff, 0xff, 0xff, 0xff,
    0xff, 0xff, 0xff, 0xff, 0x40, 0xef, 0xff, 0xff,
    0xff, 0xff, 0xff, 0xfb, 0xbb, 0xdf, 0xff, 0xf1,
    0xef, 0xf3, 0x0, 0x0, 0x4, 0xff, 0xd0, 0x0,
    0x3, 0xff, 0xf5, 0xef, 0xf3, 0x0, 0x0, 0x4,
    0xff, 0xd0, 0x0, 0x0, 0xcf, 0xf7, 0xef, 0xf3,
    0x0, 0x0, 0x4, 0xff, 0xd0, 0x0, 0x0, 0xef,
    0xf5, 0xef, 0xf3, 0x0, 0x0, 0x4, 0xff, 0xe5,
    0x55, 0x6c, 0xff, 0xe1, 0xef, 0xf3, 0x0, 0x0,
    0x4, 0xff, 0xff, 0xff, 0xff, 0xff, 0x40, 0xef,
    0xf3, 0x0, 0x0, 0x4, 0xff, 0xff, 0xff, 0xfd,
    0x92, 0x0,

    /* U+045B "ћ" */
    0x0, 0xe, 0xff, 0x30, 0x0, 0x0, 0x0, 0x0,
    0x0, 0x0, 0xef, 0xf3, 0x0, 0x0, 0x0, 0x0,
    0x0, 0xff, 0xff, 0xff, 0xff, 0xff, 0xfd, 0x0,
    0x0, 0xc, 0xcc, 0xff, 0xff, 0xcc, 0xcc, 0xa0,
    0x0, 0x0, 0x0, 0xe, 0xff, 0x30, 0x0, 0x0,
    0x0, 0x0, 0x0, 0x0, 0xef, 0xf3, 0x39, 0xdf,
    0xeb, 0x50, 0x0, 0x0, 0xe, 0xff, 0xaf, 0xff,
    0xff, 0xff, 0x90, 0x0, 0x0, 0xef, 0xff, 0xff,
    0xee, 0xff, 0xff, 0x60, 0x0, 0xe, 0xff, 0xfa,
    0x10, 0x3, 0xdf, 0xfd, 0x0, 0x0, 0xef, 0xfd,
    0x0, 0x0, 0x4, 0xff, 0xf1, 0x0, 0xe, 0xff,
    0x60, 0x0, 0x0, 0xf, 0xff, 0x30, 0x0, 0xef,
    0xf4, 0x0, 0x0, 0x0, 0xef, 0xf3, 0x0, 0xe,
    0xff, 0x30, 0x0, 0x0, 0xe, 0xff, 0x40, 0x0,
    0xef, 0xf3, 0x0, 0x0, 0x0, 0xef, 0xf4, 0x0,
    0xe, 0xff, 0x30, 0x0, 0x0, 0xe, 0xff, 0x40,
    0x0, 0xef, 0xf3, 0x0, 0x0, 0x0, 0xef, 0xf4,
    0x0, 0xe, 0xff, 0x30, 0x0, 0x0, 0xe, 0xff,
    0x40, 0x0, 0xef, 0xf3, 0x0, 0x0, 0x0, 0xef,
    0xf4, 0x0, 0xe, 0xff, 0x30, 0x0, 0x0, 0xe,
    0xff, 0x40,

    /* U+045C "ќ" */
    0x0, 0x0, 0x0, 0x7, 0x88, 0x50, 0x0, 0x0,
    0x0, 0x0, 0xaf, 0xfc, 0x0, 0x0, 0x0, 0x0,
    0x7, 0xff, 0xb0, 0x0, 0x0, 0x0, 0x0, 0x5f,
    0xf9, 0x0, 0x0, 0x0, 0x0, 0x0, 0x78, 0x60,
    0x0, 0x0, 0x0, 0x0, 0x0, 0x0, 0x0, 0x0,
    0x0, 0x0, 0xef, 0xf3, 0x0, 0x0, 0xa, 0xff,
    0xa0, 0xef, 0xf3, 0x0, 0x0, 0x5f, 0xfe, 0x10,
    0xef, 0xf3, 0x0, 0x1, 0xef, 0xf4, 0x0, 0xef,
    0xf3, 0x0, 0xa, 0xff, 0x90, 0x0, 0xef, 0xf3,
    0x0, 0x5f, 0xfd, 0x0, 0x0, 0xef, 0xf3, 0x1,
    0xef, 0xf3, 0x0, 0x0, 0xef, 0xff, 0xff, 0xff,
    0x80, 0x0, 0x0, 0xef, 0xff, 0xff, 0xff, 0x90,
    0x0, 0x0, 0xef, 0xfe, 0xbf, 0xff, 0xf4, 0x0,
    0x0, 0xef, 0xf3, 0x0, 0xbf, 0xfe, 0x10, 0x0,
    0xef, 0xf3, 0x0, 0x1e, 0xff, 0xb0, 0x0, 0xef,
    0xf3, 0x0, 0x3, 0xff, 0xf7, 0x0, 0xef, 0xf3,
    0x0, 0x0, 0x7f, 0xff, 0x30, 0xef, 0xf3, 0x0,
    0x0, 0xb, 0xff, 0xe1,

    /* U+045D "ѝ" */
    0x1, 0x78, 0x84, 0x0, 0x0, 0x0, 0x0, 0x0,
    0x5f, 0xff, 0x20, 0x0, 0x0, 0x0, 0x0, 0x4,
    0xff, 0xe1, 0x0, 0x0, 0x0, 0x0, 0x0, 0x3e,
    0xfc, 0x0, 0x0, 0x0, 0x0, 0x0, 0x2, 0x88,
    0x30, 0x0, 0x0, 0x0, 0x0, 0x0, 0x0, 0x0,
    0x0, 0x0, 0xef, 0xf3, 0x0, 0x0, 0x0, 0xcf,
    0xf7, 0xef, 0xf3, 0x0, 0x0, 0x9, 0xff, 0xf7,
    0xef, 0xf3, 0x0, 0x0, 0x6f, 0xff, 0xf7, 0xef,
    0xf3, 0x0, 0x3, 0xff, 0xff, 0xf7, 0xef, 0xf3,
    0x0, 0x1e, 0xff, 0xff, 0xf7, 0xef, 0xf3, 0x0,
    0xcf, 0xfb, 0xaf, 0xf7, 0xef, 0xf3, 0x9, 0xff,
    0xd1, 0xaf, 0xf7, 0xef, 0xf3, 0x6f, 0xff, 0x30,
    0xaf, 0xf7, 0xef, 0xf7, 0xff, 0xf5, 0x0, 0xaf,
    0xf7, 0xef, 0xff, 0xff, 0x80, 0x0, 0xaf, 0xf7,
    0xef, 0xff, 0xfb, 0x0, 0x0, 0xaf, 0xf7, 0xef,
    0xff, 0xe1, 0x0, 0x0, 0xaf, 0xf7, 0xef, 0xff,
    0x30, 0x0, 0x0, 0xaf, 0xf7, 0xef, 0xf5, 0x0,
    0x0, 0x0, 0xaf, 0xf7,

    /* U+045E "ў" */
    0x0, 0x0, 0x87, 0x0, 0x0, 0x78, 0x20, 0x0,
    0x0, 0x0, 0xff, 0x60, 0x4, 0xff, 0x20, 0x0,
    0x0, 0x0, 0x8f, 0xfd, 0xdf, 0xfa, 0x0, 0x0,
    0x0, 0x0, 0x5, 0xce, 0xfd, 0x70, 0x0, 0x0,
    0x0, 0x0, 0x0, 0x0, 0x0, 0x0, 0x0, 0x0,
    0x0, 0x0, 0x0, 0x0, 0x0, 0x0, 0x0, 0x0,
    0xc, 0xff, 0x70, 0x0, 0x0, 0x0, 0x8f, 0xf7,
    0x5, 0xff, 0xe0, 0x0, 0x0, 0x0, 0xef, 0xf1,
    0x0, 0xef, 0xf4, 0x0, 0x0, 0x5, 0xff, 0xa0,
    0x0, 0x7f, 0xfb, 0x0, 0x0, 0xc, 0xff, 0x30,
    0x0, 0x1f, 0xff, 0x20, 0x0, 0x2f, 0xfd, 0x0,
    0x0, 0xa, 0xff, 0x80, 0x0, 0x9f, 0xf6, 0x0,
    0x0, 0x3, 0xff, 0xe0, 0x0, 0xff, 0xe0, 0x0,
    0x0, 0x0, 0xdf, 0xf5, 0x6, 0xff, 0x80, 0x0,
    0x0, 0x0, 0x6f, 0xfc, 0xd, 0xff, 0x20, 0x0,
    0x0, 0x0, 0xe, 0xff, 0x6f, 0xfb, 0x0, 0x0,
    0x0, 0x0, 0x8, 0xff, 0xff, 0xf4, 0x0, 0x0,
    0x0, 0x0, 0x2, 0xff, 0xff, 0xd0, 0x0, 0x0,
    0x0, 0x0, 0x0, 0xbf, 0xff, 0x70, 0x0, 0x0,
    0x0, 0x0, 0x0, 0x5f, 0xff, 0x10, 0x0, 0x0,
    0x0, 0x0, 0x0, 0x7f, 0xf9, 0x0, 0x0, 0x0,
    0x2, 0x40, 0x2, 0xef, 0xf2, 0x0, 0x0, 0x0,
    0xa, 0xfd, 0xbf, 0xff, 0xa0, 0x0, 0x0, 0x0,
    0x1f, 0xff, 0xff, 0xfd, 0x10, 0x0, 0x0, 0x0,
    0x3, 0xae, 0xfd, 0x81, 0x0, 0x0, 0x0, 0x0,

    /* U+045F "џ" */
    0xef, 0xf3, 0x0, 0x0, 0xe, 0xff, 0x3e, 0xff,
    0x30, 0x0, 0x0, 0xef, 0xf3, 0xef, 0xf3, 0x0,
    0x0, 0xe, 0xff, 0x3e, 0xff, 0x30, 0x0, 0x0,
    0xef, 0xf3, 0xef, 0xf3, 0x0, 0x0, 0xe, 0xff,
    0x3e, 0xff, 0x30, 0x0, 0x0, 0xef, 0xf3, 0xef,
    0xf3, 0x0, 0x0, 0xe, 0xff, 0x3e, 0xff, 0x30,
    0x0, 0x0, 0xef, 0xf3, 0xef, 0xf3, 0x0, 0x0,
    0xe, 0xff, 0x3e, 0xff, 0x30, 0x0, 0x0, 0xef,
    0xf3, 0xef, 0xf3, 0x0, 0x0, 0xe, 0xff, 0x3e,
    0xff, 0xcc, 0xcc, 0xcc, 0xff, 0xf3, 0xef, 0xff,
    0xff, 0xff, 0xff, 0xff, 0x3e, 0xff, 0xff, 0xff,
    0xff, 0xff, 0xf3, 0x0, 0x0, 0x4f, 0xfa, 0x0,
    0x0, 0x0, 0x0, 0x4, 0xff, 0xa0, 0x0, 0x0,
    0x0, 0x0, 0x4f, 0xfa, 0x0, 0x0, 0x0,

    /* U+0462 "Ѣ" */
    0x0, 0x0, 0xf, 0xff, 0x30, 0x0, 0x0, 0x0,
    0x0, 0x0, 0x0, 0x0, 0xf, 0xff, 0x30, 0x0,
    0x0, 0x0, 0x0, 0x0, 0x35, 0x55, 0x5f, 0xff,
    0x95, 0x55, 0x52, 0x0, 0x0, 0x0, 0x8f, 0xff,
    0xff, 0xff, 0xff, 0xff, 0xf8, 0x0, 0x0, 0x0,
    0x8f, 0xff, 0xff, 0xff, 0xff, 0xff, 0xf8, 0x0,
    0x0, 0x0, 0x0, 0x0, 0xf, 0xff, 0x30, 0x0,
    0x0, 0x0, 0x0, 0x0, 0x0, 0x0, 0xf, 0xff,
    0x30, 0x0, 0x0, 0x0, 0x0, 0x0, 0x0, 0x0,
    0xf, 0xff, 0xff, 0xff, 0xff, 0xeb, 0x60, 0x0,
    0x0, 0x0, 0xf, 0xff, 0xff, 0xff, 0xff, 0xff,
    0xfd, 0x10, 0x0, 0x0, 0xf, 0xff, 0xa9, 0x99,
    0x9b, 0xef, 0xff, 0xc0, 0x0, 0x0, 0xf, 0xff,
    0x30, 0x0, 0x0, 0xa, 0xff, 0xf4, 0x0, 0x0,
    0xf, 0xff, 0x30, 0x0, 0x0, 0x0, 0xef, 0xf8,
    0x0, 0x0, 0xf, 0xff, 0x30, 0x0, 0x0, 0x0,
    0xbf, 0xfa, 0x0, 0x0, 0xf, 0xff, 0x30, 0x0,
    0x0, 0x0, 0xbf, 0xf9, 0x0, 0x0, 0xf, 0xff,
    0x30, 0x0, 0x0, 0x0, 0xef, 0xf7, 0x0, 0x0,
    0xf, 0xff, 0x30, 0x0, 0x0, 0xa, 0xff, 0xf2,
    0x0, 0x0, 0xf, 0xff, 0xa9, 0x99, 0x9b, 0xef,
    0xff, 0x90, 0x0, 0x0, 0xf, 0xff, 0xff, 0xff,
    0xff, 0xff, 0xfa, 0x0, 0x0, 0x0, 0xf, 0xff,
    0xff, 0xff, 0xff, 0xd9, 0x30, 0x0,

    /* U+0463 "ѣ" */
    0x0, 0x0, 0x78, 0x82, 0x0, 0x0, 0x0, 0x0,
    0x0, 0x0, 0xe, 0xff, 0x40, 0x0, 0x0, 0x0,
    0x0, 0x0, 0x0, 0xef, 0xf4, 0x0, 0x0, 0x0,
    0x0, 0x0, 0x0, 0xe, 0xff, 0x40, 0x0, 0x0,
    0x0, 0x0, 0x0, 0x0, 0xef, 0xf4, 0x0, 0x0,
    0x0, 0x0, 0x0, 0xff, 0xff, 0xff, 0xff, 0xff,
    0xf1, 0x0, 0x0, 0xf, 0xff, 0xff, 0xff, 0xff,
    0xff, 0x10, 0x0, 0x0, 0x33, 0x3f, 0xff, 0x73,
    0x33, 0x30, 0x0, 0x0, 0x0, 0x0, 0xef, 0xf4,
    0x0, 0x0, 0x0, 0x0, 0x0, 0x0, 0xe, 0xff,
    0x40, 0x0, 0x0, 0x0, 0x0, 0x0, 0x0, 0xef,
    0xf6, 0x33, 0x33, 0x10, 0x0, 0x0, 0x0, 0xe,
    0xff, 0xff, 0xff, 0xff, 0xc3, 0x0, 0x0, 0x0,
    0xef, 0xff, 0xff, 0xff, 0xff, 0xf3, 0x0, 0x0,
    0xe, 0xff, 0x40, 0x0, 0x3c, 0xff, 0xc0, 0x0,
    0x0, 0xef, 0xf4, 0x0, 0x0, 0x3f, 0xff, 0x0,
    0x0, 0xe, 0xff, 0x40, 0x0, 0x2, 0xff, 0xf1,
    0x0, 0x0, 0xef, 0xf4, 0x0, 0x0, 0x7f, 0xfe,
    0x0, 0x0, 0xe, 0xff, 0x86, 0x67, 0xaf, 0xff,
    0x90, 0x0, 0x0, 0xef, 0xff, 0xff, 0xff, 0xff,
    0xc0, 0x0, 0x0, 0xe, 0xff, 0xff, 0xff, 0xeb,
    0x60, 0x0,

    /* U+046A "Ѫ" */
    0x0, 0x7f, 0xff, 0xff, 0xff, 0xff, 0xff, 0xff,
    0xff, 0xff, 0x70, 0x0, 0x7, 0xff, 0xff, 0xff,
    0xff, 0xff, 0xff, 0xff, 0xff, 0xf7, 0x0, 0x0,
    0x2e, 0xff, 0xb8, 0x88, 0x88, 0x88, 0x88, 0xaf,
    0xfe, 0x20, 0x0, 0x0, 0x3f, 0xfe, 0x20, 0x0,
    0x0, 0x0, 0x2e, 0xff, 0x30, 0x0, 0x0, 0x0,
    0x4f, 0xfe, 0x10, 0x0, 0x0, 0x1d, 0xff, 0x40,
    0x0, 0x0, 0x0, 0x0, 0x5f, 0xfd, 0x10, 0x0,
    0xc, 0xff, 0x50, 0x0, 0x0, 0x0, 0x0, 0x0,
    0x6f, 0xfc, 0x0, 0xc, 0xff, 0x60, 0x0, 0x0,
    0x0, 0x0, 0x0, 0x0, 0x7f, 0xfb, 0xa, 0xff,
    0x70, 0x0, 0x0, 0x0, 0x0, 0x0, 0x1, 0x7b,
    0xff, 0xff, 0xff, 0xfb, 0x71, 0x0, 0x0, 0x0,
    0x0, 0x4, 0xef, 0xff, 0xff, 0xff, 0xff, 0xff,
    0xe4, 0x0, 0x0, 0x0, 0x3, 0xff, 0xff, 0xb9,
    0xff, 0xf9, 0xbf, 0xff, 0xf4, 0x0, 0x0, 0x0,
    0xdf, 0xfb, 0x10, 0xf, 0xff, 0x0, 0x1c, 0xff,
    0xd0, 0x0, 0x0, 0x6f, 0xfe, 0x0, 0x0, 0xff,
    0xf0, 0x0, 0xe, 0xff, 0x70, 0x0, 0xc, 0xff,
    0x60, 0x0, 0xf, 0xff, 0x0, 0x0, 0x6f, 0xfd,
    0x0, 0x3, 0xff, 0xf0, 0x0, 0x0, 0xff, 0xf0,
    0x0, 0x0, 0xff, 0xf4, 0x0, 0xaf, 0xfa, 0x0,
    0x0, 0xf, 0xff, 0x0, 0x0, 0xa, 0xff, 0xa0,
    0x1f, 0xff, 0x40, 0x0, 0x0, 0xff, 0xf0, 0x0,
    0x0, 0x4f, 0xff, 0x16, 0xff, 0xe0, 0x0, 0x0,
    0xf, 0xff, 0x0, 0x0, 0x0, 0xef, 0xf7,

    /* U+046B "ѫ" */
    0x0, 0xff, 0xff, 0xff, 0xff, 0xff, 0xff, 0xff,
    0x40, 0x0, 0xf, 0xff, 0xff, 0xff, 0xff, 0xff,
    0xff, 0xf4, 0x0, 0x0, 0x8f, 0xfa, 0x22, 0x22,
    0x22, 0x6f, 0xfb, 0x0, 0x0, 0x0, 0x8f, 0xf7,
    0x0, 0x0, 0x3f, 0xfc, 0x0, 0x0, 0x0, 0x0,
    0x9f, 0xf6, 0x0, 0x3f, 0xfc, 0x0, 0x0, 0x0,
    0x0, 0x0, 0x9f, 0xf6, 0x2e, 0xfc, 0x10, 0x0,
    0x0, 0x0, 0x0, 0x5b, 0xff, 0xff, 0xff, 0xd8,
    0x10, 0x0, 0x0, 0x0, 0x9f, 0xff, 0xff, 0xff,
    0xff, 0xfe, 0x20, 0x0, 0x0, 0x6f, 0xff, 0x88,
    0xff, 0xb7, 0xcf, 0xfd, 0x0, 0x0, 0xe, 0xff,
    0x20, 0x3f, 0xf7, 0x0, 0xbf, 0xf6, 0x0, 0x6,
    0xff, 0x80, 0x3, 0xff, 0x70, 0x2, 0xff, 0xc0,
    0x0, 0xcf, 0xf2, 0x0, 0x3f, 0xf7, 0x0, 0xd,
    0xff, 0x20, 0x2f, 0xfd, 0x0, 0x3, 0xff, 0x70,
    0x0, 0x7f, 0xf8, 0x8, 0xff, 0x70, 0x0, 0x3f,
    0xf7, 0x0, 0x2, 0xff, 0xe0,

    /* U+0472 "Ѳ" */
    0x0, 0x0, 0x2, 0x8c, 0xef, 0xec, 0x83, 0x0,
    0x0, 0x0, 0x0, 0x1a, 0xff, 0xff, 0xff, 0xff,
    0xfb, 0x20, 0x0, 0x0, 0x2e, 0xff, 0xff, 0xff,
    0xff, 0xff, 0xfe, 0x40, 0x0, 0x1e, 0xff, 0xfa,
    0x40, 0x0, 0x3a, 0xff, 0xff, 0x20, 0xa, 0xff,
    0xe3, 0x0, 0x0, 0x0, 0x2, 0xdf, 0xfc, 0x2,
    0xff, 0xf3, 0x0, 0x0, 0x0, 0x0, 0x2, 0xff,
    0xf4, 0x8f, 0xfb, 0x0, 0x0, 0x0, 0x0, 0x0,
    0x9, 0xff, 0x9b, 0xff, 0xff, 0xff, 0xff, 0xff,
    0xff, 0xff, 0xff, 0xfd, 0xdf, 0xff, 0xff, 0xff,
    0xff, 0xff, 0xff, 0xff, 0xff, 0xed, 0xff, 0xb7,
    0x77, 0x77, 0x77, 0x77, 0x77, 0xbf, 0xfe, 0xbf,
    0xfb, 0x0, 0x0, 0x0, 0x0, 0x0, 0x9, 0xff,
    0xd8, 0xff, 0xf1, 0x0, 0x0, 0x0, 0x0, 0x0,
    0xff, 0xf9, 0x2f, 0xff, 0xa0, 0x0, 0x0, 0x0,
    0x0, 0x8f, 0xff, 0x40, 0xaf, 0xff, 0x80, 0x0,
    0x0, 0x0, 0x6f, 0xff, 0xc0, 0x1, 0xef, 0xff,
    0xc5, 0x10, 0x4, 0xbf, 0xff, 0xf2, 0x0, 0x2,
    0xef, 0xff, 0xff, 0xff, 0xff, 0xff, 0xf4, 0x0,
    0x0, 0x1, 0xaf, 0xff, 0xff, 0xff, 0xff, 0xb2,
    0x0, 0x0, 0x0, 0x0, 0x28, 0xce, 0xfe, 0xd9,
    0x30, 0x0, 0x0,

    /* U+0473 "ѳ" */
    0x0, 0x0, 0x28, 0xde, 0xfd, 0x93, 0x0, 0x0,
    0x0, 0x7, 0xff, 0xff, 0xff, 0xff, 0x80, 0x0,
    0x0, 0x7f, 0xff, 0xfc, 0xcf, 0xff, 0xf9, 0x0,
    0x2, 0xff, 0xfa, 0x10, 0x0, 0x8f, 0xff, 0x40,
    0x9, 0xff, 0xc0, 0x0, 0x0, 0x9, 0xff, 0xb0,
    0xd, 0xff, 0x61, 0x11, 0x11, 0x14, 0xff, 0xf0,
    0xf, 0xff, 0xff, 0xff, 0xff, 0xff, 0xff, 0xf2,
    0xf, 0xff, 0xff, 0xff, 0xff, 0xff, 0xff, 0xf2,
    0xd, 0xff, 0x50, 0x0, 0x0, 0x2, 0xff, 0xf0,
    0x9, 0xff, 0xc0, 0x0, 0x0, 0xa, 0xff, 0xb0,
    0x2, 0xff, 0xfa, 0x10, 0x0, 0x8f, 0xff, 0x40,
    0x0, 0x6f, 0xff, 0xfc, 0xcf, 0xff, 0xf9, 0x0,
    0x0, 0x6, 0xff, 0xff, 0xff, 0xff, 0x80, 0x0,
    0x0, 0x0, 0x28, 0xde, 0xfd, 0x93, 0x0, 0x0,

    /* U+0474 "Ѵ" */
    0x0, 0x0, 0x0, 0x0, 0x0, 0x0, 0x0, 0x0,
    0x33, 0x10, 0x8f, 0xff, 0x0, 0x0, 0x0, 0x0,
    0x0, 0x6f, 0xff, 0xf0, 0x2f, 0xff, 0x60, 0x0,
    0x0, 0x0, 0x6, 0xff, 0xff, 0xe0, 0xb, 0xff,
    0xc0, 0x0, 0x0, 0x0, 0x1e, 0xff, 0xff, 0xc0,
    0x5, 0xff, 0xf2, 0x0, 0x0, 0x0, 0x7f, 0xff,
    0x72, 0x20, 0x0, 0xef, 0xf9, 0x0, 0x0, 0x0,
    0xdf, 0xf9, 0x0, 0x0, 0x0, 0x8f, 0xfe, 0x0,
    0x0, 0x3, 0xff, 0xf1, 0x0, 0x0, 0x0, 0x2f,
    0xff, 0x50, 0x0, 0x8, 0xff, 0xb0, 0x0, 0x0,
    0x0, 0xb, 0xff, 0xc0, 0x0, 0xe, 0xff, 0x60,
    0x0, 0x0, 0x0, 0x5, 0xff, 0xf2, 0x0, 0x4f,
    0xff, 0x0, 0x0, 0x0, 0x0, 0x0, 0xef, 0xf8,
    0x0, 0x9f, 0xfa, 0x0, 0x0, 0x0, 0x0, 0x0,
    0x8f, 0xfe, 0x0, 0xff, 0xf5, 0x0, 0x0, 0x0,
    0x0, 0x0, 0x2f, 0xff, 0x55, 0xff, 0xe0, 0x0,
    0x0, 0x0, 0x0, 0x0, 0xc, 0xff, 0xbb, 0xff,
    0x90, 0x0, 0x0, 0x0, 0x0, 0x0, 0x5, 0xff,
    0xff, 0xff, 0x30, 0x0, 0x0, 0x0, 0x0, 0x0,
    0x0, 0xef, 0xff, 0xfe, 0x0, 0x0, 0x0, 0x0,
    0x0, 0x0, 0x0, 0x9f, 0xff, 0xf8, 0x0, 0x0,
    0x0, 0x0, 0x0, 0x0, 0x0, 0x2f, 0xff, 0xf2,
    0x0, 0x0, 0x0, 0x0, 0x0, 0x0, 0x0, 0xc,
    0xff, 0xd0, 0x0, 0x0, 0x0, 0x0,

    /* U+0475 "ѵ" */
    0x0, 0x0, 0x0, 0x0, 0x0, 0x0, 0x13, 0x20,
    0xbf, 0xfa, 0x0, 0x0, 0x0, 0x9, 0xff, 0xf5,
    0x5f, 0xff, 0x10, 0x0, 0x0, 0x6f, 0xff, 0xf3,
    0xe, 0xff, 0x70, 0x0, 0x0, 0xdf, 0xff, 0xf1,
    0x7, 0xff, 0xe0, 0x0, 0x4, 0xff, 0xf3, 0x10,
    0x1, 0xff, 0xf4, 0x0, 0xa, 0xff, 0x90, 0x0,
    0x0, 0xaf, 0xfb, 0x0, 0xf, 0xff, 0x30, 0x0,
    0x0, 0x4f, 0xff, 0x10, 0x5f, 0xfd, 0x0, 0x0,
    0x0, 0xd, 0xff, 0x80, 0xbf, 0xf7, 0x0, 0x0,
    0x0, 0x6, 0xff, 0xe1, 0xff, 0xf1, 0x0, 0x0,
    0x0, 0x0, 0xff, 0xfc, 0xff, 0xb0, 0x0, 0x0,
    0x0, 0x0, 0x9f, 0xff, 0xff, 0x50, 0x0, 0x0,
    0x0, 0x0, 0x2f, 0xff, 0xfe, 0x0, 0x0, 0x0,
    0x0, 0x0, 0xc, 0xff, 0xf9, 0x0, 0x0, 0x0,
    0x0, 0x0, 0x5, 0xff, 0xf3, 0x0, 0x0, 0x0,

    /* U+048A "Ҋ" */
    0x0, 0x4, 0xff, 0x0, 0x0, 0x8f, 0xb0, 0x0,
    0x0, 0x0, 0x0, 0xf, 0xfa, 0x10, 0x4f, 0xf8,
    0x0, 0x0, 0x0, 0x0, 0x0, 0x6f, 0xff, 0xff,
    0xfd, 0x0, 0x0, 0x0, 0x0, 0x0, 0x0, 0x38,
    0xbb, 0xa6, 0x0, 0x0, 0x0, 0x0, 0x0, 0x0,
    0x0, 0x0, 0x0, 0x0, 0x0, 0x0, 0x0, 0x8,
    0xff, 0xa0, 0x0, 0x0, 0x0, 0x4, 0xff, 0xf1,
    0x0, 0x8f, 0xfa, 0x0, 0x0, 0x0, 0x1, 0xef,
    0xff, 0x10, 0x8, 0xff, 0xa0, 0x0, 0x0, 0x0,
    0xcf, 0xff, 0xf1, 0x0, 0x8f, 0xfa, 0x0, 0x0,
    0x0, 0x8f, 0xff, 0xff, 0x10, 0x8, 0xff, 0xa0,
    0x0, 0x0, 0x4f, 0xff, 0xff, 0xf1, 0x0, 0x8f,
    0xfa, 0x0, 0x0, 0x1e, 0xff, 0xcf, 0xff, 0x10,
    0x8, 0xff, 0xa0, 0x0, 0xb, 0xff, 0xe2, 0xff,
    0xf1, 0x0, 0x8f, 0xfa, 0x0, 0x7, 0xff, 0xf3,
    0x1f, 0xff, 0x10, 0x8, 0xff, 0xa0, 0x3, 0xff,
    0xf7, 0x1, 0xff, 0xf1, 0x0, 0x8f, 0xfa, 0x0,
    0xdf, 0xfc, 0x0, 0x1f, 0xff, 0x10, 0x8, 0xff,
    0xa0, 0xaf, 0xfe, 0x10, 0x1, 0xff, 0xf1, 0x0,
    0x8f, 0xfa, 0x6f, 0xff, 0x40, 0x0, 0x1f, 0xff,
    0x10, 0x8, 0xff, 0xdf, 0xff, 0x80, 0x0, 0x1,
    0xff, 0xf1, 0x0, 0x8f, 0xff, 0xff, 0xc0, 0x0,
    0x0, 0x1f, 0xff, 0x10, 0x8, 0xff, 0xff, 0xf2,
    0x0, 0x0, 0x1, 0xff, 0xf1, 0x0, 0x8f, 0xff,
    0xf5, 0x0, 0x0, 0x0, 0x2f, 0xff, 0xfd, 0x68,
    0xff, 0xf9, 0x0, 0x0, 0x0, 0x3, 0xff, 0xff,
    0xf4, 0x8f, 0xfd, 0x0, 0x0, 0x0, 0x0, 0x3f,
    0xff, 0xff, 0x0, 0x0, 0x0, 0x0, 0x0, 0x0,
    0x0, 0x1, 0xff, 0xb0, 0x0, 0x0, 0x0, 0x0,
    0x0, 0x0, 0x0, 0x4f, 0xf6, 0x0, 0x0, 0x0,
    0x0, 0x0, 0x0, 0x0, 0x8, 0xff, 0x20, 0x0,
    0x0, 0x0, 0x0, 0x0, 0x0, 0x0, 0xbf, 0xe0,
    0x0,

    /* U+048B "ҋ" */
    0x0, 0x58, 0x20, 0x0, 0x18, 0x70, 0x0, 0x0,
    0x0, 0x9f, 0x80, 0x0, 0x6f, 0xc0, 0x0, 0x0,
    0x0, 0x4f, 0xf5, 0x4, 0xef, 0x60, 0x0, 0x0,
    0x0, 0x8, 0xff, 0xff, 0xfa, 0x0, 0x0, 0x0,
    0x0, 0x0, 0x4a, 0xca, 0x50, 0x0, 0x0, 0x0,
    0x0, 0x0, 0x0, 0x0, 0x0, 0x0, 0x0, 0x0,
    0xef, 0xf3, 0x0, 0x0, 0x0, 0xcf, 0xf7, 0x0,
    0xef, 0xf3, 0x0, 0x0, 0x9, 0xff, 0xf7, 0x0,
    0xef, 0xf3, 0x0, 0x0, 0x6f, 0xff, 0xf7, 0x0,
    0xef, 0xf3, 0x0, 0x3, 0xff, 0xff, 0xf7, 0x0,
    0xef, 0xf3, 0x0, 0x1e, 0xff, 0xff, 0xf7, 0x0,
    0xef, 0xf3, 0x0, 0xcf, 0xfb, 0xaf, 0xf7, 0x0,
    0xef, 0xf3, 0x9, 0xff, 0xe1, 0xaf, 0xf7, 0x0,
    0xef, 0xf3, 0x6f, 0xff, 0x30, 0xaf, 0xf7, 0x0,
    0xef, 0xf6, 0xff, 0xf5, 0x0, 0xaf, 0xf7, 0x0,
    0xef, 0xff, 0xff, 0x80, 0x0, 0xaf, 0xf7, 0x0,
    0xef, 0xff, 0xfb, 0x0, 0x0, 0xaf, 0xf7, 0x0,
    0xef, 0xff, 0xe1, 0x0, 0x0, 0xff, 0xff, 0xc5,
    0xef, 0xff, 0x30, 0x0, 0x0, 0xff, 0xff, 0xf3,
    0xef, 0xf5, 0x0, 0x0, 0x0, 0xff, 0xff, 0xe0,
    0x0, 0x0, 0x0, 0x0, 0x0, 0x0, 0xff, 0xa0,
    0x0, 0x0, 0x0, 0x0, 0x0, 0x3, 0xff, 0x50,
    0x0, 0x0, 0x0, 0x0, 0x0, 0x7, 0xff, 0x10,

    /* U+048C "Ҍ" */
    0x0, 0xe, 0xff, 0x50, 0x0, 0x0, 0x0, 0x0,
    0x0, 0x0, 0xe, 0xff, 0x50, 0x0, 0x0, 0x0,
    0x0, 0x0, 0x15, 0x5f, 0xff, 0xb5, 0x55, 0x53,
    0x0, 0x0, 0x0, 0x4f, 0xff, 0xff, 0xff, 0xff,
    0xf9, 0x0, 0x0, 0x0, 0x4f, 0xff, 0xff, 0xff,
    0xff, 0xf9, 0x0, 0x0, 0x0, 0x0, 0xe, 0xff,
    0x50, 0x0, 0x0, 0x0, 0x0, 0x0, 0x0, 0xe,
    0xff, 0x50, 0x0, 0x0, 0x0, 0x0, 0x0, 0x0,
    0xe, 0xff, 0xff, 0xff, 0xff, 0xec, 0x70, 0x0,
    0x0, 0xe, 0xff, 0xff, 0xff, 0xff, 0xff, 0xfe,
    0x20, 0x0, 0xe, 0xff, 0xb9, 0x99, 0x9b, 0xef,
    0xff, 0xd0, 0x0, 0xe, 0xff, 0x50, 0x0, 0x0,
    0x8, 0xff, 0xf5, 0x0, 0xe, 0xff, 0x50, 0x0,
    0x0, 0x0, 0xdf, 0xf9, 0x0, 0xe, 0xff, 0x50,
    0x0, 0x0, 0x0, 0x9f, 0xfb, 0x0, 0xe, 0xff,
    0x50, 0x0, 0x0, 0x0, 0xaf, 0xfb, 0x0, 0xe,
    0xff, 0x50, 0x0, 0x0, 0x0, 0xdf, 0xf8, 0x0,
    0xe, 0xff, 0x50, 0x0, 0x0, 0x9, 0xff, 0xf4,
    0x0, 0xe, 0xff, 0xb9, 0x99, 0x9b, 0xef, 0xff,
    0xb0, 0x0, 0xe, 0xff, 0xff, 0xff, 0xff, 0xff,
    0xfb, 0x0, 0x0, 0xe, 0xff, 0xff, 0xff, 0xff,
    0xda, 0x40, 0x0,

    /* U+048D "ҍ" */
    0x0, 0xf, 0xff, 0x10, 0x0, 0x0, 0x0, 0x1,
    0x34, 0xff, 0xf4, 0x33, 0x32, 0x0, 0x0, 0x8f,
    0xff, 0xff, 0xff, 0xff, 0xe0, 0x0, 0x8, 0xff,
    0xff, 0xff, 0xff, 0xfe, 0x0, 0x0, 0x0, 0xf,
    0xff, 0x10, 0x0, 0x0, 0x0, 0x0, 0x0, 0xff,
    0xff, 0xff, 0xff, 0xc8, 0x0, 0x0, 0xf, 0xff,
    0xff, 0xff, 0xff, 0xfd, 0x10, 0x0, 0xff, 0xf4,
    0x33, 0x47, 0xff, 0xf9, 0x0, 0xf, 0xff, 0x10,
    0x0, 0x6, 0xff, 0xd0, 0x0, 0xff, 0xf1, 0x0,
    0x0, 0x4f, 0xfe, 0x0, 0xf, 0xff, 0x10, 0x0,
    0x9, 0xff, 0xc0, 0x0, 0xff, 0xf6, 0x55, 0x6a,
    0xff, 0xf6, 0x0, 0xf, 0xff, 0xff, 0xff, 0xff,
    0xfb, 0x0, 0x0, 0xff, 0xff, 0xff, 0xfe, 0xb5,
    0x0,

    /* U+048E "Ҏ" */
    0x8f, 0xff, 0xff, 0xff, 0xed, 0x93, 0x0, 0x0,
    0x8f, 0xff, 0xff, 0xff, 0xff, 0xff, 0xa0, 0x0,
    0x8f, 0xff, 0xdd, 0xdd, 0xff, 0xff, 0xfb, 0x0,
    0x8f, 0xfb, 0x0, 0x0, 0x2, 0xaf, 0xff, 0x60,
    0x8f, 0xfb, 0x0, 0x0, 0x0, 0xb, 0xff, 0xc0,
    0x8f, 0xfb, 0x0, 0x0, 0x0, 0x4, 0xff, 0xf0,
    0x8f, 0xfb, 0x0, 0xb, 0x80, 0x3, 0xff, 0xf1,
    0x8f, 0xfb, 0x0, 0x4f, 0xf4, 0x4, 0xff, 0xf0,
    0x8f, 0xfb, 0x0, 0x8, 0xfe, 0x1b, 0xff, 0xc0,
    0x8f, 0xfb, 0x0, 0x0, 0xcf, 0xff, 0xff, 0x60,
    0x8f, 0xff, 0xdd, 0xdd, 0xff, 0xff, 0xfb, 0x0,
    0x8f, 0xff, 0xff, 0xff, 0xff, 0xff, 0xe0, 0x0,
    0x8f, 0xff, 0xff, 0xff, 0xed, 0xff, 0xe1, 0x0,
    0x8f, 0xfb, 0x0, 0x0, 0x0, 0xc, 0xfb, 0x0,
    0x8f, 0xfb, 0x0, 0x0, 0x0, 0x1, 0xef, 0x50,
    0x8f, 0xfb, 0x0, 0x0, 0x0, 0x0, 0x58, 0x0,
    0x8f, 0xfb, 0x0, 0x0, 0x0, 0x0, 0x0, 0x0,
    0x8f, 0xfb, 0x0, 0x0, 0x0, 0x0, 0x0, 0x0,

    /* U+048F "ҏ" */
    0xef, 0xf1, 0x18, 0xdf, 0xec, 0x60, 0x0, 0xe,
    0xff, 0x3d, 0xff, 0xff, 0xff, 0xc1, 0x0, 0xef,
    0xfd, 0xff, 0xdc, 0xff, 0xff, 0xd0, 0xe, 0xff,
    0xfc, 0x20, 0x0, 0x7f, 0xff, 0x80, 0xef, 0xfe,
    0x0, 0x0, 0x0, 0x7f, 0xfe, 0xe, 0xff, 0x70,
    0x0, 0x0, 0x0, 0xff, 0xf2, 0xef, 0xf4, 0x0,
    0x0, 0x0, 0xc, 0xff, 0x4e, 0xff, 0x40, 0x0,
    0x3, 0x0, 0xcf, 0xf4, 0xef, 0xf8, 0x0, 0x6,
    0xf9, 0xf, 0xff, 0x2e, 0xff, 0xf0, 0x0, 0x3f,
    0xfc, 0xff, 0xe0, 0xef, 0xff, 0xc2, 0x0, 0x7f,
    0xff, 0xf8, 0xe, 0xff, 0xff, 0xfd, 0xcf, 0xff,
    0xfd, 0x0, 0xef, 0xf5, 0xdf, 0xff, 0xff, 0xff,
    0xc0, 0xe, 0xff, 0x41, 0x7d, 0xfe, 0xc9, 0xff,
    0x60, 0xef, 0xf4, 0x0, 0x0, 0x0, 0x5, 0xf8,
    0xe, 0xff, 0x40, 0x0, 0x0, 0x0, 0x3, 0x0,
    0xef, 0xf4, 0x0, 0x0, 0x0, 0x0, 0x0, 0xe,
    0xff, 0x40, 0x0, 0x0, 0x0, 0x0, 0x0, 0xef,
    0xf4, 0x0, 0x0, 0x0, 0x0, 0x0, 0x0,

    /* U+0490 "Ґ" */
    0x0, 0x0, 0x0, 0x0, 0xa, 0xff, 0x50, 0x0,
    0x0, 0x0, 0x0, 0xaf, 0xf5, 0x0, 0x0, 0x0,
    0x0, 0xa, 0xff, 0x50, 0x0, 0x0, 0x0, 0x0,
    0xaf, 0xf5, 0x8f, 0xff, 0xff, 0xff, 0xff, 0xff,
    0x58, 0xff, 0xff, 0xff, 0xff, 0xff, 0xf5, 0x8f,
    0xff, 0xdd, 0xdd, 0xdd, 0xdd, 0x48, 0xff, 0xa0,
    0x0, 0x0, 0x0, 0x0, 0x8f, 0xfa, 0x0, 0x0,
    0x0, 0x0, 0x8, 0xff, 0xa0, 0x0, 0x0, 0x0,
    0x0, 0x8f, 0xfa, 0x0, 0x0, 0x0, 0x0, 0x8,
    0xff, 0xa0, 0x0, 0x0, 0x0, 0x0, 0x8f, 0xfa,
    0x0, 0x0, 0x0, 0x0, 0x8, 0xff, 0xa0, 0x0,
    0x0, 0x0, 0x0, 0x8f, 0xfa, 0x0, 0x0, 0x0,
    0x0, 0x8, 0xff, 0xa0, 0x0, 0x0, 0x0, 0x0,
    0x8f, 0xfa, 0x0, 0x0, 0x0, 0x0, 0x8, 0xff,
    0xa0, 0x0, 0x0, 0x0, 0x0, 0x8f, 0xfa, 0x0,
    0x0, 0x0, 0x0, 0x8, 0xff, 0xa0, 0x0, 0x0,
    0x0, 0x0, 0x8f, 0xfa, 0x0, 0x0, 0x0, 0x0,
    0x8, 0xff, 0xa0, 0x0, 0x0, 0x0, 0x0,

    /* U+0491 "ґ" */
    0x0, 0x0, 0x0, 0x8, 0x87, 0x0, 0x0, 0x0,
    0xf, 0xfe, 0x0, 0x0, 0x0, 0xf, 0xfe, 0xef,
    0xff, 0xff, 0xff, 0xfe, 0xef, 0xff, 0xff, 0xff,
    0xfe, 0xef, 0xfc, 0xcc, 0xcc, 0xca, 0xef, 0xf3,
    0x0, 0x0, 0x0, 0xef, 0xf3, 0x0, 0x0, 0x0,
    0xef, 0xf3, 0x0, 0x0, 0x0, 0xef, 0xf3, 0x0,
    0x0, 0x0, 0xef, 0xf3, 0x0, 0x0, 0x0, 0xef,
    0xf3, 0x0, 0x0, 0x0, 0xef, 0xf3, 0x0, 0x0,
    0x0, 0xef, 0xf3, 0x0, 0x0, 0x0, 0xef, 0xf3,
    0x0, 0x0, 0x0, 0xef, 0xf3, 0x0, 0x0, 0x0,
    0xef, 0xf3, 0x0, 0x0, 0x0,

    /* U+0492 "Ғ" */
    0x0, 0xc, 0xff, 0xff, 0xff, 0xff, 0xff, 0xf1,
    0x0, 0xc, 0xff, 0xff, 0xff, 0xff, 0xff, 0xf1,
    0x0, 0xc, 0xff, 0xfd, 0xdd, 0xdd, 0xdd, 0xd1,
    0x0, 0xc, 0xff, 0x60, 0x0, 0x0, 0x0, 0x0,
    0x0, 0xc, 0xff, 0x60, 0x0, 0x0, 0x0, 0x0,
    0x0, 0xc, 0xff, 0x60, 0x0, 0x0, 0x0, 0x0,
    0x0, 0xc, 0xff, 0x60, 0x0, 0x0, 0x0, 0x0,
    0x0, 0xc, 0xff, 0x60, 0x0, 0x0, 0x0, 0x0,
    0x15, 0x5f, 0xff, 0xc5, 0x55, 0x55, 0x52, 0x0,
    0x6f, 0xff, 0xff, 0xff, 0xff, 0xff, 0xf8, 0x0,
    0x6f, 0xff, 0xff, 0xff, 0xff, 0xff, 0xf8, 0x0,
    0x0, 0xc, 0xff, 0x70, 0x0, 0x0, 0x0, 0x0,
    0x0, 0xc, 0xff, 0x70, 0x0, 0x0, 0x0, 0x0,
    0x0, 0xc, 0xff, 0x70, 0x0, 0x0, 0x0, 0x0,
    0x0, 0xc, 0xff, 0x70, 0x0, 0x0, 0x0, 0x0,
    0x0, 0xc, 0xff, 0x70, 0x0, 0x0, 0x0, 0x0,
    0x0, 0xc, 0xff, 0x70, 0x0, 0x0, 0x0, 0x0,
    0x0, 0xc, 0xff, 0x70, 0x0, 0x0, 0x0, 0x0,

    /* U+0493 "ғ" */
    0x0, 0x6f, 0xff, 0xff, 0xff, 0xff, 0xd0, 0x6,
    0xff, 0xff, 0xff, 0xff, 0xfd, 0x0, 0x6f, 0xff,
    0xcc, 0xcc, 0xcc, 0xa0, 0x6, 0xff, 0xb0, 0x0,
    0x0, 0x0, 0x0, 0x6f, 0xfb, 0x0, 0x0, 0x0,
    0x0, 0x6, 0xff, 0xb0, 0x0, 0x0, 0x0, 0x0,
    0x6f, 0xfb, 0x0, 0x0, 0x0, 0x0, 0xff, 0xff,
    0xff, 0xff, 0xff, 0x10, 0xf, 0xff, 0xff, 0xff,
    0xff, 0xf1, 0x0, 0x28, 0xff, 0xd2, 0x22, 0x22,
    0x0, 0x0, 0x6f, 0xfb, 0x0, 0x0, 0x0, 0x0,
    0x6, 0xff, 0xb0, 0x0, 0x0, 0x0, 0x0, 0x6f,
    0xfb, 0x0, 0x0, 0x0, 0x0, 0x6, 0xff, 0xb0,
    0x0, 0x0, 0x0,

    /* U+0494 "Ҕ" */
    0x8f, 0xff, 0xff, 0xff, 0xff, 0xff, 0xd0, 0x8,
    0xff, 0xff, 0xff, 0xff, 0xff, 0xfd, 0x0, 0x8f,
    0xff, 0xdd, 0xdd, 0xdd, 0xdd, 0xb0, 0x8, 0xff,
    0xa0, 0x0, 0x0, 0x0, 0x0, 0x0, 0x8f, 0xfa,
    0x0, 0x0, 0x0, 0x0, 0x0, 0x8, 0xff, 0xa0,
    0x0, 0x0, 0x0, 0x0, 0x0, 0x8f, 0xfa, 0x0,
    0x0, 0x0, 0x0, 0x0, 0x8, 0xff, 0xa0, 0x0,
    0x12, 0x0, 0x0, 0x0, 0x8f, 0xfc, 0x8d, 0xff,
    0xff, 0xb4, 0x0, 0x8, 0xff, 0xff, 0xff, 0xff,
    0xff, 0xf9, 0x0, 0x8f, 0xff, 0xfc, 0x87, 0xaf,
    0xff, 0xf7, 0x8, 0xff, 0xf2, 0x0, 0x0, 0x1d,
    0xff, 0xf0, 0x8f, 0xfa, 0x0, 0x0, 0x0, 0x2f,
    0xff, 0x58, 0xff, 0xa0, 0x0, 0x0, 0x0, 0xcf,
    0xf8, 0x8f, 0xfa, 0x0, 0x0, 0x0, 0xa, 0xff,
    0x98, 0xff, 0xa0, 0x0, 0x0, 0x0, 0xbf, 0xf7,
    0x8f, 0xfa, 0x0, 0x0, 0x0, 0xe, 0xff, 0x58,
    0xff, 0xa0, 0x0, 0x0, 0x7, 0xff, 0xf0, 0x0,
    0x0, 0x0, 0x0, 0x18, 0xff, 0xf8, 0x0, 0x0,
    0x0, 0x9, 0xff, 0xff, 0xfc, 0x0, 0x0, 0x0,
    0x0, 0xcf, 0xff, 0xfb, 0x10, 0x0, 0x0, 0x0,
    0xb, 0xdc, 0x94, 0x0, 0x0, 0x0, 0x0, 0x0,
    0x0, 0x0, 0x0, 0x0, 0x0,

    /* U+0495 "ҕ" */
    0xef, 0xff, 0xff, 0xff, 0xff, 0x20, 0xe, 0xff,
    0xff, 0xff, 0xff, 0xf2, 0x0, 0xef, 0xff, 0xcc,
    0xcc, 0xcc, 0x10, 0xe, 0xff, 0x30, 0x0, 0x0,
    0x0, 0x0, 0xef, 0xf3, 0x0, 0x0, 0x0, 0x0,
    0xe, 0xff, 0x30, 0x0, 0x0, 0x0, 0x0, 0xef,
    0xf4, 0x48, 0x98, 0x61, 0x0, 0xe, 0xff, 0xff,
    0xff, 0xff, 0xf7, 0x0, 0xef, 0xff, 0xff, 0xff,
    0xff, 0xf8, 0xe, 0xff, 0xf6, 0x22, 0x5d, 0xff,
    0xf2, 0xef, 0xf3, 0x0, 0x0, 0x1e, 0xff, 0x8e,
    0xff, 0x30, 0x0, 0x0, 0x8f, 0xfb, 0xef, 0xf3,
    0x0, 0x0, 0x5, 0xff, 0xde, 0xff, 0x30, 0x0,
    0x0, 0x7f, 0xfb, 0x0, 0x0, 0x0, 0x0, 0xc,
    0xff, 0x90, 0x0, 0x0, 0x0, 0x8, 0xff, 0xf3,
    0x0, 0x0, 0x2b, 0xbe, 0xff, 0xfa, 0x0, 0x0,
    0x6, 0xff, 0xff, 0xfc, 0x0, 0x0, 0x0, 0xaf,
    0xff, 0xd6, 0x0, 0x0, 0x0, 0x0, 0x22, 0x10,
    0x0, 0x0,

    /* U+0496 "Җ" */
    0xd, 0xff, 0x80, 0x0, 0x0, 0x6, 0xff, 0xc0,
    0x0, 0x0, 0x3, 0xff, 0xf3, 0x0, 0x4f, 0xff,
    0x20, 0x0, 0x0, 0x6f, 0xfc, 0x0, 0x0, 0x0,
    0xcf, 0xf9, 0x0, 0x0, 0xaf, 0xfb, 0x0, 0x0,
    0x6, 0xff, 0xc0, 0x0, 0x0, 0x6f, 0xfe, 0x10,
    0x0, 0x1, 0xff, 0xf4, 0x0, 0x0, 0x6f, 0xfc,
    0x0, 0x0, 0x1e, 0xff, 0x50, 0x0, 0x0, 0x6,
    0xff, 0xd0, 0x0, 0x6, 0xff, 0xc0, 0x0, 0x9,
    0xff, 0xb0, 0x0, 0x0, 0x0, 0xc, 0xff, 0x80,
    0x0, 0x6f, 0xfc, 0x0, 0x3, 0xff, 0xf2, 0x0,
    0x0, 0x0, 0x0, 0x3f, 0xff, 0x20, 0x6, 0xff,
    0xc0, 0x0, 0xcf, 0xf7, 0x0, 0x0, 0x0, 0x0,
    0x0, 0x8f, 0xff, 0xee, 0xff, 0xff, 0xee, 0xff,
    0xfe, 0x0, 0x0, 0x0, 0x0, 0x0, 0x5, 0xff,
    0xff, 0xff, 0xff, 0xff, 0xff, 0xff, 0xd0, 0x0,
    0x0, 0x0, 0x0, 0x0, 0xdf, 0xff, 0xff, 0xff,
    0xff, 0xff, 0xff, 0xff, 0x20, 0x0, 0x0, 0x0,
    0x0, 0x6f, 0xff, 0x50, 0x6, 0xff, 0xc0, 0x1,
    0xff, 0xfb, 0x0, 0x0, 0x0, 0x0, 0xe, 0xff,
    0xc0, 0x0, 0x6f, 0xfc, 0x0, 0x7, 0xff, 0xf4,
    0x0, 0x0, 0x0, 0x8, 0xff, 0xf3, 0x0, 0x6,
    0xff, 0xc0, 0x0, 0xd, 0xff, 0xc0, 0x0, 0x0,
    0x1, 0xff, 0xfa, 0x0, 0x0, 0x6f, 0xfc, 0x0,
    0x0, 0x5f, 0xff, 0x60, 0x0, 0x0, 0xaf, 0xff,
    0x20, 0x0, 0x6, 0xff, 0xc0, 0x0, 0x0, 0xcf,
    0xfe, 0x0, 0x0, 0x3f, 0xff, 0x80, 0x0, 0x0,
    0x6f, 0xfc, 0x0, 0x0, 0x3, 0xff, 0xff, 0xdb,
    0xc, 0xff, 0xe1, 0x0, 0x0, 0x6, 0xff, 0xc0,
    0x0, 0x0, 0xa, 0xff, 0xff, 0xd5, 0xff, 0xf6,
    0x0, 0x0, 0x0, 0x6f, 0xfc, 0x0, 0x0, 0x0,
    0x2f, 0xff, 0xfd, 0x0, 0x0, 0x0, 0x0, 0x0,
    0x0, 0x0, 0x0, 0x0, 0x0, 0x0, 0x2, 0xff,
    0xd0, 0x0, 0x0, 0x0, 0x0, 0x0, 0x0, 0x0,
    0x0, 0x0, 0x0, 0x0, 0x2f, 0xfd, 0x0, 0x0,
    0x0, 0x0, 0x0, 0x0, 0x0, 0x0, 0x0, 0x0,
    0x0, 0x2, 0xff, 0xd0, 0x0, 0x0, 0x0, 0x0,
    0x0, 0x0, 0x0, 0x0, 0x0, 0x0, 0x0, 0x2f,
    0xfd,

    /* U+0497 "җ" */
    0x2f, 0xff, 0x20, 0x0, 0x9, 0xff, 0x80, 0x0,
    0x3, 0xff, 0xf2, 0x0, 0x9f, 0xfb, 0x0, 0x0,
    0x9f, 0xf8, 0x0, 0x0, 0xbf, 0xf8, 0x0, 0x1,
    0xff, 0xf3, 0x0, 0x9, 0xff, 0x80, 0x0, 0x4f,
    0xfe, 0x0, 0x0, 0x7, 0xff, 0xc0, 0x0, 0x9f,
    0xf8, 0x0, 0xd, 0xff, 0x60, 0x0, 0x0, 0xd,
    0xff, 0x50, 0x9, 0xff, 0x80, 0x6, 0xff, 0xc0,
    0x0, 0x0, 0x0, 0x4f, 0xfd, 0x0, 0x9f, 0xf8,
    0x0, 0xef, 0xf3, 0x0, 0x0, 0x0, 0x0, 0xdf,
    0xff, 0xff, 0xff, 0xff, 0xff, 0xfb, 0x0, 0x0,
    0x0, 0x0, 0xd, 0xff, 0xff, 0xff, 0xff, 0xff,
    0xff, 0xc0, 0x0, 0x0, 0x0, 0x5, 0xff, 0xff,
    0xbf, 0xff, 0xfb, 0xff, 0xff, 0x40, 0x0, 0x0,
    0x0, 0xef, 0xfa, 0x0, 0x9f, 0xf8, 0x0, 0xbf,
    0xfd, 0x0, 0x0, 0x0, 0x9f, 0xff, 0x10, 0x9,
    0xff, 0x80, 0x2, 0xff, 0xf8, 0x0, 0x0, 0x3f,
    0xff, 0x70, 0x0, 0x9f, 0xf8, 0x0, 0x7, 0xff,
    0xfe, 0xb6, 0xd, 0xff, 0xd0, 0x0, 0x9, 0xff,
    0x80, 0x0, 0xd, 0xff, 0xff, 0x87, 0xff, 0xf3,
    0x0, 0x0, 0x9f, 0xf8, 0x0, 0x0, 0x4f, 0xff,
    0xf8, 0x0, 0x0, 0x0, 0x0, 0x0, 0x0, 0x0,
    0x0, 0x0, 0x4, 0xff, 0x80, 0x0, 0x0, 0x0,
    0x0, 0x0, 0x0, 0x0, 0x0, 0x0, 0x4f, 0xf8,
    0x0, 0x0, 0x0, 0x0, 0x0, 0x0, 0x0, 0x0,
    0x0, 0x4, 0xff, 0x80,

    /* U+0498 "Ҙ" */
    0x0, 0x3, 0x8b, 0xef, 0xfe, 0xb7, 0x10, 0x0,
    0x1, 0xdf, 0xff, 0xff, 0xff, 0xff, 0xf6, 0x0,
    0x0, 0xef, 0xff, 0xfd, 0xdf, 0xff, 0xff, 0x60,
    0x0, 0x7a, 0x51, 0x0, 0x0, 0x4e, 0xff, 0xe0,
    0x0, 0x0, 0x0, 0x0, 0x0, 0x5, 0xff, 0xf0,
    0x0, 0x0, 0x0, 0x0, 0x0, 0x4, 0xff, 0xf0,
    0x0, 0x0, 0x0, 0x0, 0x1, 0x4d, 0xff, 0xa0,
    0x0, 0x0, 0x7f, 0xff, 0xff, 0xff, 0xfe, 0x10,
    0x0, 0x0, 0x7f, 0xff, 0xff, 0xff, 0xf5, 0x0,
    0x0, 0x0, 0x4a, 0xaa, 0xab, 0xdf, 0xff, 0x80,
    0x0, 0x0, 0x0, 0x0, 0x0, 0x5, 0xff, 0xf4,
    0x0, 0x0, 0x0, 0x0, 0x0, 0x0, 0x9f, 0xfa,
    0x0, 0x0, 0x0, 0x0, 0x0, 0x0, 0x7f, 0xfc,
    0x1, 0x40, 0x0, 0x0, 0x0, 0x0, 0xcf, 0xfb,
    0x7, 0xfb, 0x51, 0x0, 0x0, 0x2a, 0xff, 0xf5,
    0xd, 0xff, 0xff, 0xed, 0xdf, 0xff, 0xff, 0xb0,
    0x5, 0xef, 0xff, 0xff, 0xff, 0xff, 0xfa, 0x0,
    0x0, 0x4, 0x9c, 0xff, 0xff, 0xc8, 0x20, 0x0,
    0x0, 0x0, 0x0, 0xbf, 0xf4, 0x0, 0x0, 0x0,
    0x0, 0x0, 0x0, 0xbf, 0xf4, 0x0, 0x0, 0x0,
    0x0, 0x0, 0x0, 0xbf, 0xf4, 0x0, 0x0, 0x0,
    0x0, 0x0, 0x0, 0x58, 0x82, 0x0, 0x0, 0x0,

    /* U+0499 "ҙ" */
    0x0, 0x49, 0xdf, 0xfe, 0xb7, 0x10, 0x0, 0xbf,
    0xff, 0xff, 0xff, 0xfe, 0x40, 0x7, 0xff, 0xdb,
    0xbd, 0xff, 0xff, 0x10, 0x27, 0x10, 0x0, 0x4,
    0xff, 0xf4, 0x0, 0x0, 0x0, 0x0, 0xe, 0xff,
    0x20, 0x0, 0x2, 0x22, 0x4a, 0xff, 0x70, 0x0,
    0x2, 0xff, 0xff, 0xff, 0x90, 0x0, 0x0, 0x2f,
    0xff, 0xff, 0xff, 0xc0, 0x0, 0x0, 0x0, 0x0,
    0x4e, 0xff, 0x70, 0x0, 0x0, 0x0, 0x0, 0x8f,
    0xfa, 0x6, 0x50, 0x0, 0x0, 0x1d, 0xff, 0x80,
    0xef, 0xfb, 0xa9, 0xbf, 0xff, 0xf2, 0x3f, 0xff,
    0xff, 0xff, 0xff, 0xe4, 0x0, 0x6, 0xae, 0xff,
    0xfb, 0x70, 0x0, 0x0, 0x0, 0xf, 0xfe, 0x0,
    0x0, 0x0, 0x0, 0x0, 0xff, 0xe0, 0x0, 0x0,
    0x0, 0x0, 0x8, 0x87, 0x0, 0x0, 0x0,

    /* U+049A "Қ" */
    0x8f, 0xfa, 0x0, 0x0, 0x0, 0x5, 0xff, 0xf2,
    0x8, 0xff, 0xa0, 0x0, 0x0, 0x1, 0xef, 0xf6,
    0x0, 0x8f, 0xfa, 0x0, 0x0, 0x0, 0xbf, 0xfa,
    0x0, 0x8, 0xff, 0xa0, 0x0, 0x0, 0x6f, 0xfe,
    0x10, 0x0, 0x8f, 0xfa, 0x0, 0x0, 0x2f, 0xff,
    0x30, 0x0, 0x8, 0xff, 0xa0, 0x0, 0xc, 0xff,
    0x80, 0x0, 0x0, 0x8f, 0xfa, 0x0, 0x8, 0xff,
    0xc0, 0x0, 0x0, 0x8, 0xff, 0xfe, 0xef, 0xff,
    0xf2, 0x0, 0x0, 0x0, 0x8f, 0xff, 0xff, 0xff,
    0xff, 0x0, 0x0, 0x0, 0x8, 0xff, 0xff, 0xff,
    0xff, 0xf3, 0x0, 0x0, 0x0, 0x8f, 0xfa, 0x0,
    0xc, 0xff, 0xd0, 0x0, 0x0, 0x8, 0xff, 0xa0,
    0x0, 0x3f, 0xff, 0x80, 0x0, 0x0, 0x8f, 0xfa,
    0x0, 0x0, 0x8f, 0xff, 0x20, 0x0, 0x8, 0xff,
    0xa0, 0x0, 0x0, 0xdf, 0xfc, 0x0, 0x0, 0x8f,
    0xfa, 0x0, 0x0, 0x3, 0xff, 0xf7, 0x0, 0x8,
    0xff, 0xa0, 0x0, 0x0, 0x9, 0xff, 0xff, 0xd9,
    0x8f, 0xfa, 0x0, 0x0, 0x0, 0xe, 0xff, 0xff,
    0xb8, 0xff, 0xa0, 0x0, 0x0, 0x0, 0x4f, 0xff,
    0xfb, 0x0, 0x0, 0x0, 0x0, 0x0, 0x0, 0x4,
    0xff, 0xb0, 0x0, 0x0, 0x0, 0x0, 0x0, 0x0,
    0x4f, 0xfb, 0x0, 0x0, 0x0, 0x0, 0x0, 0x0,
    0x4, 0xff, 0xb0, 0x0, 0x0, 0x0, 0x0, 0x0,
    0x0, 0x4f, 0xfb,

    /* U+049B "қ" */
    0xef, 0xf3, 0x0, 0x0, 0xa, 0xff, 0xa0, 0xe,
    0xff, 0x30, 0x0, 0x5, 0xff, 0xe1, 0x0, 0xef,
    0xf3, 0x0, 0x1, 0xef, 0xf4, 0x0, 0xe, 0xff,
    0x30, 0x0, 0xaf, 0xf9, 0x0, 0x0, 0xef, 0xf3,
    0x0, 0x5f, 0xfd, 0x0, 0x0, 0xe, 0xff, 0x30,
    0x1e, 0xff, 0x30, 0x0, 0x0, 0xef, 0xff, 0xff,
    0xff, 0x80, 0x0, 0x0, 0xe, 0xff, 0xff, 0xff,
    0xf9, 0x0, 0x0, 0x0, 0xef, 0xfe, 0xbf, 0xff,
    0xf4, 0x0, 0x0, 0xe, 0xff, 0x30, 0xb, 0xff,
    0xe1, 0x0, 0x0, 0xef, 0xf3, 0x0, 0x1e, 0xff,
    0xb0, 0x0, 0xe, 0xff, 0x30, 0x0, 0x3f, 0xff,
    0xfb, 0xb1, 0xef, 0xf3, 0x0, 0x0, 0x7f, 0xff,
    0xff, 0x2e, 0xff, 0x30, 0x0, 0x0, 0xff, 0xff,
    0xf2, 0x0, 0x0, 0x0, 0x0, 0x0, 0xa, 0xff,
    0x20, 0x0, 0x0, 0x0, 0x0, 0x0, 0xaf, 0xf2,
    0x0, 0x0, 0x0, 0x0, 0x0, 0xa, 0xff, 0x20,

    /* U+049C "Ҝ" */
    0x8f, 0xfa, 0x0, 0x0, 0x0, 0x0, 0xaf, 0xfc,
    0x8, 0xff, 0xa0, 0x0, 0x0, 0x0, 0x4f, 0xff,
    0x20, 0x8f, 0xfa, 0x0, 0x0, 0x0, 0xd, 0xff,
    0x70, 0x8, 0xff, 0xa0, 0x0, 0x0, 0x8, 0xff,
    0xd0, 0x0, 0x8f, 0xfa, 0xe, 0xf3, 0x2, 0xff,
    0xf3, 0x0, 0x8, 0xff, 0xa0, 0xef, 0x30, 0xbf,
    0xf9, 0x0, 0x0, 0x8f, 0xfa, 0xe, 0xf3, 0x5f,
    0xfe, 0x0, 0x0, 0x8, 0xff, 0xfe, 0xff, 0xff,
    0xff, 0x40, 0x0, 0x0, 0x8f, 0xff, 0xff, 0xff,
    0xff, 0xf0, 0x0, 0x0, 0x8, 0xff, 0xff, 0xff,
    0xff, 0xff, 0x70, 0x0, 0x0, 0x8f, 0xfa, 0xe,
    0xf3, 0x9f, 0xff, 0x20, 0x0, 0x8, 0xff, 0xa0,
    0xef, 0x31, 0xef, 0xfa, 0x0, 0x0, 0x8f, 0xfa,
    0xe, 0xf3, 0x6, 0xff, 0xf4, 0x0, 0x8, 0xff,
    0xa0, 0x78, 0x10, 0xd, 0xff, 0xd0, 0x0, 0x8f,
    0xfa, 0x0, 0x0, 0x0, 0x4f, 0xff, 0x70, 0x8,
    0xff, 0xa0, 0x0, 0x0, 0x0, 0xbf, 0xff, 0x10,
    0x8f, 0xfa, 0x0, 0x0, 0x0, 0x2, 0xff, 0xfa,
    0x8, 0xff, 0xa0, 0x0, 0x0, 0x0, 0x9, 0xff,
    0xf3,

    /* U+049D "ҝ" */
    0xff, 0xf2, 0x0, 0x0, 0x3, 0xff, 0xf1, 0xff,
    0xf2, 0x0, 0x0, 0xc, 0xff, 0x70, 0xff, 0xf2,
    0x0, 0x0, 0x5f, 0xfd, 0x0, 0xff, 0xf2, 0x68,
    0x10, 0xdf, 0xf4, 0x0, 0xff, 0xf2, 0xcf, 0x27,
    0xff, 0xb0, 0x0, 0xff, 0xf2, 0xcf, 0x4f, 0xff,
    0x20, 0x0, 0xff, 0xff, 0xff, 0xff, 0xf8, 0x0,
    0x0, 0xff, 0xff, 0xff, 0xff, 0xf8, 0x0, 0x0,
    0xff, 0xfe, 0xff, 0xff, 0xff, 0x20, 0x0, 0xff,
    0xf2, 0xdf, 0x2c, 0xff, 0xc0, 0x0, 0xff, 0xf2,
    0xce, 0x22, 0xff, 0xf7, 0x0, 0xff, 0xf2, 0x0,
    0x0, 0x8f, 0xff, 0x20, 0xff, 0xf2, 0x0, 0x0,
    0xd, 0xff, 0xb0, 0xff, 0xf2, 0x0, 0x0, 0x4,
    0xff, 0xf6,

    /* U+049E "Ҟ" */
    0x0, 0xf, 0xff, 0x30, 0x0, 0x0, 0x0, 0xcf,
    0xfa, 0x0, 0x0, 0xff, 0xf3, 0x0, 0x0, 0x0,
    0x7f, 0xfe, 0x10, 0x3f, 0xff, 0xff, 0xff, 0xff,
    0x0, 0x2f, 0xff, 0x30, 0x3, 0xff, 0xff, 0xff,
    0xff, 0xf0, 0xd, 0xff, 0x80, 0x0, 0x2, 0x2f,
    0xff, 0x52, 0x22, 0x9, 0xff, 0xc0, 0x0, 0x0,
    0x0, 0xff, 0xf3, 0x0, 0x4, 0xff, 0xf2, 0x0,
    0x0, 0x0, 0xf, 0xff, 0x30, 0x1, 0xef, 0xf5,
    0x0, 0x0, 0x0, 0x0, 0xff, 0xff, 0xee, 0xff,
    0xf9, 0x0, 0x0, 0x0, 0x0, 0xf, 0xff, 0xff,
    0xff, 0xff, 0x30, 0x0, 0x0, 0x0, 0x0, 0xff,
    0xff, 0xff, 0xff, 0xfc, 0x0, 0x0, 0x0, 0x0,
    0xf, 0xff, 0x30, 0x4, 0xff, 0xf7, 0x0, 0x0,
    0x0, 0x0, 0xff, 0xf3, 0x0, 0x9, 0xff, 0xf2,
    0x0, 0x0, 0x0, 0xf, 0xff, 0x30, 0x0, 0x1e,
    0xff, 0xb0, 0x0, 0x0, 0x0, 0xff, 0xf3, 0x0,
    0x0, 0x5f, 0xff, 0x60, 0x0, 0x0, 0xf, 0xff,
    0x30, 0x0, 0x0, 0xaf, 0xfe, 0x10, 0x0, 0x0,
    0xff, 0xf3, 0x0, 0x0, 0x1, 0xef, 0xfa, 0x0,
    0x0, 0xf, 0xff, 0x30, 0x0, 0x0, 0x6, 0xff,
    0xf5, 0x0, 0x0, 0xff, 0xf3, 0x0, 0x0, 0x0,
    0xb, 0xff, 0xe0,

    /* U+049F "ҟ" */
    0x0, 0xe, 0xff, 0x30, 0x0, 0x0, 0x0, 0x0,
    0x0, 0x22, 0xff, 0xf5, 0x22, 0x10, 0x0, 0x0,
    0x0, 0x2f, 0xff, 0xff, 0xff, 0xfd, 0x0, 0x0,
    0x0, 0x2, 0xff, 0xff, 0xff, 0xff, 0xd0, 0x0,
    0x0, 0x0, 0x0, 0xe, 0xff, 0x30, 0x0, 0x0,
    0x0, 0x0, 0x0, 0x0, 0xef, 0xf3, 0x0, 0x0,
    0xa, 0xff, 0xa0, 0x0, 0xe, 0xff, 0x30, 0x0,
    0x5, 0xff, 0xe1, 0x0, 0x0, 0xef, 0xf3, 0x0,
    0x1, 0xef, 0xf4, 0x0, 0x0, 0xe, 0xff, 0x30,
    0x0, 0xaf, 0xf9, 0x0, 0x0, 0x0, 0xef, 0xf3,
    0x0, 0x5f, 0xfd, 0x0, 0x0, 0x0, 0xe, 0xff,
    0x30, 0x1e, 0xff, 0x30, 0x0, 0x0, 0x0, 0xef,
    0xff, 0xff, 0xff, 0x80, 0x0, 0x0, 0x0, 0xe,
    0xff, 0xff, 0xff, 0xf8, 0x0, 0x0, 0x0, 0x0,
    0xef, 0xfe, 0xbf, 0xff, 0xf4, 0x0, 0x0, 0x0,
    0xe, 0xff, 0x30, 0xb, 0xff, 0xe1, 0x0, 0x0,
    0x0, 0xef, 0xf3, 0x0, 0x1e, 0xff, 0xb0, 0x0,
    0x0, 0xe, 0xff, 0x30, 0x0, 0x4f, 0xff, 0x70,
    0x0, 0x0, 0xef, 0xf3, 0x0, 0x0, 0x8f, 0xff,
    0x30, 0x0, 0xe, 0xff, 0x30, 0x0, 0x0, 0xbf,
    0xfe, 0x10,

    /* U+04A0 "Ҡ" */
    0xaf, 0xff, 0xff, 0xff, 0xa0, 0x0, 0x0, 0x0,
    0x4f, 0xff, 0x2a, 0xff, 0xff, 0xff, 0xfa, 0x0,
    0x0, 0x0, 0x1e, 0xff, 0x60, 0x8d, 0xdd, 0xde,
    0xff, 0xa0, 0x0, 0x0, 0xb, 0xff, 0xb0, 0x0,
    0x0, 0x0, 0x8f, 0xfa, 0x0, 0x0, 0x6, 0xff,
    0xe1, 0x0, 0x0, 0x0, 0x8, 0xff, 0xa0, 0x0,
    0x2, 0xff, 0xf4, 0x0, 0x0, 0x0, 0x0, 0x8f,
    0xfa, 0x0, 0x0, 0xcf, 0xf8, 0x0, 0x0, 0x0,
    0x0, 0x8, 0xff, 0xa0, 0x0, 0x7f, 0xfc, 0x0,
    0x0, 0x0, 0x0, 0x0, 0x8f, 0xff, 0xee, 0xff,
    0xff, 0x20, 0x0, 0x0, 0x0, 0x0, 0x8, 0xff,
    0xff, 0xff, 0xff, 0xf0, 0x0, 0x0, 0x0, 0x0,
    0x0, 0x8f, 0xff, 0xff, 0xff, 0xff, 0x40, 0x0,
    0x0, 0x0, 0x0, 0x8, 0xff, 0xa0, 0x0, 0xcf,
    0xfe, 0x0, 0x0, 0x0, 0x0, 0x0, 0x8f, 0xfa,
    0x0, 0x2, 0xff, 0xf9, 0x0, 0x0, 0x0, 0x0,
    0x8, 0xff, 0xa0, 0x0, 0x8, 0xff, 0xf3, 0x0,
    0x0, 0x0, 0x0, 0x8f, 0xfa, 0x0, 0x0, 0xd,
    0xff, 0xd0, 0x0, 0x0, 0x0, 0x8, 0xff, 0xa0,
    0x0, 0x0, 0x3f, 0xff, 0x80, 0x0, 0x0, 0x0,
    0x8f, 0xfa, 0x0, 0x0, 0x0, 0x9f, 0xff, 0x20,
    0x0, 0x0, 0x8, 0xff, 0xa0, 0x0, 0x0, 0x0,
    0xef, 0xfc, 0x0, 0x0, 0x0, 0x8f, 0xfa, 0x0,
    0x0, 0x0, 0x4, 0xff, 0xf6,

    /* U+04A1 "ҡ" */
    0xdf, 0xff, 0xff, 0xf7, 0x0, 0x0, 0xa, 0xff,
    0xa0, 0xdf, 0xff, 0xff, 0xf7, 0x0, 0x0, 0x5f,
    0xfe, 0x10, 0x9b, 0xbb, 0xff, 0xf5, 0x0, 0x1,
    0xef, 0xf4, 0x0, 0x0, 0x0, 0xef, 0xf3, 0x0,
    0xa, 0xff, 0x90, 0x0, 0x0, 0x0, 0xef, 0xf3,
    0x0, 0x5f, 0xfd, 0x0, 0x0, 0x0, 0x0, 0xef,
    0xf3, 0x1, 0xef, 0xf3, 0x0, 0x0, 0x0, 0x0,
    0xef, 0xff, 0xff, 0xff, 0x80, 0x0, 0x0, 0x0,
    0x0, 0xef, 0xff, 0xff, 0xff, 0x90, 0x0, 0x0,
    0x0, 0x0, 0xef, 0xfe, 0xbf, 0xff, 0xf4, 0x0,
    0x0, 0x0, 0x0, 0xef, 0xf3, 0x0, 0xbf, 0xfe,
    0x10, 0x0, 0x0, 0x0, 0xef, 0xf3, 0x0, 0x1e,
    0xff, 0xb0, 0x0, 0x0, 0x0, 0xef, 0xf3, 0x0,
    0x3, 0xff, 0xf7, 0x0, 0x0, 0x0, 0xef, 0xf3,
    0x0, 0x0, 0x7f, 0xff, 0x30, 0x0, 0x0, 0xef,
    0xf3, 0x0, 0x0, 0xb, 0xff, 0xe1,

    /* U+04A2 "Ң" */
    0x8f, 0xfb, 0x0, 0x0, 0x0, 0x0, 0x4f, 0xff,
    0x0, 0x8, 0xff, 0xb0, 0x0, 0x0, 0x0, 0x4,
    0xff, 0xf0, 0x0, 0x8f, 0xfb, 0x0, 0x0, 0x0,
    0x0, 0x4f, 0xff, 0x0, 0x8, 0xff, 0xb0, 0x0,
    0x0, 0x0, 0x4, 0xff, 0xf0, 0x0, 0x8f, 0xfb,
    0x0, 0x0, 0x0, 0x0, 0x4f, 0xff, 0x0, 0x8,
    0xff, 0xb0, 0x0, 0x0, 0x0, 0x4, 0xff, 0xf0,
    0x0, 0x8f, 0xfb, 0x0, 0x0, 0x0, 0x0, 0x4f,
    0xff, 0x0, 0x8, 0xff, 0xfe, 0xee, 0xee, 0xee,
    0xef, 0xff, 0xf0, 0x0, 0x8f, 0xff, 0xff, 0xff,
    0xff, 0xff, 0xff, 0xff, 0x0, 0x8, 0xff, 0xff,
    0xff, 0xff, 0xff, 0xff, 0xff, 0xf0, 0x0, 0x8f,
    0xfb, 0x0, 0x0, 0x0, 0x0, 0x4f, 0xff, 0x0,
    0x8, 0xff, 0xb0, 0x0, 0x0, 0x0, 0x4, 0xff,
    0xf0, 0x0, 0x8f, 0xfb, 0x0, 0x0, 0x0, 0x0,
    0x4f, 0xff, 0x0, 0x8, 0xff, 0xb0, 0x0, 0x0,
    0x0, 0x4, 0xff, 0xf0, 0x0, 0x8f, 0xfb, 0x0,
    0x0, 0x0, 0x0, 0x4f, 0xff, 0x0, 0x8, 0xff,
    0xb0, 0x0, 0x0, 0x0, 0x6, 0xff, 0xfd, 0xd8,
    0x8f, 0xfb, 0x0, 0x0, 0x0, 0x0, 0x6f, 0xff,
    0xff, 0xa8, 0xff, 0xb0, 0x0, 0x0, 0x0, 0x6,
    0xff, 0xff, 0xfa, 0x0, 0x0, 0x0, 0x0, 0x0,
    0x0, 0x0, 0x6, 0xff, 0xa0, 0x0, 0x0, 0x0,
    0x0, 0x0, 0x0, 0x0, 0x6f, 0xfa, 0x0, 0x0,
    0x0, 0x0, 0x0, 0x0, 0x0, 0x6, 0xff, 0xa0,
    0x0, 0x0, 0x0, 0x0, 0x0, 0x0, 0x0, 0x6f,
    0xfa,

    /* U+04A3 "ң" */
    0xef, 0xf3, 0x0, 0x0, 0x0, 0xff, 0xf1, 0x0,
    0xef, 0xf3, 0x0, 0x0, 0x0, 0xff, 0xf1, 0x0,
    0xef, 0xf3, 0x0, 0x0, 0x0, 0xff, 0xf1, 0x0,
    0xef, 0xf3, 0x0, 0x0, 0x0, 0xff, 0xf1, 0x0,
    0xef, 0xf3, 0x0, 0x0, 0x0, 0xff, 0xf1, 0x0,
    0xef, 0xf3, 0x0, 0x0, 0x0, 0xff, 0xf1, 0x0,
    0xef, 0xff, 0xff, 0xff, 0xff, 0xff, 0xf1, 0x0,
    0xef, 0xff, 0xff, 0xff, 0xff, 0xff, 0xf1, 0x0,
    0xef, 0xfc, 0xcc, 0xcc, 0xcc, 0xff, 0xf1, 0x0,
    0xef, 0xf3, 0x0, 0x0, 0x0, 0xff, 0xf1, 0x0,
    0xef, 0xf3, 0x0, 0x0, 0x0, 0xff, 0xf1, 0x0,
    0xef, 0xf3, 0x0, 0x0, 0x1, 0xff, 0xfd, 0xc1,
    0xef, 0xf3, 0x0, 0x0, 0x1, 0xff, 0xff, 0xf1,
    0xef, 0xf3, 0x0, 0x0, 0x1, 0xff, 0xff, 0xf1,
    0x0, 0x0, 0x0, 0x0, 0x0, 0x0, 0xdf, 0xf1,
    0x0, 0x0, 0x0, 0x0, 0x0, 0x0, 0xdf, 0xf1,
    0x0, 0x0, 0x0, 0x0, 0x0, 0x0, 0xdf, 0xf1,

    /* U+04A4 "Ҥ" */
    0x8f, 0xfb, 0x0, 0x0, 0x0, 0x0, 0x6f, 0xff,
    0xff, 0xff, 0xff, 0xff, 0xb8, 0xff, 0xb0, 0x0,
    0x0, 0x0, 0x6, 0xff, 0xff, 0xff, 0xff, 0xff,
    0xfb, 0x8f, 0xfb, 0x0, 0x0, 0x0, 0x0, 0x6f,
    0xff, 0xdd, 0xdd, 0xdd, 0xdd, 0x98, 0xff, 0xb0,
    0x0, 0x0, 0x0, 0x6, 0xff, 0xf0, 0x0, 0x0,
    0x0, 0x0, 0x8f, 0xfb, 0x0, 0x0, 0x0, 0x0,
    0x6f, 0xff, 0x0, 0x0, 0x0, 0x0, 0x8, 0xff,
    0xb0, 0x0, 0x0, 0x0, 0x6, 0xff, 0xf0, 0x0,
    0x0, 0x0, 0x0, 0x8f, 0xfb, 0x0, 0x0, 0x0,
    0x0, 0x6f, 0xff, 0x0, 0x0, 0x0, 0x0, 0x8,
    0xff, 0xfe, 0xee, 0xee, 0xee, 0xef, 0xff, 0xf0,
    0x0, 0x0, 0x0, 0x0, 0x8f, 0xff, 0xff, 0xff,
    0xff, 0xff, 0xff, 0xff, 0x0, 0x0, 0x0, 0x0,
    0x8, 0xff, 0xff, 0xff, 0xff, 0xff, 0xff, 0xff,
    0xf0, 0x0, 0x0, 0x0, 0x0, 0x8f, 0xfb, 0x0,
    0x0, 0x0, 0x0, 0x6f, 0xff, 0x0, 0x0, 0x0,
    0x0, 0x8, 0xff, 0xb0, 0x0, 0x0, 0x0, 0x6,
    0xff, 0xf0, 0x0, 0x0, 0x0, 0x0, 0x8f, 0xfb,
    0x0, 0x0, 0x0, 0x0, 0x6f, 0xff, 0x0, 0x0,
    0x0, 0x0, 0x8, 0xff, 0xb0, 0x0, 0x0, 0x0,
    0x6, 0xff, 0xf0, 0x0, 0x0, 0x0, 0x0, 0x8f,
    0xfb, 0x0, 0x0, 0x0, 0x0, 0x6f, 0xff, 0x0,
    0x0, 0x0, 0x0, 0x8, 0xff, 0xb0, 0x0, 0x0,
    0x0, 0x6, 0xff, 0xf0, 0x0, 0x0, 0x0, 0x0,
    0x8f, 0xfb, 0x0, 0x0, 0x0, 0x0, 0x6f, 0xff,
    0x0, 0x0, 0x0, 0x0, 0x8, 0xff, 0xb0, 0x0,
    0x0, 0x0, 0x6, 0xff, 0xf0, 0x0, 0x0, 0x0,
    0x0,

    /* U+04A5 "ҥ" */
    0xef, 0xf3, 0x0, 0x0, 0x1, 0xff, 0xff, 0xff,
    0xff, 0xff, 0x3e, 0xff, 0x30, 0x0, 0x0, 0x1f,
    0xff, 0xff, 0xff, 0xff, 0xf3, 0xef, 0xf3, 0x0,
    0x0, 0x1, 0xff, 0xfe, 0xcc, 0xcc, 0xcc, 0x2e,
    0xff, 0x30, 0x0, 0x0, 0x1f, 0xff, 0x20, 0x0,
    0x0, 0x0, 0xef, 0xf3, 0x0, 0x0, 0x1, 0xff,
    0xf2, 0x0, 0x0, 0x0, 0xe, 0xff, 0x30, 0x0,
    0x0, 0x1f, 0xff, 0x20, 0x0, 0x0, 0x0, 0xef,
    0xff, 0xff, 0xff, 0xff, 0xff, 0xf2, 0x0, 0x0,
    0x0, 0xe, 0xff, 0xff, 0xff, 0xff, 0xff, 0xff,
    0x20, 0x0, 0x0, 0x0, 0xef, 0xfc, 0xcc, 0xcc,
    0xcc, 0xff, 0xf2, 0x0, 0x0, 0x0, 0xe, 0xff,
    0x30, 0x0, 0x0, 0x1f, 0xff, 0x20, 0x0, 0x0,
    0x0, 0xef, 0xf3, 0x0, 0x0, 0x1, 0xff, 0xf2,
    0x0, 0x0, 0x0, 0xe, 0xff, 0x30, 0x0, 0x0,
    0x1f, 0xff, 0x20, 0x0, 0x0, 0x0, 0xef, 0xf3,
    0x0, 0x0, 0x1, 0xff, 0xf2, 0x0, 0x0, 0x0,
    0xe, 0xff, 0x30, 0x0, 0x0, 0x1f, 0xff, 0x20,
    0x0, 0x0, 0x0,

    /* U+04A6 "Ҧ" */
    0x8f, 0xff, 0xff, 0xff, 0xff, 0xff, 0xff, 0xff,
    0x0, 0x0, 0x0, 0x0, 0x0, 0x8, 0xff, 0xff,
    0xff, 0xff, 0xff, 0xff, 0xff, 0xf0, 0x0, 0x0,
    0x0, 0x0, 0x0, 0x8f, 0xff, 0xdd, 0xdd, 0xdd,
    0xdd, 0xff, 0xff, 0x0, 0x0, 0x0, 0x0, 0x0,
    0x8, 0xff, 0xa0, 0x0, 0x0, 0x0, 0x4, 0xff,
    0xf0, 0x0, 0x0, 0x0, 0x0, 0x0, 0x8f, 0xfa,
    0x0, 0x0, 0x0, 0x0, 0x4f, 0xff, 0x0, 0x0,
    0x0, 0x0, 0x0, 0x8, 0xff, 0xa0, 0x0, 0x0,
    0x0, 0x4, 0xff, 0xf0, 0x0, 0x0, 0x0, 0x0,
    0x0, 0x8f, 0xfa, 0x0, 0x0, 0x0, 0x0, 0x4f,
    0xff, 0x0, 0x0, 0x0, 0x0, 0x0, 0x8, 0xff,
    0xa0, 0x0, 0x0, 0x0, 0x4, 0xff, 0xf0, 0x0,
    0x12, 0x0, 0x0, 0x0, 0x8f, 0xfa, 0x0, 0x0,
    0x0, 0x0, 0x4f, 0xff, 0x6c, 0xff, 0xff, 0xc6,
    0x0, 0x8, 0xff, 0xa0, 0x0, 0x0, 0x0, 0x4,
    0xff, 0xff, 0xff, 0xff, 0xff, 0xfb, 0x0, 0x8f,
    0xfa, 0x0, 0x0, 0x0, 0x0, 0x4f, 0xff, 0xfe,
    0xa8, 0x9e, 0xff, 0xfa, 0x8, 0xff, 0xa0, 0x0,
    0x0, 0x0, 0x4, 0xff, 0xf4, 0x0, 0x0, 0xa,
    0xff, 0xf3, 0x8f, 0xfa, 0x0, 0x0, 0x0, 0x0,
    0x4f, 0xff, 0x0, 0x0, 0x0, 0xe, 0xff, 0x88,
    0xff, 0xa0, 0x0, 0x0, 0x0, 0x4, 0xff, 0xf0,
    0x0, 0x0, 0x0, 0x8f, 0xfb, 0x8f, 0xfa, 0x0,
    0x0, 0x0, 0x0, 0x4f, 0xff, 0x0, 0x0, 0x0,
    0x6, 0xff, 0xc8, 0xff, 0xa0, 0x0, 0x0, 0x0,
    0x4, 0xff, 0xf0, 0x0, 0x0, 0x0, 0x7f, 0xfb,
    0x8f, 0xfa, 0x0, 0x0, 0x0, 0x0, 0x4f, 0xff,
    0x0, 0x0, 0x0, 0xb, 0xff, 0x88, 0xff, 0xa0,
    0x0, 0x0, 0x0, 0x4, 0xff, 0xf0, 0x0, 0x0,
    0x3, 0xff, 0xf3, 0x0, 0x0, 0x0, 0x0, 0x0,
    0x0, 0x0, 0x0, 0x0, 0x0, 0x6, 0xff, 0xfb,
    0x0, 0x0, 0x0, 0x0, 0x0, 0x0, 0x0, 0x0,
    0x0, 0x6, 0xff, 0xff, 0xfe, 0x20, 0x0, 0x0,
    0x0, 0x0, 0x0, 0x0, 0x0, 0x0, 0x0, 0x9f,
    0xff, 0xfd, 0x20, 0x0, 0x0, 0x0, 0x0, 0x0,
    0x0, 0x0, 0x0, 0x0, 0x8, 0xcc, 0xa5, 0x0,
    0x0, 0x0, 0x0, 0x0, 0x0, 0x0, 0x0, 0x0,
    0x0, 0x0, 0x0, 0x0, 0x0, 0x0, 0x0,

    /* U+04A7 "ҧ" */
    0xef, 0xff, 0xff, 0xff, 0xff, 0xff, 0xa0, 0x0,
    0x0, 0x0, 0x0, 0xe, 0xff, 0xff, 0xff, 0xff,
    0xff, 0xfa, 0x0, 0x0, 0x0, 0x0, 0x0, 0xef,
    0xff, 0xcc, 0xcc, 0xcf, 0xff, 0xa0, 0x0, 0x0,
    0x0, 0x0, 0xe, 0xff, 0x30, 0x0, 0x0, 0x8f,
    0xfa, 0x0, 0x0, 0x0, 0x0, 0x0, 0xef, 0xf3,
    0x0, 0x0, 0x8, 0xff, 0xa0, 0x0, 0x0, 0x0,
    0x0, 0xe, 0xff, 0x30, 0x0, 0x0, 0x8f, 0xfa,
    0x0, 0x0, 0x0, 0x0, 0x0, 0xef, 0xf3, 0x0,
    0x0, 0x8, 0xff, 0xa3, 0x79, 0x97, 0x20, 0x0,
    0xe, 0xff, 0x30, 0x0, 0x0, 0x8f, 0xff, 0xff,
    0xff, 0xff, 0xa1, 0x0, 0xef, 0xf3, 0x0, 0x0,
    0x8, 0xff, 0xff, 0xff, 0xff, 0xff, 0xd0, 0xe,
    0xff, 0x30, 0x0, 0x0, 0x8f, 0xff, 0x83, 0x23,
    0xaf, 0xff, 0x80, 0xef, 0xf3, 0x0, 0x0, 0x8,
    0xff, 0xa0, 0x0, 0x0, 0x9f, 0xfe, 0xe, 0xff,
    0x30, 0x0, 0x0, 0x8f, 0xfa, 0x0, 0x0, 0x2,
    0xff, 0xf1, 0xef, 0xf3, 0x0, 0x0, 0x8, 0xff,
    0xa0, 0x0, 0x0, 0xf, 0xff, 0x2e, 0xff, 0x30,
    0x0, 0x0, 0x8f, 0xfa, 0x0, 0x0, 0x1, 0xff,
    0xf1, 0x0, 0x0, 0x0, 0x0, 0x0, 0x0, 0x0,
    0x0, 0x0, 0x6f, 0xfe, 0x0, 0x0, 0x0, 0x0,
    0x0, 0x0, 0x0, 0x0, 0x0, 0x4f, 0xff, 0x90,
    0x0, 0x0, 0x0, 0x0, 0x0, 0x0, 0x0, 0xaa,
    0xdf, 0xff, 0xe1, 0x0, 0x0, 0x0, 0x0, 0x0,
    0x0, 0x0, 0x1f, 0xff, 0xff, 0xe3, 0x0, 0x0,
    0x0, 0x0, 0x0, 0x0, 0x0, 0x5, 0xff, 0xfe,
    0x91, 0x0, 0x0, 0x0, 0x0, 0x0, 0x0, 0x0,
    0x0, 0x1, 0x31, 0x0, 0x0, 0x0,

    /* U+04A8 "Ҩ" */
    0x0, 0x2, 0xc5, 0x0, 0x0, 0x2, 0x9d, 0xfe,
    0xc7, 0x10, 0x0, 0x0, 0x2e, 0xff, 0xa0, 0x0,
    0x7f, 0xff, 0xff, 0xff, 0xe3, 0x0, 0x0, 0xdf,
    0xfd, 0x10, 0x7, 0xff, 0xff, 0xef, 0xff, 0xff,
    0x20, 0x7, 0xff, 0xf2, 0x0, 0x2f, 0xff, 0xb1,
    0x0, 0x4e, 0xff, 0xc0, 0xe, 0xff, 0x80, 0x0,
    0x9f, 0xfd, 0x0, 0x0, 0x4, 0xff, 0xf2, 0x4f,
    0xff, 0x20, 0x0, 0xef, 0xf5, 0x0, 0x0, 0x0,
    0xdf, 0xf7, 0x8f, 0xfc, 0x0, 0x0, 0xff, 0xf1,
    0x0, 0x0, 0x0, 0xaf, 0xf9, 0xaf, 0xfa, 0x0,
    0x2, 0xff, 0xf0, 0x0, 0x0, 0x0, 0x8f, 0xfa,
    0xbf, 0xf8, 0x0, 0x1, 0xff, 0xf1, 0x0, 0x0,
    0x0, 0x9f, 0xf8, 0xaf, 0xfa, 0x0, 0x0, 0xff,
    0xf2, 0x0, 0x0, 0x0, 0xbf, 0xf6, 0x8f, 0xfc,
    0x0, 0x0, 0xcf, 0xf6, 0x0, 0x0, 0x0, 0xff,
    0xf2, 0x3f, 0xff, 0x20, 0x0, 0x7f, 0xfc, 0x0,
    0x0, 0x6, 0xff, 0xb0, 0xe, 0xff, 0xa0, 0x0,
    0x1f, 0xff, 0x60, 0x0, 0x1e, 0xff, 0x30, 0x6,
    0xff, 0xf7, 0x0, 0x7, 0xff, 0xf4, 0x0, 0xbf,
    0xf8, 0x0, 0x0, 0xaf, 0xff, 0xa2, 0x0, 0xaf,
    0xff, 0xce, 0xff, 0xa0, 0x0, 0x0, 0xb, 0xff,
    0xff, 0xc9, 0x7f, 0xff, 0xff, 0xff, 0x67, 0xa8,
    0x0, 0x0, 0x6e, 0xff, 0xff, 0xff, 0xff, 0xff,
    0xff, 0xff, 0xfc, 0x0, 0x0, 0x0, 0x6a, 0xdf,
    0xfe, 0xc8, 0x79, 0xcf, 0xff, 0xc8, 0x0, 0x0,
    0x0, 0x0, 0x0, 0x0, 0x0, 0x0, 0x0, 0x0,
    0x0,

    /* U+04A9 "ҩ" */
    0x0, 0x4d, 0x50, 0x0, 0x5, 0xbe, 0xfd, 0x92,
    0x0, 0x0, 0x3f, 0xff, 0x70, 0xb, 0xff, 0xff,
    0xff, 0xf5, 0x0, 0xd, 0xff, 0xa0, 0x9, 0xff,
    0xfc, 0xbe, 0xff, 0xf2, 0x5, 0xff, 0xe1, 0x1,
    0xff, 0xf4, 0x0, 0xc, 0xff, 0x90, 0xbf, 0xf8,
    0x0, 0x6f, 0xfa, 0x0, 0x0, 0x3f, 0xfd, 0xd,
    0xff, 0x40, 0x8, 0xff, 0x60, 0x0, 0x0, 0xff,
    0xe0, 0xff, 0xf2, 0x0, 0x8f, 0xf6, 0x0, 0x0,
    0x1f, 0xfd, 0xe, 0xff, 0x40, 0x7, 0xff, 0x90,
    0x0, 0x3, 0xff, 0xb0, 0xbf, 0xf8, 0x0, 0x3f,
    0xfe, 0x0, 0x0, 0x9f, 0xf5, 0x5, 0xff, 0xe2,
    0x0, 0xcf, 0xf8, 0x0, 0x4f, 0xfd, 0x0, 0xc,
    0xff, 0xd3, 0x3, 0xff, 0xf9, 0x6f, 0xff, 0x30,
    0x0, 0x1e, 0xff, 0xfc, 0x7c, 0xff, 0xff, 0xff,
    0xa6, 0x80, 0x0, 0x1b, 0xff, 0xff, 0xff, 0xff,
    0xff, 0xff, 0xff, 0x0, 0x0, 0x3, 0x9d, 0xef,
    0xec, 0xee, 0xef, 0xfd, 0xb0,

    /* U+04AA "Ҫ" */
    0x0, 0x0, 0x2, 0x8c, 0xef, 0xec, 0x82, 0x0,
    0x0, 0x0, 0x1a, 0xff, 0xff, 0xff, 0xff, 0xf9,
    0x10, 0x0, 0x2e, 0xff, 0xff, 0xff, 0xff, 0xff,
    0xfd, 0x10, 0x1e, 0xff, 0xfb, 0x41, 0x0, 0x3a,
    0xff, 0xd1, 0xa, 0xff, 0xf6, 0x0, 0x0, 0x0,
    0x4, 0xb1, 0x2, 0xff, 0xf8, 0x0, 0x0, 0x0,
    0x0, 0x0, 0x0, 0x7f, 0xfe, 0x0, 0x0, 0x0,
    0x0, 0x0, 0x0, 0xb, 0xff, 0x90, 0x0, 0x0,
    0x0, 0x0, 0x0, 0x0, 0xcf, 0xf7, 0x0, 0x0,
    0x0, 0x0, 0x0, 0x0, 0xc, 0xff, 0x70, 0x0,
    0x0, 0x0, 0x0, 0x0, 0x0, 0xbf, 0xf9, 0x0,
    0x0, 0x0, 0x0, 0x0, 0x0, 0x7, 0xff, 0xe0,
    0x0, 0x0, 0x0, 0x0, 0x0, 0x0, 0x2f, 0xff,
    0x70, 0x0, 0x0, 0x0, 0x0, 0x0, 0x0, 0xaf,
    0xff, 0x50, 0x0, 0x0, 0x0, 0x3a, 0x0, 0x1,
    0xef, 0xff, 0xa3, 0x0, 0x2, 0x8f, 0xfc, 0x10,
    0x3, 0xef, 0xff, 0xff, 0xef, 0xff, 0xff, 0xd1,
    0x0, 0x1, 0xbf, 0xff, 0xff, 0xff, 0xff, 0xa1,
    0x0, 0x0, 0x0, 0x38, 0xef, 0xff, 0xc8, 0x30,
    0x0, 0x0, 0x0, 0x0, 0x2, 0xff, 0xe0, 0x0,
    0x0, 0x0, 0x0, 0x0, 0x0, 0x2f, 0xfe, 0x0,
    0x0, 0x0, 0x0, 0x0, 0x0, 0x2, 0xff, 0xe0,
    0x0, 0x0, 0x0, 0x0, 0x0, 0x0, 0x18, 0x87,
    0x0, 0x0, 0x0,

    /* U+04AB "ҫ" */
    0x0, 0x0, 0x28, 0xce, 0xfd, 0x93, 0x0, 0x0,
    0x6, 0xff, 0xff, 0xff, 0xff, 0x80, 0x0, 0x7f,
    0xff, 0xfd, 0xcf, 0xff, 0xf6, 0x2, 0xff, 0xfb,
    0x10, 0x0, 0x9f, 0xe6, 0x9, 0xff, 0xc0, 0x0,
    0x0, 0x6, 0x10, 0xd, 0xff, 0x50, 0x0, 0x0,
    0x0, 0x0, 0xf, 0xff, 0x20, 0x0, 0x0, 0x0,
    0x0, 0xf, 0xff, 0x20, 0x0, 0x0, 0x0, 0x0,
    0xd, 0xff, 0x50, 0x0, 0x0, 0x0, 0x0, 0x9,
    0xff, 0xc0, 0x0, 0x0, 0x6, 0x10, 0x2, 0xff,
    0xfb, 0x10, 0x0, 0x9f, 0xe6, 0x0, 0x6f, 0xff,
    0xfd, 0xcf, 0xff, 0xf6, 0x0, 0x6, 0xff, 0xff,
    0xff, 0xff, 0x70, 0x0, 0x0, 0x18, 0xff, 0xff,
    0x93, 0x0, 0x0, 0x0, 0x0, 0x9f, 0xf5, 0x0,
    0x0, 0x0, 0x0, 0x0, 0x9f, 0xf5, 0x0, 0x0,
    0x0, 0x0, 0x0, 0x48, 0x82, 0x0, 0x0,

    /* U+04AC "Ҭ" */
    0xaf, 0xff, 0xff, 0xff, 0xff, 0xff, 0xff, 0xf2,
    0xaf, 0xff, 0xff, 0xff, 0xff, 0xff, 0xff, 0xf2,
    0x8d, 0xdd, 0xdd, 0xff, 0xff, 0xdd, 0xdd, 0xd2,
    0x0, 0x0, 0x0, 0xef, 0xf5, 0x0, 0x0, 0x0,
    0x0, 0x0, 0x0, 0xef, 0xf5, 0x0, 0x0, 0x0,
    0x0, 0x0, 0x0, 0xef, 0xf5, 0x0, 0x0, 0x0,
    0x0, 0x0, 0x0, 0xef, 0xf5, 0x0, 0x0, 0x0,
    0x0, 0x0, 0x0, 0xef, 0xf5, 0x0, 0x0, 0x0,
    0x0, 0x0, 0x0, 0xef, 0xf5, 0x0, 0x0, 0x0,
    0x0, 0x0, 0x0, 0xef, 0xf5, 0x0, 0x0, 0x0,
    0x0, 0x0, 0x0, 0xef, 0xf5, 0x0, 0x0, 0x0,
    0x0, 0x0, 0x0, 0xef, 0xf5, 0x0, 0x0, 0x0,
    0x0, 0x0, 0x0, 0xef, 0xf5, 0x0, 0x0, 0x0,
    0x0, 0x0, 0x0, 0xef, 0xf5, 0x0, 0x0, 0x0,
    0x0, 0x0, 0x0, 0xef, 0xf5, 0x0, 0x0, 0x0,
    0x0, 0x0, 0x0, 0xff, 0xff, 0xdc, 0x0, 0x0,
    0x0, 0x0, 0x0, 0xff, 0xff, 0xfe, 0x0, 0x0,
    0x0, 0x0, 0x0, 0xff, 0xff, 0xfe, 0x0, 0x0,
    0x0, 0x0, 0x0, 0x0, 0x1f, 0xfe, 0x0, 0x0,
    0x0, 0x0, 0x0, 0x0, 0x1f, 0xfe, 0x0, 0x0,
    0x0, 0x0, 0x0, 0x0, 0x1f, 0xfe, 0x0, 0x0,
    0x0, 0x0, 0x0, 0x0, 0x1f, 0xfe, 0x0, 0x0,

    /* U+04AD "ҭ" */
    0xdf, 0xff, 0xff, 0xff, 0xff, 0xff, 0xad, 0xff,
    0xff, 0xff, 0xff, 0xff, 0xfa, 0x9c, 0xcc, 0xdf,
    0xff, 0xcc, 0xcc, 0x80, 0x0, 0x2, 0xff, 0xf0,
    0x0, 0x0, 0x0, 0x0, 0x2f, 0xff, 0x0, 0x0,
    0x0, 0x0, 0x2, 0xff, 0xf0, 0x0, 0x0, 0x0,
    0x0, 0x2f, 0xff, 0x0, 0x0, 0x0, 0x0, 0x2,
    0xff, 0xf0, 0x0, 0x0, 0x0, 0x0, 0x2f, 0xff,
    0x0, 0x0, 0x0, 0x0, 0x2, 0xff, 0xf0, 0x0,
    0x0, 0x0, 0x0, 0x2f, 0xff, 0x0, 0x0, 0x0,
    0x0, 0x3, 0xff, 0xfc, 0xc0, 0x0, 0x0, 0x0,
    0x4f, 0xff, 0xff, 0x0, 0x0, 0x0, 0x4, 0xff,
    0xff, 0xf0, 0x0, 0x0, 0x0, 0x0, 0xe, 0xff,
    0x0, 0x0, 0x0, 0x0, 0x0, 0xef, 0xf0, 0x0,
    0x0, 0x0, 0x0, 0xe, 0xff, 0x0, 0x0,

    /* U+04AE "Ү" */
    0x9f, 0xfd, 0x0, 0x0, 0x0, 0x0, 0x6, 0xff,
    0xc0, 0x1f, 0xff, 0x70, 0x0, 0x0, 0x0, 0x1e,
    0xff, 0x30, 0x6, 0xff, 0xf1, 0x0, 0x0, 0x0,
    0x9f, 0xf9, 0x0, 0x0, 0xdf, 0xfa, 0x0, 0x0,
    0x3, 0xff, 0xe1, 0x0, 0x0, 0x4f, 0xff, 0x30,
    0x0, 0xc, 0xff, 0x60, 0x0, 0x0, 0xa, 0xff,
    0xc0, 0x0, 0x5f, 0xfd, 0x0, 0x0, 0x0, 0x1,
    0xff, 0xf6, 0x0, 0xef, 0xf4, 0x0, 0x0, 0x0,
    0x0, 0x7f, 0xfe, 0x18, 0xff, 0xa0, 0x0, 0x0,
    0x0, 0x0, 0xd, 0xff, 0xbf, 0xff, 0x10, 0x0,
    0x0, 0x0, 0x0, 0x4, 0xff, 0xff, 0xf7, 0x0,
    0x0, 0x0, 0x0, 0x0, 0x0, 0xbf, 0xff, 0xd0,
    0x0, 0x0, 0x0, 0x0, 0x0, 0x0, 0x2f, 0xff,
    0x70, 0x0, 0x0, 0x0, 0x0, 0x0, 0x0, 0xf,
    0xff, 0x30, 0x0, 0x0, 0x0, 0x0, 0x0, 0x0,
    0xf, 0xff, 0x30, 0x0, 0x0, 0x0, 0x0, 0x0,
    0x0, 0xf, 0xff, 0x30, 0x0, 0x0, 0x0, 0x0,
    0x0, 0x0, 0xf, 0xff, 0x30, 0x0, 0x0, 0x0,
    0x0, 0x0, 0x0, 0xf, 0xff, 0x30, 0x0, 0x0,
    0x0, 0x0, 0x0, 0x0, 0xf, 0xff, 0x30, 0x0,
    0x0, 0x0,

    /* U+04AF "ү" */
    0xbf, 0xf8, 0x0, 0x0, 0x0, 0x7, 0xff, 0x84,
    0xff, 0xe0, 0x0, 0x0, 0x0, 0xef, 0xf2, 0xd,
    0xff, 0x50, 0x0, 0x0, 0x5f, 0xfb, 0x0, 0x7f,
    0xfc, 0x0, 0x0, 0xb, 0xff, 0x40, 0x1, 0xff,
    0xf3, 0x0, 0x2, 0xff, 0xd0, 0x0, 0x9, 0xff,
    0x90, 0x0, 0x9f, 0xf6, 0x0, 0x0, 0x3f, 0xff,
    0x10, 0x1f, 0xff, 0x0, 0x0, 0x0, 0xcf, 0xf7,
    0x7, 0xff, 0x90, 0x0, 0x0, 0x5, 0xff, 0xd0,
    0xdf, 0xf2, 0x0, 0x0, 0x0, 0xe, 0xff, 0x9f,
    0xfb, 0x0, 0x0, 0x0, 0x0, 0x8f, 0xff, 0xff,
    0x40, 0x0, 0x0, 0x0, 0x1, 0xff, 0xff, 0xd0,
    0x0, 0x0, 0x0, 0x0, 0xd, 0xff, 0xf7, 0x0,
    0x0, 0x0, 0x0, 0x0, 0x7f, 0xff, 0x10, 0x0,
    0x0, 0x0, 0x0, 0x2, 0xff, 0xf0, 0x0, 0x0,
    0x0, 0x0, 0x0, 0x2f, 0xff, 0x0, 0x0, 0x0,
    0x0, 0x0, 0x2, 0xff, 0xf0, 0x0, 0x0, 0x0,
    0x0, 0x0, 0x2f, 0xff, 0x0, 0x0, 0x0, 0x0,
    0x0, 0x2, 0xff, 0xf0, 0x0, 0x0, 0x0,

    /* U+04B0 "Ұ" */
    0x9f, 0xfd, 0x0, 0x0, 0x0, 0x0, 0x6, 0xff,
    0xc0, 0x1e, 0xff, 0x70, 0x0, 0x0, 0x0, 0x1f,
    0xff, 0x20, 0x6, 0xff, 0xf2, 0x0, 0x0, 0x0,
    0xaf, 0xf8, 0x0, 0x0, 0xcf, 0xfb, 0x0, 0x0,
    0x4, 0xff, 0xe0, 0x0, 0x0, 0x2f, 0xff, 0x50,
    0x0, 0xd, 0xff, 0x50, 0x0, 0x0, 0x9, 0xff,
    0xe0, 0x0, 0x8f, 0xfb, 0x0, 0x0, 0x0, 0x0,
    0xef, 0xf9, 0x2, 0xff, 0xf2, 0x0, 0x0, 0x0,
    0x0, 0x5f, 0xff, 0x3b, 0xff, 0x80, 0x0, 0x0,
    0x0, 0x0, 0xb, 0xff, 0xff, 0xfe, 0x0, 0x0,
    0x0, 0x0, 0x0, 0x2, 0xff, 0xff, 0xf5, 0x0,
    0x0, 0x0, 0x0, 0xf, 0xff, 0xff, 0xff, 0xff,
    0xff, 0x0, 0x0, 0x0, 0xf, 0xff, 0xff, 0xff,
    0xff, 0xff, 0x0, 0x0, 0x0, 0x1, 0x11, 0x2f,
    0xff, 0x51, 0x11, 0x0, 0x0, 0x0, 0x0, 0x0,
    0xf, 0xff, 0x30, 0x0, 0x0, 0x0, 0x0, 0x0,
    0x0, 0xf, 0xff, 0x30, 0x0, 0x0, 0x0, 0x0,
    0x0, 0x0, 0xf, 0xff, 0x30, 0x0, 0x0, 0x0,
    0x0, 0x0, 0x0, 0xf, 0xff, 0x30, 0x0, 0x0,
    0x0, 0x0, 0x0, 0x0, 0xf, 0xff, 0x30, 0x0,
    0x0, 0x0,

    /* U+04B1 "ұ" */
    0xbf, 0xf8, 0x0, 0x0, 0x0, 0x7, 0xff, 0x85,
    0xff, 0xe0, 0x0, 0x0, 0x0, 0xdf, 0xf2, 0xe,
    0xff, 0x50, 0x0, 0x0, 0x4f, 0xfb, 0x0, 0x8f,
    0xfb, 0x0, 0x0, 0xa, 0xff, 0x50, 0x1, 0xff,
    0xf2, 0x0, 0x1, 0xff, 0xe0, 0x0, 0xb, 0xff,
    0x80, 0x0, 0x7f, 0xf8, 0x0, 0x0, 0x4f, 0xfe,
    0x0, 0xe, 0xff, 0x10, 0x0, 0x0, 0xef, 0xf4,
    0x4, 0xff, 0xa0, 0x0, 0x0, 0x7, 0xff, 0xb0,
    0xbf, 0xf4, 0x0, 0x0, 0x0, 0x1f, 0xff, 0x3f,
    0xfd, 0x0, 0x0, 0x0, 0x0, 0xaf, 0xff, 0xff,
    0x70, 0x0, 0x0, 0x0, 0x4, 0xff, 0xff, 0xf1,
    0x0, 0x0, 0x0, 0x11, 0x1f, 0xff, 0xfb, 0x11,
    0x10, 0x0, 0x4f, 0xff, 0xff, 0xff, 0xff, 0xff,
    0x0, 0x4, 0xff, 0xff, 0xff, 0xff, 0xff, 0xf0,
    0x0, 0x0, 0x0, 0x2f, 0xff, 0x0, 0x0, 0x0,
    0x0, 0x0, 0x2, 0xff, 0xf0, 0x0, 0x0, 0x0,
    0x0, 0x0, 0x2f, 0xff, 0x0, 0x0, 0x0, 0x0,
    0x0, 0x2, 0xff, 0xf0, 0x0, 0x0, 0x0,

    /* U+04B2 "Ҳ" */
    0xe, 0xff, 0xc0, 0x0, 0x0, 0x0, 0xaf, 0xff,
    0x30, 0x4, 0xff, 0xf7, 0x0, 0x0, 0x5, 0xff,
    0xf8, 0x0, 0x0, 0x9f, 0xff, 0x30, 0x0, 0x1e,
    0xff, 0xc0, 0x0, 0x0, 0xd, 0xff, 0xd0, 0x0,
    0xbf, 0xff, 0x20, 0x0, 0x0, 0x3, 0xff, 0xf8,
    0x6, 0xff, 0xf7, 0x0, 0x0, 0x0, 0x0, 0x8f,
    0xff, 0x6f, 0xff, 0xc0, 0x0, 0x0, 0x0, 0x0,
    0xd, 0xff, 0xff, 0xff, 0x20, 0x0, 0x0, 0x0,
    0x0, 0x3, 0xff, 0xff, 0xf6, 0x0, 0x0, 0x0,
    0x0, 0x0, 0x0, 0x8f, 0xff, 0xd0, 0x0, 0x0,
    0x0, 0x0, 0x0, 0x0, 0xdf, 0xff, 0xf4, 0x0,
    0x0, 0x0, 0x0, 0x0, 0x8, 0xff, 0xff, 0xfd,
    0x0, 0x0, 0x0, 0x0, 0x0, 0x3f, 0xff, 0xcf,
    0xff, 0x90, 0x0, 0x0, 0x0, 0x0, 0xdf, 0xfd,
    0xa, 0xff, 0xf4, 0x0, 0x0, 0x0, 0x9, 0xff,
    0xf3, 0x1, 0xef, 0xfe, 0x10, 0x0, 0x0, 0x4f,
    0xff, 0x70, 0x0, 0x4f, 0xff, 0xa0, 0x0, 0x1,
    0xef, 0xfc, 0x0, 0x0, 0x9, 0xff, 0xff, 0xdc,
    0xa, 0xff, 0xf2, 0x0, 0x0, 0x0, 0xdf, 0xff,
    0xfe, 0x5f, 0xff, 0x60, 0x0, 0x0, 0x0, 0x3f,
    0xff, 0xfe, 0x0, 0x0, 0x0, 0x0, 0x0, 0x0,
    0x0, 0x2f, 0xfe, 0x0, 0x0, 0x0, 0x0, 0x0,
    0x0, 0x0, 0x2f, 0xfe, 0x0, 0x0, 0x0, 0x0,
    0x0, 0x0, 0x0, 0x2f, 0xfe, 0x0, 0x0, 0x0,
    0x0, 0x0, 0x0, 0x0, 0x2f, 0xfe,

    /* U+04B3 "ҳ" */
    0x4f, 0xff, 0x30, 0x0, 0x1, 0xef, 0xf6, 0x0,
    0x9f, 0xfd, 0x0, 0x0, 0xbf, 0xfa, 0x0, 0x0,
    0xdf, 0xf9, 0x0, 0x6f, 0xfd, 0x0, 0x0, 0x2,
    0xff, 0xf5, 0x2f, 0xff, 0x30, 0x0, 0x0, 0x6,
    0xff, 0xfe, 0xff, 0x70, 0x0, 0x0, 0x0, 0xa,
    0xff, 0xff, 0xb0, 0x0, 0x0, 0x0, 0x0, 0x1f,
    0xff, 0xf1, 0x0, 0x0, 0x0, 0x0, 0x2, 0xff,
    0xff, 0x30, 0x0, 0x0, 0x0, 0x0, 0xdf, 0xff,
    0xfe, 0x10, 0x0, 0x0, 0x0, 0x9f, 0xfc, 0xbf,
    0xfa, 0x0, 0x0, 0x0, 0x5f, 0xff, 0x21, 0xef,
    0xf6, 0x0, 0x0, 0x1e, 0xff, 0x50, 0x5, 0xff,
    0xfe, 0xba, 0xc, 0xff, 0xa0, 0x0, 0x9, 0xff,
    0xff, 0xf8, 0xff, 0xe0, 0x0, 0x0, 0xf, 0xff,
    0xff, 0x0, 0x0, 0x0, 0x0, 0x0, 0x0, 0xef,
    0xf0, 0x0, 0x0, 0x0, 0x0, 0x0, 0xe, 0xff,
    0x0, 0x0, 0x0, 0x0, 0x0, 0x0, 0xef, 0xf0,

    /* U+04B4 "Ҵ" */
    0xaf, 0xff, 0xff, 0xff, 0xff, 0xff, 0xff, 0x40,
    0x0, 0xcf, 0xf6, 0x0, 0xa, 0xff, 0xff, 0xff,
    0xff, 0xff, 0xff, 0xf4, 0x0, 0xc, 0xff, 0x60,
    0x0, 0x8d, 0xdd, 0xdd, 0xff, 0xff, 0xdd, 0xdd,
    0x40, 0x0, 0xcf, 0xf6, 0x0, 0x0, 0x0, 0x0,
    0xd, 0xff, 0x60, 0x0, 0x0, 0x0, 0xc, 0xff,
    0x60, 0x0, 0x0, 0x0, 0x0, 0xdf, 0xf6, 0x0,
    0x0, 0x0, 0x0, 0xcf, 0xf6, 0x0, 0x0, 0x0,
    0x0, 0xd, 0xff, 0x60, 0x0, 0x0, 0x0, 0xc,
    0xff, 0x60, 0x0, 0x0, 0x0, 0x0, 0xdf, 0xf6,
    0x0, 0x0, 0x0, 0x0, 0xcf, 0xf6, 0x0, 0x0,
    0x0, 0x0, 0xd, 0xff, 0x60, 0x0, 0x0, 0x0,
    0xc, 0xff, 0x60, 0x0, 0x0, 0x0, 0x0, 0xdf,
    0xf6, 0x0, 0x0, 0x0, 0x0, 0xcf, 0xf6, 0x0,
    0x0, 0x0, 0x0, 0xd, 0xff, 0x60, 0x0, 0x0,
    0x0, 0xc, 0xff, 0x60, 0x0, 0x0, 0x0, 0x0,
    0xdf, 0xf6, 0x0, 0x0, 0x0, 0x0, 0xcf, 0xf6,
    0x0, 0x0, 0x0, 0x0, 0xd, 0xff, 0x60, 0x0,
    0x0, 0x0, 0xc, 0xff, 0x60, 0x0, 0x0, 0x0,
    0x0, 0xdf, 0xf6, 0x0, 0x0, 0x0, 0x0, 0xcf,
    0xf6, 0x0, 0x0, 0x0, 0x0, 0xd, 0xff, 0x60,
    0x0, 0x0, 0x0, 0xc, 0xff, 0x60, 0x0, 0x0,
    0x0, 0x0, 0xdf, 0xf6, 0x0, 0x0, 0x0, 0x0,
    0xcf, 0xf6, 0x0, 0x0, 0x0, 0x0, 0xd, 0xff,
    0xed, 0xdd, 0xdd, 0xdd, 0xdf, 0xff, 0xfd, 0xd0,
    0x0, 0x0, 0x0, 0xdf, 0xff, 0xff, 0xff, 0xff,
    0xff, 0xff, 0xff, 0xff, 0x0, 0x0, 0x0, 0xd,
    0xff, 0xff, 0xff, 0xff, 0xff, 0xff, 0xff, 0xff,
    0xf0, 0x0, 0x0, 0x0, 0x0, 0x0, 0x0, 0x0,
    0x0, 0x0, 0x0, 0xf, 0xff, 0x0, 0x0, 0x0,
    0x0, 0x0, 0x0, 0x0, 0x0, 0x0, 0x0, 0x0,
    0xff, 0xf0, 0x0, 0x0, 0x0, 0x0, 0x0, 0x0,
    0x0, 0x0, 0x0, 0x0, 0xf, 0xff, 0x0, 0x0,
    0x0, 0x0, 0x0, 0x0, 0x0, 0x0, 0x0, 0x0,
    0x0, 0xff, 0xf0,

    /* U+04B5 "ҵ" */
    0xcf, 0xff, 0xff, 0xff, 0xff, 0xf7, 0x1, 0xff,
    0xf0, 0xc, 0xff, 0xff, 0xff, 0xff, 0xff, 0x70,
    0x1f, 0xff, 0x0, 0x9c, 0xcc, 0xdf, 0xff, 0xcc,
    0xc5, 0x1, 0xff, 0xf0, 0x0, 0x0, 0x1, 0xff,
    0xf0, 0x0, 0x0, 0x1f, 0xff, 0x0, 0x0, 0x0,
    0x1f, 0xff, 0x0, 0x0, 0x1, 0xff, 0xf0, 0x0,
    0x0, 0x1, 0xff, 0xf0, 0x0, 0x0, 0x1f, 0xff,
    0x0, 0x0, 0x0, 0x1f, 0xff, 0x0, 0x0, 0x1,
    0xff, 0xf0, 0x0, 0x0, 0x1, 0xff, 0xf0, 0x0,
    0x0, 0x1f, 0xff, 0x0, 0x0, 0x0, 0x1f, 0xff,
    0x0, 0x0, 0x1, 0xff, 0xf0, 0x0, 0x0, 0x1,
    0xff, 0xf0, 0x0, 0x0, 0x1f, 0xff, 0x0, 0x0,
    0x0, 0x1f, 0xff, 0x0, 0x0, 0x1, 0xff, 0xf0,
    0x0, 0x0, 0x1, 0xff, 0xfc, 0xcc, 0xcc, 0xdf,
    0xff, 0xca, 0x0, 0x0, 0x1f, 0xff, 0xff, 0xff,
    0xff, 0xff, 0xff, 0xd0, 0x0, 0x1, 0xff, 0xff,
    0xff, 0xff, 0xff, 0xff, 0xfd, 0x0, 0x0, 0x0,
    0x0, 0x0, 0x0, 0x0, 0x0, 0xff, 0xd0, 0x0,
    0x0, 0x0, 0x0, 0x0, 0x0, 0x0, 0xf, 0xfd,
    0x0, 0x0, 0x0, 0x0, 0x0, 0x0, 0x0, 0x0,
    0xff, 0xd0,

    /* U+04B6 "Ҷ" */
    0x4f, 0xfe, 0x0, 0x0, 0x0, 0x0, 0xaf, 0xf9,
    0x0, 0x4, 0xff, 0xe0, 0x0, 0x0, 0x0, 0xa,
    0xff, 0x90, 0x0, 0x4f, 0xfe, 0x0, 0x0, 0x0,
    0x0, 0xaf, 0xf9, 0x0, 0x4, 0xff, 0xe0, 0x0,
    0x0, 0x0, 0xa, 0xff, 0x90, 0x0, 0x4f, 0xfe,
    0x0, 0x0, 0x0, 0x0, 0xaf, 0xf9, 0x0, 0x4,
    0xff, 0xf0, 0x0, 0x0, 0x0, 0xa, 0xff, 0x90,
    0x0, 0x3f, 0xff, 0x10, 0x0, 0x0, 0x0, 0xaf,
    0xf9, 0x0, 0x1, 0xff, 0xf8, 0x0, 0x0, 0x0,
    0xa, 0xff, 0x90, 0x0, 0xc, 0xff, 0xf9, 0x20,
    0x0, 0x37, 0xff, 0xf9, 0x0, 0x0, 0x3f, 0xff,
    0xff, 0xfe, 0xff, 0xff, 0xff, 0x90, 0x0, 0x0,
    0x5f, 0xff, 0xff, 0xff, 0xff, 0xff, 0xf9, 0x0,
    0x0, 0x0, 0x17, 0xce, 0xff, 0xda, 0x5a, 0xff,
    0x90, 0x0, 0x0, 0x0, 0x0, 0x0, 0x0, 0x0,
    0xaf, 0xf9, 0x0, 0x0, 0x0, 0x0, 0x0, 0x0,
    0x0, 0xa, 0xff, 0x90, 0x0, 0x0, 0x0, 0x0,
    0x0, 0x0, 0x0, 0xaf, 0xf9, 0x0, 0x0, 0x0,
    0x0, 0x0, 0x0, 0x0, 0xf, 0xff, 0xfd, 0xd2,
    0x0, 0x0, 0x0, 0x0, 0x0, 0x0, 0xff, 0xff,
    0xff, 0x20, 0x0, 0x0, 0x0, 0x0, 0x0, 0xf,
    0xff, 0xff, 0xf2, 0x0, 0x0, 0x0, 0x0, 0x0,
    0x0, 0x0, 0xd, 0xff, 0x20, 0x0, 0x0, 0x0,
    0x0, 0x0, 0x0, 0x0, 0xdf, 0xf2, 0x0, 0x0,
    0x0, 0x0, 0x0, 0x0, 0x0, 0xd, 0xff, 0x20,
    0x0, 0x0, 0x0, 0x0, 0x0, 0x0, 0x0, 0xdf,
    0xf2,

    /* U+04B7 "ҷ" */
    0xf, 0xff, 0x10, 0x0, 0x0, 0xbf, 0xf6, 0x0,
    0xf, 0xff, 0x10, 0x0, 0x0, 0xbf, 0xf6, 0x0,
    0xf, 0xff, 0x10, 0x0, 0x0, 0xbf, 0xf6, 0x0,
    0xf, 0xff, 0x10, 0x0, 0x0, 0xbf, 0xf6, 0x0,
    0xf, 0xff, 0x10, 0x0, 0x0, 0xbf, 0xf6, 0x0,
    0xf, 0xff, 0x50, 0x0, 0x0, 0xbf, 0xf6, 0x0,
    0xc, 0xff, 0xe4, 0x1, 0x38, 0xff, 0xf6, 0x0,
    0x5, 0xff, 0xff, 0xff, 0xff, 0xff, 0xf6, 0x0,
    0x0, 0x7f, 0xff, 0xff, 0xfe, 0xff, 0xf6, 0x0,
    0x0, 0x1, 0x68, 0x97, 0x40, 0xbf, 0xf6, 0x0,
    0x0, 0x0, 0x0, 0x0, 0x0, 0xbf, 0xf6, 0x0,
    0x0, 0x0, 0x0, 0x0, 0x0, 0xff, 0xff, 0xc5,
    0x0, 0x0, 0x0, 0x0, 0x0, 0xff, 0xff, 0xf7,
    0x0, 0x0, 0x0, 0x0, 0x0, 0xff, 0xff, 0xf7,
    0x0, 0x0, 0x0, 0x0, 0x0, 0x0, 0x7f, 0xf7,
    0x0, 0x0, 0x0, 0x0, 0x0, 0x0, 0x7f, 0xf7,
    0x0, 0x0, 0x0, 0x0, 0x0, 0x0, 0x7f, 0xf7,

    /* U+04B8 "Ҹ" */
    0x5f, 0xfe, 0x0, 0x0, 0x0, 0x0, 0xaf, 0xf9,
    0x5f, 0xfe, 0x0, 0x0, 0x0, 0x0, 0xaf, 0xf9,
    0x5f, 0xfe, 0x0, 0x0, 0x0, 0x0, 0xaf, 0xf9,
    0x5f, 0xfe, 0x0, 0x0, 0x0, 0x0, 0xaf, 0xf9,
    0x5f, 0xfe, 0x0, 0x0, 0x0, 0x0, 0xaf, 0xf9,
    0x5f, 0xfe, 0x0, 0x2, 0x30, 0x0, 0xaf, 0xf9,
    0x4f, 0xff, 0x10, 0xe, 0xf4, 0x0, 0xaf, 0xf9,
    0x1f, 0xff, 0x70, 0xe, 0xf4, 0x0, 0xaf, 0xf9,
    0xc, 0xff, 0xf9, 0x1e, 0xf4, 0x37, 0xff, 0xf9,
    0x3, 0xff, 0xff, 0xff, 0xff, 0xff, 0xff, 0xf9,
    0x0, 0x5f, 0xff, 0xff, 0xff, 0xff, 0xff, 0xf9,
    0x0, 0x1, 0x7c, 0xef, 0xff, 0xa5, 0xaf, 0xf9,
    0x0, 0x0, 0x0, 0xe, 0xf4, 0x0, 0xaf, 0xf9,
    0x0, 0x0, 0x0, 0xe, 0xf4, 0x0, 0xaf, 0xf9,
    0x0, 0x0, 0x0, 0xe, 0xf4, 0x0, 0xaf, 0xf9,
    0x0, 0x0, 0x0, 0x5, 0x61, 0x0, 0xaf, 0xf9,
    0x0, 0x0, 0x0, 0x0, 0x0, 0x0, 0xaf, 0xf9,
    0x0, 0x0, 0x0, 0x0, 0x0, 0x0, 0xaf, 0xf9,

    /* U+04B9 "ҹ" */
    0x1f, 0xff, 0x0, 0x0, 0x0, 0xbf, 0xf6, 0x1f,
    0xff, 0x0, 0x0, 0x0, 0xbf, 0xf6, 0x1f, 0xff,
    0x0, 0x0, 0x0, 0xbf, 0xf6, 0x1f, 0xff, 0x0,
    0x0, 0x0, 0xbf, 0xf6, 0x1f, 0xff, 0x10, 0x79,
    0x10, 0xbf, 0xf6, 0xf, 0xff, 0x40, 0xcf, 0x20,
    0xbf, 0xf6, 0xc, 0xff, 0xe4, 0xdf, 0x68, 0xff,
    0xf6, 0x5, 0xff, 0xff, 0xff, 0xff, 0xff, 0xf6,
    0x0, 0x7f, 0xff, 0xff, 0xfe, 0xff, 0xf6, 0x0,
    0x1, 0x68, 0xff, 0x70, 0xbf, 0xf6, 0x0, 0x0,
    0x0, 0xcf, 0x20, 0xbf, 0xf6, 0x0, 0x0, 0x0,
    0xcf, 0x20, 0xbf, 0xf6, 0x0, 0x0, 0x0, 0x0,
    0x0, 0xbf, 0xf6, 0x0, 0x0, 0x0, 0x0, 0x0,
    0xbf, 0xf6,

    /* U+04BA "Һ" */
    0x8f, 0xfa, 0x0, 0x0, 0x0, 0x0, 0x0, 0x0,
    0x8f, 0xfa, 0x0, 0x0, 0x0, 0x0, 0x0, 0x0,
    0x8f, 0xfa, 0x0, 0x0, 0x0, 0x0, 0x0, 0x0,
    0x8f, 0xfa, 0x0, 0x0, 0x0, 0x0, 0x0, 0x0,
    0x8f, 0xfa, 0x0, 0x0, 0x0, 0x0, 0x0, 0x0,
    0x8f, 0xfa, 0x0, 0x0, 0x0, 0x0, 0x0, 0x0,
    0x8f, 0xfb, 0x49, 0xcf, 0xfe, 0xc8, 0x10, 0x0,
    0x8f, 0xff, 0xff, 0xff, 0xff, 0xff, 0xf5, 0x0,
    0x8f, 0xff, 0xff, 0xff, 0xff, 0xff, 0xff, 0x40,
    0x8f, 0xff, 0x83, 0x0, 0x2, 0x9f, 0xff, 0xc0,
    0x8f, 0xfa, 0x0, 0x0, 0x0, 0x7, 0xff, 0xf1,
    0x8f, 0xfa, 0x0, 0x0, 0x0, 0x0, 0xff, 0xf4,
    0x8f, 0xfa, 0x0, 0x0, 0x0, 0x0, 0xdf, 0xf5,
    0x8f, 0xfa, 0x0, 0x0, 0x0, 0x0, 0xdf, 0xf5,
    0x8f, 0xfa, 0x0, 0x0, 0x0, 0x0, 0xdf, 0xf5,
    0x8f, 0xfa, 0x0, 0x0, 0x0, 0x0, 0xdf, 0xf5,
    0x8f, 0xfa, 0x0, 0x0, 0x0, 0x0, 0xdf, 0xf5,
    0x8f, 0xfa, 0x0, 0x0, 0x0, 0x0, 0xdf, 0xf5,

    /* U+04BB "һ" */
    0x33, 0x30, 0x0, 0x0, 0x0, 0x0, 0x0, 0xef,
    0xf3, 0x0, 0x0, 0x0, 0x0, 0x0, 0xef, 0xf3,
    0x0, 0x0, 0x0, 0x0, 0x0, 0xef, 0xf3, 0x0,
    0x0, 0x0, 0x0, 0x0, 0xef, 0xf3, 0x0, 0x0,
    0x0, 0x0, 0x0, 0xef, 0xf3, 0x0, 0x0, 0x0,
    0x0, 0x0, 0xef, 0xf3, 0x39, 0xdf, 0xeb, 0x50,
    0x0, 0xef, 0xfa, 0xff, 0xff, 0xff, 0xf9, 0x0,
    0xef, 0xff, 0xff, 0xee, 0xff, 0xff, 0x60, 0xef,
    0xff, 0xa1, 0x0, 0x3e, 0xff, 0xd0, 0xef, 0xfd,
    0x0, 0x0, 0x4, 0xff, 0xf1, 0xef, 0xf6, 0x0,
    0x0, 0x0, 0xff, 0xf3, 0xef, 0xf4, 0x0, 0x0,
    0x0, 0xef, 0xf3, 0xef, 0xf3, 0x0, 0x0, 0x0,
    0xef, 0xf4, 0xef, 0xf3, 0x0, 0x0, 0x0, 0xef,
    0xf4, 0xef, 0xf3, 0x0, 0x0, 0x0, 0xef, 0xf4,
    0xef, 0xf3, 0x0, 0x0, 0x0, 0xef, 0xf4, 0xef,
    0xf3, 0x0, 0x0, 0x0, 0xef, 0xf4, 0xef, 0xf3,
    0x0, 0x0, 0x0, 0xef, 0xf4, 0xef, 0xf3, 0x0,
    0x0, 0x0, 0xef, 0xf4,

    /* U+04BC "Ҽ" */
    0x0, 0x0, 0x0, 0x0, 0x0, 0x4, 0x9d, 0xff,
    0xea, 0x60, 0x0, 0x0, 0x0, 0x0, 0x0, 0x0,
    0x0, 0x3c, 0xff, 0xff, 0xff, 0xff, 0xe6, 0x0,
    0x0, 0x0, 0x0, 0x0, 0x0, 0x5f, 0xff, 0xff,
    0xff, 0xff, 0xff, 0xf9, 0x0, 0x0, 0x77, 0x51,
    0x0, 0x3f, 0xff, 0xf8, 0x20, 0x1, 0x6d, 0xff,
    0xf8, 0x0, 0x1f, 0xfe, 0x0, 0xd, 0xff, 0xe2,
    0x0, 0x0, 0x0, 0xb, 0xff, 0xf2, 0x3, 0xff,
    0xb0, 0x5, 0xff, 0xf3, 0x0, 0x0, 0x0, 0x0,
    0xe, 0xff, 0x90, 0x3f, 0xfe, 0x10, 0xbf, 0xfb,
    0x0, 0x0, 0x0, 0x0, 0x0, 0x7f, 0xfe, 0x0,
    0xff, 0xfe, 0xbf, 0xff, 0xfa, 0xaa, 0xaa, 0xaa,
    0xaa, 0xae, 0xff, 0xf0, 0x6, 0xff, 0xff, 0xff,
    0xff, 0xff, 0xff, 0xff, 0xff, 0xff, 0xff, 0xff,
    0x20, 0x4, 0xbe, 0xff, 0xff, 0xff, 0xff, 0xff,
    0xff, 0xff, 0xff, 0xff, 0xf1, 0x0, 0x0, 0x0,
    0xef, 0xf6, 0x0, 0x0, 0x0, 0x0, 0x0, 0x0,
    0x0, 0x0, 0x0, 0x0, 0xb, 0xff, 0xb0, 0x0,
    0x0, 0x0, 0x0, 0x0, 0x0, 0x0, 0x0, 0x0,
    0x0, 0x6f, 0xff, 0x40, 0x0, 0x0, 0x0, 0x0,
    0x0, 0x0, 0x0, 0x0, 0x0, 0x0, 0xef, 0xfe,
    0x30, 0x0, 0x0, 0x0, 0x8d, 0x10, 0x0, 0x0,
    0x0, 0x0, 0x4, 0xff, 0xff, 0x93, 0x0, 0x16,
    0xdf, 0xfd, 0x20, 0x0, 0x0, 0x0, 0x0, 0x5,
    0xff, 0xff, 0xff, 0xff, 0xff, 0xff, 0xd2, 0x0,
    0x0, 0x0, 0x0, 0x0, 0x3, 0xcf, 0xff, 0xff,
    0xff, 0xff, 0x90, 0x0, 0x0, 0x0, 0x0, 0x0,
    0x0, 0x0, 0x49, 0xdf, 0xfe, 0xb7, 0x10, 0x0,
    0x0,

    /* U+04BD "ҽ" */
    0x0, 0x0, 0x0, 0x0, 0x29, 0xdf, 0xed, 0x82,
    0x0, 0x0, 0x0, 0x0, 0x0, 0x8f, 0xff, 0xff,
    0xff, 0xf6, 0x0, 0x4, 0x10, 0x0, 0x9f, 0xff,
    0xda, 0xae, 0xff, 0xf6, 0x4, 0xff, 0x50, 0x4f,
    0xff, 0x60, 0x0, 0x7, 0xff, 0xf1, 0x7f, 0xf2,
    0xb, 0xff, 0x80, 0x0, 0x0, 0xa, 0xff, 0x77,
    0xff, 0x92, 0xff, 0xf4, 0x22, 0x22, 0x22, 0x6f,
    0xfb, 0x1f, 0xff, 0xff, 0xff, 0xff, 0xff, 0xff,
    0xff, 0xff, 0xd0, 0x3b, 0xef, 0xff, 0xff, 0xff,
    0xff, 0xff, 0xff, 0xfe, 0x0, 0x0, 0xf, 0xff,
    0x30, 0x0, 0x0, 0x0, 0x0, 0x0, 0x0, 0x0,
    0xaf, 0xfb, 0x0, 0x0, 0x0, 0x0, 0x0, 0x0,
    0x0, 0x3, 0xff, 0xfb, 0x20, 0x0, 0x19, 0xd1,
    0x0, 0x0, 0x0, 0x7, 0xff, 0xff, 0xdc, 0xdf,
    0xff, 0xb0, 0x0, 0x0, 0x0, 0x6, 0xff, 0xff,
    0xff, 0xff, 0xe3, 0x0, 0x0, 0x0, 0x0, 0x1,
    0x7c, 0xef, 0xec, 0x70, 0x0,

    /* U+04BE "Ҿ" */
    0x0, 0x0, 0x0, 0x0, 0x0, 0x4, 0x9d, 0xff,
    0xea, 0x60, 0x0, 0x0, 0x0, 0x0, 0x0, 0x0,
    0x0, 0x3c, 0xff, 0xff, 0xff, 0xff, 0xe6, 0x0,
    0x0, 0x0, 0x0, 0x0, 0x0, 0x5f, 0xff, 0xff,
    0xff, 0xff, 0xff, 0xf9, 0x0, 0x0, 0x77, 0x51,
    0x0, 0x3f, 0xff, 0xf8, 0x20, 0x1, 0x6d, 0xff,
    0xf8, 0x0, 0x1f, 0xfe, 0x0, 0xd, 0xff, 0xe2,
    0x0, 0x0, 0x0, 0xb, 0xff, 0xf2, 0x3, 0xff,
    0xb0, 0x5, 0xff, 0xf3, 0x0, 0x0, 0x0, 0x0,
    0xe, 0xff, 0x90, 0x3f, 0xfe, 0x10, 0xbf, 0xfb,
    0x0, 0x0, 0x0, 0x0, 0x0, 0x7f, 0xfe, 0x0,
    0xff, 0xfe, 0xbf, 0xff, 0xfa, 0xaa, 0xaa, 0xaa,
    0xaa, 0xae, 0xff, 0xf0, 0x6, 0xff, 0xff, 0xff,
    0xff, 0xff, 0xff, 0xff, 0xff, 0xff, 0xff, 0xff,
    0x20, 0x4, 0xbe, 0xff, 0xff, 0xff, 0xff, 0xff,
    0xff, 0xff, 0xff, 0xff, 0xf1, 0x0, 0x0, 0x0,
    0xef, 0xf6, 0x0, 0x0, 0x0, 0x0, 0x0, 0x0,
    0x0, 0x0, 0x0, 0x0, 0xb, 0xff, 0xb0, 0x0,
    0x0, 0x0, 0x0, 0x0, 0x0, 0x0, 0x0, 0x0,
    0x0, 0x6f, 0xff, 0x40, 0x0, 0x0, 0x0, 0x0,
    0x0, 0x0, 0x0, 0x0, 0x0, 0x0, 0xef, 0xff,
    0x40, 0x0, 0x0, 0x0, 0x9d, 0x10, 0x0, 0x0,
    0x0, 0x0, 0x4, 0xff, 0xff, 0xa3, 0x0, 0x26,
    0xdf, 0xfe, 0x20, 0x0, 0x0, 0x0, 0x0, 0x5,
    0xff, 0xff, 0xff, 0xff, 0xff, 0xff, 0xd2, 0x0,
    0x0, 0x0, 0x0, 0x0, 0x3, 0xcf, 0xff, 0xff,
    0xff, 0xff, 0x80, 0x0, 0x0, 0x0, 0x0, 0x0,
    0x0, 0x0, 0x49, 0xff, 0xff, 0xb7, 0x10, 0x0,
    0x0, 0x0, 0x0, 0x0, 0x0, 0x0, 0x0, 0x3,
    0xff, 0xd0, 0x0, 0x0, 0x0, 0x0, 0x0, 0x0,
    0x0, 0x0, 0x0, 0x0, 0x3f, 0xfd, 0x0, 0x0,
    0x0, 0x0, 0x0, 0x0, 0x0, 0x0, 0x0, 0x0,
    0x3, 0xff, 0xd0, 0x0, 0x0, 0x0, 0x0, 0x0,
    0x0, 0x0, 0x0, 0x0, 0x0, 0x18, 0x86, 0x0,
    0x0, 0x0, 0x0,

    /* U+04BF "ҿ" */
    0x0, 0x0, 0x0, 0x0, 0x29, 0xdf, 0xed, 0x82,
    0x0, 0x0, 0x0, 0x0, 0x0, 0x8f, 0xff, 0xff,
    0xff, 0xf6, 0x0, 0x4, 0x10, 0x0, 0x9f, 0xff,
    0xda, 0xae, 0xff, 0xf6, 0x4, 0xff, 0x50, 0x4f,
    0xff, 0x60, 0x0, 0x7, 0xff, 0xf1, 0x7f, 0xf2,
    0xb, 0xff, 0x80, 0x0, 0x0, 0xa, 0xff, 0x77,
    0xff, 0x92, 0xff, 0xf4, 0x22, 0x22, 0x22, 0x6f,
    0xfb, 0x1f, 0xff, 0xff, 0xff, 0xff, 0xff, 0xff,
    0xff, 0xff, 0xd0, 0x3b, 0xef, 0xff, 0xff, 0xff,
    0xff, 0xff, 0xff, 0xfe, 0x0, 0x0, 0xf, 0xff,
    0x30, 0x0, 0x0, 0x0, 0x0, 0x0, 0x0, 0x0,
    0xaf, 0xfb, 0x0, 0x0, 0x0, 0x0, 0x0, 0x0,
    0x0, 0x3, 0xff, 0xfa, 0x10, 0x0, 0x19, 0xd0,
    0x0, 0x0, 0x0, 0x7, 0xff, 0xff, 0xdb, 0xcf,
    0xff, 0xb0, 0x0, 0x0, 0x0, 0x6, 0xff, 0xff,
    0xff, 0xff, 0xe3, 0x0, 0x0, 0x0, 0x0, 0x1,
    0x7f, 0xff, 0xfc, 0x70, 0x0, 0x0, 0x0, 0x0,
    0x0, 0x0, 0x6f, 0xf8, 0x0, 0x0, 0x0, 0x0,
    0x0, 0x0, 0x0, 0x6, 0xff, 0x80, 0x0, 0x0,
    0x0, 0x0, 0x0, 0x0, 0x0, 0x38, 0x84, 0x0,
    0x0, 0x0,

    /* U+04C0 "Ӏ" */
    0x8f, 0xfb, 0x8f, 0xfb, 0x8f, 0xfb, 0x8f, 0xfb,
    0x8f, 0xfb, 0x8f, 0xfb, 0x8f, 0xfb, 0x8f, 0xfb,
    0x8f, 0xfb, 0x8f, 0xfb, 0x8f, 0xfb, 0x8f, 0xfb,
    0x8f, 0xfb, 0x8f, 0xfb, 0x8f, 0xfb, 0x8f, 0xfb,
    0x8f, 0xfb, 0x8f, 0xfb,

    /* U+04C1 "Ӂ" */
    0x0, 0x0, 0x0, 0x0, 0x5f, 0xf0, 0x0, 0x9,
    0xfb, 0x0, 0x0, 0x0, 0x0, 0x0, 0x0, 0x0,
    0x0, 0x1f, 0xf9, 0x10, 0x5f, 0xf7, 0x0, 0x0,
    0x0, 0x0, 0x0, 0x0, 0x0, 0x0, 0x7, 0xff,
    0xff, 0xff, 0xc0, 0x0, 0x0, 0x0, 0x0, 0x0,
    0x0, 0x0, 0x0, 0x0, 0x39, 0xbb, 0xa6, 0x0,
    0x0, 0x0, 0x0, 0x0, 0x0, 0x0, 0x0, 0x0,
    0x0, 0x0, 0x0, 0x0, 0x0, 0x0, 0x0, 0x0,
    0x0, 0xd, 0xff, 0x80, 0x0, 0x0, 0x6, 0xff,
    0xc0, 0x0, 0x0, 0x3, 0xff, 0xf3, 0x4, 0xff,
    0xf2, 0x0, 0x0, 0x6, 0xff, 0xc0, 0x0, 0x0,
    0xc, 0xff, 0x90, 0x0, 0xaf, 0xfb, 0x0, 0x0,
    0x6, 0xff, 0xc0, 0x0, 0x0, 0x6f, 0xfe, 0x10,
    0x0, 0x1f, 0xff, 0x40, 0x0, 0x6, 0xff, 0xc0,
    0x0, 0x1, 0xef, 0xf5, 0x0, 0x0, 0x6, 0xff,
    0xd0, 0x0, 0x6, 0xff, 0xc0, 0x0, 0x9, 0xff,
    0xb0, 0x0, 0x0, 0x0, 0xcf, 0xf8, 0x0, 0x6,
    0xff, 0xc0, 0x0, 0x3f, 0xff, 0x20, 0x0, 0x0,
    0x0, 0x3f, 0xff, 0x20, 0x6, 0xff, 0xc0, 0x0,
    0xcf, 0xf7, 0x0, 0x0, 0x0, 0x0, 0x8, 0xff,
    0xfe, 0xef, 0xff, 0xfe, 0xef, 0xff, 0xe0, 0x0,
    0x0, 0x0, 0x0, 0x5, 0xff, 0xff, 0xff, 0xff,
    0xff, 0xff, 0xff, 0xd0, 0x0, 0x0, 0x0, 0x0,
    0xd, 0xff, 0xff, 0xff, 0xff, 0xff, 0xff, 0xff,
    0xf2, 0x0, 0x0, 0x0, 0x0, 0x6f, 0xff, 0x50,
    0x6, 0xff, 0xc0, 0x1, 0xff, 0xfb, 0x0, 0x0,
    0x0, 0x0, 0xef, 0xfc, 0x0, 0x6, 0xff, 0xc0,
    0x0, 0x7f, 0xff, 0x40, 0x0, 0x0, 0x8, 0xff,
    0xf3, 0x0, 0x6, 0xff, 0xc0, 0x0, 0xd, 0xff,
    0xc0, 0x0, 0x0, 0x1f, 0xff, 0xa0, 0x0, 0x6,
    0xff, 0xc0, 0x0, 0x5, 0xff, 0xf6, 0x0, 0x0,
    0xaf, 0xff, 0x20, 0x0, 0x6, 0xff, 0xc0, 0x0,
    0x0, 0xcf, 0xfe, 0x0, 0x3, 0xff, 0xf8, 0x0,
    0x0, 0x6, 0xff, 0xc0, 0x0, 0x0, 0x3f, 0xff,
    0x80, 0xc, 0xff, 0xe1, 0x0, 0x0, 0x6, 0xff,
    0xc0, 0x0, 0x0, 0xa, 0xff, 0xf1, 0x5f, 0xff,
    0x60, 0x0, 0x0, 0x6, 0xff, 0xc0, 0x0, 0x0,
    0x2, 0xff, 0xfa,

    /* U+04C2 "ӂ" */
    0x0, 0x0, 0x0, 0x18, 0x70, 0x0, 0x7, 0x81,
    0x0, 0x0, 0x0, 0x0, 0x0, 0x0, 0x1f, 0xf1,
    0x0, 0x1f, 0xf1, 0x0, 0x0, 0x0, 0x0, 0x0,
    0x0, 0xc, 0xfa, 0x11, 0xbf, 0xd0, 0x0, 0x0,
    0x0, 0x0, 0x0, 0x0, 0x3, 0xff, 0xff, 0xff,
    0x30, 0x0, 0x0, 0x0, 0x0, 0x0, 0x0, 0x0,
    0x29, 0xbb, 0x92, 0x0, 0x0, 0x0, 0x0, 0x0,
    0x0, 0x0, 0x0, 0x0, 0x0, 0x0, 0x0, 0x0,
    0x0, 0x0, 0x2f, 0xff, 0x20, 0x0, 0x9, 0xff,
    0x80, 0x0, 0x3, 0xff, 0xf2, 0x9, 0xff, 0xb0,
    0x0, 0x9, 0xff, 0x80, 0x0, 0xb, 0xff, 0x80,
    0x1, 0xff, 0xf3, 0x0, 0x9, 0xff, 0x80, 0x0,
    0x4f, 0xfe, 0x0, 0x0, 0x7f, 0xfc, 0x0, 0x9,
    0xff, 0x80, 0x0, 0xdf, 0xf6, 0x0, 0x0, 0xd,
    0xff, 0x50, 0x9, 0xff, 0x80, 0x6, 0xff, 0xc0,
    0x0, 0x0, 0x4, 0xff, 0xd0, 0x9, 0xff, 0x80,
    0xe, 0xff, 0x30, 0x0, 0x0, 0x0, 0xdf, 0xff,
    0xff, 0xff, 0xff, 0xff, 0xfb, 0x0, 0x0, 0x0,
    0x0, 0xdf, 0xff, 0xff, 0xff, 0xff, 0xff, 0xfc,
    0x0, 0x0, 0x0, 0x5, 0xff, 0xff, 0xbf, 0xff,
    0xfb, 0xff, 0xff, 0x40, 0x0, 0x0, 0xe, 0xff,
    0xa0, 0x9, 0xff, 0x80, 0xb, 0xff, 0xd0, 0x0,
    0x0, 0x9f, 0xff, 0x10, 0x9, 0xff, 0x80, 0x2,
    0xff, 0xf8, 0x0, 0x3, 0xff, 0xf7, 0x0, 0x9,
    0xff, 0x80, 0x0, 0x7f, 0xff, 0x20, 0xd, 0xff,
    0xd0, 0x0, 0x9, 0xff, 0x80, 0x0, 0xd, 0xff,
    0xc0, 0x7f, 0xff, 0x30, 0x0, 0x9, 0xff, 0x80,
    0x0, 0x4, 0xff, 0xf6,

    /* U+04C3 "Ӄ" */
    0x8f, 0xfa, 0x0, 0x0, 0x0, 0x5, 0xff, 0xf2,
    0x8f, 0xfa, 0x0, 0x0, 0x0, 0x1e, 0xff, 0x60,
    0x8f, 0xfa, 0x0, 0x0, 0x0, 0xbf, 0xfa, 0x0,
    0x8f, 0xfa, 0x0, 0x0, 0x6, 0xff, 0xe1, 0x0,
    0x8f, 0xfa, 0x0, 0x0, 0x2f, 0xff, 0x30, 0x0,
    0x8f, 0xfa, 0x0, 0x0, 0xcf, 0xf8, 0x0, 0x0,
    0x8f, 0xfa, 0x0, 0x8, 0xff, 0xc0, 0x0, 0x0,
    0x8f, 0xff, 0xee, 0xff, 0xff, 0x20, 0x0, 0x0,
    0x8f, 0xff, 0xff, 0xff, 0xff, 0x0, 0x0, 0x0,
    0x8f, 0xff, 0xff, 0xff, 0xff, 0x90, 0x0, 0x0,
    0x8f, 0xfa, 0x0, 0x9, 0xff, 0xf7, 0x0, 0x0,
    0x8f, 0xfa, 0x0, 0x0, 0xaf, 0xff, 0x40, 0x0,
    0x8f, 0xfa, 0x0, 0x0, 0xd, 0xff, 0xe2, 0x0,
    0x8f, 0xfa, 0x0, 0x0, 0x2, 0xef, 0xfc, 0x0,
    0x8f, 0xfa, 0x0, 0x0, 0x0, 0x5f, 0xff, 0x60,
    0x8f, 0xfa, 0x0, 0x0, 0x0, 0xb, 0xff, 0xe0,
    0x8f, 0xfa, 0x0, 0x0, 0x0, 0x3, 0xff, 0xf5,
    0x8f, 0xfa, 0x0, 0x0, 0x0, 0x0, 0xef, 0xf9,
    0x0, 0x0, 0x0, 0x0, 0x0, 0x0, 0xdf, 0xfb,
    0x0, 0x0, 0x0, 0x0, 0x0, 0x3, 0xff, 0xf9,
    0x0, 0x0, 0x0, 0x0, 0x6f, 0xdf, 0xff, 0xf4,
    0x0, 0x0, 0x0, 0x0, 0xbf, 0xff, 0xff, 0xa0,
    0x0, 0x0, 0x0, 0x0, 0x6c, 0xef, 0xd7, 0x0,

    /* U+04C4 "ӄ" */
    0xef, 0xf3, 0x0, 0x0, 0xb, 0xff, 0xa0, 0xef,
    0xf3, 0x0, 0x0, 0x6f, 0xfd, 0x0, 0xef, 0xf3,
    0x0, 0x3, 0xff, 0xf2, 0x0, 0xef, 0xf3, 0x0,
    0xd, 0xff, 0x50, 0x0, 0xef, 0xf3, 0x0, 0xaf,
    0xf9, 0x0, 0x0, 0xef, 0xfe, 0xbf, 0xff, 0xc0,
    0x0, 0x0, 0xef, 0xff, 0xff, 0xff, 0xc0, 0x0,
    0x0, 0xef, 0xff, 0xff, 0xff, 0xf8, 0x0, 0x0,
    0xef, 0xf3, 0x0, 0x7f, 0xff, 0x60, 0x0, 0xef,
    0xf3, 0x0, 0x9, 0xff, 0xf2, 0x0, 0xef, 0xf3,
    0x0, 0x0, 0xcf, 0xfb, 0x0, 0xef, 0xf3, 0x0,
    0x0, 0x2f, 0xff, 0x30, 0xef, 0xf3, 0x0, 0x0,
    0xa, 0xff, 0x90, 0xef, 0xf3, 0x0, 0x0, 0x5,
    0xff, 0xd0, 0x0, 0x0, 0x0, 0x0, 0x4, 0xff,
    0xe0, 0x0, 0x0, 0x0, 0x0, 0x9, 0xff, 0xc0,
    0x0, 0x0, 0x0, 0xeb, 0xcf, 0xff, 0x80, 0x0,
    0x0, 0x5, 0xff, 0xff, 0xfd, 0x0, 0x0, 0x0,
    0x3, 0xae, 0xfe, 0x80, 0x0,

    /* U+04C5 "Ӆ" */
    0x0, 0x0, 0x7f, 0xff, 0xff, 0xff, 0xff, 0xff,
    0xf6, 0x0, 0x0, 0x0, 0x8f, 0xff, 0xff, 0xff,
    0xff, 0xff, 0xf6, 0x0, 0x0, 0x0, 0x8f, 0xff,
    0xdd, 0xdd, 0xdd, 0xff, 0xf6, 0x0, 0x0, 0x0,
    0x9f, 0xf4, 0x0, 0x0, 0x0, 0xcf, 0xf6, 0x0,
    0x0, 0x0, 0x9f, 0xf3, 0x0, 0x0, 0x0, 0xcf,
    0xf6, 0x0, 0x0, 0x0, 0xaf, 0xf3, 0x0, 0x0,
    0x0, 0xcf, 0xf6, 0x0, 0x0, 0x0, 0xbf, 0xf2,
    0x0, 0x0, 0x0, 0xcf, 0xf6, 0x0, 0x0, 0x0,
    0xbf, 0xf2, 0x0, 0x0, 0x0, 0xcf, 0xf6, 0x0,
    0x0, 0x0, 0xcf, 0xf1, 0x0, 0x0, 0x0, 0xcf,
    0xf6, 0x0, 0x0, 0x0, 0xdf, 0xf0, 0x0, 0x0,
    0x0, 0xcf, 0xf6, 0x0, 0x0, 0x0, 0xff, 0xf0,
    0x0, 0x0, 0x0, 0xcf, 0xf6, 0x0, 0x0, 0x1,
    0xff, 0xd0, 0x0, 0x0, 0x0, 0xcf, 0xf6, 0x0,
    0x0, 0x4, 0xff, 0xa0, 0x0, 0x0, 0x0, 0xcf,
    0xf6, 0x0, 0x0, 0xa, 0xff, 0x70, 0x0, 0x0,
    0x0, 0xcf, 0xf6, 0x0, 0x0, 0x4f, 0xff, 0x30,
    0x0, 0x0, 0x0, 0xcf, 0xf6, 0x0, 0x6e, 0xff,
    0xfc, 0x0, 0x0, 0x0, 0x0, 0xff, 0xff, 0xdb,
    0x8f, 0xff, 0xf3, 0x0, 0x0, 0x0, 0x0, 0xff,
    0xff, 0xf8, 0x9f, 0xfc, 0x30, 0x0, 0x0, 0x0,
    0x0, 0xff, 0xff, 0xf3, 0x0, 0x0, 0x0, 0x0,
    0x0, 0x0, 0x0, 0x0, 0xdf, 0xe0, 0x0, 0x0,
    0x0, 0x0, 0x0, 0x0, 0x0, 0x1, 0xff, 0xa0,
    0x0, 0x0, 0x0, 0x0, 0x0, 0x0, 0x0, 0x4,
    0xff, 0x50, 0x0, 0x0, 0x0, 0x0, 0x0, 0x0,
    0x0, 0x3, 0x88, 0x0,

    /* U+04C6 "ӆ" */
    0x0, 0x9, 0xff, 0xff, 0xff, 0xff, 0xff, 0x30,
    0x0, 0x0, 0xaf, 0xff, 0xff, 0xff, 0xff, 0xf3,
    0x0, 0x0, 0xb, 0xff, 0xdc, 0xcc, 0xcf, 0xff,
    0x30, 0x0, 0x0, 0xbf, 0xf0, 0x0, 0x0, 0xef,
    0xf3, 0x0, 0x0, 0xc, 0xff, 0x0, 0x0, 0xe,
    0xff, 0x30, 0x0, 0x0, 0xdf, 0xf0, 0x0, 0x0,
    0xef, 0xf3, 0x0, 0x0, 0xe, 0xfe, 0x0, 0x0,
    0xe, 0xff, 0x30, 0x0, 0x0, 0xff, 0xc0, 0x0,
    0x0, 0xef, 0xf3, 0x0, 0x0, 0x2f, 0xfb, 0x0,
    0x0, 0xe, 0xff, 0x30, 0x0, 0x4, 0xff, 0x80,
    0x0, 0x0, 0xef, 0xf3, 0x0, 0x0, 0xbf, 0xf5,
    0x0, 0x0, 0xe, 0xff, 0x30, 0x8, 0xef, 0xff,
    0x0, 0x0, 0x0, 0xff, 0xff, 0xc2, 0xcf, 0xff,
    0x80, 0x0, 0x0, 0xf, 0xff, 0xfe, 0xc, 0xfe,
    0x80, 0x0, 0x0, 0x0, 0xff, 0xff, 0x90, 0x0,
    0x0, 0x0, 0x0, 0x0, 0x0, 0x4f, 0xf4, 0x0,
    0x0, 0x0, 0x0, 0x0, 0x0, 0x8, 0xff, 0x0,
    0x0, 0x0, 0x0, 0x0, 0x0, 0x0, 0x58, 0x60,
    0x0,

    /* U+04C7 "Ӈ" */
    0x8f, 0xfb, 0x0, 0x0, 0x0, 0x0, 0x4f, 0xff,
    0x8f, 0xfb, 0x0, 0x0, 0x0, 0x0, 0x4f, 0xff,
    0x8f, 0xfb, 0x0, 0x0, 0x0, 0x0, 0x4f, 0xff,
    0x8f, 0xfb, 0x0, 0x0, 0x0, 0x0, 0x4f, 0xff,
    0x8f, 0xfb, 0x0, 0x0, 0x0, 0x0, 0x4f, 0xff,
    0x8f, 0xfb, 0x0, 0x0, 0x0, 0x0, 0x4f, 0xff,
    0x8f, 0xfb, 0x0, 0x0, 0x0, 0x0, 0x4f, 0xff,
    0x8f, 0xff, 0xee, 0xee, 0xee, 0xee, 0xff, 0xff,
    0x8f, 0xff, 0xff, 0xff, 0xff, 0xff, 0xff, 0xff,
    0x8f, 0xff, 0xff, 0xff, 0xff, 0xff, 0xff, 0xff,
    0x8f, 0xfb, 0x0, 0x0, 0x0, 0x0, 0x4f, 0xff,
    0x8f, 0xfb, 0x0, 0x0, 0x0, 0x0, 0x4f, 0xff,
    0x8f, 0xfb, 0x0, 0x0, 0x0, 0x0, 0x4f, 0xff,
    0x8f, 0xfb, 0x0, 0x0, 0x0, 0x0, 0x4f, 0xff,
    0x8f, 0xfb, 0x0, 0x0, 0x0, 0x0, 0x4f, 0xff,
    0x8f, 0xfb, 0x0, 0x0, 0x0, 0x0, 0x4f, 0xff,
    0x8f, 0xfb, 0x0, 0x0, 0x0, 0x0, 0x4f, 0xff,
    0x8f, 0xfb, 0x0, 0x0, 0x0, 0x0, 0x4f, 0xff,
    0x0, 0x0, 0x0, 0x0, 0x0, 0x0, 0x4f, 0xff,
    0x0, 0x0, 0x0, 0x0, 0x0, 0x0, 0x7f, 0xfe,
    0x0, 0x0, 0x0, 0x0, 0xc, 0x8a, 0xff, 0xfa,
    0x0, 0x0, 0x0, 0x0, 0x6f, 0xff, 0xff, 0xf2,
    0x0, 0x0, 0x0, 0x0, 0x5e, 0xff, 0xfc, 0x30,
    0x0, 0x0, 0x0, 0x0, 0x0, 0x23, 0x10, 0x0,

    /* U+04C8 "ӈ" */
    0xef, 0xf3, 0x0, 0x0, 0x0, 0xef, 0xf2, 0xef,
    0xf3, 0x0, 0x0, 0x0, 0xef, 0xf2, 0xef, 0xf3,
    0x0, 0x0, 0x0, 0xef, 0xf2, 0xef, 0xf3, 0x0,
    0x0, 0x0, 0xef, 0xf2, 0xef, 0xf3, 0x0, 0x0,
    0x0, 0xef, 0xf2, 0xef, 0xfc, 0xcc, 0xcc, 0xcc,
    0xff, 0xf2, 0xef, 0xff, 0xff, 0xff, 0xff, 0xff,
    0xf2, 0xef, 0xff, 0xff, 0xff, 0xff, 0xff, 0xf2,
    0xef, 0xf3, 0x0, 0x0, 0x0, 0xef, 0xf2, 0xef,
    0xf3, 0x0, 0x0, 0x0, 0xef, 0xf2, 0xef, 0xf3,
    0x0, 0x0, 0x0, 0xef, 0xf2, 0xef, 0xf3, 0x0,
    0x0, 0x0, 0xef, 0xf2, 0xef, 0xf3, 0x0, 0x0,
    0x0, 0xef, 0xf2, 0xef, 0xf3, 0x0, 0x0, 0x0,
    0xef, 0xf2, 0x0, 0x0, 0x0, 0x0, 0x0, 0xff,
    0xf2, 0x0, 0x0, 0x0, 0x0, 0x5, 0xff, 0xf0,
    0x0, 0x0, 0x0, 0xcc, 0xbf, 0xff, 0xb0, 0x0,
    0x0, 0x2, 0xff, 0xff, 0xff, 0x20, 0x0, 0x0,
    0x1, 0x9d, 0xfe, 0xa2, 0x0,

    /* U+04C9 "Ӊ" */
    0x8f, 0xfb, 0x0, 0x0, 0x0, 0x0, 0x4f, 0xff,
    0x0, 0x8, 0xff, 0xb0, 0x0, 0x0, 0x0, 0x4,
    0xff, 0xf0, 0x0, 0x8f, 0xfb, 0x0, 0x0, 0x0,
    0x0, 0x4f, 0xff, 0x0, 0x8, 0xff, 0xb0, 0x0,
    0x0, 0x0, 0x4, 0xff, 0xf0, 0x0, 0x8f, 0xfb,
    0x0, 0x0, 0x0, 0x0, 0x4f, 0xff, 0x0, 0x8,
    0xff, 0xb0, 0x0, 0x0, 0x0, 0x4, 0xff, 0xf0,
    0x0, 0x8f, 0xfb, 0x0, 0x0, 0x0, 0x0, 0x4f,
    0xff, 0x0, 0x8, 0xff, 0xfe, 0xee, 0xee, 0xee,
    0xef, 0xff, 0xf0, 0x0, 0x8f, 0xff, 0xff, 0xff,
    0xff, 0xff, 0xff, 0xff, 0x0, 0x8, 0xff, 0xff,
    0xff, 0xff, 0xff, 0xff, 0xff, 0xf0, 0x0, 0x8f,
    0xfb, 0x0, 0x0, 0x0, 0x0, 0x4f, 0xff, 0x0,
    0x8, 0xff, 0xb0, 0x0, 0x0, 0x0, 0x4, 0xff,
    0xf0, 0x0, 0x8f, 0xfb, 0x0, 0x0, 0x0, 0x0,
    0x4f, 0xff, 0x0, 0x8, 0xff, 0xb0, 0x0, 0x0,
    0x0, 0x4, 0xff, 0xf0, 0x0, 0x8f, 0xfb, 0x0,
    0x0, 0x0, 0x0, 0x4f, 0xff, 0x0, 0x8, 0xff,
    0xb0, 0x0, 0x0, 0x0, 0x6, 0xff, 0xfd, 0xd6,
    0x8f, 0xfb, 0x0, 0x0, 0x0, 0x0, 0x6f, 0xff,
    0xff, 0x38, 0xff, 0xb0, 0x0, 0x0, 0x0, 0x6,
    0xff, 0xff, 0xe0, 0x0, 0x0, 0x0, 0x0, 0x0,
    0x0, 0x0, 0x2f, 0xfa, 0x0, 0x0, 0x0, 0x0,
    0x0, 0x0, 0x0, 0x5, 0xff, 0x60, 0x0, 0x0,
    0x0, 0x0, 0x0, 0x0, 0x0, 0x9f, 0xf1, 0x0,
    0x0, 0x0, 0x0, 0x0, 0x0, 0x0, 0xc, 0xfd,
    0x0,

    /* U+04CA "ӊ" */
    0xef, 0xf3, 0x0, 0x0, 0x0, 0xff, 0xf1, 0x0,
    0xef, 0xf3, 0x0, 0x0, 0x0, 0xff, 0xf1, 0x0,
    0xef, 0xf3, 0x0, 0x0, 0x0, 0xff, 0xf1, 0x0,
    0xef, 0xf3, 0x0, 0x0, 0x0, 0xff, 0xf1, 0x0,
    0xef, 0xf3, 0x0, 0x0, 0x0, 0xff, 0xf1, 0x0,
    0xef, 0xf3, 0x0, 0x0, 0x0, 0xff, 0xf1, 0x0,
    0xef, 0xff, 0xff, 0xff, 0xff, 0xff, 0xf1, 0x0,
    0xef, 0xff, 0xff, 0xff, 0xff, 0xff, 0xf1, 0x0,
    0xef, 0xfc, 0xcc, 0xcc, 0xcc, 0xff, 0xf1, 0x0,
    0xef, 0xf3, 0x0, 0x0, 0x0, 0xff, 0xf1, 0x0,
    0xef, 0xf3, 0x0, 0x0, 0x0, 0xff, 0xf1, 0x0,
    0xef, 0xf3, 0x0, 0x0, 0x1, 0xff, 0xfd, 0xb0,
    0xef, 0xf3, 0x0, 0x0, 0x1, 0xff, 0xff, 0xd0,
    0xef, 0xf3, 0x0, 0x0, 0x1, 0xff, 0xff, 0x80,
    0x0, 0x0, 0x0, 0x0, 0x0, 0x5, 0xff, 0x40,
    0x0, 0x0, 0x0, 0x0, 0x0, 0x9, 0xff, 0x0,
    0x0, 0x0, 0x0, 0x0, 0x0, 0xc, 0xfb, 0x0,

    /* U+04CB "Ӌ" */
    0xef, 0xf5, 0x0, 0x0, 0x0, 0x4, 0xff, 0xfe,
    0xff, 0x50, 0x0, 0x0, 0x0, 0x4f, 0xff, 0xef,
    0xf5, 0x0, 0x0, 0x0, 0x4, 0xff, 0xfe, 0xff,
    0x50, 0x0, 0x0, 0x0, 0x4f, 0xff, 0xef, 0xf5,
    0x0, 0x0, 0x0, 0x4, 0xff, 0xfd, 0xff, 0x70,
    0x0, 0x0, 0x0, 0x4f, 0xff, 0xbf, 0xfd, 0x0,
    0x0, 0x0, 0x4, 0xff, 0xf6, 0xff, 0xfc, 0x30,
    0x0, 0x15, 0xff, 0xff, 0xd, 0xff, 0xff, 0xfe,
    0xff, 0xff, 0xff, 0xf0, 0x2d, 0xff, 0xff, 0xff,
    0xff, 0xff, 0xff, 0x0, 0x5, 0xbe, 0xff, 0xeb,
    0x75, 0xff, 0xf0, 0x0, 0x0, 0x0, 0x0, 0x0,
    0x4f, 0xff, 0x0, 0x0, 0x0, 0x0, 0x0, 0x4,
    0xff, 0xf0, 0x0, 0x0, 0x0, 0x0, 0x0, 0x4f,
    0xff, 0x0, 0x0, 0x0, 0x0, 0x0, 0x4, 0xff,
    0xf0, 0x0, 0x0, 0x0, 0x4, 0xdd, 0xff, 0xff,
    0x0, 0x0, 0x0, 0x0, 0x5f, 0xff, 0xff, 0xf0,
    0x0, 0x0, 0x0, 0x5, 0xff, 0xff, 0xff, 0x0,
    0x0, 0x0, 0x0, 0x5f, 0xfb, 0x0, 0x0, 0x0,
    0x0, 0x0, 0x5, 0xff, 0xb0, 0x0, 0x0, 0x0,
    0x0, 0x0, 0x5f, 0xfb, 0x0, 0x0, 0x0, 0x0,
    0x0, 0x5, 0xff, 0xb0, 0x0,

    /* U+04CC "ӌ" */
    0x2f, 0xff, 0x0, 0x0, 0x0, 0xcf, 0xf5, 0x2f,
    0xff, 0x0, 0x0, 0x0, 0xcf, 0xf5, 0x2f, 0xff,
    0x0, 0x0, 0x0, 0xcf, 0xf5, 0x2f, 0xff, 0x0,
    0x0, 0x0, 0xcf, 0xf5, 0x1f, 0xff, 0x10, 0x0,
    0x0, 0xcf, 0xf5, 0xf, 0xff, 0x90, 0x0, 0x2,
    0xff, 0xf5, 0xa, 0xff, 0xfd, 0xaa, 0xcf, 0xff,
    0xf5, 0x1, 0xef, 0xff, 0xff, 0xff, 0xff, 0xf5,
    0x0, 0x18, 0xdf, 0xfe, 0xa4, 0xdf, 0xf5, 0x0,
    0x0, 0x0, 0x0, 0x0, 0xcf, 0xf5, 0x0, 0x0,
    0x0, 0x0, 0x0, 0xcf, 0xf5, 0x0, 0x0, 0x0,
    0x0, 0xaa, 0xff, 0xf5, 0x0, 0x0, 0x0, 0x1,
    0xff, 0xff, 0xf6, 0x0, 0x0, 0x0, 0x1, 0xff,
    0xff, 0xf6, 0x0, 0x0, 0x0, 0x1, 0xff, 0xd0,
    0x0, 0x0, 0x0, 0x0, 0x1, 0xff, 0xd0, 0x0,
    0x0, 0x0, 0x0, 0x1, 0xff, 0xd0, 0x0,

    /* U+04CD "Ӎ" */
    0x8f, 0xf6, 0x0, 0x0, 0x0, 0x0, 0x0, 0x0,
    0x5f, 0xf9, 0x0, 0x8, 0xff, 0xe1, 0x0, 0x0,
    0x0, 0x0, 0x0, 0xe, 0xff, 0x90, 0x0, 0x8f,
    0xff, 0x90, 0x0, 0x0, 0x0, 0x0, 0x8, 0xff,
    0xf9, 0x0, 0x8, 0xff, 0xff, 0x20, 0x0, 0x0,
    0x0, 0x2, 0xff, 0xff, 0x90, 0x0, 0x8f, 0xff,
    0xfc, 0x0, 0x0, 0x0, 0x0, 0xaf, 0xff, 0xf9,
    0x0, 0x8, 0xff, 0xff, 0xf5, 0x0, 0x0, 0x0,
    0x4f, 0xff, 0xff, 0x90, 0x0, 0x8f, 0xfc, 0xff,
    0xe0, 0x0, 0x0, 0xd, 0xff, 0xbf, 0xf9, 0x0,
    0x8, 0xff, 0x8a, 0xff, 0x80, 0x0, 0x6, 0xff,
    0xa7, 0xff, 0x90, 0x0, 0x8f, 0xf8, 0x1f, 0xff,
    0x20, 0x0, 0xef, 0xf1, 0x7f, 0xf9, 0x0, 0x8,
    0xff, 0x80, 0x7f, 0xfb, 0x0, 0x8f, 0xf7, 0x7,
    0xff, 0x90, 0x0, 0x8f, 0xf8, 0x0, 0xdf, 0xf4,
    0x2f, 0xfd, 0x0, 0x7f, 0xf9, 0x0, 0x8, 0xff,
    0x80, 0x4, 0xff, 0xdb, 0xff, 0x40, 0x7, 0xff,
    0x90, 0x0, 0x8f, 0xf8, 0x0, 0xb, 0xff, 0xff,
    0xb0, 0x0, 0x7f, 0xf9, 0x0, 0x8, 0xff, 0x80,
    0x0, 0x2f, 0xff, 0xf2, 0x0, 0x7, 0xff, 0x90,
    0x0, 0x8f, 0xf8, 0x0, 0x0, 0x8f, 0xf9, 0x0,
    0x0, 0x7f, 0xf9, 0x0, 0x8, 0xff, 0x80, 0x0,
    0x0, 0xdd, 0x10, 0x0, 0xb, 0xff, 0xfd, 0xd4,
    0x8f, 0xf8, 0x0, 0x0, 0x0, 0x0, 0x0, 0x0,
    0xcf, 0xff, 0xff, 0x18, 0xff, 0x80, 0x0, 0x0,
    0x0, 0x0, 0x0, 0xc, 0xff, 0xff, 0xc0, 0x0,
    0x0, 0x0, 0x0, 0x0, 0x0, 0x0, 0x0, 0x0,
    0x4f, 0xf8, 0x0, 0x0, 0x0, 0x0, 0x0, 0x0,
    0x0, 0x0, 0x0, 0x7, 0xff, 0x40, 0x0, 0x0,
    0x0, 0x0, 0x0, 0x0, 0x0, 0x0, 0x0, 0xbf,
    0xf0, 0x0, 0x0, 0x0, 0x0, 0x0, 0x0, 0x0,
    0x0, 0x0, 0xe, 0xfb, 0x0,

    /* U+04CE "ӎ" */
    0xef, 0xfa, 0x0, 0x0, 0x0, 0x0, 0x3f, 0xff,
    0x0, 0xe, 0xff, 0xf3, 0x0, 0x0, 0x0, 0xc,
    0xff, 0xf0, 0x0, 0xef, 0xff, 0xb0, 0x0, 0x0,
    0x5, 0xff, 0xff, 0x0, 0xe, 0xff, 0xff, 0x40,
    0x0, 0x0, 0xdf, 0xff, 0xf0, 0x0, 0xef, 0xff,
    0xfc, 0x0, 0x0, 0x7f, 0xff, 0xff, 0x0, 0xe,
    0xff, 0x9f, 0xf5, 0x0, 0x1f, 0xfc, 0xcf, 0xf0,
    0x0, 0xef, 0xf1, 0xff, 0xd0, 0x9, 0xff, 0x3c,
    0xff, 0x0, 0xe, 0xff, 0x7, 0xff, 0x62, 0xff,
    0xa0, 0xcf, 0xf0, 0x0, 0xef, 0xf0, 0xe, 0xfe,
    0xcf, 0xf1, 0xc, 0xff, 0x0, 0xe, 0xff, 0x0,
    0x5f, 0xff, 0xf7, 0x0, 0xcf, 0xf0, 0x0, 0xef,
    0xf0, 0x0, 0xcf, 0xfd, 0x0, 0xc, 0xff, 0x0,
    0xe, 0xff, 0x0, 0x3, 0xff, 0x50, 0x0, 0xff,
    0xfc, 0xc3, 0xef, 0xf0, 0x0, 0x6, 0x70, 0x0,
    0xf, 0xff, 0xff, 0x1e, 0xff, 0x0, 0x0, 0x0,
    0x0, 0x0, 0xff, 0xff, 0xc0, 0x0, 0x0, 0x0,
    0x0, 0x0, 0x0, 0x0, 0x1f, 0xf8, 0x0, 0x0,
    0x0, 0x0, 0x0, 0x0, 0x0, 0x5, 0xff, 0x40,
    0x0, 0x0, 0x0, 0x0, 0x0, 0x0, 0x0, 0x8f,
    0xf0, 0x0,

    /* U+04CF "ӏ" */
    0x33, 0x30, 0xef, 0xf3, 0xef, 0xf3, 0xef, 0xf3,
    0xef, 0xf3, 0xef, 0xf3, 0xef, 0xf3, 0xef, 0xf3,
    0xef, 0xf3, 0xef, 0xf3, 0xef, 0xf3, 0xef, 0xf3,
    0xef, 0xf3, 0xef, 0xf3, 0xef, 0xf3, 0xef, 0xf3,
    0xef, 0xf3, 0xef, 0xf3, 0xef, 0xf3, 0xef, 0xf3,

    /* U+04D0 "Ӑ" */
    0x0, 0x0, 0xc, 0xf8, 0x0, 0x1, 0xff, 0x30,
    0x0, 0x0, 0x0, 0x0, 0x8, 0xfe, 0x40, 0x2a,
    0xfe, 0x0, 0x0, 0x0, 0x0, 0x0, 0x1, 0xdf,
    0xff, 0xff, 0xf5, 0x0, 0x0, 0x0, 0x0, 0x0,
    0x0, 0x6, 0xac, 0xb8, 0x20, 0x0, 0x0, 0x0,
    0x0, 0x0, 0x0, 0x0, 0x0, 0x0, 0x0, 0x0,
    0x0, 0x0, 0x0, 0x0, 0x0, 0x2, 0xff, 0xf8,
    0x0, 0x0, 0x0, 0x0, 0x0, 0x0, 0x0, 0x9,
    0xff, 0xfe, 0x0, 0x0, 0x0, 0x0, 0x0, 0x0,
    0x0, 0xf, 0xff, 0xff, 0x60, 0x0, 0x0, 0x0,
    0x0, 0x0, 0x0, 0x7f, 0xfd, 0xff, 0xd0, 0x0,
    0x0, 0x0, 0x0, 0x0, 0x0, 0xdf, 0xf2, 0xdf,
    0xf4, 0x0, 0x0, 0x0, 0x0, 0x0, 0x5, 0xff,
    0xc0, 0x6f, 0xfb, 0x0, 0x0, 0x0, 0x0, 0x0,
    0xc, 0xff, 0x50, 0xf, 0xff, 0x20, 0x0, 0x0,
    0x0, 0x0, 0x3f, 0xfe, 0x0, 0x9, 0xff, 0x90,
    0x0, 0x0, 0x0, 0x0, 0xaf, 0xf8, 0x0, 0x2,
    0xff, 0xf1, 0x0, 0x0, 0x0, 0x1, 0xff, 0xf1,
    0x0, 0x0, 0xbf, 0xf7, 0x0, 0x0, 0x0, 0x8,
    0xff, 0xb0, 0x0, 0x0, 0x5f, 0xfe, 0x0, 0x0,
    0x0, 0xe, 0xff, 0xff, 0xff, 0xff, 0xff, 0xff,
    0x50, 0x0, 0x0, 0x6f, 0xff, 0xff, 0xff, 0xff,
    0xff, 0xff, 0xc0, 0x0, 0x0, 0xdf, 0xff, 0xaa,
    0xaa, 0xaa, 0xab, 0xff, 0xf3, 0x0, 0x4, 0xff,
    0xf1, 0x0, 0x0, 0x0, 0x0, 0xaf, 0xfa, 0x0,
    0xb, 0xff, 0x90, 0x0, 0x0, 0x0, 0x0, 0x3f,
    0xff, 0x10, 0x2f, 0xff, 0x30, 0x0, 0x0, 0x0,
    0x0, 0xd, 0xff, 0x80, 0x9f, 0xfc, 0x0, 0x0,
    0x0, 0x0, 0x0, 0x6, 0xff, 0xe0,

    /* U+04D1 "ӑ" */
    0x0, 0x68, 0x20, 0x0, 0x48, 0x40, 0x0, 0xb,
    0xf7, 0x0, 0xb, 0xf7, 0x0, 0x0, 0x6f, 0xe3,
    0x6, 0xff, 0x30, 0x0, 0x0, 0xcf, 0xff, 0xff,
    0x90, 0x0, 0x0, 0x0, 0x7b, 0xca, 0x50, 0x0,
    0x0, 0x0, 0x0, 0x0, 0x0, 0x0, 0x0, 0x0,
    0x6a, 0xdf, 0xfe, 0xa4, 0x0, 0x3, 0xef, 0xff,
    0xff, 0xff, 0xf8, 0x0, 0x2f, 0xff, 0xdb, 0xdf,
    0xff, 0xf5, 0x0, 0x98, 0x10, 0x0, 0x2c, 0xff,
    0xc0, 0x0, 0x0, 0x0, 0x0, 0x3f, 0xff, 0x0,
    0x0, 0x1, 0x22, 0x22, 0xff, 0xf2, 0x2, 0xae,
    0xff, 0xff, 0xff, 0xff, 0x22, 0xff, 0xff, 0xff,
    0xff, 0xff, 0xf2, 0xbf, 0xfb, 0x20, 0x0, 0xf,
    0xff, 0x2e, 0xff, 0x20, 0x0, 0x0, 0xff, 0xf2,
    0xef, 0xf4, 0x0, 0x0, 0x8f, 0xff, 0x29, 0xff,
    0xe6, 0x34, 0xaf, 0xff, 0xf2, 0x1d, 0xff, 0xff,
    0xff, 0xdd, 0xff, 0x20, 0x8, 0xdf, 0xfd, 0x81,
    0xcf, 0xf2,

    /* U+04D2 "Ӓ" */
    0x0, 0x0, 0x0, 0xbf, 0x50, 0x1c, 0xe3, 0x0,
    0x0, 0x0, 0x0, 0x0, 0x2, 0xff, 0xb0, 0x5f,
    0xf9, 0x0, 0x0, 0x0, 0x0, 0x0, 0x0, 0xdf,
    0x70, 0x1e, 0xf4, 0x0, 0x0, 0x0, 0x0, 0x0,
    0x0, 0x1, 0x0, 0x0, 0x10, 0x0, 0x0, 0x0,
    0x0, 0x0, 0x0, 0x0, 0x0, 0x0, 0x0, 0x0,
    0x0, 0x0, 0x0, 0x0, 0x0, 0x2, 0xff, 0xf8,
    0x0, 0x0, 0x0, 0x0, 0x0, 0x0, 0x0, 0x9,
    0xff, 0xfe, 0x0, 0x0, 0x0, 0x0, 0x0, 0x0,
    0x0, 0xf, 0xff, 0xff, 0x60, 0x0, 0x0, 0x0,
    0x0, 0x0, 0x0, 0x7f, 0xfd, 0xff, 0xd0, 0x0,
    0x0, 0x0, 0x0, 0x0, 0x0, 0xdf, 0xf2, 0xdf,
    0xf4, 0x0, 0x0, 0x0, 0x0, 0x0, 0x5, 0xff,
    0xc0, 0x6f, 0xfb, 0x0, 0x0, 0x0, 0x0, 0x0,
    0xc, 0xff, 0x50, 0xf, 0xff, 0x20, 0x0, 0x0,
    0x0, 0x0, 0x3f, 0xfe, 0x0, 0x9, 0xff, 0x90,
    0x0, 0x0, 0x0, 0x0, 0xaf, 0xf8, 0x0, 0x2,
    0xff, 0xf1, 0x0, 0x0, 0x0, 0x1, 0xff, 0xf1,
    0x0, 0x0, 0xbf, 0xf7, 0x0, 0x0, 0x0, 0x8,
    0xff, 0xb0, 0x0, 0x0, 0x5f, 0xfe, 0x0, 0x0,
    0x0, 0xe, 0xff, 0xff, 0xff, 0xff, 0xff, 0xff,
    0x50, 0x0, 0x0, 0x6f, 0xff, 0xff, 0xff, 0xff,
    0xff, 0xff, 0xc0, 0x0, 0x0, 0xdf, 0xff, 0xaa,
    0xaa, 0xaa, 0xab, 0xff, 0xf3, 0x0, 0x4, 0xff,
    0xf1, 0x0, 0x0, 0x0, 0x0, 0xaf, 0xfa, 0x0,
    0xb, 0xff, 0x90, 0x0, 0x0, 0x0, 0x0, 0x3f,
    0xff, 0x10, 0x2f, 0xff, 0x30, 0x0, 0x0, 0x0,
    0x0, 0xd, 0xff, 0x80, 0x9f, 0xfc, 0x0, 0x0,
    0x0, 0x0, 0x0, 0x6, 0xff, 0xe0,

    /* U+04D3 "ӓ" */
    0x0, 0x0, 0x0, 0x0, 0x10, 0x0, 0x0, 0x3,
    0xff, 0x20, 0x5f, 0xe1, 0x0, 0x0, 0x8f, 0xf6,
    0xa, 0xff, 0x40, 0x0, 0x2, 0xed, 0x10, 0x4e,
    0xc0, 0x0, 0x0, 0x0, 0x0, 0x0, 0x0, 0x0,
    0x0, 0x0, 0x0, 0x0, 0x0, 0x0, 0x0, 0x0,
    0x6a, 0xdf, 0xfe, 0xa4, 0x0, 0x3, 0xef, 0xff,
    0xff, 0xff, 0xf8, 0x0, 0x2f, 0xff, 0xdb, 0xdf,
    0xff, 0xf5, 0x0, 0x98, 0x10, 0x0, 0x2c, 0xff,
    0xc0, 0x0, 0x0, 0x0, 0x0, 0x3f, 0xff, 0x0,
    0x0, 0x1, 0x22, 0x22, 0xff, 0xf2, 0x2, 0xae,
    0xff, 0xff, 0xff, 0xff, 0x22, 0xff, 0xff, 0xff,
    0xff, 0xff, 0xf2, 0xbf, 0xfb, 0x20, 0x0, 0xf,
    0xff, 0x2e, 0xff, 0x20, 0x0, 0x0, 0xff, 0xf2,
    0xef, 0xf4, 0x0, 0x0, 0x8f, 0xff, 0x29, 0xff,
    0xe6, 0x34, 0xaf, 0xff, 0xf2, 0x1d, 0xff, 0xff,
    0xff, 0xdd, 0xff, 0x20, 0x8, 0xdf, 0xfd, 0x81,
    0xcf, 0xf2,

    /* U+04D4 "Ӕ" */
    0x0, 0x0, 0x0, 0x0, 0x1, 0xef, 0xff, 0xff,
    0xff, 0xff, 0xff, 0xff, 0xf3, 0x0, 0x0, 0x0,
    0x0, 0x9, 0xff, 0xff, 0xff, 0xff, 0xff, 0xff,
    0xff, 0xf3, 0x0, 0x0, 0x0, 0x0, 0x2f, 0xff,
    0xff, 0xff, 0xdd, 0xdd, 0xdd, 0xdd, 0xd2, 0x0,
    0x0, 0x0, 0x0, 0xbf, 0xf7, 0x9f, 0xfa, 0x0,
    0x0, 0x0, 0x0, 0x0, 0x0, 0x0, 0x0, 0x4,
    0xff, 0xe0, 0x9f, 0xfa, 0x0, 0x0, 0x0, 0x0,
    0x0, 0x0, 0x0, 0x0, 0xd, 0xff, 0x60, 0x9f,
    0xfa, 0x0, 0x0, 0x0, 0x0, 0x0, 0x0, 0x0,
    0x0, 0x6f, 0xfd, 0x0, 0x9f, 0xfa, 0x0, 0x0,
    0x0, 0x0, 0x0, 0x0, 0x0, 0x0, 0xef, 0xf4,
    0x0, 0x9f, 0xff, 0xcc, 0xcc, 0xcc, 0xcc, 0x10,
    0x0, 0x0, 0x8, 0xff, 0xb0, 0x0, 0x9f, 0xff,
    0xff, 0xff, 0xff, 0xff, 0x20, 0x0, 0x0, 0x1f,
    0xff, 0x20, 0x0, 0x9f, 0xff, 0xff, 0xff, 0xff,
    0xff, 0x20, 0x0, 0x0, 0xaf, 0xf9, 0x0, 0x0,
    0x9f, 0xfa, 0x0, 0x0, 0x0, 0x0, 0x0, 0x0,
    0x3, 0xff, 0xff, 0xff, 0xff, 0xff, 0xfa, 0x0,
    0x0, 0x0, 0x0, 0x0, 0x0, 0xc, 0xff, 0xff,
    0xff, 0xff, 0xff, 0xfa, 0x0, 0x0, 0x0, 0x0,
    0x0, 0x0, 0x5f, 0xff, 0xba, 0xaa, 0xaa, 0xff,
    0xfa, 0x0, 0x0, 0x0, 0x0, 0x0, 0x0, 0xdf,
    0xf6, 0x0, 0x0, 0x0, 0x9f, 0xfa, 0x0, 0x0,
    0x0, 0x0, 0x0, 0x7, 0xff, 0xd0, 0x0, 0x0,
    0x0, 0x9f, 0xff, 0xdd, 0xdd, 0xdd, 0xdd, 0xd7,
    0x1f, 0xff, 0x40, 0x0, 0x0, 0x0, 0x9f, 0xff,
    0xff, 0xff, 0xff, 0xff, 0xf8, 0x9f, 0xfb, 0x0,
    0x0, 0x0, 0x0, 0x9f, 0xff, 0xff, 0xff, 0xff,
    0xff, 0xf8,

    /* U+04D5 "ӕ" */
    0x0, 0x6a, 0xdf, 0xfd, 0x93, 0x0, 0x18, 0xce,
    0xfd, 0x81, 0x0, 0x3, 0xef, 0xff, 0xff, 0xff,
    0xf6, 0x4f, 0xff, 0xff, 0xff, 0xf5, 0x0, 0x2f,
    0xff, 0xdb, 0xcf, 0xff, 0xff, 0xff, 0xfc, 0xcf,
    0xff, 0xf4, 0x0, 0x98, 0x10, 0x0, 0x1c, 0xff,
    0xff, 0x90, 0x0, 0x1a, 0xff, 0xe0, 0x0, 0x0,
    0x0, 0x0, 0x3f, 0xff, 0xb0, 0x0, 0x0, 0xc,
    0xff, 0x60, 0x0, 0x0, 0x12, 0x22, 0xff, 0xf6,
    0x22, 0x22, 0x22, 0x7f, 0xfa, 0x2, 0x9e, 0xff,
    0xff, 0xff, 0xff, 0xff, 0xff, 0xff, 0xff, 0xff,
    0xc3, 0xff, 0xff, 0xff, 0xff, 0xff, 0xff, 0xff,
    0xff, 0xff, 0xff, 0xfc, 0xbf, 0xfb, 0x20, 0x0,
    0xf, 0xff, 0x50, 0x0, 0x0, 0x0, 0x0, 0xe,
    0xff, 0x20, 0x0, 0x2, 0xff, 0xfc, 0x0, 0x0,
    0x0, 0x0, 0x0, 0xef, 0xf5, 0x0, 0x0, 0xaf,
    0xff, 0xfb, 0x20, 0x0, 0x1a, 0xb0, 0x9, 0xff,
    0xf8, 0x67, 0xcf, 0xfe, 0xff, 0xff, 0xdc, 0xdf,
    0xff, 0x90, 0xc, 0xff, 0xff, 0xff, 0xfb, 0x5,
    0xff, 0xff, 0xff, 0xff, 0xd2, 0x0, 0x7, 0xcf,
    0xfe, 0xb5, 0x0, 0x1, 0x7c, 0xef, 0xeb, 0x60,
    0x0,

    /* U+04D6 "Ӗ" */
    0x0, 0xaf, 0xa0, 0x0, 0xe, 0xf5, 0x0, 0x0,
    0x6f, 0xf5, 0x1, 0x9f, 0xf2, 0x0, 0x0, 0xc,
    0xff, 0xff, 0xff, 0x70, 0x0, 0x0, 0x0, 0x5a,
    0xbb, 0x93, 0x0, 0x0, 0x0, 0x0, 0x0, 0x0,
    0x0, 0x0, 0x0, 0x8f, 0xff, 0xff, 0xff, 0xff,
    0xff, 0xf3, 0x8f, 0xff, 0xff, 0xff, 0xff, 0xff,
    0xf3, 0x8f, 0xff, 0xdd, 0xdd, 0xdd, 0xdd, 0xd2,
    0x8f, 0xfb, 0x0, 0x0, 0x0, 0x0, 0x0, 0x8f,
    0xfb, 0x0, 0x0, 0x0, 0x0, 0x0, 0x8f, 0xfb,
    0x0, 0x0, 0x0, 0x0, 0x0, 0x8f, 0xfb, 0x0,
    0x0, 0x0, 0x0, 0x0, 0x8f, 0xff, 0xcc, 0xcc,
    0xcc, 0xcc, 0x10, 0x8f, 0xff, 0xff, 0xff, 0xff,
    0xff, 0x20, 0x8f, 0xff, 0xff, 0xff, 0xff, 0xff,
    0x20, 0x8f, 0xfb, 0x0, 0x0, 0x0, 0x0, 0x0,
    0x8f, 0xfb, 0x0, 0x0, 0x0, 0x0, 0x0, 0x8f,
    0xfb, 0x0, 0x0, 0x0, 0x0, 0x0, 0x8f, 0xfb,
    0x0, 0x0, 0x0, 0x0, 0x0, 0x8f, 0xfb, 0x0,
    0x0, 0x0, 0x0, 0x0, 0x8f, 0xff, 0xdd, 0xdd,
    0xdd, 0xdd, 0xd7, 0x8f, 0xff, 0xff, 0xff, 0xff,
    0xff, 0xf9, 0x8f, 0xff, 0xff, 0xff, 0xff, 0xff,
    0xf9,

    /* U+04D7 "ӗ" */
    0x0, 0x2, 0x86, 0x0, 0x1, 0x87, 0x0, 0x0,
    0x0, 0x3f, 0xf2, 0x0, 0x8f, 0xd0, 0x0, 0x0,
    0x0, 0xcf, 0xfd, 0xef, 0xf6, 0x0, 0x0, 0x0,
    0x0, 0x8d, 0xfe, 0xc4, 0x0, 0x0, 0x0, 0x0,
    0x0, 0x0, 0x0, 0x0, 0x0, 0x0, 0x0, 0x0,
    0x0, 0x0, 0x0, 0x0, 0x0, 0x0, 0x0, 0x39,
    0xdf, 0xec, 0x71, 0x0, 0x0, 0x0, 0x8f, 0xff,
    0xff, 0xff, 0xe3, 0x0, 0x0, 0x8f, 0xff, 0xda,
    0xae, 0xff, 0xf2, 0x0, 0x3f, 0xff, 0x50, 0x0,
    0xa, 0xff, 0xc0, 0x9, 0xff, 0x80, 0x0, 0x0,
    0xd, 0xff, 0x20, 0xef, 0xf4, 0x22, 0x22, 0x22,
    0x9f, 0xf6, 0xf, 0xff, 0xff, 0xff, 0xff, 0xff,
    0xff, 0x80, 0xff, 0xff, 0xff, 0xff, 0xff, 0xff,
    0xf9, 0xd, 0xff, 0x30, 0x0, 0x0, 0x0, 0x0,
    0x0, 0x9f, 0xfb, 0x0, 0x0, 0x0, 0x0, 0x0,
    0x2, 0xff, 0xfa, 0x20, 0x0, 0x2c, 0xa0, 0x0,
    0x7, 0xff, 0xff, 0xdc, 0xdf, 0xff, 0x60, 0x0,
    0x6, 0xff, 0xff, 0xff, 0xff, 0xc1, 0x0, 0x0,
    0x1, 0x7c, 0xef, 0xeb, 0x50, 0x0,

    /* U+04D8 "Ә" */
    0x0, 0x0, 0x0, 0x6a, 0xdf, 0xfd, 0xa5, 0x0,
    0x0, 0x0, 0x0, 0x0, 0x8e, 0xff, 0xff, 0xff,
    0xff, 0xe6, 0x0, 0x0, 0x0, 0x1c, 0xff, 0xff,
    0xff, 0xff, 0xff, 0xff, 0xa0, 0x0, 0x0, 0xa,
    0xff, 0xb5, 0x10, 0x2, 0x7e, 0xff, 0xf9, 0x0,
    0x0, 0x0, 0x54, 0x0, 0x0, 0x0, 0x1, 0xcf,
    0xff, 0x40, 0x0, 0x0, 0x0, 0x0, 0x0, 0x0,
    0x0, 0xd, 0xff, 0xc0, 0x0, 0x0, 0x0, 0x0,
    0x0, 0x0, 0x0, 0x5, 0xff, 0xf1, 0xf, 0xff,
    0xff, 0xff, 0xff, 0xff, 0xff, 0xff, 0xff, 0xf4,
    0x1f, 0xff, 0xff, 0xff, 0xff, 0xff, 0xff, 0xff,
    0xff, 0xf5, 0xf, 0xff, 0xa5, 0x55, 0x55, 0x55,
    0x55, 0x55, 0xff, 0xf5, 0xe, 0xff, 0x70, 0x0,
    0x0, 0x0, 0x0, 0x0, 0xff, 0xf4, 0xa, 0xff,
    0xc0, 0x0, 0x0, 0x0, 0x0, 0x5, 0xff, 0xf1,
    0x5, 0xff, 0xf5, 0x0, 0x0, 0x0, 0x0, 0xd,
    0xff, 0xb0, 0x0, 0xcf, 0xff, 0x30, 0x0, 0x0,
    0x0, 0xbf, 0xff, 0x30, 0x0, 0x3f, 0xff, 0xf8,
    0x20, 0x1, 0x6e, 0xff, 0xf9, 0x0, 0x0, 0x4,
    0xff, 0xff, 0xff, 0xff, 0xff, 0xff, 0x90, 0x0,
    0x0, 0x0, 0x2c, 0xff, 0xff, 0xff, 0xff, 0xe5,
    0x0, 0x0, 0x0, 0x0, 0x0, 0x49, 0xdf, 0xfe,
    0xa6, 0x0, 0x0, 0x0,

    /* U+04D9 "ә" */
    0x0, 0x1, 0x8c, 0xef, 0xdb, 0x50, 0x0, 0x0,
    0x6, 0xff, 0xff, 0xff, 0xff, 0xc2, 0x0, 0x0,
    0xdf, 0xff, 0xcc, 0xef, 0xff, 0xe1, 0x0, 0x2,
    0xd6, 0x0, 0x0, 0x4e, 0xff, 0xb0, 0x0, 0x0,
    0x0, 0x0, 0x0, 0x2f, 0xff, 0x20, 0x22, 0x22,
    0x22, 0x22, 0x22, 0xdf, 0xf6, 0xf, 0xff, 0xff,
    0xff, 0xff, 0xff, 0xff, 0x80, 0xff, 0xff, 0xff,
    0xff, 0xff, 0xff, 0xf8, 0xd, 0xff, 0x0, 0x0,
    0x0, 0x9, 0xff, 0x60, 0x9f, 0xf7, 0x0, 0x0,
    0x1, 0xef, 0xf2, 0x3, 0xff, 0xf5, 0x0, 0x1,
    0xcf, 0xfb, 0x0, 0x8, 0xff, 0xfd, 0xab, 0xff,
    0xfe, 0x10, 0x0, 0x8, 0xff, 0xff, 0xff, 0xfd,
    0x20, 0x0, 0x0, 0x3, 0xad, 0xfe, 0xc6, 0x0,
    0x0,

    /* U+04DA "Ӛ" */
    0x0, 0x0, 0x0, 0x1, 0x0, 0x0, 0x10, 0x0,
    0x0, 0x0, 0x0, 0x0, 0x0, 0x4f, 0xe1, 0x6,
    0xfd, 0x0, 0x0, 0x0, 0x0, 0x0, 0x0, 0x9f,
    0xf5, 0xb, 0xff, 0x20, 0x0, 0x0, 0x0, 0x0,
    0x0, 0x3e, 0xd1, 0x5, 0xfb, 0x0, 0x0, 0x0,
    0x0, 0x0, 0x0, 0x0, 0x0, 0x0, 0x0, 0x0,
    0x0, 0x0, 0x0, 0x0, 0x0, 0x0, 0x0, 0x0,
    0x0, 0x0, 0x0, 0x0, 0x0, 0x0, 0x0, 0x6a,
    0xdf, 0xfd, 0xa5, 0x0, 0x0, 0x0, 0x0, 0x0,
    0x8e, 0xff, 0xff, 0xff, 0xff, 0xe6, 0x0, 0x0,
    0x0, 0x1c, 0xff, 0xff, 0xff, 0xff, 0xff, 0xff,
    0xa0, 0x0, 0x0, 0xa, 0xff, 0xb5, 0x10, 0x2,
    0x7e, 0xff, 0xf9, 0x0, 0x0, 0x0, 0x54, 0x0,
    0x0, 0x0, 0x1, 0xcf, 0xff, 0x40, 0x0, 0x0,
    0x0, 0x0, 0x0, 0x0, 0x0, 0xd, 0xff, 0xc0,
    0x0, 0x0, 0x0, 0x0, 0x0, 0x0, 0x0, 0x5,
    0xff, 0xf1, 0xf, 0xff, 0xff, 0xff, 0xff, 0xff,
    0xff, 0xff, 0xff, 0xf4, 0x1f, 0xff, 0xff, 0xff,
    0xff, 0xff, 0xff, 0xff, 0xff, 0xf5, 0xf, 0xff,
    0xa5, 0x55, 0x55, 0x55, 0x55, 0x55, 0xff, 0xf5,
    0xe, 0xff, 0x70, 0x0, 0x0, 0x0, 0x0, 0x0,
    0xff, 0xf4, 0xa, 0xff, 0xc0, 0x0, 0x0, 0x0,
    0x0, 0x5, 0xff, 0xf1, 0x5, 0xff, 0xf5, 0x0,
    0x0, 0x0, 0x0, 0xd, 0xff, 0xb0, 0x0, 0xcf,
    0xff, 0x30, 0x0, 0x0, 0x0, 0xbf, 0xff, 0x30,
    0x0, 0x3f, 0xff, 0xf8, 0x20, 0x1, 0x6e, 0xff,
    0xf9, 0x0, 0x0, 0x4, 0xff, 0xff, 0xff, 0xff,
    0xff, 0xff, 0x90, 0x0, 0x0, 0x0, 0x2c, 0xff,
    0xff, 0xff, 0xff, 0xe5, 0x0, 0x0, 0x0, 0x0,
    0x0, 0x49, 0xdf, 0xfe, 0xa6, 0x0, 0x0, 0x0,

    /* U+04DB "ӛ" */
    0x0, 0x0, 0x1, 0x0, 0x0, 0x10, 0x0, 0x0,
    0x0, 0xc, 0xf7, 0x1, 0xef, 0x50, 0x0, 0x0,
    0x2, 0xff, 0xc0, 0x4f, 0xfa, 0x0, 0x0, 0x0,
    0xa, 0xf6, 0x0, 0xce, 0x40, 0x0, 0x0, 0x0,
    0x0, 0x0, 0x0, 0x0, 0x0, 0x0, 0x0, 0x0,
    0x0, 0x0, 0x0, 0x0, 0x0, 0x0, 0x1, 0x8c,
    0xef, 0xdb, 0x50, 0x0, 0x0, 0x6, 0xff, 0xff,
    0xff, 0xff, 0xc2, 0x0, 0x0, 0xdf, 0xff, 0xcc,
    0xef, 0xff, 0xe1, 0x0, 0x2, 0xd6, 0x0, 0x0,
    0x4e, 0xff, 0xb0, 0x0, 0x0, 0x0, 0x0, 0x0,
    0x2f, 0xff, 0x20, 0x22, 0x22, 0x22, 0x22, 0x22,
    0xdf, 0xf6, 0xf, 0xff, 0xff, 0xff, 0xff, 0xff,
    0xff, 0x80, 0xff, 0xff, 0xff, 0xff, 0xff, 0xff,
    0xf8, 0xd, 0xff, 0x0, 0x0, 0x0, 0x9, 0xff,
    0x60, 0x9f, 0xf7, 0x0, 0x0, 0x1, 0xef, 0xf2,
    0x3, 0xff, 0xf5, 0x0, 0x1, 0xcf, 0xfb, 0x0,
    0x8, 0xff, 0xfd, 0xab, 0xff, 0xfe, 0x10, 0x0,
    0x8, 0xff, 0xff, 0xff, 0xfd, 0x20, 0x0, 0x0,
    0x3, 0xad, 0xfe, 0xc6, 0x0, 0x0,

    /* U+04DC "Ӝ" */
    0x0, 0x0, 0x0, 0x0, 0x4, 0xec, 0x0, 0x6f,
    0xa0, 0x0, 0x0, 0x0, 0x0, 0x0, 0x0, 0x0,
    0x0, 0xa, 0xff, 0x30, 0xdf, 0xf1, 0x0, 0x0,
    0x0, 0x0, 0x0, 0x0, 0x0, 0x0, 0x6, 0xfe,
    0x10, 0x8f, 0xc0, 0x0, 0x0, 0x0, 0x0, 0x0,
    0x0, 0x0, 0x0, 0x0, 0x10, 0x0, 0x1, 0x0,
    0x0, 0x0, 0x0, 0x0, 0x0, 0x0, 0x0, 0x0,
    0x0, 0x0, 0x0, 0x0, 0x0, 0x0, 0x0, 0x0,
    0x0, 0xd, 0xff, 0x80, 0x0, 0x0, 0x6, 0xff,
    0xc0, 0x0, 0x0, 0x3, 0xff, 0xf3, 0x4, 0xff,
    0xf2, 0x0, 0x0, 0x6, 0xff, 0xc0, 0x0, 0x0,
    0xc, 0xff, 0x90, 0x0, 0xaf, 0xfb, 0x0, 0x0,
    0x6, 0xff, 0xc0, 0x0, 0x0, 0x6f, 0xfe, 0x10,
    0x0, 0x1f, 0xff, 0x40, 0x0, 0x6, 0xff, 0xc0,
    0x0, 0x1, 0xef, 0xf5, 0x0, 0x0, 0x6, 0xff,
    0xd0, 0x0, 0x6, 0xff, 0xc0, 0x0, 0x9, 0xff,
    0xb0, 0x0, 0x0, 0x0, 0xcf, 0xf8, 0x0, 0x6,
    0xff, 0xc0, 0x0, 0x3f, 0xff, 0x20, 0x0, 0x0,
    0x0, 0x3f, 0xff, 0x20, 0x6, 0xff, 0xc0, 0x0,
    0xcf, 0xf7, 0x0, 0x0, 0x0, 0x0, 0x8, 0xff,
    0xfe, 0xef, 0xff, 0xfe, 0xef, 0xff, 0xe0, 0x0,
    0x0, 0x0, 0x0, 0x5, 0xff, 0xff, 0xff, 0xff,
    0xff, 0xff, 0xff, 0xd0, 0x0, 0x0, 0x0, 0x0,
    0xd, 0xff, 0xff, 0xff, 0xff, 0xff, 0xff, 0xff,
    0xf2, 0x0, 0x0, 0x0, 0x0, 0x6f, 0xff, 0x50,
    0x6, 0xff, 0xc0, 0x1, 0xff, 0xfb, 0x0, 0x0,
    0x0, 0x0, 0xef, 0xfc, 0x0, 0x6, 0xff, 0xc0,
    0x0, 0x7f, 0xff, 0x40, 0x0, 0x0, 0x8, 0xff,
    0xf3, 0x0, 0x6, 0xff, 0xc0, 0x0, 0xd, 0xff,
    0xc0, 0x0, 0x0, 0x1f, 0xff, 0xa0, 0x0, 0x6,
    0xff, 0xc0, 0x0, 0x5, 0xff, 0xf6, 0x0, 0x0,
    0xaf, 0xff, 0x20, 0x0, 0x6, 0xff, 0xc0, 0x0,
    0x0, 0xcf, 0xfe, 0x0, 0x3, 0xff, 0xf8, 0x0,
    0x0, 0x6, 0xff, 0xc0, 0x0, 0x0, 0x3f, 0xff,
    0x80, 0xc, 0xff, 0xe1, 0x0, 0x0, 0x6, 0xff,
    0xc0, 0x0, 0x0, 0xa, 0xff, 0xf1, 0x5f, 0xff,
    0x60, 0x0, 0x0, 0x6, 0xff, 0xc0, 0x0, 0x0,
    0x2, 0xff, 0xfa,

    /* U+04DD "ӝ" */
    0x0, 0x0, 0x0, 0x0, 0x10, 0x0, 0x1, 0x0,
    0x0, 0x0, 0x0, 0x0, 0x0, 0x0, 0x9, 0xfb,
    0x0, 0xbf, 0x80, 0x0, 0x0, 0x0, 0x0, 0x0,
    0x0, 0xe, 0xff, 0x0, 0xff, 0xd0, 0x0, 0x0,
    0x0, 0x0, 0x0, 0x0, 0x7, 0xf9, 0x0, 0x9f,
    0x70, 0x0, 0x0, 0x0, 0x0, 0x0, 0x0, 0x0,
    0x0, 0x0, 0x0, 0x0, 0x0, 0x0, 0x0, 0x0,
    0x0, 0x0, 0x0, 0x0, 0x0, 0x0, 0x0, 0x0,
    0x0, 0x0, 0x2f, 0xff, 0x20, 0x0, 0x9, 0xff,
    0x80, 0x0, 0x3, 0xff, 0xf2, 0x9, 0xff, 0xb0,
    0x0, 0x9, 0xff, 0x80, 0x0, 0xb, 0xff, 0x80,
    0x1, 0xff, 0xf3, 0x0, 0x9, 0xff, 0x80, 0x0,
    0x4f, 0xfe, 0x0, 0x0, 0x7f, 0xfc, 0x0, 0x9,
    0xff, 0x80, 0x0, 0xdf, 0xf6, 0x0, 0x0, 0xd,
    0xff, 0x50, 0x9, 0xff, 0x80, 0x6, 0xff, 0xc0,
    0x0, 0x0, 0x4, 0xff, 0xd0, 0x9, 0xff, 0x80,
    0xe, 0xff, 0x30, 0x0, 0x0, 0x0, 0xdf, 0xff,
    0xff, 0xff, 0xff, 0xff, 0xfb, 0x0, 0x0, 0x0,
    0x0, 0xdf, 0xff, 0xff, 0xff, 0xff, 0xff, 0xfc,
    0x0, 0x0, 0x0, 0x5, 0xff, 0xff, 0xbf, 0xff,
    0xfb, 0xff, 0xff, 0x40, 0x0, 0x0, 0xe, 0xff,
    0xa0, 0x9, 0xff, 0x80, 0xb, 0xff, 0xd0, 0x0,
    0x0, 0x9f, 0xff, 0x10, 0x9, 0xff, 0x80, 0x2,
    0xff, 0xf8, 0x0, 0x3, 0xff, 0xf7, 0x0, 0x9,
    0xff, 0x80, 0x0, 0x7f, 0xff, 0x20, 0xd, 0xff,
    0xd0, 0x0, 0x9, 0xff, 0x80, 0x0, 0xd, 0xff,
    0xc0, 0x7f, 0xff, 0x30, 0x0, 0x9, 0xff, 0x80,
    0x0, 0x4, 0xff, 0xf6,

    /* U+04DE "Ӟ" */
    0x0, 0x0, 0x1, 0x0, 0x0, 0x10, 0x0, 0x0,
    0x0, 0x0, 0xcf, 0x70, 0x1e, 0xf5, 0x0, 0x0,
    0x0, 0x2, 0xff, 0xc0, 0x4f, 0xfa, 0x0, 0x0,
    0x0, 0x0, 0xaf, 0x60, 0xc, 0xe4, 0x0, 0x0,
    0x0, 0x0, 0x0, 0x0, 0x0, 0x0, 0x0, 0x0,
    0x0, 0x0, 0x0, 0x0, 0x0, 0x0, 0x0, 0x0,
    0x0, 0x3, 0x8b, 0xef, 0xfe, 0xb7, 0x10, 0x0,
    0x1, 0xdf, 0xff, 0xff, 0xff, 0xff, 0xf6, 0x0,
    0x0, 0xef, 0xff, 0xfd, 0xdf, 0xff, 0xff, 0x60,
    0x0, 0x7a, 0x51, 0x0, 0x0, 0x4e, 0xff, 0xe0,
    0x0, 0x0, 0x0, 0x0, 0x0, 0x5, 0xff, 0xf0,
    0x0, 0x0, 0x0, 0x0, 0x0, 0x4, 0xff, 0xf0,
    0x0, 0x0, 0x0, 0x0, 0x1, 0x4d, 0xff, 0xa0,
    0x0, 0x0, 0x7f, 0xff, 0xff, 0xff, 0xfe, 0x10,
    0x0, 0x0, 0x7f, 0xff, 0xff, 0xff, 0xf5, 0x0,
    0x0, 0x0, 0x4a, 0xaa, 0xab, 0xdf, 0xff, 0x80,
    0x0, 0x0, 0x0, 0x0, 0x0, 0x5, 0xff, 0xf4,
    0x0, 0x0, 0x0, 0x0, 0x0, 0x0, 0x9f, 0xfa,
    0x0, 0x0, 0x0, 0x0, 0x0, 0x0, 0x7f, 0xfc,
    0x1, 0x40, 0x0, 0x0, 0x0, 0x0, 0xcf, 0xfb,
    0x7, 0xfb, 0x51, 0x0, 0x0, 0x2a, 0xff, 0xf5,
    0xd, 0xff, 0xff, 0xed, 0xdf, 0xff, 0xff, 0xb0,
    0x5, 0xef, 0xff, 0xff, 0xff, 0xff, 0xfa, 0x0,
    0x0, 0x4, 0x9c, 0xef, 0xfe, 0xc8, 0x20, 0x0,

    /* U+04DF "ӟ" */
    0x0, 0x0, 0x10, 0x0, 0x1, 0x0, 0x0, 0x0,
    0xcf, 0x70, 0x1e, 0xf5, 0x0, 0x0, 0x2f, 0xfc,
    0x4, 0xff, 0xa0, 0x0, 0x0, 0xaf, 0x60, 0xc,
    0xe4, 0x0, 0x0, 0x0, 0x0, 0x0, 0x0, 0x0,
    0x0, 0x0, 0x0, 0x0, 0x0, 0x0, 0x0, 0x0,
    0x49, 0xdf, 0xfe, 0xb7, 0x10, 0x0, 0xbf, 0xff,
    0xff, 0xff, 0xfe, 0x40, 0x7, 0xff, 0xdb, 0xbd,
    0xff, 0xff, 0x10, 0x27, 0x10, 0x0, 0x4, 0xff,
    0xf4, 0x0, 0x0, 0x0, 0x0, 0xe, 0xff, 0x20,
    0x0, 0x2, 0x22, 0x4a, 0xff, 0x70, 0x0, 0x2,
    0xff, 0xff, 0xff, 0x90, 0x0, 0x0, 0x2f, 0xff,
    0xff, 0xff, 0xc0, 0x0, 0x0, 0x0, 0x0, 0x4e,
    0xff, 0x70, 0x0, 0x0, 0x0, 0x0, 0x8f, 0xfa,
    0x7, 0x60, 0x0, 0x0, 0x1d, 0xff, 0x80, 0xff,
    0xfd, 0xbb, 0xcf, 0xff, 0xf2, 0x2e, 0xff, 0xff,
    0xff, 0xff, 0xe4, 0x0, 0x5, 0xad, 0xff, 0xeb,
    0x70, 0x0,

    /* U+04E0 "Ӡ" */
    0x9, 0xff, 0xff, 0xff, 0xff, 0xff, 0xfd, 0x0,
    0x9f, 0xff, 0xff, 0xff, 0xff, 0xff, 0xd0, 0x7,
    0xdd, 0xdd, 0xdd, 0xde, 0xff, 0xf9, 0x0, 0x0,
    0x0, 0x0, 0x1, 0xcf, 0xfa, 0x0, 0x0, 0x0,
    0x0, 0x0, 0xcf, 0xfb, 0x0, 0x0, 0x0, 0x0,
    0x0, 0xbf, 0xfb, 0x0, 0x0, 0x0, 0x0, 0x0,
    0xbf, 0xfc, 0x0, 0x0, 0x0, 0x0, 0x0, 0x5f,
    0xff, 0xfb, 0x60, 0x0, 0x0, 0x0, 0x6, 0xff,
    0xff, 0xff, 0xd2, 0x0, 0x0, 0x0, 0x38, 0x89,
    0xdf, 0xff, 0xd0, 0x0, 0x0, 0x0, 0x0, 0x0,
    0x5f, 0xff, 0x50, 0x0, 0x0, 0x0, 0x0, 0x0,
    0xaf, 0xf9, 0x0, 0x0, 0x0, 0x0, 0x0, 0x8,
    0xff, 0xa0, 0x34, 0x0, 0x0, 0x0, 0x0, 0xdf,
    0xf8, 0xa, 0xfb, 0x51, 0x0, 0x3, 0xbf, 0xff,
    0x21, 0xff, 0xff, 0xff, 0xef, 0xff, 0xff, 0x90,
    0x7, 0xef, 0xff, 0xff, 0xff, 0xff, 0x90, 0x0,
    0x0, 0x5a, 0xde, 0xfe, 0xd8, 0x30, 0x0,

    /* U+04E1 "ӡ" */
    0xc, 0xff, 0xff, 0xff, 0xff, 0xff, 0xf0, 0xc,
    0xff, 0xff, 0xff, 0xff, 0xff, 0xf0, 0x9, 0xcc,
    0xcc, 0xcc, 0xcf, 0xff, 0xc0, 0x0, 0x0, 0x0,
    0x0, 0x4f, 0xff, 0x20, 0x0, 0x0, 0x0, 0x2,
    0xef, 0xf5, 0x0, 0x0, 0x0, 0x0, 0xc, 0xff,
    0x90, 0x0, 0x0, 0x0, 0x0, 0x9f, 0xfc, 0x0,
    0x0, 0x0, 0x0, 0x6, 0xff, 0xe2, 0x0, 0x0,
    0x0, 0x0, 0xf, 0xff, 0xfc, 0x71, 0x0, 0x0,
    0x0, 0xf, 0xff, 0xff, 0xfe, 0x30, 0x0, 0x0,
    0x9, 0x99, 0xcf, 0xff, 0xe1, 0x0, 0x0, 0x0,
    0x0, 0x3, 0xff, 0xf7, 0x0, 0x0, 0x0, 0x0,
    0x0, 0x8f, 0xfb, 0x0, 0x0, 0x0, 0x0, 0x0,
    0x6f, 0xfc, 0x4, 0x10, 0x0, 0x0, 0x0, 0xaf,
    0xfa, 0xd, 0xe7, 0x10, 0x0, 0x8, 0xff, 0xf4,
    0x4f, 0xff, 0xfe, 0xcd, 0xff, 0xff, 0xb0, 0x8,
    0xff, 0xff, 0xff, 0xff, 0xfb, 0x10, 0x0, 0x17,
    0xbe, 0xff, 0xda, 0x40, 0x0,

    /* U+04E2 "Ӣ" */
    0x0, 0x1, 0xff, 0xff, 0xff, 0xff, 0x90, 0x0,
    0x0, 0x0, 0x1f, 0xff, 0xff, 0xff, 0xf8, 0x0,
    0x0, 0x0, 0x0, 0x0, 0x0, 0x0, 0x0, 0x0,
    0x0, 0x0, 0x0, 0x0, 0x0, 0x0, 0x0, 0x0,
    0x0, 0x0, 0x8f, 0xfa, 0x0, 0x0, 0x0, 0x0,
    0x4f, 0xff, 0x18, 0xff, 0xa0, 0x0, 0x0, 0x0,
    0x1e, 0xff, 0xf1, 0x8f, 0xfa, 0x0, 0x0, 0x0,
    0xc, 0xff, 0xff, 0x18, 0xff, 0xa0, 0x0, 0x0,
    0x8, 0xff, 0xff, 0xf1, 0x8f, 0xfa, 0x0, 0x0,
    0x3, 0xff, 0xff, 0xff, 0x18, 0xff, 0xa0, 0x0,
    0x1, 0xef, 0xfc, 0xff, 0xf1, 0x8f, 0xfa, 0x0,
    0x0, 0xbf, 0xfe, 0x2f, 0xff, 0x18, 0xff, 0xa0,
    0x0, 0x7f, 0xff, 0x41, 0xff, 0xf1, 0x8f, 0xfa,
    0x0, 0x3f, 0xff, 0x80, 0x1f, 0xff, 0x18, 0xff,
    0xa0, 0xd, 0xff, 0xc0, 0x1, 0xff, 0xf1, 0x8f,
    0xfa, 0xa, 0xff, 0xe1, 0x0, 0x1f, 0xff, 0x18,
    0xff, 0xa6, 0xff, 0xf4, 0x0, 0x1, 0xff, 0xf1,
    0x8f, 0xfd, 0xff, 0xf8, 0x0, 0x0, 0x1f, 0xff,
    0x18, 0xff, 0xff, 0xfc, 0x0, 0x0, 0x1, 0xff,
    0xf1, 0x8f, 0xff, 0xff, 0x20, 0x0, 0x0, 0x1f,
    0xff, 0x18, 0xff, 0xff, 0x50, 0x0, 0x0, 0x1,
    0xff, 0xf1, 0x8f, 0xff, 0x90, 0x0, 0x0, 0x0,
    0x1f, 0xff, 0x18, 0xff, 0xd0, 0x0, 0x0, 0x0,
    0x1, 0xff, 0xf1,

    /* U+04E3 "ӣ" */
    0x0, 0xcf, 0xff, 0xff, 0xff, 0xe0, 0x0, 0x0,
    0xbf, 0xff, 0xff, 0xff, 0xd0, 0x0, 0x0, 0x0,
    0x0, 0x0, 0x0, 0x0, 0x0, 0x0, 0x0, 0x0,
    0x0, 0x0, 0x0, 0x0, 0xef, 0xf3, 0x0, 0x0,
    0x0, 0xcf, 0xf7, 0xef, 0xf3, 0x0, 0x0, 0x9,
    0xff, 0xf7, 0xef, 0xf3, 0x0, 0x0, 0x6f, 0xff,
    0xf7, 0xef, 0xf3, 0x0, 0x3, 0xff, 0xff, 0xf7,
    0xef, 0xf3, 0x0, 0x1e, 0xff, 0xff, 0xf7, 0xef,
    0xf3, 0x0, 0xcf, 0xfb, 0xaf, 0xf7, 0xef, 0xf3,
    0x9, 0xff, 0xd1, 0xaf, 0xf7, 0xef, 0xf3, 0x6f,
    0xff, 0x30, 0xaf, 0xf7, 0xef, 0xf7, 0xff, 0xf5,
    0x0, 0xaf, 0xf7, 0xef, 0xff, 0xff, 0x80, 0x0,
    0xaf, 0xf7, 0xef, 0xff, 0xfb, 0x0, 0x0, 0xaf,
    0xf7, 0xef, 0xff, 0xe1, 0x0, 0x0, 0xaf, 0xf7,
    0xef, 0xff, 0x30, 0x0, 0x0, 0xaf, 0xf7, 0xef,
    0xf5, 0x0, 0x0, 0x0, 0xaf, 0xf7,

    /* U+04E4 "Ӥ" */
    0x0, 0x0, 0x4e, 0xc0, 0x5, 0xfa, 0x0, 0x0,
    0x0, 0x0, 0xa, 0xff, 0x40, 0xcf, 0xf2, 0x0,
    0x0, 0x0, 0x0, 0x5f, 0xe1, 0x7, 0xfc, 0x0,
    0x0, 0x0, 0x0, 0x0, 0x10, 0x0, 0x1, 0x0,
    0x0, 0x0, 0x0, 0x0, 0x0, 0x0, 0x0, 0x0,
    0x0, 0x0, 0x8, 0xff, 0xa0, 0x0, 0x0, 0x0,
    0x4, 0xff, 0xf1, 0x8f, 0xfa, 0x0, 0x0, 0x0,
    0x1, 0xef, 0xff, 0x18, 0xff, 0xa0, 0x0, 0x0,
    0x0, 0xcf, 0xff, 0xf1, 0x8f, 0xfa, 0x0, 0x0,
    0x0, 0x8f, 0xff, 0xff, 0x18, 0xff, 0xa0, 0x0,
    0x0, 0x3f, 0xff, 0xff, 0xf1, 0x8f, 0xfa, 0x0,
    0x0, 0x1e, 0xff, 0xcf, 0xff, 0x18, 0xff, 0xa0,
    0x0, 0xb, 0xff, 0xe2, 0xff, 0xf1, 0x8f, 0xfa,
    0x0, 0x7, 0xff, 0xf4, 0x1f, 0xff, 0x18, 0xff,
    0xa0, 0x3, 0xff, 0xf8, 0x1, 0xff, 0xf1, 0x8f,
    0xfa, 0x0, 0xdf, 0xfc, 0x0, 0x1f, 0xff, 0x18,
    0xff, 0xa0, 0xaf, 0xfe, 0x10, 0x1, 0xff, 0xf1,
    0x8f, 0xfa, 0x6f, 0xff, 0x40, 0x0, 0x1f, 0xff,
    0x18, 0xff, 0xdf, 0xff, 0x80, 0x0, 0x1, 0xff,
    0xf1, 0x8f, 0xff, 0xff, 0xc0, 0x0, 0x0, 0x1f,
    0xff, 0x18, 0xff, 0xff, 0xf2, 0x0, 0x0, 0x1,
    0xff, 0xf1, 0x8f, 0xff, 0xf5, 0x0, 0x0, 0x0,
    0x1f, 0xff, 0x18, 0xff, 0xf9, 0x0, 0x0, 0x0,
    0x1, 0xff, 0xf1, 0x8f, 0xfd, 0x0, 0x0, 0x0,
    0x0, 0x1f, 0xff, 0x10,

    /* U+04E5 "ӥ" */
    0x0, 0x0, 0x10, 0x0, 0x0, 0x0, 0x0, 0x0,
    0x1e, 0xf5, 0x3, 0xff, 0x30, 0x0, 0x0, 0x4f,
    0xf9, 0x7, 0xff, 0x70, 0x0, 0x0, 0xc, 0xe3,
    0x2, 0xdd, 0x20, 0x0, 0x0, 0x0, 0x0, 0x0,
    0x0, 0x0, 0x0, 0x0, 0x0, 0x0, 0x0, 0x0,
    0x0, 0x0, 0xef, 0xf3, 0x0, 0x0, 0x0, 0xcf,
    0xf7, 0xef, 0xf3, 0x0, 0x0, 0x9, 0xff, 0xf7,
    0xef, 0xf3, 0x0, 0x0, 0x6f, 0xff, 0xf7, 0xef,
    0xf3, 0x0, 0x3, 0xff, 0xff, 0xf7, 0xef, 0xf3,
    0x0, 0x1e, 0xff, 0xff, 0xf7, 0xef, 0xf3, 0x0,
    0xcf, 0xfb, 0xaf, 0xf7, 0xef, 0xf3, 0x9, 0xff,
    0xd1, 0xaf, 0xf7, 0xef, 0xf3, 0x6f, 0xff, 0x30,
    0xaf, 0xf7, 0xef, 0xf7, 0xff, 0xf5, 0x0, 0xaf,
    0xf7, 0xef, 0xff, 0xff, 0x80, 0x0, 0xaf, 0xf7,
    0xef, 0xff, 0xfb, 0x0, 0x0, 0xaf, 0xf7, 0xef,
    0xff, 0xe1, 0x0, 0x0, 0xaf, 0xf7, 0xef, 0xff,
    0x30, 0x0, 0x0, 0xaf, 0xf7, 0xef, 0xf5, 0x0,
    0x0, 0x0, 0xaf, 0xf7,

    /* U+04E6 "Ӧ" */
    0x0, 0x0, 0x0, 0x1, 0x0, 0x0, 0x0, 0x0,
    0x0, 0x0, 0x0, 0x0, 0x1e, 0xf4, 0x3, 0xff,
    0x20, 0x0, 0x0, 0x0, 0x0, 0x5, 0xff, 0x90,
    0x7f, 0xf6, 0x0, 0x0, 0x0, 0x0, 0x0, 0x1d,
    0xe3, 0x2, 0xed, 0x20, 0x0, 0x0, 0x0, 0x0,
    0x0, 0x0, 0x0, 0x0, 0x0, 0x0, 0x0, 0x0,
    0x0, 0x0, 0x0, 0x0, 0x0, 0x0, 0x0, 0x0,
    0x0, 0x0, 0x0, 0x2, 0x8c, 0xef, 0xec, 0x83,
    0x0, 0x0, 0x0, 0x0, 0x1a, 0xff, 0xff, 0xff,
    0xff, 0xfb, 0x20, 0x0, 0x0, 0x3e, 0xff, 0xff,
    0xff, 0xff, 0xff, 0xfe, 0x30, 0x0, 0x1e, 0xff,
    0xfb, 0x40, 0x0, 0x4a, 0xff, 0xff, 0x20, 0xa,
    0xff, 0xf6, 0x0, 0x0, 0x0, 0x4, 0xff, 0xfc,
    0x2, 0xff, 0xf7, 0x0, 0x0, 0x0, 0x0, 0x6,
    0xff, 0xf4, 0x8f, 0xfe, 0x0, 0x0, 0x0, 0x0,
    0x0, 0xd, 0xff, 0x9b, 0xff, 0x90, 0x0, 0x0,
    0x0, 0x0, 0x0, 0x7f, 0xfd, 0xdf, 0xf7, 0x0,
    0x0, 0x0, 0x0, 0x0, 0x5, 0xff, 0xed, 0xff,
    0x70, 0x0, 0x0, 0x0, 0x0, 0x0, 0x5f, 0xfe,
    0xbf, 0xf9, 0x0, 0x0, 0x0, 0x0, 0x0, 0x7,
    0xff, 0xd8, 0xff, 0xe0, 0x0, 0x0, 0x0, 0x0,
    0x0, 0xdf, 0xf9, 0x2f, 0xff, 0x70, 0x0, 0x0,
    0x0, 0x0, 0x6f, 0xff, 0x40, 0xaf, 0xff, 0x50,
    0x0, 0x0, 0x0, 0x4f, 0xff, 0xc0, 0x1, 0xef,
    0xff, 0xb4, 0x10, 0x4, 0xaf, 0xff, 0xf2, 0x0,
    0x2, 0xef, 0xff, 0xff, 0xff, 0xff, 0xff, 0xe4,
    0x0, 0x0, 0x1, 0xaf, 0xff, 0xff, 0xff, 0xff,
    0xb2, 0x0, 0x0, 0x0, 0x0, 0x28, 0xce, 0xfe,
    0xc8, 0x30, 0x0, 0x0,

    /* U+04E7 "ӧ" */
    0x0, 0x0, 0x1, 0x0, 0x0, 0x10, 0x0, 0x0,
    0x0, 0x0, 0x8f, 0xc0, 0xa, 0xf9, 0x0, 0x0,
    0x0, 0x0, 0xdf, 0xf1, 0xf, 0xfe, 0x0, 0x0,
    0x0, 0x0, 0x6f, 0xa0, 0x9, 0xf8, 0x0, 0x0,
    0x0, 0x0, 0x0, 0x0, 0x0, 0x0, 0x0, 0x0,
    0x0, 0x0, 0x0, 0x0, 0x0, 0x0, 0x0, 0x0,
    0x0, 0x0, 0x28, 0xde, 0xfd, 0x93, 0x0, 0x0,
    0x0, 0x7, 0xff, 0xff, 0xff, 0xff, 0x80, 0x0,
    0x0, 0x7f, 0xff, 0xfd, 0xcf, 0xff, 0xf9, 0x0,
    0x2, 0xff, 0xfa, 0x10, 0x1, 0x9f, 0xff, 0x40,
    0x9, 0xff, 0xc0, 0x0, 0x0, 0xa, 0xff, 0xb0,
    0xd, 0xff, 0x50, 0x0, 0x0, 0x3, 0xff, 0xf0,
    0xf, 0xff, 0x20, 0x0, 0x0, 0x0, 0xff, 0xf1,
    0xf, 0xff, 0x20, 0x0, 0x0, 0x0, 0xff, 0xf1,
    0xd, 0xff, 0x50, 0x0, 0x0, 0x3, 0xff, 0xf0,
    0x9, 0xff, 0xc0, 0x0, 0x0, 0xa, 0xff, 0xb0,
    0x2, 0xff, 0xfb, 0x10, 0x1, 0x9f, 0xff, 0x40,
    0x0, 0x6f, 0xff, 0xfd, 0xdf, 0xff, 0xf8, 0x0,
    0x0, 0x6, 0xff, 0xff, 0xff, 0xff, 0x80, 0x0,
    0x0, 0x0, 0x28, 0xdf, 0xfd, 0x92, 0x0, 0x0,

    /* U+04E8 "Ө" */
    0x0, 0x0, 0x2, 0x8c, 0xef, 0xec, 0x83, 0x0,
    0x0, 0x0, 0x0, 0x1a, 0xff, 0xff, 0xff, 0xff,
    0xfb, 0x20, 0x0, 0x0, 0x2e, 0xff, 0xff, 0xff,
    0xff, 0xff, 0xfe, 0x40, 0x0, 0x1e, 0xff, 0xfa,
    0x40, 0x0, 0x3a, 0xff, 0xff, 0x20, 0xa, 0xff,
    0xe3, 0x0, 0x0, 0x0, 0x2, 0xdf, 0xfc, 0x2,
    0xff, 0xf3, 0x0, 0x0, 0x0, 0x0, 0x2, 0xff,
    0xf4, 0x8f, 0xfb, 0x0, 0x0, 0x0, 0x0, 0x0,
    0x9, 0xff, 0x9b, 0xff, 0xff, 0xff, 0xff, 0xff,
    0xff, 0xff, 0xff, 0xfd, 0xdf, 0xff, 0xff, 0xff,
    0xff, 0xff, 0xff, 0xff, 0xff, 0xed, 0xff, 0xb7,
    0x77, 0x77, 0x77, 0x77, 0x77, 0xbf, 0xfe, 0xbf,
    0xfb, 0x0, 0x0, 0x0, 0x0, 0x0, 0x9, 0xff,
    0xd8, 0xff, 0xf1, 0x0, 0x0, 0x0, 0x0, 0x0,
    0xff, 0xf9, 0x2f, 0xff, 0xa0, 0x0, 0x0, 0x0,
    0x0, 0x8f, 0xff, 0x40, 0xaf, 0xff, 0x80, 0x0,
    0x0, 0x0, 0x6f, 0xff, 0xc0, 0x1, 0xef, 0xff,
    0xc5, 0x10, 0x4, 0xbf, 0xff, 0xf2, 0x0, 0x2,
    0xef, 0xff, 0xff, 0xff, 0xff, 0xff, 0xf4, 0x0,
    0x0, 0x1, 0xaf, 0xff, 0xff, 0xff, 0xff, 0xb2,
    0x0, 0x0, 0x0, 0x0, 0x28, 0xce, 0xfe, 0xd9,
    0x30, 0x0, 0x0,

    /* U+04E9 "ө" */
    0x0, 0x0, 0x28, 0xde, 0xfd, 0x93, 0x0, 0x0,
    0x0, 0x7, 0xff, 0xff, 0xff, 0xff, 0x80, 0x0,
    0x0, 0x7f, 0xff, 0xfc, 0xcf, 0xff, 0xf9, 0x0,
    0x2, 0xff, 0xfa, 0x10, 0x0, 0x8f, 0xff, 0x40,
    0x9, 0xff, 0xc0, 0x0, 0x0, 0x9, 0xff, 0xb0,
    0xd, 0xff, 0x61, 0x11, 0x11, 0x14, 0xff, 0xf0,
    0xf, 0xff, 0xff, 0xff, 0xff, 0xff, 0xff, 0xf2,
    0xf, 0xff, 0xff, 0xff, 0xff, 0xff, 0xff, 0xf2,
    0xd, 0xff, 0x50, 0x0, 0x0, 0x2, 0xff, 0xf0,
    0x9, 0xff, 0xc0, 0x0, 0x0, 0xa, 0xff, 0xb0,
    0x2, 0xff, 0xfa, 0x10, 0x0, 0x8f, 0xff, 0x40,
    0x0, 0x6f, 0xff, 0xfc, 0xcf, 0xff, 0xf9, 0x0,
    0x0, 0x6, 0xff, 0xff, 0xff, 0xff, 0x80, 0x0,
    0x0, 0x0, 0x28, 0xde, 0xfd, 0x93, 0x0, 0x0,

    /* U+04EA "Ӫ" */
    0x0, 0x0, 0x0, 0x1, 0x0, 0x0, 0x0, 0x0,
    0x0, 0x0, 0x0, 0x0, 0x1e, 0xf4, 0x3, 0xff,
    0x20, 0x0, 0x0, 0x0, 0x0, 0x5, 0xff, 0x90,
    0x7f, 0xf6, 0x0, 0x0, 0x0, 0x0, 0x0, 0x1d,
    0xe3, 0x2, 0xed, 0x20, 0x0, 0x0, 0x0, 0x0,
    0x0, 0x0, 0x0, 0x0, 0x0, 0x0, 0x0, 0x0,
    0x0, 0x0, 0x0, 0x0, 0x0, 0x0, 0x0, 0x0,
    0x0, 0x0, 0x0, 0x2, 0x8c, 0xef, 0xec, 0x83,
    0x0, 0x0, 0x0, 0x0, 0x1a, 0xff, 0xff, 0xff,
    0xff, 0xfb, 0x20, 0x0, 0x0, 0x2e, 0xff, 0xff,
    0xff, 0xff, 0xff, 0xfe, 0x40, 0x0, 0x1e, 0xff,
    0xfa, 0x40, 0x0, 0x3a, 0xff, 0xff, 0x20, 0xa,
    0xff, 0xe3, 0x0, 0x0, 0x0, 0x2, 0xdf, 0xfc,
    0x2, 0xff, 0xf3, 0x0, 0x0, 0x0, 0x0, 0x2,
    0xff, 0xf4, 0x8f, 0xfb, 0x0, 0x0, 0x0, 0x0,
    0x0, 0x9, 0xff, 0x9b, 0xff, 0xff, 0xff, 0xff,
    0xff, 0xff, 0xff, 0xff, 0xfd, 0xdf, 0xff, 0xff,
    0xff, 0xff, 0xff, 0xff, 0xff, 0xff, 0xed, 0xff,
    0xb7, 0x77, 0x77, 0x77, 0x77, 0x77, 0xbf, 0xfe,
    0xbf, 0xfb, 0x0, 0x0, 0x0, 0x0, 0x0, 0x9,
    0xff, 0xd8, 0xff, 0xf1, 0x0, 0x0, 0x0, 0x0,
    0x0, 0xff, 0xf9, 0x2f, 0xff, 0xa0, 0x0, 0x0,
    0x0, 0x0, 0x8f, 0xff, 0x40, 0xaf, 0xff, 0x80,
    0x0, 0x0, 0x0, 0x6f, 0xff, 0xc0, 0x1, 0xef,
    0xff, 0xc5, 0x10, 0x4, 0xbf, 0xff, 0xf2, 0x0,
    0x2, 0xef, 0xff, 0xff, 0xff, 0xff, 0xff, 0xf4,
    0x0, 0x0, 0x1, 0xaf, 0xff, 0xff, 0xff, 0xff,
    0xb2, 0x0, 0x0, 0x0, 0x0, 0x28, 0xce, 0xfe,
    0xd9, 0x30, 0x0, 0x0,

    /* U+04EB "ӫ" */
    0x0, 0x0, 0x1, 0x0, 0x0, 0x10, 0x0, 0x0,
    0x0, 0x0, 0x8f, 0xc0, 0xb, 0xf9, 0x0, 0x0,
    0x0, 0x0, 0xdf, 0xf1, 0xf, 0xfe, 0x0, 0x0,
    0x0, 0x0, 0x7f, 0xa0, 0x9, 0xf8, 0x0, 0x0,
    0x0, 0x0, 0x0, 0x0, 0x0, 0x0, 0x0, 0x0,
    0x0, 0x0, 0x0, 0x0, 0x0, 0x0, 0x0, 0x0,
    0x0, 0x0, 0x28, 0xde, 0xfd, 0x93, 0x0, 0x0,
    0x0, 0x7, 0xff, 0xff, 0xff, 0xff, 0x80, 0x0,
    0x0, 0x7f, 0xff, 0xfc, 0xcf, 0xff, 0xf9, 0x0,
    0x2, 0xff, 0xfa, 0x10, 0x0, 0x8f, 0xff, 0x50,
    0x9, 0xff, 0xc0, 0x0, 0x0, 0x9, 0xff, 0xb0,
    0xd, 0xff, 0x61, 0x11, 0x11, 0x14, 0xff, 0xf0,
    0xf, 0xff, 0xff, 0xff, 0xff, 0xff, 0xff, 0xf2,
    0xf, 0xff, 0xff, 0xff, 0xff, 0xff, 0xff, 0xf2,
    0xd, 0xff, 0x50, 0x0, 0x0, 0x2, 0xff, 0xf0,
    0x9, 0xff, 0xc0, 0x0, 0x0, 0xa, 0xff, 0xb0,
    0x2, 0xff, 0xfa, 0x10, 0x0, 0x8f, 0xff, 0x40,
    0x0, 0x6f, 0xff, 0xfc, 0xcf, 0xff, 0xf9, 0x0,
    0x0, 0x6, 0xff, 0xff, 0xff, 0xff, 0x80, 0x0,
    0x0, 0x0, 0x28, 0xde, 0xfd, 0x93, 0x0, 0x0,

    /* U+04EC "Ӭ" */
    0x0, 0x0, 0x1, 0x0, 0x0, 0x10, 0x0, 0x0,
    0x0, 0x0, 0x7, 0xfc, 0x0, 0x9f, 0xa0, 0x0,
    0x0, 0x0, 0x0, 0xcf, 0xf2, 0xe, 0xff, 0x0,
    0x0, 0x0, 0x0, 0x6, 0xfa, 0x0, 0x8f, 0x90,
    0x0, 0x0, 0x0, 0x0, 0x0, 0x0, 0x0, 0x0,
    0x0, 0x0, 0x0, 0x0, 0x0, 0x0, 0x0, 0x0,
    0x0, 0x0, 0x0, 0x0, 0x2, 0x7c, 0xef, 0xec,
    0x82, 0x0, 0x0, 0x0, 0x9, 0xff, 0xff, 0xff,
    0xff, 0xfa, 0x0, 0x0, 0x1c, 0xff, 0xff, 0xff,
    0xff, 0xff, 0xfd, 0x10, 0x1, 0xcf, 0xf9, 0x30,
    0x0, 0x5c, 0xff, 0xfc, 0x0, 0x0, 0xa3, 0x0,
    0x0, 0x0, 0x8, 0xff, 0xf7, 0x0, 0x0, 0x0,
    0x0, 0x0, 0x0, 0xb, 0xff, 0xe0, 0x0, 0x0,
    0x0, 0x0, 0x0, 0x0, 0x3f, 0xff, 0x30, 0x0,
    0x0, 0x6a, 0xaa, 0xaa, 0xaa, 0xff, 0xf7, 0x0,
    0x0, 0xa, 0xff, 0xff, 0xff, 0xff, 0xff, 0x80,
    0x0, 0x0, 0xaf, 0xff, 0xff, 0xff, 0xff, 0xf8,
    0x0, 0x0, 0x0, 0x0, 0x0, 0x0, 0xe, 0xff,
    0x70, 0x0, 0x0, 0x0, 0x0, 0x0, 0x3, 0xff,
    0xf3, 0x0, 0x0, 0x0, 0x0, 0x0, 0x0, 0xbf,
    0xfe, 0x0, 0x1c, 0x50, 0x0, 0x0, 0x0, 0x9f,
    0xff, 0x70, 0x1d, 0xff, 0xa4, 0x0, 0x15, 0xcf,
    0xff, 0xc0, 0x0, 0xcf, 0xff, 0xff, 0xff, 0xff,
    0xff, 0xd1, 0x0, 0x0, 0x9f, 0xff, 0xff, 0xff,
    0xff, 0xa0, 0x0, 0x0, 0x0, 0x27, 0xce, 0xfe,
    0xd8, 0x30, 0x0, 0x0,

    /* U+04ED "ӭ" */
    0x0, 0x0, 0x10, 0x0, 0x1, 0x0, 0x0, 0x0,
    0xd, 0xf7, 0x1, 0xef, 0x50, 0x0, 0x0, 0x2f,
    0xfc, 0x4, 0xff, 0x90, 0x0, 0x0, 0xb, 0xf5,
    0x0, 0xce, 0x30, 0x0, 0x0, 0x0, 0x0, 0x0,
    0x0, 0x0, 0x0, 0x0, 0x0, 0x0, 0x0, 0x0,
    0x0, 0x0, 0x0, 0x28, 0xce, 0xfd, 0xa4, 0x0,
    0x0, 0x8, 0xff, 0xff, 0xff, 0xff, 0xc1, 0x0,
    0x4f, 0xff, 0xc9, 0x9c, 0xff, 0xfd, 0x10, 0x6,
    0xd3, 0x0, 0x0, 0x3d, 0xff, 0xa0, 0x0, 0x0,
    0x0, 0x0, 0x1, 0xef, 0xf2, 0x0, 0x0, 0x35,
    0x55, 0x55, 0xef, 0xf6, 0x0, 0x0, 0x9f, 0xff,
    0xff, 0xff, 0xf8, 0x0, 0x0, 0x9f, 0xff, 0xff,
    0xff, 0xf8, 0x0, 0x0, 0x0, 0x0, 0x0, 0x9f,
    0xf6, 0x0, 0x0, 0x0, 0x0, 0x2, 0xff, 0xf1,
    0x7, 0xe4, 0x0, 0x0, 0x3d, 0xff, 0xa0, 0x4f,
    0xff, 0xda, 0xac, 0xff, 0xfd, 0x10, 0x8, 0xff,
    0xff, 0xff, 0xff, 0xc1, 0x0, 0x0, 0x28, 0xde,
    0xfd, 0xa4, 0x0, 0x0,

    /* U+04EE "Ӯ" */
    0x0, 0x0, 0x9f, 0xff, 0xff, 0xff, 0xf0, 0x0,
    0x0, 0x0, 0x0, 0x8f, 0xff, 0xff, 0xff, 0xf0,
    0x0, 0x0, 0x0, 0x0, 0x0, 0x0, 0x0, 0x0,
    0x0, 0x0, 0x0, 0x0, 0x0, 0x0, 0x0, 0x0,
    0x0, 0x0, 0x0, 0x0, 0x7f, 0xff, 0x10, 0x0,
    0x0, 0x0, 0x0, 0xef, 0xf3, 0xe, 0xff, 0x80,
    0x0, 0x0, 0x0, 0x7, 0xff, 0xb0, 0x6, 0xff,
    0xe0, 0x0, 0x0, 0x0, 0xe, 0xff, 0x20, 0x0,
    0xef, 0xf7, 0x0, 0x0, 0x0, 0x7f, 0xfa, 0x0,
    0x0, 0x6f, 0xfe, 0x0, 0x0, 0x0, 0xef, 0xf2,
    0x0, 0x0, 0xd, 0xff, 0x70, 0x0, 0x7, 0xff,
    0x90, 0x0, 0x0, 0x5, 0xff, 0xe0, 0x0, 0xe,
    0xff, 0x10, 0x0, 0x0, 0x0, 0xdf, 0xf6, 0x0,
    0x7f, 0xf9, 0x0, 0x0, 0x0, 0x0, 0x5f, 0xfe,
    0x0, 0xef, 0xf1, 0x0, 0x0, 0x0, 0x0, 0xc,
    0xff, 0x67, 0xff, 0x80, 0x0, 0x0, 0x0, 0x0,
    0x4, 0xff, 0xee, 0xff, 0x10, 0x0, 0x0, 0x0,
    0x0, 0x0, 0xcf, 0xff, 0xf8, 0x0, 0x0, 0x0,
    0x0, 0x0, 0x0, 0x4f, 0xff, 0xe0, 0x0, 0x0,
    0x0, 0x0, 0x0, 0x0, 0xf, 0xff, 0x70, 0x0,
    0x0, 0x0, 0x0, 0x0, 0x0, 0x6f, 0xfe, 0x0,
    0x0, 0x0, 0x0, 0x0, 0x48, 0x69, 0xff, 0xf5,
    0x0, 0x0, 0x0, 0x0, 0x0, 0xaf, 0xff, 0xff,
    0x90, 0x0, 0x0, 0x0, 0x0, 0x0, 0xff, 0xff,
    0xf8, 0x0, 0x0, 0x0, 0x0, 0x0, 0x0, 0x26,
    0x86, 0x10, 0x0, 0x0, 0x0, 0x0, 0x0,

    /* U+04EF "ӯ" */
    0x0, 0x4, 0xff, 0xff, 0xff, 0xff, 0x60, 0x0,
    0x0, 0x4, 0xff, 0xff, 0xff, 0xff, 0x50, 0x0,
    0x0, 0x0, 0x0, 0x0, 0x0, 0x0, 0x0, 0x0,
    0x0, 0x0, 0x0, 0x0, 0x0, 0x0, 0x0, 0x0,
    0xc, 0xff, 0x70, 0x0, 0x0, 0x0, 0x8f, 0xf7,
    0x5, 0xff, 0xe0, 0x0, 0x0, 0x0, 0xef, 0xf1,
    0x0, 0xef, 0xf4, 0x0, 0x0, 0x5, 0xff, 0xa0,
    0x0, 0x7f, 0xfb, 0x0, 0x0, 0xc, 0xff, 0x30,
    0x0, 0x1f, 0xff, 0x20, 0x0, 0x2f, 0xfd, 0x0,
    0x0, 0xa, 0xff, 0x80, 0x0, 0x9f, 0xf6, 0x0,
    0x0, 0x3, 0xff, 0xe0, 0x0, 0xff, 0xe0, 0x0,
    0x0, 0x0, 0xdf, 0xf5, 0x6, 0xff, 0x80, 0x0,
    0x0, 0x0, 0x6f, 0xfc, 0xd, 0xff, 0x20, 0x0,
    0x0, 0x0, 0xe, 0xff, 0x6f, 0xfb, 0x0, 0x0,
    0x0, 0x0, 0x8, 0xff, 0xff, 0xf4, 0x0, 0x0,
    0x0, 0x0, 0x2, 0xff, 0xff, 0xd0, 0x0, 0x0,
    0x0, 0x0, 0x0, 0xbf, 0xff, 0x70, 0x0, 0x0,
    0x0, 0x0, 0x0, 0x5f, 0xff, 0x10, 0x0, 0x0,
    0x0, 0x0, 0x0, 0x7f, 0xf9, 0x0, 0x0, 0x0,
    0x2, 0x40, 0x2, 0xef, 0xf2, 0x0, 0x0, 0x0,
    0xa, 0xfd, 0xbf, 0xff, 0xa0, 0x0, 0x0, 0x0,
    0x1f, 0xff, 0xff, 0xfd, 0x10, 0x0, 0x0, 0x0,
    0x3, 0xae, 0xfd, 0x81, 0x0, 0x0, 0x0, 0x0,

    /* U+04F0 "Ӱ" */
    0x0, 0x0, 0xb, 0xf5, 0x0, 0xce, 0x30, 0x0,
    0x0, 0x0, 0x0, 0x2f, 0xfc, 0x4, 0xff, 0x90,
    0x0, 0x0, 0x0, 0x0, 0xd, 0xf7, 0x1, 0xef,
    0x50, 0x0, 0x0, 0x0, 0x0, 0x0, 0x10, 0x0,
    0x1, 0x0, 0x0, 0x0, 0x0, 0x0, 0x0, 0x0,
    0x0, 0x0, 0x0, 0x0, 0x0, 0x7f, 0xff, 0x10,
    0x0, 0x0, 0x0, 0x0, 0xef, 0xf3, 0xe, 0xff,
    0x80, 0x0, 0x0, 0x0, 0x7, 0xff, 0xb0, 0x6,
    0xff, 0xe0, 0x0, 0x0, 0x0, 0xe, 0xff, 0x20,
    0x0, 0xef, 0xf7, 0x0, 0x0, 0x0, 0x7f, 0xfa,
    0x0, 0x0, 0x6f, 0xfe, 0x0, 0x0, 0x0, 0xef,
    0xf2, 0x0, 0x0, 0xd, 0xff, 0x70, 0x0, 0x7,
    0xff, 0x90, 0x0, 0x0, 0x5, 0xff, 0xe0, 0x0,
    0xe, 0xff, 0x10, 0x0, 0x0, 0x0, 0xdf, 0xf6,
    0x0, 0x7f, 0xf9, 0x0, 0x0, 0x0, 0x0, 0x5f,
    0xfe, 0x0, 0xef, 0xf1, 0x0, 0x0, 0x0, 0x0,
    0xc, 0xff, 0x67, 0xff, 0x80, 0x0, 0x0, 0x0,
    0x0, 0x4, 0xff, 0xee, 0xff, 0x10, 0x0, 0x0,
    0x0, 0x0, 0x0, 0xcf, 0xff, 0xf8, 0x0, 0x0,
    0x0, 0x0, 0x0, 0x0, 0x4f, 0xff, 0xe0, 0x0,
    0x0, 0x0, 0x0, 0x0, 0x0, 0xf, 0xff, 0x70,
    0x0, 0x0, 0x0, 0x0, 0x0, 0x0, 0x6f, 0xfe,
    0x0, 0x0, 0x0, 0x0, 0x0, 0x48, 0x69, 0xff,
    0xf5, 0x0, 0x0, 0x0, 0x0, 0x0, 0xaf, 0xff,
    0xff, 0x90, 0x0, 0x0, 0x0, 0x0, 0x0, 0xff,
    0xff, 0xf8, 0x0, 0x0, 0x0, 0x0, 0x0, 0x0,
    0x26, 0x86, 0x10, 0x0, 0x0, 0x0, 0x0, 0x0,

    /* U+04F1 "ӱ" */
    0x0, 0x0, 0x1, 0x0, 0x0, 0x10, 0x0, 0x0,
    0x0, 0x0, 0x8f, 0xc0, 0xa, 0xf9, 0x0, 0x0,
    0x0, 0x0, 0xdf, 0xf1, 0xf, 0xfe, 0x0, 0x0,
    0x0, 0x0, 0x6f, 0xa0, 0x9, 0xf8, 0x0, 0x0,
    0x0, 0x0, 0x0, 0x0, 0x0, 0x0, 0x0, 0x0,
    0x0, 0x0, 0x0, 0x0, 0x0, 0x0, 0x0, 0x0,
    0xc, 0xff, 0x70, 0x0, 0x0, 0x0, 0x8f, 0xf7,
    0x5, 0xff, 0xe0, 0x0, 0x0, 0x0, 0xef, 0xf1,
    0x0, 0xef, 0xf4, 0x0, 0x0, 0x5, 0xff, 0xa0,
    0x0, 0x7f, 0xfb, 0x0, 0x0, 0xc, 0xff, 0x30,
    0x0, 0x1f, 0xff, 0x20, 0x0, 0x2f, 0xfd, 0x0,
    0x0, 0xa, 0xff, 0x80, 0x0, 0x9f, 0xf6, 0x0,
    0x0, 0x3, 0xff, 0xe0, 0x0, 0xff, 0xe0, 0x0,
    0x0, 0x0, 0xdf, 0xf5, 0x6, 0xff, 0x80, 0x0,
    0x0, 0x0, 0x6f, 0xfc, 0xd, 0xff, 0x20, 0x0,
    0x0, 0x0, 0xe, 0xff, 0x6f, 0xfb, 0x0, 0x0,
    0x0, 0x0, 0x8, 0xff, 0xff, 0xf4, 0x0, 0x0,
    0x0, 0x0, 0x2, 0xff, 0xff, 0xd0, 0x0, 0x0,
    0x0, 0x0, 0x0, 0xbf, 0xff, 0x70, 0x0, 0x0,
    0x0, 0x0, 0x0, 0x5f, 0xff, 0x10, 0x0, 0x0,
    0x0, 0x0, 0x0, 0x7f, 0xf9, 0x0, 0x0, 0x0,
    0x2, 0x40, 0x2, 0xef, 0xf2, 0x0, 0x0, 0x0,
    0xa, 0xfd, 0xbf, 0xff, 0xa0, 0x0, 0x0, 0x0,
    0x1f, 0xff, 0xff, 0xfd, 0x10, 0x0, 0x0, 0x0,
    0x3, 0xae, 0xfd, 0x81, 0x0, 0x0, 0x0, 0x0,

    /* U+04F2 "Ӳ" */
    0x0, 0x0, 0x0, 0x2f, 0xfd, 0x7, 0xff, 0x90,
    0x0, 0x0, 0x0, 0x0, 0xaf, 0xf2, 0x1e, 0xfc,
    0x0, 0x0, 0x0, 0x0, 0x4, 0xff, 0x60, 0x9f,
    0xf2, 0x0, 0x0, 0x0, 0x0, 0x6, 0x87, 0x0,
    0x88, 0x40, 0x0, 0x0, 0x0, 0x0, 0x0, 0x0,
    0x0, 0x0, 0x0, 0x0, 0x0, 0x7f, 0xff, 0x10,
    0x0, 0x0, 0x0, 0x0, 0xef, 0xf3, 0xe, 0xff,
    0x80, 0x0, 0x0, 0x0, 0x7, 0xff, 0xb0, 0x6,
    0xff, 0xe0, 0x0, 0x0, 0x0, 0xe, 0xff, 0x20,
    0x0, 0xef, 0xf7, 0x0, 0x0, 0x0, 0x7f, 0xfa,
    0x0, 0x0, 0x6f, 0xfe, 0x0, 0x0, 0x0, 0xef,
    0xf2, 0x0, 0x0, 0xd, 0xff, 0x70, 0x0, 0x7,
    0xff, 0x90, 0x0, 0x0, 0x5, 0xff, 0xe0, 0x0,
    0xe, 0xff, 0x10, 0x0, 0x0, 0x0, 0xdf, 0xf6,
    0x0, 0x7f, 0xf9, 0x0, 0x0, 0x0, 0x0, 0x5f,
    0xfe, 0x0, 0xef, 0xf1, 0x0, 0x0, 0x0, 0x0,
    0xc, 0xff, 0x67, 0xff, 0x80, 0x0, 0x0, 0x0,
    0x0, 0x4, 0xff, 0xee, 0xff, 0x10, 0x0, 0x0,
    0x0, 0x0, 0x0, 0xcf, 0xff, 0xf8, 0x0, 0x0,
    0x0, 0x0, 0x0, 0x0, 0x4f, 0xff, 0xe0, 0x0,
    0x0, 0x0, 0x0, 0x0, 0x0, 0xf, 0xff, 0x70,
    0x0, 0x0, 0x0, 0x0, 0x0, 0x0, 0x6f, 0xfe,
    0x0, 0x0, 0x0, 0x0, 0x0, 0x48, 0x69, 0xff,
    0xf5, 0x0, 0x0, 0x0, 0x0, 0x0, 0xaf, 0xff,
    0xff, 0x90, 0x0, 0x0, 0x0, 0x0, 0x0, 0xff,
    0xff, 0xf8, 0x0, 0x0, 0x0, 0x0, 0x0, 0x0,
    0x26, 0x86, 0x10, 0x0, 0x0, 0x0, 0x0, 0x0,

    /* U+04F3 "ӳ" */
    0x0, 0x0, 0x0, 0x58, 0x83, 0x8, 0x88, 0x0,
    0x0, 0x0, 0x2, 0xff, 0xc0, 0x6f, 0xf8, 0x0,
    0x0, 0x0, 0xa, 0xfe, 0x20, 0xef, 0xb0, 0x0,
    0x0, 0x0, 0x3f, 0xf4, 0x8, 0xfe, 0x10, 0x0,
    0x0, 0x0, 0x0, 0x0, 0x0, 0x0, 0x0, 0x0,
    0x0, 0x0, 0x0, 0x0, 0x0, 0x0, 0x0, 0x0,
    0xc, 0xff, 0x70, 0x0, 0x0, 0x0, 0x8f, 0xf7,
    0x5, 0xff, 0xe0, 0x0, 0x0, 0x0, 0xef, 0xf1,
    0x0, 0xef, 0xf4, 0x0, 0x0, 0x5, 0xff, 0xa0,
    0x0, 0x7f, 0xfb, 0x0, 0x0, 0xc, 0xff, 0x30,
    0x0, 0x1f, 0xff, 0x20, 0x0, 0x2f, 0xfd, 0x0,
    0x0, 0xa, 0xff, 0x80, 0x0, 0x9f, 0xf6, 0x0,
    0x0, 0x3, 0xff, 0xe0, 0x0, 0xff, 0xe0, 0x0,
    0x0, 0x0, 0xdf, 0xf5, 0x6, 0xff, 0x80, 0x0,
    0x0, 0x0, 0x6f, 0xfc, 0xd, 0xff, 0x20, 0x0,
    0x0, 0x0, 0xe, 0xff, 0x6f, 0xfb, 0x0, 0x0,
    0x0, 0x0, 0x8, 0xff, 0xff, 0xf4, 0x0, 0x0,
    0x0, 0x0, 0x2, 0xff, 0xff, 0xd0, 0x0, 0x0,
    0x0, 0x0, 0x0, 0xbf, 0xff, 0x70, 0x0, 0x0,
    0x0, 0x0, 0x0, 0x5f, 0xff, 0x10, 0x0, 0x0,
    0x0, 0x0, 0x0, 0x7f, 0xf9, 0x0, 0x0, 0x0,
    0x2, 0x40, 0x2, 0xef, 0xf2, 0x0, 0x0, 0x0,
    0xa, 0xfd, 0xbf, 0xff, 0xa0, 0x0, 0x0, 0x0,
    0x1f, 0xff, 0xff, 0xfd, 0x10, 0x0, 0x0, 0x0,
    0x3, 0xae, 0xfd, 0x81, 0x0, 0x0, 0x0, 0x0,

    /* U+04F4 "Ӵ" */
    0x0, 0x0, 0x4e, 0xb0, 0x7, 0xf9, 0x0, 0x0,
    0x0, 0x0, 0xbf, 0xf3, 0xd, 0xff, 0x0, 0x0,
    0x0, 0x0, 0x6f, 0xd0, 0x9, 0xfc, 0x0, 0x0,
    0x0, 0x0, 0x1, 0x0, 0x0, 0x10, 0x0, 0x0,
    0x0, 0x0, 0x0, 0x0, 0x0, 0x0, 0x0, 0x0,
    0x4f, 0xfe, 0x0, 0x0, 0x0, 0x0, 0xaf, 0xf9,
    0x4f, 0xfe, 0x0, 0x0, 0x0, 0x0, 0xaf, 0xf9,
    0x4f, 0xfe, 0x0, 0x0, 0x0, 0x0, 0xaf, 0xf9,
    0x4f, 0xfe, 0x0, 0x0, 0x0, 0x0, 0xaf, 0xf9,
    0x4f, 0xfe, 0x0, 0x0, 0x0, 0x0, 0xaf, 0xf9,
    0x4f, 0xff, 0x0, 0x0, 0x0, 0x0, 0xaf, 0xf9,
    0x3f, 0xff, 0x10, 0x0, 0x0, 0x0, 0xaf, 0xf9,
    0x1f, 0xff, 0x80, 0x0, 0x0, 0x0, 0xaf, 0xf9,
    0xc, 0xff, 0xf9, 0x20, 0x0, 0x37, 0xff, 0xf9,
    0x3, 0xff, 0xff, 0xff, 0xef, 0xff, 0xff, 0xf9,
    0x0, 0x5f, 0xff, 0xff, 0xff, 0xff, 0xff, 0xf9,
    0x0, 0x1, 0x7c, 0xef, 0xfd, 0xa5, 0xaf, 0xf9,
    0x0, 0x0, 0x0, 0x0, 0x0, 0x0, 0xaf, 0xf9,
    0x0, 0x0, 0x0, 0x0, 0x0, 0x0, 0xaf, 0xf9,
    0x0, 0x0, 0x0, 0x0, 0x0, 0x0, 0xaf, 0xf9,
    0x0, 0x0, 0x0, 0x0, 0x0, 0x0, 0xaf, 0xf9,
    0x0, 0x0, 0x0, 0x0, 0x0, 0x0, 0xaf, 0xf9,
    0x0, 0x0, 0x0, 0x0, 0x0, 0x0, 0xaf, 0xf9,

    /* U+04F5 "ӵ" */
    0x0, 0x0, 0x10, 0x0, 0x1, 0x0, 0x0, 0x0,
    0x7, 0xfc, 0x0, 0x9f, 0xa0, 0x0, 0x0, 0xc,
    0xff, 0x20, 0xef, 0xf0, 0x0, 0x0, 0x6, 0xfa,
    0x0, 0x8f, 0x90, 0x0, 0x0, 0x0, 0x0, 0x0,
    0x0, 0x0, 0x0, 0x0, 0x0, 0x0, 0x0, 0x0,
    0x0, 0x0, 0xf, 0xff, 0x10, 0x0, 0x0, 0xbf,
    0xf6, 0xf, 0xff, 0x10, 0x0, 0x0, 0xbf, 0xf6,
    0xf, 0xff, 0x10, 0x0, 0x0, 0xbf, 0xf6, 0xf,
    0xff, 0x10, 0x0, 0x0, 0xbf, 0xf6, 0xf, 0xff,
    0x10, 0x0, 0x0, 0xbf, 0xf6, 0xf, 0xff, 0x50,
    0x0, 0x0, 0xbf, 0xf6, 0xc, 0xff, 0xe4, 0x1,
    0x38, 0xff, 0xf6, 0x5, 0xff, 0xff, 0xff, 0xff,
    0xff, 0xf6, 0x0, 0x7f, 0xff, 0xff, 0xfe, 0xff,
    0xf6, 0x0, 0x1, 0x68, 0x97, 0x40, 0xbf, 0xf6,
    0x0, 0x0, 0x0, 0x0, 0x0, 0xbf, 0xf6, 0x0,
    0x0, 0x0, 0x0, 0x0, 0xbf, 0xf6, 0x0, 0x0,
    0x0, 0x0, 0x0, 0xbf, 0xf6, 0x0, 0x0, 0x0,
    0x0, 0x0, 0xbf, 0xf6,

    /* U+04F6 "Ӷ" */
    0x8f, 0xff, 0xff, 0xff, 0xff, 0xff, 0x58, 0xff,
    0xff, 0xff, 0xff, 0xff, 0xf5, 0x8f, 0xff, 0xdd,
    0xdd, 0xdd, 0xdd, 0x48, 0xff, 0xa0, 0x0, 0x0,
    0x0, 0x0, 0x8f, 0xfa, 0x0, 0x0, 0x0, 0x0,
    0x8, 0xff, 0xa0, 0x0, 0x0, 0x0, 0x0, 0x8f,
    0xfa, 0x0, 0x0, 0x0, 0x0, 0x8, 0xff, 0xa0,
    0x0, 0x0, 0x0, 0x0, 0x8f, 0xfa, 0x0, 0x0,
    0x0, 0x0, 0x8, 0xff, 0xa0, 0x0, 0x0, 0x0,
    0x0, 0x8f, 0xfa, 0x0, 0x0, 0x0, 0x0, 0x8,
    0xff, 0xa0, 0x0, 0x0, 0x0, 0x0, 0x8f, 0xfa,
    0x0, 0x0, 0x0, 0x0, 0x8, 0xff, 0xa0, 0x0,
    0x0, 0x0, 0x0, 0x8f, 0xfa, 0x0, 0x0, 0x0,
    0x0, 0xf, 0xff, 0xfd, 0xd3, 0x0, 0x0, 0x0,
    0xff, 0xff, 0xff, 0x40, 0x0, 0x0, 0xf, 0xff,
    0xff, 0xf4, 0x0, 0x0, 0x0, 0x0, 0xc, 0xff,
    0x40, 0x0, 0x0, 0x0, 0x0, 0xcf, 0xf4, 0x0,
    0x0, 0x0, 0x0, 0xc, 0xff, 0x40, 0x0, 0x0,
    0x0, 0x0, 0xcf, 0xf4, 0x0, 0x0, 0x0,

    /* U+04F7 "ӷ" */
    0xef, 0xff, 0xff, 0xff, 0xff, 0x5e, 0xff, 0xff,
    0xff, 0xff, 0xf5, 0xef, 0xff, 0xcc, 0xcc, 0xcc,
    0x4e, 0xff, 0x30, 0x0, 0x0, 0x0, 0xef, 0xf3,
    0x0, 0x0, 0x0, 0xe, 0xff, 0x30, 0x0, 0x0,
    0x0, 0xef, 0xf3, 0x0, 0x0, 0x0, 0xe, 0xff,
    0x30, 0x0, 0x0, 0x0, 0xef, 0xf3, 0x0, 0x0,
    0x0, 0xe, 0xff, 0x30, 0x0, 0x0, 0x0, 0xef,
    0xf3, 0x0, 0x0, 0x0, 0xf, 0xff, 0xfc, 0x30,
    0x0, 0x0, 0xff, 0xff, 0xf4, 0x0, 0x0, 0xf,
    0xff, 0xff, 0x40, 0x0, 0x0, 0x0, 0xaf, 0xf4,
    0x0, 0x0, 0x0, 0xa, 0xff, 0x40, 0x0, 0x0,
    0x0, 0xaf, 0xf4, 0x0, 0x0, 0x0,

    /* U+04F8 "Ӹ" */
    0x0, 0x0, 0x0, 0xb, 0xf5, 0x1, 0xce, 0x30,
    0x0, 0x0, 0x0, 0x0, 0x0, 0x2, 0xff, 0xb0,
    0x5f, 0xf9, 0x0, 0x0, 0x0, 0x0, 0x0, 0x0,
    0xd, 0xf7, 0x1, 0xef, 0x40, 0x0, 0x0, 0x0,
    0x0, 0x0, 0x0, 0x1, 0x0, 0x0, 0x10, 0x0,
    0x0, 0x0, 0x0, 0x0, 0x0, 0x0, 0x0, 0x0,
    0x0, 0x0, 0x0, 0x0, 0x8, 0xff, 0xa0, 0x0,
    0x0, 0x0, 0x0, 0x0, 0x0, 0x6f, 0xfc, 0x8f,
    0xfa, 0x0, 0x0, 0x0, 0x0, 0x0, 0x0, 0x6,
    0xff, 0xc8, 0xff, 0xa0, 0x0, 0x0, 0x0, 0x0,
    0x0, 0x0, 0x6f, 0xfc, 0x8f, 0xfa, 0x0, 0x0,
    0x0, 0x0, 0x0, 0x0, 0x6, 0xff, 0xc8, 0xff,
    0xa0, 0x0, 0x0, 0x0, 0x0, 0x0, 0x0, 0x6f,
    0xfc, 0x8f, 0xfa, 0x0, 0x0, 0x0, 0x0, 0x0,
    0x0, 0x6, 0xff, 0xc8, 0xff, 0xff, 0xff, 0xff,
    0xfc, 0x82, 0x0, 0x0, 0x6f, 0xfc, 0x8f, 0xff,
    0xff, 0xff, 0xff, 0xff, 0xf5, 0x0, 0x6, 0xff,
    0xc8, 0xff, 0xd9, 0x99, 0x9a, 0xcf, 0xff, 0xf3,
    0x0, 0x6f, 0xfc, 0x8f, 0xfa, 0x0, 0x0, 0x0,
    0x3e, 0xff, 0xa0, 0x6, 0xff, 0xc8, 0xff, 0xa0,
    0x0, 0x0, 0x0, 0x7f, 0xfe, 0x0, 0x6f, 0xfc,
    0x8f, 0xfa, 0x0, 0x0, 0x0, 0x3, 0xff, 0xf0,
    0x6, 0xff, 0xc8, 0xff, 0xa0, 0x0, 0x0, 0x0,
    0x4f, 0xff, 0x0, 0x6f, 0xfc, 0x8f, 0xfa, 0x0,
    0x0, 0x0, 0x8, 0xff, 0xd0, 0x6, 0xff, 0xc8,
    0xff, 0xa0, 0x0, 0x0, 0x6, 0xff, 0xf8, 0x0,
    0x6f, 0xfc, 0x8f, 0xfd, 0x99, 0x99, 0xad, 0xff,
    0xfe, 0x10, 0x6, 0xff, 0xc8, 0xff, 0xff, 0xff,
    0xff, 0xff, 0xfd, 0x20, 0x0, 0x6f, 0xfc, 0x8f,
    0xff, 0xff, 0xff, 0xfe, 0xb6, 0x0, 0x0, 0x6,
    0xff, 0xc0,

    /* U+04F9 "ӹ" */
    0x0, 0x0, 0x0, 0x10, 0x0, 0x0, 0x0, 0x0,
    0x0, 0x0, 0x0, 0xdf, 0x60, 0x2e, 0xf4, 0x0,
    0x0, 0x0, 0x0, 0x3f, 0xfa, 0x6, 0xff, 0x80,
    0x0, 0x0, 0x0, 0x0, 0xce, 0x40, 0x1d, 0xe3,
    0x0, 0x0, 0x0, 0x0, 0x0, 0x0, 0x0, 0x0,
    0x0, 0x0, 0x0, 0x0, 0x0, 0x0, 0x0, 0x0,
    0x0, 0x0, 0x0, 0xef, 0xf3, 0x0, 0x0, 0x0,
    0x0, 0x6, 0xff, 0xbe, 0xff, 0x30, 0x0, 0x0,
    0x0, 0x0, 0x6f, 0xfb, 0xef, 0xf3, 0x0, 0x0,
    0x0, 0x0, 0x6, 0xff, 0xbe, 0xff, 0x30, 0x0,
    0x0, 0x0, 0x0, 0x6f, 0xfb, 0xef, 0xf6, 0x33,
    0x32, 0x0, 0x0, 0x6, 0xff, 0xbe, 0xff, 0xff,
    0xff, 0xff, 0xa1, 0x0, 0x6f, 0xfb, 0xef, 0xff,
    0xff, 0xff, 0xff, 0xe1, 0x6, 0xff, 0xbe, 0xff,
    0x30, 0x1, 0x5e, 0xff, 0x80, 0x6f, 0xfb, 0xef,
    0xf3, 0x0, 0x0, 0x7f, 0xfc, 0x6, 0xff, 0xbe,
    0xff, 0x30, 0x0, 0x5, 0xff, 0xd0, 0x6f, 0xfb,
    0xef, 0xf3, 0x0, 0x0, 0xaf, 0xfb, 0x6, 0xff,
    0xbe, 0xff, 0x86, 0x67, 0xcf, 0xff, 0x50, 0x6f,
    0xfb, 0xef, 0xff, 0xff, 0xff, 0xff, 0x90, 0x6,
    0xff, 0xbe, 0xff, 0xff, 0xff, 0xeb, 0x40, 0x0,
    0x6f, 0xfb,

    /* U+04FA "Ӻ" */
    0x0, 0xc, 0xff, 0xff, 0xff, 0xff, 0xff, 0xf2,
    0x0, 0xc, 0xff, 0xff, 0xff, 0xff, 0xff, 0xf2,
    0x0, 0xc, 0xff, 0xed, 0xdd, 0xdd, 0xdd, 0xd2,
    0x0, 0xc, 0xff, 0x70, 0x0, 0x0, 0x0, 0x0,
    0x0, 0xc, 0xff, 0x70, 0x0, 0x0, 0x0, 0x0,
    0x0, 0xc, 0xff, 0x70, 0x0, 0x0, 0x0, 0x0,
    0x0, 0xc, 0xff, 0x70, 0x0, 0x0, 0x0, 0x0,
    0x0, 0xc, 0xff, 0x70, 0x0, 0x0, 0x0, 0x0,
    0x6f, 0xff, 0xff, 0xff, 0xff, 0xff, 0xf8, 0x0,
    0x6f, 0xff, 0xff, 0xff, 0xff, 0xff, 0xf8, 0x0,
    0x25, 0x5f, 0xff, 0xc5, 0x55, 0x55, 0x52, 0x0,
    0x0, 0xc, 0xff, 0x70, 0x0, 0x0, 0x0, 0x0,
    0x0, 0xc, 0xff, 0x70, 0x0, 0x0, 0x0, 0x0,
    0x0, 0xc, 0xff, 0x70, 0x0, 0x0, 0x0, 0x0,
    0x0, 0xc, 0xff, 0x70, 0x0, 0x0, 0x0, 0x0,
    0x0, 0xf, 0xff, 0xfa, 0x80, 0x0, 0x0, 0x0,
    0x0, 0xf, 0xff, 0xff, 0xc0, 0x0, 0x0, 0x0,
    0x0, 0xf, 0xff, 0xff, 0xc0, 0x0, 0x0, 0x0,
    0x0, 0x0, 0x6, 0xff, 0xb0, 0x0, 0x0, 0x0,
    0x0, 0x0, 0xb, 0xff, 0xa0, 0x0, 0x0, 0x0,
    0x4, 0xea, 0xdf, 0xff, 0x50, 0x0, 0x0, 0x0,
    0xa, 0xff, 0xff, 0xfb, 0x0, 0x0, 0x0, 0x0,
    0x4, 0xae, 0xfd, 0x70, 0x0, 0x0, 0x0, 0x0,

    /* U+04FB "ӻ" */
    0x0, 0x3f, 0xff, 0xff, 0xff, 0xff, 0x10, 0x3,
    0xff, 0xff, 0xff, 0xff, 0xf1, 0x0, 0x3f, 0xff,
    0xcc, 0xcc, 0xcc, 0x0, 0x3, 0xff, 0xe0, 0x0,
    0x0, 0x0, 0x0, 0x3f, 0xfe, 0x0, 0x0, 0x0,
    0x0, 0x3, 0xff, 0xe0, 0x0, 0x0, 0x0, 0x5f,
    0xff, 0xff, 0xff, 0xff, 0xe0, 0x5, 0xff, 0xff,
    0xff, 0xff, 0xfe, 0x0, 0x2, 0x5f, 0xff, 0x22,
    0x22, 0x10, 0x0, 0x3, 0xff, 0xe0, 0x0, 0x0,
    0x0, 0x0, 0x3f, 0xfe, 0x0, 0x0, 0x0, 0x0,
    0x5, 0xff, 0xf9, 0x80, 0x0, 0x0, 0x0, 0x6f,
    0xff, 0xfe, 0x0, 0x0, 0x0, 0x6, 0xff, 0xff,
    0xe0, 0x0, 0x0, 0x0, 0x0, 0x3f, 0xfe, 0x0,
    0x0, 0x0, 0x0, 0x7, 0xff, 0xc0, 0x0, 0x0,
    0x1e, 0xaa, 0xff, 0xf7, 0x0, 0x0, 0x6, 0xff,
    0xff, 0xfd, 0x0, 0x0, 0x0, 0x2a, 0xef, 0xd8,
    0x0, 0x0, 0x0, 0x0,

    /* U+04FC "Ӽ" */
    0x2f, 0xff, 0xa0, 0x0, 0x0, 0x0, 0x3f, 0xff,
    0x50, 0x5f, 0xff, 0x50, 0x0, 0x0, 0xd, 0xff,
    0xa0, 0x0, 0xaf, 0xff, 0x10, 0x0, 0x8, 0xff,
    0xe0, 0x0, 0x1, 0xef, 0xfc, 0x0, 0x4, 0xff,
    0xf3, 0x0, 0x0, 0x4, 0xff, 0xf7, 0x0, 0xef,
    0xf8, 0x0, 0x0, 0x0, 0x9, 0xff, 0xf3, 0xaf,
    0xfc, 0x0, 0x0, 0x0, 0x0, 0xd, 0xff, 0xef,
    0xff, 0x20, 0x0, 0x0, 0x0, 0x0, 0x2f, 0xff,
    0xff, 0x60, 0x0, 0x0, 0x0, 0x0, 0x0, 0x7f,
    0xff, 0xf0, 0x0, 0x0, 0x0, 0x0, 0x0, 0xb,
    0xff, 0xff, 0x50, 0x0, 0x0, 0x0, 0x0, 0x7,
    0xff, 0xff, 0xff, 0x20, 0x0, 0x0, 0x0, 0x3,
    0xff, 0xf8, 0xef, 0xfd, 0x10, 0x0, 0x0, 0x0,
    0xdf, 0xfb, 0x3, 0xff, 0xfb, 0x0, 0x0, 0x0,
    0x9f, 0xfe, 0x10, 0x7, 0xff, 0xf7, 0x0, 0x0,
    0x4f, 0xff, 0x50, 0x0, 0xb, 0xff, 0xf2, 0x0,
    0x1e, 0xff, 0xa0, 0x0, 0x0, 0x1e, 0xff, 0xb0,
    0xb, 0xff, 0xe1, 0x0, 0x0, 0x0, 0x7f, 0xff,
    0x36, 0xff, 0xf4, 0x0, 0x0, 0x0, 0x0, 0xff,
    0xf8, 0x0, 0x0, 0x0, 0x0, 0x0, 0x0, 0xd,
    0xff, 0xa0, 0x0, 0x0, 0x0, 0x0, 0x0, 0x2,
    0xff, 0xf9, 0x0, 0x0, 0x0, 0x0, 0x6, 0xdb,
    0xef, 0xff, 0x40, 0x0, 0x0, 0x0, 0x0, 0xbf,
    0xff, 0xff, 0xa0, 0x0, 0x0, 0x0, 0x0, 0x6,
    0xce, 0xfc, 0x60, 0x0,

    /* U+04FD "ӽ" */
    0x4f, 0xff, 0x30, 0x0, 0x1, 0xef, 0xf6, 0x8,
    0xff, 0xe1, 0x0, 0xa, 0xff, 0xb0, 0x0, 0xcf,
    0xfa, 0x0, 0x6f, 0xfe, 0x10, 0x0, 0x2f, 0xff,
    0x62, 0xff, 0xf4, 0x0, 0x0, 0x5, 0xff, 0xfd,
    0xff, 0x80, 0x0, 0x0, 0x0, 0xaf, 0xff, 0xfc,
    0x0, 0x0, 0x0, 0x0, 0xe, 0xff, 0xf2, 0x0,
    0x0, 0x0, 0x0, 0x2f, 0xff, 0xfa, 0x0, 0x0,
    0x0, 0x0, 0xcf, 0xff, 0xff, 0x70, 0x0, 0x0,
    0x9, 0xff, 0xd7, 0xff, 0xf4, 0x0, 0x0, 0x4f,
    0xff, 0x30, 0x9f, 0xfe, 0x10, 0x1, 0xef, 0xf7,
    0x0, 0xc, 0xff, 0xb0, 0xb, 0xff, 0xb0, 0x0,
    0x1, 0xff, 0xf4, 0x7f, 0xfe, 0x10, 0x0, 0x0,
    0x8f, 0xfa, 0x0, 0x0, 0x0, 0x0, 0x0, 0x4f,
    0xfd, 0x0, 0x0, 0x0, 0x0, 0x0, 0x8f, 0xfd,
    0x0, 0x0, 0x0, 0xe, 0xbc, 0xff, 0xf9, 0x0,
    0x0, 0x0, 0x5f, 0xff, 0xff, 0xe1, 0x0, 0x0,
    0x0, 0x29, 0xdf, 0xe9, 0x10,

    /* U+04FE "Ӿ" */
    0xb, 0xff, 0xe1, 0x0, 0x0, 0x0, 0x7f, 0xff,
    0x50, 0x2, 0xff, 0xfa, 0x0, 0x0, 0x2, 0xff,
    0xfa, 0x0, 0x0, 0x6f, 0xff, 0x50, 0x0, 0xc,
    0xff, 0xe1, 0x0, 0x0, 0xb, 0xff, 0xf1, 0x0,
    0x8f, 0xff, 0x40, 0x0, 0x0, 0x1, 0xff, 0xfb,
    0x3, 0xff, 0xf9, 0x0, 0x0, 0x0, 0x0, 0x5f,
    0xff, 0x7d, 0xff, 0xe0, 0x0, 0x0, 0x0, 0x0,
    0xb, 0xff, 0xff, 0xff, 0x40, 0x0, 0x0, 0x0,
    0x45, 0x57, 0xff, 0xff, 0xff, 0x55, 0x51, 0x0,
    0x0, 0xcf, 0xff, 0xff, 0xff, 0xff, 0xff, 0xf3,
    0x0, 0x0, 0xcf, 0xff, 0xff, 0xff, 0xff, 0xff,
    0xf3, 0x0, 0x0, 0x0, 0x5, 0xff, 0xff, 0xff,
    0x20, 0x0, 0x0, 0x0, 0x0, 0x1f, 0xff, 0xcf,
    0xff, 0xc0, 0x0, 0x0, 0x0, 0x0, 0xbf, 0xfe,
    0x17, 0xff, 0xf7, 0x0, 0x0, 0x0, 0x6, 0xff,
    0xf5, 0x0, 0xcf, 0xff, 0x20, 0x0, 0x0, 0x2f,
    0xff, 0xa0, 0x0, 0x2f, 0xff, 0xc0, 0x0, 0x0,
    0xcf, 0xfe, 0x10, 0x0, 0x6, 0xff, 0xf8, 0x0,
    0x7, 0xff, 0xf4, 0x0, 0x0, 0x0, 0xbf, 0xff,
    0x30, 0x2f, 0xff, 0x90, 0x0, 0x0, 0x0, 0x1e,
    0xff, 0xd0,

    /* U+04FF "ӿ" */
    0x1e, 0xff, 0x80, 0x0, 0x0, 0xaf, 0xfa, 0x0,
    0x5f, 0xff, 0x30, 0x0, 0x5f, 0xfe, 0x10, 0x0,
    0xaf, 0xfd, 0x0, 0x2f, 0xff, 0x30, 0x0, 0x0,
    0xef, 0xf9, 0xc, 0xff, 0x80, 0x0, 0x0, 0x3,
    0xff, 0xfd, 0xff, 0xc0, 0x0, 0x0, 0x0, 0x8,
    0xff, 0xff, 0xf2, 0x0, 0x0, 0x0, 0xff, 0xff,
    0xff, 0xff, 0xff, 0xa0, 0x0, 0xf, 0xff, 0xff,
    0xff, 0xff, 0xfa, 0x0, 0x0, 0x22, 0xbf, 0xff,
    0xff, 0x72, 0x10, 0x0, 0x0, 0x4f, 0xff, 0xaf,
    0xfe, 0x10, 0x0, 0x0, 0x1e, 0xff, 0x60, 0xcf,
    0xfb, 0x0, 0x0, 0xc, 0xff, 0xa0, 0x2, 0xff,
    0xf7, 0x0, 0x8, 0xff, 0xd0, 0x0, 0x6, 0xff,
    0xf3, 0x4, 0xff, 0xf3, 0x0, 0x0, 0xb, 0xff,
    0xd0,

    /* U+2007 " " */

    /* U+2008 " " */

    /* U+2009 " " */

    /* U+200A " " */

    /* U+200B "​" */

    /* U+2010 "‐" */
    0x7b, 0xbb, 0xbb, 0xb2, 0xaf, 0xff, 0xff, 0xf4,
    0xaf, 0xff, 0xff, 0xf4,

    /* U+2012 "‒" */
    0x12, 0x22, 0x22, 0x22, 0x22, 0x22, 0x22, 0x20,
    0xef, 0xff, 0xff, 0xff, 0xff, 0xff, 0xff, 0xf6,
    0xef, 0xff, 0xff, 0xff, 0xff, 0xff, 0xff, 0xf6,

    /* U+2013 "–" */
    0x22, 0x22, 0x22, 0x22, 0x22, 0x22, 0x1f, 0xff,
    0xff, 0xff, 0xff, 0xff, 0xf8, 0xff, 0xff, 0xff,
    0xff, 0xff, 0xff, 0x80,

    /* U+2014 "—" */
    0x22, 0x22, 0x22, 0x22, 0x22, 0x22, 0x22, 0x22,
    0x22, 0x22, 0x22, 0x22, 0x2f, 0xff, 0xff, 0xff,
    0xff, 0xff, 0xff, 0xff, 0xff, 0xff, 0xff, 0xff,
    0xff, 0xff, 0xff, 0xff, 0xff, 0xff, 0xff, 0xff,
    0xff, 0xff, 0xff, 0xff, 0xff, 0xf0,

    /* U+2015 "―" */
    0x22, 0x22, 0x22, 0x22, 0x22, 0x22, 0x22, 0x22,
    0x22, 0x22, 0x22, 0x22, 0x2f, 0xff, 0xff, 0xff,
    0xff, 0xff, 0xff, 0xff, 0xff, 0xff, 0xff, 0xff,
    0xff, 0xff, 0xff, 0xff, 0xff, 0xff, 0xff, 0xff,
    0xff, 0xff, 0xff, 0xff, 0xff, 0xf0,

    /* U+2018 "‘" */
    0x4, 0xfb, 0x0, 0xaf, 0x70, 0x1f, 0xf3, 0x6,
    0xff, 0x0, 0xbf, 0xf8, 0xf, 0xff, 0xf0, 0xef,
    0xfe, 0x4, 0xee, 0x50,

    /* U+2019 "’" */
    0x1, 0x20, 0x6, 0xff, 0x80, 0xef, 0xff, 0xd,
    0xff, 0xf0, 0x4f, 0xfc, 0x0, 0xef, 0x70, 0x2f,
    0xf1, 0x6, 0xfc, 0x0, 0xaf, 0x60, 0x0,

    /* U+201A "‚" */
    0x1, 0x20, 0x6, 0xff, 0x80, 0xef, 0xff, 0xd,
    0xff, 0xf0, 0x4f, 0xfc, 0x0, 0xef, 0x70, 0x2f,
    0xf1, 0x6, 0xfc, 0x0, 0xaf, 0x60, 0x0,

    /* U+201C "“" */
    0x4, 0xfb, 0x0, 0xf, 0xf0, 0xa, 0xf7, 0x0,
    0x5f, 0xc0, 0x1f, 0xf3, 0x0, 0xbf, 0x80, 0x6f,
    0xf0, 0x1, 0xff, 0x40, 0xbf, 0xf8, 0x7, 0xff,
    0xd0, 0xff, 0xff, 0xa, 0xff, 0xf4, 0xef, 0xfe,
    0x9, 0xff, 0xf3, 0x4e, 0xe5, 0x1, 0xcf, 0x90,

    /* U+201D "”" */
    0x1, 0x20, 0x0, 0x2, 0x0, 0x6f, 0xf8, 0x2,
    0xef, 0xc0, 0xef, 0xff, 0x9, 0xff, 0xf5, 0xdf,
    0xff, 0x8, 0xff, 0xf5, 0x4f, 0xfc, 0x1, 0xff,
    0xf1, 0xe, 0xf7, 0x0, 0xaf, 0xc0, 0x2f, 0xf1,
    0x0, 0xdf, 0x60, 0x6f, 0xc0, 0x1, 0xff, 0x10,
    0xaf, 0x60, 0x5, 0xfb, 0x0,

    /* U+201E "„" */
    0x1, 0x20, 0x0, 0x2, 0x0, 0x6f, 0xf8, 0x2,
    0xef, 0xc0, 0xef, 0xff, 0x9, 0xff, 0xf5, 0xdf,
    0xff, 0x8, 0xff, 0xf5, 0x4f, 0xfc, 0x1, 0xff,
    0xf1, 0xe, 0xf7, 0x0, 0x9f, 0xb0, 0x2f, 0xf1,
    0x0, 0xdf, 0x60, 0x6f, 0xc0, 0x1, 0xff, 0x10,
    0xaf, 0x60, 0x5, 0xfb, 0x0,

    /* U+2020 "†" */
    0x0, 0x0, 0x6, 0xff, 0xb0, 0x0, 0x0, 0x0,
    0x0, 0x6, 0xff, 0xb0, 0x0, 0x0, 0x0, 0x0,
    0x6, 0xff, 0xb0, 0x0, 0x0, 0x0, 0x0, 0x6,
    0xff, 0xb0, 0x0, 0x0, 0x0, 0x0, 0x6, 0xff,
    0xb0, 0x0, 0x0, 0x0, 0x0, 0x6, 0xff, 0xb0,
    0x0, 0x0, 0x4f, 0xff, 0xff, 0xff, 0xff, 0xff,
    0xfa, 0x4f, 0xff, 0xff, 0xff, 0xff, 0xff, 0xfa,
    0x3c, 0xcc, 0xcd, 0xff, 0xfc, 0xcc, 0xc7, 0x0,
    0x0, 0x6, 0xff, 0xb0, 0x0, 0x0, 0x0, 0x0,
    0x6, 0xff, 0xb0, 0x0, 0x0, 0x0, 0x0, 0x6,
    0xff, 0xb0, 0x0, 0x0, 0x0, 0x0, 0x6, 0xff,
    0xb0, 0x0, 0x0, 0x0, 0x0, 0x6, 0xff, 0xb0,
    0x0, 0x0, 0x0, 0x0, 0x6, 0xff, 0xb0, 0x0,
    0x0, 0x0, 0x0, 0x6, 0xff, 0xb0, 0x0, 0x0,
    0x0, 0x0, 0x6, 0xff, 0xb0, 0x0, 0x0, 0x0,
    0x0, 0x6, 0xff, 0xb0, 0x0, 0x0, 0x0, 0x0,
    0x6, 0xff, 0xb0, 0x0, 0x0, 0x0, 0x0, 0x6,
    0xff, 0xb0, 0x0, 0x0, 0x0, 0x0, 0x6, 0xff,
    0xb0, 0x0, 0x0, 0x0, 0x0, 0x6, 0xff, 0xb0,
    0x0, 0x0, 0x0, 0x0, 0x6, 0xff, 0xb0, 0x0,
    0x0,

    /* U+2021 "‡" */
    0x0, 0x0, 0x6, 0xff, 0xb0, 0x0, 0x0, 0x0,
    0x0, 0x6, 0xff, 0xb0, 0x0, 0x0, 0x0, 0x0,
    0x6, 0xff, 0xb0, 0x0, 0x0, 0x0, 0x0, 0x6,
    0xff, 0xb0, 0x0, 0x0, 0x0, 0x0, 0x6, 0xff,
    0xb0, 0x0, 0x0, 0x0, 0x0, 0x6, 0xff, 0xb0,
    0x0, 0x0, 0x4f, 0xff, 0xff, 0xff, 0xff, 0xff,
    0xfa, 0x4f, 0xff, 0xff, 0xff, 0xff, 0xff, 0xfa,
    0x3c, 0xcc, 0xcd, 0xff, 0xec, 0xcc, 0xc7, 0x0,
    0x0, 0x6, 0xff, 0xb0, 0x0, 0x0, 0x0, 0x0,
    0x6, 0xff, 0xb0, 0x0, 0x0, 0x0, 0x0, 0x6,
    0xff, 0xb0, 0x0, 0x0, 0x0, 0x0, 0x6, 0xff,
    0xb0, 0x0, 0x0, 0x0, 0x0, 0x6, 0xff, 0xb0,
    0x0, 0x0, 0x3c, 0xcc, 0xcd, 0xff, 0xec, 0xcc,
    0xc7, 0x4f, 0xff, 0xff, 0xff, 0xff, 0xff, 0xfa,
    0x4f, 0xff, 0xff, 0xff, 0xff, 0xff, 0xfa, 0x0,
    0x0, 0x6, 0xff, 0xb0, 0x0, 0x0, 0x0, 0x0,
    0x6, 0xff, 0xb0, 0x0, 0x0, 0x0, 0x0, 0x6,
    0xff, 0xb0, 0x0, 0x0, 0x0, 0x0, 0x6, 0xff,
    0xb0, 0x0, 0x0, 0x0, 0x0, 0x6, 0xff, 0xb0,
    0x0, 0x0, 0x0, 0x0, 0x6, 0xff, 0xb0, 0x0,
    0x0,

    /* U+2022 "•" */
    0x1, 0x89, 0x30, 0x1e, 0xff, 0xf5, 0x6f, 0xff,
    0xfc, 0x7f, 0xff, 0xfd, 0x2f, 0xff, 0xf8, 0x5,
    0xef, 0x90,

    /* U+2026 "…" */
    0x3, 0x30, 0x0, 0x2, 0x40, 0x0, 0x1, 0x41,
    0x8, 0xff, 0x90, 0x5, 0xff, 0xc0, 0x2, 0xef,
    0xe2, 0xff, 0xff, 0x0, 0xbf, 0xff, 0x40, 0x7f,
    0xff, 0x8d, 0xff, 0xf0, 0xa, 0xff, 0xf3, 0x6,
    0xff, 0xf7, 0x4e, 0xe5, 0x0, 0x2c, 0xf8, 0x0,
    0xa, 0xfb, 0x0,

    /* U+2030 "‰" */
    0x0, 0x2a, 0xee, 0xb2, 0x0, 0x0, 0x0, 0xd,
    0xf9, 0x0, 0x0, 0x0, 0x0, 0x0, 0x0, 0x2,
    0xef, 0xcb, 0xff, 0x20, 0x0, 0x0, 0x8f, 0xe0,
    0x0, 0x0, 0x0, 0x0, 0x0, 0x0, 0xb, 0xf7,
    0x0, 0x7f, 0xb0, 0x0, 0x2, 0xff, 0x40, 0x0,
    0x0, 0x0, 0x0, 0x0, 0x0, 0xf, 0xf0, 0x0,
    0xf, 0xf0, 0x0, 0xc, 0xfa, 0x0, 0x0, 0x0,
    0x0, 0x0, 0x0, 0x0, 0x2f, 0xe0, 0x0, 0xe,
    0xf2, 0x0, 0x7f, 0xe1, 0x0, 0x0, 0x0, 0x0,
    0x0, 0x0, 0x0, 0x1f, 0xe0, 0x0, 0xe, 0xf2,
    0x2, 0xff, 0x40, 0x0, 0x0, 0x0, 0x0, 0x0,
    0x0, 0x0, 0xf, 0xf2, 0x0, 0x2f, 0xf0, 0xc,
    0xfa, 0x0, 0x0, 0x0, 0x0, 0x0, 0x0, 0x0,
    0x0, 0x9, 0xfc, 0x11, 0xbf, 0xa0, 0x7f, 0xe1,
    0x0, 0x0, 0x0, 0x0, 0x0, 0x0, 0x0, 0x0,
    0x1, 0xdf, 0xff, 0xfd, 0x12, 0xff, 0x40, 0x4a,
    0xca, 0x40, 0x0, 0x2, 0x9c, 0xb7, 0x0, 0x0,
    0x18, 0xcc, 0x81, 0xc, 0xfa, 0x7, 0xff, 0xff,
    0xf6, 0x0, 0x3e, 0xff, 0xff, 0xb0, 0x0, 0x0,
    0x0, 0x0, 0x7f, 0xe1, 0x2f, 0xf5, 0x6, 0xff,
    0x10, 0xdf, 0x91, 0x3d, 0xf6, 0x0, 0x0, 0x0,
    0x2, 0xff, 0x50, 0x7f, 0x90, 0x0, 0xaf, 0x72,
    0xfe, 0x0, 0x5, 0xfc, 0x0, 0x0, 0x0, 0xc,
    0xfa, 0x0, 0xaf, 0x60, 0x0, 0x7f, 0x95, 0xfb,
    0x0, 0x1, 0xff, 0x0, 0x0, 0x0, 0x7f, 0xe1,
    0x0, 0xaf, 0x50, 0x0, 0x6f, 0xa5, 0xfb, 0x0,
    0x1, 0xff, 0x0, 0x0, 0x2, 0xff, 0x50, 0x0,
    0x8f, 0x80, 0x0, 0x8f, 0x83, 0xfd, 0x0, 0x3,
    0xfd, 0x0, 0x0, 0xc, 0xfa, 0x0, 0x0, 0x3f,
    0xe1, 0x1, 0xef, 0x20, 0xef, 0x40, 0xa, 0xf8,
    0x0, 0x0, 0x7f, 0xe1, 0x0, 0x0, 0x9, 0xfe,
    0xbe, 0xf9, 0x0, 0x4f, 0xfb, 0xdf, 0xd0, 0x0,
    0x2, 0xff, 0x50, 0x0, 0x0, 0x0, 0x7d, 0xfd,
    0x70, 0x0, 0x4, 0xcf, 0xe9, 0x10,

    /* U+2032 "′" */
    0x9f, 0xf1, 0x8f, 0xf0, 0x8f, 0xf0, 0x8f, 0xf0,
    0x7f, 0xf0, 0x7f, 0xe0, 0x6f, 0xe0, 0x12, 0x20,

    /* U+2033 "″" */
    0x9f, 0xf1, 0xb, 0xfe, 0x8f, 0xf0, 0xb, 0xfe,
    0x8f, 0xf0, 0xa, 0xfd, 0x8f, 0xf0, 0xa, 0xfd,
    0x7f, 0xf0, 0x9, 0xfc, 0x7f, 0xe0, 0x9, 0xfc,
    0x6f, 0xe0, 0x9, 0xfb, 0x12, 0x20, 0x1, 0x21,

    /* U+2039 "‹" */
    0x0, 0x0, 0x0, 0x0, 0x0, 0xcf, 0xf1, 0x0,
    0x7f, 0xf5, 0x0, 0x3f, 0xfa, 0x0, 0xd, 0xfe,
    0x10, 0x9, 0xff, 0x40, 0x0, 0x9f, 0xf4, 0x0,
    0x0, 0xdf, 0xe1, 0x0, 0x3, 0xff, 0xa0, 0x0,
    0x7, 0xff, 0x60, 0x0, 0xc, 0xff, 0x20,

    /* U+203A "›" */
    0x0, 0x0, 0x0, 0x0, 0xd, 0xfe, 0x10, 0x0,
    0x3, 0xff, 0xa0, 0x0, 0x0, 0x8f, 0xf5, 0x0,
    0x0, 0xc, 0xff, 0x10, 0x0, 0x2, 0xff, 0xc0,
    0x0, 0x2, 0xff, 0xc0, 0x0, 0xc, 0xff, 0x10,
    0x0, 0x8f, 0xf5, 0x0, 0x3, 0xff, 0xa0, 0x0,
    0xd, 0xfd, 0x0, 0x0,

    /* U+2044 "⁄" */
    0x0, 0x0, 0x0, 0x0, 0x0, 0x5, 0xff, 0x20,
    0x0, 0x0, 0x0, 0x0, 0x1, 0xef, 0x60, 0x0,
    0x0, 0x0, 0x0, 0x0, 0xaf, 0xc0, 0x0, 0x0,
    0x0, 0x0, 0x0, 0x5f, 0xf2, 0x0, 0x0, 0x0,
    0x0, 0x0, 0x1e, 0xf6, 0x0, 0x0, 0x0, 0x0,
    0x0, 0xa, 0xfc, 0x0, 0x0, 0x0, 0x0, 0x0,
    0x5, 0xff, 0x20, 0x0, 0x0, 0x0, 0x0, 0x1,
    0xef, 0x70, 0x0, 0x0, 0x0, 0x0, 0x0, 0xaf,
    0xc0, 0x0, 0x0, 0x0, 0x0, 0x0, 0x4f, 0xf2,
    0x0, 0x0, 0x0, 0x0, 0x0, 0x1e, 0xf7, 0x0,
    0x0, 0x0, 0x0, 0x0, 0xa, 0xfc, 0x0, 0x0,
    0x0, 0x0, 0x0, 0x4, 0xff, 0x20, 0x0, 0x0,
    0x0, 0x0, 0x1, 0xef, 0x70, 0x0, 0x0, 0x0,
    0x0, 0x0, 0xaf, 0xc0, 0x0, 0x0, 0x0, 0x0,
    0x0, 0x4f, 0xf2, 0x0, 0x0, 0x0, 0x0, 0x0,
    0x1e, 0xf7, 0x0, 0x0, 0x0, 0x0, 0x0, 0x9,
    0xfc, 0x0, 0x0, 0x0, 0x0, 0x0, 0x0,

    /* U+2052 "⁒" */
    0xb, 0xf9, 0x0, 0x1, 0xff, 0x30, 0x5f, 0xff,
    0x20, 0x7, 0xfe, 0x0, 0x3f, 0xff, 0x10, 0xc,
    0xf8, 0x0, 0x5, 0x93, 0x0, 0x2f, 0xf2, 0x0,
    0x0, 0x0, 0x0, 0x8f, 0xd0, 0x0, 0x0, 0x0,
    0x0, 0xdf, 0x70, 0x0, 0x0, 0x0, 0x3, 0xff,
    0x10, 0x0, 0x0, 0x0, 0x9, 0xfc, 0x0, 0x0,
    0x0, 0x0, 0xe, 0xf6, 0x0, 0x0, 0x0, 0x0,
    0x4f, 0xf1, 0x0, 0x0, 0x0, 0x0, 0xaf, 0xb0,
    0x0, 0x0, 0x0, 0x0, 0xff, 0x50, 0x0, 0x0,
    0x0, 0x5, 0xff, 0x0, 0x0, 0x0, 0x0, 0xb,
    0xfa, 0x0, 0x0, 0x0, 0x0, 0x1f, 0xf4, 0x0,
    0x29, 0x60, 0x0, 0x6f, 0xe0, 0x0, 0xef, 0xf4,
    0x0, 0xcf, 0x90, 0x0, 0xff, 0xf6, 0x1, 0xff,
    0x30, 0x0, 0x7f, 0xb0,

    /* U+20A1 "₡" */
    0x0, 0x0, 0x0, 0x0, 0x7, 0x70, 0x18, 0x60,
    0x0, 0x0, 0x0, 0x0, 0x2, 0xfb, 0x5, 0xf9,
    0x0, 0x0, 0x0, 0x0, 0x0, 0x6f, 0x70, 0x9f,
    0x50, 0x0, 0x0, 0x0, 0x0, 0xa, 0xf3, 0xc,
    0xf1, 0x0, 0x0, 0x0, 0x3, 0x8c, 0xff, 0xed,
    0xff, 0x0, 0x0, 0x0, 0x1b, 0xff, 0xff, 0xff,
    0xff, 0xf9, 0x0, 0x0, 0x3e, 0xff, 0xff, 0xff,
    0xff, 0xff, 0xfc, 0x10, 0x2e, 0xff, 0xfb, 0xef,
    0x40, 0xff, 0xff, 0xc1, 0xb, 0xff, 0xf5, 0xe,
    0xf0, 0xf, 0xd4, 0xb0, 0x3, 0xff, 0xf7, 0x1,
    0xfc, 0x4, 0xfa, 0x0, 0x0, 0x8f, 0xfd, 0x0,
    0x5f, 0x80, 0x8f, 0x60, 0x0, 0xc, 0xff, 0x80,
    0x9, 0xf4, 0xc, 0xf2, 0x0, 0x0, 0xdf, 0xf6,
    0x0, 0xdf, 0x0, 0xfe, 0x0, 0x0, 0xd, 0xff,
    0x60, 0x1f, 0xc0, 0x3f, 0xa0, 0x0, 0x0, 0xcf,
    0xf8, 0x5, 0xf8, 0x7, 0xf6, 0x0, 0x0, 0x8,
    0xff, 0xd0, 0x9f, 0x50, 0xbf, 0x20, 0x0, 0x0,
    0x3f, 0xff, 0x7d, 0xf1, 0xf, 0xe0, 0x0, 0x0,
    0x0, 0xbf, 0xff, 0xfd, 0x3, 0xfa, 0x0, 0x4b,
    0x10, 0x2, 0xef, 0xff, 0xf4, 0x8f, 0x74, 0xaf,
    0xfd, 0x10, 0x3, 0xef, 0xff, 0xff, 0xff, 0xff,
    0xff, 0xc0, 0x0, 0x1, 0xff, 0xff, 0xff, 0xff,
    0xff, 0x90, 0x0, 0x0, 0xf, 0xf8, 0xff, 0xfe,
    0xc8, 0x20, 0x0, 0x0, 0x4, 0xf9, 0x7, 0xf7,
    0x0, 0x0, 0x0, 0x0, 0x0, 0x8f, 0x50, 0xaf,
    0x30, 0x0, 0x0, 0x0, 0x0, 0xc, 0xf1, 0xe,
    0xf0, 0x0, 0x0, 0x0, 0x0,

    /* U+20A3 "₣" */
    0x0, 0xc, 0xff, 0xff, 0xff, 0xff, 0xff, 0xff,
    0x0, 0x0, 0xcf, 0xff, 0xff, 0xff, 0xff, 0xff,
    0xf0, 0x0, 0xc, 0xff, 0xed, 0xdd, 0xdd, 0xdd,
    0xdd, 0x0, 0x0, 0xcf, 0xf8, 0x0, 0x0, 0x0,
    0x0, 0x0, 0x0, 0xc, 0xff, 0x80, 0x0, 0x0,
    0x0, 0x0, 0x0, 0x0, 0xcf, 0xf8, 0x0, 0x0,
    0x0, 0x0, 0x0, 0x0, 0xc, 0xff, 0x80, 0x0,
    0x0, 0x0, 0x0, 0x0, 0x0, 0xcf, 0xf8, 0x0,
    0x0, 0x0, 0x0, 0x0, 0x0, 0xc, 0xff, 0xfd,
    0xdd, 0xdd, 0xdd, 0xc0, 0x0, 0x0, 0xcf, 0xff,
    0xff, 0xff, 0xff, 0xff, 0x0, 0x0, 0xc, 0xff,
    0xff, 0xff, 0xff, 0xff, 0xf0, 0x0, 0x0, 0xcf,
    0xf8, 0x0, 0x0, 0x0, 0x0, 0x0, 0x0, 0xc,
    0xff, 0x80, 0x0, 0x0, 0x0, 0x0, 0x3, 0xdd,
    0xff, 0xff, 0xdd, 0xdd, 0xd0, 0x0, 0x0, 0x4f,
    0xff, 0xff, 0xff, 0xff, 0xff, 0x0, 0x0, 0x0,
    0x0, 0xcf, 0xf8, 0x0, 0x0, 0x0, 0x0, 0x0,
    0x0, 0xc, 0xff, 0x80, 0x0, 0x0, 0x0, 0x0,
    0x0, 0x0, 0xcf, 0xf8, 0x0, 0x0, 0x0, 0x0,
    0x0,

    /* U+20A4 "₤" */
    0x0, 0x0, 0x0, 0x5, 0xad, 0xef, 0xec, 0x71,
    0x0, 0x0, 0x0, 0x2c, 0xff, 0xff, 0xff, 0xff,
    0xe0, 0x0, 0x0, 0x2e, 0xff, 0xff, 0xff, 0xff,
    0xf9, 0x0, 0x0, 0xc, 0xff, 0xf7, 0x10, 0x1,
    0x39, 0x20, 0x0, 0x2, 0xff, 0xf5, 0x0, 0x0,
    0x0, 0x0, 0x0, 0x0, 0x7f, 0xfd, 0x0, 0x0,
    0x0, 0x0, 0x0, 0x3d, 0xdf, 0xff, 0xfd, 0xdd,
    0xdd, 0xc0, 0x0, 0x4, 0xff, 0xff, 0xff, 0xff,
    0xff, 0xff, 0x0, 0x0, 0x0, 0xa, 0xff, 0xa0,
    0x0, 0x0, 0x0, 0x0, 0x0, 0x0, 0xaf, 0xfa,
    0x0, 0x0, 0x0, 0x0, 0x0, 0x4f, 0xff, 0xff,
    0xff, 0xff, 0xff, 0xf0, 0x0, 0x3, 0xdd, 0xff,
    0xff, 0xdd, 0xdd, 0xdc, 0x0, 0x0, 0x0, 0xa,
    0xff, 0xa0, 0x0, 0x0, 0x0, 0x0, 0x0, 0x0,
    0xaf, 0xfa, 0x0, 0x0, 0x0, 0x0, 0x0, 0x0,
    0xa, 0xff, 0xa0, 0x0, 0x0, 0x0, 0x0, 0x3,
    0xdd, 0xff, 0xff, 0xdd, 0xdd, 0xdd, 0xdd, 0x80,
    0x4f, 0xff, 0xff, 0xff, 0xff, 0xff, 0xff, 0xfa,
    0x4, 0xff, 0xff, 0xff, 0xff, 0xff, 0xff, 0xff,
    0xa0,

    /* U+20A6 "₦" */
    0x0, 0xa, 0xff, 0x60, 0x0, 0x0, 0x0, 0x5,
    0xff, 0xe0, 0x0, 0x0, 0xa, 0xff, 0xf3, 0x0,
    0x0, 0x0, 0x5, 0xff, 0xe0, 0x0, 0x0, 0xa,
    0xff, 0xfe, 0x10, 0x0, 0x0, 0x5, 0xff, 0xe0,
    0x0, 0x0, 0xa, 0xff, 0xff, 0xc0, 0x0, 0x0,
    0x5, 0xff, 0xe0, 0x0, 0x0, 0xa, 0xff, 0xff,
    0xf9, 0x0, 0x0, 0x5, 0xff, 0xe0, 0x0, 0x0,
    0xa, 0xff, 0xff, 0xff, 0x50, 0x0, 0x5, 0xff,
    0xe0, 0x0, 0x3d, 0xdf, 0xff, 0xff, 0xff, 0xff,
    0xdd, 0xdf, 0xff, 0xfd, 0xd6, 0x4f, 0xff, 0xff,
    0xff, 0xff, 0xff, 0xff, 0xff, 0xff, 0xff, 0xf8,
    0x0, 0xa, 0xff, 0x90, 0x3f, 0xff, 0xb0, 0x5,
    0xff, 0xe0, 0x0, 0x0, 0xa, 0xff, 0x90, 0x7,
    0xff, 0xf8, 0x5, 0xff, 0xe0, 0x0, 0x4f, 0xff,
    0xff, 0xff, 0xff, 0xff, 0xff, 0xff, 0xff, 0xff,
    0xf8, 0x3d, 0xdf, 0xff, 0xfd, 0xdd, 0xdf, 0xff,
    0xff, 0xff, 0xfd, 0xd6, 0x0, 0xa, 0xff, 0x90,
    0x0, 0x2, 0xff, 0xff, 0xff, 0xe0, 0x0, 0x0,
    0xa, 0xff, 0x90, 0x0, 0x0, 0x5f, 0xff, 0xff,
    0xe0, 0x0, 0x0, 0xa, 0xff, 0x90, 0x0, 0x0,
    0x8, 0xff, 0xff, 0xe0, 0x0, 0x0, 0xa, 0xff,
    0x90, 0x0, 0x0, 0x0, 0xbf, 0xff, 0xe0, 0x0,
    0x0, 0xa, 0xff, 0x90, 0x0, 0x0, 0x0, 0x1e,
    0xff, 0xe0, 0x0, 0x0, 0xa, 0xff, 0x90, 0x0,
    0x0, 0x0, 0x3, 0xff, 0xe0, 0x0,

    /* U+20A7 "₧" */
    0xaf, 0xff, 0xff, 0xff, 0xec, 0x83, 0x0, 0x0,
    0x0, 0x0, 0x0, 0x0, 0x0, 0x0, 0x0, 0x0,
    0x0, 0x0, 0x0, 0x0, 0xaf, 0xff, 0xff, 0xff,
    0xff, 0xff, 0x90, 0x0, 0x0, 0x3c, 0xca, 0x0,
    0x0, 0x0, 0x0, 0x0, 0x0, 0x0, 0x0, 0x0,
    0xaf, 0xff, 0xdd, 0xdd, 0xef, 0xff, 0xfa, 0x0,
    0x0, 0x4f, 0xfe, 0x0, 0x0, 0x0, 0x0, 0x0,
    0x0, 0x0, 0x0, 0x0, 0xaf, 0xf9, 0x0, 0x0,
    0x2, 0xbf, 0xff, 0x40, 0x0, 0x4f, 0xfe, 0x0,
    0x0, 0x0, 0x0, 0x0, 0x0, 0x0, 0x0, 0x0,
    0xaf, 0xf9, 0x0, 0x0, 0x0, 0xc, 0xff, 0xb0,
    0x7f, 0xff, 0xff, 0xff, 0xf7, 0x0, 0x0, 0x6b,
    0xef, 0xfd, 0xb6, 0x10, 0xaf, 0xf9, 0x0, 0x0,
    0x0, 0x6, 0xff, 0xe0, 0x7f, 0xff, 0xff, 0xff,
    0xf7, 0x0, 0x1c, 0xff, 0xff, 0xff, 0xff, 0x70,
    0xaf, 0xf9, 0x0, 0x0, 0x0, 0x4, 0xff, 0xf0,
    0x49, 0xdf, 0xff, 0x99, 0x94, 0x0, 0xbf, 0xff,
    0xb9, 0xbd, 0xff, 0x10, 0xaf, 0xf9, 0x0, 0x0,
    0x0, 0x6, 0xff, 0xd0, 0x0, 0x4f, 0xfe, 0x0,
    0x0, 0x0, 0xff, 0xf2, 0x0, 0x0, 0x14, 0x0,
    0xaf, 0xf9, 0x0, 0x0, 0x0, 0xd, 0xff, 0xa0,
    0x0, 0x4f, 0xfe, 0x0, 0x0, 0x2, 0xff, 0xf0,
    0x0, 0x0, 0x0, 0x0, 0xaf, 0xf9, 0x0, 0x0,
    0x15, 0xdf, 0xff, 0x30, 0x0, 0x4f, 0xfe, 0x0,
    0x0, 0x0, 0xff, 0xfd, 0x74, 0x10, 0x0, 0x0,
    0xaf, 0xff, 0xff, 0xff, 0xff, 0xff, 0xf8, 0x0,
    0x0, 0x4f, 0xfe, 0x0, 0x0, 0x0, 0x8f, 0xff,
    0xff, 0xfe, 0x92, 0x0, 0xaf, 0xff, 0xff, 0xff,
    0xff, 0xff, 0x70, 0x0, 0x0, 0x4f, 0xfe, 0x0,
    0x0, 0x0, 0x6, 0xcf, 0xff, 0xff, 0xff, 0x50,
    0xaf, 0xff, 0xdd, 0xdd, 0xca, 0x61, 0x0, 0x0,
    0x0, 0x4f, 0xfe, 0x0, 0x0, 0x0, 0x0, 0x1,
    0x58, 0xbf, 0xff, 0xe0, 0xaf, 0xf9, 0x0, 0x0,
    0x0, 0x0, 0x0, 0x0, 0x0, 0x3f, 0xfe, 0x0,
    0x0, 0x0, 0x0, 0x0, 0x0, 0x2, 0xff, 0xf1,
    0xaf, 0xf9, 0x0, 0x0, 0x0, 0x0, 0x0, 0x0,
    0x0, 0x2f, 0xff, 0x10, 0x0, 0x0, 0x65, 0x0,
    0x0, 0x2, 0xff, 0xf0, 0xaf, 0xf9, 0x0, 0x0,
    0x0, 0x0, 0x0, 0x0, 0x0, 0xe, 0xff, 0xd8,
    0x9a, 0x1, 0xff, 0xea, 0x88, 0x9e, 0xff, 0xa0,
    0xaf, 0xf9, 0x0, 0x0, 0x0, 0x0, 0x0, 0x0,
    0x0, 0x5, 0xff, 0xff, 0xff, 0x15, 0xff, 0xff,
    0xff, 0xff, 0xfc, 0x10, 0xaf, 0xf9, 0x0, 0x0,
    0x0, 0x0, 0x0, 0x0, 0x0, 0x0, 0x4b, 0xef,
    0xd9, 0x10, 0x27, 0xbe, 0xff, 0xeb, 0x50, 0x0,

    /* U+20A9 "₩" */
    0xb, 0xff, 0xa0, 0x0, 0x0, 0x0, 0x6, 0xff,
    0xf1, 0x0, 0x0, 0x0, 0x0, 0xff, 0xf3, 0x6,
    0xff, 0xf0, 0x0, 0x0, 0x0, 0xb, 0xff, 0xf6,
    0x0, 0x0, 0x0, 0x5, 0xff, 0xd0, 0x1, 0xff,
    0xf4, 0x0, 0x0, 0x0, 0x1f, 0xff, 0xfb, 0x0,
    0x0, 0x0, 0xa, 0xff, 0x80, 0x0, 0xbf, 0xfa,
    0x0, 0x0, 0x0, 0x6f, 0xff, 0xff, 0x10, 0x0,
    0x0, 0xf, 0xff, 0x30, 0x0, 0x5f, 0xff, 0x0,
    0x0, 0x0, 0xcf, 0xff, 0xff, 0x60, 0x0, 0x0,
    0x5f, 0xfd, 0x0, 0x0, 0xf, 0xff, 0x40, 0x0,
    0x1, 0xff, 0xe7, 0xff, 0xb0, 0x0, 0x0, 0xbf,
    0xf8, 0x0, 0x3d, 0xdf, 0xff, 0xfd, 0xdd, 0xdf,
    0xff, 0xfe, 0xff, 0xfe, 0xdd, 0xdd, 0xff, 0xff,
    0xd9, 0x4f, 0xff, 0xff, 0xff, 0xff, 0xff, 0xff,
    0xff, 0xff, 0xff, 0xff, 0xff, 0xff, 0xff, 0xfb,
    0x0, 0x0, 0xff, 0xf4, 0x0, 0x2f, 0xfe, 0x0,
    0x6f, 0xfb, 0x0, 0xb, 0xff, 0x80, 0x0, 0x0,
    0x0, 0xbf, 0xfa, 0x0, 0x7f, 0xf8, 0x0, 0x1f,
    0xff, 0x10, 0x1f, 0xff, 0x20, 0x0, 0x4f, 0xff,
    0xff, 0xff, 0xff, 0xff, 0xff, 0xff, 0xff, 0xff,
    0xff, 0xff, 0xff, 0xff, 0xfb, 0x3d, 0xdd, 0xdf,
    0xff, 0xff, 0xff, 0xfd, 0xdd, 0xdf, 0xff, 0xfd,
    0xff, 0xff, 0xdd, 0xd9, 0x0, 0x0, 0xb, 0xff,
    0xa8, 0xff, 0x80, 0x0, 0x1, 0xff, 0xf2, 0xff,
    0xf2, 0x0, 0x0, 0x0, 0x0, 0x5, 0xff, 0xfe,
    0xff, 0x20, 0x0, 0x0, 0xbf, 0xfc, 0xff, 0xd0,
    0x0, 0x0, 0x0, 0x0, 0x0, 0xff, 0xff, 0xfd,
    0x0, 0x0, 0x0, 0x5f, 0xff, 0xff, 0x80, 0x0,
    0x0, 0x0, 0x0, 0x0, 0xaf, 0xff, 0xf7, 0x0,
    0x0, 0x0, 0xf, 0xff, 0xff, 0x20, 0x0, 0x0,
    0x0, 0x0, 0x0, 0x5f, 0xff, 0xf2, 0x0, 0x0,
    0x0, 0xa, 0xff, 0xfd, 0x0, 0x0, 0x0, 0x0,
    0x0, 0x0, 0xf, 0xff, 0xc0, 0x0, 0x0, 0x0,
    0x5, 0xff, 0xf7, 0x0, 0x0, 0x0,

    /* U+20AB "₫" */
    0x0, 0x0, 0x0, 0x0, 0x0, 0x0, 0x88, 0x80,
    0x0, 0x0, 0x0, 0x0, 0x0, 0x0, 0x0, 0xff,
    0xf1, 0x0, 0x0, 0x0, 0x0, 0xb, 0xcc, 0xcc,
    0xff, 0xfe, 0xc2, 0x0, 0x0, 0x0, 0xe, 0xff,
    0xff, 0xff, 0xff, 0xf2, 0x0, 0x0, 0x0, 0x0,
    0x0, 0x0, 0xff, 0xf1, 0x0, 0x0, 0x0, 0x0,
    0x0, 0x0, 0x0, 0xff, 0xf1, 0x0, 0x0, 0x0,
    0x3a, 0xdf, 0xeb, 0x40, 0xff, 0xf1, 0x0, 0x0,
    0x9, 0xff, 0xff, 0xff, 0xf9, 0xff, 0xf1, 0x0,
    0x0, 0x9f, 0xff, 0xfd, 0xcf, 0xff, 0xff, 0xf1,
    0x0, 0x3, 0xff, 0xfb, 0x10, 0x1, 0x9f, 0xff,
    0xf1, 0x0, 0xa, 0xff, 0xc0, 0x0, 0x0, 0xa,
    0xff, 0xf1, 0x0, 0xe, 0xff, 0x50, 0x0, 0x0,
    0x3, 0xff, 0xf1, 0x0, 0xf, 0xff, 0x20, 0x0,
    0x0, 0x0, 0xff, 0xf1, 0x0, 0xf, 0xff, 0x20,
    0x0, 0x0, 0x0, 0xff, 0xf1, 0x0, 0xe, 0xff,
    0x50, 0x0, 0x0, 0x3, 0xff, 0xf1, 0x0, 0xa,
    0xff, 0xc0, 0x0, 0x0, 0xb, 0xff, 0xf1, 0x0,
    0x3, 0xff, 0xfb, 0x10, 0x1, 0x9f, 0xff, 0xf1,
    0x0, 0x0, 0x8f, 0xff, 0xfd, 0xdf, 0xff, 0xff,
    0xf1, 0x0, 0x0, 0x8, 0xff, 0xff, 0xff, 0xf9,
    0xef, 0xf1, 0x0, 0x0, 0x0, 0x3a, 0xdf, 0xeb,
    0x50, 0xef, 0xf1, 0x0, 0x0, 0x0, 0x0, 0x0,
    0x0, 0x0, 0x0, 0x0, 0x0, 0x6, 0xcc, 0xcc,
    0xcc, 0xcc, 0xcc, 0xcc, 0xc1, 0x0, 0x8, 0xff,
    0xff, 0xff, 0xff, 0xff, 0xff, 0xf2, 0x0,

    /* U+20AC "€" */
    0x0, 0x0, 0x0, 0x0, 0x28, 0xce, 0xfe, 0xc8,
    0x30, 0x0, 0x0, 0x0, 0x0, 0x1a, 0xff, 0xff,
    0xff, 0xff, 0xfa, 0x10, 0x0, 0x0, 0x2, 0xdf,
    0xff, 0xff, 0xff, 0xff, 0xff, 0xd2, 0x0, 0x0,
    0xd, 0xff, 0xfc, 0x51, 0x0, 0x27, 0xef, 0xd1,
    0x0, 0x0, 0x8f, 0xff, 0x80, 0x0, 0x0, 0x0,
    0x18, 0x0, 0x0, 0x1, 0xff, 0xf9, 0x0, 0x0,
    0x0, 0x0, 0x0, 0x0, 0x4f, 0xff, 0xff, 0xff,
    0xff, 0xff, 0xff, 0x30, 0x0, 0x0, 0x3d, 0xdf,
    0xff, 0xfd, 0xdd, 0xdd, 0xdd, 0x20, 0x0, 0x0,
    0x0, 0xb, 0xff, 0x80, 0x0, 0x0, 0x0, 0x0,
    0x0, 0x0, 0x3d, 0xdf, 0xff, 0xfd, 0xdd, 0xdd,
    0xdd, 0x20, 0x0, 0x0, 0x4f, 0xff, 0xff, 0xff,
    0xff, 0xff, 0xff, 0x30, 0x0, 0x0, 0x0, 0x6,
    0xff, 0xf1, 0x0, 0x0, 0x0, 0x0, 0x0, 0x0,
    0x0, 0x1, 0xff, 0xf9, 0x0, 0x0, 0x0, 0x0,
    0x1, 0x0, 0x0, 0x0, 0x9f, 0xff, 0x70, 0x0,
    0x0, 0x0, 0x6f, 0x30, 0x0, 0x0, 0xd, 0xff,
    0xfc, 0x51, 0x0, 0x4a, 0xff, 0xe2, 0x0, 0x0,
    0x2, 0xdf, 0xff, 0xff, 0xff, 0xff, 0xff, 0xd1,
    0x0, 0x0, 0x0, 0x1a, 0xff, 0xff, 0xff, 0xff,
    0xfa, 0x10, 0x0, 0x0, 0x0, 0x0, 0x28, 0xce,
    0xfe, 0xc8, 0x30, 0x0,

    /* U+20AD "₭" */
    0x0, 0xc, 0xff, 0x70, 0x0, 0x0, 0xa, 0xff,
    0xf2, 0x0, 0xc, 0xff, 0x70, 0x0, 0x0, 0x8f,
    0xff, 0x40, 0x0, 0xc, 0xff, 0x70, 0x0, 0x5,
    0xff, 0xf7, 0x0, 0x0, 0xc, 0xff, 0x70, 0x0,
    0x3f, 0xff, 0xa0, 0x0, 0x0, 0xc, 0xff, 0x70,
    0x1, 0xef, 0xfc, 0x0, 0x0, 0x0, 0xc, 0xff,
    0x70, 0xc, 0xff, 0xe1, 0x0, 0x0, 0x0, 0xc,
    0xff, 0x70, 0xaf, 0xff, 0x30, 0x0, 0x0, 0x2,
    0x2e, 0xff, 0x9a, 0xff, 0xf7, 0x22, 0x21, 0x0,
    0x4f, 0xff, 0xff, 0xff, 0xff, 0xff, 0xff, 0xfa,
    0x0, 0x4f, 0xff, 0xff, 0xff, 0xff, 0xff, 0xff,
    0xfa, 0x0, 0x0, 0xc, 0xff, 0x76, 0xff, 0xf6,
    0x0, 0x0, 0x0, 0x0, 0xc, 0xff, 0x70, 0x9f,
    0xff, 0x30, 0x0, 0x0, 0x0, 0xc, 0xff, 0x70,
    0xc, 0xff, 0xe1, 0x0, 0x0, 0x0, 0xc, 0xff,
    0x70, 0x1, 0xdf, 0xfd, 0x0, 0x0, 0x0, 0xc,
    0xff, 0x70, 0x0, 0x2f, 0xff, 0xa0, 0x0, 0x0,
    0xc, 0xff, 0x70, 0x0, 0x5, 0xff, 0xf7, 0x0,
    0x0, 0xc, 0xff, 0x70, 0x0, 0x0, 0x7f, 0xff,
    0x50, 0x0, 0xc, 0xff, 0x70, 0x0, 0x0, 0xa,
    0xff, 0xf2,

    /* U+20AE "₮" */
    0xcf, 0xff, 0xff, 0xff, 0xff, 0xff, 0xff, 0xf1,
    0xcf, 0xff, 0xff, 0xff, 0xff, 0xff, 0xff, 0xf1,
    0xad, 0xdd, 0xdd, 0xff, 0xff, 0xdd, 0xdd, 0xd1,
    0x0, 0x0, 0x0, 0xff, 0xf4, 0x0, 0x0, 0x0,
    0x0, 0x0, 0x0, 0xff, 0xf4, 0x0, 0x10, 0x0,
    0x0, 0x0, 0x0, 0xff, 0xf4, 0x7, 0xf0, 0x0,
    0x0, 0x0, 0x0, 0xff, 0xfc, 0xef, 0xe0, 0x0,
    0x0, 0x0, 0x0, 0xff, 0xff, 0xe6, 0x0, 0x0,
    0x0, 0x0, 0x7, 0xff, 0xfb, 0x0, 0x50, 0x0,
    0x0, 0x7, 0xef, 0xff, 0xf4, 0x5d, 0xf0, 0x0,
    0x0, 0xbf, 0xe6, 0xff, 0xff, 0xff, 0x80, 0x0,
    0x0, 0xa6, 0x0, 0xff, 0xff, 0x81, 0x0, 0x0,
    0x0, 0x0, 0x4c, 0xff, 0xf5, 0x0, 0x0, 0x0,
    0x0, 0x4c, 0xff, 0xff, 0xf4, 0x0, 0x0, 0x0,
    0x0, 0xcf, 0x91, 0xff, 0xf4, 0x0, 0x0, 0x0,
    0x0, 0x61, 0x0, 0xff, 0xf4, 0x0, 0x0, 0x0,
    0x0, 0x0, 0x0, 0xff, 0xf4, 0x0, 0x0, 0x0,
    0x0, 0x0, 0x0, 0xff, 0xf4, 0x0, 0x0, 0x0,

    /* U+20B1 "₱" */
    0x0, 0xa, 0xff, 0xff, 0xff, 0xfe, 0xc8, 0x30,
    0x0, 0x0, 0x0, 0x0, 0xaf, 0xff, 0xff, 0xff,
    0xff, 0xff, 0x90, 0x0, 0x0, 0x0, 0xa, 0xff,
    0xfd, 0xdd, 0xde, 0xff, 0xff, 0xa0, 0x0, 0x0,
    0x0, 0xaf, 0xfa, 0x0, 0x0, 0x2, 0xbf, 0xff,
    0x40, 0x0, 0x4f, 0xff, 0xff, 0xff, 0xff, 0xff,
    0xff, 0xff, 0xff, 0xff, 0xa3, 0xcc, 0xff, 0xff,
    0xcc, 0xcc, 0xcc, 0xcf, 0xff, 0xfc, 0xc7, 0x0,
    0xa, 0xff, 0xa0, 0x0, 0x0, 0x0, 0x4f, 0xff,
    0x0, 0x3, 0xcc, 0xff, 0xff, 0xcc, 0xcc, 0xcc,
    0xcf, 0xff, 0xfc, 0xc7, 0x4f, 0xff, 0xff, 0xff,
    0xff, 0xff, 0xff, 0xff, 0xff, 0xff, 0xa0, 0x0,
    0xaf, 0xfa, 0x0, 0x0, 0x15, 0xdf, 0xff, 0x40,
    0x0, 0x0, 0xa, 0xff, 0xff, 0xff, 0xff, 0xff,
    0xff, 0x80, 0x0, 0x0, 0x0, 0xaf, 0xff, 0xff,
    0xff, 0xff, 0xff, 0x70, 0x0, 0x0, 0x0, 0xa,
    0xff, 0xfd, 0xdd, 0xdc, 0xa6, 0x10, 0x0, 0x0,
    0x0, 0x0, 0xaf, 0xfa, 0x0, 0x0, 0x0, 0x0,
    0x0, 0x0, 0x0, 0x0, 0xa, 0xff, 0xa0, 0x0,
    0x0, 0x0, 0x0, 0x0, 0x0, 0x0, 0x0, 0xaf,
    0xfa, 0x0, 0x0, 0x0, 0x0, 0x0, 0x0, 0x0,
    0x0, 0xa, 0xff, 0xa0, 0x0, 0x0, 0x0, 0x0,
    0x0, 0x0, 0x0, 0x0, 0xaf, 0xfa, 0x0, 0x0,
    0x0, 0x0, 0x0, 0x0, 0x0,

    /* U+20B2 "₲" */
    0x0, 0x0, 0x0, 0x0, 0x68, 0x10, 0x0, 0x0,
    0x0, 0x0, 0x0, 0x0, 0xd, 0xf3, 0x0, 0x0,
    0x0, 0x0, 0x0, 0x0, 0x0, 0xdf, 0x30, 0x0,
    0x0, 0x0, 0x0, 0x0, 0x0, 0xd, 0xf3, 0x0,
    0x0, 0x0, 0x0, 0x0, 0x2, 0x8c, 0xff, 0xfd,
    0x93, 0x0, 0x0, 0x0, 0x1a, 0xff, 0xff, 0xff,
    0xff, 0xfb, 0x20, 0x0, 0x3e, 0xff, 0xff, 0xff,
    0xff, 0xff, 0xfe, 0x30, 0x2e, 0xff, 0xfb, 0x5e,
    0xf3, 0x38, 0xff, 0xe2, 0xb, 0xff, 0xf6, 0x0,
    0xdf, 0x30, 0x2, 0xb1, 0x3, 0xff, 0xf7, 0x0,
    0xd, 0xf3, 0x0, 0x0, 0x0, 0x8f, 0xfd, 0x0,
    0x0, 0xdf, 0x30, 0x0, 0x0, 0xc, 0xff, 0x80,
    0x0, 0xd, 0xf3, 0x0, 0x0, 0x0, 0xdf, 0xf6,
    0x0, 0x0, 0xdf, 0x30, 0x2, 0x33, 0x1d, 0xff,
    0x60, 0x0, 0xd, 0xf3, 0x0, 0xbf, 0xf6, 0xcf,
    0xf9, 0x0, 0x0, 0xdf, 0x30, 0xb, 0xff, 0x68,
    0xff, 0xe0, 0x0, 0xd, 0xf3, 0x0, 0xbf, 0xf6,
    0x3f, 0xff, 0x70, 0x0, 0xdf, 0x30, 0xb, 0xff,
    0x60, 0xbf, 0xff, 0x60, 0xd, 0xf3, 0x0, 0xcf,
    0xf6, 0x2, 0xef, 0xff, 0xb4, 0xef, 0x33, 0x7f,
    0xff, 0x60, 0x3, 0xef, 0xff, 0xff, 0xff, 0xff,
    0xff, 0xf6, 0x0, 0x1, 0xbf, 0xff, 0xff, 0xff,
    0xff, 0xd4, 0x0, 0x0, 0x0, 0x38, 0xcf, 0xff,
    0xd9, 0x40, 0x0, 0x0, 0x0, 0x0, 0x0, 0xdf,
    0x30, 0x0, 0x0, 0x0, 0x0, 0x0, 0x0, 0xd,
    0xf3, 0x0, 0x0, 0x0, 0x0, 0x0, 0x0, 0x0,
    0xdf, 0x30, 0x0, 0x0, 0x0,

    /* U+20B4 "₴" */
    0x0, 0x0, 0x27, 0xbe, 0xff, 0xeb, 0x60, 0x0,
    0x0, 0x0, 0x8, 0xff, 0xff, 0xff, 0xff, 0xfe,
    0x40, 0x0, 0x0, 0x5, 0xff, 0xff, 0xed, 0xff,
    0xff, 0xf3, 0x0, 0x0, 0x1, 0xa5, 0x10, 0x0,
    0x4, 0xdf, 0xfb, 0x0, 0x0, 0x0, 0x0, 0x0,
    0x0, 0x0, 0x5f, 0xff, 0x0, 0x0, 0x0, 0x0,
    0x0, 0x0, 0x0, 0x7f, 0xff, 0x0, 0x1f, 0xff,
    0xff, 0xff, 0xff, 0xff, 0xff, 0xff, 0xf8, 0xc,
    0xcc, 0xcc, 0xcc, 0xcc, 0xcc, 0xcc, 0xcc, 0xc6,
    0x0, 0x0, 0x0, 0x0, 0x0, 0x0, 0x0, 0x0,
    0x0, 0xc, 0xcc, 0xcc, 0xcc, 0xcc, 0xcc, 0xcc,
    0xcc, 0xc6, 0x1f, 0xff, 0xff, 0xff, 0xff, 0xff,
    0xff, 0xff, 0xf8, 0x0, 0x7f, 0xff, 0x40, 0x0,
    0x0, 0x0, 0x0, 0x0, 0x0, 0x8f, 0xfb, 0x0,
    0x0, 0x0, 0x0, 0x0, 0x0, 0x0, 0x6f, 0xfd,
    0x0, 0x0, 0x0, 0x0, 0x24, 0x0, 0x0, 0x2f,
    0xff, 0xa1, 0x0, 0x0, 0x4a, 0xfc, 0x0, 0x0,
    0x8, 0xff, 0xff, 0xed, 0xef, 0xff, 0xff, 0x10,
    0x0, 0x0, 0x8f, 0xff, 0xff, 0xff, 0xff, 0xf8,
    0x0, 0x0, 0x0, 0x2, 0x8c, 0xef, 0xfd, 0xa5,
    0x0, 0x0,

    /* U+20B5 "₵" */
    0x0, 0x0, 0x0, 0x0, 0x68, 0x10, 0x0, 0x0,
    0x0, 0x0, 0x0, 0x0, 0xd, 0xf3, 0x0, 0x0,
    0x0, 0x0, 0x0, 0x0, 0x0, 0xdf, 0x30, 0x0,
    0x0, 0x0, 0x0, 0x0, 0x0, 0xd, 0xf3, 0x0,
    0x0, 0x0, 0x0, 0x0, 0x3, 0x8c, 0xff, 0xfc,
    0x82, 0x0, 0x0, 0x0, 0x1b, 0xff, 0xff, 0xff,
    0xff, 0xf9, 0x0, 0x0, 0x3e, 0xff, 0xff, 0xff,
    0xff, 0xff, 0xfc, 0x10, 0x2e, 0xff, 0xfb, 0x4e,
    0xf4, 0x3a, 0xff, 0xc1, 0xb, 0xff, 0xf5, 0x0,
    0xdf, 0x30, 0x4, 0xb0, 0x3, 0xff, 0xf7, 0x0,
    0xd, 0xf3, 0x0, 0x0, 0x0, 0x8f, 0xfd, 0x0,
    0x0, 0xdf, 0x30, 0x0, 0x0, 0xc, 0xff, 0x80,
    0x0, 0xd, 0xf3, 0x0, 0x0, 0x0, 0xdf, 0xf6,
    0x0, 0x0, 0xdf, 0x30, 0x0, 0x0, 0xd, 0xff,
    0x60, 0x0, 0xd, 0xf3, 0x0, 0x0, 0x0, 0xcf,
    0xf8, 0x0, 0x0, 0xdf, 0x30, 0x0, 0x0, 0x8,
    0xff, 0xd0, 0x0, 0xd, 0xf3, 0x0, 0x0, 0x0,
    0x3f, 0xff, 0x70, 0x0, 0xdf, 0x30, 0x0, 0x0,
    0x0, 0xbf, 0xff, 0x50, 0xd, 0xf3, 0x0, 0x4b,
    0x10, 0x2, 0xef, 0xff, 0xb4, 0xef, 0x44, 0xaf,
    0xfd, 0x10, 0x3, 0xef, 0xff, 0xff, 0xff, 0xff,
    0xff, 0xc0, 0x0, 0x1, 0xbf, 0xff, 0xff, 0xff,
    0xff, 0x90, 0x0, 0x0, 0x0, 0x38, 0xcf, 0xff,
    0xc8, 0x20, 0x0, 0x0, 0x0, 0x0, 0x0, 0xdf,
    0x30, 0x0, 0x0, 0x0, 0x0, 0x0, 0x0, 0xd,
    0xf3, 0x0, 0x0, 0x0, 0x0, 0x0, 0x0, 0x0,
    0xdf, 0x30, 0x0, 0x0, 0x0,

    /* U+20B8 "₸" */
    0x4f, 0xff, 0xff, 0xff, 0xff, 0xff, 0xff, 0xf9,
    0x3d, 0xdd, 0xdd, 0xdd, 0xdd, 0xdd, 0xdd, 0xd7,
    0x0, 0x0, 0x0, 0x0, 0x0, 0x0, 0x0, 0x0,
    0x3d, 0xdd, 0xdd, 0xdd, 0xdd, 0xdd, 0xdd, 0xd7,
    0x4f, 0xff, 0xff, 0xff, 0xff, 0xff, 0xff, 0xf9,
    0x0, 0x0, 0x0, 0x7f, 0xfc, 0x0, 0x0, 0x0,
    0x0, 0x0, 0x0, 0x7f, 0xfc, 0x0, 0x0, 0x0,
    0x0, 0x0, 0x0, 0x7f, 0xfc, 0x0, 0x0, 0x0,
    0x0, 0x0, 0x0, 0x7f, 0xfc, 0x0, 0x0, 0x0,
    0x0, 0x0, 0x0, 0x7f, 0xfc, 0x0, 0x0, 0x0,
    0x0, 0x0, 0x0, 0x7f, 0xfc, 0x0, 0x0, 0x0,
    0x0, 0x0, 0x0, 0x7f, 0xfc, 0x0, 0x0, 0x0,
    0x0, 0x0, 0x0, 0x7f, 0xfc, 0x0, 0x0, 0x0,
    0x0, 0x0, 0x0, 0x7f, 0xfc, 0x0, 0x0, 0x0,
    0x0, 0x0, 0x0, 0x7f, 0xfc, 0x0, 0x0, 0x0,
    0x0, 0x0, 0x0, 0x7f, 0xfc, 0x0, 0x0, 0x0,
    0x0, 0x0, 0x0, 0x7f, 0xfc, 0x0, 0x0, 0x0,
    0x0, 0x0, 0x0, 0x7f, 0xfc, 0x0, 0x0, 0x0,

    /* U+20B9 "₹" */
    0x18, 0x88, 0x88, 0x88, 0x88, 0x88, 0x88, 0x88,
    0x62, 0xff, 0xff, 0xff, 0xff, 0xff, 0xff, 0xff,
    0xfc, 0x4, 0x44, 0x44, 0x44, 0x7d, 0xff, 0xf6,
    0x44, 0x30, 0x0, 0x0, 0x0, 0x0, 0xb, 0xff,
    0xd0, 0x0, 0x2f, 0xff, 0xff, 0xff, 0xff, 0xff,
    0xff, 0xff, 0xc1, 0xbb, 0xbb, 0xbb, 0xbb, 0xbb,
    0xff, 0xff, 0xb9, 0x0, 0x0, 0x0, 0x0, 0x0,
    0xd, 0xff, 0x60, 0x0, 0x0, 0x0, 0x0, 0x0,
    0x2, 0xff, 0xf4, 0x0, 0x0, 0x0, 0x0, 0x0,
    0x2, 0xdf, 0xfe, 0x0, 0x0, 0x6, 0x99, 0x99,
    0x9c, 0xff, 0xff, 0x70, 0x0, 0x0, 0xaf, 0xff,
    0xff, 0xff, 0xff, 0x80, 0x0, 0x0, 0xa, 0xff,
    0xff, 0xff, 0xff, 0x20, 0x0, 0x0, 0x0, 0x12,
    0x22, 0x26, 0xff, 0xf3, 0x0, 0x0, 0x0, 0x0,
    0x0, 0x0, 0xa, 0xff, 0xd0, 0x0, 0x0, 0x0,
    0x0, 0x0, 0x0, 0x1e, 0xff, 0x70, 0x0, 0x0,
    0x0, 0x0, 0x0, 0x0, 0x5f, 0xff, 0x20, 0x0,
    0x0, 0x0, 0x0, 0x0, 0x0, 0xaf, 0xfc, 0x0,
    0x0, 0x0, 0x0, 0x0, 0x0, 0x1, 0xef, 0xf7,
    0x0,

    /* U+20BA "₺" */
    0x0, 0xa, 0xff, 0x90, 0x0, 0x0, 0x10, 0x0,
    0x0, 0x0, 0xa, 0xff, 0x90, 0x0, 0x7, 0xe0,
    0x0, 0x0, 0x0, 0xa, 0xff, 0x90, 0x6, 0xef,
    0xd0, 0x0, 0x0, 0x0, 0xa, 0xff, 0x95, 0xdf,
    0xe6, 0x0, 0x0, 0x0, 0x0, 0xa, 0xff, 0xff,
    0xf7, 0x0, 0x50, 0x0, 0x0, 0x0, 0xc, 0xff,
    0xf9, 0x10, 0x4d, 0xf0, 0x0, 0x0, 0x1, 0x9f,
    0xff, 0xb0, 0x3b, 0xff, 0x80, 0x0, 0x0, 0x2f,
    0xff, 0xff, 0xba, 0xff, 0x91, 0x0, 0x0, 0x0,
    0x4c, 0x4a, 0xff, 0xff, 0xa2, 0x0, 0x0, 0x22,
    0x20, 0x0, 0xf, 0xff, 0xf3, 0x0, 0x0, 0x0,
    0xff, 0xf3, 0x6, 0xef, 0xff, 0x90, 0x0, 0x0,
    0x1, 0xff, 0xf2, 0x4f, 0xef, 0xff, 0x90, 0x0,
    0x0, 0x6, 0xff, 0xf0, 0x37, 0xa, 0xff, 0x90,
    0x0, 0x0, 0xd, 0xff, 0xa0, 0x0, 0xa, 0xff,
    0x90, 0x0, 0x0, 0x9f, 0xff, 0x30, 0x0, 0xa,
    0xff, 0x90, 0x0, 0x4c, 0xff, 0xf9, 0x0, 0x0,
    0xa, 0xff, 0xed, 0xef, 0xff, 0xff, 0xa0, 0x0,
    0x0, 0xa, 0xff, 0xff, 0xff, 0xff, 0xe6, 0x0,
    0x0, 0x0, 0xa, 0xff, 0xff, 0xec, 0x95, 0x0,
    0x0, 0x0,

    /* U+20BC "₼" */
    0x0, 0x0, 0x0, 0x0, 0x48, 0x30, 0x0, 0x0,
    0x0, 0x0, 0x0, 0x0, 0x0, 0x9, 0xf7, 0x0,
    0x0, 0x0, 0x0, 0x0, 0x0, 0x0, 0x0, 0x9f,
    0x70, 0x0, 0x0, 0x0, 0x0, 0x0, 0x0, 0x0,
    0x9, 0xf7, 0x0, 0x0, 0x0, 0x0, 0x0, 0x0,
    0x2, 0x8c, 0xff, 0xfc, 0x82, 0x0, 0x0, 0x0,
    0x0, 0x1a, 0xff, 0xff, 0xff, 0xff, 0xf8, 0x0,
    0x0, 0x0, 0x1d, 0xff, 0xff, 0xff, 0xff, 0xff,
    0xfb, 0x0, 0x0, 0xc, 0xff, 0xf9, 0x3a, 0xf8,
    0x4a, 0xff, 0xf9, 0x0, 0x6, 0xff, 0xf4, 0x0,
    0x9f, 0x70, 0x5, 0xff, 0xf3, 0x0, 0xef, 0xf7,
    0x0, 0x9, 0xf7, 0x0, 0x9, 0xff, 0xb0, 0x3f,
    0xfe, 0x0, 0x0, 0x9f, 0x70, 0x0, 0x1f, 0xff,
    0x7, 0xff, 0xa0, 0x0, 0x9, 0xf7, 0x0, 0x0,
    0xcf, 0xf4, 0x9f, 0xf7, 0x0, 0x0, 0x9f, 0x70,
    0x0, 0xa, 0xff, 0x6a, 0xff, 0x60, 0x0, 0x9,
    0xf7, 0x0, 0x0, 0x9f, 0xf7, 0xaf, 0xf6, 0x0,
    0x0, 0x9f, 0x70, 0x0, 0x8, 0xff, 0x7a, 0xff,
    0x60, 0x0, 0x9, 0xf7, 0x0, 0x0, 0x8f, 0xf7,
    0xaf, 0xf6, 0x0, 0x0, 0x9f, 0x70, 0x0, 0x8,
    0xff, 0x7a, 0xff, 0x60, 0x0, 0x9, 0xf7, 0x0,
    0x0, 0x8f, 0xf7, 0xaf, 0xf6, 0x0, 0x0, 0x8f,
    0x70, 0x0, 0x8, 0xff, 0x7a, 0xff, 0x60, 0x0,
    0x0, 0x0, 0x0, 0x0, 0x8f, 0xf7, 0xaf, 0xf6,
    0x0, 0x0, 0x0, 0x0, 0x0, 0x8, 0xff, 0x7a,
    0xff, 0x60, 0x0, 0x0, 0x0, 0x0, 0x0, 0x8f,
    0xf7,

    /* U+20BD "₽" */
    0x0, 0xc, 0xff, 0xff, 0xff, 0xfe, 0xd9, 0x40,
    0x0, 0x0, 0xc, 0xff, 0xff, 0xff, 0xff, 0xff,
    0xfb, 0x10, 0x0, 0xc, 0xff, 0xfd, 0xdd, 0xdf,
    0xff, 0xff, 0xc0, 0x0, 0xc, 0xff, 0x80, 0x0,
    0x0, 0x3b, 0xff, 0xf6, 0x0, 0xc, 0xff, 0x80,
    0x0, 0x0, 0x0, 0xcf, 0xfb, 0x0, 0xc, 0xff,
    0x80, 0x0, 0x0, 0x0, 0x7f, 0xfd, 0x0, 0xc,
    0xff, 0x80, 0x0, 0x0, 0x0, 0x7f, 0xfd, 0x0,
    0xc, 0xff, 0x80, 0x0, 0x0, 0x0, 0xcf, 0xfb,
    0x0, 0xc, 0xff, 0x80, 0x0, 0x0, 0x1a, 0xff,
    0xf6, 0x0, 0xc, 0xff, 0xfb, 0xbb, 0xcd, 0xff,
    0xff, 0xc0, 0x0, 0xc, 0xff, 0xff, 0xff, 0xff,
    0xff, 0xfb, 0x10, 0x0, 0xc, 0xff, 0xff, 0xff,
    0xff, 0xd9, 0x40, 0x0, 0x0, 0xc, 0xff, 0x80,
    0x0, 0x0, 0x0, 0x0, 0x0, 0x3d, 0xdf, 0xff,
    0xfd, 0xdd, 0xdd, 0x0, 0x0, 0x0, 0x4f, 0xff,
    0xff, 0xff, 0xff, 0xff, 0x0, 0x0, 0x0, 0x0,
    0xc, 0xff, 0x80, 0x0, 0x0, 0x0, 0x0, 0x0,
    0x0, 0xc, 0xff, 0x80, 0x0, 0x0, 0x0, 0x0,
    0x0, 0x0, 0xc, 0xff, 0x80, 0x0, 0x0, 0x0,
    0x0, 0x0,

    /* U+20BF "₿" */
    0x0, 0x0, 0x18, 0x60, 0x8, 0x80, 0x0, 0x0,
    0x0, 0x0, 0x3, 0xfd, 0x0, 0xff, 0x0, 0x0,
    0x0, 0x0, 0x0, 0x3f, 0xd0, 0xf, 0xf0, 0x0,
    0x0, 0x0, 0x0, 0x3, 0xfd, 0x0, 0xff, 0x0,
    0x0, 0x0, 0xf, 0xff, 0xff, 0xff, 0xff, 0xfd,
    0x71, 0x0, 0x0, 0xff, 0xff, 0xff, 0xff, 0xff,
    0xff, 0xe4, 0x0, 0xf, 0xff, 0xba, 0xaa, 0xab,
    0xef, 0xff, 0xf1, 0x0, 0xff, 0xf2, 0x0, 0x0,
    0x0, 0x6f, 0xff, 0x70, 0xf, 0xff, 0x20, 0x0,
    0x0, 0x0, 0xcf, 0xf9, 0x0, 0xff, 0xf2, 0x0,
    0x0, 0x0, 0xc, 0xff, 0x70, 0xf, 0xff, 0x20,
    0x0, 0x0, 0x6, 0xff, 0xf2, 0x0, 0xff, 0xfc,
    0xaa, 0xaa, 0xbd, 0xff, 0xf6, 0x0, 0xf, 0xff,
    0xff, 0xff, 0xff, 0xff, 0xfc, 0x10, 0x0, 0xff,
    0xff, 0xff, 0xff, 0xff, 0xff, 0xfe, 0x30, 0xf,
    0xff, 0x20, 0x0, 0x0, 0x15, 0xdf, 0xfd, 0x0,
    0xff, 0xf2, 0x0, 0x0, 0x0, 0x1, 0xff, 0xf4,
    0xf, 0xff, 0x20, 0x0, 0x0, 0x0, 0xd, 0xff,
    0x60, 0xff, 0xf2, 0x0, 0x0, 0x0, 0x0, 0xff,
    0xf6, 0xf, 0xff, 0x20, 0x0, 0x0, 0x0, 0x9f,
    0xff, 0x30, 0xff, 0xfb, 0xaa, 0xaa, 0xab, 0xff,
    0xff, 0xc0, 0xf, 0xff, 0xff, 0xff, 0xff, 0xff,
    0xff, 0xc1, 0x0, 0xff, 0xff, 0xff, 0xff, 0xff,
    0xea, 0x50, 0x0, 0x0, 0x0, 0x3f, 0xd0, 0xf,
    0xf0, 0x0, 0x0, 0x0, 0x0, 0x3, 0xfd, 0x0,
    0xff, 0x0, 0x0, 0x0, 0x0, 0x0, 0x3f, 0xd0,
    0xf, 0xf0, 0x0, 0x0, 0x0,

    /* U+2190 "←" */
    0x0, 0x0, 0x44, 0x20, 0x0, 0x0, 0x0, 0x9,
    0xff, 0x30, 0x0, 0x0, 0x0, 0x3f, 0xf9, 0x0,
    0x0, 0x0, 0x0, 0xdf, 0xe1, 0x0, 0x0, 0x0,
    0x9, 0xff, 0x50, 0x0, 0x0, 0x0, 0x3f, 0xff,
    0xff, 0xff, 0xff, 0xfc, 0x6f, 0xff, 0xff, 0xff,
    0xff, 0xfc, 0xb, 0xff, 0x74, 0x44, 0x44, 0x43,
    0x1, 0xff, 0xc0, 0x0, 0x0, 0x0, 0x0, 0x6f,
    0xf7, 0x0, 0x0, 0x0, 0x0, 0xb, 0xff, 0x10,
    0x0, 0x0, 0x0, 0x1, 0x88, 0x40, 0x0, 0x0,

    /* U+2191 "↑" */
    0x0, 0x0, 0x1, 0x60, 0x0, 0x0, 0x0, 0x0,
    0x6f, 0xfc, 0x20, 0x0, 0x0, 0x1b, 0xff, 0xff,
    0xf6, 0x0, 0x5, 0xef, 0xff, 0xff, 0xff, 0xb2,
    0xf, 0xfe, 0x5e, 0xf9, 0x9f, 0xfa, 0xf, 0x90,
    0xe, 0xf8, 0x3, 0xda, 0x3, 0x0, 0xe, 0xf8,
    0x0, 0x3, 0x0, 0x0, 0xe, 0xf8, 0x0, 0x0,
    0x0, 0x0, 0xe, 0xf8, 0x0, 0x0, 0x0, 0x0,
    0xe, 0xf8, 0x0, 0x0, 0x0, 0x0, 0xe, 0xf8,
    0x0, 0x0, 0x0, 0x0, 0xe, 0xf7, 0x0, 0x0,

    /* U+2192 "→" */
    0x0, 0x0, 0x2, 0x44, 0x0, 0x0, 0x0, 0x0,
    0x3, 0xff, 0x80, 0x0, 0x0, 0x0, 0x0, 0x9f,
    0xf3, 0x0, 0x0, 0x0, 0x0, 0x1e, 0xfd, 0x0,
    0x0, 0x0, 0x0, 0x5, 0xff, 0x90, 0xcf, 0xff,
    0xff, 0xff, 0xff, 0xf3, 0xcf, 0xff, 0xff, 0xff,
    0xff, 0xf6, 0x34, 0x44, 0x44, 0x47, 0xff, 0xb0,
    0x0, 0x0, 0x0, 0xc, 0xff, 0x10, 0x0, 0x0,
    0x0, 0x7f, 0xf6, 0x0, 0x0, 0x0, 0x1, 0xff,
    0xb0, 0x0, 0x0, 0x0, 0x4, 0x88, 0x10, 0x0,

    /* U+2193 "↓" */
    0x0, 0x0, 0x35, 0x50, 0x0, 0x0, 0x0, 0x0,
    0x8f, 0xe0, 0x0, 0x0, 0x0, 0x0, 0x8f, 0xe0,
    0x0, 0x0, 0x0, 0x0, 0x8f, 0xe0, 0x0, 0x0,
    0x0, 0x0, 0x8f, 0xe0, 0x0, 0x0, 0x0, 0x0,
    0x8f, 0xe0, 0x0, 0x0, 0x84, 0x0, 0x8f, 0xe0,
    0x1, 0xa0, 0xaf, 0xa1, 0x8f, 0xe0, 0x6e, 0xf0,
    0x8f, 0xfe, 0xef, 0xfb, 0xff, 0xe0, 0x5, 0xef,
    0xff, 0xff, 0xf9, 0x0, 0x0, 0x1b, 0xff, 0xfe,
    0x40, 0x0, 0x0, 0x0, 0x5e, 0xa1, 0x0, 0x0,
    0x0, 0x0, 0x0, 0x0, 0x0, 0x0,

    /* U+2194 "↔" */
    0x0, 0x0, 0x44, 0x20, 0x0, 0x4, 0x43, 0x0,
    0x0, 0x0, 0xa, 0xff, 0x20, 0x0, 0x9, 0xff,
    0x30, 0x0, 0x0, 0x4f, 0xf8, 0x0, 0x0, 0x0,
    0xef, 0xd0, 0x0, 0x0, 0xef, 0xe0, 0x0, 0x0,
    0x0, 0x5f, 0xf8, 0x0, 0x9, 0xff, 0x40, 0x0,
    0x0, 0x0, 0xb, 0xff, 0x30, 0x4f, 0xff, 0xff,
    0xff, 0xff, 0xff, 0xff, 0xff, 0xd0, 0x6f, 0xff,
    0xff, 0xff, 0xff, 0xff, 0xff, 0xff, 0xe1, 0xc,
    0xff, 0x74, 0x44, 0x44, 0x44, 0x4d, 0xff, 0x50,
    0x2, 0xff, 0xc0, 0x0, 0x0, 0x0, 0x3f, 0xfb,
    0x0, 0x0, 0x7f, 0xf6, 0x0, 0x0, 0x0, 0xcf,
    0xf1, 0x0, 0x0, 0xc, 0xfe, 0x10, 0x0, 0x6,
    0xff, 0x60, 0x0, 0x0, 0x2, 0x88, 0x40, 0x0,
    0x7, 0x87, 0x0, 0x0,

    /* U+2195 "↕" */
    0x0, 0x0, 0x1, 0x50, 0x0, 0x0, 0x0, 0x0,
    0x5e, 0xfb, 0x10, 0x0, 0x0, 0x1a, 0xff, 0xff,
    0xf6, 0x0, 0x4, 0xef, 0xff, 0xff, 0xff, 0xb1,
    0xf, 0xfe, 0x5e, 0xf9, 0xaf, 0xfa, 0xf, 0xa1,
    0xe, 0xf8, 0x4, 0xda, 0x4, 0x0, 0xe, 0xf8,
    0x0, 0x4, 0x0, 0x0, 0xe, 0xf8, 0x0, 0x0,
    0x0, 0x0, 0xe, 0xf8, 0x0, 0x0, 0x0, 0x0,
    0xe, 0xf8, 0x0, 0x0, 0x6, 0x0, 0xe, 0xf8,
    0x0, 0x15, 0x1f, 0xc2, 0xe, 0xf8, 0x6, 0xf9,
    0x1f, 0xff, 0x8f, 0xfb, 0xcf, 0xf8, 0x3, 0xdf,
    0xff, 0xff, 0xff, 0x80, 0x0, 0x8, 0xff, 0xff,
    0xd3, 0x0, 0x0, 0x0, 0x3d, 0xf9, 0x0, 0x0,
    0x0, 0x0, 0x0, 0x30, 0x0, 0x0,

    /* U+2196 "↖" */
    0x0, 0x0, 0x0, 0x14, 0x10, 0x0, 0x4, 0x7b,
    0xef, 0xfd, 0x10, 0x6, 0xff, 0xff, 0xff, 0xb4,
    0x0, 0x9f, 0xff, 0x93, 0x0, 0x0, 0xc, 0xff,
    0xfe, 0x20, 0x0, 0x0, 0xff, 0xcf, 0xfe, 0x20,
    0x0, 0x2f, 0xf0, 0x8f, 0xfe, 0x20, 0x5, 0xfc,
    0x0, 0x8f, 0xfe, 0x20, 0x4f, 0x80, 0x0, 0x8f,
    0xfe, 0x20, 0x54, 0x0, 0x0, 0x8f, 0xf4, 0x0,
    0x0, 0x0, 0x0, 0x85, 0x0,

    /* U+2197 "↗" */
    0x0, 0x2, 0x0, 0x0, 0x0, 0x0, 0x6, 0xff,
    0xc9, 0x63, 0x0, 0x1, 0xcf, 0xff, 0xff, 0xfa,
    0x0, 0x0, 0x3, 0x7f, 0xff, 0xe0, 0x0, 0x0,
    0x9, 0xff, 0xff, 0x10, 0x0, 0x9, 0xff, 0xef,
    0xf4, 0x0, 0x9, 0xff, 0xe1, 0xbf, 0x70, 0x9,
    0xff, 0xe1, 0x7, 0xfb, 0x9, 0xff, 0xe1, 0x0,
    0x3f, 0xb1, 0xef, 0xe1, 0x0, 0x0, 0xc0, 0x3,
    0xd1, 0x0, 0x0, 0x0, 0x0, 0x0, 0x0, 0x0,
    0x0, 0x0,

    /* U+2198 "↘" */
    0x0, 0x0, 0x0, 0x0, 0x0, 0x0, 0x2c, 0x10,
    0x0, 0x0, 0x0, 0x1e, 0xfd, 0x10, 0x0, 0xb,
    0x0, 0x9f, 0xfd, 0x10, 0x3, 0xfa, 0x0, 0x9f,
    0xfd, 0x10, 0x7f, 0xa0, 0x0, 0x9f, 0xfd, 0x1a,
    0xf7, 0x0, 0x0, 0x9f, 0xfd, 0xff, 0x40, 0x0,
    0x0, 0x9f, 0xff, 0xf1, 0x0, 0x0, 0x37, 0xff,
    0xfe, 0x0, 0x1b, 0xff, 0xff, 0xff, 0xb0, 0x0,
    0x7f, 0xfd, 0xa7, 0x40, 0x0, 0x0, 0x30, 0x0,
    0x0, 0x0,

    /* U+2199 "↙" */
    0x0, 0x0, 0x0, 0x0, 0x0, 0x0, 0x0, 0x0,
    0x0, 0xb, 0x90, 0x9, 0x60, 0x0, 0xb, 0xff,
    0x76, 0xfa, 0x0, 0xb, 0xff, 0xc1, 0x5f, 0xd0,
    0xb, 0xff, 0xc0, 0x2, 0xff, 0x2b, 0xff, 0xc0,
    0x0, 0xe, 0xff, 0xff, 0xc0, 0x0, 0x0, 0xbf,
    0xff, 0xc0, 0x0, 0x0, 0x8, 0xff, 0xfb, 0x62,
    0x0, 0x0, 0x4f, 0xff, 0xff, 0xff, 0x50, 0x0,
    0x3, 0x7a, 0xdf, 0xa0, 0x0, 0x0, 0x0, 0x0,
    0x0, 0x0
};


/*---------------------
 *  GLYPH DESCRIPTION
 *--------------------*/

static const lv_font_fmt_txt_glyph_dsc_t glyph_dsc[] = {
    {.bitmap_index = 0, .adv_w = 0, .box_w = 0, .box_h = 0, .ofs_x = 0, .ofs_y = 0} /* id = 0 reserved */,
    {.bitmap_index = 0, .adv_w = 110, .box_w = 0, .box_h = 0, .ofs_x = 0, .ofs_y = 0},
    {.bitmap_index = 0, .adv_w = 111, .box_w = 5, .box_h = 18, .ofs_x = 1, .ofs_y = 0},
    {.bitmap_index = 45, .adv_w = 165, .box_w = 8, .box_h = 8, .ofs_x = 1, .ofs_y = 10},
    {.bitmap_index = 77, .adv_w = 284, .box_w = 18, .box_h = 18, .ofs_x = 0, .ofs_y = 0},
    {.bitmap_index = 239, .adv_w = 252, .box_w = 15, .box_h = 25, .ofs_x = 0, .ofs_y = -3},
    {.bitmap_index = 427, .adv_w = 344, .box_w = 21, .box_h = 18, .ofs_x = 0, .ofs_y = 0},
    {.bitmap_index = 616, .adv_w = 282, .box_w = 17, .box_h = 19, .ofs_x = 1, .ofs_y = -1},
    {.bitmap_index = 778, .adv_w = 88, .box_w = 4, .box_h = 8, .ofs_x = 1, .ofs_y = 10},
    {.bitmap_index = 794, .adv_w = 139, .box_w = 7, .box_h = 25, .ofs_x = 2, .ofs_y = -5},
    {.bitmap_index = 882, .adv_w = 139, .box_w = 7, .box_h = 25, .ofs_x = 0, .ofs_y = -5},
    {.bitmap_index = 970, .adv_w = 166, .box_w = 10, .box_h = 10, .ofs_x = 0, .ofs_y = 9},
    {.bitmap_index = 1020, .adv_w = 236, .box_w = 13, .box_h = 12, .ofs_x = 1, .ofs_y = 3},
    {.bitmap_index = 1098, .adv_w = 98, .box_w = 5, .box_h = 9, .ofs_x = 1, .ofs_y = -4},
    {.bitmap_index = 1121, .adv_w = 154, .box_w = 8, .box_h = 3, .ofs_x = 1, .ofs_y = 6},
    {.bitmap_index = 1133, .adv_w = 98, .box_w = 5, .box_h = 5, .ofs_x = 1, .ofs_y = 0},
    {.bitmap_index = 1146, .adv_w = 148, .box_w = 12, .box_h = 25, .ofs_x = -1, .ofs_y = -3},
    {.bitmap_index = 1296, .adv_w = 269, .box_w = 15, .box_h = 18, .ofs_x = 1, .ofs_y = 0},
    {.bitmap_index = 1431, .adv_w = 152, .box_w = 8, .box_h = 18, .ofs_x = 0, .ofs_y = 0},
    {.bitmap_index = 1503, .adv_w = 233, .box_w = 14, .box_h = 18, .ofs_x = 0, .ofs_y = 0},
    {.bitmap_index = 1629, .adv_w = 233, .box_w = 14, .box_h = 18, .ofs_x = 0, .ofs_y = 0},
    {.bitmap_index = 1755, .adv_w = 272, .box_w = 17, .box_h = 18, .ofs_x = 0, .ofs_y = 0},
    {.bitmap_index = 1908, .adv_w = 234, .box_w = 14, .box_h = 18, .ofs_x = 0, .ofs_y = 0},
    {.bitmap_index = 2034, .adv_w = 251, .box_w = 15, .box_h = 18, .ofs_x = 1, .ofs_y = 0},
    {.bitmap_index = 2169, .adv_w = 243, .box_w = 15, .box_h = 18, .ofs_x = 0, .ofs_y = 0},
    {.bitmap_index = 2304, .adv_w = 261, .box_w = 15, .box_h = 18, .ofs_x = 1, .ofs_y = 0},
    {.bitmap_index = 2439, .adv_w = 251, .box_w = 15, .box_h = 18, .ofs_x = 0, .ofs_y = 0},
    {.bitmap_index = 2574, .adv_w = 98, .box_w = 5, .box_h = 14, .ofs_x = 1, .ofs_y = 0},
    {.bitmap_index = 2609, .adv_w = 98, .box_w = 5, .box_h = 18, .ofs_x = 1, .ofs_y = -4},
    {.bitmap_index = 2654, .adv_w = 236, .box_w = 13, .box_h = 13, .ofs_x = 1, .ofs_y = 3},
    {.bitmap_index = 2739, .adv_w = 236, .box_w = 13, .box_h = 9, .ofs_x = 1, .ofs_y = 5},
    {.bitmap_index = 2798, .adv_w = 236, .box_w = 13, .box_h = 13, .ofs_x = 1, .ofs_y = 3},
    {.bitmap_index = 2883, .adv_w = 232, .box_w = 13, .box_h = 18, .ofs_x = 0, .ofs_y = 0},
    {.bitmap_index = 3000, .adv_w = 414, .box_w = 24, .box_h = 23, .ofs_x = 1, .ofs_y = -5},
    {.bitmap_index = 3276, .adv_w = 300, .box_w = 20, .box_h = 18, .ofs_x = -1, .ofs_y = 0},
    {.bitmap_index = 3456, .adv_w = 304, .box_w = 16, .box_h = 18, .ofs_x = 2, .ofs_y = 0},
    {.bitmap_index = 3600, .adv_w = 287, .box_w = 17, .box_h = 18, .ofs_x = 1, .ofs_y = 0},
    {.bitmap_index = 3753, .adv_w = 330, .box_w = 18, .box_h = 18, .ofs_x = 2, .ofs_y = 0},
    {.bitmap_index = 3915, .adv_w = 268, .box_w = 14, .box_h = 18, .ofs_x = 2, .ofs_y = 0},
    {.bitmap_index = 4041, .adv_w = 255, .box_w = 14, .box_h = 18, .ofs_x = 2, .ofs_y = 0},
    {.bitmap_index = 4167, .adv_w = 309, .box_w = 17, .box_h = 18, .ofs_x = 1, .ofs_y = 0},
    {.bitmap_index = 4320, .adv_w = 324, .box_w = 16, .box_h = 18, .ofs_x = 2, .ofs_y = 0},
    {.bitmap_index = 4464, .adv_w = 128, .box_w = 4, .box_h = 18, .ofs_x = 2, .ofs_y = 0},
    {.bitmap_index = 4500, .adv_w = 211, .box_w = 12, .box_h = 18, .ofs_x = -1, .ofs_y = 0},
    {.bitmap_index = 4608, .adv_w = 292, .box_w = 17, .box_h = 18, .ofs_x = 2, .ofs_y = 0},
    {.bitmap_index = 4761, .adv_w = 240, .box_w = 13, .box_h = 18, .ofs_x = 2, .ofs_y = 0},
    {.bitmap_index = 4878, .adv_w = 382, .box_w = 20, .box_h = 18, .ofs_x = 2, .ofs_y = 0},
    {.bitmap_index = 5058, .adv_w = 324, .box_w = 16, .box_h = 18, .ofs_x = 2, .ofs_y = 0},
    {.bitmap_index = 5202, .adv_w = 337, .box_w = 19, .box_h = 18, .ofs_x = 1, .ofs_y = 0},
    {.bitmap_index = 5373, .adv_w = 290, .box_w = 15, .box_h = 18, .ofs_x = 2, .ofs_y = 0},
    {.bitmap_index = 5508, .adv_w = 337, .box_w = 20, .box_h = 22, .ofs_x = 1, .ofs_y = -4},
    {.bitmap_index = 5728, .adv_w = 292, .box_w = 16, .box_h = 18, .ofs_x = 2, .ofs_y = 0},
    {.bitmap_index = 5872, .adv_w = 252, .box_w = 15, .box_h = 18, .ofs_x = 0, .ofs_y = 0},
    {.bitmap_index = 6007, .adv_w = 241, .box_w = 15, .box_h = 18, .ofs_x = 0, .ofs_y = 0},
    {.bitmap_index = 6142, .adv_w = 316, .box_w = 16, .box_h = 18, .ofs_x = 2, .ofs_y = 0},
    {.bitmap_index = 6286, .adv_w = 292, .box_w = 20, .box_h = 18, .ofs_x = -1, .ofs_y = 0},
    {.bitmap_index = 6466, .adv_w = 458, .box_w = 28, .box_h = 18, .ofs_x = 0, .ofs_y = 0},
    {.bitmap_index = 6718, .adv_w = 277, .box_w = 18, .box_h = 18, .ofs_x = 0, .ofs_y = 0},
    {.bitmap_index = 6880, .adv_w = 264, .box_w = 18, .box_h = 18, .ofs_x = -1, .ofs_y = 0},
    {.bitmap_index = 7042, .adv_w = 265, .box_w = 15, .box_h = 18, .ofs_x = 1, .ofs_y = 0},
    {.bitmap_index = 7177, .adv_w = 140, .box_w = 7, .box_h = 24, .ofs_x = 2, .ofs_y = -5},
    {.bitmap_index = 7261, .adv_w = 148, .box_w = 12, .box_h = 25, .ofs_x = -1, .ofs_y = -3},
    {.bitmap_index = 7411, .adv_w = 140, .box_w = 7, .box_h = 24, .ofs_x = 0, .ofs_y = -5},
    {.bitmap_index = 7495, .adv_w = 236, .box_w = 13, .box_h = 11, .ofs_x = 1, .ofs_y = 4},
    {.bitmap_index = 7567, .adv_w = 200, .box_w = 13, .box_h = 2, .ofs_x = 0, .ofs_y = -2},
    {.bitmap_index = 7580, .adv_w = 240, .box_w = 8, .box_h = 4, .ofs_x = 2, .ofs_y = 16},
    {.bitmap_index = 7596, .adv_w = 243, .box_w = 13, .box_h = 14, .ofs_x = 1, .ofs_y = 0},
    {.bitmap_index = 7687, .adv_w = 274, .box_w = 15, .box_h = 20, .ofs_x = 2, .ofs_y = 0},
    {.bitmap_index = 7837, .adv_w = 232, .box_w = 14, .box_h = 14, .ofs_x = 0, .ofs_y = 0},
    {.bitmap_index = 7935, .adv_w = 275, .box_w = 16, .box_h = 20, .ofs_x = 0, .ofs_y = 0},
    {.bitmap_index = 8095, .adv_w = 249, .box_w = 15, .box_h = 14, .ofs_x = 0, .ofs_y = 0},
    {.bitmap_index = 8200, .adv_w = 148, .box_w = 11, .box_h = 20, .ofs_x = 0, .ofs_y = 0},
    {.bitmap_index = 8310, .adv_w = 278, .box_w = 16, .box_h = 19, .ofs_x = 0, .ofs_y = -5},
    {.bitmap_index = 8462, .adv_w = 274, .box_w = 14, .box_h = 20, .ofs_x = 2, .ofs_y = 0},
    {.bitmap_index = 8602, .adv_w = 116, .box_w = 5, .box_h = 20, .ofs_x = 1, .ofs_y = 0},
    {.bitmap_index = 8652, .adv_w = 118, .box_w = 9, .box_h = 25, .ofs_x = -3, .ofs_y = -5},
    {.bitmap_index = 8765, .adv_w = 254, .box_w = 14, .box_h = 20, .ofs_x = 2, .ofs_y = 0},
    {.bitmap_index = 8905, .adv_w = 116, .box_w = 4, .box_h = 20, .ofs_x = 2, .ofs_y = 0},
    {.bitmap_index = 8945, .adv_w = 421, .box_w = 23, .box_h = 14, .ofs_x = 2, .ofs_y = 0},
    {.bitmap_index = 9106, .adv_w = 274, .box_w = 14, .box_h = 14, .ofs_x = 2, .ofs_y = 0},
    {.bitmap_index = 9204, .adv_w = 258, .box_w = 16, .box_h = 14, .ofs_x = 0, .ofs_y = 0},
    {.bitmap_index = 9316, .adv_w = 274, .box_w = 15, .box_h = 19, .ofs_x = 2, .ofs_y = -5},
    {.bitmap_index = 9459, .adv_w = 274, .box_w = 16, .box_h = 19, .ofs_x = 0, .ofs_y = -5},
    {.bitmap_index = 9611, .adv_w = 168, .box_w = 8, .box_h = 14, .ofs_x = 2, .ofs_y = 0},
    {.bitmap_index = 9667, .adv_w = 206, .box_w = 13, .box_h = 14, .ofs_x = 0, .ofs_y = 0},
    {.bitmap_index = 9758, .adv_w = 170, .box_w = 11, .box_h = 17, .ofs_x = 0, .ofs_y = 0},
    {.bitmap_index = 9852, .adv_w = 272, .box_w = 14, .box_h = 14, .ofs_x = 1, .ofs_y = 0},
    {.bitmap_index = 9950, .adv_w = 231, .box_w = 16, .box_h = 14, .ofs_x = -1, .ofs_y = 0},
    {.bitmap_index = 10062, .adv_w = 368, .box_w = 23, .box_h = 14, .ofs_x = 0, .ofs_y = 0},
    {.bitmap_index = 10223, .adv_w = 229, .box_w = 15, .box_h = 14, .ofs_x = 0, .ofs_y = 0},
    {.bitmap_index = 10328, .adv_w = 231, .box_w = 16, .box_h = 19, .ofs_x = -1, .ofs_y = -5},
    {.bitmap_index = 10480, .adv_w = 213, .box_w = 13, .box_h = 14, .ofs_x = 0, .ofs_y = 0},
    {.bitmap_index = 10571, .adv_w = 148, .box_w = 8, .box_h = 24, .ofs_x = 1, .ofs_y = -5},
    {.bitmap_index = 10667, .adv_w = 121, .box_w = 4, .box_h = 25, .ofs_x = 2, .ofs_y = -5},
    {.bitmap_index = 10717, .adv_w = 148, .box_w = 8, .box_h = 24, .ofs_x = 0, .ofs_y = -5},
    {.bitmap_index = 10813, .adv_w = 236, .box_w = 13, .box_h = 5, .ofs_x = 1, .ofs_y = 7},
    {.bitmap_index = 10846, .adv_w = 110, .box_w = 0, .box_h = 0, .ofs_x = 0, .ofs_y = 0},
    {.bitmap_index = 10846, .adv_w = 111, .box_w = 5, .box_h = 18, .ofs_x = 1, .ofs_y = -4},
    {.bitmap_index = 10891, .adv_w = 232, .box_w = 14, .box_h = 20, .ofs_x = 0, .ofs_y = -3},
    {.bitmap_index = 11031, .adv_w = 263, .box_w = 17, .box_h = 18, .ofs_x = 0, .ofs_y = 0},
    {.bitmap_index = 11184, .adv_w = 280, .box_w = 17, .box_h = 18, .ofs_x = 0, .ofs_y = 0},
    {.bitmap_index = 11337, .adv_w = 288, .box_w = 20, .box_h = 18, .ofs_x = -1, .ofs_y = 0},
    {.bitmap_index = 11517, .adv_w = 121, .box_w = 4, .box_h = 25, .ofs_x = 2, .ofs_y = -5},
    {.bitmap_index = 11567, .adv_w = 204, .box_w = 13, .box_h = 21, .ofs_x = 0, .ofs_y = -3},
    {.bitmap_index = 11704, .adv_w = 240, .box_w = 9, .box_h = 4, .ofs_x = 3, .ofs_y = 16},
    {.bitmap_index = 11722, .adv_w = 318, .box_w = 18, .box_h = 20, .ofs_x = 1, .ofs_y = -1},
    {.bitmap_index = 11902, .adv_w = 163, .box_w = 9, .box_h = 9, .ofs_x = 0, .ofs_y = 10},
    {.bitmap_index = 11943, .adv_w = 214, .box_w = 12, .box_h = 11, .ofs_x = 1, .ofs_y = 2},
    {.bitmap_index = 12009, .adv_w = 236, .box_w = 13, .box_h = 8, .ofs_x = 1, .ofs_y = 3},
    {.bitmap_index = 12061, .adv_w = 318, .box_w = 18, .box_h = 20, .ofs_x = 1, .ofs_y = -1},
    {.bitmap_index = 12241, .adv_w = 240, .box_w = 9, .box_h = 2, .ofs_x = 3, .ofs_y = 17},
    {.bitmap_index = 12250, .adv_w = 168, .box_w = 10, .box_h = 9, .ofs_x = 0, .ofs_y = 10},
    {.bitmap_index = 12295, .adv_w = 236, .box_w = 13, .box_h = 17, .ofs_x = 1, .ofs_y = 0},
    {.bitmap_index = 12406, .adv_w = 172, .box_w = 10, .box_h = 11, .ofs_x = 0, .ofs_y = 8},
    {.bitmap_index = 12461, .adv_w = 172, .box_w = 10, .box_h = 11, .ofs_x = 0, .ofs_y = 8},
    {.bitmap_index = 12516, .adv_w = 240, .box_w = 8, .box_h = 4, .ofs_x = 5, .ofs_y = 16},
    {.bitmap_index = 12532, .adv_w = 274, .box_w = 14, .box_h = 19, .ofs_x = 2, .ofs_y = -5},
    {.bitmap_index = 12665, .adv_w = 266, .box_w = 15, .box_h = 23, .ofs_x = 0, .ofs_y = -3},
    {.bitmap_index = 12838, .adv_w = 114, .box_w = 5, .box_h = 5, .ofs_x = 1, .ofs_y = 5},
    {.bitmap_index = 12851, .adv_w = 240, .box_w = 7, .box_h = 6, .ofs_x = 4, .ofs_y = -6},
    {.bitmap_index = 12872, .adv_w = 172, .box_w = 9, .box_h = 11, .ofs_x = 1, .ofs_y = 8},
    {.bitmap_index = 12922, .adv_w = 169, .box_w = 10, .box_h = 8, .ofs_x = 0, .ofs_y = 11},
    {.bitmap_index = 12962, .adv_w = 214, .box_w = 13, .box_h = 11, .ofs_x = 0, .ofs_y = 2},
    {.bitmap_index = 13034, .adv_w = 416, .box_w = 25, .box_h = 19, .ofs_x = 1, .ofs_y = -1},
    {.bitmap_index = 13272, .adv_w = 416, .box_w = 24, .box_h = 18, .ofs_x = 1, .ofs_y = 0},
    {.bitmap_index = 13488, .adv_w = 416, .box_w = 26, .box_h = 19, .ofs_x = 0, .ofs_y = -1},
    {.bitmap_index = 13735, .adv_w = 232, .box_w = 14, .box_h = 18, .ofs_x = 1, .ofs_y = -4},
    {.bitmap_index = 13861, .adv_w = 300, .box_w = 20, .box_h = 23, .ofs_x = -1, .ofs_y = 0},
    {.bitmap_index = 14091, .adv_w = 300, .box_w = 20, .box_h = 23, .ofs_x = -1, .ofs_y = 0},
    {.bitmap_index = 14321, .adv_w = 300, .box_w = 20, .box_h = 23, .ofs_x = -1, .ofs_y = 0},
    {.bitmap_index = 14551, .adv_w = 300, .box_w = 20, .box_h = 24, .ofs_x = -1, .ofs_y = 0},
    {.bitmap_index = 14791, .adv_w = 300, .box_w = 20, .box_h = 23, .ofs_x = -1, .ofs_y = 0},
    {.bitmap_index = 15021, .adv_w = 300, .box_w = 20, .box_h = 26, .ofs_x = -1, .ofs_y = 0},
    {.bitmap_index = 15281, .adv_w = 425, .box_w = 27, .box_h = 18, .ofs_x = -1, .ofs_y = 0},
    {.bitmap_index = 15524, .adv_w = 287, .box_w = 17, .box_h = 24, .ofs_x = 1, .ofs_y = -6},
    {.bitmap_index = 15728, .adv_w = 268, .box_w = 14, .box_h = 23, .ofs_x = 2, .ofs_y = 0},
    {.bitmap_index = 15889, .adv_w = 268, .box_w = 14, .box_h = 23, .ofs_x = 2, .ofs_y = 0},
    {.bitmap_index = 16050, .adv_w = 268, .box_w = 14, .box_h = 23, .ofs_x = 2, .ofs_y = 0},
    {.bitmap_index = 16211, .adv_w = 268, .box_w = 14, .box_h = 23, .ofs_x = 2, .ofs_y = 0},
    {.bitmap_index = 16372, .adv_w = 128, .box_w = 8, .box_h = 23, .ofs_x = -1, .ofs_y = 0},
    {.bitmap_index = 16464, .adv_w = 128, .box_w = 8, .box_h = 23, .ofs_x = 1, .ofs_y = 0},
    {.bitmap_index = 16556, .adv_w = 128, .box_w = 10, .box_h = 23, .ofs_x = -1, .ofs_y = 0},
    {.bitmap_index = 16671, .adv_w = 128, .box_w = 8, .box_h = 23, .ofs_x = 0, .ofs_y = 0},
    {.bitmap_index = 16763, .adv_w = 334, .box_w = 20, .box_h = 18, .ofs_x = 0, .ofs_y = 0},
    {.bitmap_index = 16943, .adv_w = 324, .box_w = 16, .box_h = 24, .ofs_x = 2, .ofs_y = 0},
    {.bitmap_index = 17135, .adv_w = 337, .box_w = 19, .box_h = 24, .ofs_x = 1, .ofs_y = 0},
    {.bitmap_index = 17363, .adv_w = 337, .box_w = 19, .box_h = 24, .ofs_x = 1, .ofs_y = 0},
    {.bitmap_index = 17591, .adv_w = 337, .box_w = 19, .box_h = 24, .ofs_x = 1, .ofs_y = 0},
    {.bitmap_index = 17819, .adv_w = 337, .box_w = 19, .box_h = 24, .ofs_x = 1, .ofs_y = 0},
    {.bitmap_index = 18047, .adv_w = 337, .box_w = 19, .box_h = 24, .ofs_x = 1, .ofs_y = 0},
    {.bitmap_index = 18275, .adv_w = 236, .box_w = 11, .box_h = 12, .ofs_x = 2, .ofs_y = 3},
    {.bitmap_index = 18341, .adv_w = 337, .box_w = 19, .box_h = 22, .ofs_x = 1, .ofs_y = -2},
    {.bitmap_index = 18550, .adv_w = 316, .box_w = 16, .box_h = 24, .ofs_x = 2, .ofs_y = 0},
    {.bitmap_index = 18742, .adv_w = 316, .box_w = 16, .box_h = 24, .ofs_x = 2, .ofs_y = 0},
    {.bitmap_index = 18934, .adv_w = 316, .box_w = 16, .box_h = 24, .ofs_x = 2, .ofs_y = 0},
    {.bitmap_index = 19126, .adv_w = 316, .box_w = 16, .box_h = 24, .ofs_x = 2, .ofs_y = 0},
    {.bitmap_index = 19318, .adv_w = 264, .box_w = 18, .box_h = 24, .ofs_x = -1, .ofs_y = 0},
    {.bitmap_index = 19534, .adv_w = 290, .box_w = 15, .box_h = 18, .ofs_x = 2, .ofs_y = 0},
    {.bitmap_index = 19669, .adv_w = 274, .box_w = 15, .box_h = 20, .ofs_x = 2, .ofs_y = 0},
    {.bitmap_index = 19819, .adv_w = 243, .box_w = 13, .box_h = 20, .ofs_x = 1, .ofs_y = 0},
    {.bitmap_index = 19949, .adv_w = 243, .box_w = 13, .box_h = 20, .ofs_x = 1, .ofs_y = 0},
    {.bitmap_index = 20079, .adv_w = 243, .box_w = 13, .box_h = 20, .ofs_x = 1, .ofs_y = 0},
    {.bitmap_index = 20209, .adv_w = 243, .box_w = 13, .box_h = 19, .ofs_x = 1, .ofs_y = 0},
    {.bitmap_index = 20333, .adv_w = 243, .box_w = 13, .box_h = 20, .ofs_x = 1, .ofs_y = 0},
    {.bitmap_index = 20463, .adv_w = 243, .box_w = 13, .box_h = 22, .ofs_x = 1, .ofs_y = 0},
    {.bitmap_index = 20606, .adv_w = 397, .box_w = 23, .box_h = 14, .ofs_x = 1, .ofs_y = 0},
    {.bitmap_index = 20767, .adv_w = 232, .box_w = 14, .box_h = 20, .ofs_x = 0, .ofs_y = -6},
    {.bitmap_index = 20907, .adv_w = 249, .box_w = 15, .box_h = 20, .ofs_x = 0, .ofs_y = 0},
    {.bitmap_index = 21057, .adv_w = 249, .box_w = 15, .box_h = 20, .ofs_x = 0, .ofs_y = 0},
    {.bitmap_index = 21207, .adv_w = 249, .box_w = 15, .box_h = 20, .ofs_x = 0, .ofs_y = 0},
    {.bitmap_index = 21357, .adv_w = 249, .box_w = 15, .box_h = 20, .ofs_x = 0, .ofs_y = 0},
    {.bitmap_index = 21507, .adv_w = 116, .box_w = 8, .box_h = 20, .ofs_x = -2, .ofs_y = 0},
    {.bitmap_index = 21587, .adv_w = 116, .box_w = 8, .box_h = 20, .ofs_x = 1, .ofs_y = 0},
    {.bitmap_index = 21667, .adv_w = 116, .box_w = 9, .box_h = 20, .ofs_x = -1, .ofs_y = 0},
    {.bitmap_index = 21757, .adv_w = 116, .box_w = 7, .box_h = 20, .ofs_x = 0, .ofs_y = 0},
    {.bitmap_index = 21827, .adv_w = 242, .box_w = 15, .box_h = 20, .ofs_x = 0, .ofs_y = 0},
    {.bitmap_index = 21977, .adv_w = 274, .box_w = 14, .box_h = 19, .ofs_x = 2, .ofs_y = 0},
    {.bitmap_index = 22110, .adv_w = 258, .box_w = 16, .box_h = 20, .ofs_x = 0, .ofs_y = 0},
    {.bitmap_index = 22270, .adv_w = 258, .box_w = 16, .box_h = 20, .ofs_x = 0, .ofs_y = 0},
    {.bitmap_index = 22430, .adv_w = 258, .box_w = 16, .box_h = 20, .ofs_x = 0, .ofs_y = 0},
    {.bitmap_index = 22590, .adv_w = 258, .box_w = 16, .box_h = 20, .ofs_x = 0, .ofs_y = 0},
    {.bitmap_index = 22750, .adv_w = 258, .box_w = 16, .box_h = 20, .ofs_x = 0, .ofs_y = 0},
    {.bitmap_index = 22910, .adv_w = 236, .box_w = 13, .box_h = 14, .ofs_x = 1, .ofs_y = 2},
    {.bitmap_index = 23001, .adv_w = 258, .box_w = 16, .box_h = 18, .ofs_x = 0, .ofs_y = -2},
    {.bitmap_index = 23145, .adv_w = 272, .box_w = 14, .box_h = 20, .ofs_x = 1, .ofs_y = 0},
    {.bitmap_index = 23285, .adv_w = 272, .box_w = 14, .box_h = 20, .ofs_x = 1, .ofs_y = 0},
    {.bitmap_index = 23425, .adv_w = 272, .box_w = 14, .box_h = 20, .ofs_x = 1, .ofs_y = 0},
    {.bitmap_index = 23565, .adv_w = 272, .box_w = 14, .box_h = 20, .ofs_x = 1, .ofs_y = 0},
    {.bitmap_index = 23705, .adv_w = 231, .box_w = 16, .box_h = 25, .ofs_x = -1, .ofs_y = -5},
    {.bitmap_index = 23905, .adv_w = 274, .box_w = 15, .box_h = 25, .ofs_x = 2, .ofs_y = -5},
    {.bitmap_index = 24093, .adv_w = 231, .box_w = 16, .box_h = 25, .ofs_x = -1, .ofs_y = -5},
    {.bitmap_index = 24293, .adv_w = 300, .box_w = 20, .box_h = 22, .ofs_x = -1, .ofs_y = 0},
    {.bitmap_index = 24513, .adv_w = 243, .box_w = 13, .box_h = 18, .ofs_x = 1, .ofs_y = 0},
    {.bitmap_index = 24630, .adv_w = 300, .box_w = 20, .box_h = 24, .ofs_x = -1, .ofs_y = 0},
    {.bitmap_index = 24870, .adv_w = 243, .box_w = 13, .box_h = 20, .ofs_x = 1, .ofs_y = 0},
    {.bitmap_index = 25000, .adv_w = 300, .box_w = 21, .box_h = 24, .ofs_x = -1, .ofs_y = -6},
    {.bitmap_index = 25252, .adv_w = 243, .box_w = 13, .box_h = 20, .ofs_x = 1, .ofs_y = -6},
    {.bitmap_index = 25382, .adv_w = 287, .box_w = 17, .box_h = 24, .ofs_x = 1, .ofs_y = 0},
    {.bitmap_index = 25586, .adv_w = 232, .box_w = 14, .box_h = 20, .ofs_x = 0, .ofs_y = 0},
    {.bitmap_index = 25726, .adv_w = 287, .box_w = 17, .box_h = 24, .ofs_x = 1, .ofs_y = 0},
    {.bitmap_index = 25930, .adv_w = 232, .box_w = 14, .box_h = 20, .ofs_x = 0, .ofs_y = 0},
    {.bitmap_index = 26070, .adv_w = 287, .box_w = 17, .box_h = 24, .ofs_x = 1, .ofs_y = 0},
    {.bitmap_index = 26274, .adv_w = 232, .box_w = 14, .box_h = 20, .ofs_x = 0, .ofs_y = 0},
    {.bitmap_index = 26414, .adv_w = 287, .box_w = 17, .box_h = 24, .ofs_x = 1, .ofs_y = 0},
    {.bitmap_index = 26618, .adv_w = 232, .box_w = 14, .box_h = 20, .ofs_x = 0, .ofs_y = 0},
    {.bitmap_index = 26758, .adv_w = 330, .box_w = 18, .box_h = 23, .ofs_x = 2, .ofs_y = 0},
    {.bitmap_index = 26965, .adv_w = 275, .box_w = 20, .box_h = 21, .ofs_x = 0, .ofs_y = 0},
    {.bitmap_index = 27175, .adv_w = 334, .box_w = 20, .box_h = 18, .ofs_x = 0, .ofs_y = 0},
    {.bitmap_index = 27355, .adv_w = 275, .box_w = 18, .box_h = 20, .ofs_x = 0, .ofs_y = 0},
    {.bitmap_index = 27535, .adv_w = 268, .box_w = 14, .box_h = 22, .ofs_x = 2, .ofs_y = 0},
    {.bitmap_index = 27689, .adv_w = 249, .box_w = 15, .box_h = 18, .ofs_x = 0, .ofs_y = 0},
    {.bitmap_index = 27824, .adv_w = 268, .box_w = 14, .box_h = 24, .ofs_x = 2, .ofs_y = 0},
    {.bitmap_index = 27992, .adv_w = 249, .box_w = 15, .box_h = 20, .ofs_x = 0, .ofs_y = 0},
    {.bitmap_index = 28142, .adv_w = 268, .box_w = 14, .box_h = 24, .ofs_x = 2, .ofs_y = 0},
    {.bitmap_index = 28310, .adv_w = 249, .box_w = 15, .box_h = 20, .ofs_x = 0, .ofs_y = 0},
    {.bitmap_index = 28460, .adv_w = 268, .box_w = 15, .box_h = 24, .ofs_x = 2, .ofs_y = -6},
    {.bitmap_index = 28640, .adv_w = 249, .box_w = 15, .box_h = 20, .ofs_x = 0, .ofs_y = -6},
    {.bitmap_index = 28790, .adv_w = 268, .box_w = 14, .box_h = 23, .ofs_x = 2, .ofs_y = 0},
    {.bitmap_index = 28951, .adv_w = 249, .box_w = 15, .box_h = 20, .ofs_x = 0, .ofs_y = 0},
    {.bitmap_index = 29101, .adv_w = 309, .box_w = 17, .box_h = 24, .ofs_x = 1, .ofs_y = 0},
    {.bitmap_index = 29305, .adv_w = 278, .box_w = 16, .box_h = 25, .ofs_x = 0, .ofs_y = -5},
    {.bitmap_index = 29505, .adv_w = 309, .box_w = 17, .box_h = 24, .ofs_x = 1, .ofs_y = 0},
    {.bitmap_index = 29709, .adv_w = 278, .box_w = 16, .box_h = 25, .ofs_x = 0, .ofs_y = -5},
    {.bitmap_index = 29909, .adv_w = 309, .box_w = 17, .box_h = 24, .ofs_x = 1, .ofs_y = 0},
    {.bitmap_index = 30113, .adv_w = 278, .box_w = 16, .box_h = 25, .ofs_x = 0, .ofs_y = -5},
    {.bitmap_index = 30313, .adv_w = 309, .box_w = 17, .box_h = 25, .ofs_x = 1, .ofs_y = -7},
    {.bitmap_index = 30526, .adv_w = 278, .box_w = 16, .box_h = 26, .ofs_x = 0, .ofs_y = -5},
    {.bitmap_index = 30734, .adv_w = 324, .box_w = 16, .box_h = 23, .ofs_x = 2, .ofs_y = 0},
    {.bitmap_index = 30918, .adv_w = 274, .box_w = 18, .box_h = 24, .ofs_x = -2, .ofs_y = 0},
    {.bitmap_index = 31134, .adv_w = 332, .box_w = 21, .box_h = 18, .ofs_x = 0, .ofs_y = 0},
    {.bitmap_index = 31323, .adv_w = 279, .box_w = 16, .box_h = 19, .ofs_x = 0, .ofs_y = 0},
    {.bitmap_index = 31475, .adv_w = 128, .box_w = 10, .box_h = 23, .ofs_x = -1, .ofs_y = 0},
    {.bitmap_index = 31590, .adv_w = 116, .box_w = 9, .box_h = 19, .ofs_x = -1, .ofs_y = 0},
    {.bitmap_index = 31676, .adv_w = 128, .box_w = 8, .box_h = 22, .ofs_x = 0, .ofs_y = 0},
    {.bitmap_index = 31764, .adv_w = 116, .box_w = 8, .box_h = 18, .ofs_x = 0, .ofs_y = 0},
    {.bitmap_index = 31836, .adv_w = 128, .box_w = 10, .box_h = 24, .ofs_x = -1, .ofs_y = 0},
    {.bitmap_index = 31956, .adv_w = 116, .box_w = 9, .box_h = 20, .ofs_x = -1, .ofs_y = 0},
    {.bitmap_index = 32046, .adv_w = 128, .box_w = 6, .box_h = 24, .ofs_x = 1, .ofs_y = -6},
    {.bitmap_index = 32118, .adv_w = 116, .box_w = 6, .box_h = 26, .ofs_x = 1, .ofs_y = -6},
    {.bitmap_index = 32196, .adv_w = 128, .box_w = 4, .box_h = 24, .ofs_x = 2, .ofs_y = 0},
    {.bitmap_index = 32244, .adv_w = 116, .box_w = 4, .box_h = 14, .ofs_x = 2, .ofs_y = 0},
    {.bitmap_index = 32272, .adv_w = 289, .box_w = 15, .box_h = 18, .ofs_x = 1, .ofs_y = 0},
    {.bitmap_index = 32407, .adv_w = 234, .box_w = 12, .box_h = 25, .ofs_x = 1, .ofs_y = -5},
    {.bitmap_index = 32557, .adv_w = 211, .box_w = 13, .box_h = 24, .ofs_x = -1, .ofs_y = 0},
    {.bitmap_index = 32713, .adv_w = 118, .box_w = 11, .box_h = 25, .ofs_x = -3, .ofs_y = -5},
    {.bitmap_index = 32851, .adv_w = 292, .box_w = 17, .box_h = 25, .ofs_x = 2, .ofs_y = -7},
    {.bitmap_index = 33064, .adv_w = 254, .box_w = 14, .box_h = 27, .ofs_x = 2, .ofs_y = -7},
    {.bitmap_index = 33253, .adv_w = 254, .box_w = 14, .box_h = 14, .ofs_x = 2, .ofs_y = 0},
    {.bitmap_index = 33351, .adv_w = 240, .box_w = 14, .box_h = 23, .ofs_x = 1, .ofs_y = 0},
    {.bitmap_index = 33512, .adv_w = 116, .box_w = 8, .box_h = 25, .ofs_x = 1, .ofs_y = 0},
    {.bitmap_index = 33612, .adv_w = 240, .box_w = 13, .box_h = 25, .ofs_x = 2, .ofs_y = -7},
    {.bitmap_index = 33775, .adv_w = 116, .box_w = 4, .box_h = 27, .ofs_x = 2, .ofs_y = -7},
    {.bitmap_index = 33829, .adv_w = 240, .box_w = 13, .box_h = 20, .ofs_x = 2, .ofs_y = 0},
    {.bitmap_index = 33959, .adv_w = 116, .box_w = 8, .box_h = 21, .ofs_x = 2, .ofs_y = 0},
    {.bitmap_index = 34043, .adv_w = 240, .box_w = 13, .box_h = 18, .ofs_x = 2, .ofs_y = 0},
    {.bitmap_index = 34160, .adv_w = 169, .box_w = 9, .box_h = 20, .ofs_x = 2, .ofs_y = 0},
    {.bitmap_index = 34250, .adv_w = 244, .box_w = 16, .box_h = 18, .ofs_x = -1, .ofs_y = 0},
    {.bitmap_index = 34394, .adv_w = 124, .box_w = 10, .box_h = 20, .ofs_x = -1, .ofs_y = 0},
    {.bitmap_index = 34494, .adv_w = 324, .box_w = 16, .box_h = 23, .ofs_x = 2, .ofs_y = 0},
    {.bitmap_index = 34678, .adv_w = 274, .box_w = 14, .box_h = 20, .ofs_x = 2, .ofs_y = 0},
    {.bitmap_index = 34818, .adv_w = 324, .box_w = 16, .box_h = 25, .ofs_x = 2, .ofs_y = -7},
    {.bitmap_index = 35018, .adv_w = 274, .box_w = 14, .box_h = 21, .ofs_x = 2, .ofs_y = -7},
    {.bitmap_index = 35165, .adv_w = 324, .box_w = 16, .box_h = 23, .ofs_x = 2, .ofs_y = 0},
    {.bitmap_index = 35349, .adv_w = 274, .box_w = 14, .box_h = 20, .ofs_x = 2, .ofs_y = 0},
    {.bitmap_index = 35489, .adv_w = 301, .box_w = 18, .box_h = 20, .ofs_x = -1, .ofs_y = 0},
    {.bitmap_index = 35669, .adv_w = 324, .box_w = 16, .box_h = 23, .ofs_x = 2, .ofs_y = -5},
    {.bitmap_index = 35853, .adv_w = 274, .box_w = 14, .box_h = 19, .ofs_x = 2, .ofs_y = -5},
    {.bitmap_index = 35986, .adv_w = 337, .box_w = 19, .box_h = 23, .ofs_x = 1, .ofs_y = 0},
    {.bitmap_index = 36205, .adv_w = 258, .box_w = 16, .box_h = 18, .ofs_x = 0, .ofs_y = 0},
    {.bitmap_index = 36349, .adv_w = 337, .box_w = 19, .box_h = 24, .ofs_x = 1, .ofs_y = 0},
    {.bitmap_index = 36577, .adv_w = 258, .box_w = 16, .box_h = 20, .ofs_x = 0, .ofs_y = 0},
    {.bitmap_index = 36737, .adv_w = 337, .box_w = 19, .box_h = 24, .ofs_x = 1, .ofs_y = 0},
    {.bitmap_index = 36965, .adv_w = 258, .box_w = 16, .box_h = 20, .ofs_x = 0, .ofs_y = 0},
    {.bitmap_index = 37125, .adv_w = 452, .box_w = 26, .box_h = 18, .ofs_x = 1, .ofs_y = 0},
    {.bitmap_index = 37359, .adv_w = 426, .box_w = 26, .box_h = 14, .ofs_x = 0, .ofs_y = 0},
    {.bitmap_index = 37541, .adv_w = 292, .box_w = 16, .box_h = 23, .ofs_x = 2, .ofs_y = 0},
    {.bitmap_index = 37725, .adv_w = 168, .box_w = 9, .box_h = 20, .ofs_x = 2, .ofs_y = 0},
    {.bitmap_index = 37815, .adv_w = 292, .box_w = 16, .box_h = 25, .ofs_x = 2, .ofs_y = -7},
    {.bitmap_index = 38015, .adv_w = 168, .box_w = 8, .box_h = 21, .ofs_x = 2, .ofs_y = -7},
    {.bitmap_index = 38099, .adv_w = 292, .box_w = 16, .box_h = 23, .ofs_x = 2, .ofs_y = 0},
    {.bitmap_index = 38283, .adv_w = 168, .box_w = 10, .box_h = 20, .ofs_x = 1, .ofs_y = 0},
    {.bitmap_index = 38383, .adv_w = 252, .box_w = 15, .box_h = 24, .ofs_x = 0, .ofs_y = 0},
    {.bitmap_index = 38563, .adv_w = 206, .box_w = 13, .box_h = 20, .ofs_x = 0, .ofs_y = 0},
    {.bitmap_index = 38693, .adv_w = 252, .box_w = 15, .box_h = 24, .ofs_x = 0, .ofs_y = 0},
    {.bitmap_index = 38873, .adv_w = 206, .box_w = 13, .box_h = 20, .ofs_x = 0, .ofs_y = 0},
    {.bitmap_index = 39003, .adv_w = 252, .box_w = 15, .box_h = 24, .ofs_x = 0, .ofs_y = -6},
    {.bitmap_index = 39183, .adv_w = 206, .box_w = 13, .box_h = 20, .ofs_x = 0, .ofs_y = -6},
    {.bitmap_index = 39313, .adv_w = 252, .box_w = 15, .box_h = 24, .ofs_x = 0, .ofs_y = 0},
    {.bitmap_index = 39493, .adv_w = 206, .box_w = 13, .box_h = 20, .ofs_x = 0, .ofs_y = 0},
    {.bitmap_index = 39623, .adv_w = 241, .box_w = 15, .box_h = 24, .ofs_x = 0, .ofs_y = -6},
    {.bitmap_index = 39803, .adv_w = 170, .box_w = 11, .box_h = 23, .ofs_x = 0, .ofs_y = -6},
    {.bitmap_index = 39930, .adv_w = 241, .box_w = 15, .box_h = 23, .ofs_x = 0, .ofs_y = 0},
    {.bitmap_index = 40103, .adv_w = 170, .box_w = 11, .box_h = 20, .ofs_x = 0, .ofs_y = 0},
    {.bitmap_index = 40213, .adv_w = 241, .box_w = 15, .box_h = 18, .ofs_x = 0, .ofs_y = 0},
    {.bitmap_index = 40348, .adv_w = 171, .box_w = 11, .box_h = 17, .ofs_x = 0, .ofs_y = 0},
    {.bitmap_index = 40442, .adv_w = 316, .box_w = 16, .box_h = 24, .ofs_x = 2, .ofs_y = 0},
    {.bitmap_index = 40634, .adv_w = 272, .box_w = 14, .box_h = 20, .ofs_x = 1, .ofs_y = 0},
    {.bitmap_index = 40774, .adv_w = 316, .box_w = 16, .box_h = 23, .ofs_x = 2, .ofs_y = 0},
    {.bitmap_index = 40958, .adv_w = 272, .box_w = 14, .box_h = 18, .ofs_x = 1, .ofs_y = 0},
    {.bitmap_index = 41084, .adv_w = 316, .box_w = 16, .box_h = 24, .ofs_x = 2, .ofs_y = 0},
    {.bitmap_index = 41276, .adv_w = 272, .box_w = 14, .box_h = 20, .ofs_x = 1, .ofs_y = 0},
    {.bitmap_index = 41416, .adv_w = 316, .box_w = 16, .box_h = 26, .ofs_x = 2, .ofs_y = 0},
    {.bitmap_index = 41624, .adv_w = 272, .box_w = 14, .box_h = 22, .ofs_x = 1, .ofs_y = 0},
    {.bitmap_index = 41778, .adv_w = 316, .box_w = 16, .box_h = 24, .ofs_x = 2, .ofs_y = 0},
    {.bitmap_index = 41970, .adv_w = 272, .box_w = 14, .box_h = 20, .ofs_x = 1, .ofs_y = 0},
    {.bitmap_index = 42110, .adv_w = 316, .box_w = 16, .box_h = 24, .ofs_x = 2, .ofs_y = -6},
    {.bitmap_index = 42302, .adv_w = 272, .box_w = 15, .box_h = 20, .ofs_x = 1, .ofs_y = -6},
    {.bitmap_index = 42452, .adv_w = 458, .box_w = 28, .box_h = 23, .ofs_x = 0, .ofs_y = 0},
    {.bitmap_index = 42774, .adv_w = 368, .box_w = 23, .box_h = 20, .ofs_x = 0, .ofs_y = 0},
    {.bitmap_index = 43004, .adv_w = 264, .box_w = 18, .box_h = 24, .ofs_x = -1, .ofs_y = 0},
    {.bitmap_index = 43220, .adv_w = 231, .box_w = 16, .box_h = 25, .ofs_x = -1, .ofs_y = -5},
    {.bitmap_index = 43420, .adv_w = 264, .box_w = 18, .box_h = 23, .ofs_x = -1, .ofs_y = 0},
    {.bitmap_index = 43627, .adv_w = 265, .box_w = 15, .box_h = 23, .ofs_x = 1, .ofs_y = 0},
    {.bitmap_index = 43800, .adv_w = 213, .box_w = 13, .box_h = 20, .ofs_x = 0, .ofs_y = 0},
    {.bitmap_index = 43930, .adv_w = 265, .box_w = 15, .box_h = 24, .ofs_x = 1, .ofs_y = 0},
    {.bitmap_index = 44110, .adv_w = 213, .box_w = 13, .box_h = 20, .ofs_x = 0, .ofs_y = 0},
    {.bitmap_index = 44240, .adv_w = 265, .box_w = 15, .box_h = 23, .ofs_x = 1, .ofs_y = 0},
    {.bitmap_index = 44413, .adv_w = 213, .box_w = 13, .box_h = 20, .ofs_x = 0, .ofs_y = 0},
    {.bitmap_index = 44543, .adv_w = 132, .box_w = 11, .box_h = 20, .ofs_x = 0, .ofs_y = 0},
    {.bitmap_index = 44653, .adv_w = 280, .box_w = 17, .box_h = 20, .ofs_x = 0, .ofs_y = 0},
    {.bitmap_index = 44823, .adv_w = 376, .box_w = 23, .box_h = 18, .ofs_x = 0, .ofs_y = 0},
    {.bitmap_index = 45030, .adv_w = 304, .box_w = 16, .box_h = 18, .ofs_x = 2, .ofs_y = 0},
    {.bitmap_index = 45174, .adv_w = 274, .box_w = 15, .box_h = 20, .ofs_x = 2, .ofs_y = 0},
    {.bitmap_index = 45324, .adv_w = 287, .box_w = 17, .box_h = 18, .ofs_x = 0, .ofs_y = 0},
    {.bitmap_index = 45477, .adv_w = 301, .box_w = 20, .box_h = 23, .ofs_x = 1, .ofs_y = 0},
    {.bitmap_index = 45707, .adv_w = 240, .box_w = 17, .box_h = 20, .ofs_x = 0, .ofs_y = 0},
    {.bitmap_index = 45877, .adv_w = 330, .box_w = 21, .box_h = 18, .ofs_x = -1, .ofs_y = 0},
    {.bitmap_index = 46066, .adv_w = 402, .box_w = 25, .box_h = 18, .ofs_x = 0, .ofs_y = 0},
    {.bitmap_index = 46291, .adv_w = 300, .box_w = 17, .box_h = 18, .ofs_x = 0, .ofs_y = 0},
    {.bitmap_index = 46444, .adv_w = 274, .box_w = 16, .box_h = 20, .ofs_x = 0, .ofs_y = 0},
    {.bitmap_index = 46604, .adv_w = 268, .box_w = 14, .box_h = 18, .ofs_x = 1, .ofs_y = 0},
    {.bitmap_index = 46730, .adv_w = 327, .box_w = 19, .box_h = 18, .ofs_x = 1, .ofs_y = 0},
    {.bitmap_index = 46901, .adv_w = 257, .box_w = 16, .box_h = 18, .ofs_x = 1, .ofs_y = 0},
    {.bitmap_index = 47045, .adv_w = 263, .box_w = 17, .box_h = 23, .ofs_x = -1, .ofs_y = -5},
    {.bitmap_index = 47241, .adv_w = 148, .box_w = 14, .box_h = 25, .ofs_x = -3, .ofs_y = -5},
    {.bitmap_index = 47416, .adv_w = 314, .box_w = 20, .box_h = 23, .ofs_x = 1, .ofs_y = 0},
    {.bitmap_index = 47646, .adv_w = 264, .box_w = 19, .box_h = 23, .ofs_x = -1, .ofs_y = -5},
    {.bitmap_index = 47865, .adv_w = 157, .box_w = 8, .box_h = 18, .ofs_x = 2, .ofs_y = 0},
    {.bitmap_index = 47937, .adv_w = 138, .box_w = 9, .box_h = 18, .ofs_x = 0, .ofs_y = 0},
    {.bitmap_index = 48018, .adv_w = 285, .box_w = 17, .box_h = 20, .ofs_x = 2, .ofs_y = 0},
    {.bitmap_index = 48188, .adv_w = 252, .box_w = 15, .box_h = 20, .ofs_x = 1, .ofs_y = 0},
    {.bitmap_index = 48338, .adv_w = 135, .box_w = 9, .box_h = 19, .ofs_x = 0, .ofs_y = 0},
    {.bitmap_index = 48424, .adv_w = 231, .box_w = 16, .box_h = 20, .ofs_x = -1, .ofs_y = 0},
    {.bitmap_index = 48584, .adv_w = 490, .box_w = 27, .box_h = 18, .ofs_x = 2, .ofs_y = 0},
    {.bitmap_index = 48827, .adv_w = 325, .box_w = 20, .box_h = 23, .ofs_x = -1, .ofs_y = -5},
    {.bitmap_index = 49057, .adv_w = 274, .box_w = 14, .box_h = 19, .ofs_x = 2, .ofs_y = -5},
    {.bitmap_index = 49190, .adv_w = 338, .box_w = 19, .box_h = 18, .ofs_x = 1, .ofs_y = 0},
    {.bitmap_index = 49361, .adv_w = 337, .box_w = 19, .box_h = 22, .ofs_x = 1, .ofs_y = 0},
    {.bitmap_index = 49570, .adv_w = 258, .box_w = 16, .box_h = 18, .ofs_x = 0, .ofs_y = 0},
    {.bitmap_index = 49714, .adv_w = 363, .box_w = 22, .box_h = 18, .ofs_x = 0, .ofs_y = 0},
    {.bitmap_index = 49912, .adv_w = 274, .box_w = 15, .box_h = 25, .ofs_x = 2, .ofs_y = -5},
    {.bitmap_index = 50100, .adv_w = 292, .box_w = 16, .box_h = 21, .ofs_x = 2, .ofs_y = -3},
    {.bitmap_index = 50268, .adv_w = 200, .box_w = 15, .box_h = 18, .ofs_x = -1, .ofs_y = 0},
    {.bitmap_index = 50403, .adv_w = 274, .box_w = 18, .box_h = 18, .ofs_x = 0, .ofs_y = 0},
    {.bitmap_index = 50565, .adv_w = 170, .box_w = 11, .box_h = 20, .ofs_x = 0, .ofs_y = 0},
    {.bitmap_index = 50675, .adv_w = 241, .box_w = 15, .box_h = 24, .ofs_x = 0, .ofs_y = -6},
    {.bitmap_index = 50855, .adv_w = 320, .box_w = 19, .box_h = 22, .ofs_x = 2, .ofs_y = 0},
    {.bitmap_index = 51064, .adv_w = 277, .box_w = 17, .box_h = 18, .ofs_x = 1, .ofs_y = 0},
    {.bitmap_index = 51217, .adv_w = 342, .box_w = 21, .box_h = 18, .ofs_x = 0, .ofs_y = 0},
    {.bitmap_index = 51406, .adv_w = 312, .box_w = 16, .box_h = 19, .ofs_x = 2, .ofs_y = 0},
    {.bitmap_index = 51558, .adv_w = 280, .box_w = 21, .box_h = 20, .ofs_x = -1, .ofs_y = 0},
    {.bitmap_index = 51768, .adv_w = 260, .box_w = 18, .box_h = 21, .ofs_x = -1, .ofs_y = -5},
    {.bitmap_index = 51957, .adv_w = 265, .box_w = 15, .box_h = 18, .ofs_x = 1, .ofs_y = 0},
    {.bitmap_index = 52092, .adv_w = 213, .box_w = 13, .box_h = 14, .ofs_x = 0, .ofs_y = 0},
    {.bitmap_index = 52183, .adv_w = 253, .box_w = 15, .box_h = 18, .ofs_x = 0, .ofs_y = 0},
    {.bitmap_index = 52318, .adv_w = 254, .box_w = 15, .box_h = 18, .ofs_x = 1, .ofs_y = 0},
    {.bitmap_index = 52453, .adv_w = 218, .box_w = 15, .box_h = 19, .ofs_x = 0, .ofs_y = -5},
    {.bitmap_index = 52596, .adv_w = 121, .box_w = 4, .box_h = 25, .ofs_x = 2, .ofs_y = -5},
    {.bitmap_index = 52646, .adv_w = 209, .box_w = 9, .box_h = 25, .ofs_x = 2, .ofs_y = -5},
    {.bitmap_index = 52759, .adv_w = 253, .box_w = 16, .box_h = 25, .ofs_x = 0, .ofs_y = -5},
    {.bitmap_index = 52959, .adv_w = 111, .box_w = 5, .box_h = 18, .ofs_x = 1, .ofs_y = 0},
    {.bitmap_index = 53004, .adv_w = 593, .box_w = 35, .box_h = 23, .ofs_x = 2, .ofs_y = 0},
    {.bitmap_index = 53407, .adv_w = 543, .box_w = 32, .box_h = 20, .ofs_x = 2, .ofs_y = 0},
    {.bitmap_index = 53727, .adv_w = 488, .box_w = 30, .box_h = 20, .ofs_x = 0, .ofs_y = 0},
    {.bitmap_index = 54027, .adv_w = 453, .box_w = 25, .box_h = 18, .ofs_x = 2, .ofs_y = 0},
    {.bitmap_index = 54252, .adv_w = 358, .box_w = 19, .box_h = 25, .ofs_x = 2, .ofs_y = -5},
    {.bitmap_index = 54490, .adv_w = 234, .box_w = 11, .box_h = 25, .ofs_x = 2, .ofs_y = -5},
    {.bitmap_index = 54628, .adv_w = 535, .box_w = 30, .box_h = 18, .ofs_x = 2, .ofs_y = 0},
    {.bitmap_index = 54898, .adv_w = 450, .box_w = 25, .box_h = 25, .ofs_x = 2, .ofs_y = -5},
    {.bitmap_index = 55211, .adv_w = 392, .box_w = 21, .box_h = 25, .ofs_x = 2, .ofs_y = -5},
    {.bitmap_index = 55474, .adv_w = 300, .box_w = 20, .box_h = 23, .ofs_x = -1, .ofs_y = 0},
    {.bitmap_index = 55704, .adv_w = 243, .box_w = 13, .box_h = 20, .ofs_x = 1, .ofs_y = 0},
    {.bitmap_index = 55834, .adv_w = 128, .box_w = 10, .box_h = 23, .ofs_x = -1, .ofs_y = 0},
    {.bitmap_index = 55949, .adv_w = 116, .box_w = 9, .box_h = 20, .ofs_x = -1, .ofs_y = 0},
    {.bitmap_index = 56039, .adv_w = 337, .box_w = 19, .box_h = 24, .ofs_x = 1, .ofs_y = 0},
    {.bitmap_index = 56267, .adv_w = 258, .box_w = 16, .box_h = 20, .ofs_x = 0, .ofs_y = 0},
    {.bitmap_index = 56427, .adv_w = 316, .box_w = 16, .box_h = 24, .ofs_x = 2, .ofs_y = 0},
    {.bitmap_index = 56619, .adv_w = 272, .box_w = 14, .box_h = 20, .ofs_x = 1, .ofs_y = 0},
    {.bitmap_index = 56759, .adv_w = 316, .box_w = 16, .box_h = 26, .ofs_x = 2, .ofs_y = 0},
    {.bitmap_index = 56967, .adv_w = 272, .box_w = 14, .box_h = 22, .ofs_x = 1, .ofs_y = 0},
    {.bitmap_index = 57121, .adv_w = 316, .box_w = 16, .box_h = 27, .ofs_x = 2, .ofs_y = 0},
    {.bitmap_index = 57337, .adv_w = 272, .box_w = 14, .box_h = 23, .ofs_x = 1, .ofs_y = 0},
    {.bitmap_index = 57498, .adv_w = 316, .box_w = 16, .box_h = 28, .ofs_x = 2, .ofs_y = 0},
    {.bitmap_index = 57722, .adv_w = 272, .box_w = 14, .box_h = 24, .ofs_x = 1, .ofs_y = 0},
    {.bitmap_index = 57890, .adv_w = 316, .box_w = 16, .box_h = 27, .ofs_x = 2, .ofs_y = 0},
    {.bitmap_index = 58106, .adv_w = 272, .box_w = 14, .box_h = 23, .ofs_x = 1, .ofs_y = 0},
    {.bitmap_index = 58267, .adv_w = 249, .box_w = 15, .box_h = 14, .ofs_x = 0, .ofs_y = 0},
    {.bitmap_index = 58372, .adv_w = 300, .box_w = 20, .box_h = 26, .ofs_x = -1, .ofs_y = 0},
    {.bitmap_index = 58632, .adv_w = 243, .box_w = 13, .box_h = 22, .ofs_x = 1, .ofs_y = 0},
    {.bitmap_index = 58775, .adv_w = 300, .box_w = 20, .box_h = 26, .ofs_x = -1, .ofs_y = 0},
    {.bitmap_index = 59035, .adv_w = 243, .box_w = 13, .box_h = 22, .ofs_x = 1, .ofs_y = 0},
    {.bitmap_index = 59178, .adv_w = 425, .box_w = 27, .box_h = 22, .ofs_x = -1, .ofs_y = 0},
    {.bitmap_index = 59475, .adv_w = 397, .box_w = 23, .box_h = 18, .ofs_x = 1, .ofs_y = 0},
    {.bitmap_index = 59682, .adv_w = 322, .box_w = 19, .box_h = 18, .ofs_x = 1, .ofs_y = 0},
    {.bitmap_index = 59853, .adv_w = 282, .box_w = 18, .box_h = 19, .ofs_x = 0, .ofs_y = -5},
    {.bitmap_index = 60024, .adv_w = 309, .box_w = 17, .box_h = 24, .ofs_x = 1, .ofs_y = 0},
    {.bitmap_index = 60228, .adv_w = 278, .box_w = 16, .box_h = 25, .ofs_x = 0, .ofs_y = -5},
    {.bitmap_index = 60428, .adv_w = 292, .box_w = 17, .box_h = 23, .ofs_x = 2, .ofs_y = 0},
    {.bitmap_index = 60624, .adv_w = 254, .box_w = 18, .box_h = 25, .ofs_x = -2, .ofs_y = 0},
    {.bitmap_index = 60849, .adv_w = 337, .box_w = 19, .box_h = 24, .ofs_x = 1, .ofs_y = -6},
    {.bitmap_index = 61077, .adv_w = 258, .box_w = 16, .box_h = 20, .ofs_x = 0, .ofs_y = -6},
    {.bitmap_index = 61237, .adv_w = 337, .box_w = 19, .box_h = 29, .ofs_x = 1, .ofs_y = -6},
    {.bitmap_index = 61513, .adv_w = 258, .box_w = 16, .box_h = 24, .ofs_x = 0, .ofs_y = -6},
    {.bitmap_index = 61705, .adv_w = 253, .box_w = 15, .box_h = 24, .ofs_x = 0, .ofs_y = 0},
    {.bitmap_index = 61885, .adv_w = 216, .box_w = 14, .box_h = 25, .ofs_x = -1, .ofs_y = -5},
    {.bitmap_index = 62060, .adv_w = 118, .box_w = 11, .box_h = 25, .ofs_x = -3, .ofs_y = -5},
    {.bitmap_index = 62198, .adv_w = 593, .box_w = 35, .box_h = 18, .ofs_x = 2, .ofs_y = 0},
    {.bitmap_index = 62513, .adv_w = 543, .box_w = 32, .box_h = 18, .ofs_x = 2, .ofs_y = 0},
    {.bitmap_index = 62801, .adv_w = 487, .box_w = 30, .box_h = 20, .ofs_x = 0, .ofs_y = 0},
    {.bitmap_index = 63101, .adv_w = 309, .box_w = 17, .box_h = 24, .ofs_x = 1, .ofs_y = 0},
    {.bitmap_index = 63305, .adv_w = 278, .box_w = 16, .box_h = 25, .ofs_x = 0, .ofs_y = -5},
    {.bitmap_index = 63505, .adv_w = 324, .box_w = 16, .box_h = 23, .ofs_x = 2, .ofs_y = 0},
    {.bitmap_index = 63689, .adv_w = 274, .box_w = 14, .box_h = 20, .ofs_x = 2, .ofs_y = 0},
    {.bitmap_index = 63829, .adv_w = 300, .box_w = 20, .box_h = 28, .ofs_x = -1, .ofs_y = 0},
    {.bitmap_index = 64109, .adv_w = 243, .box_w = 13, .box_h = 23, .ofs_x = 1, .ofs_y = 0},
    {.bitmap_index = 64259, .adv_w = 425, .box_w = 27, .box_h = 23, .ofs_x = -1, .ofs_y = 0},
    {.bitmap_index = 64570, .adv_w = 397, .box_w = 23, .box_h = 20, .ofs_x = 1, .ofs_y = 0},
    {.bitmap_index = 64800, .adv_w = 337, .box_w = 19, .box_h = 26, .ofs_x = 1, .ofs_y = -2},
    {.bitmap_index = 65047, .adv_w = 258, .box_w = 16, .box_h = 22, .ofs_x = 0, .ofs_y = -2},
    {.bitmap_index = 65223, .adv_w = 300, .box_w = 20, .box_h = 23, .ofs_x = -1, .ofs_y = 0},
    {.bitmap_index = 65453, .adv_w = 243, .box_w = 13, .box_h = 20, .ofs_x = 1, .ofs_y = 0},
    {.bitmap_index = 65583, .adv_w = 300, .box_w = 20, .box_h = 23, .ofs_x = -1, .ofs_y = 0},
    {.bitmap_index = 65813, .adv_w = 243, .box_w = 13, .box_h = 20, .ofs_x = 1, .ofs_y = 0},
    {.bitmap_index = 65943, .adv_w = 268, .box_w = 14, .box_h = 23, .ofs_x = 2, .ofs_y = 0},
    {.bitmap_index = 66104, .adv_w = 249, .box_w = 15, .box_h = 20, .ofs_x = 0, .ofs_y = 0},
    {.bitmap_index = 66254, .adv_w = 268, .box_w = 14, .box_h = 23, .ofs_x = 2, .ofs_y = 0},
    {.bitmap_index = 66415, .adv_w = 249, .box_w = 15, .box_h = 20, .ofs_x = 0, .ofs_y = 0},
    {.bitmap_index = 66565, .adv_w = 128, .box_w = 11, .box_h = 23, .ofs_x = -3, .ofs_y = 0},
    {.bitmap_index = 66692, .adv_w = 116, .box_w = 11, .box_h = 20, .ofs_x = -3, .ofs_y = 0},
    {.bitmap_index = 66802, .adv_w = 128, .box_w = 10, .box_h = 23, .ofs_x = -1, .ofs_y = 0},
    {.bitmap_index = 66917, .adv_w = 116, .box_w = 9, .box_h = 20, .ofs_x = -1, .ofs_y = 0},
    {.bitmap_index = 67007, .adv_w = 337, .box_w = 19, .box_h = 24, .ofs_x = 1, .ofs_y = 0},
    {.bitmap_index = 67235, .adv_w = 258, .box_w = 16, .box_h = 20, .ofs_x = 0, .ofs_y = 0},
    {.bitmap_index = 67395, .adv_w = 337, .box_w = 19, .box_h = 24, .ofs_x = 1, .ofs_y = 0},
    {.bitmap_index = 67623, .adv_w = 258, .box_w = 16, .box_h = 20, .ofs_x = 0, .ofs_y = 0},
    {.bitmap_index = 67783, .adv_w = 292, .box_w = 16, .box_h = 23, .ofs_x = 2, .ofs_y = 0},
    {.bitmap_index = 67967, .adv_w = 168, .box_w = 11, .box_h = 20, .ofs_x = -1, .ofs_y = 0},
    {.bitmap_index = 68077, .adv_w = 292, .box_w = 16, .box_h = 23, .ofs_x = 2, .ofs_y = 0},
    {.bitmap_index = 68261, .adv_w = 168, .box_w = 10, .box_h = 20, .ofs_x = 1, .ofs_y = 0},
    {.bitmap_index = 68361, .adv_w = 316, .box_w = 16, .box_h = 24, .ofs_x = 2, .ofs_y = 0},
    {.bitmap_index = 68553, .adv_w = 272, .box_w = 14, .box_h = 20, .ofs_x = 1, .ofs_y = 0},
    {.bitmap_index = 68693, .adv_w = 316, .box_w = 16, .box_h = 24, .ofs_x = 2, .ofs_y = 0},
    {.bitmap_index = 68885, .adv_w = 272, .box_w = 14, .box_h = 20, .ofs_x = 1, .ofs_y = 0},
    {.bitmap_index = 69025, .adv_w = 252, .box_w = 15, .box_h = 25, .ofs_x = 0, .ofs_y = -7},
    {.bitmap_index = 69213, .adv_w = 206, .box_w = 13, .box_h = 21, .ofs_x = 0, .ofs_y = -7},
    {.bitmap_index = 69350, .adv_w = 241, .box_w = 15, .box_h = 25, .ofs_x = 0, .ofs_y = -7},
    {.bitmap_index = 69538, .adv_w = 170, .box_w = 11, .box_h = 24, .ofs_x = 0, .ofs_y = -7},
    {.bitmap_index = 69670, .adv_w = 250, .box_w = 16, .box_h = 22, .ofs_x = -1, .ofs_y = -4},
    {.bitmap_index = 69846, .adv_w = 214, .box_w = 13, .box_h = 20, .ofs_x = 0, .ofs_y = -6},
    {.bitmap_index = 69976, .adv_w = 324, .box_w = 16, .box_h = 23, .ofs_x = 2, .ofs_y = 0},
    {.bitmap_index = 70160, .adv_w = 274, .box_w = 18, .box_h = 25, .ofs_x = -2, .ofs_y = 0},
    {.bitmap_index = 70385, .adv_w = 324, .box_w = 16, .box_h = 23, .ofs_x = 2, .ofs_y = -5},
    {.bitmap_index = 70569, .adv_w = 297, .box_w = 17, .box_h = 18, .ofs_x = 1, .ofs_y = 0},
    {.bitmap_index = 70722, .adv_w = 261, .box_w = 15, .box_h = 20, .ofs_x = 1, .ofs_y = 0},
    {.bitmap_index = 70872, .adv_w = 300, .box_w = 20, .box_h = 24, .ofs_x = -1, .ofs_y = 0},
    {.bitmap_index = 71112, .adv_w = 243, .box_w = 13, .box_h = 20, .ofs_x = 1, .ofs_y = 0},
    {.bitmap_index = 71242, .adv_w = 268, .box_w = 14, .box_h = 24, .ofs_x = 2, .ofs_y = -6},
    {.bitmap_index = 71410, .adv_w = 249, .box_w = 15, .box_h = 20, .ofs_x = 0, .ofs_y = -6},
    {.bitmap_index = 71560, .adv_w = 337, .box_w = 19, .box_h = 26, .ofs_x = 1, .ofs_y = 0},
    {.bitmap_index = 71807, .adv_w = 258, .box_w = 16, .box_h = 22, .ofs_x = 0, .ofs_y = 0},
    {.bitmap_index = 71983, .adv_w = 337, .box_w = 19, .box_h = 26, .ofs_x = 1, .ofs_y = 0},
    {.bitmap_index = 72230, .adv_w = 258, .box_w = 16, .box_h = 22, .ofs_x = 0, .ofs_y = 0},
    {.bitmap_index = 72406, .adv_w = 337, .box_w = 19, .box_h = 24, .ofs_x = 1, .ofs_y = 0},
    {.bitmap_index = 72634, .adv_w = 258, .box_w = 16, .box_h = 20, .ofs_x = 0, .ofs_y = 0},
    {.bitmap_index = 72794, .adv_w = 337, .box_w = 19, .box_h = 26, .ofs_x = 1, .ofs_y = 0},
    {.bitmap_index = 73041, .adv_w = 258, .box_w = 16, .box_h = 22, .ofs_x = 0, .ofs_y = 0},
    {.bitmap_index = 73217, .adv_w = 264, .box_w = 18, .box_h = 22, .ofs_x = -1, .ofs_y = 0},
    {.bitmap_index = 73415, .adv_w = 231, .box_w = 16, .box_h = 23, .ofs_x = -1, .ofs_y = -5},
    {.bitmap_index = 73599, .adv_w = 118, .box_w = 9, .box_h = 19, .ofs_x = -3, .ofs_y = -5},
    {.bitmap_index = 73685, .adv_w = 298, .box_w = 20, .box_h = 22, .ofs_x = -1, .ofs_y = -2},
    {.bitmap_index = 73905, .adv_w = 287, .box_w = 17, .box_h = 22, .ofs_x = 1, .ofs_y = -2},
    {.bitmap_index = 74092, .adv_w = 232, .box_w = 14, .box_h = 18, .ofs_x = 0, .ofs_y = -2},
    {.bitmap_index = 74218, .adv_w = 244, .box_w = 15, .box_h = 18, .ofs_x = 0, .ofs_y = 0},
    {.bitmap_index = 74353, .adv_w = 239, .box_w = 15, .box_h = 22, .ofs_x = 0, .ofs_y = -2},
    {.bitmap_index = 74518, .adv_w = 233, .box_w = 16, .box_h = 18, .ofs_x = -1, .ofs_y = 0},
    {.bitmap_index = 74662, .adv_w = 212, .box_w = 14, .box_h = 14, .ofs_x = -1, .ofs_y = 0},
    {.bitmap_index = 74760, .adv_w = 312, .box_w = 19, .box_h = 18, .ofs_x = 0, .ofs_y = 0},
    {.bitmap_index = 74931, .adv_w = 316, .box_w = 21, .box_h = 18, .ofs_x = -1, .ofs_y = 0},
    {.bitmap_index = 75120, .adv_w = 292, .box_w = 20, .box_h = 18, .ofs_x = -1, .ofs_y = 0},
    {.bitmap_index = 75300, .adv_w = 268, .box_w = 14, .box_h = 22, .ofs_x = 2, .ofs_y = -2},
    {.bitmap_index = 75454, .adv_w = 249, .box_w = 15, .box_h = 18, .ofs_x = 0, .ofs_y = -2},
    {.bitmap_index = 75589, .adv_w = 213, .box_w = 15, .box_h = 18, .ofs_x = -1, .ofs_y = 0},
    {.bitmap_index = 75724, .adv_w = 136, .box_w = 11, .box_h = 25, .ofs_x = -2, .ofs_y = -5},
    {.bitmap_index = 75862, .adv_w = 352, .box_w = 23, .box_h = 23, .ofs_x = 1, .ofs_y = -5},
    {.bitmap_index = 76127, .adv_w = 273, .box_w = 19, .box_h = 19, .ofs_x = 0, .ofs_y = -5},
    {.bitmap_index = 76308, .adv_w = 292, .box_w = 19, .box_h = 18, .ofs_x = -1, .ofs_y = 0},
    {.bitmap_index = 76479, .adv_w = 178, .box_w = 11, .box_h = 14, .ofs_x = 0, .ofs_y = 0},
    {.bitmap_index = 76556, .adv_w = 264, .box_w = 18, .box_h = 18, .ofs_x = -1, .ofs_y = 0},
    {.bitmap_index = 76718, .adv_w = 235, .box_w = 16, .box_h = 19, .ofs_x = -1, .ofs_y = -5},
    {.bitmap_index = 76870, .adv_w = 300, .box_w = 20, .box_h = 17, .ofs_x = -1, .ofs_y = 0},
    {.bitmap_index = 77040, .adv_w = 292, .box_w = 20, .box_h = 17, .ofs_x = -1, .ofs_y = 0},
    {.bitmap_index = 77210, .adv_w = 232, .box_w = 22, .box_h = 22, .ofs_x = -4, .ofs_y = -5},
    {.bitmap_index = 77452, .adv_w = 334, .box_w = 21, .box_h = 17, .ofs_x = 0, .ofs_y = 0},
    {.bitmap_index = 77631, .adv_w = 231, .box_w = 16, .box_h = 18, .ofs_x = -1, .ofs_y = 0},
    {.bitmap_index = 77775, .adv_w = 274, .box_w = 14, .box_h = 18, .ofs_x = 2, .ofs_y = -5},
    {.bitmap_index = 77901, .adv_w = 290, .box_w = 19, .box_h = 13, .ofs_x = -1, .ofs_y = 0},
    {.bitmap_index = 78025, .adv_w = 227, .box_w = 19, .box_h = 18, .ofs_x = -2, .ofs_y = -5},
    {.bitmap_index = 78196, .adv_w = 268, .box_w = 14, .box_h = 23, .ofs_x = 2, .ofs_y = 0},
    {.bitmap_index = 78357, .adv_w = 268, .box_w = 14, .box_h = 23, .ofs_x = 2, .ofs_y = 0},
    {.bitmap_index = 78518, .adv_w = 336, .box_w = 21, .box_h = 19, .ofs_x = 0, .ofs_y = -1},
    {.bitmap_index = 78718, .adv_w = 234, .box_w = 13, .box_h = 23, .ofs_x = 2, .ofs_y = 0},
    {.bitmap_index = 78868, .adv_w = 284, .box_w = 17, .box_h = 18, .ofs_x = 1, .ofs_y = 0},
    {.bitmap_index = 79021, .adv_w = 258, .box_w = 15, .box_h = 18, .ofs_x = 1, .ofs_y = 0},
    {.bitmap_index = 79156, .adv_w = 130, .box_w = 4, .box_h = 18, .ofs_x = 2, .ofs_y = 0},
    {.bitmap_index = 79192, .adv_w = 128, .box_w = 8, .box_h = 23, .ofs_x = 0, .ofs_y = 0},
    {.bitmap_index = 79284, .adv_w = 222, .box_w = 12, .box_h = 18, .ofs_x = 0, .ofs_y = 0},
    {.bitmap_index = 79392, .adv_w = 474, .box_w = 29, .box_h = 18, .ofs_x = 0, .ofs_y = 0},
    {.bitmap_index = 79653, .adv_w = 470, .box_w = 27, .box_h = 18, .ofs_x = 2, .ofs_y = 0},
    {.bitmap_index = 79896, .adv_w = 340, .box_w = 21, .box_h = 18, .ofs_x = 0, .ofs_y = 0},
    {.bitmap_index = 80085, .adv_w = 289, .box_w = 16, .box_h = 23, .ofs_x = 2, .ofs_y = 0},
    {.bitmap_index = 80269, .adv_w = 329, .box_w = 17, .box_h = 23, .ofs_x = 2, .ofs_y = 0},
    {.bitmap_index = 80465, .adv_w = 282, .box_w = 18, .box_h = 24, .ofs_x = 0, .ofs_y = -1},
    {.bitmap_index = 80681, .adv_w = 323, .box_w = 16, .box_h = 22, .ofs_x = 2, .ofs_y = -4},
    {.bitmap_index = 80857, .adv_w = 311, .box_w = 20, .box_h = 18, .ofs_x = 0, .ofs_y = 0},
    {.bitmap_index = 81037, .adv_w = 294, .box_w = 16, .box_h = 18, .ofs_x = 2, .ofs_y = 0},
    {.bitmap_index = 81181, .adv_w = 298, .box_w = 16, .box_h = 18, .ofs_x = 2, .ofs_y = 0},
    {.bitmap_index = 81325, .adv_w = 234, .box_w = 13, .box_h = 18, .ofs_x = 2, .ofs_y = 0},
    {.bitmap_index = 81442, .adv_w = 326, .box_w = 20, .box_h = 22, .ofs_x = 0, .ofs_y = -4},
    {.bitmap_index = 81662, .adv_w = 268, .box_w = 14, .box_h = 18, .ofs_x = 2, .ofs_y = 0},
    {.bitmap_index = 81788, .adv_w = 421, .box_w = 26, .box_h = 18, .ofs_x = 0, .ofs_y = 0},
    {.bitmap_index = 82022, .adv_w = 257, .box_w = 16, .box_h = 18, .ofs_x = -1, .ofs_y = 0},
    {.bitmap_index = 82166, .adv_w = 329, .box_w = 17, .box_h = 18, .ofs_x = 2, .ofs_y = 0},
    {.bitmap_index = 82319, .adv_w = 329, .box_w = 17, .box_h = 23, .ofs_x = 2, .ofs_y = 0},
    {.bitmap_index = 82515, .adv_w = 289, .box_w = 16, .box_h = 18, .ofs_x = 2, .ofs_y = 0},
    {.bitmap_index = 82659, .adv_w = 318, .box_w = 18, .box_h = 18, .ofs_x = 0, .ofs_y = 0},
    {.bitmap_index = 82821, .adv_w = 385, .box_w = 20, .box_h = 18, .ofs_x = 2, .ofs_y = 0},
    {.bitmap_index = 83001, .adv_w = 327, .box_w = 16, .box_h = 18, .ofs_x = 2, .ofs_y = 0},
    {.bitmap_index = 83145, .adv_w = 338, .box_w = 19, .box_h = 18, .ofs_x = 1, .ofs_y = 0},
    {.bitmap_index = 83316, .adv_w = 327, .box_w = 16, .box_h = 18, .ofs_x = 2, .ofs_y = 0},
    {.bitmap_index = 83460, .adv_w = 288, .box_w = 16, .box_h = 18, .ofs_x = 2, .ofs_y = 0},
    {.bitmap_index = 83604, .adv_w = 288, .box_w = 17, .box_h = 18, .ofs_x = 1, .ofs_y = 0},
    {.bitmap_index = 83757, .adv_w = 248, .box_w = 16, .box_h = 18, .ofs_x = 0, .ofs_y = 0},
    {.bitmap_index = 83901, .adv_w = 282, .box_w = 18, .box_h = 19, .ofs_x = 0, .ofs_y = -1},
    {.bitmap_index = 84072, .adv_w = 375, .box_w = 23, .box_h = 20, .ofs_x = 0, .ofs_y = -1},
    {.bitmap_index = 84302, .adv_w = 277, .box_w = 17, .box_h = 18, .ofs_x = 0, .ofs_y = 0},
    {.bitmap_index = 84455, .adv_w = 334, .box_w = 19, .box_h = 22, .ofs_x = 2, .ofs_y = -4},
    {.bitmap_index = 84664, .adv_w = 289, .box_w = 16, .box_h = 18, .ofs_x = 0, .ofs_y = 0},
    {.bitmap_index = 84808, .adv_w = 439, .box_w = 23, .box_h = 18, .ofs_x = 2, .ofs_y = 0},
    {.bitmap_index = 85015, .adv_w = 450, .box_w = 26, .box_h = 22, .ofs_x = 2, .ofs_y = -4},
    {.bitmap_index = 85301, .adv_w = 334, .box_w = 21, .box_h = 18, .ofs_x = 0, .ofs_y = 0},
    {.bitmap_index = 85490, .adv_w = 404, .box_w = 21, .box_h = 18, .ofs_x = 2, .ofs_y = 0},
    {.bitmap_index = 85679, .adv_w = 287, .box_w = 16, .box_h = 18, .ofs_x = 2, .ofs_y = 0},
    {.bitmap_index = 85823, .adv_w = 284, .box_w = 17, .box_h = 18, .ofs_x = 0, .ofs_y = 0},
    {.bitmap_index = 85976, .adv_w = 442, .box_w = 25, .box_h = 18, .ofs_x = 2, .ofs_y = 0},
    {.bitmap_index = 86201, .adv_w = 293, .box_w = 15, .box_h = 18, .ofs_x = 1, .ofs_y = 0},
    {.bitmap_index = 86336, .adv_w = 239, .box_w = 13, .box_h = 14, .ofs_x = 1, .ofs_y = 0},
    {.bitmap_index = 86427, .adv_w = 267, .box_w = 15, .box_h = 21, .ofs_x = 1, .ofs_y = 0},
    {.bitmap_index = 86585, .adv_w = 248, .box_w = 13, .box_h = 14, .ofs_x = 2, .ofs_y = 0},
    {.bitmap_index = 86676, .adv_w = 200, .box_w = 11, .box_h = 14, .ofs_x = 2, .ofs_y = 0},
    {.bitmap_index = 86753, .adv_w = 273, .box_w = 17, .box_h = 17, .ofs_x = 0, .ofs_y = -3},
    {.bitmap_index = 86898, .adv_w = 255, .box_w = 15, .box_h = 14, .ofs_x = 0, .ofs_y = 0},
    {.bitmap_index = 87003, .adv_w = 352, .box_w = 22, .box_h = 14, .ofs_x = 0, .ofs_y = 0},
    {.bitmap_index = 87157, .adv_w = 221, .box_w = 13, .box_h = 14, .ofs_x = 0, .ofs_y = 0},
    {.bitmap_index = 87248, .adv_w = 281, .box_w = 14, .box_h = 14, .ofs_x = 2, .ofs_y = 0},
    {.bitmap_index = 87346, .adv_w = 281, .box_w = 14, .box_h = 20, .ofs_x = 2, .ofs_y = 0},
    {.bitmap_index = 87486, .adv_w = 247, .box_w = 14, .box_h = 14, .ofs_x = 2, .ofs_y = 0},
    {.bitmap_index = 87584, .adv_w = 261, .box_w = 15, .box_h = 14, .ofs_x = 0, .ofs_y = 0},
    {.bitmap_index = 87689, .adv_w = 322, .box_w = 17, .box_h = 14, .ofs_x = 2, .ofs_y = 0},
    {.bitmap_index = 87808, .adv_w = 275, .box_w = 14, .box_h = 14, .ofs_x = 2, .ofs_y = 0},
    {.bitmap_index = 87906, .adv_w = 258, .box_w = 16, .box_h = 14, .ofs_x = 0, .ofs_y = 0},
    {.bitmap_index = 88018, .adv_w = 272, .box_w = 13, .box_h = 14, .ofs_x = 2, .ofs_y = 0},
    {.bitmap_index = 88109, .adv_w = 276, .box_w = 15, .box_h = 19, .ofs_x = 2, .ofs_y = -5},
    {.bitmap_index = 88252, .adv_w = 232, .box_w = 14, .box_h = 14, .ofs_x = 0, .ofs_y = 0},
    {.bitmap_index = 88350, .adv_w = 206, .box_w = 13, .box_h = 14, .ofs_x = 0, .ofs_y = 0},
    {.bitmap_index = 88441, .adv_w = 236, .box_w = 16, .box_h = 19, .ofs_x = -1, .ofs_y = -5},
    {.bitmap_index = 88593, .adv_w = 331, .box_w = 20, .box_h = 25, .ofs_x = 0, .ofs_y = -5},
    {.bitmap_index = 88843, .adv_w = 226, .box_w = 14, .box_h = 14, .ofs_x = 0, .ofs_y = 0},
    {.bitmap_index = 88941, .adv_w = 279, .box_w = 15, .box_h = 17, .ofs_x = 2, .ofs_y = -3},
    {.bitmap_index = 89069, .adv_w = 248, .box_w = 14, .box_h = 14, .ofs_x = 0, .ofs_y = 0},
    {.bitmap_index = 89167, .adv_w = 382, .box_w = 20, .box_h = 14, .ofs_x = 2, .ofs_y = 0},
    {.bitmap_index = 89307, .adv_w = 382, .box_w = 22, .box_h = 17, .ofs_x = 2, .ofs_y = -3},
    {.bitmap_index = 89494, .adv_w = 264, .box_w = 16, .box_h = 14, .ofs_x = 0, .ofs_y = 0},
    {.bitmap_index = 89606, .adv_w = 333, .box_w = 17, .box_h = 14, .ofs_x = 2, .ofs_y = 0},
    {.bitmap_index = 89725, .adv_w = 236, .box_w = 13, .box_h = 14, .ofs_x = 2, .ofs_y = 0},
    {.bitmap_index = 89816, .adv_w = 232, .box_w = 14, .box_h = 14, .ofs_x = 0, .ofs_y = 0},
    {.bitmap_index = 89914, .adv_w = 356, .box_w = 20, .box_h = 14, .ofs_x = 2, .ofs_y = 0},
    {.bitmap_index = 90054, .adv_w = 248, .box_w = 14, .box_h = 14, .ofs_x = 0, .ofs_y = 0},
    {.bitmap_index = 90152, .adv_w = 255, .box_w = 15, .box_h = 20, .ofs_x = 0, .ofs_y = 0},
    {.bitmap_index = 90302, .adv_w = 255, .box_w = 15, .box_h = 20, .ofs_x = 0, .ofs_y = 0},
    {.bitmap_index = 90452, .adv_w = 272, .box_w = 17, .box_h = 25, .ofs_x = -1, .ofs_y = -5},
    {.bitmap_index = 90665, .adv_w = 200, .box_w = 11, .box_h = 20, .ofs_x = 2, .ofs_y = 0},
    {.bitmap_index = 90775, .adv_w = 234, .box_w = 15, .box_h = 14, .ofs_x = 0, .ofs_y = 0},
    {.bitmap_index = 90880, .adv_w = 218, .box_w = 13, .box_h = 14, .ofs_x = 0, .ofs_y = 0},
    {.bitmap_index = 90971, .adv_w = 118, .box_w = 5, .box_h = 20, .ofs_x = 1, .ofs_y = 0},
    {.bitmap_index = 91021, .adv_w = 116, .box_w = 7, .box_h = 20, .ofs_x = 0, .ofs_y = 0},
    {.bitmap_index = 91091, .adv_w = 118, .box_w = 9, .box_h = 25, .ofs_x = -3, .ofs_y = -5},
    {.bitmap_index = 91204, .adv_w = 379, .box_w = 24, .box_h = 14, .ofs_x = 0, .ofs_y = 0},
    {.bitmap_index = 91372, .adv_w = 385, .box_w = 22, .box_h = 14, .ofs_x = 2, .ofs_y = 0},
    {.bitmap_index = 91526, .adv_w = 272, .box_w = 17, .box_h = 19, .ofs_x = -1, .ofs_y = 0},
    {.bitmap_index = 91688, .adv_w = 247, .box_w = 14, .box_h = 20, .ofs_x = 2, .ofs_y = 0},
    {.bitmap_index = 91828, .adv_w = 281, .box_w = 14, .box_h = 20, .ofs_x = 2, .ofs_y = 0},
    {.bitmap_index = 91968, .adv_w = 236, .box_w = 16, .box_h = 25, .ofs_x = -1, .ofs_y = -5},
    {.bitmap_index = 92168, .adv_w = 261, .box_w = 13, .box_h = 17, .ofs_x = 2, .ofs_y = -3},
    {.bitmap_index = 92279, .adv_w = 328, .box_w = 20, .box_h = 19, .ofs_x = 0, .ofs_y = 0},
    {.bitmap_index = 92469, .adv_w = 252, .box_w = 17, .box_h = 20, .ofs_x = -1, .ofs_y = 0},
    {.bitmap_index = 92639, .adv_w = 368, .box_w = 23, .box_h = 18, .ofs_x = 0, .ofs_y = 0},
    {.bitmap_index = 92846, .adv_w = 294, .box_w = 19, .box_h = 14, .ofs_x = 0, .ofs_y = 0},
    {.bitmap_index = 92979, .adv_w = 338, .box_w = 19, .box_h = 18, .ofs_x = 1, .ofs_y = 0},
    {.bitmap_index = 93150, .adv_w = 262, .box_w = 16, .box_h = 14, .ofs_x = 0, .ofs_y = 0},
    {.bitmap_index = 93262, .adv_w = 310, .box_w = 20, .box_h = 19, .ofs_x = 0, .ofs_y = 0},
    {.bitmap_index = 93452, .adv_w = 248, .box_w = 16, .box_h = 15, .ofs_x = 0, .ofs_y = 0},
    {.bitmap_index = 93572, .adv_w = 338, .box_w = 19, .box_h = 27, .ofs_x = 2, .ofs_y = -4},
    {.bitmap_index = 93829, .adv_w = 290, .box_w = 16, .box_h = 23, .ofs_x = 2, .ofs_y = -3},
    {.bitmap_index = 94013, .adv_w = 298, .box_w = 18, .box_h = 19, .ofs_x = 0, .ofs_y = 0},
    {.bitmap_index = 94184, .adv_w = 249, .box_w = 15, .box_h = 14, .ofs_x = 0, .ofs_y = 0},
    {.bitmap_index = 94289, .adv_w = 294, .box_w = 16, .box_h = 18, .ofs_x = 2, .ofs_y = 0},
    {.bitmap_index = 94433, .adv_w = 281, .box_w = 15, .box_h = 19, .ofs_x = 2, .ofs_y = -5},
    {.bitmap_index = 94576, .adv_w = 235, .box_w = 13, .box_h = 22, .ofs_x = 2, .ofs_y = 0},
    {.bitmap_index = 94719, .adv_w = 194, .box_w = 10, .box_h = 17, .ofs_x = 2, .ofs_y = 0},
    {.bitmap_index = 94804, .adv_w = 252, .box_w = 16, .box_h = 18, .ofs_x = 0, .ofs_y = 0},
    {.bitmap_index = 94948, .adv_w = 213, .box_w = 13, .box_h = 14, .ofs_x = 0, .ofs_y = 0},
    {.bitmap_index = 95039, .adv_w = 282, .box_w = 15, .box_h = 23, .ofs_x = 2, .ofs_y = -5},
    {.bitmap_index = 95212, .adv_w = 245, .box_w = 13, .box_h = 20, .ofs_x = 2, .ofs_y = -6},
    {.bitmap_index = 95342, .adv_w = 435, .box_w = 27, .box_h = 22, .ofs_x = 0, .ofs_y = -4},
    {.bitmap_index = 95639, .adv_w = 364, .box_w = 23, .box_h = 17, .ofs_x = 0, .ofs_y = -3},
    {.bitmap_index = 95835, .adv_w = 257, .box_w = 16, .box_h = 22, .ofs_x = -1, .ofs_y = -4},
    {.bitmap_index = 96011, .adv_w = 221, .box_w = 13, .box_h = 17, .ofs_x = 0, .ofs_y = -3},
    {.bitmap_index = 96122, .adv_w = 305, .box_w = 17, .box_h = 22, .ofs_x = 2, .ofs_y = -4},
    {.bitmap_index = 96309, .adv_w = 247, .box_w = 15, .box_h = 17, .ofs_x = 2, .ofs_y = -3},
    {.bitmap_index = 96437, .adv_w = 302, .box_w = 17, .box_h = 18, .ofs_x = 2, .ofs_y = 0},
    {.bitmap_index = 96590, .adv_w = 254, .box_w = 14, .box_h = 14, .ofs_x = 2, .ofs_y = 0},
    {.bitmap_index = 96688, .adv_w = 298, .box_w = 19, .box_h = 18, .ofs_x = 0, .ofs_y = 0},
    {.bitmap_index = 96859, .adv_w = 247, .box_w = 17, .box_h = 19, .ofs_x = -1, .ofs_y = 0},
    {.bitmap_index = 97021, .adv_w = 338, .box_w = 21, .box_h = 18, .ofs_x = 0, .ofs_y = 0},
    {.bitmap_index = 97210, .adv_w = 279, .box_w = 18, .box_h = 14, .ofs_x = 0, .ofs_y = 0},
    {.bitmap_index = 97336, .adv_w = 340, .box_w = 19, .box_h = 22, .ofs_x = 2, .ofs_y = -4},
    {.bitmap_index = 97545, .adv_w = 284, .box_w = 16, .box_h = 17, .ofs_x = 2, .ofs_y = -3},
    {.bitmap_index = 97681, .adv_w = 433, .box_w = 25, .box_h = 18, .ofs_x = 2, .ofs_y = 0},
    {.bitmap_index = 97906, .adv_w = 358, .box_w = 21, .box_h = 14, .ofs_x = 2, .ofs_y = 0},
    {.bitmap_index = 98053, .adv_w = 475, .box_w = 27, .box_h = 23, .ofs_x = 2, .ofs_y = -5},
    {.bitmap_index = 98364, .adv_w = 394, .box_w = 23, .box_h = 20, .ofs_x = 2, .ofs_y = -6},
    {.bitmap_index = 98594, .adv_w = 390, .box_w = 22, .box_h = 19, .ofs_x = 1, .ofs_y = -1},
    {.bitmap_index = 98803, .adv_w = 323, .box_w = 19, .box_h = 14, .ofs_x = 1, .ofs_y = 0},
    {.bitmap_index = 98936, .adv_w = 288, .box_w = 17, .box_h = 22, .ofs_x = 1, .ofs_y = -4},
    {.bitmap_index = 99123, .adv_w = 232, .box_w = 14, .box_h = 17, .ofs_x = 0, .ofs_y = -3},
    {.bitmap_index = 99242, .adv_w = 248, .box_w = 16, .box_h = 22, .ofs_x = 0, .ofs_y = -4},
    {.bitmap_index = 99418, .adv_w = 206, .box_w = 13, .box_h = 17, .ofs_x = 0, .ofs_y = -3},
    {.bitmap_index = 99529, .adv_w = 275, .box_w = 18, .box_h = 18, .ofs_x = 0, .ofs_y = 0},
    {.bitmap_index = 99691, .adv_w = 237, .box_w = 15, .box_h = 19, .ofs_x = 0, .ofs_y = -5},
    {.bitmap_index = 99834, .adv_w = 275, .box_w = 18, .box_h = 18, .ofs_x = 0, .ofs_y = 0},
    {.bitmap_index = 99996, .adv_w = 237, .box_w = 15, .box_h = 19, .ofs_x = 0, .ofs_y = -5},
    {.bitmap_index = 100139, .adv_w = 290, .box_w = 18, .box_h = 22, .ofs_x = 0, .ofs_y = -4},
    {.bitmap_index = 100337, .adv_w = 226, .box_w = 15, .box_h = 17, .ofs_x = 0, .ofs_y = -3},
    {.bitmap_index = 100465, .adv_w = 393, .box_w = 25, .box_h = 22, .ofs_x = 0, .ofs_y = -4},
    {.bitmap_index = 100740, .adv_w = 314, .box_w = 19, .box_h = 17, .ofs_x = 0, .ofs_y = -3},
    {.bitmap_index = 100902, .adv_w = 301, .box_w = 19, .box_h = 22, .ofs_x = 0, .ofs_y = -4},
    {.bitmap_index = 101111, .adv_w = 260, .box_w = 16, .box_h = 17, .ofs_x = 0, .ofs_y = -3},
    {.bitmap_index = 101247, .adv_w = 297, .box_w = 16, .box_h = 18, .ofs_x = 0, .ofs_y = 0},
    {.bitmap_index = 101391, .adv_w = 248, .box_w = 14, .box_h = 14, .ofs_x = 0, .ofs_y = 0},
    {.bitmap_index = 101489, .adv_w = 297, .box_w = 16, .box_h = 18, .ofs_x = 2, .ofs_y = 0},
    {.bitmap_index = 101633, .adv_w = 272, .box_w = 14, .box_h = 20, .ofs_x = 2, .ofs_y = 0},
    {.bitmap_index = 101773, .adv_w = 402, .box_w = 25, .box_h = 18, .ofs_x = 0, .ofs_y = 0},
    {.bitmap_index = 101998, .adv_w = 317, .box_w = 19, .box_h = 14, .ofs_x = 0, .ofs_y = 0},
    {.bitmap_index = 102131, .adv_w = 402, .box_w = 25, .box_h = 22, .ofs_x = 0, .ofs_y = -4},
    {.bitmap_index = 102406, .adv_w = 317, .box_w = 19, .box_h = 17, .ofs_x = 0, .ofs_y = -3},
    {.bitmap_index = 102568, .adv_w = 131, .box_w = 4, .box_h = 18, .ofs_x = 2, .ofs_y = 0},
    {.bitmap_index = 102604, .adv_w = 421, .box_w = 26, .box_h = 23, .ofs_x = 0, .ofs_y = 0},
    {.bitmap_index = 102903, .adv_w = 352, .box_w = 22, .box_h = 20, .ofs_x = 0, .ofs_y = 0},
    {.bitmap_index = 103123, .adv_w = 291, .box_w = 16, .box_h = 23, .ofs_x = 2, .ofs_y = -5},
    {.bitmap_index = 103307, .adv_w = 247, .box_w = 14, .box_h = 19, .ofs_x = 2, .ofs_y = -5},
    {.bitmap_index = 103440, .adv_w = 326, .box_w = 20, .box_h = 22, .ofs_x = 0, .ofs_y = -4},
    {.bitmap_index = 103660, .adv_w = 271, .box_w = 17, .box_h = 17, .ofs_x = 0, .ofs_y = -3},
    {.bitmap_index = 103805, .adv_w = 327, .box_w = 16, .box_h = 24, .ofs_x = 2, .ofs_y = -6},
    {.bitmap_index = 103997, .adv_w = 277, .box_w = 14, .box_h = 19, .ofs_x = 2, .ofs_y = -5},
    {.bitmap_index = 104130, .adv_w = 337, .box_w = 19, .box_h = 22, .ofs_x = 2, .ofs_y = -4},
    {.bitmap_index = 104339, .adv_w = 285, .box_w = 16, .box_h = 17, .ofs_x = 2, .ofs_y = -3},
    {.bitmap_index = 104475, .adv_w = 295, .box_w = 15, .box_h = 22, .ofs_x = 1, .ofs_y = -4},
    {.bitmap_index = 104640, .adv_w = 247, .box_w = 14, .box_h = 17, .ofs_x = 0, .ofs_y = -3},
    {.bitmap_index = 104759, .adv_w = 399, .box_w = 23, .box_h = 22, .ofs_x = 2, .ofs_y = -4},
    {.bitmap_index = 105012, .adv_w = 337, .box_w = 19, .box_h = 17, .ofs_x = 2, .ofs_y = -3},
    {.bitmap_index = 105174, .adv_w = 118, .box_w = 4, .box_h = 20, .ofs_x = 2, .ofs_y = 0},
    {.bitmap_index = 105214, .adv_w = 311, .box_w = 20, .box_h = 23, .ofs_x = 0, .ofs_y = 0},
    {.bitmap_index = 105444, .adv_w = 239, .box_w = 13, .box_h = 20, .ofs_x = 1, .ofs_y = 0},
    {.bitmap_index = 105574, .adv_w = 311, .box_w = 20, .box_h = 23, .ofs_x = 0, .ofs_y = 0},
    {.bitmap_index = 105804, .adv_w = 239, .box_w = 13, .box_h = 20, .ofs_x = 1, .ofs_y = 0},
    {.bitmap_index = 105934, .adv_w = 428, .box_w = 26, .box_h = 18, .ofs_x = 0, .ofs_y = 0},
    {.bitmap_index = 106168, .adv_w = 399, .box_w = 23, .box_h = 14, .ofs_x = 1, .ofs_y = 0},
    {.bitmap_index = 106329, .adv_w = 268, .box_w = 14, .box_h = 23, .ofs_x = 2, .ofs_y = 0},
    {.bitmap_index = 106490, .adv_w = 255, .box_w = 15, .box_h = 20, .ofs_x = 0, .ofs_y = 0},
    {.bitmap_index = 106640, .adv_w = 329, .box_w = 20, .box_h = 18, .ofs_x = 0, .ofs_y = 0},
    {.bitmap_index = 106820, .adv_w = 249, .box_w = 15, .box_h = 14, .ofs_x = 0, .ofs_y = 0},
    {.bitmap_index = 106925, .adv_w = 329, .box_w = 20, .box_h = 24, .ofs_x = 0, .ofs_y = 0},
    {.bitmap_index = 107165, .adv_w = 249, .box_w = 15, .box_h = 20, .ofs_x = 0, .ofs_y = 0},
    {.bitmap_index = 107315, .adv_w = 421, .box_w = 26, .box_h = 23, .ofs_x = 0, .ofs_y = 0},
    {.bitmap_index = 107614, .adv_w = 352, .box_w = 22, .box_h = 20, .ofs_x = 0, .ofs_y = 0},
    {.bitmap_index = 107834, .adv_w = 257, .box_w = 16, .box_h = 24, .ofs_x = -1, .ofs_y = 0},
    {.bitmap_index = 108026, .adv_w = 221, .box_w = 13, .box_h = 20, .ofs_x = 0, .ofs_y = 0},
    {.bitmap_index = 108156, .adv_w = 253, .box_w = 15, .box_h = 18, .ofs_x = 0, .ofs_y = 0},
    {.bitmap_index = 108291, .adv_w = 216, .box_w = 14, .box_h = 19, .ofs_x = -1, .ofs_y = -5},
    {.bitmap_index = 108424, .adv_w = 329, .box_w = 17, .box_h = 22, .ofs_x = 2, .ofs_y = 0},
    {.bitmap_index = 108611, .adv_w = 281, .box_w = 14, .box_h = 18, .ofs_x = 2, .ofs_y = 0},
    {.bitmap_index = 108737, .adv_w = 329, .box_w = 17, .box_h = 23, .ofs_x = 2, .ofs_y = 0},
    {.bitmap_index = 108933, .adv_w = 281, .box_w = 14, .box_h = 20, .ofs_x = 2, .ofs_y = 0},
    {.bitmap_index = 109073, .adv_w = 338, .box_w = 19, .box_h = 24, .ofs_x = 1, .ofs_y = 0},
    {.bitmap_index = 109301, .adv_w = 258, .box_w = 16, .box_h = 20, .ofs_x = 0, .ofs_y = 0},
    {.bitmap_index = 109461, .adv_w = 338, .box_w = 19, .box_h = 18, .ofs_x = 1, .ofs_y = 0},
    {.bitmap_index = 109632, .adv_w = 258, .box_w = 16, .box_h = 14, .ofs_x = 0, .ofs_y = 0},
    {.bitmap_index = 109744, .adv_w = 338, .box_w = 19, .box_h = 24, .ofs_x = 1, .ofs_y = 0},
    {.bitmap_index = 109972, .adv_w = 258, .box_w = 16, .box_h = 20, .ofs_x = 0, .ofs_y = 0},
    {.bitmap_index = 110132, .adv_w = 284, .box_w = 17, .box_h = 24, .ofs_x = 0, .ofs_y = 0},
    {.bitmap_index = 110336, .adv_w = 232, .box_w = 14, .box_h = 20, .ofs_x = 0, .ofs_y = 0},
    {.bitmap_index = 110476, .adv_w = 282, .box_w = 18, .box_h = 23, .ofs_x = 0, .ofs_y = -1},
    {.bitmap_index = 110683, .adv_w = 236, .box_w = 16, .box_h = 23, .ofs_x = -1, .ofs_y = -5},
    {.bitmap_index = 110867, .adv_w = 282, .box_w = 18, .box_h = 24, .ofs_x = 0, .ofs_y = -1},
    {.bitmap_index = 111083, .adv_w = 236, .box_w = 16, .box_h = 25, .ofs_x = -1, .ofs_y = -5},
    {.bitmap_index = 111283, .adv_w = 282, .box_w = 18, .box_h = 24, .ofs_x = 0, .ofs_y = -1},
    {.bitmap_index = 111499, .adv_w = 236, .box_w = 16, .box_h = 25, .ofs_x = -1, .ofs_y = -5},
    {.bitmap_index = 111699, .adv_w = 289, .box_w = 16, .box_h = 23, .ofs_x = 0, .ofs_y = 0},
    {.bitmap_index = 111883, .adv_w = 248, .box_w = 14, .box_h = 20, .ofs_x = 0, .ofs_y = 0},
    {.bitmap_index = 112023, .adv_w = 234, .box_w = 13, .box_h = 22, .ofs_x = 2, .ofs_y = -4},
    {.bitmap_index = 112166, .adv_w = 200, .box_w = 11, .box_h = 17, .ofs_x = 2, .ofs_y = -3},
    {.bitmap_index = 112260, .adv_w = 404, .box_w = 21, .box_h = 23, .ofs_x = 2, .ofs_y = 0},
    {.bitmap_index = 112502, .adv_w = 333, .box_w = 17, .box_h = 20, .ofs_x = 2, .ofs_y = 0},
    {.bitmap_index = 112672, .adv_w = 252, .box_w = 16, .box_h = 23, .ofs_x = 0, .ofs_y = -5},
    {.bitmap_index = 112856, .adv_w = 202, .box_w = 13, .box_h = 19, .ofs_x = 0, .ofs_y = -5},
    {.bitmap_index = 112980, .adv_w = 278, .box_w = 17, .box_h = 23, .ofs_x = 0, .ofs_y = -5},
    {.bitmap_index = 113176, .adv_w = 226, .box_w = 14, .box_h = 19, .ofs_x = 0, .ofs_y = -5},
    {.bitmap_index = 113309, .adv_w = 282, .box_w = 18, .box_h = 18, .ofs_x = 0, .ofs_y = 0},
    {.bitmap_index = 113471, .adv_w = 235, .box_w = 15, .box_h = 14, .ofs_x = 0, .ofs_y = 0},
    {.bitmap_index = 113576, .adv_w = 280, .box_w = 0, .box_h = 0, .ofs_x = 0, .ofs_y = 0},
    {.bitmap_index = 113576, .adv_w = 98, .box_w = 0, .box_h = 0, .ofs_x = 0, .ofs_y = 0},
    {.bitmap_index = 113576, .adv_w = 55, .box_w = 0, .box_h = 0, .ofs_x = 0, .ofs_y = 0},
    {.bitmap_index = 113576, .adv_w = 40, .box_w = 0, .box_h = 0, .ofs_x = 0, .ofs_y = 0},
    {.bitmap_index = 113576, .adv_w = 0, .box_w = 0, .box_h = 0, .ofs_x = 0, .ofs_y = 0},
    {.bitmap_index = 113576, .adv_w = 154, .box_w = 8, .box_h = 3, .ofs_x = 1, .ofs_y = 6},
    {.bitmap_index = 113588, .adv_w = 280, .box_w = 16, .box_h = 3, .ofs_x = 1, .ofs_y = 8},
    {.bitmap_index = 113612, .adv_w = 200, .box_w = 13, .box_h = 3, .ofs_x = 0, .ofs_y = 6},
    {.bitmap_index = 113632, .adv_w = 400, .box_w = 25, .box_h = 3, .ofs_x = 0, .ofs_y = 6},
    {.bitmap_index = 113670, .adv_w = 400, .box_w = 25, .box_h = 3, .ofs_x = 0, .ofs_y = 6},
    {.bitmap_index = 113708, .adv_w = 98, .box_w = 5, .box_h = 8, .ofs_x = 1, .ofs_y = 11},
    {.bitmap_index = 113728, .adv_w = 98, .box_w = 5, .box_h = 9, .ofs_x = 1, .ofs_y = 11},
    {.bitmap_index = 113751, .adv_w = 98, .box_w = 5, .box_h = 9, .ofs_x = 1, .ofs_y = -4},
    {.bitmap_index = 113774, .adv_w = 182, .box_w = 10, .box_h = 8, .ofs_x = 1, .ofs_y = 11},
    {.bitmap_index = 113814, .adv_w = 182, .box_w = 10, .box_h = 9, .ofs_x = 1, .ofs_y = 11},
    {.bitmap_index = 113859, .adv_w = 182, .box_w = 10, .box_h = 9, .ofs_x = 1, .ofs_y = -4},
    {.bitmap_index = 113904, .adv_w = 230, .box_w = 14, .box_h = 23, .ofs_x = 0, .ofs_y = -5},
    {.bitmap_index = 114065, .adv_w = 230, .box_w = 14, .box_h = 23, .ofs_x = 0, .ofs_y = -5},
    {.bitmap_index = 114226, .adv_w = 134, .box_w = 6, .box_h = 6, .ofs_x = 1, .ofs_y = 4},
    {.bitmap_index = 114244, .adv_w = 297, .box_w = 17, .box_h = 5, .ofs_x = 1, .ofs_y = 0},
    {.bitmap_index = 114287, .adv_w = 493, .box_w = 30, .box_h = 18, .ofs_x = 0, .ofs_y = 0},
    {.bitmap_index = 114557, .adv_w = 88, .box_w = 4, .box_h = 8, .ofs_x = 1, .ofs_y = 10},
    {.bitmap_index = 114573, .adv_w = 165, .box_w = 8, .box_h = 8, .ofs_x = 1, .ofs_y = 10},
    {.bitmap_index = 114605, .adv_w = 131, .box_w = 7, .box_h = 11, .ofs_x = 1, .ofs_y = 2},
    {.bitmap_index = 114644, .adv_w = 131, .box_w = 8, .box_h = 11, .ofs_x = 0, .ofs_y = 2},
    {.bitmap_index = 114688, .adv_w = 72, .box_w = 15, .box_h = 18, .ofs_x = -5, .ofs_y = 0},
    {.bitmap_index = 114823, .adv_w = 226, .box_w = 12, .box_h = 18, .ofs_x = 1, .ofs_y = 0},
    {.bitmap_index = 114931, .adv_w = 287, .box_w = 17, .box_h = 25, .ofs_x = 1, .ofs_y = -3},
    {.bitmap_index = 115144, .adv_w = 269, .box_w = 17, .box_h = 18, .ofs_x = 0, .ofs_y = 0},
    {.bitmap_index = 115297, .adv_w = 263, .box_w = 17, .box_h = 18, .ofs_x = 0, .ofs_y = 0},
    {.bitmap_index = 115450, .adv_w = 356, .box_w = 22, .box_h = 18, .ofs_x = 0, .ofs_y = 0},
    {.bitmap_index = 115648, .adv_w = 668, .box_w = 40, .box_h = 18, .ofs_x = 2, .ofs_y = 0},
    {.bitmap_index = 116008, .adv_w = 488, .box_w = 30, .box_h = 18, .ofs_x = 0, .ofs_y = 0},
    {.bitmap_index = 116278, .adv_w = 275, .box_w = 18, .box_h = 23, .ofs_x = 0, .ofs_y = -3},
    {.bitmap_index = 116485, .adv_w = 322, .box_w = 20, .box_h = 18, .ofs_x = 0, .ofs_y = 0},
    {.bitmap_index = 116665, .adv_w = 279, .box_w = 18, .box_h = 18, .ofs_x = 0, .ofs_y = 0},
    {.bitmap_index = 116827, .adv_w = 277, .box_w = 16, .box_h = 18, .ofs_x = 1, .ofs_y = 0},
    {.bitmap_index = 116971, .adv_w = 342, .box_w = 21, .box_h = 18, .ofs_x = 0, .ofs_y = 0},
    {.bitmap_index = 117160, .adv_w = 309, .box_w = 17, .box_h = 25, .ofs_x = 1, .ofs_y = -3},
    {.bitmap_index = 117373, .adv_w = 330, .box_w = 18, .box_h = 18, .ofs_x = 1, .ofs_y = 0},
    {.bitmap_index = 117535, .adv_w = 287, .box_w = 17, .box_h = 25, .ofs_x = 1, .ofs_y = -3},
    {.bitmap_index = 117748, .adv_w = 290, .box_w = 16, .box_h = 18, .ofs_x = 1, .ofs_y = 0},
    {.bitmap_index = 117892, .adv_w = 289, .box_w = 17, .box_h = 18, .ofs_x = 0, .ofs_y = 0},
    {.bitmap_index = 118045, .adv_w = 292, .box_w = 18, .box_h = 18, .ofs_x = 0, .ofs_y = 0},
    {.bitmap_index = 118207, .adv_w = 366, .box_w = 19, .box_h = 22, .ofs_x = 2, .ofs_y = 0},
    {.bitmap_index = 118416, .adv_w = 305, .box_w = 18, .box_h = 18, .ofs_x = 0, .ofs_y = 0},
    {.bitmap_index = 118578, .adv_w = 324, .box_w = 17, .box_h = 25, .ofs_x = 2, .ofs_y = -3},
    {.bitmap_index = 118791, .adv_w = 240, .box_w = 12, .box_h = 12, .ofs_x = 2, .ofs_y = 1},
    {.bitmap_index = 118863, .adv_w = 240, .box_w = 12, .box_h = 12, .ofs_x = 1, .ofs_y = 1},
    {.bitmap_index = 118935, .adv_w = 240, .box_w = 12, .box_h = 12, .ofs_x = 1, .ofs_y = 1},
    {.bitmap_index = 119007, .adv_w = 240, .box_w = 12, .box_h = 13, .ofs_x = 2, .ofs_y = 0},
    {.bitmap_index = 119085, .adv_w = 311, .box_w = 18, .box_h = 12, .ofs_x = 1, .ofs_y = 1},
    {.bitmap_index = 119193, .adv_w = 240, .box_w = 12, .box_h = 17, .ofs_x = 1, .ofs_y = 0},
    {.bitmap_index = 119295, .adv_w = 240, .box_w = 11, .box_h = 11, .ofs_x = 2, .ofs_y = 2},
    {.bitmap_index = 119356, .adv_w = 240, .box_w = 11, .box_h = 12, .ofs_x = 2, .ofs_y = 1},
    {.bitmap_index = 119422, .adv_w = 240, .box_w = 11, .box_h = 12, .ofs_x = 2, .ofs_y = 1},
    {.bitmap_index = 119488, .adv_w = 240, .box_w = 11, .box_h = 12, .ofs_x = 2, .ofs_y = 1}
};

/*---------------------
 *  CHARACTER MAPPING
 *--------------------*/

static const uint8_t glyph_id_ofs_list_3[] = {
    0, 1, 2, 3, 4, 5, 6, 0,
    7, 8, 9, 10, 11, 12, 13, 0,
    14, 15, 16, 17, 18, 19, 20, 21,
    22, 23, 24, 25, 0, 0, 26, 27,
    28, 0, 0, 29, 0, 0, 30, 31,
    32, 33, 34, 35, 36, 37, 38, 39,
    40, 41, 42, 43
};

static const uint8_t glyph_id_ofs_list_6[] = {
    0, 1, 0, 0, 2, 3, 4, 5,
    6, 7, 8, 9, 10, 11, 12, 13,
    14, 15, 0, 0, 0, 16, 0, 0,
    17, 18, 19, 20, 21
};

static const uint16_t unicode_list_8[] = {
    0x0, 0x7, 0x13, 0x15, 0x27, 0x28, 0x2c, 0x33
};

static const uint16_t unicode_list_10[] = {
    0x0, 0x1, 0x8, 0x9, 0x10, 0x11, 0x12, 0x13
};

static const uint16_t unicode_list_12[] = {
    0x0, 0x1, 0x2, 0x3, 0x4, 0x9, 0xb, 0xc,
    0xd, 0xe, 0x11, 0x12, 0x13, 0x15, 0x16, 0x17,
    0x19, 0x1a, 0x1b, 0x1f, 0x29, 0x2b, 0x2c, 0x32,
    0x33, 0x3d, 0x4b, 0x9a, 0x9c, 0x9d, 0x9f, 0xa0,
    0xa2, 0xa4, 0xa5, 0xa6, 0xa7, 0xaa, 0xab, 0xad,
    0xae, 0xb1, 0xb2, 0xb3, 0xb5, 0xb6, 0xb8
};

/*Collect the unicode lists and glyph_id offsets*/
static const lv_font_fmt_txt_cmap_t cmaps[] =
{
    {
        .range_start = 32, .range_length = 95, .glyph_id_start = 1,
        .unicode_list = NULL, .glyph_id_ofs_list = NULL, .list_length = 0, .type = LV_FONT_FMT_TXT_CMAP_FORMAT0_TINY
    },
    {
        .range_start = 160, .range_length = 13, .glyph_id_start = 96,
        .unicode_list = NULL, .glyph_id_ofs_list = NULL, .list_length = 0, .type = LV_FONT_FMT_TXT_CMAP_FORMAT0_TINY
    },
    {
        .range_start = 174, .range_length = 214, .glyph_id_start = 109,
        .unicode_list = NULL, .glyph_id_ofs_list = NULL, .list_length = 0, .type = LV_FONT_FMT_TXT_CMAP_FORMAT0_TINY
    },
    {
        .range_start = 390, .range_length = 52, .glyph_id_start = 323,
        .unicode_list = NULL, .glyph_id_ofs_list = glyph_id_ofs_list_3, .list_length = 52, .type = LV_FONT_FMT_TXT_CMAP_FORMAT0_FULL
    },
    {
        .range_start = 448, .range_length = 54, .glyph_id_start = 367,
        .unicode_list = NULL, .glyph_id_ofs_list = NULL, .list_length = 0, .type = LV_FONT_FMT_TXT_CMAP_FORMAT0_TINY
    },
    {
        .range_start = 504, .range_length = 41, .glyph_id_start = 421,
        .unicode_list = NULL, .glyph_id_ofs_list = NULL, .list_length = 0, .type = LV_FONT_FMT_TXT_CMAP_FORMAT0_TINY
    },
    {
        .range_start = 546, .range_length = 29, .glyph_id_start = 462,
        .unicode_list = NULL, .glyph_id_ofs_list = glyph_id_ofs_list_6, .list_length = 29, .type = LV_FONT_FMT_TXT_CMAP_FORMAT0_FULL
    },
    {
        .range_start = 577, .range_length = 15, .glyph_id_start = 484,
        .unicode_list = NULL, .glyph_id_ofs_list = NULL, .list_length = 0, .type = LV_FONT_FMT_TXT_CMAP_FORMAT0_TINY
    },
    {
        .range_start = 916, .range_length = 52, .glyph_id_start = 499,
        .unicode_list = unicode_list_8, .glyph_id_ofs_list = NULL, .list_length = 8, .type = LV_FONT_FMT_TXT_CMAP_SPARSE_TINY
    },
    {
        .range_start = 1024, .range_length = 96, .glyph_id_start = 507,
        .unicode_list = NULL, .glyph_id_ofs_list = NULL, .list_length = 0, .type = LV_FONT_FMT_TXT_CMAP_FORMAT0_TINY
    },
    {
        .range_start = 1122, .range_length = 20, .glyph_id_start = 603,
        .unicode_list = unicode_list_10, .glyph_id_ofs_list = NULL, .list_length = 8, .type = LV_FONT_FMT_TXT_CMAP_SPARSE_TINY
    },
    {
        .range_start = 1162, .range_length = 118, .glyph_id_start = 611,
        .unicode_list = NULL, .glyph_id_ofs_list = NULL, .list_length = 0, .type = LV_FONT_FMT_TXT_CMAP_FORMAT0_TINY
    },
    {
        .range_start = 8199, .range_length = 185, .glyph_id_start = 729,
        .unicode_list = unicode_list_12, .glyph_id_ofs_list = NULL, .list_length = 47, .type = LV_FONT_FMT_TXT_CMAP_SPARSE_TINY
    },
    {
        .range_start = 8592, .range_length = 10, .glyph_id_start = 776,
        .unicode_list = NULL, .glyph_id_ofs_list = NULL, .list_length = 0, .type = LV_FONT_FMT_TXT_CMAP_FORMAT0_TINY
    }
};



/*--------------------
 *  ALL CUSTOM DATA
 *--------------------*/

#if LVGL_VERSION_MAJOR == 8
/*Store all the custom data of the font*/
static  lv_font_fmt_txt_glyph_cache_t cache;
#endif

#if LVGL_VERSION_MAJOR >= 8
static const lv_font_fmt_txt_dsc_t font_dsc = {
#else
static lv_font_fmt_txt_dsc_t font_dsc = {
#endif
    .glyph_bitmap = glyph_bitmap,
    .glyph_dsc = glyph_dsc,
    .cmaps = cmaps,
    .kern_dsc = NULL,
    .kern_scale = 0,
    .cmap_num = 14,
    .bpp = 4,
    .kern_classes = 0,
    .bitmap_format = 0,
#if LVGL_VERSION_MAJOR == 8
    .cache = &cache
#endif
};

extern const lv_font_t lv_font_montserrat_22;


/*-----------------
 *  PUBLIC FONT
 *----------------*/

/*Initialize a public general font descriptor*/
#if LVGL_VERSION_MAJOR >= 8
const lv_font_t scry_font_montserrat_semibold_25 = {
#else
lv_font_t scry_font_montserrat_semibold_25 = {
#endif
    .get_glyph_dsc = lv_font_get_glyph_dsc_fmt_txt,    /*Function pointer to get glyph's data*/
    .get_glyph_bitmap = lv_font_get_bitmap_fmt_txt,    /*Function pointer to get glyph's bitmap*/
    .line_height = 35,          /*The maximum line height required by the font*/
    .base_line = 7,             /*Baseline measured from the bottom of the line*/
#if !(LVGL_VERSION_MAJOR == 6 && LVGL_VERSION_MINOR == 0)
    .subpx = LV_FONT_SUBPX_NONE,
#endif
#if LV_VERSION_CHECK(7, 4, 0) || LVGL_VERSION_MAJOR >= 8
    .underline_position = -2,
    .underline_thickness = 1,
#endif
    .dsc = &font_dsc,          /*The custom font data. Will be accessed by `get_glyph_bitmap/dsc` */
#if LV_VERSION_CHECK(8, 2, 0) || LVGL_VERSION_MAJOR >= 9
    .fallback = &lv_font_montserrat_22,
#endif
    .user_data = NULL,
};



#endif /*#if SCRY_FONT_MONTSERRAT_SEMIBOLD_25*/

