#pragma once
#include <lvgl.h>
#include <stdint.h>

const uint8_t image_weather_sun_map[] = {
  0xFF, 0xFF, 0x00, 0xFF, 0xFF, 0x00, 0xFF, 0xFF, 0x00, 0xFF, 0xFF, 0x00, 0xFF, 0xFF, 0x00, 0xFF, 0xFF, 0x00,
  0xFF, 0xFF, 0x00, 0xFF, 0xFF, 0x00, 0xFF, 0xFF, 0x00, 0xFF, 0xFF, 0x00, 0xFF, 0xFF, 0x00, 0xFF, 0xFF, 0x00,
  0xFF, 0xFF, 0x00, 0xFF, 0xFF, 0x00, 0xFF, 0xFF, 0x00, 0xFF, 0xFF, 0x00, 0xFF, 0xFF, 0x00, 0xFF, 0xFF, 0x00,
  0xFF, 0xFF, 0x00, 0xFF, 0xFF, 0x00, 0xFF, 0xFF, 0x00, 0xFF, 0xFF, 0x00, 0xFF, 0xFF, 0x00, 0xFF, 0xFF, 0x00,
  0xFF, 0xFF, 0x00, 0xFF, 0xFF, 0x00, 0xFF, 0xFF, 0x00, 0xFF, 0xFF, 0x00, 0xFF, 0xFF, 0x00, 0x39, 0xE7, 0xBD,
  0x4A, 0x49, 0xB2, 0xFF, 0xFF, 0x00, 0xFF, 0xFF, 0x00, 0xFF, 0xFF, 0x00, 0xFF, 0xFF, 0x00, 0xFF, 0xFF, 0x00,
  0xFF, 0xFF, 0x00, 0xFF, 0xFF, 0x00, 0xFF, 0xFF, 0x00, 0xFF, 0xFF, 0x00, 0xFF, 0xFF, 0x00, 0xFF, 0xFF, 0x00,
  0xFF, 0xFF, 0x00, 0xFF, 0xFF, 0x00, 0xFF, 0xFF, 0x00, 0xFF, 0xFF, 0x00, 0xFF, 0xFF, 0x00, 0xFF, 0xFF, 0x00,
  0xFF, 0xFF, 0x00, 0xFF, 0xFF, 0x00, 0xFF, 0xFF, 0x00, 0xFF, 0xFF, 0x00, 0xFF, 0xFF, 0x00, 0xFF, 0xFF, 0x00,
  0xFF, 0xFF, 0x00, 0xFF, 0xFF, 0x00, 0xFF, 0xFF, 0x00, 0xFF, 0xFF, 0x00, 0xFF, 0xFF, 0x00, 0xFF, 0xFF, 0x00,
  0xFF, 0xFF, 0x00, 0xFF, 0xFF, 0x00, 0xFF, 0xFF, 0x00, 0xFF, 0xFF, 0x00, 0xFF, 0xFF, 0x00, 0xFF, 0xFF, 0x00,
  0xFF, 0xFF, 0x00, 0xFF, 0xFF, 0x00, 0xFF, 0xFF, 0x00, 0xFF, 0xFF, 0x00, 0xFF, 0xFF, 0x00, 0xFF, 0xFF, 0x00,
  0xFF, 0xFF, 0x00, 0xFF, 0xFF, 0x00, 0xFF, 0xFF, 0x00, 0xFF, 0xFF, 0x00, 0xFF, 0xFF, 0x00, 0xFF, 0xFF, 0x00,
  0xFF, 0xFF, 0x00, 0xFF, 0xFF, 0x00, 0xFF, 0xFF, 0x00, 0xFF, 0xFF, 0x00, 0xFF, 0xFF, 0x00, 0xFF, 0xFF, 0x00,
  0xFF, 0xFF, 0x00, 0xFF, 0xFF, 0x00, 0xFF, 0xFF, 0x00, 0xFF, 0xFF, 0x00, 0xEF, 0x7D, 0x10, 0x08, 0x61, 0xF0,
  0x08, 0x41, 0xF5, 0xEF, 0x5D, 0x13, 0xFF, 0xFF, 0x00, 0xFF, 0xFF, 0x00, 0xFF, 0xFF, 0x00, 0xFF, 0xFF, 0x00,
  0xFF, 0xFF, 0x00, 0xFF, 0xFF, 0x00, 0xFF, 0xFF, 0x00, 0xFF, 0xFF, 0x00, 0xFF, 0xFF, 0x00, 0xFF, 0xFF, 0x00,
  0xFF, 0xFF, 0x00, 0xFF, 0xFF, 0x00, 0xFF, 0xFF, 0x00, 0xFF, 0xFF, 0x00, 0xFF, 0xFF, 0x00, 0xFF, 0xFF, 0x00,
  0xFF, 0xFF, 0x00, 0xFF, 0xFF, 0x00, 0xFF, 0xFF, 0x00, 0xFF, 0xFF, 0x00, 0xFF, 0xFF, 0x00, 0xFF, 0xFF, 0x00,
  0xFF, 0xFF, 0x00, 0xFF, 0xFF, 0x00, 0xFF, 0xFF, 0x00, 0xFF, 0xFF, 0x00, 0xFF, 0xFF, 0x00, 0xFF, 0xFF, 0x00,
  0xFF, 0xFF, 0x00, 0xFF, 0xFF, 0x00, 0xFF, 0xFF, 0x00, 0xFF, 0xFF, 0x00, 0xFF, 0xFF, 0x00, 0xFF, 0xFF, 0x00,
  0xFF, 0xFF, 0x00, 0xFF, 0xFF, 0x00, 0xFF, 0xFF, 0x00, 0xFF, 0xFF, 0x00, 0xFF, 0xFF, 0x00, 0xFF, 0xFF, 0x00,
  0xFF, 0xFF, 0x00, 0xFF, 0xFF, 0x00, 0xFF, 0xFF, 0x00, 0xFF, 0xFF, 0x00, 0xFF, 0xFF, 0x00, 0xFF, 0xFF, 0x00,
  0xFF, 0xFF, 0x00, 0xFF, 0xFF, 0x00, 0xFF, 0xFF, 0x00, 0xFF, 0xFF, 0x00, 0xFF, 0xFF, 0x00, 0xFF, 0xFF, 0x00,
  0xFF, 0xFF, 0x00, 0xFF, 0xFF, 0x00, 0xFF, 0xFF, 0x00, 0xFF, 0xFF, 0x00, 0xEF, 0x5D, 0x12, 0x10, 0x82, 0xED,
  0x08, 0x61, 0xF3, 0xE7, 0x3C, 0x17, 0xFF, 0xFF, 0x00, 0xFF, 0xFF, 0x00, 0xFF, 0xFF, 0x00, 0xFF, 0xFF, 0x00,
  0xFF, 0xFF, 0x00, 0xFF, 0xFF, 0x00, 0xFF, 0xFF, 0x00, 0xFF, 0xFF, 0x00, 0xFF, 0xFF, 0x00, 0xFF, 0xFF, 0x00,
  0xFF, 0xFF, 0x00, 0xFF, 0xFF, 0x00, 0xFF, 0xFF, 0x00, 0xFF, 0xFF, 0x00, 0xFF, 0xFF, 0x00, 0xFF, 0xFF, 0x00,
  0xFF, 0xFF, 0x00, 0xFF, 0xFF, 0x00, 0xFF, 0xFF, 0x00, 0xFF, 0xFF, 0x00, 0xFF, 0xFF, 0x00, 0xFF, 0xFF, 0x00,
  0xFF, 0xFF, 0x00, 0xFF, 0xFF, 0x00, 0xFF, 0xFF, 0x00, 0xFF, 0xFF, 0x00, 0xFF, 0xFF, 0x00, 0xFF, 0xFF, 0x00,
  0xFF, 0xFF, 0x00, 0xFF, 0xFF, 0x00, 0xFF, 0xFF, 0x00, 0xFF, 0xFF, 0x00, 0xFF, 0xFF, 0x00, 0xFF, 0xFF, 0x00,
  0xFF, 0xFF, 0x00, 0xFF, 0xFF, 0x00, 0xFF, 0xFF, 0x00, 0xFF, 0xFF, 0x00, 0xFF, 0xFF, 0x00, 0xFF, 0xFF, 0x00,
  0xFF, 0xFF, 0x00, 0xFF, 0xFF, 0x00, 0xFF, 0xFF, 0x00, 0xFF, 0xFF, 0x00, 0xFF, 0xFF, 0x00, 0xFF, 0xFF, 0x00,
  0xFF, 0xFF, 0x00, 0xFF, 0xFF, 0x00, 0xFF, 0xFF, 0x00, 0xFF, 0xFF, 0x00, 0xFF, 0xFF, 0x00, 0xFF, 0xFF, 0x00,
  0xFF, 0xFF, 0x00, 0xFF, 0xFF, 0x00, 0xFF, 0xFF, 0x00, 0xFF, 0xFF, 0x00, 0xE7, 0x1C, 0x1A, 0x08, 0x41, 0xF5,
  0x08, 0x61, 0xF3, 0xE7, 0x3C, 0x18, 0xFF, 0xFF, 0x00, 0xFF, 0xFF, 0x00, 0xFF, 0xFF, 0x00, 0xFF, 0xFF, 0x00,
  0xFF, 0xFF, 0x00, 0xFF, 0xFF, 0x00, 0xFF, 0xFF, 0x00, 0xFF, 0xFF, 0x00, 0xFF, 0xFF, 0x00, 0xFF, 0xFF, 0x00,
  0xFF, 0xFF, 0x00, 0xFF, 0xFF, 0x00, 0xFF, 0xFF, 0x00, 0xFF, 0xFF, 0x00, 0xFF, 0xFF, 0x00, 0xFF, 0xFF, 0x00,
  0xFF, 0xFF, 0x00, 0xFF, 0xFF, 0x00, 0xFF, 0xFF, 0x00, 0xFF, 0xFF, 0x00, 0xFF, 0xFF, 0x00, 0xFF, 0xFF, 0x00,
  0xFF, 0xFF, 0x00, 0xFF, 0xFF, 0x00, 0xFF, 0xFF, 0x00, 0xFF, 0xFF, 0x00, 0xFF, 0xFF, 0x00, 0xFF, 0xFF, 0x00,
  0xFF, 0xFF, 0x00, 0xFF, 0xFF, 0x00, 0xFF, 0xFF, 0x00, 0xFF, 0xFF, 0x00, 0xFF, 0xFF, 0x00, 0xFF, 0xFF, 0x00,
  0xFF, 0xFF, 0x00, 0xFF, 0xFF, 0x00, 0xFF, 0xFF, 0x00, 0xFF, 0xFF, 0x00, 0xFF, 0xFF, 0x00, 0xFF, 0xFF, 0x00,
  0xFF, 0xFF, 0x00, 0xFF, 0xFF, 0x00, 0xFF, 0xFF, 0x00, 0xFF, 0xFF, 0x00, 0xFF, 0xFF, 0x00, 0xFF, 0xFF, 0x00,
  0xFF, 0xFF, 0x00, 0xFF, 0xFF, 0x00, 0xFF, 0xFF, 0x00, 0xFF, 0xFF, 0x00, 0xFF, 0xFF, 0x00, 0xFF, 0xFF, 0x00,
  0xFF, 0xFF, 0x00, 0xFF, 0xFF, 0x00, 0xFF, 0xFF, 0x00, 0xFF, 0xFF, 0x00, 0xDE, 0xFB, 0x1E, 0x00, 0x20, 0xF8,
  0x08, 0x41, 0xF4, 0xE7, 0x1C, 0x1A, 0xFF, 0xFF, 0x00, 0xFF, 0xFF, 0x00, 0xFF, 0xFF, 0x00, 0xFF, 0xFF, 0x00,
  0xFF, 0xFF, 0x00, 0xFF, 0xFF, 0x00, 0xFF, 0xFF, 0x00, 0xFF, 0xFF, 0x00, 0xFF, 0xFF, 0x00, 0xFF, 0xFF, 0x00,
  0xFF, 0xFF, 0x00, 0xFF, 0xFF, 0x00, 0xFF, 0xFF, 0x00, 0xFF, 0xFF, 0x00, 0xFF, 0xFF, 0x00, 0xFF, 0xFF, 0x00,
  0xFF, 0xFF, 0x00, 0xFF, 0xFF, 0x00, 0xFF, 0xFF, 0x00, 0xFF, 0xFF, 0x00, 0xFF, 0xFF, 0x00, 0xFF, 0xFF, 0x00,
  0xFF, 0xFF, 0x00, 0xFF, 0xFF, 0x00, 0xFF, 0xFF, 0x00, 0xFF, 0xFF, 0x00, 0xFF, 0xFF, 0x00, 0xFF, 0xFF, 0x00,
  0xFF, 0xFF, 0x00, 0xFF, 0xFF, 0x00, 0xFF, 0xFF, 0x00, 0xFF, 0xFF, 0x00, 0xFF, 0xFF, 0x00, 0xFF, 0xFF, 0x00,
  0xFF, 0xFF, 0x00, 0xFF, 0xFF, 0x00, 0xFF, 0xFF, 0x00, 0xFF, 0xFF, 0x00, 0xFF, 0xFF, 0x00, 0xFF, 0xFF, 0x00,
  0xFF, 0xFF, 0x00, 0xFF, 0xFF, 0x00, 0xFF, 0xFF, 0x00, 0xFF, 0xFF, 0x00, 0xFF, 0xFF, 0x00, 0xFF, 0xFF, 0x00,
  0xFF, 0xFF, 0x00, 0xFF, 0xFF, 0x00, 0xFF, 0xFF, 0x00, 0xFF, 0xFF, 0x00, 0xFF, 0xFF, 0x00, 0xFF, 0xFF, 0x00,
  0xFF, 0xFF, 0x00, 0xFF, 0xFF, 0x00, 0xFF, 0xFF, 0x00, 0xFF, 0xFF, 0x00, 0xE7, 0x1C, 0x1A, 0x08, 0x41, 0xF5,
  0x08, 0x41, 0xF5, 0xE7, 0x1C, 0x1B, 0xFF, 0xFF, 0x00, 0xFF, 0xFF, 0x00, 0xFF, 0xFF, 0x00, 0xFF, 0xFF, 0x00,
  0xFF, 0xFF, 0x00, 0xFF, 0xFF, 0x00, 0xFF, 0xFF, 0x00, 0xFF, 0xFF, 0x00, 0xFF, 0xFF, 0x00, 0xFF, 0xFF, 0x00,
  0xFF, 0xFF, 0x00, 0xFF, 0xFF, 0x00, 0xFF, 0xFF, 0x00, 0xFF, 0xFF, 0x00, 0xFF, 0xFF, 0x00, 0xFF, 0xFF, 0x00,
  0xFF, 0xFF, 0x00, 0xFF, 0xFF, 0x00, 0xFF, 0xFF, 0x00, 0xFF, 0xFF, 0x00, 0xFF, 0xFF, 0x00, 0xFF, 0xFF, 0x00,
  0xFF, 0xFF, 0x00, 0xFF, 0xFF, 0x00, 0xFF, 0xFF, 0x00, 0xFF, 0xFF, 0x00, 0xFF, 0xFF, 0x00, 0xFF, 0xFF, 0x00,
  0xFF, 0xFF, 0x00, 0xFF, 0xFF, 0x00, 0xFF, 0xFF, 0x00, 0xFF, 0xFF, 0x00, 0xFF, 0xFF, 0x00, 0xFF, 0xFF, 0x00,
  0xFF, 0xFF, 0x00, 0xFF, 0xFF, 0x00, 0xFF, 0xFF, 0x00, 0xFF, 0xFF, 0x00, 0xFF, 0xFF, 0x00, 0xFF, 0xFF, 0x00,
  0xFF, 0xFF, 0x00, 0xFF, 0xFF, 0x00, 0xFF, 0xFF, 0x00, 0xFF, 0xFF, 0x00, 0xFF, 0xFF, 0x00, 0xFF, 0xFF, 0x00,
  0xFF, 0xFF, 0x00, 0xFF, 0xFF, 0x00, 0xFF, 0xFF, 0x00, 0xFF, 0xFF, 0x00, 0xFF, 0xFF, 0x00, 0xFF, 0xFF, 0x00,
  0xFF, 0xFF, 0x00, 0xFF, 0xFF, 0x00, 0xFF, 0xFF, 0x00, 0xFF, 0xFF, 0x00, 0xEF, 0x7D, 0x0F, 0x10, 0x82, 0xEE,
  0x00, 0x20, 0xFA, 0xE7, 0x1C, 0x1B, 0xFF, 0xFF, 0x00, 0xFF, 0xFF, 0x00, 0xFF, 0xFF, 0x00, 0xFF, 0xFF, 0x00,
  0xFF, 0xFF, 0x00, 0xFF, 0xFF, 0x00, 0xFF, 0xFF, 0x00, 0xFF, 0xFF, 0x00, 0xFF, 0xFF, 0x00, 0xFF, 0xFF, 0x00,
  0xFF, 0xFF, 0x00, 0xFF, 0xFF, 0x00, 0xFF, 0xFF, 0x00, 0xFF, 0xFF, 0x00, 0xFF, 0xFF, 0x00, 0xFF, 0xFF, 0x00,
  0xFF, 0xFF, 0x00, 0xFF, 0xFF, 0x00, 0xFF, 0xFF, 0x00, 0xFF, 0xFF, 0x00, 0xFF, 0xFF, 0x00, 0xFF, 0xFF, 0x00,
  0xFF, 0xFF, 0x00, 0xFF, 0xFF, 0x00, 0xFF, 0xFF, 0x00, 0xFF, 0xFF, 0x00, 0xFF, 0xFF, 0x00, 0xFF, 0xFF, 0x00,
  0xFF, 0xFF, 0x00, 0xFF, 0xFF, 0x00, 0xFF, 0xFF, 0x00, 0xFF, 0xFF, 0x00, 0xFF, 0xFF, 0x00, 0xFF, 0xFF, 0x00,
  0xFF, 0xFF, 0x00, 0xFF, 0xFF, 0x00, 0xFF, 0xFF, 0x00, 0xFF, 0xFF, 0x00, 0xFF, 0xFF, 0x00, 0xFF, 0xFF, 0x00,
  0xFF, 0xFF, 0x00, 0xFF, 0xFF, 0x00, 0xFF, 0xFF, 0x00, 0xFF, 0xFF, 0x00, 0xFF, 0xFF, 0x00, 0xFF, 0xFF, 0x00,
  0xFF, 0xFF, 0x00, 0xFF, 0xFF, 0x00, 0xFF, 0xFF, 0x00, 0xFF, 0xFF, 0x00, 0xFF, 0xFF, 0x00, 0xFF, 0xFF, 0x00,
  0xFF, 0xFF, 0x00, 0xFF, 0xFF, 0x00, 0xFF, 0xFF, 0x00, 0xFF, 0xFF, 0x00, 0xFF, 0xFF, 0x00, 0x52, 0x8A, 0xAA,
  0x18, 0xC3, 0xE1, 0xF7, 0x9E, 0x0C, 0xFF, 0xFF, 0x00, 0xFF, 0xFF, 0x00, 0xFF, 0xFF, 0x00, 0xFF, 0xFF, 0x00,
  0xFF, 0xFF, 0x00, 0xFF, 0xFF, 0x00, 0xFF, 0xFF, 0x00, 0xFF, 0xFF, 0x00, 0xFF, 0xFF, 0x00, 0xFF, 0xFF, 0x00,
  0xFF, 0xFF, 0x00, 0xFF, 0xFF, 0x00, 0xFF, 0xFF, 0x00, 0xFF, 0xFF, 0x00, 0xFF, 0xFF, 0x00, 0xFF, 0xFF, 0x00,
  0xFF, 0xFF, 0x00, 0xFF, 0xFF, 0x00, 0xFF, 0xFF, 0x00, 0xFF, 0xFF, 0x00, 0xFF, 0xFF, 0x00, 0xFF, 0xFF, 0x00,
  0xFF, 0xFF, 0x00, 0xFF, 0xFF, 0x00, 0xFF, 0xFF, 0x00, 0xFF, 0xFF, 0x00, 0xFF, 0xFF, 0x00, 0xFF, 0xFF, 0x00,
  0xFF, 0xFF, 0x00, 0xFF, 0xFF, 0x00, 0xFF, 0xFF, 0x00, 0xFF, 0xFF, 0x00, 0xFF, 0xFF, 0x00, 0xFF, 0xFF, 0x00,
  0xFF, 0xFF, 0x00, 0xFF, 0xFF, 0x00, 0xE7, 0x1C, 0x1A, 0xB5, 0x96, 0x47, 0xFF, 0xDF, 0x05, 0xFF, 0xFF, 0x00,
  0xFF, 0xFF, 0x00, 0xFF, 0xFF, 0x00, 0xFF, 0xFF, 0x00, 0xFF, 0xFF, 0x00, 0xFF, 0xFF, 0x00, 0xFF, 0xFF, 0x00,
  0xFF, 0xFF, 0x00, 0xFF, 0xFF, 0x00, 0xFF, 0xFF, 0x00, 0xFF, 0xFF, 0x00, 0xFF, 0xFF, 0x00, 0xFF, 0xFF, 0x00,
  0xFF, 0xFF, 0x00, 0xFF, 0xFF, 0x00, 0xFF, 0xFF, 0x00, 0xFF, 0xFF, 0x00, 0xFF, 0xFF, 0x00, 0xF7, 0x9E, 0x0B,
  0xE7, 0x1C, 0x1A, 0xFF, 0xFF, 0x00, 0xFF, 0xFF, 0x00, 0xFF, 0xFF, 0x00, 0xFF, 0xFF, 0x00, 0xFF, 0xFF, 0x00,
  0xFF, 0xFF, 0x00, 0xFF, 0xFF, 0x00, 0xFF, 0xFF, 0x00, 0xFF, 0xFF, 0x00, 0xFF, 0xFF, 0x00, 0xFF, 0xFF, 0x00,
  0xFF, 0xFF, 0x00, 0xFF, 0xFF, 0x00, 0xFF, 0xFF, 0x00, 0xFF, 0xFF, 0x00, 0xFF, 0xFF, 0x00, 0xFF, 0xFF, 0x00,
  0xFF, 0xFF, 0x00, 0xEF, 0x5D, 0x13, 0x8C, 0x71, 0x6A, 0xE7, 0x1C, 0x1C, 0xFF, 0xFF, 0x00, 0xFF, 0xFF, 0x00,
  0xFF, 0xFF, 0x00, 0xFF, 0xFF, 0x00, 0xFF, 0xFF, 0x00, 0xFF, 0xFF, 0x00, 0xFF, 0xFF, 0x00, 0xFF, 0xFF, 0x00,
  0xFF, 0xFF, 0x00, 0xFF, 0xFF, 0x00, 0xFF, 0xFF, 0x00, 0xFF, 0xFF, 0x00, 0xFF, 0xFF, 0x00, 0xFF, 0xFF, 0x00,
  0xFF, 0xFF, 0x00, 0xFF, 0xFF, 0x00, 0x73, 0xAE, 0x87, 0x00, 0x00, 0xFF, 0x39, 0xC7, 0xBF, 0xE7, 0x1C, 0x1C,
  0xFF, 0xFF, 0x00, 0xFF, 0xFF, 0x00, 0xFF, 0xFF, 0x00, 0xFF, 0xFF, 0x00, 0xFF, 0xFF, 0x00, 0xFF, 0xFF, 0x00,
  0xFF, 0xFF, 0x00, 0xFF, 0xFF, 0x00, 0xFF, 0xFF, 0x00, 0xFF, 0xFF, 0x00, 0xFF, 0xFF, 0x00, 0xFF, 0xFF, 0x00,
  0xFF, 0xFF, 0x00, 0xFF, 0xFF, 0x00, 0xFF, 0xFF, 0x00, 0xFF, 0xFF, 0x00, 0xFF, 0xFF, 0x00, 0xFF, 0xFF, 0x00,
  0xFF, 0xFF, 0x00, 0xFF, 0xFF, 0x00, 0xFF, 0xFF, 0x00, 0xFF, 0xFF, 0x00, 0xFF, 0xFF, 0x00, 0xFF, 0xFF, 0x00,
  0xFF, 0xFF, 0x00, 0xFF, 0xFF, 0x00, 0xFF, 0xFF, 0x00, 0xFF, 0xFF, 0x00, 0xFF, 0xFF, 0x00, 0xFF, 0xFF, 0x00,
  0xFF, 0xFF, 0x00, 0xFF, 0xFF, 0x00, 0xFF, 0xFF, 0x00, 0xFF, 0xFF, 0x00, 0xFF, 0xFF, 0x00, 0xFF, 0xFF, 0x00,
  0xEF, 0x5D, 0x14, 0x29, 0x65, 0xCA, 0x00, 0x00, 0xFF, 0x9C, 0xD3, 0x63, 0xFF, 0xFF, 0x00, 0xFF, 0xFF, 0x00,
  0xFF, 0xFF, 0x00, 0xFF, 0xFF, 0x00, 0xFF, 0xFF, 0x00, 0xFF, 0xFF, 0x00, 0xFF, 0xFF, 0x00, 0xFF, 0xFF, 0x00,
  0xFF, 0xFF, 0x00, 0xFF, 0xFF, 0x00, 0xFF, 0xFF, 0x00, 0xFF, 0xFF, 0x00, 0xFF, 0xFF, 0x00, 0xFF, 0xFF, 0x00,
  0xFF, 0xFF, 0x00, 0xFF, 0xFF, 0x00, 0xDE, 0xDB, 0x24, 0x18, 0xE3, 0xDD, 0x00, 0x00, 0xFF, 0x18, 0xE3, 0xDB,
  0xDE, 0xDB, 0x22, 0xFF, 0xFF, 0x00, 0xFF, 0xFF, 0x00, 0xFF, 0xFF, 0x00, 0xFF, 0xFF, 0x00, 0xFF, 0xFF, 0x00,
  0xFF, 0xFF, 0x00, 0xFF, 0xFF, 0x00, 0xFF, 0xFF, 0x00, 0xFF, 0xFF, 0x00, 0xFF, 0xFF, 0x00, 0xFF, 0xFF, 0x00,
  0xFF, 0xFF, 0x00, 0xFF, 0xFF, 0x00, 0xFF, 0xFF, 0x00, 0xFF, 0xFF, 0x00, 0xFF, 0xFF, 0x00, 0xFF, 0xFF, 0x00,
  0xFF, 0xFF, 0x00, 0xFF, 0xFF, 0x00, 0xFF, 0xFF, 0x00, 0xFF, 0xFF, 0x00, 0xFF, 0xFF, 0x00, 0xFF, 0xFF, 0x00,
  0xFF, 0xFF, 0x00, 0xFF, 0xFF, 0x00, 0xFF, 0xFF, 0x00, 0xFF, 0xFF, 0x00, 0xFF, 0xFF, 0x00, 0xFF, 0xFF, 0x00,
  0xFF, 0xFF, 0x00, 0xFF, 0xFF, 0x00, 0xFF, 0xFF, 0x00, 0xFF, 0xFF, 0x00, 0xFF, 0xFF, 0x00, 0xDE, 0xDB, 0x23,
  0x21, 0x24, 0xD3, 0x00, 0x00, 0xFF, 0x29, 0x65, 0xCF, 0xEF, 0x5D, 0x11, 0xFF, 0xFF, 0x00, 0xFF, 0xFF, 0x00,
  0xFF, 0xFF, 0x00, 0xFF, 0xFF, 0x00, 0xFF, 0xFF, 0x00, 0xFF, 0xFF, 0x00, 0xFF, 0xFF, 0x00, 0xFF, 0xFF, 0x00,
  0xFF, 0xFF, 0x00, 0xFF, 0xFF, 0x00, 0xFF, 0xFF, 0x00, 0xFF, 0xFF, 0x00, 0xFF, 0xFF, 0x00, 0xFF, 0xFF, 0x00,
  0xFF, 0xFF, 0x00, 0xFF, 0xFF, 0x00, 0xFF, 0xFF, 0x00, 0xDE, 0xDB, 0x21, 0x18, 0xE3, 0xDB, 0x00, 0x00, 0xFF,
  0x21, 0x24, 0xD7, 0xEF, 0x5D, 0x14, 0xFF, 0xFF, 0x00, 0xFF, 0xFF, 0x00, 0xFF, 0xFF, 0x00, 0xFF, 0xFF, 0x00,
  0xFF, 0xFF, 0x00, 0xFF, 0xFF, 0x00, 0xFF, 0xFF, 0x00, 0xFF, 0xFF, 0x00, 0xFF, 0xFF, 0x00, 0xFF, 0xFF, 0x00,
  0xFF, 0xFF, 0x00, 0xFF, 0xFF, 0x00, 0xFF, 0xFF, 0x00, 0xFF, 0xFF, 0x00, 0xFF, 0xFF, 0x00, 0xFF, 0xFF, 0x00,
  0xFF, 0xFF, 0x00, 0xFF, 0xFF, 0x00, 0xFF, 0xFF, 0x00, 0xFF, 0xFF, 0x00, 0xFF, 0xFF, 0x00, 0xFF, 0xFF, 0x00,
  0xFF, 0xFF, 0x00, 0xFF, 0xFF, 0x00, 0xFF, 0xFF, 0x00, 0xFF, 0xFF, 0x00, 0xFF, 0xFF, 0x00, 0xFF, 0xFF, 0x00,
  0xFF, 0xFF, 0x00, 0xFF, 0xFF, 0x00, 0xFF, 0xFF, 0x00, 0xFF, 0xFF, 0x00, 0xDE, 0xDB, 0x24, 0x18, 0xC3, 0xE0,
  0x00, 0x00, 0xFF, 0x21, 0x24, 0xD4, 0xE7, 0x1C, 0x1A, 0xFF, 0xFF, 0x00, 0xFF, 0xFF, 0x00, 0xFF, 0xFF, 0x00,
  0xFF, 0xFF, 0x00, 0xFF, 0xFF, 0x00, 0xFF, 0xFF, 0x00, 0xFF, 0xFF, 0x00, 0xFF, 0xFF, 0x00, 0xFF, 0xFF, 0x00,
  0xFF, 0xFF, 0x00, 0xFF, 0xFF, 0x00, 0xFF, 0xFF, 0x00, 0xFF, 0xFF, 0x00, 0xFF, 0xFF, 0x00, 0xFF, 0xFF, 0x00,
  0xFF, 0xFF, 0x00, 0xFF, 0xFF, 0x00, 0xFF, 0xFF, 0x00, 0xFF, 0xFF, 0x00, 0xDE, 0xDB, 0x21, 0x21, 0x04, 0xD9,
  0x00, 0x00, 0xFF, 0x31, 0x86, 0xC7, 0xEF, 0x5D, 0x11, 0xFF, 0xFF, 0x00, 0xFF, 0xFF, 0x00, 0xFF, 0xFF, 0x00,
  0xFF, 0xFF, 0x00, 0xFF, 0xFF, 0x00, 0xFF, 0xFF, 0x00, 0xFF, 0xFF, 0x00, 0xFF, 0xFF, 0x00, 0xFF, 0xFF, 0x00,
  0xFF, 0xFF, 0x00, 0xFF, 0xFF, 0x00, 0xFF, 0xFF, 0x00, 0xFF, 0xFF, 0x00, 0xFF, 0xFF, 0x00, 0xFF, 0xFF, 0x00,
  0xFF, 0xFF, 0x00, 0xFF, 0xFF, 0x00, 0xFF, 0xFF, 0x00, 0xFF, 0xFF, 0x00, 0xFF, 0xFF, 0x00, 0xFF, 0xFF, 0x00,
  0xFF, 0xFF, 0x00, 0xFF, 0xFF, 0x00, 0xFF, 0xFF, 0x00, 0xFF, 0xFF, 0x00, 0xFF, 0xFF, 0x00, 0xFF, 0xFF, 0x00,
  0xFF, 0xFF, 0x00, 0xFF, 0xFF, 0x00, 0xFF, 0xFF, 0x00, 0xEF, 0x7D, 0x0F, 0x21, 0x24, 0xD4, 0x00, 0x00, 0xFF,
  0x21, 0x04, 0xD7, 0xE7, 0x1C, 0x1C, 0xFF, 0xFF, 0x00, 0xFF, 0xFF, 0x00, 0xFF, 0xFF, 0x00, 0xFF, 0xFF, 0x00,
  0xFF, 0xFF, 0x00, 0xFF, 0xFF, 0x00, 0xFF, 0xFF, 0x00, 0xFF, 0xFF, 0x00, 0xFF, 0xFF, 0x00, 0xFF, 0xFF, 0x00,
  0xFF, 0xFF, 0x00, 0xFF, 0xFF, 0x00, 0xFF, 0xFF, 0x00, 0xFF, 0xFF, 0x00, 0xFF, 0xFF, 0x00, 0xFF, 0xFF, 0x00,
  0xFF, 0xFF, 0x00, 0xFF, 0xFF, 0x00, 0xFF, 0xFF, 0x00, 0xFF, 0xFF, 0x00, 0xFF, 0xFF, 0x00, 0xDE, 0xFB, 0x1E,
  0x21, 0x24, 0xD6, 0x00, 0x00, 0xFF, 0x4A, 0x69, 0xAE, 0xFF, 0xFF, 0x00, 0xFF, 0xFF, 0x00, 0xFF, 0xFF, 0x00,
  0xFF, 0xFF, 0x00, 0xFF, 0xFF, 0x00, 0xFF, 0xFF, 0x00, 0xFF, 0xFF, 0x00, 0xFF, 0xFF, 0x00, 0xFF, 0xFF, 0x00,
  0xE7, 0x3C, 0x1B, 0xC6, 0x39, 0x40, 0x9D, 0x35, 0x65, 0x84, 0x72, 0x84, 0x6B, 0xD0, 0x99, 0x63, 0x8F, 0xA3,
  0x63, 0x8F, 0xA2, 0x73, 0xF0, 0x95, 0x8C, 0x93, 0x7B, 0xAD, 0xB7, 0x55, 0xD6, 0xDB, 0x28, 0xFF, 0xFF, 0x03,
  0xFF, 0xFF, 0x00, 0xFF, 0xFF, 0x00, 0xFF, 0xFF, 0x00, 0xFF, 0xFF, 0x00, 0xFF, 0xFF, 0x00, 0xFF, 0xFF, 0x00,
  0xFF, 0xFF, 0x00, 0xFF, 0xFF, 0x00, 0xFF, 0xFF, 0x00, 0x6B, 0x6D, 0x8F, 0x00, 0x00, 0xFF, 0x21, 0x04, 0xD8,
  0xDE, 0xFB, 0x1E, 0xFF, 0xFF, 0x00, 0xFF, 0xFF, 0x00, 0xFF, 0xFF, 0x00, 0xFF, 0xFF, 0x00, 0xFF, 0xFF, 0x00,
  0xFF, 0xFF, 0x00, 0xFF, 0xFF, 0x00, 0xFF, 0xFF, 0x00, 0xFF, 0xFF, 0x00, 0xFF, 0xFF, 0x00, 0xFF, 0xFF, 0x00,
  0xFF, 0xFF, 0x00, 0xFF, 0xFF, 0x00, 0xFF, 0xFF, 0x00, 0xFF, 0xFF, 0x00, 0xFF, 0xFF, 0x00, 0xFF, 0xFF, 0x00,
  0xFF, 0xFF, 0x00, 0xFF, 0xFF, 0x00, 0xFF, 0xFF, 0x00, 0xFF, 0xFF, 0x00, 0xFF, 0xFF, 0x00, 0xFF, 0xFF, 0x00,
  0xE7, 0x1C, 0x1A, 0x4A, 0x69, 0xAA, 0x7B, 0xCF, 0x82, 0xFF, 0xFF, 0x00, 0xFF, 0xFF, 0x00, 0xFF, 0xFF, 0x00,
  0xFF, 0xFF, 0x00, 0xFF, 0xFF, 0x00, 0xFF, 0xFF, 0x00, 0xEF, 0x7E, 0x11, 0x9D, 0x14, 0x6B, 0x4A, 0xAC, 0xC1,
  0x29, 0xC7, 0xF1, 0x29, 0xC6, 0xFF, 0x42, 0x26, 0xFF, 0x52, 0x86, 0xFF, 0x6A, 0xE7, 0xFF, 0x73, 0x27, 0xFF,
  0x73, 0x27, 0xFF, 0x62, 0xE7, 0xFF, 0x52, 0x66, 0xFF, 0x39, 0xE6, 0xFF, 0x29, 0xA7, 0xFA, 0x3A, 0x6A, 0xD1,
  0x84, 0x52, 0x84, 0xDE, 0xFB, 0x28, 0xFF, 0xFF, 0x00, 0xFF, 0xFF, 0x00, 0xFF, 0xFF, 0x00, 0xFF, 0xFF, 0x00,
  0xFF, 0xFF, 0x00, 0xFF, 0xFF, 0x00, 0xFF, 0xFF, 0x00, 0x7B, 0xEF, 0x7F, 0x31, 0x86, 0xC4, 0xDE, 0xDB, 0x22,
  0xFF, 0xFF, 0x00, 0xFF, 0xFF, 0x00, 0xFF, 0xFF, 0x00, 0xFF, 0xFF, 0x00, 0xFF, 0xFF, 0x00, 0xFF, 0xFF, 0x00,
  0xFF, 0xFF, 0x00, 0xFF, 0xFF, 0x00, 0xFF, 0xFF, 0x00, 0xFF, 0xFF, 0x00, 0xFF, 0xFF, 0x00, 0xFF, 0xFF, 0x00,
  0xFF, 0xFF, 0x00, 0xFF, 0xFF, 0x00, 0xFF, 0xFF, 0x00, 0xFF, 0xFF, 0x00, 0xFF, 0xFF, 0x00, 0xFF, 0xFF, 0x00,
  0xFF, 0xFF, 0x00, 0xFF, 0xFF, 0x00, 0xFF, 0xFF, 0x00, 0xFF, 0xFF, 0x00, 0xFF, 0xFF, 0x00, 0xFF, 0xFF, 0x00,
  0xFF, 0xFF, 0x00, 0xFF, 0xFF, 0x00, 0xFF, 0xFF, 0x00, 0xFF, 0xFF, 0x00, 0xFF, 0xFF, 0x00, 0xFF, 0xFF, 0x00,
  0xFF, 0xFF, 0x00, 0xFF, 0xFF, 0x00, 0x9D, 0x14, 0x69, 0x29, 0xE8, 0xE3, 0x39, 0xE6, 0xFF, 0x83, 0x87, 0xFF,
  0xBC, 0xE9, 0xFF, 0xDD, 0x8A, 0xFF, 0xED, 0xCA, 0xFF, 0xED, 0xEA, 0xFF, 0xF6, 0x0A, 0xFF, 0xF6, 0x0A, 0xFF,
  0xF6, 0x0A, 0xFF, 0xF6, 0x0A, 0xFF, 0xED, 0xEA, 0xFF, 0xE5, 0xCA, 0xFF, 0xCD, 0x29, 0xFF, 0x93, 0xE8, 0xFF,
  0x4A, 0x46, 0xFF, 0x21, 0x86, 0xF7, 0x6B, 0xAF, 0x9D, 0xE7, 0x3C, 0x1E, 0xFF, 0xFF, 0x00, 0xFF, 0xFF, 0x00,
  0xFF, 0xFF, 0x00, 0xFF, 0xFF, 0x00, 0xFF, 0xFF, 0x00, 0xFF, 0xFF, 0x00, 0xFF, 0xFF, 0x00, 0xFF, 0xFF, 0x00,
  0xFF, 0xFF, 0x00, 0xFF, 0xFF, 0x00, 0xFF, 0xFF, 0x00, 0xFF, 0xFF, 0x00, 0xFF, 0xFF, 0x00, 0xFF, 0xFF, 0x00,
  0xFF, 0xFF, 0x00, 0xFF, 0xFF, 0x00, 0xFF, 0xFF, 0x00, 0xFF, 0xFF, 0x00, 0xFF, 0xFF, 0x00, 0xFF, 0xFF, 0x00,
  0xFF, 0xFF, 0x00, 0xFF, 0xFF, 0x00, 0xFF, 0xFF, 0x00, 0xFF, 0xFF, 0x00, 0xFF, 0xFF, 0x00, 0xFF, 0xFF, 0x00,
  0xFF, 0xFF, 0x00, 0xFF, 0xFF, 0x00, 0xFF, 0xFF, 0x00, 0xFF, 0xFF, 0x00, 0xFF, 0xFF, 0x00, 0xFF, 0xFF, 0x00,
  0xFF, 0xFF, 0x00, 0xFF, 0xFF, 0x00, 0xFF, 0xFF, 0x00, 0xFF, 0xFF, 0x00, 0xFF, 0xFF, 0x00, 0xFF, 0xFF, 0x00,
  0xEF, 0x7D, 0x13, 0x53, 0x2D, 0xB3, 0x29, 0xA5, 0xFF, 0x9C, 0x08, 0xFF, 0xE5, 0xCA, 0xFF, 0xF6, 0x0A, 0xFF,
  0xED, 0xEA, 0xFF, 0xED, 0xEA, 0xFF, 0xED, 0xCA, 0xFF, 0xE5, 0xCA, 0xFF, 0xE5, 0xCA, 0xFF, 0xE5, 0xCA, 0xFF,
  0xE5, 0xCA, 0xFF, 0xE5, 0xCA, 0xFF, 0xE5, 0xCA, 0xFF, 0xED, 0xCA, 0xFF, 0xED, 0xEA, 0xFF, 0xF6, 0x0A, 0xFF,
  0xED, 0xEA, 0xFF, 0xBC, 0xC9, 0xFF, 0x4A, 0x46, 0xFF, 0x21, 0xA7, 0xEB, 0xAD, 0x76, 0x5D, 0xFF, 0xFF, 0x00,
  0xFF, 0xFF, 0x00, 0xFF, 0xFF, 0x00, 0xFF, 0xFF, 0x00, 0xFF, 0xFF, 0x00, 0xFF, 0xFF, 0x00, 0xFF, 0xFF, 0x00,
  0xFF, 0xFF, 0x00, 0xFF, 0xFF, 0x00, 0xFF, 0xFF, 0x00, 0xFF, 0xFF, 0x00, 0xFF, 0xFF, 0x00, 0xFF, 0xFF, 0x00,
  0xFF, 0xFF, 0x00, 0xFF, 0xFF, 0x00, 0xFF, 0xFF, 0x00, 0xFF, 0xFF, 0x00, 0xFF, 0xFF, 0x00, 0xFF, 0xFF, 0x00,
  0xFF, 0xFF, 0x00, 0xFF, 0xFF, 0x00, 0xFF, 0xFF, 0x00, 0xFF, 0xFF, 0x00, 0xFF, 0xFF, 0x00, 0xFF, 0xFF, 0x00,
  0xFF, 0xFF, 0x00, 0xFF, 0xFF, 0x00, 0xFF, 0xFF, 0x00, 0xFF, 0xFF, 0x00, 0xFF, 0xFF, 0x00, 0xFF, 0xFF, 0x00,
  0xFF, 0xFF, 0x00, 0xFF, 0xFF, 0x00, 0xFF, 0xFF, 0x00, 0xFF, 0xFF, 0x00, 0xFF, 0xFF, 0x00, 0xE7, 0x3C, 0x1D,
  0x3A, 0x4A, 0xD3, 0x4A, 0x66, 0xFF, 0xD5, 0x6A, 0xFF, 0xF6, 0x0A, 0xFF, 0xED, 0xCA, 0xFF, 0xE5, 0xCA, 0xFF,
  0xE5, 0xCA, 0xFF, 0xE5, 0xCA, 0xFF, 0xE5, 0xCA, 0xFF, 0xE5, 0xCA, 0xFF, 0xE5, 0xCA, 0xFF, 0xE5, 0xCA, 0xFF,
  0xE5, 0xCA, 0xFF, 0xE5, 0xCA, 0xFF, 0xE5, 0xCA, 0xFF, 0xE5, 0xCA, 0xFF, 0xE5, 0xCA, 0xFF, 0xE5, 0xCA, 0xFF,
  0xED, 0xCA, 0xFF, 0xED, 0xEA, 0xFF, 0xED, 0xEA, 0xFF, 0x93, 0xE8, 0xFF, 0x19, 0x65, 0xFF, 0x84, 0x51, 0x88,
  0xFF, 0xFF, 0x00, 0xFF, 0xFF, 0x00, 0xFF, 0xFF, 0x00, 0xFF, 0xFF, 0x00, 0xFF, 0xFF, 0x00, 0xFF, 0xFF, 0x00,
  0xFF, 0xFF, 0x00, 0xFF, 0xFF, 0x00, 0xFF, 0xFF, 0x00, 0xFF, 0xFF, 0x00, 0xFF, 0xFF, 0x00, 0xFF, 0xFF, 0x00,
  0xFF, 0xFF, 0x00, 0xFF, 0xFF, 0x00, 0xFF, 0xFF, 0x00, 0xFF, 0xFF, 0x00, 0xFF, 0xFF, 0x00, 0xFF, 0xFF, 0x00,
  0xFF, 0xFF, 0x00, 0xFF, 0xFF, 0x00, 0xFF, 0xFF, 0x00, 0xFF, 0xFF, 0x00, 0xFF, 0xFF, 0x00, 0xFF, 0xFF, 0x00,
  0xFF, 0xFF, 0x00, 0xFF, 0xFF, 0x00, 0xFF, 0xFF, 0x00, 0xFF, 0xFF, 0x00, 0xFF, 0xFF, 0x00, 0xFF, 0xFF, 0x00,
  0xFF, 0xFF, 0x00, 0xFF, 0xFF, 0x00, 0xFF, 0xFF, 0x00, 0xFF, 0xFF, 0x00, 0xEF, 0x9E, 0x10, 0x3A, 0x4A, 0xD2,
  0x5A, 0xA6, 0xFF, 0xE5, 0xCA, 0xFF, 0xED, 0xEA, 0xFF, 0xE5, 0xCA, 0xFF, 0xE5, 0xCA, 0xFF, 0xE5, 0xCA, 0xFF,
  0xE5, 0xCA, 0xFF, 0xE5, 0xCA, 0xFF, 0xE5, 0xCA, 0xFF, 0xE5, 0xCA, 0xFF, 0xE5, 0xCA, 0xFF, 0xE5, 0xCA, 0xFF,
  0xE5, 0xCA, 0xFF, 0xE5, 0xCA, 0xFF, 0xE5, 0xCA, 0xFF, 0xE5, 0xCA, 0xFF, 0xE5, 0xCA, 0xFF, 0xE5, 0xCA, 0xFF,
  0xE5, 0xCA, 0xFF, 0xE5, 0xCA, 0xFF, 0xED, 0xCA, 0xFF, 0xF6, 0x0A, 0xFF, 0xBC, 0xC9, 0xFF, 0x21, 0x85, 0xFF,
  0x7C, 0x31, 0x90, 0xFF, 0xFF, 0x00, 0xFF, 0xFF, 0x00, 0xFF, 0xFF, 0x00, 0xFF, 0xFF, 0x00, 0xFF, 0xFF, 0x00,
  0xFF, 0xFF, 0x00, 0xFF, 0xFF, 0x00, 0xFF, 0xFF, 0x00, 0xFF, 0xFF, 0x00, 0xFF, 0xFF, 0x00, 0xFF, 0xFF, 0x00,
  0xFF, 0xFF, 0x00, 0xFF, 0xFF, 0x00, 0xFF, 0xFF, 0x00, 0xFF, 0xFF, 0x00, 0xFF, 0xFF, 0x00, 0xFF, 0xFF, 0x00,
  0xFF, 0xFF, 0x00, 0xFF, 0xFF, 0x00, 0xFF, 0xFF, 0x00, 0xFF, 0xFF, 0x00, 0xFF, 0xFF, 0x00, 0xFF, 0xFF, 0x00,
  0xFF, 0xFF, 0x00, 0xFF, 0xFF, 0x00, 0xFF, 0xFF, 0x00, 0xFF, 0xFF, 0x00, 0xFF, 0xFF, 0x00, 0xFF, 0xFF, 0x00,
  0xFF, 0xFF, 0x00, 0xFF, 0xFF, 0x00, 0xFF, 0xFF, 0x00, 0xFF, 0xFF, 0x00, 0x5B, 0x4D, 0xB0, 0x4A, 0x46, 0xFF,
  0xE5, 0xCA, 0xFF, 0xED, 0xEA, 0xFF, 0xE5, 0xCA, 0xFF, 0xE5, 0xCA, 0xFF, 0xE5, 0xCA, 0xFF, 0xE5, 0xCA, 0xFF,
  0xE5, 0xCA, 0xFF, 0xE5, 0xCA, 0xFF, 0xE5, 0xCA, 0xFF, 0xE5, 0xCA, 0xFF, 0xE5, 0xCA, 0xFF, 0xE5, 0xCA, 0xFF,
  0xE5, 0xCA, 0xFF, 0xE5, 0xCA, 0xFF, 0xE5, 0xCA, 0xFF, 0xE5, 0xCA, 0xFF, 0xE5, 0xCA, 0xFF, 0xE5, 0xCA, 0xFF,
  0xE5, 0xCA, 0xFF, 0xE5, 0xCA, 0xFF, 0xE5, 0xCA, 0xFF, 0xE5, 0xCA, 0xFF, 0xF6, 0x0A, 0xFF, 0xBC, 0xE9, 0xFF,
  0x21, 0x65, 0xFF, 0x94, 0xD4, 0x74, 0xFF, 0xFF, 0x00, 0xFF, 0xFF, 0x00, 0xFF, 0xFF, 0x00, 0xFF, 0xFF, 0x00,
  0xFF, 0xFF, 0x00, 0xFF, 0xFF, 0x00, 0xFF, 0xFF, 0x00, 0xFF, 0xFF, 0x00, 0xFF, 0xFF, 0x00, 0xFF, 0xFF, 0x00,
  0xFF, 0xFF, 0x00, 0xFF, 0xFF, 0x00, 0xFF, 0xFF, 0x00, 0xFF, 0xFF, 0x00, 0xFF, 0xFF, 0x00, 0xFF, 0xFF, 0x00,
  0xFF, 0xFF, 0x00, 0xFF, 0xFF, 0x00, 0xFF, 0xFF, 0x00, 0xFF, 0xFF, 0x00, 0xFF, 0xFF, 0x00, 0xFF, 0xFF, 0x00,
  0xFF, 0xFF, 0x00, 0xFF, 0xFF, 0x00, 0xFF, 0xFF, 0x00, 0xFF, 0xFF, 0x00, 0xFF, 0xFF, 0x00, 0xFF, 0xFF, 0x00,
  0xFF, 0xFF, 0x00, 0xFF, 0xFF, 0x00, 0xFF, 0xFF, 0x00, 0x9D, 0x35, 0x67, 0x29, 0x85, 0xFF, 0xD5, 0x6A, 0xFF,
  0xED, 0xEA, 0xFF, 0xE5, 0xCA, 0xFF, 0xE5, 0xCA, 0xFF, 0xE5, 0xCA, 0xFF, 0xE5, 0xCA, 0xFF, 0xE5, 0xCA, 0xFF,
  0xE5, 0xCA, 0xFF, 0xE5, 0xCA, 0xFF, 0xE5, 0xCA, 0xFF, 0xE5, 0xCA, 0xFF, 0xE5, 0xCA, 0xFF, 0xE5, 0xCA, 0xFF,
  0xE5, 0xCA, 0xFF, 0xE5, 0xCA, 0xFF, 0xE5, 0xCA, 0xFF, 0xE5, 0xCA, 0xFF, 0xE5, 0xCA, 0xFF, 0xE5, 0xCA, 0xFF,
  0xE5, 0xCA, 0xFF, 0xE5, 0xCA, 0xFF, 0xE5, 0xCA, 0xFF, 0xE5, 0xCA, 0xFF, 0xE5, 0xCA, 0xFF, 0xF6, 0x0A, 0xFF,
  0xAC, 0x69, 0xFF, 0x19, 0x66, 0xFA, 0xCE, 0x79, 0x3A, 0xFF, 0xFF, 0x00, 0xFF, 0xFF, 0x00, 0xFF, 0xFF, 0x00,
  0xFF, 0xFF, 0x00, 0xFF, 0xFF, 0x00, 0xFF, 0xFF, 0x00, 0xFF, 0xFF, 0x00, 0xFF, 0xFF, 0x00, 0xFF, 0xFF, 0x00,
  0xFF, 0xFF, 0x00, 0xFF, 0xFF, 0x00, 0xFF, 0xFF, 0x00, 0xFF, 0xFF, 0x00, 0xFF, 0xFF, 0x00, 0xFF, 0xFF, 0x00,
  0xFF, 0xFF, 0x00, 0xFF, 0xFF, 0x00, 0xFF, 0xFF, 0x00, 0xFF, 0xFF, 0x00, 0xFF, 0xFF, 0x00, 0xFF, 0xFF, 0x00,
  0xFF, 0xFF, 0x00, 0xFF, 0xFF, 0x00, 0xFF, 0xFF, 0x00, 0xFF, 0xFF, 0x00, 0xFF, 0xFF, 0x00, 0xFF, 0xFF, 0x00,
  0xFF, 0xFF, 0x00, 0xFF, 0xFF, 0x00, 0xEF, 0x5D, 0x16, 0x29, 0xC8, 0xE9, 0x9C, 0x28, 0xFF, 0xF6, 0x0A, 0xFF,
  0xE5, 0xCA, 0xFF, 0xE5, 0xCA, 0xFF, 0xE5, 0xCA, 0xFF, 0xE5, 0xCA, 0xFF, 0xE5, 0xCA, 0xFF, 0xE5, 0xCA, 0xFF,
  0xE5, 0xCA, 0xFF, 0xE5, 0xCA, 0xFF, 0xE5, 0xCA, 0xFF, 0xE5, 0xCA, 0xFF, 0xE5, 0xCA, 0xFF, 0xE5, 0xCA, 0xFF,
  0xE5, 0xCA, 0xFF, 0xE5, 0xCA, 0xFF, 0xE5, 0xCA, 0xFF, 0xE5, 0xCA, 0xFF, 0xE5, 0xCA, 0xFF, 0xE5, 0xCA, 0xFF,
  0xE5, 0xCA, 0xFF, 0xE5, 0xCA, 0xFF, 0xE5, 0xCA, 0xFF, 0xE5, 0xCA, 0xFF, 0xE5, 0xCA, 0xFF, 0xE5, 0xCA, 0xFF,
  0xF6, 0x0A, 0xFF, 0x73, 0x27, 0xFF, 0x42, 0x8B, 0xCE, 0xFF, 0xFF, 0x03, 0xFF, 0xFF, 0x00, 0xFF, 0xFF, 0x00,
  0xFF, 0xFF, 0x00, 0xFF, 0xFF, 0x00, 0xFF, 0xFF, 0x00, 0xFF, 0xFF, 0x00, 0xFF, 0xFF, 0x00, 0xFF, 0xFF, 0x00,
  0xFF, 0xFF, 0x00, 0xFF, 0xFF, 0x00, 0xFF, 0xFF, 0x00, 0xFF, 0xFF, 0x00, 0xFF, 0xFF, 0x00, 0xFF, 0xFF, 0x00,
  0xFF, 0xFF, 0x00, 0xFF, 0xFF, 0x00, 0xFF, 0xFF, 0x00, 0xFF, 0xFF, 0x00, 0xFF, 0xFF, 0x00, 0xFF, 0xFF, 0x00,
  0xFF, 0xFF, 0x00, 0xFF, 0xFF, 0x00, 0xFF, 0xFF, 0x00, 0xFF, 0xFF, 0x00, 0xFF, 0xFF, 0x00, 0xFF, 0xFF, 0x00,
  0xFF, 0xFF, 0x00, 0xFF, 0xFF, 0x00, 0x84, 0x72, 0x85, 0x42, 0x26, 0xFF, 0xED, 0xEA, 0xFF, 0xED, 0xCA, 0xFF,
  0xE5, 0xCA, 0xFF, 0xE5, 0xCA, 0xFF, 0xE5, 0xCA, 0xFF, 0xE5, 0xCA, 0xFF, 0xE5, 0xCA, 0xFF, 0xE5, 0xCA, 0xFF,
  0xED, 0xCA, 0xFF, 0xED, 0xCA, 0xFF, 0xE5, 0xCA, 0xFF, 0xE5, 0xCA, 0xFF, 0xE5, 0xCA, 0xFF, 0xE5, 0xCA, 0xFF,
  0xE5, 0xCA, 0xFF, 0xE5, 0xCA, 0xFF, 0xE5, 0xCA, 0xFF, 0xE5, 0xCA, 0xFF, 0xED, 0xCA, 0xFF, 0xED, 0xCA, 0xFF,
  0xE5, 0xCA, 0xFF, 0xE5, 0xCA, 0xFF, 0xE5, 0xCA, 0xFF, 0xE5, 0xCA, 0xFF, 0xE5, 0xCA, 0xFF, 0xE5, 0xCA, 0xFF,
  0xED, 0xEA, 0xFF, 0xDD, 0x8A, 0xFF, 0x29, 0xA5, 0xFF, 0xA5, 0x55, 0x64, 0xFF, 0xFF, 0x00, 0xFF, 0xFF, 0x00,
  0xFF, 0xFF, 0x00, 0xFF, 0xFF, 0x00, 0xFF, 0xFF, 0x00, 0xFF, 0xFF, 0x00, 0xFF, 0xFF, 0x00, 0xFF, 0xFF, 0x00,
  0xFF, 0xFF, 0x00, 0xFF, 0xFF, 0x00, 0xFF, 0xFF, 0x00, 0xFF, 0xFF, 0x00, 0xFF, 0xFF, 0x00, 0xFF, 0xFF, 0x00,
  0xFF, 0xFF, 0x00, 0xFF, 0xFF, 0x00, 0xFF, 0xFF, 0x00, 0xFF, 0xFF, 0x00, 0xFF, 0xFF, 0x00, 0xFF, 0xFF, 0x00,
  0xFF, 0xFF, 0x00, 0xFF, 0xFF, 0x00, 0xFF, 0xFF, 0x00, 0xFF, 0xFF, 0x00, 0xFF, 0xFF, 0x00, 0xFF, 0xFF, 0x00,
  0xFF, 0xFF, 0x00, 0xEF, 0x9E, 0x10, 0x29, 0xE8, 0xE7, 0xA4, 0x48, 0xFF, 0xF6, 0x0A, 0xFF, 0xE5, 0xCA, 0xFF,
  0xE5, 0xCA, 0xFF, 0xE5, 0xCA, 0xFF, 0xE5, 0xCA, 0xFF, 0xE5, 0xCA, 0xFF, 0xE5, 0xCA, 0xFF, 0xED, 0xEA, 0xFF,
  0xED, 0xEA, 0xFF, 0xE5, 0xCA, 0xFF, 0xED, 0xEA, 0xFF, 0xE5, 0xCA, 0xFF, 0xE5, 0xCA, 0xFF, 0xE5, 0xCA, 0xFF,
  0xE5, 0xCA, 0xFF, 0xE5, 0xCA, 0xFF, 0xE5, 0xCA, 0xFF, 0xED, 0xEA, 0xFF, 0xE5, 0xCA, 0xFF, 0xE5, 0xCA, 0xFF,
  0xED, 0xCA, 0xFF, 0xE5, 0xCA, 0xFF, 0xE5, 0xCA, 0xFF, 0xE5, 0xCA, 0xFF, 0xE5, 0xCA, 0xFF, 0xE5, 0xCA, 0xFF,
  0xE5, 0xCA, 0xFF, 0xF6, 0x0A, 0xFF, 0x8B, 0xA8, 0xFF, 0x3A, 0x4A, 0xD5, 0xFF, 0xDF, 0x04, 0xFF, 0xFF, 0x00,
  0xFF, 0xFF, 0x00, 0xFF, 0xFF, 0x00, 0xFF, 0xFF, 0x00, 0xFF, 0xFF, 0x00, 0xFF, 0xFF, 0x00, 0xFF, 0xFF, 0x00,
  0xFF, 0xFF, 0x00, 0xFF, 0xFF, 0x00, 0xFF, 0xFF, 0x00, 0xFF, 0xFF, 0x00, 0xFF, 0xFF, 0x00, 0xFF, 0xFF, 0x00,
  0xFF, 0xFF, 0x00, 0xFF, 0xFF, 0x00, 0xFF, 0xFF, 0x00, 0xFF, 0xFF, 0x00, 0xFF, 0xFF, 0x00, 0xFF, 0xFF, 0x00,
  0xFF, 0xFF, 0x00, 0xFF, 0xFF, 0x00, 0xFF, 0xFF, 0x00, 0xFF, 0xFF, 0x00, 0xFF, 0xFF, 0x00, 0xFF, 0xFF, 0x00,
  0xFF, 0xFF, 0x00, 0xAD, 0x96, 0x5A, 0x31, 0xC6, 0xFF, 0xE5, 0xAA, 0xFF, 0xED, 0xCA, 0xFF, 0xE5, 0xCA, 0xFF,
  0xE5, 0xCA, 0xFF, 0xE5, 0xCA, 0xFF, 0xE5, 0xCA, 0xFF, 0xE5, 0xCA, 0xFF, 0xED, 0xEA, 0xFF, 0xDD, 0x8A, 0xFF,
  0x39, 0x82, 0xFF, 0x52, 0x45, 0xFF, 0xDD, 0x8A, 0xFF, 0xED, 0xEA, 0xFF, 0xE5, 0xCA, 0xFF, 0xE5, 0xCA, 0xFF,
  0xE5, 0xCA, 0xFF, 0xE5, 0xCA, 0xFF, 0xED, 0xEA, 0xFF, 0xD5, 0x69, 0xFF, 0x31, 0x42, 0xFF, 0x5A, 0x65, 0xFF,
  0xE5, 0xAA, 0xFF, 0xED, 0xCA, 0xFF, 0xE5, 0xCA, 0xFF, 0xE5, 0xCA, 0xFF, 0xE5, 0xCA, 0xFF, 0xE5, 0xCA, 0xFF,
  0xE5, 0xCA, 0xFF, 0xED, 0xEA, 0xFF, 0xD5, 0x6A, 0xFF, 0x29, 0xA6, 0xFF, 0xBE, 0x18, 0x47, 0xFF, 0xFF, 0x00,
  0xFF, 0xFF, 0x00, 0xFF, 0xFF, 0x00, 0xFF, 0xFF, 0x00, 0xFF, 0xFF, 0x00, 0xFF, 0xFF, 0x00, 0xFF, 0xFF, 0x00,
  0xFF, 0xFF, 0x00, 0xFF, 0xFF, 0x00, 0xFF, 0xFF, 0x00, 0xFF, 0xFF, 0x00, 0xFF, 0xFF, 0x00, 0xFF, 0xFF, 0x00,
  0xFF, 0xFF, 0x00, 0xFF, 0xFF, 0x00, 0xFF, 0xFF, 0x00, 0xFF, 0xFF, 0x00, 0xFF, 0xFF, 0x00, 0xFF, 0xFF, 0x00,
  0xFF, 0xFF, 0x00, 0xFF, 0xFF, 0x00, 0xFF, 0xFF, 0x00, 0xFF, 0xFF, 0x00, 0xFF, 0xFF, 0x00, 0xFF, 0xFF, 0x00,
  0xFF, 0xFF, 0x00, 0x5B, 0x6E, 0xAA, 0x6B, 0x07, 0xFF, 0xF6, 0x0A, 0xFF, 0xE5, 0xCA, 0xFF, 0xE5, 0xCA, 0xFF,
  0xE5, 0xCA, 0xFF, 0xE5, 0xCA, 0xFF, 0xE5, 0xCA, 0xFF, 0xE5, 0xCA, 0xFF, 0xED, 0xEA, 0xFF, 0xCD, 0x29, 0xFF,
  0x00, 0x00, 0xFF, 0x19, 0x03, 0xFF, 0xD5, 0x49, 0xFF, 0xED, 0xEA, 0xFF, 0xE5, 0xCA, 0xFF, 0xE5, 0xCA, 0xFF,
  0xE5, 0xCA, 0xFF, 0xE5, 0xCA, 0xFF, 0xED, 0xEA, 0xFF, 0xCD, 0x29, 0xFF, 0x00, 0x00, 0xFF, 0x18, 0xE3, 0xFF,
  0xD5, 0x49, 0xFF, 0xED, 0xEA, 0xFF, 0xE5, 0xCA, 0xFF, 0xE5, 0xCA, 0xFF, 0xE5, 0xCA, 0xFF, 0xE5, 0xCA, 0xFF,
  0xE5, 0xCA, 0xFF, 0xE5, 0xCA, 0xFF, 0xF6, 0x0A, 0xFF, 0x5A, 0xC6, 0xFF, 0x6B, 0xD0, 0x9A, 0xFF, 0xFF, 0x00,
  0xFF, 0xFF, 0x00, 0xFF, 0xFF, 0x00, 0xFF, 0xFF, 0x00, 0xFF, 0xFF, 0x00, 0xFF, 0xFF, 0x00, 0xFF, 0xFF, 0x00,
  0xFF, 0xFF, 0x00, 0xFF, 0xFF, 0x00, 0xFF, 0xFF, 0x00, 0xFF, 0xFF, 0x00, 0xFF, 0xFF, 0x00, 0xFF, 0xFF, 0x00,
  0xFF, 0xFF, 0x00, 0xFF, 0xFF, 0x00, 0xFF, 0xFF, 0x00, 0xFF, 0xFF, 0x00, 0xFF, 0xFF, 0x00, 0xFF, 0xFF, 0x00,
  0xFF, 0xFF, 0x00, 0xFF, 0xFF, 0x00, 0xFF, 0xFF, 0x00, 0xFF, 0xFF, 0x00, 0xFF, 0xFF, 0x00, 0xFF, 0xFF, 0x00,
  0xF7, 0xBE, 0x0A, 0x32, 0x29, 0xE1, 0xA4, 0x68, 0xFF, 0xEE, 0x0A, 0xFF, 0xE5, 0xCA, 0xFF, 0xE5, 0xCA, 0xFF,
  0xE5, 0xCA, 0xFF, 0xE5, 0xCA, 0xFF, 0xE5, 0xCA, 0xFF, 0xE5, 0xCA, 0xFF, 0xE5, 0xCA, 0xFF, 0xED, 0xEA, 0xFF,
  0xBC, 0xA8, 0xFF, 0xB4, 0x88, 0xFF, 0xED, 0xEA, 0xFF, 0xE5, 0xCA, 0xFF, 0xE5, 0xCA, 0xFF, 0xE5, 0xCA, 0xFF,
  0xE5, 0xCA, 0xFF, 0xE5, 0xCA, 0xFF, 0xE5, 0xCA, 0xFF, 0xED, 0xEA, 0xFF, 0xBC, 0xA8, 0xFF, 0xAC, 0x67, 0xFF,
  0xED, 0xCA, 0xFF, 0xE5, 0xCA, 0xFF, 0xE5, 0xCA, 0xFF, 0xE5, 0xCA, 0xFF, 0xE5, 0xCA, 0xFF, 0xE5, 0xCA, 0xFF,
  0xE5, 0xCA, 0xFF, 0xE5, 0xCA, 0xFF, 0xF6, 0x0A, 0xFF, 0x9C, 0x28, 0xFF, 0x3A, 0x4A, 0xD8, 0xFF, 0xDF, 0x05,
  0xFF, 0xFF, 0x00, 0xFF, 0xFF, 0x00, 0xFF, 0xFF, 0x00, 0xFF, 0xFF, 0x00, 0xFF, 0xFF, 0x00, 0xFF, 0xFF, 0x00,
  0xFF, 0xFF, 0x00, 0xFF, 0xFF, 0x00, 0xFF, 0xFF, 0x00, 0xFF, 0xFF, 0x00, 0xFF, 0xFF, 0x00, 0xFF, 0xFF, 0x00,
  0xFF, 0xFF, 0x00, 0xFF, 0xFF, 0x00, 0xFF, 0xFF, 0x00, 0xFF, 0xFF, 0x00, 0xFF, 0xFF, 0x00, 0xFF, 0xFF, 0x00,
  0xFF, 0xFF, 0x00, 0xFF, 0xFF, 0x00, 0xFF, 0xFF, 0x00, 0xFF, 0xFF, 0x00, 0xFF, 0xFF, 0x00, 0xFF, 0xFF, 0x00,
  0xD6, 0xDB, 0x2A, 0x29, 0xC7, 0xFC, 0xCD, 0x4A, 0xFF, 0xED, 0xEA, 0xFF, 0xE5, 0xCA, 0xFF, 0xE5, 0xCA, 0xFF,
  0xE5, 0xCA, 0xFF, 0xE5, 0xCA, 0xFF, 0xE5, 0xCA, 0xFF, 0xE5, 0xCB, 0xFF, 0xE5, 0xCB, 0xFF, 0xE5, 0xCA, 0xFF,
  0xEE, 0x0B, 0xFF, 0xED, 0xEA, 0xFF, 0xE5, 0xCA, 0xFF, 0xE5, 0xCA, 0xFF, 0xE5, 0xCA, 0xFF, 0xE5, 0xCA, 0xFF,
  0xE5, 0xCA, 0xFF, 0xE5, 0xCA, 0xFF, 0xE5, 0xCA, 0xFF, 0xE5, 0xCA, 0xFF, 0xEE, 0x0A, 0xFF, 0xEE, 0x0B, 0xFF,
  0xE5, 0xCA, 0xFF, 0xE5, 0xCB, 0xFF, 0xE5, 0xCB, 0xFF, 0xE5, 0xCA, 0xFF, 0xE5, 0xCA, 0xFF, 0xE5, 0xCA, 0xFF,
  0xE5, 0xCA, 0xFF, 0xE5, 0xCA, 0xFF, 0xED, 0xEA, 0xFF, 0xCD, 0x29, 0xFF, 0x29, 0xC7, 0xF9, 0xDE, 0xFC, 0x25,
  0xFF, 0xFF, 0x00, 0xFF, 0xFF, 0x00, 0xFF, 0xFF, 0x00, 0xFF, 0xFF, 0x00, 0xFF, 0xFF, 0x00, 0xFF, 0xFF, 0x00,
  0xFF, 0xFF, 0x00, 0xFF, 0xFF, 0x00, 0xFF, 0xFF, 0x00, 0xFF, 0xFF, 0x00, 0xFF, 0xFF, 0x00, 0xFF, 0xFF, 0x00,
  0xFF, 0xFF, 0x00, 0xF7, 0x9E, 0x0A, 0xE7, 0x3C, 0x16, 0xE7, 0x1C, 0x1B, 0xE7, 0x3C, 0x19, 0xEF, 0x7D, 0x10,
  0xEF, 0x7D, 0x0E, 0xFF, 0xFF, 0x02, 0xFF, 0xFF, 0x00, 0xFF, 0xFF, 0x00, 0xFF, 0xFF, 0x00, 0xFF, 0xFF, 0x00,
  0xBD, 0xF8, 0x4A, 0x31, 0xE6, 0xFF, 0xE5, 0xAA, 0xFF, 0xED, 0xCA, 0xFF, 0xE5, 0xCA, 0xFF, 0xE5, 0xCA, 0xFF,
  0xE5, 0xCA, 0xFF, 0xE5, 0xCA, 0xFF, 0xE5, 0x8D, 0xFF, 0xE4, 0xD7, 0xFF, 0xE4, 0xF5, 0xFF, 0xE5, 0xCB, 0xFF,
  0xE5, 0xCA, 0xFF, 0xE5, 0xCA, 0xFF, 0xE5, 0xCA, 0xFF, 0xED, 0xEA, 0xFF, 0xED, 0xEA, 0xFF, 0xE5, 0xCA, 0xFF,
  0xE5, 0xCA, 0xFF, 0xED, 0xEA, 0xFF, 0xED, 0xEA, 0xFF, 0xE5, 0xCA, 0xFF, 0xE5, 0xCA, 0xFF, 0xE5, 0xCA, 0xFF,
  0xE5, 0xCB, 0xFF, 0xE4, 0xF5, 0xFF, 0xE4, 0xD7, 0xFF, 0xE5, 0x8D, 0xFF, 0xE5, 0xCA, 0xFF, 0xE5, 0xCA, 0xFF,
  0xE5, 0xCA, 0xFF, 0xE5, 0xCA, 0xFF, 0xED, 0xEA, 0xFF, 0xDD, 0xAA, 0xFF, 0x31, 0xC6, 0xFF, 0xBE, 0x18, 0x47,
  0xFF, 0xFF, 0x00, 0xFF, 0xFF, 0x00, 0xFF, 0xFF, 0x00, 0xFF, 0xFF, 0x00, 0xFF, 0xFF, 0x00, 0xF7, 0x9E, 0x0D,
  0xE7, 0x3C, 0x18, 0xE7, 0x1C, 0x1B, 0xE7, 0x3C, 0x18, 0xEF, 0x7D, 0x0F, 0xEF, 0x7D, 0x0D, 0xFF, 0xFF, 0x00,
  0x6B, 0x4D, 0x8F, 0x10, 0xA2, 0xE2, 0x08, 0x61, 0xF1, 0x08, 0x41, 0xF6, 0x08, 0x41, 0xF4, 0x10, 0x82, 0xEB,
  0x10, 0x82, 0xE9, 0x31, 0x86, 0xCC, 0xEF, 0x5D, 0x15, 0xFF, 0xFF, 0x00, 0xFF, 0xFF, 0x00, 0xFF, 0xFF, 0x00,
  0xA5, 0x55, 0x61, 0x42, 0x26, 0xFF, 0xED, 0xCA, 0xFF, 0xED, 0xCA, 0xFF, 0xE5, 0xCA, 0xFF, 0xE5, 0xCA, 0xFF,
  0xE5, 0xCA, 0xFF, 0xE5, 0xCA, 0xFF, 0xE5, 0x6F, 0xFF, 0xE4, 0xB8, 0xFF, 0xE4, 0xF6, 0xFF, 0xE5, 0xAB, 0xFF,
  0xE5, 0xCA, 0xFF, 0xE5, 0xCA, 0xFF, 0xED, 0xCA, 0xFF, 0xDD, 0x69, 0xFF, 0xD5, 0x49, 0xFF, 0xF6, 0x2B, 0xFF,
  0xF6, 0x2B, 0xFF, 0xC5, 0x09, 0xFF, 0xD5, 0x49, 0xFF, 0xED, 0xEA, 0xFF, 0xE5, 0xCA, 0xFF, 0xE5, 0xCA, 0xFF,
  0xE5, 0xAC, 0xFF, 0xE4, 0xD7, 0xFF, 0xE4, 0xB8, 0xFF, 0xE5, 0x8E, 0xFF, 0xE5, 0xCA, 0xFF, 0xE5, 0xCA, 0xFF,
  0xE5, 0xCA, 0xFF, 0xE5, 0xCA, 0xFF, 0xED, 0xCA, 0xFF, 0xED, 0xCA, 0xFF, 0x42, 0x06, 0xFF, 0xA5, 0x76, 0x5F,
  0xFF, 0xFF, 0x00, 0xFF, 0xFF, 0x00, 0xFF, 0xFF, 0x00, 0xF7, 0x9E, 0x0C, 0x52, 0x8A, 0xAA, 0x10, 0x82, 0xE6,
  0x08, 0x61, 0xF2, 0x08, 0x41, 0xF6, 0x08, 0x61, 0xF2, 0x10, 0x82, 0xEA, 0x08, 0x61, 0xE8, 0x4A, 0x49, 0xB2,
  0x29, 0x45, 0xD1, 0x00, 0x00, 0xF9, 0x00, 0x20, 0xF8, 0x00, 0x20, 0xF7, 0x08, 0x41, 0xF6, 0x08, 0x41, 0xF6,
  0x00, 0x20, 0xF3, 0x31, 0x86, 0xCA, 0xEF, 0x5D, 0x12, 0xFF, 0xFF, 0x00, 0xFF, 0xFF, 0x00, 0xFF, 0xFF, 0x00,
  0x9D, 0x14, 0x6C, 0x4A, 0x46, 0xFF, 0xED, 0xEA, 0xFF, 0xED, 0xCA, 0xFF, 0xE5, 0xCA, 0xFF, 0xE5, 0xCA, 0xFF,
  0xE5, 0xCA, 0xFF, 0xE5, 0xCA, 0xFF, 0xE5, 0xCA, 0xFF, 0xE5, 0xAD, 0xFF, 0xE5, 0xAB, 0xFF, 0xE5, 0xCA, 0xFF,
  0xE5, 0xCA, 0xFF, 0xE5, 0xCA, 0xFF, 0xF6, 0x0B, 0xFF, 0x93, 0xA6, 0xFF, 0x08, 0x40, 0xFF, 0x83, 0x25, 0xFF,
  0x7B, 0x05, 0xFF, 0x00, 0x00, 0xFF, 0x9B, 0xE7, 0xFF, 0xF6, 0x0B, 0xFF, 0xE5, 0xCA, 0xFF, 0xE5, 0xCA, 0xFF,
  0xE5, 0xCA, 0xFF, 0xE5, 0xAC, 0xFF, 0xE5, 0xAC, 0xFF, 0xE5, 0xCA, 0xFF, 0xE5, 0xCA, 0xFF, 0xE5, 0xCA, 0xFF,
  0xE5, 0xCA, 0xFF, 0xE5, 0xCA, 0xFF, 0xED, 0xCA, 0xFF, 0xED, 0xEA, 0xFF, 0x42, 0x26, 0xFF, 0x9D, 0x35, 0x65,
  0xFF, 0xFF, 0x00, 0xFF, 0xFF, 0x00, 0xFF, 0xFF, 0x00, 0xDE, 0xFB, 0x1D, 0x10, 0xA2, 0xE7, 0x00, 0x00, 0xF9,
  0x00, 0x20, 0xF8, 0x00, 0x20, 0xF7, 0x08, 0x41, 0xF6, 0x08, 0x41, 0xF6, 0x00, 0x20, 0xF2, 0x4A, 0x69, 0xAE,
  0xF7, 0xBE, 0x09, 0xDE, 0xFB, 0x1D, 0xDE, 0xFB, 0x1D, 0xDE, 0xFB, 0x1D, 0xE7, 0x1C, 0x1B, 0xE7, 0x3C, 0x1A,
  0xE7, 0x3C, 0x17, 0xFF, 0xDF, 0x03, 0xFF, 0xFF, 0x00, 0xFF, 0xFF, 0x00, 0xFF, 0xFF, 0x00, 0xFF, 0xFF, 0x00,
  0x9D, 0x35, 0x69, 0x42, 0x26, 0xFF, 0xED, 0xEA, 0xFF, 0xED, 0xCA, 0xFF, 0xE5, 0xCA, 0xFF, 0xE5, 0xCA, 0xFF,
  0xE5, 0xCA, 0xFF, 0xE5, 0xCA, 0xFF, 0xE5, 0xCA, 0xFF, 0xE5, 0xCA, 0xFF, 0xE5, 0xCA, 0xFF, 0xE5, 0xCA, 0xFF,
  0xE5, 0xCA, 0xFF, 0xE5, 0xCA, 0xFF, 0xED, 0xCA, 0xFF, 0xE5, 0xAA, 0xFF, 0x7B, 0x05, 0xFF, 0x20, 0xE1, 0xFF,
  0x20, 0xE1, 0xFF, 0x83, 0x46, 0xFF, 0xE5, 0xCA, 0xFF, 0xED, 0xCA, 0xFF, 0xE5, 0xCA, 0xFF, 0xE5, 0xCA, 0xFF,
  0xE5, 0xCA, 0xFF, 0xE5, 0xCA, 0xFF, 0xE5, 0xCA, 0xFF, 0xE5, 0xCA, 0xFF, 0xE5, 0xCA, 0xFF, 0xE5, 0xCA, 0xFF,
  0xE5, 0xCA, 0xFF, 0xE5, 0xCA, 0xFF, 0xED, 0xCA, 0xFF, 0xE5, 0xCA, 0xFF, 0x3A, 0x06, 0xFF, 0xAD, 0xB7, 0x56,
  0xFF, 0xFF, 0x00, 0xFF, 0xFF, 0x00, 0xFF, 0xFF, 0x00, 0xFF, 0xFF, 0x00, 0xEF, 0x7D, 0x0F, 0xDE, 0xFB, 0x1D,
  0xDE, 0xFB, 0x1D, 0xDE, 0xFB, 0x1D, 0xE7, 0x1C, 0x1B, 0xE7, 0x3C, 0x19, 0xEF, 0x5D, 0x15, 0xFF, 0xFF, 0x00,
  0xFF, 0xFF, 0x00, 0xFF, 0xFF, 0x00, 0xFF, 0xFF, 0x00, 0xFF, 0xFF, 0x00, 0xFF, 0xFF, 0x00, 0xFF, 0xFF, 0x00,
  0xFF, 0xFF, 0x00, 0xFF, 0xFF, 0x00, 0xFF, 0xFF, 0x00, 0xFF, 0xFF, 0x00, 0xFF, 0xFF, 0x00, 0xFF, 0xFF, 0x00,
  0xAD, 0x96, 0x57, 0x39, 0xE6, 0xFF, 0xE5, 0xCA, 0xFF, 0xED, 0xCA, 0xFF, 0xE5, 0xCA, 0xFF, 0xE5, 0xCA, 0xFF,
  0xE5, 0xCA, 0xFF, 0xE5, 0xCA, 0xFF, 0xE5, 0xCA, 0xFF, 0xE5, 0xCA, 0xFF, 0xE5, 0xCA, 0xFF, 0xE5, 0xCA, 0xFF,
  0xE5, 0xCA, 0xFF, 0xE5, 0xCA, 0xFF, 0xE5, 0xCA, 0xFF, 0xED, 0xCA, 0xFF, 0xF6, 0x0B, 0xFF, 0xED, 0xCA, 0xFF,
  0xED, 0xEA, 0xFF, 0xF6, 0x0B, 0xFF, 0xED, 0xCA, 0xFF, 0xE5, 0xCA, 0xFF, 0xE5, 0xCA, 0xFF, 0xE5, 0xCA, 0xFF,
  0xE5, 0xCA, 0xFF, 0xE5, 0xCA, 0xFF, 0xE5, 0xCA, 0xFF, 0xE5, 0xCA, 0xFF, 0xE5, 0xCA, 0xFF, 0xE5, 0xCA, 0xFF,
  0xE5, 0xCA, 0xFF, 0xE5, 0xCA, 0xFF, 0xED, 0xEA, 0xFF, 0xD5, 0x6A, 0xFF, 0x29, 0xC6, 0xFF, 0xCE, 0x7A, 0x36,
  0xFF, 0xFF, 0x00, 0xFF, 0xFF, 0x00, 0xFF, 0xFF, 0x00, 0xFF, 0xFF, 0x00, 0xFF, 0xFF, 0x00, 0xFF, 0xFF, 0x00,
  0xFF, 0xFF, 0x00, 0xFF, 0xFF, 0x00, 0xFF, 0xFF, 0x00, 0xFF, 0xFF, 0x00, 0xFF, 0xFF, 0x00, 0xFF, 0xFF, 0x00,
  0xFF, 0xFF, 0x00, 0xFF, 0xFF, 0x00, 0xFF, 0xFF, 0x00, 0xFF, 0xFF, 0x00, 0xFF, 0xFF, 0x00, 0xFF, 0xFF, 0x00,
  0xFF, 0xFF, 0x00, 0xFF, 0xFF, 0x00, 0xFF, 0xFF, 0x00, 0xFF, 0xFF, 0x00, 0xFF, 0xFF, 0x00, 0xFF, 0xFF, 0x00,
  0xCE, 0x7A, 0x38, 0x29, 0xA6, 0xFF, 0xD5, 0x6A, 0xFF, 0xED, 0xEA, 0xFF, 0xE5, 0xCA, 0xFF, 0xE5, 0xCA, 0xFF,
  0xE5, 0xCA, 0xFF, 0xE5, 0xCA, 0xFF, 0xE5, 0xCA, 0xFF, 0xE5, 0xCA, 0xFF, 0xE5, 0xCA, 0xFF, 0xE5, 0xCA, 0xFF,
  0xE5, 0xCA, 0xFF, 0xE5, 0xCA, 0xFF, 0xE5, 0xCA, 0xFF, 0xE5, 0xCA, 0xFF, 0xE5, 0xCA, 0xFF, 0xED, 0xCA, 0xFF,
  0xED, 0xCA, 0xFF, 0xE5, 0xCA, 0xFF, 0xE5, 0xCA, 0xFF, 0xE5, 0xCA, 0xFF, 0xE5, 0xCA, 0xFF, 0xE5, 0xCA, 0xFF,
  0xE5, 0xCA, 0xFF, 0xE5, 0xCA, 0xFF, 0xE5, 0xCA, 0xFF, 0xE5, 0xCA, 0xFF, 0xE5, 0xCA, 0xFF, 0xE5, 0xCA, 0xFF,
  0xE5, 0xCA, 0xFF, 0xE5, 0xCA, 0xFF, 0xED, 0xEA, 0xFF, 0xB4, 0x89, 0xFF, 0x31, 0xE8, 0xE8, 0xEF, 0x9E, 0x10,
  0xFF, 0xFF, 0x00, 0xFF, 0xFF, 0x00, 0xFF, 0xFF, 0x00, 0xFF, 0xFF, 0x00, 0xFF, 0xFF, 0x00, 0xFF, 0xFF, 0x00,
  0xFF, 0xFF, 0x00, 0xFF, 0xFF, 0x00, 0xFF, 0xFF, 0x00, 0xFF, 0xFF, 0x00, 0xFF, 0xFF, 0x00, 0xFF, 0xFF, 0x00,
  0xFF, 0xFF, 0x00, 0xFF, 0xFF, 0x00, 0xFF, 0xFF, 0x00, 0xFF, 0xFF, 0x00, 0xFF, 0xFF, 0x00, 0xFF, 0xFF, 0x00,
  0xFF, 0xFF, 0x00, 0xFF, 0xFF, 0x00, 0xFF, 0xFF, 0x00, 0xFF, 0xFF, 0x00, 0xFF, 0xFF, 0x00, 0xFF, 0xFF, 0x00,
  0xEF, 0x7D, 0x14, 0x29, 0xE8, 0xEC, 0xB4, 0xA9, 0xFF, 0xED, 0xEA, 0xFF, 0xE5, 0xCA, 0xFF, 0xE5, 0xCA, 0xFF,
  0xE5, 0xCA, 0xFF, 0xE5, 0xCA, 0xFF, 0xE5, 0xCA, 0xFF, 0xE5, 0xCA, 0xFF, 0xE5, 0xCA, 0xFF, 0xE5, 0xCA, 0xFF,
  0xE5, 0xCA, 0xFF, 0xE5, 0xCA, 0xFF, 0xE5, 0xCA, 0xFF, 0xE5, 0xCA, 0xFF, 0xE5, 0xCA, 0xFF, 0xE5, 0xCA, 0xFF,
  0xE5, 0xCA, 0xFF, 0xE5, 0xCA, 0xFF, 0xE5, 0xCA, 0xFF, 0xE5, 0xCA, 0xFF, 0xE5, 0xCA, 0xFF, 0xE5, 0xCA, 0xFF,
  0xE5, 0xCA, 0xFF, 0xE5, 0xCA, 0xFF, 0xE5, 0xCA, 0xFF, 0xE5, 0xCA, 0xFF, 0xE5, 0xCA, 0xFF, 0xE5, 0xCA, 0xFF,
  0xE5, 0xCA, 0xFF, 0xE5, 0xCA, 0xFF, 0xF6, 0x0A, 0xFF, 0x6B, 0x07, 0xFF, 0x5B, 0x4E, 0xAC, 0xFF, 0xFF, 0x00,
  0xFF, 0xFF, 0x00, 0xFF, 0xFF, 0x00, 0xFF, 0xFF, 0x00, 0xFF, 0xFF, 0x00, 0xFF, 0xFF, 0x00, 0xFF, 0xFF, 0x00,
  0xFF, 0xFF, 0x00, 0xFF, 0xFF, 0x00, 0xFF, 0xFF, 0x00, 0xFF, 0xFF, 0x00, 0xFF, 0xFF, 0x00, 0xFF, 0xFF, 0x00,
  0xFF, 0xFF, 0x00, 0xFF, 0xFF, 0x00, 0xFF, 0xFF, 0x00, 0xFF, 0xFF, 0x00, 0xFF, 0xFF, 0x00, 0xFF, 0xFF, 0x00,
  0xFF, 0xFF, 0x00, 0xFF, 0xFF, 0x00, 0xFF, 0xFF, 0x00, 0xFF, 0xFF, 0x00, 0xFF, 0xFF, 0x00, 0xFF, 0xFF, 0x00,
  0xFF, 0xFF, 0x00, 0x53, 0x0D, 0xB6, 0x73, 0x27, 0xFF, 0xF6, 0x0A, 0xFF, 0xE5, 0xCA, 0xFF, 0xE5, 0xCA, 0xFF,
  0xE5, 0xCA, 0xFF, 0xE5, 0xCA, 0xFF, 0xE5, 0xCA, 0xFF, 0xE5, 0xCA, 0xFF, 0xE5, 0xCA, 0xFF, 0xE5, 0xCA, 0xFF,
  0xE5, 0xCA, 0xFF, 0xE5, 0xCA, 0xFF, 0xE5, 0xCA, 0xFF, 0xE5, 0xCA, 0xFF, 0xE5, 0xCA, 0xFF, 0xE5, 0xCA, 0xFF,
  0xE5, 0xCA, 0xFF, 0xE5, 0xCA, 0xFF, 0xE5, 0xCA, 0xFF, 0xE5, 0xCA, 0xFF, 0xE5, 0xCA, 0xFF, 0xE5, 0xCA, 0xFF,
  0xE5, 0xCA, 0xFF, 0xE5, 0xCA, 0xFF, 0xE5, 0xCA, 0xFF, 0xE5, 0xCA, 0xFF, 0xE5, 0xCA, 0xFF, 0xE5, 0xCA, 0xFF,
  0xE5, 0xCA, 0xFF, 0xED, 0xEA, 0xFF, 0xDD, 0x8A, 0xFF, 0x29, 0xA6, 0xFF, 0xB5, 0xD7, 0x4F, 0xFF, 0xFF, 0x00,
  0xFF, 0xFF, 0x00, 0xFF, 0xFF, 0x00, 0xFF, 0xFF, 0x00, 0xFF, 0xFF, 0x00, 0xFF, 0xFF, 0x00, 0xFF, 0xFF, 0x00,
  0xFF, 0xFF, 0x00, 0xFF, 0xFF, 0x00, 0xFF, 0xFF, 0x00, 0xFF, 0xFF, 0x00, 0xFF, 0xFF, 0x00, 0xFF, 0xFF, 0x00,
  0xFF, 0xFF, 0x00, 0xFF, 0xFF, 0x00, 0xFF, 0xFF, 0x00, 0xFF, 0xFF, 0x00, 0xFF, 0xFF, 0x00, 0xFF, 0xFF, 0x00,
  0xFF, 0xFF, 0x00, 0xFF, 0xFF, 0x00, 0xFF, 0xFF, 0x00, 0xFF, 0xFF, 0x00, 0xFF, 0xFF, 0x00, 0xFF, 0xFF, 0x00,
  0xFF, 0xFF, 0x00, 0xAD, 0x76, 0x5C, 0x29, 0xA5, 0xFF, 0xDD, 0x8A, 0xFF, 0xED, 0xEA, 0xFF, 0xE5, 0xCA, 0xFF,
  0xE5, 0xCA, 0xFF, 0xE5, 0xCA, 0xFF, 0xE5, 0xCA, 0xFF, 0xE5, 0xCA, 0xFF, 0xE5, 0xCA, 0xFF, 0xE5, 0xCA, 0xFF,
  0xE5, 0xCA, 0xFF, 0xE5, 0xCA, 0xFF, 0xE5, 0xCA, 0xFF, 0xE5, 0xCA, 0xFF, 0xE5, 0xCA, 0xFF, 0xE5, 0xCA, 0xFF,
  0xE5, 0xCA, 0xFF, 0xE5, 0xCA, 0xFF, 0xE5, 0xCA, 0xFF, 0xE5, 0xCA, 0xFF, 0xE5, 0xCA, 0xFF, 0xE5, 0xCA, 0xFF,
  0xE5, 0xCA, 0xFF, 0xE5, 0xCA, 0xFF, 0xE5, 0xCA, 0xFF, 0xE5, 0xCA, 0xFF, 0xE5, 0xCA, 0xFF, 0xE5, 0xCA, 0xFF,
  0xE5, 0xCA, 0xFF, 0xF6, 0x0A, 0xFF, 0x7B, 0x87, 0xFF, 0x3A, 0x6A, 0xD1, 0xFF, 0xFF, 0x03, 0xFF, 0xFF, 0x00,
  0xFF, 0xFF, 0x00, 0xFF, 0xFF, 0x00, 0xFF, 0xFF, 0x00, 0xFF, 0xFF, 0x00, 0xFF, 0xFF, 0x00, 0xFF, 0xFF, 0x00,
  0xFF, 0xFF, 0x00, 0xFF, 0xFF, 0x00, 0xFF, 0xFF, 0x00, 0xFF, 0xFF, 0x00, 0xFF, 0xFF, 0x00, 0xFF, 0xFF, 0x00,
  0xFF, 0xFF, 0x00, 0xFF, 0xFF, 0x00, 0xFF, 0xFF, 0x00, 0xFF, 0xFF, 0x00, 0xFF, 0xFF, 0x00, 0xFF, 0xFF, 0x00,
  0xFF, 0xFF, 0x00, 0xFF, 0xFF, 0x00, 0xFF, 0xFF, 0x00, 0xFF, 0xFF, 0x00, 0xFF, 0xFF, 0x00, 0xFF, 0xFF, 0x00,
  0xFF, 0xFF, 0x00, 0xF7, 0xBE, 0x08, 0x32, 0x29, 0xDA, 0x83, 0x88, 0xFF, 0xF6, 0x0A, 0xFF, 0xE5, 0xCA, 0xFF,
  0xE5, 0xCA, 0xFF, 0xE5, 0xCA, 0xFF, 0xE5, 0xCA, 0xFF, 0xE5, 0xCA, 0xFF, 0xE5, 0xCA, 0xFF, 0xE5, 0xCA, 0xFF,
  0xE5, 0xCA, 0xFF, 0xE5, 0xCA, 0xFF, 0xE5, 0xCA, 0xFF, 0xE5, 0xCA, 0xFF, 0xE5, 0xCA, 0xFF, 0xE5, 0xCA, 0xFF,
  0xE5, 0xCA, 0xFF, 0xE5, 0xCA, 0xFF, 0xE5, 0xCA, 0xFF, 0xE5, 0xCA, 0xFF, 0xE5, 0xCA, 0xFF, 0xE5, 0xCA, 0xFF,
  0xE5, 0xCA, 0xFF, 0xE5, 0xCA, 0xFF, 0xE5, 0xCA, 0xFF, 0xE5, 0xCA, 0xFF, 0xE5, 0xCA, 0xFF, 0xE5, 0xCA, 0xFF,
  0xED, 0xEA, 0xFF, 0xCD, 0x2A, 0xFF, 0x21, 0x85, 0xFF, 0xB5, 0xB7, 0x52, 0xFF, 0xFF, 0x00, 0xFF, 0xFF, 0x00,
  0xFF, 0xFF, 0x00, 0xFF, 0xFF, 0x00, 0xFF, 0xFF, 0x00, 0xFF, 0xFF, 0x00, 0xFF, 0xFF, 0x00, 0xFF, 0xFF, 0x00,
  0xFF, 0xFF, 0x00, 0xFF, 0xFF, 0x00, 0xFF, 0xFF, 0x00, 0xFF, 0xFF, 0x00, 0xFF, 0xFF, 0x00, 0xFF, 0xFF, 0x00,
  0xFF, 0xFF, 0x00, 0xFF, 0xFF, 0x00, 0xFF, 0xFF, 0x00, 0xFF, 0xFF, 0x00, 0xFF, 0xFF, 0x00, 0xFF, 0xFF, 0x00,
  0xFF, 0xFF, 0x00, 0xFF, 0xFF, 0x00, 0xFF, 0xFF, 0x00, 0xFF, 0xFF, 0x00, 0xFF, 0xFF, 0x00, 0xFF, 0xFF, 0x00,
  0xFF, 0xFF, 0x00, 0xFF, 0xFF, 0x00, 0xAD, 0xB6, 0x56, 0x21, 0x65, 0xFF, 0xC5, 0x09, 0xFF, 0xEE, 0x0A, 0xFF,
  0xE5, 0xCA, 0xFF, 0xE5, 0xCA, 0xFF, 0xE5, 0xCA, 0xFF, 0xE5, 0xCA, 0xFF, 0xE5, 0xCA, 0xFF, 0xE5, 0xCA, 0xFF,
  0xE5, 0xCA, 0xFF, 0xE5, 0xCA, 0xFF, 0xE5, 0xCA, 0xFF, 0xE5, 0xCA, 0xFF, 0xE5, 0xCA, 0xFF, 0xE5, 0xCA, 0xFF,
  0xE5, 0xCA, 0xFF, 0xE5, 0xCA, 0xFF, 0xE5, 0xCA, 0xFF, 0xE5, 0xCA, 0xFF, 0xE5, 0xCA, 0xFF, 0xE5, 0xCA, 0xFF,
  0xE5, 0xCA, 0xFF, 0xE5, 0xCA, 0xFF, 0xE5, 0xCA, 0xFF, 0xE5, 0xCA, 0xFF, 0xE5, 0xCA, 0xFF, 0xED, 0xCA, 0xFF,
  0xED, 0xEA, 0xFF, 0x4A, 0x66, 0xFF, 0x5B, 0x4E, 0xAF, 0xFF, 0xFF, 0x00, 0xFF, 0xFF, 0x00, 0xFF, 0xFF, 0x00,
  0xFF, 0xFF, 0x00, 0xFF, 0xFF, 0x00, 0xFF, 0xFF, 0x00, 0xFF, 0xFF, 0x00, 0xFF, 0xFF, 0x00, 0xFF, 0xFF, 0x00,
  0xFF, 0xFF, 0x00, 0xFF, 0xFF, 0x00, 0xFF, 0xFF, 0x00, 0xFF, 0xFF, 0x00, 0xFF, 0xFF, 0x00, 0xFF, 0xFF, 0x00,
  0xFF, 0xFF, 0x00, 0xFF, 0xFF, 0x00, 0xFF, 0xFF, 0x00, 0xFF, 0xFF, 0x00, 0xFF, 0xFF, 0x00, 0xFF, 0xFF, 0x00,
  0xFF, 0xFF, 0x00, 0xFF, 0xFF, 0x00, 0xFF, 0xFF, 0x00, 0xFF, 0xFF, 0x00, 0xFF, 0xFF, 0x00, 0xFF, 0xFF, 0x00,
  0xFF, 0xFF, 0x00, 0xFF, 0xFF, 0x00, 0xFF, 0xFF, 0x00, 0x6B, 0xAF, 0xA1, 0x39, 0xE5, 0xFF, 0xDD, 0x8A, 0xFF,
  0xED, 0xEA, 0xFF, 0xE5, 0xCA, 0xFF, 0xE5, 0xCA, 0xFF, 0xE5, 0xCA, 0xFF, 0xE5, 0xCA, 0xFF, 0xE5, 0xCA, 0xFF,
  0xE5, 0xCA, 0xFF, 0xE5, 0xCA, 0xFF, 0xE5, 0xCA, 0xFF, 0xE5, 0xCA, 0xFF, 0xE5, 0xCA, 0xFF, 0xE5, 0xCA, 0xFF,
  0xE5, 0xCA, 0xFF, 0xE5, 0xCA, 0xFF, 0xE5, 0xCA, 0xFF, 0xE5, 0xCA, 0xFF, 0xE5, 0xCA, 0xFF, 0xE5, 0xCA, 0xFF,
  0xE5, 0xCA, 0xFF, 0xE5, 0xCA, 0xFF, 0xE5, 0xCA, 0xFF, 0xE5, 0xCA, 0xFF, 0xED, 0xCA, 0xFF, 0xF6, 0x0A, 0xFF,
  0x7B, 0x67, 0xFF, 0x29, 0xE8, 0xE2, 0xEF, 0x5D, 0x18, 0xFF, 0xFF, 0x00, 0xFF, 0xFF, 0x00, 0xFF, 0xFF, 0x00,
  0xFF, 0xFF, 0x00, 0xFF, 0xFF, 0x00, 0xFF, 0xFF, 0x00, 0xFF, 0xFF, 0x00, 0xFF, 0xFF, 0x00, 0xFF, 0xFF, 0x00,
  0xFF, 0xFF, 0x00, 0xFF, 0xFF, 0x00, 0xFF, 0xFF, 0x00, 0xFF, 0xFF, 0x00, 0xFF, 0xFF, 0x00, 0xFF, 0xFF, 0x00,
  0xFF, 0xFF, 0x00, 0xFF, 0xFF, 0x00, 0xFF, 0xFF, 0x00, 0xFF, 0xFF, 0x00, 0xFF, 0xFF, 0x00, 0xFF, 0xFF, 0x00,
  0xFF, 0xFF, 0x00, 0xFF, 0xFF, 0x00, 0xFF, 0xFF, 0x00, 0xFF, 0xFF, 0x00, 0xFF, 0xFF, 0x00, 0xFF, 0xFF, 0x00,
  0xFF, 0xFF, 0x00, 0xFF, 0xFF, 0x00, 0xFF, 0xFF, 0x00, 0xF7, 0xBE, 0x08, 0x4A, 0xCC, 0xC3, 0x42, 0x26, 0xFF,
  0xDD, 0x8A, 0xFF, 0xED, 0xEA, 0xFF, 0xE5, 0xCA, 0xFF, 0xE5, 0xCA, 0xFF, 0xE5, 0xCA, 0xFF, 0xE5, 0xCA, 0xFF,
  0xE5, 0xCA, 0xFF, 0xE5, 0xCA, 0xFF, 0xE5, 0xCA, 0xFF, 0xE5, 0xCA, 0xFF, 0xE5, 0xCA, 0xFF, 0xE5, 0xCA, 0xFF,
  0xE5, 0xCA, 0xFF, 0xE5, 0xCA, 0xFF, 0xE5, 0xCA, 0xFF, 0xE5, 0xCA, 0xFF, 0xE5, 0xCA, 0xFF, 0xE5, 0xCA, 0xFF,
  0xE5, 0xCA, 0xFF, 0xE5, 0xCA, 0xFF, 0xE5, 0xCA, 0xFF, 0xED, 0xCA, 0xFF, 0xF6, 0x0A, 0xFF, 0x93, 0xE8, 0xFF,
  0x21, 0x86, 0xF5, 0xC6, 0x59, 0x3C, 0xFF, 0xFF, 0x00, 0xFF, 0xFF, 0x00, 0xFF, 0xFF, 0x00, 0xFF, 0xFF, 0x00,
  0xFF, 0xFF, 0x00, 0xFF, 0xFF, 0x00, 0xFF, 0xFF, 0x00, 0xFF, 0xFF, 0x00, 0xFF, 0xFF, 0x00, 0xFF, 0xFF, 0x00,
  0xFF, 0xFF, 0x00, 0xFF, 0xFF, 0x00, 0xFF, 0xFF, 0x00, 0xFF, 0xFF, 0x00, 0xFF, 0xFF, 0x00, 0xFF, 0xFF, 0x00,
  0xFF, 0xFF, 0x00, 0xFF, 0xFF, 0x00, 0xFF, 0xFF, 0x00, 0xFF, 0xFF, 0x00, 0xFF, 0xFF, 0x00, 0xFF, 0xFF, 0x00,
  0xFF, 0xFF, 0x00, 0xFF, 0xFF, 0x00, 0xFF, 0xFF, 0x00, 0xFF, 0xFF, 0x00, 0xFF, 0xFF, 0x00, 0xFF, 0xFF, 0x00,
  0xFF, 0xFF, 0x00, 0xFF, 0xFF, 0x00, 0xFF, 0xFF, 0x00, 0xFF, 0xFF, 0x00, 0xF7, 0x9E, 0x10, 0x4A, 0xCC, 0xC2,
  0x39, 0xE6, 0xFF, 0xCD, 0x2A, 0xFF, 0xF6, 0x0A, 0xFF, 0xED, 0xCA, 0xFF, 0xE5, 0xCA, 0xFF, 0xE5, 0xCA, 0xFF,
  0xE5, 0xCA, 0xFF, 0xE5, 0xCA, 0xFF, 0xE5, 0xCA, 0xFF, 0xE5, 0xCA, 0xFF, 0xE5, 0xCA, 0xFF, 0xE5, 0xCA, 0xFF,
  0xE5, 0xCA, 0xFF, 0xE5, 0xCA, 0xFF, 0xE5, 0xCA, 0xFF, 0xE5, 0xCA, 0xFF, 0xE5, 0xCA, 0xFF, 0xE5, 0xCA, 0xFF,
  0xE5, 0xCA, 0xFF, 0xE5, 0xCA, 0xFF, 0xED, 0xEA, 0xFF, 0xF6, 0x0A, 0xFF, 0x8B, 0xC8, 0xFF, 0x19, 0x66, 0xF7,
  0xB5, 0xD7, 0x4F, 0xFF, 0xFF, 0x00, 0xFF, 0xFF, 0x00, 0xFF, 0xFF, 0x00, 0xFF, 0xFF, 0x00, 0xFF, 0xFF, 0x00,
  0xFF, 0xFF, 0x00, 0xFF, 0xFF, 0x00, 0xFF, 0xFF, 0x00, 0xFF, 0xFF, 0x00, 0xFF, 0xFF, 0x00, 0xFF, 0xFF, 0x00,
  0xFF, 0xFF, 0x00, 0xFF, 0xFF, 0x00, 0xFF, 0xFF, 0x00, 0xFF, 0xFF, 0x00, 0xFF, 0xFF, 0x00, 0xFF, 0xFF, 0x00,
  0xFF, 0xFF, 0x00, 0xFF, 0xFF, 0x00, 0xFF, 0xFF, 0x00, 0xFF, 0xFF, 0x00, 0xFF, 0xFF, 0x00, 0xFF, 0xFF, 0x00,
  0xFF, 0xFF, 0x00, 0xFF, 0xFF, 0x00, 0xFF, 0xFF, 0x00, 0xFF, 0xFF, 0x00, 0xFF, 0xFF, 0x00, 0xFF, 0xFF, 0x00,
  0xFF, 0xFF, 0x00, 0xFF, 0xFF, 0x00, 0xFF, 0xFF, 0x00, 0xFF, 0xFF, 0x00, 0xFF, 0xFF, 0x00, 0xF7, 0xBE, 0x08,
  0x63, 0x8F, 0xA2, 0x21, 0x65, 0xFF, 0x93, 0xE8, 0xFF, 0xED, 0xCA, 0xFF, 0xF6, 0x0A, 0xFF, 0xED, 0xCA, 0xFF,
  0xE5, 0xCA, 0xFF, 0xE5, 0xCA, 0xFF, 0xE5, 0xCA, 0xFF, 0xE5, 0xCA, 0xFF, 0xE5, 0xCA, 0xFF, 0xE5, 0xCA, 0xFF,
  0xE5, 0xCA, 0xFF, 0xE5, 0xCA, 0xFF, 0xE5, 0xCA, 0xFF, 0xE5, 0xCA, 0xFF, 0xE5, 0xCA, 0xFF, 0xE5, 0xCA, 0xFF,
  0xED, 0xCA, 0xFF, 0xF6, 0x0A, 0xFF, 0xDD, 0xAA, 0xFF, 0x62, 0xE7, 0xFF, 0x21, 0xA7, 0xEB, 0xBE, 0x18, 0x47,
  0xFF, 0xFF, 0x00, 0xFF, 0xFF, 0x00, 0xFF, 0xFF, 0x00, 0xFF, 0xFF, 0x00, 0xFF, 0xFF, 0x00, 0xFF, 0xFF, 0x00,
  0xFF, 0xFF, 0x00, 0xFF, 0xFF, 0x00, 0xFF, 0xFF, 0x00, 0xFF, 0xFF, 0x00, 0xFF, 0xFF, 0x00, 0xFF, 0xFF, 0x00,
  0xFF, 0xFF, 0x00, 0xFF, 0xFF, 0x00, 0xFF, 0xFF, 0x00, 0xFF, 0xFF, 0x00, 0xFF, 0xFF, 0x00, 0xFF, 0xFF, 0x00,
  0xFF, 0xFF, 0x00, 0xFF, 0xFF, 0x00, 0xFF, 0xFF, 0x00, 0xFF, 0xFF, 0x00, 0xFF, 0xFF, 0x00, 0xFF, 0xFF, 0x00,
  0xFF, 0xFF, 0x00, 0xFF, 0xFF, 0x00, 0xFF, 0xFF, 0x00, 0xFF, 0xFF, 0x00, 0xFF, 0xFF, 0x00, 0xFF, 0xFF, 0x00,
  0xFF, 0xFF, 0x00, 0xFF, 0xFF, 0x00, 0xFF, 0xFF, 0x00, 0xFF, 0xFF, 0x00, 0xFF, 0xFF, 0x00, 0xFF, 0xFF, 0x00,
  0xFF, 0xFF, 0x00, 0xA5, 0x55, 0x61, 0x29, 0xC8, 0xE6, 0x42, 0x26, 0xFF, 0xAC, 0x69, 0xFF, 0xE5, 0xCA, 0xFF,
  0xF6, 0x0A, 0xFF, 0xED, 0xEA, 0xFF, 0xED, 0xEA, 0xFF, 0xE5, 0xCA, 0xFF, 0xE5, 0xCA, 0xFF, 0xE5, 0xCA, 0xFF,
  0xE5, 0xCA, 0xFF, 0xE5, 0xCA, 0xFF, 0xE5, 0xCA, 0xFF, 0xED, 0xCA, 0xFF, 0xED, 0xEA, 0xFF, 0xF6, 0x0A, 0xFF,
  0xE5, 0xCA, 0xFF, 0xA4, 0x48, 0xFF, 0x31, 0xC5, 0xFF, 0x42, 0xAB, 0xC3, 0xDE, 0xFB, 0x27, 0xFF, 0xFF, 0x00,
  0xFF, 0xFF, 0x00, 0xFF, 0xFF, 0x00, 0xFF, 0xFF, 0x00, 0xFF, 0xFF, 0x00, 0xFF, 0xFF, 0x00, 0xFF, 0xFF, 0x00,
  0xFF, 0xFF, 0x00, 0xFF, 0xFF, 0x00, 0xFF, 0xFF, 0x00, 0xFF, 0xFF, 0x00, 0xFF, 0xFF, 0x00, 0xFF, 0xFF, 0x00,
  0xFF, 0xFF, 0x00, 0xFF, 0xFF, 0x00, 0xFF, 0xFF, 0x00, 0xFF, 0xFF, 0x00, 0xFF, 0xFF, 0x00, 0xFF, 0xFF, 0x00,
  0xFF, 0xFF, 0x00, 0xFF, 0xFF, 0x00, 0xFF, 0xFF, 0x00, 0xFF, 0xFF, 0x00, 0xFF, 0xFF, 0x00, 0xFF, 0xFF, 0x00,
  0xFF, 0xFF, 0x00, 0xFF, 0xFF, 0x00, 0xFF, 0xFF, 0x00, 0xFF, 0xFF, 0x00, 0xFF, 0xFF, 0x00, 0xFF, 0xFF, 0x00,
  0xFF, 0xFF, 0x00, 0xFF, 0xFF, 0x00, 0xFF, 0xFF, 0x00, 0xFF, 0xFF, 0x00, 0xFF, 0xFF, 0x00, 0xFF, 0xFF, 0x00,
  0xFF, 0xFF, 0x00, 0xFF, 0xFF, 0x00, 0xEF, 0x5D, 0x16, 0x7C, 0x31, 0x89, 0x29, 0xC8, 0xEA, 0x39, 0xE6, 0xFF,
  0x83, 0x87, 0xFF, 0xBC, 0xE9, 0xFF, 0xDD, 0xAA, 0xFF, 0xED, 0xEA, 0xFF, 0xF6, 0x0A, 0xFF, 0xF6, 0x0A, 0xFF,
  0xF6, 0x0A, 0xFF, 0xF6, 0x0A, 0xFF, 0xED, 0xEA, 0xFF, 0xE5, 0xAA, 0xFF, 0xC5, 0x09, 0xFF, 0x8B, 0xA8, 0xFF,
  0x3A, 0x06, 0xFF, 0x29, 0xE8, 0xE4, 0x94, 0xF4, 0x6F, 0xFF, 0xFF, 0x02, 0xFF, 0xFF, 0x00, 0xFF, 0xFF, 0x00,
  0xFF, 0xFF, 0x00, 0xFF, 0xFF, 0x00, 0xFF, 0xFF, 0x00, 0xFF, 0xFF, 0x00, 0xFF, 0xFF, 0x00, 0xFF, 0xFF, 0x00,
  0xFF, 0xFF, 0x00, 0xFF, 0xFF, 0x00, 0xFF, 0xFF, 0x00, 0xFF, 0xFF, 0x00, 0xFF, 0xFF, 0x00, 0xFF, 0xFF, 0x00,
  0xFF, 0xFF, 0x00, 0xFF, 0xFF, 0x00, 0xFF, 0xFF, 0x00, 0xFF, 0xFF, 0x00, 0xFF, 0xFF, 0x00, 0xFF, 0xFF, 0x00,
  0xFF, 0xFF, 0x00, 0xFF, 0xFF, 0x00, 0xFF, 0xFF, 0x00, 0xFF, 0xFF, 0x00, 0xFF, 0xFF, 0x00, 0xFF, 0xFF, 0x00,
  0xFF, 0xFF, 0x00, 0xFF, 0xFF, 0x00, 0xFF, 0xFF, 0x00, 0xFF, 0xFF, 0x00, 0xFF, 0xFF, 0x00, 0xFF, 0xFF, 0x00,
  0xEF, 0x5D, 0x13, 0x4A, 0x69, 0xAB, 0x7B, 0xCF, 0x81, 0xFF, 0xFF, 0x00, 0xFF, 0xFF, 0x00, 0xFF, 0xFF, 0x00,
  0xFF, 0xFF, 0x00, 0xFF, 0xFF, 0x00, 0xFF, 0xFF, 0x00, 0xFF, 0xFF, 0x00, 0xEF, 0x5D, 0x17, 0x9D, 0x14, 0x6A,
  0x4A, 0xCC, 0xBE, 0x29, 0xC7, 0xF1, 0x31, 0xC6, 0xFF, 0x4A, 0x46, 0xFF, 0x62, 0xC6, 0xFF, 0x6B, 0x27, 0xFF,
  0x73, 0x27, 0xFF, 0x62, 0xE7, 0xFF, 0x52, 0x66, 0xFF, 0x31, 0xE6, 0xFF, 0x29, 0xA7, 0xF7, 0x42, 0xAB, 0xC6,
  0x94, 0xF4, 0x6C, 0xEF, 0x7D, 0x12, 0xFF, 0xFF, 0x00, 0xFF, 0xFF, 0x00, 0xFF, 0xFF, 0x00, 0xFF, 0xFF, 0x00,
  0xFF, 0xFF, 0x00, 0xFF, 0xFF, 0x00, 0xFF, 0xFF, 0x00, 0x84, 0x10, 0x7C, 0x73, 0xAE, 0x84, 0xF7, 0x9E, 0x0B,
  0xFF, 0xFF, 0x00, 0xFF, 0xFF, 0x00, 0xFF, 0xFF, 0x00, 0xFF, 0xFF, 0x00, 0xFF, 0xFF, 0x00, 0xFF, 0xFF, 0x00,
  0xFF, 0xFF, 0x00, 0xFF, 0xFF, 0x00, 0xFF, 0xFF, 0x00, 0xFF, 0xFF, 0x00, 0xFF, 0xFF, 0x00, 0xFF, 0xFF, 0x00,
  0xFF, 0xFF, 0x00, 0xFF, 0xFF, 0x00, 0xFF, 0xFF, 0x00, 0xFF, 0xFF, 0x00, 0xFF, 0xFF, 0x00, 0xFF, 0xFF, 0x00,
  0xFF, 0xFF, 0x00, 0xFF, 0xFF, 0x00, 0xFF, 0xFF, 0x00, 0xFF, 0xFF, 0x00, 0xFF, 0xFF, 0x00, 0xE7, 0x3C, 0x15,
  0x31, 0x86, 0xC8, 0x00, 0x00, 0xFF, 0x4A, 0x69, 0xAE, 0xFF, 0xFF, 0x00, 0xFF, 0xFF, 0x00, 0xFF, 0xFF, 0x00,
  0xFF, 0xFF, 0x00, 0xFF, 0xFF, 0x00, 0xFF, 0xFF, 0x00, 0xFF, 0xFF, 0x00, 0xFF, 0xFF, 0x00, 0xFF, 0xFF, 0x00,
  0xFF, 0xFF, 0x00, 0xE7, 0x3C, 0x1C, 0xBD, 0xF8, 0x48, 0x94, 0xD4, 0x73, 0x74, 0x11, 0x91, 0x63, 0x8F, 0xA1,
  0x63, 0x8F, 0xA4, 0x6B, 0xD0, 0x98, 0x84, 0x93, 0x7D, 0xAD, 0xB7, 0x54, 0xDE, 0xFC, 0x24, 0xFF, 0xFF, 0x00,
  0xFF, 0xFF, 0x00, 0xFF, 0xFF, 0x00, 0xFF, 0xFF, 0x00, 0xFF, 0xFF, 0x00, 0xFF, 0xFF, 0x00, 0xFF, 0xFF, 0x00,
  0xFF, 0xFF, 0x00, 0xFF, 0xFF, 0x00, 0xFF, 0xFF, 0x00, 0x29, 0x45, 0xD3, 0x00, 0x00, 0xFF, 0x29, 0x65, 0xCB,
  0xDE, 0xFB, 0x1E, 0xFF, 0xFF, 0x00, 0xFF, 0xFF, 0x00, 0xFF, 0xFF, 0x00, 0xFF, 0xFF, 0x00, 0xFF, 0xFF, 0x00,
  0xFF, 0xFF, 0x00, 0xFF, 0xFF, 0x00, 0xFF, 0xFF, 0x00, 0xFF, 0xFF, 0x00, 0xFF, 0xFF, 0x00, 0xFF, 0xFF, 0x00,
  0xFF, 0xFF, 0x00, 0xFF, 0xFF, 0x00, 0xFF, 0xFF, 0x00, 0xFF, 0xFF, 0x00, 0xFF, 0xFF, 0x00, 0xFF, 0xFF, 0x00,
  0xFF, 0xFF, 0x00, 0xFF, 0xFF, 0x00, 0xFF, 0xFF, 0x00, 0xFF, 0xFF, 0x00, 0xDE, 0xDB, 0x23, 0x21, 0x04, 0xD7,
  0x00, 0x00, 0xFF, 0x21, 0x24, 0xD5, 0xE7, 0x3C, 0x19, 0xFF, 0xFF, 0x00, 0xFF, 0xFF, 0x00, 0xFF, 0xFF, 0x00,
  0xFF, 0xFF, 0x00, 0xFF, 0xFF, 0x00, 0xFF, 0xFF, 0x00, 0xFF, 0xFF, 0x00, 0xFF, 0xFF, 0x00, 0xFF, 0xFF, 0x00,
  0xFF, 0xFF, 0x00, 0xFF, 0xFF, 0x00, 0xFF, 0xFF, 0x00, 0xFF, 0xFF, 0x00, 0xFF, 0xFF, 0x00, 0xFF, 0xFF, 0x00,
  0xFF, 0xFF, 0x00, 0xFF, 0xFF, 0x00, 0xFF, 0xFF, 0x00, 0xFF, 0xFF, 0x00, 0xFF, 0xFF, 0x00, 0xFF, 0xFF, 0x00,
  0xFF, 0xFF, 0x00, 0xFF, 0xFF, 0x00, 0xFF, 0xFF, 0x00, 0xFF, 0xFF, 0x00, 0xFF, 0xFF, 0x00, 0xFF, 0xFF, 0x00,
  0xFF, 0xFF, 0x00, 0xFF, 0xFF, 0x00, 0xFF, 0xFF, 0x00, 0xD6, 0xBA, 0x27, 0x18, 0xC3, 0xDE, 0x00, 0x00, 0xFF,
  0x18, 0xE3, 0xDA, 0xE7, 0x1C, 0x1C, 0xFF, 0xFF, 0x00, 0xFF, 0xFF, 0x00, 0xFF, 0xFF, 0x00, 0xFF, 0xFF, 0x00,
  0xFF, 0xFF, 0x00, 0xFF, 0xFF, 0x00, 0xFF, 0xFF, 0x00, 0xFF, 0xFF, 0x00, 0xFF, 0xFF, 0x00, 0xFF, 0xFF, 0x00,
  0xFF, 0xFF, 0x00, 0xFF, 0xFF, 0x00, 0xFF, 0xFF, 0x00, 0xFF, 0xFF, 0x00, 0xFF, 0xFF, 0x00, 0xFF, 0xFF, 0x00,
  0xFF, 0xFF, 0x00, 0xFF, 0xFF, 0x00, 0xFF, 0xFF, 0x00, 0xE7, 0x1C, 0x1C, 0x18, 0xE3, 0xDD, 0x00, 0x00, 0xFF,
  0x21, 0x04, 0xD8, 0xE7, 0x1C, 0x1D, 0xFF, 0xFF, 0x00, 0xFF, 0xFF, 0x00, 0xFF, 0xFF, 0x00, 0xFF, 0xFF, 0x00,
  0xFF, 0xFF, 0x00, 0xFF, 0xFF, 0x00, 0xFF, 0xFF, 0x00, 0xFF, 0xFF, 0x00, 0xFF, 0xFF, 0x00, 0xFF, 0xFF, 0x00,
  0xFF, 0xFF, 0x00, 0xFF, 0xFF, 0x00, 0xFF, 0xFF, 0x00, 0xFF, 0xFF, 0x00, 0xFF, 0xFF, 0x00, 0xFF, 0xFF, 0x00,
  0xFF, 0xFF, 0x00, 0xFF, 0xFF, 0x00, 0xFF, 0xFF, 0x00, 0xFF, 0xFF, 0x00, 0xFF, 0xFF, 0x00, 0xFF, 0xFF, 0x00,
  0xFF, 0xFF, 0x00, 0xFF, 0xFF, 0x00, 0xFF, 0xFF, 0x00, 0xFF, 0xFF, 0x00, 0xFF, 0xFF, 0x00, 0xFF, 0xFF, 0x00,
  0xFF, 0xFF, 0x00, 0xFF, 0xFF, 0x00, 0xFF, 0xFF, 0x00, 0xFF, 0xFF, 0x00, 0xDE, 0xDB, 0x24, 0x18, 0xE3, 0xDD,
  0x00, 0x00, 0xFF, 0x29, 0x65, 0xCD, 0xEF, 0x7D, 0x0E, 0xFF, 0xFF, 0x00, 0xFF, 0xFF, 0x00, 0xFF, 0xFF, 0x00,
  0xFF, 0xFF, 0x00, 0xFF, 0xFF, 0x00, 0xFF, 0xFF, 0x00, 0xFF, 0xFF, 0x00, 0xFF, 0xFF, 0x00, 0xFF, 0xFF, 0x00,
  0xFF, 0xFF, 0x00, 0xFF, 0xFF, 0x00, 0xFF, 0xFF, 0x00, 0xFF, 0xFF, 0x00, 0xFF, 0xFF, 0x00, 0xFF, 0xFF, 0x00,
  0xFF, 0xFF, 0x00, 0xFF, 0xFF, 0x00, 0xFF, 0xDF, 0x05, 0x39, 0xC7, 0xC3, 0x00, 0x00, 0xFF, 0x21, 0x04, 0xDA,
  0xDE, 0xFB, 0x20, 0xFF, 0xFF, 0x00, 0xFF, 0xFF, 0x00, 0xFF, 0xFF, 0x00, 0xFF, 0xFF, 0x00, 0xFF, 0xFF, 0x00,
  0xFF, 0xFF, 0x00, 0xFF, 0xFF, 0x00, 0xFF, 0xFF, 0x00, 0xFF, 0xFF, 0x00, 0xFF, 0xFF, 0x00, 0xFF, 0xFF, 0x00,
  0xFF, 0xFF, 0x00, 0xFF, 0xFF, 0x00, 0xFF, 0xFF, 0x00, 0xFF, 0xFF, 0x00, 0xFF, 0xFF, 0x00, 0xFF, 0xFF, 0x00,
  0xFF, 0xFF, 0x00, 0xFF, 0xFF, 0x00, 0xFF, 0xFF, 0x00, 0xFF, 0xFF, 0x00, 0xFF, 0xFF, 0x00, 0xFF, 0xFF, 0x00,
  0xFF, 0xFF, 0x00, 0xFF, 0xFF, 0x00, 0xFF, 0xFF, 0x00, 0xFF, 0xFF, 0x00, 0xFF, 0xFF, 0x00, 0xFF, 0xFF, 0x00,
  0xFF, 0xFF, 0x00, 0xFF, 0xFF, 0x00, 0xFF, 0xFF, 0x00, 0xFF, 0xFF, 0x00, 0xFF, 0xFF, 0x00, 0xDE, 0xDB, 0x22,
  0x21, 0x04, 0xDA, 0x00, 0x00, 0xFF, 0x39, 0xC7, 0xC3, 0xEF, 0x7D, 0x0E, 0xFF, 0xFF, 0x00, 0xFF, 0xFF, 0x00,
  0xFF, 0xFF, 0x00, 0xFF, 0xFF, 0x00, 0xFF, 0xFF, 0x00, 0xFF, 0xFF, 0x00, 0xFF, 0xFF, 0x00, 0xFF, 0xFF, 0x00,
  0xFF, 0xFF, 0x00, 0xFF, 0xFF, 0x00, 0xFF, 0xFF, 0x00, 0xFF, 0xFF, 0x00, 0xFF, 0xFF, 0x00, 0xFF, 0xFF, 0x00,
  0xFF, 0xFF, 0x00, 0xFF, 0xFF, 0x00, 0xB5, 0x96, 0x4B, 0x00, 0x00, 0xFF, 0x18, 0xE3, 0xDC, 0xDE, 0xFB, 0x21,
  0xFF, 0xFF, 0x00, 0xFF, 0xFF, 0x00, 0xFF, 0xFF, 0x00, 0xFF, 0xFF, 0x00, 0xFF, 0xFF, 0x00, 0xFF, 0xFF, 0x00,
  0xFF, 0xFF, 0x00, 0xFF, 0xFF, 0x00, 0xFF, 0xFF, 0x00, 0xFF, 0xFF, 0x00, 0xFF, 0xFF, 0x00, 0xFF, 0xFF, 0x00,
  0xFF, 0xFF, 0x00, 0xFF, 0xFF, 0x00, 0xFF, 0xFF, 0x00, 0xFF, 0xFF, 0x00, 0xFF, 0xFF, 0x00, 0xFF, 0xFF, 0x00,
  0xFF, 0xFF, 0x00, 0xFF, 0xFF, 0x00, 0xFF, 0xFF, 0x00, 0xFF, 0xFF, 0x00, 0xFF, 0xFF, 0x00, 0xFF, 0xFF, 0x00,
  0xFF, 0xFF, 0x00, 0xFF, 0xFF, 0x00, 0xFF, 0xFF, 0x00, 0xFF, 0xFF, 0x00, 0xFF, 0xFF, 0x00, 0xFF, 0xFF, 0x00,
  0xFF, 0xFF, 0x00, 0xFF, 0xFF, 0x00, 0xFF, 0xFF, 0x00, 0xFF, 0xFF, 0x00, 0xFF, 0xFF, 0x00, 0xFF, 0xFF, 0x00,
  0xDE, 0xFB, 0x20, 0x21, 0x24, 0xD4, 0x00, 0x00, 0xFF, 0x94, 0x92, 0x69, 0xFF, 0xFF, 0x00, 0xFF, 0xFF, 0x00,
  0xFF, 0xFF, 0x00, 0xFF, 0xFF, 0x00, 0xFF, 0xFF, 0x00, 0xFF, 0xFF, 0x00, 0xFF, 0xFF, 0x00, 0xFF, 0xFF, 0x00,
  0xFF, 0xFF, 0x00, 0xFF, 0xFF, 0x00, 0xFF, 0xFF, 0x00, 0xFF, 0xFF, 0x00, 0xFF, 0xFF, 0x00, 0xFF, 0xFF, 0x00,
  0xFF, 0xFF, 0x00, 0xFF, 0xFF, 0x00, 0xE7, 0x1C, 0x1B, 0x73, 0xAE, 0x82, 0xDE, 0xDB, 0x24, 0xFF, 0xFF, 0x00,
  0xFF, 0xFF, 0x00, 0xFF, 0xFF, 0x00, 0xFF, 0xFF, 0x00, 0xFF, 0xFF, 0x00, 0xFF, 0xFF, 0x00, 0xFF, 0xFF, 0x00,
  0xFF, 0xFF, 0x00, 0xFF, 0xFF, 0x00, 0xFF, 0xFF, 0x00, 0xFF, 0xFF, 0x00, 0xFF, 0xFF, 0x00, 0xFF, 0xFF, 0x00,
  0xFF, 0xFF, 0x00, 0xFF, 0xFF, 0x00, 0xFF, 0xFF, 0x00, 0xFF, 0xFF, 0x00, 0xFF, 0xFF, 0x00, 0xE7, 0x3C, 0x16,
  0xEF, 0x7D, 0x11, 0xFF, 0xFF, 0x00, 0xFF, 0xFF, 0x00, 0xFF, 0xFF, 0x00, 0xFF, 0xFF, 0x00, 0xFF, 0xFF, 0x00,
  0xFF, 0xFF, 0x00, 0xFF, 0xFF, 0x00, 0xFF, 0xFF, 0x00, 0xFF, 0xFF, 0x00, 0xFF, 0xFF, 0x00, 0xFF, 0xFF, 0x00,
  0xFF, 0xFF, 0x00, 0xFF, 0xFF, 0x00, 0xFF, 0xFF, 0x00, 0xFF, 0xFF, 0x00, 0xFF, 0xFF, 0x00, 0xFF, 0xFF, 0x00,
  0xFF, 0xFF, 0x00, 0xE7, 0x3C, 0x17, 0x94, 0x92, 0x66, 0xE7, 0x1C, 0x1C, 0xFF, 0xFF, 0x00, 0xFF, 0xFF, 0x00,
  0xFF, 0xFF, 0x00, 0xFF, 0xFF, 0x00, 0xFF, 0xFF, 0x00, 0xFF, 0xFF, 0x00, 0xFF, 0xFF, 0x00, 0xFF, 0xFF, 0x00,
  0xFF, 0xFF, 0x00, 0xFF, 0xFF, 0x00, 0xFF, 0xFF, 0x00, 0xFF, 0xFF, 0x00, 0xFF, 0xFF, 0x00, 0xFF, 0xFF, 0x00,
  0xFF, 0xFF, 0x00, 0xFF, 0xFF, 0x00, 0xFF, 0xFF, 0x00, 0xFF, 0xFF, 0x00, 0xFF, 0xFF, 0x00, 0xFF, 0xFF, 0x00,
  0xFF, 0xFF, 0x00, 0xFF, 0xFF, 0x00, 0xFF, 0xFF, 0x00, 0xFF, 0xFF, 0x00, 0xFF, 0xFF, 0x00, 0xFF, 0xFF, 0x00,
  0xFF, 0xFF, 0x00, 0xFF, 0xFF, 0x00, 0xFF, 0xFF, 0x00, 0xFF, 0xFF, 0x00, 0xFF, 0xFF, 0x00, 0xFF, 0xFF, 0x00,
  0xFF, 0xFF, 0x00, 0xFF, 0xFF, 0x00, 0xFF, 0xFF, 0x00, 0xFF, 0xFF, 0x00, 0xFF, 0xDF, 0x03, 0x29, 0x65, 0xCF,
  0x31, 0xA6, 0xC7, 0xFF, 0xFF, 0x01, 0xFF, 0xFF, 0x00, 0xFF, 0xFF, 0x00, 0xFF, 0xFF, 0x00, 0xFF, 0xFF, 0x00,
  0xFF, 0xFF, 0x00, 0xFF, 0xFF, 0x00, 0xFF, 0xFF, 0x00, 0xFF, 0xFF, 0x00, 0xFF, 0xFF, 0x00, 0xFF, 0xFF, 0x00,
  0xFF, 0xFF, 0x00, 0xFF, 0xFF, 0x00, 0xFF, 0xFF, 0x00, 0xFF, 0xFF, 0x00, 0xFF, 0xFF, 0x00, 0xFF, 0xFF, 0x00,
  0xFF, 0xFF, 0x00, 0xFF, 0xFF, 0x00, 0xFF, 0xFF, 0x00, 0xFF, 0xFF, 0x00, 0xFF, 0xFF, 0x00, 0xFF, 0xFF, 0x00,
  0xFF, 0xFF, 0x00, 0xFF, 0xFF, 0x00, 0xFF, 0xFF, 0x00, 0xFF, 0xFF, 0x00, 0xFF, 0xFF, 0x00, 0xFF, 0xFF, 0x00,
  0xFF, 0xFF, 0x00, 0xFF, 0xFF, 0x00, 0xFF, 0xFF, 0x00, 0xFF, 0xFF, 0x00, 0xFF, 0xFF, 0x00, 0xFF, 0xFF, 0x00,
  0xFF, 0xFF, 0x00, 0xFF, 0xFF, 0x00, 0xFF, 0xFF, 0x00, 0xFF, 0xFF, 0x00, 0xFF, 0xFF, 0x00, 0xFF, 0xFF, 0x00,
  0xFF, 0xFF, 0x00, 0xFF, 0xFF, 0x00, 0xFF, 0xFF, 0x00, 0xFF, 0xFF, 0x00, 0xFF, 0xFF, 0x00, 0xFF, 0xFF, 0x00,
  0xFF, 0xFF, 0x00, 0xFF, 0xFF, 0x00, 0xFF, 0xFF, 0x00, 0xFF, 0xFF, 0x00, 0xFF, 0xFF, 0x00, 0xFF, 0xFF, 0x00,
  0xFF, 0xFF, 0x00, 0xFF, 0xFF, 0x00, 0xFF, 0xFF, 0x00, 0xFF, 0xFF, 0x00, 0xEF, 0x5D, 0x11, 0x08, 0x61, 0xEF,
  0x08, 0x41, 0xF5, 0xEF, 0x5D, 0x15, 0xFF, 0xFF, 0x00, 0xFF, 0xFF, 0x00, 0xFF, 0xFF, 0x00, 0xFF, 0xFF, 0x00,
  0xFF, 0xFF, 0x00, 0xFF, 0xFF, 0x00, 0xFF, 0xFF, 0x00, 0xFF, 0xFF, 0x00, 0xFF, 0xFF, 0x00, 0xFF, 0xFF, 0x00,
  0xFF, 0xFF, 0x00, 0xFF, 0xFF, 0x00, 0xFF, 0xFF, 0x00, 0xFF, 0xFF, 0x00, 0xFF, 0xFF, 0x00, 0xFF, 0xFF, 0x00,
  0xFF, 0xFF, 0x00, 0xFF, 0xFF, 0x00, 0xFF, 0xFF, 0x00, 0xFF, 0xFF, 0x00, 0xFF, 0xFF, 0x00, 0xFF, 0xFF, 0x00,
  0xFF, 0xFF, 0x00, 0xFF, 0xFF, 0x00, 0xFF, 0xFF, 0x00, 0xFF, 0xFF, 0x00, 0xFF, 0xFF, 0x00, 0xFF, 0xFF, 0x00,
  0xFF, 0xFF, 0x00, 0xFF, 0xFF, 0x00, 0xFF, 0xFF, 0x00, 0xFF, 0xFF, 0x00, 0xFF, 0xFF, 0x00, 0xFF, 0xFF, 0x00,
  0xFF, 0xFF, 0x00, 0xFF, 0xFF, 0x00, 0xFF, 0xFF, 0x00, 0xFF, 0xFF, 0x00, 0xFF, 0xFF, 0x00, 0xFF, 0xFF, 0x00,
  0xFF, 0xFF, 0x00, 0xFF, 0xFF, 0x00, 0xFF, 0xFF, 0x00, 0xFF, 0xFF, 0x00, 0xFF, 0xFF, 0x00, 0xFF, 0xFF, 0x00,
  0xFF, 0xFF, 0x00, 0xFF, 0xFF, 0x00, 0xFF, 0xFF, 0x00, 0xFF, 0xFF, 0x00, 0xFF, 0xFF, 0x00, 0xFF, 0xFF, 0x00,
  0xFF, 0xFF, 0x00, 0xFF, 0xFF, 0x00, 0xFF, 0xFF, 0x00, 0xFF, 0xFF, 0x00, 0xEF, 0x5D, 0x13, 0x10, 0x82, 0xEE,
  0x08, 0x61, 0xF3, 0xE7, 0x3C, 0x17, 0xFF, 0xFF, 0x00, 0xFF, 0xFF, 0x00, 0xFF, 0xFF, 0x00, 0xFF, 0xFF, 0x00,
  0xFF, 0xFF, 0x00, 0xFF, 0xFF, 0x00, 0xFF, 0xFF, 0x00, 0xFF, 0xFF, 0x00, 0xFF, 0xFF, 0x00, 0xFF, 0xFF, 0x00,
  0xFF, 0xFF, 0x00, 0xFF, 0xFF, 0x00, 0xFF, 0xFF, 0x00, 0xFF, 0xFF, 0x00, 0xFF, 0xFF, 0x00, 0xFF, 0xFF, 0x00,
  0xFF, 0xFF, 0x00, 0xFF, 0xFF, 0x00, 0xFF, 0xFF, 0x00, 0xFF, 0xFF, 0x00, 0xFF, 0xFF, 0x00, 0xFF, 0xFF, 0x00,
  0xFF, 0xFF, 0x00, 0xFF, 0xFF, 0x00, 0xFF, 0xFF, 0x00, 0xFF, 0xFF, 0x00, 0xFF, 0xFF, 0x00, 0xFF, 0xFF, 0x00,
  0xFF, 0xFF, 0x00, 0xFF, 0xFF, 0x00, 0xFF, 0xFF, 0x00, 0xFF, 0xFF, 0x00, 0xFF, 0xFF, 0x00, 0xFF, 0xFF, 0x00,
  0xFF, 0xFF, 0x00, 0xFF, 0xFF, 0x00, 0xFF, 0xFF, 0x00, 0xFF, 0xFF, 0x00, 0xFF, 0xFF, 0x00, 0xFF, 0xFF, 0x00,
  0xFF, 0xFF, 0x00, 0xFF, 0xFF, 0x00, 0xFF, 0xFF, 0x00, 0xFF, 0xFF, 0x00, 0xFF, 0xFF, 0x00, 0xFF, 0xFF, 0x00,
  0xFF, 0xFF, 0x00, 0xFF, 0xFF, 0x00, 0xFF, 0xFF, 0x00, 0xFF, 0xFF, 0x00, 0xFF, 0xFF, 0x00, 0xFF, 0xFF, 0x00,
  0xFF, 0xFF, 0x00, 0xFF, 0xFF, 0x00, 0xFF, 0xFF, 0x00, 0xFF, 0xFF, 0x00, 0xE7, 0x1C, 0x1C, 0x08, 0x41, 0xF6,
  0x08, 0x61, 0xF3, 0xE7, 0x3C, 0x18, 0xFF, 0xFF, 0x00, 0xFF, 0xFF, 0x00, 0xFF, 0xFF, 0x00, 0xFF, 0xFF, 0x00,
  0xFF, 0xFF, 0x00, 0xFF, 0xFF, 0x00, 0xFF, 0xFF, 0x00, 0xFF, 0xFF, 0x00, 0xFF, 0xFF, 0x00, 0xFF, 0xFF, 0x00,
  0xFF, 0xFF, 0x00, 0xFF, 0xFF, 0x00, 0xFF, 0xFF, 0x00, 0xFF, 0xFF, 0x00, 0xFF, 0xFF, 0x00, 0xFF, 0xFF, 0x00,
  0xFF, 0xFF, 0x00, 0xFF, 0xFF, 0x00, 0xFF, 0xFF, 0x00, 0xFF, 0xFF, 0x00, 0xFF, 0xFF, 0x00, 0xFF, 0xFF, 0x00,
  0xFF, 0xFF, 0x00, 0xFF, 0xFF, 0x00, 0xFF, 0xFF, 0x00, 0xFF, 0xFF, 0x00, 0xFF, 0xFF, 0x00, 0xFF, 0xFF, 0x00,
  0xFF, 0xFF, 0x00, 0xFF, 0xFF, 0x00, 0xFF, 0xFF, 0x00, 0xFF, 0xFF, 0x00, 0xFF, 0xFF, 0x00, 0xFF, 0xFF, 0x00,
  0xFF, 0xFF, 0x00, 0xFF, 0xFF, 0x00, 0xFF, 0xFF, 0x00, 0xFF, 0xFF, 0x00, 0xFF, 0xFF, 0x00, 0xFF, 0xFF, 0x00,
  0xFF, 0xFF, 0x00, 0xFF, 0xFF, 0x00, 0xFF, 0xFF, 0x00, 0xFF, 0xFF, 0x00, 0xFF, 0xFF, 0x00, 0xFF, 0xFF, 0x00,
  0xFF, 0xFF, 0x00, 0xFF, 0xFF, 0x00, 0xFF, 0xFF, 0x00, 0xFF, 0xFF, 0x00, 0xFF, 0xFF, 0x00, 0xFF, 0xFF, 0x00,
  0xFF, 0xFF, 0x00, 0xFF, 0xFF, 0x00, 0xFF, 0xFF, 0x00, 0xFF, 0xFF, 0x00, 0xDE, 0xFB, 0x1E, 0x00, 0x20, 0xF8,
  0x08, 0x41, 0xF4, 0xE7, 0x1C, 0x1A, 0xFF, 0xFF, 0x00, 0xFF, 0xFF, 0x00, 0xFF, 0xFF, 0x00, 0xFF, 0xFF, 0x00,
  0xFF, 0xFF, 0x00, 0xFF, 0xFF, 0x00, 0xFF, 0xFF, 0x00, 0xFF, 0xFF, 0x00, 0xFF, 0xFF, 0x00, 0xFF, 0xFF, 0x00,
  0xFF, 0xFF, 0x00, 0xFF, 0xFF, 0x00, 0xFF, 0xFF, 0x00, 0xFF, 0xFF, 0x00, 0xFF, 0xFF, 0x00, 0xFF, 0xFF, 0x00,
  0xFF, 0xFF, 0x00, 0xFF, 0xFF, 0x00, 0xFF, 0xFF, 0x00, 0xFF, 0xFF, 0x00, 0xFF, 0xFF, 0x00, 0xFF, 0xFF, 0x00,
  0xFF, 0xFF, 0x00, 0xFF, 0xFF, 0x00, 0xFF, 0xFF, 0x00, 0xFF, 0xFF, 0x00, 0xFF, 0xFF, 0x00, 0xFF, 0xFF, 0x00,
  0xFF, 0xFF, 0x00, 0xFF, 0xFF, 0x00, 0xFF, 0xFF, 0x00, 0xFF, 0xFF, 0x00, 0xFF, 0xFF, 0x00, 0xFF, 0xFF, 0x00,
  0xFF, 0xFF, 0x00, 0xFF, 0xFF, 0x00, 0xFF, 0xFF, 0x00, 0xFF, 0xFF, 0x00, 0xFF, 0xFF, 0x00, 0xFF, 0xFF, 0x00,
  0xFF, 0xFF, 0x00, 0xFF, 0xFF, 0x00, 0xFF, 0xFF, 0x00, 0xFF, 0xFF, 0x00, 0xFF, 0xFF, 0x00, 0xFF, 0xFF, 0x00,
  0xFF, 0xFF, 0x00, 0xFF, 0xFF, 0x00, 0xFF, 0xFF, 0x00, 0xFF, 0xFF, 0x00, 0xFF, 0xFF, 0x00, 0xFF, 0xFF, 0x00,
  0xFF, 0xFF, 0x00, 0xFF, 0xFF, 0x00, 0xFF, 0xFF, 0x00, 0xFF, 0xFF, 0x00, 0xE7, 0x3C, 0x19, 0x08, 0x41, 0xF5,
  0x08, 0x41, 0xF5, 0xE7, 0x1C, 0x1B, 0xFF, 0xFF, 0x00, 0xFF, 0xFF, 0x00, 0xFF, 0xFF, 0x00, 0xFF, 0xFF, 0x00,
  0xFF, 0xFF, 0x00, 0xFF, 0xFF, 0x00, 0xFF, 0xFF, 0x00, 0xFF, 0xFF, 0x00, 0xFF, 0xFF, 0x00, 0xFF, 0xFF, 0x00,
  0xFF, 0xFF, 0x00, 0xFF, 0xFF, 0x00, 0xFF, 0xFF, 0x00, 0xFF, 0xFF, 0x00, 0xFF, 0xFF, 0x00, 0xFF, 0xFF, 0x00,
  0xFF, 0xFF, 0x00, 0xFF, 0xFF, 0x00, 0xFF, 0xFF, 0x00, 0xFF, 0xFF, 0x00, 0xFF, 0xFF, 0x00, 0xFF, 0xFF, 0x00,
  0xFF, 0xFF, 0x00, 0xFF, 0xFF, 0x00, 0xFF, 0xFF, 0x00, 0xFF, 0xFF, 0x00, 0xFF, 0xFF, 0x00, 0xFF, 0xFF, 0x00,
  0xFF, 0xFF, 0x00, 0xFF, 0xFF, 0x00, 0xFF, 0xFF, 0x00, 0xFF, 0xFF, 0x00, 0xFF, 0xFF, 0x00, 0xFF, 0xFF, 0x00,
  0xFF, 0xFF, 0x00, 0xFF, 0xFF, 0x00, 0xFF, 0xFF, 0x00, 0xFF, 0xFF, 0x00, 0xFF, 0xFF, 0x00, 0xFF, 0xFF, 0x00,
  0xFF, 0xFF, 0x00, 0xFF, 0xFF, 0x00, 0xFF, 0xFF, 0x00, 0xFF, 0xFF, 0x00, 0xFF, 0xFF, 0x00, 0xFF, 0xFF, 0x00,
  0xFF, 0xFF, 0x00, 0xFF, 0xFF, 0x00, 0xFF, 0xFF, 0x00, 0xFF, 0xFF, 0x00, 0xFF, 0xFF, 0x00, 0xFF, 0xFF, 0x00,
  0xFF, 0xFF, 0x00, 0xFF, 0xFF, 0x00, 0xFF, 0xFF, 0x00, 0xFF, 0xFF, 0x00, 0xF7, 0x9E, 0x0C, 0x10, 0x82, 0xEB,
  0x00, 0x00, 0xFC, 0xE7, 0x1C, 0x1B, 0xFF, 0xFF, 0x00, 0xFF, 0xFF, 0x00, 0xFF, 0xFF, 0x00, 0xFF, 0xFF, 0x00,
  0xFF, 0xFF, 0x00, 0xFF, 0xFF, 0x00, 0xFF, 0xFF, 0x00, 0xFF, 0xFF, 0x00, 0xFF, 0xFF, 0x00, 0xFF, 0xFF, 0x00,
  0xFF, 0xFF, 0x00, 0xFF, 0xFF, 0x00, 0xFF, 0xFF, 0x00, 0xFF, 0xFF, 0x00, 0xFF, 0xFF, 0x00, 0xFF, 0xFF, 0x00,
  0xFF, 0xFF, 0x00, 0xFF, 0xFF, 0x00, 0xFF, 0xFF, 0x00, 0xFF, 0xFF, 0x00, 0xFF, 0xFF, 0x00, 0xFF, 0xFF, 0x00,
  0xFF, 0xFF, 0x00, 0xFF, 0xFF, 0x00, 0xFF, 0xFF, 0x00, 0xFF, 0xFF, 0x00, 0xFF, 0xFF, 0x00, 0xFF, 0xFF, 0x00,
  0xFF, 0xFF, 0x00, 0xFF, 0xFF, 0x00, 0xFF, 0xFF, 0x00, 0xFF, 0xFF, 0x00, 0xFF, 0xFF, 0x00, 0xFF, 0xFF, 0x00,
  0xFF, 0xFF, 0x00, 0xFF, 0xFF, 0x00, 0xFF, 0xFF, 0x00, 0xFF, 0xFF, 0x00, 0xFF, 0xFF, 0x00, 0xFF, 0xFF, 0x00,
  0xFF, 0xFF, 0x00, 0xFF, 0xFF, 0x00, 0xFF, 0xFF, 0x00, 0xFF, 0xFF, 0x00, 0xFF, 0xFF, 0x00, 0xFF, 0xFF, 0x00,
  0xFF, 0xFF, 0x00, 0xFF, 0xFF, 0x00, 0xFF, 0xFF, 0x00, 0xFF, 0xFF, 0x00, 0xFF, 0xFF, 0x00, 0xFF, 0xFF, 0x00,
  0xFF, 0xFF, 0x00, 0xFF, 0xFF, 0x00, 0xFF, 0xFF, 0x00, 0xFF, 0xFF, 0x00, 0xFF, 0xFF, 0x00, 0x63, 0x2C, 0x94,
  0x29, 0x45, 0xD0, 0xF7, 0xBE, 0x08, 0xFF, 0xFF, 0x00, 0xFF, 0xFF, 0x00, 0xFF, 0xFF, 0x00, 0xFF, 0xFF, 0x00,
  0xFF, 0xFF, 0x00, 0xFF, 0xFF, 0x00, 0xFF, 0xFF, 0x00, 0xFF, 0xFF, 0x00, 0xFF, 0xFF, 0x00, 0xFF, 0xFF, 0x00,
  0xFF, 0xFF, 0x00, 0xFF, 0xFF, 0x00, 0xFF, 0xFF, 0x00, 0xFF, 0xFF, 0x00, 0xFF, 0xFF, 0x00, 0xFF, 0xFF, 0x00,
  0xFF, 0xFF, 0x00, 0xFF, 0xFF, 0x00, 0xFF, 0xFF, 0x00, 0xFF, 0xFF, 0x00, 0xFF, 0xFF, 0x00, 0xFF, 0xFF, 0x00,
  0xFF, 0xFF, 0x00, 0xFF, 0xFF, 0x00, 0xFF, 0xFF, 0x00, 0xFF, 0xFF, 0x00, 0xFF, 0xFF, 0x00, 0xFF, 0xFF, 0x00,
};
const uint32_t image_weather_sun_map_len = sizeof(image_weather_sun_map);

const lv_img_dsc_t image_weather_sun = {
  .header = {
    .cf = LV_IMG_CF_TRUE_COLOR_ALPHA,
    .always_zero = 0,
    .reserved = 0,
    .w = 60,
    .h = 60,
  },
  .data_size = image_weather_sun_map_len,
  .data = image_weather_sun_map,
};

const uint8_t image_weather_cloud_map[] = {
  0x00, 0x00, 0x00, 0x00, 0x00, 0x00, 0x00, 0x00, 0x00, 0x00, 0x00, 0x00, 0x00, 0x00, 0x00, 0x00, 0x00, 0x00,
  0x00, 0x00, 0x00, 0x00, 0x00, 0x00, 0x00, 0x00, 0x00, 0x00, 0x00, 0x00, 0x00, 0x00, 0x00, 0x00, 0x00, 0x00,
  0x00, 0x00, 0x00, 0x00, 0x00, 0x00, 0x00, 0x00, 0x00, 0x00, 0x00, 0x00, 0x00, 0x00, 0x00, 0x00, 0x00, 0x00,
  0x00, 0x00, 0x00, 0x00, 0x00, 0x00, 0x00, 0x00, 0x00, 0x00, 0x00, 0x00, 0x00, 0x00, 0x00, 0x00, 0x00, 0x00,
  0x00, 0x00, 0x00, 0x00, 0x00, 0x00, 0x00, 0x00, 0x00, 0x00, 0x00, 0x00, 0x00, 0x00, 0x00, 0x00, 0x00, 0x00,
  0x00, 0x00, 0x00, 0x00, 0x00, 0x00, 0x00, 0x00, 0x00, 0x00, 0x00, 0x00, 0x00, 0x00, 0x00, 0x00, 0x00, 0x00,
  0x00, 0x00, 0x00, 0x00, 0x00, 0x00, 0x00, 0x00, 0x00, 0x00, 0x00, 0x00, 0x00, 0x00, 0x00, 0x00, 0x00, 0x00,
  0x00, 0x00, 0x00, 0x00, 0x00, 0x00, 0x00, 0x00, 0x00, 0x00, 0x00, 0x00, 0x00, 0x00, 0x00, 0x00, 0x00, 0x00,
  0x00, 0x00, 0x00, 0x00, 0x00, 0x00, 0x00, 0x00, 0x00, 0x00, 0x00, 0x00, 0x00, 0x00, 0x00, 0x00, 0x00, 0x00,
  0x00, 0x00, 0x00, 0x00, 0x00, 0x00, 0x00, 0x00, 0x00, 0x00, 0x00, 0x00, 0x00, 0x00, 0x00, 0x00, 0x00, 0x00,
  0x00, 0x00, 0x00, 0x00, 0x00, 0x00, 0x00, 0x00, 0x00, 0x00, 0x00, 0x00, 0x00, 0x00, 0x00, 0x00, 0x00, 0x00,
  0x00, 0x00, 0x00, 0x00, 0x00, 0x00, 0x00, 0x00, 0x00, 0x00, 0x00, 0x00, 0x00, 0x00, 0x00, 0x00, 0x00, 0x00,
  0x00, 0x00, 0x00, 0x00, 0x00, 0x00, 0x00, 0x00, 0x00, 0x00, 0x00, 0x00, 0x00, 0x00, 0x00, 0x00, 0x00, 0x00,
  0x00, 0x00, 0x00, 0x00, 0x00, 0x00, 0x00, 0x00, 0x00, 0x00, 0x00, 0x00, 0x00, 0x00, 0x00, 0x00, 0x00, 0x00,
  0x00, 0x00, 0x00, 0x00, 0x00, 0x00, 0x00, 0x00, 0x00, 0x00, 0x00, 0x00, 0x00, 0x00, 0x00, 0x00, 0x00, 0x00,
  0x00, 0x00, 0x00, 0x00, 0x00, 0x00, 0x00, 0x00, 0x00, 0x00, 0x00, 0x00, 0x00, 0x00, 0x00, 0x00, 0x00, 0x00,
  0x00, 0x00, 0x00, 0x00, 0x00, 0x00, 0x00, 0x00, 0x00, 0x00, 0x00, 0x00, 0x00, 0x00, 0x00, 0x00, 0x00, 0x00,
  0x00, 0x00, 0x00, 0x00, 0x00, 0x00, 0x00, 0x00, 0x00, 0x00, 0x00, 0x00, 0x00, 0x00, 0x00, 0x00, 0x00, 0x00,
  0x00, 0x00, 0x00, 0x00, 0x00, 0x00, 0x00, 0x00, 0x00, 0x00, 0x00, 0x00, 0x00, 0x00, 0x00, 0x00, 0x00, 0x00,
  0x00, 0x00, 0x00, 0x00, 0x00, 0x00, 0x00, 0x00, 0x00, 0x00, 0x00, 0x00, 0x00, 0x00, 0x00, 0x00, 0x00, 0x00,
  0x00, 0x00, 0x00, 0x00, 0x00, 0x00, 0x00, 0x00, 0x00, 0x00, 0x00, 0x00, 0x00, 0x00, 0x00, 0x00, 0x00, 0x00,
  0x00, 0x00, 0x00, 0x00, 0x00, 0x00, 0x00, 0x00, 0x00, 0x00, 0x00, 0x00, 0x00, 0x00, 0x00, 0x00, 0x00, 0x00,
  0x00, 0x00, 0x00, 0x00, 0x00, 0x00, 0x00, 0x00, 0x00, 0x00, 0x00, 0x00, 0x00, 0x00, 0x00, 0x00, 0x00, 0x00,
  0x00, 0x00, 0x00, 0x00, 0x00, 0x00, 0x00, 0x00, 0x00, 0x00, 0x00, 0x00, 0x00, 0x00, 0x00, 0x00, 0x00, 0x00,
  0x00, 0x00, 0x00, 0x00, 0x00, 0x00, 0x00, 0x00, 0x00, 0x00, 0x00, 0x00, 0x00, 0x00, 0x00, 0x00, 0x00, 0x00,
  0x00, 0x00, 0x00, 0x00, 0x00, 0x00, 0x00, 0x00, 0x00, 0x00, 0x00, 0x00, 0x00, 0x00, 0x00, 0x00, 0x00, 0x00,
  0x00, 0x00, 0x00, 0x00, 0x00, 0x00, 0x00, 0x00, 0x00, 0x00, 0x00, 0x00, 0x00, 0x00, 0x00, 0x00, 0x00, 0x00,
  0x00, 0x00, 0x00, 0x00, 0x00, 0x00, 0x00, 0x00, 0x00, 0x00, 0x00, 0x00, 0x00, 0x00, 0x00, 0x00, 0x00, 0x00,
  0x00, 0x00, 0x00, 0x00, 0x00, 0x00, 0x00, 0x00, 0x00, 0x00, 0x00, 0x00, 0x00, 0x00, 0x00, 0x00, 0x00, 0x00,
  0x00, 0x00, 0x00, 0x00, 0x00, 0x00, 0x00, 0x00, 0x00, 0x00, 0x00, 0x00, 0x00, 0x00, 0x00, 0x00, 0x00, 0x00,
  0x00, 0x00, 0x00, 0x00, 0x00, 0x00, 0x00, 0x00, 0x00, 0x00, 0x00, 0x00, 0x00, 0x00, 0x00, 0x00, 0x00, 0x00,
  0x00, 0x00, 0x00, 0x00, 0x00, 0x00, 0x00, 0x00, 0x00, 0x00, 0x00, 0x00, 0x00, 0x00, 0x00, 0x00, 0x00, 0x00,
  0x00, 0x00, 0x00, 0x00, 0x00, 0x00, 0x00, 0x00, 0x00, 0x00, 0x00, 0x00, 0x00, 0x00, 0x00, 0x00, 0x00, 0x00,
  0x00, 0x00, 0x00, 0x00, 0x00, 0x00, 0x00, 0x00, 0x00, 0x00, 0x00, 0x00, 0x00, 0x00, 0x00, 0x00, 0x00, 0x00,
  0x00, 0x00, 0x00, 0x00, 0x00, 0x00, 0x00, 0x00, 0x00, 0x00, 0x00, 0x00, 0x00, 0x00, 0x00, 0x00, 0x00, 0x00,
  0x00, 0x00, 0x00, 0x00, 0x00, 0x00, 0x00, 0x00, 0x00, 0x00, 0x00, 0x00, 0x00, 0x00, 0x00, 0x00, 0x00, 0x00,
  0x00, 0x00, 0x00, 0x00, 0x00, 0x00, 0x00, 0x00, 0x00, 0x00, 0x00, 0x00, 0x00, 0x00, 0x00, 0x00, 0x00, 0x00,
  0x00, 0x00, 0x00, 0x00, 0x00, 0x00, 0x00, 0x00, 0x00, 0x00, 0x00, 0x00, 0x00, 0x00, 0x00, 0x00, 0x00, 0x00,
  0x00, 0x00, 0x00, 0x00, 0x00, 0x00, 0x00, 0x00, 0x00, 0x00, 0x00, 0x00, 0x00, 0x00, 0x00, 0x00, 0x00, 0x00,
  0x00, 0x00, 0x00, 0x00, 0x00, 0x00, 0x00, 0x00, 0x00, 0x00, 0x00, 0x00, 0x00, 0x00, 0x00, 0x00, 0x00, 0x00,
  0x00, 0x00, 0x00, 0x00, 0x00, 0x00, 0x00, 0x00, 0x00, 0x00, 0x00, 0x00, 0x00, 0x00, 0x00, 0x00, 0x00, 0x00,
  0x00, 0x00, 0x00, 0x00, 0x00, 0x00, 0x00, 0x00, 0x00, 0x00, 0x00, 0x00, 0x00, 0x00, 0x00, 0x00, 0x00, 0x00,
  0x00, 0x00, 0x00, 0x00, 0x00, 0x00, 0x00, 0x00, 0x00, 0x00, 0x00, 0x00, 0x00, 0x00, 0x00, 0x00, 0x00, 0x00,
  0x00, 0x00, 0x00, 0x00, 0x00, 0x00, 0x00, 0x00, 0x00, 0x00, 0x00, 0x00, 0x00, 0x00, 0x00, 0x00, 0x00, 0x00,
  0x00, 0x00, 0x00, 0x00, 0x00, 0x00, 0x00, 0x00, 0x00, 0x00, 0x00, 0x00, 0x00, 0x00, 0x00, 0x00, 0x00, 0x00,
  0x00, 0x00, 0x00, 0x00, 0x00, 0x00, 0x00, 0x00, 0x00, 0x00, 0x00, 0x00, 0x00, 0x00, 0x00, 0x00, 0x00, 0x00,
  0x00, 0x00, 0x00, 0x00, 0x00, 0x00, 0x00, 0x00, 0x00, 0x00, 0x00, 0x00, 0x00, 0x00, 0x00, 0x00, 0x00, 0x00,
  0x00, 0x00, 0x00, 0x00, 0x00, 0x00, 0x00, 0x00, 0x00, 0x00, 0x00, 0x00, 0x00, 0x00, 0x00, 0x00, 0x00, 0x00,
  0x00, 0x00, 0x00, 0x00, 0x00, 0x00, 0x00, 0x00, 0x00, 0x00, 0x00, 0x00, 0x00, 0x00, 0x00, 0x00, 0x00, 0x00,
  0x00, 0x00, 0x00, 0x00, 0x00, 0x00, 0x00, 0x00, 0x00, 0x00, 0x00, 0x00, 0x00, 0x00, 0x00, 0x00, 0x00, 0x00,
  0x00, 0x00, 0x00, 0x00, 0x00, 0x00, 0x00, 0x00, 0x00, 0x00, 0x00, 0x00, 0x00, 0x00, 0x00, 0x00, 0x00, 0x00,
  0x00, 0x00, 0x00, 0x00, 0x00, 0x00, 0x00, 0x00, 0x00, 0x00, 0x00, 0x00, 0x00, 0x00, 0x00, 0x00, 0x00, 0x00,
  0x00, 0x00, 0x00, 0x00, 0x00, 0x00, 0x00, 0x00, 0x00, 0x00, 0x00, 0x00, 0x00, 0x00, 0x00, 0x00, 0x00, 0x00,
  0x00, 0x00, 0x00, 0x00, 0x00, 0x00, 0x00, 0x00, 0x00, 0x00, 0x00, 0x00, 0x00, 0x00, 0x00, 0x00, 0x00, 0x00,
  0x00, 0x00, 0x00, 0x00, 0x00, 0x00, 0x00, 0x00, 0x00, 0x00, 0x00, 0x00, 0x00, 0x00, 0x00, 0x00, 0x00, 0x00,
  0x00, 0x00, 0x00, 0x00, 0x00, 0x00, 0x00, 0x00, 0x00, 0x00, 0x00, 0x00, 0x00, 0x00, 0x00, 0x00, 0x00, 0x00,
  0x00, 0x00, 0x00, 0x00, 0x00, 0x00, 0x00, 0x00, 0x00, 0x00, 0x00, 0x00, 0x00, 0x00, 0x00, 0x00, 0x00, 0x00,
  0x00, 0x00, 0x00, 0x00, 0x00, 0x00, 0x00, 0x00, 0x00, 0x00, 0x00, 0x00, 0x00, 0x00, 0x00, 0x00, 0x00, 0x00,
  0x00, 0x00, 0x00, 0x00, 0x00, 0x00, 0x00, 0x00, 0x00, 0x00, 0x00, 0x00, 0x00, 0x00, 0x00, 0x00, 0x00, 0x00,
  0x00, 0x00, 0x00, 0x00, 0x00, 0x00, 0x00, 0x00, 0x00, 0x00, 0x00, 0x00, 0x00, 0x00, 0x00, 0x00, 0x00, 0x00,
  0x00, 0x00, 0x00, 0x00, 0x00, 0x00, 0x00, 0x00, 0x00, 0x00, 0x00, 0x00, 0x00, 0x00, 0x00, 0x00, 0x00, 0x00,
  0x00, 0x00, 0x00, 0x00, 0x00, 0x00, 0x00, 0x00, 0x00, 0x00, 0x00, 0x00, 0x00, 0x00, 0x00, 0x00, 0x00, 0x00,
  0x00, 0x00, 0x00, 0x00, 0x00, 0x00, 0x00, 0x00, 0x00, 0x00, 0x00, 0x00, 0x00, 0x00, 0x00, 0x00, 0x00, 0x00,
  0x00, 0x00, 0x00, 0x00, 0x00, 0x00, 0x00, 0x00, 0x00, 0x00, 0x00, 0x00, 0x00, 0x00, 0x00, 0x00, 0x00, 0x00,
  0x00, 0x00, 0x00, 0x00, 0x00, 0x00, 0x00, 0x00, 0x00, 0x00, 0x00, 0x00, 0x00, 0x00, 0x00, 0x00, 0x00, 0x00,
  0x00, 0x00, 0x00, 0x00, 0x00, 0x00, 0x00, 0x00, 0x00, 0x00, 0x00, 0x00, 0x00, 0x00, 0x00, 0x00, 0x00, 0x00,
  0x00, 0x00, 0x00, 0x00, 0x00, 0x00, 0x00, 0x00, 0x00, 0x00, 0x00, 0x00, 0x00, 0x00, 0x00, 0x00, 0x00, 0x00,
  0x00, 0x00, 0x00, 0x00, 0x00, 0x00, 0x00, 0x00, 0x00, 0x00, 0x00, 0x00, 0x00, 0x00, 0x00, 0x00, 0x00, 0x00,
  0x00, 0x00, 0x00, 0x00, 0x00, 0x00, 0x00, 0x00, 0x00, 0x00, 0x00, 0x00, 0x00, 0x00, 0x00, 0x00, 0x00, 0x00,
  0x00, 0x00, 0x00, 0x00, 0x00, 0x00, 0x00, 0x00, 0x00, 0x00, 0x00, 0x00, 0x00, 0x00, 0x00, 0x00, 0x00, 0x00,
  0xFF, 0xFF, 0x00, 0xFF, 0xFF, 0x00, 0xFF, 0xFF, 0x00, 0xFF, 0xFF, 0x00, 0xFF, 0xFF, 0x00, 0xFF, 0xFF, 0x00,
  0xFF, 0xFF, 0x00, 0xFF, 0xFF, 0x00, 0xFF, 0xFF, 0x00, 0xFF, 0xFF, 0x00, 0xFF, 0xFF, 0x00, 0xFF, 0xFF, 0x00,
  0xFF, 0xFF, 0x00, 0xFF, 0xFF, 0x00, 0xFF, 0xFF, 0x00, 0xFF, 0xFF, 0x00, 0xFF, 0xFF, 0x00, 0xFF, 0xFF, 0x00,
  0xFF, 0xFF, 0x00, 0xFF, 0xFF, 0x00, 0xFF, 0xFF, 0x00, 0xFF, 0xFF, 0x00, 0xFF, 0xFF, 0x00, 0xFF, 0xFF, 0x00,
  0xFF, 0xFF, 0x00, 0xFF, 0xFF, 0x00, 0xE7, 0x5D, 0x18, 0x9D, 0x34, 0x67, 0x5B, 0x2D, 0xAE, 0x3A, 0x29, 0xD6,
  0x29, 0xC7, 0xE7, 0x29, 0xE7, 0xE4, 0x42, 0x6A, 0xCB, 0x74, 0x10, 0x91, 0xCE, 0x9A, 0x35, 0xFF, 0xFF, 0x00,
  0xFF, 0xFF, 0x00, 0xFF, 0xFF, 0x00, 0xFF, 0xFF, 0x00, 0xFF, 0xFF, 0x00, 0xFF, 0xFF, 0x00, 0xFF, 0xFF, 0x00,
  0xFF, 0xFF, 0x00, 0xFF, 0xFF, 0x00, 0xFF, 0xFF, 0x00, 0xFF, 0xFF, 0x00, 0xFF, 0xFF, 0x00, 0xFF, 0xFF, 0x00,
  0xFF, 0xFF, 0x00, 0xFF, 0xFF, 0x00, 0xFF, 0xFF, 0x00, 0xFF, 0xFF, 0x00, 0xFF, 0xFF, 0x00, 0xFF, 0xFF, 0x00,
  0xFF, 0xFF, 0x00, 0xFF, 0xFF, 0x00, 0xFF, 0xFF, 0x00, 0xFF, 0xFF, 0x00, 0xFF, 0xFF, 0x00, 0xFF, 0xFF, 0x00,
  0xFF, 0xFF, 0x00, 0xFF, 0xFF, 0x00, 0xFF, 0xFF, 0x00, 0xFF, 0xFF, 0x00, 0xFF, 0xFF, 0x00, 0xFF, 0xFF, 0x00,
  0xFF, 0xFF, 0x00, 0xFF, 0xFF, 0x00, 0xFF, 0xFF, 0x00, 0xFF, 0xFF, 0x00, 0xFF, 0xFF, 0x00, 0xFF, 0xFF, 0x00,
  0xFF, 0xFF, 0x00, 0xFF, 0xFF, 0x00, 0xFF, 0xFF, 0x00, 0xFF, 0xFF, 0x00, 0xFF, 0xFF, 0x00, 0xFF, 0xFF, 0x00,
  0xFF, 0xFF, 0x00, 0xFF, 0xFF, 0x00, 0xFF, 0xFF, 0x00, 0xFF, 0xFF, 0x00, 0xFF, 0xFF, 0x00, 0xFF, 0xFF, 0x00,
  0xF7, 0xBE, 0x0C, 0x84, 0x51, 0x85, 0x21, 0xA6, 0xEB, 0x21, 0xA7, 0xFF, 0x4A, 0xED, 0xFF, 0x74, 0x12, 0xFF,
  0x84, 0xB5, 0xFF, 0x84, 0x95, 0xFF, 0x63, 0xD1, 0xFF, 0x32, 0x2A, 0xFF, 0x19, 0x45, 0xFD, 0x73, 0xEF, 0x97,
  0xFF, 0xDF, 0x07, 0xFF, 0xFF, 0x00, 0xFF, 0xFF, 0x00, 0xFF, 0xFF, 0x00, 0xFF, 0xFF, 0x00, 0xFF, 0xFF, 0x00,
  0xFF, 0xFF, 0x00, 0xFF, 0xFF, 0x00, 0xFF, 0xFF, 0x00, 0xFF, 0xFF, 0x00, 0xFF, 0xFF, 0x00, 0xFF, 0xFF, 0x00,
  0xFF, 0xFF, 0x00, 0xFF, 0xFF, 0x00, 0xFF, 0xFF, 0x00, 0xFF, 0xFF, 0x00, 0xFF, 0xFF, 0x00, 0xFF, 0xFF, 0x00,
  0xFF, 0xFF, 0x00, 0xFF, 0xFF, 0x00, 0xFF, 0xFF, 0x00, 0xFF, 0xFF, 0x00, 0xFF, 0xFF, 0x00, 0xFF, 0xFF, 0x00,
  0xFF, 0xFF, 0x00, 0xFF, 0xFF, 0x00, 0xFF, 0xFF, 0x00, 0xFF, 0xFF, 0x00, 0xFF, 0xFF, 0x00, 0xFF, 0xFF, 0x00,
  0xFF, 0xFF, 0x00, 0xFF, 0xFF, 0x00, 0xFF, 0xFF, 0x00, 0xFF, 0xFF, 0x00, 0xFF, 0xFF, 0x00, 0xFF, 0xFF, 0x00,
  0xFF, 0xFF, 0x00, 0xFF, 0xFF, 0x00, 0xE7, 0x3C, 0x1D, 0xAD, 0x96, 0x56, 0x8C, 0xB2, 0x7A, 0x8C, 0x92, 0x7C,
  0xAD, 0x75, 0x5B, 0xDF, 0x1C, 0x22, 0xFF, 0xFF, 0x00, 0xFF, 0xFF, 0x00, 0xFF, 0xFF, 0x00, 0xD6, 0xBA, 0x30,
  0x3A, 0x29, 0xD4, 0x21, 0x87, 0xFF, 0x7C, 0x74, 0xFF, 0xBE, 0x5D, 0xFF, 0xCE, 0xFF, 0xFF, 0xCF, 0x1F, 0xFF,
  0xCF, 0x1F, 0xFF, 0xCF, 0x1F, 0xFF, 0xCF, 0x1F, 0xFF, 0xC6, 0xDF, 0xFF, 0x8C, 0xF6, 0xFF, 0x19, 0x66, 0xFF,
  0x53, 0x0C, 0xBA, 0xFF, 0xDF, 0x06, 0xFF, 0xFF, 0x00, 0xFF, 0xFF, 0x00, 0xFF, 0xFF, 0x00, 0xFF, 0xFF, 0x00,
  0xFF, 0xFF, 0x00, 0xFF, 0xFF, 0x00, 0xFF, 0xFF, 0x00, 0xFF, 0xFF, 0x00, 0xFF, 0xFF, 0x00, 0xFF, 0xFF, 0x00,
  0xFF, 0xFF, 0x00, 0xFF, 0xFF, 0x00, 0xFF, 0xFF, 0x00, 0xFF, 0xFF, 0x00, 0xFF, 0xFF, 0x00, 0xFF, 0xFF, 0x00,
  0xFF, 0xFF, 0x00, 0xFF, 0xFF, 0x00, 0xFF, 0xFF, 0x00, 0xFF, 0xFF, 0x00, 0xFF, 0xFF, 0x00, 0xFF, 0xFF, 0x00,
  0xFF, 0xFF, 0x00, 0xFF, 0xFF, 0x00, 0xFF, 0xFF, 0x00, 0xFF, 0xFF, 0x00, 0xFF, 0xFF, 0x00, 0xFF, 0xFF, 0x00,
  0xFF, 0xFF, 0x00, 0xFF, 0xFF, 0x00, 0xFF, 0xFF, 0x00, 0xFF, 0xFF, 0x00, 0xFF, 0xFF, 0x00, 0xFF, 0xFF, 0x00,
  0xD6, 0xDB, 0x2D, 0x63, 0x6E, 0xA5, 0x21, 0x86, 0xF1, 0x21, 0xA7, 0xFF, 0x32, 0x2A, 0xFF, 0x3A, 0x4A, 0xFF,
  0x21, 0xA7, 0xFF, 0x21, 0x86, 0xF4, 0x6B, 0x8E, 0xA1, 0xEF, 0x7D, 0x13, 0xCE, 0x9A, 0x34, 0x21, 0x86, 0xED,
  0x42, 0x8C, 0xFF, 0xB6, 0x3C, 0xFF, 0xCF, 0x1F, 0xFF, 0xCE, 0xDF, 0xFF, 0xC6, 0xDF, 0xFF, 0xC6, 0xDF, 0xFF,
  0xC6, 0xDF, 0xFF, 0xC6, 0xDF, 0xFF, 0xC6, 0xDF, 0xFF, 0xC6, 0xDF, 0xFF, 0xCF, 0x1F, 0xFF, 0xA5, 0xBA, 0xFF,
  0x19, 0x66, 0xFF, 0x73, 0xF0, 0x97, 0xFF, 0xFF, 0x00, 0xFF, 0xFF, 0x00, 0xFF, 0xFF, 0x00, 0xFF, 0xDF, 0x04,
  0xF7, 0x9E, 0x0E, 0xF7, 0x9E, 0x0E, 0xFF, 0xDF, 0x04, 0xFF, 0xFF, 0x00, 0xFF, 0xFF, 0x00, 0xFF, 0xFF, 0x00,
  0xFF, 0xFF, 0x00, 0xFF, 0xFF, 0x00, 0xFF, 0xFF, 0x00, 0xFF, 0xFF, 0x00, 0xFF, 0xFF, 0x00, 0xFF, 0xFF, 0x00,
  0xFF, 0xFF, 0x00, 0xFF, 0xFF, 0x00, 0xFF, 0xFF, 0x00, 0xFF, 0xFF, 0x00, 0xFF, 0xFF, 0x00, 0xFF, 0xFF, 0x00,
  0xFF, 0xFF, 0x00, 0xFF, 0xFF, 0x00, 0xFF, 0xFF, 0x00, 0xFF, 0xFF, 0x00, 0xFF, 0xFF, 0x00, 0xFF, 0xFF, 0x00,
  0xFF, 0xFF, 0x00, 0xFF, 0xFF, 0x00, 0xFF, 0xFF, 0x00, 0xFF, 0xFF, 0x00, 0xFF, 0xFF, 0x00, 0x94, 0xD3, 0x76,
  0x19, 0x65, 0xF6, 0x3A, 0x4A, 0xFF, 0x8C, 0xF6, 0xFF, 0xB6, 0x5D, 0xFF, 0xC6, 0xBF, 0xFF, 0xC6, 0xDF, 0xFF,
  0xBE, 0x7E, 0xFF, 0x8C, 0xD6, 0xFF, 0x29, 0xE8, 0xFF, 0x32, 0x08, 0xDE, 0x29, 0xE7, 0xE6, 0x4A, 0xCD, 0xFF,
  0xC6, 0xBF, 0xFF, 0xCE, 0xFF, 0xFF, 0xC6, 0xDF, 0xFF, 0xC6, 0xDF, 0xFF, 0xC6, 0xDF, 0xFF, 0xC6, 0xDF, 0xFF,
  0xC6, 0xDF, 0xFF, 0xC6, 0xDF, 0xFF, 0xC6, 0xDF, 0xFF, 0xC6, 0xDF, 0xFF, 0xC6, 0xDF, 0xFF, 0xCF, 0x1F, 0xFF,
  0x84, 0xB5, 0xFF, 0x19, 0x45, 0xFE, 0xB5, 0xD7, 0x52, 0x9D, 0x34, 0x67, 0x5B, 0x2D, 0xAF, 0x3A, 0x49, 0xD5,
  0x31, 0xE7, 0xE5, 0x29, 0xE7, 0xE5, 0x3A, 0x29, 0xD6, 0x5B, 0x2C, 0xB2, 0x94, 0xD3, 0x72, 0xDE, 0xFC, 0x24,
  0xFF, 0xFF, 0x00, 0xFF, 0xFF, 0x00, 0xFF, 0xFF, 0x00, 0xFF, 0xFF, 0x00, 0xFF, 0xFF, 0x00, 0xFF, 0xFF, 0x00,
  0xFF, 0xFF, 0x00, 0xFF, 0xFF, 0x00, 0xFF, 0xFF, 0x00, 0xFF, 0xFF, 0x00, 0xFF, 0xFF, 0x00, 0xFF, 0xFF, 0x00,
  0xFF, 0xFF, 0x00, 0xFF, 0xFF, 0x00, 0xFF, 0xFF, 0x00, 0xFF, 0xFF, 0x00, 0xFF, 0xFF, 0x00, 0xFF, 0xFF, 0x00,
  0xFF, 0xFF, 0x00, 0xFF, 0xFF, 0x00, 0xFF, 0xFF, 0x00, 0xFF, 0xFF, 0x00, 0x74, 0x10, 0x95, 0x11, 0x25, 0xFF,
  0x74, 0x53, 0xFF, 0xC6, 0xDF, 0xFF, 0xCE, 0xFF, 0xFF, 0xCE, 0xFF, 0xFF, 0xCE, 0xFF, 0xFF, 0xC6, 0xDF, 0xFF,
  0xC6, 0xDF, 0xFF, 0xCF, 0x1F, 0xFF, 0xBE, 0x5D, 0xFF, 0x3A, 0x6A, 0xFF, 0x32, 0x09, 0xFF, 0xBE, 0x7E, 0xFF,
  0xCE, 0xFF, 0xFF, 0xC6, 0xDF, 0xFF, 0xC6, 0xDF, 0xFF, 0xC6, 0xDF, 0xFF, 0xC6, 0xDF, 0xFF, 0xC6, 0xDF, 0xFF,
  0xC6, 0xDF, 0xFF, 0xC6, 0xDF, 0xFF, 0xC6, 0xDF, 0xFF, 0xC6, 0xDF, 0xFF, 0xC6, 0xDF, 0xFF, 0xC6, 0xDF, 0xFF,
  0xC6, 0xDF, 0xFF, 0x3A, 0x4A, 0xFF, 0x11, 0x04, 0xFF, 0x21, 0xA7, 0xFF, 0x4A, 0xED, 0xFF, 0x74, 0x33, 0xFF,
  0x84, 0xB5, 0xFF, 0x84, 0xB5, 0xFF, 0x74, 0x33, 0xFF, 0x53, 0x0E, 0xFF, 0x29, 0xC8, 0xFF, 0x21, 0x66, 0xF5,
  0x6B, 0xAF, 0x9D, 0xE7, 0x3C, 0x1D, 0xFF, 0xFF, 0x00, 0xFF, 0xFF, 0x00, 0xFF, 0xFF, 0x00, 0xFF, 0xFF, 0x00,
  0xFF, 0xFF, 0x00, 0xFF, 0xFF, 0x00, 0xFF, 0xFF, 0x00, 0xFF, 0xFF, 0x00, 0xFF, 0xFF, 0x00, 0xFF, 0xFF, 0x00,
  0xFF, 0xFF, 0x00, 0xFF, 0xFF, 0x00, 0xFF, 0xFF, 0x00, 0xFF, 0xFF, 0x00, 0xFF, 0xFF, 0x00, 0xFF, 0xFF, 0x00,
  0xFF, 0xFF, 0x00, 0xFF, 0xFF, 0x00, 0xFF, 0xFF, 0x00, 0x94, 0xD3, 0x79, 0x11, 0x25, 0xFF, 0x8C, 0xF6, 0xFF,
  0xCF, 0x1F, 0xFF, 0xCE, 0xDF, 0xFF, 0xE7, 0x5F, 0xFF, 0xF7, 0xDF, 0xFF, 0xFF, 0xFF, 0xFF, 0xDF, 0x5F, 0xFF,
  0xC6, 0xBF, 0xFF, 0xC6, 0xDF, 0xFF, 0xCE, 0xFF, 0xFF, 0xBE, 0x7D, 0xFF, 0xB6, 0x3C, 0xFF, 0xCE, 0xFF, 0xFF,
  0xC6, 0xDF, 0xFF, 0xC6, 0xDF, 0xFF, 0xC6, 0xDF, 0xFF, 0xC6, 0xDF, 0xFF, 0xC6, 0xDF, 0xFF, 0xC6, 0xDF, 0xFF,
  0xC6, 0xDF, 0xFF, 0xC6, 0xDF, 0xFF, 0xC6, 0xDF, 0xFF, 0xC6, 0xDF, 0xFF, 0xC6, 0xDF, 0xFF, 0xC6, 0xDF, 0xFF,
  0xCE, 0xFF, 0xFF, 0x95, 0x37, 0xFF, 0x7C, 0x53, 0xFF, 0xBE, 0x7D, 0xFF, 0xCE, 0xFF, 0xFF, 0xCF, 0x1F, 0xFF,
  0xCF, 0x1F, 0xFF, 0xCF, 0x1F, 0xFF, 0xCF, 0x1F, 0xFF, 0xCE, 0xFF, 0xFF, 0xBE, 0x9E, 0xFF, 0x8C, 0xD6, 0xFF,
  0x2A, 0x09, 0xFF, 0x29, 0xA7, 0xE8, 0xBD, 0xF7, 0x4C, 0xFF, 0xFF, 0x00, 0xFF, 0xFF, 0x00, 0xFF, 0xFF, 0x00,
  0xFF, 0xFF, 0x00, 0xFF, 0xFF, 0x00, 0xFF, 0xFF, 0x00, 0xFF, 0xFF, 0x00, 0xFF, 0xFF, 0x00, 0xFF, 0xFF, 0x00,
  0xFF, 0xFF, 0x00, 0xFF, 0xFF, 0x00, 0xFF, 0xFF, 0x00, 0xFF, 0xFF, 0x00, 0xFF, 0xFF, 0x00, 0xFF, 0xFF, 0x00,
  0xFF, 0xFF, 0x00, 0xFF, 0xFF, 0x00, 0xD6, 0xDB, 0x2B, 0x19, 0x65, 0xF8, 0x74, 0x33, 0xFF, 0xCF, 0x1F, 0xFF,
  0xCE, 0xFF, 0xFF, 0xF7, 0xBF, 0xFF, 0xFF, 0xFF, 0xFF, 0xFF, 0xFF, 0xFF, 0xFF, 0xFF, 0xFF, 0xEF, 0x9F, 0xFF,
  0xC6, 0xBF, 0xFF, 0xC6, 0xDF, 0xFF, 0xC6, 0xDF, 0xFF, 0xC6, 0xDF, 0xFF, 0xCE, 0xDF, 0xFF, 0xC6, 0xDF, 0xFF,
  0xC6, 0xDF, 0xFF, 0xC6, 0xDF, 0xFF, 0xC6, 0xDF, 0xFF, 0xC6, 0xDF, 0xFF, 0xC6, 0xDF, 0xFF, 0xC6, 0xDF, 0xFF,
  0xC6, 0xDF, 0xFF, 0xC6, 0xDF, 0xFF, 0xC6, 0xDF, 0xFF, 0xC6, 0xDF, 0xFF, 0xC6, 0xDF, 0xFF, 0xC6, 0xDF, 0xFF,
  0xC6, 0xDF, 0xFF, 0xCE, 0xFF, 0xFF, 0xCF, 0x1F, 0xFF, 0xCE, 0xDF, 0xFF, 0xC6, 0xDF, 0xFF, 0xC6, 0xDF, 0xFF,
  0xC6, 0xDF, 0xFF, 0xC6, 0xDF, 0xFF, 0xC6, 0xDF, 0xFF, 0xC6, 0xDF, 0xFF, 0xC6, 0xDF, 0xFF, 0xCF, 0x1F, 0xFF,
  0xC6, 0x9E, 0xFF, 0x5B, 0x6F, 0xFF, 0x19, 0x45, 0xFB, 0xB5, 0xD7, 0x53, 0xFF, 0xFF, 0x00, 0xFF, 0xFF, 0x00,
  0xFF, 0xFF, 0x00, 0xFF, 0xFF, 0x00, 0xFF, 0xFF, 0x00, 0xFF, 0xFF, 0x00, 0xFF, 0xFF, 0x00, 0xFF, 0xFF, 0x00,
  0xFF, 0xFF, 0x00, 0xFF, 0xFF, 0x00, 0xFF, 0xFF, 0x00, 0xFF, 0xFF, 0x00, 0xFF, 0xFF, 0x00, 0xFF, 0xFF, 0x00,
  0xFF, 0xFF, 0x00, 0xFF, 0xFF, 0x00, 0x73, 0xCF, 0x9A, 0x32, 0x09, 0xFF, 0xC6, 0xBF, 0xFF, 0xCE, 0xDF, 0xFF,
  0xF7, 0xBF, 0xFF, 0xFF, 0xFF, 0xFF, 0xFF, 0xFF, 0xFF, 0xFF, 0xFF, 0xFF, 0xEF, 0xBF, 0xFF, 0xCE, 0xDF, 0xFF,
  0xC6, 0xBF, 0xFF, 0xC6, 0xDF, 0xFF, 0xC6, 0xDF, 0xFF, 0xC6, 0xDF, 0xFF, 0xC6, 0xDF, 0xFF, 0xC6, 0xDF, 0xFF,
  0xC6, 0xDF, 0xFF, 0xC6, 0xDF, 0xFF, 0xC6, 0xDF, 0xFF, 0xC6, 0xDF, 0xFF, 0xC6, 0xDF, 0xFF, 0xC6, 0xDF, 0xFF,
  0xC6, 0xDF, 0xFF, 0xC6, 0xDF, 0xFF, 0xC6, 0xDF, 0xFF, 0xC6, 0xDF, 0xFF, 0xC6, 0xDF, 0xFF, 0xC6, 0xDF, 0xFF,
  0xC6, 0xDF, 0xFF, 0xC6, 0xDF, 0xFF, 0xC6, 0xDF, 0xFF, 0xC6, 0xDF, 0xFF, 0xC6, 0xDF, 0xFF, 0xC6, 0xDF, 0xFF,
  0xC6, 0xDF, 0xFF, 0xC6, 0xDF, 0xFF, 0xC6, 0xDF, 0xFF, 0xC6, 0xDF, 0xFF, 0xC6, 0xDF, 0xFF, 0xC6, 0xDF, 0xFF,
  0xCE, 0xDF, 0xFF, 0xCE, 0xFF, 0xFF, 0x63, 0x90, 0xFF, 0x21, 0x66, 0xF2, 0xDE, 0xDB, 0x29, 0xFF, 0xFF, 0x00,
  0xFF, 0xFF, 0x00, 0xFF, 0xFF, 0x00, 0xFF, 0xFF, 0x00, 0xFF, 0xFF, 0x00, 0xFF, 0xFF, 0x00, 0xFF, 0xFF, 0x00,
  0xFF, 0xFF, 0x00, 0xFF, 0xFF, 0x00, 0xFF, 0xFF, 0x00, 0xFF, 0xFF, 0x00, 0xFF, 0xFF, 0x00, 0xFF, 0xFF, 0x00,
  0xFF, 0xFF, 0x00, 0xF7, 0xBE, 0x0C, 0x31, 0xE8, 0xE3, 0x74, 0x33, 0xFF, 0xCE, 0xFF, 0xFF, 0xE7, 0x5F, 0xFF,
  0xFF, 0xFF, 0xFF, 0xFF, 0xFF, 0xFF, 0xFF, 0xFF, 0xFF, 0xDF, 0x5F, 0xFF, 0xC6, 0xBF, 0xFF, 0xC6, 0xBF, 0xFF,
  0xC6, 0xDF, 0xFF, 0xC6, 0xDF, 0xFF, 0xC6, 0xDF, 0xFF, 0xC6, 0xDF, 0xFF, 0xC6, 0xDF, 0xFF, 0xC6, 0xDF, 0xFF,
  0xC6, 0xDF, 0xFF, 0xC6, 0xDF, 0xFF, 0xC6, 0xDF, 0xFF, 0xC6, 0xDF, 0xFF, 0xC6, 0xDF, 0xFF, 0xC6, 0xDF, 0xFF,
  0xC6, 0xDF, 0xFF, 0xC6, 0xDF, 0xFF, 0xC6, 0xDF, 0xFF, 0xC6, 0xDF, 0xFF, 0xC6, 0xDF, 0xFF, 0xC6, 0xDF, 0xFF,
  0xC6, 0xDF, 0xFF, 0xC6, 0xDF, 0xFF, 0xC6, 0xDF, 0xFF, 0xC6, 0xDF, 0xFF, 0xC6, 0xDF, 0xFF, 0xC6, 0xDF, 0xFF,
  0xC6, 0xDF, 0xFF, 0xC6, 0xDF, 0xFF, 0xC6, 0xDF, 0xFF, 0xC6, 0xDF, 0xFF, 0xC6, 0xDF, 0xFF, 0xC6, 0xDF, 0xFF,
  0xC6, 0xDF, 0xFF, 0xCE, 0xDF, 0xFF, 0xC6, 0xBF, 0xFF, 0x3A, 0x4A, 0xFF, 0x5B, 0x0C, 0xB7, 0xFF, 0xFF, 0x00,
  0xFF, 0xFF, 0x00, 0xFF, 0xFF, 0x00, 0xFF, 0xFF, 0x00, 0xFF, 0xFF, 0x00, 0xFF, 0xFF, 0x00, 0xFF, 0xFF, 0x00,
  0xFF, 0xFF, 0x00, 0xFF, 0xFF, 0x00, 0xFF, 0xFF, 0x00, 0xFF, 0xFF, 0x00, 0xFF, 0xFF, 0x00, 0xFF, 0xFF, 0x00,
  0xFF, 0xFF, 0x00, 0xD6, 0xBA, 0x30, 0x21, 0x66, 0xFE, 0xA5, 0x9A, 0xFF, 0xCE, 0xFF, 0xFF, 0xF7, 0xDF, 0xFF,
  0xFF, 0xFF, 0xFF, 0xFF, 0xFF, 0xFF, 0xE7, 0x7F, 0xFF, 0xC6, 0xBF, 0xFF, 0xC6, 0xDF, 0xFF, 0xC6, 0xDF, 0xFF,
  0xC6, 0xDF, 0xFF, 0xC6, 0xDF, 0xFF, 0xC6, 0xDF, 0xFF, 0xC6, 0xDF, 0xFF, 0xC6, 0xDF, 0xFF, 0xC6, 0xDF, 0xFF,
  0xC6, 0xDF, 0xFF, 0xC6, 0xDF, 0xFF, 0xC6, 0xDF, 0xFF, 0xC6, 0xDF, 0xFF, 0xC6, 0xDF, 0xFF, 0xC6, 0xDF, 0xFF,
  0xC6, 0xDF, 0xFF, 0xC6, 0xDF, 0xFF, 0xC6, 0xDF, 0xFF, 0xC6, 0xDF, 0xFF, 0xC6, 0xDF, 0xFF, 0xC6, 0xDF, 0xFF,
  0xC6, 0xDF, 0xFF, 0xC6, 0xDF, 0xFF, 0xC6, 0xDF, 0xFF, 0xC6, 0xDF, 0xFF, 0xC6, 0xDF, 0xFF, 0xC6, 0xDF, 0xFF,
  0xC6, 0xDF, 0xFF, 0xC6, 0xDF, 0xFF, 0xC6, 0xDF, 0xFF, 0xC6, 0xDF, 0xFF, 0xC6, 0xDF, 0xFF, 0xC6, 0xDF, 0xFF,
  0xC6, 0xDF, 0xFF, 0xC6, 0xDF, 0xFF, 0xCF, 0x1F, 0xFF, 0x95, 0x38, 0xFF, 0x19, 0x45, 0xFF, 0xCE, 0x59, 0x3C,
  0xFF, 0xFF, 0x00, 0xFF, 0xFF, 0x00, 0xFF, 0xFF, 0x00, 0xFF, 0xFF, 0x00, 0xFF, 0xFF, 0x00, 0xFF, 0xFF, 0x00,
  0xFF, 0xFF, 0x00, 0xFF, 0xFF, 0x00, 0xFF, 0xFF, 0x00, 0xFF, 0xFF, 0x00, 0xFF, 0xFF, 0x00, 0xFF, 0xFF, 0x00,
  0xFF, 0xFF, 0x00, 0xBD, 0xF8, 0x49, 0x21, 0x86, 0xFF, 0xB6, 0x1C, 0xFF, 0xD7, 0x1F, 0xFF, 0xFF, 0xFF, 0xFF,
  0xFF, 0xFF, 0xFF, 0xFF, 0xFF, 0xFF, 0xCE, 0xFF, 0xFF, 0xC6, 0xBF, 0xFF, 0xC6, 0xDF, 0xFF, 0xC6, 0xDF, 0xFF,
  0xC6, 0xDF, 0xFF, 0xC6, 0xDF, 0xFF, 0xC6, 0xDF, 0xFF, 0xC6, 0xDF, 0xFF, 0xC6, 0xDF, 0xFF, 0xC6, 0xDF, 0xFF,
  0xC6, 0xDF, 0xFF, 0xC6, 0xDF, 0xFF, 0xC6, 0xDF, 0xFF, 0xC6, 0xDF, 0xFF, 0xC6, 0xDF, 0xFF, 0xC6, 0xDF, 0xFF,
  0xC6, 0xDF, 0xFF, 0xC6, 0xDF, 0xFF, 0xC6, 0xDF, 0xFF, 0xC6, 0xDF, 0xFF, 0xC6, 0xDF, 0xFF, 0xC6, 0xDF, 0xFF,
  0xC6, 0xDF, 0xFF, 0xC6, 0xDF, 0xFF, 0xC6, 0xDF, 0xFF, 0xC6, 0xDF, 0xFF, 0xC6, 0xDF, 0xFF, 0xC6, 0xDF, 0xFF,
  0xC6, 0xDF, 0xFF, 0xC6, 0xDF, 0xFF, 0xC6, 0xDF, 0xFF, 0xC6, 0xDF, 0xFF, 0xC6, 0xDF, 0xFF, 0xC6, 0xDF, 0xFF,
  0xC6, 0xDF, 0xFF, 0xC6, 0xDF, 0xFF, 0xC6, 0xDF, 0xFF, 0xC6, 0xBF, 0xFF, 0x32, 0x29, 0xFF, 0x73, 0xEF, 0x98,
  0xFF, 0xFF, 0x00, 0xFF, 0xFF, 0x00, 0xFF, 0xFF, 0x00, 0xFF, 0xFF, 0x00, 0xFF, 0xFF, 0x00, 0xFF, 0xFF, 0x00,
  0xFF, 0xFF, 0x00, 0xFF, 0xFF, 0x00, 0xFF, 0xFF, 0x00, 0xFF, 0xFF, 0x00, 0xFF, 0xFF, 0x00, 0xFF, 0xFF, 0x00,
  0xFF, 0xFF, 0x00, 0xB5, 0xD7, 0x4E, 0x21, 0x87, 0xFF, 0xB6, 0x3C, 0xFF, 0xCE, 0xFF, 0xFF, 0xF7, 0xDF, 0xFF,
  0xFF, 0xFF, 0xFF, 0xF7, 0xBF, 0xFF, 0xC6, 0xBF, 0xFF, 0xC6, 0xDF, 0xFF, 0xC6, 0xDF, 0xFF, 0xC6, 0xDF, 0xFF,
  0xC6, 0xDF, 0xFF, 0xC6, 0xDF, 0xFF, 0xC6, 0xDF, 0xFF, 0xC6, 0xDF, 0xFF, 0xC6, 0xDF, 0xFF, 0xC6, 0xDF, 0xFF,
  0xC6, 0xDF, 0xFF, 0xC6, 0xDF, 0xFF, 0xC6, 0xDF, 0xFF, 0xC6, 0xDF, 0xFF, 0xC6, 0xDF, 0xFF, 0xC6, 0xDF, 0xFF,
  0xC6, 0xDF, 0xFF, 0xC6, 0xDF, 0xFF, 0xC6, 0xDF, 0xFF, 0xC6, 0xDF, 0xFF, 0xC6, 0xDF, 0xFF, 0xC6, 0xDF, 0xFF,
  0xC6, 0xDF, 0xFF, 0xC6, 0xDF, 0xFF, 0xC6, 0xDF, 0xFF, 0xC6, 0xDF, 0xFF, 0xC6, 0xDF, 0xFF, 0xC6, 0xDF, 0xFF,
  0xC6, 0xDF, 0xFF, 0xC6, 0xDF, 0xFF, 0xC6, 0xDF, 0xFF, 0xC6, 0xDF, 0xFF, 0xC6, 0xDF, 0xFF, 0xC6, 0xDF, 0xFF,
  0xC6, 0xDF, 0xFF, 0xC6, 0xDF, 0xFF, 0xC6, 0xDF, 0xFF, 0xCF, 0x1F, 0xFF, 0x6B, 0xD1, 0xFF, 0x3A, 0x29, 0xD9,
  0xFF, 0xDF, 0x05, 0xFF, 0xFF, 0x00, 0xFF, 0xFF, 0x00, 0xFF, 0xFF, 0x00, 0xFF, 0xFF, 0x00, 0xFF, 0xFF, 0x00,
  0xFF, 0xFF, 0x00, 0xFF, 0xFF, 0x00, 0xFF, 0xFF, 0x00, 0xFF, 0xFF, 0x00, 0xFF, 0xFF, 0x00, 0xFF, 0xFF, 0x00,
  0xFF, 0xFF, 0x00, 0xBE, 0x18, 0x46, 0x21, 0x66, 0xFF, 0xAD, 0xFB, 0xFF, 0xCE, 0xDF, 0xFF, 0xCE, 0xFF, 0xFF,
  0xE7, 0x5F, 0xFF, 0xCE, 0xFF, 0xFF, 0xC6, 0xBF, 0xFF, 0xC6, 0xDF, 0xFF, 0xC6, 0xDF, 0xFF, 0xC6, 0xDF, 0xFF,
  0xC6, 0xDF, 0xFF, 0xC6, 0xDF, 0xFF, 0xC6, 0xDF, 0xFF, 0xC6, 0xDF, 0xFF, 0xC6, 0xDF, 0xFF, 0xC6, 0xDF, 0xFF,
  0xCE, 0xDF, 0xFF, 0xC6, 0xDF, 0xFF, 0xC6, 0xDF, 0xFF, 0xC6, 0xDF, 0xFF, 0xC6, 0xDF, 0xFF, 0xC6, 0xDF, 0xFF,
  0xC6, 0xDF, 0xFF, 0xC6, 0xDF, 0xFF, 0xC6, 0xDF, 0xFF, 0xC6, 0xDF, 0xFF, 0xC6, 0xDF, 0xFF, 0xCE, 0xDF, 0xFF,
  0xC6, 0xDF, 0xFF, 0xC6, 0xDF, 0xFF, 0xC6, 0xDF, 0xFF, 0xC6, 0xDF, 0xFF, 0xC6, 0xDF, 0xFF, 0xC6, 0xDF, 0xFF,
  0xC6, 0xDF, 0xFF, 0xC6, 0xDF, 0xFF, 0xC6, 0xDF, 0xFF, 0xC6, 0xDF, 0xFF, 0xC6, 0xDF, 0xFF, 0xC6, 0xDF, 0xFF,
  0xC6, 0xDF, 0xFF, 0xC6, 0xDF, 0xFF, 0xC6, 0xDF, 0xFF, 0xCE, 0xFF, 0xFF, 0x95, 0x17, 0xFF, 0x21, 0x86, 0xF8,
  0xDF, 0x1C, 0x22, 0xFF, 0xFF, 0x00, 0xFF, 0xFF, 0x00, 0xFF, 0xFF, 0x00, 0xFF, 0xFF, 0x00, 0xFF, 0xFF, 0x00,
  0xFF, 0xFF, 0x00, 0xFF, 0xFF, 0x00, 0xFF, 0xFF, 0x00, 0xFF, 0xFF, 0x00, 0xCE, 0x9A, 0x35, 0x7C, 0x10, 0x8D,
  0x4A, 0xAA, 0xC4, 0x31, 0xE8, 0xE1, 0x11, 0x04, 0xFF, 0x95, 0x37, 0xFF, 0xCE, 0xFF, 0xFF, 0xC6, 0xBF, 0xFF,
  0xC6, 0xBF, 0xFF, 0xC6, 0xBF, 0xFF, 0xC6, 0xDF, 0xFF, 0xC6, 0xDF, 0xFF, 0xC6, 0xDF, 0xFF, 0xC6, 0xDF, 0xFF,
  0xC6, 0xDF, 0xFF, 0xC6, 0xDF, 0xFF, 0xC6, 0xDF, 0xFF, 0xC6, 0xDF, 0xFF, 0xC6, 0xDF, 0xFF, 0xC6, 0xDF, 0xFF,
  0xB6, 0x5D, 0xFF, 0xC6, 0xDF, 0xFF, 0xC6, 0xDF, 0xFF, 0xC6, 0xDF, 0xFF, 0xC6, 0xDF, 0xFF, 0xC6, 0xDF, 0xFF,
  0xC6, 0xDF, 0xFF, 0xC6, 0xDF, 0xFF, 0xC6, 0xDF, 0xFF, 0xC6, 0xDF, 0xFF, 0xC6, 0xDF, 0xFF, 0xB6, 0x5D, 0xFF,
  0xC6, 0xDF, 0xFF, 0xC6, 0xDF, 0xFF, 0xC6, 0xDF, 0xFF, 0xC6, 0xDF, 0xFF, 0xC6, 0xDF, 0xFF, 0xC6, 0xDF, 0xFF,
  0xC6, 0xDF, 0xFF, 0xC6, 0xDF, 0xFF, 0xC6, 0xDF, 0xFF, 0xC6, 0xDF, 0xFF, 0xC6, 0xDF, 0xFF, 0xC6, 0xDF, 0xFF,
  0xC6, 0xDF, 0xFF, 0xC6, 0xDF, 0xFF, 0xC6, 0xDF, 0xFF, 0xCE, 0xFF, 0xFF, 0xA5, 0xDA, 0xFF, 0x19, 0x66, 0xFF,
  0xCE, 0x79, 0x3B, 0xFF, 0xFF, 0x00, 0xFF, 0xFF, 0x00, 0xFF, 0xFF, 0x00, 0xFF, 0xFF, 0x00, 0xFF, 0xFF, 0x00,
  0xFF, 0xFF, 0x00, 0xFF, 0xFF, 0x00, 0xF7, 0x9E, 0x0D, 0x6B, 0xCF, 0x9C, 0x19, 0x45, 0xFD, 0x32, 0x2A, 0xFF,
  0x63, 0xB0, 0xFF, 0x7C, 0x54, 0xFF, 0x7C, 0x74, 0xFF, 0xB6, 0x3C, 0xFF, 0xC6, 0xDF, 0xFF, 0xC6, 0xDF, 0xFF,
  0xC6, 0xDF, 0xFF, 0xC6, 0xDF, 0xFF, 0xC6, 0xDF, 0xFF, 0xC6, 0xDF, 0xFF, 0xC6, 0xDF, 0xFF, 0xC6, 0xDF, 0xFF,
  0xC6, 0xDF, 0xFF, 0xC6, 0xDF, 0xFF, 0xC6, 0xDF, 0xFF, 0xC6, 0xDF, 0xFF, 0xC6, 0xDF, 0xFF, 0x4A, 0xAC, 0xFF,
  0x18, 0xE3, 0xFF, 0x8C, 0xB5, 0xFF, 0xCE, 0xFF, 0xFF, 0xC6, 0xDF, 0xFF, 0xC6, 0xDF, 0xFF, 0xC6, 0xDF, 0xFF,
  0xC6, 0xDF, 0xFF, 0xC6, 0xDF, 0xFF, 0xC6, 0xDF, 0xFF, 0xCF, 0x1F, 0xFF, 0x73, 0xF2, 0xFF, 0x08, 0x41, 0xFF,
  0x73, 0xD1, 0xFF, 0xCE, 0xDF, 0xFF, 0xC6, 0xDF, 0xFF, 0xC6, 0xDF, 0xFF, 0xC6, 0xDF, 0xFF, 0xC6, 0xDF, 0xFF,
  0xC6, 0xDF, 0xFF, 0xC6, 0xDF, 0xFF, 0xC6, 0xDF, 0xFF, 0xC6, 0xDF, 0xFF, 0xC6, 0xDF, 0xFF, 0xC6, 0xDF, 0xFF,
  0xC6, 0xDF, 0xFF, 0xC6, 0xDF, 0xFF, 0xC6, 0xDF, 0xFF, 0xCE, 0xFF, 0xFF, 0xAE, 0x1C, 0xFF, 0x21, 0x86, 0xFF,
  0xCE, 0x79, 0x3D, 0xFF, 0xFF, 0x00, 0xFF, 0xFF, 0x00, 0xFF, 0xFF, 0x00, 0xFF, 0xFF, 0x00, 0xFF, 0xFF, 0x00,
  0xFF, 0xFF, 0x00, 0xEF, 0x7D, 0x13, 0x42, 0x8A, 0xCA, 0x21, 0x87, 0xFF, 0x8C, 0xF6, 0xFF, 0xC6, 0xDF, 0xFF,
  0xCF, 0x1F, 0xFF, 0xCF, 0x1F, 0xFF, 0xCF, 0x1F, 0xFF, 0xC6, 0xDF, 0xFF, 0xC6, 0xDF, 0xFF, 0xC6, 0xDF, 0xFF,
  0xC6, 0xDF, 0xFF, 0xC6, 0xDF, 0xFF, 0xC6, 0xDF, 0xFF, 0xC6, 0xDF, 0xFF, 0xC6, 0xDF, 0xFF, 0xC6, 0xDF, 0xFF,
  0xC6, 0xDF, 0xFF, 0xC6, 0xDF, 0xFF, 0xC6, 0xDF, 0xFF, 0xC6, 0xDF, 0xFF, 0xC6, 0xBF, 0xFF, 0x18, 0xE4, 0xFF,
  0x00, 0x00, 0xFF, 0x63, 0x6F, 0xFF, 0xCF, 0x1F, 0xFF, 0xC6, 0xDF, 0xFF, 0xC6, 0xDF, 0xFF, 0xC6, 0xDF, 0xFF,
  0xC6, 0xDF, 0xFF, 0xC6, 0xDF, 0xFF, 0xC6, 0xDF, 0xFF, 0xCF, 0x1F, 0xFF, 0x52, 0xED, 0xFF, 0x00, 0x00, 0xFF,
  0x3A, 0x08, 0xFF, 0xC6, 0xBE, 0xFF, 0xC6, 0xDF, 0xFF, 0xC6, 0xDF, 0xFF, 0xC6, 0xDF, 0xFF, 0xC6, 0xDF, 0xFF,
  0xC6, 0xDF, 0xFF, 0xC6, 0xDF, 0xFF, 0xC6, 0xDF, 0xFF, 0xC6, 0xDF, 0xFF, 0xC6, 0xDF, 0xFF, 0xC6, 0xDF, 0xFF,
  0xC6, 0xDF, 0xFF, 0xC6, 0xDF, 0xFF, 0xC6, 0xDF, 0xFF, 0xCE, 0xFF, 0xFF, 0xAD, 0xFB, 0xFF, 0x19, 0x45, 0xFF,
  0x84, 0x71, 0x82, 0xE7, 0x3C, 0x1E, 0xFF, 0xFF, 0x00, 0xFF, 0xFF, 0x00, 0xFF, 0xFF, 0x00, 0xFF, 0xFF, 0x00,
  0xFF, 0xFF, 0x00, 0x53, 0x0C, 0xBA, 0x29, 0xC8, 0xFF, 0xAD, 0xFB, 0xFF, 0xCF, 0x1F, 0xFF, 0xC6, 0xDF, 0xFF,
  0xC6, 0xDF, 0xFF, 0xC6, 0xDF, 0xFF, 0xC6, 0xBF, 0xFF, 0xCE, 0xFF, 0xFF, 0xF7, 0xDF, 0xFF, 0xD6, 0xFF, 0xFF,
  0xC6, 0xBF, 0xFF, 0xC6, 0xDF, 0xFF, 0xC6, 0xDF, 0xFF, 0xC6, 0xDF, 0xFF, 0xC6, 0xDF, 0xFF, 0xC6, 0xDF, 0xFF,
  0xC6, 0xDF, 0xFF, 0xC6, 0xDF, 0xFF, 0xC6, 0xDF, 0xFF, 0xC6, 0xDF, 0xFF, 0xCE, 0xFF, 0xFF, 0xA5, 0x99, 0xFF,
  0x6B, 0xB1, 0xFF, 0xB6, 0x3C, 0xFF, 0xCE, 0xDF, 0xFF, 0xC6, 0xDF, 0xFF, 0xC6, 0xDF, 0xFF, 0xC6, 0xDF, 0xFF,
  0xC6, 0xDF, 0xFF, 0xC6, 0xDF, 0xFF, 0xC6, 0xDF, 0xFF, 0xC6, 0xDF, 0xFF, 0xB6, 0x5D, 0xFF, 0x6B, 0xB0, 0xFF,
  0x95, 0x17, 0xFF, 0xCE, 0xFF, 0xFF, 0xC6, 0xDF, 0xFF, 0xC6, 0xDF, 0xFF, 0xC6, 0xDF, 0xFF, 0xC6, 0xDF, 0xFF,
  0xC6, 0xDF, 0xFF, 0xC6, 0xDF, 0xFF, 0xC6, 0xDF, 0xFF, 0xC6, 0xDF, 0xFF, 0xC6, 0xDF, 0xFF, 0xC6, 0xDF, 0xFF,
  0xC6, 0xDF, 0xFF, 0xC6, 0xDF, 0xFF, 0xC6, 0xDF, 0xFF, 0xCE, 0xDF, 0xFF, 0xB6, 0x3C, 0xFF, 0x42, 0xAB, 0xFF,
  0x21, 0xA7, 0xFF, 0x21, 0x66, 0xF5, 0x6B, 0x8E, 0xA2, 0xEF, 0x5D, 0x18, 0xFF, 0xFF, 0x00, 0xFF, 0xFF, 0x00,
  0xAD, 0x96, 0x5A, 0x19, 0x45, 0xFF, 0xA5, 0x99, 0xFF, 0xCF, 0x1F, 0xFF, 0xC6, 0xDF, 0xFF, 0xC6, 0xDF, 0xFF,
  0xC6, 0xDF, 0xFF, 0xC6, 0xDF, 0xFF, 0xC6, 0xBF, 0xFF, 0xCE, 0xFF, 0xFF, 0xEF, 0x9F, 0xFF, 0xCE, 0xFF, 0xFF,
  0xC6, 0xBF, 0xFF, 0xC6, 0xDF, 0xFF, 0xC6, 0xDF, 0xFF, 0xC6, 0xDF, 0xFF, 0xC6, 0xDF, 0xFF, 0xC6, 0xDF, 0xFF,
  0xC6, 0xDF, 0xFF, 0xC6, 0xDF, 0xFF, 0xC6, 0xDF, 0xFF, 0xC6, 0xDF, 0xFF, 0xC6, 0xDF, 0xFF, 0xCE, 0xFF, 0xFF,
  0xCF, 0x1F, 0xFF, 0xCE, 0xDF, 0xFF, 0xC6, 0xDF, 0xFF, 0xC6, 0xDF, 0xFF, 0xC6, 0xDF, 0xFF, 0xC6, 0xDF, 0xFF,
  0xC6, 0xDF, 0xFF, 0xC6, 0xDF, 0xFF, 0xC6, 0xDF, 0xFF, 0xC6, 0xDF, 0xFF, 0xC6, 0xDF, 0xFF, 0xCF, 0x1F, 0xFF,
  0xCE, 0xFF, 0xFF, 0xC6, 0xDF, 0xFF, 0xC6, 0xDF, 0xFF, 0xC6, 0xDF, 0xFF, 0xC6, 0xDF, 0xFF, 0xC6, 0xDF, 0xFF,
  0xC6, 0xDF, 0xFF, 0xC6, 0xDF, 0xFF, 0xC6, 0xDF, 0xFF, 0xC6, 0xDF, 0xFF, 0xC6, 0xDF, 0xFF, 0xC6, 0xDF, 0xFF,
  0xC6, 0xDF, 0xFF, 0xC6, 0xDF, 0xFF, 0xC6, 0xDF, 0xFF, 0xC6, 0xDF, 0xFF, 0xC6, 0xDF, 0xFF, 0xC6, 0xDF, 0xFF,
  0xBE, 0x5D, 0xFF, 0x8C, 0xF6, 0xFF, 0x29, 0xE8, 0xFF, 0x32, 0x28, 0xDA, 0xE7, 0x3C, 0x1E, 0xFF, 0xFF, 0x00,
  0x53, 0x0C, 0xB6, 0x4A, 0xED, 0xFF, 0xCF, 0x1F, 0xFF, 0xC6, 0xDF, 0xFF, 0xC6, 0xDF, 0xFF, 0xC6, 0xDF, 0xFF,
  0xC6, 0xDF, 0xFF, 0xC6, 0xDF, 0xFF, 0xC6, 0xDF, 0xFF, 0xC6, 0xDF, 0xFF, 0xC6, 0xBF, 0xFF, 0xC6, 0xDF, 0xFF,
  0xC6, 0xDF, 0xFF, 0xC6, 0xDF, 0xFF, 0xC6, 0xDF, 0xFF, 0xC6, 0xDF, 0xFF, 0xC6, 0xDF, 0xFF, 0xC6, 0xDF, 0xFF,
  0xC6, 0xDF, 0xFF, 0xCE, 0x7E, 0xFF, 0xDD, 0x7A, 0xFF, 0xD5, 0xBB, 0xFF, 0xC6, 0xBF, 0xFF, 0xC6, 0xDF, 0xFF,
  0xC6, 0xDF, 0xFF, 0xC6, 0xDF, 0xFF, 0xC6, 0xDF, 0xFF, 0xC6, 0xDF, 0xFF, 0xC6, 0xDF, 0xFF, 0xC6, 0xDF, 0xFF,
  0xC6, 0xDF, 0xFF, 0xC6, 0xDF, 0xFF, 0xC6, 0xDF, 0xFF, 0xC6, 0xDF, 0xFF, 0xC6, 0xDF, 0xFF, 0xC6, 0xDF, 0xFF,
  0xC6, 0xDF, 0xFF, 0xC6, 0xBF, 0xFF, 0xD5, 0xDB, 0xFF, 0xDD, 0x7A, 0xFF, 0xCE, 0x7E, 0xFF, 0xC6, 0xDF, 0xFF,
  0xC6, 0xDF, 0xFF, 0xC6, 0xDF, 0xFF, 0xC6, 0xDF, 0xFF, 0xC6, 0xDF, 0xFF, 0xC6, 0xDF, 0xFF, 0xC6, 0xDF, 0xFF,
  0xC6, 0xDF, 0xFF, 0xC6, 0xDF, 0xFF, 0xC6, 0xDF, 0xFF, 0xC6, 0xDF, 0xFF, 0xC6, 0xDF, 0xFF, 0xC6, 0xDF, 0xFF,
  0xCE, 0xDF, 0xFF, 0xCF, 0x1F, 0xFF, 0xBE, 0x7D, 0xFF, 0x32, 0x09, 0xFF, 0x52, 0xEC, 0xBE, 0xFF, 0xFF, 0x00,
  0x32, 0x08, 0xDF, 0x7C, 0x74, 0xFF, 0xCF, 0x1F, 0xFF, 0xC6, 0xDF, 0xFF, 0xC6, 0xDF, 0xFF, 0xC6, 0xDF, 0xFF,
  0xC6, 0xDF, 0xFF, 0xC6, 0xDF, 0xFF, 0xC6, 0xDF, 0xFF, 0xC6, 0xDF, 0xFF, 0xC6, 0xDF, 0xFF, 0xC6, 0xDF, 0xFF,
  0xC6, 0xDF, 0xFF, 0xC6, 0xDF, 0xFF, 0xC6, 0xDF, 0xFF, 0xC6, 0xDF, 0xFF, 0xC6, 0xDF, 0xFF, 0xC6, 0xDF, 0xFF,
  0xC6, 0xDF, 0xFF, 0xDD, 0x9B, 0xFF, 0xEC, 0x77, 0xFF, 0xE4, 0x97, 0xFF, 0xCE, 0x5D, 0xFF, 0xC6, 0xDF, 0xFF,
  0xC6, 0xDF, 0xFF, 0xC6, 0xDF, 0xFF, 0xC6, 0xDF, 0xFF, 0xCE, 0xFF, 0xFF, 0xCF, 0x1F, 0xFF, 0xC6, 0xDF, 0xFF,
  0xC6, 0xDF, 0xFF, 0xCF, 0x1F, 0xFF, 0xCE, 0xFF, 0xFF, 0xC6, 0xDF, 0xFF, 0xC6, 0xDF, 0xFF, 0xC6, 0xDF, 0xFF,
  0xC6, 0xDF, 0xFF, 0xCE, 0x5D, 0xFF, 0xE4, 0x97, 0xFF, 0xEC, 0x77, 0xFF, 0xDD, 0x9B, 0xFF, 0xC6, 0xDF, 0xFF,
  0xC6, 0xDF, 0xFF, 0xC6, 0xDF, 0xFF, 0xC6, 0xDF, 0xFF, 0xC6, 0xDF, 0xFF, 0xC6, 0xDF, 0xFF, 0xC6, 0xDF, 0xFF,
  0xC6, 0xDF, 0xFF, 0xC6, 0xDF, 0xFF, 0xC6, 0xDF, 0xFF, 0xC6, 0xDF, 0xFF, 0xC6, 0xDF, 0xFF, 0xC6, 0xDF, 0xFF,
  0xC6, 0xDF, 0xFF, 0xC6, 0xDF, 0xFF, 0xCE, 0xFF, 0xFF, 0x8D, 0x39, 0xFF, 0x19, 0x45, 0xFF, 0xBD, 0xF8, 0x4B,
  0x21, 0x66, 0xEC, 0x8C, 0xF6, 0xFF, 0xCE, 0xFF, 0xFF, 0xC6, 0xDF, 0xFF, 0xC6, 0xDF, 0xFF, 0xC6, 0xDF, 0xFF,
  0xC6, 0xDF, 0xFF, 0xC6, 0xDF, 0xFF, 0xC6, 0xDF, 0xFF, 0xC6, 0xDF, 0xFF, 0xC6, 0xDF, 0xFF, 0xC6, 0xDF, 0xFF,
  0xC6, 0xDF, 0xFF, 0xC6, 0xDF, 0xFF, 0xC6, 0xDF, 0xFF, 0xC6, 0xDF, 0xFF, 0xC6, 0xDF, 0xFF, 0xC6, 0xDF, 0xFF,
  0xC6, 0xDF, 0xFF, 0xCE, 0x5D, 0xFF, 0xDD, 0x39, 0xFF, 0xDD, 0x9B, 0xFF, 0xC6, 0xBF, 0xFF, 0xC6, 0xDF, 0xFF,
  0xC6, 0xDF, 0xFF, 0xC6, 0xDF, 0xFF, 0xCE, 0xFF, 0xFF, 0x74, 0x12, 0xFF, 0x84, 0x74, 0xFF, 0xCF, 0x1F, 0xFF,
  0xCF, 0x1F, 0xFF, 0x74, 0x12, 0xFF, 0x6B, 0xB1, 0xFF, 0xCE, 0xFF, 0xFF, 0xC6, 0xDF, 0xFF, 0xC6, 0xDF, 0xFF,
  0xC6, 0xDF, 0xFF, 0xC6, 0xBF, 0xFF, 0xDD, 0x7A, 0xFF, 0xDD, 0x5A, 0xFF, 0xCE, 0x5E, 0xFF, 0xC6, 0xDF, 0xFF,
  0xC6, 0xDF, 0xFF, 0xC6, 0xDF, 0xFF, 0xC6, 0xDF, 0xFF, 0xC6, 0xDF, 0xFF, 0xC6, 0xDF, 0xFF, 0xC6, 0xDF, 0xFF,
  0xC6, 0xDF, 0xFF, 0xC6, 0xDF, 0xFF, 0xC6, 0xDF, 0xFF, 0xC6, 0xDF, 0xFF, 0xC6, 0xDF, 0xFF, 0xC6, 0xDF, 0xFF,
  0xC6, 0xDF, 0xFF, 0xC6, 0xDF, 0xFF, 0xC6, 0xBF, 0xFF, 0xAE, 0x3E, 0xFF, 0x3A, 0x6B, 0xFF, 0x6B, 0xAE, 0xA2,
  0x32, 0x08, 0xE0, 0x7C, 0x74, 0xFF, 0xCF, 0x1F, 0xFF, 0xC6, 0xDF, 0xFF, 0xC6, 0xDF, 0xFF, 0xC6, 0xDF, 0xFF,
  0xC6, 0xDF, 0xFF, 0xC6, 0xDF, 0xFF, 0xC6, 0xDF, 0xFF, 0xC6, 0xDF, 0xFF, 0xC6, 0xDF, 0xFF, 0xC6, 0xDF, 0xFF,
  0xC6, 0xDF, 0xFF, 0xC6, 0xDF, 0xFF, 0xC6, 0xDF, 0xFF, 0xC6, 0xDF, 0xFF, 0xC6, 0xDF, 0xFF, 0xC6, 0xDF, 0xFF,
  0xC6, 0xDF, 0xFF, 0xC6, 0xDF, 0xFF, 0xC6, 0xDF, 0xFF, 0xC6, 0xDF, 0xFF, 0xC6, 0xDF, 0xFF, 0xC6, 0xDF, 0xFF,
  0xC6, 0xDF, 0xFF, 0xC6, 0xDF, 0xFF, 0xCF, 0x1F, 0xFF, 0x5B, 0x0E, 0xFF, 0x00, 0x00, 0xFF, 0x29, 0x66, 0xFF,
  0x21, 0x46, 0xFF, 0x00, 0x00, 0xFF, 0x63, 0x4F, 0xFF, 0xCF, 0x1F, 0xFF, 0xC6, 0xDF, 0xFF, 0xC6, 0xDF, 0xFF,
  0xC6, 0xDF, 0xFF, 0xC6, 0xDF, 0xFF, 0xC6, 0xDF, 0xFF, 0xC6, 0xDF, 0xFF, 0xC6, 0xDF, 0xFF, 0xC6, 0xDF, 0xFF,
  0xC6, 0xDF, 0xFF, 0xC6, 0xDF, 0xFF, 0xC6, 0xDF, 0xFF, 0xC6, 0xDF, 0xFF, 0xC6, 0xDF, 0xFF, 0xC6, 0xDF, 0xFF,
  0xC6, 0xDF, 0xFF, 0xC6, 0xDF, 0xFF, 0xC6, 0xDF, 0xFF, 0xC6, 0xDF, 0xFF, 0xC6, 0xDF, 0xFF, 0xC6, 0xDF, 0xFF,
  0xC6, 0xDF, 0xFF, 0xC6, 0xDF, 0xFF, 0xB6, 0x7E, 0xFF, 0xAE, 0x5F, 0xFF, 0x63, 0xB1, 0xFF, 0x42, 0x69, 0xD3,
  0x52, 0xCB, 0xBF, 0x5B, 0x4F, 0xFF, 0xCF, 0x1F, 0xFF, 0xC6, 0xDF, 0xFF, 0xC6, 0xDF, 0xFF, 0xC6, 0xDF, 0xFF,
  0xC6, 0xDF, 0xFF, 0xC6, 0xDF, 0xFF, 0xC6, 0xDF, 0xFF, 0xC6, 0xDF, 0xFF, 0xC6, 0xDF, 0xFF, 0xC6, 0xDF, 0xFF,
  0xC6, 0xDF, 0xFF, 0xC6, 0xDF, 0xFF, 0xC6, 0xDF, 0xFF, 0xC6, 0xDF, 0xFF, 0xC6, 0xDF, 0xFF, 0xC6, 0xDF, 0xFF,
  0xC6, 0xDF, 0xFF, 0xC6, 0xDF, 0xFF, 0xC6, 0xDF, 0xFF, 0xC6, 0xDF, 0xFF, 0xC6, 0xDF, 0xFF, 0xC6, 0xDF, 0xFF,
  0xC6, 0xDF, 0xFF, 0xC6, 0xDF, 0xFF, 0xC6, 0xDF, 0xFF, 0xC6, 0xDF, 0xFF, 0x84, 0x95, 0xFF, 0x42, 0x4A, 0xFF,
  0x42, 0x6B, 0xFF, 0x8C, 0xB6, 0xFF, 0xCE, 0xFF, 0xFF, 0xC6, 0xDF, 0xFF, 0xC6, 0xDF, 0xFF, 0xC6, 0xDF, 0xFF,
  0xC6, 0xDF, 0xFF, 0xC6, 0xDF, 0xFF, 0xC6, 0xDF, 0xFF, 0xC6, 0xDF, 0xFF, 0xC6, 0xDF, 0xFF, 0xC6, 0xDF, 0xFF,
  0xC6, 0xDF, 0xFF, 0xC6, 0xDF, 0xFF, 0xC6, 0xDF, 0xFF, 0xC6, 0xDF, 0xFF, 0xC6, 0xDF, 0xFF, 0xC6, 0xDF, 0xFF,
  0xC6, 0xDF, 0xFF, 0xC6, 0xDF, 0xFF, 0xC6, 0xDF, 0xFF, 0xC6, 0xDF, 0xFF, 0xC6, 0xDF, 0xFF, 0xC6, 0xDF, 0xFF,
  0xC6, 0xDF, 0xFF, 0xC6, 0xDF, 0xFF, 0xAE, 0x3E, 0xFF, 0xAE, 0x5E, 0xFF, 0x74, 0x55, 0xFF, 0x21, 0x86, 0xEF,
  0x94, 0xD3, 0x78, 0x21, 0xA7, 0xFF, 0xBE, 0x7D, 0xFF, 0xCE, 0xDF, 0xFF, 0xC6, 0xDF, 0xFF, 0xC6, 0xDF, 0xFF,
  0xC6, 0xDF, 0xFF, 0xC6, 0xDF, 0xFF, 0xC6, 0xDF, 0xFF, 0xC6, 0xDF, 0xFF, 0xC6, 0xDF, 0xFF, 0xC6, 0xDF, 0xFF,
  0xC6, 0xDF, 0xFF, 0xC6, 0xDF, 0xFF, 0xC6, 0xDF, 0xFF, 0xC6, 0xDF, 0xFF, 0xC6, 0xDF, 0xFF, 0xC6, 0xDF, 0xFF,
  0xC6, 0xDF, 0xFF, 0xC6, 0xDF, 0xFF, 0xC6, 0xDF, 0xFF, 0xC6, 0xDF, 0xFF, 0xC6, 0xDF, 0xFF, 0xC6, 0xDF, 0xFF,
  0xC6, 0xDF, 0xFF, 0xC6, 0xDF, 0xFF, 0xC6, 0xDF, 0xFF, 0xC6, 0xDF, 0xFF, 0xCF, 0x1F, 0xFF, 0xCF, 0x1F, 0xFF,
  0xCF, 0x1F, 0xFF, 0xCF, 0x1F, 0xFF, 0xC6, 0xDF, 0xFF, 0xC6, 0xDF, 0xFF, 0xC6, 0xDF, 0xFF, 0xC6, 0xDF, 0xFF,
  0xC6, 0xDF, 0xFF, 0xC6, 0xDF, 0xFF, 0xC6, 0xDF, 0xFF, 0xC6, 0xDF, 0xFF, 0xC6, 0xDF, 0xFF, 0xC6, 0xDF, 0xFF,
  0xC6, 0xDF, 0xFF, 0xC6, 0xDF, 0xFF, 0xC6, 0xDF, 0xFF, 0xC6, 0xDF, 0xFF, 0xC6, 0xDF, 0xFF, 0xC6, 0xDF, 0xFF,
  0xC6, 0xDF, 0xFF, 0xC6, 0xDF, 0xFF, 0xC6, 0xDF, 0xFF, 0xC6, 0xDF, 0xFF, 0xC6, 0xDF, 0xFF, 0xC6, 0xDF, 0xFF,
  0xC6, 0xDF, 0xFF, 0xBE, 0x9F, 0xFF, 0xAE, 0x1D, 0xFF, 0xAE, 0x5E, 0xFF, 0x7C, 0x95, 0xFF, 0x19, 0x45, 0xFB,
  0xEF, 0x5D, 0x18, 0x29, 0xA7, 0xEC, 0x63, 0xB0, 0xFF, 0xCF, 0x1F, 0xFF, 0xC6, 0xDF, 0xFF, 0xC6, 0xDF, 0xFF,
  0xC6, 0xDF, 0xFF, 0xC6, 0xDF, 0xFF, 0xC6, 0xDF, 0xFF, 0xC6, 0xDF, 0xFF, 0xC6, 0xDF, 0xFF, 0xC6, 0xDF, 0xFF,
  0xC6, 0xDF, 0xFF, 0xC6, 0xDF, 0xFF, 0xC6, 0xDF, 0xFF, 0xC6, 0xDF, 0xFF, 0xC6, 0xDF, 0xFF, 0xC6, 0xDF, 0xFF,
  0xC6, 0xDF, 0xFF, 0xC6, 0xDF, 0xFF, 0xC6, 0xDF, 0xFF, 0xC6, 0xDF, 0xFF, 0xC6, 0xDF, 0xFF, 0xC6, 0xDF, 0xFF,
  0xC6, 0xDF, 0xFF, 0xC6, 0xDF, 0xFF, 0xC6, 0xDF, 0xFF, 0xC6, 0xDF, 0xFF, 0xC6, 0xDF, 0xFF, 0xC6, 0xDF, 0xFF,
  0xC6, 0xDF, 0xFF, 0xC6, 0xDF, 0xFF, 0xC6, 0xDF, 0xFF, 0xC6, 0xDF, 0xFF, 0xC6, 0xDF, 0xFF, 0xC6, 0xDF, 0xFF,
  0xC6, 0xDF, 0xFF, 0xC6, 0xDF, 0xFF, 0xC6, 0xDF, 0xFF, 0xC6, 0xDF, 0xFF, 0xC6, 0xDF, 0xFF, 0xC6, 0xDF, 0xFF,
  0xC6, 0xDF, 0xFF, 0xC6, 0xDF, 0xFF, 0xC6, 0xDF, 0xFF, 0xC6, 0xDF, 0xFF, 0xC6, 0xDF, 0xFF, 0xC6, 0xDF, 0xFF,
  0xC6, 0xDF, 0xFF, 0xC6, 0xDF, 0xFF, 0xC6, 0xDF, 0xFF, 0xC6, 0xDF, 0xFF, 0xC6, 0xDF, 0xFF, 0xC6, 0xDF, 0xFF,
  0xC6, 0xDF, 0xFF, 0xB6, 0x5E, 0xFF, 0xA6, 0x1D, 0xFF, 0xAE, 0x5F, 0xFF, 0x6C, 0x13, 0xFF, 0x31, 0xE8, 0xE2,
  0xFF, 0xFF, 0x00, 0xAD, 0x76, 0x5D, 0x11, 0x24, 0xFF, 0x74, 0x53, 0xFF, 0xCE, 0xFF, 0xFF, 0xCE, 0xFF, 0xFF,
  0xC6, 0xDF, 0xFF, 0xC6, 0xDF, 0xFF, 0xC6, 0xDF, 0xFF, 0xC6, 0xDF, 0xFF, 0xC6, 0xDF, 0xFF, 0xC6, 0xDF, 0xFF,
  0xC6, 0xDF, 0xFF, 0xC6, 0xDF, 0xFF, 0xC6, 0xDF, 0xFF, 0xC6, 0xDF, 0xFF, 0xC6, 0xDF, 0xFF, 0xC6, 0xDF, 0xFF,
  0xC6, 0xDF, 0xFF, 0xC6, 0xDF, 0xFF, 0xC6, 0xDF, 0xFF, 0xC6, 0xDF, 0xFF, 0xC6, 0xDF, 0xFF, 0xC6, 0xDF, 0xFF,
  0xC6, 0xDF, 0xFF, 0xC6, 0xDF, 0xFF, 0xC6, 0xDF, 0xFF, 0xC6, 0xDF, 0xFF, 0xC6, 0xDF, 0xFF, 0xC6, 0xDF, 0xFF,
  0xC6, 0xDF, 0xFF, 0xC6, 0xDF, 0xFF, 0xC6, 0xDF, 0xFF, 0xC6, 0xDF, 0xFF, 0xC6, 0xDF, 0xFF, 0xC6, 0xDF, 0xFF,
  0xC6, 0xDF, 0xFF, 0xC6, 0xDF, 0xFF, 0xC6, 0xDF, 0xFF, 0xC6, 0xDF, 0xFF, 0xC6, 0xDF, 0xFF, 0xC6, 0xDF, 0xFF,
  0xC6, 0xDF, 0xFF, 0xC6, 0xDF, 0xFF, 0xC6, 0xDF, 0xFF, 0xC6, 0xDF, 0xFF, 0xC6, 0xDF, 0xFF, 0xC6, 0xDF, 0xFF,
  0xC6, 0xDF, 0xFF, 0xC6, 0xDF, 0xFF, 0xC6, 0xDF, 0xFF, 0xC6, 0xDF, 0xFF, 0xC6, 0xDF, 0xFF, 0xC6, 0xDF, 0xFF,
  0xBE, 0xBF, 0xFF, 0xAE, 0x1D, 0xFF, 0xAE, 0x1D, 0xFF, 0xAE, 0x5F, 0xFF, 0x53, 0x2F, 0xFF, 0x4A, 0xCB, 0xC4,
  0xFF, 0xFF, 0x00, 0xFF, 0xFF, 0x00, 0x94, 0xF3, 0x73, 0x11, 0x25, 0xFF, 0x53, 0x2E, 0xFF, 0xB6, 0x3C, 0xFF,
  0xCE, 0xFF, 0xFF, 0xC6, 0xDF, 0xFF, 0xC6, 0xDF, 0xFF, 0xC6, 0xDF, 0xFF, 0xC6, 0xDF, 0xFF, 0xC6, 0xDF, 0xFF,
  0xC6, 0xDF, 0xFF, 0xC6, 0xDF, 0xFF, 0xC6, 0xDF, 0xFF, 0xC6, 0xDF, 0xFF, 0xC6, 0xDF, 0xFF, 0xC6, 0xDF, 0xFF,
  0xC6, 0xDF, 0xFF, 0xC6, 0xDF, 0xFF, 0xC6, 0xDF, 0xFF, 0xC6, 0xDF, 0xFF, 0xC6, 0xDF, 0xFF, 0xC6, 0xDF, 0xFF,
  0xC6, 0xDF, 0xFF, 0xC6, 0xDF, 0xFF, 0xC6, 0xDF, 0xFF, 0xC6, 0xDF, 0xFF, 0xC6, 0xDF, 0xFF, 0xC6, 0xDF, 0xFF,
  0xC6, 0xDF, 0xFF, 0xC6, 0xDF, 0xFF, 0xC6, 0xDF, 0xFF, 0xC6, 0xDF, 0xFF, 0xC6, 0xDF, 0xFF, 0xC6, 0xDF, 0xFF,
  0xC6, 0xDF, 0xFF, 0xC6, 0xDF, 0xFF, 0xC6, 0xDF, 0xFF, 0xC6, 0xDF, 0xFF, 0xC6, 0xDF, 0xFF, 0xC6, 0xDF, 0xFF,
  0xC6, 0xDF, 0xFF, 0xC6, 0xDF, 0xFF, 0xC6, 0xDF, 0xFF, 0xC6, 0xDF, 0xFF, 0xC6, 0xDF, 0xFF, 0xC6, 0xDF, 0xFF,
  0xC6, 0xDF, 0xFF, 0xC6, 0xDF, 0xFF, 0xC6, 0xDF, 0xFF, 0xC6, 0xDF, 0xFF, 0xC6, 0xDF, 0xFF, 0xC6, 0xBF, 0xFF,
  0xAE, 0x3E, 0xFF, 0xA6, 0x1D, 0xFF, 0xAE, 0x3E, 0xFF, 0xA5, 0xFD, 0xFF, 0x21, 0xC8, 0xFF, 0x84, 0x71, 0x84,
  0xFF, 0xFF, 0x00, 0xFF, 0xFF, 0x00, 0xFF, 0xFF, 0x00, 0xBD, 0xF7, 0x4C, 0x3A, 0x28, 0xD6, 0x21, 0xA7, 0xFF,
  0x84, 0xB5, 0xFF, 0xCE, 0xFF, 0xFF, 0xC6, 0xDF, 0xFF, 0xC6, 0xDF, 0xFF, 0xC6, 0xDF, 0xFF, 0xC6, 0xDF, 0xFF,
  0xC6, 0xDF, 0xFF, 0xC6, 0xDF, 0xFF, 0xC6, 0xDF, 0xFF, 0xC6, 0xDF, 0xFF, 0xC6, 0xDF, 0xFF, 0xC6, 0xDF, 0xFF,
  0xC6, 0xDF, 0xFF, 0xC6, 0xDF, 0xFF, 0xC6, 0xDF, 0xFF, 0xC6, 0xDF, 0xFF, 0xC6, 0xDF, 0xFF, 0xC6, 0xDF, 0xFF,
  0xC6, 0xDF, 0xFF, 0xC6, 0xDF, 0xFF, 0xC6, 0xDF, 0xFF, 0xC6, 0xDF, 0xFF, 0xC6, 0xDF, 0xFF, 0xC6, 0xDF, 0xFF,
  0xC6, 0xDF, 0xFF, 0xC6, 0xDF, 0xFF, 0xC6, 0xDF, 0xFF, 0xC6, 0xDF, 0xFF, 0xC6, 0xDF, 0xFF, 0xC6, 0xDF, 0xFF,
  0xC6, 0xDF, 0xFF, 0xC6, 0xDF, 0xFF, 0xC6, 0xDF, 0xFF, 0xC6, 0xDF, 0xFF, 0xC6, 0xDF, 0xFF, 0xC6, 0xDF, 0xFF,
  0xC6, 0xDF, 0xFF, 0xC6, 0xDF, 0xFF, 0xC6, 0xDF, 0xFF, 0xC6, 0xDF, 0xFF, 0xC6, 0xDF, 0xFF, 0xC6, 0xDF, 0xFF,
  0xC6, 0xDF, 0xFF, 0xC6, 0xDF, 0xFF, 0xC6, 0xDF, 0xFF, 0xC6, 0xDF, 0xFF, 0xC6, 0xBF, 0xFF, 0xAE, 0x5E, 0xFF,
  0xA6, 0x1D, 0xFF, 0xAE, 0x3E, 0xFF, 0xB6, 0x7F, 0xFF, 0x63, 0xD2, 0xFF, 0x21, 0x66, 0xF5, 0xDE, 0xFC, 0x24,
  0xFF, 0xFF, 0x00, 0xFF, 0xFF, 0x00, 0xFF, 0xFF, 0x00, 0xFF, 0xFF, 0x00, 0xBE, 0x18, 0x4A, 0x11, 0x04, 0xFE,
  0x84, 0xB5, 0xFF, 0xCE, 0xFF, 0xFF, 0xC6, 0xDF, 0xFF, 0xC6, 0xDF, 0xFF, 0xC6, 0xDF, 0xFF, 0xC6, 0xDF, 0xFF,
  0xC6, 0xDF, 0xFF, 0xC6, 0xDF, 0xFF, 0xC6, 0xDF, 0xFF, 0xC6, 0xDF, 0xFF, 0xC6, 0xDF, 0xFF, 0xC6, 0xDF, 0xFF,
  0xC6, 0xDF, 0xFF, 0xC6, 0xDF, 0xFF, 0xC6, 0xDF, 0xFF, 0xC6, 0xDF, 0xFF, 0xC6, 0xDF, 0xFF, 0xC6, 0xDF, 0xFF,
  0xC6, 0xDF, 0xFF, 0xC6, 0xDF, 0xFF, 0xC6, 0xDF, 0xFF, 0xC6, 0xDF, 0xFF, 0xC6, 0xDF, 0xFF, 0xC6, 0xDF, 0xFF,
  0xC6, 0xDF, 0xFF, 0xC6, 0xDF, 0xFF, 0xC6, 0xDF, 0xFF, 0xC6, 0xDF, 0xFF, 0xC6, 0xDF, 0xFF, 0xC6, 0xDF, 0xFF,
  0xC6, 0xDF, 0xFF, 0xC6, 0xDF, 0xFF, 0xC6, 0xDF, 0xFF, 0xC6, 0xDF, 0xFF, 0xC6, 0xDF, 0xFF, 0xC6, 0xDF, 0xFF,
  0xC6, 0xDF, 0xFF, 0xC6, 0xDF, 0xFF, 0xC6, 0xDF, 0xFF, 0xC6, 0xDF, 0xFF, 0xC6, 0xDF, 0xFF, 0xC6, 0xDF, 0xFF,
  0xC6, 0xDF, 0xFF, 0xC6, 0xDF, 0xFF, 0xC6, 0xDF, 0xFF, 0xBE, 0x9F, 0xFF, 0xAE, 0x3E, 0xFF, 0xAE, 0x1E, 0xFF,
  0xAE, 0x5E, 0xFF, 0xAE, 0x5F, 0xFF, 0x74, 0x54, 0xFF, 0x11, 0x25, 0xFF, 0x94, 0xD3, 0x76, 0xFF, 0xFF, 0x00,
  0xFF, 0xFF, 0x00, 0xFF, 0xFF, 0x00, 0xFF, 0xFF, 0x00, 0xFF, 0xFF, 0x00, 0x63, 0x6D, 0xAC, 0x42, 0x8B, 0xFF,
  0xCE, 0xDF, 0xFF, 0xC6, 0xDF, 0xFF, 0xC6, 0xDF, 0xFF, 0xC6, 0xDF, 0xFF, 0xC6, 0xDF, 0xFF, 0xC6, 0xDF, 0xFF,
  0xC6, 0xDF, 0xFF, 0xC6, 0xDF, 0xFF, 0xC6, 0xDF, 0xFF, 0xC6, 0xDF, 0xFF, 0xC6, 0xDF, 0xFF, 0xC6, 0xDF, 0xFF,
  0xC6, 0xDF, 0xFF, 0xC6, 0xDF, 0xFF, 0xC6, 0xDF, 0xFF, 0xC6, 0xDF, 0xFF, 0xC6, 0xDF, 0xFF, 0xC6, 0xDF, 0xFF,
  0xC6, 0xDF, 0xFF, 0xC6, 0xDF, 0xFF, 0xC6, 0xDF, 0xFF, 0xC6, 0xDF, 0xFF, 0xC6, 0xDF, 0xFF, 0xC6, 0xDF, 0xFF,
  0xC6, 0xDF, 0xFF, 0xC6, 0xDF, 0xFF, 0xC6, 0xDF, 0xFF, 0xC6, 0xDF, 0xFF, 0xC6, 0xDF, 0xFF, 0xC6, 0xDF, 0xFF,
  0xC6, 0xDF, 0xFF, 0xC6, 0xDF, 0xFF, 0xC6, 0xDF, 0xFF, 0xC6, 0xDF, 0xFF, 0xC6, 0xDF, 0xFF, 0xC6, 0xDF, 0xFF,
  0xC6, 0xDF, 0xFF, 0xC6, 0xDF, 0xFF, 0xC6, 0xDF, 0xFF, 0xC6, 0xDF, 0xFF, 0xC6, 0xDF, 0xFF, 0xC6, 0xDF, 0xFF,
  0xC6, 0xDF, 0xFF, 0xC6, 0xBF, 0xFF, 0xB6, 0x7E, 0xFF, 0xAE, 0x5F, 0xFF, 0xAE, 0x5E, 0xFF, 0xA6, 0x1D, 0xFF,
  0x8D, 0x39, 0xFF, 0x4A, 0xED, 0xFF, 0x11, 0x25, 0xFF, 0x84, 0x51, 0x88, 0xFF, 0xFF, 0x00, 0xFF, 0xFF, 0x00,
  0xFF, 0xFF, 0x00, 0xFF, 0xFF, 0x00, 0xFF, 0xFF, 0x00, 0xEF, 0x5D, 0x18, 0x21, 0xA6, 0xF0, 0x84, 0xB5, 0xFF,
  0xCF, 0x1F, 0xFF, 0xC6, 0xDF, 0xFF, 0xC6, 0xDF, 0xFF, 0xC6, 0xDF, 0xFF, 0xC6, 0xDF, 0xFF, 0xC6, 0xDF, 0xFF,
  0xC6, 0xDF, 0xFF, 0xC6, 0xDF, 0xFF, 0xC6, 0xDF, 0xFF, 0xC6, 0xDF, 0xFF, 0xC6, 0xDF, 0xFF, 0xC6, 0xDF, 0xFF,
  0xC6, 0xDF, 0xFF, 0xC6, 0xDF, 0xFF, 0xC6, 0xDF, 0xFF, 0xC6, 0xDF, 0xFF, 0xC6, 0xDF, 0xFF, 0xC6, 0xDF, 0xFF,
  0xC6, 0xDF, 0xFF, 0xC6, 0xDF, 0xFF, 0xC6, 0xDF, 0xFF, 0xC6, 0xDF, 0xFF, 0xC6, 0xDF, 0xFF, 0xC6, 0xDF, 0xFF,
  0xC6, 0xDF, 0xFF, 0xC6, 0xDF, 0xFF, 0xC6, 0xDF, 0xFF, 0xC6, 0xDF, 0xFF, 0xC6, 0xDF, 0xFF, 0xC6, 0xDF, 0xFF,
  0xC6, 0xDF, 0xFF, 0xC6, 0xDF, 0xFF, 0xC6, 0xDF, 0xFF, 0xC6, 0xDF, 0xFF, 0xC6, 0xDF, 0xFF, 0xC6, 0xDF, 0xFF,
  0xC6, 0xDF, 0xFF, 0xC6, 0xDF, 0xFF, 0xC6, 0xDF, 0xFF, 0xC6, 0xDF, 0xFF, 0xC6, 0xDF, 0xFF, 0xC6, 0xBF, 0xFF,
  0xB6, 0x7E, 0xFF, 0xAE, 0x3E, 0xFF, 0xA5, 0xDC, 0xFF, 0x6C, 0x34, 0xFF, 0x4B, 0x0E, 0xFF, 0x2A, 0x09, 0xFF,
  0x19, 0x45, 0xFF, 0x42, 0x6A, 0xCB, 0xB5, 0xF7, 0x4E, 0xFF, 0xFF, 0x00, 0xFF, 0xFF, 0x00, 0xFF, 0xFF, 0x00,
  0xFF, 0xFF, 0x00, 0xFF, 0xFF, 0x00, 0xFF, 0xFF, 0x00, 0xC6, 0x39, 0x40, 0x19, 0x66, 0xFF, 0xAD, 0xFB, 0xFF,
  0xCE, 0xFF, 0xFF, 0xC6, 0xDF, 0xFF, 0xC6, 0xDF, 0xFF, 0xC6, 0xDF, 0xFF, 0xC6, 0xDF, 0xFF, 0xC6, 0xDF, 0xFF,
  0xC6, 0xDF, 0xFF, 0xC6, 0xDF, 0xFF, 0xC6, 0xDF, 0xFF, 0xC6, 0xDF, 0xFF, 0xC6, 0xDF, 0xFF, 0xC6, 0xDF, 0xFF,
  0xC6, 0xDF, 0xFF, 0xC6, 0xDF, 0xFF, 0xC6, 0xDF, 0xFF, 0xC6, 0xDF, 0xFF, 0xC6, 0xDF, 0xFF, 0xC6, 0xDF, 0xFF,
  0xC6, 0xDF, 0xFF, 0xC6, 0xDF, 0xFF, 0xC6, 0xDF, 0xFF, 0xC6, 0xDF, 0xFF, 0xC6, 0xDF, 0xFF, 0xC6, 0xDF, 0xFF,
  0xC6, 0xDF, 0xFF, 0xC6, 0xDF, 0xFF, 0xC6, 0xDF, 0xFF, 0xC6, 0xDF, 0xFF, 0xC6, 0xDF, 0xFF, 0xC6, 0xDF, 0xFF,
  0xC6, 0xDF, 0xFF, 0xC6, 0xDF, 0xFF, 0xC6, 0xDF, 0xFF, 0xC6, 0xDF, 0xFF, 0xC6, 0xDF, 0xFF, 0xC6, 0xDF, 0xFF,
  0xC6, 0xDF, 0xFF, 0xC6, 0xDF, 0xFF, 0xC6, 0xBF, 0xFF, 0xBE, 0x9E, 0xFF, 0xB6, 0x5E, 0xFF, 0xAE, 0x1D, 0xFF,
  0xA6, 0x1D, 0xFF, 0xAE, 0x5E, 0xFF, 0x8D, 0x18, 0xFF, 0x19, 0x25, 0xFF, 0x4A, 0xAB, 0xC2, 0x84, 0x71, 0x82,
  0xC6, 0x59, 0x3D, 0xFF, 0xFF, 0x02, 0xFF, 0xFF, 0x00, 0xFF, 0xFF, 0x00, 0xFF, 0xFF, 0x00, 0xFF, 0xFF, 0x00,
  0xFF, 0xFF, 0x00, 0xFF, 0xFF, 0x00, 0xFF, 0xFF, 0x00, 0xAD, 0xB6, 0x57, 0x21, 0xA7, 0xFF, 0xBE, 0x5D, 0xFF,
  0xCE, 0xDF, 0xFF, 0xC6, 0xDF, 0xFF, 0xC6, 0xDF, 0xFF, 0xC6, 0xDF, 0xFF, 0xC6, 0xDF, 0xFF, 0xC6, 0xDF, 0xFF,
  0xC6, 0xDF, 0xFF, 0xC6, 0xDF, 0xFF, 0xC6, 0xDF, 0xFF, 0xC6, 0xDF, 0xFF, 0xC6, 0xDF, 0xFF, 0xC6, 0xDF, 0xFF,
  0xC6, 0xDF, 0xFF, 0xC6, 0xDF, 0xFF, 0xC6, 0xDF, 0xFF, 0xC6, 0xDF, 0xFF, 0xC6, 0xDF, 0xFF, 0xC6, 0xDF, 0xFF,
  0xC6, 0xDF, 0xFF, 0xC6, 0xDF, 0xFF, 0xC6, 0xDF, 0xFF, 0xC6, 0xDF, 0xFF, 0xC6, 0xDF, 0xFF, 0xC6, 0xDF, 0xFF,
  0xC6, 0xDF, 0xFF, 0xC6, 0xDF, 0xFF, 0xC6, 0xDF, 0xFF, 0xC6, 0xDF, 0xFF, 0xC6, 0xDF, 0xFF, 0xC6, 0xDF, 0xFF,
  0xC6, 0xDF, 0xFF, 0xC6, 0xDF, 0xFF, 0xC6, 0xDF, 0xFF, 0xC6, 0xDF, 0xFF, 0xC6, 0xDF, 0xFF, 0xC6, 0xBF, 0xFF,
  0xBE, 0x7E, 0xFF, 0xB6, 0x5E, 0xFF, 0xAE, 0x3E, 0xFF, 0xA6, 0x1D, 0xFF, 0xA6, 0x1D, 0xFF, 0xAE, 0x1D, 0xFF,
  0xAE, 0x1D, 0xFF, 0xAE, 0x5E, 0xFF, 0x84, 0xD7, 0xFF, 0x21, 0x86, 0xF9, 0xE7, 0x1C, 0x1E, 0xFF, 0xFF, 0x00,
  0xFF, 0xFF, 0x00, 0xFF, 0xFF, 0x00, 0xFF, 0xFF, 0x00, 0xFF, 0xFF, 0x00, 0xFF, 0xFF, 0x00, 0xFF, 0xFF, 0x00,
  0xFF, 0xFF, 0x00, 0xFF, 0xFF, 0x00, 0xFF, 0xFF, 0x00, 0xB5, 0xD7, 0x51, 0x21, 0x87, 0xFF, 0xB6, 0x5D, 0xFF,
  0xCE, 0xDF, 0xFF, 0xC6, 0xDF, 0xFF, 0xC6, 0xDF, 0xFF, 0xC6, 0xDF, 0xFF, 0xC6, 0xDF, 0xFF, 0xC6, 0xDF, 0xFF,
  0xC6, 0xDF, 0xFF, 0xC6, 0xDF, 0xFF, 0xC6, 0xDF, 0xFF, 0xC6, 0xDF, 0xFF, 0xC6, 0xDF, 0xFF, 0xC6, 0xDF, 0xFF,
  0xC6, 0xDF, 0xFF, 0xC6, 0xDF, 0xFF, 0xC6, 0xDF, 0xFF, 0xC6, 0xDF, 0xFF, 0xC6, 0xDF, 0xFF, 0xC6, 0xDF, 0xFF,
  0xC6, 0xDF, 0xFF, 0xC6, 0xDF, 0xFF, 0xC6, 0xDF, 0xFF, 0xC6, 0xDF, 0xFF, 0xC6, 0xDF, 0xFF, 0xC6, 0xDF, 0xFF,
  0xC6, 0xDF, 0xFF, 0xC6, 0xDF, 0xFF, 0xC6, 0xDF, 0xFF, 0xC6, 0xDF, 0xFF, 0xC6, 0xDF, 0xFF, 0xC6, 0xDF, 0xFF,
  0xC6, 0xBF, 0xFF, 0xC6, 0xBF, 0xFF, 0xBE, 0x9E, 0xFF, 0xB6, 0x5E, 0xFF, 0xAE, 0x3E, 0xFF, 0xAE, 0x1D, 0xFF,
  0xA6, 0x1D, 0xFF, 0xA6, 0x1D, 0xFF, 0xAE, 0x1D, 0xFF, 0xAE, 0x1D, 0xFF, 0xAE, 0x1D, 0xFF, 0xAE, 0x1D, 0xFF,
  0xAE, 0x1D, 0xFF, 0xAE, 0x5F, 0xFF, 0x74, 0x54, 0xFF, 0x29, 0xC7, 0xE9, 0xEF, 0x9E, 0x11, 0xFF, 0xFF, 0x00,
  0xFF, 0xFF, 0x00, 0xFF, 0xFF, 0x00, 0xFF, 0xFF, 0x00, 0xFF, 0xFF, 0x00, 0xFF, 0xFF, 0x00, 0xFF, 0xFF, 0x00,
  0xFF, 0xFF, 0x00, 0xFF, 0xFF, 0x00, 0xFF, 0xFF, 0x00, 0xD6, 0xBA, 0x2F, 0x19, 0x66, 0xFE, 0x9D, 0x79, 0xFF,
  0xCE, 0xFF, 0xFF, 0xC6, 0xDF, 0xFF, 0xC6, 0xDF, 0xFF, 0xC6, 0xDF, 0xFF, 0xC6, 0xDF, 0xFF, 0xC6, 0xDF, 0xFF,
  0xC6, 0xDF, 0xFF, 0xC6, 0xDF, 0xFF, 0xC6, 0xDF, 0xFF, 0xC6, 0xDF, 0xFF, 0xC6, 0xDF, 0xFF, 0xC6, 0xDF, 0xFF,
  0xC6, 0xDF, 0xFF, 0xC6, 0xDF, 0xFF, 0xC6, 0xDF, 0xFF, 0xC6, 0xDF, 0xFF, 0xC6, 0xDF, 0xFF, 0xC6, 0xDF, 0xFF,
  0xC6, 0xDF, 0xFF, 0xC6, 0xDF, 0xFF, 0xC6, 0xDF, 0xFF, 0xC6, 0xDF, 0xFF, 0xC6, 0xDF, 0xFF, 0xC6, 0xDF, 0xFF,
  0xC6, 0xBF, 0xFF, 0xC6, 0xBF, 0xFF, 0xBE, 0x9F, 0xFF, 0xBE, 0x9E, 0xFF, 0xB6, 0x7E, 0xFF, 0xB6, 0x5E, 0xFF,
  0xAE, 0x3E, 0xFF, 0xAE, 0x1D, 0xFF, 0xA6, 0x1D, 0xFF, 0xA6, 0x1D, 0xFF, 0xA6, 0x1D, 0xFF, 0xAE, 0x1D, 0xFF,
  0xAE, 0x1D, 0xFF, 0xAE, 0x1D, 0xFF, 0xAE, 0x1D, 0xFF, 0xAE, 0x1D, 0xFF, 0xAE, 0x1D, 0xFF, 0xAE, 0x1D, 0xFF,
  0xAE, 0x1D, 0xFF, 0xAE, 0x5F, 0xFF, 0x4B, 0x0E, 0xFF, 0x4A, 0xCB, 0xC3, 0xFF, 0xFF, 0x00, 0xFF, 0xFF, 0x00,
  0xFF, 0xFF, 0x00, 0xFF, 0xFF, 0x00, 0xFF, 0xFF, 0x00, 0xFF, 0xFF, 0x00, 0xFF, 0xFF, 0x00, 0xFF, 0xFF, 0x00,
  0xFF, 0xFF, 0x00, 0xFF, 0xFF, 0x00, 0xFF, 0xFF, 0x00, 0xFF, 0xDF, 0x03, 0x3A, 0x49, 0xD5, 0x53, 0x2F, 0xFF,
  0xB6, 0x7F, 0xFF, 0xB6, 0x5E, 0xFF, 0xB6, 0x5E, 0xFF, 0xB6, 0x7E, 0xFF, 0xBE, 0x7E, 0xFF, 0xBE, 0x9F, 0xFF,
  0xBE, 0x9F, 0xFF, 0xBE, 0x9F, 0xFF, 0xC6, 0xBF, 0xFF, 0xC6, 0xBF, 0xFF, 0xC6, 0xBF, 0xFF, 0xC6, 0xBF, 0xFF,
  0xC6, 0xBF, 0xFF, 0xC6, 0xBF, 0xFF, 0xC6, 0xBF, 0xFF, 0xC6, 0xBF, 0xFF, 0xBE, 0xBF, 0xFF, 0xBE, 0x9F, 0xFF,
  0xBE, 0x9F, 0xFF, 0xBE, 0x9E, 0xFF, 0xBE, 0x7E, 0xFF, 0xB6, 0x7E, 0xFF, 0xB6, 0x5E, 0xFF, 0xAE, 0x5E, 0xFF,
  0xAE, 0x3E, 0xFF, 0xAE, 0x3E, 0xFF, 0xAE, 0x1D, 0xFF, 0xA6, 0x1D, 0xFF, 0xA6, 0x1D, 0xFF, 0xA6, 0x1D, 0xFF,
  0xA6, 0x1D, 0xFF, 0xAE, 0x1D, 0xFF, 0xAE, 0x1D, 0xFF, 0xAE, 0x1D, 0xFF, 0xAE, 0x1D, 0xFF, 0xAE, 0x1D, 0xFF,
  0xAE, 0x1D, 0xFF, 0xAE, 0x1D, 0xFF, 0xAE, 0x1D, 0xFF, 0xAE, 0x1D, 0xFF, 0xAE, 0x1D, 0xFF, 0xAE, 0x1D, 0xFF,
  0xAE, 0x3E, 0xFF, 0xA5, 0xDC, 0xFF, 0x21, 0xA7, 0xFF, 0x94, 0xD3, 0x78, 0xFF, 0xFF, 0x00, 0xFF, 0xFF, 0x00,
  0xFF, 0xFF, 0x00, 0xFF, 0xFF, 0x00, 0xFF, 0xFF, 0x00, 0xFF, 0xFF, 0x00, 0xFF, 0xFF, 0x00, 0xFF, 0xFF, 0x00,
  0xFF, 0xFF, 0x00, 0xFF, 0xFF, 0x00, 0xFF, 0xFF, 0x00, 0xFF, 0xFF, 0x00, 0xA5, 0x55, 0x66, 0x11, 0x25, 0xFF,
  0x84, 0xF8, 0xFF, 0xAE, 0x5F, 0xFF, 0xA6, 0x1D, 0xFF, 0xA6, 0x1D, 0xFF, 0xA6, 0x1D, 0xFF, 0xA6, 0x1D, 0xFF,
  0xA6, 0x1D, 0xFF, 0xAE, 0x1D, 0xFF, 0xAE, 0x1D, 0xFF, 0xAE, 0x1D, 0xFF, 0xAE, 0x3D, 0xFF, 0xAE, 0x3E, 0xFF,
  0xAE, 0x5E, 0xFF, 0xAE, 0x1D, 0xFF, 0xAE, 0x1D, 0xFF, 0xAE, 0x1D, 0xFF, 0xAE, 0x1D, 0xFF, 0xA6, 0x1D, 0xFF,
  0xA6, 0x1D, 0xFF, 0xA6, 0x1D, 0xFF, 0xA6, 0x1D, 0xFF, 0xA6, 0x1D, 0xFF, 0xA6, 0x1D, 0xFF, 0xA6, 0x1D, 0xFF,
  0xA6, 0x1D, 0xFF, 0xAE, 0x1D, 0xFF, 0xAE, 0x1D, 0xFF, 0xAE, 0x1D, 0xFF, 0xAE, 0x1D, 0xFF, 0xAE, 0x5E, 0xFF,
  0xAE, 0x3E, 0xFF, 0xAE, 0x1D, 0xFF, 0xAE, 0x1D, 0xFF, 0xAE, 0x1D, 0xFF, 0xAE, 0x1D, 0xFF, 0xAE, 0x1D, 0xFF,
  0xAE, 0x1D, 0xFF, 0xAE, 0x1D, 0xFF, 0xAE, 0x1D, 0xFF, 0xAE, 0x1D, 0xFF, 0xAE, 0x1D, 0xFF, 0xAE, 0x1D, 0xFF,
  0xB6, 0x7F, 0xFF, 0x63, 0xD2, 0xFF, 0x21, 0xA6, 0xF0, 0xE7, 0x3C, 0x1B, 0xFF, 0xFF, 0x00, 0xFF, 0xFF, 0x00,
  0xFF, 0xFF, 0x00, 0xFF, 0xFF, 0x00, 0xFF, 0xFF, 0x00, 0xFF, 0xFF, 0x00, 0xFF, 0xFF, 0x00, 0xFF, 0xFF, 0x00,
  0xFF, 0xFF, 0x00, 0xFF, 0xFF, 0x00, 0xFF, 0xFF, 0x00, 0xFF, 0xFF, 0x00, 0xFF, 0xFF, 0x00, 0x5B, 0x4D, 0xB0,
  0x19, 0x86, 0xFF, 0x84, 0xF7, 0xFF, 0xAE, 0x5F, 0xFF, 0xAE, 0x5E, 0xFF, 0xAE, 0x3E, 0xFF, 0xAE, 0x3E, 0xFF,
  0xAE, 0x3E, 0xFF, 0xAE, 0x3E, 0xFF, 0xAE, 0x3E, 0xFF, 0xAE, 0x5E, 0xFF, 0xAE, 0x5F, 0xFF, 0x95, 0x7A, 0xFF,
  0x8D, 0x59, 0xFF, 0xAE, 0x3E, 0xFF, 0xAE, 0x1D, 0xFF, 0xAE, 0x1D, 0xFF, 0xAE, 0x1D, 0xFF, 0xAE, 0x1D, 0xFF,
  0xAE, 0x1D, 0xFF, 0xAE, 0x1D, 0xFF, 0xAE, 0x1D, 0xFF, 0xAE, 0x1D, 0xFF, 0xAE, 0x1D, 0xFF, 0xAE, 0x1D, 0xFF,
  0xAE, 0x1D, 0xFF, 0xAE, 0x1D, 0xFF, 0xAE, 0x1D, 0xFF, 0xAE, 0x1D, 0xFF, 0xAE, 0x3E, 0xFF, 0x84, 0xF8, 0xFF,
  0x8D, 0x39, 0xFF, 0xAE, 0x5F, 0xFF, 0xAE, 0x3E, 0xFF, 0xAE, 0x1D, 0xFF, 0xAE, 0x1D, 0xFF, 0xAE, 0x1D, 0xFF,
  0xAE, 0x1D, 0xFF, 0xAE, 0x1D, 0xFF, 0xAE, 0x1D, 0xFF, 0xAE, 0x1D, 0xFF, 0xAE, 0x3E, 0xFF, 0xB6, 0x7F, 0xFF,
  0x84, 0xF7, 0xFF, 0x11, 0x25, 0xFF, 0x94, 0xD3, 0x77, 0xFF, 0xFF, 0x00, 0xFF, 0xFF, 0x00, 0xFF, 0xFF, 0x00,
  0xFF, 0xFF, 0x00, 0xFF, 0xFF, 0x00, 0xFF, 0xFF, 0x00, 0xFF, 0xFF, 0x00, 0xFF, 0xFF, 0x00, 0xFF, 0xFF, 0x00,
  0xFF, 0xFF, 0x00, 0xFF, 0xFF, 0x00, 0xFF, 0xFF, 0x00, 0xFF, 0xFF, 0x00, 0xFF, 0xFF, 0x00, 0xF7, 0xBE, 0x08,
  0x63, 0x6D, 0xAA, 0x11, 0x25, 0xFF, 0x4A, 0xEE, 0xFF, 0x84, 0xD7, 0xFF, 0x9D, 0x9B, 0xFF, 0xA5, 0xDC, 0xFF,
  0xA5, 0xFC, 0xFF, 0x9D, 0xDC, 0xFF, 0x95, 0x7A, 0xFF, 0x7C, 0x96, 0xFF, 0x4B, 0x0E, 0xFF, 0x19, 0x66, 0xFF,
  0x21, 0xA7, 0xFF, 0x9D, 0x9B, 0xFF, 0xAE, 0x3E, 0xFF, 0xAE, 0x1D, 0xFF, 0xAE, 0x1D, 0xFF, 0xAE, 0x1D, 0xFF,
  0xAE, 0x1D, 0xFF, 0xAE, 0x1D, 0xFF, 0xAE, 0x1D, 0xFF, 0xAE, 0x1D, 0xFF, 0xAE, 0x1D, 0xFF, 0xAE, 0x1D, 0xFF,
  0xAE, 0x1D, 0xFF, 0xAE, 0x1D, 0xFF, 0xAE, 0x1D, 0xFF, 0xAE, 0x3E, 0xFF, 0x9D, 0xBB, 0xFF, 0x21, 0xA7, 0xFF,
  0x19, 0x46, 0xFF, 0x6C, 0x13, 0xFF, 0xA6, 0x1D, 0xFF, 0xAE, 0x5F, 0xFF, 0xAE, 0x3E, 0xFF, 0xAE, 0x3E, 0xFF,
  0xAE, 0x3E, 0xFF, 0xAE, 0x3E, 0xFF, 0xAE, 0x3E, 0xFF, 0xAE, 0x5F, 0xFF, 0xAE, 0x3E, 0xFF, 0x7C, 0x75, 0xFF,
  0x19, 0x46, 0xFF, 0x63, 0x8E, 0xA9, 0xFF, 0xFF, 0x00, 0xFF, 0xFF, 0x00, 0xFF, 0xFF, 0x00, 0xFF, 0xFF, 0x00,
  0xFF, 0xFF, 0x00, 0xFF, 0xFF, 0x00, 0xFF, 0xFF, 0x00, 0xFF, 0xFF, 0x00, 0xFF, 0xFF, 0x00, 0xFF, 0xFF, 0x00,
  0xFF, 0xFF, 0x00, 0xFF, 0xFF, 0x00, 0xFF, 0xFF, 0x00, 0xFF, 0xFF, 0x00, 0xFF, 0xFF, 0x00, 0xFF, 0xFF, 0x00,
  0xFF, 0xFF, 0x00, 0xAD, 0x96, 0x5C, 0x42, 0x8A, 0xC8, 0x21, 0x66, 0xF9, 0x21, 0x86, 0xFF, 0x21, 0xA7, 0xFF,
  0x21, 0xC8, 0xFF, 0x21, 0xA7, 0xFF, 0x19, 0x66, 0xFF, 0x21, 0xA6, 0xF1, 0x4A, 0xAB, 0xC2, 0x9C, 0xF4, 0x6F,
  0x3A, 0x49, 0xD5, 0x3A, 0x8C, 0xFF, 0xAE, 0x3E, 0xFF, 0xAE, 0x3E, 0xFF, 0xAE, 0x1D, 0xFF, 0xAE, 0x1D, 0xFF,
  0xAE, 0x1D, 0xFF, 0xAE, 0x1D, 0xFF, 0xAE, 0x1D, 0xFF, 0xAE, 0x1D, 0xFF, 0xAE, 0x1D, 0xFF, 0xAE, 0x1D, 0xFF,
  0xAE, 0x1D, 0xFF, 0xAE, 0x1D, 0xFF, 0xAE, 0x3E, 0xFF, 0xAE, 0x3E, 0xFF, 0x42, 0xAC, 0xFF, 0x42, 0x69, 0xD3,
  0x84, 0x51, 0x8B, 0x19, 0x65, 0xF8, 0x29, 0xE9, 0xFF, 0x63, 0xF2, 0xFF, 0x8D, 0x59, 0xFF, 0xA5, 0xDC, 0xFF,
  0xA6, 0x1D, 0xFF, 0xA5, 0xFD, 0xFF, 0x9D, 0x9B, 0xFF, 0x7C, 0x95, 0xFF, 0x3A, 0x8B, 0xFF, 0x19, 0x25, 0xFF,
  0x7C, 0x10, 0x93, 0xFF, 0xFF, 0x02, 0xFF, 0xFF, 0x00, 0xFF, 0xFF, 0x00, 0xFF, 0xFF, 0x00, 0xFF, 0xFF, 0x00,
  0xFF, 0xFF, 0x00, 0xFF, 0xFF, 0x00, 0xFF, 0xFF, 0x00, 0xFF, 0xFF, 0x00, 0xFF, 0xFF, 0x00, 0xFF, 0xFF, 0x00,
  0xFF, 0xFF, 0x00, 0xFF, 0xFF, 0x00, 0xFF, 0xFF, 0x00, 0xFF, 0xFF, 0x00, 0xFF, 0xFF, 0x00, 0xFF, 0xFF, 0x00,
  0xFF, 0xFF, 0x00, 0xFF, 0xFF, 0x00, 0xFF, 0xFF, 0x00, 0xDE, 0xFB, 0x27, 0xB5, 0xD7, 0x4D, 0xA5, 0x55, 0x64,
  0xA5, 0x34, 0x69, 0xAD, 0x76, 0x5B, 0xC6, 0x59, 0x3F, 0xE7, 0x3C, 0x1B, 0xFF, 0xFF, 0x00, 0xFF, 0xFF, 0x00,
  0xCE, 0x9A, 0x36, 0x21, 0x66, 0xF4, 0x53, 0x2F, 0xFF, 0xAE, 0x3E, 0xFF, 0xAE, 0x3E, 0xFF, 0xAE, 0x1D, 0xFF,
  0xAE, 0x1D, 0xFF, 0xAE, 0x1D, 0xFF, 0xAE, 0x1D, 0xFF, 0xAE, 0x1D, 0xFF, 0xAE, 0x1D, 0xFF, 0xAE, 0x1D, 0xFF,
  0xAE, 0x1D, 0xFF, 0xAE, 0x3E, 0xFF, 0xAE, 0x3E, 0xFF, 0x53, 0x2F, 0xFF, 0x21, 0x66, 0xF2, 0xD6, 0x9A, 0x33,
  0xFF, 0xFF, 0x00, 0xD6, 0xDB, 0x2D, 0x73, 0xCF, 0x98, 0x29, 0xE7, 0xE4, 0x19, 0x66, 0xFF, 0x21, 0xA7, 0xFF,
  0x29, 0xE8, 0xFF, 0x29, 0xC8, 0xFF, 0x19, 0x66, 0xFF, 0x21, 0x86, 0xF4, 0x5B, 0x0C, 0xB4, 0xC6, 0x38, 0x42,
  0xFF, 0xFF, 0x00, 0xFF, 0xFF, 0x00, 0xFF, 0xFF, 0x00, 0xFF, 0xFF, 0x00, 0xFF, 0xFF, 0x00, 0xFF, 0xFF, 0x00,
  0xFF, 0xFF, 0x00, 0xFF, 0xFF, 0x00, 0xFF, 0xFF, 0x00, 0xFF, 0xFF, 0x00, 0xFF, 0xFF, 0x00, 0xFF, 0xFF, 0x00,
  0xFF, 0xFF, 0x00, 0xFF, 0xFF, 0x00, 0xFF, 0xFF, 0x00, 0xFF, 0xFF, 0x00, 0xFF, 0xFF, 0x00, 0xFF, 0xFF, 0x00,
  0xFF, 0xFF, 0x00, 0xFF, 0xFF, 0x00, 0xFF, 0xFF, 0x00, 0xFF, 0xFF, 0x00, 0xFF, 0xFF, 0x00, 0xFF, 0xFF, 0x00,
  0xFF, 0xFF, 0x00, 0xFF, 0xFF, 0x00, 0xFF, 0xFF, 0x00, 0xFF, 0xFF, 0x00, 0xFF, 0xFF, 0x00, 0xFF, 0xFF, 0x00,
  0xFF, 0xFF, 0x00, 0xB5, 0xD7, 0x50, 0x19, 0x45, 0xF8, 0x4A, 0xEE, 0xFF, 0xA5, 0xFD, 0xFF, 0xAE, 0x5F, 0xFF,
  0xAE, 0x3E, 0xFF, 0xAE, 0x1D, 0xFF, 0xAE, 0x1D, 0xFF, 0xAE, 0x1D, 0xFF, 0xAE, 0x1D, 0xFF, 0xAE, 0x3E, 0xFF,
  0xAE, 0x5F, 0xFF, 0xA5, 0xFC, 0xFF, 0x4A, 0xED, 0xFF, 0x19, 0x45, 0xF6, 0xBD, 0xF7, 0x4C, 0xFF, 0xFF, 0x00,
  0xFF, 0xFF, 0x00, 0xFF, 0xFF, 0x00, 0xFF, 0xFF, 0x00, 0xF7, 0x9E, 0x0F, 0xC6, 0x59, 0x3C, 0xA5, 0x55, 0x62,
  0x94, 0xD3, 0x75, 0x9C, 0xF4, 0x6F, 0xB5, 0xD7, 0x4F, 0xE7, 0x1C, 0x20, 0xFF, 0xFF, 0x00, 0xFF, 0xFF, 0x00,
  0xFF, 0xFF, 0x00, 0xFF, 0xFF, 0x00, 0xFF, 0xFF, 0x00, 0xFF, 0xFF, 0x00, 0xFF, 0xFF, 0x00, 0xFF, 0xFF, 0x00,
  0xFF, 0xFF, 0x00, 0xFF, 0xFF, 0x00, 0xFF, 0xFF, 0x00, 0xFF, 0xFF, 0x00, 0xFF, 0xFF, 0x00, 0xFF, 0xFF, 0x00,
  0xFF, 0xFF, 0x00, 0xFF, 0xFF, 0x00, 0xFF, 0xFF, 0x00, 0xFF, 0xFF, 0x00, 0xFF, 0xFF, 0x00, 0xFF, 0xFF, 0x00,
  0xFF, 0xFF, 0x00, 0xFF, 0xFF, 0x00, 0xFF, 0xFF, 0x00, 0xFF, 0xFF, 0x00, 0xFF, 0xFF, 0x00, 0xFF, 0xFF, 0x00,
  0xFF, 0xFF, 0x00, 0xFF, 0xFF, 0x00, 0xFF, 0xFF, 0x00, 0xFF, 0xFF, 0x00, 0xFF, 0xFF, 0x00, 0xFF, 0xFF, 0x00,
  0xFF, 0xFF, 0x00, 0xFF, 0xFF, 0x00, 0xBE, 0x18, 0x47, 0x29, 0xA7, 0xE7, 0x29, 0xE9, 0xFF, 0x7C, 0xB6, 0xFF,
  0xAE, 0x1D, 0xFF, 0xAE, 0x5F, 0xFF, 0xAE, 0x5F, 0xFF, 0xAE, 0x5F, 0xFF, 0xAE, 0x5F, 0xFF, 0xAE, 0x1D, 0xFF,
  0x7C, 0xB6, 0xFF, 0x29, 0xE8, 0xFF, 0x29, 0xC7, 0xE5, 0xC6, 0x38, 0x43, 0xFF, 0xFF, 0x00, 0xFF, 0xFF, 0x00,
  0xFF, 0xFF, 0x00, 0xFF, 0xFF, 0x00, 0xFF, 0xFF, 0x00, 0xFF, 0xFF, 0x00, 0xFF, 0xFF, 0x00, 0xFF, 0xFF, 0x00,
  0xFF, 0xFF, 0x00, 0xFF, 0xFF, 0x00, 0xFF, 0xFF, 0x00, 0xFF, 0xFF, 0x00, 0xFF, 0xFF, 0x00, 0xFF, 0xFF, 0x00,
  0xFF, 0xFF, 0x00, 0xFF, 0xFF, 0x00, 0xFF, 0xFF, 0x00, 0xFF, 0xFF, 0x00, 0xFF, 0xFF, 0x00, 0xFF, 0xFF, 0x00,
  0xFF, 0xFF, 0x00, 0xFF, 0xFF, 0x00, 0xFF, 0xFF, 0x00, 0xFF, 0xFF, 0x00, 0xFF, 0xFF, 0x00, 0xFF, 0xFF, 0x00,
  0xFF, 0xFF, 0x00, 0xFF, 0xFF, 0x00, 0xFF, 0xFF, 0x00, 0xFF, 0xFF, 0x00, 0xFF, 0xFF, 0x00, 0xFF, 0xFF, 0x00,
  0xFF, 0xFF, 0x00, 0xFF, 0xFF, 0x00, 0xFF, 0xFF, 0x00, 0xFF, 0xFF, 0x00, 0xFF, 0xFF, 0x00, 0xFF, 0xFF, 0x00,
  0xFF, 0xFF, 0x00, 0xFF, 0xFF, 0x00, 0xFF, 0xFF, 0x00, 0xFF, 0xFF, 0x00, 0xFF, 0xFF, 0x00, 0xFF, 0xFF, 0x00,
  0xFF, 0xFF, 0x00, 0xFF, 0xFF, 0x00, 0xFF, 0xFF, 0x00, 0xE7, 0x3C, 0x1E, 0x63, 0x6D, 0xA8, 0x19, 0x45, 0xFD,
  0x2A, 0x09, 0xFF, 0x5B, 0x70, 0xFF, 0x74, 0x54, 0xFF, 0x74, 0x54, 0xFF, 0x5B, 0x91, 0xFF, 0x32, 0x09, 0xFF,
  0x19, 0x45, 0xFE, 0x63, 0x6D, 0xA8, 0xE7, 0x3C, 0x1D, 0xFF, 0xFF, 0x00, 0xFF, 0xFF, 0x00, 0xFF, 0xFF, 0x00,
  0xFF, 0xFF, 0x00, 0xFF, 0xFF, 0x00, 0xFF, 0xFF, 0x00, 0xFF, 0xFF, 0x00, 0xFF, 0xFF, 0x00, 0xFF, 0xFF, 0x00,
  0xFF, 0xFF, 0x00, 0xFF, 0xFF, 0x00, 0xFF, 0xFF, 0x00, 0xFF, 0xFF, 0x00, 0xFF, 0xFF, 0x00, 0xFF, 0xFF, 0x00,
  0xFF, 0xFF, 0x00, 0xFF, 0xFF, 0x00, 0xFF, 0xFF, 0x00, 0xFF, 0xFF, 0x00, 0xFF, 0xFF, 0x00, 0xFF, 0xFF, 0x00,
  0xFF, 0xFF, 0x00, 0xFF, 0xFF, 0x00, 0xFF, 0xFF, 0x00, 0xFF, 0xFF, 0x00, 0xFF, 0xFF, 0x00, 0xFF, 0xFF, 0x00,
  0xFF, 0xFF, 0x00, 0xFF, 0xFF, 0x00, 0xFF, 0xFF, 0x00, 0xFF, 0xFF, 0x00, 0xFF, 0xFF, 0x00, 0xFF, 0xFF, 0x00,
  0xFF, 0xFF, 0x00, 0xFF, 0xFF, 0x00, 0xFF, 0xFF, 0x00, 0xFF, 0xFF, 0x00, 0xFF, 0xFF, 0x00, 0xFF, 0xFF, 0x00,
  0xFF, 0xFF, 0x00, 0xFF, 0xFF, 0x00, 0xFF, 0xFF, 0x00, 0xFF, 0xFF, 0x00, 0xFF, 0xFF, 0x00, 0xFF, 0xFF, 0x00,
  0xFF, 0xFF, 0x00, 0xFF, 0xFF, 0x00, 0xFF, 0xFF, 0x00, 0xFF, 0xFF, 0x00, 0xFF, 0xFF, 0x00, 0xCE, 0x9A, 0x34,
  0x7C, 0x30, 0x8C, 0x42, 0x8A, 0xC9, 0x29, 0xE7, 0xE4, 0x29, 0xC7, 0xE6, 0x42, 0x6A, 0xCD, 0x7C, 0x10, 0x92,
  0xCE, 0x79, 0x37, 0xFF, 0xFF, 0x00, 0xFF, 0xFF, 0x00, 0xFF, 0xFF, 0x00, 0xFF, 0xFF, 0x00, 0xFF, 0xFF, 0x00,
  0xFF, 0xFF, 0x00, 0xFF, 0xFF, 0x00, 0xFF, 0xFF, 0x00, 0xFF, 0xFF, 0x00, 0xFF, 0xFF, 0x00, 0xFF, 0xFF, 0x00,
  0xFF, 0xFF, 0x00, 0xFF, 0xFF, 0x00, 0xFF, 0xFF, 0x00, 0xFF, 0xFF, 0x00, 0xFF, 0xFF, 0x00, 0xFF, 0xFF, 0x00,
  0xFF, 0xFF, 0x00, 0xFF, 0xFF, 0x00, 0xFF, 0xFF, 0x00, 0xFF, 0xFF, 0x00, 0xFF, 0xFF, 0x00, 0xFF, 0xFF, 0x00,
  0xFF, 0xFF, 0x00, 0xFF, 0xFF, 0x00, 0xFF, 0xFF, 0x00, 0xFF, 0xFF, 0x00, 0xFF, 0xFF, 0x00, 0xFF, 0xFF, 0x00,
  0x00, 0x00, 0x00, 0x00, 0x00, 0x00, 0x00, 0x00, 0x00, 0x00, 0x00, 0x00, 0x00, 0x00, 0x00, 0x00, 0x00, 0x00,
  0x00, 0x00, 0x00, 0x00, 0x00, 0x00, 0x00, 0x00, 0x00, 0x00, 0x00, 0x00, 0x00, 0x00, 0x00, 0x00, 0x00, 0x00,
  0x00, 0x00, 0x00, 0x00, 0x00, 0x00, 0x00, 0x00, 0x00, 0x00, 0x00, 0x00, 0x00, 0x00, 0x00, 0x00, 0x00, 0x00,
  0x00, 0x00, 0x00, 0x00, 0x00, 0x00, 0x00, 0x00, 0x00, 0x00, 0x00, 0x00, 0x00, 0x00, 0x00, 0x00, 0x00, 0x00,
  0x00, 0x00, 0x00, 0x00, 0x00, 0x00, 0x00, 0x00, 0x00, 0x00, 0x00, 0x00, 0x00, 0x00, 0x00, 0x00, 0x00, 0x00,
  0x00, 0x00, 0x00, 0x00, 0x00, 0x00, 0x00, 0x00, 0x00, 0x00, 0x00, 0x00, 0x00, 0x00, 0x00, 0x00, 0x00, 0x00,
  0x00, 0x00, 0x00, 0x00, 0x00, 0x00, 0x00, 0x00, 0x00, 0x00, 0x00, 0x00, 0x00, 0x00, 0x00, 0x00, 0x00, 0x00,
  0x00, 0x00, 0x00, 0x00, 0x00, 0x00, 0x00, 0x00, 0x00, 0x00, 0x00, 0x00, 0x00, 0x00, 0x00, 0x00, 0x00, 0x00,
  0x00, 0x00, 0x00, 0x00, 0x00, 0x00, 0x00, 0x00, 0x00, 0x00, 0x00, 0x00, 0x00, 0x00, 0x00, 0x00, 0x00, 0x00,
  0x00, 0x00, 0x00, 0x00, 0x00, 0x00, 0x00, 0x00, 0x00, 0x00, 0x00, 0x00, 0x00, 0x00, 0x00, 0x00, 0x00, 0x00,
  0x00, 0x00, 0x00, 0x00, 0x00, 0x00, 0x00, 0x00, 0x00, 0x00, 0x00, 0x00, 0x00, 0x00, 0x00, 0x00, 0x00, 0x00,
  0x00, 0x00, 0x00, 0x00, 0x00, 0x00, 0x00, 0x00, 0x00, 0x00, 0x00, 0x00, 0x00, 0x00, 0x00, 0x00, 0x00, 0x00,
  0x00, 0x00, 0x00, 0x00, 0x00, 0x00, 0x00, 0x00, 0x00, 0x00, 0x00, 0x00, 0x00, 0x00, 0x00, 0x00, 0x00, 0x00,
  0x00, 0x00, 0x00, 0x00, 0x00, 0x00, 0x00, 0x00, 0x00, 0x00, 0x00, 0x00, 0x00, 0x00, 0x00, 0x00, 0x00, 0x00,
  0x00, 0x00, 0x00, 0x00, 0x00, 0x00, 0x00, 0x00, 0x00, 0x00, 0x00, 0x00, 0x00, 0x00, 0x00, 0x00, 0x00, 0x00,
  0x00, 0x00, 0x00, 0x00, 0x00, 0x00, 0x00, 0x00, 0x00, 0x00, 0x00, 0x00, 0x00, 0x00, 0x00, 0x00, 0x00, 0x00,
  0x00, 0x00, 0x00, 0x00, 0x00, 0x00, 0x00, 0x00, 0x00, 0x00, 0x00, 0x00, 0x00, 0x00, 0x00, 0x00, 0x00, 0x00,
  0x00, 0x00, 0x00, 0x00, 0x00, 0x00, 0x00, 0x00, 0x00, 0x00, 0x00, 0x00, 0x00, 0x00, 0x00, 0x00, 0x00, 0x00,
  0x00, 0x00, 0x00, 0x00, 0x00, 0x00, 0x00, 0x00, 0x00, 0x00, 0x00, 0x00, 0x00, 0x00, 0x00, 0x00, 0x00, 0x00,
  0x00, 0x00, 0x00, 0x00, 0x00, 0x00, 0x00, 0x00, 0x00, 0x00, 0x00, 0x00, 0x00, 0x00, 0x00, 0x00, 0x00, 0x00,
  0x00, 0x00, 0x00, 0x00, 0x00, 0x00, 0x00, 0x00, 0x00, 0x00, 0x00, 0x00, 0x00, 0x00, 0x00, 0x00, 0x00, 0x00,
  0x00, 0x00, 0x00, 0x00, 0x00, 0x00, 0x00, 0x00, 0x00, 0x00, 0x00, 0x00, 0x00, 0x00, 0x00, 0x00, 0x00, 0x00,
  0x00, 0x00, 0x00, 0x00, 0x00, 0x00, 0x00, 0x00, 0x00, 0x00, 0x00, 0x00, 0x00, 0x00, 0x00, 0x00, 0x00, 0x00,
  0x00, 0x00, 0x00, 0x00, 0x00, 0x00, 0x00, 0x00, 0x00, 0x00, 0x00, 0x00, 0x00, 0x00, 0x00, 0x00, 0x00, 0x00,
  0x00, 0x00, 0x00, 0x00, 0x00, 0x00, 0x00, 0x00, 0x00, 0x00, 0x00, 0x00, 0x00, 0x00, 0x00, 0x00, 0x00, 0x00,
  0x00, 0x00, 0x00, 0x00, 0x00, 0x00, 0x00, 0x00, 0x00, 0x00, 0x00, 0x00, 0x00, 0x00, 0x00, 0x00, 0x00, 0x00,
  0x00, 0x00, 0x00, 0x00, 0x00, 0x00, 0x00, 0x00, 0x00, 0x00, 0x00, 0x00, 0x00, 0x00, 0x00, 0x00, 0x00, 0x00,
  0x00, 0x00, 0x00, 0x00, 0x00, 0x00, 0x00, 0x00, 0x00, 0x00, 0x00, 0x00, 0x00, 0x00, 0x00, 0x00, 0x00, 0x00,
  0x00, 0x00, 0x00, 0x00, 0x00, 0x00, 0x00, 0x00, 0x00, 0x00, 0x00, 0x00, 0x00, 0x00, 0x00, 0x00, 0x00, 0x00,
  0x00, 0x00, 0x00, 0x00, 0x00, 0x00, 0x00, 0x00, 0x00, 0x00, 0x00, 0x00, 0x00, 0x00, 0x00, 0x00, 0x00, 0x00,
  0x00, 0x00, 0x00, 0x00, 0x00, 0x00, 0x00, 0x00, 0x00, 0x00, 0x00, 0x00, 0x00, 0x00, 0x00, 0x00, 0x00, 0x00,
  0x00, 0x00, 0x00, 0x00, 0x00, 0x00, 0x00, 0x00, 0x00, 0x00, 0x00, 0x00, 0x00, 0x00, 0x00, 0x00, 0x00, 0x00,
  0x00, 0x00, 0x00, 0x00, 0x00, 0x00, 0x00, 0x00, 0x00, 0x00, 0x00, 0x00, 0x00, 0x00, 0x00, 0x00, 0x00, 0x00,
  0x00, 0x00, 0x00, 0x00, 0x00, 0x00, 0x00, 0x00, 0x00, 0x00, 0x00, 0x00, 0x00, 0x00, 0x00, 0x00, 0x00, 0x00,
  0x00, 0x00, 0x00, 0x00, 0x00, 0x00, 0x00, 0x00, 0x00, 0x00, 0x00, 0x00, 0x00, 0x00, 0x00, 0x00, 0x00, 0x00,
  0x00, 0x00, 0x00, 0x00, 0x00, 0x00, 0x00, 0x00, 0x00, 0x00, 0x00, 0x00, 0x00, 0x00, 0x00, 0x00, 0x00, 0x00,
  0x00, 0x00, 0x00, 0x00, 0x00, 0x00, 0x00, 0x00, 0x00, 0x00, 0x00, 0x00, 0x00, 0x00, 0x00, 0x00, 0x00, 0x00,
  0x00, 0x00, 0x00, 0x00, 0x00, 0x00, 0x00, 0x00, 0x00, 0x00, 0x00, 0x00, 0x00, 0x00, 0x00, 0x00, 0x00, 0x00,
  0x00, 0x00, 0x00, 0x00, 0x00, 0x00, 0x00, 0x00, 0x00, 0x00, 0x00, 0x00, 0x00, 0x00, 0x00, 0x00, 0x00, 0x00,
  0x00, 0x00, 0x00, 0x00, 0x00, 0x00, 0x00, 0x00, 0x00, 0x00, 0x00, 0x00, 0x00, 0x00, 0x00, 0x00, 0x00, 0x00,
  0x00, 0x00, 0x00, 0x00, 0x00, 0x00, 0x00, 0x00, 0x00, 0x00, 0x00, 0x00, 0x00, 0x00, 0x00, 0x00, 0x00, 0x00,
  0x00, 0x00, 0x00, 0x00, 0x00, 0x00, 0x00, 0x00, 0x00, 0x00, 0x00, 0x00, 0x00, 0x00, 0x00, 0x00, 0x00, 0x00,
  0x00, 0x00, 0x00, 0x00, 0x00, 0x00, 0x00, 0x00, 0x00, 0x00, 0x00, 0x00, 0x00, 0x00, 0x00, 0x00, 0x00, 0x00,
  0x00, 0x00, 0x00, 0x00, 0x00, 0x00, 0x00, 0x00, 0x00, 0x00, 0x00, 0x00, 0x00, 0x00, 0x00, 0x00, 0x00, 0x00,
  0x00, 0x00, 0x00, 0x00, 0x00, 0x00, 0x00, 0x00, 0x00, 0x00, 0x00, 0x00, 0x00, 0x00, 0x00, 0x00, 0x00, 0x00,
  0x00, 0x00, 0x00, 0x00, 0x00, 0x00, 0x00, 0x00, 0x00, 0x00, 0x00, 0x00, 0x00, 0x00, 0x00, 0x00, 0x00, 0x00,
  0x00, 0x00, 0x00, 0x00, 0x00, 0x00, 0x00, 0x00, 0x00, 0x00, 0x00, 0x00, 0x00, 0x00, 0x00, 0x00, 0x00, 0x00,
  0x00, 0x00, 0x00, 0x00, 0x00, 0x00, 0x00, 0x00, 0x00, 0x00, 0x00, 0x00, 0x00, 0x00, 0x00, 0x00, 0x00, 0x00,
  0x00, 0x00, 0x00, 0x00, 0x00, 0x00, 0x00, 0x00, 0x00, 0x00, 0x00, 0x00, 0x00, 0x00, 0x00, 0x00, 0x00, 0x00,
  0x00, 0x00, 0x00, 0x00, 0x00, 0x00, 0x00, 0x00, 0x00, 0x00, 0x00, 0x00, 0x00, 0x00, 0x00, 0x00, 0x00, 0x00,
  0x00, 0x00, 0x00, 0x00, 0x00, 0x00, 0x00, 0x00, 0x00, 0x00, 0x00, 0x00, 0x00, 0x00, 0x00, 0x00, 0x00, 0x00,
  0x00, 0x00, 0x00, 0x00, 0x00, 0x00, 0x00, 0x00, 0x00, 0x00, 0x00, 0x00, 0x00, 0x00, 0x00, 0x00, 0x00, 0x00,
  0x00, 0x00, 0x00, 0x00, 0x00, 0x00, 0x00, 0x00, 0x00, 0x00, 0x00, 0x00, 0x00, 0x00, 0x00, 0x00, 0x00, 0x00,
  0x00, 0x00, 0x00, 0x00, 0x00, 0x00, 0x00, 0x00, 0x00, 0x00, 0x00, 0x00, 0x00, 0x00, 0x00, 0x00, 0x00, 0x00,
  0x00, 0x00, 0x00, 0x00, 0x00, 0x00, 0x00, 0x00, 0x00, 0x00, 0x00, 0x00, 0x00, 0x00, 0x00, 0x00, 0x00, 0x00,
  0x00, 0x00, 0x00, 0x00, 0x00, 0x00, 0x00, 0x00, 0x00, 0x00, 0x00, 0x00, 0x00, 0x00, 0x00, 0x00, 0x00, 0x00,
  0x00, 0x00, 0x00, 0x00, 0x00, 0x00, 0x00, 0x00, 0x00, 0x00, 0x00, 0x00, 0x00, 0x00, 0x00, 0x00, 0x00, 0x00,
  0x00, 0x00, 0x00, 0x00, 0x00, 0x00, 0x00, 0x00, 0x00, 0x00, 0x00, 0x00, 0x00, 0x00, 0x00, 0x00, 0x00, 0x00,
  0x00, 0x00, 0x00, 0x00, 0x00, 0x00, 0x00, 0x00, 0x00, 0x00, 0x00, 0x00, 0x00, 0x00, 0x00, 0x00, 0x00, 0x00,
  0x00, 0x00, 0x00, 0x00, 0x00, 0x00, 0x00, 0x00, 0x00, 0x00, 0x00, 0x00, 0x00, 0x00, 0x00, 0x00, 0x00, 0x00,
  0x00, 0x00, 0x00, 0x00, 0x00, 0x00, 0x00, 0x00, 0x00, 0x00, 0x00, 0x00, 0x00, 0x00, 0x00, 0x00, 0x00, 0x00,
  0x00, 0x00, 0x00, 0x00, 0x00, 0x00, 0x00, 0x00, 0x00, 0x00, 0x00, 0x00, 0x00, 0x00, 0x00, 0x00, 0x00, 0x00,
  0x00, 0x00, 0x00, 0x00, 0x00, 0x00, 0x00, 0x00, 0x00, 0x00, 0x00, 0x00, 0x00, 0x00, 0x00, 0x00, 0x00, 0x00,
  0x00, 0x00, 0x00, 0x00, 0x00, 0x00, 0x00, 0x00, 0x00, 0x00, 0x00, 0x00, 0x00, 0x00, 0x00, 0x00, 0x00, 0x00,
  0x00, 0x00, 0x00, 0x00, 0x00, 0x00, 0x00, 0x00, 0x00, 0x00, 0x00, 0x00, 0x00, 0x00, 0x00, 0x00, 0x00, 0x00,
  0x00, 0x00, 0x00, 0x00, 0x00, 0x00, 0x00, 0x00, 0x00, 0x00, 0x00, 0x00, 0x00, 0x00, 0x00, 0x00, 0x00, 0x00,
  0x00, 0x00, 0x00, 0x00, 0x00, 0x00, 0x00, 0x00, 0x00, 0x00, 0x00, 0x00, 0x00, 0x00, 0x00, 0x00, 0x00, 0x00,
  0x00, 0x00, 0x00, 0x00, 0x00, 0x00, 0x00, 0x00, 0x00, 0x00, 0x00, 0x00, 0x00, 0x00, 0x00, 0x00, 0x00, 0x00,
  0x00, 0x00, 0x00, 0x00, 0x00, 0x00, 0x00, 0x00, 0x00, 0x00, 0x00, 0x00, 0x00, 0x00, 0x00, 0x00, 0x00, 0x00,
  0x00, 0x00, 0x00, 0x00, 0x00, 0x00, 0x00, 0x00, 0x00, 0x00, 0x00, 0x00, 0x00, 0x00, 0x00, 0x00, 0x00, 0x00,
};
const uint32_t image_weather_cloud_map_len = sizeof(image_weather_cloud_map);

const lv_img_dsc_t image_weather_cloud = {
  .header = {
    .cf = LV_IMG_CF_TRUE_COLOR_ALPHA,
    .always_zero = 0,
    .reserved = 0,
    .w = 60,
    .h = 60,
  },
  .data_size = image_weather_cloud_map_len,
  .data = image_weather_cloud_map,
};

const uint8_t image_weather_rain_map[] = {
  0x00, 0x00, 0x00, 0x00, 0x00, 0x00, 0x00, 0x00, 0x00, 0x00, 0x00, 0x00, 0x00, 0x00, 0x00, 0x00, 0x00, 0x00,
  0x00, 0x00, 0x00, 0xFF, 0xFF, 0x00, 0xFF, 0xFF, 0x00, 0xFF, 0xFF, 0x00, 0xFF, 0xFF, 0x00, 0xFF, 0xFF, 0x00,
  0xFF, 0xFF, 0x00, 0xFF, 0xFF, 0x00, 0xFF, 0xFF, 0x00, 0xFF, 0xFF, 0x00, 0xFF, 0xFF, 0x00, 0xFF, 0xFF, 0x00,
  0xFF, 0xFF, 0x00, 0xFF, 0xFF, 0x00, 0xFF, 0xFF, 0x00, 0xFF, 0xFF, 0x00, 0xFF, 0xFF, 0x00, 0xFF, 0xFF, 0x00,
  0xFF, 0xFF, 0x00, 0xFF, 0xFF, 0x00, 0xFF, 0xDF, 0x06, 0xAD, 0x75, 0x59, 0x5B, 0x2D, 0xAD, 0x3A, 0x6A, 0xDC,
  0x29, 0xE8, 0xF4, 0x3A, 0x49, 0xE4, 0x53, 0x0C, 0xB7, 0xAD, 0x75, 0x5A, 0xFF, 0xFF, 0x00, 0xFF, 0xFF, 0x00,
  0xFF, 0xFF, 0x00, 0xFF, 0xFF, 0x00, 0xFF, 0xFF, 0x00, 0xFF, 0xFF, 0x00, 0xFF, 0xFF, 0x00, 0xFF, 0xFF, 0x00,
  0xFF, 0xFF, 0x00, 0xFF, 0xFF, 0x00, 0xFF, 0xFF, 0x00, 0xFF, 0xFF, 0x00, 0xFF, 0xFF, 0x00, 0xFF, 0xFF, 0x00,
  0xFF, 0xFF, 0x00, 0xFF, 0xFF, 0x00, 0xFF, 0xFF, 0x00, 0xFF, 0xFF, 0x00, 0xFF, 0xFF, 0x00, 0x00, 0x00, 0x00,
  0x00, 0x00, 0x00, 0x00, 0x00, 0x00, 0x00, 0x00, 0x00, 0x00, 0x00, 0x00, 0x00, 0x00, 0x00, 0x00, 0x00, 0x00,
  0x00, 0x00, 0x00, 0x00, 0x00, 0x00, 0x00, 0x00, 0x00, 0x00, 0x00, 0x00, 0x00, 0x00, 0x00, 0x00, 0x00, 0x00,
  0x00, 0x00, 0x00, 0xFF, 0xFF, 0x00, 0xFF, 0xFF, 0x00, 0xFF, 0xFF, 0x00, 0xFF, 0xFF, 0x00, 0xFF, 0xFF, 0x00,
  0xFF, 0xFF, 0x00, 0xFF, 0xFF, 0x00, 0xFF, 0xFF, 0x00, 0xFF, 0xFF, 0x00, 0xFF, 0xFF, 0x00, 0xFF, 0xFF, 0x00,
  0xFF, 0xDF, 0x05, 0xE7, 0x1C, 0x1D, 0xDF, 0x1C, 0x1F, 0xF7, 0xBE, 0x08, 0xFF, 0xFF, 0x00, 0xFF, 0xFF, 0x00,
  0xFF, 0xFF, 0x00, 0xC6, 0x59, 0x3D, 0x42, 0x6A, 0xCE, 0x42, 0x8B, 0xFF, 0x7C, 0x95, 0xFF, 0xA5, 0xBA, 0xFF,
  0xB6, 0x3C, 0xFF, 0xAD, 0xFB, 0xFF, 0x84, 0xB6, 0xFF, 0x3A, 0x4A, 0xFF, 0x5B, 0x4D, 0xAE, 0xF7, 0xBE, 0x08,
  0xFF, 0xFF, 0x00, 0xFF, 0xFF, 0x00, 0xFF, 0xFF, 0x00, 0xFF, 0xFF, 0x00, 0xFF, 0xFF, 0x00, 0xFF, 0xFF, 0x00,
  0xFF, 0xFF, 0x00, 0xFF, 0xFF, 0x00, 0xFF, 0xFF, 0x00, 0xFF, 0xFF, 0x00, 0xFF, 0xFF, 0x00, 0xFF, 0xFF, 0x00,
  0xFF, 0xFF, 0x00, 0xFF, 0xFF, 0x00, 0xFF, 0xFF, 0x00, 0xFF, 0xFF, 0x00, 0xFF, 0xFF, 0x00, 0x00, 0x00, 0x00,
  0x00, 0x00, 0x00, 0x00, 0x00, 0x00, 0x00, 0x00, 0x00, 0x00, 0x00, 0x00, 0x00, 0x00, 0x00, 0x00, 0x00, 0x00,
  0x00, 0x00, 0x00, 0x00, 0x00, 0x00, 0x00, 0x00, 0x00, 0x00, 0x00, 0x00, 0x00, 0x00, 0x00, 0x00, 0x00, 0x00,
  0x00, 0x00, 0x00, 0xFF, 0xFF, 0x00, 0xFF, 0xFF, 0x00, 0xFF, 0xFF, 0x00, 0xFF, 0xFF, 0x00, 0xFF, 0xFF, 0x00,
  0xFF, 0xFF, 0x00, 0xFF, 0xFF, 0x00, 0xFF, 0xFF, 0x00, 0xFF, 0xFF, 0x00, 0xEF, 0x5D, 0x17, 0x84, 0x51, 0x82,
  0x42, 0x8A, 0xD4, 0x3A, 0x4A, 0xF4, 0x3A, 0x4A, 0xF5, 0x42, 0x6A, 0xD9, 0x84, 0x51, 0x85, 0xF7, 0xBE, 0x08,
  0xAD, 0x96, 0x56, 0x29, 0xC7, 0xF8, 0x84, 0xB5, 0xFF, 0xCE, 0xFF, 0xFF, 0xCF, 0x1F, 0xFF, 0xCE, 0xFF, 0xFF,
  0xCE, 0xDF, 0xFF, 0xCE, 0xFF, 0xFF, 0xCF, 0x1F, 0xFF, 0xC6, 0xBF, 0xFF, 0x4A, 0xCD, 0xFF, 0x63, 0x6D, 0xA8,
  0xFF, 0xFF, 0x00, 0xFF, 0xFF, 0x00, 0xFF, 0xFF, 0x00, 0xF7, 0xBE, 0x06, 0xF7, 0xDF, 0x06, 0xFF, 0xFF, 0x00,
  0xFF, 0xFF, 0x00, 0xFF, 0xFF, 0x00, 0xFF, 0xFF, 0x00, 0xFF, 0xFF, 0x00, 0xFF, 0xFF, 0x00, 0xFF, 0xFF, 0x00,
  0xFF, 0xFF, 0x00, 0xFF, 0xFF, 0x00, 0xFF, 0xFF, 0x00, 0xFF, 0xFF, 0x00, 0xFF, 0xFF, 0x00, 0x00, 0x00, 0x00,
  0x00, 0x00, 0x00, 0x00, 0x00, 0x00, 0x00, 0x00, 0x00, 0x00, 0x00, 0x00, 0x00, 0x00, 0x00, 0x00, 0x00, 0x00,
  0x00, 0x00, 0x00, 0x00, 0x00, 0x00, 0x00, 0x00, 0x00, 0x00, 0x00, 0x00, 0x00, 0x00, 0x00, 0x00, 0x00, 0x00,
  0x00, 0x00, 0x00, 0xFF, 0xFF, 0x00, 0xFF, 0xFF, 0x00, 0xFF, 0xFF, 0x00, 0xFF, 0xFF, 0x00, 0xFF, 0xFF, 0x00,
  0xFF, 0xFF, 0x00, 0xFF, 0xFF, 0x00, 0xFF, 0xFF, 0x00, 0xB5, 0xD7, 0x4E, 0x32, 0x08, 0xE4, 0x53, 0x2F, 0xFF,
  0x9D, 0x99, 0xFF, 0xBE, 0x7E, 0xFF, 0xBE, 0x7E, 0xFF, 0xA5, 0xBA, 0xFF, 0x4B, 0x0D, 0xFF, 0x32, 0x28, 0xDA,
  0x29, 0xE8, 0xF5, 0x9D, 0x79, 0xFF, 0xCF, 0x1F, 0xFF, 0xC6, 0xDF, 0xFF, 0xC6, 0xDF, 0xFF, 0xC6, 0xDF, 0xFF,
  0xC6, 0xDF, 0xFF, 0xC6, 0xDF, 0xFF, 0xC6, 0xDF, 0xFF, 0xCE, 0xFF, 0xFF, 0xBE, 0x9E, 0xFF, 0x32, 0x29, 0xFF,
  0x8C, 0xB2, 0x76, 0x7C, 0x30, 0x89, 0x4A, 0xCB, 0xC4, 0x42, 0x8A, 0xDA, 0x42, 0x8A, 0xDA, 0x4A, 0xCB, 0xC2,
  0x7C, 0x10, 0x8B, 0xCE, 0x79, 0x37, 0xFF, 0xFF, 0x00, 0xFF, 0xFF, 0x00, 0xFF, 0xFF, 0x00, 0xFF, 0xFF, 0x00,
  0xFF, 0xFF, 0x00, 0xFF, 0xFF, 0x00, 0xFF, 0xFF, 0x00, 0xFF, 0xFF, 0x00, 0xFF, 0xFF, 0x00, 0x00, 0x00, 0x00,
  0x00, 0x00, 0x00, 0x00, 0x00, 0x00, 0x00, 0x00, 0x00, 0x00, 0x00, 0x00, 0x00, 0x00, 0x00, 0x00, 0x00, 0x00,
  0x00, 0x00, 0x00, 0x00, 0x00, 0x00, 0x00, 0x00, 0x00, 0x00, 0x00, 0x00, 0x00, 0x00, 0x00, 0x00, 0x00, 0x00,
  0x00, 0x00, 0x00, 0xFF, 0xFF, 0x00, 0xFF, 0xFF, 0x00, 0xFF, 0xFF, 0x00, 0xFF, 0xFF, 0x00, 0xFF, 0xFF, 0x00,
  0xFF, 0xFF, 0x00, 0xFF, 0xFF, 0x00, 0xAD, 0xB6, 0x54, 0x29, 0xC7, 0xFC, 0x95, 0x38, 0xFF, 0xCF, 0x1F, 0xFF,
  0xD7, 0x3F, 0xFF, 0xE7, 0x5F, 0xFF, 0xCE, 0xFF, 0xFF, 0xCE, 0xFF, 0xFF, 0xCE, 0xFF, 0xFF, 0x6B, 0xD1, 0xFF,
  0x84, 0xB5, 0xFF, 0xCF, 0x1F, 0xFF, 0xC6, 0xDF, 0xFF, 0xC6, 0xDF, 0xFF, 0xC6, 0xDF, 0xFF, 0xC6, 0xDF, 0xFF,
  0xC6, 0xDF, 0xFF, 0xC6, 0xDF, 0xFF, 0xC6, 0xDF, 0xFF, 0xC6, 0xDF, 0xFF, 0xCF, 0x1F, 0xFF, 0x84, 0x95, 0xFF,
  0x29, 0xC8, 0xFF, 0x63, 0xD1, 0xFF, 0x95, 0x38, 0xFF, 0xA5, 0xDB, 0xFF, 0xA5, 0xDA, 0xFF, 0x95, 0x37, 0xFF,
  0x63, 0xB1, 0xFF, 0x32, 0x09, 0xFE, 0x5B, 0x4D, 0xAA, 0xE7, 0x3C, 0x1B, 0xFF, 0xFF, 0x00, 0xFF, 0xFF, 0x00,
  0xFF, 0xFF, 0x00, 0xFF, 0xFF, 0x00, 0xFF, 0xFF, 0x00, 0xFF, 0xFF, 0x00, 0xFF, 0xFF, 0x00, 0x00, 0x00, 0x00,
  0x00, 0x00, 0x00, 0x00, 0x00, 0x00, 0x00, 0x00, 0x00, 0x00, 0x00, 0x00, 0x00, 0x00, 0x00, 0x00, 0x00, 0x00,
  0x00, 0x00, 0x00, 0x00, 0x00, 0x00, 0x00, 0x00, 0x00, 0x00, 0x00, 0x00, 0x00, 0x00, 0x00, 0x00, 0x00, 0x00,
  0x00, 0x00, 0x00, 0xFF, 0xFF, 0x00, 0xFF, 0xFF, 0x00, 0xFF, 0xFF, 0x00, 0xFF, 0xFF, 0x00, 0xFF, 0xFF, 0x00,
  0xFF, 0xFF, 0x00, 0xE7, 0x1C, 0x20, 0x29, 0xE8, 0xEF, 0x95, 0x58, 0xFF, 0xD7, 0x1F, 0xFF, 0xEF, 0x9F, 0xFF,
  0xFF, 0xFF, 0xFF, 0xFF, 0xFF, 0xFF, 0xE7, 0x7F, 0xFF, 0xC6, 0xBF, 0xFF, 0xC6, 0xDF, 0xFF, 0xCE, 0xFF, 0xFF,
  0xCE, 0xFF, 0xFF, 0xC6, 0xDF, 0xFF, 0xC6, 0xDF, 0xFF, 0xC6, 0xDF, 0xFF, 0xC6, 0xDF, 0xFF, 0xC6, 0xDF, 0xFF,
  0xC6, 0xDF, 0xFF, 0xC6, 0xDF, 0xFF, 0xC6, 0xDF, 0xFF, 0xC6, 0xDF, 0xFF, 0xC6, 0xDF, 0xFF, 0xC6, 0xBF, 0xFF,
  0xBE, 0x7E, 0xFF, 0xCF, 0x1F, 0xFF, 0xCE, 0xFF, 0xFF, 0xCE, 0xFF, 0xFF, 0xCE, 0xFF, 0xFF, 0xCE, 0xFF, 0xFF,
  0xCF, 0x1F, 0xFF, 0xBE, 0x9E, 0xFF, 0x63, 0xB1, 0xFF, 0x32, 0x28, 0xDF, 0xDE, 0xDB, 0x28, 0xFF, 0xFF, 0x00,
  0xFF, 0xFF, 0x00, 0xFF, 0xFF, 0x00, 0xFF, 0xFF, 0x00, 0xFF, 0xFF, 0x00, 0xFF, 0xFF, 0x00, 0x00, 0x00, 0x00,
  0x00, 0x00, 0x00, 0x00, 0x00, 0x00, 0x00, 0x00, 0x00, 0x00, 0x00, 0x00, 0x00, 0x00, 0x00, 0x00, 0x00, 0x00,
  0x00, 0x00, 0x00, 0x00, 0x00, 0x00, 0x00, 0x00, 0x00, 0x00, 0x00, 0x00, 0x00, 0x00, 0x00, 0x00, 0x00, 0x00,
  0x00, 0x00, 0x00, 0xFF, 0xFF, 0x00, 0xFF, 0xFF, 0x00, 0xFF, 0xFF, 0x00, 0xFF, 0xFF, 0x00, 0xFF, 0xFF, 0x00,
  0xFF, 0xFF, 0x00, 0x7C, 0x10, 0x90, 0x5B, 0x6F, 0xFF, 0xCF, 0x1F, 0xFF, 0xEF, 0x9F, 0xFF, 0xFF, 0xFF, 0xFF,
  0xFF, 0xFF, 0xFF, 0xF7, 0xBF, 0xFF, 0xCE, 0xFF, 0xFF, 0xC6, 0xBF, 0xFF, 0xC6, 0xDF, 0xFF, 0xC6, 0xDF, 0xFF,
  0xC6, 0xDF, 0xFF, 0xC6, 0xDF, 0xFF, 0xC6, 0xDF, 0xFF, 0xC6, 0xDF, 0xFF, 0xC6, 0xDF, 0xFF, 0xC6, 0xDF, 0xFF,
  0xC6, 0xDF, 0xFF, 0xC6, 0xDF, 0xFF, 0xC6, 0xDF, 0xFF, 0xC6, 0xDF, 0xFF, 0xC6, 0xDF, 0xFF, 0xC6, 0xDF, 0xFF,
  0xC6, 0xDF, 0xFF, 0xC6, 0xDF, 0xFF, 0xC6, 0xDF, 0xFF, 0xC6, 0xDF, 0xFF, 0xC6, 0xDF, 0xFF, 0xC6, 0xDF, 0xFF,
  0xC6, 0xDF, 0xFF, 0xCE, 0xDF, 0xFF, 0xCF, 0x1F, 0xFF, 0x74, 0x53, 0xFF, 0x3A, 0x49, 0xD6, 0xF7, 0xBE, 0x0C,
  0xFF, 0xFF, 0x00, 0xFF, 0xFF, 0x00, 0xFF, 0xFF, 0x00, 0xFF, 0xFF, 0x00, 0xFF, 0xFF, 0x00, 0x00, 0x00, 0x00,
  0x00, 0x00, 0x00, 0x00, 0x00, 0x00, 0x00, 0x00, 0x00, 0x00, 0x00, 0x00, 0x00, 0x00, 0x00, 0x00, 0x00, 0x00,
  0x00, 0x00, 0x00, 0x00, 0x00, 0x00, 0x00, 0x00, 0x00, 0x00, 0x00, 0x00, 0x00, 0x00, 0x00, 0x00, 0x00, 0x00,
  0x00, 0x00, 0x00, 0xFF, 0xFF, 0x00, 0xFF, 0xFF, 0x00, 0xFF, 0xFF, 0x00, 0xFF, 0xFF, 0x00, 0xFF, 0xFF, 0x00,
  0xFF, 0xDF, 0x06, 0x42, 0x6A, 0xDA, 0x9D, 0x9A, 0xFF, 0xDF, 0x5F, 0xFF, 0xFF, 0xFF, 0xFF, 0xFF, 0xFF, 0xFF,
  0xE7, 0x7F, 0xFF, 0xC6, 0xBF, 0xFF, 0xC6, 0xBF, 0xFF, 0xC6, 0xDF, 0xFF, 0xC6, 0xDF, 0xFF, 0xC6, 0xDF, 0xFF,
  0xC6, 0xDF, 0xFF, 0xC6, 0xDF, 0xFF, 0xC6, 0xDF, 0xFF, 0xC6, 0xDF, 0xFF, 0xC6, 0xDF, 0xFF, 0xC6, 0xDF, 0xFF,
  0xC6, 0xDF, 0xFF, 0xC6, 0xDF, 0xFF, 0xC6, 0xDF, 0xFF, 0xC6, 0xDF, 0xFF, 0xC6, 0xDF, 0xFF, 0xC6, 0xDF, 0xFF,
  0xC6, 0xDF, 0xFF, 0xC6, 0xDF, 0xFF, 0xC6, 0xDF, 0xFF, 0xC6, 0xDF, 0xFF, 0xC6, 0xDF, 0xFF, 0xC6, 0xDF, 0xFF,
  0xC6, 0xDF, 0xFF, 0xC6, 0xDF, 0xFF, 0xC6, 0xDF, 0xFF, 0xCE, 0xFF, 0xFF, 0x4A, 0xED, 0xFF, 0x84, 0x71, 0x82,
  0xFF, 0xFF, 0x00, 0xFF, 0xFF, 0x00, 0xFF, 0xFF, 0x00, 0xFF, 0xFF, 0x00, 0xFF, 0xFF, 0x00, 0x00, 0x00, 0x00,
  0x00, 0x00, 0x00, 0x00, 0x00, 0x00, 0x00, 0x00, 0x00, 0x00, 0x00, 0x00, 0x00, 0x00, 0x00, 0x00, 0x00, 0x00,
  0x00, 0x00, 0x00, 0x00, 0x00, 0x00, 0x00, 0x00, 0x00, 0x00, 0x00, 0x00, 0x00, 0x00, 0x00, 0x00, 0x00, 0x00,
  0x00, 0x00, 0x00, 0xFF, 0xFF, 0x00, 0xFF, 0xFF, 0x00, 0xFF, 0xFF, 0x00, 0xFF, 0xFF, 0x00, 0xFF, 0xFF, 0x00,
  0xE7, 0x1C, 0x1E, 0x3A, 0x49, 0xF5, 0xB6, 0x5D, 0xFF, 0xEF, 0x9F, 0xFF, 0xFF, 0xFF, 0xFF, 0xFF, 0xDF, 0xFF,
  0xC6, 0xDF, 0xFF, 0xC6, 0xBF, 0xFF, 0xC6, 0xDF, 0xFF, 0xC6, 0xDF, 0xFF, 0xC6, 0xDF, 0xFF, 0xC6, 0xDF, 0xFF,
  0xC6, 0xDF, 0xFF, 0xC6, 0xDF, 0xFF, 0xC6, 0xDF, 0xFF, 0xC6, 0xDF, 0xFF, 0xC6, 0xDF, 0xFF, 0xC6, 0xDF, 0xFF,
  0xC6, 0xDF, 0xFF, 0xC6, 0xDF, 0xFF, 0xC6, 0xDF, 0xFF, 0xC6, 0xDF, 0xFF, 0xC6, 0xDF, 0xFF, 0xC6, 0xDF, 0xFF,
  0xC6, 0xDF, 0xFF, 0xC6, 0xDF, 0xFF, 0xC6, 0xDF, 0xFF, 0xC6, 0xDF, 0xFF, 0xC6, 0xDF, 0xFF, 0xC6, 0xDF, 0xFF,
  0xC6, 0xDF, 0xFF, 0xC6, 0xDF, 0xFF, 0xC6, 0xDF, 0xFF, 0xCE, 0xFF, 0xFF, 0xA5, 0x9A, 0xFF, 0x3A, 0x29, 0xE5,
  0xF7, 0x9E, 0x0E, 0xFF, 0xFF, 0x00, 0xFF, 0xFF, 0x00, 0xFF, 0xFF, 0x00, 0xFF, 0xFF, 0x00, 0x00, 0x00, 0x00,
  0x00, 0x00, 0x00, 0x00, 0x00, 0x00, 0x00, 0x00, 0x00, 0x00, 0x00, 0x00, 0x00, 0x00, 0x00, 0x00, 0x00, 0x00,
  0x00, 0x00, 0x00, 0x00, 0x00, 0x00, 0x00, 0x00, 0x00, 0x00, 0x00, 0x00, 0x00, 0x00, 0x00, 0x00, 0x00, 0x00,
  0x00, 0x00, 0x00, 0xFF, 0xFF, 0x00, 0xFF, 0xFF, 0x00, 0xFF, 0xFF, 0x00, 0xFF, 0xFF, 0x00, 0xFF, 0xFF, 0x00,
  0xDF, 0x1C, 0x21, 0x3A, 0x4A, 0xFB, 0xBE, 0x7E, 0xFF, 0xE7, 0x7F, 0xFF, 0xFF, 0xFF, 0xFF, 0xE7, 0x7F, 0xFF,
  0xC6, 0xBF, 0xFF, 0xC6, 0xDF, 0xFF, 0xC6, 0xDF, 0xFF, 0xC6, 0xDF, 0xFF, 0xC6, 0xDF, 0xFF, 0xC6, 0xDF, 0xFF,
  0xC6, 0xDF, 0xFF, 0xC6, 0xDF, 0xFF, 0xC6, 0xDF, 0xFF, 0xC6, 0xDF, 0xFF, 0xC6, 0xDF, 0xFF, 0xC6, 0xDF, 0xFF,
  0xC6, 0xDF, 0xFF, 0xC6, 0xDF, 0xFF, 0xC6, 0xDF, 0xFF, 0xC6, 0xDF, 0xFF, 0xC6, 0xDF, 0xFF, 0xC6, 0xDF, 0xFF,
  0xC6, 0xDF, 0xFF, 0xC6, 0xDF, 0xFF, 0xC6, 0xDF, 0xFF, 0xC6, 0xDF, 0xFF, 0xC6, 0xDF, 0xFF, 0xC6, 0xDF, 0xFF,
  0xC6, 0xDF, 0xFF, 0xC6, 0xDF, 0xFF, 0xC6, 0xDF, 0xFF, 0xC6, 0xDF, 0xFF, 0xC6, 0xDF, 0xFF, 0x3A, 0x6A, 0xFF,
  0xBD, 0xF8, 0x46, 0xFF, 0xFF, 0x00, 0xFF, 0xFF, 0x00, 0xFF, 0xFF, 0x00, 0xFF, 0xFF, 0x00, 0x00, 0x00, 0x00,
  0x00, 0x00, 0x00, 0x00, 0x00, 0x00, 0x00, 0x00, 0x00, 0x00, 0x00, 0x00, 0x00, 0x00, 0x00, 0x00, 0x00, 0x00,
  0x00, 0x00, 0x00, 0x00, 0x00, 0x00, 0x00, 0x00, 0x00, 0x00, 0x00, 0x00, 0x00, 0x00, 0x00, 0x00, 0x00, 0x00,
  0x00, 0x00, 0x00, 0xFF, 0xFF, 0x00, 0xFF, 0xFF, 0x00, 0xFF, 0xFF, 0x00, 0xFF, 0xFF, 0x00, 0xF7, 0x9E, 0x0C,
  0xBD, 0xF7, 0x43, 0x32, 0x08, 0xF7, 0xB6, 0x5D, 0xFF, 0xCE, 0xFF, 0xFF, 0xDF, 0x3F, 0xFF, 0xCE, 0xDF, 0xFF,
  0xC6, 0xDF, 0xFF, 0xC6, 0xDF, 0xFF, 0xC6, 0xDF, 0xFF, 0xC6, 0xDF, 0xFF, 0xC6, 0xDF, 0xFF, 0xC6, 0xDF, 0xFF,
  0xC6, 0xDF, 0xFF, 0xC6, 0xDF, 0xFF, 0xC6, 0xDF, 0xFF, 0xC6, 0xDF, 0xFF, 0xC6, 0xDF, 0xFF, 0xC6, 0xDF, 0xFF,
  0xC6, 0xDF, 0xFF, 0xC6, 0xDF, 0xFF, 0xC6, 0xDF, 0xFF, 0xC6, 0xDF, 0xFF, 0xC6, 0xDF, 0xFF, 0xC6, 0xDF, 0xFF,
  0xC6, 0xDF, 0xFF, 0xC6, 0xDF, 0xFF, 0xC6, 0xDF, 0xFF, 0xC6, 0xDF, 0xFF, 0xC6, 0xDF, 0xFF, 0xC6, 0xDF, 0xFF,
  0xC6, 0xDF, 0xFF, 0xC6, 0xDF, 0xFF, 0xC6, 0xDF, 0xFF, 0xC6, 0xDF, 0xFF, 0xCF, 0x1F, 0xFF, 0x5B, 0x4F, 0xFF,
  0x8C, 0xB2, 0x78, 0xFF, 0xFF, 0x00, 0xFF, 0xFF, 0x00, 0xFF, 0xFF, 0x00, 0xFF, 0xFF, 0x00, 0x00, 0x00, 0x00,
  0x00, 0x00, 0x00, 0x00, 0x00, 0x00, 0x00, 0x00, 0x00, 0x00, 0x00, 0x00, 0x00, 0x00, 0x00, 0x00, 0x00, 0x00,
  0x00, 0x00, 0x00, 0x00, 0x00, 0x00, 0x00, 0x00, 0x00, 0x00, 0x00, 0x00, 0x00, 0x00, 0x00, 0x00, 0x00, 0x00,
  0x00, 0x00, 0x00, 0xFF, 0xFF, 0x00, 0xFF, 0xFF, 0x00, 0xDF, 0x1C, 0x22, 0x6B, 0xAE, 0x9C, 0x3A, 0x49, 0xE6,
  0x3A, 0x4A, 0xFB, 0x3A, 0x6B, 0xFF, 0xB6, 0x1C, 0xFF, 0xCE, 0xDF, 0xFF, 0xC6, 0xBF, 0xFF, 0xC6, 0xDF, 0xFF,
  0xC6, 0xDF, 0xFF, 0xC6, 0xDF, 0xFF, 0xC6, 0xDF, 0xFF, 0xC6, 0xDF, 0xFF, 0xC6, 0xDF, 0xFF, 0xC6, 0xDF, 0xFF,
  0xC6, 0xDF, 0xFF, 0xCE, 0xFF, 0xFF, 0xCE, 0xFF, 0xFF, 0xCE, 0xFF, 0xFF, 0xC6, 0xDF, 0xFF, 0xC6, 0xDF, 0xFF,
  0xC6, 0xDF, 0xFF, 0xC6, 0xDF, 0xFF, 0xCE, 0xFF, 0xFF, 0xCE, 0xFF, 0xFF, 0xCE, 0xFF, 0xFF, 0xC6, 0xDF, 0xFF,
  0xC6, 0xDF, 0xFF, 0xC6, 0xDF, 0xFF, 0xC6, 0xDF, 0xFF, 0xC6, 0xDF, 0xFF, 0xC6, 0xDF, 0xFF, 0xC6, 0xDF, 0xFF,
  0xC6, 0xDF, 0xFF, 0xC6, 0xDF, 0xFF, 0xC6, 0xDF, 0xFF, 0xC6, 0xDF, 0xFF, 0xCF, 0x1F, 0xFF, 0x6B, 0xF2, 0xFF,
  0x7C, 0x10, 0x8E, 0xFF, 0xFF, 0x00, 0xFF, 0xFF, 0x00, 0xFF, 0xFF, 0x00, 0xFF, 0xFF, 0x00, 0x00, 0x00, 0x00,
  0x00, 0x00, 0x00, 0x00, 0x00, 0x00, 0x00, 0x00, 0x00, 0x00, 0x00, 0x00, 0x00, 0x00, 0x00, 0x00, 0x00, 0x00,
  0x00, 0x00, 0x00, 0x00, 0x00, 0x00, 0x00, 0x00, 0x00, 0x00, 0x00, 0x00, 0x00, 0x00, 0x00, 0x00, 0x00, 0x00,
  0x00, 0x00, 0x00, 0xFF, 0xFF, 0x00, 0xC6, 0x38, 0x43, 0x29, 0xE8, 0xEA, 0x63, 0x90, 0xFF, 0xAD, 0xFB, 0xFF,
  0xC6, 0x9E, 0xFF, 0xC6, 0xBF, 0xFF, 0xC6, 0xDF, 0xFF, 0xC6, 0xDF, 0xFF, 0xC6, 0xDF, 0xFF, 0xC6, 0xDF, 0xFF,
  0xC6, 0xDF, 0xFF, 0xC6, 0xDF, 0xFF, 0xC6, 0xDF, 0xFF, 0xC6, 0xDF, 0xFF, 0xC6, 0xDF, 0xFF, 0xC6, 0xDF, 0xFF,
  0xCE, 0xFF, 0xFF, 0x9D, 0x79, 0xFF, 0x3A, 0x2A, 0xFF, 0x6B, 0xD1, 0xFF, 0xCE, 0xDF, 0xFF, 0xC6, 0xDF, 0xFF,
  0xC6, 0xDF, 0xFF, 0xC6, 0xDF, 0xFF, 0x6B, 0xB0, 0xFF, 0x42, 0x2A, 0xFF, 0xA5, 0x99, 0xFF, 0xCE, 0xFF, 0xFF,
  0xC6, 0xDF, 0xFF, 0xC6, 0xDF, 0xFF, 0xC6, 0xDF, 0xFF, 0xC6, 0xDF, 0xFF, 0xC6, 0xDF, 0xFF, 0xC6, 0xDF, 0xFF,
  0xC6, 0xDF, 0xFF, 0xC6, 0xDF, 0xFF, 0xC6, 0xDF, 0xFF, 0xC6, 0xDF, 0xFF, 0xCF, 0x1F, 0xFF, 0x6B, 0xF2, 0xFF,
  0x5B, 0x2C, 0xAA, 0xF7, 0x9E, 0x0C, 0xFF, 0xFF, 0x00, 0xFF, 0xFF, 0x00, 0xFF, 0xFF, 0x00, 0x00, 0x00, 0x00,
  0x00, 0x00, 0x00, 0x00, 0x00, 0x00, 0x00, 0x00, 0x00, 0x00, 0x00, 0x00, 0x00, 0x00, 0x00, 0x00, 0x00, 0x00,
  0x00, 0x00, 0x00, 0x00, 0x00, 0x00, 0x00, 0x00, 0x00, 0x00, 0x00, 0x00, 0x00, 0x00, 0x00, 0x00, 0x00, 0x00,
  0x00, 0x00, 0x00, 0xDE, 0xFB, 0x26, 0x29, 0xE8, 0xEF, 0x8C, 0xD6, 0xFF, 0xCF, 0x1F, 0xFF, 0xCE, 0xFF, 0xFF,
  0xC6, 0xDF, 0xFF, 0xC6, 0xDF, 0xFF, 0xDF, 0x5F, 0xFF, 0xE7, 0x5F, 0xFF, 0xC6, 0xBF, 0xFF, 0xC6, 0xDF, 0xFF,
  0xC6, 0xDF, 0xFF, 0xC6, 0xDF, 0xFF, 0xC6, 0xDF, 0xFF, 0xC6, 0xDF, 0xFF, 0xC6, 0xDF, 0xFF, 0xC6, 0xDF, 0xFF,
  0xCE, 0xFF, 0xFF, 0x7C, 0x33, 0xFF, 0x95, 0x37, 0xFF, 0x74, 0x12, 0xFF, 0xBE, 0x9E, 0xFF, 0xC6, 0xDF, 0xFF,
  0xC6, 0xDF, 0xFF, 0xBE, 0x7E, 0xFF, 0x74, 0x12, 0xFF, 0x95, 0x17, 0xFF, 0x7C, 0x54, 0xFF, 0xCE, 0xFF, 0xFF,
  0xC6, 0xDF, 0xFF, 0xC6, 0xDF, 0xFF, 0xC6, 0xDF, 0xFF, 0xC6, 0xDF, 0xFF, 0xC6, 0xDF, 0xFF, 0xC6, 0xDF, 0xFF,
  0xC6, 0xDF, 0xFF, 0xC6, 0xDF, 0xFF, 0xC6, 0xDF, 0xFF, 0xC6, 0xDF, 0xFF, 0xCE, 0xFF, 0xFF, 0x95, 0x17, 0xFF,
  0x3A, 0x6B, 0xFF, 0x32, 0x09, 0xE8, 0x84, 0x51, 0x84, 0xFF, 0xFF, 0x03, 0xFF, 0xFF, 0x00, 0x00, 0x00, 0x00,
  0x00, 0x00, 0x00, 0x00, 0x00, 0x00, 0x00, 0x00, 0x00, 0x00, 0x00, 0x00, 0x00, 0x00, 0x00, 0x00, 0x00, 0x00,
  0x00, 0x00, 0x00, 0x00, 0x00, 0x00, 0x00, 0x00, 0x00, 0x00, 0x00, 0x00, 0x00, 0x00, 0x00, 0x00, 0x00, 0x00,
  0x00, 0x00, 0x00, 0x6B, 0xAE, 0xA0, 0x63, 0xB1, 0xFF, 0xD7, 0x1F, 0xFF, 0xC6, 0xDF, 0xFF, 0xC6, 0xDF, 0xFF,
  0xC6, 0xDF, 0xFF, 0xC6, 0xBF, 0xFF, 0xD7, 0x1F, 0xFF, 0xD7, 0x1F, 0xFF, 0xC6, 0xBF, 0xFF, 0xC6, 0xDF, 0xFF,
  0xC6, 0xDF, 0xFF, 0xC6, 0xDF, 0xFF, 0xC6, 0xDF, 0xFF, 0xC6, 0xDF, 0xFF, 0xCE, 0x9E, 0xFF, 0xCE, 0x9E, 0xFF,
  0xC6, 0xDF, 0xFF, 0xCE, 0xFF, 0xFF, 0xCE, 0xFF, 0xFF, 0xCE, 0xFF, 0xFF, 0xC6, 0xDF, 0xFF, 0xC6, 0xDF, 0xFF,
  0xC6, 0xDF, 0xFF, 0xC6, 0xDF, 0xFF, 0xCE, 0xFF, 0xFF, 0xCE, 0xFF, 0xFF, 0xCE, 0xFF, 0xFF, 0xC6, 0xDF, 0xFF,
  0xCE, 0x9E, 0xFF, 0xCE, 0x9E, 0xFF, 0xC6, 0xDF, 0xFF, 0xC6, 0xDF, 0xFF, 0xC6, 0xDF, 0xFF, 0xC6, 0xDF, 0xFF,
  0xC6, 0xDF, 0xFF, 0xC6, 0xDF, 0xFF, 0xC6, 0xDF, 0xFF, 0xC6, 0xDF, 0xFF, 0xC6, 0xDF, 0xFF, 0xCE, 0xDF, 0xFF,
  0xCE, 0xDF, 0xFF, 0xAD, 0xFB, 0xFF, 0x42, 0x8B, 0xFF, 0x6B, 0x8E, 0xA4, 0xFF, 0xFF, 0x00, 0x00, 0x00, 0x00,
  0x00, 0x00, 0x00, 0x00, 0x00, 0x00, 0x00, 0x00, 0x00, 0x00, 0x00, 0x00, 0x00, 0x00, 0x00, 0x00, 0x00, 0x00,
  0x00, 0x00, 0x00, 0x00, 0x00, 0x00, 0x00, 0x00, 0x00, 0x00, 0x00, 0x00, 0x00, 0x00, 0x00, 0x00, 0x00, 0x00,
  0x00, 0x00, 0x00, 0x3A, 0x49, 0xDF, 0xA5, 0xDA, 0xFF, 0xCE, 0xFF, 0xFF, 0xC6, 0xDF, 0xFF, 0xC6, 0xDF, 0xFF,
  0xC6, 0xDF, 0xFF, 0xC6, 0xDF, 0xFF, 0xC6, 0xBF, 0xFF, 0xC6, 0xBF, 0xFF, 0xC6, 0xDF, 0xFF, 0xC6, 0xDF, 0xFF,
  0xC6, 0xDF, 0xFF, 0xC6, 0xDF, 0xFF, 0xC6, 0xDF, 0xFF, 0xCE, 0x9E, 0xFF, 0xE4, 0xD8, 0xFF, 0xE4, 0xF8, 0xFF,
  0xC6, 0xBF, 0xFF, 0xC6, 0xDF, 0xFF, 0xC6, 0xDF, 0xFF, 0xC6, 0xDF, 0xFF, 0xCF, 0x1F, 0xFF, 0xC6, 0xDF, 0xFF,
  0xCE, 0xDF, 0xFF, 0xCF, 0x1F, 0xFF, 0xC6, 0xDF, 0xFF, 0xC6, 0xDF, 0xFF, 0xC6, 0xDF, 0xFF, 0xC6, 0xBF, 0xFF,
  0xE4, 0xF8, 0xFF, 0xE4, 0xD8, 0xFF, 0xCE, 0x9E, 0xFF, 0xC6, 0xDF, 0xFF, 0xC6, 0xDF, 0xFF, 0xC6, 0xDF, 0xFF,
  0xC6, 0xDF, 0xFF, 0xC6, 0xDF, 0xFF, 0xC6, 0xDF, 0xFF, 0xC6, 0xDF, 0xFF, 0xC6, 0xDF, 0xFF, 0xC6, 0xDF, 0xFF,
  0xC6, 0xDF, 0xFF, 0xCE, 0xFF, 0xFF, 0xBE, 0x7E, 0xFF, 0x2A, 0x09, 0xFF, 0xB5, 0xD7, 0x4F, 0x00, 0x00, 0x00,
  0x00, 0x00, 0x00, 0x00, 0x00, 0x00, 0x00, 0x00, 0x00, 0x00, 0x00, 0x00, 0x00, 0x00, 0x00, 0x00, 0x00, 0x00,
  0x00, 0x00, 0x00, 0x00, 0x00, 0x00, 0x00, 0x00, 0x00, 0x00, 0x00, 0x00, 0x00, 0x00, 0x00, 0x00, 0x00, 0x00,
  0x00, 0x00, 0x00, 0x29, 0xE8, 0xFA, 0xB6, 0x5D, 0xFF, 0xCE, 0xDF, 0xFF, 0xC6, 0xDF, 0xFF, 0xC6, 0xDF, 0xFF,
  0xC6, 0xDF, 0xFF, 0xC6, 0xDF, 0xFF, 0xC6, 0xDF, 0xFF, 0xC6, 0xDF, 0xFF, 0xC6, 0xDF, 0xFF, 0xC6, 0xDF, 0xFF,
  0xC6, 0xDF, 0xFF, 0xC6, 0xDF, 0xFF, 0xC6, 0xDF, 0xFF, 0xC6, 0xBF, 0xFF, 0xDD, 0x5A, 0xFF, 0xD5, 0x9B, 0xFF,
  0xC6, 0xBF, 0xFF, 0xC6, 0xDF, 0xFF, 0xC6, 0xDF, 0xFF, 0xB6, 0x5D, 0xFF, 0x73, 0xD1, 0xFF, 0xBE, 0x7E, 0xFF,
  0xB6, 0x5D, 0xFF, 0x63, 0x70, 0xFF, 0xBE, 0x5D, 0xFF, 0xC6, 0xDF, 0xFF, 0xC6, 0xDF, 0xFF, 0xC6, 0xBF, 0xFF,
  0xDD, 0x7A, 0xFF, 0xDD, 0x7A, 0xFF, 0xC6, 0xBF, 0xFF, 0xC6, 0xDF, 0xFF, 0xC6, 0xDF, 0xFF, 0xC6, 0xDF, 0xFF,
  0xC6, 0xDF, 0xFF, 0xC6, 0xDF, 0xFF, 0xC6, 0xDF, 0xFF, 0xC6, 0xDF, 0xFF, 0xC6, 0xDF, 0xFF, 0xC6, 0xDF, 0xFF,
  0xC6, 0xDF, 0xFF, 0xC6, 0xDF, 0xFF, 0xC6, 0xBF, 0xFF, 0x6C, 0x13, 0xFF, 0x63, 0x4D, 0xAF, 0x00, 0x00, 0x00,
  0x00, 0x00, 0x00, 0x00, 0x00, 0x00, 0x00, 0x00, 0x00, 0x00, 0x00, 0x00, 0x00, 0x00, 0x00, 0x00, 0x00, 0x00,
  0x00, 0x00, 0x00, 0x00, 0x00, 0x00, 0x00, 0x00, 0x00, 0x00, 0x00, 0x00, 0x00, 0x00, 0x00, 0x00, 0x00, 0x00,
  0x00, 0x00, 0x00, 0x3A, 0x49, 0xE4, 0xAD, 0xFB, 0xFF, 0xCE, 0xFF, 0xFF, 0xC6, 0xDF, 0xFF, 0xC6, 0xDF, 0xFF,
  0xC6, 0xDF, 0xFF, 0xC6, 0xDF, 0xFF, 0xC6, 0xDF, 0xFF, 0xC6, 0xDF, 0xFF, 0xC6, 0xDF, 0xFF, 0xC6, 0xDF, 0xFF,
  0xC6, 0xDF, 0xFF, 0xC6, 0xDF, 0xFF, 0xC6, 0xDF, 0xFF, 0xC6, 0xDF, 0xFF, 0xC6, 0xDF, 0xFF, 0xC6, 0xDF, 0xFF,
  0xC6, 0xDF, 0xFF, 0xC6, 0xDF, 0xFF, 0xC6, 0xDF, 0xFF, 0xBE, 0x7E, 0xFF, 0x31, 0xC8, 0xFF, 0x18, 0xC4, 0xFF,
  0x10, 0xC3, 0xFF, 0x3A, 0x09, 0xFF, 0xC6, 0x9E, 0xFF, 0xC6, 0xDF, 0xFF, 0xC6, 0xDF, 0xFF, 0xC6, 0xDF, 0xFF,
  0xC6, 0xDF, 0xFF, 0xC6, 0xDF, 0xFF, 0xC6, 0xDF, 0xFF, 0xC6, 0xDF, 0xFF, 0xC6, 0xDF, 0xFF, 0xC6, 0xDF, 0xFF,
  0xC6, 0xDF, 0xFF, 0xC6, 0xDF, 0xFF, 0xC6, 0xDF, 0xFF, 0xC6, 0xDF, 0xFF, 0xC6, 0xDF, 0xFF, 0xC6, 0xDF, 0xFF,
  0xC6, 0xDF, 0xFF, 0xC6, 0xDF, 0xFF, 0xB6, 0x7F, 0xFF, 0x8D, 0x39, 0xFF, 0x42, 0x6A, 0xDC, 0x00, 0x00, 0x00,
  0x00, 0x00, 0x00, 0x00, 0x00, 0x00, 0x00, 0x00, 0x00, 0x00, 0x00, 0x00, 0x00, 0x00, 0x00, 0x00, 0x00, 0x00,
  0x00, 0x00, 0x00, 0x00, 0x00, 0x00, 0x00, 0x00, 0x00, 0x00, 0x00, 0x00, 0x00, 0x00, 0x00, 0x00, 0x00, 0x00,
  0x00, 0x00, 0x00, 0x53, 0x0C, 0xB8, 0x84, 0xB5, 0xFF, 0xCF, 0x1F, 0xFF, 0xC6, 0xDF, 0xFF, 0xC6, 0xDF, 0xFF,
  0xC6, 0xDF, 0xFF, 0xC6, 0xDF, 0xFF, 0xC6, 0xDF, 0xFF, 0xC6, 0xDF, 0xFF, 0xC6, 0xDF, 0xFF, 0xC6, 0xDF, 0xFF,
  0xC6, 0xDF, 0xFF, 0xC6, 0xDF, 0xFF, 0xC6, 0xDF, 0xFF, 0xC6, 0xDF, 0xFF, 0xC6, 0xDF, 0xFF, 0xC6, 0xDF, 0xFF,
  0xC6, 0xDF, 0xFF, 0xC6, 0xDF, 0xFF, 0xC6, 0xDF, 0xFF, 0xC6, 0xDF, 0xFF, 0xC6, 0xDF, 0xFF, 0x9D, 0x58, 0xFF,
  0x9D, 0x79, 0xFF, 0xC6, 0xDF, 0xFF, 0xC6, 0xDF, 0xFF, 0xC6, 0xDF, 0xFF, 0xC6, 0xDF, 0xFF, 0xC6, 0xDF, 0xFF,
  0xC6, 0xDF, 0xFF, 0xC6, 0xDF, 0xFF, 0xC6, 0xDF, 0xFF, 0xC6, 0xDF, 0xFF, 0xC6, 0xDF, 0xFF, 0xC6, 0xDF, 0xFF,
  0xC6, 0xDF, 0xFF, 0xC6, 0xDF, 0xFF, 0xC6, 0xDF, 0xFF, 0xC6, 0xDF, 0xFF, 0xC6, 0xDF, 0xFF, 0xC6, 0xDF, 0xFF,
  0xC6, 0xDF, 0xFF, 0xC6, 0xBF, 0xFF, 0xAE, 0x3E, 0xFF, 0x9D, 0x9B, 0xFF, 0x32, 0x08, 0xEC, 0x00, 0x00, 0x00,
  0x00, 0x00, 0x00, 0x00, 0x00, 0x00, 0x00, 0x00, 0x00, 0x00, 0x00, 0x00, 0x00, 0x00, 0x00, 0x00, 0x00, 0x00,
  0x00, 0x00, 0x00, 0x00, 0x00, 0x00, 0x00, 0x00, 0x00, 0x00, 0x00, 0x00, 0x00, 0x00, 0x00, 0x00, 0x00, 0x00,
  0x00, 0x00, 0x00, 0xAD, 0x96, 0x55, 0x32, 0x29, 0xFF, 0xC6, 0x9E, 0xFF, 0xCE, 0xFF, 0xFF, 0xC6, 0xDF, 0xFF,
  0xC6, 0xDF, 0xFF, 0xC6, 0xDF, 0xFF, 0xC6, 0xDF, 0xFF, 0xC6, 0xDF, 0xFF, 0xC6, 0xDF, 0xFF, 0xC6, 0xDF, 0xFF,
  0xC6, 0xDF, 0xFF, 0xC6, 0xDF, 0xFF, 0xC6, 0xDF, 0xFF, 0xC6, 0xDF, 0xFF, 0xC6, 0xDF, 0xFF, 0xC6, 0xDF, 0xFF,
  0xC6, 0xDF, 0xFF, 0xC6, 0xDF, 0xFF, 0xC6, 0xDF, 0xFF, 0xC6, 0xDF, 0xFF, 0xC6, 0xDF, 0xFF, 0xCE, 0xFF, 0xFF,
  0xCE, 0xFF, 0xFF, 0xC6, 0xDF, 0xFF, 0xC6, 0xDF, 0xFF, 0xC6, 0xDF, 0xFF, 0xC6, 0xDF, 0xFF, 0xC6, 0xDF, 0xFF,
  0xC6, 0xDF, 0xFF, 0xC6, 0xDF, 0xFF, 0xC6, 0xDF, 0xFF, 0xC6, 0xDF, 0xFF, 0xC6, 0xDF, 0xFF, 0xC6, 0xDF, 0xFF,
  0xC6, 0xDF, 0xFF, 0xC6, 0xDF, 0xFF, 0xC6, 0xDF, 0xFF, 0xC6, 0xDF, 0xFF, 0xC6, 0xDF, 0xFF, 0xC6, 0xDF, 0xFF,
  0xC6, 0xDF, 0xFF, 0xB6, 0x7E, 0xFF, 0xAE, 0x3E, 0xFF, 0x95, 0x7A, 0xFF, 0x3A, 0x49, 0xE4, 0x00, 0x00, 0x00,
  0x00, 0x00, 0x00, 0x00, 0x00, 0x00, 0x00, 0x00, 0x00, 0x00, 0x00, 0x00, 0x00, 0x00, 0x00, 0x00, 0x00, 0x00,
  0x00, 0x00, 0x00, 0x00, 0x00, 0x00, 0x00, 0x00, 0x00, 0x00, 0x00, 0x00, 0x00, 0x00, 0x00, 0x00, 0x00, 0x00,
  0x00, 0x00, 0x00, 0xFF, 0xFF, 0x00, 0x63, 0x8E, 0xA6, 0x42, 0xAC, 0xFF, 0xBE, 0x9E, 0xFF, 0xCF, 0x1F, 0xFF,
  0xC6, 0xDF, 0xFF, 0xC6, 0xDF, 0xFF, 0xC6, 0xDF, 0xFF, 0xC6, 0xDF, 0xFF, 0xC6, 0xDF, 0xFF, 0xC6, 0xDF, 0xFF,
  0xC6, 0xDF, 0xFF, 0xC6, 0xDF, 0xFF, 0xC6, 0xDF, 0xFF, 0xC6, 0xDF, 0xFF, 0xC6, 0xDF, 0xFF, 0xC6, 0xDF, 0xFF,
  0xC6, 0xDF, 0xFF, 0xC6, 0xDF, 0xFF, 0xC6, 0xDF, 0xFF, 0xC6, 0xDF, 0xFF, 0xC6, 0xDF, 0xFF, 0xC6, 0xDF, 0xFF,
  0xC6, 0xDF, 0xFF, 0xC6, 0xDF, 0xFF, 0xC6, 0xDF, 0xFF, 0xC6, 0xDF, 0xFF, 0xC6, 0xDF, 0xFF, 0xC6, 0xDF, 0xFF,
  0xC6, 0xDF, 0xFF, 0xC6, 0xDF, 0xFF, 0xC6, 0xDF, 0xFF, 0xC6, 0xDF, 0xFF, 0xC6, 0xDF, 0xFF, 0xC6, 0xDF, 0xFF,
  0xC6, 0xDF, 0xFF, 0xC6, 0xDF, 0xFF, 0xC6, 0xDF, 0xFF, 0xC6, 0xDF, 0xFF, 0xC6, 0xDF, 0xFF, 0xC6, 0xDF, 0xFF,
  0xC6, 0xBF, 0xFF, 0xAE, 0x3E, 0xFF, 0xAE, 0x5E, 0xFF, 0x7C, 0xB6, 0xFF, 0x4A, 0xCB, 0xC7, 0x00, 0x00, 0x00,
  0x00, 0x00, 0x00, 0x00, 0x00, 0x00, 0x00, 0x00, 0x00, 0x00, 0x00, 0x00, 0x00, 0x00, 0x00, 0x00, 0x00, 0x00,
  0x00, 0x00, 0x00, 0x00, 0x00, 0x00, 0x00, 0x00, 0x00, 0x00, 0x00, 0x00, 0x00, 0x00, 0x00, 0x00, 0x00, 0x00,
  0x00, 0x00, 0x00, 0xFF, 0xFF, 0x00, 0xFF, 0xDF, 0x04, 0x6B, 0xAE, 0x9E, 0x32, 0x2A, 0xFE, 0x8D, 0x17, 0xFF,
  0xC6, 0xBF, 0xFF, 0xC6, 0xDF, 0xFF, 0xC6, 0xDF, 0xFF, 0xC6, 0xDF, 0xFF, 0xC6, 0xDF, 0xFF, 0xC6, 0xDF, 0xFF,
  0xC6, 0xDF, 0xFF, 0xC6, 0xDF, 0xFF, 0xC6, 0xDF, 0xFF, 0xC6, 0xDF, 0xFF, 0xC6, 0xDF, 0xFF, 0xC6, 0xDF, 0xFF,
  0xC6, 0xDF, 0xFF, 0xC6, 0xDF, 0xFF, 0xC6, 0xDF, 0xFF, 0xC6, 0xDF, 0xFF, 0xC6, 0xDF, 0xFF, 0xC6, 0xDF, 0xFF,
  0xC6, 0xDF, 0xFF, 0xC6, 0xDF, 0xFF, 0xC6, 0xDF, 0xFF, 0xC6, 0xDF, 0xFF, 0xC6, 0xDF, 0xFF, 0xC6, 0xDF, 0xFF,
  0xC6, 0xDF, 0xFF, 0xC6, 0xDF, 0xFF, 0xC6, 0xDF, 0xFF, 0xC6, 0xDF, 0xFF, 0xC6, 0xDF, 0xFF, 0xC6, 0xDF, 0xFF,
  0xC6, 0xDF, 0xFF, 0xC6, 0xDF, 0xFF, 0xC6, 0xDF, 0xFF, 0xC6, 0xDF, 0xFF, 0xC6, 0xDF, 0xFF, 0xC6, 0xBF, 0xFF,
  0xAE, 0x5E, 0xFF, 0xAE, 0x1E, 0xFF, 0xAE, 0x5F, 0xFF, 0x42, 0xCD, 0xFF, 0x8C, 0x92, 0x7C, 0x00, 0x00, 0x00,
  0x00, 0x00, 0x00, 0x00, 0x00, 0x00, 0x00, 0x00, 0x00, 0x00, 0x00, 0x00, 0x00, 0x00, 0x00, 0x00, 0x00, 0x00,
  0x00, 0x00, 0x00, 0x00, 0x00, 0x00, 0x00, 0x00, 0x00, 0x00, 0x00, 0x00, 0x00, 0x00, 0x00, 0x00, 0x00, 0x00,
  0x00, 0x00, 0x00, 0xFF, 0xFF, 0x00, 0xFF, 0xFF, 0x00, 0xFF, 0xFF, 0x00, 0x84, 0x71, 0x80, 0x29, 0xC8, 0xFF,
  0xBE, 0x7E, 0xFF, 0xC6, 0xDF, 0xFF, 0xC6, 0xDF, 0xFF, 0xC6, 0xDF, 0xFF, 0xC6, 0xDF, 0xFF, 0xC6, 0xDF, 0xFF,
  0xC6, 0xDF, 0xFF, 0xC6, 0xDF, 0xFF, 0xC6, 0xDF, 0xFF, 0xC6, 0xDF, 0xFF, 0xC6, 0xDF, 0xFF, 0xC6, 0xDF, 0xFF,
  0xC6, 0xDF, 0xFF, 0xC6, 0xDF, 0xFF, 0xC6, 0xDF, 0xFF, 0xC6, 0xDF, 0xFF, 0xC6, 0xDF, 0xFF, 0xC6, 0xDF, 0xFF,
  0xC6, 0xDF, 0xFF, 0xC6, 0xDF, 0xFF, 0xC6, 0xDF, 0xFF, 0xC6, 0xDF, 0xFF, 0xC6, 0xDF, 0xFF, 0xC6, 0xDF, 0xFF,
  0xC6, 0xDF, 0xFF, 0xC6, 0xDF, 0xFF, 0xC6, 0xDF, 0xFF, 0xC6, 0xDF, 0xFF, 0xC6, 0xDF, 0xFF, 0xC6, 0xDF, 0xFF,
  0xC6, 0xDF, 0xFF, 0xC6, 0xDF, 0xFF, 0xC6, 0xDF, 0xFF, 0xC6, 0xDF, 0xFF, 0xC6, 0xBF, 0xFF, 0xAE, 0x5E, 0xFF,
  0xAE, 0x3E, 0xFF, 0xB6, 0x5F, 0xFF, 0x6C, 0x13, 0xFF, 0x3A, 0x29, 0xDF, 0xEF, 0x7D, 0x12, 0x00, 0x00, 0x00,
  0x00, 0x00, 0x00, 0x00, 0x00, 0x00, 0x00, 0x00, 0x00, 0x00, 0x00, 0x00, 0x00, 0x00, 0x00, 0x00, 0x00, 0x00,
  0x00, 0x00, 0x00, 0x00, 0x00, 0x00, 0x00, 0x00, 0x00, 0x00, 0x00, 0x00, 0x00, 0x00, 0x00, 0x00, 0x00, 0x00,
  0x00, 0x00, 0x00, 0xFF, 0xFF, 0x00, 0xFF, 0xFF, 0x00, 0xFF, 0xFF, 0x00, 0x63, 0x4D, 0xAC, 0x7C, 0x54, 0xFF,
  0xCF, 0x1F, 0xFF, 0xC6, 0xDF, 0xFF, 0xC6, 0xDF, 0xFF, 0xC6, 0xDF, 0xFF, 0xC6, 0xDF, 0xFF, 0xC6, 0xDF, 0xFF,
  0xC6, 0xDF, 0xFF, 0xC6, 0xDF, 0xFF, 0xC6, 0xDF, 0xFF, 0xC6, 0xDF, 0xFF, 0xC6, 0xDF, 0xFF, 0xC6, 0xDF, 0xFF,
  0xC6, 0xDF, 0xFF, 0xC6, 0xDF, 0xFF, 0xC6, 0xDF, 0xFF, 0xC6, 0xDF, 0xFF, 0xC6, 0xDF, 0xFF, 0xC6, 0xDF, 0xFF,
  0xC6, 0xDF, 0xFF, 0xC6, 0xDF, 0xFF, 0xC6, 0xDF, 0xFF, 0xC6, 0xDF, 0xFF, 0xC6, 0xDF, 0xFF, 0xC6, 0xDF, 0xFF,
  0xC6, 0xDF, 0xFF, 0xC6, 0xDF, 0xFF, 0xC6, 0xDF, 0xFF, 0xC6, 0xDF, 0xFF, 0xC6, 0xDF, 0xFF, 0xC6, 0xDF, 0xFF,
  0xC6, 0xDF, 0xFF, 0xC6, 0xDF, 0xFF, 0xC6, 0xBF, 0xFF, 0xB6, 0x7E, 0xFF, 0xAE, 0x5E, 0xFF, 0xA5, 0xFD, 0xFF,
  0x8D, 0x18, 0xFF, 0x4A, 0xED, 0xFF, 0x3A, 0x29, 0xDD, 0xD6, 0xBA, 0x30, 0xFF, 0xFF, 0x00, 0x00, 0x00, 0x00,
  0x00, 0x00, 0x00, 0x00, 0x00, 0x00, 0x00, 0x00, 0x00, 0x00, 0x00, 0x00, 0x00, 0x00, 0x00, 0x00, 0x00, 0x00,
  0x00, 0x00, 0x00, 0x00, 0x00, 0x00, 0x00, 0x00, 0x00, 0x00, 0x00, 0x00, 0x00, 0x00, 0x00, 0x00, 0x00, 0x00,
  0x00, 0x00, 0x00, 0xFF, 0xFF, 0x00, 0xFF, 0xFF, 0x00, 0xE7, 0x5C, 0x18, 0x32, 0x29, 0xF1, 0xB6, 0x3C, 0xFF,
  0xCE, 0xDF, 0xFF, 0xC6, 0xDF, 0xFF, 0xC6, 0xDF, 0xFF, 0xC6, 0xDF, 0xFF, 0xC6, 0xDF, 0xFF, 0xC6, 0xDF, 0xFF,
  0xC6, 0xDF, 0xFF, 0xC6, 0xDF, 0xFF, 0xC6, 0xDF, 0xFF, 0xC6, 0xDF, 0xFF, 0xC6, 0xDF, 0xFF, 0xC6, 0xDF, 0xFF,
  0xC6, 0xDF, 0xFF, 0xC6, 0xDF, 0xFF, 0xC6, 0xDF, 0xFF, 0xC6, 0xDF, 0xFF, 0xC6, 0xDF, 0xFF, 0xC6, 0xDF, 0xFF,
  0xC6, 0xDF, 0xFF, 0xC6, 0xDF, 0xFF, 0xC6, 0xDF, 0xFF, 0xC6, 0xDF, 0xFF, 0xC6, 0xDF, 0xFF, 0xC6, 0xDF, 0xFF,
  0xC6, 0xDF, 0xFF, 0xC6, 0xDF, 0xFF, 0xC6, 0xDF, 0xFF, 0xC6, 0xDF, 0xFF, 0xC6, 0xDF, 0xFF, 0xC6, 0xDF, 0xFF,
  0xC6, 0xBF, 0xFF, 0xB6, 0x7E, 0xFF, 0xAE, 0x3E, 0xFF, 0x9D, 0xDC, 0xFF, 0x4B, 0x0E, 0xFF, 0x32, 0x29, 0xFD,
  0x3A, 0x49, 0xD9, 0x84, 0x51, 0x84, 0xEF, 0x7D, 0x14, 0xFF, 0xFF, 0x00, 0xFF, 0xFF, 0x00, 0x00, 0x00, 0x00,
  0x00, 0x00, 0x00, 0x00, 0x00, 0x00, 0x00, 0x00, 0x00, 0x00, 0x00, 0x00, 0x00, 0x00, 0x00, 0x00, 0x00, 0x00,
  0x00, 0x00, 0x00, 0x00, 0x00, 0x00, 0x00, 0x00, 0x00, 0x00, 0x00, 0x00, 0x00, 0x00, 0x00, 0x00, 0x00, 0x00,
  0x00, 0x00, 0x00, 0xFF, 0xFF, 0x00, 0xFF, 0xFF, 0x00, 0xCE, 0x79, 0x36, 0x3A, 0x6B, 0xFF, 0xC6, 0xBF, 0xFF,
  0xC6, 0xDF, 0xFF, 0xC6, 0xDF, 0xFF, 0xC6, 0xDF, 0xFF, 0xC6, 0xDF, 0xFF, 0xC6, 0xDF, 0xFF, 0xC6, 0xDF, 0xFF,
  0xC6, 0xDF, 0xFF, 0xC6, 0xDF, 0xFF, 0xC6, 0xDF, 0xFF, 0xC6, 0xDF, 0xFF, 0xC6, 0xDF, 0xFF, 0xC6, 0xDF, 0xFF,
  0xC6, 0xDF, 0xFF, 0xC6, 0xDF, 0xFF, 0xC6, 0xDF, 0xFF, 0xC6, 0xDF, 0xFF, 0xC6, 0xDF, 0xFF, 0xC6, 0xDF, 0xFF,
  0xC6, 0xDF, 0xFF, 0xC6, 0xDF, 0xFF, 0xC6, 0xDF, 0xFF, 0xC6, 0xDF, 0xFF, 0xC6, 0xDF, 0xFF, 0xC6, 0xDF, 0xFF,
  0xC6, 0xDF, 0xFF, 0xC6, 0xDF, 0xFF, 0xC6, 0xDF, 0xFF, 0xC6, 0xBF, 0xFF, 0xBE, 0x7E, 0xFF, 0xB6, 0x5E, 0xFF,
  0xAE, 0x1D, 0xFF, 0xA6, 0x1D, 0xFF, 0xAE, 0x3E, 0xFF, 0x95, 0x5A, 0xFF, 0x31, 0xE8, 0xEA, 0xC6, 0x59, 0x38,
  0xFF, 0xDF, 0x05, 0xFF, 0xFF, 0x00, 0xFF, 0xFF, 0x00, 0xFF, 0xFF, 0x00, 0xFF, 0xFF, 0x00, 0x00, 0x00, 0x00,
  0x00, 0x00, 0x00, 0x00, 0x00, 0x00, 0x00, 0x00, 0x00, 0x00, 0x00, 0x00, 0x00, 0x00, 0x00, 0x00, 0x00, 0x00,
  0x00, 0x00, 0x00, 0x00, 0x00, 0x00, 0x00, 0x00, 0x00, 0x00, 0x00, 0x00, 0x00, 0x00, 0x00, 0x00, 0x00, 0x00,
  0x00, 0x00, 0x00, 0xFF, 0xFF, 0x00, 0xFF, 0xFF, 0x00, 0xCE, 0x79, 0x36, 0x3A, 0x6B, 0xFF, 0xC6, 0xDF, 0xFF,
  0xC6, 0xDF, 0xFF, 0xC6, 0xDF, 0xFF, 0xC6, 0xDF, 0xFF, 0xC6, 0xDF, 0xFF, 0xC6, 0xDF, 0xFF, 0xC6, 0xDF, 0xFF,
  0xC6, 0xDF, 0xFF, 0xC6, 0xDF, 0xFF, 0xC6, 0xDF, 0xFF, 0xC6, 0xDF, 0xFF, 0xC6, 0xDF, 0xFF, 0xC6, 0xDF, 0xFF,
  0xC6, 0xDF, 0xFF, 0xC6, 0xDF, 0xFF, 0xC6, 0xDF, 0xFF, 0xC6, 0xDF, 0xFF, 0xC6, 0xDF, 0xFF, 0xC6, 0xDF, 0xFF,
  0xC6, 0xDF, 0xFF, 0xC6, 0xDF, 0xFF, 0xC6, 0xDF, 0xFF, 0xC6, 0xDF, 0xFF, 0xC6, 0xBF, 0xFF, 0xC6, 0xBF, 0xFF,
  0xBE, 0x9F, 0xFF, 0xB6, 0x7E, 0xFF, 0xAE, 0x3E, 0xFF, 0xAE, 0x1D, 0xFF, 0xA6, 0x1D, 0xFF, 0xA6, 0x1D, 0xFF,
  0xAE, 0x1D, 0xFF, 0xAE, 0x1D, 0xFF, 0xAE, 0x5E, 0xFF, 0x84, 0xF8, 0xFF, 0x4A, 0xAA, 0xD1, 0xFF, 0xFF, 0x00,
  0xFF, 0xFF, 0x00, 0xFF, 0xFF, 0x00, 0xFF, 0xFF, 0x00, 0xFF, 0xFF, 0x00, 0xFF, 0xFF, 0x00, 0x00, 0x00, 0x00,
  0x00, 0x00, 0x00, 0x00, 0x00, 0x00, 0x00, 0x00, 0x00, 0x00, 0x00, 0x00, 0x00, 0x00, 0x00, 0x00, 0x00, 0x00,
  0x00, 0x00, 0x00, 0x00, 0x00, 0x00, 0x00, 0x00, 0x00, 0x00, 0x00, 0x00, 0x00, 0x00, 0x00, 0x00, 0x00, 0x00,
  0x00, 0x00, 0x00, 0xFF, 0xFF, 0x00, 0xFF, 0xFF, 0x00, 0xE7, 0x3C, 0x19, 0x32, 0x29, 0xF2, 0xAE, 0x1C, 0xFF,
  0xC6, 0xDF, 0xFF, 0xC6, 0xBF, 0xFF, 0xC6, 0xDF, 0xFF, 0xC6, 0xDF, 0xFF, 0xC6, 0xDF, 0xFF, 0xC6, 0xDF, 0xFF,
  0xC6, 0xDF, 0xFF, 0xC6, 0xDF, 0xFF, 0xC6, 0xDF, 0xFF, 0xC6, 0xDF, 0xFF, 0xC6, 0xDF, 0xFF, 0xC6, 0xDF, 0xFF,
  0xC6, 0xDF, 0xFF, 0xC6, 0xDF, 0xFF, 0xC6, 0xDF, 0xFF, 0xC6, 0xDF, 0xFF, 0xC6, 0xBF, 0xFF, 0xC6, 0xBF, 0xFF,
  0xBE, 0x9F, 0xFF, 0xBE, 0x9E, 0xFF, 0xB6, 0x7E, 0xFF, 0xB6, 0x5E, 0xFF, 0xAE, 0x3E, 0xFF, 0xAE, 0x1D, 0xFF,
  0xA6, 0x1D, 0xFF, 0xA6, 0x1D, 0xFF, 0xA6, 0x1D, 0xFF, 0xAE, 0x1D, 0xFF, 0xAE, 0x1D, 0xFF, 0xAE, 0x1D, 0xFF,
  0xAE, 0x1D, 0xFF, 0xAE, 0x1D, 0xFF, 0xAE, 0x5F, 0xFF, 0x63, 0xD2, 0xFF, 0x6B, 0x8E, 0xA2, 0xFF, 0xFF, 0x00,
  0xFF, 0xFF, 0x00, 0xFF, 0xFF, 0x00, 0xFF, 0xFF, 0x00, 0xFF, 0xFF, 0x00, 0xFF, 0xFF, 0x00, 0x00, 0x00, 0x00,
  0x00, 0x00, 0x00, 0x00, 0x00, 0x00, 0x00, 0x00, 0x00, 0x00, 0x00, 0x00, 0x00, 0x00, 0x00, 0x00, 0x00, 0x00,
  0x00, 0x00, 0x00, 0x00, 0x00, 0x00, 0x00, 0x00, 0x00, 0x00, 0x00, 0x00, 0x00, 0x00, 0x00, 0x00, 0x00, 0x00,
  0x00, 0x00, 0x00, 0xFF, 0xFF, 0x00, 0xFF, 0xFF, 0x00, 0xFF, 0xFF, 0x00, 0x63, 0x6D, 0xAB, 0x5B, 0x71, 0xFF,
  0xB6, 0x7F, 0xFF, 0xAE, 0x3E, 0xFF, 0xAE, 0x3E, 0xFF, 0xAE, 0x5E, 0xFF, 0xB6, 0x5E, 0xFF, 0xB6, 0x5E, 0xFF,
  0xB6, 0x5E, 0xFF, 0xB6, 0x7E, 0xFF, 0xB6, 0x7F, 0xFF, 0xB6, 0x7E, 0xFF, 0xB6, 0x5E, 0xFF, 0xB6, 0x5E, 0xFF,
  0xB6, 0x5E, 0xFF, 0xB6, 0x5E, 0xFF, 0xAE, 0x5E, 0xFF, 0xAE, 0x3E, 0xFF, 0xAE, 0x3E, 0xFF, 0xAE, 0x3D, 0xFF,
  0xAE, 0x1D, 0xFF, 0xA6, 0x1D, 0xFF, 0xA6, 0x1D, 0xFF, 0xA6, 0x1D, 0xFF, 0xAE, 0x3E, 0xFF, 0xAE, 0x3E, 0xFF,
  0xAE, 0x1D, 0xFF, 0xAE, 0x1D, 0xFF, 0xAE, 0x1D, 0xFF, 0xAE, 0x1D, 0xFF, 0xAE, 0x1D, 0xFF, 0xAE, 0x1D, 0xFF,
  0xAE, 0x1D, 0xFF, 0xAE, 0x3E, 0xFF, 0xA6, 0x1D, 0xFF, 0x32, 0x29, 0xFF, 0xB5, 0xD7, 0x4C, 0xFF, 0xFF, 0x00,
  0xFF, 0xFF, 0x00, 0xFF, 0xFF, 0x00, 0xFF, 0xFF, 0x00, 0xFF, 0xFF, 0x00, 0xFF, 0xFF, 0x00, 0x00, 0x00, 0x00,
  0x00, 0x00, 0x00, 0x00, 0x00, 0x00, 0x00, 0x00, 0x00, 0x00, 0x00, 0x00, 0x00, 0x00, 0x00, 0x00, 0x00, 0x00,
  0x00, 0x00, 0x00, 0x00, 0x00, 0x00, 0x00, 0x00, 0x00, 0x00, 0x00, 0x00, 0x00, 0x00, 0x00, 0x00, 0x00, 0x00,
  0x00, 0x00, 0x00, 0xFF, 0xFF, 0x00, 0xFF, 0xFF, 0x00, 0xFF, 0xFF, 0x00, 0xDE, 0xFB, 0x26, 0x29, 0xE8, 0xED,
  0x74, 0x34, 0xFF, 0xAE, 0x5E, 0xFF, 0xAE, 0x5F, 0xFF, 0xAE, 0x3E, 0xFF, 0xAE, 0x3E, 0xFF, 0xAE, 0x3E, 0xFF,
  0xAE, 0x5E, 0xFF, 0xAE, 0x5E, 0xFF, 0x95, 0x7A, 0xFF, 0xA5, 0xDC, 0xFF, 0xAE, 0x3E, 0xFF, 0xA6, 0x1D, 0xFF,
  0xA6, 0x1D, 0xFF, 0xA6, 0x1D, 0xFF, 0xA6, 0x1D, 0xFF, 0xA6, 0x1D, 0xFF, 0xAE, 0x1D, 0xFF, 0xAE, 0x1D, 0xFF,
  0xAE, 0x1D, 0xFF, 0xAE, 0x1D, 0xFF, 0xAE, 0x1D, 0xFF, 0xAE, 0x3E, 0xFF, 0x8D, 0x39, 0xFF, 0xAE, 0x1D, 0xFF,
  0xAE, 0x5E, 0xFF, 0xAE, 0x1D, 0xFF, 0xAE, 0x1D, 0xFF, 0xAE, 0x1D, 0xFF, 0xAE, 0x1D, 0xFF, 0xAE, 0x1D, 0xFF,
  0xAE, 0x3E, 0xFF, 0xB6, 0x7F, 0xFF, 0x5B, 0x70, 0xFF, 0x52, 0xEB, 0xBE, 0xFF, 0xFF, 0x00, 0xFF, 0xFF, 0x00,
  0xFF, 0xFF, 0x00, 0xFF, 0xFF, 0x00, 0xFF, 0xFF, 0x00, 0xFF, 0xFF, 0x00, 0xFF, 0xFF, 0x00, 0x00, 0x00, 0x00,
  0x00, 0x00, 0x00, 0x00, 0x00, 0x00, 0x00, 0x00, 0x00, 0x00, 0x00, 0x00, 0x00, 0x00, 0x00, 0x00, 0x00, 0x00,
  0x00, 0x00, 0x00, 0x00, 0x00, 0x00, 0x00, 0x00, 0x00, 0x00, 0x00, 0x00, 0x00, 0x00, 0x00, 0x00, 0x00, 0x00,
  0x00, 0x00, 0x00, 0xFF, 0xFF, 0x00, 0xFF, 0xFF, 0x00, 0xFF, 0xFF, 0x00, 0xFF, 0xFF, 0x00, 0xCE, 0x79, 0x3A,
  0x3A, 0x29, 0xDB, 0x42, 0x8C, 0xFF, 0x74, 0x55, 0xFF, 0x85, 0x18, 0xFF, 0x8D, 0x39, 0xFF, 0x84, 0xF8, 0xFF,
  0x6C, 0x34, 0xFF, 0x4A, 0xEE, 0xFF, 0x21, 0xA7, 0xFF, 0x53, 0x2E, 0xFF, 0xAE, 0x5E, 0xFF, 0xAE, 0x3E, 0xFF,
  0xAE, 0x1D, 0xFF, 0xAE, 0x1D, 0xFF, 0xAE, 0x1D, 0xFF, 0xAE, 0x1D, 0xFF, 0xAE, 0x1D, 0xFF, 0xAE, 0x1D, 0xFF,
  0xAE, 0x1D, 0xFF, 0xAE, 0x1D, 0xFF, 0xAE, 0x5F, 0xFF, 0x84, 0xD7, 0xFF, 0x19, 0x45, 0xFF, 0x42, 0xCD, 0xFF,
  0x95, 0x5A, 0xFF, 0xAE, 0x5E, 0xFF, 0xAE, 0x5F, 0xFF, 0xAE, 0x5E, 0xFF, 0xAE, 0x5F, 0xFF, 0xAE, 0x5F, 0xFF,
  0xA5, 0xFC, 0xFF, 0x53, 0x50, 0xFF, 0x3A, 0x29, 0xDC, 0xE7, 0x1C, 0x1F, 0xFF, 0xFF, 0x00, 0xFF, 0xFF, 0x00,
  0xFF, 0xFF, 0x00, 0xFF, 0xFF, 0x00, 0xFF, 0xFF, 0x00, 0xFF, 0xFF, 0x00, 0xFF, 0xFF, 0x00, 0x00, 0x00, 0x00,
  0x00, 0x00, 0x00, 0x00, 0x00, 0x00, 0x00, 0x00, 0x00, 0x00, 0x00, 0x00, 0x00, 0x00, 0x00, 0x00, 0x00, 0x00,
  0x00, 0x00, 0x00, 0x00, 0x00, 0x00, 0x00, 0x00, 0x00, 0x00, 0x00, 0x00, 0x00, 0x00, 0x00, 0x00, 0x00, 0x00,
  0x00, 0x00, 0x00, 0xFF, 0xFF, 0x00, 0xFF, 0xFF, 0x00, 0xFF, 0xFF, 0x00, 0xFF, 0xFF, 0x00, 0xFF, 0xFF, 0x00,
  0xEF, 0x9E, 0x10, 0x94, 0xF3, 0x6D, 0x5B, 0x2C, 0xB3, 0x42, 0x8A, 0xD3, 0x42, 0x6A, 0xDA, 0x4A, 0xAA, 0xCE,
  0x5B, 0x4D, 0xAD, 0x94, 0xD3, 0x70, 0xCE, 0x9A, 0x33, 0x3A, 0x49, 0xD7, 0x6C, 0x13, 0xFF, 0xB6, 0x7F, 0xFF,
  0xAE, 0x3E, 0xFF, 0xAE, 0x1D, 0xFF, 0xAE, 0x1D, 0xFF, 0xAE, 0x1D, 0xFF, 0xAE, 0x1D, 0xFF, 0xAE, 0x1D, 0xFF,
  0xAE, 0x1D, 0xFF, 0xAE, 0x5E, 0xFF, 0x95, 0x9A, 0xFF, 0x29, 0xE8, 0xFF, 0xA5, 0x75, 0x5D, 0x84, 0x71, 0x82,
  0x31, 0xE8, 0xEE, 0x42, 0xAC, 0xFF, 0x63, 0xD2, 0xFF, 0x74, 0x54, 0xFF, 0x6C, 0x13, 0xFF, 0x53, 0x2F, 0xFF,
  0x2A, 0x09, 0xFE, 0x5B, 0x4D, 0xAD, 0xE7, 0x3C, 0x1B, 0xFF, 0xFF, 0x00, 0xFF, 0xFF, 0x00, 0xFF, 0xFF, 0x00,
  0xFF, 0xFF, 0x00, 0xFF, 0xFF, 0x00, 0xFF, 0xFF, 0x00, 0xFF, 0xFF, 0x00, 0xFF, 0xFF, 0x00, 0x00, 0x00, 0x00,
  0x00, 0x00, 0x00, 0x00, 0x00, 0x00, 0x00, 0x00, 0x00, 0x00, 0x00, 0x00, 0x00, 0x00, 0x00, 0x00, 0x00, 0x00,
  0x00, 0x00, 0x00, 0x00, 0x00, 0x00, 0x00, 0x00, 0x00, 0x00, 0x00, 0x00, 0x00, 0x00, 0x00, 0x00, 0x00, 0x00,
  0x00, 0x00, 0x00, 0xFF, 0xFF, 0x00, 0xFF, 0xFF, 0x00, 0xFF, 0xFF, 0x00, 0xFF, 0xFF, 0x00, 0xFF, 0xFF, 0x00,
  0xFF, 0xFF, 0x00, 0xFF, 0xFF, 0x00, 0xFF, 0xFF, 0x00, 0xFF, 0xDF, 0x02, 0xF7, 0xDF, 0x06, 0xFF, 0xFF, 0x00,
  0xFF, 0xFF, 0x00, 0xFF, 0xFF, 0x00, 0xFF, 0xFF, 0x00, 0xD6, 0xBA, 0x2F, 0x29, 0xE8, 0xEB, 0x6C, 0x13, 0xFF,
  0xAE, 0x5F, 0xFF, 0xAE, 0x3E, 0xFF, 0xAE, 0x1E, 0xFF, 0xAE, 0x1D, 0xFF, 0xAE, 0x1D, 0xFF, 0xAE, 0x3E, 0xFF,
  0xB6, 0x7F, 0xFF, 0x95, 0x59, 0xFF, 0x29, 0xE9, 0xFF, 0x94, 0xD3, 0x76, 0xFF, 0xFF, 0x00, 0xFF, 0xFF, 0x00,
  0xE7, 0x3C, 0x1B, 0xA5, 0x34, 0x62, 0x73, 0xCF, 0x99, 0x5B, 0x4D, 0xB0, 0x63, 0x6D, 0xA9, 0x84, 0x71, 0x7E,
  0xCE, 0x79, 0x35, 0xFF, 0xFF, 0x00, 0xFF, 0xFF, 0x00, 0xFF, 0xFF, 0x00, 0xFF, 0xFF, 0x00, 0xFF, 0xFF, 0x00,
  0xFF, 0xFF, 0x00, 0xFF, 0xFF, 0x00, 0xFF, 0xFF, 0x00, 0xFF, 0xFF, 0x00, 0xFF, 0xFF, 0x00, 0x00, 0x00, 0x00,
  0x00, 0x00, 0x00, 0x00, 0x00, 0x00, 0x00, 0x00, 0x00, 0x00, 0x00, 0x00, 0x00, 0x00, 0x00, 0x00, 0x00, 0x00,
  0x00, 0x00, 0x00, 0x00, 0x00, 0x00, 0x00, 0x00, 0x00, 0x00, 0x00, 0x00, 0x00, 0x00, 0x00, 0x00, 0x00, 0x00,
  0x00, 0x00, 0x00, 0xFF, 0xFF, 0x00, 0xFF, 0xFF, 0x00, 0xFF, 0xFF, 0x00, 0xFF, 0xFF, 0x00, 0xFF, 0xFF, 0x00,
  0xFF, 0xFF, 0x00, 0xFF, 0xFF, 0x00, 0xFF, 0xFF, 0x00, 0xFF, 0xFF, 0x00, 0xFF, 0xFF, 0x00, 0xFF, 0xFF, 0x00,
  0xFF, 0xFF, 0x00, 0xFF, 0xFF, 0x00, 0xFF, 0xFF, 0x00, 0xFF, 0xFF, 0x00, 0xD6, 0x9A, 0x31, 0x3A, 0x29, 0xD8,
  0x42, 0xCD, 0xFF, 0x95, 0x5A, 0xFF, 0xAE, 0x3E, 0xFF, 0xAE, 0x5F, 0xFF, 0xAE, 0x5E, 0xFF, 0xA5, 0xDC, 0xFF,
  0x63, 0xF3, 0xFF, 0x29, 0xC7, 0xF9, 0x9C, 0xF3, 0x6E, 0xFF, 0xFF, 0x00, 0xFF, 0xFF, 0x00, 0xFF, 0xFF, 0x00,
  0xFF, 0xFF, 0x00, 0xFF, 0xFF, 0x00, 0xFF, 0xFF, 0x00, 0xFF, 0xFF, 0x00, 0xFF, 0xFF, 0x00, 0xFF, 0xFF, 0x00,
  0xFF, 0xFF, 0x00, 0xFF, 0xFF, 0x00, 0xFF, 0xFF, 0x00, 0xFF, 0xFF, 0x00, 0xFF, 0xFF, 0x00, 0xFF, 0xFF, 0x00,
  0xFF, 0xFF, 0x00, 0xFF, 0xFF, 0x00, 0xFF, 0xFF, 0x00, 0xFF, 0xFF, 0x00, 0xFF, 0xFF, 0x00, 0x00, 0x00, 0x00,
  0x00, 0x00, 0x00, 0x00, 0x00, 0x00, 0x00, 0x00, 0x00, 0x00, 0x00, 0x00, 0x00, 0x00, 0x00, 0x00, 0x00, 0x00,
  0x00, 0x00, 0x00, 0x00, 0x00, 0x00, 0x00, 0x00, 0x00, 0x00, 0x00, 0x00, 0x00, 0x00, 0x00, 0x00, 0x00, 0x00,
  0x00, 0x00, 0x00, 0xFF, 0xFF, 0x00, 0xFF, 0xFF, 0x00, 0xFF, 0xFF, 0x00, 0xFF, 0xFF, 0x00, 0xFF, 0xFF, 0x00,
  0xFF, 0xFF, 0x00, 0xFF, 0xFF, 0x00, 0xFF, 0xFF, 0x00, 0xFF, 0xFF, 0x00, 0xFF, 0xFF, 0x00, 0xFF, 0xFF, 0x00,
  0xFF, 0xFF, 0x00, 0xFF, 0xFF, 0x00, 0xFF, 0xFF, 0x00, 0xFF, 0xFF, 0x00, 0xFF, 0xFF, 0x00, 0xEF, 0x9E, 0x10,
  0x7C, 0x30, 0x8B, 0x32, 0x09, 0xE8, 0x3A, 0x6B, 0xFF, 0x4A, 0xEE, 0xFF, 0x42, 0xAD, 0xFF, 0x32, 0x09, 0xFA,
  0x52, 0xEC, 0xB7, 0xCE, 0x79, 0x37, 0xFF, 0xFF, 0x00, 0xFF, 0xFF, 0x00, 0xFF, 0xFF, 0x00, 0xFF, 0xFF, 0x00,
  0xFF, 0xFF, 0x00, 0xFF, 0xFF, 0x00, 0xFF, 0xFF, 0x00, 0xFF, 0xFF, 0x00, 0xFF, 0xFF, 0x00, 0xFF, 0xFF, 0x00,
  0xFF, 0xFF, 0x00, 0xFF, 0xFF, 0x00, 0xFF, 0xFF, 0x00, 0xFF, 0xFF, 0x00, 0xFF, 0xFF, 0x00, 0xFF, 0xFF, 0x00,
  0xFF, 0xFF, 0x00, 0xFF, 0xFF, 0x00, 0xFF, 0xFF, 0x00, 0xFF, 0xFF, 0x00, 0xFF, 0xFF, 0x00, 0x00, 0x00, 0x00,
  0x00, 0x00, 0x00, 0x00, 0x00, 0x00, 0x00, 0x00, 0x00, 0x00, 0x00, 0x00, 0x00, 0x00, 0x00, 0x00, 0x00, 0x00,
  0x00, 0x00, 0x00, 0x00, 0x00, 0x00, 0x00, 0x00, 0x00, 0x00, 0x00, 0x00, 0x00, 0x00, 0x00, 0x00, 0x00, 0x00,
  0x00, 0x00, 0x00, 0xFF, 0xFF, 0x00, 0xFF, 0xFF, 0x00, 0xFF, 0xFF, 0x00, 0xFF, 0xFF, 0x00, 0xFF, 0xFF, 0x00,
  0xFF, 0xFF, 0x00, 0xFF, 0xFF, 0x00, 0xFF, 0xFF, 0x00, 0xFF, 0xFF, 0x00, 0xFF, 0xFF, 0x00, 0xE7, 0x1C, 0x20,
  0xF7, 0x9E, 0x0D, 0xFF, 0xFF, 0x00, 0xFF, 0xFF, 0x00, 0xFF, 0xFF, 0x00, 0xFF, 0xFF, 0x00, 0xFF, 0xFF, 0x00,
  0xFF, 0xFF, 0x00, 0xEF, 0x7D, 0x14, 0xBD, 0xF7, 0x48, 0x9D, 0x14, 0x65, 0xAD, 0x75, 0x5A, 0xD6, 0xBA, 0x2B,
  0xFF, 0xFF, 0x00, 0xFF, 0xFF, 0x00, 0xFF, 0xFF, 0x00, 0xFF, 0xFF, 0x00, 0xFF, 0xFF, 0x00, 0xFF, 0xFF, 0x00,
  0xFF, 0xFF, 0x00, 0xFF, 0xFF, 0x00, 0xFF, 0xFF, 0x00, 0xFF, 0xFF, 0x00, 0xFF, 0xFF, 0x00, 0xFF, 0xDF, 0x07,
  0xDF, 0x1C, 0x23, 0xFF, 0xFF, 0x00, 0xFF, 0xFF, 0x00, 0xFF, 0xFF, 0x00, 0xFF, 0xFF, 0x00, 0xFF, 0xFF, 0x00,
  0xFF, 0xFF, 0x00, 0xFF, 0xFF, 0x00, 0xFF, 0xFF, 0x00, 0xFF, 0xFF, 0x00, 0xFF, 0xFF, 0x00, 0x00, 0x00, 0x00,
  0x00, 0x00, 0x00, 0x00, 0x00, 0x00, 0x00, 0x00, 0x00, 0x00, 0x00, 0x00, 0x00, 0x00, 0x00, 0x00, 0x00, 0x00,
  0x00, 0x00, 0x00, 0x00, 0x00, 0x00, 0x00, 0x00, 0x00, 0x00, 0x00, 0x00, 0x00, 0x00, 0x00, 0x00, 0x00, 0x00,
  0x00, 0x00, 0x00, 0xFF, 0xFF, 0x00, 0xFF, 0xFF, 0x00, 0xFF, 0xFF, 0x00, 0xFF, 0xFF, 0x00, 0xFF, 0xFF, 0x00,
  0xFF, 0xFF, 0x00, 0xFF, 0xFF, 0x00, 0xFF, 0xFF, 0x00, 0xFF, 0xFF, 0x00, 0xCE, 0x79, 0x3B, 0x29, 0xA7, 0xF2,
  0x4A, 0xCB, 0xC9, 0xF7, 0x9E, 0x0D, 0xFF, 0xFF, 0x00, 0xFF, 0xFF, 0x00, 0xFF, 0xFF, 0x00, 0xFF, 0xFF, 0x00,
  0xFF, 0xFF, 0x00, 0xFF, 0xFF, 0x00, 0xFF, 0xFF, 0x00, 0xFF, 0xFF, 0x00, 0xFF, 0xFF, 0x00, 0xFF, 0xFF, 0x00,
  0xFF, 0xFF, 0x00, 0xFF, 0xFF, 0x00, 0xFF, 0xFF, 0x00, 0xFF, 0xFF, 0x00, 0xFF, 0xFF, 0x00, 0xFF, 0xFF, 0x00,
  0xFF, 0xFF, 0x00, 0xFF, 0xFF, 0x00, 0xFF, 0xFF, 0x00, 0xFF, 0xFF, 0x00, 0xFF, 0xFF, 0x00, 0x6B, 0x8E, 0xA9,
  0x21, 0x66, 0xF6, 0xA5, 0x75, 0x62, 0xFF, 0xFF, 0x00, 0xFF, 0xFF, 0x00, 0xFF, 0xFF, 0x00, 0xFF, 0xFF, 0x00,
  0xFF, 0xFF, 0x00, 0xFF, 0xFF, 0x00, 0xFF, 0xFF, 0x00, 0xFF, 0xFF, 0x00, 0xFF, 0xFF, 0x00, 0x00, 0x00, 0x00,
  0x00, 0x00, 0x00, 0x00, 0x00, 0x00, 0x00, 0x00, 0x00, 0x00, 0x00, 0x00, 0x00, 0x00, 0x00, 0x00, 0x00, 0x00,
  0x00, 0x00, 0x00, 0x00, 0x00, 0x00, 0x00, 0x00, 0x00, 0x00, 0x00, 0x00, 0x00, 0x00, 0x00, 0x00, 0x00, 0x00,
  0x00, 0x00, 0x00, 0xFF, 0xFF, 0x00, 0xFF, 0xFF, 0x00, 0xFF, 0xFF, 0x00, 0xFF, 0xFF, 0x00, 0xFF, 0xFF, 0x00,
  0xFF, 0xFF, 0x00, 0xFF, 0xFF, 0x00, 0xFF, 0xFF, 0x00, 0xFF, 0xFF, 0x00, 0x4A, 0xCB, 0xC6, 0x7C, 0x74, 0xFF,
  0x4A, 0xEE, 0xFF, 0x84, 0x71, 0x81, 0xFF, 0xFF, 0x00, 0xFF, 0xFF, 0x00, 0xFF, 0xFF, 0x00, 0xFF, 0xFF, 0x00,
  0xFF, 0xFF, 0x00, 0xFF, 0xFF, 0x00, 0xFF, 0xFF, 0x00, 0xFF, 0xFF, 0x00, 0xFF, 0xFF, 0x00, 0xFF, 0xFF, 0x00,
  0xFF, 0xFF, 0x00, 0xFF, 0xFF, 0x00, 0xFF, 0xFF, 0x00, 0xFF, 0xFF, 0x00, 0xFF, 0xFF, 0x00, 0xFF, 0xFF, 0x00,
  0xFF, 0xFF, 0x00, 0xFF, 0xFF, 0x00, 0xFF, 0xFF, 0x00, 0xFF, 0xFF, 0x00, 0xB5, 0xD7, 0x4C, 0x3A, 0x4A, 0xFF,
  0x8D, 0x17, 0xFF, 0x32, 0x08, 0xED, 0xEF, 0x5D, 0x16, 0xFF, 0xFF, 0x00, 0xFF, 0xFF, 0x00, 0xFF, 0xFF, 0x00,
  0xFF, 0xFF, 0x00, 0xFF, 0xFF, 0x00, 0xFF, 0xFF, 0x00, 0xFF, 0xFF, 0x00, 0xFF, 0xFF, 0x00, 0x00, 0x00, 0x00,
  0x00, 0x00, 0x00, 0x00, 0x00, 0x00, 0x00, 0x00, 0x00, 0x00, 0x00, 0x00, 0x00, 0x00, 0x00, 0x00, 0x00, 0x00,
  0x00, 0x00, 0x00, 0x00, 0x00, 0x00, 0x00, 0x00, 0x00, 0x00, 0x00, 0x00, 0x00, 0x00, 0x00, 0x00, 0x00, 0x00,
  0x00, 0x00, 0x00, 0xFF, 0xFF, 0x00, 0xFF, 0xFF, 0x00, 0xFF, 0xFF, 0x00, 0xFF, 0xFF, 0x00, 0xFF, 0xFF, 0x00,
  0xFF, 0xFF, 0x00, 0xFF, 0xFF, 0x00, 0xFF, 0xFF, 0x00, 0xC6, 0x38, 0x3F, 0x32, 0x29, 0xFF, 0xCE, 0xDF, 0xFF,
  0x95, 0x79, 0xFF, 0x3A, 0x29, 0xE4, 0xF7, 0x9E, 0x0C, 0xFF, 0xFF, 0x00, 0xFF, 0xFF, 0x00, 0xFF, 0xFF, 0x00,
  0xFF, 0xFF, 0x00, 0xFF, 0xFF, 0x00, 0xFF, 0xFF, 0x00, 0xFF, 0xFF, 0x00, 0xFF, 0xFF, 0x00, 0xCE, 0x9A, 0x36,
  0xC6, 0x38, 0x42, 0xFF, 0xFF, 0x00, 0xFF, 0xFF, 0x00, 0xFF, 0xFF, 0x00, 0xFF, 0xFF, 0x00, 0xFF, 0xFF, 0x00,
  0xFF, 0xFF, 0x00, 0xFF, 0xFF, 0x00, 0xFF, 0xFF, 0x00, 0xFF, 0xFF, 0x00, 0x53, 0x0C, 0xB9, 0x7C, 0x94, 0xFF,
  0xD7, 0x3F, 0xFF, 0x42, 0xAD, 0xFF, 0x94, 0xD3, 0x71, 0xFF, 0xFF, 0x00, 0xFF, 0xFF, 0x00, 0xFF, 0xFF, 0x00,
  0xFF, 0xFF, 0x00, 0xFF, 0xFF, 0x00, 0xFF, 0xFF, 0x00, 0xFF, 0xFF, 0x00, 0xFF, 0xFF, 0x00, 0x00, 0x00, 0x00,
  0x00, 0x00, 0x00, 0x00, 0x00, 0x00, 0x00, 0x00, 0x00, 0x00, 0x00, 0x00, 0x00, 0x00, 0x00, 0x00, 0x00, 0x00,
  0x00, 0x00, 0x00, 0x00, 0x00, 0x00, 0x00, 0x00, 0x00, 0x00, 0x00, 0x00, 0x00, 0x00, 0x00, 0x00, 0x00, 0x00,
  0x00, 0x00, 0x00, 0xFF, 0xFF, 0x00, 0xFF, 0xFF, 0x00, 0xFF, 0xFF, 0x00, 0xFF, 0xFF, 0x00, 0xFF, 0xFF, 0x00,
  0xFF, 0xFF, 0x00, 0xFF, 0xFF, 0x00, 0xFF, 0xFF, 0x00, 0x73, 0xCF, 0x98, 0x6B, 0xF2, 0xFF, 0xD7, 0x1F, 0xFF,
  0xB6, 0x7E, 0xFF, 0x32, 0x4A, 0xFF, 0xBD, 0xF7, 0x48, 0xFF, 0xFF, 0x00, 0xFF, 0xFF, 0x00, 0xFF, 0xFF, 0x00,
  0xFF, 0xFF, 0x00, 0xFF, 0xFF, 0x00, 0xFF, 0xFF, 0x00, 0xFF, 0xFF, 0x00, 0xDE, 0xFB, 0x27, 0x31, 0xE8, 0xF3,
  0x21, 0xA7, 0xFF, 0xB5, 0xD7, 0x4F, 0xFF, 0xFF, 0x00, 0xFF, 0xFF, 0x00, 0xFF, 0xFF, 0x00, 0xFF, 0xFF, 0x00,
  0xFF, 0xFF, 0x00, 0xFF, 0xFF, 0x00, 0xFF, 0xFF, 0x00, 0xDE, 0xFB, 0x24, 0x32, 0x09, 0xF8, 0xBE, 0x5D, 0xFF,
  0xCE, 0xFF, 0xFF, 0x7C, 0x75, 0xFF, 0x52, 0xCB, 0xC3, 0xFF, 0xFF, 0x00, 0xFF, 0xFF, 0x00, 0xFF, 0xFF, 0x00,
  0xFF, 0xFF, 0x00, 0xFF, 0xFF, 0x00, 0xFF, 0xFF, 0x00, 0xFF, 0xFF, 0x00, 0xFF, 0xFF, 0x00, 0x00, 0x00, 0x00,
  0x00, 0x00, 0x00, 0x00, 0x00, 0x00, 0x00, 0x00, 0x00, 0x00, 0x00, 0x00, 0x00, 0x00, 0x00, 0x00, 0x00, 0x00,
  0x00, 0x00, 0x00, 0x00, 0x00, 0x00, 0x00, 0x00, 0x00, 0x00, 0x00, 0x00, 0x00, 0x00, 0x00, 0x00, 0x00, 0x00,
  0x00, 0x00, 0x00, 0xFF, 0xFF, 0x00, 0xFF, 0xFF, 0x00, 0xFF, 0xFF, 0x00, 0xFF, 0xFF, 0x00, 0xFF, 0xFF, 0x00,
  0xFF, 0xFF, 0x00, 0xFF, 0xFF, 0x00, 0xF7, 0xBE, 0x07, 0x3A, 0x69, 0xDC, 0xA5, 0x9A, 0xFF, 0xCE, 0xFF, 0xFF,
  0xBE, 0xBF, 0xFF, 0x53, 0x50, 0xFF, 0x84, 0x51, 0x88, 0xFF, 0xFF, 0x00, 0xFF, 0xFF, 0x00, 0xFF, 0xFF, 0x00,
  0xFF, 0xFF, 0x00, 0xFF, 0xFF, 0x00, 0xFF, 0xFF, 0x00, 0xFF, 0xFF, 0x00, 0x63, 0x8E, 0xA5, 0x6B, 0xF2, 0xFF,
  0x8D, 0x17, 0xFF, 0x42, 0x6A, 0xD5, 0xFF, 0xDF, 0x04, 0xFF, 0xFF, 0x00, 0xFF, 0xFF, 0x00, 0xFF, 0xFF, 0x00,
  0xFF, 0xFF, 0x00, 0xFF, 0xFF, 0x00, 0xFF, 0xFF, 0x00, 0x9D, 0x14, 0x67, 0x4A, 0xED, 0xFF, 0xCE, 0xFF, 0xFF,
  0xC6, 0xDF, 0xFF, 0x9D, 0xBB, 0xFF, 0x32, 0x29, 0xF1, 0xE7, 0x3C, 0x19, 0xFF, 0xFF, 0x00, 0xFF, 0xFF, 0x00,
  0xFF, 0xFF, 0x00, 0xFF, 0xFF, 0x00, 0xFF, 0xFF, 0x00, 0xFF, 0xFF, 0x00, 0xFF, 0xFF, 0x00, 0x00, 0x00, 0x00,
  0x00, 0x00, 0x00, 0x00, 0x00, 0x00, 0x00, 0x00, 0x00, 0x00, 0x00, 0x00, 0x00, 0x00, 0x00, 0x00, 0x00, 0x00,
  0x00, 0x00, 0x00, 0x00, 0x00, 0x00, 0x00, 0x00, 0x00, 0x00, 0x00, 0x00, 0x00, 0x00, 0x00, 0x00, 0x00, 0x00,
  0x00, 0x00, 0x00, 0xFF, 0xFF, 0x00, 0xFF, 0xFF, 0x00, 0xFF, 0xFF, 0x00, 0xFF, 0xFF, 0x00, 0xFF, 0xFF, 0x00,
  0xFF, 0xFF, 0x00, 0xFF, 0xFF, 0x00, 0xD6, 0xBA, 0x2C, 0x3A, 0x4A, 0xFD, 0xBE, 0x9E, 0xFF, 0xCE, 0xDF, 0xFF,
  0xB6, 0x9F, 0xFF, 0x74, 0x55, 0xFF, 0x5B, 0x2C, 0xB8, 0xFF, 0xFF, 0x00, 0xFF, 0xFF, 0x00, 0xFF, 0xFF, 0x00,
  0xFF, 0xFF, 0x00, 0xFF, 0xFF, 0x00, 0xFF, 0xFF, 0x00, 0xE7, 0x1C, 0x1F, 0x32, 0x08, 0xF5, 0xB6, 0x3C, 0xFF,
  0xBE, 0xBF, 0xFF, 0x32, 0x2A, 0xFF, 0xBD, 0xF7, 0x48, 0xFF, 0xFF, 0x00, 0xFF, 0xFF, 0x00, 0xFF, 0xFF, 0x00,
  0xFF, 0xFF, 0x00, 0xFF, 0xFF, 0x00, 0xFF, 0xFF, 0x00, 0x6B, 0x8E, 0xA3, 0x74, 0x54, 0xFF, 0xCF, 0x1F, 0xFF,
  0xBE, 0xBF, 0xFF, 0xAE, 0x1D, 0xFF, 0x3A, 0x4A, 0xFF, 0xC6, 0x38, 0x3E, 0xFF, 0xFF, 0x00, 0xFF, 0xFF, 0x00,
  0xFF, 0xFF, 0x00, 0xFF, 0xFF, 0x00, 0xFF, 0xFF, 0x00, 0xFF, 0xFF, 0x00, 0xFF, 0xFF, 0x00, 0x00, 0x00, 0x00,
  0x00, 0x00, 0x00, 0x00, 0x00, 0x00, 0x00, 0x00, 0x00, 0x00, 0x00, 0x00, 0x00, 0x00, 0x00, 0x00, 0x00, 0x00,
  0x00, 0x00, 0x00, 0x00, 0x00, 0x00, 0x00, 0x00, 0x00, 0x00, 0x00, 0x00, 0x00, 0x00, 0x00, 0x00, 0x00, 0x00,
  0x00, 0x00, 0x00, 0xFF, 0xFF, 0x00, 0xFF, 0xFF, 0x00, 0xFF, 0xFF, 0x00, 0xFF, 0xFF, 0x00, 0xFF, 0xFF, 0x00,
  0xFF, 0xFF, 0x00, 0xFF, 0xFF, 0x00, 0xB5, 0xB6, 0x50, 0x42, 0xCC, 0xFF, 0xCE, 0xFF, 0xFF, 0xC6, 0xBF, 0xFF,
  0xAE, 0x5E, 0xFF, 0x84, 0xF8, 0xFF, 0x4A, 0xAB, 0xD0, 0xFF, 0xFF, 0x00, 0xFF, 0xFF, 0x00, 0xFF, 0xFF, 0x00,
  0xFF, 0xFF, 0x00, 0xFF, 0xFF, 0x00, 0xFF, 0xFF, 0x00, 0x9C, 0xF3, 0x6B, 0x4A, 0xED, 0xFF, 0xCF, 0x1F, 0xFF,
  0xC6, 0xDF, 0xFF, 0x5B, 0x91, 0xFF, 0x73, 0xEF, 0x96, 0xFF, 0xFF, 0x00, 0xFF, 0xFF, 0x00, 0xFF, 0xFF, 0x00,
  0xFF, 0xFF, 0x00, 0xFF, 0xFF, 0x00, 0xFF, 0xFF, 0x00, 0x4A, 0xCB, 0xCA, 0x95, 0x58, 0xFF, 0xCE, 0xFF, 0xFF,
  0xB6, 0x7E, 0xFF, 0xAE, 0x3E, 0xFF, 0x42, 0xAC, 0xFF, 0xAD, 0x96, 0x57, 0xFF, 0xFF, 0x00, 0xFF, 0xFF, 0x00,
  0xFF, 0xFF, 0x00, 0xFF, 0xFF, 0x00, 0xFF, 0xFF, 0x00, 0xFF, 0xFF, 0x00, 0xFF, 0xFF, 0x00, 0x00, 0x00, 0x00,
  0x00, 0x00, 0x00, 0x00, 0x00, 0x00, 0x00, 0x00, 0x00, 0x00, 0x00, 0x00, 0x00, 0x00, 0x00, 0x00, 0x00, 0x00,
  0x00, 0x00, 0x00, 0x00, 0x00, 0x00, 0x00, 0x00, 0x00, 0x00, 0x00, 0x00, 0x00, 0x00, 0x00, 0x00, 0x00, 0x00,
  0x00, 0x00, 0x00, 0xFF, 0xFF, 0x00, 0xFF, 0xFF, 0x00, 0xFF, 0xFF, 0x00, 0xFF, 0xFF, 0x00, 0xFF, 0xFF, 0x00,
  0xFF, 0xFF, 0x00, 0xFF, 0xFF, 0x00, 0xA5, 0x34, 0x62, 0x53, 0x0E, 0xFF, 0xCF, 0x1F, 0xFF, 0xB6, 0x5E, 0xFF,
  0xAE, 0x5F, 0xFF, 0x84, 0xD7, 0xFF, 0x4A, 0xAB, 0xCB, 0xFF, 0xFF, 0x00, 0xFF, 0xFF, 0x00, 0xFF, 0xFF, 0x00,
  0xFF, 0xFF, 0x00, 0xFF, 0xFF, 0x00, 0xFF, 0xFF, 0x00, 0x5B, 0x2C, 0xB4, 0x84, 0x95, 0xFF, 0xCF, 0x1F, 0xFF,
  0xC6, 0xBF, 0xFF, 0x84, 0xD7, 0xFF, 0x4A, 0xAA, 0xCE, 0xFF, 0xFF, 0x00, 0xFF, 0xFF, 0x00, 0xFF, 0xFF, 0x00,
  0xFF, 0xFF, 0x00, 0xFF, 0xFF, 0x00, 0xFF, 0xDF, 0x04, 0x42, 0x8A, 0xD8, 0xA5, 0xDA, 0xFF, 0xC6, 0xDF, 0xFF,
  0xAE, 0x3E, 0xFF, 0xAE, 0x5F, 0xFF, 0x3A, 0x6B, 0xFF, 0xB5, 0xB6, 0x50, 0xFF, 0xFF, 0x00, 0xFF, 0xFF, 0x00,
  0xFF, 0xFF, 0x00, 0xFF, 0xFF, 0x00, 0xFF, 0xFF, 0x00, 0xFF, 0xFF, 0x00, 0xFF, 0xFF, 0x00, 0x00, 0x00, 0x00,
  0x00, 0x00, 0x00, 0x00, 0x00, 0x00, 0x00, 0x00, 0x00, 0x00, 0x00, 0x00, 0x00, 0x00, 0x00, 0x00, 0x00, 0x00,
  0x00, 0x00, 0x00, 0x00, 0x00, 0x00, 0x00, 0x00, 0x00, 0x00, 0x00, 0x00, 0x00, 0x00, 0x00, 0x00, 0x00, 0x00,
  0x00, 0x00, 0x00, 0xFF, 0xFF, 0x00, 0xFF, 0xFF, 0x00, 0xFF, 0xFF, 0x00, 0xFF, 0xFF, 0x00, 0xFF, 0xFF, 0x00,
  0xFF, 0xFF, 0x00, 0xFF, 0xFF, 0x00, 0xBE, 0x18, 0x45, 0x32, 0x29, 0xFF, 0xAE, 0x1D, 0xFF, 0xAE, 0x5F, 0xFF,
  0xA5, 0xDC, 0xFF, 0x32, 0x4B, 0xFF, 0x8C, 0xB2, 0x7B, 0xFF, 0xFF, 0x00, 0xFF, 0xFF, 0x00, 0xFF, 0xFF, 0x00,
  0xFF, 0xFF, 0x00, 0xFF, 0xFF, 0x00, 0xF7, 0xBE, 0x0B, 0x3A, 0x4A, 0xE2, 0xAD, 0xDB, 0xFF, 0xCE, 0xFF, 0xFF,
  0xBE, 0x9F, 0xFF, 0x95, 0x9B, 0xFF, 0x3A, 0x29, 0xED, 0xEF, 0x5D, 0x15, 0xFF, 0xFF, 0x00, 0xFF, 0xFF, 0x00,
  0xFF, 0xFF, 0x00, 0xFF, 0xFF, 0x00, 0xFF, 0xFF, 0x00, 0x52, 0xEB, 0xC1, 0x74, 0x54, 0xFF, 0xB6, 0x7F, 0xFF,
  0xAE, 0x5E, 0xFF, 0x74, 0x55, 0xFF, 0x32, 0x09, 0xE9, 0xEF, 0x7D, 0x15, 0xFF, 0xFF, 0x00, 0xFF, 0xFF, 0x00,
  0xFF, 0xFF, 0x00, 0xFF, 0xFF, 0x00, 0xFF, 0xFF, 0x00, 0xFF, 0xFF, 0x00, 0xFF, 0xFF, 0x00, 0x00, 0x00, 0x00,
  0x00, 0x00, 0x00, 0x00, 0x00, 0x00, 0x00, 0x00, 0x00, 0x00, 0x00, 0x00, 0x00, 0x00, 0x00, 0x00, 0x00, 0x00,
  0x00, 0x00, 0x00, 0x00, 0x00, 0x00, 0x00, 0x00, 0x00, 0x00, 0x00, 0x00, 0x00, 0x00, 0x00, 0x00, 0x00, 0x00,
  0x00, 0x00, 0x00, 0xFF, 0xFF, 0x00, 0xFF, 0xFF, 0x00, 0xFF, 0xFF, 0x00, 0xFF, 0xFF, 0x00, 0xFF, 0xFF, 0x00,
  0xFF, 0xFF, 0x00, 0xFF, 0xFF, 0x00, 0xFF, 0xFF, 0x01, 0x6B, 0xAF, 0xA3, 0x2A, 0x09, 0xFF, 0x42, 0xCD, 0xFF,
  0x2A, 0x09, 0xFD, 0x73, 0xCF, 0x9C, 0xFF, 0xDF, 0x04, 0xFF, 0xFF, 0x00, 0xFF, 0xFF, 0x00, 0xFF, 0xFF, 0x00,
  0xFF, 0xFF, 0x00, 0xFF, 0xFF, 0x00, 0xDE, 0xFB, 0x22, 0x3A, 0x4A, 0xF7, 0xBE, 0x7E, 0xFF, 0xC6, 0xDF, 0xFF,
  0xAE, 0x5E, 0xFF, 0xA5, 0xDC, 0xFF, 0x32, 0x29, 0xF9, 0xDE, 0xFB, 0x24, 0xFF, 0xFF, 0x00, 0xFF, 0xFF, 0x00,
  0xFF, 0xFF, 0x00, 0xFF, 0xFF, 0x00, 0xFF, 0xFF, 0x00, 0xC6, 0x59, 0x3F, 0x32, 0x08, 0xE7, 0x3A, 0x8C, 0xFF,
  0x3A, 0x6B, 0xFF, 0x3A, 0x29, 0xDE, 0xC6, 0x38, 0x41, 0xFF, 0xFF, 0x00, 0xFF, 0xFF, 0x00, 0xFF, 0xFF, 0x00,
  0xFF, 0xFF, 0x00, 0xFF, 0xFF, 0x00, 0xFF, 0xFF, 0x00, 0xFF, 0xFF, 0x00, 0xFF, 0xFF, 0x00, 0x00, 0x00, 0x00,
  0x00, 0x00, 0x00, 0x00, 0x00, 0x00, 0x00, 0x00, 0x00, 0x00, 0x00, 0x00, 0x00, 0x00, 0x00, 0x00, 0x00, 0x00,
  0x00, 0x00, 0x00, 0x00, 0x00, 0x00, 0x00, 0x00, 0x00, 0x00, 0x00, 0x00, 0x00, 0x00, 0x00, 0x00, 0x00, 0x00,
  0x00, 0x00, 0x00, 0xFF, 0xFF, 0x00, 0xFF, 0xFF, 0x00, 0xFF, 0xFF, 0x00, 0xFF, 0xFF, 0x00, 0xFF, 0xFF, 0x00,
  0xFF, 0xFF, 0x00, 0xFF, 0xFF, 0x00, 0xFF, 0xFF, 0x00, 0xFF, 0xFF, 0x00, 0xC6, 0x38, 0x3E, 0xA5, 0x55, 0x5B,
  0xCE, 0x9A, 0x33, 0xFF, 0xFF, 0x00, 0xFF, 0xFF, 0x00, 0xFF, 0xFF, 0x00, 0xFF, 0xFF, 0x00, 0xFF, 0xFF, 0x00,
  0xFF, 0xFF, 0x00, 0xFF, 0xFF, 0x00, 0xD6, 0xDB, 0x29, 0x3A, 0x4A, 0xFD, 0xC6, 0xBF, 0xFF, 0xB6, 0x7F, 0xFF,
  0xAE, 0x5E, 0xFF, 0x95, 0x9B, 0xFF, 0x32, 0x09, 0xF1, 0xEF, 0x5D, 0x16, 0xFF, 0xFF, 0x00, 0xFF, 0xFF, 0x00,
  0xFF, 0xFF, 0x00, 0xFF, 0xFF, 0x00, 0xFF, 0xFF, 0x00, 0xFF, 0xFF, 0x00, 0xE7, 0x5D, 0x1A, 0xAD, 0x75, 0x57,
  0xB5, 0xB6, 0x50, 0xEF, 0x7D, 0x11, 0xFF, 0xFF, 0x00, 0xFF, 0xFF, 0x00, 0xFF, 0xFF, 0x00, 0xFF, 0xFF, 0x00,
  0xFF, 0xFF, 0x00, 0xFF, 0xFF, 0x00, 0xFF, 0xFF, 0x00, 0xFF, 0xFF, 0x00, 0xFF, 0xFF, 0x00, 0x00, 0x00, 0x00,
  0x00, 0x00, 0x00, 0x00, 0x00, 0x00, 0x00, 0x00, 0x00, 0x00, 0x00, 0x00, 0x00, 0x00, 0x00, 0x00, 0x00, 0x00,
  0x00, 0x00, 0x00, 0x00, 0x00, 0x00, 0x00, 0x00, 0x00, 0x00, 0x00, 0x00, 0x00, 0x00, 0x00, 0x00, 0x00, 0x00,
  0x00, 0x00, 0x00, 0xFF, 0xFF, 0x00, 0xFF, 0xFF, 0x00, 0xFF, 0xFF, 0x00, 0xFF, 0xFF, 0x00, 0xFF, 0xFF, 0x00,
  0xFF, 0xFF, 0x00, 0xFF, 0xFF, 0x00, 0xFF, 0xFF, 0x00, 0xFF, 0xFF, 0x00, 0xFF, 0xFF, 0x00, 0xFF, 0xFF, 0x00,
  0xFF, 0xFF, 0x00, 0xFF, 0xFF, 0x00, 0xFF, 0xFF, 0x00, 0xFF, 0xFF, 0x00, 0xFF, 0xFF, 0x00, 0xFF, 0xFF, 0x00,
  0xFF, 0xFF, 0x00, 0xFF, 0xFF, 0x00, 0xF7, 0x9E, 0x0D, 0x3A, 0x49, 0xE4, 0x7C, 0x75, 0xFF, 0xA6, 0x1D, 0xFF,
  0x95, 0x9B, 0xFF, 0x3A, 0x6B, 0xFF, 0x73, 0xEF, 0x98, 0xFF, 0xFF, 0x00, 0xFF, 0xFF, 0x00, 0xFF, 0xFF, 0x00,
  0xFF, 0xFF, 0x00, 0xFF, 0xFF, 0x00, 0xFF, 0xFF, 0x00, 0xFF, 0xFF, 0x00, 0xFF, 0xFF, 0x00, 0xFF, 0xFF, 0x00,
  0xFF, 0xFF, 0x00, 0xFF, 0xFF, 0x00, 0xFF, 0xFF, 0x00, 0xFF, 0xFF, 0x00, 0xFF, 0xFF, 0x00, 0xFF, 0xFF, 0x00,
  0xFF, 0xFF, 0x00, 0xFF, 0xFF, 0x00, 0xFF, 0xFF, 0x00, 0xFF, 0xFF, 0x00, 0xFF, 0xFF, 0x00, 0x00, 0x00, 0x00,
  0x00, 0x00, 0x00, 0x00, 0x00, 0x00, 0x00, 0x00, 0x00, 0x00, 0x00, 0x00, 0x00, 0x00, 0x00, 0x00, 0x00, 0x00,
  0x00, 0x00, 0x00, 0x00, 0x00, 0x00, 0x00, 0x00, 0x00, 0x00, 0x00, 0x00, 0x00, 0x00, 0x00, 0x00, 0x00, 0x00,
  0x00, 0x00, 0x00, 0xFF, 0xFF, 0x00, 0xFF, 0xFF, 0x00, 0xFF, 0xFF, 0x00, 0xFF, 0xFF, 0x00, 0xFF, 0xFF, 0x00,
  0xFF, 0xFF, 0x00, 0xFF, 0xFF, 0x00, 0xFF, 0xFF, 0x00, 0xFF, 0xFF, 0x00, 0xFF, 0xFF, 0x00, 0xFF, 0xFF, 0x00,
  0xFF, 0xFF, 0x00, 0xFF, 0xFF, 0x00, 0xFF, 0xFF, 0x00, 0xFF, 0xFF, 0x00, 0xFF, 0xFF, 0x00, 0xFF, 0xFF, 0x00,
  0xFF, 0xFF, 0x00, 0xFF, 0xFF, 0x00, 0xFF, 0xFF, 0x00, 0xBE, 0x18, 0x47, 0x3A, 0x49, 0xD9, 0x32, 0x29, 0xFC,
  0x32, 0x09, 0xEE, 0x7C, 0x10, 0x92, 0xFF, 0xDF, 0x06, 0xFF, 0xFF, 0x00, 0xFF, 0xFF, 0x00, 0xFF, 0xFF, 0x00,
  0xFF, 0xFF, 0x00, 0xFF, 0xFF, 0x00, 0xFF, 0xFF, 0x00, 0xFF, 0xFF, 0x00, 0xFF, 0xFF, 0x00, 0xFF, 0xFF, 0x00,
  0xFF, 0xFF, 0x00, 0xFF, 0xFF, 0x00, 0xFF, 0xFF, 0x00, 0xFF, 0xFF, 0x00, 0xFF, 0xFF, 0x00, 0xFF, 0xFF, 0x00,
  0xFF, 0xFF, 0x00, 0xFF, 0xFF, 0x00, 0xFF, 0xFF, 0x00, 0xFF, 0xFF, 0x00, 0xFF, 0xFF, 0x00, 0x00, 0x00, 0x00,
  0x00, 0x00, 0x00, 0x00, 0x00, 0x00, 0x00, 0x00, 0x00, 0x00, 0x00, 0x00, 0x00, 0x00, 0x00, 0x00, 0x00, 0x00,
  0x00, 0x00, 0x00, 0x00, 0x00, 0x00, 0x00, 0x00, 0x00, 0x00, 0x00, 0x00, 0x00, 0x00, 0x00, 0x00, 0x00, 0x00,
  0x00, 0x00, 0x00, 0xFF, 0xFF, 0x00, 0xFF, 0xFF, 0x00, 0xFF, 0xFF, 0x00, 0xFF, 0xFF, 0x00, 0xFF, 0xFF, 0x00,
  0xFF, 0xFF, 0x00, 0xFF, 0xFF, 0x00, 0xFF, 0xFF, 0x00, 0xFF, 0xFF, 0x00, 0xFF, 0xFF, 0x00, 0xFF, 0xFF, 0x00,
  0xFF, 0xFF, 0x00, 0xFF, 0xFF, 0x00, 0xFF, 0xFF, 0x00, 0xFF, 0xFF, 0x00, 0xFF, 0xFF, 0x00, 0xFF, 0xFF, 0x00,
  0xFF, 0xFF, 0x00, 0xFF, 0xFF, 0x00, 0xFF, 0xFF, 0x00, 0xFF, 0xFF, 0x00, 0xF7, 0xBE, 0x0B, 0xD6, 0xBA, 0x2B,
  0xE7, 0x3C, 0x19, 0xFF, 0xFF, 0x00, 0xFF, 0xFF, 0x00, 0xFF, 0xFF, 0x00, 0xFF, 0xFF, 0x00, 0xFF, 0xFF, 0x00,
  0xFF, 0xFF, 0x00, 0xFF, 0xFF, 0x00, 0xFF, 0xFF, 0x00, 0xFF, 0xFF, 0x00, 0xFF, 0xFF, 0x00, 0xFF, 0xFF, 0x00,
  0xFF, 0xFF, 0x00, 0xFF, 0xFF, 0x00, 0xFF, 0xFF, 0x00, 0xFF, 0xFF, 0x00, 0xFF, 0xFF, 0x00, 0xFF, 0xFF, 0x00,
  0xFF, 0xFF, 0x00, 0xFF, 0xFF, 0x00, 0xFF, 0xFF, 0x00, 0xFF, 0xFF, 0x00, 0xFF, 0xFF, 0x00, 0x00, 0x00, 0x00,
  0x00, 0x00, 0x00, 0x00, 0x00, 0x00, 0x00, 0x00, 0x00, 0x00, 0x00, 0x00, 0x00, 0x00, 0x00, 0x00, 0x00, 0x00,
  0x00, 0x00, 0x00, 0x00, 0x00, 0x00, 0x00, 0x00, 0x00, 0x00, 0x00, 0x00, 0x00, 0x00, 0x00, 0x00, 0x00, 0x00,
  0x00, 0x00, 0x00, 0xFF, 0xFF, 0x00, 0xFF, 0xFF, 0x00, 0xFF, 0xFF, 0x00, 0xFF, 0xFF, 0x00, 0xFF, 0xFF, 0x00,
  0xFF, 0xFF, 0x00, 0xFF, 0xFF, 0x00, 0xFF, 0xFF, 0x00, 0xFF, 0xFF, 0x00, 0xFF, 0xFF, 0x00, 0xFF, 0xFF, 0x00,
  0xFF, 0xFF, 0x00, 0xFF, 0xFF, 0x00, 0xFF, 0xFF, 0x00, 0xFF, 0xFF, 0x00, 0xFF, 0xFF, 0x00, 0xFF, 0xFF, 0x00,
  0xFF, 0xFF, 0x00, 0xFF, 0xFF, 0x00, 0xFF, 0xFF, 0x00, 0xFF, 0xFF, 0x00, 0xFF, 0xFF, 0x00, 0xFF, 0xFF, 0x00,
  0xFF, 0xFF, 0x00, 0xFF, 0xFF, 0x00, 0xFF, 0xFF, 0x00, 0xFF, 0xFF, 0x00, 0xFF, 0xFF, 0x00, 0xFF, 0xFF, 0x00,
  0xFF, 0xFF, 0x00, 0xFF, 0xFF, 0x00, 0xFF, 0xFF, 0x00, 0xFF, 0xFF, 0x00, 0xFF, 0xFF, 0x00, 0xFF, 0xFF, 0x00,
  0xFF, 0xFF, 0x00, 0xFF, 0xFF, 0x00, 0xFF, 0xFF, 0x00, 0xFF, 0xFF, 0x00, 0xFF, 0xFF, 0x00, 0xFF, 0xFF, 0x00,
  0xFF, 0xFF, 0x00, 0xFF, 0xFF, 0x00, 0xFF, 0xFF, 0x00, 0xFF, 0xFF, 0x00, 0xFF, 0xFF, 0x00, 0x00, 0x00, 0x00,
  0x00, 0x00, 0x00, 0x00, 0x00, 0x00, 0x00, 0x00, 0x00, 0x00, 0x00, 0x00, 0x00, 0x00, 0x00, 0x00, 0x00, 0x00,
  0x00, 0x00, 0x00, 0x00, 0x00, 0x00, 0x00, 0x00, 0x00, 0x00, 0x00, 0x00, 0x00, 0x00, 0x00, 0x00, 0x00, 0x00,
  0x00, 0x00, 0x00, 0xFF, 0xFF, 0x00, 0xFF, 0xFF, 0x00, 0xFF, 0xFF, 0x00, 0xFF, 0xFF, 0x00, 0xFF, 0xFF, 0x00,
  0xFF, 0xFF, 0x00, 0xFF, 0xFF, 0x00, 0xFF, 0xFF, 0x00, 0xFF, 0xFF, 0x00, 0xFF, 0xFF, 0x00, 0xFF, 0xFF, 0x00,
  0xFF, 0xFF, 0x00, 0xFF, 0xFF, 0x00, 0xFF, 0xFF, 0x00, 0xFF, 0xFF, 0x00, 0xFF, 0xFF, 0x00, 0xFF, 0xFF, 0x00,
  0xFF, 0xFF, 0x00, 0xFF, 0xFF, 0x00, 0xFF, 0xFF, 0x00, 0xFF, 0xFF, 0x00, 0xFF, 0xFF, 0x00, 0xFF, 0xFF, 0x00,
  0xFF, 0xFF, 0x00, 0xFF, 0xFF, 0x00, 0xFF, 0xFF, 0x00, 0xFF, 0xFF, 0x00, 0xFF, 0xFF, 0x00, 0xFF, 0xFF, 0x00,
  0xFF, 0xFF, 0x00, 0xFF, 0xFF, 0x00, 0xFF, 0xFF, 0x00, 0xFF, 0xFF, 0x00, 0xFF, 0xFF, 0x00, 0xFF, 0xFF, 0x00,
  0xFF, 0xFF, 0x00, 0xFF, 0xFF, 0x00, 0xFF, 0xFF, 0x00, 0xFF, 0xFF, 0x00, 0xFF, 0xFF, 0x00, 0xFF, 0xFF, 0x00,
  0xFF, 0xFF, 0x00, 0xFF, 0xFF, 0x00, 0xFF, 0xFF, 0x00, 0xFF, 0xFF, 0x00, 0xFF, 0xFF, 0x00, 0x00, 0x00, 0x00,
  0x00, 0x00, 0x00, 0x00, 0x00, 0x00, 0x00, 0x00, 0x00, 0x00, 0x00, 0x00, 0x00, 0x00, 0x00, 0x00, 0x00, 0x00,
  0x00, 0x00, 0x00, 0x00, 0x00, 0x00, 0x00, 0x00, 0x00, 0x00, 0x00, 0x00, 0x00, 0x00, 0x00, 0x00, 0x00, 0x00,
  0x00, 0x00, 0x00, 0xFF, 0xFF, 0x00, 0xFF, 0xFF, 0x00, 0xFF, 0xFF, 0x00, 0xFF, 0xFF, 0x00, 0xFF, 0xFF, 0x00,
  0xFF, 0xFF, 0x00, 0xFF, 0xFF, 0x00, 0xFF, 0xFF, 0x00, 0xFF, 0xFF, 0x00, 0xFF, 0xFF, 0x00, 0xFF, 0xFF, 0x00,
  0xFF, 0xFF, 0x00, 0xFF, 0xFF, 0x00, 0xFF, 0xFF, 0x00, 0xFF, 0xFF, 0x00, 0xFF, 0xFF, 0x00, 0xFF, 0xFF, 0x00,
  0xF7, 0xDF, 0x08, 0xFF, 0xFF, 0x00, 0xFF, 0xFF, 0x00, 0xFF, 0xFF, 0x00, 0xFF, 0xFF, 0x00, 0xFF, 0xFF, 0x00,
  0xFF, 0xFF, 0x00, 0xFF, 0xFF, 0x00, 0xFF, 0xFF, 0x00, 0xFF, 0xFF, 0x00, 0xFF, 0xFF, 0x00, 0xF7, 0xDF, 0x09,
  0xFF, 0xFF, 0x00, 0xFF, 0xFF, 0x00, 0xFF, 0xFF, 0x00, 0xFF, 0xFF, 0x00, 0xFF, 0xFF, 0x00, 0xFF, 0xFF, 0x00,
  0xFF, 0xFF, 0x00, 0xFF, 0xFF, 0x00, 0xFF, 0xFF, 0x00, 0xFF, 0xFF, 0x00, 0xFF, 0xFF, 0x00, 0xFF, 0xFF, 0x00,
  0xFF, 0xFF, 0x00, 0xFF, 0xFF, 0x00, 0xFF, 0xFF, 0x00, 0xFF, 0xFF, 0x00, 0xFF, 0xFF, 0x00, 0x00, 0x00, 0x00,
  0x00, 0x00, 0x00, 0x00, 0x00, 0x00, 0x00, 0x00, 0x00, 0x00, 0x00, 0x00, 0x00, 0x00, 0x00, 0x00, 0x00, 0x00,
  0x00, 0x00, 0x00, 0x00, 0x00, 0x00, 0x00, 0x00, 0x00, 0x00, 0x00, 0x00, 0x00, 0x00, 0x00, 0x00, 0x00, 0x00,
  0x00, 0x00, 0x00, 0xFF, 0xFF, 0x00, 0xFF, 0xFF, 0x00, 0xFF, 0xFF, 0x00, 0xFF, 0xFF, 0x00, 0xFF, 0xFF, 0x00,
  0xFF, 0xFF, 0x00, 0xFF, 0xFF, 0x00, 0xFF, 0xFF, 0x00, 0xFF, 0xFF, 0x00, 0xFF, 0xFF, 0x00, 0xFF, 0xFF, 0x00,
  0xFF, 0xFF, 0x00, 0xFF, 0xFF, 0x00, 0xFF, 0xFF, 0x00, 0xFF, 0xFF, 0x00, 0xFF, 0xFF, 0x00, 0xD6, 0x9A, 0x33,
  0x32, 0x08, 0xDA, 0xA5, 0x35, 0x69, 0xFF, 0xFF, 0x00, 0xFF, 0xFF, 0x00, 0xFF, 0xFF, 0x00, 0xFF, 0xFF, 0x00,
  0xFF, 0xFF, 0x00, 0xFF, 0xFF, 0x00, 0xFF, 0xFF, 0x00, 0xFF, 0xFF, 0x00, 0xB5, 0xD7, 0x53, 0x29, 0xE8, 0xDB,
  0xBE, 0x18, 0x47, 0xFF, 0xFF, 0x00, 0xFF, 0xFF, 0x00, 0xFF, 0xFF, 0x00, 0xFF, 0xFF, 0x00, 0xFF, 0xFF, 0x00,
  0xFF, 0xFF, 0x00, 0xFF, 0xFF, 0x00, 0xFF, 0xFF, 0x00, 0xFF, 0xFF, 0x00, 0xFF, 0xFF, 0x00, 0xFF, 0xFF, 0x00,
  0xFF, 0xFF, 0x00, 0xFF, 0xFF, 0x00, 0xFF, 0xFF, 0x00, 0xFF, 0xFF, 0x00, 0xFF, 0xFF, 0x00, 0x00, 0x00, 0x00,
  0x00, 0x00, 0x00, 0x00, 0x00, 0x00, 0x00, 0x00, 0x00, 0x00, 0x00, 0x00, 0x00, 0x00, 0x00, 0x00, 0x00, 0x00,
  0x00, 0x00, 0x00, 0x00, 0x00, 0x00, 0x00, 0x00, 0x00, 0x00, 0x00, 0x00, 0x00, 0x00, 0x00, 0x00, 0x00, 0x00,
  0x00, 0x00, 0x00, 0xFF, 0xFF, 0x00, 0xFF, 0xFF, 0x00, 0xFF, 0xFF, 0x00, 0xFF, 0xFF, 0x00, 0xFF, 0xFF, 0x00,
  0xFF, 0xFF, 0x00, 0xFF, 0xFF, 0x00, 0xFF, 0xFF, 0x00, 0xFF, 0xFF, 0x00, 0xFF, 0xFF, 0x00, 0xFF, 0xFF, 0x00,
  0xFF, 0xFF, 0x00, 0xFF, 0xFF, 0x00, 0xFF, 0xFF, 0x00, 0xFF, 0xFF, 0x00, 0xFF, 0xFF, 0x00, 0x5B, 0x4D, 0xB5,
  0x4A, 0xED, 0xFF, 0x3A, 0x49, 0xED, 0xEF, 0x7D, 0x14, 0xFF, 0xFF, 0x00, 0xFF, 0xFF, 0x00, 0xFF, 0xFF, 0x00,
  0xFF, 0xFF, 0x00, 0xFF, 0xFF, 0x00, 0xFF, 0xFF, 0x00, 0xFF, 0xDF, 0x05, 0x42, 0x8A, 0xD9, 0x4B, 0x0E, 0xFF,
  0x4A, 0xAB, 0xD0, 0xFF, 0xFF, 0x01, 0xFF, 0xFF, 0x00, 0xFF, 0xFF, 0x00, 0xFF, 0xFF, 0x00, 0xFF, 0xFF, 0x00,
  0xFF, 0xFF, 0x00, 0xFF, 0xFF, 0x00, 0xFF, 0xFF, 0x00, 0xFF, 0xFF, 0x00, 0xFF, 0xFF, 0x00, 0xFF, 0xFF, 0x00,
  0xFF, 0xFF, 0x00, 0xFF, 0xFF, 0x00, 0xFF, 0xFF, 0x00, 0xFF, 0xFF, 0x00, 0xFF, 0xFF, 0x00, 0x00, 0x00, 0x00,
  0x00, 0x00, 0x00, 0x00, 0x00, 0x00, 0x00, 0x00, 0x00, 0x00, 0x00, 0x00, 0x00, 0x00, 0x00, 0x00, 0x00, 0x00,
  0x00, 0x00, 0x00, 0x00, 0x00, 0x00, 0x00, 0x00, 0x00, 0x00, 0x00, 0x00, 0x00, 0x00, 0x00, 0x00, 0x00, 0x00,
  0x00, 0x00, 0x00, 0xFF, 0xFF, 0x00, 0xFF, 0xFF, 0x00, 0xFF, 0xFF, 0x00, 0xFF, 0xFF, 0x00, 0xFF, 0xFF, 0x00,
  0xFF, 0xFF, 0x00, 0xFF, 0xFF, 0x00, 0xFF, 0xFF, 0x00, 0xFF, 0xFF, 0x00, 0xFF, 0xFF, 0x00, 0xFF, 0xFF, 0x00,
  0xFF, 0xFF, 0x00, 0xFF, 0xFF, 0x00, 0xFF, 0xFF, 0x00, 0xFF, 0xFF, 0x00, 0xDE, 0xFB, 0x24, 0x32, 0x09, 0xF8,
  0xBE, 0x7E, 0xFF, 0x42, 0xAC, 0xFF, 0xAD, 0x75, 0x5B, 0xFF, 0xFF, 0x00, 0xFF, 0xFF, 0x00, 0xFF, 0xFF, 0x00,
  0xFF, 0xFF, 0x00, 0xFF, 0xFF, 0x00, 0xFF, 0xFF, 0x00, 0xBE, 0x18, 0x45, 0x3A, 0x6A, 0xFF, 0xBE, 0x9E, 0xFF,
  0x32, 0x29, 0xFF, 0xCE, 0x79, 0x36, 0xFF, 0xFF, 0x00, 0xFF, 0xFF, 0x00, 0xFF, 0xFF, 0x00, 0xFF, 0xFF, 0x00,
  0xFF, 0xFF, 0x00, 0xFF, 0xFF, 0x00, 0xFF, 0xFF, 0x00, 0xFF, 0xFF, 0x00, 0xFF, 0xFF, 0x00, 0xFF, 0xFF, 0x00,
  0xFF, 0xFF, 0x00, 0xFF, 0xFF, 0x00, 0xFF, 0xFF, 0x00, 0xFF, 0xFF, 0x00, 0xFF, 0xFF, 0x00, 0x00, 0x00, 0x00,
  0x00, 0x00, 0x00, 0x00, 0x00, 0x00, 0x00, 0x00, 0x00, 0x00, 0x00, 0x00, 0x00, 0x00, 0x00, 0x00, 0x00, 0x00,
  0x00, 0x00, 0x00, 0x00, 0x00, 0x00, 0x00, 0x00, 0x00, 0x00, 0x00, 0x00, 0x00, 0x00, 0x00, 0x00, 0x00, 0x00,
  0x00, 0x00, 0x00, 0xFF, 0xFF, 0x00, 0xFF, 0xFF, 0x00, 0xFF, 0xFF, 0x00, 0xFF, 0xFF, 0x00, 0xFF, 0xFF, 0x00,
  0xFF, 0xFF, 0x00, 0xFF, 0xFF, 0x00, 0xFF, 0xFF, 0x00, 0xFF, 0xFF, 0x00, 0xFF, 0xFF, 0x00, 0xFF, 0xFF, 0x00,
  0xFF, 0xFF, 0x00, 0xFF, 0xFF, 0x00, 0xFF, 0xFF, 0x00, 0xFF, 0xFF, 0x00, 0x9D, 0x34, 0x65, 0x4A, 0xED, 0xFF,
  0xCF, 0x3F, 0xFF, 0x63, 0xB2, 0xFF, 0x73, 0xCF, 0x97, 0xFF, 0xFF, 0x00, 0xFF, 0xFF, 0x00, 0xFF, 0xFF, 0x00,
  0xFF, 0xFF, 0x00, 0xFF, 0xFF, 0x00, 0xFF, 0xFF, 0x00, 0x7C, 0x10, 0x8E, 0x63, 0xB1, 0xFF, 0xCF, 0x1F, 0xFF,
  0x4A, 0xEE, 0xFF, 0x9C, 0xF3, 0x6E, 0xFF, 0xFF, 0x00, 0xFF, 0xFF, 0x00, 0xFF, 0xFF, 0x00, 0xFF, 0xFF, 0x00,
  0xFF, 0xFF, 0x00, 0xFF, 0xFF, 0x00, 0xFF, 0xFF, 0x00, 0xFF, 0xFF, 0x00, 0xFF, 0xFF, 0x00, 0xFF, 0xFF, 0x00,
  0xFF, 0xFF, 0x00, 0xFF, 0xFF, 0x00, 0xFF, 0xFF, 0x00, 0xFF, 0xFF, 0x00, 0xFF, 0xFF, 0x00, 0x00, 0x00, 0x00,
  0x00, 0x00, 0x00, 0x00, 0x00, 0x00, 0x00, 0x00, 0x00, 0x00, 0x00, 0x00, 0x00, 0x00, 0x00, 0x00, 0x00, 0x00,
  0x00, 0x00, 0x00, 0x00, 0x00, 0x00, 0x00, 0x00, 0x00, 0x00, 0x00, 0x00, 0x00, 0x00, 0x00, 0x00, 0x00, 0x00,
  0x00, 0x00, 0x00, 0xFF, 0xFF, 0x00, 0xFF, 0xFF, 0x00, 0xFF, 0xFF, 0x00, 0xFF, 0xFF, 0x00, 0xFF, 0xFF, 0x00,
  0xFF, 0xFF, 0x00, 0xFF, 0xFF, 0x00, 0xFF, 0xFF, 0x00, 0xFF, 0xFF, 0x00, 0xFF, 0xFF, 0x00, 0xFF, 0xFF, 0x00,
  0xFF, 0xFF, 0x00, 0xFF, 0xFF, 0x00, 0xFF, 0xFF, 0x00, 0xFF, 0xFF, 0x00, 0x73, 0xF0, 0x91, 0x6B, 0xF2, 0xFF,
  0xCF, 0x3F, 0xFF, 0x74, 0x55, 0xFF, 0x5B, 0x2D, 0xB3, 0xFF, 0xFF, 0x00, 0xFF, 0xFF, 0x00, 0xFF, 0xFF, 0x00,
  0xFF, 0xFF, 0x00, 0xFF, 0xFF, 0x00, 0xFF, 0xFF, 0x00, 0x53, 0x0C, 0xB9, 0x8C, 0xF6, 0xFF, 0xCF, 0x1F, 0xFF,
  0x5B, 0x91, 0xFF, 0x7C, 0x30, 0x8A, 0xFF, 0xFF, 0x00, 0xFF, 0xFF, 0x00, 0xFF, 0xFF, 0x00, 0xFF, 0xFF, 0x00,
  0xFF, 0xFF, 0x00, 0xFF, 0xFF, 0x00, 0xFF, 0xFF, 0x00, 0xFF, 0xFF, 0x00, 0xFF, 0xFF, 0x00, 0xFF, 0xFF, 0x00,
  0xFF, 0xFF, 0x00, 0xFF, 0xFF, 0x00, 0xFF, 0xFF, 0x00, 0xFF, 0xFF, 0x00, 0xFF, 0xFF, 0x00, 0x00, 0x00, 0x00,
  0x00, 0x00, 0x00, 0x00, 0x00, 0x00, 0x00, 0x00, 0x00, 0x00, 0x00, 0x00, 0x00, 0x00, 0x00, 0x00, 0x00, 0x00,
  0x00, 0x00, 0x00, 0x00, 0x00, 0x00, 0x00, 0x00, 0x00, 0x00, 0x00, 0x00, 0x00, 0x00, 0x00, 0x00, 0x00, 0x00,
  0x00, 0x00, 0x00, 0xFF, 0xFF, 0x00, 0xFF, 0xFF, 0x00, 0xFF, 0xFF, 0x00, 0xFF, 0xFF, 0x00, 0xFF, 0xFF, 0x00,
  0xFF, 0xFF, 0x00, 0xFF, 0xFF, 0x00, 0xFF, 0xFF, 0x00, 0xFF, 0xFF, 0x00, 0xFF, 0xFF, 0x00, 0xFF, 0xFF, 0x00,
  0xFF, 0xFF, 0x00, 0xFF, 0xFF, 0x00, 0xFF, 0xFF, 0x00, 0xFF, 0xFF, 0x00, 0x84, 0x51, 0x87, 0x4A, 0xEE, 0xFF,
  0x9D, 0xBB, 0xFF, 0x3A, 0x8C, 0xFF, 0x84, 0x51, 0x86, 0xFF, 0xFF, 0x00, 0xFF, 0xFF, 0x00, 0xFF, 0xFF, 0x00,
  0xFF, 0xFF, 0x00, 0xFF, 0xFF, 0x00, 0xFF, 0xFF, 0x00, 0x5B, 0x4D, 0xB1, 0x63, 0xB1, 0xFF, 0x95, 0x9A, 0xFF,
  0x32, 0x0A, 0xFF, 0xAD, 0x75, 0x5D, 0xFF, 0xFF, 0x00, 0xFF, 0xFF, 0x00, 0xFF, 0xFF, 0x00, 0xFF, 0xFF, 0x00,
  0xFF, 0xFF, 0x00, 0xFF, 0xFF, 0x00, 0xFF, 0xFF, 0x00, 0xFF, 0xFF, 0x00, 0xFF, 0xFF, 0x00, 0xFF, 0xFF, 0x00,
  0xFF, 0xFF, 0x00, 0xFF, 0xFF, 0x00, 0xFF, 0xFF, 0x00, 0xFF, 0xFF, 0x00, 0xFF, 0xFF, 0x00, 0x00, 0x00, 0x00,
  0x00, 0x00, 0x00, 0x00, 0x00, 0x00, 0x00, 0x00, 0x00, 0x00, 0x00, 0x00, 0x00, 0x00, 0x00, 0x00, 0x00, 0x00,
  0x00, 0x00, 0x00, 0x00, 0x00, 0x00, 0x00, 0x00, 0x00, 0x00, 0x00, 0x00, 0x00, 0x00, 0x00, 0x00, 0x00, 0x00,
  0x00, 0x00, 0x00, 0xFF, 0xFF, 0x00, 0xFF, 0xFF, 0x00, 0xFF, 0xFF, 0x00, 0xFF, 0xFF, 0x00, 0xFF, 0xFF, 0x00,
  0xFF, 0xFF, 0x00, 0xFF, 0xFF, 0x00, 0xFF, 0xFF, 0x00, 0xFF, 0xFF, 0x00, 0xFF, 0xFF, 0x00, 0xFF, 0xFF, 0x00,
  0xFF, 0xFF, 0x00, 0xFF, 0xFF, 0x00, 0xFF, 0xFF, 0x00, 0xFF, 0xFF, 0x00, 0xE7, 0x3C, 0x1D, 0x53, 0x0C, 0xBE,
  0x29, 0xE8, 0xE6, 0x6B, 0xAE, 0xA2, 0xF7, 0x9E, 0x0D, 0xFF, 0xFF, 0x00, 0xFF, 0xFF, 0x00, 0xFF, 0xFF, 0x00,
  0xFF, 0xFF, 0x00, 0xFF, 0xFF, 0x00, 0xFF, 0xFF, 0x00, 0xCE, 0x9A, 0x34, 0x42, 0x8A, 0xCE, 0x32, 0x08, 0xE3,
  0x84, 0x51, 0x8A, 0xFF, 0xFF, 0x02, 0xFF, 0xFF, 0x00, 0xFF, 0xFF, 0x00, 0xFF, 0xFF, 0x00, 0xFF, 0xFF, 0x00,
  0xFF, 0xFF, 0x00, 0xFF, 0xFF, 0x00, 0xFF, 0xFF, 0x00, 0xFF, 0xFF, 0x00, 0xFF, 0xFF, 0x00, 0xFF, 0xFF, 0x00,
  0xFF, 0xFF, 0x00, 0xFF, 0xFF, 0x00, 0xFF, 0xFF, 0x00, 0xFF, 0xFF, 0x00, 0xFF, 0xFF, 0x00, 0x00, 0x00, 0x00,
  0x00, 0x00, 0x00, 0x00, 0x00, 0x00, 0x00, 0x00, 0x00, 0x00, 0x00, 0x00, 0x00, 0x00, 0x00, 0x00, 0x00, 0x00,
};
const uint32_t image_weather_rain_map_len = sizeof(image_weather_rain_map);

const lv_img_dsc_t image_weather_rain = {
  .header = {
    .cf = LV_IMG_CF_TRUE_COLOR_ALPHA,
    .always_zero = 0,
    .reserved = 0,
    .w = 60,
    .h = 60,
  },
  .data_size = image_weather_rain_map_len,
  .data = image_weather_rain_map,
};

const uint8_t image_weather_thunder_map[] = {
  0x00, 0x00, 0x00, 0x00, 0x00, 0x00, 0x00, 0x00, 0x00, 0x00, 0x00, 0x00, 0x00, 0x00, 0x00, 0x00, 0x00, 0x00,
  0x00, 0x00, 0x00, 0xFF, 0xFF, 0x00, 0xFF, 0xFF, 0x00, 0xFF, 0xFF, 0x00, 0xFF, 0xFF, 0x00, 0xFF, 0xFF, 0x00,
  0xFF, 0xFF, 0x00, 0xFF, 0xFF, 0x00, 0xFF, 0xFF, 0x00, 0xFF, 0xFF, 0x00, 0xFF, 0xFF, 0x00, 0xFF, 0xFF, 0x00,
  0xFF, 0xFF, 0x00, 0xFF, 0xFF, 0x00, 0xFF, 0xFF, 0x00, 0xFF, 0xFF, 0x00, 0xFF, 0xFF, 0x00, 0xFF, 0xFF, 0x00,
  0xFF, 0xFF, 0x00, 0xFF, 0xFF, 0x00, 0xFF, 0xFF, 0x00, 0xFF, 0xFF, 0x00, 0xFF, 0xFF, 0x00, 0xFF, 0xFF, 0x00,
  0xFF, 0xFF, 0x00, 0xFF, 0xFF, 0x00, 0xFF, 0xFF, 0x00, 0xFF, 0xFF, 0x00, 0xFF, 0xFF, 0x00, 0xFF, 0xFF, 0x00,
  0xFF, 0xFF, 0x00, 0xFF, 0xFF, 0x00, 0xFF, 0xFF, 0x00, 0xFF, 0xFF, 0x00, 0xFF, 0xFF, 0x00, 0xFF, 0xFF, 0x00,
  0xFF, 0xFF, 0x00, 0xFF, 0xFF, 0x00, 0xFF, 0xFF, 0x00, 0xFF, 0xFF, 0x00, 0xFF, 0xFF, 0x00, 0xFF, 0xFF, 0x00,
  0xFF, 0xFF, 0x00, 0xFF, 0xFF, 0x00, 0xBE, 0x18, 0x49, 0x53, 0x0C, 0xBB, 0xF7, 0xBE, 0x0C, 0x00, 0x00, 0x00,
  0x00, 0x00, 0x00, 0x00, 0x00, 0x00, 0x00, 0x00, 0x00, 0x00, 0x00, 0x00, 0x00, 0x00, 0x00, 0x00, 0x00, 0x00,
  0x00, 0x00, 0x00, 0x00, 0x00, 0x00, 0x00, 0x00, 0x00, 0x00, 0x00, 0x00, 0x00, 0x00, 0x00, 0x00, 0x00, 0x00,
  0x00, 0x00, 0x00, 0xFF, 0xFF, 0x00, 0xFF, 0xFF, 0x00, 0xFF, 0xFF, 0x00, 0xFF, 0xFF, 0x00, 0xFF, 0xFF, 0x00,
  0xFF, 0xFF, 0x00, 0xFF, 0xFF, 0x00, 0xFF, 0xFF, 0x00, 0xFF, 0xFF, 0x00, 0xFF, 0xFF, 0x00, 0xFF, 0xFF, 0x00,
  0xFF, 0xFF, 0x00, 0xFF, 0xFF, 0x00, 0xFF, 0xFF, 0x00, 0xFF, 0xFF, 0x00, 0xFF, 0xFF, 0x00, 0xFF, 0xFF, 0x00,
  0xFF, 0xFF, 0x00, 0xFF, 0xFF, 0x00, 0xFF, 0xFF, 0x00, 0xFF, 0xFF, 0x00, 0xFF, 0xDF, 0x03, 0xF7, 0x9E, 0x0B,
  0xFF, 0xDF, 0x05, 0xFF, 0xFF, 0x00, 0xFF, 0xFF, 0x00, 0xFF, 0xFF, 0x00, 0xFF, 0xFF, 0x00, 0xFF, 0xFF, 0x00,
  0xFF, 0xFF, 0x00, 0xFF, 0xFF, 0x00, 0xFF, 0xFF, 0x00, 0xFF, 0xFF, 0x00, 0xFF, 0xFF, 0x00, 0xFF, 0xFF, 0x00,
  0xFF, 0xFF, 0x00, 0xFF, 0xFF, 0x00, 0xFF, 0xFF, 0x00, 0xFF, 0xFF, 0x00, 0xFF, 0xFF, 0x00, 0xFF, 0xFF, 0x00,
  0xFF, 0xFF, 0x00, 0x94, 0xD3, 0x79, 0x19, 0x45, 0xFF, 0xA5, 0x55, 0x68, 0xFF, 0xFF, 0x00, 0x00, 0x00, 0x00,
  0x00, 0x00, 0x00, 0x00, 0x00, 0x00, 0x00, 0x00, 0x00, 0x00, 0x00, 0x00, 0x00, 0x00, 0x00, 0x00, 0x00, 0x00,
  0x00, 0x00, 0x00, 0x00, 0x00, 0x00, 0x00, 0x00, 0x00, 0x00, 0x00, 0x00, 0x00, 0x00, 0x00, 0x00, 0x00, 0x00,
  0x00, 0x00, 0x00, 0xFF, 0xFF, 0x00, 0xFF, 0xFF, 0x00, 0xFF, 0xFF, 0x00, 0xFF, 0xFF, 0x00, 0xFF, 0xFF, 0x00,
  0xFF, 0xFF, 0x00, 0xFF, 0xFF, 0x00, 0xFF, 0xFF, 0x00, 0xFF, 0xFF, 0x00, 0xFF, 0xFF, 0x00, 0xFF, 0xFF, 0x00,
  0xFF, 0xFF, 0x00, 0xFF, 0xFF, 0x00, 0xFF, 0xFF, 0x00, 0xFF, 0xFF, 0x00, 0xFF, 0xFF, 0x00, 0xFF, 0xFF, 0x00,
  0xFF, 0xFF, 0x00, 0xFF, 0xFF, 0x00, 0xBD, 0xF7, 0x48, 0x6B, 0xAE, 0xA0, 0x42, 0x8A, 0xD2, 0x3A, 0x49, 0xE2,
  0x42, 0x8A, 0xD7, 0x63, 0x8E, 0xA5, 0xC6, 0x38, 0x41, 0xFF, 0xFF, 0x00, 0xFF, 0xFF, 0x00, 0xFF, 0xFF, 0x00,
  0xFF, 0xFF, 0x00, 0xFF, 0xFF, 0x00, 0xFF, 0xFF, 0x00, 0xFF, 0xFF, 0x00, 0xFF, 0xFF, 0x00, 0xFF, 0xFF, 0x00,
  0xFF, 0xFF, 0x00, 0xFF, 0xFF, 0x00, 0xFF, 0xFF, 0x00, 0xFF, 0xFF, 0x00, 0xFF, 0xFF, 0x00, 0xE7, 0x5D, 0x14,
  0x6B, 0x8E, 0xAF, 0x21, 0x64, 0xFF, 0x6B, 0xAF, 0xA5, 0xFF, 0xFF, 0x00, 0xFF, 0xFF, 0x00, 0x00, 0x00, 0x00,
  0x00, 0x00, 0x00, 0x00, 0x00, 0x00, 0x00, 0x00, 0x00, 0x00, 0x00, 0x00, 0x00, 0x00, 0x00, 0x00, 0x00, 0x00,
  0x00, 0x00, 0x00, 0x00, 0x00, 0x00, 0x00, 0x00, 0x00, 0x00, 0x00, 0x00, 0x00, 0x00, 0x00, 0x00, 0x00, 0x00,
  0x00, 0x00, 0x00, 0xFF, 0xFF, 0x00, 0xFF, 0xFF, 0x00, 0xFF, 0xFF, 0x00, 0xFF, 0xFF, 0x00, 0xFF, 0xFF, 0x00,
  0xFF, 0xFF, 0x00, 0xFF, 0xFF, 0x00, 0xFF, 0xFF, 0x00, 0xFF, 0xFF, 0x00, 0xFF, 0xFF, 0x00, 0xFF, 0xFF, 0x00,
  0xEF, 0x5D, 0x15, 0xDE, 0xFB, 0x24, 0xEF, 0x5D, 0x15, 0xFF, 0xFF, 0x00, 0xFF, 0xFF, 0x00, 0xFF, 0xFF, 0x00,
  0xDE, 0xFB, 0x25, 0x52, 0xEC, 0xBA, 0x32, 0x08, 0xFF, 0x5B, 0x6D, 0xFF, 0x7C, 0x51, 0xFF, 0x8C, 0x92, 0xFF,
  0x84, 0x71, 0xFF, 0x63, 0x6D, 0xFF, 0x29, 0xC7, 0xFF, 0x84, 0x71, 0x85, 0xFF, 0xFF, 0x00, 0xFF, 0xFF, 0x00,
  0xFF, 0xFF, 0x00, 0xFF, 0xFF, 0x00, 0xFF, 0xFF, 0x00, 0xFF, 0xFF, 0x00, 0xFF, 0xFF, 0x00, 0xFF, 0xFF, 0x00,
  0xFF, 0xFF, 0x00, 0xFF, 0xFF, 0x00, 0xFF, 0xFF, 0x00, 0xFF, 0xFF, 0x00, 0xBE, 0x39, 0x3E, 0x52, 0xAA, 0xDC,
  0x83, 0x66, 0xFF, 0x52, 0xCA, 0xDD, 0xEF, 0x7E, 0x0F, 0xFF, 0xFF, 0x00, 0xFF, 0xFF, 0x00, 0x00, 0x00, 0x00,
  0x00, 0x00, 0x00, 0x00, 0x00, 0x00, 0x00, 0x00, 0x00, 0x00, 0x00, 0x00, 0x00, 0x00, 0x00, 0x00, 0x00, 0x00,
  0x00, 0x00, 0x00, 0x00, 0x00, 0x00, 0x00, 0x00, 0x00, 0x00, 0x00, 0x00, 0x00, 0x00, 0x00, 0x00, 0x00, 0x00,
  0x00, 0x00, 0x00, 0xFF, 0xFF, 0x00, 0xFF, 0xFF, 0x00, 0xFF, 0xFF, 0x00, 0xFF, 0xFF, 0x00, 0xFF, 0xFF, 0x00,
  0xFF, 0xFF, 0x00, 0xFF, 0xFF, 0x00, 0xFF, 0xFF, 0x00, 0xFF, 0xFF, 0x00, 0xBD, 0xF7, 0x4A, 0x5B, 0x2C, 0xB5,
  0x3A, 0x49, 0xEC, 0x3A, 0x29, 0xF9, 0x3A, 0x49, 0xEC, 0x5B, 0x2D, 0xB1, 0xD6, 0xBA, 0x2E, 0xD6, 0xBA, 0x30,
  0x32, 0x08, 0xE8, 0x5B, 0x4D, 0xFF, 0x9D, 0x34, 0xFF, 0xA5, 0x55, 0xFF, 0x9D, 0x34, 0xFF, 0x9D, 0x34, 0xFF,
  0x9D, 0x34, 0xFF, 0xA5, 0x55, 0xFF, 0x94, 0xD3, 0xFF, 0x29, 0xE8, 0xFF, 0x94, 0xF4, 0x70, 0xFF, 0xFF, 0x00,
  0xFF, 0xFF, 0x00, 0xF7, 0xBE, 0x07, 0xEF, 0x9E, 0x0E, 0xF7, 0xBE, 0x08, 0xFF, 0xFF, 0x00, 0xFF, 0xFF, 0x00,
  0xFF, 0xFF, 0x00, 0xFF, 0xFF, 0x00, 0xFF, 0xFF, 0x00, 0x8C, 0xB3, 0x74, 0x52, 0x87, 0xFA, 0xC5, 0x09, 0xFF,
  0x5A, 0xC7, 0xFC, 0xBE, 0x18, 0x42, 0xFF, 0xFF, 0x00, 0xFF, 0xFF, 0x00, 0xFF, 0xFF, 0x00, 0x00, 0x00, 0x00,
  0x00, 0x00, 0x00, 0x00, 0x00, 0x00, 0x00, 0x00, 0x00, 0x00, 0x00, 0x00, 0x00, 0x00, 0x00, 0x00, 0x00, 0x00,
  0x00, 0x00, 0x00, 0x00, 0x00, 0x00, 0x00, 0x00, 0x00, 0x00, 0x00, 0x00, 0x00, 0x00, 0x00, 0x00, 0x00, 0x00,
  0x00, 0x00, 0x00, 0xFF, 0xFF, 0x00, 0xFF, 0xFF, 0x00, 0xFF, 0xFF, 0x00, 0xFF, 0xFF, 0x00, 0xFF, 0xFF, 0x00,
  0xFF, 0xFF, 0x00, 0xFF, 0xFF, 0x00, 0xFF, 0xDF, 0x05, 0x6B, 0xAF, 0x9D, 0x31, 0xE8, 0xFF, 0x6B, 0xAE, 0xFF,
  0x8C, 0xD3, 0xFF, 0x94, 0xF3, 0xFF, 0x8C, 0xD3, 0xFF, 0x63, 0x6D, 0xFF, 0x31, 0xE8, 0xF3, 0x29, 0xE8, 0xEB,
  0x6B, 0xAF, 0xFF, 0xA5, 0x55, 0xFF, 0x9D, 0x34, 0xFF, 0x9D, 0x14, 0xFF, 0x9D, 0x14, 0xFF, 0x9D, 0x14, 0xFF,
  0x9D, 0x14, 0xFF, 0x9D, 0x14, 0xFF, 0x9D, 0x55, 0xFF, 0x84, 0x71, 0xFF, 0x32, 0x08, 0xEC, 0x94, 0xB3, 0x75,
  0x5B, 0x2D, 0xB4, 0x42, 0x6A, 0xDB, 0x3A, 0x49, 0xE6, 0x42, 0x6A, 0xDC, 0x5B, 0x2C, 0xB7, 0x9C, 0xF4, 0x6C,
  0xF7, 0x9E, 0x0F, 0xEF, 0x7E, 0x10, 0x63, 0x6E, 0xAC, 0x73, 0x27, 0xFF, 0xED, 0xEA, 0xFF, 0x83, 0x66, 0xFF,
  0x7C, 0x52, 0x85, 0xFF, 0xFF, 0x00, 0xFF, 0xFF, 0x00, 0xFF, 0xFF, 0x00, 0xFF, 0xFF, 0x00, 0x00, 0x00, 0x00,
  0x00, 0x00, 0x00, 0x00, 0x00, 0x00, 0x00, 0x00, 0x00, 0x00, 0x00, 0x00, 0x00, 0x00, 0x00, 0x00, 0x00, 0x00,
  0x00, 0x00, 0x00, 0x00, 0x00, 0x00, 0x00, 0x00, 0x00, 0x00, 0x00, 0x00, 0x00, 0x00, 0x00, 0x00, 0x00, 0x00,
  0x00, 0x00, 0x00, 0xFF, 0xFF, 0x00, 0xFF, 0xFF, 0x00, 0xFF, 0xFF, 0x00, 0xFF, 0xFF, 0x00, 0xFF, 0xFF, 0x00,
  0xFF, 0xFF, 0x00, 0xFF, 0xFF, 0x00, 0x63, 0x6D, 0xAD, 0x3A, 0x6A, 0xFF, 0x95, 0x14, 0xFF, 0x9D, 0x34, 0xFF,
  0x9D, 0x34, 0xFF, 0xAD, 0x96, 0xFF, 0xA5, 0x55, 0xFF, 0xA5, 0x55, 0xFF, 0x7C, 0x10, 0xFF, 0x63, 0x6D, 0xFF,
  0x9D, 0x55, 0xFF, 0x9D, 0x14, 0xFF, 0x9D, 0x14, 0xFF, 0x9D, 0x14, 0xFF, 0x9D, 0x14, 0xFF, 0x9D, 0x14, 0xFF,
  0x9D, 0x14, 0xFF, 0x9D, 0x14, 0xFF, 0x9D, 0x14, 0xFF, 0x9D, 0x55, 0xFF, 0x52, 0xEC, 0xFF, 0x3A, 0x49, 0xFF,
  0x6B, 0xCF, 0xFF, 0x84, 0x72, 0xFF, 0x8C, 0xB2, 0xFF, 0x84, 0x72, 0xFF, 0x6B, 0xCF, 0xFF, 0x42, 0x8A, 0xFF,
  0x32, 0x29, 0xE0, 0x4A, 0xAA, 0xDD, 0x9C, 0x28, 0xFF, 0xFE, 0x2A, 0xFF, 0xB4, 0x67, 0xFF, 0x52, 0xEB, 0xC6,
  0xFF, 0xDF, 0x02, 0xFF, 0xFF, 0x00, 0xFF, 0xFF, 0x00, 0xFF, 0xFF, 0x00, 0xFF, 0xFF, 0x00, 0x00, 0x00, 0x00,
  0x00, 0x00, 0x00, 0x00, 0x00, 0x00, 0x00, 0x00, 0x00, 0x00, 0x00, 0x00, 0x00, 0x00, 0x00, 0x00, 0x00, 0x00,
  0x00, 0x00, 0x00, 0x00, 0x00, 0x00, 0x00, 0x00, 0x00, 0x00, 0x00, 0x00, 0x00, 0x00, 0x00, 0x00, 0x00, 0x00,
  0x00, 0x00, 0x00, 0xFF, 0xFF, 0x00, 0xFF, 0xFF, 0x00, 0xFF, 0xFF, 0x00, 0xFF, 0xFF, 0x00, 0xFF, 0xFF, 0x00,
  0xFF, 0xFF, 0x00, 0x9D, 0x14, 0x6C, 0x32, 0x08, 0xFF, 0x9D, 0x34, 0xFF, 0x9D, 0x14, 0xFF, 0xAD, 0xB6, 0xFF,
  0xDE, 0xDB, 0xFF, 0xEF, 0x5D, 0xFF, 0xC6, 0x38, 0xFF, 0x95, 0x14, 0xFF, 0x9D, 0x34, 0xFF, 0x9D, 0x34, 0xFF,
  0x9D, 0x14, 0xFF, 0x9D, 0x14, 0xFF, 0x9D, 0x14, 0xFF, 0x9D, 0x14, 0xFF, 0x9D, 0x14, 0xFF, 0x9D, 0x14, 0xFF,
  0x9D, 0x14, 0xFF, 0x9D, 0x14, 0xFF, 0x9D, 0x14, 0xFF, 0x9D, 0x14, 0xFF, 0x9D, 0x14, 0xFF, 0x9D, 0x34, 0xFF,
  0x9D, 0x55, 0xFF, 0x9D, 0x34, 0xFF, 0x9D, 0x34, 0xFF, 0x9D, 0x34, 0xFF, 0xA5, 0x55, 0xFF, 0x63, 0x6E, 0xFF,
  0x4A, 0x67, 0xFF, 0xC5, 0x09, 0xFF, 0xF6, 0x0A, 0xFF, 0xD5, 0x28, 0xFF, 0x4A, 0x88, 0xEB, 0xD6, 0xDB, 0x29,
  0xFF, 0xFF, 0x00, 0xFF, 0xFF, 0x00, 0xFF, 0xFF, 0x00, 0xFF, 0xFF, 0x00, 0xFF, 0xFF, 0x00, 0x00, 0x00, 0x00,
  0x00, 0x00, 0x00, 0x00, 0x00, 0x00, 0x00, 0x00, 0x00, 0x00, 0x00, 0x00, 0x00, 0x00, 0x00, 0x00, 0x00, 0x00,
  0x00, 0x00, 0x00, 0x00, 0x00, 0x00, 0x00, 0x00, 0x00, 0x00, 0x00, 0x00, 0x00, 0x00, 0x00, 0x00, 0x00, 0x00,
  0x00, 0x00, 0x00, 0xFF, 0xFF, 0x00, 0xFF, 0xFF, 0x00, 0xFF, 0xFF, 0x00, 0xFF, 0xFF, 0x00, 0xFF, 0xFF, 0x00,
  0xF7, 0xDF, 0x07, 0x42, 0x6A, 0xDB, 0x7C, 0x30, 0xFF, 0x9D, 0x34, 0xFF, 0xB5, 0xB6, 0xFF, 0xE7, 0x1C, 0xFF,
  0xE7, 0x3C, 0xFF, 0xDE, 0xFB, 0xFF, 0xAD, 0x96, 0xFF, 0x9D, 0x14, 0xFF, 0x9D, 0x14, 0xFF, 0x9D, 0x14, 0xFF,
  0x9D, 0x14, 0xFF, 0x9D, 0x14, 0xFF, 0x9D, 0x14, 0xFF, 0x9D, 0x14, 0xFF, 0x9D, 0x14, 0xFF, 0x9D, 0x14, 0xFF,
  0x9D, 0x14, 0xFF, 0x9D, 0x14, 0xFF, 0x9D, 0x14, 0xFF, 0x9D, 0x14, 0xFF, 0x9D, 0x34, 0xFF, 0x9D, 0x14, 0xFF,
  0x9D, 0x14, 0xFF, 0x9D, 0x14, 0xFF, 0x9D, 0x14, 0xFF, 0x9D, 0x55, 0xFF, 0x53, 0x0D, 0xFF, 0x5A, 0xA6, 0xFF,
  0xED, 0xEA, 0xFF, 0xED, 0xEA, 0xFF, 0xED, 0xA9, 0xFF, 0x73, 0x26, 0xFF, 0x6B, 0xD0, 0x93, 0xFF, 0xFF, 0x00,
  0xFF, 0xFF, 0x00, 0xFF, 0xFF, 0x00, 0xFF, 0xFF, 0x00, 0xFF, 0xFF, 0x00, 0xFF, 0xFF, 0x00, 0x00, 0x00, 0x00,
  0x00, 0x00, 0x00, 0x00, 0x00, 0x00, 0x00, 0x00, 0x00, 0x00, 0x00, 0x00, 0x00, 0x00, 0x00, 0x00, 0x00, 0x00,
  0x00, 0x00, 0x00, 0x00, 0x00, 0x00, 0x00, 0x00, 0x00, 0x00, 0x00, 0x00, 0x00, 0x00, 0x00, 0x00, 0x00, 0x00,
  0x00, 0x00, 0x00, 0xFF, 0xFF, 0x00, 0xFF, 0xFF, 0x00, 0xFF, 0xFF, 0x00, 0xFF, 0xFF, 0x00, 0xFF, 0xFF, 0x00,
  0xCE, 0x9A, 0x34, 0x32, 0x29, 0xFF, 0x9D, 0x14, 0xFF, 0x9D, 0x34, 0xFF, 0xDE, 0xDB, 0xFF, 0xE7, 0x3C, 0xFF,
  0xD6, 0xBA, 0xFF, 0xA5, 0x55, 0xFF, 0x95, 0x14, 0xFF, 0x9D, 0x14, 0xFF, 0x9D, 0x14, 0xFF, 0x9D, 0x14, 0xFF,
  0x9D, 0x14, 0xFF, 0x9D, 0x14, 0xFF, 0x9D, 0x14, 0xFF, 0x9D, 0x14, 0xFF, 0x9D, 0x14, 0xFF, 0x9D, 0x14, 0xFF,
  0x9D, 0x14, 0xFF, 0x9D, 0x14, 0xFF, 0x9D, 0x14, 0xFF, 0x9D, 0x14, 0xFF, 0x9D, 0x14, 0xFF, 0x9D, 0x14, 0xFF,
  0x9D, 0x14, 0xFF, 0x9D, 0x14, 0xFF, 0x9D, 0x14, 0xFF, 0x9D, 0x34, 0xFF, 0x7C, 0x51, 0xFF, 0x4A, 0x68, 0xFF,
  0xCD, 0x09, 0xFF, 0xEE, 0x0A, 0xFF, 0xE5, 0x89, 0xFF, 0xC4, 0xC7, 0xFF, 0x5A, 0xA7, 0xF4, 0x8C, 0xD4, 0x74,
  0xFF, 0xFF, 0x00, 0xFF, 0xFF, 0x00, 0xFF, 0xFF, 0x00, 0xFF, 0xFF, 0x00, 0xFF, 0xFF, 0x00, 0x00, 0x00, 0x00,
  0x00, 0x00, 0x00, 0x00, 0x00, 0x00, 0x00, 0x00, 0x00, 0x00, 0x00, 0x00, 0x00, 0x00, 0x00, 0x00, 0x00, 0x00,
  0x00, 0x00, 0x00, 0x00, 0x00, 0x00, 0x00, 0x00, 0x00, 0x00, 0x00, 0x00, 0x00, 0x00, 0x00, 0x00, 0x00, 0x00,
  0x00, 0x00, 0x00, 0xFF, 0xFF, 0x00, 0xFF, 0xFF, 0x00, 0xFF, 0xFF, 0x00, 0xFF, 0xFF, 0x00, 0xFF, 0xFF, 0x00,
  0xAD, 0xB6, 0x55, 0x42, 0x8A, 0xFF, 0x9D, 0x34, 0xFF, 0xAD, 0xB6, 0xFF, 0xE7, 0x3C, 0xFF, 0xE7, 0x1C, 0xFF,
  0xA5, 0x75, 0xFF, 0x95, 0x14, 0xFF, 0x9D, 0x14, 0xFF, 0x9D, 0x14, 0xFF, 0x9D, 0x14, 0xFF, 0x9D, 0x14, 0xFF,
  0x9D, 0x34, 0xFF, 0x9D, 0x34, 0xFF, 0x9D, 0x14, 0xFF, 0x9D, 0x14, 0xFF, 0x9D, 0x14, 0xFF, 0x9D, 0x14, 0xFF,
  0x9D, 0x14, 0xFF, 0x9D, 0x14, 0xFF, 0x9D, 0x34, 0xFF, 0x9D, 0x34, 0xFF, 0x9D, 0x14, 0xFF, 0x9D, 0x14, 0xFF,
  0x9D, 0x14, 0xFF, 0x9D, 0x14, 0xFF, 0x9D, 0x14, 0xFF, 0x9D, 0x14, 0xFF, 0xA5, 0x55, 0xFF, 0x7C, 0x31, 0xFF,
  0x42, 0x48, 0xFF, 0xCD, 0x29, 0xFF, 0xED, 0xEA, 0xFF, 0xE5, 0x89, 0xFF, 0xDD, 0x27, 0xFF, 0x62, 0xC6, 0xFF,
  0x6B, 0xD0, 0x9B, 0xFF, 0xDF, 0x04, 0xFF, 0xFF, 0x00, 0xFF, 0xFF, 0x00, 0xFF, 0xFF, 0x00, 0x00, 0x00, 0x00,
  0x00, 0x00, 0x00, 0x00, 0x00, 0x00, 0x00, 0x00, 0x00, 0x00, 0x00, 0x00, 0x00, 0x00, 0x00, 0x00, 0x00, 0x00,
  0x00, 0x00, 0x00, 0x00, 0x00, 0x00, 0x00, 0x00, 0x00, 0x00, 0x00, 0x00, 0x00, 0x00, 0x00, 0x00, 0x00, 0x00,
  0x00, 0x00, 0x00, 0xFF, 0xFF, 0x00, 0xFF, 0xFF, 0x00, 0xFF, 0xFF, 0x00, 0xFF, 0xFF, 0x00, 0xFF, 0xFF, 0x00,
  0xB5, 0xD7, 0x50, 0x42, 0x8A, 0xFF, 0x9D, 0x34, 0xFF, 0xAD, 0xB6, 0xFF, 0xE7, 0x3C, 0xFF, 0xD6, 0xBA, 0xFF,
  0x9D, 0x14, 0xFF, 0x9D, 0x14, 0xFF, 0x9D, 0x14, 0xFF, 0x9D, 0x14, 0xFF, 0x9D, 0x14, 0xFF, 0x9D, 0x34, 0xFF,
  0x84, 0x71, 0xFF, 0x94, 0xF3, 0xFF, 0x9D, 0x34, 0xFF, 0x9D, 0x14, 0xFF, 0x9D, 0x14, 0xFF, 0x9D, 0x14, 0xFF,
  0x9D, 0x14, 0xFF, 0x9D, 0x34, 0xFF, 0x8C, 0xB2, 0xFF, 0x8C, 0xB2, 0xFF, 0x9D, 0x34, 0xFF, 0x9D, 0x14, 0xFF,
  0x9D, 0x14, 0xFF, 0x9D, 0x14, 0xFF, 0x9D, 0x14, 0xFF, 0x9D, 0x14, 0xFF, 0x9D, 0x14, 0xFF, 0xA5, 0x55, 0xFF,
  0x74, 0x10, 0xFF, 0x42, 0x67, 0xFF, 0xD5, 0x6A, 0xFF, 0xED, 0xEA, 0xFF, 0xE5, 0x68, 0xFF, 0xE5, 0x47, 0xFF,
  0x83, 0x46, 0xFF, 0x53, 0x0C, 0xBF, 0xE7, 0x3D, 0x18, 0xFF, 0xFF, 0x00, 0xFF, 0xFF, 0x00, 0x00, 0x00, 0x00,
  0x00, 0x00, 0x00, 0x00, 0x00, 0x00, 0x00, 0x00, 0x00, 0x00, 0x00, 0x00, 0x00, 0x00, 0x00, 0x00, 0x00, 0x00,
  0x00, 0x00, 0x00, 0x00, 0x00, 0x00, 0x00, 0x00, 0x00, 0x00, 0x00, 0x00, 0x00, 0x00, 0x00, 0x00, 0x00, 0x00,
  0x00, 0x00, 0x00, 0xFF, 0xFF, 0x00, 0xFF, 0xFF, 0x00, 0xFF, 0xFF, 0x00, 0xE7, 0x5D, 0x18, 0xB5, 0xB6, 0x51,
  0x63, 0x8E, 0x9E, 0x3A, 0x29, 0xFF, 0x9D, 0x34, 0xFF, 0x9D, 0x34, 0xFF, 0xAD, 0xB6, 0xFF, 0xA5, 0x75, 0xFF,
  0x9D, 0x14, 0xFF, 0x9D, 0x14, 0xFF, 0x9D, 0x14, 0xFF, 0x9D, 0x14, 0xFF, 0x9D, 0x14, 0xFF, 0xA5, 0x55, 0xFF,
  0x6B, 0x8E, 0xFF, 0x39, 0xE7, 0xFF, 0x94, 0xD3, 0xFF, 0x9D, 0x34, 0xFF, 0x9D, 0x14, 0xFF, 0x9D, 0x14, 0xFF,
  0x9D, 0x34, 0xFF, 0x84, 0x51, 0xFF, 0x31, 0xC7, 0xFF, 0x84, 0x51, 0xFF, 0x9D, 0x34, 0xFF, 0x9D, 0x14, 0xFF,
  0x9D, 0x14, 0xFF, 0x9D, 0x14, 0xFF, 0x9D, 0x14, 0xFF, 0x9D, 0x14, 0xFF, 0x9D, 0x14, 0xFF, 0x9D, 0x14, 0xFF,
  0xA5, 0x55, 0xFF, 0x6B, 0xF0, 0xFF, 0x52, 0x88, 0xFF, 0xD5, 0x6A, 0xFF, 0xED, 0xCA, 0xFF, 0xDD, 0x68, 0xFF,
  0xE5, 0x68, 0xFF, 0x9B, 0xE6, 0xFF, 0x4A, 0x89, 0xDD, 0xC6, 0x7A, 0x35, 0xFF, 0xFF, 0x00, 0x00, 0x00, 0x00,
  0x00, 0x00, 0x00, 0x00, 0x00, 0x00, 0x00, 0x00, 0x00, 0x00, 0x00, 0x00, 0x00, 0x00, 0x00, 0x00, 0x00, 0x00,
  0x00, 0x00, 0x00, 0x00, 0x00, 0x00, 0x00, 0x00, 0x00, 0x00, 0x00, 0x00, 0x00, 0x00, 0x00, 0x00, 0x00, 0x00,
  0x00, 0x00, 0x00, 0xFF, 0xFF, 0x00, 0xFF, 0xFF, 0x00, 0x94, 0xD3, 0x77, 0x32, 0x08, 0xEA, 0x3A, 0x69, 0xFF,
  0x52, 0xEC, 0xFF, 0x6B, 0xAE, 0xFF, 0x9D, 0x14, 0xFF, 0x9D, 0x14, 0xFF, 0x95, 0x14, 0xFF, 0x9D, 0x14, 0xFF,
  0x9D, 0x14, 0xFF, 0x9D, 0x14, 0xFF, 0x9D, 0x14, 0xFF, 0x9D, 0x14, 0xFF, 0x9D, 0x34, 0xFF, 0x94, 0xD3, 0xFF,
  0x31, 0xC7, 0xFF, 0x4A, 0x69, 0xFF, 0x94, 0xF3, 0xFF, 0x9D, 0x34, 0xFF, 0x9D, 0x14, 0xFF, 0x9D, 0x14, 0xFF,
  0x9D, 0x34, 0xFF, 0x94, 0xD3, 0xFF, 0x31, 0xA6, 0xFF, 0x4A, 0x89, 0xFF, 0x9D, 0x14, 0xFF, 0x9D, 0x34, 0xFF,
  0x9D, 0x14, 0xFF, 0x9D, 0x14, 0xFF, 0x9D, 0x14, 0xFF, 0x9D, 0x14, 0xFF, 0x9D, 0x14, 0xFF, 0x9D, 0x14, 0xFF,
  0x9D, 0x14, 0xFF, 0xA5, 0x55, 0xFF, 0x3A, 0x6B, 0xFF, 0xA4, 0x48, 0xFF, 0xEE, 0x0A, 0xFF, 0xE5, 0xCA, 0xFF,
  0xDD, 0x48, 0xFF, 0xE5, 0x68, 0xFF, 0xBC, 0x87, 0xFF, 0x52, 0x87, 0xF3, 0xA5, 0x76, 0x5F, 0x00, 0x00, 0x00,
  0x00, 0x00, 0x00, 0x00, 0x00, 0x00, 0x00, 0x00, 0x00, 0x00, 0x00, 0x00, 0x00, 0x00, 0x00, 0x00, 0x00, 0x00,
  0x00, 0x00, 0x00, 0x00, 0x00, 0x00, 0x00, 0x00, 0x00, 0x00, 0x00, 0x00, 0x00, 0x00, 0x00, 0x00, 0x00, 0x00,
  0x00, 0x00, 0x00, 0xFF, 0xFF, 0x00, 0x73, 0xF0, 0x98, 0x32, 0x08, 0xFF, 0x84, 0x72, 0xFF, 0x9D, 0x55, 0xFF,
  0xA5, 0x55, 0xFF, 0x9D, 0x34, 0xFF, 0xA5, 0x75, 0xFF, 0xB5, 0xB6, 0xFF, 0x9D, 0x14, 0xFF, 0x9D, 0x14, 0xFF,
  0x9D, 0x14, 0xFF, 0x9D, 0x14, 0xFF, 0x9D, 0x14, 0xFF, 0x9D, 0x14, 0xFF, 0x9D, 0x34, 0xFF, 0x8C, 0xB2, 0xFF,
  0x10, 0xA2, 0xFF, 0x4A, 0x8A, 0xFF, 0x9D, 0x55, 0xFF, 0x9D, 0x14, 0xFF, 0x9D, 0x14, 0xFF, 0x9D, 0x14, 0xFF,
  0x9D, 0x14, 0xFF, 0x9D, 0x55, 0xFF, 0x31, 0xA6, 0xFF, 0x21, 0x45, 0xFF, 0x94, 0xF3, 0xFF, 0x9D, 0x34, 0xFF,
  0x9D, 0x14, 0xFF, 0x9D, 0x14, 0xFF, 0x9D, 0x14, 0xFF, 0x9D, 0x14, 0xFF, 0x9D, 0x14, 0xFF, 0x9D, 0x14, 0xFF,
  0x9D, 0x55, 0xFF, 0x74, 0x10, 0xFF, 0x5A, 0xC7, 0xFF, 0xE5, 0xCA, 0xFF, 0xED, 0xCA, 0xFF, 0xED, 0xCA, 0xFF,
  0xE5, 0xAA, 0xFF, 0xDD, 0x48, 0xFF, 0xED, 0x88, 0xFF, 0x7B, 0x25, 0xFF, 0x4A, 0xAB, 0xC8, 0x00, 0x00, 0x00,
  0x00, 0x00, 0x00, 0x00, 0x00, 0x00, 0x00, 0x00, 0x00, 0x00, 0x00, 0x00, 0x00, 0x00, 0x00, 0x00, 0x00, 0x00,
  0x00, 0x00, 0x00, 0x00, 0x00, 0x00, 0x00, 0x00, 0x00, 0x00, 0x00, 0x00, 0x00, 0x00, 0x00, 0x00, 0x00, 0x00,
  0x00, 0x00, 0x00, 0xAD, 0x96, 0x5A, 0x29, 0xE8, 0xFF, 0x94, 0xF3, 0xFF, 0x9D, 0x34, 0xFF, 0x9D, 0x14, 0xFF,
  0x9D, 0x14, 0xFF, 0x9D, 0x14, 0xFF, 0xAD, 0x96, 0xFF, 0xBE, 0x18, 0xFF, 0x9D, 0x14, 0xFF, 0x9D, 0x14, 0xFF,
  0x9D, 0x14, 0xFF, 0x9D, 0x14, 0xFF, 0x9D, 0x14, 0xFF, 0x95, 0x14, 0xFF, 0x95, 0x14, 0xFF, 0x9D, 0x34, 0xFF,
  0x94, 0xD3, 0xFF, 0x94, 0xF3, 0xFF, 0x9D, 0x34, 0xFF, 0x9D, 0x14, 0xFF, 0x9D, 0x34, 0xFF, 0x9D, 0x34, 0xFF,
  0x9D, 0x14, 0xFF, 0x9D, 0x34, 0xFF, 0x94, 0xF3, 0xFF, 0x94, 0xD3, 0xFF, 0x9D, 0x34, 0xFF, 0x95, 0x14, 0xFF,
  0x95, 0x14, 0xFF, 0x9D, 0x14, 0xFF, 0x9D, 0x14, 0xFF, 0x9D, 0x14, 0xFF, 0x9D, 0x14, 0xFF, 0x9D, 0x34, 0xFF,
  0x94, 0xF4, 0xFF, 0x42, 0x69, 0xFF, 0xC5, 0x09, 0xFF, 0xED, 0xEA, 0xFF, 0xE5, 0xCA, 0xFF, 0xE5, 0xCA, 0xFF,
  0xE5, 0x68, 0xFF, 0xDD, 0x47, 0xFF, 0x6A, 0xE6, 0xFF, 0x63, 0x8E, 0xA6, 0xF7, 0xBE, 0x0B, 0x00, 0x00, 0x00,
  0x00, 0x00, 0x00, 0x00, 0x00, 0x00, 0x00, 0x00, 0x00, 0x00, 0x00, 0x00, 0x00, 0x00, 0x00, 0x00, 0x00, 0x00,
  0x00, 0x00, 0x00, 0x00, 0x00, 0x00, 0x00, 0x00, 0x00, 0x00, 0x00, 0x00, 0x00, 0x00, 0x00, 0x00, 0x00, 0x00,
  0x00, 0x00, 0x00, 0x52, 0xEC, 0xC1, 0x73, 0xCF, 0xFF, 0xA5, 0x55, 0xFF, 0x9D, 0x14, 0xFF, 0x9D, 0x14, 0xFF,
  0x9D, 0x14, 0xFF, 0x9D, 0x14, 0xFF, 0x9D, 0x14, 0xFF, 0x9D, 0x14, 0xFF, 0x9D, 0x14, 0xFF, 0x9D, 0x14, 0xFF,
  0x9D, 0x14, 0xFF, 0x9D, 0x14, 0xFF, 0x9D, 0x14, 0xFF, 0xB5, 0x56, 0xFF, 0xCD, 0x98, 0xFF, 0xA5, 0x34, 0xFF,
  0x9D, 0x34, 0xFF, 0x9D, 0x34, 0xFF, 0x9D, 0x14, 0xFF, 0x9D, 0x34, 0xFF, 0x84, 0x71, 0xFF, 0x8C, 0x92, 0xFF,
  0x9D, 0x34, 0xFF, 0x9D, 0x14, 0xFF, 0x9D, 0x34, 0xFF, 0x9D, 0x34, 0xFF, 0xA5, 0x34, 0xFF, 0xCD, 0x98, 0xFF,
  0xB5, 0x56, 0xFF, 0x9D, 0x14, 0xFF, 0x9D, 0x14, 0xFF, 0x9D, 0x14, 0xFF, 0x9D, 0x14, 0xFF, 0xA5, 0x55, 0xFF,
  0x53, 0x2D, 0xFF, 0x83, 0x88, 0xFF, 0xF6, 0x0A, 0xFF, 0xE5, 0xCA, 0xFF, 0xE5, 0xCA, 0xFF, 0xE5, 0x88, 0xFF,
  0xCC, 0xE7, 0xFF, 0x52, 0x46, 0xFF, 0x7C, 0x52, 0x87, 0xFF, 0xFF, 0x00, 0xFF, 0xFF, 0x00, 0x00, 0x00, 0x00,
  0x00, 0x00, 0x00, 0x00, 0x00, 0x00, 0x00, 0x00, 0x00, 0x00, 0x00, 0x00, 0x00, 0x00, 0x00, 0x00, 0x00, 0x00,
  0x00, 0x00, 0x00, 0x00, 0x00, 0x00, 0x00, 0x00, 0x00, 0x00, 0x00, 0x00, 0x00, 0x00, 0x00, 0x00, 0x00, 0x00,
  0x00, 0x00, 0x00, 0x3A, 0x6A, 0xE5, 0x8C, 0xB2, 0xFF, 0x9D, 0x34, 0xFF, 0x9D, 0x14, 0xFF, 0x9D, 0x14, 0xFF,
  0x9D, 0x14, 0xFF, 0x9D, 0x14, 0xFF, 0x9D, 0x14, 0xFF, 0x9D, 0x14, 0xFF, 0x9D, 0x14, 0xFF, 0x9D, 0x14, 0xFF,
  0x9D, 0x14, 0xFF, 0x9D, 0x14, 0xFF, 0x9D, 0x14, 0xFF, 0xDD, 0xB9, 0xFF, 0xFD, 0xFB, 0xFF, 0xAD, 0x56, 0xFF,
  0x95, 0x14, 0xFF, 0x9D, 0x14, 0xFF, 0x9D, 0x34, 0xFF, 0x52, 0xAA, 0xFF, 0x39, 0xE7, 0xFF, 0x39, 0xE7, 0xFF,
  0x6B, 0x8E, 0xFF, 0x9D, 0x55, 0xFF, 0x9D, 0x14, 0xFF, 0x95, 0x14, 0xFF, 0xB5, 0x56, 0xFF, 0xFD, 0xFB, 0xFF,
  0xD5, 0xB8, 0xFF, 0x95, 0x14, 0xFF, 0x9D, 0x14, 0xFF, 0x9D, 0x14, 0xFF, 0x9D, 0x34, 0xFF, 0x7C, 0x52, 0xFF,
  0x4A, 0x87, 0xFF, 0xE5, 0xAA, 0xFF, 0xED, 0xEA, 0xFF, 0xE5, 0xCA, 0xFF, 0xED, 0x88, 0xFF, 0xBC, 0x67, 0xFF,
  0x4A, 0x67, 0xFF, 0x29, 0xC8, 0xFF, 0x94, 0xF4, 0x74, 0xFF, 0xFF, 0x00, 0xFF, 0xFF, 0x00, 0x00, 0x00, 0x00,
  0x00, 0x00, 0x00, 0x00, 0x00, 0x00, 0x00, 0x00, 0x00, 0x00, 0x00, 0x00, 0x00, 0x00, 0x00, 0x00, 0x00, 0x00,
  0x00, 0x00, 0x00, 0x00, 0x00, 0x00, 0x00, 0x00, 0x00, 0x00, 0x00, 0x00, 0x00, 0x00, 0x00, 0x00, 0x00, 0x00,
  0x00, 0x00, 0x00, 0x3A, 0x6A, 0xE6, 0x8C, 0xB2, 0xFF, 0x9D, 0x34, 0xFF, 0x9D, 0x14, 0xFF, 0x9D, 0x14, 0xFF,
  0x9D, 0x14, 0xFF, 0x9D, 0x14, 0xFF, 0x9D, 0x14, 0xFF, 0x9D, 0x14, 0xFF, 0x9D, 0x14, 0xFF, 0x9D, 0x14, 0xFF,
  0x9D, 0x14, 0xFF, 0x9D, 0x14, 0xFF, 0x9D, 0x14, 0xFF, 0xA5, 0x35, 0xFF, 0xAD, 0x55, 0xFF, 0x9D, 0x14, 0xFF,
  0x9D, 0x14, 0xFF, 0x9D, 0x14, 0xFF, 0x9D, 0x14, 0xFF, 0x7C, 0x30, 0xFF, 0x9D, 0x34, 0xFF, 0x9D, 0x14, 0xFF,
  0x94, 0xD3, 0xFF, 0x9D, 0x34, 0xFF, 0x9D, 0x14, 0xFF, 0x9D, 0x14, 0xFF, 0x9D, 0x34, 0xFF, 0xAD, 0x55, 0xFF,
  0xA5, 0x34, 0xFF, 0x9D, 0x14, 0xFF, 0x9D, 0x14, 0xFF, 0x9D, 0x34, 0xFF, 0x9D, 0x34, 0xFF, 0x42, 0x6A, 0xFF,
  0xB4, 0xA9, 0xFF, 0xEE, 0x0A, 0xFF, 0xED, 0xCA, 0xFF, 0xED, 0x88, 0xFF, 0x9B, 0xE6, 0xFF, 0x3A, 0x28, 0xFF,
  0x74, 0x10, 0xFF, 0x6B, 0xCF, 0xFF, 0x52, 0xEC, 0xC4, 0xFF, 0xFF, 0x00, 0xFF, 0xFF, 0x00, 0x00, 0x00, 0x00,
  0x00, 0x00, 0x00, 0x00, 0x00, 0x00, 0x00, 0x00, 0x00, 0x00, 0x00, 0x00, 0x00, 0x00, 0x00, 0x00, 0x00, 0x00,
  0x00, 0x00, 0x00, 0x00, 0x00, 0x00, 0x00, 0x00, 0x00, 0x00, 0x00, 0x00, 0x00, 0x00, 0x00, 0x00, 0x00, 0x00,
  0x00, 0x00, 0x00, 0x4A, 0xCB, 0xCC, 0x7C, 0x30, 0xFF, 0x9D, 0x34, 0xFF, 0x9D, 0x14, 0xFF, 0x9D, 0x14, 0xFF,
  0x9D, 0x14, 0xFF, 0x9D, 0x14, 0xFF, 0x9D, 0x14, 0xFF, 0x9D, 0x14, 0xFF, 0x9D, 0x14, 0xFF, 0x9D, 0x55, 0xFF,
  0x9D, 0x34, 0xFF, 0x9D, 0x14, 0xFF, 0x9D, 0x14, 0xFF, 0x9D, 0x14, 0xFF, 0x95, 0x14, 0xFF, 0x9D, 0x14, 0xFF,
  0x9D, 0x14, 0xFF, 0x9D, 0x14, 0xFF, 0x9D, 0x14, 0xFF, 0x9D, 0x34, 0xFF, 0x9D, 0x14, 0xFF, 0x9D, 0x34, 0xFF,
  0x9D, 0x34, 0xFF, 0x9D, 0x14, 0xFF, 0x9D, 0x14, 0xFF, 0x9D, 0x14, 0xFF, 0x9D, 0x14, 0xFF, 0x95, 0x14, 0xFF,
  0x9D, 0x14, 0xFF, 0x9D, 0x14, 0xFF, 0x9D, 0x14, 0xFF, 0xA5, 0x55, 0xFF, 0x63, 0x6E, 0xFF, 0x73, 0x27, 0xFF,
  0xF6, 0x0A, 0xFF, 0xED, 0xEA, 0xFF, 0xE5, 0x88, 0xFF, 0x7B, 0x46, 0xFF, 0x3A, 0x4A, 0xFF, 0x7C, 0x51, 0xFF,
  0x8C, 0xD3, 0xFF, 0x74, 0x10, 0xFF, 0x42, 0x6A, 0xDF, 0xF7, 0xBE, 0x09, 0xFF, 0xFF, 0x00, 0x00, 0x00, 0x00,
  0x00, 0x00, 0x00, 0x00, 0x00, 0x00, 0x00, 0x00, 0x00, 0x00, 0x00, 0x00, 0x00, 0x00, 0x00, 0x00, 0x00, 0x00,
  0x00, 0x00, 0x00, 0x00, 0x00, 0x00, 0x00, 0x00, 0x00, 0x00, 0x00, 0x00, 0x00, 0x00, 0x00, 0x00, 0x00, 0x00,
  0x00, 0x00, 0x00, 0x84, 0x72, 0x81, 0x42, 0xAA, 0xFF, 0xA5, 0x55, 0xFF, 0x9D, 0x14, 0xFF, 0x9D, 0x14, 0xFF,
  0x9D, 0x14, 0xFF, 0x9D, 0x14, 0xFF, 0x9D, 0x14, 0xFF, 0x9D, 0x34, 0xFF, 0x9D, 0x34, 0xFF, 0x63, 0x8E, 0xFF,
  0x7C, 0x10, 0xFF, 0x9D, 0x34, 0xFF, 0x9D, 0x14, 0xFF, 0x9D, 0x14, 0xFF, 0x9D, 0x14, 0xFF, 0x9D, 0x14, 0xFF,
  0x9D, 0x14, 0xFF, 0x9D, 0x14, 0xFF, 0x9D, 0x14, 0xFF, 0x9D, 0x14, 0xFF, 0x9D, 0x14, 0xFF, 0x9D, 0x14, 0xFF,
  0x9D, 0x14, 0xFF, 0x9D, 0x14, 0xFF, 0x9D, 0x14, 0xFF, 0x9D, 0x14, 0xFF, 0x9D, 0x14, 0xFF, 0x9D, 0x14, 0xFF,
  0x9D, 0x14, 0xFF, 0x9D, 0x14, 0xFF, 0x9D, 0x34, 0xFF, 0x8C, 0xB2, 0xFF, 0x42, 0x68, 0xFF, 0xDD, 0x8A, 0xFF,
  0xF6, 0x0A, 0xFF, 0xD5, 0x48, 0xFF, 0x62, 0xA6, 0xFF, 0x42, 0xAB, 0xFF, 0x84, 0x92, 0xFF, 0x8C, 0xB2, 0xFF,
  0x84, 0xB2, 0xFF, 0x74, 0x10, 0xFF, 0x42, 0x6A, 0xE1, 0xF7, 0xBE, 0x0A, 0xFF, 0xFF, 0x00, 0x00, 0x00, 0x00,
  0x00, 0x00, 0x00, 0x00, 0x00, 0x00, 0x00, 0x00, 0x00, 0x00, 0x00, 0x00, 0x00, 0x00, 0x00, 0x00, 0x00, 0x00,
  0x00, 0x00, 0x00, 0x00, 0x00, 0x00, 0x00, 0x00, 0x00, 0x00, 0x00, 0x00, 0x00, 0x00, 0x00, 0x00, 0x00, 0x00,
  0x00, 0x00, 0x00, 0xEF, 0x7D, 0x13, 0x3A, 0x29, 0xE0, 0x6B, 0xAE, 0xFF, 0xA5, 0x55, 0xFF, 0x9D, 0x34, 0xFF,
  0x9D, 0x14, 0xFF, 0x9D, 0x14, 0xFF, 0x9D, 0x54, 0xFF, 0x94, 0xF3, 0xFF, 0x4A, 0xCB, 0xFF, 0x21, 0x86, 0xFF,
  0x84, 0x51, 0xFF, 0x9D, 0x34, 0xFF, 0x9D, 0x14, 0xFF, 0x9D, 0x14, 0xFF, 0x9D, 0x14, 0xFF, 0x9D, 0x14, 0xFF,
  0x9D, 0x14, 0xFF, 0x9D, 0x14, 0xFF, 0x9D, 0x14, 0xFF, 0x9D, 0x14, 0xFF, 0x9D, 0x14, 0xFF, 0x9D, 0x14, 0xFF,
  0x9D, 0x14, 0xFF, 0x9D, 0x14, 0xFF, 0x9D, 0x14, 0xFF, 0x9D, 0x14, 0xFF, 0x9D, 0x14, 0xFF, 0x9D, 0x14, 0xFF,
  0x9D, 0x14, 0xFF, 0x9D, 0x14, 0xFF, 0x9D, 0x34, 0xFF, 0x42, 0xAB, 0xFF, 0xA4, 0x48, 0xFF, 0xFE, 0x2A, 0xFF,
  0xC4, 0xC8, 0xFF, 0x4A, 0x47, 0xFF, 0x53, 0x2D, 0xFF, 0x8C, 0xB2, 0xFF, 0x84, 0x92, 0xFF, 0x84, 0x92, 0xFF,
  0x8C, 0xB2, 0xFF, 0x6B, 0xCF, 0xFF, 0x4A, 0xCB, 0xCD, 0xFF, 0xFF, 0x00, 0xFF, 0xFF, 0x00, 0x00, 0x00, 0x00,
  0x00, 0x00, 0x00, 0x00, 0x00, 0x00, 0x00, 0x00, 0x00, 0x00, 0x00, 0x00, 0x00, 0x00, 0x00, 0x00, 0x00, 0x00,
  0x00, 0x00, 0x00, 0x00, 0x00, 0x00, 0x00, 0x00, 0x00, 0x00, 0x00, 0x00, 0x00, 0x00, 0x00, 0x00, 0x00, 0x00,
  0x00, 0x00, 0x00, 0xFF, 0xFF, 0x00, 0xCE, 0x9A, 0x33, 0x32, 0x08, 0xE4, 0x53, 0x0C, 0xFF, 0x94, 0xF3, 0xFF,
  0x9D, 0x34, 0xFF, 0xA5, 0x55, 0xFF, 0x84, 0x51, 0xFF, 0x32, 0x08, 0xFF, 0x11, 0x25, 0xFF, 0x6B, 0x8E, 0xFF,
  0xA5, 0x55, 0xFF, 0x9D, 0x14, 0xFF, 0x9D, 0x14, 0xFF, 0x9D, 0x14, 0xFF, 0x9D, 0x14, 0xFF, 0x9D, 0x14, 0xFF,
  0x9D, 0x14, 0xFF, 0x9D, 0x14, 0xFF, 0x9D, 0x14, 0xFF, 0x9D, 0x14, 0xFF, 0x9D, 0x14, 0xFF, 0x9D, 0x14, 0xFF,
  0x9D, 0x14, 0xFF, 0x9D, 0x14, 0xFF, 0x9D, 0x14, 0xFF, 0x9D, 0x14, 0xFF, 0x9D, 0x14, 0xFF, 0x9D, 0x14, 0xFF,
  0x9D, 0x14, 0xFF, 0xA5, 0x55, 0xFF, 0x6B, 0xD0, 0xFF, 0x62, 0xE7, 0xFF, 0xF6, 0x2A, 0xFF, 0xAC, 0x48, 0xFF,
  0x3A, 0x27, 0xFF, 0x63, 0xAF, 0xFF, 0x8C, 0xB3, 0xFF, 0x84, 0x92, 0xFF, 0x84, 0x92, 0xFF, 0x84, 0x92, 0xFF,
  0x8C, 0xD3, 0xFF, 0x4A, 0xCB, 0xFF, 0x74, 0x10, 0x94, 0xFF, 0xFF, 0x00, 0xFF, 0xFF, 0x00, 0x00, 0x00, 0x00,
  0x00, 0x00, 0x00, 0x00, 0x00, 0x00, 0x00, 0x00, 0x00, 0x00, 0x00, 0x00, 0x00, 0x00, 0x00, 0x00, 0x00, 0x00,
  0x00, 0x00, 0x00, 0x00, 0x00, 0x00, 0x00, 0x00, 0x00, 0x00, 0x00, 0x00, 0x00, 0x00, 0x00, 0x00, 0x00, 0x00,
  0x00, 0x00, 0x00, 0xFF, 0xFF, 0x00, 0xFF, 0xFF, 0x00, 0xE7, 0x3D, 0x1A, 0x4A, 0xCB, 0xBB, 0x42, 0x6A, 0xFF,
  0xA5, 0x55, 0xFF, 0x63, 0x8E, 0xFF, 0x3A, 0x07, 0xFF, 0x31, 0xE6, 0xFF, 0x42, 0x8A, 0xFF, 0x9D, 0x34, 0xFF,
  0x9D, 0x34, 0xFF, 0x9D, 0x14, 0xFF, 0x9D, 0x14, 0xFF, 0x9D, 0x14, 0xFF, 0x9D, 0x14, 0xFF, 0x9D, 0x14, 0xFF,
  0x9D, 0x14, 0xFF, 0x9D, 0x14, 0xFF, 0x9D, 0x14, 0xFF, 0x9D, 0x14, 0xFF, 0x9D, 0x14, 0xFF, 0x9D, 0x14, 0xFF,
  0x9D, 0x14, 0xFF, 0x9D, 0x14, 0xFF, 0x9D, 0x14, 0xFF, 0x9D, 0x14, 0xFF, 0x9D, 0x14, 0xFF, 0x9D, 0x14, 0xFF,
  0x9D, 0x34, 0xFF, 0x94, 0xD3, 0xFF, 0x42, 0x68, 0xFF, 0xD5, 0x69, 0xFF, 0x93, 0xC7, 0xFF, 0x3A, 0x29, 0xFF,
  0x74, 0x31, 0xFF, 0x8C, 0xB2, 0xFF, 0x84, 0x92, 0xFF, 0x84, 0x92, 0xFF, 0x84, 0x92, 0xFF, 0x8C, 0xD3, 0xFF,
  0x74, 0x10, 0xFF, 0x29, 0xC7, 0xF8, 0xD6, 0xDB, 0x2C, 0xFF, 0xFF, 0x00, 0xFF, 0xFF, 0x00, 0x00, 0x00, 0x00,
  0x00, 0x00, 0x00, 0x00, 0x00, 0x00, 0x00, 0x00, 0x00, 0x00, 0x00, 0x00, 0x00, 0x00, 0x00, 0x00, 0x00, 0x00,
  0x00, 0x00, 0x00, 0x00, 0x00, 0x00, 0x00, 0x00, 0x00, 0x00, 0x00, 0x00, 0x00, 0x00, 0x00, 0x00, 0x00, 0x00,
  0x00, 0x00, 0x00, 0xFF, 0xFF, 0x00, 0xFF, 0xFF, 0x00, 0xFF, 0xFF, 0x00, 0x63, 0x6E, 0xAE, 0x5B, 0x4D, 0xFF,
  0x4A, 0xCC, 0xFF, 0x4A, 0x67, 0xFF, 0x93, 0xC7, 0xFF, 0x32, 0x08, 0xFF, 0x8C, 0xB3, 0xFF, 0x9D, 0x34, 0xFF,
  0x9D, 0x14, 0xFF, 0x9D, 0x14, 0xFF, 0x9D, 0x14, 0xFF, 0x9D, 0x14, 0xFF, 0x9D, 0x14, 0xFF, 0x9D, 0x14, 0xFF,
  0x9D, 0x14, 0xFF, 0x9D, 0x14, 0xFF, 0x9D, 0x14, 0xFF, 0x9D, 0x14, 0xFF, 0x9D, 0x14, 0xFF, 0x9D, 0x14, 0xFF,
  0x9D, 0x14, 0xFF, 0x9D, 0x14, 0xFF, 0x9D, 0x14, 0xFF, 0x9D, 0x14, 0xFF, 0x9D, 0x14, 0xFF, 0x9D, 0x14, 0xFF,
  0x9D, 0x55, 0xFF, 0x53, 0x0C, 0xFF, 0x8B, 0xC8, 0xFF, 0x7B, 0x47, 0xFF, 0x42, 0x8B, 0xFF, 0x84, 0x72, 0xFF,
  0x8C, 0xB2, 0xFF, 0x84, 0x92, 0xFF, 0x8C, 0xB2, 0xFF, 0x8C, 0xB3, 0xFF, 0x84, 0x92, 0xFF, 0x5B, 0x4D, 0xFF,
  0x29, 0xA7, 0xFD, 0xA5, 0x55, 0x64, 0xFF, 0xFF, 0x00, 0xFF, 0xFF, 0x00, 0xFF, 0xFF, 0x00, 0x00, 0x00, 0x00,
  0x00, 0x00, 0x00, 0x00, 0x00, 0x00, 0x00, 0x00, 0x00, 0x00, 0x00, 0x00, 0x00, 0x00, 0x00, 0x00, 0x00, 0x00,
  0x00, 0x00, 0x00, 0x00, 0x00, 0x00, 0x00, 0x00, 0x00, 0x00, 0x00, 0x00, 0x00, 0x00, 0x00, 0x00, 0x00, 0x00,
  0x00, 0x00, 0x00, 0xFF, 0xFF, 0x00, 0xFF, 0xFF, 0x00, 0xE7, 0x1C, 0x21, 0x29, 0xC7, 0xF7, 0x32, 0x08, 0xFF,
  0x73, 0x27, 0xFF, 0xCD, 0x09, 0xFF, 0x42, 0x27, 0xFF, 0x74, 0x10, 0xFF, 0xA5, 0x55, 0xFF, 0x9D, 0x14, 0xFF,
  0x9D, 0x14, 0xFF, 0x9D, 0x14, 0xFF, 0x9D, 0x14, 0xFF, 0x9D, 0x14, 0xFF, 0x9D, 0x14, 0xFF, 0x9D, 0x14, 0xFF,
  0x9D, 0x14, 0xFF, 0x9D, 0x14, 0xFF, 0x9D, 0x14, 0xFF, 0x9D, 0x14, 0xFF, 0x9D, 0x14, 0xFF, 0x9D, 0x14, 0xFF,
  0x9D, 0x14, 0xFF, 0x9D, 0x14, 0xFF, 0x9D, 0x14, 0xFF, 0x9D, 0x14, 0xFF, 0x9D, 0x14, 0xFF, 0x9D, 0x55, 0xFF,
  0x7C, 0x51, 0xFF, 0x42, 0x27, 0xFF, 0x52, 0xA7, 0xFF, 0x53, 0x0D, 0xFF, 0x8C, 0xB2, 0xFF, 0x84, 0xB2, 0xFF,
  0x84, 0x92, 0xFF, 0x84, 0x92, 0xFF, 0x63, 0x8E, 0xFF, 0x3A, 0x6A, 0xFF, 0x31, 0xE8, 0xFD, 0x4A, 0xCB, 0xC2,
  0xC6, 0x38, 0x44, 0xFF, 0xFF, 0x00, 0xFF, 0xFF, 0x00, 0xFF, 0xFF, 0x00, 0xFF, 0xFF, 0x00, 0x00, 0x00, 0x00,
  0x00, 0x00, 0x00, 0x00, 0x00, 0x00, 0x00, 0x00, 0x00, 0x00, 0x00, 0x00, 0x00, 0x00, 0x00, 0x00, 0x00, 0x00,
  0x00, 0x00, 0x00, 0x00, 0x00, 0x00, 0x00, 0x00, 0x00, 0x00, 0x00, 0x00, 0x00, 0x00, 0x00, 0x00, 0x00, 0x00,
  0x00, 0x00, 0x00, 0xFF, 0xFF, 0x00, 0xFF, 0xFF, 0x00, 0xBE, 0x38, 0x47, 0x19, 0x46, 0xFF, 0x42, 0x26, 0xFF,
  0xED, 0xCA, 0xFF, 0xBC, 0x87, 0xFF, 0x21, 0xA7, 0xFF, 0x73, 0xF0, 0xFF, 0xA5, 0x55, 0xFF, 0x9D, 0x34, 0xFF,
  0x9D, 0x14, 0xFF, 0x9D, 0x14, 0xFF, 0x9D, 0x14, 0xFF, 0x9D, 0x14, 0xFF, 0x9D, 0x14, 0xFF, 0x9D, 0x14, 0xFF,
  0x9D, 0x14, 0xFF, 0x9D, 0x14, 0xFF, 0x9D, 0x14, 0xFF, 0x9D, 0x14, 0xFF, 0x9D, 0x14, 0xFF, 0x9D, 0x14, 0xFF,
  0x9D, 0x14, 0xFF, 0x9D, 0x14, 0xFF, 0x9D, 0x14, 0xFF, 0x9D, 0x14, 0xFF, 0x9D, 0x34, 0xFF, 0x95, 0x14, 0xFF,
  0x32, 0x29, 0xFF, 0x29, 0xA7, 0xFF, 0x63, 0xAF, 0xFF, 0x8C, 0xB3, 0xFF, 0x84, 0x92, 0xFF, 0x84, 0x92, 0xFF,
  0x84, 0x92, 0xFF, 0x84, 0x92, 0xFF, 0x32, 0x08, 0xFF, 0x84, 0x72, 0x7F, 0xD6, 0xDB, 0x2A, 0xFF, 0xFF, 0x00,
  0xFF, 0xFF, 0x00, 0xFF, 0xFF, 0x00, 0xFF, 0xFF, 0x00, 0xFF, 0xFF, 0x00, 0xFF, 0xFF, 0x00, 0x00, 0x00, 0x00,
  0x00, 0x00, 0x00, 0x00, 0x00, 0x00, 0x00, 0x00, 0x00, 0x00, 0x00, 0x00, 0x00, 0x00, 0x00, 0x00, 0x00, 0x00,
  0x00, 0x00, 0x00, 0x00, 0x00, 0x00, 0x00, 0x00, 0x00, 0x00, 0x00, 0x00, 0x00, 0x00, 0x00, 0x00, 0x00, 0x00,
  0x00, 0x00, 0x00, 0xFF, 0xFF, 0x00, 0xFF, 0xFF, 0x00, 0xB5, 0xD7, 0x4E, 0x3A, 0x69, 0xFF, 0x4A, 0xCB, 0xFF,
  0x62, 0xE7, 0xFF, 0xED, 0xC9, 0xFF, 0xB4, 0x67, 0xFF, 0x31, 0xE6, 0xFF, 0x5B, 0x4E, 0xFF, 0x9D, 0x34, 0xFF,
  0x9D, 0x34, 0xFF, 0x9D, 0x14, 0xFF, 0x9D, 0x14, 0xFF, 0x9D, 0x14, 0xFF, 0x9D, 0x14, 0xFF, 0x9D, 0x14, 0xFF,
  0x9D, 0x14, 0xFF, 0x9D, 0x14, 0xFF, 0x9D, 0x14, 0xFF, 0x9D, 0x14, 0xFF, 0x9D, 0x14, 0xFF, 0x9D, 0x14, 0xFF,
  0x9D, 0x14, 0xFF, 0x9D, 0x34, 0xFF, 0x9D, 0x34, 0xFF, 0x95, 0x14, 0xFF, 0x94, 0xF3, 0xFF, 0x53, 0x0C, 0xFF,
  0x29, 0xE8, 0xFF, 0x74, 0x30, 0xFF, 0x8C, 0xB3, 0xFF, 0x84, 0x92, 0xFF, 0x84, 0x92, 0xFF, 0x84, 0x92, 0xFF,
  0x84, 0x92, 0xFF, 0x84, 0x71, 0xFF, 0x32, 0x08, 0xF9, 0xE7, 0x3C, 0x1B, 0xFF, 0xFF, 0x00, 0xFF, 0xFF, 0x00,
  0xFF, 0xFF, 0x00, 0xFF, 0xFF, 0x00, 0xFF, 0xFF, 0x00, 0xFF, 0xFF, 0x00, 0xFF, 0xFF, 0x00, 0x00, 0x00, 0x00,
  0x00, 0x00, 0x00, 0x00, 0x00, 0x00, 0x00, 0x00, 0x00, 0x00, 0x00, 0x00, 0x00, 0x00, 0x00, 0x00, 0x00, 0x00,
  0x00, 0x00, 0x00, 0x00, 0x00, 0x00, 0x00, 0x00, 0x00, 0x00, 0x00, 0x00, 0x00, 0x00, 0x00, 0x00, 0x00, 0x00,
  0x00, 0x00, 0x00, 0xFF, 0xFF, 0x00, 0xFF, 0xFF, 0x00, 0xD6, 0x9A, 0x30, 0x3A, 0x29, 0xFF, 0x94, 0xF3, 0xFF,
  0x3A, 0x6A, 0xFF, 0x6B, 0x28, 0xFF, 0xED, 0xC9, 0xFF, 0xC4, 0xC7, 0xFF, 0x42, 0x26, 0xFF, 0x4A, 0xCB, 0xFF,
  0x9D, 0x14, 0xFF, 0x9D, 0x34, 0xFF, 0x9D, 0x14, 0xFF, 0x9D, 0x14, 0xFF, 0x9D, 0x14, 0xFF, 0x9D, 0x14, 0xFF,
  0x9D, 0x14, 0xFF, 0x9D, 0x14, 0xFF, 0x9D, 0x34, 0xFF, 0x9D, 0x34, 0xFF, 0x9D, 0x34, 0xFF, 0x9D, 0x14, 0xFF,
  0x9D, 0x14, 0xFF, 0x94, 0xF3, 0xFF, 0x8C, 0xB3, 0xFF, 0x84, 0x92, 0xFF, 0x84, 0x92, 0xFF, 0x6B, 0xCF, 0xFF,
  0x7C, 0x51, 0xFF, 0x8C, 0xB2, 0xFF, 0x84, 0x92, 0xFF, 0x84, 0x92, 0xFF, 0x84, 0x92, 0xFF, 0x84, 0x92, 0xFF,
  0x8C, 0xB2, 0xFF, 0x73, 0xF0, 0xFF, 0x42, 0x6A, 0xDD, 0xF7, 0xBE, 0x08, 0xFF, 0xFF, 0x00, 0xFF, 0xFF, 0x00,
  0xFF, 0xFF, 0x00, 0xFF, 0xFF, 0x00, 0xFF, 0xFF, 0x00, 0xFF, 0xFF, 0x00, 0xFF, 0xFF, 0x00, 0x00, 0x00, 0x00,
  0x00, 0x00, 0x00, 0x00, 0x00, 0x00, 0x00, 0x00, 0x00, 0x00, 0x00, 0x00, 0x00, 0x00, 0x00, 0x00, 0x00, 0x00,
  0x00, 0x00, 0x00, 0x00, 0x00, 0x00, 0x00, 0x00, 0x00, 0x00, 0x00, 0x00, 0x00, 0x00, 0x00, 0x00, 0x00, 0x00,
  0x00, 0x00, 0x00, 0xFF, 0xFF, 0x00, 0xFF, 0xFF, 0x00, 0xFF, 0xFF, 0x02, 0x4A, 0xAB, 0xCF, 0x63, 0x8E, 0xFF,
  0x74, 0x30, 0xFF, 0x29, 0xA6, 0xFF, 0xD5, 0x6A, 0xFF, 0xED, 0xC9, 0xFF, 0xDD, 0x27, 0xFF, 0x5A, 0xA6, 0xFF,
  0x3A, 0x49, 0xFF, 0x94, 0xF3, 0xFF, 0x9D, 0x34, 0xFF, 0x9D, 0x14, 0xFF, 0x9D, 0x14, 0xFF, 0x9D, 0x14, 0xFF,
  0x95, 0x14, 0xFF, 0x95, 0x14, 0xFF, 0x94, 0xF3, 0xFF, 0x94, 0xF3, 0xFF, 0x94, 0xF3, 0xFF, 0x8C, 0xB2, 0xFF,
  0x84, 0x92, 0xFF, 0x84, 0x92, 0xFF, 0x84, 0x92, 0xFF, 0x84, 0xB2, 0xFF, 0x84, 0x92, 0xFF, 0x8C, 0xB2, 0xFF,
  0x84, 0x92, 0xFF, 0x84, 0x92, 0xFF, 0x84, 0x92, 0xFF, 0x84, 0x92, 0xFF, 0x84, 0x92, 0xFF, 0x84, 0x92, 0xFF,
  0x8C, 0xD3, 0xFF, 0x42, 0xAB, 0xFF, 0x7C, 0x10, 0x93, 0xFF, 0xFF, 0x00, 0xFF, 0xFF, 0x00, 0xFF, 0xFF, 0x00,
  0xFF, 0xFF, 0x00, 0xFF, 0xFF, 0x00, 0xFF, 0xFF, 0x00, 0xFF, 0xFF, 0x00, 0xFF, 0xFF, 0x00, 0x00, 0x00, 0x00,
  0x00, 0x00, 0x00, 0x00, 0x00, 0x00, 0x00, 0x00, 0x00, 0x00, 0x00, 0x00, 0x00, 0x00, 0x00, 0x00, 0x00, 0x00,
  0x00, 0x00, 0x00, 0x00, 0x00, 0x00, 0x00, 0x00, 0x00, 0x00, 0x00, 0x00, 0x00, 0x00, 0x00, 0x00, 0x00, 0x00,
  0x00, 0x00, 0x00, 0xFF, 0xFF, 0x00, 0xFF, 0xFF, 0x00, 0xFF, 0xFF, 0x00, 0xBE, 0x18, 0x48, 0x32, 0x08, 0xF7,
  0x32, 0x09, 0xFF, 0x83, 0xA8, 0xFF, 0xEE, 0x0A, 0xFF, 0xED, 0xA9, 0xFF, 0xCC, 0xE7, 0xFF, 0x52, 0x86, 0xFF,
  0x42, 0xAB, 0xFF, 0x84, 0x71, 0xFF, 0x7C, 0x51, 0xFF, 0x8C, 0xB2, 0xFF, 0x84, 0x92, 0xFF, 0x84, 0x92, 0xFF,
  0x84, 0x92, 0xFF, 0x84, 0x92, 0xFF, 0x8C, 0xB2, 0xFF, 0x7C, 0x31, 0xFF, 0x3A, 0x6A, 0xFF, 0x6B, 0xEF, 0xFF,
  0x84, 0xB2, 0xFF, 0x84, 0x92, 0xFF, 0x84, 0x92, 0xFF, 0x74, 0x10, 0xFF, 0x8C, 0xB2, 0xFF, 0x84, 0xB2, 0xFF,
  0x84, 0x92, 0xFF, 0x84, 0x92, 0xFF, 0x84, 0x92, 0xFF, 0x84, 0x92, 0xFF, 0x84, 0x92, 0xFF, 0x8C, 0xD3, 0xFF,
  0x6B, 0xCF, 0xFF, 0x29, 0xE8, 0xF2, 0xDF, 0x1C, 0x22, 0xFF, 0xFF, 0x00, 0xFF, 0xFF, 0x00, 0xFF, 0xFF, 0x00,
  0xFF, 0xFF, 0x00, 0xFF, 0xFF, 0x00, 0xFF, 0xFF, 0x00, 0xFF, 0xFF, 0x00, 0xFF, 0xFF, 0x00, 0x00, 0x00, 0x00,
  0x00, 0x00, 0x00, 0x00, 0x00, 0x00, 0x00, 0x00, 0x00, 0x00, 0x00, 0x00, 0x00, 0x00, 0x00, 0x00, 0x00, 0x00,
  0x00, 0x00, 0x00, 0x00, 0x00, 0x00, 0x00, 0x00, 0x00, 0x00, 0x00, 0x00, 0x00, 0x00, 0x00, 0x00, 0x00, 0x00,
  0x00, 0x00, 0x00, 0xFF, 0xFF, 0x00, 0xFF, 0xFF, 0x00, 0xFF, 0xFF, 0x00, 0xFF, 0xFF, 0x00, 0x74, 0x10, 0x90,
  0x3A, 0x06, 0xFF, 0xE5, 0xCA, 0xFF, 0xED, 0xC9, 0xFF, 0xB4, 0x47, 0xFF, 0x29, 0xA5, 0xFF, 0x29, 0xE8, 0xFF,
  0x4A, 0xEB, 0xFF, 0x32, 0x08, 0xFF, 0x29, 0xC7, 0xFF, 0x7C, 0x51, 0xFF, 0x8C, 0xB2, 0xFF, 0x84, 0x92, 0xFF,
  0x84, 0x92, 0xFF, 0x8C, 0xB3, 0xFF, 0x6B, 0xCF, 0xFF, 0x29, 0xA7, 0xFF, 0x32, 0x08, 0xFF, 0x84, 0x72, 0xFF,
  0x84, 0x92, 0xFF, 0x8C, 0xD3, 0xFF, 0x53, 0x2C, 0xFF, 0x19, 0x66, 0xFF, 0x4A, 0xCB, 0xFF, 0x7C, 0x51, 0xFF,
  0x8C, 0xB3, 0xFF, 0x8C, 0xB3, 0xFF, 0x8C, 0xB2, 0xFF, 0x8C, 0xB3, 0xFF, 0x84, 0xB2, 0xFF, 0x63, 0x8E, 0xFF,
  0x21, 0xA7, 0xFD, 0xAD, 0x96, 0x5A, 0xFF, 0xFF, 0x00, 0xFF, 0xFF, 0x00, 0xFF, 0xFF, 0x00, 0xFF, 0xFF, 0x00,
  0xFF, 0xFF, 0x00, 0xFF, 0xFF, 0x00, 0xFF, 0xFF, 0x00, 0xFF, 0xFF, 0x00, 0xFF, 0xFF, 0x00, 0x00, 0x00, 0x00,
  0x00, 0x00, 0x00, 0x00, 0x00, 0x00, 0x00, 0x00, 0x00, 0x00, 0x00, 0x00, 0x00, 0x00, 0x00, 0x00, 0x00, 0x00,
  0x00, 0x00, 0x00, 0x00, 0x00, 0x00, 0x00, 0x00, 0x00, 0x00, 0x00, 0x00, 0x00, 0x00, 0x00, 0x00, 0x00, 0x00,
  0x00, 0x00, 0x00, 0xFF, 0xFF, 0x00, 0xFF, 0xFF, 0x00, 0xFF, 0xFF, 0x00, 0xEF, 0x7D, 0x12, 0x3A, 0x49, 0xDC,
  0xBC, 0xC9, 0xFF, 0xF6, 0x0A, 0xFF, 0x8B, 0xA6, 0xFF, 0x29, 0xE7, 0xF4, 0x42, 0x8B, 0xCE, 0x5B, 0x2D, 0xBB,
  0x7C, 0x31, 0x8C, 0xC6, 0x59, 0x3B, 0x84, 0x71, 0x85, 0x32, 0x08, 0xFF, 0x84, 0x92, 0xFF, 0x8C, 0xB2, 0xFF,
  0x84, 0x92, 0xFF, 0x53, 0x0C, 0xFF, 0x21, 0x86, 0xFF, 0x21, 0xA7, 0xFF, 0x74, 0x10, 0xFF, 0x8C, 0xB2, 0xFF,
  0x8C, 0xD3, 0xFF, 0x6B, 0xAF, 0xFF, 0x32, 0x08, 0xEC, 0xBE, 0x18, 0x46, 0x6B, 0xAE, 0xA3, 0x29, 0xE8, 0xF8,
  0x3A, 0x6A, 0xFF, 0x53, 0x0C, 0xFF, 0x53, 0x2C, 0xFF, 0x4A, 0xCB, 0xFF, 0x32, 0x08, 0xFF, 0x42, 0x6A, 0xD3,
  0xBE, 0x18, 0x48, 0xFF, 0xFF, 0x00, 0xFF, 0xFF, 0x00, 0xFF, 0xFF, 0x00, 0xFF, 0xFF, 0x00, 0xFF, 0xFF, 0x00,
  0xFF, 0xFF, 0x00, 0xFF, 0xFF, 0x00, 0xFF, 0xFF, 0x00, 0xFF, 0xFF, 0x00, 0xFF, 0xFF, 0x00, 0x00, 0x00, 0x00,
  0x00, 0x00, 0x00, 0x00, 0x00, 0x00, 0x00, 0x00, 0x00, 0x00, 0x00, 0x00, 0x00, 0x00, 0x00, 0x00, 0x00, 0x00,
  0x00, 0x00, 0x00, 0x00, 0x00, 0x00, 0x00, 0x00, 0x00, 0x00, 0x00, 0x00, 0x00, 0x00, 0x00, 0x00, 0x00, 0x00,
  0x00, 0x00, 0x00, 0xFF, 0xFF, 0x00, 0xFF, 0xFF, 0x00, 0xFF, 0xFF, 0x00, 0x6B, 0xD0, 0x9A, 0x73, 0x27, 0xFF,
  0xF5, 0xEA, 0xFF, 0x6A, 0xE6, 0xFF, 0x3A, 0x6A, 0xD3, 0xD6, 0xBB, 0x2D, 0xFF, 0xFF, 0x00, 0xFF, 0xFF, 0x00,
  0xFF, 0xFF, 0x00, 0xFF, 0xFF, 0x00, 0xFF, 0xFF, 0x00, 0x63, 0x6E, 0xAA, 0x32, 0x29, 0xFF, 0x7C, 0x71, 0xFF,
  0x42, 0x8A, 0xFF, 0x52, 0x87, 0xFF, 0x31, 0xC6, 0xFF, 0x5B, 0x4D, 0xFF, 0x8C, 0xD3, 0xFF, 0x8C, 0xD3, 0xFF,
  0x63, 0xAE, 0xFF, 0x29, 0xC7, 0xF7, 0xBD, 0xF8, 0x49, 0xFF, 0xFF, 0x00, 0xFF, 0xFF, 0x00, 0xDE, 0xDB, 0x28,
  0x9D, 0x14, 0x6B, 0x73, 0xEF, 0x98, 0x6B, 0xAE, 0xA2, 0x7C, 0x51, 0x89, 0xB5, 0xD7, 0x4C, 0xF7, 0xDF, 0x07,
  0xFF, 0xFF, 0x00, 0xFF, 0xFF, 0x00, 0xFF, 0xFF, 0x00, 0xFF, 0xFF, 0x00, 0xFF, 0xFF, 0x00, 0xFF, 0xFF, 0x00,
  0xFF, 0xFF, 0x00, 0xFF, 0xFF, 0x00, 0xFF, 0xFF, 0x00, 0xFF, 0xFF, 0x00, 0xFF, 0xFF, 0x00, 0x00, 0x00, 0x00,
  0x00, 0x00, 0x00, 0x00, 0x00, 0x00, 0x00, 0x00, 0x00, 0x00, 0x00, 0x00, 0x00, 0x00, 0x00, 0x00, 0x00, 0x00,
  0x00, 0x00, 0x00, 0x00, 0x00, 0x00, 0x00, 0x00, 0x00, 0x00, 0x00, 0x00, 0x00, 0x00, 0x00, 0x00, 0x00, 0x00,
  0x00, 0x00, 0x00, 0xFF, 0xFF, 0x00, 0xFF, 0xFF, 0x00, 0xBE, 0x18, 0x43, 0x42, 0x26, 0xFD, 0xCD, 0x29, 0xFF,
  0x52, 0x66, 0xFF, 0x5B, 0x2D, 0xB0, 0xEF, 0x9E, 0x0F, 0xFF, 0xFF, 0x00, 0xFF, 0xFF, 0x00, 0xFF, 0xFF, 0x00,
  0xFF, 0xFF, 0x00, 0xFF, 0xFF, 0x00, 0xFF, 0xFF, 0x00, 0xFF, 0xFF, 0x02, 0x73, 0xEF, 0x99, 0x29, 0xC7, 0xFF,
  0x19, 0x46, 0xFF, 0x6B, 0x07, 0xFF, 0x73, 0x27, 0xFF, 0x32, 0x09, 0xFF, 0x6B, 0xF0, 0xFF, 0x4A, 0xCB, 0xFF,
  0x32, 0x08, 0xE6, 0xBE, 0x18, 0x46, 0xFF, 0xFF, 0x00, 0xFF, 0xFF, 0x00, 0xFF, 0xFF, 0x00, 0xFF, 0xFF, 0x00,
  0xFF, 0xFF, 0x00, 0xFF, 0xFF, 0x00, 0xFF, 0xFF, 0x00, 0xFF, 0xFF, 0x00, 0xFF, 0xFF, 0x00, 0xFF, 0xFF, 0x00,
  0xFF, 0xFF, 0x00, 0xFF, 0xFF, 0x00, 0xFF, 0xFF, 0x00, 0xFF, 0xFF, 0x00, 0xFF, 0xFF, 0x00, 0xFF, 0xFF, 0x00,
  0xFF, 0xFF, 0x00, 0xFF, 0xFF, 0x00, 0xFF, 0xFF, 0x00, 0xFF, 0xFF, 0x00, 0xFF, 0xFF, 0x00, 0x00, 0x00, 0x00,
  0x00, 0x00, 0x00, 0x00, 0x00, 0x00, 0x00, 0x00, 0x00, 0x00, 0x00, 0x00, 0x00, 0x00, 0x00, 0x00, 0x00, 0x00,
  0x00, 0x00, 0x00, 0x00, 0x00, 0x00, 0x00, 0x00, 0x00, 0x00, 0x00, 0x00, 0x00, 0x00, 0x00, 0x00, 0x00, 0x00,
  0x00, 0x00, 0x00, 0xFF, 0xFF, 0x00, 0xF7, 0xDF, 0x06, 0x4A, 0xAA, 0xD3, 0x7B, 0x67, 0xFF, 0x42, 0x26, 0xFF,
  0x7C, 0x31, 0x88, 0xFF, 0xFF, 0x00, 0xFF, 0xFF, 0x00, 0xFF, 0xFF, 0x00, 0xFF, 0xFF, 0x00, 0xEF, 0x7D, 0x11,
  0xFF, 0xFF, 0x00, 0xFF, 0xFF, 0x00, 0xFF, 0xFF, 0x00, 0xFF, 0xFF, 0x00, 0xFF, 0xFF, 0x00, 0xB5, 0xD7, 0x4E,
  0x53, 0x0C, 0xBE, 0x19, 0x87, 0xF6, 0x8B, 0xA8, 0xFF, 0x93, 0xE7, 0xFF, 0x21, 0x65, 0xFF, 0x4A, 0xAB, 0xC4,
  0xEF, 0x5D, 0x18, 0xFF, 0xFF, 0x00, 0xFF, 0xFF, 0x00, 0xFF, 0xFF, 0x00, 0xFF, 0xFF, 0x00, 0xFF, 0xFF, 0x00,
  0xFF, 0xFF, 0x00, 0xFF, 0xFF, 0x00, 0xFF, 0xFF, 0x00, 0xFF, 0xFF, 0x00, 0xFF, 0xFF, 0x00, 0xFF, 0xFF, 0x00,
  0xFF, 0xFF, 0x00, 0xFF, 0xFF, 0x00, 0xDE, 0xFB, 0x22, 0xB5, 0xB6, 0x4F, 0xF7, 0xBE, 0x0D, 0xFF, 0xFF, 0x00,
  0xFF, 0xFF, 0x00, 0xFF, 0xFF, 0x00, 0xFF, 0xFF, 0x00, 0xFF, 0xFF, 0x00, 0xFF, 0xFF, 0x00, 0x00, 0x00, 0x00,
  0x00, 0x00, 0x00, 0x00, 0x00, 0x00, 0x00, 0x00, 0x00, 0x00, 0x00, 0x00, 0x00, 0x00, 0x00, 0x00, 0x00, 0x00,
  0x00, 0x00, 0x00, 0x00, 0x00, 0x00, 0x00, 0x00, 0x00, 0x00, 0x00, 0x00, 0x00, 0x00, 0x00, 0x00, 0x00, 0x00,
  0x00, 0x00, 0x00, 0xFF, 0xFF, 0x00, 0x8C, 0x92, 0x82, 0x19, 0x44, 0xFF, 0x32, 0x07, 0xF4, 0xA5, 0x76, 0x5E,
  0xFF, 0xFF, 0x00, 0xFF, 0xFF, 0x00, 0xFF, 0xFF, 0x00, 0xC6, 0x59, 0x3C, 0x5B, 0x2D, 0xB0, 0x31, 0xE8, 0xE8,
  0xA5, 0x55, 0x68, 0xFF, 0xFF, 0x00, 0xFF, 0xFF, 0x00, 0xFF, 0xFF, 0x00, 0xFF, 0xFF, 0x00, 0xFF, 0xFF, 0x00,
  0xF7, 0xBE, 0x07, 0x3A, 0x49, 0xDB, 0xAC, 0x68, 0xFF, 0xCC, 0xE8, 0xFF, 0x29, 0x85, 0xFF, 0x9D, 0x14, 0x6C,
  0xFF, 0xFF, 0x00, 0xFF, 0xFF, 0x00, 0xFF, 0xFF, 0x00, 0xFF, 0xFF, 0x00, 0xFF, 0xFF, 0x00, 0xFF, 0xFF, 0x00,
  0xFF, 0xFF, 0x00, 0xFF, 0xFF, 0x00, 0xFF, 0xFF, 0x00, 0xFF, 0xFF, 0x00, 0xFF, 0xFF, 0x00, 0xFF, 0xFF, 0x00,
  0xEF, 0x5D, 0x16, 0x73, 0xEF, 0x93, 0x3A, 0x4A, 0xF2, 0x29, 0xE8, 0xFF, 0x94, 0xD3, 0x77, 0xFF, 0xFF, 0x00,
  0xFF, 0xFF, 0x00, 0xFF, 0xFF, 0x00, 0xFF, 0xFF, 0x00, 0xFF, 0xFF, 0x00, 0xFF, 0xFF, 0x00, 0x00, 0x00, 0x00,
  0x00, 0x00, 0x00, 0x00, 0x00, 0x00, 0x00, 0x00, 0x00, 0x00, 0x00, 0x00, 0x00, 0x00, 0x00, 0x00, 0x00, 0x00,
  0x00, 0x00, 0x00, 0x00, 0x00, 0x00, 0x00, 0x00, 0x00, 0x00, 0x00, 0x00, 0x00, 0x00, 0x00, 0x00, 0x00, 0x00,
  0x00, 0x00, 0x00, 0xD6, 0xBA, 0x2F, 0x19, 0x45, 0xFE, 0x32, 0x29, 0xDE, 0xCE, 0x7A, 0x37, 0xFF, 0xFF, 0x00,
  0xFF, 0xFF, 0x00, 0xF7, 0x9E, 0x0D, 0x6B, 0xCF, 0x97, 0x32, 0x09, 0xFE, 0x84, 0xB5, 0xFF, 0x74, 0x13, 0xFF,
  0x6B, 0x8E, 0xA5, 0xFF, 0xFF, 0x00, 0xFF, 0xFF, 0x00, 0xFF, 0xFF, 0x00, 0xFF, 0xFF, 0x00, 0xFF, 0xFF, 0x00,
  0x84, 0x72, 0x81, 0x62, 0xE7, 0xFF, 0xA4, 0x47, 0xFF, 0x31, 0xC7, 0xF5, 0xA5, 0x55, 0x61, 0xFF, 0xFF, 0x00,
  0xFF, 0xFF, 0x00, 0xFF, 0xFF, 0x00, 0xFF, 0xFF, 0x00, 0xFF, 0xFF, 0x00, 0xFF, 0xFF, 0x00, 0xFF, 0xFF, 0x00,
  0xFF, 0xFF, 0x00, 0xFF, 0xFF, 0x00, 0xFF, 0xFF, 0x00, 0xFF, 0xFF, 0x00, 0xFF, 0xFF, 0x00, 0xB5, 0xB6, 0x50,
  0x32, 0x08, 0xE3, 0x5B, 0x90, 0xFF, 0xBE, 0x9E, 0xFF, 0x6C, 0x12, 0xFF, 0x7C, 0x30, 0x88, 0xFF, 0xFF, 0x00,
  0xFF, 0xFF, 0x00, 0xFF, 0xFF, 0x00, 0xFF, 0xFF, 0x00, 0xFF, 0xFF, 0x00, 0xFF, 0xFF, 0x00, 0x00, 0x00, 0x00,
  0x00, 0x00, 0x00, 0x00, 0x00, 0x00, 0x00, 0x00, 0x00, 0x00, 0x00, 0x00, 0x00, 0x00, 0x00, 0x00, 0x00, 0x00,
  0x00, 0x00, 0x00, 0x00, 0x00, 0x00, 0x00, 0x00, 0x00, 0x00, 0x00, 0x00, 0x00, 0x00, 0x00, 0x00, 0x00, 0x00,
  0x00, 0x00, 0x00, 0x4A, 0xCB, 0xCB, 0x4A, 0xCB, 0xC4, 0xEF, 0x5D, 0x18, 0xFF, 0xFF, 0x00, 0xFF, 0xFF, 0x00,
  0xD6, 0xDB, 0x2B, 0x3A, 0x49, 0xD3, 0x5B, 0x4F, 0xFF, 0xBE, 0x7E, 0xFF, 0xD7, 0x5F, 0xFF, 0x63, 0xB1, 0xFF,
  0x84, 0x71, 0x80, 0xFF, 0xFF, 0x00, 0xFF, 0xFF, 0x00, 0xFF, 0xFF, 0x00, 0xFF, 0xFF, 0x00, 0xD6, 0xBA, 0x2F,
  0x3A, 0x07, 0xF7, 0x6A, 0xE6, 0xFF, 0x3A, 0x29, 0xDF, 0xC6, 0x59, 0x3A, 0xFF, 0xFF, 0x00, 0xFF, 0xFF, 0x00,
  0xFF, 0xFF, 0x00, 0xFF, 0xFF, 0x00, 0xFF, 0xFF, 0x00, 0xFF, 0xFF, 0x00, 0xFF, 0xFF, 0x00, 0xFF, 0xFF, 0x00,
  0xFF, 0xFF, 0x00, 0xFF, 0xFF, 0x00, 0xFF, 0xFF, 0x00, 0xFF, 0xFF, 0x00, 0x8C, 0x92, 0x7D, 0x32, 0x09, 0xFF,
  0x9D, 0x59, 0xFF, 0xCF, 0x1F, 0xFF, 0xC6, 0xFF, 0xFF, 0x42, 0xCD, 0xFF, 0xAD, 0x75, 0x58, 0xFF, 0xFF, 0x00,
  0xFF, 0xFF, 0x00, 0xFF, 0xFF, 0x00, 0xFF, 0xFF, 0x00, 0xFF, 0xFF, 0x00, 0xFF, 0xFF, 0x00, 0x00, 0x00, 0x00,
  0x00, 0x00, 0x00, 0x00, 0x00, 0x00, 0x00, 0x00, 0x00, 0x00, 0x00, 0x00, 0x00, 0x00, 0x00, 0x00, 0x00, 0x00,
  0x00, 0x00, 0x00, 0x00, 0x00, 0x00, 0x00, 0x00, 0x00, 0x00, 0x00, 0x00, 0x00, 0x00, 0x00, 0x00, 0x00, 0x00,
  0x00, 0x00, 0x00, 0xB5, 0xD7, 0x53, 0xF7, 0xBE, 0x0B, 0xFF, 0xFF, 0x00, 0xFF, 0xFF, 0x00, 0xCE, 0x9A, 0x32,
  0x31, 0xE8, 0xE9, 0x7C, 0x95, 0xFF, 0xCF, 0x1F, 0xFF, 0xCE, 0xFF, 0xFF, 0xB6, 0x7E, 0xFF, 0x3A, 0x4B, 0xFF,
  0xC6, 0x38, 0x41, 0xFF, 0xFF, 0x00, 0xFF, 0xFF, 0x00, 0xFF, 0xFF, 0x00, 0xFF, 0xFF, 0x00, 0x53, 0x0C, 0xC1,
  0x11, 0x24, 0xFF, 0x52, 0xEC, 0xC0, 0xE7, 0x3D, 0x1A, 0xFF, 0xFF, 0x00, 0xFF, 0xFF, 0x00, 0xFF, 0xFF, 0x00,
  0xFF, 0xFF, 0x00, 0xFF, 0xFF, 0x00, 0xFF, 0xFF, 0x00, 0xFF, 0xFF, 0x00, 0xFF, 0xFF, 0x00, 0xFF, 0xFF, 0x00,
  0xFF, 0xFF, 0x00, 0xFF, 0xFF, 0x00, 0xFF, 0xFF, 0x00, 0x84, 0x71, 0x80, 0x3A, 0x4A, 0xFF, 0xB6, 0x5D, 0xFF,
  0xCF, 0x1F, 0xFF, 0xC6, 0xDF, 0xFF, 0x9D, 0xDC, 0xFF, 0x32, 0x29, 0xF3, 0xE7, 0x3C, 0x1C, 0xFF, 0xFF, 0x00,
  0xFF, 0xFF, 0x00, 0xFF, 0xFF, 0x00, 0xFF, 0xFF, 0x00, 0xFF, 0xFF, 0x00, 0xFF, 0xFF, 0x00, 0x00, 0x00, 0x00,
  0x00, 0x00, 0x00, 0x00, 0x00, 0x00, 0x00, 0x00, 0x00, 0x00, 0x00, 0x00, 0x00, 0x00, 0x00, 0x00, 0x00, 0x00,
  0x00, 0x00, 0x00, 0x00, 0x00, 0x00, 0x00, 0x00, 0x00, 0x00, 0x00, 0x00, 0x00, 0x00, 0x00, 0x00, 0x00, 0x00,
  0x00, 0x00, 0x00, 0xFF, 0xFF, 0x00, 0xFF, 0xFF, 0x00, 0xFF, 0xFF, 0x00, 0xEF, 0x9E, 0x10, 0x3A, 0x49, 0xDD,
  0x84, 0xB5, 0xFF, 0xD7, 0x1F, 0xFF, 0xC6, 0xDF, 0xFF, 0xBE, 0x9F, 0xFF, 0x84, 0xF8, 0xFF, 0x42, 0x6A, 0xD9,
  0xFF, 0xDF, 0x06, 0xFF, 0xFF, 0x00, 0xFF, 0xFF, 0x00, 0xFF, 0xFF, 0x00, 0x9D, 0x14, 0x70, 0x08, 0xE4, 0xFF,
  0x73, 0xF0, 0x9A, 0xFF, 0xDF, 0x04, 0xFF, 0xFF, 0x00, 0xFF, 0xFF, 0x01, 0xFF, 0xFF, 0x00, 0xFF, 0xFF, 0x00,
  0xFF, 0xFF, 0x00, 0xFF, 0xFF, 0x00, 0xFF, 0xFF, 0x01, 0xFF, 0xFF, 0x00, 0xFF, 0xFF, 0x00, 0xFF, 0xFF, 0x00,
  0xFF, 0xFF, 0x00, 0xFF, 0xFF, 0x00, 0xC6, 0x59, 0x3B, 0x32, 0x29, 0xFF, 0xB6, 0x5D, 0xFF, 0xCE, 0xFF, 0xFF,
  0xC6, 0xBF, 0xFF, 0xB6, 0x7F, 0xFF, 0x63, 0xF3, 0xFF, 0x63, 0x6D, 0xA8, 0xFF, 0xFF, 0x00, 0xFF, 0xFF, 0x00,
  0xFF, 0xFF, 0x00, 0xFF, 0xFF, 0x00, 0xFF, 0xFF, 0x00, 0xFF, 0xFF, 0x00, 0xFF, 0xFF, 0x00, 0x00, 0x00, 0x00,
  0x00, 0x00, 0x00, 0x00, 0x00, 0x00, 0x00, 0x00, 0x00, 0x00, 0x00, 0x00, 0x00, 0x00, 0x00, 0x00, 0x00, 0x00,
  0x00, 0x00, 0x00, 0x00, 0x00, 0x00, 0x00, 0x00, 0x00, 0x00, 0x00, 0x00, 0x00, 0x00, 0x00, 0x00, 0x00, 0x00,
  0x00, 0x00, 0x00, 0xFF, 0xFF, 0x00, 0xFF, 0xFF, 0x00, 0xFF, 0xFF, 0x00, 0xA5, 0x75, 0x5C, 0x4A, 0xED, 0xFF,
  0xCE, 0xFF, 0xFF, 0xBE, 0x9F, 0xFF, 0xB6, 0x5E, 0xFF, 0xAE, 0x5E, 0xFF, 0x42, 0xCD, 0xFF, 0x94, 0xD3, 0x72,
  0xFF, 0xFF, 0x00, 0xFF, 0xFF, 0x00, 0xFF, 0xFF, 0x00, 0xF7, 0x9E, 0x0F, 0x3A, 0x49, 0xDC, 0x94, 0xF3, 0x76,
  0xFF, 0xFF, 0x00, 0xFF, 0xFF, 0x00, 0xFF, 0xFF, 0x00, 0xFF, 0xFF, 0x00, 0xF7, 0x9E, 0x0F, 0x94, 0xF3, 0x6D,
  0x63, 0x8E, 0xA2, 0xDE, 0xFB, 0x27, 0xFF, 0xFF, 0x00, 0xFF, 0xFF, 0x00, 0xFF, 0xFF, 0x00, 0xFF, 0xFF, 0x00,
  0xFF, 0xFF, 0x00, 0xFF, 0xFF, 0x00, 0x8C, 0x92, 0x7B, 0x5B, 0x90, 0xFF, 0xC6, 0xFF, 0xFF, 0xB6, 0x5E, 0xFF,
  0xAE, 0x5E, 0xFF, 0xA5, 0xDC, 0xFF, 0x32, 0x09, 0xFE, 0xCE, 0x79, 0x38, 0xFF, 0xFF, 0x00, 0xFF, 0xFF, 0x00,
  0xFF, 0xFF, 0x00, 0xFF, 0xFF, 0x00, 0xFF, 0xFF, 0x00, 0xFF, 0xFF, 0x00, 0xFF, 0xFF, 0x00, 0x00, 0x00, 0x00,
  0x00, 0x00, 0x00, 0x00, 0x00, 0x00, 0x00, 0x00, 0x00, 0x00, 0x00, 0x00, 0x00, 0x00, 0x00, 0x00, 0x00, 0x00,
  0x00, 0x00, 0x00, 0x00, 0x00, 0x00, 0x00, 0x00, 0x00, 0x00, 0x00, 0x00, 0x00, 0x00, 0x00, 0x00, 0x00, 0x00,
  0x00, 0x00, 0x00, 0xFF, 0xFF, 0x00, 0xFF, 0xFF, 0x00, 0xFF, 0xFF, 0x00, 0xB5, 0xD7, 0x4E, 0x3A, 0x6B, 0xFF,
  0xAE, 0x3E, 0xFF, 0xAE, 0x5F, 0xFF, 0xB6, 0x7F, 0xFF, 0x7C, 0x96, 0xFF, 0x3A, 0x49, 0xDD, 0xF7, 0xBE, 0x0B,
  0xFF, 0xFF, 0x00, 0xFF, 0xFF, 0x00, 0xFF, 0xFF, 0x00, 0xFF, 0xFF, 0x04, 0xE7, 0x5D, 0x1A, 0xFF, 0xFF, 0x00,
  0xFF, 0xFF, 0x00, 0xFF, 0xFF, 0x00, 0xFF, 0xFF, 0x00, 0xA5, 0x75, 0x5B, 0x3A, 0x29, 0xDE, 0x53, 0x2F, 0xFF,
  0x42, 0xAC, 0xFF, 0x8C, 0x92, 0x81, 0xFF, 0xFF, 0x00, 0xFF, 0xFF, 0x00, 0xFF, 0xFF, 0x00, 0xFF, 0xFF, 0x00,
  0xFF, 0xFF, 0x00, 0xFF, 0xFF, 0x00, 0xBE, 0x18, 0x47, 0x32, 0x09, 0xFF, 0x9D, 0xBB, 0xFF, 0xAE, 0x5F, 0xFF,
  0xAE, 0x3E, 0xFF, 0x4B, 0x0E, 0xFF, 0x6B, 0xAE, 0x9F, 0xFF, 0xFF, 0x00, 0xFF, 0xFF, 0x00, 0xFF, 0xFF, 0x00,
  0xFF, 0xFF, 0x00, 0xFF, 0xFF, 0x00, 0xFF, 0xFF, 0x00, 0xFF, 0xFF, 0x00, 0xFF, 0xFF, 0x00, 0x00, 0x00, 0x00,
  0x00, 0x00, 0x00, 0x00, 0x00, 0x00, 0x00, 0x00, 0x00, 0x00, 0x00, 0x00, 0x00, 0x00, 0x00, 0x00, 0x00, 0x00,
  0x00, 0x00, 0x00, 0x00, 0x00, 0x00, 0x00, 0x00, 0x00, 0x00, 0x00, 0x00, 0x00, 0x00, 0x00, 0x00, 0x00, 0x00,
  0x00, 0x00, 0x00, 0xFF, 0xFF, 0x00, 0xFF, 0xFF, 0x00, 0xFF, 0xFF, 0x00, 0xFF, 0xFF, 0x03, 0x5B, 0x2D, 0xB6,
  0x3A, 0x8C, 0xFF, 0x74, 0x75, 0xFF, 0x63, 0xD2, 0xFF, 0x29, 0xE8, 0xF7, 0xC6, 0x38, 0x43, 0xFF, 0xFF, 0x00,
  0xFF, 0xFF, 0x00, 0xFF, 0xFF, 0x00, 0xFF, 0xFF, 0x00, 0xFF, 0xFF, 0x00, 0xFF, 0xFF, 0x00, 0xFF, 0xFF, 0x00,
  0xFF, 0xFF, 0x00, 0xF7, 0xBE, 0x0B, 0x63, 0x6E, 0xA3, 0x3A, 0x4A, 0xFF, 0x9D, 0x79, 0xFF, 0xD7, 0x3F, 0xFF,
  0x5B, 0x90, 0xFF, 0x94, 0xD3, 0x71, 0xFF, 0xFF, 0x00, 0xFF, 0xFF, 0x00, 0xFF, 0xFF, 0x00, 0xFF, 0xFF, 0x00,
  0xFF, 0xFF, 0x00, 0xFF, 0xFF, 0x00, 0xFF, 0xFF, 0x00, 0x84, 0x71, 0x85, 0x32, 0x09, 0xF9, 0x4A, 0xED, 0xFF,
  0x32, 0x4A, 0xFF, 0x53, 0x0C, 0xBB, 0xF7, 0x9E, 0x0D, 0xFF, 0xFF, 0x00, 0xFF, 0xFF, 0x00, 0xFF, 0xFF, 0x00,
  0xFF, 0xFF, 0x00, 0xFF, 0xFF, 0x00, 0xFF, 0xFF, 0x00, 0xFF, 0xFF, 0x00, 0xFF, 0xFF, 0x00, 0x00, 0x00, 0x00,
  0x00, 0x00, 0x00, 0x00, 0x00, 0x00, 0x00, 0x00, 0x00, 0x00, 0x00, 0x00, 0x00, 0x00, 0x00, 0x00, 0x00, 0x00,
  0x00, 0x00, 0x00, 0x00, 0x00, 0x00, 0x00, 0x00, 0x00, 0x00, 0x00, 0x00, 0x00, 0x00, 0x00, 0x00, 0x00, 0x00,
  0x00, 0x00, 0x00, 0xFF, 0xFF, 0x00, 0xFF, 0xFF, 0x00, 0xFF, 0xFF, 0x00, 0xFF, 0xFF, 0x00, 0xFF, 0xDF, 0x07,
  0x94, 0xF3, 0x6E, 0x63, 0x6D, 0xA9, 0x73, 0xCF, 0x98, 0xCE, 0x79, 0x36, 0xFF, 0xFF, 0x00, 0xFF, 0xFF, 0x00,
  0xFF, 0xFF, 0x00, 0xFF, 0xFF, 0x00, 0xFF, 0xFF, 0x00, 0xFF, 0xFF, 0x00, 0xFF, 0xFF, 0x00, 0xFF, 0xFF, 0x00,
  0xEF, 0x5D, 0x15, 0x42, 0x8A, 0xC8, 0x5B, 0x4F, 0xFF, 0xC6, 0xBF, 0xFF, 0xCF, 0x1F, 0xFF, 0xBE, 0x7E, 0xFF,
  0x3A, 0x4A, 0xFF, 0xC6, 0x59, 0x3B, 0xFF, 0xFF, 0x00, 0xFF, 0xFF, 0x00, 0xFF, 0xFF, 0x00, 0xFF, 0xFF, 0x00,
  0xFF, 0xFF, 0x00, 0xFF, 0xFF, 0x00, 0xFF, 0xFF, 0x00, 0xFF, 0xFF, 0x00, 0xD6, 0xBA, 0x2C, 0xAD, 0x75, 0x58,
  0xBE, 0x18, 0x43, 0xFF, 0xFF, 0x03, 0xFF, 0xFF, 0x00, 0xFF, 0xFF, 0x00, 0xFF, 0xFF, 0x00, 0xFF, 0xFF, 0x00,
  0xFF, 0xFF, 0x00, 0xFF, 0xFF, 0x00, 0xFF, 0xFF, 0x00, 0xFF, 0xFF, 0x00, 0xFF, 0xFF, 0x00, 0x00, 0x00, 0x00,
  0x00, 0x00, 0x00, 0x00, 0x00, 0x00, 0x00, 0x00, 0x00, 0x00, 0x00, 0x00, 0x00, 0x00, 0x00, 0x00, 0x00, 0x00,
  0x00, 0x00, 0x00, 0x00, 0x00, 0x00, 0x00, 0x00, 0x00, 0x00, 0x00, 0x00, 0x00, 0x00, 0x00, 0x00, 0x00, 0x00,
  0x00, 0x00, 0x00, 0xFF, 0xFF, 0x00, 0xFF, 0xFF, 0x00, 0xFF, 0xFF, 0x00, 0xFF, 0xFF, 0x00, 0xFF, 0xFF, 0x00,
  0xFF, 0xFF, 0x00, 0xFF, 0xFF, 0x00, 0xFF, 0xFF, 0x00, 0xFF, 0xFF, 0x00, 0xFF, 0xFF, 0x00, 0xFF, 0xFF, 0x00,
  0xFF, 0xFF, 0x00, 0xFF, 0xFF, 0x00, 0xFF, 0xFF, 0x00, 0xFF, 0xFF, 0x00, 0xFF, 0xFF, 0x00, 0xFF, 0xDF, 0x06,
  0x4A, 0xCB, 0xC5, 0x63, 0xD1, 0xFF, 0xCF, 0x1F, 0xFF, 0xCE, 0xFF, 0xFF, 0xC6, 0xBF, 0xFF, 0x8D, 0x18, 0xFF,
  0x42, 0x6A, 0xDA, 0xFF, 0xDF, 0x06, 0xFF, 0xFF, 0x00, 0xFF, 0xFF, 0x00, 0xFF, 0xFF, 0x00, 0xFF, 0xFF, 0x00,
  0xFF, 0xFF, 0x00, 0xFF, 0xFF, 0x00, 0xFF, 0xFF, 0x00, 0xFF, 0xFF, 0x00, 0xFF, 0xFF, 0x00, 0xFF, 0xFF, 0x00,
  0xFF, 0xFF, 0x00, 0xFF, 0xFF, 0x00, 0xFF, 0xFF, 0x00, 0xFF, 0xFF, 0x00, 0xFF, 0xFF, 0x00, 0xFF, 0xFF, 0x00,
  0xFF, 0xFF, 0x00, 0xFF, 0xFF, 0x00, 0xFF, 0xFF, 0x00, 0xFF, 0xFF, 0x00, 0xFF, 0xFF, 0x00, 0x00, 0x00, 0x00,
  0x00, 0x00, 0x00, 0x00, 0x00, 0x00, 0x00, 0x00, 0x00, 0x00, 0x00, 0x00, 0x00, 0x00, 0x00, 0x00, 0x00, 0x00,
  0x00, 0x00, 0x00, 0x00, 0x00, 0x00, 0x00, 0x00, 0x00, 0x00, 0x00, 0x00, 0x00, 0x00, 0x00, 0x00, 0x00, 0x00,
  0x00, 0x00, 0x00, 0xFF, 0xFF, 0x00, 0xFF, 0xFF, 0x00, 0xFF, 0xFF, 0x00, 0xFF, 0xFF, 0x00, 0xFF, 0xFF, 0x00,
  0xFF, 0xFF, 0x00, 0xFF, 0xFF, 0x00, 0xFF, 0xFF, 0x00, 0xFF, 0xFF, 0x00, 0xFF, 0xFF, 0x00, 0xFF, 0xFF, 0x00,
  0xFF, 0xFF, 0x00, 0xFF, 0xFF, 0x00, 0xFF, 0xFF, 0x00, 0xFF, 0xFF, 0x00, 0xFF, 0xFF, 0x00, 0x9D, 0x34, 0x65,
  0x4A, 0xCD, 0xFF, 0xCE, 0xFF, 0xFF, 0xC6, 0xDF, 0xFF, 0xBE, 0x7E, 0xFF, 0xB6, 0x5F, 0xFF, 0x4A, 0xEE, 0xFF,
  0x8C, 0xB2, 0x79, 0xFF, 0xFF, 0x00, 0xFF, 0xFF, 0x00, 0xFF, 0xFF, 0x00, 0xFF, 0xFF, 0x00, 0xFF, 0xFF, 0x00,
  0xFF, 0xFF, 0x00, 0xFF, 0xFF, 0x00, 0xFF, 0xFF, 0x00, 0xFF, 0xFF, 0x00, 0xFF, 0xFF, 0x00, 0xFF, 0xFF, 0x00,
  0xFF, 0xFF, 0x00, 0xFF, 0xFF, 0x00, 0xFF, 0xFF, 0x00, 0xFF, 0xFF, 0x00, 0xFF, 0xFF, 0x00, 0xFF, 0xFF, 0x00,
  0xFF, 0xFF, 0x00, 0xFF, 0xFF, 0x00, 0xFF, 0xFF, 0x00, 0xFF, 0xFF, 0x00, 0xFF, 0xFF, 0x00, 0x00, 0x00, 0x00,
  0x00, 0x00, 0x00, 0x00, 0x00, 0x00, 0x00, 0x00, 0x00, 0x00, 0x00, 0x00, 0x00, 0x00, 0x00, 0x00, 0x00, 0x00,
  0x00, 0x00, 0x00, 0x00, 0x00, 0x00, 0x00, 0x00, 0x00, 0x00, 0x00, 0x00, 0x00, 0x00, 0x00, 0x00, 0x00, 0x00,
  0x00, 0x00, 0x00, 0xFF, 0xFF, 0x00, 0xFF, 0xFF, 0x00, 0xFF, 0xFF, 0x00, 0xFF, 0xFF, 0x00, 0xFF, 0xFF, 0x00,
  0xFF, 0xFF, 0x00, 0xFF, 0xFF, 0x00, 0xFF, 0xFF, 0x00, 0xFF, 0xFF, 0x00, 0xFF, 0xFF, 0x00, 0xFF, 0xFF, 0x00,
  0xFF, 0xFF, 0x00, 0xFF, 0xFF, 0x00, 0xFF, 0xFF, 0x00, 0xFF, 0xFF, 0x00, 0xFF, 0xFF, 0x00, 0x84, 0x71, 0x80,
  0x5B, 0x70, 0xFF, 0xBE, 0xBF, 0xFF, 0xAE, 0x3E, 0xFF, 0xAE, 0x5F, 0xFF, 0x8D, 0x18, 0xFF, 0x32, 0x29, 0xE8,
  0xEF, 0x7D, 0x13, 0xFF, 0xFF, 0x00, 0xFF, 0xFF, 0x00, 0xFF, 0xFF, 0x00, 0xFF, 0xFF, 0x00, 0xFF, 0xFF, 0x00,
  0xFF, 0xFF, 0x00, 0xFF, 0xFF, 0x00, 0xFF, 0xFF, 0x00, 0xFF, 0xFF, 0x00, 0xFF, 0xFF, 0x00, 0xFF, 0xFF, 0x00,
  0xFF, 0xFF, 0x00, 0xFF, 0xFF, 0x00, 0xFF, 0xFF, 0x00, 0xFF, 0xFF, 0x00, 0xFF, 0xFF, 0x00, 0xFF, 0xFF, 0x00,
  0xFF, 0xFF, 0x00, 0xFF, 0xFF, 0x00, 0xFF, 0xFF, 0x00, 0xFF, 0xFF, 0x00, 0xFF, 0xFF, 0x00, 0x00, 0x00, 0x00,
  0x00, 0x00, 0x00, 0x00, 0x00, 0x00, 0x00, 0x00, 0x00, 0x00, 0x00, 0x00, 0x00, 0x00, 0x00, 0x00, 0x00, 0x00,
  0x00, 0x00, 0x00, 0x00, 0x00, 0x00, 0x00, 0x00, 0x00, 0x00, 0x00, 0x00, 0x00, 0x00, 0x00, 0x00, 0x00, 0x00,
  0x00, 0x00, 0x00, 0xFF, 0xFF, 0x00, 0xFF, 0xFF, 0x00, 0xFF, 0xFF, 0x00, 0xFF, 0xFF, 0x00, 0xFF, 0xFF, 0x00,
  0xFF, 0xFF, 0x00, 0xFF, 0xFF, 0x00, 0xFF, 0xFF, 0x00, 0xFF, 0xFF, 0x00, 0xFF, 0xFF, 0x00, 0xFF, 0xFF, 0x00,
  0xFF, 0xFF, 0x00, 0xFF, 0xFF, 0x00, 0xFF, 0xFF, 0x00, 0xFF, 0xFF, 0x00, 0xFF, 0xFF, 0x00, 0xD6, 0xBA, 0x2D,
  0x29, 0xE8, 0xF6, 0x74, 0x75, 0xFF, 0x9D, 0xDC, 0xFF, 0x8D, 0x19, 0xFF, 0x29, 0xE9, 0xFF, 0xA5, 0x75, 0x5E,
  0xFF, 0xFF, 0x00, 0xFF, 0xFF, 0x00, 0xFF, 0xFF, 0x00, 0xFF, 0xFF, 0x00, 0xFF, 0xFF, 0x00, 0xFF, 0xFF, 0x00,
  0xFF, 0xFF, 0x00, 0xFF, 0xFF, 0x00, 0xFF, 0xFF, 0x00, 0xFF, 0xFF, 0x00, 0xFF, 0xFF, 0x00, 0xFF, 0xFF, 0x00,
  0xFF, 0xFF, 0x00, 0xFF, 0xFF, 0x00, 0xFF, 0xFF, 0x00, 0xFF, 0xFF, 0x00, 0xFF, 0xFF, 0x00, 0xFF, 0xFF, 0x00,
  0xFF, 0xFF, 0x00, 0xFF, 0xFF, 0x00, 0xFF, 0xFF, 0x00, 0xFF, 0xFF, 0x00, 0xFF, 0xFF, 0x00, 0x00, 0x00, 0x00,
  0x00, 0x00, 0x00, 0x00, 0x00, 0x00, 0x00, 0x00, 0x00, 0x00, 0x00, 0x00, 0x00, 0x00, 0x00, 0x00, 0x00, 0x00,
  0x00, 0x00, 0x00, 0x00, 0x00, 0x00, 0x00, 0x00, 0x00, 0x00, 0x00, 0x00, 0x00, 0x00, 0x00, 0x00, 0x00, 0x00,
  0x00, 0x00, 0x00, 0xFF, 0xFF, 0x00, 0xFF, 0xFF, 0x00, 0xFF, 0xFF, 0x00, 0xFF, 0xFF, 0x00, 0xFF, 0xFF, 0x00,
  0xFF, 0xFF, 0x00, 0xFF, 0xFF, 0x00, 0xFF, 0xFF, 0x00, 0xFF, 0xFF, 0x00, 0xFF, 0xFF, 0x00, 0xFF, 0xFF, 0x00,
  0xFF, 0xFF, 0x00, 0xFF, 0xFF, 0x00, 0xFF, 0xFF, 0x00, 0xFF, 0xFF, 0x00, 0xFF, 0xFF, 0x00, 0xFF, 0xFF, 0x00,
  0xBE, 0x18, 0x45, 0x4A, 0xAB, 0xC8, 0x3A, 0x4A, 0xED, 0x3A, 0x6A, 0xDA, 0x9D, 0x14, 0x6B, 0xFF, 0xFF, 0x00,
  0xFF, 0xFF, 0x00, 0xFF, 0xFF, 0x00, 0xFF, 0xFF, 0x00, 0xFF, 0xFF, 0x00, 0xFF, 0xFF, 0x00, 0xFF, 0xFF, 0x00,
  0xFF, 0xFF, 0x00, 0xEF, 0x5D, 0x15, 0xDE, 0xFB, 0x25, 0xFF, 0xFF, 0x00, 0xFF, 0xFF, 0x00, 0xFF, 0xFF, 0x00,
  0xFF, 0xFF, 0x00, 0xFF, 0xFF, 0x00, 0xFF, 0xFF, 0x00, 0xFF, 0xFF, 0x00, 0xFF, 0xFF, 0x00, 0xFF, 0xFF, 0x00,
  0xFF, 0xFF, 0x00, 0xFF, 0xFF, 0x00, 0xFF, 0xFF, 0x00, 0xFF, 0xFF, 0x00, 0xFF, 0xFF, 0x00, 0x00, 0x00, 0x00,
  0x00, 0x00, 0x00, 0x00, 0x00, 0x00, 0x00, 0x00, 0x00, 0x00, 0x00, 0x00, 0x00, 0x00, 0x00, 0x00, 0x00, 0x00,
  0x00, 0x00, 0x00, 0x00, 0x00, 0x00, 0x00, 0x00, 0x00, 0x00, 0x00, 0x00, 0x00, 0x00, 0x00, 0x00, 0x00, 0x00,
  0x00, 0x00, 0x00, 0xFF, 0xFF, 0x00, 0xFF, 0xFF, 0x00, 0xFF, 0xFF, 0x00, 0xFF, 0xFF, 0x00, 0xFF, 0xFF, 0x00,
  0xFF, 0xFF, 0x00, 0xFF, 0xFF, 0x00, 0xFF, 0xFF, 0x00, 0xFF, 0xFF, 0x00, 0xFF, 0xFF, 0x00, 0xFF, 0xFF, 0x00,
  0xFF, 0xFF, 0x00, 0xFF, 0xFF, 0x00, 0xFF, 0xFF, 0x00, 0xFF, 0xFF, 0x00, 0xFF, 0xFF, 0x00, 0xFF, 0xFF, 0x00,
  0xFF, 0xFF, 0x00, 0xFF, 0xFF, 0x01, 0xEF, 0x5D, 0x15, 0xF7, 0xBE, 0x08, 0xFF, 0xFF, 0x00, 0xFF, 0xFF, 0x00,
  0xFF, 0xFF, 0x00, 0xFF, 0xFF, 0x00, 0xFF, 0xFF, 0x00, 0xFF, 0xFF, 0x00, 0xFF, 0xFF, 0x00, 0xEF, 0x7D, 0x12,
  0x84, 0x51, 0x85, 0x3A, 0x49, 0xE7, 0x29, 0xE8, 0xF6, 0xCE, 0x9A, 0x34, 0xFF, 0xFF, 0x00, 0xFF, 0xFF, 0x00,
  0xFF, 0xFF, 0x00, 0xFF, 0xFF, 0x00, 0xFF, 0xFF, 0x00, 0xFF, 0xFF, 0x00, 0xFF, 0xFF, 0x00, 0xFF, 0xFF, 0x00,
  0xFF, 0xFF, 0x00, 0xFF, 0xFF, 0x00, 0xFF, 0xFF, 0x00, 0xFF, 0xFF, 0x00, 0xFF, 0xFF, 0x00, 0x00, 0x00, 0x00,
  0x00, 0x00, 0x00, 0x00, 0x00, 0x00, 0x00, 0x00, 0x00, 0x00, 0x00, 0x00, 0x00, 0x00, 0x00, 0x00, 0x00, 0x00,
  0x00, 0x00, 0x00, 0x00, 0x00, 0x00, 0x00, 0x00, 0x00, 0x00, 0x00, 0x00, 0x00, 0x00, 0x00, 0x00, 0x00, 0x00,
  0x00, 0x00, 0x00, 0xFF, 0xFF, 0x00, 0xFF, 0xFF, 0x00, 0xFF, 0xFF, 0x00, 0xFF, 0xFF, 0x00, 0xFF, 0xFF, 0x00,
  0xFF, 0xFF, 0x00, 0xFF, 0xFF, 0x00, 0xFF, 0xFF, 0x00, 0xFF, 0xFF, 0x00, 0xFF, 0xFF, 0x00, 0xD6, 0xBA, 0x2F,
  0x73, 0xCF, 0x94, 0x7C, 0x30, 0x95, 0xFF, 0xDF, 0x07, 0xFF, 0xFF, 0x00, 0xFF, 0xFF, 0x00, 0xFF, 0xFF, 0x00,
  0xFF, 0xFF, 0x00, 0xFF, 0xFF, 0x00, 0xFF, 0xFF, 0x00, 0xFF, 0xFF, 0x00, 0xFF, 0xFF, 0x00, 0xFF, 0xFF, 0x00,
  0xFF, 0xFF, 0x00, 0xFF, 0xFF, 0x00, 0xFF, 0xFF, 0x00, 0xFF, 0xFF, 0x00, 0xB5, 0xD7, 0x4E, 0x3A, 0x29, 0xDE,
  0x5B, 0x4F, 0xFF, 0xB6, 0x3C, 0xFF, 0x4A, 0xCD, 0xFF, 0xB5, 0xB6, 0x52, 0xFF, 0xFF, 0x00, 0xFF, 0xFF, 0x00,
  0xFF, 0xFF, 0x00, 0xFF, 0xFF, 0x00, 0xFF, 0xFF, 0x00, 0xFF, 0xFF, 0x00, 0xFF, 0xFF, 0x00, 0xFF, 0xFF, 0x00,
  0xFF, 0xFF, 0x00, 0xFF, 0xFF, 0x00, 0xFF, 0xFF, 0x00, 0xFF, 0xFF, 0x00, 0xFF, 0xFF, 0x00, 0x00, 0x00, 0x00,
  0x00, 0x00, 0x00, 0x00, 0x00, 0x00, 0x00, 0x00, 0x00, 0x00, 0x00, 0x00, 0x00, 0x00, 0x00, 0x00, 0x00, 0x00,
  0x00, 0x00, 0x00, 0x00, 0x00, 0x00, 0x00, 0x00, 0x00, 0x00, 0x00, 0x00, 0x00, 0x00, 0x00, 0x00, 0x00, 0x00,
  0x00, 0x00, 0x00, 0xFF, 0xFF, 0x00, 0xFF, 0xFF, 0x00, 0xFF, 0xFF, 0x00, 0xFF, 0xFF, 0x00, 0xFF, 0xFF, 0x00,
  0xFF, 0xFF, 0x00, 0xFF, 0xFF, 0x00, 0xFF, 0xFF, 0x00, 0xEF, 0x9E, 0x0F, 0x73, 0xCF, 0x94, 0x32, 0x29, 0xF9,
  0x6B, 0xF2, 0xFF, 0x32, 0x09, 0xFF, 0xCE, 0x9A, 0x31, 0xFF, 0xFF, 0x00, 0xFF, 0xFF, 0x00, 0xFF, 0xFF, 0x00,
  0xFF, 0xFF, 0x00, 0xFF, 0xFF, 0x00, 0xFF, 0xFF, 0x00, 0xFF, 0xFF, 0x00, 0xFF, 0xFF, 0x00, 0xFF, 0xFF, 0x00,
  0xFF, 0xFF, 0x00, 0xFF, 0xFF, 0x00, 0xFF, 0xFF, 0x00, 0x84, 0x71, 0x81, 0x32, 0x09, 0xFF, 0x95, 0x58, 0xFF,
  0xD7, 0x1F, 0xFF, 0xBE, 0x9F, 0xFF, 0x3A, 0x4A, 0xFD, 0xD6, 0xBA, 0x2E, 0xFF, 0xFF, 0x00, 0xFF, 0xFF, 0x00,
  0xFF, 0xFF, 0x00, 0xFF, 0xFF, 0x00, 0xFF, 0xFF, 0x00, 0xFF, 0xFF, 0x00, 0xFF, 0xFF, 0x00, 0xFF, 0xFF, 0x00,
  0xFF, 0xFF, 0x00, 0xFF, 0xFF, 0x00, 0xFF, 0xFF, 0x00, 0xFF, 0xFF, 0x00, 0xFF, 0xFF, 0x00, 0x00, 0x00, 0x00,
  0x00, 0x00, 0x00, 0x00, 0x00, 0x00, 0x00, 0x00, 0x00, 0x00, 0x00, 0x00, 0x00, 0x00, 0x00, 0x00, 0x00, 0x00,
  0x00, 0x00, 0x00, 0x00, 0x00, 0x00, 0x00, 0x00, 0x00, 0x00, 0x00, 0x00, 0x00, 0x00, 0x00, 0x00, 0x00, 0x00,
  0x00, 0x00, 0x00, 0xFF, 0xFF, 0x00, 0xFF, 0xFF, 0x00, 0xFF, 0xFF, 0x00, 0xFF, 0xFF, 0x00, 0xFF, 0xFF, 0x00,
  0xFF, 0xFF, 0x00, 0xFF, 0xFF, 0x00, 0xCE, 0x79, 0x39, 0x3A, 0x49, 0xD8, 0x5B, 0x6F, 0xFF, 0xBE, 0x7D, 0xFF,
  0xC6, 0xDF, 0xFF, 0x3A, 0x6A, 0xFA, 0xDE, 0xFB, 0x25, 0xFF, 0xFF, 0x00, 0xFF, 0xFF, 0x00, 0xFF, 0xFF, 0x00,
  0xFF, 0xFF, 0x00, 0xFF, 0xFF, 0x00, 0xFF, 0xFF, 0x00, 0xFF, 0xFF, 0x00, 0xFF, 0xFF, 0x00, 0xFF, 0xFF, 0x00,
  0xFF, 0xFF, 0x00, 0xFF, 0xFF, 0x00, 0x7C, 0x10, 0x8F, 0x3A, 0x6B, 0xFF, 0xB6, 0x5D, 0xFF, 0xCF, 0x1F, 0xFF,
  0xC6, 0xDF, 0xFF, 0x8D, 0x18, 0xFF, 0x42, 0x8A, 0xD8, 0xFF, 0xDF, 0x05, 0xFF, 0xFF, 0x00, 0xFF, 0xFF, 0x00,
  0xFF, 0xFF, 0x00, 0xFF, 0xFF, 0x00, 0xFF, 0xFF, 0x00, 0xFF, 0xFF, 0x00, 0xFF, 0xFF, 0x00, 0xFF, 0xFF, 0x00,
  0xFF, 0xFF, 0x00, 0xFF, 0xFF, 0x00, 0xFF, 0xFF, 0x00, 0xFF, 0xFF, 0x00, 0xFF, 0xFF, 0x00, 0x00, 0x00, 0x00,
  0x00, 0x00, 0x00, 0x00, 0x00, 0x00, 0x00, 0x00, 0x00, 0x00, 0x00, 0x00, 0x00, 0x00, 0x00, 0x00, 0x00, 0x00,
  0x00, 0x00, 0x00, 0x00, 0x00, 0x00, 0x00, 0x00, 0x00, 0x00, 0x00, 0x00, 0x00, 0x00, 0x00, 0x00, 0x00, 0x00,
  0x00, 0x00, 0x00, 0xFF, 0xFF, 0x00, 0xFF, 0xFF, 0x00, 0xFF, 0xFF, 0x00, 0xFF, 0xFF, 0x00, 0xFF, 0xFF, 0x00,
  0xFF, 0xFF, 0x00, 0xB5, 0xD7, 0x4F, 0x29, 0xE8, 0xF4, 0x8C, 0xF6, 0xFF, 0xCF, 0x1F, 0xFF, 0xCF, 0x1F, 0xFF,
  0x95, 0x59, 0xFF, 0x42, 0x8A, 0xD7, 0xFF, 0xDF, 0x05, 0xFF, 0xFF, 0x00, 0xFF, 0xFF, 0x00, 0xFF, 0xFF, 0x00,
  0xFF, 0xFF, 0x00, 0xFF, 0xFF, 0x00, 0xFF, 0xFF, 0x00, 0xFF, 0xFF, 0x00, 0xFF, 0xFF, 0x00, 0xFF, 0xFF, 0x00,
  0xFF, 0xFF, 0x00, 0xAD, 0x96, 0x59, 0x3A, 0x4A, 0xFF, 0xBE, 0x9E, 0xFF, 0xCE, 0xFF, 0xFF, 0xC6, 0xBF, 0xFF,
  0xB6, 0x7F, 0xFF, 0x4B, 0x2F, 0xFF, 0x84, 0x71, 0x81, 0xFF, 0xFF, 0x00, 0xFF, 0xFF, 0x00, 0xFF, 0xFF, 0x00,
  0xFF, 0xFF, 0x00, 0xFF, 0xFF, 0x00, 0xFF, 0xFF, 0x00, 0xFF, 0xFF, 0x00, 0xFF, 0xFF, 0x00, 0xFF, 0xFF, 0x00,
  0xFF, 0xFF, 0x00, 0xFF, 0xFF, 0x00, 0xFF, 0xFF, 0x00, 0xFF, 0xFF, 0x00, 0xFF, 0xFF, 0x00, 0x00, 0x00, 0x00,
  0x00, 0x00, 0x00, 0x00, 0x00, 0x00, 0x00, 0x00, 0x00, 0x00, 0x00, 0x00, 0x00, 0x00, 0x00, 0x00, 0x00, 0x00,
  0x00, 0x00, 0x00, 0x00, 0x00, 0x00, 0x00, 0x00, 0x00, 0x00, 0x00, 0x00, 0x00, 0x00, 0x00, 0x00, 0x00, 0x00,
  0x00, 0x00, 0x00, 0xFF, 0xFF, 0x00, 0xFF, 0xFF, 0x00, 0xFF, 0xFF, 0x00, 0xFF, 0xFF, 0x00, 0xFF, 0xFF, 0x00,
  0xCE, 0x79, 0x38, 0x29, 0xE8, 0xF7, 0x9D, 0x79, 0xFF, 0xCF, 0x1F, 0xFF, 0xC6, 0xDF, 0xFF, 0xBE, 0x9F, 0xFF,
  0x53, 0x70, 0xFF, 0x7C, 0x30, 0x8B, 0xFF, 0xFF, 0x00, 0xFF, 0xFF, 0x00, 0xFF, 0xFF, 0x00, 0xFF, 0xFF, 0x00,
  0xFF, 0xFF, 0x00, 0xFF, 0xFF, 0x00, 0xFF, 0xFF, 0x00, 0xFF, 0xFF, 0x00, 0xFF, 0xFF, 0x00, 0xFF, 0xFF, 0x00,
  0xFF, 0xFF, 0x00, 0x5B, 0x2D, 0xB3, 0x84, 0xB6, 0xFF, 0xC6, 0xFF, 0xFF, 0xB6, 0x7E, 0xFF, 0xAE, 0x5E, 0xFF,
  0x95, 0x7A, 0xFF, 0x32, 0x09, 0xF2, 0xE7, 0x1C, 0x1D, 0xFF, 0xFF, 0x00, 0xFF, 0xFF, 0x00, 0xFF, 0xFF, 0x00,
  0xFF, 0xFF, 0x00, 0xFF, 0xFF, 0x00, 0xFF, 0xFF, 0x00, 0xFF, 0xFF, 0x00, 0xFF, 0xFF, 0x00, 0xFF, 0xFF, 0x00,
  0xFF, 0xFF, 0x00, 0xFF, 0xFF, 0x00, 0xFF, 0xFF, 0x00, 0xFF, 0xFF, 0x00, 0xFF, 0xFF, 0x00, 0x00, 0x00, 0x00,
  0x00, 0x00, 0x00, 0x00, 0x00, 0x00, 0x00, 0x00, 0x00, 0x00, 0x00, 0x00, 0x00, 0x00, 0x00, 0x00, 0x00, 0x00,
  0x00, 0x00, 0x00, 0x00, 0x00, 0x00, 0x00, 0x00, 0x00, 0x00, 0x00, 0x00, 0x00, 0x00, 0x00, 0x00, 0x00, 0x00,
  0x00, 0x00, 0x00, 0xFF, 0xFF, 0x00, 0xFF, 0xFF, 0x00, 0xFF, 0xFF, 0x00, 0xFF, 0xFF, 0x00, 0xFF, 0xFF, 0x00,
  0x5B, 0x0C, 0xBA, 0x84, 0x95, 0xFF, 0xD7, 0x1F, 0xFF, 0xC6, 0xBF, 0xFF, 0xB6, 0x7E, 0xFF, 0x9D, 0xDC, 0xFF,
  0x32, 0x09, 0xF9, 0xD6, 0xDB, 0x2A, 0xFF, 0xFF, 0x00, 0xFF, 0xFF, 0x00, 0xFF, 0xFF, 0x00, 0xFF, 0xFF, 0x00,
  0xFF, 0xFF, 0x00, 0xFF, 0xFF, 0x00, 0xFF, 0xFF, 0x00, 0xFF, 0xFF, 0x00, 0xFF, 0xFF, 0x00, 0xFF, 0xFF, 0x00,
  0xFF, 0xFF, 0x00, 0x7C, 0x10, 0x91, 0x53, 0x2F, 0xFF, 0xB6, 0x7F, 0xFF, 0xAE, 0x5F, 0xFF, 0xAE, 0x3E, 0xFF,
  0x42, 0xAC, 0xFF, 0x84, 0x71, 0x82, 0xFF, 0xFF, 0x00, 0xFF, 0xFF, 0x00, 0xFF, 0xFF, 0x00, 0xFF, 0xFF, 0x00,
  0xFF, 0xFF, 0x00, 0xFF, 0xFF, 0x00, 0xFF, 0xFF, 0x00, 0xFF, 0xFF, 0x00, 0xFF, 0xFF, 0x00, 0xFF, 0xFF, 0x00,
  0xFF, 0xFF, 0x00, 0xFF, 0xFF, 0x00, 0xFF, 0xFF, 0x00, 0xFF, 0xFF, 0x00, 0xFF, 0xFF, 0x00, 0x00, 0x00, 0x00,
  0x00, 0x00, 0x00, 0x00, 0x00, 0x00, 0x00, 0x00, 0x00, 0x00, 0x00, 0x00, 0x00, 0x00, 0x00, 0x00, 0x00, 0x00,
  0x00, 0x00, 0x00, 0x00, 0x00, 0x00, 0x00, 0x00, 0x00, 0x00, 0x00, 0x00, 0x00, 0x00, 0x00, 0x00, 0x00, 0x00,
  0x00, 0x00, 0x00, 0xFF, 0xFF, 0x00, 0xFF, 0xFF, 0x00, 0xFF, 0xFF, 0x00, 0xFF, 0xFF, 0x00, 0xFF, 0xFF, 0x00,
  0x4A, 0xAA, 0xD0, 0x8D, 0x18, 0xFF, 0xB6, 0x9F, 0xFF, 0xAE, 0x3E, 0xFF, 0xB6, 0x7F, 0xFF, 0x53, 0x70, 0xFF,
  0x6B, 0xAE, 0xA1, 0xFF, 0xFF, 0x00, 0xFF, 0xFF, 0x00, 0xFF, 0xFF, 0x00, 0xFF, 0xFF, 0x00, 0xFF, 0xFF, 0x00,
  0xFF, 0xFF, 0x00, 0xFF, 0xFF, 0x00, 0xFF, 0xFF, 0x00, 0xFF, 0xFF, 0x00, 0xFF, 0xFF, 0x00, 0xFF, 0xFF, 0x00,
  0xFF, 0xFF, 0x00, 0xEF, 0x5D, 0x18, 0x42, 0x8A, 0xD1, 0x42, 0xAD, 0xFF, 0x63, 0xB2, 0xFF, 0x3A, 0x6B, 0xFF,
  0x5B, 0x2C, 0xB7, 0xFF, 0xDF, 0x04, 0xFF, 0xFF, 0x00, 0xFF, 0xFF, 0x00, 0xFF, 0xFF, 0x00, 0xFF, 0xFF, 0x00,
  0xFF, 0xFF, 0x00, 0xFF, 0xFF, 0x00, 0xFF, 0xFF, 0x00, 0xFF, 0xFF, 0x00, 0xFF, 0xFF, 0x00, 0xFF, 0xFF, 0x00,
  0xFF, 0xFF, 0x00, 0xFF, 0xFF, 0x00, 0xFF, 0xFF, 0x00, 0xFF, 0xFF, 0x00, 0xFF, 0xFF, 0x00, 0x00, 0x00, 0x00,
  0x00, 0x00, 0x00, 0x00, 0x00, 0x00, 0x00, 0x00, 0x00, 0x00, 0x00, 0x00, 0x00, 0x00, 0x00, 0x00, 0x00, 0x00,
  0x00, 0x00, 0x00, 0x00, 0x00, 0x00, 0x00, 0x00, 0x00, 0x00, 0x00, 0x00, 0x00, 0x00, 0x00, 0x00, 0x00, 0x00,
  0x00, 0x00, 0x00, 0xFF, 0xFF, 0x00, 0xFF, 0xFF, 0x00, 0xFF, 0xFF, 0x00, 0xFF, 0xFF, 0x00, 0xFF, 0xFF, 0x00,
  0x9C, 0xF3, 0x6F, 0x32, 0x2A, 0xFF, 0x8D, 0x39, 0xFF, 0x9D, 0xDC, 0xFF, 0x6C, 0x13, 0xFF, 0x32, 0x29, 0xE5,
  0xE7, 0x3C, 0x1A, 0xFF, 0xFF, 0x00, 0xFF, 0xFF, 0x00, 0xFF, 0xFF, 0x00, 0xFF, 0xFF, 0x00, 0xFF, 0xFF, 0x00,
  0xFF, 0xFF, 0x00, 0xFF, 0xFF, 0x00, 0xFF, 0xFF, 0x00, 0xFF, 0xFF, 0x00, 0xFF, 0xFF, 0x00, 0xFF, 0xFF, 0x00,
  0xFF, 0xFF, 0x00, 0xFF, 0xFF, 0x00, 0xF7, 0x9E, 0x0E, 0x9D, 0x34, 0x64, 0x7C, 0x30, 0x85, 0xA5, 0x75, 0x5C,
  0xFF, 0xDF, 0x05, 0xFF, 0xFF, 0x00, 0xFF, 0xFF, 0x00, 0xFF, 0xFF, 0x00, 0xFF, 0xFF, 0x00, 0xFF, 0xFF, 0x00,
  0xFF, 0xFF, 0x00, 0xFF, 0xFF, 0x00, 0xFF, 0xFF, 0x00, 0xFF, 0xFF, 0x00, 0xFF, 0xFF, 0x00, 0xFF, 0xFF, 0x00,
  0xFF, 0xFF, 0x00, 0xFF, 0xFF, 0x00, 0xFF, 0xFF, 0x00, 0xFF, 0xFF, 0x00, 0xFF, 0xFF, 0x00, 0x00, 0x00, 0x00,
  0x00, 0x00, 0x00, 0x00, 0x00, 0x00, 0x00, 0x00, 0x00, 0x00, 0x00, 0x00, 0x00, 0x00, 0x00, 0x00, 0x00, 0x00,
  0x00, 0x00, 0x00, 0x00, 0x00, 0x00, 0x00, 0x00, 0x00, 0x00, 0x00, 0x00, 0x00, 0x00, 0x00, 0x00, 0x00, 0x00,
  0x00, 0x00, 0x00, 0xFF, 0xFF, 0x00, 0xFF, 0xFF, 0x00, 0xFF, 0xFF, 0x00, 0xFF, 0xFF, 0x00, 0xFF, 0xFF, 0x00,
  0xFF, 0xFF, 0x00, 0x94, 0xF3, 0x72, 0x3A, 0x6A, 0xD8, 0x32, 0x08, 0xED, 0x52, 0xEC, 0xBC, 0xD6, 0xBA, 0x30,
  0xFF, 0xFF, 0x00, 0xFF, 0xFF, 0x00, 0xFF, 0xFF, 0x00, 0xFF, 0xFF, 0x00, 0xFF, 0xFF, 0x00, 0xFF, 0xFF, 0x00,
  0xFF, 0xFF, 0x00, 0xFF, 0xFF, 0x00, 0xFF, 0xFF, 0x00, 0xFF, 0xFF, 0x00, 0xFF, 0xFF, 0x00, 0xFF, 0xFF, 0x00,
  0xFF, 0xFF, 0x00, 0xFF, 0xFF, 0x00, 0xFF, 0xFF, 0x00, 0xFF, 0xFF, 0x00, 0xFF, 0xFF, 0x00, 0xFF, 0xFF, 0x00,
  0xFF, 0xFF, 0x00, 0xFF, 0xFF, 0x00, 0xFF, 0xFF, 0x00, 0xFF, 0xFF, 0x00, 0xFF, 0xFF, 0x00, 0xFF, 0xFF, 0x00,
  0xFF, 0xFF, 0x00, 0xFF, 0xFF, 0x00, 0xFF, 0xFF, 0x00, 0xFF, 0xFF, 0x00, 0xFF, 0xFF, 0x00, 0xFF, 0xFF, 0x00,
  0xFF, 0xFF, 0x00, 0xFF, 0xFF, 0x00, 0xFF, 0xFF, 0x00, 0xFF, 0xFF, 0x00, 0xFF, 0xFF, 0x00, 0x00, 0x00, 0x00,
  0x00, 0x00, 0x00, 0x00, 0x00, 0x00, 0x00, 0x00, 0x00, 0x00, 0x00, 0x00, 0x00, 0x00, 0x00, 0x00, 0x00, 0x00,
};
const uint32_t image_weather_thunder_map_len = sizeof(image_weather_thunder_map);

const lv_img_dsc_t image_weather_thunder = {
  .header = {
    .cf = LV_IMG_CF_TRUE_COLOR_ALPHA,
    .always_zero = 0,
    .reserved = 0,
    .w = 60,
    .h = 60,
  },
  .data_size = image_weather_thunder_map_len,
  .data = image_weather_thunder_map,
};

const uint8_t image_weather_snow_map[] = {
  0xFF, 0xFF, 0x00, 0xFF, 0xFF, 0x00, 0xFF, 0xFF, 0x00, 0xFF, 0xFF, 0x00, 0xFF, 0xFF, 0x00, 0xFF, 0xFF, 0x00,
  0xFF, 0xFF, 0x00, 0xFF, 0xFF, 0x00, 0xFF, 0xFF, 0x00, 0xFF, 0xFF, 0x00, 0xFF, 0xFF, 0x00, 0xFF, 0xFF, 0x00,
  0xFF, 0xFF, 0x00, 0xFF, 0xFF, 0x00, 0xFF, 0xFF, 0x00, 0xFF, 0xFF, 0x00, 0xFF, 0xFF, 0x00, 0xFF, 0xFF, 0x00,
  0xFF, 0xFF, 0x00, 0xFF, 0xFF, 0x00, 0xFF, 0xFF, 0x00, 0xFF, 0xFF, 0x00, 0xFF, 0xFF, 0x00, 0xFF, 0xFF, 0x00,
  0xFF, 0xFF, 0x00, 0xFF, 0xFF, 0x00, 0xE7, 0x3C, 0x1E, 0x94, 0xF3, 0x70, 0x53, 0x0C, 0xB6, 0x32, 0x08, 0xDC,
  0x19, 0x45, 0xFB, 0x21, 0x86, 0xF1, 0x3A, 0x49, 0xCF, 0x73, 0xEF, 0x96, 0xCE, 0x79, 0x38, 0xFF, 0xFF, 0x00,
  0xFF, 0xFF, 0x00, 0xFF, 0xFF, 0x00, 0xFF, 0xFF, 0x00, 0xFF, 0xFF, 0x00, 0xFF, 0xFF, 0x00, 0xFF, 0xFF, 0x00,
  0xFF, 0xFF, 0x00, 0xFF, 0xFF, 0x00, 0xFF, 0xFF, 0x00, 0xFF, 0xFF, 0x00, 0xFF, 0xFF, 0x00, 0xFF, 0xFF, 0x00,
  0xFF, 0xFF, 0x00, 0xFF, 0xFF, 0x00, 0xFF, 0xFF, 0x00, 0xFF, 0xFF, 0x00, 0xFF, 0xFF, 0x00, 0xFF, 0xFF, 0x00,
  0xFF, 0xFF, 0x00, 0xFF, 0xFF, 0x00, 0xFF, 0xFF, 0x00, 0xFF, 0xFF, 0x00, 0xFF, 0xFF, 0x00, 0xFF, 0xFF, 0x00,
  0xFF, 0xFF, 0x00, 0xFF, 0xFF, 0x00, 0xFF, 0xFF, 0x00, 0xFF, 0xFF, 0x00, 0xFF, 0xFF, 0x00, 0xFF, 0xFF, 0x00,
  0xFF, 0xFF, 0x00, 0xFF, 0xFF, 0x00, 0xFF, 0xFF, 0x00, 0xFF, 0xFF, 0x00, 0xFF, 0xFF, 0x00, 0xFF, 0xFF, 0x00,
  0xFF, 0xFF, 0x00, 0xFF, 0xFF, 0x00, 0xFF, 0xFF, 0x00, 0xFF, 0xFF, 0x00, 0xFF, 0xFF, 0x00, 0xFF, 0xFF, 0x00,
  0xFF, 0xFF, 0x00, 0xFF, 0xFF, 0x00, 0xFF, 0xFF, 0x00, 0xFF, 0xFF, 0x00, 0xFF, 0xFF, 0x00, 0xFF, 0xFF, 0x00,
  0xEF, 0x9E, 0x10, 0x7C, 0x30, 0x8D, 0x21, 0x86, 0xF0, 0x21, 0xA7, 0xFF, 0x53, 0x0E, 0xFF, 0x74, 0x33, 0xFF,
  0x8C, 0xF6, 0xFF, 0x84, 0xD6, 0xFF, 0x6B, 0xD1, 0xFF, 0x32, 0x4A, 0xFF, 0x19, 0x45, 0xFE, 0x73, 0xEF, 0x98,
  0xFF, 0xDF, 0x06, 0xFF, 0xFF, 0x00, 0xFF, 0xFF, 0x00, 0xFF, 0xFF, 0x00, 0xFF, 0xFF, 0x00, 0xFF, 0xFF, 0x00,
  0xFF, 0xFF, 0x00, 0xFF, 0xFF, 0x00, 0xFF, 0xFF, 0x00, 0xFF, 0xFF, 0x00, 0xFF, 0xFF, 0x00, 0xFF, 0xFF, 0x00,
  0xFF, 0xFF, 0x00, 0xFF, 0xFF, 0x00, 0xFF, 0xFF, 0x00, 0xFF, 0xFF, 0x00, 0xFF, 0xFF, 0x00, 0xFF, 0xFF, 0x00,
  0xFF, 0xFF, 0x00, 0xFF, 0xFF, 0x00, 0xFF, 0xFF, 0x00, 0xFF, 0xFF, 0x00, 0xFF, 0xFF, 0x00, 0xFF, 0xFF, 0x00,
  0xFF, 0xFF, 0x00, 0xFF, 0xFF, 0x00, 0xFF, 0xFF, 0x00, 0xFF, 0xFF, 0x00, 0xFF, 0xFF, 0x00, 0xFF, 0xFF, 0x00,
  0xFF, 0xFF, 0x00, 0xFF, 0xFF, 0x00, 0xFF, 0xFF, 0x00, 0xFF, 0xFF, 0x00, 0xFF, 0xFF, 0x00, 0xFF, 0xFF, 0x00,
  0xFF, 0xFF, 0x00, 0xFF, 0xFF, 0x00, 0xE7, 0x1C, 0x20, 0xAD, 0x76, 0x5A, 0x8C, 0x92, 0x7E, 0x8C, 0x92, 0x7F,
  0xAD, 0x75, 0x5D, 0xDF, 0x1C, 0x22, 0xFF, 0xFF, 0x00, 0xFF, 0xFF, 0x00, 0xFF, 0xFF, 0x00, 0xCE, 0x9A, 0x36,
  0x32, 0x08, 0xD9, 0x21, 0xA7, 0xFF, 0x7C, 0x94, 0xFF, 0xBE, 0x7E, 0xFF, 0xCE, 0xFF, 0xFF, 0xCF, 0x1F, 0xFF,
  0xCF, 0x1F, 0xFF, 0xCF, 0x1F, 0xFF, 0xCF, 0x1F, 0xFF, 0xC6, 0xDF, 0xFF, 0x8C, 0xD6, 0xFF, 0x19, 0x66, 0xFF,
  0x53, 0x0C, 0xB7, 0xFF, 0xDF, 0x05, 0xFF, 0xFF, 0x00, 0xFF, 0xFF, 0x00, 0xFF, 0xFF, 0x00, 0xFF, 0xFF, 0x00,
  0xFF, 0xFF, 0x00, 0xFF, 0xFF, 0x00, 0xFF, 0xFF, 0x00, 0xFF, 0xFF, 0x00, 0xFF, 0xFF, 0x00, 0xFF, 0xFF, 0x00,
  0xFF, 0xFF, 0x00, 0xFF, 0xFF, 0x00, 0xFF, 0xFF, 0x00, 0xFF, 0xFF, 0x00, 0xFF, 0xFF, 0x00, 0xFF, 0xFF, 0x00,
  0xFF, 0xFF, 0x00, 0xFF, 0xFF, 0x00, 0xFF, 0xFF, 0x00, 0xFF, 0xFF, 0x00, 0xFF, 0xFF, 0x00, 0xFF, 0xFF, 0x00,
  0xFF, 0xFF, 0x00, 0xFF, 0xFF, 0x00, 0xFF, 0xFF, 0x00, 0xFF, 0xFF, 0x00, 0xFF, 0xFF, 0x00, 0xFF, 0xFF, 0x00,
  0xFF, 0xFF, 0x00, 0xFF, 0xFF, 0x00, 0xFF, 0xFF, 0x00, 0xFF, 0xFF, 0x00, 0xFF, 0xFF, 0x00, 0xFF, 0xFF, 0x00,
  0xD6, 0xBA, 0x31, 0x63, 0x4D, 0xA9, 0x21, 0x86, 0xF3, 0x21, 0xA7, 0xFF, 0x32, 0x2A, 0xFF, 0x3A, 0x4A, 0xFF,
  0x21, 0xA7, 0xFF, 0x21, 0x66, 0xF4, 0x6B, 0xAE, 0x9F, 0xEF, 0x9E, 0x10, 0xCE, 0x79, 0x3A, 0x21, 0x66, 0xF0,
  0x42, 0xAC, 0xFF, 0xB6, 0x5D, 0xFF, 0xCF, 0x1F, 0xFF, 0xCE, 0xDF, 0xFF, 0xC6, 0xDF, 0xFF, 0xC6, 0xDF, 0xFF,
  0xC6, 0xDF, 0xFF, 0xC6, 0xDF, 0xFF, 0xC6, 0xDF, 0xFF, 0xC6, 0xDF, 0xFF, 0xCF, 0x1F, 0xFF, 0xA5, 0x99, 0xFF,
  0x19, 0x46, 0xFF, 0x7C, 0x10, 0x92, 0xFF, 0xFF, 0x00, 0xFF, 0xFF, 0x00, 0xFF, 0xFF, 0x00, 0xFF, 0xDF, 0x04,
  0xF7, 0x9E, 0x0E, 0xF7, 0x9E, 0x0E, 0xFF, 0xDF, 0x04, 0xFF, 0xFF, 0x00, 0xFF, 0xFF, 0x00, 0xFF, 0xFF, 0x00,
  0xFF, 0xFF, 0x00, 0xFF, 0xFF, 0x00, 0xFF, 0xFF, 0x00, 0xFF, 0xFF, 0x00, 0xFF, 0xFF, 0x00, 0xFF, 0xFF, 0x00,
  0xFF, 0xFF, 0x00, 0xFF, 0xFF, 0x00, 0xFF, 0xFF, 0x00, 0xFF, 0xFF, 0x00, 0xFF, 0xFF, 0x00, 0xFF, 0xFF, 0x00,
  0xFF, 0xFF, 0x00, 0xFF, 0xFF, 0x00, 0xFF, 0xFF, 0x00, 0xFF, 0xFF, 0x00, 0xFF, 0xFF, 0x00, 0xFF, 0xFF, 0x00,
  0xFF, 0xFF, 0x00, 0xFF, 0xFF, 0x00, 0xFF, 0xFF, 0x00, 0xFF, 0xFF, 0x00, 0xFF, 0xFF, 0x00, 0x8C, 0xB3, 0x7A,
  0x19, 0x45, 0xF8, 0x3A, 0x6B, 0xFF, 0x8C, 0xF7, 0xFF, 0xBE, 0x5D, 0xFF, 0xC6, 0xDF, 0xFF, 0xC6, 0xDF, 0xFF,
  0xBE, 0x7D, 0xFF, 0x84, 0xD6, 0xFF, 0x29, 0xC8, 0xFF, 0x32, 0x28, 0xDC, 0x29, 0xC7, 0xE8, 0x4A, 0xED, 0xFF,
  0xC6, 0xBF, 0xFF, 0xCE, 0xFF, 0xFF, 0xC6, 0xDF, 0xFF, 0xC6, 0xDF, 0xFF, 0xC6, 0xDF, 0xFF, 0xC6, 0xDF, 0xFF,
  0xC6, 0xDF, 0xFF, 0xC6, 0xDF, 0xFF, 0xC6, 0xDF, 0xFF, 0xC6, 0xDF, 0xFF, 0xC6, 0xDF, 0xFF, 0xCF, 0x1F, 0xFF,
  0x7C, 0x95, 0xFF, 0x19, 0x65, 0xFC, 0xB5, 0xF7, 0x4E, 0x9D, 0x34, 0x69, 0x5B, 0x2C, 0xB0, 0x3A, 0x29, 0xD6,
  0x31, 0xE8, 0xE5, 0x31, 0xE8, 0xE5, 0x3A, 0x29, 0xD6, 0x5B, 0x2C, 0xB0, 0x94, 0xF3, 0x6F, 0xDF, 0x1C, 0x21,
  0xFF, 0xFF, 0x00, 0xFF, 0xFF, 0x00, 0xFF, 0xFF, 0x00, 0xFF, 0xFF, 0x00, 0xFF, 0xFF, 0x00, 0xFF, 0xFF, 0x00,
  0xFF, 0xFF, 0x00, 0xFF, 0xFF, 0x00, 0xFF, 0xFF, 0x00, 0xFF, 0xFF, 0x00, 0xFF, 0xFF, 0x00, 0xFF, 0xFF, 0x00,
  0xFF, 0xFF, 0x00, 0xFF, 0xFF, 0x00, 0xFF, 0xFF, 0x00, 0xFF, 0xFF, 0x00, 0xFF, 0xFF, 0x00, 0xFF, 0xFF, 0x00,
  0xFF, 0xFF, 0x00, 0xFF, 0xFF, 0x00, 0xFF, 0xFF, 0x00, 0xFF, 0xFF, 0x00, 0x73, 0xEF, 0x98, 0x11, 0x25, 0xFF,
  0x7C, 0x54, 0xFF, 0xC6, 0xDF, 0xFF, 0xCE, 0xFF, 0xFF, 0xCE, 0xFF, 0xFF, 0xCE, 0xFF, 0xFF, 0xC6, 0xDF, 0xFF,
  0xC6, 0xDF, 0xFF, 0xCF, 0x1F, 0xFF, 0xB6, 0x5D, 0xFF, 0x3A, 0x4A, 0xFF, 0x32, 0x29, 0xFF, 0xBE, 0x9E, 0xFF,
  0xCE, 0xFF, 0xFF, 0xC6, 0xDF, 0xFF, 0xC6, 0xDF, 0xFF, 0xC6, 0xDF, 0xFF, 0xC6, 0xDF, 0xFF, 0xC6, 0xDF, 0xFF,
  0xC6, 0xDF, 0xFF, 0xC6, 0xDF, 0xFF, 0xC6, 0xDF, 0xFF, 0xC6, 0xDF, 0xFF, 0xC6, 0xDF, 0xFF, 0xC6, 0xDF, 0xFF,
  0xC6, 0xBF, 0xFF, 0x32, 0x29, 0xFF, 0x11, 0x04, 0xFF, 0x21, 0xA7, 0xFF, 0x4A, 0xED, 0xFF, 0x74, 0x33, 0xFF,
  0x84, 0xB5, 0xFF, 0x84, 0xB5, 0xFF, 0x74, 0x13, 0xFF, 0x4B, 0x0D, 0xFF, 0x21, 0xA7, 0xFF, 0x21, 0x66, 0xF3,
  0x73, 0xCF, 0x98, 0xEF, 0x5D, 0x19, 0xFF, 0xFF, 0x00, 0xFF, 0xFF, 0x00, 0xFF, 0xFF, 0x00, 0xFF, 0xFF, 0x00,
  0xFF, 0xFF, 0x00, 0xFF, 0xFF, 0x00, 0xFF, 0xFF, 0x00, 0xFF, 0xFF, 0x00, 0xFF, 0xFF, 0x00, 0xFF, 0xFF, 0x00,
  0xFF, 0xFF, 0x00, 0xFF, 0xFF, 0x00, 0xFF, 0xFF, 0x00, 0xFF, 0xFF, 0x00, 0xFF, 0xFF, 0x00, 0xFF, 0xFF, 0x00,
  0xFF, 0xFF, 0x00, 0xFF, 0xFF, 0x00, 0xFF, 0xFF, 0x00, 0x8C, 0xB2, 0x7C, 0x11, 0x25, 0xFF, 0x8C, 0xF7, 0xFF,
  0xCF, 0x1F, 0xFF, 0xCE, 0xDF, 0xFF, 0xE7, 0x5F, 0xFF, 0xF7, 0xDF, 0xFF, 0xFF, 0xFF, 0xFF, 0xDF, 0x5F, 0xFF,
  0xC6, 0xBF, 0xFF, 0xC6, 0xDF, 0xFF, 0xCE, 0xFF, 0xFF, 0xB6, 0x5D, 0xFF, 0xB6, 0x1C, 0xFF, 0xCE, 0xFF, 0xFF,
  0xC6, 0xDF, 0xFF, 0xC6, 0xDF, 0xFF, 0xC6, 0xDF, 0xFF, 0xC6, 0xDF, 0xFF, 0xC6, 0xDF, 0xFF, 0xC6, 0xDF, 0xFF,
  0xC6, 0xDF, 0xFF, 0xC6, 0xDF, 0xFF, 0xC6, 0xDF, 0xFF, 0xC6, 0xDF, 0xFF, 0xC6, 0xDF, 0xFF, 0xC6, 0xDF, 0xFF,
  0xCE, 0xFF, 0xFF, 0x8D, 0x17, 0xFF, 0x74, 0x53, 0xFF, 0xBE, 0x7D, 0xFF, 0xCE, 0xFF, 0xFF, 0xCF, 0x1F, 0xFF,
  0xCF, 0x1F, 0xFF, 0xCF, 0x1F, 0xFF, 0xCF, 0x1F, 0xFF, 0xCE, 0xFF, 0xFF, 0xBE, 0x7E, 0xFF, 0x84, 0xB5, 0xFF,
  0x29, 0xC8, 0xFF, 0x29, 0xC7, 0xE3, 0xC6, 0x38, 0x44, 0xFF, 0xFF, 0x00, 0xFF, 0xFF, 0x00, 0xFF, 0xFF, 0x00,
  0xFF, 0xFF, 0x00, 0xFF, 0xFF, 0x00, 0xFF, 0xFF, 0x00, 0xFF, 0xFF, 0x00, 0xFF, 0xFF, 0x00, 0xFF, 0xFF, 0x00,
  0xFF, 0xFF, 0x00, 0xFF, 0xFF, 0x00, 0xFF, 0xFF, 0x00, 0xFF, 0xFF, 0x00, 0xFF, 0xFF, 0x00, 0xFF, 0xFF, 0x00,
  0xFF, 0xFF, 0x00, 0xFF, 0xFF, 0x00, 0xD6, 0xBB, 0x2D, 0x19, 0x45, 0xF9, 0x74, 0x33, 0xFF, 0xCF, 0x1F, 0xFF,
  0xCE, 0xFF, 0xFF, 0xF7, 0xBF, 0xFF, 0xFF, 0xFF, 0xFF, 0xFF, 0xFF, 0xFF, 0xFF, 0xFF, 0xFF, 0xEF, 0x7F, 0xFF,
  0xC6, 0xBF, 0xFF, 0xC6, 0xDF, 0xFF, 0xC6, 0xDF, 0xFF, 0xCE, 0xDF, 0xFF, 0xCE, 0xDF, 0xFF, 0xC6, 0xDF, 0xFF,
  0xC6, 0xDF, 0xFF, 0xC6, 0xDF, 0xFF, 0xC6, 0xDF, 0xFF, 0xC6, 0xDF, 0xFF, 0xC6, 0xDF, 0xFF, 0xC6, 0xDF, 0xFF,
  0xC6, 0xDF, 0xFF, 0xC6, 0xDF, 0xFF, 0xC6, 0xDF, 0xFF, 0xC6, 0xDF, 0xFF, 0xC6, 0xDF, 0xFF, 0xC6, 0xDF, 0xFF,
  0xC6, 0xDF, 0xFF, 0xCE, 0xFF, 0xFF, 0xCF, 0x1F, 0xFF, 0xCE, 0xDF, 0xFF, 0xC6, 0xDF, 0xFF, 0xC6, 0xDF, 0xFF,
  0xC6, 0xDF, 0xFF, 0xC6, 0xDF, 0xFF, 0xC6, 0xDF, 0xFF, 0xC6, 0xDF, 0xFF, 0xC6, 0xDF, 0xFF, 0xCF, 0x1F, 0xFF,
  0xBE, 0x9E, 0xFF, 0x53, 0x2E, 0xFF, 0x19, 0x45, 0xF7, 0xBE, 0x18, 0x49, 0xFF, 0xFF, 0x00, 0xFF, 0xFF, 0x00,
  0xFF, 0xFF, 0x00, 0xFF, 0xFF, 0x00, 0xFF, 0xFF, 0x00, 0xFF, 0xFF, 0x00, 0xFF, 0xFF, 0x00, 0xFF, 0xFF, 0x00,
  0xFF, 0xFF, 0x00, 0xFF, 0xFF, 0x00, 0xFF, 0xFF, 0x00, 0xFF, 0xFF, 0x00, 0xFF, 0xFF, 0x00, 0xFF, 0xFF, 0x00,
  0xFF, 0xFF, 0x00, 0xFF, 0xFF, 0x00, 0x6B, 0xCF, 0x9D, 0x32, 0x29, 0xFF, 0xC6, 0xBF, 0xFF, 0xCE, 0xDF, 0xFF,
  0xF7, 0xBF, 0xFF, 0xFF, 0xFF, 0xFF, 0xFF, 0xFF, 0xFF, 0xFF, 0xFF, 0xFF, 0xEF, 0xBF, 0xFF, 0xCE, 0xFF, 0xFF,
  0xC6, 0xBF, 0xFF, 0xC6, 0xDF, 0xFF, 0xC6, 0xDF, 0xFF, 0xC6, 0xDF, 0xFF, 0xC6, 0xDF, 0xFF, 0xC6, 0xDF, 0xFF,
  0xC6, 0xDF, 0xFF, 0xC6, 0xDF, 0xFF, 0xC6, 0xDF, 0xFF, 0xC6, 0xDF, 0xFF, 0xC6, 0xDF, 0xFF, 0xC6, 0xDF, 0xFF,
  0xC6, 0xDF, 0xFF, 0xC6, 0xDF, 0xFF, 0xC6, 0xDF, 0xFF, 0xC6, 0xDF, 0xFF, 0xC6, 0xDF, 0xFF, 0xC6, 0xDF, 0xFF,
  0xC6, 0xDF, 0xFF, 0xC6, 0xDF, 0xFF, 0xC6, 0xDF, 0xFF, 0xC6, 0xDF, 0xFF, 0xC6, 0xDF, 0xFF, 0xC6, 0xDF, 0xFF,
  0xC6, 0xDF, 0xFF, 0xC6, 0xDF, 0xFF, 0xC6, 0xDF, 0xFF, 0xC6, 0xDF, 0xFF, 0xC6, 0xDF, 0xFF, 0xC6, 0xDF, 0xFF,
  0xCE, 0xFF, 0xFF, 0xCE, 0xFF, 0xFF, 0x5B, 0x4F, 0xFF, 0x21, 0xA6, 0xEC, 0xE7, 0x1C, 0x21, 0xFF, 0xFF, 0x00,
  0xFF, 0xFF, 0x00, 0xFF, 0xFF, 0x00, 0xFF, 0xFF, 0x00, 0xFF, 0xFF, 0x00, 0xFF, 0xFF, 0x00, 0xFF, 0xFF, 0x00,
  0xFF, 0xFF, 0x00, 0xFF, 0xFF, 0x00, 0xFF, 0xFF, 0x00, 0xFF, 0xFF, 0x00, 0xFF, 0xFF, 0x00, 0xFF, 0xFF, 0x00,
  0xFF, 0xFF, 0x00, 0xF7, 0x9E, 0x0E, 0x29, 0xE7, 0xE6, 0x7C, 0x54, 0xFF, 0xCE, 0xFF, 0xFF, 0xE7, 0x5F, 0xFF,
  0xFF, 0xFF, 0xFF, 0xFF, 0xFF, 0xFF, 0xFF, 0xFF, 0xFF, 0xDF, 0x5F, 0xFF, 0xC6, 0xBF, 0xFF, 0xC6, 0xBF, 0xFF,
  0xC6, 0xDF, 0xFF, 0xC6, 0xDF, 0xFF, 0xC6, 0xDF, 0xFF, 0xC6, 0xDF, 0xFF, 0xC6, 0xDF, 0xFF, 0xC6, 0xDF, 0xFF,
  0xC6, 0xDF, 0xFF, 0xC6, 0xDF, 0xFF, 0xC6, 0xDF, 0xFF, 0xC6, 0xDF, 0xFF, 0xC6, 0xDF, 0xFF, 0xC6, 0xDF, 0xFF,
  0xC6, 0xDF, 0xFF, 0xC6, 0xDF, 0xFF, 0xC6, 0xDF, 0xFF, 0xC6, 0xDF, 0xFF, 0xC6, 0xDF, 0xFF, 0xC6, 0xDF, 0xFF,
  0xC6, 0xDF, 0xFF, 0xC6, 0xDF, 0xFF, 0xC6, 0xDF, 0xFF, 0xC6, 0xDF, 0xFF, 0xC6, 0xDF, 0xFF, 0xC6, 0xDF, 0xFF,
  0xC6, 0xDF, 0xFF, 0xC6, 0xDF, 0xFF, 0xC6, 0xDF, 0xFF, 0xC6, 0xDF, 0xFF, 0xC6, 0xDF, 0xFF, 0xC6, 0xDF, 0xFF,
  0xC6, 0xDF, 0xFF, 0xCE, 0xDF, 0xFF, 0xC6, 0x9E, 0xFF, 0x32, 0x09, 0xFF, 0x63, 0x6D, 0xAC, 0xFF, 0xFF, 0x00,
  0xFF, 0xFF, 0x00, 0xFF, 0xFF, 0x00, 0xFF, 0xFF, 0x00, 0xFF, 0xFF, 0x00, 0xFF, 0xFF, 0x00, 0xFF, 0xFF, 0x00,
  0xFF, 0xFF, 0x00, 0xFF, 0xFF, 0x00, 0xFF, 0xFF, 0x00, 0xFF, 0xFF, 0x00, 0xFF, 0xFF, 0x00, 0xFF, 0xFF, 0x00,
  0xFF, 0xFF, 0x00, 0xCE, 0x9A, 0x34, 0x19, 0x66, 0xFF, 0xA5, 0xBA, 0xFF, 0xCE, 0xFF, 0xFF, 0xF7, 0xDF, 0xFF,
  0xFF, 0xFF, 0xFF, 0xFF, 0xFF, 0xFF, 0xE7, 0x7F, 0xFF, 0xC6, 0xBF, 0xFF, 0xC6, 0xDF, 0xFF, 0xC6, 0xDF, 0xFF,
  0xC6, 0xDF, 0xFF, 0xC6, 0xDF, 0xFF, 0xC6, 0xDF, 0xFF, 0xC6, 0xDF, 0xFF, 0xC6, 0xDF, 0xFF, 0xC6, 0xDF, 0xFF,
  0xC6, 0xDF, 0xFF, 0xC6, 0xDF, 0xFF, 0xC6, 0xDF, 0xFF, 0xC6, 0xDF, 0xFF, 0xC6, 0xDF, 0xFF, 0xC6, 0xDF, 0xFF,
  0xC6, 0xDF, 0xFF, 0xC6, 0xDF, 0xFF, 0xC6, 0xDF, 0xFF, 0xC6, 0xDF, 0xFF, 0xC6, 0xDF, 0xFF, 0xC6, 0xDF, 0xFF,
  0xC6, 0xDF, 0xFF, 0xC6, 0xDF, 0xFF, 0xC6, 0xDF, 0xFF, 0xC6, 0xDF, 0xFF, 0xC6, 0xDF, 0xFF, 0xC6, 0xDF, 0xFF,
  0xC6, 0xDF, 0xFF, 0xC6, 0xDF, 0xFF, 0xC6, 0xDF, 0xFF, 0xC6, 0xDF, 0xFF, 0xC6, 0xDF, 0xFF, 0xC6, 0xDF, 0xFF,
  0xC6, 0xDF, 0xFF, 0xC6, 0xDF, 0xFF, 0xCF, 0x1F, 0xFF, 0x8C, 0xF7, 0xFF, 0x19, 0x45, 0xFD, 0xD6, 0x9A, 0x32,
  0xFF, 0xFF, 0x00, 0xFF, 0xFF, 0x00, 0xFF, 0xFF, 0x00, 0xFF, 0xFF, 0x00, 0xFF, 0xFF, 0x00, 0xFF, 0xFF, 0x00,
  0xFF, 0xFF, 0x00, 0xFF, 0xFF, 0x00, 0xFF, 0xFF, 0x00, 0xFF, 0xFF, 0x00, 0xFF, 0xFF, 0x00, 0xFF, 0xFF, 0x00,
  0xFF, 0xFF, 0x00, 0xB5, 0xD7, 0x4F, 0x21, 0x87, 0xFF, 0xB6, 0x3C, 0xFF, 0xD7, 0x1F, 0xFF, 0xFF, 0xFF, 0xFF,
  0xFF, 0xFF, 0xFF, 0xFF, 0xFF, 0xFF, 0xCE, 0xFF, 0xFF, 0xC6, 0xBF, 0xFF, 0xC6, 0xDF, 0xFF, 0xC6, 0xDF, 0xFF,
  0xC6, 0xDF, 0xFF, 0xC6, 0xDF, 0xFF, 0xC6, 0xDF, 0xFF, 0xC6, 0xDF, 0xFF, 0xC6, 0xDF, 0xFF, 0xC6, 0xDF, 0xFF,
  0xC6, 0xDF, 0xFF, 0xC6, 0xDF, 0xFF, 0xC6, 0xDF, 0xFF, 0xC6, 0xDF, 0xFF, 0xC6, 0xDF, 0xFF, 0xC6, 0xDF, 0xFF,
  0xC6, 0xDF, 0xFF, 0xC6, 0xDF, 0xFF, 0xC6, 0xDF, 0xFF, 0xC6, 0xDF, 0xFF, 0xC6, 0xDF, 0xFF, 0xC6, 0xDF, 0xFF,
  0xC6, 0xDF, 0xFF, 0xC6, 0xDF, 0xFF, 0xC6, 0xDF, 0xFF, 0xC6, 0xDF, 0xFF, 0xC6, 0xDF, 0xFF, 0xC6, 0xDF, 0xFF,
  0xC6, 0xDF, 0xFF, 0xC6, 0xDF, 0xFF, 0xC6, 0xDF, 0xFF, 0xC6, 0xDF, 0xFF, 0xC6, 0xDF, 0xFF, 0xC6, 0xDF, 0xFF,
  0xC6, 0xDF, 0xFF, 0xC6, 0xDF, 0xFF, 0xC6, 0xDF, 0xFF, 0xC6, 0xBF, 0xFF, 0x29, 0xE9, 0xFF, 0x7C, 0x31, 0x8D,
  0xFF, 0xFF, 0x00, 0xFF, 0xFF, 0x00, 0xFF, 0xFF, 0x00, 0xFF, 0xFF, 0x00, 0xFF, 0xFF, 0x00, 0xFF, 0xFF, 0x00,
  0xFF, 0xFF, 0x00, 0xFF, 0xFF, 0x00, 0xFF, 0xFF, 0x00, 0xFF, 0xFF, 0x00, 0xFF, 0xFF, 0x00, 0xFF, 0xFF, 0x00,
  0xFF, 0xFF, 0x00, 0xB5, 0xB6, 0x55, 0x21, 0xA7, 0xFF, 0xB6, 0x5D, 0xFF, 0xCE, 0xFF, 0xFF, 0xFF, 0xDF, 0xFF,
  0xFF, 0xFF, 0xFF, 0xF7, 0xBF, 0xFF, 0xC6, 0xBF, 0xFF, 0xC6, 0xDF, 0xFF, 0xC6, 0xDF, 0xFF, 0xC6, 0xDF, 0xFF,
  0xC6, 0xDF, 0xFF, 0xC6, 0xDF, 0xFF, 0xC6, 0xDF, 0xFF, 0xC6, 0xDF, 0xFF, 0xC6, 0xDF, 0xFF, 0xC6, 0xDF, 0xFF,
  0xC6, 0xDF, 0xFF, 0xC6, 0xDF, 0xFF, 0xC6, 0xDF, 0xFF, 0xC6, 0xDF, 0xFF, 0xC6, 0xDF, 0xFF, 0xC6, 0xDF, 0xFF,
  0xC6, 0xDF, 0xFF, 0xC6, 0xDF, 0xFF, 0xC6, 0xDF, 0xFF, 0xC6, 0xDF, 0xFF, 0xC6, 0xDF, 0xFF, 0xC6, 0xDF, 0xFF,
  0xC6, 0xDF, 0xFF, 0xC6, 0xDF, 0xFF, 0xC6, 0xDF, 0xFF, 0xC6, 0xDF, 0xFF, 0xC6, 0xDF, 0xFF, 0xC6, 0xDF, 0xFF,
  0xC6, 0xDF, 0xFF, 0xC6, 0xDF, 0xFF, 0xC6, 0xDF, 0xFF, 0xC6, 0xDF, 0xFF, 0xC6, 0xDF, 0xFF, 0xC6, 0xDF, 0xFF,
  0xC6, 0xDF, 0xFF, 0xC6, 0xDF, 0xFF, 0xC6, 0xDF, 0xFF, 0xCF, 0x1F, 0xFF, 0x63, 0x90, 0xFF, 0x42, 0x69, 0xD1,
  0xFF, 0xFF, 0x01, 0xFF, 0xFF, 0x00, 0xFF, 0xFF, 0x00, 0xFF, 0xFF, 0x00, 0xFF, 0xFF, 0x00, 0xFF, 0xFF, 0x00,
  0xFF, 0xFF, 0x00, 0xFF, 0xFF, 0x00, 0xFF, 0xFF, 0x00, 0xFF, 0xFF, 0x00, 0xFF, 0xFF, 0x00, 0xFF, 0xFF, 0x00,
  0xFF, 0xFF, 0x00, 0xBE, 0x18, 0x48, 0x21, 0x86, 0xFF, 0xB6, 0x1C, 0xFF, 0xC6, 0xDF, 0xFF, 0xD7, 0x1F, 0xFF,
  0xE7, 0x7F, 0xFF, 0xCE, 0xFF, 0xFF, 0xC6, 0xBF, 0xFF, 0xC6, 0xDF, 0xFF, 0xC6, 0xDF, 0xFF, 0xC6, 0xDF, 0xFF,
  0xC6, 0xDF, 0xFF, 0xC6, 0xDF, 0xFF, 0xC6, 0xDF, 0xFF, 0xC6, 0xDF, 0xFF, 0xC6, 0xDF, 0xFF, 0xC6, 0xDF, 0xFF,
  0xC6, 0xDF, 0xFF, 0xC6, 0xDF, 0xFF, 0xC6, 0xDF, 0xFF, 0xC6, 0xDF, 0xFF, 0xC6, 0xDF, 0xFF, 0xC6, 0xDF, 0xFF,
  0xC6, 0xDF, 0xFF, 0xC6, 0xDF, 0xFF, 0xC6, 0xDF, 0xFF, 0xC6, 0xDF, 0xFF, 0xC6, 0xDF, 0xFF, 0xC6, 0xDF, 0xFF,
  0xC6, 0xDF, 0xFF, 0xC6, 0xDF, 0xFF, 0xC6, 0xDF, 0xFF, 0xC6, 0xDF, 0xFF, 0xC6, 0xDF, 0xFF, 0xC6, 0xDF, 0xFF,
  0xC6, 0xDF, 0xFF, 0xC6, 0xDF, 0xFF, 0xC6, 0xDF, 0xFF, 0xC6, 0xDF, 0xFF, 0xC6, 0xDF, 0xFF, 0xC6, 0xDF, 0xFF,
  0xC6, 0xDF, 0xFF, 0xC6, 0xDF, 0xFF, 0xC6, 0xDF, 0xFF, 0xCE, 0xFF, 0xFF, 0x8C, 0xF6, 0xFF, 0x21, 0x86, 0xF3,
  0xE7, 0x3C, 0x1C, 0xFF, 0xFF, 0x00, 0xFF, 0xFF, 0x00, 0xFF, 0xFF, 0x00, 0xFF, 0xFF, 0x00, 0xFF, 0xFF, 0x00,
  0xFF, 0xFF, 0x00, 0xFF, 0xFF, 0x00, 0xFF, 0xFF, 0x00, 0xFF, 0xFF, 0x00, 0xDE, 0xFB, 0x28, 0x8C, 0x92, 0x7C,
  0x53, 0x0C, 0xB4, 0x3A, 0x29, 0xD7, 0x11, 0x24, 0xFF, 0x95, 0x58, 0xFF, 0xCE, 0xFF, 0xFF, 0xC6, 0xBF, 0xFF,
  0xC6, 0xBF, 0xFF, 0xC6, 0xBF, 0xFF, 0xC6, 0xDF, 0xFF, 0xC6, 0xDF, 0xFF, 0xC6, 0xDF, 0xFF, 0xC6, 0xDF, 0xFF,
  0xC6, 0xDF, 0xFF, 0xC6, 0xDF, 0xFF, 0xC6, 0xDF, 0xFF, 0xC6, 0xDF, 0xFF, 0xC6, 0xDF, 0xFF, 0xCE, 0xFF, 0xFF,
  0xC6, 0x9E, 0xFF, 0xC6, 0xDF, 0xFF, 0xC6, 0xDF, 0xFF, 0xC6, 0xDF, 0xFF, 0xC6, 0xDF, 0xFF, 0xC6, 0xDF, 0xFF,
  0xC6, 0xDF, 0xFF, 0xC6, 0xDF, 0xFF, 0xC6, 0xDF, 0xFF, 0xC6, 0xDF, 0xFF, 0xCE, 0xFF, 0xFF, 0xBE, 0x9E, 0xFF,
  0xC6, 0xDF, 0xFF, 0xC6, 0xDF, 0xFF, 0xC6, 0xDF, 0xFF, 0xC6, 0xDF, 0xFF, 0xC6, 0xDF, 0xFF, 0xC6, 0xDF, 0xFF,
  0xC6, 0xDF, 0xFF, 0xC6, 0xDF, 0xFF, 0xC6, 0xDF, 0xFF, 0xC6, 0xDF, 0xFF, 0xC6, 0xDF, 0xFF, 0xC6, 0xDF, 0xFF,
  0xC6, 0xDF, 0xFF, 0xC6, 0xDF, 0xFF, 0xC6, 0xDF, 0xFF, 0xCE, 0xFF, 0xFF, 0xA5, 0xBA, 0xFF, 0x19, 0x66, 0xFF,
  0xCE, 0x9A, 0x34, 0xFF, 0xFF, 0x00, 0xFF, 0xFF, 0x00, 0xFF, 0xFF, 0x00, 0xFF, 0xFF, 0x00, 0xFF, 0xFF, 0x00,
  0xFF, 0xFF, 0x00, 0xFF, 0xFF, 0x00, 0xFF, 0xDF, 0x06, 0x7C, 0x31, 0x8D, 0x19, 0x66, 0xF6, 0x29, 0xE8, 0xFF,
  0x53, 0x2E, 0xFF, 0x6B, 0xD1, 0xFF, 0x6B, 0xF2, 0xFF, 0xB6, 0x1C, 0xFF, 0xCE, 0xDF, 0xFF, 0xC6, 0xDF, 0xFF,
  0xC6, 0xDF, 0xFF, 0xC6, 0xDF, 0xFF, 0xC6, 0xDF, 0xFF, 0xC6, 0xDF, 0xFF, 0xC6, 0xDF, 0xFF, 0xC6, 0xDF, 0xFF,
  0xC6, 0xDF, 0xFF, 0xC6, 0xDF, 0xFF, 0xC6, 0xDF, 0xFF, 0xC6, 0xDF, 0xFF, 0xC6, 0xDF, 0xFF, 0x5B, 0x0E, 0xFF,
  0x21, 0x25, 0xFF, 0x95, 0x17, 0xFF, 0xCE, 0xFF, 0xFF, 0xC6, 0xDF, 0xFF, 0xC6, 0xDF, 0xFF, 0xC6, 0xDF, 0xFF,
  0xC6, 0xDF, 0xFF, 0xC6, 0xDF, 0xFF, 0xC6, 0xDF, 0xFF, 0xCF, 0x1F, 0xFF, 0x7C, 0x33, 0xFF, 0x10, 0xA3, 0xFF,
  0x7C, 0x33, 0xFF, 0xCE, 0xFF, 0xFF, 0xC6, 0xDF, 0xFF, 0xC6, 0xDF, 0xFF, 0xC6, 0xDF, 0xFF, 0xC6, 0xDF, 0xFF,
  0xC6, 0xDF, 0xFF, 0xC6, 0xDF, 0xFF, 0xC6, 0xDF, 0xFF, 0xC6, 0xDF, 0xFF, 0xC6, 0xDF, 0xFF, 0xC6, 0xDF, 0xFF,
  0xC6, 0xDF, 0xFF, 0xC6, 0xDF, 0xFF, 0xC6, 0xDF, 0xFF, 0xCE, 0xFF, 0xFF, 0xAD, 0xFB, 0xFF, 0x21, 0x66, 0xFF,
  0xCE, 0x79, 0x38, 0xFF, 0xFF, 0x00, 0xFF, 0xFF, 0x00, 0xFF, 0xFF, 0x00, 0xFF, 0xFF, 0x00, 0xFF, 0xFF, 0x00,
  0xFF, 0xFF, 0x00, 0xF7, 0x9E, 0x0D, 0x52, 0xEB, 0xBE, 0x19, 0x46, 0xFF, 0x7C, 0x74, 0xFF, 0xC6, 0x9E, 0xFF,
  0xCF, 0x1F, 0xFF, 0xCF, 0x1F, 0xFF, 0xCF, 0x1F, 0xFF, 0xC6, 0xDF, 0xFF, 0xC6, 0xBF, 0xFF, 0xC6, 0xDF, 0xFF,
  0xC6, 0xDF, 0xFF, 0xC6, 0xDF, 0xFF, 0xC6, 0xDF, 0xFF, 0xC6, 0xDF, 0xFF, 0xC6, 0xDF, 0xFF, 0xC6, 0xDF, 0xFF,
  0xC6, 0xDF, 0xFF, 0xC6, 0xDF, 0xFF, 0xC6, 0xDF, 0xFF, 0xC6, 0xDF, 0xFF, 0xC6, 0xBE, 0xFF, 0x10, 0xA3, 0xFF,
  0x00, 0x00, 0xFF, 0x6B, 0x90, 0xFF, 0xCF, 0x1F, 0xFF, 0xC6, 0xDF, 0xFF, 0xC6, 0xDF, 0xFF, 0xC6, 0xDF, 0xFF,
  0xC6, 0xDF, 0xFF, 0xC6, 0xDF, 0xFF, 0xC6, 0xDF, 0xFF, 0xCF, 0x1F, 0xFF, 0x4A, 0x8B, 0xFF, 0x00, 0x00, 0xFF,
  0x42, 0x29, 0xFF, 0xC6, 0xBF, 0xFF, 0xC6, 0xDF, 0xFF, 0xC6, 0xDF, 0xFF, 0xC6, 0xDF, 0xFF, 0xC6, 0xDF, 0xFF,
  0xC6, 0xDF, 0xFF, 0xC6, 0xDF, 0xFF, 0xC6, 0xDF, 0xFF, 0xC6, 0xDF, 0xFF, 0xC6, 0xDF, 0xFF, 0xC6, 0xDF, 0xFF,
  0xC6, 0xDF, 0xFF, 0xC6, 0xDF, 0xFF, 0xC6, 0xDF, 0xFF, 0xCE, 0xFF, 0xFF, 0xA5, 0xDA, 0xFF, 0x19, 0x45, 0xFF,
  0x9C, 0xF4, 0x6E, 0xF7, 0x9E, 0x0D, 0xFF, 0xFF, 0x00, 0xFF, 0xFF, 0x00, 0xFF, 0xFF, 0x00, 0xFF, 0xFF, 0x00,
  0xFF, 0xFF, 0x00, 0x5B, 0x4D, 0xB0, 0x21, 0x87, 0xFF, 0xA5, 0xBA, 0xFF, 0xCF, 0x1F, 0xFF, 0xC6, 0xDF, 0xFF,
  0xC6, 0xDF, 0xFF, 0xC6, 0xDF, 0xFF, 0xC6, 0xBF, 0xFF, 0xCE, 0xFF, 0xFF, 0xF7, 0xBF, 0xFF, 0xCE, 0xFF, 0xFF,
  0xC6, 0xBF, 0xFF, 0xC6, 0xDF, 0xFF, 0xC6, 0xDF, 0xFF, 0xC6, 0xDF, 0xFF, 0xC6, 0xDF, 0xFF, 0xC6, 0xDF, 0xFF,
  0xC6, 0xDF, 0xFF, 0xC6, 0xDF, 0xFF, 0xC6, 0xDF, 0xFF, 0xC6, 0xDF, 0xFF, 0xCE, 0xFF, 0xFF, 0x94, 0xF7, 0xFF,
  0x52, 0xED, 0xFF, 0xAD, 0xFB, 0xFF, 0xCE, 0xFF, 0xFF, 0xC6, 0xDF, 0xFF, 0xC6, 0xDF, 0xFF, 0xC6, 0xDF, 0xFF,
  0xC6, 0xDF, 0xFF, 0xC6, 0xDF, 0xFF, 0xC6, 0xDF, 0xFF, 0xCE, 0xFF, 0xFF, 0xAD, 0xFB, 0xFF, 0x52, 0xED, 0xFF,
  0x8C, 0xB6, 0xFF, 0xCE, 0xFF, 0xFF, 0xC6, 0xDF, 0xFF, 0xC6, 0xDF, 0xFF, 0xC6, 0xDF, 0xFF, 0xC6, 0xDF, 0xFF,
  0xC6, 0xDF, 0xFF, 0xC6, 0xDF, 0xFF, 0xC6, 0xDF, 0xFF, 0xC6, 0xDF, 0xFF, 0xC6, 0xDF, 0xFF, 0xC6, 0xDF, 0xFF,
  0xC6, 0xDF, 0xFF, 0xC6, 0xDF, 0xFF, 0xC6, 0xDF, 0xFF, 0xCE, 0xFF, 0xFF, 0xAD, 0xFB, 0xFF, 0x32, 0x29, 0xFF,
  0x19, 0x66, 0xFF, 0x29, 0xC7, 0xE7, 0x84, 0x51, 0x87, 0xF7, 0xBE, 0x0A, 0xFF, 0xFF, 0x00, 0xFF, 0xFF, 0x00,
  0xB5, 0xB7, 0x54, 0x11, 0x25, 0xFF, 0x9D, 0x58, 0xFF, 0xCF, 0x1F, 0xFF, 0xC6, 0xDF, 0xFF, 0xC6, 0xDF, 0xFF,
  0xC6, 0xDF, 0xFF, 0xC6, 0xDF, 0xFF, 0xC6, 0xBF, 0xFF, 0xCE, 0xFF, 0xFF, 0xF7, 0xBF, 0xFF, 0xCE, 0xFF, 0xFF,
  0xC6, 0xBF, 0xFF, 0xC6, 0xDF, 0xFF, 0xC6, 0xDF, 0xFF, 0xC6, 0xDF, 0xFF, 0xC6, 0xDF, 0xFF, 0xC6, 0xDF, 0xFF,
  0xC6, 0xDF, 0xFF, 0xC6, 0xDF, 0xFF, 0xC6, 0xDF, 0xFF, 0xC6, 0xDF, 0xFF, 0xC6, 0xDF, 0xFF, 0xCE, 0xFF, 0xFF,
  0xCF, 0x1F, 0xFF, 0xCE, 0xDF, 0xFF, 0xC6, 0xDF, 0xFF, 0xC6, 0xDF, 0xFF, 0xC6, 0xDF, 0xFF, 0xC6, 0xDF, 0xFF,
  0xC6, 0xDF, 0xFF, 0xC6, 0xDF, 0xFF, 0xC6, 0xDF, 0xFF, 0xC6, 0xDF, 0xFF, 0xCE, 0xFF, 0xFF, 0xCF, 0x1F, 0xFF,
  0xCE, 0xFF, 0xFF, 0xC6, 0xDF, 0xFF, 0xC6, 0xDF, 0xFF, 0xC6, 0xDF, 0xFF, 0xC6, 0xDF, 0xFF, 0xC6, 0xDF, 0xFF,
  0xC6, 0xDF, 0xFF, 0xC6, 0xDF, 0xFF, 0xC6, 0xDF, 0xFF, 0xC6, 0xDF, 0xFF, 0xC6, 0xDF, 0xFF, 0xC6, 0xDF, 0xFF,
  0xC6, 0xDF, 0xFF, 0xC6, 0xDF, 0xFF, 0xC6, 0xDF, 0xFF, 0xC6, 0xDF, 0xFF, 0xC6, 0xDF, 0xFF, 0xBE, 0x9E, 0xFF,
  0xAD, 0xFB, 0xFF, 0x74, 0x33, 0xFF, 0x19, 0x86, 0xFF, 0x4A, 0xAB, 0xC5, 0xF7, 0x9E, 0x0F, 0xFF, 0xFF, 0x00,
  0x5B, 0x2C, 0xB5, 0x4A, 0xCD, 0xFF, 0xCE, 0xFF, 0xFF, 0xC6, 0xDF, 0xFF, 0xC6, 0xDF, 0xFF, 0xC6, 0xDF, 0xFF,
  0xC6, 0xDF, 0xFF, 0xC6, 0xDF, 0xFF, 0xC6, 0xDF, 0xFF, 0xC6, 0xDF, 0xFF, 0xC6, 0xBF, 0xFF, 0xC6, 0xDF, 0xFF,
  0xC6, 0xDF, 0xFF, 0xC6, 0xDF, 0xFF, 0xC6, 0xDF, 0xFF, 0xC6, 0xDF, 0xFF, 0xC6, 0xDF, 0xFF, 0xC6, 0xDF, 0xFF,
  0xC6, 0xDF, 0xFF, 0xCE, 0x9E, 0xFF, 0xD5, 0xBB, 0xFF, 0xD5, 0xFC, 0xFF, 0xC6, 0xDF, 0xFF, 0xC6, 0xDF, 0xFF,
  0xC6, 0xDF, 0xFF, 0xC6, 0xDF, 0xFF, 0xC6, 0xDF, 0xFF, 0xC6, 0xDF, 0xFF, 0xC6, 0xDF, 0xFF, 0xC6, 0xDF, 0xFF,
  0xC6, 0xDF, 0xFF, 0xC6, 0xDF, 0xFF, 0xC6, 0xDF, 0xFF, 0xC6, 0xDF, 0xFF, 0xC6, 0xDF, 0xFF, 0xC6, 0xDF, 0xFF,
  0xC6, 0xDF, 0xFF, 0xC6, 0xDF, 0xFF, 0xD5, 0xFC, 0xFF, 0xD5, 0xBB, 0xFF, 0xCE, 0x9E, 0xFF, 0xC6, 0xDF, 0xFF,
  0xC6, 0xDF, 0xFF, 0xC6, 0xDF, 0xFF, 0xC6, 0xDF, 0xFF, 0xC6, 0xDF, 0xFF, 0xC6, 0xDF, 0xFF, 0xC6, 0xDF, 0xFF,
  0xC6, 0xDF, 0xFF, 0xC6, 0xDF, 0xFF, 0xC6, 0xDF, 0xFF, 0xC6, 0xDF, 0xFF, 0xC6, 0xDF, 0xFF, 0xC6, 0xDF, 0xFF,
  0xCE, 0xFF, 0xFF, 0xCF, 0x1F, 0xFF, 0xAD, 0xFB, 0xFF, 0x21, 0xA7, 0xFF, 0x63, 0x8E, 0xA7, 0xFF, 0xFF, 0x00,
  0x31, 0xE7, 0xE2, 0x7C, 0x74, 0xFF, 0xCF, 0x1F, 0xFF, 0xC6, 0xDF, 0xFF, 0xC6, 0xDF, 0xFF, 0xC6, 0xDF, 0xFF,
  0xC6, 0xDF, 0xFF, 0xC6, 0xDF, 0xFF, 0xC6, 0xDF, 0xFF, 0xC6, 0xDF, 0xFF, 0xC6, 0xDF, 0xFF, 0xC6, 0xDF, 0xFF,
  0xC6, 0xDF, 0xFF, 0xC6, 0xDF, 0xFF, 0xC6, 0xDF, 0xFF, 0xC6, 0xDF, 0xFF, 0xC6, 0xDF, 0xFF, 0xC6, 0xDF, 0xFF,
  0xC6, 0xDF, 0xFF, 0xDD, 0x9B, 0xFF, 0xEC, 0x97, 0xFF, 0xE4, 0xB7, 0xFF, 0xCE, 0x5E, 0xFF, 0xC6, 0xDF, 0xFF,
  0xC6, 0xDF, 0xFF, 0xC6, 0xDF, 0xFF, 0xC6, 0xDF, 0xFF, 0xCE, 0xFF, 0xFF, 0xCE, 0xFF, 0xFF, 0xC6, 0xDF, 0xFF,
  0xC6, 0xDF, 0xFF, 0xCE, 0xFF, 0xFF, 0xCE, 0xFF, 0xFF, 0xC6, 0xDF, 0xFF, 0xC6, 0xDF, 0xFF, 0xC6, 0xDF, 0xFF,
  0xC6, 0xDF, 0xFF, 0xCE, 0x5D, 0xFF, 0xE4, 0x97, 0xFF, 0xEC, 0x97, 0xFF, 0xD5, 0xBB, 0xFF, 0xC6, 0xDF, 0xFF,
  0xC6, 0xDF, 0xFF, 0xC6, 0xDF, 0xFF, 0xC6, 0xDF, 0xFF, 0xC6, 0xDF, 0xFF, 0xC6, 0xDF, 0xFF, 0xC6, 0xDF, 0xFF,
  0xC6, 0xDF, 0xFF, 0xC6, 0xDF, 0xFF, 0xC6, 0xDF, 0xFF, 0xC6, 0xDF, 0xFF, 0xC6, 0xDF, 0xFF, 0xC6, 0xDF, 0xFF,
  0xC6, 0xDF, 0xFF, 0xC6, 0xDF, 0xFF, 0xCF, 0x1F, 0xFF, 0x84, 0xD7, 0xFF, 0x19, 0x45, 0xFF, 0xCE, 0x79, 0x39,
  0x19, 0x45, 0xFF, 0x95, 0x17, 0xFF, 0xCE, 0xFF, 0xFF, 0xC6, 0xDF, 0xFF, 0xC6, 0xDF, 0xFF, 0xC6, 0xDF, 0xFF,
  0xC6, 0xDF, 0xFF, 0xC6, 0xDF, 0xFF, 0xC6, 0xDF, 0xFF, 0xC6, 0xDF, 0xFF, 0xC6, 0xDF, 0xFF, 0xC6, 0xDF, 0xFF,
  0xC6, 0xDF, 0xFF, 0xC6, 0xDF, 0xFF, 0xC6, 0xDF, 0xFF, 0xC6, 0xDF, 0xFF, 0xC6, 0xDF, 0xFF, 0xC6, 0xDF, 0xFF,
  0xC6, 0xDF, 0xFF, 0xD6, 0x1D, 0xFF, 0xE4, 0xF8, 0xFF, 0xDD, 0x5A, 0xFF, 0xC6, 0xBF, 0xFF, 0xC6, 0xDF, 0xFF,
  0xC6, 0xDF, 0xFF, 0xC6, 0xDF, 0xFF, 0xCE, 0xFF, 0xFF, 0x84, 0xB5, 0xFF, 0x9D, 0x38, 0xFF, 0xD7, 0x3F, 0xFF,
  0xD7, 0x3F, 0xFF, 0x8C, 0xB5, 0xFF, 0x84, 0x74, 0xFF, 0xCE, 0xFF, 0xFF, 0xC6, 0xDF, 0xFF, 0xC6, 0xDF, 0xFF,
  0xC6, 0xDF, 0xFF, 0xCE, 0x9E, 0xFF, 0xDD, 0x39, 0xFF, 0xE5, 0x19, 0xFF, 0xCE, 0x3D, 0xFF, 0xC6, 0xDF, 0xFF,
  0xC6, 0xDF, 0xFF, 0xC6, 0xDF, 0xFF, 0xC6, 0xDF, 0xFF, 0xC6, 0xDF, 0xFF, 0xC6, 0xDF, 0xFF, 0xC6, 0xDF, 0xFF,
  0xC6, 0xDF, 0xFF, 0xC6, 0xDF, 0xFF, 0xC6, 0xDF, 0xFF, 0xC6, 0xDF, 0xFF, 0xC6, 0xDF, 0xFF, 0xC6, 0xDF, 0xFF,
  0xC6, 0xDF, 0xFF, 0xC6, 0xDF, 0xFF, 0xC6, 0xBF, 0xFF, 0xAE, 0x3E, 0xFF, 0x32, 0x2A, 0xFF, 0x7C, 0x10, 0x92,
  0x21, 0xA6, 0xEC, 0x84, 0xD6, 0xFF, 0xCF, 0x1F, 0xFF, 0xC6, 0xDF, 0xFF, 0xC6, 0xDF, 0xFF, 0xC6, 0xDF, 0xFF,
  0xC6, 0xDF, 0xFF, 0xC6, 0xDF, 0xFF, 0xC6, 0xDF, 0xFF, 0xC6, 0xDF, 0xFF, 0xC6, 0xDF, 0xFF, 0xC6, 0xDF, 0xFF,
  0xC6, 0xDF, 0xFF, 0xC6, 0xDF, 0xFF, 0xC6, 0xDF, 0xFF, 0xC6, 0xDF, 0xFF, 0xC6, 0xDF, 0xFF, 0xC6, 0xDF, 0xFF,
  0xC6, 0xDF, 0xFF, 0xC6, 0xDF, 0xFF, 0xC6, 0xBF, 0xFF, 0xC6, 0xDF, 0xFF, 0xC6, 0xDF, 0xFF, 0xC6, 0xDF, 0xFF,
  0xC6, 0xDF, 0xFF, 0xC6, 0xDF, 0xFF, 0xCF, 0x1F, 0xFF, 0x42, 0x4B, 0xFF, 0x00, 0x00, 0xFF, 0x42, 0x6B, 0xFF,
  0x42, 0x2A, 0xFF, 0x00, 0x00, 0xFF, 0x52, 0xED, 0xFF, 0xCF, 0x1F, 0xFF, 0xC6, 0xDF, 0xFF, 0xC6, 0xDF, 0xFF,
  0xC6, 0xDF, 0xFF, 0xC6, 0xDF, 0xFF, 0xC6, 0xDF, 0xFF, 0xC6, 0xBF, 0xFF, 0xC6, 0xDF, 0xFF, 0xC6, 0xDF, 0xFF,
  0xC6, 0xDF, 0xFF, 0xC6, 0xDF, 0xFF, 0xC6, 0xDF, 0xFF, 0xC6, 0xDF, 0xFF, 0xC6, 0xDF, 0xFF, 0xC6, 0xDF, 0xFF,
  0xC6, 0xDF, 0xFF, 0xC6, 0xDF, 0xFF, 0xC6, 0xDF, 0xFF, 0xC6, 0xDF, 0xFF, 0xC6, 0xDF, 0xFF, 0xC6, 0xDF, 0xFF,
  0xC6, 0xDF, 0xFF, 0xC6, 0xDF, 0xFF, 0xBE, 0x7E, 0xFF, 0xAE, 0x5F, 0xFF, 0x5B, 0x70, 0xFF, 0x42, 0x8A, 0xCA,
  0x42, 0x8A, 0xCB, 0x63, 0xB1, 0xFF, 0xCF, 0x1F, 0xFF, 0xC6, 0xDF, 0xFF, 0xC6, 0xDF, 0xFF, 0xC6, 0xDF, 0xFF,
  0xC6, 0xDF, 0xFF, 0xC6, 0xDF, 0xFF, 0xC6, 0xDF, 0xFF, 0xC6, 0xDF, 0xFF, 0xC6, 0xDF, 0xFF, 0xC6, 0xDF, 0xFF,
  0xC6, 0xDF, 0xFF, 0xC6, 0xDF, 0xFF, 0xC6, 0xDF, 0xFF, 0xC6, 0xDF, 0xFF, 0xC6, 0xDF, 0xFF, 0xC6, 0xDF, 0xFF,
  0xC6, 0xDF, 0xFF, 0xC6, 0xDF, 0xFF, 0xC6, 0xDF, 0xFF, 0xC6, 0xDF, 0xFF, 0xC6, 0xDF, 0xFF, 0xC6, 0xDF, 0xFF,
  0xC6, 0xDF, 0xFF, 0xC6, 0xDF, 0xFF, 0xC6, 0xDF, 0xFF, 0xBE, 0x9E, 0xFF, 0x63, 0x90, 0xFF, 0x21, 0x46, 0xFF,
  0x29, 0x66, 0xFF, 0x73, 0xF2, 0xFF, 0xC6, 0xBF, 0xFF, 0xC6, 0xDF, 0xFF, 0xC6, 0xDF, 0xFF, 0xC6, 0xDF, 0xFF,
  0xC6, 0xDF, 0xFF, 0xC6, 0xDF, 0xFF, 0xC6, 0xDF, 0xFF, 0xC6, 0xDF, 0xFF, 0xC6, 0xDF, 0xFF, 0xC6, 0xDF, 0xFF,
  0xC6, 0xDF, 0xFF, 0xC6, 0xDF, 0xFF, 0xC6, 0xDF, 0xFF, 0xC6, 0xDF, 0xFF, 0xC6, 0xDF, 0xFF, 0xC6, 0xDF, 0xFF,
  0xC6, 0xDF, 0xFF, 0xC6, 0xDF, 0xFF, 0xC6, 0xDF, 0xFF, 0xC6, 0xDF, 0xFF, 0xC6, 0xDF, 0xFF, 0xC6, 0xDF, 0xFF,
  0xC6, 0xDF, 0xFF, 0xC6, 0xDF, 0xFF, 0xAE, 0x5E, 0xFF, 0xAE, 0x5F, 0xFF, 0x6C, 0x13, 0xFF, 0x32, 0x08, 0xE2,
  0x7C, 0x31, 0x8C, 0x2A, 0x09, 0xFF, 0xC6, 0xBF, 0xFF, 0xC6, 0xDF, 0xFF, 0xC6, 0xDF, 0xFF, 0xC6, 0xDF, 0xFF,
  0xC6, 0xDF, 0xFF, 0xC6, 0xDF, 0xFF, 0xC6, 0xDF, 0xFF, 0xC6, 0xDF, 0xFF, 0xC6, 0xDF, 0xFF, 0xC6, 0xDF, 0xFF,
  0xC6, 0xDF, 0xFF, 0xC6, 0xDF, 0xFF, 0xC6, 0xDF, 0xFF, 0xC6, 0xDF, 0xFF, 0xC6, 0xDF, 0xFF, 0xC6, 0xDF, 0xFF,
  0xC6, 0xDF, 0xFF, 0xC6, 0xDF, 0xFF, 0xC6, 0xDF, 0xFF, 0xC6, 0xDF, 0xFF, 0xC6, 0xDF, 0xFF, 0xC6, 0xDF, 0xFF,
  0xC6, 0xDF, 0xFF, 0xC6, 0xDF, 0xFF, 0xC6, 0xDF, 0xFF, 0xC6, 0xDF, 0xFF, 0xCF, 0x1F, 0xFF, 0xCE, 0xFF, 0xFF,
  0xCE, 0xFF, 0xFF, 0xCF, 0x1F, 0xFF, 0xC6, 0xDF, 0xFF, 0xC6, 0xDF, 0xFF, 0xC6, 0xDF, 0xFF, 0xC6, 0xDF, 0xFF,
  0xC6, 0xDF, 0xFF, 0xC6, 0xDF, 0xFF, 0xC6, 0xDF, 0xFF, 0xC6, 0xDF, 0xFF, 0xC6, 0xDF, 0xFF, 0xC6, 0xDF, 0xFF,
  0xC6, 0xDF, 0xFF, 0xC6, 0xDF, 0xFF, 0xC6, 0xDF, 0xFF, 0xC6, 0xDF, 0xFF, 0xC6, 0xDF, 0xFF, 0xC6, 0xDF, 0xFF,
  0xC6, 0xDF, 0xFF, 0xC6, 0xDF, 0xFF, 0xC6, 0xDF, 0xFF, 0xC6, 0xDF, 0xFF, 0xC6, 0xDF, 0xFF, 0xC6, 0xDF, 0xFF,
  0xC6, 0xDF, 0xFF, 0xBE, 0xBF, 0xFF, 0xAE, 0x1D, 0xFF, 0xAE, 0x5E, 0xFF, 0x74, 0x54, 0xFF, 0x21, 0xA6, 0xEA,
  0xDE, 0xDB, 0x2A, 0x19, 0x65, 0xF8, 0x7C, 0x74, 0xFF, 0xCF, 0x1F, 0xFF, 0xC6, 0xDF, 0xFF, 0xC6, 0xDF, 0xFF,
  0xC6, 0xDF, 0xFF, 0xC6, 0xDF, 0xFF, 0xC6, 0xDF, 0xFF, 0xC6, 0xDF, 0xFF, 0xC6, 0xDF, 0xFF, 0xC6, 0xDF, 0xFF,
  0xC6, 0xDF, 0xFF, 0xC6, 0xDF, 0xFF, 0xC6, 0xDF, 0xFF, 0xC6, 0xDF, 0xFF, 0xC6, 0xDF, 0xFF, 0xC6, 0xDF, 0xFF,
  0xC6, 0xDF, 0xFF, 0xC6, 0xDF, 0xFF, 0xC6, 0xDF, 0xFF, 0xC6, 0xDF, 0xFF, 0xC6, 0xDF, 0xFF, 0xC6, 0xDF, 0xFF,
  0xC6, 0xDF, 0xFF, 0xC6, 0xDF, 0xFF, 0xC6, 0xDF, 0xFF, 0xC6, 0xDF, 0xFF, 0xC6, 0xDF, 0xFF, 0xC6, 0xDF, 0xFF,
  0xC6, 0xDF, 0xFF, 0xC6, 0xDF, 0xFF, 0xC6, 0xDF, 0xFF, 0xC6, 0xDF, 0xFF, 0xC6, 0xDF, 0xFF, 0xC6, 0xDF, 0xFF,
  0xC6, 0xDF, 0xFF, 0xC6, 0xDF, 0xFF, 0xC6, 0xDF, 0xFF, 0xC6, 0xDF, 0xFF, 0xC6, 0xDF, 0xFF, 0xC6, 0xDF, 0xFF,
  0xC6, 0xDF, 0xFF, 0xC6, 0xDF, 0xFF, 0xC6, 0xDF, 0xFF, 0xC6, 0xDF, 0xFF, 0xC6, 0xDF, 0xFF, 0xC6, 0xDF, 0xFF,
  0xC6, 0xDF, 0xFF, 0xC6, 0xDF, 0xFF, 0xC6, 0xDF, 0xFF, 0xC6, 0xDF, 0xFF, 0xC6, 0xDF, 0xFF, 0xC6, 0xDF, 0xFF,
  0xC6, 0xDF, 0xFF, 0xB6, 0x7E, 0xFF, 0xA6, 0x1D, 0xFF, 0xAE, 0x5F, 0xFF, 0x6C, 0x13, 0xFF, 0x32, 0x08, 0xE0,
  0xFF, 0xFF, 0x00, 0x8C, 0x92, 0x80, 0x11, 0x25, 0xFF, 0x95, 0x37, 0xFF, 0xCF, 0x1F, 0xFF, 0xC6, 0xDF, 0xFF,
  0xC6, 0xDF, 0xFF, 0xC6, 0xDF, 0xFF, 0xC6, 0xDF, 0xFF, 0xC6, 0xDF, 0xFF, 0xC6, 0xDF, 0xFF, 0xC6, 0xDF, 0xFF,
  0xC6, 0xDF, 0xFF, 0xC6, 0xDF, 0xFF, 0xC6, 0xDF, 0xFF, 0xC6, 0xDF, 0xFF, 0xC6, 0xDF, 0xFF, 0xC6, 0xDF, 0xFF,
  0xC6, 0xDF, 0xFF, 0xC6, 0xDF, 0xFF, 0xC6, 0xDF, 0xFF, 0xC6, 0xDF, 0xFF, 0xC6, 0xDF, 0xFF, 0xC6, 0xDF, 0xFF,
  0xC6, 0xDF, 0xFF, 0xC6, 0xDF, 0xFF, 0xC6, 0xDF, 0xFF, 0xC6, 0xDF, 0xFF, 0xC6, 0xDF, 0xFF, 0xC6, 0xDF, 0xFF,
  0xC6, 0xDF, 0xFF, 0xC6, 0xDF, 0xFF, 0xC6, 0xDF, 0xFF, 0xC6, 0xDF, 0xFF, 0xC6, 0xDF, 0xFF, 0xC6, 0xDF, 0xFF,
  0xC6, 0xDF, 0xFF, 0xC6, 0xDF, 0xFF, 0xC6, 0xDF, 0xFF, 0xC6, 0xDF, 0xFF, 0xC6, 0xDF, 0xFF, 0xC6, 0xDF, 0xFF,
  0xC6, 0xDF, 0xFF, 0xC6, 0xDF, 0xFF, 0xC6, 0xDF, 0xFF, 0xC6, 0xDF, 0xFF, 0xC6, 0xDF, 0xFF, 0xC6, 0xDF, 0xFF,
  0xC6, 0xDF, 0xFF, 0xC6, 0xDF, 0xFF, 0xC6, 0xDF, 0xFF, 0xC6, 0xDF, 0xFF, 0xC6, 0xDF, 0xFF, 0xC6, 0xDF, 0xFF,
  0xC6, 0xBF, 0xFF, 0xAE, 0x3E, 0xFF, 0xAE, 0x1D, 0xFF, 0xAE, 0x5F, 0xFF, 0x53, 0x2F, 0xFF, 0x4A, 0xAB, 0xC5,
  0xFF, 0xFF, 0x00, 0xFF, 0xFF, 0x00, 0x6B, 0xCF, 0x9C, 0x11, 0x25, 0xFF, 0x74, 0x33, 0xFF, 0xC6, 0xBF, 0xFF,
  0xCE, 0xFF, 0xFF, 0xC6, 0xDF, 0xFF, 0xC6, 0xDF, 0xFF, 0xC6, 0xDF, 0xFF, 0xC6, 0xDF, 0xFF, 0xC6, 0xDF, 0xFF,
  0xC6, 0xDF, 0xFF, 0xC6, 0xDF, 0xFF, 0xC6, 0xDF, 0xFF, 0xC6, 0xDF, 0xFF, 0xC6, 0xDF, 0xFF, 0xC6, 0xDF, 0xFF,
  0xC6, 0xDF, 0xFF, 0xC6, 0xDF, 0xFF, 0xC6, 0xDF, 0xFF, 0xC6, 0xDF, 0xFF, 0xC6, 0xDF, 0xFF, 0xC6, 0xDF, 0xFF,
  0xC6, 0xDF, 0xFF, 0xC6, 0xDF, 0xFF, 0xC6, 0xDF, 0xFF, 0xC6, 0xDF, 0xFF, 0xC6, 0xDF, 0xFF, 0xC6, 0xDF, 0xFF,
  0xC6, 0xDF, 0xFF, 0xC6, 0xDF, 0xFF, 0xC6, 0xDF, 0xFF, 0xC6, 0xDF, 0xFF, 0xC6, 0xDF, 0xFF, 0xC6, 0xDF, 0xFF,
  0xC6, 0xDF, 0xFF, 0xC6, 0xDF, 0xFF, 0xC6, 0xDF, 0xFF, 0xC6, 0xDF, 0xFF, 0xC6, 0xDF, 0xFF, 0xC6, 0xDF, 0xFF,
  0xC6, 0xDF, 0xFF, 0xC6, 0xDF, 0xFF, 0xC6, 0xDF, 0xFF, 0xC6, 0xDF, 0xFF, 0xC6, 0xDF, 0xFF, 0xC6, 0xDF, 0xFF,
  0xC6, 0xDF, 0xFF, 0xC6, 0xDF, 0xFF, 0xC6, 0xDF, 0xFF, 0xC6, 0xDF, 0xFF, 0xC6, 0xDF, 0xFF, 0xC6, 0xDF, 0xFF,
  0xAE, 0x5E, 0xFF, 0xA6, 0x1D, 0xFF, 0xAE, 0x3E, 0xFF, 0xA6, 0x1D, 0xFF, 0x29, 0xE8, 0xFF, 0x84, 0x51, 0x8B,
  0xFF, 0xFF, 0x00, 0xFF, 0xFF, 0x00, 0xFF, 0xFF, 0x00, 0x94, 0xB3, 0x79, 0x21, 0x86, 0xF1, 0x3A, 0x4A, 0xFF,
  0x9D, 0x58, 0xFF, 0xCE, 0xFF, 0xFF, 0xC6, 0xDF, 0xFF, 0xC6, 0xDF, 0xFF, 0xC6, 0xDF, 0xFF, 0xC6, 0xDF, 0xFF,
  0xC6, 0xDF, 0xFF, 0xC6, 0xDF, 0xFF, 0xC6, 0xDF, 0xFF, 0xC6, 0xDF, 0xFF, 0xC6, 0xDF, 0xFF, 0xC6, 0xDF, 0xFF,
  0xC6, 0xDF, 0xFF, 0xC6, 0xDF, 0xFF, 0xC6, 0xDF, 0xFF, 0xC6, 0xDF, 0xFF, 0xC6, 0xDF, 0xFF, 0xC6, 0xDF, 0xFF,
  0xC6, 0xDF, 0xFF, 0xC6, 0xDF, 0xFF, 0xC6, 0xDF, 0xFF, 0xC6, 0xDF, 0xFF, 0xC6, 0xDF, 0xFF, 0xC6, 0xDF, 0xFF,
  0xC6, 0xDF, 0xFF, 0xC6, 0xDF, 0xFF, 0xC6, 0xDF, 0xFF, 0xC6, 0xDF, 0xFF, 0xC6, 0xDF, 0xFF, 0xC6, 0xDF, 0xFF,
  0xC6, 0xDF, 0xFF, 0xC6, 0xDF, 0xFF, 0xC6, 0xDF, 0xFF, 0xC6, 0xDF, 0xFF, 0xC6, 0xDF, 0xFF, 0xC6, 0xDF, 0xFF,
  0xC6, 0xDF, 0xFF, 0xC6, 0xDF, 0xFF, 0xCE, 0xFF, 0xFF, 0xC6, 0xDF, 0xFF, 0xC6, 0xDF, 0xFF, 0xC6, 0xDF, 0xFF,
  0xC6, 0xDF, 0xFF, 0xC6, 0xDF, 0xFF, 0xC6, 0xDF, 0xFF, 0xC6, 0xDF, 0xFF, 0xC6, 0xDF, 0xFF, 0xB6, 0x5E, 0xFF,
  0xA6, 0x1D, 0xFF, 0xAE, 0x1D, 0xFF, 0xB6, 0x7F, 0xFF, 0x74, 0x54, 0xFF, 0x19, 0x45, 0xFC, 0xD6, 0xBA, 0x2F,
  0xFF, 0xFF, 0x00, 0xFF, 0xFF, 0x00, 0xFF, 0xFF, 0x00, 0xFF, 0xFF, 0x00, 0xAD, 0xB6, 0x57, 0x10, 0xE4, 0xFF,
  0x7C, 0x54, 0xFF, 0xCF, 0x1F, 0xFF, 0xC6, 0xDF, 0xFF, 0xC6, 0xDF, 0xFF, 0xC6, 0xDF, 0xFF, 0xC6, 0xDF, 0xFF,
  0xC6, 0xDF, 0xFF, 0xC6, 0xDF, 0xFF, 0xC6, 0xDF, 0xFF, 0xC6, 0xDF, 0xFF, 0xC6, 0xDF, 0xFF, 0xC6, 0xDF, 0xFF,
  0xC6, 0xDF, 0xFF, 0xC6, 0xDF, 0xFF, 0xC6, 0xDF, 0xFF, 0xC6, 0xDF, 0xFF, 0xC6, 0xDF, 0xFF, 0xC6, 0xDF, 0xFF,
  0xC6, 0xDF, 0xFF, 0xC6, 0xDF, 0xFF, 0xC6, 0xDF, 0xFF, 0xC6, 0xDF, 0xFF, 0xC6, 0xDF, 0xFF, 0xC6, 0xDF, 0xFF,
  0xC6, 0xDF, 0xFF, 0xC6, 0xDF, 0xFF, 0xC6, 0xDF, 0xFF, 0xC6, 0xDF, 0xFF, 0xC6, 0xDF, 0xFF, 0xC6, 0xDF, 0xFF,
  0xC6, 0xDF, 0xFF, 0xC6, 0xDF, 0xFF, 0xC6, 0xDF, 0xFF, 0xC6, 0xDF, 0xFF, 0xC6, 0xDF, 0xFF, 0xC6, 0xDF, 0xFF,
  0xCE, 0xFF, 0xFF, 0xBE, 0x9E, 0xFF, 0x9D, 0x79, 0xFF, 0xCE, 0xFF, 0xFF, 0xCE, 0xDF, 0xFF, 0xC6, 0xDF, 0xFF,
  0xC6, 0xDF, 0xFF, 0xC6, 0xDF, 0xFF, 0xC6, 0xDF, 0xFF, 0xC6, 0xBF, 0xFF, 0xAE, 0x5E, 0xFF, 0xA6, 0x1D, 0xFF,
  0xAE, 0x3E, 0xFF, 0xB6, 0x7F, 0xFF, 0x84, 0xF8, 0xFF, 0x19, 0x46, 0xFF, 0x7C, 0x30, 0x90, 0xFF, 0xFF, 0x00,
  0xFF, 0xFF, 0x00, 0xFF, 0xFF, 0x00, 0xFF, 0xFF, 0x00, 0xFF, 0xFF, 0x00, 0x73, 0xCF, 0x9B, 0x32, 0x2A, 0xFF,
  0xC6, 0xBF, 0xFF, 0xC6, 0xDF, 0xFF, 0xC6, 0xDF, 0xFF, 0xC6, 0xDF, 0xFF, 0xC6, 0xDF, 0xFF, 0xC6, 0xDF, 0xFF,
  0xC6, 0xDF, 0xFF, 0xC6, 0xDF, 0xFF, 0xC6, 0xDF, 0xFF, 0xC6, 0xDF, 0xFF, 0xC6, 0xDF, 0xFF, 0xC6, 0xDF, 0xFF,
  0xC6, 0xDF, 0xFF, 0xC6, 0xDF, 0xFF, 0xC6, 0xDF, 0xFF, 0xC6, 0xDF, 0xFF, 0xC6, 0xDF, 0xFF, 0xC6, 0xDF, 0xFF,
  0xC6, 0xDF, 0xFF, 0xC6, 0xDF, 0xFF, 0xC6, 0xDF, 0xFF, 0xC6, 0xDF, 0xFF, 0xC6, 0xDF, 0xFF, 0xC6, 0xDF, 0xFF,
  0xC6, 0xDF, 0xFF, 0xC6, 0xDF, 0xFF, 0xC6, 0xDF, 0xFF, 0xC6, 0xDF, 0xFF, 0xC6, 0xDF, 0xFF, 0xC6, 0xDF, 0xFF,
  0xC6, 0xDF, 0xFF, 0xC6, 0xDF, 0xFF, 0xC6, 0xDF, 0xFF, 0xC6, 0xDF, 0xFF, 0xC6, 0xDF, 0xFF, 0xC6, 0x9E, 0xFF,
  0x6B, 0xF1, 0xFF, 0x9D, 0x79, 0xFF, 0x53, 0x0D, 0xFF, 0x9D, 0x58, 0xFF, 0x7C, 0x54, 0xFF, 0xCE, 0xFF, 0xFF,
  0xC6, 0xDF, 0xFF, 0xC6, 0xBF, 0xFF, 0xBE, 0x7E, 0xFF, 0xAE, 0x5E, 0xFF, 0xAE, 0x5F, 0xFF, 0xAE, 0x5E, 0xFF,
  0x9D, 0xDC, 0xFF, 0x63, 0xD2, 0xFF, 0x19, 0x45, 0xFF, 0x63, 0x6D, 0xAD, 0xFF, 0xFF, 0x03, 0xFF, 0xFF, 0x00,
  0xFF, 0xFF, 0x00, 0xFF, 0xFF, 0x00, 0xFF, 0xFF, 0x00, 0xEF, 0x7D, 0x13, 0x29, 0xC7, 0xEC, 0x7C, 0x74, 0xFF,
  0xCF, 0x1F, 0xFF, 0xC6, 0xDF, 0xFF, 0xC6, 0xDF, 0xFF, 0xC6, 0xDF, 0xFF, 0xC6, 0xDF, 0xFF, 0xC6, 0xDF, 0xFF,
  0xC6, 0xDF, 0xFF, 0xC6, 0xDF, 0xFF, 0xC6, 0xDF, 0xFF, 0xC6, 0xDF, 0xFF, 0xC6, 0xDF, 0xFF, 0xC6, 0xDF, 0xFF,
  0xC6, 0xDF, 0xFF, 0xC6, 0xDF, 0xFF, 0xC6, 0xDF, 0xFF, 0xC6, 0xDF, 0xFF, 0xC6, 0xDF, 0xFF, 0xC6, 0xDF, 0xFF,
  0xC6, 0xDF, 0xFF, 0xC6, 0xDF, 0xFF, 0xC6, 0xDF, 0xFF, 0xC6, 0xDF, 0xFF, 0xC6, 0xDF, 0xFF, 0xC6, 0xDF, 0xFF,
  0xC6, 0xDF, 0xFF, 0xC6, 0xDF, 0xFF, 0xC6, 0xDF, 0xFF, 0xC6, 0xDF, 0xFF, 0xC6, 0xDF, 0xFF, 0xC6, 0xDF, 0xFF,
  0xC6, 0xDF, 0xFF, 0xC6, 0xDF, 0xFF, 0xC6, 0xDF, 0xFF, 0xC6, 0xDF, 0xFF, 0xC6, 0xDF, 0xFF, 0xCE, 0xFF, 0xFF,
  0x7C, 0x53, 0xFF, 0x3A, 0x6A, 0xFF, 0x3A, 0x6B, 0xFF, 0x3A, 0x6A, 0xFF, 0x9D, 0x99, 0xFF, 0xCE, 0xDF, 0xFF,
  0xBE, 0x9E, 0xFF, 0xAE, 0x3E, 0xFF, 0xA5, 0xFD, 0xFF, 0x8D, 0x18, 0xFF, 0x6C, 0x13, 0xFF, 0x4A, 0xCD, 0xFF,
  0x21, 0x87, 0xFF, 0x21, 0xA6, 0xEB, 0x8C, 0xB3, 0x7A, 0xFF, 0xFF, 0x00, 0xFF, 0xFF, 0x00, 0xFF, 0xFF, 0x00,
  0xFF, 0xFF, 0x00, 0xFF, 0xFF, 0x00, 0xFF, 0xFF, 0x00, 0xC6, 0x59, 0x3E, 0x19, 0x66, 0xFF, 0xAD, 0xFB, 0xFF,
  0xCE, 0xFF, 0xFF, 0xC6, 0xDF, 0xFF, 0xC6, 0xDF, 0xFF, 0xC6, 0xDF, 0xFF, 0xC6, 0xDF, 0xFF, 0xC6, 0xDF, 0xFF,
  0xC6, 0xDF, 0xFF, 0xC6, 0xDF, 0xFF, 0xC6, 0xDF, 0xFF, 0xC6, 0xDF, 0xFF, 0xC6, 0xDF, 0xFF, 0xC6, 0xDF, 0xFF,
  0xC6, 0xDF, 0xFF, 0xC6, 0xDF, 0xFF, 0xC6, 0xDF, 0xFF, 0xC6, 0xDF, 0xFF, 0xC6, 0xDF, 0xFF, 0xC6, 0xDF, 0xFF,
  0xC6, 0xDF, 0xFF, 0xC6, 0xDF, 0xFF, 0xC6, 0xDF, 0xFF, 0xC6, 0xDF, 0xFF, 0xC6, 0xDF, 0xFF, 0xC6, 0xDF, 0xFF,
  0xC6, 0xDF, 0xFF, 0xC6, 0xDF, 0xFF, 0xC6, 0xDF, 0xFF, 0xC6, 0xDF, 0xFF, 0xC6, 0xDF, 0xFF, 0xC6, 0xDF, 0xFF,
  0xC6, 0xDF, 0xFF, 0xC6, 0xDF, 0xFF, 0xC6, 0xDF, 0xFF, 0xC6, 0xDF, 0xFF, 0xC6, 0xDF, 0xFF, 0xC6, 0xBF, 0xFF,
  0xA5, 0xBA, 0xFF, 0x5B, 0x4F, 0xFF, 0x19, 0x45, 0xFF, 0x74, 0x33, 0xFF, 0xA5, 0xDB, 0xFF, 0xAE, 0x3E, 0xFF,
  0xA6, 0x1D, 0xFF, 0xAE, 0x3E, 0xFF, 0x8D, 0x18, 0xFF, 0x19, 0x65, 0xFF, 0x29, 0xE7, 0xE5, 0x53, 0x0C, 0xB5,
  0x9D, 0x14, 0x6C, 0xE7, 0x5D, 0x19, 0xFF, 0xFF, 0x00, 0xFF, 0xFF, 0x00, 0xFF, 0xFF, 0x00, 0xFF, 0xFF, 0x00,
  0xFF, 0xFF, 0x00, 0xFF, 0xFF, 0x00, 0xFF, 0xFF, 0x00, 0xAD, 0x96, 0x5B, 0x21, 0xA7, 0xFF, 0xBE, 0x7D, 0xFF,
  0xC6, 0xDF, 0xFF, 0xC6, 0xDF, 0xFF, 0xC6, 0xDF, 0xFF, 0xC6, 0xDF, 0xFF, 0xC6, 0xDF, 0xFF, 0xC6, 0xDF, 0xFF,
  0xC6, 0xDF, 0xFF, 0xC6, 0xDF, 0xFF, 0xC6, 0xDF, 0xFF, 0xC6, 0xDF, 0xFF, 0xC6, 0xDF, 0xFF, 0xC6, 0xDF, 0xFF,
  0xC6, 0xDF, 0xFF, 0xC6, 0xDF, 0xFF, 0xC6, 0xDF, 0xFF, 0xC6, 0xDF, 0xFF, 0xC6, 0xDF, 0xFF, 0xC6, 0xDF, 0xFF,
  0xC6, 0xDF, 0xFF, 0xC6, 0xDF, 0xFF, 0xC6, 0xDF, 0xFF, 0xC6, 0xDF, 0xFF, 0xC6, 0xDF, 0xFF, 0xC6, 0xDF, 0xFF,
  0xC6, 0xDF, 0xFF, 0xC6, 0xDF, 0xFF, 0xC6, 0xDF, 0xFF, 0xC6, 0xDF, 0xFF, 0xC6, 0xDF, 0xFF, 0xC6, 0xDF, 0xFF,
  0xC6, 0xDF, 0xFF, 0xC6, 0xDF, 0xFF, 0xC6, 0xDF, 0xFF, 0xC6, 0xDF, 0xFF, 0xC6, 0xDF, 0xFF, 0xC6, 0xBF, 0xFF,
  0x53, 0x0D, 0xFF, 0x63, 0xB0, 0xFF, 0x42, 0xCC, 0xFF, 0x53, 0x0E, 0xFF, 0x63, 0xD2, 0xFF, 0xAE, 0x5E, 0xFF,
  0xAE, 0x1D, 0xFF, 0xAE, 0x5E, 0xFF, 0x84, 0xD7, 0xFF, 0x21, 0x86, 0xF8, 0xD6, 0xDB, 0x2C, 0xFF, 0xFF, 0x00,
  0xFF, 0xFF, 0x00, 0xFF, 0xFF, 0x00, 0xFF, 0xFF, 0x00, 0xFF, 0xFF, 0x00, 0xFF, 0xFF, 0x00, 0xFF, 0xFF, 0x00,
  0xFF, 0xFF, 0x00, 0xFF, 0xFF, 0x00, 0xFF, 0xFF, 0x00, 0xAD, 0x96, 0x5B, 0x21, 0xA7, 0xFF, 0xBE, 0x7D, 0xFF,
  0xC6, 0xDF, 0xFF, 0xC6, 0xDF, 0xFF, 0xC6, 0xDF, 0xFF, 0xC6, 0xDF, 0xFF, 0xC6, 0xDF, 0xFF, 0xC6, 0xDF, 0xFF,
  0xC6, 0xDF, 0xFF, 0xC6, 0xDF, 0xFF, 0xC6, 0xDF, 0xFF, 0xC6, 0xDF, 0xFF, 0xC6, 0xDF, 0xFF, 0xC6, 0xDF, 0xFF,
  0xC6, 0xDF, 0xFF, 0xC6, 0xDF, 0xFF, 0xC6, 0xDF, 0xFF, 0xC6, 0xDF, 0xFF, 0xC6, 0xDF, 0xFF, 0xC6, 0xDF, 0xFF,
  0xC6, 0xDF, 0xFF, 0xC6, 0xDF, 0xFF, 0xC6, 0xDF, 0xFF, 0xC6, 0xDF, 0xFF, 0xC6, 0xDF, 0xFF, 0xC6, 0xDF, 0xFF,
  0xC6, 0xDF, 0xFF, 0xC6, 0xDF, 0xFF, 0xC6, 0xDF, 0xFF, 0xC6, 0xDF, 0xFF, 0xC6, 0xDF, 0xFF, 0xC6, 0xDF, 0xFF,
  0xC6, 0xDF, 0xFF, 0xCE, 0xFF, 0xFF, 0xC6, 0xBF, 0xFF, 0xBE, 0x9F, 0xFF, 0xB6, 0x9F, 0xFF, 0xAE, 0x5E, 0xFF,
  0x9D, 0x9B, 0xFF, 0x32, 0x09, 0xFF, 0x19, 0x66, 0xFF, 0x4A, 0xED, 0xFF, 0xAE, 0x3E, 0xFF, 0xAE, 0x3E, 0xFF,
  0xAE, 0x5E, 0xFF, 0xB6, 0x7F, 0xFF, 0x74, 0x54, 0xFF, 0x29, 0xC7, 0xEA, 0xF7, 0x9E, 0x10, 0xFF, 0xFF, 0x00,
  0xFF, 0xFF, 0x00, 0xFF, 0xFF, 0x00, 0xFF, 0xFF, 0x00, 0xFF, 0xFF, 0x00, 0xFF, 0xFF, 0x00, 0xFF, 0xFF, 0x00,
  0xFF, 0xFF, 0x00, 0xFF, 0xFF, 0x00, 0xFF, 0xFF, 0x00, 0xC6, 0x59, 0x3E, 0x19, 0x66, 0xFF, 0xAD, 0xDB, 0xFF,
  0xCE, 0xFF, 0xFF, 0xC6, 0xDF, 0xFF, 0xC6, 0xDF, 0xFF, 0xC6, 0xDF, 0xFF, 0xC6, 0xDF, 0xFF, 0xC6, 0xDF, 0xFF,
  0xC6, 0xDF, 0xFF, 0xC6, 0xDF, 0xFF, 0xC6, 0xDF, 0xFF, 0xC6, 0xDF, 0xFF, 0xC6, 0xDF, 0xFF, 0xC6, 0xDF, 0xFF,
  0xC6, 0xDF, 0xFF, 0xC6, 0xDF, 0xFF, 0xC6, 0xDF, 0xFF, 0xC6, 0xDF, 0xFF, 0xC6, 0xDF, 0xFF, 0xC6, 0xDF, 0xFF,
  0xC6, 0xDF, 0xFF, 0xC6, 0xDF, 0xFF, 0xC6, 0xDF, 0xFF, 0xC6, 0xDF, 0xFF, 0xC6, 0xDF, 0xFF, 0xC6, 0xDF, 0xFF,
  0xC6, 0xDF, 0xFF, 0xC6, 0xDF, 0xFF, 0xC6, 0xBF, 0xFF, 0xC6, 0xBF, 0xFF, 0xBE, 0x9F, 0xFF, 0xB6, 0x7E, 0xFF,
  0xAE, 0x1D, 0xFF, 0x63, 0xB1, 0xFF, 0x9D, 0xBB, 0xFF, 0x7C, 0x96, 0xFF, 0x74, 0x54, 0xFF, 0xAE, 0x5E, 0xFF,
  0xB6, 0x7F, 0xFF, 0x7C, 0xB6, 0xFF, 0x29, 0xE8, 0xFF, 0x9D, 0xBB, 0xFF, 0xAE, 0x5F, 0xFF, 0xAE, 0x1D, 0xFF,
  0x63, 0xB1, 0xFF, 0x95, 0x9B, 0xFF, 0x53, 0x50, 0xFF, 0x4A, 0xAA, 0xC9, 0xFF, 0xFF, 0x00, 0xFF, 0xFF, 0x00,
  0xFF, 0xFF, 0x00, 0xFF, 0xFF, 0x00, 0xFF, 0xFF, 0x00, 0xFF, 0xFF, 0x00, 0xFF, 0xFF, 0x00, 0xFF, 0xFF, 0x00,
  0xFF, 0xFF, 0x00, 0xFF, 0xFF, 0x00, 0xFF, 0xFF, 0x00, 0xEF, 0x9E, 0x10, 0x29, 0xC7, 0xE9, 0x6B, 0xF2, 0xFF,
  0xBE, 0x9F, 0xFF, 0xB6, 0x7E, 0xFF, 0xBE, 0x9E, 0xFF, 0xBE, 0x9F, 0xFF, 0xC6, 0xBF, 0xFF, 0xC6, 0xBF, 0xFF,
  0xC6, 0xBF, 0xFF, 0xC6, 0xBF, 0xFF, 0xC6, 0xBF, 0xFF, 0xC6, 0xDF, 0xFF, 0xC6, 0xDF, 0xFF, 0xC6, 0xDF, 0xFF,
  0xC6, 0xDF, 0xFF, 0xC6, 0xDF, 0xFF, 0xC6, 0xDF, 0xFF, 0xC6, 0xBF, 0xFF, 0xC6, 0xBF, 0xFF, 0xC6, 0xBF, 0xFF,
  0xC6, 0xBF, 0xFF, 0xC6, 0xBF, 0xFF, 0xBE, 0x9F, 0xFF, 0xBE, 0x9F, 0xFF, 0xBE, 0x7E, 0xFF, 0xB6, 0x7E, 0xFF,
  0xB6, 0x5E, 0xFF, 0xAE, 0x3E, 0xFF, 0xAE, 0x3E, 0xFF, 0xAE, 0x1D, 0xFF, 0xA6, 0x1D, 0xFF, 0xA6, 0x1D, 0xFF,
  0xAE, 0x1E, 0xFF, 0x6C, 0x13, 0xFF, 0x3A, 0x6A, 0xFF, 0x74, 0x34, 0xFF, 0x3A, 0x8B, 0xFF, 0x5B, 0x91, 0xFF,
  0xA6, 0x1D, 0xFF, 0x95, 0x7A, 0xFF, 0x42, 0xCC, 0xFF, 0xAE, 0x3E, 0xFF, 0x9D, 0x9B, 0xFF, 0x42, 0xCD, 0xFF,
  0x53, 0x2E, 0xFF, 0x6B, 0xF2, 0xFF, 0x19, 0x66, 0xFF, 0x84, 0x71, 0x88, 0xFF, 0xFF, 0x00, 0xFF, 0xFF, 0x00,
  0xFF, 0xFF, 0x00, 0xFF, 0xFF, 0x00, 0xFF, 0xFF, 0x00, 0xFF, 0xFF, 0x00, 0xFF, 0xFF, 0x00, 0xFF, 0xFF, 0x00,
  0xFF, 0xFF, 0x00, 0xFF, 0xFF, 0x00, 0xFF, 0xFF, 0x00, 0xFF, 0xFF, 0x00, 0x7C, 0x31, 0x8D, 0x21, 0x87, 0xFF,
  0x9D, 0xBB, 0xFF, 0xAE, 0x3E, 0xFF, 0xA6, 0x1D, 0xFF, 0xA6, 0x1D, 0xFF, 0xAE, 0x1D, 0xFF, 0xAE, 0x3D, 0xFF,
  0xAE, 0x3E, 0xFF, 0xAE, 0x3E, 0xFF, 0xAE, 0x3E, 0xFF, 0xAE, 0x3E, 0xFF, 0xAE, 0x3E, 0xFF, 0xAE, 0x5E, 0xFF,
  0xAE, 0x5E, 0xFF, 0xAE, 0x3E, 0xFF, 0xAE, 0x3E, 0xFF, 0xAE, 0x3E, 0xFF, 0xAE, 0x3E, 0xFF, 0xAE, 0x3E, 0xFF,
  0xAE, 0x3E, 0xFF, 0xAE, 0x1D, 0xFF, 0xAE, 0x1D, 0xFF, 0xA6, 0x1D, 0xFF, 0xA6, 0x1D, 0xFF, 0xA6, 0x1D, 0xFF,
  0xA6, 0x1D, 0xFF, 0xA6, 0x1D, 0xFF, 0xA6, 0x1D, 0xFF, 0xAE, 0x1D, 0xFF, 0xAE, 0x1D, 0xFF, 0xAE, 0x5F, 0xFF,
  0x6C, 0x13, 0xFF, 0x42, 0xCD, 0xFF, 0x29, 0xC8, 0xFF, 0x21, 0xA7, 0xFF, 0x42, 0x8C, 0xFF, 0x19, 0x25, 0xFF,
  0x3A, 0x4A, 0xFF, 0x3A, 0x8B, 0xFF, 0x29, 0xC8, 0xFF, 0x42, 0xAC, 0xFF, 0x29, 0xE8, 0xFF, 0x19, 0x66, 0xFF,
  0x42, 0xAC, 0xFF, 0x21, 0x86, 0xFF, 0x21, 0x86, 0xFB, 0x42, 0xAA, 0xCC, 0xCE, 0x79, 0x3C, 0xFF, 0xFF, 0x00,
  0xFF, 0xFF, 0x00, 0xFF, 0xFF, 0x00, 0xFF, 0xFF, 0x00, 0xFF, 0xFF, 0x00, 0xFF, 0xFF, 0x00, 0xFF, 0xFF, 0x00,
  0xFF, 0xFF, 0x00, 0xFF, 0xFF, 0x00, 0xFF, 0xFF, 0x00, 0xFF, 0xFF, 0x00, 0xEF, 0x7E, 0x11, 0x3A, 0x28, 0xDC,
  0x3A, 0x4B, 0xFF, 0x9D, 0xDC, 0xFF, 0xB6, 0x5F, 0xFF, 0xAE, 0x3E, 0xFF, 0xAE, 0x1E, 0xFF, 0xAE, 0x1D, 0xFF,
  0xAE, 0x1D, 0xFF, 0xAE, 0x1E, 0xFF, 0xAE, 0x1E, 0xFF, 0xAE, 0x3E, 0xFF, 0xAE, 0x5F, 0xFF, 0xA6, 0x1D, 0xFF,
  0xA5, 0xFC, 0xFF, 0xAE, 0x3E, 0xFF, 0xA6, 0x1D, 0xFF, 0xA6, 0x1D, 0xFF, 0xA6, 0x1D, 0xFF, 0xAE, 0x1D, 0xFF,
  0xAE, 0x1D, 0xFF, 0xAE, 0x1D, 0xFF, 0xAE, 0x1D, 0xFF, 0xAE, 0x1D, 0xFF, 0xAE, 0x1D, 0xFF, 0xAE, 0x1D, 0xFF,
  0xAE, 0x1D, 0xFF, 0xAE, 0x1D, 0xFF, 0xAE, 0x1D, 0xFF, 0xAE, 0x1D, 0xFF, 0xAE, 0x3E, 0xFF, 0x9D, 0xBC, 0xFF,
  0x9D, 0x9B, 0xFF, 0x74, 0x75, 0xFF, 0x29, 0xE8, 0xFF, 0x63, 0xD2, 0xFF, 0x42, 0xAC, 0xFF, 0x42, 0xAC, 0xFF,
  0x95, 0x5A, 0xFF, 0x84, 0xF7, 0xFF, 0x42, 0x8C, 0xFF, 0x9D, 0x9B, 0xFF, 0x84, 0xD7, 0xFF, 0x3A, 0x4A, 0xFF,
  0x53, 0x2E, 0xFF, 0x21, 0x86, 0xFF, 0x31, 0xE8, 0xE7, 0xC6, 0x59, 0x3E, 0xFF, 0xDF, 0x07, 0xFF, 0xFF, 0x00,
  0xFF, 0xFF, 0x00, 0xFF, 0xFF, 0x00, 0xFF, 0xFF, 0x00, 0xFF, 0xFF, 0x00, 0xFF, 0xFF, 0x00, 0xFF, 0xFF, 0x00,
  0xFF, 0xFF, 0x00, 0xFF, 0xFF, 0x00, 0xFF, 0xFF, 0x00, 0xFF, 0xFF, 0x00, 0xFF, 0xFF, 0x00, 0xD6, 0xDB, 0x2C,
  0x32, 0x08, 0xDE, 0x21, 0xC8, 0xFF, 0x74, 0x55, 0xFF, 0x9D, 0xDC, 0xFF, 0xAE, 0x3E, 0xFF, 0xAE, 0x5E, 0xFF,
  0xAE, 0x5E, 0xFF, 0xAE, 0x1D, 0xFF, 0xA6, 0x1D, 0xFF, 0x9D, 0x9B, 0xFF, 0x74, 0x55, 0xFF, 0x32, 0x2A, 0xFF,
  0x3A, 0x8B, 0xFF, 0xA6, 0x1D, 0xFF, 0xAE, 0x3E, 0xFF, 0xAE, 0x1D, 0xFF, 0xAE, 0x1D, 0xFF, 0xAE, 0x1D, 0xFF,
  0xAE, 0x1D, 0xFF, 0xAE, 0x1D, 0xFF, 0xAE, 0x1D, 0xFF, 0xAE, 0x1D, 0xFF, 0xAE, 0x1D, 0xFF, 0xAE, 0x1D, 0xFF,
  0xAE, 0x1D, 0xFF, 0xAE, 0x1D, 0xFF, 0xAE, 0x1D, 0xFF, 0xAE, 0x3E, 0xFF, 0xA5, 0xFD, 0xFF, 0x32, 0x2A, 0xFF,
  0x32, 0x09, 0xFF, 0x3A, 0x4A, 0xFF, 0x8D, 0x39, 0xFF, 0x7C, 0x75, 0xFF, 0x5B, 0x90, 0xFF, 0xAE, 0x1D, 0xFF,
  0xB6, 0x7F, 0xFF, 0x8D, 0x39, 0xFF, 0x3A, 0x4A, 0xFF, 0xAE, 0x1E, 0xFF, 0xBE, 0xBF, 0xFF, 0x84, 0xD7, 0xFF,
  0x11, 0x25, 0xFF, 0x4A, 0xAB, 0xCB, 0x8C, 0xB2, 0x7D, 0x84, 0x71, 0x88, 0xFF, 0xFF, 0x00, 0xFF, 0xFF, 0x00,
  0xFF, 0xFF, 0x00, 0xFF, 0xFF, 0x00, 0xFF, 0xFF, 0x00, 0xFF, 0xFF, 0x00, 0xFF, 0xFF, 0x00, 0xFF, 0xFF, 0x00,
  0xFF, 0xFF, 0x00, 0xFF, 0xFF, 0x00, 0xF7, 0xBE, 0x09, 0xA5, 0x55, 0x64, 0xEF, 0x7D, 0x14, 0xFF, 0xFF, 0x00,
  0xEF, 0x5D, 0x18, 0x6B, 0xAE, 0xA0, 0x21, 0x66, 0xF6, 0x21, 0x87, 0xFF, 0x32, 0x4A, 0xFF, 0x42, 0xCD, 0xFF,
  0x4B, 0x0E, 0xFF, 0x3A, 0x6B, 0xFF, 0x3A, 0x4A, 0xFF, 0x21, 0x87, 0xFF, 0x21, 0xA6, 0xF1, 0x5B, 0x2C, 0xB3,
  0x21, 0x86, 0xF2, 0x5B, 0xB1, 0xFF, 0xAE, 0x5F, 0xFF, 0xAE, 0x1E, 0xFF, 0xAE, 0x1D, 0xFF, 0xAE, 0x1D, 0xFF,
  0xAE, 0x1D, 0xFF, 0xAE, 0x1D, 0xFF, 0xAE, 0x1D, 0xFF, 0xAE, 0x1D, 0xFF, 0xAE, 0x1D, 0xFF, 0xAE, 0x1D, 0xFF,
  0xAE, 0x1D, 0xFF, 0xAE, 0x1D, 0xFF, 0xAE, 0x3E, 0xFF, 0xAE, 0x5F, 0xFF, 0x5B, 0x70, 0xFF, 0x29, 0xA7, 0xED,
  0x42, 0x8A, 0xCB, 0x19, 0x46, 0xFF, 0x53, 0x50, 0xFF, 0x8D, 0x18, 0xFF, 0xAE, 0x3E, 0xFF, 0xB6, 0x7F, 0xFF,
  0xA6, 0x1D, 0xFF, 0x42, 0xAC, 0xFF, 0x19, 0x45, 0xFF, 0x5B, 0x90, 0xFF, 0x6B, 0xF3, 0xFF, 0x19, 0x66, 0xFF,
  0x4A, 0xAB, 0xC8, 0xE7, 0x3C, 0x1B, 0xFF, 0xFF, 0x00, 0xFF, 0xDF, 0x05, 0xFF, 0xFF, 0x00, 0xFF, 0xFF, 0x00,
  0xFF, 0xFF, 0x00, 0xFF, 0xFF, 0x00, 0xFF, 0xFF, 0x00, 0xFF, 0xFF, 0x01, 0xFF, 0xFF, 0x00, 0xFF, 0xFF, 0x00,
  0xFF, 0xFF, 0x00, 0xFF, 0xFF, 0x00, 0xE7, 0x5D, 0x19, 0x3A, 0x49, 0xDB, 0xD6, 0xBA, 0x30, 0xFF, 0xFF, 0x00,
  0xFF, 0xFF, 0x00, 0xFF, 0xFF, 0x00, 0xDE, 0xFB, 0x25, 0xA5, 0x35, 0x65, 0x7C, 0x10, 0x8F, 0x42, 0x6A, 0xCE,
  0x21, 0x86, 0xF7, 0x32, 0x08, 0xE5, 0x29, 0xA7, 0xEB, 0x63, 0x8E, 0xA9, 0xEF, 0x5D, 0x16, 0xFF, 0xFF, 0x00,
  0x9D, 0x34, 0x69, 0x11, 0x25, 0xFF, 0x74, 0x75, 0xFF, 0xB6, 0x7F, 0xFF, 0xAE, 0x3E, 0xFF, 0xAE, 0x1D, 0xFF,
  0xAE, 0x1D, 0xFF, 0xAE, 0x1D, 0xFF, 0xAE, 0x1D, 0xFF, 0xAE, 0x1D, 0xFF, 0xAE, 0x1D, 0xFF, 0xAE, 0x1D, 0xFF,
  0xAE, 0x1D, 0xFF, 0xAE, 0x3E, 0xFF, 0xB6, 0x7F, 0xFF, 0x74, 0x34, 0xFF, 0x11, 0x25, 0xFF, 0xAD, 0x96, 0x59,
  0xFF, 0xFF, 0x00, 0x9D, 0x14, 0x6C, 0x3A, 0x28, 0xD7, 0x19, 0x45, 0xFF, 0x29, 0xE9, 0xFF, 0x42, 0xCD, 0xFF,
  0x3A, 0x6B, 0xFF, 0x21, 0x66, 0xFF, 0x21, 0xA7, 0xFF, 0x19, 0x25, 0xFF, 0x19, 0x65, 0xF7, 0x8C, 0x92, 0x7E,
  0xF7, 0xDF, 0x07, 0xFF, 0xFF, 0x00, 0xFF, 0xFF, 0x00, 0xFF, 0xFF, 0x00, 0xFF, 0xFF, 0x00, 0xFF, 0xFF, 0x00,
  0xFF, 0xFF, 0x03, 0x84, 0x51, 0x8B, 0xCE, 0x9A, 0x35, 0xFF, 0xFF, 0x00, 0xFF, 0xFF, 0x00, 0xFF, 0xFF, 0x00,
  0xFF, 0xFF, 0x00, 0xFF, 0xFF, 0x00, 0xFF, 0xFF, 0x00, 0xFF, 0xDF, 0x06, 0xFF, 0xFF, 0x00, 0xFF, 0xFF, 0x00,
  0xFF, 0xFF, 0x00, 0xFF, 0xFF, 0x00, 0xFF, 0xFF, 0x00, 0xFF, 0xFF, 0x00, 0xFF, 0xFF, 0x00, 0xF7, 0x9E, 0x0D,
  0x4A, 0xCB, 0xCA, 0x19, 0x66, 0xF5, 0x52, 0xEC, 0xC2, 0xF7, 0xBE, 0x09, 0xFF, 0xFF, 0x00, 0xFF, 0xFF, 0x00,
  0xFF, 0xFF, 0x00, 0x7C, 0x31, 0x8E, 0x11, 0x25, 0xFF, 0x74, 0x55, 0xFF, 0xAE, 0x5F, 0xFF, 0xAE, 0x3E, 0xFF,
  0xAE, 0x1D, 0xFF, 0xAE, 0x1D, 0xFF, 0xAE, 0x1D, 0xFF, 0xAE, 0x1D, 0xFF, 0xAE, 0x1D, 0xFF, 0xAE, 0x1D, 0xFF,
  0xAE, 0x3E, 0xFF, 0xAE, 0x5E, 0xFF, 0x6C, 0x13, 0xFF, 0x11, 0x25, 0xFF, 0x8C, 0x92, 0x7E, 0xFF, 0xFF, 0x00,
  0xFF, 0xFF, 0x00, 0xFF, 0xFF, 0x00, 0xF7, 0xBF, 0x08, 0xC6, 0x38, 0x43, 0x84, 0x71, 0x82, 0x63, 0x4D, 0xAB,
  0x5B, 0x2C, 0xB6, 0x29, 0xC7, 0xF5, 0x19, 0x45, 0xFF, 0x6B, 0xAE, 0xA2, 0xBE, 0x18, 0x47, 0xFF, 0xFF, 0x00,
  0xFF, 0xFF, 0x00, 0xFF, 0xFF, 0x00, 0xFF, 0xFF, 0x00, 0xFF, 0xFF, 0x00, 0xFF, 0xFF, 0x00, 0xFF, 0xFF, 0x00,
  0xFF, 0xDF, 0x04, 0x63, 0x6E, 0xAC, 0xC6, 0x38, 0x43, 0xFF, 0xFF, 0x00, 0xFF, 0xFF, 0x00, 0xFF, 0xFF, 0x00,
  0xFF, 0xFF, 0x00, 0xFF, 0xFF, 0x00, 0xFF, 0xFF, 0x00, 0xFF, 0xFF, 0x00, 0xFF, 0xFF, 0x00, 0xFF, 0xFF, 0x00,
  0xFF, 0xFF, 0x00, 0xFF, 0xFF, 0x00, 0xFF, 0xFF, 0x00, 0xFF, 0xFF, 0x00, 0xFF, 0xFF, 0x00, 0x84, 0x51, 0x8C,
  0x9C, 0xF4, 0x71, 0x3A, 0x29, 0xDC, 0x9C, 0xF4, 0x70, 0x84, 0x71, 0x88, 0xFF, 0xFF, 0x00, 0xFF, 0xFF, 0x00,
  0xFF, 0xFF, 0x00, 0xFF, 0xFF, 0x00, 0x84, 0x51, 0x8A, 0x11, 0x25, 0xFF, 0x53, 0x4F, 0xFF, 0x9D, 0xDC, 0xFF,
  0xAE, 0x5F, 0xFF, 0xAE, 0x5E, 0xFF, 0xAE, 0x3E, 0xFF, 0xAE, 0x3E, 0xFF, 0xAE, 0x5E, 0xFF, 0xAE, 0x5F, 0xFF,
  0x9D, 0xBB, 0xFF, 0x4B, 0x0E, 0xFF, 0x11, 0x25, 0xFF, 0x8C, 0xB2, 0x7C, 0xFF, 0xFF, 0x00, 0xFF, 0xFF, 0x00,
  0xFF, 0xFF, 0x00, 0xFF, 0xFF, 0x00, 0xFF, 0xFF, 0x00, 0xFF, 0xFF, 0x00, 0xFF, 0xFF, 0x00, 0xFF, 0xFF, 0x00,
  0xBD, 0xF7, 0x4D, 0x3A, 0x29, 0xE2, 0x32, 0x08, 0xE1, 0x4A, 0xAB, 0xCA, 0xEF, 0x5D, 0x18, 0xFF, 0xFF, 0x00,
  0xFF, 0xFF, 0x00, 0xFF, 0xFF, 0x00, 0xFF, 0xFF, 0x00, 0xFF, 0xFF, 0x00, 0xFF, 0xFF, 0x00, 0xFF, 0xFF, 0x00,
  0xFF, 0xFF, 0x00, 0xFF, 0xFF, 0x00, 0xFF, 0xFF, 0x00, 0xFF, 0xFF, 0x00, 0xFF, 0xFF, 0x00, 0xFF, 0xFF, 0x00,
  0xFF, 0xFF, 0x00, 0xFF, 0xFF, 0x00, 0xFF, 0xFF, 0x00, 0xFF, 0xFF, 0x00, 0xFF, 0xFF, 0x00, 0xFF, 0xFF, 0x00,
  0xFF, 0xFF, 0x00, 0xFF, 0xFF, 0x00, 0xFF, 0xFF, 0x00, 0xFF, 0xFF, 0x00, 0xFF, 0xFF, 0x00, 0xB5, 0xB7, 0x55,
  0x3A, 0x69, 0xDA, 0x42, 0x6A, 0xD4, 0x3A, 0x49, 0xD9, 0xBD, 0xF7, 0x4D, 0xFF, 0xFF, 0x00, 0xFF, 0xFF, 0x00,
  0xFF, 0xFF, 0x00, 0xFF, 0xFF, 0x00, 0xFF, 0xFF, 0x00, 0xAD, 0x96, 0x5C, 0x29, 0xC7, 0xE5, 0x21, 0x87, 0xFF,
  0x5B, 0x70, 0xFF, 0x84, 0xF8, 0xFF, 0x95, 0x9A, 0xFF, 0x95, 0x9B, 0xFF, 0x84, 0xF8, 0xFF, 0x5B, 0x70, 0xFF,
  0x21, 0x87, 0xFF, 0x31, 0xE7, 0xE0, 0xB5, 0xD7, 0x51, 0xFF, 0xFF, 0x00, 0xFF, 0xFF, 0x00, 0xFF, 0xFF, 0x00,
  0xFF, 0xFF, 0x00, 0xFF, 0xFF, 0x00, 0xFF, 0xFF, 0x00, 0xFF, 0xFF, 0x00, 0xFF, 0xFF, 0x00, 0xFF, 0xDF, 0x05,
  0x63, 0x6E, 0xAE, 0xAD, 0x96, 0x5E, 0x5B, 0x4D, 0xB7, 0x9D, 0x14, 0x6F, 0x84, 0x71, 0x89, 0xFF, 0xFF, 0x00,
  0xFF, 0xFF, 0x00, 0xFF, 0xFF, 0x00, 0xFF, 0xFF, 0x00, 0xFF, 0xFF, 0x00, 0xFF, 0xFF, 0x00, 0xFF, 0xFF, 0x00,
  0xFF, 0xFF, 0x00, 0xFF, 0xFF, 0x00, 0xFF, 0xFF, 0x00, 0xFF, 0xFF, 0x00, 0xFF, 0xFF, 0x00, 0xFF, 0xFF, 0x00,
  0xFF, 0xFF, 0x00, 0xFF, 0xFF, 0x00, 0xFF, 0xFF, 0x00, 0xFF, 0xFF, 0x00, 0xFF, 0xFF, 0x00, 0xFF, 0xFF, 0x02,
  0xDE, 0xDB, 0x29, 0xFF, 0xFF, 0x00, 0xEF, 0x5D, 0x18, 0xEF, 0x7D, 0x14, 0xFF, 0xFF, 0x00, 0xFF, 0xFF, 0x00,
  0x8C, 0xB2, 0x7F, 0x11, 0x04, 0xFF, 0x94, 0xF3, 0x75, 0xFF, 0xFF, 0x00, 0xFF, 0xFF, 0x00, 0xEF, 0x5D, 0x17,
  0xEF, 0x7D, 0x16, 0xFF, 0xFF, 0x00, 0xDE, 0xFB, 0x28, 0xFF, 0xFF, 0x00, 0xEF, 0x5D, 0x16, 0x8C, 0x92, 0x7E,
  0x3A, 0x49, 0xD4, 0x21, 0x86, 0xFB, 0x21, 0x86, 0xFF, 0x21, 0x86, 0xFF, 0x21, 0x66, 0xFC, 0x3A, 0x29, 0xD5,
  0x8C, 0xB2, 0x7B, 0xEF, 0x7D, 0x12, 0xFF, 0xFF, 0x00, 0xFF, 0xFF, 0x00, 0xFF, 0xFF, 0x00, 0xFF, 0xFF, 0x00,
  0xFF, 0xFF, 0x00, 0xFF, 0xFF, 0x00, 0xFF, 0xFF, 0x00, 0xFF, 0xFF, 0x00, 0xFF, 0xFF, 0x00, 0xFF, 0xFF, 0x01,
  0xFF, 0xDF, 0x05, 0xF7, 0x9E, 0x11, 0xA5, 0x35, 0x69, 0xFF, 0xFF, 0x00, 0xF7, 0xBF, 0x08, 0xFF, 0xFF, 0x00,
  0xFF, 0xFF, 0x00, 0xFF, 0xFF, 0x00, 0xFF, 0xFF, 0x00, 0xFF, 0xFF, 0x00, 0xFF, 0xFF, 0x00, 0xFF, 0xFF, 0x00,
  0xFF, 0xFF, 0x00, 0xFF, 0xFF, 0x00, 0xFF, 0xFF, 0x00, 0xFF, 0xFF, 0x00, 0xFF, 0xFF, 0x00, 0xFF, 0xFF, 0x00,
  0xFF, 0xFF, 0x00, 0xFF, 0xFF, 0x00, 0xFF, 0xFF, 0x00, 0xFF, 0xFF, 0x00, 0xFF, 0xFF, 0x00, 0xFF, 0xFF, 0x00,
  0x73, 0xCF, 0xA0, 0x7C, 0x51, 0x8E, 0xB5, 0xB7, 0x53, 0x4A, 0xCB, 0xC7, 0xCE, 0x9A, 0x35, 0xFF, 0xFF, 0x00,
  0xFF, 0xDF, 0x07, 0x4A, 0xCB, 0xC9, 0xFF, 0xFF, 0x00, 0xFF, 0xFF, 0x00, 0xCE, 0x79, 0x3B, 0x4A, 0xCB, 0xC8,
  0xB5, 0xD7, 0x4D, 0x7C, 0x10, 0x95, 0x74, 0x10, 0x98, 0xFF, 0xFF, 0x00, 0xFF, 0xFF, 0x00, 0xFF, 0xFF, 0x00,
  0xFF, 0xDF, 0x05, 0xDE, 0xDB, 0x29, 0xBE, 0x18, 0x45, 0xBE, 0x18, 0x46, 0xD6, 0xDB, 0x2B, 0xFF, 0xDF, 0x05,
  0xFF, 0xFF, 0x00, 0xFF, 0xFF, 0x00, 0xFF, 0xFF, 0x00, 0xFF, 0xFF, 0x00, 0xFF, 0xFF, 0x00, 0xFF, 0xFF, 0x00,
  0xFF, 0xFF, 0x00, 0xFF, 0xFF, 0x00, 0xFF, 0xFF, 0x00, 0xFF, 0xFF, 0x00, 0xFF, 0xFF, 0x00, 0xFF, 0xFF, 0x00,
  0xFF, 0xFF, 0x00, 0xFF, 0xFF, 0x00, 0xFF, 0xFF, 0x00, 0xFF, 0xFF, 0x00, 0xFF, 0xFF, 0x00, 0xFF, 0xFF, 0x00,
  0xFF, 0xFF, 0x00, 0xFF, 0xFF, 0x00, 0xFF, 0xFF, 0x00, 0xFF, 0xFF, 0x00, 0xFF, 0xFF, 0x00, 0xFF, 0xFF, 0x00,
  0xFF, 0xFF, 0x00, 0xFF, 0xFF, 0x00, 0xFF, 0xFF, 0x00, 0xFF, 0xFF, 0x00, 0xFF, 0xFF, 0x00, 0xFF, 0xFF, 0x00,
  0xFF, 0xFF, 0x00, 0xFF, 0xFF, 0x00, 0xFF, 0xFF, 0x00, 0xFF, 0xFF, 0x00, 0xFF, 0xFF, 0x00, 0xD6, 0xDB, 0x2D,
  0x9D, 0x34, 0x6B, 0x32, 0x28, 0xE5, 0x52, 0xEC, 0xC4, 0x6B, 0x8E, 0xA9, 0x21, 0xA7, 0xF6, 0x8C, 0xB3, 0x80,
  0xA5, 0x35, 0x6D, 0x42, 0x6A, 0xDB, 0xA5, 0x55, 0x69, 0x8C, 0x92, 0x84, 0x21, 0xA7, 0xF8, 0x6B, 0xAF, 0xA5,
  0x4A, 0xCB, 0xC9, 0x3A, 0x29, 0xE0, 0xA5, 0x35, 0x68, 0xDE, 0xFB, 0x29, 0xFF, 0xFF, 0x00, 0xFF, 0xFF, 0x00,
  0xFF, 0xFF, 0x00, 0xFF, 0xFF, 0x00, 0xFF, 0xFF, 0x00, 0xFF, 0xFF, 0x00, 0xFF, 0xFF, 0x00, 0xFF, 0xFF, 0x00,
  0xFF, 0xFF, 0x00, 0xFF, 0xFF, 0x00, 0xFF, 0xFF, 0x00, 0xFF, 0xFF, 0x00, 0xFF, 0xFF, 0x00, 0xFF, 0xFF, 0x00,
  0xFF, 0xFF, 0x00, 0xFF, 0xFF, 0x00, 0xFF, 0xFF, 0x00, 0xFF, 0xFF, 0x00, 0xFF, 0xFF, 0x00, 0xFF, 0xFF, 0x00,
  0xFF, 0xFF, 0x00, 0xFF, 0xFF, 0x00, 0xFF, 0xFF, 0x00, 0xFF, 0xFF, 0x00, 0xFF, 0xFF, 0x00, 0xFF, 0xFF, 0x00,
  0xFF, 0xFF, 0x00, 0xFF, 0xFF, 0x00, 0xFF, 0xFF, 0x00, 0xFF, 0xFF, 0x00, 0xFF, 0xFF, 0x00, 0xFF, 0xFF, 0x00,
  0xFF, 0xFF, 0x00, 0xFF, 0xFF, 0x00, 0xFF, 0xFF, 0x00, 0xFF, 0xFF, 0x00, 0xFF, 0xFF, 0x00, 0xFF, 0xFF, 0x00,
  0xFF, 0xFF, 0x00, 0xFF, 0xFF, 0x00, 0xFF, 0xFF, 0x00, 0xFF, 0xFF, 0x00, 0xFF, 0xFF, 0x00, 0xC6, 0x38, 0x45,
  0x7C, 0x31, 0x8C, 0x32, 0x28, 0xE5, 0x32, 0x29, 0xE5, 0x63, 0x4D, 0xB3, 0x19, 0x45, 0xFF, 0x63, 0x6E, 0xB1,
  0x7C, 0x10, 0x9A, 0x32, 0x28, 0xE7, 0x7C, 0x10, 0x97, 0x63, 0x4D, 0xB5, 0x19, 0x45, 0xFF, 0x63, 0x6E, 0xB0,
  0x32, 0x08, 0xEA, 0x3A, 0x29, 0xE0, 0x7C, 0x31, 0x8B, 0xC6, 0x59, 0x3F, 0xFF, 0xFF, 0x00, 0xFF, 0xFF, 0x00,
  0xFF, 0xFF, 0x00, 0xFF, 0xFF, 0x00, 0xFF, 0xFF, 0x00, 0xFF, 0xFF, 0x00, 0xFF, 0xFF, 0x00, 0xFF, 0xFF, 0x00,
  0xFF, 0xFF, 0x00, 0xFF, 0xFF, 0x00, 0xFF, 0xFF, 0x00, 0xFF, 0xFF, 0x00, 0xFF, 0xFF, 0x00, 0xFF, 0xFF, 0x00,
  0xFF, 0xFF, 0x00, 0xFF, 0xFF, 0x00, 0xFF, 0xFF, 0x00, 0xFF, 0xFF, 0x00, 0xFF, 0xFF, 0x00, 0xFF, 0xFF, 0x00,
  0xFF, 0xFF, 0x00, 0xFF, 0xFF, 0x00, 0xFF, 0xFF, 0x00, 0xFF, 0xFF, 0x00, 0xFF, 0xFF, 0x00, 0xFF, 0xFF, 0x00,
  0xFF, 0xFF, 0x00, 0xFF, 0xFF, 0x00, 0xFF, 0xFF, 0x00, 0xFF, 0xFF, 0x00, 0xFF, 0xFF, 0x00, 0xFF, 0xFF, 0x00,
  0xFF, 0xFF, 0x00, 0xFF, 0xFF, 0x00, 0xFF, 0xFF, 0x00, 0xFF, 0xFF, 0x00, 0xFF, 0xFF, 0x00, 0xFF, 0xFF, 0x00,
  0xFF, 0xFF, 0x00, 0xFF, 0xFF, 0x00, 0xFF, 0xFF, 0x00, 0xFF, 0xFF, 0x00, 0xFF, 0xFF, 0x00, 0xFF, 0xFF, 0x00,
  0x84, 0x72, 0x87, 0x63, 0x4D, 0xB2, 0xAD, 0x96, 0x59, 0x4A, 0xAB, 0xCA, 0xAD, 0x76, 0x5E, 0xFF, 0xFF, 0x00,
  0xFF, 0xFF, 0x03, 0x53, 0x0C, 0xC3, 0xFF, 0xFF, 0x00, 0xFF, 0xFF, 0x00, 0xA5, 0x55, 0x65, 0x4A, 0xAB, 0xC9,
  0xAD, 0x96, 0x57, 0x5B, 0x2D, 0xB7, 0x8C, 0xB2, 0x7F, 0xFF, 0xFF, 0x00, 0xFF, 0xFF, 0x00, 0xFF, 0xFF, 0x00,
  0xFF, 0xFF, 0x00, 0xFF, 0xFF, 0x00, 0xFF, 0xFF, 0x00, 0xFF, 0xFF, 0x01, 0xFF, 0xFF, 0x00, 0xFF, 0xFF, 0x00,
  0xFF, 0xFF, 0x00, 0xFF, 0xFF, 0x00, 0xFF, 0xFF, 0x00, 0xFF, 0xFF, 0x00, 0xFF, 0xFF, 0x00, 0xFF, 0xFF, 0x00,
  0xFF, 0xFF, 0x00, 0xFF, 0xFF, 0x00, 0xFF, 0xFF, 0x00, 0xFF, 0xFF, 0x00, 0xFF, 0xFF, 0x00, 0xFF, 0xFF, 0x00,
  0xFF, 0xFF, 0x00, 0xFF, 0xFF, 0x00, 0xFF, 0xFF, 0x00, 0xFF, 0xFF, 0x00, 0xFF, 0xFF, 0x00, 0xFF, 0xFF, 0x00,
  0xFF, 0xFF, 0x00, 0xFF, 0xFF, 0x00, 0xFF, 0xFF, 0x00, 0xFF, 0xFF, 0x00, 0xFF, 0xFF, 0x00, 0xFF, 0xFF, 0x00,
  0xFF, 0xFF, 0x00, 0xFF, 0xFF, 0x00, 0xFF, 0xFF, 0x00, 0xFF, 0xFF, 0x00, 0xFF, 0xFF, 0x00, 0xFF, 0xFF, 0x00,
  0xFF, 0xFF, 0x00, 0xFF, 0xFF, 0x00, 0xFF, 0xFF, 0x00, 0xFF, 0xFF, 0x00, 0xFF, 0xFF, 0x00, 0xFF, 0xFF, 0x03,
  0xB5, 0xF7, 0x4F, 0xFF, 0xDF, 0x04, 0xDE, 0xDB, 0x2A, 0xCE, 0x9A, 0x35, 0xFF, 0xFF, 0x00, 0xFF, 0xFF, 0x00,
  0xAD, 0x96, 0x5D, 0x19, 0x45, 0xF8, 0xB5, 0xD7, 0x54, 0xFF, 0xFF, 0x00, 0xFF, 0xFF, 0x00, 0xCE, 0x79, 0x39,
  0xDE, 0xFC, 0x25, 0xF7, 0xDF, 0x08, 0xBD, 0xF7, 0x4E, 0xFF, 0xFF, 0x01, 0xFF, 0xFF, 0x00, 0xFF, 0xFF, 0x00,
  0xFF, 0xFF, 0x00, 0xFF, 0xFF, 0x00, 0xFF, 0xFF, 0x00, 0xFF, 0xFF, 0x00, 0xD6, 0xBB, 0x2E, 0x9D, 0x14, 0x6A,
  0xA5, 0x35, 0x68, 0xDE, 0xDB, 0x2A, 0xFF, 0xFF, 0x00, 0xFF, 0xFF, 0x00, 0xFF, 0xFF, 0x00, 0xFF, 0xFF, 0x00,
  0xFF, 0xFF, 0x00, 0xFF, 0xFF, 0x00, 0xFF, 0xFF, 0x00, 0xFF, 0xFF, 0x00, 0xFF, 0xFF, 0x00, 0xFF, 0xFF, 0x02,
  0xEF, 0x5D, 0x18, 0xFF, 0xFF, 0x02, 0xFF, 0xFF, 0x00, 0xFF, 0xFF, 0x00, 0xFF, 0xFF, 0x00, 0xFF, 0xFF, 0x00,
  0xFF, 0xFF, 0x00, 0xFF, 0xFF, 0x00, 0xFF, 0xFF, 0x00, 0xFF, 0xFF, 0x00, 0xFF, 0xFF, 0x00, 0xFF, 0xFF, 0x00,
  0xFF, 0xFF, 0x00, 0xFF, 0xFF, 0x00, 0xFF, 0xFF, 0x00, 0xFF, 0xFF, 0x00, 0xFF, 0xFF, 0x00, 0xFF, 0xFF, 0x00,
  0xFF, 0xFF, 0x00, 0xFF, 0xFF, 0x00, 0xFF, 0xFF, 0x00, 0xFF, 0xFF, 0x00, 0xFF, 0xFF, 0x00, 0xFF, 0xFF, 0x00,
  0xFF, 0xFF, 0x00, 0xFF, 0xFF, 0x00, 0xFF, 0xFF, 0x00, 0xFF, 0xFF, 0x00, 0xFF, 0xFF, 0x00, 0xD6, 0x9A, 0x33,
  0x3A, 0x29, 0xE0, 0x31, 0xE8, 0xE4, 0x3A, 0x49, 0xDC, 0xD6, 0xDB, 0x2C, 0xFF, 0xFF, 0x00, 0xFF, 0xFF, 0x00,
  0xFF, 0xFF, 0x00, 0xFF, 0xFF, 0x00, 0xFF, 0xFF, 0x00, 0xFF, 0xFF, 0x00, 0xFF, 0xFF, 0x00, 0xFF, 0xFF, 0x00,
  0xFF, 0xFF, 0x00, 0xFF, 0xFF, 0x00, 0xFF, 0xFF, 0x00, 0xFF, 0xFF, 0x00, 0xDE, 0xDB, 0x29, 0x42, 0x8A, 0xCD,
  0x4A, 0xCB, 0xC7, 0xDF, 0x1C, 0x22, 0xFF, 0xFF, 0x00, 0xFF, 0xFF, 0x00, 0xFF, 0xFF, 0x00, 0xFF, 0xFF, 0x00,
  0xFF, 0xFF, 0x00, 0xFF, 0xFF, 0x00, 0xFF, 0xFF, 0x00, 0xFF, 0xFF, 0x00, 0xFF, 0xFF, 0x00, 0xDF, 0x1C, 0x23,
  0x32, 0x29, 0xE2, 0xDF, 0x1C, 0x21, 0xFF, 0xFF, 0x00, 0xFF, 0xFF, 0x00, 0xFF, 0xFF, 0x00, 0xFF, 0xFF, 0x00,
  0xFF, 0xFF, 0x00, 0xFF, 0xFF, 0x00, 0xFF, 0xFF, 0x00, 0xFF, 0xFF, 0x00, 0xFF, 0xFF, 0x00, 0xFF, 0xFF, 0x00,
  0xFF, 0xFF, 0x00, 0xFF, 0xFF, 0x00, 0xFF, 0xFF, 0x00, 0xFF, 0xFF, 0x00, 0xFF, 0xFF, 0x00, 0xFF, 0xFF, 0x00,
  0xFF, 0xFF, 0x00, 0xFF, 0xFF, 0x00, 0xFF, 0xFF, 0x00, 0xFF, 0xFF, 0x00, 0xFF, 0xFF, 0x00, 0xFF, 0xFF, 0x00,
  0xFF, 0xFF, 0x00, 0xFF, 0xFF, 0x00, 0xFF, 0xFF, 0x00, 0xFF, 0xFF, 0x00, 0xFF, 0xFF, 0x00, 0x6B, 0xCF, 0xA2,
  0x8C, 0xB3, 0x7B, 0x4A, 0xAB, 0xCD, 0x8C, 0xB2, 0x7C, 0x73, 0xEF, 0x9C, 0xFF, 0xFF, 0x00, 0xFF, 0xFF, 0x00,
  0xFF, 0xFF, 0x00, 0xFF, 0xFF, 0x00, 0xFF, 0xFF, 0x00, 0xFF, 0xFF, 0x00, 0xFF, 0xFF, 0x00, 0xFF, 0xFF, 0x00,
  0xFF, 0xFF, 0x00, 0xFF, 0xFF, 0x00, 0xFF, 0xFF, 0x00, 0xFF, 0xFF, 0x00, 0xCE, 0x59, 0x3B, 0x4A, 0xCB, 0xC3,
  0x52, 0xEC, 0xBF, 0xCE, 0x9A, 0x33, 0xFF, 0xFF, 0x00, 0xFF, 0xFF, 0x00, 0xFF, 0xFF, 0x00, 0xFF, 0xFF, 0x00,
  0xFF, 0xFF, 0x00, 0xFF, 0xFF, 0x00, 0xFF, 0xFF, 0x00, 0xFF, 0xFF, 0x00, 0xFF, 0xFF, 0x00, 0xFF, 0xDF, 0x06,
  0xD6, 0xBA, 0x33, 0xFF, 0xDF, 0x06, 0xFF, 0xFF, 0x00, 0xFF, 0xFF, 0x00, 0xFF, 0xFF, 0x00, 0xFF, 0xFF, 0x00,
  0xFF, 0xFF, 0x00, 0xFF, 0xFF, 0x00, 0xFF, 0xFF, 0x00, 0xFF, 0xFF, 0x00, 0xFF, 0xFF, 0x00, 0xFF, 0xFF, 0x00,
  0xFF, 0xFF, 0x00, 0xFF, 0xFF, 0x00, 0xFF, 0xFF, 0x00, 0xFF, 0xFF, 0x00, 0xFF, 0xFF, 0x00, 0xFF, 0xFF, 0x00,
  0xFF, 0xFF, 0x00, 0xFF, 0xFF, 0x00, 0xFF, 0xFF, 0x00, 0xFF, 0xFF, 0x00, 0xFF, 0xFF, 0x00, 0xFF, 0xFF, 0x00,
  0xFF, 0xFF, 0x00, 0xFF, 0xFF, 0x00, 0xFF, 0xFF, 0x00, 0xFF, 0xFF, 0x00, 0xFF, 0xFF, 0x00, 0xEF, 0x9E, 0x0F,
  0x5B, 0x2C, 0xBB, 0x11, 0x25, 0xFF, 0x5B, 0x4D, 0xB3, 0xF7, 0x9E, 0x0C, 0xFF, 0xFF, 0x00, 0xFF, 0xFF, 0x00,
  0xFF, 0xFF, 0x00, 0xFF, 0xFF, 0x00, 0xFF, 0xFF, 0x00, 0xFF, 0xFF, 0x00, 0xFF, 0xFF, 0x00, 0xFF, 0xFF, 0x00,
  0xFF, 0xFF, 0x00, 0xD6, 0xDB, 0x2D, 0xE7, 0x1C, 0x20, 0xD6, 0xBA, 0x30, 0xFF, 0xFF, 0x00, 0x7C, 0x10, 0x96,
  0x84, 0x71, 0x8B, 0xFF, 0xFF, 0x00, 0xD6, 0xBA, 0x32, 0xE7, 0x1C, 0x21, 0xDE, 0xDB, 0x2A, 0xFF, 0xFF, 0x00,
  0xFF, 0xFF, 0x00, 0xFF, 0xFF, 0x00, 0xFF, 0xFF, 0x00, 0xFF, 0xFF, 0x00, 0xFF, 0xFF, 0x00, 0xFF, 0xFF, 0x00,
  0xFF, 0xFF, 0x00, 0xFF, 0xFF, 0x00, 0xFF, 0xFF, 0x00, 0xFF, 0xFF, 0x00, 0xFF, 0xFF, 0x00, 0xFF, 0xFF, 0x00,
  0xFF, 0xFF, 0x00, 0xFF, 0xFF, 0x00, 0xFF, 0xFF, 0x00, 0xFF, 0xFF, 0x00, 0xFF, 0xFF, 0x00, 0xFF, 0xFF, 0x00,
  0xFF, 0xFF, 0x00, 0xFF, 0xFF, 0x00, 0xFF, 0xFF, 0x00, 0xFF, 0xFF, 0x00, 0xFF, 0xFF, 0x00, 0xFF, 0xFF, 0x00,
  0xFF, 0xFF, 0x00, 0xFF, 0xFF, 0x00, 0xFF, 0xFF, 0x00, 0xFF, 0xFF, 0x00, 0xFF, 0xFF, 0x00, 0xFF, 0xFF, 0x00,
  0xFF, 0xFF, 0x00, 0xFF, 0xFF, 0x00, 0xFF, 0xFF, 0x00, 0xFF, 0xFF, 0x00, 0xFF, 0xFF, 0x00, 0x7C, 0x31, 0x91,
  0x63, 0x4D, 0xB4, 0x53, 0x0C, 0xBF, 0x5B, 0x2D, 0xB6, 0x84, 0x71, 0x88, 0xFF, 0xFF, 0x00, 0xFF, 0xFF, 0x00,
  0xFF, 0xFF, 0x00, 0xFF, 0xFF, 0x00, 0xFF, 0xFF, 0x00, 0xFF, 0xFF, 0x00, 0xFF, 0xFF, 0x00, 0xFF, 0xFF, 0x00,
  0xFF, 0xFF, 0x00, 0x94, 0xD3, 0x74, 0x4A, 0xCB, 0xC4, 0x52, 0xEB, 0xC1, 0x8C, 0x92, 0x81, 0x8C, 0xB2, 0x7D,
  0x94, 0xD3, 0x77, 0x84, 0x71, 0x88, 0x52, 0xEC, 0xBF, 0x4A, 0xCB, 0xC4, 0x9D, 0x14, 0x6B, 0xFF, 0xFF, 0x00,
  0xFF, 0xFF, 0x00, 0xFF, 0xFF, 0x00, 0xFF, 0xFF, 0x00, 0xFF, 0xFF, 0x00, 0xFF, 0xFF, 0x00, 0xFF, 0xFF, 0x00,
  0xFF, 0xFF, 0x00, 0xFF, 0xFF, 0x00, 0xFF, 0xFF, 0x00, 0xFF, 0xFF, 0x00, 0xFF, 0xFF, 0x00, 0xFF, 0xFF, 0x00,
  0xFF, 0xFF, 0x00, 0xFF, 0xFF, 0x00, 0xFF, 0xFF, 0x00, 0xFF, 0xFF, 0x00, 0xFF, 0xFF, 0x00, 0xFF, 0xFF, 0x00,
  0xFF, 0xFF, 0x00, 0xFF, 0xFF, 0x00, 0xFF, 0xFF, 0x00, 0xFF, 0xFF, 0x00, 0xFF, 0xFF, 0x00, 0xFF, 0xFF, 0x00,
  0xFF, 0xFF, 0x00, 0xFF, 0xFF, 0x00, 0xFF, 0xFF, 0x00, 0xFF, 0xFF, 0x00, 0xFF, 0xFF, 0x00, 0xFF, 0xFF, 0x00,
  0xFF, 0xFF, 0x00, 0xFF, 0xFF, 0x00, 0xFF, 0xFF, 0x00, 0xFF, 0xFF, 0x00, 0xFF, 0xFF, 0x00, 0xB5, 0xD7, 0x52,
  0xE7, 0x3C, 0x1F, 0x63, 0x6E, 0xB1, 0xE7, 0x3C, 0x1D, 0xB5, 0xD7, 0x50, 0xFF, 0xFF, 0x00, 0xFF, 0xFF, 0x00,
  0xFF, 0xFF, 0x00, 0xFF, 0xFF, 0x00, 0xFF, 0xFF, 0x00, 0xFF, 0xFF, 0x00, 0xFF, 0xFF, 0x00, 0xFF, 0xFF, 0x00,
  0xFF, 0xFF, 0x01, 0x94, 0xD3, 0x76, 0x4A, 0xAA, 0xCC, 0x4A, 0xCB, 0xC5, 0x84, 0x51, 0x8F, 0x8C, 0x92, 0x84,
  0x94, 0xB3, 0x7E, 0x7C, 0x10, 0x96, 0x4A, 0xCB, 0xC4, 0x42, 0xAA, 0xCC, 0x9D, 0x14, 0x6E, 0xFF, 0xFF, 0x00,
  0xFF, 0xFF, 0x00, 0xFF, 0xFF, 0x00, 0xFF, 0xFF, 0x00, 0xFF, 0xFF, 0x00, 0xFF, 0xFF, 0x00, 0xFF, 0xFF, 0x00,
  0xFF, 0xFF, 0x00, 0xFF, 0xFF, 0x00, 0xFF, 0xFF, 0x00, 0xFF, 0xFF, 0x00, 0xFF, 0xFF, 0x00, 0xFF, 0xFF, 0x00,
  0xFF, 0xFF, 0x00, 0xFF, 0xFF, 0x00, 0xFF, 0xFF, 0x00, 0xFF, 0xFF, 0x00, 0xFF, 0xFF, 0x00, 0xFF, 0xFF, 0x00,
  0xFF, 0xFF, 0x00, 0xFF, 0xFF, 0x00, 0xFF, 0xFF, 0x00, 0xFF, 0xFF, 0x00, 0xFF, 0xFF, 0x00, 0xFF, 0xFF, 0x00,
  0xFF, 0xFF, 0x00, 0xFF, 0xFF, 0x00, 0xFF, 0xFF, 0x00, 0xFF, 0xFF, 0x00, 0xFF, 0xFF, 0x00, 0xFF, 0xFF, 0x00,
  0xFF, 0xFF, 0x00, 0xFF, 0xFF, 0x00, 0xFF, 0xFF, 0x00, 0xFF, 0xFF, 0x00, 0xFF, 0xFF, 0x00, 0xFF, 0xFF, 0x00,
  0xFF, 0xFF, 0x00, 0xEF, 0x7D, 0x15, 0xFF, 0xFF, 0x00, 0xFF, 0xFF, 0x00, 0xFF, 0xFF, 0x00, 0xFF, 0xFF, 0x00,
  0xFF, 0xFF, 0x00, 0xFF, 0xFF, 0x00, 0xFF, 0xFF, 0x00, 0xFF, 0xFF, 0x00, 0xFF, 0xFF, 0x00, 0xFF, 0xFF, 0x00,
  0xFF, 0xFF, 0x00, 0xD6, 0x9A, 0x32, 0xDE, 0xDB, 0x28, 0xCE, 0x79, 0x3A, 0xFF, 0xFF, 0x00, 0x7C, 0x51, 0x8E,
  0x8C, 0x92, 0x82, 0xFF, 0xFF, 0x00, 0xC6, 0x59, 0x3B, 0xDE, 0xDB, 0x29, 0xD6, 0xBA, 0x2F, 0xFF, 0xFF, 0x00,
  0xFF, 0xFF, 0x00, 0xFF, 0xFF, 0x00, 0xFF, 0xFF, 0x00, 0xFF, 0xFF, 0x00, 0xFF, 0xFF, 0x00, 0xFF, 0xFF, 0x00,
  0xFF, 0xFF, 0x00, 0xFF, 0xFF, 0x00, 0xFF, 0xFF, 0x00, 0xFF, 0xFF, 0x00, 0xFF, 0xFF, 0x00, 0xFF, 0xFF, 0x00,
  0xFF, 0xFF, 0x00, 0xFF, 0xFF, 0x00, 0xFF, 0xFF, 0x00, 0xFF, 0xFF, 0x00, 0xFF, 0xFF, 0x00, 0xFF, 0xFF, 0x00,
  0xFF, 0xFF, 0x00, 0xFF, 0xFF, 0x00, 0xFF, 0xFF, 0x00, 0xFF, 0xFF, 0x00, 0xFF, 0xFF, 0x00, 0xFF, 0xFF, 0x00,
  0xFF, 0xFF, 0x00, 0xFF, 0xFF, 0x00, 0xFF, 0xFF, 0x00, 0xFF, 0xFF, 0x00, 0xFF, 0xFF, 0x00, 0xFF, 0xFF, 0x00,
  0xFF, 0xFF, 0x00, 0xFF, 0xFF, 0x00, 0xFF, 0xFF, 0x00, 0xFF, 0xFF, 0x00, 0xFF, 0xFF, 0x00, 0xFF, 0xFF, 0x00,
  0xFF, 0xFF, 0x00, 0xFF, 0xFF, 0x00, 0xFF, 0xFF, 0x00, 0xFF, 0xFF, 0x00, 0xFF, 0xFF, 0x00, 0xFF, 0xFF, 0x00,
  0xFF, 0xFF, 0x00, 0xFF, 0xFF, 0x00, 0xFF, 0xFF, 0x00, 0xFF, 0xFF, 0x01, 0xFF, 0xFF, 0x00, 0xFF, 0xFF, 0x00,
  0xFF, 0xFF, 0x00, 0xFF, 0xFF, 0x00, 0xFF, 0xFF, 0x00, 0xFF, 0xFF, 0x00, 0xCE, 0x79, 0x39, 0x4A, 0xCB, 0xC4,
  0x52, 0xEC, 0xC1, 0xD6, 0x9A, 0x31, 0xFF, 0xFF, 0x00, 0xFF, 0xFF, 0x00, 0xFF, 0xFF, 0x00, 0xFF, 0xFF, 0x01,
  0xFF, 0xFF, 0x00, 0xFF, 0xFF, 0x00, 0xFF, 0xFF, 0x00, 0xFF, 0xFF, 0x00, 0xFF, 0xFF, 0x00, 0xFF, 0xFF, 0x00,
  0xFF, 0xFF, 0x00, 0xFF, 0xFF, 0x00, 0xFF, 0xFF, 0x00, 0xFF, 0xFF, 0x00, 0xFF, 0xFF, 0x00, 0xFF, 0xFF, 0x00,
  0xFF, 0xFF, 0x00, 0xFF, 0xFF, 0x00, 0xFF, 0xFF, 0x00, 0xFF, 0xFF, 0x00, 0xFF, 0xFF, 0x00, 0xFF, 0xFF, 0x00,
  0xFF, 0xFF, 0x00, 0xFF, 0xFF, 0x00, 0xFF, 0xFF, 0x00, 0xFF, 0xFF, 0x00, 0xFF, 0xFF, 0x00, 0xFF, 0xFF, 0x00,
  0xFF, 0xFF, 0x00, 0xFF, 0xFF, 0x00, 0xFF, 0xFF, 0x00, 0xFF, 0xFF, 0x00, 0xFF, 0xFF, 0x00, 0xFF, 0xFF, 0x00,
  0xFF, 0xFF, 0x00, 0xFF, 0xFF, 0x00, 0xFF, 0xFF, 0x00, 0xFF, 0xFF, 0x00, 0xFF, 0xFF, 0x00, 0xFF, 0xFF, 0x00,
  0xFF, 0xFF, 0x00, 0xFF, 0xFF, 0x00, 0xFF, 0xFF, 0x00, 0xFF, 0xFF, 0x00, 0xFF, 0xFF, 0x00, 0xFF, 0xFF, 0x00,
  0xFF, 0xFF, 0x00, 0xFF, 0xFF, 0x00, 0xA5, 0x55, 0x66, 0x63, 0x6E, 0xAE, 0xFF, 0xFF, 0x00, 0xFF, 0xFF, 0x00,
  0xFF, 0xFF, 0x00, 0xFF, 0xFF, 0x00, 0xFF, 0xFF, 0x00, 0xFF, 0xFF, 0x00, 0xDE, 0xFB, 0x28, 0x4A, 0xAA, 0xCC,
  0x4A, 0xCB, 0xC5, 0xDF, 0x1C, 0x21, 0xFF, 0xFF, 0x00, 0xFF, 0xFF, 0x00, 0xFF, 0xFF, 0x00, 0xFF, 0xFF, 0x00,
  0xFF, 0xFF, 0x00, 0xFF, 0xFF, 0x00, 0xFF, 0xFF, 0x00, 0xFF, 0xFF, 0x00, 0xFF, 0xFF, 0x00, 0xFF, 0xFF, 0x00,
  0xFF, 0xFF, 0x00, 0xFF, 0xFF, 0x00, 0xFF, 0xFF, 0x00, 0xFF, 0xFF, 0x00, 0xFF, 0xFF, 0x00, 0xFF, 0xFF, 0x00,
  0xFF, 0xFF, 0x00, 0xFF, 0xFF, 0x00, 0xFF, 0xFF, 0x00, 0xFF, 0xFF, 0x00, 0xFF, 0xFF, 0x00, 0xFF, 0xFF, 0x00,
  0xFF, 0xFF, 0x00, 0xFF, 0xFF, 0x00, 0xFF, 0xFF, 0x00, 0xFF, 0xFF, 0x00, 0xFF, 0xFF, 0x00, 0xFF, 0xFF, 0x00,
  0xFF, 0xFF, 0x00, 0xFF, 0xFF, 0x00, 0xFF, 0xFF, 0x00, 0xFF, 0xFF, 0x00, 0xFF, 0xFF, 0x00, 0xFF, 0xFF, 0x00,
  0xFF, 0xFF, 0x00, 0xFF, 0xFF, 0x00, 0xFF, 0xFF, 0x00, 0xFF, 0xFF, 0x00, 0xFF, 0xFF, 0x00, 0xFF, 0xFF, 0x00,
  0xFF, 0xFF, 0x00, 0xFF, 0xFF, 0x00, 0xFF, 0xFF, 0x00, 0xFF, 0xFF, 0x00, 0xFF, 0xFF, 0x00, 0xFF, 0xFF, 0x00,
  0xFF, 0xFF, 0x00, 0xFF, 0xFF, 0x00, 0xD6, 0xDB, 0x2C, 0xBD, 0xF7, 0x4D, 0xFF, 0xFF, 0x00, 0xFF, 0xFF, 0x00,
  0xFF, 0xFF, 0x00, 0xFF, 0xFF, 0x00, 0xFF, 0xFF, 0x00, 0xFF, 0xFF, 0x00, 0xD6, 0xBA, 0x31, 0x8C, 0xB3, 0x77,
  0x94, 0xD3, 0x74, 0xD6, 0xBB, 0x2D, 0xFF, 0xFF, 0x00, 0xFF, 0xFF, 0x00, 0xFF, 0xFF, 0x00, 0xFF, 0xFF, 0x00,
  0xFF, 0xFF, 0x00, 0xFF, 0xFF, 0x00, 0xFF, 0xFF, 0x00, 0xFF, 0xFF, 0x00, 0xFF, 0xFF, 0x00, 0xFF, 0xFF, 0x00,
  0xFF, 0xFF, 0x00, 0xFF, 0xFF, 0x00, 0xFF, 0xFF, 0x00, 0xFF, 0xFF, 0x00, 0xFF, 0xFF, 0x00, 0xFF, 0xFF, 0x00,
  0xFF, 0xFF, 0x00, 0xFF, 0xFF, 0x00, 0xFF, 0xFF, 0x00, 0xFF, 0xFF, 0x00, 0xFF, 0xFF, 0x00, 0xFF, 0xFF, 0x00,
  0xFF, 0xFF, 0x00, 0xFF, 0xFF, 0x00, 0xFF, 0xFF, 0x00, 0xFF, 0xFF, 0x00, 0xFF, 0xFF, 0x00, 0xFF, 0xFF, 0x00,
};
const uint32_t image_weather_snow_map_len = sizeof(image_weather_snow_map);

const lv_img_dsc_t image_weather_snow = {
  .header = {
    .cf = LV_IMG_CF_TRUE_COLOR_ALPHA,
    .always_zero = 0,
    .reserved = 0,
    .w = 60,
    .h = 60,
  },
  .data_size = image_weather_snow_map_len,
  .data = image_weather_snow_map,
};

const uint8_t image_weather_night_map[] = {
  0x00, 0x00, 0x00, 0x00, 0x00, 0x00, 0x00, 0x00, 0x00, 0x00, 0x00, 0x00, 0x00, 0x00, 0x00, 0x00, 0x00, 0x00,
  0x00, 0x00, 0x00, 0x00, 0x00, 0x00, 0x00, 0x00, 0x00, 0x00, 0x00, 0x00, 0x00, 0x00, 0x00, 0x00, 0x00, 0x00,
  0x00, 0x00, 0x00, 0x00, 0x00, 0x00, 0x00, 0x00, 0x00, 0x00, 0x00, 0x00, 0x00, 0x00, 0x00, 0x00, 0x00, 0x00,
  0x00, 0x00, 0x00, 0x00, 0x00, 0x00, 0x00, 0x00, 0x00, 0x00, 0x00, 0x00, 0x00, 0x00, 0x00, 0x00, 0x00, 0x00,
  0x00, 0x00, 0x00, 0x00, 0x00, 0x00, 0x00, 0x00, 0x00, 0x00, 0x00, 0x00, 0x00, 0x00, 0x00, 0x00, 0x00, 0x00,
  0x00, 0x00, 0x00, 0x00, 0x00, 0x00, 0x00, 0x00, 0x00, 0x00, 0x00, 0x00, 0x00, 0x00, 0x00, 0x00, 0x00, 0x00,
  0x00, 0x00, 0x00, 0x00, 0x00, 0x00, 0x00, 0x00, 0x00, 0x00, 0x00, 0x00, 0x00, 0x00, 0x00, 0x00, 0x00, 0x00,
  0x00, 0x00, 0x00, 0x00, 0x00, 0x00, 0x00, 0x00, 0x00, 0x00, 0x00, 0x00, 0x00, 0x00, 0x00, 0x00, 0x00, 0x00,
  0x00, 0x00, 0x00, 0x00, 0x00, 0x00, 0x00, 0x00, 0x00, 0x00, 0x00, 0x00, 0x00, 0x00, 0x00, 0x00, 0x00, 0x00,
  0x00, 0x00, 0x00, 0x00, 0x00, 0x00, 0x00, 0x00, 0x00, 0x00, 0x00, 0x00, 0x00, 0x00, 0x00, 0x00, 0x00, 0x00,
  0xFF, 0xFF, 0x00, 0xFF, 0xFF, 0x00, 0xFF, 0xFF, 0x00, 0xFF, 0xFF, 0x00, 0xFF, 0xFF, 0x00, 0xFF, 0xFF, 0x00,
  0xFF, 0xFF, 0x00, 0xFF, 0xFF, 0x00, 0xFF, 0xFF, 0x00, 0xFF, 0xFF, 0x00, 0xFF, 0xFF, 0x00, 0xFF, 0xFF, 0x00,
  0xFF, 0xFF, 0x00, 0xFF, 0xFF, 0x00, 0xFF, 0xFF, 0x00, 0xFF, 0xFF, 0x00, 0xFF, 0xFF, 0x00, 0xFF, 0xFF, 0x00,
  0xFF, 0xFF, 0x00, 0xFF, 0xFF, 0x00, 0xFF, 0xFF, 0x00, 0xFF, 0xFF, 0x00, 0xFF, 0xFF, 0x00, 0xFF, 0xFF, 0x00,
  0xFF, 0xFF, 0x00, 0xFF, 0xFF, 0x00, 0xFF, 0xFF, 0x00, 0xFF, 0xFF, 0x00, 0xFF, 0xFF, 0x00, 0xFF, 0xFF, 0x00,
  0xFF, 0xFF, 0x00, 0xFF, 0xFF, 0x00, 0xFF, 0xFF, 0x00, 0xFF, 0xFF, 0x00, 0xAD, 0x75, 0x4D, 0x21, 0x04, 0xD5,
  0xE7, 0x3C, 0x17, 0xFF, 0xFF, 0x00, 0xFF, 0xFF, 0x00, 0xFF, 0xFF, 0x00, 0xFF, 0xFF, 0x00, 0xFF, 0xFF, 0x00,
  0xFF, 0xFF, 0x00, 0xFF, 0xFF, 0x00, 0xFF, 0xFF, 0x00, 0xFF, 0xFF, 0x00, 0xFF, 0xFF, 0x00, 0xFF, 0xFF, 0x00,
  0xFF, 0xFF, 0x00, 0xFF, 0xFF, 0x00, 0xFF, 0xFF, 0x00, 0xFF, 0xFF, 0x00, 0xFF, 0xFF, 0x00, 0xFF, 0xFF, 0x00,
  0xFF, 0xFF, 0x00, 0xFF, 0xFF, 0x00, 0xFF, 0xFF, 0x00, 0xFF, 0xFF, 0x00, 0xFF, 0xFF, 0x00, 0xFF, 0xFF, 0x00,
  0xFF, 0xFF, 0x00, 0xFF, 0xFF, 0x00, 0xFF, 0xFF, 0x00, 0xFF, 0xFF, 0x00, 0xFF, 0xFF, 0x00, 0xFF, 0xFF, 0x00,
  0xFF, 0xFF, 0x00, 0xFF, 0xFF, 0x00, 0xFF, 0xFF, 0x00, 0xFF, 0xFF, 0x00, 0xFF, 0xFF, 0x00, 0xFF, 0xFF, 0x00,
  0xFF, 0xFF, 0x00, 0xFF, 0xFF, 0x00, 0xFF, 0xFF, 0x00, 0xFF, 0xFF, 0x00, 0xFF, 0xFF, 0x00, 0xFF, 0xFF, 0x00,
  0xFF, 0xFF, 0x00, 0xFF, 0xFF, 0x00, 0xFF, 0xFF, 0x00, 0xFF, 0xFF, 0x00, 0xFF, 0xFF, 0x00, 0xFF, 0xFF, 0x00,
  0xFF, 0xFF, 0x00, 0xFF, 0xFF, 0x00, 0xFF, 0xFF, 0x00, 0xFF, 0xFF, 0x00, 0xFF, 0xFF, 0x00, 0xFF, 0xFF, 0x00,
  0xFF, 0xFF, 0x00, 0xFF, 0xFF, 0x00, 0xFF, 0xFF, 0x00, 0xFF, 0xFF, 0x00, 0x8C, 0x51, 0x73, 0x00, 0x00, 0xFF,
  0xC6, 0x38, 0x39, 0xFF, 0xFF, 0x00, 0xFF, 0xFF, 0x00, 0xFF, 0xFF, 0x00, 0xFF, 0xFF, 0x00, 0xFF, 0xFF, 0x00,
  0xFF, 0xFF, 0x00, 0xFF, 0xFF, 0x00, 0xFF, 0xFF, 0x00, 0xFF, 0xFF, 0x00, 0xFF, 0xFF, 0x00, 0xFF, 0xFF, 0x00,
  0xFF, 0xFF, 0x00, 0xFF, 0xFF, 0x00, 0xFF, 0xFF, 0x00, 0xFF, 0xFF, 0x00, 0xFF, 0xFF, 0x00, 0xFF, 0xFF, 0x00,
  0xFF, 0xFF, 0x00, 0xFF, 0xFF, 0x00, 0xFF, 0xFF, 0x00, 0xFF, 0xFF, 0x00, 0xFF, 0xFF, 0x00, 0xFF, 0xFF, 0x00,
  0xFF, 0xFF, 0x00, 0xFF, 0xFF, 0x00, 0xFF, 0xFF, 0x00, 0xFF, 0xFF, 0x00, 0xFF, 0xFF, 0x00, 0xFF, 0xFF, 0x00,
  0xFF, 0xFF, 0x00, 0xFF, 0xFF, 0x00, 0xFF, 0xFF, 0x00, 0xFF, 0xFF, 0x00, 0xFF, 0xFF, 0x00, 0xFF, 0xFF, 0x00,
  0xFF, 0xFF, 0x00, 0xFF, 0xFF, 0x00, 0xFF, 0xFF, 0x00, 0xFF, 0xFF, 0x00, 0xFF, 0xFF, 0x00, 0xFF, 0xFF, 0x00,
  0xFF, 0xFF, 0x00, 0xFF, 0xFF, 0x00, 0xFF, 0xFF, 0x00, 0xFF, 0xFF, 0x00, 0xFF, 0xFF, 0x00, 0xFF, 0xFF, 0x00,
  0xFF, 0xFF, 0x00, 0xFF, 0xFF, 0x00, 0xFF, 0xFF, 0x00, 0xFF, 0xFF, 0x00, 0xFF, 0xFF, 0x00, 0xFF, 0xFF, 0x00,
  0xFF, 0xFF, 0x00, 0xFF, 0xFF, 0x00, 0xFF, 0xFF, 0x00, 0xFF, 0xFF, 0x00, 0x84, 0x30, 0x78, 0x00, 0x00, 0xFF,
  0xC6, 0x18, 0x3A, 0xFF, 0xFF, 0x00, 0xFF, 0xFF, 0x00, 0xFF, 0xFF, 0x00, 0xFF, 0xFF, 0x00, 0xFF, 0xFF, 0x00,
  0xFF, 0xFF, 0x00, 0xFF, 0xFF, 0x00, 0xFF, 0xFF, 0x00, 0xFF, 0xFF, 0x00, 0xFF, 0xFF, 0x00, 0xFF, 0xFF, 0x00,
  0xFF, 0xFF, 0x00, 0xFF, 0xFF, 0x00, 0xFF, 0xFF, 0x00, 0xFF, 0xFF, 0x00, 0xFF, 0xFF, 0x00, 0xFF, 0xFF, 0x00,
  0xFF, 0xFF, 0x00, 0xFF, 0xFF, 0x00, 0xFF, 0xFF, 0x00, 0xFF, 0xFF, 0x00, 0xFF, 0xFF, 0x00, 0xFF, 0xFF, 0x00,
  0xFF, 0xFF, 0x00, 0xFF, 0xFF, 0x00, 0xFF, 0xFF, 0x00, 0xFF, 0xFF, 0x00, 0xFF, 0xFF, 0x00, 0xFF, 0xFF, 0x00,
  0xFF, 0xFF, 0x00, 0xFF, 0xFF, 0x00, 0xFF, 0xFF, 0x00, 0xFF, 0xFF, 0x00, 0xFF, 0xFF, 0x00, 0xFF, 0xFF, 0x00,
  0xFF, 0xFF, 0x00, 0xFF, 0xFF, 0x00, 0xFF, 0xFF, 0x00, 0xFF, 0xFF, 0x00, 0xFF, 0xFF, 0x00, 0xFF, 0xFF, 0x00,
  0xFF, 0xFF, 0x00, 0xFF, 0xFF, 0x00, 0xFF, 0xFF, 0x00, 0xFF, 0xFF, 0x00, 0xFF, 0xFF, 0x00, 0xFF, 0xFF, 0x00,
  0xFF, 0xFF, 0x00, 0xFF, 0xFF, 0x00, 0xFF, 0xFF, 0x00, 0xFF, 0xFF, 0x00, 0xFF, 0xFF, 0x00, 0xFF, 0xFF, 0x00,
  0xFF, 0xFF, 0x00, 0xFF, 0xFF, 0x00, 0xFF, 0xFF, 0x00, 0xFF, 0xFF, 0x00, 0x7B, 0xEF, 0x83, 0x00, 0x00, 0xFF,
  0xC6, 0x18, 0x3C, 0xFF, 0xFF, 0x00, 0xFF, 0xFF, 0x00, 0xFF, 0xFF, 0x00, 0xFF, 0xFF, 0x00, 0xFF, 0xFF, 0x00,
  0xFF, 0xFF, 0x00, 0xFF, 0xFF, 0x00, 0xFF, 0xFF, 0x00, 0xFF, 0xFF, 0x00, 0xFF, 0xFF, 0x00, 0xFF, 0xFF, 0x00,
  0xFF, 0xFF, 0x00, 0xFF, 0xFF, 0x00, 0xFF, 0xFF, 0x00, 0xFF, 0xFF, 0x00, 0xFF, 0xFF, 0x00, 0xFF, 0xFF, 0x00,
  0xFF, 0xFF, 0x00, 0xFF, 0xFF, 0x00, 0xFF, 0xFF, 0x00, 0xFF, 0xFF, 0x00, 0xFF, 0xFF, 0x00, 0xFF, 0xFF, 0x00,
  0xFF, 0xFF, 0x00, 0xFF, 0xFF, 0x00, 0xFF, 0xFF, 0x00, 0xFF, 0xFF, 0x00, 0xFF, 0xFF, 0x00, 0xFF, 0xFF, 0x00,
  0xFF, 0xFF, 0x00, 0xFF, 0xFF, 0x00, 0xFF, 0xFF, 0x00, 0xFF, 0xFF, 0x00, 0xFF, 0xFF, 0x00, 0xFF, 0xFF, 0x00,
  0xFF, 0xFF, 0x00, 0xFF, 0xFF, 0x00, 0xFF, 0xFF, 0x00, 0xFF, 0xFF, 0x00, 0xFF, 0xFF, 0x00, 0xFF, 0xFF, 0x00,
  0xFF, 0xFF, 0x00, 0xFF, 0xFF, 0x00, 0xFF, 0xFF, 0x00, 0xFF, 0xFF, 0x00, 0xFF, 0xFF, 0x00, 0xFF, 0xFF, 0x00,
  0xFF, 0xFF, 0x00, 0xFF, 0xFF, 0x00, 0xFF, 0xFF, 0x00, 0xFF, 0xFF, 0x00, 0xFF, 0xFF, 0x00, 0xFF, 0xFF, 0x00,
  0xFF, 0xFF, 0x00, 0xFF, 0xFF, 0x00, 0xFF, 0xFF, 0x00, 0xFF, 0xFF, 0x00, 0x7B, 0xEF, 0x7F, 0x00, 0x00, 0xFF,
  0xC6, 0x18, 0x3D, 0xFF, 0xFF, 0x00, 0xFF, 0xFF, 0x00, 0xFF, 0xFF, 0x00, 0xFF, 0xFF, 0x00, 0xFF, 0xFF, 0x00,
  0xFF, 0xFF, 0x00, 0xFF, 0xFF, 0x00, 0xFF, 0xFF, 0x00, 0xFF, 0xFF, 0x00, 0xFF, 0xFF, 0x00, 0xFF, 0xFF, 0x00,
  0xFF, 0xFF, 0x00, 0xFF, 0xFF, 0x00, 0xFF, 0xFF, 0x00, 0xFF, 0xFF, 0x00, 0xFF, 0xFF, 0x00, 0xFF, 0xFF, 0x00,
  0xFF, 0xFF, 0x00, 0xFF, 0xFF, 0x00, 0xFF, 0xFF, 0x00, 0xFF, 0xFF, 0x00, 0xFF, 0xFF, 0x00, 0xFF, 0xFF, 0x00,
  0xFF, 0xFF, 0x00, 0xFF, 0xFF, 0x00, 0xFF, 0xFF, 0x00, 0xFF, 0xFF, 0x00, 0xFF, 0xFF, 0x00, 0xFF, 0xFF, 0x00,
  0xFF, 0xFF, 0x00, 0xFF, 0xFF, 0x00, 0xFF, 0xFF, 0x00, 0xFF, 0xFF, 0x00, 0xFF, 0xFF, 0x00, 0xFF, 0xFF, 0x00,
  0xFF, 0xFF, 0x00, 0xFF, 0xFF, 0x00, 0xFF, 0xFF, 0x00, 0xFF, 0xFF, 0x00, 0xFF, 0xFF, 0x00, 0xFF, 0xFF, 0x00,
  0xFF, 0xFF, 0x00, 0xFF, 0xFF, 0x00, 0xFF, 0xFF, 0x00, 0xFF, 0xFF, 0x00, 0xFF, 0xFF, 0x00, 0xFF, 0xFF, 0x00,
  0xFF, 0xFF, 0x00, 0xFF, 0xFF, 0x00, 0xFF, 0xFF, 0x00, 0xFF, 0xFF, 0x00, 0xFF, 0xFF, 0x00, 0xFF, 0xFF, 0x00,
  0xFF, 0xFF, 0x00, 0xFF, 0xFF, 0x00, 0xFF, 0xFF, 0x00, 0xFF, 0xFF, 0x00, 0x94, 0x92, 0x6A, 0x00, 0x00, 0xFF,
  0xBD, 0xD7, 0x41, 0xFF, 0xFF, 0x00, 0xFF, 0xFF, 0x00, 0xFF, 0xFF, 0x00, 0xFF, 0xFF, 0x00, 0xFF, 0xFF, 0x00,
  0xFF, 0xFF, 0x00, 0xFF, 0xFF, 0x00, 0xFF, 0xFF, 0x00, 0xFF, 0xFF, 0x00, 0xFF, 0xFF, 0x00, 0xFF, 0xFF, 0x00,
  0xFF, 0xFF, 0x00, 0xFF, 0xFF, 0x00, 0xFF, 0xFF, 0x00, 0xFF, 0xFF, 0x00, 0xFF, 0xFF, 0x00, 0xFF, 0xFF, 0x00,
  0xFF, 0xFF, 0x00, 0xFF, 0xFF, 0x00, 0xFF, 0xFF, 0x00, 0xFF, 0xFF, 0x00, 0xFF, 0xFF, 0x00, 0xFF, 0xFF, 0x00,
  0xFF, 0xFF, 0x00, 0xFF, 0xFF, 0x00, 0xFF, 0xFF, 0x00, 0xFF, 0xFF, 0x00, 0xFF, 0xFF, 0x00, 0xFF, 0xFF, 0x00,
  0xFF, 0xFF, 0x00, 0xFF, 0xFF, 0x00, 0xFF, 0xFF, 0x00, 0xFF, 0xFF, 0x00, 0xFF, 0xFF, 0x00, 0xFF, 0xFF, 0x00,
  0xFF, 0xFF, 0x00, 0xFF, 0xFF, 0x00, 0xFF, 0xFF, 0x00, 0xFF, 0xFF, 0x00, 0xFF, 0xFF, 0x00, 0xFF, 0xFF, 0x00,
  0xFF, 0xFF, 0x00, 0xFF, 0xFF, 0x00, 0xFF, 0xFF, 0x00, 0xFF, 0xFF, 0x00, 0xFF, 0xFF, 0x00, 0xFF, 0xFF, 0x00,
  0xFF, 0xFF, 0x00, 0xFF, 0xFF, 0x00, 0xFF, 0xFF, 0x00, 0xFF, 0xFF, 0x00, 0xFF, 0xFF, 0x00, 0xFF, 0xFF, 0x00,
  0xFF, 0xFF, 0x00, 0xFF, 0xFF, 0x00, 0xFF, 0xFF, 0x00, 0xFF, 0xFF, 0x00, 0xDE, 0xFB, 0x1E, 0x5A, 0xCB, 0x9F,
  0xE7, 0x1C, 0x1A, 0xFF, 0xFF, 0x00, 0xFF, 0xFF, 0x00, 0xFF, 0xFF, 0x00, 0xFF, 0xFF, 0x00, 0xFF, 0xFF, 0x00,
  0xFF, 0xFF, 0x00, 0xFF, 0xFF, 0x00, 0xFF, 0xFF, 0x00, 0xFF, 0xFF, 0x00, 0xFF, 0xFF, 0x00, 0xFF, 0xFF, 0x00,
  0xFF, 0xFF, 0x00, 0xFF, 0xFF, 0x00, 0xFF, 0xFF, 0x00, 0xFF, 0xFF, 0x00, 0xFF, 0xDF, 0x05, 0xFF, 0xFF, 0x00,
  0xFF, 0xFF, 0x00, 0xFF, 0xFF, 0x00, 0xFF, 0xFF, 0x00, 0xFF, 0xFF, 0x00, 0xFF, 0xFF, 0x00, 0xFF, 0xFF, 0x00,
  0xFF, 0xFF, 0x00, 0xFF, 0xFF, 0x00, 0xFF, 0xFF, 0x00, 0xFF, 0xFF, 0x00, 0xFF, 0xFF, 0x00, 0xFF, 0xFF, 0x00,
  0xFF, 0xFF, 0x00, 0xFF, 0xFF, 0x00, 0xFF, 0xFF, 0x00, 0xFF, 0xFF, 0x00, 0xFF, 0xFF, 0x00, 0xFF, 0xFF, 0x00,
  0xFF, 0xFF, 0x00, 0xFF, 0xFF, 0x00, 0xFF, 0xFF, 0x00, 0xFF, 0xFF, 0x00, 0xFF, 0xFF, 0x00, 0xBD, 0xF7, 0x3E,
  0x29, 0x45, 0xC7, 0xAD, 0x55, 0x51, 0xFF, 0xFF, 0x00, 0xFF, 0xFF, 0x00, 0xFF, 0xFF, 0x00, 0xFF, 0xFF, 0x00,
  0xFF, 0xFF, 0x00, 0xFF, 0xFF, 0x00, 0xFF, 0xFF, 0x00, 0xFF, 0xFF, 0x00, 0xFF, 0xFF, 0x00, 0xFF, 0xFF, 0x00,
  0xFF, 0xFF, 0x00, 0xFF, 0xFF, 0x00, 0xFF, 0xFF, 0x00, 0xFF, 0xFF, 0x00, 0xFF, 0xFF, 0x00, 0xFF, 0xFF, 0x00,
  0xFF, 0xFF, 0x00, 0xFF, 0xFF, 0x00, 0xFF, 0xFF, 0x00, 0xFF, 0xFF, 0x00, 0xFF, 0xFF, 0x00, 0xFF, 0xFF, 0x00,
  0xFF, 0xFF, 0x00, 0xFF, 0xFF, 0x00, 0xFF, 0xFF, 0x00, 0xFF, 0xFF, 0x00, 0xFF, 0xFF, 0x00, 0xFF, 0xFF, 0x00,
  0xFF, 0xFF, 0x00, 0xFF, 0xFF, 0x00, 0xFF, 0xFF, 0x00, 0x6B, 0x6D, 0x8C, 0x31, 0x86, 0xCB, 0xF7, 0xBE, 0x08,
  0xFF, 0xFF, 0x00, 0xFF, 0xFF, 0x00, 0xFF, 0xFF, 0x00, 0xFF, 0xFF, 0x00, 0xFF, 0xFF, 0x00, 0xFF, 0xFF, 0x00,
  0xFF, 0xFF, 0x00, 0xFF, 0xFF, 0x00, 0xFF, 0xFF, 0x00, 0xFF, 0xFF, 0x00, 0xFF, 0xFF, 0x00, 0xFF, 0xFF, 0x00,
  0xFF, 0xFF, 0x00, 0xFF, 0xFF, 0x00, 0xFF, 0xFF, 0x00, 0xFF, 0xFF, 0x00, 0xFF, 0xFF, 0x00, 0xFF, 0xFF, 0x00,
  0xFF, 0xFF, 0x00, 0xFF, 0xFF, 0x00, 0xFF, 0xFF, 0x00, 0xFF, 0xFF, 0x00, 0xFF, 0xFF, 0x00, 0xDE, 0xDB, 0x25,
  0x08, 0x61, 0xEC, 0x00, 0x00, 0xFF, 0x94, 0x92, 0x68, 0xFF, 0xFF, 0x00, 0xFF, 0xFF, 0x00, 0xFF, 0xFF, 0x00,
  0xFF, 0xFF, 0x00, 0xFF, 0xFF, 0x00, 0xFF, 0xFF, 0x00, 0xFF, 0xFF, 0x00, 0xFF, 0xFF, 0x00, 0xFF, 0xFF, 0x00,
  0xFF, 0xFF, 0x00, 0xFF, 0xFF, 0x00, 0xFF, 0xFF, 0x00, 0xFF, 0xFF, 0x00, 0xFF, 0xFF, 0x00, 0xFF, 0xFF, 0x00,
  0xFF, 0xFF, 0x00, 0xFF, 0xFF, 0x00, 0xFF, 0xFF, 0x00, 0xFF, 0xFF, 0x00, 0xFF, 0xFF, 0x00, 0xFF, 0xFF, 0x00,
  0xFF, 0xFF, 0x00, 0xFF, 0xFF, 0x00, 0xFF, 0xFF, 0x00, 0xFF, 0xFF, 0x00, 0xFF, 0xFF, 0x00, 0xFF, 0xFF, 0x00,
  0xFF, 0xFF, 0x00, 0xFF, 0xFF, 0x00, 0x63, 0x0C, 0x9A, 0x00, 0x00, 0xFF, 0x52, 0xAA, 0xA8, 0xFF, 0xFF, 0x00,
  0xFF, 0xFF, 0x00, 0xFF, 0xFF, 0x00, 0xFF, 0xFF, 0x00, 0xFF, 0xFF, 0x00, 0xFF, 0xFF, 0x00, 0xFF, 0xFF, 0x00,
  0xFF, 0xFF, 0x00, 0xFF, 0xFF, 0x00, 0xFF, 0xFF, 0x00, 0xFF, 0xFF, 0x00, 0xFF, 0xFF, 0x00, 0xFF, 0xFF, 0x00,
  0xFF, 0xFF, 0x00, 0xFF, 0xFF, 0x00, 0xFF, 0xFF, 0x00, 0xFF, 0xFF, 0x00, 0xFF, 0xFF, 0x00, 0xFF, 0xFF, 0x00,
  0xFF, 0xFF, 0x00, 0xFF, 0xFF, 0x00, 0xFF, 0xFF, 0x00, 0xFF, 0xFF, 0x00, 0xFF, 0xFF, 0x00, 0xFF, 0xFF, 0x00,
  0xD6, 0x9A, 0x2B, 0x10, 0x82, 0xE4, 0x00, 0x00, 0xFF, 0x9C, 0xF3, 0x5F, 0xFF, 0xFF, 0x00, 0xFF, 0xFF, 0x00,
  0xFF, 0xFF, 0x00, 0xFF, 0xFF, 0x00, 0xFF, 0xFF, 0x00, 0xFF, 0xFF, 0x00, 0xFF, 0xFF, 0x00, 0xFF, 0xFF, 0x00,
  0xFF, 0xFF, 0x00, 0xFF, 0xFF, 0x00, 0xFF, 0xFF, 0x00, 0xFF, 0xFF, 0x00, 0xFF, 0xFF, 0x00, 0xFF, 0xFF, 0x00,
  0xFF, 0xFF, 0x00, 0xFF, 0xFF, 0x00, 0xFF, 0xFF, 0x00, 0xFF, 0xFF, 0x00, 0xFF, 0xFF, 0x00, 0xFF, 0xFF, 0x00,
  0xFF, 0xFF, 0x00, 0xFF, 0xFF, 0x00, 0xFF, 0xFF, 0x00, 0xFF, 0xFF, 0x00, 0xFF, 0xFF, 0x00, 0xFF, 0xFF, 0x00,
  0xFF, 0xFF, 0x00, 0x5A, 0xCB, 0xA4, 0x00, 0x00, 0xFF, 0x42, 0x28, 0xB6, 0xFF, 0xDF, 0x04, 0xFF, 0xFF, 0x00,
  0xFF, 0xFF, 0x00, 0xFF, 0xFF, 0x00, 0xFF, 0xFF, 0x00, 0xFF, 0xFF, 0x00, 0xFF, 0xFF, 0x00, 0xFF, 0xFF, 0x00,
  0xFF, 0xFF, 0x00, 0xFF, 0xFF, 0x00, 0xFF, 0xFF, 0x00, 0xFF, 0xFF, 0x00, 0xFF, 0xFF, 0x00, 0xFF, 0xFF, 0x00,
  0xFF, 0xFF, 0x00, 0xFF, 0xFF, 0x00, 0xFF, 0xFF, 0x00, 0xFF, 0xFF, 0x00, 0xFF, 0xFF, 0x00, 0xFF, 0xFF, 0x00,
  0xFF, 0xFF, 0x00, 0xFF, 0xFF, 0x00, 0xFF, 0xFF, 0x00, 0xFF, 0xFF, 0x00, 0xFF, 0xFF, 0x00, 0xFF, 0xFF, 0x00,
  0xFF, 0xFF, 0x00, 0xD6, 0x9A, 0x29, 0x10, 0xA2, 0xE2, 0x00, 0x00, 0xFF, 0xA5, 0x34, 0x54, 0xFF, 0xFF, 0x00,
  0xFF, 0xFF, 0x00, 0xFF, 0xFF, 0x00, 0xFF, 0xFF, 0x00, 0xFF, 0xFF, 0x00, 0xFF, 0xFF, 0x00, 0xFF, 0xFF, 0x00,
  0xFF, 0xFF, 0x00, 0xFF, 0xFF, 0x00, 0xFF, 0xFF, 0x00, 0xF7, 0xBE, 0x08, 0xEF, 0x7E, 0x10, 0xEF, 0x7E, 0x12,
  0xF7, 0x9E, 0x0C, 0xFF, 0xFF, 0x02, 0xFF, 0xFF, 0x00, 0xFF, 0xFF, 0x00, 0xFF, 0xFF, 0x00, 0xFF, 0xFF, 0x00,
  0xFF, 0xFF, 0x00, 0xFF, 0xFF, 0x00, 0xFF, 0xFF, 0x00, 0xFF, 0xFF, 0x00, 0xFF, 0xFF, 0x00, 0xFF, 0xFF, 0x00,
  0x6B, 0x6D, 0x8D, 0x00, 0x00, 0xFF, 0x42, 0x08, 0xBA, 0xF7, 0xBE, 0x08, 0xFF, 0xFF, 0x00, 0xFF, 0xFF, 0x00,
  0xFF, 0xFF, 0x00, 0xFF, 0xFF, 0x00, 0xFF, 0xFF, 0x00, 0xFF, 0xFF, 0x00, 0xFF, 0xFF, 0x00, 0xFF, 0xFF, 0x00,
  0xFF, 0xFF, 0x00, 0xFF, 0xFF, 0x00, 0xFF, 0xFF, 0x00, 0xFF, 0xFF, 0x00, 0xFF, 0xFF, 0x00, 0xFF, 0xFF, 0x00,
  0xFF, 0xFF, 0x00, 0xFF, 0xFF, 0x00, 0xFF, 0xFF, 0x00, 0xFF, 0xFF, 0x00, 0xFF, 0xFF, 0x00, 0xFF, 0xFF, 0x00,
  0xFF, 0xFF, 0x00, 0xFF, 0xFF, 0x00, 0xFF, 0xFF, 0x00, 0xFF, 0xFF, 0x00, 0xFF, 0xFF, 0x00, 0xFF, 0xFF, 0x00,
  0xFF, 0xFF, 0x00, 0xFF, 0xFF, 0x00, 0xD6, 0xBA, 0x28, 0x18, 0xC3, 0xDD, 0x29, 0x45, 0xD1, 0xFF, 0xFF, 0x00,
  0xFF, 0xFF, 0x00, 0xFF, 0xFF, 0x00, 0xFF, 0xFF, 0x00, 0xFF, 0xFF, 0x00, 0xFF, 0xFF, 0x00, 0xDE, 0xFC, 0x24,
  0x95, 0x14, 0x69, 0x63, 0x8F, 0xA3, 0x4A, 0xCB, 0xC8, 0x42, 0x69, 0xDD, 0x42, 0x69, 0xE7, 0x42, 0x69, 0xEA,
  0x42, 0x69, 0xE3, 0x4A, 0xAA, 0xD1, 0x5B, 0x4E, 0xAD, 0x8C, 0xD3, 0x72, 0xD6, 0xBB, 0x2B, 0xFF, 0xFF, 0x00,
  0xFF, 0xFF, 0x00, 0xFF, 0xFF, 0x00, 0xFF, 0xFF, 0x00, 0xFF, 0xFF, 0x00, 0xFF, 0xFF, 0x00, 0xEF, 0x5D, 0x13,
  0x00, 0x20, 0xF9, 0x39, 0xC7, 0xBE, 0xF7, 0x9E, 0x0A, 0xFF, 0xFF, 0x00, 0xFF, 0xFF, 0x00, 0xFF, 0xFF, 0x00,
  0xFF, 0xFF, 0x00, 0xFF, 0xFF, 0x00, 0xFF, 0xFF, 0x00, 0xFF, 0xFF, 0x00, 0xFF, 0xFF, 0x00, 0xFF, 0xFF, 0x00,
  0xFF, 0xFF, 0x00, 0xFF, 0xFF, 0x00, 0xFF, 0xFF, 0x00, 0xFF, 0xFF, 0x00, 0xFF, 0xFF, 0x00, 0xFF, 0xFF, 0x00,
  0xFF, 0xFF, 0x00, 0xFF, 0xFF, 0x00, 0xFF, 0xFF, 0x00, 0xFF, 0xFF, 0x00, 0xFF, 0xFF, 0x00, 0xFF, 0xFF, 0x00,
  0xFF, 0xFF, 0x00, 0xFF, 0xFF, 0x00, 0xFF, 0xFF, 0x00, 0xFF, 0xFF, 0x00, 0xFF, 0xFF, 0x00, 0xFF, 0xFF, 0x00,
  0xFF, 0xFF, 0x00, 0xFF, 0xFF, 0x00, 0xFF, 0xFF, 0x00, 0xEF, 0x5D, 0x13, 0xDE, 0xDB, 0x22, 0xFF, 0xFF, 0x00,
  0xFF, 0xFF, 0x00, 0xFF, 0xFF, 0x00, 0xFF, 0xFF, 0x00, 0xD6, 0xDB, 0x29, 0x63, 0x6E, 0xA6, 0x3A, 0x07, 0xF6,
  0x62, 0xC6, 0xFF, 0x93, 0xE8, 0xFF, 0xB4, 0xA9, 0xFF, 0xCD, 0x29, 0xFF, 0xD5, 0x49, 0xFF, 0xD5, 0x69, 0xFF,
  0xCD, 0x49, 0xFF, 0xBC, 0xE9, 0xFF, 0x9C, 0x28, 0xFF, 0x6B, 0x07, 0xFF, 0x3A, 0x27, 0xFA, 0x53, 0x0D, 0xB6,
  0xC6, 0x39, 0x40, 0xFF, 0xFF, 0x00, 0xFF, 0xFF, 0x00, 0xFF, 0xFF, 0x00, 0xFF, 0xFF, 0x00, 0xFF, 0xFF, 0x02,
  0xC6, 0x38, 0x38, 0xF7, 0x9E, 0x0B, 0xFF, 0xFF, 0x00, 0xFF, 0xFF, 0x00, 0xFF, 0xFF, 0x00, 0xFF, 0xFF, 0x00,
  0xFF, 0xFF, 0x00, 0xFF, 0xFF, 0x00, 0xFF, 0xFF, 0x00, 0xFF, 0xFF, 0x00, 0xFF, 0xFF, 0x00, 0xFF, 0xFF, 0x00,
  0xFF, 0xFF, 0x00, 0xFF, 0xFF, 0x00, 0xFF, 0xFF, 0x00, 0xFF, 0xFF, 0x00, 0xFF, 0xFF, 0x00, 0xFF, 0xFF, 0x00,
  0xFF, 0xFF, 0x00, 0xFF, 0xFF, 0x00, 0xFF, 0xFF, 0x00, 0xFF, 0xFF, 0x00, 0xFF, 0xFF, 0x00, 0xFF, 0xFF, 0x00,
  0xFF, 0xFF, 0x00, 0xFF, 0xFF, 0x00, 0xFF, 0xFF, 0x00, 0xFF, 0xFF, 0x00, 0xFF, 0xFF, 0x00, 0xFF, 0xFF, 0x00,
  0xFF, 0xFF, 0x00, 0xFF, 0xFF, 0x00, 0xFF, 0xFF, 0x00, 0xFF, 0xFF, 0x00, 0xFF, 0xFF, 0x00, 0xFF, 0xFF, 0x00,
  0xFF, 0xFF, 0x00, 0xFF, 0xFF, 0x00, 0x9D, 0x15, 0x69, 0x31, 0xE7, 0xF2, 0x83, 0x87, 0xFF, 0xDD, 0x8A, 0xFF,
  0xF6, 0x0A, 0xFF, 0xF6, 0x0A, 0xFF, 0xED, 0xEA, 0xFF, 0xED, 0xEA, 0xFF, 0xED, 0xEA, 0xFF, 0xED, 0xEA, 0xFF,
  0xED, 0xEA, 0xFF, 0xED, 0xEA, 0xFF, 0xEE, 0x0A, 0xFF, 0xF6, 0x0A, 0xFF, 0xDD, 0xAA, 0xFF, 0x93, 0xE7, 0xFF,
  0x39, 0xE6, 0xFF, 0x6B, 0xD0, 0x99, 0xF7, 0xBE, 0x0B, 0xFF, 0xFF, 0x00, 0xFF, 0xFF, 0x01, 0xFF, 0xFF, 0x00,
  0xFF, 0xFF, 0x00, 0xFF, 0xFF, 0x00, 0xFF, 0xFF, 0x00, 0xFF, 0xFF, 0x00, 0xFF, 0xFF, 0x00, 0xFF, 0xFF, 0x00,
  0xFF, 0xFF, 0x00, 0xFF, 0xFF, 0x00, 0xFF, 0xFF, 0x00, 0xFF, 0xFF, 0x00, 0xFF, 0xFF, 0x00, 0xFF, 0xFF, 0x00,
  0xFF, 0xFF, 0x00, 0xFF, 0xFF, 0x00, 0xFF, 0xFF, 0x00, 0xFF, 0xFF, 0x00, 0xFF, 0xFF, 0x00, 0xFF, 0xFF, 0x00,
  0xFF, 0xFF, 0x00, 0xFF, 0xFF, 0x00, 0xFF, 0xFF, 0x00, 0xFF, 0xFF, 0x00, 0xFF, 0xFF, 0x00, 0xFF, 0xFF, 0x00,
  0xFF, 0xFF, 0x00, 0xFF, 0xFF, 0x00, 0xFF, 0xFF, 0x00, 0xFF, 0xFF, 0x00, 0xFF, 0xFF, 0x00, 0xFF, 0xFF, 0x00,
  0xFF, 0xFF, 0x00, 0xFF, 0xFF, 0x00, 0xFF, 0xFF, 0x00, 0xFF, 0xFF, 0x00, 0xFF, 0xFF, 0x00, 0xFF, 0xFF, 0x00,
  0xFF, 0xFF, 0x00, 0x7C, 0x52, 0x85, 0x3A, 0x06, 0xFF, 0xCD, 0x09, 0xFF, 0xF6, 0x0A, 0xFF, 0xED, 0xEA, 0xFF,
  0xE5, 0xCA, 0xFF, 0xE5, 0xCA, 0xFF, 0xE5, 0xCA, 0xFF, 0xE5, 0xCA, 0xFF, 0xE5, 0xCA, 0xFF, 0xE5, 0xCA, 0xFF,
  0xE5, 0xCA, 0xFF, 0xE5, 0xCA, 0xFF, 0xE5, 0xCA, 0xFF, 0xE5, 0xCA, 0xFF, 0xED, 0xEA, 0xFF, 0xF6, 0x0A, 0xFF,
  0xD5, 0x28, 0xFF, 0x62, 0xA5, 0xFF, 0x42, 0x8B, 0xCB, 0xE7, 0x3C, 0x1B, 0xFF, 0xFF, 0x00, 0xFF, 0xFF, 0x00,
  0xFF, 0xFF, 0x00, 0xFF, 0xFF, 0x00, 0xFF, 0xFF, 0x00, 0xFF, 0xFF, 0x00, 0xFF, 0xFF, 0x00, 0xFF, 0xFF, 0x00,
  0xFF, 0xFF, 0x00, 0xFF, 0xFF, 0x00, 0xFF, 0xFF, 0x00, 0xFF, 0xFF, 0x00, 0xFF, 0xFF, 0x00, 0xFF, 0xFF, 0x00,
  0xFF, 0xFF, 0x00, 0xFF, 0xFF, 0x00, 0xFF, 0xFF, 0x00, 0xFF, 0xFF, 0x00, 0xFF, 0xFF, 0x00, 0xFF, 0xFF, 0x00,
  0xFF, 0xFF, 0x00, 0xFF, 0xFF, 0x00, 0xFF, 0xFF, 0x00, 0xFF, 0xFF, 0x00, 0xFF, 0xFF, 0x00, 0xFF, 0xFF, 0x00,
  0xFF, 0xFF, 0x00, 0xFF, 0xFF, 0x00, 0xFF, 0xFF, 0x00, 0xFF, 0xFF, 0x00, 0xFF, 0xFF, 0x00, 0xFF, 0xFF, 0x00,
  0xFF, 0xFF, 0x00, 0xFF, 0xFF, 0x00, 0xFF, 0xFF, 0x00, 0xFF, 0xFF, 0x00, 0xFF, 0xFF, 0x00, 0xFF, 0xFF, 0x00,
  0x94, 0xD3, 0x74, 0x3A, 0x06, 0xFF, 0xDD, 0x8A, 0xFF, 0xED, 0xEA, 0xFF, 0xE5, 0xCA, 0xFF, 0xE5, 0xCA, 0xFF,
  0xE5, 0xCA, 0xFF, 0xE5, 0xCA, 0xFF, 0xE5, 0xCA, 0xFF, 0xE5, 0xCA, 0xFF, 0xE5, 0xCA, 0xFF, 0xE5, 0xCA, 0xFF,
  0xE5, 0xCA, 0xFF, 0xE5, 0xCA, 0xFF, 0xE5, 0xCA, 0xFF, 0xE5, 0xCA, 0xFF, 0xE5, 0xCA, 0xFF, 0xE5, 0xCA, 0xFF,
  0xE5, 0x68, 0xFF, 0xE5, 0x68, 0xFF, 0x7B, 0x46, 0xFF, 0x3A, 0x6A, 0xD4, 0xEF, 0x7D, 0x13, 0xFF, 0xFF, 0x00,
  0xFF, 0xFF, 0x00, 0xFF, 0xFF, 0x00, 0xFF, 0xFF, 0x00, 0xFF, 0xFF, 0x00, 0xFF, 0xFF, 0x00, 0xFF, 0xFF, 0x00,
  0xFF, 0xFF, 0x00, 0xFF, 0xFF, 0x00, 0xFF, 0xFF, 0x00, 0xFF, 0xFF, 0x00, 0xFF, 0xFF, 0x00, 0xFF, 0xFF, 0x00,
  0xFF, 0xFF, 0x00, 0xFF, 0xFF, 0x00, 0xFF, 0xFF, 0x00, 0xFF, 0xFF, 0x00, 0xFF, 0xFF, 0x00, 0xFF, 0xFF, 0x00,
  0xFF, 0xFF, 0x00, 0xFF, 0xFF, 0x00, 0xFF, 0xFF, 0x00, 0xFF, 0xFF, 0x00, 0xFF, 0xFF, 0x00, 0xFF, 0xFF, 0x00,
  0xFF, 0xFF, 0x00, 0xFF, 0xFF, 0x00, 0xFF, 0xFF, 0x00, 0xFF, 0xFF, 0x00, 0xFF, 0xFF, 0x00, 0xFF, 0xFF, 0x00,
  0xFF, 0xFF, 0x00, 0xFF, 0xFF, 0x00, 0xFF, 0xFF, 0x00, 0xFF, 0xFF, 0x00, 0xFF, 0xFF, 0x00, 0xC6, 0x59, 0x3C,
  0x31, 0xE6, 0xFB, 0xCD, 0x49, 0xFF, 0xED, 0xEA, 0xFF, 0xE5, 0xCA, 0xFF, 0xE5, 0xCA, 0xFF, 0xE5, 0xCA, 0xFF,
  0xE5, 0xCA, 0xFF, 0xE5, 0xCA, 0xFF, 0xE5, 0xCA, 0xFF, 0xE5, 0xCA, 0xFF, 0xE5, 0xCA, 0xFF, 0xE5, 0xCA, 0xFF,
  0xE5, 0xCA, 0xFF, 0xE5, 0xCA, 0xFF, 0xE5, 0xCA, 0xFF, 0xE5, 0xCA, 0xFF, 0xE5, 0xCA, 0xFF, 0xE5, 0xCA, 0xFF,
  0xE5, 0x89, 0xFF, 0xDD, 0x47, 0xFF, 0xE5, 0x68, 0xFF, 0x73, 0x06, 0xFF, 0x53, 0x0D, 0xB7, 0xFF, 0xFF, 0x00,
  0xFF, 0xFF, 0x00, 0xFF, 0xFF, 0x00, 0xFF, 0xFF, 0x00, 0xFF, 0xFF, 0x00, 0xFF, 0xFF, 0x00, 0xFF, 0xFF, 0x00,
  0xFF, 0xFF, 0x00, 0xFF, 0xFF, 0x00, 0xFF, 0xFF, 0x00, 0xFF, 0xFF, 0x00, 0xFF, 0xFF, 0x00, 0xFF, 0xFF, 0x00,
  0xFF, 0xFF, 0x00, 0xFF, 0xFF, 0x00, 0xFF, 0xFF, 0x00, 0xFF, 0xFF, 0x00, 0xFF, 0xFF, 0x00, 0xFF, 0xFF, 0x00,
  0xFF, 0xFF, 0x00, 0xFF, 0xFF, 0x00, 0xFF, 0xFF, 0x00, 0xFF, 0xFF, 0x00, 0xFF, 0xFF, 0x00, 0xFF, 0xFF, 0x00,
  0xFF, 0xFF, 0x00, 0xFF, 0xFF, 0x00, 0xFF, 0xFF, 0x00, 0xFF, 0xFF, 0x00, 0xFF, 0xFF, 0x00, 0xFF, 0xFF, 0x00,
  0xFF, 0xFF, 0x00, 0xFF, 0xFF, 0x00, 0xFF, 0xFF, 0x00, 0xFF, 0xFF, 0x00, 0xFF, 0xDF, 0x03, 0x4A, 0xAB, 0xCE,
  0xAC, 0x68, 0xFF, 0xFE, 0x4B, 0xFF, 0xED, 0xEA, 0xFF, 0xF6, 0x0A, 0xFF, 0xEE, 0x0A, 0xFF, 0xED, 0xEA, 0xFF,
  0xE5, 0xCA, 0xFF, 0xE5, 0xCA, 0xFF, 0xE5, 0xCA, 0xFF, 0xE5, 0xCA, 0xFF, 0xE5, 0xCA, 0xFF, 0xE5, 0xCA, 0xFF,
  0xE5, 0xCA, 0xFF, 0xE5, 0xCA, 0xFF, 0xE5, 0xCA, 0xFF, 0xE5, 0xCA, 0xFF, 0xE5, 0xCA, 0xFF, 0xED, 0xCA, 0xFF,
  0xE5, 0x89, 0xFF, 0xDD, 0x27, 0xFF, 0xDD, 0x48, 0xFF, 0xDD, 0x48, 0xFF, 0x4A, 0x25, 0xFF, 0x95, 0x14, 0x6B,
  0xFF, 0xFF, 0x00, 0xFF, 0xFF, 0x00, 0xFF, 0xFF, 0x00, 0xFF, 0xFF, 0x00, 0xFF, 0xFF, 0x00, 0xFF, 0xFF, 0x00,
  0xFF, 0xFF, 0x00, 0xFF, 0xFF, 0x00, 0xFF, 0xFF, 0x00, 0xFF, 0xFF, 0x00, 0xFF, 0xFF, 0x00, 0xFF, 0xFF, 0x00,
  0xFF, 0xFF, 0x00, 0xFF, 0xFF, 0x00, 0xFF, 0xFF, 0x00, 0xFF, 0xFF, 0x00, 0xFF, 0xFF, 0x00, 0xFF, 0xFF, 0x00,
  0xFF, 0xFF, 0x00, 0xFF, 0xFF, 0x00, 0xFF, 0xFF, 0x00, 0xFF, 0xFF, 0x00, 0xFF, 0xFF, 0x00, 0xFF, 0xFF, 0x00,
  0xFF, 0xFF, 0x00, 0xFF, 0xFF, 0x00, 0xFF, 0xFF, 0x00, 0xFF, 0xFF, 0x00, 0xFF, 0xFF, 0x00, 0xFF, 0xFF, 0x00,
  0xFF, 0xFF, 0x00, 0xFF, 0xFF, 0x00, 0xFF, 0xFF, 0x00, 0xFF, 0xFF, 0x00, 0xA5, 0x76, 0x5F, 0x31, 0xC5, 0xFF,
  0x83, 0xA7, 0xFF, 0x62, 0xE6, 0xFF, 0x5A, 0xC6, 0xFF, 0x73, 0x27, 0xFF, 0xA4, 0x48, 0xFF, 0xDD, 0xAA, 0xFF,
  0xEE, 0x0A, 0xFF, 0xE5, 0xCA, 0xFF, 0xE5, 0xCA, 0xFF, 0xE5, 0xCA, 0xFF, 0xE5, 0xCA, 0xFF, 0xE5, 0xCA, 0xFF,
  0xE5, 0xCA, 0xFF, 0xE5, 0xCA, 0xFF, 0xE5, 0xCA, 0xFF, 0xE5, 0xCA, 0xFF, 0xE5, 0xCA, 0xFF, 0xE5, 0xCA, 0xFF,
  0xE5, 0x89, 0xFF, 0xDD, 0x27, 0xFF, 0xDD, 0x48, 0xFF, 0xE5, 0x68, 0xFF, 0xBC, 0x67, 0xFF, 0x3A, 0x28, 0xE8,
  0xEF, 0x7D, 0x13, 0xFF, 0xFF, 0x00, 0xFF, 0xFF, 0x00, 0xFF, 0xFF, 0x00, 0xFF, 0xFF, 0x00, 0xFF, 0xFF, 0x00,
  0xFF, 0xFF, 0x00, 0xFF, 0xFF, 0x00, 0xFF, 0xFF, 0x00, 0xFF, 0xFF, 0x00, 0xFF, 0xFF, 0x00, 0xFF, 0xFF, 0x00,
  0xFF, 0xFF, 0x00, 0xFF, 0xFF, 0x00, 0xFF, 0xFF, 0x00, 0xFF, 0xFF, 0x00, 0xFF, 0xFF, 0x00, 0xFF, 0xFF, 0x00,
  0xFF, 0xFF, 0x00, 0xFF, 0xFF, 0x00, 0xFF, 0xFF, 0x00, 0xFF, 0xFF, 0x00, 0xFF, 0xFF, 0x00, 0xFF, 0xFF, 0x00,
  0xFF, 0xFF, 0x00, 0xFF, 0xFF, 0x00, 0xFF, 0xFF, 0x00, 0xFF, 0xFF, 0x00, 0xFF, 0xFF, 0x00, 0xFF, 0xFF, 0x00,
  0xFF, 0xFF, 0x00, 0xFF, 0xFF, 0x00, 0xFF, 0xFF, 0x00, 0xB5, 0xD7, 0x4E, 0x29, 0xE7, 0xE3, 0x29, 0xC8, 0xFF,
  0x4A, 0xED, 0xFF, 0x63, 0xB1, 0xFF, 0x6B, 0xF2, 0xFF, 0x5B, 0x70, 0xFF, 0x32, 0x2A, 0xFF, 0x31, 0xE6, 0xFF,
  0xAC, 0x89, 0xFF, 0xF6, 0x0A, 0xFF, 0xED, 0xCA, 0xFF, 0xE5, 0xCA, 0xFF, 0xE5, 0xCA, 0xFF, 0xE5, 0xAA, 0xFF,
  0xE5, 0xCA, 0xFF, 0xE5, 0xCA, 0xFF, 0xE5, 0xCA, 0xFF, 0xE5, 0xCA, 0xFF, 0xE5, 0xCA, 0xFF, 0xE5, 0xCA, 0xFF,
  0xDD, 0x68, 0xFF, 0xDD, 0x27, 0xFF, 0xDD, 0x48, 0xFF, 0xDD, 0x48, 0xFF, 0xE5, 0x68, 0xFF, 0x5A, 0x85, 0xFF,
  0x8C, 0xD3, 0x75, 0xFF, 0xFF, 0x00, 0xFF, 0xFF, 0x00, 0xFF, 0xFF, 0x00, 0xFF, 0xFF, 0x00, 0xFF, 0xFF, 0x00,
  0xFF, 0xFF, 0x00, 0xFF, 0xFF, 0x00, 0xFF, 0xFF, 0x00, 0xFF, 0xFF, 0x00, 0xFF, 0xFF, 0x00, 0xFF, 0xFF, 0x00,
  0xFF, 0xFF, 0x00, 0xFF, 0xFF, 0x00, 0xFF, 0xFF, 0x00, 0xFF, 0xFF, 0x00, 0xFF, 0xFF, 0x00, 0xFF, 0xFF, 0x00,
  0xFF, 0xFF, 0x00, 0xFF, 0xFF, 0x00, 0xFF, 0xFF, 0x00, 0xFF, 0xFF, 0x00, 0xFF, 0xFF, 0x00, 0xFF, 0xFF, 0x00,
  0xCE, 0x79, 0x38, 0x94, 0xD3, 0x71, 0x7C, 0x31, 0x85, 0x94, 0xD3, 0x71, 0xCE, 0x79, 0x37, 0xFF, 0xFF, 0x00,
  0xFF, 0xFF, 0x00, 0xFF, 0xFF, 0x03, 0x73, 0xCF, 0x98, 0x21, 0x87, 0xFF, 0x74, 0x53, 0xFF, 0xBE, 0x5D, 0xFF,
  0xCE, 0xFF, 0xFF, 0xCF, 0x1F, 0xFF, 0xCF, 0x1F, 0xFF, 0xCF, 0x1F, 0xFF, 0xC6, 0xBF, 0xFF, 0x74, 0x54, 0xFF,
  0x21, 0x86, 0xFF, 0x9C, 0x28, 0xFF, 0xED, 0xA9, 0xFF, 0xDD, 0x68, 0xFF, 0xDD, 0x48, 0xFF, 0xE5, 0x68, 0xFF,
  0xE5, 0x68, 0xFF, 0xE5, 0x68, 0xFF, 0xE5, 0x88, 0xFF, 0xE5, 0xA9, 0xFF, 0xE5, 0xCA, 0xFF, 0xE5, 0xCA, 0xFF,
  0xDD, 0x48, 0xFF, 0xDD, 0x47, 0xFF, 0xDD, 0x48, 0xFF, 0xDD, 0x48, 0xFF, 0xE5, 0x68, 0xFF, 0xAC, 0x47, 0xFF,
  0x42, 0x8B, 0xD1, 0xFF, 0xFF, 0x01, 0xFF, 0xFF, 0x00, 0xFF, 0xFF, 0x00, 0xFF, 0xFF, 0x00, 0xFF, 0xFF, 0x00,
  0xFF, 0xFF, 0x00, 0xFF, 0xFF, 0x00, 0xFF, 0xFF, 0x00, 0xFF, 0xFF, 0x00, 0xFF, 0xFF, 0x00, 0xFF, 0xFF, 0x00,
  0xFF, 0xFF, 0x00, 0xFF, 0xFF, 0x00, 0xFF, 0xFF, 0x00, 0xFF, 0xFF, 0x00, 0xFF, 0xFF, 0x00, 0xFF, 0xFF, 0x00,
  0xFF, 0xFF, 0x00, 0xFF, 0xFF, 0x00, 0xFF, 0xFF, 0x00, 0xFF, 0xFF, 0x00, 0xBD, 0xF7, 0x49, 0x42, 0x8A, 0xC6,
  0x29, 0xC8, 0xFF, 0x4A, 0xCC, 0xFF, 0x5B, 0x4F, 0xFF, 0x4A, 0xCD, 0xFF, 0x29, 0xC7, 0xFF, 0x52, 0xEC, 0xB9,
  0xD6, 0xDB, 0x2A, 0x63, 0x6E, 0xA7, 0x32, 0x09, 0xFF, 0xAE, 0x1B, 0xFF, 0xCF, 0x1F, 0xFF, 0xCE, 0xDF, 0xFF,
  0xC6, 0xDF, 0xFF, 0xC6, 0xDF, 0xFF, 0xC6, 0xDF, 0xFF, 0xC6, 0xDF, 0xFF, 0xC6, 0xDF, 0xFF, 0xD7, 0x1F, 0xFF,
  0x84, 0xD6, 0xFF, 0x21, 0x86, 0xFF, 0xBC, 0xA7, 0xFF, 0xE5, 0x68, 0xFF, 0xCC, 0xE7, 0xFF, 0xBC, 0x87, 0xFF,
  0xAC, 0x47, 0xFF, 0xB4, 0x67, 0xFF, 0xCC, 0xC7, 0xFF, 0xDD, 0x47, 0xFF, 0xE5, 0x68, 0xFF, 0xE5, 0x68, 0xFF,
  0xDD, 0x48, 0xFF, 0xDD, 0x48, 0xFF, 0xDD, 0x48, 0xFF, 0xDD, 0x48, 0xFF, 0xDD, 0x48, 0xFF, 0xDD, 0x27, 0xFF,
  0x42, 0x26, 0xFD, 0xD6, 0xBB, 0x2E, 0xFF, 0xFF, 0x00, 0xFF, 0xFF, 0x00, 0xFF, 0xFF, 0x00, 0xFF, 0xFF, 0x00,
  0xFF, 0xFF, 0x00, 0xFF, 0xFF, 0x00, 0xFF, 0xFF, 0x00, 0xFF, 0xFF, 0x00, 0xFF, 0xFF, 0x00, 0xFF, 0xFF, 0x00,
  0xFF, 0xFF, 0x00, 0xFF, 0xFF, 0x00, 0xFF, 0xFF, 0x00, 0xFF, 0xFF, 0x00, 0xFF, 0xFF, 0x00, 0xFF, 0xFF, 0x00,
  0xFF, 0xFF, 0x00, 0xFF, 0xFF, 0x00, 0xFF, 0xFF, 0x00, 0x7C, 0x31, 0x89, 0x21, 0x86, 0xFF, 0x74, 0x13, 0xFF,
  0xBE, 0x5D, 0xFF, 0xCE, 0xFF, 0xFF, 0xCE, 0xFF, 0xFF, 0xCE, 0xFF, 0xFF, 0xB6, 0x5D, 0xFF, 0x53, 0x2E, 0xFF,
  0x19, 0x45, 0xF9, 0x32, 0x29, 0xFF, 0xB6, 0x5D, 0xFF, 0xCE, 0xFF, 0xFF, 0xC6, 0xDF, 0xFF, 0xC6, 0xDF, 0xFF,
  0xC6, 0xDF, 0xFF, 0xC6, 0xDF, 0xFF, 0xC6, 0xDF, 0xFF, 0xC6, 0xDF, 0xFF, 0xC6, 0xDF, 0xFF, 0xC6, 0xDF, 0xFF,
  0xCF, 0x1F, 0xFF, 0x53, 0x2F, 0xFF, 0x42, 0x25, 0xFF, 0x5A, 0x85, 0xFF, 0x31, 0xC6, 0xFF, 0x29, 0xE8, 0xFF,
  0x32, 0x09, 0xFF, 0x32, 0x08, 0xFF, 0x29, 0xC7, 0xFF, 0x42, 0x25, 0xFF, 0x8B, 0x86, 0xFF, 0xD5, 0x07, 0xFF,
  0xE5, 0x68, 0xFF, 0xDD, 0x48, 0xFF, 0xDD, 0x48, 0xFF, 0xDD, 0x48, 0xFF, 0xDD, 0x48, 0xFF, 0xE5, 0x68, 0xFF,
  0x62, 0xA6, 0xFF, 0x9D, 0x35, 0x64, 0xFF, 0xFF, 0x00, 0xFF, 0xFF, 0x00, 0xFF, 0xFF, 0x00, 0xFF, 0xFF, 0x00,
  0xFF, 0xFF, 0x00, 0xFF, 0xFF, 0x00, 0xFF, 0xFF, 0x00, 0xFF, 0xFF, 0x00, 0xFF, 0xFF, 0x00, 0xFF, 0xFF, 0x00,
  0xFF, 0xFF, 0x00, 0xFF, 0xFF, 0x00, 0xFF, 0xFF, 0x00, 0xFF, 0xFF, 0x00, 0xFF, 0xFF, 0x00, 0xFF, 0xFF, 0x00,
  0xFF, 0xFF, 0x00, 0xFF, 0xFF, 0x00, 0x7C, 0x30, 0x8E, 0x21, 0xC8, 0xFF, 0xA5, 0xDA, 0xFF, 0xCF, 0x1F, 0xFF,
  0xC6, 0xDF, 0xFF, 0xC6, 0xDF, 0xFF, 0xD7, 0x1F, 0xFF, 0xCE, 0xDF, 0xFF, 0xCE, 0xFF, 0xFF, 0xCE, 0xDF, 0xFF,
  0x6C, 0x12, 0xFF, 0x9D, 0x79, 0xFF, 0xCE, 0xFF, 0xFF, 0xC6, 0xDF, 0xFF, 0xC6, 0xDF, 0xFF, 0xC6, 0xDF, 0xFF,
  0xC6, 0xDF, 0xFF, 0xC6, 0xDF, 0xFF, 0xC6, 0xDF, 0xFF, 0xC6, 0xDF, 0xFF, 0xC6, 0xDF, 0xFF, 0xC6, 0xDF, 0xFF,
  0xCE, 0xFF, 0xFF, 0xA5, 0xBA, 0xFF, 0x2A, 0x09, 0xFF, 0x63, 0xD2, 0xFF, 0x9D, 0x9A, 0xFF, 0xB6, 0x5D, 0xFF,
  0xBE, 0x9E, 0xFF, 0xBE, 0x7D, 0xFF, 0xA5, 0xDB, 0xFF, 0x7C, 0x74, 0xFF, 0x3A, 0x4B, 0xFF, 0x31, 0xC5, 0xFF,
  0xA4, 0x07, 0xFF, 0xE5, 0x68, 0xFF, 0xDD, 0x48, 0xFF, 0xDD, 0x48, 0xFF, 0xDD, 0x48, 0xFF, 0xE5, 0x68, 0xFF,
  0x83, 0x46, 0xFF, 0x7C, 0x31, 0x8F, 0xFF, 0xFF, 0x00, 0xFF, 0xFF, 0x00, 0xFF, 0xFF, 0x00, 0xFF, 0xFF, 0x00,
  0xE7, 0x3C, 0x19, 0xD6, 0xBA, 0x28, 0xD6, 0x9A, 0x2C, 0xDE, 0xDB, 0x25, 0xDE, 0xFB, 0x1E, 0xF7, 0x9E, 0x0E,
  0xFF, 0xFF, 0x00, 0xFF, 0xFF, 0x00, 0xFF, 0xFF, 0x00, 0xFF, 0xFF, 0x00, 0xFF, 0xFF, 0x00, 0xFF, 0xFF, 0x00,
  0xFF, 0xFF, 0x00, 0xB5, 0xD7, 0x4E, 0x21, 0x86, 0xFF, 0xA5, 0xDA, 0xFF, 0xCF, 0x1F, 0xFF, 0xC6, 0xBF, 0xFF,
  0xDF, 0x3F, 0xFF, 0xF7, 0xDF, 0xFF, 0xFF, 0xFF, 0xFF, 0xEF, 0xBF, 0xFF, 0xC6, 0xBF, 0xFF, 0xC6, 0xDF, 0xFF,
  0xCE, 0xFF, 0xFF, 0xCE, 0xFF, 0xFF, 0xC6, 0xDF, 0xFF, 0xC6, 0xDF, 0xFF, 0xC6, 0xDF, 0xFF, 0xC6, 0xDF, 0xFF,
  0xC6, 0xDF, 0xFF, 0xC6, 0xDF, 0xFF, 0xC6, 0xDF, 0xFF, 0xC6, 0xDF, 0xFF, 0xC6, 0xDF, 0xFF, 0xC6, 0xDF, 0xFF,
  0xC6, 0xDF, 0xFF, 0xC6, 0xDF, 0xFF, 0xBE, 0x9E, 0xFF, 0xCE, 0xFF, 0xFF, 0xCE, 0xFF, 0xFF, 0xCE, 0xDF, 0xFF,
  0xC6, 0xDF, 0xFF, 0xC6, 0xDF, 0xFF, 0xCE, 0xFF, 0xFF, 0xCF, 0x1F, 0xFF, 0xC6, 0xDF, 0xFF, 0x7C, 0x75, 0xFF,
  0x21, 0x87, 0xFF, 0x8B, 0xA6, 0xFF, 0xE5, 0x68, 0xFF, 0xDD, 0x48, 0xFF, 0xDD, 0x48, 0xFF, 0xE5, 0x68, 0xFF,
  0x93, 0xC6, 0xFF, 0x6B, 0xAF, 0xA4, 0xFF, 0xFF, 0x00, 0xFF, 0xFF, 0x00, 0xFF, 0xFF, 0x00, 0x7B, 0xEF, 0x7F,
  0x00, 0x00, 0xFB, 0x00, 0x00, 0xFF, 0x00, 0x00, 0xFF, 0x00, 0x00, 0xFF, 0x00, 0x00, 0xFF, 0x21, 0x04, 0xD7,
  0xFF, 0xFF, 0x00, 0xFF, 0xFF, 0x00, 0xFF, 0xFF, 0x00, 0xFF, 0xFF, 0x00, 0xFF, 0xFF, 0x00, 0xFF, 0xFF, 0x00,
  0xFF, 0xFF, 0x00, 0x42, 0x8A, 0xC9, 0x74, 0x12, 0xFF, 0xCF, 0x1F, 0xFF, 0xC6, 0xBF, 0xFF, 0xDF, 0x5F, 0xFF,
  0xFF, 0xFF, 0xFF, 0xFF, 0xFF, 0xFF, 0xFF, 0xFF, 0xFF, 0xE7, 0x7F, 0xFF, 0xC6, 0xBF, 0xFF, 0xC6, 0xDF, 0xFF,
  0xC6, 0xDF, 0xFF, 0xC6, 0xDF, 0xFF, 0xC6, 0xDF, 0xFF, 0xC6, 0xDF, 0xFF, 0xC6, 0xDF, 0xFF, 0xC6, 0xDF, 0xFF,
  0xC6, 0xDF, 0xFF, 0xC6, 0xDF, 0xFF, 0xC6, 0xDF, 0xFF, 0xC6, 0xDF, 0xFF, 0xC6, 0xDF, 0xFF, 0xC6, 0xDF, 0xFF,
  0xC6, 0xDF, 0xFF, 0xC6, 0xDF, 0xFF, 0xC6, 0xDF, 0xFF, 0xC6, 0xDF, 0xFF, 0xC6, 0xDF, 0xFF, 0xC6, 0xDF, 0xFF,
  0xC6, 0xDF, 0xFF, 0xC6, 0xDF, 0xFF, 0xC6, 0xDF, 0xFF, 0xC6, 0xDF, 0xFF, 0xC6, 0xDF, 0xFF, 0xCF, 0x1F, 0xFF,
  0x95, 0x58, 0xFF, 0x21, 0x87, 0xFF, 0xA4, 0x27, 0xFF, 0xE5, 0x68, 0xFF, 0xDD, 0x48, 0xFF, 0xE5, 0x68, 0xFF,
  0x93, 0xA6, 0xFF, 0x6B, 0xAF, 0xA1, 0xFF, 0xFF, 0x00, 0xFF, 0xFF, 0x00, 0xFF, 0xFF, 0x00, 0xAD, 0x55, 0x52,
  0x5A, 0xCB, 0x9D, 0x63, 0x0C, 0x99, 0x63, 0x2C, 0x98, 0x63, 0x2C, 0x96, 0x63, 0x2C, 0x93, 0x9C, 0xD3, 0x60,
  0xFF, 0xFF, 0x00, 0xFF, 0xFF, 0x00, 0xFF, 0xFF, 0x00, 0xFF, 0xFF, 0x00, 0xFF, 0xFF, 0x00, 0xFF, 0xFF, 0x00,
  0xD6, 0xBA, 0x2E, 0x29, 0xC8, 0xFD, 0xB6, 0x3C, 0xFF, 0xC6, 0xDF, 0xFF, 0xD7, 0x1F, 0xFF, 0xFF, 0xFF, 0xFF,
  0xFF, 0xFF, 0xFF, 0xFF, 0xFF, 0xFF, 0xDF, 0x5F, 0xFF, 0xC6, 0xDF, 0xFF, 0xC6, 0xDF, 0xFF, 0xC6, 0xDF, 0xFF,
  0xC6, 0xDF, 0xFF, 0xC6, 0xDF, 0xFF, 0xC6, 0xDF, 0xFF, 0xC6, 0xDF, 0xFF, 0xC6, 0xDF, 0xFF, 0xC6, 0xDF, 0xFF,
  0xC6, 0xDF, 0xFF, 0xC6, 0xDF, 0xFF, 0xC6, 0xDF, 0xFF, 0xC6, 0xDF, 0xFF, 0xC6, 0xDF, 0xFF, 0xC6, 0xDF, 0xFF,
  0xC6, 0xDF, 0xFF, 0xC6, 0xDF, 0xFF, 0xC6, 0xDF, 0xFF, 0xC6, 0xDF, 0xFF, 0xC6, 0xDF, 0xFF, 0xC6, 0xDF, 0xFF,
  0xC6, 0xDF, 0xFF, 0xC6, 0xDF, 0xFF, 0xC6, 0xDF, 0xFF, 0xC6, 0xDF, 0xFF, 0xC6, 0xDF, 0xFF, 0xC6, 0xDF, 0xFF,
  0xCF, 0x1F, 0xFF, 0x74, 0x34, 0xFF, 0x39, 0xE5, 0xFF, 0xD5, 0x28, 0xFF, 0xDD, 0x48, 0xFF, 0xE5, 0x68, 0xFF,
  0x7B, 0x46, 0xFF, 0x7C, 0x52, 0x86, 0xFF, 0xFF, 0x00, 0xFF, 0xFF, 0x00, 0xFF, 0xFF, 0x01, 0xFF, 0xFF, 0x00,
  0xFF, 0xFF, 0x00, 0xFF, 0xFF, 0x00, 0xFF, 0xFF, 0x00, 0xFF, 0xFF, 0x00, 0xFF, 0xFF, 0x00, 0xFF, 0xFF, 0x00,
  0xFF, 0xFF, 0x00, 0xFF, 0xFF, 0x00, 0xFF, 0xFF, 0x00, 0xFF, 0xFF, 0x00, 0xFF, 0xFF, 0x00, 0xFF, 0xFF, 0x00,
  0xA5, 0x75, 0x5D, 0x3A, 0x6B, 0xFF, 0xC6, 0xDF, 0xFF, 0xC6, 0xDF, 0xFF, 0xEF, 0x9F, 0xFF, 0xFF, 0xFF, 0xFF,
  0xFF, 0xFF, 0xFF, 0xDF, 0x3F, 0xFF, 0xC6, 0xBF, 0xFF, 0xC6, 0xDF, 0xFF, 0xC6, 0xDF, 0xFF, 0xC6, 0xDF, 0xFF,
  0xC6, 0xDF, 0xFF, 0xC6, 0xDF, 0xFF, 0xC6, 0xDF, 0xFF, 0xC6, 0xDF, 0xFF, 0xC6, 0xDF, 0xFF, 0xC6, 0xDF, 0xFF,
  0xC6, 0xDF, 0xFF, 0xC6, 0xDF, 0xFF, 0xC6, 0xDF, 0xFF, 0xC6, 0xDF, 0xFF, 0xC6, 0xDF, 0xFF, 0xC6, 0xDF, 0xFF,
  0xC6, 0xDF, 0xFF, 0xC6, 0xDF, 0xFF, 0xC6, 0xDF, 0xFF, 0xC6, 0xDF, 0xFF, 0xC6, 0xDF, 0xFF, 0xC6, 0xDF, 0xFF,
  0xC6, 0xDF, 0xFF, 0xC6, 0xDF, 0xFF, 0xC6, 0xDF, 0xFF, 0xC6, 0xDF, 0xFF, 0xC6, 0xDF, 0xFF, 0xC6, 0xDF, 0xFF,
  0xC6, 0xDF, 0xFF, 0xC6, 0x9E, 0xFF, 0x32, 0x0A, 0xFF, 0x93, 0xC6, 0xFF, 0xE5, 0x68, 0xFF, 0xE5, 0x68, 0xFF,
  0x52, 0x86, 0xFF, 0xAD, 0x97, 0x55, 0xFF, 0xFF, 0x00, 0xFF, 0xFF, 0x00, 0xFF, 0xFF, 0x00, 0xFF, 0xFF, 0x00,
  0xFF, 0xFF, 0x00, 0xFF, 0xFF, 0x00, 0xFF, 0xFF, 0x00, 0xFF, 0xFF, 0x00, 0xFF, 0xFF, 0x00, 0xFF, 0xFF, 0x00,
  0xFF, 0xFF, 0x00, 0xFF, 0xFF, 0x00, 0xFF, 0xFF, 0x00, 0xFF, 0xFF, 0x00, 0xFF, 0xFF, 0x00, 0xFF, 0xFF, 0x00,
  0x94, 0xB3, 0x75, 0x4A, 0xED, 0xFF, 0xCE, 0xFF, 0xFF, 0xCE, 0xDF, 0xFF, 0xFF, 0xDF, 0xFF, 0xFF, 0xFF, 0xFF,
  0xF7, 0xBF, 0xFF, 0xC6, 0xBF, 0xFF, 0xC6, 0xDF, 0xFF, 0xC6, 0xDF, 0xFF, 0xC6, 0xDF, 0xFF, 0xC6, 0xDF, 0xFF,
  0xC6, 0xDF, 0xFF, 0xC6, 0xDF, 0xFF, 0xC6, 0xDF, 0xFF, 0xC6, 0xDF, 0xFF, 0xC6, 0xDF, 0xFF, 0xC6, 0xDF, 0xFF,
  0xC6, 0xDF, 0xFF, 0xC6, 0xDF, 0xFF, 0xC6, 0xDF, 0xFF, 0xC6, 0xDF, 0xFF, 0xC6, 0xDF, 0xFF, 0xC6, 0xDF, 0xFF,
  0xC6, 0xDF, 0xFF, 0xC6, 0xDF, 0xFF, 0xC6, 0xDF, 0xFF, 0xC6, 0xDF, 0xFF, 0xC6, 0xDF, 0xFF, 0xC6, 0xDF, 0xFF,
  0xC6, 0xDF, 0xFF, 0xC6, 0xDF, 0xFF, 0xC6, 0xDF, 0xFF, 0xC6, 0xDF, 0xFF, 0xC6, 0xDF, 0xFF, 0xC6, 0xDF, 0xFF,
  0xC6, 0xDF, 0xFF, 0xCF, 0x1F, 0xFF, 0x6B, 0xF2, 0xFF, 0x52, 0x65, 0xFF, 0xE5, 0x68, 0xFF, 0xCC, 0xE7, 0xFF,
  0x3A, 0x27, 0xF2, 0xE7, 0x3D, 0x1A, 0xFF, 0xFF, 0x00, 0xFF, 0xFF, 0x00, 0xFF, 0xFF, 0x00, 0xFF, 0xFF, 0x00,
  0xFF, 0xFF, 0x00, 0xFF, 0xFF, 0x00, 0xFF, 0xFF, 0x00, 0xFF, 0xFF, 0x00, 0xFF, 0xFF, 0x00, 0xFF, 0xFF, 0x00,
  0xFF, 0xFF, 0x00, 0xFF, 0xFF, 0x00, 0xFF, 0xFF, 0x00, 0xFF, 0xFF, 0x00, 0xFF, 0xFF, 0x00, 0xFF, 0xFF, 0x00,
  0x9D, 0x14, 0x6B, 0x4A, 0xCC, 0xFF, 0xCE, 0xFF, 0xFF, 0xC6, 0xDF, 0xFF, 0xF7, 0xBF, 0xFF, 0xFF, 0xFF, 0xFF,
  0xDF, 0x5F, 0xFF, 0xC6, 0xBF, 0xFF, 0xC6, 0xDF, 0xFF, 0xC6, 0xDF, 0xFF, 0xC6, 0xDF, 0xFF, 0xC6, 0xDF, 0xFF,
  0xC6, 0xDF, 0xFF, 0xC6, 0xDF, 0xFF, 0xC6, 0xDF, 0xFF, 0xC6, 0xDF, 0xFF, 0xC6, 0xDF, 0xFF, 0xC6, 0xDF, 0xFF,
  0xC6, 0xDF, 0xFF, 0xC6, 0xDF, 0xFF, 0xC6, 0xDF, 0xFF, 0xC6, 0xDF, 0xFF, 0xC6, 0xDF, 0xFF, 0xC6, 0xDF, 0xFF,
  0xC6, 0xDF, 0xFF, 0xC6, 0xDF, 0xFF, 0xC6, 0xDF, 0xFF, 0xC6, 0xDF, 0xFF, 0xC6, 0xDF, 0xFF, 0xC6, 0xDF, 0xFF,
  0xC6, 0xDF, 0xFF, 0xC6, 0xDF, 0xFF, 0xC6, 0xDF, 0xFF, 0xC6, 0xDF, 0xFF, 0xC6, 0xDF, 0xFF, 0xC6, 0xDF, 0xFF,
  0xC6, 0xDF, 0xFF, 0xCE, 0xFF, 0xFF, 0x9D, 0x79, 0xFF, 0x31, 0xC6, 0xFF, 0xDD, 0x27, 0xFF, 0x83, 0x66, 0xFF,
  0x63, 0x8F, 0xA7, 0xFF, 0xFF, 0x00, 0xFF, 0xFF, 0x00, 0xFF, 0xFF, 0x00, 0xFF, 0xFF, 0x00, 0xFF, 0xFF, 0x00,
  0xFF, 0xFF, 0x00, 0xFF, 0xFF, 0x00, 0xFF, 0xFF, 0x00, 0xFF, 0xFF, 0x00, 0xFF, 0xFF, 0x00, 0xFF, 0xFF, 0x00,
  0xFF, 0xFF, 0x00, 0xFF, 0xFF, 0x00, 0xFF, 0xFF, 0x00, 0xFF, 0xFF, 0x00, 0xCE, 0x9A, 0x32, 0x9D, 0x14, 0x66,
  0x52, 0xEB, 0xB3, 0x32, 0x29, 0xFF, 0xC6, 0xBF, 0xFF, 0xC6, 0xDF, 0xFF, 0xCE, 0xDF, 0xFF, 0xD7, 0x1F, 0xFF,
  0xC6, 0xDF, 0xFF, 0xC6, 0xDF, 0xFF, 0xC6, 0xDF, 0xFF, 0xC6, 0xDF, 0xFF, 0xC6, 0xDF, 0xFF, 0xC6, 0xDF, 0xFF,
  0xC6, 0xDF, 0xFF, 0xC6, 0xDF, 0xFF, 0xC6, 0xDF, 0xFF, 0xC6, 0xDF, 0xFF, 0xC6, 0xDF, 0xFF, 0xC6, 0xDF, 0xFF,
  0xC6, 0xDF, 0xFF, 0xC6, 0xDF, 0xFF, 0xC6, 0xDF, 0xFF, 0xC6, 0xDF, 0xFF, 0xC6, 0xDF, 0xFF, 0xC6, 0xDF, 0xFF,
  0xC6, 0xDF, 0xFF, 0xC6, 0xDF, 0xFF, 0xC6, 0xDF, 0xFF, 0xC6, 0xDF, 0xFF, 0xC6, 0xDF, 0xFF, 0xC6, 0xDF, 0xFF,
  0xC6, 0xDF, 0xFF, 0xC6, 0xDF, 0xFF, 0xC6, 0xDF, 0xFF, 0xC6, 0xDF, 0xFF, 0xC6, 0xDF, 0xFF, 0xC6, 0xDF, 0xFF,
  0xC6, 0xDF, 0xFF, 0xCE, 0xDF, 0xFF, 0xB6, 0x3C, 0xFF, 0x31, 0xE7, 0xFF, 0xAC, 0x47, 0xFF, 0x3A, 0x06, 0xFC,
  0xCE, 0x9A, 0x34, 0xFF, 0xFF, 0x00, 0xFF, 0xFF, 0x00, 0xFF, 0xFF, 0x00, 0xFF, 0xFF, 0x00, 0xFF, 0xFF, 0x00,
  0xFF, 0xFF, 0x00, 0xFF, 0xFF, 0x00, 0xFF, 0xFF, 0x00, 0xFF, 0xFF, 0x00, 0xFF, 0xFF, 0x00, 0xFF, 0xFF, 0x00,
  0xFF, 0xFF, 0x00, 0xFF, 0xFF, 0x00, 0xDE, 0xDB, 0x29, 0x52, 0xEC, 0xB6, 0x29, 0xC7, 0xFE, 0x42, 0x8C, 0xFF,
  0x53, 0x2E, 0xFF, 0x6B, 0xF2, 0xFF, 0xC6, 0xBF, 0xFF, 0xC6, 0xDF, 0xFF, 0xC6, 0xBF, 0xFF, 0xC6, 0xBF, 0xFF,
  0xC6, 0xDF, 0xFF, 0xC6, 0xDF, 0xFF, 0xC6, 0xDF, 0xFF, 0xC6, 0xDF, 0xFF, 0xC6, 0xDF, 0xFF, 0xC6, 0xDF, 0xFF,
  0xC6, 0xDF, 0xFF, 0xC6, 0xDF, 0xFF, 0xCE, 0xFF, 0xFF, 0xBE, 0x7E, 0xFF, 0xC6, 0x9E, 0xFF, 0xCE, 0xDF, 0xFF,
  0xC6, 0xDF, 0xFF, 0xC6, 0xDF, 0xFF, 0xC6, 0xDF, 0xFF, 0xC6, 0xDF, 0xFF, 0xC6, 0xBF, 0xFF, 0xBE, 0x7D, 0xFF,
  0xCE, 0xFF, 0xFF, 0xC6, 0xDF, 0xFF, 0xC6, 0xDF, 0xFF, 0xC6, 0xDF, 0xFF, 0xC6, 0xDF, 0xFF, 0xC6, 0xDF, 0xFF,
  0xC6, 0xDF, 0xFF, 0xC6, 0xDF, 0xFF, 0xC6, 0xDF, 0xFF, 0xC6, 0xDF, 0xFF, 0xC6, 0xDF, 0xFF, 0xC6, 0xDF, 0xFF,
  0xC6, 0xDF, 0xFF, 0xC6, 0xDF, 0xFF, 0xBE, 0x7E, 0xFF, 0x32, 0x29, 0xFF, 0x3A, 0x05, 0xFF, 0x7C, 0x31, 0x91,
  0xFF, 0xFF, 0x00, 0xFF, 0xFF, 0x00, 0xFF, 0xFF, 0x00, 0xFF, 0xFF, 0x00, 0xFF, 0xFF, 0x00, 0xFF, 0xFF, 0x00,
  0xFF, 0xFF, 0x00, 0xFF, 0xFF, 0x00, 0xFF, 0xFF, 0x00, 0xFF, 0xFF, 0x00, 0xFF, 0xFF, 0x00, 0xFF, 0xFF, 0x00,
  0xFF, 0xFF, 0x00, 0xC6, 0x59, 0x3D, 0x21, 0xA7, 0xEC, 0x53, 0x2E, 0xFF, 0xB6, 0x3C, 0xFF, 0xCE, 0xFF, 0xFF,
  0xCE, 0xFF, 0xFF, 0xCE, 0xFF, 0xFF, 0xC6, 0xDF, 0xFF, 0xCE, 0xFF, 0xFF, 0xC6, 0xDF, 0xFF, 0xC6, 0xDF, 0xFF,
  0xC6, 0xDF, 0xFF, 0xC6, 0xDF, 0xFF, 0xC6, 0xDF, 0xFF, 0xC6, 0xDF, 0xFF, 0xC6, 0xDF, 0xFF, 0xC6, 0xDF, 0xFF,
  0xC6, 0xDF, 0xFF, 0xCE, 0xFF, 0xFF, 0x95, 0x38, 0xFF, 0x29, 0x87, 0xFF, 0x3A, 0x09, 0xFF, 0xB6, 0x3C, 0xFF,
  0xCE, 0xDF, 0xFF, 0xC6, 0xDF, 0xFF, 0xC6, 0xDF, 0xFF, 0xBE, 0x5D, 0xFF, 0x3A, 0x2A, 0xFF, 0x29, 0x87, 0xFF,
  0x8C, 0xF6, 0xFF, 0xCE, 0xFF, 0xFF, 0xC6, 0xDF, 0xFF, 0xC6, 0xDF, 0xFF, 0xC6, 0xDF, 0xFF, 0xC6, 0xDF, 0xFF,
  0xC6, 0xDF, 0xFF, 0xC6, 0xDF, 0xFF, 0xC6, 0xDF, 0xFF, 0xC6, 0xDF, 0xFF, 0xC6, 0xDF, 0xFF, 0xC6, 0xDF, 0xFF,
  0xC6, 0xDF, 0xFF, 0xC6, 0xDF, 0xFF, 0xBE, 0x7D, 0xFF, 0x21, 0xA7, 0xFF, 0x21, 0xA7, 0xEB, 0xDE, 0xFB, 0x25,
  0xFF, 0xFF, 0x00, 0xFF, 0xFF, 0x00, 0xFF, 0xFF, 0x00, 0xFF, 0xFF, 0x00, 0xFF, 0xFF, 0x00, 0xFF, 0xFF, 0x00,
  0xFF, 0xFF, 0x00, 0xFF, 0xFF, 0x00, 0xFF, 0xFF, 0x00, 0xFF, 0xFF, 0x00, 0xFF, 0xFF, 0x00, 0xFF, 0xFF, 0x00,
  0xE7, 0x3C, 0x1B, 0x29, 0xC7, 0xE8, 0x6C, 0x12, 0xFF, 0xCF, 0x1F, 0xFF, 0xCE, 0xFF, 0xFF, 0xC6, 0xDF, 0xFF,
  0xC6, 0xDF, 0xFF, 0xC6, 0xBF, 0xFF, 0xCE, 0xFF, 0xFF, 0xFF, 0xDF, 0xFF, 0xCE, 0xFF, 0xFF, 0xC6, 0xBF, 0xFF,
  0xC6, 0xDF, 0xFF, 0xC6, 0xDF, 0xFF, 0xC6, 0xDF, 0xFF, 0xC6, 0xDF, 0xFF, 0xC6, 0xDF, 0xFF, 0xC6, 0xDF, 0xFF,
  0xC6, 0xDF, 0xFF, 0xCE, 0xFF, 0xFF, 0x7C, 0x54, 0xFF, 0x9D, 0x58, 0xFF, 0x84, 0x95, 0xFF, 0xA5, 0x99, 0xFF,
  0xCE, 0xFF, 0xFF, 0xC6, 0xDF, 0xFF, 0xCE, 0xFF, 0xFF, 0xAD, 0xDA, 0xFF, 0x84, 0x74, 0xFF, 0xA5, 0x9A, 0xFF,
  0x74, 0x13, 0xFF, 0xCE, 0xFF, 0xFF, 0xC6, 0xDF, 0xFF, 0xC6, 0xDF, 0xFF, 0xC6, 0xDF, 0xFF, 0xC6, 0xDF, 0xFF,
  0xC6, 0xDF, 0xFF, 0xC6, 0xDF, 0xFF, 0xC6, 0xDF, 0xFF, 0xC6, 0xDF, 0xFF, 0xC6, 0xDF, 0xFF, 0xC6, 0xDF, 0xFF,
  0xC6, 0xDF, 0xFF, 0xC6, 0xDF, 0xFF, 0xBE, 0x9E, 0xFF, 0x5B, 0x6F, 0xFF, 0x3A, 0x4A, 0xFE, 0x31, 0xE8, 0xE5,
  0x94, 0xB3, 0x77, 0xFF, 0xFF, 0x00, 0xFF, 0xFF, 0x00, 0xFF, 0xFF, 0x00, 0xFF, 0xFF, 0x00, 0xFF, 0xFF, 0x00,
  0xFF, 0xFF, 0x00, 0xFF, 0xFF, 0x00, 0xFF, 0xFF, 0x00, 0xFF, 0xFF, 0x00, 0xFF, 0xFF, 0x00, 0xFF, 0xFF, 0x00,
  0x7C, 0x10, 0x8F, 0x42, 0xAC, 0xFF, 0xCE, 0xFF, 0xFF, 0xC6, 0xDF, 0xFF, 0xC6, 0xDF, 0xFF, 0xC6, 0xDF, 0xFF,
  0xC6, 0xDF, 0xFF, 0xC6, 0xDF, 0xFF, 0xC6, 0xDF, 0xFF, 0xCE, 0xFF, 0xFF, 0xC6, 0xDF, 0xFF, 0xC6, 0xDF, 0xFF,
  0xC6, 0xDF, 0xFF, 0xC6, 0xDF, 0xFF, 0xC6, 0xDF, 0xFF, 0xC6, 0xDF, 0xFF, 0xC6, 0xDF, 0xFF, 0xC6, 0xBF, 0xFF,
  0xC6, 0xBF, 0xFF, 0xC6, 0xDF, 0xFF, 0xCE, 0xFF, 0xFF, 0xCE, 0xFF, 0xFF, 0xCE, 0xFF, 0xFF, 0xCE, 0xDF, 0xFF,
  0xC6, 0xDF, 0xFF, 0xC6, 0xDF, 0xFF, 0xC6, 0xDF, 0xFF, 0xC6, 0xDF, 0xFF, 0xCE, 0xFF, 0xFF, 0xCE, 0xFF, 0xFF,
  0xCE, 0xFF, 0xFF, 0xC6, 0xDF, 0xFF, 0xC6, 0xDF, 0xFF, 0xC6, 0x9F, 0xFF, 0xC6, 0xDF, 0xFF, 0xC6, 0xDF, 0xFF,
  0xC6, 0xDF, 0xFF, 0xC6, 0xDF, 0xFF, 0xC6, 0xDF, 0xFF, 0xC6, 0xDF, 0xFF, 0xC6, 0xDF, 0xFF, 0xC6, 0xDF, 0xFF,
  0xC6, 0xDF, 0xFF, 0xC6, 0xDF, 0xFF, 0xC6, 0xDF, 0xFF, 0xCE, 0xFF, 0xFF, 0xC6, 0xBF, 0xFF, 0x95, 0x37, 0xFF,
  0x29, 0xC8, 0xFF, 0x7C, 0x30, 0x8E, 0xFF, 0xFF, 0x00, 0xFF, 0xFF, 0x00, 0xFF, 0xFF, 0x00, 0xFF, 0xFF, 0x00,
  0xFF, 0xFF, 0x00, 0xFF, 0xFF, 0x00, 0xFF, 0xFF, 0x00, 0xFF, 0xFF, 0x00, 0xFF, 0xFF, 0x00, 0xFF, 0xFF, 0x00,
  0x3A, 0x49, 0xD5, 0x8C, 0xF7, 0xFF, 0xCF, 0x1F, 0xFF, 0xC6, 0xDF, 0xFF, 0xC6, 0xDF, 0xFF, 0xC6, 0xDF, 0xFF,
  0xC6, 0xDF, 0xFF, 0xC6, 0xDF, 0xFF, 0xC6, 0xDF, 0xFF, 0xC6, 0xBF, 0xFF, 0xC6, 0xDF, 0xFF, 0xC6, 0xDF, 0xFF,
  0xC6, 0xDF, 0xFF, 0xC6, 0xDF, 0xFF, 0xC6, 0xDF, 0xFF, 0xC6, 0xDF, 0xFF, 0xCE, 0x3D, 0xFF, 0xE4, 0xD8, 0xFF,
  0xDD, 0x7A, 0xFF, 0xC6, 0xDF, 0xFF, 0xC6, 0xDF, 0xFF, 0xC6, 0xDF, 0xFF, 0xC6, 0xDF, 0xFF, 0xCE, 0xFF, 0xFF,
  0xC6, 0xDF, 0xFF, 0xC6, 0xDF, 0xFF, 0xC6, 0xDF, 0xFF, 0xCE, 0xFF, 0xFF, 0xC6, 0xDF, 0xFF, 0xC6, 0xDF, 0xFF,
  0xC6, 0xDF, 0xFF, 0xC6, 0xDF, 0xFF, 0xDD, 0x9B, 0xFF, 0xE4, 0xD8, 0xFF, 0xD5, 0xFC, 0xFF, 0xC6, 0xDF, 0xFF,
  0xC6, 0xDF, 0xFF, 0xC6, 0xDF, 0xFF, 0xC6, 0xDF, 0xFF, 0xC6, 0xDF, 0xFF, 0xC6, 0xDF, 0xFF, 0xC6, 0xDF, 0xFF,
  0xC6, 0xDF, 0xFF, 0xC6, 0xDF, 0xFF, 0xC6, 0xDF, 0xFF, 0xC6, 0xDF, 0xFF, 0xC6, 0xDF, 0xFF, 0xD7, 0x1F, 0xFF,
  0xA5, 0xBA, 0xFF, 0x21, 0x87, 0xFF, 0xC6, 0x38, 0x40, 0xFF, 0xFF, 0x00, 0xFF, 0xFF, 0x00, 0xFF, 0xFF, 0x00,
  0xFF, 0xFF, 0x00, 0xFF, 0xFF, 0x00, 0xFF, 0xFF, 0x00, 0xFF, 0xFF, 0x00, 0xFF, 0xFF, 0x00, 0xFF, 0xFF, 0x00,
  0x21, 0xA7, 0xF8, 0xAD, 0xDB, 0xFF, 0xCE, 0xFF, 0xFF, 0xC6, 0xDF, 0xFF, 0xC6, 0xDF, 0xFF, 0xC6, 0xDF, 0xFF,
  0xC6, 0xDF, 0xFF, 0xC6, 0xDF, 0xFF, 0xC6, 0xDF, 0xFF, 0xC6, 0xDF, 0xFF, 0xC6, 0xDF, 0xFF, 0xC6, 0xDF, 0xFF,
  0xC6, 0xDF, 0xFF, 0xC6, 0xDF, 0xFF, 0xC6, 0xDF, 0xFF, 0xC6, 0xDF, 0xFF, 0xD5, 0xFC, 0xFF, 0xE4, 0xB7, 0xFF,
  0xDD, 0x5A, 0xFF, 0xC6, 0xDF, 0xFF, 0xC6, 0xDF, 0xFF, 0xC6, 0xDF, 0xFF, 0xC6, 0xDF, 0xFF, 0xA5, 0xBA, 0xFF,
  0xBE, 0x9E, 0xFF, 0xD7, 0x3F, 0xFF, 0xBE, 0x9E, 0xFF, 0x9D, 0x58, 0xFF, 0xC6, 0xDF, 0xFF, 0xC6, 0xDF, 0xFF,
  0xC6, 0xDF, 0xFF, 0xC6, 0xDF, 0xFF, 0xDD, 0x5A, 0xFF, 0xE4, 0xB7, 0xFF, 0xD5, 0xFC, 0xFF, 0xC6, 0xDF, 0xFF,
  0xC6, 0xDF, 0xFF, 0xC6, 0xDF, 0xFF, 0xC6, 0xDF, 0xFF, 0xC6, 0xDF, 0xFF, 0xC6, 0xDF, 0xFF, 0xC6, 0xDF, 0xFF,
  0xC6, 0xDF, 0xFF, 0xC6, 0xDF, 0xFF, 0xC6, 0xDF, 0xFF, 0xC6, 0xDF, 0xFF, 0xC6, 0xDF, 0xFF, 0xC6, 0xDF, 0xFF,
  0xBE, 0xBF, 0xFF, 0x53, 0x50, 0xFF, 0x63, 0x6D, 0xA8, 0xFF, 0xFF, 0x00, 0xFF, 0xFF, 0x00, 0xFF, 0xFF, 0x00,
  0xFF, 0xFF, 0x00, 0xFF, 0xFF, 0x00, 0xFF, 0xFF, 0x00, 0xFF, 0xFF, 0x00, 0xFF, 0xFF, 0x00, 0xFF, 0xFF, 0x00,
  0x29, 0xC7, 0xF1, 0xA5, 0xDA, 0xFF, 0xCE, 0xFF, 0xFF, 0xC6, 0xDF, 0xFF, 0xC6, 0xDF, 0xFF, 0xC6, 0xDF, 0xFF,
  0xC6, 0xDF, 0xFF, 0xC6, 0xDF, 0xFF, 0xC6, 0xDF, 0xFF, 0xC6, 0xDF, 0xFF, 0xC6, 0xDF, 0xFF, 0xC6, 0xDF, 0xFF,
  0xC6, 0xDF, 0xFF, 0xC6, 0xDF, 0xFF, 0xC6, 0xDF, 0xFF, 0xC6, 0xDF, 0xFF, 0xC6, 0xDF, 0xFF, 0xCE, 0x7E, 0xFF,
  0xC6, 0xBF, 0xFF, 0xC6, 0xDF, 0xFF, 0xC6, 0xDF, 0xFF, 0xC6, 0xDF, 0xFF, 0xCE, 0xFF, 0xFF, 0x3A, 0x09, 0xFF,
  0x21, 0x25, 0xFF, 0x6B, 0xB0, 0xFF, 0x21, 0x25, 0xFF, 0x31, 0xA7, 0xFF, 0xCE, 0xFF, 0xFF, 0xC6, 0xDF, 0xFF,
  0xC6, 0xDF, 0xFF, 0xC6, 0xDF, 0xFF, 0xC6, 0xBF, 0xFF, 0xCE, 0x7E, 0xFF, 0xC6, 0xDF, 0xFF, 0xC6, 0xDF, 0xFF,
  0xC6, 0xDF, 0xFF, 0xC6, 0xDF, 0xFF, 0xC6, 0xDF, 0xFF, 0xC6, 0xDF, 0xFF, 0xC6, 0xDF, 0xFF, 0xC6, 0xDF, 0xFF,
  0xC6, 0xDF, 0xFF, 0xC6, 0xDF, 0xFF, 0xC6, 0xDF, 0xFF, 0xC6, 0xDF, 0xFF, 0xC6, 0xDF, 0xFF, 0xC6, 0xDF, 0xFF,
  0xB6, 0x7F, 0xFF, 0x84, 0xD7, 0xFF, 0x3A, 0x29, 0xE0, 0xF7, 0xBE, 0x09, 0xFF, 0xFF, 0x00, 0xFF, 0xFF, 0x00,
  0xFF, 0xFF, 0x00, 0xFF, 0xFF, 0x00, 0xFF, 0xFF, 0x00, 0xFF, 0xFF, 0x00, 0xFF, 0xFF, 0x00, 0xFF, 0xFF, 0x00,
  0x42, 0x8A, 0xCF, 0x8C, 0xD6, 0xFF, 0xCF, 0x1F, 0xFF, 0xC6, 0xDF, 0xFF, 0xC6, 0xDF, 0xFF, 0xC6, 0xDF, 0xFF,
  0xC6, 0xDF, 0xFF, 0xC6, 0xDF, 0xFF, 0xC6, 0xDF, 0xFF, 0xC6, 0xDF, 0xFF, 0xC6, 0xDF, 0xFF, 0xC6, 0xDF, 0xFF,
  0xC6, 0xDF, 0xFF, 0xC6, 0xDF, 0xFF, 0xC6, 0xDF, 0xFF, 0xC6, 0xDF, 0xFF, 0xC6, 0xDF, 0xFF, 0xC6, 0xDF, 0xFF,
  0xC6, 0xDF, 0xFF, 0xC6, 0xDF, 0xFF, 0xC6, 0xDF, 0xFF, 0xC6, 0xDF, 0xFF, 0xCE, 0xDF, 0xFF, 0xB6, 0x3C, 0xFF,
  0x52, 0xED, 0xFF, 0x29, 0x87, 0xFF, 0x52, 0xED, 0xFF, 0xB6, 0x3C, 0xFF, 0xCE, 0xDF, 0xFF, 0xC6, 0xDF, 0xFF,
  0xC6, 0xDF, 0xFF, 0xC6, 0xDF, 0xFF, 0xC6, 0xDF, 0xFF, 0xC6, 0xDF, 0xFF, 0xC6, 0xDF, 0xFF, 0xC6, 0xDF, 0xFF,
  0xC6, 0xDF, 0xFF, 0xC6, 0xDF, 0xFF, 0xC6, 0xDF, 0xFF, 0xC6, 0xDF, 0xFF, 0xC6, 0xDF, 0xFF, 0xC6, 0xDF, 0xFF,
  0xC6, 0xDF, 0xFF, 0xC6, 0xDF, 0xFF, 0xC6, 0xDF, 0xFF, 0xC6, 0xDF, 0xFF, 0xC6, 0xDF, 0xFF, 0xC6, 0xBF, 0xFF,
  0xAE, 0x3E, 0xFF, 0x95, 0x7A, 0xFF, 0x29, 0xE8, 0xF4, 0xE7, 0x3C, 0x1D, 0xFF, 0xFF, 0x00, 0xFF, 0xFF, 0x00,
  0xFF, 0xFF, 0x00, 0xFF, 0xFF, 0x00, 0xFF, 0xFF, 0x00, 0xFF, 0xFF, 0x00, 0xFF, 0xFF, 0x00, 0xFF, 0xFF, 0x00,
  0x7C, 0x30, 0x8D, 0x4A, 0xCD, 0xFF, 0xCF, 0x1F, 0xFF, 0xC6, 0xDF, 0xFF, 0xC6, 0xDF, 0xFF, 0xC6, 0xDF, 0xFF,
  0xC6, 0xDF, 0xFF, 0xC6, 0xDF, 0xFF, 0xC6, 0xDF, 0xFF, 0xC6, 0xDF, 0xFF, 0xC6, 0xDF, 0xFF, 0xC6, 0xDF, 0xFF,
  0xC6, 0xDF, 0xFF, 0xC6, 0xDF, 0xFF, 0xC6, 0xDF, 0xFF, 0xC6, 0xDF, 0xFF, 0xC6, 0xDF, 0xFF, 0xC6, 0xDF, 0xFF,
  0xC6, 0xDF, 0xFF, 0xC6, 0xDF, 0xFF, 0xC6, 0xDF, 0xFF, 0xC6, 0xDF, 0xFF, 0xC6, 0xDF, 0xFF, 0xCE, 0xDF, 0xFF,
  0xCF, 0x1F, 0xFF, 0xCE, 0xFF, 0xFF, 0xCF, 0x1F, 0xFF, 0xCE, 0xFF, 0xFF, 0xC6, 0xDF, 0xFF, 0xC6, 0xDF, 0xFF,
  0xC6, 0xDF, 0xFF, 0xC6, 0xDF, 0xFF, 0xC6, 0xDF, 0xFF, 0xC6, 0xDF, 0xFF, 0xC6, 0xDF, 0xFF, 0xC6, 0xDF, 0xFF,
  0xC6, 0xDF, 0xFF, 0xC6, 0xDF, 0xFF, 0xC6, 0xDF, 0xFF, 0xC6, 0xDF, 0xFF, 0xC6, 0xDF, 0xFF, 0xC6, 0xDF, 0xFF,
  0xC6, 0xDF, 0xFF, 0xC6, 0xDF, 0xFF, 0xC6, 0xDF, 0xFF, 0xC6, 0xDF, 0xFF, 0xC6, 0xDF, 0xFF, 0xB6, 0x7E, 0xFF,
  0xAE, 0x3E, 0xFF, 0x95, 0x9A, 0xFF, 0x29, 0xE8, 0xF7, 0xDF, 0x1C, 0x21, 0xFF, 0xFF, 0x00, 0xFF, 0xFF, 0x00,
  0xFF, 0xFF, 0x00, 0xFF, 0xFF, 0x00, 0xFF, 0xFF, 0x00, 0xFF, 0xFF, 0x00, 0xFF, 0xFF, 0x00, 0xFF, 0xFF, 0x00,
  0xDF, 0x1C, 0x22, 0x29, 0xA7, 0xF2, 0x8C, 0xF6, 0xFF, 0xD7, 0x1F, 0xFF, 0xC6, 0xDF, 0xFF, 0xC6, 0xDF, 0xFF,
  0xC6, 0xDF, 0xFF, 0xC6, 0xDF, 0xFF, 0xC6, 0xDF, 0xFF, 0xC6, 0xDF, 0xFF, 0xC6, 0xDF, 0xFF, 0xC6, 0xDF, 0xFF,
  0xC6, 0xDF, 0xFF, 0xC6, 0xDF, 0xFF, 0xC6, 0xDF, 0xFF, 0xC6, 0xDF, 0xFF, 0xC6, 0xDF, 0xFF, 0xC6, 0xDF, 0xFF,
  0xC6, 0xDF, 0xFF, 0xC6, 0xDF, 0xFF, 0xC6, 0xDF, 0xFF, 0xC6, 0xDF, 0xFF, 0xC6, 0xDF, 0xFF, 0xC6, 0xDF, 0xFF,
  0xC6, 0xDF, 0xFF, 0xC6, 0xDF, 0xFF, 0xC6, 0xDF, 0xFF, 0xC6, 0xDF, 0xFF, 0xC6, 0xDF, 0xFF, 0xC6, 0xDF, 0xFF,
  0xC6, 0xDF, 0xFF, 0xC6, 0xDF, 0xFF, 0xC6, 0xDF, 0xFF, 0xC6, 0xDF, 0xFF, 0xC6, 0xDF, 0xFF, 0xC6, 0xDF, 0xFF,
  0xC6, 0xDF, 0xFF, 0xC6, 0xDF, 0xFF, 0xC6, 0xDF, 0xFF, 0xC6, 0xDF, 0xFF, 0xC6, 0xDF, 0xFF, 0xC6, 0xDF, 0xFF,
  0xC6, 0xDF, 0xFF, 0xC6, 0xDF, 0xFF, 0xC6, 0xDF, 0xFF, 0xC6, 0xDF, 0xFF, 0xC6, 0xBF, 0xFF, 0xAE, 0x3E, 0xFF,
  0xAE, 0x3E, 0xFF, 0x8D, 0x39, 0xFF, 0x32, 0x08, 0xED, 0xEF, 0x7D, 0x15, 0xFF, 0xFF, 0x00, 0xFF, 0xFF, 0x00,
  0xFF, 0xFF, 0x00, 0xFF, 0xFF, 0x00, 0xFF, 0xFF, 0x00, 0xFF, 0xFF, 0x00, 0xFF, 0xFF, 0x00, 0xFF, 0xFF, 0x00,
  0xFF, 0xFF, 0x00, 0xA5, 0x75, 0x5E, 0x19, 0x66, 0xFF, 0x8C, 0xD6, 0xFF, 0xCF, 0x1F, 0xFF, 0xCE, 0xFF, 0xFF,
  0xC6, 0xDF, 0xFF, 0xC6, 0xDF, 0xFF, 0xC6, 0xDF, 0xFF, 0xC6, 0xDF, 0xFF, 0xC6, 0xDF, 0xFF, 0xC6, 0xDF, 0xFF,
  0xC6, 0xDF, 0xFF, 0xC6, 0xDF, 0xFF, 0xC6, 0xDF, 0xFF, 0xC6, 0xDF, 0xFF, 0xC6, 0xDF, 0xFF, 0xC6, 0xDF, 0xFF,
  0xC6, 0xDF, 0xFF, 0xC6, 0xDF, 0xFF, 0xC6, 0xDF, 0xFF, 0xC6, 0xDF, 0xFF, 0xC6, 0xDF, 0xFF, 0xC6, 0xDF, 0xFF,
  0xC6, 0xDF, 0xFF, 0xC6, 0xDF, 0xFF, 0xC6, 0xDF, 0xFF, 0xC6, 0xDF, 0xFF, 0xC6, 0xDF, 0xFF, 0xC6, 0xDF, 0xFF,
  0xC6, 0xDF, 0xFF, 0xC6, 0xDF, 0xFF, 0xC6, 0xDF, 0xFF, 0xC6, 0xDF, 0xFF, 0xC6, 0xDF, 0xFF, 0xC6, 0xDF, 0xFF,
  0xC6, 0xDF, 0xFF, 0xC6, 0xDF, 0xFF, 0xC6, 0xDF, 0xFF, 0xC6, 0xDF, 0xFF, 0xC6, 0xDF, 0xFF, 0xC6, 0xDF, 0xFF,
  0xC6, 0xDF, 0xFF, 0xC6, 0xDF, 0xFF, 0xC6, 0xDF, 0xFF, 0xC6, 0xDF, 0xFF, 0xB6, 0x7E, 0xFF, 0xA6, 0x1D, 0xFF,
  0xAE, 0x5F, 0xFF, 0x74, 0x34, 0xFF, 0x42, 0x8A, 0xCE, 0xFF, 0xFF, 0x00, 0xFF, 0xFF, 0x00, 0xFF, 0xFF, 0x00,
  0xFF, 0xFF, 0x00, 0xFF, 0xFF, 0x00, 0xFF, 0xFF, 0x00, 0xFF, 0xFF, 0x00, 0xFF, 0xFF, 0x00, 0xFF, 0xFF, 0x00,
  0xFF, 0xFF, 0x00, 0xFF, 0xFF, 0x00, 0xAD, 0x76, 0x5C, 0x29, 0xA7, 0xED, 0x53, 0x2E, 0xFF, 0xAD, 0xFB, 0xFF,
  0xCE, 0xDF, 0xFF, 0xC6, 0xDF, 0xFF, 0xC6, 0xDF, 0xFF, 0xC6, 0xDF, 0xFF, 0xC6, 0xDF, 0xFF, 0xC6, 0xDF, 0xFF,
  0xC6, 0xDF, 0xFF, 0xC6, 0xDF, 0xFF, 0xC6, 0xDF, 0xFF, 0xC6, 0xDF, 0xFF, 0xC6, 0xDF, 0xFF, 0xC6, 0xDF, 0xFF,
  0xC6, 0xDF, 0xFF, 0xC6, 0xDF, 0xFF, 0xC6, 0xDF, 0xFF, 0xC6, 0xDF, 0xFF, 0xC6, 0xDF, 0xFF, 0xC6, 0xDF, 0xFF,
  0xC6, 0xDF, 0xFF, 0xC6, 0xDF, 0xFF, 0xC6, 0xDF, 0xFF, 0xC6, 0xDF, 0xFF, 0xC6, 0xDF, 0xFF, 0xC6, 0xDF, 0xFF,
  0xC6, 0xDF, 0xFF, 0xC6, 0xDF, 0xFF, 0xC6, 0xDF, 0xFF, 0xC6, 0xDF, 0xFF, 0xC6, 0xDF, 0xFF, 0xC6, 0xDF, 0xFF,
  0xC6, 0xDF, 0xFF, 0xC6, 0xDF, 0xFF, 0xC6, 0xDF, 0xFF, 0xC6, 0xDF, 0xFF, 0xC6, 0xDF, 0xFF, 0xC6, 0xDF, 0xFF,
  0xC6, 0xDF, 0xFF, 0xC6, 0xDF, 0xFF, 0xC6, 0xDF, 0xFF, 0xBE, 0x9E, 0xFF, 0xA6, 0x1D, 0xFF, 0xAE, 0x3E, 0xFF,
  0xAE, 0x3E, 0xFF, 0x32, 0x4A, 0xFF, 0x8C, 0x92, 0x7F, 0xFF, 0xFF, 0x00, 0xFF, 0xFF, 0x00, 0xFF, 0xFF, 0x00,
  0xFF, 0xFF, 0x00, 0xFF, 0xFF, 0x00, 0xFF, 0xFF, 0x00, 0xFF, 0xFF, 0x00, 0xFF, 0xFF, 0x00, 0xFF, 0xFF, 0x00,
  0xFF, 0xFF, 0x00, 0xFF, 0xFF, 0x00, 0xFF, 0xFF, 0x00, 0xD6, 0xBB, 0x2D, 0x19, 0x65, 0xED, 0x6B, 0xF2, 0xFF,
  0xCF, 0x1F, 0xFF, 0xC6, 0xDF, 0xFF, 0xC6, 0xDF, 0xFF, 0xC6, 0xDF, 0xFF, 0xC6, 0xDF, 0xFF, 0xC6, 0xDF, 0xFF,
  0xC6, 0xDF, 0xFF, 0xC6, 0xDF, 0xFF, 0xC6, 0xDF, 0xFF, 0xC6, 0xDF, 0xFF, 0xC6, 0xDF, 0xFF, 0xC6, 0xDF, 0xFF,
  0xC6, 0xDF, 0xFF, 0xC6, 0xDF, 0xFF, 0xC6, 0xDF, 0xFF, 0xC6, 0xDF, 0xFF, 0xC6, 0xDF, 0xFF, 0xC6, 0xDF, 0xFF,
  0xC6, 0xDF, 0xFF, 0xC6, 0xDF, 0xFF, 0xC6, 0xDF, 0xFF, 0xC6, 0xDF, 0xFF, 0xC6, 0xDF, 0xFF, 0xC6, 0xDF, 0xFF,
  0xC6, 0xDF, 0xFF, 0xC6, 0xDF, 0xFF, 0xC6, 0xDF, 0xFF, 0xC6, 0xDF, 0xFF, 0xC6, 0xDF, 0xFF, 0xC6, 0xDF, 0xFF,
  0xC6, 0xDF, 0xFF, 0xC6, 0xDF, 0xFF, 0xC6, 0xDF, 0xFF, 0xC6, 0xDF, 0xFF, 0xC6, 0xDF, 0xFF, 0xC6, 0xDF, 0xFF,
  0xC6, 0xDF, 0xFF, 0xC6, 0xDF, 0xFF, 0xB6, 0x7E, 0xFF, 0xAE, 0x1E, 0xFF, 0xAE, 0x5E, 0xFF, 0xAE, 0x5F, 0xFF,
  0x5B, 0x91, 0xFF, 0x32, 0x08, 0xE1, 0xEF, 0x7D, 0x12, 0xFF, 0xFF, 0x00, 0xFF, 0xFF, 0x00, 0xFF, 0xFF, 0x00,
  0xFF, 0xFF, 0x00, 0xFF, 0xFF, 0x00, 0xFF, 0xFF, 0x00, 0xFF, 0xFF, 0x00, 0xFF, 0xFF, 0x00, 0xFF, 0xFF, 0x00,
  0xFF, 0xFF, 0x00, 0xFF, 0xFF, 0x00, 0xFF, 0xFF, 0x00, 0xBE, 0x18, 0x46, 0x29, 0xE8, 0xFD, 0xBE, 0x5D, 0xFF,
  0xCE, 0xDF, 0xFF, 0xC6, 0xDF, 0xFF, 0xC6, 0xDF, 0xFF, 0xC6, 0xDF, 0xFF, 0xC6, 0xDF, 0xFF, 0xC6, 0xDF, 0xFF,
  0xC6, 0xDF, 0xFF, 0xC6, 0xDF, 0xFF, 0xC6, 0xDF, 0xFF, 0xC6, 0xDF, 0xFF, 0xC6, 0xDF, 0xFF, 0xC6, 0xDF, 0xFF,
  0xC6, 0xDF, 0xFF, 0xC6, 0xDF, 0xFF, 0xC6, 0xDF, 0xFF, 0xC6, 0xDF, 0xFF, 0xC6, 0xDF, 0xFF, 0xC6, 0xDF, 0xFF,
  0xC6, 0xDF, 0xFF, 0xC6, 0xDF, 0xFF, 0xC6, 0xDF, 0xFF, 0xC6, 0xDF, 0xFF, 0xC6, 0xDF, 0xFF, 0xC6, 0xDF, 0xFF,
  0xC6, 0xDF, 0xFF, 0xC6, 0xDF, 0xFF, 0xC6, 0xDF, 0xFF, 0xC6, 0xDF, 0xFF, 0xC6, 0xDF, 0xFF, 0xC6, 0xDF, 0xFF,
  0xC6, 0xDF, 0xFF, 0xC6, 0xDF, 0xFF, 0xC6, 0xDF, 0xFF, 0xC6, 0xDF, 0xFF, 0xC6, 0xDF, 0xFF, 0xC6, 0xDF, 0xFF,
  0xBE, 0x9F, 0xFF, 0xB6, 0x7F, 0xFF, 0xAE, 0x5F, 0xFF, 0xAE, 0x3E, 0xFF, 0x8D, 0x59, 0xFF, 0x42, 0xCD, 0xFF,
  0x29, 0xC7, 0xE7, 0xCE, 0x7A, 0x36, 0xFF, 0xFF, 0x00, 0xFF, 0xFF, 0x00, 0xFF, 0xFF, 0x00, 0xFF, 0xFF, 0x00,
  0xFF, 0xFF, 0x00, 0xFF, 0xFF, 0x00, 0xFF, 0xFF, 0x00, 0xFF, 0xFF, 0x00, 0xFF, 0xFF, 0x00, 0xFF, 0xFF, 0x00,
  0xFF, 0xFF, 0x00, 0xFF, 0xFF, 0x00, 0xFF, 0xFF, 0x00, 0x6B, 0x8E, 0xA2, 0x5B, 0x90, 0xFF, 0xCF, 0x1F, 0xFF,
  0xC6, 0xDF, 0xFF, 0xC6, 0xDF, 0xFF, 0xC6, 0xDF, 0xFF, 0xC6, 0xDF, 0xFF, 0xC6, 0xDF, 0xFF, 0xC6, 0xDF, 0xFF,
  0xC6, 0xDF, 0xFF, 0xC6, 0xDF, 0xFF, 0xC6, 0xDF, 0xFF, 0xC6, 0xDF, 0xFF, 0xC6, 0xDF, 0xFF, 0xC6, 0xDF, 0xFF,
  0xC6, 0xDF, 0xFF, 0xC6, 0xDF, 0xFF, 0xC6, 0xDF, 0xFF, 0xC6, 0xDF, 0xFF, 0xC6, 0xDF, 0xFF, 0xC6, 0xDF, 0xFF,
  0xC6, 0xDF, 0xFF, 0xC6, 0xDF, 0xFF, 0xC6, 0xDF, 0xFF, 0xC6, 0xDF, 0xFF, 0xC6, 0xDF, 0xFF, 0xC6, 0xDF, 0xFF,
  0xC6, 0xDF, 0xFF, 0xC6, 0xDF, 0xFF, 0xC6, 0xDF, 0xFF, 0xC6, 0xDF, 0xFF, 0xC6, 0xDF, 0xFF, 0xC6, 0xDF, 0xFF,
  0xC6, 0xDF, 0xFF, 0xC6, 0xDF, 0xFF, 0xC6, 0xDF, 0xFF, 0xC6, 0xDF, 0xFF, 0xBE, 0x9F, 0xFF, 0xB6, 0x5E, 0xFF,
  0xAE, 0x3E, 0xFF, 0x84, 0xD7, 0xFF, 0x53, 0x4F, 0xFF, 0x32, 0x2A, 0xFF, 0x29, 0xC7, 0xF5, 0x63, 0x6E, 0xA4,
  0xE7, 0x1C, 0x20, 0xFF, 0xFF, 0x00, 0xFF, 0xFF, 0x00, 0xFF, 0xFF, 0x00, 0xFF, 0xFF, 0x00, 0xFF, 0xFF, 0x00,
  0xFF, 0xFF, 0x00, 0xFF, 0xFF, 0x00, 0xFF, 0xFF, 0x00, 0xFF, 0xFF, 0x00, 0xFF, 0xFF, 0x00, 0xFF, 0xFF, 0x00,
  0xFF, 0xFF, 0x00, 0xFF, 0xFF, 0x00, 0xFF, 0xFF, 0x01, 0x42, 0x8A, 0xD0, 0x8C, 0xF6, 0xFF, 0xCE, 0xFF, 0xFF,
  0xC6, 0xDF, 0xFF, 0xC6, 0xDF, 0xFF, 0xC6, 0xDF, 0xFF, 0xC6, 0xDF, 0xFF, 0xC6, 0xDF, 0xFF, 0xC6, 0xDF, 0xFF,
  0xC6, 0xDF, 0xFF, 0xC6, 0xDF, 0xFF, 0xC6, 0xDF, 0xFF, 0xC6, 0xDF, 0xFF, 0xC6, 0xDF, 0xFF, 0xC6, 0xDF, 0xFF,
  0xC6, 0xDF, 0xFF, 0xC6, 0xDF, 0xFF, 0xC6, 0xDF, 0xFF, 0xC6, 0xDF, 0xFF, 0xC6, 0xDF, 0xFF, 0xC6, 0xDF, 0xFF,
  0xC6, 0xDF, 0xFF, 0xC6, 0xDF, 0xFF, 0xC6, 0xDF, 0xFF, 0xC6, 0xDF, 0xFF, 0xC6, 0xDF, 0xFF, 0xC6, 0xDF, 0xFF,
  0xC6, 0xDF, 0xFF, 0xC6, 0xDF, 0xFF, 0xC6, 0xDF, 0xFF, 0xC6, 0xDF, 0xFF, 0xC6, 0xDF, 0xFF, 0xC6, 0xDF, 0xFF,
  0xC6, 0xDF, 0xFF, 0xC6, 0xBF, 0xFF, 0xBE, 0x7E, 0xFF, 0xAE, 0x3E, 0xFF, 0xAE, 0x1D, 0xFF, 0xA6, 0x1D, 0xFF,
  0xAE, 0x3E, 0xFF, 0x3A, 0x6B, 0xFF, 0x4A, 0xCB, 0xBB, 0xA5, 0x55, 0x5E, 0xDF, 0x1C, 0x22, 0xFF, 0xFF, 0x00,
  0xFF, 0xFF, 0x00, 0xFF, 0xFF, 0x00, 0xFF, 0xFF, 0x00, 0xFF, 0xFF, 0x00, 0xFF, 0xFF, 0x00, 0xFF, 0xFF, 0x00,
  0xFF, 0xFF, 0x00, 0xFF, 0xFF, 0x00, 0xFF, 0xFF, 0x00, 0xFF, 0xFF, 0x00, 0xFF, 0xFF, 0x00, 0xFF, 0xFF, 0x00,
  0xFF, 0xFF, 0x00, 0xFF, 0xFF, 0x00, 0xF7, 0xDF, 0x07, 0x3A, 0x49, 0xDC, 0x9D, 0x58, 0xFF, 0xCE, 0xFF, 0xFF,
  0xC6, 0xDF, 0xFF, 0xC6, 0xDF, 0xFF, 0xC6, 0xDF, 0xFF, 0xC6, 0xDF, 0xFF, 0xC6, 0xDF, 0xFF, 0xC6, 0xDF, 0xFF,
  0xC6, 0xDF, 0xFF, 0xC6, 0xDF, 0xFF, 0xC6, 0xDF, 0xFF, 0xC6, 0xDF, 0xFF, 0xC6, 0xDF, 0xFF, 0xC6, 0xDF, 0xFF,
  0xC6, 0xDF, 0xFF, 0xC6, 0xDF, 0xFF, 0xC6, 0xDF, 0xFF, 0xC6, 0xDF, 0xFF, 0xC6, 0xDF, 0xFF, 0xC6, 0xDF, 0xFF,
  0xC6, 0xDF, 0xFF, 0xC6, 0xDF, 0xFF, 0xC6, 0xDF, 0xFF, 0xC6, 0xDF, 0xFF, 0xC6, 0xDF, 0xFF, 0xC6, 0xDF, 0xFF,
  0xC6, 0xDF, 0xFF, 0xC6, 0xDF, 0xFF, 0xC6, 0xDF, 0xFF, 0xC6, 0xBF, 0xFF, 0xBE, 0x9F, 0xFF, 0xB6, 0x7E, 0xFF,
  0xAE, 0x5E, 0xFF, 0xAE, 0x1D, 0xFF, 0xA6, 0x1D, 0xFF, 0xA6, 0x1D, 0xFF, 0xAE, 0x1D, 0xFF, 0xAE, 0x3E, 0xFF,
  0xAE, 0x3E, 0xFF, 0x32, 0x2A, 0xFF, 0xB5, 0xD7, 0x4E, 0xFF, 0xFF, 0x00, 0xFF, 0xFF, 0x00, 0xFF, 0xFF, 0x00,
  0xFF, 0xFF, 0x00, 0xFF, 0xFF, 0x00, 0xFF, 0xFF, 0x00, 0xFF, 0xFF, 0x00, 0xFF, 0xFF, 0x00, 0xFF, 0xFF, 0x00,
  0xFF, 0xFF, 0x00, 0xFF, 0xFF, 0x00, 0xFF, 0xFF, 0x00, 0xFF, 0xFF, 0x00, 0xFF, 0xFF, 0x00, 0xFF, 0xFF, 0x00,
  0xFF, 0xFF, 0x00, 0xFF, 0xFF, 0x00, 0xFF, 0xFF, 0x00, 0x42, 0x8A, 0xCE, 0x8C, 0xD6, 0xFF, 0xCF, 0x1F, 0xFF,
  0xC6, 0xDF, 0xFF, 0xC6, 0xDF, 0xFF, 0xC6, 0xDF, 0xFF, 0xC6, 0xDF, 0xFF, 0xC6, 0xDF, 0xFF, 0xC6, 0xDF, 0xFF,
  0xC6, 0xDF, 0xFF, 0xC6, 0xDF, 0xFF, 0xC6, 0xDF, 0xFF, 0xC6, 0xDF, 0xFF, 0xC6, 0xDF, 0xFF, 0xC6, 0xDF, 0xFF,
  0xC6, 0xDF, 0xFF, 0xC6, 0xDF, 0xFF, 0xC6, 0xDF, 0xFF, 0xC6, 0xDF, 0xFF, 0xC6, 0xDF, 0xFF, 0xC6, 0xDF, 0xFF,
  0xC6, 0xDF, 0xFF, 0xC6, 0xDF, 0xFF, 0xC6, 0xDF, 0xFF, 0xC6, 0xDF, 0xFF, 0xC6, 0xBF, 0xFF, 0xC6, 0xBF, 0xFF,
  0xBE, 0x9F, 0xFF, 0xB6, 0x7E, 0xFF, 0xB6, 0x5E, 0xFF, 0xAE, 0x3E, 0xFF, 0xA6, 0x1D, 0xFF, 0xA6, 0x1D, 0xFF,
  0xA6, 0x1D, 0xFF, 0xAE, 0x1D, 0xFF, 0xAE, 0x1D, 0xFF, 0xAE, 0x1D, 0xFF, 0xAE, 0x1D, 0xFF, 0xAE, 0x3E, 0xFF,
  0x9D, 0xDC, 0xFF, 0x29, 0xC8, 0xFF, 0xCE, 0x9A, 0x34, 0xFF, 0xFF, 0x00, 0xFF, 0xFF, 0x00, 0xFF, 0xFF, 0x00,
  0xFF, 0xFF, 0x00, 0xFF, 0xFF, 0x00, 0xFF, 0xFF, 0x00, 0xFF, 0xFF, 0x00, 0xFF, 0xFF, 0x00, 0xFF, 0xFF, 0x00,
  0xFF, 0xFF, 0x00, 0xFF, 0xFF, 0x00, 0xFF, 0xFF, 0x00, 0xFF, 0xFF, 0x00, 0xFF, 0xFF, 0x00, 0xFF, 0xFF, 0x00,
  0xFF, 0xFF, 0x00, 0xFF, 0xFF, 0x00, 0xFF, 0xFF, 0x00, 0x73, 0xCF, 0x99, 0x4B, 0x0E, 0xFF, 0xBE, 0xBF, 0xFF,
  0xBE, 0x9E, 0xFF, 0xBE, 0x9F, 0xFF, 0xC6, 0xBF, 0xFF, 0xC6, 0xBF, 0xFF, 0xC6, 0xBF, 0xFF, 0xC6, 0xBF, 0xFF,
  0xC6, 0xDF, 0xFF, 0xC6, 0xDF, 0xFF, 0xC6, 0xDF, 0xFF, 0xC6, 0xDF, 0xFF, 0xC6, 0xDF, 0xFF, 0xC6, 0xDF, 0xFF,
  0xC6, 0xBF, 0xFF, 0xC6, 0xBF, 0xFF, 0xC6, 0xBF, 0xFF, 0xC6, 0xBF, 0xFF, 0xC6, 0xBF, 0xFF, 0xBE, 0x9F, 0xFF,
  0xBE, 0x9E, 0xFF, 0xB6, 0x7E, 0xFF, 0xB6, 0x5E, 0xFF, 0xAE, 0x5E, 0xFF, 0xAE, 0x3E, 0xFF, 0xAE, 0x1D, 0xFF,
  0xA6, 0x1D, 0xFF, 0xA6, 0x1D, 0xFF, 0xA6, 0x1D, 0xFF, 0xAE, 0x1D, 0xFF, 0xAE, 0x1D, 0xFF, 0xAE, 0x1D, 0xFF,
  0xAE, 0x1D, 0xFF, 0xAE, 0x1D, 0xFF, 0xAE, 0x1D, 0xFF, 0xAE, 0x1D, 0xFF, 0xAE, 0x1D, 0xFF, 0xAE, 0x5E, 0xFF,
  0x7C, 0x96, 0xFF, 0x32, 0x28, 0xE1, 0xF7, 0xBE, 0x0A, 0xFF, 0xFF, 0x00, 0xFF, 0xFF, 0x00, 0xFF, 0xFF, 0x00,
  0xFF, 0xFF, 0x00, 0xFF, 0xFF, 0x00, 0xFF, 0xFF, 0x00, 0xFF, 0xFF, 0x00, 0xFF, 0xFF, 0x00, 0xFF, 0xFF, 0x00,
  0xFF, 0xFF, 0x00, 0xFF, 0xFF, 0x00, 0xFF, 0xFF, 0x00, 0xFF, 0xFF, 0x00, 0xFF, 0xFF, 0x00, 0xFF, 0xFF, 0x00,
  0xFF, 0xFF, 0x00, 0xFF, 0xFF, 0x00, 0xFF, 0xFF, 0x00, 0xCE, 0x79, 0x36, 0x21, 0x86, 0xFE, 0x8D, 0x39, 0xFF,
  0xAE, 0x5F, 0xFF, 0xA6, 0x1D, 0xFF, 0xAE, 0x1D, 0xFF, 0xAE, 0x3E, 0xFF, 0xAE, 0x3E, 0xFF, 0xAE, 0x3E, 0xFF,
  0xAE, 0x3E, 0xFF, 0xAE, 0x3E, 0xFF, 0xAE, 0x5E, 0xFF, 0xB6, 0x7F, 0xFF, 0xAE, 0x3E, 0xFF, 0xAE, 0x3E, 0xFF,
  0xAE, 0x3E, 0xFF, 0xAE, 0x3E, 0xFF, 0xAE, 0x3E, 0xFF, 0xAE, 0x3E, 0xFF, 0xAE, 0x1D, 0xFF, 0xA6, 0x1D, 0xFF,
  0xA6, 0x1D, 0xFF, 0xA6, 0x1D, 0xFF, 0xA6, 0x1D, 0xFF, 0xA6, 0x1D, 0xFF, 0xA6, 0x1D, 0xFF, 0xAE, 0x1D, 0xFF,
  0xAE, 0x5E, 0xFF, 0xAE, 0x3E, 0xFF, 0xAE, 0x1D, 0xFF, 0xAE, 0x1D, 0xFF, 0xAE, 0x1D, 0xFF, 0xAE, 0x1D, 0xFF,
  0xAE, 0x1D, 0xFF, 0xAE, 0x1D, 0xFF, 0xAE, 0x1D, 0xFF, 0xAE, 0x1D, 0xFF, 0xAE, 0x3E, 0xFF, 0xAE, 0x3E, 0xFF,
  0x3A, 0x6B, 0xFF, 0x84, 0x51, 0x88, 0xFF, 0xFF, 0x00, 0xFF, 0xFF, 0x00, 0xFF, 0xFF, 0x00, 0xFF, 0xFF, 0x00,
  0xFF, 0xFF, 0x00, 0xFF, 0xFF, 0x00, 0xFF, 0xFF, 0x00, 0xFF, 0xFF, 0x00, 0xFF, 0xFF, 0x00, 0xFF, 0xFF, 0x00,
  0xFF, 0xFF, 0x00, 0xFF, 0xFF, 0x00, 0xFF, 0xFF, 0x00, 0xFF, 0xFF, 0x00, 0xFF, 0xFF, 0x00, 0xFF, 0xFF, 0x00,
  0xFF, 0xFF, 0x00, 0xFF, 0xFF, 0x00, 0xFF, 0xFF, 0x00, 0xFF, 0xFF, 0x00, 0x84, 0x51, 0x89, 0x21, 0xA8, 0xFF,
  0x8D, 0x39, 0xFF, 0xB6, 0x5F, 0xFF, 0xAE, 0x5E, 0xFF, 0xAE, 0x3E, 0xFF, 0xAE, 0x3E, 0xFF, 0xAE, 0x3E, 0xFF,
  0xAE, 0x5E, 0xFF, 0xAE, 0x5F, 0xFF, 0xA5, 0xDC, 0xFF, 0x8D, 0x18, 0xFF, 0xAE, 0x3E, 0xFF, 0xA6, 0x1D, 0xFF,
  0xA6, 0x1D, 0xFF, 0xA6, 0x1D, 0xFF, 0xAE, 0x1D, 0xFF, 0xAE, 0x1D, 0xFF, 0xAE, 0x1D, 0xFF, 0xAE, 0x1D, 0xFF,
  0xAE, 0x1D, 0xFF, 0xAE, 0x1D, 0xFF, 0xAE, 0x1D, 0xFF, 0xAE, 0x1D, 0xFF, 0xAE, 0x1E, 0xFF, 0xAE, 0x1D, 0xFF,
  0x84, 0xD7, 0xFF, 0xA5, 0xFC, 0xFF, 0xAE, 0x5E, 0xFF, 0xAE, 0x1E, 0xFF, 0xAE, 0x1D, 0xFF, 0xAE, 0x1D, 0xFF,
  0xAE, 0x1D, 0xFF, 0xAE, 0x1D, 0xFF, 0xAE, 0x1D, 0xFF, 0xAE, 0x3E, 0xFF, 0xB6, 0x7F, 0xFF, 0x63, 0xD2, 0xFF,
  0x31, 0xE8, 0xE5, 0xEF, 0x7D, 0x15, 0xFF, 0xFF, 0x00, 0xFF, 0xFF, 0x00, 0xFF, 0xFF, 0x00, 0xFF, 0xFF, 0x00,
  0xFF, 0xFF, 0x00, 0xFF, 0xFF, 0x00, 0xFF, 0xFF, 0x00, 0xFF, 0xFF, 0x00, 0xFF, 0xFF, 0x00, 0xFF, 0xFF, 0x00,
  0xFF, 0xFF, 0x00, 0xFF, 0xFF, 0x00, 0xFF, 0xFF, 0x00, 0xFF, 0xFF, 0x00, 0xFF, 0xFF, 0x00, 0xFF, 0xFF, 0x00,
  0xFF, 0xFF, 0x00, 0xFF, 0xFF, 0x00, 0xFF, 0xFF, 0x00, 0xFF, 0xFF, 0x00, 0xFF, 0xFF, 0x00, 0x84, 0x51, 0x8A,
  0x21, 0x86, 0xFE, 0x4B, 0x0E, 0xFF, 0x7C, 0x96, 0xFF, 0x8D, 0x39, 0xFF, 0x95, 0x5A, 0xFF, 0x8D, 0x39, 0xFF,
  0x7C, 0x96, 0xFF, 0x53, 0x70, 0xFF, 0x29, 0xE9, 0xFF, 0x19, 0x45, 0xFF, 0x84, 0xD7, 0xFF, 0xAE, 0x5F, 0xFF,
  0xAE, 0x1D, 0xFF, 0xAE, 0x1D, 0xFF, 0xAE, 0x1D, 0xFF, 0xAE, 0x1D, 0xFF, 0xAE, 0x1D, 0xFF, 0xAE, 0x1D, 0xFF,
  0xAE, 0x1D, 0xFF, 0xAE, 0x1D, 0xFF, 0xAE, 0x1D, 0xFF, 0xAE, 0x1D, 0xFF, 0xAE, 0x5F, 0xFF, 0x7C, 0xB6, 0xFF,
  0x11, 0x24, 0xFF, 0x32, 0x2A, 0xFF, 0x84, 0xF8, 0xFF, 0xAE, 0x3E, 0xFF, 0xAE, 0x5F, 0xFF, 0xAE, 0x5E, 0xFF,
  0xAE, 0x5E, 0xFF, 0xAE, 0x5E, 0xFF, 0xAE, 0x5F, 0xFF, 0xA5, 0xFD, 0xFF, 0x5B, 0x91, 0xFF, 0x21, 0x86, 0xF4,
  0xC6, 0x38, 0x42, 0xFF, 0xFF, 0x00, 0xFF, 0xFF, 0x00, 0xFF, 0xFF, 0x00, 0xFF, 0xFF, 0x00, 0xFF, 0xFF, 0x00,
  0xFF, 0xFF, 0x00, 0xFF, 0xFF, 0x00, 0xFF, 0xFF, 0x00, 0xFF, 0xFF, 0x00, 0xFF, 0xFF, 0x00, 0xFF, 0xFF, 0x00,
  0xFF, 0xFF, 0x00, 0xFF, 0xFF, 0x00, 0xFF, 0xFF, 0x00, 0xFF, 0xFF, 0x00, 0xFF, 0xFF, 0x00, 0xFF, 0xFF, 0x00,
  0xFF, 0xFF, 0x00, 0xFF, 0xFF, 0x00, 0xFF, 0xFF, 0x00, 0xFF, 0xFF, 0x00, 0xFF, 0xFF, 0x00, 0xFF, 0xFF, 0x00,
  0xCE, 0x79, 0x3A, 0x6B, 0xAE, 0x9E, 0x3A, 0x49, 0xD6, 0x31, 0xE8, 0xED, 0x29, 0xE8, 0xF2, 0x32, 0x08, 0xEB,
  0x3A, 0x69, 0xD4, 0x63, 0x6D, 0xA5, 0xB5, 0xD7, 0x50, 0x8C, 0xB2, 0x79, 0x21, 0xA7, 0xFF, 0x9D, 0x9B, 0xFF,
  0xAE, 0x5E, 0xFF, 0xAE, 0x1D, 0xFF, 0xAE, 0x1D, 0xFF, 0xAE, 0x1D, 0xFF, 0xAE, 0x1D, 0xFF, 0xAE, 0x1D, 0xFF,
  0xAE, 0x1D, 0xFF, 0xAE, 0x1D, 0xFF, 0xAE, 0x1D, 0xFF, 0xAE, 0x5E, 0xFF, 0x95, 0x7A, 0xFF, 0x21, 0xA7, 0xFF,
  0x94, 0xD3, 0x72, 0x84, 0x51, 0x86, 0x21, 0xA7, 0xF4, 0x3A, 0x6B, 0xFF, 0x63, 0xF2, 0xFF, 0x7C, 0xB7, 0xFF,
  0x84, 0xF8, 0xFF, 0x7C, 0x96, 0xFF, 0x5B, 0x70, 0xFF, 0x29, 0xC8, 0xFF, 0x42, 0x69, 0xCE, 0xCE, 0x79, 0x38,
  0xFF, 0xFF, 0x00, 0xFF, 0xFF, 0x00, 0xFF, 0xFF, 0x00, 0xFF, 0xFF, 0x00, 0xFF, 0xFF, 0x00, 0xFF, 0xFF, 0x00,
  0xFF, 0xFF, 0x00, 0xFF, 0xFF, 0x00, 0xFF, 0xFF, 0x00, 0xFF, 0xFF, 0x00, 0xFF, 0xFF, 0x00, 0xFF, 0xFF, 0x00,
  0xFF, 0xFF, 0x00, 0xFF, 0xFF, 0x00, 0xFF, 0xFF, 0x00, 0xFF, 0xFF, 0x00, 0xFF, 0xFF, 0x00, 0xFF, 0xFF, 0x00,
  0xFF, 0xFF, 0x00, 0xFF, 0xFF, 0x00, 0xFF, 0xFF, 0x00, 0xFF, 0xFF, 0x00, 0xFF, 0xFF, 0x00, 0xFF, 0xFF, 0x00,
  0xFF, 0xFF, 0x00, 0xFF, 0xFF, 0x00, 0xFF, 0xDF, 0x05, 0xEF, 0x5D, 0x15, 0xE7, 0x3C, 0x1B, 0xEF, 0x7D, 0x13,
  0xFF, 0xDF, 0x04, 0xFF, 0xFF, 0x00, 0xFF, 0xFF, 0x00, 0xFF, 0xFF, 0x00, 0x6B, 0x8E, 0xA2, 0x29, 0xE9, 0xFF,
  0x9D, 0xBB, 0xFF, 0xAE, 0x5F, 0xFF, 0xAE, 0x1E, 0xFF, 0xAE, 0x1D, 0xFF, 0xAE, 0x1D, 0xFF, 0xAE, 0x1D, 0xFF,
  0xAE, 0x1D, 0xFF, 0xAE, 0x3E, 0xFF, 0xAE, 0x5F, 0xFF, 0x95, 0x9A, 0xFF, 0x29, 0xC8, 0xFF, 0x73, 0xEF, 0x95,
  0xFF, 0xFF, 0x00, 0xFF, 0xFF, 0x00, 0xDE, 0xFB, 0x24, 0x8C, 0x92, 0x7A, 0x52, 0xEB, 0xBC, 0x3A, 0x29, 0xDC,
  0x32, 0x08, 0xE4, 0x3A, 0x49, 0xD7, 0x5B, 0x4D, 0xAC, 0xAD, 0x76, 0x59, 0xFF, 0xDF, 0x06, 0xFF, 0xFF, 0x00,
  0xFF, 0xFF, 0x00, 0xFF, 0xFF, 0x00, 0xFF, 0xFF, 0x00, 0xFF, 0xFF, 0x00, 0xFF, 0xFF, 0x00, 0xFF, 0xFF, 0x00,
  0xFF, 0xFF, 0x00, 0xFF, 0xFF, 0x00, 0xFF, 0xFF, 0x00, 0xFF, 0xFF, 0x00, 0xFF, 0xFF, 0x00, 0xFF, 0xFF, 0x00,
  0xFF, 0xFF, 0x00, 0xFF, 0xFF, 0x00, 0xFF, 0xFF, 0x00, 0xFF, 0xFF, 0x00, 0xFF, 0xFF, 0x00, 0xFF, 0xFF, 0x00,
  0xFF, 0xFF, 0x00, 0xFF, 0xFF, 0x00, 0xFF, 0xFF, 0x00, 0xFF, 0xFF, 0x00, 0xFF, 0xFF, 0x00, 0xFF, 0xFF, 0x00,
  0xFF, 0xFF, 0x00, 0xFF, 0xFF, 0x00, 0xFF, 0xFF, 0x00, 0xFF, 0xFF, 0x00, 0xFF, 0xFF, 0x00, 0xFF, 0xFF, 0x00,
  0xFF, 0xFF, 0x00, 0xFF, 0xFF, 0x00, 0xFF, 0xFF, 0x00, 0xFF, 0xFF, 0x00, 0xFF, 0xFF, 0x01, 0x63, 0x8E, 0xA4,
  0x21, 0xA8, 0xFF, 0x7C, 0xB6, 0xFF, 0xAE, 0x5E, 0xFF, 0xAE, 0x5F, 0xFF, 0xAE, 0x5E, 0xFF, 0xAE, 0x5E, 0xFF,
  0xAE, 0x5F, 0xFF, 0xAE, 0x3E, 0xFF, 0x7C, 0x96, 0xFF, 0x21, 0xA7, 0xFF, 0x73, 0xCF, 0x98, 0xFF, 0xFF, 0x00,
  0xFF, 0xFF, 0x00, 0xFF, 0xFF, 0x00, 0xFF, 0xFF, 0x00, 0xFF, 0xFF, 0x00, 0xFF, 0xFF, 0x00, 0xF7, 0xBE, 0x08,
  0xF7, 0x9E, 0x0D, 0xFF, 0xDF, 0x05, 0xFF, 0xFF, 0x00, 0xFF, 0xFF, 0x00, 0xFF, 0xFF, 0x00, 0xFF, 0xFF, 0x00,
  0xFF, 0xFF, 0x00, 0xFF, 0xFF, 0x00, 0xFF, 0xFF, 0x00, 0xFF, 0xFF, 0x00, 0xFF, 0xFF, 0x00, 0xFF, 0xFF, 0x00,
  0xFF, 0xFF, 0x00, 0xFF, 0xFF, 0x00, 0xFF, 0xFF, 0x00, 0xFF, 0xFF, 0x00, 0xFF, 0xFF, 0x00, 0xFF, 0xFF, 0x00,
  0xFF, 0xFF, 0x00, 0xFF, 0xFF, 0x00, 0xFF, 0xFF, 0x00, 0xFF, 0xFF, 0x00, 0xFF, 0xFF, 0x00, 0xFF, 0xFF, 0x00,
  0xFF, 0xFF, 0x00, 0xFF, 0xFF, 0x00, 0xFF, 0xFF, 0x00, 0xFF, 0xFF, 0x00, 0xFF, 0xFF, 0x00, 0xFF, 0xFF, 0x00,
  0xFF, 0xFF, 0x00, 0xFF, 0xFF, 0x00, 0xFF, 0xFF, 0x00, 0xFF, 0xFF, 0x00, 0xFF, 0xFF, 0x00, 0xFF, 0xFF, 0x00,
  0xFF, 0xFF, 0x00, 0xFF, 0xFF, 0x00, 0xFF, 0xFF, 0x00, 0xFF, 0xFF, 0x00, 0xFF, 0xFF, 0x00, 0xFF, 0xFF, 0x00,
  0x94, 0xD3, 0x74, 0x29, 0xA7, 0xEF, 0x3A, 0x6B, 0xFF, 0x6C, 0x34, 0xFF, 0x8D, 0x18, 0xFF, 0x8D, 0x18, 0xFF,
  0x6C, 0x34, 0xFF, 0x3A, 0x6B, 0xFF, 0x29, 0xC7, 0xEC, 0x9D, 0x14, 0x6B, 0xFF, 0xFF, 0x00, 0xFF, 0xFF, 0x00,
  0xFF, 0xFF, 0x00, 0xFF, 0xFF, 0x00, 0xFF, 0xFF, 0x00, 0xFF, 0xFF, 0x00, 0xFF, 0xFF, 0x00, 0xFF, 0xFF, 0x00,
  0xFF, 0xFF, 0x00, 0xFF, 0xFF, 0x00, 0xFF, 0xFF, 0x00, 0xFF, 0xFF, 0x00, 0xFF, 0xFF, 0x00, 0xFF, 0xFF, 0x00,
  0xFF, 0xFF, 0x00, 0xFF, 0xFF, 0x00, 0xFF, 0xFF, 0x00, 0xFF, 0xFF, 0x00, 0xFF, 0xFF, 0x00, 0xFF, 0xFF, 0x00,
  0xFF, 0xFF, 0x00, 0xFF, 0xFF, 0x00, 0xFF, 0xFF, 0x00, 0xFF, 0xFF, 0x00, 0xFF, 0xFF, 0x00, 0xFF, 0xFF, 0x00,
  0xFF, 0xFF, 0x00, 0xFF, 0xFF, 0x00, 0xFF, 0xFF, 0x00, 0xFF, 0xFF, 0x00, 0xFF, 0xFF, 0x00, 0xFF, 0xFF, 0x00,
  0xFF, 0xFF, 0x00, 0xFF, 0xFF, 0x00, 0xFF, 0xFF, 0x00, 0xFF, 0xFF, 0x00, 0xFF, 0xFF, 0x00, 0xFF, 0xFF, 0x00,
  0xFF, 0xFF, 0x00, 0xFF, 0xFF, 0x00, 0xFF, 0xFF, 0x00, 0xFF, 0xFF, 0x00, 0xFF, 0xFF, 0x00, 0xFF, 0xFF, 0x00,
  0xFF, 0xFF, 0x00, 0xFF, 0xFF, 0x00, 0xFF, 0xFF, 0x00, 0xFF, 0xFF, 0x00, 0xFF, 0xFF, 0x00, 0xFF, 0xFF, 0x00,
  0xFF, 0xFF, 0x00, 0xE7, 0x1C, 0x1F, 0x84, 0x71, 0x7F, 0x4A, 0xAA, 0xC6, 0x29, 0xE8, 0xE6, 0x29, 0xE7, 0xE7,
  0x4A, 0xAA, 0xC8, 0x8C, 0x72, 0x7E, 0xE7, 0x3C, 0x1C, 0xFF, 0xFF, 0x00, 0xFF, 0xFF, 0x00, 0xFF, 0xFF, 0x00,
  0xFF, 0xFF, 0x00, 0xFF, 0xFF, 0x00, 0xFF, 0xFF, 0x00, 0xFF, 0xFF, 0x00, 0xFF, 0xFF, 0x00, 0xFF, 0xFF, 0x00,
  0xFF, 0xFF, 0x00, 0xFF, 0xFF, 0x00, 0xFF, 0xFF, 0x00, 0xFF, 0xFF, 0x00, 0xFF, 0xFF, 0x00, 0xFF, 0xFF, 0x00,
  0xFF, 0xFF, 0x00, 0xFF, 0xFF, 0x00, 0xFF, 0xFF, 0x00, 0xFF, 0xFF, 0x00, 0xFF, 0xFF, 0x00, 0xFF, 0xFF, 0x00,
  0xFF, 0xFF, 0x00, 0xFF, 0xFF, 0x00, 0xFF, 0xFF, 0x00, 0xFF, 0xFF, 0x00, 0xFF, 0xFF, 0x00, 0xFF, 0xFF, 0x00,
  0xFF, 0xFF, 0x00, 0xFF, 0xFF, 0x00, 0xFF, 0xFF, 0x00, 0xFF, 0xFF, 0x00, 0xFF, 0xFF, 0x00, 0xFF, 0xFF, 0x00,
  0x00, 0x00, 0x00, 0x00, 0x00, 0x00, 0x00, 0x00, 0x00, 0x00, 0x00, 0x00, 0x00, 0x00, 0x00, 0x00, 0x00, 0x00,
  0x00, 0x00, 0x00, 0x00, 0x00, 0x00, 0x00, 0x00, 0x00, 0x00, 0x00, 0x00, 0x00, 0x00, 0x00, 0x00, 0x00, 0x00,
  0x00, 0x00, 0x00, 0x00, 0x00, 0x00, 0x00, 0x00, 0x00, 0x00, 0x00, 0x00, 0x00, 0x00, 0x00, 0x00, 0x00, 0x00,
  0x00, 0x00, 0x00, 0x00, 0x00, 0x00, 0x00, 0x00, 0x00, 0x00, 0x00, 0x00, 0x00, 0x00, 0x00, 0x00, 0x00, 0x00,
  0x00, 0x00, 0x00, 0x00, 0x00, 0x00, 0x00, 0x00, 0x00, 0x00, 0x00, 0x00, 0x00, 0x00, 0x00, 0x00, 0x00, 0x00,
  0x00, 0x00, 0x00, 0x00, 0x00, 0x00, 0x00, 0x00, 0x00, 0x00, 0x00, 0x00, 0x00, 0x00, 0x00, 0x00, 0x00, 0x00,
  0x00, 0x00, 0x00, 0x00, 0x00, 0x00, 0x00, 0x00, 0x00, 0x00, 0x00, 0x00, 0x00, 0x00, 0x00, 0x00, 0x00, 0x00,
  0x00, 0x00, 0x00, 0x00, 0x00, 0x00, 0x00, 0x00, 0x00, 0x00, 0x00, 0x00, 0x00, 0x00, 0x00, 0x00, 0x00, 0x00,
  0x00, 0x00, 0x00, 0x00, 0x00, 0x00, 0x00, 0x00, 0x00, 0x00, 0x00, 0x00, 0x00, 0x00, 0x00, 0x00, 0x00, 0x00,
  0x00, 0x00, 0x00, 0x00, 0x00, 0x00, 0x00, 0x00, 0x00, 0x00, 0x00, 0x00, 0x00, 0x00, 0x00, 0x00, 0x00, 0x00,
};
const uint32_t image_weather_night_map_len = sizeof(image_weather_night_map);

const lv_img_dsc_t image_weather_night = {
  .header = {
    .cf = LV_IMG_CF_TRUE_COLOR_ALPHA,
    .always_zero = 0,
    .reserved = 0,
    .w = 60,
    .h = 60,
  },
  .data_size = image_weather_night_map_len,
  .data = image_weather_night_map,
};

